
===== fp_pose screw_unscrew_bottle_cap__36 gpu=6 2026-08-27 22:51:45 =====
[fp_pose] CUDA_VISIBLE_DEVICES=6 local_gpu=0
[fp_pose] frame_plan object_0: 配准帧 12 -> 22
[__init__()] self.cfg: 
 lr: 0.0001
c_in: 6
zfar: 'Infinity'
debug: null
n_view: 1
run_id: 3wy8qqex
use_BN: true
exp_name: 2024-01-11-20-02-45
n_epochs: 62
save_dir: /home/bowenw/debug/2024-01-11-20-02-45/
use_mask: false
loss_type: pairwise_valid
optimizer: adam
batch_size: 64
crop_ratio: 1.1
enable_amp: true
use_normal: false
max_num_key: null
warmup_step: -1
input_resize:
- 160
- 160
max_step_val: 1000
vis_interval: 1000
weight_decay: 0
normalize_xyz: true
resume_run_id: null
clip_grad_norm: 'Infinity'
lr_epoch_decay: 500
render_backend: nvdiffrast
train_num_pair: 5
lr_decay_epochs:
- 50
n_epochs_warmup: 1
make_pair_online: false
gradient_max_norm: 'Infinity'
max_step_per_epoch: 10000
n_rendering_workers: 1
save_epoch_interval: 100
n_dataloader_workers: 100
split_objects_across_gpus: true
ckpt_dir: /home/yanghong/Reconstruct_and_Retarget/third_party/FoundationPose/learning/training/../../weights/2024-01-11-20-02-45/model_best.pth

[__init__()] self.h5_file:None
[__init__()] Using pretrained model from /home/yanghong/Reconstruct_and_Retarget/third_party/FoundationPose/learning/training/../../weights/2024-01-11-20-02-45/model_best.pth
[__init__()] init done
[__init__()] welcome
[__init__()] self.cfg: 
 lr: 0.0001
c_in: 6
zfar: .inf
debug: null
w_rot: 0.1
n_view: 1
run_id: null
use_BN: true
rot_rep: axis_angle
ckpt_dir: /home/yanghong/Reconstruct_and_Retarget/third_party/FoundationPose/learning/training/../../weights/2023-10-28-18-33-37/model_best.pth
exp_name: 2023-10-28-18-33-37
save_dir: /tmp/2023-10-28-18-33-37/
loss_type: l2
optimizer: adam
trans_rep: tracknet
batch_size: 64
crop_ratio: 1.2
use_normal: false
BN_momentum: 0.1
max_num_key: null
warmup_step: -1
input_resize:
- 160
- 160
max_step_val: 1000
normal_uint8: false
vis_interval: 1000
weight_decay: 0
n_max_objects: null
normalize_xyz: true
clip_grad_norm: 'Infinity'
rot_normalizer: 0.3490658503988659
trans_normalizer:
- 0.019999999552965164
- 0.019999999552965164
- 0.05000000074505806
max_step_per_epoch: 25000
val_epoch_interval: 10
n_dataloader_workers: 60
enable_amp: true
use_mask: false

[__init__()] self.h5_file:
[__init__()] Using pretrained model from /home/yanghong/Reconstruct_and_Retarget/third_party/FoundationPose/learning/training/../../weights/2023-10-28-18-33-37/model_best.pth
[__init__()] init done
[reset_object()] self.diameter:0.20152234828537405, vox_size:0.010076117414268702
[reset_object()] self.pts:torch.Size([135, 3])
[reset_object()] reset done
[make_rotation_grid()] cam_in_obs:(42, 4, 4)
[make_rotation_grid()] rot_grid:(252, 4, 4)
[make_rotation_grid()] after cluster, rot_grid:(252, 4, 4)
[make_rotation_grid()] self.rot_grid: torch.Size([252, 4, 4])
[register()] Welcome
[register()] poses:(252, 4, 4)
[register()] after viewpoint, add_errs min:-1.0
/home/yanghong/miniconda3/envs/biv2ap/lib/python3.10/site-packages/torch/__init__.py:1323: UserWarning: torch.set_default_tensor_type() is deprecated as of PyTorch 2.1, please use torch.set_default_dtype() and torch.set_default_device() as alternatives. (Triggered internally at /pytorch/torch/csrc/tensor/python_tensor.cpp:434.)
  _C._set_default_tensor_type(t)
[predict()] ob_in_cams:(252, 4, 4)
[predict()] self.cfg.use_normal:False
[predict()] trans_normalizer:[0.019999999552965164, 0.019999999552965164, 0.05000000074505806], rot_normalizer:0.3490658503988659
[predict()] making cropped data
[make_crop_data_batch()] Welcome make_crop_data_batch
[make_crop_data_batch()] make tf_to_crops done
[make_crop_data_batch()] render done
[make_crop_data_batch()] warp done
[make_crop_data_batch()] pose batch data done
[predict()] forward start
/home/yanghong/Reconstruct_and_Retarget/third_party/FoundationPose/learning/training/predict_pose_refine.py:190: FutureWarning: `torch.cuda.amp.autocast(args...)` is deprecated. Please use `torch.amp.autocast('cuda', args...)` instead.
  with torch.cuda.amp.autocast(enabled=self.amp):
[predict()] forward done
[predict()] making cropped data
[make_crop_data_batch()] Welcome make_crop_data_batch
[make_crop_data_batch()] make tf_to_crops done
[make_crop_data_batch()] render done
[make_crop_data_batch()] warp done
[make_crop_data_batch()] pose batch data done
[predict()] forward start
[predict()] forward done
[predict()] making cropped data
[make_crop_data_batch()] Welcome make_crop_data_batch
[make_crop_data_batch()] make tf_to_crops done
[make_crop_data_batch()] render done
[make_crop_data_batch()] warp done
[make_crop_data_batch()] pose batch data done
[predict()] forward start
[predict()] forward done
[predict()] making cropped data
[make_crop_data_batch()] Welcome make_crop_data_batch
[make_crop_data_batch()] make tf_to_crops done
[make_crop_data_batch()] render done
[make_crop_data_batch()] warp done
[make_crop_data_batch()] pose batch data done
[predict()] forward start
[predict()] forward done
[predict()] making cropped data
[make_crop_data_batch()] Welcome make_crop_data_batch
[make_crop_data_batch()] make tf_to_crops done
[make_crop_data_batch()] render done
[make_crop_data_batch()] warp done
[make_crop_data_batch()] pose batch data done
[predict()] forward start
[predict()] forward done
[predict()] ob_in_cams:(252, 4, 4)
[predict()] self.cfg.use_normal:False
[predict()] making cropped data
[make_crop_data_batch()] Welcome make_crop_data_batch
[make_crop_data_batch()] make tf_to_crops done
[make_crop_data_batch()] render done
Warp 1.14.0 initialized:
   CUDA Toolkit 12.9, Driver 13.0
   Devices:
     "cpu"      : "x86_64"
     "cuda:0"   : "NVIDIA RTX A6000" (47 GiB, sm_86, mempool enabled)
   Kernel cache:
     /home/yanghong/.cache/warp/1.14.0
Module Utils f1d1490 load on device 'cuda:0' took 1.94 ms  (cached)
Traceback (most recent call last):
  File "/home/yanghong/Reconstruct_and_Retarget/ego_pipeline/Reconstruction/recon_pipeline/fp_pose/run_sequence.py", line 156, in <module>
    raise SystemExit(main())
  File "/home/yanghong/Reconstruct_and_Retarget/ego_pipeline/Reconstruction/recon_pipeline/fp_pose/run_sequence.py", line 139, in main
    run_fp_pose(
  File "/home/yanghong/Reconstruct_and_Retarget/ego_pipeline/Reconstruction/recon_pipeline/fp_pose/run_sequence.py", line 89, in run_fp_pose
    meta = run_fp_pp_track(
  File "/home/yanghong/Reconstruct_and_Retarget/ego_pipeline/Reconstruction/recon_pipeline/fp_pose/fp_common.py", line 397, in run_fp_pp_track
    meta_i = _run_fp_pp_track_one(
  File "/home/yanghong/Reconstruct_and_Retarget/ego_pipeline/Reconstruction/recon_pipeline/fp_pose/fp_common.py", line 290, in _run_fp_pp_track_one
    est.register(k_mat, rgb_anchor, depth_anchor, mask_anchor > 0, iteration=register_iters),
  File "/home/yanghong/Reconstruct_and_Retarget/third_party/FoundationPose/estimater.py", line 219, in register
    scores, vis = self.scorer.predict(mesh=self.mesh, rgb=rgb, depth=depth, K=K, ob_in_cams=poses.data.cpu().numpy(), normal_map=normal_map, mesh_tensors=self.mesh_tensors, glctx=self.glctx, mesh_diameter=self.diameter, get_vis=self.debug>=2)
  File "/home/yanghong/miniconda3/envs/biv2ap/lib/python3.10/site-packages/torch/utils/_contextlib.py", line 124, in decorate_context
    return func(*args, **kwargs)
  File "/home/yanghong/Reconstruct_and_Retarget/third_party/FoundationPose/learning/training/predict_score.py", line 180, in predict
    pose_data = make_crop_data_batch(self.cfg.input_resize, ob_in_cams, mesh, rgb, depth, K, crop_ratio=self.cfg['crop_ratio'], glctx=glctx, mesh_tensors=mesh_tensors, dataset=self.dataset, cfg=self.cfg, mesh_diameter=mesh_diameter)
  File "/home/yanghong/miniconda3/envs/biv2ap/lib/python3.10/site-packages/torch/utils/_contextlib.py", line 124, in decorate_context
    return func(*args, **kwargs)
  File "/home/yanghong/Reconstruct_and_Retarget/third_party/FoundationPose/learning/training/predict_score.py", line 110, in make_crop_data_batch
    pose_data = dataset.transform_batch(pose_data, H_ori=H, W_ori=W, bound=1)
  File "/home/yanghong/Reconstruct_and_Retarget/third_party/FoundationPose/learning/datasets/h5_dataset.py", line 178, in transform_batch
    batch = self.transform_depth_to_xyzmap(batch, H_ori, W_ori, bound=bound)
  File "/home/yanghong/Reconstruct_and_Retarget/third_party/FoundationPose/learning/datasets/h5_dataset.py", line 159, in transform_depth_to_xyzmap
    depthBs_ori = kornia.geometry.transform.warp_perspective(batch.depthBs.cuda().expand(bs,-1,-1,-1), crop_to_oris, dsize=(H_ori, W_ori), mode='nearest', align_corners=False)
  File "/home/yanghong/miniconda3/envs/biv2ap/lib/python3.10/site-packages/kornia/geometry/transform/imgwarp.py", line 144, in warp_perspective
    grid = transform_points(src_norm_trans_dst_norm[:, None, None], grid)
  File "/home/yanghong/miniconda3/envs/biv2ap/lib/python3.10/site-packages/kornia/geometry/linalg.py", line 223, in transform_points
    points_0_h = torch.bmm(points_1_h, trans_01.permute(0, 2, 1))
torch.OutOfMemoryError: CUDA out of memory. Tried to allocate 5.84 GiB. GPU 0 has a total capacity of 47.40 GiB of which 312.94 MiB is free. Process 2317413 has 16.51 GiB memory in use. Process 2318332 has 16.51 GiB memory in use. Including non-PyTorch memory, this process has 14.04 GiB memory in use. Of the allocated memory 10.67 GiB is allocated by PyTorch, and 1.24 GiB is reserved by PyTorch but unallocated. If reserved but unallocated memory is large try setting PYTORCH_CUDA_ALLOC_CONF=expandable_segments:True to avoid fragmentation.  See documentation for Memory Management  (https://docs.pytorch.org/docs/stable/notes/cuda.html#optimizing-memory-usage-with-pytorch-cuda-alloc-conf)
num original candidates = 252
num of pose after clustering: 252
ERROR conda.cli.main_run:execute(148): `conda run python /home/yanghong/Reconstruct_and_Retarget/ego_pipeline/Reconstruction/recon_pipeline/fp_pose/run_sequence.py --dataset egodex_part4 --video-id screw_unscrew_bottle_cap__36 --video /home/yanghong/Reconstruct_and_Retarget/Data/egodex_part4/screw_unscrew_bottle_cap/36.mp4 --force --depth-scale 0.328540 --gpu 0` failed. (See above for error)

===== fp_pose screw_unscrew_bottle_cap__36 gpu=7 2026-08-27 22:52:38 =====
[fp_pose] CUDA_VISIBLE_DEVICES=7 local_gpu=0
[fp_pose] frame_plan object_0: 配准帧 12 -> 22
[__init__()] self.cfg: 
 lr: 0.0001
c_in: 6
zfar: 'Infinity'
debug: null
n_view: 1
run_id: 3wy8qqex
use_BN: true
exp_name: 2024-01-11-20-02-45
n_epochs: 62
save_dir: /home/bowenw/debug/2024-01-11-20-02-45/
use_mask: false
loss_type: pairwise_valid
optimizer: adam
batch_size: 64
crop_ratio: 1.1
enable_amp: true
use_normal: false
max_num_key: null
warmup_step: -1
input_resize:
- 160
- 160
max_step_val: 1000
vis_interval: 1000
weight_decay: 0
normalize_xyz: true
resume_run_id: null
clip_grad_norm: 'Infinity'
lr_epoch_decay: 500
render_backend: nvdiffrast
train_num_pair: 5
lr_decay_epochs:
- 50
n_epochs_warmup: 1
make_pair_online: false
gradient_max_norm: 'Infinity'
max_step_per_epoch: 10000
n_rendering_workers: 1
save_epoch_interval: 100
n_dataloader_workers: 100
split_objects_across_gpus: true
ckpt_dir: /home/yanghong/Reconstruct_and_Retarget/third_party/FoundationPose/learning/training/../../weights/2024-01-11-20-02-45/model_best.pth

[__init__()] self.h5_file:None
[__init__()] Using pretrained model from /home/yanghong/Reconstruct_and_Retarget/third_party/FoundationPose/learning/training/../../weights/2024-01-11-20-02-45/model_best.pth
[__init__()] init done
[__init__()] welcome
[__init__()] self.cfg: 
 lr: 0.0001
c_in: 6
zfar: .inf
debug: null
w_rot: 0.1
n_view: 1
run_id: null
use_BN: true
rot_rep: axis_angle
ckpt_dir: /home/yanghong/Reconstruct_and_Retarget/third_party/FoundationPose/learning/training/../../weights/2023-10-28-18-33-37/model_best.pth
exp_name: 2023-10-28-18-33-37
save_dir: /tmp/2023-10-28-18-33-37/
loss_type: l2
optimizer: adam
trans_rep: tracknet
batch_size: 64
crop_ratio: 1.2
use_normal: false
BN_momentum: 0.1
max_num_key: null
warmup_step: -1
input_resize:
- 160
- 160
max_step_val: 1000
normal_uint8: false
vis_interval: 1000
weight_decay: 0
n_max_objects: null
normalize_xyz: true
clip_grad_norm: 'Infinity'
rot_normalizer: 0.3490658503988659
trans_normalizer:
- 0.019999999552965164
- 0.019999999552965164
- 0.05000000074505806
max_step_per_epoch: 25000
val_epoch_interval: 10
n_dataloader_workers: 60
enable_amp: true
use_mask: false

[__init__()] self.h5_file:
[__init__()] Using pretrained model from /home/yanghong/Reconstruct_and_Retarget/third_party/FoundationPose/learning/training/../../weights/2023-10-28-18-33-37/model_best.pth
[__init__()] init done
[reset_object()] self.diameter:0.2015223554236343, vox_size:0.010076117771181715
[reset_object()] self.pts:torch.Size([135, 3])
[reset_object()] reset done
[make_rotation_grid()] cam_in_obs:(42, 4, 4)
[make_rotation_grid()] rot_grid:(252, 4, 4)
[make_rotation_grid()] after cluster, rot_grid:(252, 4, 4)
[make_rotation_grid()] self.rot_grid: torch.Size([252, 4, 4])
[register()] Welcome
[register()] poses:(252, 4, 4)
[register()] after viewpoint, add_errs min:-1.0
/home/yanghong/miniconda3/envs/biv2ap/lib/python3.10/site-packages/torch/__init__.py:1323: UserWarning: torch.set_default_tensor_type() is deprecated as of PyTorch 2.1, please use torch.set_default_dtype() and torch.set_default_device() as alternatives. (Triggered internally at /pytorch/torch/csrc/tensor/python_tensor.cpp:434.)
  _C._set_default_tensor_type(t)
[predict()] ob_in_cams:(252, 4, 4)
[predict()] self.cfg.use_normal:False
[predict()] trans_normalizer:[0.019999999552965164, 0.019999999552965164, 0.05000000074505806], rot_normalizer:0.3490658503988659
[predict()] making cropped data
[make_crop_data_batch()] Welcome make_crop_data_batch
[make_crop_data_batch()] make tf_to_crops done
[make_crop_data_batch()] render done
[make_crop_data_batch()] warp done
[make_crop_data_batch()] pose batch data done
[predict()] forward start
/home/yanghong/Reconstruct_and_Retarget/third_party/FoundationPose/learning/training/predict_pose_refine.py:190: FutureWarning: `torch.cuda.amp.autocast(args...)` is deprecated. Please use `torch.amp.autocast('cuda', args...)` instead.
  with torch.cuda.amp.autocast(enabled=self.amp):
[predict()] forward done
[predict()] making cropped data
[make_crop_data_batch()] Welcome make_crop_data_batch
[make_crop_data_batch()] make tf_to_crops done
[make_crop_data_batch()] render done
[make_crop_data_batch()] warp done
[make_crop_data_batch()] pose batch data done
[predict()] forward start
[predict()] forward done
[predict()] making cropped data
[make_crop_data_batch()] Welcome make_crop_data_batch
[make_crop_data_batch()] make tf_to_crops done
[make_crop_data_batch()] render done
[make_crop_data_batch()] warp done
[make_crop_data_batch()] pose batch data done
[predict()] forward start
[predict()] forward done
[predict()] making cropped data
[make_crop_data_batch()] Welcome make_crop_data_batch
[make_crop_data_batch()] make tf_to_crops done
[make_crop_data_batch()] render done
[make_crop_data_batch()] warp done
[make_crop_data_batch()] pose batch data done
[predict()] forward start
[predict()] forward done
[predict()] making cropped data
[make_crop_data_batch()] Welcome make_crop_data_batch
[make_crop_data_batch()] make tf_to_crops done
[make_crop_data_batch()] render done
[make_crop_data_batch()] warp done
[make_crop_data_batch()] pose batch data done
[predict()] forward start
[predict()] forward done
[predict()] ob_in_cams:(252, 4, 4)
[predict()] self.cfg.use_normal:False
[predict()] making cropped data
[make_crop_data_batch()] Welcome make_crop_data_batch
[make_crop_data_batch()] make tf_to_crops done
[make_crop_data_batch()] render done
[make_crop_data_batch()] pose batch data done
[find_best_among_pairs()] pose_data.rgbAs.shape[0]: 252
/home/yanghong/Reconstruct_and_Retarget/third_party/FoundationPose/learning/training/predict_score.py:193: FutureWarning: `torch.cuda.amp.autocast(args...)` is deprecated. Please use `torch.amp.autocast('cuda', args...)` instead.
  with torch.cuda.amp.autocast(enabled=self.amp):
[predict()] forward done
[register()] final, add_errs min:-1.0
[register()] sort ids:tensor([ 26,   4,  32,  58,  76, 236, 250,   3,  15,  22,  28,  34,  70,  99,
        100, 106, 182, 183, 188, 238, 244,   9,  21,  33,  41,  47,  51,  63,
         69,  75,  81,  87,  88,  93,  94, 105, 117, 123, 129, 135, 177, 184,
        189, 190, 195, 201, 231, 237, 243, 249,  10,  27, 147, 153, 207, 225,
         57,  82, 154, 171, 196,  16, 148, 202, 208, 104, 219,  56,  68,  86,
         98,  92, 118, 124, 136, 215, 221,  52, 159, 161, 165, 167, 170, 213,
         64, 130, 211, 217,  37,  39,  43,  45, 149, 155, 157, 163, 203, 176,
        209, 224, 230, 144, 156, 162,   6,  60, 115, 150, 192, 242,   0,  12,
         18,  36,  42,  48,  54,  55,  66,  67,  72,  78,  84,  85,  91,  97,
        114, 119, 125, 126, 131, 132, 137, 168, 174, 198, 204, 210, 216, 222,
        228, 246, 102, 120,   2,   8,  20,  49,  53,  61,  74,  90, 103, 121,
        151, 160, 166, 194, 214, 220, 248,   1,  19,  65,  79,  80,  96, 145,
        180, 193, 199, 205, 223, 234,   7,  14,  73, 127, 133, 169, 240, 247,
         13,  24,  40,  46,  50,  62, 116, 146, 175, 186, 229,  30, 122, 128,
        134, 152, 200, 206,  25, 187, 235, 241,  31, 181, 108, 111, 109, 112,
        113, 185, 245,  29, 107, 191, 239,   5,  11,  17,  23,  35,  59,  77,
         83,  89, 227, 251,  38,  44,  71,  95, 101, 158, 164, 173, 179, 197,
        212, 218, 110, 233, 138, 139, 140, 141, 142, 143, 172, 178, 226, 232])
[register()] sorted scores:tensor([132.0938, 132.0625, 132.0625, 132.0625, 132.0625, 132.0625, 132.0625,
        132.0312, 132.0312, 132.0312, 132.0312, 132.0312, 132.0312, 132.0312,
        132.0312, 132.0312, 132.0312, 132.0312, 132.0312, 132.0312, 132.0312,
        132.0000, 132.0000, 132.0000, 132.0000, 132.0000, 132.0000, 132.0000,
        132.0000, 132.0000, 132.0000, 132.0000, 132.0000, 132.0000, 132.0000,
        132.0000, 132.0000, 132.0000, 132.0000, 132.0000, 132.0000, 132.0000,
        132.0000, 132.0000, 132.0000, 132.0000, 132.0000, 132.0000, 132.0000,
        132.0000, 131.9844, 131.9844, 131.9844, 131.9844, 131.9844, 131.9844,
        131.9688, 131.9688, 131.9688, 131.9688, 131.9688, 131.9531, 131.9531,
        131.9531, 131.9531, 131.9375, 131.9375, 131.9219, 131.9219, 131.9219,
        131.9219, 131.9062, 131.9062, 131.9062, 131.9062, 131.9062, 131.9062,
        131.8906, 131.8906, 131.8906, 131.8906, 131.8906, 131.8906, 131.8906,
        131.8750, 131.8750, 131.8750, 131.8750, 131.8594, 131.8594, 131.8594,
        131.8438, 131.8438, 131.8438, 131.8438, 131.8438, 131.8438, 131.8281,
        131.8125, 131.7969, 131.7969, 131.7812, 131.7812, 131.7812, 131.7656,
        131.7656, 131.7656, 131.7656, 131.7656, 131.7656, 131.7500, 131.7500,
        131.7500, 131.7500, 131.7500, 131.7500, 131.7500, 131.7500, 131.7500,
        131.7500, 131.7500, 131.7500, 131.7500, 131.7500, 131.7500, 131.7500,
        131.7500, 131.7500, 131.7500, 131.7500, 131.7500, 131.7500, 131.7500,
        131.7500, 131.7500, 131.7500, 131.7500, 131.7500, 131.7500, 131.7500,
        131.7500, 131.7500, 131.7344, 131.7344, 131.7188, 131.7188, 131.7188,
        131.7188, 131.7188, 131.7188, 131.7188, 131.7188, 131.7188, 131.7188,
        131.7188, 131.7188, 131.7188, 131.7188, 131.7188, 131.7188, 131.7188,
        131.7031, 131.7031, 131.7031, 131.7031, 131.7031, 131.7031, 131.7031,
        131.7031, 131.7031, 131.7031, 131.7031, 131.7031, 131.7031, 131.6875,
        131.6875, 131.6875, 131.6875, 131.6875, 131.6875, 131.6875, 131.6875,
        131.6719, 131.6719, 131.6719, 131.6719, 131.6719, 131.6719, 131.6719,
        131.6719, 131.6719, 131.6719, 131.6719, 131.6562, 131.6562, 131.6562,
        131.6562, 131.6562, 131.6562, 131.6562, 131.6250, 131.6250, 131.6094,
        131.6094, 131.5938, 131.5938, 131.5625, 131.5469, 131.5312, 131.5312,
        131.5156, 131.5156, 131.5156, 131.5000, 131.5000, 131.5000, 131.5000,
        131.4844, 131.4844, 131.4844, 131.4844, 131.4844, 131.4844, 131.4844,
        131.4844, 131.4844, 131.4844, 131.4844, 131.4688, 131.4688, 131.4688,
        131.4688, 131.4688, 131.4688, 131.4688, 131.4688, 131.4688, 131.4688,
        131.4688, 131.4688, 131.4531, 131.4531, 131.4375, 131.4375, 131.4375,
        131.4375, 131.4375, 131.4375, 131.3594, 131.3594, 131.3594, 131.3594])
[track_one()] Welcome
[track_one()] depth processing done
[predict()] ob_in_cams:(1, 4, 4)
[predict()] self.cfg.use_normal:False
[predict()] trans_normalizer:[0.019999999552965164, 0.019999999552965164, 0.05000000074505806], rot_normalizer:0.3490658503988659
[predict()] making cropped data
[make_crop_data_batch()] Welcome make_crop_data_batch
[make_crop_data_batch()] make tf_to_crops done
[make_crop_data_batch()] render done
[make_crop_data_batch()] warp done
[make_crop_data_batch()] pose batch data done
[predict()] forward start
[predict()] forward done
[track_one()] pose done
[track_one()] Welcome
[track_one()] depth processing done
[predict()] ob_in_cams:(1, 4, 4)
[predict()] self.cfg.use_normal:False
[predict()] trans_normalizer:[0.019999999552965164, 0.019999999552965164, 0.05000000074505806], rot_normalizer:0.3490658503988659
[predict()] making cropped data
[make_crop_data_batch()] Welcome make_crop_data_batch
[make_crop_data_batch()] make tf_to_crops done
[make_crop_data_batch()] render done
[make_crop_data_batch()] warp done
[make_crop_data_batch()] pose batch data done
[predict()] forward start
[predict()] forward done
[track_one()] pose done
[track_one()] Welcome
[track_one()] depth processing done
[predict()] ob_in_cams:(1, 4, 4)
[predict()] self.cfg.use_normal:False
[predict()] trans_normalizer:[0.019999999552965164, 0.019999999552965164, 0.05000000074505806], rot_normalizer:0.3490658503988659
[predict()] making cropped data
[make_crop_data_batch()] Welcome make_crop_data_batch
[make_crop_data_batch()] make tf_to_crops done
[make_crop_data_batch()] render done
[make_crop_data_batch()] warp done
[make_crop_data_batch()] pose batch data done
[predict()] forward start
[predict()] forward done
[track_one()] pose done
[track_one()] Welcome
[track_one()] depth processing done
[predict()] ob_in_cams:(1, 4, 4)
[predict()] self.cfg.use_normal:False
[predict()] trans_normalizer:[0.019999999552965164, 0.019999999552965164, 0.05000000074505806], rot_normalizer:0.3490658503988659
[predict()] making cropped data
[make_crop_data_batch()] Welcome make_crop_data_batch
[make_crop_data_batch()] make tf_to_crops done
[make_crop_data_batch()] render done
[make_crop_data_batch()] warp done
[make_crop_data_batch()] pose batch data done
[predict()] forward start
[predict()] forward done
[track_one()] pose done
[track_one()] Welcome
[track_one()] depth processing done
[predict()] ob_in_cams:(1, 4, 4)
[predict()] self.cfg.use_normal:False
[predict()] trans_normalizer:[0.019999999552965164, 0.019999999552965164, 0.05000000074505806], rot_normalizer:0.3490658503988659
[predict()] making cropped data
[make_crop_data_batch()] Welcome make_crop_data_batch
[make_crop_data_batch()] make tf_to_crops done
[make_crop_data_batch()] render done
[make_crop_data_batch()] warp done
[make_crop_data_batch()] pose batch data done
[predict()] forward start
[predict()] forward done
[track_one()] pose done
[track_one()] Welcome
[track_one()] depth processing done
[predict()] ob_in_cams:(1, 4, 4)
[predict()] self.cfg.use_normal:False
[predict()] trans_normalizer:[0.019999999552965164, 0.019999999552965164, 0.05000000074505806], rot_normalizer:0.3490658503988659
[predict()] making cropped data
[make_crop_data_batch()] Welcome make_crop_data_batch
[make_crop_data_batch()] make tf_to_crops done
[make_crop_data_batch()] render done
[make_crop_data_batch()] warp done
[make_crop_data_batch()] pose batch data done
[predict()] forward start
[predict()] forward done
[track_one()] pose done
[track_one()] Welcome
[track_one()] depth processing done
[predict()] ob_in_cams:(1, 4, 4)
[predict()] self.cfg.use_normal:False
[predict()] trans_normalizer:[0.019999999552965164, 0.019999999552965164, 0.05000000074505806], rot_normalizer:0.3490658503988659
[predict()] making cropped data
[make_crop_data_batch()] Welcome make_crop_data_batch
[make_crop_data_batch()] make tf_to_crops done
[make_crop_data_batch()] render done
[make_crop_data_batch()] warp done
[make_crop_data_batch()] pose batch data done
[predict()] forward start
[predict()] forward done
[track_one()] pose done
[track_one()] Welcome
[track_one()] depth processing done
[predict()] ob_in_cams:(1, 4, 4)
[predict()] self.cfg.use_normal:False
[predict()] trans_normalizer:[0.019999999552965164, 0.019999999552965164, 0.05000000074505806], rot_normalizer:0.3490658503988659
[predict()] making cropped data
[make_crop_data_batch()] Welcome make_crop_data_batch
[make_crop_data_batch()] make tf_to_crops done
[make_crop_data_batch()] render done
[make_crop_data_batch()] warp done
[make_crop_data_batch()] pose batch data done
[predict()] forward start
[predict()] forward done
[track_one()] pose done
[track_one()] Welcome
[track_one()] depth processing done
[predict()] ob_in_cams:(1, 4, 4)
[predict()] self.cfg.use_normal:False
[predict()] trans_normalizer:[0.019999999552965164, 0.019999999552965164, 0.05000000074505806], rot_normalizer:0.3490658503988659
[predict()] making cropped data
[make_crop_data_batch()] Welcome make_crop_data_batch
[make_crop_data_batch()] make tf_to_crops done
[make_crop_data_batch()] render done
[make_crop_data_batch()] warp done
[make_crop_data_batch()] pose batch data done
[predict()] forward start
[predict()] forward done
[track_one()] pose done
[track_one()] Welcome
[track_one()] depth processing done
[predict()] ob_in_cams:(1, 4, 4)
[predict()] self.cfg.use_normal:False
[predict()] trans_normalizer:[0.019999999552965164, 0.019999999552965164, 0.05000000074505806], rot_normalizer:0.3490658503988659
[predict()] making cropped data
[make_crop_data_batch()] Welcome make_crop_data_batch
[make_crop_data_batch()] make tf_to_crops done
[make_crop_data_batch()] render done
[make_crop_data_batch()] warp done
[make_crop_data_batch()] pose batch data done
[predict()] forward start
[predict()] forward done
[track_one()] pose done
[track_one()] Welcome
[track_one()] depth processing done
[predict()] ob_in_cams:(1, 4, 4)
[predict()] self.cfg.use_normal:False
[predict()] trans_normalizer:[0.019999999552965164, 0.019999999552965164, 0.05000000074505806], rot_normalizer:0.3490658503988659
[predict()] making cropped data
[make_crop_data_batch()] Welcome make_crop_data_batch
[make_crop_data_batch()] make tf_to_crops done
[make_crop_data_batch()] render done
[make_crop_data_batch()] warp done
[make_crop_data_batch()] pose batch data done
[predict()] forward start
[predict()] forward done
[track_one()] pose done
[track_one()] Welcome
[track_one()] depth processing done
[predict()] ob_in_cams:(1, 4, 4)
[predict()] self.cfg.use_normal:False
[predict()] trans_normalizer:[0.019999999552965164, 0.019999999552965164, 0.05000000074505806], rot_normalizer:0.3490658503988659
[predict()] making cropped data
[make_crop_data_batch()] Welcome make_crop_data_batch
[make_crop_data_batch()] make tf_to_crops done
[make_crop_data_batch()] render done
[make_crop_data_batch()] warp done
[make_crop_data_batch()] pose batch data done
[predict()] forward start
[predict()] forward done
[track_one()] pose done
[track_one()] Welcome
[track_one()] depth processing done
[predict()] ob_in_cams:(1, 4, 4)
[predict()] self.cfg.use_normal:False
[predict()] trans_normalizer:[0.019999999552965164, 0.019999999552965164, 0.05000000074505806], rot_normalizer:0.3490658503988659
[predict()] making cropped data
[make_crop_data_batch()] Welcome make_crop_data_batch
[make_crop_data_batch()] make tf_to_crops done
[make_crop_data_batch()] render done
[make_crop_data_batch()] warp done
[make_crop_data_batch()] pose batch data done
[predict()] forward start
[predict()] forward done
[track_one()] pose done
[track_one()] Welcome
[track_one()] depth processing done
[predict()] ob_in_cams:(1, 4, 4)
[predict()] self.cfg.use_normal:False
[predict()] trans_normalizer:[0.019999999552965164, 0.019999999552965164, 0.05000000074505806], rot_normalizer:0.3490658503988659
[predict()] making cropped data
[make_crop_data_batch()] Welcome make_crop_data_batch
[make_crop_data_batch()] make tf_to_crops done
[make_crop_data_batch()] render done
[make_crop_data_batch()] warp done
[make_crop_data_batch()] pose batch data done
[predict()] forward start
[predict()] forward done
[track_one()] pose done
[track_one()] Welcome
[track_one()] depth processing done
[predict()] ob_in_cams:(1, 4, 4)
[predict()] self.cfg.use_normal:False
[predict()] trans_normalizer:[0.019999999552965164, 0.019999999552965164, 0.05000000074505806], rot_normalizer:0.3490658503988659
[predict()] making cropped data
[make_crop_data_batch()] Welcome make_crop_data_batch
[make_crop_data_batch()] make tf_to_crops done
[make_crop_data_batch()] render done
[make_crop_data_batch()] warp done
[make_crop_data_batch()] pose batch data done
[predict()] forward start
[predict()] forward done
[track_one()] pose done
[track_one()] Welcome
[track_one()] depth processing done
[predict()] ob_in_cams:(1, 4, 4)
[predict()] self.cfg.use_normal:False
[predict()] trans_normalizer:[0.019999999552965164, 0.019999999552965164, 0.05000000074505806], rot_normalizer:0.3490658503988659
[predict()] making cropped data
[make_crop_data_batch()] Welcome make_crop_data_batch
[make_crop_data_batch()] make tf_to_crops done
[make_crop_data_batch()] render done
[make_crop_data_batch()] warp done
[make_crop_data_batch()] pose batch data done
[predict()] forward start
[predict()] forward done
[track_one()] pose done
[track_one()] Welcome
[track_one()] depth processing done
[predict()] ob_in_cams:(1, 4, 4)
[predict()] self.cfg.use_normal:False
[predict()] trans_normalizer:[0.019999999552965164, 0.019999999552965164, 0.05000000074505806], rot_normalizer:0.3490658503988659
[predict()] making cropped data
[make_crop_data_batch()] Welcome make_crop_data_batch
[make_crop_data_batch()] make tf_to_crops done
[make_crop_data_batch()] render done
[make_crop_data_batch()] warp done
[make_crop_data_batch()] pose batch data done
[predict()] forward start
[predict()] forward done
[track_one()] pose done
[track_one()] Welcome
[track_one()] depth processing done
[predict()] ob_in_cams:(1, 4, 4)
[predict()] self.cfg.use_normal:False
[predict()] trans_normalizer:[0.019999999552965164, 0.019999999552965164, 0.05000000074505806], rot_normalizer:0.3490658503988659
[predict()] making cropped data
[make_crop_data_batch()] Welcome make_crop_data_batch
[make_crop_data_batch()] make tf_to_crops done
[make_crop_data_batch()] render done
[make_crop_data_batch()] warp done
[make_crop_data_batch()] pose batch data done
[predict()] forward start
[predict()] forward done
[track_one()] pose done
[track_one()] Welcome
[track_one()] depth processing done
[predict()] ob_in_cams:(1, 4, 4)
[predict()] self.cfg.use_normal:False
[predict()] trans_normalizer:[0.019999999552965164, 0.019999999552965164, 0.05000000074505806], rot_normalizer:0.3490658503988659
[predict()] making cropped data
[make_crop_data_batch()] Welcome make_crop_data_batch
[make_crop_data_batch()] make tf_to_crops done
[make_crop_data_batch()] render done
[make_crop_data_batch()] warp done
[make_crop_data_batch()] pose batch data done
[predict()] forward start
[predict()] forward done
[track_one()] pose done
[track_one()] Welcome
[track_one()] depth processing done
[predict()] ob_in_cams:(1, 4, 4)
[predict()] self.cfg.use_normal:False
[predict()] trans_normalizer:[0.019999999552965164, 0.019999999552965164, 0.05000000074505806], rot_normalizer:0.3490658503988659
[predict()] making cropped data
[make_crop_data_batch()] Welcome make_crop_data_batch
[make_crop_data_batch()] make tf_to_crops done
[make_crop_data_batch()] render done
[make_crop_data_batch()] warp done
[make_crop_data_batch()] pose batch data done
[predict()] forward start
[predict()] forward done
[track_one()] pose done
[track_one()] Welcome
[track_one()] depth processing done
[predict()] ob_in_cams:(1, 4, 4)
[predict()] self.cfg.use_normal:False
[predict()] trans_normalizer:[0.019999999552965164, 0.019999999552965164, 0.05000000074505806], rot_normalizer:0.3490658503988659
[predict()] making cropped data
[make_crop_data_batch()] Welcome make_crop_data_batch
[make_crop_data_batch()] make tf_to_crops done
[make_crop_data_batch()] render done
[make_crop_data_batch()] warp done
[make_crop_data_batch()] pose batch data done
[predict()] forward start
[predict()] forward done
[track_one()] pose done
[track_one()] Welcome
[track_one()] depth processing done
[predict()] ob_in_cams:(1, 4, 4)
[predict()] self.cfg.use_normal:False
[predict()] trans_normalizer:[0.019999999552965164, 0.019999999552965164, 0.05000000074505806], rot_normalizer:0.3490658503988659
[predict()] making cropped data
[make_crop_data_batch()] Welcome make_crop_data_batch
[make_crop_data_batch()] make tf_to_crops done
[make_crop_data_batch()] render done
[make_crop_data_batch()] warp done
[make_crop_data_batch()] pose batch data done
[predict()] forward start
[predict()] forward done
[track_one()] pose done
[track_one()] Welcome
[track_one()] depth processing done
[predict()] ob_in_cams:(1, 4, 4)
[predict()] self.cfg.use_normal:False
[predict()] trans_normalizer:[0.019999999552965164, 0.019999999552965164, 0.05000000074505806], rot_normalizer:0.3490658503988659
[predict()] making cropped data
[make_crop_data_batch()] Welcome make_crop_data_batch
[make_crop_data_batch()] make tf_to_crops done
[make_crop_data_batch()] render done
[make_crop_data_batch()] warp done
[make_crop_data_batch()] pose batch data done
[predict()] forward start
[predict()] forward done
[track_one()] pose done
[track_one()] Welcome
[track_one()] depth processing done
[predict()] ob_in_cams:(1, 4, 4)
[predict()] self.cfg.use_normal:False
[predict()] trans_normalizer:[0.019999999552965164, 0.019999999552965164, 0.05000000074505806], rot_normalizer:0.3490658503988659
[predict()] making cropped data
[make_crop_data_batch()] Welcome make_crop_data_batch
[make_crop_data_batch()] make tf_to_crops done
[make_crop_data_batch()] render done
[make_crop_data_batch()] warp done
[make_crop_data_batch()] pose batch data done
[predict()] forward start
[predict()] forward done
[track_one()] pose done
[track_one()] Welcome
[track_one()] depth processing done
[predict()] ob_in_cams:(1, 4, 4)
[predict()] self.cfg.use_normal:False
[predict()] trans_normalizer:[0.019999999552965164, 0.019999999552965164, 0.05000000074505806], rot_normalizer:0.3490658503988659
[predict()] making cropped data
[make_crop_data_batch()] Welcome make_crop_data_batch
[make_crop_data_batch()] make tf_to_crops done
[make_crop_data_batch()] render done
[make_crop_data_batch()] warp done
[make_crop_data_batch()] pose batch data done
[predict()] forward start
[predict()] forward done
[track_one()] pose done
[track_one()] Welcome
[track_one()] depth processing done
[predict()] ob_in_cams:(1, 4, 4)
[predict()] self.cfg.use_normal:False
[predict()] trans_normalizer:[0.019999999552965164, 0.019999999552965164, 0.05000000074505806], rot_normalizer:0.3490658503988659
[predict()] making cropped data
[make_crop_data_batch()] Welcome make_crop_data_batch
[make_crop_data_batch()] make tf_to_crops done
[make_crop_data_batch()] render done
[make_crop_data_batch()] warp done
[make_crop_data_batch()] pose batch data done
[predict()] forward start
[predict()] forward done
[track_one()] pose done
[track_one()] Welcome
[track_one()] depth processing done
[predict()] ob_in_cams:(1, 4, 4)
[predict()] self.cfg.use_normal:False
[predict()] trans_normalizer:[0.019999999552965164, 0.019999999552965164, 0.05000000074505806], rot_normalizer:0.3490658503988659
[predict()] making cropped data
[make_crop_data_batch()] Welcome make_crop_data_batch
[make_crop_data_batch()] make tf_to_crops done
[make_crop_data_batch()] render done
[make_crop_data_batch()] warp done
[make_crop_data_batch()] pose batch data done
[predict()] forward start
[predict()] forward done
[track_one()] pose done
[track_one()] Welcome
[track_one()] depth processing done
[predict()] ob_in_cams:(1, 4, 4)
[predict()] self.cfg.use_normal:False
[predict()] trans_normalizer:[0.019999999552965164, 0.019999999552965164, 0.05000000074505806], rot_normalizer:0.3490658503988659
[predict()] making cropped data
[make_crop_data_batch()] Welcome make_crop_data_batch
[make_crop_data_batch()] make tf_to_crops done
[make_crop_data_batch()] render done
[make_crop_data_batch()] warp done
[make_crop_data_batch()] pose batch data done
[predict()] forward start
[predict()] forward done
[track_one()] pose done
[track_one()] Welcome
[track_one()] depth processing done
[predict()] ob_in_cams:(1, 4, 4)
[predict()] self.cfg.use_normal:False
[predict()] trans_normalizer:[0.019999999552965164, 0.019999999552965164, 0.05000000074505806], rot_normalizer:0.3490658503988659
[predict()] making cropped data
[make_crop_data_batch()] Welcome make_crop_data_batch
[make_crop_data_batch()] make tf_to_crops done
[make_crop_data_batch()] render done
[make_crop_data_batch()] warp done
[make_crop_data_batch()] pose batch data done
[predict()] forward start
[predict()] forward done
[track_one()] pose done
[track_one()] Welcome
[track_one()] depth processing done
[predict()] ob_in_cams:(1, 4, 4)
[predict()] self.cfg.use_normal:False
[predict()] trans_normalizer:[0.019999999552965164, 0.019999999552965164, 0.05000000074505806], rot_normalizer:0.3490658503988659
[predict()] making cropped data
[make_crop_data_batch()] Welcome make_crop_data_batch
[make_crop_data_batch()] make tf_to_crops done
[make_crop_data_batch()] render done
[make_crop_data_batch()] warp done
[make_crop_data_batch()] pose batch data done
[predict()] forward start
[predict()] forward done
[track_one()] pose done
[track_one()] Welcome
[track_one()] depth processing done
[predict()] ob_in_cams:(1, 4, 4)
[predict()] self.cfg.use_normal:False
[predict()] trans_normalizer:[0.019999999552965164, 0.019999999552965164, 0.05000000074505806], rot_normalizer:0.3490658503988659
[predict()] making cropped data
[make_crop_data_batch()] Welcome make_crop_data_batch
[make_crop_data_batch()] make tf_to_crops done
[make_crop_data_batch()] render done
[make_crop_data_batch()] warp done
[make_crop_data_batch()] pose batch data done
[predict()] forward start
[predict()] forward done
[track_one()] pose done
[track_one()] Welcome
[track_one()] depth processing done
[predict()] ob_in_cams:(1, 4, 4)
[predict()] self.cfg.use_normal:False
[predict()] trans_normalizer:[0.019999999552965164, 0.019999999552965164, 0.05000000074505806], rot_normalizer:0.3490658503988659
[predict()] making cropped data
[make_crop_data_batch()] Welcome make_crop_data_batch
[make_crop_data_batch()] make tf_to_crops done
[make_crop_data_batch()] render done
[make_crop_data_batch()] warp done
[make_crop_data_batch()] pose batch data done
[predict()] forward start
[predict()] forward done
[track_one()] pose done
[track_one()] Welcome
[track_one()] depth processing done
[predict()] ob_in_cams:(1, 4, 4)
[predict()] self.cfg.use_normal:False
[predict()] trans_normalizer:[0.019999999552965164, 0.019999999552965164, 0.05000000074505806], rot_normalizer:0.3490658503988659
[predict()] making cropped data
[make_crop_data_batch()] Welcome make_crop_data_batch
[make_crop_data_batch()] make tf_to_crops done
[make_crop_data_batch()] render done
[make_crop_data_batch()] warp done
[make_crop_data_batch()] pose batch data done
[predict()] forward start
[predict()] forward done
[track_one()] pose done
[track_one()] Welcome
[track_one()] depth processing done
[predict()] ob_in_cams:(1, 4, 4)
[predict()] self.cfg.use_normal:False
[predict()] trans_normalizer:[0.019999999552965164, 0.019999999552965164, 0.05000000074505806], rot_normalizer:0.3490658503988659
[predict()] making cropped data
[make_crop_data_batch()] Welcome make_crop_data_batch
[make_crop_data_batch()] make tf_to_crops done
[make_crop_data_batch()] render done
[make_crop_data_batch()] warp done
[make_crop_data_batch()] pose batch data done
[predict()] forward start
[predict()] forward done
[track_one()] pose done
[track_one()] Welcome
[track_one()] depth processing done
[predict()] ob_in_cams:(1, 4, 4)
[predict()] self.cfg.use_normal:False
[predict()] trans_normalizer:[0.019999999552965164, 0.019999999552965164, 0.05000000074505806], rot_normalizer:0.3490658503988659
[predict()] making cropped data
[make_crop_data_batch()] Welcome make_crop_data_batch
[make_crop_data_batch()] make tf_to_crops done
[make_crop_data_batch()] render done
[make_crop_data_batch()] warp done
[make_crop_data_batch()] pose batch data done
[predict()] forward start
[predict()] forward done
[track_one()] pose done
[track_one()] Welcome
[track_one()] depth processing done
[predict()] ob_in_cams:(1, 4, 4)
[predict()] self.cfg.use_normal:False
[predict()] trans_normalizer:[0.019999999552965164, 0.019999999552965164, 0.05000000074505806], rot_normalizer:0.3490658503988659
[predict()] making cropped data
[make_crop_data_batch()] Welcome make_crop_data_batch
[make_crop_data_batch()] make tf_to_crops done
[make_crop_data_batch()] render done
[make_crop_data_batch()] warp done
[make_crop_data_batch()] pose batch data done
[predict()] forward start
[predict()] forward done
[track_one()] pose done
[track_one()] Welcome
[track_one()] depth processing done
[predict()] ob_in_cams:(1, 4, 4)
[predict()] self.cfg.use_normal:False
[predict()] trans_normalizer:[0.019999999552965164, 0.019999999552965164, 0.05000000074505806], rot_normalizer:0.3490658503988659
[predict()] making cropped data
[make_crop_data_batch()] Welcome make_crop_data_batch
[make_crop_data_batch()] make tf_to_crops done
[make_crop_data_batch()] render done
[make_crop_data_batch()] warp done
[make_crop_data_batch()] pose batch data done
[predict()] forward start
[predict()] forward done
[track_one()] pose done
[track_one()] Welcome
[track_one()] depth processing done
[predict()] ob_in_cams:(1, 4, 4)
[predict()] self.cfg.use_normal:False
[predict()] trans_normalizer:[0.019999999552965164, 0.019999999552965164, 0.05000000074505806], rot_normalizer:0.3490658503988659
[predict()] making cropped data
[make_crop_data_batch()] Welcome make_crop_data_batch
[make_crop_data_batch()] make tf_to_crops done
[make_crop_data_batch()] render done
[make_crop_data_batch()] warp done
[make_crop_data_batch()] pose batch data done
[predict()] forward start
[predict()] forward done
[track_one()] pose done
[track_one()] Welcome
[track_one()] depth processing done
[predict()] ob_in_cams:(1, 4, 4)
[predict()] self.cfg.use_normal:False
[predict()] trans_normalizer:[0.019999999552965164, 0.019999999552965164, 0.05000000074505806], rot_normalizer:0.3490658503988659
[predict()] making cropped data
[make_crop_data_batch()] Welcome make_crop_data_batch
[make_crop_data_batch()] make tf_to_crops done
[make_crop_data_batch()] render done
[make_crop_data_batch()] warp done
[make_crop_data_batch()] pose batch data done
[predict()] forward start
[predict()] forward done
[track_one()] pose done
[track_one()] Welcome
[track_one()] depth processing done
[predict()] ob_in_cams:(1, 4, 4)
[predict()] self.cfg.use_normal:False
[predict()] trans_normalizer:[0.019999999552965164, 0.019999999552965164, 0.05000000074505806], rot_normalizer:0.3490658503988659
[predict()] making cropped data
[make_crop_data_batch()] Welcome make_crop_data_batch
[make_crop_data_batch()] make tf_to_crops done
[make_crop_data_batch()] render done
[make_crop_data_batch()] warp done
[make_crop_data_batch()] pose batch data done
[predict()] forward start
[predict()] forward done
[track_one()] pose done
[track_one()] Welcome
[track_one()] depth processing done
[predict()] ob_in_cams:(1, 4, 4)
[predict()] self.cfg.use_normal:False
[predict()] trans_normalizer:[0.019999999552965164, 0.019999999552965164, 0.05000000074505806], rot_normalizer:0.3490658503988659
[predict()] making cropped data
[make_crop_data_batch()] Welcome make_crop_data_batch
[make_crop_data_batch()] make tf_to_crops done
[make_crop_data_batch()] render done
[make_crop_data_batch()] warp done
[make_crop_data_batch()] pose batch data done
[predict()] forward start
[predict()] forward done
[track_one()] pose done
[track_one()] Welcome
[track_one()] depth processing done
[predict()] ob_in_cams:(1, 4, 4)
[predict()] self.cfg.use_normal:False
[predict()] trans_normalizer:[0.019999999552965164, 0.019999999552965164, 0.05000000074505806], rot_normalizer:0.3490658503988659
[predict()] making cropped data
[make_crop_data_batch()] Welcome make_crop_data_batch
[make_crop_data_batch()] make tf_to_crops done
[make_crop_data_batch()] render done
[make_crop_data_batch()] warp done
[make_crop_data_batch()] pose batch data done
[predict()] forward start
[predict()] forward done
[track_one()] pose done
[track_one()] Welcome
[track_one()] depth processing done
[predict()] ob_in_cams:(1, 4, 4)
[predict()] self.cfg.use_normal:False
[predict()] trans_normalizer:[0.019999999552965164, 0.019999999552965164, 0.05000000074505806], rot_normalizer:0.3490658503988659
[predict()] making cropped data
[make_crop_data_batch()] Welcome make_crop_data_batch
[make_crop_data_batch()] make tf_to_crops done
[make_crop_data_batch()] render done
[make_crop_data_batch()] warp done
[make_crop_data_batch()] pose batch data done
[predict()] forward start
[predict()] forward done
[track_one()] pose done
[track_one()] Welcome
[track_one()] depth processing done
[predict()] ob_in_cams:(1, 4, 4)
[predict()] self.cfg.use_normal:False
[predict()] trans_normalizer:[0.019999999552965164, 0.019999999552965164, 0.05000000074505806], rot_normalizer:0.3490658503988659
[predict()] making cropped data
[make_crop_data_batch()] Welcome make_crop_data_batch
[make_crop_data_batch()] make tf_to_crops done
[make_crop_data_batch()] render done
[make_crop_data_batch()] warp done
[make_crop_data_batch()] pose batch data done
[predict()] forward start
[predict()] forward done
[track_one()] pose done
[track_one()] Welcome
[track_one()] depth processing done
[predict()] ob_in_cams:(1, 4, 4)
[predict()] self.cfg.use_normal:False
[predict()] trans_normalizer:[0.019999999552965164, 0.019999999552965164, 0.05000000074505806], rot_normalizer:0.3490658503988659
[predict()] making cropped data
[make_crop_data_batch()] Welcome make_crop_data_batch
[make_crop_data_batch()] make tf_to_crops done
[make_crop_data_batch()] render done
[make_crop_data_batch()] warp done
[make_crop_data_batch()] pose batch data done
[predict()] forward start
[predict()] forward done
[track_one()] pose done
[track_one()] Welcome
[track_one()] depth processing done
[predict()] ob_in_cams:(1, 4, 4)
[predict()] self.cfg.use_normal:False
[predict()] trans_normalizer:[0.019999999552965164, 0.019999999552965164, 0.05000000074505806], rot_normalizer:0.3490658503988659
[predict()] making cropped data
[make_crop_data_batch()] Welcome make_crop_data_batch
[make_crop_data_batch()] make tf_to_crops done
[make_crop_data_batch()] render done
[make_crop_data_batch()] warp done
[make_crop_data_batch()] pose batch data done
[predict()] forward start
[predict()] forward done
[track_one()] pose done
[track_one()] Welcome
[track_one()] depth processing done
[predict()] ob_in_cams:(1, 4, 4)
[predict()] self.cfg.use_normal:False
[predict()] trans_normalizer:[0.019999999552965164, 0.019999999552965164, 0.05000000074505806], rot_normalizer:0.3490658503988659
[predict()] making cropped data
[make_crop_data_batch()] Welcome make_crop_data_batch
[make_crop_data_batch()] make tf_to_crops done
[make_crop_data_batch()] render done
[make_crop_data_batch()] warp done
[make_crop_data_batch()] pose batch data done
[predict()] forward start
[predict()] forward done
[track_one()] pose done
[track_one()] Welcome
[track_one()] depth processing done
[predict()] ob_in_cams:(1, 4, 4)
[predict()] self.cfg.use_normal:False
[predict()] trans_normalizer:[0.019999999552965164, 0.019999999552965164, 0.05000000074505806], rot_normalizer:0.3490658503988659
[predict()] making cropped data
[make_crop_data_batch()] Welcome make_crop_data_batch
[make_crop_data_batch()] make tf_to_crops done
[make_crop_data_batch()] render done
[make_crop_data_batch()] warp done
[make_crop_data_batch()] pose batch data done
[predict()] forward start
[predict()] forward done
[track_one()] pose done
[track_one()] Welcome
[track_one()] depth processing done
[predict()] ob_in_cams:(1, 4, 4)
[predict()] self.cfg.use_normal:False
[predict()] trans_normalizer:[0.019999999552965164, 0.019999999552965164, 0.05000000074505806], rot_normalizer:0.3490658503988659
[predict()] making cropped data
[make_crop_data_batch()] Welcome make_crop_data_batch
[make_crop_data_batch()] make tf_to_crops done
[make_crop_data_batch()] render done
[make_crop_data_batch()] warp done
[make_crop_data_batch()] pose batch data done
[predict()] forward start
[predict()] forward done
[track_one()] pose done
[track_one()] Welcome
[track_one()] depth processing done
[predict()] ob_in_cams:(1, 4, 4)
[predict()] self.cfg.use_normal:False
[predict()] trans_normalizer:[0.019999999552965164, 0.019999999552965164, 0.05000000074505806], rot_normalizer:0.3490658503988659
[predict()] making cropped data
[make_crop_data_batch()] Welcome make_crop_data_batch
[make_crop_data_batch()] make tf_to_crops done
[make_crop_data_batch()] render done
[make_crop_data_batch()] warp done
[make_crop_data_batch()] pose batch data done
[predict()] forward start
[predict()] forward done
[track_one()] pose done
[track_one()] Welcome
[track_one()] depth processing done
[predict()] ob_in_cams:(1, 4, 4)
[predict()] self.cfg.use_normal:False
[predict()] trans_normalizer:[0.019999999552965164, 0.019999999552965164, 0.05000000074505806], rot_normalizer:0.3490658503988659
[predict()] making cropped data
[make_crop_data_batch()] Welcome make_crop_data_batch
[make_crop_data_batch()] make tf_to_crops done
[make_crop_data_batch()] render done
[make_crop_data_batch()] warp done
[make_crop_data_batch()] pose batch data done
[predict()] forward start
[predict()] forward done
[track_one()] pose done
[track_one()] Welcome
[track_one()] depth processing done
[predict()] ob_in_cams:(1, 4, 4)
[predict()] self.cfg.use_normal:False
[predict()] trans_normalizer:[0.019999999552965164, 0.019999999552965164, 0.05000000074505806], rot_normalizer:0.3490658503988659
[predict()] making cropped data
[make_crop_data_batch()] Welcome make_crop_data_batch
[make_crop_data_batch()] make tf_to_crops done
[make_crop_data_batch()] render done
[make_crop_data_batch()] warp done
[make_crop_data_batch()] pose batch data done
[predict()] forward start
[predict()] forward done
[track_one()] pose done
[track_one()] Welcome
[track_one()] depth processing done
[predict()] ob_in_cams:(1, 4, 4)
[predict()] self.cfg.use_normal:False
[predict()] trans_normalizer:[0.019999999552965164, 0.019999999552965164, 0.05000000074505806], rot_normalizer:0.3490658503988659
[predict()] making cropped data
[make_crop_data_batch()] Welcome make_crop_data_batch
[make_crop_data_batch()] make tf_to_crops done
[make_crop_data_batch()] render done
[make_crop_data_batch()] warp done
[make_crop_data_batch()] pose batch data done
[predict()] forward start
[predict()] forward done
[track_one()] pose done
[track_one()] Welcome
[track_one()] depth processing done
[predict()] ob_in_cams:(1, 4, 4)
[predict()] self.cfg.use_normal:False
[predict()] trans_normalizer:[0.019999999552965164, 0.019999999552965164, 0.05000000074505806], rot_normalizer:0.3490658503988659
[predict()] making cropped data
[make_crop_data_batch()] Welcome make_crop_data_batch
[make_crop_data_batch()] make tf_to_crops done
[make_crop_data_batch()] render done
[make_crop_data_batch()] warp done
[make_crop_data_batch()] pose batch data done
[predict()] forward start
[predict()] forward done
[track_one()] pose done
[track_one()] Welcome
[track_one()] depth processing done
[predict()] ob_in_cams:(1, 4, 4)
[predict()] self.cfg.use_normal:False
[predict()] trans_normalizer:[0.019999999552965164, 0.019999999552965164, 0.05000000074505806], rot_normalizer:0.3490658503988659
[predict()] making cropped data
[make_crop_data_batch()] Welcome make_crop_data_batch
[make_crop_data_batch()] make tf_to_crops done
[make_crop_data_batch()] render done
[make_crop_data_batch()] warp done
[make_crop_data_batch()] pose batch data done
[predict()] forward start
[predict()] forward done
[track_one()] pose done
[track_one()] Welcome
[track_one()] depth processing done
[predict()] ob_in_cams:(1, 4, 4)
[predict()] self.cfg.use_normal:False
[predict()] trans_normalizer:[0.019999999552965164, 0.019999999552965164, 0.05000000074505806], rot_normalizer:0.3490658503988659
[predict()] making cropped data
[make_crop_data_batch()] Welcome make_crop_data_batch
[make_crop_data_batch()] make tf_to_crops done
[make_crop_data_batch()] render done
[make_crop_data_batch()] warp done
[make_crop_data_batch()] pose batch data done
[predict()] forward start
[predict()] forward done
[track_one()] pose done
[track_one()] Welcome
[track_one()] depth processing done
[predict()] ob_in_cams:(1, 4, 4)
[predict()] self.cfg.use_normal:False
[predict()] trans_normalizer:[0.019999999552965164, 0.019999999552965164, 0.05000000074505806], rot_normalizer:0.3490658503988659
[predict()] making cropped data
[make_crop_data_batch()] Welcome make_crop_data_batch
[make_crop_data_batch()] make tf_to_crops done
[make_crop_data_batch()] render done
[make_crop_data_batch()] warp done
[make_crop_data_batch()] pose batch data done
[predict()] forward start
[predict()] forward done
[track_one()] pose done
[track_one()] Welcome
[track_one()] depth processing done
[predict()] ob_in_cams:(1, 4, 4)
[predict()] self.cfg.use_normal:False
[predict()] trans_normalizer:[0.019999999552965164, 0.019999999552965164, 0.05000000074505806], rot_normalizer:0.3490658503988659
[predict()] making cropped data
[make_crop_data_batch()] Welcome make_crop_data_batch
[make_crop_data_batch()] make tf_to_crops done
[make_crop_data_batch()] render done
[make_crop_data_batch()] warp done
[make_crop_data_batch()] pose batch data done
[predict()] forward start
[predict()] forward done
[track_one()] pose done
[track_one()] Welcome
[track_one()] depth processing done
[predict()] ob_in_cams:(1, 4, 4)
[predict()] self.cfg.use_normal:False
[predict()] trans_normalizer:[0.019999999552965164, 0.019999999552965164, 0.05000000074505806], rot_normalizer:0.3490658503988659
[predict()] making cropped data
[make_crop_data_batch()] Welcome make_crop_data_batch
[make_crop_data_batch()] make tf_to_crops done
[make_crop_data_batch()] render done
[make_crop_data_batch()] warp done
[make_crop_data_batch()] pose batch data done
[predict()] forward start
[predict()] forward done
[track_one()] pose done
[track_one()] Welcome
[track_one()] depth processing done
[predict()] ob_in_cams:(1, 4, 4)
[predict()] self.cfg.use_normal:False
[predict()] trans_normalizer:[0.019999999552965164, 0.019999999552965164, 0.05000000074505806], rot_normalizer:0.3490658503988659
[predict()] making cropped data
[make_crop_data_batch()] Welcome make_crop_data_batch
[make_crop_data_batch()] make tf_to_crops done
[make_crop_data_batch()] render done
[make_crop_data_batch()] warp done
[make_crop_data_batch()] pose batch data done
[predict()] forward start
[predict()] forward done
[track_one()] pose done
[track_one()] Welcome
[track_one()] depth processing done
[predict()] ob_in_cams:(1, 4, 4)
[predict()] self.cfg.use_normal:False
[predict()] trans_normalizer:[0.019999999552965164, 0.019999999552965164, 0.05000000074505806], rot_normalizer:0.3490658503988659
[predict()] making cropped data
[make_crop_data_batch()] Welcome make_crop_data_batch
[make_crop_data_batch()] make tf_to_crops done
[make_crop_data_batch()] render done
[make_crop_data_batch()] warp done
[make_crop_data_batch()] pose batch data done
[predict()] forward start
[predict()] forward done
[track_one()] pose done
[track_one()] Welcome
[track_one()] depth processing done
[predict()] ob_in_cams:(1, 4, 4)
[predict()] self.cfg.use_normal:False
[predict()] trans_normalizer:[0.019999999552965164, 0.019999999552965164, 0.05000000074505806], rot_normalizer:0.3490658503988659
[predict()] making cropped data
[make_crop_data_batch()] Welcome make_crop_data_batch
[make_crop_data_batch()] make tf_to_crops done
[make_crop_data_batch()] render done
[make_crop_data_batch()] warp done
[make_crop_data_batch()] pose batch data done
[predict()] forward start
[predict()] forward done
[track_one()] pose done
[track_one()] Welcome
[track_one()] depth processing done
[predict()] ob_in_cams:(1, 4, 4)
[predict()] self.cfg.use_normal:False
[predict()] trans_normalizer:[0.019999999552965164, 0.019999999552965164, 0.05000000074505806], rot_normalizer:0.3490658503988659
[predict()] making cropped data
[make_crop_data_batch()] Welcome make_crop_data_batch
[make_crop_data_batch()] make tf_to_crops done
[make_crop_data_batch()] render done
[make_crop_data_batch()] warp done
[make_crop_data_batch()] pose batch data done
[predict()] forward start
[predict()] forward done
[track_one()] pose done
[track_one()] Welcome
[track_one()] depth processing done
[predict()] ob_in_cams:(1, 4, 4)
[predict()] self.cfg.use_normal:False
[predict()] trans_normalizer:[0.019999999552965164, 0.019999999552965164, 0.05000000074505806], rot_normalizer:0.3490658503988659
[predict()] making cropped data
[make_crop_data_batch()] Welcome make_crop_data_batch
[make_crop_data_batch()] make tf_to_crops done
[make_crop_data_batch()] render done
[make_crop_data_batch()] warp done
[make_crop_data_batch()] pose batch data done
[predict()] forward start
[predict()] forward done
[track_one()] pose done
[track_one()] Welcome
[track_one()] depth processing done
[predict()] ob_in_cams:(1, 4, 4)
[predict()] self.cfg.use_normal:False
[predict()] trans_normalizer:[0.019999999552965164, 0.019999999552965164, 0.05000000074505806], rot_normalizer:0.3490658503988659
[predict()] making cropped data
[make_crop_data_batch()] Welcome make_crop_data_batch
[make_crop_data_batch()] make tf_to_crops done
[make_crop_data_batch()] render done
[make_crop_data_batch()] warp done
[make_crop_data_batch()] pose batch data done
[predict()] forward start
[predict()] forward done
[track_one()] pose done
[track_one()] Welcome
[track_one()] depth processing done
[predict()] ob_in_cams:(1, 4, 4)
[predict()] self.cfg.use_normal:False
[predict()] trans_normalizer:[0.019999999552965164, 0.019999999552965164, 0.05000000074505806], rot_normalizer:0.3490658503988659
[predict()] making cropped data
[make_crop_data_batch()] Welcome make_crop_data_batch
[make_crop_data_batch()] make tf_to_crops done
[make_crop_data_batch()] render done
[make_crop_data_batch()] warp done
[make_crop_data_batch()] pose batch data done
[predict()] forward start
[predict()] forward done
[track_one()] pose done
[track_one()] Welcome
[track_one()] depth processing done
[predict()] ob_in_cams:(1, 4, 4)
[predict()] self.cfg.use_normal:False
[predict()] trans_normalizer:[0.019999999552965164, 0.019999999552965164, 0.05000000074505806], rot_normalizer:0.3490658503988659
[predict()] making cropped data
[make_crop_data_batch()] Welcome make_crop_data_batch
[make_crop_data_batch()] make tf_to_crops done
[make_crop_data_batch()] render done
[make_crop_data_batch()] warp done
[make_crop_data_batch()] pose batch data done
[predict()] forward start
[predict()] forward done
[track_one()] pose done
[track_one()] Welcome
[track_one()] depth processing done
[predict()] ob_in_cams:(1, 4, 4)
[predict()] self.cfg.use_normal:False
[predict()] trans_normalizer:[0.019999999552965164, 0.019999999552965164, 0.05000000074505806], rot_normalizer:0.3490658503988659
[predict()] making cropped data
[make_crop_data_batch()] Welcome make_crop_data_batch
[make_crop_data_batch()] make tf_to_crops done
[make_crop_data_batch()] render done
[make_crop_data_batch()] warp done
[make_crop_data_batch()] pose batch data done
[predict()] forward start
[predict()] forward done
[track_one()] pose done
[track_one()] Welcome
[track_one()] depth processing done
[predict()] ob_in_cams:(1, 4, 4)
[predict()] self.cfg.use_normal:False
[predict()] trans_normalizer:[0.019999999552965164, 0.019999999552965164, 0.05000000074505806], rot_normalizer:0.3490658503988659
[predict()] making cropped data
[make_crop_data_batch()] Welcome make_crop_data_batch
[make_crop_data_batch()] make tf_to_crops done
[make_crop_data_batch()] render done
[make_crop_data_batch()] warp done
[make_crop_data_batch()] pose batch data done
[predict()] forward start
[predict()] forward done
[track_one()] pose done
[track_one()] Welcome
[track_one()] depth processing done
[predict()] ob_in_cams:(1, 4, 4)
[predict()] self.cfg.use_normal:False
[predict()] trans_normalizer:[0.019999999552965164, 0.019999999552965164, 0.05000000074505806], rot_normalizer:0.3490658503988659
[predict()] making cropped data
[make_crop_data_batch()] Welcome make_crop_data_batch
[make_crop_data_batch()] make tf_to_crops done
[make_crop_data_batch()] render done
[make_crop_data_batch()] warp done
[make_crop_data_batch()] pose batch data done
[predict()] forward start
[predict()] forward done
[track_one()] pose done
[track_one()] Welcome
[track_one()] depth processing done
[predict()] ob_in_cams:(1, 4, 4)
[predict()] self.cfg.use_normal:False
[predict()] trans_normalizer:[0.019999999552965164, 0.019999999552965164, 0.05000000074505806], rot_normalizer:0.3490658503988659
[predict()] making cropped data
[make_crop_data_batch()] Welcome make_crop_data_batch
[make_crop_data_batch()] make tf_to_crops done
[make_crop_data_batch()] render done
[make_crop_data_batch()] warp done
[make_crop_data_batch()] pose batch data done
[predict()] forward start
[predict()] forward done
[track_one()] pose done
[track_one()] Welcome
[track_one()] depth processing done
[predict()] ob_in_cams:(1, 4, 4)
[predict()] self.cfg.use_normal:False
[predict()] trans_normalizer:[0.019999999552965164, 0.019999999552965164, 0.05000000074505806], rot_normalizer:0.3490658503988659
[predict()] making cropped data
[make_crop_data_batch()] Welcome make_crop_data_batch
[make_crop_data_batch()] make tf_to_crops done
[make_crop_data_batch()] render done
[make_crop_data_batch()] warp done
[make_crop_data_batch()] pose batch data done
[predict()] forward start
[predict()] forward done
[track_one()] pose done
[track_one()] Welcome
[track_one()] depth processing done
[predict()] ob_in_cams:(1, 4, 4)
[predict()] self.cfg.use_normal:False
[predict()] trans_normalizer:[0.019999999552965164, 0.019999999552965164, 0.05000000074505806], rot_normalizer:0.3490658503988659
[predict()] making cropped data
[make_crop_data_batch()] Welcome make_crop_data_batch
[make_crop_data_batch()] make tf_to_crops done
[make_crop_data_batch()] render done
[make_crop_data_batch()] warp done
[make_crop_data_batch()] pose batch data done
[predict()] forward start
[predict()] forward done
[track_one()] pose done
[track_one()] Welcome
[track_one()] depth processing done
[predict()] ob_in_cams:(1, 4, 4)
[predict()] self.cfg.use_normal:False
[predict()] trans_normalizer:[0.019999999552965164, 0.019999999552965164, 0.05000000074505806], rot_normalizer:0.3490658503988659
[predict()] making cropped data
[make_crop_data_batch()] Welcome make_crop_data_batch
[make_crop_data_batch()] make tf_to_crops done
[make_crop_data_batch()] render done
[make_crop_data_batch()] warp done
[make_crop_data_batch()] pose batch data done
[predict()] forward start
[predict()] forward done
[track_one()] pose done
[track_one()] Welcome
[track_one()] depth processing done
[predict()] ob_in_cams:(1, 4, 4)
[predict()] self.cfg.use_normal:False
[predict()] trans_normalizer:[0.019999999552965164, 0.019999999552965164, 0.05000000074505806], rot_normalizer:0.3490658503988659
[predict()] making cropped data
[make_crop_data_batch()] Welcome make_crop_data_batch
[make_crop_data_batch()] make tf_to_crops done
[make_crop_data_batch()] render done
[make_crop_data_batch()] warp done
[make_crop_data_batch()] pose batch data done
[predict()] forward start
[predict()] forward done
[track_one()] pose done
[track_one()] Welcome
[track_one()] depth processing done
[predict()] ob_in_cams:(1, 4, 4)
[predict()] self.cfg.use_normal:False
[predict()] trans_normalizer:[0.019999999552965164, 0.019999999552965164, 0.05000000074505806], rot_normalizer:0.3490658503988659
[predict()] making cropped data
[make_crop_data_batch()] Welcome make_crop_data_batch
[make_crop_data_batch()] make tf_to_crops done
[make_crop_data_batch()] render done
[make_crop_data_batch()] warp done
[make_crop_data_batch()] pose batch data done
[predict()] forward start
[predict()] forward done
[track_one()] pose done
[track_one()] Welcome
[track_one()] depth processing done
[predict()] ob_in_cams:(1, 4, 4)
[predict()] self.cfg.use_normal:False
[predict()] trans_normalizer:[0.019999999552965164, 0.019999999552965164, 0.05000000074505806], rot_normalizer:0.3490658503988659
[predict()] making cropped data
[make_crop_data_batch()] Welcome make_crop_data_batch
[make_crop_data_batch()] make tf_to_crops done
[make_crop_data_batch()] render done
[make_crop_data_batch()] warp done
[make_crop_data_batch()] pose batch data done
[predict()] forward start
[predict()] forward done
[track_one()] pose done
[track_one()] Welcome
[track_one()] depth processing done
[predict()] ob_in_cams:(1, 4, 4)
[predict()] self.cfg.use_normal:False
[predict()] trans_normalizer:[0.019999999552965164, 0.019999999552965164, 0.05000000074505806], rot_normalizer:0.3490658503988659
[predict()] making cropped data
[make_crop_data_batch()] Welcome make_crop_data_batch
[make_crop_data_batch()] make tf_to_crops done
[make_crop_data_batch()] render done
[make_crop_data_batch()] warp done
[make_crop_data_batch()] pose batch data done
[predict()] forward start
[predict()] forward done
[track_one()] pose done
[track_one()] Welcome
[track_one()] depth processing done
[predict()] ob_in_cams:(1, 4, 4)
[predict()] self.cfg.use_normal:False
[predict()] trans_normalizer:[0.019999999552965164, 0.019999999552965164, 0.05000000074505806], rot_normalizer:0.3490658503988659
[predict()] making cropped data
[make_crop_data_batch()] Welcome make_crop_data_batch
[make_crop_data_batch()] make tf_to_crops done
[make_crop_data_batch()] render done
[make_crop_data_batch()] warp done
[make_crop_data_batch()] pose batch data done
[predict()] forward start
[predict()] forward done
[track_one()] pose done
[track_one()] Welcome
[track_one()] depth processing done
[predict()] ob_in_cams:(1, 4, 4)
[predict()] self.cfg.use_normal:False
[predict()] trans_normalizer:[0.019999999552965164, 0.019999999552965164, 0.05000000074505806], rot_normalizer:0.3490658503988659
[predict()] making cropped data
[make_crop_data_batch()] Welcome make_crop_data_batch
[make_crop_data_batch()] make tf_to_crops done
[make_crop_data_batch()] render done
[make_crop_data_batch()] warp done
[make_crop_data_batch()] pose batch data done
[predict()] forward start
[predict()] forward done
[track_one()] pose done
[track_one()] Welcome
[track_one()] depth processing done
[predict()] ob_in_cams:(1, 4, 4)
[predict()] self.cfg.use_normal:False
[predict()] trans_normalizer:[0.019999999552965164, 0.019999999552965164, 0.05000000074505806], rot_normalizer:0.3490658503988659
[predict()] making cropped data
[make_crop_data_batch()] Welcome make_crop_data_batch
[make_crop_data_batch()] make tf_to_crops done
[make_crop_data_batch()] render done
[make_crop_data_batch()] warp done
[make_crop_data_batch()] pose batch data done
[predict()] forward start
[predict()] forward done
[track_one()] pose done
[track_one()] Welcome
[track_one()] depth processing done
[predict()] ob_in_cams:(1, 4, 4)
[predict()] self.cfg.use_normal:False
[predict()] trans_normalizer:[0.019999999552965164, 0.019999999552965164, 0.05000000074505806], rot_normalizer:0.3490658503988659
[predict()] making cropped data
[make_crop_data_batch()] Welcome make_crop_data_batch
[make_crop_data_batch()] make tf_to_crops done
[make_crop_data_batch()] render done
[make_crop_data_batch()] warp done
[make_crop_data_batch()] pose batch data done
[predict()] forward start
[predict()] forward done
[track_one()] pose done
[track_one()] Welcome
[track_one()] depth processing done
[predict()] ob_in_cams:(1, 4, 4)
[predict()] self.cfg.use_normal:False
[predict()] trans_normalizer:[0.019999999552965164, 0.019999999552965164, 0.05000000074505806], rot_normalizer:0.3490658503988659
[predict()] making cropped data
[make_crop_data_batch()] Welcome make_crop_data_batch
[make_crop_data_batch()] make tf_to_crops done
[make_crop_data_batch()] render done
[make_crop_data_batch()] warp done
[make_crop_data_batch()] pose batch data done
[predict()] forward start
[predict()] forward done
[track_one()] pose done
[track_one()] Welcome
[track_one()] depth processing done
[predict()] ob_in_cams:(1, 4, 4)
[predict()] self.cfg.use_normal:False
[predict()] trans_normalizer:[0.019999999552965164, 0.019999999552965164, 0.05000000074505806], rot_normalizer:0.3490658503988659
[predict()] making cropped data
[make_crop_data_batch()] Welcome make_crop_data_batch
[make_crop_data_batch()] make tf_to_crops done
[make_crop_data_batch()] render done
[make_crop_data_batch()] warp done
[make_crop_data_batch()] pose batch data done
[predict()] forward start
[predict()] forward done
[track_one()] pose done
[track_one()] Welcome
[track_one()] depth processing done
[predict()] ob_in_cams:(1, 4, 4)
[predict()] self.cfg.use_normal:False
[predict()] trans_normalizer:[0.019999999552965164, 0.019999999552965164, 0.05000000074505806], rot_normalizer:0.3490658503988659
[predict()] making cropped data
[make_crop_data_batch()] Welcome make_crop_data_batch
[make_crop_data_batch()] make tf_to_crops done
[make_crop_data_batch()] render done
[make_crop_data_batch()] warp done
[make_crop_data_batch()] pose batch data done
[predict()] forward start
[predict()] forward done
[track_one()] pose done
[track_one()] Welcome
[track_one()] depth processing done
[predict()] ob_in_cams:(1, 4, 4)
[predict()] self.cfg.use_normal:False
[predict()] trans_normalizer:[0.019999999552965164, 0.019999999552965164, 0.05000000074505806], rot_normalizer:0.3490658503988659
[predict()] making cropped data
[make_crop_data_batch()] Welcome make_crop_data_batch
[make_crop_data_batch()] make tf_to_crops done
[make_crop_data_batch()] render done
[make_crop_data_batch()] warp done
[make_crop_data_batch()] pose batch data done
[predict()] forward start
[predict()] forward done
[track_one()] pose done
[track_one()] Welcome
[track_one()] depth processing done
[predict()] ob_in_cams:(1, 4, 4)
[predict()] self.cfg.use_normal:False
[predict()] trans_normalizer:[0.019999999552965164, 0.019999999552965164, 0.05000000074505806], rot_normalizer:0.3490658503988659
[predict()] making cropped data
[make_crop_data_batch()] Welcome make_crop_data_batch
[make_crop_data_batch()] make tf_to_crops done
[make_crop_data_batch()] render done
[make_crop_data_batch()] warp done
[make_crop_data_batch()] pose batch data done
[predict()] forward start
[predict()] forward done
[track_one()] pose done
[track_one()] Welcome
[track_one()] depth processing done
[predict()] ob_in_cams:(1, 4, 4)
[predict()] self.cfg.use_normal:False
[predict()] trans_normalizer:[0.019999999552965164, 0.019999999552965164, 0.05000000074505806], rot_normalizer:0.3490658503988659
[predict()] making cropped data
[make_crop_data_batch()] Welcome make_crop_data_batch
[make_crop_data_batch()] make tf_to_crops done
[make_crop_data_batch()] render done
[make_crop_data_batch()] warp done
[make_crop_data_batch()] pose batch data done
[predict()] forward start
[predict()] forward done
[track_one()] pose done
[track_one()] Welcome
[track_one()] depth processing done
[predict()] ob_in_cams:(1, 4, 4)
[predict()] self.cfg.use_normal:False
[predict()] trans_normalizer:[0.019999999552965164, 0.019999999552965164, 0.05000000074505806], rot_normalizer:0.3490658503988659
[predict()] making cropped data
[make_crop_data_batch()] Welcome make_crop_data_batch
[make_crop_data_batch()] make tf_to_crops done
[make_crop_data_batch()] render done
[make_crop_data_batch()] warp done
[make_crop_data_batch()] pose batch data done
[predict()] forward start
[predict()] forward done
[track_one()] pose done
[track_one()] Welcome
[track_one()] depth processing done
[predict()] ob_in_cams:(1, 4, 4)
[predict()] self.cfg.use_normal:False
[predict()] trans_normalizer:[0.019999999552965164, 0.019999999552965164, 0.05000000074505806], rot_normalizer:0.3490658503988659
[predict()] making cropped data
[make_crop_data_batch()] Welcome make_crop_data_batch
[make_crop_data_batch()] make tf_to_crops done
[make_crop_data_batch()] render done
[make_crop_data_batch()] warp done
[make_crop_data_batch()] pose batch data done
[predict()] forward start
[predict()] forward done
[track_one()] pose done
[track_one()] Welcome
[track_one()] depth processing done
[predict()] ob_in_cams:(1, 4, 4)
[predict()] self.cfg.use_normal:False
[predict()] trans_normalizer:[0.019999999552965164, 0.019999999552965164, 0.05000000074505806], rot_normalizer:0.3490658503988659
[predict()] making cropped data
[make_crop_data_batch()] Welcome make_crop_data_batch
[make_crop_data_batch()] make tf_to_crops done
[make_crop_data_batch()] render done
[make_crop_data_batch()] warp done
[make_crop_data_batch()] pose batch data done
[predict()] forward start
[predict()] forward done
[track_one()] pose done
[track_one()] Welcome
[track_one()] depth processing done
[predict()] ob_in_cams:(1, 4, 4)
[predict()] self.cfg.use_normal:False
[predict()] trans_normalizer:[0.019999999552965164, 0.019999999552965164, 0.05000000074505806], rot_normalizer:0.3490658503988659
[predict()] making cropped data
[make_crop_data_batch()] Welcome make_crop_data_batch
[make_crop_data_batch()] make tf_to_crops done
[make_crop_data_batch()] render done
[make_crop_data_batch()] warp done
[make_crop_data_batch()] pose batch data done
[predict()] forward start
[predict()] forward done
[track_one()] pose done
[track_one()] Welcome
[track_one()] depth processing done
[predict()] ob_in_cams:(1, 4, 4)
[predict()] self.cfg.use_normal:False
[predict()] trans_normalizer:[0.019999999552965164, 0.019999999552965164, 0.05000000074505806], rot_normalizer:0.3490658503988659
[predict()] making cropped data
[make_crop_data_batch()] Welcome make_crop_data_batch
[make_crop_data_batch()] make tf_to_crops done
[make_crop_data_batch()] render done
[make_crop_data_batch()] warp done
[make_crop_data_batch()] pose batch data done
[predict()] forward start
[predict()] forward done
[track_one()] pose done
[track_one()] Welcome
[track_one()] depth processing done
[predict()] ob_in_cams:(1, 4, 4)
[predict()] self.cfg.use_normal:False
[predict()] trans_normalizer:[0.019999999552965164, 0.019999999552965164, 0.05000000074505806], rot_normalizer:0.3490658503988659
[predict()] making cropped data
[make_crop_data_batch()] Welcome make_crop_data_batch
[make_crop_data_batch()] make tf_to_crops done
[make_crop_data_batch()] render done
[make_crop_data_batch()] warp done
[make_crop_data_batch()] pose batch data done
[predict()] forward start
[predict()] forward done
[track_one()] pose done
[track_one()] Welcome
[track_one()] depth processing done
[predict()] ob_in_cams:(1, 4, 4)
[predict()] self.cfg.use_normal:False
[predict()] trans_normalizer:[0.019999999552965164, 0.019999999552965164, 0.05000000074505806], rot_normalizer:0.3490658503988659
[predict()] making cropped data
[make_crop_data_batch()] Welcome make_crop_data_batch
[make_crop_data_batch()] make tf_to_crops done
[make_crop_data_batch()] render done
[make_crop_data_batch()] warp done
[make_crop_data_batch()] pose batch data done
[predict()] forward start
[predict()] forward done
[track_one()] pose done
[track_one()] Welcome
[track_one()] depth processing done
[predict()] ob_in_cams:(1, 4, 4)
[predict()] self.cfg.use_normal:False
[predict()] trans_normalizer:[0.019999999552965164, 0.019999999552965164, 0.05000000074505806], rot_normalizer:0.3490658503988659
[predict()] making cropped data
[make_crop_data_batch()] Welcome make_crop_data_batch
[make_crop_data_batch()] make tf_to_crops done
[make_crop_data_batch()] render done
[make_crop_data_batch()] warp done
[make_crop_data_batch()] pose batch data done
[predict()] forward start
[predict()] forward done
[track_one()] pose done
[track_one()] Welcome
[track_one()] depth processing done
[predict()] ob_in_cams:(1, 4, 4)
[predict()] self.cfg.use_normal:False
[predict()] trans_normalizer:[0.019999999552965164, 0.019999999552965164, 0.05000000074505806], rot_normalizer:0.3490658503988659
[predict()] making cropped data
[make_crop_data_batch()] Welcome make_crop_data_batch
[make_crop_data_batch()] make tf_to_crops done
[make_crop_data_batch()] render done
[make_crop_data_batch()] warp done
[make_crop_data_batch()] pose batch data done
[predict()] forward start
[predict()] forward done
[track_one()] pose done
[track_one()] Welcome
[track_one()] depth processing done
[predict()] ob_in_cams:(1, 4, 4)
[predict()] self.cfg.use_normal:False
[predict()] trans_normalizer:[0.019999999552965164, 0.019999999552965164, 0.05000000074505806], rot_normalizer:0.3490658503988659
[predict()] making cropped data
[make_crop_data_batch()] Welcome make_crop_data_batch
[make_crop_data_batch()] make tf_to_crops done
[make_crop_data_batch()] render done
[make_crop_data_batch()] warp done
[make_crop_data_batch()] pose batch data done
[predict()] forward start
[predict()] forward done
[track_one()] pose done
[track_one()] Welcome
[track_one()] depth processing done
[predict()] ob_in_cams:(1, 4, 4)
[predict()] self.cfg.use_normal:False
[predict()] trans_normalizer:[0.019999999552965164, 0.019999999552965164, 0.05000000074505806], rot_normalizer:0.3490658503988659
[predict()] making cropped data
[make_crop_data_batch()] Welcome make_crop_data_batch
[make_crop_data_batch()] make tf_to_crops done
[make_crop_data_batch()] render done
[make_crop_data_batch()] warp done
[make_crop_data_batch()] pose batch data done
[predict()] forward start
[predict()] forward done
[track_one()] pose done
[track_one()] Welcome
[track_one()] depth processing done
[predict()] ob_in_cams:(1, 4, 4)
[predict()] self.cfg.use_normal:False
[predict()] trans_normalizer:[0.019999999552965164, 0.019999999552965164, 0.05000000074505806], rot_normalizer:0.3490658503988659
[predict()] making cropped data
[make_crop_data_batch()] Welcome make_crop_data_batch
[make_crop_data_batch()] make tf_to_crops done
[make_crop_data_batch()] render done
[make_crop_data_batch()] warp done
[make_crop_data_batch()] pose batch data done
[predict()] forward start
[predict()] forward done
[track_one()] pose done
[track_one()] Welcome
[track_one()] depth processing done
[predict()] ob_in_cams:(1, 4, 4)
[predict()] self.cfg.use_normal:False
[predict()] trans_normalizer:[0.019999999552965164, 0.019999999552965164, 0.05000000074505806], rot_normalizer:0.3490658503988659
[predict()] making cropped data
[make_crop_data_batch()] Welcome make_crop_data_batch
[make_crop_data_batch()] make tf_to_crops done
[make_crop_data_batch()] render done
[make_crop_data_batch()] warp done
[make_crop_data_batch()] pose batch data done
[predict()] forward start
[predict()] forward done
[track_one()] pose done
[track_one()] Welcome
[track_one()] depth processing done
[predict()] ob_in_cams:(1, 4, 4)
[predict()] self.cfg.use_normal:False
[predict()] trans_normalizer:[0.019999999552965164, 0.019999999552965164, 0.05000000074505806], rot_normalizer:0.3490658503988659
[predict()] making cropped data
[make_crop_data_batch()] Welcome make_crop_data_batch
[make_crop_data_batch()] make tf_to_crops done
[make_crop_data_batch()] render done
[make_crop_data_batch()] warp done
[make_crop_data_batch()] pose batch data done
[predict()] forward start
[predict()] forward done
[track_one()] pose done
[track_one()] Welcome
[track_one()] depth processing done
[predict()] ob_in_cams:(1, 4, 4)
[predict()] self.cfg.use_normal:False
[predict()] trans_normalizer:[0.019999999552965164, 0.019999999552965164, 0.05000000074505806], rot_normalizer:0.3490658503988659
[predict()] making cropped data
[make_crop_data_batch()] Welcome make_crop_data_batch
[make_crop_data_batch()] make tf_to_crops done
[make_crop_data_batch()] render done
[make_crop_data_batch()] warp done
[make_crop_data_batch()] pose batch data done
[predict()] forward start
[predict()] forward done
[track_one()] pose done
[track_one()] Welcome
[track_one()] depth processing done
[predict()] ob_in_cams:(1, 4, 4)
[predict()] self.cfg.use_normal:False
[predict()] trans_normalizer:[0.019999999552965164, 0.019999999552965164, 0.05000000074505806], rot_normalizer:0.3490658503988659
[predict()] making cropped data
[make_crop_data_batch()] Welcome make_crop_data_batch
[make_crop_data_batch()] make tf_to_crops done
[make_crop_data_batch()] render done
[make_crop_data_batch()] warp done
[make_crop_data_batch()] pose batch data done
[predict()] forward start
[predict()] forward done
[track_one()] pose done
Warp 1.14.0 initialized:
   CUDA Toolkit 12.9, Driver 13.0
   Devices:
     "cpu"      : "x86_64"
     "cuda:0"   : "NVIDIA RTX A6000" (47 GiB, sm_86, mempool enabled)
   Kernel cache:
     /home/yanghong/.cache/warp/1.14.0
Module Utils f1d1490 load on device 'cuda:0' took 0.94 ms  (cached)
[fp_pose] frame_plan object_1: 配准帧 86 -> 48
[__init__()] self.cfg: 
 lr: 0.0001
c_in: 6
zfar: 'Infinity'
debug: null
n_view: 1
run_id: 3wy8qqex
use_BN: true
exp_name: 2024-01-11-20-02-45
n_epochs: 62
save_dir: /home/bowenw/debug/2024-01-11-20-02-45/
use_mask: false
loss_type: pairwise_valid
optimizer: adam
batch_size: 64
crop_ratio: 1.1
enable_amp: true
use_normal: false
max_num_key: null
warmup_step: -1
input_resize:
- 160
- 160
max_step_val: 1000
vis_interval: 1000
weight_decay: 0
normalize_xyz: true
resume_run_id: null
clip_grad_norm: 'Infinity'
lr_epoch_decay: 500
render_backend: nvdiffrast
train_num_pair: 5
lr_decay_epochs:
- 50
n_epochs_warmup: 1
make_pair_online: false
gradient_max_norm: 'Infinity'
max_step_per_epoch: 10000
n_rendering_workers: 1
save_epoch_interval: 100
n_dataloader_workers: 100
split_objects_across_gpus: true
ckpt_dir: /home/yanghong/Reconstruct_and_Retarget/third_party/FoundationPose/learning/training/../../weights/2024-01-11-20-02-45/model_best.pth

[__init__()] self.h5_file:None
[__init__()] Using pretrained model from /home/yanghong/Reconstruct_and_Retarget/third_party/FoundationPose/learning/training/../../weights/2024-01-11-20-02-45/model_best.pth
[__init__()] init done
[__init__()] welcome
[__init__()] self.cfg: 
 lr: 0.0001
c_in: 6
zfar: .inf
debug: null
w_rot: 0.1
n_view: 1
run_id: null
use_BN: true
rot_rep: axis_angle
ckpt_dir: /home/yanghong/Reconstruct_and_Retarget/third_party/FoundationPose/learning/training/../../weights/2023-10-28-18-33-37/model_best.pth
exp_name: 2023-10-28-18-33-37
save_dir: /tmp/2023-10-28-18-33-37/
loss_type: l2
optimizer: adam
trans_rep: tracknet
batch_size: 64
crop_ratio: 1.2
use_normal: false
BN_momentum: 0.1
max_num_key: null
warmup_step: -1
input_resize:
- 160
- 160
max_step_val: 1000
normal_uint8: false
vis_interval: 1000
weight_decay: 0
n_max_objects: null
normalize_xyz: true
clip_grad_norm: 'Infinity'
rot_normalizer: 0.3490658503988659
trans_normalizer:
- 0.019999999552965164
- 0.019999999552965164
- 0.05000000074505806
max_step_per_epoch: 25000
val_epoch_interval: 10
n_dataloader_workers: 60
enable_amp: true
use_mask: false

[__init__()] self.h5_file:
[__init__()] Using pretrained model from /home/yanghong/Reconstruct_and_Retarget/third_party/FoundationPose/learning/training/../../weights/2023-10-28-18-33-37/model_best.pth
[__init__()] init done
[reset_object()] self.diameter:0.038878523069716786, vox_size:0.003
[reset_object()] self.pts:torch.Size([318, 3])
[reset_object()] reset done
[make_rotation_grid()] cam_in_obs:(42, 4, 4)
[make_rotation_grid()] rot_grid:(252, 4, 4)
[make_rotation_grid()] after cluster, rot_grid:(252, 4, 4)
[make_rotation_grid()] self.rot_grid: torch.Size([252, 4, 4])
[register()] Welcome
[register()] poses:(252, 4, 4)
[register()] after viewpoint, add_errs min:-1.0
[predict()] ob_in_cams:(252, 4, 4)
[predict()] self.cfg.use_normal:False
[predict()] trans_normalizer:[0.019999999552965164, 0.019999999552965164, 0.05000000074505806], rot_normalizer:0.3490658503988659
[predict()] making cropped data
[make_crop_data_batch()] Welcome make_crop_data_batch
[make_crop_data_batch()] make tf_to_crops done
[make_crop_data_batch()] render done
[make_crop_data_batch()] warp done
[make_crop_data_batch()] pose batch data done
[predict()] forward start
[predict()] forward done
[predict()] making cropped data
[make_crop_data_batch()] Welcome make_crop_data_batch
[make_crop_data_batch()] make tf_to_crops done
[make_crop_data_batch()] render done
[make_crop_data_batch()] warp done
[make_crop_data_batch()] pose batch data done
[predict()] forward start
[predict()] forward done
[predict()] making cropped data
[make_crop_data_batch()] Welcome make_crop_data_batch
[make_crop_data_batch()] make tf_to_crops done
[make_crop_data_batch()] render done
[make_crop_data_batch()] warp done
[make_crop_data_batch()] pose batch data done
[predict()] forward start
[predict()] forward done
[predict()] making cropped data
[make_crop_data_batch()] Welcome make_crop_data_batch
[make_crop_data_batch()] make tf_to_crops done
[make_crop_data_batch()] render done
[make_crop_data_batch()] warp done
[make_crop_data_batch()] pose batch data done
[predict()] forward start
[predict()] forward done
[predict()] making cropped data
[make_crop_data_batch()] Welcome make_crop_data_batch
[make_crop_data_batch()] make tf_to_crops done
[make_crop_data_batch()] render done
[make_crop_data_batch()] warp done
[make_crop_data_batch()] pose batch data done
[predict()] forward start
[predict()] forward done
[predict()] ob_in_cams:(252, 4, 4)
[predict()] self.cfg.use_normal:False
[predict()] making cropped data
[make_crop_data_batch()] Welcome make_crop_data_batch
[make_crop_data_batch()] make tf_to_crops done
[make_crop_data_batch()] render done
Traceback (most recent call last):
  File "/home/yanghong/Reconstruct_and_Retarget/ego_pipeline/Reconstruction/recon_pipeline/fp_pose/run_sequence.py", line 156, in <module>
    raise SystemExit(main())
  File "/home/yanghong/Reconstruct_and_Retarget/ego_pipeline/Reconstruction/recon_pipeline/fp_pose/run_sequence.py", line 139, in main
    run_fp_pose(
  File "/home/yanghong/Reconstruct_and_Retarget/ego_pipeline/Reconstruction/recon_pipeline/fp_pose/run_sequence.py", line 89, in run_fp_pose
    meta = run_fp_pp_track(
  File "/home/yanghong/Reconstruct_and_Retarget/ego_pipeline/Reconstruction/recon_pipeline/fp_pose/fp_common.py", line 397, in run_fp_pp_track
    meta_i = _run_fp_pp_track_one(
  File "/home/yanghong/Reconstruct_and_Retarget/ego_pipeline/Reconstruction/recon_pipeline/fp_pose/fp_common.py", line 290, in _run_fp_pp_track_one
    est.register(k_mat, rgb_anchor, depth_anchor, mask_anchor > 0, iteration=register_iters),
  File "/home/yanghong/Reconstruct_and_Retarget/third_party/FoundationPose/estimater.py", line 219, in register
    scores, vis = self.scorer.predict(mesh=self.mesh, rgb=rgb, depth=depth, K=K, ob_in_cams=poses.data.cpu().numpy(), normal_map=normal_map, mesh_tensors=self.mesh_tensors, glctx=self.glctx, mesh_diameter=self.diameter, get_vis=self.debug>=2)
  File "/home/yanghong/miniconda3/envs/biv2ap/lib/python3.10/site-packages/torch/utils/_contextlib.py", line 124, in decorate_context
    return func(*args, **kwargs)
  File "/home/yanghong/Reconstruct_and_Retarget/third_party/FoundationPose/learning/training/predict_score.py", line 180, in predict
    pose_data = make_crop_data_batch(self.cfg.input_resize, ob_in_cams, mesh, rgb, depth, K, crop_ratio=self.cfg['crop_ratio'], glctx=glctx, mesh_tensors=mesh_tensors, dataset=self.dataset, cfg=self.cfg, mesh_diameter=mesh_diameter)
  File "/home/yanghong/miniconda3/envs/biv2ap/lib/python3.10/site-packages/torch/utils/_contextlib.py", line 124, in decorate_context
    return func(*args, **kwargs)
  File "/home/yanghong/Reconstruct_and_Retarget/third_party/FoundationPose/learning/training/predict_score.py", line 110, in make_crop_data_batch
    pose_data = dataset.transform_batch(pose_data, H_ori=H, W_ori=W, bound=1)
  File "/home/yanghong/Reconstruct_and_Retarget/third_party/FoundationPose/learning/datasets/h5_dataset.py", line 178, in transform_batch
    batch = self.transform_depth_to_xyzmap(batch, H_ori, W_ori, bound=bound)
  File "/home/yanghong/Reconstruct_and_Retarget/third_party/FoundationPose/learning/datasets/h5_dataset.py", line 159, in transform_depth_to_xyzmap
    depthBs_ori = kornia.geometry.transform.warp_perspective(batch.depthBs.cuda().expand(bs,-1,-1,-1), crop_to_oris, dsize=(H_ori, W_ori), mode='nearest', align_corners=False)
  File "/home/yanghong/miniconda3/envs/biv2ap/lib/python3.10/site-packages/kornia/geometry/transform/imgwarp.py", line 144, in warp_perspective
    grid = transform_points(src_norm_trans_dst_norm[:, None, None], grid)
  File "/home/yanghong/miniconda3/envs/biv2ap/lib/python3.10/site-packages/kornia/geometry/linalg.py", line 226, in transform_points
    points_0 = convert_points_from_homogeneous(points_0_h)  # BxNxD
  File "/home/yanghong/miniconda3/envs/biv2ap/lib/python3.10/site-packages/kornia/geometry/conversions.py", line 201, in convert_points_from_homogeneous
    mask: Tensor = torch.abs(z_vec) > eps
torch.OutOfMemoryError: CUDA out of memory. Tried to allocate 1.95 GiB. GPU 0 has a total capacity of 47.40 GiB of which 1.80 GiB is free. Process 1328776 has 4.05 GiB memory in use. Process 1497882 has 3.62 GiB memory in use. Process 2055776 has 7.11 GiB memory in use. Process 2319860 has 7.76 GiB memory in use. Including non-PyTorch memory, this process has 17.45 GiB memory in use. Process 2322267 has 5.47 GiB memory in use. Of the allocated memory 16.50 GiB is allocated by PyTorch, and 49.58 MiB is reserved by PyTorch but unallocated. If reserved but unallocated memory is large try setting PYTORCH_CUDA_ALLOC_CONF=expandable_segments:True to avoid fragmentation.  See documentation for Memory Management  (https://docs.pytorch.org/docs/stable/notes/cuda.html#optimizing-memory-usage-with-pytorch-cuda-alloc-conf)
num original candidates = 252
num of pose after clustering: 252
num original candidates = 252
num of pose after clustering: 252
ERROR conda.cli.main_run:execute(148): `conda run python /home/yanghong/Reconstruct_and_Retarget/ego_pipeline/Reconstruction/recon_pipeline/fp_pose/run_sequence.py --dataset egodex_part4 --video-id screw_unscrew_bottle_cap__36 --video /home/yanghong/Reconstruct_and_Retarget/Data/egodex_part4/screw_unscrew_bottle_cap/36.mp4 --force --depth-scale 0.328540 --gpu 0` failed. (See above for error)

===== fp_pose screw_unscrew_bottle_cap__36 gpu=7 2026-08-27 22:53:54 =====
[fp_pose] CUDA_VISIBLE_DEVICES=7 local_gpu=0
[fp_pose] frame_plan object_0: 配准帧 12 -> 22
[__init__()] self.cfg: 
 lr: 0.0001
c_in: 6
zfar: 'Infinity'
debug: null
n_view: 1
run_id: 3wy8qqex
use_BN: true
exp_name: 2024-01-11-20-02-45
n_epochs: 62
save_dir: /home/bowenw/debug/2024-01-11-20-02-45/
use_mask: false
loss_type: pairwise_valid
optimizer: adam
batch_size: 64
crop_ratio: 1.1
enable_amp: true
use_normal: false
max_num_key: null
warmup_step: -1
input_resize:
- 160
- 160
max_step_val: 1000
vis_interval: 1000
weight_decay: 0
normalize_xyz: true
resume_run_id: null
clip_grad_norm: 'Infinity'
lr_epoch_decay: 500
render_backend: nvdiffrast
train_num_pair: 5
lr_decay_epochs:
- 50
n_epochs_warmup: 1
make_pair_online: false
gradient_max_norm: 'Infinity'
max_step_per_epoch: 10000
n_rendering_workers: 1
save_epoch_interval: 100
n_dataloader_workers: 100
split_objects_across_gpus: true
ckpt_dir: /home/yanghong/Reconstruct_and_Retarget/third_party/FoundationPose/learning/training/../../weights/2024-01-11-20-02-45/model_best.pth

[__init__()] self.h5_file:None
[__init__()] Using pretrained model from /home/yanghong/Reconstruct_and_Retarget/third_party/FoundationPose/learning/training/../../weights/2024-01-11-20-02-45/model_best.pth
[__init__()] init done
[__init__()] welcome
[__init__()] self.cfg: 
 lr: 0.0001
c_in: 6
zfar: .inf
debug: null
w_rot: 0.1
n_view: 1
run_id: null
use_BN: true
rot_rep: axis_angle
ckpt_dir: /home/yanghong/Reconstruct_and_Retarget/third_party/FoundationPose/learning/training/../../weights/2023-10-28-18-33-37/model_best.pth
exp_name: 2023-10-28-18-33-37
save_dir: /tmp/2023-10-28-18-33-37/
loss_type: l2
optimizer: adam
trans_rep: tracknet
batch_size: 64
crop_ratio: 1.2
use_normal: false
BN_momentum: 0.1
max_num_key: null
warmup_step: -1
input_resize:
- 160
- 160
max_step_val: 1000
normal_uint8: false
vis_interval: 1000
weight_decay: 0
n_max_objects: null
normalize_xyz: true
clip_grad_norm: 'Infinity'
rot_normalizer: 0.3490658503988659
trans_normalizer:
- 0.019999999552965164
- 0.019999999552965164
- 0.05000000074505806
max_step_per_epoch: 25000
val_epoch_interval: 10
n_dataloader_workers: 60
enable_amp: true
use_mask: false

[__init__()] self.h5_file:
[__init__()] Using pretrained model from /home/yanghong/Reconstruct_and_Retarget/third_party/FoundationPose/learning/training/../../weights/2023-10-28-18-33-37/model_best.pth
[__init__()] init done
[reset_object()] self.diameter:0.2015223642382319, vox_size:0.010076118211911594
[reset_object()] self.pts:torch.Size([135, 3])
[reset_object()] reset done
[make_rotation_grid()] cam_in_obs:(42, 4, 4)
[make_rotation_grid()] rot_grid:(252, 4, 4)
[make_rotation_grid()] after cluster, rot_grid:(252, 4, 4)
[make_rotation_grid()] self.rot_grid: torch.Size([252, 4, 4])
[register()] Welcome
[register()] poses:(252, 4, 4)
[register()] after viewpoint, add_errs min:-1.0
/home/yanghong/miniconda3/envs/biv2ap/lib/python3.10/site-packages/torch/__init__.py:1323: UserWarning: torch.set_default_tensor_type() is deprecated as of PyTorch 2.1, please use torch.set_default_dtype() and torch.set_default_device() as alternatives. (Triggered internally at /pytorch/torch/csrc/tensor/python_tensor.cpp:434.)
  _C._set_default_tensor_type(t)
[predict()] ob_in_cams:(252, 4, 4)
[predict()] self.cfg.use_normal:False
[predict()] trans_normalizer:[0.019999999552965164, 0.019999999552965164, 0.05000000074505806], rot_normalizer:0.3490658503988659
[predict()] making cropped data
[make_crop_data_batch()] Welcome make_crop_data_batch
[make_crop_data_batch()] make tf_to_crops done
[make_crop_data_batch()] render done
[make_crop_data_batch()] warp done
[make_crop_data_batch()] pose batch data done
[predict()] forward start
/home/yanghong/Reconstruct_and_Retarget/third_party/FoundationPose/learning/training/predict_pose_refine.py:190: FutureWarning: `torch.cuda.amp.autocast(args...)` is deprecated. Please use `torch.amp.autocast('cuda', args...)` instead.
  with torch.cuda.amp.autocast(enabled=self.amp):
[predict()] forward done
[predict()] making cropped data
[make_crop_data_batch()] Welcome make_crop_data_batch
[make_crop_data_batch()] make tf_to_crops done
[make_crop_data_batch()] render done
[make_crop_data_batch()] warp done
[make_crop_data_batch()] pose batch data done
[predict()] forward start
[predict()] forward done
[predict()] making cropped data
[make_crop_data_batch()] Welcome make_crop_data_batch
[make_crop_data_batch()] make tf_to_crops done
[make_crop_data_batch()] render done
[make_crop_data_batch()] warp done
[make_crop_data_batch()] pose batch data done
[predict()] forward start
[predict()] forward done
[predict()] making cropped data
[make_crop_data_batch()] Welcome make_crop_data_batch
[make_crop_data_batch()] make tf_to_crops done
[make_crop_data_batch()] render done
[make_crop_data_batch()] warp done
[make_crop_data_batch()] pose batch data done
[predict()] forward start
[predict()] forward done
[predict()] making cropped data
[make_crop_data_batch()] Welcome make_crop_data_batch
[make_crop_data_batch()] make tf_to_crops done
[make_crop_data_batch()] render done
[make_crop_data_batch()] warp done
[make_crop_data_batch()] pose batch data done
[predict()] forward start
[predict()] forward done
[predict()] ob_in_cams:(252, 4, 4)
[predict()] self.cfg.use_normal:False
[predict()] making cropped data
[make_crop_data_batch()] Welcome make_crop_data_batch
[make_crop_data_batch()] make tf_to_crops done
[make_crop_data_batch()] render done
Warp 1.14.0 initialized:
   CUDA Toolkit 12.9, Driver 13.0
   Devices:
     "cpu"      : "x86_64"
     "cuda:0"   : "NVIDIA RTX A6000" (47 GiB, sm_86, mempool enabled)
   Kernel cache:
     /home/yanghong/.cache/warp/1.14.0
Module Utils f1d1490 load on device 'cuda:0' took 3.10 ms  (cached)
Traceback (most recent call last):
  File "/home/yanghong/Reconstruct_and_Retarget/ego_pipeline/Reconstruction/recon_pipeline/fp_pose/run_sequence.py", line 156, in <module>
    raise SystemExit(main())
  File "/home/yanghong/Reconstruct_and_Retarget/ego_pipeline/Reconstruction/recon_pipeline/fp_pose/run_sequence.py", line 139, in main
    run_fp_pose(
  File "/home/yanghong/Reconstruct_and_Retarget/ego_pipeline/Reconstruction/recon_pipeline/fp_pose/run_sequence.py", line 89, in run_fp_pose
    meta = run_fp_pp_track(
  File "/home/yanghong/Reconstruct_and_Retarget/ego_pipeline/Reconstruction/recon_pipeline/fp_pose/fp_common.py", line 397, in run_fp_pp_track
    meta_i = _run_fp_pp_track_one(
  File "/home/yanghong/Reconstruct_and_Retarget/ego_pipeline/Reconstruction/recon_pipeline/fp_pose/fp_common.py", line 290, in _run_fp_pp_track_one
    est.register(k_mat, rgb_anchor, depth_anchor, mask_anchor > 0, iteration=register_iters),
  File "/home/yanghong/Reconstruct_and_Retarget/third_party/FoundationPose/estimater.py", line 219, in register
    scores, vis = self.scorer.predict(mesh=self.mesh, rgb=rgb, depth=depth, K=K, ob_in_cams=poses.data.cpu().numpy(), normal_map=normal_map, mesh_tensors=self.mesh_tensors, glctx=self.glctx, mesh_diameter=self.diameter, get_vis=self.debug>=2)
  File "/home/yanghong/miniconda3/envs/biv2ap/lib/python3.10/site-packages/torch/utils/_contextlib.py", line 124, in decorate_context
    return func(*args, **kwargs)
  File "/home/yanghong/Reconstruct_and_Retarget/third_party/FoundationPose/learning/training/predict_score.py", line 180, in predict
    pose_data = make_crop_data_batch(self.cfg.input_resize, ob_in_cams, mesh, rgb, depth, K, crop_ratio=self.cfg['crop_ratio'], glctx=glctx, mesh_tensors=mesh_tensors, dataset=self.dataset, cfg=self.cfg, mesh_diameter=mesh_diameter)
  File "/home/yanghong/miniconda3/envs/biv2ap/lib/python3.10/site-packages/torch/utils/_contextlib.py", line 124, in decorate_context
    return func(*args, **kwargs)
  File "/home/yanghong/Reconstruct_and_Retarget/third_party/FoundationPose/learning/training/predict_score.py", line 110, in make_crop_data_batch
    pose_data = dataset.transform_batch(pose_data, H_ori=H, W_ori=W, bound=1)
  File "/home/yanghong/Reconstruct_and_Retarget/third_party/FoundationPose/learning/datasets/h5_dataset.py", line 178, in transform_batch
    batch = self.transform_depth_to_xyzmap(batch, H_ori, W_ori, bound=bound)
  File "/home/yanghong/Reconstruct_and_Retarget/third_party/FoundationPose/learning/datasets/h5_dataset.py", line 159, in transform_depth_to_xyzmap
    depthBs_ori = kornia.geometry.transform.warp_perspective(batch.depthBs.cuda().expand(bs,-1,-1,-1), crop_to_oris, dsize=(H_ori, W_ori), mode='nearest', align_corners=False)
  File "/home/yanghong/miniconda3/envs/biv2ap/lib/python3.10/site-packages/kornia/geometry/transform/imgwarp.py", line 144, in warp_perspective
    grid = transform_points(src_norm_trans_dst_norm[:, None, None], grid)
  File "/home/yanghong/miniconda3/envs/biv2ap/lib/python3.10/site-packages/kornia/geometry/linalg.py", line 226, in transform_points
    points_0 = convert_points_from_homogeneous(points_0_h)  # BxNxD
  File "/home/yanghong/miniconda3/envs/biv2ap/lib/python3.10/site-packages/kornia/geometry/conversions.py", line 201, in convert_points_from_homogeneous
    mask: Tensor = torch.abs(z_vec) > eps
torch.OutOfMemoryError: CUDA out of memory. Tried to allocate 1.95 GiB. GPU 0 has a total capacity of 47.40 GiB of which 1.66 GiB is free. Process 1328776 has 4.05 GiB memory in use. Process 1497882 has 3.62 GiB memory in use. Process 2055776 has 7.11 GiB memory in use. Process 2322267 has 5.47 GiB memory in use. Process 2324041 has 5.47 GiB memory in use. Including non-PyTorch memory, this process has 19.89 GiB memory in use. Of the allocated memory 16.51 GiB is allocated by PyTorch, and 1.25 GiB is reserved by PyTorch but unallocated. If reserved but unallocated memory is large try setting PYTORCH_CUDA_ALLOC_CONF=expandable_segments:True to avoid fragmentation.  See documentation for Memory Management  (https://docs.pytorch.org/docs/stable/notes/cuda.html#optimizing-memory-usage-with-pytorch-cuda-alloc-conf)
num original candidates = 252
num of pose after clustering: 252
ERROR conda.cli.main_run:execute(148): `conda run python /home/yanghong/Reconstruct_and_Retarget/ego_pipeline/Reconstruction/recon_pipeline/fp_pose/run_sequence.py --dataset egodex_part4 --video-id screw_unscrew_bottle_cap__36 --video /home/yanghong/Reconstruct_and_Retarget/Data/egodex_part4/screw_unscrew_bottle_cap/36.mp4 --force --depth-scale 0.328540 --gpu 0` failed. (See above for error)

===== fp_pose screw_unscrew_bottle_cap__36 gpu=7 2026-08-27 22:54:27 =====
[fp_pose] CUDA_VISIBLE_DEVICES=7 local_gpu=0
[fp_pose] frame_plan object_0: 配准帧 12 -> 22
[__init__()] self.cfg: 
 lr: 0.0001
c_in: 6
zfar: 'Infinity'
debug: null
n_view: 1
run_id: 3wy8qqex
use_BN: true
exp_name: 2024-01-11-20-02-45
n_epochs: 62
save_dir: /home/bowenw/debug/2024-01-11-20-02-45/
use_mask: false
loss_type: pairwise_valid
optimizer: adam
batch_size: 64
crop_ratio: 1.1
enable_amp: true
use_normal: false
max_num_key: null
warmup_step: -1
input_resize:
- 160
- 160
max_step_val: 1000
vis_interval: 1000
weight_decay: 0
normalize_xyz: true
resume_run_id: null
clip_grad_norm: 'Infinity'
lr_epoch_decay: 500
render_backend: nvdiffrast
train_num_pair: 5
lr_decay_epochs:
- 50
n_epochs_warmup: 1
make_pair_online: false
gradient_max_norm: 'Infinity'
max_step_per_epoch: 10000
n_rendering_workers: 1
save_epoch_interval: 100
n_dataloader_workers: 100
split_objects_across_gpus: true
ckpt_dir: /home/yanghong/Reconstruct_and_Retarget/third_party/FoundationPose/learning/training/../../weights/2024-01-11-20-02-45/model_best.pth

[__init__()] self.h5_file:None
[__init__()] Using pretrained model from /home/yanghong/Reconstruct_and_Retarget/third_party/FoundationPose/learning/training/../../weights/2024-01-11-20-02-45/model_best.pth
[__init__()] init done
[__init__()] welcome
[__init__()] self.cfg: 
 lr: 0.0001
c_in: 6
zfar: .inf
debug: null
w_rot: 0.1
n_view: 1
run_id: null
use_BN: true
rot_rep: axis_angle
ckpt_dir: /home/yanghong/Reconstruct_and_Retarget/third_party/FoundationPose/learning/training/../../weights/2023-10-28-18-33-37/model_best.pth
exp_name: 2023-10-28-18-33-37
save_dir: /tmp/2023-10-28-18-33-37/
loss_type: l2
optimizer: adam
trans_rep: tracknet
batch_size: 64
crop_ratio: 1.2
use_normal: false
BN_momentum: 0.1
max_num_key: null
warmup_step: -1
input_resize:
- 160
- 160
max_step_val: 1000
normal_uint8: false
vis_interval: 1000
weight_decay: 0
n_max_objects: null
normalize_xyz: true
clip_grad_norm: 'Infinity'
rot_normalizer: 0.3490658503988659
trans_normalizer:
- 0.019999999552965164
- 0.019999999552965164
- 0.05000000074505806
max_step_per_epoch: 25000
val_epoch_interval: 10
n_dataloader_workers: 60
enable_amp: true
use_mask: false

[__init__()] self.h5_file:
[__init__()] Using pretrained model from /home/yanghong/Reconstruct_and_Retarget/third_party/FoundationPose/learning/training/../../weights/2023-10-28-18-33-37/model_best.pth
[__init__()] init done
[reset_object()] self.diameter:0.20152237707412596, vox_size:0.010076118853706299
[reset_object()] self.pts:torch.Size([135, 3])
[reset_object()] reset done
[make_rotation_grid()] cam_in_obs:(42, 4, 4)
[make_rotation_grid()] rot_grid:(252, 4, 4)
[make_rotation_grid()] after cluster, rot_grid:(252, 4, 4)
[make_rotation_grid()] self.rot_grid: torch.Size([252, 4, 4])
[register()] Welcome
[register()] poses:(252, 4, 4)
[register()] after viewpoint, add_errs min:-1.0
/home/yanghong/miniconda3/envs/biv2ap/lib/python3.10/site-packages/torch/__init__.py:1323: UserWarning: torch.set_default_tensor_type() is deprecated as of PyTorch 2.1, please use torch.set_default_dtype() and torch.set_default_device() as alternatives. (Triggered internally at /pytorch/torch/csrc/tensor/python_tensor.cpp:434.)
  _C._set_default_tensor_type(t)
[predict()] ob_in_cams:(252, 4, 4)
[predict()] self.cfg.use_normal:False
[predict()] trans_normalizer:[0.019999999552965164, 0.019999999552965164, 0.05000000074505806], rot_normalizer:0.3490658503988659
[predict()] making cropped data
[make_crop_data_batch()] Welcome make_crop_data_batch
[make_crop_data_batch()] make tf_to_crops done
[make_crop_data_batch()] render done
[make_crop_data_batch()] warp done
[make_crop_data_batch()] pose batch data done
[predict()] forward start
/home/yanghong/Reconstruct_and_Retarget/third_party/FoundationPose/learning/training/predict_pose_refine.py:190: FutureWarning: `torch.cuda.amp.autocast(args...)` is deprecated. Please use `torch.amp.autocast('cuda', args...)` instead.
  with torch.cuda.amp.autocast(enabled=self.amp):
[predict()] forward done
[predict()] making cropped data
[make_crop_data_batch()] Welcome make_crop_data_batch
[make_crop_data_batch()] make tf_to_crops done
[make_crop_data_batch()] render done
[make_crop_data_batch()] warp done
[make_crop_data_batch()] pose batch data done
[predict()] forward start
[predict()] forward done
[predict()] making cropped data
[make_crop_data_batch()] Welcome make_crop_data_batch
[make_crop_data_batch()] make tf_to_crops done
[make_crop_data_batch()] render done
[make_crop_data_batch()] warp done
[make_crop_data_batch()] pose batch data done
[predict()] forward start
[predict()] forward done
[predict()] making cropped data
[make_crop_data_batch()] Welcome make_crop_data_batch
[make_crop_data_batch()] make tf_to_crops done
[make_crop_data_batch()] render done
[make_crop_data_batch()] warp done
[make_crop_data_batch()] pose batch data done
[predict()] forward start
[predict()] forward done
[predict()] making cropped data
[make_crop_data_batch()] Welcome make_crop_data_batch
[make_crop_data_batch()] make tf_to_crops done
[make_crop_data_batch()] render done
[make_crop_data_batch()] warp done
[make_crop_data_batch()] pose batch data done
[predict()] forward start
[predict()] forward done
[predict()] ob_in_cams:(252, 4, 4)
[predict()] self.cfg.use_normal:False
[predict()] making cropped data
[make_crop_data_batch()] Welcome make_crop_data_batch
[make_crop_data_batch()] make tf_to_crops done
[make_crop_data_batch()] render done
Warp 1.14.0 initialized:
   CUDA Toolkit 12.9, Driver 13.0
   Devices:
     "cpu"      : "x86_64"
     "cuda:0"   : "NVIDIA RTX A6000" (47 GiB, sm_86, mempool enabled)
   Kernel cache:
     /home/yanghong/.cache/warp/1.14.0
Module Utils f1d1490 load on device 'cuda:0' took 2.87 ms  (cached)
Traceback (most recent call last):
  File "/home/yanghong/Reconstruct_and_Retarget/ego_pipeline/Reconstruction/recon_pipeline/fp_pose/run_sequence.py", line 156, in <module>
    raise SystemExit(main())
  File "/home/yanghong/Reconstruct_and_Retarget/ego_pipeline/Reconstruction/recon_pipeline/fp_pose/run_sequence.py", line 139, in main
    run_fp_pose(
  File "/home/yanghong/Reconstruct_and_Retarget/ego_pipeline/Reconstruction/recon_pipeline/fp_pose/run_sequence.py", line 89, in run_fp_pose
    meta = run_fp_pp_track(
  File "/home/yanghong/Reconstruct_and_Retarget/ego_pipeline/Reconstruction/recon_pipeline/fp_pose/fp_common.py", line 397, in run_fp_pp_track
    meta_i = _run_fp_pp_track_one(
  File "/home/yanghong/Reconstruct_and_Retarget/ego_pipeline/Reconstruction/recon_pipeline/fp_pose/fp_common.py", line 290, in _run_fp_pp_track_one
    est.register(k_mat, rgb_anchor, depth_anchor, mask_anchor > 0, iteration=register_iters),
  File "/home/yanghong/Reconstruct_and_Retarget/third_party/FoundationPose/estimater.py", line 219, in register
    scores, vis = self.scorer.predict(mesh=self.mesh, rgb=rgb, depth=depth, K=K, ob_in_cams=poses.data.cpu().numpy(), normal_map=normal_map, mesh_tensors=self.mesh_tensors, glctx=self.glctx, mesh_diameter=self.diameter, get_vis=self.debug>=2)
  File "/home/yanghong/miniconda3/envs/biv2ap/lib/python3.10/site-packages/torch/utils/_contextlib.py", line 124, in decorate_context
    return func(*args, **kwargs)
  File "/home/yanghong/Reconstruct_and_Retarget/third_party/FoundationPose/learning/training/predict_score.py", line 180, in predict
    pose_data = make_crop_data_batch(self.cfg.input_resize, ob_in_cams, mesh, rgb, depth, K, crop_ratio=self.cfg['crop_ratio'], glctx=glctx, mesh_tensors=mesh_tensors, dataset=self.dataset, cfg=self.cfg, mesh_diameter=mesh_diameter)
  File "/home/yanghong/miniconda3/envs/biv2ap/lib/python3.10/site-packages/torch/utils/_contextlib.py", line 124, in decorate_context
    return func(*args, **kwargs)
  File "/home/yanghong/Reconstruct_and_Retarget/third_party/FoundationPose/learning/training/predict_score.py", line 110, in make_crop_data_batch
    pose_data = dataset.transform_batch(pose_data, H_ori=H, W_ori=W, bound=1)
  File "/home/yanghong/Reconstruct_and_Retarget/third_party/FoundationPose/learning/datasets/h5_dataset.py", line 178, in transform_batch
    batch = self.transform_depth_to_xyzmap(batch, H_ori, W_ori, bound=bound)
  File "/home/yanghong/Reconstruct_and_Retarget/third_party/FoundationPose/learning/datasets/h5_dataset.py", line 159, in transform_depth_to_xyzmap
    depthBs_ori = kornia.geometry.transform.warp_perspective(batch.depthBs.cuda().expand(bs,-1,-1,-1), crop_to_oris, dsize=(H_ori, W_ori), mode='nearest', align_corners=False)
  File "/home/yanghong/miniconda3/envs/biv2ap/lib/python3.10/site-packages/kornia/geometry/transform/imgwarp.py", line 144, in warp_perspective
    grid = transform_points(src_norm_trans_dst_norm[:, None, None], grid)
  File "/home/yanghong/miniconda3/envs/biv2ap/lib/python3.10/site-packages/kornia/geometry/linalg.py", line 223, in transform_points
    points_0_h = torch.bmm(points_1_h, trans_01.permute(0, 2, 1))
torch.OutOfMemoryError: CUDA out of memory. Tried to allocate 5.84 GiB. GPU 0 has a total capacity of 47.40 GiB of which 5.21 GiB is free. Process 1328776 has 4.05 GiB memory in use. Process 1497882 has 3.62 GiB memory in use. Process 2055776 has 7.11 GiB memory in use. Process 2322267 has 7.76 GiB memory in use. Process 2324041 has 5.47 GiB memory in use. Including non-PyTorch memory, this process has 14.04 GiB memory in use. Of the allocated memory 10.67 GiB is allocated by PyTorch, and 1.24 GiB is reserved by PyTorch but unallocated. If reserved but unallocated memory is large try setting PYTORCH_CUDA_ALLOC_CONF=expandable_segments:True to avoid fragmentation.  See documentation for Memory Management  (https://docs.pytorch.org/docs/stable/notes/cuda.html#optimizing-memory-usage-with-pytorch-cuda-alloc-conf)
num original candidates = 252
num of pose after clustering: 252
ERROR conda.cli.main_run:execute(148): `conda run python /home/yanghong/Reconstruct_and_Retarget/ego_pipeline/Reconstruction/recon_pipeline/fp_pose/run_sequence.py --dataset egodex_part4 --video-id screw_unscrew_bottle_cap__36 --video /home/yanghong/Reconstruct_and_Retarget/Data/egodex_part4/screw_unscrew_bottle_cap/36.mp4 --force --depth-scale 0.328540 --gpu 0` failed. (See above for error)

===== fp_pose screw_unscrew_bottle_cap__36 gpu=7 2026-08-27 22:55:22 =====
[fp_pose] CUDA_VISIBLE_DEVICES=7 local_gpu=0
[fp_pose] frame_plan object_0: 配准帧 12 -> 22
[__init__()] self.cfg: 
 lr: 0.0001
c_in: 6
zfar: 'Infinity'
debug: null
n_view: 1
run_id: 3wy8qqex
use_BN: true
exp_name: 2024-01-11-20-02-45
n_epochs: 62
save_dir: /home/bowenw/debug/2024-01-11-20-02-45/
use_mask: false
loss_type: pairwise_valid
optimizer: adam
batch_size: 64
crop_ratio: 1.1
enable_amp: true
use_normal: false
max_num_key: null
warmup_step: -1
input_resize:
- 160
- 160
max_step_val: 1000
vis_interval: 1000
weight_decay: 0
normalize_xyz: true
resume_run_id: null
clip_grad_norm: 'Infinity'
lr_epoch_decay: 500
render_backend: nvdiffrast
train_num_pair: 5
lr_decay_epochs:
- 50
n_epochs_warmup: 1
make_pair_online: false
gradient_max_norm: 'Infinity'
max_step_per_epoch: 10000
n_rendering_workers: 1
save_epoch_interval: 100
n_dataloader_workers: 100
split_objects_across_gpus: true
ckpt_dir: /home/yanghong/Reconstruct_and_Retarget/third_party/FoundationPose/learning/training/../../weights/2024-01-11-20-02-45/model_best.pth

[__init__()] self.h5_file:None
[__init__()] Using pretrained model from /home/yanghong/Reconstruct_and_Retarget/third_party/FoundationPose/learning/training/../../weights/2024-01-11-20-02-45/model_best.pth
[__init__()] init done
[__init__()] welcome
[__init__()] self.cfg: 
 lr: 0.0001
c_in: 6
zfar: .inf
debug: null
w_rot: 0.1
n_view: 1
run_id: null
use_BN: true
rot_rep: axis_angle
ckpt_dir: /home/yanghong/Reconstruct_and_Retarget/third_party/FoundationPose/learning/training/../../weights/2023-10-28-18-33-37/model_best.pth
exp_name: 2023-10-28-18-33-37
save_dir: /tmp/2023-10-28-18-33-37/
loss_type: l2
optimizer: adam
trans_rep: tracknet
batch_size: 64
crop_ratio: 1.2
use_normal: false
BN_momentum: 0.1
max_num_key: null
warmup_step: -1
input_resize:
- 160
- 160
max_step_val: 1000
normal_uint8: false
vis_interval: 1000
weight_decay: 0
n_max_objects: null
normalize_xyz: true
clip_grad_norm: 'Infinity'
rot_normalizer: 0.3490658503988659
trans_normalizer:
- 0.019999999552965164
- 0.019999999552965164
- 0.05000000074505806
max_step_per_epoch: 25000
val_epoch_interval: 10
n_dataloader_workers: 60
enable_amp: true
use_mask: false

[__init__()] self.h5_file:
[__init__()] Using pretrained model from /home/yanghong/Reconstruct_and_Retarget/third_party/FoundationPose/learning/training/../../weights/2023-10-28-18-33-37/model_best.pth
[__init__()] init done
[reset_object()] self.diameter:0.20152237707412596, vox_size:0.010076118853706299
[reset_object()] self.pts:torch.Size([135, 3])
[reset_object()] reset done
[make_rotation_grid()] cam_in_obs:(42, 4, 4)
[make_rotation_grid()] rot_grid:(252, 4, 4)
[make_rotation_grid()] after cluster, rot_grid:(252, 4, 4)
[make_rotation_grid()] self.rot_grid: torch.Size([252, 4, 4])
[register()] Welcome
[register()] poses:(252, 4, 4)
[register()] after viewpoint, add_errs min:-1.0
/home/yanghong/miniconda3/envs/biv2ap/lib/python3.10/site-packages/torch/__init__.py:1323: UserWarning: torch.set_default_tensor_type() is deprecated as of PyTorch 2.1, please use torch.set_default_dtype() and torch.set_default_device() as alternatives. (Triggered internally at /pytorch/torch/csrc/tensor/python_tensor.cpp:434.)
  _C._set_default_tensor_type(t)
[predict()] ob_in_cams:(252, 4, 4)
[predict()] self.cfg.use_normal:False
[predict()] trans_normalizer:[0.019999999552965164, 0.019999999552965164, 0.05000000074505806], rot_normalizer:0.3490658503988659
[predict()] making cropped data
[make_crop_data_batch()] Welcome make_crop_data_batch
[make_crop_data_batch()] make tf_to_crops done
[make_crop_data_batch()] render done
[make_crop_data_batch()] warp done
[make_crop_data_batch()] pose batch data done
[predict()] forward start
/home/yanghong/Reconstruct_and_Retarget/third_party/FoundationPose/learning/training/predict_pose_refine.py:190: FutureWarning: `torch.cuda.amp.autocast(args...)` is deprecated. Please use `torch.amp.autocast('cuda', args...)` instead.
  with torch.cuda.amp.autocast(enabled=self.amp):
[predict()] forward done
[predict()] making cropped data
[make_crop_data_batch()] Welcome make_crop_data_batch
[make_crop_data_batch()] make tf_to_crops done
[make_crop_data_batch()] render done
[make_crop_data_batch()] warp done
[make_crop_data_batch()] pose batch data done
[predict()] forward start
[predict()] forward done
[predict()] making cropped data
[make_crop_data_batch()] Welcome make_crop_data_batch
[make_crop_data_batch()] make tf_to_crops done
[make_crop_data_batch()] render done
[make_crop_data_batch()] warp done
[make_crop_data_batch()] pose batch data done
[predict()] forward start
[predict()] forward done
[predict()] making cropped data
[make_crop_data_batch()] Welcome make_crop_data_batch
[make_crop_data_batch()] make tf_to_crops done
[make_crop_data_batch()] render done
[make_crop_data_batch()] warp done
[make_crop_data_batch()] pose batch data done
[predict()] forward start
[predict()] forward done
[predict()] making cropped data
[make_crop_data_batch()] Welcome make_crop_data_batch
[make_crop_data_batch()] make tf_to_crops done
[make_crop_data_batch()] render done
[make_crop_data_batch()] warp done
[make_crop_data_batch()] pose batch data done
[predict()] forward start
[predict()] forward done
[predict()] ob_in_cams:(252, 4, 4)
[predict()] self.cfg.use_normal:False
[predict()] making cropped data
[make_crop_data_batch()] Welcome make_crop_data_batch
[make_crop_data_batch()] make tf_to_crops done
[make_crop_data_batch()] render done
Warp 1.14.0 initialized:
   CUDA Toolkit 12.9, Driver 13.0
   Devices:
     "cpu"      : "x86_64"
     "cuda:0"   : "NVIDIA RTX A6000" (47 GiB, sm_86, mempool enabled)
   Kernel cache:
     /home/yanghong/.cache/warp/1.14.0
Module Utils f1d1490 load on device 'cuda:0' took 4.14 ms  (cached)
Traceback (most recent call last):
  File "/home/yanghong/Reconstruct_and_Retarget/ego_pipeline/Reconstruction/recon_pipeline/fp_pose/run_sequence.py", line 156, in <module>
    raise SystemExit(main())
  File "/home/yanghong/Reconstruct_and_Retarget/ego_pipeline/Reconstruction/recon_pipeline/fp_pose/run_sequence.py", line 139, in main
    run_fp_pose(
  File "/home/yanghong/Reconstruct_and_Retarget/ego_pipeline/Reconstruction/recon_pipeline/fp_pose/run_sequence.py", line 89, in run_fp_pose
    meta = run_fp_pp_track(
  File "/home/yanghong/Reconstruct_and_Retarget/ego_pipeline/Reconstruction/recon_pipeline/fp_pose/fp_common.py", line 397, in run_fp_pp_track
    meta_i = _run_fp_pp_track_one(
  File "/home/yanghong/Reconstruct_and_Retarget/ego_pipeline/Reconstruction/recon_pipeline/fp_pose/fp_common.py", line 290, in _run_fp_pp_track_one
    est.register(k_mat, rgb_anchor, depth_anchor, mask_anchor > 0, iteration=register_iters),
  File "/home/yanghong/Reconstruct_and_Retarget/third_party/FoundationPose/estimater.py", line 219, in register
    scores, vis = self.scorer.predict(mesh=self.mesh, rgb=rgb, depth=depth, K=K, ob_in_cams=poses.data.cpu().numpy(), normal_map=normal_map, mesh_tensors=self.mesh_tensors, glctx=self.glctx, mesh_diameter=self.diameter, get_vis=self.debug>=2)
  File "/home/yanghong/miniconda3/envs/biv2ap/lib/python3.10/site-packages/torch/utils/_contextlib.py", line 124, in decorate_context
    return func(*args, **kwargs)
  File "/home/yanghong/Reconstruct_and_Retarget/third_party/FoundationPose/learning/training/predict_score.py", line 180, in predict
    pose_data = make_crop_data_batch(self.cfg.input_resize, ob_in_cams, mesh, rgb, depth, K, crop_ratio=self.cfg['crop_ratio'], glctx=glctx, mesh_tensors=mesh_tensors, dataset=self.dataset, cfg=self.cfg, mesh_diameter=mesh_diameter)
  File "/home/yanghong/miniconda3/envs/biv2ap/lib/python3.10/site-packages/torch/utils/_contextlib.py", line 124, in decorate_context
    return func(*args, **kwargs)
  File "/home/yanghong/Reconstruct_and_Retarget/third_party/FoundationPose/learning/training/predict_score.py", line 110, in make_crop_data_batch
    pose_data = dataset.transform_batch(pose_data, H_ori=H, W_ori=W, bound=1)
  File "/home/yanghong/Reconstruct_and_Retarget/third_party/FoundationPose/learning/datasets/h5_dataset.py", line 178, in transform_batch
    batch = self.transform_depth_to_xyzmap(batch, H_ori, W_ori, bound=bound)
  File "/home/yanghong/Reconstruct_and_Retarget/third_party/FoundationPose/learning/datasets/h5_dataset.py", line 159, in transform_depth_to_xyzmap
    depthBs_ori = kornia.geometry.transform.warp_perspective(batch.depthBs.cuda().expand(bs,-1,-1,-1), crop_to_oris, dsize=(H_ori, W_ori), mode='nearest', align_corners=False)
  File "/home/yanghong/miniconda3/envs/biv2ap/lib/python3.10/site-packages/kornia/geometry/transform/imgwarp.py", line 144, in warp_perspective
    grid = transform_points(src_norm_trans_dst_norm[:, None, None], grid)
  File "/home/yanghong/miniconda3/envs/biv2ap/lib/python3.10/site-packages/kornia/geometry/linalg.py", line 223, in transform_points
    points_0_h = torch.bmm(points_1_h, trans_01.permute(0, 2, 1))
torch.OutOfMemoryError: CUDA out of memory. Tried to allocate 5.84 GiB. GPU 0 has a total capacity of 47.40 GiB of which 5.21 GiB is free. Process 1328776 has 4.05 GiB memory in use. Process 1497882 has 3.62 GiB memory in use. Process 2055776 has 7.11 GiB memory in use. Process 2324041 has 7.76 GiB memory in use. Process 2328897 has 5.47 GiB memory in use. Including non-PyTorch memory, this process has 14.04 GiB memory in use. Of the allocated memory 10.67 GiB is allocated by PyTorch, and 1.24 GiB is reserved by PyTorch but unallocated. If reserved but unallocated memory is large try setting PYTORCH_CUDA_ALLOC_CONF=expandable_segments:True to avoid fragmentation.  See documentation for Memory Management  (https://docs.pytorch.org/docs/stable/notes/cuda.html#optimizing-memory-usage-with-pytorch-cuda-alloc-conf)
num original candidates = 252
num of pose after clustering: 252
ERROR conda.cli.main_run:execute(148): `conda run python /home/yanghong/Reconstruct_and_Retarget/ego_pipeline/Reconstruction/recon_pipeline/fp_pose/run_sequence.py --dataset egodex_part4 --video-id screw_unscrew_bottle_cap__36 --video /home/yanghong/Reconstruct_and_Retarget/Data/egodex_part4/screw_unscrew_bottle_cap/36.mp4 --force --depth-scale 0.328540 --gpu 0` failed. (See above for error)

===== fp_pose screw_unscrew_bottle_cap__36 gpu=7 2026-08-27 22:56:13 =====
[fp_pose] CUDA_VISIBLE_DEVICES=7 local_gpu=0
[fp_pose] frame_plan object_0: 配准帧 12 -> 22
[__init__()] self.cfg: 
 lr: 0.0001
c_in: 6
zfar: 'Infinity'
debug: null
n_view: 1
run_id: 3wy8qqex
use_BN: true
exp_name: 2024-01-11-20-02-45
n_epochs: 62
save_dir: /home/bowenw/debug/2024-01-11-20-02-45/
use_mask: false
loss_type: pairwise_valid
optimizer: adam
batch_size: 64
crop_ratio: 1.1
enable_amp: true
use_normal: false
max_num_key: null
warmup_step: -1
input_resize:
- 160
- 160
max_step_val: 1000
vis_interval: 1000
weight_decay: 0
normalize_xyz: true
resume_run_id: null
clip_grad_norm: 'Infinity'
lr_epoch_decay: 500
render_backend: nvdiffrast
train_num_pair: 5
lr_decay_epochs:
- 50
n_epochs_warmup: 1
make_pair_online: false
gradient_max_norm: 'Infinity'
max_step_per_epoch: 10000
n_rendering_workers: 1
save_epoch_interval: 100
n_dataloader_workers: 100
split_objects_across_gpus: true
ckpt_dir: /home/yanghong/Reconstruct_and_Retarget/third_party/FoundationPose/learning/training/../../weights/2024-01-11-20-02-45/model_best.pth

[__init__()] self.h5_file:None
[__init__()] Using pretrained model from /home/yanghong/Reconstruct_and_Retarget/third_party/FoundationPose/learning/training/../../weights/2024-01-11-20-02-45/model_best.pth
[__init__()] init done
[__init__()] welcome
[__init__()] self.cfg: 
 lr: 0.0001
c_in: 6
zfar: .inf
debug: null
w_rot: 0.1
n_view: 1
run_id: null
use_BN: true
rot_rep: axis_angle
ckpt_dir: /home/yanghong/Reconstruct_and_Retarget/third_party/FoundationPose/learning/training/../../weights/2023-10-28-18-33-37/model_best.pth
exp_name: 2023-10-28-18-33-37
save_dir: /tmp/2023-10-28-18-33-37/
loss_type: l2
optimizer: adam
trans_rep: tracknet
batch_size: 64
crop_ratio: 1.2
use_normal: false
BN_momentum: 0.1
max_num_key: null
warmup_step: -1
input_resize:
- 160
- 160
max_step_val: 1000
normal_uint8: false
vis_interval: 1000
weight_decay: 0
n_max_objects: null
normalize_xyz: true
clip_grad_norm: 'Infinity'
rot_normalizer: 0.3490658503988659
trans_normalizer:
- 0.019999999552965164
- 0.019999999552965164
- 0.05000000074505806
max_step_per_epoch: 25000
val_epoch_interval: 10
n_dataloader_workers: 60
enable_amp: true
use_mask: false

[__init__()] self.h5_file:
[__init__()] Using pretrained model from /home/yanghong/Reconstruct_and_Retarget/third_party/FoundationPose/learning/training/../../weights/2023-10-28-18-33-37/model_best.pth
[__init__()] init done
[reset_object()] self.diameter:0.20152238087677932, vox_size:0.010076119043838965
[reset_object()] self.pts:torch.Size([135, 3])
[reset_object()] reset done
[make_rotation_grid()] cam_in_obs:(42, 4, 4)
[make_rotation_grid()] rot_grid:(252, 4, 4)
[make_rotation_grid()] after cluster, rot_grid:(252, 4, 4)
[make_rotation_grid()] self.rot_grid: torch.Size([252, 4, 4])
[register()] Welcome
[register()] poses:(252, 4, 4)
[register()] after viewpoint, add_errs min:-1.0
/home/yanghong/miniconda3/envs/biv2ap/lib/python3.10/site-packages/torch/__init__.py:1323: UserWarning: torch.set_default_tensor_type() is deprecated as of PyTorch 2.1, please use torch.set_default_dtype() and torch.set_default_device() as alternatives. (Triggered internally at /pytorch/torch/csrc/tensor/python_tensor.cpp:434.)
  _C._set_default_tensor_type(t)
[predict()] ob_in_cams:(252, 4, 4)
[predict()] self.cfg.use_normal:False
[predict()] trans_normalizer:[0.019999999552965164, 0.019999999552965164, 0.05000000074505806], rot_normalizer:0.3490658503988659
[predict()] making cropped data
[make_crop_data_batch()] Welcome make_crop_data_batch
[make_crop_data_batch()] make tf_to_crops done
[make_crop_data_batch()] render done
[make_crop_data_batch()] warp done
[make_crop_data_batch()] pose batch data done
[predict()] forward start
/home/yanghong/Reconstruct_and_Retarget/third_party/FoundationPose/learning/training/predict_pose_refine.py:190: FutureWarning: `torch.cuda.amp.autocast(args...)` is deprecated. Please use `torch.amp.autocast('cuda', args...)` instead.
  with torch.cuda.amp.autocast(enabled=self.amp):
[predict()] forward done
[predict()] making cropped data
[make_crop_data_batch()] Welcome make_crop_data_batch
[make_crop_data_batch()] make tf_to_crops done
[make_crop_data_batch()] render done
[make_crop_data_batch()] warp done
[make_crop_data_batch()] pose batch data done
[predict()] forward start
[predict()] forward done
[predict()] making cropped data
[make_crop_data_batch()] Welcome make_crop_data_batch
[make_crop_data_batch()] make tf_to_crops done
[make_crop_data_batch()] render done
[make_crop_data_batch()] warp done
[make_crop_data_batch()] pose batch data done
[predict()] forward start
[predict()] forward done
[predict()] making cropped data
[make_crop_data_batch()] Welcome make_crop_data_batch
[make_crop_data_batch()] make tf_to_crops done
[make_crop_data_batch()] render done
[make_crop_data_batch()] warp done
[make_crop_data_batch()] pose batch data done
[predict()] forward start
[predict()] forward done
[predict()] making cropped data
[make_crop_data_batch()] Welcome make_crop_data_batch
[make_crop_data_batch()] make tf_to_crops done
[make_crop_data_batch()] render done
[make_crop_data_batch()] warp done
[make_crop_data_batch()] pose batch data done
[predict()] forward start
[predict()] forward done
[predict()] ob_in_cams:(252, 4, 4)
[predict()] self.cfg.use_normal:False
[predict()] making cropped data
[make_crop_data_batch()] Welcome make_crop_data_batch
[make_crop_data_batch()] make tf_to_crops done
[make_crop_data_batch()] render done
Warp 1.14.0 initialized:
   CUDA Toolkit 12.9, Driver 13.0
   Devices:
     "cpu"      : "x86_64"
     "cuda:0"   : "NVIDIA RTX A6000" (47 GiB, sm_86, mempool enabled)
   Kernel cache:
     /home/yanghong/.cache/warp/1.14.0
Module Utils f1d1490 load on device 'cuda:0' took 2.50 ms  (cached)
Traceback (most recent call last):
  File "/home/yanghong/Reconstruct_and_Retarget/ego_pipeline/Reconstruction/recon_pipeline/fp_pose/run_sequence.py", line 156, in <module>
    raise SystemExit(main())
  File "/home/yanghong/Reconstruct_and_Retarget/ego_pipeline/Reconstruction/recon_pipeline/fp_pose/run_sequence.py", line 139, in main
    run_fp_pose(
  File "/home/yanghong/Reconstruct_and_Retarget/ego_pipeline/Reconstruction/recon_pipeline/fp_pose/run_sequence.py", line 89, in run_fp_pose
    meta = run_fp_pp_track(
  File "/home/yanghong/Reconstruct_and_Retarget/ego_pipeline/Reconstruction/recon_pipeline/fp_pose/fp_common.py", line 397, in run_fp_pp_track
    meta_i = _run_fp_pp_track_one(
  File "/home/yanghong/Reconstruct_and_Retarget/ego_pipeline/Reconstruction/recon_pipeline/fp_pose/fp_common.py", line 290, in _run_fp_pp_track_one
    est.register(k_mat, rgb_anchor, depth_anchor, mask_anchor > 0, iteration=register_iters),
  File "/home/yanghong/Reconstruct_and_Retarget/third_party/FoundationPose/estimater.py", line 219, in register
    scores, vis = self.scorer.predict(mesh=self.mesh, rgb=rgb, depth=depth, K=K, ob_in_cams=poses.data.cpu().numpy(), normal_map=normal_map, mesh_tensors=self.mesh_tensors, glctx=self.glctx, mesh_diameter=self.diameter, get_vis=self.debug>=2)
  File "/home/yanghong/miniconda3/envs/biv2ap/lib/python3.10/site-packages/torch/utils/_contextlib.py", line 124, in decorate_context
    return func(*args, **kwargs)
  File "/home/yanghong/Reconstruct_and_Retarget/third_party/FoundationPose/learning/training/predict_score.py", line 180, in predict
    pose_data = make_crop_data_batch(self.cfg.input_resize, ob_in_cams, mesh, rgb, depth, K, crop_ratio=self.cfg['crop_ratio'], glctx=glctx, mesh_tensors=mesh_tensors, dataset=self.dataset, cfg=self.cfg, mesh_diameter=mesh_diameter)
  File "/home/yanghong/miniconda3/envs/biv2ap/lib/python3.10/site-packages/torch/utils/_contextlib.py", line 124, in decorate_context
    return func(*args, **kwargs)
  File "/home/yanghong/Reconstruct_and_Retarget/third_party/FoundationPose/learning/training/predict_score.py", line 110, in make_crop_data_batch
    pose_data = dataset.transform_batch(pose_data, H_ori=H, W_ori=W, bound=1)
  File "/home/yanghong/Reconstruct_and_Retarget/third_party/FoundationPose/learning/datasets/h5_dataset.py", line 178, in transform_batch
    batch = self.transform_depth_to_xyzmap(batch, H_ori, W_ori, bound=bound)
  File "/home/yanghong/Reconstruct_and_Retarget/third_party/FoundationPose/learning/datasets/h5_dataset.py", line 159, in transform_depth_to_xyzmap
    depthBs_ori = kornia.geometry.transform.warp_perspective(batch.depthBs.cuda().expand(bs,-1,-1,-1), crop_to_oris, dsize=(H_ori, W_ori), mode='nearest', align_corners=False)
  File "/home/yanghong/miniconda3/envs/biv2ap/lib/python3.10/site-packages/kornia/geometry/transform/imgwarp.py", line 144, in warp_perspective
    grid = transform_points(src_norm_trans_dst_norm[:, None, None], grid)
  File "/home/yanghong/miniconda3/envs/biv2ap/lib/python3.10/site-packages/kornia/geometry/linalg.py", line 226, in transform_points
    points_0 = convert_points_from_homogeneous(points_0_h)  # BxNxD
  File "/home/yanghong/miniconda3/envs/biv2ap/lib/python3.10/site-packages/kornia/geometry/conversions.py", line 201, in convert_points_from_homogeneous
    mask: Tensor = torch.abs(z_vec) > eps
torch.OutOfMemoryError: CUDA out of memory. Tried to allocate 1.95 GiB. GPU 0 has a total capacity of 47.40 GiB of which 1.66 GiB is free. Process 1328776 has 4.05 GiB memory in use. Process 1497882 has 3.62 GiB memory in use. Process 2055776 has 7.11 GiB memory in use. Process 2328897 has 5.47 GiB memory in use. Process 2331133 has 5.47 GiB memory in use. Including non-PyTorch memory, this process has 19.89 GiB memory in use. Of the allocated memory 16.51 GiB is allocated by PyTorch, and 1.25 GiB is reserved by PyTorch but unallocated. If reserved but unallocated memory is large try setting PYTORCH_CUDA_ALLOC_CONF=expandable_segments:True to avoid fragmentation.  See documentation for Memory Management  (https://docs.pytorch.org/docs/stable/notes/cuda.html#optimizing-memory-usage-with-pytorch-cuda-alloc-conf)
num original candidates = 252
num of pose after clustering: 252
ERROR conda.cli.main_run:execute(148): `conda run python /home/yanghong/Reconstruct_and_Retarget/ego_pipeline/Reconstruction/recon_pipeline/fp_pose/run_sequence.py --dataset egodex_part4 --video-id screw_unscrew_bottle_cap__36 --video /home/yanghong/Reconstruct_and_Retarget/Data/egodex_part4/screw_unscrew_bottle_cap/36.mp4 --force --depth-scale 0.328540 --gpu 0` failed. (See above for error)

===== fp_pose screw_unscrew_bottle_cap__36 gpu=7 2026-08-27 22:56:43 =====
[fp_pose] CUDA_VISIBLE_DEVICES=7 local_gpu=0
[fp_pose] frame_plan object_0: 配准帧 12 -> 22
[__init__()] self.cfg: 
 lr: 0.0001
c_in: 6
zfar: 'Infinity'
debug: null
n_view: 1
run_id: 3wy8qqex
use_BN: true
exp_name: 2024-01-11-20-02-45
n_epochs: 62
save_dir: /home/bowenw/debug/2024-01-11-20-02-45/
use_mask: false
loss_type: pairwise_valid
optimizer: adam
batch_size: 64
crop_ratio: 1.1
enable_amp: true
use_normal: false
max_num_key: null
warmup_step: -1
input_resize:
- 160
- 160
max_step_val: 1000
vis_interval: 1000
weight_decay: 0
normalize_xyz: true
resume_run_id: null
clip_grad_norm: 'Infinity'
lr_epoch_decay: 500
render_backend: nvdiffrast
train_num_pair: 5
lr_decay_epochs:
- 50
n_epochs_warmup: 1
make_pair_online: false
gradient_max_norm: 'Infinity'
max_step_per_epoch: 10000
n_rendering_workers: 1
save_epoch_interval: 100
n_dataloader_workers: 100
split_objects_across_gpus: true
ckpt_dir: /home/yanghong/Reconstruct_and_Retarget/third_party/FoundationPose/learning/training/../../weights/2024-01-11-20-02-45/model_best.pth

[__init__()] self.h5_file:None
[__init__()] Using pretrained model from /home/yanghong/Reconstruct_and_Retarget/third_party/FoundationPose/learning/training/../../weights/2024-01-11-20-02-45/model_best.pth
[__init__()] init done
[__init__()] welcome
[__init__()] self.cfg: 
 lr: 0.0001
c_in: 6
zfar: .inf
debug: null
w_rot: 0.1
n_view: 1
run_id: null
use_BN: true
rot_rep: axis_angle
ckpt_dir: /home/yanghong/Reconstruct_and_Retarget/third_party/FoundationPose/learning/training/../../weights/2023-10-28-18-33-37/model_best.pth
exp_name: 2023-10-28-18-33-37
save_dir: /tmp/2023-10-28-18-33-37/
loss_type: l2
optimizer: adam
trans_rep: tracknet
batch_size: 64
crop_ratio: 1.2
use_normal: false
BN_momentum: 0.1
max_num_key: null
warmup_step: -1
input_resize:
- 160
- 160
max_step_val: 1000
normal_uint8: false
vis_interval: 1000
weight_decay: 0
n_max_objects: null
normalize_xyz: true
clip_grad_norm: 'Infinity'
rot_normalizer: 0.3490658503988659
trans_normalizer:
- 0.019999999552965164
- 0.019999999552965164
- 0.05000000074505806
max_step_per_epoch: 25000
val_epoch_interval: 10
n_dataloader_workers: 60
enable_amp: true
use_mask: false

[__init__()] self.h5_file:
[__init__()] Using pretrained model from /home/yanghong/Reconstruct_and_Retarget/third_party/FoundationPose/learning/training/../../weights/2023-10-28-18-33-37/model_best.pth
[__init__()] init done
[reset_object()] self.diameter:0.20152237707412596, vox_size:0.010076118853706299
[reset_object()] self.pts:torch.Size([135, 3])
[reset_object()] reset done
[make_rotation_grid()] cam_in_obs:(42, 4, 4)
[make_rotation_grid()] rot_grid:(252, 4, 4)
[make_rotation_grid()] after cluster, rot_grid:(252, 4, 4)
[make_rotation_grid()] self.rot_grid: torch.Size([252, 4, 4])
[register()] Welcome
[register()] poses:(252, 4, 4)
[register()] after viewpoint, add_errs min:-1.0
/home/yanghong/miniconda3/envs/biv2ap/lib/python3.10/site-packages/torch/__init__.py:1323: UserWarning: torch.set_default_tensor_type() is deprecated as of PyTorch 2.1, please use torch.set_default_dtype() and torch.set_default_device() as alternatives. (Triggered internally at /pytorch/torch/csrc/tensor/python_tensor.cpp:434.)
  _C._set_default_tensor_type(t)
[predict()] ob_in_cams:(252, 4, 4)
[predict()] self.cfg.use_normal:False
[predict()] trans_normalizer:[0.019999999552965164, 0.019999999552965164, 0.05000000074505806], rot_normalizer:0.3490658503988659
[predict()] making cropped data
[make_crop_data_batch()] Welcome make_crop_data_batch
[make_crop_data_batch()] make tf_to_crops done
[make_crop_data_batch()] render done
[make_crop_data_batch()] warp done
[make_crop_data_batch()] pose batch data done
[predict()] forward start
/home/yanghong/Reconstruct_and_Retarget/third_party/FoundationPose/learning/training/predict_pose_refine.py:190: FutureWarning: `torch.cuda.amp.autocast(args...)` is deprecated. Please use `torch.amp.autocast('cuda', args...)` instead.
  with torch.cuda.amp.autocast(enabled=self.amp):
[predict()] forward done
[predict()] making cropped data
[make_crop_data_batch()] Welcome make_crop_data_batch
[make_crop_data_batch()] make tf_to_crops done
[make_crop_data_batch()] render done
[make_crop_data_batch()] warp done
[make_crop_data_batch()] pose batch data done
[predict()] forward start
[predict()] forward done
[predict()] making cropped data
[make_crop_data_batch()] Welcome make_crop_data_batch
[make_crop_data_batch()] make tf_to_crops done
[make_crop_data_batch()] render done
[make_crop_data_batch()] warp done
[make_crop_data_batch()] pose batch data done
[predict()] forward start
[predict()] forward done
[predict()] making cropped data
[make_crop_data_batch()] Welcome make_crop_data_batch
[make_crop_data_batch()] make tf_to_crops done
[make_crop_data_batch()] render done
[make_crop_data_batch()] warp done
[make_crop_data_batch()] pose batch data done
[predict()] forward start
[predict()] forward done
[predict()] making cropped data
[make_crop_data_batch()] Welcome make_crop_data_batch
[make_crop_data_batch()] make tf_to_crops done
[make_crop_data_batch()] render done
[make_crop_data_batch()] warp done
[make_crop_data_batch()] pose batch data done
[predict()] forward start
[predict()] forward done
[predict()] ob_in_cams:(252, 4, 4)
[predict()] self.cfg.use_normal:False
[predict()] making cropped data
[make_crop_data_batch()] Welcome make_crop_data_batch
[make_crop_data_batch()] make tf_to_crops done
[make_crop_data_batch()] render done
Warp 1.14.0 initialized:
   CUDA Toolkit 12.9, Driver 13.0
   Devices:
     "cpu"      : "x86_64"
     "cuda:0"   : "NVIDIA RTX A6000" (47 GiB, sm_86, mempool enabled)
   Kernel cache:
     /home/yanghong/.cache/warp/1.14.0
Module Utils f1d1490 load on device 'cuda:0' took 5.41 ms  (cached)
Traceback (most recent call last):
  File "/home/yanghong/Reconstruct_and_Retarget/ego_pipeline/Reconstruction/recon_pipeline/fp_pose/run_sequence.py", line 156, in <module>
    raise SystemExit(main())
  File "/home/yanghong/Reconstruct_and_Retarget/ego_pipeline/Reconstruction/recon_pipeline/fp_pose/run_sequence.py", line 139, in main
    run_fp_pose(
  File "/home/yanghong/Reconstruct_and_Retarget/ego_pipeline/Reconstruction/recon_pipeline/fp_pose/run_sequence.py", line 89, in run_fp_pose
    meta = run_fp_pp_track(
  File "/home/yanghong/Reconstruct_and_Retarget/ego_pipeline/Reconstruction/recon_pipeline/fp_pose/fp_common.py", line 397, in run_fp_pp_track
    meta_i = _run_fp_pp_track_one(
  File "/home/yanghong/Reconstruct_and_Retarget/ego_pipeline/Reconstruction/recon_pipeline/fp_pose/fp_common.py", line 290, in _run_fp_pp_track_one
    est.register(k_mat, rgb_anchor, depth_anchor, mask_anchor > 0, iteration=register_iters),
  File "/home/yanghong/Reconstruct_and_Retarget/third_party/FoundationPose/estimater.py", line 219, in register
    scores, vis = self.scorer.predict(mesh=self.mesh, rgb=rgb, depth=depth, K=K, ob_in_cams=poses.data.cpu().numpy(), normal_map=normal_map, mesh_tensors=self.mesh_tensors, glctx=self.glctx, mesh_diameter=self.diameter, get_vis=self.debug>=2)
  File "/home/yanghong/miniconda3/envs/biv2ap/lib/python3.10/site-packages/torch/utils/_contextlib.py", line 124, in decorate_context
    return func(*args, **kwargs)
  File "/home/yanghong/Reconstruct_and_Retarget/third_party/FoundationPose/learning/training/predict_score.py", line 180, in predict
    pose_data = make_crop_data_batch(self.cfg.input_resize, ob_in_cams, mesh, rgb, depth, K, crop_ratio=self.cfg['crop_ratio'], glctx=glctx, mesh_tensors=mesh_tensors, dataset=self.dataset, cfg=self.cfg, mesh_diameter=mesh_diameter)
  File "/home/yanghong/miniconda3/envs/biv2ap/lib/python3.10/site-packages/torch/utils/_contextlib.py", line 124, in decorate_context
    return func(*args, **kwargs)
  File "/home/yanghong/Reconstruct_and_Retarget/third_party/FoundationPose/learning/training/predict_score.py", line 110, in make_crop_data_batch
    pose_data = dataset.transform_batch(pose_data, H_ori=H, W_ori=W, bound=1)
  File "/home/yanghong/Reconstruct_and_Retarget/third_party/FoundationPose/learning/datasets/h5_dataset.py", line 178, in transform_batch
    batch = self.transform_depth_to_xyzmap(batch, H_ori, W_ori, bound=bound)
  File "/home/yanghong/Reconstruct_and_Retarget/third_party/FoundationPose/learning/datasets/h5_dataset.py", line 159, in transform_depth_to_xyzmap
    depthBs_ori = kornia.geometry.transform.warp_perspective(batch.depthBs.cuda().expand(bs,-1,-1,-1), crop_to_oris, dsize=(H_ori, W_ori), mode='nearest', align_corners=False)
  File "/home/yanghong/miniconda3/envs/biv2ap/lib/python3.10/site-packages/kornia/geometry/transform/imgwarp.py", line 144, in warp_perspective
    grid = transform_points(src_norm_trans_dst_norm[:, None, None], grid)
  File "/home/yanghong/miniconda3/envs/biv2ap/lib/python3.10/site-packages/kornia/geometry/linalg.py", line 223, in transform_points
    points_0_h = torch.bmm(points_1_h, trans_01.permute(0, 2, 1))
torch.OutOfMemoryError: CUDA out of memory. Tried to allocate 5.84 GiB. GPU 0 has a total capacity of 47.40 GiB of which 5.21 GiB is free. Process 1328776 has 4.05 GiB memory in use. Process 1497882 has 3.62 GiB memory in use. Process 2055776 has 7.11 GiB memory in use. Process 2328897 has 7.76 GiB memory in use. Process 2331133 has 5.47 GiB memory in use. Including non-PyTorch memory, this process has 14.04 GiB memory in use. Of the allocated memory 10.67 GiB is allocated by PyTorch, and 1.24 GiB is reserved by PyTorch but unallocated. If reserved but unallocated memory is large try setting PYTORCH_CUDA_ALLOC_CONF=expandable_segments:True to avoid fragmentation.  See documentation for Memory Management  (https://docs.pytorch.org/docs/stable/notes/cuda.html#optimizing-memory-usage-with-pytorch-cuda-alloc-conf)
num original candidates = 252
num of pose after clustering: 252
ERROR conda.cli.main_run:execute(148): `conda run python /home/yanghong/Reconstruct_and_Retarget/ego_pipeline/Reconstruction/recon_pipeline/fp_pose/run_sequence.py --dataset egodex_part4 --video-id screw_unscrew_bottle_cap__36 --video /home/yanghong/Reconstruct_and_Retarget/Data/egodex_part4/screw_unscrew_bottle_cap/36.mp4 --force --depth-scale 0.328540 --gpu 0` failed. (See above for error)

===== fp_pose screw_unscrew_bottle_cap__36 gpu=7 2026-08-27 22:57:34 =====
[fp_pose] CUDA_VISIBLE_DEVICES=7 local_gpu=0
[fp_pose] frame_plan object_0: 配准帧 12 -> 22
[__init__()] self.cfg: 
 lr: 0.0001
c_in: 6
zfar: 'Infinity'
debug: null
n_view: 1
run_id: 3wy8qqex
use_BN: true
exp_name: 2024-01-11-20-02-45
n_epochs: 62
save_dir: /home/bowenw/debug/2024-01-11-20-02-45/
use_mask: false
loss_type: pairwise_valid
optimizer: adam
batch_size: 64
crop_ratio: 1.1
enable_amp: true
use_normal: false
max_num_key: null
warmup_step: -1
input_resize:
- 160
- 160
max_step_val: 1000
vis_interval: 1000
weight_decay: 0
normalize_xyz: true
resume_run_id: null
clip_grad_norm: 'Infinity'
lr_epoch_decay: 500
render_backend: nvdiffrast
train_num_pair: 5
lr_decay_epochs:
- 50
n_epochs_warmup: 1
make_pair_online: false
gradient_max_norm: 'Infinity'
max_step_per_epoch: 10000
n_rendering_workers: 1
save_epoch_interval: 100
n_dataloader_workers: 100
split_objects_across_gpus: true
ckpt_dir: /home/yanghong/Reconstruct_and_Retarget/third_party/FoundationPose/learning/training/../../weights/2024-01-11-20-02-45/model_best.pth

[__init__()] self.h5_file:None
[__init__()] Using pretrained model from /home/yanghong/Reconstruct_and_Retarget/third_party/FoundationPose/learning/training/../../weights/2024-01-11-20-02-45/model_best.pth
[__init__()] init done
[__init__()] welcome
[__init__()] self.cfg: 
 lr: 0.0001
c_in: 6
zfar: .inf
debug: null
w_rot: 0.1
n_view: 1
run_id: null
use_BN: true
rot_rep: axis_angle
ckpt_dir: /home/yanghong/Reconstruct_and_Retarget/third_party/FoundationPose/learning/training/../../weights/2023-10-28-18-33-37/model_best.pth
exp_name: 2023-10-28-18-33-37
save_dir: /tmp/2023-10-28-18-33-37/
loss_type: l2
optimizer: adam
trans_rep: tracknet
batch_size: 64
crop_ratio: 1.2
use_normal: false
BN_momentum: 0.1
max_num_key: null
warmup_step: -1
input_resize:
- 160
- 160
max_step_val: 1000
normal_uint8: false
vis_interval: 1000
weight_decay: 0
n_max_objects: null
normalize_xyz: true
clip_grad_norm: 'Infinity'
rot_normalizer: 0.3490658503988659
trans_normalizer:
- 0.019999999552965164
- 0.019999999552965164
- 0.05000000074505806
max_step_per_epoch: 25000
val_epoch_interval: 10
n_dataloader_workers: 60
enable_amp: true
use_mask: false

[__init__()] self.h5_file:
[__init__()] Using pretrained model from /home/yanghong/Reconstruct_and_Retarget/third_party/FoundationPose/learning/training/../../weights/2023-10-28-18-33-37/model_best.pth
[__init__()] init done
[reset_object()] self.diameter:0.20152237861808325, vox_size:0.010076118930904163
[reset_object()] self.pts:torch.Size([135, 3])
[reset_object()] reset done
[make_rotation_grid()] cam_in_obs:(42, 4, 4)
[make_rotation_grid()] rot_grid:(252, 4, 4)
[make_rotation_grid()] after cluster, rot_grid:(252, 4, 4)
[make_rotation_grid()] self.rot_grid: torch.Size([252, 4, 4])
[register()] Welcome
[register()] poses:(252, 4, 4)
[register()] after viewpoint, add_errs min:-1.0
/home/yanghong/miniconda3/envs/biv2ap/lib/python3.10/site-packages/torch/__init__.py:1323: UserWarning: torch.set_default_tensor_type() is deprecated as of PyTorch 2.1, please use torch.set_default_dtype() and torch.set_default_device() as alternatives. (Triggered internally at /pytorch/torch/csrc/tensor/python_tensor.cpp:434.)
  _C._set_default_tensor_type(t)
[predict()] ob_in_cams:(252, 4, 4)
[predict()] self.cfg.use_normal:False
[predict()] trans_normalizer:[0.019999999552965164, 0.019999999552965164, 0.05000000074505806], rot_normalizer:0.3490658503988659
[predict()] making cropped data
[make_crop_data_batch()] Welcome make_crop_data_batch
[make_crop_data_batch()] make tf_to_crops done
[make_crop_data_batch()] render done
[make_crop_data_batch()] warp done
[make_crop_data_batch()] pose batch data done
[predict()] forward start
/home/yanghong/Reconstruct_and_Retarget/third_party/FoundationPose/learning/training/predict_pose_refine.py:190: FutureWarning: `torch.cuda.amp.autocast(args...)` is deprecated. Please use `torch.amp.autocast('cuda', args...)` instead.
  with torch.cuda.amp.autocast(enabled=self.amp):
[predict()] forward done
[predict()] making cropped data
[make_crop_data_batch()] Welcome make_crop_data_batch
[make_crop_data_batch()] make tf_to_crops done
[make_crop_data_batch()] render done
[make_crop_data_batch()] warp done
[make_crop_data_batch()] pose batch data done
[predict()] forward start
[predict()] forward done
[predict()] making cropped data
[make_crop_data_batch()] Welcome make_crop_data_batch
[make_crop_data_batch()] make tf_to_crops done
[make_crop_data_batch()] render done
[make_crop_data_batch()] warp done
[make_crop_data_batch()] pose batch data done
[predict()] forward start
[predict()] forward done
[predict()] making cropped data
[make_crop_data_batch()] Welcome make_crop_data_batch
[make_crop_data_batch()] make tf_to_crops done
[make_crop_data_batch()] render done
[make_crop_data_batch()] warp done
[make_crop_data_batch()] pose batch data done
[predict()] forward start
[predict()] forward done
[predict()] making cropped data
[make_crop_data_batch()] Welcome make_crop_data_batch
[make_crop_data_batch()] make tf_to_crops done
[make_crop_data_batch()] render done
[make_crop_data_batch()] warp done
[make_crop_data_batch()] pose batch data done
[predict()] forward start
[predict()] forward done
[predict()] ob_in_cams:(252, 4, 4)
[predict()] self.cfg.use_normal:False
[predict()] making cropped data
[make_crop_data_batch()] Welcome make_crop_data_batch
[make_crop_data_batch()] make tf_to_crops done
[make_crop_data_batch()] render done
Warp 1.14.0 initialized:
   CUDA Toolkit 12.9, Driver 13.0
   Devices:
     "cpu"      : "x86_64"
     "cuda:0"   : "NVIDIA RTX A6000" (47 GiB, sm_86, mempool enabled)
   Kernel cache:
     /home/yanghong/.cache/warp/1.14.0
Module Utils f1d1490 load on device 'cuda:0' took 1.81 ms  (cached)
Traceback (most recent call last):
  File "/home/yanghong/Reconstruct_and_Retarget/ego_pipeline/Reconstruction/recon_pipeline/fp_pose/run_sequence.py", line 156, in <module>
    raise SystemExit(main())
  File "/home/yanghong/Reconstruct_and_Retarget/ego_pipeline/Reconstruction/recon_pipeline/fp_pose/run_sequence.py", line 139, in main
    run_fp_pose(
  File "/home/yanghong/Reconstruct_and_Retarget/ego_pipeline/Reconstruction/recon_pipeline/fp_pose/run_sequence.py", line 89, in run_fp_pose
    meta = run_fp_pp_track(
  File "/home/yanghong/Reconstruct_and_Retarget/ego_pipeline/Reconstruction/recon_pipeline/fp_pose/fp_common.py", line 397, in run_fp_pp_track
    meta_i = _run_fp_pp_track_one(
  File "/home/yanghong/Reconstruct_and_Retarget/ego_pipeline/Reconstruction/recon_pipeline/fp_pose/fp_common.py", line 290, in _run_fp_pp_track_one
    est.register(k_mat, rgb_anchor, depth_anchor, mask_anchor > 0, iteration=register_iters),
  File "/home/yanghong/Reconstruct_and_Retarget/third_party/FoundationPose/estimater.py", line 219, in register
    scores, vis = self.scorer.predict(mesh=self.mesh, rgb=rgb, depth=depth, K=K, ob_in_cams=poses.data.cpu().numpy(), normal_map=normal_map, mesh_tensors=self.mesh_tensors, glctx=self.glctx, mesh_diameter=self.diameter, get_vis=self.debug>=2)
  File "/home/yanghong/miniconda3/envs/biv2ap/lib/python3.10/site-packages/torch/utils/_contextlib.py", line 124, in decorate_context
    return func(*args, **kwargs)
  File "/home/yanghong/Reconstruct_and_Retarget/third_party/FoundationPose/learning/training/predict_score.py", line 180, in predict
    pose_data = make_crop_data_batch(self.cfg.input_resize, ob_in_cams, mesh, rgb, depth, K, crop_ratio=self.cfg['crop_ratio'], glctx=glctx, mesh_tensors=mesh_tensors, dataset=self.dataset, cfg=self.cfg, mesh_diameter=mesh_diameter)
  File "/home/yanghong/miniconda3/envs/biv2ap/lib/python3.10/site-packages/torch/utils/_contextlib.py", line 124, in decorate_context
    return func(*args, **kwargs)
  File "/home/yanghong/Reconstruct_and_Retarget/third_party/FoundationPose/learning/training/predict_score.py", line 110, in make_crop_data_batch
    pose_data = dataset.transform_batch(pose_data, H_ori=H, W_ori=W, bound=1)
  File "/home/yanghong/Reconstruct_and_Retarget/third_party/FoundationPose/learning/datasets/h5_dataset.py", line 178, in transform_batch
    batch = self.transform_depth_to_xyzmap(batch, H_ori, W_ori, bound=bound)
  File "/home/yanghong/Reconstruct_and_Retarget/third_party/FoundationPose/learning/datasets/h5_dataset.py", line 159, in transform_depth_to_xyzmap
    depthBs_ori = kornia.geometry.transform.warp_perspective(batch.depthBs.cuda().expand(bs,-1,-1,-1), crop_to_oris, dsize=(H_ori, W_ori), mode='nearest', align_corners=False)
  File "/home/yanghong/miniconda3/envs/biv2ap/lib/python3.10/site-packages/kornia/geometry/transform/imgwarp.py", line 144, in warp_perspective
    grid = transform_points(src_norm_trans_dst_norm[:, None, None], grid)
  File "/home/yanghong/miniconda3/envs/biv2ap/lib/python3.10/site-packages/kornia/geometry/linalg.py", line 226, in transform_points
    points_0 = convert_points_from_homogeneous(points_0_h)  # BxNxD
  File "/home/yanghong/miniconda3/envs/biv2ap/lib/python3.10/site-packages/kornia/geometry/conversions.py", line 202, in convert_points_from_homogeneous
    scale = where(mask, 1.0 / (z_vec + eps), torch.ones_like(z_vec))
  File "/home/yanghong/miniconda3/envs/biv2ap/lib/python3.10/site-packages/torch/_tensor.py", line 47, in wrapped
    return f(self, *args, **kwargs)
  File "/home/yanghong/miniconda3/envs/biv2ap/lib/python3.10/site-packages/torch/_tensor.py", line 1120, in __rdiv__
    return self.reciprocal() * other
torch.OutOfMemoryError: CUDA out of memory. Tried to allocate 1.95 GiB. GPU 0 has a total capacity of 47.40 GiB of which 241.31 MiB is free. Process 1328776 has 4.05 GiB memory in use. Process 1497882 has 3.62 GiB memory in use. Process 2055776 has 7.11 GiB memory in use. Process 2331133 has 7.76 GiB memory in use. Including non-PyTorch memory, this process has 21.83 GiB memory in use. Process 2335270 has 2.66 GiB memory in use. Of the allocated memory 18.94 GiB is allocated by PyTorch, and 778.40 MiB is reserved by PyTorch but unallocated. If reserved but unallocated memory is large try setting PYTORCH_CUDA_ALLOC_CONF=expandable_segments:True to avoid fragmentation.  See documentation for Memory Management  (https://docs.pytorch.org/docs/stable/notes/cuda.html#optimizing-memory-usage-with-pytorch-cuda-alloc-conf)
num original candidates = 252
num of pose after clustering: 252
ERROR conda.cli.main_run:execute(148): `conda run python /home/yanghong/Reconstruct_and_Retarget/ego_pipeline/Reconstruction/recon_pipeline/fp_pose/run_sequence.py --dataset egodex_part4 --video-id screw_unscrew_bottle_cap__36 --video /home/yanghong/Reconstruct_and_Retarget/Data/egodex_part4/screw_unscrew_bottle_cap/36.mp4 --force --depth-scale 0.328540 --gpu 0` failed. (See above for error)

===== fp_pose screw_unscrew_bottle_cap__36 gpu=7 2026-08-27 22:58:25 =====
[fp_pose] CUDA_VISIBLE_DEVICES=7 local_gpu=0
[fp_pose] frame_plan object_0: 配准帧 12 -> 22
[__init__()] self.cfg: 
 lr: 0.0001
c_in: 6
zfar: 'Infinity'
debug: null
n_view: 1
run_id: 3wy8qqex
use_BN: true
exp_name: 2024-01-11-20-02-45
n_epochs: 62
save_dir: /home/bowenw/debug/2024-01-11-20-02-45/
use_mask: false
loss_type: pairwise_valid
optimizer: adam
batch_size: 64
crop_ratio: 1.1
enable_amp: true
use_normal: false
max_num_key: null
warmup_step: -1
input_resize:
- 160
- 160
max_step_val: 1000
vis_interval: 1000
weight_decay: 0
normalize_xyz: true
resume_run_id: null
clip_grad_norm: 'Infinity'
lr_epoch_decay: 500
render_backend: nvdiffrast
train_num_pair: 5
lr_decay_epochs:
- 50
n_epochs_warmup: 1
make_pair_online: false
gradient_max_norm: 'Infinity'
max_step_per_epoch: 10000
n_rendering_workers: 1
save_epoch_interval: 100
n_dataloader_workers: 100
split_objects_across_gpus: true
ckpt_dir: /home/yanghong/Reconstruct_and_Retarget/third_party/FoundationPose/learning/training/../../weights/2024-01-11-20-02-45/model_best.pth

[__init__()] self.h5_file:None
[__init__()] Using pretrained model from /home/yanghong/Reconstruct_and_Retarget/third_party/FoundationPose/learning/training/../../weights/2024-01-11-20-02-45/model_best.pth
[__init__()] init done
[__init__()] welcome
[__init__()] self.cfg: 
 lr: 0.0001
c_in: 6
zfar: .inf
debug: null
w_rot: 0.1
n_view: 1
run_id: null
use_BN: true
rot_rep: axis_angle
ckpt_dir: /home/yanghong/Reconstruct_and_Retarget/third_party/FoundationPose/learning/training/../../weights/2023-10-28-18-33-37/model_best.pth
exp_name: 2023-10-28-18-33-37
save_dir: /tmp/2023-10-28-18-33-37/
loss_type: l2
optimizer: adam
trans_rep: tracknet
batch_size: 64
crop_ratio: 1.2
use_normal: false
BN_momentum: 0.1
max_num_key: null
warmup_step: -1
input_resize:
- 160
- 160
max_step_val: 1000
normal_uint8: false
vis_interval: 1000
weight_decay: 0
n_max_objects: null
normalize_xyz: true
clip_grad_norm: 'Infinity'
rot_normalizer: 0.3490658503988659
trans_normalizer:
- 0.019999999552965164
- 0.019999999552965164
- 0.05000000074505806
max_step_per_epoch: 25000
val_epoch_interval: 10
n_dataloader_workers: 60
enable_amp: true
use_mask: false

[__init__()] self.h5_file:
[__init__()] Using pretrained model from /home/yanghong/Reconstruct_and_Retarget/third_party/FoundationPose/learning/training/../../weights/2023-10-28-18-33-37/model_best.pth
[__init__()] init done
[reset_object()] self.diameter:0.20152236577377608, vox_size:0.010076118288688804
[reset_object()] self.pts:torch.Size([135, 3])
[reset_object()] reset done
[make_rotation_grid()] cam_in_obs:(42, 4, 4)
[make_rotation_grid()] rot_grid:(252, 4, 4)
[make_rotation_grid()] after cluster, rot_grid:(252, 4, 4)
[make_rotation_grid()] self.rot_grid: torch.Size([252, 4, 4])
[register()] Welcome
[register()] poses:(252, 4, 4)
[register()] after viewpoint, add_errs min:-1.0
/home/yanghong/miniconda3/envs/biv2ap/lib/python3.10/site-packages/torch/__init__.py:1323: UserWarning: torch.set_default_tensor_type() is deprecated as of PyTorch 2.1, please use torch.set_default_dtype() and torch.set_default_device() as alternatives. (Triggered internally at /pytorch/torch/csrc/tensor/python_tensor.cpp:434.)
  _C._set_default_tensor_type(t)
[predict()] ob_in_cams:(252, 4, 4)
[predict()] self.cfg.use_normal:False
[predict()] trans_normalizer:[0.019999999552965164, 0.019999999552965164, 0.05000000074505806], rot_normalizer:0.3490658503988659
[predict()] making cropped data
[make_crop_data_batch()] Welcome make_crop_data_batch
[make_crop_data_batch()] make tf_to_crops done
[make_crop_data_batch()] render done
[make_crop_data_batch()] warp done
[make_crop_data_batch()] pose batch data done
[predict()] forward start
/home/yanghong/Reconstruct_and_Retarget/third_party/FoundationPose/learning/training/predict_pose_refine.py:190: FutureWarning: `torch.cuda.amp.autocast(args...)` is deprecated. Please use `torch.amp.autocast('cuda', args...)` instead.
  with torch.cuda.amp.autocast(enabled=self.amp):
[predict()] forward done
[predict()] making cropped data
[make_crop_data_batch()] Welcome make_crop_data_batch
[make_crop_data_batch()] make tf_to_crops done
[make_crop_data_batch()] render done
[make_crop_data_batch()] warp done
[make_crop_data_batch()] pose batch data done
[predict()] forward start
[predict()] forward done
[predict()] making cropped data
[make_crop_data_batch()] Welcome make_crop_data_batch
[make_crop_data_batch()] make tf_to_crops done
[make_crop_data_batch()] render done
[make_crop_data_batch()] warp done
[make_crop_data_batch()] pose batch data done
[predict()] forward start
[predict()] forward done
[predict()] making cropped data
[make_crop_data_batch()] Welcome make_crop_data_batch
[make_crop_data_batch()] make tf_to_crops done
[make_crop_data_batch()] render done
[make_crop_data_batch()] warp done
[make_crop_data_batch()] pose batch data done
[predict()] forward start
[predict()] forward done
[predict()] making cropped data
[make_crop_data_batch()] Welcome make_crop_data_batch
[make_crop_data_batch()] make tf_to_crops done
[make_crop_data_batch()] render done
[make_crop_data_batch()] warp done
[make_crop_data_batch()] pose batch data done
[predict()] forward start
[predict()] forward done
[predict()] ob_in_cams:(252, 4, 4)
[predict()] self.cfg.use_normal:False
[predict()] making cropped data
[make_crop_data_batch()] Welcome make_crop_data_batch
[make_crop_data_batch()] make tf_to_crops done
[make_crop_data_batch()] render done
[make_crop_data_batch()] pose batch data done
[find_best_among_pairs()] pose_data.rgbAs.shape[0]: 252
/home/yanghong/Reconstruct_and_Retarget/third_party/FoundationPose/learning/training/predict_score.py:193: FutureWarning: `torch.cuda.amp.autocast(args...)` is deprecated. Please use `torch.amp.autocast('cuda', args...)` instead.
  with torch.cuda.amp.autocast(enabled=self.amp):
[predict()] forward done
[register()] final, add_errs min:-1.0
[register()] sort ids:tensor([ 26,  32,  76, 236,   4,  22,  28,  58,  70, 182, 244,   3,   9,  21,
         33,  34,  51,  63,  69,  75,  87,  88,  93,  99, 100, 106, 117, 123,
        129, 177, 184, 188, 190, 237, 238, 243, 249,  15,  16,  41,  81,  82,
         94, 105, 135, 147, 153, 154, 171, 183, 189, 195, 201, 207, 225, 231,
         27, 148, 250,  10,  57,  68, 196, 202, 208,  47,  92,  98, 104, 219,
         56,  86, 118, 124, 136, 159, 165, 221, 130, 161, 167, 213,  37,  52,
         64, 211, 215, 217,  43, 157, 163, 170, 176,  39,  45, 149, 155, 203,
        209, 242, 230, 224,  12,  48,  60, 115, 156, 162, 168, 198, 210, 216,
        246,   0,   6,  18,  54,  55,  66,  67,  72,  78,  85,  91, 114, 125,
        126, 144, 150, 160, 192, 204, 228,  36,  42,  74,  97, 103, 120, 131,
        132, 137, 166, 174, 222, 248,   8,  80,  90,  96, 102, 119, 145, 214,
        220,   2,   7,  14,  20,  49,  53,  61,  65,  84, 121, 151, 193, 194,
        199, 205,   1,  13,  19,  73,  79, 169, 180, 186, 247,  30,  40,  46,
         50, 116, 127, 133, 146, 152, 206, 234, 240,  24,  62, 122, 128, 134,
        175, 200, 223, 229,  25, 181, 187, 241,  31, 235, 111, 108, 109, 112,
        113, 185,  29, 191, 239, 245,   5,  11,  23,  59, 107, 164, 251,  17,
         35,  44,  71,  77,  83,  89,  95, 101, 110, 158, 173, 179, 197, 212,
        218, 227,  38, 233, 138, 139, 140, 141, 142, 143, 178, 226, 172, 232])
[register()] sorted scores:tensor([132.0938, 132.0938, 132.0938, 132.0938, 132.0625, 132.0625, 132.0625,
        132.0625, 132.0625, 132.0625, 132.0625, 132.0312, 132.0312, 132.0312,
        132.0312, 132.0312, 132.0312, 132.0312, 132.0312, 132.0312, 132.0312,
        132.0312, 132.0312, 132.0312, 132.0312, 132.0312, 132.0312, 132.0312,
        132.0312, 132.0312, 132.0312, 132.0312, 132.0312, 132.0312, 132.0312,
        132.0312, 132.0312, 132.0000, 132.0000, 132.0000, 132.0000, 132.0000,
        132.0000, 132.0000, 132.0000, 132.0000, 132.0000, 132.0000, 132.0000,
        132.0000, 132.0000, 132.0000, 132.0000, 132.0000, 132.0000, 132.0000,
        131.9844, 131.9844, 131.9844, 131.9688, 131.9688, 131.9688, 131.9688,
        131.9688, 131.9688, 131.9531, 131.9375, 131.9375, 131.9375, 131.9375,
        131.9219, 131.9219, 131.9219, 131.9219, 131.9219, 131.9219, 131.9219,
        131.9219, 131.9062, 131.9062, 131.9062, 131.9062, 131.8906, 131.8906,
        131.8906, 131.8906, 131.8906, 131.8906, 131.8750, 131.8750, 131.8750,
        131.8594, 131.8594, 131.8438, 131.8438, 131.8438, 131.8438, 131.8438,
        131.8438, 131.8438, 131.8281, 131.8125, 131.7812, 131.7812, 131.7812,
        131.7812, 131.7812, 131.7812, 131.7812, 131.7812, 131.7812, 131.7812,
        131.7812, 131.7656, 131.7656, 131.7656, 131.7656, 131.7656, 131.7656,
        131.7656, 131.7656, 131.7656, 131.7656, 131.7656, 131.7656, 131.7656,
        131.7656, 131.7656, 131.7656, 131.7656, 131.7656, 131.7656, 131.7656,
        131.7500, 131.7500, 131.7500, 131.7500, 131.7500, 131.7500, 131.7500,
        131.7500, 131.7500, 131.7500, 131.7500, 131.7500, 131.7500, 131.7344,
        131.7344, 131.7344, 131.7344, 131.7344, 131.7344, 131.7344, 131.7344,
        131.7344, 131.7188, 131.7188, 131.7188, 131.7188, 131.7188, 131.7188,
        131.7188, 131.7188, 131.7188, 131.7188, 131.7188, 131.7188, 131.7188,
        131.7188, 131.7188, 131.7031, 131.7031, 131.7031, 131.7031, 131.7031,
        131.7031, 131.7031, 131.7031, 131.7031, 131.6875, 131.6875, 131.6875,
        131.6875, 131.6875, 131.6875, 131.6875, 131.6875, 131.6875, 131.6875,
        131.6875, 131.6875, 131.6719, 131.6719, 131.6719, 131.6719, 131.6719,
        131.6719, 131.6719, 131.6719, 131.6719, 131.6250, 131.6250, 131.6250,
        131.6250, 131.6094, 131.6094, 131.5625, 131.5469, 131.5469, 131.5469,
        131.5469, 131.5312, 131.5156, 131.5156, 131.5156, 131.5156, 131.5000,
        131.5000, 131.5000, 131.5000, 131.5000, 131.5000, 131.5000, 131.4844,
        131.4844, 131.4844, 131.4844, 131.4844, 131.4844, 131.4844, 131.4844,
        131.4844, 131.4844, 131.4844, 131.4844, 131.4844, 131.4844, 131.4844,
        131.4844, 131.4844, 131.4688, 131.4688, 131.4531, 131.4531, 131.4531,
        131.4531, 131.4531, 131.4531, 131.3906, 131.3906, 131.3750, 131.3750])
[track_one()] Welcome
[track_one()] depth processing done
[predict()] ob_in_cams:(1, 4, 4)
[predict()] self.cfg.use_normal:False
[predict()] trans_normalizer:[0.019999999552965164, 0.019999999552965164, 0.05000000074505806], rot_normalizer:0.3490658503988659
[predict()] making cropped data
[make_crop_data_batch()] Welcome make_crop_data_batch
[make_crop_data_batch()] make tf_to_crops done
[make_crop_data_batch()] render done
[make_crop_data_batch()] warp done
[make_crop_data_batch()] pose batch data done
[predict()] forward start
[predict()] forward done
[track_one()] pose done
[track_one()] Welcome
[track_one()] depth processing done
[predict()] ob_in_cams:(1, 4, 4)
[predict()] self.cfg.use_normal:False
[predict()] trans_normalizer:[0.019999999552965164, 0.019999999552965164, 0.05000000074505806], rot_normalizer:0.3490658503988659
[predict()] making cropped data
[make_crop_data_batch()] Welcome make_crop_data_batch
[make_crop_data_batch()] make tf_to_crops done
[make_crop_data_batch()] render done
[make_crop_data_batch()] warp done
[make_crop_data_batch()] pose batch data done
[predict()] forward start
[predict()] forward done
[track_one()] pose done
[track_one()] Welcome
[track_one()] depth processing done
[predict()] ob_in_cams:(1, 4, 4)
[predict()] self.cfg.use_normal:False
[predict()] trans_normalizer:[0.019999999552965164, 0.019999999552965164, 0.05000000074505806], rot_normalizer:0.3490658503988659
[predict()] making cropped data
[make_crop_data_batch()] Welcome make_crop_data_batch
[make_crop_data_batch()] make tf_to_crops done
[make_crop_data_batch()] render done
[make_crop_data_batch()] warp done
[make_crop_data_batch()] pose batch data done
[predict()] forward start
[predict()] forward done
[track_one()] pose done
[track_one()] Welcome
[track_one()] depth processing done
[predict()] ob_in_cams:(1, 4, 4)
[predict()] self.cfg.use_normal:False
[predict()] trans_normalizer:[0.019999999552965164, 0.019999999552965164, 0.05000000074505806], rot_normalizer:0.3490658503988659
[predict()] making cropped data
[make_crop_data_batch()] Welcome make_crop_data_batch
[make_crop_data_batch()] make tf_to_crops done
[make_crop_data_batch()] render done
[make_crop_data_batch()] warp done
[make_crop_data_batch()] pose batch data done
[predict()] forward start
[predict()] forward done
[track_one()] pose done
[track_one()] Welcome
[track_one()] depth processing done
[predict()] ob_in_cams:(1, 4, 4)
[predict()] self.cfg.use_normal:False
[predict()] trans_normalizer:[0.019999999552965164, 0.019999999552965164, 0.05000000074505806], rot_normalizer:0.3490658503988659
[predict()] making cropped data
[make_crop_data_batch()] Welcome make_crop_data_batch
[make_crop_data_batch()] make tf_to_crops done
[make_crop_data_batch()] render done
[make_crop_data_batch()] warp done
[make_crop_data_batch()] pose batch data done
[predict()] forward start
[predict()] forward done
[track_one()] pose done
[track_one()] Welcome
[track_one()] depth processing done
[predict()] ob_in_cams:(1, 4, 4)
[predict()] self.cfg.use_normal:False
[predict()] trans_normalizer:[0.019999999552965164, 0.019999999552965164, 0.05000000074505806], rot_normalizer:0.3490658503988659
[predict()] making cropped data
[make_crop_data_batch()] Welcome make_crop_data_batch
[make_crop_data_batch()] make tf_to_crops done
[make_crop_data_batch()] render done
[make_crop_data_batch()] warp done
[make_crop_data_batch()] pose batch data done
[predict()] forward start
[predict()] forward done
[track_one()] pose done
[track_one()] Welcome
[track_one()] depth processing done
[predict()] ob_in_cams:(1, 4, 4)
[predict()] self.cfg.use_normal:False
[predict()] trans_normalizer:[0.019999999552965164, 0.019999999552965164, 0.05000000074505806], rot_normalizer:0.3490658503988659
[predict()] making cropped data
[make_crop_data_batch()] Welcome make_crop_data_batch
[make_crop_data_batch()] make tf_to_crops done
[make_crop_data_batch()] render done
[make_crop_data_batch()] warp done
[make_crop_data_batch()] pose batch data done
[predict()] forward start
[predict()] forward done
[track_one()] pose done
[track_one()] Welcome
[track_one()] depth processing done
[predict()] ob_in_cams:(1, 4, 4)
[predict()] self.cfg.use_normal:False
[predict()] trans_normalizer:[0.019999999552965164, 0.019999999552965164, 0.05000000074505806], rot_normalizer:0.3490658503988659
[predict()] making cropped data
[make_crop_data_batch()] Welcome make_crop_data_batch
[make_crop_data_batch()] make tf_to_crops done
[make_crop_data_batch()] render done
[make_crop_data_batch()] warp done
[make_crop_data_batch()] pose batch data done
[predict()] forward start
[predict()] forward done
[track_one()] pose done
[track_one()] Welcome
[track_one()] depth processing done
[predict()] ob_in_cams:(1, 4, 4)
[predict()] self.cfg.use_normal:False
[predict()] trans_normalizer:[0.019999999552965164, 0.019999999552965164, 0.05000000074505806], rot_normalizer:0.3490658503988659
[predict()] making cropped data
[make_crop_data_batch()] Welcome make_crop_data_batch
[make_crop_data_batch()] make tf_to_crops done
[make_crop_data_batch()] render done
[make_crop_data_batch()] warp done
[make_crop_data_batch()] pose batch data done
[predict()] forward start
[predict()] forward done
[track_one()] pose done
[track_one()] Welcome
[track_one()] depth processing done
[predict()] ob_in_cams:(1, 4, 4)
[predict()] self.cfg.use_normal:False
[predict()] trans_normalizer:[0.019999999552965164, 0.019999999552965164, 0.05000000074505806], rot_normalizer:0.3490658503988659
[predict()] making cropped data
[make_crop_data_batch()] Welcome make_crop_data_batch
[make_crop_data_batch()] make tf_to_crops done
[make_crop_data_batch()] render done
[make_crop_data_batch()] warp done
[make_crop_data_batch()] pose batch data done
[predict()] forward start
[predict()] forward done
[track_one()] pose done
[track_one()] Welcome
[track_one()] depth processing done
[predict()] ob_in_cams:(1, 4, 4)
[predict()] self.cfg.use_normal:False
[predict()] trans_normalizer:[0.019999999552965164, 0.019999999552965164, 0.05000000074505806], rot_normalizer:0.3490658503988659
[predict()] making cropped data
[make_crop_data_batch()] Welcome make_crop_data_batch
[make_crop_data_batch()] make tf_to_crops done
[make_crop_data_batch()] render done
[make_crop_data_batch()] warp done
[make_crop_data_batch()] pose batch data done
[predict()] forward start
[predict()] forward done
[track_one()] pose done
[track_one()] Welcome
[track_one()] depth processing done
[predict()] ob_in_cams:(1, 4, 4)
[predict()] self.cfg.use_normal:False
[predict()] trans_normalizer:[0.019999999552965164, 0.019999999552965164, 0.05000000074505806], rot_normalizer:0.3490658503988659
[predict()] making cropped data
[make_crop_data_batch()] Welcome make_crop_data_batch
[make_crop_data_batch()] make tf_to_crops done
[make_crop_data_batch()] render done
[make_crop_data_batch()] warp done
[make_crop_data_batch()] pose batch data done
[predict()] forward start
[predict()] forward done
[track_one()] pose done
[track_one()] Welcome
[track_one()] depth processing done
[predict()] ob_in_cams:(1, 4, 4)
[predict()] self.cfg.use_normal:False
[predict()] trans_normalizer:[0.019999999552965164, 0.019999999552965164, 0.05000000074505806], rot_normalizer:0.3490658503988659
[predict()] making cropped data
[make_crop_data_batch()] Welcome make_crop_data_batch
[make_crop_data_batch()] make tf_to_crops done
[make_crop_data_batch()] render done
[make_crop_data_batch()] warp done
[make_crop_data_batch()] pose batch data done
[predict()] forward start
[predict()] forward done
[track_one()] pose done
[track_one()] Welcome
[track_one()] depth processing done
[predict()] ob_in_cams:(1, 4, 4)
[predict()] self.cfg.use_normal:False
[predict()] trans_normalizer:[0.019999999552965164, 0.019999999552965164, 0.05000000074505806], rot_normalizer:0.3490658503988659
[predict()] making cropped data
[make_crop_data_batch()] Welcome make_crop_data_batch
[make_crop_data_batch()] make tf_to_crops done
[make_crop_data_batch()] render done
[make_crop_data_batch()] warp done
[make_crop_data_batch()] pose batch data done
[predict()] forward start
[predict()] forward done
[track_one()] pose done
[track_one()] Welcome
[track_one()] depth processing done
[predict()] ob_in_cams:(1, 4, 4)
[predict()] self.cfg.use_normal:False
[predict()] trans_normalizer:[0.019999999552965164, 0.019999999552965164, 0.05000000074505806], rot_normalizer:0.3490658503988659
[predict()] making cropped data
[make_crop_data_batch()] Welcome make_crop_data_batch
[make_crop_data_batch()] make tf_to_crops done
[make_crop_data_batch()] render done
[make_crop_data_batch()] warp done
[make_crop_data_batch()] pose batch data done
[predict()] forward start
[predict()] forward done
[track_one()] pose done
[track_one()] Welcome
[track_one()] depth processing done
[predict()] ob_in_cams:(1, 4, 4)
[predict()] self.cfg.use_normal:False
[predict()] trans_normalizer:[0.019999999552965164, 0.019999999552965164, 0.05000000074505806], rot_normalizer:0.3490658503988659
[predict()] making cropped data
[make_crop_data_batch()] Welcome make_crop_data_batch
[make_crop_data_batch()] make tf_to_crops done
[make_crop_data_batch()] render done
[make_crop_data_batch()] warp done
[make_crop_data_batch()] pose batch data done
[predict()] forward start
[predict()] forward done
[track_one()] pose done
[track_one()] Welcome
[track_one()] depth processing done
[predict()] ob_in_cams:(1, 4, 4)
[predict()] self.cfg.use_normal:False
[predict()] trans_normalizer:[0.019999999552965164, 0.019999999552965164, 0.05000000074505806], rot_normalizer:0.3490658503988659
[predict()] making cropped data
[make_crop_data_batch()] Welcome make_crop_data_batch
[make_crop_data_batch()] make tf_to_crops done
[make_crop_data_batch()] render done
[make_crop_data_batch()] warp done
[make_crop_data_batch()] pose batch data done
[predict()] forward start
[predict()] forward done
[track_one()] pose done
[track_one()] Welcome
[track_one()] depth processing done
[predict()] ob_in_cams:(1, 4, 4)
[predict()] self.cfg.use_normal:False
[predict()] trans_normalizer:[0.019999999552965164, 0.019999999552965164, 0.05000000074505806], rot_normalizer:0.3490658503988659
[predict()] making cropped data
[make_crop_data_batch()] Welcome make_crop_data_batch
[make_crop_data_batch()] make tf_to_crops done
[make_crop_data_batch()] render done
[make_crop_data_batch()] warp done
[make_crop_data_batch()] pose batch data done
[predict()] forward start
[predict()] forward done
[track_one()] pose done
[track_one()] Welcome
[track_one()] depth processing done
[predict()] ob_in_cams:(1, 4, 4)
[predict()] self.cfg.use_normal:False
[predict()] trans_normalizer:[0.019999999552965164, 0.019999999552965164, 0.05000000074505806], rot_normalizer:0.3490658503988659
[predict()] making cropped data
[make_crop_data_batch()] Welcome make_crop_data_batch
[make_crop_data_batch()] make tf_to_crops done
[make_crop_data_batch()] render done
[make_crop_data_batch()] warp done
[make_crop_data_batch()] pose batch data done
[predict()] forward start
[predict()] forward done
[track_one()] pose done
[track_one()] Welcome
[track_one()] depth processing done
[predict()] ob_in_cams:(1, 4, 4)
[predict()] self.cfg.use_normal:False
[predict()] trans_normalizer:[0.019999999552965164, 0.019999999552965164, 0.05000000074505806], rot_normalizer:0.3490658503988659
[predict()] making cropped data
[make_crop_data_batch()] Welcome make_crop_data_batch
[make_crop_data_batch()] make tf_to_crops done
[make_crop_data_batch()] render done
[make_crop_data_batch()] warp done
[make_crop_data_batch()] pose batch data done
[predict()] forward start
[predict()] forward done
[track_one()] pose done
[track_one()] Welcome
[track_one()] depth processing done
[predict()] ob_in_cams:(1, 4, 4)
[predict()] self.cfg.use_normal:False
[predict()] trans_normalizer:[0.019999999552965164, 0.019999999552965164, 0.05000000074505806], rot_normalizer:0.3490658503988659
[predict()] making cropped data
[make_crop_data_batch()] Welcome make_crop_data_batch
[make_crop_data_batch()] make tf_to_crops done
[make_crop_data_batch()] render done
[make_crop_data_batch()] warp done
[make_crop_data_batch()] pose batch data done
[predict()] forward start
[predict()] forward done
[track_one()] pose done
[track_one()] Welcome
[track_one()] depth processing done
[predict()] ob_in_cams:(1, 4, 4)
[predict()] self.cfg.use_normal:False
[predict()] trans_normalizer:[0.019999999552965164, 0.019999999552965164, 0.05000000074505806], rot_normalizer:0.3490658503988659
[predict()] making cropped data
[make_crop_data_batch()] Welcome make_crop_data_batch
[make_crop_data_batch()] make tf_to_crops done
[make_crop_data_batch()] render done
[make_crop_data_batch()] warp done
[make_crop_data_batch()] pose batch data done
[predict()] forward start
[predict()] forward done
[track_one()] pose done
[track_one()] Welcome
[track_one()] depth processing done
[predict()] ob_in_cams:(1, 4, 4)
[predict()] self.cfg.use_normal:False
[predict()] trans_normalizer:[0.019999999552965164, 0.019999999552965164, 0.05000000074505806], rot_normalizer:0.3490658503988659
[predict()] making cropped data
[make_crop_data_batch()] Welcome make_crop_data_batch
[make_crop_data_batch()] make tf_to_crops done
[make_crop_data_batch()] render done
[make_crop_data_batch()] warp done
[make_crop_data_batch()] pose batch data done
[predict()] forward start
[predict()] forward done
[track_one()] pose done
[track_one()] Welcome
[track_one()] depth processing done
[predict()] ob_in_cams:(1, 4, 4)
[predict()] self.cfg.use_normal:False
[predict()] trans_normalizer:[0.019999999552965164, 0.019999999552965164, 0.05000000074505806], rot_normalizer:0.3490658503988659
[predict()] making cropped data
[make_crop_data_batch()] Welcome make_crop_data_batch
[make_crop_data_batch()] make tf_to_crops done
[make_crop_data_batch()] render done
[make_crop_data_batch()] warp done
[make_crop_data_batch()] pose batch data done
[predict()] forward start
[predict()] forward done
[track_one()] pose done
[track_one()] Welcome
[track_one()] depth processing done
[predict()] ob_in_cams:(1, 4, 4)
[predict()] self.cfg.use_normal:False
[predict()] trans_normalizer:[0.019999999552965164, 0.019999999552965164, 0.05000000074505806], rot_normalizer:0.3490658503988659
[predict()] making cropped data
[make_crop_data_batch()] Welcome make_crop_data_batch
[make_crop_data_batch()] make tf_to_crops done
[make_crop_data_batch()] render done
[make_crop_data_batch()] warp done
[make_crop_data_batch()] pose batch data done
[predict()] forward start
[predict()] forward done
[track_one()] pose done
[track_one()] Welcome
[track_one()] depth processing done
[predict()] ob_in_cams:(1, 4, 4)
[predict()] self.cfg.use_normal:False
[predict()] trans_normalizer:[0.019999999552965164, 0.019999999552965164, 0.05000000074505806], rot_normalizer:0.3490658503988659
[predict()] making cropped data
[make_crop_data_batch()] Welcome make_crop_data_batch
[make_crop_data_batch()] make tf_to_crops done
[make_crop_data_batch()] render done
[make_crop_data_batch()] warp done
[make_crop_data_batch()] pose batch data done
[predict()] forward start
[predict()] forward done
[track_one()] pose done
[track_one()] Welcome
[track_one()] depth processing done
[predict()] ob_in_cams:(1, 4, 4)
[predict()] self.cfg.use_normal:False
[predict()] trans_normalizer:[0.019999999552965164, 0.019999999552965164, 0.05000000074505806], rot_normalizer:0.3490658503988659
[predict()] making cropped data
[make_crop_data_batch()] Welcome make_crop_data_batch
[make_crop_data_batch()] make tf_to_crops done
[make_crop_data_batch()] render done
[make_crop_data_batch()] warp done
[make_crop_data_batch()] pose batch data done
[predict()] forward start
[predict()] forward done
[track_one()] pose done
[track_one()] Welcome
[track_one()] depth processing done
[predict()] ob_in_cams:(1, 4, 4)
[predict()] self.cfg.use_normal:False
[predict()] trans_normalizer:[0.019999999552965164, 0.019999999552965164, 0.05000000074505806], rot_normalizer:0.3490658503988659
[predict()] making cropped data
[make_crop_data_batch()] Welcome make_crop_data_batch
[make_crop_data_batch()] make tf_to_crops done
[make_crop_data_batch()] render done
[make_crop_data_batch()] warp done
[make_crop_data_batch()] pose batch data done
[predict()] forward start
[predict()] forward done
[track_one()] pose done
[track_one()] Welcome
[track_one()] depth processing done
[predict()] ob_in_cams:(1, 4, 4)
[predict()] self.cfg.use_normal:False
[predict()] trans_normalizer:[0.019999999552965164, 0.019999999552965164, 0.05000000074505806], rot_normalizer:0.3490658503988659
[predict()] making cropped data
[make_crop_data_batch()] Welcome make_crop_data_batch
[make_crop_data_batch()] make tf_to_crops done
[make_crop_data_batch()] render done
[make_crop_data_batch()] warp done
[make_crop_data_batch()] pose batch data done
[predict()] forward start
[predict()] forward done
[track_one()] pose done
[track_one()] Welcome
[track_one()] depth processing done
[predict()] ob_in_cams:(1, 4, 4)
[predict()] self.cfg.use_normal:False
[predict()] trans_normalizer:[0.019999999552965164, 0.019999999552965164, 0.05000000074505806], rot_normalizer:0.3490658503988659
[predict()] making cropped data
[make_crop_data_batch()] Welcome make_crop_data_batch
[make_crop_data_batch()] make tf_to_crops done
[make_crop_data_batch()] render done
[make_crop_data_batch()] warp done
[make_crop_data_batch()] pose batch data done
[predict()] forward start
[predict()] forward done
[track_one()] pose done
[track_one()] Welcome
[track_one()] depth processing done
[predict()] ob_in_cams:(1, 4, 4)
[predict()] self.cfg.use_normal:False
[predict()] trans_normalizer:[0.019999999552965164, 0.019999999552965164, 0.05000000074505806], rot_normalizer:0.3490658503988659
[predict()] making cropped data
[make_crop_data_batch()] Welcome make_crop_data_batch
[make_crop_data_batch()] make tf_to_crops done
[make_crop_data_batch()] render done
[make_crop_data_batch()] warp done
[make_crop_data_batch()] pose batch data done
[predict()] forward start
[predict()] forward done
[track_one()] pose done
[track_one()] Welcome
[track_one()] depth processing done
[predict()] ob_in_cams:(1, 4, 4)
[predict()] self.cfg.use_normal:False
[predict()] trans_normalizer:[0.019999999552965164, 0.019999999552965164, 0.05000000074505806], rot_normalizer:0.3490658503988659
[predict()] making cropped data
[make_crop_data_batch()] Welcome make_crop_data_batch
[make_crop_data_batch()] make tf_to_crops done
[make_crop_data_batch()] render done
[make_crop_data_batch()] warp done
[make_crop_data_batch()] pose batch data done
[predict()] forward start
[predict()] forward done
[track_one()] pose done
[track_one()] Welcome
[track_one()] depth processing done
[predict()] ob_in_cams:(1, 4, 4)
[predict()] self.cfg.use_normal:False
[predict()] trans_normalizer:[0.019999999552965164, 0.019999999552965164, 0.05000000074505806], rot_normalizer:0.3490658503988659
[predict()] making cropped data
[make_crop_data_batch()] Welcome make_crop_data_batch
[make_crop_data_batch()] make tf_to_crops done
[make_crop_data_batch()] render done
[make_crop_data_batch()] warp done
[make_crop_data_batch()] pose batch data done
[predict()] forward start
[predict()] forward done
[track_one()] pose done
[track_one()] Welcome
[track_one()] depth processing done
[predict()] ob_in_cams:(1, 4, 4)
[predict()] self.cfg.use_normal:False
[predict()] trans_normalizer:[0.019999999552965164, 0.019999999552965164, 0.05000000074505806], rot_normalizer:0.3490658503988659
[predict()] making cropped data
[make_crop_data_batch()] Welcome make_crop_data_batch
[make_crop_data_batch()] make tf_to_crops done
[make_crop_data_batch()] render done
[make_crop_data_batch()] warp done
[make_crop_data_batch()] pose batch data done
[predict()] forward start
[predict()] forward done
[track_one()] pose done
[track_one()] Welcome
[track_one()] depth processing done
[predict()] ob_in_cams:(1, 4, 4)
[predict()] self.cfg.use_normal:False
[predict()] trans_normalizer:[0.019999999552965164, 0.019999999552965164, 0.05000000074505806], rot_normalizer:0.3490658503988659
[predict()] making cropped data
[make_crop_data_batch()] Welcome make_crop_data_batch
[make_crop_data_batch()] make tf_to_crops done
[make_crop_data_batch()] render done
[make_crop_data_batch()] warp done
[make_crop_data_batch()] pose batch data done
[predict()] forward start
[predict()] forward done
[track_one()] pose done
[track_one()] Welcome
[track_one()] depth processing done
[predict()] ob_in_cams:(1, 4, 4)
[predict()] self.cfg.use_normal:False
[predict()] trans_normalizer:[0.019999999552965164, 0.019999999552965164, 0.05000000074505806], rot_normalizer:0.3490658503988659
[predict()] making cropped data
[make_crop_data_batch()] Welcome make_crop_data_batch
[make_crop_data_batch()] make tf_to_crops done
[make_crop_data_batch()] render done
[make_crop_data_batch()] warp done
[make_crop_data_batch()] pose batch data done
[predict()] forward start
[predict()] forward done
[track_one()] pose done
[track_one()] Welcome
[track_one()] depth processing done
[predict()] ob_in_cams:(1, 4, 4)
[predict()] self.cfg.use_normal:False
[predict()] trans_normalizer:[0.019999999552965164, 0.019999999552965164, 0.05000000074505806], rot_normalizer:0.3490658503988659
[predict()] making cropped data
[make_crop_data_batch()] Welcome make_crop_data_batch
[make_crop_data_batch()] make tf_to_crops done
[make_crop_data_batch()] render done
[make_crop_data_batch()] warp done
[make_crop_data_batch()] pose batch data done
[predict()] forward start
[predict()] forward done
[track_one()] pose done
[track_one()] Welcome
[track_one()] depth processing done
[predict()] ob_in_cams:(1, 4, 4)
[predict()] self.cfg.use_normal:False
[predict()] trans_normalizer:[0.019999999552965164, 0.019999999552965164, 0.05000000074505806], rot_normalizer:0.3490658503988659
[predict()] making cropped data
[make_crop_data_batch()] Welcome make_crop_data_batch
[make_crop_data_batch()] make tf_to_crops done
[make_crop_data_batch()] render done
[make_crop_data_batch()] warp done
[make_crop_data_batch()] pose batch data done
[predict()] forward start
[predict()] forward done
[track_one()] pose done
[track_one()] Welcome
[track_one()] depth processing done
[predict()] ob_in_cams:(1, 4, 4)
[predict()] self.cfg.use_normal:False
[predict()] trans_normalizer:[0.019999999552965164, 0.019999999552965164, 0.05000000074505806], rot_normalizer:0.3490658503988659
[predict()] making cropped data
[make_crop_data_batch()] Welcome make_crop_data_batch
[make_crop_data_batch()] make tf_to_crops done
[make_crop_data_batch()] render done
[make_crop_data_batch()] warp done
[make_crop_data_batch()] pose batch data done
[predict()] forward start
[predict()] forward done
[track_one()] pose done
[track_one()] Welcome
[track_one()] depth processing done
[predict()] ob_in_cams:(1, 4, 4)
[predict()] self.cfg.use_normal:False
[predict()] trans_normalizer:[0.019999999552965164, 0.019999999552965164, 0.05000000074505806], rot_normalizer:0.3490658503988659
[predict()] making cropped data
[make_crop_data_batch()] Welcome make_crop_data_batch
[make_crop_data_batch()] make tf_to_crops done
[make_crop_data_batch()] render done
[make_crop_data_batch()] warp done
[make_crop_data_batch()] pose batch data done
[predict()] forward start
[predict()] forward done
[track_one()] pose done
[track_one()] Welcome
[track_one()] depth processing done
[predict()] ob_in_cams:(1, 4, 4)
[predict()] self.cfg.use_normal:False
[predict()] trans_normalizer:[0.019999999552965164, 0.019999999552965164, 0.05000000074505806], rot_normalizer:0.3490658503988659
[predict()] making cropped data
[make_crop_data_batch()] Welcome make_crop_data_batch
[make_crop_data_batch()] make tf_to_crops done
[make_crop_data_batch()] render done
[make_crop_data_batch()] warp done
[make_crop_data_batch()] pose batch data done
[predict()] forward start
[predict()] forward done
[track_one()] pose done
[track_one()] Welcome
[track_one()] depth processing done
[predict()] ob_in_cams:(1, 4, 4)
[predict()] self.cfg.use_normal:False
[predict()] trans_normalizer:[0.019999999552965164, 0.019999999552965164, 0.05000000074505806], rot_normalizer:0.3490658503988659
[predict()] making cropped data
[make_crop_data_batch()] Welcome make_crop_data_batch
[make_crop_data_batch()] make tf_to_crops done
[make_crop_data_batch()] render done
[make_crop_data_batch()] warp done
[make_crop_data_batch()] pose batch data done
[predict()] forward start
[predict()] forward done
[track_one()] pose done
[track_one()] Welcome
[track_one()] depth processing done
[predict()] ob_in_cams:(1, 4, 4)
[predict()] self.cfg.use_normal:False
[predict()] trans_normalizer:[0.019999999552965164, 0.019999999552965164, 0.05000000074505806], rot_normalizer:0.3490658503988659
[predict()] making cropped data
[make_crop_data_batch()] Welcome make_crop_data_batch
[make_crop_data_batch()] make tf_to_crops done
[make_crop_data_batch()] render done
[make_crop_data_batch()] warp done
[make_crop_data_batch()] pose batch data done
[predict()] forward start
[predict()] forward done
[track_one()] pose done
[track_one()] Welcome
[track_one()] depth processing done
[predict()] ob_in_cams:(1, 4, 4)
[predict()] self.cfg.use_normal:False
[predict()] trans_normalizer:[0.019999999552965164, 0.019999999552965164, 0.05000000074505806], rot_normalizer:0.3490658503988659
[predict()] making cropped data
[make_crop_data_batch()] Welcome make_crop_data_batch
[make_crop_data_batch()] make tf_to_crops done
[make_crop_data_batch()] render done
[make_crop_data_batch()] warp done
[make_crop_data_batch()] pose batch data done
[predict()] forward start
[predict()] forward done
[track_one()] pose done
[track_one()] Welcome
[track_one()] depth processing done
[predict()] ob_in_cams:(1, 4, 4)
[predict()] self.cfg.use_normal:False
[predict()] trans_normalizer:[0.019999999552965164, 0.019999999552965164, 0.05000000074505806], rot_normalizer:0.3490658503988659
[predict()] making cropped data
[make_crop_data_batch()] Welcome make_crop_data_batch
[make_crop_data_batch()] make tf_to_crops done
[make_crop_data_batch()] render done
[make_crop_data_batch()] warp done
[make_crop_data_batch()] pose batch data done
[predict()] forward start
[predict()] forward done
[track_one()] pose done
[track_one()] Welcome
[track_one()] depth processing done
[predict()] ob_in_cams:(1, 4, 4)
[predict()] self.cfg.use_normal:False
[predict()] trans_normalizer:[0.019999999552965164, 0.019999999552965164, 0.05000000074505806], rot_normalizer:0.3490658503988659
[predict()] making cropped data
[make_crop_data_batch()] Welcome make_crop_data_batch
[make_crop_data_batch()] make tf_to_crops done
[make_crop_data_batch()] render done
[make_crop_data_batch()] warp done
[make_crop_data_batch()] pose batch data done
[predict()] forward start
[predict()] forward done
[track_one()] pose done
[track_one()] Welcome
[track_one()] depth processing done
[predict()] ob_in_cams:(1, 4, 4)
[predict()] self.cfg.use_normal:False
[predict()] trans_normalizer:[0.019999999552965164, 0.019999999552965164, 0.05000000074505806], rot_normalizer:0.3490658503988659
[predict()] making cropped data
[make_crop_data_batch()] Welcome make_crop_data_batch
[make_crop_data_batch()] make tf_to_crops done
[make_crop_data_batch()] render done
[make_crop_data_batch()] warp done
[make_crop_data_batch()] pose batch data done
[predict()] forward start
[predict()] forward done
[track_one()] pose done
[track_one()] Welcome
[track_one()] depth processing done
[predict()] ob_in_cams:(1, 4, 4)
[predict()] self.cfg.use_normal:False
[predict()] trans_normalizer:[0.019999999552965164, 0.019999999552965164, 0.05000000074505806], rot_normalizer:0.3490658503988659
[predict()] making cropped data
[make_crop_data_batch()] Welcome make_crop_data_batch
[make_crop_data_batch()] make tf_to_crops done
[make_crop_data_batch()] render done
[make_crop_data_batch()] warp done
[make_crop_data_batch()] pose batch data done
[predict()] forward start
[predict()] forward done
[track_one()] pose done
[track_one()] Welcome
[track_one()] depth processing done
[predict()] ob_in_cams:(1, 4, 4)
[predict()] self.cfg.use_normal:False
[predict()] trans_normalizer:[0.019999999552965164, 0.019999999552965164, 0.05000000074505806], rot_normalizer:0.3490658503988659
[predict()] making cropped data
[make_crop_data_batch()] Welcome make_crop_data_batch
[make_crop_data_batch()] make tf_to_crops done
[make_crop_data_batch()] render done
[make_crop_data_batch()] warp done
[make_crop_data_batch()] pose batch data done
[predict()] forward start
[predict()] forward done
[track_one()] pose done
[track_one()] Welcome
[track_one()] depth processing done
[predict()] ob_in_cams:(1, 4, 4)
[predict()] self.cfg.use_normal:False
[predict()] trans_normalizer:[0.019999999552965164, 0.019999999552965164, 0.05000000074505806], rot_normalizer:0.3490658503988659
[predict()] making cropped data
[make_crop_data_batch()] Welcome make_crop_data_batch
[make_crop_data_batch()] make tf_to_crops done
[make_crop_data_batch()] render done
[make_crop_data_batch()] warp done
[make_crop_data_batch()] pose batch data done
[predict()] forward start
[predict()] forward done
[track_one()] pose done
[track_one()] Welcome
[track_one()] depth processing done
[predict()] ob_in_cams:(1, 4, 4)
[predict()] self.cfg.use_normal:False
[predict()] trans_normalizer:[0.019999999552965164, 0.019999999552965164, 0.05000000074505806], rot_normalizer:0.3490658503988659
[predict()] making cropped data
[make_crop_data_batch()] Welcome make_crop_data_batch
[make_crop_data_batch()] make tf_to_crops done
[make_crop_data_batch()] render done
[make_crop_data_batch()] warp done
[make_crop_data_batch()] pose batch data done
[predict()] forward start
[predict()] forward done
[track_one()] pose done
[track_one()] Welcome
[track_one()] depth processing done
[predict()] ob_in_cams:(1, 4, 4)
[predict()] self.cfg.use_normal:False
[predict()] trans_normalizer:[0.019999999552965164, 0.019999999552965164, 0.05000000074505806], rot_normalizer:0.3490658503988659
[predict()] making cropped data
[make_crop_data_batch()] Welcome make_crop_data_batch
[make_crop_data_batch()] make tf_to_crops done
[make_crop_data_batch()] render done
[make_crop_data_batch()] warp done
[make_crop_data_batch()] pose batch data done
[predict()] forward start
[predict()] forward done
[track_one()] pose done
[track_one()] Welcome
[track_one()] depth processing done
[predict()] ob_in_cams:(1, 4, 4)
[predict()] self.cfg.use_normal:False
[predict()] trans_normalizer:[0.019999999552965164, 0.019999999552965164, 0.05000000074505806], rot_normalizer:0.3490658503988659
[predict()] making cropped data
[make_crop_data_batch()] Welcome make_crop_data_batch
[make_crop_data_batch()] make tf_to_crops done
[make_crop_data_batch()] render done
[make_crop_data_batch()] warp done
[make_crop_data_batch()] pose batch data done
[predict()] forward start
[predict()] forward done
[track_one()] pose done
[track_one()] Welcome
[track_one()] depth processing done
[predict()] ob_in_cams:(1, 4, 4)
[predict()] self.cfg.use_normal:False
[predict()] trans_normalizer:[0.019999999552965164, 0.019999999552965164, 0.05000000074505806], rot_normalizer:0.3490658503988659
[predict()] making cropped data
[make_crop_data_batch()] Welcome make_crop_data_batch
[make_crop_data_batch()] make tf_to_crops done
[make_crop_data_batch()] render done
[make_crop_data_batch()] warp done
[make_crop_data_batch()] pose batch data done
[predict()] forward start
[predict()] forward done
[track_one()] pose done
[track_one()] Welcome
[track_one()] depth processing done
[predict()] ob_in_cams:(1, 4, 4)
[predict()] self.cfg.use_normal:False
[predict()] trans_normalizer:[0.019999999552965164, 0.019999999552965164, 0.05000000074505806], rot_normalizer:0.3490658503988659
[predict()] making cropped data
[make_crop_data_batch()] Welcome make_crop_data_batch
[make_crop_data_batch()] make tf_to_crops done
[make_crop_data_batch()] render done
[make_crop_data_batch()] warp done
[make_crop_data_batch()] pose batch data done
[predict()] forward start
[predict()] forward done
[track_one()] pose done
[track_one()] Welcome
[track_one()] depth processing done
[predict()] ob_in_cams:(1, 4, 4)
[predict()] self.cfg.use_normal:False
[predict()] trans_normalizer:[0.019999999552965164, 0.019999999552965164, 0.05000000074505806], rot_normalizer:0.3490658503988659
[predict()] making cropped data
[make_crop_data_batch()] Welcome make_crop_data_batch
[make_crop_data_batch()] make tf_to_crops done
[make_crop_data_batch()] render done
[make_crop_data_batch()] warp done
[make_crop_data_batch()] pose batch data done
[predict()] forward start
[predict()] forward done
[track_one()] pose done
[track_one()] Welcome
[track_one()] depth processing done
[predict()] ob_in_cams:(1, 4, 4)
[predict()] self.cfg.use_normal:False
[predict()] trans_normalizer:[0.019999999552965164, 0.019999999552965164, 0.05000000074505806], rot_normalizer:0.3490658503988659
[predict()] making cropped data
[make_crop_data_batch()] Welcome make_crop_data_batch
[make_crop_data_batch()] make tf_to_crops done
[make_crop_data_batch()] render done
[make_crop_data_batch()] warp done
[make_crop_data_batch()] pose batch data done
[predict()] forward start
[predict()] forward done
[track_one()] pose done
[track_one()] Welcome
[track_one()] depth processing done
[predict()] ob_in_cams:(1, 4, 4)
[predict()] self.cfg.use_normal:False
[predict()] trans_normalizer:[0.019999999552965164, 0.019999999552965164, 0.05000000074505806], rot_normalizer:0.3490658503988659
[predict()] making cropped data
[make_crop_data_batch()] Welcome make_crop_data_batch
[make_crop_data_batch()] make tf_to_crops done
[make_crop_data_batch()] render done
[make_crop_data_batch()] warp done
[make_crop_data_batch()] pose batch data done
[predict()] forward start
[predict()] forward done
[track_one()] pose done
[track_one()] Welcome
[track_one()] depth processing done
[predict()] ob_in_cams:(1, 4, 4)
[predict()] self.cfg.use_normal:False
[predict()] trans_normalizer:[0.019999999552965164, 0.019999999552965164, 0.05000000074505806], rot_normalizer:0.3490658503988659
[predict()] making cropped data
[make_crop_data_batch()] Welcome make_crop_data_batch
[make_crop_data_batch()] make tf_to_crops done
[make_crop_data_batch()] render done
[make_crop_data_batch()] warp done
[make_crop_data_batch()] pose batch data done
[predict()] forward start
[predict()] forward done
[track_one()] pose done
[track_one()] Welcome
[track_one()] depth processing done
[predict()] ob_in_cams:(1, 4, 4)
[predict()] self.cfg.use_normal:False
[predict()] trans_normalizer:[0.019999999552965164, 0.019999999552965164, 0.05000000074505806], rot_normalizer:0.3490658503988659
[predict()] making cropped data
[make_crop_data_batch()] Welcome make_crop_data_batch
[make_crop_data_batch()] make tf_to_crops done
[make_crop_data_batch()] render done
[make_crop_data_batch()] warp done
[make_crop_data_batch()] pose batch data done
[predict()] forward start
[predict()] forward done
[track_one()] pose done
[track_one()] Welcome
[track_one()] depth processing done
[predict()] ob_in_cams:(1, 4, 4)
[predict()] self.cfg.use_normal:False
[predict()] trans_normalizer:[0.019999999552965164, 0.019999999552965164, 0.05000000074505806], rot_normalizer:0.3490658503988659
[predict()] making cropped data
[make_crop_data_batch()] Welcome make_crop_data_batch
[make_crop_data_batch()] make tf_to_crops done
[make_crop_data_batch()] render done
[make_crop_data_batch()] warp done
[make_crop_data_batch()] pose batch data done
[predict()] forward start
[predict()] forward done
[track_one()] pose done
[track_one()] Welcome
[track_one()] depth processing done
[predict()] ob_in_cams:(1, 4, 4)
[predict()] self.cfg.use_normal:False
[predict()] trans_normalizer:[0.019999999552965164, 0.019999999552965164, 0.05000000074505806], rot_normalizer:0.3490658503988659
[predict()] making cropped data
[make_crop_data_batch()] Welcome make_crop_data_batch
[make_crop_data_batch()] make tf_to_crops done
[make_crop_data_batch()] render done
[make_crop_data_batch()] warp done
[make_crop_data_batch()] pose batch data done
[predict()] forward start
[predict()] forward done
[track_one()] pose done
[track_one()] Welcome
[track_one()] depth processing done
[predict()] ob_in_cams:(1, 4, 4)
[predict()] self.cfg.use_normal:False
[predict()] trans_normalizer:[0.019999999552965164, 0.019999999552965164, 0.05000000074505806], rot_normalizer:0.3490658503988659
[predict()] making cropped data
[make_crop_data_batch()] Welcome make_crop_data_batch
[make_crop_data_batch()] make tf_to_crops done
[make_crop_data_batch()] render done
[make_crop_data_batch()] warp done
[make_crop_data_batch()] pose batch data done
[predict()] forward start
[predict()] forward done
[track_one()] pose done
[track_one()] Welcome
[track_one()] depth processing done
[predict()] ob_in_cams:(1, 4, 4)
[predict()] self.cfg.use_normal:False
[predict()] trans_normalizer:[0.019999999552965164, 0.019999999552965164, 0.05000000074505806], rot_normalizer:0.3490658503988659
[predict()] making cropped data
[make_crop_data_batch()] Welcome make_crop_data_batch
[make_crop_data_batch()] make tf_to_crops done
[make_crop_data_batch()] render done
[make_crop_data_batch()] warp done
[make_crop_data_batch()] pose batch data done
[predict()] forward start
[predict()] forward done
[track_one()] pose done
[track_one()] Welcome
[track_one()] depth processing done
[predict()] ob_in_cams:(1, 4, 4)
[predict()] self.cfg.use_normal:False
[predict()] trans_normalizer:[0.019999999552965164, 0.019999999552965164, 0.05000000074505806], rot_normalizer:0.3490658503988659
[predict()] making cropped data
[make_crop_data_batch()] Welcome make_crop_data_batch
[make_crop_data_batch()] make tf_to_crops done
[make_crop_data_batch()] render done
[make_crop_data_batch()] warp done
[make_crop_data_batch()] pose batch data done
[predict()] forward start
[predict()] forward done
[track_one()] pose done
[track_one()] Welcome
[track_one()] depth processing done
[predict()] ob_in_cams:(1, 4, 4)
[predict()] self.cfg.use_normal:False
[predict()] trans_normalizer:[0.019999999552965164, 0.019999999552965164, 0.05000000074505806], rot_normalizer:0.3490658503988659
[predict()] making cropped data
[make_crop_data_batch()] Welcome make_crop_data_batch
[make_crop_data_batch()] make tf_to_crops done
[make_crop_data_batch()] render done
[make_crop_data_batch()] warp done
[make_crop_data_batch()] pose batch data done
[predict()] forward start
[predict()] forward done
[track_one()] pose done
[track_one()] Welcome
[track_one()] depth processing done
[predict()] ob_in_cams:(1, 4, 4)
[predict()] self.cfg.use_normal:False
[predict()] trans_normalizer:[0.019999999552965164, 0.019999999552965164, 0.05000000074505806], rot_normalizer:0.3490658503988659
[predict()] making cropped data
[make_crop_data_batch()] Welcome make_crop_data_batch
[make_crop_data_batch()] make tf_to_crops done
[make_crop_data_batch()] render done
[make_crop_data_batch()] warp done
[make_crop_data_batch()] pose batch data done
[predict()] forward start
[predict()] forward done
[track_one()] pose done
[track_one()] Welcome
[track_one()] depth processing done
[predict()] ob_in_cams:(1, 4, 4)
[predict()] self.cfg.use_normal:False
[predict()] trans_normalizer:[0.019999999552965164, 0.019999999552965164, 0.05000000074505806], rot_normalizer:0.3490658503988659
[predict()] making cropped data
[make_crop_data_batch()] Welcome make_crop_data_batch
[make_crop_data_batch()] make tf_to_crops done
[make_crop_data_batch()] render done
[make_crop_data_batch()] warp done
[make_crop_data_batch()] pose batch data done
[predict()] forward start
[predict()] forward done
[track_one()] pose done
[track_one()] Welcome
[track_one()] depth processing done
[predict()] ob_in_cams:(1, 4, 4)
[predict()] self.cfg.use_normal:False
[predict()] trans_normalizer:[0.019999999552965164, 0.019999999552965164, 0.05000000074505806], rot_normalizer:0.3490658503988659
[predict()] making cropped data
[make_crop_data_batch()] Welcome make_crop_data_batch
[make_crop_data_batch()] make tf_to_crops done
[make_crop_data_batch()] render done
[make_crop_data_batch()] warp done
[make_crop_data_batch()] pose batch data done
[predict()] forward start
[predict()] forward done
[track_one()] pose done
[track_one()] Welcome
[track_one()] depth processing done
[predict()] ob_in_cams:(1, 4, 4)
[predict()] self.cfg.use_normal:False
[predict()] trans_normalizer:[0.019999999552965164, 0.019999999552965164, 0.05000000074505806], rot_normalizer:0.3490658503988659
[predict()] making cropped data
[make_crop_data_batch()] Welcome make_crop_data_batch
[make_crop_data_batch()] make tf_to_crops done
[make_crop_data_batch()] render done
[make_crop_data_batch()] warp done
[make_crop_data_batch()] pose batch data done
[predict()] forward start
[predict()] forward done
[track_one()] pose done
[track_one()] Welcome
[track_one()] depth processing done
[predict()] ob_in_cams:(1, 4, 4)
[predict()] self.cfg.use_normal:False
[predict()] trans_normalizer:[0.019999999552965164, 0.019999999552965164, 0.05000000074505806], rot_normalizer:0.3490658503988659
[predict()] making cropped data
[make_crop_data_batch()] Welcome make_crop_data_batch
[make_crop_data_batch()] make tf_to_crops done
[make_crop_data_batch()] render done
[make_crop_data_batch()] warp done
[make_crop_data_batch()] pose batch data done
[predict()] forward start
[predict()] forward done
[track_one()] pose done
[track_one()] Welcome
[track_one()] depth processing done
[predict()] ob_in_cams:(1, 4, 4)
[predict()] self.cfg.use_normal:False
[predict()] trans_normalizer:[0.019999999552965164, 0.019999999552965164, 0.05000000074505806], rot_normalizer:0.3490658503988659
[predict()] making cropped data
[make_crop_data_batch()] Welcome make_crop_data_batch
[make_crop_data_batch()] make tf_to_crops done
[make_crop_data_batch()] render done
[make_crop_data_batch()] warp done
[make_crop_data_batch()] pose batch data done
[predict()] forward start
[predict()] forward done
[track_one()] pose done
[track_one()] Welcome
[track_one()] depth processing done
[predict()] ob_in_cams:(1, 4, 4)
[predict()] self.cfg.use_normal:False
[predict()] trans_normalizer:[0.019999999552965164, 0.019999999552965164, 0.05000000074505806], rot_normalizer:0.3490658503988659
[predict()] making cropped data
[make_crop_data_batch()] Welcome make_crop_data_batch
[make_crop_data_batch()] make tf_to_crops done
[make_crop_data_batch()] render done
[make_crop_data_batch()] warp done
[make_crop_data_batch()] pose batch data done
[predict()] forward start
[predict()] forward done
[track_one()] pose done
[track_one()] Welcome
[track_one()] depth processing done
[predict()] ob_in_cams:(1, 4, 4)
[predict()] self.cfg.use_normal:False
[predict()] trans_normalizer:[0.019999999552965164, 0.019999999552965164, 0.05000000074505806], rot_normalizer:0.3490658503988659
[predict()] making cropped data
[make_crop_data_batch()] Welcome make_crop_data_batch
[make_crop_data_batch()] make tf_to_crops done
[make_crop_data_batch()] render done
[make_crop_data_batch()] warp done
[make_crop_data_batch()] pose batch data done
[predict()] forward start
[predict()] forward done
[track_one()] pose done
[track_one()] Welcome
[track_one()] depth processing done
[predict()] ob_in_cams:(1, 4, 4)
[predict()] self.cfg.use_normal:False
[predict()] trans_normalizer:[0.019999999552965164, 0.019999999552965164, 0.05000000074505806], rot_normalizer:0.3490658503988659
[predict()] making cropped data
[make_crop_data_batch()] Welcome make_crop_data_batch
[make_crop_data_batch()] make tf_to_crops done
[make_crop_data_batch()] render done
[make_crop_data_batch()] warp done
[make_crop_data_batch()] pose batch data done
[predict()] forward start
[predict()] forward done
[track_one()] pose done
[track_one()] Welcome
[track_one()] depth processing done
[predict()] ob_in_cams:(1, 4, 4)
[predict()] self.cfg.use_normal:False
[predict()] trans_normalizer:[0.019999999552965164, 0.019999999552965164, 0.05000000074505806], rot_normalizer:0.3490658503988659
[predict()] making cropped data
[make_crop_data_batch()] Welcome make_crop_data_batch
[make_crop_data_batch()] make tf_to_crops done
[make_crop_data_batch()] render done
[make_crop_data_batch()] warp done
[make_crop_data_batch()] pose batch data done
[predict()] forward start
[predict()] forward done
[track_one()] pose done
[track_one()] Welcome
[track_one()] depth processing done
[predict()] ob_in_cams:(1, 4, 4)
[predict()] self.cfg.use_normal:False
[predict()] trans_normalizer:[0.019999999552965164, 0.019999999552965164, 0.05000000074505806], rot_normalizer:0.3490658503988659
[predict()] making cropped data
[make_crop_data_batch()] Welcome make_crop_data_batch
[make_crop_data_batch()] make tf_to_crops done
[make_crop_data_batch()] render done
[make_crop_data_batch()] warp done
[make_crop_data_batch()] pose batch data done
[predict()] forward start
[predict()] forward done
[track_one()] pose done
[track_one()] Welcome
[track_one()] depth processing done
[predict()] ob_in_cams:(1, 4, 4)
[predict()] self.cfg.use_normal:False
[predict()] trans_normalizer:[0.019999999552965164, 0.019999999552965164, 0.05000000074505806], rot_normalizer:0.3490658503988659
[predict()] making cropped data
[make_crop_data_batch()] Welcome make_crop_data_batch
[make_crop_data_batch()] make tf_to_crops done
[make_crop_data_batch()] render done
[make_crop_data_batch()] warp done
[make_crop_data_batch()] pose batch data done
[predict()] forward start
[predict()] forward done
[track_one()] pose done
[track_one()] Welcome
[track_one()] depth processing done
[predict()] ob_in_cams:(1, 4, 4)
[predict()] self.cfg.use_normal:False
[predict()] trans_normalizer:[0.019999999552965164, 0.019999999552965164, 0.05000000074505806], rot_normalizer:0.3490658503988659
[predict()] making cropped data
[make_crop_data_batch()] Welcome make_crop_data_batch
[make_crop_data_batch()] make tf_to_crops done
[make_crop_data_batch()] render done
[make_crop_data_batch()] warp done
[make_crop_data_batch()] pose batch data done
[predict()] forward start
[predict()] forward done
[track_one()] pose done
[track_one()] Welcome
[track_one()] depth processing done
[predict()] ob_in_cams:(1, 4, 4)
[predict()] self.cfg.use_normal:False
[predict()] trans_normalizer:[0.019999999552965164, 0.019999999552965164, 0.05000000074505806], rot_normalizer:0.3490658503988659
[predict()] making cropped data
[make_crop_data_batch()] Welcome make_crop_data_batch
[make_crop_data_batch()] make tf_to_crops done
[make_crop_data_batch()] render done
[make_crop_data_batch()] warp done
[make_crop_data_batch()] pose batch data done
[predict()] forward start
[predict()] forward done
[track_one()] pose done
[track_one()] Welcome
[track_one()] depth processing done
[predict()] ob_in_cams:(1, 4, 4)
[predict()] self.cfg.use_normal:False
[predict()] trans_normalizer:[0.019999999552965164, 0.019999999552965164, 0.05000000074505806], rot_normalizer:0.3490658503988659
[predict()] making cropped data
[make_crop_data_batch()] Welcome make_crop_data_batch
[make_crop_data_batch()] make tf_to_crops done
[make_crop_data_batch()] render done
[make_crop_data_batch()] warp done
[make_crop_data_batch()] pose batch data done
[predict()] forward start
[predict()] forward done
[track_one()] pose done
[track_one()] Welcome
[track_one()] depth processing done
[predict()] ob_in_cams:(1, 4, 4)
[predict()] self.cfg.use_normal:False
[predict()] trans_normalizer:[0.019999999552965164, 0.019999999552965164, 0.05000000074505806], rot_normalizer:0.3490658503988659
[predict()] making cropped data
[make_crop_data_batch()] Welcome make_crop_data_batch
[make_crop_data_batch()] make tf_to_crops done
[make_crop_data_batch()] render done
[make_crop_data_batch()] warp done
[make_crop_data_batch()] pose batch data done
[predict()] forward start
[predict()] forward done
[track_one()] pose done
[track_one()] Welcome
[track_one()] depth processing done
[predict()] ob_in_cams:(1, 4, 4)
[predict()] self.cfg.use_normal:False
[predict()] trans_normalizer:[0.019999999552965164, 0.019999999552965164, 0.05000000074505806], rot_normalizer:0.3490658503988659
[predict()] making cropped data
[make_crop_data_batch()] Welcome make_crop_data_batch
[make_crop_data_batch()] make tf_to_crops done
[make_crop_data_batch()] render done
[make_crop_data_batch()] warp done
[make_crop_data_batch()] pose batch data done
[predict()] forward start
[predict()] forward done
[track_one()] pose done
[track_one()] Welcome
[track_one()] depth processing done
[predict()] ob_in_cams:(1, 4, 4)
[predict()] self.cfg.use_normal:False
[predict()] trans_normalizer:[0.019999999552965164, 0.019999999552965164, 0.05000000074505806], rot_normalizer:0.3490658503988659
[predict()] making cropped data
[make_crop_data_batch()] Welcome make_crop_data_batch
[make_crop_data_batch()] make tf_to_crops done
[make_crop_data_batch()] render done
[make_crop_data_batch()] warp done
[make_crop_data_batch()] pose batch data done
[predict()] forward start
[predict()] forward done
[track_one()] pose done
[track_one()] Welcome
[track_one()] depth processing done
[predict()] ob_in_cams:(1, 4, 4)
[predict()] self.cfg.use_normal:False
[predict()] trans_normalizer:[0.019999999552965164, 0.019999999552965164, 0.05000000074505806], rot_normalizer:0.3490658503988659
[predict()] making cropped data
[make_crop_data_batch()] Welcome make_crop_data_batch
[make_crop_data_batch()] make tf_to_crops done
[make_crop_data_batch()] render done
[make_crop_data_batch()] warp done
[make_crop_data_batch()] pose batch data done
[predict()] forward start
[predict()] forward done
[track_one()] pose done
[track_one()] Welcome
[track_one()] depth processing done
[predict()] ob_in_cams:(1, 4, 4)
[predict()] self.cfg.use_normal:False
[predict()] trans_normalizer:[0.019999999552965164, 0.019999999552965164, 0.05000000074505806], rot_normalizer:0.3490658503988659
[predict()] making cropped data
[make_crop_data_batch()] Welcome make_crop_data_batch
[make_crop_data_batch()] make tf_to_crops done
[make_crop_data_batch()] render done
[make_crop_data_batch()] warp done
[make_crop_data_batch()] pose batch data done
[predict()] forward start
[predict()] forward done
[track_one()] pose done
[track_one()] Welcome
[track_one()] depth processing done
[predict()] ob_in_cams:(1, 4, 4)
[predict()] self.cfg.use_normal:False
[predict()] trans_normalizer:[0.019999999552965164, 0.019999999552965164, 0.05000000074505806], rot_normalizer:0.3490658503988659
[predict()] making cropped data
[make_crop_data_batch()] Welcome make_crop_data_batch
[make_crop_data_batch()] make tf_to_crops done
[make_crop_data_batch()] render done
[make_crop_data_batch()] warp done
[make_crop_data_batch()] pose batch data done
[predict()] forward start
[predict()] forward done
[track_one()] pose done
[track_one()] Welcome
[track_one()] depth processing done
[predict()] ob_in_cams:(1, 4, 4)
[predict()] self.cfg.use_normal:False
[predict()] trans_normalizer:[0.019999999552965164, 0.019999999552965164, 0.05000000074505806], rot_normalizer:0.3490658503988659
[predict()] making cropped data
[make_crop_data_batch()] Welcome make_crop_data_batch
[make_crop_data_batch()] make tf_to_crops done
[make_crop_data_batch()] render done
[make_crop_data_batch()] warp done
[make_crop_data_batch()] pose batch data done
[predict()] forward start
[predict()] forward done
[track_one()] pose done
[track_one()] Welcome
[track_one()] depth processing done
[predict()] ob_in_cams:(1, 4, 4)
[predict()] self.cfg.use_normal:False
[predict()] trans_normalizer:[0.019999999552965164, 0.019999999552965164, 0.05000000074505806], rot_normalizer:0.3490658503988659
[predict()] making cropped data
[make_crop_data_batch()] Welcome make_crop_data_batch
[make_crop_data_batch()] make tf_to_crops done
[make_crop_data_batch()] render done
[make_crop_data_batch()] warp done
[make_crop_data_batch()] pose batch data done
[predict()] forward start
[predict()] forward done
[track_one()] pose done
[track_one()] Welcome
[track_one()] depth processing done
[predict()] ob_in_cams:(1, 4, 4)
[predict()] self.cfg.use_normal:False
[predict()] trans_normalizer:[0.019999999552965164, 0.019999999552965164, 0.05000000074505806], rot_normalizer:0.3490658503988659
[predict()] making cropped data
[make_crop_data_batch()] Welcome make_crop_data_batch
[make_crop_data_batch()] make tf_to_crops done
[make_crop_data_batch()] render done
[make_crop_data_batch()] warp done
[make_crop_data_batch()] pose batch data done
[predict()] forward start
[predict()] forward done
[track_one()] pose done
[track_one()] Welcome
[track_one()] depth processing done
[predict()] ob_in_cams:(1, 4, 4)
[predict()] self.cfg.use_normal:False
[predict()] trans_normalizer:[0.019999999552965164, 0.019999999552965164, 0.05000000074505806], rot_normalizer:0.3490658503988659
[predict()] making cropped data
[make_crop_data_batch()] Welcome make_crop_data_batch
[make_crop_data_batch()] make tf_to_crops done
[make_crop_data_batch()] render done
[make_crop_data_batch()] warp done
[make_crop_data_batch()] pose batch data done
[predict()] forward start
[predict()] forward done
[track_one()] pose done
[track_one()] Welcome
[track_one()] depth processing done
[predict()] ob_in_cams:(1, 4, 4)
[predict()] self.cfg.use_normal:False
[predict()] trans_normalizer:[0.019999999552965164, 0.019999999552965164, 0.05000000074505806], rot_normalizer:0.3490658503988659
[predict()] making cropped data
[make_crop_data_batch()] Welcome make_crop_data_batch
[make_crop_data_batch()] make tf_to_crops done
[make_crop_data_batch()] render done
[make_crop_data_batch()] warp done
[make_crop_data_batch()] pose batch data done
[predict()] forward start
[predict()] forward done
[track_one()] pose done
[track_one()] Welcome
[track_one()] depth processing done
[predict()] ob_in_cams:(1, 4, 4)
[predict()] self.cfg.use_normal:False
[predict()] trans_normalizer:[0.019999999552965164, 0.019999999552965164, 0.05000000074505806], rot_normalizer:0.3490658503988659
[predict()] making cropped data
[make_crop_data_batch()] Welcome make_crop_data_batch
[make_crop_data_batch()] make tf_to_crops done
[make_crop_data_batch()] render done
[make_crop_data_batch()] warp done
[make_crop_data_batch()] pose batch data done
[predict()] forward start
[predict()] forward done
[track_one()] pose done
[track_one()] Welcome
[track_one()] depth processing done
[predict()] ob_in_cams:(1, 4, 4)
[predict()] self.cfg.use_normal:False
[predict()] trans_normalizer:[0.019999999552965164, 0.019999999552965164, 0.05000000074505806], rot_normalizer:0.3490658503988659
[predict()] making cropped data
[make_crop_data_batch()] Welcome make_crop_data_batch
[make_crop_data_batch()] make tf_to_crops done
[make_crop_data_batch()] render done
[make_crop_data_batch()] warp done
[make_crop_data_batch()] pose batch data done
[predict()] forward start
[predict()] forward done
[track_one()] pose done
[track_one()] Welcome
[track_one()] depth processing done
[predict()] ob_in_cams:(1, 4, 4)
[predict()] self.cfg.use_normal:False
[predict()] trans_normalizer:[0.019999999552965164, 0.019999999552965164, 0.05000000074505806], rot_normalizer:0.3490658503988659
[predict()] making cropped data
[make_crop_data_batch()] Welcome make_crop_data_batch
[make_crop_data_batch()] make tf_to_crops done
[make_crop_data_batch()] render done
[make_crop_data_batch()] warp done
[make_crop_data_batch()] pose batch data done
[predict()] forward start
[predict()] forward done
[track_one()] pose done
[track_one()] Welcome
[track_one()] depth processing done
[predict()] ob_in_cams:(1, 4, 4)
[predict()] self.cfg.use_normal:False
[predict()] trans_normalizer:[0.019999999552965164, 0.019999999552965164, 0.05000000074505806], rot_normalizer:0.3490658503988659
[predict()] making cropped data
[make_crop_data_batch()] Welcome make_crop_data_batch
[make_crop_data_batch()] make tf_to_crops done
[make_crop_data_batch()] render done
[make_crop_data_batch()] warp done
[make_crop_data_batch()] pose batch data done
[predict()] forward start
[predict()] forward done
[track_one()] pose done
[track_one()] Welcome
[track_one()] depth processing done
[predict()] ob_in_cams:(1, 4, 4)
[predict()] self.cfg.use_normal:False
[predict()] trans_normalizer:[0.019999999552965164, 0.019999999552965164, 0.05000000074505806], rot_normalizer:0.3490658503988659
[predict()] making cropped data
[make_crop_data_batch()] Welcome make_crop_data_batch
[make_crop_data_batch()] make tf_to_crops done
[make_crop_data_batch()] render done
[make_crop_data_batch()] warp done
[make_crop_data_batch()] pose batch data done
[predict()] forward start
[predict()] forward done
[track_one()] pose done
[track_one()] Welcome
[track_one()] depth processing done
[predict()] ob_in_cams:(1, 4, 4)
[predict()] self.cfg.use_normal:False
[predict()] trans_normalizer:[0.019999999552965164, 0.019999999552965164, 0.05000000074505806], rot_normalizer:0.3490658503988659
[predict()] making cropped data
[make_crop_data_batch()] Welcome make_crop_data_batch
[make_crop_data_batch()] make tf_to_crops done
[make_crop_data_batch()] render done
[make_crop_data_batch()] warp done
[make_crop_data_batch()] pose batch data done
[predict()] forward start
[predict()] forward done
[track_one()] pose done
[track_one()] Welcome
[track_one()] depth processing done
[predict()] ob_in_cams:(1, 4, 4)
[predict()] self.cfg.use_normal:False
[predict()] trans_normalizer:[0.019999999552965164, 0.019999999552965164, 0.05000000074505806], rot_normalizer:0.3490658503988659
[predict()] making cropped data
[make_crop_data_batch()] Welcome make_crop_data_batch
[make_crop_data_batch()] make tf_to_crops done
[make_crop_data_batch()] render done
[make_crop_data_batch()] warp done
[make_crop_data_batch()] pose batch data done
[predict()] forward start
[predict()] forward done
[track_one()] pose done
[track_one()] Welcome
[track_one()] depth processing done
[predict()] ob_in_cams:(1, 4, 4)
[predict()] self.cfg.use_normal:False
[predict()] trans_normalizer:[0.019999999552965164, 0.019999999552965164, 0.05000000074505806], rot_normalizer:0.3490658503988659
[predict()] making cropped data
[make_crop_data_batch()] Welcome make_crop_data_batch
[make_crop_data_batch()] make tf_to_crops done
[make_crop_data_batch()] render done
[make_crop_data_batch()] warp done
[make_crop_data_batch()] pose batch data done
[predict()] forward start
[predict()] forward done
[track_one()] pose done
[track_one()] Welcome
[track_one()] depth processing done
[predict()] ob_in_cams:(1, 4, 4)
[predict()] self.cfg.use_normal:False
[predict()] trans_normalizer:[0.019999999552965164, 0.019999999552965164, 0.05000000074505806], rot_normalizer:0.3490658503988659
[predict()] making cropped data
[make_crop_data_batch()] Welcome make_crop_data_batch
[make_crop_data_batch()] make tf_to_crops done
[make_crop_data_batch()] render done
[make_crop_data_batch()] warp done
[make_crop_data_batch()] pose batch data done
[predict()] forward start
[predict()] forward done
[track_one()] pose done
[track_one()] Welcome
[track_one()] depth processing done
[predict()] ob_in_cams:(1, 4, 4)
[predict()] self.cfg.use_normal:False
[predict()] trans_normalizer:[0.019999999552965164, 0.019999999552965164, 0.05000000074505806], rot_normalizer:0.3490658503988659
[predict()] making cropped data
[make_crop_data_batch()] Welcome make_crop_data_batch
[make_crop_data_batch()] make tf_to_crops done
[make_crop_data_batch()] render done
[make_crop_data_batch()] warp done
[make_crop_data_batch()] pose batch data done
[predict()] forward start
[predict()] forward done
[track_one()] pose done
[track_one()] Welcome
[track_one()] depth processing done
[predict()] ob_in_cams:(1, 4, 4)
[predict()] self.cfg.use_normal:False
[predict()] trans_normalizer:[0.019999999552965164, 0.019999999552965164, 0.05000000074505806], rot_normalizer:0.3490658503988659
[predict()] making cropped data
[make_crop_data_batch()] Welcome make_crop_data_batch
[make_crop_data_batch()] make tf_to_crops done
[make_crop_data_batch()] render done
[make_crop_data_batch()] warp done
[make_crop_data_batch()] pose batch data done
[predict()] forward start
[predict()] forward done
[track_one()] pose done
[track_one()] Welcome
[track_one()] depth processing done
[predict()] ob_in_cams:(1, 4, 4)
[predict()] self.cfg.use_normal:False
[predict()] trans_normalizer:[0.019999999552965164, 0.019999999552965164, 0.05000000074505806], rot_normalizer:0.3490658503988659
[predict()] making cropped data
[make_crop_data_batch()] Welcome make_crop_data_batch
[make_crop_data_batch()] make tf_to_crops done
[make_crop_data_batch()] render done
[make_crop_data_batch()] warp done
[make_crop_data_batch()] pose batch data done
[predict()] forward start
[predict()] forward done
[track_one()] pose done
Warp 1.14.0 initialized:
   CUDA Toolkit 12.9, Driver 13.0
   Devices:
     "cpu"      : "x86_64"
     "cuda:0"   : "NVIDIA RTX A6000" (47 GiB, sm_86, mempool enabled)
   Kernel cache:
     /home/yanghong/.cache/warp/1.14.0
Module Utils f1d1490 load on device 'cuda:0' took 0.77 ms  (cached)
[fp_pose] frame_plan object_1: 配准帧 86 -> 22
[__init__()] self.cfg: 
 lr: 0.0001
c_in: 6
zfar: 'Infinity'
debug: null
n_view: 1
run_id: 3wy8qqex
use_BN: true
exp_name: 2024-01-11-20-02-45
n_epochs: 62
save_dir: /home/bowenw/debug/2024-01-11-20-02-45/
use_mask: false
loss_type: pairwise_valid
optimizer: adam
batch_size: 64
crop_ratio: 1.1
enable_amp: true
use_normal: false
max_num_key: null
warmup_step: -1
input_resize:
- 160
- 160
max_step_val: 1000
vis_interval: 1000
weight_decay: 0
normalize_xyz: true
resume_run_id: null
clip_grad_norm: 'Infinity'
lr_epoch_decay: 500
render_backend: nvdiffrast
train_num_pair: 5
lr_decay_epochs:
- 50
n_epochs_warmup: 1
make_pair_online: false
gradient_max_norm: 'Infinity'
max_step_per_epoch: 10000
n_rendering_workers: 1
save_epoch_interval: 100
n_dataloader_workers: 100
split_objects_across_gpus: true
ckpt_dir: /home/yanghong/Reconstruct_and_Retarget/third_party/FoundationPose/learning/training/../../weights/2024-01-11-20-02-45/model_best.pth

[__init__()] self.h5_file:None
[__init__()] Using pretrained model from /home/yanghong/Reconstruct_and_Retarget/third_party/FoundationPose/learning/training/../../weights/2024-01-11-20-02-45/model_best.pth
[__init__()] init done
[__init__()] welcome
[__init__()] self.cfg: 
 lr: 0.0001
c_in: 6
zfar: .inf
debug: null
w_rot: 0.1
n_view: 1
run_id: null
use_BN: true
rot_rep: axis_angle
ckpt_dir: /home/yanghong/Reconstruct_and_Retarget/third_party/FoundationPose/learning/training/../../weights/2023-10-28-18-33-37/model_best.pth
exp_name: 2023-10-28-18-33-37
save_dir: /tmp/2023-10-28-18-33-37/
loss_type: l2
optimizer: adam
trans_rep: tracknet
batch_size: 64
crop_ratio: 1.2
use_normal: false
BN_momentum: 0.1
max_num_key: null
warmup_step: -1
input_resize:
- 160
- 160
max_step_val: 1000
normal_uint8: false
vis_interval: 1000
weight_decay: 0
n_max_objects: null
normalize_xyz: true
clip_grad_norm: 'Infinity'
rot_normalizer: 0.3490658503988659
trans_normalizer:
- 0.019999999552965164
- 0.019999999552965164
- 0.05000000074505806
max_step_per_epoch: 25000
val_epoch_interval: 10
n_dataloader_workers: 60
enable_amp: true
use_mask: false

[__init__()] self.h5_file:
[__init__()] Using pretrained model from /home/yanghong/Reconstruct_and_Retarget/third_party/FoundationPose/learning/training/../../weights/2023-10-28-18-33-37/model_best.pth
[__init__()] init done
[reset_object()] self.diameter:0.038878523069716786, vox_size:0.003
[reset_object()] self.pts:torch.Size([318, 3])
[reset_object()] reset done
[make_rotation_grid()] cam_in_obs:(42, 4, 4)
[make_rotation_grid()] rot_grid:(252, 4, 4)
[make_rotation_grid()] after cluster, rot_grid:(252, 4, 4)
[make_rotation_grid()] self.rot_grid: torch.Size([252, 4, 4])
[register()] Welcome
[register()] poses:(252, 4, 4)
[register()] after viewpoint, add_errs min:-1.0
[predict()] ob_in_cams:(252, 4, 4)
[predict()] self.cfg.use_normal:False
[predict()] trans_normalizer:[0.019999999552965164, 0.019999999552965164, 0.05000000074505806], rot_normalizer:0.3490658503988659
[predict()] making cropped data
[make_crop_data_batch()] Welcome make_crop_data_batch
[make_crop_data_batch()] make tf_to_crops done
[make_crop_data_batch()] render done
[make_crop_data_batch()] warp done
[make_crop_data_batch()] pose batch data done
[predict()] forward start
[predict()] forward done
[predict()] making cropped data
[make_crop_data_batch()] Welcome make_crop_data_batch
[make_crop_data_batch()] make tf_to_crops done
[make_crop_data_batch()] render done
[make_crop_data_batch()] warp done
[make_crop_data_batch()] pose batch data done
[predict()] forward start
[predict()] forward done
[predict()] making cropped data
[make_crop_data_batch()] Welcome make_crop_data_batch
[make_crop_data_batch()] make tf_to_crops done
[make_crop_data_batch()] render done
[make_crop_data_batch()] warp done
[make_crop_data_batch()] pose batch data done
[predict()] forward start
[predict()] forward done
[predict()] making cropped data
[make_crop_data_batch()] Welcome make_crop_data_batch
[make_crop_data_batch()] make tf_to_crops done
[make_crop_data_batch()] render done
[make_crop_data_batch()] warp done
[make_crop_data_batch()] pose batch data done
[predict()] forward start
[predict()] forward done
[predict()] making cropped data
[make_crop_data_batch()] Welcome make_crop_data_batch
[make_crop_data_batch()] make tf_to_crops done
[make_crop_data_batch()] render done
[make_crop_data_batch()] warp done
[make_crop_data_batch()] pose batch data done
[predict()] forward start
[predict()] forward done
[predict()] ob_in_cams:(252, 4, 4)
[predict()] self.cfg.use_normal:False
[predict()] making cropped data
[make_crop_data_batch()] Welcome make_crop_data_batch
[make_crop_data_batch()] make tf_to_crops done
[make_crop_data_batch()] render done
[make_crop_data_batch()] pose batch data done
[find_best_among_pairs()] pose_data.rgbAs.shape[0]: 252
[predict()] forward done
[register()] final, add_errs min:-1.0
[register()] sort ids:tensor([ 21,  27,  75, 249,   3,   9,  15,  33,  57,  69,  81,  87,  93,  99,
        105, 171, 177, 183, 189, 195, 225, 231, 237, 243,  24,  26,  28,  30,
         32,  34,  58,  70,  88,  94, 100, 106, 108, 109, 110, 111, 112, 113,
        153, 170, 172, 178, 182, 184, 188, 190, 207, 226, 232, 236, 238, 242,
        244,  51,  63, 147, 176, 187, 201, 224,  37,  55,  56,  64,  66,  85,
         86,  90,  92,  98, 103, 115, 124, 127, 130, 133, 160, 175, 202,  25,
         31,  43,  46,  49,  52,  61,  67,  91, 121, 138, 139, 148, 149, 163,
        169, 181, 223, 229, 230, 235, 241,  41,  97, 118, 136, 140, 141, 142,
        143, 154, 157, 161, 166, 208, 211, 214, 215, 217, 220, 221, 222, 228,
          6,  12,  18,  36,  40,  47,  48,  60,  68,  72,  78,  84, 114, 117,
        120, 132, 134, 144, 145, 150, 151, 156, 162, 167, 168, 174, 192, 199,
        204, 205, 216, 246,   0,  42,  45,  65,  96, 104, 116, 119, 122, 123,
        126, 128, 129, 198, 210,   2,   5,  11,  39,  50,  53, 125, 131, 137,
        165, 197, 219, 251,   8,  17,  20,  35,  54,  77,  80, 191, 239, 248,
         29,  62,  74, 185, 200, 213,  23,  83, 135, 180, 245,  10,  13,  19,
        102, 152, 159, 186, 194, 196, 203, 209, 234, 247, 250,   1,   4,   7,
         22,  38,  73,  76,  79,  82, 146, 155, 173, 193, 206, 227, 233, 240,
         14,  44, 164, 179,  16, 212,  89, 158, 218,  59,  71,  95, 101, 107])
[register()] sorted scores:tensor([132.3750, 132.3750, 132.3750, 132.3750, 132.3438, 132.3438, 132.3438,
        132.3438, 132.3438, 132.3438, 132.3438, 132.3438, 132.3438, 132.3438,
        132.3438, 132.3438, 132.3438, 132.3438, 132.3438, 132.3438, 132.3438,
        132.3438, 132.3438, 132.3438, 132.1875, 132.1875, 132.1875, 132.1875,
        132.1875, 132.1875, 132.1875, 132.1875, 132.1875, 132.1875, 132.1875,
        132.1875, 132.1875, 132.1875, 132.1875, 132.1875, 132.1875, 132.1875,
        132.1875, 132.1875, 132.1875, 132.1875, 132.1875, 132.1875, 132.1875,
        132.1875, 132.1875, 132.1875, 132.1875, 132.1875, 132.1875, 132.1875,
        132.1875, 132.1562, 132.1562, 132.1562, 132.1562, 132.1562, 132.1562,
        132.1562, 132.1250, 132.1250, 132.1250, 132.1250, 132.1250, 132.1250,
        132.1250, 132.1250, 132.1250, 132.1250, 132.1250, 132.1250, 132.1250,
        132.1250, 132.1250, 132.1250, 132.1250, 132.1250, 132.1250, 132.0938,
        132.0938, 132.0938, 132.0938, 132.0938, 132.0938, 132.0938, 132.0938,
        132.0938, 132.0938, 132.0938, 132.0938, 132.0938, 132.0938, 132.0938,
        132.0938, 132.0938, 132.0938, 132.0938, 132.0938, 132.0938, 132.0938,
        132.0625, 132.0625, 132.0625, 132.0625, 132.0625, 132.0625, 132.0625,
        132.0625, 132.0625, 132.0625, 132.0625, 132.0625, 132.0625, 132.0625,
        132.0625, 132.0625, 132.0625, 132.0625, 132.0625, 132.0625, 132.0625,
        132.0312, 132.0312, 132.0312, 132.0312, 132.0312, 132.0312, 132.0312,
        132.0312, 132.0312, 132.0312, 132.0312, 132.0312, 132.0312, 132.0312,
        132.0312, 132.0312, 132.0312, 132.0312, 132.0312, 132.0312, 132.0312,
        132.0312, 132.0312, 132.0312, 132.0312, 132.0312, 132.0312, 132.0312,
        132.0312, 132.0312, 132.0312, 132.0312, 132.0000, 132.0000, 132.0000,
        132.0000, 132.0000, 132.0000, 132.0000, 132.0000, 132.0000, 132.0000,
        132.0000, 132.0000, 132.0000, 132.0000, 132.0000, 131.9844, 131.9844,
        131.9844, 131.9844, 131.9844, 131.9844, 131.9844, 131.9844, 131.9844,
        131.9844, 131.9844, 131.9844, 131.9844, 131.9531, 131.9531, 131.9531,
        131.9531, 131.9531, 131.9531, 131.9531, 131.9531, 131.9531, 131.9531,
        131.9375, 131.9375, 131.9375, 131.9375, 131.9375, 131.9375, 131.9219,
        131.9219, 131.9219, 131.9219, 131.9219, 131.9062, 131.9062, 131.9062,
        131.9062, 131.9062, 131.9062, 131.9062, 131.9062, 131.9062, 131.9062,
        131.9062, 131.9062, 131.9062, 131.9062, 131.8906, 131.8906, 131.8906,
        131.8906, 131.8906, 131.8906, 131.8906, 131.8906, 131.8906, 131.8906,
        131.8906, 131.8906, 131.8906, 131.8906, 131.8906, 131.8906, 131.8906,
        131.8750, 131.8750, 131.8750, 131.8750, 131.8594, 131.8594, 131.8438,
        131.8438, 131.8438, 131.8281, 131.8281, 131.8281, 131.8281, 131.8281])
[track_one()] Welcome
[track_one()] depth processing done
[predict()] ob_in_cams:(1, 4, 4)
[predict()] self.cfg.use_normal:False
[predict()] trans_normalizer:[0.019999999552965164, 0.019999999552965164, 0.05000000074505806], rot_normalizer:0.3490658503988659
[predict()] making cropped data
[make_crop_data_batch()] Welcome make_crop_data_batch
[make_crop_data_batch()] make tf_to_crops done
[make_crop_data_batch()] render done
[make_crop_data_batch()] warp done
[make_crop_data_batch()] pose batch data done
[predict()] forward start
[predict()] forward done
[track_one()] pose done
[track_one()] Welcome
[track_one()] depth processing done
[predict()] ob_in_cams:(1, 4, 4)
[predict()] self.cfg.use_normal:False
[predict()] trans_normalizer:[0.019999999552965164, 0.019999999552965164, 0.05000000074505806], rot_normalizer:0.3490658503988659
[predict()] making cropped data
[make_crop_data_batch()] Welcome make_crop_data_batch
[make_crop_data_batch()] make tf_to_crops done
[make_crop_data_batch()] render done
[make_crop_data_batch()] warp done
[make_crop_data_batch()] pose batch data done
[predict()] forward start
[predict()] forward done
[track_one()] pose done
[track_one()] Welcome
[track_one()] depth processing done
[predict()] ob_in_cams:(1, 4, 4)
[predict()] self.cfg.use_normal:False
[predict()] trans_normalizer:[0.019999999552965164, 0.019999999552965164, 0.05000000074505806], rot_normalizer:0.3490658503988659
[predict()] making cropped data
[make_crop_data_batch()] Welcome make_crop_data_batch
[make_crop_data_batch()] make tf_to_crops done
[make_crop_data_batch()] render done
[make_crop_data_batch()] warp done
[make_crop_data_batch()] pose batch data done
[predict()] forward start
[predict()] forward done
[track_one()] pose done
[track_one()] Welcome
[track_one()] depth processing done
[predict()] ob_in_cams:(1, 4, 4)
[predict()] self.cfg.use_normal:False
[predict()] trans_normalizer:[0.019999999552965164, 0.019999999552965164, 0.05000000074505806], rot_normalizer:0.3490658503988659
[predict()] making cropped data
[make_crop_data_batch()] Welcome make_crop_data_batch
[make_crop_data_batch()] make tf_to_crops done
[make_crop_data_batch()] render done
[make_crop_data_batch()] warp done
[make_crop_data_batch()] pose batch data done
[predict()] forward start
[predict()] forward done
[track_one()] pose done
[track_one()] Welcome
[track_one()] depth processing done
[predict()] ob_in_cams:(1, 4, 4)
[predict()] self.cfg.use_normal:False
[predict()] trans_normalizer:[0.019999999552965164, 0.019999999552965164, 0.05000000074505806], rot_normalizer:0.3490658503988659
[predict()] making cropped data
[make_crop_data_batch()] Welcome make_crop_data_batch
[make_crop_data_batch()] make tf_to_crops done
[make_crop_data_batch()] render done
[make_crop_data_batch()] warp done
[make_crop_data_batch()] pose batch data done
[predict()] forward start
[predict()] forward done
[track_one()] pose done
[track_one()] Welcome
[track_one()] depth processing done
[predict()] ob_in_cams:(1, 4, 4)
[predict()] self.cfg.use_normal:False
[predict()] trans_normalizer:[0.019999999552965164, 0.019999999552965164, 0.05000000074505806], rot_normalizer:0.3490658503988659
[predict()] making cropped data
[make_crop_data_batch()] Welcome make_crop_data_batch
[make_crop_data_batch()] make tf_to_crops done
[make_crop_data_batch()] render done
[make_crop_data_batch()] warp done
[make_crop_data_batch()] pose batch data done
[predict()] forward start
[predict()] forward done
[track_one()] pose done
[track_one()] Welcome
[track_one()] depth processing done
[predict()] ob_in_cams:(1, 4, 4)
[predict()] self.cfg.use_normal:False
[predict()] trans_normalizer:[0.019999999552965164, 0.019999999552965164, 0.05000000074505806], rot_normalizer:0.3490658503988659
[predict()] making cropped data
[make_crop_data_batch()] Welcome make_crop_data_batch
[make_crop_data_batch()] make tf_to_crops done
[make_crop_data_batch()] render done
[make_crop_data_batch()] warp done
[make_crop_data_batch()] pose batch data done
[predict()] forward start
[predict()] forward done
[track_one()] pose done
[track_one()] Welcome
[track_one()] depth processing done
[predict()] ob_in_cams:(1, 4, 4)
[predict()] self.cfg.use_normal:False
[predict()] trans_normalizer:[0.019999999552965164, 0.019999999552965164, 0.05000000074505806], rot_normalizer:0.3490658503988659
[predict()] making cropped data
[make_crop_data_batch()] Welcome make_crop_data_batch
[make_crop_data_batch()] make tf_to_crops done
[make_crop_data_batch()] render done
[make_crop_data_batch()] warp done
[make_crop_data_batch()] pose batch data done
[predict()] forward start
[predict()] forward done
[track_one()] pose done
[track_one()] Welcome
[track_one()] depth processing done
[predict()] ob_in_cams:(1, 4, 4)
[predict()] self.cfg.use_normal:False
[predict()] trans_normalizer:[0.019999999552965164, 0.019999999552965164, 0.05000000074505806], rot_normalizer:0.3490658503988659
[predict()] making cropped data
[make_crop_data_batch()] Welcome make_crop_data_batch
[make_crop_data_batch()] make tf_to_crops done
[make_crop_data_batch()] render done
[make_crop_data_batch()] warp done
[make_crop_data_batch()] pose batch data done
[predict()] forward start
[predict()] forward done
[track_one()] pose done
[track_one()] Welcome
[track_one()] depth processing done
[predict()] ob_in_cams:(1, 4, 4)
[predict()] self.cfg.use_normal:False
[predict()] trans_normalizer:[0.019999999552965164, 0.019999999552965164, 0.05000000074505806], rot_normalizer:0.3490658503988659
[predict()] making cropped data
[make_crop_data_batch()] Welcome make_crop_data_batch
[make_crop_data_batch()] make tf_to_crops done
[make_crop_data_batch()] render done
[make_crop_data_batch()] warp done
[make_crop_data_batch()] pose batch data done
[predict()] forward start
[predict()] forward done
[track_one()] pose done
[track_one()] Welcome
[track_one()] depth processing done
[predict()] ob_in_cams:(1, 4, 4)
[predict()] self.cfg.use_normal:False
[predict()] trans_normalizer:[0.019999999552965164, 0.019999999552965164, 0.05000000074505806], rot_normalizer:0.3490658503988659
[predict()] making cropped data
[make_crop_data_batch()] Welcome make_crop_data_batch
[make_crop_data_batch()] make tf_to_crops done
[make_crop_data_batch()] render done
[make_crop_data_batch()] warp done
[make_crop_data_batch()] pose batch data done
[predict()] forward start
[predict()] forward done
[track_one()] pose done
[track_one()] Welcome
[track_one()] depth processing done
[predict()] ob_in_cams:(1, 4, 4)
[predict()] self.cfg.use_normal:False
[predict()] trans_normalizer:[0.019999999552965164, 0.019999999552965164, 0.05000000074505806], rot_normalizer:0.3490658503988659
[predict()] making cropped data
[make_crop_data_batch()] Welcome make_crop_data_batch
[make_crop_data_batch()] make tf_to_crops done
[make_crop_data_batch()] render done
[make_crop_data_batch()] warp done
[make_crop_data_batch()] pose batch data done
[predict()] forward start
[predict()] forward done
[track_one()] pose done
[track_one()] Welcome
[track_one()] depth processing done
[predict()] ob_in_cams:(1, 4, 4)
[predict()] self.cfg.use_normal:False
[predict()] trans_normalizer:[0.019999999552965164, 0.019999999552965164, 0.05000000074505806], rot_normalizer:0.3490658503988659
[predict()] making cropped data
[make_crop_data_batch()] Welcome make_crop_data_batch
[make_crop_data_batch()] make tf_to_crops done
[make_crop_data_batch()] render done
[make_crop_data_batch()] warp done
[make_crop_data_batch()] pose batch data done
[predict()] forward start
[predict()] forward done
[track_one()] pose done
[track_one()] Welcome
[track_one()] depth processing done
[predict()] ob_in_cams:(1, 4, 4)
[predict()] self.cfg.use_normal:False
[predict()] trans_normalizer:[0.019999999552965164, 0.019999999552965164, 0.05000000074505806], rot_normalizer:0.3490658503988659
[predict()] making cropped data
[make_crop_data_batch()] Welcome make_crop_data_batch
[make_crop_data_batch()] make tf_to_crops done
[make_crop_data_batch()] render done
[make_crop_data_batch()] warp done
[make_crop_data_batch()] pose batch data done
[predict()] forward start
[predict()] forward done
[track_one()] pose done
[track_one()] Welcome
[track_one()] depth processing done
[predict()] ob_in_cams:(1, 4, 4)
[predict()] self.cfg.use_normal:False
[predict()] trans_normalizer:[0.019999999552965164, 0.019999999552965164, 0.05000000074505806], rot_normalizer:0.3490658503988659
[predict()] making cropped data
[make_crop_data_batch()] Welcome make_crop_data_batch
[make_crop_data_batch()] make tf_to_crops done
[make_crop_data_batch()] render done
[make_crop_data_batch()] warp done
[make_crop_data_batch()] pose batch data done
[predict()] forward start
[predict()] forward done
[track_one()] pose done
[track_one()] Welcome
[track_one()] depth processing done
[predict()] ob_in_cams:(1, 4, 4)
[predict()] self.cfg.use_normal:False
[predict()] trans_normalizer:[0.019999999552965164, 0.019999999552965164, 0.05000000074505806], rot_normalizer:0.3490658503988659
[predict()] making cropped data
[make_crop_data_batch()] Welcome make_crop_data_batch
[make_crop_data_batch()] make tf_to_crops done
[make_crop_data_batch()] render done
[make_crop_data_batch()] warp done
[make_crop_data_batch()] pose batch data done
[predict()] forward start
[predict()] forward done
[track_one()] pose done
[track_one()] Welcome
[track_one()] depth processing done
[predict()] ob_in_cams:(1, 4, 4)
[predict()] self.cfg.use_normal:False
[predict()] trans_normalizer:[0.019999999552965164, 0.019999999552965164, 0.05000000074505806], rot_normalizer:0.3490658503988659
[predict()] making cropped data
[make_crop_data_batch()] Welcome make_crop_data_batch
[make_crop_data_batch()] make tf_to_crops done
[make_crop_data_batch()] render done
[make_crop_data_batch()] warp done
[make_crop_data_batch()] pose batch data done
[predict()] forward start
[predict()] forward done
[track_one()] pose done
[track_one()] Welcome
[track_one()] depth processing done
[predict()] ob_in_cams:(1, 4, 4)
[predict()] self.cfg.use_normal:False
[predict()] trans_normalizer:[0.019999999552965164, 0.019999999552965164, 0.05000000074505806], rot_normalizer:0.3490658503988659
[predict()] making cropped data
[make_crop_data_batch()] Welcome make_crop_data_batch
[make_crop_data_batch()] make tf_to_crops done
[make_crop_data_batch()] render done
[make_crop_data_batch()] warp done
[make_crop_data_batch()] pose batch data done
[predict()] forward start
[predict()] forward done
[track_one()] pose done
[track_one()] Welcome
[track_one()] depth processing done
[predict()] ob_in_cams:(1, 4, 4)
[predict()] self.cfg.use_normal:False
[predict()] trans_normalizer:[0.019999999552965164, 0.019999999552965164, 0.05000000074505806], rot_normalizer:0.3490658503988659
[predict()] making cropped data
[make_crop_data_batch()] Welcome make_crop_data_batch
[make_crop_data_batch()] make tf_to_crops done
[make_crop_data_batch()] render done
[make_crop_data_batch()] warp done
[make_crop_data_batch()] pose batch data done
[predict()] forward start
[predict()] forward done
[track_one()] pose done
[track_one()] Welcome
[track_one()] depth processing done
[predict()] ob_in_cams:(1, 4, 4)
[predict()] self.cfg.use_normal:False
[predict()] trans_normalizer:[0.019999999552965164, 0.019999999552965164, 0.05000000074505806], rot_normalizer:0.3490658503988659
[predict()] making cropped data
[make_crop_data_batch()] Welcome make_crop_data_batch
[make_crop_data_batch()] make tf_to_crops done
[make_crop_data_batch()] render done
[make_crop_data_batch()] warp done
[make_crop_data_batch()] pose batch data done
[predict()] forward start
[predict()] forward done
[track_one()] pose done
[track_one()] Welcome
[track_one()] depth processing done
[predict()] ob_in_cams:(1, 4, 4)
[predict()] self.cfg.use_normal:False
[predict()] trans_normalizer:[0.019999999552965164, 0.019999999552965164, 0.05000000074505806], rot_normalizer:0.3490658503988659
[predict()] making cropped data
[make_crop_data_batch()] Welcome make_crop_data_batch
[make_crop_data_batch()] make tf_to_crops done
[make_crop_data_batch()] render done
[make_crop_data_batch()] warp done
[make_crop_data_batch()] pose batch data done
[predict()] forward start
[predict()] forward done
[track_one()] pose done
[track_one()] Welcome
[track_one()] depth processing done
[predict()] ob_in_cams:(1, 4, 4)
[predict()] self.cfg.use_normal:False
[predict()] trans_normalizer:[0.019999999552965164, 0.019999999552965164, 0.05000000074505806], rot_normalizer:0.3490658503988659
[predict()] making cropped data
[make_crop_data_batch()] Welcome make_crop_data_batch
[make_crop_data_batch()] make tf_to_crops done
[make_crop_data_batch()] render done
[make_crop_data_batch()] warp done
[make_crop_data_batch()] pose batch data done
[predict()] forward start
[predict()] forward done
[track_one()] pose done
[track_one()] Welcome
[track_one()] depth processing done
[predict()] ob_in_cams:(1, 4, 4)
[predict()] self.cfg.use_normal:False
[predict()] trans_normalizer:[0.019999999552965164, 0.019999999552965164, 0.05000000074505806], rot_normalizer:0.3490658503988659
[predict()] making cropped data
[make_crop_data_batch()] Welcome make_crop_data_batch
[make_crop_data_batch()] make tf_to_crops done
[make_crop_data_batch()] render done
[make_crop_data_batch()] warp done
[make_crop_data_batch()] pose batch data done
[predict()] forward start
[predict()] forward done
[track_one()] pose done
[track_one()] Welcome
[track_one()] depth processing done
[predict()] ob_in_cams:(1, 4, 4)
[predict()] self.cfg.use_normal:False
[predict()] trans_normalizer:[0.019999999552965164, 0.019999999552965164, 0.05000000074505806], rot_normalizer:0.3490658503988659
[predict()] making cropped data
[make_crop_data_batch()] Welcome make_crop_data_batch
[make_crop_data_batch()] make tf_to_crops done
[make_crop_data_batch()] render done
[make_crop_data_batch()] warp done
[make_crop_data_batch()] pose batch data done
[predict()] forward start
[predict()] forward done
[track_one()] pose done
[track_one()] Welcome
[track_one()] depth processing done
[predict()] ob_in_cams:(1, 4, 4)
[predict()] self.cfg.use_normal:False
[predict()] trans_normalizer:[0.019999999552965164, 0.019999999552965164, 0.05000000074505806], rot_normalizer:0.3490658503988659
[predict()] making cropped data
[make_crop_data_batch()] Welcome make_crop_data_batch
[make_crop_data_batch()] make tf_to_crops done
[make_crop_data_batch()] render done
[make_crop_data_batch()] warp done
[make_crop_data_batch()] pose batch data done
[predict()] forward start
[predict()] forward done
[track_one()] pose done
[track_one()] Welcome
[track_one()] depth processing done
[predict()] ob_in_cams:(1, 4, 4)
[predict()] self.cfg.use_normal:False
[predict()] trans_normalizer:[0.019999999552965164, 0.019999999552965164, 0.05000000074505806], rot_normalizer:0.3490658503988659
[predict()] making cropped data
[make_crop_data_batch()] Welcome make_crop_data_batch
[make_crop_data_batch()] make tf_to_crops done
[make_crop_data_batch()] render done
[make_crop_data_batch()] warp done
[make_crop_data_batch()] pose batch data done
[predict()] forward start
[predict()] forward done
[track_one()] pose done
[track_one()] Welcome
[track_one()] depth processing done
[predict()] ob_in_cams:(1, 4, 4)
[predict()] self.cfg.use_normal:False
[predict()] trans_normalizer:[0.019999999552965164, 0.019999999552965164, 0.05000000074505806], rot_normalizer:0.3490658503988659
[predict()] making cropped data
[make_crop_data_batch()] Welcome make_crop_data_batch
[make_crop_data_batch()] make tf_to_crops done
[make_crop_data_batch()] render done
[make_crop_data_batch()] warp done
[make_crop_data_batch()] pose batch data done
[predict()] forward start
[predict()] forward done
[track_one()] pose done
[track_one()] Welcome
[track_one()] depth processing done
[predict()] ob_in_cams:(1, 4, 4)
[predict()] self.cfg.use_normal:False
[predict()] trans_normalizer:[0.019999999552965164, 0.019999999552965164, 0.05000000074505806], rot_normalizer:0.3490658503988659
[predict()] making cropped data
[make_crop_data_batch()] Welcome make_crop_data_batch
[make_crop_data_batch()] make tf_to_crops done
[make_crop_data_batch()] render done
[make_crop_data_batch()] warp done
[make_crop_data_batch()] pose batch data done
[predict()] forward start
[predict()] forward done
[track_one()] pose done
[track_one()] Welcome
[track_one()] depth processing done
[predict()] ob_in_cams:(1, 4, 4)
[predict()] self.cfg.use_normal:False
[predict()] trans_normalizer:[0.019999999552965164, 0.019999999552965164, 0.05000000074505806], rot_normalizer:0.3490658503988659
[predict()] making cropped data
[make_crop_data_batch()] Welcome make_crop_data_batch
[make_crop_data_batch()] make tf_to_crops done
[make_crop_data_batch()] render done
[make_crop_data_batch()] warp done
[make_crop_data_batch()] pose batch data done
[predict()] forward start
[predict()] forward done
[track_one()] pose done
[track_one()] Welcome
[track_one()] depth processing done
[predict()] ob_in_cams:(1, 4, 4)
[predict()] self.cfg.use_normal:False
[predict()] trans_normalizer:[0.019999999552965164, 0.019999999552965164, 0.05000000074505806], rot_normalizer:0.3490658503988659
[predict()] making cropped data
[make_crop_data_batch()] Welcome make_crop_data_batch
[make_crop_data_batch()] make tf_to_crops done
[make_crop_data_batch()] render done
[make_crop_data_batch()] warp done
[make_crop_data_batch()] pose batch data done
[predict()] forward start
[predict()] forward done
[track_one()] pose done
[track_one()] Welcome
[track_one()] depth processing done
[predict()] ob_in_cams:(1, 4, 4)
[predict()] self.cfg.use_normal:False
[predict()] trans_normalizer:[0.019999999552965164, 0.019999999552965164, 0.05000000074505806], rot_normalizer:0.3490658503988659
[predict()] making cropped data
[make_crop_data_batch()] Welcome make_crop_data_batch
[make_crop_data_batch()] make tf_to_crops done
[make_crop_data_batch()] render done
[make_crop_data_batch()] warp done
[make_crop_data_batch()] pose batch data done
[predict()] forward start
[predict()] forward done
[track_one()] pose done
[track_one()] Welcome
[track_one()] depth processing done
[predict()] ob_in_cams:(1, 4, 4)
[predict()] self.cfg.use_normal:False
[predict()] trans_normalizer:[0.019999999552965164, 0.019999999552965164, 0.05000000074505806], rot_normalizer:0.3490658503988659
[predict()] making cropped data
[make_crop_data_batch()] Welcome make_crop_data_batch
[make_crop_data_batch()] make tf_to_crops done
[make_crop_data_batch()] render done
[make_crop_data_batch()] warp done
[make_crop_data_batch()] pose batch data done
[predict()] forward start
[predict()] forward done
[track_one()] pose done
[track_one()] Welcome
[track_one()] depth processing done
[predict()] ob_in_cams:(1, 4, 4)
[predict()] self.cfg.use_normal:False
[predict()] trans_normalizer:[0.019999999552965164, 0.019999999552965164, 0.05000000074505806], rot_normalizer:0.3490658503988659
[predict()] making cropped data
[make_crop_data_batch()] Welcome make_crop_data_batch
[make_crop_data_batch()] make tf_to_crops done
[make_crop_data_batch()] render done
[make_crop_data_batch()] warp done
[make_crop_data_batch()] pose batch data done
[predict()] forward start
[predict()] forward done
[track_one()] pose done
[track_one()] Welcome
[track_one()] depth processing done
[predict()] ob_in_cams:(1, 4, 4)
[predict()] self.cfg.use_normal:False
[predict()] trans_normalizer:[0.019999999552965164, 0.019999999552965164, 0.05000000074505806], rot_normalizer:0.3490658503988659
[predict()] making cropped data
[make_crop_data_batch()] Welcome make_crop_data_batch
[make_crop_data_batch()] make tf_to_crops done
[make_crop_data_batch()] render done
[make_crop_data_batch()] warp done
[make_crop_data_batch()] pose batch data done
[predict()] forward start
[predict()] forward done
[track_one()] pose done
[track_one()] Welcome
[track_one()] depth processing done
[predict()] ob_in_cams:(1, 4, 4)
[predict()] self.cfg.use_normal:False
[predict()] trans_normalizer:[0.019999999552965164, 0.019999999552965164, 0.05000000074505806], rot_normalizer:0.3490658503988659
[predict()] making cropped data
[make_crop_data_batch()] Welcome make_crop_data_batch
[make_crop_data_batch()] make tf_to_crops done
[make_crop_data_batch()] render done
[make_crop_data_batch()] warp done
[make_crop_data_batch()] pose batch data done
[predict()] forward start
[predict()] forward done
[track_one()] pose done
[track_one()] Welcome
[track_one()] depth processing done
[predict()] ob_in_cams:(1, 4, 4)
[predict()] self.cfg.use_normal:False
[predict()] trans_normalizer:[0.019999999552965164, 0.019999999552965164, 0.05000000074505806], rot_normalizer:0.3490658503988659
[predict()] making cropped data
[make_crop_data_batch()] Welcome make_crop_data_batch
[make_crop_data_batch()] make tf_to_crops done
[make_crop_data_batch()] render done
[make_crop_data_batch()] warp done
[make_crop_data_batch()] pose batch data done
[predict()] forward start
[predict()] forward done
[track_one()] pose done
[track_one()] Welcome
[track_one()] depth processing done
[predict()] ob_in_cams:(1, 4, 4)
[predict()] self.cfg.use_normal:False
[predict()] trans_normalizer:[0.019999999552965164, 0.019999999552965164, 0.05000000074505806], rot_normalizer:0.3490658503988659
[predict()] making cropped data
[make_crop_data_batch()] Welcome make_crop_data_batch
[make_crop_data_batch()] make tf_to_crops done
[make_crop_data_batch()] render done
[make_crop_data_batch()] warp done
[make_crop_data_batch()] pose batch data done
[predict()] forward start
[predict()] forward done
[track_one()] pose done
[track_one()] Welcome
[track_one()] depth processing done
[predict()] ob_in_cams:(1, 4, 4)
[predict()] self.cfg.use_normal:False
[predict()] trans_normalizer:[0.019999999552965164, 0.019999999552965164, 0.05000000074505806], rot_normalizer:0.3490658503988659
[predict()] making cropped data
[make_crop_data_batch()] Welcome make_crop_data_batch
[make_crop_data_batch()] make tf_to_crops done
[make_crop_data_batch()] render done
[make_crop_data_batch()] warp done
[make_crop_data_batch()] pose batch data done
[predict()] forward start
[predict()] forward done
[track_one()] pose done
[track_one()] Welcome
[track_one()] depth processing done
[predict()] ob_in_cams:(1, 4, 4)
[predict()] self.cfg.use_normal:False
[predict()] trans_normalizer:[0.019999999552965164, 0.019999999552965164, 0.05000000074505806], rot_normalizer:0.3490658503988659
[predict()] making cropped data
[make_crop_data_batch()] Welcome make_crop_data_batch
[make_crop_data_batch()] make tf_to_crops done
[make_crop_data_batch()] render done
[make_crop_data_batch()] warp done
[make_crop_data_batch()] pose batch data done
[predict()] forward start
[predict()] forward done
[track_one()] pose done
[track_one()] Welcome
[track_one()] depth processing done
[predict()] ob_in_cams:(1, 4, 4)
[predict()] self.cfg.use_normal:False
[predict()] trans_normalizer:[0.019999999552965164, 0.019999999552965164, 0.05000000074505806], rot_normalizer:0.3490658503988659
[predict()] making cropped data
[make_crop_data_batch()] Welcome make_crop_data_batch
[make_crop_data_batch()] make tf_to_crops done
[make_crop_data_batch()] render done
[make_crop_data_batch()] warp done
[make_crop_data_batch()] pose batch data done
[predict()] forward start
[predict()] forward done
[track_one()] pose done
[track_one()] Welcome
[track_one()] depth processing done
[predict()] ob_in_cams:(1, 4, 4)
[predict()] self.cfg.use_normal:False
[predict()] trans_normalizer:[0.019999999552965164, 0.019999999552965164, 0.05000000074505806], rot_normalizer:0.3490658503988659
[predict()] making cropped data
[make_crop_data_batch()] Welcome make_crop_data_batch
[make_crop_data_batch()] make tf_to_crops done
[make_crop_data_batch()] render done
[make_crop_data_batch()] warp done
[make_crop_data_batch()] pose batch data done
[predict()] forward start
[predict()] forward done
[track_one()] pose done
[track_one()] Welcome
[track_one()] depth processing done
[predict()] ob_in_cams:(1, 4, 4)
[predict()] self.cfg.use_normal:False
[predict()] trans_normalizer:[0.019999999552965164, 0.019999999552965164, 0.05000000074505806], rot_normalizer:0.3490658503988659
[predict()] making cropped data
[make_crop_data_batch()] Welcome make_crop_data_batch
[make_crop_data_batch()] make tf_to_crops done
[make_crop_data_batch()] render done
[make_crop_data_batch()] warp done
[make_crop_data_batch()] pose batch data done
[predict()] forward start
[predict()] forward done
[track_one()] pose done
[track_one()] Welcome
[track_one()] depth processing done
[predict()] ob_in_cams:(1, 4, 4)
[predict()] self.cfg.use_normal:False
[predict()] trans_normalizer:[0.019999999552965164, 0.019999999552965164, 0.05000000074505806], rot_normalizer:0.3490658503988659
[predict()] making cropped data
[make_crop_data_batch()] Welcome make_crop_data_batch
[make_crop_data_batch()] make tf_to_crops done
[make_crop_data_batch()] render done
[make_crop_data_batch()] warp done
[make_crop_data_batch()] pose batch data done
[predict()] forward start
[predict()] forward done
[track_one()] pose done
[track_one()] Welcome
[track_one()] depth processing done
[predict()] ob_in_cams:(1, 4, 4)
[predict()] self.cfg.use_normal:False
[predict()] trans_normalizer:[0.019999999552965164, 0.019999999552965164, 0.05000000074505806], rot_normalizer:0.3490658503988659
[predict()] making cropped data
[make_crop_data_batch()] Welcome make_crop_data_batch
[make_crop_data_batch()] make tf_to_crops done
[make_crop_data_batch()] render done
[make_crop_data_batch()] warp done
[make_crop_data_batch()] pose batch data done
[predict()] forward start
[predict()] forward done
[track_one()] pose done
[track_one()] Welcome
[track_one()] depth processing done
[predict()] ob_in_cams:(1, 4, 4)
[predict()] self.cfg.use_normal:False
[predict()] trans_normalizer:[0.019999999552965164, 0.019999999552965164, 0.05000000074505806], rot_normalizer:0.3490658503988659
[predict()] making cropped data
[make_crop_data_batch()] Welcome make_crop_data_batch
[make_crop_data_batch()] make tf_to_crops done
[make_crop_data_batch()] render done
[make_crop_data_batch()] warp done
[make_crop_data_batch()] pose batch data done
[predict()] forward start
[predict()] forward done
[track_one()] pose done
[track_one()] Welcome
[track_one()] depth processing done
[predict()] ob_in_cams:(1, 4, 4)
[predict()] self.cfg.use_normal:False
[predict()] trans_normalizer:[0.019999999552965164, 0.019999999552965164, 0.05000000074505806], rot_normalizer:0.3490658503988659
[predict()] making cropped data
[make_crop_data_batch()] Welcome make_crop_data_batch
[make_crop_data_batch()] make tf_to_crops done
[make_crop_data_batch()] render done
[make_crop_data_batch()] warp done
[make_crop_data_batch()] pose batch data done
[predict()] forward start
[predict()] forward done
[track_one()] pose done
[track_one()] Welcome
[track_one()] depth processing done
[predict()] ob_in_cams:(1, 4, 4)
[predict()] self.cfg.use_normal:False
[predict()] trans_normalizer:[0.019999999552965164, 0.019999999552965164, 0.05000000074505806], rot_normalizer:0.3490658503988659
[predict()] making cropped data
[make_crop_data_batch()] Welcome make_crop_data_batch
[make_crop_data_batch()] make tf_to_crops done
[make_crop_data_batch()] render done
[make_crop_data_batch()] warp done
[make_crop_data_batch()] pose batch data done
[predict()] forward start
[predict()] forward done
[track_one()] pose done
[track_one()] Welcome
[track_one()] depth processing done
[predict()] ob_in_cams:(1, 4, 4)
[predict()] self.cfg.use_normal:False
[predict()] trans_normalizer:[0.019999999552965164, 0.019999999552965164, 0.05000000074505806], rot_normalizer:0.3490658503988659
[predict()] making cropped data
[make_crop_data_batch()] Welcome make_crop_data_batch
[make_crop_data_batch()] make tf_to_crops done
[make_crop_data_batch()] render done
[make_crop_data_batch()] warp done
[make_crop_data_batch()] pose batch data done
[predict()] forward start
[predict()] forward done
[track_one()] pose done
[track_one()] Welcome
[track_one()] depth processing done
[predict()] ob_in_cams:(1, 4, 4)
[predict()] self.cfg.use_normal:False
[predict()] trans_normalizer:[0.019999999552965164, 0.019999999552965164, 0.05000000074505806], rot_normalizer:0.3490658503988659
[predict()] making cropped data
[make_crop_data_batch()] Welcome make_crop_data_batch
[make_crop_data_batch()] make tf_to_crops done
[make_crop_data_batch()] render done
[make_crop_data_batch()] warp done
[make_crop_data_batch()] pose batch data done
[predict()] forward start
[predict()] forward done
[track_one()] pose done
[track_one()] Welcome
[track_one()] depth processing done
[predict()] ob_in_cams:(1, 4, 4)
[predict()] self.cfg.use_normal:False
[predict()] trans_normalizer:[0.019999999552965164, 0.019999999552965164, 0.05000000074505806], rot_normalizer:0.3490658503988659
[predict()] making cropped data
[make_crop_data_batch()] Welcome make_crop_data_batch
[make_crop_data_batch()] make tf_to_crops done
[make_crop_data_batch()] render done
[make_crop_data_batch()] warp done
[make_crop_data_batch()] pose batch data done
[predict()] forward start
[predict()] forward done
[track_one()] pose done
[track_one()] Welcome
[track_one()] depth processing done
[predict()] ob_in_cams:(1, 4, 4)
[predict()] self.cfg.use_normal:False
[predict()] trans_normalizer:[0.019999999552965164, 0.019999999552965164, 0.05000000074505806], rot_normalizer:0.3490658503988659
[predict()] making cropped data
[make_crop_data_batch()] Welcome make_crop_data_batch
[make_crop_data_batch()] make tf_to_crops done
[make_crop_data_batch()] render done
[make_crop_data_batch()] warp done
[make_crop_data_batch()] pose batch data done
[predict()] forward start
[predict()] forward done
[track_one()] pose done
[track_one()] Welcome
[track_one()] depth processing done
[predict()] ob_in_cams:(1, 4, 4)
[predict()] self.cfg.use_normal:False
[predict()] trans_normalizer:[0.019999999552965164, 0.019999999552965164, 0.05000000074505806], rot_normalizer:0.3490658503988659
[predict()] making cropped data
[make_crop_data_batch()] Welcome make_crop_data_batch
[make_crop_data_batch()] make tf_to_crops done
[make_crop_data_batch()] render done
[make_crop_data_batch()] warp done
[make_crop_data_batch()] pose batch data done
[predict()] forward start
[predict()] forward done
[track_one()] pose done
[track_one()] Welcome
[track_one()] depth processing done
[predict()] ob_in_cams:(1, 4, 4)
[predict()] self.cfg.use_normal:False
[predict()] trans_normalizer:[0.019999999552965164, 0.019999999552965164, 0.05000000074505806], rot_normalizer:0.3490658503988659
[predict()] making cropped data
[make_crop_data_batch()] Welcome make_crop_data_batch
[make_crop_data_batch()] make tf_to_crops done
[make_crop_data_batch()] render done
[make_crop_data_batch()] warp done
[make_crop_data_batch()] pose batch data done
[predict()] forward start
[predict()] forward done
[track_one()] pose done
[track_one()] Welcome
[track_one()] depth processing done
[predict()] ob_in_cams:(1, 4, 4)
[predict()] self.cfg.use_normal:False
[predict()] trans_normalizer:[0.019999999552965164, 0.019999999552965164, 0.05000000074505806], rot_normalizer:0.3490658503988659
[predict()] making cropped data
[make_crop_data_batch()] Welcome make_crop_data_batch
[make_crop_data_batch()] make tf_to_crops done
[make_crop_data_batch()] render done
[make_crop_data_batch()] warp done
[make_crop_data_batch()] pose batch data done
[predict()] forward start
[predict()] forward done
[track_one()] pose done
[track_one()] Welcome
[track_one()] depth processing done
[predict()] ob_in_cams:(1, 4, 4)
[predict()] self.cfg.use_normal:False
[predict()] trans_normalizer:[0.019999999552965164, 0.019999999552965164, 0.05000000074505806], rot_normalizer:0.3490658503988659
[predict()] making cropped data
[make_crop_data_batch()] Welcome make_crop_data_batch
[make_crop_data_batch()] make tf_to_crops done
[make_crop_data_batch()] render done
[make_crop_data_batch()] warp done
[make_crop_data_batch()] pose batch data done
[predict()] forward start
[predict()] forward done
[track_one()] pose done
[track_one()] Welcome
[track_one()] depth processing done
[predict()] ob_in_cams:(1, 4, 4)
[predict()] self.cfg.use_normal:False
[predict()] trans_normalizer:[0.019999999552965164, 0.019999999552965164, 0.05000000074505806], rot_normalizer:0.3490658503988659
[predict()] making cropped data
[make_crop_data_batch()] Welcome make_crop_data_batch
[make_crop_data_batch()] make tf_to_crops done
[make_crop_data_batch()] render done
[make_crop_data_batch()] warp done
[make_crop_data_batch()] pose batch data done
[predict()] forward start
[predict()] forward done
[track_one()] pose done
[track_one()] Welcome
[track_one()] depth processing done
[predict()] ob_in_cams:(1, 4, 4)
[predict()] self.cfg.use_normal:False
[predict()] trans_normalizer:[0.019999999552965164, 0.019999999552965164, 0.05000000074505806], rot_normalizer:0.3490658503988659
[predict()] making cropped data
[make_crop_data_batch()] Welcome make_crop_data_batch
[make_crop_data_batch()] make tf_to_crops done
[make_crop_data_batch()] render done
[make_crop_data_batch()] warp done
[make_crop_data_batch()] pose batch data done
[predict()] forward start
[predict()] forward done
[track_one()] pose done
[track_one()] Welcome
[track_one()] depth processing done
[predict()] ob_in_cams:(1, 4, 4)
[predict()] self.cfg.use_normal:False
[predict()] trans_normalizer:[0.019999999552965164, 0.019999999552965164, 0.05000000074505806], rot_normalizer:0.3490658503988659
[predict()] making cropped data
[make_crop_data_batch()] Welcome make_crop_data_batch
[make_crop_data_batch()] make tf_to_crops done
[make_crop_data_batch()] render done
[make_crop_data_batch()] warp done
[make_crop_data_batch()] pose batch data done
[predict()] forward start
[predict()] forward done
[track_one()] pose done
[track_one()] Welcome
[track_one()] depth processing done
[predict()] ob_in_cams:(1, 4, 4)
[predict()] self.cfg.use_normal:False
[predict()] trans_normalizer:[0.019999999552965164, 0.019999999552965164, 0.05000000074505806], rot_normalizer:0.3490658503988659
[predict()] making cropped data
[make_crop_data_batch()] Welcome make_crop_data_batch
[make_crop_data_batch()] make tf_to_crops done
[make_crop_data_batch()] render done
[make_crop_data_batch()] warp done
[make_crop_data_batch()] pose batch data done
[predict()] forward start
[predict()] forward done
[track_one()] pose done
[track_one()] Welcome
[track_one()] depth processing done
[predict()] ob_in_cams:(1, 4, 4)
[predict()] self.cfg.use_normal:False
[predict()] trans_normalizer:[0.019999999552965164, 0.019999999552965164, 0.05000000074505806], rot_normalizer:0.3490658503988659
[predict()] making cropped data
[make_crop_data_batch()] Welcome make_crop_data_batch
[make_crop_data_batch()] make tf_to_crops done
[make_crop_data_batch()] render done
[make_crop_data_batch()] warp done
[make_crop_data_batch()] pose batch data done
[predict()] forward start
[predict()] forward done
[track_one()] pose done
[track_one()] Welcome
[track_one()] depth processing done
[predict()] ob_in_cams:(1, 4, 4)
[predict()] self.cfg.use_normal:False
[predict()] trans_normalizer:[0.019999999552965164, 0.019999999552965164, 0.05000000074505806], rot_normalizer:0.3490658503988659
[predict()] making cropped data
[make_crop_data_batch()] Welcome make_crop_data_batch
[make_crop_data_batch()] make tf_to_crops done
[make_crop_data_batch()] render done
[make_crop_data_batch()] warp done
[make_crop_data_batch()] pose batch data done
[predict()] forward start
[predict()] forward done
[track_one()] pose done
[track_one()] Welcome
[track_one()] depth processing done
[predict()] ob_in_cams:(1, 4, 4)
[predict()] self.cfg.use_normal:False
[predict()] trans_normalizer:[0.019999999552965164, 0.019999999552965164, 0.05000000074505806], rot_normalizer:0.3490658503988659
[predict()] making cropped data
[make_crop_data_batch()] Welcome make_crop_data_batch
[make_crop_data_batch()] make tf_to_crops done
[make_crop_data_batch()] render done
[make_crop_data_batch()] warp done
[make_crop_data_batch()] pose batch data done
[predict()] forward start
[predict()] forward done
[track_one()] pose done
[track_one()] Welcome
[track_one()] depth processing done
[predict()] ob_in_cams:(1, 4, 4)
[predict()] self.cfg.use_normal:False
[predict()] trans_normalizer:[0.019999999552965164, 0.019999999552965164, 0.05000000074505806], rot_normalizer:0.3490658503988659
[predict()] making cropped data
[make_crop_data_batch()] Welcome make_crop_data_batch
[make_crop_data_batch()] make tf_to_crops done
[make_crop_data_batch()] render done
[make_crop_data_batch()] warp done
[make_crop_data_batch()] pose batch data done
[predict()] forward start
[predict()] forward done
[track_one()] pose done
[track_one()] Welcome
[track_one()] depth processing done
[predict()] ob_in_cams:(1, 4, 4)
[predict()] self.cfg.use_normal:False
[predict()] trans_normalizer:[0.019999999552965164, 0.019999999552965164, 0.05000000074505806], rot_normalizer:0.3490658503988659
[predict()] making cropped data
[make_crop_data_batch()] Welcome make_crop_data_batch
[make_crop_data_batch()] make tf_to_crops done
[make_crop_data_batch()] render done
[make_crop_data_batch()] warp done
[make_crop_data_batch()] pose batch data done
[predict()] forward start
[predict()] forward done
[track_one()] pose done
[track_one()] Welcome
[track_one()] depth processing done
[predict()] ob_in_cams:(1, 4, 4)
[predict()] self.cfg.use_normal:False
[predict()] trans_normalizer:[0.019999999552965164, 0.019999999552965164, 0.05000000074505806], rot_normalizer:0.3490658503988659
[predict()] making cropped data
[make_crop_data_batch()] Welcome make_crop_data_batch
[make_crop_data_batch()] make tf_to_crops done
[make_crop_data_batch()] render done
[make_crop_data_batch()] warp done
[make_crop_data_batch()] pose batch data done
[predict()] forward start
[predict()] forward done
[track_one()] pose done
[track_one()] Welcome
[track_one()] depth processing done
[predict()] ob_in_cams:(1, 4, 4)
[predict()] self.cfg.use_normal:False
[predict()] trans_normalizer:[0.019999999552965164, 0.019999999552965164, 0.05000000074505806], rot_normalizer:0.3490658503988659
[predict()] making cropped data
[make_crop_data_batch()] Welcome make_crop_data_batch
[make_crop_data_batch()] make tf_to_crops done
[make_crop_data_batch()] render done
[make_crop_data_batch()] warp done
[make_crop_data_batch()] pose batch data done
[predict()] forward start
[predict()] forward done
[track_one()] pose done
[track_one()] Welcome
[track_one()] depth processing done
[predict()] ob_in_cams:(1, 4, 4)
[predict()] self.cfg.use_normal:False
[predict()] trans_normalizer:[0.019999999552965164, 0.019999999552965164, 0.05000000074505806], rot_normalizer:0.3490658503988659
[predict()] making cropped data
[make_crop_data_batch()] Welcome make_crop_data_batch
[make_crop_data_batch()] make tf_to_crops done
[make_crop_data_batch()] render done
[make_crop_data_batch()] warp done
[make_crop_data_batch()] pose batch data done
[predict()] forward start
[predict()] forward done
[track_one()] pose done
[track_one()] Welcome
[track_one()] depth processing done
[predict()] ob_in_cams:(1, 4, 4)
[predict()] self.cfg.use_normal:False
[predict()] trans_normalizer:[0.019999999552965164, 0.019999999552965164, 0.05000000074505806], rot_normalizer:0.3490658503988659
[predict()] making cropped data
[make_crop_data_batch()] Welcome make_crop_data_batch
[make_crop_data_batch()] make tf_to_crops done
[make_crop_data_batch()] render done
[make_crop_data_batch()] warp done
[make_crop_data_batch()] pose batch data done
[predict()] forward start
[predict()] forward done
[track_one()] pose done
[track_one()] Welcome
[track_one()] depth processing done
[predict()] ob_in_cams:(1, 4, 4)
[predict()] self.cfg.use_normal:False
[predict()] trans_normalizer:[0.019999999552965164, 0.019999999552965164, 0.05000000074505806], rot_normalizer:0.3490658503988659
[predict()] making cropped data
[make_crop_data_batch()] Welcome make_crop_data_batch
[make_crop_data_batch()] make tf_to_crops done
[make_crop_data_batch()] render done
[make_crop_data_batch()] warp done
[make_crop_data_batch()] pose batch data done
[predict()] forward start
[predict()] forward done
[track_one()] pose done
[track_one()] Welcome
[track_one()] depth processing done
[predict()] ob_in_cams:(1, 4, 4)
[predict()] self.cfg.use_normal:False
[predict()] trans_normalizer:[0.019999999552965164, 0.019999999552965164, 0.05000000074505806], rot_normalizer:0.3490658503988659
[predict()] making cropped data
[make_crop_data_batch()] Welcome make_crop_data_batch
[make_crop_data_batch()] make tf_to_crops done
[make_crop_data_batch()] render done
[make_crop_data_batch()] warp done
[make_crop_data_batch()] pose batch data done
[predict()] forward start
[predict()] forward done
[track_one()] pose done
[track_one()] Welcome
[track_one()] depth processing done
[predict()] ob_in_cams:(1, 4, 4)
[predict()] self.cfg.use_normal:False
[predict()] trans_normalizer:[0.019999999552965164, 0.019999999552965164, 0.05000000074505806], rot_normalizer:0.3490658503988659
[predict()] making cropped data
[make_crop_data_batch()] Welcome make_crop_data_batch
[make_crop_data_batch()] make tf_to_crops done
[make_crop_data_batch()] render done
[make_crop_data_batch()] warp done
[make_crop_data_batch()] pose batch data done
[predict()] forward start
[predict()] forward done
[track_one()] pose done
[track_one()] Welcome
[track_one()] depth processing done
[predict()] ob_in_cams:(1, 4, 4)
[predict()] self.cfg.use_normal:False
[predict()] trans_normalizer:[0.019999999552965164, 0.019999999552965164, 0.05000000074505806], rot_normalizer:0.3490658503988659
[predict()] making cropped data
[make_crop_data_batch()] Welcome make_crop_data_batch
[make_crop_data_batch()] make tf_to_crops done
[make_crop_data_batch()] render done
[make_crop_data_batch()] warp done
[make_crop_data_batch()] pose batch data done
[predict()] forward start
[predict()] forward done
[track_one()] pose done
[track_one()] Welcome
[track_one()] depth processing done
[predict()] ob_in_cams:(1, 4, 4)
[predict()] self.cfg.use_normal:False
[predict()] trans_normalizer:[0.019999999552965164, 0.019999999552965164, 0.05000000074505806], rot_normalizer:0.3490658503988659
[predict()] making cropped data
[make_crop_data_batch()] Welcome make_crop_data_batch
[make_crop_data_batch()] make tf_to_crops done
[make_crop_data_batch()] render done
[make_crop_data_batch()] warp done
[make_crop_data_batch()] pose batch data done
[predict()] forward start
[predict()] forward done
[track_one()] pose done
[track_one()] Welcome
[track_one()] depth processing done
[predict()] ob_in_cams:(1, 4, 4)
[predict()] self.cfg.use_normal:False
[predict()] trans_normalizer:[0.019999999552965164, 0.019999999552965164, 0.05000000074505806], rot_normalizer:0.3490658503988659
[predict()] making cropped data
[make_crop_data_batch()] Welcome make_crop_data_batch
[make_crop_data_batch()] make tf_to_crops done
[make_crop_data_batch()] render done
[make_crop_data_batch()] warp done
[make_crop_data_batch()] pose batch data done
[predict()] forward start
[predict()] forward done
[track_one()] pose done
[track_one()] Welcome
[track_one()] depth processing done
[predict()] ob_in_cams:(1, 4, 4)
[predict()] self.cfg.use_normal:False
[predict()] trans_normalizer:[0.019999999552965164, 0.019999999552965164, 0.05000000074505806], rot_normalizer:0.3490658503988659
[predict()] making cropped data
[make_crop_data_batch()] Welcome make_crop_data_batch
[make_crop_data_batch()] make tf_to_crops done
[make_crop_data_batch()] render done
[make_crop_data_batch()] warp done
[make_crop_data_batch()] pose batch data done
[predict()] forward start
[predict()] forward done
[track_one()] pose done
[track_one()] Welcome
[track_one()] depth processing done
[predict()] ob_in_cams:(1, 4, 4)
[predict()] self.cfg.use_normal:False
[predict()] trans_normalizer:[0.019999999552965164, 0.019999999552965164, 0.05000000074505806], rot_normalizer:0.3490658503988659
[predict()] making cropped data
[make_crop_data_batch()] Welcome make_crop_data_batch
[make_crop_data_batch()] make tf_to_crops done
[make_crop_data_batch()] render done
[make_crop_data_batch()] warp done
[make_crop_data_batch()] pose batch data done
[predict()] forward start
[predict()] forward done
[track_one()] pose done
[track_one()] Welcome
[track_one()] depth processing done
[predict()] ob_in_cams:(1, 4, 4)
[predict()] self.cfg.use_normal:False
[predict()] trans_normalizer:[0.019999999552965164, 0.019999999552965164, 0.05000000074505806], rot_normalizer:0.3490658503988659
[predict()] making cropped data
[make_crop_data_batch()] Welcome make_crop_data_batch
[make_crop_data_batch()] make tf_to_crops done
[make_crop_data_batch()] render done
[make_crop_data_batch()] warp done
[make_crop_data_batch()] pose batch data done
[predict()] forward start
[predict()] forward done
[track_one()] pose done
[track_one()] Welcome
[track_one()] depth processing done
[predict()] ob_in_cams:(1, 4, 4)
[predict()] self.cfg.use_normal:False
[predict()] trans_normalizer:[0.019999999552965164, 0.019999999552965164, 0.05000000074505806], rot_normalizer:0.3490658503988659
[predict()] making cropped data
[make_crop_data_batch()] Welcome make_crop_data_batch
[make_crop_data_batch()] make tf_to_crops done
[make_crop_data_batch()] render done
[make_crop_data_batch()] warp done
[make_crop_data_batch()] pose batch data done
[predict()] forward start
[predict()] forward done
[track_one()] pose done
[track_one()] Welcome
[track_one()] depth processing done
[predict()] ob_in_cams:(1, 4, 4)
[predict()] self.cfg.use_normal:False
[predict()] trans_normalizer:[0.019999999552965164, 0.019999999552965164, 0.05000000074505806], rot_normalizer:0.3490658503988659
[predict()] making cropped data
[make_crop_data_batch()] Welcome make_crop_data_batch
[make_crop_data_batch()] make tf_to_crops done
[make_crop_data_batch()] render done
[make_crop_data_batch()] warp done
[make_crop_data_batch()] pose batch data done
[predict()] forward start
[predict()] forward done
[track_one()] pose done
[track_one()] Welcome
[track_one()] depth processing done
[predict()] ob_in_cams:(1, 4, 4)
[predict()] self.cfg.use_normal:False
[predict()] trans_normalizer:[0.019999999552965164, 0.019999999552965164, 0.05000000074505806], rot_normalizer:0.3490658503988659
[predict()] making cropped data
[make_crop_data_batch()] Welcome make_crop_data_batch
[make_crop_data_batch()] make tf_to_crops done
[make_crop_data_batch()] render done
[make_crop_data_batch()] warp done
[make_crop_data_batch()] pose batch data done
[predict()] forward start
[predict()] forward done
[track_one()] pose done
[track_one()] Welcome
[track_one()] depth processing done
[predict()] ob_in_cams:(1, 4, 4)
[predict()] self.cfg.use_normal:False
[predict()] trans_normalizer:[0.019999999552965164, 0.019999999552965164, 0.05000000074505806], rot_normalizer:0.3490658503988659
[predict()] making cropped data
[make_crop_data_batch()] Welcome make_crop_data_batch
[make_crop_data_batch()] make tf_to_crops done
[make_crop_data_batch()] render done
[make_crop_data_batch()] warp done
[make_crop_data_batch()] pose batch data done
[predict()] forward start
[predict()] forward done
[track_one()] pose done
[track_one()] Welcome
[track_one()] depth processing done
[predict()] ob_in_cams:(1, 4, 4)
[predict()] self.cfg.use_normal:False
[predict()] trans_normalizer:[0.019999999552965164, 0.019999999552965164, 0.05000000074505806], rot_normalizer:0.3490658503988659
[predict()] making cropped data
[make_crop_data_batch()] Welcome make_crop_data_batch
[make_crop_data_batch()] make tf_to_crops done
[make_crop_data_batch()] render done
[make_crop_data_batch()] warp done
[make_crop_data_batch()] pose batch data done
[predict()] forward start
[predict()] forward done
[track_one()] pose done
[track_one()] Welcome
[track_one()] depth processing done
[predict()] ob_in_cams:(1, 4, 4)
[predict()] self.cfg.use_normal:False
[predict()] trans_normalizer:[0.019999999552965164, 0.019999999552965164, 0.05000000074505806], rot_normalizer:0.3490658503988659
[predict()] making cropped data
[make_crop_data_batch()] Welcome make_crop_data_batch
[make_crop_data_batch()] make tf_to_crops done
[make_crop_data_batch()] render done
[make_crop_data_batch()] warp done
[make_crop_data_batch()] pose batch data done
[predict()] forward start
[predict()] forward done
[track_one()] pose done
[track_one()] Welcome
[track_one()] depth processing done
[predict()] ob_in_cams:(1, 4, 4)
[predict()] self.cfg.use_normal:False
[predict()] trans_normalizer:[0.019999999552965164, 0.019999999552965164, 0.05000000074505806], rot_normalizer:0.3490658503988659
[predict()] making cropped data
[make_crop_data_batch()] Welcome make_crop_data_batch
[make_crop_data_batch()] make tf_to_crops done
[make_crop_data_batch()] render done
[make_crop_data_batch()] warp done
[make_crop_data_batch()] pose batch data done
[predict()] forward start
[predict()] forward done
[track_one()] pose done
[track_one()] Welcome
[track_one()] depth processing done
[predict()] ob_in_cams:(1, 4, 4)
[predict()] self.cfg.use_normal:False
[predict()] trans_normalizer:[0.019999999552965164, 0.019999999552965164, 0.05000000074505806], rot_normalizer:0.3490658503988659
[predict()] making cropped data
[make_crop_data_batch()] Welcome make_crop_data_batch
[make_crop_data_batch()] make tf_to_crops done
[make_crop_data_batch()] render done
[make_crop_data_batch()] warp done
[make_crop_data_batch()] pose batch data done
[predict()] forward start
[predict()] forward done
[track_one()] pose done
[track_one()] Welcome
[track_one()] depth processing done
[predict()] ob_in_cams:(1, 4, 4)
[predict()] self.cfg.use_normal:False
[predict()] trans_normalizer:[0.019999999552965164, 0.019999999552965164, 0.05000000074505806], rot_normalizer:0.3490658503988659
[predict()] making cropped data
[make_crop_data_batch()] Welcome make_crop_data_batch
[make_crop_data_batch()] make tf_to_crops done
[make_crop_data_batch()] render done
[make_crop_data_batch()] warp done
[make_crop_data_batch()] pose batch data done
[predict()] forward start
[predict()] forward done
[track_one()] pose done
[track_one()] Welcome
[track_one()] depth processing done
[predict()] ob_in_cams:(1, 4, 4)
[predict()] self.cfg.use_normal:False
[predict()] trans_normalizer:[0.019999999552965164, 0.019999999552965164, 0.05000000074505806], rot_normalizer:0.3490658503988659
[predict()] making cropped data
[make_crop_data_batch()] Welcome make_crop_data_batch
[make_crop_data_batch()] make tf_to_crops done
[make_crop_data_batch()] render done
[make_crop_data_batch()] warp done
[make_crop_data_batch()] pose batch data done
[predict()] forward start
[predict()] forward done
[track_one()] pose done
[track_one()] Welcome
[track_one()] depth processing done
[predict()] ob_in_cams:(1, 4, 4)
[predict()] self.cfg.use_normal:False
[predict()] trans_normalizer:[0.019999999552965164, 0.019999999552965164, 0.05000000074505806], rot_normalizer:0.3490658503988659
[predict()] making cropped data
[make_crop_data_batch()] Welcome make_crop_data_batch
[make_crop_data_batch()] make tf_to_crops done
[make_crop_data_batch()] render done
[make_crop_data_batch()] warp done
[make_crop_data_batch()] pose batch data done
[predict()] forward start
[predict()] forward done
[track_one()] pose done
[track_one()] Welcome
[track_one()] depth processing done
[predict()] ob_in_cams:(1, 4, 4)
[predict()] self.cfg.use_normal:False
[predict()] trans_normalizer:[0.019999999552965164, 0.019999999552965164, 0.05000000074505806], rot_normalizer:0.3490658503988659
[predict()] making cropped data
[make_crop_data_batch()] Welcome make_crop_data_batch
[make_crop_data_batch()] make tf_to_crops done
[make_crop_data_batch()] render done
[make_crop_data_batch()] warp done
[make_crop_data_batch()] pose batch data done
[predict()] forward start
[predict()] forward done
[track_one()] pose done
[track_one()] Welcome
[track_one()] depth processing done
[predict()] ob_in_cams:(1, 4, 4)
[predict()] self.cfg.use_normal:False
[predict()] trans_normalizer:[0.019999999552965164, 0.019999999552965164, 0.05000000074505806], rot_normalizer:0.3490658503988659
[predict()] making cropped data
[make_crop_data_batch()] Welcome make_crop_data_batch
[make_crop_data_batch()] make tf_to_crops done
[make_crop_data_batch()] render done
[make_crop_data_batch()] warp done
[make_crop_data_batch()] pose batch data done
[predict()] forward start
[predict()] forward done
[track_one()] pose done
[track_one()] Welcome
[track_one()] depth processing done
[predict()] ob_in_cams:(1, 4, 4)
[predict()] self.cfg.use_normal:False
[predict()] trans_normalizer:[0.019999999552965164, 0.019999999552965164, 0.05000000074505806], rot_normalizer:0.3490658503988659
[predict()] making cropped data
[make_crop_data_batch()] Welcome make_crop_data_batch
[make_crop_data_batch()] make tf_to_crops done
[make_crop_data_batch()] render done
[make_crop_data_batch()] warp done
[make_crop_data_batch()] pose batch data done
[predict()] forward start
[predict()] forward done
[track_one()] pose done
[track_one()] Welcome
[track_one()] depth processing done
[predict()] ob_in_cams:(1, 4, 4)
[predict()] self.cfg.use_normal:False
[predict()] trans_normalizer:[0.019999999552965164, 0.019999999552965164, 0.05000000074505806], rot_normalizer:0.3490658503988659
[predict()] making cropped data
[make_crop_data_batch()] Welcome make_crop_data_batch
[make_crop_data_batch()] make tf_to_crops done
[make_crop_data_batch()] render done
[make_crop_data_batch()] warp done
[make_crop_data_batch()] pose batch data done
[predict()] forward start
[predict()] forward done
[track_one()] pose done
[track_one()] Welcome
[track_one()] depth processing done
[predict()] ob_in_cams:(1, 4, 4)
[predict()] self.cfg.use_normal:False
[predict()] trans_normalizer:[0.019999999552965164, 0.019999999552965164, 0.05000000074505806], rot_normalizer:0.3490658503988659
[predict()] making cropped data
[make_crop_data_batch()] Welcome make_crop_data_batch
[make_crop_data_batch()] make tf_to_crops done
[make_crop_data_batch()] render done
[make_crop_data_batch()] warp done
[make_crop_data_batch()] pose batch data done
[predict()] forward start
[predict()] forward done
[track_one()] pose done
[track_one()] Welcome
[track_one()] depth processing done
[predict()] ob_in_cams:(1, 4, 4)
[predict()] self.cfg.use_normal:False
[predict()] trans_normalizer:[0.019999999552965164, 0.019999999552965164, 0.05000000074505806], rot_normalizer:0.3490658503988659
[predict()] making cropped data
[make_crop_data_batch()] Welcome make_crop_data_batch
[make_crop_data_batch()] make tf_to_crops done
[make_crop_data_batch()] render done
[make_crop_data_batch()] warp done
[make_crop_data_batch()] pose batch data done
[predict()] forward start
[predict()] forward done
[track_one()] pose done
[track_one()] Welcome
[track_one()] depth processing done
[predict()] ob_in_cams:(1, 4, 4)
[predict()] self.cfg.use_normal:False
[predict()] trans_normalizer:[0.019999999552965164, 0.019999999552965164, 0.05000000074505806], rot_normalizer:0.3490658503988659
[predict()] making cropped data
[make_crop_data_batch()] Welcome make_crop_data_batch
[make_crop_data_batch()] make tf_to_crops done
[make_crop_data_batch()] render done
[make_crop_data_batch()] warp done
[make_crop_data_batch()] pose batch data done
[predict()] forward start
[predict()] forward done
[track_one()] pose done
[track_one()] Welcome
[track_one()] depth processing done
[predict()] ob_in_cams:(1, 4, 4)
[predict()] self.cfg.use_normal:False
[predict()] trans_normalizer:[0.019999999552965164, 0.019999999552965164, 0.05000000074505806], rot_normalizer:0.3490658503988659
[predict()] making cropped data
[make_crop_data_batch()] Welcome make_crop_data_batch
[make_crop_data_batch()] make tf_to_crops done
[make_crop_data_batch()] render done
[make_crop_data_batch()] warp done
[make_crop_data_batch()] pose batch data done
[predict()] forward start
[predict()] forward done
[track_one()] pose done
[track_one()] Welcome
[track_one()] depth processing done
[predict()] ob_in_cams:(1, 4, 4)
[predict()] self.cfg.use_normal:False
[predict()] trans_normalizer:[0.019999999552965164, 0.019999999552965164, 0.05000000074505806], rot_normalizer:0.3490658503988659
[predict()] making cropped data
[make_crop_data_batch()] Welcome make_crop_data_batch
[make_crop_data_batch()] make tf_to_crops done
[make_crop_data_batch()] render done
[make_crop_data_batch()] warp done
[make_crop_data_batch()] pose batch data done
[predict()] forward start
[predict()] forward done
[track_one()] pose done
[track_one()] Welcome
[track_one()] depth processing done
[predict()] ob_in_cams:(1, 4, 4)
[predict()] self.cfg.use_normal:False
[predict()] trans_normalizer:[0.019999999552965164, 0.019999999552965164, 0.05000000074505806], rot_normalizer:0.3490658503988659
[predict()] making cropped data
[make_crop_data_batch()] Welcome make_crop_data_batch
[make_crop_data_batch()] make tf_to_crops done
[make_crop_data_batch()] render done
[make_crop_data_batch()] warp done
[make_crop_data_batch()] pose batch data done
[predict()] forward start
[predict()] forward done
[track_one()] pose done
[track_one()] Welcome
[track_one()] depth processing done
[predict()] ob_in_cams:(1, 4, 4)
[predict()] self.cfg.use_normal:False
[predict()] trans_normalizer:[0.019999999552965164, 0.019999999552965164, 0.05000000074505806], rot_normalizer:0.3490658503988659
[predict()] making cropped data
[make_crop_data_batch()] Welcome make_crop_data_batch
[make_crop_data_batch()] make tf_to_crops done
[make_crop_data_batch()] render done
[make_crop_data_batch()] warp done
[make_crop_data_batch()] pose batch data done
[predict()] forward start
[predict()] forward done
[track_one()] pose done
[track_one()] Welcome
[track_one()] depth processing done
[predict()] ob_in_cams:(1, 4, 4)
[predict()] self.cfg.use_normal:False
[predict()] trans_normalizer:[0.019999999552965164, 0.019999999552965164, 0.05000000074505806], rot_normalizer:0.3490658503988659
[predict()] making cropped data
[make_crop_data_batch()] Welcome make_crop_data_batch
[make_crop_data_batch()] make tf_to_crops done
[make_crop_data_batch()] render done
[make_crop_data_batch()] warp done
[make_crop_data_batch()] pose batch data done
[predict()] forward start
[predict()] forward done
[track_one()] pose done
[track_one()] Welcome
[track_one()] depth processing done
[predict()] ob_in_cams:(1, 4, 4)
[predict()] self.cfg.use_normal:False
[predict()] trans_normalizer:[0.019999999552965164, 0.019999999552965164, 0.05000000074505806], rot_normalizer:0.3490658503988659
[predict()] making cropped data
[make_crop_data_batch()] Welcome make_crop_data_batch
[make_crop_data_batch()] make tf_to_crops done
[make_crop_data_batch()] render done
[make_crop_data_batch()] warp done
[make_crop_data_batch()] pose batch data done
[predict()] forward start
[predict()] forward done
[track_one()] pose done
[track_one()] Welcome
[track_one()] depth processing done
[predict()] ob_in_cams:(1, 4, 4)
[predict()] self.cfg.use_normal:False
[predict()] trans_normalizer:[0.019999999552965164, 0.019999999552965164, 0.05000000074505806], rot_normalizer:0.3490658503988659
[predict()] making cropped data
[make_crop_data_batch()] Welcome make_crop_data_batch
[make_crop_data_batch()] make tf_to_crops done
[make_crop_data_batch()] render done
[make_crop_data_batch()] warp done
[make_crop_data_batch()] pose batch data done
[predict()] forward start
[predict()] forward done
[track_one()] pose done
[track_one()] Welcome
[track_one()] depth processing done
[predict()] ob_in_cams:(1, 4, 4)
[predict()] self.cfg.use_normal:False
[predict()] trans_normalizer:[0.019999999552965164, 0.019999999552965164, 0.05000000074505806], rot_normalizer:0.3490658503988659
[predict()] making cropped data
[make_crop_data_batch()] Welcome make_crop_data_batch
[make_crop_data_batch()] make tf_to_crops done
[make_crop_data_batch()] render done
[make_crop_data_batch()] warp done
[make_crop_data_batch()] pose batch data done
[predict()] forward start
[predict()] forward done
[track_one()] pose done
[track_one()] Welcome
[track_one()] depth processing done
[predict()] ob_in_cams:(1, 4, 4)
[predict()] self.cfg.use_normal:False
[predict()] trans_normalizer:[0.019999999552965164, 0.019999999552965164, 0.05000000074505806], rot_normalizer:0.3490658503988659
[predict()] making cropped data
[make_crop_data_batch()] Welcome make_crop_data_batch
[make_crop_data_batch()] make tf_to_crops done
[make_crop_data_batch()] render done
[make_crop_data_batch()] warp done
[make_crop_data_batch()] pose batch data done
[predict()] forward start
[predict()] forward done
[track_one()] pose done
num original candidates = 252
num of pose after clustering: 252
num original candidates = 252
num of pose after clustering: 252

===== fuse screw_unscrew_bottle_cap__36 gpu=7 2026-08-27 22:59:40 =====
WARNING: You are using a MANO model, with only 10 shape coefficients.
WARNING: You are using a MANO model, with only 10 shape coefficients.
[fuse] 手部平移按 R@(t+J0)-J0 变换 (|J0|= [86.4, 105.1] mm)

===== confidence screw_unscrew_bottle_cap__36 gpu=7 2026-08-27 22:59:49 =====
[confidence] 2 个物体: ['object_0', 'object_1']
[confidence] audit(pre): /home/yanghong/miniconda3/envs/hawor/bin/python /home/yanghong/Reconstruct_and_Retarget/confidence/pose_audit.py --scene /home/yanghong/Reconstruct_and_Retarget/Output/ReconstructOutput/egodex_part4/screw_unscrew_bottle_cap/36 --out /home/yanghong/Reconstruct_and_Retarget/Data/VideoPrior/poseqa
[audit] 36[object_0]: s=0.900 可信度 中位 53.0 (位置 88.0/旋转  0.0)  → /home/yanghong/Reconstruct_and_Retarget/Data/VideoPrior/poseqa/pose_audit.json
[audit] 36[object_1]: s=0.975 可信度 中位 70.0 (位置 91.0/旋转 37.0)  → /home/yanghong/Reconstruct_and_Retarget/Data/VideoPrior/poseqa/pose_audit.json
[audit] 2 个物体, 用时 12s
[confidence] cotracker[object_0]: /home/yanghong/miniconda3/envs/hawor/bin/python /home/yanghong/Reconstruct_and_Retarget/confidence/cotracker_consistency.py --scene /home/yanghong/Reconstruct_and_Retarget/Output/ReconstructOutput/egodex_part4/screw_unscrew_bottle_cap/36 --video /home/yanghong/Reconstruct_and_Retarget/Data/egodex_part4/screw_unscrew_bottle_cap/36.mp4 --out /home/yanghong/Reconstruct_and_Retarget/Data/VideoPrior/poseqa/cc --audit /home/yanghong/Reconstruct_and_Retarget/Data/VideoPrior/poseqa/pose_audit.json --object object_0 --no-viz
Using cache found in /home/yanghong/.cache/torch/hub/facebookresearch_co-tracker_main
[cc] 参考帧 [0, 50, 104]  种子点 148
[cc] 打分 105/105 帧  err_norm 中位 0.0593 p90 0.1204  vis 中位 0.628
{
 "scene": "/home/yanghong/Reconstruct_and_Retarget/Output/ReconstructOutput/egodex_part4/screw_unscrew_bottle_cap/36",
 "seed_frames": [
  0,
  50,
  104
 ],
 "n_frames": 105,
 "n_scored": 105,
 "ct_err_norm_median": 0.0593,
 "ct_err_norm_p90": 0.1204,
 "ct_t_err_median": 0.0563,
 "ct_r_err_median": 0.0522,
 "vis_frac_median": 0.628,
 "inside_frac_median": 1.0
}
[confidence] cotracker[object_1]: /home/yanghong/miniconda3/envs/hawor/bin/python /home/yanghong/Reconstruct_and_Retarget/confidence/cotracker_consistency.py --scene /home/yanghong/Reconstruct_and_Retarget/Output/ReconstructOutput/egodex_part4/screw_unscrew_bottle_cap/36 --video /home/yanghong/Reconstruct_and_Retarget/Data/egodex_part4/screw_unscrew_bottle_cap/36.mp4 --out /home/yanghong/Reconstruct_and_Retarget/Data/VideoPrior/poseqa/cc --audit /home/yanghong/Reconstruct_and_Retarget/Data/VideoPrior/poseqa/pose_audit.json --object object_1 --no-viz
Using cache found in /home/yanghong/.cache/torch/hub/facebookresearch_co-tracker_main
[cc] 参考帧 [0, 51, 104]  种子点 146
[cc] 打分 105/105 帧  err_norm 中位 0.14 p90 0.1839  vis 中位 0.699
{
 "scene": "/home/yanghong/Reconstruct_and_Retarget/Output/ReconstructOutput/egodex_part4/screw_unscrew_bottle_cap/36",
 "seed_frames": [
  0,
  51,
  104
 ],
 "n_frames": 105,
 "n_scored": 105,
 "ct_err_norm_median": 0.14,
 "ct_err_norm_p90": 0.1839,
 "ct_t_err_median": 0.1305,
 "ct_r_err_median": 0.0911,
 "vis_frac_median": 0.699,
 "inside_frac_median": 0.954
}
[confidence] audit(final): /home/yanghong/miniconda3/envs/hawor/bin/python /home/yanghong/Reconstruct_and_Retarget/confidence/pose_audit.py --scene /home/yanghong/Reconstruct_and_Retarget/Output/ReconstructOutput/egodex_part4/screw_unscrew_bottle_cap/36 --out /home/yanghong/Reconstruct_and_Retarget/Data/VideoPrior/poseqa --ct-dir /home/yanghong/Reconstruct_and_Retarget/Data/VideoPrior/poseqa/cc
[audit] 36[object_0]: s=0.900 可信度 中位 65.0 (位置 69.0/旋转 57.0)  → /home/yanghong/Reconstruct_and_Retarget/Data/VideoPrior/poseqa/pose_audit.json
[audit] 36[object_1]: s=0.975 可信度 中位 66.0 (位置 88.0/旋转 30.0)  → /home/yanghong/Reconstruct_and_Retarget/Data/VideoPrior/poseqa/pose_audit.json
[audit] 2 个物体, 用时 14s
[confidence] hand_conf: /home/yanghong/miniconda3/envs/hawor/bin/python /home/yanghong/Reconstruct_and_Retarget/confidence/hand_confidence.py /home/yanghong/Reconstruct_and_Retarget/Output/ReconstructOutput/egodex_part4/screw_unscrew_bottle_cap/36
[hand_conf] 36 left  帧  105 | pos 99.0 rot 90.1 | 指 [4.1, 73.0, 90.1, 95.5, 99.9] | 预期误差 20.5mm
[hand_conf] 36 right 帧  105 | pos 100.0 rot 99.7 | 指 [67.2, 99.8, 99.8, 100.0, 100.0] | 预期误差 16.6mm
[hand_conf] 判据 hand_conf_v1_arctic55_20260825 | mask 缺帧 0
[confidence] rts[object_0]: /home/yanghong/miniconda3/envs/hawor/bin/python /home/yanghong/Reconstruct_and_Retarget/confidence/rts_smoother.py --scene /home/yanghong/Reconstruct_and_Retarget/Output/ReconstructOutput/egodex_part4/screw_unscrew_bottle_cap/36 --audit /home/yanghong/Reconstruct_and_Retarget/Data/VideoPrior/poseqa/pose_audit.json --out /home/yanghong/Reconstruct_and_Retarget/Data/VideoPrior/poseqa/rts --object object_0
{
 "scene": "/home/yanghong/Reconstruct_and_Retarget/Output/ReconstructOutput/egodex_part4/screw_unscrew_bottle_cap/36",
 "n": 105,
 "A_static_step": {
  "raw_mm": 0.4056213782517553,
  "smooth_mm": 0.28121571581040905,
  "raw_deg": 4.735867261679757,
  "smooth_deg": 2.9539445236244597,
  "n_free": 7
 },
 "B_image": {
  "high_conf": {
   "n": 35,
   "explained_raw": 0.9393911181454241,
   "explained_smooth": 0.9257683215130024,
   "dcent_raw": 0.08805012374944653,
   "dcent_smooth": 0.0896150358107981
  },
  "low_conf": {
   "n": 18,
   "explained_raw": 0.9351325060882585,
   "explained_smooth": 0.8148115552283575,
   "dcent_raw": 0.26512950671126945,
   "dcent_smooth": 0.18878857735816645
  }
 },
 "C_innov_spikes_pos": [],
 "n_rot_refuted": 0,
 "sigma_pos_mm": {
  "min": 2.7,
  "median": 4.8,
  "max": 9.8
 },
 "sigma_rot_deg": {
  "min": 0.7,
  "median": 1.1,
  "max": 2.4
 }
}
[confidence] rts[object_1]: /home/yanghong/miniconda3/envs/hawor/bin/python /home/yanghong/Reconstruct_and_Retarget/confidence/rts_smoother.py --scene /home/yanghong/Reconstruct_and_Retarget/Output/ReconstructOutput/egodex_part4/screw_unscrew_bottle_cap/36 --audit /home/yanghong/Reconstruct_and_Retarget/Data/VideoPrior/poseqa/pose_audit.json --out /home/yanghong/Reconstruct_and_Retarget/Data/VideoPrior/poseqa/rts --object object_1
{
 "scene": "/home/yanghong/Reconstruct_and_Retarget/Output/ReconstructOutput/egodex_part4/screw_unscrew_bottle_cap/36",
 "n": 105,
 "A_static_step": {
  "raw_mm": 0.4517161719394756,
  "smooth_mm": 0.12123477996396105,
  "raw_deg": 0.7621216898736389,
  "smooth_deg": 0.35440432831675484,
  "n_free": 7
 },
 "B_image": {
  "high_conf": {
   "n": 44,
   "explained_raw": 0.1335104869932111,
   "explained_smooth": 0.13286837554695274,
   "dcent_raw": 1.7183031746731299,
   "dcent_smooth": 1.7057535263896315
  },
  "low_conf": {
   "n": 9,
   "explained_raw": 0.14511157687091605,
   "explained_smooth": 0.1343854025397608,
   "dcent_raw": 1.5679163927852617,
   "dcent_smooth": 1.4035963117108112
  }
 },
 "C_innov_spikes_pos": [],
 "n_rot_refuted": 22,
 "sigma_pos_mm": {
  "min": 2.4,
  "median": 3.3,
  "max": 6.8
 },
 "sigma_rot_deg": {
  "min": 0.7,
  "median": 1.3,
  "max": 5.0
 }
}
[confidence] manifest: /home/yanghong/miniconda3/envs/hawor/bin/python /home/yanghong/Reconstruct_and_Retarget/confidence/take_manifest.py --audit /home/yanghong/Reconstruct_and_Retarget/Data/VideoPrior/poseqa/pose_audit.json --out /home/yanghong/Reconstruct_and_Retarget/Data/VideoPrior/poseqa/TAKE_MANIFEST.json
[manifest] 224 takes: active 204 (旋转可用 121), excluded 10, deselected 0, superseded 10
   arctic15/s01/microwave_grab_01                     pos  99.0(good ) rot  41.0(可用) 自由轴[]  
   egodex_auto/pour/11                                pos  98.0(good ) rot  58.0(可用) 自由轴[1]  
   egodex_auto/pour/14                                pos  98.0(good ) rot  91.0(可用) 自由轴[1]  
   egodex_auto/pour/37                                pos  98.0(good ) rot  56.0(弃用) 自由轴[]  
   arctic15/s01/box_grab_01                           pos  97.0(good ) rot  63.0(可用) 自由轴[]  
   egodex_auto/pour/28                                pos  97.0(good ) rot  58.0(可用) 自由轴[1]  
   egodex_auto/pour/5                                 pos  97.0(good ) rot  84.0(可用) 自由轴[1]  
   arctic15/s06/espressomachine_grab_01               pos  96.0(good ) rot  88.0(可用) 自由轴[]  
   arctic15/s06/microwave_grab_01                     pos  96.0(good ) rot  44.0(可用) 自由轴[]  
   egodex_auto/pour/25                                pos  96.0(good ) rot  57.0(可用) 自由轴[1]  
   egodex_auto/pour/32                                pos  96.0(good ) rot  60.5(可用) 自由轴[1]  
   egodex_auto/screw_unscrew_bottle_cap/27            pos  95.5(good ) rot  58.5(可用) 自由轴[]  
   arctic15/s01/laptop_grab_01                        pos  95.0(good ) rot  91.0(可用) 自由轴[]  
   arctic15/s02/microwave_grab_01                     pos  95.0(good ) rot  57.0(可用) 自由轴[]  
   egodex_auto/pour/13                                pos  95.0(good ) rot  62.5(可用) 自由轴[1]  
   arctic15/s02/box_grab_01                           pos  94.0(good ) rot  62.0(可用) 自由轴[]  
   arctic15/s02/waffleiron_grab_01                    pos  94.0(good ) rot   0.0(弃用) 自由轴[1]  
   arctic15/s05/box_grab_01                           pos  94.0(good ) rot  62.5(可用) 自由轴[]  
   egodex_auto/pour/12                                pos  94.0(good ) rot   0.0(弃用) 自由轴[1]  
   egodex_auto/pour/9                                 pos  94.0(good ) rot  32.0(可用) 自由轴[1]  
   arctic15/s07/box_grab_01                           pos  93.0(good ) rot  61.0(可用) 自由轴[]  
   arctic15/s06/notebook_grab_01                      pos  92.0(good ) rot  73.0(可用) 自由轴[]  
   egodex_auto/pour/25                                pos  92.0(good ) rot  70.0(可用) 自由轴[1]  
   egodex_auto/screw_unscrew_bottle_cap/1             pos  92.0(good ) rot  48.5(可用) 自由轴[]  
   egodex_auto/pour/44                                pos  90.5(good ) rot  21.5(弃用) 自由轴[]  
   arctic15/s02/espressomachine_grab_01               pos  90.0(good ) rot  34.0(可用) 自由轴[]  
   arctic15/s04/box_grab_01                           pos  90.0(good ) rot  61.0(可用) 自由轴[]  
   arctic15/s04/microwave_grab_01                     pos  90.0(good ) rot  35.0(可用) 自由轴[]  
   egodex_auto/pour/9                                 pos  90.0(good ) rot  46.0(可用) 自由轴[1]  
   egodex_auto/screw_unscrew_bottle_cap/7             pos  90.0(good ) rot  29.0(弃用) 自由轴[1]  
   arctic15/s01/waffleiron_grab_01                    pos  89.0(good ) rot  41.0(弃用) 自由轴[]  
   egodex_auto/pour/24                                pos  89.0(good ) rot  48.5(可用) 自由轴[1]  
   egodex_auto/pour/28                                pos  89.0(good ) rot  59.5(可用) 自由轴[1]  
   egodex_auto/screw_unscrew_bottle_cap/6             pos  89.0(good ) rot  14.0(弃用) 自由轴[]  
   arctic15/s02/laptop_grab_01                        pos  88.0(good ) rot  85.0(可用) 自由轴[]  
   arctic15/s04/notebook_grab_01                      pos  88.0(good ) rot  74.0(可用) 自由轴[]  
   arctic15/s05/waffleiron_grab_01                    pos  88.0(good ) rot   0.0(弃用) 自由轴[1]  
   egodex_part4/screw_unscrew_bottle_cap/32           pos  88.0(good ) rot  63.0(可用) 自由轴[2]  
   egodex_part4/screw_unscrew_bottle_cap/36           pos  88.0(good ) rot  30.0(弃用) 自由轴[]  
   egodex_auto/pour/27                                pos  87.0(good ) rot  60.0(可用) 自由轴[1]  
   egodex_auto/sweep_dustpan/0                        pos  87.0(good ) rot  87.0(可用) 自由轴[]  
   egodex_auto/sweep_dustpan/2                        pos  87.0(good ) rot  87.0(可用) 自由轴[]  
   arctic15/s07/waffleiron_grab_01                    pos  86.0(good ) rot   1.0(弃用) 自由轴[]  
   egodex_auto/pour/11                                pos  86.0(good ) rot  44.0(可用) 自由轴[1]  
   egodex_part4/screw_unscrew_bottle_cap/38           pos  85.5(good ) rot  59.5(可用) 自由轴[2]  
   egodex_auto/insert_remove_usb/0                    pos  85.0(good ) rot  62.5(弃用) 自由轴[]  
   egodex_auto/pour/24                                pos  85.0(good ) rot  65.0(可用) 自由轴[1]  
   egodex_auto/screw_unscrew_bottle_cap/12            pos  85.0(good ) rot   0.0(弃用) 自由轴[1]  
   egodex_part4/screw_unscrew_bottle_cap/32           pos  85.0(good ) rot  66.0(可用) 自由轴[]  
   egodex_part4/screw_unscrew_bottle_cap/89           pos  85.0(good ) rot  80.5(可用) 自由轴[2]  
   egodex_auto/pour/17                                pos  84.0(good ) rot  54.0(可用) 自由轴[1]  
   egodex_auto/pour/2                                 pos  84.0(good ) rot  84.0(可用) 自由轴[1]  
   egodex_auto/screw_unscrew_bottle_cap/1             pos  84.0(good ) rot  70.5(可用) 自由轴[2]  
   egodex_auto/screw_unscrew_bottle_cap/26            pos  84.0(good ) rot  60.0(可用) 自由轴[]  
   egodex_auto/screw_unscrew_bottle_cap/6             pos  84.0(good ) rot  56.0(可用) 自由轴[1]  
   arctic15/s07/espressomachine_grab_01               pos  83.0(good ) rot  54.0(可用) 自由轴[]  
   egodex_auto/pour/3                                 pos  83.0(good ) rot  44.0(可用) 自由轴[1]  
   egodex_auto/pour/39                                pos  83.0(good ) rot   0.0(弃用) 自由轴[1]  
   egodex_auto/screw_unscrew_bottle_cap/23            pos  83.0(good ) rot  70.0(可用) 自由轴[]  
   egodex_part4/screw_unscrew_bottle_cap/89           pos  83.0(good ) rot  52.0(可用) 自由轴[]  
   arctic15/s06/capsulemachine_grab_01                pos  82.0(good ) rot  37.0(弃用) 自由轴[]  
   egodex_auto/pour/17                                pos  82.0(good ) rot  70.5(可用) 自由轴[1]  
   egodex_auto/pour/5                                 pos  82.0(good ) rot  53.0(可用) 自由轴[1]  
   egodex_auto/screw_unscrew_bottle_cap/18            pos  82.0(good ) rot  48.5(可用) 自由轴[]  
   egodex_auto/screw_unscrew_bottle_cap/2             pos  82.0(good ) rot  42.0(可用) 自由轴[]  
   arctic15/s02/mixer_grab_01                         pos  81.0(good ) rot  44.0(可用) 自由轴[]  
   arctic15/s06/waffleiron_grab_01_retake             pos  81.0(good ) rot  38.0(可用) 自由轴[]  
   egodex_auto/pour/31                                pos  81.0(good ) rot  81.0(可用) 自由轴[1]  
   egodex_auto/screw_unscrew_bottle_cap/8             pos  81.0(good ) rot  30.0(弃用) 自由轴[]  
   arctic15/s06/mixer_grab_01                         pos  80.0(good ) rot  59.0(弃用) 自由轴[]  
   egodex_auto/pour/31                                pos  80.0(good ) rot  75.0(可用) 自由轴[1]  
   arctic15/s04/espressomachine_grab_01               pos  79.0(good ) rot  57.0(弃用) 自由轴[]  
   arctic15/s05/espressomachine_grab_01               pos  79.0(good ) rot  55.0(可用) 自由轴[]  
   arctic15/s07/laptop_grab_01                        pos  79.0(good ) rot  79.0(可用) 自由轴[]  
   arctic15/s02/capsulemachine_grab_01                pos  78.0(good ) rot  51.0(可用) 自由轴[]  
   arctic15/s07/microwave_grab_01                     pos  78.0(good ) rot  30.5(可用) 自由轴[]  
   egodex_auto/pour/40                                pos  78.0(good ) rot  20.0(弃用) 自由轴[1]  
   egodex_auto/screw_unscrew_bottle_cap/13            pos  78.0(good ) rot  31.0(可用) 自由轴[1]  
   egodex_auto/screw_unscrew_bottle_cap/15            pos  78.0(good ) rot  20.0(弃用) 自由轴[1]  
   egodex_auto/screw_unscrew_bottle_cap/5             pos  78.0(good ) rot  21.0(弃用) 自由轴[]  
   arctic15/s05/laptop_grab_01                        pos  77.0(good ) rot  71.0(可用) 自由轴[]  
   egodex_auto/pour/2                                 pos  77.0(good ) rot  33.5(可用) 自由轴[1]  
   egodex_auto/pour/23                                pos  77.0(good ) rot  76.0(可用) 自由轴[1]  
   egodex_auto/pour/42                                pos  77.0(good ) rot  72.5(可用) 自由轴[1]  
   egodex_auto/pour/43                                pos  77.0(good ) rot  72.0(可用) 自由轴[1]  
   egodex_auto/screw_unscrew_bottle_cap/19            pos  77.0(good ) rot   4.0(弃用) 自由轴[]  
   egodex_auto/pour/13                                pos  76.5(good ) rot  36.5(可用) 自由轴[1]  
   arctic15/s02/scissors_grab_01                      pos  76.0(good ) rot  76.0(可用) 自由轴[]  
   egodex_auto/pour/40                                pos  76.0(good ) rot  33.5(可用) 自由轴[1]  
   egodex_auto/screw_unscrew_bottle_cap/9             pos  76.0(good ) rot  10.0(弃用) 自由轴[]  
   egodex_part4/screw_unscrew_bottle_cap/48           pos  75.5(good ) rot  17.0(弃用) 自由轴[]  
   egodex_auto/screw_unscrew_bottle_cap/2             pos  75.0(good ) rot  36.0(可用) 自由轴[1]  
   egodex_auto/pour/44                                pos  74.5(good ) rot  52.5(可用) 自由轴[1]  
   egodex_part4/screw_unscrew_bottle_cap/48           pos  74.5(good ) rot  61.5(可用) 自由轴[2]  
   egodex_auto/pour/27                                pos  74.0(good ) rot  46.0(可用) 自由轴[1]  
   egodex_auto/pour/39                                pos  74.0(good ) rot   0.0(弃用) 自由轴[1]  
   egodex_auto/screw_unscrew_bottle_cap/25            pos  74.0(good ) rot  27.5(弃用) 自由轴[1]  
   egodex_auto/screw_unscrew_bottle_cap/26            pos  74.0(good ) rot   0.0(弃用) 自由轴[1]  
   arctic15/s01/mixer_grab_01                         pos  73.5(good ) rot  33.5(弃用) 自由轴[]  
   arctic15/s04/laptop_grab_01                        pos  73.5(good ) rot  45.0(弃用) 自由轴[]  
   egodex_auto/pour/34                                pos  73.5(good ) rot  73.5(可用) 自由轴[1]  
   arctic15/s02/ketchup_grab_01                       pos  73.0(good ) rot   1.0(弃用) 自由轴[]  
   egodex_auto/pour/51                                pos  73.0(good ) rot  61.5(可用) 自由轴[1]  
   egodex_auto/screw_unscrew_bottle_cap/17            pos  73.0(good ) rot  58.0(可用) 自由轴[]  
   egodex_auto/sweep_dustpan/2                        pos  73.0(good ) rot  73.0(可用) 自由轴[]  
   egodex_part4/screw_unscrew_bottle_cap/71           pos  72.0(good ) rot  71.5(可用) 自由轴[2]  
   arctic15/s05/mixer_grab_01                         pos  71.0(good ) rot  44.5(可用) 自由轴[]  
   arctic15/s07/mixer_grab_01_retake                  pos  71.0(good ) rot  38.0(弃用) 自由轴[]  
   egodex_auto/screw_unscrew_bottle_cap/15            pos  71.0(good ) rot  41.0(可用) 自由轴[]  
   arctic15/s02/phone_grab_01                         pos  70.0(good ) rot  48.0(可用) 自由轴[]  
   arctic15/s01/scissors_grab_01                      pos  69.0(mixed) rot  69.0(可用) 自由轴[]  
   egodex_auto/pour/0                                 pos  69.0(mixed) rot  15.0(弃用) 自由轴[1]  
   egodex_part4/screw_unscrew_bottle_cap/36           pos  69.0(mixed) rot  57.0(可用) 自由轴[2]  
   egodex_auto/pour/1                                 pos  68.0(mixed) rot  55.0(可用) 自由轴[1]  
   egodex_auto/pour/48                                pos  67.0(mixed) rot  39.0(弃用) 自由轴[1]  
   egodex_auto/pour/6                                 pos  67.0(mixed) rot  57.0(可用) 自由轴[1]  
   egodex_auto/pour/30                                pos  66.5(mixed) rot  15.5(弃用) 自由轴[1]  
   arctic15/s04/capsulemachine_grab_01                pos  66.0(mixed) rot  29.0(弃用) 自由轴[]  
   egodex_auto/pour/42                                pos  66.0(mixed) rot  54.0(可用) 自由轴[1]  
   arctic15/s01/espressomachine_grab_01               pos  65.0(mixed) rot  30.0(弃用) 自由轴[]  
   arctic15/s01/phone_grab_01                         pos  65.0(mixed) rot  42.0(弃用) 自由轴[]  
   egodex_auto/pour/12                                pos  65.0(mixed) rot  42.0(可用) 自由轴[1]  
   egodex_auto/screw_unscrew_bottle_cap/0             pos  65.0(mixed) rot  43.0(弃用) 自由轴[]  
   egodex_auto/screw_unscrew_bottle_cap/18            pos  65.0(mixed) rot  56.5(可用) 自由轴[2]  
   egodex_auto/screw_unscrew_bottle_cap/23            pos  65.0(mixed) rot  65.0(可用) 自由轴[1]  
   egodex_auto/screw_unscrew_bottle_cap/27            pos  64.5(mixed) rot  13.0(弃用) 自由轴[2]  
   arctic15/s01/capsulemachine_grab_01                pos  64.0(mixed) rot  36.0(可用) 自由轴[]  
   egodex_auto/pour/36                                pos  64.0(mixed) rot  49.5(可用) 自由轴[1]  
   arctic15/s04/phone_grab_01                         pos  63.0(mixed) rot  58.0(可用) 自由轴[]  
   egodex_auto/pour/33                                pos  63.0(mixed) rot  63.0(可用) 自由轴[1]  
   arctic15/s06/phone_grab_01                         pos  62.5(mixed) rot  62.5(可用) 自由轴[]  
   egodex_auto/pour/45                                pos  62.0(mixed) rot  62.0(可用) 自由轴[1]  
   arctic15/s01/ketchup_grab_01                       pos  61.0(mixed) rot  20.0(弃用) 自由轴[]  
   arctic15/s06/ketchup_grab_01_retake2               pos  61.0(mixed) rot  44.0(弃用) 自由轴[]  
   arctic15/s05/microwave_grab_01                     pos  59.0(mixed) rot  31.0(可用) 自由轴[]  
   egodex_auto/pour/8                                 pos  59.0(mixed) rot  11.0(弃用) 自由轴[1]  
   egodex_auto/screw_unscrew_bottle_cap/20            pos  59.0(mixed) rot  35.0(可用) 自由轴[1]  
   egodex_part4/screw_unscrew_bottle_cap/38           pos  59.0(mixed) rot  28.5(弃用) 自由轴[]  
   egodex_auto/pour/0                                 pos  58.0(mixed) rot   4.5(弃用) 自由轴[1]  
   egodex_auto/pour/16                                pos  58.0(mixed) rot  41.0(可用) 自由轴[1]  
   egodex_auto/screw_unscrew_bottle_cap/20            pos  58.0(mixed) rot  52.0(可用) 自由轴[]  
   egodex_part4/screw_unscrew_bottle_cap/71           pos  57.5(mixed) rot  48.5(可用) 自由轴[]  
   egodex_auto/screw_unscrew_bottle_cap/13            pos  57.0(mixed) rot  16.0(弃用) 自由轴[]  
   egodex_auto/pour/50                                pos  56.5(mixed) rot  21.0(弃用) 自由轴[1]  
   arctic15/s07/ketchup_grab_01                       pos  55.0(mixed) rot  28.0(弃用) 自由轴[]  
   arctic15/s07/phone_grab_01                         pos  55.0(mixed) rot  37.0(可用) 自由轴[]  
   arctic15/s10/phone_grab_01                         pos  55.0(mixed) rot  39.0(可用) 自由轴[]  
   egodex_auto/pour/7                                 pos  55.0(mixed) rot  37.0(可用) 自由轴[1]  
   egodex_auto/screw_unscrew_bottle_cap/19            pos  55.0(mixed) rot  30.0(可用) 自由轴[1]  
   egodex_auto/screw_unscrew_bottle_cap/5             pos  54.5(mixed) rot  22.5(弃用) 自由轴[1]  
   egodex_auto/screw_unscrew_bottle_cap/17            pos  54.0(mixed) rot  54.0(可用) 自由轴[1]  
   egodex_auto/screw_unscrew_bottle_cap/28            pos  53.0(mixed) rot  10.0(弃用) 自由轴[]  
   egodex_auto/screw_unscrew_bottle_cap/28            pos  52.5(mixed) rot  43.0(可用) 自由轴[1]  
   arctic15/s04/mixer_grab_01                         pos  52.0(mixed) rot  37.0(弃用) 自由轴[]  
   egodex_auto/screw_unscrew_bottle_cap/25            pos  52.0(mixed) rot  34.0(弃用) 自由轴[]  
   egodex_auto/screw_unscrew_bottle_cap/9             pos  52.0(mixed) rot  46.0(可用) 自由轴[1]  
   egodex_auto/screw_unscrew_bottle_cap/0             pos  51.0(mixed) rot  35.0(可用) 自由轴[1]  
   egodex_auto/pour/14                                pos  50.0(mixed) rot   0.0(弃用) 自由轴[1]  
   egodex_auto/pour/15                                pos  50.0(mixed) rot  41.0(可用) 自由轴[1]  
   egodex_auto/pour/16                                pos  50.0(mixed) rot  23.0(弃用) 自由轴[1]  
   egodex_auto/screw_unscrew_bottle_cap/24            pos  50.0(mixed) rot  33.5(可用) 自由轴[1]  
   egodex_auto/screw_unscrew_bottle_cap/4             pos  49.0(mixed) rot  38.5(可用) 自由轴[1]  
   egodex_auto/pour/38                                pos  47.5(mixed) rot  43.5(可用) 自由轴[1]  
   egodex_auto/pour/10                                pos  47.0(mixed) rot  41.0(可用) 自由轴[1]  
   egodex_auto/pour/21                                pos  47.0(mixed) rot  38.0(可用) 自由轴[1]  
   egodex_auto/pour/50                                pos  47.0(mixed) rot  16.0(弃用) 自由轴[1]  
   egodex_auto/pour/8                                 pos  47.0(mixed) rot   0.5(弃用) 自由轴[1]  
   egodex_auto/pour/19                                pos  46.0(mixed) rot  23.0(弃用) 自由轴[1]  
   egodex_auto/pour/47                                pos  46.0(mixed) rot  46.0(可用) 自由轴[1]  
   egodex_auto/pour/51                                pos  46.0(mixed) rot   8.0(弃用) 自由轴[1]  
   egodex_auto/pour/3                                 pos  45.0(mixed) rot  12.0(弃用) 自由轴[1]  
   arctic15/s06/scissors_grab_01                      pos  43.0(mixed) rot  43.0(可用) 自由轴[]  
   egodex_auto/pour/20                                pos  43.0(mixed) rot  40.0(可用) 自由轴[1]  
   egodex_auto/pour/35                                pos  43.0(mixed) rot  17.0(弃用) 自由轴[1]  
   quest3/bottle_v2_win14_44                          pos  42.0(mixed) rot   0.0(弃用) 自由轴[2]  
   arctic15/s04/ketchup_grab_01                       pos  41.0(mixed) rot  39.0(可用) 自由轴[]  
   egodex_auto/pour/37                                pos  41.0(mixed) rot  25.5(弃用) 自由轴[1]  
   egodex_auto/pour/52                                pos  40.0(mixed) rot  18.5(弃用) 自由轴[1]  
   arctic15/s04/scissors_grab_01                      pos  39.0(poor ) rot  34.0(可用) 自由轴[]  
   arctic15/s07/scissors_grab_01                      pos  39.0(poor ) rot  34.0(可用) 自由轴[]  
   egodex_auto/pour/1                                 pos  38.0(poor ) rot  10.0(弃用) 自由轴[1]  
   egodex_auto/screw_unscrew_bottle_cap/21            pos  37.0(poor ) rot  15.0(弃用) 自由轴[1]  
   egodex_auto/pour/19                                pos  35.0(poor ) rot  21.0(弃用) 自由轴[]  
   egodex_auto/pour/32                                pos  35.0(poor ) rot   0.0(弃用) 自由轴[1]  
   egodex_auto/sweep_dustpan/1                        pos  35.0(poor ) rot  35.0(可用) 自由轴[]  
   quest3/bottle_v2_win14_44                          pos  35.0(poor ) rot   0.0(弃用) 自由轴[1]  
   egodex_auto/pour/7                                 pos  34.0(poor ) rot  26.0(弃用) 自由轴[1]  
   egodex_auto/pour/33                                pos  33.0(poor ) rot  25.0(弃用) 自由轴[1]  
   egodex_auto/insert_remove_usb/0                    pos  31.5(poor ) rot  31.5(可用) 自由轴[]  
   egodex_auto/screw_unscrew_bottle_cap/8             pos  29.0(poor ) rot  13.0(弃用) 自由轴[1]  
   egodex_auto/pour/30                                pos  27.0(poor ) rot  17.5(弃用) 自由轴[1]  
   egodex_auto/pour/36                                pos  27.0(poor ) rot  19.5(弃用) 自由轴[1]  
   egodex_auto/pour/47                                pos  24.0(poor ) rot  11.0(弃用) 自由轴[1]  
   egodex_auto/pour/10                                pos  23.0(poor ) rot  19.0(弃用) 自由轴[1]  
   egodex_auto/pour/41                                pos  23.0(poor ) rot  13.0(弃用) 自由轴[1]  
   egodex_auto/pour/44                                pos  23.0(poor ) rot  17.0(弃用) 自由轴[1]  
   egodex_auto/pour/48                                pos  22.0(poor ) rot   9.0(弃用) 自由轴[1]  
   egodex_auto/pour/15                                pos  21.0(poor ) rot  10.0(弃用) 自由轴[]  
   egodex_auto/pour/29                                pos  21.0(poor ) rot  17.0(弃用) 自由轴[]  
   egodex_auto/pour/34                                pos  21.0(poor ) rot  11.0(弃用) 自由轴[]  
   egodex_auto/pour/21                                pos  19.0(poor ) rot  12.0(弃用) 自由轴[1]  
   egodex_auto/pour/29                                pos  19.0(poor ) rot   4.0(弃用) 自由轴[1]  
   egodex_auto/pour/52                                pos  18.0(poor ) rot  10.5(弃用) 自由轴[]  
   egodex_auto/sweep_dustpan/3                        pos   1.0(poor ) rot   0.0(弃用) 自由轴[]  
 ↑ egodex/test/pour/11                                pos  87.0(good ) rot  46.0(弃用) 自由轴[1]  旧输出根, 已被同名 take 取代: /home/yanghong/Reconstruct_and_Retarget/Output/ReconstructOutput/egodex_auto/pour/11
 ↑ egodex_part4/screw_unscrew_bottle_cap/17           pos  87.0(good ) rot  65.0(弃用) 自由轴[2]  旧输出根, 已被同名 take 取代: /home/yanghong/Reconstruct_and_Retarget/Output/ReconstructOutput/egodex_auto/screw_unscrew_bottle_cap/17
 ↑ arctic/s05/laptop_grab_01                          pos  84.0(good ) rot  77.0(弃用) 自由轴[]  旧输出根, 已被同名 take 取代: /home/yanghong/Reconstruct_and_Retarget/Output/ReconstructOutput/arctic15/s05/laptop_grab_01
 ↑ arctic/s07/ketchup_grab_01                         pos  83.0(good ) rot  48.0(弃用) 自由轴[]  旧输出根, 已被同名 take 取代: /home/yanghong/Reconstruct_and_Retarget/Output/ReconstructOutput/arctic15/s07/ketchup_grab_01
 ✗ egodex_auto/screw_unscrew_bottle_cap/10            pos  82.5(good ) rot  44.0(弃用) 自由轴[]  空透明物体 (FP 系统性失灵, 存量; v2:装深色液体的透明容器不过滤)
 ↑ egodex_part4/screw_unscrew_bottle_cap/17           pos  82.0(good ) rot  25.0(弃用) 自由轴[]  旧输出根, 已被同名 take 取代: /home/yanghong/Reconstruct_and_Retarget/Output/ReconstructOutput/egodex_auto/screw_unscrew_bottle_cap/17
 ✗ egodex_auto/screw_unscrew_bottle_cap/11            pos  80.5(good ) rot  19.5(弃用) 自由轴[1]  空透明物体 (FP 系统性失灵, 存量; v2:装深色液体的透明容器不过滤)
 ↑ egodex/test/pour/17                                pos  71.0(good ) rot   2.0(弃用) 自由轴[]  旧输出根, 已被同名 take 取代: /home/yanghong/Reconstruct_and_Retarget/Output/ReconstructOutput/egodex_auto/pour/17
 ✗ egodex_auto/screw_unscrew_bottle_cap/16            pos  71.0(good ) rot  46.0(弃用) 自由轴[]  空透明物体 (FP 系统性失灵, 存量; v2:装深色液体的透明容器不过滤)
 ✗ egodex_auto/pour/4                                 pos  69.0(mixed) rot  69.0(弃用) 自由轴[1]  空透明物体 (FP 系统性失灵, 存量; v2:装深色液体的透明容器不过滤)
 ↑ egodex_part4/screw_unscrew_bottle_cap/8            pos  66.0(mixed) rot  35.0(弃用) 自由轴[]  旧输出根, 已被同名 take 取代: /home/yanghong/Reconstruct_and_Retarget/Output/ReconstructOutput/egodex_auto/screw_unscrew_bottle_cap/8
 ✗ egodex_auto/pour/22                                pos  60.0(mixed) rot  60.0(弃用) 自由轴[1]  空透明物体 (FP 系统性失灵, 存量; v2:装深色液体的透明容器不过滤)
 ↑ egodex_part4/screw_unscrew_bottle_cap/8            pos  57.0(mixed) rot  44.0(弃用) 自由轴[2]  旧输出根, 已被同名 take 取代: /home/yanghong/Reconstruct_and_Retarget/Output/ReconstructOutput/egodex_auto/screw_unscrew_bottle_cap/8
 ↑ egodex/screw_unscrew_bottle_cap/4                  pos  56.5(mixed) rot  52.5(弃用) 自由轴[1]  旧输出根, 已被同名 take 取代: /home/yanghong/Reconstruct_and_Retarget/Output/ReconstructOutput/egodex_auto/screw_unscrew_bottle_cap/4
 ✗ egodex_auto/pour/18                                pos  55.0(mixed) rot  50.0(弃用) 自由轴[1]  空透明物体 (FP 系统性失灵, 存量; v2:装深色液体的透明容器不过滤)
 ↑ egodex/test/pour/11                                pos  50.0(mixed) rot   7.0(弃用) 自由轴[1]  旧输出根, 已被同名 take 取代: /home/yanghong/Reconstruct_and_Retarget/Output/ReconstructOutput/egodex_auto/pour/11
 ✗ egodex_auto/screw_unscrew_bottle_cap/22            pos  27.0(poor ) rot  14.0(弃用) 自由轴[1]  空透明物体 (FP 系统性失灵, 存量; v2:装深色液体的透明容器不过滤)
 ✗ egodex_auto/screw_unscrew_bottle_cap/3             pos  25.5(poor ) rot  14.0(弃用) 自由轴[1]  空透明物体 (FP 系统性失灵, 存量; v2:装深色液体的透明容器不过滤)
 ✗ egodex_auto/screw_unscrew_bottle_cap/14            pos  20.5(poor ) rot  10.0(弃用) 自由轴[1]  空透明物体 (FP 系统性失灵, 存量; v2:装深色液体的透明容器不过滤)
 ✗ egodex_auto/pour/26                                pos  18.0(poor ) rot   0.0(弃用) 自由轴[1]  空透明物体 (FP 系统性失灵, 存量; v2:装深色液体的透明容器不过滤)
[manifest] 写入 /home/yanghong/Reconstruct_and_Retarget/Data/VideoPrior/poseqa/TAKE_MANIFEST.json
[confidence] object_valid_measured: [59, 67] 可信帧 (ovm_v1_20260826)
[confidence] poseqa 快照 -> take: 6 文件 + 2 条审计记录
[confidence] conf_viz: /home/yanghong/miniconda3/envs/hawor/bin/python /home/yanghong/Reconstruct_and_Retarget/confidence/conf_viz.py --audit /home/yanghong/Reconstruct_and_Retarget/Data/VideoPrior/poseqa/pose_audit.json --out /home/yanghong/Reconstruct_and_Retarget/Data/VideoPrior/poseqa/confviz --ct-dir /home/yanghong/Reconstruct_and_Retarget/Data/VideoPrior/poseqa/cc --take egodex_part4/screw_unscrew_bottle_cap/36
  X egodex_part4/screw_unscrew_bottle_cap/36 (object_0,object_1) -> video not found
[confidence] ✓ screw_unscrew_bottle_cap__36: active pos 69.0 rot 57.0 旋转可用 | hands L/R pos 99.0/100.0

===== fp_pose screw_unscrew_bottle_cap__36 gpu=5 2026-08-28 00:30:52 =====
[fp_pose] CUDA_VISIBLE_DEVICES=5 local_gpu=0
[fp_pose] frame_plan object_0: 配准帧 12 -> 22
[__init__()] self.cfg: 
 lr: 0.0001
c_in: 6
zfar: 'Infinity'
debug: null
n_view: 1
run_id: 3wy8qqex
use_BN: true
exp_name: 2024-01-11-20-02-45
n_epochs: 62
save_dir: /home/bowenw/debug/2024-01-11-20-02-45/
use_mask: false
loss_type: pairwise_valid
optimizer: adam
batch_size: 64
crop_ratio: 1.1
enable_amp: true
use_normal: false
max_num_key: null
warmup_step: -1
input_resize:
- 160
- 160
max_step_val: 1000
vis_interval: 1000
weight_decay: 0
normalize_xyz: true
resume_run_id: null
clip_grad_norm: 'Infinity'
lr_epoch_decay: 500
render_backend: nvdiffrast
train_num_pair: 5
lr_decay_epochs:
- 50
n_epochs_warmup: 1
make_pair_online: false
gradient_max_norm: 'Infinity'
max_step_per_epoch: 10000
n_rendering_workers: 1
save_epoch_interval: 100
n_dataloader_workers: 100
split_objects_across_gpus: true
ckpt_dir: /home/yanghong/Reconstruct_and_Retarget/third_party/FoundationPose/learning/training/../../weights/2024-01-11-20-02-45/model_best.pth

[__init__()] self.h5_file:None
[__init__()] Using pretrained model from /home/yanghong/Reconstruct_and_Retarget/third_party/FoundationPose/learning/training/../../weights/2024-01-11-20-02-45/model_best.pth
[__init__()] init done
[__init__()] welcome
[__init__()] self.cfg: 
 lr: 0.0001
c_in: 6
zfar: .inf
debug: null
w_rot: 0.1
n_view: 1
run_id: null
use_BN: true
rot_rep: axis_angle
ckpt_dir: /home/yanghong/Reconstruct_and_Retarget/third_party/FoundationPose/learning/training/../../weights/2023-10-28-18-33-37/model_best.pth
exp_name: 2023-10-28-18-33-37
save_dir: /tmp/2023-10-28-18-33-37/
loss_type: l2
optimizer: adam
trans_rep: tracknet
batch_size: 64
crop_ratio: 1.2
use_normal: false
BN_momentum: 0.1
max_num_key: null
warmup_step: -1
input_resize:
- 160
- 160
max_step_val: 1000
normal_uint8: false
vis_interval: 1000
weight_decay: 0
n_max_objects: null
normalize_xyz: true
clip_grad_norm: 'Infinity'
rot_normalizer: 0.3490658503988659
trans_normalizer:
- 0.019999999552965164
- 0.019999999552965164
- 0.05000000074505806
max_step_per_epoch: 25000
val_epoch_interval: 10
n_dataloader_workers: 60
enable_amp: true
use_mask: false

[__init__()] self.h5_file:
[__init__()] Using pretrained model from /home/yanghong/Reconstruct_and_Retarget/third_party/FoundationPose/learning/training/../../weights/2023-10-28-18-33-37/model_best.pth
[__init__()] init done
[reset_object()] self.diameter:0.2015223812324393, vox_size:0.010076119061621964
[reset_object()] self.pts:torch.Size([135, 3])
[reset_object()] reset done
[make_rotation_grid()] cam_in_obs:(42, 4, 4)
[make_rotation_grid()] rot_grid:(252, 4, 4)
[make_rotation_grid()] after cluster, rot_grid:(252, 4, 4)
[make_rotation_grid()] self.rot_grid: torch.Size([252, 4, 4])
[register()] Welcome
[register()] poses:(252, 4, 4)
[register()] after viewpoint, add_errs min:-1.0
/home/yanghong/miniconda3/envs/biv2ap/lib/python3.10/site-packages/torch/__init__.py:1323: UserWarning: torch.set_default_tensor_type() is deprecated as of PyTorch 2.1, please use torch.set_default_dtype() and torch.set_default_device() as alternatives. (Triggered internally at /pytorch/torch/csrc/tensor/python_tensor.cpp:434.)
  _C._set_default_tensor_type(t)
[predict()] ob_in_cams:(252, 4, 4)
[predict()] self.cfg.use_normal:False
[predict()] trans_normalizer:[0.019999999552965164, 0.019999999552965164, 0.05000000074505806], rot_normalizer:0.3490658503988659
[predict()] making cropped data
[make_crop_data_batch()] Welcome make_crop_data_batch
[make_crop_data_batch()] make tf_to_crops done
[make_crop_data_batch()] render done
[make_crop_data_batch()] warp done
[make_crop_data_batch()] pose batch data done
[predict()] forward start
/home/yanghong/Reconstruct_and_Retarget/third_party/FoundationPose/learning/training/predict_pose_refine.py:190: FutureWarning: `torch.cuda.amp.autocast(args...)` is deprecated. Please use `torch.amp.autocast('cuda', args...)` instead.
  with torch.cuda.amp.autocast(enabled=self.amp):
[predict()] forward done
[predict()] making cropped data
[make_crop_data_batch()] Welcome make_crop_data_batch
[make_crop_data_batch()] make tf_to_crops done
[make_crop_data_batch()] render done
[make_crop_data_batch()] warp done
[make_crop_data_batch()] pose batch data done
[predict()] forward start
[predict()] forward done
[predict()] making cropped data
[make_crop_data_batch()] Welcome make_crop_data_batch
[make_crop_data_batch()] make tf_to_crops done
[make_crop_data_batch()] render done
[make_crop_data_batch()] warp done
[make_crop_data_batch()] pose batch data done
[predict()] forward start
[predict()] forward done
[predict()] making cropped data
[make_crop_data_batch()] Welcome make_crop_data_batch
[make_crop_data_batch()] make tf_to_crops done
[make_crop_data_batch()] render done
[make_crop_data_batch()] warp done
[make_crop_data_batch()] pose batch data done
[predict()] forward start
[predict()] forward done
[predict()] making cropped data
[make_crop_data_batch()] Welcome make_crop_data_batch
[make_crop_data_batch()] make tf_to_crops done
[make_crop_data_batch()] render done
[make_crop_data_batch()] warp done
[make_crop_data_batch()] pose batch data done
[predict()] forward start
[predict()] forward done
[predict()] ob_in_cams:(252, 4, 4)
[predict()] self.cfg.use_normal:False
[predict()] making cropped data
[make_crop_data_batch()] Welcome make_crop_data_batch
[make_crop_data_batch()] make tf_to_crops done
[make_crop_data_batch()] render done
[make_crop_data_batch()] pose batch data done
[find_best_among_pairs()] pose_data.rgbAs.shape[0]: 252
/home/yanghong/Reconstruct_and_Retarget/third_party/FoundationPose/learning/training/predict_score.py:193: FutureWarning: `torch.cuda.amp.autocast(args...)` is deprecated. Please use `torch.amp.autocast('cuda', args...)` instead.
  with torch.cuda.amp.autocast(enabled=self.amp):
[predict()] forward done
[register()] final, add_errs min:-1.0
[register()] sort ids:tensor([242,  26,  32,  76,  41,  47,  22,  28, 236,  70, 244,  16,  34,  58,
        188, 250,   4, 100, 106, 153, 183, 184, 238,   3,   9,  51,  63,  94,
         99, 117, 123, 129, 182, 190,  15,  33,  69,  81,  82,  87, 195, 201,
        231, 243, 249,  21,  75, 105, 237,  88, 135, 147, 207,  10,  57,  93,
        171, 177, 225, 154, 189,  27, 208, 104, 148, 202, 161, 167, 196, 215,
        217, 221, 211,  37,  92,  98, 157, 209,  43,  68, 155,  56,  86, 149,
        159, 163, 170, 203, 224, 124, 136, 165, 118, 176, 219, 130,  64, 213,
        230,  45,  52, 156, 162,  78,   0, 192, 210,   6,  12,  18,  42,  48,
         60, 125, 144,  36, 103, 114, 120, 126, 150, 168, 174, 198, 204, 216,
        246,  39,  66,  85,  97, 119, 131, 222, 228,   2,  54,  55,  72,  91,
        132, 137, 248,  65,  67,  80,  90, 102,  20,  53,   8,  14,  74,  84,
         96, 194, 115, 166,  79, 110, 220,  49, 121, 134, 160, 193, 205, 214,
         50,  73, 116, 145, 152, 169, 200,   1,  13,  24,  30,  62, 122, 128,
        146, 186, 206, 247,  46, 127, 151, 180, 199, 223, 229, 234, 240,   7,
         19,  61,  40, 133, 175, 187,  31, 108, 111, 181, 235,  25, 241, 107,
        112, 185, 191,  29, 113, 245,  59,  89, 239, 101, 173,  71,  95, 109,
        179, 227,  35, 233,  11,  17,  77, 197,   5,  23,  83, 251,  44, 158,
        164, 218, 212,  38, 138, 139, 141, 142, 140, 143, 172, 178, 226, 232])
[register()] sorted scores:tensor([130.3125, 130.1719, 130.1094, 130.1094, 130.0781, 130.0781, 130.0625,
        130.0312, 130.0312, 130.0156, 130.0156, 129.9844, 129.9688, 129.9688,
        129.9688, 129.9531, 129.9375, 129.9375, 129.9375, 129.9375, 129.9375,
        129.9375, 129.9375, 129.9219, 129.9219, 129.9219, 129.9219, 129.9219,
        129.9219, 129.9219, 129.9219, 129.9219, 129.9219, 129.9219, 129.9062,
        129.9062, 129.9062, 129.9062, 129.9062, 129.9062, 129.9062, 129.9062,
        129.9062, 129.9062, 129.9062, 129.8906, 129.8906, 129.8906, 129.8906,
        129.8750, 129.8750, 129.8750, 129.8750, 129.8594, 129.8594, 129.8594,
        129.8594, 129.8594, 129.8594, 129.8281, 129.8281, 129.8125, 129.7969,
        129.7656, 129.7656, 129.7656, 129.7500, 129.7500, 129.7500, 129.7500,
        129.7344, 129.7344, 129.7188, 129.7031, 129.7031, 129.6875, 129.6875,
        129.6875, 129.6719, 129.6719, 129.6719, 129.6562, 129.6562, 129.6562,
        129.6562, 129.6562, 129.6562, 129.6562, 129.6562, 129.6406, 129.6406,
        129.6406, 129.6250, 129.6250, 129.6250, 129.5938, 129.5781, 129.5781,
        129.5781, 129.5625, 129.5625, 129.5469, 129.5469, 129.5312, 129.5156,
        129.5156, 129.5156, 129.5000, 129.5000, 129.5000, 129.5000, 129.5000,
        129.5000, 129.5000, 129.5000, 129.4844, 129.4844, 129.4844, 129.4844,
        129.4844, 129.4844, 129.4844, 129.4844, 129.4844, 129.4844, 129.4844,
        129.4844, 129.4688, 129.4688, 129.4688, 129.4688, 129.4688, 129.4688,
        129.4688, 129.4688, 129.4531, 129.4531, 129.4531, 129.4531, 129.4531,
        129.4531, 129.4531, 129.4531, 129.4375, 129.4375, 129.4375, 129.4375,
        129.4375, 129.4219, 129.4219, 129.4062, 129.4062, 129.4062, 129.4062,
        129.4062, 129.4062, 129.3906, 129.3906, 129.3750, 129.3750, 129.3750,
        129.3594, 129.3594, 129.3594, 129.3594, 129.3594, 129.3594, 129.3594,
        129.3438, 129.3438, 129.3438, 129.3438, 129.3438, 129.3438, 129.3438,
        129.3281, 129.3281, 129.3281, 129.3281, 129.3281, 129.3281, 129.3281,
        129.3281, 129.3281, 129.3281, 129.3281, 129.3125, 129.3125, 129.3125,
        129.3125, 129.3125, 129.3125, 129.3125, 129.3125, 129.3125, 129.2969,
        129.2969, 129.2969, 129.2656, 129.2656, 129.2656, 129.2500, 129.2344,
        129.2344, 129.2188, 129.2188, 129.2188, 129.2031, 129.2031, 129.1406,
        129.1406, 129.1406, 129.1406, 129.1250, 129.1250, 129.1250, 129.1094,
        129.1094, 129.1094, 129.0938, 129.0938, 129.0781, 129.0781, 129.0781,
        129.0781, 129.0781, 129.0625, 129.0625, 129.0469, 129.0469, 129.0469,
        129.0469, 129.0312, 129.0312, 129.0312, 129.0312, 128.9844, 128.9688,
        128.9688, 128.9531, 128.9375, 128.9219, 128.9219, 128.9219, 128.9219,
        128.9219, 128.9062, 128.8906, 128.6875, 128.6719, 128.6719, 128.6562])
[track_one()] Welcome
[track_one()] depth processing done
[predict()] ob_in_cams:(1, 4, 4)
[predict()] self.cfg.use_normal:False
[predict()] trans_normalizer:[0.019999999552965164, 0.019999999552965164, 0.05000000074505806], rot_normalizer:0.3490658503988659
[predict()] making cropped data
[make_crop_data_batch()] Welcome make_crop_data_batch
[make_crop_data_batch()] make tf_to_crops done
[make_crop_data_batch()] render done
[make_crop_data_batch()] warp done
[make_crop_data_batch()] pose batch data done
[predict()] forward start
[predict()] forward done
[track_one()] pose done
[track_one()] Welcome
[track_one()] depth processing done
[predict()] ob_in_cams:(1, 4, 4)
[predict()] self.cfg.use_normal:False
[predict()] trans_normalizer:[0.019999999552965164, 0.019999999552965164, 0.05000000074505806], rot_normalizer:0.3490658503988659
[predict()] making cropped data
[make_crop_data_batch()] Welcome make_crop_data_batch
[make_crop_data_batch()] make tf_to_crops done
[make_crop_data_batch()] render done
[make_crop_data_batch()] warp done
[make_crop_data_batch()] pose batch data done
[predict()] forward start
[predict()] forward done
[track_one()] pose done
[track_one()] Welcome
[track_one()] depth processing done
[predict()] ob_in_cams:(1, 4, 4)
[predict()] self.cfg.use_normal:False
[predict()] trans_normalizer:[0.019999999552965164, 0.019999999552965164, 0.05000000074505806], rot_normalizer:0.3490658503988659
[predict()] making cropped data
[make_crop_data_batch()] Welcome make_crop_data_batch
[make_crop_data_batch()] make tf_to_crops done
[make_crop_data_batch()] render done
[make_crop_data_batch()] warp done
[make_crop_data_batch()] pose batch data done
[predict()] forward start
[predict()] forward done
[track_one()] pose done
[track_one()] Welcome
[track_one()] depth processing done
[predict()] ob_in_cams:(1, 4, 4)
[predict()] self.cfg.use_normal:False
[predict()] trans_normalizer:[0.019999999552965164, 0.019999999552965164, 0.05000000074505806], rot_normalizer:0.3490658503988659
[predict()] making cropped data
[make_crop_data_batch()] Welcome make_crop_data_batch
[make_crop_data_batch()] make tf_to_crops done
[make_crop_data_batch()] render done
[make_crop_data_batch()] warp done
[make_crop_data_batch()] pose batch data done
[predict()] forward start
[predict()] forward done
[track_one()] pose done
[track_one()] Welcome
[track_one()] depth processing done
[predict()] ob_in_cams:(1, 4, 4)
[predict()] self.cfg.use_normal:False
[predict()] trans_normalizer:[0.019999999552965164, 0.019999999552965164, 0.05000000074505806], rot_normalizer:0.3490658503988659
[predict()] making cropped data
[make_crop_data_batch()] Welcome make_crop_data_batch
[make_crop_data_batch()] make tf_to_crops done
[make_crop_data_batch()] render done
[make_crop_data_batch()] warp done
[make_crop_data_batch()] pose batch data done
[predict()] forward start
[predict()] forward done
[track_one()] pose done
[track_one()] Welcome
[track_one()] depth processing done
[predict()] ob_in_cams:(1, 4, 4)
[predict()] self.cfg.use_normal:False
[predict()] trans_normalizer:[0.019999999552965164, 0.019999999552965164, 0.05000000074505806], rot_normalizer:0.3490658503988659
[predict()] making cropped data
[make_crop_data_batch()] Welcome make_crop_data_batch
[make_crop_data_batch()] make tf_to_crops done
[make_crop_data_batch()] render done
[make_crop_data_batch()] warp done
[make_crop_data_batch()] pose batch data done
[predict()] forward start
[predict()] forward done
[track_one()] pose done
[track_one()] Welcome
[track_one()] depth processing done
[predict()] ob_in_cams:(1, 4, 4)
[predict()] self.cfg.use_normal:False
[predict()] trans_normalizer:[0.019999999552965164, 0.019999999552965164, 0.05000000074505806], rot_normalizer:0.3490658503988659
[predict()] making cropped data
[make_crop_data_batch()] Welcome make_crop_data_batch
[make_crop_data_batch()] make tf_to_crops done
[make_crop_data_batch()] render done
[make_crop_data_batch()] warp done
[make_crop_data_batch()] pose batch data done
[predict()] forward start
[predict()] forward done
[track_one()] pose done
[track_one()] Welcome
[track_one()] depth processing done
[predict()] ob_in_cams:(1, 4, 4)
[predict()] self.cfg.use_normal:False
[predict()] trans_normalizer:[0.019999999552965164, 0.019999999552965164, 0.05000000074505806], rot_normalizer:0.3490658503988659
[predict()] making cropped data
[make_crop_data_batch()] Welcome make_crop_data_batch
[make_crop_data_batch()] make tf_to_crops done
[make_crop_data_batch()] render done
[make_crop_data_batch()] warp done
[make_crop_data_batch()] pose batch data done
[predict()] forward start
[predict()] forward done
[track_one()] pose done
[track_one()] Welcome
[track_one()] depth processing done
[predict()] ob_in_cams:(1, 4, 4)
[predict()] self.cfg.use_normal:False
[predict()] trans_normalizer:[0.019999999552965164, 0.019999999552965164, 0.05000000074505806], rot_normalizer:0.3490658503988659
[predict()] making cropped data
[make_crop_data_batch()] Welcome make_crop_data_batch
[make_crop_data_batch()] make tf_to_crops done
[make_crop_data_batch()] render done
[make_crop_data_batch()] warp done
[make_crop_data_batch()] pose batch data done
[predict()] forward start
[predict()] forward done
[track_one()] pose done
[track_one()] Welcome
[track_one()] depth processing done
[predict()] ob_in_cams:(1, 4, 4)
[predict()] self.cfg.use_normal:False
[predict()] trans_normalizer:[0.019999999552965164, 0.019999999552965164, 0.05000000074505806], rot_normalizer:0.3490658503988659
[predict()] making cropped data
[make_crop_data_batch()] Welcome make_crop_data_batch
[make_crop_data_batch()] make tf_to_crops done
[make_crop_data_batch()] render done
[make_crop_data_batch()] warp done
[make_crop_data_batch()] pose batch data done
[predict()] forward start
[predict()] forward done
[track_one()] pose done
[track_one()] Welcome
[track_one()] depth processing done
[predict()] ob_in_cams:(1, 4, 4)
[predict()] self.cfg.use_normal:False
[predict()] trans_normalizer:[0.019999999552965164, 0.019999999552965164, 0.05000000074505806], rot_normalizer:0.3490658503988659
[predict()] making cropped data
[make_crop_data_batch()] Welcome make_crop_data_batch
[make_crop_data_batch()] make tf_to_crops done
[make_crop_data_batch()] render done
[make_crop_data_batch()] warp done
[make_crop_data_batch()] pose batch data done
[predict()] forward start
[predict()] forward done
[track_one()] pose done
[track_one()] Welcome
[track_one()] depth processing done
[predict()] ob_in_cams:(1, 4, 4)
[predict()] self.cfg.use_normal:False
[predict()] trans_normalizer:[0.019999999552965164, 0.019999999552965164, 0.05000000074505806], rot_normalizer:0.3490658503988659
[predict()] making cropped data
[make_crop_data_batch()] Welcome make_crop_data_batch
[make_crop_data_batch()] make tf_to_crops done
[make_crop_data_batch()] render done
[make_crop_data_batch()] warp done
[make_crop_data_batch()] pose batch data done
[predict()] forward start
[predict()] forward done
[track_one()] pose done
[track_one()] Welcome
[track_one()] depth processing done
[predict()] ob_in_cams:(1, 4, 4)
[predict()] self.cfg.use_normal:False
[predict()] trans_normalizer:[0.019999999552965164, 0.019999999552965164, 0.05000000074505806], rot_normalizer:0.3490658503988659
[predict()] making cropped data
[make_crop_data_batch()] Welcome make_crop_data_batch
[make_crop_data_batch()] make tf_to_crops done
[make_crop_data_batch()] render done
[make_crop_data_batch()] warp done
[make_crop_data_batch()] pose batch data done
[predict()] forward start
[predict()] forward done
[track_one()] pose done
[track_one()] Welcome
[track_one()] depth processing done
[predict()] ob_in_cams:(1, 4, 4)
[predict()] self.cfg.use_normal:False
[predict()] trans_normalizer:[0.019999999552965164, 0.019999999552965164, 0.05000000074505806], rot_normalizer:0.3490658503988659
[predict()] making cropped data
[make_crop_data_batch()] Welcome make_crop_data_batch
[make_crop_data_batch()] make tf_to_crops done
[make_crop_data_batch()] render done
[make_crop_data_batch()] warp done
[make_crop_data_batch()] pose batch data done
[predict()] forward start
[predict()] forward done
[track_one()] pose done
[track_one()] Welcome
[track_one()] depth processing done
[predict()] ob_in_cams:(1, 4, 4)
[predict()] self.cfg.use_normal:False
[predict()] trans_normalizer:[0.019999999552965164, 0.019999999552965164, 0.05000000074505806], rot_normalizer:0.3490658503988659
[predict()] making cropped data
[make_crop_data_batch()] Welcome make_crop_data_batch
[make_crop_data_batch()] make tf_to_crops done
[make_crop_data_batch()] render done
[make_crop_data_batch()] warp done
[make_crop_data_batch()] pose batch data done
[predict()] forward start
[predict()] forward done
[track_one()] pose done
[track_one()] Welcome
[track_one()] depth processing done
[predict()] ob_in_cams:(1, 4, 4)
[predict()] self.cfg.use_normal:False
[predict()] trans_normalizer:[0.019999999552965164, 0.019999999552965164, 0.05000000074505806], rot_normalizer:0.3490658503988659
[predict()] making cropped data
[make_crop_data_batch()] Welcome make_crop_data_batch
[make_crop_data_batch()] make tf_to_crops done
[make_crop_data_batch()] render done
[make_crop_data_batch()] warp done
[make_crop_data_batch()] pose batch data done
[predict()] forward start
[predict()] forward done
[track_one()] pose done
[track_one()] Welcome
[track_one()] depth processing done
[predict()] ob_in_cams:(1, 4, 4)
[predict()] self.cfg.use_normal:False
[predict()] trans_normalizer:[0.019999999552965164, 0.019999999552965164, 0.05000000074505806], rot_normalizer:0.3490658503988659
[predict()] making cropped data
[make_crop_data_batch()] Welcome make_crop_data_batch
[make_crop_data_batch()] make tf_to_crops done
[make_crop_data_batch()] render done
[make_crop_data_batch()] warp done
[make_crop_data_batch()] pose batch data done
[predict()] forward start
[predict()] forward done
[track_one()] pose done
[track_one()] Welcome
[track_one()] depth processing done
[predict()] ob_in_cams:(1, 4, 4)
[predict()] self.cfg.use_normal:False
[predict()] trans_normalizer:[0.019999999552965164, 0.019999999552965164, 0.05000000074505806], rot_normalizer:0.3490658503988659
[predict()] making cropped data
[make_crop_data_batch()] Welcome make_crop_data_batch
[make_crop_data_batch()] make tf_to_crops done
[make_crop_data_batch()] render done
[make_crop_data_batch()] warp done
[make_crop_data_batch()] pose batch data done
[predict()] forward start
[predict()] forward done
[track_one()] pose done
[track_one()] Welcome
[track_one()] depth processing done
[predict()] ob_in_cams:(1, 4, 4)
[predict()] self.cfg.use_normal:False
[predict()] trans_normalizer:[0.019999999552965164, 0.019999999552965164, 0.05000000074505806], rot_normalizer:0.3490658503988659
[predict()] making cropped data
[make_crop_data_batch()] Welcome make_crop_data_batch
[make_crop_data_batch()] make tf_to_crops done
[make_crop_data_batch()] render done
[make_crop_data_batch()] warp done
[make_crop_data_batch()] pose batch data done
[predict()] forward start
[predict()] forward done
[track_one()] pose done
[track_one()] Welcome
[track_one()] depth processing done
[predict()] ob_in_cams:(1, 4, 4)
[predict()] self.cfg.use_normal:False
[predict()] trans_normalizer:[0.019999999552965164, 0.019999999552965164, 0.05000000074505806], rot_normalizer:0.3490658503988659
[predict()] making cropped data
[make_crop_data_batch()] Welcome make_crop_data_batch
[make_crop_data_batch()] make tf_to_crops done
[make_crop_data_batch()] render done
[make_crop_data_batch()] warp done
[make_crop_data_batch()] pose batch data done
[predict()] forward start
[predict()] forward done
[track_one()] pose done
[track_one()] Welcome
[track_one()] depth processing done
[predict()] ob_in_cams:(1, 4, 4)
[predict()] self.cfg.use_normal:False
[predict()] trans_normalizer:[0.019999999552965164, 0.019999999552965164, 0.05000000074505806], rot_normalizer:0.3490658503988659
[predict()] making cropped data
[make_crop_data_batch()] Welcome make_crop_data_batch
[make_crop_data_batch()] make tf_to_crops done
[make_crop_data_batch()] render done
[make_crop_data_batch()] warp done
[make_crop_data_batch()] pose batch data done
[predict()] forward start
[predict()] forward done
[track_one()] pose done
[track_one()] Welcome
[track_one()] depth processing done
[predict()] ob_in_cams:(1, 4, 4)
[predict()] self.cfg.use_normal:False
[predict()] trans_normalizer:[0.019999999552965164, 0.019999999552965164, 0.05000000074505806], rot_normalizer:0.3490658503988659
[predict()] making cropped data
[make_crop_data_batch()] Welcome make_crop_data_batch
[make_crop_data_batch()] make tf_to_crops done
[make_crop_data_batch()] render done
[make_crop_data_batch()] warp done
[make_crop_data_batch()] pose batch data done
[predict()] forward start
[predict()] forward done
[track_one()] pose done
[track_one()] Welcome
[track_one()] depth processing done
[predict()] ob_in_cams:(1, 4, 4)
[predict()] self.cfg.use_normal:False
[predict()] trans_normalizer:[0.019999999552965164, 0.019999999552965164, 0.05000000074505806], rot_normalizer:0.3490658503988659
[predict()] making cropped data
[make_crop_data_batch()] Welcome make_crop_data_batch
[make_crop_data_batch()] make tf_to_crops done
[make_crop_data_batch()] render done
[make_crop_data_batch()] warp done
[make_crop_data_batch()] pose batch data done
[predict()] forward start
[predict()] forward done
[track_one()] pose done
[track_one()] Welcome
[track_one()] depth processing done
[predict()] ob_in_cams:(1, 4, 4)
[predict()] self.cfg.use_normal:False
[predict()] trans_normalizer:[0.019999999552965164, 0.019999999552965164, 0.05000000074505806], rot_normalizer:0.3490658503988659
[predict()] making cropped data
[make_crop_data_batch()] Welcome make_crop_data_batch
[make_crop_data_batch()] make tf_to_crops done
[make_crop_data_batch()] render done
[make_crop_data_batch()] warp done
[make_crop_data_batch()] pose batch data done
[predict()] forward start
[predict()] forward done
[track_one()] pose done
[track_one()] Welcome
[track_one()] depth processing done
[predict()] ob_in_cams:(1, 4, 4)
[predict()] self.cfg.use_normal:False
[predict()] trans_normalizer:[0.019999999552965164, 0.019999999552965164, 0.05000000074505806], rot_normalizer:0.3490658503988659
[predict()] making cropped data
[make_crop_data_batch()] Welcome make_crop_data_batch
[make_crop_data_batch()] make tf_to_crops done
[make_crop_data_batch()] render done
[make_crop_data_batch()] warp done
[make_crop_data_batch()] pose batch data done
[predict()] forward start
[predict()] forward done
[track_one()] pose done
[track_one()] Welcome
[track_one()] depth processing done
[predict()] ob_in_cams:(1, 4, 4)
[predict()] self.cfg.use_normal:False
[predict()] trans_normalizer:[0.019999999552965164, 0.019999999552965164, 0.05000000074505806], rot_normalizer:0.3490658503988659
[predict()] making cropped data
[make_crop_data_batch()] Welcome make_crop_data_batch
[make_crop_data_batch()] make tf_to_crops done
[make_crop_data_batch()] render done
[make_crop_data_batch()] warp done
[make_crop_data_batch()] pose batch data done
[predict()] forward start
[predict()] forward done
[track_one()] pose done
[track_one()] Welcome
[track_one()] depth processing done
[predict()] ob_in_cams:(1, 4, 4)
[predict()] self.cfg.use_normal:False
[predict()] trans_normalizer:[0.019999999552965164, 0.019999999552965164, 0.05000000074505806], rot_normalizer:0.3490658503988659
[predict()] making cropped data
[make_crop_data_batch()] Welcome make_crop_data_batch
[make_crop_data_batch()] make tf_to_crops done
[make_crop_data_batch()] render done
[make_crop_data_batch()] warp done
[make_crop_data_batch()] pose batch data done
[predict()] forward start
[predict()] forward done
[track_one()] pose done
[track_one()] Welcome
[track_one()] depth processing done
[predict()] ob_in_cams:(1, 4, 4)
[predict()] self.cfg.use_normal:False
[predict()] trans_normalizer:[0.019999999552965164, 0.019999999552965164, 0.05000000074505806], rot_normalizer:0.3490658503988659
[predict()] making cropped data
[make_crop_data_batch()] Welcome make_crop_data_batch
[make_crop_data_batch()] make tf_to_crops done
[make_crop_data_batch()] render done
[make_crop_data_batch()] warp done
[make_crop_data_batch()] pose batch data done
[predict()] forward start
[predict()] forward done
[track_one()] pose done
[track_one()] Welcome
[track_one()] depth processing done
[predict()] ob_in_cams:(1, 4, 4)
[predict()] self.cfg.use_normal:False
[predict()] trans_normalizer:[0.019999999552965164, 0.019999999552965164, 0.05000000074505806], rot_normalizer:0.3490658503988659
[predict()] making cropped data
[make_crop_data_batch()] Welcome make_crop_data_batch
[make_crop_data_batch()] make tf_to_crops done
[make_crop_data_batch()] render done
[make_crop_data_batch()] warp done
[make_crop_data_batch()] pose batch data done
[predict()] forward start
[predict()] forward done
[track_one()] pose done
[track_one()] Welcome
[track_one()] depth processing done
[predict()] ob_in_cams:(1, 4, 4)
[predict()] self.cfg.use_normal:False
[predict()] trans_normalizer:[0.019999999552965164, 0.019999999552965164, 0.05000000074505806], rot_normalizer:0.3490658503988659
[predict()] making cropped data
[make_crop_data_batch()] Welcome make_crop_data_batch
[make_crop_data_batch()] make tf_to_crops done
[make_crop_data_batch()] render done
[make_crop_data_batch()] warp done
[make_crop_data_batch()] pose batch data done
[predict()] forward start
[predict()] forward done
[track_one()] pose done
[track_one()] Welcome
[track_one()] depth processing done
[predict()] ob_in_cams:(1, 4, 4)
[predict()] self.cfg.use_normal:False
[predict()] trans_normalizer:[0.019999999552965164, 0.019999999552965164, 0.05000000074505806], rot_normalizer:0.3490658503988659
[predict()] making cropped data
[make_crop_data_batch()] Welcome make_crop_data_batch
[make_crop_data_batch()] make tf_to_crops done
[make_crop_data_batch()] render done
[make_crop_data_batch()] warp done
[make_crop_data_batch()] pose batch data done
[predict()] forward start
[predict()] forward done
[track_one()] pose done
[track_one()] Welcome
[track_one()] depth processing done
[predict()] ob_in_cams:(1, 4, 4)
[predict()] self.cfg.use_normal:False
[predict()] trans_normalizer:[0.019999999552965164, 0.019999999552965164, 0.05000000074505806], rot_normalizer:0.3490658503988659
[predict()] making cropped data
[make_crop_data_batch()] Welcome make_crop_data_batch
[make_crop_data_batch()] make tf_to_crops done
[make_crop_data_batch()] render done
[make_crop_data_batch()] warp done
[make_crop_data_batch()] pose batch data done
[predict()] forward start
[predict()] forward done
[track_one()] pose done
[track_one()] Welcome
[track_one()] depth processing done
[predict()] ob_in_cams:(1, 4, 4)
[predict()] self.cfg.use_normal:False
[predict()] trans_normalizer:[0.019999999552965164, 0.019999999552965164, 0.05000000074505806], rot_normalizer:0.3490658503988659
[predict()] making cropped data
[make_crop_data_batch()] Welcome make_crop_data_batch
[make_crop_data_batch()] make tf_to_crops done
[make_crop_data_batch()] render done
[make_crop_data_batch()] warp done
[make_crop_data_batch()] pose batch data done
[predict()] forward start
[predict()] forward done
[track_one()] pose done
[track_one()] Welcome
[track_one()] depth processing done
[predict()] ob_in_cams:(1, 4, 4)
[predict()] self.cfg.use_normal:False
[predict()] trans_normalizer:[0.019999999552965164, 0.019999999552965164, 0.05000000074505806], rot_normalizer:0.3490658503988659
[predict()] making cropped data
[make_crop_data_batch()] Welcome make_crop_data_batch
[make_crop_data_batch()] make tf_to_crops done
[make_crop_data_batch()] render done
[make_crop_data_batch()] warp done
[make_crop_data_batch()] pose batch data done
[predict()] forward start
[predict()] forward done
[track_one()] pose done
[track_one()] Welcome
[track_one()] depth processing done
[predict()] ob_in_cams:(1, 4, 4)
[predict()] self.cfg.use_normal:False
[predict()] trans_normalizer:[0.019999999552965164, 0.019999999552965164, 0.05000000074505806], rot_normalizer:0.3490658503988659
[predict()] making cropped data
[make_crop_data_batch()] Welcome make_crop_data_batch
[make_crop_data_batch()] make tf_to_crops done
[make_crop_data_batch()] render done
[make_crop_data_batch()] warp done
[make_crop_data_batch()] pose batch data done
[predict()] forward start
[predict()] forward done
[track_one()] pose done
[track_one()] Welcome
[track_one()] depth processing done
[predict()] ob_in_cams:(1, 4, 4)
[predict()] self.cfg.use_normal:False
[predict()] trans_normalizer:[0.019999999552965164, 0.019999999552965164, 0.05000000074505806], rot_normalizer:0.3490658503988659
[predict()] making cropped data
[make_crop_data_batch()] Welcome make_crop_data_batch
[make_crop_data_batch()] make tf_to_crops done
[make_crop_data_batch()] render done
[make_crop_data_batch()] warp done
[make_crop_data_batch()] pose batch data done
[predict()] forward start
[predict()] forward done
[track_one()] pose done
[track_one()] Welcome
[track_one()] depth processing done
[predict()] ob_in_cams:(1, 4, 4)
[predict()] self.cfg.use_normal:False
[predict()] trans_normalizer:[0.019999999552965164, 0.019999999552965164, 0.05000000074505806], rot_normalizer:0.3490658503988659
[predict()] making cropped data
[make_crop_data_batch()] Welcome make_crop_data_batch
[make_crop_data_batch()] make tf_to_crops done
[make_crop_data_batch()] render done
[make_crop_data_batch()] warp done
[make_crop_data_batch()] pose batch data done
[predict()] forward start
[predict()] forward done
[track_one()] pose done
[track_one()] Welcome
[track_one()] depth processing done
[predict()] ob_in_cams:(1, 4, 4)
[predict()] self.cfg.use_normal:False
[predict()] trans_normalizer:[0.019999999552965164, 0.019999999552965164, 0.05000000074505806], rot_normalizer:0.3490658503988659
[predict()] making cropped data
[make_crop_data_batch()] Welcome make_crop_data_batch
[make_crop_data_batch()] make tf_to_crops done
[make_crop_data_batch()] render done
[make_crop_data_batch()] warp done
[make_crop_data_batch()] pose batch data done
[predict()] forward start
[predict()] forward done
[track_one()] pose done
[track_one()] Welcome
[track_one()] depth processing done
[predict()] ob_in_cams:(1, 4, 4)
[predict()] self.cfg.use_normal:False
[predict()] trans_normalizer:[0.019999999552965164, 0.019999999552965164, 0.05000000074505806], rot_normalizer:0.3490658503988659
[predict()] making cropped data
[make_crop_data_batch()] Welcome make_crop_data_batch
[make_crop_data_batch()] make tf_to_crops done
[make_crop_data_batch()] render done
[make_crop_data_batch()] warp done
[make_crop_data_batch()] pose batch data done
[predict()] forward start
[predict()] forward done
[track_one()] pose done
[track_one()] Welcome
[track_one()] depth processing done
[predict()] ob_in_cams:(1, 4, 4)
[predict()] self.cfg.use_normal:False
[predict()] trans_normalizer:[0.019999999552965164, 0.019999999552965164, 0.05000000074505806], rot_normalizer:0.3490658503988659
[predict()] making cropped data
[make_crop_data_batch()] Welcome make_crop_data_batch
[make_crop_data_batch()] make tf_to_crops done
[make_crop_data_batch()] render done
[make_crop_data_batch()] warp done
[make_crop_data_batch()] pose batch data done
[predict()] forward start
[predict()] forward done
[track_one()] pose done
[track_one()] Welcome
[track_one()] depth processing done
[predict()] ob_in_cams:(1, 4, 4)
[predict()] self.cfg.use_normal:False
[predict()] trans_normalizer:[0.019999999552965164, 0.019999999552965164, 0.05000000074505806], rot_normalizer:0.3490658503988659
[predict()] making cropped data
[make_crop_data_batch()] Welcome make_crop_data_batch
[make_crop_data_batch()] make tf_to_crops done
[make_crop_data_batch()] render done
[make_crop_data_batch()] warp done
[make_crop_data_batch()] pose batch data done
[predict()] forward start
[predict()] forward done
[track_one()] pose done
[track_one()] Welcome
[track_one()] depth processing done
[predict()] ob_in_cams:(1, 4, 4)
[predict()] self.cfg.use_normal:False
[predict()] trans_normalizer:[0.019999999552965164, 0.019999999552965164, 0.05000000074505806], rot_normalizer:0.3490658503988659
[predict()] making cropped data
[make_crop_data_batch()] Welcome make_crop_data_batch
[make_crop_data_batch()] make tf_to_crops done
[make_crop_data_batch()] render done
[make_crop_data_batch()] warp done
[make_crop_data_batch()] pose batch data done
[predict()] forward start
[predict()] forward done
[track_one()] pose done
[track_one()] Welcome
[track_one()] depth processing done
[predict()] ob_in_cams:(1, 4, 4)
[predict()] self.cfg.use_normal:False
[predict()] trans_normalizer:[0.019999999552965164, 0.019999999552965164, 0.05000000074505806], rot_normalizer:0.3490658503988659
[predict()] making cropped data
[make_crop_data_batch()] Welcome make_crop_data_batch
[make_crop_data_batch()] make tf_to_crops done
[make_crop_data_batch()] render done
[make_crop_data_batch()] warp done
[make_crop_data_batch()] pose batch data done
[predict()] forward start
[predict()] forward done
[track_one()] pose done
[track_one()] Welcome
[track_one()] depth processing done
[predict()] ob_in_cams:(1, 4, 4)
[predict()] self.cfg.use_normal:False
[predict()] trans_normalizer:[0.019999999552965164, 0.019999999552965164, 0.05000000074505806], rot_normalizer:0.3490658503988659
[predict()] making cropped data
[make_crop_data_batch()] Welcome make_crop_data_batch
[make_crop_data_batch()] make tf_to_crops done
[make_crop_data_batch()] render done
[make_crop_data_batch()] warp done
[make_crop_data_batch()] pose batch data done
[predict()] forward start
[predict()] forward done
[track_one()] pose done
[track_one()] Welcome
[track_one()] depth processing done
[predict()] ob_in_cams:(1, 4, 4)
[predict()] self.cfg.use_normal:False
[predict()] trans_normalizer:[0.019999999552965164, 0.019999999552965164, 0.05000000074505806], rot_normalizer:0.3490658503988659
[predict()] making cropped data
[make_crop_data_batch()] Welcome make_crop_data_batch
[make_crop_data_batch()] make tf_to_crops done
[make_crop_data_batch()] render done
[make_crop_data_batch()] warp done
[make_crop_data_batch()] pose batch data done
[predict()] forward start
[predict()] forward done
[track_one()] pose done
[track_one()] Welcome
[track_one()] depth processing done
[predict()] ob_in_cams:(1, 4, 4)
[predict()] self.cfg.use_normal:False
[predict()] trans_normalizer:[0.019999999552965164, 0.019999999552965164, 0.05000000074505806], rot_normalizer:0.3490658503988659
[predict()] making cropped data
[make_crop_data_batch()] Welcome make_crop_data_batch
[make_crop_data_batch()] make tf_to_crops done
[make_crop_data_batch()] render done
[make_crop_data_batch()] warp done
[make_crop_data_batch()] pose batch data done
[predict()] forward start
[predict()] forward done
[track_one()] pose done
[track_one()] Welcome
[track_one()] depth processing done
[predict()] ob_in_cams:(1, 4, 4)
[predict()] self.cfg.use_normal:False
[predict()] trans_normalizer:[0.019999999552965164, 0.019999999552965164, 0.05000000074505806], rot_normalizer:0.3490658503988659
[predict()] making cropped data
[make_crop_data_batch()] Welcome make_crop_data_batch
[make_crop_data_batch()] make tf_to_crops done
[make_crop_data_batch()] render done
[make_crop_data_batch()] warp done
[make_crop_data_batch()] pose batch data done
[predict()] forward start
[predict()] forward done
[track_one()] pose done
[track_one()] Welcome
[track_one()] depth processing done
[predict()] ob_in_cams:(1, 4, 4)
[predict()] self.cfg.use_normal:False
[predict()] trans_normalizer:[0.019999999552965164, 0.019999999552965164, 0.05000000074505806], rot_normalizer:0.3490658503988659
[predict()] making cropped data
[make_crop_data_batch()] Welcome make_crop_data_batch
[make_crop_data_batch()] make tf_to_crops done
[make_crop_data_batch()] render done
[make_crop_data_batch()] warp done
[make_crop_data_batch()] pose batch data done
[predict()] forward start
[predict()] forward done
[track_one()] pose done
[track_one()] Welcome
[track_one()] depth processing done
[predict()] ob_in_cams:(1, 4, 4)
[predict()] self.cfg.use_normal:False
[predict()] trans_normalizer:[0.019999999552965164, 0.019999999552965164, 0.05000000074505806], rot_normalizer:0.3490658503988659
[predict()] making cropped data
[make_crop_data_batch()] Welcome make_crop_data_batch
[make_crop_data_batch()] make tf_to_crops done
[make_crop_data_batch()] render done
[make_crop_data_batch()] warp done
[make_crop_data_batch()] pose batch data done
[predict()] forward start
[predict()] forward done
[track_one()] pose done
[track_one()] Welcome
[track_one()] depth processing done
[predict()] ob_in_cams:(1, 4, 4)
[predict()] self.cfg.use_normal:False
[predict()] trans_normalizer:[0.019999999552965164, 0.019999999552965164, 0.05000000074505806], rot_normalizer:0.3490658503988659
[predict()] making cropped data
[make_crop_data_batch()] Welcome make_crop_data_batch
[make_crop_data_batch()] make tf_to_crops done
[make_crop_data_batch()] render done
[make_crop_data_batch()] warp done
[make_crop_data_batch()] pose batch data done
[predict()] forward start
[predict()] forward done
[track_one()] pose done
[track_one()] Welcome
[track_one()] depth processing done
[predict()] ob_in_cams:(1, 4, 4)
[predict()] self.cfg.use_normal:False
[predict()] trans_normalizer:[0.019999999552965164, 0.019999999552965164, 0.05000000074505806], rot_normalizer:0.3490658503988659
[predict()] making cropped data
[make_crop_data_batch()] Welcome make_crop_data_batch
[make_crop_data_batch()] make tf_to_crops done
[make_crop_data_batch()] render done
[make_crop_data_batch()] warp done
[make_crop_data_batch()] pose batch data done
[predict()] forward start
[predict()] forward done
[track_one()] pose done
[track_one()] Welcome
[track_one()] depth processing done
[predict()] ob_in_cams:(1, 4, 4)
[predict()] self.cfg.use_normal:False
[predict()] trans_normalizer:[0.019999999552965164, 0.019999999552965164, 0.05000000074505806], rot_normalizer:0.3490658503988659
[predict()] making cropped data
[make_crop_data_batch()] Welcome make_crop_data_batch
[make_crop_data_batch()] make tf_to_crops done
[make_crop_data_batch()] render done
[make_crop_data_batch()] warp done
[make_crop_data_batch()] pose batch data done
[predict()] forward start
[predict()] forward done
[track_one()] pose done
[track_one()] Welcome
[track_one()] depth processing done
[predict()] ob_in_cams:(1, 4, 4)
[predict()] self.cfg.use_normal:False
[predict()] trans_normalizer:[0.019999999552965164, 0.019999999552965164, 0.05000000074505806], rot_normalizer:0.3490658503988659
[predict()] making cropped data
[make_crop_data_batch()] Welcome make_crop_data_batch
[make_crop_data_batch()] make tf_to_crops done
[make_crop_data_batch()] render done
[make_crop_data_batch()] warp done
[make_crop_data_batch()] pose batch data done
[predict()] forward start
[predict()] forward done
[track_one()] pose done
[track_one()] Welcome
[track_one()] depth processing done
[predict()] ob_in_cams:(1, 4, 4)
[predict()] self.cfg.use_normal:False
[predict()] trans_normalizer:[0.019999999552965164, 0.019999999552965164, 0.05000000074505806], rot_normalizer:0.3490658503988659
[predict()] making cropped data
[make_crop_data_batch()] Welcome make_crop_data_batch
[make_crop_data_batch()] make tf_to_crops done
[make_crop_data_batch()] render done
[make_crop_data_batch()] warp done
[make_crop_data_batch()] pose batch data done
[predict()] forward start
[predict()] forward done
[track_one()] pose done
[track_one()] Welcome
[track_one()] depth processing done
[predict()] ob_in_cams:(1, 4, 4)
[predict()] self.cfg.use_normal:False
[predict()] trans_normalizer:[0.019999999552965164, 0.019999999552965164, 0.05000000074505806], rot_normalizer:0.3490658503988659
[predict()] making cropped data
[make_crop_data_batch()] Welcome make_crop_data_batch
[make_crop_data_batch()] make tf_to_crops done
[make_crop_data_batch()] render done
[make_crop_data_batch()] warp done
[make_crop_data_batch()] pose batch data done
[predict()] forward start
[predict()] forward done
[track_one()] pose done
[track_one()] Welcome
[track_one()] depth processing done
[predict()] ob_in_cams:(1, 4, 4)
[predict()] self.cfg.use_normal:False
[predict()] trans_normalizer:[0.019999999552965164, 0.019999999552965164, 0.05000000074505806], rot_normalizer:0.3490658503988659
[predict()] making cropped data
[make_crop_data_batch()] Welcome make_crop_data_batch
[make_crop_data_batch()] make tf_to_crops done
[make_crop_data_batch()] render done
[make_crop_data_batch()] warp done
[make_crop_data_batch()] pose batch data done
[predict()] forward start
[predict()] forward done
[track_one()] pose done
[track_one()] Welcome
[track_one()] depth processing done
[predict()] ob_in_cams:(1, 4, 4)
[predict()] self.cfg.use_normal:False
[predict()] trans_normalizer:[0.019999999552965164, 0.019999999552965164, 0.05000000074505806], rot_normalizer:0.3490658503988659
[predict()] making cropped data
[make_crop_data_batch()] Welcome make_crop_data_batch
[make_crop_data_batch()] make tf_to_crops done
[make_crop_data_batch()] render done
[make_crop_data_batch()] warp done
[make_crop_data_batch()] pose batch data done
[predict()] forward start
[predict()] forward done
[track_one()] pose done
[track_one()] Welcome
[track_one()] depth processing done
[predict()] ob_in_cams:(1, 4, 4)
[predict()] self.cfg.use_normal:False
[predict()] trans_normalizer:[0.019999999552965164, 0.019999999552965164, 0.05000000074505806], rot_normalizer:0.3490658503988659
[predict()] making cropped data
[make_crop_data_batch()] Welcome make_crop_data_batch
[make_crop_data_batch()] make tf_to_crops done
[make_crop_data_batch()] render done
[make_crop_data_batch()] warp done
[make_crop_data_batch()] pose batch data done
[predict()] forward start
[predict()] forward done
[track_one()] pose done
[track_one()] Welcome
[track_one()] depth processing done
[predict()] ob_in_cams:(1, 4, 4)
[predict()] self.cfg.use_normal:False
[predict()] trans_normalizer:[0.019999999552965164, 0.019999999552965164, 0.05000000074505806], rot_normalizer:0.3490658503988659
[predict()] making cropped data
[make_crop_data_batch()] Welcome make_crop_data_batch
[make_crop_data_batch()] make tf_to_crops done
[make_crop_data_batch()] render done
[make_crop_data_batch()] warp done
[make_crop_data_batch()] pose batch data done
[predict()] forward start
[predict()] forward done
[track_one()] pose done
[track_one()] Welcome
[track_one()] depth processing done
[predict()] ob_in_cams:(1, 4, 4)
[predict()] self.cfg.use_normal:False
[predict()] trans_normalizer:[0.019999999552965164, 0.019999999552965164, 0.05000000074505806], rot_normalizer:0.3490658503988659
[predict()] making cropped data
[make_crop_data_batch()] Welcome make_crop_data_batch
[make_crop_data_batch()] make tf_to_crops done
[make_crop_data_batch()] render done
[make_crop_data_batch()] warp done
[make_crop_data_batch()] pose batch data done
[predict()] forward start
[predict()] forward done
[track_one()] pose done
[track_one()] Welcome
[track_one()] depth processing done
[predict()] ob_in_cams:(1, 4, 4)
[predict()] self.cfg.use_normal:False
[predict()] trans_normalizer:[0.019999999552965164, 0.019999999552965164, 0.05000000074505806], rot_normalizer:0.3490658503988659
[predict()] making cropped data
[make_crop_data_batch()] Welcome make_crop_data_batch
[make_crop_data_batch()] make tf_to_crops done
[make_crop_data_batch()] render done
[make_crop_data_batch()] warp done
[make_crop_data_batch()] pose batch data done
[predict()] forward start
[predict()] forward done
[track_one()] pose done
[track_one()] Welcome
[track_one()] depth processing done
[predict()] ob_in_cams:(1, 4, 4)
[predict()] self.cfg.use_normal:False
[predict()] trans_normalizer:[0.019999999552965164, 0.019999999552965164, 0.05000000074505806], rot_normalizer:0.3490658503988659
[predict()] making cropped data
[make_crop_data_batch()] Welcome make_crop_data_batch
[make_crop_data_batch()] make tf_to_crops done
[make_crop_data_batch()] render done
[make_crop_data_batch()] warp done
[make_crop_data_batch()] pose batch data done
[predict()] forward start
[predict()] forward done
[track_one()] pose done
[track_one()] Welcome
[track_one()] depth processing done
[predict()] ob_in_cams:(1, 4, 4)
[predict()] self.cfg.use_normal:False
[predict()] trans_normalizer:[0.019999999552965164, 0.019999999552965164, 0.05000000074505806], rot_normalizer:0.3490658503988659
[predict()] making cropped data
[make_crop_data_batch()] Welcome make_crop_data_batch
[make_crop_data_batch()] make tf_to_crops done
[make_crop_data_batch()] render done
[make_crop_data_batch()] warp done
[make_crop_data_batch()] pose batch data done
[predict()] forward start
[predict()] forward done
[track_one()] pose done
[track_one()] Welcome
[track_one()] depth processing done
[predict()] ob_in_cams:(1, 4, 4)
[predict()] self.cfg.use_normal:False
[predict()] trans_normalizer:[0.019999999552965164, 0.019999999552965164, 0.05000000074505806], rot_normalizer:0.3490658503988659
[predict()] making cropped data
[make_crop_data_batch()] Welcome make_crop_data_batch
[make_crop_data_batch()] make tf_to_crops done
[make_crop_data_batch()] render done
[make_crop_data_batch()] warp done
[make_crop_data_batch()] pose batch data done
[predict()] forward start
[predict()] forward done
[track_one()] pose done
[track_one()] Welcome
[track_one()] depth processing done
[predict()] ob_in_cams:(1, 4, 4)
[predict()] self.cfg.use_normal:False
[predict()] trans_normalizer:[0.019999999552965164, 0.019999999552965164, 0.05000000074505806], rot_normalizer:0.3490658503988659
[predict()] making cropped data
[make_crop_data_batch()] Welcome make_crop_data_batch
[make_crop_data_batch()] make tf_to_crops done
[make_crop_data_batch()] render done
[make_crop_data_batch()] warp done
[make_crop_data_batch()] pose batch data done
[predict()] forward start
[predict()] forward done
[track_one()] pose done
[track_one()] Welcome
[track_one()] depth processing done
[predict()] ob_in_cams:(1, 4, 4)
[predict()] self.cfg.use_normal:False
[predict()] trans_normalizer:[0.019999999552965164, 0.019999999552965164, 0.05000000074505806], rot_normalizer:0.3490658503988659
[predict()] making cropped data
[make_crop_data_batch()] Welcome make_crop_data_batch
[make_crop_data_batch()] make tf_to_crops done
[make_crop_data_batch()] render done
[make_crop_data_batch()] warp done
[make_crop_data_batch()] pose batch data done
[predict()] forward start
[predict()] forward done
[track_one()] pose done
[track_one()] Welcome
[track_one()] depth processing done
[predict()] ob_in_cams:(1, 4, 4)
[predict()] self.cfg.use_normal:False
[predict()] trans_normalizer:[0.019999999552965164, 0.019999999552965164, 0.05000000074505806], rot_normalizer:0.3490658503988659
[predict()] making cropped data
[make_crop_data_batch()] Welcome make_crop_data_batch
[make_crop_data_batch()] make tf_to_crops done
[make_crop_data_batch()] render done
[make_crop_data_batch()] warp done
[make_crop_data_batch()] pose batch data done
[predict()] forward start
[predict()] forward done
[track_one()] pose done
[track_one()] Welcome
[track_one()] depth processing done
[predict()] ob_in_cams:(1, 4, 4)
[predict()] self.cfg.use_normal:False
[predict()] trans_normalizer:[0.019999999552965164, 0.019999999552965164, 0.05000000074505806], rot_normalizer:0.3490658503988659
[predict()] making cropped data
[make_crop_data_batch()] Welcome make_crop_data_batch
[make_crop_data_batch()] make tf_to_crops done
[make_crop_data_batch()] render done
[make_crop_data_batch()] warp done
[make_crop_data_batch()] pose batch data done
[predict()] forward start
[predict()] forward done
[track_one()] pose done
[track_one()] Welcome
[track_one()] depth processing done
[predict()] ob_in_cams:(1, 4, 4)
[predict()] self.cfg.use_normal:False
[predict()] trans_normalizer:[0.019999999552965164, 0.019999999552965164, 0.05000000074505806], rot_normalizer:0.3490658503988659
[predict()] making cropped data
[make_crop_data_batch()] Welcome make_crop_data_batch
[make_crop_data_batch()] make tf_to_crops done
[make_crop_data_batch()] render done
[make_crop_data_batch()] warp done
[make_crop_data_batch()] pose batch data done
[predict()] forward start
[predict()] forward done
[track_one()] pose done
[track_one()] Welcome
[track_one()] depth processing done
[predict()] ob_in_cams:(1, 4, 4)
[predict()] self.cfg.use_normal:False
[predict()] trans_normalizer:[0.019999999552965164, 0.019999999552965164, 0.05000000074505806], rot_normalizer:0.3490658503988659
[predict()] making cropped data
[make_crop_data_batch()] Welcome make_crop_data_batch
[make_crop_data_batch()] make tf_to_crops done
[make_crop_data_batch()] render done
[make_crop_data_batch()] warp done
[make_crop_data_batch()] pose batch data done
[predict()] forward start
[predict()] forward done
[track_one()] pose done
[track_one()] Welcome
[track_one()] depth processing done
[predict()] ob_in_cams:(1, 4, 4)
[predict()] self.cfg.use_normal:False
[predict()] trans_normalizer:[0.019999999552965164, 0.019999999552965164, 0.05000000074505806], rot_normalizer:0.3490658503988659
[predict()] making cropped data
[make_crop_data_batch()] Welcome make_crop_data_batch
[make_crop_data_batch()] make tf_to_crops done
[make_crop_data_batch()] render done
[make_crop_data_batch()] warp done
[make_crop_data_batch()] pose batch data done
[predict()] forward start
[predict()] forward done
[track_one()] pose done
[track_one()] Welcome
[track_one()] depth processing done
[predict()] ob_in_cams:(1, 4, 4)
[predict()] self.cfg.use_normal:False
[predict()] trans_normalizer:[0.019999999552965164, 0.019999999552965164, 0.05000000074505806], rot_normalizer:0.3490658503988659
[predict()] making cropped data
[make_crop_data_batch()] Welcome make_crop_data_batch
[make_crop_data_batch()] make tf_to_crops done
[make_crop_data_batch()] render done
[make_crop_data_batch()] warp done
[make_crop_data_batch()] pose batch data done
[predict()] forward start
[predict()] forward done
[track_one()] pose done
[track_one()] Welcome
[track_one()] depth processing done
[predict()] ob_in_cams:(1, 4, 4)
[predict()] self.cfg.use_normal:False
[predict()] trans_normalizer:[0.019999999552965164, 0.019999999552965164, 0.05000000074505806], rot_normalizer:0.3490658503988659
[predict()] making cropped data
[make_crop_data_batch()] Welcome make_crop_data_batch
[make_crop_data_batch()] make tf_to_crops done
[make_crop_data_batch()] render done
[make_crop_data_batch()] warp done
[make_crop_data_batch()] pose batch data done
[predict()] forward start
[predict()] forward done
[track_one()] pose done
[track_one()] Welcome
[track_one()] depth processing done
[predict()] ob_in_cams:(1, 4, 4)
[predict()] self.cfg.use_normal:False
[predict()] trans_normalizer:[0.019999999552965164, 0.019999999552965164, 0.05000000074505806], rot_normalizer:0.3490658503988659
[predict()] making cropped data
[make_crop_data_batch()] Welcome make_crop_data_batch
[make_crop_data_batch()] make tf_to_crops done
[make_crop_data_batch()] render done
[make_crop_data_batch()] warp done
[make_crop_data_batch()] pose batch data done
[predict()] forward start
[predict()] forward done
[track_one()] pose done
[track_one()] Welcome
[track_one()] depth processing done
[predict()] ob_in_cams:(1, 4, 4)
[predict()] self.cfg.use_normal:False
[predict()] trans_normalizer:[0.019999999552965164, 0.019999999552965164, 0.05000000074505806], rot_normalizer:0.3490658503988659
[predict()] making cropped data
[make_crop_data_batch()] Welcome make_crop_data_batch
[make_crop_data_batch()] make tf_to_crops done
[make_crop_data_batch()] render done
[make_crop_data_batch()] warp done
[make_crop_data_batch()] pose batch data done
[predict()] forward start
[predict()] forward done
[track_one()] pose done
[track_one()] Welcome
[track_one()] depth processing done
[predict()] ob_in_cams:(1, 4, 4)
[predict()] self.cfg.use_normal:False
[predict()] trans_normalizer:[0.019999999552965164, 0.019999999552965164, 0.05000000074505806], rot_normalizer:0.3490658503988659
[predict()] making cropped data
[make_crop_data_batch()] Welcome make_crop_data_batch
[make_crop_data_batch()] make tf_to_crops done
[make_crop_data_batch()] render done
[make_crop_data_batch()] warp done
[make_crop_data_batch()] pose batch data done
[predict()] forward start
[predict()] forward done
[track_one()] pose done
[track_one()] Welcome
[track_one()] depth processing done
[predict()] ob_in_cams:(1, 4, 4)
[predict()] self.cfg.use_normal:False
[predict()] trans_normalizer:[0.019999999552965164, 0.019999999552965164, 0.05000000074505806], rot_normalizer:0.3490658503988659
[predict()] making cropped data
[make_crop_data_batch()] Welcome make_crop_data_batch
[make_crop_data_batch()] make tf_to_crops done
[make_crop_data_batch()] render done
[make_crop_data_batch()] warp done
[make_crop_data_batch()] pose batch data done
[predict()] forward start
[predict()] forward done
[track_one()] pose done
[track_one()] Welcome
[track_one()] depth processing done
[predict()] ob_in_cams:(1, 4, 4)
[predict()] self.cfg.use_normal:False
[predict()] trans_normalizer:[0.019999999552965164, 0.019999999552965164, 0.05000000074505806], rot_normalizer:0.3490658503988659
[predict()] making cropped data
[make_crop_data_batch()] Welcome make_crop_data_batch
[make_crop_data_batch()] make tf_to_crops done
[make_crop_data_batch()] render done
[make_crop_data_batch()] warp done
[make_crop_data_batch()] pose batch data done
[predict()] forward start
[predict()] forward done
[track_one()] pose done
[track_one()] Welcome
[track_one()] depth processing done
[predict()] ob_in_cams:(1, 4, 4)
[predict()] self.cfg.use_normal:False
[predict()] trans_normalizer:[0.019999999552965164, 0.019999999552965164, 0.05000000074505806], rot_normalizer:0.3490658503988659
[predict()] making cropped data
[make_crop_data_batch()] Welcome make_crop_data_batch
[make_crop_data_batch()] make tf_to_crops done
[make_crop_data_batch()] render done
[make_crop_data_batch()] warp done
[make_crop_data_batch()] pose batch data done
[predict()] forward start
[predict()] forward done
[track_one()] pose done
[track_one()] Welcome
[track_one()] depth processing done
[predict()] ob_in_cams:(1, 4, 4)
[predict()] self.cfg.use_normal:False
[predict()] trans_normalizer:[0.019999999552965164, 0.019999999552965164, 0.05000000074505806], rot_normalizer:0.3490658503988659
[predict()] making cropped data
[make_crop_data_batch()] Welcome make_crop_data_batch
[make_crop_data_batch()] make tf_to_crops done
[make_crop_data_batch()] render done
[make_crop_data_batch()] warp done
[make_crop_data_batch()] pose batch data done
[predict()] forward start
[predict()] forward done
[track_one()] pose done
[track_one()] Welcome
[track_one()] depth processing done
[predict()] ob_in_cams:(1, 4, 4)
[predict()] self.cfg.use_normal:False
[predict()] trans_normalizer:[0.019999999552965164, 0.019999999552965164, 0.05000000074505806], rot_normalizer:0.3490658503988659
[predict()] making cropped data
[make_crop_data_batch()] Welcome make_crop_data_batch
[make_crop_data_batch()] make tf_to_crops done
[make_crop_data_batch()] render done
[make_crop_data_batch()] warp done
[make_crop_data_batch()] pose batch data done
[predict()] forward start
[predict()] forward done
[track_one()] pose done
[track_one()] Welcome
[track_one()] depth processing done
[predict()] ob_in_cams:(1, 4, 4)
[predict()] self.cfg.use_normal:False
[predict()] trans_normalizer:[0.019999999552965164, 0.019999999552965164, 0.05000000074505806], rot_normalizer:0.3490658503988659
[predict()] making cropped data
[make_crop_data_batch()] Welcome make_crop_data_batch
[make_crop_data_batch()] make tf_to_crops done
[make_crop_data_batch()] render done
[make_crop_data_batch()] warp done
[make_crop_data_batch()] pose batch data done
[predict()] forward start
[predict()] forward done
[track_one()] pose done
[track_one()] Welcome
[track_one()] depth processing done
[predict()] ob_in_cams:(1, 4, 4)
[predict()] self.cfg.use_normal:False
[predict()] trans_normalizer:[0.019999999552965164, 0.019999999552965164, 0.05000000074505806], rot_normalizer:0.3490658503988659
[predict()] making cropped data
[make_crop_data_batch()] Welcome make_crop_data_batch
[make_crop_data_batch()] make tf_to_crops done
[make_crop_data_batch()] render done
[make_crop_data_batch()] warp done
[make_crop_data_batch()] pose batch data done
[predict()] forward start
[predict()] forward done
[track_one()] pose done
[track_one()] Welcome
[track_one()] depth processing done
[predict()] ob_in_cams:(1, 4, 4)
[predict()] self.cfg.use_normal:False
[predict()] trans_normalizer:[0.019999999552965164, 0.019999999552965164, 0.05000000074505806], rot_normalizer:0.3490658503988659
[predict()] making cropped data
[make_crop_data_batch()] Welcome make_crop_data_batch
[make_crop_data_batch()] make tf_to_crops done
[make_crop_data_batch()] render done
[make_crop_data_batch()] warp done
[make_crop_data_batch()] pose batch data done
[predict()] forward start
[predict()] forward done
[track_one()] pose done
[track_one()] Welcome
[track_one()] depth processing done
[predict()] ob_in_cams:(1, 4, 4)
[predict()] self.cfg.use_normal:False
[predict()] trans_normalizer:[0.019999999552965164, 0.019999999552965164, 0.05000000074505806], rot_normalizer:0.3490658503988659
[predict()] making cropped data
[make_crop_data_batch()] Welcome make_crop_data_batch
[make_crop_data_batch()] make tf_to_crops done
[make_crop_data_batch()] render done
[make_crop_data_batch()] warp done
[make_crop_data_batch()] pose batch data done
[predict()] forward start
[predict()] forward done
[track_one()] pose done
[track_one()] Welcome
[track_one()] depth processing done
[predict()] ob_in_cams:(1, 4, 4)
[predict()] self.cfg.use_normal:False
[predict()] trans_normalizer:[0.019999999552965164, 0.019999999552965164, 0.05000000074505806], rot_normalizer:0.3490658503988659
[predict()] making cropped data
[make_crop_data_batch()] Welcome make_crop_data_batch
[make_crop_data_batch()] make tf_to_crops done
[make_crop_data_batch()] render done
[make_crop_data_batch()] warp done
[make_crop_data_batch()] pose batch data done
[predict()] forward start
[predict()] forward done
[track_one()] pose done
[track_one()] Welcome
[track_one()] depth processing done
[predict()] ob_in_cams:(1, 4, 4)
[predict()] self.cfg.use_normal:False
[predict()] trans_normalizer:[0.019999999552965164, 0.019999999552965164, 0.05000000074505806], rot_normalizer:0.3490658503988659
[predict()] making cropped data
[make_crop_data_batch()] Welcome make_crop_data_batch
[make_crop_data_batch()] make tf_to_crops done
[make_crop_data_batch()] render done
[make_crop_data_batch()] warp done
[make_crop_data_batch()] pose batch data done
[predict()] forward start
[predict()] forward done
[track_one()] pose done
[track_one()] Welcome
[track_one()] depth processing done
[predict()] ob_in_cams:(1, 4, 4)
[predict()] self.cfg.use_normal:False
[predict()] trans_normalizer:[0.019999999552965164, 0.019999999552965164, 0.05000000074505806], rot_normalizer:0.3490658503988659
[predict()] making cropped data
[make_crop_data_batch()] Welcome make_crop_data_batch
[make_crop_data_batch()] make tf_to_crops done
[make_crop_data_batch()] render done
[make_crop_data_batch()] warp done
[make_crop_data_batch()] pose batch data done
[predict()] forward start
[predict()] forward done
[track_one()] pose done
[track_one()] Welcome
[track_one()] depth processing done
[predict()] ob_in_cams:(1, 4, 4)
[predict()] self.cfg.use_normal:False
[predict()] trans_normalizer:[0.019999999552965164, 0.019999999552965164, 0.05000000074505806], rot_normalizer:0.3490658503988659
[predict()] making cropped data
[make_crop_data_batch()] Welcome make_crop_data_batch
[make_crop_data_batch()] make tf_to_crops done
[make_crop_data_batch()] render done
[make_crop_data_batch()] warp done
[make_crop_data_batch()] pose batch data done
[predict()] forward start
[predict()] forward done
[track_one()] pose done
[track_one()] Welcome
[track_one()] depth processing done
[predict()] ob_in_cams:(1, 4, 4)
[predict()] self.cfg.use_normal:False
[predict()] trans_normalizer:[0.019999999552965164, 0.019999999552965164, 0.05000000074505806], rot_normalizer:0.3490658503988659
[predict()] making cropped data
[make_crop_data_batch()] Welcome make_crop_data_batch
[make_crop_data_batch()] make tf_to_crops done
[make_crop_data_batch()] render done
[make_crop_data_batch()] warp done
[make_crop_data_batch()] pose batch data done
[predict()] forward start
[predict()] forward done
[track_one()] pose done
[track_one()] Welcome
[track_one()] depth processing done
[predict()] ob_in_cams:(1, 4, 4)
[predict()] self.cfg.use_normal:False
[predict()] trans_normalizer:[0.019999999552965164, 0.019999999552965164, 0.05000000074505806], rot_normalizer:0.3490658503988659
[predict()] making cropped data
[make_crop_data_batch()] Welcome make_crop_data_batch
[make_crop_data_batch()] make tf_to_crops done
[make_crop_data_batch()] render done
[make_crop_data_batch()] warp done
[make_crop_data_batch()] pose batch data done
[predict()] forward start
[predict()] forward done
[track_one()] pose done
[track_one()] Welcome
[track_one()] depth processing done
[predict()] ob_in_cams:(1, 4, 4)
[predict()] self.cfg.use_normal:False
[predict()] trans_normalizer:[0.019999999552965164, 0.019999999552965164, 0.05000000074505806], rot_normalizer:0.3490658503988659
[predict()] making cropped data
[make_crop_data_batch()] Welcome make_crop_data_batch
[make_crop_data_batch()] make tf_to_crops done
[make_crop_data_batch()] render done
[make_crop_data_batch()] warp done
[make_crop_data_batch()] pose batch data done
[predict()] forward start
[predict()] forward done
[track_one()] pose done
[track_one()] Welcome
[track_one()] depth processing done
[predict()] ob_in_cams:(1, 4, 4)
[predict()] self.cfg.use_normal:False
[predict()] trans_normalizer:[0.019999999552965164, 0.019999999552965164, 0.05000000074505806], rot_normalizer:0.3490658503988659
[predict()] making cropped data
[make_crop_data_batch()] Welcome make_crop_data_batch
[make_crop_data_batch()] make tf_to_crops done
[make_crop_data_batch()] render done
[make_crop_data_batch()] warp done
[make_crop_data_batch()] pose batch data done
[predict()] forward start
[predict()] forward done
[track_one()] pose done
[track_one()] Welcome
[track_one()] depth processing done
[predict()] ob_in_cams:(1, 4, 4)
[predict()] self.cfg.use_normal:False
[predict()] trans_normalizer:[0.019999999552965164, 0.019999999552965164, 0.05000000074505806], rot_normalizer:0.3490658503988659
[predict()] making cropped data
[make_crop_data_batch()] Welcome make_crop_data_batch
[make_crop_data_batch()] make tf_to_crops done
[make_crop_data_batch()] render done
[make_crop_data_batch()] warp done
[make_crop_data_batch()] pose batch data done
[predict()] forward start
[predict()] forward done
[track_one()] pose done
[track_one()] Welcome
[track_one()] depth processing done
[predict()] ob_in_cams:(1, 4, 4)
[predict()] self.cfg.use_normal:False
[predict()] trans_normalizer:[0.019999999552965164, 0.019999999552965164, 0.05000000074505806], rot_normalizer:0.3490658503988659
[predict()] making cropped data
[make_crop_data_batch()] Welcome make_crop_data_batch
[make_crop_data_batch()] make tf_to_crops done
[make_crop_data_batch()] render done
[make_crop_data_batch()] warp done
[make_crop_data_batch()] pose batch data done
[predict()] forward start
[predict()] forward done
[track_one()] pose done
[track_one()] Welcome
[track_one()] depth processing done
[predict()] ob_in_cams:(1, 4, 4)
[predict()] self.cfg.use_normal:False
[predict()] trans_normalizer:[0.019999999552965164, 0.019999999552965164, 0.05000000074505806], rot_normalizer:0.3490658503988659
[predict()] making cropped data
[make_crop_data_batch()] Welcome make_crop_data_batch
[make_crop_data_batch()] make tf_to_crops done
[make_crop_data_batch()] render done
[make_crop_data_batch()] warp done
[make_crop_data_batch()] pose batch data done
[predict()] forward start
[predict()] forward done
[track_one()] pose done
[track_one()] Welcome
[track_one()] depth processing done
[predict()] ob_in_cams:(1, 4, 4)
[predict()] self.cfg.use_normal:False
[predict()] trans_normalizer:[0.019999999552965164, 0.019999999552965164, 0.05000000074505806], rot_normalizer:0.3490658503988659
[predict()] making cropped data
[make_crop_data_batch()] Welcome make_crop_data_batch
[make_crop_data_batch()] make tf_to_crops done
[make_crop_data_batch()] render done
[make_crop_data_batch()] warp done
[make_crop_data_batch()] pose batch data done
[predict()] forward start
[predict()] forward done
[track_one()] pose done
[track_one()] Welcome
[track_one()] depth processing done
[predict()] ob_in_cams:(1, 4, 4)
[predict()] self.cfg.use_normal:False
[predict()] trans_normalizer:[0.019999999552965164, 0.019999999552965164, 0.05000000074505806], rot_normalizer:0.3490658503988659
[predict()] making cropped data
[make_crop_data_batch()] Welcome make_crop_data_batch
[make_crop_data_batch()] make tf_to_crops done
[make_crop_data_batch()] render done
[make_crop_data_batch()] warp done
[make_crop_data_batch()] pose batch data done
[predict()] forward start
[predict()] forward done
[track_one()] pose done
[track_one()] Welcome
[track_one()] depth processing done
[predict()] ob_in_cams:(1, 4, 4)
[predict()] self.cfg.use_normal:False
[predict()] trans_normalizer:[0.019999999552965164, 0.019999999552965164, 0.05000000074505806], rot_normalizer:0.3490658503988659
[predict()] making cropped data
[make_crop_data_batch()] Welcome make_crop_data_batch
[make_crop_data_batch()] make tf_to_crops done
[make_crop_data_batch()] render done
[make_crop_data_batch()] warp done
[make_crop_data_batch()] pose batch data done
[predict()] forward start
[predict()] forward done
[track_one()] pose done
[track_one()] Welcome
[track_one()] depth processing done
[predict()] ob_in_cams:(1, 4, 4)
[predict()] self.cfg.use_normal:False
[predict()] trans_normalizer:[0.019999999552965164, 0.019999999552965164, 0.05000000074505806], rot_normalizer:0.3490658503988659
[predict()] making cropped data
[make_crop_data_batch()] Welcome make_crop_data_batch
[make_crop_data_batch()] make tf_to_crops done
[make_crop_data_batch()] render done
[make_crop_data_batch()] warp done
[make_crop_data_batch()] pose batch data done
[predict()] forward start
[predict()] forward done
[track_one()] pose done
[track_one()] Welcome
[track_one()] depth processing done
[predict()] ob_in_cams:(1, 4, 4)
[predict()] self.cfg.use_normal:False
[predict()] trans_normalizer:[0.019999999552965164, 0.019999999552965164, 0.05000000074505806], rot_normalizer:0.3490658503988659
[predict()] making cropped data
[make_crop_data_batch()] Welcome make_crop_data_batch
[make_crop_data_batch()] make tf_to_crops done
[make_crop_data_batch()] render done
[make_crop_data_batch()] warp done
[make_crop_data_batch()] pose batch data done
[predict()] forward start
[predict()] forward done
[track_one()] pose done
[track_one()] Welcome
[track_one()] depth processing done
[predict()] ob_in_cams:(1, 4, 4)
[predict()] self.cfg.use_normal:False
[predict()] trans_normalizer:[0.019999999552965164, 0.019999999552965164, 0.05000000074505806], rot_normalizer:0.3490658503988659
[predict()] making cropped data
[make_crop_data_batch()] Welcome make_crop_data_batch
[make_crop_data_batch()] make tf_to_crops done
[make_crop_data_batch()] render done
[make_crop_data_batch()] warp done
[make_crop_data_batch()] pose batch data done
[predict()] forward start
[predict()] forward done
[track_one()] pose done
[track_one()] Welcome
[track_one()] depth processing done
[predict()] ob_in_cams:(1, 4, 4)
[predict()] self.cfg.use_normal:False
[predict()] trans_normalizer:[0.019999999552965164, 0.019999999552965164, 0.05000000074505806], rot_normalizer:0.3490658503988659
[predict()] making cropped data
[make_crop_data_batch()] Welcome make_crop_data_batch
[make_crop_data_batch()] make tf_to_crops done
[make_crop_data_batch()] render done
[make_crop_data_batch()] warp done
[make_crop_data_batch()] pose batch data done
[predict()] forward start
[predict()] forward done
[track_one()] pose done
[track_one()] Welcome
[track_one()] depth processing done
[predict()] ob_in_cams:(1, 4, 4)
[predict()] self.cfg.use_normal:False
[predict()] trans_normalizer:[0.019999999552965164, 0.019999999552965164, 0.05000000074505806], rot_normalizer:0.3490658503988659
[predict()] making cropped data
[make_crop_data_batch()] Welcome make_crop_data_batch
[make_crop_data_batch()] make tf_to_crops done
[make_crop_data_batch()] render done
[make_crop_data_batch()] warp done
[make_crop_data_batch()] pose batch data done
[predict()] forward start
[predict()] forward done
[track_one()] pose done
Warp 1.14.0 initialized:
   CUDA Toolkit 12.9, Driver 13.0
   Devices:
     "cpu"      : "x86_64"
     "cuda:0"   : "NVIDIA RTX A6000" (47 GiB, sm_86, mempool enabled)
   Kernel cache:
     /home/yanghong/.cache/warp/1.14.0
Module Utils f1d1490 load on device 'cuda:0' took 0.82 ms  (cached)
[fp_pose] frame_plan object_1: 配准帧 86 -> 48
[__init__()] self.cfg: 
 lr: 0.0001
c_in: 6
zfar: 'Infinity'
debug: null
n_view: 1
run_id: 3wy8qqex
use_BN: true
exp_name: 2024-01-11-20-02-45
n_epochs: 62
save_dir: /home/bowenw/debug/2024-01-11-20-02-45/
use_mask: false
loss_type: pairwise_valid
optimizer: adam
batch_size: 64
crop_ratio: 1.1
enable_amp: true
use_normal: false
max_num_key: null
warmup_step: -1
input_resize:
- 160
- 160
max_step_val: 1000
vis_interval: 1000
weight_decay: 0
normalize_xyz: true
resume_run_id: null
clip_grad_norm: 'Infinity'
lr_epoch_decay: 500
render_backend: nvdiffrast
train_num_pair: 5
lr_decay_epochs:
- 50
n_epochs_warmup: 1
make_pair_online: false
gradient_max_norm: 'Infinity'
max_step_per_epoch: 10000
n_rendering_workers: 1
save_epoch_interval: 100
n_dataloader_workers: 100
split_objects_across_gpus: true
ckpt_dir: /home/yanghong/Reconstruct_and_Retarget/third_party/FoundationPose/learning/training/../../weights/2024-01-11-20-02-45/model_best.pth

[__init__()] self.h5_file:None
[__init__()] Using pretrained model from /home/yanghong/Reconstruct_and_Retarget/third_party/FoundationPose/learning/training/../../weights/2024-01-11-20-02-45/model_best.pth
[__init__()] init done
[__init__()] welcome
[__init__()] self.cfg: 
 lr: 0.0001
c_in: 6
zfar: .inf
debug: null
w_rot: 0.1
n_view: 1
run_id: null
use_BN: true
rot_rep: axis_angle
ckpt_dir: /home/yanghong/Reconstruct_and_Retarget/third_party/FoundationPose/learning/training/../../weights/2023-10-28-18-33-37/model_best.pth
exp_name: 2023-10-28-18-33-37
save_dir: /tmp/2023-10-28-18-33-37/
loss_type: l2
optimizer: adam
trans_rep: tracknet
batch_size: 64
crop_ratio: 1.2
use_normal: false
BN_momentum: 0.1
max_num_key: null
warmup_step: -1
input_resize:
- 160
- 160
max_step_val: 1000
normal_uint8: false
vis_interval: 1000
weight_decay: 0
n_max_objects: null
normalize_xyz: true
clip_grad_norm: 'Infinity'
rot_normalizer: 0.3490658503988659
trans_normalizer:
- 0.019999999552965164
- 0.019999999552965164
- 0.05000000074505806
max_step_per_epoch: 25000
val_epoch_interval: 10
n_dataloader_workers: 60
enable_amp: true
use_mask: false

[__init__()] self.h5_file:
[__init__()] Using pretrained model from /home/yanghong/Reconstruct_and_Retarget/third_party/FoundationPose/learning/training/../../weights/2023-10-28-18-33-37/model_best.pth
[__init__()] init done
[reset_object()] self.diameter:0.038878523069716786, vox_size:0.003
[reset_object()] self.pts:torch.Size([318, 3])
[reset_object()] reset done
[make_rotation_grid()] cam_in_obs:(42, 4, 4)
[make_rotation_grid()] rot_grid:(252, 4, 4)
[make_rotation_grid()] after cluster, rot_grid:(252, 4, 4)
[make_rotation_grid()] self.rot_grid: torch.Size([252, 4, 4])
[register()] Welcome
[register()] poses:(252, 4, 4)
[register()] after viewpoint, add_errs min:-1.0
[predict()] ob_in_cams:(252, 4, 4)
[predict()] self.cfg.use_normal:False
[predict()] trans_normalizer:[0.019999999552965164, 0.019999999552965164, 0.05000000074505806], rot_normalizer:0.3490658503988659
[predict()] making cropped data
[make_crop_data_batch()] Welcome make_crop_data_batch
[make_crop_data_batch()] make tf_to_crops done
[make_crop_data_batch()] render done
[make_crop_data_batch()] warp done
[make_crop_data_batch()] pose batch data done
[predict()] forward start
[predict()] forward done
[predict()] making cropped data
[make_crop_data_batch()] Welcome make_crop_data_batch
[make_crop_data_batch()] make tf_to_crops done
[make_crop_data_batch()] render done
[make_crop_data_batch()] warp done
[make_crop_data_batch()] pose batch data done
[predict()] forward start
[predict()] forward done
[predict()] making cropped data
[make_crop_data_batch()] Welcome make_crop_data_batch
[make_crop_data_batch()] make tf_to_crops done
[make_crop_data_batch()] render done
[make_crop_data_batch()] warp done
[make_crop_data_batch()] pose batch data done
[predict()] forward start
[predict()] forward done
[predict()] making cropped data
[make_crop_data_batch()] Welcome make_crop_data_batch
[make_crop_data_batch()] make tf_to_crops done
[make_crop_data_batch()] render done
[make_crop_data_batch()] warp done
[make_crop_data_batch()] pose batch data done
[predict()] forward start
[predict()] forward done
[predict()] making cropped data
[make_crop_data_batch()] Welcome make_crop_data_batch
[make_crop_data_batch()] make tf_to_crops done
[make_crop_data_batch()] render done
[make_crop_data_batch()] warp done
[make_crop_data_batch()] pose batch data done
[predict()] forward start
[predict()] forward done
[predict()] ob_in_cams:(252, 4, 4)
[predict()] self.cfg.use_normal:False
[predict()] making cropped data
[make_crop_data_batch()] Welcome make_crop_data_batch
[make_crop_data_batch()] make tf_to_crops done
[make_crop_data_batch()] render done
[make_crop_data_batch()] pose batch data done
[find_best_among_pairs()] pose_data.rgbAs.shape[0]: 252
[predict()] forward done
[register()] final, add_errs min:-1.0
[register()] sort ids:tensor([ 55, 103,  67,  85, 175,  91,  97, 169,  25, 223, 229,  31, 154, 181,
        187, 235, 148, 208, 241,  52,  63, 202, 207,  54,  96, 102, 117, 123,
        174, 180, 214, 220,  41,  64,  66,  84,  90, 109, 111, 113, 118, 124,
        136, 153, 160, 167, 168, 201, 215, 221, 222,  29,  30,  35,  46,  47,
        108, 110, 112, 130, 228, 234,   2,  24,  51, 129, 147, 156, 161, 166,
        185, 186, 191, 216, 239, 240, 245,  38,  39,  40,  42,  44,  45, 138,
        139, 142, 143, 146, 158, 159, 164, 165, 210, 219, 243,  36, 135, 140,
        141, 162, 183, 189, 193, 194, 200, 212, 213, 218, 237,   1,   8,  13,
         14,  19,  58,  73,  74,  79,  80, 104, 152, 155, 170, 176, 206, 247,
          4,   7,  16,  20,  22,  32,  33,  43,  48,  50,  53,  59,  60,  65,
         68,  70,  71,  76,  82,  86,  88,  89,  98, 100, 101, 106, 114, 116,
        122, 128, 149, 178, 184, 196, 198, 203, 224, 230, 248, 250,   3,   9,
         10,  15,  26,  27,  37,  56,  75,  81,  87,  92,  93,  94,  95, 107,
        119, 120, 126, 132, 144, 157, 163, 172, 173, 177, 179, 182, 188, 190,
        195, 204, 209, 211, 217, 225, 226, 227, 232, 244, 249,   0,   6,  12,
         18,  21,  34,  57,  69,  72,  78,  99, 105, 131, 133, 134, 137, 150,
        171, 192, 231, 233, 236, 242, 246,  28,  49,  61,  62, 121, 125, 199,
        238, 115, 127, 145, 151, 205,  11,  77,   5,  17,  23,  83, 197, 251])
[register()] sorted scores:tensor([141.1250, 141.1250, 141.0938, 141.0938, 141.0938, 141.0625, 141.0625,
        141.0625, 141.0312, 141.0312, 141.0312, 141.0000, 141.0000, 140.9688,
        140.9688, 140.9688, 140.9375, 140.9375, 140.9375, 140.9062, 140.9062,
        140.9062, 140.9062, 140.8750, 140.8750, 140.8750, 140.8750, 140.8750,
        140.8750, 140.8750, 140.8750, 140.8750, 140.8438, 140.8438, 140.8438,
        140.8438, 140.8438, 140.8438, 140.8438, 140.8438, 140.8438, 140.8438,
        140.8438, 140.8438, 140.8438, 140.8438, 140.8438, 140.8438, 140.8438,
        140.8438, 140.8438, 140.8125, 140.8125, 140.8125, 140.8125, 140.8125,
        140.8125, 140.8125, 140.8125, 140.8125, 140.8125, 140.8125, 140.7812,
        140.7812, 140.7812, 140.7812, 140.7812, 140.7812, 140.7812, 140.7812,
        140.7812, 140.7812, 140.7812, 140.7812, 140.7812, 140.7812, 140.7812,
        140.7500, 140.7500, 140.7500, 140.7500, 140.7500, 140.7500, 140.7500,
        140.7500, 140.7500, 140.7500, 140.7500, 140.7500, 140.7500, 140.7500,
        140.7500, 140.7500, 140.7500, 140.7500, 140.7188, 140.7188, 140.7188,
        140.7188, 140.7188, 140.7188, 140.7188, 140.7188, 140.7188, 140.7188,
        140.7188, 140.7188, 140.7188, 140.7188, 140.6875, 140.6875, 140.6875,
        140.6875, 140.6875, 140.6875, 140.6875, 140.6875, 140.6875, 140.6875,
        140.6875, 140.6875, 140.6875, 140.6875, 140.6875, 140.6875, 140.6875,
        140.6562, 140.6562, 140.6562, 140.6562, 140.6562, 140.6562, 140.6562,
        140.6562, 140.6562, 140.6562, 140.6562, 140.6562, 140.6562, 140.6562,
        140.6562, 140.6562, 140.6562, 140.6562, 140.6562, 140.6562, 140.6562,
        140.6562, 140.6562, 140.6562, 140.6562, 140.6562, 140.6562, 140.6562,
        140.6562, 140.6562, 140.6562, 140.6562, 140.6562, 140.6562, 140.6562,
        140.6562, 140.6562, 140.6562, 140.6562, 140.6562, 140.6250, 140.6250,
        140.6250, 140.6250, 140.6250, 140.6250, 140.6250, 140.6250, 140.6250,
        140.6250, 140.6250, 140.6250, 140.6250, 140.6250, 140.6250, 140.6250,
        140.6250, 140.6250, 140.6250, 140.6250, 140.6250, 140.6250, 140.6250,
        140.6250, 140.6250, 140.6250, 140.6250, 140.6250, 140.6250, 140.6250,
        140.6250, 140.6250, 140.6250, 140.6250, 140.6250, 140.6250, 140.6250,
        140.6250, 140.6250, 140.6250, 140.6250, 140.5938, 140.5938, 140.5938,
        140.5938, 140.5938, 140.5938, 140.5938, 140.5938, 140.5938, 140.5938,
        140.5938, 140.5938, 140.5938, 140.5938, 140.5938, 140.5938, 140.5938,
        140.5938, 140.5938, 140.5938, 140.5938, 140.5938, 140.5938, 140.5938,
        140.5625, 140.5625, 140.5625, 140.5625, 140.5625, 140.5625, 140.5625,
        140.5625, 140.5312, 140.5312, 140.5312, 140.5312, 140.5312, 140.5000,
        140.5000, 140.4688, 140.4688, 140.4688, 140.4688, 140.4688, 140.4688])
[track_one()] Welcome
[track_one()] depth processing done
[predict()] ob_in_cams:(1, 4, 4)
[predict()] self.cfg.use_normal:False
[predict()] trans_normalizer:[0.019999999552965164, 0.019999999552965164, 0.05000000074505806], rot_normalizer:0.3490658503988659
[predict()] making cropped data
[make_crop_data_batch()] Welcome make_crop_data_batch
[make_crop_data_batch()] make tf_to_crops done
[make_crop_data_batch()] render done
[make_crop_data_batch()] warp done
[make_crop_data_batch()] pose batch data done
[predict()] forward start
[predict()] forward done
[track_one()] pose done
[track_one()] Welcome
[track_one()] depth processing done
[predict()] ob_in_cams:(1, 4, 4)
[predict()] self.cfg.use_normal:False
[predict()] trans_normalizer:[0.019999999552965164, 0.019999999552965164, 0.05000000074505806], rot_normalizer:0.3490658503988659
[predict()] making cropped data
[make_crop_data_batch()] Welcome make_crop_data_batch
[make_crop_data_batch()] make tf_to_crops done
[make_crop_data_batch()] render done
[make_crop_data_batch()] warp done
[make_crop_data_batch()] pose batch data done
[predict()] forward start
[predict()] forward done
[track_one()] pose done
[track_one()] Welcome
[track_one()] depth processing done
[predict()] ob_in_cams:(1, 4, 4)
[predict()] self.cfg.use_normal:False
[predict()] trans_normalizer:[0.019999999552965164, 0.019999999552965164, 0.05000000074505806], rot_normalizer:0.3490658503988659
[predict()] making cropped data
[make_crop_data_batch()] Welcome make_crop_data_batch
[make_crop_data_batch()] make tf_to_crops done
[make_crop_data_batch()] render done
[make_crop_data_batch()] warp done
[make_crop_data_batch()] pose batch data done
[predict()] forward start
[predict()] forward done
[track_one()] pose done
[track_one()] Welcome
[track_one()] depth processing done
[predict()] ob_in_cams:(1, 4, 4)
[predict()] self.cfg.use_normal:False
[predict()] trans_normalizer:[0.019999999552965164, 0.019999999552965164, 0.05000000074505806], rot_normalizer:0.3490658503988659
[predict()] making cropped data
[make_crop_data_batch()] Welcome make_crop_data_batch
[make_crop_data_batch()] make tf_to_crops done
[make_crop_data_batch()] render done
[make_crop_data_batch()] warp done
[make_crop_data_batch()] pose batch data done
[predict()] forward start
[predict()] forward done
[track_one()] pose done
[track_one()] Welcome
[track_one()] depth processing done
[predict()] ob_in_cams:(1, 4, 4)
[predict()] self.cfg.use_normal:False
[predict()] trans_normalizer:[0.019999999552965164, 0.019999999552965164, 0.05000000074505806], rot_normalizer:0.3490658503988659
[predict()] making cropped data
[make_crop_data_batch()] Welcome make_crop_data_batch
[make_crop_data_batch()] make tf_to_crops done
[make_crop_data_batch()] render done
[make_crop_data_batch()] warp done
[make_crop_data_batch()] pose batch data done
[predict()] forward start
[predict()] forward done
[track_one()] pose done
[track_one()] Welcome
[track_one()] depth processing done
[predict()] ob_in_cams:(1, 4, 4)
[predict()] self.cfg.use_normal:False
[predict()] trans_normalizer:[0.019999999552965164, 0.019999999552965164, 0.05000000074505806], rot_normalizer:0.3490658503988659
[predict()] making cropped data
[make_crop_data_batch()] Welcome make_crop_data_batch
[make_crop_data_batch()] make tf_to_crops done
[make_crop_data_batch()] render done
[make_crop_data_batch()] warp done
[make_crop_data_batch()] pose batch data done
[predict()] forward start
[predict()] forward done
[track_one()] pose done
[track_one()] Welcome
[track_one()] depth processing done
[predict()] ob_in_cams:(1, 4, 4)
[predict()] self.cfg.use_normal:False
[predict()] trans_normalizer:[0.019999999552965164, 0.019999999552965164, 0.05000000074505806], rot_normalizer:0.3490658503988659
[predict()] making cropped data
[make_crop_data_batch()] Welcome make_crop_data_batch
[make_crop_data_batch()] make tf_to_crops done
[make_crop_data_batch()] render done
[make_crop_data_batch()] warp done
[make_crop_data_batch()] pose batch data done
[predict()] forward start
[predict()] forward done
[track_one()] pose done
[track_one()] Welcome
[track_one()] depth processing done
[predict()] ob_in_cams:(1, 4, 4)
[predict()] self.cfg.use_normal:False
[predict()] trans_normalizer:[0.019999999552965164, 0.019999999552965164, 0.05000000074505806], rot_normalizer:0.3490658503988659
[predict()] making cropped data
[make_crop_data_batch()] Welcome make_crop_data_batch
[make_crop_data_batch()] make tf_to_crops done
[make_crop_data_batch()] render done
[make_crop_data_batch()] warp done
[make_crop_data_batch()] pose batch data done
[predict()] forward start
[predict()] forward done
[track_one()] pose done
[track_one()] Welcome
[track_one()] depth processing done
[predict()] ob_in_cams:(1, 4, 4)
[predict()] self.cfg.use_normal:False
[predict()] trans_normalizer:[0.019999999552965164, 0.019999999552965164, 0.05000000074505806], rot_normalizer:0.3490658503988659
[predict()] making cropped data
[make_crop_data_batch()] Welcome make_crop_data_batch
[make_crop_data_batch()] make tf_to_crops done
[make_crop_data_batch()] render done
[make_crop_data_batch()] warp done
[make_crop_data_batch()] pose batch data done
[predict()] forward start
[predict()] forward done
[track_one()] pose done
[track_one()] Welcome
[track_one()] depth processing done
[predict()] ob_in_cams:(1, 4, 4)
[predict()] self.cfg.use_normal:False
[predict()] trans_normalizer:[0.019999999552965164, 0.019999999552965164, 0.05000000074505806], rot_normalizer:0.3490658503988659
[predict()] making cropped data
[make_crop_data_batch()] Welcome make_crop_data_batch
[make_crop_data_batch()] make tf_to_crops done
[make_crop_data_batch()] render done
[make_crop_data_batch()] warp done
[make_crop_data_batch()] pose batch data done
[predict()] forward start
[predict()] forward done
[track_one()] pose done
[track_one()] Welcome
[track_one()] depth processing done
[predict()] ob_in_cams:(1, 4, 4)
[predict()] self.cfg.use_normal:False
[predict()] trans_normalizer:[0.019999999552965164, 0.019999999552965164, 0.05000000074505806], rot_normalizer:0.3490658503988659
[predict()] making cropped data
[make_crop_data_batch()] Welcome make_crop_data_batch
[make_crop_data_batch()] make tf_to_crops done
[make_crop_data_batch()] render done
[make_crop_data_batch()] warp done
[make_crop_data_batch()] pose batch data done
[predict()] forward start
[predict()] forward done
[track_one()] pose done
[track_one()] Welcome
[track_one()] depth processing done
[predict()] ob_in_cams:(1, 4, 4)
[predict()] self.cfg.use_normal:False
[predict()] trans_normalizer:[0.019999999552965164, 0.019999999552965164, 0.05000000074505806], rot_normalizer:0.3490658503988659
[predict()] making cropped data
[make_crop_data_batch()] Welcome make_crop_data_batch
[make_crop_data_batch()] make tf_to_crops done
[make_crop_data_batch()] render done
[make_crop_data_batch()] warp done
[make_crop_data_batch()] pose batch data done
[predict()] forward start
[predict()] forward done
[track_one()] pose done
[track_one()] Welcome
[track_one()] depth processing done
[predict()] ob_in_cams:(1, 4, 4)
[predict()] self.cfg.use_normal:False
[predict()] trans_normalizer:[0.019999999552965164, 0.019999999552965164, 0.05000000074505806], rot_normalizer:0.3490658503988659
[predict()] making cropped data
[make_crop_data_batch()] Welcome make_crop_data_batch
[make_crop_data_batch()] make tf_to_crops done
[make_crop_data_batch()] render done
[make_crop_data_batch()] warp done
[make_crop_data_batch()] pose batch data done
[predict()] forward start
[predict()] forward done
[track_one()] pose done
[track_one()] Welcome
[track_one()] depth processing done
[predict()] ob_in_cams:(1, 4, 4)
[predict()] self.cfg.use_normal:False
[predict()] trans_normalizer:[0.019999999552965164, 0.019999999552965164, 0.05000000074505806], rot_normalizer:0.3490658503988659
[predict()] making cropped data
[make_crop_data_batch()] Welcome make_crop_data_batch
[make_crop_data_batch()] make tf_to_crops done
[make_crop_data_batch()] render done
[make_crop_data_batch()] warp done
[make_crop_data_batch()] pose batch data done
[predict()] forward start
[predict()] forward done
[track_one()] pose done
[track_one()] Welcome
[track_one()] depth processing done
[predict()] ob_in_cams:(1, 4, 4)
[predict()] self.cfg.use_normal:False
[predict()] trans_normalizer:[0.019999999552965164, 0.019999999552965164, 0.05000000074505806], rot_normalizer:0.3490658503988659
[predict()] making cropped data
[make_crop_data_batch()] Welcome make_crop_data_batch
[make_crop_data_batch()] make tf_to_crops done
[make_crop_data_batch()] render done
[make_crop_data_batch()] warp done
[make_crop_data_batch()] pose batch data done
[predict()] forward start
[predict()] forward done
[track_one()] pose done
[track_one()] Welcome
[track_one()] depth processing done
[predict()] ob_in_cams:(1, 4, 4)
[predict()] self.cfg.use_normal:False
[predict()] trans_normalizer:[0.019999999552965164, 0.019999999552965164, 0.05000000074505806], rot_normalizer:0.3490658503988659
[predict()] making cropped data
[make_crop_data_batch()] Welcome make_crop_data_batch
[make_crop_data_batch()] make tf_to_crops done
[make_crop_data_batch()] render done
[make_crop_data_batch()] warp done
[make_crop_data_batch()] pose batch data done
[predict()] forward start
[predict()] forward done
[track_one()] pose done
[track_one()] Welcome
[track_one()] depth processing done
[predict()] ob_in_cams:(1, 4, 4)
[predict()] self.cfg.use_normal:False
[predict()] trans_normalizer:[0.019999999552965164, 0.019999999552965164, 0.05000000074505806], rot_normalizer:0.3490658503988659
[predict()] making cropped data
[make_crop_data_batch()] Welcome make_crop_data_batch
[make_crop_data_batch()] make tf_to_crops done
[make_crop_data_batch()] render done
[make_crop_data_batch()] warp done
[make_crop_data_batch()] pose batch data done
[predict()] forward start
[predict()] forward done
[track_one()] pose done
[track_one()] Welcome
[track_one()] depth processing done
[predict()] ob_in_cams:(1, 4, 4)
[predict()] self.cfg.use_normal:False
[predict()] trans_normalizer:[0.019999999552965164, 0.019999999552965164, 0.05000000074505806], rot_normalizer:0.3490658503988659
[predict()] making cropped data
[make_crop_data_batch()] Welcome make_crop_data_batch
[make_crop_data_batch()] make tf_to_crops done
[make_crop_data_batch()] render done
[make_crop_data_batch()] warp done
[make_crop_data_batch()] pose batch data done
[predict()] forward start
[predict()] forward done
[track_one()] pose done
[track_one()] Welcome
[track_one()] depth processing done
[predict()] ob_in_cams:(1, 4, 4)
[predict()] self.cfg.use_normal:False
[predict()] trans_normalizer:[0.019999999552965164, 0.019999999552965164, 0.05000000074505806], rot_normalizer:0.3490658503988659
[predict()] making cropped data
[make_crop_data_batch()] Welcome make_crop_data_batch
[make_crop_data_batch()] make tf_to_crops done
[make_crop_data_batch()] render done
[make_crop_data_batch()] warp done
[make_crop_data_batch()] pose batch data done
[predict()] forward start
[predict()] forward done
[track_one()] pose done
[track_one()] Welcome
[track_one()] depth processing done
[predict()] ob_in_cams:(1, 4, 4)
[predict()] self.cfg.use_normal:False
[predict()] trans_normalizer:[0.019999999552965164, 0.019999999552965164, 0.05000000074505806], rot_normalizer:0.3490658503988659
[predict()] making cropped data
[make_crop_data_batch()] Welcome make_crop_data_batch
[make_crop_data_batch()] make tf_to_crops done
[make_crop_data_batch()] render done
[make_crop_data_batch()] warp done
[make_crop_data_batch()] pose batch data done
[predict()] forward start
[predict()] forward done
[track_one()] pose done
[track_one()] Welcome
[track_one()] depth processing done
[predict()] ob_in_cams:(1, 4, 4)
[predict()] self.cfg.use_normal:False
[predict()] trans_normalizer:[0.019999999552965164, 0.019999999552965164, 0.05000000074505806], rot_normalizer:0.3490658503988659
[predict()] making cropped data
[make_crop_data_batch()] Welcome make_crop_data_batch
[make_crop_data_batch()] make tf_to_crops done
[make_crop_data_batch()] render done
[make_crop_data_batch()] warp done
[make_crop_data_batch()] pose batch data done
[predict()] forward start
[predict()] forward done
[track_one()] pose done
[track_one()] Welcome
[track_one()] depth processing done
[predict()] ob_in_cams:(1, 4, 4)
[predict()] self.cfg.use_normal:False
[predict()] trans_normalizer:[0.019999999552965164, 0.019999999552965164, 0.05000000074505806], rot_normalizer:0.3490658503988659
[predict()] making cropped data
[make_crop_data_batch()] Welcome make_crop_data_batch
[make_crop_data_batch()] make tf_to_crops done
[make_crop_data_batch()] render done
[make_crop_data_batch()] warp done
[make_crop_data_batch()] pose batch data done
[predict()] forward start
[predict()] forward done
[track_one()] pose done
[track_one()] Welcome
[track_one()] depth processing done
[predict()] ob_in_cams:(1, 4, 4)
[predict()] self.cfg.use_normal:False
[predict()] trans_normalizer:[0.019999999552965164, 0.019999999552965164, 0.05000000074505806], rot_normalizer:0.3490658503988659
[predict()] making cropped data
[make_crop_data_batch()] Welcome make_crop_data_batch
[make_crop_data_batch()] make tf_to_crops done
[make_crop_data_batch()] render done
[make_crop_data_batch()] warp done
[make_crop_data_batch()] pose batch data done
[predict()] forward start
[predict()] forward done
[track_one()] pose done
[track_one()] Welcome
[track_one()] depth processing done
[predict()] ob_in_cams:(1, 4, 4)
[predict()] self.cfg.use_normal:False
[predict()] trans_normalizer:[0.019999999552965164, 0.019999999552965164, 0.05000000074505806], rot_normalizer:0.3490658503988659
[predict()] making cropped data
[make_crop_data_batch()] Welcome make_crop_data_batch
[make_crop_data_batch()] make tf_to_crops done
[make_crop_data_batch()] render done
[make_crop_data_batch()] warp done
[make_crop_data_batch()] pose batch data done
[predict()] forward start
[predict()] forward done
[track_one()] pose done
[track_one()] Welcome
[track_one()] depth processing done
[predict()] ob_in_cams:(1, 4, 4)
[predict()] self.cfg.use_normal:False
[predict()] trans_normalizer:[0.019999999552965164, 0.019999999552965164, 0.05000000074505806], rot_normalizer:0.3490658503988659
[predict()] making cropped data
[make_crop_data_batch()] Welcome make_crop_data_batch
[make_crop_data_batch()] make tf_to_crops done
[make_crop_data_batch()] render done
[make_crop_data_batch()] warp done
[make_crop_data_batch()] pose batch data done
[predict()] forward start
[predict()] forward done
[track_one()] pose done
[track_one()] Welcome
[track_one()] depth processing done
[predict()] ob_in_cams:(1, 4, 4)
[predict()] self.cfg.use_normal:False
[predict()] trans_normalizer:[0.019999999552965164, 0.019999999552965164, 0.05000000074505806], rot_normalizer:0.3490658503988659
[predict()] making cropped data
[make_crop_data_batch()] Welcome make_crop_data_batch
[make_crop_data_batch()] make tf_to_crops done
[make_crop_data_batch()] render done
[make_crop_data_batch()] warp done
[make_crop_data_batch()] pose batch data done
[predict()] forward start
[predict()] forward done
[track_one()] pose done
[track_one()] Welcome
[track_one()] depth processing done
[predict()] ob_in_cams:(1, 4, 4)
[predict()] self.cfg.use_normal:False
[predict()] trans_normalizer:[0.019999999552965164, 0.019999999552965164, 0.05000000074505806], rot_normalizer:0.3490658503988659
[predict()] making cropped data
[make_crop_data_batch()] Welcome make_crop_data_batch
[make_crop_data_batch()] make tf_to_crops done
[make_crop_data_batch()] render done
[make_crop_data_batch()] warp done
[make_crop_data_batch()] pose batch data done
[predict()] forward start
[predict()] forward done
[track_one()] pose done
[track_one()] Welcome
[track_one()] depth processing done
[predict()] ob_in_cams:(1, 4, 4)
[predict()] self.cfg.use_normal:False
[predict()] trans_normalizer:[0.019999999552965164, 0.019999999552965164, 0.05000000074505806], rot_normalizer:0.3490658503988659
[predict()] making cropped data
[make_crop_data_batch()] Welcome make_crop_data_batch
[make_crop_data_batch()] make tf_to_crops done
[make_crop_data_batch()] render done
[make_crop_data_batch()] warp done
[make_crop_data_batch()] pose batch data done
[predict()] forward start
[predict()] forward done
[track_one()] pose done
[track_one()] Welcome
[track_one()] depth processing done
[predict()] ob_in_cams:(1, 4, 4)
[predict()] self.cfg.use_normal:False
[predict()] trans_normalizer:[0.019999999552965164, 0.019999999552965164, 0.05000000074505806], rot_normalizer:0.3490658503988659
[predict()] making cropped data
[make_crop_data_batch()] Welcome make_crop_data_batch
[make_crop_data_batch()] make tf_to_crops done
[make_crop_data_batch()] render done
[make_crop_data_batch()] warp done
[make_crop_data_batch()] pose batch data done
[predict()] forward start
[predict()] forward done
[track_one()] pose done
[track_one()] Welcome
[track_one()] depth processing done
[predict()] ob_in_cams:(1, 4, 4)
[predict()] self.cfg.use_normal:False
[predict()] trans_normalizer:[0.019999999552965164, 0.019999999552965164, 0.05000000074505806], rot_normalizer:0.3490658503988659
[predict()] making cropped data
[make_crop_data_batch()] Welcome make_crop_data_batch
[make_crop_data_batch()] make tf_to_crops done
[make_crop_data_batch()] render done
[make_crop_data_batch()] warp done
[make_crop_data_batch()] pose batch data done
[predict()] forward start
[predict()] forward done
[track_one()] pose done
[track_one()] Welcome
[track_one()] depth processing done
[predict()] ob_in_cams:(1, 4, 4)
[predict()] self.cfg.use_normal:False
[predict()] trans_normalizer:[0.019999999552965164, 0.019999999552965164, 0.05000000074505806], rot_normalizer:0.3490658503988659
[predict()] making cropped data
[make_crop_data_batch()] Welcome make_crop_data_batch
[make_crop_data_batch()] make tf_to_crops done
[make_crop_data_batch()] render done
[make_crop_data_batch()] warp done
[make_crop_data_batch()] pose batch data done
[predict()] forward start
[predict()] forward done
[track_one()] pose done
[track_one()] Welcome
[track_one()] depth processing done
[predict()] ob_in_cams:(1, 4, 4)
[predict()] self.cfg.use_normal:False
[predict()] trans_normalizer:[0.019999999552965164, 0.019999999552965164, 0.05000000074505806], rot_normalizer:0.3490658503988659
[predict()] making cropped data
[make_crop_data_batch()] Welcome make_crop_data_batch
[make_crop_data_batch()] make tf_to_crops done
[make_crop_data_batch()] render done
[make_crop_data_batch()] warp done
[make_crop_data_batch()] pose batch data done
[predict()] forward start
[predict()] forward done
[track_one()] pose done
[track_one()] Welcome
[track_one()] depth processing done
[predict()] ob_in_cams:(1, 4, 4)
[predict()] self.cfg.use_normal:False
[predict()] trans_normalizer:[0.019999999552965164, 0.019999999552965164, 0.05000000074505806], rot_normalizer:0.3490658503988659
[predict()] making cropped data
[make_crop_data_batch()] Welcome make_crop_data_batch
[make_crop_data_batch()] make tf_to_crops done
[make_crop_data_batch()] render done
[make_crop_data_batch()] warp done
[make_crop_data_batch()] pose batch data done
[predict()] forward start
[predict()] forward done
[track_one()] pose done
[track_one()] Welcome
[track_one()] depth processing done
[predict()] ob_in_cams:(1, 4, 4)
[predict()] self.cfg.use_normal:False
[predict()] trans_normalizer:[0.019999999552965164, 0.019999999552965164, 0.05000000074505806], rot_normalizer:0.3490658503988659
[predict()] making cropped data
[make_crop_data_batch()] Welcome make_crop_data_batch
[make_crop_data_batch()] make tf_to_crops done
[make_crop_data_batch()] render done
[make_crop_data_batch()] warp done
[make_crop_data_batch()] pose batch data done
[predict()] forward start
[predict()] forward done
[track_one()] pose done
[track_one()] Welcome
[track_one()] depth processing done
[predict()] ob_in_cams:(1, 4, 4)
[predict()] self.cfg.use_normal:False
[predict()] trans_normalizer:[0.019999999552965164, 0.019999999552965164, 0.05000000074505806], rot_normalizer:0.3490658503988659
[predict()] making cropped data
[make_crop_data_batch()] Welcome make_crop_data_batch
[make_crop_data_batch()] make tf_to_crops done
[make_crop_data_batch()] render done
[make_crop_data_batch()] warp done
[make_crop_data_batch()] pose batch data done
[predict()] forward start
[predict()] forward done
[track_one()] pose done
[track_one()] Welcome
[track_one()] depth processing done
[predict()] ob_in_cams:(1, 4, 4)
[predict()] self.cfg.use_normal:False
[predict()] trans_normalizer:[0.019999999552965164, 0.019999999552965164, 0.05000000074505806], rot_normalizer:0.3490658503988659
[predict()] making cropped data
[make_crop_data_batch()] Welcome make_crop_data_batch
[make_crop_data_batch()] make tf_to_crops done
[make_crop_data_batch()] render done
[make_crop_data_batch()] warp done
[make_crop_data_batch()] pose batch data done
[predict()] forward start
[predict()] forward done
[track_one()] pose done
[track_one()] Welcome
[track_one()] depth processing done
[predict()] ob_in_cams:(1, 4, 4)
[predict()] self.cfg.use_normal:False
[predict()] trans_normalizer:[0.019999999552965164, 0.019999999552965164, 0.05000000074505806], rot_normalizer:0.3490658503988659
[predict()] making cropped data
[make_crop_data_batch()] Welcome make_crop_data_batch
[make_crop_data_batch()] make tf_to_crops done
[make_crop_data_batch()] render done
[make_crop_data_batch()] warp done
[make_crop_data_batch()] pose batch data done
[predict()] forward start
[predict()] forward done
[track_one()] pose done
[track_one()] Welcome
[track_one()] depth processing done
[predict()] ob_in_cams:(1, 4, 4)
[predict()] self.cfg.use_normal:False
[predict()] trans_normalizer:[0.019999999552965164, 0.019999999552965164, 0.05000000074505806], rot_normalizer:0.3490658503988659
[predict()] making cropped data
[make_crop_data_batch()] Welcome make_crop_data_batch
[make_crop_data_batch()] make tf_to_crops done
[make_crop_data_batch()] render done
[make_crop_data_batch()] warp done
[make_crop_data_batch()] pose batch data done
[predict()] forward start
[predict()] forward done
[track_one()] pose done
[track_one()] Welcome
[track_one()] depth processing done
[predict()] ob_in_cams:(1, 4, 4)
[predict()] self.cfg.use_normal:False
[predict()] trans_normalizer:[0.019999999552965164, 0.019999999552965164, 0.05000000074505806], rot_normalizer:0.3490658503988659
[predict()] making cropped data
[make_crop_data_batch()] Welcome make_crop_data_batch
[make_crop_data_batch()] make tf_to_crops done
[make_crop_data_batch()] render done
[make_crop_data_batch()] warp done
[make_crop_data_batch()] pose batch data done
[predict()] forward start
[predict()] forward done
[track_one()] pose done
[track_one()] Welcome
[track_one()] depth processing done
[predict()] ob_in_cams:(1, 4, 4)
[predict()] self.cfg.use_normal:False
[predict()] trans_normalizer:[0.019999999552965164, 0.019999999552965164, 0.05000000074505806], rot_normalizer:0.3490658503988659
[predict()] making cropped data
[make_crop_data_batch()] Welcome make_crop_data_batch
[make_crop_data_batch()] make tf_to_crops done
[make_crop_data_batch()] render done
[make_crop_data_batch()] warp done
[make_crop_data_batch()] pose batch data done
[predict()] forward start
[predict()] forward done
[track_one()] pose done
[track_one()] Welcome
[track_one()] depth processing done
[predict()] ob_in_cams:(1, 4, 4)
[predict()] self.cfg.use_normal:False
[predict()] trans_normalizer:[0.019999999552965164, 0.019999999552965164, 0.05000000074505806], rot_normalizer:0.3490658503988659
[predict()] making cropped data
[make_crop_data_batch()] Welcome make_crop_data_batch
[make_crop_data_batch()] make tf_to_crops done
[make_crop_data_batch()] render done
[make_crop_data_batch()] warp done
[make_crop_data_batch()] pose batch data done
[predict()] forward start
[predict()] forward done
[track_one()] pose done
[track_one()] Welcome
[track_one()] depth processing done
[predict()] ob_in_cams:(1, 4, 4)
[predict()] self.cfg.use_normal:False
[predict()] trans_normalizer:[0.019999999552965164, 0.019999999552965164, 0.05000000074505806], rot_normalizer:0.3490658503988659
[predict()] making cropped data
[make_crop_data_batch()] Welcome make_crop_data_batch
[make_crop_data_batch()] make tf_to_crops done
[make_crop_data_batch()] render done
[make_crop_data_batch()] warp done
[make_crop_data_batch()] pose batch data done
[predict()] forward start
[predict()] forward done
[track_one()] pose done
[track_one()] Welcome
[track_one()] depth processing done
[predict()] ob_in_cams:(1, 4, 4)
[predict()] self.cfg.use_normal:False
[predict()] trans_normalizer:[0.019999999552965164, 0.019999999552965164, 0.05000000074505806], rot_normalizer:0.3490658503988659
[predict()] making cropped data
[make_crop_data_batch()] Welcome make_crop_data_batch
[make_crop_data_batch()] make tf_to_crops done
[make_crop_data_batch()] render done
[make_crop_data_batch()] warp done
[make_crop_data_batch()] pose batch data done
[predict()] forward start
[predict()] forward done
[track_one()] pose done
[track_one()] Welcome
[track_one()] depth processing done
[predict()] ob_in_cams:(1, 4, 4)
[predict()] self.cfg.use_normal:False
[predict()] trans_normalizer:[0.019999999552965164, 0.019999999552965164, 0.05000000074505806], rot_normalizer:0.3490658503988659
[predict()] making cropped data
[make_crop_data_batch()] Welcome make_crop_data_batch
[make_crop_data_batch()] make tf_to_crops done
[make_crop_data_batch()] render done
[make_crop_data_batch()] warp done
[make_crop_data_batch()] pose batch data done
[predict()] forward start
[predict()] forward done
[track_one()] pose done
[track_one()] Welcome
[track_one()] depth processing done
[predict()] ob_in_cams:(1, 4, 4)
[predict()] self.cfg.use_normal:False
[predict()] trans_normalizer:[0.019999999552965164, 0.019999999552965164, 0.05000000074505806], rot_normalizer:0.3490658503988659
[predict()] making cropped data
[make_crop_data_batch()] Welcome make_crop_data_batch
[make_crop_data_batch()] make tf_to_crops done
[make_crop_data_batch()] render done
[make_crop_data_batch()] warp done
[make_crop_data_batch()] pose batch data done
[predict()] forward start
[predict()] forward done
[track_one()] pose done
[track_one()] Welcome
[track_one()] depth processing done
[predict()] ob_in_cams:(1, 4, 4)
[predict()] self.cfg.use_normal:False
[predict()] trans_normalizer:[0.019999999552965164, 0.019999999552965164, 0.05000000074505806], rot_normalizer:0.3490658503988659
[predict()] making cropped data
[make_crop_data_batch()] Welcome make_crop_data_batch
[make_crop_data_batch()] make tf_to_crops done
[make_crop_data_batch()] render done
[make_crop_data_batch()] warp done
[make_crop_data_batch()] pose batch data done
[predict()] forward start
[predict()] forward done
[track_one()] pose done
[track_one()] Welcome
[track_one()] depth processing done
[predict()] ob_in_cams:(1, 4, 4)
[predict()] self.cfg.use_normal:False
[predict()] trans_normalizer:[0.019999999552965164, 0.019999999552965164, 0.05000000074505806], rot_normalizer:0.3490658503988659
[predict()] making cropped data
[make_crop_data_batch()] Welcome make_crop_data_batch
[make_crop_data_batch()] make tf_to_crops done
[make_crop_data_batch()] render done
[make_crop_data_batch()] warp done
[make_crop_data_batch()] pose batch data done
[predict()] forward start
[predict()] forward done
[track_one()] pose done
[track_one()] Welcome
[track_one()] depth processing done
[predict()] ob_in_cams:(1, 4, 4)
[predict()] self.cfg.use_normal:False
[predict()] trans_normalizer:[0.019999999552965164, 0.019999999552965164, 0.05000000074505806], rot_normalizer:0.3490658503988659
[predict()] making cropped data
[make_crop_data_batch()] Welcome make_crop_data_batch
[make_crop_data_batch()] make tf_to_crops done
[make_crop_data_batch()] render done
[make_crop_data_batch()] warp done
[make_crop_data_batch()] pose batch data done
[predict()] forward start
[predict()] forward done
[track_one()] pose done
[track_one()] Welcome
[track_one()] depth processing done
[predict()] ob_in_cams:(1, 4, 4)
[predict()] self.cfg.use_normal:False
[predict()] trans_normalizer:[0.019999999552965164, 0.019999999552965164, 0.05000000074505806], rot_normalizer:0.3490658503988659
[predict()] making cropped data
[make_crop_data_batch()] Welcome make_crop_data_batch
[make_crop_data_batch()] make tf_to_crops done
[make_crop_data_batch()] render done
[make_crop_data_batch()] warp done
[make_crop_data_batch()] pose batch data done
[predict()] forward start
[predict()] forward done
[track_one()] pose done
[track_one()] Welcome
[track_one()] depth processing done
[predict()] ob_in_cams:(1, 4, 4)
[predict()] self.cfg.use_normal:False
[predict()] trans_normalizer:[0.019999999552965164, 0.019999999552965164, 0.05000000074505806], rot_normalizer:0.3490658503988659
[predict()] making cropped data
[make_crop_data_batch()] Welcome make_crop_data_batch
[make_crop_data_batch()] make tf_to_crops done
[make_crop_data_batch()] render done
[make_crop_data_batch()] warp done
[make_crop_data_batch()] pose batch data done
[predict()] forward start
[predict()] forward done
[track_one()] pose done
[track_one()] Welcome
[track_one()] depth processing done
[predict()] ob_in_cams:(1, 4, 4)
[predict()] self.cfg.use_normal:False
[predict()] trans_normalizer:[0.019999999552965164, 0.019999999552965164, 0.05000000074505806], rot_normalizer:0.3490658503988659
[predict()] making cropped data
[make_crop_data_batch()] Welcome make_crop_data_batch
[make_crop_data_batch()] make tf_to_crops done
[make_crop_data_batch()] render done
[make_crop_data_batch()] warp done
[make_crop_data_batch()] pose batch data done
[predict()] forward start
[predict()] forward done
[track_one()] pose done
[track_one()] Welcome
[track_one()] depth processing done
[predict()] ob_in_cams:(1, 4, 4)
[predict()] self.cfg.use_normal:False
[predict()] trans_normalizer:[0.019999999552965164, 0.019999999552965164, 0.05000000074505806], rot_normalizer:0.3490658503988659
[predict()] making cropped data
[make_crop_data_batch()] Welcome make_crop_data_batch
[make_crop_data_batch()] make tf_to_crops done
[make_crop_data_batch()] render done
[make_crop_data_batch()] warp done
[make_crop_data_batch()] pose batch data done
[predict()] forward start
[predict()] forward done
[track_one()] pose done
[track_one()] Welcome
[track_one()] depth processing done
[predict()] ob_in_cams:(1, 4, 4)
[predict()] self.cfg.use_normal:False
[predict()] trans_normalizer:[0.019999999552965164, 0.019999999552965164, 0.05000000074505806], rot_normalizer:0.3490658503988659
[predict()] making cropped data
[make_crop_data_batch()] Welcome make_crop_data_batch
[make_crop_data_batch()] make tf_to_crops done
[make_crop_data_batch()] render done
[make_crop_data_batch()] warp done
[make_crop_data_batch()] pose batch data done
[predict()] forward start
[predict()] forward done
[track_one()] pose done
[track_one()] Welcome
[track_one()] depth processing done
[predict()] ob_in_cams:(1, 4, 4)
[predict()] self.cfg.use_normal:False
[predict()] trans_normalizer:[0.019999999552965164, 0.019999999552965164, 0.05000000074505806], rot_normalizer:0.3490658503988659
[predict()] making cropped data
[make_crop_data_batch()] Welcome make_crop_data_batch
[make_crop_data_batch()] make tf_to_crops done
[make_crop_data_batch()] render done
[make_crop_data_batch()] warp done
[make_crop_data_batch()] pose batch data done
[predict()] forward start
[predict()] forward done
[track_one()] pose done
[track_one()] Welcome
[track_one()] depth processing done
[predict()] ob_in_cams:(1, 4, 4)
[predict()] self.cfg.use_normal:False
[predict()] trans_normalizer:[0.019999999552965164, 0.019999999552965164, 0.05000000074505806], rot_normalizer:0.3490658503988659
[predict()] making cropped data
[make_crop_data_batch()] Welcome make_crop_data_batch
[make_crop_data_batch()] make tf_to_crops done
[make_crop_data_batch()] render done
[make_crop_data_batch()] warp done
[make_crop_data_batch()] pose batch data done
[predict()] forward start
[predict()] forward done
[track_one()] pose done
[track_one()] Welcome
[track_one()] depth processing done
[predict()] ob_in_cams:(1, 4, 4)
[predict()] self.cfg.use_normal:False
[predict()] trans_normalizer:[0.019999999552965164, 0.019999999552965164, 0.05000000074505806], rot_normalizer:0.3490658503988659
[predict()] making cropped data
[make_crop_data_batch()] Welcome make_crop_data_batch
[make_crop_data_batch()] make tf_to_crops done
[make_crop_data_batch()] render done
[make_crop_data_batch()] warp done
[make_crop_data_batch()] pose batch data done
[predict()] forward start
[predict()] forward done
[track_one()] pose done
[track_one()] Welcome
[track_one()] depth processing done
[predict()] ob_in_cams:(1, 4, 4)
[predict()] self.cfg.use_normal:False
[predict()] trans_normalizer:[0.019999999552965164, 0.019999999552965164, 0.05000000074505806], rot_normalizer:0.3490658503988659
[predict()] making cropped data
[make_crop_data_batch()] Welcome make_crop_data_batch
[make_crop_data_batch()] make tf_to_crops done
[make_crop_data_batch()] render done
[make_crop_data_batch()] warp done
[make_crop_data_batch()] pose batch data done
[predict()] forward start
[predict()] forward done
[track_one()] pose done
[track_one()] Welcome
[track_one()] depth processing done
[predict()] ob_in_cams:(1, 4, 4)
[predict()] self.cfg.use_normal:False
[predict()] trans_normalizer:[0.019999999552965164, 0.019999999552965164, 0.05000000074505806], rot_normalizer:0.3490658503988659
[predict()] making cropped data
[make_crop_data_batch()] Welcome make_crop_data_batch
[make_crop_data_batch()] make tf_to_crops done
[make_crop_data_batch()] render done
[make_crop_data_batch()] warp done
[make_crop_data_batch()] pose batch data done
[predict()] forward start
[predict()] forward done
[track_one()] pose done
[track_one()] Welcome
[track_one()] depth processing done
[predict()] ob_in_cams:(1, 4, 4)
[predict()] self.cfg.use_normal:False
[predict()] trans_normalizer:[0.019999999552965164, 0.019999999552965164, 0.05000000074505806], rot_normalizer:0.3490658503988659
[predict()] making cropped data
[make_crop_data_batch()] Welcome make_crop_data_batch
[make_crop_data_batch()] make tf_to_crops done
[make_crop_data_batch()] render done
[make_crop_data_batch()] warp done
[make_crop_data_batch()] pose batch data done
[predict()] forward start
[predict()] forward done
[track_one()] pose done
[track_one()] Welcome
[track_one()] depth processing done
[predict()] ob_in_cams:(1, 4, 4)
[predict()] self.cfg.use_normal:False
[predict()] trans_normalizer:[0.019999999552965164, 0.019999999552965164, 0.05000000074505806], rot_normalizer:0.3490658503988659
[predict()] making cropped data
[make_crop_data_batch()] Welcome make_crop_data_batch
[make_crop_data_batch()] make tf_to_crops done
[make_crop_data_batch()] render done
[make_crop_data_batch()] warp done
[make_crop_data_batch()] pose batch data done
[predict()] forward start
[predict()] forward done
[track_one()] pose done
[track_one()] Welcome
[track_one()] depth processing done
[predict()] ob_in_cams:(1, 4, 4)
[predict()] self.cfg.use_normal:False
[predict()] trans_normalizer:[0.019999999552965164, 0.019999999552965164, 0.05000000074505806], rot_normalizer:0.3490658503988659
[predict()] making cropped data
[make_crop_data_batch()] Welcome make_crop_data_batch
[make_crop_data_batch()] make tf_to_crops done
[make_crop_data_batch()] render done
[make_crop_data_batch()] warp done
[make_crop_data_batch()] pose batch data done
[predict()] forward start
[predict()] forward done
[track_one()] pose done
[track_one()] Welcome
[track_one()] depth processing done
[predict()] ob_in_cams:(1, 4, 4)
[predict()] self.cfg.use_normal:False
[predict()] trans_normalizer:[0.019999999552965164, 0.019999999552965164, 0.05000000074505806], rot_normalizer:0.3490658503988659
[predict()] making cropped data
[make_crop_data_batch()] Welcome make_crop_data_batch
[make_crop_data_batch()] make tf_to_crops done
[make_crop_data_batch()] render done
[make_crop_data_batch()] warp done
[make_crop_data_batch()] pose batch data done
[predict()] forward start
[predict()] forward done
[track_one()] pose done
[track_one()] Welcome
[track_one()] depth processing done
[predict()] ob_in_cams:(1, 4, 4)
[predict()] self.cfg.use_normal:False
[predict()] trans_normalizer:[0.019999999552965164, 0.019999999552965164, 0.05000000074505806], rot_normalizer:0.3490658503988659
[predict()] making cropped data
[make_crop_data_batch()] Welcome make_crop_data_batch
[make_crop_data_batch()] make tf_to_crops done
[make_crop_data_batch()] render done
[make_crop_data_batch()] warp done
[make_crop_data_batch()] pose batch data done
[predict()] forward start
[predict()] forward done
[track_one()] pose done
[track_one()] Welcome
[track_one()] depth processing done
[predict()] ob_in_cams:(1, 4, 4)
[predict()] self.cfg.use_normal:False
[predict()] trans_normalizer:[0.019999999552965164, 0.019999999552965164, 0.05000000074505806], rot_normalizer:0.3490658503988659
[predict()] making cropped data
[make_crop_data_batch()] Welcome make_crop_data_batch
[make_crop_data_batch()] make tf_to_crops done
[make_crop_data_batch()] render done
[make_crop_data_batch()] warp done
[make_crop_data_batch()] pose batch data done
[predict()] forward start
[predict()] forward done
[track_one()] pose done
[track_one()] Welcome
[track_one()] depth processing done
[predict()] ob_in_cams:(1, 4, 4)
[predict()] self.cfg.use_normal:False
[predict()] trans_normalizer:[0.019999999552965164, 0.019999999552965164, 0.05000000074505806], rot_normalizer:0.3490658503988659
[predict()] making cropped data
[make_crop_data_batch()] Welcome make_crop_data_batch
[make_crop_data_batch()] make tf_to_crops done
[make_crop_data_batch()] render done
[make_crop_data_batch()] warp done
[make_crop_data_batch()] pose batch data done
[predict()] forward start
[predict()] forward done
[track_one()] pose done
[track_one()] Welcome
[track_one()] depth processing done
[predict()] ob_in_cams:(1, 4, 4)
[predict()] self.cfg.use_normal:False
[predict()] trans_normalizer:[0.019999999552965164, 0.019999999552965164, 0.05000000074505806], rot_normalizer:0.3490658503988659
[predict()] making cropped data
[make_crop_data_batch()] Welcome make_crop_data_batch
[make_crop_data_batch()] make tf_to_crops done
[make_crop_data_batch()] render done
[make_crop_data_batch()] warp done
[make_crop_data_batch()] pose batch data done
[predict()] forward start
[predict()] forward done
[track_one()] pose done
[track_one()] Welcome
[track_one()] depth processing done
[predict()] ob_in_cams:(1, 4, 4)
[predict()] self.cfg.use_normal:False
[predict()] trans_normalizer:[0.019999999552965164, 0.019999999552965164, 0.05000000074505806], rot_normalizer:0.3490658503988659
[predict()] making cropped data
[make_crop_data_batch()] Welcome make_crop_data_batch
[make_crop_data_batch()] make tf_to_crops done
[make_crop_data_batch()] render done
[make_crop_data_batch()] warp done
[make_crop_data_batch()] pose batch data done
[predict()] forward start
[predict()] forward done
[track_one()] pose done
[track_one()] Welcome
[track_one()] depth processing done
[predict()] ob_in_cams:(1, 4, 4)
[predict()] self.cfg.use_normal:False
[predict()] trans_normalizer:[0.019999999552965164, 0.019999999552965164, 0.05000000074505806], rot_normalizer:0.3490658503988659
[predict()] making cropped data
[make_crop_data_batch()] Welcome make_crop_data_batch
[make_crop_data_batch()] make tf_to_crops done
[make_crop_data_batch()] render done
[make_crop_data_batch()] warp done
[make_crop_data_batch()] pose batch data done
[predict()] forward start
[predict()] forward done
[track_one()] pose done
[track_one()] Welcome
[track_one()] depth processing done
[predict()] ob_in_cams:(1, 4, 4)
[predict()] self.cfg.use_normal:False
[predict()] trans_normalizer:[0.019999999552965164, 0.019999999552965164, 0.05000000074505806], rot_normalizer:0.3490658503988659
[predict()] making cropped data
[make_crop_data_batch()] Welcome make_crop_data_batch
[make_crop_data_batch()] make tf_to_crops done
[make_crop_data_batch()] render done
[make_crop_data_batch()] warp done
[make_crop_data_batch()] pose batch data done
[predict()] forward start
[predict()] forward done
[track_one()] pose done
[track_one()] Welcome
[track_one()] depth processing done
[predict()] ob_in_cams:(1, 4, 4)
[predict()] self.cfg.use_normal:False
[predict()] trans_normalizer:[0.019999999552965164, 0.019999999552965164, 0.05000000074505806], rot_normalizer:0.3490658503988659
[predict()] making cropped data
[make_crop_data_batch()] Welcome make_crop_data_batch
[make_crop_data_batch()] make tf_to_crops done
[make_crop_data_batch()] render done
[make_crop_data_batch()] warp done
[make_crop_data_batch()] pose batch data done
[predict()] forward start
[predict()] forward done
[track_one()] pose done
[track_one()] Welcome
[track_one()] depth processing done
[predict()] ob_in_cams:(1, 4, 4)
[predict()] self.cfg.use_normal:False
[predict()] trans_normalizer:[0.019999999552965164, 0.019999999552965164, 0.05000000074505806], rot_normalizer:0.3490658503988659
[predict()] making cropped data
[make_crop_data_batch()] Welcome make_crop_data_batch
[make_crop_data_batch()] make tf_to_crops done
[make_crop_data_batch()] render done
[make_crop_data_batch()] warp done
[make_crop_data_batch()] pose batch data done
[predict()] forward start
[predict()] forward done
[track_one()] pose done
[track_one()] Welcome
[track_one()] depth processing done
[predict()] ob_in_cams:(1, 4, 4)
[predict()] self.cfg.use_normal:False
[predict()] trans_normalizer:[0.019999999552965164, 0.019999999552965164, 0.05000000074505806], rot_normalizer:0.3490658503988659
[predict()] making cropped data
[make_crop_data_batch()] Welcome make_crop_data_batch
[make_crop_data_batch()] make tf_to_crops done
[make_crop_data_batch()] render done
[make_crop_data_batch()] warp done
[make_crop_data_batch()] pose batch data done
[predict()] forward start
[predict()] forward done
[track_one()] pose done
[track_one()] Welcome
[track_one()] depth processing done
[predict()] ob_in_cams:(1, 4, 4)
[predict()] self.cfg.use_normal:False
[predict()] trans_normalizer:[0.019999999552965164, 0.019999999552965164, 0.05000000074505806], rot_normalizer:0.3490658503988659
[predict()] making cropped data
[make_crop_data_batch()] Welcome make_crop_data_batch
[make_crop_data_batch()] make tf_to_crops done
[make_crop_data_batch()] render done
[make_crop_data_batch()] warp done
[make_crop_data_batch()] pose batch data done
[predict()] forward start
[predict()] forward done
[track_one()] pose done
[track_one()] Welcome
[track_one()] depth processing done
[predict()] ob_in_cams:(1, 4, 4)
[predict()] self.cfg.use_normal:False
[predict()] trans_normalizer:[0.019999999552965164, 0.019999999552965164, 0.05000000074505806], rot_normalizer:0.3490658503988659
[predict()] making cropped data
[make_crop_data_batch()] Welcome make_crop_data_batch
[make_crop_data_batch()] make tf_to_crops done
[make_crop_data_batch()] render done
[make_crop_data_batch()] warp done
[make_crop_data_batch()] pose batch data done
[predict()] forward start
[predict()] forward done
[track_one()] pose done
[track_one()] Welcome
[track_one()] depth processing done
[predict()] ob_in_cams:(1, 4, 4)
[predict()] self.cfg.use_normal:False
[predict()] trans_normalizer:[0.019999999552965164, 0.019999999552965164, 0.05000000074505806], rot_normalizer:0.3490658503988659
[predict()] making cropped data
[make_crop_data_batch()] Welcome make_crop_data_batch
[make_crop_data_batch()] make tf_to_crops done
[make_crop_data_batch()] render done
[make_crop_data_batch()] warp done
[make_crop_data_batch()] pose batch data done
[predict()] forward start
[predict()] forward done
[track_one()] pose done
[track_one()] Welcome
[track_one()] depth processing done
[predict()] ob_in_cams:(1, 4, 4)
[predict()] self.cfg.use_normal:False
[predict()] trans_normalizer:[0.019999999552965164, 0.019999999552965164, 0.05000000074505806], rot_normalizer:0.3490658503988659
[predict()] making cropped data
[make_crop_data_batch()] Welcome make_crop_data_batch
[make_crop_data_batch()] make tf_to_crops done
[make_crop_data_batch()] render done
[make_crop_data_batch()] warp done
[make_crop_data_batch()] pose batch data done
[predict()] forward start
[predict()] forward done
[track_one()] pose done
[track_one()] Welcome
[track_one()] depth processing done
[predict()] ob_in_cams:(1, 4, 4)
[predict()] self.cfg.use_normal:False
[predict()] trans_normalizer:[0.019999999552965164, 0.019999999552965164, 0.05000000074505806], rot_normalizer:0.3490658503988659
[predict()] making cropped data
[make_crop_data_batch()] Welcome make_crop_data_batch
[make_crop_data_batch()] make tf_to_crops done
[make_crop_data_batch()] render done
[make_crop_data_batch()] warp done
[make_crop_data_batch()] pose batch data done
[predict()] forward start
[predict()] forward done
[track_one()] pose done
[track_one()] Welcome
[track_one()] depth processing done
[predict()] ob_in_cams:(1, 4, 4)
[predict()] self.cfg.use_normal:False
[predict()] trans_normalizer:[0.019999999552965164, 0.019999999552965164, 0.05000000074505806], rot_normalizer:0.3490658503988659
[predict()] making cropped data
[make_crop_data_batch()] Welcome make_crop_data_batch
[make_crop_data_batch()] make tf_to_crops done
[make_crop_data_batch()] render done
[make_crop_data_batch()] warp done
[make_crop_data_batch()] pose batch data done
[predict()] forward start
[predict()] forward done
[track_one()] pose done
[track_one()] Welcome
[track_one()] depth processing done
[predict()] ob_in_cams:(1, 4, 4)
[predict()] self.cfg.use_normal:False
[predict()] trans_normalizer:[0.019999999552965164, 0.019999999552965164, 0.05000000074505806], rot_normalizer:0.3490658503988659
[predict()] making cropped data
[make_crop_data_batch()] Welcome make_crop_data_batch
[make_crop_data_batch()] make tf_to_crops done
[make_crop_data_batch()] render done
[make_crop_data_batch()] warp done
[make_crop_data_batch()] pose batch data done
[predict()] forward start
[predict()] forward done
[track_one()] pose done
[track_one()] Welcome
[track_one()] depth processing done
[predict()] ob_in_cams:(1, 4, 4)
[predict()] self.cfg.use_normal:False
[predict()] trans_normalizer:[0.019999999552965164, 0.019999999552965164, 0.05000000074505806], rot_normalizer:0.3490658503988659
[predict()] making cropped data
[make_crop_data_batch()] Welcome make_crop_data_batch
[make_crop_data_batch()] make tf_to_crops done
[make_crop_data_batch()] render done
[make_crop_data_batch()] warp done
[make_crop_data_batch()] pose batch data done
[predict()] forward start
[predict()] forward done
[track_one()] pose done
[track_one()] Welcome
[track_one()] depth processing done
[predict()] ob_in_cams:(1, 4, 4)
[predict()] self.cfg.use_normal:False
[predict()] trans_normalizer:[0.019999999552965164, 0.019999999552965164, 0.05000000074505806], rot_normalizer:0.3490658503988659
[predict()] making cropped data
[make_crop_data_batch()] Welcome make_crop_data_batch
[make_crop_data_batch()] make tf_to_crops done
[make_crop_data_batch()] render done
[make_crop_data_batch()] warp done
[make_crop_data_batch()] pose batch data done
[predict()] forward start
[predict()] forward done
[track_one()] pose done
[track_one()] Welcome
[track_one()] depth processing done
[predict()] ob_in_cams:(1, 4, 4)
[predict()] self.cfg.use_normal:False
[predict()] trans_normalizer:[0.019999999552965164, 0.019999999552965164, 0.05000000074505806], rot_normalizer:0.3490658503988659
[predict()] making cropped data
[make_crop_data_batch()] Welcome make_crop_data_batch
[make_crop_data_batch()] make tf_to_crops done
[make_crop_data_batch()] render done
[make_crop_data_batch()] warp done
[make_crop_data_batch()] pose batch data done
[predict()] forward start
[predict()] forward done
[track_one()] pose done
[track_one()] Welcome
[track_one()] depth processing done
[predict()] ob_in_cams:(1, 4, 4)
[predict()] self.cfg.use_normal:False
[predict()] trans_normalizer:[0.019999999552965164, 0.019999999552965164, 0.05000000074505806], rot_normalizer:0.3490658503988659
[predict()] making cropped data
[make_crop_data_batch()] Welcome make_crop_data_batch
[make_crop_data_batch()] make tf_to_crops done
[make_crop_data_batch()] render done
[make_crop_data_batch()] warp done
[make_crop_data_batch()] pose batch data done
[predict()] forward start
[predict()] forward done
[track_one()] pose done
[track_one()] Welcome
[track_one()] depth processing done
[predict()] ob_in_cams:(1, 4, 4)
[predict()] self.cfg.use_normal:False
[predict()] trans_normalizer:[0.019999999552965164, 0.019999999552965164, 0.05000000074505806], rot_normalizer:0.3490658503988659
[predict()] making cropped data
[make_crop_data_batch()] Welcome make_crop_data_batch
[make_crop_data_batch()] make tf_to_crops done
[make_crop_data_batch()] render done
[make_crop_data_batch()] warp done
[make_crop_data_batch()] pose batch data done
[predict()] forward start
[predict()] forward done
[track_one()] pose done
[track_one()] Welcome
[track_one()] depth processing done
[predict()] ob_in_cams:(1, 4, 4)
[predict()] self.cfg.use_normal:False
[predict()] trans_normalizer:[0.019999999552965164, 0.019999999552965164, 0.05000000074505806], rot_normalizer:0.3490658503988659
[predict()] making cropped data
[make_crop_data_batch()] Welcome make_crop_data_batch
[make_crop_data_batch()] make tf_to_crops done
[make_crop_data_batch()] render done
[make_crop_data_batch()] warp done
[make_crop_data_batch()] pose batch data done
[predict()] forward start
[predict()] forward done
[track_one()] pose done
[track_one()] Welcome
[track_one()] depth processing done
[predict()] ob_in_cams:(1, 4, 4)
[predict()] self.cfg.use_normal:False
[predict()] trans_normalizer:[0.019999999552965164, 0.019999999552965164, 0.05000000074505806], rot_normalizer:0.3490658503988659
[predict()] making cropped data
[make_crop_data_batch()] Welcome make_crop_data_batch
[make_crop_data_batch()] make tf_to_crops done
[make_crop_data_batch()] render done
[make_crop_data_batch()] warp done
[make_crop_data_batch()] pose batch data done
[predict()] forward start
[predict()] forward done
[track_one()] pose done
[track_one()] Welcome
[track_one()] depth processing done
[predict()] ob_in_cams:(1, 4, 4)
[predict()] self.cfg.use_normal:False
[predict()] trans_normalizer:[0.019999999552965164, 0.019999999552965164, 0.05000000074505806], rot_normalizer:0.3490658503988659
[predict()] making cropped data
[make_crop_data_batch()] Welcome make_crop_data_batch
[make_crop_data_batch()] make tf_to_crops done
[make_crop_data_batch()] render done
[make_crop_data_batch()] warp done
[make_crop_data_batch()] pose batch data done
[predict()] forward start
[predict()] forward done
[track_one()] pose done
[track_one()] Welcome
[track_one()] depth processing done
[predict()] ob_in_cams:(1, 4, 4)
[predict()] self.cfg.use_normal:False
[predict()] trans_normalizer:[0.019999999552965164, 0.019999999552965164, 0.05000000074505806], rot_normalizer:0.3490658503988659
[predict()] making cropped data
[make_crop_data_batch()] Welcome make_crop_data_batch
[make_crop_data_batch()] make tf_to_crops done
[make_crop_data_batch()] render done
[make_crop_data_batch()] warp done
[make_crop_data_batch()] pose batch data done
[predict()] forward start
[predict()] forward done
[track_one()] pose done
[track_one()] Welcome
[track_one()] depth processing done
[predict()] ob_in_cams:(1, 4, 4)
[predict()] self.cfg.use_normal:False
[predict()] trans_normalizer:[0.019999999552965164, 0.019999999552965164, 0.05000000074505806], rot_normalizer:0.3490658503988659
[predict()] making cropped data
[make_crop_data_batch()] Welcome make_crop_data_batch
[make_crop_data_batch()] make tf_to_crops done
[make_crop_data_batch()] render done
[make_crop_data_batch()] warp done
[make_crop_data_batch()] pose batch data done
[predict()] forward start
[predict()] forward done
[track_one()] pose done
[track_one()] Welcome
[track_one()] depth processing done
[predict()] ob_in_cams:(1, 4, 4)
[predict()] self.cfg.use_normal:False
[predict()] trans_normalizer:[0.019999999552965164, 0.019999999552965164, 0.05000000074505806], rot_normalizer:0.3490658503988659
[predict()] making cropped data
[make_crop_data_batch()] Welcome make_crop_data_batch
[make_crop_data_batch()] make tf_to_crops done
[make_crop_data_batch()] render done
[make_crop_data_batch()] warp done
[make_crop_data_batch()] pose batch data done
[predict()] forward start
[predict()] forward done
[track_one()] pose done
[track_one()] Welcome
[track_one()] depth processing done
[predict()] ob_in_cams:(1, 4, 4)
[predict()] self.cfg.use_normal:False
[predict()] trans_normalizer:[0.019999999552965164, 0.019999999552965164, 0.05000000074505806], rot_normalizer:0.3490658503988659
[predict()] making cropped data
[make_crop_data_batch()] Welcome make_crop_data_batch
[make_crop_data_batch()] make tf_to_crops done
[make_crop_data_batch()] render done
[make_crop_data_batch()] warp done
[make_crop_data_batch()] pose batch data done
[predict()] forward start
[predict()] forward done
[track_one()] pose done
[track_one()] Welcome
[track_one()] depth processing done
[predict()] ob_in_cams:(1, 4, 4)
[predict()] self.cfg.use_normal:False
[predict()] trans_normalizer:[0.019999999552965164, 0.019999999552965164, 0.05000000074505806], rot_normalizer:0.3490658503988659
[predict()] making cropped data
[make_crop_data_batch()] Welcome make_crop_data_batch
[make_crop_data_batch()] make tf_to_crops done
[make_crop_data_batch()] render done
[make_crop_data_batch()] warp done
[make_crop_data_batch()] pose batch data done
[predict()] forward start
[predict()] forward done
[track_one()] pose done
[track_one()] Welcome
[track_one()] depth processing done
[predict()] ob_in_cams:(1, 4, 4)
[predict()] self.cfg.use_normal:False
[predict()] trans_normalizer:[0.019999999552965164, 0.019999999552965164, 0.05000000074505806], rot_normalizer:0.3490658503988659
[predict()] making cropped data
[make_crop_data_batch()] Welcome make_crop_data_batch
[make_crop_data_batch()] make tf_to_crops done
[make_crop_data_batch()] render done
[make_crop_data_batch()] warp done
[make_crop_data_batch()] pose batch data done
[predict()] forward start
[predict()] forward done
[track_one()] pose done
[track_one()] Welcome
[track_one()] depth processing done
[predict()] ob_in_cams:(1, 4, 4)
[predict()] self.cfg.use_normal:False
[predict()] trans_normalizer:[0.019999999552965164, 0.019999999552965164, 0.05000000074505806], rot_normalizer:0.3490658503988659
[predict()] making cropped data
[make_crop_data_batch()] Welcome make_crop_data_batch
[make_crop_data_batch()] make tf_to_crops done
[make_crop_data_batch()] render done
[make_crop_data_batch()] warp done
[make_crop_data_batch()] pose batch data done
[predict()] forward start
[predict()] forward done
[track_one()] pose done
[track_one()] Welcome
[track_one()] depth processing done
[predict()] ob_in_cams:(1, 4, 4)
[predict()] self.cfg.use_normal:False
[predict()] trans_normalizer:[0.019999999552965164, 0.019999999552965164, 0.05000000074505806], rot_normalizer:0.3490658503988659
[predict()] making cropped data
[make_crop_data_batch()] Welcome make_crop_data_batch
[make_crop_data_batch()] make tf_to_crops done
[make_crop_data_batch()] render done
[make_crop_data_batch()] warp done
[make_crop_data_batch()] pose batch data done
[predict()] forward start
[predict()] forward done
[track_one()] pose done
[track_one()] Welcome
[track_one()] depth processing done
[predict()] ob_in_cams:(1, 4, 4)
[predict()] self.cfg.use_normal:False
[predict()] trans_normalizer:[0.019999999552965164, 0.019999999552965164, 0.05000000074505806], rot_normalizer:0.3490658503988659
[predict()] making cropped data
[make_crop_data_batch()] Welcome make_crop_data_batch
[make_crop_data_batch()] make tf_to_crops done
[make_crop_data_batch()] render done
[make_crop_data_batch()] warp done
[make_crop_data_batch()] pose batch data done
[predict()] forward start
[predict()] forward done
[track_one()] pose done
[track_one()] Welcome
[track_one()] depth processing done
[predict()] ob_in_cams:(1, 4, 4)
[predict()] self.cfg.use_normal:False
[predict()] trans_normalizer:[0.019999999552965164, 0.019999999552965164, 0.05000000074505806], rot_normalizer:0.3490658503988659
[predict()] making cropped data
[make_crop_data_batch()] Welcome make_crop_data_batch
[make_crop_data_batch()] make tf_to_crops done
[make_crop_data_batch()] render done
[make_crop_data_batch()] warp done
[make_crop_data_batch()] pose batch data done
[predict()] forward start
[predict()] forward done
[track_one()] pose done
[track_one()] Welcome
[track_one()] depth processing done
[predict()] ob_in_cams:(1, 4, 4)
[predict()] self.cfg.use_normal:False
[predict()] trans_normalizer:[0.019999999552965164, 0.019999999552965164, 0.05000000074505806], rot_normalizer:0.3490658503988659
[predict()] making cropped data
[make_crop_data_batch()] Welcome make_crop_data_batch
[make_crop_data_batch()] make tf_to_crops done
[make_crop_data_batch()] render done
[make_crop_data_batch()] warp done
[make_crop_data_batch()] pose batch data done
[predict()] forward start
[predict()] forward done
[track_one()] pose done
[track_one()] Welcome
[track_one()] depth processing done
[predict()] ob_in_cams:(1, 4, 4)
[predict()] self.cfg.use_normal:False
[predict()] trans_normalizer:[0.019999999552965164, 0.019999999552965164, 0.05000000074505806], rot_normalizer:0.3490658503988659
[predict()] making cropped data
[make_crop_data_batch()] Welcome make_crop_data_batch
[make_crop_data_batch()] make tf_to_crops done
[make_crop_data_batch()] render done
[make_crop_data_batch()] warp done
[make_crop_data_batch()] pose batch data done
[predict()] forward start
[predict()] forward done
[track_one()] pose done
[track_one()] Welcome
[track_one()] depth processing done
[predict()] ob_in_cams:(1, 4, 4)
[predict()] self.cfg.use_normal:False
[predict()] trans_normalizer:[0.019999999552965164, 0.019999999552965164, 0.05000000074505806], rot_normalizer:0.3490658503988659
[predict()] making cropped data
[make_crop_data_batch()] Welcome make_crop_data_batch
[make_crop_data_batch()] make tf_to_crops done
[make_crop_data_batch()] render done
[make_crop_data_batch()] warp done
[make_crop_data_batch()] pose batch data done
[predict()] forward start
[predict()] forward done
[track_one()] pose done
[track_one()] Welcome
[track_one()] depth processing done
[predict()] ob_in_cams:(1, 4, 4)
[predict()] self.cfg.use_normal:False
[predict()] trans_normalizer:[0.019999999552965164, 0.019999999552965164, 0.05000000074505806], rot_normalizer:0.3490658503988659
[predict()] making cropped data
[make_crop_data_batch()] Welcome make_crop_data_batch
[make_crop_data_batch()] make tf_to_crops done
[make_crop_data_batch()] render done
[make_crop_data_batch()] warp done
[make_crop_data_batch()] pose batch data done
[predict()] forward start
[predict()] forward done
[track_one()] pose done
[track_one()] Welcome
[track_one()] depth processing done
[predict()] ob_in_cams:(1, 4, 4)
[predict()] self.cfg.use_normal:False
[predict()] trans_normalizer:[0.019999999552965164, 0.019999999552965164, 0.05000000074505806], rot_normalizer:0.3490658503988659
[predict()] making cropped data
[make_crop_data_batch()] Welcome make_crop_data_batch
[make_crop_data_batch()] make tf_to_crops done
[make_crop_data_batch()] render done
[make_crop_data_batch()] warp done
[make_crop_data_batch()] pose batch data done
[predict()] forward start
[predict()] forward done
[track_one()] pose done
[track_one()] Welcome
[track_one()] depth processing done
[predict()] ob_in_cams:(1, 4, 4)
[predict()] self.cfg.use_normal:False
[predict()] trans_normalizer:[0.019999999552965164, 0.019999999552965164, 0.05000000074505806], rot_normalizer:0.3490658503988659
[predict()] making cropped data
[make_crop_data_batch()] Welcome make_crop_data_batch
[make_crop_data_batch()] make tf_to_crops done
[make_crop_data_batch()] render done
[make_crop_data_batch()] warp done
[make_crop_data_batch()] pose batch data done
[predict()] forward start
[predict()] forward done
[track_one()] pose done
[track_one()] Welcome
[track_one()] depth processing done
[predict()] ob_in_cams:(1, 4, 4)
[predict()] self.cfg.use_normal:False
[predict()] trans_normalizer:[0.019999999552965164, 0.019999999552965164, 0.05000000074505806], rot_normalizer:0.3490658503988659
[predict()] making cropped data
[make_crop_data_batch()] Welcome make_crop_data_batch
[make_crop_data_batch()] make tf_to_crops done
[make_crop_data_batch()] render done
[make_crop_data_batch()] warp done
[make_crop_data_batch()] pose batch data done
[predict()] forward start
[predict()] forward done
[track_one()] pose done
num original candidates = 252
num of pose after clustering: 252
num original candidates = 252
num of pose after clustering: 252

===== fuse screw_unscrew_bottle_cap__36 gpu=5 2026-08-28 00:31:28 =====
WARNING: You are using a MANO model, with only 10 shape coefficients.
WARNING: You are using a MANO model, with only 10 shape coefficients.
[fuse] 手部平移按 R@(t+J0)-J0 变换 (|J0|= [86.4, 105.1] mm)

===== confidence screw_unscrew_bottle_cap__36 gpu=5 2026-08-28 00:31:36 =====
[confidence] 2 个物体: ['object_0', 'object_1']
[confidence] audit(pre): /home/yanghong/miniconda3/envs/hawor/bin/python /home/yanghong/Reconstruct_and_Retarget/confidence/pose_audit.py --scene /home/yanghong/Reconstruct_and_Retarget/Output/ReconstructOutput/egodex_part4/screw_unscrew_bottle_cap/36 --out /home/yanghong/Reconstruct_and_Retarget/Data/VideoPrior/poseqa
[audit] 36[object_0]: s=0.900 可信度 中位 53.0 (位置 88.0/旋转  0.0)  → /home/yanghong/Reconstruct_and_Retarget/Data/VideoPrior/poseqa/pose_audit.json
[audit] 36[object_1]: s=1.175 可信度 中位 63.0 (位置 78.0/旋转 41.0)  → /home/yanghong/Reconstruct_and_Retarget/Data/VideoPrior/poseqa/pose_audit.json
[audit] 2 个物体, 用时 11s
[confidence] cotracker[object_0]: /home/yanghong/miniconda3/envs/hawor/bin/python /home/yanghong/Reconstruct_and_Retarget/confidence/cotracker_consistency.py --scene /home/yanghong/Reconstruct_and_Retarget/Output/ReconstructOutput/egodex_part4/screw_unscrew_bottle_cap/36 --video /home/yanghong/Reconstruct_and_Retarget/Data/egodex_part4/screw_unscrew_bottle_cap/36.mp4 --out /home/yanghong/Reconstruct_and_Retarget/Data/VideoPrior/poseqa/cc --audit /home/yanghong/Reconstruct_and_Retarget/Data/VideoPrior/poseqa/pose_audit.json --object object_0 --no-viz
Using cache found in /home/yanghong/.cache/torch/hub/facebookresearch_co-tracker_main
[cc] 参考帧 [0, 52, 104]  种子点 150
[cc] 打分 105/105 帧  err_norm 中位 0.0603 p90 0.118  vis 中位 0.653
{
 "scene": "/home/yanghong/Reconstruct_and_Retarget/Output/ReconstructOutput/egodex_part4/screw_unscrew_bottle_cap/36",
 "seed_frames": [
  0,
  52,
  104
 ],
 "n_frames": 105,
 "n_scored": 105,
 "ct_err_norm_median": 0.0603,
 "ct_err_norm_p90": 0.118,
 "ct_t_err_median": 0.0553,
 "ct_r_err_median": 0.0511,
 "vis_frac_median": 0.653,
 "inside_frac_median": 1.0
}
[confidence] cotracker[object_1]: /home/yanghong/miniconda3/envs/hawor/bin/python /home/yanghong/Reconstruct_and_Retarget/confidence/cotracker_consistency.py --scene /home/yanghong/Reconstruct_and_Retarget/Output/ReconstructOutput/egodex_part4/screw_unscrew_bottle_cap/36 --video /home/yanghong/Reconstruct_and_Retarget/Data/egodex_part4/screw_unscrew_bottle_cap/36.mp4 --out /home/yanghong/Reconstruct_and_Retarget/Data/VideoPrior/poseqa/cc --audit /home/yanghong/Reconstruct_and_Retarget/Data/VideoPrior/poseqa/pose_audit.json --object object_1 --no-viz
Using cache found in /home/yanghong/.cache/torch/hub/facebookresearch_co-tracker_main
[cc] 参考帧 [0, 52, 104]  种子点 129
[cc] 打分 105/105 帧  err_norm 中位 0.1663 p90 0.2545  vis 中位 0.628
{
 "scene": "/home/yanghong/Reconstruct_and_Retarget/Output/ReconstructOutput/egodex_part4/screw_unscrew_bottle_cap/36",
 "seed_frames": [
  0,
  52,
  104
 ],
 "n_frames": 105,
 "n_scored": 105,
 "ct_err_norm_median": 0.1663,
 "ct_err_norm_p90": 0.2545,
 "ct_t_err_median": 0.1461,
 "ct_r_err_median": 0.0855,
 "vis_frac_median": 0.628,
 "inside_frac_median": 0.967
}
[confidence] audit(final): /home/yanghong/miniconda3/envs/hawor/bin/python /home/yanghong/Reconstruct_and_Retarget/confidence/pose_audit.py --scene /home/yanghong/Reconstruct_and_Retarget/Output/ReconstructOutput/egodex_part4/screw_unscrew_bottle_cap/36 --out /home/yanghong/Reconstruct_and_Retarget/Data/VideoPrior/poseqa --ct-dir /home/yanghong/Reconstruct_and_Retarget/Data/VideoPrior/poseqa/cc
[audit] 36[object_0]: s=0.900 可信度 中位 65.0 (位置 69.0/旋转 59.0)  → /home/yanghong/Reconstruct_and_Retarget/Data/VideoPrior/poseqa/pose_audit.json
[audit] 36[object_1]: s=1.175 可信度 中位 61.0 (位置 76.0/旋转 24.0)  → /home/yanghong/Reconstruct_and_Retarget/Data/VideoPrior/poseqa/pose_audit.json
[audit] 2 个物体, 用时 14s
[confidence] hand_conf: /home/yanghong/miniconda3/envs/hawor/bin/python /home/yanghong/Reconstruct_and_Retarget/confidence/hand_confidence.py /home/yanghong/Reconstruct_and_Retarget/Output/ReconstructOutput/egodex_part4/screw_unscrew_bottle_cap/36
[hand_conf] 36 left  帧  105 | pos 99.0 rot 90.1 | 指 [4.1, 73.0, 90.1, 95.5, 99.9] | 预期误差 20.5mm
[hand_conf] 36 right 帧  105 | pos 100.0 rot 99.7 | 指 [67.2, 99.8, 99.8, 100.0, 100.0] | 预期误差 16.6mm
[hand_conf] 判据 hand_conf_v1_arctic55_20260825 | mask 缺帧 0
[confidence] rts[object_0]: /home/yanghong/miniconda3/envs/hawor/bin/python /home/yanghong/Reconstruct_and_Retarget/confidence/rts_smoother.py --scene /home/yanghong/Reconstruct_and_Retarget/Output/ReconstructOutput/egodex_part4/screw_unscrew_bottle_cap/36 --audit /home/yanghong/Reconstruct_and_Retarget/Data/VideoPrior/poseqa/pose_audit.json --out /home/yanghong/Reconstruct_and_Retarget/Data/VideoPrior/poseqa/rts --object object_0
{
 "scene": "/home/yanghong/Reconstruct_and_Retarget/Output/ReconstructOutput/egodex_part4/screw_unscrew_bottle_cap/36",
 "n": 105,
 "A_static_step": {
  "raw_mm": 0.39587799185321654,
  "smooth_mm": 0.28331645603478317,
  "raw_deg": 4.753849196431881,
  "smooth_deg": 2.115232907472035,
  "n_free": 7
 },
 "B_image": {
  "high_conf": {
   "n": 35,
   "explained_raw": 0.9391993327773144,
   "explained_smooth": 0.9227726502166133,
   "dcent_raw": 0.09100959930292124,
   "dcent_smooth": 0.09309156953920673
  },
  "low_conf": {
   "n": 18,
   "explained_raw": 0.935430840524065,
   "explained_smooth": 0.8261450426963011,
   "dcent_raw": 0.25904697933110876,
   "dcent_smooth": 0.2124441778324237
  }
 },
 "C_innov_spikes_pos": [],
 "n_rot_refuted": 0,
 "sigma_pos_mm": {
  "min": 2.7,
  "median": 5.0,
  "max": 10.0
 },
 "sigma_rot_deg": {
  "min": 0.7,
  "median": 1.0,
  "max": 1.6
 }
}
[confidence] rts[object_1]: /home/yanghong/miniconda3/envs/hawor/bin/python /home/yanghong/Reconstruct_and_Retarget/confidence/rts_smoother.py --scene /home/yanghong/Reconstruct_and_Retarget/Output/ReconstructOutput/egodex_part4/screw_unscrew_bottle_cap/36 --audit /home/yanghong/Reconstruct_and_Retarget/Data/VideoPrior/poseqa/pose_audit.json --out /home/yanghong/Reconstruct_and_Retarget/Data/VideoPrior/poseqa/rts --object object_1
{
 "scene": "/home/yanghong/Reconstruct_and_Retarget/Output/ReconstructOutput/egodex_part4/screw_unscrew_bottle_cap/36",
 "n": 105,
 "A_static_step": {
  "raw_mm": 0.9389896198629194,
  "smooth_mm": 0.9418033589063521,
  "raw_deg": 2.6231426757848935,
  "smooth_deg": 1.1321220341199973,
  "n_free": 7
 },
 "B_image": {
  "high_conf": {
   "n": 40,
   "explained_raw": 0.2262941060877257,
   "explained_smooth": 0.22406458656613432,
   "dcent_raw": 2.011769970657668,
   "dcent_smooth": 2.057735824992344
  },
  "low_conf": {
   "n": 13,
   "explained_raw": 0.0,
   "explained_smooth": 0.0,
   "dcent_raw": 2.2616059974821408,
   "dcent_smooth": 2.1858438259198323
  }
 },
 "C_innov_spikes_pos": [],
 "n_rot_refuted": 26,
 "sigma_pos_mm": {
  "min": 2.4,
  "median": 4.2,
  "max": 8.4
 },
 "sigma_rot_deg": {
  "min": 1.0,
  "median": 1.7,
  "max": 3.1
 }
}
[confidence] manifest: /home/yanghong/miniconda3/envs/hawor/bin/python /home/yanghong/Reconstruct_and_Retarget/confidence/take_manifest.py --audit /home/yanghong/Reconstruct_and_Retarget/Data/VideoPrior/poseqa/pose_audit.json --out /home/yanghong/Reconstruct_and_Retarget/Data/VideoPrior/poseqa/TAKE_MANIFEST.json
[manifest] 228 takes: active 208 (旋转可用 124), excluded 10, deselected 0, superseded 10
   arctic15/s01/microwave_grab_01                     pos  99.0(good ) rot  41.0(可用) 自由轴[]  
   egodex_auto/pour/11                                pos  98.0(good ) rot  58.0(可用) 自由轴[1]  
   egodex_auto/pour/14                                pos  98.0(good ) rot  91.0(可用) 自由轴[1]  
   egodex_auto/pour/37                                pos  98.0(good ) rot  56.0(弃用) 自由轴[]  
   arctic15/s01/box_grab_01                           pos  97.0(good ) rot  63.0(可用) 自由轴[]  
   egodex_auto/pour/28                                pos  97.0(good ) rot  58.0(可用) 自由轴[1]  
   egodex_auto/pour/5                                 pos  97.0(good ) rot  84.0(可用) 自由轴[1]  
   arctic15/s06/espressomachine_grab_01               pos  96.0(good ) rot  88.0(可用) 自由轴[]  
   arctic15/s06/microwave_grab_01                     pos  96.0(good ) rot  44.0(可用) 自由轴[]  
   egodex_auto/pour/25                                pos  96.0(good ) rot  57.0(可用) 自由轴[1]  
   egodex_auto/pour/32                                pos  96.0(good ) rot  60.5(可用) 自由轴[1]  
   egodex_auto/screw_unscrew_bottle_cap/27            pos  95.5(good ) rot  58.5(可用) 自由轴[]  
   arctic15/s01/laptop_grab_01                        pos  95.0(good ) rot  91.0(可用) 自由轴[]  
   arctic15/s02/microwave_grab_01                     pos  95.0(good ) rot  57.0(可用) 自由轴[]  
   egodex_auto/pour/13                                pos  95.0(good ) rot  62.5(可用) 自由轴[1]  
   arctic15/s02/box_grab_01                           pos  94.0(good ) rot  62.0(可用) 自由轴[]  
   arctic15/s02/waffleiron_grab_01                    pos  94.0(good ) rot   0.0(弃用) 自由轴[1]  
   arctic15/s05/box_grab_01                           pos  94.0(good ) rot  62.5(可用) 自由轴[]  
   egodex_auto/pour/12                                pos  94.0(good ) rot   0.0(弃用) 自由轴[1]  
   egodex_auto/pour/9                                 pos  94.0(good ) rot  32.0(可用) 自由轴[1]  
   arctic15/s07/box_grab_01                           pos  93.0(good ) rot  61.0(可用) 自由轴[]  
   arctic15/s06/notebook_grab_01                      pos  92.0(good ) rot  73.0(可用) 自由轴[]  
   egodex_auto/pour/25                                pos  92.0(good ) rot  70.0(可用) 自由轴[1]  
   egodex_auto/screw_unscrew_bottle_cap/1             pos  92.0(good ) rot  48.5(可用) 自由轴[]  
   egodex_auto/pour/44                                pos  90.5(good ) rot  21.5(弃用) 自由轴[]  
   arctic15/s02/espressomachine_grab_01               pos  90.0(good ) rot  34.0(可用) 自由轴[]  
   arctic15/s04/box_grab_01                           pos  90.0(good ) rot  61.0(可用) 自由轴[]  
   arctic15/s04/microwave_grab_01                     pos  90.0(good ) rot  35.0(可用) 自由轴[]  
   egodex_auto/pour/9                                 pos  90.0(good ) rot  46.0(可用) 自由轴[1]  
   egodex_auto/screw_unscrew_bottle_cap/7             pos  90.0(good ) rot  29.0(弃用) 自由轴[1]  
   egodex_part4/screw_unscrew_bottle_cap/50           pos  90.0(good ) rot  58.5(可用) 自由轴[2]  
   arctic15/s01/waffleiron_grab_01                    pos  89.0(good ) rot  41.0(弃用) 自由轴[]  
   egodex_auto/pour/24                                pos  89.0(good ) rot  48.5(可用) 自由轴[1]  
   egodex_auto/pour/28                                pos  89.0(good ) rot  59.5(可用) 自由轴[1]  
   egodex_auto/screw_unscrew_bottle_cap/6             pos  89.0(good ) rot  14.0(弃用) 自由轴[]  
   arctic15/s02/laptop_grab_01                        pos  88.0(good ) rot  85.0(可用) 自由轴[]  
   arctic15/s04/notebook_grab_01                      pos  88.0(good ) rot  74.0(可用) 自由轴[]  
   arctic15/s05/waffleiron_grab_01                    pos  88.0(good ) rot   0.0(弃用) 自由轴[1]  
   egodex_part4/screw_unscrew_bottle_cap/32           pos  88.0(good ) rot  63.0(可用) 自由轴[2]  
   egodex_auto/pour/27                                pos  87.0(good ) rot  60.0(可用) 自由轴[1]  
   egodex_auto/sweep_dustpan/0                        pos  87.0(good ) rot  87.0(可用) 自由轴[]  
   egodex_auto/sweep_dustpan/2                        pos  87.0(good ) rot  87.0(可用) 自由轴[]  
   arctic15/s07/waffleiron_grab_01                    pos  86.0(good ) rot   1.0(弃用) 自由轴[]  
   egodex_auto/pour/11                                pos  86.0(good ) rot  44.0(可用) 自由轴[1]  
   egodex_part4/screw_unscrew_bottle_cap/38           pos  85.5(good ) rot  59.5(可用) 自由轴[2]  
   egodex_auto/insert_remove_usb/0                    pos  85.0(good ) rot  62.5(弃用) 自由轴[]  
   egodex_auto/pour/24                                pos  85.0(good ) rot  65.0(可用) 自由轴[1]  
   egodex_auto/screw_unscrew_bottle_cap/12            pos  85.0(good ) rot   0.0(弃用) 自由轴[1]  
   egodex_part4/screw_unscrew_bottle_cap/32           pos  85.0(good ) rot  66.0(可用) 自由轴[]  
   egodex_part4/screw_unscrew_bottle_cap/89           pos  85.0(good ) rot  80.5(可用) 自由轴[2]  
   egodex_auto/pour/17                                pos  84.0(good ) rot  54.0(可用) 自由轴[1]  
   egodex_auto/pour/2                                 pos  84.0(good ) rot  84.0(可用) 自由轴[1]  
   egodex_auto/screw_unscrew_bottle_cap/1             pos  84.0(good ) rot  70.5(可用) 自由轴[2]  
   egodex_auto/screw_unscrew_bottle_cap/26            pos  84.0(good ) rot  60.0(可用) 自由轴[]  
   egodex_auto/screw_unscrew_bottle_cap/6             pos  84.0(good ) rot  56.0(可用) 自由轴[1]  
   arctic15/s07/espressomachine_grab_01               pos  83.0(good ) rot  54.0(可用) 自由轴[]  
   egodex_auto/pour/3                                 pos  83.0(good ) rot  44.0(可用) 自由轴[1]  
   egodex_auto/pour/39                                pos  83.0(good ) rot   0.0(弃用) 自由轴[1]  
   egodex_auto/screw_unscrew_bottle_cap/23            pos  83.0(good ) rot  70.0(可用) 自由轴[]  
   egodex_part4/screw_unscrew_bottle_cap/89           pos  83.0(good ) rot  52.0(可用) 自由轴[]  
   arctic15/s06/capsulemachine_grab_01                pos  82.0(good ) rot  37.0(弃用) 自由轴[]  
   egodex_auto/pour/17                                pos  82.0(good ) rot  70.5(可用) 自由轴[1]  
   egodex_auto/pour/5                                 pos  82.0(good ) rot  53.0(可用) 自由轴[1]  
   egodex_auto/screw_unscrew_bottle_cap/18            pos  82.0(good ) rot  48.5(可用) 自由轴[]  
   egodex_auto/screw_unscrew_bottle_cap/2             pos  82.0(good ) rot  42.0(可用) 自由轴[]  
   arctic15/s02/mixer_grab_01                         pos  81.0(good ) rot  44.0(可用) 自由轴[]  
   arctic15/s06/waffleiron_grab_01_retake             pos  81.0(good ) rot  38.0(可用) 自由轴[]  
   egodex_auto/pour/31                                pos  81.0(good ) rot  81.0(可用) 自由轴[1]  
   egodex_auto/screw_unscrew_bottle_cap/8             pos  81.0(good ) rot  30.0(弃用) 自由轴[]  
   arctic15/s06/mixer_grab_01                         pos  80.0(good ) rot  59.0(弃用) 自由轴[]  
   egodex_auto/pour/31                                pos  80.0(good ) rot  75.0(可用) 自由轴[1]  
   arctic15/s04/espressomachine_grab_01               pos  79.0(good ) rot  57.0(弃用) 自由轴[]  
   arctic15/s05/espressomachine_grab_01               pos  79.0(good ) rot  55.0(可用) 自由轴[]  
   arctic15/s07/laptop_grab_01                        pos  79.0(good ) rot  79.0(可用) 自由轴[]  
   arctic15/s02/capsulemachine_grab_01                pos  78.0(good ) rot  51.0(可用) 自由轴[]  
   arctic15/s07/microwave_grab_01                     pos  78.0(good ) rot  30.5(可用) 自由轴[]  
   egodex_auto/pour/40                                pos  78.0(good ) rot  20.0(弃用) 自由轴[1]  
   egodex_auto/screw_unscrew_bottle_cap/13            pos  78.0(good ) rot  31.0(可用) 自由轴[1]  
   egodex_auto/screw_unscrew_bottle_cap/15            pos  78.0(good ) rot  20.0(弃用) 自由轴[1]  
   egodex_auto/screw_unscrew_bottle_cap/5             pos  78.0(good ) rot  21.0(弃用) 自由轴[]  
   egodex_part4/screw_unscrew_bottle_cap/48           pos  77.5(good ) rot  16.5(弃用) 自由轴[]  
   arctic15/s05/laptop_grab_01                        pos  77.0(good ) rot  71.0(可用) 自由轴[]  
   egodex_auto/pour/2                                 pos  77.0(good ) rot  33.5(可用) 自由轴[1]  
   egodex_auto/pour/23                                pos  77.0(good ) rot  76.0(可用) 自由轴[1]  
   egodex_auto/pour/42                                pos  77.0(good ) rot  72.5(可用) 自由轴[1]  
   egodex_auto/pour/43                                pos  77.0(good ) rot  72.0(可用) 自由轴[1]  
   egodex_auto/screw_unscrew_bottle_cap/19            pos  77.0(good ) rot   4.0(弃用) 自由轴[]  
   egodex_auto/pour/13                                pos  76.5(good ) rot  36.5(可用) 自由轴[1]  
   arctic15/s02/scissors_grab_01                      pos  76.0(good ) rot  76.0(可用) 自由轴[]  
   egodex_auto/pour/40                                pos  76.0(good ) rot  33.5(可用) 自由轴[1]  
   egodex_auto/screw_unscrew_bottle_cap/9             pos  76.0(good ) rot  10.0(弃用) 自由轴[]  
   egodex_part4/screw_unscrew_bottle_cap/36           pos  76.0(good ) rot  24.0(弃用) 自由轴[]  
   egodex_auto/screw_unscrew_bottle_cap/2             pos  75.0(good ) rot  36.0(可用) 自由轴[1]  
   egodex_auto/pour/44                                pos  74.5(good ) rot  52.5(可用) 自由轴[1]  
   egodex_part4/screw_unscrew_bottle_cap/48           pos  74.5(good ) rot  61.5(可用) 自由轴[2]  
   egodex_auto/pour/27                                pos  74.0(good ) rot  46.0(可用) 自由轴[1]  
   egodex_auto/pour/39                                pos  74.0(good ) rot   0.0(弃用) 自由轴[1]  
   egodex_auto/screw_unscrew_bottle_cap/25            pos  74.0(good ) rot  27.5(弃用) 自由轴[1]  
   egodex_auto/screw_unscrew_bottle_cap/26            pos  74.0(good ) rot   0.0(弃用) 自由轴[1]  
   arctic15/s01/mixer_grab_01                         pos  73.5(good ) rot  33.5(弃用) 自由轴[]  
   arctic15/s04/laptop_grab_01                        pos  73.5(good ) rot  45.0(弃用) 自由轴[]  
   egodex_auto/pour/34                                pos  73.5(good ) rot  73.5(可用) 自由轴[1]  
   arctic15/s02/ketchup_grab_01                       pos  73.0(good ) rot   1.0(弃用) 自由轴[]  
   egodex_auto/pour/51                                pos  73.0(good ) rot  61.5(可用) 自由轴[1]  
   egodex_auto/screw_unscrew_bottle_cap/17            pos  73.0(good ) rot  58.0(可用) 自由轴[]  
   egodex_auto/sweep_dustpan/2                        pos  73.0(good ) rot  73.0(可用) 自由轴[]  
   egodex_part4/screw_unscrew_bottle_cap/71           pos  72.0(good ) rot  71.5(可用) 自由轴[2]  
   arctic15/s05/mixer_grab_01                         pos  71.0(good ) rot  44.5(可用) 自由轴[]  
   arctic15/s07/mixer_grab_01_retake                  pos  71.0(good ) rot  38.0(弃用) 自由轴[]  
   egodex_auto/screw_unscrew_bottle_cap/15            pos  71.0(good ) rot  41.0(可用) 自由轴[]  
   arctic15/s02/phone_grab_01                         pos  70.0(good ) rot  48.0(可用) 自由轴[]  
   arctic15/s01/scissors_grab_01                      pos  69.0(mixed) rot  69.0(可用) 自由轴[]  
   egodex_auto/pour/0                                 pos  69.0(mixed) rot  15.0(弃用) 自由轴[1]  
   egodex_part4/screw_unscrew_bottle_cap/36           pos  69.0(mixed) rot  59.0(可用) 自由轴[2]  
   egodex_auto/pour/1                                 pos  68.0(mixed) rot  55.0(可用) 自由轴[1]  
   egodex_part4/screw_unscrew_bottle_cap/83           pos  68.0(mixed) rot  68.0(可用) 自由轴[2]  
   egodex_auto/pour/48                                pos  67.0(mixed) rot  39.0(弃用) 自由轴[1]  
   egodex_auto/pour/6                                 pos  67.0(mixed) rot  57.0(可用) 自由轴[1]  
   egodex_auto/pour/30                                pos  66.5(mixed) rot  15.5(弃用) 自由轴[1]  
   arctic15/s04/capsulemachine_grab_01                pos  66.0(mixed) rot  29.0(弃用) 自由轴[]  
   egodex_auto/pour/42                                pos  66.0(mixed) rot  54.0(可用) 自由轴[1]  
   arctic15/s01/espressomachine_grab_01               pos  65.0(mixed) rot  30.0(弃用) 自由轴[]  
   arctic15/s01/phone_grab_01                         pos  65.0(mixed) rot  42.0(弃用) 自由轴[]  
   egodex_auto/pour/12                                pos  65.0(mixed) rot  42.0(可用) 自由轴[1]  
   egodex_auto/screw_unscrew_bottle_cap/0             pos  65.0(mixed) rot  43.0(弃用) 自由轴[]  
   egodex_auto/screw_unscrew_bottle_cap/18            pos  65.0(mixed) rot  56.5(可用) 自由轴[2]  
   egodex_auto/screw_unscrew_bottle_cap/23            pos  65.0(mixed) rot  65.0(可用) 自由轴[1]  
   egodex_auto/screw_unscrew_bottle_cap/27            pos  64.5(mixed) rot  13.0(弃用) 自由轴[2]  
   arctic15/s01/capsulemachine_grab_01                pos  64.0(mixed) rot  36.0(可用) 自由轴[]  
   egodex_auto/pour/36                                pos  64.0(mixed) rot  49.5(可用) 自由轴[1]  
   arctic15/s04/phone_grab_01                         pos  63.0(mixed) rot  58.0(可用) 自由轴[]  
   egodex_auto/pour/33                                pos  63.0(mixed) rot  63.0(可用) 自由轴[1]  
   arctic15/s06/phone_grab_01                         pos  62.5(mixed) rot  62.5(可用) 自由轴[]  
   egodex_auto/pour/45                                pos  62.0(mixed) rot  62.0(可用) 自由轴[1]  
   arctic15/s01/ketchup_grab_01                       pos  61.0(mixed) rot  20.0(弃用) 自由轴[]  
   arctic15/s06/ketchup_grab_01_retake2               pos  61.0(mixed) rot  44.0(弃用) 自由轴[]  
   arctic15/s05/microwave_grab_01                     pos  59.0(mixed) rot  31.0(可用) 自由轴[]  
   egodex_auto/pour/8                                 pos  59.0(mixed) rot  11.0(弃用) 自由轴[1]  
   egodex_auto/screw_unscrew_bottle_cap/20            pos  59.0(mixed) rot  35.0(可用) 自由轴[1]  
   egodex_part4/screw_unscrew_bottle_cap/38           pos  59.0(mixed) rot  28.5(弃用) 自由轴[]  
   egodex_auto/pour/0                                 pos  58.0(mixed) rot   4.5(弃用) 自由轴[1]  
   egodex_auto/pour/16                                pos  58.0(mixed) rot  41.0(可用) 自由轴[1]  
   egodex_auto/screw_unscrew_bottle_cap/20            pos  58.0(mixed) rot  52.0(可用) 自由轴[]  
   egodex_part4/screw_unscrew_bottle_cap/71           pos  57.5(mixed) rot  48.5(可用) 自由轴[]  
   egodex_auto/screw_unscrew_bottle_cap/13            pos  57.0(mixed) rot  16.0(弃用) 自由轴[]  
   egodex_auto/pour/50                                pos  56.5(mixed) rot  21.0(弃用) 自由轴[1]  
   arctic15/s07/ketchup_grab_01                       pos  55.0(mixed) rot  28.0(弃用) 自由轴[]  
   arctic15/s07/phone_grab_01                         pos  55.0(mixed) rot  37.0(可用) 自由轴[]  
   arctic15/s10/phone_grab_01                         pos  55.0(mixed) rot  39.0(可用) 自由轴[]  
   egodex_auto/pour/7                                 pos  55.0(mixed) rot  37.0(可用) 自由轴[1]  
   egodex_auto/screw_unscrew_bottle_cap/19            pos  55.0(mixed) rot  30.0(可用) 自由轴[1]  
   egodex_auto/screw_unscrew_bottle_cap/5             pos  54.5(mixed) rot  22.5(弃用) 自由轴[1]  
   egodex_auto/screw_unscrew_bottle_cap/17            pos  54.0(mixed) rot  54.0(可用) 自由轴[1]  
   egodex_auto/screw_unscrew_bottle_cap/28            pos  53.0(mixed) rot  10.0(弃用) 自由轴[]  
   egodex_part4/screw_unscrew_bottle_cap/83           pos  53.0(mixed) rot  24.0(弃用) 自由轴[]  
   egodex_auto/screw_unscrew_bottle_cap/28            pos  52.5(mixed) rot  43.0(可用) 自由轴[1]  
   arctic15/s04/mixer_grab_01                         pos  52.0(mixed) rot  37.0(弃用) 自由轴[]  
   egodex_auto/screw_unscrew_bottle_cap/25            pos  52.0(mixed) rot  34.0(弃用) 自由轴[]  
   egodex_auto/screw_unscrew_bottle_cap/9             pos  52.0(mixed) rot  46.0(可用) 自由轴[1]  
   egodex_auto/screw_unscrew_bottle_cap/0             pos  51.0(mixed) rot  35.0(可用) 自由轴[1]  
   egodex_auto/pour/14                                pos  50.0(mixed) rot   0.0(弃用) 自由轴[1]  
   egodex_auto/pour/15                                pos  50.0(mixed) rot  41.0(可用) 自由轴[1]  
   egodex_auto/pour/16                                pos  50.0(mixed) rot  23.0(弃用) 自由轴[1]  
   egodex_auto/screw_unscrew_bottle_cap/24            pos  50.0(mixed) rot  33.5(可用) 自由轴[1]  
   egodex_auto/screw_unscrew_bottle_cap/4             pos  49.0(mixed) rot  38.5(可用) 自由轴[1]  
   egodex_part4/screw_unscrew_bottle_cap/50           pos  49.0(mixed) rot  36.0(可用) 自由轴[]  
   egodex_auto/pour/38                                pos  47.5(mixed) rot  43.5(可用) 自由轴[1]  
   egodex_auto/pour/10                                pos  47.0(mixed) rot  41.0(可用) 自由轴[1]  
   egodex_auto/pour/21                                pos  47.0(mixed) rot  38.0(可用) 自由轴[1]  
   egodex_auto/pour/50                                pos  47.0(mixed) rot  16.0(弃用) 自由轴[1]  
   egodex_auto/pour/8                                 pos  47.0(mixed) rot   0.5(弃用) 自由轴[1]  
   egodex_auto/pour/19                                pos  46.0(mixed) rot  23.0(弃用) 自由轴[1]  
   egodex_auto/pour/47                                pos  46.0(mixed) rot  46.0(可用) 自由轴[1]  
   egodex_auto/pour/51                                pos  46.0(mixed) rot   8.0(弃用) 自由轴[1]  
   egodex_auto/pour/3                                 pos  45.0(mixed) rot  12.0(弃用) 自由轴[1]  
   arctic15/s06/scissors_grab_01                      pos  43.0(mixed) rot  43.0(可用) 自由轴[]  
   egodex_auto/pour/20                                pos  43.0(mixed) rot  40.0(可用) 自由轴[1]  
   egodex_auto/pour/35                                pos  43.0(mixed) rot  17.0(弃用) 自由轴[1]  
   quest3/bottle_v2_win14_44                          pos  42.0(mixed) rot   0.0(弃用) 自由轴[2]  
   arctic15/s04/ketchup_grab_01                       pos  41.0(mixed) rot  39.0(可用) 自由轴[]  
   egodex_auto/pour/37                                pos  41.0(mixed) rot  25.5(弃用) 自由轴[1]  
   egodex_auto/pour/52                                pos  40.0(mixed) rot  18.5(弃用) 自由轴[1]  
   arctic15/s04/scissors_grab_01                      pos  39.0(poor ) rot  34.0(可用) 自由轴[]  
   arctic15/s07/scissors_grab_01                      pos  39.0(poor ) rot  34.0(可用) 自由轴[]  
   egodex_auto/pour/1                                 pos  38.0(poor ) rot  10.0(弃用) 自由轴[1]  
   egodex_auto/screw_unscrew_bottle_cap/21            pos  37.0(poor ) rot  15.0(弃用) 自由轴[1]  
   egodex_auto/pour/19                                pos  35.0(poor ) rot  21.0(弃用) 自由轴[]  
   egodex_auto/pour/32                                pos  35.0(poor ) rot   0.0(弃用) 自由轴[1]  
   egodex_auto/sweep_dustpan/1                        pos  35.0(poor ) rot  35.0(可用) 自由轴[]  
   quest3/bottle_v2_win14_44                          pos  35.0(poor ) rot   0.0(弃用) 自由轴[1]  
   egodex_auto/pour/7                                 pos  34.0(poor ) rot  26.0(弃用) 自由轴[1]  
   egodex_auto/pour/33                                pos  33.0(poor ) rot  25.0(弃用) 自由轴[1]  
   egodex_auto/insert_remove_usb/0                    pos  31.5(poor ) rot  31.5(可用) 自由轴[]  
   egodex_auto/screw_unscrew_bottle_cap/8             pos  29.0(poor ) rot  13.0(弃用) 自由轴[1]  
   egodex_auto/pour/30                                pos  27.0(poor ) rot  17.5(弃用) 自由轴[1]  
   egodex_auto/pour/36                                pos  27.0(poor ) rot  19.5(弃用) 自由轴[1]  
   egodex_auto/pour/47                                pos  24.0(poor ) rot  11.0(弃用) 自由轴[1]  
   egodex_auto/pour/10                                pos  23.0(poor ) rot  19.0(弃用) 自由轴[1]  
   egodex_auto/pour/41                                pos  23.0(poor ) rot  13.0(弃用) 自由轴[1]  
   egodex_auto/pour/44                                pos  23.0(poor ) rot  17.0(弃用) 自由轴[1]  
   egodex_auto/pour/48                                pos  22.0(poor ) rot   9.0(弃用) 自由轴[1]  
   egodex_auto/pour/15                                pos  21.0(poor ) rot  10.0(弃用) 自由轴[]  
   egodex_auto/pour/29                                pos  21.0(poor ) rot  17.0(弃用) 自由轴[]  
   egodex_auto/pour/34                                pos  21.0(poor ) rot  11.0(弃用) 自由轴[]  
   egodex_auto/pour/21                                pos  19.0(poor ) rot  12.0(弃用) 自由轴[1]  
   egodex_auto/pour/29                                pos  19.0(poor ) rot   4.0(弃用) 自由轴[1]  
   egodex_auto/pour/52                                pos  18.0(poor ) rot  10.5(弃用) 自由轴[]  
   egodex_auto/sweep_dustpan/3                        pos   1.0(poor ) rot   0.0(弃用) 自由轴[]  
 ↑ egodex/test/pour/11                                pos  87.0(good ) rot  46.0(弃用) 自由轴[1]  旧输出根, 已被同名 take 取代: /home/yanghong/Reconstruct_and_Retarget/Output/ReconstructOutput/egodex_auto/pour/11
 ↑ egodex_part4/screw_unscrew_bottle_cap/17           pos  87.0(good ) rot  69.0(弃用) 自由轴[2]  旧输出根, 已被同名 take 取代: /home/yanghong/Reconstruct_and_Retarget/Output/ReconstructOutput/egodex_auto/screw_unscrew_bottle_cap/17
 ↑ egodex_part4/screw_unscrew_bottle_cap/8            pos  86.0(good ) rot  58.5(弃用) 自由轴[2]  旧输出根, 已被同名 take 取代: /home/yanghong/Reconstruct_and_Retarget/Output/ReconstructOutput/egodex_auto/screw_unscrew_bottle_cap/8
 ↑ arctic/s05/laptop_grab_01                          pos  84.0(good ) rot  77.0(弃用) 自由轴[]  旧输出根, 已被同名 take 取代: /home/yanghong/Reconstruct_and_Retarget/Output/ReconstructOutput/arctic15/s05/laptop_grab_01
 ↑ arctic/s07/ketchup_grab_01                         pos  83.0(good ) rot  48.0(弃用) 自由轴[]  旧输出根, 已被同名 take 取代: /home/yanghong/Reconstruct_and_Retarget/Output/ReconstructOutput/arctic15/s07/ketchup_grab_01
 ✗ egodex_auto/screw_unscrew_bottle_cap/10            pos  82.5(good ) rot  44.0(弃用) 自由轴[]  空透明物体 (FP 系统性失灵, 存量; v2:装深色液体的透明容器不过滤)
 ✗ egodex_auto/screw_unscrew_bottle_cap/11            pos  80.5(good ) rot  19.5(弃用) 自由轴[1]  空透明物体 (FP 系统性失灵, 存量; v2:装深色液体的透明容器不过滤)
 ↑ egodex_part4/screw_unscrew_bottle_cap/17           pos  79.0(good ) rot  37.0(弃用) 自由轴[]  旧输出根, 已被同名 take 取代: /home/yanghong/Reconstruct_and_Retarget/Output/ReconstructOutput/egodex_auto/screw_unscrew_bottle_cap/17
 ↑ egodex/test/pour/17                                pos  71.0(good ) rot   2.0(弃用) 自由轴[]  旧输出根, 已被同名 take 取代: /home/yanghong/Reconstruct_and_Retarget/Output/ReconstructOutput/egodex_auto/pour/17
 ✗ egodex_auto/screw_unscrew_bottle_cap/16            pos  71.0(good ) rot  46.0(弃用) 自由轴[]  空透明物体 (FP 系统性失灵, 存量; v2:装深色液体的透明容器不过滤)
 ✗ egodex_auto/pour/4                                 pos  69.0(mixed) rot  69.0(弃用) 自由轴[1]  空透明物体 (FP 系统性失灵, 存量; v2:装深色液体的透明容器不过滤)
 ↑ egodex_part4/screw_unscrew_bottle_cap/8            pos  66.0(mixed) rot  35.0(弃用) 自由轴[]  旧输出根, 已被同名 take 取代: /home/yanghong/Reconstruct_and_Retarget/Output/ReconstructOutput/egodex_auto/screw_unscrew_bottle_cap/8
 ✗ egodex_auto/pour/22                                pos  60.0(mixed) rot  60.0(弃用) 自由轴[1]  空透明物体 (FP 系统性失灵, 存量; v2:装深色液体的透明容器不过滤)
 ↑ egodex/screw_unscrew_bottle_cap/4                  pos  56.5(mixed) rot  52.5(弃用) 自由轴[1]  旧输出根, 已被同名 take 取代: /home/yanghong/Reconstruct_and_Retarget/Output/ReconstructOutput/egodex_auto/screw_unscrew_bottle_cap/4
 ✗ egodex_auto/pour/18                                pos  55.0(mixed) rot  50.0(弃用) 自由轴[1]  空透明物体 (FP 系统性失灵, 存量; v2:装深色液体的透明容器不过滤)
 ↑ egodex/test/pour/11                                pos  50.0(mixed) rot   7.0(弃用) 自由轴[1]  旧输出根, 已被同名 take 取代: /home/yanghong/Reconstruct_and_Retarget/Output/ReconstructOutput/egodex_auto/pour/11
 ✗ egodex_auto/screw_unscrew_bottle_cap/22            pos  27.0(poor ) rot  14.0(弃用) 自由轴[1]  空透明物体 (FP 系统性失灵, 存量; v2:装深色液体的透明容器不过滤)
 ✗ egodex_auto/screw_unscrew_bottle_cap/3             pos  25.5(poor ) rot  14.0(弃用) 自由轴[1]  空透明物体 (FP 系统性失灵, 存量; v2:装深色液体的透明容器不过滤)
 ✗ egodex_auto/screw_unscrew_bottle_cap/14            pos  20.5(poor ) rot  10.0(弃用) 自由轴[1]  空透明物体 (FP 系统性失灵, 存量; v2:装深色液体的透明容器不过滤)
 ✗ egodex_auto/pour/26                                pos  18.0(poor ) rot   0.0(弃用) 自由轴[1]  空透明物体 (FP 系统性失灵, 存量; v2:装深色液体的透明容器不过滤)
[manifest] 写入 /home/yanghong/Reconstruct_and_Retarget/Data/VideoPrior/poseqa/TAKE_MANIFEST.json
[confidence] object_valid_measured: [57, 41] 可信帧 (ovm_v1_20260826)
[confidence] poseqa 快照 -> take: 6 文件 + 2 条审计记录
[confidence] conf_viz: /home/yanghong/miniconda3/envs/hawor/bin/python /home/yanghong/Reconstruct_and_Retarget/confidence/conf_viz.py --audit /home/yanghong/Reconstruct_and_Retarget/Data/VideoPrior/poseqa/pose_audit.json --out /home/yanghong/Reconstruct_and_Retarget/Data/VideoPrior/poseqa/confviz --ct-dir /home/yanghong/Reconstruct_and_Retarget/Data/VideoPrior/poseqa/cc --take egodex_part4/screw_unscrew_bottle_cap/36
  X egodex_part4/screw_unscrew_bottle_cap/36 (object_0,object_1) -> video not found
[confidence] ✓ screw_unscrew_bottle_cap__36: active pos 69.0 rot 59.0 旋转可用 | hands L/R pos 99.0/100.0

===== fp_pose screw_unscrew_bottle_cap__36 gpu=5 2026-08-28 00:32:42 =====
[fp_pose] CUDA_VISIBLE_DEVICES=5 local_gpu=0
[fp_pose] frame_plan object_0: 配准帧 12 -> 22
[__init__()] self.cfg: 
 lr: 0.0001
c_in: 6
zfar: 'Infinity'
debug: null
n_view: 1
run_id: 3wy8qqex
use_BN: true
exp_name: 2024-01-11-20-02-45
n_epochs: 62
save_dir: /home/bowenw/debug/2024-01-11-20-02-45/
use_mask: false
loss_type: pairwise_valid
optimizer: adam
batch_size: 64
crop_ratio: 1.1
enable_amp: true
use_normal: false
max_num_key: null
warmup_step: -1
input_resize:
- 160
- 160
max_step_val: 1000
vis_interval: 1000
weight_decay: 0
normalize_xyz: true
resume_run_id: null
clip_grad_norm: 'Infinity'
lr_epoch_decay: 500
render_backend: nvdiffrast
train_num_pair: 5
lr_decay_epochs:
- 50
n_epochs_warmup: 1
make_pair_online: false
gradient_max_norm: 'Infinity'
max_step_per_epoch: 10000
n_rendering_workers: 1
save_epoch_interval: 100
n_dataloader_workers: 100
split_objects_across_gpus: true
ckpt_dir: /home/yanghong/Reconstruct_and_Retarget/third_party/FoundationPose/learning/training/../../weights/2024-01-11-20-02-45/model_best.pth

[__init__()] self.h5_file:None
[__init__()] Using pretrained model from /home/yanghong/Reconstruct_and_Retarget/third_party/FoundationPose/learning/training/../../weights/2024-01-11-20-02-45/model_best.pth
[__init__()] init done
[__init__()] welcome
[__init__()] self.cfg: 
 lr: 0.0001
c_in: 6
zfar: .inf
debug: null
w_rot: 0.1
n_view: 1
run_id: null
use_BN: true
rot_rep: axis_angle
ckpt_dir: /home/yanghong/Reconstruct_and_Retarget/third_party/FoundationPose/learning/training/../../weights/2023-10-28-18-33-37/model_best.pth
exp_name: 2023-10-28-18-33-37
save_dir: /tmp/2023-10-28-18-33-37/
loss_type: l2
optimizer: adam
trans_rep: tracknet
batch_size: 64
crop_ratio: 1.2
use_normal: false
BN_momentum: 0.1
max_num_key: null
warmup_step: -1
input_resize:
- 160
- 160
max_step_val: 1000
normal_uint8: false
vis_interval: 1000
weight_decay: 0
n_max_objects: null
normalize_xyz: true
clip_grad_norm: 'Infinity'
rot_normalizer: 0.3490658503988659
trans_normalizer:
- 0.019999999552965164
- 0.019999999552965164
- 0.05000000074505806
max_step_per_epoch: 25000
val_epoch_interval: 10
n_dataloader_workers: 60
enable_amp: true
use_mask: false

[__init__()] self.h5_file:
[__init__()] Using pretrained model from /home/yanghong/Reconstruct_and_Retarget/third_party/FoundationPose/learning/training/../../weights/2023-10-28-18-33-37/model_best.pth
[__init__()] init done
[reset_object()] self.diameter:0.20152238087677932, vox_size:0.010076119043838965
[reset_object()] self.pts:torch.Size([135, 3])
[reset_object()] reset done
[make_rotation_grid()] cam_in_obs:(42, 4, 4)
[make_rotation_grid()] rot_grid:(252, 4, 4)
[make_rotation_grid()] after cluster, rot_grid:(252, 4, 4)
[make_rotation_grid()] self.rot_grid: torch.Size([252, 4, 4])
[register()] Welcome
[register()] poses:(252, 4, 4)
[register()] after viewpoint, add_errs min:-1.0
/home/yanghong/miniconda3/envs/biv2ap/lib/python3.10/site-packages/torch/__init__.py:1323: UserWarning: torch.set_default_tensor_type() is deprecated as of PyTorch 2.1, please use torch.set_default_dtype() and torch.set_default_device() as alternatives. (Triggered internally at /pytorch/torch/csrc/tensor/python_tensor.cpp:434.)
  _C._set_default_tensor_type(t)
[predict()] ob_in_cams:(252, 4, 4)
[predict()] self.cfg.use_normal:False
[predict()] trans_normalizer:[0.019999999552965164, 0.019999999552965164, 0.05000000074505806], rot_normalizer:0.3490658503988659
[predict()] making cropped data
[make_crop_data_batch()] Welcome make_crop_data_batch
[make_crop_data_batch()] make tf_to_crops done
[make_crop_data_batch()] render done
[make_crop_data_batch()] warp done
[make_crop_data_batch()] pose batch data done
[predict()] forward start
/home/yanghong/Reconstruct_and_Retarget/third_party/FoundationPose/learning/training/predict_pose_refine.py:190: FutureWarning: `torch.cuda.amp.autocast(args...)` is deprecated. Please use `torch.amp.autocast('cuda', args...)` instead.
  with torch.cuda.amp.autocast(enabled=self.amp):
[predict()] forward done
[predict()] making cropped data
[make_crop_data_batch()] Welcome make_crop_data_batch
[make_crop_data_batch()] make tf_to_crops done
[make_crop_data_batch()] render done
[make_crop_data_batch()] warp done
[make_crop_data_batch()] pose batch data done
[predict()] forward start
[predict()] forward done
[predict()] making cropped data
[make_crop_data_batch()] Welcome make_crop_data_batch
[make_crop_data_batch()] make tf_to_crops done
[make_crop_data_batch()] render done
[make_crop_data_batch()] warp done
[make_crop_data_batch()] pose batch data done
[predict()] forward start
[predict()] forward done
[predict()] making cropped data
[make_crop_data_batch()] Welcome make_crop_data_batch
[make_crop_data_batch()] make tf_to_crops done
[make_crop_data_batch()] render done
[make_crop_data_batch()] warp done
[make_crop_data_batch()] pose batch data done
[predict()] forward start
[predict()] forward done
[predict()] making cropped data
[make_crop_data_batch()] Welcome make_crop_data_batch
[make_crop_data_batch()] make tf_to_crops done
[make_crop_data_batch()] render done
[make_crop_data_batch()] warp done
[make_crop_data_batch()] pose batch data done
[predict()] forward start
[predict()] forward done
[predict()] ob_in_cams:(252, 4, 4)
[predict()] self.cfg.use_normal:False
[predict()] making cropped data
[make_crop_data_batch()] Welcome make_crop_data_batch
[make_crop_data_batch()] make tf_to_crops done
[make_crop_data_batch()] render done
[make_crop_data_batch()] pose batch data done
[find_best_among_pairs()] pose_data.rgbAs.shape[0]: 252
/home/yanghong/Reconstruct_and_Retarget/third_party/FoundationPose/learning/training/predict_score.py:193: FutureWarning: `torch.cuda.amp.autocast(args...)` is deprecated. Please use `torch.amp.autocast('cuda', args...)` instead.
  with torch.cuda.amp.autocast(enabled=self.amp):
[predict()] forward done
[register()] final, add_errs min:-1.0
[register()] sort ids:tensor([242,  26,  32,  76,  41,  47,  22,  28, 236,  70, 244,  16,  34,  58,
        188, 250,   4, 100, 106, 153, 183, 184, 238,   3,   9,  51,  63,  94,
         99, 117, 123, 129, 182, 190,  15,  33,  69,  81,  82,  87, 195, 201,
        231, 243, 249,  21,  75, 105, 237,  88, 135, 147, 207,  10,  57,  93,
        171, 177, 225, 154, 189,  27, 208, 104, 148, 202, 161, 167, 196, 215,
        217, 221, 211,  37,  92,  98, 157, 209,  43,  68, 155,  56,  86, 149,
        159, 163, 170, 203, 224, 124, 136, 165, 118, 176, 219, 130,  64, 213,
        230,  45,  52, 156, 162,  78,   0, 192, 210,   6,  12,  18,  42,  48,
         60, 125, 144,  36, 103, 114, 120, 126, 150, 168, 174, 198, 204, 216,
        246,  39,  66,  85,  97, 119, 131, 222, 228,   2,  54,  55,  72,  91,
        132, 137, 248,  65,  67,  80,  90, 102,  20,  53,   8,  14,  74,  84,
         96, 194, 115, 166,  79, 110, 220,  49, 121, 134, 160, 193, 205, 214,
         50,  73, 116, 145, 152, 169, 200,   1,  13,  24,  30,  62, 122, 128,
        146, 186, 206, 247,  46, 127, 151, 180, 199, 223, 229, 234, 240,   7,
         19,  61,  40, 133, 175, 187,  31, 108, 111, 181, 235,  25, 241, 107,
        112, 185, 191,  29, 113, 245,  59,  89, 239, 101, 173,  71,  95, 109,
        179, 227,  35, 233,  11,  17,  77, 197,   5,  23,  83, 251,  44, 158,
        164, 218, 212,  38, 138, 139, 141, 142, 140, 143, 172, 178, 226, 232])
[register()] sorted scores:tensor([130.3125, 130.1719, 130.1094, 130.1094, 130.0781, 130.0781, 130.0625,
        130.0312, 130.0312, 130.0156, 130.0156, 129.9844, 129.9688, 129.9688,
        129.9688, 129.9531, 129.9375, 129.9375, 129.9375, 129.9375, 129.9375,
        129.9375, 129.9375, 129.9219, 129.9219, 129.9219, 129.9219, 129.9219,
        129.9219, 129.9219, 129.9219, 129.9219, 129.9219, 129.9219, 129.9062,
        129.9062, 129.9062, 129.9062, 129.9062, 129.9062, 129.9062, 129.9062,
        129.9062, 129.9062, 129.9062, 129.8906, 129.8906, 129.8906, 129.8906,
        129.8750, 129.8750, 129.8750, 129.8750, 129.8594, 129.8594, 129.8594,
        129.8594, 129.8594, 129.8594, 129.8281, 129.8281, 129.8125, 129.7969,
        129.7656, 129.7656, 129.7656, 129.7500, 129.7500, 129.7500, 129.7500,
        129.7344, 129.7344, 129.7188, 129.7031, 129.7031, 129.6875, 129.6875,
        129.6875, 129.6719, 129.6719, 129.6719, 129.6562, 129.6562, 129.6562,
        129.6562, 129.6562, 129.6562, 129.6562, 129.6562, 129.6406, 129.6406,
        129.6406, 129.6250, 129.6250, 129.6250, 129.5938, 129.5781, 129.5781,
        129.5781, 129.5625, 129.5625, 129.5469, 129.5469, 129.5312, 129.5156,
        129.5156, 129.5156, 129.5000, 129.5000, 129.5000, 129.5000, 129.5000,
        129.5000, 129.5000, 129.5000, 129.4844, 129.4844, 129.4844, 129.4844,
        129.4844, 129.4844, 129.4844, 129.4844, 129.4844, 129.4844, 129.4844,
        129.4844, 129.4688, 129.4688, 129.4688, 129.4688, 129.4688, 129.4688,
        129.4688, 129.4688, 129.4531, 129.4531, 129.4531, 129.4531, 129.4531,
        129.4531, 129.4531, 129.4531, 129.4375, 129.4375, 129.4375, 129.4375,
        129.4375, 129.4219, 129.4219, 129.4062, 129.4062, 129.4062, 129.4062,
        129.4062, 129.4062, 129.3906, 129.3906, 129.3750, 129.3750, 129.3750,
        129.3594, 129.3594, 129.3594, 129.3594, 129.3594, 129.3594, 129.3594,
        129.3438, 129.3438, 129.3438, 129.3438, 129.3438, 129.3438, 129.3438,
        129.3281, 129.3281, 129.3281, 129.3281, 129.3281, 129.3281, 129.3281,
        129.3281, 129.3281, 129.3281, 129.3281, 129.3125, 129.3125, 129.3125,
        129.3125, 129.3125, 129.3125, 129.3125, 129.3125, 129.3125, 129.2969,
        129.2969, 129.2969, 129.2656, 129.2656, 129.2656, 129.2500, 129.2344,
        129.2344, 129.2188, 129.2188, 129.2188, 129.2031, 129.2031, 129.1406,
        129.1406, 129.1406, 129.1406, 129.1250, 129.1250, 129.1250, 129.1094,
        129.1094, 129.1094, 129.0938, 129.0938, 129.0781, 129.0781, 129.0781,
        129.0781, 129.0781, 129.0625, 129.0625, 129.0469, 129.0469, 129.0469,
        129.0469, 129.0312, 129.0312, 129.0312, 129.0312, 128.9844, 128.9688,
        128.9688, 128.9531, 128.9375, 128.9219, 128.9219, 128.9219, 128.9219,
        128.9219, 128.9062, 128.8906, 128.6875, 128.6719, 128.6719, 128.6562])
[track_one()] Welcome
[track_one()] depth processing done
[predict()] ob_in_cams:(1, 4, 4)
[predict()] self.cfg.use_normal:False
[predict()] trans_normalizer:[0.019999999552965164, 0.019999999552965164, 0.05000000074505806], rot_normalizer:0.3490658503988659
[predict()] making cropped data
[make_crop_data_batch()] Welcome make_crop_data_batch
[make_crop_data_batch()] make tf_to_crops done
[make_crop_data_batch()] render done
[make_crop_data_batch()] warp done
[make_crop_data_batch()] pose batch data done
[predict()] forward start
[predict()] forward done
[track_one()] pose done
[track_one()] Welcome
[track_one()] depth processing done
[predict()] ob_in_cams:(1, 4, 4)
[predict()] self.cfg.use_normal:False
[predict()] trans_normalizer:[0.019999999552965164, 0.019999999552965164, 0.05000000074505806], rot_normalizer:0.3490658503988659
[predict()] making cropped data
[make_crop_data_batch()] Welcome make_crop_data_batch
[make_crop_data_batch()] make tf_to_crops done
[make_crop_data_batch()] render done
[make_crop_data_batch()] warp done
[make_crop_data_batch()] pose batch data done
[predict()] forward start
[predict()] forward done
[track_one()] pose done
[track_one()] Welcome
[track_one()] depth processing done
[predict()] ob_in_cams:(1, 4, 4)
[predict()] self.cfg.use_normal:False
[predict()] trans_normalizer:[0.019999999552965164, 0.019999999552965164, 0.05000000074505806], rot_normalizer:0.3490658503988659
[predict()] making cropped data
[make_crop_data_batch()] Welcome make_crop_data_batch
[make_crop_data_batch()] make tf_to_crops done
[make_crop_data_batch()] render done
[make_crop_data_batch()] warp done
[make_crop_data_batch()] pose batch data done
[predict()] forward start
[predict()] forward done
[track_one()] pose done
[track_one()] Welcome
[track_one()] depth processing done
[predict()] ob_in_cams:(1, 4, 4)
[predict()] self.cfg.use_normal:False
[predict()] trans_normalizer:[0.019999999552965164, 0.019999999552965164, 0.05000000074505806], rot_normalizer:0.3490658503988659
[predict()] making cropped data
[make_crop_data_batch()] Welcome make_crop_data_batch
[make_crop_data_batch()] make tf_to_crops done
[make_crop_data_batch()] render done
[make_crop_data_batch()] warp done
[make_crop_data_batch()] pose batch data done
[predict()] forward start
[predict()] forward done
[track_one()] pose done
[track_one()] Welcome
[track_one()] depth processing done
[predict()] ob_in_cams:(1, 4, 4)
[predict()] self.cfg.use_normal:False
[predict()] trans_normalizer:[0.019999999552965164, 0.019999999552965164, 0.05000000074505806], rot_normalizer:0.3490658503988659
[predict()] making cropped data
[make_crop_data_batch()] Welcome make_crop_data_batch
[make_crop_data_batch()] make tf_to_crops done
[make_crop_data_batch()] render done
[make_crop_data_batch()] warp done
[make_crop_data_batch()] pose batch data done
[predict()] forward start
[predict()] forward done
[track_one()] pose done
[track_one()] Welcome
[track_one()] depth processing done
[predict()] ob_in_cams:(1, 4, 4)
[predict()] self.cfg.use_normal:False
[predict()] trans_normalizer:[0.019999999552965164, 0.019999999552965164, 0.05000000074505806], rot_normalizer:0.3490658503988659
[predict()] making cropped data
[make_crop_data_batch()] Welcome make_crop_data_batch
[make_crop_data_batch()] make tf_to_crops done
[make_crop_data_batch()] render done
[make_crop_data_batch()] warp done
[make_crop_data_batch()] pose batch data done
[predict()] forward start
[predict()] forward done
[track_one()] pose done
[track_one()] Welcome
[track_one()] depth processing done
[predict()] ob_in_cams:(1, 4, 4)
[predict()] self.cfg.use_normal:False
[predict()] trans_normalizer:[0.019999999552965164, 0.019999999552965164, 0.05000000074505806], rot_normalizer:0.3490658503988659
[predict()] making cropped data
[make_crop_data_batch()] Welcome make_crop_data_batch
[make_crop_data_batch()] make tf_to_crops done
[make_crop_data_batch()] render done
[make_crop_data_batch()] warp done
[make_crop_data_batch()] pose batch data done
[predict()] forward start
[predict()] forward done
[track_one()] pose done
[track_one()] Welcome
[track_one()] depth processing done
[predict()] ob_in_cams:(1, 4, 4)
[predict()] self.cfg.use_normal:False
[predict()] trans_normalizer:[0.019999999552965164, 0.019999999552965164, 0.05000000074505806], rot_normalizer:0.3490658503988659
[predict()] making cropped data
[make_crop_data_batch()] Welcome make_crop_data_batch
[make_crop_data_batch()] make tf_to_crops done
[make_crop_data_batch()] render done
[make_crop_data_batch()] warp done
[make_crop_data_batch()] pose batch data done
[predict()] forward start
[predict()] forward done
[track_one()] pose done
[track_one()] Welcome
[track_one()] depth processing done
[predict()] ob_in_cams:(1, 4, 4)
[predict()] self.cfg.use_normal:False
[predict()] trans_normalizer:[0.019999999552965164, 0.019999999552965164, 0.05000000074505806], rot_normalizer:0.3490658503988659
[predict()] making cropped data
[make_crop_data_batch()] Welcome make_crop_data_batch
[make_crop_data_batch()] make tf_to_crops done
[make_crop_data_batch()] render done
[make_crop_data_batch()] warp done
[make_crop_data_batch()] pose batch data done
[predict()] forward start
[predict()] forward done
[track_one()] pose done
[track_one()] Welcome
[track_one()] depth processing done
[predict()] ob_in_cams:(1, 4, 4)
[predict()] self.cfg.use_normal:False
[predict()] trans_normalizer:[0.019999999552965164, 0.019999999552965164, 0.05000000074505806], rot_normalizer:0.3490658503988659
[predict()] making cropped data
[make_crop_data_batch()] Welcome make_crop_data_batch
[make_crop_data_batch()] make tf_to_crops done
[make_crop_data_batch()] render done
[make_crop_data_batch()] warp done
[make_crop_data_batch()] pose batch data done
[predict()] forward start
[predict()] forward done
[track_one()] pose done
[track_one()] Welcome
[track_one()] depth processing done
[predict()] ob_in_cams:(1, 4, 4)
[predict()] self.cfg.use_normal:False
[predict()] trans_normalizer:[0.019999999552965164, 0.019999999552965164, 0.05000000074505806], rot_normalizer:0.3490658503988659
[predict()] making cropped data
[make_crop_data_batch()] Welcome make_crop_data_batch
[make_crop_data_batch()] make tf_to_crops done
[make_crop_data_batch()] render done
[make_crop_data_batch()] warp done
[make_crop_data_batch()] pose batch data done
[predict()] forward start
[predict()] forward done
[track_one()] pose done
[track_one()] Welcome
[track_one()] depth processing done
[predict()] ob_in_cams:(1, 4, 4)
[predict()] self.cfg.use_normal:False
[predict()] trans_normalizer:[0.019999999552965164, 0.019999999552965164, 0.05000000074505806], rot_normalizer:0.3490658503988659
[predict()] making cropped data
[make_crop_data_batch()] Welcome make_crop_data_batch
[make_crop_data_batch()] make tf_to_crops done
[make_crop_data_batch()] render done
[make_crop_data_batch()] warp done
[make_crop_data_batch()] pose batch data done
[predict()] forward start
[predict()] forward done
[track_one()] pose done
[track_one()] Welcome
[track_one()] depth processing done
[predict()] ob_in_cams:(1, 4, 4)
[predict()] self.cfg.use_normal:False
[predict()] trans_normalizer:[0.019999999552965164, 0.019999999552965164, 0.05000000074505806], rot_normalizer:0.3490658503988659
[predict()] making cropped data
[make_crop_data_batch()] Welcome make_crop_data_batch
[make_crop_data_batch()] make tf_to_crops done
[make_crop_data_batch()] render done
[make_crop_data_batch()] warp done
[make_crop_data_batch()] pose batch data done
[predict()] forward start
[predict()] forward done
[track_one()] pose done
[track_one()] Welcome
[track_one()] depth processing done
[predict()] ob_in_cams:(1, 4, 4)
[predict()] self.cfg.use_normal:False
[predict()] trans_normalizer:[0.019999999552965164, 0.019999999552965164, 0.05000000074505806], rot_normalizer:0.3490658503988659
[predict()] making cropped data
[make_crop_data_batch()] Welcome make_crop_data_batch
[make_crop_data_batch()] make tf_to_crops done
[make_crop_data_batch()] render done
[make_crop_data_batch()] warp done
[make_crop_data_batch()] pose batch data done
[predict()] forward start
[predict()] forward done
[track_one()] pose done
[track_one()] Welcome
[track_one()] depth processing done
[predict()] ob_in_cams:(1, 4, 4)
[predict()] self.cfg.use_normal:False
[predict()] trans_normalizer:[0.019999999552965164, 0.019999999552965164, 0.05000000074505806], rot_normalizer:0.3490658503988659
[predict()] making cropped data
[make_crop_data_batch()] Welcome make_crop_data_batch
[make_crop_data_batch()] make tf_to_crops done
[make_crop_data_batch()] render done
[make_crop_data_batch()] warp done
[make_crop_data_batch()] pose batch data done
[predict()] forward start
[predict()] forward done
[track_one()] pose done
[track_one()] Welcome
[track_one()] depth processing done
[predict()] ob_in_cams:(1, 4, 4)
[predict()] self.cfg.use_normal:False
[predict()] trans_normalizer:[0.019999999552965164, 0.019999999552965164, 0.05000000074505806], rot_normalizer:0.3490658503988659
[predict()] making cropped data
[make_crop_data_batch()] Welcome make_crop_data_batch
[make_crop_data_batch()] make tf_to_crops done
[make_crop_data_batch()] render done
[make_crop_data_batch()] warp done
[make_crop_data_batch()] pose batch data done
[predict()] forward start
[predict()] forward done
[track_one()] pose done
[track_one()] Welcome
[track_one()] depth processing done
[predict()] ob_in_cams:(1, 4, 4)
[predict()] self.cfg.use_normal:False
[predict()] trans_normalizer:[0.019999999552965164, 0.019999999552965164, 0.05000000074505806], rot_normalizer:0.3490658503988659
[predict()] making cropped data
[make_crop_data_batch()] Welcome make_crop_data_batch
[make_crop_data_batch()] make tf_to_crops done
[make_crop_data_batch()] render done
[make_crop_data_batch()] warp done
[make_crop_data_batch()] pose batch data done
[predict()] forward start
[predict()] forward done
[track_one()] pose done
[track_one()] Welcome
[track_one()] depth processing done
[predict()] ob_in_cams:(1, 4, 4)
[predict()] self.cfg.use_normal:False
[predict()] trans_normalizer:[0.019999999552965164, 0.019999999552965164, 0.05000000074505806], rot_normalizer:0.3490658503988659
[predict()] making cropped data
[make_crop_data_batch()] Welcome make_crop_data_batch
[make_crop_data_batch()] make tf_to_crops done
[make_crop_data_batch()] render done
[make_crop_data_batch()] warp done
[make_crop_data_batch()] pose batch data done
[predict()] forward start
[predict()] forward done
[track_one()] pose done
[track_one()] Welcome
[track_one()] depth processing done
[predict()] ob_in_cams:(1, 4, 4)
[predict()] self.cfg.use_normal:False
[predict()] trans_normalizer:[0.019999999552965164, 0.019999999552965164, 0.05000000074505806], rot_normalizer:0.3490658503988659
[predict()] making cropped data
[make_crop_data_batch()] Welcome make_crop_data_batch
[make_crop_data_batch()] make tf_to_crops done
[make_crop_data_batch()] render done
[make_crop_data_batch()] warp done
[make_crop_data_batch()] pose batch data done
[predict()] forward start
[predict()] forward done
[track_one()] pose done
[track_one()] Welcome
[track_one()] depth processing done
[predict()] ob_in_cams:(1, 4, 4)
[predict()] self.cfg.use_normal:False
[predict()] trans_normalizer:[0.019999999552965164, 0.019999999552965164, 0.05000000074505806], rot_normalizer:0.3490658503988659
[predict()] making cropped data
[make_crop_data_batch()] Welcome make_crop_data_batch
[make_crop_data_batch()] make tf_to_crops done
[make_crop_data_batch()] render done
[make_crop_data_batch()] warp done
[make_crop_data_batch()] pose batch data done
[predict()] forward start
[predict()] forward done
[track_one()] pose done
[track_one()] Welcome
[track_one()] depth processing done
[predict()] ob_in_cams:(1, 4, 4)
[predict()] self.cfg.use_normal:False
[predict()] trans_normalizer:[0.019999999552965164, 0.019999999552965164, 0.05000000074505806], rot_normalizer:0.3490658503988659
[predict()] making cropped data
[make_crop_data_batch()] Welcome make_crop_data_batch
[make_crop_data_batch()] make tf_to_crops done
[make_crop_data_batch()] render done
[make_crop_data_batch()] warp done
[make_crop_data_batch()] pose batch data done
[predict()] forward start
[predict()] forward done
[track_one()] pose done
[track_one()] Welcome
[track_one()] depth processing done
[predict()] ob_in_cams:(1, 4, 4)
[predict()] self.cfg.use_normal:False
[predict()] trans_normalizer:[0.019999999552965164, 0.019999999552965164, 0.05000000074505806], rot_normalizer:0.3490658503988659
[predict()] making cropped data
[make_crop_data_batch()] Welcome make_crop_data_batch
[make_crop_data_batch()] make tf_to_crops done
[make_crop_data_batch()] render done
[make_crop_data_batch()] warp done
[make_crop_data_batch()] pose batch data done
[predict()] forward start
[predict()] forward done
[track_one()] pose done
[track_one()] Welcome
[track_one()] depth processing done
[predict()] ob_in_cams:(1, 4, 4)
[predict()] self.cfg.use_normal:False
[predict()] trans_normalizer:[0.019999999552965164, 0.019999999552965164, 0.05000000074505806], rot_normalizer:0.3490658503988659
[predict()] making cropped data
[make_crop_data_batch()] Welcome make_crop_data_batch
[make_crop_data_batch()] make tf_to_crops done
[make_crop_data_batch()] render done
[make_crop_data_batch()] warp done
[make_crop_data_batch()] pose batch data done
[predict()] forward start
[predict()] forward done
[track_one()] pose done
[track_one()] Welcome
[track_one()] depth processing done
[predict()] ob_in_cams:(1, 4, 4)
[predict()] self.cfg.use_normal:False
[predict()] trans_normalizer:[0.019999999552965164, 0.019999999552965164, 0.05000000074505806], rot_normalizer:0.3490658503988659
[predict()] making cropped data
[make_crop_data_batch()] Welcome make_crop_data_batch
[make_crop_data_batch()] make tf_to_crops done
[make_crop_data_batch()] render done
[make_crop_data_batch()] warp done
[make_crop_data_batch()] pose batch data done
[predict()] forward start
[predict()] forward done
[track_one()] pose done
[track_one()] Welcome
[track_one()] depth processing done
[predict()] ob_in_cams:(1, 4, 4)
[predict()] self.cfg.use_normal:False
[predict()] trans_normalizer:[0.019999999552965164, 0.019999999552965164, 0.05000000074505806], rot_normalizer:0.3490658503988659
[predict()] making cropped data
[make_crop_data_batch()] Welcome make_crop_data_batch
[make_crop_data_batch()] make tf_to_crops done
[make_crop_data_batch()] render done
[make_crop_data_batch()] warp done
[make_crop_data_batch()] pose batch data done
[predict()] forward start
[predict()] forward done
[track_one()] pose done
[track_one()] Welcome
[track_one()] depth processing done
[predict()] ob_in_cams:(1, 4, 4)
[predict()] self.cfg.use_normal:False
[predict()] trans_normalizer:[0.019999999552965164, 0.019999999552965164, 0.05000000074505806], rot_normalizer:0.3490658503988659
[predict()] making cropped data
[make_crop_data_batch()] Welcome make_crop_data_batch
[make_crop_data_batch()] make tf_to_crops done
[make_crop_data_batch()] render done
[make_crop_data_batch()] warp done
[make_crop_data_batch()] pose batch data done
[predict()] forward start
[predict()] forward done
[track_one()] pose done
[track_one()] Welcome
[track_one()] depth processing done
[predict()] ob_in_cams:(1, 4, 4)
[predict()] self.cfg.use_normal:False
[predict()] trans_normalizer:[0.019999999552965164, 0.019999999552965164, 0.05000000074505806], rot_normalizer:0.3490658503988659
[predict()] making cropped data
[make_crop_data_batch()] Welcome make_crop_data_batch
[make_crop_data_batch()] make tf_to_crops done
[make_crop_data_batch()] render done
[make_crop_data_batch()] warp done
[make_crop_data_batch()] pose batch data done
[predict()] forward start
[predict()] forward done
[track_one()] pose done
[track_one()] Welcome
[track_one()] depth processing done
[predict()] ob_in_cams:(1, 4, 4)
[predict()] self.cfg.use_normal:False
[predict()] trans_normalizer:[0.019999999552965164, 0.019999999552965164, 0.05000000074505806], rot_normalizer:0.3490658503988659
[predict()] making cropped data
[make_crop_data_batch()] Welcome make_crop_data_batch
[make_crop_data_batch()] make tf_to_crops done
[make_crop_data_batch()] render done
[make_crop_data_batch()] warp done
[make_crop_data_batch()] pose batch data done
[predict()] forward start
[predict()] forward done
[track_one()] pose done
[track_one()] Welcome
[track_one()] depth processing done
[predict()] ob_in_cams:(1, 4, 4)
[predict()] self.cfg.use_normal:False
[predict()] trans_normalizer:[0.019999999552965164, 0.019999999552965164, 0.05000000074505806], rot_normalizer:0.3490658503988659
[predict()] making cropped data
[make_crop_data_batch()] Welcome make_crop_data_batch
[make_crop_data_batch()] make tf_to_crops done
[make_crop_data_batch()] render done
[make_crop_data_batch()] warp done
[make_crop_data_batch()] pose batch data done
[predict()] forward start
[predict()] forward done
[track_one()] pose done
[track_one()] Welcome
[track_one()] depth processing done
[predict()] ob_in_cams:(1, 4, 4)
[predict()] self.cfg.use_normal:False
[predict()] trans_normalizer:[0.019999999552965164, 0.019999999552965164, 0.05000000074505806], rot_normalizer:0.3490658503988659
[predict()] making cropped data
[make_crop_data_batch()] Welcome make_crop_data_batch
[make_crop_data_batch()] make tf_to_crops done
[make_crop_data_batch()] render done
[make_crop_data_batch()] warp done
[make_crop_data_batch()] pose batch data done
[predict()] forward start
[predict()] forward done
[track_one()] pose done
[track_one()] Welcome
[track_one()] depth processing done
[predict()] ob_in_cams:(1, 4, 4)
[predict()] self.cfg.use_normal:False
[predict()] trans_normalizer:[0.019999999552965164, 0.019999999552965164, 0.05000000074505806], rot_normalizer:0.3490658503988659
[predict()] making cropped data
[make_crop_data_batch()] Welcome make_crop_data_batch
[make_crop_data_batch()] make tf_to_crops done
[make_crop_data_batch()] render done
[make_crop_data_batch()] warp done
[make_crop_data_batch()] pose batch data done
[predict()] forward start
[predict()] forward done
[track_one()] pose done
[track_one()] Welcome
[track_one()] depth processing done
[predict()] ob_in_cams:(1, 4, 4)
[predict()] self.cfg.use_normal:False
[predict()] trans_normalizer:[0.019999999552965164, 0.019999999552965164, 0.05000000074505806], rot_normalizer:0.3490658503988659
[predict()] making cropped data
[make_crop_data_batch()] Welcome make_crop_data_batch
[make_crop_data_batch()] make tf_to_crops done
[make_crop_data_batch()] render done
[make_crop_data_batch()] warp done
[make_crop_data_batch()] pose batch data done
[predict()] forward start
[predict()] forward done
[track_one()] pose done
[track_one()] Welcome
[track_one()] depth processing done
[predict()] ob_in_cams:(1, 4, 4)
[predict()] self.cfg.use_normal:False
[predict()] trans_normalizer:[0.019999999552965164, 0.019999999552965164, 0.05000000074505806], rot_normalizer:0.3490658503988659
[predict()] making cropped data
[make_crop_data_batch()] Welcome make_crop_data_batch
[make_crop_data_batch()] make tf_to_crops done
[make_crop_data_batch()] render done
[make_crop_data_batch()] warp done
[make_crop_data_batch()] pose batch data done
[predict()] forward start
[predict()] forward done
[track_one()] pose done
[track_one()] Welcome
[track_one()] depth processing done
[predict()] ob_in_cams:(1, 4, 4)
[predict()] self.cfg.use_normal:False
[predict()] trans_normalizer:[0.019999999552965164, 0.019999999552965164, 0.05000000074505806], rot_normalizer:0.3490658503988659
[predict()] making cropped data
[make_crop_data_batch()] Welcome make_crop_data_batch
[make_crop_data_batch()] make tf_to_crops done
[make_crop_data_batch()] render done
[make_crop_data_batch()] warp done
[make_crop_data_batch()] pose batch data done
[predict()] forward start
[predict()] forward done
[track_one()] pose done
[track_one()] Welcome
[track_one()] depth processing done
[predict()] ob_in_cams:(1, 4, 4)
[predict()] self.cfg.use_normal:False
[predict()] trans_normalizer:[0.019999999552965164, 0.019999999552965164, 0.05000000074505806], rot_normalizer:0.3490658503988659
[predict()] making cropped data
[make_crop_data_batch()] Welcome make_crop_data_batch
[make_crop_data_batch()] make tf_to_crops done
[make_crop_data_batch()] render done
[make_crop_data_batch()] warp done
[make_crop_data_batch()] pose batch data done
[predict()] forward start
[predict()] forward done
[track_one()] pose done
[track_one()] Welcome
[track_one()] depth processing done
[predict()] ob_in_cams:(1, 4, 4)
[predict()] self.cfg.use_normal:False
[predict()] trans_normalizer:[0.019999999552965164, 0.019999999552965164, 0.05000000074505806], rot_normalizer:0.3490658503988659
[predict()] making cropped data
[make_crop_data_batch()] Welcome make_crop_data_batch
[make_crop_data_batch()] make tf_to_crops done
[make_crop_data_batch()] render done
[make_crop_data_batch()] warp done
[make_crop_data_batch()] pose batch data done
[predict()] forward start
[predict()] forward done
[track_one()] pose done
[track_one()] Welcome
[track_one()] depth processing done
[predict()] ob_in_cams:(1, 4, 4)
[predict()] self.cfg.use_normal:False
[predict()] trans_normalizer:[0.019999999552965164, 0.019999999552965164, 0.05000000074505806], rot_normalizer:0.3490658503988659
[predict()] making cropped data
[make_crop_data_batch()] Welcome make_crop_data_batch
[make_crop_data_batch()] make tf_to_crops done
[make_crop_data_batch()] render done
[make_crop_data_batch()] warp done
[make_crop_data_batch()] pose batch data done
[predict()] forward start
[predict()] forward done
[track_one()] pose done
[track_one()] Welcome
[track_one()] depth processing done
[predict()] ob_in_cams:(1, 4, 4)
[predict()] self.cfg.use_normal:False
[predict()] trans_normalizer:[0.019999999552965164, 0.019999999552965164, 0.05000000074505806], rot_normalizer:0.3490658503988659
[predict()] making cropped data
[make_crop_data_batch()] Welcome make_crop_data_batch
[make_crop_data_batch()] make tf_to_crops done
[make_crop_data_batch()] render done
[make_crop_data_batch()] warp done
[make_crop_data_batch()] pose batch data done
[predict()] forward start
[predict()] forward done
[track_one()] pose done
[track_one()] Welcome
[track_one()] depth processing done
[predict()] ob_in_cams:(1, 4, 4)
[predict()] self.cfg.use_normal:False
[predict()] trans_normalizer:[0.019999999552965164, 0.019999999552965164, 0.05000000074505806], rot_normalizer:0.3490658503988659
[predict()] making cropped data
[make_crop_data_batch()] Welcome make_crop_data_batch
[make_crop_data_batch()] make tf_to_crops done
[make_crop_data_batch()] render done
[make_crop_data_batch()] warp done
[make_crop_data_batch()] pose batch data done
[predict()] forward start
[predict()] forward done
[track_one()] pose done
[track_one()] Welcome
[track_one()] depth processing done
[predict()] ob_in_cams:(1, 4, 4)
[predict()] self.cfg.use_normal:False
[predict()] trans_normalizer:[0.019999999552965164, 0.019999999552965164, 0.05000000074505806], rot_normalizer:0.3490658503988659
[predict()] making cropped data
[make_crop_data_batch()] Welcome make_crop_data_batch
[make_crop_data_batch()] make tf_to_crops done
[make_crop_data_batch()] render done
[make_crop_data_batch()] warp done
[make_crop_data_batch()] pose batch data done
[predict()] forward start
[predict()] forward done
[track_one()] pose done
[track_one()] Welcome
[track_one()] depth processing done
[predict()] ob_in_cams:(1, 4, 4)
[predict()] self.cfg.use_normal:False
[predict()] trans_normalizer:[0.019999999552965164, 0.019999999552965164, 0.05000000074505806], rot_normalizer:0.3490658503988659
[predict()] making cropped data
[make_crop_data_batch()] Welcome make_crop_data_batch
[make_crop_data_batch()] make tf_to_crops done
[make_crop_data_batch()] render done
[make_crop_data_batch()] warp done
[make_crop_data_batch()] pose batch data done
[predict()] forward start
[predict()] forward done
[track_one()] pose done
[track_one()] Welcome
[track_one()] depth processing done
[predict()] ob_in_cams:(1, 4, 4)
[predict()] self.cfg.use_normal:False
[predict()] trans_normalizer:[0.019999999552965164, 0.019999999552965164, 0.05000000074505806], rot_normalizer:0.3490658503988659
[predict()] making cropped data
[make_crop_data_batch()] Welcome make_crop_data_batch
[make_crop_data_batch()] make tf_to_crops done
[make_crop_data_batch()] render done
[make_crop_data_batch()] warp done
[make_crop_data_batch()] pose batch data done
[predict()] forward start
[predict()] forward done
[track_one()] pose done
[track_one()] Welcome
[track_one()] depth processing done
[predict()] ob_in_cams:(1, 4, 4)
[predict()] self.cfg.use_normal:False
[predict()] trans_normalizer:[0.019999999552965164, 0.019999999552965164, 0.05000000074505806], rot_normalizer:0.3490658503988659
[predict()] making cropped data
[make_crop_data_batch()] Welcome make_crop_data_batch
[make_crop_data_batch()] make tf_to_crops done
[make_crop_data_batch()] render done
[make_crop_data_batch()] warp done
[make_crop_data_batch()] pose batch data done
[predict()] forward start
[predict()] forward done
[track_one()] pose done
[track_one()] Welcome
[track_one()] depth processing done
[predict()] ob_in_cams:(1, 4, 4)
[predict()] self.cfg.use_normal:False
[predict()] trans_normalizer:[0.019999999552965164, 0.019999999552965164, 0.05000000074505806], rot_normalizer:0.3490658503988659
[predict()] making cropped data
[make_crop_data_batch()] Welcome make_crop_data_batch
[make_crop_data_batch()] make tf_to_crops done
[make_crop_data_batch()] render done
[make_crop_data_batch()] warp done
[make_crop_data_batch()] pose batch data done
[predict()] forward start
[predict()] forward done
[track_one()] pose done
[track_one()] Welcome
[track_one()] depth processing done
[predict()] ob_in_cams:(1, 4, 4)
[predict()] self.cfg.use_normal:False
[predict()] trans_normalizer:[0.019999999552965164, 0.019999999552965164, 0.05000000074505806], rot_normalizer:0.3490658503988659
[predict()] making cropped data
[make_crop_data_batch()] Welcome make_crop_data_batch
[make_crop_data_batch()] make tf_to_crops done
[make_crop_data_batch()] render done
[make_crop_data_batch()] warp done
[make_crop_data_batch()] pose batch data done
[predict()] forward start
[predict()] forward done
[track_one()] pose done
[track_one()] Welcome
[track_one()] depth processing done
[predict()] ob_in_cams:(1, 4, 4)
[predict()] self.cfg.use_normal:False
[predict()] trans_normalizer:[0.019999999552965164, 0.019999999552965164, 0.05000000074505806], rot_normalizer:0.3490658503988659
[predict()] making cropped data
[make_crop_data_batch()] Welcome make_crop_data_batch
[make_crop_data_batch()] make tf_to_crops done
[make_crop_data_batch()] render done
[make_crop_data_batch()] warp done
[make_crop_data_batch()] pose batch data done
[predict()] forward start
[predict()] forward done
[track_one()] pose done
[track_one()] Welcome
[track_one()] depth processing done
[predict()] ob_in_cams:(1, 4, 4)
[predict()] self.cfg.use_normal:False
[predict()] trans_normalizer:[0.019999999552965164, 0.019999999552965164, 0.05000000074505806], rot_normalizer:0.3490658503988659
[predict()] making cropped data
[make_crop_data_batch()] Welcome make_crop_data_batch
[make_crop_data_batch()] make tf_to_crops done
[make_crop_data_batch()] render done
[make_crop_data_batch()] warp done
[make_crop_data_batch()] pose batch data done
[predict()] forward start
[predict()] forward done
[track_one()] pose done
[track_one()] Welcome
[track_one()] depth processing done
[predict()] ob_in_cams:(1, 4, 4)
[predict()] self.cfg.use_normal:False
[predict()] trans_normalizer:[0.019999999552965164, 0.019999999552965164, 0.05000000074505806], rot_normalizer:0.3490658503988659
[predict()] making cropped data
[make_crop_data_batch()] Welcome make_crop_data_batch
[make_crop_data_batch()] make tf_to_crops done
[make_crop_data_batch()] render done
[make_crop_data_batch()] warp done
[make_crop_data_batch()] pose batch data done
[predict()] forward start
[predict()] forward done
[track_one()] pose done
[track_one()] Welcome
[track_one()] depth processing done
[predict()] ob_in_cams:(1, 4, 4)
[predict()] self.cfg.use_normal:False
[predict()] trans_normalizer:[0.019999999552965164, 0.019999999552965164, 0.05000000074505806], rot_normalizer:0.3490658503988659
[predict()] making cropped data
[make_crop_data_batch()] Welcome make_crop_data_batch
[make_crop_data_batch()] make tf_to_crops done
[make_crop_data_batch()] render done
[make_crop_data_batch()] warp done
[make_crop_data_batch()] pose batch data done
[predict()] forward start
[predict()] forward done
[track_one()] pose done
[track_one()] Welcome
[track_one()] depth processing done
[predict()] ob_in_cams:(1, 4, 4)
[predict()] self.cfg.use_normal:False
[predict()] trans_normalizer:[0.019999999552965164, 0.019999999552965164, 0.05000000074505806], rot_normalizer:0.3490658503988659
[predict()] making cropped data
[make_crop_data_batch()] Welcome make_crop_data_batch
[make_crop_data_batch()] make tf_to_crops done
[make_crop_data_batch()] render done
[make_crop_data_batch()] warp done
[make_crop_data_batch()] pose batch data done
[predict()] forward start
[predict()] forward done
[track_one()] pose done
[track_one()] Welcome
[track_one()] depth processing done
[predict()] ob_in_cams:(1, 4, 4)
[predict()] self.cfg.use_normal:False
[predict()] trans_normalizer:[0.019999999552965164, 0.019999999552965164, 0.05000000074505806], rot_normalizer:0.3490658503988659
[predict()] making cropped data
[make_crop_data_batch()] Welcome make_crop_data_batch
[make_crop_data_batch()] make tf_to_crops done
[make_crop_data_batch()] render done
[make_crop_data_batch()] warp done
[make_crop_data_batch()] pose batch data done
[predict()] forward start
[predict()] forward done
[track_one()] pose done
[track_one()] Welcome
[track_one()] depth processing done
[predict()] ob_in_cams:(1, 4, 4)
[predict()] self.cfg.use_normal:False
[predict()] trans_normalizer:[0.019999999552965164, 0.019999999552965164, 0.05000000074505806], rot_normalizer:0.3490658503988659
[predict()] making cropped data
[make_crop_data_batch()] Welcome make_crop_data_batch
[make_crop_data_batch()] make tf_to_crops done
[make_crop_data_batch()] render done
[make_crop_data_batch()] warp done
[make_crop_data_batch()] pose batch data done
[predict()] forward start
[predict()] forward done
[track_one()] pose done
[track_one()] Welcome
[track_one()] depth processing done
[predict()] ob_in_cams:(1, 4, 4)
[predict()] self.cfg.use_normal:False
[predict()] trans_normalizer:[0.019999999552965164, 0.019999999552965164, 0.05000000074505806], rot_normalizer:0.3490658503988659
[predict()] making cropped data
[make_crop_data_batch()] Welcome make_crop_data_batch
[make_crop_data_batch()] make tf_to_crops done
[make_crop_data_batch()] render done
[make_crop_data_batch()] warp done
[make_crop_data_batch()] pose batch data done
[predict()] forward start
[predict()] forward done
[track_one()] pose done
[track_one()] Welcome
[track_one()] depth processing done
[predict()] ob_in_cams:(1, 4, 4)
[predict()] self.cfg.use_normal:False
[predict()] trans_normalizer:[0.019999999552965164, 0.019999999552965164, 0.05000000074505806], rot_normalizer:0.3490658503988659
[predict()] making cropped data
[make_crop_data_batch()] Welcome make_crop_data_batch
[make_crop_data_batch()] make tf_to_crops done
[make_crop_data_batch()] render done
[make_crop_data_batch()] warp done
[make_crop_data_batch()] pose batch data done
[predict()] forward start
[predict()] forward done
[track_one()] pose done
[track_one()] Welcome
[track_one()] depth processing done
[predict()] ob_in_cams:(1, 4, 4)
[predict()] self.cfg.use_normal:False
[predict()] trans_normalizer:[0.019999999552965164, 0.019999999552965164, 0.05000000074505806], rot_normalizer:0.3490658503988659
[predict()] making cropped data
[make_crop_data_batch()] Welcome make_crop_data_batch
[make_crop_data_batch()] make tf_to_crops done
[make_crop_data_batch()] render done
[make_crop_data_batch()] warp done
[make_crop_data_batch()] pose batch data done
[predict()] forward start
[predict()] forward done
[track_one()] pose done
[track_one()] Welcome
[track_one()] depth processing done
[predict()] ob_in_cams:(1, 4, 4)
[predict()] self.cfg.use_normal:False
[predict()] trans_normalizer:[0.019999999552965164, 0.019999999552965164, 0.05000000074505806], rot_normalizer:0.3490658503988659
[predict()] making cropped data
[make_crop_data_batch()] Welcome make_crop_data_batch
[make_crop_data_batch()] make tf_to_crops done
[make_crop_data_batch()] render done
[make_crop_data_batch()] warp done
[make_crop_data_batch()] pose batch data done
[predict()] forward start
[predict()] forward done
[track_one()] pose done
[track_one()] Welcome
[track_one()] depth processing done
[predict()] ob_in_cams:(1, 4, 4)
[predict()] self.cfg.use_normal:False
[predict()] trans_normalizer:[0.019999999552965164, 0.019999999552965164, 0.05000000074505806], rot_normalizer:0.3490658503988659
[predict()] making cropped data
[make_crop_data_batch()] Welcome make_crop_data_batch
[make_crop_data_batch()] make tf_to_crops done
[make_crop_data_batch()] render done
[make_crop_data_batch()] warp done
[make_crop_data_batch()] pose batch data done
[predict()] forward start
[predict()] forward done
[track_one()] pose done
[track_one()] Welcome
[track_one()] depth processing done
[predict()] ob_in_cams:(1, 4, 4)
[predict()] self.cfg.use_normal:False
[predict()] trans_normalizer:[0.019999999552965164, 0.019999999552965164, 0.05000000074505806], rot_normalizer:0.3490658503988659
[predict()] making cropped data
[make_crop_data_batch()] Welcome make_crop_data_batch
[make_crop_data_batch()] make tf_to_crops done
[make_crop_data_batch()] render done
[make_crop_data_batch()] warp done
[make_crop_data_batch()] pose batch data done
[predict()] forward start
[predict()] forward done
[track_one()] pose done
[track_one()] Welcome
[track_one()] depth processing done
[predict()] ob_in_cams:(1, 4, 4)
[predict()] self.cfg.use_normal:False
[predict()] trans_normalizer:[0.019999999552965164, 0.019999999552965164, 0.05000000074505806], rot_normalizer:0.3490658503988659
[predict()] making cropped data
[make_crop_data_batch()] Welcome make_crop_data_batch
[make_crop_data_batch()] make tf_to_crops done
[make_crop_data_batch()] render done
[make_crop_data_batch()] warp done
[make_crop_data_batch()] pose batch data done
[predict()] forward start
[predict()] forward done
[track_one()] pose done
[track_one()] Welcome
[track_one()] depth processing done
[predict()] ob_in_cams:(1, 4, 4)
[predict()] self.cfg.use_normal:False
[predict()] trans_normalizer:[0.019999999552965164, 0.019999999552965164, 0.05000000074505806], rot_normalizer:0.3490658503988659
[predict()] making cropped data
[make_crop_data_batch()] Welcome make_crop_data_batch
[make_crop_data_batch()] make tf_to_crops done
[make_crop_data_batch()] render done
[make_crop_data_batch()] warp done
[make_crop_data_batch()] pose batch data done
[predict()] forward start
[predict()] forward done
[track_one()] pose done
[track_one()] Welcome
[track_one()] depth processing done
[predict()] ob_in_cams:(1, 4, 4)
[predict()] self.cfg.use_normal:False
[predict()] trans_normalizer:[0.019999999552965164, 0.019999999552965164, 0.05000000074505806], rot_normalizer:0.3490658503988659
[predict()] making cropped data
[make_crop_data_batch()] Welcome make_crop_data_batch
[make_crop_data_batch()] make tf_to_crops done
[make_crop_data_batch()] render done
[make_crop_data_batch()] warp done
[make_crop_data_batch()] pose batch data done
[predict()] forward start
[predict()] forward done
[track_one()] pose done
[track_one()] Welcome
[track_one()] depth processing done
[predict()] ob_in_cams:(1, 4, 4)
[predict()] self.cfg.use_normal:False
[predict()] trans_normalizer:[0.019999999552965164, 0.019999999552965164, 0.05000000074505806], rot_normalizer:0.3490658503988659
[predict()] making cropped data
[make_crop_data_batch()] Welcome make_crop_data_batch
[make_crop_data_batch()] make tf_to_crops done
[make_crop_data_batch()] render done
[make_crop_data_batch()] warp done
[make_crop_data_batch()] pose batch data done
[predict()] forward start
[predict()] forward done
[track_one()] pose done
[track_one()] Welcome
[track_one()] depth processing done
[predict()] ob_in_cams:(1, 4, 4)
[predict()] self.cfg.use_normal:False
[predict()] trans_normalizer:[0.019999999552965164, 0.019999999552965164, 0.05000000074505806], rot_normalizer:0.3490658503988659
[predict()] making cropped data
[make_crop_data_batch()] Welcome make_crop_data_batch
[make_crop_data_batch()] make tf_to_crops done
[make_crop_data_batch()] render done
[make_crop_data_batch()] warp done
[make_crop_data_batch()] pose batch data done
[predict()] forward start
[predict()] forward done
[track_one()] pose done
[track_one()] Welcome
[track_one()] depth processing done
[predict()] ob_in_cams:(1, 4, 4)
[predict()] self.cfg.use_normal:False
[predict()] trans_normalizer:[0.019999999552965164, 0.019999999552965164, 0.05000000074505806], rot_normalizer:0.3490658503988659
[predict()] making cropped data
[make_crop_data_batch()] Welcome make_crop_data_batch
[make_crop_data_batch()] make tf_to_crops done
[make_crop_data_batch()] render done
[make_crop_data_batch()] warp done
[make_crop_data_batch()] pose batch data done
[predict()] forward start
[predict()] forward done
[track_one()] pose done
[track_one()] Welcome
[track_one()] depth processing done
[predict()] ob_in_cams:(1, 4, 4)
[predict()] self.cfg.use_normal:False
[predict()] trans_normalizer:[0.019999999552965164, 0.019999999552965164, 0.05000000074505806], rot_normalizer:0.3490658503988659
[predict()] making cropped data
[make_crop_data_batch()] Welcome make_crop_data_batch
[make_crop_data_batch()] make tf_to_crops done
[make_crop_data_batch()] render done
[make_crop_data_batch()] warp done
[make_crop_data_batch()] pose batch data done
[predict()] forward start
[predict()] forward done
[track_one()] pose done
[track_one()] Welcome
[track_one()] depth processing done
[predict()] ob_in_cams:(1, 4, 4)
[predict()] self.cfg.use_normal:False
[predict()] trans_normalizer:[0.019999999552965164, 0.019999999552965164, 0.05000000074505806], rot_normalizer:0.3490658503988659
[predict()] making cropped data
[make_crop_data_batch()] Welcome make_crop_data_batch
[make_crop_data_batch()] make tf_to_crops done
[make_crop_data_batch()] render done
[make_crop_data_batch()] warp done
[make_crop_data_batch()] pose batch data done
[predict()] forward start
[predict()] forward done
[track_one()] pose done
[track_one()] Welcome
[track_one()] depth processing done
[predict()] ob_in_cams:(1, 4, 4)
[predict()] self.cfg.use_normal:False
[predict()] trans_normalizer:[0.019999999552965164, 0.019999999552965164, 0.05000000074505806], rot_normalizer:0.3490658503988659
[predict()] making cropped data
[make_crop_data_batch()] Welcome make_crop_data_batch
[make_crop_data_batch()] make tf_to_crops done
[make_crop_data_batch()] render done
[make_crop_data_batch()] warp done
[make_crop_data_batch()] pose batch data done
[predict()] forward start
[predict()] forward done
[track_one()] pose done
[track_one()] Welcome
[track_one()] depth processing done
[predict()] ob_in_cams:(1, 4, 4)
[predict()] self.cfg.use_normal:False
[predict()] trans_normalizer:[0.019999999552965164, 0.019999999552965164, 0.05000000074505806], rot_normalizer:0.3490658503988659
[predict()] making cropped data
[make_crop_data_batch()] Welcome make_crop_data_batch
[make_crop_data_batch()] make tf_to_crops done
[make_crop_data_batch()] render done
[make_crop_data_batch()] warp done
[make_crop_data_batch()] pose batch data done
[predict()] forward start
[predict()] forward done
[track_one()] pose done
[track_one()] Welcome
[track_one()] depth processing done
[predict()] ob_in_cams:(1, 4, 4)
[predict()] self.cfg.use_normal:False
[predict()] trans_normalizer:[0.019999999552965164, 0.019999999552965164, 0.05000000074505806], rot_normalizer:0.3490658503988659
[predict()] making cropped data
[make_crop_data_batch()] Welcome make_crop_data_batch
[make_crop_data_batch()] make tf_to_crops done
[make_crop_data_batch()] render done
[make_crop_data_batch()] warp done
[make_crop_data_batch()] pose batch data done
[predict()] forward start
[predict()] forward done
[track_one()] pose done
[track_one()] Welcome
[track_one()] depth processing done
[predict()] ob_in_cams:(1, 4, 4)
[predict()] self.cfg.use_normal:False
[predict()] trans_normalizer:[0.019999999552965164, 0.019999999552965164, 0.05000000074505806], rot_normalizer:0.3490658503988659
[predict()] making cropped data
[make_crop_data_batch()] Welcome make_crop_data_batch
[make_crop_data_batch()] make tf_to_crops done
[make_crop_data_batch()] render done
[make_crop_data_batch()] warp done
[make_crop_data_batch()] pose batch data done
[predict()] forward start
[predict()] forward done
[track_one()] pose done
[track_one()] Welcome
[track_one()] depth processing done
[predict()] ob_in_cams:(1, 4, 4)
[predict()] self.cfg.use_normal:False
[predict()] trans_normalizer:[0.019999999552965164, 0.019999999552965164, 0.05000000074505806], rot_normalizer:0.3490658503988659
[predict()] making cropped data
[make_crop_data_batch()] Welcome make_crop_data_batch
[make_crop_data_batch()] make tf_to_crops done
[make_crop_data_batch()] render done
[make_crop_data_batch()] warp done
[make_crop_data_batch()] pose batch data done
[predict()] forward start
[predict()] forward done
[track_one()] pose done
[track_one()] Welcome
[track_one()] depth processing done
[predict()] ob_in_cams:(1, 4, 4)
[predict()] self.cfg.use_normal:False
[predict()] trans_normalizer:[0.019999999552965164, 0.019999999552965164, 0.05000000074505806], rot_normalizer:0.3490658503988659
[predict()] making cropped data
[make_crop_data_batch()] Welcome make_crop_data_batch
[make_crop_data_batch()] make tf_to_crops done
[make_crop_data_batch()] render done
[make_crop_data_batch()] warp done
[make_crop_data_batch()] pose batch data done
[predict()] forward start
[predict()] forward done
[track_one()] pose done
[track_one()] Welcome
[track_one()] depth processing done
[predict()] ob_in_cams:(1, 4, 4)
[predict()] self.cfg.use_normal:False
[predict()] trans_normalizer:[0.019999999552965164, 0.019999999552965164, 0.05000000074505806], rot_normalizer:0.3490658503988659
[predict()] making cropped data
[make_crop_data_batch()] Welcome make_crop_data_batch
[make_crop_data_batch()] make tf_to_crops done
[make_crop_data_batch()] render done
[make_crop_data_batch()] warp done
[make_crop_data_batch()] pose batch data done
[predict()] forward start
[predict()] forward done
[track_one()] pose done
[track_one()] Welcome
[track_one()] depth processing done
[predict()] ob_in_cams:(1, 4, 4)
[predict()] self.cfg.use_normal:False
[predict()] trans_normalizer:[0.019999999552965164, 0.019999999552965164, 0.05000000074505806], rot_normalizer:0.3490658503988659
[predict()] making cropped data
[make_crop_data_batch()] Welcome make_crop_data_batch
[make_crop_data_batch()] make tf_to_crops done
[make_crop_data_batch()] render done
[make_crop_data_batch()] warp done
[make_crop_data_batch()] pose batch data done
[predict()] forward start
[predict()] forward done
[track_one()] pose done
[track_one()] Welcome
[track_one()] depth processing done
[predict()] ob_in_cams:(1, 4, 4)
[predict()] self.cfg.use_normal:False
[predict()] trans_normalizer:[0.019999999552965164, 0.019999999552965164, 0.05000000074505806], rot_normalizer:0.3490658503988659
[predict()] making cropped data
[make_crop_data_batch()] Welcome make_crop_data_batch
[make_crop_data_batch()] make tf_to_crops done
[make_crop_data_batch()] render done
[make_crop_data_batch()] warp done
[make_crop_data_batch()] pose batch data done
[predict()] forward start
[predict()] forward done
[track_one()] pose done
[track_one()] Welcome
[track_one()] depth processing done
[predict()] ob_in_cams:(1, 4, 4)
[predict()] self.cfg.use_normal:False
[predict()] trans_normalizer:[0.019999999552965164, 0.019999999552965164, 0.05000000074505806], rot_normalizer:0.3490658503988659
[predict()] making cropped data
[make_crop_data_batch()] Welcome make_crop_data_batch
[make_crop_data_batch()] make tf_to_crops done
[make_crop_data_batch()] render done
[make_crop_data_batch()] warp done
[make_crop_data_batch()] pose batch data done
[predict()] forward start
[predict()] forward done
[track_one()] pose done
[track_one()] Welcome
[track_one()] depth processing done
[predict()] ob_in_cams:(1, 4, 4)
[predict()] self.cfg.use_normal:False
[predict()] trans_normalizer:[0.019999999552965164, 0.019999999552965164, 0.05000000074505806], rot_normalizer:0.3490658503988659
[predict()] making cropped data
[make_crop_data_batch()] Welcome make_crop_data_batch
[make_crop_data_batch()] make tf_to_crops done
[make_crop_data_batch()] render done
[make_crop_data_batch()] warp done
[make_crop_data_batch()] pose batch data done
[predict()] forward start
[predict()] forward done
[track_one()] pose done
[track_one()] Welcome
[track_one()] depth processing done
[predict()] ob_in_cams:(1, 4, 4)
[predict()] self.cfg.use_normal:False
[predict()] trans_normalizer:[0.019999999552965164, 0.019999999552965164, 0.05000000074505806], rot_normalizer:0.3490658503988659
[predict()] making cropped data
[make_crop_data_batch()] Welcome make_crop_data_batch
[make_crop_data_batch()] make tf_to_crops done
[make_crop_data_batch()] render done
[make_crop_data_batch()] warp done
[make_crop_data_batch()] pose batch data done
[predict()] forward start
[predict()] forward done
[track_one()] pose done
[track_one()] Welcome
[track_one()] depth processing done
[predict()] ob_in_cams:(1, 4, 4)
[predict()] self.cfg.use_normal:False
[predict()] trans_normalizer:[0.019999999552965164, 0.019999999552965164, 0.05000000074505806], rot_normalizer:0.3490658503988659
[predict()] making cropped data
[make_crop_data_batch()] Welcome make_crop_data_batch
[make_crop_data_batch()] make tf_to_crops done
[make_crop_data_batch()] render done
[make_crop_data_batch()] warp done
[make_crop_data_batch()] pose batch data done
[predict()] forward start
[predict()] forward done
[track_one()] pose done
[track_one()] Welcome
[track_one()] depth processing done
[predict()] ob_in_cams:(1, 4, 4)
[predict()] self.cfg.use_normal:False
[predict()] trans_normalizer:[0.019999999552965164, 0.019999999552965164, 0.05000000074505806], rot_normalizer:0.3490658503988659
[predict()] making cropped data
[make_crop_data_batch()] Welcome make_crop_data_batch
[make_crop_data_batch()] make tf_to_crops done
[make_crop_data_batch()] render done
[make_crop_data_batch()] warp done
[make_crop_data_batch()] pose batch data done
[predict()] forward start
[predict()] forward done
[track_one()] pose done
[track_one()] Welcome
[track_one()] depth processing done
[predict()] ob_in_cams:(1, 4, 4)
[predict()] self.cfg.use_normal:False
[predict()] trans_normalizer:[0.019999999552965164, 0.019999999552965164, 0.05000000074505806], rot_normalizer:0.3490658503988659
[predict()] making cropped data
[make_crop_data_batch()] Welcome make_crop_data_batch
[make_crop_data_batch()] make tf_to_crops done
[make_crop_data_batch()] render done
[make_crop_data_batch()] warp done
[make_crop_data_batch()] pose batch data done
[predict()] forward start
[predict()] forward done
[track_one()] pose done
[track_one()] Welcome
[track_one()] depth processing done
[predict()] ob_in_cams:(1, 4, 4)
[predict()] self.cfg.use_normal:False
[predict()] trans_normalizer:[0.019999999552965164, 0.019999999552965164, 0.05000000074505806], rot_normalizer:0.3490658503988659
[predict()] making cropped data
[make_crop_data_batch()] Welcome make_crop_data_batch
[make_crop_data_batch()] make tf_to_crops done
[make_crop_data_batch()] render done
[make_crop_data_batch()] warp done
[make_crop_data_batch()] pose batch data done
[predict()] forward start
[predict()] forward done
[track_one()] pose done
[track_one()] Welcome
[track_one()] depth processing done
[predict()] ob_in_cams:(1, 4, 4)
[predict()] self.cfg.use_normal:False
[predict()] trans_normalizer:[0.019999999552965164, 0.019999999552965164, 0.05000000074505806], rot_normalizer:0.3490658503988659
[predict()] making cropped data
[make_crop_data_batch()] Welcome make_crop_data_batch
[make_crop_data_batch()] make tf_to_crops done
[make_crop_data_batch()] render done
[make_crop_data_batch()] warp done
[make_crop_data_batch()] pose batch data done
[predict()] forward start
[predict()] forward done
[track_one()] pose done
[track_one()] Welcome
[track_one()] depth processing done
[predict()] ob_in_cams:(1, 4, 4)
[predict()] self.cfg.use_normal:False
[predict()] trans_normalizer:[0.019999999552965164, 0.019999999552965164, 0.05000000074505806], rot_normalizer:0.3490658503988659
[predict()] making cropped data
[make_crop_data_batch()] Welcome make_crop_data_batch
[make_crop_data_batch()] make tf_to_crops done
[make_crop_data_batch()] render done
[make_crop_data_batch()] warp done
[make_crop_data_batch()] pose batch data done
[predict()] forward start
[predict()] forward done
[track_one()] pose done
[track_one()] Welcome
[track_one()] depth processing done
[predict()] ob_in_cams:(1, 4, 4)
[predict()] self.cfg.use_normal:False
[predict()] trans_normalizer:[0.019999999552965164, 0.019999999552965164, 0.05000000074505806], rot_normalizer:0.3490658503988659
[predict()] making cropped data
[make_crop_data_batch()] Welcome make_crop_data_batch
[make_crop_data_batch()] make tf_to_crops done
[make_crop_data_batch()] render done
[make_crop_data_batch()] warp done
[make_crop_data_batch()] pose batch data done
[predict()] forward start
[predict()] forward done
[track_one()] pose done
[track_one()] Welcome
[track_one()] depth processing done
[predict()] ob_in_cams:(1, 4, 4)
[predict()] self.cfg.use_normal:False
[predict()] trans_normalizer:[0.019999999552965164, 0.019999999552965164, 0.05000000074505806], rot_normalizer:0.3490658503988659
[predict()] making cropped data
[make_crop_data_batch()] Welcome make_crop_data_batch
[make_crop_data_batch()] make tf_to_crops done
[make_crop_data_batch()] render done
[make_crop_data_batch()] warp done
[make_crop_data_batch()] pose batch data done
[predict()] forward start
[predict()] forward done
[track_one()] pose done
[track_one()] Welcome
[track_one()] depth processing done
[predict()] ob_in_cams:(1, 4, 4)
[predict()] self.cfg.use_normal:False
[predict()] trans_normalizer:[0.019999999552965164, 0.019999999552965164, 0.05000000074505806], rot_normalizer:0.3490658503988659
[predict()] making cropped data
[make_crop_data_batch()] Welcome make_crop_data_batch
[make_crop_data_batch()] make tf_to_crops done
[make_crop_data_batch()] render done
[make_crop_data_batch()] warp done
[make_crop_data_batch()] pose batch data done
[predict()] forward start
[predict()] forward done
[track_one()] pose done
[track_one()] Welcome
[track_one()] depth processing done
[predict()] ob_in_cams:(1, 4, 4)
[predict()] self.cfg.use_normal:False
[predict()] trans_normalizer:[0.019999999552965164, 0.019999999552965164, 0.05000000074505806], rot_normalizer:0.3490658503988659
[predict()] making cropped data
[make_crop_data_batch()] Welcome make_crop_data_batch
[make_crop_data_batch()] make tf_to_crops done
[make_crop_data_batch()] render done
[make_crop_data_batch()] warp done
[make_crop_data_batch()] pose batch data done
[predict()] forward start
[predict()] forward done
[track_one()] pose done
[track_one()] Welcome
[track_one()] depth processing done
[predict()] ob_in_cams:(1, 4, 4)
[predict()] self.cfg.use_normal:False
[predict()] trans_normalizer:[0.019999999552965164, 0.019999999552965164, 0.05000000074505806], rot_normalizer:0.3490658503988659
[predict()] making cropped data
[make_crop_data_batch()] Welcome make_crop_data_batch
[make_crop_data_batch()] make tf_to_crops done
[make_crop_data_batch()] render done
[make_crop_data_batch()] warp done
[make_crop_data_batch()] pose batch data done
[predict()] forward start
[predict()] forward done
[track_one()] pose done
[track_one()] Welcome
[track_one()] depth processing done
[predict()] ob_in_cams:(1, 4, 4)
[predict()] self.cfg.use_normal:False
[predict()] trans_normalizer:[0.019999999552965164, 0.019999999552965164, 0.05000000074505806], rot_normalizer:0.3490658503988659
[predict()] making cropped data
[make_crop_data_batch()] Welcome make_crop_data_batch
[make_crop_data_batch()] make tf_to_crops done
[make_crop_data_batch()] render done
[make_crop_data_batch()] warp done
[make_crop_data_batch()] pose batch data done
[predict()] forward start
[predict()] forward done
[track_one()] pose done
[track_one()] Welcome
[track_one()] depth processing done
[predict()] ob_in_cams:(1, 4, 4)
[predict()] self.cfg.use_normal:False
[predict()] trans_normalizer:[0.019999999552965164, 0.019999999552965164, 0.05000000074505806], rot_normalizer:0.3490658503988659
[predict()] making cropped data
[make_crop_data_batch()] Welcome make_crop_data_batch
[make_crop_data_batch()] make tf_to_crops done
[make_crop_data_batch()] render done
[make_crop_data_batch()] warp done
[make_crop_data_batch()] pose batch data done
[predict()] forward start
[predict()] forward done
[track_one()] pose done
[track_one()] Welcome
[track_one()] depth processing done
[predict()] ob_in_cams:(1, 4, 4)
[predict()] self.cfg.use_normal:False
[predict()] trans_normalizer:[0.019999999552965164, 0.019999999552965164, 0.05000000074505806], rot_normalizer:0.3490658503988659
[predict()] making cropped data
[make_crop_data_batch()] Welcome make_crop_data_batch
[make_crop_data_batch()] make tf_to_crops done
[make_crop_data_batch()] render done
[make_crop_data_batch()] warp done
[make_crop_data_batch()] pose batch data done
[predict()] forward start
[predict()] forward done
[track_one()] pose done
[track_one()] Welcome
[track_one()] depth processing done
[predict()] ob_in_cams:(1, 4, 4)
[predict()] self.cfg.use_normal:False
[predict()] trans_normalizer:[0.019999999552965164, 0.019999999552965164, 0.05000000074505806], rot_normalizer:0.3490658503988659
[predict()] making cropped data
[make_crop_data_batch()] Welcome make_crop_data_batch
[make_crop_data_batch()] make tf_to_crops done
[make_crop_data_batch()] render done
[make_crop_data_batch()] warp done
[make_crop_data_batch()] pose batch data done
[predict()] forward start
[predict()] forward done
[track_one()] pose done
[track_one()] Welcome
[track_one()] depth processing done
[predict()] ob_in_cams:(1, 4, 4)
[predict()] self.cfg.use_normal:False
[predict()] trans_normalizer:[0.019999999552965164, 0.019999999552965164, 0.05000000074505806], rot_normalizer:0.3490658503988659
[predict()] making cropped data
[make_crop_data_batch()] Welcome make_crop_data_batch
[make_crop_data_batch()] make tf_to_crops done
[make_crop_data_batch()] render done
[make_crop_data_batch()] warp done
[make_crop_data_batch()] pose batch data done
[predict()] forward start
[predict()] forward done
[track_one()] pose done
[track_one()] Welcome
[track_one()] depth processing done
[predict()] ob_in_cams:(1, 4, 4)
[predict()] self.cfg.use_normal:False
[predict()] trans_normalizer:[0.019999999552965164, 0.019999999552965164, 0.05000000074505806], rot_normalizer:0.3490658503988659
[predict()] making cropped data
[make_crop_data_batch()] Welcome make_crop_data_batch
[make_crop_data_batch()] make tf_to_crops done
[make_crop_data_batch()] render done
[make_crop_data_batch()] warp done
[make_crop_data_batch()] pose batch data done
[predict()] forward start
[predict()] forward done
[track_one()] pose done
[track_one()] Welcome
[track_one()] depth processing done
[predict()] ob_in_cams:(1, 4, 4)
[predict()] self.cfg.use_normal:False
[predict()] trans_normalizer:[0.019999999552965164, 0.019999999552965164, 0.05000000074505806], rot_normalizer:0.3490658503988659
[predict()] making cropped data
[make_crop_data_batch()] Welcome make_crop_data_batch
[make_crop_data_batch()] make tf_to_crops done
[make_crop_data_batch()] render done
[make_crop_data_batch()] warp done
[make_crop_data_batch()] pose batch data done
[predict()] forward start
[predict()] forward done
[track_one()] pose done
[track_one()] Welcome
[track_one()] depth processing done
[predict()] ob_in_cams:(1, 4, 4)
[predict()] self.cfg.use_normal:False
[predict()] trans_normalizer:[0.019999999552965164, 0.019999999552965164, 0.05000000074505806], rot_normalizer:0.3490658503988659
[predict()] making cropped data
[make_crop_data_batch()] Welcome make_crop_data_batch
[make_crop_data_batch()] make tf_to_crops done
[make_crop_data_batch()] render done
[make_crop_data_batch()] warp done
[make_crop_data_batch()] pose batch data done
[predict()] forward start
[predict()] forward done
[track_one()] pose done
[track_one()] Welcome
[track_one()] depth processing done
[predict()] ob_in_cams:(1, 4, 4)
[predict()] self.cfg.use_normal:False
[predict()] trans_normalizer:[0.019999999552965164, 0.019999999552965164, 0.05000000074505806], rot_normalizer:0.3490658503988659
[predict()] making cropped data
[make_crop_data_batch()] Welcome make_crop_data_batch
[make_crop_data_batch()] make tf_to_crops done
[make_crop_data_batch()] render done
[make_crop_data_batch()] warp done
[make_crop_data_batch()] pose batch data done
[predict()] forward start
[predict()] forward done
[track_one()] pose done
[track_one()] Welcome
[track_one()] depth processing done
[predict()] ob_in_cams:(1, 4, 4)
[predict()] self.cfg.use_normal:False
[predict()] trans_normalizer:[0.019999999552965164, 0.019999999552965164, 0.05000000074505806], rot_normalizer:0.3490658503988659
[predict()] making cropped data
[make_crop_data_batch()] Welcome make_crop_data_batch
[make_crop_data_batch()] make tf_to_crops done
[make_crop_data_batch()] render done
[make_crop_data_batch()] warp done
[make_crop_data_batch()] pose batch data done
[predict()] forward start
[predict()] forward done
[track_one()] pose done
[track_one()] Welcome
[track_one()] depth processing done
[predict()] ob_in_cams:(1, 4, 4)
[predict()] self.cfg.use_normal:False
[predict()] trans_normalizer:[0.019999999552965164, 0.019999999552965164, 0.05000000074505806], rot_normalizer:0.3490658503988659
[predict()] making cropped data
[make_crop_data_batch()] Welcome make_crop_data_batch
[make_crop_data_batch()] make tf_to_crops done
[make_crop_data_batch()] render done
[make_crop_data_batch()] warp done
[make_crop_data_batch()] pose batch data done
[predict()] forward start
[predict()] forward done
[track_one()] pose done
[track_one()] Welcome
[track_one()] depth processing done
[predict()] ob_in_cams:(1, 4, 4)
[predict()] self.cfg.use_normal:False
[predict()] trans_normalizer:[0.019999999552965164, 0.019999999552965164, 0.05000000074505806], rot_normalizer:0.3490658503988659
[predict()] making cropped data
[make_crop_data_batch()] Welcome make_crop_data_batch
[make_crop_data_batch()] make tf_to_crops done
[make_crop_data_batch()] render done
[make_crop_data_batch()] warp done
[make_crop_data_batch()] pose batch data done
[predict()] forward start
[predict()] forward done
[track_one()] pose done
[track_one()] Welcome
[track_one()] depth processing done
[predict()] ob_in_cams:(1, 4, 4)
[predict()] self.cfg.use_normal:False
[predict()] trans_normalizer:[0.019999999552965164, 0.019999999552965164, 0.05000000074505806], rot_normalizer:0.3490658503988659
[predict()] making cropped data
[make_crop_data_batch()] Welcome make_crop_data_batch
[make_crop_data_batch()] make tf_to_crops done
[make_crop_data_batch()] render done
[make_crop_data_batch()] warp done
[make_crop_data_batch()] pose batch data done
[predict()] forward start
[predict()] forward done
[track_one()] pose done
[track_one()] Welcome
[track_one()] depth processing done
[predict()] ob_in_cams:(1, 4, 4)
[predict()] self.cfg.use_normal:False
[predict()] trans_normalizer:[0.019999999552965164, 0.019999999552965164, 0.05000000074505806], rot_normalizer:0.3490658503988659
[predict()] making cropped data
[make_crop_data_batch()] Welcome make_crop_data_batch
[make_crop_data_batch()] make tf_to_crops done
[make_crop_data_batch()] render done
[make_crop_data_batch()] warp done
[make_crop_data_batch()] pose batch data done
[predict()] forward start
[predict()] forward done
[track_one()] pose done
[track_one()] Welcome
[track_one()] depth processing done
[predict()] ob_in_cams:(1, 4, 4)
[predict()] self.cfg.use_normal:False
[predict()] trans_normalizer:[0.019999999552965164, 0.019999999552965164, 0.05000000074505806], rot_normalizer:0.3490658503988659
[predict()] making cropped data
[make_crop_data_batch()] Welcome make_crop_data_batch
[make_crop_data_batch()] make tf_to_crops done
[make_crop_data_batch()] render done
[make_crop_data_batch()] warp done
[make_crop_data_batch()] pose batch data done
[predict()] forward start
[predict()] forward done
[track_one()] pose done
Warp 1.14.0 initialized:
   CUDA Toolkit 12.9, Driver 13.0
   Devices:
     "cpu"      : "x86_64"
     "cuda:0"   : "NVIDIA RTX A6000" (47 GiB, sm_86, mempool enabled)
   Kernel cache:
     /home/yanghong/.cache/warp/1.14.0
Module Utils f1d1490 load on device 'cuda:0' took 1.46 ms  (cached)
[fp_pose] frame_plan object_1: 配准帧 86 -> 32
[__init__()] self.cfg: 
 lr: 0.0001
c_in: 6
zfar: 'Infinity'
debug: null
n_view: 1
run_id: 3wy8qqex
use_BN: true
exp_name: 2024-01-11-20-02-45
n_epochs: 62
save_dir: /home/bowenw/debug/2024-01-11-20-02-45/
use_mask: false
loss_type: pairwise_valid
optimizer: adam
batch_size: 64
crop_ratio: 1.1
enable_amp: true
use_normal: false
max_num_key: null
warmup_step: -1
input_resize:
- 160
- 160
max_step_val: 1000
vis_interval: 1000
weight_decay: 0
normalize_xyz: true
resume_run_id: null
clip_grad_norm: 'Infinity'
lr_epoch_decay: 500
render_backend: nvdiffrast
train_num_pair: 5
lr_decay_epochs:
- 50
n_epochs_warmup: 1
make_pair_online: false
gradient_max_norm: 'Infinity'
max_step_per_epoch: 10000
n_rendering_workers: 1
save_epoch_interval: 100
n_dataloader_workers: 100
split_objects_across_gpus: true
ckpt_dir: /home/yanghong/Reconstruct_and_Retarget/third_party/FoundationPose/learning/training/../../weights/2024-01-11-20-02-45/model_best.pth

[__init__()] self.h5_file:None
[__init__()] Using pretrained model from /home/yanghong/Reconstruct_and_Retarget/third_party/FoundationPose/learning/training/../../weights/2024-01-11-20-02-45/model_best.pth
[__init__()] init done
[__init__()] welcome
[__init__()] self.cfg: 
 lr: 0.0001
c_in: 6
zfar: .inf
debug: null
w_rot: 0.1
n_view: 1
run_id: null
use_BN: true
rot_rep: axis_angle
ckpt_dir: /home/yanghong/Reconstruct_and_Retarget/third_party/FoundationPose/learning/training/../../weights/2023-10-28-18-33-37/model_best.pth
exp_name: 2023-10-28-18-33-37
save_dir: /tmp/2023-10-28-18-33-37/
loss_type: l2
optimizer: adam
trans_rep: tracknet
batch_size: 64
crop_ratio: 1.2
use_normal: false
BN_momentum: 0.1
max_num_key: null
warmup_step: -1
input_resize:
- 160
- 160
max_step_val: 1000
normal_uint8: false
vis_interval: 1000
weight_decay: 0
n_max_objects: null
normalize_xyz: true
clip_grad_norm: 'Infinity'
rot_normalizer: 0.3490658503988659
trans_normalizer:
- 0.019999999552965164
- 0.019999999552965164
- 0.05000000074505806
max_step_per_epoch: 25000
val_epoch_interval: 10
n_dataloader_workers: 60
enable_amp: true
use_mask: false

[__init__()] self.h5_file:
[__init__()] Using pretrained model from /home/yanghong/Reconstruct_and_Retarget/third_party/FoundationPose/learning/training/../../weights/2023-10-28-18-33-37/model_best.pth
[__init__()] init done
[reset_object()] self.diameter:0.038878523069716786, vox_size:0.003
[reset_object()] self.pts:torch.Size([318, 3])
[reset_object()] reset done
[make_rotation_grid()] cam_in_obs:(42, 4, 4)
[make_rotation_grid()] rot_grid:(252, 4, 4)
[make_rotation_grid()] after cluster, rot_grid:(252, 4, 4)
[make_rotation_grid()] self.rot_grid: torch.Size([252, 4, 4])
[register()] Welcome
[register()] poses:(252, 4, 4)
[register()] after viewpoint, add_errs min:-1.0
[predict()] ob_in_cams:(252, 4, 4)
[predict()] self.cfg.use_normal:False
[predict()] trans_normalizer:[0.019999999552965164, 0.019999999552965164, 0.05000000074505806], rot_normalizer:0.3490658503988659
[predict()] making cropped data
[make_crop_data_batch()] Welcome make_crop_data_batch
[make_crop_data_batch()] make tf_to_crops done
[make_crop_data_batch()] render done
[make_crop_data_batch()] warp done
[make_crop_data_batch()] pose batch data done
[predict()] forward start
[predict()] forward done
[predict()] making cropped data
[make_crop_data_batch()] Welcome make_crop_data_batch
[make_crop_data_batch()] make tf_to_crops done
[make_crop_data_batch()] render done
[make_crop_data_batch()] warp done
[make_crop_data_batch()] pose batch data done
[predict()] forward start
[predict()] forward done
[predict()] making cropped data
[make_crop_data_batch()] Welcome make_crop_data_batch
[make_crop_data_batch()] make tf_to_crops done
[make_crop_data_batch()] render done
[make_crop_data_batch()] warp done
[make_crop_data_batch()] pose batch data done
[predict()] forward start
[predict()] forward done
[predict()] making cropped data
[make_crop_data_batch()] Welcome make_crop_data_batch
[make_crop_data_batch()] make tf_to_crops done
[make_crop_data_batch()] render done
[make_crop_data_batch()] warp done
[make_crop_data_batch()] pose batch data done
[predict()] forward start
[predict()] forward done
[predict()] making cropped data
[make_crop_data_batch()] Welcome make_crop_data_batch
[make_crop_data_batch()] make tf_to_crops done
[make_crop_data_batch()] render done
[make_crop_data_batch()] warp done
[make_crop_data_batch()] pose batch data done
[predict()] forward start
[predict()] forward done
[predict()] ob_in_cams:(252, 4, 4)
[predict()] self.cfg.use_normal:False
[predict()] making cropped data
[make_crop_data_batch()] Welcome make_crop_data_batch
[make_crop_data_batch()] make tf_to_crops done
[make_crop_data_batch()] render done
[make_crop_data_batch()] pose batch data done
[find_best_among_pairs()] pose_data.rgbAs.shape[0]: 252
[predict()] forward done
[register()] final, add_errs min:-1.0
[register()] sort ids:tensor([ 24,  25,  31,  32, 111, 112, 181, 182, 241, 242, 187, 188, 236, 237,
         26,  33,  34,  35, 109, 110, 113, 180, 183, 184, 186, 235, 240,  27,
         29,  30, 108, 191, 185, 189, 234,  28, 190, 238, 239, 243, 245, 244,
         58,  70, 100, 106,  94,  88,  69,  87,  93,  99, 105,  57, 231, 171,
         40, 177, 225,  46,   3,  48,  44,  60, 114, 120,   9,  81, 126,  38,
         75, 195,  21, 249,  15, 132, 212, 138, 142,  37, 139, 217, 230, 140,
        155, 163, 167, 170,  43, 203, 209,  41,  47, 143, 149, 157, 156, 141,
         68, 161, 214, 215, 176, 211, 221, 119, 224,  92, 150, 210, 125,  56,
         86,  65, 104, 166, 220,  98, 179, 216, 227, 173, 204,  42,  36, 137,
        178, 198, 107, 131, 160, 162, 172,   5,  66,  83, 101, 197, 251,  11,
         71,  89, 152,  23,  77, 226, 229, 233,  17,  55,  72,  85,   1,   0,
         53,  95,  96, 102, 146, 222,   7,  12,  59, 158, 168, 193,  18, 228,
        246,   6,  13,  78,  91, 103, 133, 169, 192, 223,  73,  79,  90, 174,
         54,  84, 144,  67,  64, 213, 232, 154, 175,  39, 115, 124, 247, 250,
         45,  52, 118, 200, 207,  49,  97, 130,  19, 199, 201, 208, 248,  14,
        147, 153, 165, 202, 205,  20,  80, 136,   2,   8,  16,  63, 194, 196,
         51, 117, 123, 148, 159,  10, 151, 164,   4, 219,  22,  76,  82, 135,
        129,  74, 121, 127, 145,  61, 116, 218, 122,  62, 134, 128,  50, 206])
[register()] sorted scores:tensor([112.5000, 112.4922, 112.4922, 112.4922, 112.4922, 112.4922, 112.4922,
        112.4922, 112.4922, 112.4922, 112.4844, 112.4844, 112.4844, 112.4844,
        112.4766, 112.4766, 112.4766, 112.4766, 112.4766, 112.4766, 112.4766,
        112.4766, 112.4766, 112.4766, 112.4766, 112.4766, 112.4766, 112.4688,
        112.4688, 112.4688, 112.4688, 112.4688, 112.4609, 112.4609, 112.4609,
        112.4531, 112.4531, 112.4531, 112.4531, 112.4531, 112.4531, 112.4453,
        112.3594, 112.3594, 112.3516, 112.3438, 112.3359, 112.2656, 112.2344,
        112.2344, 112.2344, 112.2344, 112.2344, 112.2266, 112.1562, 112.1484,
        112.1328, 112.1328, 112.1328, 112.1250, 112.1172, 112.1172, 112.1094,
        112.1094, 112.1094, 112.1094, 112.1016, 112.1016, 112.1016, 112.0938,
        112.0938, 112.0938, 112.0859, 112.0859, 112.0781, 112.0781, 112.0703,
        112.0625, 112.0391, 112.0312, 112.0312, 112.0234, 112.0234, 112.0156,
        112.0156, 112.0156, 112.0156, 112.0156, 112.0078, 112.0078, 112.0078,
        112.0000, 112.0000, 112.0000, 112.0000, 112.0000, 111.9922, 111.9844,
        111.9688, 111.9688, 111.9688, 111.9688, 111.9609, 111.9609, 111.9609,
        111.9531, 111.9531, 111.9453, 111.9453, 111.9453, 111.9375, 111.9297,
        111.9297, 111.9219, 111.9219, 111.9219, 111.9062, 111.8984, 111.8984,
        111.8984, 111.8984, 111.8906, 111.8906, 111.8828, 111.8750, 111.8750,
        111.8750, 111.8750, 111.8672, 111.8672, 111.8672, 111.8672, 111.8672,
        111.8594, 111.8594, 111.8594, 111.8594, 111.8594, 111.8594, 111.8516,
        111.8516, 111.8516, 111.8516, 111.8438, 111.8438, 111.8359, 111.8359,
        111.8359, 111.8281, 111.8281, 111.8281, 111.8281, 111.8203, 111.8125,
        111.8125, 111.8125, 111.8125, 111.8125, 111.8125, 111.8125, 111.8047,
        111.8047, 111.8047, 111.8047, 111.8047, 111.8047, 111.7969, 111.7969,
        111.7969, 111.7891, 111.7891, 111.7891, 111.7891, 111.7891, 111.7891,
        111.7891, 111.7891, 111.7891, 111.7812, 111.7812, 111.7812, 111.7812,
        111.7734, 111.7734, 111.7734, 111.7656, 111.7578, 111.7578, 111.7578,
        111.7500, 111.7500, 111.7422, 111.7422, 111.7422, 111.7422, 111.7422,
        111.7344, 111.7344, 111.7344, 111.7344, 111.7344, 111.7266, 111.7266,
        111.7266, 111.7188, 111.7188, 111.7188, 111.7188, 111.7188, 111.7109,
        111.7109, 111.7109, 111.7109, 111.7109, 111.7109, 111.7031, 111.7031,
        111.7031, 111.6953, 111.6953, 111.6953, 111.6953, 111.6953, 111.6953,
        111.6875, 111.6875, 111.6875, 111.6875, 111.6875, 111.6797, 111.6797,
        111.6797, 111.6719, 111.6719, 111.6641, 111.6641, 111.6641, 111.6562,
        111.6406, 111.6328, 111.6250, 111.6172, 111.5703, 111.5625, 111.5547,
        111.5312, 111.5156, 111.5078, 111.5000, 111.4609, 111.4531, 111.4219])
[track_one()] Welcome
[track_one()] depth processing done
[predict()] ob_in_cams:(1, 4, 4)
[predict()] self.cfg.use_normal:False
[predict()] trans_normalizer:[0.019999999552965164, 0.019999999552965164, 0.05000000074505806], rot_normalizer:0.3490658503988659
[predict()] making cropped data
[make_crop_data_batch()] Welcome make_crop_data_batch
[make_crop_data_batch()] make tf_to_crops done
[make_crop_data_batch()] render done
[make_crop_data_batch()] warp done
[make_crop_data_batch()] pose batch data done
[predict()] forward start
[predict()] forward done
[track_one()] pose done
[track_one()] Welcome
[track_one()] depth processing done
[predict()] ob_in_cams:(1, 4, 4)
[predict()] self.cfg.use_normal:False
[predict()] trans_normalizer:[0.019999999552965164, 0.019999999552965164, 0.05000000074505806], rot_normalizer:0.3490658503988659
[predict()] making cropped data
[make_crop_data_batch()] Welcome make_crop_data_batch
[make_crop_data_batch()] make tf_to_crops done
[make_crop_data_batch()] render done
[make_crop_data_batch()] warp done
[make_crop_data_batch()] pose batch data done
[predict()] forward start
[predict()] forward done
[track_one()] pose done
[track_one()] Welcome
[track_one()] depth processing done
[predict()] ob_in_cams:(1, 4, 4)
[predict()] self.cfg.use_normal:False
[predict()] trans_normalizer:[0.019999999552965164, 0.019999999552965164, 0.05000000074505806], rot_normalizer:0.3490658503988659
[predict()] making cropped data
[make_crop_data_batch()] Welcome make_crop_data_batch
[make_crop_data_batch()] make tf_to_crops done
[make_crop_data_batch()] render done
[make_crop_data_batch()] warp done
[make_crop_data_batch()] pose batch data done
[predict()] forward start
[predict()] forward done
[track_one()] pose done
[track_one()] Welcome
[track_one()] depth processing done
[predict()] ob_in_cams:(1, 4, 4)
[predict()] self.cfg.use_normal:False
[predict()] trans_normalizer:[0.019999999552965164, 0.019999999552965164, 0.05000000074505806], rot_normalizer:0.3490658503988659
[predict()] making cropped data
[make_crop_data_batch()] Welcome make_crop_data_batch
[make_crop_data_batch()] make tf_to_crops done
[make_crop_data_batch()] render done
[make_crop_data_batch()] warp done
[make_crop_data_batch()] pose batch data done
[predict()] forward start
[predict()] forward done
[track_one()] pose done
[track_one()] Welcome
[track_one()] depth processing done
[predict()] ob_in_cams:(1, 4, 4)
[predict()] self.cfg.use_normal:False
[predict()] trans_normalizer:[0.019999999552965164, 0.019999999552965164, 0.05000000074505806], rot_normalizer:0.3490658503988659
[predict()] making cropped data
[make_crop_data_batch()] Welcome make_crop_data_batch
[make_crop_data_batch()] make tf_to_crops done
[make_crop_data_batch()] render done
[make_crop_data_batch()] warp done
[make_crop_data_batch()] pose batch data done
[predict()] forward start
[predict()] forward done
[track_one()] pose done
[track_one()] Welcome
[track_one()] depth processing done
[predict()] ob_in_cams:(1, 4, 4)
[predict()] self.cfg.use_normal:False
[predict()] trans_normalizer:[0.019999999552965164, 0.019999999552965164, 0.05000000074505806], rot_normalizer:0.3490658503988659
[predict()] making cropped data
[make_crop_data_batch()] Welcome make_crop_data_batch
[make_crop_data_batch()] make tf_to_crops done
[make_crop_data_batch()] render done
[make_crop_data_batch()] warp done
[make_crop_data_batch()] pose batch data done
[predict()] forward start
[predict()] forward done
[track_one()] pose done
[track_one()] Welcome
[track_one()] depth processing done
[predict()] ob_in_cams:(1, 4, 4)
[predict()] self.cfg.use_normal:False
[predict()] trans_normalizer:[0.019999999552965164, 0.019999999552965164, 0.05000000074505806], rot_normalizer:0.3490658503988659
[predict()] making cropped data
[make_crop_data_batch()] Welcome make_crop_data_batch
[make_crop_data_batch()] make tf_to_crops done
[make_crop_data_batch()] render done
[make_crop_data_batch()] warp done
[make_crop_data_batch()] pose batch data done
[predict()] forward start
[predict()] forward done
[track_one()] pose done
[track_one()] Welcome
[track_one()] depth processing done
[predict()] ob_in_cams:(1, 4, 4)
[predict()] self.cfg.use_normal:False
[predict()] trans_normalizer:[0.019999999552965164, 0.019999999552965164, 0.05000000074505806], rot_normalizer:0.3490658503988659
[predict()] making cropped data
[make_crop_data_batch()] Welcome make_crop_data_batch
[make_crop_data_batch()] make tf_to_crops done
[make_crop_data_batch()] render done
[make_crop_data_batch()] warp done
[make_crop_data_batch()] pose batch data done
[predict()] forward start
[predict()] forward done
[track_one()] pose done
[track_one()] Welcome
[track_one()] depth processing done
[predict()] ob_in_cams:(1, 4, 4)
[predict()] self.cfg.use_normal:False
[predict()] trans_normalizer:[0.019999999552965164, 0.019999999552965164, 0.05000000074505806], rot_normalizer:0.3490658503988659
[predict()] making cropped data
[make_crop_data_batch()] Welcome make_crop_data_batch
[make_crop_data_batch()] make tf_to_crops done
[make_crop_data_batch()] render done
[make_crop_data_batch()] warp done
[make_crop_data_batch()] pose batch data done
[predict()] forward start
[predict()] forward done
[track_one()] pose done
[track_one()] Welcome
[track_one()] depth processing done
[predict()] ob_in_cams:(1, 4, 4)
[predict()] self.cfg.use_normal:False
[predict()] trans_normalizer:[0.019999999552965164, 0.019999999552965164, 0.05000000074505806], rot_normalizer:0.3490658503988659
[predict()] making cropped data
[make_crop_data_batch()] Welcome make_crop_data_batch
[make_crop_data_batch()] make tf_to_crops done
[make_crop_data_batch()] render done
[make_crop_data_batch()] warp done
[make_crop_data_batch()] pose batch data done
[predict()] forward start
[predict()] forward done
[track_one()] pose done
[track_one()] Welcome
[track_one()] depth processing done
[predict()] ob_in_cams:(1, 4, 4)
[predict()] self.cfg.use_normal:False
[predict()] trans_normalizer:[0.019999999552965164, 0.019999999552965164, 0.05000000074505806], rot_normalizer:0.3490658503988659
[predict()] making cropped data
[make_crop_data_batch()] Welcome make_crop_data_batch
[make_crop_data_batch()] make tf_to_crops done
[make_crop_data_batch()] render done
[make_crop_data_batch()] warp done
[make_crop_data_batch()] pose batch data done
[predict()] forward start
[predict()] forward done
[track_one()] pose done
[track_one()] Welcome
[track_one()] depth processing done
[predict()] ob_in_cams:(1, 4, 4)
[predict()] self.cfg.use_normal:False
[predict()] trans_normalizer:[0.019999999552965164, 0.019999999552965164, 0.05000000074505806], rot_normalizer:0.3490658503988659
[predict()] making cropped data
[make_crop_data_batch()] Welcome make_crop_data_batch
[make_crop_data_batch()] make tf_to_crops done
[make_crop_data_batch()] render done
[make_crop_data_batch()] warp done
[make_crop_data_batch()] pose batch data done
[predict()] forward start
[predict()] forward done
[track_one()] pose done
[track_one()] Welcome
[track_one()] depth processing done
[predict()] ob_in_cams:(1, 4, 4)
[predict()] self.cfg.use_normal:False
[predict()] trans_normalizer:[0.019999999552965164, 0.019999999552965164, 0.05000000074505806], rot_normalizer:0.3490658503988659
[predict()] making cropped data
[make_crop_data_batch()] Welcome make_crop_data_batch
[make_crop_data_batch()] make tf_to_crops done
[make_crop_data_batch()] render done
[make_crop_data_batch()] warp done
[make_crop_data_batch()] pose batch data done
[predict()] forward start
[predict()] forward done
[track_one()] pose done
[track_one()] Welcome
[track_one()] depth processing done
[predict()] ob_in_cams:(1, 4, 4)
[predict()] self.cfg.use_normal:False
[predict()] trans_normalizer:[0.019999999552965164, 0.019999999552965164, 0.05000000074505806], rot_normalizer:0.3490658503988659
[predict()] making cropped data
[make_crop_data_batch()] Welcome make_crop_data_batch
[make_crop_data_batch()] make tf_to_crops done
[make_crop_data_batch()] render done
[make_crop_data_batch()] warp done
[make_crop_data_batch()] pose batch data done
[predict()] forward start
[predict()] forward done
[track_one()] pose done
[track_one()] Welcome
[track_one()] depth processing done
[predict()] ob_in_cams:(1, 4, 4)
[predict()] self.cfg.use_normal:False
[predict()] trans_normalizer:[0.019999999552965164, 0.019999999552965164, 0.05000000074505806], rot_normalizer:0.3490658503988659
[predict()] making cropped data
[make_crop_data_batch()] Welcome make_crop_data_batch
[make_crop_data_batch()] make tf_to_crops done
[make_crop_data_batch()] render done
[make_crop_data_batch()] warp done
[make_crop_data_batch()] pose batch data done
[predict()] forward start
[predict()] forward done
[track_one()] pose done
[track_one()] Welcome
[track_one()] depth processing done
[predict()] ob_in_cams:(1, 4, 4)
[predict()] self.cfg.use_normal:False
[predict()] trans_normalizer:[0.019999999552965164, 0.019999999552965164, 0.05000000074505806], rot_normalizer:0.3490658503988659
[predict()] making cropped data
[make_crop_data_batch()] Welcome make_crop_data_batch
[make_crop_data_batch()] make tf_to_crops done
[make_crop_data_batch()] render done
[make_crop_data_batch()] warp done
[make_crop_data_batch()] pose batch data done
[predict()] forward start
[predict()] forward done
[track_one()] pose done
[track_one()] Welcome
[track_one()] depth processing done
[predict()] ob_in_cams:(1, 4, 4)
[predict()] self.cfg.use_normal:False
[predict()] trans_normalizer:[0.019999999552965164, 0.019999999552965164, 0.05000000074505806], rot_normalizer:0.3490658503988659
[predict()] making cropped data
[make_crop_data_batch()] Welcome make_crop_data_batch
[make_crop_data_batch()] make tf_to_crops done
[make_crop_data_batch()] render done
[make_crop_data_batch()] warp done
[make_crop_data_batch()] pose batch data done
[predict()] forward start
[predict()] forward done
[track_one()] pose done
[track_one()] Welcome
[track_one()] depth processing done
[predict()] ob_in_cams:(1, 4, 4)
[predict()] self.cfg.use_normal:False
[predict()] trans_normalizer:[0.019999999552965164, 0.019999999552965164, 0.05000000074505806], rot_normalizer:0.3490658503988659
[predict()] making cropped data
[make_crop_data_batch()] Welcome make_crop_data_batch
[make_crop_data_batch()] make tf_to_crops done
[make_crop_data_batch()] render done
[make_crop_data_batch()] warp done
[make_crop_data_batch()] pose batch data done
[predict()] forward start
[predict()] forward done
[track_one()] pose done
[track_one()] Welcome
[track_one()] depth processing done
[predict()] ob_in_cams:(1, 4, 4)
[predict()] self.cfg.use_normal:False
[predict()] trans_normalizer:[0.019999999552965164, 0.019999999552965164, 0.05000000074505806], rot_normalizer:0.3490658503988659
[predict()] making cropped data
[make_crop_data_batch()] Welcome make_crop_data_batch
[make_crop_data_batch()] make tf_to_crops done
[make_crop_data_batch()] render done
[make_crop_data_batch()] warp done
[make_crop_data_batch()] pose batch data done
[predict()] forward start
[predict()] forward done
[track_one()] pose done
[track_one()] Welcome
[track_one()] depth processing done
[predict()] ob_in_cams:(1, 4, 4)
[predict()] self.cfg.use_normal:False
[predict()] trans_normalizer:[0.019999999552965164, 0.019999999552965164, 0.05000000074505806], rot_normalizer:0.3490658503988659
[predict()] making cropped data
[make_crop_data_batch()] Welcome make_crop_data_batch
[make_crop_data_batch()] make tf_to_crops done
[make_crop_data_batch()] render done
[make_crop_data_batch()] warp done
[make_crop_data_batch()] pose batch data done
[predict()] forward start
[predict()] forward done
[track_one()] pose done
[track_one()] Welcome
[track_one()] depth processing done
[predict()] ob_in_cams:(1, 4, 4)
[predict()] self.cfg.use_normal:False
[predict()] trans_normalizer:[0.019999999552965164, 0.019999999552965164, 0.05000000074505806], rot_normalizer:0.3490658503988659
[predict()] making cropped data
[make_crop_data_batch()] Welcome make_crop_data_batch
[make_crop_data_batch()] make tf_to_crops done
[make_crop_data_batch()] render done
[make_crop_data_batch()] warp done
[make_crop_data_batch()] pose batch data done
[predict()] forward start
[predict()] forward done
[track_one()] pose done
[track_one()] Welcome
[track_one()] depth processing done
[predict()] ob_in_cams:(1, 4, 4)
[predict()] self.cfg.use_normal:False
[predict()] trans_normalizer:[0.019999999552965164, 0.019999999552965164, 0.05000000074505806], rot_normalizer:0.3490658503988659
[predict()] making cropped data
[make_crop_data_batch()] Welcome make_crop_data_batch
[make_crop_data_batch()] make tf_to_crops done
[make_crop_data_batch()] render done
[make_crop_data_batch()] warp done
[make_crop_data_batch()] pose batch data done
[predict()] forward start
[predict()] forward done
[track_one()] pose done
[track_one()] Welcome
[track_one()] depth processing done
[predict()] ob_in_cams:(1, 4, 4)
[predict()] self.cfg.use_normal:False
[predict()] trans_normalizer:[0.019999999552965164, 0.019999999552965164, 0.05000000074505806], rot_normalizer:0.3490658503988659
[predict()] making cropped data
[make_crop_data_batch()] Welcome make_crop_data_batch
[make_crop_data_batch()] make tf_to_crops done
[make_crop_data_batch()] render done
[make_crop_data_batch()] warp done
[make_crop_data_batch()] pose batch data done
[predict()] forward start
[predict()] forward done
[track_one()] pose done
[track_one()] Welcome
[track_one()] depth processing done
[predict()] ob_in_cams:(1, 4, 4)
[predict()] self.cfg.use_normal:False
[predict()] trans_normalizer:[0.019999999552965164, 0.019999999552965164, 0.05000000074505806], rot_normalizer:0.3490658503988659
[predict()] making cropped data
[make_crop_data_batch()] Welcome make_crop_data_batch
[make_crop_data_batch()] make tf_to_crops done
[make_crop_data_batch()] render done
[make_crop_data_batch()] warp done
[make_crop_data_batch()] pose batch data done
[predict()] forward start
[predict()] forward done
[track_one()] pose done
[track_one()] Welcome
[track_one()] depth processing done
[predict()] ob_in_cams:(1, 4, 4)
[predict()] self.cfg.use_normal:False
[predict()] trans_normalizer:[0.019999999552965164, 0.019999999552965164, 0.05000000074505806], rot_normalizer:0.3490658503988659
[predict()] making cropped data
[make_crop_data_batch()] Welcome make_crop_data_batch
[make_crop_data_batch()] make tf_to_crops done
[make_crop_data_batch()] render done
[make_crop_data_batch()] warp done
[make_crop_data_batch()] pose batch data done
[predict()] forward start
[predict()] forward done
[track_one()] pose done
[track_one()] Welcome
[track_one()] depth processing done
[predict()] ob_in_cams:(1, 4, 4)
[predict()] self.cfg.use_normal:False
[predict()] trans_normalizer:[0.019999999552965164, 0.019999999552965164, 0.05000000074505806], rot_normalizer:0.3490658503988659
[predict()] making cropped data
[make_crop_data_batch()] Welcome make_crop_data_batch
[make_crop_data_batch()] make tf_to_crops done
[make_crop_data_batch()] render done
[make_crop_data_batch()] warp done
[make_crop_data_batch()] pose batch data done
[predict()] forward start
[predict()] forward done
[track_one()] pose done
[track_one()] Welcome
[track_one()] depth processing done
[predict()] ob_in_cams:(1, 4, 4)
[predict()] self.cfg.use_normal:False
[predict()] trans_normalizer:[0.019999999552965164, 0.019999999552965164, 0.05000000074505806], rot_normalizer:0.3490658503988659
[predict()] making cropped data
[make_crop_data_batch()] Welcome make_crop_data_batch
[make_crop_data_batch()] make tf_to_crops done
[make_crop_data_batch()] render done
[make_crop_data_batch()] warp done
[make_crop_data_batch()] pose batch data done
[predict()] forward start
[predict()] forward done
[track_one()] pose done
[track_one()] Welcome
[track_one()] depth processing done
[predict()] ob_in_cams:(1, 4, 4)
[predict()] self.cfg.use_normal:False
[predict()] trans_normalizer:[0.019999999552965164, 0.019999999552965164, 0.05000000074505806], rot_normalizer:0.3490658503988659
[predict()] making cropped data
[make_crop_data_batch()] Welcome make_crop_data_batch
[make_crop_data_batch()] make tf_to_crops done
[make_crop_data_batch()] render done
[make_crop_data_batch()] warp done
[make_crop_data_batch()] pose batch data done
[predict()] forward start
[predict()] forward done
[track_one()] pose done
[track_one()] Welcome
[track_one()] depth processing done
[predict()] ob_in_cams:(1, 4, 4)
[predict()] self.cfg.use_normal:False
[predict()] trans_normalizer:[0.019999999552965164, 0.019999999552965164, 0.05000000074505806], rot_normalizer:0.3490658503988659
[predict()] making cropped data
[make_crop_data_batch()] Welcome make_crop_data_batch
[make_crop_data_batch()] make tf_to_crops done
[make_crop_data_batch()] render done
[make_crop_data_batch()] warp done
[make_crop_data_batch()] pose batch data done
[predict()] forward start
[predict()] forward done
[track_one()] pose done
[track_one()] Welcome
[track_one()] depth processing done
[predict()] ob_in_cams:(1, 4, 4)
[predict()] self.cfg.use_normal:False
[predict()] trans_normalizer:[0.019999999552965164, 0.019999999552965164, 0.05000000074505806], rot_normalizer:0.3490658503988659
[predict()] making cropped data
[make_crop_data_batch()] Welcome make_crop_data_batch
[make_crop_data_batch()] make tf_to_crops done
[make_crop_data_batch()] render done
[make_crop_data_batch()] warp done
[make_crop_data_batch()] pose batch data done
[predict()] forward start
[predict()] forward done
[track_one()] pose done
[track_one()] Welcome
[track_one()] depth processing done
[predict()] ob_in_cams:(1, 4, 4)
[predict()] self.cfg.use_normal:False
[predict()] trans_normalizer:[0.019999999552965164, 0.019999999552965164, 0.05000000074505806], rot_normalizer:0.3490658503988659
[predict()] making cropped data
[make_crop_data_batch()] Welcome make_crop_data_batch
[make_crop_data_batch()] make tf_to_crops done
[make_crop_data_batch()] render done
[make_crop_data_batch()] warp done
[make_crop_data_batch()] pose batch data done
[predict()] forward start
[predict()] forward done
[track_one()] pose done
[track_one()] Welcome
[track_one()] depth processing done
[predict()] ob_in_cams:(1, 4, 4)
[predict()] self.cfg.use_normal:False
[predict()] trans_normalizer:[0.019999999552965164, 0.019999999552965164, 0.05000000074505806], rot_normalizer:0.3490658503988659
[predict()] making cropped data
[make_crop_data_batch()] Welcome make_crop_data_batch
[make_crop_data_batch()] make tf_to_crops done
[make_crop_data_batch()] render done
[make_crop_data_batch()] warp done
[make_crop_data_batch()] pose batch data done
[predict()] forward start
[predict()] forward done
[track_one()] pose done
[track_one()] Welcome
[track_one()] depth processing done
[predict()] ob_in_cams:(1, 4, 4)
[predict()] self.cfg.use_normal:False
[predict()] trans_normalizer:[0.019999999552965164, 0.019999999552965164, 0.05000000074505806], rot_normalizer:0.3490658503988659
[predict()] making cropped data
[make_crop_data_batch()] Welcome make_crop_data_batch
[make_crop_data_batch()] make tf_to_crops done
[make_crop_data_batch()] render done
[make_crop_data_batch()] warp done
[make_crop_data_batch()] pose batch data done
[predict()] forward start
[predict()] forward done
[track_one()] pose done
[track_one()] Welcome
[track_one()] depth processing done
[predict()] ob_in_cams:(1, 4, 4)
[predict()] self.cfg.use_normal:False
[predict()] trans_normalizer:[0.019999999552965164, 0.019999999552965164, 0.05000000074505806], rot_normalizer:0.3490658503988659
[predict()] making cropped data
[make_crop_data_batch()] Welcome make_crop_data_batch
[make_crop_data_batch()] make tf_to_crops done
[make_crop_data_batch()] render done
[make_crop_data_batch()] warp done
[make_crop_data_batch()] pose batch data done
[predict()] forward start
[predict()] forward done
[track_one()] pose done
[track_one()] Welcome
[track_one()] depth processing done
[predict()] ob_in_cams:(1, 4, 4)
[predict()] self.cfg.use_normal:False
[predict()] trans_normalizer:[0.019999999552965164, 0.019999999552965164, 0.05000000074505806], rot_normalizer:0.3490658503988659
[predict()] making cropped data
[make_crop_data_batch()] Welcome make_crop_data_batch
[make_crop_data_batch()] make tf_to_crops done
[make_crop_data_batch()] render done
[make_crop_data_batch()] warp done
[make_crop_data_batch()] pose batch data done
[predict()] forward start
[predict()] forward done
[track_one()] pose done
[track_one()] Welcome
[track_one()] depth processing done
[predict()] ob_in_cams:(1, 4, 4)
[predict()] self.cfg.use_normal:False
[predict()] trans_normalizer:[0.019999999552965164, 0.019999999552965164, 0.05000000074505806], rot_normalizer:0.3490658503988659
[predict()] making cropped data
[make_crop_data_batch()] Welcome make_crop_data_batch
[make_crop_data_batch()] make tf_to_crops done
[make_crop_data_batch()] render done
[make_crop_data_batch()] warp done
[make_crop_data_batch()] pose batch data done
[predict()] forward start
[predict()] forward done
[track_one()] pose done
[track_one()] Welcome
[track_one()] depth processing done
[predict()] ob_in_cams:(1, 4, 4)
[predict()] self.cfg.use_normal:False
[predict()] trans_normalizer:[0.019999999552965164, 0.019999999552965164, 0.05000000074505806], rot_normalizer:0.3490658503988659
[predict()] making cropped data
[make_crop_data_batch()] Welcome make_crop_data_batch
[make_crop_data_batch()] make tf_to_crops done
[make_crop_data_batch()] render done
[make_crop_data_batch()] warp done
[make_crop_data_batch()] pose batch data done
[predict()] forward start
[predict()] forward done
[track_one()] pose done
[track_one()] Welcome
[track_one()] depth processing done
[predict()] ob_in_cams:(1, 4, 4)
[predict()] self.cfg.use_normal:False
[predict()] trans_normalizer:[0.019999999552965164, 0.019999999552965164, 0.05000000074505806], rot_normalizer:0.3490658503988659
[predict()] making cropped data
[make_crop_data_batch()] Welcome make_crop_data_batch
[make_crop_data_batch()] make tf_to_crops done
[make_crop_data_batch()] render done
[make_crop_data_batch()] warp done
[make_crop_data_batch()] pose batch data done
[predict()] forward start
[predict()] forward done
[track_one()] pose done
[track_one()] Welcome
[track_one()] depth processing done
[predict()] ob_in_cams:(1, 4, 4)
[predict()] self.cfg.use_normal:False
[predict()] trans_normalizer:[0.019999999552965164, 0.019999999552965164, 0.05000000074505806], rot_normalizer:0.3490658503988659
[predict()] making cropped data
[make_crop_data_batch()] Welcome make_crop_data_batch
[make_crop_data_batch()] make tf_to_crops done
[make_crop_data_batch()] render done
[make_crop_data_batch()] warp done
[make_crop_data_batch()] pose batch data done
[predict()] forward start
[predict()] forward done
[track_one()] pose done
[track_one()] Welcome
[track_one()] depth processing done
[predict()] ob_in_cams:(1, 4, 4)
[predict()] self.cfg.use_normal:False
[predict()] trans_normalizer:[0.019999999552965164, 0.019999999552965164, 0.05000000074505806], rot_normalizer:0.3490658503988659
[predict()] making cropped data
[make_crop_data_batch()] Welcome make_crop_data_batch
[make_crop_data_batch()] make tf_to_crops done
[make_crop_data_batch()] render done
[make_crop_data_batch()] warp done
[make_crop_data_batch()] pose batch data done
[predict()] forward start
[predict()] forward done
[track_one()] pose done
[track_one()] Welcome
[track_one()] depth processing done
[predict()] ob_in_cams:(1, 4, 4)
[predict()] self.cfg.use_normal:False
[predict()] trans_normalizer:[0.019999999552965164, 0.019999999552965164, 0.05000000074505806], rot_normalizer:0.3490658503988659
[predict()] making cropped data
[make_crop_data_batch()] Welcome make_crop_data_batch
[make_crop_data_batch()] make tf_to_crops done
[make_crop_data_batch()] render done
[make_crop_data_batch()] warp done
[make_crop_data_batch()] pose batch data done
[predict()] forward start
[predict()] forward done
[track_one()] pose done
[track_one()] Welcome
[track_one()] depth processing done
[predict()] ob_in_cams:(1, 4, 4)
[predict()] self.cfg.use_normal:False
[predict()] trans_normalizer:[0.019999999552965164, 0.019999999552965164, 0.05000000074505806], rot_normalizer:0.3490658503988659
[predict()] making cropped data
[make_crop_data_batch()] Welcome make_crop_data_batch
[make_crop_data_batch()] make tf_to_crops done
[make_crop_data_batch()] render done
[make_crop_data_batch()] warp done
[make_crop_data_batch()] pose batch data done
[predict()] forward start
[predict()] forward done
[track_one()] pose done
[track_one()] Welcome
[track_one()] depth processing done
[predict()] ob_in_cams:(1, 4, 4)
[predict()] self.cfg.use_normal:False
[predict()] trans_normalizer:[0.019999999552965164, 0.019999999552965164, 0.05000000074505806], rot_normalizer:0.3490658503988659
[predict()] making cropped data
[make_crop_data_batch()] Welcome make_crop_data_batch
[make_crop_data_batch()] make tf_to_crops done
[make_crop_data_batch()] render done
[make_crop_data_batch()] warp done
[make_crop_data_batch()] pose batch data done
[predict()] forward start
[predict()] forward done
[track_one()] pose done
[track_one()] Welcome
[track_one()] depth processing done
[predict()] ob_in_cams:(1, 4, 4)
[predict()] self.cfg.use_normal:False
[predict()] trans_normalizer:[0.019999999552965164, 0.019999999552965164, 0.05000000074505806], rot_normalizer:0.3490658503988659
[predict()] making cropped data
[make_crop_data_batch()] Welcome make_crop_data_batch
[make_crop_data_batch()] make tf_to_crops done
[make_crop_data_batch()] render done
[make_crop_data_batch()] warp done
[make_crop_data_batch()] pose batch data done
[predict()] forward start
[predict()] forward done
[track_one()] pose done
[track_one()] Welcome
[track_one()] depth processing done
[predict()] ob_in_cams:(1, 4, 4)
[predict()] self.cfg.use_normal:False
[predict()] trans_normalizer:[0.019999999552965164, 0.019999999552965164, 0.05000000074505806], rot_normalizer:0.3490658503988659
[predict()] making cropped data
[make_crop_data_batch()] Welcome make_crop_data_batch
[make_crop_data_batch()] make tf_to_crops done
[make_crop_data_batch()] render done
[make_crop_data_batch()] warp done
[make_crop_data_batch()] pose batch data done
[predict()] forward start
[predict()] forward done
[track_one()] pose done
[track_one()] Welcome
[track_one()] depth processing done
[predict()] ob_in_cams:(1, 4, 4)
[predict()] self.cfg.use_normal:False
[predict()] trans_normalizer:[0.019999999552965164, 0.019999999552965164, 0.05000000074505806], rot_normalizer:0.3490658503988659
[predict()] making cropped data
[make_crop_data_batch()] Welcome make_crop_data_batch
[make_crop_data_batch()] make tf_to_crops done
[make_crop_data_batch()] render done
[make_crop_data_batch()] warp done
[make_crop_data_batch()] pose batch data done
[predict()] forward start
[predict()] forward done
[track_one()] pose done
[track_one()] Welcome
[track_one()] depth processing done
[predict()] ob_in_cams:(1, 4, 4)
[predict()] self.cfg.use_normal:False
[predict()] trans_normalizer:[0.019999999552965164, 0.019999999552965164, 0.05000000074505806], rot_normalizer:0.3490658503988659
[predict()] making cropped data
[make_crop_data_batch()] Welcome make_crop_data_batch
[make_crop_data_batch()] make tf_to_crops done
[make_crop_data_batch()] render done
[make_crop_data_batch()] warp done
[make_crop_data_batch()] pose batch data done
[predict()] forward start
[predict()] forward done
[track_one()] pose done
[track_one()] Welcome
[track_one()] depth processing done
[predict()] ob_in_cams:(1, 4, 4)
[predict()] self.cfg.use_normal:False
[predict()] trans_normalizer:[0.019999999552965164, 0.019999999552965164, 0.05000000074505806], rot_normalizer:0.3490658503988659
[predict()] making cropped data
[make_crop_data_batch()] Welcome make_crop_data_batch
[make_crop_data_batch()] make tf_to_crops done
[make_crop_data_batch()] render done
[make_crop_data_batch()] warp done
[make_crop_data_batch()] pose batch data done
[predict()] forward start
[predict()] forward done
[track_one()] pose done
[track_one()] Welcome
[track_one()] depth processing done
[predict()] ob_in_cams:(1, 4, 4)
[predict()] self.cfg.use_normal:False
[predict()] trans_normalizer:[0.019999999552965164, 0.019999999552965164, 0.05000000074505806], rot_normalizer:0.3490658503988659
[predict()] making cropped data
[make_crop_data_batch()] Welcome make_crop_data_batch
[make_crop_data_batch()] make tf_to_crops done
[make_crop_data_batch()] render done
[make_crop_data_batch()] warp done
[make_crop_data_batch()] pose batch data done
[predict()] forward start
[predict()] forward done
[track_one()] pose done
[track_one()] Welcome
[track_one()] depth processing done
[predict()] ob_in_cams:(1, 4, 4)
[predict()] self.cfg.use_normal:False
[predict()] trans_normalizer:[0.019999999552965164, 0.019999999552965164, 0.05000000074505806], rot_normalizer:0.3490658503988659
[predict()] making cropped data
[make_crop_data_batch()] Welcome make_crop_data_batch
[make_crop_data_batch()] make tf_to_crops done
[make_crop_data_batch()] render done
[make_crop_data_batch()] warp done
[make_crop_data_batch()] pose batch data done
[predict()] forward start
[predict()] forward done
[track_one()] pose done
[track_one()] Welcome
[track_one()] depth processing done
[predict()] ob_in_cams:(1, 4, 4)
[predict()] self.cfg.use_normal:False
[predict()] trans_normalizer:[0.019999999552965164, 0.019999999552965164, 0.05000000074505806], rot_normalizer:0.3490658503988659
[predict()] making cropped data
[make_crop_data_batch()] Welcome make_crop_data_batch
[make_crop_data_batch()] make tf_to_crops done
[make_crop_data_batch()] render done
[make_crop_data_batch()] warp done
[make_crop_data_batch()] pose batch data done
[predict()] forward start
[predict()] forward done
[track_one()] pose done
[track_one()] Welcome
[track_one()] depth processing done
[predict()] ob_in_cams:(1, 4, 4)
[predict()] self.cfg.use_normal:False
[predict()] trans_normalizer:[0.019999999552965164, 0.019999999552965164, 0.05000000074505806], rot_normalizer:0.3490658503988659
[predict()] making cropped data
[make_crop_data_batch()] Welcome make_crop_data_batch
[make_crop_data_batch()] make tf_to_crops done
[make_crop_data_batch()] render done
[make_crop_data_batch()] warp done
[make_crop_data_batch()] pose batch data done
[predict()] forward start
[predict()] forward done
[track_one()] pose done
[track_one()] Welcome
[track_one()] depth processing done
[predict()] ob_in_cams:(1, 4, 4)
[predict()] self.cfg.use_normal:False
[predict()] trans_normalizer:[0.019999999552965164, 0.019999999552965164, 0.05000000074505806], rot_normalizer:0.3490658503988659
[predict()] making cropped data
[make_crop_data_batch()] Welcome make_crop_data_batch
[make_crop_data_batch()] make tf_to_crops done
[make_crop_data_batch()] render done
[make_crop_data_batch()] warp done
[make_crop_data_batch()] pose batch data done
[predict()] forward start
[predict()] forward done
[track_one()] pose done
[track_one()] Welcome
[track_one()] depth processing done
[predict()] ob_in_cams:(1, 4, 4)
[predict()] self.cfg.use_normal:False
[predict()] trans_normalizer:[0.019999999552965164, 0.019999999552965164, 0.05000000074505806], rot_normalizer:0.3490658503988659
[predict()] making cropped data
[make_crop_data_batch()] Welcome make_crop_data_batch
[make_crop_data_batch()] make tf_to_crops done
[make_crop_data_batch()] render done
[make_crop_data_batch()] warp done
[make_crop_data_batch()] pose batch data done
[predict()] forward start
[predict()] forward done
[track_one()] pose done
[track_one()] Welcome
[track_one()] depth processing done
[predict()] ob_in_cams:(1, 4, 4)
[predict()] self.cfg.use_normal:False
[predict()] trans_normalizer:[0.019999999552965164, 0.019999999552965164, 0.05000000074505806], rot_normalizer:0.3490658503988659
[predict()] making cropped data
[make_crop_data_batch()] Welcome make_crop_data_batch
[make_crop_data_batch()] make tf_to_crops done
[make_crop_data_batch()] render done
[make_crop_data_batch()] warp done
[make_crop_data_batch()] pose batch data done
[predict()] forward start
[predict()] forward done
[track_one()] pose done
[track_one()] Welcome
[track_one()] depth processing done
[predict()] ob_in_cams:(1, 4, 4)
[predict()] self.cfg.use_normal:False
[predict()] trans_normalizer:[0.019999999552965164, 0.019999999552965164, 0.05000000074505806], rot_normalizer:0.3490658503988659
[predict()] making cropped data
[make_crop_data_batch()] Welcome make_crop_data_batch
[make_crop_data_batch()] make tf_to_crops done
[make_crop_data_batch()] render done
[make_crop_data_batch()] warp done
[make_crop_data_batch()] pose batch data done
[predict()] forward start
[predict()] forward done
[track_one()] pose done
[track_one()] Welcome
[track_one()] depth processing done
[predict()] ob_in_cams:(1, 4, 4)
[predict()] self.cfg.use_normal:False
[predict()] trans_normalizer:[0.019999999552965164, 0.019999999552965164, 0.05000000074505806], rot_normalizer:0.3490658503988659
[predict()] making cropped data
[make_crop_data_batch()] Welcome make_crop_data_batch
[make_crop_data_batch()] make tf_to_crops done
[make_crop_data_batch()] render done
[make_crop_data_batch()] warp done
[make_crop_data_batch()] pose batch data done
[predict()] forward start
[predict()] forward done
[track_one()] pose done
[track_one()] Welcome
[track_one()] depth processing done
[predict()] ob_in_cams:(1, 4, 4)
[predict()] self.cfg.use_normal:False
[predict()] trans_normalizer:[0.019999999552965164, 0.019999999552965164, 0.05000000074505806], rot_normalizer:0.3490658503988659
[predict()] making cropped data
[make_crop_data_batch()] Welcome make_crop_data_batch
[make_crop_data_batch()] make tf_to_crops done
[make_crop_data_batch()] render done
[make_crop_data_batch()] warp done
[make_crop_data_batch()] pose batch data done
[predict()] forward start
[predict()] forward done
[track_one()] pose done
[track_one()] Welcome
[track_one()] depth processing done
[predict()] ob_in_cams:(1, 4, 4)
[predict()] self.cfg.use_normal:False
[predict()] trans_normalizer:[0.019999999552965164, 0.019999999552965164, 0.05000000074505806], rot_normalizer:0.3490658503988659
[predict()] making cropped data
[make_crop_data_batch()] Welcome make_crop_data_batch
[make_crop_data_batch()] make tf_to_crops done
[make_crop_data_batch()] render done
[make_crop_data_batch()] warp done
[make_crop_data_batch()] pose batch data done
[predict()] forward start
[predict()] forward done
[track_one()] pose done
[track_one()] Welcome
[track_one()] depth processing done
[predict()] ob_in_cams:(1, 4, 4)
[predict()] self.cfg.use_normal:False
[predict()] trans_normalizer:[0.019999999552965164, 0.019999999552965164, 0.05000000074505806], rot_normalizer:0.3490658503988659
[predict()] making cropped data
[make_crop_data_batch()] Welcome make_crop_data_batch
[make_crop_data_batch()] make tf_to_crops done
[make_crop_data_batch()] render done
[make_crop_data_batch()] warp done
[make_crop_data_batch()] pose batch data done
[predict()] forward start
[predict()] forward done
[track_one()] pose done
[track_one()] Welcome
[track_one()] depth processing done
[predict()] ob_in_cams:(1, 4, 4)
[predict()] self.cfg.use_normal:False
[predict()] trans_normalizer:[0.019999999552965164, 0.019999999552965164, 0.05000000074505806], rot_normalizer:0.3490658503988659
[predict()] making cropped data
[make_crop_data_batch()] Welcome make_crop_data_batch
[make_crop_data_batch()] make tf_to_crops done
[make_crop_data_batch()] render done
[make_crop_data_batch()] warp done
[make_crop_data_batch()] pose batch data done
[predict()] forward start
[predict()] forward done
[track_one()] pose done
[track_one()] Welcome
[track_one()] depth processing done
[predict()] ob_in_cams:(1, 4, 4)
[predict()] self.cfg.use_normal:False
[predict()] trans_normalizer:[0.019999999552965164, 0.019999999552965164, 0.05000000074505806], rot_normalizer:0.3490658503988659
[predict()] making cropped data
[make_crop_data_batch()] Welcome make_crop_data_batch
[make_crop_data_batch()] make tf_to_crops done
[make_crop_data_batch()] render done
[make_crop_data_batch()] warp done
[make_crop_data_batch()] pose batch data done
[predict()] forward start
[predict()] forward done
[track_one()] pose done
[track_one()] Welcome
[track_one()] depth processing done
[predict()] ob_in_cams:(1, 4, 4)
[predict()] self.cfg.use_normal:False
[predict()] trans_normalizer:[0.019999999552965164, 0.019999999552965164, 0.05000000074505806], rot_normalizer:0.3490658503988659
[predict()] making cropped data
[make_crop_data_batch()] Welcome make_crop_data_batch
[make_crop_data_batch()] make tf_to_crops done
[make_crop_data_batch()] render done
[make_crop_data_batch()] warp done
[make_crop_data_batch()] pose batch data done
[predict()] forward start
[predict()] forward done
[track_one()] pose done
[track_one()] Welcome
[track_one()] depth processing done
[predict()] ob_in_cams:(1, 4, 4)
[predict()] self.cfg.use_normal:False
[predict()] trans_normalizer:[0.019999999552965164, 0.019999999552965164, 0.05000000074505806], rot_normalizer:0.3490658503988659
[predict()] making cropped data
[make_crop_data_batch()] Welcome make_crop_data_batch
[make_crop_data_batch()] make tf_to_crops done
[make_crop_data_batch()] render done
[make_crop_data_batch()] warp done
[make_crop_data_batch()] pose batch data done
[predict()] forward start
[predict()] forward done
[track_one()] pose done
[track_one()] Welcome
[track_one()] depth processing done
[predict()] ob_in_cams:(1, 4, 4)
[predict()] self.cfg.use_normal:False
[predict()] trans_normalizer:[0.019999999552965164, 0.019999999552965164, 0.05000000074505806], rot_normalizer:0.3490658503988659
[predict()] making cropped data
[make_crop_data_batch()] Welcome make_crop_data_batch
[make_crop_data_batch()] make tf_to_crops done
[make_crop_data_batch()] render done
[make_crop_data_batch()] warp done
[make_crop_data_batch()] pose batch data done
[predict()] forward start
[predict()] forward done
[track_one()] pose done
[track_one()] Welcome
[track_one()] depth processing done
[predict()] ob_in_cams:(1, 4, 4)
[predict()] self.cfg.use_normal:False
[predict()] trans_normalizer:[0.019999999552965164, 0.019999999552965164, 0.05000000074505806], rot_normalizer:0.3490658503988659
[predict()] making cropped data
[make_crop_data_batch()] Welcome make_crop_data_batch
[make_crop_data_batch()] make tf_to_crops done
[make_crop_data_batch()] render done
[make_crop_data_batch()] warp done
[make_crop_data_batch()] pose batch data done
[predict()] forward start
[predict()] forward done
[track_one()] pose done
[track_one()] Welcome
[track_one()] depth processing done
[predict()] ob_in_cams:(1, 4, 4)
[predict()] self.cfg.use_normal:False
[predict()] trans_normalizer:[0.019999999552965164, 0.019999999552965164, 0.05000000074505806], rot_normalizer:0.3490658503988659
[predict()] making cropped data
[make_crop_data_batch()] Welcome make_crop_data_batch
[make_crop_data_batch()] make tf_to_crops done
[make_crop_data_batch()] render done
[make_crop_data_batch()] warp done
[make_crop_data_batch()] pose batch data done
[predict()] forward start
[predict()] forward done
[track_one()] pose done
[track_one()] Welcome
[track_one()] depth processing done
[predict()] ob_in_cams:(1, 4, 4)
[predict()] self.cfg.use_normal:False
[predict()] trans_normalizer:[0.019999999552965164, 0.019999999552965164, 0.05000000074505806], rot_normalizer:0.3490658503988659
[predict()] making cropped data
[make_crop_data_batch()] Welcome make_crop_data_batch
[make_crop_data_batch()] make tf_to_crops done
[make_crop_data_batch()] render done
[make_crop_data_batch()] warp done
[make_crop_data_batch()] pose batch data done
[predict()] forward start
[predict()] forward done
[track_one()] pose done
[track_one()] Welcome
[track_one()] depth processing done
[predict()] ob_in_cams:(1, 4, 4)
[predict()] self.cfg.use_normal:False
[predict()] trans_normalizer:[0.019999999552965164, 0.019999999552965164, 0.05000000074505806], rot_normalizer:0.3490658503988659
[predict()] making cropped data
[make_crop_data_batch()] Welcome make_crop_data_batch
[make_crop_data_batch()] make tf_to_crops done
[make_crop_data_batch()] render done
[make_crop_data_batch()] warp done
[make_crop_data_batch()] pose batch data done
[predict()] forward start
[predict()] forward done
[track_one()] pose done
[track_one()] Welcome
[track_one()] depth processing done
[predict()] ob_in_cams:(1, 4, 4)
[predict()] self.cfg.use_normal:False
[predict()] trans_normalizer:[0.019999999552965164, 0.019999999552965164, 0.05000000074505806], rot_normalizer:0.3490658503988659
[predict()] making cropped data
[make_crop_data_batch()] Welcome make_crop_data_batch
[make_crop_data_batch()] make tf_to_crops done
[make_crop_data_batch()] render done
[make_crop_data_batch()] warp done
[make_crop_data_batch()] pose batch data done
[predict()] forward start
[predict()] forward done
[track_one()] pose done
[track_one()] Welcome
[track_one()] depth processing done
[predict()] ob_in_cams:(1, 4, 4)
[predict()] self.cfg.use_normal:False
[predict()] trans_normalizer:[0.019999999552965164, 0.019999999552965164, 0.05000000074505806], rot_normalizer:0.3490658503988659
[predict()] making cropped data
[make_crop_data_batch()] Welcome make_crop_data_batch
[make_crop_data_batch()] make tf_to_crops done
[make_crop_data_batch()] render done
[make_crop_data_batch()] warp done
[make_crop_data_batch()] pose batch data done
[predict()] forward start
[predict()] forward done
[track_one()] pose done
[track_one()] Welcome
[track_one()] depth processing done
[predict()] ob_in_cams:(1, 4, 4)
[predict()] self.cfg.use_normal:False
[predict()] trans_normalizer:[0.019999999552965164, 0.019999999552965164, 0.05000000074505806], rot_normalizer:0.3490658503988659
[predict()] making cropped data
[make_crop_data_batch()] Welcome make_crop_data_batch
[make_crop_data_batch()] make tf_to_crops done
[make_crop_data_batch()] render done
[make_crop_data_batch()] warp done
[make_crop_data_batch()] pose batch data done
[predict()] forward start
[predict()] forward done
[track_one()] pose done
[track_one()] Welcome
[track_one()] depth processing done
[predict()] ob_in_cams:(1, 4, 4)
[predict()] self.cfg.use_normal:False
[predict()] trans_normalizer:[0.019999999552965164, 0.019999999552965164, 0.05000000074505806], rot_normalizer:0.3490658503988659
[predict()] making cropped data
[make_crop_data_batch()] Welcome make_crop_data_batch
[make_crop_data_batch()] make tf_to_crops done
[make_crop_data_batch()] render done
[make_crop_data_batch()] warp done
[make_crop_data_batch()] pose batch data done
[predict()] forward start
[predict()] forward done
[track_one()] pose done
[track_one()] Welcome
[track_one()] depth processing done
[predict()] ob_in_cams:(1, 4, 4)
[predict()] self.cfg.use_normal:False
[predict()] trans_normalizer:[0.019999999552965164, 0.019999999552965164, 0.05000000074505806], rot_normalizer:0.3490658503988659
[predict()] making cropped data
[make_crop_data_batch()] Welcome make_crop_data_batch
[make_crop_data_batch()] make tf_to_crops done
[make_crop_data_batch()] render done
[make_crop_data_batch()] warp done
[make_crop_data_batch()] pose batch data done
[predict()] forward start
[predict()] forward done
[track_one()] pose done
[track_one()] Welcome
[track_one()] depth processing done
[predict()] ob_in_cams:(1, 4, 4)
[predict()] self.cfg.use_normal:False
[predict()] trans_normalizer:[0.019999999552965164, 0.019999999552965164, 0.05000000074505806], rot_normalizer:0.3490658503988659
[predict()] making cropped data
[make_crop_data_batch()] Welcome make_crop_data_batch
[make_crop_data_batch()] make tf_to_crops done
[make_crop_data_batch()] render done
[make_crop_data_batch()] warp done
[make_crop_data_batch()] pose batch data done
[predict()] forward start
[predict()] forward done
[track_one()] pose done
[track_one()] Welcome
[track_one()] depth processing done
[predict()] ob_in_cams:(1, 4, 4)
[predict()] self.cfg.use_normal:False
[predict()] trans_normalizer:[0.019999999552965164, 0.019999999552965164, 0.05000000074505806], rot_normalizer:0.3490658503988659
[predict()] making cropped data
[make_crop_data_batch()] Welcome make_crop_data_batch
[make_crop_data_batch()] make tf_to_crops done
[make_crop_data_batch()] render done
[make_crop_data_batch()] warp done
[make_crop_data_batch()] pose batch data done
[predict()] forward start
[predict()] forward done
[track_one()] pose done
[track_one()] Welcome
[track_one()] depth processing done
[predict()] ob_in_cams:(1, 4, 4)
[predict()] self.cfg.use_normal:False
[predict()] trans_normalizer:[0.019999999552965164, 0.019999999552965164, 0.05000000074505806], rot_normalizer:0.3490658503988659
[predict()] making cropped data
[make_crop_data_batch()] Welcome make_crop_data_batch
[make_crop_data_batch()] make tf_to_crops done
[make_crop_data_batch()] render done
[make_crop_data_batch()] warp done
[make_crop_data_batch()] pose batch data done
[predict()] forward start
[predict()] forward done
[track_one()] pose done
[track_one()] Welcome
[track_one()] depth processing done
[predict()] ob_in_cams:(1, 4, 4)
[predict()] self.cfg.use_normal:False
[predict()] trans_normalizer:[0.019999999552965164, 0.019999999552965164, 0.05000000074505806], rot_normalizer:0.3490658503988659
[predict()] making cropped data
[make_crop_data_batch()] Welcome make_crop_data_batch
[make_crop_data_batch()] make tf_to_crops done
[make_crop_data_batch()] render done
[make_crop_data_batch()] warp done
[make_crop_data_batch()] pose batch data done
[predict()] forward start
[predict()] forward done
[track_one()] pose done
[track_one()] Welcome
[track_one()] depth processing done
[predict()] ob_in_cams:(1, 4, 4)
[predict()] self.cfg.use_normal:False
[predict()] trans_normalizer:[0.019999999552965164, 0.019999999552965164, 0.05000000074505806], rot_normalizer:0.3490658503988659
[predict()] making cropped data
[make_crop_data_batch()] Welcome make_crop_data_batch
[make_crop_data_batch()] make tf_to_crops done
[make_crop_data_batch()] render done
[make_crop_data_batch()] warp done
[make_crop_data_batch()] pose batch data done
[predict()] forward start
[predict()] forward done
[track_one()] pose done
[track_one()] Welcome
[track_one()] depth processing done
[predict()] ob_in_cams:(1, 4, 4)
[predict()] self.cfg.use_normal:False
[predict()] trans_normalizer:[0.019999999552965164, 0.019999999552965164, 0.05000000074505806], rot_normalizer:0.3490658503988659
[predict()] making cropped data
[make_crop_data_batch()] Welcome make_crop_data_batch
[make_crop_data_batch()] make tf_to_crops done
[make_crop_data_batch()] render done
[make_crop_data_batch()] warp done
[make_crop_data_batch()] pose batch data done
[predict()] forward start
[predict()] forward done
[track_one()] pose done
[track_one()] Welcome
[track_one()] depth processing done
[predict()] ob_in_cams:(1, 4, 4)
[predict()] self.cfg.use_normal:False
[predict()] trans_normalizer:[0.019999999552965164, 0.019999999552965164, 0.05000000074505806], rot_normalizer:0.3490658503988659
[predict()] making cropped data
[make_crop_data_batch()] Welcome make_crop_data_batch
[make_crop_data_batch()] make tf_to_crops done
[make_crop_data_batch()] render done
[make_crop_data_batch()] warp done
[make_crop_data_batch()] pose batch data done
[predict()] forward start
[predict()] forward done
[track_one()] pose done
[track_one()] Welcome
[track_one()] depth processing done
[predict()] ob_in_cams:(1, 4, 4)
[predict()] self.cfg.use_normal:False
[predict()] trans_normalizer:[0.019999999552965164, 0.019999999552965164, 0.05000000074505806], rot_normalizer:0.3490658503988659
[predict()] making cropped data
[make_crop_data_batch()] Welcome make_crop_data_batch
[make_crop_data_batch()] make tf_to_crops done
[make_crop_data_batch()] render done
[make_crop_data_batch()] warp done
[make_crop_data_batch()] pose batch data done
[predict()] forward start
[predict()] forward done
[track_one()] pose done
[track_one()] Welcome
[track_one()] depth processing done
[predict()] ob_in_cams:(1, 4, 4)
[predict()] self.cfg.use_normal:False
[predict()] trans_normalizer:[0.019999999552965164, 0.019999999552965164, 0.05000000074505806], rot_normalizer:0.3490658503988659
[predict()] making cropped data
[make_crop_data_batch()] Welcome make_crop_data_batch
[make_crop_data_batch()] make tf_to_crops done
[make_crop_data_batch()] render done
[make_crop_data_batch()] warp done
[make_crop_data_batch()] pose batch data done
[predict()] forward start
[predict()] forward done
[track_one()] pose done
[track_one()] Welcome
[track_one()] depth processing done
[predict()] ob_in_cams:(1, 4, 4)
[predict()] self.cfg.use_normal:False
[predict()] trans_normalizer:[0.019999999552965164, 0.019999999552965164, 0.05000000074505806], rot_normalizer:0.3490658503988659
[predict()] making cropped data
[make_crop_data_batch()] Welcome make_crop_data_batch
[make_crop_data_batch()] make tf_to_crops done
[make_crop_data_batch()] render done
[make_crop_data_batch()] warp done
[make_crop_data_batch()] pose batch data done
[predict()] forward start
[predict()] forward done
[track_one()] pose done
[track_one()] Welcome
[track_one()] depth processing done
[predict()] ob_in_cams:(1, 4, 4)
[predict()] self.cfg.use_normal:False
[predict()] trans_normalizer:[0.019999999552965164, 0.019999999552965164, 0.05000000074505806], rot_normalizer:0.3490658503988659
[predict()] making cropped data
[make_crop_data_batch()] Welcome make_crop_data_batch
[make_crop_data_batch()] make tf_to_crops done
[make_crop_data_batch()] render done
[make_crop_data_batch()] warp done
[make_crop_data_batch()] pose batch data done
[predict()] forward start
[predict()] forward done
[track_one()] pose done
[track_one()] Welcome
[track_one()] depth processing done
[predict()] ob_in_cams:(1, 4, 4)
[predict()] self.cfg.use_normal:False
[predict()] trans_normalizer:[0.019999999552965164, 0.019999999552965164, 0.05000000074505806], rot_normalizer:0.3490658503988659
[predict()] making cropped data
[make_crop_data_batch()] Welcome make_crop_data_batch
[make_crop_data_batch()] make tf_to_crops done
[make_crop_data_batch()] render done
[make_crop_data_batch()] warp done
[make_crop_data_batch()] pose batch data done
[predict()] forward start
[predict()] forward done
[track_one()] pose done
[track_one()] Welcome
[track_one()] depth processing done
[predict()] ob_in_cams:(1, 4, 4)
[predict()] self.cfg.use_normal:False
[predict()] trans_normalizer:[0.019999999552965164, 0.019999999552965164, 0.05000000074505806], rot_normalizer:0.3490658503988659
[predict()] making cropped data
[make_crop_data_batch()] Welcome make_crop_data_batch
[make_crop_data_batch()] make tf_to_crops done
[make_crop_data_batch()] render done
[make_crop_data_batch()] warp done
[make_crop_data_batch()] pose batch data done
[predict()] forward start
[predict()] forward done
[track_one()] pose done
[track_one()] Welcome
[track_one()] depth processing done
[predict()] ob_in_cams:(1, 4, 4)
[predict()] self.cfg.use_normal:False
[predict()] trans_normalizer:[0.019999999552965164, 0.019999999552965164, 0.05000000074505806], rot_normalizer:0.3490658503988659
[predict()] making cropped data
[make_crop_data_batch()] Welcome make_crop_data_batch
[make_crop_data_batch()] make tf_to_crops done
[make_crop_data_batch()] render done
[make_crop_data_batch()] warp done
[make_crop_data_batch()] pose batch data done
[predict()] forward start
[predict()] forward done
[track_one()] pose done
[track_one()] Welcome
[track_one()] depth processing done
[predict()] ob_in_cams:(1, 4, 4)
[predict()] self.cfg.use_normal:False
[predict()] trans_normalizer:[0.019999999552965164, 0.019999999552965164, 0.05000000074505806], rot_normalizer:0.3490658503988659
[predict()] making cropped data
[make_crop_data_batch()] Welcome make_crop_data_batch
[make_crop_data_batch()] make tf_to_crops done
[make_crop_data_batch()] render done
[make_crop_data_batch()] warp done
[make_crop_data_batch()] pose batch data done
[predict()] forward start
[predict()] forward done
[track_one()] pose done
[track_one()] Welcome
[track_one()] depth processing done
[predict()] ob_in_cams:(1, 4, 4)
[predict()] self.cfg.use_normal:False
[predict()] trans_normalizer:[0.019999999552965164, 0.019999999552965164, 0.05000000074505806], rot_normalizer:0.3490658503988659
[predict()] making cropped data
[make_crop_data_batch()] Welcome make_crop_data_batch
[make_crop_data_batch()] make tf_to_crops done
[make_crop_data_batch()] render done
[make_crop_data_batch()] warp done
[make_crop_data_batch()] pose batch data done
[predict()] forward start
[predict()] forward done
[track_one()] pose done
[track_one()] Welcome
[track_one()] depth processing done
[predict()] ob_in_cams:(1, 4, 4)
[predict()] self.cfg.use_normal:False
[predict()] trans_normalizer:[0.019999999552965164, 0.019999999552965164, 0.05000000074505806], rot_normalizer:0.3490658503988659
[predict()] making cropped data
[make_crop_data_batch()] Welcome make_crop_data_batch
[make_crop_data_batch()] make tf_to_crops done
[make_crop_data_batch()] render done
[make_crop_data_batch()] warp done
[make_crop_data_batch()] pose batch data done
[predict()] forward start
[predict()] forward done
[track_one()] pose done
[track_one()] Welcome
[track_one()] depth processing done
[predict()] ob_in_cams:(1, 4, 4)
[predict()] self.cfg.use_normal:False
[predict()] trans_normalizer:[0.019999999552965164, 0.019999999552965164, 0.05000000074505806], rot_normalizer:0.3490658503988659
[predict()] making cropped data
[make_crop_data_batch()] Welcome make_crop_data_batch
[make_crop_data_batch()] make tf_to_crops done
[make_crop_data_batch()] render done
[make_crop_data_batch()] warp done
[make_crop_data_batch()] pose batch data done
[predict()] forward start
[predict()] forward done
[track_one()] pose done
[track_one()] Welcome
[track_one()] depth processing done
[predict()] ob_in_cams:(1, 4, 4)
[predict()] self.cfg.use_normal:False
[predict()] trans_normalizer:[0.019999999552965164, 0.019999999552965164, 0.05000000074505806], rot_normalizer:0.3490658503988659
[predict()] making cropped data
[make_crop_data_batch()] Welcome make_crop_data_batch
[make_crop_data_batch()] make tf_to_crops done
[make_crop_data_batch()] render done
[make_crop_data_batch()] warp done
[make_crop_data_batch()] pose batch data done
[predict()] forward start
[predict()] forward done
[track_one()] pose done
[track_one()] Welcome
[track_one()] depth processing done
[predict()] ob_in_cams:(1, 4, 4)
[predict()] self.cfg.use_normal:False
[predict()] trans_normalizer:[0.019999999552965164, 0.019999999552965164, 0.05000000074505806], rot_normalizer:0.3490658503988659
[predict()] making cropped data
[make_crop_data_batch()] Welcome make_crop_data_batch
[make_crop_data_batch()] make tf_to_crops done
[make_crop_data_batch()] render done
[make_crop_data_batch()] warp done
[make_crop_data_batch()] pose batch data done
[predict()] forward start
[predict()] forward done
[track_one()] pose done
[track_one()] Welcome
[track_one()] depth processing done
[predict()] ob_in_cams:(1, 4, 4)
[predict()] self.cfg.use_normal:False
[predict()] trans_normalizer:[0.019999999552965164, 0.019999999552965164, 0.05000000074505806], rot_normalizer:0.3490658503988659
[predict()] making cropped data
[make_crop_data_batch()] Welcome make_crop_data_batch
[make_crop_data_batch()] make tf_to_crops done
[make_crop_data_batch()] render done
[make_crop_data_batch()] warp done
[make_crop_data_batch()] pose batch data done
[predict()] forward start
[predict()] forward done
[track_one()] pose done
[track_one()] Welcome
[track_one()] depth processing done
[predict()] ob_in_cams:(1, 4, 4)
[predict()] self.cfg.use_normal:False
[predict()] trans_normalizer:[0.019999999552965164, 0.019999999552965164, 0.05000000074505806], rot_normalizer:0.3490658503988659
[predict()] making cropped data
[make_crop_data_batch()] Welcome make_crop_data_batch
[make_crop_data_batch()] make tf_to_crops done
[make_crop_data_batch()] render done
[make_crop_data_batch()] warp done
[make_crop_data_batch()] pose batch data done
[predict()] forward start
[predict()] forward done
[track_one()] pose done
[track_one()] Welcome
[track_one()] depth processing done
[predict()] ob_in_cams:(1, 4, 4)
[predict()] self.cfg.use_normal:False
[predict()] trans_normalizer:[0.019999999552965164, 0.019999999552965164, 0.05000000074505806], rot_normalizer:0.3490658503988659
[predict()] making cropped data
[make_crop_data_batch()] Welcome make_crop_data_batch
[make_crop_data_batch()] make tf_to_crops done
[make_crop_data_batch()] render done
[make_crop_data_batch()] warp done
[make_crop_data_batch()] pose batch data done
[predict()] forward start
[predict()] forward done
[track_one()] pose done
[track_one()] Welcome
[track_one()] depth processing done
[predict()] ob_in_cams:(1, 4, 4)
[predict()] self.cfg.use_normal:False
[predict()] trans_normalizer:[0.019999999552965164, 0.019999999552965164, 0.05000000074505806], rot_normalizer:0.3490658503988659
[predict()] making cropped data
[make_crop_data_batch()] Welcome make_crop_data_batch
[make_crop_data_batch()] make tf_to_crops done
[make_crop_data_batch()] render done
[make_crop_data_batch()] warp done
[make_crop_data_batch()] pose batch data done
[predict()] forward start
[predict()] forward done
[track_one()] pose done
[track_one()] Welcome
[track_one()] depth processing done
[predict()] ob_in_cams:(1, 4, 4)
[predict()] self.cfg.use_normal:False
[predict()] trans_normalizer:[0.019999999552965164, 0.019999999552965164, 0.05000000074505806], rot_normalizer:0.3490658503988659
[predict()] making cropped data
[make_crop_data_batch()] Welcome make_crop_data_batch
[make_crop_data_batch()] make tf_to_crops done
[make_crop_data_batch()] render done
[make_crop_data_batch()] warp done
[make_crop_data_batch()] pose batch data done
[predict()] forward start
[predict()] forward done
[track_one()] pose done
[track_one()] Welcome
[track_one()] depth processing done
[predict()] ob_in_cams:(1, 4, 4)
[predict()] self.cfg.use_normal:False
[predict()] trans_normalizer:[0.019999999552965164, 0.019999999552965164, 0.05000000074505806], rot_normalizer:0.3490658503988659
[predict()] making cropped data
[make_crop_data_batch()] Welcome make_crop_data_batch
[make_crop_data_batch()] make tf_to_crops done
[make_crop_data_batch()] render done
[make_crop_data_batch()] warp done
[make_crop_data_batch()] pose batch data done
[predict()] forward start
[predict()] forward done
[track_one()] pose done
[track_one()] Welcome
[track_one()] depth processing done
[predict()] ob_in_cams:(1, 4, 4)
[predict()] self.cfg.use_normal:False
[predict()] trans_normalizer:[0.019999999552965164, 0.019999999552965164, 0.05000000074505806], rot_normalizer:0.3490658503988659
[predict()] making cropped data
[make_crop_data_batch()] Welcome make_crop_data_batch
[make_crop_data_batch()] make tf_to_crops done
[make_crop_data_batch()] render done
[make_crop_data_batch()] warp done
[make_crop_data_batch()] pose batch data done
[predict()] forward start
[predict()] forward done
[track_one()] pose done
[track_one()] Welcome
[track_one()] depth processing done
[predict()] ob_in_cams:(1, 4, 4)
[predict()] self.cfg.use_normal:False
[predict()] trans_normalizer:[0.019999999552965164, 0.019999999552965164, 0.05000000074505806], rot_normalizer:0.3490658503988659
[predict()] making cropped data
[make_crop_data_batch()] Welcome make_crop_data_batch
[make_crop_data_batch()] make tf_to_crops done
[make_crop_data_batch()] render done
[make_crop_data_batch()] warp done
[make_crop_data_batch()] pose batch data done
[predict()] forward start
[predict()] forward done
[track_one()] pose done
[track_one()] Welcome
[track_one()] depth processing done
[predict()] ob_in_cams:(1, 4, 4)
[predict()] self.cfg.use_normal:False
[predict()] trans_normalizer:[0.019999999552965164, 0.019999999552965164, 0.05000000074505806], rot_normalizer:0.3490658503988659
[predict()] making cropped data
[make_crop_data_batch()] Welcome make_crop_data_batch
[make_crop_data_batch()] make tf_to_crops done
[make_crop_data_batch()] render done
[make_crop_data_batch()] warp done
[make_crop_data_batch()] pose batch data done
[predict()] forward start
[predict()] forward done
[track_one()] pose done
[track_one()] Welcome
[track_one()] depth processing done
[predict()] ob_in_cams:(1, 4, 4)
[predict()] self.cfg.use_normal:False
[predict()] trans_normalizer:[0.019999999552965164, 0.019999999552965164, 0.05000000074505806], rot_normalizer:0.3490658503988659
[predict()] making cropped data
[make_crop_data_batch()] Welcome make_crop_data_batch
[make_crop_data_batch()] make tf_to_crops done
[make_crop_data_batch()] render done
[make_crop_data_batch()] warp done
[make_crop_data_batch()] pose batch data done
[predict()] forward start
[predict()] forward done
[track_one()] pose done
num original candidates = 252
num of pose after clustering: 252
num original candidates = 252
num of pose after clustering: 252

===== fuse screw_unscrew_bottle_cap__36 gpu=5 2026-08-28 00:33:25 =====
WARNING: You are using a MANO model, with only 10 shape coefficients.
WARNING: You are using a MANO model, with only 10 shape coefficients.
[fuse] 手部平移按 R@(t+J0)-J0 变换 (|J0|= [86.4, 105.1] mm)

===== confidence screw_unscrew_bottle_cap__36 gpu=5 2026-08-28 00:33:32 =====
[confidence] 2 个物体: ['object_0', 'object_1']
[confidence] audit(pre): /home/yanghong/miniconda3/envs/hawor/bin/python /home/yanghong/Reconstruct_and_Retarget/confidence/pose_audit.py --scene /home/yanghong/Reconstruct_and_Retarget/Output/ReconstructOutput/egodex_part4/screw_unscrew_bottle_cap/36 --out /home/yanghong/Reconstruct_and_Retarget/Data/VideoPrior/poseqa
[audit] 36[object_0]: s=0.900 可信度 中位 53.0 (位置 88.0/旋转  0.0)  → /home/yanghong/Reconstruct_and_Retarget/Data/VideoPrior/poseqa/pose_audit.json
[audit] 36[object_1]: s=1.125 可信度 中位 68.0 (位置 84.0/旋转 42.0)  → /home/yanghong/Reconstruct_and_Retarget/Data/VideoPrior/poseqa/pose_audit.json
[audit] 2 个物体, 用时 12s
[confidence] cotracker[object_0]: /home/yanghong/miniconda3/envs/hawor/bin/python /home/yanghong/Reconstruct_and_Retarget/confidence/cotracker_consistency.py --scene /home/yanghong/Reconstruct_and_Retarget/Output/ReconstructOutput/egodex_part4/screw_unscrew_bottle_cap/36 --video /home/yanghong/Reconstruct_and_Retarget/Data/egodex_part4/screw_unscrew_bottle_cap/36.mp4 --out /home/yanghong/Reconstruct_and_Retarget/Data/VideoPrior/poseqa/cc --audit /home/yanghong/Reconstruct_and_Retarget/Data/VideoPrior/poseqa/pose_audit.json --object object_0 --no-viz
Using cache found in /home/yanghong/.cache/torch/hub/facebookresearch_co-tracker_main
[cc] 参考帧 [0, 35, 71]  种子点 147
[cc] 打分 105/105 帧  err_norm 中位 0.0548 p90 0.1294  vis 中位 0.68
{
 "scene": "/home/yanghong/Reconstruct_and_Retarget/Output/ReconstructOutput/egodex_part4/screw_unscrew_bottle_cap/36",
 "seed_frames": [
  0,
  35,
  71
 ],
 "n_frames": 105,
 "n_scored": 105,
 "ct_err_norm_median": 0.0548,
 "ct_err_norm_p90": 0.1294,
 "ct_t_err_median": 0.0541,
 "ct_r_err_median": 0.0483,
 "vis_frac_median": 0.68,
 "inside_frac_median": 1.0
}
[confidence] cotracker[object_1]: /home/yanghong/miniconda3/envs/hawor/bin/python /home/yanghong/Reconstruct_and_Retarget/confidence/cotracker_consistency.py --scene /home/yanghong/Reconstruct_and_Retarget/Output/ReconstructOutput/egodex_part4/screw_unscrew_bottle_cap/36 --video /home/yanghong/Reconstruct_and_Retarget/Data/egodex_part4/screw_unscrew_bottle_cap/36.mp4 --out /home/yanghong/Reconstruct_and_Retarget/Data/VideoPrior/poseqa/cc --audit /home/yanghong/Reconstruct_and_Retarget/Data/VideoPrior/poseqa/pose_audit.json --object object_1 --no-viz
Using cache found in /home/yanghong/.cache/torch/hub/facebookresearch_co-tracker_main
[cc] 参考帧 [0, 35, 70]  种子点 109
[cc] 打分 102/105 帧  err_norm 中位 0.1172 p90 0.3675  vis 中位 0.651
{
 "scene": "/home/yanghong/Reconstruct_and_Retarget/Output/ReconstructOutput/egodex_part4/screw_unscrew_bottle_cap/36",
 "seed_frames": [
  0,
  35,
  70
 ],
 "n_frames": 105,
 "n_scored": 102,
 "ct_err_norm_median": 0.1172,
 "ct_err_norm_p90": 0.3675,
 "ct_t_err_median": 0.1646,
 "ct_r_err_median": 0.0696,
 "vis_frac_median": 0.651,
 "inside_frac_median": 0.94
}
[confidence] audit(final): /home/yanghong/miniconda3/envs/hawor/bin/python /home/yanghong/Reconstruct_and_Retarget/confidence/pose_audit.py --scene /home/yanghong/Reconstruct_and_Retarget/Output/ReconstructOutput/egodex_part4/screw_unscrew_bottle_cap/36 --out /home/yanghong/Reconstruct_and_Retarget/Data/VideoPrior/poseqa --ct-dir /home/yanghong/Reconstruct_and_Retarget/Data/VideoPrior/poseqa/cc
[audit] 36[object_0]: s=0.900 可信度 中位 61.0 (位置 68.0/旋转 53.0)  → /home/yanghong/Reconstruct_and_Retarget/Data/VideoPrior/poseqa/pose_audit.json
[audit] 36[object_1]: s=1.125 可信度 中位 63.0 (位置 70.0/旋转 45.0)  → /home/yanghong/Reconstruct_and_Retarget/Data/VideoPrior/poseqa/pose_audit.json
[audit] 2 个物体, 用时 14s
[confidence] hand_conf: /home/yanghong/miniconda3/envs/hawor/bin/python /home/yanghong/Reconstruct_and_Retarget/confidence/hand_confidence.py /home/yanghong/Reconstruct_and_Retarget/Output/ReconstructOutput/egodex_part4/screw_unscrew_bottle_cap/36
[hand_conf] 36 left  帧  105 | pos 99.0 rot 90.1 | 指 [4.1, 73.0, 90.1, 95.5, 99.9] | 预期误差 20.5mm
[hand_conf] 36 right 帧  105 | pos 100.0 rot 99.7 | 指 [67.2, 99.8, 99.8, 100.0, 100.0] | 预期误差 16.6mm
[hand_conf] 判据 hand_conf_v1_arctic55_20260825 | mask 缺帧 0
[confidence] rts[object_0]: /home/yanghong/miniconda3/envs/hawor/bin/python /home/yanghong/Reconstruct_and_Retarget/confidence/rts_smoother.py --scene /home/yanghong/Reconstruct_and_Retarget/Output/ReconstructOutput/egodex_part4/screw_unscrew_bottle_cap/36 --audit /home/yanghong/Reconstruct_and_Retarget/Data/VideoPrior/poseqa/pose_audit.json --out /home/yanghong/Reconstruct_and_Retarget/Data/VideoPrior/poseqa/rts --object object_0
{
 "scene": "/home/yanghong/Reconstruct_and_Retarget/Output/ReconstructOutput/egodex_part4/screw_unscrew_bottle_cap/36",
 "n": 105,
 "A_static_step": {
  "raw_mm": 0.39587799185321654,
  "smooth_mm": 0.29288358173057377,
  "raw_deg": 4.753849196431881,
  "smooth_deg": 1.8570293186499227,
  "n_free": 7
 },
 "B_image": {
  "high_conf": {
   "n": 32,
   "explained_raw": 0.9393897869191676,
   "explained_smooth": 0.9260221393562083,
   "dcent_raw": 0.09434312932414184,
   "dcent_smooth": 0.09829078279262238
  },
  "low_conf": {
   "n": 21,
   "explained_raw": 0.9321511998301125,
   "explained_smooth": 0.7813591893780573,
   "dcent_raw": 0.21083547588282678,
   "dcent_smooth": 0.13256841296733904
  }
 },
 "C_innov_spikes_pos": [],
 "n_rot_refuted": 0,
 "sigma_pos_mm": {
  "min": 2.8,
  "median": 5.1,
  "max": 10.3
 },
 "sigma_rot_deg": {
  "min": 0.8,
  "median": 1.0,
  "max": 2.0
 }
}
[confidence] rts[object_1]: /home/yanghong/miniconda3/envs/hawor/bin/python /home/yanghong/Reconstruct_and_Retarget/confidence/rts_smoother.py --scene /home/yanghong/Reconstruct_and_Retarget/Output/ReconstructOutput/egodex_part4/screw_unscrew_bottle_cap/36 --audit /home/yanghong/Reconstruct_and_Retarget/Data/VideoPrior/poseqa/pose_audit.json --out /home/yanghong/Reconstruct_and_Retarget/Data/VideoPrior/poseqa/rts --object object_1
{
 "scene": "/home/yanghong/Reconstruct_and_Retarget/Output/ReconstructOutput/egodex_part4/screw_unscrew_bottle_cap/36",
 "n": 105,
 "A_static_step": {
  "raw_mm": 0.8838528572668236,
  "smooth_mm": 0.18178884545774904,
  "raw_deg": 1.1118858133858658,
  "smooth_deg": 0.4026122571423568,
  "n_free": 7
 },
 "B_image": {
  "high_conf": {
   "n": 29,
   "explained_raw": 0.22389347799284923,
   "explained_smooth": 0.22875297855440826,
   "dcent_raw": 1.7333448954338941,
   "dcent_smooth": 1.7055759279819074
  },
  "low_conf": {
   "n": 24,
   "explained_raw": 0.0,
   "explained_smooth": 0.0,
   "dcent_raw": 1.8866911620414162,
   "dcent_smooth": 1.8901379531797438
  }
 },
 "C_innov_spikes_pos": [],
 "n_rot_refuted": 10,
 "sigma_pos_mm": {
  "min": 2.4,
  "median": 3.9,
  "max": 17.6
 },
 "sigma_rot_deg": {
  "min": 0.9,
  "median": 1.3,
  "max": 3.5
 }
}
[confidence] manifest: /home/yanghong/miniconda3/envs/hawor/bin/python /home/yanghong/Reconstruct_and_Retarget/confidence/take_manifest.py --audit /home/yanghong/Reconstruct_and_Retarget/Data/VideoPrior/poseqa/pose_audit.json --out /home/yanghong/Reconstruct_and_Retarget/Data/VideoPrior/poseqa/TAKE_MANIFEST.json
[manifest] 228 takes: active 208 (旋转可用 125), excluded 10, deselected 0, superseded 10
   arctic15/s01/microwave_grab_01                     pos  99.0(good ) rot  41.0(可用) 自由轴[]  
   egodex_auto/pour/11                                pos  98.0(good ) rot  58.0(可用) 自由轴[1]  
   egodex_auto/pour/14                                pos  98.0(good ) rot  91.0(可用) 自由轴[1]  
   egodex_auto/pour/37                                pos  98.0(good ) rot  56.0(弃用) 自由轴[]  
   arctic15/s01/box_grab_01                           pos  97.0(good ) rot  63.0(可用) 自由轴[]  
   egodex_auto/pour/28                                pos  97.0(good ) rot  58.0(可用) 自由轴[1]  
   egodex_auto/pour/5                                 pos  97.0(good ) rot  84.0(可用) 自由轴[1]  
   arctic15/s06/espressomachine_grab_01               pos  96.0(good ) rot  88.0(可用) 自由轴[]  
   arctic15/s06/microwave_grab_01                     pos  96.0(good ) rot  44.0(可用) 自由轴[]  
   egodex_auto/pour/25                                pos  96.0(good ) rot  57.0(可用) 自由轴[1]  
   egodex_auto/pour/32                                pos  96.0(good ) rot  60.5(可用) 自由轴[1]  
   egodex_auto/screw_unscrew_bottle_cap/27            pos  95.5(good ) rot  58.5(可用) 自由轴[]  
   arctic15/s01/laptop_grab_01                        pos  95.0(good ) rot  91.0(可用) 自由轴[]  
   arctic15/s02/microwave_grab_01                     pos  95.0(good ) rot  57.0(可用) 自由轴[]  
   egodex_auto/pour/13                                pos  95.0(good ) rot  62.5(可用) 自由轴[1]  
   arctic15/s02/box_grab_01                           pos  94.0(good ) rot  62.0(可用) 自由轴[]  
   arctic15/s02/waffleiron_grab_01                    pos  94.0(good ) rot   0.0(弃用) 自由轴[1]  
   arctic15/s05/box_grab_01                           pos  94.0(good ) rot  62.5(可用) 自由轴[]  
   egodex_auto/pour/12                                pos  94.0(good ) rot   0.0(弃用) 自由轴[1]  
   egodex_auto/pour/9                                 pos  94.0(good ) rot  32.0(可用) 自由轴[1]  
   arctic15/s07/box_grab_01                           pos  93.0(good ) rot  61.0(可用) 自由轴[]  
   arctic15/s06/notebook_grab_01                      pos  92.0(good ) rot  73.0(可用) 自由轴[]  
   egodex_auto/pour/25                                pos  92.0(good ) rot  70.0(可用) 自由轴[1]  
   egodex_auto/screw_unscrew_bottle_cap/1             pos  92.0(good ) rot  48.5(可用) 自由轴[]  
   egodex_auto/pour/44                                pos  90.5(good ) rot  21.5(弃用) 自由轴[]  
   arctic15/s02/espressomachine_grab_01               pos  90.0(good ) rot  34.0(可用) 自由轴[]  
   arctic15/s04/box_grab_01                           pos  90.0(good ) rot  61.0(可用) 自由轴[]  
   arctic15/s04/microwave_grab_01                     pos  90.0(good ) rot  35.0(可用) 自由轴[]  
   egodex_auto/pour/9                                 pos  90.0(good ) rot  46.0(可用) 自由轴[1]  
   egodex_auto/screw_unscrew_bottle_cap/7             pos  90.0(good ) rot  29.0(弃用) 自由轴[1]  
   egodex_part4/screw_unscrew_bottle_cap/50           pos  90.0(good ) rot  58.5(可用) 自由轴[2]  
   arctic15/s01/waffleiron_grab_01                    pos  89.0(good ) rot  41.0(弃用) 自由轴[]  
   egodex_auto/pour/24                                pos  89.0(good ) rot  48.5(可用) 自由轴[1]  
   egodex_auto/pour/28                                pos  89.0(good ) rot  59.5(可用) 自由轴[1]  
   egodex_auto/screw_unscrew_bottle_cap/6             pos  89.0(good ) rot  14.0(弃用) 自由轴[]  
   arctic15/s02/laptop_grab_01                        pos  88.0(good ) rot  85.0(可用) 自由轴[]  
   arctic15/s04/notebook_grab_01                      pos  88.0(good ) rot  74.0(可用) 自由轴[]  
   arctic15/s05/waffleiron_grab_01                    pos  88.0(good ) rot   0.0(弃用) 自由轴[1]  
   egodex_part4/screw_unscrew_bottle_cap/32           pos  88.0(good ) rot  63.0(可用) 自由轴[2]  
   egodex_auto/pour/27                                pos  87.0(good ) rot  60.0(可用) 自由轴[1]  
   egodex_auto/sweep_dustpan/0                        pos  87.0(good ) rot  87.0(可用) 自由轴[]  
   egodex_auto/sweep_dustpan/2                        pos  87.0(good ) rot  87.0(可用) 自由轴[]  
   arctic15/s07/waffleiron_grab_01                    pos  86.0(good ) rot   1.0(弃用) 自由轴[]  
   egodex_auto/pour/11                                pos  86.0(good ) rot  44.0(可用) 自由轴[1]  
   egodex_part4/screw_unscrew_bottle_cap/38           pos  85.5(good ) rot  59.5(可用) 自由轴[2]  
   egodex_auto/insert_remove_usb/0                    pos  85.0(good ) rot  62.5(弃用) 自由轴[]  
   egodex_auto/pour/24                                pos  85.0(good ) rot  65.0(可用) 自由轴[1]  
   egodex_auto/screw_unscrew_bottle_cap/12            pos  85.0(good ) rot   0.0(弃用) 自由轴[1]  
   egodex_part4/screw_unscrew_bottle_cap/32           pos  85.0(good ) rot  66.0(可用) 自由轴[]  
   egodex_part4/screw_unscrew_bottle_cap/89           pos  85.0(good ) rot  80.5(可用) 自由轴[2]  
   egodex_auto/pour/17                                pos  84.0(good ) rot  54.0(可用) 自由轴[1]  
   egodex_auto/pour/2                                 pos  84.0(good ) rot  84.0(可用) 自由轴[1]  
   egodex_auto/screw_unscrew_bottle_cap/1             pos  84.0(good ) rot  70.5(可用) 自由轴[2]  
   egodex_auto/screw_unscrew_bottle_cap/26            pos  84.0(good ) rot  60.0(可用) 自由轴[]  
   egodex_auto/screw_unscrew_bottle_cap/6             pos  84.0(good ) rot  56.0(可用) 自由轴[1]  
   arctic15/s07/espressomachine_grab_01               pos  83.0(good ) rot  54.0(可用) 自由轴[]  
   egodex_auto/pour/3                                 pos  83.0(good ) rot  44.0(可用) 自由轴[1]  
   egodex_auto/pour/39                                pos  83.0(good ) rot   0.0(弃用) 自由轴[1]  
   egodex_auto/screw_unscrew_bottle_cap/23            pos  83.0(good ) rot  70.0(可用) 自由轴[]  
   egodex_part4/screw_unscrew_bottle_cap/89           pos  83.0(good ) rot  52.0(可用) 自由轴[]  
   arctic15/s06/capsulemachine_grab_01                pos  82.0(good ) rot  37.0(弃用) 自由轴[]  
   egodex_auto/pour/17                                pos  82.0(good ) rot  70.5(可用) 自由轴[1]  
   egodex_auto/pour/5                                 pos  82.0(good ) rot  53.0(可用) 自由轴[1]  
   egodex_auto/screw_unscrew_bottle_cap/18            pos  82.0(good ) rot  48.5(可用) 自由轴[]  
   egodex_auto/screw_unscrew_bottle_cap/2             pos  82.0(good ) rot  42.0(可用) 自由轴[]  
   arctic15/s02/mixer_grab_01                         pos  81.0(good ) rot  44.0(可用) 自由轴[]  
   arctic15/s06/waffleiron_grab_01_retake             pos  81.0(good ) rot  38.0(可用) 自由轴[]  
   egodex_auto/pour/31                                pos  81.0(good ) rot  81.0(可用) 自由轴[1]  
   egodex_auto/screw_unscrew_bottle_cap/8             pos  81.0(good ) rot  30.0(弃用) 自由轴[]  
   arctic15/s06/mixer_grab_01                         pos  80.0(good ) rot  59.0(弃用) 自由轴[]  
   egodex_auto/pour/31                                pos  80.0(good ) rot  75.0(可用) 自由轴[1]  
   arctic15/s04/espressomachine_grab_01               pos  79.0(good ) rot  57.0(弃用) 自由轴[]  
   arctic15/s05/espressomachine_grab_01               pos  79.0(good ) rot  55.0(可用) 自由轴[]  
   arctic15/s07/laptop_grab_01                        pos  79.0(good ) rot  79.0(可用) 自由轴[]  
   arctic15/s02/capsulemachine_grab_01                pos  78.0(good ) rot  51.0(可用) 自由轴[]  
   arctic15/s07/microwave_grab_01                     pos  78.0(good ) rot  30.5(可用) 自由轴[]  
   egodex_auto/pour/40                                pos  78.0(good ) rot  20.0(弃用) 自由轴[1]  
   egodex_auto/screw_unscrew_bottle_cap/13            pos  78.0(good ) rot  31.0(可用) 自由轴[1]  
   egodex_auto/screw_unscrew_bottle_cap/15            pos  78.0(good ) rot  20.0(弃用) 自由轴[1]  
   egodex_auto/screw_unscrew_bottle_cap/5             pos  78.0(good ) rot  21.0(弃用) 自由轴[]  
   egodex_part4/screw_unscrew_bottle_cap/48           pos  77.5(good ) rot  16.5(弃用) 自由轴[]  
   arctic15/s05/laptop_grab_01                        pos  77.0(good ) rot  71.0(可用) 自由轴[]  
   egodex_auto/pour/2                                 pos  77.0(good ) rot  33.5(可用) 自由轴[1]  
   egodex_auto/pour/23                                pos  77.0(good ) rot  76.0(可用) 自由轴[1]  
   egodex_auto/pour/42                                pos  77.0(good ) rot  72.5(可用) 自由轴[1]  
   egodex_auto/pour/43                                pos  77.0(good ) rot  72.0(可用) 自由轴[1]  
   egodex_auto/screw_unscrew_bottle_cap/19            pos  77.0(good ) rot   4.0(弃用) 自由轴[]  
   egodex_auto/pour/13                                pos  76.5(good ) rot  36.5(可用) 自由轴[1]  
   arctic15/s02/scissors_grab_01                      pos  76.0(good ) rot  76.0(可用) 自由轴[]  
   egodex_auto/pour/40                                pos  76.0(good ) rot  33.5(可用) 自由轴[1]  
   egodex_auto/screw_unscrew_bottle_cap/9             pos  76.0(good ) rot  10.0(弃用) 自由轴[]  
   egodex_auto/screw_unscrew_bottle_cap/2             pos  75.0(good ) rot  36.0(可用) 自由轴[1]  
   egodex_auto/pour/44                                pos  74.5(good ) rot  52.5(可用) 自由轴[1]  
   egodex_part4/screw_unscrew_bottle_cap/48           pos  74.5(good ) rot  61.5(可用) 自由轴[2]  
   egodex_auto/pour/27                                pos  74.0(good ) rot  46.0(可用) 自由轴[1]  
   egodex_auto/pour/39                                pos  74.0(good ) rot   0.0(弃用) 自由轴[1]  
   egodex_auto/screw_unscrew_bottle_cap/25            pos  74.0(good ) rot  27.5(弃用) 自由轴[1]  
   egodex_auto/screw_unscrew_bottle_cap/26            pos  74.0(good ) rot   0.0(弃用) 自由轴[1]  
   arctic15/s01/mixer_grab_01                         pos  73.5(good ) rot  33.5(弃用) 自由轴[]  
   arctic15/s04/laptop_grab_01                        pos  73.5(good ) rot  45.0(弃用) 自由轴[]  
   egodex_auto/pour/34                                pos  73.5(good ) rot  73.5(可用) 自由轴[1]  
   arctic15/s02/ketchup_grab_01                       pos  73.0(good ) rot   1.0(弃用) 自由轴[]  
   egodex_auto/pour/51                                pos  73.0(good ) rot  61.5(可用) 自由轴[1]  
   egodex_auto/screw_unscrew_bottle_cap/17            pos  73.0(good ) rot  58.0(可用) 自由轴[]  
   egodex_auto/sweep_dustpan/2                        pos  73.0(good ) rot  73.0(可用) 自由轴[]  
   egodex_part4/screw_unscrew_bottle_cap/71           pos  72.0(good ) rot  71.5(可用) 自由轴[2]  
   arctic15/s05/mixer_grab_01                         pos  71.0(good ) rot  44.5(可用) 自由轴[]  
   arctic15/s07/mixer_grab_01_retake                  pos  71.0(good ) rot  38.0(弃用) 自由轴[]  
   egodex_auto/screw_unscrew_bottle_cap/15            pos  71.0(good ) rot  41.0(可用) 自由轴[]  
   arctic15/s02/phone_grab_01                         pos  70.0(good ) rot  48.0(可用) 自由轴[]  
   egodex_part4/screw_unscrew_bottle_cap/36           pos  70.0(good ) rot  45.0(可用) 自由轴[]  
   arctic15/s01/scissors_grab_01                      pos  69.0(mixed) rot  69.0(可用) 自由轴[]  
   egodex_auto/pour/0                                 pos  69.0(mixed) rot  15.0(弃用) 自由轴[1]  
   egodex_auto/pour/1                                 pos  68.0(mixed) rot  55.0(可用) 自由轴[1]  
   egodex_part4/screw_unscrew_bottle_cap/36           pos  68.0(mixed) rot  53.0(可用) 自由轴[2]  
   egodex_part4/screw_unscrew_bottle_cap/83           pos  68.0(mixed) rot  68.0(可用) 自由轴[2]  
   egodex_auto/pour/48                                pos  67.0(mixed) rot  39.0(弃用) 自由轴[1]  
   egodex_auto/pour/6                                 pos  67.0(mixed) rot  57.0(可用) 自由轴[1]  
   egodex_auto/pour/30                                pos  66.5(mixed) rot  15.5(弃用) 自由轴[1]  
   arctic15/s04/capsulemachine_grab_01                pos  66.0(mixed) rot  29.0(弃用) 自由轴[]  
   egodex_auto/pour/42                                pos  66.0(mixed) rot  54.0(可用) 自由轴[1]  
   arctic15/s01/espressomachine_grab_01               pos  65.0(mixed) rot  30.0(弃用) 自由轴[]  
   arctic15/s01/phone_grab_01                         pos  65.0(mixed) rot  42.0(弃用) 自由轴[]  
   egodex_auto/pour/12                                pos  65.0(mixed) rot  42.0(可用) 自由轴[1]  
   egodex_auto/screw_unscrew_bottle_cap/0             pos  65.0(mixed) rot  43.0(弃用) 自由轴[]  
   egodex_auto/screw_unscrew_bottle_cap/18            pos  65.0(mixed) rot  56.5(可用) 自由轴[2]  
   egodex_auto/screw_unscrew_bottle_cap/23            pos  65.0(mixed) rot  65.0(可用) 自由轴[1]  
   egodex_auto/screw_unscrew_bottle_cap/27            pos  64.5(mixed) rot  13.0(弃用) 自由轴[2]  
   arctic15/s01/capsulemachine_grab_01                pos  64.0(mixed) rot  36.0(可用) 自由轴[]  
   egodex_auto/pour/36                                pos  64.0(mixed) rot  49.5(可用) 自由轴[1]  
   arctic15/s04/phone_grab_01                         pos  63.0(mixed) rot  58.0(可用) 自由轴[]  
   egodex_auto/pour/33                                pos  63.0(mixed) rot  63.0(可用) 自由轴[1]  
   arctic15/s06/phone_grab_01                         pos  62.5(mixed) rot  62.5(可用) 自由轴[]  
   egodex_auto/pour/45                                pos  62.0(mixed) rot  62.0(可用) 自由轴[1]  
   arctic15/s01/ketchup_grab_01                       pos  61.0(mixed) rot  20.0(弃用) 自由轴[]  
   arctic15/s06/ketchup_grab_01_retake2               pos  61.0(mixed) rot  44.0(弃用) 自由轴[]  
   arctic15/s05/microwave_grab_01                     pos  59.0(mixed) rot  31.0(可用) 自由轴[]  
   egodex_auto/pour/8                                 pos  59.0(mixed) rot  11.0(弃用) 自由轴[1]  
   egodex_auto/screw_unscrew_bottle_cap/20            pos  59.0(mixed) rot  35.0(可用) 自由轴[1]  
   egodex_part4/screw_unscrew_bottle_cap/38           pos  59.0(mixed) rot  28.5(弃用) 自由轴[]  
   egodex_auto/pour/0                                 pos  58.0(mixed) rot   4.5(弃用) 自由轴[1]  
   egodex_auto/pour/16                                pos  58.0(mixed) rot  41.0(可用) 自由轴[1]  
   egodex_auto/screw_unscrew_bottle_cap/20            pos  58.0(mixed) rot  52.0(可用) 自由轴[]  
   egodex_part4/screw_unscrew_bottle_cap/71           pos  57.5(mixed) rot  48.5(可用) 自由轴[]  
   egodex_auto/screw_unscrew_bottle_cap/13            pos  57.0(mixed) rot  16.0(弃用) 自由轴[]  
   egodex_auto/pour/50                                pos  56.5(mixed) rot  21.0(弃用) 自由轴[1]  
   arctic15/s07/ketchup_grab_01                       pos  55.0(mixed) rot  28.0(弃用) 自由轴[]  
   arctic15/s07/phone_grab_01                         pos  55.0(mixed) rot  37.0(可用) 自由轴[]  
   arctic15/s10/phone_grab_01                         pos  55.0(mixed) rot  39.0(可用) 自由轴[]  
   egodex_auto/pour/7                                 pos  55.0(mixed) rot  37.0(可用) 自由轴[1]  
   egodex_auto/screw_unscrew_bottle_cap/19            pos  55.0(mixed) rot  30.0(可用) 自由轴[1]  
   egodex_auto/screw_unscrew_bottle_cap/5             pos  54.5(mixed) rot  22.5(弃用) 自由轴[1]  
   egodex_auto/screw_unscrew_bottle_cap/17            pos  54.0(mixed) rot  54.0(可用) 自由轴[1]  
   egodex_auto/screw_unscrew_bottle_cap/28            pos  53.0(mixed) rot  10.0(弃用) 自由轴[]  
   egodex_part4/screw_unscrew_bottle_cap/83           pos  53.0(mixed) rot  24.0(弃用) 自由轴[]  
   egodex_auto/screw_unscrew_bottle_cap/28            pos  52.5(mixed) rot  43.0(可用) 自由轴[1]  
   arctic15/s04/mixer_grab_01                         pos  52.0(mixed) rot  37.0(弃用) 自由轴[]  
   egodex_auto/screw_unscrew_bottle_cap/25            pos  52.0(mixed) rot  34.0(弃用) 自由轴[]  
   egodex_auto/screw_unscrew_bottle_cap/9             pos  52.0(mixed) rot  46.0(可用) 自由轴[1]  
   egodex_auto/screw_unscrew_bottle_cap/0             pos  51.0(mixed) rot  35.0(可用) 自由轴[1]  
   egodex_auto/pour/14                                pos  50.0(mixed) rot   0.0(弃用) 自由轴[1]  
   egodex_auto/pour/15                                pos  50.0(mixed) rot  41.0(可用) 自由轴[1]  
   egodex_auto/pour/16                                pos  50.0(mixed) rot  23.0(弃用) 自由轴[1]  
   egodex_auto/screw_unscrew_bottle_cap/24            pos  50.0(mixed) rot  33.5(可用) 自由轴[1]  
   egodex_auto/screw_unscrew_bottle_cap/4             pos  49.0(mixed) rot  38.5(可用) 自由轴[1]  
   egodex_part4/screw_unscrew_bottle_cap/50           pos  49.0(mixed) rot  36.0(可用) 自由轴[]  
   egodex_auto/pour/38                                pos  47.5(mixed) rot  43.5(可用) 自由轴[1]  
   egodex_auto/pour/10                                pos  47.0(mixed) rot  41.0(可用) 自由轴[1]  
   egodex_auto/pour/21                                pos  47.0(mixed) rot  38.0(可用) 自由轴[1]  
   egodex_auto/pour/50                                pos  47.0(mixed) rot  16.0(弃用) 自由轴[1]  
   egodex_auto/pour/8                                 pos  47.0(mixed) rot   0.5(弃用) 自由轴[1]  
   egodex_auto/pour/19                                pos  46.0(mixed) rot  23.0(弃用) 自由轴[1]  
   egodex_auto/pour/47                                pos  46.0(mixed) rot  46.0(可用) 自由轴[1]  
   egodex_auto/pour/51                                pos  46.0(mixed) rot   8.0(弃用) 自由轴[1]  
   egodex_auto/pour/3                                 pos  45.0(mixed) rot  12.0(弃用) 自由轴[1]  
   arctic15/s06/scissors_grab_01                      pos  43.0(mixed) rot  43.0(可用) 自由轴[]  
   egodex_auto/pour/20                                pos  43.0(mixed) rot  40.0(可用) 自由轴[1]  
   egodex_auto/pour/35                                pos  43.0(mixed) rot  17.0(弃用) 自由轴[1]  
   quest3/bottle_v2_win14_44                          pos  42.0(mixed) rot   0.0(弃用) 自由轴[2]  
   arctic15/s04/ketchup_grab_01                       pos  41.0(mixed) rot  39.0(可用) 自由轴[]  
   egodex_auto/pour/37                                pos  41.0(mixed) rot  25.5(弃用) 自由轴[1]  
   egodex_auto/pour/52                                pos  40.0(mixed) rot  18.5(弃用) 自由轴[1]  
   arctic15/s04/scissors_grab_01                      pos  39.0(poor ) rot  34.0(可用) 自由轴[]  
   arctic15/s07/scissors_grab_01                      pos  39.0(poor ) rot  34.0(可用) 自由轴[]  
   egodex_auto/pour/1                                 pos  38.0(poor ) rot  10.0(弃用) 自由轴[1]  
   egodex_auto/screw_unscrew_bottle_cap/21            pos  37.0(poor ) rot  15.0(弃用) 自由轴[1]  
   egodex_auto/pour/19                                pos  35.0(poor ) rot  21.0(弃用) 自由轴[]  
   egodex_auto/pour/32                                pos  35.0(poor ) rot   0.0(弃用) 自由轴[1]  
   egodex_auto/sweep_dustpan/1                        pos  35.0(poor ) rot  35.0(可用) 自由轴[]  
   quest3/bottle_v2_win14_44                          pos  35.0(poor ) rot   0.0(弃用) 自由轴[1]  
   egodex_auto/pour/7                                 pos  34.0(poor ) rot  26.0(弃用) 自由轴[1]  
   egodex_auto/pour/33                                pos  33.0(poor ) rot  25.0(弃用) 自由轴[1]  
   egodex_auto/insert_remove_usb/0                    pos  31.5(poor ) rot  31.5(可用) 自由轴[]  
   egodex_auto/screw_unscrew_bottle_cap/8             pos  29.0(poor ) rot  13.0(弃用) 自由轴[1]  
   egodex_auto/pour/30                                pos  27.0(poor ) rot  17.5(弃用) 自由轴[1]  
   egodex_auto/pour/36                                pos  27.0(poor ) rot  19.5(弃用) 自由轴[1]  
   egodex_auto/pour/47                                pos  24.0(poor ) rot  11.0(弃用) 自由轴[1]  
   egodex_auto/pour/10                                pos  23.0(poor ) rot  19.0(弃用) 自由轴[1]  
   egodex_auto/pour/41                                pos  23.0(poor ) rot  13.0(弃用) 自由轴[1]  
   egodex_auto/pour/44                                pos  23.0(poor ) rot  17.0(弃用) 自由轴[1]  
   egodex_auto/pour/48                                pos  22.0(poor ) rot   9.0(弃用) 自由轴[1]  
   egodex_auto/pour/15                                pos  21.0(poor ) rot  10.0(弃用) 自由轴[]  
   egodex_auto/pour/29                                pos  21.0(poor ) rot  17.0(弃用) 自由轴[]  
   egodex_auto/pour/34                                pos  21.0(poor ) rot  11.0(弃用) 自由轴[]  
   egodex_auto/pour/21                                pos  19.0(poor ) rot  12.0(弃用) 自由轴[1]  
   egodex_auto/pour/29                                pos  19.0(poor ) rot   4.0(弃用) 自由轴[1]  
   egodex_auto/pour/52                                pos  18.0(poor ) rot  10.5(弃用) 自由轴[]  
   egodex_auto/sweep_dustpan/3                        pos   1.0(poor ) rot   0.0(弃用) 自由轴[]  
 ↑ egodex/test/pour/11                                pos  87.0(good ) rot  46.0(弃用) 自由轴[1]  旧输出根, 已被同名 take 取代: /home/yanghong/Reconstruct_and_Retarget/Output/ReconstructOutput/egodex_auto/pour/11
 ↑ egodex_part4/screw_unscrew_bottle_cap/17           pos  87.0(good ) rot  69.0(弃用) 自由轴[2]  旧输出根, 已被同名 take 取代: /home/yanghong/Reconstruct_and_Retarget/Output/ReconstructOutput/egodex_auto/screw_unscrew_bottle_cap/17
 ↑ egodex_part4/screw_unscrew_bottle_cap/8            pos  86.0(good ) rot  58.5(弃用) 自由轴[2]  旧输出根, 已被同名 take 取代: /home/yanghong/Reconstruct_and_Retarget/Output/ReconstructOutput/egodex_auto/screw_unscrew_bottle_cap/8
 ↑ arctic/s05/laptop_grab_01                          pos  84.0(good ) rot  77.0(弃用) 自由轴[]  旧输出根, 已被同名 take 取代: /home/yanghong/Reconstruct_and_Retarget/Output/ReconstructOutput/arctic15/s05/laptop_grab_01
 ↑ arctic/s07/ketchup_grab_01                         pos  83.0(good ) rot  48.0(弃用) 自由轴[]  旧输出根, 已被同名 take 取代: /home/yanghong/Reconstruct_and_Retarget/Output/ReconstructOutput/arctic15/s07/ketchup_grab_01
 ✗ egodex_auto/screw_unscrew_bottle_cap/10            pos  82.5(good ) rot  44.0(弃用) 自由轴[]  空透明物体 (FP 系统性失灵, 存量; v2:装深色液体的透明容器不过滤)
 ✗ egodex_auto/screw_unscrew_bottle_cap/11            pos  80.5(good ) rot  19.5(弃用) 自由轴[1]  空透明物体 (FP 系统性失灵, 存量; v2:装深色液体的透明容器不过滤)
 ↑ egodex_part4/screw_unscrew_bottle_cap/17           pos  79.0(good ) rot  37.0(弃用) 自由轴[]  旧输出根, 已被同名 take 取代: /home/yanghong/Reconstruct_and_Retarget/Output/ReconstructOutput/egodex_auto/screw_unscrew_bottle_cap/17
 ↑ egodex/test/pour/17                                pos  71.0(good ) rot   2.0(弃用) 自由轴[]  旧输出根, 已被同名 take 取代: /home/yanghong/Reconstruct_and_Retarget/Output/ReconstructOutput/egodex_auto/pour/17
 ✗ egodex_auto/screw_unscrew_bottle_cap/16            pos  71.0(good ) rot  46.0(弃用) 自由轴[]  空透明物体 (FP 系统性失灵, 存量; v2:装深色液体的透明容器不过滤)
 ✗ egodex_auto/pour/4                                 pos  69.0(mixed) rot  69.0(弃用) 自由轴[1]  空透明物体 (FP 系统性失灵, 存量; v2:装深色液体的透明容器不过滤)
 ↑ egodex_part4/screw_unscrew_bottle_cap/8            pos  66.0(mixed) rot  35.0(弃用) 自由轴[]  旧输出根, 已被同名 take 取代: /home/yanghong/Reconstruct_and_Retarget/Output/ReconstructOutput/egodex_auto/screw_unscrew_bottle_cap/8
 ✗ egodex_auto/pour/22                                pos  60.0(mixed) rot  60.0(弃用) 自由轴[1]  空透明物体 (FP 系统性失灵, 存量; v2:装深色液体的透明容器不过滤)
 ↑ egodex/screw_unscrew_bottle_cap/4                  pos  56.5(mixed) rot  52.5(弃用) 自由轴[1]  旧输出根, 已被同名 take 取代: /home/yanghong/Reconstruct_and_Retarget/Output/ReconstructOutput/egodex_auto/screw_unscrew_bottle_cap/4
 ✗ egodex_auto/pour/18                                pos  55.0(mixed) rot  50.0(弃用) 自由轴[1]  空透明物体 (FP 系统性失灵, 存量; v2:装深色液体的透明容器不过滤)
 ↑ egodex/test/pour/11                                pos  50.0(mixed) rot   7.0(弃用) 自由轴[1]  旧输出根, 已被同名 take 取代: /home/yanghong/Reconstruct_and_Retarget/Output/ReconstructOutput/egodex_auto/pour/11
 ✗ egodex_auto/screw_unscrew_bottle_cap/22            pos  27.0(poor ) rot  14.0(弃用) 自由轴[1]  空透明物体 (FP 系统性失灵, 存量; v2:装深色液体的透明容器不过滤)
 ✗ egodex_auto/screw_unscrew_bottle_cap/3             pos  25.5(poor ) rot  14.0(弃用) 自由轴[1]  空透明物体 (FP 系统性失灵, 存量; v2:装深色液体的透明容器不过滤)
 ✗ egodex_auto/screw_unscrew_bottle_cap/14            pos  20.5(poor ) rot  10.0(弃用) 自由轴[1]  空透明物体 (FP 系统性失灵, 存量; v2:装深色液体的透明容器不过滤)
 ✗ egodex_auto/pour/26                                pos  18.0(poor ) rot   0.0(弃用) 自由轴[1]  空透明物体 (FP 系统性失灵, 存量; v2:装深色液体的透明容器不过滤)
[manifest] 写入 /home/yanghong/Reconstruct_and_Retarget/Data/VideoPrior/poseqa/TAKE_MANIFEST.json
[confidence] object_valid_measured: [57, 73] 可信帧 (ovm_v1_20260826)
[confidence] poseqa 快照 -> take: 6 文件 + 2 条审计记录
[confidence] conf_viz: /home/yanghong/miniconda3/envs/hawor/bin/python /home/yanghong/Reconstruct_and_Retarget/confidence/conf_viz.py --audit /home/yanghong/Reconstruct_and_Retarget/Data/VideoPrior/poseqa/pose_audit.json --out /home/yanghong/Reconstruct_and_Retarget/Data/VideoPrior/poseqa/confviz --ct-dir /home/yanghong/Reconstruct_and_Retarget/Data/VideoPrior/poseqa/cc --take egodex_part4/screw_unscrew_bottle_cap/36
  X egodex_part4/screw_unscrew_bottle_cap/36 (object_0,object_1) -> video not found
[confidence] ✓ screw_unscrew_bottle_cap__36: active pos 68.0 rot 53.0 旋转可用 | hands L/R pos 99.0/100.0

===== fp_pose screw_unscrew_bottle_cap__36 gpu=5 2026-08-28 00:34:39 =====
[fp_pose] CUDA_VISIBLE_DEVICES=5 local_gpu=0
[fp_pose] frame_plan object_0: 配准帧 12 -> 22
[__init__()] self.cfg: 
 lr: 0.0001
c_in: 6
zfar: 'Infinity'
debug: null
n_view: 1
run_id: 3wy8qqex
use_BN: true
exp_name: 2024-01-11-20-02-45
n_epochs: 62
save_dir: /home/bowenw/debug/2024-01-11-20-02-45/
use_mask: false
loss_type: pairwise_valid
optimizer: adam
batch_size: 64
crop_ratio: 1.1
enable_amp: true
use_normal: false
max_num_key: null
warmup_step: -1
input_resize:
- 160
- 160
max_step_val: 1000
vis_interval: 1000
weight_decay: 0
normalize_xyz: true
resume_run_id: null
clip_grad_norm: 'Infinity'
lr_epoch_decay: 500
render_backend: nvdiffrast
train_num_pair: 5
lr_decay_epochs:
- 50
n_epochs_warmup: 1
make_pair_online: false
gradient_max_norm: 'Infinity'
max_step_per_epoch: 10000
n_rendering_workers: 1
save_epoch_interval: 100
n_dataloader_workers: 100
split_objects_across_gpus: true
ckpt_dir: /home/yanghong/Reconstruct_and_Retarget/third_party/FoundationPose/learning/training/../../weights/2024-01-11-20-02-45/model_best.pth

[__init__()] self.h5_file:None
[__init__()] Using pretrained model from /home/yanghong/Reconstruct_and_Retarget/third_party/FoundationPose/learning/training/../../weights/2024-01-11-20-02-45/model_best.pth
[__init__()] init done
[__init__()] welcome
[__init__()] self.cfg: 
 lr: 0.0001
c_in: 6
zfar: .inf
debug: null
w_rot: 0.1
n_view: 1
run_id: null
use_BN: true
rot_rep: axis_angle
ckpt_dir: /home/yanghong/Reconstruct_and_Retarget/third_party/FoundationPose/learning/training/../../weights/2023-10-28-18-33-37/model_best.pth
exp_name: 2023-10-28-18-33-37
save_dir: /tmp/2023-10-28-18-33-37/
loss_type: l2
optimizer: adam
trans_rep: tracknet
batch_size: 64
crop_ratio: 1.2
use_normal: false
BN_momentum: 0.1
max_num_key: null
warmup_step: -1
input_resize:
- 160
- 160
max_step_val: 1000
normal_uint8: false
vis_interval: 1000
weight_decay: 0
n_max_objects: null
normalize_xyz: true
clip_grad_norm: 'Infinity'
rot_normalizer: 0.3490658503988659
trans_normalizer:
- 0.019999999552965164
- 0.019999999552965164
- 0.05000000074505806
max_step_per_epoch: 25000
val_epoch_interval: 10
n_dataloader_workers: 60
enable_amp: true
use_mask: false

[__init__()] self.h5_file:
[__init__()] Using pretrained model from /home/yanghong/Reconstruct_and_Retarget/third_party/FoundationPose/learning/training/../../weights/2023-10-28-18-33-37/model_best.pth
[__init__()] init done
[reset_object()] self.diameter:0.20152238171646766, vox_size:0.010076119085823383
[reset_object()] self.pts:torch.Size([135, 3])
[reset_object()] reset done
[make_rotation_grid()] cam_in_obs:(42, 4, 4)
[make_rotation_grid()] rot_grid:(252, 4, 4)
[make_rotation_grid()] after cluster, rot_grid:(252, 4, 4)
[make_rotation_grid()] self.rot_grid: torch.Size([252, 4, 4])
[register()] Welcome
[register()] poses:(252, 4, 4)
[register()] after viewpoint, add_errs min:-1.0
/home/yanghong/miniconda3/envs/biv2ap/lib/python3.10/site-packages/torch/__init__.py:1323: UserWarning: torch.set_default_tensor_type() is deprecated as of PyTorch 2.1, please use torch.set_default_dtype() and torch.set_default_device() as alternatives. (Triggered internally at /pytorch/torch/csrc/tensor/python_tensor.cpp:434.)
  _C._set_default_tensor_type(t)
[predict()] ob_in_cams:(252, 4, 4)
[predict()] self.cfg.use_normal:False
[predict()] trans_normalizer:[0.019999999552965164, 0.019999999552965164, 0.05000000074505806], rot_normalizer:0.3490658503988659
[predict()] making cropped data
[make_crop_data_batch()] Welcome make_crop_data_batch
[make_crop_data_batch()] make tf_to_crops done
[make_crop_data_batch()] render done
[make_crop_data_batch()] warp done
[make_crop_data_batch()] pose batch data done
[predict()] forward start
/home/yanghong/Reconstruct_and_Retarget/third_party/FoundationPose/learning/training/predict_pose_refine.py:190: FutureWarning: `torch.cuda.amp.autocast(args...)` is deprecated. Please use `torch.amp.autocast('cuda', args...)` instead.
  with torch.cuda.amp.autocast(enabled=self.amp):
[predict()] forward done
[predict()] making cropped data
[make_crop_data_batch()] Welcome make_crop_data_batch
[make_crop_data_batch()] make tf_to_crops done
[make_crop_data_batch()] render done
[make_crop_data_batch()] warp done
[make_crop_data_batch()] pose batch data done
[predict()] forward start
[predict()] forward done
[predict()] making cropped data
[make_crop_data_batch()] Welcome make_crop_data_batch
[make_crop_data_batch()] make tf_to_crops done
[make_crop_data_batch()] render done
[make_crop_data_batch()] warp done
[make_crop_data_batch()] pose batch data done
[predict()] forward start
[predict()] forward done
[predict()] making cropped data
[make_crop_data_batch()] Welcome make_crop_data_batch
[make_crop_data_batch()] make tf_to_crops done
[make_crop_data_batch()] render done
[make_crop_data_batch()] warp done
[make_crop_data_batch()] pose batch data done
[predict()] forward start
[predict()] forward done
[predict()] making cropped data
[make_crop_data_batch()] Welcome make_crop_data_batch
[make_crop_data_batch()] make tf_to_crops done
[make_crop_data_batch()] render done
[make_crop_data_batch()] warp done
[make_crop_data_batch()] pose batch data done
[predict()] forward start
[predict()] forward done
[predict()] ob_in_cams:(252, 4, 4)
[predict()] self.cfg.use_normal:False
[predict()] making cropped data
[make_crop_data_batch()] Welcome make_crop_data_batch
[make_crop_data_batch()] make tf_to_crops done
[make_crop_data_batch()] render done
[make_crop_data_batch()] pose batch data done
[find_best_among_pairs()] pose_data.rgbAs.shape[0]: 252
/home/yanghong/Reconstruct_and_Retarget/third_party/FoundationPose/learning/training/predict_score.py:193: FutureWarning: `torch.cuda.amp.autocast(args...)` is deprecated. Please use `torch.amp.autocast('cuda', args...)` instead.
  with torch.cuda.amp.autocast(enabled=self.amp):
[predict()] forward done
[register()] final, add_errs min:-1.0
[register()] sort ids:tensor([242,  26,  32,  76,  41,  47,  22,  28, 236,  70, 244,  16,  34,  58,
        188, 250,   4, 100, 106, 153, 183, 184, 238,   3,   9,  51,  63,  94,
         99, 117, 123, 129, 182, 190,  15,  33,  69,  81,  82,  87, 195, 201,
        231, 243, 249,  21,  75, 105, 237,  88, 135, 147, 207,  10,  57,  93,
        171, 177, 225, 154, 189,  27, 208, 104, 148, 202, 161, 167, 196, 215,
        217, 221, 211,  37,  92,  98, 157, 209,  43,  68, 155,  56,  86, 149,
        159, 163, 170, 203, 224, 124, 136, 165, 118, 176, 219, 130,  64, 213,
        230,  45,  52, 156, 162,  78,   0, 192, 210,   6,  12,  18,  42,  48,
         60, 125, 144,  36, 103, 114, 120, 126, 150, 168, 174, 198, 204, 216,
        246,  39,  66,  85,  97, 119, 131, 222, 228,   2,  54,  55,  72,  91,
        132, 137, 248,  65,  67,  80,  90, 102,  20,  53,   8,  14,  74,  84,
         96, 194, 115, 166,  79, 110, 220,  49, 121, 134, 160, 193, 205, 214,
         50,  73, 116, 145, 152, 169, 200,   1,  13,  24,  30,  62, 122, 128,
        146, 186, 206, 247,  46, 127, 151, 180, 199, 223, 229, 234, 240,   7,
         19,  61,  40, 133, 175, 187,  31, 108, 111, 181, 235,  25, 241, 107,
        112, 185, 191,  29, 113, 245,  59,  89, 239, 101, 173,  71,  95, 109,
        179, 227,  35, 233,  11,  17,  77, 197,   5,  23,  83, 251,  44, 158,
        164, 218, 212,  38, 138, 139, 141, 142, 140, 143, 172, 178, 226, 232])
[register()] sorted scores:tensor([130.3125, 130.1719, 130.1094, 130.1094, 130.0781, 130.0781, 130.0625,
        130.0312, 130.0312, 130.0156, 130.0156, 129.9844, 129.9688, 129.9688,
        129.9688, 129.9531, 129.9375, 129.9375, 129.9375, 129.9375, 129.9375,
        129.9375, 129.9375, 129.9219, 129.9219, 129.9219, 129.9219, 129.9219,
        129.9219, 129.9219, 129.9219, 129.9219, 129.9219, 129.9219, 129.9062,
        129.9062, 129.9062, 129.9062, 129.9062, 129.9062, 129.9062, 129.9062,
        129.9062, 129.9062, 129.9062, 129.8906, 129.8906, 129.8906, 129.8906,
        129.8750, 129.8750, 129.8750, 129.8750, 129.8594, 129.8594, 129.8594,
        129.8594, 129.8594, 129.8594, 129.8281, 129.8281, 129.8125, 129.7969,
        129.7656, 129.7656, 129.7656, 129.7500, 129.7500, 129.7500, 129.7500,
        129.7344, 129.7344, 129.7188, 129.7031, 129.7031, 129.6875, 129.6875,
        129.6875, 129.6719, 129.6719, 129.6719, 129.6562, 129.6562, 129.6562,
        129.6562, 129.6562, 129.6562, 129.6562, 129.6562, 129.6406, 129.6406,
        129.6406, 129.6250, 129.6250, 129.6250, 129.5938, 129.5781, 129.5781,
        129.5781, 129.5625, 129.5625, 129.5469, 129.5469, 129.5312, 129.5156,
        129.5156, 129.5156, 129.5000, 129.5000, 129.5000, 129.5000, 129.5000,
        129.5000, 129.5000, 129.5000, 129.4844, 129.4844, 129.4844, 129.4844,
        129.4844, 129.4844, 129.4844, 129.4844, 129.4844, 129.4844, 129.4844,
        129.4844, 129.4688, 129.4688, 129.4688, 129.4688, 129.4688, 129.4688,
        129.4688, 129.4688, 129.4531, 129.4531, 129.4531, 129.4531, 129.4531,
        129.4531, 129.4531, 129.4531, 129.4375, 129.4375, 129.4375, 129.4375,
        129.4375, 129.4219, 129.4219, 129.4062, 129.4062, 129.4062, 129.4062,
        129.4062, 129.4062, 129.3906, 129.3906, 129.3750, 129.3750, 129.3750,
        129.3594, 129.3594, 129.3594, 129.3594, 129.3594, 129.3594, 129.3594,
        129.3438, 129.3438, 129.3438, 129.3438, 129.3438, 129.3438, 129.3438,
        129.3281, 129.3281, 129.3281, 129.3281, 129.3281, 129.3281, 129.3281,
        129.3281, 129.3281, 129.3281, 129.3281, 129.3125, 129.3125, 129.3125,
        129.3125, 129.3125, 129.3125, 129.3125, 129.3125, 129.3125, 129.2969,
        129.2969, 129.2969, 129.2656, 129.2656, 129.2656, 129.2500, 129.2344,
        129.2344, 129.2188, 129.2188, 129.2188, 129.2031, 129.2031, 129.1406,
        129.1406, 129.1406, 129.1406, 129.1250, 129.1250, 129.1250, 129.1094,
        129.1094, 129.1094, 129.0938, 129.0938, 129.0781, 129.0781, 129.0781,
        129.0781, 129.0781, 129.0625, 129.0625, 129.0469, 129.0469, 129.0469,
        129.0469, 129.0312, 129.0312, 129.0312, 129.0312, 128.9844, 128.9688,
        128.9688, 128.9531, 128.9375, 128.9219, 128.9219, 128.9219, 128.9219,
        128.9219, 128.9062, 128.8906, 128.6875, 128.6719, 128.6719, 128.6562])
[track_one()] Welcome
[track_one()] depth processing done
[predict()] ob_in_cams:(1, 4, 4)
[predict()] self.cfg.use_normal:False
[predict()] trans_normalizer:[0.019999999552965164, 0.019999999552965164, 0.05000000074505806], rot_normalizer:0.3490658503988659
[predict()] making cropped data
[make_crop_data_batch()] Welcome make_crop_data_batch
[make_crop_data_batch()] make tf_to_crops done
[make_crop_data_batch()] render done
[make_crop_data_batch()] warp done
[make_crop_data_batch()] pose batch data done
[predict()] forward start
[predict()] forward done
[track_one()] pose done
[track_one()] Welcome
[track_one()] depth processing done
[predict()] ob_in_cams:(1, 4, 4)
[predict()] self.cfg.use_normal:False
[predict()] trans_normalizer:[0.019999999552965164, 0.019999999552965164, 0.05000000074505806], rot_normalizer:0.3490658503988659
[predict()] making cropped data
[make_crop_data_batch()] Welcome make_crop_data_batch
[make_crop_data_batch()] make tf_to_crops done
[make_crop_data_batch()] render done
[make_crop_data_batch()] warp done
[make_crop_data_batch()] pose batch data done
[predict()] forward start
[predict()] forward done
[track_one()] pose done
[track_one()] Welcome
[track_one()] depth processing done
[predict()] ob_in_cams:(1, 4, 4)
[predict()] self.cfg.use_normal:False
[predict()] trans_normalizer:[0.019999999552965164, 0.019999999552965164, 0.05000000074505806], rot_normalizer:0.3490658503988659
[predict()] making cropped data
[make_crop_data_batch()] Welcome make_crop_data_batch
[make_crop_data_batch()] make tf_to_crops done
[make_crop_data_batch()] render done
[make_crop_data_batch()] warp done
[make_crop_data_batch()] pose batch data done
[predict()] forward start
[predict()] forward done
[track_one()] pose done
[track_one()] Welcome
[track_one()] depth processing done
[predict()] ob_in_cams:(1, 4, 4)
[predict()] self.cfg.use_normal:False
[predict()] trans_normalizer:[0.019999999552965164, 0.019999999552965164, 0.05000000074505806], rot_normalizer:0.3490658503988659
[predict()] making cropped data
[make_crop_data_batch()] Welcome make_crop_data_batch
[make_crop_data_batch()] make tf_to_crops done
[make_crop_data_batch()] render done
[make_crop_data_batch()] warp done
[make_crop_data_batch()] pose batch data done
[predict()] forward start
[predict()] forward done
[track_one()] pose done
[track_one()] Welcome
[track_one()] depth processing done
[predict()] ob_in_cams:(1, 4, 4)
[predict()] self.cfg.use_normal:False
[predict()] trans_normalizer:[0.019999999552965164, 0.019999999552965164, 0.05000000074505806], rot_normalizer:0.3490658503988659
[predict()] making cropped data
[make_crop_data_batch()] Welcome make_crop_data_batch
[make_crop_data_batch()] make tf_to_crops done
[make_crop_data_batch()] render done
[make_crop_data_batch()] warp done
[make_crop_data_batch()] pose batch data done
[predict()] forward start
[predict()] forward done
[track_one()] pose done
[track_one()] Welcome
[track_one()] depth processing done
[predict()] ob_in_cams:(1, 4, 4)
[predict()] self.cfg.use_normal:False
[predict()] trans_normalizer:[0.019999999552965164, 0.019999999552965164, 0.05000000074505806], rot_normalizer:0.3490658503988659
[predict()] making cropped data
[make_crop_data_batch()] Welcome make_crop_data_batch
[make_crop_data_batch()] make tf_to_crops done
[make_crop_data_batch()] render done
[make_crop_data_batch()] warp done
[make_crop_data_batch()] pose batch data done
[predict()] forward start
[predict()] forward done
[track_one()] pose done
[track_one()] Welcome
[track_one()] depth processing done
[predict()] ob_in_cams:(1, 4, 4)
[predict()] self.cfg.use_normal:False
[predict()] trans_normalizer:[0.019999999552965164, 0.019999999552965164, 0.05000000074505806], rot_normalizer:0.3490658503988659
[predict()] making cropped data
[make_crop_data_batch()] Welcome make_crop_data_batch
[make_crop_data_batch()] make tf_to_crops done
[make_crop_data_batch()] render done
[make_crop_data_batch()] warp done
[make_crop_data_batch()] pose batch data done
[predict()] forward start
[predict()] forward done
[track_one()] pose done
[track_one()] Welcome
[track_one()] depth processing done
[predict()] ob_in_cams:(1, 4, 4)
[predict()] self.cfg.use_normal:False
[predict()] trans_normalizer:[0.019999999552965164, 0.019999999552965164, 0.05000000074505806], rot_normalizer:0.3490658503988659
[predict()] making cropped data
[make_crop_data_batch()] Welcome make_crop_data_batch
[make_crop_data_batch()] make tf_to_crops done
[make_crop_data_batch()] render done
[make_crop_data_batch()] warp done
[make_crop_data_batch()] pose batch data done
[predict()] forward start
[predict()] forward done
[track_one()] pose done
[track_one()] Welcome
[track_one()] depth processing done
[predict()] ob_in_cams:(1, 4, 4)
[predict()] self.cfg.use_normal:False
[predict()] trans_normalizer:[0.019999999552965164, 0.019999999552965164, 0.05000000074505806], rot_normalizer:0.3490658503988659
[predict()] making cropped data
[make_crop_data_batch()] Welcome make_crop_data_batch
[make_crop_data_batch()] make tf_to_crops done
[make_crop_data_batch()] render done
[make_crop_data_batch()] warp done
[make_crop_data_batch()] pose batch data done
[predict()] forward start
[predict()] forward done
[track_one()] pose done
[track_one()] Welcome
[track_one()] depth processing done
[predict()] ob_in_cams:(1, 4, 4)
[predict()] self.cfg.use_normal:False
[predict()] trans_normalizer:[0.019999999552965164, 0.019999999552965164, 0.05000000074505806], rot_normalizer:0.3490658503988659
[predict()] making cropped data
[make_crop_data_batch()] Welcome make_crop_data_batch
[make_crop_data_batch()] make tf_to_crops done
[make_crop_data_batch()] render done
[make_crop_data_batch()] warp done
[make_crop_data_batch()] pose batch data done
[predict()] forward start
[predict()] forward done
[track_one()] pose done
[track_one()] Welcome
[track_one()] depth processing done
[predict()] ob_in_cams:(1, 4, 4)
[predict()] self.cfg.use_normal:False
[predict()] trans_normalizer:[0.019999999552965164, 0.019999999552965164, 0.05000000074505806], rot_normalizer:0.3490658503988659
[predict()] making cropped data
[make_crop_data_batch()] Welcome make_crop_data_batch
[make_crop_data_batch()] make tf_to_crops done
[make_crop_data_batch()] render done
[make_crop_data_batch()] warp done
[make_crop_data_batch()] pose batch data done
[predict()] forward start
[predict()] forward done
[track_one()] pose done
[track_one()] Welcome
[track_one()] depth processing done
[predict()] ob_in_cams:(1, 4, 4)
[predict()] self.cfg.use_normal:False
[predict()] trans_normalizer:[0.019999999552965164, 0.019999999552965164, 0.05000000074505806], rot_normalizer:0.3490658503988659
[predict()] making cropped data
[make_crop_data_batch()] Welcome make_crop_data_batch
[make_crop_data_batch()] make tf_to_crops done
[make_crop_data_batch()] render done
[make_crop_data_batch()] warp done
[make_crop_data_batch()] pose batch data done
[predict()] forward start
[predict()] forward done
[track_one()] pose done
[track_one()] Welcome
[track_one()] depth processing done
[predict()] ob_in_cams:(1, 4, 4)
[predict()] self.cfg.use_normal:False
[predict()] trans_normalizer:[0.019999999552965164, 0.019999999552965164, 0.05000000074505806], rot_normalizer:0.3490658503988659
[predict()] making cropped data
[make_crop_data_batch()] Welcome make_crop_data_batch
[make_crop_data_batch()] make tf_to_crops done
[make_crop_data_batch()] render done
[make_crop_data_batch()] warp done
[make_crop_data_batch()] pose batch data done
[predict()] forward start
[predict()] forward done
[track_one()] pose done
[track_one()] Welcome
[track_one()] depth processing done
[predict()] ob_in_cams:(1, 4, 4)
[predict()] self.cfg.use_normal:False
[predict()] trans_normalizer:[0.019999999552965164, 0.019999999552965164, 0.05000000074505806], rot_normalizer:0.3490658503988659
[predict()] making cropped data
[make_crop_data_batch()] Welcome make_crop_data_batch
[make_crop_data_batch()] make tf_to_crops done
[make_crop_data_batch()] render done
[make_crop_data_batch()] warp done
[make_crop_data_batch()] pose batch data done
[predict()] forward start
[predict()] forward done
[track_one()] pose done
[track_one()] Welcome
[track_one()] depth processing done
[predict()] ob_in_cams:(1, 4, 4)
[predict()] self.cfg.use_normal:False
[predict()] trans_normalizer:[0.019999999552965164, 0.019999999552965164, 0.05000000074505806], rot_normalizer:0.3490658503988659
[predict()] making cropped data
[make_crop_data_batch()] Welcome make_crop_data_batch
[make_crop_data_batch()] make tf_to_crops done
[make_crop_data_batch()] render done
[make_crop_data_batch()] warp done
[make_crop_data_batch()] pose batch data done
[predict()] forward start
[predict()] forward done
[track_one()] pose done
[track_one()] Welcome
[track_one()] depth processing done
[predict()] ob_in_cams:(1, 4, 4)
[predict()] self.cfg.use_normal:False
[predict()] trans_normalizer:[0.019999999552965164, 0.019999999552965164, 0.05000000074505806], rot_normalizer:0.3490658503988659
[predict()] making cropped data
[make_crop_data_batch()] Welcome make_crop_data_batch
[make_crop_data_batch()] make tf_to_crops done
[make_crop_data_batch()] render done
[make_crop_data_batch()] warp done
[make_crop_data_batch()] pose batch data done
[predict()] forward start
[predict()] forward done
[track_one()] pose done
[track_one()] Welcome
[track_one()] depth processing done
[predict()] ob_in_cams:(1, 4, 4)
[predict()] self.cfg.use_normal:False
[predict()] trans_normalizer:[0.019999999552965164, 0.019999999552965164, 0.05000000074505806], rot_normalizer:0.3490658503988659
[predict()] making cropped data
[make_crop_data_batch()] Welcome make_crop_data_batch
[make_crop_data_batch()] make tf_to_crops done
[make_crop_data_batch()] render done
[make_crop_data_batch()] warp done
[make_crop_data_batch()] pose batch data done
[predict()] forward start
[predict()] forward done
[track_one()] pose done
[track_one()] Welcome
[track_one()] depth processing done
[predict()] ob_in_cams:(1, 4, 4)
[predict()] self.cfg.use_normal:False
[predict()] trans_normalizer:[0.019999999552965164, 0.019999999552965164, 0.05000000074505806], rot_normalizer:0.3490658503988659
[predict()] making cropped data
[make_crop_data_batch()] Welcome make_crop_data_batch
[make_crop_data_batch()] make tf_to_crops done
[make_crop_data_batch()] render done
[make_crop_data_batch()] warp done
[make_crop_data_batch()] pose batch data done
[predict()] forward start
[predict()] forward done
[track_one()] pose done
[track_one()] Welcome
[track_one()] depth processing done
[predict()] ob_in_cams:(1, 4, 4)
[predict()] self.cfg.use_normal:False
[predict()] trans_normalizer:[0.019999999552965164, 0.019999999552965164, 0.05000000074505806], rot_normalizer:0.3490658503988659
[predict()] making cropped data
[make_crop_data_batch()] Welcome make_crop_data_batch
[make_crop_data_batch()] make tf_to_crops done
[make_crop_data_batch()] render done
[make_crop_data_batch()] warp done
[make_crop_data_batch()] pose batch data done
[predict()] forward start
[predict()] forward done
[track_one()] pose done
[track_one()] Welcome
[track_one()] depth processing done
[predict()] ob_in_cams:(1, 4, 4)
[predict()] self.cfg.use_normal:False
[predict()] trans_normalizer:[0.019999999552965164, 0.019999999552965164, 0.05000000074505806], rot_normalizer:0.3490658503988659
[predict()] making cropped data
[make_crop_data_batch()] Welcome make_crop_data_batch
[make_crop_data_batch()] make tf_to_crops done
[make_crop_data_batch()] render done
[make_crop_data_batch()] warp done
[make_crop_data_batch()] pose batch data done
[predict()] forward start
[predict()] forward done
[track_one()] pose done
[track_one()] Welcome
[track_one()] depth processing done
[predict()] ob_in_cams:(1, 4, 4)
[predict()] self.cfg.use_normal:False
[predict()] trans_normalizer:[0.019999999552965164, 0.019999999552965164, 0.05000000074505806], rot_normalizer:0.3490658503988659
[predict()] making cropped data
[make_crop_data_batch()] Welcome make_crop_data_batch
[make_crop_data_batch()] make tf_to_crops done
[make_crop_data_batch()] render done
[make_crop_data_batch()] warp done
[make_crop_data_batch()] pose batch data done
[predict()] forward start
[predict()] forward done
[track_one()] pose done
[track_one()] Welcome
[track_one()] depth processing done
[predict()] ob_in_cams:(1, 4, 4)
[predict()] self.cfg.use_normal:False
[predict()] trans_normalizer:[0.019999999552965164, 0.019999999552965164, 0.05000000074505806], rot_normalizer:0.3490658503988659
[predict()] making cropped data
[make_crop_data_batch()] Welcome make_crop_data_batch
[make_crop_data_batch()] make tf_to_crops done
[make_crop_data_batch()] render done
[make_crop_data_batch()] warp done
[make_crop_data_batch()] pose batch data done
[predict()] forward start
[predict()] forward done
[track_one()] pose done
[track_one()] Welcome
[track_one()] depth processing done
[predict()] ob_in_cams:(1, 4, 4)
[predict()] self.cfg.use_normal:False
[predict()] trans_normalizer:[0.019999999552965164, 0.019999999552965164, 0.05000000074505806], rot_normalizer:0.3490658503988659
[predict()] making cropped data
[make_crop_data_batch()] Welcome make_crop_data_batch
[make_crop_data_batch()] make tf_to_crops done
[make_crop_data_batch()] render done
[make_crop_data_batch()] warp done
[make_crop_data_batch()] pose batch data done
[predict()] forward start
[predict()] forward done
[track_one()] pose done
[track_one()] Welcome
[track_one()] depth processing done
[predict()] ob_in_cams:(1, 4, 4)
[predict()] self.cfg.use_normal:False
[predict()] trans_normalizer:[0.019999999552965164, 0.019999999552965164, 0.05000000074505806], rot_normalizer:0.3490658503988659
[predict()] making cropped data
[make_crop_data_batch()] Welcome make_crop_data_batch
[make_crop_data_batch()] make tf_to_crops done
[make_crop_data_batch()] render done
[make_crop_data_batch()] warp done
[make_crop_data_batch()] pose batch data done
[predict()] forward start
[predict()] forward done
[track_one()] pose done
[track_one()] Welcome
[track_one()] depth processing done
[predict()] ob_in_cams:(1, 4, 4)
[predict()] self.cfg.use_normal:False
[predict()] trans_normalizer:[0.019999999552965164, 0.019999999552965164, 0.05000000074505806], rot_normalizer:0.3490658503988659
[predict()] making cropped data
[make_crop_data_batch()] Welcome make_crop_data_batch
[make_crop_data_batch()] make tf_to_crops done
[make_crop_data_batch()] render done
[make_crop_data_batch()] warp done
[make_crop_data_batch()] pose batch data done
[predict()] forward start
[predict()] forward done
[track_one()] pose done
[track_one()] Welcome
[track_one()] depth processing done
[predict()] ob_in_cams:(1, 4, 4)
[predict()] self.cfg.use_normal:False
[predict()] trans_normalizer:[0.019999999552965164, 0.019999999552965164, 0.05000000074505806], rot_normalizer:0.3490658503988659
[predict()] making cropped data
[make_crop_data_batch()] Welcome make_crop_data_batch
[make_crop_data_batch()] make tf_to_crops done
[make_crop_data_batch()] render done
[make_crop_data_batch()] warp done
[make_crop_data_batch()] pose batch data done
[predict()] forward start
[predict()] forward done
[track_one()] pose done
[track_one()] Welcome
[track_one()] depth processing done
[predict()] ob_in_cams:(1, 4, 4)
[predict()] self.cfg.use_normal:False
[predict()] trans_normalizer:[0.019999999552965164, 0.019999999552965164, 0.05000000074505806], rot_normalizer:0.3490658503988659
[predict()] making cropped data
[make_crop_data_batch()] Welcome make_crop_data_batch
[make_crop_data_batch()] make tf_to_crops done
[make_crop_data_batch()] render done
[make_crop_data_batch()] warp done
[make_crop_data_batch()] pose batch data done
[predict()] forward start
[predict()] forward done
[track_one()] pose done
[track_one()] Welcome
[track_one()] depth processing done
[predict()] ob_in_cams:(1, 4, 4)
[predict()] self.cfg.use_normal:False
[predict()] trans_normalizer:[0.019999999552965164, 0.019999999552965164, 0.05000000074505806], rot_normalizer:0.3490658503988659
[predict()] making cropped data
[make_crop_data_batch()] Welcome make_crop_data_batch
[make_crop_data_batch()] make tf_to_crops done
[make_crop_data_batch()] render done
[make_crop_data_batch()] warp done
[make_crop_data_batch()] pose batch data done
[predict()] forward start
[predict()] forward done
[track_one()] pose done
[track_one()] Welcome
[track_one()] depth processing done
[predict()] ob_in_cams:(1, 4, 4)
[predict()] self.cfg.use_normal:False
[predict()] trans_normalizer:[0.019999999552965164, 0.019999999552965164, 0.05000000074505806], rot_normalizer:0.3490658503988659
[predict()] making cropped data
[make_crop_data_batch()] Welcome make_crop_data_batch
[make_crop_data_batch()] make tf_to_crops done
[make_crop_data_batch()] render done
[make_crop_data_batch()] warp done
[make_crop_data_batch()] pose batch data done
[predict()] forward start
[predict()] forward done
[track_one()] pose done
[track_one()] Welcome
[track_one()] depth processing done
[predict()] ob_in_cams:(1, 4, 4)
[predict()] self.cfg.use_normal:False
[predict()] trans_normalizer:[0.019999999552965164, 0.019999999552965164, 0.05000000074505806], rot_normalizer:0.3490658503988659
[predict()] making cropped data
[make_crop_data_batch()] Welcome make_crop_data_batch
[make_crop_data_batch()] make tf_to_crops done
[make_crop_data_batch()] render done
[make_crop_data_batch()] warp done
[make_crop_data_batch()] pose batch data done
[predict()] forward start
[predict()] forward done
[track_one()] pose done
[track_one()] Welcome
[track_one()] depth processing done
[predict()] ob_in_cams:(1, 4, 4)
[predict()] self.cfg.use_normal:False
[predict()] trans_normalizer:[0.019999999552965164, 0.019999999552965164, 0.05000000074505806], rot_normalizer:0.3490658503988659
[predict()] making cropped data
[make_crop_data_batch()] Welcome make_crop_data_batch
[make_crop_data_batch()] make tf_to_crops done
[make_crop_data_batch()] render done
[make_crop_data_batch()] warp done
[make_crop_data_batch()] pose batch data done
[predict()] forward start
[predict()] forward done
[track_one()] pose done
[track_one()] Welcome
[track_one()] depth processing done
[predict()] ob_in_cams:(1, 4, 4)
[predict()] self.cfg.use_normal:False
[predict()] trans_normalizer:[0.019999999552965164, 0.019999999552965164, 0.05000000074505806], rot_normalizer:0.3490658503988659
[predict()] making cropped data
[make_crop_data_batch()] Welcome make_crop_data_batch
[make_crop_data_batch()] make tf_to_crops done
[make_crop_data_batch()] render done
[make_crop_data_batch()] warp done
[make_crop_data_batch()] pose batch data done
[predict()] forward start
[predict()] forward done
[track_one()] pose done
[track_one()] Welcome
[track_one()] depth processing done
[predict()] ob_in_cams:(1, 4, 4)
[predict()] self.cfg.use_normal:False
[predict()] trans_normalizer:[0.019999999552965164, 0.019999999552965164, 0.05000000074505806], rot_normalizer:0.3490658503988659
[predict()] making cropped data
[make_crop_data_batch()] Welcome make_crop_data_batch
[make_crop_data_batch()] make tf_to_crops done
[make_crop_data_batch()] render done
[make_crop_data_batch()] warp done
[make_crop_data_batch()] pose batch data done
[predict()] forward start
[predict()] forward done
[track_one()] pose done
[track_one()] Welcome
[track_one()] depth processing done
[predict()] ob_in_cams:(1, 4, 4)
[predict()] self.cfg.use_normal:False
[predict()] trans_normalizer:[0.019999999552965164, 0.019999999552965164, 0.05000000074505806], rot_normalizer:0.3490658503988659
[predict()] making cropped data
[make_crop_data_batch()] Welcome make_crop_data_batch
[make_crop_data_batch()] make tf_to_crops done
[make_crop_data_batch()] render done
[make_crop_data_batch()] warp done
[make_crop_data_batch()] pose batch data done
[predict()] forward start
[predict()] forward done
[track_one()] pose done
[track_one()] Welcome
[track_one()] depth processing done
[predict()] ob_in_cams:(1, 4, 4)
[predict()] self.cfg.use_normal:False
[predict()] trans_normalizer:[0.019999999552965164, 0.019999999552965164, 0.05000000074505806], rot_normalizer:0.3490658503988659
[predict()] making cropped data
[make_crop_data_batch()] Welcome make_crop_data_batch
[make_crop_data_batch()] make tf_to_crops done
[make_crop_data_batch()] render done
[make_crop_data_batch()] warp done
[make_crop_data_batch()] pose batch data done
[predict()] forward start
[predict()] forward done
[track_one()] pose done
[track_one()] Welcome
[track_one()] depth processing done
[predict()] ob_in_cams:(1, 4, 4)
[predict()] self.cfg.use_normal:False
[predict()] trans_normalizer:[0.019999999552965164, 0.019999999552965164, 0.05000000074505806], rot_normalizer:0.3490658503988659
[predict()] making cropped data
[make_crop_data_batch()] Welcome make_crop_data_batch
[make_crop_data_batch()] make tf_to_crops done
[make_crop_data_batch()] render done
[make_crop_data_batch()] warp done
[make_crop_data_batch()] pose batch data done
[predict()] forward start
[predict()] forward done
[track_one()] pose done
[track_one()] Welcome
[track_one()] depth processing done
[predict()] ob_in_cams:(1, 4, 4)
[predict()] self.cfg.use_normal:False
[predict()] trans_normalizer:[0.019999999552965164, 0.019999999552965164, 0.05000000074505806], rot_normalizer:0.3490658503988659
[predict()] making cropped data
[make_crop_data_batch()] Welcome make_crop_data_batch
[make_crop_data_batch()] make tf_to_crops done
[make_crop_data_batch()] render done
[make_crop_data_batch()] warp done
[make_crop_data_batch()] pose batch data done
[predict()] forward start
[predict()] forward done
[track_one()] pose done
[track_one()] Welcome
[track_one()] depth processing done
[predict()] ob_in_cams:(1, 4, 4)
[predict()] self.cfg.use_normal:False
[predict()] trans_normalizer:[0.019999999552965164, 0.019999999552965164, 0.05000000074505806], rot_normalizer:0.3490658503988659
[predict()] making cropped data
[make_crop_data_batch()] Welcome make_crop_data_batch
[make_crop_data_batch()] make tf_to_crops done
[make_crop_data_batch()] render done
[make_crop_data_batch()] warp done
[make_crop_data_batch()] pose batch data done
[predict()] forward start
[predict()] forward done
[track_one()] pose done
[track_one()] Welcome
[track_one()] depth processing done
[predict()] ob_in_cams:(1, 4, 4)
[predict()] self.cfg.use_normal:False
[predict()] trans_normalizer:[0.019999999552965164, 0.019999999552965164, 0.05000000074505806], rot_normalizer:0.3490658503988659
[predict()] making cropped data
[make_crop_data_batch()] Welcome make_crop_data_batch
[make_crop_data_batch()] make tf_to_crops done
[make_crop_data_batch()] render done
[make_crop_data_batch()] warp done
[make_crop_data_batch()] pose batch data done
[predict()] forward start
[predict()] forward done
[track_one()] pose done
[track_one()] Welcome
[track_one()] depth processing done
[predict()] ob_in_cams:(1, 4, 4)
[predict()] self.cfg.use_normal:False
[predict()] trans_normalizer:[0.019999999552965164, 0.019999999552965164, 0.05000000074505806], rot_normalizer:0.3490658503988659
[predict()] making cropped data
[make_crop_data_batch()] Welcome make_crop_data_batch
[make_crop_data_batch()] make tf_to_crops done
[make_crop_data_batch()] render done
[make_crop_data_batch()] warp done
[make_crop_data_batch()] pose batch data done
[predict()] forward start
[predict()] forward done
[track_one()] pose done
[track_one()] Welcome
[track_one()] depth processing done
[predict()] ob_in_cams:(1, 4, 4)
[predict()] self.cfg.use_normal:False
[predict()] trans_normalizer:[0.019999999552965164, 0.019999999552965164, 0.05000000074505806], rot_normalizer:0.3490658503988659
[predict()] making cropped data
[make_crop_data_batch()] Welcome make_crop_data_batch
[make_crop_data_batch()] make tf_to_crops done
[make_crop_data_batch()] render done
[make_crop_data_batch()] warp done
[make_crop_data_batch()] pose batch data done
[predict()] forward start
[predict()] forward done
[track_one()] pose done
[track_one()] Welcome
[track_one()] depth processing done
[predict()] ob_in_cams:(1, 4, 4)
[predict()] self.cfg.use_normal:False
[predict()] trans_normalizer:[0.019999999552965164, 0.019999999552965164, 0.05000000074505806], rot_normalizer:0.3490658503988659
[predict()] making cropped data
[make_crop_data_batch()] Welcome make_crop_data_batch
[make_crop_data_batch()] make tf_to_crops done
[make_crop_data_batch()] render done
[make_crop_data_batch()] warp done
[make_crop_data_batch()] pose batch data done
[predict()] forward start
[predict()] forward done
[track_one()] pose done
[track_one()] Welcome
[track_one()] depth processing done
[predict()] ob_in_cams:(1, 4, 4)
[predict()] self.cfg.use_normal:False
[predict()] trans_normalizer:[0.019999999552965164, 0.019999999552965164, 0.05000000074505806], rot_normalizer:0.3490658503988659
[predict()] making cropped data
[make_crop_data_batch()] Welcome make_crop_data_batch
[make_crop_data_batch()] make tf_to_crops done
[make_crop_data_batch()] render done
[make_crop_data_batch()] warp done
[make_crop_data_batch()] pose batch data done
[predict()] forward start
[predict()] forward done
[track_one()] pose done
[track_one()] Welcome
[track_one()] depth processing done
[predict()] ob_in_cams:(1, 4, 4)
[predict()] self.cfg.use_normal:False
[predict()] trans_normalizer:[0.019999999552965164, 0.019999999552965164, 0.05000000074505806], rot_normalizer:0.3490658503988659
[predict()] making cropped data
[make_crop_data_batch()] Welcome make_crop_data_batch
[make_crop_data_batch()] make tf_to_crops done
[make_crop_data_batch()] render done
[make_crop_data_batch()] warp done
[make_crop_data_batch()] pose batch data done
[predict()] forward start
[predict()] forward done
[track_one()] pose done
[track_one()] Welcome
[track_one()] depth processing done
[predict()] ob_in_cams:(1, 4, 4)
[predict()] self.cfg.use_normal:False
[predict()] trans_normalizer:[0.019999999552965164, 0.019999999552965164, 0.05000000074505806], rot_normalizer:0.3490658503988659
[predict()] making cropped data
[make_crop_data_batch()] Welcome make_crop_data_batch
[make_crop_data_batch()] make tf_to_crops done
[make_crop_data_batch()] render done
[make_crop_data_batch()] warp done
[make_crop_data_batch()] pose batch data done
[predict()] forward start
[predict()] forward done
[track_one()] pose done
[track_one()] Welcome
[track_one()] depth processing done
[predict()] ob_in_cams:(1, 4, 4)
[predict()] self.cfg.use_normal:False
[predict()] trans_normalizer:[0.019999999552965164, 0.019999999552965164, 0.05000000074505806], rot_normalizer:0.3490658503988659
[predict()] making cropped data
[make_crop_data_batch()] Welcome make_crop_data_batch
[make_crop_data_batch()] make tf_to_crops done
[make_crop_data_batch()] render done
[make_crop_data_batch()] warp done
[make_crop_data_batch()] pose batch data done
[predict()] forward start
[predict()] forward done
[track_one()] pose done
[track_one()] Welcome
[track_one()] depth processing done
[predict()] ob_in_cams:(1, 4, 4)
[predict()] self.cfg.use_normal:False
[predict()] trans_normalizer:[0.019999999552965164, 0.019999999552965164, 0.05000000074505806], rot_normalizer:0.3490658503988659
[predict()] making cropped data
[make_crop_data_batch()] Welcome make_crop_data_batch
[make_crop_data_batch()] make tf_to_crops done
[make_crop_data_batch()] render done
[make_crop_data_batch()] warp done
[make_crop_data_batch()] pose batch data done
[predict()] forward start
[predict()] forward done
[track_one()] pose done
[track_one()] Welcome
[track_one()] depth processing done
[predict()] ob_in_cams:(1, 4, 4)
[predict()] self.cfg.use_normal:False
[predict()] trans_normalizer:[0.019999999552965164, 0.019999999552965164, 0.05000000074505806], rot_normalizer:0.3490658503988659
[predict()] making cropped data
[make_crop_data_batch()] Welcome make_crop_data_batch
[make_crop_data_batch()] make tf_to_crops done
[make_crop_data_batch()] render done
[make_crop_data_batch()] warp done
[make_crop_data_batch()] pose batch data done
[predict()] forward start
[predict()] forward done
[track_one()] pose done
[track_one()] Welcome
[track_one()] depth processing done
[predict()] ob_in_cams:(1, 4, 4)
[predict()] self.cfg.use_normal:False
[predict()] trans_normalizer:[0.019999999552965164, 0.019999999552965164, 0.05000000074505806], rot_normalizer:0.3490658503988659
[predict()] making cropped data
[make_crop_data_batch()] Welcome make_crop_data_batch
[make_crop_data_batch()] make tf_to_crops done
[make_crop_data_batch()] render done
[make_crop_data_batch()] warp done
[make_crop_data_batch()] pose batch data done
[predict()] forward start
[predict()] forward done
[track_one()] pose done
[track_one()] Welcome
[track_one()] depth processing done
[predict()] ob_in_cams:(1, 4, 4)
[predict()] self.cfg.use_normal:False
[predict()] trans_normalizer:[0.019999999552965164, 0.019999999552965164, 0.05000000074505806], rot_normalizer:0.3490658503988659
[predict()] making cropped data
[make_crop_data_batch()] Welcome make_crop_data_batch
[make_crop_data_batch()] make tf_to_crops done
[make_crop_data_batch()] render done
[make_crop_data_batch()] warp done
[make_crop_data_batch()] pose batch data done
[predict()] forward start
[predict()] forward done
[track_one()] pose done
[track_one()] Welcome
[track_one()] depth processing done
[predict()] ob_in_cams:(1, 4, 4)
[predict()] self.cfg.use_normal:False
[predict()] trans_normalizer:[0.019999999552965164, 0.019999999552965164, 0.05000000074505806], rot_normalizer:0.3490658503988659
[predict()] making cropped data
[make_crop_data_batch()] Welcome make_crop_data_batch
[make_crop_data_batch()] make tf_to_crops done
[make_crop_data_batch()] render done
[make_crop_data_batch()] warp done
[make_crop_data_batch()] pose batch data done
[predict()] forward start
[predict()] forward done
[track_one()] pose done
[track_one()] Welcome
[track_one()] depth processing done
[predict()] ob_in_cams:(1, 4, 4)
[predict()] self.cfg.use_normal:False
[predict()] trans_normalizer:[0.019999999552965164, 0.019999999552965164, 0.05000000074505806], rot_normalizer:0.3490658503988659
[predict()] making cropped data
[make_crop_data_batch()] Welcome make_crop_data_batch
[make_crop_data_batch()] make tf_to_crops done
[make_crop_data_batch()] render done
[make_crop_data_batch()] warp done
[make_crop_data_batch()] pose batch data done
[predict()] forward start
[predict()] forward done
[track_one()] pose done
[track_one()] Welcome
[track_one()] depth processing done
[predict()] ob_in_cams:(1, 4, 4)
[predict()] self.cfg.use_normal:False
[predict()] trans_normalizer:[0.019999999552965164, 0.019999999552965164, 0.05000000074505806], rot_normalizer:0.3490658503988659
[predict()] making cropped data
[make_crop_data_batch()] Welcome make_crop_data_batch
[make_crop_data_batch()] make tf_to_crops done
[make_crop_data_batch()] render done
[make_crop_data_batch()] warp done
[make_crop_data_batch()] pose batch data done
[predict()] forward start
[predict()] forward done
[track_one()] pose done
[track_one()] Welcome
[track_one()] depth processing done
[predict()] ob_in_cams:(1, 4, 4)
[predict()] self.cfg.use_normal:False
[predict()] trans_normalizer:[0.019999999552965164, 0.019999999552965164, 0.05000000074505806], rot_normalizer:0.3490658503988659
[predict()] making cropped data
[make_crop_data_batch()] Welcome make_crop_data_batch
[make_crop_data_batch()] make tf_to_crops done
[make_crop_data_batch()] render done
[make_crop_data_batch()] warp done
[make_crop_data_batch()] pose batch data done
[predict()] forward start
[predict()] forward done
[track_one()] pose done
[track_one()] Welcome
[track_one()] depth processing done
[predict()] ob_in_cams:(1, 4, 4)
[predict()] self.cfg.use_normal:False
[predict()] trans_normalizer:[0.019999999552965164, 0.019999999552965164, 0.05000000074505806], rot_normalizer:0.3490658503988659
[predict()] making cropped data
[make_crop_data_batch()] Welcome make_crop_data_batch
[make_crop_data_batch()] make tf_to_crops done
[make_crop_data_batch()] render done
[make_crop_data_batch()] warp done
[make_crop_data_batch()] pose batch data done
[predict()] forward start
[predict()] forward done
[track_one()] pose done
[track_one()] Welcome
[track_one()] depth processing done
[predict()] ob_in_cams:(1, 4, 4)
[predict()] self.cfg.use_normal:False
[predict()] trans_normalizer:[0.019999999552965164, 0.019999999552965164, 0.05000000074505806], rot_normalizer:0.3490658503988659
[predict()] making cropped data
[make_crop_data_batch()] Welcome make_crop_data_batch
[make_crop_data_batch()] make tf_to_crops done
[make_crop_data_batch()] render done
[make_crop_data_batch()] warp done
[make_crop_data_batch()] pose batch data done
[predict()] forward start
[predict()] forward done
[track_one()] pose done
[track_one()] Welcome
[track_one()] depth processing done
[predict()] ob_in_cams:(1, 4, 4)
[predict()] self.cfg.use_normal:False
[predict()] trans_normalizer:[0.019999999552965164, 0.019999999552965164, 0.05000000074505806], rot_normalizer:0.3490658503988659
[predict()] making cropped data
[make_crop_data_batch()] Welcome make_crop_data_batch
[make_crop_data_batch()] make tf_to_crops done
[make_crop_data_batch()] render done
[make_crop_data_batch()] warp done
[make_crop_data_batch()] pose batch data done
[predict()] forward start
[predict()] forward done
[track_one()] pose done
[track_one()] Welcome
[track_one()] depth processing done
[predict()] ob_in_cams:(1, 4, 4)
[predict()] self.cfg.use_normal:False
[predict()] trans_normalizer:[0.019999999552965164, 0.019999999552965164, 0.05000000074505806], rot_normalizer:0.3490658503988659
[predict()] making cropped data
[make_crop_data_batch()] Welcome make_crop_data_batch
[make_crop_data_batch()] make tf_to_crops done
[make_crop_data_batch()] render done
[make_crop_data_batch()] warp done
[make_crop_data_batch()] pose batch data done
[predict()] forward start
[predict()] forward done
[track_one()] pose done
[track_one()] Welcome
[track_one()] depth processing done
[predict()] ob_in_cams:(1, 4, 4)
[predict()] self.cfg.use_normal:False
[predict()] trans_normalizer:[0.019999999552965164, 0.019999999552965164, 0.05000000074505806], rot_normalizer:0.3490658503988659
[predict()] making cropped data
[make_crop_data_batch()] Welcome make_crop_data_batch
[make_crop_data_batch()] make tf_to_crops done
[make_crop_data_batch()] render done
[make_crop_data_batch()] warp done
[make_crop_data_batch()] pose batch data done
[predict()] forward start
[predict()] forward done
[track_one()] pose done
[track_one()] Welcome
[track_one()] depth processing done
[predict()] ob_in_cams:(1, 4, 4)
[predict()] self.cfg.use_normal:False
[predict()] trans_normalizer:[0.019999999552965164, 0.019999999552965164, 0.05000000074505806], rot_normalizer:0.3490658503988659
[predict()] making cropped data
[make_crop_data_batch()] Welcome make_crop_data_batch
[make_crop_data_batch()] make tf_to_crops done
[make_crop_data_batch()] render done
[make_crop_data_batch()] warp done
[make_crop_data_batch()] pose batch data done
[predict()] forward start
[predict()] forward done
[track_one()] pose done
[track_one()] Welcome
[track_one()] depth processing done
[predict()] ob_in_cams:(1, 4, 4)
[predict()] self.cfg.use_normal:False
[predict()] trans_normalizer:[0.019999999552965164, 0.019999999552965164, 0.05000000074505806], rot_normalizer:0.3490658503988659
[predict()] making cropped data
[make_crop_data_batch()] Welcome make_crop_data_batch
[make_crop_data_batch()] make tf_to_crops done
[make_crop_data_batch()] render done
[make_crop_data_batch()] warp done
[make_crop_data_batch()] pose batch data done
[predict()] forward start
[predict()] forward done
[track_one()] pose done
[track_one()] Welcome
[track_one()] depth processing done
[predict()] ob_in_cams:(1, 4, 4)
[predict()] self.cfg.use_normal:False
[predict()] trans_normalizer:[0.019999999552965164, 0.019999999552965164, 0.05000000074505806], rot_normalizer:0.3490658503988659
[predict()] making cropped data
[make_crop_data_batch()] Welcome make_crop_data_batch
[make_crop_data_batch()] make tf_to_crops done
[make_crop_data_batch()] render done
[make_crop_data_batch()] warp done
[make_crop_data_batch()] pose batch data done
[predict()] forward start
[predict()] forward done
[track_one()] pose done
[track_one()] Welcome
[track_one()] depth processing done
[predict()] ob_in_cams:(1, 4, 4)
[predict()] self.cfg.use_normal:False
[predict()] trans_normalizer:[0.019999999552965164, 0.019999999552965164, 0.05000000074505806], rot_normalizer:0.3490658503988659
[predict()] making cropped data
[make_crop_data_batch()] Welcome make_crop_data_batch
[make_crop_data_batch()] make tf_to_crops done
[make_crop_data_batch()] render done
[make_crop_data_batch()] warp done
[make_crop_data_batch()] pose batch data done
[predict()] forward start
[predict()] forward done
[track_one()] pose done
[track_one()] Welcome
[track_one()] depth processing done
[predict()] ob_in_cams:(1, 4, 4)
[predict()] self.cfg.use_normal:False
[predict()] trans_normalizer:[0.019999999552965164, 0.019999999552965164, 0.05000000074505806], rot_normalizer:0.3490658503988659
[predict()] making cropped data
[make_crop_data_batch()] Welcome make_crop_data_batch
[make_crop_data_batch()] make tf_to_crops done
[make_crop_data_batch()] render done
[make_crop_data_batch()] warp done
[make_crop_data_batch()] pose batch data done
[predict()] forward start
[predict()] forward done
[track_one()] pose done
[track_one()] Welcome
[track_one()] depth processing done
[predict()] ob_in_cams:(1, 4, 4)
[predict()] self.cfg.use_normal:False
[predict()] trans_normalizer:[0.019999999552965164, 0.019999999552965164, 0.05000000074505806], rot_normalizer:0.3490658503988659
[predict()] making cropped data
[make_crop_data_batch()] Welcome make_crop_data_batch
[make_crop_data_batch()] make tf_to_crops done
[make_crop_data_batch()] render done
[make_crop_data_batch()] warp done
[make_crop_data_batch()] pose batch data done
[predict()] forward start
[predict()] forward done
[track_one()] pose done
[track_one()] Welcome
[track_one()] depth processing done
[predict()] ob_in_cams:(1, 4, 4)
[predict()] self.cfg.use_normal:False
[predict()] trans_normalizer:[0.019999999552965164, 0.019999999552965164, 0.05000000074505806], rot_normalizer:0.3490658503988659
[predict()] making cropped data
[make_crop_data_batch()] Welcome make_crop_data_batch
[make_crop_data_batch()] make tf_to_crops done
[make_crop_data_batch()] render done
[make_crop_data_batch()] warp done
[make_crop_data_batch()] pose batch data done
[predict()] forward start
[predict()] forward done
[track_one()] pose done
[track_one()] Welcome
[track_one()] depth processing done
[predict()] ob_in_cams:(1, 4, 4)
[predict()] self.cfg.use_normal:False
[predict()] trans_normalizer:[0.019999999552965164, 0.019999999552965164, 0.05000000074505806], rot_normalizer:0.3490658503988659
[predict()] making cropped data
[make_crop_data_batch()] Welcome make_crop_data_batch
[make_crop_data_batch()] make tf_to_crops done
[make_crop_data_batch()] render done
[make_crop_data_batch()] warp done
[make_crop_data_batch()] pose batch data done
[predict()] forward start
[predict()] forward done
[track_one()] pose done
[track_one()] Welcome
[track_one()] depth processing done
[predict()] ob_in_cams:(1, 4, 4)
[predict()] self.cfg.use_normal:False
[predict()] trans_normalizer:[0.019999999552965164, 0.019999999552965164, 0.05000000074505806], rot_normalizer:0.3490658503988659
[predict()] making cropped data
[make_crop_data_batch()] Welcome make_crop_data_batch
[make_crop_data_batch()] make tf_to_crops done
[make_crop_data_batch()] render done
[make_crop_data_batch()] warp done
[make_crop_data_batch()] pose batch data done
[predict()] forward start
[predict()] forward done
[track_one()] pose done
[track_one()] Welcome
[track_one()] depth processing done
[predict()] ob_in_cams:(1, 4, 4)
[predict()] self.cfg.use_normal:False
[predict()] trans_normalizer:[0.019999999552965164, 0.019999999552965164, 0.05000000074505806], rot_normalizer:0.3490658503988659
[predict()] making cropped data
[make_crop_data_batch()] Welcome make_crop_data_batch
[make_crop_data_batch()] make tf_to_crops done
[make_crop_data_batch()] render done
[make_crop_data_batch()] warp done
[make_crop_data_batch()] pose batch data done
[predict()] forward start
[predict()] forward done
[track_one()] pose done
[track_one()] Welcome
[track_one()] depth processing done
[predict()] ob_in_cams:(1, 4, 4)
[predict()] self.cfg.use_normal:False
[predict()] trans_normalizer:[0.019999999552965164, 0.019999999552965164, 0.05000000074505806], rot_normalizer:0.3490658503988659
[predict()] making cropped data
[make_crop_data_batch()] Welcome make_crop_data_batch
[make_crop_data_batch()] make tf_to_crops done
[make_crop_data_batch()] render done
[make_crop_data_batch()] warp done
[make_crop_data_batch()] pose batch data done
[predict()] forward start
[predict()] forward done
[track_one()] pose done
[track_one()] Welcome
[track_one()] depth processing done
[predict()] ob_in_cams:(1, 4, 4)
[predict()] self.cfg.use_normal:False
[predict()] trans_normalizer:[0.019999999552965164, 0.019999999552965164, 0.05000000074505806], rot_normalizer:0.3490658503988659
[predict()] making cropped data
[make_crop_data_batch()] Welcome make_crop_data_batch
[make_crop_data_batch()] make tf_to_crops done
[make_crop_data_batch()] render done
[make_crop_data_batch()] warp done
[make_crop_data_batch()] pose batch data done
[predict()] forward start
[predict()] forward done
[track_one()] pose done
[track_one()] Welcome
[track_one()] depth processing done
[predict()] ob_in_cams:(1, 4, 4)
[predict()] self.cfg.use_normal:False
[predict()] trans_normalizer:[0.019999999552965164, 0.019999999552965164, 0.05000000074505806], rot_normalizer:0.3490658503988659
[predict()] making cropped data
[make_crop_data_batch()] Welcome make_crop_data_batch
[make_crop_data_batch()] make tf_to_crops done
[make_crop_data_batch()] render done
[make_crop_data_batch()] warp done
[make_crop_data_batch()] pose batch data done
[predict()] forward start
[predict()] forward done
[track_one()] pose done
[track_one()] Welcome
[track_one()] depth processing done
[predict()] ob_in_cams:(1, 4, 4)
[predict()] self.cfg.use_normal:False
[predict()] trans_normalizer:[0.019999999552965164, 0.019999999552965164, 0.05000000074505806], rot_normalizer:0.3490658503988659
[predict()] making cropped data
[make_crop_data_batch()] Welcome make_crop_data_batch
[make_crop_data_batch()] make tf_to_crops done
[make_crop_data_batch()] render done
[make_crop_data_batch()] warp done
[make_crop_data_batch()] pose batch data done
[predict()] forward start
[predict()] forward done
[track_one()] pose done
[track_one()] Welcome
[track_one()] depth processing done
[predict()] ob_in_cams:(1, 4, 4)
[predict()] self.cfg.use_normal:False
[predict()] trans_normalizer:[0.019999999552965164, 0.019999999552965164, 0.05000000074505806], rot_normalizer:0.3490658503988659
[predict()] making cropped data
[make_crop_data_batch()] Welcome make_crop_data_batch
[make_crop_data_batch()] make tf_to_crops done
[make_crop_data_batch()] render done
[make_crop_data_batch()] warp done
[make_crop_data_batch()] pose batch data done
[predict()] forward start
[predict()] forward done
[track_one()] pose done
[track_one()] Welcome
[track_one()] depth processing done
[predict()] ob_in_cams:(1, 4, 4)
[predict()] self.cfg.use_normal:False
[predict()] trans_normalizer:[0.019999999552965164, 0.019999999552965164, 0.05000000074505806], rot_normalizer:0.3490658503988659
[predict()] making cropped data
[make_crop_data_batch()] Welcome make_crop_data_batch
[make_crop_data_batch()] make tf_to_crops done
[make_crop_data_batch()] render done
[make_crop_data_batch()] warp done
[make_crop_data_batch()] pose batch data done
[predict()] forward start
[predict()] forward done
[track_one()] pose done
[track_one()] Welcome
[track_one()] depth processing done
[predict()] ob_in_cams:(1, 4, 4)
[predict()] self.cfg.use_normal:False
[predict()] trans_normalizer:[0.019999999552965164, 0.019999999552965164, 0.05000000074505806], rot_normalizer:0.3490658503988659
[predict()] making cropped data
[make_crop_data_batch()] Welcome make_crop_data_batch
[make_crop_data_batch()] make tf_to_crops done
[make_crop_data_batch()] render done
[make_crop_data_batch()] warp done
[make_crop_data_batch()] pose batch data done
[predict()] forward start
[predict()] forward done
[track_one()] pose done
[track_one()] Welcome
[track_one()] depth processing done
[predict()] ob_in_cams:(1, 4, 4)
[predict()] self.cfg.use_normal:False
[predict()] trans_normalizer:[0.019999999552965164, 0.019999999552965164, 0.05000000074505806], rot_normalizer:0.3490658503988659
[predict()] making cropped data
[make_crop_data_batch()] Welcome make_crop_data_batch
[make_crop_data_batch()] make tf_to_crops done
[make_crop_data_batch()] render done
[make_crop_data_batch()] warp done
[make_crop_data_batch()] pose batch data done
[predict()] forward start
[predict()] forward done
[track_one()] pose done
[track_one()] Welcome
[track_one()] depth processing done
[predict()] ob_in_cams:(1, 4, 4)
[predict()] self.cfg.use_normal:False
[predict()] trans_normalizer:[0.019999999552965164, 0.019999999552965164, 0.05000000074505806], rot_normalizer:0.3490658503988659
[predict()] making cropped data
[make_crop_data_batch()] Welcome make_crop_data_batch
[make_crop_data_batch()] make tf_to_crops done
[make_crop_data_batch()] render done
[make_crop_data_batch()] warp done
[make_crop_data_batch()] pose batch data done
[predict()] forward start
[predict()] forward done
[track_one()] pose done
[track_one()] Welcome
[track_one()] depth processing done
[predict()] ob_in_cams:(1, 4, 4)
[predict()] self.cfg.use_normal:False
[predict()] trans_normalizer:[0.019999999552965164, 0.019999999552965164, 0.05000000074505806], rot_normalizer:0.3490658503988659
[predict()] making cropped data
[make_crop_data_batch()] Welcome make_crop_data_batch
[make_crop_data_batch()] make tf_to_crops done
[make_crop_data_batch()] render done
[make_crop_data_batch()] warp done
[make_crop_data_batch()] pose batch data done
[predict()] forward start
[predict()] forward done
[track_one()] pose done
[track_one()] Welcome
[track_one()] depth processing done
[predict()] ob_in_cams:(1, 4, 4)
[predict()] self.cfg.use_normal:False
[predict()] trans_normalizer:[0.019999999552965164, 0.019999999552965164, 0.05000000074505806], rot_normalizer:0.3490658503988659
[predict()] making cropped data
[make_crop_data_batch()] Welcome make_crop_data_batch
[make_crop_data_batch()] make tf_to_crops done
[make_crop_data_batch()] render done
[make_crop_data_batch()] warp done
[make_crop_data_batch()] pose batch data done
[predict()] forward start
[predict()] forward done
[track_one()] pose done
[track_one()] Welcome
[track_one()] depth processing done
[predict()] ob_in_cams:(1, 4, 4)
[predict()] self.cfg.use_normal:False
[predict()] trans_normalizer:[0.019999999552965164, 0.019999999552965164, 0.05000000074505806], rot_normalizer:0.3490658503988659
[predict()] making cropped data
[make_crop_data_batch()] Welcome make_crop_data_batch
[make_crop_data_batch()] make tf_to_crops done
[make_crop_data_batch()] render done
[make_crop_data_batch()] warp done
[make_crop_data_batch()] pose batch data done
[predict()] forward start
[predict()] forward done
[track_one()] pose done
[track_one()] Welcome
[track_one()] depth processing done
[predict()] ob_in_cams:(1, 4, 4)
[predict()] self.cfg.use_normal:False
[predict()] trans_normalizer:[0.019999999552965164, 0.019999999552965164, 0.05000000074505806], rot_normalizer:0.3490658503988659
[predict()] making cropped data
[make_crop_data_batch()] Welcome make_crop_data_batch
[make_crop_data_batch()] make tf_to_crops done
[make_crop_data_batch()] render done
[make_crop_data_batch()] warp done
[make_crop_data_batch()] pose batch data done
[predict()] forward start
[predict()] forward done
[track_one()] pose done
[track_one()] Welcome
[track_one()] depth processing done
[predict()] ob_in_cams:(1, 4, 4)
[predict()] self.cfg.use_normal:False
[predict()] trans_normalizer:[0.019999999552965164, 0.019999999552965164, 0.05000000074505806], rot_normalizer:0.3490658503988659
[predict()] making cropped data
[make_crop_data_batch()] Welcome make_crop_data_batch
[make_crop_data_batch()] make tf_to_crops done
[make_crop_data_batch()] render done
[make_crop_data_batch()] warp done
[make_crop_data_batch()] pose batch data done
[predict()] forward start
[predict()] forward done
[track_one()] pose done
[track_one()] Welcome
[track_one()] depth processing done
[predict()] ob_in_cams:(1, 4, 4)
[predict()] self.cfg.use_normal:False
[predict()] trans_normalizer:[0.019999999552965164, 0.019999999552965164, 0.05000000074505806], rot_normalizer:0.3490658503988659
[predict()] making cropped data
[make_crop_data_batch()] Welcome make_crop_data_batch
[make_crop_data_batch()] make tf_to_crops done
[make_crop_data_batch()] render done
[make_crop_data_batch()] warp done
[make_crop_data_batch()] pose batch data done
[predict()] forward start
[predict()] forward done
[track_one()] pose done
[track_one()] Welcome
[track_one()] depth processing done
[predict()] ob_in_cams:(1, 4, 4)
[predict()] self.cfg.use_normal:False
[predict()] trans_normalizer:[0.019999999552965164, 0.019999999552965164, 0.05000000074505806], rot_normalizer:0.3490658503988659
[predict()] making cropped data
[make_crop_data_batch()] Welcome make_crop_data_batch
[make_crop_data_batch()] make tf_to_crops done
[make_crop_data_batch()] render done
[make_crop_data_batch()] warp done
[make_crop_data_batch()] pose batch data done
[predict()] forward start
[predict()] forward done
[track_one()] pose done
[track_one()] Welcome
[track_one()] depth processing done
[predict()] ob_in_cams:(1, 4, 4)
[predict()] self.cfg.use_normal:False
[predict()] trans_normalizer:[0.019999999552965164, 0.019999999552965164, 0.05000000074505806], rot_normalizer:0.3490658503988659
[predict()] making cropped data
[make_crop_data_batch()] Welcome make_crop_data_batch
[make_crop_data_batch()] make tf_to_crops done
[make_crop_data_batch()] render done
[make_crop_data_batch()] warp done
[make_crop_data_batch()] pose batch data done
[predict()] forward start
[predict()] forward done
[track_one()] pose done
[track_one()] Welcome
[track_one()] depth processing done
[predict()] ob_in_cams:(1, 4, 4)
[predict()] self.cfg.use_normal:False
[predict()] trans_normalizer:[0.019999999552965164, 0.019999999552965164, 0.05000000074505806], rot_normalizer:0.3490658503988659
[predict()] making cropped data
[make_crop_data_batch()] Welcome make_crop_data_batch
[make_crop_data_batch()] make tf_to_crops done
[make_crop_data_batch()] render done
[make_crop_data_batch()] warp done
[make_crop_data_batch()] pose batch data done
[predict()] forward start
[predict()] forward done
[track_one()] pose done
[track_one()] Welcome
[track_one()] depth processing done
[predict()] ob_in_cams:(1, 4, 4)
[predict()] self.cfg.use_normal:False
[predict()] trans_normalizer:[0.019999999552965164, 0.019999999552965164, 0.05000000074505806], rot_normalizer:0.3490658503988659
[predict()] making cropped data
[make_crop_data_batch()] Welcome make_crop_data_batch
[make_crop_data_batch()] make tf_to_crops done
[make_crop_data_batch()] render done
[make_crop_data_batch()] warp done
[make_crop_data_batch()] pose batch data done
[predict()] forward start
[predict()] forward done
[track_one()] pose done
[track_one()] Welcome
[track_one()] depth processing done
[predict()] ob_in_cams:(1, 4, 4)
[predict()] self.cfg.use_normal:False
[predict()] trans_normalizer:[0.019999999552965164, 0.019999999552965164, 0.05000000074505806], rot_normalizer:0.3490658503988659
[predict()] making cropped data
[make_crop_data_batch()] Welcome make_crop_data_batch
[make_crop_data_batch()] make tf_to_crops done
[make_crop_data_batch()] render done
[make_crop_data_batch()] warp done
[make_crop_data_batch()] pose batch data done
[predict()] forward start
[predict()] forward done
[track_one()] pose done
[track_one()] Welcome
[track_one()] depth processing done
[predict()] ob_in_cams:(1, 4, 4)
[predict()] self.cfg.use_normal:False
[predict()] trans_normalizer:[0.019999999552965164, 0.019999999552965164, 0.05000000074505806], rot_normalizer:0.3490658503988659
[predict()] making cropped data
[make_crop_data_batch()] Welcome make_crop_data_batch
[make_crop_data_batch()] make tf_to_crops done
[make_crop_data_batch()] render done
[make_crop_data_batch()] warp done
[make_crop_data_batch()] pose batch data done
[predict()] forward start
[predict()] forward done
[track_one()] pose done
[track_one()] Welcome
[track_one()] depth processing done
[predict()] ob_in_cams:(1, 4, 4)
[predict()] self.cfg.use_normal:False
[predict()] trans_normalizer:[0.019999999552965164, 0.019999999552965164, 0.05000000074505806], rot_normalizer:0.3490658503988659
[predict()] making cropped data
[make_crop_data_batch()] Welcome make_crop_data_batch
[make_crop_data_batch()] make tf_to_crops done
[make_crop_data_batch()] render done
[make_crop_data_batch()] warp done
[make_crop_data_batch()] pose batch data done
[predict()] forward start
[predict()] forward done
[track_one()] pose done
[track_one()] Welcome
[track_one()] depth processing done
[predict()] ob_in_cams:(1, 4, 4)
[predict()] self.cfg.use_normal:False
[predict()] trans_normalizer:[0.019999999552965164, 0.019999999552965164, 0.05000000074505806], rot_normalizer:0.3490658503988659
[predict()] making cropped data
[make_crop_data_batch()] Welcome make_crop_data_batch
[make_crop_data_batch()] make tf_to_crops done
[make_crop_data_batch()] render done
[make_crop_data_batch()] warp done
[make_crop_data_batch()] pose batch data done
[predict()] forward start
[predict()] forward done
[track_one()] pose done
[track_one()] Welcome
[track_one()] depth processing done
[predict()] ob_in_cams:(1, 4, 4)
[predict()] self.cfg.use_normal:False
[predict()] trans_normalizer:[0.019999999552965164, 0.019999999552965164, 0.05000000074505806], rot_normalizer:0.3490658503988659
[predict()] making cropped data
[make_crop_data_batch()] Welcome make_crop_data_batch
[make_crop_data_batch()] make tf_to_crops done
[make_crop_data_batch()] render done
[make_crop_data_batch()] warp done
[make_crop_data_batch()] pose batch data done
[predict()] forward start
[predict()] forward done
[track_one()] pose done
[track_one()] Welcome
[track_one()] depth processing done
[predict()] ob_in_cams:(1, 4, 4)
[predict()] self.cfg.use_normal:False
[predict()] trans_normalizer:[0.019999999552965164, 0.019999999552965164, 0.05000000074505806], rot_normalizer:0.3490658503988659
[predict()] making cropped data
[make_crop_data_batch()] Welcome make_crop_data_batch
[make_crop_data_batch()] make tf_to_crops done
[make_crop_data_batch()] render done
[make_crop_data_batch()] warp done
[make_crop_data_batch()] pose batch data done
[predict()] forward start
[predict()] forward done
[track_one()] pose done
[track_one()] Welcome
[track_one()] depth processing done
[predict()] ob_in_cams:(1, 4, 4)
[predict()] self.cfg.use_normal:False
[predict()] trans_normalizer:[0.019999999552965164, 0.019999999552965164, 0.05000000074505806], rot_normalizer:0.3490658503988659
[predict()] making cropped data
[make_crop_data_batch()] Welcome make_crop_data_batch
[make_crop_data_batch()] make tf_to_crops done
[make_crop_data_batch()] render done
[make_crop_data_batch()] warp done
[make_crop_data_batch()] pose batch data done
[predict()] forward start
[predict()] forward done
[track_one()] pose done
[track_one()] Welcome
[track_one()] depth processing done
[predict()] ob_in_cams:(1, 4, 4)
[predict()] self.cfg.use_normal:False
[predict()] trans_normalizer:[0.019999999552965164, 0.019999999552965164, 0.05000000074505806], rot_normalizer:0.3490658503988659
[predict()] making cropped data
[make_crop_data_batch()] Welcome make_crop_data_batch
[make_crop_data_batch()] make tf_to_crops done
[make_crop_data_batch()] render done
[make_crop_data_batch()] warp done
[make_crop_data_batch()] pose batch data done
[predict()] forward start
[predict()] forward done
[track_one()] pose done
[track_one()] Welcome
[track_one()] depth processing done
[predict()] ob_in_cams:(1, 4, 4)
[predict()] self.cfg.use_normal:False
[predict()] trans_normalizer:[0.019999999552965164, 0.019999999552965164, 0.05000000074505806], rot_normalizer:0.3490658503988659
[predict()] making cropped data
[make_crop_data_batch()] Welcome make_crop_data_batch
[make_crop_data_batch()] make tf_to_crops done
[make_crop_data_batch()] render done
[make_crop_data_batch()] warp done
[make_crop_data_batch()] pose batch data done
[predict()] forward start
[predict()] forward done
[track_one()] pose done
[track_one()] Welcome
[track_one()] depth processing done
[predict()] ob_in_cams:(1, 4, 4)
[predict()] self.cfg.use_normal:False
[predict()] trans_normalizer:[0.019999999552965164, 0.019999999552965164, 0.05000000074505806], rot_normalizer:0.3490658503988659
[predict()] making cropped data
[make_crop_data_batch()] Welcome make_crop_data_batch
[make_crop_data_batch()] make tf_to_crops done
[make_crop_data_batch()] render done
[make_crop_data_batch()] warp done
[make_crop_data_batch()] pose batch data done
[predict()] forward start
[predict()] forward done
[track_one()] pose done
[track_one()] Welcome
[track_one()] depth processing done
[predict()] ob_in_cams:(1, 4, 4)
[predict()] self.cfg.use_normal:False
[predict()] trans_normalizer:[0.019999999552965164, 0.019999999552965164, 0.05000000074505806], rot_normalizer:0.3490658503988659
[predict()] making cropped data
[make_crop_data_batch()] Welcome make_crop_data_batch
[make_crop_data_batch()] make tf_to_crops done
[make_crop_data_batch()] render done
[make_crop_data_batch()] warp done
[make_crop_data_batch()] pose batch data done
[predict()] forward start
[predict()] forward done
[track_one()] pose done
[track_one()] Welcome
[track_one()] depth processing done
[predict()] ob_in_cams:(1, 4, 4)
[predict()] self.cfg.use_normal:False
[predict()] trans_normalizer:[0.019999999552965164, 0.019999999552965164, 0.05000000074505806], rot_normalizer:0.3490658503988659
[predict()] making cropped data
[make_crop_data_batch()] Welcome make_crop_data_batch
[make_crop_data_batch()] make tf_to_crops done
[make_crop_data_batch()] render done
[make_crop_data_batch()] warp done
[make_crop_data_batch()] pose batch data done
[predict()] forward start
[predict()] forward done
[track_one()] pose done
[track_one()] Welcome
[track_one()] depth processing done
[predict()] ob_in_cams:(1, 4, 4)
[predict()] self.cfg.use_normal:False
[predict()] trans_normalizer:[0.019999999552965164, 0.019999999552965164, 0.05000000074505806], rot_normalizer:0.3490658503988659
[predict()] making cropped data
[make_crop_data_batch()] Welcome make_crop_data_batch
[make_crop_data_batch()] make tf_to_crops done
[make_crop_data_batch()] render done
[make_crop_data_batch()] warp done
[make_crop_data_batch()] pose batch data done
[predict()] forward start
[predict()] forward done
[track_one()] pose done
[track_one()] Welcome
[track_one()] depth processing done
[predict()] ob_in_cams:(1, 4, 4)
[predict()] self.cfg.use_normal:False
[predict()] trans_normalizer:[0.019999999552965164, 0.019999999552965164, 0.05000000074505806], rot_normalizer:0.3490658503988659
[predict()] making cropped data
[make_crop_data_batch()] Welcome make_crop_data_batch
[make_crop_data_batch()] make tf_to_crops done
[make_crop_data_batch()] render done
[make_crop_data_batch()] warp done
[make_crop_data_batch()] pose batch data done
[predict()] forward start
[predict()] forward done
[track_one()] pose done
[track_one()] Welcome
[track_one()] depth processing done
[predict()] ob_in_cams:(1, 4, 4)
[predict()] self.cfg.use_normal:False
[predict()] trans_normalizer:[0.019999999552965164, 0.019999999552965164, 0.05000000074505806], rot_normalizer:0.3490658503988659
[predict()] making cropped data
[make_crop_data_batch()] Welcome make_crop_data_batch
[make_crop_data_batch()] make tf_to_crops done
[make_crop_data_batch()] render done
[make_crop_data_batch()] warp done
[make_crop_data_batch()] pose batch data done
[predict()] forward start
[predict()] forward done
[track_one()] pose done
[track_one()] Welcome
[track_one()] depth processing done
[predict()] ob_in_cams:(1, 4, 4)
[predict()] self.cfg.use_normal:False
[predict()] trans_normalizer:[0.019999999552965164, 0.019999999552965164, 0.05000000074505806], rot_normalizer:0.3490658503988659
[predict()] making cropped data
[make_crop_data_batch()] Welcome make_crop_data_batch
[make_crop_data_batch()] make tf_to_crops done
[make_crop_data_batch()] render done
[make_crop_data_batch()] warp done
[make_crop_data_batch()] pose batch data done
[predict()] forward start
[predict()] forward done
[track_one()] pose done
Warp 1.14.0 initialized:
   CUDA Toolkit 12.9, Driver 13.0
   Devices:
     "cpu"      : "x86_64"
     "cuda:0"   : "NVIDIA RTX A6000" (47 GiB, sm_86, mempool enabled)
   Kernel cache:
     /home/yanghong/.cache/warp/1.14.0
Module Utils f1d1490 load on device 'cuda:0' took 0.98 ms  (cached)
[fp_pose] frame_plan object_1: 配准帧 86 -> 32
[__init__()] self.cfg: 
 lr: 0.0001
c_in: 6
zfar: 'Infinity'
debug: null
n_view: 1
run_id: 3wy8qqex
use_BN: true
exp_name: 2024-01-11-20-02-45
n_epochs: 62
save_dir: /home/bowenw/debug/2024-01-11-20-02-45/
use_mask: false
loss_type: pairwise_valid
optimizer: adam
batch_size: 64
crop_ratio: 1.1
enable_amp: true
use_normal: false
max_num_key: null
warmup_step: -1
input_resize:
- 160
- 160
max_step_val: 1000
vis_interval: 1000
weight_decay: 0
normalize_xyz: true
resume_run_id: null
clip_grad_norm: 'Infinity'
lr_epoch_decay: 500
render_backend: nvdiffrast
train_num_pair: 5
lr_decay_epochs:
- 50
n_epochs_warmup: 1
make_pair_online: false
gradient_max_norm: 'Infinity'
max_step_per_epoch: 10000
n_rendering_workers: 1
save_epoch_interval: 100
n_dataloader_workers: 100
split_objects_across_gpus: true
ckpt_dir: /home/yanghong/Reconstruct_and_Retarget/third_party/FoundationPose/learning/training/../../weights/2024-01-11-20-02-45/model_best.pth

[__init__()] self.h5_file:None
[__init__()] Using pretrained model from /home/yanghong/Reconstruct_and_Retarget/third_party/FoundationPose/learning/training/../../weights/2024-01-11-20-02-45/model_best.pth
[__init__()] init done
[__init__()] welcome
[__init__()] self.cfg: 
 lr: 0.0001
c_in: 6
zfar: .inf
debug: null
w_rot: 0.1
n_view: 1
run_id: null
use_BN: true
rot_rep: axis_angle
ckpt_dir: /home/yanghong/Reconstruct_and_Retarget/third_party/FoundationPose/learning/training/../../weights/2023-10-28-18-33-37/model_best.pth
exp_name: 2023-10-28-18-33-37
save_dir: /tmp/2023-10-28-18-33-37/
loss_type: l2
optimizer: adam
trans_rep: tracknet
batch_size: 64
crop_ratio: 1.2
use_normal: false
BN_momentum: 0.1
max_num_key: null
warmup_step: -1
input_resize:
- 160
- 160
max_step_val: 1000
normal_uint8: false
vis_interval: 1000
weight_decay: 0
n_max_objects: null
normalize_xyz: true
clip_grad_norm: 'Infinity'
rot_normalizer: 0.3490658503988659
trans_normalizer:
- 0.019999999552965164
- 0.019999999552965164
- 0.05000000074505806
max_step_per_epoch: 25000
val_epoch_interval: 10
n_dataloader_workers: 60
enable_amp: true
use_mask: false

[__init__()] self.h5_file:
[__init__()] Using pretrained model from /home/yanghong/Reconstruct_and_Retarget/third_party/FoundationPose/learning/training/../../weights/2023-10-28-18-33-37/model_best.pth
[__init__()] init done
[reset_object()] self.diameter:0.038878523069716786, vox_size:0.003
[reset_object()] self.pts:torch.Size([318, 3])
[reset_object()] reset done
[make_rotation_grid()] cam_in_obs:(42, 4, 4)
[make_rotation_grid()] rot_grid:(252, 4, 4)
[make_rotation_grid()] after cluster, rot_grid:(252, 4, 4)
[make_rotation_grid()] self.rot_grid: torch.Size([252, 4, 4])
[register()] Welcome
[register()] poses:(252, 4, 4)
[register()] after viewpoint, add_errs min:-1.0
[predict()] ob_in_cams:(252, 4, 4)
[predict()] self.cfg.use_normal:False
[predict()] trans_normalizer:[0.019999999552965164, 0.019999999552965164, 0.05000000074505806], rot_normalizer:0.3490658503988659
[predict()] making cropped data
[make_crop_data_batch()] Welcome make_crop_data_batch
[make_crop_data_batch()] make tf_to_crops done
[make_crop_data_batch()] render done
[make_crop_data_batch()] warp done
[make_crop_data_batch()] pose batch data done
[predict()] forward start
[predict()] forward done
[predict()] making cropped data
[make_crop_data_batch()] Welcome make_crop_data_batch
[make_crop_data_batch()] make tf_to_crops done
[make_crop_data_batch()] render done
[make_crop_data_batch()] warp done
[make_crop_data_batch()] pose batch data done
[predict()] forward start
[predict()] forward done
[predict()] making cropped data
[make_crop_data_batch()] Welcome make_crop_data_batch
[make_crop_data_batch()] make tf_to_crops done
[make_crop_data_batch()] render done
[make_crop_data_batch()] warp done
[make_crop_data_batch()] pose batch data done
[predict()] forward start
[predict()] forward done
[predict()] making cropped data
[make_crop_data_batch()] Welcome make_crop_data_batch
[make_crop_data_batch()] make tf_to_crops done
[make_crop_data_batch()] render done
[make_crop_data_batch()] warp done
[make_crop_data_batch()] pose batch data done
[predict()] forward start
[predict()] forward done
[predict()] making cropped data
[make_crop_data_batch()] Welcome make_crop_data_batch
[make_crop_data_batch()] make tf_to_crops done
[make_crop_data_batch()] render done
[make_crop_data_batch()] warp done
[make_crop_data_batch()] pose batch data done
[predict()] forward start
[predict()] forward done
[predict()] ob_in_cams:(252, 4, 4)
[predict()] self.cfg.use_normal:False
[predict()] making cropped data
[make_crop_data_batch()] Welcome make_crop_data_batch
[make_crop_data_batch()] make tf_to_crops done
[make_crop_data_batch()] render done
[make_crop_data_batch()] pose batch data done
[find_best_among_pairs()] pose_data.rgbAs.shape[0]: 252
[predict()] forward done
[register()] final, add_errs min:-1.0
[register()] sort ids:tensor([ 24,  25,  31,  32, 111, 112, 181, 182, 241, 242, 187, 188, 236, 237,
         26,  33,  34,  35, 109, 110, 113, 180, 183, 184, 186, 235, 240,  27,
         29,  30, 108, 191, 185, 189, 234,  28, 190, 238, 239, 243, 245, 244,
         58,  70, 100, 106,  94,  88,  69,  87,  93,  99, 105,  57, 231, 171,
         40, 177, 225,  46,   3,  48,  44,  60, 114, 120,   9,  81, 126,  38,
         75, 195,  21, 249,  15, 132, 212, 138, 142,  37, 139, 217, 230, 140,
        155, 163, 167, 170,  43, 203, 209,  41,  47, 143, 149, 157, 156, 141,
         68, 161, 214, 215, 176, 211, 221, 119, 224,  92, 150, 210, 125,  56,
         86,  65, 104, 166, 220,  98, 179, 216, 227, 173, 204,  42,  36, 137,
        178, 198, 107, 131, 160, 162, 172,   5,  66,  83, 101, 197, 251,  11,
         71,  89, 152,  23,  77, 226, 229, 233,  17,  55,  72,  85,   1,   0,
         53,  95,  96, 102, 146, 222,   7,  12,  59, 158, 168, 193,  18, 228,
        246,   6,  13,  78,  91, 103, 133, 169, 192, 223,  73,  79,  90, 174,
         54,  84, 144,  67,  64, 213, 232, 154, 175,  39, 115, 124, 247, 250,
         45,  52, 118, 200, 207,  49,  97, 130,  19, 199, 201, 208, 248,  14,
        147, 153, 165, 202, 205,  20,  80, 136,   2,   8,  16,  63, 194, 196,
         51, 117, 123, 148, 159,  10, 151, 164,   4, 219,  22,  76,  82, 135,
        129,  74, 121, 127, 145,  61, 116, 218, 122,  62, 134, 128,  50, 206])
[register()] sorted scores:tensor([112.5000, 112.4922, 112.4922, 112.4922, 112.4922, 112.4922, 112.4922,
        112.4922, 112.4922, 112.4922, 112.4844, 112.4844, 112.4844, 112.4844,
        112.4766, 112.4766, 112.4766, 112.4766, 112.4766, 112.4766, 112.4766,
        112.4766, 112.4766, 112.4766, 112.4766, 112.4766, 112.4766, 112.4688,
        112.4688, 112.4688, 112.4688, 112.4688, 112.4609, 112.4609, 112.4609,
        112.4531, 112.4531, 112.4531, 112.4531, 112.4531, 112.4531, 112.4453,
        112.3594, 112.3594, 112.3516, 112.3438, 112.3359, 112.2656, 112.2344,
        112.2344, 112.2344, 112.2344, 112.2344, 112.2266, 112.1562, 112.1484,
        112.1328, 112.1328, 112.1328, 112.1250, 112.1172, 112.1172, 112.1094,
        112.1094, 112.1094, 112.1094, 112.1016, 112.1016, 112.1016, 112.0938,
        112.0938, 112.0938, 112.0859, 112.0859, 112.0781, 112.0781, 112.0703,
        112.0625, 112.0391, 112.0312, 112.0312, 112.0234, 112.0234, 112.0156,
        112.0156, 112.0156, 112.0156, 112.0156, 112.0078, 112.0078, 112.0078,
        112.0000, 112.0000, 112.0000, 112.0000, 112.0000, 111.9922, 111.9844,
        111.9688, 111.9688, 111.9688, 111.9688, 111.9609, 111.9609, 111.9609,
        111.9531, 111.9531, 111.9453, 111.9453, 111.9453, 111.9375, 111.9297,
        111.9297, 111.9219, 111.9219, 111.9219, 111.9062, 111.8984, 111.8984,
        111.8984, 111.8984, 111.8906, 111.8906, 111.8828, 111.8750, 111.8750,
        111.8750, 111.8750, 111.8672, 111.8672, 111.8672, 111.8672, 111.8672,
        111.8594, 111.8594, 111.8594, 111.8594, 111.8594, 111.8594, 111.8516,
        111.8516, 111.8516, 111.8516, 111.8438, 111.8438, 111.8359, 111.8359,
        111.8359, 111.8281, 111.8281, 111.8281, 111.8281, 111.8203, 111.8125,
        111.8125, 111.8125, 111.8125, 111.8125, 111.8125, 111.8125, 111.8047,
        111.8047, 111.8047, 111.8047, 111.8047, 111.8047, 111.7969, 111.7969,
        111.7969, 111.7891, 111.7891, 111.7891, 111.7891, 111.7891, 111.7891,
        111.7891, 111.7891, 111.7891, 111.7812, 111.7812, 111.7812, 111.7812,
        111.7734, 111.7734, 111.7734, 111.7656, 111.7578, 111.7578, 111.7578,
        111.7500, 111.7500, 111.7422, 111.7422, 111.7422, 111.7422, 111.7422,
        111.7344, 111.7344, 111.7344, 111.7344, 111.7344, 111.7266, 111.7266,
        111.7266, 111.7188, 111.7188, 111.7188, 111.7188, 111.7188, 111.7109,
        111.7109, 111.7109, 111.7109, 111.7109, 111.7109, 111.7031, 111.7031,
        111.7031, 111.6953, 111.6953, 111.6953, 111.6953, 111.6953, 111.6953,
        111.6875, 111.6875, 111.6875, 111.6875, 111.6875, 111.6797, 111.6797,
        111.6797, 111.6719, 111.6719, 111.6641, 111.6641, 111.6641, 111.6562,
        111.6406, 111.6328, 111.6250, 111.6172, 111.5703, 111.5625, 111.5547,
        111.5312, 111.5156, 111.5078, 111.5000, 111.4609, 111.4531, 111.4219])
[track_one()] Welcome
[track_one()] depth processing done
[predict()] ob_in_cams:(1, 4, 4)
[predict()] self.cfg.use_normal:False
[predict()] trans_normalizer:[0.019999999552965164, 0.019999999552965164, 0.05000000074505806], rot_normalizer:0.3490658503988659
[predict()] making cropped data
[make_crop_data_batch()] Welcome make_crop_data_batch
[make_crop_data_batch()] make tf_to_crops done
[make_crop_data_batch()] render done
[make_crop_data_batch()] warp done
[make_crop_data_batch()] pose batch data done
[predict()] forward start
[predict()] forward done
[track_one()] pose done
[track_one()] Welcome
[track_one()] depth processing done
[predict()] ob_in_cams:(1, 4, 4)
[predict()] self.cfg.use_normal:False
[predict()] trans_normalizer:[0.019999999552965164, 0.019999999552965164, 0.05000000074505806], rot_normalizer:0.3490658503988659
[predict()] making cropped data
[make_crop_data_batch()] Welcome make_crop_data_batch
[make_crop_data_batch()] make tf_to_crops done
[make_crop_data_batch()] render done
[make_crop_data_batch()] warp done
[make_crop_data_batch()] pose batch data done
[predict()] forward start
[predict()] forward done
[track_one()] pose done
[track_one()] Welcome
[track_one()] depth processing done
[predict()] ob_in_cams:(1, 4, 4)
[predict()] self.cfg.use_normal:False
[predict()] trans_normalizer:[0.019999999552965164, 0.019999999552965164, 0.05000000074505806], rot_normalizer:0.3490658503988659
[predict()] making cropped data
[make_crop_data_batch()] Welcome make_crop_data_batch
[make_crop_data_batch()] make tf_to_crops done
[make_crop_data_batch()] render done
[make_crop_data_batch()] warp done
[make_crop_data_batch()] pose batch data done
[predict()] forward start
[predict()] forward done
[track_one()] pose done
[track_one()] Welcome
[track_one()] depth processing done
[predict()] ob_in_cams:(1, 4, 4)
[predict()] self.cfg.use_normal:False
[predict()] trans_normalizer:[0.019999999552965164, 0.019999999552965164, 0.05000000074505806], rot_normalizer:0.3490658503988659
[predict()] making cropped data
[make_crop_data_batch()] Welcome make_crop_data_batch
[make_crop_data_batch()] make tf_to_crops done
[make_crop_data_batch()] render done
[make_crop_data_batch()] warp done
[make_crop_data_batch()] pose batch data done
[predict()] forward start
[predict()] forward done
[track_one()] pose done
[track_one()] Welcome
[track_one()] depth processing done
[predict()] ob_in_cams:(1, 4, 4)
[predict()] self.cfg.use_normal:False
[predict()] trans_normalizer:[0.019999999552965164, 0.019999999552965164, 0.05000000074505806], rot_normalizer:0.3490658503988659
[predict()] making cropped data
[make_crop_data_batch()] Welcome make_crop_data_batch
[make_crop_data_batch()] make tf_to_crops done
[make_crop_data_batch()] render done
[make_crop_data_batch()] warp done
[make_crop_data_batch()] pose batch data done
[predict()] forward start
[predict()] forward done
[track_one()] pose done
[track_one()] Welcome
[track_one()] depth processing done
[predict()] ob_in_cams:(1, 4, 4)
[predict()] self.cfg.use_normal:False
[predict()] trans_normalizer:[0.019999999552965164, 0.019999999552965164, 0.05000000074505806], rot_normalizer:0.3490658503988659
[predict()] making cropped data
[make_crop_data_batch()] Welcome make_crop_data_batch
[make_crop_data_batch()] make tf_to_crops done
[make_crop_data_batch()] render done
[make_crop_data_batch()] warp done
[make_crop_data_batch()] pose batch data done
[predict()] forward start
[predict()] forward done
[track_one()] pose done
[track_one()] Welcome
[track_one()] depth processing done
[predict()] ob_in_cams:(1, 4, 4)
[predict()] self.cfg.use_normal:False
[predict()] trans_normalizer:[0.019999999552965164, 0.019999999552965164, 0.05000000074505806], rot_normalizer:0.3490658503988659
[predict()] making cropped data
[make_crop_data_batch()] Welcome make_crop_data_batch
[make_crop_data_batch()] make tf_to_crops done
[make_crop_data_batch()] render done
[make_crop_data_batch()] warp done
[make_crop_data_batch()] pose batch data done
[predict()] forward start
[predict()] forward done
[track_one()] pose done
[track_one()] Welcome
[track_one()] depth processing done
[predict()] ob_in_cams:(1, 4, 4)
[predict()] self.cfg.use_normal:False
[predict()] trans_normalizer:[0.019999999552965164, 0.019999999552965164, 0.05000000074505806], rot_normalizer:0.3490658503988659
[predict()] making cropped data
[make_crop_data_batch()] Welcome make_crop_data_batch
[make_crop_data_batch()] make tf_to_crops done
[make_crop_data_batch()] render done
[make_crop_data_batch()] warp done
[make_crop_data_batch()] pose batch data done
[predict()] forward start
[predict()] forward done
[track_one()] pose done
[track_one()] Welcome
[track_one()] depth processing done
[predict()] ob_in_cams:(1, 4, 4)
[predict()] self.cfg.use_normal:False
[predict()] trans_normalizer:[0.019999999552965164, 0.019999999552965164, 0.05000000074505806], rot_normalizer:0.3490658503988659
[predict()] making cropped data
[make_crop_data_batch()] Welcome make_crop_data_batch
[make_crop_data_batch()] make tf_to_crops done
[make_crop_data_batch()] render done
[make_crop_data_batch()] warp done
[make_crop_data_batch()] pose batch data done
[predict()] forward start
[predict()] forward done
[track_one()] pose done
[track_one()] Welcome
[track_one()] depth processing done
[predict()] ob_in_cams:(1, 4, 4)
[predict()] self.cfg.use_normal:False
[predict()] trans_normalizer:[0.019999999552965164, 0.019999999552965164, 0.05000000074505806], rot_normalizer:0.3490658503988659
[predict()] making cropped data
[make_crop_data_batch()] Welcome make_crop_data_batch
[make_crop_data_batch()] make tf_to_crops done
[make_crop_data_batch()] render done
[make_crop_data_batch()] warp done
[make_crop_data_batch()] pose batch data done
[predict()] forward start
[predict()] forward done
[track_one()] pose done
[track_one()] Welcome
[track_one()] depth processing done
[predict()] ob_in_cams:(1, 4, 4)
[predict()] self.cfg.use_normal:False
[predict()] trans_normalizer:[0.019999999552965164, 0.019999999552965164, 0.05000000074505806], rot_normalizer:0.3490658503988659
[predict()] making cropped data
[make_crop_data_batch()] Welcome make_crop_data_batch
[make_crop_data_batch()] make tf_to_crops done
[make_crop_data_batch()] render done
[make_crop_data_batch()] warp done
[make_crop_data_batch()] pose batch data done
[predict()] forward start
[predict()] forward done
[track_one()] pose done
[track_one()] Welcome
[track_one()] depth processing done
[predict()] ob_in_cams:(1, 4, 4)
[predict()] self.cfg.use_normal:False
[predict()] trans_normalizer:[0.019999999552965164, 0.019999999552965164, 0.05000000074505806], rot_normalizer:0.3490658503988659
[predict()] making cropped data
[make_crop_data_batch()] Welcome make_crop_data_batch
[make_crop_data_batch()] make tf_to_crops done
[make_crop_data_batch()] render done
[make_crop_data_batch()] warp done
[make_crop_data_batch()] pose batch data done
[predict()] forward start
[predict()] forward done
[track_one()] pose done
[track_one()] Welcome
[track_one()] depth processing done
[predict()] ob_in_cams:(1, 4, 4)
[predict()] self.cfg.use_normal:False
[predict()] trans_normalizer:[0.019999999552965164, 0.019999999552965164, 0.05000000074505806], rot_normalizer:0.3490658503988659
[predict()] making cropped data
[make_crop_data_batch()] Welcome make_crop_data_batch
[make_crop_data_batch()] make tf_to_crops done
[make_crop_data_batch()] render done
[make_crop_data_batch()] warp done
[make_crop_data_batch()] pose batch data done
[predict()] forward start
[predict()] forward done
[track_one()] pose done
[track_one()] Welcome
[track_one()] depth processing done
[predict()] ob_in_cams:(1, 4, 4)
[predict()] self.cfg.use_normal:False
[predict()] trans_normalizer:[0.019999999552965164, 0.019999999552965164, 0.05000000074505806], rot_normalizer:0.3490658503988659
[predict()] making cropped data
[make_crop_data_batch()] Welcome make_crop_data_batch
[make_crop_data_batch()] make tf_to_crops done
[make_crop_data_batch()] render done
[make_crop_data_batch()] warp done
[make_crop_data_batch()] pose batch data done
[predict()] forward start
[predict()] forward done
[track_one()] pose done
[track_one()] Welcome
[track_one()] depth processing done
[predict()] ob_in_cams:(1, 4, 4)
[predict()] self.cfg.use_normal:False
[predict()] trans_normalizer:[0.019999999552965164, 0.019999999552965164, 0.05000000074505806], rot_normalizer:0.3490658503988659
[predict()] making cropped data
[make_crop_data_batch()] Welcome make_crop_data_batch
[make_crop_data_batch()] make tf_to_crops done
[make_crop_data_batch()] render done
[make_crop_data_batch()] warp done
[make_crop_data_batch()] pose batch data done
[predict()] forward start
[predict()] forward done
[track_one()] pose done
[track_one()] Welcome
[track_one()] depth processing done
[predict()] ob_in_cams:(1, 4, 4)
[predict()] self.cfg.use_normal:False
[predict()] trans_normalizer:[0.019999999552965164, 0.019999999552965164, 0.05000000074505806], rot_normalizer:0.3490658503988659
[predict()] making cropped data
[make_crop_data_batch()] Welcome make_crop_data_batch
[make_crop_data_batch()] make tf_to_crops done
[make_crop_data_batch()] render done
[make_crop_data_batch()] warp done
[make_crop_data_batch()] pose batch data done
[predict()] forward start
[predict()] forward done
[track_one()] pose done
[track_one()] Welcome
[track_one()] depth processing done
[predict()] ob_in_cams:(1, 4, 4)
[predict()] self.cfg.use_normal:False
[predict()] trans_normalizer:[0.019999999552965164, 0.019999999552965164, 0.05000000074505806], rot_normalizer:0.3490658503988659
[predict()] making cropped data
[make_crop_data_batch()] Welcome make_crop_data_batch
[make_crop_data_batch()] make tf_to_crops done
[make_crop_data_batch()] render done
[make_crop_data_batch()] warp done
[make_crop_data_batch()] pose batch data done
[predict()] forward start
[predict()] forward done
[track_one()] pose done
[track_one()] Welcome
[track_one()] depth processing done
[predict()] ob_in_cams:(1, 4, 4)
[predict()] self.cfg.use_normal:False
[predict()] trans_normalizer:[0.019999999552965164, 0.019999999552965164, 0.05000000074505806], rot_normalizer:0.3490658503988659
[predict()] making cropped data
[make_crop_data_batch()] Welcome make_crop_data_batch
[make_crop_data_batch()] make tf_to_crops done
[make_crop_data_batch()] render done
[make_crop_data_batch()] warp done
[make_crop_data_batch()] pose batch data done
[predict()] forward start
[predict()] forward done
[track_one()] pose done
[track_one()] Welcome
[track_one()] depth processing done
[predict()] ob_in_cams:(1, 4, 4)
[predict()] self.cfg.use_normal:False
[predict()] trans_normalizer:[0.019999999552965164, 0.019999999552965164, 0.05000000074505806], rot_normalizer:0.3490658503988659
[predict()] making cropped data
[make_crop_data_batch()] Welcome make_crop_data_batch
[make_crop_data_batch()] make tf_to_crops done
[make_crop_data_batch()] render done
[make_crop_data_batch()] warp done
[make_crop_data_batch()] pose batch data done
[predict()] forward start
[predict()] forward done
[track_one()] pose done
[track_one()] Welcome
[track_one()] depth processing done
[predict()] ob_in_cams:(1, 4, 4)
[predict()] self.cfg.use_normal:False
[predict()] trans_normalizer:[0.019999999552965164, 0.019999999552965164, 0.05000000074505806], rot_normalizer:0.3490658503988659
[predict()] making cropped data
[make_crop_data_batch()] Welcome make_crop_data_batch
[make_crop_data_batch()] make tf_to_crops done
[make_crop_data_batch()] render done
[make_crop_data_batch()] warp done
[make_crop_data_batch()] pose batch data done
[predict()] forward start
[predict()] forward done
[track_one()] pose done
[track_one()] Welcome
[track_one()] depth processing done
[predict()] ob_in_cams:(1, 4, 4)
[predict()] self.cfg.use_normal:False
[predict()] trans_normalizer:[0.019999999552965164, 0.019999999552965164, 0.05000000074505806], rot_normalizer:0.3490658503988659
[predict()] making cropped data
[make_crop_data_batch()] Welcome make_crop_data_batch
[make_crop_data_batch()] make tf_to_crops done
[make_crop_data_batch()] render done
[make_crop_data_batch()] warp done
[make_crop_data_batch()] pose batch data done
[predict()] forward start
[predict()] forward done
[track_one()] pose done
[track_one()] Welcome
[track_one()] depth processing done
[predict()] ob_in_cams:(1, 4, 4)
[predict()] self.cfg.use_normal:False
[predict()] trans_normalizer:[0.019999999552965164, 0.019999999552965164, 0.05000000074505806], rot_normalizer:0.3490658503988659
[predict()] making cropped data
[make_crop_data_batch()] Welcome make_crop_data_batch
[make_crop_data_batch()] make tf_to_crops done
[make_crop_data_batch()] render done
[make_crop_data_batch()] warp done
[make_crop_data_batch()] pose batch data done
[predict()] forward start
[predict()] forward done
[track_one()] pose done
[track_one()] Welcome
[track_one()] depth processing done
[predict()] ob_in_cams:(1, 4, 4)
[predict()] self.cfg.use_normal:False
[predict()] trans_normalizer:[0.019999999552965164, 0.019999999552965164, 0.05000000074505806], rot_normalizer:0.3490658503988659
[predict()] making cropped data
[make_crop_data_batch()] Welcome make_crop_data_batch
[make_crop_data_batch()] make tf_to_crops done
[make_crop_data_batch()] render done
[make_crop_data_batch()] warp done
[make_crop_data_batch()] pose batch data done
[predict()] forward start
[predict()] forward done
[track_one()] pose done
[track_one()] Welcome
[track_one()] depth processing done
[predict()] ob_in_cams:(1, 4, 4)
[predict()] self.cfg.use_normal:False
[predict()] trans_normalizer:[0.019999999552965164, 0.019999999552965164, 0.05000000074505806], rot_normalizer:0.3490658503988659
[predict()] making cropped data
[make_crop_data_batch()] Welcome make_crop_data_batch
[make_crop_data_batch()] make tf_to_crops done
[make_crop_data_batch()] render done
[make_crop_data_batch()] warp done
[make_crop_data_batch()] pose batch data done
[predict()] forward start
[predict()] forward done
[track_one()] pose done
[track_one()] Welcome
[track_one()] depth processing done
[predict()] ob_in_cams:(1, 4, 4)
[predict()] self.cfg.use_normal:False
[predict()] trans_normalizer:[0.019999999552965164, 0.019999999552965164, 0.05000000074505806], rot_normalizer:0.3490658503988659
[predict()] making cropped data
[make_crop_data_batch()] Welcome make_crop_data_batch
[make_crop_data_batch()] make tf_to_crops done
[make_crop_data_batch()] render done
[make_crop_data_batch()] warp done
[make_crop_data_batch()] pose batch data done
[predict()] forward start
[predict()] forward done
[track_one()] pose done
[track_one()] Welcome
[track_one()] depth processing done
[predict()] ob_in_cams:(1, 4, 4)
[predict()] self.cfg.use_normal:False
[predict()] trans_normalizer:[0.019999999552965164, 0.019999999552965164, 0.05000000074505806], rot_normalizer:0.3490658503988659
[predict()] making cropped data
[make_crop_data_batch()] Welcome make_crop_data_batch
[make_crop_data_batch()] make tf_to_crops done
[make_crop_data_batch()] render done
[make_crop_data_batch()] warp done
[make_crop_data_batch()] pose batch data done
[predict()] forward start
[predict()] forward done
[track_one()] pose done
[track_one()] Welcome
[track_one()] depth processing done
[predict()] ob_in_cams:(1, 4, 4)
[predict()] self.cfg.use_normal:False
[predict()] trans_normalizer:[0.019999999552965164, 0.019999999552965164, 0.05000000074505806], rot_normalizer:0.3490658503988659
[predict()] making cropped data
[make_crop_data_batch()] Welcome make_crop_data_batch
[make_crop_data_batch()] make tf_to_crops done
[make_crop_data_batch()] render done
[make_crop_data_batch()] warp done
[make_crop_data_batch()] pose batch data done
[predict()] forward start
[predict()] forward done
[track_one()] pose done
[track_one()] Welcome
[track_one()] depth processing done
[predict()] ob_in_cams:(1, 4, 4)
[predict()] self.cfg.use_normal:False
[predict()] trans_normalizer:[0.019999999552965164, 0.019999999552965164, 0.05000000074505806], rot_normalizer:0.3490658503988659
[predict()] making cropped data
[make_crop_data_batch()] Welcome make_crop_data_batch
[make_crop_data_batch()] make tf_to_crops done
[make_crop_data_batch()] render done
[make_crop_data_batch()] warp done
[make_crop_data_batch()] pose batch data done
[predict()] forward start
[predict()] forward done
[track_one()] pose done
[track_one()] Welcome
[track_one()] depth processing done
[predict()] ob_in_cams:(1, 4, 4)
[predict()] self.cfg.use_normal:False
[predict()] trans_normalizer:[0.019999999552965164, 0.019999999552965164, 0.05000000074505806], rot_normalizer:0.3490658503988659
[predict()] making cropped data
[make_crop_data_batch()] Welcome make_crop_data_batch
[make_crop_data_batch()] make tf_to_crops done
[make_crop_data_batch()] render done
[make_crop_data_batch()] warp done
[make_crop_data_batch()] pose batch data done
[predict()] forward start
[predict()] forward done
[track_one()] pose done
[track_one()] Welcome
[track_one()] depth processing done
[predict()] ob_in_cams:(1, 4, 4)
[predict()] self.cfg.use_normal:False
[predict()] trans_normalizer:[0.019999999552965164, 0.019999999552965164, 0.05000000074505806], rot_normalizer:0.3490658503988659
[predict()] making cropped data
[make_crop_data_batch()] Welcome make_crop_data_batch
[make_crop_data_batch()] make tf_to_crops done
[make_crop_data_batch()] render done
[make_crop_data_batch()] warp done
[make_crop_data_batch()] pose batch data done
[predict()] forward start
[predict()] forward done
[track_one()] pose done
[track_one()] Welcome
[track_one()] depth processing done
[predict()] ob_in_cams:(1, 4, 4)
[predict()] self.cfg.use_normal:False
[predict()] trans_normalizer:[0.019999999552965164, 0.019999999552965164, 0.05000000074505806], rot_normalizer:0.3490658503988659
[predict()] making cropped data
[make_crop_data_batch()] Welcome make_crop_data_batch
[make_crop_data_batch()] make tf_to_crops done
[make_crop_data_batch()] render done
[make_crop_data_batch()] warp done
[make_crop_data_batch()] pose batch data done
[predict()] forward start
[predict()] forward done
[track_one()] pose done
[track_one()] Welcome
[track_one()] depth processing done
[predict()] ob_in_cams:(1, 4, 4)
[predict()] self.cfg.use_normal:False
[predict()] trans_normalizer:[0.019999999552965164, 0.019999999552965164, 0.05000000074505806], rot_normalizer:0.3490658503988659
[predict()] making cropped data
[make_crop_data_batch()] Welcome make_crop_data_batch
[make_crop_data_batch()] make tf_to_crops done
[make_crop_data_batch()] render done
[make_crop_data_batch()] warp done
[make_crop_data_batch()] pose batch data done
[predict()] forward start
[predict()] forward done
[track_one()] pose done
[track_one()] Welcome
[track_one()] depth processing done
[predict()] ob_in_cams:(1, 4, 4)
[predict()] self.cfg.use_normal:False
[predict()] trans_normalizer:[0.019999999552965164, 0.019999999552965164, 0.05000000074505806], rot_normalizer:0.3490658503988659
[predict()] making cropped data
[make_crop_data_batch()] Welcome make_crop_data_batch
[make_crop_data_batch()] make tf_to_crops done
[make_crop_data_batch()] render done
[make_crop_data_batch()] warp done
[make_crop_data_batch()] pose batch data done
[predict()] forward start
[predict()] forward done
[track_one()] pose done
[track_one()] Welcome
[track_one()] depth processing done
[predict()] ob_in_cams:(1, 4, 4)
[predict()] self.cfg.use_normal:False
[predict()] trans_normalizer:[0.019999999552965164, 0.019999999552965164, 0.05000000074505806], rot_normalizer:0.3490658503988659
[predict()] making cropped data
[make_crop_data_batch()] Welcome make_crop_data_batch
[make_crop_data_batch()] make tf_to_crops done
[make_crop_data_batch()] render done
[make_crop_data_batch()] warp done
[make_crop_data_batch()] pose batch data done
[predict()] forward start
[predict()] forward done
[track_one()] pose done
[track_one()] Welcome
[track_one()] depth processing done
[predict()] ob_in_cams:(1, 4, 4)
[predict()] self.cfg.use_normal:False
[predict()] trans_normalizer:[0.019999999552965164, 0.019999999552965164, 0.05000000074505806], rot_normalizer:0.3490658503988659
[predict()] making cropped data
[make_crop_data_batch()] Welcome make_crop_data_batch
[make_crop_data_batch()] make tf_to_crops done
[make_crop_data_batch()] render done
[make_crop_data_batch()] warp done
[make_crop_data_batch()] pose batch data done
[predict()] forward start
[predict()] forward done
[track_one()] pose done
[track_one()] Welcome
[track_one()] depth processing done
[predict()] ob_in_cams:(1, 4, 4)
[predict()] self.cfg.use_normal:False
[predict()] trans_normalizer:[0.019999999552965164, 0.019999999552965164, 0.05000000074505806], rot_normalizer:0.3490658503988659
[predict()] making cropped data
[make_crop_data_batch()] Welcome make_crop_data_batch
[make_crop_data_batch()] make tf_to_crops done
[make_crop_data_batch()] render done
[make_crop_data_batch()] warp done
[make_crop_data_batch()] pose batch data done
[predict()] forward start
[predict()] forward done
[track_one()] pose done
[track_one()] Welcome
[track_one()] depth processing done
[predict()] ob_in_cams:(1, 4, 4)
[predict()] self.cfg.use_normal:False
[predict()] trans_normalizer:[0.019999999552965164, 0.019999999552965164, 0.05000000074505806], rot_normalizer:0.3490658503988659
[predict()] making cropped data
[make_crop_data_batch()] Welcome make_crop_data_batch
[make_crop_data_batch()] make tf_to_crops done
[make_crop_data_batch()] render done
[make_crop_data_batch()] warp done
[make_crop_data_batch()] pose batch data done
[predict()] forward start
[predict()] forward done
[track_one()] pose done
[track_one()] Welcome
[track_one()] depth processing done
[predict()] ob_in_cams:(1, 4, 4)
[predict()] self.cfg.use_normal:False
[predict()] trans_normalizer:[0.019999999552965164, 0.019999999552965164, 0.05000000074505806], rot_normalizer:0.3490658503988659
[predict()] making cropped data
[make_crop_data_batch()] Welcome make_crop_data_batch
[make_crop_data_batch()] make tf_to_crops done
[make_crop_data_batch()] render done
[make_crop_data_batch()] warp done
[make_crop_data_batch()] pose batch data done
[predict()] forward start
[predict()] forward done
[track_one()] pose done
[track_one()] Welcome
[track_one()] depth processing done
[predict()] ob_in_cams:(1, 4, 4)
[predict()] self.cfg.use_normal:False
[predict()] trans_normalizer:[0.019999999552965164, 0.019999999552965164, 0.05000000074505806], rot_normalizer:0.3490658503988659
[predict()] making cropped data
[make_crop_data_batch()] Welcome make_crop_data_batch
[make_crop_data_batch()] make tf_to_crops done
[make_crop_data_batch()] render done
[make_crop_data_batch()] warp done
[make_crop_data_batch()] pose batch data done
[predict()] forward start
[predict()] forward done
[track_one()] pose done
[track_one()] Welcome
[track_one()] depth processing done
[predict()] ob_in_cams:(1, 4, 4)
[predict()] self.cfg.use_normal:False
[predict()] trans_normalizer:[0.019999999552965164, 0.019999999552965164, 0.05000000074505806], rot_normalizer:0.3490658503988659
[predict()] making cropped data
[make_crop_data_batch()] Welcome make_crop_data_batch
[make_crop_data_batch()] make tf_to_crops done
[make_crop_data_batch()] render done
[make_crop_data_batch()] warp done
[make_crop_data_batch()] pose batch data done
[predict()] forward start
[predict()] forward done
[track_one()] pose done
[track_one()] Welcome
[track_one()] depth processing done
[predict()] ob_in_cams:(1, 4, 4)
[predict()] self.cfg.use_normal:False
[predict()] trans_normalizer:[0.019999999552965164, 0.019999999552965164, 0.05000000074505806], rot_normalizer:0.3490658503988659
[predict()] making cropped data
[make_crop_data_batch()] Welcome make_crop_data_batch
[make_crop_data_batch()] make tf_to_crops done
[make_crop_data_batch()] render done
[make_crop_data_batch()] warp done
[make_crop_data_batch()] pose batch data done
[predict()] forward start
[predict()] forward done
[track_one()] pose done
[track_one()] Welcome
[track_one()] depth processing done
[predict()] ob_in_cams:(1, 4, 4)
[predict()] self.cfg.use_normal:False
[predict()] trans_normalizer:[0.019999999552965164, 0.019999999552965164, 0.05000000074505806], rot_normalizer:0.3490658503988659
[predict()] making cropped data
[make_crop_data_batch()] Welcome make_crop_data_batch
[make_crop_data_batch()] make tf_to_crops done
[make_crop_data_batch()] render done
[make_crop_data_batch()] warp done
[make_crop_data_batch()] pose batch data done
[predict()] forward start
[predict()] forward done
[track_one()] pose done
[track_one()] Welcome
[track_one()] depth processing done
[predict()] ob_in_cams:(1, 4, 4)
[predict()] self.cfg.use_normal:False
[predict()] trans_normalizer:[0.019999999552965164, 0.019999999552965164, 0.05000000074505806], rot_normalizer:0.3490658503988659
[predict()] making cropped data
[make_crop_data_batch()] Welcome make_crop_data_batch
[make_crop_data_batch()] make tf_to_crops done
[make_crop_data_batch()] render done
[make_crop_data_batch()] warp done
[make_crop_data_batch()] pose batch data done
[predict()] forward start
[predict()] forward done
[track_one()] pose done
[track_one()] Welcome
[track_one()] depth processing done
[predict()] ob_in_cams:(1, 4, 4)
[predict()] self.cfg.use_normal:False
[predict()] trans_normalizer:[0.019999999552965164, 0.019999999552965164, 0.05000000074505806], rot_normalizer:0.3490658503988659
[predict()] making cropped data
[make_crop_data_batch()] Welcome make_crop_data_batch
[make_crop_data_batch()] make tf_to_crops done
[make_crop_data_batch()] render done
[make_crop_data_batch()] warp done
[make_crop_data_batch()] pose batch data done
[predict()] forward start
[predict()] forward done
[track_one()] pose done
[track_one()] Welcome
[track_one()] depth processing done
[predict()] ob_in_cams:(1, 4, 4)
[predict()] self.cfg.use_normal:False
[predict()] trans_normalizer:[0.019999999552965164, 0.019999999552965164, 0.05000000074505806], rot_normalizer:0.3490658503988659
[predict()] making cropped data
[make_crop_data_batch()] Welcome make_crop_data_batch
[make_crop_data_batch()] make tf_to_crops done
[make_crop_data_batch()] render done
[make_crop_data_batch()] warp done
[make_crop_data_batch()] pose batch data done
[predict()] forward start
[predict()] forward done
[track_one()] pose done
[track_one()] Welcome
[track_one()] depth processing done
[predict()] ob_in_cams:(1, 4, 4)
[predict()] self.cfg.use_normal:False
[predict()] trans_normalizer:[0.019999999552965164, 0.019999999552965164, 0.05000000074505806], rot_normalizer:0.3490658503988659
[predict()] making cropped data
[make_crop_data_batch()] Welcome make_crop_data_batch
[make_crop_data_batch()] make tf_to_crops done
[make_crop_data_batch()] render done
[make_crop_data_batch()] warp done
[make_crop_data_batch()] pose batch data done
[predict()] forward start
[predict()] forward done
[track_one()] pose done
[track_one()] Welcome
[track_one()] depth processing done
[predict()] ob_in_cams:(1, 4, 4)
[predict()] self.cfg.use_normal:False
[predict()] trans_normalizer:[0.019999999552965164, 0.019999999552965164, 0.05000000074505806], rot_normalizer:0.3490658503988659
[predict()] making cropped data
[make_crop_data_batch()] Welcome make_crop_data_batch
[make_crop_data_batch()] make tf_to_crops done
[make_crop_data_batch()] render done
[make_crop_data_batch()] warp done
[make_crop_data_batch()] pose batch data done
[predict()] forward start
[predict()] forward done
[track_one()] pose done
[track_one()] Welcome
[track_one()] depth processing done
[predict()] ob_in_cams:(1, 4, 4)
[predict()] self.cfg.use_normal:False
[predict()] trans_normalizer:[0.019999999552965164, 0.019999999552965164, 0.05000000074505806], rot_normalizer:0.3490658503988659
[predict()] making cropped data
[make_crop_data_batch()] Welcome make_crop_data_batch
[make_crop_data_batch()] make tf_to_crops done
[make_crop_data_batch()] render done
[make_crop_data_batch()] warp done
[make_crop_data_batch()] pose batch data done
[predict()] forward start
[predict()] forward done
[track_one()] pose done
[track_one()] Welcome
[track_one()] depth processing done
[predict()] ob_in_cams:(1, 4, 4)
[predict()] self.cfg.use_normal:False
[predict()] trans_normalizer:[0.019999999552965164, 0.019999999552965164, 0.05000000074505806], rot_normalizer:0.3490658503988659
[predict()] making cropped data
[make_crop_data_batch()] Welcome make_crop_data_batch
[make_crop_data_batch()] make tf_to_crops done
[make_crop_data_batch()] render done
[make_crop_data_batch()] warp done
[make_crop_data_batch()] pose batch data done
[predict()] forward start
[predict()] forward done
[track_one()] pose done
[track_one()] Welcome
[track_one()] depth processing done
[predict()] ob_in_cams:(1, 4, 4)
[predict()] self.cfg.use_normal:False
[predict()] trans_normalizer:[0.019999999552965164, 0.019999999552965164, 0.05000000074505806], rot_normalizer:0.3490658503988659
[predict()] making cropped data
[make_crop_data_batch()] Welcome make_crop_data_batch
[make_crop_data_batch()] make tf_to_crops done
[make_crop_data_batch()] render done
[make_crop_data_batch()] warp done
[make_crop_data_batch()] pose batch data done
[predict()] forward start
[predict()] forward done
[track_one()] pose done
[track_one()] Welcome
[track_one()] depth processing done
[predict()] ob_in_cams:(1, 4, 4)
[predict()] self.cfg.use_normal:False
[predict()] trans_normalizer:[0.019999999552965164, 0.019999999552965164, 0.05000000074505806], rot_normalizer:0.3490658503988659
[predict()] making cropped data
[make_crop_data_batch()] Welcome make_crop_data_batch
[make_crop_data_batch()] make tf_to_crops done
[make_crop_data_batch()] render done
[make_crop_data_batch()] warp done
[make_crop_data_batch()] pose batch data done
[predict()] forward start
[predict()] forward done
[track_one()] pose done
[track_one()] Welcome
[track_one()] depth processing done
[predict()] ob_in_cams:(1, 4, 4)
[predict()] self.cfg.use_normal:False
[predict()] trans_normalizer:[0.019999999552965164, 0.019999999552965164, 0.05000000074505806], rot_normalizer:0.3490658503988659
[predict()] making cropped data
[make_crop_data_batch()] Welcome make_crop_data_batch
[make_crop_data_batch()] make tf_to_crops done
[make_crop_data_batch()] render done
[make_crop_data_batch()] warp done
[make_crop_data_batch()] pose batch data done
[predict()] forward start
[predict()] forward done
[track_one()] pose done
[track_one()] Welcome
[track_one()] depth processing done
[predict()] ob_in_cams:(1, 4, 4)
[predict()] self.cfg.use_normal:False
[predict()] trans_normalizer:[0.019999999552965164, 0.019999999552965164, 0.05000000074505806], rot_normalizer:0.3490658503988659
[predict()] making cropped data
[make_crop_data_batch()] Welcome make_crop_data_batch
[make_crop_data_batch()] make tf_to_crops done
[make_crop_data_batch()] render done
[make_crop_data_batch()] warp done
[make_crop_data_batch()] pose batch data done
[predict()] forward start
[predict()] forward done
[track_one()] pose done
[track_one()] Welcome
[track_one()] depth processing done
[predict()] ob_in_cams:(1, 4, 4)
[predict()] self.cfg.use_normal:False
[predict()] trans_normalizer:[0.019999999552965164, 0.019999999552965164, 0.05000000074505806], rot_normalizer:0.3490658503988659
[predict()] making cropped data
[make_crop_data_batch()] Welcome make_crop_data_batch
[make_crop_data_batch()] make tf_to_crops done
[make_crop_data_batch()] render done
[make_crop_data_batch()] warp done
[make_crop_data_batch()] pose batch data done
[predict()] forward start
[predict()] forward done
[track_one()] pose done
[track_one()] Welcome
[track_one()] depth processing done
[predict()] ob_in_cams:(1, 4, 4)
[predict()] self.cfg.use_normal:False
[predict()] trans_normalizer:[0.019999999552965164, 0.019999999552965164, 0.05000000074505806], rot_normalizer:0.3490658503988659
[predict()] making cropped data
[make_crop_data_batch()] Welcome make_crop_data_batch
[make_crop_data_batch()] make tf_to_crops done
[make_crop_data_batch()] render done
[make_crop_data_batch()] warp done
[make_crop_data_batch()] pose batch data done
[predict()] forward start
[predict()] forward done
[track_one()] pose done
[track_one()] Welcome
[track_one()] depth processing done
[predict()] ob_in_cams:(1, 4, 4)
[predict()] self.cfg.use_normal:False
[predict()] trans_normalizer:[0.019999999552965164, 0.019999999552965164, 0.05000000074505806], rot_normalizer:0.3490658503988659
[predict()] making cropped data
[make_crop_data_batch()] Welcome make_crop_data_batch
[make_crop_data_batch()] make tf_to_crops done
[make_crop_data_batch()] render done
[make_crop_data_batch()] warp done
[make_crop_data_batch()] pose batch data done
[predict()] forward start
[predict()] forward done
[track_one()] pose done
[track_one()] Welcome
[track_one()] depth processing done
[predict()] ob_in_cams:(1, 4, 4)
[predict()] self.cfg.use_normal:False
[predict()] trans_normalizer:[0.019999999552965164, 0.019999999552965164, 0.05000000074505806], rot_normalizer:0.3490658503988659
[predict()] making cropped data
[make_crop_data_batch()] Welcome make_crop_data_batch
[make_crop_data_batch()] make tf_to_crops done
[make_crop_data_batch()] render done
[make_crop_data_batch()] warp done
[make_crop_data_batch()] pose batch data done
[predict()] forward start
[predict()] forward done
[track_one()] pose done
[track_one()] Welcome
[track_one()] depth processing done
[predict()] ob_in_cams:(1, 4, 4)
[predict()] self.cfg.use_normal:False
[predict()] trans_normalizer:[0.019999999552965164, 0.019999999552965164, 0.05000000074505806], rot_normalizer:0.3490658503988659
[predict()] making cropped data
[make_crop_data_batch()] Welcome make_crop_data_batch
[make_crop_data_batch()] make tf_to_crops done
[make_crop_data_batch()] render done
[make_crop_data_batch()] warp done
[make_crop_data_batch()] pose batch data done
[predict()] forward start
[predict()] forward done
[track_one()] pose done
[track_one()] Welcome
[track_one()] depth processing done
[predict()] ob_in_cams:(1, 4, 4)
[predict()] self.cfg.use_normal:False
[predict()] trans_normalizer:[0.019999999552965164, 0.019999999552965164, 0.05000000074505806], rot_normalizer:0.3490658503988659
[predict()] making cropped data
[make_crop_data_batch()] Welcome make_crop_data_batch
[make_crop_data_batch()] make tf_to_crops done
[make_crop_data_batch()] render done
[make_crop_data_batch()] warp done
[make_crop_data_batch()] pose batch data done
[predict()] forward start
[predict()] forward done
[track_one()] pose done
[track_one()] Welcome
[track_one()] depth processing done
[predict()] ob_in_cams:(1, 4, 4)
[predict()] self.cfg.use_normal:False
[predict()] trans_normalizer:[0.019999999552965164, 0.019999999552965164, 0.05000000074505806], rot_normalizer:0.3490658503988659
[predict()] making cropped data
[make_crop_data_batch()] Welcome make_crop_data_batch
[make_crop_data_batch()] make tf_to_crops done
[make_crop_data_batch()] render done
[make_crop_data_batch()] warp done
[make_crop_data_batch()] pose batch data done
[predict()] forward start
[predict()] forward done
[track_one()] pose done
[track_one()] Welcome
[track_one()] depth processing done
[predict()] ob_in_cams:(1, 4, 4)
[predict()] self.cfg.use_normal:False
[predict()] trans_normalizer:[0.019999999552965164, 0.019999999552965164, 0.05000000074505806], rot_normalizer:0.3490658503988659
[predict()] making cropped data
[make_crop_data_batch()] Welcome make_crop_data_batch
[make_crop_data_batch()] make tf_to_crops done
[make_crop_data_batch()] render done
[make_crop_data_batch()] warp done
[make_crop_data_batch()] pose batch data done
[predict()] forward start
[predict()] forward done
[track_one()] pose done
[track_one()] Welcome
[track_one()] depth processing done
[predict()] ob_in_cams:(1, 4, 4)
[predict()] self.cfg.use_normal:False
[predict()] trans_normalizer:[0.019999999552965164, 0.019999999552965164, 0.05000000074505806], rot_normalizer:0.3490658503988659
[predict()] making cropped data
[make_crop_data_batch()] Welcome make_crop_data_batch
[make_crop_data_batch()] make tf_to_crops done
[make_crop_data_batch()] render done
[make_crop_data_batch()] warp done
[make_crop_data_batch()] pose batch data done
[predict()] forward start
[predict()] forward done
[track_one()] pose done
[track_one()] Welcome
[track_one()] depth processing done
[predict()] ob_in_cams:(1, 4, 4)
[predict()] self.cfg.use_normal:False
[predict()] trans_normalizer:[0.019999999552965164, 0.019999999552965164, 0.05000000074505806], rot_normalizer:0.3490658503988659
[predict()] making cropped data
[make_crop_data_batch()] Welcome make_crop_data_batch
[make_crop_data_batch()] make tf_to_crops done
[make_crop_data_batch()] render done
[make_crop_data_batch()] warp done
[make_crop_data_batch()] pose batch data done
[predict()] forward start
[predict()] forward done
[track_one()] pose done
[track_one()] Welcome
[track_one()] depth processing done
[predict()] ob_in_cams:(1, 4, 4)
[predict()] self.cfg.use_normal:False
[predict()] trans_normalizer:[0.019999999552965164, 0.019999999552965164, 0.05000000074505806], rot_normalizer:0.3490658503988659
[predict()] making cropped data
[make_crop_data_batch()] Welcome make_crop_data_batch
[make_crop_data_batch()] make tf_to_crops done
[make_crop_data_batch()] render done
[make_crop_data_batch()] warp done
[make_crop_data_batch()] pose batch data done
[predict()] forward start
[predict()] forward done
[track_one()] pose done
[track_one()] Welcome
[track_one()] depth processing done
[predict()] ob_in_cams:(1, 4, 4)
[predict()] self.cfg.use_normal:False
[predict()] trans_normalizer:[0.019999999552965164, 0.019999999552965164, 0.05000000074505806], rot_normalizer:0.3490658503988659
[predict()] making cropped data
[make_crop_data_batch()] Welcome make_crop_data_batch
[make_crop_data_batch()] make tf_to_crops done
[make_crop_data_batch()] render done
[make_crop_data_batch()] warp done
[make_crop_data_batch()] pose batch data done
[predict()] forward start
[predict()] forward done
[track_one()] pose done
[track_one()] Welcome
[track_one()] depth processing done
[predict()] ob_in_cams:(1, 4, 4)
[predict()] self.cfg.use_normal:False
[predict()] trans_normalizer:[0.019999999552965164, 0.019999999552965164, 0.05000000074505806], rot_normalizer:0.3490658503988659
[predict()] making cropped data
[make_crop_data_batch()] Welcome make_crop_data_batch
[make_crop_data_batch()] make tf_to_crops done
[make_crop_data_batch()] render done
[make_crop_data_batch()] warp done
[make_crop_data_batch()] pose batch data done
[predict()] forward start
[predict()] forward done
[track_one()] pose done
[track_one()] Welcome
[track_one()] depth processing done
[predict()] ob_in_cams:(1, 4, 4)
[predict()] self.cfg.use_normal:False
[predict()] trans_normalizer:[0.019999999552965164, 0.019999999552965164, 0.05000000074505806], rot_normalizer:0.3490658503988659
[predict()] making cropped data
[make_crop_data_batch()] Welcome make_crop_data_batch
[make_crop_data_batch()] make tf_to_crops done
[make_crop_data_batch()] render done
[make_crop_data_batch()] warp done
[make_crop_data_batch()] pose batch data done
[predict()] forward start
[predict()] forward done
[track_one()] pose done
[track_one()] Welcome
[track_one()] depth processing done
[predict()] ob_in_cams:(1, 4, 4)
[predict()] self.cfg.use_normal:False
[predict()] trans_normalizer:[0.019999999552965164, 0.019999999552965164, 0.05000000074505806], rot_normalizer:0.3490658503988659
[predict()] making cropped data
[make_crop_data_batch()] Welcome make_crop_data_batch
[make_crop_data_batch()] make tf_to_crops done
[make_crop_data_batch()] render done
[make_crop_data_batch()] warp done
[make_crop_data_batch()] pose batch data done
[predict()] forward start
[predict()] forward done
[track_one()] pose done
[track_one()] Welcome
[track_one()] depth processing done
[predict()] ob_in_cams:(1, 4, 4)
[predict()] self.cfg.use_normal:False
[predict()] trans_normalizer:[0.019999999552965164, 0.019999999552965164, 0.05000000074505806], rot_normalizer:0.3490658503988659
[predict()] making cropped data
[make_crop_data_batch()] Welcome make_crop_data_batch
[make_crop_data_batch()] make tf_to_crops done
[make_crop_data_batch()] render done
[make_crop_data_batch()] warp done
[make_crop_data_batch()] pose batch data done
[predict()] forward start
[predict()] forward done
[track_one()] pose done
[track_one()] Welcome
[track_one()] depth processing done
[predict()] ob_in_cams:(1, 4, 4)
[predict()] self.cfg.use_normal:False
[predict()] trans_normalizer:[0.019999999552965164, 0.019999999552965164, 0.05000000074505806], rot_normalizer:0.3490658503988659
[predict()] making cropped data
[make_crop_data_batch()] Welcome make_crop_data_batch
[make_crop_data_batch()] make tf_to_crops done
[make_crop_data_batch()] render done
[make_crop_data_batch()] warp done
[make_crop_data_batch()] pose batch data done
[predict()] forward start
[predict()] forward done
[track_one()] pose done
[track_one()] Welcome
[track_one()] depth processing done
[predict()] ob_in_cams:(1, 4, 4)
[predict()] self.cfg.use_normal:False
[predict()] trans_normalizer:[0.019999999552965164, 0.019999999552965164, 0.05000000074505806], rot_normalizer:0.3490658503988659
[predict()] making cropped data
[make_crop_data_batch()] Welcome make_crop_data_batch
[make_crop_data_batch()] make tf_to_crops done
[make_crop_data_batch()] render done
[make_crop_data_batch()] warp done
[make_crop_data_batch()] pose batch data done
[predict()] forward start
[predict()] forward done
[track_one()] pose done
[track_one()] Welcome
[track_one()] depth processing done
[predict()] ob_in_cams:(1, 4, 4)
[predict()] self.cfg.use_normal:False
[predict()] trans_normalizer:[0.019999999552965164, 0.019999999552965164, 0.05000000074505806], rot_normalizer:0.3490658503988659
[predict()] making cropped data
[make_crop_data_batch()] Welcome make_crop_data_batch
[make_crop_data_batch()] make tf_to_crops done
[make_crop_data_batch()] render done
[make_crop_data_batch()] warp done
[make_crop_data_batch()] pose batch data done
[predict()] forward start
[predict()] forward done
[track_one()] pose done
[track_one()] Welcome
[track_one()] depth processing done
[predict()] ob_in_cams:(1, 4, 4)
[predict()] self.cfg.use_normal:False
[predict()] trans_normalizer:[0.019999999552965164, 0.019999999552965164, 0.05000000074505806], rot_normalizer:0.3490658503988659
[predict()] making cropped data
[make_crop_data_batch()] Welcome make_crop_data_batch
[make_crop_data_batch()] make tf_to_crops done
[make_crop_data_batch()] render done
[make_crop_data_batch()] warp done
[make_crop_data_batch()] pose batch data done
[predict()] forward start
[predict()] forward done
[track_one()] pose done
[track_one()] Welcome
[track_one()] depth processing done
[predict()] ob_in_cams:(1, 4, 4)
[predict()] self.cfg.use_normal:False
[predict()] trans_normalizer:[0.019999999552965164, 0.019999999552965164, 0.05000000074505806], rot_normalizer:0.3490658503988659
[predict()] making cropped data
[make_crop_data_batch()] Welcome make_crop_data_batch
[make_crop_data_batch()] make tf_to_crops done
[make_crop_data_batch()] render done
[make_crop_data_batch()] warp done
[make_crop_data_batch()] pose batch data done
[predict()] forward start
[predict()] forward done
[track_one()] pose done
[track_one()] Welcome
[track_one()] depth processing done
[predict()] ob_in_cams:(1, 4, 4)
[predict()] self.cfg.use_normal:False
[predict()] trans_normalizer:[0.019999999552965164, 0.019999999552965164, 0.05000000074505806], rot_normalizer:0.3490658503988659
[predict()] making cropped data
[make_crop_data_batch()] Welcome make_crop_data_batch
[make_crop_data_batch()] make tf_to_crops done
[make_crop_data_batch()] render done
[make_crop_data_batch()] warp done
[make_crop_data_batch()] pose batch data done
[predict()] forward start
[predict()] forward done
[track_one()] pose done
[track_one()] Welcome
[track_one()] depth processing done
[predict()] ob_in_cams:(1, 4, 4)
[predict()] self.cfg.use_normal:False
[predict()] trans_normalizer:[0.019999999552965164, 0.019999999552965164, 0.05000000074505806], rot_normalizer:0.3490658503988659
[predict()] making cropped data
[make_crop_data_batch()] Welcome make_crop_data_batch
[make_crop_data_batch()] make tf_to_crops done
[make_crop_data_batch()] render done
[make_crop_data_batch()] warp done
[make_crop_data_batch()] pose batch data done
[predict()] forward start
[predict()] forward done
[track_one()] pose done
[track_one()] Welcome
[track_one()] depth processing done
[predict()] ob_in_cams:(1, 4, 4)
[predict()] self.cfg.use_normal:False
[predict()] trans_normalizer:[0.019999999552965164, 0.019999999552965164, 0.05000000074505806], rot_normalizer:0.3490658503988659
[predict()] making cropped data
[make_crop_data_batch()] Welcome make_crop_data_batch
[make_crop_data_batch()] make tf_to_crops done
[make_crop_data_batch()] render done
[make_crop_data_batch()] warp done
[make_crop_data_batch()] pose batch data done
[predict()] forward start
[predict()] forward done
[track_one()] pose done
[track_one()] Welcome
[track_one()] depth processing done
[predict()] ob_in_cams:(1, 4, 4)
[predict()] self.cfg.use_normal:False
[predict()] trans_normalizer:[0.019999999552965164, 0.019999999552965164, 0.05000000074505806], rot_normalizer:0.3490658503988659
[predict()] making cropped data
[make_crop_data_batch()] Welcome make_crop_data_batch
[make_crop_data_batch()] make tf_to_crops done
[make_crop_data_batch()] render done
[make_crop_data_batch()] warp done
[make_crop_data_batch()] pose batch data done
[predict()] forward start
[predict()] forward done
[track_one()] pose done
[track_one()] Welcome
[track_one()] depth processing done
[predict()] ob_in_cams:(1, 4, 4)
[predict()] self.cfg.use_normal:False
[predict()] trans_normalizer:[0.019999999552965164, 0.019999999552965164, 0.05000000074505806], rot_normalizer:0.3490658503988659
[predict()] making cropped data
[make_crop_data_batch()] Welcome make_crop_data_batch
[make_crop_data_batch()] make tf_to_crops done
[make_crop_data_batch()] render done
[make_crop_data_batch()] warp done
[make_crop_data_batch()] pose batch data done
[predict()] forward start
[predict()] forward done
[track_one()] pose done
[track_one()] Welcome
[track_one()] depth processing done
[predict()] ob_in_cams:(1, 4, 4)
[predict()] self.cfg.use_normal:False
[predict()] trans_normalizer:[0.019999999552965164, 0.019999999552965164, 0.05000000074505806], rot_normalizer:0.3490658503988659
[predict()] making cropped data
[make_crop_data_batch()] Welcome make_crop_data_batch
[make_crop_data_batch()] make tf_to_crops done
[make_crop_data_batch()] render done
[make_crop_data_batch()] warp done
[make_crop_data_batch()] pose batch data done
[predict()] forward start
[predict()] forward done
[track_one()] pose done
[track_one()] Welcome
[track_one()] depth processing done
[predict()] ob_in_cams:(1, 4, 4)
[predict()] self.cfg.use_normal:False
[predict()] trans_normalizer:[0.019999999552965164, 0.019999999552965164, 0.05000000074505806], rot_normalizer:0.3490658503988659
[predict()] making cropped data
[make_crop_data_batch()] Welcome make_crop_data_batch
[make_crop_data_batch()] make tf_to_crops done
[make_crop_data_batch()] render done
[make_crop_data_batch()] warp done
[make_crop_data_batch()] pose batch data done
[predict()] forward start
[predict()] forward done
[track_one()] pose done
[track_one()] Welcome
[track_one()] depth processing done
[predict()] ob_in_cams:(1, 4, 4)
[predict()] self.cfg.use_normal:False
[predict()] trans_normalizer:[0.019999999552965164, 0.019999999552965164, 0.05000000074505806], rot_normalizer:0.3490658503988659
[predict()] making cropped data
[make_crop_data_batch()] Welcome make_crop_data_batch
[make_crop_data_batch()] make tf_to_crops done
[make_crop_data_batch()] render done
[make_crop_data_batch()] warp done
[make_crop_data_batch()] pose batch data done
[predict()] forward start
[predict()] forward done
[track_one()] pose done
[track_one()] Welcome
[track_one()] depth processing done
[predict()] ob_in_cams:(1, 4, 4)
[predict()] self.cfg.use_normal:False
[predict()] trans_normalizer:[0.019999999552965164, 0.019999999552965164, 0.05000000074505806], rot_normalizer:0.3490658503988659
[predict()] making cropped data
[make_crop_data_batch()] Welcome make_crop_data_batch
[make_crop_data_batch()] make tf_to_crops done
[make_crop_data_batch()] render done
[make_crop_data_batch()] warp done
[make_crop_data_batch()] pose batch data done
[predict()] forward start
[predict()] forward done
[track_one()] pose done
[track_one()] Welcome
[track_one()] depth processing done
[predict()] ob_in_cams:(1, 4, 4)
[predict()] self.cfg.use_normal:False
[predict()] trans_normalizer:[0.019999999552965164, 0.019999999552965164, 0.05000000074505806], rot_normalizer:0.3490658503988659
[predict()] making cropped data
[make_crop_data_batch()] Welcome make_crop_data_batch
[make_crop_data_batch()] make tf_to_crops done
[make_crop_data_batch()] render done
[make_crop_data_batch()] warp done
[make_crop_data_batch()] pose batch data done
[predict()] forward start
[predict()] forward done
[track_one()] pose done
[track_one()] Welcome
[track_one()] depth processing done
[predict()] ob_in_cams:(1, 4, 4)
[predict()] self.cfg.use_normal:False
[predict()] trans_normalizer:[0.019999999552965164, 0.019999999552965164, 0.05000000074505806], rot_normalizer:0.3490658503988659
[predict()] making cropped data
[make_crop_data_batch()] Welcome make_crop_data_batch
[make_crop_data_batch()] make tf_to_crops done
[make_crop_data_batch()] render done
[make_crop_data_batch()] warp done
[make_crop_data_batch()] pose batch data done
[predict()] forward start
[predict()] forward done
[track_one()] pose done
[track_one()] Welcome
[track_one()] depth processing done
[predict()] ob_in_cams:(1, 4, 4)
[predict()] self.cfg.use_normal:False
[predict()] trans_normalizer:[0.019999999552965164, 0.019999999552965164, 0.05000000074505806], rot_normalizer:0.3490658503988659
[predict()] making cropped data
[make_crop_data_batch()] Welcome make_crop_data_batch
[make_crop_data_batch()] make tf_to_crops done
[make_crop_data_batch()] render done
[make_crop_data_batch()] warp done
[make_crop_data_batch()] pose batch data done
[predict()] forward start
[predict()] forward done
[track_one()] pose done
[track_one()] Welcome
[track_one()] depth processing done
[predict()] ob_in_cams:(1, 4, 4)
[predict()] self.cfg.use_normal:False
[predict()] trans_normalizer:[0.019999999552965164, 0.019999999552965164, 0.05000000074505806], rot_normalizer:0.3490658503988659
[predict()] making cropped data
[make_crop_data_batch()] Welcome make_crop_data_batch
[make_crop_data_batch()] make tf_to_crops done
[make_crop_data_batch()] render done
[make_crop_data_batch()] warp done
[make_crop_data_batch()] pose batch data done
[predict()] forward start
[predict()] forward done
[track_one()] pose done
[track_one()] Welcome
[track_one()] depth processing done
[predict()] ob_in_cams:(1, 4, 4)
[predict()] self.cfg.use_normal:False
[predict()] trans_normalizer:[0.019999999552965164, 0.019999999552965164, 0.05000000074505806], rot_normalizer:0.3490658503988659
[predict()] making cropped data
[make_crop_data_batch()] Welcome make_crop_data_batch
[make_crop_data_batch()] make tf_to_crops done
[make_crop_data_batch()] render done
[make_crop_data_batch()] warp done
[make_crop_data_batch()] pose batch data done
[predict()] forward start
[predict()] forward done
[track_one()] pose done
[track_one()] Welcome
[track_one()] depth processing done
[predict()] ob_in_cams:(1, 4, 4)
[predict()] self.cfg.use_normal:False
[predict()] trans_normalizer:[0.019999999552965164, 0.019999999552965164, 0.05000000074505806], rot_normalizer:0.3490658503988659
[predict()] making cropped data
[make_crop_data_batch()] Welcome make_crop_data_batch
[make_crop_data_batch()] make tf_to_crops done
[make_crop_data_batch()] render done
[make_crop_data_batch()] warp done
[make_crop_data_batch()] pose batch data done
[predict()] forward start
[predict()] forward done
[track_one()] pose done
[track_one()] Welcome
[track_one()] depth processing done
[predict()] ob_in_cams:(1, 4, 4)
[predict()] self.cfg.use_normal:False
[predict()] trans_normalizer:[0.019999999552965164, 0.019999999552965164, 0.05000000074505806], rot_normalizer:0.3490658503988659
[predict()] making cropped data
[make_crop_data_batch()] Welcome make_crop_data_batch
[make_crop_data_batch()] make tf_to_crops done
[make_crop_data_batch()] render done
[make_crop_data_batch()] warp done
[make_crop_data_batch()] pose batch data done
[predict()] forward start
[predict()] forward done
[track_one()] pose done
[track_one()] Welcome
[track_one()] depth processing done
[predict()] ob_in_cams:(1, 4, 4)
[predict()] self.cfg.use_normal:False
[predict()] trans_normalizer:[0.019999999552965164, 0.019999999552965164, 0.05000000074505806], rot_normalizer:0.3490658503988659
[predict()] making cropped data
[make_crop_data_batch()] Welcome make_crop_data_batch
[make_crop_data_batch()] make tf_to_crops done
[make_crop_data_batch()] render done
[make_crop_data_batch()] warp done
[make_crop_data_batch()] pose batch data done
[predict()] forward start
[predict()] forward done
[track_one()] pose done
[track_one()] Welcome
[track_one()] depth processing done
[predict()] ob_in_cams:(1, 4, 4)
[predict()] self.cfg.use_normal:False
[predict()] trans_normalizer:[0.019999999552965164, 0.019999999552965164, 0.05000000074505806], rot_normalizer:0.3490658503988659
[predict()] making cropped data
[make_crop_data_batch()] Welcome make_crop_data_batch
[make_crop_data_batch()] make tf_to_crops done
[make_crop_data_batch()] render done
[make_crop_data_batch()] warp done
[make_crop_data_batch()] pose batch data done
[predict()] forward start
[predict()] forward done
[track_one()] pose done
[track_one()] Welcome
[track_one()] depth processing done
[predict()] ob_in_cams:(1, 4, 4)
[predict()] self.cfg.use_normal:False
[predict()] trans_normalizer:[0.019999999552965164, 0.019999999552965164, 0.05000000074505806], rot_normalizer:0.3490658503988659
[predict()] making cropped data
[make_crop_data_batch()] Welcome make_crop_data_batch
[make_crop_data_batch()] make tf_to_crops done
[make_crop_data_batch()] render done
[make_crop_data_batch()] warp done
[make_crop_data_batch()] pose batch data done
[predict()] forward start
[predict()] forward done
[track_one()] pose done
[track_one()] Welcome
[track_one()] depth processing done
[predict()] ob_in_cams:(1, 4, 4)
[predict()] self.cfg.use_normal:False
[predict()] trans_normalizer:[0.019999999552965164, 0.019999999552965164, 0.05000000074505806], rot_normalizer:0.3490658503988659
[predict()] making cropped data
[make_crop_data_batch()] Welcome make_crop_data_batch
[make_crop_data_batch()] make tf_to_crops done
[make_crop_data_batch()] render done
[make_crop_data_batch()] warp done
[make_crop_data_batch()] pose batch data done
[predict()] forward start
[predict()] forward done
[track_one()] pose done
[track_one()] Welcome
[track_one()] depth processing done
[predict()] ob_in_cams:(1, 4, 4)
[predict()] self.cfg.use_normal:False
[predict()] trans_normalizer:[0.019999999552965164, 0.019999999552965164, 0.05000000074505806], rot_normalizer:0.3490658503988659
[predict()] making cropped data
[make_crop_data_batch()] Welcome make_crop_data_batch
[make_crop_data_batch()] make tf_to_crops done
[make_crop_data_batch()] render done
[make_crop_data_batch()] warp done
[make_crop_data_batch()] pose batch data done
[predict()] forward start
[predict()] forward done
[track_one()] pose done
[track_one()] Welcome
[track_one()] depth processing done
[predict()] ob_in_cams:(1, 4, 4)
[predict()] self.cfg.use_normal:False
[predict()] trans_normalizer:[0.019999999552965164, 0.019999999552965164, 0.05000000074505806], rot_normalizer:0.3490658503988659
[predict()] making cropped data
[make_crop_data_batch()] Welcome make_crop_data_batch
[make_crop_data_batch()] make tf_to_crops done
[make_crop_data_batch()] render done
[make_crop_data_batch()] warp done
[make_crop_data_batch()] pose batch data done
[predict()] forward start
[predict()] forward done
[track_one()] pose done
[track_one()] Welcome
[track_one()] depth processing done
[predict()] ob_in_cams:(1, 4, 4)
[predict()] self.cfg.use_normal:False
[predict()] trans_normalizer:[0.019999999552965164, 0.019999999552965164, 0.05000000074505806], rot_normalizer:0.3490658503988659
[predict()] making cropped data
[make_crop_data_batch()] Welcome make_crop_data_batch
[make_crop_data_batch()] make tf_to_crops done
[make_crop_data_batch()] render done
[make_crop_data_batch()] warp done
[make_crop_data_batch()] pose batch data done
[predict()] forward start
[predict()] forward done
[track_one()] pose done
[track_one()] Welcome
[track_one()] depth processing done
[predict()] ob_in_cams:(1, 4, 4)
[predict()] self.cfg.use_normal:False
[predict()] trans_normalizer:[0.019999999552965164, 0.019999999552965164, 0.05000000074505806], rot_normalizer:0.3490658503988659
[predict()] making cropped data
[make_crop_data_batch()] Welcome make_crop_data_batch
[make_crop_data_batch()] make tf_to_crops done
[make_crop_data_batch()] render done
[make_crop_data_batch()] warp done
[make_crop_data_batch()] pose batch data done
[predict()] forward start
[predict()] forward done
[track_one()] pose done
[track_one()] Welcome
[track_one()] depth processing done
[predict()] ob_in_cams:(1, 4, 4)
[predict()] self.cfg.use_normal:False
[predict()] trans_normalizer:[0.019999999552965164, 0.019999999552965164, 0.05000000074505806], rot_normalizer:0.3490658503988659
[predict()] making cropped data
[make_crop_data_batch()] Welcome make_crop_data_batch
[make_crop_data_batch()] make tf_to_crops done
[make_crop_data_batch()] render done
[make_crop_data_batch()] warp done
[make_crop_data_batch()] pose batch data done
[predict()] forward start
[predict()] forward done
[track_one()] pose done
[track_one()] Welcome
[track_one()] depth processing done
[predict()] ob_in_cams:(1, 4, 4)
[predict()] self.cfg.use_normal:False
[predict()] trans_normalizer:[0.019999999552965164, 0.019999999552965164, 0.05000000074505806], rot_normalizer:0.3490658503988659
[predict()] making cropped data
[make_crop_data_batch()] Welcome make_crop_data_batch
[make_crop_data_batch()] make tf_to_crops done
[make_crop_data_batch()] render done
[make_crop_data_batch()] warp done
[make_crop_data_batch()] pose batch data done
[predict()] forward start
[predict()] forward done
[track_one()] pose done
[track_one()] Welcome
[track_one()] depth processing done
[predict()] ob_in_cams:(1, 4, 4)
[predict()] self.cfg.use_normal:False
[predict()] trans_normalizer:[0.019999999552965164, 0.019999999552965164, 0.05000000074505806], rot_normalizer:0.3490658503988659
[predict()] making cropped data
[make_crop_data_batch()] Welcome make_crop_data_batch
[make_crop_data_batch()] make tf_to_crops done
[make_crop_data_batch()] render done
[make_crop_data_batch()] warp done
[make_crop_data_batch()] pose batch data done
[predict()] forward start
[predict()] forward done
[track_one()] pose done
[track_one()] Welcome
[track_one()] depth processing done
[predict()] ob_in_cams:(1, 4, 4)
[predict()] self.cfg.use_normal:False
[predict()] trans_normalizer:[0.019999999552965164, 0.019999999552965164, 0.05000000074505806], rot_normalizer:0.3490658503988659
[predict()] making cropped data
[make_crop_data_batch()] Welcome make_crop_data_batch
[make_crop_data_batch()] make tf_to_crops done
[make_crop_data_batch()] render done
[make_crop_data_batch()] warp done
[make_crop_data_batch()] pose batch data done
[predict()] forward start
[predict()] forward done
[track_one()] pose done
[track_one()] Welcome
[track_one()] depth processing done
[predict()] ob_in_cams:(1, 4, 4)
[predict()] self.cfg.use_normal:False
[predict()] trans_normalizer:[0.019999999552965164, 0.019999999552965164, 0.05000000074505806], rot_normalizer:0.3490658503988659
[predict()] making cropped data
[make_crop_data_batch()] Welcome make_crop_data_batch
[make_crop_data_batch()] make tf_to_crops done
[make_crop_data_batch()] render done
[make_crop_data_batch()] warp done
[make_crop_data_batch()] pose batch data done
[predict()] forward start
[predict()] forward done
[track_one()] pose done
[track_one()] Welcome
[track_one()] depth processing done
[predict()] ob_in_cams:(1, 4, 4)
[predict()] self.cfg.use_normal:False
[predict()] trans_normalizer:[0.019999999552965164, 0.019999999552965164, 0.05000000074505806], rot_normalizer:0.3490658503988659
[predict()] making cropped data
[make_crop_data_batch()] Welcome make_crop_data_batch
[make_crop_data_batch()] make tf_to_crops done
[make_crop_data_batch()] render done
[make_crop_data_batch()] warp done
[make_crop_data_batch()] pose batch data done
[predict()] forward start
[predict()] forward done
[track_one()] pose done
num original candidates = 252
num of pose after clustering: 252
num original candidates = 252
num of pose after clustering: 252

===== fuse screw_unscrew_bottle_cap__36 gpu=5 2026-08-28 00:35:22 =====
WARNING: You are using a MANO model, with only 10 shape coefficients.
WARNING: You are using a MANO model, with only 10 shape coefficients.
[fuse] 手部平移按 R@(t+J0)-J0 变换 (|J0|= [86.4, 105.1] mm)

===== confidence screw_unscrew_bottle_cap__36 gpu=5 2026-08-28 00:35:29 =====
[confidence] 2 个物体: ['object_0', 'object_1']
[confidence] audit(pre): /home/yanghong/miniconda3/envs/hawor/bin/python /home/yanghong/Reconstruct_and_Retarget/confidence/pose_audit.py --scene /home/yanghong/Reconstruct_and_Retarget/Output/ReconstructOutput/egodex_part4/screw_unscrew_bottle_cap/36 --out /home/yanghong/Reconstruct_and_Retarget/Data/VideoPrior/poseqa
[audit] 36[object_0]: s=0.900 可信度 中位 53.0 (位置 88.0/旋转  0.0)  → /home/yanghong/Reconstruct_and_Retarget/Data/VideoPrior/poseqa/pose_audit.json
[audit] 36[object_1]: s=1.125 可信度 中位 68.0 (位置 84.0/旋转 42.0)  → /home/yanghong/Reconstruct_and_Retarget/Data/VideoPrior/poseqa/pose_audit.json
[audit] 2 个物体, 用时 11s
[confidence] cotracker[object_0]: /home/yanghong/miniconda3/envs/hawor/bin/python /home/yanghong/Reconstruct_and_Retarget/confidence/cotracker_consistency.py --scene /home/yanghong/Reconstruct_and_Retarget/Output/ReconstructOutput/egodex_part4/screw_unscrew_bottle_cap/36 --video /home/yanghong/Reconstruct_and_Retarget/Data/egodex_part4/screw_unscrew_bottle_cap/36.mp4 --out /home/yanghong/Reconstruct_and_Retarget/Data/VideoPrior/poseqa/cc --audit /home/yanghong/Reconstruct_and_Retarget/Data/VideoPrior/poseqa/pose_audit.json --object object_0 --no-viz
Using cache found in /home/yanghong/.cache/torch/hub/facebookresearch_co-tracker_main
[cc] 参考帧 [0, 35, 71]  种子点 147
[cc] 打分 105/105 帧  err_norm 中位 0.0548 p90 0.1294  vis 中位 0.68
{
 "scene": "/home/yanghong/Reconstruct_and_Retarget/Output/ReconstructOutput/egodex_part4/screw_unscrew_bottle_cap/36",
 "seed_frames": [
  0,
  35,
  71
 ],
 "n_frames": 105,
 "n_scored": 105,
 "ct_err_norm_median": 0.0548,
 "ct_err_norm_p90": 0.1294,
 "ct_t_err_median": 0.0541,
 "ct_r_err_median": 0.0483,
 "vis_frac_median": 0.68,
 "inside_frac_median": 1.0
}
[confidence] cotracker[object_1]: /home/yanghong/miniconda3/envs/hawor/bin/python /home/yanghong/Reconstruct_and_Retarget/confidence/cotracker_consistency.py --scene /home/yanghong/Reconstruct_and_Retarget/Output/ReconstructOutput/egodex_part4/screw_unscrew_bottle_cap/36 --video /home/yanghong/Reconstruct_and_Retarget/Data/egodex_part4/screw_unscrew_bottle_cap/36.mp4 --out /home/yanghong/Reconstruct_and_Retarget/Data/VideoPrior/poseqa/cc --audit /home/yanghong/Reconstruct_and_Retarget/Data/VideoPrior/poseqa/pose_audit.json --object object_1 --no-viz
Using cache found in /home/yanghong/.cache/torch/hub/facebookresearch_co-tracker_main
[cc] 参考帧 [0, 35, 70]  种子点 109
[cc] 打分 102/105 帧  err_norm 中位 0.1172 p90 0.3675  vis 中位 0.651
{
 "scene": "/home/yanghong/Reconstruct_and_Retarget/Output/ReconstructOutput/egodex_part4/screw_unscrew_bottle_cap/36",
 "seed_frames": [
  0,
  35,
  70
 ],
 "n_frames": 105,
 "n_scored": 102,
 "ct_err_norm_median": 0.1172,
 "ct_err_norm_p90": 0.3675,
 "ct_t_err_median": 0.1646,
 "ct_r_err_median": 0.0696,
 "vis_frac_median": 0.651,
 "inside_frac_median": 0.94
}
[confidence] audit(final): /home/yanghong/miniconda3/envs/hawor/bin/python /home/yanghong/Reconstruct_and_Retarget/confidence/pose_audit.py --scene /home/yanghong/Reconstruct_and_Retarget/Output/ReconstructOutput/egodex_part4/screw_unscrew_bottle_cap/36 --out /home/yanghong/Reconstruct_and_Retarget/Data/VideoPrior/poseqa --ct-dir /home/yanghong/Reconstruct_and_Retarget/Data/VideoPrior/poseqa/cc
[audit] 36[object_0]: s=0.900 可信度 中位 61.0 (位置 68.0/旋转 53.0)  → /home/yanghong/Reconstruct_and_Retarget/Data/VideoPrior/poseqa/pose_audit.json
[audit] 36[object_1]: s=1.125 可信度 中位 63.0 (位置 70.0/旋转 45.0)  → /home/yanghong/Reconstruct_and_Retarget/Data/VideoPrior/poseqa/pose_audit.json
[audit] 2 个物体, 用时 14s
[confidence] hand_conf: /home/yanghong/miniconda3/envs/hawor/bin/python /home/yanghong/Reconstruct_and_Retarget/confidence/hand_confidence.py /home/yanghong/Reconstruct_and_Retarget/Output/ReconstructOutput/egodex_part4/screw_unscrew_bottle_cap/36
[hand_conf] 36 left  帧  105 | pos 99.0 rot 90.1 | 指 [4.1, 73.0, 90.1, 95.5, 99.9] | 预期误差 20.5mm
[hand_conf] 36 right 帧  105 | pos 100.0 rot 99.7 | 指 [67.2, 99.8, 99.8, 100.0, 100.0] | 预期误差 16.6mm
[hand_conf] 判据 hand_conf_v1_arctic55_20260825 | mask 缺帧 0
[confidence] rts[object_0]: /home/yanghong/miniconda3/envs/hawor/bin/python /home/yanghong/Reconstruct_and_Retarget/confidence/rts_smoother.py --scene /home/yanghong/Reconstruct_and_Retarget/Output/ReconstructOutput/egodex_part4/screw_unscrew_bottle_cap/36 --audit /home/yanghong/Reconstruct_and_Retarget/Data/VideoPrior/poseqa/pose_audit.json --out /home/yanghong/Reconstruct_and_Retarget/Data/VideoPrior/poseqa/rts --object object_0
{
 "scene": "/home/yanghong/Reconstruct_and_Retarget/Output/ReconstructOutput/egodex_part4/screw_unscrew_bottle_cap/36",
 "n": 105,
 "A_static_step": {
  "raw_mm": 0.39587799185321654,
  "smooth_mm": 0.29288358173057377,
  "raw_deg": 4.753849196431881,
  "smooth_deg": 1.8570293186499227,
  "n_free": 7
 },
 "B_image": {
  "high_conf": {
   "n": 32,
   "explained_raw": 0.9393897869191676,
   "explained_smooth": 0.9260221393562083,
   "dcent_raw": 0.09434312932414184,
   "dcent_smooth": 0.09829078279262238
  },
  "low_conf": {
   "n": 21,
   "explained_raw": 0.9321511998301125,
   "explained_smooth": 0.7813591893780573,
   "dcent_raw": 0.21083547588282678,
   "dcent_smooth": 0.13256841296733904
  }
 },
 "C_innov_spikes_pos": [],
 "n_rot_refuted": 0,
 "sigma_pos_mm": {
  "min": 2.8,
  "median": 5.1,
  "max": 10.3
 },
 "sigma_rot_deg": {
  "min": 0.8,
  "median": 1.0,
  "max": 2.0
 }
}
[confidence] rts[object_1]: /home/yanghong/miniconda3/envs/hawor/bin/python /home/yanghong/Reconstruct_and_Retarget/confidence/rts_smoother.py --scene /home/yanghong/Reconstruct_and_Retarget/Output/ReconstructOutput/egodex_part4/screw_unscrew_bottle_cap/36 --audit /home/yanghong/Reconstruct_and_Retarget/Data/VideoPrior/poseqa/pose_audit.json --out /home/yanghong/Reconstruct_and_Retarget/Data/VideoPrior/poseqa/rts --object object_1
{
 "scene": "/home/yanghong/Reconstruct_and_Retarget/Output/ReconstructOutput/egodex_part4/screw_unscrew_bottle_cap/36",
 "n": 105,
 "A_static_step": {
  "raw_mm": 0.8838528572668236,
  "smooth_mm": 0.18178884545774904,
  "raw_deg": 1.1118858133858658,
  "smooth_deg": 0.4026122571423568,
  "n_free": 7
 },
 "B_image": {
  "high_conf": {
   "n": 29,
   "explained_raw": 0.22389347799284923,
   "explained_smooth": 0.22875297855440826,
   "dcent_raw": 1.7333448954338941,
   "dcent_smooth": 1.7055759279819074
  },
  "low_conf": {
   "n": 24,
   "explained_raw": 0.0,
   "explained_smooth": 0.0,
   "dcent_raw": 1.8866911620414162,
   "dcent_smooth": 1.8901379531797438
  }
 },
 "C_innov_spikes_pos": [],
 "n_rot_refuted": 10,
 "sigma_pos_mm": {
  "min": 2.4,
  "median": 3.9,
  "max": 17.6
 },
 "sigma_rot_deg": {
  "min": 0.9,
  "median": 1.3,
  "max": 3.5
 }
}
[confidence] manifest: /home/yanghong/miniconda3/envs/hawor/bin/python /home/yanghong/Reconstruct_and_Retarget/confidence/take_manifest.py --audit /home/yanghong/Reconstruct_and_Retarget/Data/VideoPrior/poseqa/pose_audit.json --out /home/yanghong/Reconstruct_and_Retarget/Data/VideoPrior/poseqa/TAKE_MANIFEST.json
[manifest] 228 takes: active 208 (旋转可用 125), excluded 10, deselected 0, superseded 10
   arctic15/s01/microwave_grab_01                     pos  99.0(good ) rot  41.0(可用) 自由轴[]  
   egodex_auto/pour/11                                pos  98.0(good ) rot  58.0(可用) 自由轴[1]  
   egodex_auto/pour/14                                pos  98.0(good ) rot  91.0(可用) 自由轴[1]  
   egodex_auto/pour/37                                pos  98.0(good ) rot  56.0(弃用) 自由轴[]  
   arctic15/s01/box_grab_01                           pos  97.0(good ) rot  63.0(可用) 自由轴[]  
   egodex_auto/pour/28                                pos  97.0(good ) rot  58.0(可用) 自由轴[1]  
   egodex_auto/pour/5                                 pos  97.0(good ) rot  84.0(可用) 自由轴[1]  
   arctic15/s06/espressomachine_grab_01               pos  96.0(good ) rot  88.0(可用) 自由轴[]  
   arctic15/s06/microwave_grab_01                     pos  96.0(good ) rot  44.0(可用) 自由轴[]  
   egodex_auto/pour/25                                pos  96.0(good ) rot  57.0(可用) 自由轴[1]  
   egodex_auto/pour/32                                pos  96.0(good ) rot  60.5(可用) 自由轴[1]  
   egodex_auto/screw_unscrew_bottle_cap/27            pos  95.5(good ) rot  58.5(可用) 自由轴[]  
   arctic15/s01/laptop_grab_01                        pos  95.0(good ) rot  91.0(可用) 自由轴[]  
   arctic15/s02/microwave_grab_01                     pos  95.0(good ) rot  57.0(可用) 自由轴[]  
   egodex_auto/pour/13                                pos  95.0(good ) rot  62.5(可用) 自由轴[1]  
   arctic15/s02/box_grab_01                           pos  94.0(good ) rot  62.0(可用) 自由轴[]  
   arctic15/s02/waffleiron_grab_01                    pos  94.0(good ) rot   0.0(弃用) 自由轴[1]  
   arctic15/s05/box_grab_01                           pos  94.0(good ) rot  62.5(可用) 自由轴[]  
   egodex_auto/pour/12                                pos  94.0(good ) rot   0.0(弃用) 自由轴[1]  
   egodex_auto/pour/9                                 pos  94.0(good ) rot  32.0(可用) 自由轴[1]  
   arctic15/s07/box_grab_01                           pos  93.0(good ) rot  61.0(可用) 自由轴[]  
   arctic15/s06/notebook_grab_01                      pos  92.0(good ) rot  73.0(可用) 自由轴[]  
   egodex_auto/pour/25                                pos  92.0(good ) rot  70.0(可用) 自由轴[1]  
   egodex_auto/screw_unscrew_bottle_cap/1             pos  92.0(good ) rot  48.5(可用) 自由轴[]  
   egodex_auto/pour/44                                pos  90.5(good ) rot  21.5(弃用) 自由轴[]  
   arctic15/s02/espressomachine_grab_01               pos  90.0(good ) rot  34.0(可用) 自由轴[]  
   arctic15/s04/box_grab_01                           pos  90.0(good ) rot  61.0(可用) 自由轴[]  
   arctic15/s04/microwave_grab_01                     pos  90.0(good ) rot  35.0(可用) 自由轴[]  
   egodex_auto/pour/9                                 pos  90.0(good ) rot  46.0(可用) 自由轴[1]  
   egodex_auto/screw_unscrew_bottle_cap/7             pos  90.0(good ) rot  29.0(弃用) 自由轴[1]  
   egodex_part4/screw_unscrew_bottle_cap/50           pos  90.0(good ) rot  58.5(可用) 自由轴[2]  
   arctic15/s01/waffleiron_grab_01                    pos  89.0(good ) rot  41.0(弃用) 自由轴[]  
   egodex_auto/pour/24                                pos  89.0(good ) rot  48.5(可用) 自由轴[1]  
   egodex_auto/pour/28                                pos  89.0(good ) rot  59.5(可用) 自由轴[1]  
   egodex_auto/screw_unscrew_bottle_cap/6             pos  89.0(good ) rot  14.0(弃用) 自由轴[]  
   arctic15/s02/laptop_grab_01                        pos  88.0(good ) rot  85.0(可用) 自由轴[]  
   arctic15/s04/notebook_grab_01                      pos  88.0(good ) rot  74.0(可用) 自由轴[]  
   arctic15/s05/waffleiron_grab_01                    pos  88.0(good ) rot   0.0(弃用) 自由轴[1]  
   egodex_part4/screw_unscrew_bottle_cap/32           pos  88.0(good ) rot  63.0(可用) 自由轴[2]  
   egodex_auto/pour/27                                pos  87.0(good ) rot  60.0(可用) 自由轴[1]  
   egodex_auto/sweep_dustpan/0                        pos  87.0(good ) rot  87.0(可用) 自由轴[]  
   egodex_auto/sweep_dustpan/2                        pos  87.0(good ) rot  87.0(可用) 自由轴[]  
   arctic15/s07/waffleiron_grab_01                    pos  86.0(good ) rot   1.0(弃用) 自由轴[]  
   egodex_auto/pour/11                                pos  86.0(good ) rot  44.0(可用) 自由轴[1]  
   egodex_part4/screw_unscrew_bottle_cap/38           pos  85.5(good ) rot  59.5(可用) 自由轴[2]  
   egodex_auto/insert_remove_usb/0                    pos  85.0(good ) rot  62.5(弃用) 自由轴[]  
   egodex_auto/pour/24                                pos  85.0(good ) rot  65.0(可用) 自由轴[1]  
   egodex_auto/screw_unscrew_bottle_cap/12            pos  85.0(good ) rot   0.0(弃用) 自由轴[1]  
   egodex_part4/screw_unscrew_bottle_cap/32           pos  85.0(good ) rot  66.0(可用) 自由轴[]  
   egodex_part4/screw_unscrew_bottle_cap/89           pos  85.0(good ) rot  80.5(可用) 自由轴[2]  
   egodex_auto/pour/17                                pos  84.0(good ) rot  54.0(可用) 自由轴[1]  
   egodex_auto/pour/2                                 pos  84.0(good ) rot  84.0(可用) 自由轴[1]  
   egodex_auto/screw_unscrew_bottle_cap/1             pos  84.0(good ) rot  70.5(可用) 自由轴[2]  
   egodex_auto/screw_unscrew_bottle_cap/26            pos  84.0(good ) rot  60.0(可用) 自由轴[]  
   egodex_auto/screw_unscrew_bottle_cap/6             pos  84.0(good ) rot  56.0(可用) 自由轴[1]  
   arctic15/s07/espressomachine_grab_01               pos  83.0(good ) rot  54.0(可用) 自由轴[]  
   egodex_auto/pour/3                                 pos  83.0(good ) rot  44.0(可用) 自由轴[1]  
   egodex_auto/pour/39                                pos  83.0(good ) rot   0.0(弃用) 自由轴[1]  
   egodex_auto/screw_unscrew_bottle_cap/23            pos  83.0(good ) rot  70.0(可用) 自由轴[]  
   egodex_part4/screw_unscrew_bottle_cap/89           pos  83.0(good ) rot  52.0(可用) 自由轴[]  
   arctic15/s06/capsulemachine_grab_01                pos  82.0(good ) rot  37.0(弃用) 自由轴[]  
   egodex_auto/pour/17                                pos  82.0(good ) rot  70.5(可用) 自由轴[1]  
   egodex_auto/pour/5                                 pos  82.0(good ) rot  53.0(可用) 自由轴[1]  
   egodex_auto/screw_unscrew_bottle_cap/18            pos  82.0(good ) rot  48.5(可用) 自由轴[]  
   egodex_auto/screw_unscrew_bottle_cap/2             pos  82.0(good ) rot  42.0(可用) 自由轴[]  
   arctic15/s02/mixer_grab_01                         pos  81.0(good ) rot  44.0(可用) 自由轴[]  
   arctic15/s06/waffleiron_grab_01_retake             pos  81.0(good ) rot  38.0(可用) 自由轴[]  
   egodex_auto/pour/31                                pos  81.0(good ) rot  81.0(可用) 自由轴[1]  
   egodex_auto/screw_unscrew_bottle_cap/8             pos  81.0(good ) rot  30.0(弃用) 自由轴[]  
   arctic15/s06/mixer_grab_01                         pos  80.0(good ) rot  59.0(弃用) 自由轴[]  
   egodex_auto/pour/31                                pos  80.0(good ) rot  75.0(可用) 自由轴[1]  
   arctic15/s04/espressomachine_grab_01               pos  79.0(good ) rot  57.0(弃用) 自由轴[]  
   arctic15/s05/espressomachine_grab_01               pos  79.0(good ) rot  55.0(可用) 自由轴[]  
   arctic15/s07/laptop_grab_01                        pos  79.0(good ) rot  79.0(可用) 自由轴[]  
   arctic15/s02/capsulemachine_grab_01                pos  78.0(good ) rot  51.0(可用) 自由轴[]  
   arctic15/s07/microwave_grab_01                     pos  78.0(good ) rot  30.5(可用) 自由轴[]  
   egodex_auto/pour/40                                pos  78.0(good ) rot  20.0(弃用) 自由轴[1]  
   egodex_auto/screw_unscrew_bottle_cap/13            pos  78.0(good ) rot  31.0(可用) 自由轴[1]  
   egodex_auto/screw_unscrew_bottle_cap/15            pos  78.0(good ) rot  20.0(弃用) 自由轴[1]  
   egodex_auto/screw_unscrew_bottle_cap/5             pos  78.0(good ) rot  21.0(弃用) 自由轴[]  
   egodex_part4/screw_unscrew_bottle_cap/48           pos  77.5(good ) rot  16.5(弃用) 自由轴[]  
   arctic15/s05/laptop_grab_01                        pos  77.0(good ) rot  71.0(可用) 自由轴[]  
   egodex_auto/pour/2                                 pos  77.0(good ) rot  33.5(可用) 自由轴[1]  
   egodex_auto/pour/23                                pos  77.0(good ) rot  76.0(可用) 自由轴[1]  
   egodex_auto/pour/42                                pos  77.0(good ) rot  72.5(可用) 自由轴[1]  
   egodex_auto/pour/43                                pos  77.0(good ) rot  72.0(可用) 自由轴[1]  
   egodex_auto/screw_unscrew_bottle_cap/19            pos  77.0(good ) rot   4.0(弃用) 自由轴[]  
   egodex_auto/pour/13                                pos  76.5(good ) rot  36.5(可用) 自由轴[1]  
   arctic15/s02/scissors_grab_01                      pos  76.0(good ) rot  76.0(可用) 自由轴[]  
   egodex_auto/pour/40                                pos  76.0(good ) rot  33.5(可用) 自由轴[1]  
   egodex_auto/screw_unscrew_bottle_cap/9             pos  76.0(good ) rot  10.0(弃用) 自由轴[]  
   egodex_auto/screw_unscrew_bottle_cap/2             pos  75.0(good ) rot  36.0(可用) 自由轴[1]  
   egodex_auto/pour/44                                pos  74.5(good ) rot  52.5(可用) 自由轴[1]  
   egodex_part4/screw_unscrew_bottle_cap/48           pos  74.5(good ) rot  61.5(可用) 自由轴[2]  
   egodex_auto/pour/27                                pos  74.0(good ) rot  46.0(可用) 自由轴[1]  
   egodex_auto/pour/39                                pos  74.0(good ) rot   0.0(弃用) 自由轴[1]  
   egodex_auto/screw_unscrew_bottle_cap/25            pos  74.0(good ) rot  27.5(弃用) 自由轴[1]  
   egodex_auto/screw_unscrew_bottle_cap/26            pos  74.0(good ) rot   0.0(弃用) 自由轴[1]  
   arctic15/s01/mixer_grab_01                         pos  73.5(good ) rot  33.5(弃用) 自由轴[]  
   arctic15/s04/laptop_grab_01                        pos  73.5(good ) rot  45.0(弃用) 自由轴[]  
   egodex_auto/pour/34                                pos  73.5(good ) rot  73.5(可用) 自由轴[1]  
   arctic15/s02/ketchup_grab_01                       pos  73.0(good ) rot   1.0(弃用) 自由轴[]  
   egodex_auto/pour/51                                pos  73.0(good ) rot  61.5(可用) 自由轴[1]  
   egodex_auto/screw_unscrew_bottle_cap/17            pos  73.0(good ) rot  58.0(可用) 自由轴[]  
   egodex_auto/sweep_dustpan/2                        pos  73.0(good ) rot  73.0(可用) 自由轴[]  
   egodex_part4/screw_unscrew_bottle_cap/71           pos  72.0(good ) rot  71.5(可用) 自由轴[2]  
   arctic15/s05/mixer_grab_01                         pos  71.0(good ) rot  44.5(可用) 自由轴[]  
   arctic15/s07/mixer_grab_01_retake                  pos  71.0(good ) rot  38.0(弃用) 自由轴[]  
   egodex_auto/screw_unscrew_bottle_cap/15            pos  71.0(good ) rot  41.0(可用) 自由轴[]  
   arctic15/s02/phone_grab_01                         pos  70.0(good ) rot  48.0(可用) 自由轴[]  
   egodex_part4/screw_unscrew_bottle_cap/36           pos  70.0(good ) rot  45.0(可用) 自由轴[]  
   arctic15/s01/scissors_grab_01                      pos  69.0(mixed) rot  69.0(可用) 自由轴[]  
   egodex_auto/pour/0                                 pos  69.0(mixed) rot  15.0(弃用) 自由轴[1]  
   egodex_auto/pour/1                                 pos  68.0(mixed) rot  55.0(可用) 自由轴[1]  
   egodex_part4/screw_unscrew_bottle_cap/36           pos  68.0(mixed) rot  53.0(可用) 自由轴[2]  
   egodex_part4/screw_unscrew_bottle_cap/83           pos  68.0(mixed) rot  68.0(可用) 自由轴[2]  
   egodex_auto/pour/48                                pos  67.0(mixed) rot  39.0(弃用) 自由轴[1]  
   egodex_auto/pour/6                                 pos  67.0(mixed) rot  57.0(可用) 自由轴[1]  
   egodex_auto/pour/30                                pos  66.5(mixed) rot  15.5(弃用) 自由轴[1]  
   arctic15/s04/capsulemachine_grab_01                pos  66.0(mixed) rot  29.0(弃用) 自由轴[]  
   egodex_auto/pour/42                                pos  66.0(mixed) rot  54.0(可用) 自由轴[1]  
   arctic15/s01/espressomachine_grab_01               pos  65.0(mixed) rot  30.0(弃用) 自由轴[]  
   arctic15/s01/phone_grab_01                         pos  65.0(mixed) rot  42.0(弃用) 自由轴[]  
   egodex_auto/pour/12                                pos  65.0(mixed) rot  42.0(可用) 自由轴[1]  
   egodex_auto/screw_unscrew_bottle_cap/0             pos  65.0(mixed) rot  43.0(弃用) 自由轴[]  
   egodex_auto/screw_unscrew_bottle_cap/18            pos  65.0(mixed) rot  56.5(可用) 自由轴[2]  
   egodex_auto/screw_unscrew_bottle_cap/23            pos  65.0(mixed) rot  65.0(可用) 自由轴[1]  
   egodex_auto/screw_unscrew_bottle_cap/27            pos  64.5(mixed) rot  13.0(弃用) 自由轴[2]  
   arctic15/s01/capsulemachine_grab_01                pos  64.0(mixed) rot  36.0(可用) 自由轴[]  
   egodex_auto/pour/36                                pos  64.0(mixed) rot  49.5(可用) 自由轴[1]  
   arctic15/s04/phone_grab_01                         pos  63.0(mixed) rot  58.0(可用) 自由轴[]  
   egodex_auto/pour/33                                pos  63.0(mixed) rot  63.0(可用) 自由轴[1]  
   arctic15/s06/phone_grab_01                         pos  62.5(mixed) rot  62.5(可用) 自由轴[]  
   egodex_auto/pour/45                                pos  62.0(mixed) rot  62.0(可用) 自由轴[1]  
   arctic15/s01/ketchup_grab_01                       pos  61.0(mixed) rot  20.0(弃用) 自由轴[]  
   arctic15/s06/ketchup_grab_01_retake2               pos  61.0(mixed) rot  44.0(弃用) 自由轴[]  
   arctic15/s05/microwave_grab_01                     pos  59.0(mixed) rot  31.0(可用) 自由轴[]  
   egodex_auto/pour/8                                 pos  59.0(mixed) rot  11.0(弃用) 自由轴[1]  
   egodex_auto/screw_unscrew_bottle_cap/20            pos  59.0(mixed) rot  35.0(可用) 自由轴[1]  
   egodex_part4/screw_unscrew_bottle_cap/38           pos  59.0(mixed) rot  28.5(弃用) 自由轴[]  
   egodex_auto/pour/0                                 pos  58.0(mixed) rot   4.5(弃用) 自由轴[1]  
   egodex_auto/pour/16                                pos  58.0(mixed) rot  41.0(可用) 自由轴[1]  
   egodex_auto/screw_unscrew_bottle_cap/20            pos  58.0(mixed) rot  52.0(可用) 自由轴[]  
   egodex_part4/screw_unscrew_bottle_cap/71           pos  57.5(mixed) rot  48.5(可用) 自由轴[]  
   egodex_auto/screw_unscrew_bottle_cap/13            pos  57.0(mixed) rot  16.0(弃用) 自由轴[]  
   egodex_auto/pour/50                                pos  56.5(mixed) rot  21.0(弃用) 自由轴[1]  
   arctic15/s07/ketchup_grab_01                       pos  55.0(mixed) rot  28.0(弃用) 自由轴[]  
   arctic15/s07/phone_grab_01                         pos  55.0(mixed) rot  37.0(可用) 自由轴[]  
   arctic15/s10/phone_grab_01                         pos  55.0(mixed) rot  39.0(可用) 自由轴[]  
   egodex_auto/pour/7                                 pos  55.0(mixed) rot  37.0(可用) 自由轴[1]  
   egodex_auto/screw_unscrew_bottle_cap/19            pos  55.0(mixed) rot  30.0(可用) 自由轴[1]  
   egodex_auto/screw_unscrew_bottle_cap/5             pos  54.5(mixed) rot  22.5(弃用) 自由轴[1]  
   egodex_auto/screw_unscrew_bottle_cap/17            pos  54.0(mixed) rot  54.0(可用) 自由轴[1]  
   egodex_auto/screw_unscrew_bottle_cap/28            pos  53.0(mixed) rot  10.0(弃用) 自由轴[]  
   egodex_part4/screw_unscrew_bottle_cap/83           pos  53.0(mixed) rot  24.0(弃用) 自由轴[]  
   egodex_auto/screw_unscrew_bottle_cap/28            pos  52.5(mixed) rot  43.0(可用) 自由轴[1]  
   arctic15/s04/mixer_grab_01                         pos  52.0(mixed) rot  37.0(弃用) 自由轴[]  
   egodex_auto/screw_unscrew_bottle_cap/25            pos  52.0(mixed) rot  34.0(弃用) 自由轴[]  
   egodex_auto/screw_unscrew_bottle_cap/9             pos  52.0(mixed) rot  46.0(可用) 自由轴[1]  
   egodex_auto/screw_unscrew_bottle_cap/0             pos  51.0(mixed) rot  35.0(可用) 自由轴[1]  
   egodex_auto/pour/14                                pos  50.0(mixed) rot   0.0(弃用) 自由轴[1]  
   egodex_auto/pour/15                                pos  50.0(mixed) rot  41.0(可用) 自由轴[1]  
   egodex_auto/pour/16                                pos  50.0(mixed) rot  23.0(弃用) 自由轴[1]  
   egodex_auto/screw_unscrew_bottle_cap/24            pos  50.0(mixed) rot  33.5(可用) 自由轴[1]  
   egodex_auto/screw_unscrew_bottle_cap/4             pos  49.0(mixed) rot  38.5(可用) 自由轴[1]  
   egodex_part4/screw_unscrew_bottle_cap/50           pos  49.0(mixed) rot  36.0(可用) 自由轴[]  
   egodex_auto/pour/38                                pos  47.5(mixed) rot  43.5(可用) 自由轴[1]  
   egodex_auto/pour/10                                pos  47.0(mixed) rot  41.0(可用) 自由轴[1]  
   egodex_auto/pour/21                                pos  47.0(mixed) rot  38.0(可用) 自由轴[1]  
   egodex_auto/pour/50                                pos  47.0(mixed) rot  16.0(弃用) 自由轴[1]  
   egodex_auto/pour/8                                 pos  47.0(mixed) rot   0.5(弃用) 自由轴[1]  
   egodex_auto/pour/19                                pos  46.0(mixed) rot  23.0(弃用) 自由轴[1]  
   egodex_auto/pour/47                                pos  46.0(mixed) rot  46.0(可用) 自由轴[1]  
   egodex_auto/pour/51                                pos  46.0(mixed) rot   8.0(弃用) 自由轴[1]  
   egodex_auto/pour/3                                 pos  45.0(mixed) rot  12.0(弃用) 自由轴[1]  
   arctic15/s06/scissors_grab_01                      pos  43.0(mixed) rot  43.0(可用) 自由轴[]  
   egodex_auto/pour/20                                pos  43.0(mixed) rot  40.0(可用) 自由轴[1]  
   egodex_auto/pour/35                                pos  43.0(mixed) rot  17.0(弃用) 自由轴[1]  
   quest3/bottle_v2_win14_44                          pos  42.0(mixed) rot   0.0(弃用) 自由轴[2]  
   arctic15/s04/ketchup_grab_01                       pos  41.0(mixed) rot  39.0(可用) 自由轴[]  
   egodex_auto/pour/37                                pos  41.0(mixed) rot  25.5(弃用) 自由轴[1]  
   egodex_auto/pour/52                                pos  40.0(mixed) rot  18.5(弃用) 自由轴[1]  
   arctic15/s04/scissors_grab_01                      pos  39.0(poor ) rot  34.0(可用) 自由轴[]  
   arctic15/s07/scissors_grab_01                      pos  39.0(poor ) rot  34.0(可用) 自由轴[]  
   egodex_auto/pour/1                                 pos  38.0(poor ) rot  10.0(弃用) 自由轴[1]  
   egodex_auto/screw_unscrew_bottle_cap/21            pos  37.0(poor ) rot  15.0(弃用) 自由轴[1]  
   egodex_auto/pour/19                                pos  35.0(poor ) rot  21.0(弃用) 自由轴[]  
   egodex_auto/pour/32                                pos  35.0(poor ) rot   0.0(弃用) 自由轴[1]  
   egodex_auto/sweep_dustpan/1                        pos  35.0(poor ) rot  35.0(可用) 自由轴[]  
   quest3/bottle_v2_win14_44                          pos  35.0(poor ) rot   0.0(弃用) 自由轴[1]  
   egodex_auto/pour/7                                 pos  34.0(poor ) rot  26.0(弃用) 自由轴[1]  
   egodex_auto/pour/33                                pos  33.0(poor ) rot  25.0(弃用) 自由轴[1]  
   egodex_auto/insert_remove_usb/0                    pos  31.5(poor ) rot  31.5(可用) 自由轴[]  
   egodex_auto/screw_unscrew_bottle_cap/8             pos  29.0(poor ) rot  13.0(弃用) 自由轴[1]  
   egodex_auto/pour/30                                pos  27.0(poor ) rot  17.5(弃用) 自由轴[1]  
   egodex_auto/pour/36                                pos  27.0(poor ) rot  19.5(弃用) 自由轴[1]  
   egodex_auto/pour/47                                pos  24.0(poor ) rot  11.0(弃用) 自由轴[1]  
   egodex_auto/pour/10                                pos  23.0(poor ) rot  19.0(弃用) 自由轴[1]  
   egodex_auto/pour/41                                pos  23.0(poor ) rot  13.0(弃用) 自由轴[1]  
   egodex_auto/pour/44                                pos  23.0(poor ) rot  17.0(弃用) 自由轴[1]  
   egodex_auto/pour/48                                pos  22.0(poor ) rot   9.0(弃用) 自由轴[1]  
   egodex_auto/pour/15                                pos  21.0(poor ) rot  10.0(弃用) 自由轴[]  
   egodex_auto/pour/29                                pos  21.0(poor ) rot  17.0(弃用) 自由轴[]  
   egodex_auto/pour/34                                pos  21.0(poor ) rot  11.0(弃用) 自由轴[]  
   egodex_auto/pour/21                                pos  19.0(poor ) rot  12.0(弃用) 自由轴[1]  
   egodex_auto/pour/29                                pos  19.0(poor ) rot   4.0(弃用) 自由轴[1]  
   egodex_auto/pour/52                                pos  18.0(poor ) rot  10.5(弃用) 自由轴[]  
   egodex_auto/sweep_dustpan/3                        pos   1.0(poor ) rot   0.0(弃用) 自由轴[]  
 ↑ egodex/test/pour/11                                pos  87.0(good ) rot  46.0(弃用) 自由轴[1]  旧输出根, 已被同名 take 取代: /home/yanghong/Reconstruct_and_Retarget/Output/ReconstructOutput/egodex_auto/pour/11
 ↑ egodex_part4/screw_unscrew_bottle_cap/17           pos  87.0(good ) rot  69.0(弃用) 自由轴[2]  旧输出根, 已被同名 take 取代: /home/yanghong/Reconstruct_and_Retarget/Output/ReconstructOutput/egodex_auto/screw_unscrew_bottle_cap/17
 ↑ egodex_part4/screw_unscrew_bottle_cap/8            pos  86.0(good ) rot  58.5(弃用) 自由轴[2]  旧输出根, 已被同名 take 取代: /home/yanghong/Reconstruct_and_Retarget/Output/ReconstructOutput/egodex_auto/screw_unscrew_bottle_cap/8
 ↑ arctic/s05/laptop_grab_01                          pos  84.0(good ) rot  77.0(弃用) 自由轴[]  旧输出根, 已被同名 take 取代: /home/yanghong/Reconstruct_and_Retarget/Output/ReconstructOutput/arctic15/s05/laptop_grab_01
 ↑ arctic/s07/ketchup_grab_01                         pos  83.0(good ) rot  48.0(弃用) 自由轴[]  旧输出根, 已被同名 take 取代: /home/yanghong/Reconstruct_and_Retarget/Output/ReconstructOutput/arctic15/s07/ketchup_grab_01
 ✗ egodex_auto/screw_unscrew_bottle_cap/10            pos  82.5(good ) rot  44.0(弃用) 自由轴[]  空透明物体 (FP 系统性失灵, 存量; v2:装深色液体的透明容器不过滤)
 ✗ egodex_auto/screw_unscrew_bottle_cap/11            pos  80.5(good ) rot  19.5(弃用) 自由轴[1]  空透明物体 (FP 系统性失灵, 存量; v2:装深色液体的透明容器不过滤)
 ↑ egodex_part4/screw_unscrew_bottle_cap/17           pos  79.0(good ) rot  37.0(弃用) 自由轴[]  旧输出根, 已被同名 take 取代: /home/yanghong/Reconstruct_and_Retarget/Output/ReconstructOutput/egodex_auto/screw_unscrew_bottle_cap/17
 ↑ egodex/test/pour/17                                pos  71.0(good ) rot   2.0(弃用) 自由轴[]  旧输出根, 已被同名 take 取代: /home/yanghong/Reconstruct_and_Retarget/Output/ReconstructOutput/egodex_auto/pour/17
 ✗ egodex_auto/screw_unscrew_bottle_cap/16            pos  71.0(good ) rot  46.0(弃用) 自由轴[]  空透明物体 (FP 系统性失灵, 存量; v2:装深色液体的透明容器不过滤)
 ✗ egodex_auto/pour/4                                 pos  69.0(mixed) rot  69.0(弃用) 自由轴[1]  空透明物体 (FP 系统性失灵, 存量; v2:装深色液体的透明容器不过滤)
 ↑ egodex_part4/screw_unscrew_bottle_cap/8            pos  66.0(mixed) rot  35.0(弃用) 自由轴[]  旧输出根, 已被同名 take 取代: /home/yanghong/Reconstruct_and_Retarget/Output/ReconstructOutput/egodex_auto/screw_unscrew_bottle_cap/8
 ✗ egodex_auto/pour/22                                pos  60.0(mixed) rot  60.0(弃用) 自由轴[1]  空透明物体 (FP 系统性失灵, 存量; v2:装深色液体的透明容器不过滤)
 ↑ egodex/screw_unscrew_bottle_cap/4                  pos  56.5(mixed) rot  52.5(弃用) 自由轴[1]  旧输出根, 已被同名 take 取代: /home/yanghong/Reconstruct_and_Retarget/Output/ReconstructOutput/egodex_auto/screw_unscrew_bottle_cap/4
 ✗ egodex_auto/pour/18                                pos  55.0(mixed) rot  50.0(弃用) 自由轴[1]  空透明物体 (FP 系统性失灵, 存量; v2:装深色液体的透明容器不过滤)
 ↑ egodex/test/pour/11                                pos  50.0(mixed) rot   7.0(弃用) 自由轴[1]  旧输出根, 已被同名 take 取代: /home/yanghong/Reconstruct_and_Retarget/Output/ReconstructOutput/egodex_auto/pour/11
 ✗ egodex_auto/screw_unscrew_bottle_cap/22            pos  27.0(poor ) rot  14.0(弃用) 自由轴[1]  空透明物体 (FP 系统性失灵, 存量; v2:装深色液体的透明容器不过滤)
 ✗ egodex_auto/screw_unscrew_bottle_cap/3             pos  25.5(poor ) rot  14.0(弃用) 自由轴[1]  空透明物体 (FP 系统性失灵, 存量; v2:装深色液体的透明容器不过滤)
 ✗ egodex_auto/screw_unscrew_bottle_cap/14            pos  20.5(poor ) rot  10.0(弃用) 自由轴[1]  空透明物体 (FP 系统性失灵, 存量; v2:装深色液体的透明容器不过滤)
 ✗ egodex_auto/pour/26                                pos  18.0(poor ) rot   0.0(弃用) 自由轴[1]  空透明物体 (FP 系统性失灵, 存量; v2:装深色液体的透明容器不过滤)
[manifest] 写入 /home/yanghong/Reconstruct_and_Retarget/Data/VideoPrior/poseqa/TAKE_MANIFEST.json
[confidence] object_valid_measured: [57, 73] 可信帧 (ovm_v1_20260826)
[confidence] poseqa 快照 -> take: 6 文件 + 2 条审计记录
[confidence] conf_viz: /home/yanghong/miniconda3/envs/hawor/bin/python /home/yanghong/Reconstruct_and_Retarget/confidence/conf_viz.py --audit /home/yanghong/Reconstruct_and_Retarget/Data/VideoPrior/poseqa/pose_audit.json --out /home/yanghong/Reconstruct_and_Retarget/Data/VideoPrior/poseqa/confviz --ct-dir /home/yanghong/Reconstruct_and_Retarget/Data/VideoPrior/poseqa/cc --take egodex_part4/screw_unscrew_bottle_cap/36
  X egodex_part4/screw_unscrew_bottle_cap/36 (object_0,object_1) -> video not found
[confidence] ✓ screw_unscrew_bottle_cap__36: active pos 68.0 rot 53.0 旋转可用 | hands L/R pos 99.0/100.0
