[INFO][AppLauncher]: Using device: cuda:0
[INFO][AppLauncher]: Loading experience file: /home/yanghong/miniconda3/envs/isaac/lib/python3.11/site-packages/isaaclab/apps/isaaclab.python.headless.kit
Loading user config located at: '/home/yanghong/miniconda3/envs/isaac/lib/python3.11/site-packages/isaacsim/kit/data/Kit/Isaac-Sim/5.1/user.config.json'
[Info] [carb] Logging to file: /home/yanghong/miniconda3/envs/isaac/lib/python3.11/site-packages/isaacsim/kit/logs/Kit/Isaac-Sim/5.1/kit_20260803_201925.log
2026-08-04T03:19:25Z [115ms] [Warning] [omni.usd_config.extension] Enable omni.materialx.libs extension to use MaterialX
2026-08-04T03:19:26Z [476ms] [Warning] [omni.platforminfo.plugin] failed to open the default display.  Can't verify X Server version.
2026-08-04T03:19:26Z [616ms] [Warning] [carb] Acquiring non optional plugin interface which is not listed as dependency: [omni::physx::IPhysxBenchmarks v1.0] (plugin: <default plugin>), by client: omni.physics.physx.plugin. Add it to CARB_PLUGIN_IMPL_DEPS() macro of a client.
2026-08-04T03:19:26Z [626ms] [Warning] [omni.isaac.dynamic_control] omni.isaac.dynamic_control is deprecated as of Isaac Sim 4.5. No action is needed from end-users.
2026-08-04T03:19:30Z [4,438ms] [Warning] [carb.cudainterop.plugin] CUDA_VISIBLE_DEVICES environment variable is set.
2026-08-04T03:19:30Z [4,438ms] [Warning] [carb.cudainterop.plugin] Note CUDA device enumeration and Omniverse device enumeration are different.
2026-08-04T03:19:30Z [4,438ms] [Warning] [carb.cudainterop.plugin] Setting CUDA_VISIBLE_DEVICES can lead to undesired behavior or crashes.
2026-08-04T03:19:31Z [5,384ms] [Warning] [gpu.foundation.plugin] Skipping NVIDIA GPU due CUDA being in bad state: NVIDIA RTX A6000
2026-08-04T03:19:31Z [5,384ms] [Warning] [gpu.foundation.plugin] Please restart your system if CUDA is known to work in your system.
2026-08-04T03:19:31Z [5,385ms] [Warning] [gpu.foundation.plugin] Skipping NVIDIA GPU due CUDA being in bad state: NVIDIA RTX A6000
2026-08-04T03:19:31Z [5,385ms] [Warning] [gpu.foundation.plugin] Please restart your system if CUDA is known to work in your system.
2026-08-04T03:19:31Z [5,386ms] [Warning] [gpu.foundation.plugin] Skipping NVIDIA GPU due CUDA being in bad state: NVIDIA RTX A6000
2026-08-04T03:19:31Z [5,386ms] [Warning] [gpu.foundation.plugin] Please restart your system if CUDA is known to work in your system.
2026-08-04T03:19:31Z [5,387ms] [Warning] [gpu.foundation.plugin] Skipping NVIDIA GPU due CUDA being in bad state: NVIDIA RTX A6000
2026-08-04T03:19:31Z [5,387ms] [Warning] [gpu.foundation.plugin] Please restart your system if CUDA is known to work in your system.
2026-08-04T03:19:31Z [5,388ms] [Warning] [gpu.foundation.plugin] Skipping NVIDIA GPU due CUDA being in bad state: NVIDIA RTX A6000
2026-08-04T03:19:31Z [5,389ms] [Warning] [gpu.foundation.plugin] Please restart your system if CUDA is known to work in your system.
2026-08-04T03:19:31Z [5,390ms] [Warning] [gpu.foundation.plugin] Skipping NVIDIA GPU due CUDA being in bad state: NVIDIA RTX A6000
2026-08-04T03:19:31Z [5,390ms] [Warning] [gpu.foundation.plugin] Please restart your system if CUDA is known to work in your system.
2026-08-04T03:19:31Z [5,391ms] [Warning] [gpu.foundation.plugin] Skipping NVIDIA GPU due CUDA being in bad state: NVIDIA RTX A6000
2026-08-04T03:19:31Z [5,391ms] [Warning] [gpu.foundation.plugin] Please restart your system if CUDA is known to work in your system.
2026-08-04T03:19:31Z [5,392ms] [Warning] [gpu.foundation.plugin] Skipping NVIDIA GPU due CUDA being in bad state: NVIDIA RTX A6000
2026-08-04T03:19:31Z [5,392ms] [Warning] [gpu.foundation.plugin] Please restart your system if CUDA is known to work in your system.
2026-08-04T03:19:31Z [5,392ms] [Warning] [gpu.foundation.plugin] Skipping NVIDIA GPU due CUDA being in bad state: NVIDIA RTX A6000
2026-08-04T03:19:31Z [5,392ms] [Warning] [gpu.foundation.plugin] Please restart your system if CUDA is known to work in your system.
2026-08-04T03:19:31Z [5,392ms] [Warning] [gpu.foundation.plugin] Skipping NVIDIA GPU due CUDA being in bad state: NVIDIA RTX A6000
2026-08-04T03:19:31Z [5,392ms] [Warning] [gpu.foundation.plugin] Please restart your system if CUDA is known to work in your system.
2026-08-04T03:19:31Z [5,392ms] [Warning] [gpu.foundation.plugin] Skipping NVIDIA GPU due CUDA being in bad state: NVIDIA RTX A6000
2026-08-04T03:19:31Z [5,392ms] [Warning] [gpu.foundation.plugin] Please restart your system if CUDA is known to work in your system.
2026-08-04T03:19:31Z [5,392ms] [Warning] [gpu.foundation.plugin] Skipping NVIDIA GPU due CUDA being in bad state: NVIDIA RTX A6000
2026-08-04T03:19:31Z [5,392ms] [Warning] [gpu.foundation.plugin] Please restart your system if CUDA is known to work in your system.
2026-08-04T03:19:31Z [5,392ms] [Warning] [gpu.foundation.plugin] Skipping NVIDIA GPU due CUDA being in bad state: NVIDIA RTX A6000
2026-08-04T03:19:31Z [5,392ms] [Warning] [gpu.foundation.plugin] Please restart your system if CUDA is known to work in your system.
2026-08-04T03:19:31Z [5,392ms] [Warning] [gpu.foundation.plugin] Skipping NVIDIA GPU due CUDA being in bad state: NVIDIA RTX A6000
2026-08-04T03:19:31Z [5,392ms] [Warning] [gpu.foundation.plugin] Please restart your system if CUDA is known to work in your system.

|---------------------------------------------------------------------------------------------|
| Driver Version: 580.173.02    | Graphics API: Vulkan
|=============================================================================================|
| GPU | Name                             | Active | LDA | GPU Memory | Vendor-ID | LUID       |
|     |                                  |        |     |            | Device-ID | UUID       |
|     |                                  |        |     |            | Bus-ID    |            |
|---------------------------------------------------------------------------------------------|
| 0   | NVIDIA RTX A6000                 |        |     | 49386   MB | 10de      | 0          |
|     |                                  |        |     |            | 2230      | 0d3ee663.. |
|     |                                  |        |     |            | 1         |            |
|---------------------------------------------------------------------------------------------|
| 1   | NVIDIA RTX A6000                 |        |     | 49386   MB | 10de      | 0          |
|     |                                  |        |     |            | 2230      | 4967f214.. |
|     |                                  |        |     |            | 24        |            |
|---------------------------------------------------------------------------------------------|
| 2   | NVIDIA RTX A6000                 |        |     | 49386   MB | 10de      | 0          |
|     |                                  |        |     |            | 2230      | 2f400868.. |
|     |                                  |        |     |            | 41        |            |
|---------------------------------------------------------------------------------------------|
| 3   | NVIDIA RTX A6000                 |        |     | 49386   MB | 10de      | 0          |
|     |                                  |        |     |            | 2230      | e5c3fc4f.. |
|     |                                  |        |     |            | 61        |            |
|---------------------------------------------------------------------------------------------|
| 4   | NVIDIA RTX A6000                 |        |     | 49386   MB | 10de      | 0          |
|     |                                  |        |     |            | 2230      | 8027f48d.. |
|     |                                  |        |     |            | 81        |            |
|---------------------------------------------------------------------------------------------|
| 5   | NVIDIA RTX A6000                 |        |     | 49386   MB | 10de      | 0          |
|     |                                  |        |     |            | 2230      | c5bdf925.. |
|     |                                  |        |     |            | a1        |            |
|---------------------------------------------------------------------------------------------|
| 6   | NVIDIA RTX A6000                 |        |     | 49386   MB | 10de      | 0          |
|     |                                  |        |     |            | 2230      | fe7dd5e4.. |
|     |                                  |        |     |            | c1        |            |
|---------------------------------------------------------------------------------------------|
| 7   | NVIDIA RTX A6000                 | Yes: 0 |     | 49386   MB | 10de      | 0          |
|     |                                  |        |     |            | 2230      | 02f04da2.. |
|     |                                  |        |     |            | e1        |            |
|=============================================================================================|
| OS: 24.04.4 LTS (Noble Numbat) ubuntu, Version: 24.04.4, Kernel: 6.17.0-14-generic
| Processor: AMD EPYC 7513 32-Core Processor
| Cores: 64 | Logical Cores: 128
|---------------------------------------------------------------------------------------------|
| Total Memory (MB): 1031890 | Free Memory: 950951
| Total Page/Swap (MB): 8191 | Free Page/Swap: 8191
|---------------------------------------------------------------------------------------------|
2026-08-04T03:19:31Z [5,825ms] [Warning] [gpu.foundation.plugin] IOMMU is enabled.
2026-08-04T03:19:31Z [5,825ms] [Warning] [gpu.foundation.plugin] Detected IOMMU is enabled. Running CUDA peer-to-peer bandwidth and latency validation.
Unidirectional P2P=Enabled Bandwidth (P2P Writes) Matrix (GB/s)
   D\D     0 
     0 674.36 
P2P=Enabled Latency (P2P Writes) Matrix (us)
   GPU     0 
     0   1.73 

   CPU     0 
     0   3.10 
2026-08-04T03:19:31Z [5,872ms] [Warning] [omni.kvdb.plugin] Disabling key-value database because another kit process is locking it
Gym has been unmaintained since 2022 and does not support NumPy 2.0 amongst other critical functionality.
Please upgrade to Gymnasium, the maintained drop-in replacement of Gym, or contact the authors of your software and request that they upgrade.
Users of this version of Gym should be able to simply replace 'import gym' with 'import gymnasium as gym' in the vast majority of cases.
See the migration guide at https://gymnasium.farama.org/introduction/migration_guide/ for additional information.
[train] log_dir=logs/先抓后飞_无混合/2026-08-03_20-19-32  clip=Grasp3  envs=1024  obj_jitter=3mm  minibatch=8192

[36m======================================================================================[0m
[36m[1m[INFO][IsaacLab]: Logging to file: /tmp/isaaclab/logs/isaaclab_2026-08-03_20-19-32.log[0m
[36m======================================================================================[0m

[33m20:19:32 [simulation_context.py] WARNING: The `enable_external_forces_every_iteration` parameter in the PhysxCfg is set to False. If you are experiencing noisy velocities, consider enabling this flag. You may need to slightly increase the number of velocity iterations (setting it to 1 or 2 rather than 0), together with this flag, to improve the accuracy of velocity updates.[0m
[INFO]: Base environment:
	Environment device    : cuda:0
	Environment seed      : 42
	Physics step-size     : 0.004166666666666667
	Rendering step-size   : 0.008333333333333333
	Environment step-size : 0.05
[33m20:19:32 [direct_rl_env.py] WARNING: The render interval (2) is smaller than the decimation (12). Multiple render calls will happen for each environment step.If this is not intended, set the render interval to be equal to the decimation.[0m
[33m20:19:39 [prims.py] WARNING: Could not perform 'modify_rigid_body_properties' on any prims under: '/World/envs/env_0/Object'. This might be because of the following reasons:
	(1) The desired attribute does not exist on any of the prims.
	(2) The desired attribute exists on an instanced prim.
		Discovered list of instanced prim paths: [][0m
[33m20:19:39 [prims.py] WARNING: Could not perform 'modify_collision_properties' on any prims under: '/World/envs/env_0/Object'. This might be because of the following reasons:
	(1) The desired attribute does not exist on any of the prims.
	(2) The desired attribute exists on an instanced prim.
		Discovered list of instanced prim paths: [][0m
[33m20:19:39 [prims.py] WARNING: Could not perform 'modify_mass_properties' on any prims under: '/World/envs/env_0/Object'. This might be because of the following reasons:
	(1) The desired attribute does not exist on any of the prims.
	(2) The desired attribute exists on an instanced prim.
		Discovered list of instanced prim paths: [][0m
[setup] object 刚体化: 1 mesh, mass=0.1kg
[33m20:19:56 [interactive_scene.py] WARNING: Collision filtering can only be automatically enabled when replicate_physics=True and using GPU simulation. Please call scene.filter_collisions(global_prim_paths) to filter collisions across environments.[0m
[setup] 指尖SuperGrip×6144 手身LowGrip×1024 (指尖↔物=9.0, 掌↔物=0.6)
[INFO]: Time taken for scene creation : 142.302607 seconds
[INFO]: Scene manager:  <class InteractiveScene>
	Number of environments: 1024
	Environment spacing   : 2.0
	Source prim name      : /World/envs/env_0
	Global prim paths     : []
	Replicate physics     : False
[INFO]: Starting the simulation. This may take a few seconds. Please wait...
[INFO]: Time taken for simulation start : 141.843697 seconds
[INFO]: Completed setting up the environment...
[dexmate] 交互侧=right | 臂 ['R_arm_j1', 'R_arm_j2', 'R_arm_j3', 'R_arm_j4', 'R_arm_j5', 'R_arm_j6', 'R_arm_j7'] | 手 22 关节 | 末端 body=right_hand_C_MC
[smooth] 剔除漂移帧 []   物体位置最大修正 2.00 cm
[init] stable-pose 投影: 修正倾斜 0.0 deg (t_init=0)
[replay_grasp] L=73 PreGrasp帧 gs=32(src 24) 合拢至 ge=62 | 相机锚定 (手物相对关系保留重建原样) 物体原点 xy=(0.061,-0.287) z=0.865 | 腕 path 平移 xy=29.3cm z=+0.00cm
[debug] hand bodies: [('vega_1p_mobile', 1.0), ('dummy_base_x', 9.999999747378752e-05), ('dummy_base_y', 9.999999747378752e-05), ('vega_1p_base', 88.43486785888672), ('B_base_cam', 0.0030900000128895044), ('F_base_cam', 0.0030900000128895044), ('L_base_cam', 0.0030900000128895044), ('R_base_cam', 0.0030900000128895044), ('vega_1p_back_lidar', 0.004230000078678131), ('vega_1p_front_lidar', 0.1509999930858612), ('vega_1p_torso_l1', 8.832340240478516), ('vega_1p_torso_l2', 14.589259147644043), ('vega_1p_torso_l3', 5.328859806060791), ('arm_center', 1.0), ('vega_1p_L_arm_l1', 1.4135099649429321), ('vega_1p_R_arm_l1', 1.4240100383758545), ('vega_1p_head_l1', 0.43780001997947693), ('L_arm_l2', 1.405940055847168), ('R_arm_l2', 1.4059499502182007), ('vega_1p_head_l2', 0.6077200174331665), ('L_arm_l3', 1.1609400510787964), ('R_arm_l3', 1.1607999801635742), ('vega_1p_head_l3', 0.6327800154685974), ('L_arm_l4', 0.9320400357246399), ('R_arm_l4', 0.9320400357246399), ('zed_left_camera', 1.0), ('zed_depth_frame', 1.0), ('zed_right_camera', 1.0), ('L_arm_l5', 0.6458200216293335), ('R_arm_l5', 0.6458200216293335), ('vega_1p_L_arm_l6', 0.5541999936103821), ('vega_1p_R_arm_l6', 0.5537199974060059), ('L_arm_l7', 0.35802000761032104), ('R_arm_l7', 0.35802000761032104), ('L_arm_l8', 0.2006399929523468), ('R_arm_l8', 0.2006399929523468), ('L_ee', 1.0), ('left_hand_C_MC', 0.650600016117096), ('R_ee', 1.0), ('right_hand_C_MC', 0.650600016117096), ('left_index_MCP_VL', 0.0022100000642240047), ('left_middle_MCP_VL', 0.0022100000642240047), ('left_pinky_MC', 0.12541000545024872), ('left_ring_MCP_VL', 0.0022100000642240047), ('left_thumb_CMC_VL', 0.0024999999441206455), ('right_index_MCP_VL', 0.0022100000642240047), ('right_middle_MCP_VL', 0.0022100000642240047), ('right_pinky_MC', 0.12541000545024872), ('right_ring_MCP_VL', 0.0022100000642240047), ('right_thumb_CMC_VL', 0.0024999999441206455), ('left_index_PP', 0.04741000011563301), ('left_middle_PP', 0.04741000011563301), ('left_pinky_MCP_VL', 0.0022100000642240047), ('left_ring_PP', 0.04741000011563301), ('left_thumb_MC', 0.13586999475955963), ('right_index_PP', 0.04741000011563301), ('right_middle_PP', 0.04741000011563301), ('right_pinky_MCP_VL', 0.0022100000642240047), ('right_ring_PP', 0.04741000011563301), ('right_thumb_MC', 0.13586999475955963), ('left_index_MP', 0.018239999189972878), ('left_middle_MP', 0.018239999189972878), ('left_pinky_PP', 0.04741000011563301), ('left_ring_MP', 0.018239999189972878), ('left_thumb_MCP_VL', 7.999999797903001e-05), ('right_index_MP', 0.018239999189972878), ('right_middle_MP', 0.018239999189972878), ('right_pinky_PP', 0.04741000011563301), ('right_ring_MP', 0.018239999189972878), ('right_thumb_MCP_VL', 7.999999797903001e-05), ('left_index_DP', 0.004550000187009573), ('left_middle_DP', 0.004550000187009573), ('left_pinky_MP', 0.018239999189972878), ('left_ring_DP', 0.004550000187009573), ('left_thumb_PP', 0.030780000612139702), ('right_index_DP', 0.004550000187009573), ('right_middle_DP', 0.004550000187009573), ('right_pinky_MP', 0.018239999189972878), ('right_ring_DP', 0.004550000187009573), ('right_thumb_PP', 0.030780000612139702), ('left_index_elastomer', 9.999999747378752e-05), ('left_middle_elastomer', 9.999999747378752e-05), ('left_pinky_DP', 0.004550000187009573), ('left_ring_elastomer', 9.999999747378752e-05), ('left_thumb_DP', 0.009879999794065952), ('right_index_elastomer', 9.999999747378752e-05), ('right_middle_elastomer', 9.999999747378752e-05), ('right_pinky_DP', 0.004550000187009573), ('right_ring_elastomer', 9.999999747378752e-05), ('right_thumb_DP', 0.00788000039756298), ('left_index_fingertip', 9.999999974752427e-07), ('left_middle_fingertip', 9.999999974752427e-07), ('left_pinky_elastomer', 9.999999747378752e-05), ('left_ring_fingertip', 9.999999974752427e-07), ('left_thumb_elastomer', 9.999999747378752e-05), ('right_index_fingertip', 9.999999974752427e-07), ('right_middle_fingertip', 9.999999974752427e-07), ('right_pinky_elastomer', 9.999999747378752e-05), ('right_ring_fingertip', 9.999999974752427e-07), ('right_thumb_elastomer', 9.999999747378752e-05), ('left_pinky_fingertip', 9.999999974752427e-07), ('left_thumb_fingertip', 9.999999974752427e-07), ('right_pinky_fingertip', 9.999999974752427e-07), ('right_thumb_fingertip', 9.999999974752427e-07)]
[debug] hand 总质量 141.872 kg
[reward] 手指模仿通道已关 (无 GraspPose, 参考手指不可信); 抓法由 contact/afford/lift 三项决定
[affordance] 2048 点 heatmap∈[0.00,0.72] | lam_afford=0.4 loose_grip=0.05
[finger] 累积残差: rate ±5.7°/步 | total ±68.8° | decay 1.0
[dexmate] 躯干已在 USD 里锁死 (fixed joint), 无沉降过程
[dexmate] 相机锚定: 实测 ZED xy=[-0.40790000557899475, 0.0] 与标称一致 (差 0.4mm), 无需修正
[ref质量] 可达帧位置误差: 中位 0.04cm 95分位 0.18cm 最大 0.45cm
[dexmate] 抬升轨迹: 20 级 x 5cm, 末端实际升 4.7cm
[dexmate] place_mode=ref_builder (保留 ref builder 摆放, 平移 [0.0, 0.0, 0.0]) | IK 全程可达 100.0% | 抓取窗[32,62] 100.0% | 位置误差中位 0.04cm | 顶替 0 帧
[stance_prefix] K=60 帧 | 站姿->轨迹起点 腕直线 23.6cm (峰值 ≈5.9mm/帧, 上限 15) | gs 32 -> 92
[pregrasp] 表面法向已采样 (512, 3) (cent 用局部法向, 形状无关)
[collide] 臂连杆 9 个 (['vega_1p_R_arm_l1', 'R_arm_l2', 'R_arm_l3', 'R_arm_l4', 'R_arm_l5', 'vega_1p_R_arm_l6', 'R_arm_l7', 'R_arm_l8', 'R_ee']) | 需避让 16 个 (躯干/头/另一臂)
[prior] 物体按 Dexonomy 规范姿态摆放 (原点 z=0.8649, 高度 2.56cm)
[prior] 物体 yaw **钉死** 215° (来自 Gate 1 的 best_yaw, 与视频一致) | 该角 IK err 0.30cm
[prior] 物体 yaw 旋转 215° 使抓姿朝向机械臂 (绕竖轴旋转, 物体仍平放于桌面)
[prior]   抬升斜坡: 第 4 级实际抬 9.81mm (要求 10mm) | IK 直解失败 0/20 级
[prior] GraspPose 已接入: tasks/pregrasp/priors/Grasp3_candidates/8_5.npz
[prior]   IK grasp err 0.30cm | pregrasp err 0.23cm | pre->grasp 最大关节差 0.0°
[approach] 开: 参考 gs=92 (4.6s) | 预算 212 步 | 切换 <3.00cm & <15.0° 保持2步 | 直接抓取起步比例 1.00
[score] 接触分数图已开: 512 个表面点; 只在 verify 斜坡到顶取快照, 按力占比加权
[pregrasp] v2 稳定抓握+微抬升验证: 起点=PreGrasp(帧92) | 合拢参考 0.025/步 | 候选 ≥4垫 向心≥0.3 保持4步 | 验证升 10mm (4级) | episode ≤ 153 步
[v3net] separate critic ON (priv 32 raw -> critic; actor embeds first 7)
RunningMeanStd:  (151,)
RunningMeanStd:  (1,)
[grasp_first] 起点抖动池 448 位形 (≤3cm/≤15°, 含 64 精确起点; IK 命中 384/634) | 毕业线 0.8
[train] resume from logs/先抓后飞_无混合/2026-08-03_16-10-12/stage1_nn/last.pth
[warmup] critic-only 前 10 epoch (actor 冻结, lr 调度暂停)
[milestone] success_rate_ema >= 1% @ 65536 steps
save current best reward: 43.85
Agent Steps: 0000M | FPS: 2882.3 | Last FPS: 1441.1 | Collect Time: 0.4 min | Train RL Time: 0.0 min | Mean Rewards: 43.85 | Current Best: 43.85
Agent Steps: 0000M | FPS: 2133.7 | Last FPS: 1404.3 | Collect Time: 0.8 min | Train RL Time: 0.0 min | Mean Rewards: 43.14 | Current Best: 43.85
Agent Steps: 0000M | FPS: 1903.0 | Last FPS: 1436.8 | Collect Time: 1.1 min | Train RL Time: 0.0 min | Mean Rewards: 43.20 | Current Best: 43.85
Agent Steps: 0000M | FPS: 1773.5 | Last FPS: 1394.3 | Collect Time: 1.5 min | Train RL Time: 0.0 min | Mean Rewards: 16.52 | Current Best: 43.85
Agent Steps: 0000M | FPS: 1699.5 | Last FPS: 1406.0 | Collect Time: 1.9 min | Train RL Time: 0.0 min | Mean Rewards: 34.09 | Current Best: 43.85
[milestone] success_rate_ema >= 10% @ 229376 steps
Agent Steps: 0000M | FPS: 1648.9 | Last FPS: 1399.0 | Collect Time: 2.3 min | Train RL Time: 0.0 min | Mean Rewards: 36.46 | Current Best: 43.85
Agent Steps: 0000M | FPS: 1610.0 | Last FPS: 1381.7 | Collect Time: 2.7 min | Train RL Time: 0.0 min | Mean Rewards: 36.93 | Current Best: 43.85
Agent Steps: 0000M | FPS: 1583.4 | Last FPS: 1398.5 | Collect Time: 3.1 min | Train RL Time: 0.0 min | Mean Rewards: 37.07 | Current Best: 43.85
Agent Steps: 0000M | FPS: 1559.9 | Last FPS: 1376.6 | Collect Time: 3.5 min | Train RL Time: 0.0 min | Mean Rewards: 36.93 | Current Best: 43.85
Agent Steps: 0000M | FPS: 1543.5 | Last FPS: 1396.0 | Collect Time: 3.9 min | Train RL Time: 0.0 min | Mean Rewards: 32.31 | Current Best: 43.85
[warmup] 结束 @epoch 11, actor 解冻, lr=3.00e-04
Agent Steps: 0000M | FPS: 1528.1 | Last FPS: 1377.7 | Collect Time: 4.3 min | Train RL Time: 0.0 min | Mean Rewards: 35.99 | Current Best: 43.85
Agent Steps: 0000M | FPS: 1514.3 | Last FPS: 1365.8 | Collect Time: 4.7 min | Train RL Time: 0.0 min | Mean Rewards: 37.02 | Current Best: 43.85
Agent Steps: 0000M | FPS: 1504.6 | Last FPS: 1389.0 | Collect Time: 5.1 min | Train RL Time: 0.0 min | Mean Rewards: 35.41 | Current Best: 43.85
Agent Steps: 0000M | FPS: 1496.7 | Last FPS: 1394.2 | Collect Time: 5.4 min | Train RL Time: 0.0 min | Mean Rewards: 38.33 | Current Best: 43.85
Agent Steps: 0000M | FPS: 1492.0 | Last FPS: 1424.3 | Collect Time: 5.8 min | Train RL Time: 0.0 min | Mean Rewards: 35.89 | Current Best: 43.85
[milestone] success_rate_ema >= 25% @ 557056 steps
Agent Steps: 0000M | FPS: 1486.5 | Last FPS: 1403.9 | Collect Time: 6.2 min | Train RL Time: 0.0 min | Mean Rewards: 37.56 | Current Best: 43.85
Agent Steps: 0000M | FPS: 1480.5 | Last FPS: 1385.5 | Collect Time: 6.6 min | Train RL Time: 0.0 min | Mean Rewards: 37.60 | Current Best: 43.85
Agent Steps: 0000M | FPS: 1475.9 | Last FPS: 1397.2 | Collect Time: 7.0 min | Train RL Time: 0.0 min | Mean Rewards: 36.82 | Current Best: 43.85
Agent Steps: 0000M | FPS: 1471.4 | Last FPS: 1392.5 | Collect Time: 7.4 min | Train RL Time: 0.0 min | Mean Rewards: 35.62 | Current Best: 43.85
Agent Steps: 0000M | FPS: 1465.9 | Last FPS: 1362.9 | Collect Time: 7.8 min | Train RL Time: 0.0 min | Mean Rewards: 34.15 | Current Best: 43.85
Agent Steps: 0000M | FPS: 1462.1 | Last FPS: 1386.9 | Collect Time: 8.2 min | Train RL Time: 0.1 min | Mean Rewards: 36.79 | Current Best: 43.85
Agent Steps: 0000M | FPS: 1456.5 | Last FPS: 1343.8 | Collect Time: 8.6 min | Train RL Time: 0.1 min | Mean Rewards: 33.10 | Current Best: 43.85
Agent Steps: 0000M | FPS: 1454.4 | Last FPS: 1406.9 | Collect Time: 8.9 min | Train RL Time: 0.1 min | Mean Rewards: 34.75 | Current Best: 43.85
Agent Steps: 0000M | FPS: 1451.7 | Last FPS: 1391.1 | Collect Time: 9.3 min | Train RL Time: 0.1 min | Mean Rewards: 35.71 | Current Best: 43.85
Agent Steps: 0000M | FPS: 1448.0 | Last FPS: 1360.2 | Collect Time: 9.7 min | Train RL Time: 0.1 min | Mean Rewards: 35.72 | Current Best: 43.85
Agent Steps: 0000M | FPS: 1438.1 | Last FPS: 1221.2 | Collect Time: 10.2 min | Train RL Time: 0.1 min | Mean Rewards: 37.05 | Current Best: 43.85
Agent Steps: 0000M | FPS: 1434.6 | Last FPS: 1346.7 | Collect Time: 10.6 min | Train RL Time: 0.1 min | Mean Rewards: 33.57 | Current Best: 43.85
Agent Steps: 0000M | FPS: 1432.8 | Last FPS: 1384.1 | Collect Time: 11.0 min | Train RL Time: 0.1 min | Mean Rewards: 37.93 | Current Best: 43.85
Agent Steps: 0000M | FPS: 1431.1 | Last FPS: 1381.7 | Collect Time: 11.4 min | Train RL Time: 0.1 min | Mean Rewards: 38.10 | Current Best: 43.85
Agent Steps: 0001M | FPS: 1429.6 | Last FPS: 1387.4 | Collect Time: 11.8 min | Train RL Time: 0.1 min | Mean Rewards: 34.98 | Current Best: 43.85
Agent Steps: 0001M | FPS: 1427.4 | Last FPS: 1363.3 | Collect Time: 12.2 min | Train RL Time: 0.1 min | Mean Rewards: 36.62 | Current Best: 43.85
Agent Steps: 0001M | FPS: 1425.4 | Last FPS: 1364.5 | Collect Time: 12.6 min | Train RL Time: 0.1 min | Mean Rewards: 37.13 | Current Best: 43.85
Agent Steps: 0001M | FPS: 1424.6 | Last FPS: 1397.9 | Collect Time: 12.9 min | Train RL Time: 0.1 min | Mean Rewards: 37.64 | Current Best: 43.85
Agent Steps: 0001M | FPS: 1422.3 | Last FPS: 1348.8 | Collect Time: 13.3 min | Train RL Time: 0.1 min | Mean Rewards: 34.51 | Current Best: 43.85
Agent Steps: 0001M | FPS: 1421.6 | Last FPS: 1395.7 | Collect Time: 13.7 min | Train RL Time: 0.1 min | Mean Rewards: 33.95 | Current Best: 43.85
Agent Steps: 0001M | FPS: 1421.0 | Last FPS: 1400.7 | Collect Time: 14.1 min | Train RL Time: 0.1 min | Mean Rewards: 36.39 | Current Best: 43.85
Agent Steps: 0001M | FPS: 1420.4 | Last FPS: 1396.6 | Collect Time: 14.5 min | Train RL Time: 0.1 min | Mean Rewards: 33.38 | Current Best: 43.85
Agent Steps: 0001M | FPS: 1419.9 | Last FPS: 1401.6 | Collect Time: 14.9 min | Train RL Time: 0.1 min | Mean Rewards: 36.60 | Current Best: 43.85
Agent Steps: 0001M | FPS: 1419.1 | Last FPS: 1391.0 | Collect Time: 15.3 min | Train RL Time: 0.1 min | Mean Rewards: 36.92 | Current Best: 43.85
[milestone] success_rate_ema >= 50% @ 1343488 steps
Agent Steps: 0001M | FPS: 1418.1 | Last FPS: 1379.7 | Collect Time: 15.7 min | Train RL Time: 0.1 min | Mean Rewards: 38.52 | Current Best: 43.85
Agent Steps: 0001M | FPS: 1417.0 | Last FPS: 1373.1 | Collect Time: 16.1 min | Train RL Time: 0.1 min | Mean Rewards: 34.88 | Current Best: 43.85
Agent Steps: 0001M | FPS: 1416.1 | Last FPS: 1376.4 | Collect Time: 16.5 min | Train RL Time: 0.1 min | Mean Rewards: 33.94 | Current Best: 43.85
[grasp_first] 毕业 @ 1.44M 步 (抖动起点分布上的抓取慢EMA≥0.8), 接近分支已放行
Agent Steps: 0001M | FPS: 1415.7 | Last FPS: 1399.2 | Collect Time: 16.9 min | Train RL Time: 0.1 min | Mean Rewards: 38.85 | Current Best: 43.85
Agent Steps: 0001M | FPS: 1415.3 | Last FPS: 1397.8 | Collect Time: 17.2 min | Train RL Time: 0.1 min | Mean Rewards: 37.88 | Current Best: 43.85
Agent Steps: 0001M | FPS: 1415.4 | Last FPS: 1421.7 | Collect Time: 17.6 min | Train RL Time: 0.1 min | Mean Rewards: 33.00 | Current Best: 43.85
Agent Steps: 0001M | FPS: 1416.1 | Last FPS: 1450.3 | Collect Time: 18.0 min | Train RL Time: 0.1 min | Mean Rewards: 29.51 | Current Best: 43.85
Agent Steps: 0001M | FPS: 1417.7 | Last FPS: 1494.7 | Collect Time: 18.4 min | Train RL Time: 0.1 min | Mean Rewards: 22.69 | Current Best: 43.85
Agent Steps: 0001M | FPS: 1419.4 | Last FPS: 1506.5 | Collect Time: 18.7 min | Train RL Time: 0.1 min | Mean Rewards: 16.17 | Current Best: 43.85
Agent Steps: 0001M | FPS: 1421.5 | Last FPS: 1530.7 | Collect Time: 19.1 min | Train RL Time: 0.1 min | Mean Rewards: 10.45 | Current Best: 43.85
Agent Steps: 0001M | FPS: 1423.0 | Last FPS: 1503.6 | Collect Time: 19.4 min | Train RL Time: 0.1 min | Mean Rewards: 18.63 | Current Best: 43.85
Agent Steps: 0001M | FPS: 1424.4 | Last FPS: 1498.9 | Collect Time: 19.8 min | Train RL Time: 0.1 min | Mean Rewards: 17.71 | Current Best: 43.85
Agent Steps: 0001M | FPS: 1426.6 | Last FPS: 1553.6 | Collect Time: 20.1 min | Train RL Time: 0.1 min | Mean Rewards: 19.63 | Current Best: 43.85
Agent Steps: 0001M | FPS: 1428.3 | Last FPS: 1521.1 | Collect Time: 20.5 min | Train RL Time: 0.1 min | Mean Rewards: 12.21 | Current Best: 43.85
Agent Steps: 0001M | FPS: 1429.5 | Last FPS: 1498.6 | Collect Time: 20.9 min | Train RL Time: 0.1 min | Mean Rewards: 13.91 | Current Best: 43.85
Agent Steps: 0001M | FPS: 1430.4 | Last FPS: 1479.9 | Collect Time: 21.2 min | Train RL Time: 0.2 min | Mean Rewards: 17.38 | Current Best: 43.85
Agent Steps: 0001M | FPS: 1431.4 | Last FPS: 1493.8 | Collect Time: 21.6 min | Train RL Time: 0.2 min | Mean Rewards: 18.02 | Current Best: 43.85
Agent Steps: 0001M | FPS: 1432.8 | Last FPS: 1513.8 | Collect Time: 21.9 min | Train RL Time: 0.2 min | Mean Rewards: 13.73 | Current Best: 43.85
Agent Steps: 0001M | FPS: 1434.3 | Last FPS: 1529.8 | Collect Time: 22.3 min | Train RL Time: 0.2 min | Mean Rewards: 13.14 | Current Best: 43.85
Agent Steps: 0001M | FPS: 1435.5 | Last FPS: 1510.6 | Collect Time: 22.6 min | Train RL Time: 0.2 min | Mean Rewards: 15.20 | Current Best: 43.85
Agent Steps: 0001M | FPS: 1436.2 | Last FPS: 1476.7 | Collect Time: 23.0 min | Train RL Time: 0.2 min | Mean Rewards: 15.69 | Current Best: 43.85
Agent Steps: 0002M | FPS: 1437.3 | Last FPS: 1512.9 | Collect Time: 23.4 min | Train RL Time: 0.2 min | Mean Rewards: 16.44 | Current Best: 43.85
Agent Steps: 0002M | FPS: 1439.1 | Last FPS: 1555.4 | Collect Time: 23.7 min | Train RL Time: 0.2 min | Mean Rewards: 13.38 | Current Best: 43.85
Agent Steps: 0002M | FPS: 1440.3 | Last FPS: 1522.3 | Collect Time: 24.1 min | Train RL Time: 0.2 min | Mean Rewards: 10.89 | Current Best: 43.85
Agent Steps: 0002M | FPS: 1441.0 | Last FPS: 1486.4 | Collect Time: 24.4 min | Train RL Time: 0.2 min | Mean Rewards: 19.05 | Current Best: 43.85
Agent Steps: 0002M | FPS: 1441.6 | Last FPS: 1479.7 | Collect Time: 24.8 min | Train RL Time: 0.2 min | Mean Rewards: 12.53 | Current Best: 43.85
Agent Steps: 0002M | FPS: 1442.4 | Last FPS: 1498.9 | Collect Time: 25.2 min | Train RL Time: 0.2 min | Mean Rewards: 14.96 | Current Best: 43.85
Agent Steps: 0002M | FPS: 1443.2 | Last FPS: 1500.1 | Collect Time: 25.5 min | Train RL Time: 0.2 min | Mean Rewards: 14.71 | Current Best: 43.85
Agent Steps: 0002M | FPS: 1444.5 | Last FPS: 1534.7 | Collect Time: 25.9 min | Train RL Time: 0.2 min | Mean Rewards: 12.25 | Current Best: 43.85
Agent Steps: 0002M | FPS: 1445.4 | Last FPS: 1512.1 | Collect Time: 26.2 min | Train RL Time: 0.2 min | Mean Rewards: 15.85 | Current Best: 43.85
Agent Steps: 0002M | FPS: 1445.7 | Last FPS: 1469.3 | Collect Time: 26.6 min | Train RL Time: 0.2 min | Mean Rewards: 16.38 | Current Best: 43.85
Agent Steps: 0002M | FPS: 1446.1 | Last FPS: 1475.9 | Collect Time: 27.0 min | Train RL Time: 0.2 min | Mean Rewards: 16.68 | Current Best: 43.85
Agent Steps: 0002M | FPS: 1446.7 | Last FPS: 1486.0 | Collect Time: 27.3 min | Train RL Time: 0.2 min | Mean Rewards: 12.68 | Current Best: 43.85
Agent Steps: 0002M | FPS: 1447.3 | Last FPS: 1495.1 | Collect Time: 27.7 min | Train RL Time: 0.2 min | Mean Rewards: 16.78 | Current Best: 43.85
Agent Steps: 0002M | FPS: 1447.7 | Last FPS: 1479.4 | Collect Time: 28.1 min | Train RL Time: 0.2 min | Mean Rewards: 16.89 | Current Best: 43.85
Agent Steps: 0002M | FPS: 1448.2 | Last FPS: 1489.5 | Collect Time: 28.4 min | Train RL Time: 0.2 min | Mean Rewards: 15.68 | Current Best: 43.85
Agent Steps: 0002M | FPS: 1448.4 | Last FPS: 1463.9 | Collect Time: 28.8 min | Train RL Time: 0.2 min | Mean Rewards: 17.07 | Current Best: 43.85
Agent Steps: 0002M | FPS: 1449.2 | Last FPS: 1513.3 | Collect Time: 29.2 min | Train RL Time: 0.2 min | Mean Rewards: 16.90 | Current Best: 43.85
Agent Steps: 0002M | FPS: 1449.6 | Last FPS: 1480.4 | Collect Time: 29.5 min | Train RL Time: 0.2 min | Mean Rewards: 16.01 | Current Best: 43.85
Agent Steps: 0002M | FPS: 1450.1 | Last FPS: 1491.0 | Collect Time: 29.9 min | Train RL Time: 0.2 min | Mean Rewards: 19.99 | Current Best: 43.85
Agent Steps: 0002M | FPS: 1450.5 | Last FPS: 1477.4 | Collect Time: 30.3 min | Train RL Time: 0.2 min | Mean Rewards: 22.05 | Current Best: 43.85
Agent Steps: 0002M | FPS: 1450.5 | Last FPS: 1456.9 | Collect Time: 30.6 min | Train RL Time: 0.2 min | Mean Rewards: 20.54 | Current Best: 43.85
Agent Steps: 0002M | FPS: 1450.7 | Last FPS: 1462.0 | Collect Time: 31.0 min | Train RL Time: 0.2 min | Mean Rewards: 18.34 | Current Best: 43.85
Agent Steps: 0002M | FPS: 1450.9 | Last FPS: 1469.1 | Collect Time: 31.4 min | Train RL Time: 0.2 min | Mean Rewards: 16.02 | Current Best: 43.85
Agent Steps: 0002M | FPS: 1450.8 | Last FPS: 1444.1 | Collect Time: 31.7 min | Train RL Time: 0.2 min | Mean Rewards: 17.74 | Current Best: 43.85
Agent Steps: 0002M | FPS: 1450.9 | Last FPS: 1455.4 | Collect Time: 32.1 min | Train RL Time: 0.2 min | Mean Rewards: 18.98 | Current Best: 43.85
Agent Steps: 0002M | FPS: 1450.8 | Last FPS: 1448.9 | Collect Time: 32.5 min | Train RL Time: 0.2 min | Mean Rewards: 15.62 | Current Best: 43.85
Agent Steps: 0002M | FPS: 1451.0 | Last FPS: 1466.4 | Collect Time: 32.9 min | Train RL Time: 0.3 min | Mean Rewards: 19.34 | Current Best: 43.85
Agent Steps: 0002M | FPS: 1450.9 | Last FPS: 1444.4 | Collect Time: 33.2 min | Train RL Time: 0.3 min | Mean Rewards: 23.26 | Current Best: 43.85
Agent Steps: 0002M | FPS: 1450.9 | Last FPS: 1450.2 | Collect Time: 33.6 min | Train RL Time: 0.3 min | Mean Rewards: 20.16 | Current Best: 43.85
Agent Steps: 0002M | FPS: 1451.1 | Last FPS: 1465.5 | Collect Time: 34.0 min | Train RL Time: 0.3 min | Mean Rewards: 20.25 | Current Best: 43.85
Agent Steps: 0003M | FPS: 1451.1 | Last FPS: 1450.8 | Collect Time: 34.3 min | Train RL Time: 0.3 min | Mean Rewards: 21.74 | Current Best: 43.85
Agent Steps: 0003M | FPS: 1451.5 | Last FPS: 1487.1 | Collect Time: 34.7 min | Train RL Time: 0.3 min | Mean Rewards: 21.74 | Current Best: 43.85
Agent Steps: 0003M | FPS: 1452.0 | Last FPS: 1503.2 | Collect Time: 35.1 min | Train RL Time: 0.3 min | Mean Rewards: 20.06 | Current Best: 43.85
Agent Steps: 0003M | FPS: 1452.1 | Last FPS: 1466.2 | Collect Time: 35.4 min | Train RL Time: 0.3 min | Mean Rewards: 21.85 | Current Best: 43.85
Agent Steps: 0003M | FPS: 1452.3 | Last FPS: 1470.0 | Collect Time: 35.8 min | Train RL Time: 0.3 min | Mean Rewards: 21.68 | Current Best: 43.85
Agent Steps: 0003M | FPS: 1452.2 | Last FPS: 1438.4 | Collect Time: 36.2 min | Train RL Time: 0.3 min | Mean Rewards: 23.87 | Current Best: 43.85
Agent Steps: 0003M | FPS: 1452.2 | Last FPS: 1458.6 | Collect Time: 36.5 min | Train RL Time: 0.3 min | Mean Rewards: 23.07 | Current Best: 43.85
Agent Steps: 0003M | FPS: 1452.2 | Last FPS: 1451.8 | Collect Time: 36.9 min | Train RL Time: 0.3 min | Mean Rewards: 21.50 | Current Best: 43.85
Agent Steps: 0003M | FPS: 1452.1 | Last FPS: 1442.3 | Collect Time: 37.3 min | Train RL Time: 0.3 min | Mean Rewards: 22.33 | Current Best: 43.85
[score] 已写出 logs/先抓后飞_无混合/2026-08-03_20-19-32/score_map.npz | 有效点 145/512 | 访问总量 27101
Agent Steps: 0003M | FPS: 1452.2 | Last FPS: 1462.0 | Collect Time: 37.7 min | Train RL Time: 0.3 min | Mean Rewards: 24.15 | Current Best: 43.85
Agent Steps: 0003M | FPS: 1452.3 | Last FPS: 1455.7 | Collect Time: 38.0 min | Train RL Time: 0.3 min | Mean Rewards: 25.30 | Current Best: 43.85
Agent Steps: 0003M | FPS: 1452.5 | Last FPS: 1475.2 | Collect Time: 38.4 min | Train RL Time: 0.3 min | Mean Rewards: 27.43 | Current Best: 43.85
Agent Steps: 0003M | FPS: 1452.7 | Last FPS: 1470.0 | Collect Time: 38.8 min | Train RL Time: 0.3 min | Mean Rewards: 25.95 | Current Best: 43.85
Agent Steps: 0003M | FPS: 1452.5 | Last FPS: 1433.2 | Collect Time: 39.2 min | Train RL Time: 0.3 min | Mean Rewards: 22.31 | Current Best: 43.85
Agent Steps: 0003M | FPS: 1452.8 | Last FPS: 1491.4 | Collect Time: 39.5 min | Train RL Time: 0.3 min | Mean Rewards: 26.74 | Current Best: 43.85
Agent Steps: 0003M | FPS: 1453.2 | Last FPS: 1489.6 | Collect Time: 39.9 min | Train RL Time: 0.3 min | Mean Rewards: 23.91 | Current Best: 43.85
Agent Steps: 0003M | FPS: 1453.1 | Last FPS: 1443.7 | Collect Time: 40.3 min | Train RL Time: 0.3 min | Mean Rewards: 25.53 | Current Best: 43.85
Agent Steps: 0003M | FPS: 1453.0 | Last FPS: 1448.6 | Collect Time: 40.6 min | Train RL Time: 0.3 min | Mean Rewards: 29.04 | Current Best: 43.85
Agent Steps: 0003M | FPS: 1452.8 | Last FPS: 1423.6 | Collect Time: 41.0 min | Train RL Time: 0.3 min | Mean Rewards: 30.11 | Current Best: 43.85
Agent Steps: 0003M | FPS: 1452.5 | Last FPS: 1420.7 | Collect Time: 41.4 min | Train RL Time: 0.3 min | Mean Rewards: 26.80 | Current Best: 43.85
Agent Steps: 0003M | FPS: 1452.4 | Last FPS: 1447.7 | Collect Time: 41.8 min | Train RL Time: 0.3 min | Mean Rewards: 32.65 | Current Best: 43.85
Agent Steps: 0003M | FPS: 1452.4 | Last FPS: 1449.9 | Collect Time: 42.1 min | Train RL Time: 0.3 min | Mean Rewards: 25.57 | Current Best: 43.85
Agent Steps: 0003M | FPS: 1452.5 | Last FPS: 1458.6 | Collect Time: 42.5 min | Train RL Time: 0.3 min | Mean Rewards: 27.61 | Current Best: 43.85
Agent Steps: 0003M | FPS: 1452.5 | Last FPS: 1459.3 | Collect Time: 42.9 min | Train RL Time: 0.3 min | Mean Rewards: 31.47 | Current Best: 43.85
Agent Steps: 0003M | FPS: 1452.6 | Last FPS: 1464.9 | Collect Time: 43.2 min | Train RL Time: 0.3 min | Mean Rewards: 32.83 | Current Best: 43.85
Agent Steps: 0003M | FPS: 1452.7 | Last FPS: 1459.2 | Collect Time: 43.6 min | Train RL Time: 0.3 min | Mean Rewards: 34.00 | Current Best: 43.85
Agent Steps: 0003M | FPS: 1452.8 | Last FPS: 1469.9 | Collect Time: 44.0 min | Train RL Time: 0.3 min | Mean Rewards: 34.26 | Current Best: 43.85
Agent Steps: 0003M | FPS: 1453.0 | Last FPS: 1480.0 | Collect Time: 44.4 min | Train RL Time: 0.3 min | Mean Rewards: 34.42 | Current Best: 43.85
Agent Steps: 0003M | FPS: 1453.0 | Last FPS: 1442.7 | Collect Time: 44.7 min | Train RL Time: 0.4 min | Mean Rewards: 35.69 | Current Best: 43.85
Agent Steps: 0003M | FPS: 1453.1 | Last FPS: 1468.9 | Collect Time: 45.1 min | Train RL Time: 0.4 min | Mean Rewards: 35.81 | Current Best: 43.85
Agent Steps: 0003M | FPS: 1453.1 | Last FPS: 1449.3 | Collect Time: 45.5 min | Train RL Time: 0.4 min | Mean Rewards: 34.05 | Current Best: 43.85
Agent Steps: 0004M | FPS: 1452.8 | Last FPS: 1416.0 | Collect Time: 45.8 min | Train RL Time: 0.4 min | Mean Rewards: 33.19 | Current Best: 43.85
Agent Steps: 0004M | FPS: 1452.8 | Last FPS: 1461.9 | Collect Time: 46.2 min | Train RL Time: 0.4 min | Mean Rewards: 36.15 | Current Best: 43.85
Agent Steps: 0004M | FPS: 1452.8 | Last FPS: 1450.7 | Collect Time: 46.6 min | Train RL Time: 0.4 min | Mean Rewards: 37.83 | Current Best: 43.85
Agent Steps: 0004M | FPS: 1453.1 | Last FPS: 1487.3 | Collect Time: 47.0 min | Train RL Time: 0.4 min | Mean Rewards: 43.03 | Current Best: 43.85
Agent Steps: 0004M | FPS: 1453.3 | Last FPS: 1487.9 | Collect Time: 47.3 min | Train RL Time: 0.4 min | Mean Rewards: 39.47 | Current Best: 43.85
Agent Steps: 0004M | FPS: 1453.3 | Last FPS: 1449.3 | Collect Time: 47.7 min | Train RL Time: 0.4 min | Mean Rewards: 41.16 | Current Best: 43.85
Agent Steps: 0004M | FPS: 1453.0 | Last FPS: 1418.7 | Collect Time: 48.1 min | Train RL Time: 0.4 min | Mean Rewards: 41.86 | Current Best: 43.85
Agent Steps: 0004M | FPS: 1453.1 | Last FPS: 1456.4 | Collect Time: 48.4 min | Train RL Time: 0.4 min | Mean Rewards: 38.86 | Current Best: 43.85
Agent Steps: 0004M | FPS: 1452.9 | Last FPS: 1434.9 | Collect Time: 48.8 min | Train RL Time: 0.4 min | Mean Rewards: 39.32 | Current Best: 43.85
Agent Steps: 0004M | FPS: 1452.8 | Last FPS: 1431.6 | Collect Time: 49.2 min | Train RL Time: 0.4 min | Mean Rewards: 41.25 | Current Best: 43.85
Agent Steps: 0004M | FPS: 1452.6 | Last FPS: 1433.4 | Collect Time: 49.6 min | Train RL Time: 0.4 min | Mean Rewards: 40.07 | Current Best: 43.85
Agent Steps: 0004M | FPS: 1452.7 | Last FPS: 1470.2 | Collect Time: 49.9 min | Train RL Time: 0.4 min | Mean Rewards: 43.74 | Current Best: 43.85
Agent Steps: 0004M | FPS: 1452.7 | Last FPS: 1448.5 | Collect Time: 50.3 min | Train RL Time: 0.4 min | Mean Rewards: 43.64 | Current Best: 43.85
Agent Steps: 0004M | FPS: 1452.7 | Last FPS: 1448.8 | Collect Time: 50.7 min | Train RL Time: 0.4 min | Mean Rewards: 43.18 | Current Best: 43.85
Agent Steps: 0004M | FPS: 1452.4 | Last FPS: 1415.0 | Collect Time: 51.1 min | Train RL Time: 0.4 min | Mean Rewards: 42.86 | Current Best: 43.85
Agent Steps: 0004M | FPS: 1452.2 | Last FPS: 1421.9 | Collect Time: 51.5 min | Train RL Time: 0.4 min | Mean Rewards: 42.73 | Current Best: 43.85
save current best reward: 44.62
Agent Steps: 0004M | FPS: 1451.8 | Last FPS: 1406.8 | Collect Time: 51.8 min | Train RL Time: 0.4 min | Mean Rewards: 44.62 | Current Best: 44.62
Agent Steps: 0004M | FPS: 1451.5 | Last FPS: 1407.2 | Collect Time: 52.2 min | Train RL Time: 0.4 min | Mean Rewards: 43.69 | Current Best: 44.62
Agent Steps: 0004M | FPS: 1451.5 | Last FPS: 1453.6 | Collect Time: 52.6 min | Train RL Time: 0.4 min | Mean Rewards: 42.30 | Current Best: 44.62
Agent Steps: 0004M | FPS: 1451.6 | Last FPS: 1464.2 | Collect Time: 53.0 min | Train RL Time: 0.4 min | Mean Rewards: 41.72 | Current Best: 44.62
save current best reward: 44.90
Agent Steps: 0004M | FPS: 1451.7 | Last FPS: 1465.7 | Collect Time: 53.3 min | Train RL Time: 0.4 min | Mean Rewards: 44.90 | Current Best: 44.90
Agent Steps: 0004M | FPS: 1452.0 | Last FPS: 1492.3 | Collect Time: 53.7 min | Train RL Time: 0.4 min | Mean Rewards: 44.32 | Current Best: 44.90
Agent Steps: 0004M | FPS: 1452.0 | Last FPS: 1450.4 | Collect Time: 54.1 min | Train RL Time: 0.4 min | Mean Rewards: 42.53 | Current Best: 44.90
Agent Steps: 0004M | FPS: 1451.9 | Last FPS: 1435.2 | Collect Time: 54.4 min | Train RL Time: 0.4 min | Mean Rewards: 42.03 | Current Best: 44.90
Agent Steps: 0004M | FPS: 1451.9 | Last FPS: 1466.1 | Collect Time: 54.8 min | Train RL Time: 0.4 min | Mean Rewards: 43.40 | Current Best: 44.90
Agent Steps: 0004M | FPS: 1451.7 | Last FPS: 1411.3 | Collect Time: 55.2 min | Train RL Time: 0.4 min | Mean Rewards: 43.71 | Current Best: 44.90
Agent Steps: 0004M | FPS: 1451.5 | Last FPS: 1429.8 | Collect Time: 55.6 min | Train RL Time: 0.4 min | Mean Rewards: 44.00 | Current Best: 44.90
Agent Steps: 0004M | FPS: 1451.4 | Last FPS: 1439.9 | Collect Time: 56.0 min | Train RL Time: 0.4 min | Mean Rewards: 43.70 | Current Best: 44.90
Agent Steps: 0004M | FPS: 1451.1 | Last FPS: 1407.2 | Collect Time: 56.3 min | Train RL Time: 0.5 min | Mean Rewards: 43.66 | Current Best: 44.90
Agent Steps: 0004M | FPS: 1451.2 | Last FPS: 1461.5 | Collect Time: 56.7 min | Train RL Time: 0.5 min | Mean Rewards: 44.37 | Current Best: 44.90
Agent Steps: 0005M | FPS: 1451.2 | Last FPS: 1443.3 | Collect Time: 57.1 min | Train RL Time: 0.5 min | Mean Rewards: 44.24 | Current Best: 44.90
save current best reward: 45.14
Agent Steps: 0005M | FPS: 1451.2 | Last FPS: 1464.3 | Collect Time: 57.5 min | Train RL Time: 0.5 min | Mean Rewards: 45.14 | Current Best: 45.14
Agent Steps: 0005M | FPS: 1451.0 | Last FPS: 1408.0 | Collect Time: 57.8 min | Train RL Time: 0.5 min | Mean Rewards: 43.90 | Current Best: 45.14
Agent Steps: 0005M | FPS: 1450.6 | Last FPS: 1405.4 | Collect Time: 58.2 min | Train RL Time: 0.5 min | Mean Rewards: 44.20 | Current Best: 45.14
Agent Steps: 0005M | FPS: 1450.5 | Last FPS: 1433.1 | Collect Time: 58.6 min | Train RL Time: 0.5 min | Mean Rewards: 43.95 | Current Best: 45.14
Agent Steps: 0005M | FPS: 1450.5 | Last FPS: 1443.2 | Collect Time: 59.0 min | Train RL Time: 0.5 min | Mean Rewards: 42.92 | Current Best: 45.14
Agent Steps: 0005M | FPS: 1450.2 | Last FPS: 1412.2 | Collect Time: 59.4 min | Train RL Time: 0.5 min | Mean Rewards: 44.21 | Current Best: 45.14
Agent Steps: 0005M | FPS: 1450.1 | Last FPS: 1422.0 | Collect Time: 59.7 min | Train RL Time: 0.5 min | Mean Rewards: 43.97 | Current Best: 45.14
save current best reward: 45.21
Agent Steps: 0005M | FPS: 1450.0 | Last FPS: 1447.8 | Collect Time: 60.1 min | Train RL Time: 0.5 min | Mean Rewards: 45.21 | Current Best: 45.21
Agent Steps: 0005M | FPS: 1450.1 | Last FPS: 1459.3 | Collect Time: 60.5 min | Train RL Time: 0.5 min | Mean Rewards: 45.15 | Current Best: 45.21
Agent Steps: 0005M | FPS: 1450.1 | Last FPS: 1449.3 | Collect Time: 60.9 min | Train RL Time: 0.5 min | Mean Rewards: 44.38 | Current Best: 45.21
save current best reward: 45.36
Agent Steps: 0005M | FPS: 1450.0 | Last FPS: 1439.3 | Collect Time: 61.2 min | Train RL Time: 0.5 min | Mean Rewards: 45.36 | Current Best: 45.36
[milestone] success_rate_ema >= 80% @ 5406720 steps
Agent Steps: 0005M | FPS: 1450.1 | Last FPS: 1461.3 | Collect Time: 61.6 min | Train RL Time: 0.5 min | Mean Rewards: 44.27 | Current Best: 45.36
Agent Steps: 0005M | FPS: 1449.8 | Last FPS: 1407.6 | Collect Time: 62.0 min | Train RL Time: 0.5 min | Mean Rewards: 44.43 | Current Best: 45.36
Agent Steps: 0005M | FPS: 1449.7 | Last FPS: 1423.3 | Collect Time: 62.4 min | Train RL Time: 0.5 min | Mean Rewards: 44.73 | Current Best: 45.36
Agent Steps: 0005M | FPS: 1449.6 | Last FPS: 1431.4 | Collect Time: 62.7 min | Train RL Time: 0.5 min | Mean Rewards: 44.47 | Current Best: 45.36
Agent Steps: 0005M | FPS: 1449.5 | Last FPS: 1441.4 | Collect Time: 63.1 min | Train RL Time: 0.5 min | Mean Rewards: 44.31 | Current Best: 45.36
Agent Steps: 0005M | FPS: 1449.7 | Last FPS: 1483.4 | Collect Time: 63.5 min | Train RL Time: 0.5 min | Mean Rewards: 44.06 | Current Best: 45.36
Agent Steps: 0005M | FPS: 1449.8 | Last FPS: 1464.3 | Collect Time: 63.9 min | Train RL Time: 0.5 min | Mean Rewards: 41.97 | Current Best: 45.36
Agent Steps: 0005M | FPS: 1449.8 | Last FPS: 1456.7 | Collect Time: 64.2 min | Train RL Time: 0.5 min | Mean Rewards: 43.43 | Current Best: 45.36
save current best reward: 45.54
Agent Steps: 0005M | FPS: 1449.8 | Last FPS: 1443.4 | Collect Time: 64.6 min | Train RL Time: 0.5 min | Mean Rewards: 45.54 | Current Best: 45.54
save current best reward: 45.58
Agent Steps: 0005M | FPS: 1450.0 | Last FPS: 1486.9 | Collect Time: 65.0 min | Train RL Time: 0.5 min | Mean Rewards: 45.58 | Current Best: 45.58
Agent Steps: 0005M | FPS: 1450.0 | Last FPS: 1451.6 | Collect Time: 65.3 min | Train RL Time: 0.5 min | Mean Rewards: 44.84 | Current Best: 45.58
Agent Steps: 0005M | FPS: 1450.1 | Last FPS: 1456.4 | Collect Time: 65.7 min | Train RL Time: 0.5 min | Mean Rewards: 42.72 | Current Best: 45.58
Agent Steps: 0005M | FPS: 1450.1 | Last FPS: 1451.6 | Collect Time: 66.1 min | Train RL Time: 0.5 min | Mean Rewards: 43.42 | Current Best: 45.58
save current best reward: 46.49
Agent Steps: 0005M | FPS: 1450.2 | Last FPS: 1466.5 | Collect Time: 66.5 min | Train RL Time: 0.5 min | Mean Rewards: 46.49 | Current Best: 46.49
Agent Steps: 0005M | FPS: 1450.2 | Last FPS: 1463.9 | Collect Time: 66.8 min | Train RL Time: 0.5 min | Mean Rewards: 45.00 | Current Best: 46.49
Agent Steps: 0005M | FPS: 1450.3 | Last FPS: 1469.0 | Collect Time: 67.2 min | Train RL Time: 0.5 min | Mean Rewards: 44.26 | Current Best: 46.49
Agent Steps: 0005M | FPS: 1450.4 | Last FPS: 1460.9 | Collect Time: 67.6 min | Train RL Time: 0.5 min | Mean Rewards: 44.86 | Current Best: 46.49
Agent Steps: 0005M | FPS: 1450.3 | Last FPS: 1442.6 | Collect Time: 67.9 min | Train RL Time: 0.6 min | Mean Rewards: 45.31 | Current Best: 46.49
Agent Steps: 0005M | FPS: 1450.5 | Last FPS: 1484.2 | Collect Time: 68.3 min | Train RL Time: 0.6 min | Mean Rewards: 46.21 | Current Best: 46.49
Agent Steps: 0006M | FPS: 1450.7 | Last FPS: 1475.1 | Collect Time: 68.7 min | Train RL Time: 0.6 min | Mean Rewards: 44.33 | Current Best: 46.49
Agent Steps: 0006M | FPS: 1450.7 | Last FPS: 1465.1 | Collect Time: 69.0 min | Train RL Time: 0.6 min | Mean Rewards: 45.72 | Current Best: 46.49
Agent Steps: 0006M | FPS: 1450.9 | Last FPS: 1485.2 | Collect Time: 69.4 min | Train RL Time: 0.6 min | Mean Rewards: 44.89 | Current Best: 46.49
Agent Steps: 0006M | FPS: 1451.1 | Last FPS: 1486.1 | Collect Time: 69.8 min | Train RL Time: 0.6 min | Mean Rewards: 46.02 | Current Best: 46.49
save current best reward: 46.73
Agent Steps: 0006M | FPS: 1451.1 | Last FPS: 1451.1 | Collect Time: 70.1 min | Train RL Time: 0.6 min | Mean Rewards: 46.73 | Current Best: 46.73
Agent Steps: 0006M | FPS: 1451.3 | Last FPS: 1483.8 | Collect Time: 70.5 min | Train RL Time: 0.6 min | Mean Rewards: 46.36 | Current Best: 46.73
Agent Steps: 0006M | FPS: 1451.3 | Last FPS: 1448.4 | Collect Time: 70.9 min | Train RL Time: 0.6 min | Mean Rewards: 45.44 | Current Best: 46.73
Agent Steps: 0006M | FPS: 1451.1 | Last FPS: 1425.6 | Collect Time: 71.3 min | Train RL Time: 0.6 min | Mean Rewards: 44.47 | Current Best: 46.73
Agent Steps: 0006M | FPS: 1451.1 | Last FPS: 1447.7 | Collect Time: 71.6 min | Train RL Time: 0.6 min | Mean Rewards: 44.02 | Current Best: 46.73
Agent Steps: 0006M | FPS: 1451.0 | Last FPS: 1438.4 | Collect Time: 72.0 min | Train RL Time: 0.6 min | Mean Rewards: 41.96 | Current Best: 46.73
Agent Steps: 0006M | FPS: 1451.1 | Last FPS: 1461.5 | Collect Time: 72.4 min | Train RL Time: 0.6 min | Mean Rewards: 45.38 | Current Best: 46.73
Agent Steps: 0006M | FPS: 1451.2 | Last FPS: 1478.8 | Collect Time: 72.7 min | Train RL Time: 0.6 min | Mean Rewards: 44.79 | Current Best: 46.73
Agent Steps: 0006M | FPS: 1451.4 | Last FPS: 1476.9 | Collect Time: 73.1 min | Train RL Time: 0.6 min | Mean Rewards: 44.93 | Current Best: 46.73
Agent Steps: 0006M | FPS: 1451.5 | Last FPS: 1480.0 | Collect Time: 73.5 min | Train RL Time: 0.6 min | Mean Rewards: 46.05 | Current Best: 46.73
Agent Steps: 0006M | FPS: 1451.6 | Last FPS: 1474.4 | Collect Time: 73.8 min | Train RL Time: 0.6 min | Mean Rewards: 44.60 | Current Best: 46.73
Agent Steps: 0006M | FPS: 1451.5 | Last FPS: 1430.8 | Collect Time: 74.2 min | Train RL Time: 0.6 min | Mean Rewards: 44.61 | Current Best: 46.73
Agent Steps: 0006M | FPS: 1451.5 | Last FPS: 1440.8 | Collect Time: 74.6 min | Train RL Time: 0.6 min | Mean Rewards: 44.88 | Current Best: 46.73
[score] 已写出 logs/先抓后飞_无混合/2026-08-03_20-19-32/score_map.npz | 有效点 160/512 | 访问总量 53580
Agent Steps: 0006M | FPS: 1451.6 | Last FPS: 1471.9 | Collect Time: 75.0 min | Train RL Time: 0.6 min | Mean Rewards: 43.19 | Current Best: 46.73
Agent Steps: 0006M | FPS: 1451.7 | Last FPS: 1475.9 | Collect Time: 75.3 min | Train RL Time: 0.6 min | Mean Rewards: 45.99 | Current Best: 46.73
Agent Steps: 0006M | FPS: 1451.8 | Last FPS: 1477.2 | Collect Time: 75.7 min | Train RL Time: 0.6 min | Mean Rewards: 45.46 | Current Best: 46.73
Agent Steps: 0006M | FPS: 1451.9 | Last FPS: 1475.1 | Collect Time: 76.1 min | Train RL Time: 0.6 min | Mean Rewards: 44.45 | Current Best: 46.73
Agent Steps: 0006M | FPS: 1452.0 | Last FPS: 1472.4 | Collect Time: 76.4 min | Train RL Time: 0.6 min | Mean Rewards: 43.71 | Current Best: 46.73
[milestone] success_rate_ema >= 90% @ 6750208 steps
Agent Steps: 0006M | FPS: 1452.1 | Last FPS: 1479.4 | Collect Time: 76.8 min | Train RL Time: 0.6 min | Mean Rewards: 45.42 | Current Best: 46.73
Agent Steps: 0006M | FPS: 1452.3 | Last FPS: 1483.5 | Collect Time: 77.2 min | Train RL Time: 0.6 min | Mean Rewards: 44.08 | Current Best: 46.73
Agent Steps: 0006M | FPS: 1452.4 | Last FPS: 1478.0 | Collect Time: 77.5 min | Train RL Time: 0.6 min | Mean Rewards: 42.52 | Current Best: 46.73
Agent Steps: 0006M | FPS: 1452.5 | Last FPS: 1482.6 | Collect Time: 77.9 min | Train RL Time: 0.6 min | Mean Rewards: 46.04 | Current Best: 46.73
Agent Steps: 0006M | FPS: 1452.7 | Last FPS: 1489.0 | Collect Time: 78.3 min | Train RL Time: 0.6 min | Mean Rewards: 42.89 | Current Best: 46.73
Agent Steps: 0006M | FPS: 1452.8 | Last FPS: 1472.0 | Collect Time: 78.6 min | Train RL Time: 0.6 min | Mean Rewards: 45.42 | Current Best: 46.73
Agent Steps: 0006M | FPS: 1453.0 | Last FPS: 1492.4 | Collect Time: 79.0 min | Train RL Time: 0.6 min | Mean Rewards: 44.75 | Current Best: 46.73
Agent Steps: 0006M | FPS: 1453.1 | Last FPS: 1473.4 | Collect Time: 79.4 min | Train RL Time: 0.6 min | Mean Rewards: 44.51 | Current Best: 46.73
Agent Steps: 0007M | FPS: 1453.2 | Last FPS: 1480.6 | Collect Time: 79.7 min | Train RL Time: 0.7 min | Mean Rewards: 46.04 | Current Best: 46.73
Agent Steps: 0007M | FPS: 1453.3 | Last FPS: 1471.3 | Collect Time: 80.1 min | Train RL Time: 0.7 min | Mean Rewards: 44.29 | Current Best: 46.73
Agent Steps: 0007M | FPS: 1453.2 | Last FPS: 1439.2 | Collect Time: 80.5 min | Train RL Time: 0.7 min | Mean Rewards: 40.77 | Current Best: 46.73
Agent Steps: 0007M | FPS: 1453.3 | Last FPS: 1462.1 | Collect Time: 80.8 min | Train RL Time: 0.7 min | Mean Rewards: 45.06 | Current Best: 46.73
Agent Steps: 0007M | FPS: 1453.3 | Last FPS: 1470.1 | Collect Time: 81.2 min | Train RL Time: 0.7 min | Mean Rewards: 45.92 | Current Best: 46.73
save current best reward: 47.00
Agent Steps: 0007M | FPS: 1453.4 | Last FPS: 1467.3 | Collect Time: 81.6 min | Train RL Time: 0.7 min | Mean Rewards: 47.00 | Current Best: 47.00
Agent Steps: 0007M | FPS: 1453.5 | Last FPS: 1468.7 | Collect Time: 81.9 min | Train RL Time: 0.7 min | Mean Rewards: 44.91 | Current Best: 47.00
Agent Steps: 0007M | FPS: 1453.6 | Last FPS: 1482.2 | Collect Time: 82.3 min | Train RL Time: 0.7 min | Mean Rewards: 44.82 | Current Best: 47.00
Agent Steps: 0007M | FPS: 1453.8 | Last FPS: 1492.6 | Collect Time: 82.7 min | Train RL Time: 0.7 min | Mean Rewards: 43.93 | Current Best: 47.00
Agent Steps: 0007M | FPS: 1453.8 | Last FPS: 1469.1 | Collect Time: 83.0 min | Train RL Time: 0.7 min | Mean Rewards: 42.40 | Current Best: 47.00
Agent Steps: 0007M | FPS: 1453.8 | Last FPS: 1449.9 | Collect Time: 83.4 min | Train RL Time: 0.7 min | Mean Rewards: 46.52 | Current Best: 47.00
Agent Steps: 0007M | FPS: 1453.7 | Last FPS: 1433.5 | Collect Time: 83.8 min | Train RL Time: 0.7 min | Mean Rewards: 45.97 | Current Best: 47.00
Agent Steps: 0007M | FPS: 1453.7 | Last FPS: 1452.9 | Collect Time: 84.2 min | Train RL Time: 0.7 min | Mean Rewards: 45.83 | Current Best: 47.00
Agent Steps: 0007M | FPS: 1453.6 | Last FPS: 1430.7 | Collect Time: 84.5 min | Train RL Time: 0.7 min | Mean Rewards: 45.21 | Current Best: 47.00
Agent Steps: 0007M | FPS: 1453.5 | Last FPS: 1427.6 | Collect Time: 84.9 min | Train RL Time: 0.7 min | Mean Rewards: 46.65 | Current Best: 47.00
Agent Steps: 0007M | FPS: 1453.5 | Last FPS: 1448.7 | Collect Time: 85.3 min | Train RL Time: 0.7 min | Mean Rewards: 45.72 | Current Best: 47.00
Agent Steps: 0007M | FPS: 1453.5 | Last FPS: 1450.5 | Collect Time: 85.7 min | Train RL Time: 0.7 min | Mean Rewards: 43.70 | Current Best: 47.00
Agent Steps: 0007M | FPS: 1453.5 | Last FPS: 1458.6 | Collect Time: 86.0 min | Train RL Time: 0.7 min | Mean Rewards: 44.23 | Current Best: 47.00
Agent Steps: 0007M | FPS: 1453.5 | Last FPS: 1451.7 | Collect Time: 86.4 min | Train RL Time: 0.7 min | Mean Rewards: 44.57 | Current Best: 47.00
Agent Steps: 0007M | FPS: 1453.4 | Last FPS: 1440.2 | Collect Time: 86.8 min | Train RL Time: 0.7 min | Mean Rewards: 45.57 | Current Best: 47.00
Agent Steps: 0007M | FPS: 1453.4 | Last FPS: 1442.6 | Collect Time: 87.2 min | Train RL Time: 0.7 min | Mean Rewards: 44.72 | Current Best: 47.00
Agent Steps: 0007M | FPS: 1453.5 | Last FPS: 1478.8 | Collect Time: 87.5 min | Train RL Time: 0.7 min | Mean Rewards: 44.95 | Current Best: 47.00
Agent Steps: 0007M | FPS: 1453.6 | Last FPS: 1480.8 | Collect Time: 87.9 min | Train RL Time: 0.7 min | Mean Rewards: 45.49 | Current Best: 47.00
Agent Steps: 0007M | FPS: 1453.7 | Last FPS: 1473.7 | Collect Time: 88.2 min | Train RL Time: 0.7 min | Mean Rewards: 43.21 | Current Best: 47.00
Agent Steps: 0007M | FPS: 1453.8 | Last FPS: 1468.0 | Collect Time: 88.6 min | Train RL Time: 0.7 min | Mean Rewards: 44.09 | Current Best: 47.00
Agent Steps: 0007M | FPS: 1453.8 | Last FPS: 1474.5 | Collect Time: 89.0 min | Train RL Time: 0.7 min | Mean Rewards: 43.02 | Current Best: 47.00
Agent Steps: 0007M | FPS: 1453.9 | Last FPS: 1468.1 | Collect Time: 89.4 min | Train RL Time: 0.7 min | Mean Rewards: 44.17 | Current Best: 47.00
Agent Steps: 0007M | FPS: 1453.9 | Last FPS: 1461.5 | Collect Time: 89.7 min | Train RL Time: 0.7 min | Mean Rewards: 43.55 | Current Best: 47.00
Agent Steps: 0007M | FPS: 1454.0 | Last FPS: 1471.9 | Collect Time: 90.1 min | Train RL Time: 0.7 min | Mean Rewards: 44.19 | Current Best: 47.00
Agent Steps: 0007M | FPS: 1454.0 | Last FPS: 1454.2 | Collect Time: 90.5 min | Train RL Time: 0.7 min | Mean Rewards: 41.81 | Current Best: 47.00
Agent Steps: 0007M | FPS: 1454.1 | Last FPS: 1470.8 | Collect Time: 90.8 min | Train RL Time: 0.8 min | Mean Rewards: 45.12 | Current Best: 47.00
Agent Steps: 0008M | FPS: 1454.1 | Last FPS: 1467.5 | Collect Time: 91.2 min | Train RL Time: 0.8 min | Mean Rewards: 46.72 | Current Best: 47.00
Agent Steps: 0008M | FPS: 1454.2 | Last FPS: 1468.3 | Collect Time: 91.6 min | Train RL Time: 0.8 min | Mean Rewards: 43.18 | Current Best: 47.00
Agent Steps: 0008M | FPS: 1454.2 | Last FPS: 1470.4 | Collect Time: 91.9 min | Train RL Time: 0.8 min | Mean Rewards: 40.88 | Current Best: 47.00
Agent Steps: 0008M | FPS: 1454.5 | Last FPS: 1507.4 | Collect Time: 92.3 min | Train RL Time: 0.8 min | Mean Rewards: 39.37 | Current Best: 47.00
Agent Steps: 0008M | FPS: 1454.3 | Last FPS: 1427.1 | Collect Time: 92.7 min | Train RL Time: 0.8 min | Mean Rewards: 42.94 | Current Best: 47.00
Agent Steps: 0008M | FPS: 1454.3 | Last FPS: 1432.2 | Collect Time: 93.0 min | Train RL Time: 0.8 min | Mean Rewards: 44.19 | Current Best: 47.00
Agent Steps: 0008M | FPS: 1454.2 | Last FPS: 1434.2 | Collect Time: 93.4 min | Train RL Time: 0.8 min | Mean Rewards: 43.19 | Current Best: 47.00
Agent Steps: 0008M | FPS: 1454.1 | Last FPS: 1429.8 | Collect Time: 93.8 min | Train RL Time: 0.8 min | Mean Rewards: 42.48 | Current Best: 47.00
Agent Steps: 0008M | FPS: 1454.0 | Last FPS: 1427.6 | Collect Time: 94.2 min | Train RL Time: 0.8 min | Mean Rewards: 44.78 | Current Best: 47.00
Agent Steps: 0008M | FPS: 1454.0 | Last FPS: 1468.6 | Collect Time: 94.6 min | Train RL Time: 0.8 min | Mean Rewards: 44.24 | Current Best: 47.00
Agent Steps: 0008M | FPS: 1454.0 | Last FPS: 1443.5 | Collect Time: 94.9 min | Train RL Time: 0.8 min | Mean Rewards: 42.43 | Current Best: 47.00
Agent Steps: 0008M | FPS: 1453.9 | Last FPS: 1437.6 | Collect Time: 95.3 min | Train RL Time: 0.8 min | Mean Rewards: 43.39 | Current Best: 47.00
Agent Steps: 0008M | FPS: 1453.8 | Last FPS: 1429.6 | Collect Time: 95.7 min | Train RL Time: 0.8 min | Mean Rewards: 44.61 | Current Best: 47.00
Agent Steps: 0008M | FPS: 1453.8 | Last FPS: 1439.4 | Collect Time: 96.1 min | Train RL Time: 0.8 min | Mean Rewards: 44.13 | Current Best: 47.00
Agent Steps: 0008M | FPS: 1453.7 | Last FPS: 1441.9 | Collect Time: 96.4 min | Train RL Time: 0.8 min | Mean Rewards: 45.51 | Current Best: 47.00
Agent Steps: 0008M | FPS: 1453.7 | Last FPS: 1442.1 | Collect Time: 96.8 min | Train RL Time: 0.8 min | Mean Rewards: 44.08 | Current Best: 47.00
Agent Steps: 0008M | FPS: 1453.8 | Last FPS: 1474.6 | Collect Time: 97.2 min | Train RL Time: 0.8 min | Mean Rewards: 45.79 | Current Best: 47.00
Agent Steps: 0008M | FPS: 1453.9 | Last FPS: 1494.1 | Collect Time: 97.5 min | Train RL Time: 0.8 min | Mean Rewards: 44.33 | Current Best: 47.00
Agent Steps: 0008M | FPS: 1454.0 | Last FPS: 1485.7 | Collect Time: 97.9 min | Train RL Time: 0.8 min | Mean Rewards: 40.69 | Current Best: 47.00
Agent Steps: 0008M | FPS: 1454.1 | Last FPS: 1481.8 | Collect Time: 98.3 min | Train RL Time: 0.8 min | Mean Rewards: 45.69 | Current Best: 47.00
Agent Steps: 0008M | FPS: 1454.2 | Last FPS: 1462.0 | Collect Time: 98.6 min | Train RL Time: 0.8 min | Mean Rewards: 44.75 | Current Best: 47.00
Agent Steps: 0008M | FPS: 1454.1 | Last FPS: 1440.5 | Collect Time: 99.0 min | Train RL Time: 0.8 min | Mean Rewards: 45.27 | Current Best: 47.00
Agent Steps: 0008M | FPS: 1454.1 | Last FPS: 1454.3 | Collect Time: 99.4 min | Train RL Time: 0.8 min | Mean Rewards: 42.04 | Current Best: 47.00
Agent Steps: 0008M | FPS: 1454.2 | Last FPS: 1469.3 | Collect Time: 99.8 min | Train RL Time: 0.8 min | Mean Rewards: 43.61 | Current Best: 47.00
Agent Steps: 0008M | FPS: 1454.2 | Last FPS: 1467.2 | Collect Time: 100.1 min | Train RL Time: 0.8 min | Mean Rewards: 43.26 | Current Best: 47.00
Agent Steps: 0008M | FPS: 1454.3 | Last FPS: 1475.5 | Collect Time: 100.5 min | Train RL Time: 0.8 min | Mean Rewards: 45.00 | Current Best: 47.00
Agent Steps: 0008M | FPS: 1454.2 | Last FPS: 1427.4 | Collect Time: 100.9 min | Train RL Time: 0.8 min | Mean Rewards: 42.61 | Current Best: 47.00
Agent Steps: 0008M | FPS: 1454.2 | Last FPS: 1466.5 | Collect Time: 101.2 min | Train RL Time: 0.8 min | Mean Rewards: 42.83 | Current Best: 47.00
Agent Steps: 0008M | FPS: 1454.4 | Last FPS: 1498.8 | Collect Time: 101.6 min | Train RL Time: 0.8 min | Mean Rewards: 43.57 | Current Best: 47.00
Agent Steps: 0008M | FPS: 1454.3 | Last FPS: 1438.2 | Collect Time: 102.0 min | Train RL Time: 0.8 min | Mean Rewards: 44.24 | Current Best: 47.00
Agent Steps: 0009M | FPS: 1454.3 | Last FPS: 1436.2 | Collect Time: 102.4 min | Train RL Time: 0.9 min | Mean Rewards: 44.53 | Current Best: 47.00
Agent Steps: 0009M | FPS: 1454.2 | Last FPS: 1438.2 | Collect Time: 102.7 min | Train RL Time: 0.9 min | Mean Rewards: 44.63 | Current Best: 47.00
Agent Steps: 0009M | FPS: 1454.2 | Last FPS: 1463.1 | Collect Time: 103.1 min | Train RL Time: 0.9 min | Mean Rewards: 41.80 | Current Best: 47.00
Agent Steps: 0009M | FPS: 1454.3 | Last FPS: 1478.0 | Collect Time: 103.5 min | Train RL Time: 0.9 min | Mean Rewards: 44.44 | Current Best: 47.00
Agent Steps: 0009M | FPS: 1454.4 | Last FPS: 1470.3 | Collect Time: 103.8 min | Train RL Time: 0.9 min | Mean Rewards: 44.13 | Current Best: 47.00
Agent Steps: 0009M | FPS: 1454.5 | Last FPS: 1495.7 | Collect Time: 104.2 min | Train RL Time: 0.9 min | Mean Rewards: 45.94 | Current Best: 47.00
Agent Steps: 0009M | FPS: 1454.5 | Last FPS: 1459.7 | Collect Time: 104.6 min | Train RL Time: 0.9 min | Mean Rewards: 44.83 | Current Best: 47.00
Agent Steps: 0009M | FPS: 1454.6 | Last FPS: 1470.9 | Collect Time: 104.9 min | Train RL Time: 0.9 min | Mean Rewards: 43.43 | Current Best: 47.00
Agent Steps: 0009M | FPS: 1454.6 | Last FPS: 1443.0 | Collect Time: 105.3 min | Train RL Time: 0.9 min | Mean Rewards: 44.90 | Current Best: 47.00
Agent Steps: 0009M | FPS: 1454.4 | Last FPS: 1426.5 | Collect Time: 105.7 min | Train RL Time: 0.9 min | Mean Rewards: 44.26 | Current Best: 47.00
Agent Steps: 0009M | FPS: 1454.5 | Last FPS: 1456.1 | Collect Time: 106.1 min | Train RL Time: 0.9 min | Mean Rewards: 44.47 | Current Best: 47.00
Agent Steps: 0009M | FPS: 1454.6 | Last FPS: 1503.3 | Collect Time: 106.4 min | Train RL Time: 0.9 min | Mean Rewards: 39.36 | Current Best: 47.00
Agent Steps: 0009M | FPS: 1454.7 | Last FPS: 1463.2 | Collect Time: 106.8 min | Train RL Time: 0.9 min | Mean Rewards: 45.83 | Current Best: 47.00
Agent Steps: 0009M | FPS: 1454.7 | Last FPS: 1463.1 | Collect Time: 107.2 min | Train RL Time: 0.9 min | Mean Rewards: 45.06 | Current Best: 47.00
Agent Steps: 0009M | FPS: 1454.7 | Last FPS: 1448.0 | Collect Time: 107.5 min | Train RL Time: 0.9 min | Mean Rewards: 45.49 | Current Best: 47.00
Agent Steps: 0009M | FPS: 1454.6 | Last FPS: 1437.0 | Collect Time: 107.9 min | Train RL Time: 0.9 min | Mean Rewards: 43.91 | Current Best: 47.00
Agent Steps: 0009M | FPS: 1454.6 | Last FPS: 1448.1 | Collect Time: 108.3 min | Train RL Time: 0.9 min | Mean Rewards: 45.46 | Current Best: 47.00
Agent Steps: 0009M | FPS: 1454.5 | Last FPS: 1443.4 | Collect Time: 108.7 min | Train RL Time: 0.9 min | Mean Rewards: 45.76 | Current Best: 47.00
Agent Steps: 0009M | FPS: 1454.5 | Last FPS: 1436.5 | Collect Time: 109.0 min | Train RL Time: 0.9 min | Mean Rewards: 44.57 | Current Best: 47.00
Agent Steps: 0009M | FPS: 1454.5 | Last FPS: 1476.0 | Collect Time: 109.4 min | Train RL Time: 0.9 min | Mean Rewards: 45.05 | Current Best: 47.00
Agent Steps: 0009M | FPS: 1454.5 | Last FPS: 1438.7 | Collect Time: 109.8 min | Train RL Time: 0.9 min | Mean Rewards: 45.70 | Current Best: 47.00
Agent Steps: 0009M | FPS: 1454.5 | Last FPS: 1457.7 | Collect Time: 110.1 min | Train RL Time: 0.9 min | Mean Rewards: 44.18 | Current Best: 47.00
Agent Steps: 0009M | FPS: 1454.5 | Last FPS: 1459.7 | Collect Time: 110.5 min | Train RL Time: 0.9 min | Mean Rewards: 43.05 | Current Best: 47.00
Agent Steps: 0009M | FPS: 1454.6 | Last FPS: 1464.6 | Collect Time: 110.9 min | Train RL Time: 0.9 min | Mean Rewards: 43.52 | Current Best: 47.00
Agent Steps: 0009M | FPS: 1454.5 | Last FPS: 1438.1 | Collect Time: 111.3 min | Train RL Time: 0.9 min | Mean Rewards: 43.38 | Current Best: 47.00
Agent Steps: 0009M | FPS: 1454.6 | Last FPS: 1496.7 | Collect Time: 111.6 min | Train RL Time: 0.9 min | Mean Rewards: 42.43 | Current Best: 47.00
[score] 已写出 logs/先抓后飞_无混合/2026-08-03_20-19-32/score_map.npz | 有效点 162/512 | 访问总量 83457
Agent Steps: 0009M | FPS: 1454.7 | Last FPS: 1484.3 | Collect Time: 112.0 min | Train RL Time: 0.9 min | Mean Rewards: 43.38 | Current Best: 47.00
Agent Steps: 0009M | FPS: 1454.8 | Last FPS: 1467.3 | Collect Time: 112.4 min | Train RL Time: 0.9 min | Mean Rewards: 44.23 | Current Best: 47.00
Agent Steps: 0009M | FPS: 1455.0 | Last FPS: 1513.1 | Collect Time: 112.7 min | Train RL Time: 0.9 min | Mean Rewards: 45.10 | Current Best: 47.00
Agent Steps: 0009M | FPS: 1455.0 | Last FPS: 1479.3 | Collect Time: 113.1 min | Train RL Time: 0.9 min | Mean Rewards: 43.65 | Current Best: 47.00
Agent Steps: 0009M | FPS: 1455.1 | Last FPS: 1478.0 | Collect Time: 113.4 min | Train RL Time: 0.9 min | Mean Rewards: 44.77 | Current Best: 47.00
Agent Steps: 0010M | FPS: 1455.2 | Last FPS: 1497.1 | Collect Time: 113.8 min | Train RL Time: 1.0 min | Mean Rewards: 43.74 | Current Best: 47.00
Agent Steps: 0010M | FPS: 1455.2 | Last FPS: 1451.3 | Collect Time: 114.2 min | Train RL Time: 1.0 min | Mean Rewards: 45.49 | Current Best: 47.00
Agent Steps: 0010M | FPS: 1455.3 | Last FPS: 1488.3 | Collect Time: 114.5 min | Train RL Time: 1.0 min | Mean Rewards: 45.64 | Current Best: 47.00
Agent Steps: 0010M | FPS: 1455.4 | Last FPS: 1492.0 | Collect Time: 114.9 min | Train RL Time: 1.0 min | Mean Rewards: 45.57 | Current Best: 47.00
Agent Steps: 0010M | FPS: 1455.4 | Last FPS: 1447.5 | Collect Time: 115.3 min | Train RL Time: 1.0 min | Mean Rewards: 46.58 | Current Best: 47.00
Agent Steps: 0010M | FPS: 1455.4 | Last FPS: 1458.9 | Collect Time: 115.7 min | Train RL Time: 1.0 min | Mean Rewards: 44.20 | Current Best: 47.00
Agent Steps: 0010M | FPS: 1455.4 | Last FPS: 1456.0 | Collect Time: 116.0 min | Train RL Time: 1.0 min | Mean Rewards: 45.42 | Current Best: 47.00
Agent Steps: 0010M | FPS: 1455.5 | Last FPS: 1462.4 | Collect Time: 116.4 min | Train RL Time: 1.0 min | Mean Rewards: 45.05 | Current Best: 47.00
Agent Steps: 0010M | FPS: 1455.5 | Last FPS: 1461.3 | Collect Time: 116.8 min | Train RL Time: 1.0 min | Mean Rewards: 45.16 | Current Best: 47.00
Agent Steps: 0010M | FPS: 1455.4 | Last FPS: 1442.1 | Collect Time: 117.1 min | Train RL Time: 1.0 min | Mean Rewards: 44.25 | Current Best: 47.00
Agent Steps: 0010M | FPS: 1455.5 | Last FPS: 1474.5 | Collect Time: 117.5 min | Train RL Time: 1.0 min | Mean Rewards: 45.34 | Current Best: 47.00
Agent Steps: 0010M | FPS: 1455.5 | Last FPS: 1471.7 | Collect Time: 117.9 min | Train RL Time: 1.0 min | Mean Rewards: 43.75 | Current Best: 47.00
Agent Steps: 0010M | FPS: 1455.5 | Last FPS: 1452.0 | Collect Time: 118.2 min | Train RL Time: 1.0 min | Mean Rewards: 44.17 | Current Best: 47.00
Agent Steps: 0010M | FPS: 1455.6 | Last FPS: 1470.6 | Collect Time: 118.6 min | Train RL Time: 1.0 min | Mean Rewards: 46.17 | Current Best: 47.00
Agent Steps: 0010M | FPS: 1455.6 | Last FPS: 1452.3 | Collect Time: 119.0 min | Train RL Time: 1.0 min | Mean Rewards: 45.59 | Current Best: 47.00
Agent Steps: 0010M | FPS: 1455.6 | Last FPS: 1466.8 | Collect Time: 119.4 min | Train RL Time: 1.0 min | Mean Rewards: 44.94 | Current Best: 47.00
Agent Steps: 0010M | FPS: 1455.7 | Last FPS: 1481.7 | Collect Time: 119.7 min | Train RL Time: 1.0 min | Mean Rewards: 44.55 | Current Best: 47.00
Agent Steps: 0010M | FPS: 1455.7 | Last FPS: 1473.9 | Collect Time: 120.1 min | Train RL Time: 1.0 min | Mean Rewards: 45.82 | Current Best: 47.00
Agent Steps: 0010M | FPS: 1455.7 | Last FPS: 1450.1 | Collect Time: 120.5 min | Train RL Time: 1.0 min | Mean Rewards: 44.89 | Current Best: 47.00
Agent Steps: 0010M | FPS: 1455.7 | Last FPS: 1436.3 | Collect Time: 120.8 min | Train RL Time: 1.0 min | Mean Rewards: 43.69 | Current Best: 47.00
Agent Steps: 0010M | FPS: 1455.6 | Last FPS: 1430.5 | Collect Time: 121.2 min | Train RL Time: 1.0 min | Mean Rewards: 44.78 | Current Best: 47.00
Agent Steps: 0010M | FPS: 1455.6 | Last FPS: 1462.1 | Collect Time: 121.6 min | Train RL Time: 1.0 min | Mean Rewards: 43.16 | Current Best: 47.00
Agent Steps: 0010M | FPS: 1455.6 | Last FPS: 1459.4 | Collect Time: 122.0 min | Train RL Time: 1.0 min | Mean Rewards: 46.01 | Current Best: 47.00
Agent Steps: 0010M | FPS: 1455.6 | Last FPS: 1461.6 | Collect Time: 122.3 min | Train RL Time: 1.0 min | Mean Rewards: 45.04 | Current Best: 47.00
Agent Steps: 0010M | FPS: 1455.6 | Last FPS: 1441.0 | Collect Time: 122.7 min | Train RL Time: 1.0 min | Mean Rewards: 45.17 | Current Best: 47.00
Agent Steps: 0010M | FPS: 1455.6 | Last FPS: 1467.1 | Collect Time: 123.1 min | Train RL Time: 1.0 min | Mean Rewards: 45.88 | Current Best: 47.00
Agent Steps: 0010M | FPS: 1455.7 | Last FPS: 1468.1 | Collect Time: 123.4 min | Train RL Time: 1.0 min | Mean Rewards: 45.89 | Current Best: 47.00
Agent Steps: 0010M | FPS: 1455.7 | Last FPS: 1456.6 | Collect Time: 123.8 min | Train RL Time: 1.0 min | Mean Rewards: 44.54 | Current Best: 47.00
Agent Steps: 0010M | FPS: 1455.8 | Last FPS: 1494.9 | Collect Time: 124.2 min | Train RL Time: 1.0 min | Mean Rewards: 43.20 | Current Best: 47.00
Agent Steps: 0010M | FPS: 1455.7 | Last FPS: 1438.1 | Collect Time: 124.5 min | Train RL Time: 1.0 min | Mean Rewards: 44.71 | Current Best: 47.00
Agent Steps: 0011M | FPS: 1455.7 | Last FPS: 1464.0 | Collect Time: 124.9 min | Train RL Time: 1.1 min | Mean Rewards: 45.45 | Current Best: 47.00
Agent Steps: 0011M | FPS: 1455.8 | Last FPS: 1462.9 | Collect Time: 125.3 min | Train RL Time: 1.1 min | Mean Rewards: 44.14 | Current Best: 47.00
Agent Steps: 0011M | FPS: 1455.8 | Last FPS: 1469.7 | Collect Time: 125.7 min | Train RL Time: 1.1 min | Mean Rewards: 44.76 | Current Best: 47.00
Agent Steps: 0011M | FPS: 1455.9 | Last FPS: 1471.8 | Collect Time: 126.0 min | Train RL Time: 1.1 min | Mean Rewards: 46.30 | Current Best: 47.00
Agent Steps: 0011M | FPS: 1455.7 | Last FPS: 1419.3 | Collect Time: 126.4 min | Train RL Time: 1.1 min | Mean Rewards: 44.99 | Current Best: 47.00
Agent Steps: 0011M | FPS: 1455.7 | Last FPS: 1451.5 | Collect Time: 126.8 min | Train RL Time: 1.1 min | Mean Rewards: 46.02 | Current Best: 47.00
Agent Steps: 0011M | FPS: 1455.7 | Last FPS: 1458.9 | Collect Time: 127.1 min | Train RL Time: 1.1 min | Mean Rewards: 46.08 | Current Best: 47.00
Agent Steps: 0011M | FPS: 1455.7 | Last FPS: 1432.1 | Collect Time: 127.5 min | Train RL Time: 1.1 min | Mean Rewards: 44.18 | Current Best: 47.00
Agent Steps: 0011M | FPS: 1455.6 | Last FPS: 1420.9 | Collect Time: 127.9 min | Train RL Time: 1.1 min | Mean Rewards: 44.93 | Current Best: 47.00
save current best reward: 47.06
Agent Steps: 0011M | FPS: 1455.5 | Last FPS: 1421.5 | Collect Time: 128.3 min | Train RL Time: 1.1 min | Mean Rewards: 47.06 | Current Best: 47.06
save current best reward: 47.23
Agent Steps: 0011M | FPS: 1455.4 | Last FPS: 1432.9 | Collect Time: 128.7 min | Train RL Time: 1.1 min | Mean Rewards: 47.23 | Current Best: 47.23
Agent Steps: 0011M | FPS: 1455.4 | Last FPS: 1440.5 | Collect Time: 129.0 min | Train RL Time: 1.1 min | Mean Rewards: 45.13 | Current Best: 47.23
Agent Steps: 0011M | FPS: 1455.3 | Last FPS: 1449.8 | Collect Time: 129.4 min | Train RL Time: 1.1 min | Mean Rewards: 44.66 | Current Best: 47.23
Agent Steps: 0011M | FPS: 1455.3 | Last FPS: 1456.5 | Collect Time: 129.8 min | Train RL Time: 1.1 min | Mean Rewards: 46.65 | Current Best: 47.23
Agent Steps: 0011M | FPS: 1455.3 | Last FPS: 1430.2 | Collect Time: 130.2 min | Train RL Time: 1.1 min | Mean Rewards: 43.94 | Current Best: 47.23
Agent Steps: 0011M | FPS: 1455.3 | Last FPS: 1466.6 | Collect Time: 130.5 min | Train RL Time: 1.1 min | Mean Rewards: 45.85 | Current Best: 47.23
Agent Steps: 0011M | FPS: 1455.4 | Last FPS: 1477.7 | Collect Time: 130.9 min | Train RL Time: 1.1 min | Mean Rewards: 43.14 | Current Best: 47.23
Agent Steps: 0011M | FPS: 1455.5 | Last FPS: 1495.1 | Collect Time: 131.3 min | Train RL Time: 1.1 min | Mean Rewards: 46.00 | Current Best: 47.23
Agent Steps: 0011M | FPS: 1455.6 | Last FPS: 1502.7 | Collect Time: 131.6 min | Train RL Time: 1.1 min | Mean Rewards: 46.11 | Current Best: 47.23
Agent Steps: 0011M | FPS: 1455.7 | Last FPS: 1501.9 | Collect Time: 132.0 min | Train RL Time: 1.1 min | Mean Rewards: 46.39 | Current Best: 47.23
Agent Steps: 0011M | FPS: 1455.8 | Last FPS: 1484.2 | Collect Time: 132.3 min | Train RL Time: 1.1 min | Mean Rewards: 44.45 | Current Best: 47.23
Agent Steps: 0011M | FPS: 1455.7 | Last FPS: 1429.5 | Collect Time: 132.7 min | Train RL Time: 1.1 min | Mean Rewards: 46.41 | Current Best: 47.23
Agent Steps: 0011M | FPS: 1455.8 | Last FPS: 1479.7 | Collect Time: 133.1 min | Train RL Time: 1.1 min | Mean Rewards: 45.34 | Current Best: 47.23
Agent Steps: 0011M | FPS: 1455.8 | Last FPS: 1458.6 | Collect Time: 133.5 min | Train RL Time: 1.1 min | Mean Rewards: 44.58 | Current Best: 47.23
Agent Steps: 0011M | FPS: 1455.8 | Last FPS: 1450.6 | Collect Time: 133.8 min | Train RL Time: 1.1 min | Mean Rewards: 46.15 | Current Best: 47.23
Agent Steps: 0011M | FPS: 1455.8 | Last FPS: 1448.3 | Collect Time: 134.2 min | Train RL Time: 1.1 min | Mean Rewards: 45.40 | Current Best: 47.23
Agent Steps: 0011M | FPS: 1455.7 | Last FPS: 1436.3 | Collect Time: 134.6 min | Train RL Time: 1.1 min | Mean Rewards: 44.10 | Current Best: 47.23
Agent Steps: 0011M | FPS: 1455.6 | Last FPS: 1428.3 | Collect Time: 135.0 min | Train RL Time: 1.1 min | Mean Rewards: 46.22 | Current Best: 47.23
Agent Steps: 0011M | FPS: 1455.6 | Last FPS: 1457.2 | Collect Time: 135.3 min | Train RL Time: 1.1 min | Mean Rewards: 45.50 | Current Best: 47.23
Agent Steps: 0011M | FPS: 1455.6 | Last FPS: 1432.1 | Collect Time: 135.7 min | Train RL Time: 1.1 min | Mean Rewards: 44.74 | Current Best: 47.23
Agent Steps: 0011M | FPS: 1455.5 | Last FPS: 1425.9 | Collect Time: 136.1 min | Train RL Time: 1.1 min | Mean Rewards: 37.99 | Current Best: 47.23
Agent Steps: 0012M | FPS: 1455.5 | Last FPS: 1438.5 | Collect Time: 136.5 min | Train RL Time: 1.1 min | Mean Rewards: 43.43 | Current Best: 47.23
Agent Steps: 0012M | FPS: 1455.5 | Last FPS: 1459.7 | Collect Time: 136.8 min | Train RL Time: 1.1 min | Mean Rewards: 45.75 | Current Best: 47.23
Agent Steps: 0012M | FPS: 1455.4 | Last FPS: 1427.5 | Collect Time: 137.2 min | Train RL Time: 1.1 min | Mean Rewards: 45.44 | Current Best: 47.23
Agent Steps: 0012M | FPS: 1455.3 | Last FPS: 1409.4 | Collect Time: 137.6 min | Train RL Time: 1.2 min | Mean Rewards: 45.50 | Current Best: 47.23
Agent Steps: 0012M | FPS: 1455.3 | Last FPS: 1462.7 | Collect Time: 138.0 min | Train RL Time: 1.2 min | Mean Rewards: 43.84 | Current Best: 47.23
Agent Steps: 0012M | FPS: 1455.3 | Last FPS: 1459.0 | Collect Time: 138.3 min | Train RL Time: 1.2 min | Mean Rewards: 43.79 | Current Best: 47.23
Agent Steps: 0012M | FPS: 1455.2 | Last FPS: 1439.5 | Collect Time: 138.7 min | Train RL Time: 1.2 min | Mean Rewards: 45.54 | Current Best: 47.23
Agent Steps: 0012M | FPS: 1455.3 | Last FPS: 1474.5 | Collect Time: 139.1 min | Train RL Time: 1.2 min | Mean Rewards: 44.02 | Current Best: 47.23
Agent Steps: 0012M | FPS: 1455.3 | Last FPS: 1473.5 | Collect Time: 139.5 min | Train RL Time: 1.2 min | Mean Rewards: 45.10 | Current Best: 47.23
Agent Steps: 0012M | FPS: 1455.3 | Last FPS: 1433.7 | Collect Time: 139.8 min | Train RL Time: 1.2 min | Mean Rewards: 46.35 | Current Best: 47.23
Agent Steps: 0012M | FPS: 1455.3 | Last FPS: 1451.1 | Collect Time: 140.2 min | Train RL Time: 1.2 min | Mean Rewards: 45.25 | Current Best: 47.23
Agent Steps: 0012M | FPS: 1455.3 | Last FPS: 1460.1 | Collect Time: 140.6 min | Train RL Time: 1.2 min | Mean Rewards: 44.89 | Current Best: 47.23
Agent Steps: 0012M | FPS: 1455.3 | Last FPS: 1454.5 | Collect Time: 140.9 min | Train RL Time: 1.2 min | Mean Rewards: 44.31 | Current Best: 47.23
Agent Steps: 0012M | FPS: 1455.3 | Last FPS: 1468.1 | Collect Time: 141.3 min | Train RL Time: 1.2 min | Mean Rewards: 46.31 | Current Best: 47.23
Agent Steps: 0012M | FPS: 1455.3 | Last FPS: 1463.9 | Collect Time: 141.7 min | Train RL Time: 1.2 min | Mean Rewards: 44.66 | Current Best: 47.23
Agent Steps: 0012M | FPS: 1455.3 | Last FPS: 1423.8 | Collect Time: 142.1 min | Train RL Time: 1.2 min | Mean Rewards: 44.69 | Current Best: 47.23
Agent Steps: 0012M | FPS: 1455.2 | Last FPS: 1420.9 | Collect Time: 142.4 min | Train RL Time: 1.2 min | Mean Rewards: 45.01 | Current Best: 47.23
Agent Steps: 0012M | FPS: 1455.2 | Last FPS: 1452.4 | Collect Time: 142.8 min | Train RL Time: 1.2 min | Mean Rewards: 41.58 | Current Best: 47.23
Agent Steps: 0012M | FPS: 1455.2 | Last FPS: 1459.0 | Collect Time: 143.2 min | Train RL Time: 1.2 min | Mean Rewards: 46.14 | Current Best: 47.23
Agent Steps: 0012M | FPS: 1455.2 | Last FPS: 1486.1 | Collect Time: 143.6 min | Train RL Time: 1.2 min | Mean Rewards: 45.27 | Current Best: 47.23
save current best reward: 47.37
Agent Steps: 0012M | FPS: 1455.3 | Last FPS: 1482.0 | Collect Time: 143.9 min | Train RL Time: 1.2 min | Mean Rewards: 47.37 | Current Best: 47.37
Agent Steps: 0012M | FPS: 1455.3 | Last FPS: 1440.3 | Collect Time: 144.3 min | Train RL Time: 1.2 min | Mean Rewards: 40.30 | Current Best: 47.37
Agent Steps: 0012M | FPS: 1455.3 | Last FPS: 1466.3 | Collect Time: 144.7 min | Train RL Time: 1.2 min | Mean Rewards: 44.46 | Current Best: 47.37
Agent Steps: 0012M | FPS: 1455.3 | Last FPS: 1443.9 | Collect Time: 145.0 min | Train RL Time: 1.2 min | Mean Rewards: 46.57 | Current Best: 47.37
Agent Steps: 0012M | FPS: 1455.4 | Last FPS: 1492.1 | Collect Time: 145.4 min | Train RL Time: 1.2 min | Mean Rewards: 44.51 | Current Best: 47.37
Agent Steps: 0012M | FPS: 1455.4 | Last FPS: 1461.0 | Collect Time: 145.8 min | Train RL Time: 1.2 min | Mean Rewards: 45.98 | Current Best: 47.37
Agent Steps: 0012M | FPS: 1455.4 | Last FPS: 1457.3 | Collect Time: 146.1 min | Train RL Time: 1.2 min | Mean Rewards: 44.68 | Current Best: 47.37
Agent Steps: 0012M | FPS: 1455.5 | Last FPS: 1488.8 | Collect Time: 146.5 min | Train RL Time: 1.2 min | Mean Rewards: 44.59 | Current Best: 47.37
Agent Steps: 0012M | FPS: 1455.5 | Last FPS: 1467.7 | Collect Time: 146.9 min | Train RL Time: 1.2 min | Mean Rewards: 45.34 | Current Best: 47.37
Agent Steps: 0012M | FPS: 1455.4 | Last FPS: 1435.7 | Collect Time: 147.3 min | Train RL Time: 1.2 min | Mean Rewards: 45.30 | Current Best: 47.37
Agent Steps: 0013M | FPS: 1455.4 | Last FPS: 1442.7 | Collect Time: 147.6 min | Train RL Time: 1.2 min | Mean Rewards: 44.97 | Current Best: 47.37
Agent Steps: 0013M | FPS: 1455.4 | Last FPS: 1432.9 | Collect Time: 148.0 min | Train RL Time: 1.2 min | Mean Rewards: 46.44 | Current Best: 47.37
Agent Steps: 0013M | FPS: 1455.3 | Last FPS: 1440.8 | Collect Time: 148.4 min | Train RL Time: 1.3 min | Mean Rewards: 46.81 | Current Best: 47.37
Agent Steps: 0013M | FPS: 1455.3 | Last FPS: 1449.2 | Collect Time: 148.8 min | Train RL Time: 1.3 min | Mean Rewards: 45.93 | Current Best: 47.37
[score] 已写出 logs/先抓后飞_无混合/2026-08-03_20-19-32/score_map.npz | 有效点 165/512 | 访问总量 114799
Agent Steps: 0013M | FPS: 1455.3 | Last FPS: 1439.7 | Collect Time: 149.1 min | Train RL Time: 1.3 min | Mean Rewards: 45.49 | Current Best: 47.37
Agent Steps: 0013M | FPS: 1455.3 | Last FPS: 1476.9 | Collect Time: 149.5 min | Train RL Time: 1.3 min | Mean Rewards: 44.75 | Current Best: 47.37
Agent Steps: 0013M | FPS: 1455.4 | Last FPS: 1470.2 | Collect Time: 149.9 min | Train RL Time: 1.3 min | Mean Rewards: 46.71 | Current Best: 47.37
Agent Steps: 0013M | FPS: 1455.3 | Last FPS: 1434.6 | Collect Time: 150.2 min | Train RL Time: 1.3 min | Mean Rewards: 46.32 | Current Best: 47.37
Agent Steps: 0013M | FPS: 1455.2 | Last FPS: 1410.3 | Collect Time: 150.6 min | Train RL Time: 1.3 min | Mean Rewards: 46.62 | Current Best: 47.37
Agent Steps: 0013M | FPS: 1455.1 | Last FPS: 1414.4 | Collect Time: 151.0 min | Train RL Time: 1.3 min | Mean Rewards: 42.81 | Current Best: 47.37
Agent Steps: 0013M | FPS: 1455.1 | Last FPS: 1469.7 | Collect Time: 151.4 min | Train RL Time: 1.3 min | Mean Rewards: 45.47 | Current Best: 47.37
Agent Steps: 0013M | FPS: 1455.1 | Last FPS: 1449.1 | Collect Time: 151.7 min | Train RL Time: 1.3 min | Mean Rewards: 44.31 | Current Best: 47.37
Agent Steps: 0013M | FPS: 1455.1 | Last FPS: 1455.0 | Collect Time: 152.1 min | Train RL Time: 1.3 min | Mean Rewards: 47.15 | Current Best: 47.37
Agent Steps: 0013M | FPS: 1455.0 | Last FPS: 1415.6 | Collect Time: 152.5 min | Train RL Time: 1.3 min | Mean Rewards: 45.58 | Current Best: 47.37
Agent Steps: 0013M | FPS: 1455.0 | Last FPS: 1447.3 | Collect Time: 152.9 min | Train RL Time: 1.3 min | Mean Rewards: 45.49 | Current Best: 47.37
Agent Steps: 0013M | FPS: 1455.0 | Last FPS: 1441.4 | Collect Time: 153.2 min | Train RL Time: 1.3 min | Mean Rewards: 44.60 | Current Best: 47.37
Agent Steps: 0013M | FPS: 1455.0 | Last FPS: 1472.8 | Collect Time: 153.6 min | Train RL Time: 1.3 min | Mean Rewards: 46.82 | Current Best: 47.37
Agent Steps: 0013M | FPS: 1455.0 | Last FPS: 1438.6 | Collect Time: 154.0 min | Train RL Time: 1.3 min | Mean Rewards: 46.92 | Current Best: 47.37
Agent Steps: 0013M | FPS: 1454.9 | Last FPS: 1439.6 | Collect Time: 154.4 min | Train RL Time: 1.3 min | Mean Rewards: 44.97 | Current Best: 47.37
Agent Steps: 0013M | FPS: 1454.9 | Last FPS: 1428.4 | Collect Time: 154.7 min | Train RL Time: 1.3 min | Mean Rewards: 45.58 | Current Best: 47.37
Agent Steps: 0013M | FPS: 1454.8 | Last FPS: 1429.7 | Collect Time: 155.1 min | Train RL Time: 1.3 min | Mean Rewards: 46.27 | Current Best: 47.37
Agent Steps: 0013M | FPS: 1454.7 | Last FPS: 1409.0 | Collect Time: 155.5 min | Train RL Time: 1.3 min | Mean Rewards: 46.02 | Current Best: 47.37
Agent Steps: 0013M | FPS: 1454.6 | Last FPS: 1415.0 | Collect Time: 155.9 min | Train RL Time: 1.3 min | Mean Rewards: 43.97 | Current Best: 47.37
Agent Steps: 0013M | FPS: 1454.5 | Last FPS: 1415.6 | Collect Time: 156.3 min | Train RL Time: 1.3 min | Mean Rewards: 45.21 | Current Best: 47.37
Agent Steps: 0013M | FPS: 1454.4 | Last FPS: 1417.9 | Collect Time: 156.7 min | Train RL Time: 1.3 min | Mean Rewards: 43.10 | Current Best: 47.37
Agent Steps: 0013M | FPS: 1454.3 | Last FPS: 1418.6 | Collect Time: 157.0 min | Train RL Time: 1.3 min | Mean Rewards: 43.98 | Current Best: 47.37
Agent Steps: 0013M | FPS: 1454.3 | Last FPS: 1445.5 | Collect Time: 157.4 min | Train RL Time: 1.3 min | Mean Rewards: 45.35 | Current Best: 47.37
Agent Steps: 0013M | FPS: 1454.3 | Last FPS: 1471.0 | Collect Time: 157.8 min | Train RL Time: 1.3 min | Mean Rewards: 46.68 | Current Best: 47.37
Agent Steps: 0013M | FPS: 1454.3 | Last FPS: 1458.9 | Collect Time: 158.1 min | Train RL Time: 1.3 min | Mean Rewards: 44.84 | Current Best: 47.37
Agent Steps: 0013M | FPS: 1454.4 | Last FPS: 1466.8 | Collect Time: 158.5 min | Train RL Time: 1.3 min | Mean Rewards: 44.39 | Current Best: 47.37
Agent Steps: 0013M | FPS: 1454.3 | Last FPS: 1445.1 | Collect Time: 158.9 min | Train RL Time: 1.3 min | Mean Rewards: 46.10 | Current Best: 47.37
Agent Steps: 0014M | FPS: 1454.3 | Last FPS: 1444.7 | Collect Time: 159.3 min | Train RL Time: 1.4 min | Mean Rewards: 46.80 | Current Best: 47.37
Agent Steps: 0014M | FPS: 1454.3 | Last FPS: 1463.8 | Collect Time: 159.6 min | Train RL Time: 1.4 min | Mean Rewards: 45.79 | Current Best: 47.37
Agent Steps: 0014M | FPS: 1454.4 | Last FPS: 1466.8 | Collect Time: 160.0 min | Train RL Time: 1.4 min | Mean Rewards: 46.99 | Current Best: 47.37
Agent Steps: 0014M | FPS: 1454.3 | Last FPS: 1422.6 | Collect Time: 160.4 min | Train RL Time: 1.4 min | Mean Rewards: 46.71 | Current Best: 47.37
Agent Steps: 0014M | FPS: 1454.3 | Last FPS: 1439.4 | Collect Time: 160.8 min | Train RL Time: 1.4 min | Mean Rewards: 45.92 | Current Best: 47.37
Agent Steps: 0014M | FPS: 1454.2 | Last FPS: 1409.2 | Collect Time: 161.1 min | Train RL Time: 1.4 min | Mean Rewards: 45.73 | Current Best: 47.37
Agent Steps: 0014M | FPS: 1454.2 | Last FPS: 1458.2 | Collect Time: 161.5 min | Train RL Time: 1.4 min | Mean Rewards: 44.40 | Current Best: 47.37
Agent Steps: 0014M | FPS: 1454.2 | Last FPS: 1456.2 | Collect Time: 161.9 min | Train RL Time: 1.4 min | Mean Rewards: 44.20 | Current Best: 47.37
Agent Steps: 0014M | FPS: 1454.1 | Last FPS: 1426.0 | Collect Time: 162.3 min | Train RL Time: 1.4 min | Mean Rewards: 45.87 | Current Best: 47.37
Agent Steps: 0014M | FPS: 1454.0 | Last FPS: 1398.2 | Collect Time: 162.7 min | Train RL Time: 1.4 min | Mean Rewards: 45.95 | Current Best: 47.37
Agent Steps: 0014M | FPS: 1453.9 | Last FPS: 1425.2 | Collect Time: 163.0 min | Train RL Time: 1.4 min | Mean Rewards: 44.65 | Current Best: 47.37
Agent Steps: 0014M | FPS: 1453.9 | Last FPS: 1431.7 | Collect Time: 163.4 min | Train RL Time: 1.4 min | Mean Rewards: 44.20 | Current Best: 47.37
Agent Steps: 0014M | FPS: 1453.8 | Last FPS: 1435.7 | Collect Time: 163.8 min | Train RL Time: 1.4 min | Mean Rewards: 44.46 | Current Best: 47.37
Agent Steps: 0014M | FPS: 1453.8 | Last FPS: 1441.4 | Collect Time: 164.2 min | Train RL Time: 1.4 min | Mean Rewards: 45.04 | Current Best: 47.37
Agent Steps: 0014M | FPS: 1453.8 | Last FPS: 1442.3 | Collect Time: 164.5 min | Train RL Time: 1.4 min | Mean Rewards: 46.70 | Current Best: 47.37
Agent Steps: 0014M | FPS: 1453.8 | Last FPS: 1489.6 | Collect Time: 164.9 min | Train RL Time: 1.4 min | Mean Rewards: 45.18 | Current Best: 47.37
Agent Steps: 0014M | FPS: 1453.9 | Last FPS: 1469.4 | Collect Time: 165.3 min | Train RL Time: 1.4 min | Mean Rewards: 45.60 | Current Best: 47.37
Agent Steps: 0014M | FPS: 1453.9 | Last FPS: 1458.0 | Collect Time: 165.6 min | Train RL Time: 1.4 min | Mean Rewards: 46.75 | Current Best: 47.37
Agent Steps: 0014M | FPS: 1453.9 | Last FPS: 1443.6 | Collect Time: 166.0 min | Train RL Time: 1.4 min | Mean Rewards: 45.21 | Current Best: 47.37
Agent Steps: 0014M | FPS: 1453.9 | Last FPS: 1492.6 | Collect Time: 166.4 min | Train RL Time: 1.4 min | Mean Rewards: 45.79 | Current Best: 47.37
Agent Steps: 0014M | FPS: 1454.0 | Last FPS: 1488.4 | Collect Time: 166.7 min | Train RL Time: 1.4 min | Mean Rewards: 46.60 | Current Best: 47.37
Agent Steps: 0014M | FPS: 1454.1 | Last FPS: 1486.6 | Collect Time: 167.1 min | Train RL Time: 1.4 min | Mean Rewards: 46.89 | Current Best: 47.37
Agent Steps: 0014M | FPS: 1454.0 | Last FPS: 1407.6 | Collect Time: 167.5 min | Train RL Time: 1.4 min | Mean Rewards: 46.64 | Current Best: 47.37
Agent Steps: 0014M | FPS: 1453.9 | Last FPS: 1416.0 | Collect Time: 167.9 min | Train RL Time: 1.4 min | Mean Rewards: 45.79 | Current Best: 47.37
Agent Steps: 0014M | FPS: 1453.9 | Last FPS: 1444.5 | Collect Time: 168.2 min | Train RL Time: 1.4 min | Mean Rewards: 45.76 | Current Best: 47.37
Agent Steps: 0014M | FPS: 1453.8 | Last FPS: 1424.4 | Collect Time: 168.6 min | Train RL Time: 1.4 min | Mean Rewards: 46.20 | Current Best: 47.37
Agent Steps: 0014M | FPS: 1453.8 | Last FPS: 1436.9 | Collect Time: 169.0 min | Train RL Time: 1.4 min | Mean Rewards: 44.70 | Current Best: 47.37
Agent Steps: 0014M | FPS: 1453.8 | Last FPS: 1455.8 | Collect Time: 169.4 min | Train RL Time: 1.4 min | Mean Rewards: 45.12 | Current Best: 47.37
Agent Steps: 0014M | FPS: 1453.9 | Last FPS: 1509.2 | Collect Time: 169.7 min | Train RL Time: 1.4 min | Mean Rewards: 45.73 | Current Best: 47.37
Agent Steps: 0014M | FPS: 1454.0 | Last FPS: 1488.0 | Collect Time: 170.1 min | Train RL Time: 1.4 min | Mean Rewards: 45.59 | Current Best: 47.37
Agent Steps: 0015M | FPS: 1454.0 | Last FPS: 1494.2 | Collect Time: 170.5 min | Train RL Time: 1.5 min | Mean Rewards: 46.24 | Current Best: 47.37
Agent Steps: 0015M | FPS: 1454.1 | Last FPS: 1476.1 | Collect Time: 170.8 min | Train RL Time: 1.5 min | Mean Rewards: 45.59 | Current Best: 47.37
Agent Steps: 0015M | FPS: 1454.2 | Last FPS: 1499.8 | Collect Time: 171.2 min | Train RL Time: 1.5 min | Mean Rewards: 45.99 | Current Best: 47.37
Agent Steps: 0015M | FPS: 1454.3 | Last FPS: 1481.6 | Collect Time: 171.5 min | Train RL Time: 1.5 min | Mean Rewards: 46.65 | Current Best: 47.37
Agent Steps: 0015M | FPS: 1454.3 | Last FPS: 1477.7 | Collect Time: 171.9 min | Train RL Time: 1.5 min | Mean Rewards: 44.83 | Current Best: 47.37
Agent Steps: 0015M | FPS: 1454.4 | Last FPS: 1480.9 | Collect Time: 172.3 min | Train RL Time: 1.5 min | Mean Rewards: 44.58 | Current Best: 47.37
Agent Steps: 0015M | FPS: 1454.4 | Last FPS: 1457.3 | Collect Time: 172.6 min | Train RL Time: 1.5 min | Mean Rewards: 45.22 | Current Best: 47.37
Agent Steps: 0015M | FPS: 1454.4 | Last FPS: 1461.1 | Collect Time: 173.0 min | Train RL Time: 1.5 min | Mean Rewards: 45.67 | Current Best: 47.37
Agent Steps: 0015M | FPS: 1454.4 | Last FPS: 1450.5 | Collect Time: 173.4 min | Train RL Time: 1.5 min | Mean Rewards: 45.82 | Current Best: 47.37
Agent Steps: 0015M | FPS: 1454.4 | Last FPS: 1445.6 | Collect Time: 173.8 min | Train RL Time: 1.5 min | Mean Rewards: 46.76 | Current Best: 47.37
Agent Steps: 0015M | FPS: 1454.4 | Last FPS: 1485.1 | Collect Time: 174.1 min | Train RL Time: 1.5 min | Mean Rewards: 46.36 | Current Best: 47.37
Agent Steps: 0015M | FPS: 1454.5 | Last FPS: 1497.6 | Collect Time: 174.5 min | Train RL Time: 1.5 min | Mean Rewards: 44.67 | Current Best: 47.37
Agent Steps: 0015M | FPS: 1454.6 | Last FPS: 1492.8 | Collect Time: 174.9 min | Train RL Time: 1.5 min | Mean Rewards: 45.76 | Current Best: 47.37
Agent Steps: 0015M | FPS: 1454.7 | Last FPS: 1497.8 | Collect Time: 175.2 min | Train RL Time: 1.5 min | Mean Rewards: 44.77 | Current Best: 47.37
Agent Steps: 0015M | FPS: 1454.7 | Last FPS: 1471.4 | Collect Time: 175.6 min | Train RL Time: 1.5 min | Mean Rewards: 45.72 | Current Best: 47.37
Agent Steps: 0015M | FPS: 1454.6 | Last FPS: 1424.9 | Collect Time: 176.0 min | Train RL Time: 1.5 min | Mean Rewards: 44.06 | Current Best: 47.37
Agent Steps: 0015M | FPS: 1454.6 | Last FPS: 1445.7 | Collect Time: 176.3 min | Train RL Time: 1.5 min | Mean Rewards: 43.94 | Current Best: 47.37
Agent Steps: 0015M | FPS: 1454.6 | Last FPS: 1439.7 | Collect Time: 176.7 min | Train RL Time: 1.5 min | Mean Rewards: 46.30 | Current Best: 47.37
Agent Steps: 0015M | FPS: 1454.6 | Last FPS: 1446.0 | Collect Time: 177.1 min | Train RL Time: 1.5 min | Mean Rewards: 47.29 | Current Best: 47.37
Agent Steps: 0015M | FPS: 1454.5 | Last FPS: 1427.1 | Collect Time: 177.5 min | Train RL Time: 1.5 min | Mean Rewards: 46.67 | Current Best: 47.37
Agent Steps: 0015M | FPS: 1454.4 | Last FPS: 1422.6 | Collect Time: 177.8 min | Train RL Time: 1.5 min | Mean Rewards: 46.23 | Current Best: 47.37
Agent Steps: 0015M | FPS: 1454.4 | Last FPS: 1425.7 | Collect Time: 178.2 min | Train RL Time: 1.5 min | Mean Rewards: 47.10 | Current Best: 47.37
Agent Steps: 0015M | FPS: 1454.4 | Last FPS: 1443.1 | Collect Time: 178.6 min | Train RL Time: 1.5 min | Mean Rewards: 45.66 | Current Best: 47.37
Agent Steps: 0015M | FPS: 1454.3 | Last FPS: 1437.6 | Collect Time: 179.0 min | Train RL Time: 1.5 min | Mean Rewards: 47.35 | Current Best: 47.37
Agent Steps: 0015M | FPS: 1454.3 | Last FPS: 1433.7 | Collect Time: 179.4 min | Train RL Time: 1.5 min | Mean Rewards: 46.14 | Current Best: 47.37
Agent Steps: 0015M | FPS: 1454.2 | Last FPS: 1435.6 | Collect Time: 179.7 min | Train RL Time: 1.5 min | Mean Rewards: 47.35 | Current Best: 47.37
Agent Steps: 0015M | FPS: 1454.3 | Last FPS: 1476.8 | Collect Time: 180.1 min | Train RL Time: 1.5 min | Mean Rewards: 47.16 | Current Best: 47.37
Agent Steps: 0015M | FPS: 1454.3 | Last FPS: 1474.5 | Collect Time: 180.5 min | Train RL Time: 1.5 min | Mean Rewards: 46.88 | Current Best: 47.37
Agent Steps: 0015M | FPS: 1454.4 | Last FPS: 1477.8 | Collect Time: 180.8 min | Train RL Time: 1.5 min | Mean Rewards: 42.90 | Current Best: 47.37
Agent Steps: 0015M | FPS: 1454.4 | Last FPS: 1445.0 | Collect Time: 181.2 min | Train RL Time: 1.5 min | Mean Rewards: 46.22 | Current Best: 47.37
Agent Steps: 0015M | FPS: 1454.3 | Last FPS: 1446.9 | Collect Time: 181.6 min | Train RL Time: 1.6 min | Mean Rewards: 46.47 | Current Best: 47.37
Agent Steps: 0016M | FPS: 1454.4 | Last FPS: 1472.4 | Collect Time: 181.9 min | Train RL Time: 1.6 min | Mean Rewards: 45.98 | Current Best: 47.37
Agent Steps: 0016M | FPS: 1454.4 | Last FPS: 1484.8 | Collect Time: 182.3 min | Train RL Time: 1.6 min | Mean Rewards: 46.04 | Current Best: 47.37
Agent Steps: 0016M | FPS: 1454.5 | Last FPS: 1486.1 | Collect Time: 182.7 min | Train RL Time: 1.6 min | Mean Rewards: 46.40 | Current Best: 47.37
Agent Steps: 0016M | FPS: 1454.6 | Last FPS: 1495.9 | Collect Time: 183.0 min | Train RL Time: 1.6 min | Mean Rewards: 45.68 | Current Best: 47.37
Agent Steps: 0016M | FPS: 1454.6 | Last FPS: 1470.8 | Collect Time: 183.4 min | Train RL Time: 1.6 min | Mean Rewards: 46.80 | Current Best: 47.37
Agent Steps: 0016M | FPS: 1454.6 | Last FPS: 1440.1 | Collect Time: 183.8 min | Train RL Time: 1.6 min | Mean Rewards: 46.00 | Current Best: 47.37
Agent Steps: 0016M | FPS: 1454.5 | Last FPS: 1425.3 | Collect Time: 184.2 min | Train RL Time: 1.6 min | Mean Rewards: 45.09 | Current Best: 47.37
Agent Steps: 0016M | FPS: 1454.5 | Last FPS: 1446.5 | Collect Time: 184.5 min | Train RL Time: 1.6 min | Mean Rewards: 45.89 | Current Best: 47.37
Agent Steps: 0016M | FPS: 1454.5 | Last FPS: 1455.3 | Collect Time: 184.9 min | Train RL Time: 1.6 min | Mean Rewards: 45.74 | Current Best: 47.37
Agent Steps: 0016M | FPS: 1454.5 | Last FPS: 1443.6 | Collect Time: 185.3 min | Train RL Time: 1.6 min | Mean Rewards: 46.86 | Current Best: 47.37
Agent Steps: 0016M | FPS: 1454.5 | Last FPS: 1449.0 | Collect Time: 185.7 min | Train RL Time: 1.6 min | Mean Rewards: 45.49 | Current Best: 47.37
Agent Steps: 0016M | FPS: 1454.5 | Last FPS: 1438.5 | Collect Time: 186.0 min | Train RL Time: 1.6 min | Mean Rewards: 46.12 | Current Best: 47.37
[score] 已写出 logs/先抓后飞_无混合/2026-08-03_20-19-32/score_map.npz | 有效点 170/512 | 访问总量 146384
Agent Steps: 0016M | FPS: 1454.4 | Last FPS: 1432.8 | Collect Time: 186.4 min | Train RL Time: 1.6 min | Mean Rewards: 45.22 | Current Best: 47.37
Agent Steps: 0016M | FPS: 1454.4 | Last FPS: 1427.9 | Collect Time: 186.8 min | Train RL Time: 1.6 min | Mean Rewards: 47.18 | Current Best: 47.37
Agent Steps: 0016M | FPS: 1454.3 | Last FPS: 1442.6 | Collect Time: 187.2 min | Train RL Time: 1.6 min | Mean Rewards: 44.44 | Current Best: 47.37
Agent Steps: 0016M | FPS: 1454.3 | Last FPS: 1449.8 | Collect Time: 187.5 min | Train RL Time: 1.6 min | Mean Rewards: 45.09 | Current Best: 47.37
Agent Steps: 0016M | FPS: 1454.3 | Last FPS: 1443.3 | Collect Time: 187.9 min | Train RL Time: 1.6 min | Mean Rewards: 46.72 | Current Best: 47.37
Agent Steps: 0016M | FPS: 1454.3 | Last FPS: 1451.1 | Collect Time: 188.3 min | Train RL Time: 1.6 min | Mean Rewards: 45.49 | Current Best: 47.37
Agent Steps: 0016M | FPS: 1454.3 | Last FPS: 1437.9 | Collect Time: 188.7 min | Train RL Time: 1.6 min | Mean Rewards: 45.62 | Current Best: 47.37
Agent Steps: 0016M | FPS: 1454.2 | Last FPS: 1405.6 | Collect Time: 189.0 min | Train RL Time: 1.6 min | Mean Rewards: 45.42 | Current Best: 47.37
Agent Steps: 0016M | FPS: 1454.1 | Last FPS: 1420.1 | Collect Time: 189.4 min | Train RL Time: 1.6 min | Mean Rewards: 45.71 | Current Best: 47.37
Agent Steps: 0016M | FPS: 1454.1 | Last FPS: 1443.0 | Collect Time: 189.8 min | Train RL Time: 1.6 min | Mean Rewards: 46.24 | Current Best: 47.37
Agent Steps: 0016M | FPS: 1454.0 | Last FPS: 1437.5 | Collect Time: 190.2 min | Train RL Time: 1.6 min | Mean Rewards: 46.86 | Current Best: 47.37
Agent Steps: 0016M | FPS: 1454.0 | Last FPS: 1451.2 | Collect Time: 190.5 min | Train RL Time: 1.6 min | Mean Rewards: 44.66 | Current Best: 47.37
Agent Steps: 0016M | FPS: 1454.0 | Last FPS: 1424.5 | Collect Time: 190.9 min | Train RL Time: 1.6 min | Mean Rewards: 46.03 | Current Best: 47.37
Agent Steps: 0016M | FPS: 1454.0 | Last FPS: 1450.7 | Collect Time: 191.3 min | Train RL Time: 1.6 min | Mean Rewards: 47.03 | Current Best: 47.37
Agent Steps: 0016M | FPS: 1454.0 | Last FPS: 1483.6 | Collect Time: 191.7 min | Train RL Time: 1.6 min | Mean Rewards: 47.08 | Current Best: 47.37
Agent Steps: 0016M | FPS: 1454.1 | Last FPS: 1469.7 | Collect Time: 192.0 min | Train RL Time: 1.6 min | Mean Rewards: 45.57 | Current Best: 47.37
save current best reward: 47.65
Agent Steps: 0016M | FPS: 1454.1 | Last FPS: 1463.3 | Collect Time: 192.4 min | Train RL Time: 1.6 min | Mean Rewards: 47.65 | Current Best: 47.65
Agent Steps: 0016M | FPS: 1454.1 | Last FPS: 1457.8 | Collect Time: 192.8 min | Train RL Time: 1.6 min | Mean Rewards: 44.41 | Current Best: 47.65
Agent Steps: 0017M | FPS: 1454.1 | Last FPS: 1462.4 | Collect Time: 193.1 min | Train RL Time: 1.7 min | Mean Rewards: 44.65 | Current Best: 47.65
Agent Steps: 0017M | FPS: 1454.1 | Last FPS: 1469.2 | Collect Time: 193.5 min | Train RL Time: 1.7 min | Mean Rewards: 46.07 | Current Best: 47.65
Agent Steps: 0017M | FPS: 1454.1 | Last FPS: 1451.0 | Collect Time: 193.9 min | Train RL Time: 1.7 min | Mean Rewards: 44.61 | Current Best: 47.65
Agent Steps: 0017M | FPS: 1454.1 | Last FPS: 1448.3 | Collect Time: 194.3 min | Train RL Time: 1.7 min | Mean Rewards: 44.58 | Current Best: 47.65
Agent Steps: 0017M | FPS: 1454.1 | Last FPS: 1446.1 | Collect Time: 194.6 min | Train RL Time: 1.7 min | Mean Rewards: 46.68 | Current Best: 47.65
Agent Steps: 0017M | FPS: 1454.1 | Last FPS: 1440.3 | Collect Time: 195.0 min | Train RL Time: 1.7 min | Mean Rewards: 46.82 | Current Best: 47.65
Agent Steps: 0017M | FPS: 1454.1 | Last FPS: 1477.2 | Collect Time: 195.4 min | Train RL Time: 1.7 min | Mean Rewards: 44.96 | Current Best: 47.65
Agent Steps: 0017M | FPS: 1454.1 | Last FPS: 1458.2 | Collect Time: 195.7 min | Train RL Time: 1.7 min | Mean Rewards: 45.37 | Current Best: 47.65
Agent Steps: 0017M | FPS: 1454.1 | Last FPS: 1461.9 | Collect Time: 196.1 min | Train RL Time: 1.7 min | Mean Rewards: 46.34 | Current Best: 47.65
Agent Steps: 0017M | FPS: 1454.1 | Last FPS: 1419.3 | Collect Time: 196.5 min | Train RL Time: 1.7 min | Mean Rewards: 46.02 | Current Best: 47.65
Agent Steps: 0017M | FPS: 1454.0 | Last FPS: 1405.4 | Collect Time: 196.9 min | Train RL Time: 1.7 min | Mean Rewards: 45.33 | Current Best: 47.65
Agent Steps: 0017M | FPS: 1453.9 | Last FPS: 1403.8 | Collect Time: 197.3 min | Train RL Time: 1.7 min | Mean Rewards: 47.10 | Current Best: 47.65
Agent Steps: 0017M | FPS: 1453.8 | Last FPS: 1428.7 | Collect Time: 197.6 min | Train RL Time: 1.7 min | Mean Rewards: 45.94 | Current Best: 47.65
Agent Steps: 0017M | FPS: 1453.8 | Last FPS: 1454.6 | Collect Time: 198.0 min | Train RL Time: 1.7 min | Mean Rewards: 46.35 | Current Best: 47.65
Agent Steps: 0017M | FPS: 1453.8 | Last FPS: 1459.8 | Collect Time: 198.4 min | Train RL Time: 1.7 min | Mean Rewards: 45.95 | Current Best: 47.65
Agent Steps: 0017M | FPS: 1453.8 | Last FPS: 1432.6 | Collect Time: 198.8 min | Train RL Time: 1.7 min | Mean Rewards: 43.92 | Current Best: 47.65
Agent Steps: 0017M | FPS: 1453.8 | Last FPS: 1461.1 | Collect Time: 199.1 min | Train RL Time: 1.7 min | Mean Rewards: 45.24 | Current Best: 47.65
Agent Steps: 0017M | FPS: 1453.8 | Last FPS: 1470.4 | Collect Time: 199.5 min | Train RL Time: 1.7 min | Mean Rewards: 46.06 | Current Best: 47.65
Agent Steps: 0017M | FPS: 1453.9 | Last FPS: 1465.3 | Collect Time: 199.9 min | Train RL Time: 1.7 min | Mean Rewards: 46.16 | Current Best: 47.65
Agent Steps: 0017M | FPS: 1453.9 | Last FPS: 1456.5 | Collect Time: 200.2 min | Train RL Time: 1.7 min | Mean Rewards: 44.52 | Current Best: 47.65
Agent Steps: 0017M | FPS: 1453.9 | Last FPS: 1469.1 | Collect Time: 200.6 min | Train RL Time: 1.7 min | Mean Rewards: 45.74 | Current Best: 47.65
Agent Steps: 0017M | FPS: 1453.9 | Last FPS: 1455.4 | Collect Time: 201.0 min | Train RL Time: 1.7 min | Mean Rewards: 46.52 | Current Best: 47.65
Agent Steps: 0017M | FPS: 1453.9 | Last FPS: 1456.7 | Collect Time: 201.4 min | Train RL Time: 1.7 min | Mean Rewards: 46.19 | Current Best: 47.65
Agent Steps: 0017M | FPS: 1453.8 | Last FPS: 1421.3 | Collect Time: 201.7 min | Train RL Time: 1.7 min | Mean Rewards: 45.59 | Current Best: 47.65
Agent Steps: 0017M | FPS: 1453.9 | Last FPS: 1465.1 | Collect Time: 202.1 min | Train RL Time: 1.7 min | Mean Rewards: 46.28 | Current Best: 47.65
Agent Steps: 0017M | FPS: 1453.9 | Last FPS: 1487.4 | Collect Time: 202.5 min | Train RL Time: 1.7 min | Mean Rewards: 46.13 | Current Best: 47.65
Agent Steps: 0017M | FPS: 1453.9 | Last FPS: 1451.0 | Collect Time: 202.8 min | Train RL Time: 1.7 min | Mean Rewards: 43.01 | Current Best: 47.65
Agent Steps: 0017M | FPS: 1453.9 | Last FPS: 1427.5 | Collect Time: 203.2 min | Train RL Time: 1.7 min | Mean Rewards: 46.20 | Current Best: 47.65
Agent Steps: 0017M | FPS: 1453.8 | Last FPS: 1444.8 | Collect Time: 203.6 min | Train RL Time: 1.7 min | Mean Rewards: 46.28 | Current Best: 47.65
Agent Steps: 0017M | FPS: 1453.8 | Last FPS: 1443.1 | Collect Time: 204.0 min | Train RL Time: 1.8 min | Mean Rewards: 46.29 | Current Best: 47.65
Agent Steps: 0017M | FPS: 1453.8 | Last FPS: 1445.3 | Collect Time: 204.3 min | Train RL Time: 1.8 min | Mean Rewards: 45.39 | Current Best: 47.65
Agent Steps: 0018M | FPS: 1453.7 | Last FPS: 1415.4 | Collect Time: 204.7 min | Train RL Time: 1.8 min | Mean Rewards: 45.17 | Current Best: 47.65
Agent Steps: 0018M | FPS: 1453.8 | Last FPS: 1476.3 | Collect Time: 205.1 min | Train RL Time: 1.8 min | Mean Rewards: 46.22 | Current Best: 47.65
Agent Steps: 0018M | FPS: 1453.8 | Last FPS: 1452.7 | Collect Time: 205.5 min | Train RL Time: 1.8 min | Mean Rewards: 45.08 | Current Best: 47.65
Agent Steps: 0018M | FPS: 1453.8 | Last FPS: 1458.3 | Collect Time: 205.8 min | Train RL Time: 1.8 min | Mean Rewards: 46.20 | Current Best: 47.65
Agent Steps: 0018M | FPS: 1453.8 | Last FPS: 1476.3 | Collect Time: 206.2 min | Train RL Time: 1.8 min | Mean Rewards: 47.38 | Current Best: 47.65
Agent Steps: 0018M | FPS: 1453.9 | Last FPS: 1487.9 | Collect Time: 206.6 min | Train RL Time: 1.8 min | Mean Rewards: 45.92 | Current Best: 47.65
Agent Steps: 0018M | FPS: 1453.9 | Last FPS: 1450.2 | Collect Time: 206.9 min | Train RL Time: 1.8 min | Mean Rewards: 45.95 | Current Best: 47.65
Agent Steps: 0018M | FPS: 1453.9 | Last FPS: 1463.8 | Collect Time: 207.3 min | Train RL Time: 1.8 min | Mean Rewards: 46.74 | Current Best: 47.65
Agent Steps: 0018M | FPS: 1453.9 | Last FPS: 1450.3 | Collect Time: 207.7 min | Train RL Time: 1.8 min | Mean Rewards: 46.85 | Current Best: 47.65
Agent Steps: 0018M | FPS: 1453.8 | Last FPS: 1430.3 | Collect Time: 208.1 min | Train RL Time: 1.8 min | Mean Rewards: 45.85 | Current Best: 47.65
Agent Steps: 0018M | FPS: 1453.8 | Last FPS: 1436.0 | Collect Time: 208.4 min | Train RL Time: 1.8 min | Mean Rewards: 44.81 | Current Best: 47.65
Agent Steps: 0018M | FPS: 1453.8 | Last FPS: 1434.1 | Collect Time: 208.8 min | Train RL Time: 1.8 min | Mean Rewards: 46.36 | Current Best: 47.65
Agent Steps: 0018M | FPS: 1453.8 | Last FPS: 1444.9 | Collect Time: 209.2 min | Train RL Time: 1.8 min | Mean Rewards: 44.58 | Current Best: 47.65
Agent Steps: 0018M | FPS: 1453.7 | Last FPS: 1443.6 | Collect Time: 209.6 min | Train RL Time: 1.8 min | Mean Rewards: 45.90 | Current Best: 47.65
Agent Steps: 0018M | FPS: 1453.8 | Last FPS: 1467.8 | Collect Time: 209.9 min | Train RL Time: 1.8 min | Mean Rewards: 45.62 | Current Best: 47.65
Agent Steps: 0018M | FPS: 1453.7 | Last FPS: 1426.3 | Collect Time: 210.3 min | Train RL Time: 1.8 min | Mean Rewards: 44.18 | Current Best: 47.65
Agent Steps: 0018M | FPS: 1453.7 | Last FPS: 1437.3 | Collect Time: 210.7 min | Train RL Time: 1.8 min | Mean Rewards: 46.13 | Current Best: 47.65
Agent Steps: 0018M | FPS: 1453.7 | Last FPS: 1470.1 | Collect Time: 211.1 min | Train RL Time: 1.8 min | Mean Rewards: 44.45 | Current Best: 47.65
Agent Steps: 0018M | FPS: 1453.8 | Last FPS: 1498.4 | Collect Time: 211.4 min | Train RL Time: 1.8 min | Mean Rewards: 45.48 | Current Best: 47.65
Agent Steps: 0018M | FPS: 1453.8 | Last FPS: 1458.1 | Collect Time: 211.8 min | Train RL Time: 1.8 min | Mean Rewards: 45.78 | Current Best: 47.65
Agent Steps: 0018M | FPS: 1453.7 | Last FPS: 1423.1 | Collect Time: 212.2 min | Train RL Time: 1.8 min | Mean Rewards: 46.46 | Current Best: 47.65
Agent Steps: 0018M | FPS: 1453.8 | Last FPS: 1463.3 | Collect Time: 212.5 min | Train RL Time: 1.8 min | Mean Rewards: 44.26 | Current Best: 47.65
Agent Steps: 0018M | FPS: 1453.8 | Last FPS: 1453.1 | Collect Time: 212.9 min | Train RL Time: 1.8 min | Mean Rewards: 46.15 | Current Best: 47.65
Agent Steps: 0018M | FPS: 1453.7 | Last FPS: 1432.4 | Collect Time: 213.3 min | Train RL Time: 1.8 min | Mean Rewards: 46.06 | Current Best: 47.65
Agent Steps: 0018M | FPS: 1453.7 | Last FPS: 1416.6 | Collect Time: 213.7 min | Train RL Time: 1.8 min | Mean Rewards: 46.46 | Current Best: 47.65
Agent Steps: 0018M | FPS: 1453.7 | Last FPS: 1451.0 | Collect Time: 214.0 min | Train RL Time: 1.8 min | Mean Rewards: 45.02 | Current Best: 47.65
Agent Steps: 0018M | FPS: 1453.6 | Last FPS: 1428.8 | Collect Time: 214.4 min | Train RL Time: 1.8 min | Mean Rewards: 46.67 | Current Best: 47.65
Agent Steps: 0018M | FPS: 1453.5 | Last FPS: 1403.9 | Collect Time: 214.8 min | Train RL Time: 1.8 min | Mean Rewards: 45.62 | Current Best: 47.65
Agent Steps: 0018M | FPS: 1453.5 | Last FPS: 1424.4 | Collect Time: 215.2 min | Train RL Time: 1.8 min | Mean Rewards: 47.08 | Current Best: 47.65
Agent Steps: 0018M | FPS: 1453.4 | Last FPS: 1440.2 | Collect Time: 215.6 min | Train RL Time: 1.8 min | Mean Rewards: 46.20 | Current Best: 47.65
Agent Steps: 0019M | FPS: 1453.4 | Last FPS: 1426.0 | Collect Time: 215.9 min | Train RL Time: 1.9 min | Mean Rewards: 46.98 | Current Best: 47.65
Agent Steps: 0019M | FPS: 1453.4 | Last FPS: 1431.3 | Collect Time: 216.3 min | Train RL Time: 1.9 min | Mean Rewards: 46.60 | Current Best: 47.65
Agent Steps: 0019M | FPS: 1453.3 | Last FPS: 1437.9 | Collect Time: 216.7 min | Train RL Time: 1.9 min | Mean Rewards: 46.80 | Current Best: 47.65
Agent Steps: 0019M | FPS: 1453.4 | Last FPS: 1505.2 | Collect Time: 217.1 min | Train RL Time: 1.9 min | Mean Rewards: 45.85 | Current Best: 47.65
Agent Steps: 0019M | FPS: 1453.4 | Last FPS: 1460.8 | Collect Time: 217.4 min | Train RL Time: 1.9 min | Mean Rewards: 46.75 | Current Best: 47.65
Agent Steps: 0019M | FPS: 1453.5 | Last FPS: 1481.1 | Collect Time: 217.8 min | Train RL Time: 1.9 min | Mean Rewards: 43.88 | Current Best: 47.65
Agent Steps: 0019M | FPS: 1453.5 | Last FPS: 1437.7 | Collect Time: 218.2 min | Train RL Time: 1.9 min | Mean Rewards: 45.51 | Current Best: 47.65
Agent Steps: 0019M | FPS: 1453.4 | Last FPS: 1449.5 | Collect Time: 218.5 min | Train RL Time: 1.9 min | Mean Rewards: 47.01 | Current Best: 47.65
Agent Steps: 0019M | FPS: 1453.5 | Last FPS: 1490.5 | Collect Time: 218.9 min | Train RL Time: 1.9 min | Mean Rewards: 46.85 | Current Best: 47.65
Agent Steps: 0019M | FPS: 1453.5 | Last FPS: 1474.8 | Collect Time: 219.3 min | Train RL Time: 1.9 min | Mean Rewards: 47.01 | Current Best: 47.65
Agent Steps: 0019M | FPS: 1453.6 | Last FPS: 1465.5 | Collect Time: 219.6 min | Train RL Time: 1.9 min | Mean Rewards: 47.32 | Current Best: 47.65
Agent Steps: 0019M | FPS: 1453.6 | Last FPS: 1455.0 | Collect Time: 220.0 min | Train RL Time: 1.9 min | Mean Rewards: 46.88 | Current Best: 47.65
Agent Steps: 0019M | FPS: 1453.6 | Last FPS: 1489.1 | Collect Time: 220.4 min | Train RL Time: 1.9 min | Mean Rewards: 47.15 | Current Best: 47.65
Agent Steps: 0019M | FPS: 1453.6 | Last FPS: 1468.5 | Collect Time: 220.7 min | Train RL Time: 1.9 min | Mean Rewards: 45.72 | Current Best: 47.65
Agent Steps: 0019M | FPS: 1453.6 | Last FPS: 1442.4 | Collect Time: 221.1 min | Train RL Time: 1.9 min | Mean Rewards: 44.61 | Current Best: 47.65
Agent Steps: 0019M | FPS: 1453.6 | Last FPS: 1429.2 | Collect Time: 221.5 min | Train RL Time: 1.9 min | Mean Rewards: 46.74 | Current Best: 47.65
Agent Steps: 0019M | FPS: 1453.6 | Last FPS: 1464.6 | Collect Time: 221.9 min | Train RL Time: 1.9 min | Mean Rewards: 46.73 | Current Best: 47.65
Agent Steps: 0019M | FPS: 1453.6 | Last FPS: 1466.7 | Collect Time: 222.2 min | Train RL Time: 1.9 min | Mean Rewards: 46.54 | Current Best: 47.65
Agent Steps: 0019M | FPS: 1453.7 | Last FPS: 1469.4 | Collect Time: 222.6 min | Train RL Time: 1.9 min | Mean Rewards: 47.10 | Current Best: 47.65
Agent Steps: 0019M | FPS: 1453.7 | Last FPS: 1453.7 | Collect Time: 223.0 min | Train RL Time: 1.9 min | Mean Rewards: 45.37 | Current Best: 47.65
Agent Steps: 0019M | FPS: 1453.7 | Last FPS: 1479.9 | Collect Time: 223.3 min | Train RL Time: 1.9 min | Mean Rewards: 45.81 | Current Best: 47.65
[score] 已写出 logs/先抓后飞_无混合/2026-08-03_20-19-32/score_map.npz | 有效点 173/512 | 访问总量 176825
Agent Steps: 0019M | FPS: 1453.8 | Last FPS: 1487.9 | Collect Time: 223.7 min | Train RL Time: 1.9 min | Mean Rewards: 46.70 | Current Best: 47.65
Agent Steps: 0019M | FPS: 1453.7 | Last FPS: 1443.5 | Collect Time: 224.1 min | Train RL Time: 1.9 min | Mean Rewards: 46.56 | Current Best: 47.65
Agent Steps: 0019M | FPS: 1453.7 | Last FPS: 1458.0 | Collect Time: 224.4 min | Train RL Time: 1.9 min | Mean Rewards: 46.25 | Current Best: 47.65
Agent Steps: 0019M | FPS: 1453.7 | Last FPS: 1457.4 | Collect Time: 224.8 min | Train RL Time: 1.9 min | Mean Rewards: 46.31 | Current Best: 47.65
Agent Steps: 0019M | FPS: 1453.7 | Last FPS: 1449.0 | Collect Time: 225.2 min | Train RL Time: 1.9 min | Mean Rewards: 44.71 | Current Best: 47.65
Agent Steps: 0019M | FPS: 1453.7 | Last FPS: 1451.7 | Collect Time: 225.6 min | Train RL Time: 1.9 min | Mean Rewards: 45.49 | Current Best: 47.65
Agent Steps: 0019M | FPS: 1453.8 | Last FPS: 1517.8 | Collect Time: 225.9 min | Train RL Time: 1.9 min | Mean Rewards: 46.67 | Current Best: 47.65
Agent Steps: 0019M | FPS: 1453.8 | Last FPS: 1451.8 | Collect Time: 226.3 min | Train RL Time: 1.9 min | Mean Rewards: 44.88 | Current Best: 47.65
Agent Steps: 0019M | FPS: 1453.9 | Last FPS: 1479.7 | Collect Time: 226.7 min | Train RL Time: 1.9 min | Mean Rewards: 46.29 | Current Best: 47.65
Agent Steps: 0019M | FPS: 1453.9 | Last FPS: 1459.2 | Collect Time: 227.0 min | Train RL Time: 1.9 min | Mean Rewards: 46.35 | Current Best: 47.65
Agent Steps: 0020M | FPS: 1453.9 | Last FPS: 1469.9 | Collect Time: 227.4 min | Train RL Time: 2.0 min | Mean Rewards: 46.46 | Current Best: 47.65
Agent Steps: 0020M | FPS: 1454.0 | Last FPS: 1488.3 | Collect Time: 227.8 min | Train RL Time: 2.0 min | Mean Rewards: 46.93 | Current Best: 47.65
Agent Steps: 0020M | FPS: 1454.0 | Last FPS: 1459.2 | Collect Time: 228.1 min | Train RL Time: 2.0 min | Mean Rewards: 46.46 | Current Best: 47.65
Agent Steps: 0020M | FPS: 1454.0 | Last FPS: 1450.5 | Collect Time: 228.5 min | Train RL Time: 2.0 min | Mean Rewards: 45.69 | Current Best: 47.65
Agent Steps: 0020M | FPS: 1453.9 | Last FPS: 1407.4 | Collect Time: 228.9 min | Train RL Time: 2.0 min | Mean Rewards: 46.68 | Current Best: 47.65
Agent Steps: 0020M | FPS: 1453.9 | Last FPS: 1449.9 | Collect Time: 229.3 min | Train RL Time: 2.0 min | Mean Rewards: 47.07 | Current Best: 47.65
Agent Steps: 0020M | FPS: 1453.9 | Last FPS: 1466.3 | Collect Time: 229.6 min | Train RL Time: 2.0 min | Mean Rewards: 46.45 | Current Best: 47.65
Agent Steps: 0020M | FPS: 1453.9 | Last FPS: 1466.9 | Collect Time: 230.0 min | Train RL Time: 2.0 min | Mean Rewards: 46.59 | Current Best: 47.65
Agent Steps: 0020M | FPS: 1453.9 | Last FPS: 1462.1 | Collect Time: 230.4 min | Train RL Time: 2.0 min | Mean Rewards: 44.82 | Current Best: 47.65
Agent Steps: 0020M | FPS: 1453.9 | Last FPS: 1445.8 | Collect Time: 230.7 min | Train RL Time: 2.0 min | Mean Rewards: 47.05 | Current Best: 47.65
Agent Steps: 0020M | FPS: 1453.9 | Last FPS: 1447.3 | Collect Time: 231.1 min | Train RL Time: 2.0 min | Mean Rewards: 45.06 | Current Best: 47.65
Agent Steps: 0020M | FPS: 1453.9 | Last FPS: 1420.4 | Collect Time: 231.5 min | Train RL Time: 2.0 min | Mean Rewards: 45.70 | Current Best: 47.65
Agent Steps: 0020M | FPS: 1453.9 | Last FPS: 1456.1 | Collect Time: 231.9 min | Train RL Time: 2.0 min | Mean Rewards: 46.44 | Current Best: 47.65
Agent Steps: 0020M | FPS: 1453.9 | Last FPS: 1461.4 | Collect Time: 232.2 min | Train RL Time: 2.0 min | Mean Rewards: 47.16 | Current Best: 47.65
Agent Steps: 0020M | FPS: 1453.9 | Last FPS: 1486.7 | Collect Time: 232.6 min | Train RL Time: 2.0 min | Mean Rewards: 41.88 | Current Best: 47.65
Agent Steps: 0020M | FPS: 1454.0 | Last FPS: 1478.0 | Collect Time: 233.0 min | Train RL Time: 2.0 min | Mean Rewards: 46.43 | Current Best: 47.65
Agent Steps: 0020M | FPS: 1454.0 | Last FPS: 1455.1 | Collect Time: 233.3 min | Train RL Time: 2.0 min | Mean Rewards: 46.37 | Current Best: 47.65
Agent Steps: 0020M | FPS: 1454.0 | Last FPS: 1469.9 | Collect Time: 233.7 min | Train RL Time: 2.0 min | Mean Rewards: 46.54 | Current Best: 47.65
Agent Steps: 0020M | FPS: 1454.0 | Last FPS: 1441.4 | Collect Time: 234.1 min | Train RL Time: 2.0 min | Mean Rewards: 46.03 | Current Best: 47.65
Agent Steps: 0020M | FPS: 1453.9 | Last FPS: 1428.0 | Collect Time: 234.5 min | Train RL Time: 2.0 min | Mean Rewards: 46.06 | Current Best: 47.65
Agent Steps: 0020M | FPS: 1453.9 | Last FPS: 1423.8 | Collect Time: 234.8 min | Train RL Time: 2.0 min | Mean Rewards: 46.47 | Current Best: 47.65
Agent Steps: 0020M | FPS: 1453.8 | Last FPS: 1430.2 | Collect Time: 235.2 min | Train RL Time: 2.0 min | Mean Rewards: 46.27 | Current Best: 47.65
Agent Steps: 0020M | FPS: 1453.8 | Last FPS: 1438.1 | Collect Time: 235.6 min | Train RL Time: 2.0 min | Mean Rewards: 47.06 | Current Best: 47.65
Agent Steps: 0020M | FPS: 1453.8 | Last FPS: 1471.2 | Collect Time: 236.0 min | Train RL Time: 2.0 min | Mean Rewards: 46.18 | Current Best: 47.65
Agent Steps: 0020M | FPS: 1453.9 | Last FPS: 1470.2 | Collect Time: 236.3 min | Train RL Time: 2.0 min | Mean Rewards: 46.67 | Current Best: 47.65
Agent Steps: 0020M | FPS: 1453.9 | Last FPS: 1443.4 | Collect Time: 236.7 min | Train RL Time: 2.0 min | Mean Rewards: 46.43 | Current Best: 47.65
Agent Steps: 0020M | FPS: 1453.9 | Last FPS: 1470.3 | Collect Time: 237.1 min | Train RL Time: 2.0 min | Mean Rewards: 46.74 | Current Best: 47.65
Agent Steps: 0020M | FPS: 1453.9 | Last FPS: 1464.6 | Collect Time: 237.5 min | Train RL Time: 2.0 min | Mean Rewards: 46.14 | Current Best: 47.65
Agent Steps: 0020M | FPS: 1453.9 | Last FPS: 1480.3 | Collect Time: 237.8 min | Train RL Time: 2.0 min | Mean Rewards: 46.44 | Current Best: 47.65
Agent Steps: 0020M | FPS: 1453.9 | Last FPS: 1459.0 | Collect Time: 238.2 min | Train RL Time: 2.0 min | Mean Rewards: 45.63 | Current Best: 47.65
Agent Steps: 0021M | FPS: 1454.0 | Last FPS: 1477.2 | Collect Time: 238.6 min | Train RL Time: 2.1 min | Mean Rewards: 47.23 | Current Best: 47.65
Agent Steps: 0021M | FPS: 1454.0 | Last FPS: 1451.4 | Collect Time: 238.9 min | Train RL Time: 2.1 min | Mean Rewards: 46.21 | Current Best: 47.65
Agent Steps: 0021M | FPS: 1454.0 | Last FPS: 1449.4 | Collect Time: 239.3 min | Train RL Time: 2.1 min | Mean Rewards: 46.51 | Current Best: 47.65
Agent Steps: 0021M | FPS: 1454.0 | Last FPS: 1466.3 | Collect Time: 239.7 min | Train RL Time: 2.1 min | Mean Rewards: 46.99 | Current Best: 47.65
Agent Steps: 0021M | FPS: 1454.0 | Last FPS: 1477.5 | Collect Time: 240.0 min | Train RL Time: 2.1 min | Mean Rewards: 46.96 | Current Best: 47.65
Agent Steps: 0021M | FPS: 1454.0 | Last FPS: 1468.2 | Collect Time: 240.4 min | Train RL Time: 2.1 min | Mean Rewards: 47.59 | Current Best: 47.65
Agent Steps: 0021M | FPS: 1454.0 | Last FPS: 1449.6 | Collect Time: 240.8 min | Train RL Time: 2.1 min | Mean Rewards: 46.20 | Current Best: 47.65
Agent Steps: 0021M | FPS: 1454.1 | Last FPS: 1477.0 | Collect Time: 241.1 min | Train RL Time: 2.1 min | Mean Rewards: 44.87 | Current Best: 47.65
Agent Steps: 0021M | FPS: 1454.1 | Last FPS: 1480.2 | Collect Time: 241.5 min | Train RL Time: 2.1 min | Mean Rewards: 46.72 | Current Best: 47.65
Agent Steps: 0021M | FPS: 1454.1 | Last FPS: 1446.2 | Collect Time: 241.9 min | Train RL Time: 2.1 min | Mean Rewards: 45.66 | Current Best: 47.65
Agent Steps: 0021M | FPS: 1454.1 | Last FPS: 1478.6 | Collect Time: 242.2 min | Train RL Time: 2.1 min | Mean Rewards: 46.57 | Current Best: 47.65
Agent Steps: 0021M | FPS: 1454.2 | Last FPS: 1503.1 | Collect Time: 242.6 min | Train RL Time: 2.1 min | Mean Rewards: 46.26 | Current Best: 47.65
Agent Steps: 0021M | FPS: 1454.2 | Last FPS: 1443.8 | Collect Time: 243.0 min | Train RL Time: 2.1 min | Mean Rewards: 46.22 | Current Best: 47.65
Agent Steps: 0021M | FPS: 1454.3 | Last FPS: 1515.3 | Collect Time: 243.3 min | Train RL Time: 2.1 min | Mean Rewards: 46.95 | Current Best: 47.65
Agent Steps: 0021M | FPS: 1454.4 | Last FPS: 1506.6 | Collect Time: 243.7 min | Train RL Time: 2.1 min | Mean Rewards: 47.54 | Current Best: 47.65
Agent Steps: 0021M | FPS: 1454.4 | Last FPS: 1514.6 | Collect Time: 244.1 min | Train RL Time: 2.1 min | Mean Rewards: 44.60 | Current Best: 47.65
Agent Steps: 0021M | FPS: 1454.5 | Last FPS: 1514.6 | Collect Time: 244.4 min | Train RL Time: 2.1 min | Mean Rewards: 46.06 | Current Best: 47.65
Agent Steps: 0021M | FPS: 1454.6 | Last FPS: 1513.8 | Collect Time: 244.8 min | Train RL Time: 2.1 min | Mean Rewards: 47.29 | Current Best: 47.65
Agent Steps: 0021M | FPS: 1454.6 | Last FPS: 1472.1 | Collect Time: 245.1 min | Train RL Time: 2.1 min | Mean Rewards: 46.85 | Current Best: 47.65
Agent Steps: 0021M | FPS: 1454.6 | Last FPS: 1450.1 | Collect Time: 245.5 min | Train RL Time: 2.1 min | Mean Rewards: 46.16 | Current Best: 47.65
Agent Steps: 0021M | FPS: 1454.6 | Last FPS: 1441.7 | Collect Time: 245.9 min | Train RL Time: 2.1 min | Mean Rewards: 47.34 | Current Best: 47.65
Agent Steps: 0021M | FPS: 1454.6 | Last FPS: 1420.0 | Collect Time: 246.3 min | Train RL Time: 2.1 min | Mean Rewards: 45.53 | Current Best: 47.65
Agent Steps: 0021M | FPS: 1454.6 | Last FPS: 1478.6 | Collect Time: 246.6 min | Train RL Time: 2.1 min | Mean Rewards: 44.30 | Current Best: 47.65
Agent Steps: 0021M | FPS: 1454.6 | Last FPS: 1430.6 | Collect Time: 247.0 min | Train RL Time: 2.1 min | Mean Rewards: 45.39 | Current Best: 47.65
Agent Steps: 0021M | FPS: 1454.5 | Last FPS: 1431.4 | Collect Time: 247.4 min | Train RL Time: 2.1 min | Mean Rewards: 46.17 | Current Best: 47.65
Agent Steps: 0021M | FPS: 1454.5 | Last FPS: 1413.5 | Collect Time: 247.8 min | Train RL Time: 2.1 min | Mean Rewards: 46.84 | Current Best: 47.65
Agent Steps: 0021M | FPS: 1454.4 | Last FPS: 1427.2 | Collect Time: 248.2 min | Train RL Time: 2.1 min | Mean Rewards: 46.43 | Current Best: 47.65
Agent Steps: 0021M | FPS: 1454.4 | Last FPS: 1436.2 | Collect Time: 248.5 min | Train RL Time: 2.1 min | Mean Rewards: 44.36 | Current Best: 47.65
Agent Steps: 0021M | FPS: 1454.4 | Last FPS: 1430.3 | Collect Time: 248.9 min | Train RL Time: 2.1 min | Mean Rewards: 45.47 | Current Best: 47.65
Agent Steps: 0021M | FPS: 1454.4 | Last FPS: 1467.0 | Collect Time: 249.3 min | Train RL Time: 2.1 min | Mean Rewards: 46.27 | Current Best: 47.65
Agent Steps: 0021M | FPS: 1454.4 | Last FPS: 1458.8 | Collect Time: 249.6 min | Train RL Time: 2.1 min | Mean Rewards: 47.42 | Current Best: 47.65
Agent Steps: 0022M | FPS: 1454.4 | Last FPS: 1440.1 | Collect Time: 250.0 min | Train RL Time: 2.1 min | Mean Rewards: 47.03 | Current Best: 47.65
Agent Steps: 0022M | FPS: 1454.4 | Last FPS: 1460.5 | Collect Time: 250.4 min | Train RL Time: 2.2 min | Mean Rewards: 45.97 | Current Best: 47.65
Agent Steps: 0022M | FPS: 1454.4 | Last FPS: 1476.0 | Collect Time: 250.8 min | Train RL Time: 2.2 min | Mean Rewards: 46.32 | Current Best: 47.65
Agent Steps: 0022M | FPS: 1454.5 | Last FPS: 1490.6 | Collect Time: 251.1 min | Train RL Time: 2.2 min | Mean Rewards: 46.87 | Current Best: 47.65
Agent Steps: 0022M | FPS: 1454.5 | Last FPS: 1459.6 | Collect Time: 251.5 min | Train RL Time: 2.2 min | Mean Rewards: 46.03 | Current Best: 47.65
Agent Steps: 0022M | FPS: 1454.5 | Last FPS: 1502.6 | Collect Time: 251.9 min | Train RL Time: 2.2 min | Mean Rewards: 46.46 | Current Best: 47.65
Agent Steps: 0022M | FPS: 1454.6 | Last FPS: 1478.2 | Collect Time: 252.2 min | Train RL Time: 2.2 min | Mean Rewards: 46.08 | Current Best: 47.65
Agent Steps: 0022M | FPS: 1454.6 | Last FPS: 1447.5 | Collect Time: 252.6 min | Train RL Time: 2.2 min | Mean Rewards: 46.04 | Current Best: 47.65
Agent Steps: 0022M | FPS: 1454.6 | Last FPS: 1465.6 | Collect Time: 253.0 min | Train RL Time: 2.2 min | Mean Rewards: 47.28 | Current Best: 47.65
Agent Steps: 0022M | FPS: 1454.6 | Last FPS: 1471.8 | Collect Time: 253.3 min | Train RL Time: 2.2 min | Mean Rewards: 45.85 | Current Best: 47.65
Agent Steps: 0022M | FPS: 1454.6 | Last FPS: 1455.1 | Collect Time: 253.7 min | Train RL Time: 2.2 min | Mean Rewards: 46.62 | Current Best: 47.65
Agent Steps: 0022M | FPS: 1454.6 | Last FPS: 1465.1 | Collect Time: 254.1 min | Train RL Time: 2.2 min | Mean Rewards: 45.53 | Current Best: 47.65
Agent Steps: 0022M | FPS: 1454.7 | Last FPS: 1479.0 | Collect Time: 254.4 min | Train RL Time: 2.2 min | Mean Rewards: 45.83 | Current Best: 47.65
Agent Steps: 0022M | FPS: 1454.7 | Last FPS: 1468.1 | Collect Time: 254.8 min | Train RL Time: 2.2 min | Mean Rewards: 46.86 | Current Best: 47.65
Agent Steps: 0022M | FPS: 1454.7 | Last FPS: 1474.7 | Collect Time: 255.2 min | Train RL Time: 2.2 min | Mean Rewards: 46.44 | Current Best: 47.65
Agent Steps: 0022M | FPS: 1454.7 | Last FPS: 1458.2 | Collect Time: 255.5 min | Train RL Time: 2.2 min | Mean Rewards: 46.61 | Current Best: 47.65
Agent Steps: 0022M | FPS: 1454.7 | Last FPS: 1446.5 | Collect Time: 255.9 min | Train RL Time: 2.2 min | Mean Rewards: 45.97 | Current Best: 47.65
Agent Steps: 0022M | FPS: 1454.7 | Last FPS: 1480.3 | Collect Time: 256.3 min | Train RL Time: 2.2 min | Mean Rewards: 46.88 | Current Best: 47.65
Agent Steps: 0022M | FPS: 1454.8 | Last FPS: 1486.8 | Collect Time: 256.6 min | Train RL Time: 2.2 min | Mean Rewards: 45.82 | Current Best: 47.65
Agent Steps: 0022M | FPS: 1454.8 | Last FPS: 1472.0 | Collect Time: 257.0 min | Train RL Time: 2.2 min | Mean Rewards: 47.23 | Current Best: 47.65
Agent Steps: 0022M | FPS: 1454.8 | Last FPS: 1474.8 | Collect Time: 257.4 min | Train RL Time: 2.2 min | Mean Rewards: 45.77 | Current Best: 47.65
Agent Steps: 0022M | FPS: 1454.8 | Last FPS: 1460.1 | Collect Time: 257.8 min | Train RL Time: 2.2 min | Mean Rewards: 46.75 | Current Best: 47.65
Agent Steps: 0022M | FPS: 1454.9 | Last FPS: 1473.5 | Collect Time: 258.1 min | Train RL Time: 2.2 min | Mean Rewards: 44.58 | Current Best: 47.65
Agent Steps: 0022M | FPS: 1454.9 | Last FPS: 1486.5 | Collect Time: 258.5 min | Train RL Time: 2.2 min | Mean Rewards: 46.13 | Current Best: 47.65
Agent Steps: 0022M | FPS: 1454.9 | Last FPS: 1444.6 | Collect Time: 258.9 min | Train RL Time: 2.2 min | Mean Rewards: 45.84 | Current Best: 47.65
Agent Steps: 0022M | FPS: 1454.9 | Last FPS: 1451.1 | Collect Time: 259.2 min | Train RL Time: 2.2 min | Mean Rewards: 46.58 | Current Best: 47.65
Agent Steps: 0022M | FPS: 1454.8 | Last FPS: 1415.5 | Collect Time: 259.6 min | Train RL Time: 2.2 min | Mean Rewards: 45.74 | Current Best: 47.65
Agent Steps: 0022M | FPS: 1454.8 | Last FPS: 1441.1 | Collect Time: 260.0 min | Train RL Time: 2.2 min | Mean Rewards: 45.28 | Current Best: 47.65
Agent Steps: 0022M | FPS: 1454.8 | Last FPS: 1462.8 | Collect Time: 260.4 min | Train RL Time: 2.2 min | Mean Rewards: 46.36 | Current Best: 47.65
[score] 已写出 logs/先抓后飞_无混合/2026-08-03_20-19-32/score_map.npz | 有效点 176/512 | 访问总量 205601
Agent Steps: 0022M | FPS: 1454.8 | Last FPS: 1425.6 | Collect Time: 260.7 min | Train RL Time: 2.2 min | Mean Rewards: 46.40 | Current Best: 47.65
Agent Steps: 0023M | FPS: 1454.8 | Last FPS: 1441.7 | Collect Time: 261.1 min | Train RL Time: 2.2 min | Mean Rewards: 46.25 | Current Best: 47.65
Agent Steps: 0023M | FPS: 1454.8 | Last FPS: 1464.6 | Collect Time: 261.5 min | Train RL Time: 2.2 min | Mean Rewards: 46.67 | Current Best: 47.65
Agent Steps: 0023M | FPS: 1454.8 | Last FPS: 1444.9 | Collect Time: 261.9 min | Train RL Time: 2.3 min | Mean Rewards: 44.88 | Current Best: 47.65
Agent Steps: 0023M | FPS: 1454.7 | Last FPS: 1431.4 | Collect Time: 262.2 min | Train RL Time: 2.3 min | Mean Rewards: 45.83 | Current Best: 47.65
Agent Steps: 0023M | FPS: 1454.7 | Last FPS: 1428.5 | Collect Time: 262.6 min | Train RL Time: 2.3 min | Mean Rewards: 46.86 | Current Best: 47.65
Agent Steps: 0023M | FPS: 1454.7 | Last FPS: 1459.0 | Collect Time: 263.0 min | Train RL Time: 2.3 min | Mean Rewards: 46.79 | Current Best: 47.65
Agent Steps: 0023M | FPS: 1454.7 | Last FPS: 1490.8 | Collect Time: 263.4 min | Train RL Time: 2.3 min | Mean Rewards: 46.58 | Current Best: 47.65
Agent Steps: 0023M | FPS: 1454.8 | Last FPS: 1461.5 | Collect Time: 263.7 min | Train RL Time: 2.3 min | Mean Rewards: 47.25 | Current Best: 47.65
Agent Steps: 0023M | FPS: 1454.8 | Last FPS: 1460.4 | Collect Time: 264.1 min | Train RL Time: 2.3 min | Mean Rewards: 46.17 | Current Best: 47.65
Agent Steps: 0023M | FPS: 1454.8 | Last FPS: 1485.7 | Collect Time: 264.5 min | Train RL Time: 2.3 min | Mean Rewards: 44.06 | Current Best: 47.65
Agent Steps: 0023M | FPS: 1454.8 | Last FPS: 1486.9 | Collect Time: 264.8 min | Train RL Time: 2.3 min | Mean Rewards: 46.25 | Current Best: 47.65
Agent Steps: 0023M | FPS: 1454.8 | Last FPS: 1445.2 | Collect Time: 265.2 min | Train RL Time: 2.3 min | Mean Rewards: 47.05 | Current Best: 47.65
Agent Steps: 0023M | FPS: 1454.8 | Last FPS: 1437.1 | Collect Time: 265.6 min | Train RL Time: 2.3 min | Mean Rewards: 45.56 | Current Best: 47.65
Agent Steps: 0023M | FPS: 1454.8 | Last FPS: 1458.3 | Collect Time: 265.9 min | Train RL Time: 2.3 min | Mean Rewards: 44.37 | Current Best: 47.65
Agent Steps: 0023M | FPS: 1454.8 | Last FPS: 1440.1 | Collect Time: 266.3 min | Train RL Time: 2.3 min | Mean Rewards: 46.88 | Current Best: 47.65
Agent Steps: 0023M | FPS: 1454.8 | Last FPS: 1429.6 | Collect Time: 266.7 min | Train RL Time: 2.3 min | Mean Rewards: 45.32 | Current Best: 47.65
Agent Steps: 0023M | FPS: 1454.7 | Last FPS: 1425.7 | Collect Time: 267.1 min | Train RL Time: 2.3 min | Mean Rewards: 45.79 | Current Best: 47.65
Agent Steps: 0023M | FPS: 1454.7 | Last FPS: 1428.4 | Collect Time: 267.5 min | Train RL Time: 2.3 min | Mean Rewards: 46.35 | Current Best: 47.65
Agent Steps: 0023M | FPS: 1454.7 | Last FPS: 1439.2 | Collect Time: 267.8 min | Train RL Time: 2.3 min | Mean Rewards: 46.33 | Current Best: 47.65
Agent Steps: 0023M | FPS: 1454.6 | Last FPS: 1446.1 | Collect Time: 268.2 min | Train RL Time: 2.3 min | Mean Rewards: 45.40 | Current Best: 47.65
Agent Steps: 0023M | FPS: 1454.6 | Last FPS: 1441.6 | Collect Time: 268.6 min | Train RL Time: 2.3 min | Mean Rewards: 47.44 | Current Best: 47.65
Agent Steps: 0023M | FPS: 1454.6 | Last FPS: 1462.7 | Collect Time: 269.0 min | Train RL Time: 2.3 min | Mean Rewards: 46.08 | Current Best: 47.65
Agent Steps: 0023M | FPS: 1454.6 | Last FPS: 1447.1 | Collect Time: 269.3 min | Train RL Time: 2.3 min | Mean Rewards: 46.00 | Current Best: 47.65
Agent Steps: 0023M | FPS: 1454.6 | Last FPS: 1422.4 | Collect Time: 269.7 min | Train RL Time: 2.3 min | Mean Rewards: 45.95 | Current Best: 47.65
Agent Steps: 0023M | FPS: 1454.6 | Last FPS: 1439.2 | Collect Time: 270.1 min | Train RL Time: 2.3 min | Mean Rewards: 46.76 | Current Best: 47.65
Agent Steps: 0023M | FPS: 1454.6 | Last FPS: 1458.3 | Collect Time: 270.5 min | Train RL Time: 2.3 min | Mean Rewards: 46.28 | Current Best: 47.65
Agent Steps: 0023M | FPS: 1454.6 | Last FPS: 1470.8 | Collect Time: 270.8 min | Train RL Time: 2.3 min | Mean Rewards: 46.65 | Current Best: 47.65
Agent Steps: 0023M | FPS: 1454.6 | Last FPS: 1467.7 | Collect Time: 271.2 min | Train RL Time: 2.3 min | Mean Rewards: 45.19 | Current Best: 47.65
Agent Steps: 0023M | FPS: 1454.6 | Last FPS: 1468.8 | Collect Time: 271.6 min | Train RL Time: 2.3 min | Mean Rewards: 46.08 | Current Best: 47.65
Agent Steps: 0023M | FPS: 1454.6 | Last FPS: 1473.2 | Collect Time: 271.9 min | Train RL Time: 2.3 min | Mean Rewards: 45.42 | Current Best: 47.65
Agent Steps: 0023M | FPS: 1454.7 | Last FPS: 1488.0 | Collect Time: 272.3 min | Train RL Time: 2.3 min | Mean Rewards: 47.16 | Current Best: 47.65
Agent Steps: 0024M | FPS: 1454.7 | Last FPS: 1467.3 | Collect Time: 272.7 min | Train RL Time: 2.3 min | Mean Rewards: 44.77 | Current Best: 47.65
Agent Steps: 0024M | FPS: 1454.7 | Last FPS: 1472.4 | Collect Time: 273.0 min | Train RL Time: 2.3 min | Mean Rewards: 44.93 | Current Best: 47.65
Agent Steps: 0024M | FPS: 1454.8 | Last FPS: 1466.9 | Collect Time: 273.4 min | Train RL Time: 2.3 min | Mean Rewards: 46.37 | Current Best: 47.65
Agent Steps: 0024M | FPS: 1454.8 | Last FPS: 1456.0 | Collect Time: 273.8 min | Train RL Time: 2.4 min | Mean Rewards: 44.20 | Current Best: 47.65
Agent Steps: 0024M | FPS: 1454.8 | Last FPS: 1466.9 | Collect Time: 274.1 min | Train RL Time: 2.4 min | Mean Rewards: 46.10 | Current Best: 47.65
Agent Steps: 0024M | FPS: 1454.8 | Last FPS: 1481.7 | Collect Time: 274.5 min | Train RL Time: 2.4 min | Mean Rewards: 46.25 | Current Best: 47.65
Agent Steps: 0024M | FPS: 1454.8 | Last FPS: 1471.0 | Collect Time: 274.9 min | Train RL Time: 2.4 min | Mean Rewards: 45.17 | Current Best: 47.65
Agent Steps: 0024M | FPS: 1454.8 | Last FPS: 1465.4 | Collect Time: 275.2 min | Train RL Time: 2.4 min | Mean Rewards: 46.90 | Current Best: 47.65
Agent Steps: 0024M | FPS: 1454.9 | Last FPS: 1463.3 | Collect Time: 275.6 min | Train RL Time: 2.4 min | Mean Rewards: 45.69 | Current Best: 47.65
Agent Steps: 0024M | FPS: 1454.8 | Last FPS: 1420.8 | Collect Time: 276.0 min | Train RL Time: 2.4 min | Mean Rewards: 45.56 | Current Best: 47.65
Agent Steps: 0024M | FPS: 1454.8 | Last FPS: 1418.6 | Collect Time: 276.4 min | Train RL Time: 2.4 min | Mean Rewards: 46.46 | Current Best: 47.65
Agent Steps: 0024M | FPS: 1454.7 | Last FPS: 1427.2 | Collect Time: 276.7 min | Train RL Time: 2.4 min | Mean Rewards: 41.70 | Current Best: 47.65
Agent Steps: 0024M | FPS: 1454.7 | Last FPS: 1462.8 | Collect Time: 277.1 min | Train RL Time: 2.4 min | Mean Rewards: 45.38 | Current Best: 47.65
Agent Steps: 0024M | FPS: 1454.8 | Last FPS: 1480.1 | Collect Time: 277.5 min | Train RL Time: 2.4 min | Mean Rewards: 47.21 | Current Best: 47.65
Agent Steps: 0024M | FPS: 1454.7 | Last FPS: 1441.0 | Collect Time: 277.9 min | Train RL Time: 2.4 min | Mean Rewards: 45.29 | Current Best: 47.65
Agent Steps: 0024M | FPS: 1454.8 | Last FPS: 1460.9 | Collect Time: 278.2 min | Train RL Time: 2.4 min | Mean Rewards: 45.65 | Current Best: 47.65
Agent Steps: 0024M | FPS: 1454.8 | Last FPS: 1456.6 | Collect Time: 278.6 min | Train RL Time: 2.4 min | Mean Rewards: 45.58 | Current Best: 47.65
Agent Steps: 0024M | FPS: 1454.8 | Last FPS: 1483.8 | Collect Time: 279.0 min | Train RL Time: 2.4 min | Mean Rewards: 46.39 | Current Best: 47.65
Agent Steps: 0024M | FPS: 1454.8 | Last FPS: 1465.9 | Collect Time: 279.3 min | Train RL Time: 2.4 min | Mean Rewards: 46.38 | Current Best: 47.65
Agent Steps: 0024M | FPS: 1454.8 | Last FPS: 1485.3 | Collect Time: 279.7 min | Train RL Time: 2.4 min | Mean Rewards: 46.21 | Current Best: 47.65
Agent Steps: 0024M | FPS: 1454.9 | Last FPS: 1480.7 | Collect Time: 280.1 min | Train RL Time: 2.4 min | Mean Rewards: 47.23 | Current Best: 47.65
Agent Steps: 0024M | FPS: 1454.9 | Last FPS: 1477.0 | Collect Time: 280.4 min | Train RL Time: 2.4 min | Mean Rewards: 45.14 | Current Best: 47.65
Agent Steps: 0024M | FPS: 1454.9 | Last FPS: 1466.8 | Collect Time: 280.8 min | Train RL Time: 2.4 min | Mean Rewards: 46.82 | Current Best: 47.65
Agent Steps: 0024M | FPS: 1454.9 | Last FPS: 1461.9 | Collect Time: 281.2 min | Train RL Time: 2.4 min | Mean Rewards: 46.30 | Current Best: 47.65
Agent Steps: 0024M | FPS: 1454.9 | Last FPS: 1460.3 | Collect Time: 281.5 min | Train RL Time: 2.4 min | Mean Rewards: 46.79 | Current Best: 47.65
Agent Steps: 0024M | FPS: 1455.0 | Last FPS: 1488.4 | Collect Time: 281.9 min | Train RL Time: 2.4 min | Mean Rewards: 45.55 | Current Best: 47.65
Agent Steps: 0024M | FPS: 1455.0 | Last FPS: 1477.8 | Collect Time: 282.3 min | Train RL Time: 2.4 min | Mean Rewards: 45.45 | Current Best: 47.65
Agent Steps: 0024M | FPS: 1455.0 | Last FPS: 1457.9 | Collect Time: 282.6 min | Train RL Time: 2.4 min | Mean Rewards: 45.61 | Current Best: 47.65
Agent Steps: 0024M | FPS: 1455.1 | Last FPS: 1489.8 | Collect Time: 283.0 min | Train RL Time: 2.4 min | Mean Rewards: 45.83 | Current Best: 47.65
Agent Steps: 0024M | FPS: 1455.1 | Last FPS: 1471.8 | Collect Time: 283.4 min | Train RL Time: 2.4 min | Mean Rewards: 45.45 | Current Best: 47.65
Agent Steps: 0025M | FPS: 1455.1 | Last FPS: 1473.9 | Collect Time: 283.7 min | Train RL Time: 2.4 min | Mean Rewards: 45.64 | Current Best: 47.65
Agent Steps: 0025M | FPS: 1455.1 | Last FPS: 1479.1 | Collect Time: 284.1 min | Train RL Time: 2.4 min | Mean Rewards: 47.08 | Current Best: 47.65
Agent Steps: 0025M | FPS: 1455.1 | Last FPS: 1455.3 | Collect Time: 284.5 min | Train RL Time: 2.4 min | Mean Rewards: 47.11 | Current Best: 47.65
Agent Steps: 0025M | FPS: 1455.1 | Last FPS: 1452.2 | Collect Time: 284.8 min | Train RL Time: 2.5 min | Mean Rewards: 46.60 | Current Best: 47.65
Agent Steps: 0025M | FPS: 1455.1 | Last FPS: 1448.3 | Collect Time: 285.2 min | Train RL Time: 2.5 min | Mean Rewards: 46.58 | Current Best: 47.65
Agent Steps: 0025M | FPS: 1455.1 | Last FPS: 1445.8 | Collect Time: 285.6 min | Train RL Time: 2.5 min | Mean Rewards: 46.92 | Current Best: 47.65
Agent Steps: 0025M | FPS: 1455.1 | Last FPS: 1470.5 | Collect Time: 286.0 min | Train RL Time: 2.5 min | Mean Rewards: 44.06 | Current Best: 47.65
Agent Steps: 0025M | FPS: 1455.2 | Last FPS: 1481.2 | Collect Time: 286.3 min | Train RL Time: 2.5 min | Mean Rewards: 41.19 | Current Best: 47.65
Agent Steps: 0025M | FPS: 1455.2 | Last FPS: 1483.7 | Collect Time: 286.7 min | Train RL Time: 2.5 min | Mean Rewards: 45.31 | Current Best: 47.65
Agent Steps: 0025M | FPS: 1455.2 | Last FPS: 1468.2 | Collect Time: 287.1 min | Train RL Time: 2.5 min | Mean Rewards: 46.81 | Current Best: 47.65
Agent Steps: 0025M | FPS: 1455.2 | Last FPS: 1461.3 | Collect Time: 287.4 min | Train RL Time: 2.5 min | Mean Rewards: 46.59 | Current Best: 47.65
Agent Steps: 0025M | FPS: 1455.2 | Last FPS: 1459.4 | Collect Time: 287.8 min | Train RL Time: 2.5 min | Mean Rewards: 47.24 | Current Best: 47.65
Agent Steps: 0025M | FPS: 1455.2 | Last FPS: 1444.4 | Collect Time: 288.2 min | Train RL Time: 2.5 min | Mean Rewards: 45.88 | Current Best: 47.65
Agent Steps: 0025M | FPS: 1455.2 | Last FPS: 1428.6 | Collect Time: 288.5 min | Train RL Time: 2.5 min | Mean Rewards: 45.92 | Current Best: 47.65
Agent Steps: 0025M | FPS: 1455.1 | Last FPS: 1418.1 | Collect Time: 288.9 min | Train RL Time: 2.5 min | Mean Rewards: 45.08 | Current Best: 47.65
Agent Steps: 0025M | FPS: 1455.1 | Last FPS: 1430.4 | Collect Time: 289.3 min | Train RL Time: 2.5 min | Mean Rewards: 44.91 | Current Best: 47.65
Agent Steps: 0025M | FPS: 1455.1 | Last FPS: 1453.8 | Collect Time: 289.7 min | Train RL Time: 2.5 min | Mean Rewards: 45.68 | Current Best: 47.65
Agent Steps: 0025M | FPS: 1455.1 | Last FPS: 1448.2 | Collect Time: 290.1 min | Train RL Time: 2.5 min | Mean Rewards: 47.17 | Current Best: 47.65
Agent Steps: 0025M | FPS: 1455.1 | Last FPS: 1460.8 | Collect Time: 290.4 min | Train RL Time: 2.5 min | Mean Rewards: 45.52 | Current Best: 47.65
Agent Steps: 0025M | FPS: 1455.1 | Last FPS: 1450.3 | Collect Time: 290.8 min | Train RL Time: 2.5 min | Mean Rewards: 46.98 | Current Best: 47.65
Agent Steps: 0025M | FPS: 1455.1 | Last FPS: 1480.0 | Collect Time: 291.2 min | Train RL Time: 2.5 min | Mean Rewards: 47.19 | Current Best: 47.65
Agent Steps: 0025M | FPS: 1455.1 | Last FPS: 1470.9 | Collect Time: 291.5 min | Train RL Time: 2.5 min | Mean Rewards: 46.03 | Current Best: 47.65
Agent Steps: 0025M | FPS: 1455.2 | Last FPS: 1475.7 | Collect Time: 291.9 min | Train RL Time: 2.5 min | Mean Rewards: 45.82 | Current Best: 47.65
Agent Steps: 0025M | FPS: 1455.2 | Last FPS: 1475.8 | Collect Time: 292.3 min | Train RL Time: 2.5 min | Mean Rewards: 45.65 | Current Best: 47.65
Agent Steps: 0025M | FPS: 1455.2 | Last FPS: 1474.1 | Collect Time: 292.6 min | Train RL Time: 2.5 min | Mean Rewards: 46.32 | Current Best: 47.65
Agent Steps: 0025M | FPS: 1455.2 | Last FPS: 1468.4 | Collect Time: 293.0 min | Train RL Time: 2.5 min | Mean Rewards: 47.36 | Current Best: 47.65
Agent Steps: 0025M | FPS: 1455.3 | Last FPS: 1489.7 | Collect Time: 293.4 min | Train RL Time: 2.5 min | Mean Rewards: 45.63 | Current Best: 47.65
Agent Steps: 0025M | FPS: 1455.3 | Last FPS: 1453.6 | Collect Time: 293.7 min | Train RL Time: 2.5 min | Mean Rewards: 46.52 | Current Best: 47.65
Agent Steps: 0025M | FPS: 1455.3 | Last FPS: 1484.7 | Collect Time: 294.1 min | Train RL Time: 2.5 min | Mean Rewards: 45.01 | Current Best: 47.65
Agent Steps: 0025M | FPS: 1455.3 | Last FPS: 1449.6 | Collect Time: 294.5 min | Train RL Time: 2.5 min | Mean Rewards: 46.65 | Current Best: 47.65
Agent Steps: 0025M | FPS: 1455.3 | Last FPS: 1448.0 | Collect Time: 294.8 min | Train RL Time: 2.5 min | Mean Rewards: 46.35 | Current Best: 47.65
Agent Steps: 0026M | FPS: 1455.3 | Last FPS: 1440.8 | Collect Time: 295.2 min | Train RL Time: 2.5 min | Mean Rewards: 46.59 | Current Best: 47.65
Agent Steps: 0026M | FPS: 1455.3 | Last FPS: 1479.6 | Collect Time: 295.6 min | Train RL Time: 2.5 min | Mean Rewards: 46.49 | Current Best: 47.65
Agent Steps: 0026M | FPS: 1455.3 | Last FPS: 1484.2 | Collect Time: 296.0 min | Train RL Time: 2.6 min | Mean Rewards: 47.05 | Current Best: 47.65
Agent Steps: 0026M | FPS: 1455.4 | Last FPS: 1482.7 | Collect Time: 296.3 min | Train RL Time: 2.6 min | Mean Rewards: 44.78 | Current Best: 47.65
Agent Steps: 0026M | FPS: 1455.4 | Last FPS: 1479.9 | Collect Time: 296.7 min | Train RL Time: 2.6 min | Mean Rewards: 45.90 | Current Best: 47.65
Agent Steps: 0026M | FPS: 1455.4 | Last FPS: 1467.3 | Collect Time: 297.1 min | Train RL Time: 2.6 min | Mean Rewards: 46.13 | Current Best: 47.65
Agent Steps: 0026M | FPS: 1455.4 | Last FPS: 1477.4 | Collect Time: 297.4 min | Train RL Time: 2.6 min | Mean Rewards: 45.79 | Current Best: 47.65
[score] 已写出 logs/先抓后飞_无混合/2026-08-03_20-19-32/score_map.npz | 有效点 176/512 | 访问总量 232468
Agent Steps: 0026M | FPS: 1455.5 | Last FPS: 1476.3 | Collect Time: 297.8 min | Train RL Time: 2.6 min | Mean Rewards: 45.73 | Current Best: 47.65
Agent Steps: 0026M | FPS: 1455.5 | Last FPS: 1481.5 | Collect Time: 298.1 min | Train RL Time: 2.6 min | Mean Rewards: 47.54 | Current Best: 47.65
Agent Steps: 0026M | FPS: 1455.5 | Last FPS: 1469.8 | Collect Time: 298.5 min | Train RL Time: 2.6 min | Mean Rewards: 45.90 | Current Best: 47.65
Agent Steps: 0026M | FPS: 1455.5 | Last FPS: 1474.4 | Collect Time: 298.9 min | Train RL Time: 2.6 min | Mean Rewards: 44.29 | Current Best: 47.65
Agent Steps: 0026M | FPS: 1455.6 | Last FPS: 1463.8 | Collect Time: 299.3 min | Train RL Time: 2.6 min | Mean Rewards: 47.06 | Current Best: 47.65
Agent Steps: 0026M | FPS: 1455.6 | Last FPS: 1470.0 | Collect Time: 299.6 min | Train RL Time: 2.6 min | Mean Rewards: 44.77 | Current Best: 47.65
Agent Steps: 0026M | FPS: 1455.6 | Last FPS: 1464.5 | Collect Time: 300.0 min | Train RL Time: 2.6 min | Mean Rewards: 45.71 | Current Best: 47.65
Agent Steps: 0026M | FPS: 1455.6 | Last FPS: 1475.7 | Collect Time: 300.4 min | Train RL Time: 2.6 min | Mean Rewards: 47.10 | Current Best: 47.65
Agent Steps: 0026M | FPS: 1455.6 | Last FPS: 1476.2 | Collect Time: 300.7 min | Train RL Time: 2.6 min | Mean Rewards: 44.36 | Current Best: 47.65
Agent Steps: 0026M | FPS: 1455.6 | Last FPS: 1466.1 | Collect Time: 301.1 min | Train RL Time: 2.6 min | Mean Rewards: 45.03 | Current Best: 47.65
Agent Steps: 0026M | FPS: 1455.6 | Last FPS: 1452.1 | Collect Time: 301.5 min | Train RL Time: 2.6 min | Mean Rewards: 46.21 | Current Best: 47.65
Agent Steps: 0026M | FPS: 1455.7 | Last FPS: 1463.6 | Collect Time: 301.8 min | Train RL Time: 2.6 min | Mean Rewards: 44.37 | Current Best: 47.65
Agent Steps: 0026M | FPS: 1455.7 | Last FPS: 1463.6 | Collect Time: 302.2 min | Train RL Time: 2.6 min | Mean Rewards: 47.21 | Current Best: 47.65
Agent Steps: 0026M | FPS: 1455.7 | Last FPS: 1458.6 | Collect Time: 302.6 min | Train RL Time: 2.6 min | Mean Rewards: 46.26 | Current Best: 47.65
Agent Steps: 0026M | FPS: 1455.7 | Last FPS: 1454.0 | Collect Time: 302.9 min | Train RL Time: 2.6 min | Mean Rewards: 46.53 | Current Best: 47.65
Agent Steps: 0026M | FPS: 1455.7 | Last FPS: 1446.7 | Collect Time: 303.3 min | Train RL Time: 2.6 min | Mean Rewards: 45.94 | Current Best: 47.65
Agent Steps: 0026M | FPS: 1455.7 | Last FPS: 1459.5 | Collect Time: 303.7 min | Train RL Time: 2.6 min | Mean Rewards: 44.34 | Current Best: 47.65
Agent Steps: 0026M | FPS: 1455.7 | Last FPS: 1457.2 | Collect Time: 304.1 min | Train RL Time: 2.6 min | Mean Rewards: 46.73 | Current Best: 47.65
Agent Steps: 0026M | FPS: 1455.7 | Last FPS: 1447.0 | Collect Time: 304.4 min | Train RL Time: 2.6 min | Mean Rewards: 45.55 | Current Best: 47.65
Agent Steps: 0026M | FPS: 1455.7 | Last FPS: 1466.1 | Collect Time: 304.8 min | Train RL Time: 2.6 min | Mean Rewards: 47.26 | Current Best: 47.65
Agent Steps: 0026M | FPS: 1455.7 | Last FPS: 1463.4 | Collect Time: 305.2 min | Train RL Time: 2.6 min | Mean Rewards: 44.63 | Current Best: 47.65
Agent Steps: 0026M | FPS: 1455.7 | Last FPS: 1491.2 | Collect Time: 305.5 min | Train RL Time: 2.6 min | Mean Rewards: 45.72 | Current Best: 47.65
Agent Steps: 0026M | FPS: 1455.8 | Last FPS: 1488.2 | Collect Time: 305.9 min | Train RL Time: 2.6 min | Mean Rewards: 47.37 | Current Best: 47.65
Agent Steps: 0027M | FPS: 1455.8 | Last FPS: 1465.8 | Collect Time: 306.3 min | Train RL Time: 2.6 min | Mean Rewards: 46.72 | Current Best: 47.65
Agent Steps: 0027M | FPS: 1455.8 | Last FPS: 1445.3 | Collect Time: 306.7 min | Train RL Time: 2.6 min | Mean Rewards: 47.05 | Current Best: 47.65
Agent Steps: 0027M | FPS: 1455.8 | Last FPS: 1461.3 | Collect Time: 307.0 min | Train RL Time: 2.6 min | Mean Rewards: 47.13 | Current Best: 47.65
Agent Steps: 0027M | FPS: 1455.8 | Last FPS: 1470.5 | Collect Time: 307.4 min | Train RL Time: 2.6 min | Mean Rewards: 47.08 | Current Best: 47.65
Agent Steps: 0027M | FPS: 1455.8 | Last FPS: 1473.7 | Collect Time: 307.8 min | Train RL Time: 2.7 min | Mean Rewards: 47.53 | Current Best: 47.65
Agent Steps: 0027M | FPS: 1455.8 | Last FPS: 1475.8 | Collect Time: 308.1 min | Train RL Time: 2.7 min | Mean Rewards: 46.54 | Current Best: 47.65
Agent Steps: 0027M | FPS: 1455.9 | Last FPS: 1482.9 | Collect Time: 308.5 min | Train RL Time: 2.7 min | Mean Rewards: 47.50 | Current Best: 47.65
Agent Steps: 0027M | FPS: 1455.9 | Last FPS: 1476.3 | Collect Time: 308.9 min | Train RL Time: 2.7 min | Mean Rewards: 46.96 | Current Best: 47.65
Agent Steps: 0027M | FPS: 1455.9 | Last FPS: 1478.1 | Collect Time: 309.2 min | Train RL Time: 2.7 min | Mean Rewards: 45.71 | Current Best: 47.65
Agent Steps: 0027M | FPS: 1455.9 | Last FPS: 1480.2 | Collect Time: 309.6 min | Train RL Time: 2.7 min | Mean Rewards: 47.01 | Current Best: 47.65
Agent Steps: 0027M | FPS: 1456.0 | Last FPS: 1470.6 | Collect Time: 310.0 min | Train RL Time: 2.7 min | Mean Rewards: 46.10 | Current Best: 47.65
Agent Steps: 0027M | FPS: 1456.0 | Last FPS: 1467.5 | Collect Time: 310.3 min | Train RL Time: 2.7 min | Mean Rewards: 45.31 | Current Best: 47.65
Agent Steps: 0027M | FPS: 1456.0 | Last FPS: 1480.4 | Collect Time: 310.7 min | Train RL Time: 2.7 min | Mean Rewards: 46.74 | Current Best: 47.65
save current best reward: 47.88
Agent Steps: 0027M | FPS: 1456.0 | Last FPS: 1464.3 | Collect Time: 311.1 min | Train RL Time: 2.7 min | Mean Rewards: 47.88 | Current Best: 47.88
Agent Steps: 0027M | FPS: 1456.0 | Last FPS: 1478.0 | Collect Time: 311.4 min | Train RL Time: 2.7 min | Mean Rewards: 43.78 | Current Best: 47.88
Agent Steps: 0027M | FPS: 1456.0 | Last FPS: 1469.3 | Collect Time: 311.8 min | Train RL Time: 2.7 min | Mean Rewards: 45.94 | Current Best: 47.88
Agent Steps: 0027M | FPS: 1456.1 | Last FPS: 1475.7 | Collect Time: 312.2 min | Train RL Time: 2.7 min | Mean Rewards: 45.64 | Current Best: 47.88
Agent Steps: 0027M | FPS: 1456.1 | Last FPS: 1468.0 | Collect Time: 312.5 min | Train RL Time: 2.7 min | Mean Rewards: 46.03 | Current Best: 47.88
Agent Steps: 0027M | FPS: 1456.1 | Last FPS: 1465.4 | Collect Time: 312.9 min | Train RL Time: 2.7 min | Mean Rewards: 45.09 | Current Best: 47.88
Agent Steps: 0027M | FPS: 1456.1 | Last FPS: 1464.5 | Collect Time: 313.3 min | Train RL Time: 2.7 min | Mean Rewards: 45.66 | Current Best: 47.88
Agent Steps: 0027M | FPS: 1456.1 | Last FPS: 1468.3 | Collect Time: 313.6 min | Train RL Time: 2.7 min | Mean Rewards: 45.72 | Current Best: 47.88
Agent Steps: 0027M | FPS: 1456.1 | Last FPS: 1458.1 | Collect Time: 314.0 min | Train RL Time: 2.7 min | Mean Rewards: 46.09 | Current Best: 47.88
Agent Steps: 0027M | FPS: 1456.1 | Last FPS: 1475.6 | Collect Time: 314.4 min | Train RL Time: 2.7 min | Mean Rewards: 44.75 | Current Best: 47.88
Agent Steps: 0027M | FPS: 1456.2 | Last FPS: 1477.4 | Collect Time: 314.7 min | Train RL Time: 2.7 min | Mean Rewards: 46.25 | Current Best: 47.88
Agent Steps: 0027M | FPS: 1456.2 | Last FPS: 1467.7 | Collect Time: 315.1 min | Train RL Time: 2.7 min | Mean Rewards: 46.48 | Current Best: 47.88
Agent Steps: 0027M | FPS: 1456.2 | Last FPS: 1461.3 | Collect Time: 315.5 min | Train RL Time: 2.7 min | Mean Rewards: 47.41 | Current Best: 47.88
Agent Steps: 0027M | FPS: 1456.2 | Last FPS: 1465.5 | Collect Time: 315.9 min | Train RL Time: 2.7 min | Mean Rewards: 46.41 | Current Best: 47.88
Agent Steps: 0027M | FPS: 1456.2 | Last FPS: 1471.0 | Collect Time: 316.2 min | Train RL Time: 2.7 min | Mean Rewards: 45.61 | Current Best: 47.88
Agent Steps: 0027M | FPS: 1456.2 | Last FPS: 1476.0 | Collect Time: 316.6 min | Train RL Time: 2.7 min | Mean Rewards: 47.59 | Current Best: 47.88
Agent Steps: 0027M | FPS: 1456.3 | Last FPS: 1473.6 | Collect Time: 317.0 min | Train RL Time: 2.7 min | Mean Rewards: 46.71 | Current Best: 47.88
Agent Steps: 0027M | FPS: 1456.3 | Last FPS: 1458.5 | Collect Time: 317.3 min | Train RL Time: 2.7 min | Mean Rewards: 46.75 | Current Best: 47.88
Agent Steps: 0028M | FPS: 1456.3 | Last FPS: 1476.8 | Collect Time: 317.7 min | Train RL Time: 2.7 min | Mean Rewards: 47.12 | Current Best: 47.88
Agent Steps: 0028M | FPS: 1456.3 | Last FPS: 1472.0 | Collect Time: 318.1 min | Train RL Time: 2.7 min | Mean Rewards: 46.29 | Current Best: 47.88
Agent Steps: 0028M | FPS: 1456.3 | Last FPS: 1473.6 | Collect Time: 318.4 min | Train RL Time: 2.7 min | Mean Rewards: 46.62 | Current Best: 47.88
Agent Steps: 0028M | FPS: 1456.3 | Last FPS: 1468.1 | Collect Time: 318.8 min | Train RL Time: 2.7 min | Mean Rewards: 46.10 | Current Best: 47.88
Agent Steps: 0028M | FPS: 1456.4 | Last FPS: 1476.5 | Collect Time: 319.2 min | Train RL Time: 2.7 min | Mean Rewards: 43.78 | Current Best: 47.88
Agent Steps: 0028M | FPS: 1456.4 | Last FPS: 1467.9 | Collect Time: 319.5 min | Train RL Time: 2.7 min | Mean Rewards: 45.56 | Current Best: 47.88
Agent Steps: 0028M | FPS: 1456.4 | Last FPS: 1469.7 | Collect Time: 319.9 min | Train RL Time: 2.7 min | Mean Rewards: 47.42 | Current Best: 47.88
Agent Steps: 0028M | FPS: 1456.4 | Last FPS: 1475.7 | Collect Time: 320.3 min | Train RL Time: 2.8 min | Mean Rewards: 46.97 | Current Best: 47.88
Agent Steps: 0028M | FPS: 1456.4 | Last FPS: 1477.0 | Collect Time: 320.6 min | Train RL Time: 2.8 min | Mean Rewards: 43.76 | Current Best: 47.88
Agent Steps: 0028M | FPS: 1456.5 | Last FPS: 1477.9 | Collect Time: 321.0 min | Train RL Time: 2.8 min | Mean Rewards: 46.64 | Current Best: 47.88
Agent Steps: 0028M | FPS: 1456.5 | Last FPS: 1467.9 | Collect Time: 321.4 min | Train RL Time: 2.8 min | Mean Rewards: 46.01 | Current Best: 47.88
Agent Steps: 0028M | FPS: 1456.5 | Last FPS: 1470.4 | Collect Time: 321.7 min | Train RL Time: 2.8 min | Mean Rewards: 45.69 | Current Best: 47.88
Agent Steps: 0028M | FPS: 1456.5 | Last FPS: 1473.2 | Collect Time: 322.1 min | Train RL Time: 2.8 min | Mean Rewards: 46.17 | Current Best: 47.88
Agent Steps: 0028M | FPS: 1456.5 | Last FPS: 1455.5 | Collect Time: 322.5 min | Train RL Time: 2.8 min | Mean Rewards: 46.50 | Current Best: 47.88
Agent Steps: 0028M | FPS: 1456.5 | Last FPS: 1472.4 | Collect Time: 322.8 min | Train RL Time: 2.8 min | Mean Rewards: 46.62 | Current Best: 47.88
Agent Steps: 0028M | FPS: 1456.5 | Last FPS: 1469.3 | Collect Time: 323.2 min | Train RL Time: 2.8 min | Mean Rewards: 45.97 | Current Best: 47.88
Agent Steps: 0028M | FPS: 1456.5 | Last FPS: 1460.5 | Collect Time: 323.6 min | Train RL Time: 2.8 min | Mean Rewards: 47.02 | Current Best: 47.88
Agent Steps: 0028M | FPS: 1456.6 | Last FPS: 1470.2 | Collect Time: 324.0 min | Train RL Time: 2.8 min | Mean Rewards: 45.15 | Current Best: 47.88
Agent Steps: 0028M | FPS: 1456.6 | Last FPS: 1477.0 | Collect Time: 324.3 min | Train RL Time: 2.8 min | Mean Rewards: 46.95 | Current Best: 47.88
Agent Steps: 0028M | FPS: 1456.6 | Last FPS: 1475.6 | Collect Time: 324.7 min | Train RL Time: 2.8 min | Mean Rewards: 46.97 | Current Best: 47.88
Agent Steps: 0028M | FPS: 1456.6 | Last FPS: 1444.1 | Collect Time: 325.1 min | Train RL Time: 2.8 min | Mean Rewards: 46.19 | Current Best: 47.88
Agent Steps: 0028M | FPS: 1456.6 | Last FPS: 1471.3 | Collect Time: 325.4 min | Train RL Time: 2.8 min | Mean Rewards: 46.55 | Current Best: 47.88
Agent Steps: 0028M | FPS: 1456.6 | Last FPS: 1467.0 | Collect Time: 325.8 min | Train RL Time: 2.8 min | Mean Rewards: 46.91 | Current Best: 47.88
Agent Steps: 0028M | FPS: 1456.6 | Last FPS: 1471.3 | Collect Time: 326.2 min | Train RL Time: 2.8 min | Mean Rewards: 47.10 | Current Best: 47.88
Agent Steps: 0028M | FPS: 1456.6 | Last FPS: 1452.5 | Collect Time: 326.5 min | Train RL Time: 2.8 min | Mean Rewards: 46.21 | Current Best: 47.88
Agent Steps: 0028M | FPS: 1456.6 | Last FPS: 1465.7 | Collect Time: 326.9 min | Train RL Time: 2.8 min | Mean Rewards: 46.79 | Current Best: 47.88
Agent Steps: 0028M | FPS: 1456.6 | Last FPS: 1466.6 | Collect Time: 327.3 min | Train RL Time: 2.8 min | Mean Rewards: 45.52 | Current Best: 47.88
Agent Steps: 0028M | FPS: 1456.7 | Last FPS: 1469.2 | Collect Time: 327.6 min | Train RL Time: 2.8 min | Mean Rewards: 45.92 | Current Best: 47.88
Agent Steps: 0028M | FPS: 1456.7 | Last FPS: 1478.3 | Collect Time: 328.0 min | Train RL Time: 2.8 min | Mean Rewards: 46.19 | Current Best: 47.88
Agent Steps: 0028M | FPS: 1456.7 | Last FPS: 1477.3 | Collect Time: 328.4 min | Train RL Time: 2.8 min | Mean Rewards: 45.56 | Current Best: 47.88
Agent Steps: 0028M | FPS: 1456.7 | Last FPS: 1476.0 | Collect Time: 328.7 min | Train RL Time: 2.8 min | Mean Rewards: 46.30 | Current Best: 47.88
Agent Steps: 0029M | FPS: 1456.7 | Last FPS: 1465.8 | Collect Time: 329.1 min | Train RL Time: 2.8 min | Mean Rewards: 45.55 | Current Best: 47.88
Agent Steps: 0029M | FPS: 1456.8 | Last FPS: 1470.2 | Collect Time: 329.5 min | Train RL Time: 2.8 min | Mean Rewards: 45.37 | Current Best: 47.88
Agent Steps: 0029M | FPS: 1456.8 | Last FPS: 1473.0 | Collect Time: 329.8 min | Train RL Time: 2.8 min | Mean Rewards: 46.29 | Current Best: 47.88
Agent Steps: 0029M | FPS: 1456.8 | Last FPS: 1467.6 | Collect Time: 330.2 min | Train RL Time: 2.8 min | Mean Rewards: 46.45 | Current Best: 47.88
Agent Steps: 0029M | FPS: 1456.8 | Last FPS: 1460.3 | Collect Time: 330.6 min | Train RL Time: 2.8 min | Mean Rewards: 46.93 | Current Best: 47.88
Agent Steps: 0029M | FPS: 1456.8 | Last FPS: 1470.8 | Collect Time: 331.0 min | Train RL Time: 2.8 min | Mean Rewards: 45.96 | Current Best: 47.88
Agent Steps: 0029M | FPS: 1456.8 | Last FPS: 1468.4 | Collect Time: 331.3 min | Train RL Time: 2.8 min | Mean Rewards: 45.72 | Current Best: 47.88
Agent Steps: 0029M | FPS: 1456.8 | Last FPS: 1462.1 | Collect Time: 331.7 min | Train RL Time: 2.8 min | Mean Rewards: 47.37 | Current Best: 47.88
Agent Steps: 0029M | FPS: 1456.8 | Last FPS: 1462.1 | Collect Time: 332.1 min | Train RL Time: 2.9 min | Mean Rewards: 41.27 | Current Best: 47.88
Agent Steps: 0029M | FPS: 1456.9 | Last FPS: 1476.4 | Collect Time: 332.4 min | Train RL Time: 2.9 min | Mean Rewards: 45.69 | Current Best: 47.88
Agent Steps: 0029M | FPS: 1456.9 | Last FPS: 1479.2 | Collect Time: 332.8 min | Train RL Time: 2.9 min | Mean Rewards: 46.26 | Current Best: 47.88
Agent Steps: 0029M | FPS: 1456.9 | Last FPS: 1477.9 | Collect Time: 333.2 min | Train RL Time: 2.9 min | Mean Rewards: 45.92 | Current Best: 47.88
Agent Steps: 0029M | FPS: 1456.9 | Last FPS: 1472.0 | Collect Time: 333.5 min | Train RL Time: 2.9 min | Mean Rewards: 46.89 | Current Best: 47.88
Agent Steps: 0029M | FPS: 1456.9 | Last FPS: 1471.3 | Collect Time: 333.9 min | Train RL Time: 2.9 min | Mean Rewards: 46.23 | Current Best: 47.88
Agent Steps: 0029M | FPS: 1457.0 | Last FPS: 1471.7 | Collect Time: 334.3 min | Train RL Time: 2.9 min | Mean Rewards: 45.22 | Current Best: 47.88
[score] 已写出 logs/先抓后飞_无混合/2026-08-03_20-19-32/score_map.npz | 有效点 174/512 | 访问总量 258142
Agent Steps: 0029M | FPS: 1457.0 | Last FPS: 1473.6 | Collect Time: 334.6 min | Train RL Time: 2.9 min | Mean Rewards: 47.14 | Current Best: 47.88
Agent Steps: 0029M | FPS: 1457.0 | Last FPS: 1475.7 | Collect Time: 335.0 min | Train RL Time: 2.9 min | Mean Rewards: 46.60 | Current Best: 47.88
Agent Steps: 0029M | FPS: 1457.0 | Last FPS: 1474.0 | Collect Time: 335.4 min | Train RL Time: 2.9 min | Mean Rewards: 47.54 | Current Best: 47.88
Agent Steps: 0029M | FPS: 1457.0 | Last FPS: 1475.5 | Collect Time: 335.7 min | Train RL Time: 2.9 min | Mean Rewards: 45.65 | Current Best: 47.88
Agent Steps: 0029M | FPS: 1457.0 | Last FPS: 1470.1 | Collect Time: 336.1 min | Train RL Time: 2.9 min | Mean Rewards: 46.58 | Current Best: 47.88
Agent Steps: 0029M | FPS: 1457.1 | Last FPS: 1476.0 | Collect Time: 336.5 min | Train RL Time: 2.9 min | Mean Rewards: 45.31 | Current Best: 47.88
Agent Steps: 0029M | FPS: 1457.1 | Last FPS: 1477.5 | Collect Time: 336.8 min | Train RL Time: 2.9 min | Mean Rewards: 45.96 | Current Best: 47.88
Agent Steps: 0029M | FPS: 1457.1 | Last FPS: 1452.0 | Collect Time: 337.2 min | Train RL Time: 2.9 min | Mean Rewards: 47.11 | Current Best: 47.88
Agent Steps: 0029M | FPS: 1457.1 | Last FPS: 1442.2 | Collect Time: 337.6 min | Train RL Time: 2.9 min | Mean Rewards: 47.01 | Current Best: 47.88
Agent Steps: 0029M | FPS: 1457.1 | Last FPS: 1451.0 | Collect Time: 338.0 min | Train RL Time: 2.9 min | Mean Rewards: 47.61 | Current Best: 47.88
Agent Steps: 0029M | FPS: 1457.0 | Last FPS: 1450.5 | Collect Time: 338.3 min | Train RL Time: 2.9 min | Mean Rewards: 46.48 | Current Best: 47.88
Agent Steps: 0029M | FPS: 1457.0 | Last FPS: 1446.9 | Collect Time: 338.7 min | Train RL Time: 2.9 min | Mean Rewards: 47.64 | Current Best: 47.88
Agent Steps: 0029M | FPS: 1457.0 | Last FPS: 1423.0 | Collect Time: 339.1 min | Train RL Time: 2.9 min | Mean Rewards: 46.80 | Current Best: 47.88
Agent Steps: 0029M | FPS: 1457.0 | Last FPS: 1441.5 | Collect Time: 339.5 min | Train RL Time: 2.9 min | Mean Rewards: 47.34 | Current Best: 47.88
Agent Steps: 0029M | FPS: 1457.0 | Last FPS: 1441.3 | Collect Time: 339.8 min | Train RL Time: 2.9 min | Mean Rewards: 46.98 | Current Best: 47.88
Agent Steps: 0030M | FPS: 1456.9 | Last FPS: 1436.5 | Collect Time: 340.2 min | Train RL Time: 2.9 min | Mean Rewards: 46.36 | Current Best: 47.88
Agent Steps: 0030M | FPS: 1456.9 | Last FPS: 1435.4 | Collect Time: 340.6 min | Train RL Time: 2.9 min | Mean Rewards: 45.93 | Current Best: 47.88
Agent Steps: 0030M | FPS: 1456.9 | Last FPS: 1428.2 | Collect Time: 341.0 min | Train RL Time: 2.9 min | Mean Rewards: 46.03 | Current Best: 47.88
Agent Steps: 0030M | FPS: 1456.9 | Last FPS: 1433.0 | Collect Time: 341.3 min | Train RL Time: 2.9 min | Mean Rewards: 47.44 | Current Best: 47.88
Agent Steps: 0030M | FPS: 1456.8 | Last FPS: 1440.3 | Collect Time: 341.7 min | Train RL Time: 2.9 min | Mean Rewards: 47.17 | Current Best: 47.88
Agent Steps: 0030M | FPS: 1456.8 | Last FPS: 1456.0 | Collect Time: 342.1 min | Train RL Time: 2.9 min | Mean Rewards: 46.03 | Current Best: 47.88
Agent Steps: 0030M | FPS: 1456.8 | Last FPS: 1444.4 | Collect Time: 342.5 min | Train RL Time: 2.9 min | Mean Rewards: 46.55 | Current Best: 47.88
Agent Steps: 0030M | FPS: 1456.8 | Last FPS: 1451.1 | Collect Time: 342.8 min | Train RL Time: 2.9 min | Mean Rewards: 45.90 | Current Best: 47.88
Agent Steps: 0030M | FPS: 1456.8 | Last FPS: 1443.8 | Collect Time: 343.2 min | Train RL Time: 2.9 min | Mean Rewards: 47.10 | Current Best: 47.88
Agent Steps: 0030M | FPS: 1456.8 | Last FPS: 1444.4 | Collect Time: 343.6 min | Train RL Time: 2.9 min | Mean Rewards: 47.07 | Current Best: 47.88
Agent Steps: 0030M | FPS: 1456.8 | Last FPS: 1434.6 | Collect Time: 344.0 min | Train RL Time: 2.9 min | Mean Rewards: 46.11 | Current Best: 47.88
Agent Steps: 0030M | FPS: 1456.7 | Last FPS: 1439.5 | Collect Time: 344.3 min | Train RL Time: 3.0 min | Mean Rewards: 46.77 | Current Best: 47.88
Agent Steps: 0030M | FPS: 1456.7 | Last FPS: 1451.4 | Collect Time: 344.7 min | Train RL Time: 3.0 min | Mean Rewards: 47.29 | Current Best: 47.88
Agent Steps: 0030M | FPS: 1456.7 | Last FPS: 1446.3 | Collect Time: 345.1 min | Train RL Time: 3.0 min | Mean Rewards: 47.42 | Current Best: 47.88
Agent Steps: 0030M | FPS: 1456.7 | Last FPS: 1469.3 | Collect Time: 345.5 min | Train RL Time: 3.0 min | Mean Rewards: 45.53 | Current Best: 47.88
Agent Steps: 0030M | FPS: 1456.8 | Last FPS: 1477.6 | Collect Time: 345.8 min | Train RL Time: 3.0 min | Mean Rewards: 46.60 | Current Best: 47.88
Agent Steps: 0030M | FPS: 1456.8 | Last FPS: 1464.0 | Collect Time: 346.2 min | Train RL Time: 3.0 min | Mean Rewards: 45.92 | Current Best: 47.88
Agent Steps: 0030M | FPS: 1456.8 | Last FPS: 1464.9 | Collect Time: 346.6 min | Train RL Time: 3.0 min | Mean Rewards: 47.31 | Current Best: 47.88
Agent Steps: 0030M | FPS: 1456.8 | Last FPS: 1476.8 | Collect Time: 346.9 min | Train RL Time: 3.0 min | Mean Rewards: 46.30 | Current Best: 47.88
Agent Steps: 0030M | FPS: 1456.8 | Last FPS: 1475.4 | Collect Time: 347.3 min | Train RL Time: 3.0 min | Mean Rewards: 46.46 | Current Best: 47.88
Agent Steps: 0030M | FPS: 1456.8 | Last FPS: 1478.4 | Collect Time: 347.7 min | Train RL Time: 3.0 min | Mean Rewards: 45.91 | Current Best: 47.88
Agent Steps: 0030M | FPS: 1456.8 | Last FPS: 1455.6 | Collect Time: 348.0 min | Train RL Time: 3.0 min | Mean Rewards: 47.16 | Current Best: 47.88
Agent Steps: 0030M | FPS: 1456.8 | Last FPS: 1458.8 | Collect Time: 348.4 min | Train RL Time: 3.0 min | Mean Rewards: 46.83 | Current Best: 47.88
Agent Steps: 0030M | FPS: 1456.9 | Last FPS: 1466.9 | Collect Time: 348.8 min | Train RL Time: 3.0 min | Mean Rewards: 45.04 | Current Best: 47.88
Agent Steps: 0030M | FPS: 1456.9 | Last FPS: 1468.5 | Collect Time: 349.2 min | Train RL Time: 3.0 min | Mean Rewards: 46.32 | Current Best: 47.88
Agent Steps: 0030M | FPS: 1456.9 | Last FPS: 1465.5 | Collect Time: 349.5 min | Train RL Time: 3.0 min | Mean Rewards: 46.10 | Current Best: 47.88
Agent Steps: 0030M | FPS: 1456.9 | Last FPS: 1485.9 | Collect Time: 349.9 min | Train RL Time: 3.0 min | Mean Rewards: 46.42 | Current Best: 47.88
Agent Steps: 0030M | FPS: 1456.9 | Last FPS: 1486.8 | Collect Time: 350.2 min | Train RL Time: 3.0 min | Mean Rewards: 47.22 | Current Best: 47.88
Agent Steps: 0030M | FPS: 1457.0 | Last FPS: 1466.4 | Collect Time: 350.6 min | Train RL Time: 3.0 min | Mean Rewards: 45.80 | Current Best: 47.88
Agent Steps: 0030M | FPS: 1456.9 | Last FPS: 1453.4 | Collect Time: 351.0 min | Train RL Time: 3.0 min | Mean Rewards: 45.17 | Current Best: 47.88
Agent Steps: 0030M | FPS: 1456.9 | Last FPS: 1424.8 | Collect Time: 351.4 min | Train RL Time: 3.0 min | Mean Rewards: 44.68 | Current Best: 47.88
Agent Steps: 0031M | FPS: 1456.9 | Last FPS: 1422.0 | Collect Time: 351.8 min | Train RL Time: 3.0 min | Mean Rewards: 46.13 | Current Best: 47.88
Agent Steps: 0031M | FPS: 1456.8 | Last FPS: 1428.0 | Collect Time: 352.1 min | Train RL Time: 3.0 min | Mean Rewards: 46.35 | Current Best: 47.88
Agent Steps: 0031M | FPS: 1456.8 | Last FPS: 1428.2 | Collect Time: 352.5 min | Train RL Time: 3.0 min | Mean Rewards: 46.41 | Current Best: 47.88
Agent Steps: 0031M | FPS: 1456.8 | Last FPS: 1438.7 | Collect Time: 352.9 min | Train RL Time: 3.0 min | Mean Rewards: 46.82 | Current Best: 47.88
Agent Steps: 0031M | FPS: 1456.8 | Last FPS: 1428.5 | Collect Time: 353.3 min | Train RL Time: 3.0 min | Mean Rewards: 47.01 | Current Best: 47.88
Agent Steps: 0031M | FPS: 1456.7 | Last FPS: 1427.2 | Collect Time: 353.6 min | Train RL Time: 3.0 min | Mean Rewards: 46.01 | Current Best: 47.88
Agent Steps: 0031M | FPS: 1456.7 | Last FPS: 1425.1 | Collect Time: 354.0 min | Train RL Time: 3.0 min | Mean Rewards: 47.60 | Current Best: 47.88
Agent Steps: 0031M | FPS: 1456.7 | Last FPS: 1417.8 | Collect Time: 354.4 min | Train RL Time: 3.0 min | Mean Rewards: 46.95 | Current Best: 47.88
Agent Steps: 0031M | FPS: 1456.6 | Last FPS: 1423.3 | Collect Time: 354.8 min | Train RL Time: 3.0 min | Mean Rewards: 46.46 | Current Best: 47.88
Agent Steps: 0031M | FPS: 1456.6 | Last FPS: 1424.6 | Collect Time: 355.2 min | Train RL Time: 3.0 min | Mean Rewards: 46.38 | Current Best: 47.88
Agent Steps: 0031M | FPS: 1456.6 | Last FPS: 1439.9 | Collect Time: 355.5 min | Train RL Time: 3.0 min | Mean Rewards: 45.51 | Current Best: 47.88
Agent Steps: 0031M | FPS: 1456.6 | Last FPS: 1438.9 | Collect Time: 355.9 min | Train RL Time: 3.0 min | Mean Rewards: 45.76 | Current Best: 47.88
Agent Steps: 0031M | FPS: 1456.5 | Last FPS: 1445.9 | Collect Time: 356.3 min | Train RL Time: 3.1 min | Mean Rewards: 45.90 | Current Best: 47.88
Agent Steps: 0031M | FPS: 1456.5 | Last FPS: 1451.1 | Collect Time: 356.7 min | Train RL Time: 3.1 min | Mean Rewards: 46.52 | Current Best: 47.88
Agent Steps: 0031M | FPS: 1456.5 | Last FPS: 1435.5 | Collect Time: 357.0 min | Train RL Time: 3.1 min | Mean Rewards: 47.12 | Current Best: 47.88
Agent Steps: 0031M | FPS: 1456.5 | Last FPS: 1452.9 | Collect Time: 357.4 min | Train RL Time: 3.1 min | Mean Rewards: 46.51 | Current Best: 47.88
Agent Steps: 0031M | FPS: 1456.5 | Last FPS: 1453.4 | Collect Time: 357.8 min | Train RL Time: 3.1 min | Mean Rewards: 45.54 | Current Best: 47.88
Agent Steps: 0031M | FPS: 1456.5 | Last FPS: 1444.5 | Collect Time: 358.2 min | Train RL Time: 3.1 min | Mean Rewards: 46.63 | Current Best: 47.88
Agent Steps: 0031M | FPS: 1456.5 | Last FPS: 1453.6 | Collect Time: 358.5 min | Train RL Time: 3.1 min | Mean Rewards: 45.77 | Current Best: 47.88
Agent Steps: 0031M | FPS: 1456.5 | Last FPS: 1463.7 | Collect Time: 358.9 min | Train RL Time: 3.1 min | Mean Rewards: 47.47 | Current Best: 47.88
Agent Steps: 0031M | FPS: 1456.5 | Last FPS: 1471.5 | Collect Time: 359.3 min | Train RL Time: 3.1 min | Mean Rewards: 47.23 | Current Best: 47.88
Agent Steps: 0031M | FPS: 1456.5 | Last FPS: 1465.9 | Collect Time: 359.6 min | Train RL Time: 3.1 min | Mean Rewards: 45.73 | Current Best: 47.88
Agent Steps: 0031M | FPS: 1456.5 | Last FPS: 1468.9 | Collect Time: 360.0 min | Train RL Time: 3.1 min | Mean Rewards: 46.59 | Current Best: 47.88
Agent Steps: 0031M | FPS: 1456.6 | Last FPS: 1486.3 | Collect Time: 360.4 min | Train RL Time: 3.1 min | Mean Rewards: 46.61 | Current Best: 47.88
Agent Steps: 0031M | FPS: 1456.6 | Last FPS: 1467.0 | Collect Time: 360.7 min | Train RL Time: 3.1 min | Mean Rewards: 45.38 | Current Best: 47.88
Agent Steps: 0031M | FPS: 1456.6 | Last FPS: 1455.5 | Collect Time: 361.1 min | Train RL Time: 3.1 min | Mean Rewards: 45.65 | Current Best: 47.88
Agent Steps: 0031M | FPS: 1456.6 | Last FPS: 1464.5 | Collect Time: 361.5 min | Train RL Time: 3.1 min | Mean Rewards: 45.66 | Current Best: 47.88
Agent Steps: 0031M | FPS: 1456.6 | Last FPS: 1467.9 | Collect Time: 361.8 min | Train RL Time: 3.1 min | Mean Rewards: 43.99 | Current Best: 47.88
Agent Steps: 0031M | FPS: 1456.6 | Last FPS: 1456.3 | Collect Time: 362.2 min | Train RL Time: 3.1 min | Mean Rewards: 44.52 | Current Best: 47.88
Agent Steps: 0031M | FPS: 1456.6 | Last FPS: 1459.2 | Collect Time: 362.6 min | Train RL Time: 3.1 min | Mean Rewards: 45.99 | Current Best: 47.88
Agent Steps: 0032M | FPS: 1456.6 | Last FPS: 1472.6 | Collect Time: 363.0 min | Train RL Time: 3.1 min | Mean Rewards: 45.97 | Current Best: 47.88
Agent Steps: 0032M | FPS: 1456.6 | Last FPS: 1481.5 | Collect Time: 363.3 min | Train RL Time: 3.1 min | Mean Rewards: 46.20 | Current Best: 47.88
Agent Steps: 0032M | FPS: 1456.7 | Last FPS: 1483.8 | Collect Time: 363.7 min | Train RL Time: 3.1 min | Mean Rewards: 47.04 | Current Best: 47.88
Agent Steps: 0032M | FPS: 1456.7 | Last FPS: 1472.8 | Collect Time: 364.0 min | Train RL Time: 3.1 min | Mean Rewards: 46.51 | Current Best: 47.88
Agent Steps: 0032M | FPS: 1456.7 | Last FPS: 1479.4 | Collect Time: 364.4 min | Train RL Time: 3.1 min | Mean Rewards: 47.12 | Current Best: 47.88
Agent Steps: 0032M | FPS: 1456.7 | Last FPS: 1471.1 | Collect Time: 364.8 min | Train RL Time: 3.1 min | Mean Rewards: 47.06 | Current Best: 47.88
Agent Steps: 0032M | FPS: 1456.7 | Last FPS: 1474.6 | Collect Time: 365.1 min | Train RL Time: 3.1 min | Mean Rewards: 45.98 | Current Best: 47.88
Agent Steps: 0032M | FPS: 1456.7 | Last FPS: 1460.0 | Collect Time: 365.5 min | Train RL Time: 3.1 min | Mean Rewards: 45.60 | Current Best: 47.88
Agent Steps: 0032M | FPS: 1456.7 | Last FPS: 1458.8 | Collect Time: 365.9 min | Train RL Time: 3.1 min | Mean Rewards: 47.29 | Current Best: 47.88
Agent Steps: 0032M | FPS: 1456.8 | Last FPS: 1470.0 | Collect Time: 366.3 min | Train RL Time: 3.1 min | Mean Rewards: 45.79 | Current Best: 47.88
Agent Steps: 0032M | FPS: 1456.8 | Last FPS: 1462.2 | Collect Time: 366.6 min | Train RL Time: 3.1 min | Mean Rewards: 46.08 | Current Best: 47.88
Agent Steps: 0032M | FPS: 1456.8 | Last FPS: 1470.5 | Collect Time: 367.0 min | Train RL Time: 3.2 min | Mean Rewards: 46.53 | Current Best: 47.88
Agent Steps: 0032M | FPS: 1456.8 | Last FPS: 1475.5 | Collect Time: 367.4 min | Train RL Time: 3.2 min | Mean Rewards: 47.49 | Current Best: 47.88
Agent Steps: 0032M | FPS: 1456.8 | Last FPS: 1468.7 | Collect Time: 367.7 min | Train RL Time: 3.2 min | Mean Rewards: 46.42 | Current Best: 47.88
Agent Steps: 0032M | FPS: 1456.8 | Last FPS: 1462.8 | Collect Time: 368.1 min | Train RL Time: 3.2 min | Mean Rewards: 47.75 | Current Best: 47.88
save current best reward: 47.99
Agent Steps: 0032M | FPS: 1456.8 | Last FPS: 1482.4 | Collect Time: 368.5 min | Train RL Time: 3.2 min | Mean Rewards: 47.99 | Current Best: 47.99
Agent Steps: 0032M | FPS: 1456.9 | Last FPS: 1471.4 | Collect Time: 368.8 min | Train RL Time: 3.2 min | Mean Rewards: 46.02 | Current Best: 47.99
Agent Steps: 0032M | FPS: 1456.8 | Last FPS: 1450.7 | Collect Time: 369.2 min | Train RL Time: 3.2 min | Mean Rewards: 46.42 | Current Best: 47.99
Agent Steps: 0032M | FPS: 1456.9 | Last FPS: 1463.2 | Collect Time: 369.6 min | Train RL Time: 3.2 min | Mean Rewards: 44.64 | Current Best: 47.99
Agent Steps: 0032M | FPS: 1456.9 | Last FPS: 1457.4 | Collect Time: 369.9 min | Train RL Time: 3.2 min | Mean Rewards: 46.80 | Current Best: 47.99
Agent Steps: 0032M | FPS: 1456.8 | Last FPS: 1453.6 | Collect Time: 370.3 min | Train RL Time: 3.2 min | Mean Rewards: 45.72 | Current Best: 47.99
Agent Steps: 0032M | FPS: 1456.9 | Last FPS: 1462.4 | Collect Time: 370.7 min | Train RL Time: 3.2 min | Mean Rewards: 45.83 | Current Best: 47.99
Agent Steps: 0032M | FPS: 1456.9 | Last FPS: 1465.9 | Collect Time: 371.1 min | Train RL Time: 3.2 min | Mean Rewards: 47.30 | Current Best: 47.99
Agent Steps: 0032M | FPS: 1456.9 | Last FPS: 1466.7 | Collect Time: 371.4 min | Train RL Time: 3.2 min | Mean Rewards: 44.38 | Current Best: 47.99
[score] 已写出 logs/先抓后飞_无混合/2026-08-03_20-19-32/score_map.npz | 有效点 173/512 | 访问总量 281762
Agent Steps: 0032M | FPS: 1456.9 | Last FPS: 1464.6 | Collect Time: 371.8 min | Train RL Time: 3.2 min | Mean Rewards: 45.16 | Current Best: 47.99
Agent Steps: 0032M | FPS: 1456.9 | Last FPS: 1456.6 | Collect Time: 372.2 min | Train RL Time: 3.2 min | Mean Rewards: 45.67 | Current Best: 47.99
Agent Steps: 0032M | FPS: 1456.9 | Last FPS: 1455.2 | Collect Time: 372.5 min | Train RL Time: 3.2 min | Mean Rewards: 47.10 | Current Best: 47.99
Agent Steps: 0032M | FPS: 1456.9 | Last FPS: 1446.1 | Collect Time: 372.9 min | Train RL Time: 3.2 min | Mean Rewards: 45.61 | Current Best: 47.99
Agent Steps: 0032M | FPS: 1456.9 | Last FPS: 1471.9 | Collect Time: 373.3 min | Train RL Time: 3.2 min | Mean Rewards: 46.77 | Current Best: 47.99
Agent Steps: 0032M | FPS: 1456.9 | Last FPS: 1473.5 | Collect Time: 373.6 min | Train RL Time: 3.2 min | Mean Rewards: 46.65 | Current Best: 47.99
Agent Steps: 0032M | FPS: 1456.9 | Last FPS: 1452.7 | Collect Time: 374.0 min | Train RL Time: 3.2 min | Mean Rewards: 45.82 | Current Best: 47.99
Agent Steps: 0033M | FPS: 1456.9 | Last FPS: 1468.0 | Collect Time: 374.4 min | Train RL Time: 3.2 min | Mean Rewards: 45.36 | Current Best: 47.99
Agent Steps: 0033M | FPS: 1456.9 | Last FPS: 1461.0 | Collect Time: 374.8 min | Train RL Time: 3.2 min | Mean Rewards: 45.09 | Current Best: 47.99
Agent Steps: 0033M | FPS: 1456.9 | Last FPS: 1457.5 | Collect Time: 375.1 min | Train RL Time: 3.2 min | Mean Rewards: 46.44 | Current Best: 47.99
Agent Steps: 0033M | FPS: 1456.9 | Last FPS: 1478.6 | Collect Time: 375.5 min | Train RL Time: 3.2 min | Mean Rewards: 46.10 | Current Best: 47.99
Agent Steps: 0033M | FPS: 1456.9 | Last FPS: 1468.6 | Collect Time: 375.9 min | Train RL Time: 3.2 min | Mean Rewards: 45.90 | Current Best: 47.99
Agent Steps: 0033M | FPS: 1457.0 | Last FPS: 1466.7 | Collect Time: 376.2 min | Train RL Time: 3.2 min | Mean Rewards: 45.59 | Current Best: 47.99
Agent Steps: 0033M | FPS: 1457.0 | Last FPS: 1462.0 | Collect Time: 376.6 min | Train RL Time: 3.2 min | Mean Rewards: 45.60 | Current Best: 47.99
Agent Steps: 0033M | FPS: 1457.0 | Last FPS: 1469.6 | Collect Time: 377.0 min | Train RL Time: 3.2 min | Mean Rewards: 46.34 | Current Best: 47.99
Agent Steps: 0033M | FPS: 1457.0 | Last FPS: 1467.8 | Collect Time: 377.3 min | Train RL Time: 3.3 min | Mean Rewards: 45.59 | Current Best: 47.99
Agent Steps: 0033M | FPS: 1457.0 | Last FPS: 1463.3 | Collect Time: 377.7 min | Train RL Time: 3.3 min | Mean Rewards: 45.82 | Current Best: 47.99
Agent Steps: 0033M | FPS: 1457.0 | Last FPS: 1465.8 | Collect Time: 378.1 min | Train RL Time: 3.3 min | Mean Rewards: 46.67 | Current Best: 47.99
Agent Steps: 0033M | FPS: 1457.0 | Last FPS: 1457.6 | Collect Time: 378.4 min | Train RL Time: 3.3 min | Mean Rewards: 45.82 | Current Best: 47.99
Agent Steps: 0033M | FPS: 1457.0 | Last FPS: 1459.3 | Collect Time: 378.8 min | Train RL Time: 3.3 min | Mean Rewards: 47.05 | Current Best: 47.99
Agent Steps: 0033M | FPS: 1457.0 | Last FPS: 1460.3 | Collect Time: 379.2 min | Train RL Time: 3.3 min | Mean Rewards: 46.50 | Current Best: 47.99
Agent Steps: 0033M | FPS: 1457.0 | Last FPS: 1452.1 | Collect Time: 379.6 min | Train RL Time: 3.3 min | Mean Rewards: 47.77 | Current Best: 47.99
Agent Steps: 0033M | FPS: 1457.0 | Last FPS: 1450.3 | Collect Time: 379.9 min | Train RL Time: 3.3 min | Mean Rewards: 46.34 | Current Best: 47.99
Agent Steps: 0033M | FPS: 1457.0 | Last FPS: 1451.2 | Collect Time: 380.3 min | Train RL Time: 3.3 min | Mean Rewards: 45.34 | Current Best: 47.99
Agent Steps: 0033M | FPS: 1457.0 | Last FPS: 1467.3 | Collect Time: 380.7 min | Train RL Time: 3.3 min | Mean Rewards: 44.26 | Current Best: 47.99
Agent Steps: 0033M | FPS: 1457.0 | Last FPS: 1461.2 | Collect Time: 381.0 min | Train RL Time: 3.3 min | Mean Rewards: 45.98 | Current Best: 47.99
Agent Steps: 0033M | FPS: 1457.0 | Last FPS: 1468.0 | Collect Time: 381.4 min | Train RL Time: 3.3 min | Mean Rewards: 46.92 | Current Best: 47.99
Agent Steps: 0033M | FPS: 1457.0 | Last FPS: 1458.5 | Collect Time: 381.8 min | Train RL Time: 3.3 min | Mean Rewards: 47.18 | Current Best: 47.99
Agent Steps: 0033M | FPS: 1457.0 | Last FPS: 1442.0 | Collect Time: 382.2 min | Train RL Time: 3.3 min | Mean Rewards: 47.54 | Current Best: 47.99
Agent Steps: 0033M | FPS: 1457.0 | Last FPS: 1453.1 | Collect Time: 382.5 min | Train RL Time: 3.3 min | Mean Rewards: 45.94 | Current Best: 47.99
Agent Steps: 0033M | FPS: 1457.0 | Last FPS: 1454.7 | Collect Time: 382.9 min | Train RL Time: 3.3 min | Mean Rewards: 45.44 | Current Best: 47.99
Agent Steps: 0033M | FPS: 1457.0 | Last FPS: 1465.3 | Collect Time: 383.3 min | Train RL Time: 3.3 min | Mean Rewards: 45.94 | Current Best: 47.99
Agent Steps: 0033M | FPS: 1457.0 | Last FPS: 1466.5 | Collect Time: 383.6 min | Train RL Time: 3.3 min | Mean Rewards: 46.54 | Current Best: 47.99
Agent Steps: 0033M | FPS: 1457.0 | Last FPS: 1460.2 | Collect Time: 384.0 min | Train RL Time: 3.3 min | Mean Rewards: 46.75 | Current Best: 47.99
Agent Steps: 0033M | FPS: 1457.0 | Last FPS: 1463.4 | Collect Time: 384.4 min | Train RL Time: 3.3 min | Mean Rewards: 47.06 | Current Best: 47.99
Agent Steps: 0033M | FPS: 1457.0 | Last FPS: 1469.3 | Collect Time: 384.7 min | Train RL Time: 3.3 min | Mean Rewards: 46.17 | Current Best: 47.99
Agent Steps: 0033M | FPS: 1457.0 | Last FPS: 1453.3 | Collect Time: 385.1 min | Train RL Time: 3.3 min | Mean Rewards: 45.80 | Current Best: 47.99
Agent Steps: 0034M | FPS: 1457.0 | Last FPS: 1466.6 | Collect Time: 385.5 min | Train RL Time: 3.3 min | Mean Rewards: 45.58 | Current Best: 47.99
Agent Steps: 0034M | FPS: 1457.0 | Last FPS: 1465.8 | Collect Time: 385.9 min | Train RL Time: 3.3 min | Mean Rewards: 45.10 | Current Best: 47.99
Agent Steps: 0034M | FPS: 1457.0 | Last FPS: 1465.4 | Collect Time: 386.2 min | Train RL Time: 3.3 min | Mean Rewards: 45.85 | Current Best: 47.99
Agent Steps: 0034M | FPS: 1457.1 | Last FPS: 1460.0 | Collect Time: 386.6 min | Train RL Time: 3.3 min | Mean Rewards: 47.73 | Current Best: 47.99
Agent Steps: 0034M | FPS: 1457.0 | Last FPS: 1445.8 | Collect Time: 387.0 min | Train RL Time: 3.3 min | Mean Rewards: 45.73 | Current Best: 47.99
Agent Steps: 0034M | FPS: 1457.0 | Last FPS: 1451.1 | Collect Time: 387.3 min | Train RL Time: 3.3 min | Mean Rewards: 46.11 | Current Best: 47.99
Agent Steps: 0034M | FPS: 1457.0 | Last FPS: 1456.6 | Collect Time: 387.7 min | Train RL Time: 3.3 min | Mean Rewards: 46.56 | Current Best: 47.99
Agent Steps: 0034M | FPS: 1457.0 | Last FPS: 1447.8 | Collect Time: 388.1 min | Train RL Time: 3.4 min | Mean Rewards: 45.87 | Current Best: 47.99
Agent Steps: 0034M | FPS: 1457.0 | Last FPS: 1445.0 | Collect Time: 388.5 min | Train RL Time: 3.4 min | Mean Rewards: 46.14 | Current Best: 47.99
Agent Steps: 0034M | FPS: 1457.0 | Last FPS: 1475.3 | Collect Time: 388.8 min | Train RL Time: 3.4 min | Mean Rewards: 45.93 | Current Best: 47.99
Agent Steps: 0034M | FPS: 1457.0 | Last FPS: 1453.9 | Collect Time: 389.2 min | Train RL Time: 3.4 min | Mean Rewards: 46.60 | Current Best: 47.99
Agent Steps: 0034M | FPS: 1457.0 | Last FPS: 1470.9 | Collect Time: 389.6 min | Train RL Time: 3.4 min | Mean Rewards: 45.17 | Current Best: 47.99
Agent Steps: 0034M | FPS: 1457.0 | Last FPS: 1456.7 | Collect Time: 389.9 min | Train RL Time: 3.4 min | Mean Rewards: 45.63 | Current Best: 47.99
Agent Steps: 0034M | FPS: 1457.1 | Last FPS: 1467.3 | Collect Time: 390.3 min | Train RL Time: 3.4 min | Mean Rewards: 45.99 | Current Best: 47.99
Agent Steps: 0034M | FPS: 1457.0 | Last FPS: 1452.8 | Collect Time: 390.7 min | Train RL Time: 3.4 min | Mean Rewards: 46.88 | Current Best: 47.99
Agent Steps: 0034M | FPS: 1457.1 | Last FPS: 1469.9 | Collect Time: 391.0 min | Train RL Time: 3.4 min | Mean Rewards: 45.26 | Current Best: 47.99
Agent Steps: 0034M | FPS: 1457.1 | Last FPS: 1473.5 | Collect Time: 391.4 min | Train RL Time: 3.4 min | Mean Rewards: 47.58 | Current Best: 47.99
Agent Steps: 0034M | FPS: 1457.1 | Last FPS: 1475.5 | Collect Time: 391.8 min | Train RL Time: 3.4 min | Mean Rewards: 47.18 | Current Best: 47.99
Agent Steps: 0034M | FPS: 1457.1 | Last FPS: 1459.1 | Collect Time: 392.1 min | Train RL Time: 3.4 min | Mean Rewards: 45.67 | Current Best: 47.99
Agent Steps: 0034M | FPS: 1457.1 | Last FPS: 1480.8 | Collect Time: 392.5 min | Train RL Time: 3.4 min | Mean Rewards: 46.34 | Current Best: 47.99
Agent Steps: 0034M | FPS: 1457.1 | Last FPS: 1476.6 | Collect Time: 392.9 min | Train RL Time: 3.4 min | Mean Rewards: 46.71 | Current Best: 47.99
Agent Steps: 0034M | FPS: 1457.1 | Last FPS: 1471.9 | Collect Time: 393.2 min | Train RL Time: 3.4 min | Mean Rewards: 47.03 | Current Best: 47.99
Agent Steps: 0034M | FPS: 1457.2 | Last FPS: 1475.7 | Collect Time: 393.6 min | Train RL Time: 3.4 min | Mean Rewards: 46.92 | Current Best: 47.99
Agent Steps: 0034M | FPS: 1457.2 | Last FPS: 1490.6 | Collect Time: 394.0 min | Train RL Time: 3.4 min | Mean Rewards: 47.62 | Current Best: 47.99
Agent Steps: 0034M | FPS: 1457.2 | Last FPS: 1459.3 | Collect Time: 394.3 min | Train RL Time: 3.4 min | Mean Rewards: 45.50 | Current Best: 47.99
Agent Steps: 0034M | FPS: 1457.2 | Last FPS: 1451.8 | Collect Time: 394.7 min | Train RL Time: 3.4 min | Mean Rewards: 47.10 | Current Best: 47.99
Agent Steps: 0034M | FPS: 1457.2 | Last FPS: 1467.8 | Collect Time: 395.1 min | Train RL Time: 3.4 min | Mean Rewards: 47.18 | Current Best: 47.99
Agent Steps: 0034M | FPS: 1457.2 | Last FPS: 1460.5 | Collect Time: 395.5 min | Train RL Time: 3.4 min | Mean Rewards: 44.25 | Current Best: 47.99
Agent Steps: 0034M | FPS: 1457.2 | Last FPS: 1488.5 | Collect Time: 395.8 min | Train RL Time: 3.4 min | Mean Rewards: 47.03 | Current Best: 47.99
Agent Steps: 0034M | FPS: 1457.2 | Last FPS: 1464.2 | Collect Time: 396.2 min | Train RL Time: 3.4 min | Mean Rewards: 46.55 | Current Best: 47.99
Agent Steps: 0034M | FPS: 1457.3 | Last FPS: 1467.4 | Collect Time: 396.6 min | Train RL Time: 3.4 min | Mean Rewards: 45.96 | Current Best: 47.99
Agent Steps: 0035M | FPS: 1457.2 | Last FPS: 1453.0 | Collect Time: 396.9 min | Train RL Time: 3.4 min | Mean Rewards: 47.60 | Current Best: 47.99
Agent Steps: 0035M | FPS: 1457.3 | Last FPS: 1467.1 | Collect Time: 397.3 min | Train RL Time: 3.4 min | Mean Rewards: 45.27 | Current Best: 47.99
Agent Steps: 0035M | FPS: 1457.3 | Last FPS: 1468.7 | Collect Time: 397.7 min | Train RL Time: 3.4 min | Mean Rewards: 40.05 | Current Best: 47.99
Agent Steps: 0035M | FPS: 1457.3 | Last FPS: 1492.1 | Collect Time: 398.0 min | Train RL Time: 3.4 min | Mean Rewards: 46.11 | Current Best: 47.99
Agent Steps: 0035M | FPS: 1457.3 | Last FPS: 1454.2 | Collect Time: 398.4 min | Train RL Time: 3.5 min | Mean Rewards: 46.69 | Current Best: 47.99
Agent Steps: 0035M | FPS: 1457.3 | Last FPS: 1457.5 | Collect Time: 398.8 min | Train RL Time: 3.5 min | Mean Rewards: 46.24 | Current Best: 47.99
Agent Steps: 0035M | FPS: 1457.3 | Last FPS: 1447.7 | Collect Time: 399.1 min | Train RL Time: 3.5 min | Mean Rewards: 45.29 | Current Best: 47.99
Agent Steps: 0035M | FPS: 1457.3 | Last FPS: 1462.9 | Collect Time: 399.5 min | Train RL Time: 3.5 min | Mean Rewards: 46.06 | Current Best: 47.99
Agent Steps: 0035M | FPS: 1457.3 | Last FPS: 1473.9 | Collect Time: 399.9 min | Train RL Time: 3.5 min | Mean Rewards: 47.28 | Current Best: 47.99
Agent Steps: 0035M | FPS: 1457.3 | Last FPS: 1470.4 | Collect Time: 400.2 min | Train RL Time: 3.5 min | Mean Rewards: 45.00 | Current Best: 47.99
Agent Steps: 0035M | FPS: 1457.3 | Last FPS: 1463.2 | Collect Time: 400.6 min | Train RL Time: 3.5 min | Mean Rewards: 46.44 | Current Best: 47.99
Agent Steps: 0035M | FPS: 1457.3 | Last FPS: 1474.9 | Collect Time: 401.0 min | Train RL Time: 3.5 min | Mean Rewards: 47.20 | Current Best: 47.99
Agent Steps: 0035M | FPS: 1457.3 | Last FPS: 1468.4 | Collect Time: 401.3 min | Train RL Time: 3.5 min | Mean Rewards: 46.74 | Current Best: 47.99
Agent Steps: 0035M | FPS: 1457.4 | Last FPS: 1469.0 | Collect Time: 401.7 min | Train RL Time: 3.5 min | Mean Rewards: 47.05 | Current Best: 47.99
Agent Steps: 0035M | FPS: 1457.4 | Last FPS: 1459.5 | Collect Time: 402.1 min | Train RL Time: 3.5 min | Mean Rewards: 47.20 | Current Best: 47.99
Agent Steps: 0035M | FPS: 1457.4 | Last FPS: 1469.3 | Collect Time: 402.5 min | Train RL Time: 3.5 min | Mean Rewards: 41.29 | Current Best: 47.99
Agent Steps: 0035M | FPS: 1457.4 | Last FPS: 1475.3 | Collect Time: 402.8 min | Train RL Time: 3.5 min | Mean Rewards: 46.39 | Current Best: 47.99
Agent Steps: 0035M | FPS: 1457.4 | Last FPS: 1466.5 | Collect Time: 403.2 min | Train RL Time: 3.5 min | Mean Rewards: 45.91 | Current Best: 47.99
Agent Steps: 0035M | FPS: 1457.4 | Last FPS: 1468.5 | Collect Time: 403.6 min | Train RL Time: 3.5 min | Mean Rewards: 46.14 | Current Best: 47.99
Agent Steps: 0035M | FPS: 1457.4 | Last FPS: 1461.9 | Collect Time: 403.9 min | Train RL Time: 3.5 min | Mean Rewards: 47.33 | Current Best: 47.99
Agent Steps: 0035M | FPS: 1457.4 | Last FPS: 1461.0 | Collect Time: 404.3 min | Train RL Time: 3.5 min | Mean Rewards: 47.14 | Current Best: 47.99
Agent Steps: 0035M | FPS: 1457.4 | Last FPS: 1459.5 | Collect Time: 404.7 min | Train RL Time: 3.5 min | Mean Rewards: 44.77 | Current Best: 47.99
Agent Steps: 0035M | FPS: 1457.4 | Last FPS: 1457.7 | Collect Time: 405.0 min | Train RL Time: 3.5 min | Mean Rewards: 46.46 | Current Best: 47.99
Agent Steps: 0035M | FPS: 1457.4 | Last FPS: 1457.0 | Collect Time: 405.4 min | Train RL Time: 3.5 min | Mean Rewards: 45.79 | Current Best: 47.99
Agent Steps: 0035M | FPS: 1457.4 | Last FPS: 1461.3 | Collect Time: 405.8 min | Train RL Time: 3.5 min | Mean Rewards: 46.93 | Current Best: 47.99
Agent Steps: 0035M | FPS: 1457.4 | Last FPS: 1479.9 | Collect Time: 406.1 min | Train RL Time: 3.5 min | Mean Rewards: 46.25 | Current Best: 47.99
Agent Steps: 0035M | FPS: 1457.5 | Last FPS: 1473.6 | Collect Time: 406.5 min | Train RL Time: 3.5 min | Mean Rewards: 47.04 | Current Best: 47.99
Agent Steps: 0035M | FPS: 1457.5 | Last FPS: 1467.8 | Collect Time: 406.9 min | Train RL Time: 3.5 min | Mean Rewards: 46.99 | Current Best: 47.99
Agent Steps: 0035M | FPS: 1457.5 | Last FPS: 1466.9 | Collect Time: 407.3 min | Train RL Time: 3.5 min | Mean Rewards: 47.08 | Current Best: 47.99
Agent Steps: 0035M | FPS: 1457.5 | Last FPS: 1467.1 | Collect Time: 407.6 min | Train RL Time: 3.5 min | Mean Rewards: 46.14 | Current Best: 47.99
Agent Steps: 0036M | FPS: 1457.5 | Last FPS: 1465.5 | Collect Time: 408.0 min | Train RL Time: 3.5 min | Mean Rewards: 46.65 | Current Best: 47.99
Agent Steps: 0036M | FPS: 1457.5 | Last FPS: 1456.5 | Collect Time: 408.4 min | Train RL Time: 3.5 min | Mean Rewards: 46.16 | Current Best: 47.99
[score] 已写出 logs/先抓后飞_无混合/2026-08-03_20-19-32/score_map.npz | 有效点 175/512 | 访问总量 303466
Agent Steps: 0036M | FPS: 1457.5 | Last FPS: 1461.0 | Collect Time: 408.7 min | Train RL Time: 3.5 min | Mean Rewards: 46.27 | Current Best: 47.99
Agent Steps: 0036M | FPS: 1457.5 | Last FPS: 1462.5 | Collect Time: 409.1 min | Train RL Time: 3.6 min | Mean Rewards: 45.19 | Current Best: 47.99
Agent Steps: 0036M | FPS: 1457.5 | Last FPS: 1474.9 | Collect Time: 409.5 min | Train RL Time: 3.6 min | Mean Rewards: 46.80 | Current Best: 47.99
Agent Steps: 0036M | FPS: 1457.5 | Last FPS: 1470.8 | Collect Time: 409.8 min | Train RL Time: 3.6 min | Mean Rewards: 45.36 | Current Best: 47.99
Agent Steps: 0036M | FPS: 1457.5 | Last FPS: 1467.6 | Collect Time: 410.2 min | Train RL Time: 3.6 min | Mean Rewards: 47.10 | Current Best: 47.99
Agent Steps: 0036M | FPS: 1457.5 | Last FPS: 1461.3 | Collect Time: 410.6 min | Train RL Time: 3.6 min | Mean Rewards: 44.97 | Current Best: 47.99
Agent Steps: 0036M | FPS: 1457.5 | Last FPS: 1457.8 | Collect Time: 410.9 min | Train RL Time: 3.6 min | Mean Rewards: 46.74 | Current Best: 47.99
Agent Steps: 0036M | FPS: 1457.5 | Last FPS: 1465.9 | Collect Time: 411.3 min | Train RL Time: 3.6 min | Mean Rewards: 46.07 | Current Best: 47.99
Agent Steps: 0036M | FPS: 1457.5 | Last FPS: 1455.1 | Collect Time: 411.7 min | Train RL Time: 3.6 min | Mean Rewards: 47.53 | Current Best: 47.99
Agent Steps: 0036M | FPS: 1457.5 | Last FPS: 1460.7 | Collect Time: 412.1 min | Train RL Time: 3.6 min | Mean Rewards: 46.92 | Current Best: 47.99
Agent Steps: 0036M | FPS: 1457.6 | Last FPS: 1469.4 | Collect Time: 412.4 min | Train RL Time: 3.6 min | Mean Rewards: 46.76 | Current Best: 47.99
Agent Steps: 0036M | FPS: 1457.6 | Last FPS: 1463.3 | Collect Time: 412.8 min | Train RL Time: 3.6 min | Mean Rewards: 46.17 | Current Best: 47.99
Agent Steps: 0036M | FPS: 1457.6 | Last FPS: 1459.4 | Collect Time: 413.2 min | Train RL Time: 3.6 min | Mean Rewards: 46.74 | Current Best: 47.99
Agent Steps: 0036M | FPS: 1457.6 | Last FPS: 1462.6 | Collect Time: 413.5 min | Train RL Time: 3.6 min | Mean Rewards: 45.42 | Current Best: 47.99
Agent Steps: 0036M | FPS: 1457.6 | Last FPS: 1473.5 | Collect Time: 413.9 min | Train RL Time: 3.6 min | Mean Rewards: 46.54 | Current Best: 47.99
Agent Steps: 0036M | FPS: 1457.6 | Last FPS: 1452.4 | Collect Time: 414.3 min | Train RL Time: 3.6 min | Mean Rewards: 46.04 | Current Best: 47.99
Agent Steps: 0036M | FPS: 1457.6 | Last FPS: 1469.2 | Collect Time: 414.6 min | Train RL Time: 3.6 min | Mean Rewards: 47.17 | Current Best: 47.99
Agent Steps: 0036M | FPS: 1457.6 | Last FPS: 1459.1 | Collect Time: 415.0 min | Train RL Time: 3.6 min | Mean Rewards: 46.21 | Current Best: 47.99
Agent Steps: 0036M | FPS: 1457.6 | Last FPS: 1462.5 | Collect Time: 415.4 min | Train RL Time: 3.6 min | Mean Rewards: 46.53 | Current Best: 47.99
Agent Steps: 0036M | FPS: 1457.6 | Last FPS: 1456.6 | Collect Time: 415.7 min | Train RL Time: 3.6 min | Mean Rewards: 46.06 | Current Best: 47.99
Agent Steps: 0036M | FPS: 1457.6 | Last FPS: 1457.2 | Collect Time: 416.1 min | Train RL Time: 3.6 min | Mean Rewards: 45.28 | Current Best: 47.99
Agent Steps: 0036M | FPS: 1457.6 | Last FPS: 1459.9 | Collect Time: 416.5 min | Train RL Time: 3.6 min | Mean Rewards: 46.34 | Current Best: 47.99
Agent Steps: 0036M | FPS: 1457.6 | Last FPS: 1474.0 | Collect Time: 416.9 min | Train RL Time: 3.6 min | Mean Rewards: 46.68 | Current Best: 47.99
Agent Steps: 0036M | FPS: 1457.6 | Last FPS: 1472.3 | Collect Time: 417.2 min | Train RL Time: 3.6 min | Mean Rewards: 44.27 | Current Best: 47.99
Agent Steps: 0036M | FPS: 1457.6 | Last FPS: 1460.9 | Collect Time: 417.6 min | Train RL Time: 3.6 min | Mean Rewards: 45.79 | Current Best: 47.99
Agent Steps: 0036M | FPS: 1457.6 | Last FPS: 1474.0 | Collect Time: 418.0 min | Train RL Time: 3.6 min | Mean Rewards: 45.53 | Current Best: 47.99
Agent Steps: 0036M | FPS: 1457.7 | Last FPS: 1471.9 | Collect Time: 418.3 min | Train RL Time: 3.6 min | Mean Rewards: 45.83 | Current Best: 47.99
Agent Steps: 0036M | FPS: 1457.7 | Last FPS: 1485.7 | Collect Time: 418.7 min | Train RL Time: 3.6 min | Mean Rewards: 47.13 | Current Best: 47.99
Agent Steps: 0036M | FPS: 1457.7 | Last FPS: 1470.5 | Collect Time: 419.1 min | Train RL Time: 3.6 min | Mean Rewards: 45.51 | Current Best: 47.99
Agent Steps: 0037M | FPS: 1457.7 | Last FPS: 1474.2 | Collect Time: 419.4 min | Train RL Time: 3.6 min | Mean Rewards: 46.54 | Current Best: 47.99
Agent Steps: 0037M | FPS: 1457.7 | Last FPS: 1461.5 | Collect Time: 419.8 min | Train RL Time: 3.7 min | Mean Rewards: 45.75 | Current Best: 47.99
Agent Steps: 0037M | FPS: 1457.7 | Last FPS: 1466.5 | Collect Time: 420.2 min | Train RL Time: 3.7 min | Mean Rewards: 46.34 | Current Best: 47.99
Agent Steps: 0037M | FPS: 1457.7 | Last FPS: 1457.1 | Collect Time: 420.5 min | Train RL Time: 3.7 min | Mean Rewards: 46.27 | Current Best: 47.99
Agent Steps: 0037M | FPS: 1457.7 | Last FPS: 1472.7 | Collect Time: 420.9 min | Train RL Time: 3.7 min | Mean Rewards: 46.70 | Current Best: 47.99
Agent Steps: 0037M | FPS: 1457.7 | Last FPS: 1458.9 | Collect Time: 421.3 min | Train RL Time: 3.7 min | Mean Rewards: 44.73 | Current Best: 47.99
Agent Steps: 0037M | FPS: 1457.7 | Last FPS: 1429.3 | Collect Time: 421.7 min | Train RL Time: 3.7 min | Mean Rewards: 45.89 | Current Best: 47.99
Agent Steps: 0037M | FPS: 1457.7 | Last FPS: 1438.5 | Collect Time: 422.0 min | Train RL Time: 3.7 min | Mean Rewards: 47.52 | Current Best: 47.99
Agent Steps: 0037M | FPS: 1457.7 | Last FPS: 1435.9 | Collect Time: 422.4 min | Train RL Time: 3.7 min | Mean Rewards: 46.61 | Current Best: 47.99
Agent Steps: 0037M | FPS: 1457.7 | Last FPS: 1455.6 | Collect Time: 422.8 min | Train RL Time: 3.7 min | Mean Rewards: 46.69 | Current Best: 47.99
Agent Steps: 0037M | FPS: 1457.6 | Last FPS: 1430.5 | Collect Time: 423.2 min | Train RL Time: 3.7 min | Mean Rewards: 46.31 | Current Best: 47.99
Agent Steps: 0037M | FPS: 1457.6 | Last FPS: 1432.1 | Collect Time: 423.5 min | Train RL Time: 3.7 min | Mean Rewards: 45.01 | Current Best: 47.99
Agent Steps: 0037M | FPS: 1457.6 | Last FPS: 1443.3 | Collect Time: 423.9 min | Train RL Time: 3.7 min | Mean Rewards: 45.60 | Current Best: 47.99
Agent Steps: 0037M | FPS: 1457.6 | Last FPS: 1417.4 | Collect Time: 424.3 min | Train RL Time: 3.7 min | Mean Rewards: 47.18 | Current Best: 47.99
Agent Steps: 0037M | FPS: 1457.5 | Last FPS: 1429.4 | Collect Time: 424.7 min | Train RL Time: 3.7 min | Mean Rewards: 46.86 | Current Best: 47.99
Agent Steps: 0037M | FPS: 1457.5 | Last FPS: 1424.6 | Collect Time: 425.0 min | Train RL Time: 3.7 min | Mean Rewards: 45.99 | Current Best: 47.99
Agent Steps: 0037M | FPS: 1457.5 | Last FPS: 1440.9 | Collect Time: 425.4 min | Train RL Time: 3.7 min | Mean Rewards: 46.38 | Current Best: 47.99
Agent Steps: 0037M | FPS: 1457.5 | Last FPS: 1452.2 | Collect Time: 425.8 min | Train RL Time: 3.7 min | Mean Rewards: 46.15 | Current Best: 47.99
Agent Steps: 0037M | FPS: 1457.5 | Last FPS: 1451.7 | Collect Time: 426.2 min | Train RL Time: 3.7 min | Mean Rewards: 42.31 | Current Best: 47.99
Agent Steps: 0037M | FPS: 1457.5 | Last FPS: 1446.5 | Collect Time: 426.5 min | Train RL Time: 3.7 min | Mean Rewards: 45.99 | Current Best: 47.99
Agent Steps: 0037M | FPS: 1457.5 | Last FPS: 1454.5 | Collect Time: 426.9 min | Train RL Time: 3.7 min | Mean Rewards: 45.60 | Current Best: 47.99
Agent Steps: 0037M | FPS: 1457.5 | Last FPS: 1452.5 | Collect Time: 427.3 min | Train RL Time: 3.7 min | Mean Rewards: 46.81 | Current Best: 47.99
Agent Steps: 0037M | FPS: 1457.5 | Last FPS: 1470.0 | Collect Time: 427.7 min | Train RL Time: 3.7 min | Mean Rewards: 47.25 | Current Best: 47.99
Agent Steps: 0037M | FPS: 1457.5 | Last FPS: 1465.7 | Collect Time: 428.0 min | Train RL Time: 3.7 min | Mean Rewards: 46.27 | Current Best: 47.99
Agent Steps: 0037M | FPS: 1457.5 | Last FPS: 1475.3 | Collect Time: 428.4 min | Train RL Time: 3.7 min | Mean Rewards: 47.10 | Current Best: 47.99
Agent Steps: 0037M | FPS: 1457.5 | Last FPS: 1445.2 | Collect Time: 428.8 min | Train RL Time: 3.7 min | Mean Rewards: 45.43 | Current Best: 47.99
Agent Steps: 0037M | FPS: 1457.5 | Last FPS: 1466.2 | Collect Time: 429.1 min | Train RL Time: 3.7 min | Mean Rewards: 47.03 | Current Best: 47.99
Agent Steps: 0037M | FPS: 1457.5 | Last FPS: 1482.0 | Collect Time: 429.5 min | Train RL Time: 3.7 min | Mean Rewards: 45.77 | Current Best: 47.99
Agent Steps: 0037M | FPS: 1457.5 | Last FPS: 1482.5 | Collect Time: 429.9 min | Train RL Time: 3.7 min | Mean Rewards: 45.06 | Current Best: 47.99
save current best reward: 48.03
Agent Steps: 0037M | FPS: 1457.6 | Last FPS: 1481.7 | Collect Time: 430.2 min | Train RL Time: 3.7 min | Mean Rewards: 48.03 | Current Best: 48.03
Agent Steps: 0038M | FPS: 1457.6 | Last FPS: 1485.1 | Collect Time: 430.6 min | Train RL Time: 3.8 min | Mean Rewards: 42.88 | Current Best: 48.03
Agent Steps: 0038M | FPS: 1457.6 | Last FPS: 1470.0 | Collect Time: 431.0 min | Train RL Time: 3.8 min | Mean Rewards: 45.73 | Current Best: 48.03
Agent Steps: 0038M | FPS: 1457.6 | Last FPS: 1461.7 | Collect Time: 431.3 min | Train RL Time: 3.8 min | Mean Rewards: 46.50 | Current Best: 48.03
Agent Steps: 0038M | FPS: 1457.6 | Last FPS: 1466.8 | Collect Time: 431.7 min | Train RL Time: 3.8 min | Mean Rewards: 46.71 | Current Best: 48.03
Agent Steps: 0038M | FPS: 1457.6 | Last FPS: 1469.9 | Collect Time: 432.1 min | Train RL Time: 3.8 min | Mean Rewards: 45.71 | Current Best: 48.03
Agent Steps: 0038M | FPS: 1457.6 | Last FPS: 1468.3 | Collect Time: 432.4 min | Train RL Time: 3.8 min | Mean Rewards: 45.70 | Current Best: 48.03
Agent Steps: 0038M | FPS: 1457.6 | Last FPS: 1470.3 | Collect Time: 432.8 min | Train RL Time: 3.8 min | Mean Rewards: 46.60 | Current Best: 48.03
Agent Steps: 0038M | FPS: 1457.6 | Last FPS: 1461.7 | Collect Time: 433.2 min | Train RL Time: 3.8 min | Mean Rewards: 47.10 | Current Best: 48.03
Agent Steps: 0038M | FPS: 1457.7 | Last FPS: 1473.2 | Collect Time: 433.5 min | Train RL Time: 3.8 min | Mean Rewards: 46.23 | Current Best: 48.03
Agent Steps: 0038M | FPS: 1457.7 | Last FPS: 1482.8 | Collect Time: 433.9 min | Train RL Time: 3.8 min | Mean Rewards: 46.53 | Current Best: 48.03
Agent Steps: 0038M | FPS: 1457.7 | Last FPS: 1475.4 | Collect Time: 434.3 min | Train RL Time: 3.8 min | Mean Rewards: 45.70 | Current Best: 48.03
Agent Steps: 0038M | FPS: 1457.7 | Last FPS: 1471.5 | Collect Time: 434.6 min | Train RL Time: 3.8 min | Mean Rewards: 44.94 | Current Best: 48.03
Agent Steps: 0038M | FPS: 1457.7 | Last FPS: 1475.7 | Collect Time: 435.0 min | Train RL Time: 3.8 min | Mean Rewards: 46.85 | Current Best: 48.03
Agent Steps: 0038M | FPS: 1457.7 | Last FPS: 1472.6 | Collect Time: 435.4 min | Train RL Time: 3.8 min | Mean Rewards: 46.57 | Current Best: 48.03
Agent Steps: 0038M | FPS: 1457.7 | Last FPS: 1468.4 | Collect Time: 435.7 min | Train RL Time: 3.8 min | Mean Rewards: 46.64 | Current Best: 48.03
Agent Steps: 0038M | FPS: 1457.8 | Last FPS: 1477.7 | Collect Time: 436.1 min | Train RL Time: 3.8 min | Mean Rewards: 45.73 | Current Best: 48.03
Agent Steps: 0038M | FPS: 1457.8 | Last FPS: 1473.0 | Collect Time: 436.5 min | Train RL Time: 3.8 min | Mean Rewards: 46.93 | Current Best: 48.03
Agent Steps: 0038M | FPS: 1457.8 | Last FPS: 1474.8 | Collect Time: 436.8 min | Train RL Time: 3.8 min | Mean Rewards: 45.36 | Current Best: 48.03
Agent Steps: 0038M | FPS: 1457.8 | Last FPS: 1475.9 | Collect Time: 437.2 min | Train RL Time: 3.8 min | Mean Rewards: 46.47 | Current Best: 48.03
Agent Steps: 0038M | FPS: 1457.8 | Last FPS: 1462.4 | Collect Time: 437.6 min | Train RL Time: 3.8 min | Mean Rewards: 47.08 | Current Best: 48.03
Agent Steps: 0038M | FPS: 1457.8 | Last FPS: 1460.4 | Collect Time: 437.9 min | Train RL Time: 3.8 min | Mean Rewards: 44.89 | Current Best: 48.03
Agent Steps: 0038M | FPS: 1457.8 | Last FPS: 1472.0 | Collect Time: 438.3 min | Train RL Time: 3.8 min | Mean Rewards: 45.07 | Current Best: 48.03
Agent Steps: 0038M | FPS: 1457.8 | Last FPS: 1472.4 | Collect Time: 438.7 min | Train RL Time: 3.8 min | Mean Rewards: 46.94 | Current Best: 48.03
Agent Steps: 0038M | FPS: 1457.8 | Last FPS: 1479.7 | Collect Time: 439.0 min | Train RL Time: 3.8 min | Mean Rewards: 47.03 | Current Best: 48.03
Agent Steps: 0038M | FPS: 1457.9 | Last FPS: 1481.0 | Collect Time: 439.4 min | Train RL Time: 3.8 min | Mean Rewards: 47.46 | Current Best: 48.03
Agent Steps: 0038M | FPS: 1457.9 | Last FPS: 1478.7 | Collect Time: 439.8 min | Train RL Time: 3.8 min | Mean Rewards: 45.87 | Current Best: 48.03
Agent Steps: 0038M | FPS: 1457.9 | Last FPS: 1470.8 | Collect Time: 440.1 min | Train RL Time: 3.8 min | Mean Rewards: 46.61 | Current Best: 48.03
Agent Steps: 0038M | FPS: 1457.9 | Last FPS: 1475.0 | Collect Time: 440.5 min | Train RL Time: 3.8 min | Mean Rewards: 47.05 | Current Best: 48.03
Agent Steps: 0038M | FPS: 1457.9 | Last FPS: 1462.9 | Collect Time: 440.9 min | Train RL Time: 3.8 min | Mean Rewards: 46.26 | Current Best: 48.03
Agent Steps: 0038M | FPS: 1457.9 | Last FPS: 1482.1 | Collect Time: 441.2 min | Train RL Time: 3.9 min | Mean Rewards: 46.96 | Current Best: 48.03
Agent Steps: 0038M | FPS: 1457.9 | Last FPS: 1478.9 | Collect Time: 441.6 min | Train RL Time: 3.9 min | Mean Rewards: 47.46 | Current Best: 48.03
Agent Steps: 0039M | FPS: 1458.0 | Last FPS: 1463.8 | Collect Time: 442.0 min | Train RL Time: 3.9 min | Mean Rewards: 45.56 | Current Best: 48.03
Agent Steps: 0039M | FPS: 1458.0 | Last FPS: 1492.9 | Collect Time: 442.3 min | Train RL Time: 3.9 min | Mean Rewards: 47.59 | Current Best: 48.03
Agent Steps: 0039M | FPS: 1458.0 | Last FPS: 1475.3 | Collect Time: 442.7 min | Train RL Time: 3.9 min | Mean Rewards: 46.80 | Current Best: 48.03
Agent Steps: 0039M | FPS: 1458.0 | Last FPS: 1484.7 | Collect Time: 443.1 min | Train RL Time: 3.9 min | Mean Rewards: 46.70 | Current Best: 48.03
Agent Steps: 0039M | FPS: 1458.0 | Last FPS: 1483.6 | Collect Time: 443.4 min | Train RL Time: 3.9 min | Mean Rewards: 46.87 | Current Best: 48.03
Agent Steps: 0039M | FPS: 1458.1 | Last FPS: 1476.8 | Collect Time: 443.8 min | Train RL Time: 3.9 min | Mean Rewards: 46.56 | Current Best: 48.03
Agent Steps: 0039M | FPS: 1458.1 | Last FPS: 1472.7 | Collect Time: 444.2 min | Train RL Time: 3.9 min | Mean Rewards: 46.76 | Current Best: 48.03
Agent Steps: 0039M | FPS: 1458.1 | Last FPS: 1478.7 | Collect Time: 444.5 min | Train RL Time: 3.9 min | Mean Rewards: 46.85 | Current Best: 48.03
Agent Steps: 0039M | FPS: 1458.1 | Last FPS: 1464.4 | Collect Time: 444.9 min | Train RL Time: 3.9 min | Mean Rewards: 46.10 | Current Best: 48.03
Agent Steps: 0039M | FPS: 1458.1 | Last FPS: 1492.5 | Collect Time: 445.3 min | Train RL Time: 3.9 min | Mean Rewards: 45.22 | Current Best: 48.03
[score] 已写出 logs/先抓后飞_无混合/2026-08-03_20-19-32/score_map.npz | 有效点 176/512 | 访问总量 323537
Agent Steps: 0039M | FPS: 1458.1 | Last FPS: 1446.4 | Collect Time: 445.6 min | Train RL Time: 3.9 min | Mean Rewards: 45.71 | Current Best: 48.03
Agent Steps: 0039M | FPS: 1458.1 | Last FPS: 1442.9 | Collect Time: 446.0 min | Train RL Time: 3.9 min | Mean Rewards: 47.20 | Current Best: 48.03
Agent Steps: 0039M | FPS: 1458.1 | Last FPS: 1448.4 | Collect Time: 446.4 min | Train RL Time: 3.9 min | Mean Rewards: 47.23 | Current Best: 48.03
Agent Steps: 0039M | FPS: 1458.1 | Last FPS: 1464.4 | Collect Time: 446.8 min | Train RL Time: 3.9 min | Mean Rewards: 46.35 | Current Best: 48.03
Agent Steps: 0039M | FPS: 1458.1 | Last FPS: 1462.0 | Collect Time: 447.1 min | Train RL Time: 3.9 min | Mean Rewards: 46.57 | Current Best: 48.03
Agent Steps: 0039M | FPS: 1458.1 | Last FPS: 1475.1 | Collect Time: 447.5 min | Train RL Time: 3.9 min | Mean Rewards: 46.63 | Current Best: 48.03
Agent Steps: 0039M | FPS: 1458.1 | Last FPS: 1479.6 | Collect Time: 447.9 min | Train RL Time: 3.9 min | Mean Rewards: 45.70 | Current Best: 48.03
Agent Steps: 0039M | FPS: 1458.1 | Last FPS: 1474.1 | Collect Time: 448.2 min | Train RL Time: 3.9 min | Mean Rewards: 44.43 | Current Best: 48.03
Agent Steps: 0039M | FPS: 1458.1 | Last FPS: 1457.3 | Collect Time: 448.6 min | Train RL Time: 3.9 min | Mean Rewards: 46.34 | Current Best: 48.03
Agent Steps: 0039M | FPS: 1458.1 | Last FPS: 1463.6 | Collect Time: 449.0 min | Train RL Time: 3.9 min | Mean Rewards: 45.98 | Current Best: 48.03
Agent Steps: 0039M | FPS: 1458.2 | Last FPS: 1472.6 | Collect Time: 449.3 min | Train RL Time: 3.9 min | Mean Rewards: 46.16 | Current Best: 48.03
Agent Steps: 0039M | FPS: 1458.2 | Last FPS: 1481.1 | Collect Time: 449.7 min | Train RL Time: 3.9 min | Mean Rewards: 46.26 | Current Best: 48.03
Agent Steps: 0039M | FPS: 1458.2 | Last FPS: 1485.1 | Collect Time: 450.1 min | Train RL Time: 3.9 min | Mean Rewards: 46.11 | Current Best: 48.03
Agent Steps: 0039M | FPS: 1458.2 | Last FPS: 1485.6 | Collect Time: 450.4 min | Train RL Time: 3.9 min | Mean Rewards: 41.81 | Current Best: 48.03
Agent Steps: 0039M | FPS: 1458.2 | Last FPS: 1487.9 | Collect Time: 450.8 min | Train RL Time: 3.9 min | Mean Rewards: 44.56 | Current Best: 48.03
Agent Steps: 0039M | FPS: 1458.3 | Last FPS: 1471.6 | Collect Time: 451.2 min | Train RL Time: 3.9 min | Mean Rewards: 47.58 | Current Best: 48.03
Agent Steps: 0039M | FPS: 1458.3 | Last FPS: 1483.0 | Collect Time: 451.5 min | Train RL Time: 3.9 min | Mean Rewards: 46.35 | Current Best: 48.03
Agent Steps: 0039M | FPS: 1458.3 | Last FPS: 1458.7 | Collect Time: 451.9 min | Train RL Time: 3.9 min | Mean Rewards: 46.79 | Current Best: 48.03
Agent Steps: 0039M | FPS: 1458.3 | Last FPS: 1475.2 | Collect Time: 452.3 min | Train RL Time: 3.9 min | Mean Rewards: 45.42 | Current Best: 48.03
Agent Steps: 0039M | FPS: 1458.3 | Last FPS: 1474.7 | Collect Time: 452.6 min | Train RL Time: 3.9 min | Mean Rewards: 46.30 | Current Best: 48.03
Agent Steps: 0040M | FPS: 1458.3 | Last FPS: 1471.4 | Collect Time: 453.0 min | Train RL Time: 4.0 min | Mean Rewards: 46.30 | Current Best: 48.03
max steps achieved
[train] 训练结束
[score] 已写出 logs/先抓后飞_无混合/2026-08-03_20-19-32/score_map.npz | 有效点 176/512 | 访问总量 327273
