env,step,row,release_row,released,certified,k,gate_ok,can,contact,reward,r_adv,r_leash,r_bonus,r_act,r_soft,e_n_cm,e_xy_cm,dp_plate_cm,dr_plate_deg,dp_sponge_cm,dr_sponge_deg,within,plate_tilt_deg,gap_mm,coverage,travel_cm,success,died,die_kind,cross_any,dq_re_deg,done,F_L_thumb,F_L_index,F_L_middle,F_L_ring,F_L_pinky,F_R_thumb,F_R_index,F_R_middle,F_R_ring,F_R_pinky
0,0,1.0,10.0,0.0,0.0,0.0,0.0,0.0,1.0,-0.00019295058,0.0,-0.0,0.0,-0.00019295058,-0.0,0.05723834,0.055856008,0.0,0.0,0.0,0.0,1.0,0.6404136,-2.6971195,0.08796296,0.0,0.0,0.0,0.0,0.0,0.0,0,0.0,0.0,0.0,0.0,7.8894854,0.0,0.0,0.0,0.0,0.0
1,0,1.0,10.0,0.0,0.0,0.0,0.0,0.0,1.0,-0.00019295045,0.0,-0.0,0.0,-0.00019295045,-0.0,0.057229586,0.05585276,0.0,0.0,0.0,0.0,1.0,0.6404136,-2.6970263,0.08796296,0.0,0.0,0.0,0.0,0.0,0.0,0,0.0,0.0,0.0,0.0,7.8898163,0.0,0.0,0.0,0.0,0.0
2,0,1.0,10.0,0.0,0.0,0.0,0.0,0.0,1.0,-0.00019300955,0.0,-0.0,0.0,-0.00019300955,-0.0,0.058442727,0.058746967,0.0,0.0,0.0,0.0,1.0,0.6443735,-2.7166176,0.09259259,0.0,0.0,0.0,0.0,0.0,0.0,0,0.0,0.0,0.0,0.0,7.7581744,0.0,0.0,0.0,0.0,0.0
3,0,1.0,10.0,0.0,0.0,0.0,0.0,0.0,1.0,-0.000192919,0.0,-0.0,0.0,-0.000192919,-0.0,0.05829688,0.058488373,0.0,0.0,0.0,0.0,1.0,0.6431576,-2.7144513,0.09259259,0.0,0.0,0.0,0.0,0.0,0.0,0,0.0,0.0,0.0,0.0,7.7583523,0.0,0.0,0.0,0.0,0.0
0,1,2.0,10.0,0.0,0.0,0.0,0.0,0.0,1.0,-0.00015423397,0.0,-0.0,0.0,-0.00015423397,-0.0,0.0170663,0.19143422,0.0,0.0,0.0,0.0,1.0,0.6283844,-2.1205525,0.10185185,0.13874745,0.0,0.0,0.0,0.0,0.0,0,0.0,1.2946472,0.0,0.7826931,1.8022547,0.0,0.0,0.0,0.0,0.0
1,1,2.0,10.0,0.0,0.0,0.0,0.0,0.0,1.0,-0.00015423035,0.0,-0.0,0.0,-0.00015423035,-0.0,0.012532622,0.19289026,0.0,0.0,0.0,0.0,1.0,0.616438,-2.0322745,0.10185185,0.1397727,0.0,0.0,0.0,0.0,0.0,0,0.0,1.2751529,0.0,0.70594114,1.2336888,0.0,0.0,0.0,0.0,0.0
2,1,2.0,10.0,0.0,0.0,0.0,0.0,0.0,1.0,-0.00015438537,0.0,-0.0,0.0,-0.00015438537,-0.0,0.012590922,0.21250373,0.0,0.0,0.0,0.0,1.0,0.66293347,-1.9648336,0.10185185,0.15679201,0.0,0.0,0.0,0.0,0.0,0,0.0,1.2107558,0.0,0.69437665,1.3273754,0.0,0.0,0.0,0.0,0.0
3,1,2.0,10.0,0.0,0.0,0.0,0.0,0.0,1.0,-0.00015446209,0.0,-0.0,0.0,-0.00015446209,-0.0,0.018222257,0.21318173,0.0,0.0,0.0,0.0,1.0,0.67550635,-2.0926464,0.10185185,0.15857176,0.0,0.0,0.0,0.0,0.0,0,0.0,1.2809019,0.0,0.72146314,1.2280635,0.0,0.0,0.0,0.0,0.0
0,2,3.0,10.0,0.0,0.0,0.0,0.0,0.0,1.0,-0.00014832152,0.0,-0.0,0.0,-0.00014832152,-0.0,0.046502985,0.33504418,0.0,0.0,0.0,0.0,1.0,1.882008,-2.503207,0.11574074,0.29589948,0.0,0.0,0.0,0.0,0.0,0,0.0,3.7933843,1.6945593,2.1792948,3.5004005,0.0,0.0,0.0,0.0,0.0
1,2,3.0,10.0,0.0,0.0,0.0,0.0,0.0,1.0,-0.00015074709,0.0,-0.0,0.0,-0.00015074709,-0.0,0.036454573,0.3219881,0.0,0.0,0.0,0.0,1.0,1.8772185,-2.7654283,0.11111111,0.28902477,0.0,0.0,0.0,0.0,0.0,0,0.0,3.5491736,1.3753227,1.8761824,3.32857,0.0,0.0,0.0,0.0,0.0
2,2,3.0,10.0,0.0,0.0,0.0,0.0,0.0,1.0,-0.00015211079,0.0,-0.0,0.0,-0.00015211079,-0.0,0.043797493,0.37940162,0.0,0.0,0.0,0.0,1.0,1.783996,-2.5788116,0.11574074,0.34437525,0.0,0.0,0.0,0.0,0.0,0,0.0,2.6353862,3.980798,1.3627388,2.8707771,0.0,0.0,0.0,0.0,0.0
3,2,3.0,10.0,0.0,0.0,0.0,0.0,0.0,1.0,-0.0001545555,0.0,-0.0,0.0,-0.0001545555,-0.0,0.042182952,0.36476117,0.0,0.0,0.0,0.0,1.0,1.8214492,-2.5499146,0.11574074,0.3261438,0.0,0.0,0.0,0.0,0.0,0,0.0,3.6356895,2.0120528,2.202142,3.482897,0.0,0.0,0.0,0.0,0.0
0,3,4.0,10.0,0.0,0.0,0.0,0.0,0.0,1.0,-0.00017643298,0.0,-0.0,0.0,-0.00017643298,-0.0,0.07047113,0.6410805,0.0,0.0,0.0,0.0,1.0,1.9642347,-2.4938154,0.12037037,0.60299563,0.0,0.0,0.0,0.0,0.0,0,0.0,2.6899843,0.25841817,2.6159675,2.542001,0.0,0.0,0.0,0.0,0.0
1,3,4.0,10.0,0.0,0.0,0.0,0.0,0.0,1.0,-0.00017404514,0.0,-0.0,0.0,-0.00017404514,-0.0,0.060647726,0.6020617,0.0,0.0,0.0,0.0,1.0,1.9915444,-2.6919432,0.11574074,0.56946117,0.0,0.0,0.0,0.0,0.0,0,0.0,2.7336838,0.22008258,2.3236256,2.5113077,0.0,0.0,0.0,0.0,0.0
2,3,4.0,10.0,0.0,0.0,0.0,0.0,0.0,1.0,-0.00017204543,0.0,-0.0,0.0,-0.00017204543,-0.0,0.03712047,0.6874963,0.0,0.0,0.0,0.0,1.0,1.5378606,-2.9043517,0.11574074,0.6528619,0.0,0.0,0.0,0.0,0.0,0,0.0,2.6319177,0.1699753,1.638735,2.7354107,0.0,0.0,0.0,0.0,0.0
3,3,4.0,10.0,0.0,0.0,0.0,0.0,0.0,1.0,-0.00017251555,0.0,-0.0,0.0,-0.00017251555,-0.0,0.046181306,0.70775104,0.0,0.0,0.0,0.0,1.0,1.4527955,-2.5549922,0.11574074,0.6693633,0.0,0.0,0.0,0.0,0.0,0,0.0,2.5333502,0.25030833,2.3268807,2.621557,0.0,0.0,0.0,0.0,0.0
0,4,5.0,10.0,0.0,0.0,0.0,0.0,0.0,1.0,-0.00019983028,0.0,-0.0,0.0,-0.00019983028,-0.0,0.09484645,0.6795362,0.0,0.0,0.0,0.0,1.0,2.021585,-1.9173398,0.12037037,0.64182925,0.0,0.0,0.0,0.0,0.0,0,0.0,3.1771317,0.0006028752,2.5853982,2.3967562,0.0,0.0,0.0,0.0,0.0
1,4,5.0,10.0,0.0,0.0,0.0,0.0,0.0,1.0,-0.00019007077,0.0,-0.0,0.0,-0.00019007077,-0.0,0.08448437,0.65152866,0.0,0.0,0.0,0.0,1.0,1.9437019,-2.1206791,0.11574074,0.61895806,0.0,0.0,0.0,0.0,0.0,0,0.0,3.2205017,0.0,1.8476988,3.4610794,0.0,0.0,0.0,0.0,0.0
2,4,5.0,10.0,0.0,0.0,0.0,0.0,0.0,1.0,-0.00019020068,0.0,-0.0,0.0,-0.00019020068,-0.0,0.089552626,0.6983894,0.0,0.0,0.0,0.0,1.0,1.8242406,-1.8389113,0.12037037,0.66425556,0.0,0.0,0.0,0.0,0.0,0,0.0,3.2280147,0.1391457,2.452898,2.5669281,0.0,0.0,0.0,0.0,0.0
3,4,5.0,10.0,0.0,0.0,0.0,0.0,0.0,1.0,-0.00020203693,0.0,-0.0,0.0,-0.00020203693,-0.0,0.08685663,0.6447015,0.0,0.0,0.0,0.0,1.0,1.9320879,-2.0926576,0.12037037,0.73435783,0.0,0.0,0.0,0.0,0.0,0,0.0,3.2273815,0.0,1.8408661,2.8578882,0.0,0.0,0.0,0.0,0.0
0,5,6.0,10.0,0.0,0.0,0.0,0.0,0.0,1.0,-0.00018472159,0.0,-0.0,0.0,-0.00018472159,-0.0,0.05140081,0.65373427,0.0,0.0,0.0,0.0,1.0,1.700193,-2.8652902,0.12037037,0.6679889,0.0,0.0,0.0,0.0,0.0,0,2.0681,4.0968623,0.0,1.7427944,3.876266,0.0,0.0,0.0,0.0,0.0
1,5,6.0,10.0,0.0,0.0,0.0,0.0,0.0,1.0,-0.00018888638,0.0,-0.0,0.0,-0.00018888638,-0.0,0.05905833,0.7062524,0.0,0.0,0.0,0.0,1.0,1.7220377,-2.693059,0.11574074,0.6752191,0.0,0.0,0.0,0.0,0.0,0,2.244874,3.9609737,0.0,3.9182365,2.4802122,0.0,0.0,0.0,0.0,0.0
2,5,6.0,10.0,0.0,0.0,0.0,0.0,0.0,1.0,-0.00018662465,0.0,-0.0,0.0,-0.00018662465,-0.0,0.06674379,0.773192,0.0,0.0,0.0,0.0,1.0,1.8046099,-2.5006478,0.12037037,0.7390979,0.0,0.0,0.0,0.0,0.0,0,1.179815,4.218066,0.0,6.674439,3.523198,1.425073,0.0,0.0,0.0,0.0
3,5,6.0,10.0,0.0,0.0,0.0,0.0,0.0,1.0,-0.000187537,0.0,-0.0,0.0,-0.000187537,-0.0,0.061147846,0.6804116,0.0,0.0,0.0,0.0,1.0,1.7459642,-2.653543,0.12037037,0.7725378,0.0,0.0,0.0,0.0,0.0,0,2.8170576,3.7993164,0.0,3.2300289,2.8560836,0.0,0.0,0.0,0.0,0.0
0,6,7.0,10.0,0.0,0.0,0.0,0.0,0.0,1.0,-0.00015562375,0.0,-0.0,0.0,-0.00015562375,-0.0,0.066877715,0.7179738,0.0,0.0,0.0,0.0,1.0,1.8388791,-2.6916807,0.12037037,0.7322613,0.0,0.0,0.0,0.0,0.0,0,3.6086218,4.6407433,0.0,2.9587157,3.5686145,2.0575016,0.0,0.0,0.0,0.0
1,6,7.0,10.0,0.0,0.0,0.0,0.0,0.0,1.0,-0.00015360411,0.0,-0.0,0.0,-0.00015360411,-0.0,0.063234195,0.72448635,0.0,0.0,0.0,0.0,1.0,1.8072109,-2.8134212,0.11574074,0.70745933,0.0,0.0,0.0,0.0,0.0,0,3.6525946,4.5511966,0.0,3.3082852,3.9693673,1.8032242,0.0,0.0,0.0,0.0
2,6,7.0,10.0,0.0,0.0,0.0,0.0,0.0,1.0,-0.00016057142,0.0,-0.0,0.0,-0.00016057142,-0.0,0.06560702,0.7111233,0.0,0.0,0.0,0.0,1.0,1.8578316,-2.8258934,0.12037037,0.80581236,0.0,0.0,0.0,0.0,0.0,0,3.0055528,4.225883,0.0,3.8715453,3.5600126,1.8038561,0.0,0.0,0.0,0.0
3,6,7.0,10.0,0.0,0.0,0.0,0.0,0.0,1.0,-0.00015179362,0.0,-0.0,0.0,-0.00015179362,-0.0,0.0683384,0.69193393,0.0,0.0,0.0,0.0,1.0,1.8785732,-2.7004945,0.12037037,0.7957008,0.0,0.0,0.0,0.0,0.0,0,3.8208363,4.64032,0.0,3.5525007,3.1222644,1.9249295,0.0,0.0,0.0,0.0
0,7,8.0,10.0,0.0,0.0,0.0,0.0,0.0,1.0,-0.0001296713,0.0,-0.0,0.0,-0.0001296713,-0.0,0.11239834,0.7376072,0.0,0.0,0.0,0.0,1.0,1.6020553,-0.55131316,0.125,0.7680825,0.0,0.0,0.0,0.0,0.0,0,6.5755076,4.9523377,0.0,5.297252,3.279634,1.9381661,0.2912353,0.0,0.0,0.0
1,7,8.0,10.0,0.0,0.0,0.0,0.0,0.0,1.0,-0.00013197299,0.0,-0.0,0.0,-0.00013197299,-0.0,0.10975227,0.6980767,0.0,0.0,0.0,0.0,1.0,1.4426577,-0.57099944,0.12037037,0.76515245,0.0,0.0,0.0,0.0,0.0,0,6.6779275,4.7148466,0.0,3.958392,3.4677575,0.7172244,0.24722455,0.0,0.0,0.0
2,7,8.0,10.0,0.0,0.0,0.0,0.0,0.0,1.0,-0.00013172919,0.0,-0.0,0.0,-0.00013172919,-0.0,0.06709099,0.709626,0.0,0.0,0.0,0.0,1.0,1.4122233,-1.4466662,0.125,0.8304088,0.0,0.0,0.0,0.0,0.0,0,6.640319,5.294989,0.0,4.6760373,3.1993515,1.7260189,0.0,0.0,0.0,0.35278168
3,7,8.0,10.0,0.0,0.0,0.0,0.0,0.0,1.0,-0.00012728202,0.0,-0.0,0.0,-0.00012728202,-0.0,0.10527521,0.70963,0.0,0.0,0.0,0.0,1.0,1.4723305,-0.55308455,0.125,0.83678526,0.0,0.0,0.0,0.0,0.0,0,8.256639,4.69259,0.0,3.9724827,3.2483158,1.0812325,0.31229064,0.0,0.0,0.0
0,8,9.0,10.0,0.0,0.0,0.0,0.0,0.0,1.0,-0.00011969358,0.0,-0.0,0.0,-0.00011969358,-0.0,0.1129888,0.5069608,0.0,0.0,0.0,0.0,1.0,1.4556216,-1.1189617,0.125,1.0005102,0.0,0.0,0.0,0.0,0.0,0,7.7638845,5.814094,0.0,2.6654859,3.4357138,1.8928645,1.6318867,0.09981347,0.0,0.0
1,8,9.0,10.0,0.0,0.0,0.0,0.0,0.0,1.0,-0.000107893735,0.0,-0.0,0.0,-0.000107893735,-0.0,0.110570155,0.6011264,0.0,0.0,0.0,0.0,1.0,1.3320735,-0.9832121,0.12037037,0.8673047,0.0,0.0,0.0,0.0,0.0,0,9.902618,5.332294,0.0,3.9708903,4.092987,2.1706986,0.8847556,0.0,0.0,0.0
2,8,9.0,10.0,0.0,0.0,0.0,0.0,0.0,1.0,-0.000110673514,0.0,-0.0,0.0,-0.000110673514,-0.0,0.10065567,0.662302,0.0,0.0,0.0,0.0,1.0,1.5607231,-0.90900993,0.125,0.8985574,0.0,0.0,0.0,0.0,0.0,0,10.3869505,4.9671855,0.0,2.4400878,3.9906402,2.40798,2.3665187,0.045396503,0.0,0.0
3,8,9.0,10.0,0.0,0.0,0.0,0.0,0.0,1.0,-0.000101912534,0.0,-0.0,0.0,-0.000101912534,-0.0,0.09702388,0.5740397,0.0,0.0,0.0,0.0,1.0,1.3285431,-1.4166292,0.125,0.97446537,0.0,0.0,0.0,0.0,0.0,0,8.070375,5.623075,0.0,3.9682803,3.6748886,2.3361113,0.8756532,0.0,0.0,0.0
0,9,10.0,10.0,0.0,0.0,0.0,0.0,0.0,1.0,-9.6884025e-05,0.0,-0.0,0.0,-9.6884025e-05,-0.0,0.07268377,0.46122408,0.0,0.0,0.0,0.0,1.0,1.0699092,-1.4725401,0.125,1.0506762,0.0,0.0,0.0,0.0,0.0,0,10.752772,6.693483,0.0,3.313633,3.3642738,2.4083943,1.310902,0.31034455,0.0,0.0
1,9,10.0,10.0,0.0,0.0,0.0,0.0,0.0,1.0,-8.4300096e-05,0.0,-0.0,0.0,-8.4300096e-05,-0.0,0.07599909,0.48708284,0.0,0.0,0.0,0.0,1.0,1.2119231,-1.1437069,0.12037037,0.99628896,0.0,0.0,0.0,0.0,0.0,0,9.349426,6.5157723,0.0,3.244868,3.3708103,2.252935,1.6212317,0.100641854,0.0,0.0
2,9,10.0,10.0,0.0,0.0,0.0,0.0,0.0,1.0,-0.000102225225,0.0,-0.0,0.0,-0.000102225225,-0.0,0.09449031,0.5055906,0.0,0.0,0.0,0.0,1.0,1.113642,-1.1266023,0.125,1.0592679,0.0,0.0,0.0,0.0,0.0,0,8.784738,6.5277123,0.0,3.8992238,3.8795378,1.9699624,1.5299267,0.15410532,0.0,0.0
3,9,10.0,10.0,0.0,0.0,0.0,0.0,0.0,1.0,-9.116499e-05,0.0,-0.0,0.0,-9.116499e-05,-0.0,0.12567341,0.53920233,0.0,0.0,0.0,0.0,1.0,1.3866334,-0.8939132,0.125,1.0435046,0.0,0.0,0.0,0.0,0.0,0,10.848423,6.1928153,0.0,6.5381703,2.4271166,2.1987543,1.1594361,0.0,0.0,0.0
0,10,11.0,10.0,1.0,0.0,0.0,0.0,0.0,1.0,-6.0039885e-05,0.0,-0.0,0.0,-6.0039885e-05,-0.0,0.07516835,1.0351127,0.0,0.11190581,0.0,0.1251145,1.0,3.852698,-5.1373634,0.125,2.1603527,0.0,0.0,0.0,0.0,0.0,0,14.96455,11.546977,0.0,1.9553239,5.628368,4.2482743,0.23295961,0.0,0.0,2.4422016
1,10,11.0,10.0,1.0,0.0,0.0,0.0,0.0,1.0,-7.349669e-05,0.0,-0.0,0.0,-7.349669e-05,-0.0,0.017212518,1.1820961,0.0,0.11869404,0.0,0.08846931,1.0,1.8161767,-4.561864,0.12037037,2.0976446,0.0,0.0,0.0,0.0,0.0,0,14.31206,9.827497,0.0,2.7570548,6.0255218,4.1370215,0.0,0.0,0.0,2.0786314
2,10,11.0,10.0,1.0,0.0,0.0,0.0,0.0,1.0,-6.166062e-05,0.0,-0.0,0.0,-6.166062e-05,-0.0,0.005735643,0.9727546,0.0,0.09691328,0.0,0.0,1.0,3.3382988,-5.7236423,0.125,2.2421236,0.0,0.0,0.0,0.0,0.0,0,17.608938,13.185017,0.0,1.0111431,5.8688254,3.8092875,0.5893095,0.0,0.0,2.3371463
3,10,11.0,10.0,1.0,0.0,0.0,0.0,0.0,1.0,-6.044289e-05,0.0,-0.0,0.0,-6.044289e-05,-0.0,0.049480423,0.94037473,0.0,0.0,0.0,0.055952907,1.0,2.5745826,-6.068332,0.125,2.0505857,0.0,0.0,0.0,0.0,0.0,0,16.743052,13.587782,0.0,1.5556133,4.767282,4.4991155,0.038138386,0.0,0.0,1.0468525
0,11,12.0,10.0,1.0,0.0,0.0,0.0,0.0,1.0,-4.4557335e-05,0.0,-0.0,0.0,-4.4557335e-05,-0.0,0.050348043,1.6136189,0.036116976,0.25022906,0.14220822,0.63673407,1.0,3.0476103,-3.9532018,0.125,2.7750115,0.0,0.0,0.0,0.0,0.0,0,14.874119,9.919317,0.0,2.965127,7.062061,3.9418886,0.20331243,0.0,0.0,3.5506008
1,11,12.0,10.0,1.0,0.0,0.0,0.0,0.0,1.0,-3.9118942e-05,0.0,-0.0,0.0,-3.9118942e-05,-0.0,0.10846499,1.7405155,0.1663522,2.3910072,0.10678278,1.7118458,1.0,3.263568,-4.893163,0.12037037,2.9050164,0.0,0.0,0.0,0.0,0.0,0,13.509601,9.372511,0.0,2.1814792,7.7521386,3.8998911,0.0,0.0,0.0,3.8778186
2,11,12.0,10.0,1.0,0.0,0.0,0.0,0.0,1.0,-5.1875642e-05,0.0,-0.0,0.0,-5.1875642e-05,-0.0,0.006449595,1.6188526,0.037526265,0.31651753,0.11516838,0.28530505,1.0,2.7808003,-4.8236175,0.125,2.9027927,0.0,0.0,0.0,0.0,0.0,0,14.835056,10.628272,0.0,2.4624138,5.765644,3.7807643,0.38656837,0.0,0.0,3.5882554
3,11,12.0,10.0,1.0,0.0,0.0,0.0,0.0,1.0,-4.6759997e-05,0.0,-0.0,0.0,-4.6759997e-05,-0.0,0.047552213,1.6028513,0.073934965,0.7044302,0.18413629,0.8740145,1.0,2.4069653,-5.5150723,0.125,2.8035738,0.0,0.0,0.0,0.0,0.0,0,13.641401,9.839954,0.0,2.7910619,7.3541284,4.115165,0.15500888,0.0,0.0,2.1664855
0,12,13.0,10.0,1.0,0.0,0.0,0.0,0.0,1.0,-2.3096709e-05,0.0,-0.0,0.0,-2.3096709e-05,-0.0,0.12087263,1.842843,0.05710579,0.4261249,0.18255292,0.8232894,1.0,3.0249152,-3.0987878,0.125,3.017938,0.0,0.0,0.0,0.0,0.0,0,14.404682,9.623552,0.0,2.681297,6.9336967,3.898629,0.22440623,0.0,0.0,3.5248902
1,12,13.0,10.0,1.0,0.0,0.0,0.0,0.0,1.0,-2.1095355e-05,0.0,-0.0,0.0,-2.1095355e-05,-0.0,0.15352853,1.9691212,0.1625807,2.3457294,0.15414946,2.475925,1.0,3.2466674,-4.091315,0.12037037,3.1534474,0.0,0.0,0.0,0.0,0.0,0,12.732143,9.0876045,0.0,2.1066453,6.859159,4.026356,0.025185473,0.0,0.0,3.6865487
2,12,13.0,10.0,1.0,0.0,0.0,0.0,0.0,1.0,-2.2921213e-05,0.0,-0.0,0.0,-2.2921213e-05,-0.0,0.060127676,1.8021686,0.03420358,0.17245845,0.1385408,0.7722732,1.0,2.730508,-3.9973612,0.125,3.1115074,0.0,0.0,0.0,0.0,0.0,0,14.292838,9.581266,0.0,2.5983393,6.893403,3.775802,0.35603094,0.0,0.0,3.687342
3,12,13.0,10.0,1.0,0.0,0.0,0.0,0.0,1.0,-2.2426291e-05,0.0,-0.0,0.0,-2.2426291e-05,-0.0,0.11953898,1.8381393,0.068799384,0.48132548,0.23518379,1.309831,1.0,2.25594,-4.799951,0.125,3.0550833,0.0,0.0,0.0,0.0,0.0,0,13.261074,9.472039,0.0,2.4702816,7.009634,4.110786,0.0990632,0.0,0.0,2.492785
0,13,14.0,10.0,1.0,0.0,0.0,0.0,0.0,1.0,-1.6774375e-05,0.0,-0.0,0.0,-1.6774375e-05,-0.0,0.05797185,2.183987,0.058651242,0.3732526,0.2175053,0.8089034,1.0,2.7223952,-2.7274954,0.125,3.3678799,0.0,0.0,0.0,0.0,0.0,0,13.958996,9.490071,0.0,2.5431063,6.4790545,3.7999074,0.27216536,0.0,0.0,3.4133317
1,13,14.0,10.0,1.0,0.0,0.0,0.0,0.0,1.0,-1.6050604e-05,0.0,-0.0,0.0,-1.6050604e-05,-0.0,0.13246275,2.311544,0.17533806,2.4434655,0.16924949,2.3949325,1.0,2.9807148,-3.3149793,0.125,3.510778,0.0,0.0,0.0,0.0,0.0,0,12.146056,9.006595,0.0,2.0583105,6.4526815,3.8236926,0.051621187,0.0,0.0,3.588515
2,13,14.0,10.0,1.0,0.0,0.0,0.0,0.0,1.0,-1.7525357e-05,0.0,-0.0,0.0,-1.7525357e-05,-0.0,0.0064035878,2.140391,0.05095356,0.2712418,0.16967313,0.8430175,1.0,2.5003762,-3.3807998,0.125,3.4549224,0.0,0.0,0.0,0.0,0.0,0,13.714167,9.589618,0.0,2.5850751,6.667635,3.7082212,0.41440627,0.0,0.0,3.6792226
3,13,14.0,10.0,1.0,0.0,0.0,0.0,0.0,1.0,-1.692332e-05,0.0,-0.0,0.0,-1.692332e-05,-0.0,0.0716269,2.2072146,0.08531645,0.57742804,0.26974428,1.3317572,1.0,1.9536444,-3.5319905,0.125,3.4465551,0.0,0.0,0.0,0.0,0.0,0,12.918991,9.383915,0.0,2.3799572,6.763916,4.117191,0.08595856,0.0,0.0,2.7602668
0,14,15.0,10.0,1.0,0.0,0.0,0.0,0.0,1.0,-1.3640314e-05,0.0,-0.0,0.0,-1.3640314e-05,-0.0,0.01981631,2.4569523,0.06598371,0.3976203,0.22077668,1.0210481,1.0,2.3817053,-2.049446,0.125,3.6456375,0.0,0.0,0.0,0.0,0.0,0,13.777638,9.428128,0.0,2.5429814,6.3728995,3.9148383,0.19624606,0.0,0.0,3.390462
1,14,15.0,10.0,1.0,0.0,0.0,0.0,0.0,1.0,-1.3177588e-05,0.0,-0.0,0.0,-1.3177588e-05,-0.0,0.040681288,2.5906074,0.17302686,2.4079704,0.1756927,2.6609132,1.0,2.6011307,-2.0553637,0.125,3.7954159,0.0,0.0,0.0,0.0,0.0,0,11.380969,8.894817,0.0,1.966578,6.381143,3.8733602,0.027596883,0.0,0.0,3.7327676
2,14,15.0,10.0,1.0,0.0,0.0,0.0,0.0,1.0,-1.3238348e-05,0.0,-0.0,0.0,-1.3238348e-05,-0.0,0.061119348,2.4249735,0.05766735,0.24708138,0.20655712,1.0040423,1.0,2.0743368,-3.1892936,0.125,3.7400093,0.0,0.0,0.0,0.0,0.0,0,13.182805,9.355402,0.0,2.2640698,6.3442926,3.7184002,0.5581883,0.0,0.0,3.5877686
3,14,15.0,10.0,1.0,0.0,0.0,0.0,0.0,1.0,-1.3691178e-05,0.0,-0.0,0.0,-1.3691178e-05,-0.0,0.024644285,2.4888868,0.093074545,0.6501149,0.27988902,1.5050296,1.0,1.6610681,-1.7226673,0.125,3.7380905,0.0,0.0,0.0,0.0,0.0,0,12.883295,9.2761,0.0,2.635983,6.785226,4.117653,0.0874362,0.0,0.0,2.8739314
0,15,16.0,10.0,1.0,0.0,0.0,0.0,0.0,1.0,-1.0167075e-05,0.0,-0.0,0.0,-1.0167075e-05,-0.0,0.044415705,2.6521182,0.075834915,0.3896671,0.22465049,1.2181869,1.0,2.2069979,-1.8367786,0.125,3.8418322,0.0,0.0,0.0,0.0,0.0,0,13.320929,9.398407,0.0,2.466896,6.079946,3.9571292,0.17693111,0.0,0.0,3.3902147
1,15,16.0,10.0,1.0,0.0,0.0,0.0,0.0,1.0,-1.012737e-05,0.0,-0.0,0.0,-1.012737e-05,-0.0,0.016448647,2.7744215,0.17495552,2.4170551,0.18150951,2.7912724,1.0,2.4559884,-1.791995,0.125,3.9817524,0.0,0.0,0.0,0.0,0.0,0,12.249253,8.832105,0.0,1.9906455,5.967745,3.8971686,0.01639903,0.0,0.0,3.6391716
2,15,16.0,10.0,1.0,0.0,0.0,0.0,0.0,1.0,-9.720377e-06,0.0,-0.0,0.0,-9.720377e-06,-0.0,0.07307958,2.5996747,0.062397752,0.28530505,0.21328835,1.3550621,1.0,1.9270167,-3.2131095,0.125,3.9147668,0.0,0.0,0.0,0.0,0.0,0,13.174699,9.342166,0.0,2.2417908,6.1832004,3.7716455,0.5184745,0.0,0.0,3.4133487
3,15,16.0,10.0,1.0,0.0,0.0,0.0,0.0,1.0,-1.0446487e-05,0.0,-0.0,0.0,-1.0446487e-05,-0.0,0.07917415,2.6819263,0.09565685,0.6052239,0.28224653,1.6313072,1.0,1.4383104,-1.1120402,0.125,3.9314516,0.0,0.0,0.0,0.0,0.0,0,13.177608,9.1591215,0.0,2.4466493,6.773411,4.1275263,0.0827172,0.0,0.0,2.9044986
0,16,17.0,10.0,1.0,0.0,0.0,0.0,0.0,1.0,-8.880224e-06,0.0,-0.0,0.0,-8.880224e-06,-0.0,0.07574353,2.8266351,0.081852995,0.40734354,0.22930187,1.3533281,1.0,2.0246809,-1.5305542,0.125,4.0168753,0.0,0.0,0.0,0.0,0.0,0,13.61741,9.56057,0.0,2.5111177,6.0338063,4.175481,0.15875927,0.0,0.0,3.3944216
1,16,17.0,10.0,1.0,0.0,0.0,0.0,0.0,1.0,-8.630149e-06,0.0,-0.0,0.0,-8.630149e-06,-0.0,0.012497976,2.948649,0.17437904,2.4040666,0.19514191,2.8687189,1.0,2.2654629,-1.4613476,0.125,4.1577435,0.0,0.0,0.0,0.0,0.0,0,12.251423,8.775302,0.0,1.9893365,5.87587,4.0406184,0.0,0.0,0.0,4.028319
2,16,17.0,10.0,1.0,0.0,0.0,0.0,0.0,1.0,-8.280287e-06,0.0,-0.0,0.0,-8.280287e-06,-0.0,0.10964088,2.7554448,0.06739937,0.29607502,0.2154185,1.6346625,1.0,1.7022637,-2.7544851,0.125,4.07076,0.0,0.0,0.0,0.0,0.0,0,12.741438,9.076136,0.0,2.2810252,6.0884933,3.858211,0.25388962,0.12457105,0.0,3.4249618
3,16,17.0,10.0,1.0,0.0,0.0,0.0,0.0,1.0,-8.553897e-06,0.0,-0.0,0.0,-8.553897e-06,-0.0,0.10201298,2.8583174,0.10300405,0.7044302,0.28292575,1.7399633,1.0,1.3601307,-0.8581039,0.125,4.1080885,0.0,0.0,0.0,0.0,0.0,0,13.416328,9.120838,0.0,2.479415,6.499242,4.1729054,0.074372165,0.0,0.0,2.914418
0,17,18.0,10.0,1.0,0.0,0.0,0.0,0.0,1.0,-8.245569e-06,0.0,-0.0,0.0,-8.245569e-06,-0.0,0.11722259,2.9773324,0.0944345,0.50512844,0.23006362,1.4793272,1.0,1.761031,-1.0901802,0.125,4.16962,0.0,0.0,0.0,0.0,0.0,0,13.048438,9.184684,0.0,2.491429,5.833249,4.044979,0.13491455,0.0,0.0,3.4021778
1,17,18.0,10.0,1.0,0.0,0.0,0.0,0.0,1.0,-8.093866e-06,0.0,-0.0,0.0,-8.093866e-06,-0.0,0.040645525,3.0981383,0.16956162,2.3520606,0.19938694,2.8105555,1.0,2.0454535,-1.1834996,0.125,4.3087425,0.0,0.0,0.0,0.0,0.0,0,12.230565,8.755468,0.0,1.954932,5.833004,4.0268383,0.0,0.0,0.0,4.0080905
2,17,18.0,10.0,1.0,0.0,0.0,0.0,0.0,1.0,-8.111477e-06,0.0,-0.0,0.0,-8.111477e-06,-0.0,0.12870598,2.9032993,0.072666235,0.3115327,0.22021727,1.6953055,1.0,1.5024593,-2.2076926,0.125,4.221326,0.0,0.0,0.0,0.0,0.0,0,13.099855,9.030915,0.0,2.2387533,6.1159673,3.9170463,0.23245676,0.19889383,0.0,3.3806694
3,17,18.0,10.0,1.0,0.0,0.0,0.0,0.0,1.0,-7.622908e-06,0.0,-0.0,0.0,-7.622908e-06,-0.0,0.13138615,3.0007694,0.10694065,0.7022046,0.28391922,1.8234316,1.0,1.2062585,-0.5286727,0.125,4.2512865,0.0,0.0,0.0,0.0,0.0,0,13.264468,9.076473,0.0,2.4181128,6.365371,4.2235246,0.064503156,0.0,0.0,2.9325655
0,18,19.0,10.0,1.0,0.0,0.0,0.0,0.0,1.0,-7.3488904e-06,0.0,-0.0,0.0,-7.3488904e-06,-0.0,0.109421834,3.099871,0.10667357,0.5881719,0.23536147,1.4998199,1.0,1.5864661,-1.3437672,0.125,4.2952523,0.0,0.0,0.0,0.0,0.0,0,13.083732,9.246974,0.0,2.5302932,5.6659403,4.042373,0.122800946,0.0,0.0,3.354083
1,18,19.0,10.0,1.0,0.0,0.0,0.0,0.0,1.0,-7.375955e-06,0.0,-0.0,0.0,-7.375955e-06,-0.0,0.059045106,3.215389,0.16295531,2.2673383,0.19910552,2.8302603,1.0,1.8400493,-1.1764355,0.125,4.4333286,0.0,0.0,0.0,0.0,0.0,0,12.066838,8.709342,0.0,2.0037484,5.6469903,4.0327578,0.0,0.0,0.0,4.0032697
2,18,19.0,10.0,1.0,0.0,0.0,0.0,0.0,1.0,-7.089763e-06,0.0,-0.0,0.0,-7.089763e-06,-0.0,0.15053414,3.0249894,0.08161413,0.3426403,0.22453943,1.7150433,1.0,1.2848134,-1.6253273,0.125,4.3475866,0.0,0.0,0.0,0.0,0.0,0,12.988706,9.041724,0.0,2.3632307,6.0403323,3.9719234,0.20509516,0.25280875,0.0,3.408419
3,18,19.0,10.0,1.0,0.0,0.0,0.0,0.0,1.0,-7.0192564e-06,0.0,-0.0,0.0,-7.0192564e-06,-0.0,0.14692155,3.116328,0.109870106,0.62682325,0.28397372,1.8792393,1.0,1.0202913,-0.33196807,0.125,4.3719263,0.0,0.0,0.0,0.0,0.0,0,13.2585535,9.04611,0.0,2.3904858,6.28747,4.2675977,0.054380696,0.0,0.0,2.9470806
0,19,20.0,10.0,1.0,1.0,1.0,1.0,1.0,1.0,5.9999933,1.0,-0.0,5.0,-6.88372e-06,-0.0,0.1186084,3.2065954,0.11987068,0.68983483,0.23653693,1.502427,1.0,1.4242277,-1.424036,0.125,4.4115777,0.0,0.0,0.0,0.0,0.0,0,12.915097,9.163023,0.0,2.5174594,5.6346693,4.0755324,0.09810334,0.0,0.0,3.3665252
1,19,20.0,10.0,1.0,1.0,1.0,1.0,1.0,1.0,5.999993,1.0,-0.0,5.0,-7.0038263e-06,-0.0,0.07100664,3.3188004,0.15647319,2.1623785,0.19978315,2.8443305,1.0,1.6412752,-1.1845082,0.125,4.5470986,0.0,0.0,0.0,0.0,0.0,0,12.101065,8.700226,0.0,1.9777472,5.575998,4.070795,0.0,0.0,0.0,4.01913
2,19,20.0,10.0,1.0,1.0,1.0,1.0,1.0,1.0,5.999994,1.0,-0.0,5.0,-6.4010255e-06,-0.0,0.156416,3.1196795,0.092235714,0.3995839,0.22820482,1.7063501,1.0,1.1087111,-1.3688393,0.125,4.4597945,0.0,0.0,0.0,0.0,0.0,0,13.051667,8.9464035,0.0,2.4090724,5.79168,4.034371,0.18636318,0.29819524,0.0,3.4364698
3,19,20.0,10.0,1.0,1.0,1.0,1.0,1.0,1.0,5.9999933,1.0,-0.0,5.0,-6.6543066e-06,-0.0,0.16377401,3.2198317,0.116376914,0.54103935,0.28253427,1.9503655,1.0,0.82803464,-0.25141332,0.125,4.4836216,0.0,0.0,0.0,0.0,0.0,0,13.729173,8.943003,0.0,2.4634311,6.08947,4.28546,0.0,0.0,0.0,3.3193614
0,20,21.0,10.0,1.0,1.0,2.0,1.0,1.0,1.0,0.9999937,1.0,-0.0,0.0,-6.3006046e-06,-0.0,0.07576384,3.1573064,0.09824544,0.43521175,0.27137673,1.439642,1.0,1.8040679,-1.8000733,0.125,5.0280337,0.0,0.0,0.0,0.0,0.0,0,12.872603,8.8219595,0.0,2.2814655,5.0811687,4.2504177,0.363185,0.0,0.0,3.3192422
1,20,21.0,10.0,1.0,1.0,2.0,1.0,1.0,1.0,0.9999936,1.0,-0.0,0.0,-6.3931043e-06,-0.0,0.13632998,3.2420988,0.15388831,2.0906022,0.20889434,2.1703272,1.0,1.5295671,-0.36340207,0.125,5.1787558,0.0,0.0,0.0,0.0,0.0,0,12.427093,8.623691,0.0,2.2279913,5.368448,4.3632073,0.0,0.0,0.0,3.6974742
2,20,21.0,10.0,1.0,1.0,2.0,1.0,1.0,1.0,0.9999941,1.0,-0.0,0.0,-5.8772634e-06,-0.0,0.21949708,3.023795,0.106975555,0.47969663,0.2567967,1.7435583,1.0,0.98754543,-1.2109448,0.125,5.0946736,0.0,0.0,0.0,0.0,0.0,0,13.238819,9.031074,0.0,2.3974044,5.6762486,4.299811,0.3242822,0.29801026,0.0,3.7292514
3,20,21.0,10.0,1.0,1.0,2.0,1.0,1.0,1.0,0.99999386,1.0,-0.0,0.0,-6.116571e-06,-0.0,0.21445043,3.1460748,0.1237641,0.48456672,0.31271785,1.6245761,1.0,0.707759,0.15817396,0.125,5.1078334,0.0,0.0,0.0,0.0,0.0,0,13.649537,9.023144,0.0,2.3217497,6.056987,4.661652,0.11239604,0.0,0.0,2.9242814
0,21,22.0,10.0,1.0,1.0,3.0,1.0,1.0,1.0,0.9999925,1.0,-0.0,0.0,-7.491998e-06,-0.0,0.027130917,3.4004834,0.10272536,0.5650972,0.29970065,1.4270825,1.0,1.8648762,-2.2996533,0.125,5.3694153,0.0,0.0,0.0,0.0,0.0,0,13.277819,8.985407,0.0,2.2539766,5.5084567,4.5607305,0.13221776,0.0,0.0,3.2764
1,21,22.0,10.0,1.0,1.0,3.0,1.0,1.0,1.0,0.9999923,1.0,-0.0,0.0,-7.693581e-06,-0.0,0.07876232,3.4651086,0.18154047,2.3726041,0.22094937,1.443985,1.0,1.505192,-1.1045765,0.125,5.559819,0.0,0.0,0.0,0.0,0.0,0,13.411199,9.39271,0.0,2.1643498,5.711404,4.505694,0.0,0.0,0.0,3.8675737
2,21,22.0,10.0,1.0,1.0,3.0,1.0,1.0,1.0,0.9999929,1.0,-0.0,0.0,-7.102724e-06,-0.0,0.23340434,3.2442734,0.10175493,0.4545639,0.27597865,1.8122365,1.0,0.7532945,-1.0872893,0.125,5.466936,0.0,0.0,0.0,0.0,0.0,0,13.116045,9.124557,0.0,2.2124622,6.161924,4.601715,0.17935888,0.2911098,0.0,3.8130043
3,21,22.0,10.0,1.0,1.0,3.0,1.0,1.0,1.0,0.9999928,1.0,-0.0,0.0,-7.216485e-06,-0.0,0.15037972,3.374295,0.1308604,0.7579516,0.33396786,1.4940685,1.0,0.7273927,-0.7061735,0.125,5.479143,0.0,0.0,0.0,0.0,0.0,0,13.533462,8.890863,0.0,2.1881716,6.095971,4.871839,0.0,0.0,0.0,3.323946
0,22,23.0,10.0,1.0,1.0,4.0,1.0,1.0,1.0,0.9999917,1.0,-0.0,0.0,-8.284162e-06,-0.0,0.052839145,3.5474129,0.10540831,0.5218944,0.32747075,1.6255394,1.0,1.6059594,-2.0812135,0.125,5.72576,0.0,0.0,0.0,0.0,0.0,0,13.365427,9.325578,0.0,2.3968506,5.8888106,4.7228446,0.5145831,0.0,0.0,3.4554172
1,22,23.0,10.0,1.0,1.0,4.0,1.0,1.0,1.0,0.99999183,1.0,-0.0,0.0,-8.195168e-06,-0.0,0.09051431,3.605991,0.16882436,2.146757,0.23205827,0.86682075,1.0,1.2148259,-1.1978652,0.125,5.922742,0.0,0.0,0.0,0.0,0.0,0,13.079885,9.23774,0.0,2.422918,5.78239,4.580605,0.0,0.0,0.0,3.824205
2,22,23.0,10.0,1.0,1.0,4.0,1.0,1.0,1.0,0.99999154,1.0,-0.0,0.0,-8.475262e-06,-0.0,0.23269877,3.385675,0.11837507,0.52933985,0.29736936,1.8490076,1.0,0.5267473,-1.1272953,0.125,5.8250585,0.0,0.0,0.0,0.0,0.0,0,13.625808,9.248771,0.0,2.6029768,5.9942245,4.9025097,0.12850332,0.32729736,0.0,3.9468338
3,22,23.0,10.0,1.0,1.0,4.0,1.0,1.0,1.0,0.9999918,1.0,-0.0,0.0,-8.227431e-06,-0.0,0.14830697,3.495874,0.13338287,0.6489098,0.33742812,1.612001,1.0,0.52971077,-0.9291228,0.125,5.8613057,0.0,0.0,0.0,0.0,0.0,0,13.885209,9.101893,0.0,2.6982872,6.206166,4.8702784,0.07486724,0.0,0.0,2.9282439
0,23,24.0,10.0,1.0,1.0,5.0,1.0,1.0,1.0,0.99999344,1.0,-0.0,0.0,-6.579047e-06,-0.0,0.022886321,3.6070962,0.11154683,0.56786054,0.3336515,1.6994556,1.0,1.651853,-2.4233124,0.125,6.1699605,0.0,0.0,0.0,0.0,0.0,0,13.383085,9.302232,0.0,2.4666178,5.534956,4.8497505,0.4262136,0.0,0.0,3.0856423
1,23,24.0,10.0,1.0,1.0,5.0,1.0,1.0,1.0,0.9999936,1.0,-0.0,0.0,-6.386713e-06,-0.0,0.04215818,3.6606584,0.16720474,2.0562491,0.24305697,0.86682075,1.0,1.22589,-2.103217,0.125,6.3676333,0.0,0.0,0.0,0.0,0.0,0,13.058515,9.33592,0.0,2.1039476,5.4693694,4.6440153,0.0,0.0,0.0,3.7906773
2,23,24.0,10.0,1.0,1.0,5.0,1.0,1.0,1.0,0.99999404,1.0,-0.0,0.0,-5.942152e-06,-0.0,0.1698302,3.431697,0.12452757,0.5719805,0.30571547,1.8221434,1.0,0.6170725,-1.7724614,0.125,6.2775836,0.0,0.0,0.0,0.0,0.0,0,13.313128,9.099813,0.0,2.345743,5.7815824,4.986608,0.30984414,0.276983,0.0,3.8364594
3,23,24.0,10.0,1.0,1.0,5.0,1.0,1.0,1.0,0.99999386,1.0,-0.0,0.0,-6.1627334e-06,-0.0,0.08717049,3.5341508,0.13845505,0.6584884,0.33682638,1.9366727,1.0,0.5901665,-2.1427665,0.125,6.318707,0.0,0.0,0.0,0.0,0.0,0,13.73021,9.088596,0.0,2.4391348,5.9357476,4.9404297,0.016613545,0.0,0.0,2.8832595
0,24,25.0,10.0,1.0,1.0,6.0,1.0,1.0,1.0,0.999993,1.0,-0.0,0.0,-6.9870675e-06,-0.0,0.02177637,3.8354847,0.13515453,0.8952488,0.31972733,1.6570141,1.0,1.5833793,-3.3865795,0.12962963,6.5134273,0.0,0.0,0.0,0.0,0.0,0,13.684185,9.4535475,0.0,2.7480698,6.0606327,4.780442,0.5389138,0.23669468,0.0,3.020182
1,24,25.0,10.0,1.0,1.0,6.0,1.0,1.0,1.0,0.99999315,1.0,-0.0,0.0,-6.832807e-06,-0.0,0.012429431,3.8976636,0.18662103,2.2447865,0.26271057,1.3909757,1.0,0.92788416,-3.4238603,0.125,6.7173233,0.0,0.0,0.0,0.0,0.0,0,14.376629,9.976661,0.0,2.754819,6.565841,4.9170337,0.0,0.0,0.0,3.9997606
2,24,25.0,10.0,1.0,1.0,6.0,1.0,1.0,1.0,0.9999935,1.0,-0.0,0.0,-6.471839e-06,-0.0,0.087468885,3.6683235,0.118426405,0.69096845,0.30101252,1.7843808,1.0,0.6410244,-3.087867,0.125,6.613317,0.0,0.0,0.0,0.0,0.0,0,13.141305,9.194108,0.0,2.2169232,6.245294,4.975923,0.31136823,0.38075092,0.0,3.84741
3,24,25.0,10.0,1.0,1.0,6.0,1.0,1.0,1.0,0.9999931,1.0,-0.0,0.0,-6.9039775e-06,-0.0,0.044839084,3.7674088,0.15346587,0.95366746,0.34856355,2.5494428,1.0,0.37115026,-3.736727,0.125,6.6801333,0.0,0.0,0.0,0.0,0.0,0,13.3146,8.637708,0.0,2.5686128,6.7428746,4.7528076,0.06870506,0.0,0.0,2.6290927
0,25,26.0,10.0,1.0,1.0,7.0,1.0,1.0,1.0,0.99999064,1.0,-0.0,0.0,-9.33533e-06,-0.0,0.034092367,3.9972353,0.12674478,0.7558836,0.3244321,1.7336539,1.0,1.2981472,-3.3291876,0.12962963,6.8040595,0.0,0.0,0.0,0.0,0.0,0,13.623531,9.161644,0.0,2.4553223,6.2651386,4.7292347,0.3480519,0.12098728,0.0,3.2061403
1,25,26.0,10.0,1.0,1.0,7.0,1.0,1.0,1.0,0.999991,1.0,-0.0,0.0,-9.029538e-06,-0.0,0.08822121,4.0423913,0.17180632,2.0077138,0.25272363,1.5934432,1.0,0.64649564,-3.415905,0.125,7.023727,0.0,0.0,0.0,0.0,0.0,0,13.080623,9.172201,0.0,2.4526074,5.7053127,4.4905252,0.0,0.0,0.0,4.000158
2,25,26.0,10.0,1.0,1.0,7.0,1.0,1.0,1.0,0.9999916,1.0,-0.0,0.0,-8.406917e-06,-0.0,0.12678392,3.8016007,0.12362161,0.6549129,0.29395363,1.7255081,1.0,0.35608268,-3.2206867,0.125,6.931977,0.0,0.0,0.0,0.0,0.0,0,13.1077585,9.166711,0.0,2.451827,6.175818,4.988846,0.27872208,0.5292679,0.0,4.021555
3,25,26.0,10.0,1.0,1.0,7.0,1.0,1.0,1.0,0.9999906,1.0,-0.0,0.0,-9.392571e-06,-0.0,0.11212565,3.9153252,0.15127353,0.7753077,0.3365447,2.5623057,1.0,0.23154652,-3.6352947,0.125,6.9833307,0.0,0.0,0.0,0.0,0.0,0,13.780071,9.035675,0.0,2.6555858,6.6923976,4.900115,0.016547933,0.04390235,0.0,2.920244
0,26,27.0,10.0,1.0,1.0,8.0,1.0,1.0,1.0,0.99999356,1.0,-0.0,0.0,-6.4326014e-06,-0.0,0.031277165,4.040678,0.13149431,0.7922837,0.28445858,1.3739911,1.0,1.3233777,-3.3911412,0.12962963,7.197596,0.0,0.0,0.0,0.0,0.0,0,13.779101,9.277239,0.0,2.422697,6.9711685,4.94533,0.0,0.29669696,0.0,3.085271
1,26,27.0,10.0,1.0,1.0,8.0,1.0,1.0,1.0,0.9999934,1.0,-0.0,0.0,-6.615192e-06,-0.0,0.09592008,4.1024055,0.17202716,1.9228823,0.2256446,0.9787791,1.0,0.5278605,-3.3608954,0.125,7.403069,0.0,0.0,0.0,0.0,0.0,0,14.581254,9.82184,0.0,2.7275128,6.750704,4.8873377,0.0,0.0,0.0,4.09161
2,26,27.0,10.0,1.0,1.0,8.0,1.0,1.0,1.0,0.99999475,1.0,-0.0,0.0,-5.274119e-06,-0.0,0.11803936,3.828823,0.12857671,0.6841383,0.27373737,1.3311694,1.0,0.3071049,-3.5113208,0.125,7.3432455,0.0,0.0,0.0,0.0,0.0,0,13.521893,9.319905,0.0,2.4666357,6.441123,5.1608195,0.35805798,0.5280386,0.0,4.146691
3,26,27.0,10.0,1.0,1.0,8.0,1.0,1.0,1.0,0.99999356,1.0,-0.0,0.0,-6.4267474e-06,-0.0,0.11783149,3.957953,0.15400662,0.75898355,0.30585822,1.9334368,1.0,0.10087055,-3.3805742,0.125,7.380752,0.0,0.0,0.0,0.0,0.0,0,13.943854,9.130907,0.0,2.839433,6.957341,5.0426545,0.0,0.31338918,0.0,2.8521366
0,27,28.0,10.0,1.0,1.0,9.0,1.0,1.0,1.0,0.99999225,1.0,-0.0,0.0,-7.742013e-06,-0.0,0.08280147,4.1081896,0.13486336,0.78033894,0.26585698,1.2660761,1.0,1.2924063,-3.5499055,0.12962963,7.5745873,0.0,0.0,0.0,0.0,0.0,0,14.454189,9.343659,0.0,2.538818,6.573216,4.866486,0.0,0.26493096,0.0,3.224204
1,27,28.0,10.0,1.0,1.0,9.0,1.0,1.0,1.0,0.99999183,1.0,-0.0,0.0,-8.167025e-06,-0.0,0.1631435,4.1681776,0.17259821,1.8001027,0.20516427,0.97557527,1.0,0.50396615,-3.4693534,0.125,7.7789083,0.0,0.0,0.0,0.0,0.0,0,14.323971,9.707518,0.0,2.4482646,6.2606916,4.863447,0.0,0.0,0.0,4.1332903
2,27,28.0,10.0,1.0,1.0,9.0,1.0,1.0,1.0,0.99999285,1.0,-0.0,0.0,-7.1816553e-06,-0.0,0.17534363,3.8973856,0.13875568,0.72846425,0.26967418,1.2611208,1.0,0.1356209,-3.4549274,0.125,7.7143087,0.0,0.0,0.0,0.0,0.0,0,13.675937,8.987711,0.0,2.401432,6.287787,4.9971356,0.21633023,0.48659673,0.0,4.308555
3,27,28.0,10.0,1.0,1.0,9.0,1.0,1.0,1.0,0.9999919,1.0,-0.0,0.0,-8.101485e-06,-0.0,0.1819512,4.022105,0.15852664,0.6760825,0.2956706,1.9212533,1.0,0.20270877,-3.3856034,0.125,7.7551336,0.0,0.0,0.0,0.0,0.0,0,14.409056,8.936084,0.0,3.056115,7.145866,5.071542,0.0,0.16543473,0.0,3.0157204
0,28,29.0,10.0,1.0,1.0,10.0,1.0,1.0,1.0,0.9999939,1.0,-0.0,0.0,-6.093457e-06,-0.0,0.13175216,4.1871266,0.14172396,0.8001477,0.2640628,1.3050418,1.0,1.2762557,-2.7612913,0.12962963,7.86845,0.0,0.0,0.0,0.0,0.0,0,13.81296,9.671988,0.0,2.761705,6.0315065,5.0217714,0.0,0.5167826,0.0,3.215022
1,28,29.0,10.0,1.0,1.0,10.0,1.0,1.0,1.0,0.99999356,1.0,-0.0,0.0,-6.415431e-06,-0.0,0.17064494,4.2501984,0.17955996,1.9399034,0.20820615,1.0339975,1.0,0.612617,-3.3911896,0.125,8.0631075,0.0,0.0,0.0,0.0,0.0,0,13.51248,9.734245,0.0,2.0538318,6.138282,4.89405,0.0,0.20435245,0.0,3.7901452
2,28,29.0,10.0,1.0,1.0,10.0,1.0,1.0,1.0,0.99999344,1.0,-0.0,0.0,-6.5480567e-06,-0.0,0.1898734,3.983828,0.14007264,0.7972078,0.26277038,1.215614,1.0,0.29739413,-3.3860338,0.125,7.99815,0.0,0.0,0.0,0.0,0.0,0,13.261406,9.153793,0.0,2.169021,6.8128676,5.1941886,0.23885149,0.78225803,0.0,4.2436447
3,28,29.0,10.0,1.0,1.0,10.0,1.0,1.0,1.0,0.99999315,1.0,-0.0,0.0,-6.8757045e-06,-0.0,0.19769427,4.1062365,0.16453615,0.7579516,0.3063338,2.0883543,1.0,0.121946566,-3.4480133,0.125,8.039562,0.0,0.0,0.0,0.0,0.0,0,13.46411,9.054811,0.0,2.686726,6.781197,5.2898216,0.0,0.5987619,0.0,2.8893378
0,29,30.0,10.0,1.0,1.0,11.0,1.0,1.0,1.0,0.9999932,1.0,-0.0,0.0,-6.8152744e-06,-0.0,0.27565843,4.229487,0.1449523,0.7972078,0.25804514,1.3802431,1.0,1.2202904,-1.274053,0.12962963,8.182354,0.0,0.0,0.0,0.0,0.0,0,13.602145,9.638783,0.0,2.364694,6.0560226,5.035003,0.0,0.45862198,0.0,3.1609802
1,29,30.0,10.0,1.0,1.0,11.0,1.0,1.0,1.0,0.9999927,1.0,-0.0,0.0,-7.2809808e-06,-0.0,0.2976112,4.2750735,0.18007837,1.8143951,0.20705256,1.2207541,1.0,0.5983981,-2.056077,0.125,8.3980055,0.0,0.0,0.0,0.0,0.0,0,13.368148,9.696755,0.0,2.5409098,5.9308343,4.858276,0.0,0.234413,0.0,3.6662843
2,29,30.0,10.0,1.0,1.0,11.0,1.0,1.0,1.0,0.9999933,1.0,-0.0,0.0,-6.666586e-06,-0.0,0.31269825,4.0080295,0.14818266,0.8374283,0.26471046,1.2857066,1.0,0.2264194,-2.0199027,0.125,8.330725,0.0,0.0,0.0,0.0,0.0,0,13.086242,9.182162,0.0,2.2819254,6.3182893,5.234882,0.29082978,0.75092024,0.0,4.2539654
3,29,30.0,10.0,1.0,1.0,11.0,1.0,1.0,1.0,0.9999929,1.0,-0.0,0.0,-7.106597e-06,-0.0,0.29837078,4.112089,0.17042269,0.75277066,0.30156636,2.1864963,1.0,0.14803751,-2.3112893,0.125,8.391994,0.0,0.0,0.0,0.0,0.0,0,13.332145,9.038575,0.0,2.4749813,6.3522487,5.3043222,0.0,0.5309347,0.0,2.8525848
0,30,31.0,10.0,1.0,1.0,12.0,1.0,1.0,1.0,0.9999942,1.0,-0.0,0.0,-5.8083137e-06,-0.0,0.32201225,4.2069902,0.1484365,0.8261366,0.2650256,1.590001,1.0,1.3472651,-0.4053265,0.12962963,8.584608,0.0,0.0,0.0,0.0,0.0,0,13.458588,9.522164,0.0,2.1881993,5.7080617,5.277273,0.0,0.4524189,0.0,3.2651563
1,30,31.0,10.0,1.0,1.0,12.0,1.0,1.0,1.0,0.9999936,1.0,-0.0,0.0,-6.3519847e-06,-0.0,0.33260882,4.241253,0.18301478,1.8122365,0.21543705,1.4580098,1.0,0.7094159,-1.3793111,0.125,8.81275,0.0,0.0,0.0,0.0,0.0,0,13.397445,9.791766,0.0,2.1360545,5.650685,5.1195188,0.0,0.22532524,0.0,3.7411523
2,30,31.0,10.0,1.0,1.0,12.0,1.0,1.0,1.0,0.99999434,1.0,-0.0,0.0,-5.639698e-06,-0.0,0.3531808,3.9557629,0.15138108,0.8686248,0.26127383,1.3026407,1.0,0.47847238,-1.0427554,0.125,8.755601,0.0,0.0,0.0,0.0,0.0,0,12.947289,9.06174,0.0,2.116002,6.024015,5.3091493,0.2919128,0.786086,0.0,4.2664423
3,30,31.0,10.0,1.0,1.0,12.0,1.0,1.0,1.0,0.999994,1.0,-0.0,0.0,-6.0343677e-06,-0.0,0.3100496,4.059433,0.17421703,0.798189,0.30571237,2.2992198,1.0,0.21939689,-1.7342641,0.125,8.822339,0.0,0.0,0.0,0.0,0.0,0,13.252724,8.987082,0.0,2.3558776,6.089886,5.5507174,0.0,0.5428972,0.0,2.926265
0,31,32.0,10.0,1.0,1.0,13.0,1.0,1.0,1.0,0.9999946,1.0,-0.0,0.0,-5.39574e-06,-0.0,0.24390313,4.2848616,0.17072552,1.1967962,0.2605406,1.670188,1.0,1.773875,-0.7203445,0.12962963,8.948605,0.0,0.0,0.0,0.0,0.0,0,15.0057745,10.306749,0.0,2.0744874,6.569866,5.2776847,0.042884845,0.48267215,0.0,3.280366
1,31,32.0,10.0,1.0,1.0,13.0,1.0,1.0,1.0,0.9999947,1.0,-0.0,0.0,-5.329343e-06,-0.0,0.25420693,4.303064,0.2059314,2.1954277,0.21193244,1.5364258,1.0,1.0900216,-1.8852483,0.125,9.189946,0.0,0.0,0.0,0.0,0.0,0,14.643508,10.244942,0.0,2.1808388,6.3739495,5.1128798,0.0,0.27185714,0.0,3.3896005
2,31,32.0,10.0,1.0,1.0,13.0,1.0,1.0,1.0,0.9999948,1.0,-0.0,0.0,-5.157317e-06,-0.0,0.30780807,4.01508,0.15132084,0.8855795,0.25934103,1.3288153,1.0,0.6596787,-1.09105,0.125,9.14202,0.0,0.0,0.0,0.0,0.0,0,13.538593,9.525535,0.0,1.914712,6.462904,5.3655024,0.2902534,0.82898384,0.0,4.2756777
3,31,32.0,10.0,1.0,1.0,13.0,1.0,1.0,1.0,0.9999944,1.0,-0.0,0.0,-5.630252e-06,-0.0,0.21777359,4.1224365,0.1898428,1.1412245,0.30283603,2.3640108,1.0,0.60393137,-2.292419,0.125,9.202556,0.0,0.0,0.0,0.0,0.0,0,13.407241,9.179201,0.0,2.069324,6.3068347,5.5738444,0.023373576,0.5959084,0.0,2.8879814
0,32,33.0,10.0,1.0,1.0,14.0,1.0,1.0,1.0,0.9999933,1.0,-0.0,0.0,-6.692539e-06,-0.0,0.3786776,4.4318905,0.16637939,1.1274244,0.26493344,1.8358377,1.0,1.6320683,1.222184,0.12962963,9.188136,0.0,0.0,0.0,0.0,0.0,0,13.860393,9.754891,0.0,2.4084473,6.5208983,5.4717593,0.0,0.5068611,0.0,3.3654864
1,32,33.0,10.0,1.0,1.0,14.0,1.0,1.0,1.0,0.9999934,1.0,-0.0,0.0,-6.6242774e-06,-0.0,0.37683025,4.443792,0.20392199,2.0259545,0.21939324,1.7273216,1.0,0.9954397,-0.12514181,0.125,9.431581,0.0,0.0,0.0,0.0,0.0,0,13.874639,10.043193,0.0,2.2183814,6.08959,5.3634586,0.0,0.2969757,0.0,3.891618
2,32,33.0,10.0,1.0,1.0,14.0,1.0,1.0,1.0,0.9999934,1.0,-0.0,0.0,-6.644082e-06,-0.0,0.4341867,4.1361504,0.16059239,0.9304037,0.25338206,1.3346926,1.0,0.48213893,0.863824,0.125,9.41151,0.0,0.0,0.0,0.0,0.0,0,13.467501,9.588689,0.0,2.4195645,6.518788,5.241694,0.30331028,0.92040473,0.0,4.1564255
3,32,33.0,10.0,1.0,1.0,14.0,1.0,1.0,1.0,0.99999297,1.0,-0.0,0.0,-7.0112524e-06,-0.0,0.328305,4.2462697,0.18910268,1.0233452,0.3057644,2.45178,1.0,0.4660423,-0.5248524,0.125,9.459372,0.0,0.0,0.0,0.0,0.0,0,13.9369,9.479635,0.0,2.4838274,6.6546693,5.784197,0.0,0.6816903,0.0,2.9230416
0,33,34.0,10.0,1.0,1.0,15.0,1.0,1.0,1.0,0.9999945,1.0,-0.0,0.0,-5.49977e-06,-0.0,0.3060665,4.4064856,0.17013541,1.1480625,0.26374003,1.9723146,1.0,1.854141,1.0533836,0.12962963,9.555241,0.0,0.0,0.0,0.0,0.0,0,13.803804,9.859481,0.0,2.2014177,5.6923375,5.440413,0.2090868,0.50136113,0.0,3.3476558
1,33,34.0,10.0,1.0,1.0,15.0,1.0,1.0,1.0,0.9999942,1.0,-0.0,0.0,-5.7698558e-06,-0.0,0.30157417,4.4276986,0.20710035,2.0340517,0.21688908,1.8759043,1.0,1.2279634,-0.34498423,0.125,9.7889805,0.0,0.0,0.0,0.0,0.0,0,13.750285,10.058587,0.0,2.0198467,5.617581,5.2594466,0.0,0.41246414,0.0,3.4621682
2,33,34.0,10.0,1.0,1.0,15.0,1.0,1.0,1.0,0.9999945,1.0,-0.0,0.0,-5.4727207e-06,-0.0,0.3500618,4.1038847,0.16433491,0.9593953,0.25106078,1.3694261,1.0,0.8659235,0.92826414,0.125,9.782299,0.0,0.0,0.0,0.0,0.0,0,13.351266,9.543046,0.0,2.2523165,5.945124,5.356685,0.3195512,0.9672303,0.0,3.946655
3,33,34.0,10.0,1.0,1.0,15.0,1.0,1.0,1.0,0.99999416,1.0,-0.0,0.0,-5.831501e-06,-0.0,0.24082623,4.2239337,0.19379199,1.0527514,0.30440181,2.5309541,1.0,0.8106001,-0.8029752,0.125,9.821641,0.0,0.0,0.0,0.0,0.0,0,13.536972,9.364048,0.0,2.2557652,6.170235,5.782567,0.04270396,0.779645,0.0,2.8988674
0,34,35.0,10.0,1.0,1.0,16.0,1.0,1.0,1.0,0.99999464,1.0,-0.0,0.0,-5.3884346e-06,-0.0,0.3290698,4.443048,0.17249236,1.1425954,0.25887075,2.114428,1.0,1.9227464,1.7166362,0.12962963,9.84396,0.0,0.0,0.0,0.0,0.0,0,13.981856,9.981235,0.0,2.2688432,5.79505,5.438389,0.0,0.63419044,0.0,3.3790145
1,34,35.0,10.0,1.0,1.0,16.0,1.0,1.0,1.0,0.9999945,1.0,-0.0,0.0,-5.4897587e-06,-0.0,0.3250543,4.4679413,0.20953509,2.006544,0.21396314,2.0034208,1.0,1.2837468,0.27869642,0.125,10.074968,0.0,0.0,0.0,0.0,0.0,0,13.834917,10.076433,0.0,2.0181806,5.663744,5.28493,0.0,0.49290758,0.0,3.2474945
2,34,35.0,10.0,1.0,1.0,16.0,1.0,1.0,1.0,0.999995,1.0,-0.0,0.0,-5.013079e-06,-0.0,0.3567621,4.138428,0.16924143,0.9985705,0.25139058,1.4254363,1.0,0.99524313,1.7642863,0.125,10.075194,0.0,0.0,0.0,0.0,0.0,0,13.281373,9.538954,0.0,2.2666538,6.203734,5.38795,0.3359015,1.0191199,0.0,3.7986681
3,34,35.0,10.0,1.0,1.0,16.0,1.0,1.0,1.0,0.9999945,1.0,-0.0,0.0,-5.465496e-06,-0.0,0.26179963,4.2587137,0.197708,1.0689826,0.3006577,2.5971987,1.0,0.9189842,-0.43144262,0.125,10.11626,0.0,0.0,0.0,0.0,0.0,0,13.347044,9.385167,0.0,2.2728927,5.848363,5.794882,0.035319064,0.83118397,0.0,2.840236
0,35,36.0,10.0,1.0,1.0,17.0,1.0,1.0,1.0,0.9999948,1.0,-0.0,0.0,-5.1876627e-06,-0.0,0.3151428,4.473326,0.17543654,1.154182,0.2567379,2.2321985,1.0,1.9862306,1.687781,0.12962963,10.116353,0.0,0.0,0.0,0.0,0.0,0,14.218174,10.077301,0.0,2.2419703,5.7499657,5.459813,0.038046066,0.6964698,0.0,3.3974652
1,35,36.0,10.0,1.0,1.0,17.0,1.0,1.0,1.0,0.9999943,1.0,-0.0,0.0,-5.739976e-06,-0.0,0.32030195,4.501655,0.21062423,1.9411134,0.21271627,2.1114645,1.0,1.313135,0.22127387,0.125,10.3433695,0.0,0.0,0.0,0.0,0.0,0,13.931912,10.051105,0.0,2.2114503,5.777223,5.2840166,0.0,0.58965796,0.0,2.9639406
2,35,36.0,10.0,1.0,1.0,17.0,1.0,1.0,1.0,0.9999949,1.0,-0.0,0.0,-5.1153816e-06,-0.0,0.34264362,4.178522,0.17616193,1.0475341,0.2522529,1.4824984,1.0,1.0914568,1.855486,0.125,10.339938,0.0,0.0,0.0,0.0,0.0,0,13.420621,9.539036,0.0,2.3777783,6.0268445,5.4924455,0.24696286,1.1667377,0.0,3.4800465
3,35,36.0,10.0,1.0,1.0,17.0,1.0,1.0,1.0,0.9999945,1.0,-0.0,0.0,-5.4577745e-06,-0.0,0.26206636,4.296812,0.20198354,1.0645804,0.30013248,2.66679,1.0,0.9835744,-0.2384875,0.125,10.383479,0.0,0.0,0.0,0.0,0.0,0,13.480536,9.437597,0.0,2.3044975,6.181164,5.8182783,0.039703444,0.9511768,0.0,2.8031993
0,36,37.0,10.0,1.0,1.0,18.0,1.0,1.0,1.0,0.99999523,1.0,-0.0,0.0,-4.7948656e-06,-0.0,0.02036672,4.361046,0.18591833,1.3246858,0.25475785,2.3487308,1.0,2.5228205,-1.9951062,0.13425925,10.416499,0.0,0.0,0.0,0.0,0.0,0,14.571683,10.365347,0.0,1.9972582,4.469995,5.477533,0.0406254,0.73905057,0.0,3.4199846
1,36,37.0,10.0,1.0,1.0,18.0,1.0,1.0,1.0,0.99999475,1.0,-0.0,0.0,-5.249854e-06,-0.0,0.009225868,4.3752594,0.21998762,2.0778332,0.21175122,2.2174222,1.0,1.8467379,-3.3138638,0.125,10.656819,0.0,0.0,0.0,0.0,0.0,0,14.486194,10.571286,0.0,1.7571808,5.7205215,5.118862,0.0,0.65223974,0.0,2.8119376
2,36,37.0,10.0,1.0,1.0,18.0,1.0,1.0,1.0,0.99999523,1.0,-0.0,0.0,-4.759537e-06,-0.0,0.0062063336,4.0886426,0.17896411,1.1439646,0.2564846,1.5661939,1.0,1.7178277,-1.92428,0.13425925,10.617295,0.0,0.0,0.0,0.0,0.0,0,13.873889,9.898396,0.0,1.8593485,7.1498704,5.552741,0.27405763,1.1962168,0.0,3.234059
3,36,37.0,10.0,1.0,1.0,18.0,1.0,1.0,1.0,0.9999947,1.0,-0.0,0.0,-5.3068393e-06,-0.0,0.09925794,4.205827,0.2235473,1.4580098,0.30014828,2.7446113,1.0,1.8034168,-4.421074,0.12962963,10.663583,0.0,0.0,0.0,0.0,0.0,0,14.385087,9.767928,0.0,2.0748224,7.3479767,5.8478928,0.05243236,1.0185821,0.0,2.7606227
0,37,38.0,10.0,1.0,1.0,19.0,1.0,1.0,1.0,0.99999374,1.0,-0.0,0.0,-6.287191e-06,-0.0,0.0061731786,4.577979,0.19215313,1.3092334,0.25639763,2.4988966,1.0,2.3225417,-1.799358,0.13425925,10.530109,0.0,0.0,0.0,0.0,0.0,0,14.348253,10.2667885,0.0,2.1697934,5.9878497,5.0798006,0.043339014,0.79818213,0.0,3.4843357
1,37,38.0,10.0,1.0,1.0,19.0,1.0,1.0,1.0,0.99999243,1.0,-0.0,0.0,-7.5689145e-06,-0.0,0.02298113,4.531774,0.2229816,2.0162725,0.21329696,2.3553863,1.0,1.7410253,-3.083487,0.125,10.713529,0.0,0.0,0.0,0.0,0.0,0,14.037411,10.393914,0.0,1.9246249,5.8882055,5.025143,0.0,0.7033245,0.0,2.72479
2,37,38.0,10.0,1.0,1.0,19.0,1.0,1.0,1.0,0.9999932,1.0,-0.0,0.0,-6.8039462e-06,-0.0,0.022031367,4.2811656,0.18758704,1.1974499,0.261109,1.6579587,1.0,1.6449672,-1.804877,0.13425925,10.703035,0.0,0.0,0.0,0.0,0.0,0,13.6693,9.700483,0.0,2.2293737,6.5327435,5.4680023,0.2927165,1.2295402,0.0,2.9672625
3,37,38.0,10.0,1.0,1.0,19.0,1.0,1.0,1.0,0.99999285,1.0,-0.0,0.0,-7.1729123e-06,-0.0,0.061008707,4.365864,0.23242706,1.5231229,0.30156735,2.8531234,1.0,1.7825694,-4.2727265,0.12962963,10.719975,0.0,0.0,0.0,0.0,0.0,0,13.689924,9.645379,0.0,2.094495,6.5593114,5.750592,0.23904733,1.002995,0.0,2.7463806
0,38,39.0,10.0,1.0,1.0,20.0,1.0,1.0,1.0,0.99999374,1.0,-0.0,0.0,-6.2419354e-06,-0.0,0.06770715,4.651021,0.1962158,1.3110256,0.25163972,2.5696268,1.0,2.2218466,-1.1974713,0.13425925,10.5717,0.0,0.0,0.0,0.0,0.0,0,14.172679,10.248601,0.0,2.176222,5.987942,5.084823,0.033409275,0.89866126,0.0,3.5068974
1,38,39.0,10.0,1.0,1.0,20.0,1.0,1.0,1.0,0.99999315,1.0,-0.0,0.0,-6.855242e-06,-0.0,0.06513074,4.586661,0.2237133,1.9094021,0.20909458,2.3567152,1.0,1.7018038,-2.5886455,0.125,10.764973,0.0,0.0,0.0,0.0,0.0,0,14.224003,10.413014,0.0,2.073532,5.855696,5.0950103,0.0,0.8745227,0.48810256,2.6476312
2,38,39.0,10.0,1.0,1.0,20.0,1.0,1.0,1.0,0.9999937,1.0,-0.0,0.0,-6.3159996e-06,-0.0,0.074024685,4.3480997,0.19379549,1.2309698,0.25309485,1.6360983,1.0,1.6137395,-1.2086359,0.13425925,10.759773,0.0,0.0,0.0,0.0,0.0,0,13.597079,9.730419,0.0,2.062618,6.5495358,5.629681,0.25915462,1.0947813,0.0,2.769583
3,38,39.0,10.0,1.0,1.0,20.0,1.0,1.0,1.0,0.99999326,1.0,-0.0,0.0,-6.7102324e-06,-0.0,0.011466444,4.4381595,0.2326139,1.4824984,0.29956162,2.9096293,1.0,1.725557,-3.7601151,0.12962963,10.761956,0.0,0.0,0.0,0.0,0.0,0,12.92361,9.299221,0.0,2.0122728,6.3266134,5.540722,0.046996873,1.1296827,0.029997628,2.573174
0,39,40.0,10.0,1.0,1.0,21.0,1.0,1.0,1.0,0.999995,1.0,-0.0,0.0,-5.024785e-06,-0.0,0.11583753,4.361261,0.20397206,1.3235036,0.24180785,2.6092262,1.0,2.4290633,-0.5255146,0.13425925,10.946808,0.0,0.0,0.0,0.0,0.0,0,14.402943,10.360668,0.0,2.0353575,5.086123,5.1382523,0.047666874,0.879548,0.0,3.4840455
1,39,40.0,10.0,1.0,1.0,21.0,1.0,1.0,1.0,0.9999948,1.0,-0.0,0.0,-5.1634224e-06,-0.0,0.12189802,4.287094,0.22160062,1.5394793,0.20347784,2.3709538,1.0,1.723855,-1.3888786,0.125,11.158614,0.0,0.0,0.0,0.0,0.0,0,14.829068,10.929301,0.0,2.0119948,5.8027315,5.206833,0.0,0.8231841,0.61680245,2.6885188
2,39,40.0,10.0,1.0,1.0,21.0,1.0,1.0,1.0,0.9999951,1.0,-0.0,0.0,-4.8992433e-06,-0.0,0.107866526,4.080638,0.20523095,1.26978,0.24126661,1.6322665,1.0,1.9746686,-0.5188389,0.13425925,11.114496,0.0,0.0,0.0,0.0,0.0,0,13.555682,9.743696,0.0,1.8395774,5.651658,5.7833943,0.29661494,1.1528261,0.0,2.8628345
3,39,40.0,10.0,1.0,1.0,21.0,1.0,1.0,1.0,0.99999446,1.0,-0.0,0.0,-5.5145906e-06,-0.0,0.03582649,4.1541677,0.23023295,1.3847722,0.28814903,2.8695374,1.0,2.0048645,-2.8455024,0.12962963,11.121841,0.0,0.0,0.0,0.0,0.0,0,13.569693,9.85404,0.0,2.1433902,6.086115,5.8387146,0.11220779,1.1977429,0.6381552,2.5916572
0,40,41.0,10.0,1.0,1.0,22.0,1.0,1.0,1.0,0.9999941,1.0,-0.0,0.0,-5.9132603e-06,-0.0,0.034076348,4.270873,0.21007526,1.3711398,0.24431208,2.746892,1.0,2.5208802,-1.4130622,0.13425925,11.00773,0.0,0.0,0.0,0.0,0.0,0,14.382066,10.29123,0.0,2.0077457,5.740952,5.02724,0.055225566,1.0064405,0.0,3.5418754
1,40,41.0,10.0,1.0,1.0,22.0,1.0,1.0,1.0,0.99999374,1.0,-0.0,0.0,-6.233975e-06,-0.0,0.028738938,4.1871166,0.2313164,1.8242898,0.20240074,2.348064,1.0,2.0840318,-2.4385433,0.125,11.237358,0.0,0.0,0.0,0.0,0.0,0,14.531112,10.799029,0.0,1.7351388,5.4521146,5.216449,0.0,0.99788386,0.6777163,2.7567778
2,40,41.0,10.0,1.0,1.0,22.0,1.0,1.0,1.0,0.9999941,1.0,-0.0,0.0,-5.8836517e-06,-0.0,0.040892698,4.0112243,0.20970301,1.3163879,0.23934564,1.6683123,1.0,2.0748084,-1.1482266,0.1388889,11.153225,0.0,0.0,0.0,0.0,0.0,0,13.59599,9.776714,0.0,1.8986068,6.1641765,5.80523,0.28590733,1.3911738,0.4499568,2.8209162
3,40,41.0,10.0,1.0,1.0,22.0,1.0,1.0,1.0,0.9999931,1.0,-0.0,0.0,-6.937802e-06,-0.0,0.012122467,4.0683002,0.24093136,1.499298,0.28364557,2.847631,1.0,2.145666,-3.335949,0.13425925,11.16985,0.0,0.0,0.0,0.0,0.0,0,13.778687,9.660527,0.0,2.0060022,6.4219265,5.8823214,0.092841886,1.3656312,0.79807556,2.6144285
0,41,42.0,10.0,1.0,1.0,23.0,1.0,1.0,1.0,0.999994,1.0,-0.0,0.0,-6.0021566e-06,-0.0,0.20198748,4.603613,0.24082015,1.6303474,0.24620344,2.7949157,1.0,1.9591464,0.128394,0.13425925,11.530391,0.0,0.0,0.0,0.0,0.0,0,14.303228,10.5210085,0.0,2.1283529,5.997254,5.435463,0.010196737,0.98810136,0.0,2.1144264
1,41,42.0,10.0,1.0,1.0,23.0,1.0,1.0,1.0,0.9999942,1.0,-0.0,0.0,-5.804162e-06,-0.0,0.17251596,4.5037627,0.22829445,1.3026407,0.19904931,2.3346918,1.0,1.4585762,-1.253591,0.125,11.752802,0.0,0.0,0.0,0.0,0.0,0,15.032536,11.414266,0.0,1.9248534,6.2427316,5.672362,0.0,1.1138825,1.3798785,3.0441337
2,41,42.0,10.0,1.0,1.0,23.0,1.0,1.0,1.0,0.9999941,1.0,-0.0,0.0,-5.889661e-06,-0.0,0.19360967,4.3464174,0.22759902,1.531834,0.2221137,1.6183008,1.0,1.672223,-0.070568174,0.1388889,11.68683,0.0,0.0,0.0,0.0,0.0,0,14.033827,10.05698,0.0,2.019617,7.7591457,6.1532345,0.16893587,1.4187835,0.9521805,2.934528
3,41,42.0,10.0,1.0,1.0,23.0,1.0,1.0,1.0,0.9999939,1.0,-0.0,0.0,-6.0813836e-06,-0.0,0.15617572,4.4187555,0.24014723,1.3229121,0.27657196,2.7653522,1.0,1.6105834,-2.0441272,0.13425925,11.740181,0.0,0.0,0.0,0.0,0.0,0,14.111011,10.159949,0.0,2.1639383,6.9951677,6.007562,0.026271228,1.5705549,1.2501292,2.6648426
0,42,43.0,10.0,1.0,1.0,24.0,1.0,1.0,1.0,0.9999934,1.0,-0.0,0.0,-6.640317e-06,-0.0,0.028726459,4.343454,0.23575631,1.4692401,0.24605758,2.8305368,1.0,2.565672,-2.7639334,0.13425925,11.629061,0.0,0.0,0.0,0.0,0.0,0,14.528526,10.463663,0.0,1.82921,5.603982,5.1345887,0.061236866,1.0560974,0.0,2.2287042
1,42,43.0,10.0,1.0,1.0,24.0,1.0,1.0,1.0,0.99999386,1.0,-0.0,0.0,-6.119547e-06,-0.0,0.07948112,4.256187,0.2413239,1.8362643,0.19759457,2.3124585,1.0,2.3729787,-4.554638,0.125,11.854569,0.0,0.0,0.0,0.0,0.0,0,14.631751,10.942003,0.0,1.7490216,5.5465508,5.343656,0.0,1.1161295,1.216615,2.8183894
2,42,43.0,10.0,1.0,1.0,24.0,1.0,1.0,1.0,0.9999934,1.0,-0.0,0.0,-6.63996e-06,-0.0,0.058409013,4.079772,0.22390816,1.4982536,0.2133989,1.5983477,1.0,2.5625422,-3.3501089,0.1388889,11.784542,0.0,0.0,0.0,0.0,0.0,0,13.720845,9.974267,0.0,1.8328055,6.4399076,6.2270675,0.19119798,1.3997927,0.6241528,3.0305579
3,42,43.0,10.0,1.0,1.0,24.0,1.0,1.0,1.0,0.99999356,1.0,-0.0,0.0,-6.443366e-06,-0.0,0.06330591,4.1588016,0.24897614,1.4681742,0.2739262,2.7147887,1.0,2.24315,-4.7748704,0.13425925,11.844683,0.0,0.0,0.0,0.0,0.0,0,13.986548,9.874092,0.0,1.8803674,6.220158,6.0596848,0.08397772,1.588363,1.1939733,2.621487
0,43,44.0,10.0,1.0,1.0,25.0,1.0,1.0,1.0,0.54539853,1.0,-0.45459104,0.0,-1.0443365e-05,-0.0,0.16342682,4.363773,0.2600725,1.8477372,0.24616644,2.8961468,1.0,2.6462665,-1.5171505,0.13425925,11.940757,0.0,0.0,0.0,0.0,0.0,0,14.701203,10.730046,0.0,2.3081565,6.089428,5.420283,0.05437016,1.0662062,0.0,2.1658206
1,43,44.0,10.0,1.0,1.0,25.0,1.0,1.0,1.0,0.5745401,1.0,-0.4254501,0.0,-9.862602e-06,-0.0,0.17428398,4.27635,0.24089922,1.2085106,0.19309305,2.2472262,1.0,1.7093766,-1.7765155,0.125,12.211001,0.0,0.0,0.0,0.0,0.0,0,15.066703,11.30469,0.0,2.2895958,5.557073,5.74426,0.0,1.1049868,1.4184182,3.0481472
2,43,44.0,10.0,1.0,1.0,25.0,1.0,1.0,1.0,0.62981415,1.0,-0.37017533,0.0,-1.0471027e-05,-0.0,0.12595132,4.110526,0.23419733,1.8733991,0.20968732,1.5845768,1.0,2.4771757,-2.0531285,0.1388889,12.116176,0.0,0.0,0.0,0.0,0.0,0,14.052656,10.0734415,0.0,2.364729,6.7140784,6.207909,0.15950254,1.5076069,1.0014529,3.2118678
3,43,44.0,10.0,1.0,1.0,25.0,1.0,1.0,1.0,0.6162026,1.0,-0.38378617,0.0,-1.1209052e-05,-0.0,0.15164,4.1513586,0.25452808,1.5711834,0.26933107,2.6452763,1.0,2.1566744,-3.0558743,0.13425925,12.156677,0.0,0.0,0.0,0.0,0.0,0,13.61686,9.894505,0.0,2.483759,6.812685,6.1993284,0.068377495,1.5872381,1.2244613,2.587781
0,44,45.0,10.0,1.0,1.0,26.0,1.0,1.0,1.0,0.66692495,1.0,-0.33306623,0.0,-8.824866e-06,-0.0,0.07912498,3.9991987,0.25074118,1.6187843,0.24618489,2.924656,1.0,3.406053,-2.5975034,0.13425925,12.445248,0.0,0.0,0.0,0.0,0.0,0,14.590215,10.680661,0.0,1.6788962,5.613964,5.0825152,0.08976925,1.1432859,0.0,2.2945533
1,44,45.0,10.0,1.0,1.0,26.0,1.0,1.0,1.0,0.682724,1.0,-0.317268,0.0,-7.9942565e-06,-0.0,0.038070418,3.951804,0.25161448,1.7390631,0.18596447,2.1066399,1.0,3.0201223,-3.6094952,0.125,12.63056,0.0,0.0,0.0,0.0,0.0,0,14.271049,11.02377,0.0,1.084503,6.7817917,5.80628,0.0,0.9687415,1.0647029,3.165086
2,44,45.0,10.0,1.0,1.0,26.0,1.0,1.0,1.0,0.7413023,1.0,-0.25868982,0.0,-7.896837e-06,-0.0,0.038342178,3.7760694,0.24213183,1.9723146,0.2071516,1.5546572,1.0,3.961409,-4.381434,0.1388889,12.572511,0.0,0.0,0.0,0.0,0.0,0,14.259414,10.3536625,0.0,1.5722362,6.5764112,6.1371436,0.31550345,1.4549396,1.0343544,3.296977
3,44,45.0,10.0,1.0,1.0,26.0,1.0,1.0,1.0,0.7399105,1.0,-0.26008084,0.0,-8.72871e-06,-0.0,0.04012268,3.7802424,0.26346365,1.665965,0.26699492,2.545141,1.0,3.170212,-4.2770348,0.13425925,12.635822,0.0,0.0,0.0,0.0,0.0,0,14.226663,10.0181265,0.0,1.9631199,6.2704625,6.133353,0.105730005,1.6170143,1.0061829,2.604576
0,45,46.0,10.0,1.0,1.0,27.0,1.0,1.0,1.0,0.99999315,1.0,-0.0,0.0,-6.880304e-06,-0.0,0.30149704,4.3930063,0.26126558,1.6697192,0.24479339,3.002834,1.0,3.122551,-1.0806043,0.13425925,13.534143,0.0,0.0,0.0,0.0,0.0,0,14.808938,10.710475,0.0,1.7935582,6.304283,5.2876167,0.04834685,0.9970529,0.0,2.600757
1,45,46.0,10.0,1.0,1.0,27.0,1.0,1.0,1.0,0.99999297,1.0,-0.0,0.0,-7.0299243e-06,-0.0,0.2557151,4.317426,0.26066163,1.8733991,0.17118524,1.9979438,1.0,2.9558518,-2.4214332,0.125,13.720171,0.0,0.0,0.0,0.0,0.0,0,14.659181,11.025678,0.0,1.5273359,6.7408257,5.6087804,0.0,1.0189482,1.5226673,3.2242928
2,45,46.0,10.0,1.0,1.0,27.0,1.0,1.0,1.0,0.9999927,1.0,-0.0,0.0,-7.247845e-06,-0.0,0.18318482,4.1750283,0.24783248,1.9750909,0.20381704,1.5541537,1.0,3.6609437,-3.314997,0.14351852,13.676472,0.0,0.0,0.0,0.0,0.0,0,14.164522,10.395244,0.0,1.7464515,6.804171,6.4655685,0.19480142,1.4908267,1.2504855,3.3257158
3,45,46.0,10.0,1.0,1.0,27.0,1.0,1.0,1.0,0.99999267,1.0,-0.0,0.0,-7.306725e-06,-0.0,0.27442127,4.1757355,0.2683562,1.665495,0.26714215,2.5060906,1.0,2.8675785,-3.013475,0.14351852,13.741075,0.0,0.0,0.0,0.0,0.0,0,14.262625,10.065806,0.0,1.9929345,6.9821672,6.378486,0.054188773,1.512528,1.6769104,2.5967045
0,46,47.0,10.0,1.0,1.0,28.0,1.0,1.0,1.0,0.9999928,1.0,-0.0,0.0,-7.227943e-06,-0.0,0.13855788,4.3454924,0.28129524,1.7091001,0.2417297,3.0360174,1.0,2.9479601,-2.3983996,0.14814815,13.997393,0.0,0.0,0.0,0.0,0.0,0,15.501147,11.224109,0.0,1.7576723,6.1820345,5.3227344,0.064730026,0.96292835,0.2692784,2.6820955
1,46,47.0,10.0,1.0,1.0,28.0,1.0,1.0,1.0,0.9999938,1.0,-0.0,0.0,-6.203247e-06,-0.0,0.07289648,4.260624,0.2654778,1.7363607,0.16980308,1.9711238,1.0,2.8717396,-4.097311,0.1388889,14.184566,0.0,0.0,0.0,0.0,0.0,0,14.627108,11.046207,0.0,1.5429443,6.6929317,5.594294,0.0,1.0314621,1.0965688,3.0488682
2,46,47.0,10.0,1.0,1.0,28.0,1.0,1.0,1.0,0.99999404,1.0,-0.0,0.0,-5.9837726e-06,-0.0,0.013023987,4.1295,0.24834964,1.9167668,0.20550212,1.5200365,1.0,3.5947745,-4.9282217,0.16203703,14.140645,0.0,0.0,0.0,0.0,0.0,0,14.265486,10.371995,0.0,1.6747763,6.5038958,6.278401,0.20920917,1.5314599,0.73603594,3.0048606
3,46,47.0,10.0,1.0,1.0,28.0,1.0,1.0,1.0,0.99999344,1.0,-0.0,0.0,-6.5510244e-06,-0.0,0.09826068,4.1184945,0.2738006,1.6168491,0.27342284,2.4790843,1.0,2.8122985,-4.599245,0.15277778,14.211464,0.0,0.0,0.0,0.0,0.0,0,14.432944,10.223294,0.0,1.9563936,6.7423234,6.4609137,0.064846575,1.606045,1.2041988,2.472004
0,47,48.0,10.0,1.0,1.0,29.0,1.0,1.0,1.0,0.9999919,1.0,-0.0,0.0,-8.084388e-06,-0.0,0.25557503,4.3762856,0.29695183,1.7587552,0.23803732,3.1181846,1.0,2.9626653,-1.4715847,0.14814815,14.422793,0.0,0.0,0.0,0.0,0.0,0,14.788665,11.2111225,0.0,1.5365012,5.978835,5.3393927,0.10046544,0.88754594,0.4301074,2.7982905
1,47,48.0,10.0,1.0,1.0,29.0,1.0,1.0,1.0,0.99999213,1.0,-0.0,0.0,-7.892541e-06,-0.0,0.1875855,4.29256,0.2730432,1.6423057,0.16723265,1.9810263,1.0,2.8831007,-3.1584556,0.14814815,14.637199,0.0,0.0,0.0,0.0,0.0,0,14.517939,11.000306,0.0,1.42555,6.6065583,5.7829747,0.0,0.9310816,1.2816837,2.9009416
2,47,48.0,10.0,1.0,1.0,29.0,1.0,1.0,1.0,0.99999195,1.0,-0.0,0.0,-8.033887e-06,-0.0,0.11988152,4.1681786,0.25299072,1.896239,0.2037595,1.5117753,1.0,3.6324327,-4.02952,0.1712963,14.600293,0.0,0.0,0.0,0.0,0.0,0,14.084686,10.474886,0.0,1.603803,6.5429583,6.388881,0.13522074,1.5746244,0.836726,2.714918
3,47,48.0,10.0,1.0,1.0,29.0,1.0,1.0,1.0,0.9999915,1.0,-0.0,0.0,-8.55317e-06,-0.0,0.21082796,4.1181912,0.2805622,1.579134,0.2750484,2.481924,1.0,2.8834405,-3.6911407,0.16666667,14.642513,0.0,0.0,0.0,0.0,0.0,0,14.183228,10.278322,0.0,1.7700154,6.640418,6.563326,0.065596886,1.5194917,1.326096,2.4232295
0,48,49.0,10.0,1.0,1.0,30.0,1.0,1.0,1.0,0.99999464,1.0,-0.0,0.0,-5.3482295e-06,-0.0,0.21297857,4.374646,0.3149332,1.8540803,0.23730868,3.1962833,1.0,2.909124,-1.8560029,0.1712963,14.870846,0.0,0.0,0.0,0.0,0.0,0,14.945688,11.048198,0.0,1.494153,5.9938784,5.3913765,0.08748502,0.9843054,0.21900932,2.837936
1,48,49.0,10.0,1.0,1.0,30.0,1.0,1.0,1.0,0.99999505,1.0,-0.0,0.0,-4.945189e-06,-0.0,0.14414695,4.293858,0.27909738,1.5425268,0.16753201,1.9746943,1.0,2.8263931,-3.3882074,0.16666667,15.109656,0.0,0.0,0.0,0.0,0.0,0,14.587279,11.049415,0.0,1.406711,6.537191,5.7449584,0.0,0.94998515,1.3462248,2.8930624
2,48,49.0,10.0,1.0,1.0,30.0,1.0,1.0,1.0,0.9999949,1.0,-0.0,0.0,-5.103103e-06,-0.0,0.06558336,4.1779017,0.25774097,1.8833996,0.20589502,1.5601854,1.0,3.6594458,-4.562033,0.19907407,15.061641,0.0,0.0,0.0,0.0,0.0,0,13.66491,10.282235,0.0,1.417464,6.440771,6.242034,0.14595552,1.4721496,0.8034089,2.674207
3,48,49.0,10.0,1.0,1.0,30.0,1.0,1.0,1.0,0.9999949,1.0,-0.0,0.0,-5.1002044e-06,-0.0,0.1751894,4.090243,0.28504288,1.4504749,0.28190798,2.5346627,1.0,2.8172362,-3.8664136,0.17592593,15.108071,0.0,0.0,0.0,0.0,0.0,0,14.576578,10.475849,0.0,1.8933713,6.6174283,6.4638286,0.08687518,1.5745811,1.2465198,2.3824837
0,49,50.0,10.0,1.0,1.0,31.0,1.0,1.0,1.0,0.9999951,1.0,-0.0,0.0,-4.865893e-06,-0.0,0.15288778,4.282288,0.32709458,1.9261359,0.2372321,3.2780163,1.0,2.9557192,-2.614839,0.18055555,15.093817,0.0,0.0,0.0,0.0,0.0,0,14.949542,11.125509,0.0,1.5248832,6.072706,5.350932,0.11898567,0.9163557,0.29360983,2.7963629
1,49,50.0,10.0,1.0,1.0,31.0,1.0,1.0,1.0,0.9999952,1.0,-0.0,0.0,-4.810216e-06,-0.0,0.08910522,4.2079387,0.28669822,1.5112574,0.16960919,1.9719177,1.0,2.872694,-3.97457,0.18518518,15.340803,0.0,0.0,0.0,0.0,0.0,0,14.718101,11.068645,0.0,1.4289759,6.565719,5.734848,0.0,1.0097492,1.1993474,2.759565
2,49,50.0,10.0,1.0,1.0,31.0,1.0,1.0,1.0,0.9999952,1.0,-0.0,0.0,-4.8035067e-06,-0.0,0.021544658,4.0880523,0.2603167,1.7957493,0.20829095,1.612001,1.0,3.6940615,-5.080612,0.22222222,15.289484,0.0,0.0,0.0,0.0,0.0,0,14.344895,10.712594,0.0,1.4182352,6.4280334,6.418664,0.23012364,1.4750396,0.8180747,2.6906056
3,49,50.0,10.0,1.0,1.0,31.0,1.0,1.0,1.0,0.9999952,1.0,-0.0,0.0,-4.840735e-06,-0.0,0.109745,3.9798744,0.29100928,1.4585466,0.2895457,2.5748,1.0,2.922149,-4.666131,0.2037037,15.342633,0.0,0.0,0.0,0.0,0.0,0,14.469103,10.42769,0.0,1.8033227,6.708364,6.5507407,0.10477425,1.5133586,1.3674577,2.3244526
0,50,51.0,10.0,1.0,1.0,32.0,1.0,1.0,1.0,0.99999505,1.0,-0.0,0.0,-4.968932e-06,-0.0,0.23753121,4.3715844,0.34006214,1.9987271,0.23376523,3.3432755,1.0,2.8161242,-1.6984568,0.18518518,15.485874,0.0,0.0,0.0,0.0,0.0,0,14.798374,11.067673,0.0,1.5684165,6.235624,5.3205605,0.095718764,1.0178797,0.56893075,2.797062
1,50,51.0,10.0,1.0,1.0,32.0,1.0,1.0,1.0,0.99999505,1.0,-0.0,0.0,-4.9485584e-06,-0.0,0.16076714,4.3026066,0.2948805,1.4761492,0.16892408,1.9833955,1.0,2.7456636,-3.086824,0.2037037,15.739687,0.0,0.0,0.0,0.0,0.0,0,14.785668,11.163075,0.0,1.3035853,6.7891507,5.806323,0.0,1.0479817,1.3620228,2.910794
2,50,51.0,10.0,1.0,1.0,32.0,1.0,1.0,1.0,0.99999464,1.0,-0.0,0.0,-5.376331e-06,-0.0,0.09897854,4.1825275,0.2652769,1.7830644,0.2072475,1.6365767,1.0,3.5566082,-4.1605196,0.24537037,15.688565,0.0,0.0,0.0,0.0,0.0,0,14.309178,10.581354,0.0,1.4275614,6.5146103,6.456269,0.19157803,1.6340052,0.8549048,2.610291
3,50,51.0,10.0,1.0,1.0,32.0,1.0,1.0,1.0,0.99999505,1.0,-0.0,0.0,-4.969483e-06,-0.0,0.19082166,4.0558386,0.29845366,1.4644376,0.2958012,2.547293,1.0,2.8305457,-3.687177,0.20833333,15.740299,0.0,0.0,0.0,0.0,0.0,0,14.4187355,10.365086,0.0,1.8117456,6.811686,6.616052,0.06046434,1.7141097,1.1564354,2.2236319
0,51,52.0,10.0,1.0,1.0,33.0,1.0,1.0,1.0,0.9999954,1.0,-0.0,0.0,-4.577305e-06,-0.0,0.09530205,4.275738,0.3583797,2.117757,0.23315418,3.3507595,1.0,3.0234263,-4.793856,0.21296297,15.713449,0.0,0.0,0.0,0.0,0.0,0,14.725775,11.109066,0.0,1.4689441,6.1956387,5.3134966,0.07614934,1.15767,0.7445806,2.7559495
1,51,52.0,10.0,1.0,1.0,33.0,1.0,1.0,1.0,0.9999953,1.0,-0.0,0.0,-4.706989e-06,-0.0,0.1375094,4.2131906,0.3102798,1.3734213,0.17765838,1.8426468,1.0,2.913763,-5.637873,0.2175926,15.964745,0.0,0.0,0.0,0.0,0.0,0,15.119677,11.368577,0.0,1.1927456,6.8404436,6.25873,0.0,1.1106952,1.2334745,2.696363
2,51,52.0,10.0,1.0,1.0,33.0,1.0,1.0,1.0,0.99999547,1.0,-0.0,0.0,-4.545035e-06,-0.0,0.13897456,4.082605,0.27724007,1.8187037,0.20646015,1.5086657,1.0,3.400415,-5.6862793,0.25,15.927039,0.0,0.0,0.0,0.0,0.0,0,14.434855,10.490195,0.0,1.8726428,7.253649,6.537554,0.097063735,1.6457608,0.6763037,2.3644443
3,51,52.0,10.0,1.0,1.0,33.0,1.0,1.0,1.0,0.9999956,1.0,-0.0,0.0,-4.3960963e-06,-0.0,0.087979436,3.9493985,0.31272098,1.4835539,0.30383635,2.3824806,1.0,2.8957698,-5.803,0.22685185,15.963866,0.0,0.0,0.0,0.0,0.0,0,14.47879,10.08965,0.0,1.9355426,7.5828695,6.661925,0.05283235,1.3966414,0.48777717,2.2979577
0,52,53.0,10.0,1.0,1.0,34.0,1.0,1.0,1.0,0.9999939,1.0,-0.0,0.0,-6.050959e-06,-0.0,0.17888007,4.2282395,0.3774238,2.265266,0.2164008,3.1642857,1.0,3.3129253,-5.386103,0.22222222,16.128443,0.0,0.0,0.0,0.0,0.0,0,14.695801,10.923653,0.0,1.3624488,6.466871,5.8156304,0.045095243,1.0441986,0.5080027,2.8346903
1,52,53.0,10.0,1.0,1.0,34.0,1.0,1.0,1.0,0.99999404,1.0,-0.0,0.0,-5.9353583e-06,-0.0,0.14699697,4.1726837,0.331452,1.2309698,0.18572989,1.6423057,1.0,2.6476717,-5.0772524,0.2175926,16.391052,0.0,0.0,0.0,0.0,0.0,0,14.824054,11.339961,0.0,1.5910122,5.911087,6.058496,0.0,1.4668343,1.0807121,2.8232949
2,52,53.0,10.0,1.0,1.0,34.0,1.0,1.0,1.0,0.9999939,1.0,-0.0,0.0,-6.0701636e-06,-0.0,0.19477792,4.0440044,0.28276166,1.8683785,0.19160338,1.2642201,1.0,3.6478703,-5.588299,0.25,16.345846,0.0,0.0,0.0,0.0,0.0,0,14.043366,10.531416,0.0,1.5922704,6.6861715,6.417574,0.20173337,1.6625162,0.63061607,2.3252325
3,52,53.0,10.0,1.0,1.0,34.0,1.0,1.0,1.0,0.99999356,1.0,-0.0,0.0,-6.44525e-06,-0.0,0.13217944,3.9096177,0.3274486,1.551129,0.29792154,2.010441,1.0,3.1532462,-5.754668,0.23148148,16.384033,0.0,0.0,0.0,0.0,0.0,0,14.184861,10.157651,0.0,1.7334251,6.8896465,6.76746,0.051581055,1.3994339,0.6977719,2.2159548
0,53,54.0,10.0,1.0,1.0,35.0,1.0,1.0,1.0,0.9999944,1.0,-0.0,0.0,-5.573512e-06,-0.0,0.20350069,4.2088947,0.38854736,2.317868,0.19165334,2.9724417,1.0,3.345329,-5.0907564,0.22685185,16.594757,0.0,0.0,0.0,0.0,0.0,0,14.738267,11.02263,0.0,1.2666177,6.5178556,6.1265397,0.063068345,1.0301058,0.34835714,2.7821693
1,53,54.0,10.0,1.0,1.0,35.0,1.0,1.0,1.0,0.99999446,1.0,-0.0,0.0,-5.524078e-06,-0.0,0.19559506,4.1356564,0.3419095,1.2398397,0.19084497,1.1736832,1.0,2.966165,-4.9070196,0.22222222,16.837702,0.0,0.0,0.0,0.0,0.0,0,14.742954,11.133292,0.0,1.4561228,6.5271473,6.368683,0.0,1.0158395,0.5841216,2.6439779
2,53,54.0,10.0,1.0,1.0,35.0,1.0,1.0,1.0,0.99999475,1.0,-0.0,0.0,-5.26233e-06,-0.0,0.22867042,3.9984703,0.2857775,1.9179915,0.18979,1.3276368,1.0,3.6917286,-5.160181,0.25,16.791761,0.0,0.0,0.0,0.0,0.0,0,14.091357,10.608455,0.0,1.5849019,6.835745,6.6340065,0.16278978,1.6508371,0.43213183,1.9061499
3,53,54.0,10.0,1.0,1.0,35.0,1.0,1.0,1.0,0.99999475,1.0,-0.0,0.0,-5.241614e-06,-0.0,0.15101358,3.8591669,0.33771768,1.6551237,0.3124708,1.8122365,1.0,3.073006,-5.4068193,0.2361111,16.828196,0.0,0.0,0.0,0.0,0.0,0,13.971797,10.155843,0.0,1.8418374,7.2966185,6.5367923,0.053974025,1.8935527,0.84190905,2.0892923
0,54,55.0,10.0,1.0,1.0,36.0,1.0,1.0,1.0,0.9999935,1.0,-0.0,0.0,-6.483482e-06,-0.0,0.17721802,4.2383213,0.39846948,2.3557184,0.19280267,2.993958,1.0,3.3107975,-4.760539,0.22685185,17.147696,0.0,0.0,0.0,0.0,0.0,0,14.721078,10.9139595,0.0,1.346293,6.7599077,6.284055,0.058517132,1.3641278,0.65526414,2.983431
1,54,55.0,10.0,1.0,1.0,36.0,1.0,1.0,1.0,0.9999936,1.0,-0.0,0.0,-6.354291e-06,-0.0,0.16804636,4.164246,0.35250643,1.2530265,0.2041446,1.1935217,1.0,2.8671691,-4.4603066,0.22222222,17.387985,0.0,0.0,0.0,0.0,0.0,0,14.69,10.971487,0.0,1.6437044,6.6476493,6.2976604,0.0,1.404585,0.812847,2.7126164
2,54,55.0,10.0,1.0,1.0,36.0,1.0,1.0,1.0,0.999994,1.0,-0.0,0.0,-6.0491643e-06,-0.0,0.20897835,4.0295124,0.2893252,1.9742979,0.1983467,1.4466926,1.0,3.6690648,-4.757801,0.25,17.344048,0.0,0.0,0.0,0.0,0.0,0,13.788068,10.508631,0.0,1.3781254,7.1921287,6.7312117,0.16208915,1.7243547,0.40336406,1.8174082
3,54,55.0,10.0,1.0,1.0,36.0,1.0,1.0,1.0,0.99999416,1.0,-0.0,0.0,-5.8212877e-06,-0.0,0.15988536,3.8784199,0.33084628,1.4961625,0.32346183,1.5934432,1.0,3.4826212,-5.3716207,0.24074075,17.368837,0.0,0.0,0.0,0.0,0.0,0,13.683101,10.022891,0.0,1.4667891,7.5694737,6.695821,0.055217985,1.5836848,0.6378496,1.8375107
0,55,56.0,10.0,1.0,1.0,37.0,1.0,1.0,1.0,0.9999947,1.0,-0.0,0.0,-5.2964033e-06,-0.0,0.1596164,4.2420907,0.4024662,2.3643417,0.19645984,3.0575984,1.0,3.326784,-4.6628585,0.22685185,17.665192,0.0,0.0,0.0,0.0,0.0,0,13.658664,10.339892,0.0,1.260551,6.323549,5.8886814,0.070074275,1.317862,0.5303452,2.8603923
1,55,56.0,10.0,1.0,1.0,37.0,1.0,1.0,1.0,0.99999475,1.0,-0.0,0.0,-5.2438068e-06,-0.0,0.1576446,4.174858,0.35932904,1.2808272,0.21678515,1.3002349,1.0,2.8437927,-4.3879113,0.22222222,17.912771,0.0,0.0,0.0,0.0,0.0,0,14.424484,10.980626,0.0,1.4005975,6.5189886,6.302609,0.0,1.4665531,0.5999111,2.7131088
2,55,56.0,10.0,1.0,1.0,37.0,1.0,1.0,1.0,0.9999947,1.0,-0.0,0.0,-5.3153244e-06,-0.0,0.19441992,4.0443535,0.29171678,1.9802358,0.20670106,1.5338764,1.0,3.7055986,-4.5615563,0.25462964,17.875502,0.0,0.0,0.0,0.0,0.0,0,14.019175,10.588186,0.0,1.5977823,6.437692,6.6877923,0.12412385,1.7851552,0.2634817,1.6034641
3,55,56.0,10.0,1.0,1.0,37.0,1.0,1.0,1.0,0.9999951,1.0,-0.0,0.0,-4.914736e-06,-0.0,0.15739071,3.8813205,0.33581886,1.5241504,0.33145362,1.6303474,1.0,3.5542953,-5.33754,0.25,17.891823,0.0,0.0,0.0,0.0,0.0,0,13.882352,9.998306,0.0,1.5710121,7.746362,6.9459295,0.0614628,1.6419305,0.7331768,1.9280623
0,56,57.0,10.0,1.0,1.0,38.0,1.0,1.0,1.0,0.99999493,1.0,-0.0,0.0,-5.082985e-06,-0.0,0.14744756,4.242726,0.40617847,2.3837943,0.2005806,3.1174314,1.0,3.3338387,-4.5298004,0.23148148,18.16721,0.0,0.0,0.0,0.0,0.0,0,14.380797,10.688912,0.0,1.2456942,6.5859604,5.919424,0.060035888,1.3756825,0.4936186,2.9461422
1,56,57.0,10.0,1.0,1.0,38.0,1.0,1.0,1.0,0.999995,1.0,-0.0,0.0,-5.0352746e-06,-0.0,0.15553814,4.176648,0.3582462,1.2893542,0.22808036,1.3205433,1.0,2.9414454,-4.352724,0.22222222,18.416626,0.0,0.0,0.0,0.0,0.0,0,14.241768,10.915594,0.0,1.2938,6.7623262,6.3393974,0.0,1.4628649,0.5943216,2.698537
2,56,57.0,10.0,1.0,1.0,38.0,1.0,1.0,1.0,0.9999951,1.0,-0.0,0.0,-4.877471e-06,-0.0,0.19513555,4.058648,0.29742646,1.9212533,0.21519528,1.607138,1.0,3.8222346,-4.56259,0.25462964,18.391672,0.0,0.0,0.0,0.0,0.0,0,13.7000885,10.281074,0.0,1.4575752,7.473943,6.8051805,0.12576953,1.8122312,0.35899273,1.3971182
3,56,57.0,10.0,1.0,1.0,38.0,1.0,1.0,1.0,0.99999523,1.0,-0.0,0.0,-4.766799e-06,-0.0,0.15144515,3.8790092,0.33716092,1.5460747,0.35030583,1.6962285,1.0,3.6532874,-5.2854233,0.25,18.393515,0.0,0.0,0.0,0.0,0.0,0,13.684587,9.910597,0.0,1.4915327,7.3911304,6.8609023,0.040175486,1.801804,0.83839226,1.8256174
0,57,58.0,10.0,1.0,1.0,39.0,1.0,1.0,1.0,0.9999952,1.0,-0.0,0.0,-4.819159e-06,-0.0,0.10949336,4.253535,0.4121024,2.4112186,0.2047316,3.1859808,1.0,3.276022,-4.1355753,0.23148148,18.667278,0.0,0.0,0.0,0.0,0.0,0,14.019574,10.562268,0.0,1.1702843,6.5447416,5.9433923,0.0896594,1.3142812,0.37495336,2.7924745
1,57,58.0,10.0,1.0,1.0,39.0,1.0,1.0,1.0,0.9999955,1.0,-0.0,0.0,-4.4847216e-06,-0.0,0.14384352,4.1693735,0.35851693,1.3050418,0.24223982,1.4450686,1.0,3.019798,-4.3897815,0.22222222,18.898783,0.0,0.0,0.0,0.0,0.0,0,14.413215,10.958942,0.0,1.1711348,6.7554994,6.30616,0.0,1.44294,0.46623468,2.5340085
2,57,58.0,10.0,1.0,1.0,39.0,1.0,1.0,1.0,0.9999956,1.0,-0.0,0.0,-4.4082335e-06,-0.0,0.17655846,4.0762553,0.3025145,1.906941,0.21984889,1.7480416,1.0,3.8444555,-4.3848696,0.25462964,18.899622,0.0,0.0,0.0,0.0,0.0,0,13.607421,10.289576,0.0,1.4388655,7.4105077,6.9271646,0.055603232,1.7201363,0.1568987,1.7404703
3,57,58.0,10.0,1.0,1.0,39.0,1.0,1.0,1.0,0.9999958,1.0,-0.0,0.0,-4.177203e-06,-0.0,0.14793408,3.887254,0.3384285,1.5761572,0.37234345,1.7381629,1.0,3.7604125,-5.2291956,0.25462964,18.892094,0.0,0.0,0.0,0.0,0.0,0,13.318273,9.730931,0.0,1.3168107,7.449033,6.7875648,0.0,1.8274131,0.6305034,1.607409
0,58,59.0,10.0,1.0,1.0,40.0,1.0,1.0,1.0,0.999995,1.0,-0.0,0.0,-5.0348285e-06,-0.0,0.038861856,4.208206,0.42034626,2.4581573,0.20654123,3.2504385,1.0,3.1784143,-3.4140368,0.23148148,19.07951,0.0,0.0,0.0,0.0,0.0,0,14.082534,10.489358,0.0,1.0953077,6.748596,6.0321584,0.06853125,1.3049905,0.4796268,2.7360198
1,58,59.0,10.0,1.0,1.0,40.0,1.0,1.0,1.0,0.9999952,1.0,-0.0,0.0,-4.8306483e-06,-0.0,0.11855662,4.124796,0.35436824,1.332932,0.25705814,1.5081468,1.0,3.1327536,-4.3659806,0.22222222,19.311731,0.0,0.0,0.0,0.0,0.0,0,14.337269,10.902666,0.0,1.0520627,6.748314,6.400766,0.0,1.389457,0.41858277,2.4617865
2,58,59.0,10.0,1.0,1.0,40.0,1.0,1.0,1.0,0.99999535,1.0,-0.0,0.0,-4.6787495e-06,-0.0,0.15463233,4.0423064,0.30485934,1.8650242,0.22260416,1.8540803,1.0,3.9532442,-4.380772,0.25925925,19.324814,0.0,0.0,0.0,0.0,0.0,0,13.643797,10.258196,0.0,1.2277688,7.4002557,7.100155,0.11126336,1.6462388,0.44752654,1.9883257
3,58,59.0,10.0,1.0,1.0,40.0,1.0,1.0,1.0,0.9999955,1.0,-0.0,0.0,-4.4481776e-06,-0.0,0.1339484,3.8359575,0.33921677,1.6432587,0.39177883,1.8354115,1.0,3.9224617,-5.2074847,0.25462964,19.3034,0.0,0.0,0.0,0.0,0.0,0,13.659367,9.968643,0.0,1.2387874,7.7201037,7.1604548,0.014031872,1.9078836,0.7385109,1.7710652
0,59,60.0,10.0,1.0,1.0,41.0,1.0,1.0,1.0,0.99999577,1.0,-0.0,0.0,-4.228379e-06,-0.0,0.045511313,4.2046437,0.42740098,2.5017142,0.20770405,3.2429643,1.0,3.0703926,-2.4068766,0.23148148,19.4853,0.0,0.0,0.0,0.0,0.0,0,13.987055,10.407069,0.0,1.1669265,6.758343,6.096155,0.057707857,1.3239613,0.4467783,2.6503491
1,59,60.0,10.0,1.0,1.0,41.0,1.0,1.0,1.0,0.9999958,1.0,-0.0,0.0,-4.1711687e-06,-0.0,0.04605893,4.119557,0.35862947,1.3370361,0.27450848,1.5480983,1.0,3.106901,-3.6226194,0.22222222,19.71724,0.0,0.0,0.0,0.0,0.0,0,14.093864,10.850041,0.0,0.94674015,6.7122364,6.4544725,0.0,1.4037292,0.44564605,2.3786516
2,59,60.0,10.0,1.0,1.0,41.0,1.0,1.0,1.0,0.99999577,1.0,-0.0,0.0,-4.2095376e-06,-0.0,0.098529644,4.048631,0.30829677,1.8825682,0.22523226,1.9167668,1.0,3.9068048,-4.0189214,0.25925925,19.744055,0.0,0.0,0.0,0.0,0.0,0,13.3829155,10.032512,0.0,0.9208167,7.088515,7.0935507,0.11813611,1.5716765,0.17733048,2.1689324
3,59,60.0,10.0,1.0,1.0,41.0,1.0,1.0,1.0,0.99999577,1.0,-0.0,0.0,-4.2567767e-06,-0.0,0.09258445,3.8302243,0.34310412,1.6748677,0.41174772,1.9798405,1.0,3.8890207,-4.9747715,0.25462964,19.711027,0.0,0.0,0.0,0.0,0.0,0,13.438586,9.714577,0.0,1.2756053,7.3310623,6.9839396,0.0,1.9057014,0.87453115,1.6556872
0,60,61.0,10.0,1.0,1.0,42.0,1.0,1.0,1.0,0.99999577,1.0,-0.0,0.0,-4.2129163e-06,-0.0,0.112704374,4.1923566,0.43456846,2.5448334,0.21111704,3.1977525,1.0,2.9523394,-1.4713742,0.23148148,19.839958,0.0,0.0,0.0,0.0,0.0,0,13.976059,10.338439,0.0,1.2532631,6.745767,6.1973896,0.052289188,1.3384033,0.47488084,2.555975
1,60,61.0,10.0,1.0,1.0,42.0,1.0,1.0,1.0,0.9999961,1.0,-0.0,0.0,-3.881792e-06,-0.0,0.018052757,4.106657,0.36156273,1.357947,0.28727543,1.6236123,1.0,3.0194094,-2.971448,0.22222222,20.072626,0.0,0.0,0.0,0.0,0.0,0,13.440737,10.359795,0.0,0.8011654,6.6211576,6.0461206,0.0,1.3661044,0.4362153,2.338901
2,60,61.0,10.0,1.0,1.0,42.0,1.0,1.0,1.0,0.99999607,1.0,-0.0,0.0,-3.933932e-06,-0.0,0.03483072,4.053379,0.31439006,1.9139062,0.22782236,2.010441,1.0,3.7608812,-3.3511724,0.25925925,20.117926,0.0,0.0,0.0,0.0,0.0,0,13.427251,9.984737,0.0,1.1103569,7.063814,7.22865,0.120708436,1.5249884,0.23417239,2.1025105
3,60,61.0,10.0,1.0,1.0,42.0,1.0,1.0,1.0,0.99999624,1.0,-0.0,0.0,-3.7267394e-06,-0.0,0.042585842,3.824305,0.34676772,1.7035956,0.43182173,2.0615714,1.0,3.789461,-4.39629,0.25462964,20.07203,0.0,0.0,0.0,0.0,0.0,0,13.339208,9.690841,0.0,1.0888141,7.4324417,7.047298,0.0,1.8405215,0.78663945,1.605703
0,61,62.0,10.0,1.0,1.0,43.0,1.0,1.0,1.0,0.9999962,1.0,-0.0,0.0,-3.8224102e-06,-0.0,0.1745481,4.177098,0.44084355,2.5823889,0.21481021,3.2124064,1.0,2.8688753,-0.7155817,0.23148148,20.157007,0.0,0.0,0.0,0.0,0.0,0,13.910406,10.351535,0.0,1.0964546,6.8093452,6.254235,0.059892982,1.3557559,0.54622453,2.4984095
1,61,62.0,10.0,1.0,1.0,43.0,1.0,1.0,1.0,0.99999636,1.0,-0.0,0.0,-3.6198528e-06,-0.0,0.09117853,4.089722,0.36723578,1.3739911,0.29982528,1.6851175,1.0,2.916919,-2.1419077,0.22222222,20.388977,0.0,0.0,0.0,0.0,0.0,0,13.649983,10.521572,0.0,0.82883936,6.777738,6.1771483,0.0,1.3568393,0.5112221,2.3308933
2,61,62.0,10.0,1.0,1.0,43.0,1.0,1.0,1.0,0.9999963,1.0,-0.0,0.0,-3.675702e-06,-0.0,0.043832324,4.0507245,0.32121223,1.9479562,0.23503216,2.044798,1.0,3.6245003,-2.5695226,0.25925925,20.448277,0.0,0.0,0.0,0.0,0.0,0,12.938601,9.5713,0.0,1.0182658,7.111297,7.098041,0.113425724,1.5206795,0.36818382,1.8995379
3,61,62.0,10.0,1.0,1.0,43.0,1.0,1.0,1.0,0.99999636,1.0,-0.0,0.0,-3.610797e-06,-0.0,0.027270056,3.8199956,0.350427,1.7250545,0.44820625,2.1129467,1.0,3.673171,-3.5387948,0.25462964,20.397968,0.0,0.0,0.0,0.0,0.0,0,13.3581505,9.658847,0.0,1.1332101,7.49267,7.118986,0.0,1.8114026,0.72234035,1.5469643
0,62,63.0,10.0,1.0,1.0,44.0,1.0,1.0,1.0,0.9999964,1.0,-0.0,0.0,-3.5480832e-06,-0.0,0.26305467,4.1255407,0.44473964,2.6041214,0.2170634,3.253327,1.0,2.7798145,0.022277236,0.23148148,20.402828,0.0,0.0,0.0,0.0,0.0,0,13.884905,10.300526,0.0,1.1434823,6.8224854,6.289492,0.057732433,1.3260695,0.5031657,2.4168482
1,62,63.0,10.0,1.0,1.0,44.0,1.0,1.0,1.0,0.9999966,1.0,-0.0,0.0,-3.4210193e-06,-0.0,0.19325987,4.0314164,0.3708511,1.394909,0.31801403,1.7173238,1.0,2.8070734,-1.0166317,0.22222222,20.624096,0.0,0.0,0.0,0.0,0.0,0,13.873983,10.590073,0.0,0.91942775,6.8259344,6.2257266,0.0,1.358515,0.5792196,2.210577
2,62,63.0,10.0,1.0,1.0,44.0,1.0,1.0,1.0,0.99999654,1.0,-0.0,0.0,-3.4498603e-06,-0.0,0.15576966,4.009512,0.32573283,1.9766752,0.24475479,2.0661228,1.0,3.4932866,-1.4694855,0.25925925,20.697052,0.0,0.0,0.0,0.0,0.0,0,13.493579,9.820264,0.0,1.1152408,7.301815,7.211931,0.11974564,1.511922,0.5231151,1.6411766
3,62,63.0,10.0,1.0,1.0,44.0,1.0,1.0,1.0,0.9999966,1.0,-0.0,0.0,-3.4082163e-06,-0.0,0.12313537,3.7831473,0.3532877,1.7435583,0.46108168,2.1814787,1.0,3.5372877,-2.4946089,0.25462964,20.646364,0.0,0.0,0.0,0.0,0.0,0,13.35655,9.565321,0.0,1.2280103,7.4683332,7.2078276,0.0,1.8676176,0.90845686,1.449317
0,63,64.0,10.0,1.0,1.0,45.0,1.0,1.0,1.0,0.9999962,1.0,-0.0,0.0,-3.8259636e-06,-0.0,0.43807065,3.9599862,0.45182967,2.6220942,0.21846192,3.3032322,1.0,2.7376673,1.4398824,0.23148148,20.52578,0.0,0.0,0.0,0.0,0.0,0,14.219518,10.228314,0.0,1.0491409,7.076239,6.2612247,0.051966712,1.2303842,0.5811882,2.412733
1,63,64.0,10.0,1.0,1.0,45.0,1.0,1.0,1.0,0.99999636,1.0,-0.0,0.0,-3.6150248e-06,-0.0,0.36082304,3.8688715,0.37483838,1.3756989,0.32555348,1.7922591,1.0,2.798413,0.37951207,0.22222222,20.744574,0.0,0.0,0.0,0.0,0.0,0,13.233907,10.552211,0.0,0.899876,5.9373684,6.318445,0.0,1.2290012,0.57517403,1.9883428
2,63,64.0,10.0,1.0,1.0,45.0,1.0,1.0,1.0,0.9999964,1.0,-0.0,0.0,-3.5877545e-06,-0.0,0.3592886,3.8432605,0.32994688,2.0049832,0.25277713,2.0950902,1.0,3.429597,0.3407318,0.25925925,20.821032,0.0,0.0,0.0,0.0,0.0,0,13.4059105,10.001155,0.0,0.98427516,7.244119,7.0163145,0.07599634,1.4682286,0.53680414,1.484842
3,63,64.0,10.0,1.0,1.0,45.0,1.0,1.0,1.0,0.9999966,1.0,-0.0,0.0,-3.4171865e-06,-0.0,0.3092777,3.6244924,0.35607356,1.7592002,0.47427368,2.2262294,1.0,3.4687638,-0.726575,0.25462964,20.748386,0.0,0.0,0.0,0.0,0.0,0,13.242591,9.512954,0.0,1.1618813,7.45041,7.32821,0.0,1.7600349,0.88900703,1.3708183
0,64,65.0,10.0,1.0,1.0,46.0,1.0,1.0,1.0,0.99999565,1.0,-0.0,0.0,-4.333478e-06,-0.0,0.23635328,4.115443,0.45262226,2.6107259,0.23179424,3.2927885,1.0,2.783685,-0.39724445,0.23148148,20.795551,0.0,0.0,0.0,0.0,0.0,0,14.236483,10.145835,0.0,1.1717777,6.914297,6.3344946,0.04219534,1.3071061,0.51236594,1.9909393
1,64,65.0,10.0,1.0,1.0,46.0,1.0,1.0,1.0,0.999996,1.0,-0.0,0.0,-4.0071823e-06,-0.0,0.18233731,4.026524,0.37508383,1.3898499,0.3392717,1.7913852,1.0,2.8241065,-1.077136,0.22222222,21.01452,0.0,0.0,0.0,0.0,0.0,0,13.983597,10.535394,0.0,0.85867196,6.815815,6.2661576,0.0,1.3868465,0.5616446,2.055905
2,64,65.0,10.0,1.0,1.0,46.0,1.0,1.0,1.0,0.999996,1.0,-0.0,0.0,-3.9835954e-06,-0.0,0.1926668,4.003029,0.3327015,2.0232482,0.26471514,2.120712,1.0,3.423483,-1.1595767,0.25925925,21.092085,0.0,0.0,0.0,0.0,0.0,0,13.476166,9.935397,0.0,1.0112305,7.258582,7.1727138,0.017517697,1.4921101,0.5694295,1.0365539
3,64,65.0,10.0,1.0,1.0,46.0,1.0,1.0,1.0,0.9999963,1.0,-0.0,0.0,-3.7202362e-06,-0.0,0.13663955,3.800041,0.35832465,1.7777889,0.48642033,2.288642,1.0,3.4496896,-2.0903182,0.25462964,21.032402,0.0,0.0,0.0,0.0,0.0,0,13.256207,9.407637,0.0,1.3504544,7.387277,7.3285847,0.0,1.8300002,0.9827023,1.0429829
0,65,66.0,10.0,1.0,1.0,47.0,1.0,1.0,1.0,0.99999624,1.0,-0.0,0.0,-3.7347227e-06,-0.0,0.41999704,4.023333,0.4535032,2.6158178,0.2390203,3.2653356,1.0,2.7439523,1.238905,0.23148148,20.866922,0.0,0.0,0.0,0.0,0.0,0,14.177114,10.099079,0.0,1.0795505,6.966402,6.3257985,0.040049184,1.221601,0.4828237,1.7479558
1,65,66.0,10.0,1.0,1.0,47.0,1.0,1.0,1.0,0.9999963,1.0,-0.0,0.0,-3.6824526e-06,-0.0,0.37361532,3.9348257,0.37686214,1.4094225,0.34798992,1.8260055,1.0,2.771069,0.57553875,0.22222222,21.090502,0.0,0.0,0.0,0.0,0.0,0,13.834344,10.47636,0.0,0.90930974,6.749458,6.369521,0.0,1.1600608,0.2019823,1.9065156
2,65,66.0,10.0,1.0,1.0,47.0,1.0,1.0,1.0,0.99999636,1.0,-0.0,0.0,-3.648599e-06,-0.0,0.3917303,3.9118116,0.33620927,2.0340517,0.27440673,2.1591184,1.0,3.352403,0.6245002,0.25925925,21.16339,0.0,0.0,0.0,0.0,0.0,0,13.741844,9.970313,0.0,1.1839894,7.425584,7.010858,0.0,1.395586,0.63874817,0.6173402
3,65,66.0,10.0,1.0,1.0,47.0,1.0,1.0,1.0,0.9999966,1.0,-0.0,0.0,-3.4087675e-06,-0.0,0.327478,3.710246,0.36028454,1.7926958,0.502392,2.3346918,1.0,3.371446,-0.44857338,0.25462964,21.088848,0.0,0.0,0.0,0.0,0.0,0,13.094194,9.370439,0.0,1.2376541,7.377632,7.3988957,0.0,1.7839887,0.83066565,3.3461394
0,66,67.0,10.0,1.0,1.0,48.0,1.0,1.0,1.0,0.9999962,1.0,-0.0,0.0,-3.8405315e-06,-0.0,0.35293138,3.9984863,0.45567513,2.6340082,0.24955703,3.2148423,1.0,2.7453785,0.64855814,0.23148148,21.157125,0.0,0.0,0.0,0.0,0.0,0,14.108165,10.001224,0.0,1.1172252,7.112493,6.3047414,0.027367273,1.2899472,0.3567719,1.517551
1,66,67.0,10.0,1.0,1.0,48.0,1.0,1.0,1.0,0.9999965,1.0,-0.0,0.0,-3.525663e-06,-0.0,0.31181052,3.9152787,0.37880355,1.4309167,0.35420913,1.878406,1.0,2.7556267,-0.080348924,0.22222222,21.385345,0.0,0.0,0.0,0.0,0.0,0,13.772891,10.394301,0.0,0.92696184,6.773148,6.31053,0.0,1.2770802,0.46936694,1.773991
2,66,67.0,10.0,1.0,1.0,48.0,1.0,1.0,1.0,0.999996,1.0,-0.0,0.0,-3.981549e-06,-0.0,0.32618344,3.8835266,0.33900058,2.0451806,0.2851607,2.214243,1.0,3.3499491,-0.025292858,0.25925925,21.47219,0.0,0.0,0.0,0.0,0.0,0,13.649094,9.891974,0.0,1.1810281,7.3925543,6.8427672,0.0,1.332246,0.5790405,0.36804637
3,66,67.0,10.0,1.0,1.0,48.0,1.0,1.0,1.0,0.99999636,1.0,-0.0,0.0,-3.6240056e-06,-0.0,0.2557084,3.6758616,0.3613439,1.8053129,0.5100332,2.3981986,1.0,3.3603942,-1.3918225,0.25462964,21.397383,0.0,0.0,0.0,0.0,0.0,0,12.934869,9.287322,0.0,1.2594223,7.3281837,7.2793274,0.0,1.7715429,0.71257627,3.3720994
0,67,68.0,10.0,1.0,1.0,49.0,1.0,1.0,1.0,0.9999959,1.0,-0.0,0.0,-4.08653e-06,-0.0,0.48095137,4.176005,0.455224,2.6283557,0.25938267,3.1598299,1.0,2.7379534,1.8754396,0.23148148,21.365791,0.0,0.0,0.0,0.0,0.0,0,13.800908,9.833777,0.0,1.2148532,6.848261,6.5298758,0.0,1.1937082,0.376267,1.3426896
1,67,68.0,10.0,1.0,1.0,49.0,1.0,1.0,1.0,0.99999595,1.0,-0.0,0.0,-4.066786e-06,-0.0,0.44191182,4.0948386,0.3788338,1.4590832,0.36387286,1.9114507,1.0,2.7262032,1.0342281,0.22222222,21.59886,0.0,0.0,0.0,0.0,0.0,0,13.654875,10.305583,0.0,0.93596184,6.745317,6.414669,0.0,1.248139,0.45244804,1.6195589
2,67,68.0,10.0,1.0,1.0,49.0,1.0,1.0,1.0,0.99999607,1.0,-0.0,0.0,-3.9337997e-06,-0.0,0.4552342,4.0674014,0.34049883,2.0627103,0.29742658,2.2552233,1.0,3.3065372,1.1683424,0.25925925,21.675167,0.0,0.0,0.0,0.0,0.0,0,13.202537,9.695703,0.0,1.2173096,7.285126,7.105402,0.0,1.2333751,0.59161586,0.10625212
3,67,68.0,10.0,1.0,1.0,49.0,1.0,1.0,1.0,0.99999624,1.0,-0.0,0.0,-3.7480436e-06,-0.0,0.38649327,3.8722045,0.36142376,1.8044456,0.5192523,2.4209378,1.0,3.329196,-0.21018274,0.25462964,21.60588,0.0,0.0,0.0,0.0,0.0,0,13.146018,9.237152,0.0,1.356317,7.4204803,7.368427,0.0,1.6216099,0.73314226,3.397805
0,68,69.0,10.0,1.0,1.0,50.0,1.0,1.0,1.0,0.9999954,1.0,-0.0,0.0,-4.5639895e-06,-0.0,0.55665004,3.90432,0.4573008,2.651188,0.2640015,3.154375,1.0,2.76803,2.4882722,0.23148148,21.930378,0.0,0.0,0.0,0.0,0.0,0,13.568027,9.797037,0.0,1.0344267,6.7546644,6.3631525,0.0,1.320328,0.057824243,1.1175334
1,68,69.0,10.0,1.0,1.0,50.0,1.0,1.0,1.0,0.9999954,1.0,-0.0,0.0,-4.5851166e-06,-0.0,0.5311694,3.810126,0.3806625,1.4872425,0.37476087,1.8908657,1.0,2.7443087,1.8506236,0.22222222,22.173841,0.0,0.0,0.0,0.0,0.0,0,13.794389,10.211103,0.0,1.0614351,6.6212416,6.4780407,0.0,1.0759767,0.25078598,1.328611
2,68,69.0,10.0,1.0,1.0,50.0,1.0,1.0,1.0,0.9999954,1.0,-0.0,0.0,-4.6078476e-06,-0.0,0.5449772,3.7948687,0.3426661,2.0872297,0.3049703,2.3427243,1.0,3.3228388,1.8546562,0.25925925,22.240202,0.0,0.0,0.0,0.0,0.0,0,13.042797,9.63809,0.0,1.1691521,7.0703435,6.759428,0.0,1.2485564,0.086268336,0.00021489867
3,68,69.0,10.0,1.0,1.0,50.0,1.0,1.0,1.0,0.99999565,1.0,-0.0,0.0,-4.3236114e-06,-0.0,0.499323,3.591956,0.36151212,1.8182733,0.5209843,2.393625,1.0,3.327902,1.0182,0.25462964,22.164919,0.0,0.0,0.0,0.0,0.0,0,12.688952,9.1111555,0.0,1.2763587,7.2145977,7.454617,0.0,1.3160115,0.5531272,0.40555024
0,69,70.0,10.0,1.0,1.0,51.0,1.0,1.0,1.0,0.9999961,1.0,-0.0,0.0,-3.8952853e-06,-0.0,0.50887877,4.2217016,0.453413,2.628058,0.27291143,3.1766307,1.0,2.8376596,2.1832752,0.23148148,22.251759,0.0,0.0,0.0,0.0,0.0,0,14.377632,10.196089,0.0,1.1710207,7.3312697,6.7015586,0.0,1.0678164,0.36452627,0.7773285
1,69,70.0,10.0,1.0,1.0,51.0,1.0,1.0,1.0,0.9999961,1.0,-0.0,0.0,-3.8626636e-06,-0.0,0.47735012,4.1426234,0.37867066,1.5195215,0.3825482,1.9443364,1.0,2.863548,1.4357846,0.22222222,22.491121,0.0,0.0,0.0,0.0,0.0,0,13.437484,10.1469,0.0,0.9462545,6.6820903,6.477754,0.0,1.0544039,0.56490517,1.5112484
2,69,70.0,10.0,1.0,1.0,51.0,1.0,1.0,1.0,0.9999961,1.0,-0.0,0.0,-3.8579965e-06,-0.0,0.48415288,4.128541,0.34256035,2.0973306,0.31571472,2.40732,1.0,3.4450893,1.3347566,0.25925925,22.561125,0.0,0.0,0.0,0.0,0.0,0,12.889025,9.560926,0.0,1.1062381,7.007173,7.101006,0.0,1.1203375,0.291915,0.0
3,69,70.0,10.0,1.0,1.0,51.0,1.0,1.0,1.0,0.9999962,1.0,-0.0,0.0,-3.8421954e-06,-0.0,0.46653077,3.9630644,0.36044684,1.8354115,0.5202429,2.4979568,1.0,3.4129438,1.0290332,0.25462964,22.503216,0.0,0.0,0.0,0.0,0.0,0,12.534621,9.018404,0.0,1.2464689,7.166213,7.5264397,0.0,1.3891046,1.0095695,0.41505525
0,70,71.0,10.0,1.0,1.0,52.0,1.0,1.0,1.0,0.99999464,1.0,-0.0,0.0,-5.3888816e-06,-0.0,0.54369605,4.0910506,0.45269403,2.626568,0.2767866,3.1721919,1.0,2.9920552,2.4795606,0.23148148,22.678286,0.0,0.0,0.0,0.0,0.0,0,13.675548,9.884285,0.0,1.0559893,6.844096,6.5741496,0.0,1.1065116,0.13912337,0.52930486
1,70,71.0,10.0,1.0,1.0,52.0,1.0,1.0,1.0,0.9999949,1.0,-0.0,0.0,-5.1279385e-06,-0.0,0.5191382,4.0091763,0.3784568,1.5521377,0.38541415,2.007324,1.0,2.990288,1.7795768,0.22222222,22.922031,0.0,0.0,0.0,0.0,0.0,0,13.495854,10.12922,0.0,1.0325621,6.630603,6.5521746,0.0,0.9943576,0.3093297,1.3982779
2,70,71.0,10.0,1.0,1.0,52.0,1.0,1.0,1.0,0.99999475,1.0,-0.0,0.0,-5.262486e-06,-0.0,0.5217247,3.9938622,0.34437364,2.1210809,0.32008314,2.5060906,1.0,3.5864315,1.5540998,0.25925925,22.992912,0.0,0.0,0.0,0.0,0.0,0,12.954595,9.551514,0.0,1.1885439,6.955145,6.925223,0.0,1.1339197,0.0,0.0
3,70,71.0,10.0,1.0,1.0,52.0,1.0,1.0,1.0,0.9999948,1.0,-0.0,0.0,-5.175758e-06,-0.0,0.5105328,3.8213167,0.36028624,1.8574544,0.5340569,2.5690174,1.0,3.5443106,1.2181885,0.25462964,22.927721,0.0,0.0,0.0,0.0,0.0,0,12.669741,9.034904,0.0,1.2977463,7.077174,7.560879,0.0,1.4641113,0.4096392,3.3404613
0,71,72.0,10.0,1.0,1.0,53.0,1.0,1.0,1.0,0.9999957,1.0,-0.0,0.0,-4.269201e-06,-0.0,0.41575953,3.8572788,0.4341201,2.4963894,0.28651926,3.2099686,1.0,3.574017,0.8821469,0.23148148,23.262892,0.0,0.0,0.0,0.0,0.0,0,13.430766,10.038974,0.0,1.1134361,6.4365516,6.1547585,0.0,1.1580725,0.0009848466,0.6231783
1,71,72.0,10.0,1.0,1.0,53.0,1.0,1.0,1.0,0.99999577,1.0,-0.0,0.0,-4.224867e-06,-0.0,0.39087868,3.797565,0.36720327,1.6565418,0.3800217,2.308732,1.0,3.6102102,0.11483207,0.22222222,23.480856,0.0,0.0,0.0,0.0,0.0,0,14.319131,10.524492,0.0,1.3311778,8.407979,5.840661,0.0,0.99968785,0.2441409,1.3855932
2,71,72.0,10.0,1.0,1.0,53.0,1.0,1.0,1.0,0.9999958,1.0,-0.0,0.0,-4.1893686e-06,-0.0,0.3702801,3.777278,0.3389093,2.154037,0.3298294,2.6476426,1.0,4.2877474,-0.90476125,0.25925925,23.558722,0.0,0.0,0.0,0.0,0.0,0,13.390209,9.749329,0.0,1.0358663,6.4814696,6.860972,0.0,1.1614853,0.0,0.0
3,71,72.0,10.0,1.0,1.0,53.0,1.0,1.0,1.0,0.99999535,1.0,-0.0,0.0,-4.664472e-06,-0.0,0.32326505,3.5876446,0.36265805,2.0321264,0.53525066,2.625674,1.0,4.3001537,-1.9378196,0.25462964,23.50584,0.0,0.0,0.0,0.0,0.0,0,13.418675,9.722627,0.0,1.2094145,6.295705,7.630896,0.0,1.3451816,0.0,3.3288984
0,72,73.0,10.0,1.0,1.0,54.0,1.0,1.0,1.0,0.99999654,1.0,-0.0,0.0,-3.4801767e-06,-0.0,0.37955606,4.055853,0.43389034,2.5060906,0.29579607,3.243688,1.0,3.5465748,0.69305116,0.23148148,23.738703,0.0,0.0,0.0,0.0,0.0,0,13.569949,9.856369,0.0,1.0284321,6.579131,6.3053384,0.0,1.0229061,0.20463571,0.36095166
1,72,73.0,10.0,1.0,1.0,54.0,1.0,1.0,1.0,0.9999963,1.0,-0.0,0.0,-3.719416e-06,-0.0,0.3157612,3.9945066,0.36450067,1.7417617,0.37728563,2.4657876,1.0,3.7379024,-0.6220881,0.22222222,23.95137,0.0,0.0,0.0,0.0,0.0,0,13.441559,10.119911,0.0,0.95475596,6.694039,5.7921753,0.0,0.9948249,0.11685037,1.5304458
2,72,73.0,10.0,1.0,1.0,54.0,1.0,1.0,1.0,0.9999968,1.0,-0.0,0.0,-3.211145e-06,-0.0,0.3430199,3.9718165,0.33876878,2.1573048,0.34067988,2.7308874,1.0,4.2322564,-1.0126717,0.25925925,24.026411,0.0,0.0,0.0,0.0,0.0,0,12.885733,9.573882,0.0,1.159795,6.8891644,7.0168915,0.0,1.1378653,0.0,0.0
3,72,73.0,10.0,1.0,1.0,54.0,1.0,1.0,1.0,0.9999968,1.0,-0.0,0.0,-3.1890713e-06,-0.0,0.268355,3.8121119,0.36530212,2.2237668,0.53489196,2.709594,1.0,4.5963173,-2.0228214,0.25462964,23.954199,0.0,0.0,0.0,0.0,0.0,0,13.012575,9.30929,0.0,1.2423458,6.7260556,7.613552,0.0,1.290808,0.24692176,0.0
0,73,74.0,10.0,1.0,1.0,55.0,1.0,1.0,1.0,0.99999535,1.0,-0.0,0.0,-4.6236923e-06,-0.0,0.48766547,4.164008,0.43742135,2.5272403,0.30822152,3.252605,1.0,3.5148547,1.8233433,0.23148148,24.311716,0.0,0.0,0.0,0.0,0.0,0,14.000444,9.952611,0.0,1.0294319,7.1749635,6.4599857,0.0,1.0743157,0.0584766,0.16959432
1,73,74.0,10.0,1.0,1.0,55.0,1.0,1.0,1.0,0.9999956,1.0,-0.0,0.0,-4.4369103e-06,-0.0,0.423114,4.1049347,0.36478642,1.7214208,0.39008757,2.5653584,1.0,3.7183113,0.51081365,0.22222222,24.510103,0.0,0.0,0.0,0.0,0.0,0,13.567524,10.169775,0.0,1.0976919,6.8491626,5.8659096,0.0,0.9199654,0.2891591,1.1671673
2,73,74.0,10.0,1.0,1.0,55.0,1.0,1.0,1.0,0.99999577,1.0,-0.0,0.0,-4.2119495e-06,-0.0,0.43875277,4.075713,0.3388735,2.1699665,0.35372883,2.8632565,1.0,4.183526,-0.012183562,0.25925925,24.592186,0.0,0.0,0.0,0.0,0.0,0,12.800606,9.540554,0.0,1.1148858,6.940503,7.043965,0.0,1.0947219,0.0,0.0
3,73,74.0,10.0,1.0,1.0,55.0,1.0,1.0,1.0,0.9999954,1.0,-0.0,0.0,-4.5744514e-06,-0.0,0.36486536,3.9306693,0.3619583,2.1972098,0.53875166,2.7540069,1.0,4.503239,-1.3523232,0.25462964,24.518719,0.0,0.0,0.0,0.0,0.0,0,12.488364,9.090981,0.0,1.2781261,7.049522,7.7686586,0.0,1.2794476,0.27833918,3.350333
0,74,75.0,10.0,1.0,1.0,56.0,1.0,1.0,1.0,0.9999955,1.0,-0.0,0.0,-4.471293e-06,-0.0,0.47152972,4.1565003,0.438269,2.5488288,0.32137948,3.3374171,1.0,3.6352882,1.756683,0.23148148,24.88563,0.0,0.0,0.0,0.0,0.0,0,13.487207,9.828373,0.0,0.9007303,6.877747,6.3228426,0.0,1.0170491,0.0,0.0
1,74,75.0,10.0,1.0,1.0,56.0,1.0,1.0,1.0,0.99999565,1.0,-0.0,0.0,-4.3688647e-06,-0.0,0.3951844,4.1199446,0.35946292,1.8005377,0.39917365,2.8049796,1.0,3.9467003,0.22748485,0.22222222,25.066423,0.0,0.0,0.0,0.0,0.0,0,13.555907,10.162993,0.0,0.8535433,7.102008,5.9065347,0.0,0.96377546,0.15940668,1.1266085
2,74,75.0,10.0,1.0,1.0,56.0,1.0,1.0,1.0,0.99999577,1.0,-0.0,0.0,-4.2592997e-06,-0.0,0.43137634,4.0694003,0.33944616,2.1627405,0.3668825,3.006221,1.0,4.271226,-0.26740134,0.25925925,25.165691,0.0,0.0,0.0,0.0,0.0,0,12.901183,9.593398,0.0,1.1004674,6.809309,6.8961425,0.0,1.1147412,0.0,0.0
3,74,75.0,10.0,1.0,1.0,56.0,1.0,1.0,1.0,0.9999952,1.0,-0.0,0.0,-4.8024667e-06,-0.0,0.409979,3.9353967,0.35837448,2.179325,0.53951824,2.9475834,1.0,4.538938,-0.40194765,0.25462964,25.073614,0.0,0.0,0.0,0.0,0.0,0,13.170713,9.369572,0.0,1.3010807,7.1834116,7.383465,0.0,1.4062263,0.18570258,0.0
0,75,76.0,10.0,1.0,1.0,57.0,1.0,1.0,1.0,0.99999607,1.0,-0.0,0.0,-3.9208257e-06,-0.0,0.23161396,3.985833,0.423381,2.4610214,0.33018324,3.4665036,1.0,3.9382067,-0.8366704,0.2361111,25.607634,0.0,0.0,0.0,0.0,0.0,0,14.012792,9.78043,0.0,1.1594195,6.8499265,6.6545305,0.0,1.045681,0.13644779,0.0
1,75,76.0,10.0,1.0,1.0,57.0,1.0,1.0,1.0,0.99999607,1.0,-0.0,0.0,-3.91457e-06,-0.0,0.089986995,3.963307,0.34720084,2.0950902,0.39216378,2.9866283,1.0,4.5440707,-3.630003,0.22222222,25.777384,0.0,0.0,0.0,0.0,0.0,0,14.20253,10.508045,0.0,1.1630459,6.8197303,5.949117,0.0,0.9784136,0.012988382,1.0265793
2,75,76.0,10.0,1.0,1.0,57.0,1.0,1.0,1.0,0.99999624,1.0,-0.0,0.0,-3.7581233e-06,-0.0,0.21641627,3.8823977,0.32889026,2.1192348,0.3743406,3.0851238,1.0,4.497276,-2.6746671,0.25925925,25.90536,0.0,0.0,0.0,0.0,0.0,0,14.068225,10.007062,0.0,1.0771251,7.2888865,6.773671,0.0,1.1385309,0.0,0.0
3,75,76.0,10.0,1.0,1.0,57.0,1.0,1.0,1.0,0.999996,1.0,-0.0,0.0,-3.968114e-06,-0.0,0.14045052,3.802183,0.36231187,2.4138143,0.5365014,3.3647473,1.0,5.045739,-3.5930443,0.25462964,25.759792,0.0,0.0,0.0,0.0,0.0,0,12.431609,8.783625,0.0,1.4694996,6.907528,7.1479073,0.0,1.3256124,0.15070269,0.0
0,76,77.0,10.0,1.0,1.0,58.0,1.0,1.0,1.0,0.99999624,1.0,-0.0,0.0,-3.743562e-06,-0.0,0.346883,4.13886,0.42636022,2.518553,0.33899328,3.5351508,1.0,3.7341287,0.33994392,0.2361111,25.97181,0.0,0.0,0.0,0.0,0.0,0,13.416091,9.809042,0.0,1.1027308,6.9878955,6.589568,0.0,1.0828962,0.028546838,0.0
1,76,77.0,10.0,1.0,1.0,58.0,1.0,1.0,1.0,0.9999963,1.0,-0.0,0.0,-3.6941976e-06,-0.0,0.18386096,4.1183805,0.34636506,2.202902,0.3899387,3.068332,1.0,4.5176992,-2.7516577,0.22222222,26.14036,0.0,0.0,0.0,0.0,0.0,0,13.423923,10.200717,0.0,1.0681623,6.998545,6.0099187,0.0,0.9676032,0.0,0.86174953
2,76,77.0,10.0,1.0,1.0,58.0,1.0,1.0,1.0,0.99999654,1.0,-0.0,0.0,-3.4801958e-06,-0.0,0.32838807,4.027871,0.32925352,2.1343246,0.38162792,3.1399488,1.0,4.302567,-1.4234781,0.25925925,26.27664,0.0,0.0,0.0,0.0,0.0,0,13.114995,9.846985,0.0,1.1358544,7.0941067,6.739293,0.0,1.1179677,0.0,0.0
3,76,77.0,10.0,1.0,1.0,58.0,1.0,1.0,1.0,0.99999654,1.0,-0.0,0.0,-3.4616837e-06,-0.0,0.29773748,3.9715023,0.35768688,2.3676503,0.5424095,3.7099707,1.0,4.8129177,-1.4662892,0.25462964,26.103952,0.0,0.0,0.0,0.0,0.0,0,12.531468,9.173314,0.0,1.320685,7.085518,7.2013493,0.0,1.1866091,0.30157545,0.0
0,77,78.0,10.0,1.0,1.0,59.0,1.0,1.0,1.0,0.99999565,1.0,-0.0,0.0,-4.3463247e-06,-0.0,0.35798103,4.1862364,0.4234223,2.539599,0.35015947,3.5657973,1.0,3.787755,0.5206745,0.2361111,26.433287,0.0,0.0,0.0,0.0,0.0,0,13.321376,9.704801,0.0,1.0272225,6.862863,6.6928453,0.0,1.0869575,0.06680264,0.0
1,77,78.0,10.0,1.0,1.0,59.0,1.0,1.0,1.0,0.99999535,1.0,-0.0,0.0,-4.6397663e-06,-0.0,0.21211281,4.1820393,0.34199697,2.209997,0.3925845,3.115422,1.0,4.5284395,-2.5594513,0.22222222,26.590702,0.0,0.0,0.0,0.0,0.0,0,13.438048,10.211424,0.0,1.0057266,6.880456,5.928292,0.0,0.973163,0.0,0.7404057
2,77,78.0,10.0,1.0,1.0,59.0,1.0,1.0,1.0,0.99999577,1.0,-0.0,0.0,-4.226734e-06,-0.0,0.33965743,4.075024,0.3257538,2.1346912,0.39132595,3.160325,1.0,4.346678,-1.4113989,0.25925925,26.737923,0.0,0.0,0.0,0.0,0.0,0,13.02939,9.797754,0.0,1.0738297,7.0222397,6.975438,0.0,1.0811267,0.003255647,0.0
3,77,78.0,10.0,1.0,1.0,59.0,1.0,1.0,1.0,0.9999958,1.0,-0.0,0.0,-4.1720377e-06,-0.0,0.33822244,4.0337043,0.35247505,2.3239386,0.5564748,3.9622002,1.0,4.842904,-0.8016192,0.25462964,26.550507,0.0,0.0,0.0,0.0,0.0,0,12.518376,9.149288,0.0,1.2750055,7.0144973,7.3312335,0.0,1.2743917,0.22316915,0.0
0,78,79.0,10.0,1.0,1.0,60.0,1.0,1.0,1.0,0.99999565,1.0,-0.0,0.0,-4.336481e-06,-0.0,0.3145516,4.040812,0.41627103,2.5417557,0.3633753,3.490807,1.0,3.7145708,0.6164033,0.24074075,27.077862,0.0,0.0,0.0,0.0,0.0,0,13.593765,9.623207,0.0,0.81788075,7.420578,6.4384522,0.0,1.0794353,0.0,0.0
1,78,79.0,10.0,1.0,1.0,60.0,1.0,1.0,1.0,0.9999954,1.0,-0.0,0.0,-4.5880533e-06,-0.0,0.15019141,4.0811815,0.33947802,2.3613605,0.39267918,3.1721919,1.0,4.5826592,-3.3413005,0.24074075,27.199167,0.0,0.0,0.0,0.0,0.0,0,13.392285,10.106253,0.0,0.8461206,6.687261,5.7323303,0.0,0.99298286,0.012393903,0.75588715
2,78,79.0,10.0,1.0,1.0,60.0,1.0,1.0,1.0,0.9999958,1.0,-0.0,0.0,-4.148019e-06,-0.0,0.29472375,3.9423566,0.3208646,2.1324897,0.39753798,3.2221386,1.0,4.267051,-1.7242358,0.2638889,27.370384,0.0,0.0,0.0,0.0,0.0,0,13.113169,9.635278,0.0,1.1026777,7.1746006,6.800766,0.0,1.1283609,0.0,0.0
3,78,79.0,10.0,1.0,1.0,60.0,1.0,1.0,1.0,0.9999955,1.0,-0.0,0.0,-4.453783e-06,-0.0,0.29946864,3.88806,0.34458086,2.2625,0.56161314,4.128433,1.0,4.7197437,-0.91630405,0.2638889,27.19548,0.0,0.0,0.0,0.0,0.0,0,13.031313,9.398794,0.0,1.2957377,7.397457,7.41618,0.0,1.2812909,0.36204082,0.0
0,79,80.0,10.0,1.0,1.0,61.0,1.0,1.0,1.0,0.9999959,1.0,-0.0,0.0,-4.142248e-06,-0.0,0.39339885,4.192103,0.41870987,2.6023173,0.37687233,3.4524748,1.0,3.6060314,1.5927143,0.24074075,27.410057,0.0,0.0,0.0,0.0,0.0,0,13.6532,9.806214,0.0,1.2417395,7.5867867,7.3143644,0.0,1.031448,0.0,0.0
1,79,80.0,10.0,1.0,1.0,61.0,1.0,1.0,1.0,0.99999565,1.0,-0.0,0.0,-4.3716927e-06,-0.0,0.24126992,4.2381635,0.3354605,2.3410532,0.3955919,3.2269938,1.0,4.4542136,-2.4673212,0.24074075,27.529457,0.0,0.0,0.0,0.0,0.0,0,13.450685,10.222623,0.0,0.9893651,7.236632,5.777704,0.0,0.94994694,0.0,0.5110267
2,79,80.0,10.0,1.0,1.0,61.0,1.0,1.0,1.0,0.99999577,1.0,-0.0,0.0,-4.2268925e-06,-0.0,0.37136823,4.0948486,0.31915057,2.154037,0.40448046,3.2665339,1.0,4.167344,-0.9030383,0.2685185,27.701096,0.0,0.0,0.0,0.0,0.0,0,12.928951,9.659895,0.0,1.1005176,7.200792,6.8137007,0.0,1.029566,0.0,0.0
3,79,80.0,10.0,1.0,1.0,61.0,1.0,1.0,1.0,0.9999959,1.0,-0.0,0.0,-4.1169546e-06,-0.0,0.36710835,4.042282,0.34005585,2.2339513,0.5615065,4.2574487,1.0,4.629608,-0.20485371,0.2685185,27.516117,0.0,0.0,0.0,0.0,0.0,0,12.844312,9.428622,0.0,1.2694061,7.3381286,7.4102173,0.0,1.2312725,0.30763197,0.0
0,80,81.0,10.0,1.0,1.0,62.0,1.0,1.0,1.0,0.99999607,1.0,-0.0,0.0,-3.9242154e-06,-0.0,0.33735,4.1336823,0.4140967,2.6035202,0.3835368,3.4876664,1.0,3.6811585,1.0672417,0.2638889,27.91828,0.0,0.0,0.0,0.0,0.0,0,13.279941,9.555434,0.0,1.0311104,7.341459,7.254637,0.0,0.8247932,0.0,0.0
1,80,81.0,10.0,1.0,1.0,62.0,1.0,1.0,1.0,0.99999595,1.0,-0.0,0.0,-4.026974e-06,-0.0,0.21457449,4.1762104,0.3300464,2.360034,0.40338728,3.247306,1.0,4.4995837,-2.8119943,0.25925925,28.04552,0.0,0.0,0.0,0.0,0.0,0,13.270669,10.057377,0.0,0.88645756,7.0496454,5.72354,0.0,0.9424038,0.035146702,0.3072343
2,80,81.0,10.0,1.0,1.0,62.0,1.0,1.0,1.0,0.9999961,1.0,-0.0,0.0,-3.853182e-06,-0.0,0.32437295,4.0398197,0.3138153,2.124768,0.41246313,3.2861254,1.0,4.2454705,-1.4593973,0.2777778,28.207142,0.0,0.0,0.0,0.0,0.0,0,13.2811365,9.619802,0.0,1.124623,7.349015,6.9859962,0.0,1.0803494,0.0,0.0
3,80,81.0,10.0,1.0,1.0,62.0,1.0,1.0,1.0,0.9999962,1.0,-0.0,0.0,-3.8012581e-06,-0.0,0.32055676,3.9788406,0.33473364,2.223415,0.5705477,4.356152,1.0,4.7012377,-0.6917622,0.2777778,28.027313,0.0,0.0,0.0,0.0,0.0,0,12.805197,9.366976,0.0,1.1724743,7.184147,7.464578,0.0,1.188489,0.45918363,0.0
0,81,82.0,10.0,1.0,1.0,63.0,1.0,1.0,1.0,0.9999958,1.0,-0.0,0.0,-4.1582107e-06,-0.0,0.26111454,4.195434,0.41143993,2.6304398,0.39121532,3.462889,1.0,3.8330293,0.3183894,0.27314815,28.261133,0.0,0.0,0.0,0.0,0.0,0,13.310609,9.633123,0.0,1.0796542,7.387066,7.339355,0.0,0.781986,0.0,0.0
1,81,82.0,10.0,1.0,1.0,63.0,1.0,1.0,1.0,0.99999595,1.0,-0.0,0.0,-4.0273853e-06,-0.0,0.16231778,4.2444987,0.3287211,2.345062,0.4064386,3.2856488,1.0,4.608957,-3.5875738,0.25925925,28.382912,0.0,0.0,0.0,0.0,0.0,0,13.335014,10.150086,0.0,0.90986025,7.1063423,5.685799,0.0,0.916891,0.0073971357,0.09630502
2,81,82.0,10.0,1.0,1.0,63.0,1.0,1.0,1.0,0.9999961,1.0,-0.0,0.0,-3.844786e-06,-0.0,0.24975054,4.1028414,0.31286582,2.1339576,0.41952837,3.3108065,1.0,4.4084663,-2.3667831,0.29166666,28.54931,0.0,0.0,0.0,0.0,0.0,0,12.875854,9.610554,0.0,1.0271231,7.2324944,6.9344406,0.0,1.0565026,0.0,0.0
3,81,82.0,10.0,1.0,1.0,63.0,1.0,1.0,1.0,0.999996,1.0,-0.0,0.0,-3.9916176e-06,-0.0,0.25072694,4.039779,0.33313242,2.223415,0.5766611,4.427632,1.0,4.8472304,-1.4962219,0.29166666,28.368982,0.0,0.0,0.0,0.0,0.0,0,12.829702,9.442806,0.0,1.1745033,7.200292,7.446907,0.0,1.183508,0.58342093,0.0
0,82,83.0,10.0,1.0,1.0,64.0,1.0,1.0,1.0,0.99999654,1.0,-0.0,0.0,-3.4640884e-06,-0.0,0.21598265,4.170654,0.40507448,2.6250777,0.39708102,3.4816008,1.0,3.918416,-0.28008223,0.2777778,28.635021,0.0,0.0,0.0,0.0,0.0,0,13.733322,9.605362,0.0,1.1538228,7.555463,7.876174,0.0,0.93831414,0.0,0.0
1,82,83.0,10.0,1.0,1.0,64.0,1.0,1.0,1.0,0.99999684,1.0,-0.0,0.0,-3.1763348e-06,-0.0,0.116167404,4.2137094,0.32833454,2.456883,0.41459507,3.2837424,1.0,4.796405,-4.286699,0.2685185,28.762373,0.0,0.0,0.0,0.0,0.0,0,13.2185545,10.11658,0.0,0.80152875,6.9006248,5.712986,0.0,0.95523757,0.121121906,0.0
2,82,83.0,10.0,1.0,1.0,64.0,1.0,1.0,1.0,0.9999967,1.0,-0.0,0.0,-3.259473e-06,-0.0,0.2123639,4.070855,0.30839533,2.1335907,0.42732888,3.3230786,1.0,4.4924827,-2.8592367,0.2962963,28.92909,0.0,0.0,0.0,0.0,0.0,0,12.863478,9.548408,0.0,1.0076959,7.1890206,6.9398017,0.0,1.0641493,0.0,0.0
3,82,83.0,10.0,1.0,1.0,64.0,1.0,1.0,1.0,0.9999963,1.0,-0.0,0.0,-3.6885672e-06,-0.0,0.20841211,3.9993114,0.32986012,2.2255263,0.5817397,4.4253325,1.0,4.9172516,-2.03358,0.30092594,28.751972,0.0,0.0,0.0,0.0,0.0,0,12.816305,9.418554,0.0,1.1430448,7.0603747,7.4149895,0.0,1.2290933,0.5353829,0.0
0,83,84.0,10.0,1.0,1.0,65.0,1.0,1.0,1.0,0.9999961,1.0,-0.0,0.0,-3.8501757e-06,-0.0,0.16363281,4.2114286,0.40017226,2.6381652,0.4048685,3.481376,1.0,4.0221434,-0.95743686,0.2962963,28.871912,0.0,0.0,0.0,0.0,0.0,0,13.337182,9.606268,0.0,0.67599976,7.4173303,7.2524643,0.0,0.79322946,0.0,0.0
1,83,84.0,10.0,1.0,1.0,65.0,1.0,1.0,1.0,0.99999624,1.0,-0.0,0.0,-3.7486363e-06,-0.0,0.07240176,4.236573,0.32726893,2.477505,0.41901857,3.3235495,1.0,4.8761225,-4.9861355,0.2777778,29.013168,0.0,0.0,0.0,0.0,0.0,0,13.322564,10.201508,0.0,0.80476004,6.991776,5.7037168,0.0,0.8624628,0.058792755,0.0
2,83,84.0,10.0,1.0,1.0,65.0,1.0,1.0,1.0,0.9999964,1.0,-0.0,0.0,-3.5472765e-06,-0.0,0.17054267,4.111643,0.30641294,2.1471217,0.43522647,3.3409333,1.0,4.588597,-3.3496842,0.30092594,29.16621,0.0,0.0,0.0,0.0,0.0,0,12.836589,9.542777,0.0,1.0539305,7.3583527,6.9442277,0.0,1.1334672,0.0,0.0
3,83,84.0,10.0,1.0,1.0,65.0,1.0,1.0,1.0,0.9999961,1.0,-0.0,0.0,-3.8523312e-06,-0.0,0.16121194,4.0326076,0.32696286,2.1915023,0.5897549,4.408317,1.0,5.0008082,-2.6678517,0.30092594,28.992548,0.0,0.0,0.0,0.0,0.0,0,12.887864,9.450892,0.0,1.256887,7.275662,7.383657,0.0,1.2016183,0.44273007,0.0
0,84,85.0,10.0,1.0,1.0,66.0,1.0,1.0,1.0,0.99999595,1.0,-0.0,0.0,-4.0789764e-06,-0.0,0.15424155,4.4227,0.38524443,2.5653584,0.41169217,3.4804766,1.0,4.205331,-1.2162235,0.2962963,28.980944,0.0,0.0,0.0,0.0,0.0,0,13.280093,9.521869,0.0,0.5302463,7.422414,7.2785892,0.0,0.7757442,0.0,0.0
1,84,85.0,10.0,1.0,1.0,66.0,1.0,1.0,1.0,0.9999958,1.0,-0.0,0.0,-4.146023e-06,-0.0,0.07744413,4.4332304,0.32797137,2.5884442,0.425216,3.352161,1.0,5.0320525,-5.1914268,0.2777778,29.120213,0.0,0.0,0.0,0.0,0.0,0,12.488883,9.816887,0.0,0.6370322,6.7434435,5.7141604,0.0,0.880645,0.022118688,0.0
2,84,85.0,10.0,1.0,1.0,66.0,1.0,1.0,1.0,0.99999624,1.0,-0.0,0.0,-3.7840987e-06,-0.0,0.18776618,4.3152213,0.30192775,2.1504002,0.44341218,3.3640494,1.0,4.6225796,-3.203651,0.30092594,29.283783,0.0,0.0,0.0,0.0,0.0,0,12.714947,9.438066,0.0,0.97729224,7.2688513,6.94578,0.0,1.0110389,0.0,0.0
3,84,85.0,10.0,1.0,1.0,66.0,1.0,1.0,1.0,0.99999624,1.0,-0.0,0.0,-3.7360257e-06,-0.0,0.15366822,4.2342024,0.32694623,2.238851,0.5954633,4.360643,1.0,5.138621,-2.9057617,0.30555555,29.102358,0.0,0.0,0.0,0.0,0.0,0,12.747246,9.405747,0.0,1.1311215,7.39381,7.311362,0.0,1.2691067,0.5745625,0.0
0,85,86.0,10.0,1.0,1.0,67.0,1.0,1.0,1.0,0.9999964,1.0,-0.0,0.0,-3.5753237e-06,-0.0,0.06676763,4.1551423,0.38245207,2.569322,0.41896716,3.462889,1.0,4.401842,-2.3453236,0.3101852,29.41396,0.0,0.0,0.0,0.0,0.0,0,13.37126,9.581701,0.0,0.95837766,7.57511,7.658713,0.0,0.839195,0.0,0.0
1,85,86.0,10.0,1.0,1.0,67.0,1.0,1.0,1.0,0.9999967,1.0,-0.0,0.0,-3.256406e-06,-0.0,0.009308569,4.1380305,0.32640386,2.5941834,0.43732244,3.31624,1.0,5.1796756,-5.9942994,0.2824074,29.580927,0.0,0.0,0.0,0.0,0.0,0,12.866878,10.030522,0.0,0.6812012,6.8689847,5.6060014,0.0,0.68798745,0.0,0.0
2,85,86.0,10.0,1.0,1.0,67.0,1.0,1.0,1.0,0.99999654,1.0,-0.0,0.0,-3.4750258e-06,-0.0,0.107920915,4.041275,0.30065474,2.1634643,0.45342445,3.3738084,1.0,4.8180027,-4.1591506,0.30555555,29.722775,0.0,0.0,0.0,0.0,0.0,0,12.768059,9.475971,0.0,1.0432104,7.2940454,6.798518,0.0,1.0694574,0.0,0.0
3,85,86.0,10.0,1.0,1.0,67.0,1.0,1.0,1.0,0.9999963,1.0,-0.0,0.0,-3.6922308e-06,-0.0,0.0754416,3.9523249,0.3259384,2.2451353,0.6045237,4.4084945,1.0,5.311682,-3.9883685,0.3148148,29.55192,0.0,0.0,0.0,0.0,0.0,0,12.906766,9.481614,0.0,1.2248895,7.483949,7.3507786,0.0,0.9629884,0.29947245,0.0
0,86,87.0,10.0,1.0,1.0,68.0,1.0,1.0,1.0,0.9999953,1.0,-0.0,0.0,-4.7139188e-06,-0.0,0.037525594,4.345219,0.37596133,2.5352802,0.42816734,3.4506605,1.0,4.5332384,-3.35335,0.3148148,29.606789,0.0,0.0,0.0,0.0,0.0,0,13.693765,9.740808,0.0,0.952081,7.682557,7.8133664,0.0,0.9113298,0.0,0.0
1,86,87.0,10.0,1.0,1.0,68.0,1.0,1.0,1.0,0.9999963,1.0,-0.0,0.0,-3.6701929e-06,-0.0,0.048635714,4.3012543,0.3186266,2.5039032,0.45244518,3.241757,1.0,5.1097136,-5.850069,0.30092594,29.735178,0.0,0.0,0.0,0.0,0.0,0,13.334723,10.213119,0.0,0.7256656,7.2039247,5.9313226,0.0,0.87684083,0.0,0.0
2,86,87.0,10.0,1.0,1.0,68.0,1.0,1.0,1.0,0.9999956,1.0,-0.0,0.0,-4.4217613e-06,-0.0,0.0027853996,4.2233014,0.29853258,2.165634,0.46459112,3.3230786,1.0,4.962898,-4.928758,0.3148148,29.90772,0.0,0.0,0.0,0.0,0.0,0,12.763369,9.491885,0.0,0.9818834,7.3879147,7.1318326,0.0,1.0047472,0.0,0.0
3,86,87.0,10.0,1.0,1.0,68.0,1.0,1.0,1.0,0.9999955,1.0,-0.0,0.0,-4.494075e-06,-0.0,0.04839208,4.144323,0.32944664,2.2999005,0.6093368,4.350937,1.0,5.4942255,-5.2802844,0.3148148,29.74398,0.0,0.0,0.0,0.0,0.0,0,12.868407,9.521513,0.0,1.1148596,7.2509713,7.2833214,0.0,1.1511512,0.27065432,0.0
0,87,88.0,10.0,1.0,1.0,69.0,1.0,1.0,1.0,0.9999967,1.0,-0.0,0.0,-3.2748114e-06,-0.0,0.17801914,4.32949,0.35534343,2.3676503,0.43635368,3.4585912,1.0,4.7256336,-1.6812626,0.3148148,29.656483,0.0,0.0,0.0,0.0,0.0,0,13.86331,9.688716,0.0,0.99640566,8.118206,7.6796784,0.0,0.8639655,0.0,0.0
1,87,88.0,10.0,1.0,1.0,69.0,1.0,1.0,1.0,0.9999968,1.0,-0.0,0.0,-3.2195271e-06,-0.0,0.1715634,4.2711177,0.31741992,2.6179116,0.46511298,3.2390997,1.0,5.2068033,-4.2090917,0.30092594,29.789602,0.0,0.0,0.0,0.0,0.0,0,13.0465555,10.011688,0.0,0.5143888,8.413322,6.741411,0.0,0.89760125,0.0,0.0
2,87,88.0,10.0,1.0,1.0,69.0,1.0,1.0,1.0,0.9999969,1.0,-0.0,0.0,-3.123094e-06,-0.0,0.2175171,4.2039075,0.28962475,2.1598432,0.47317183,3.3409333,1.0,5.197839,-3.0829163,0.3148148,29.958702,0.0,0.0,0.0,0.0,0.0,0,12.562291,9.588206,0.0,1.4353436,7.080767,7.5585427,0.0,0.9503279,0.0,0.0
3,87,88.0,10.0,1.0,1.0,69.0,1.0,1.0,1.0,0.99999684,1.0,-0.0,0.0,-3.1585419e-06,-0.0,0.17190146,4.1314826,0.33960328,2.4683259,0.6168735,4.316252,1.0,5.68472,-3.6108327,0.3148148,29.7894,0.0,0.0,0.0,0.0,0.0,0,12.810824,9.637031,0.0,1.011841,8.066208,8.163313,0.0,1.1253309,0.42837435,0.0
0,88,89.0,10.0,1.0,1.0,70.0,1.0,1.0,1.0,0.9999961,1.0,-0.0,0.0,-3.8499516e-06,-0.0,0.06920174,4.2035604,0.34868106,2.335027,0.44252467,3.472821,1.0,5.02071,-3.0523686,0.3148148,29.774252,0.0,0.0,0.0,0.0,0.0,0,13.408168,9.58787,0.0,1.0326619,7.817993,7.637667,0.0,0.8364022,0.0,0.0
1,88,89.0,10.0,1.0,1.0,70.0,1.0,1.0,1.0,0.9999959,1.0,-0.0,0.0,-4.109579e-06,-0.0,0.040159374,4.119949,0.32780996,2.8188982,0.4737485,3.24224,1.0,5.685203,-6.1015487,0.30092594,29.936222,0.0,0.0,0.0,0.0,0.0,0,12.906813,10.058347,0.0,0.6711069,7.1067004,6.389987,0.0,0.87893385,0.0,0.0
2,88,89.0,10.0,1.0,1.0,70.0,1.0,1.0,1.0,0.99999654,1.0,-0.0,0.0,-3.4424784e-06,-0.0,0.10228343,4.085171,0.29308516,2.1357908,0.48196936,3.345616,1.0,5.4868016,-4.56091,0.3148148,30.065,0.0,0.0,0.0,0.0,0.0,0,13.2173395,9.480493,0.0,1.093413,7.475257,7.4780965,0.0,0.8996951,0.0,0.0
3,88,89.0,10.0,1.0,1.0,70.0,1.0,1.0,1.0,0.99999624,1.0,-0.0,0.0,-3.7664458e-06,-0.0,0.071456656,3.9863024,0.3441231,2.506403,0.61723536,4.298987,1.0,5.9535794,-4.938498,0.3148148,29.938984,0.0,0.0,0.0,0.0,0.0,0,13.058965,9.618776,0.0,1.1276742,7.538042,8.170493,0.0,1.1624774,0.0,0.0
0,89,90.0,10.0,1.0,1.0,71.0,1.0,1.0,1.0,0.9999956,1.0,-0.0,0.0,-4.425735e-06,-0.0,0.32127815,4.1803803,0.3478583,2.5463705,0.46378094,3.3093877,1.0,4.6862555,-6.0130453,0.3287037,29.885685,0.0,0.0,0.0,0.0,0.0,0,14.671658,10.202865,0.0,2.2059653,8.884725,8.436679,0.0,1.8418461,0.0,0.0
1,89,90.0,10.0,1.0,1.0,71.0,1.0,1.0,1.0,0.999996,1.0,-0.0,0.0,-4.0052423e-06,-0.0,0.24456754,4.0554633,0.2995592,2.4489052,0.541965,3.3842332,1.0,5.1503515,-5.6909566,0.3148148,30.031511,0.0,0.0,0.0,0.0,0.0,0,14.288105,10.066112,0.0,1.078073,8.93959,6.895106,0.0,0.49498355,0.0,0.0
2,89,90.0,10.0,1.0,1.0,71.0,1.0,1.0,1.0,0.99999595,1.0,-0.0,0.0,-4.0492846e-06,-0.0,0.24711695,4.052752,0.2871782,2.13689,0.51172173,3.638813,1.0,5.196595,-5.691022,0.3287037,30.136166,0.0,0.0,0.0,0.0,0.0,0,13.878089,9.397215,0.0,1.5595675,9.07833,7.73308,0.0,0.6161227,0.0,0.0
3,89,90.0,10.0,1.0,1.0,71.0,1.0,1.0,1.0,0.99999547,1.0,-0.0,0.0,-4.5546e-06,-0.0,0.2601208,3.9369545,0.31976244,2.309749,0.6795129,4.729929,1.0,5.6112247,-5.672961,0.3287037,30.036556,0.0,0.0,0.0,0.0,0.0,0,13.850037,9.473578,0.0,1.6526129,8.848139,8.195845,0.0,1.030032,0.0,0.0
0,90,91.0,10.0,1.0,1.0,72.0,1.0,1.0,1.0,0.9999939,1.0,-0.0,0.0,-6.055236e-06,-0.0,0.15271214,4.278575,0.31723544,2.1529465,0.4680419,3.3544955,1.0,5.191842,-1.7119013,0.3287037,30.095387,0.0,0.0,0.0,0.0,0.0,0,12.924282,9.453813,0.0,0.71017295,8.98622,8.493638,0.0,1.0115396,0.0,0.0
1,90,91.0,10.0,1.0,1.0,72.0,1.0,1.0,1.0,0.9999945,1.0,-0.0,0.0,-5.484967e-06,-0.0,0.32235122,4.120117,0.29604876,2.392971,0.53276193,3.218736,1.0,4.772657,-0.44711864,0.3148148,30.202261,0.0,0.0,0.0,0.0,0.0,0,14.11227,10.81773,0.0,0.82726336,8.434495,7.2754216,0.0,0.9365148,0.0,0.0
2,90,91.0,10.0,1.0,1.0,72.0,1.0,1.0,1.0,0.9999952,1.0,-0.0,0.0,-4.850792e-06,-0.0,0.29025003,4.1122923,0.2874574,2.1522193,0.51665163,3.5424504,1.0,5.1950107,-0.83572793,0.3287037,30.296146,0.0,0.0,0.0,0.0,0.0,0,13.068085,9.517972,0.0,1.2970834,8.121649,7.8875117,0.0,0.9413899,0.0,0.0
3,90,91.0,10.0,1.0,1.0,72.0,1.0,1.0,1.0,0.9999952,1.0,-0.0,0.0,-4.821471e-06,-0.0,0.26812628,3.9922893,0.32709584,2.3981986,0.6638098,4.5526447,1.0,5.5173965,-1.1001266,0.3287037,30.194166,0.0,0.0,0.0,0.0,0.0,0,14.29033,10.40245,0.0,1.4463382,8.656154,8.609369,0.0,1.3629546,0.0,0.0
0,91,92.0,10.0,1.0,1.0,73.0,1.0,1.0,1.0,0.99999607,1.0,-0.0,0.0,-3.9061565e-06,-0.0,0.3018491,4.216223,0.32146737,2.4428248,0.48547232,3.36242,1.0,4.8750377,-5.344727,0.3287037,30.48844,0.0,0.0,0.0,0.0,0.0,0,14.571349,10.393943,0.0,1.60008,8.358538,8.545986,0.0,1.6618654,0.0,0.0
1,91,92.0,10.0,1.0,1.0,73.0,1.0,1.0,1.0,0.9999954,1.0,-0.0,0.0,-4.562811e-06,-0.0,0.25740004,4.0494657,0.30207804,2.4613395,0.5524483,3.3698616,1.0,5.1152325,-5.6711564,0.31944445,30.553282,0.0,0.0,0.0,0.0,0.0,0,13.81498,10.235352,0.0,0.750027,8.649937,6.920347,0.0,0.44213396,0.0,0.0
2,91,92.0,10.0,1.0,1.0,73.0,1.0,1.0,1.0,0.99999505,1.0,-0.0,0.0,-4.922058e-06,-0.0,0.27915296,4.037652,0.2874651,2.1576676,0.5398737,3.8807523,1.0,5.5115685,-5.620031,0.3287037,30.654833,0.0,0.0,0.0,0.0,0.0,0,13.687532,9.465951,0.0,1.5019816,9.131087,7.8602886,0.0,0.613702,0.0,0.0
3,91,92.0,10.0,1.0,1.0,73.0,1.0,1.0,1.0,0.9999954,1.0,-0.0,0.0,-4.5827937e-06,-0.0,0.27150977,3.915957,0.32784578,2.3834658,0.6701014,4.952139,1.0,5.7861123,-5.681505,0.33333334,30.597643,0.0,0.0,0.0,0.0,0.0,0,13.851368,9.59127,0.0,1.6665988,8.809367,8.569433,0.0,0.5142044,0.0,0.0
0,92,93.0,10.0,1.0,1.0,74.0,1.0,1.0,1.0,0.9999916,1.0,-0.0,0.0,-8.409271e-06,-0.0,0.2026731,4.3014107,0.30660412,2.1514916,0.49173585,3.3638167,1.0,5.652427,-5.0018096,0.3287037,30.937502,0.0,0.0,0.0,0.0,0.0,0,12.904279,9.421339,0.0,0.8773266,9.029647,8.540014,0.0,1.1722523,0.0,0.0
1,92,93.0,10.0,1.0,1.0,74.0,1.0,1.0,1.0,0.99999267,1.0,-0.0,0.0,-7.331582e-06,-0.0,0.07932726,4.104359,0.2972139,2.3104267,0.55449593,3.2308724,1.0,5.038978,-4.197508,0.31944445,31.068796,0.0,0.0,0.0,0.0,0.0,0,16.529144,13.410693,0.0,0.32865122,6.93559,7.239405,0.0,1.1284536,0.0,0.0
2,92,93.0,10.0,1.0,1.0,74.0,1.0,1.0,1.0,0.99999154,1.0,-0.0,0.0,-8.455952e-06,-0.0,0.13124123,4.1275644,0.2926285,2.165634,0.5378043,3.6732852,1.0,5.7614326,-4.863862,0.3287037,31.148859,0.0,0.0,0.0,0.0,0.0,0,12.70198,9.3788595,0.0,1.0802844,8.398815,7.9561777,0.0,1.0928494,0.0,0.0
3,92,93.0,10.0,1.0,1.0,74.0,1.0,1.0,1.0,0.99999315,1.0,-0.0,0.0,-6.8448685e-06,-0.0,0.1188023,4.0062385,0.33749294,2.4180262,0.6454072,4.9194627,1.0,5.962035,-4.7267566,0.33333334,31.125969,0.0,0.0,0.0,0.0,0.0,0,13.455173,10.008854,0.0,1.184526,8.068919,8.323943,0.0,0.89549845,0.0,0.0
0,93,94.0,10.0,1.0,1.0,75.0,1.0,1.0,1.0,0.99999475,1.0,-0.0,0.0,-5.26767e-06,-0.0,0.26082063,4.167807,0.30139935,2.1084967,0.5086876,3.3749683,1.0,6.038159,-5.6309643,0.33333334,31.370937,0.0,0.0,0.0,0.0,0.0,0,13.753365,9.495963,0.0,0.9299116,9.456554,8.500009,0.0,0.94841486,0.0,0.0
1,93,94.0,10.0,1.0,1.0,75.0,1.0,1.0,1.0,0.9999947,1.0,-0.0,0.0,-5.3089734e-06,-0.0,0.18826313,4.009323,0.3108133,2.682593,0.5719577,3.2439294,1.0,5.833983,-5.8079233,0.3287037,31.418858,0.0,0.0,0.0,0.0,0.0,0,13.943873,10.461621,0.0,0.75679094,8.265173,7.0112476,0.0,1.0485843,0.0,0.0
2,93,94.0,10.0,1.0,1.0,75.0,1.0,1.0,1.0,0.99999404,1.0,-0.0,0.0,-5.9430477e-06,-0.0,0.19206536,4.0182285,0.29644418,2.1728504,0.5516321,3.725132,1.0,6.149149,-5.7821383,0.33333334,31.5925,0.0,0.0,0.0,0.0,0.0,0,13.1447115,9.037452,0.0,1.6923474,9.078289,7.8804626,0.0,0.93007463,0.0,0.0
3,93,94.0,10.0,1.0,1.0,75.0,1.0,1.0,1.0,0.9994173,1.0,-0.0,0.0,-5.8450787e-06,-0.00057688064,0.1876196,3.9007692,0.34524226,2.509212,0.6399205,5.034612,0.0,6.403523,-5.8112407,0.33333334,31.589245,0.0,0.0,0.0,0.0,0.0,0,13.572332,9.565241,0.0,1.4171674,8.650138,8.483104,0.0,0.7233369,0.0,0.0
0,94,95.0,10.0,1.0,1.0,76.0,1.0,1.0,1.0,0.99999374,1.0,-0.0,0.0,-6.244773e-06,-0.0,0.28672254,4.142772,0.3079617,2.0455632,0.52397317,3.4205844,1.0,6.324837,-5.5328684,0.33333334,31.809988,0.0,0.0,0.0,0.0,0.0,0,12.987851,9.402116,0.0,0.32335734,8.353444,8.913871,0.0,0.90064037,0.0,0.0
1,94,95.0,10.0,1.0,1.0,76.0,1.0,1.0,1.0,0.99999434,1.0,-0.0,0.0,-5.670661e-06,-0.0,0.20395908,3.9689069,0.31295708,2.6936586,0.5910273,3.331078,1.0,5.8662157,-5.5545273,0.3287037,31.861664,0.0,0.0,0.0,0.0,0.0,0,13.578416,10.474381,0.0,0.616912,8.016113,7.2921844,0.0,1.429497,0.0,0.0
2,94,95.0,10.0,1.0,1.0,76.0,1.0,1.0,1.0,0.99999356,1.0,-0.0,0.0,-6.4337646e-06,-0.0,0.22500288,3.9988172,0.29908437,2.1685236,0.56536806,3.8755043,1.0,6.2340717,-5.647959,0.33333334,32.036755,0.0,0.0,0.0,0.0,0.0,0,13.246686,9.414837,0.0,1.1333085,8.955407,8.1023,0.0,1.5496385,0.0,0.0
3,94,95.0,10.0,1.0,1.0,76.0,1.0,1.0,1.0,0.9995183,1.0,-0.0,0.0,-6.0004554e-06,-0.0004757298,0.21038242,3.8855524,0.3362641,2.4014602,0.6423491,5.0285435,0.0,6.232625,-5.7456994,0.33333334,32.05153,0.0,0.0,0.0,0.0,0.0,0,13.286949,9.623483,0.0,1.4874707,8.07657,8.345884,0.0,1.4255999,0.0,0.0
0,95,96.0,10.0,1.0,1.0,77.0,1.0,1.0,1.0,0.9999943,1.0,-0.0,0.0,-5.733239e-06,-0.0,0.23141839,4.116681,0.30747354,2.044415,0.5400854,3.3980832,1.0,6.4064927,-5.007992,0.33333334,32.357475,0.0,0.0,0.0,0.0,0.0,0,13.187187,9.501806,0.0,0.37697992,8.386003,8.539945,0.0,1.0302659,0.0,0.0
1,95,96.0,10.0,1.0,1.0,77.0,1.0,1.0,1.0,0.9999945,1.0,-0.0,0.0,-5.478566e-06,-0.0,0.17354506,3.943652,0.31885734,2.7454667,0.59966016,3.3126974,1.0,6.044648,-5.5418963,0.3287037,32.427986,0.0,0.0,0.0,0.0,0.0,0,14.704164,11.3952055,0.0,0.52741086,8.452516,8.40695,0.0,1.5197598,0.0,0.0
2,95,96.0,10.0,1.0,1.0,77.0,1.0,1.0,1.0,0.99999475,1.0,-0.0,0.0,-5.272663e-06,-0.0,0.1923224,3.9859958,0.30424076,2.2032573,0.573294,3.8332596,1.0,6.447527,-5.6859517,0.33333334,32.59028,0.0,0.0,0.0,0.0,0.0,0,13.150933,9.440776,0.0,1.1205779,8.332007,8.179401,0.0,1.4494697,0.0,0.0
3,95,96.0,10.0,1.0,1.0,77.0,1.0,1.0,1.0,0.9996177,1.0,-0.0,0.0,-5.25928e-06,-0.00037706914,0.1708554,3.8844037,0.34286255,2.4651525,0.6430656,5.0226235,0.0,6.386905,-5.6600256,0.33333334,32.611095,0.0,0.0,0.0,0.0,0.0,0,13.133825,9.47674,0.0,1.4880459,8.062101,8.434929,0.0,1.3357145,0.0,0.0
0,96,97.0,10.0,1.0,1.0,78.0,1.0,1.0,1.0,0.9999937,1.0,-0.0,0.0,-6.2946974e-06,-0.0,0.2781069,4.0531363,0.3085103,2.0282712,0.55534345,3.462889,1.0,6.4351373,-5.359551,0.33333334,32.916183,0.0,0.0,0.0,0.0,0.0,0,13.284693,9.3110895,0.0,0.5506939,8.800731,8.622847,0.0,1.3209344,0.0,0.0
1,96,97.0,10.0,1.0,1.0,78.0,1.0,1.0,1.0,0.9999945,1.0,-0.0,0.0,-5.45516e-06,-0.0,0.22173375,3.892003,0.33109716,2.9401383,0.6316898,3.651698,1.0,6.329516,-5.5635424,0.3287037,32.956005,0.0,0.0,0.0,0.0,0.0,0,13.734429,10.621972,0.0,0.44592753,7.6932745,8.342558,0.0,1.1880193,0.0,0.0
2,96,97.0,10.0,1.0,1.0,78.0,1.0,1.0,1.0,0.99999475,1.0,-0.0,0.0,-5.2210353e-06,-0.0,0.20260327,3.9345655,0.30276716,2.167079,0.5908715,4.0328956,1.0,6.3775043,-5.3951035,0.33333334,33.14626,0.0,0.0,0.0,0.0,0.0,0,13.186801,9.597695,0.0,1.1435499,8.328409,8.040883,0.0,1.0670077,0.0,0.0
3,96,97.0,10.0,1.0,1.0,78.0,1.0,1.0,1.0,0.99608105,1.0,-0.0,0.0,-5.306544e-06,-0.003913656,0.19917655,3.8528855,0.3437779,2.4626112,0.65499663,5.234819,0.0,6.408115,-5.5552273,0.33333334,33.166443,0.0,0.0,0.0,0.0,0.0,0,13.411157,9.58931,0.0,1.6026508,8.1910715,8.500874,0.0,0.85824734,0.0,0.0
0,97,98.0,10.0,1.0,1.0,79.0,1.0,1.0,1.0,0.99999344,1.0,-0.0,0.0,-6.573139e-06,-0.0,0.24295208,3.9922924,0.31374326,2.0081036,0.5762571,3.613339,1.0,6.5477505,-5.2422023,0.33333334,33.465008,0.0,0.0,0.0,0.0,0.0,0,13.4259405,9.444352,0.0,0.6589874,8.556057,8.480237,0.0,0.8641895,0.0,0.0
1,97,98.0,10.0,1.0,1.0,79.0,1.0,1.0,1.0,0.999994,1.0,-0.0,0.0,-5.9997233e-06,-0.0,0.16738084,3.8028464,0.3078595,2.6378684,0.6488651,3.6928394,1.0,5.9340887,-5.1137004,0.3287037,33.504887,0.0,0.0,0.0,0.0,0.0,0,14.160095,10.65362,0.0,0.67371374,7.724376,7.034696,0.0,1.1807257,0.0,0.0
2,97,98.0,10.0,1.0,1.0,79.0,1.0,1.0,1.0,0.99999464,1.0,-0.0,0.0,-5.386711e-06,-0.0,0.18030685,3.8757,0.30545846,2.15549,0.6074225,4.197076,1.0,6.3460984,-5.3650327,0.33333334,33.69198,0.0,0.0,0.0,0.0,0.0,0,13.043412,9.44137,0.0,1.3270966,8.483532,8.224182,0.0,1.2859375,0.0,0.0
3,97,98.0,10.0,1.0,1.0,79.0,1.0,1.0,1.0,0.99307895,1.0,-0.0,0.0,-5.3513313e-06,-0.0069156946,0.17291829,3.8012023,0.34636357,2.422554,0.65904754,5.4149413,0.0,6.3579826,-5.5198727,0.33333334,33.73941,0.0,0.0,0.0,0.0,0.0,0,13.826088,9.923608,0.0,1.3284144,8.273151,8.711962,0.0,1.6862005,0.0,0.0
0,98,99.0,10.0,1.0,1.0,80.0,1.0,1.0,1.0,0.99999493,1.0,-0.0,0.0,-5.0428143e-06,-0.0,0.20968765,3.9014916,0.3101527,2.05015,0.60034305,3.921488,1.0,6.237436,-5.1749506,0.33333334,34.069485,0.0,0.0,0.0,0.0,0.0,0,13.444391,9.600402,0.0,1.1261413,8.255535,8.717534,0.0,1.5594786,0.0,0.0
1,98,99.0,10.0,1.0,1.0,80.0,1.0,1.0,1.0,0.99999475,1.0,-0.0,0.0,-5.2374808e-06,-0.0,0.13618208,3.7223632,0.2913496,2.3818235,0.67092603,3.9964309,1.0,5.6687,-5.2180624,0.3287037,34.099007,0.0,0.0,0.0,0.0,0.0,0,15.283282,11.508079,0.0,0.9741644,8.525811,8.710881,0.0,1.7951846,0.0,0.0
2,98,99.0,10.0,1.0,1.0,80.0,1.0,1.0,1.0,0.9999953,1.0,-0.0,0.0,-4.687313e-06,-0.0,0.14412645,3.777343,0.29990268,2.093595,0.63976103,4.7322454,1.0,6.3029447,-5.292144,0.33333334,34.2625,0.0,0.0,0.0,0.0,0.0,0,13.196346,9.680692,0.0,1.0947716,8.0375805,8.100722,0.0,1.0182741,0.0,0.0
3,98,99.0,10.0,1.0,1.0,80.0,1.0,1.0,1.0,0.9841225,1.0,-0.0,0.0,-4.8112424e-06,-0.015872668,0.1412034,3.7204273,0.33852148,2.3527265,0.6856243,5.9523597,0.0,6.3827596,-5.463768,0.33333334,34.32805,0.0,0.0,0.0,0.0,0.0,0,13.762924,9.837522,0.0,1.4266754,8.046689,8.734215,0.0,0.8382639,0.0,0.0
0,99,100.0,10.0,1.0,1.0,81.0,1.0,1.0,1.0,0.999995,1.0,-0.0,0.0,-5.0000317e-06,-0.0,0.19116569,3.7757988,0.3099857,1.9739013,0.6218102,4.474068,1.0,6.77772,-5.277263,0.33333334,34.593193,0.0,0.0,0.0,0.0,0.0,0,13.26342,9.313203,0.0,0.533665,8.355943,8.735242,0.0,1.0651716,0.0,0.0
1,99,100.0,10.0,1.0,1.0,81.0,1.0,1.0,1.0,0.9999958,1.0,-0.0,0.0,-4.156952e-06,-0.0,0.116132945,3.6005147,0.30205098,2.6167154,0.7008256,4.4991946,1.0,6.2060513,-5.1956663,0.3287037,34.600857,0.0,0.0,0.0,0.0,0.0,0,13.707132,10.34654,0.0,0.612828,7.597647,8.296484,0.0,1.0217,0.0,0.0
2,99,100.0,10.0,1.0,1.0,81.0,1.0,1.0,1.0,0.99878335,1.0,-0.0,0.0,-4.588607e-06,-0.0012120598,0.12254119,3.6486382,0.29503012,2.0815969,0.6606684,5.0727234,0.0,6.511653,-5.197199,0.33333334,34.815495,0.0,0.0,0.0,0.0,0.0,0,13.17161,9.482791,0.0,1.3090656,8.277396,8.310576,0.0,1.4896004,0.0,0.0
3,99,100.0,10.0,1.0,1.0,81.0,1.0,1.0,1.0,0.98088026,1.0,-0.0,0.0,-4.6442397e-06,-0.01911506,0.11244323,3.61269,0.32278475,2.207162,0.6983013,6.146903,0.0,6.3604803,-5.258495,0.33333334,34.902374,0.0,0.0,0.0,0.0,0.0,0,13.679128,9.7878275,0.0,1.4770259,8.090737,8.76742,0.0,1.5021358,0.0,0.0
0,100,101.0,10.0,1.0,1.0,82.0,1.0,1.0,1.0,0.9999962,1.0,-0.0,0.0,-3.8197722e-06,-0.0,0.1319969,3.7271485,0.31352794,1.9647602,0.6285929,4.4565353,1.0,6.80233,-4.936142,0.33333334,35.0713,0.0,0.0,0.0,0.0,0.0,0,12.800452,9.0186405,0.0,0.81926805,8.454563,8.82395,0.0,1.0084546,0.0,0.0
1,100,101.0,10.0,1.0,1.0,82.0,1.0,1.0,1.0,0.99999636,1.0,-0.0,0.0,-3.6084757e-06,-0.0,0.08188523,3.5465486,0.315367,2.7391872,0.72182256,4.710689,1.0,6.4306874,-4.9353557,0.3287037,35.066624,0.0,0.0,0.0,0.0,0.0,0,13.572661,10.293549,0.0,0.46449062,7.584082,8.445824,0.0,1.0639799,0.0,0.0
2,100,101.0,10.0,1.0,1.0,82.0,1.0,1.0,1.0,0.9928735,1.0,-0.0,0.0,-3.7983277e-06,-0.007122713,0.07704776,3.591027,0.30726397,2.1269772,0.68677974,5.4273624,0.0,6.883218,-4.873356,0.33333334,35.265247,0.0,0.0,0.0,0.0,0.0,0,13.112018,9.352359,0.0,0.97457075,8.479623,8.230387,0.0,0.9655101,0.0,0.0
3,100,101.0,10.0,1.0,1.0,82.0,1.0,1.0,1.0,0.9766946,1.0,-0.0,0.0,-4.0065347e-06,-0.023301447,0.07828809,3.5694196,0.3504292,2.4705443,0.7241985,6.398086,0.0,6.89819,-5.044421,0.33333334,35.355072,0.0,0.0,0.0,0.0,0.0,0,13.264974,9.697539,0.0,0.9624395,7.8169746,8.746632,0.0,0.7189012,0.0,0.0
0,101,102.0,10.0,1.0,1.0,83.0,1.0,1.0,1.0,0.999996,1.0,-0.0,0.0,-3.9878514e-06,-0.0,0.0635257,3.7325528,0.3187122,1.9655567,0.6315352,4.2695675,1.0,6.8637567,-4.2434464,0.33333334,35.511242,0.0,0.0,0.0,0.0,0.0,0,12.005433,8.712594,0.0,1.1086702,7.205588,7.770117,0.0,0.68514293,0.0,0.0
1,101,102.0,10.0,1.0,1.0,83.0,1.0,1.0,1.0,0.9999961,1.0,-0.0,0.0,-3.86187e-06,-0.0,0.04269164,3.5490036,0.3311279,2.9356086,0.72190005,4.4186053,1.0,6.569547,-4.858997,0.3287037,35.498386,0.0,0.0,0.0,0.0,0.0,0,13.244977,10.104335,0.0,0.5410055,6.938144,8.231799,0.0,0.8822231,0.0,0.0
2,101,102.0,10.0,1.0,1.0,83.0,1.0,1.0,1.0,0.9955606,1.0,-0.0,0.0,-3.836374e-06,-0.0044355816,0.026460364,3.6014397,0.32206556,2.1957843,0.69065744,5.2661343,0.0,6.997538,-4.477378,0.33333334,35.71012,0.0,0.0,0.0,0.0,0.0,0,12.953946,9.372083,0.0,0.9405873,8.062138,8.30233,0.0,0.8104726,0.0,0.0
3,101,102.0,10.0,1.0,1.0,83.0,1.0,1.0,1.0,0.9787711,1.0,-0.0,0.0,-3.857565e-06,-0.021225018,0.040253066,3.583969,0.3689944,2.579356,0.71605104,6.2735004,0.0,6.9546866,-4.9413366,0.33796296,35.809933,0.0,0.0,0.0,0.0,0.0,0,13.7181,9.73986,0.0,1.0417097,7.6455398,8.774674,0.0,0.58558375,0.0,0.0
0,102,103.0,10.0,1.0,1.0,84.0,1.0,1.0,1.0,0.99999636,1.0,-0.0,0.0,-3.6089566e-06,-0.0,0.016746111,3.7006218,0.32167137,1.9707267,0.63270015,4.1280537,1.0,6.84785,-3.709562,0.33333334,35.879196,0.0,0.0,0.0,0.0,0.0,0,13.09544,9.274091,0.0,1.0112443,7.674472,8.17216,0.0,0.62915653,0.0,0.0
1,102,103.0,10.0,1.0,1.0,84.0,1.0,1.0,1.0,0.9999964,1.0,-0.0,0.0,-3.6056235e-06,-0.0,0.003998168,3.5078871,0.33181155,2.923585,0.7242257,4.2416053,1.0,6.553109,-4.33692,0.3287037,35.857357,0.0,0.0,0.0,0.0,0.0,0,13.366304,10.117944,0.0,0.57777333,7.0455523,8.161962,0.0,0.7269172,0.0,0.0
2,102,103.0,10.0,1.0,1.0,84.0,1.0,1.0,1.0,0.99835056,1.0,-0.0,0.0,-3.7659213e-06,-0.0016456842,0.009898841,3.5553105,0.32648683,2.2092884,0.6935983,5.0987406,0.0,7.059303,-4.1189303,0.33333334,36.076134,0.0,0.0,0.0,0.0,0.0,0,12.670159,9.213073,0.0,0.8974866,7.7517858,8.010954,0.0,0.6899355,0.0,0.0
3,102,103.0,10.0,1.0,1.0,84.0,1.0,1.0,1.0,0.9804953,1.0,-0.0,0.0,-3.9797264e-06,-0.019500758,0.0023284927,3.5479016,0.3725236,2.585721,0.713519,6.170045,0.0,6.989264,-4.4970417,0.33796296,36.185192,0.0,0.0,0.0,0.0,0.0,0,13.689216,9.71513,0.0,0.9853753,7.577076,8.799913,0.0,0.50652206,0.0,0.0
0,103,104.0,10.0,1.0,1.0,85.0,1.0,1.0,1.0,0.9999966,1.0,-0.0,0.0,-3.4172383e-06,-0.0,0.03742613,3.6738806,0.3242024,1.9790496,0.63573366,3.99976,1.0,6.8300114,-2.9791946,0.33333334,36.152275,0.0,0.0,0.0,0.0,0.0,0,13.210277,9.29723,0.0,0.19858047,7.8864875,8.295271,0.0,0.59764403,0.0,0.0
1,103,104.0,10.0,1.0,1.0,85.0,1.0,1.0,1.0,0.99999666,1.0,-0.0,0.0,-3.3444564e-06,-0.0,0.051366165,3.4832537,0.33531418,2.9160788,0.7296511,4.1012273,1.0,6.5570283,-3.6890154,0.33333334,36.127247,0.0,0.0,0.0,0.0,0.0,0,13.387924,10.315172,0.0,0.6401593,6.8447447,8.326407,0.0,0.66817504,0.0,0.0
2,103,104.0,10.0,1.0,1.0,85.0,1.0,1.0,1.0,0.9999962,1.0,-0.0,0.0,-3.7992095e-06,-0.0,0.03645327,3.5205114,0.3334147,2.2555702,0.6974176,4.930749,1.0,7.169626,-3.7758033,0.33333334,36.34348,0.0,0.0,0.0,0.0,0.0,0,13.020857,9.341908,0.0,1.050182,7.8104763,7.8348327,0.0,0.5923726,0.0,0.0
3,103,104.0,10.0,1.0,1.0,85.0,1.0,1.0,1.0,0.9818671,1.0,-0.0,0.0,-3.5337184e-06,-0.018129421,0.05285293,3.531827,0.37508956,2.594485,0.7095338,6.0877647,0.0,6.981289,-3.8097072,0.33796296,36.462364,0.0,0.0,0.0,0.0,0.0,0,13.677477,9.702932,0.0,0.978311,7.571397,8.857913,0.0,0.430722,0.0,0.0
0,104,105.0,10.0,1.0,1.0,86.0,1.0,1.0,1.0,0.9999964,1.0,-0.0,0.0,-3.6020501e-06,-0.0,0.15917681,3.5539956,0.32511202,1.9920588,0.63695055,3.8422344,1.0,6.6535764,-1.6912352,0.33333334,36.174946,0.0,0.0,0.0,0.0,0.0,0,13.286838,9.247509,0.0,0.19079232,7.966029,8.024886,0.0,0.5872466,0.0,0.0
1,104,105.0,10.0,1.0,1.0,86.0,1.0,1.0,1.0,0.9999966,1.0,-0.0,0.0,-3.389171e-06,-0.0,0.1759328,3.3609855,0.3354766,2.9211745,0.7338631,3.9443786,1.0,6.38887,-2.3268013,0.33333334,36.147232,0.0,0.0,0.0,0.0,0.0,0,13.435169,10.13319,0.0,0.5923483,7.028773,7.9789352,0.0,0.5834078,0.0,0.0
2,104,105.0,10.0,1.0,1.0,86.0,1.0,1.0,1.0,0.99999654,1.0,-0.0,0.0,-3.4650197e-06,-0.0,0.15887377,3.4096646,0.33431542,2.256264,0.69737095,4.745627,1.0,6.9916773,-2.4598389,0.33333334,36.35125,0.0,0.0,0.0,0.0,0.0,0,13.035313,9.375523,0.0,0.96908987,7.890384,7.628003,0.0,0.6207607,0.0,0.0
3,104,105.0,10.0,1.0,1.0,86.0,1.0,1.0,1.0,0.98338115,1.0,-0.0,0.0,-3.499038e-06,-0.016615339,0.17800443,3.4267948,0.3774642,2.6032195,0.71157664,5.9969196,0.0,6.7929525,-2.4246798,0.33796296,36.501007,0.0,0.0,0.0,0.0,0.0,0,13.465854,9.676034,0.0,0.97606087,7.66434,8.937271,0.0,0.3442882,0.0,0.0
0,105,106.0,10.0,1.0,1.0,87.0,1.0,1.0,1.0,0.9999965,1.0,-0.0,0.0,-3.4973966e-06,-0.0,0.034299865,3.7210114,0.3254039,1.9857618,0.6383746,3.7723258,1.0,6.477626,-2.6824288,0.33333334,36.40349,0.0,0.0,0.0,0.0,0.0,0,13.399645,9.363821,0.0,0.009967778,8.08216,8.161829,0.0,0.5466807,0.0,0.0
1,105,106.0,10.0,1.0,1.0,87.0,1.0,1.0,1.0,0.9999968,1.0,-0.0,0.0,-3.2364387e-06,-0.0,0.054999255,3.5330613,0.3329909,2.895606,0.7334189,3.8446782,1.0,6.2009625,-3.292771,0.33333334,36.37783,0.0,0.0,0.0,0.0,0.0,0,13.379598,10.112958,0.0,0.59938776,7.129966,7.856549,0.0,0.5282005,0.0,0.0
2,105,106.0,10.0,1.0,1.0,87.0,1.0,1.0,1.0,0.9999967,1.0,-0.0,0.0,-3.2813723e-06,-0.0,0.059806183,3.5876658,0.32985747,2.2262294,0.69984674,4.6913705,1.0,6.746338,-3.0981507,0.33333334,36.577435,0.0,0.0,0.0,0.0,0.0,0,13.194987,9.434304,0.0,1.0747631,7.990017,7.6919775,0.0,0.547152,0.0,0.0
3,105,106.0,10.0,1.0,1.0,87.0,1.0,1.0,1.0,0.98619545,1.0,-0.0,0.0,-3.4952166e-06,-0.013801066,0.07585846,3.6140506,0.3759735,2.5772307,0.74304783,5.8280635,0.0,6.5929675,-3.0812063,0.3425926,36.716778,0.0,0.0,0.0,0.0,0.0,0,13.488684,9.676636,0.0,0.9409155,7.7084627,8.312015,0.0,0.5978529,0.0,0.0
0,106,107.0,10.0,1.0,1.0,88.0,1.0,1.0,1.0,0.9999969,1.0,-0.0,0.0,-3.0737672e-06,-0.0,0.20526591,3.8876708,0.32623577,1.9920588,0.6449549,3.6495535,1.0,6.5868073,-1.6736407,0.33333334,36.43294,0.0,0.0,0.0,0.0,0.0,0,12.757847,9.055015,0.0,0.5437453,7.7023826,7.872188,0.0,0.46848506,0.0,0.0
1,106,107.0,10.0,1.0,1.0,88.0,1.0,1.0,1.0,0.9999969,1.0,-0.0,0.0,-3.128917e-06,-0.0,0.2512358,3.6981425,0.33111307,2.8711736,0.7365358,3.7590213,1.0,6.170409,-1.8616766,0.33333334,36.406284,0.0,0.0,0.0,0.0,0.0,0,13.244124,9.98571,0.0,0.56273526,6.968688,7.8832183,0.0,0.5174364,0.0,0.0
2,106,107.0,10.0,1.0,1.0,88.0,1.0,1.0,1.0,0.99999684,1.0,-0.0,0.0,-3.1436834e-06,-0.0,0.25617126,3.7635732,0.32876348,2.1925738,0.7032796,4.6044555,1.0,6.7072697,-1.6602334,0.33333334,36.60743,0.0,0.0,0.0,0.0,0.0,0,13.137653,9.221524,0.0,0.98602474,8.030103,7.7588077,0.0,0.5180632,0.0,0.0
3,106,107.0,10.0,1.0,1.0,88.0,1.0,1.0,1.0,0.98798555,1.0,-0.0,0.0,-3.3585404e-06,-0.012011129,0.26324317,3.7786293,0.37499693,2.5485218,0.74578285,5.7206674,0.0,6.597338,-1.8441491,0.3425926,36.749157,0.0,0.0,0.0,0.0,0.0,0,13.569706,9.638365,0.0,0.95950973,7.52136,8.483015,0.0,0.33877477,0.0,0.0
0,107,108.0,10.0,1.0,1.0,89.0,1.0,1.0,1.0,0.99999666,1.0,-0.0,0.0,-3.3478698e-06,-0.0,0.021803752,3.6197722,0.32854408,2.0131645,0.6456791,3.613122,1.0,6.6658273,-4.175391,0.33796296,37.080254,0.0,0.0,0.0,0.0,0.0,0,12.751822,9.009437,0.0,0.5403392,7.648547,7.4482994,0.0,0.52361614,0.0,0.0
1,107,108.0,10.0,1.0,1.0,89.0,1.0,1.0,1.0,0.99999654,1.0,-0.0,0.0,-3.4563589e-06,-0.0,0.0469286,3.420359,0.3312114,2.877709,0.7310118,3.675416,1.0,6.238379,-4.5690203,0.33796296,37.07046,0.0,0.0,0.0,0.0,0.0,0,13.27101,10.02655,0.0,0.5366471,6.991778,7.3546395,0.0,0.5114804,0.0,0.0
2,107,108.0,10.0,1.0,1.0,89.0,1.0,1.0,1.0,0.99999595,1.0,-0.0,0.0,-4.071724e-06,-0.0,0.06665196,3.4854524,0.32948372,2.2075164,0.7025053,4.5335174,1.0,6.7850084,-4.116673,0.33796296,37.25495,0.0,0.0,0.0,0.0,0.0,0,12.868557,9.211485,0.0,0.9431731,7.7665296,7.186729,0.0,0.63135153,0.0,0.0
3,107,108.0,10.0,1.0,1.0,89.0,1.0,1.0,1.0,0.9887643,1.0,-0.0,0.0,-3.4262098e-06,-0.011232331,0.05747117,3.526146,0.37970775,2.5817826,0.74510634,5.673939,0.0,6.730097,-4.5836754,0.3472222,37.41135,0.0,0.0,0.0,0.0,0.0,0,13.349846,9.57728,0.0,0.7703639,7.565763,7.789477,0.0,0.36555767,0.0,0.0
0,108,109.0,10.0,1.0,1.0,90.0,1.0,1.0,1.0,0.9999963,1.0,-0.0,0.0,-3.6867914e-06,-0.0,0.08951686,3.729217,0.33027506,2.0371277,0.64830357,3.549074,1.0,6.64762,-4.0001783,0.33796296,37.305256,0.0,0.0,0.0,0.0,0.0,0,12.65566,8.983038,0.0,0.52041024,7.8038206,7.8406286,0.0,0.4005424,0.0,0.0
1,108,109.0,10.0,1.0,1.0,90.0,1.0,1.0,1.0,0.99999636,1.0,-0.0,0.0,-3.6069505e-06,-0.0,0.10788571,3.5265179,0.3305247,2.8855865,0.7294553,3.5826616,1.0,6.1955543,-4.619945,0.33796296,37.297855,0.0,0.0,0.0,0.0,0.0,0,13.11417,9.933801,0.0,0.52268404,7.090691,7.555607,0.0,0.34067455,0.0,0.0
2,108,109.0,10.0,1.0,1.0,90.0,1.0,1.0,1.0,0.9999957,1.0,-0.0,0.0,-4.302549e-06,-0.0,0.10451004,3.5960634,0.33558875,2.2472262,0.70445144,4.486823,1.0,6.867499,-4.386779,0.33796296,37.470444,0.0,0.0,0.0,0.0,0.0,0,12.848584,9.143515,0.0,1.0143522,8.094925,7.697609,0.0,0.44246313,0.0,0.0
3,108,109.0,10.0,1.0,1.0,90.0,1.0,1.0,1.0,0.9901965,1.0,-0.0,0.0,-3.374172e-06,-0.009800098,0.11233576,3.6366708,0.38104597,2.5908623,0.74594605,5.5880055,0.0,6.7225747,-4.736863,0.3472222,37.634434,0.0,0.0,0.0,0.0,0.0,0,12.9773655,9.504003,0.0,0.7042974,7.633137,8.093364,0.0,0.24594498,0.0,0.0
0,109,110.0,10.0,1.0,1.0,91.0,1.0,1.0,1.0,0.9999966,1.0,-0.0,0.0,-3.3963527e-06,-0.0,0.09988211,3.7229187,0.33279523,2.0589123,0.65219676,3.544218,1.0,6.5777206,-4.5894923,0.33796296,37.691956,0.0,0.0,0.0,0.0,0.0,0,12.74962,8.947108,0.0,0.0,7.906842,7.8220215,0.0,0.44690228,0.0,0.0
1,109,110.0,10.0,1.0,1.0,91.0,1.0,1.0,1.0,0.99999654,1.0,-0.0,0.0,-3.4379827e-06,-0.0,0.12436211,3.521626,0.32969582,2.887214,0.7329273,3.5611842,1.0,6.0768313,-5.1868596,0.33796296,37.68055,0.0,0.0,0.0,0.0,0.0,0,12.524255,9.657666,0.0,0.45702305,7.007044,7.3912406,0.0,0.40227273,0.0,0.0
2,109,110.0,10.0,1.0,1.0,91.0,1.0,1.0,1.0,0.9999965,1.0,-0.0,0.0,-3.534945e-06,-0.0,0.12821294,3.5815272,0.33191904,2.2402492,0.7103411,4.509276,1.0,6.7756944,-4.8307834,0.33796296,37.86303,0.0,0.0,0.0,0.0,0.0,0,12.466599,8.9991665,0.0,0.9934193,7.7988667,7.272714,0.0,0.48118582,0.0,0.0
3,109,110.0,10.0,1.0,1.0,91.0,1.0,1.0,1.0,0.9908387,1.0,-0.0,0.0,-3.2734024e-06,-0.009158003,0.121762976,3.6292243,0.38149753,2.5987053,0.7507428,5.54948,0.0,6.645378,-5.4486375,0.3472222,38.021454,0.0,0.0,0.0,0.0,0.0,0,12.902576,9.476584,0.0,0.6734282,7.5818634,7.9226046,0.0,0.28579757,0.0,0.0
0,110,111.0,10.0,1.0,1.0,92.0,1.0,1.0,1.0,0.99999654,1.0,-0.0,0.0,-3.4499633e-06,-0.0,0.54272825,3.7029617,0.3295569,2.057391,0.66198546,3.508255,1.0,6.2573643,0.10426529,0.33796296,38.237724,0.0,0.0,0.0,0.0,0.0,0,13.200156,9.252945,0.0,0.0,8.870535,8.06846,0.0,0.34583735,0.0,0.0
1,110,111.0,10.0,1.0,1.0,92.0,1.0,1.0,1.0,0.99999654,1.0,-0.0,0.0,-3.4400814e-06,-0.0,0.5076833,3.527214,0.35777324,3.111651,0.7383311,3.5715005,1.0,6.066112,-1.3848524,0.33796296,38.205444,0.0,0.0,0.0,0.0,0.0,0,13.030071,9.938819,0.0,0.52914304,7.555787,7.666702,0.0,0.3573948,0.0,0.0
2,110,111.0,10.0,1.0,1.0,92.0,1.0,1.0,1.0,0.9999965,1.0,-0.0,0.0,-3.5136559e-06,-0.0,0.52680224,3.590281,0.35747534,2.402112,0.7138683,4.5366244,1.0,6.6842775,-0.7458087,0.33796296,38.383617,0.0,0.0,0.0,0.0,0.0,0,12.829873,9.111664,0.0,1.0835011,8.514671,7.5705314,0.0,0.50878936,0.0,0.0
3,110,111.0,10.0,1.0,1.0,92.0,1.0,1.0,1.0,0.99108344,1.0,-0.0,0.0,-3.4420998e-06,-0.008913119,0.5739164,3.6130483,0.3861266,2.6316297,0.7578105,5.5347867,0.0,6.261279,-0.5574571,0.3472222,38.55814,0.0,0.0,0.0,0.0,0.0,0,13.225229,9.447358,0.0,0.90966773,8.107864,7.964588,0.0,0.3050657,0.0,0.0
0,111,112.0,10.0,1.0,1.0,93.0,1.0,1.0,1.0,0.9999946,1.0,-0.0,0.0,-5.409966e-06,-0.0,0.55435485,3.6929865,0.32804322,2.0823488,0.67108774,3.4633412,1.0,6.1667547,1.1101551,0.33796296,38.760098,0.0,0.0,0.0,0.0,0.0,0,12.626315,8.9324875,0.0,0.49360046,8.112279,7.5089984,0.0,0.50352067,0.0,0.0
1,111,112.0,10.0,1.0,1.0,93.0,1.0,1.0,1.0,0.99999535,1.0,-0.0,0.0,-4.6385003e-06,-0.0,0.52556396,3.5252619,0.3560993,3.0823312,0.7469961,3.5486324,1.0,6.029158,-0.5375538,0.33796296,38.719784,0.0,0.0,0.0,0.0,0.0,0,12.972188,9.765172,0.0,0.40306938,7.672979,7.596134,0.0,0.45281678,0.0,0.0
2,111,112.0,10.0,1.0,1.0,93.0,1.0,1.0,1.0,0.99999547,1.0,-0.0,0.0,-4.5497704e-06,-0.0,0.5516272,3.583305,0.35398108,2.3673196,0.71904147,4.495365,1.0,6.61509,0.25568902,0.33796296,38.90293,0.0,0.0,0.0,0.0,0.0,0,12.757407,9.1056185,0.0,0.90636766,8.237056,7.4811144,0.0,0.58156705,0.0,0.0
3,111,112.0,10.0,1.0,1.0,93.0,1.0,1.0,1.0,0.9918915,1.0,-0.0,0.0,-5.297218e-06,-0.008103209,0.5735207,3.610668,0.38430023,2.6113255,0.7639897,5.486192,0.0,6.256079,0.056339428,0.3472222,39.074146,0.0,0.0,0.0,0.0,0.0,0,13.200341,9.486764,0.0,0.81835616,7.922551,7.8721433,0.0,0.32567134,0.0,0.0
0,112,113.0,10.0,1.0,1.0,94.0,1.0,1.0,1.0,0.99999547,1.0,-0.0,0.0,-4.5205566e-06,-0.0,0.53386617,3.7370224,0.36237007,2.2167163,0.6722164,3.3937035,1.0,6.7690916,1.1637397,0.33796296,39.320602,0.0,0.0,0.0,0.0,0.0,0,12.84124,8.94405,0.0,0.0,7.30022,7.8096805,0.0,0.4760321,0.0,0.0
1,112,113.0,10.0,1.0,1.0,94.0,1.0,1.0,1.0,0.9999958,1.0,-0.0,0.0,-4.199267e-06,-0.0,0.5559817,3.576548,0.38428932,3.3558953,0.7509272,3.447937,1.0,6.2853446,0.3857501,0.33796296,39.28173,0.0,0.0,0.0,0.0,0.0,0,12.765332,9.782243,0.0,0.3964811,7.2329397,7.6709466,0.0,0.44158146,0.0,0.0
2,112,113.0,10.0,1.0,1.0,94.0,1.0,1.0,1.0,0.9999958,1.0,-0.0,0.0,-4.1875105e-06,-0.0,0.5773943,3.6199667,0.38218555,2.581176,0.72371155,4.377844,1.0,6.9087033,1.0986272,0.33796296,39.467045,0.0,0.0,0.0,0.0,0.0,0,12.5819435,9.025256,0.0,0.8658522,7.8578587,7.5615697,0.0,0.48283356,0.0,0.0
3,112,113.0,10.0,1.0,1.0,94.0,1.0,1.0,1.0,0.9938206,1.0,-0.0,0.0,-4.187887e-06,-0.0061752237,0.5805708,3.6493058,0.4175392,2.8806999,0.7662272,5.370513,0.0,6.59154,0.61767733,0.3472222,39.631416,0.0,0.0,0.0,0.0,0.0,0,13.145946,9.559329,0.0,0.7932635,7.703005,8.038826,0.0,0.3278221,0.0,0.0
0,113,114.0,10.0,1.0,1.0,95.0,1.0,1.0,1.0,0.9999958,1.0,-0.0,0.0,-4.158623e-06,-0.0,0.5535222,3.7962623,0.35411292,2.1936445,0.6746175,3.332018,1.0,6.627914,2.6775832,0.33796296,39.834488,0.0,0.0,0.0,0.0,0.0,0,12.722502,8.921939,0.0,0.0,8.0176735,7.781046,0.0,0.43552965,0.0,0.0
1,113,114.0,10.0,1.0,1.0,95.0,1.0,1.0,1.0,0.9999953,1.0,-0.0,0.0,-4.685223e-06,-0.0,0.5472746,3.6415412,0.3805376,3.3169484,0.75294006,3.3647473,1.0,6.229384,1.719487,0.33796296,39.79866,0.0,0.0,0.0,0.0,0.0,0,12.795131,9.679254,0.0,0.51529014,7.4275045,7.738425,0.0,0.43336987,0.0,0.0
2,113,114.0,10.0,1.0,1.0,95.0,1.0,1.0,1.0,0.99999547,1.0,-0.0,0.0,-4.5236793e-06,-0.0,0.58726335,3.702087,0.3759232,2.5244513,0.72050244,4.30481,1.0,6.798898,2.6064339,0.33796296,39.964035,0.0,0.0,0.0,0.0,0.0,0,12.716805,9.135564,0.0,0.92137367,8.224923,7.702879,0.0,0.4870387,0.0,0.0
3,113,114.0,10.0,1.0,1.0,95.0,1.0,1.0,1.0,0.99513245,1.0,-0.0,0.0,-4.3550895e-06,-0.0048632226,0.58486426,3.72204,0.41387436,2.8459814,0.76985097,5.291793,0.0,6.530117,2.051036,0.3472222,40.14186,0.0,0.0,0.0,0.0,0.0,0,13.170731,9.539358,0.0,0.8645117,7.8775735,8.161595,0.0,0.337191,0.0,0.0
0,114,115.0,10.0,1.0,1.0,96.0,1.0,1.0,1.0,0.9999952,1.0,-0.0,0.0,-4.800726e-06,-0.0,0.45106336,3.8566053,0.36735123,2.2978573,0.6740166,3.2026443,1.0,6.836699,1.9926895,0.33796296,40.45066,0.0,0.0,0.0,0.0,0.0,0,12.873269,9.019372,0.0,0.31485674,7.933992,7.1590133,0.0,0.39459163,0.0,0.0
1,114,115.0,10.0,1.0,1.0,96.0,1.0,1.0,1.0,0.9999957,1.0,-0.0,0.0,-4.286554e-06,-0.0,0.44735634,3.7132475,0.4018907,3.5162783,0.74980354,3.2395828,1.0,6.424921,1.1661798,0.33796296,40.3978,0.0,0.0,0.0,0.0,0.0,0,12.926336,9.701346,0.0,0.62949467,7.416129,7.596687,0.0,0.42445317,0.0,0.0
2,114,115.0,10.0,1.0,1.0,96.0,1.0,1.0,1.0,0.9999954,1.0,-0.0,0.0,-4.608128e-06,-0.0,0.47423467,3.7723129,0.40393308,2.737472,0.7210552,4.15056,1.0,7.0797534,1.7912276,0.33796296,40.573414,0.0,0.0,0.0,0.0,0.0,0,12.67463,8.999579,0.0,0.9320869,7.862453,7.4954553,0.0,0.39833033,0.0,0.0
3,114,115.0,10.0,1.0,1.0,96.0,1.0,1.0,1.0,0.99686545,1.0,-0.0,0.0,-4.6339733e-06,-0.0031298986,0.45869946,3.7802632,0.44574177,3.1174314,0.7694371,5.1877933,0.0,6.865328,1.1528721,0.3472222,40.751328,0.0,0.0,0.0,0.0,0.0,0,13.367933,9.547332,0.0,0.7885883,7.862065,8.169674,0.0,0.27685884,0.0,0.0
0,115,116.0,10.0,1.0,1.0,97.0,1.0,1.0,1.0,0.9999957,1.0,-0.0,0.0,-4.2852216e-06,-0.0,0.3738001,3.9329126,0.36222222,2.293766,0.67020893,3.1179335,1.0,6.8219657,1.8503563,0.33796296,40.878464,0.0,0.0,0.0,0.0,0.0,0,12.757609,8.863743,0.0,0.0,8.045479,7.8949494,0.0,0.38878232,0.0,0.0
1,115,116.0,10.0,1.0,1.0,97.0,1.0,1.0,1.0,0.99999595,1.0,-0.0,0.0,-4.0396494e-06,-0.0,0.38547403,3.7957537,0.39266,3.4345157,0.74725693,3.144682,1.0,6.377258,1.1623194,0.33796296,40.82452,0.0,0.0,0.0,0.0,0.0,0,12.6833515,9.614567,0.0,0.6326586,7.349224,7.71693,0.0,0.3481789,0.0,0.0
2,115,116.0,10.0,1.0,1.0,97.0,1.0,1.0,1.0,0.9999958,1.0,-0.0,0.0,-4.167915e-06,-0.0,0.3949307,3.8515694,0.39523888,2.6770434,0.7109973,4.0155816,1.0,7.0647197,1.5590154,0.33796296,40.994976,0.0,0.0,0.0,0.0,0.0,0,12.705032,9.16156,0.0,0.9131538,8.1419115,7.7524514,0.0,0.36593726,0.0,0.0
3,115,116.0,10.0,1.0,1.0,97.0,1.0,1.0,1.0,0.9980181,1.0,-0.0,0.0,-4.1579815e-06,-0.0019777452,0.38106108,3.852837,0.43767086,3.0499086,0.7657709,5.1186643,0.0,6.8821063,1.0200878,0.3472222,41.180073,0.0,0.0,0.0,0.0,0.0,0,13.029599,9.573642,0.0,0.8081102,7.7202363,8.221533,0.0,0.22590886,0.0,0.0
0,116,117.0,10.0,1.0,1.0,98.0,1.0,1.0,1.0,0.99999607,1.0,-0.0,0.0,-3.927703e-06,-0.0,0.32509863,3.9075513,0.37908778,2.419968,0.6694809,3.0499086,1.0,7.144024,1.498525,0.33796296,41.43653,0.0,0.0,0.0,0.0,0.0,0,12.9352,9.063128,0.0,0.0,7.5972123,7.818004,0.0,0.26577944,0.0,0.0
1,116,117.0,10.0,1.0,1.0,98.0,1.0,1.0,1.0,0.9999964,1.0,-0.0,0.0,-3.5785954e-06,-0.0,0.3288675,3.7951112,0.42393148,3.7266026,0.74545085,3.086899,1.0,6.7591753,0.5681291,0.33796296,41.377472,0.0,0.0,0.0,0.0,0.0,0,12.574352,9.495815,0.0,0.54416174,6.959497,7.5923634,0.0,0.30395463,0.0,0.0
2,116,117.0,10.0,1.0,1.0,98.0,1.0,1.0,1.0,0.99999624,1.0,-0.0,0.0,-3.7502618e-06,-0.0,0.3552474,3.8393312,0.41263336,2.828047,0.71090853,3.9260771,1.0,7.3096237,1.329937,0.33796296,41.550777,0.0,0.0,0.0,0.0,0.0,0,12.406286,9.0815115,0.0,0.97078985,7.80147,7.4346347,0.0,0.29089168,0.0,0.0
3,116,117.0,10.0,1.0,1.0,98.0,1.0,1.0,1.0,0.9986892,1.0,-0.0,0.0,-3.6559677e-06,-0.0013071914,0.33247024,3.8394704,0.46384746,3.2670128,0.7641205,5.078431,0.0,7.189738,0.66324323,0.3472222,41.735466,0.0,0.0,0.0,0.0,0.0,0,13.121601,9.575627,0.0,0.54865634,7.7117186,8.091779,0.0,0.18731178,0.0,0.0
0,117,118.0,10.0,1.0,1.0,99.0,1.0,1.0,1.0,0.9999961,1.0,-0.0,0.0,-3.894398e-06,-0.0,0.33428743,3.9620023,0.36059454,2.3805087,0.67263323,3.0385945,1.0,7.022555,2.1909988,0.3425926,41.87924,0.0,0.0,0.0,0.0,0.0,0,13.026458,8.906969,0.0,0.48361018,7.908678,7.169244,0.0,0.2533571,0.0,0.0
1,117,118.0,10.0,1.0,1.0,99.0,1.0,1.0,1.0,0.9999961,1.0,-0.0,0.0,-3.8625644e-06,-0.0,0.3407333,3.861032,0.4081734,3.5957477,0.7484814,3.0894337,1.0,6.663797,1.2019118,0.3425926,41.812202,0.0,0.0,0.0,0.0,0.0,0,12.4462185,9.509269,0.0,0.5926243,7.274159,7.6519322,0.0,0.2374584,0.0,0.0
2,117,118.0,10.0,1.0,1.0,99.0,1.0,1.0,1.0,0.99999595,1.0,-0.0,0.0,-4.0315026e-06,-0.0,0.35616234,3.9206629,0.40021574,2.754291,0.70680964,3.9260771,1.0,7.2434025,1.7903354,0.3425926,41.97468,0.0,0.0,0.0,0.0,0.0,0,12.49404,9.058118,0.0,0.94537497,8.062641,7.845,0.0,0.2506778,0.0,0.0
3,117,118.0,10.0,1.0,1.0,99.0,1.0,1.0,1.0,0.99851173,1.0,-0.0,0.0,-4.000697e-06,-0.0014842997,0.33873504,3.9129515,0.4493595,3.1635435,0.76813006,5.0890574,0.0,7.1155176,1.3073841,0.35185185,42.16856,0.0,0.0,0.0,0.0,0.0,0,12.866132,9.512742,0.0,0.51397115,7.718238,8.191009,0.0,0.14452454,0.0,0.0
0,118,119.0,10.0,1.0,1.0,100.0,1.0,1.0,1.0,0.9999964,1.0,-0.0,0.0,-3.5730593e-06,-0.0,0.18593147,3.9419298,0.37527823,2.485076,0.6709823,2.9682252,1.0,7.3383684,-0.3549522,0.3564815,42.41715,0.0,0.0,0.0,0.0,0.0,0,12.413698,8.4520445,0.0,0.0,8.030643,7.823144,0.0,0.27858344,0.0,0.0
1,118,119.0,10.0,1.0,1.0,100.0,1.0,1.0,1.0,0.9999967,1.0,-0.0,0.0,-3.3011097e-06,-0.0,0.19951463,3.8422122,0.4307888,3.8254905,0.74847394,3.0277557,1.0,7.0051866,-0.32352003,0.35185185,42.356007,0.0,0.0,0.0,0.0,0.0,0,12.647951,9.409875,0.0,0.3812882,6.851746,7.6476364,0.0,0.21866032,0.0,0.0
2,118,119.0,10.0,1.0,1.0,100.0,1.0,1.0,1.0,0.9999966,1.0,-0.0,0.0,-3.383795e-06,-0.0,0.22574142,3.9010425,0.41560885,2.8679001,0.7062736,3.8641758,1.0,7.5128775,0.11570379,0.35185185,42.51239,0.0,0.0,0.0,0.0,0.0,0,12.603155,9.071282,0.0,0.7775142,8.135971,7.9332843,0.0,0.2349254,0.0,0.0
3,118,119.0,10.0,1.0,1.0,100.0,1.0,1.0,1.0,0.9994924,1.0,-0.0,0.0,-3.3206754e-06,-0.00050427427,0.18259697,3.88959,0.48079816,3.4251585,0.76693094,5.0302563,0.0,7.5404344,-0.39880723,0.3611111,42.711487,0.0,0.0,0.0,0.0,0.0,0,13.235491,9.45399,0.0,0.17335798,7.034953,8.153372,0.0,0.117525645,0.0,0.0
0,119,120.0,10.0,1.0,1.0,101.0,1.0,1.0,1.0,0.999996,1.0,-0.0,0.0,-3.9755796e-06,-0.0,0.23129359,4.026155,0.37121338,2.5135753,0.67511207,2.9576578,1.0,7.355328,-0.7369388,0.3564815,42.771843,0.0,0.0,0.0,0.0,0.0,0,12.210877,8.516348,0.0,0.0,7.7397017,7.9237895,0.0,0.02923552,0.0,0.0
1,119,120.0,10.0,1.0,1.0,101.0,1.0,1.0,1.0,0.9999961,1.0,-0.0,0.0,-3.852621e-06,-0.0,0.24066381,3.90803,0.41703823,3.7364624,0.7502134,3.0184343,1.0,6.933529,-0.023402274,0.35185185,42.700375,0.0,0.0,0.0,0.0,0.0,0,12.317024,9.426641,0.0,0.4300568,7.210639,7.775341,0.0,0.17532578,0.0,0.0
2,119,120.0,10.0,1.0,1.0,101.0,1.0,1.0,1.0,0.9999963,1.0,-0.0,0.0,-3.6943663e-06,-0.0,0.26831514,3.978255,0.4046786,2.8200088,0.7094245,3.8757064,1.0,7.4655304,-0.2986556,0.35185185,42.855854,0.0,0.0,0.0,0.0,0.0,0,12.282288,8.969474,0.0,0.8958293,7.9863753,8.148893,0.0,0.08765529,0.0,0.0
3,119,120.0,10.0,1.0,1.0,101.0,1.0,1.0,1.0,0.99959064,1.0,-0.0,0.0,-3.7237737e-06,-0.0004056421,0.20957515,3.955686,0.47258762,3.366608,0.770474,5.0243382,0.0,7.5786467,-0.70376694,0.36574075,43.05168,0.0,0.0,0.0,0.0,0.0,0,12.739916,9.445956,0.0,0.17421938,7.6439695,8.199498,0.0,0.07274115,0.0,0.0
0,120,121.0,10.0,1.0,1.0,102.0,1.0,1.0,1.0,0.99999595,1.0,-0.0,0.0,-4.0509203e-06,-0.0,0.04142914,3.9739609,0.3846755,2.6517782,0.6765605,2.888569,1.0,7.753777,-3.5335217,0.375,43.23516,0.0,0.0,0.0,0.0,0.0,0,13.157697,8.625775,0.0,0.0,8.166562,7.858912,0.0,0.17230073,0.0,0.0
1,120,121.0,10.0,1.0,1.0,102.0,1.0,1.0,1.0,0.9999959,1.0,-0.0,0.0,-4.1217977e-06,-0.0,0.037471205,3.840712,0.43659407,3.9521115,0.7538723,2.9603033,1.0,7.3448358,-2.890817,0.37037036,43.17157,0.0,0.0,0.0,0.0,0.0,0,12.404689,9.399408,0.0,0.39880505,6.0710177,7.65773,0.0,0.17276011,0.0,0.0
2,120,121.0,10.0,1.0,1.0,102.0,1.0,1.0,1.0,0.9999963,1.0,-0.0,0.0,-3.7053296e-06,-0.0,0.09048283,3.9168448,0.4238174,2.9372082,0.7095968,3.8244677,1.0,7.7493205,-2.9007533,0.37037036,43.324863,0.0,0.0,0.0,0.0,0.0,0,12.428112,8.801766,0.0,1.4672217,7.502356,8.03349,0.0,0.10593691,0.0,0.0
3,120,121.0,10.0,1.0,1.0,102.0,1.0,1.0,1.0,0.9999961,1.0,-0.0,0.0,-3.857267e-06,-0.0,0.005897321,3.87829,0.4983359,3.6044452,0.7676362,4.86312,1.0,8.035901,-3.5911148,0.37962964,43.531776,0.0,0.0,0.0,0.0,0.0,0,13.92688,9.760647,0.0,0.20841108,7.3474092,8.162201,0.0,0.15825783,0.0,0.0
0,121,122.0,10.0,1.0,1.0,103.0,1.0,1.0,1.0,0.99999607,1.0,-0.0,0.0,-3.9124643e-06,-0.0,0.033493713,4.056855,0.39091605,2.70381,0.6782941,2.8247237,1.0,7.8620973,-3.902956,0.37962964,43.483826,0.0,0.0,0.0,0.0,0.0,0,12.119856,8.41798,0.0,0.0,7.5976,7.9026694,0.0,0.119179234,0.0,0.0
1,121,122.0,10.0,1.0,1.0,103.0,1.0,1.0,1.0,0.9999964,1.0,-0.0,0.0,-3.5871772e-06,-0.0,0.030519627,3.9558742,0.43576086,3.9449737,0.756837,2.901008,1.0,7.360181,-3.2905955,0.37037036,43.412605,0.0,0.0,0.0,0.0,0.0,0,12.2336445,9.307645,0.0,0.0,7.1803746,7.6973314,0.0,0.15356413,0.0,0.0
2,121,122.0,10.0,1.0,1.0,103.0,1.0,1.0,1.0,0.99999684,1.0,-0.0,0.0,-3.1531151e-06,-0.0,0.090022944,3.979553,0.42049354,2.9313395,0.7126967,3.7558966,1.0,7.771173,-3.2880418,0.37037036,43.564713,0.0,0.0,0.0,0.0,0.0,0,12.212562,8.972118,0.0,0.7788719,7.909349,8.263942,0.0,0.04746868,0.0,0.0
3,121,122.0,10.0,1.0,1.0,103.0,1.0,1.0,1.0,0.9999966,1.0,-0.0,0.0,-3.4054874e-06,-0.0,0.00442788,3.9421911,0.49263024,3.561404,0.76421416,4.761932,1.0,8.037708,-3.8036137,0.37962964,43.77302,0.0,0.0,0.0,0.0,0.0,0,12.681571,9.4304085,0.0,0.22769153,7.44208,8.101428,0.0,0.06982195,0.0,0.0
0,122,123.0,10.0,1.0,1.0,104.0,1.0,1.0,1.0,0.99999636,1.0,-0.0,0.0,-3.6066235e-06,-0.0,0.12951642,4.061694,0.3968648,2.782284,0.6811437,2.7411869,1.0,8.177452,-5.5822816,0.38425925,43.590782,0.0,0.0,0.0,0.0,0.0,0,11.838605,8.292256,0.0,0.0,7.4119444,7.8398657,0.0,0.117899776,0.0,0.0
1,122,123.0,10.0,1.0,1.0,104.0,1.0,1.0,1.0,0.9999964,1.0,-0.0,0.0,-3.5578717e-06,-0.0,0.1391044,3.9754171,0.44637552,4.062101,0.761227,2.8086052,1.0,7.7090473,-5.015198,0.38425925,43.49922,0.0,0.0,0.0,0.0,0.0,0,11.948043,9.190164,0.0,0.0,7.002377,7.7141027,0.0,0.16105293,0.0,0.0
2,122,123.0,10.0,1.0,1.0,104.0,1.0,1.0,1.0,0.9999967,1.0,-0.0,0.0,-3.2886649e-06,-0.0,0.07632766,3.9875555,0.42365676,2.969807,0.7157024,3.6568391,1.0,8.027199,-5.053222,0.38425925,43.670452,0.0,0.0,0.0,0.0,0.0,0,11.957162,8.9017105,0.0,0.6007344,7.8144646,8.160016,0.0,0.048705082,0.0,0.0
3,122,123.0,10.0,1.0,1.0,104.0,1.0,1.0,1.0,0.9999966,1.0,-0.0,0.0,-3.4160996e-06,-0.0,0.17659739,3.9529014,0.49929777,3.6362302,0.7680113,4.7007065,1.0,8.35616,-5.6422997,0.3888889,43.882908,0.0,0.0,0.0,0.0,0.0,0,12.385242,9.305688,0.0,0.016330693,7.3603506,8.112608,0.0,0.091154195,0.0,0.0
0,123,124.0,10.0,1.0,1.0,105.0,1.0,1.0,1.0,0.99999577,1.0,-0.0,0.0,-4.243296e-06,-0.0,0.27398244,3.8966954,0.32420218,2.5632217,0.69574744,2.8277702,1.0,6.2101564,-1.3034679,0.38425925,44.001984,0.0,0.0,0.0,0.0,0.0,0,12.952964,9.086614,0.0,0.5807693,8.310849,7.391072,0.0,0.029858699,0.0,0.0
1,123,124.0,10.0,1.0,1.0,105.0,1.0,1.0,1.0,0.99999565,1.0,-0.0,0.0,-4.3584173e-06,-0.0,0.1216365,3.838675,0.4094348,3.4782267,0.7733862,2.901817,1.0,6.984519,-1.9930918,0.3888889,43.941467,0.0,0.0,0.0,0.0,0.0,0,12.213866,9.226788,0.0,0.036641974,7.3519783,7.767717,0.0,0.15059713,0.0,0.0
2,123,124.0,10.0,1.0,1.0,105.0,1.0,1.0,1.0,0.99999607,1.0,-0.0,0.0,-3.94043e-06,-0.0,0.091941096,3.853637,0.43156603,3.002834,0.7217871,3.6728594,1.0,7.9799085,-3.0095298,0.3888889,44.185333,0.0,0.0,0.0,0.0,0.0,0,12.049973,8.794545,0.0,0.57707876,8.182936,8.075291,0.0,0.0,0.0,0.0
3,123,124.0,10.0,1.0,1.0,105.0,1.0,1.0,1.0,0.99999595,1.0,-0.0,0.0,-4.077762e-06,-0.0,0.2002418,3.7987273,0.40696216,2.7006238,0.77795905,4.754034,1.0,6.544306,-1.4344901,0.3888889,44.3084,0.0,0.0,0.0,0.0,0.0,0,12.926728,9.31667,0.0,0.9991474,8.003003,8.158925,0.0,0.05389,0.0,0.0
0,124,125.0,10.0,1.0,1.0,106.0,1.0,1.0,1.0,0.99999565,1.0,-0.0,0.0,-4.3510136e-06,-0.0,0.028908998,3.921281,0.32920948,2.584207,0.70444286,2.7999523,1.0,6.293699,-4.1601377,0.3888889,44.027782,0.0,0.0,0.0,0.0,0.0,0,12.162848,8.561255,0.0,0.6845681,7.5426164,7.249983,0.0,0.023192003,0.0,0.0
1,124,125.0,10.0,1.0,1.0,106.0,1.0,1.0,1.0,0.9999955,1.0,-0.0,0.0,-4.4482053e-06,-0.0,0.12289584,3.8997192,0.42655757,3.75256,0.7785268,2.8553174,1.0,7.1835947,-4.749058,0.39814815,43.9827,0.0,0.0,0.0,0.0,0.0,0,11.902308,8.984111,0.0,0.0,7.2700534,7.501022,0.0,0.09871042,0.0,0.0
2,124,125.0,10.0,1.0,1.0,106.0,1.0,1.0,1.0,0.9999959,1.0,-0.0,0.0,-4.0919626e-06,-0.0,0.080268085,3.8945675,0.4194782,2.9616249,0.7258495,3.5981414,1.0,7.717419,-5.083939,0.39814815,44.222893,0.0,0.0,0.0,0.0,0.0,0,11.902538,8.796992,0.0,0.6818914,8.063586,8.241677,0.0,0.0,0.0,0.0
3,124,125.0,10.0,1.0,1.0,106.0,1.0,1.0,1.0,0.9999956,1.0,-0.0,0.0,-4.423521e-06,-0.0,0.04500281,3.8677707,0.41551757,2.7746778,0.78109264,4.7043695,1.0,6.5712185,-4.1768866,0.4027778,44.348194,0.0,0.0,0.0,0.0,0.0,0,12.525723,9.271582,0.0,0.84612536,7.586625,7.979037,0.0,0.054845087,0.0,0.0
0,125,126.0,10.0,1.0,1.0,107.0,1.0,1.0,1.0,0.999996,1.0,-0.0,0.0,-3.9675024e-06,-0.0,0.1819212,3.9276912,0.33372074,2.6152194,0.71434987,2.7565634,1.0,6.600816,-2.371367,0.3888889,44.378292,0.0,0.0,0.0,0.0,0.0,0,11.990677,8.483102,0.0,0.53072846,7.509111,7.478413,0.0,0.07009567,0.0,0.0
1,125,126.0,10.0,1.0,1.0,107.0,1.0,1.0,1.0,0.9999956,1.0,-0.0,0.0,-4.432785e-06,-0.0,0.045602024,3.9280784,0.43135005,3.818937,0.7913502,2.8580575,1.0,7.42719,-2.9416225,0.39814815,44.329624,0.0,0.0,0.0,0.0,0.0,0,11.550566,8.784035,0.0,0.0,7.171473,7.8319573,0.0,0.099835336,0.0,0.0
2,125,126.0,10.0,1.0,1.0,107.0,1.0,1.0,1.0,0.99999595,1.0,-0.0,0.0,-4.0478603e-06,-0.0,0.13540424,3.914631,0.41328543,2.9284005,0.7401335,3.6826503,1.0,7.8014717,-2.8739552,0.39814815,44.58444,0.0,0.0,0.0,0.0,0.0,0,11.953765,8.72728,0.0,0.63090086,8.307897,8.627876,0.0,0.0,0.0,0.0
3,125,126.0,10.0,1.0,1.0,107.0,1.0,1.0,1.0,0.999996,1.0,-0.0,0.0,-4.022019e-06,-0.0,0.1365915,3.884305,0.42167464,2.823338,0.79115665,4.684691,1.0,6.8250704,-2.1412466,0.4027778,44.717224,0.0,0.0,0.0,0.0,0.0,0,12.276201,9.1782255,0.0,0.59349865,7.562676,8.176654,0.0,0.046154965,0.0,0.0
0,126,127.0,10.0,1.0,1.0,108.0,1.0,1.0,1.0,0.9999962,1.0,-0.0,0.0,-3.7855832e-06,-0.0,0.060301647,3.715547,0.34331217,2.6396482,0.7191633,2.6723611,1.0,6.84805,-4.826395,0.3935185,44.611244,0.0,0.0,0.0,0.0,0.0,0,11.978001,8.5108795,0.0,0.37384674,7.521865,7.1314588,0.0,0.051878206,0.0,0.0
1,126,127.0,10.0,1.0,1.0,108.0,1.0,1.0,1.0,0.9999957,1.0,-0.0,0.0,-4.317426e-06,-0.0,0.17426088,3.7215166,0.44578966,3.956862,0.79879874,2.83109,1.0,7.677619,-5.254429,0.4027778,44.575356,0.0,0.0,0.0,0.0,0.0,0,11.46821,8.781374,0.0,0.0,7.0730014,7.438889,0.0,0.08735127,0.0,0.0
2,126,127.0,10.0,1.0,1.0,108.0,1.0,1.0,1.0,0.99999595,1.0,-0.0,0.0,-4.0269015e-06,-0.0,0.117754936,3.7142272,0.42117935,2.9929118,0.7334197,3.3540287,1.0,7.956776,-5.494369,0.39814815,44.808464,0.0,0.0,0.0,0.0,0.0,0,11.435222,8.711337,0.0,0.52322704,8.099122,7.792615,0.0,0.0,0.0,3.4414344
3,126,127.0,10.0,1.0,1.0,108.0,1.0,1.0,1.0,0.999996,1.0,-0.0,0.0,-3.9817965e-06,-0.0,0.0827251,3.6741211,0.433917,2.9074762,0.7971327,4.6592197,1.0,7.043557,-4.4761076,0.4027778,44.964527,0.0,0.0,0.0,0.0,0.0,0,12.212264,9.181145,0.0,0.538921,7.5664907,7.8797894,0.0,0.053824764,0.0,0.0
0,127,128.0,10.0,1.0,1.0,109.0,1.0,1.0,1.0,0.9999946,1.0,-0.0,0.0,-5.4197076e-06,-0.0,0.054519996,3.8813293,0.3466068,2.6796737,0.7325972,2.6817179,1.0,6.861041,-3.6846828,0.3935185,45.08083,0.0,0.0,0.0,0.0,0.0,0,11.86874,8.3293,0.0,0.36100322,7.804884,7.4981465,0.0,0.0,0.0,0.0
1,127,128.0,10.0,1.0,1.0,109.0,1.0,1.0,1.0,0.99999404,1.0,-0.0,0.0,-5.9658832e-06,-0.0,0.0075433403,3.9098864,0.42056152,3.6467638,0.8068755,2.8525746,1.0,7.151023,-3.4539168,0.4027778,45.007145,0.0,0.0,0.0,0.0,0.0,0,11.331298,8.601664,0.0,0.0,7.3667665,7.80493,0.0,0.052334838,0.0,0.0
2,127,128.0,10.0,1.0,1.0,109.0,1.0,1.0,1.0,0.99999434,1.0,-0.0,0.0,-5.6807157e-06,-0.0,0.057169795,3.8411036,0.3896502,2.8216739,0.74485743,3.1650276,1.0,7.344329,-3.6967342,0.39814815,45.210552,0.0,0.0,0.0,0.0,0.0,0,10.39178,8.570183,0.0,0.6637819,8.32672,6.8153205,0.0,0.0,0.0,3.8731854
3,127,128.0,10.0,1.0,1.0,109.0,1.0,1.0,1.0,0.9999946,1.0,-0.0,0.0,-5.4492493e-06,-0.0,0.035943463,3.8332825,0.43949658,2.9481146,0.8067075,4.6561937,1.0,7.025124,-3.2847524,0.4027778,45.42019,0.0,0.0,0.0,0.0,0.0,0,12.131869,8.983517,0.0,0.0,7.711784,8.170937,0.0,0.0082411645,0.0,0.0
0,128,129.0,10.0,1.0,1.0,110.0,1.0,1.0,1.0,0.9999956,1.0,-0.0,0.0,-4.425781e-06,-0.0,0.060775504,3.6379743,0.35066417,2.7179585,0.7403274,2.6570861,1.0,6.95494,-4.825117,0.3935185,45.32644,0.0,0.0,0.0,0.0,0.0,0,11.766187,8.30547,0.0,0.31400245,7.7107725,7.145396,0.0,0.038245384,0.0,0.0
1,128,129.0,10.0,1.0,1.0,110.0,1.0,1.0,1.0,0.9999953,1.0,-0.0,0.0,-4.708803e-06,-0.0,0.10797344,3.6704884,0.42661178,3.713556,0.81691545,2.8462563,1.0,7.2492228,-4.612484,0.4027778,45.26864,0.0,0.0,0.0,0.0,0.0,0,11.32258,8.602882,0.0,0.0,7.293836,7.4188643,0.0,0.08963468,0.0,0.0
2,128,129.0,10.0,1.0,1.0,110.0,1.0,1.0,1.0,0.9999954,1.0,-0.0,0.0,-4.5917755e-06,-0.0,0.040922128,3.568924,0.39601764,2.8681731,0.7650044,3.285887,1.0,7.4439206,-4.7806807,0.39814815,45.49209,0.0,0.0,0.0,0.0,0.0,0,10.073802,8.552758,0.0,0.4636627,8.252271,7.1082935,0.0,0.0,0.0,0.0
3,128,129.0,10.0,1.0,1.0,110.0,1.0,1.0,1.0,0.9999955,1.0,-0.0,0.0,-4.472753e-06,-0.0,0.06909296,3.5992117,0.44294548,2.9882007,0.81456333,4.646937,1.0,7.0816092,-4.351397,0.4027778,45.663956,0.0,0.0,0.0,0.0,0.0,0,12.07946,8.9778595,0.0,0.0,7.658183,7.895913,0.0,0.06388949,0.0,0.0
0,129,130.0,10.0,1.0,1.0,111.0,1.0,1.0,1.0,0.9999939,1.0,-0.0,0.0,-6.0735356e-06,-0.0,0.0049512833,3.558825,0.35888687,2.7514477,0.74828637,2.6500068,1.0,7.0755954,-4.1507297,0.3935185,45.377243,0.0,0.0,0.0,0.0,0.0,0,11.610535,8.127729,0.0,0.26992324,7.8810835,7.341202,0.0,0.0,0.0,0.0
1,129,130.0,10.0,1.0,1.0,111.0,1.0,1.0,1.0,0.9999936,1.0,-0.0,0.0,-6.370705e-06,-0.0,0.07188711,3.5966103,0.44266385,3.8342803,0.82335037,2.7982743,1.0,7.4393325,-4.1069074,0.4027778,45.288437,0.0,0.0,0.0,0.0,0.0,0,11.170179,8.422262,0.0,0.0,7.3290954,7.5517187,0.0,0.07844713,0.0,0.0
2,129,130.0,10.0,1.0,1.0,111.0,1.0,1.0,1.0,0.9999936,1.0,-0.0,0.0,-6.3731013e-06,-0.0,0.014626235,3.510835,0.40783417,2.9262614,0.77520865,3.2920752,1.0,7.560733,-4.1321945,0.39814815,45.551685,0.0,0.0,0.0,0.0,0.0,0,9.816419,8.421702,0.0,0.4135597,8.444658,7.1428204,0.0,0.0,0.0,0.0
3,129,130.0,10.0,1.0,1.0,111.0,1.0,1.0,1.0,0.99999386,1.0,-0.0,0.0,-6.1387577e-06,-0.0,0.026028603,3.5074632,0.45538232,3.054781,0.82141596,4.631411,1.0,7.223575,-3.8536386,0.4027778,45.707024,0.0,0.0,0.0,0.0,0.0,0,11.808871,8.7768545,0.0,0.27625632,7.8409247,8.065193,0.0,0.021871157,0.0,0.0
0,130,131.0,10.0,1.0,1.0,112.0,1.0,1.0,1.0,0.99999607,1.0,-0.0,0.0,-3.914464e-06,-0.0,0.13860595,3.8088825,0.3433636,2.816676,0.7619889,2.4932518,1.0,6.7336507,-5.4358354,0.3935185,45.878036,0.0,0.0,0.0,0.0,0.0,0,11.194553,7.9674826,0.0,0.85787296,8.754526,7.712644,0.0,2.3328896,0.0,0.0
1,130,131.0,10.0,1.0,1.0,112.0,1.0,1.0,1.0,0.999996,1.0,-0.0,0.0,-3.9735983e-06,-0.0,0.18701926,3.8266273,0.42023006,3.6185346,0.84136456,2.6787972,1.0,7.0431113,-5.714264,0.4027778,45.762505,0.0,0.0,0.0,0.0,0.0,0,10.938514,8.310378,0.0,0.0,8.1893635,8.042482,0.0,1.1100967,0.0,0.0
2,130,131.0,10.0,1.0,1.0,112.0,1.0,1.0,1.0,0.99999607,1.0,-0.0,0.0,-3.945258e-06,-0.0,0.16900972,3.7774074,0.40266308,2.8869429,0.7763399,2.630737,1.0,7.3275323,-5.681804,0.39814815,46.059162,0.0,0.0,0.0,0.0,0.0,0,9.608259,8.2537155,0.0,0.86848384,8.637539,7.7393556,0.0,0.0,0.0,0.0
3,130,131.0,10.0,1.0,1.0,112.0,1.0,1.0,1.0,0.9999961,1.0,-0.0,0.0,-3.854227e-06,-0.0,0.17092898,3.754273,0.4448819,2.989248,0.8311854,4.5122266,1.0,6.9494667,-5.275836,0.4027778,46.203316,0.0,0.0,0.0,0.0,0.0,0,11.137878,8.477867,0.0,0.832168,8.119534,8.394723,0.0,1.4125822,0.0,0.0
0,131,132.0,10.0,1.0,1.0,113.0,1.0,1.0,1.0,0.9999937,1.0,-0.0,0.0,-6.326504e-06,-0.0,0.16092099,3.5789442,0.32722816,2.9470522,0.7328895,2.2276354,1.0,6.5822215,-5.2695794,0.3935185,46.373943,0.0,0.0,0.0,0.0,0.0,0,11.459389,8.082459,0.0,0.9526108,8.200105,7.6930747,0.0,0.0,0.0,0.0
1,131,132.0,10.0,1.0,1.0,113.0,1.0,1.0,1.0,0.9999941,1.0,-0.0,0.0,-5.882656e-06,-0.0,0.120746344,3.5817993,0.3660898,3.1191883,0.8448101,2.7245743,1.0,6.3809156,-4.5577006,0.4027778,46.317677,0.0,0.0,0.0,0.0,0.0,0,10.309422,8.722184,0.0,0.4118441,7.323707,6.9090548,0.0,0.08045519,0.0,0.0
2,131,132.0,10.0,1.0,1.0,113.0,1.0,1.0,1.0,0.9999949,1.0,-0.0,0.0,-5.151386e-06,-0.0,0.09306483,3.532929,0.3793745,2.8227832,0.77320486,2.630737,1.0,6.859869,-4.238194,0.39814815,46.595226,0.0,0.0,0.0,0.0,0.0,0,9.660247,8.58328,0.0,0.8517085,7.8663745,7.088197,0.0,0.0,0.0,0.0
3,131,132.0,10.0,1.0,1.0,113.0,1.0,1.0,1.0,0.9999942,1.0,-0.0,0.0,-5.775389e-06,-0.0,0.13870671,3.5176523,0.41327566,2.8564136,0.8299647,4.4378753,1.0,6.701624,-4.7388654,0.4027778,46.710007,0.0,0.0,0.0,0.0,0.0,0,11.05217,8.613102,0.0,0.16043815,7.403076,7.392841,0.0,0.058152225,0.0,0.0
0,132,133.0,10.0,1.0,1.0,114.0,1.0,1.0,1.0,0.99999386,1.0,-0.0,0.0,-6.1479554e-06,-0.0,0.17176308,3.5941336,0.3240176,3.009604,0.7577941,2.2170691,1.0,6.4630795,-5.3445435,0.3935185,46.621197,0.0,0.0,0.0,0.0,0.0,0,11.408176,7.7167172,0.0,1.5319424,9.13051,7.659502,0.0,0.79802775,0.0,0.0
1,132,133.0,10.0,1.0,1.0,114.0,1.0,1.0,1.0,0.99999344,1.0,-0.0,0.0,-6.5426098e-06,-0.0,0.21572503,3.6071618,0.39084917,3.1224494,0.86193264,2.7124813,1.0,6.5342903,-5.300043,0.4027778,46.55527,0.0,0.0,0.0,0.0,0.0,0,9.73874,7.8982763,0.0,0.2033241,6.592966,7.275667,0.0,0.3007913,0.0,0.0
2,132,133.0,10.0,1.0,1.0,114.0,1.0,1.0,1.0,0.9999942,1.0,-0.0,0.0,-5.7618245e-06,-0.0,0.20068623,3.6041007,0.39932346,2.8255548,0.7865658,2.61492,1.0,6.9568295,-5.3684263,0.4027778,46.882748,0.0,0.0,0.0,0.0,0.0,0,9.208058,8.553858,0.0,0.42082492,8.080803,7.1817503,0.0,0.0,0.0,0.0
3,132,133.0,10.0,1.0,1.0,114.0,1.0,1.0,1.0,0.9999936,1.0,-0.0,0.0,-6.3784114e-06,-0.0,0.20174739,3.524759,0.41992044,2.876893,0.84116876,4.4006734,1.0,6.756621,-5.2934785,0.4027778,46.935684,0.0,0.0,0.0,0.0,0.0,0,12.101967,8.6184225,0.0,0.0,9.05266,8.33467,0.0,0.52874994,0.0,0.0
0,133,134.0,10.0,1.0,1.0,115.0,1.0,1.0,1.0,0.99999475,1.0,-0.0,0.0,-5.2438777e-06,-0.0,0.034877658,3.601579,0.36639407,2.8817863,0.7664801,2.3171926,1.0,6.799446,-3.7462096,0.3935185,46.731976,0.0,0.0,0.0,0.0,0.0,0,11.559979,8.07143,0.0,0.2800014,8.704499,7.2722573,0.0,0.0,0.0,0.0
1,133,134.0,10.0,1.0,1.0,115.0,1.0,1.0,1.0,0.99999505,1.0,-0.0,0.0,-4.9761948e-06,-0.0,0.009297393,3.6401198,0.39460304,3.0481114,0.8732673,2.7611032,1.0,6.083925,-2.8197765,0.4027778,46.70869,0.0,0.0,0.0,0.0,0.0,0,9.805955,8.5510025,0.0,0.027612261,7.9142685,7.159021,0.0,0.10595584,0.0,0.0
2,133,134.0,10.0,1.0,1.0,115.0,1.0,1.0,1.0,0.9999947,1.0,-0.0,0.0,-5.3114854e-06,-0.0,0.027971342,3.575129,0.4050727,2.8828726,0.79922134,2.6479383,1.0,6.6832213,-2.735437,0.4027778,47.012905,0.0,0.0,0.0,0.0,0.0,0,9.279763,8.664137,0.0,0.43128452,8.441576,7.2509303,0.0,0.0,0.0,0.0
3,133,134.0,10.0,1.0,1.0,115.0,1.0,1.0,1.0,0.9999948,1.0,-0.0,0.0,-5.1597553e-06,-0.0,0.0009002164,3.4970944,0.42680657,2.9433312,0.85300094,4.436993,1.0,6.542298,-3.0256622,0.4027778,47.057854,0.0,0.0,0.0,0.0,0.0,0,12.013918,8.728003,0.0,0.1379533,8.511176,7.490852,0.0,0.0782966,0.0,0.0
0,134,135.0,10.0,1.0,1.0,116.0,1.0,1.0,1.0,0.99999535,1.0,-0.0,0.0,-4.6276805e-06,-0.0,0.002290681,3.4791567,0.3911789,2.877709,0.78262913,2.344728,1.0,7.0794206,-3.2568583,0.3935185,46.80794,0.0,0.0,0.0,0.0,0.0,0,11.26381,7.8237076,0.0,0.040888254,8.215335,7.3859954,0.0,0.016719438,0.0,0.0
1,134,135.0,10.0,1.0,1.0,116.0,1.0,1.0,1.0,0.99999386,1.0,-0.0,0.0,-6.1541264e-06,-0.0,0.06767996,3.4694102,0.4042526,3.0236163,0.8879185,2.7554276,1.0,6.074928,-2.009468,0.4027778,46.80975,0.0,0.0,0.0,0.0,0.0,0,9.970182,8.511253,0.0,0.0,7.796239,7.2466173,0.0,0.1600182,0.0,0.0
2,134,135.0,10.0,1.0,1.0,116.0,1.0,1.0,1.0,0.99999493,1.0,-0.0,0.0,-5.0939966e-06,-0.0,0.0734495,3.4222662,0.42208374,2.9077454,0.8154054,2.6647346,1.0,6.849396,-2.505214,0.4027778,47.102688,0.0,0.0,0.0,0.0,0.0,0,9.128694,8.4229555,0.0,0.18951578,8.725479,7.266642,0.0,0.0,0.0,0.0
3,134,135.0,10.0,1.0,1.0,116.0,1.0,1.0,1.0,0.9999952,1.0,-0.0,0.0,-4.839494e-06,-0.0,0.031682104,3.3443313,0.4454677,2.988986,0.86766446,4.432933,1.0,6.721641,-2.6339834,0.4027778,47.145565,0.0,0.0,0.0,0.0,0.0,0,10.8323345,8.432437,0.0,0.0702655,8.227551,7.085154,0.0,0.159266,0.0,0.0
0,135,136.0,10.0,1.0,1.0,117.0,1.0,1.0,1.0,0.9999964,1.0,-0.0,0.0,-3.5808807e-06,-0.0,0.20335615,3.6062546,0.3625718,3.1923625,0.7961149,2.3016014,1.0,5.917549,-5.1688495,0.3935185,47.009914,0.0,0.0,0.0,0.0,0.0,0,12.40905,8.58628,0.0,1.7461653,7.575253,7.35774,0.0,0.5431386,0.0,0.0
1,135,136.0,10.0,1.0,1.0,117.0,1.0,1.0,1.0,0.9999965,1.0,-0.0,0.0,-3.5370435e-06,-0.0,0.27976185,3.629519,0.41786993,3.028531,0.9023489,2.68376,1.0,5.9607854,-5.5568705,0.4027778,47.05488,0.0,0.0,0.0,0.0,0.0,0,9.337675,8.275107,0.0,0.48692563,6.7318153,7.127564,0.0,1.1961802,0.0,0.0
2,135,136.0,10.0,1.0,1.0,117.0,1.0,1.0,1.0,0.9999966,1.0,-0.0,0.0,-3.3920905e-06,-0.0,0.28397256,3.5936773,0.43016964,2.9475834,0.82300043,2.410894,1.0,6.566203,-6.5564775,0.4027778,47.35192,0.0,0.0,0.0,0.0,0.0,0,9.613329,9.102009,0.0,1.311681,7.3934374,7.535711,0.0,0.52061826,0.0,0.0
3,135,136.0,10.0,1.0,1.0,117.0,1.0,1.0,1.0,0.9999966,1.0,-0.0,0.0,-3.412226e-06,-0.0,0.26037768,3.5026808,0.4367781,2.9695435,0.8744841,4.345356,1.0,6.0269475,-5.4291553,0.4027778,47.38217,0.0,0.0,0.0,0.0,0.0,0,11.660737,9.221139,0.0,0.8507655,9.412316,6.939913,0.0,0.39425167,0.0,0.0
0,136,137.0,10.0,1.0,1.0,118.0,1.0,1.0,1.0,0.99999493,1.0,-0.0,0.0,-5.0888198e-06,-0.0,0.17114374,3.5435061,0.36000454,3.3547287,0.8040739,2.3205678,1.0,5.6625776,-1.0834578,0.3935185,47.20706,0.0,0.0,0.0,0.0,0.0,0,11.221505,7.8832645,0.0,1.0151927,8.691561,8.025446,0.0,0.038962923,0.0,0.0
1,136,137.0,10.0,1.0,1.0,118.0,1.0,1.0,1.0,0.99999464,1.0,-0.0,0.0,-5.3673393e-06,-0.0,0.0864815,3.5054379,0.396482,2.9184937,0.9073725,2.6128237,1.0,5.5560136,-1.5078756,0.4027778,47.31889,0.0,0.0,0.0,0.0,0.0,0,9.216776,8.718813,0.0,0.0,7.446678,7.061989,0.0,0.26525408,0.0,0.0
2,136,137.0,10.0,1.0,1.0,118.0,1.0,1.0,1.0,0.9999951,1.0,-0.0,0.0,-4.8737547e-06,-0.0,0.13072863,3.4746695,0.4203961,3.0186934,0.8301136,2.4344795,1.0,6.184025,-1.9201748,0.4027778,47.593857,0.0,0.0,0.0,0.0,0.0,0,8.643601,8.485627,0.0,0.65727407,8.524356,7.2431192,0.0,0.0,0.0,0.0
3,136,137.0,10.0,1.0,1.0,118.0,1.0,1.0,1.0,0.99999374,1.0,-0.0,0.0,-6.250505e-06,-0.0,0.100615434,3.4414866,0.45223153,3.0256867,0.880609,4.310262,1.0,5.865681,-1.9000099,0.4027778,47.588165,0.0,0.0,0.0,0.0,0.0,0,10.841603,8.684168,0.0,0.8140726,8.599665,7.1344185,0.0,0.279708,0.0,0.0
0,137,138.0,10.0,1.0,1.0,119.0,1.0,1.0,1.0,0.90862846,1.0,-0.09136641,0.0,-5.142424e-06,-0.0,0.09619184,3.274099,0.37731755,3.248752,0.8192329,2.3497303,1.0,6.116126,-1.6519464,0.3935185,47.39202,0.0,0.0,0.0,0.0,0.0,0,11.417053,7.8885508,0.0,0.7541491,8.625553,7.9896746,0.0,0.09775608,0.0,0.0
1,137,138.0,10.0,1.0,1.0,119.0,1.0,1.0,1.0,0.9199612,1.0,-0.080032215,0.0,-6.541559e-06,-0.0,0.0066315755,3.2400966,0.41576913,2.9433312,0.9208075,2.600211,1.0,5.8882937,-2.412306,0.4027778,47.509037,0.0,0.0,0.0,0.0,0.0,0,9.435966,8.459653,0.0,0.09754192,7.7644377,7.4227276,0.0,0.3282889,0.0,0.0
2,137,138.0,10.0,1.0,1.0,119.0,1.0,1.0,1.0,0.9197872,1.0,-0.08020706,0.0,-5.7062057e-06,-0.0,0.034288317,3.240621,0.45958036,2.9711246,0.8437637,2.4485855,1.0,6.7135534,-3.299728,0.4027778,47.743523,0.0,0.0,0.0,0.0,0.0,0,8.632374,8.069534,0.0,0.02877726,6.588804,7.39486,0.0,0.0,0.0,0.0
3,137,138.0,10.0,1.0,1.0,119.0,1.0,1.0,1.0,0.9343957,1.0,-0.06559945,0.0,-4.878041e-06,-0.0,0.049572997,3.1967983,0.47152483,3.038337,0.89478046,4.2969832,1.0,6.1583877,-2.608016,0.4027778,47.747272,0.0,0.0,0.0,0.0,0.0,0,10.597357,8.616549,0.0,0.47304273,8.287256,7.082981,0.0,0.053945176,0.0,0.0
0,138,139.0,10.0,1.0,1.0,120.0,1.0,1.0,1.0,0.99999535,1.0,-0.0,0.0,-4.6681203e-06,-0.0,0.20532086,3.495738,0.39776173,3.1957934,0.8285405,2.385764,1.0,6.249683,-4.862763,0.3935185,47.741062,0.0,0.0,0.0,0.0,0.0,0,11.565476,7.9809337,0.0,0.9108329,8.662352,8.139677,0.0,0.05043448,0.0,0.0
1,138,139.0,10.0,1.0,1.0,120.0,1.0,1.0,1.0,0.9999945,1.0,-0.0,0.0,-5.4775996e-06,-0.0,0.30017588,3.4304235,0.44092306,3.026204,0.9276819,2.5769272,1.0,6.0567007,-6.064036,0.4027778,47.83781,0.0,0.0,0.0,0.0,0.0,0,9.690939,8.468241,0.0,0.0,7.7377586,7.6464167,0.0,0.22662756,0.0,0.0
2,138,139.0,10.0,1.0,1.0,120.0,1.0,1.0,1.0,0.9999957,1.0,-0.0,0.0,-4.277621e-06,-0.0,0.28674287,3.5072637,0.50236905,3.0122037,0.855078,2.5278597,1.0,7.0378733,-7.2001805,0.4027778,48.142723,0.0,0.0,0.0,0.0,0.0,0,8.785468,7.9949765,0.0,0.09252751,8.133975,6.9445343,0.0,0.0,0.0,0.0
3,138,139.0,10.0,1.0,1.0,120.0,1.0,1.0,1.0,0.99999475,1.0,-0.0,0.0,-5.2155065e-06,-0.0,0.2514476,3.4346883,0.49814194,3.0744486,0.90781766,4.3291106,1.0,6.3021045,-6.11742,0.4027778,48.12616,0.0,0.0,0.0,0.0,0.0,0,10.600568,8.611296,0.0,0.32993466,8.466965,7.209475,0.0,0.17516357,0.0,0.0
0,139,140.0,10.0,1.0,1.0,121.0,1.0,1.0,1.0,0.9999963,1.0,-0.0,0.0,-3.7206673e-06,-0.0,0.034519657,3.2169251,0.40262896,3.2085052,0.84093344,2.4254603,1.0,6.2086096,-2.1857946,0.3935185,47.94334,0.0,0.0,0.0,0.0,0.0,0,11.469664,7.9540343,0.0,0.911528,8.72798,7.9296565,0.0,0.07921096,0.0,0.0
1,139,140.0,10.0,1.0,1.0,121.0,1.0,1.0,1.0,0.9999954,1.0,-0.0,0.0,-4.6169494e-06,-0.0,0.07071346,3.1457822,0.44374117,3.0581102,0.93989193,2.579356,1.0,5.998289,-3.6929808,0.4027778,48.05376,0.0,0.0,0.0,0.0,0.0,0,8.794904,8.323644,0.0,0.16496673,7.8972087,6.9982905,0.0,0.2642955,0.0,0.0
2,139,140.0,10.0,1.0,1.0,121.0,1.0,1.0,1.0,0.9999959,1.0,-0.0,0.0,-4.0927025e-06,-0.0,0.029995292,3.248738,0.5142583,3.046313,0.8686388,2.5173097,1.0,7.0001726,-4.6819353,0.4027778,48.31143,0.0,0.0,0.0,0.0,0.0,0,9.7859335,8.429253,0.0,0.0,8.790725,7.8097377,0.0,0.03640494,0.0,0.0
3,139,140.0,10.0,1.0,1.0,121.0,1.0,1.0,1.0,0.999996,1.0,-0.0,0.0,-4.0193236e-06,-0.0,0.014293939,3.1581097,0.50694984,3.101067,0.9201977,4.3566914,1.0,6.2876525,-3.7215528,0.4027778,48.32632,0.0,0.0,0.0,0.0,0.0,0,10.218453,8.518634,0.0,0.26382855,8.565226,7.1645546,0.0,0.23167917,0.0,0.0
0,140,141.0,10.0,1.0,1.0,122.0,1.0,1.0,1.0,0.99999547,1.0,-0.0,0.0,-4.559686e-06,-0.0,0.03304705,3.1458914,0.41196552,3.203622,0.85356003,2.4552896,1.0,6.2771354,-2.3947284,0.3935185,47.9941,0.0,0.0,0.0,0.0,0.0,0,11.365924,7.913101,0.0,0.7961492,8.660982,7.9342,0.0,0.021225488,0.0,0.0
1,140,141.0,10.0,1.0,1.0,122.0,1.0,1.0,1.0,0.9999948,1.0,-0.0,0.0,-5.2082455e-06,-0.0,0.07300358,3.102429,0.45672458,3.110141,0.9510332,2.5629163,1.0,6.0643344,-4.06269,0.4027778,48.143394,0.0,0.0,0.0,0.0,0.0,0,8.555928,8.28541,0.0,0.19357964,7.838363,7.003362,0.0,0.30956882,0.0,0.0
2,140,141.0,10.0,1.0,1.0,122.0,1.0,1.0,1.0,0.9999956,1.0,-0.0,0.0,-4.4295252e-06,-0.0,0.014957041,3.180935,0.52542746,3.0787737,0.88402814,2.485076,1.0,7.063081,-4.807082,0.4027778,48.373123,0.0,0.0,0.0,0.0,0.0,0,8.744565,8.289464,0.0,0.23476048,8.443961,7.3685713,0.0,0.062293477,0.0,0.0
3,140,141.0,10.0,1.0,1.0,122.0,1.0,1.0,1.0,0.9999953,1.0,-0.0,0.0,-4.7359617e-06,-0.0,0.027679652,3.0923636,0.52227145,3.134959,0.9321118,4.3523765,1.0,6.3921833,-4.172283,0.4027778,48.386417,0.0,0.0,0.0,0.0,0.0,0,9.833371,8.463831,0.0,0.15130928,8.47262,7.1428056,0.0,0.22354308,0.0,0.0
0,141,142.0,10.0,1.0,1.0,123.0,1.0,1.0,1.0,0.8575002,1.0,-0.14249577,0.0,-4.0488158e-06,-0.0,0.052012876,3.4274871,0.42127115,3.2099686,0.865583,2.48728,1.0,6.375659,-4.176939,0.3935185,48.474358,0.0,0.0,0.0,0.0,0.0,0,11.437717,7.9418416,0.0,0.7342526,8.804396,8.121927,0.0,0.02618988,0.0,0.0
1,141,142.0,10.0,1.0,1.0,123.0,1.0,1.0,1.0,0.8709884,1.0,-0.12900662,0.0,-4.9312907e-06,-0.0,0.15248972,3.3870199,0.47134036,3.1684883,0.9650304,2.5659688,1.0,6.1707273,-5.9222627,0.4027778,48.654724,0.0,0.0,0.0,0.0,0.0,0,8.444844,8.278157,0.0,0.24764106,8.014762,7.2159944,0.0,0.2401566,0.0,0.0
2,141,142.0,10.0,1.0,1.0,123.0,1.0,1.0,1.0,0.8520087,1.0,-0.14798672,0.0,-4.57275e-06,-0.0,0.12756827,3.4439602,0.5404681,3.1242034,0.8974123,2.5010884,1.0,7.242454,-6.9038086,0.4027778,48.82789,0.0,0.0,0.0,0.0,0.0,0,8.6524105,8.271479,0.0,0.2578362,8.54797,7.3446364,0.0,0.045314766,0.0,0.0
3,141,142.0,10.0,1.0,1.0,123.0,1.0,1.0,1.0,0.8784724,1.0,-0.12152301,0.0,-4.5853217e-06,-0.0,0.1243148,3.364569,0.53856426,3.1790938,0.9476079,4.364949,1.0,6.5477204,-6.1322374,0.4027778,48.871323,0.0,0.0,0.0,0.0,0.0,0,9.6432295,8.488211,0.0,0.15874632,8.599897,7.2648234,0.0,0.22461346,0.0,0.0
0,142,143.0,10.0,1.0,1.0,124.0,1.0,1.0,1.0,0.9462529,1.0,-0.053743087,0.0,-4.0379073e-06,-0.0,0.0885196,3.1612291,0.43006358,3.218736,0.87378854,2.5166876,1.0,6.782551,-4.2538533,0.3935185,48.93433,0.0,0.0,0.0,0.0,0.0,0,11.838036,8.247619,0.0,0.85312444,8.638383,7.8476133,0.0,0.15413857,0.0,0.0
1,142,143.0,10.0,1.0,1.0,124.0,1.0,1.0,1.0,0.9512642,1.0,-0.04873158,0.0,-4.2607326e-06,-0.0,0.15846714,3.1461947,0.48071003,3.1575992,0.975782,2.5911644,1.0,6.4105315,-5.4866347,0.4027778,49.12903,0.0,0.0,0.0,0.0,0.0,0,7.886692,8.05858,0.0,0.34320337,7.0312004,6.9886947,0.0,0.2721918,0.0,0.0
2,142,143.0,10.0,1.0,1.0,124.0,1.0,1.0,1.0,0.94286543,1.0,-0.057129998,0.0,-4.5973484e-06,-0.0,0.1322791,3.1713898,0.54787517,3.1416934,0.9076885,2.5616946,1.0,7.4879956,-6.3865585,0.4027778,49.309204,0.0,0.0,0.0,0.0,0.0,0,9.131535,8.3559,0.0,0.0,8.309384,7.6222672,0.0,0.16799705,0.0,0.0
3,142,143.0,10.0,1.0,1.0,124.0,1.0,1.0,1.0,0.96313745,1.0,-0.036858022,0.0,-4.5378233e-06,-0.0,0.16369931,3.110574,0.5581753,3.2359567,0.9566168,4.3823123,1.0,7.02518,-6.2992277,0.4027778,49.34102,0.0,0.0,0.0,0.0,0.0,0,9.653223,8.700748,0.0,0.5739486,7.5351086,7.0793147,0.0,0.3177275,0.0,0.0
0,143,144.0,10.0,1.0,1.0,125.0,1.0,1.0,1.0,0.99999446,1.0,-0.0,0.0,-5.5522096e-06,-0.0,0.029697828,3.3127005,0.4447565,3.1953037,0.8860989,2.5509775,1.0,6.8878326,-4.258777,0.3935185,49.4388,0.0,0.0,0.0,0.0,0.0,0,10.977302,7.726658,0.0,0.66653556,8.526449,8.203989,0.0,0.061369438,0.0,0.0
1,143,144.0,10.0,1.0,1.0,125.0,1.0,1.0,1.0,0.99999356,1.0,-0.0,0.0,-6.4284154e-06,-0.0,0.02660919,3.3032866,0.49900073,3.2026443,0.9933223,2.6298442,1.0,6.4464016,-5.299068,0.4027778,49.64912,0.0,0.0,0.0,0.0,0.0,0,7.951119,8.054696,0.0,0.23725618,7.6519513,7.2680073,0.0,0.20687537,0.0,0.0
2,143,144.0,10.0,1.0,1.0,125.0,1.0,1.0,1.0,0.9999943,1.0,-0.0,0.0,-5.7454495e-06,-0.0,0.02918318,3.3220177,0.5690125,3.183277,0.9243732,2.5738876,1.0,7.6126475,-6.5229435,0.4027778,49.811684,0.0,0.0,0.0,0.0,0.0,0,8.17381,7.9794207,0.0,0.21377823,8.077252,7.334763,0.0,0.1043604,0.0,0.0
3,143,144.0,10.0,1.0,1.0,125.0,1.0,1.0,1.0,0.9999944,1.0,-0.0,0.0,-5.626988e-06,-0.0,0.036502816,3.2756515,0.57823837,3.2746713,0.97383845,4.3851695,1.0,7.081,-6.198251,0.4027778,49.87699,0.0,0.0,0.0,0.0,0.0,0,9.087376,8.2816,0.0,0.5663039,8.419051,7.332301,0.0,0.17213169,0.0,0.0
0,144,145.0,10.0,1.0,1.0,126.0,1.0,1.0,1.0,0.9999959,1.0,-0.0,0.0,-4.126449e-06,-0.0,0.046786293,3.153983,0.44326094,3.2429643,0.89796466,2.6023173,1.0,6.570383,-3.6383848,0.3935185,49.516506,0.0,0.0,0.0,0.0,0.0,0,10.977828,7.712118,0.0,0.68958676,8.89993,7.907808,0.0,0.050254676,0.0,0.0
1,144,145.0,10.0,1.0,1.0,126.0,1.0,1.0,1.0,0.9993584,1.0,-0.0,0.0,-4.886575e-06,-0.00063668704,0.015265495,3.1653166,0.5069947,3.248752,1.0050935,2.6843436,0.0,6.1977053,-4.893926,0.4027778,49.702026,0.0,0.0,0.0,0.0,0.0,0,7.761305,8.021589,0.0,0.38297787,7.9709687,7.037762,0.0,0.3859493,0.0,0.0
2,144,145.0,10.0,1.0,1.0,126.0,1.0,1.0,1.0,0.99999565,1.0,-0.0,0.0,-4.3742825e-06,-0.0,0.022853725,3.1569571,0.5735296,3.2075293,0.9373932,2.6134229,1.0,7.3702774,-6.126687,0.4027778,49.894104,0.0,0.0,0.0,0.0,0.0,0,7.9634366,7.9702396,0.0,0.30449423,8.471277,7.176294,0.0,0.102533005,0.0,0.0
3,144,145.0,10.0,1.0,1.0,126.0,1.0,1.0,1.0,0.99999577,1.0,-0.0,0.0,-4.2021784e-06,-0.0,0.0010425225,3.1355355,0.57919073,3.29469,0.98444194,4.420908,1.0,6.742441,-5.469147,0.4027778,49.932186,0.0,0.0,0.0,0.0,0.0,0,8.811435,8.308523,0.0,0.69120014,8.709373,7.1581855,0.0,0.31672743,0.0,0.0
0,145,146.0,10.0,1.0,1.0,127.0,1.0,1.0,1.0,0.88754165,1.0,-0.112452544,0.0,-5.777672e-06,-0.0,0.21057501,3.3373575,0.44246116,3.2935016,0.9091071,2.6664965,1.0,6.5240183,-2.6165042,0.3935185,50.03502,0.0,0.0,0.0,0.0,0.0,0,10.971159,7.641886,0.0,0.6206128,9.099225,8.252643,0.0,0.07049817,0.0,0.0
1,145,146.0,10.0,1.0,1.0,127.0,1.0,1.0,1.0,0.88488096,1.0,-0.11237258,0.0,-6.3644643e-06,-0.0027401024,0.14541857,3.3371177,0.5144451,3.29469,1.0219208,2.7340386,0.0,6.226677,-4.0511985,0.4027778,50.226933,0.0,0.0,0.0,0.0,0.0,0,7.467329,7.9236345,0.0,0.3933082,8.224143,7.3645053,0.0,0.23328833,0.0,0.0
2,145,146.0,10.0,1.0,1.0,127.0,1.0,1.0,1.0,0.8905244,1.0,-0.10946946,0.0,-6.1199216e-06,-0.0,0.12823492,3.3284082,0.57760787,3.2299035,0.95014924,2.670896,1.0,7.38246,-5.3101144,0.4027778,50.401352,0.0,0.0,0.0,0.0,0.0,0,7.717339,7.85592,0.0,0.33642587,8.700575,7.4469233,0.0,0.12063824,0.0,0.0
3,145,146.0,10.0,1.0,1.0,127.0,1.0,1.0,1.0,0.8962821,1.0,-0.10344405,0.0,-5.6839644e-06,-0.00026823254,0.17605257,3.310332,0.5810598,3.314115,1.0021459,4.438581,0.0,6.7127943,-4.502523,0.4027778,50.451458,0.0,0.0,0.0,0.0,0.0,0,8.483721,8.251987,0.0,0.5643392,8.912857,7.3977976,0.0,0.24700081,0.0,0.0
0,146,147.0,10.0,1.0,1.0,128.0,1.0,1.0,1.0,0.9748969,1.0,-0.025099082,0.0,-3.9925803e-06,-0.0,0.16942602,3.075297,0.44990593,3.2999127,0.91782844,2.709016,1.0,7.0216327,-6.2430363,0.3935185,50.460754,0.0,0.0,0.0,0.0,0.0,0,11.82294,8.229158,0.0,1.0998684,8.219841,7.947234,0.0,0.06287551,0.0,0.0
1,146,147.0,10.0,1.0,1.0,128.0,1.0,1.0,1.0,0.9610976,1.0,-0.034630734,0.0,-4.4570374e-06,-0.004267227,0.21823756,3.103892,0.52420294,3.292313,1.0341378,2.8371663,0.0,6.624274,-7.310115,0.4027778,50.665657,0.0,0.0,0.0,0.0,0.0,0,7.606763,8.157838,0.0,0.7889447,7.4871593,7.099413,0.0,0.4039024,0.0,0.0
2,146,147.0,10.0,1.0,1.0,128.0,1.0,1.0,1.0,0.97375923,1.0,-0.026236227,0.0,-4.5090555e-06,-0.0,0.15103482,3.0787086,0.5659775,3.2201946,0.97015274,2.879341,1.0,7.341122,-7.1193223,0.4027778,50.867004,0.0,0.0,0.0,0.0,0.0,0,7.299606,8.097343,0.0,1.0042591,7.1603117,7.26847,0.0,0.3592791,0.0,0.0
3,146,147.0,10.0,1.0,1.0,128.0,1.0,1.0,1.0,0.97061044,1.0,-0.02545435,0.0,-3.834987e-06,-0.003931427,0.17893445,3.076363,0.6084429,3.3484225,1.0314513,4.557114,0.0,7.1954374,-7.338396,0.4027778,50.87876,0.0,0.0,0.0,0.0,0.0,0,8.537001,8.491622,0.0,0.8197355,8.406522,7.34394,0.0,0.28984007,0.0,0.0
0,147,148.0,10.0,1.0,1.0,129.0,1.0,1.0,1.0,0.9999926,1.0,-0.0,0.0,-7.398133e-06,-0.0,0.01896061,3.3645072,0.47655055,3.282312,0.92747563,2.7707253,1.0,7.1043434,-5.3303113,0.3935185,51.252834,0.0,0.0,0.0,0.0,0.0,0,10.678567,7.599595,0.0,0.5314356,8.730902,8.367709,0.0,0.028576741,0.0,0.0
1,147,148.0,10.0,1.0,1.0,129.0,1.0,1.0,1.0,0.9939492,1.0,-0.0,0.0,-8.087804e-06,-0.006042747,0.0021800399,3.394847,0.5395952,3.1984868,1.048342,2.8828726,0.0,6.3018246,-5.5811906,0.4027778,51.458866,0.0,0.0,0.0,0.0,0.0,0,6.863358,7.5199943,0.0,0.6200026,7.6597543,7.522752,0.0,0.24854416,0.0,0.0
2,147,148.0,10.0,1.0,1.0,129.0,1.0,1.0,1.0,0.99999255,1.0,-0.0,0.0,-7.457523e-06,-0.0,0.0020828098,3.3688848,0.5829314,3.253327,0.97671676,2.8711736,1.0,7.1859436,-6.1731057,0.4027778,51.65158,0.0,0.0,0.0,0.0,0.0,0,6.9744945,7.709778,0.0,0.62866026,8.525543,7.43553,0.0,0.07588959,0.0,0.0
3,147,148.0,10.0,1.0,1.0,129.0,1.0,1.0,1.0,0.9949159,1.0,-0.0,0.0,-8.136629e-06,-0.005075906,0.011422858,3.3285215,0.623054,3.370326,1.0406072,4.424802,0.0,7.0674677,-6.563127,0.4027778,51.64085,0.0,0.0,0.0,0.0,0.0,0,8.005053,8.243055,0.0,0.5097674,8.431221,7.558298,0.0,0.03767261,0.0,3.2989674
0,148,149.0,10.0,1.0,1.0,130.0,1.0,1.0,1.0,0.9999946,1.0,-0.0,0.0,-5.421128e-06,-0.0,0.038470328,3.3379567,0.467301,3.35846,0.9384372,2.8313663,1.0,6.607645,-4.2019134,0.3935185,51.475323,0.0,0.0,0.0,0.0,0.0,0,10.792078,7.515607,0.0,0.71890956,9.175207,8.085436,0.0,0.010984968,0.0,0.0
1,148,149.0,10.0,1.0,1.0,130.0,1.0,1.0,1.0,0.99246335,1.0,-0.0,0.0,-5.57319e-06,-0.007531047,0.09997282,3.3731356,0.5235439,3.0308566,1.0602484,2.9198344,0.0,5.4146085,-3.8403664,0.4027778,51.651287,0.0,0.0,0.0,0.0,0.0,0,8.041373,8.031512,0.0,1.0546018,7.7015257,7.1839433,0.0,0.21666457,0.0,0.0
2,148,149.0,10.0,1.0,1.0,130.0,1.0,1.0,1.0,0.9999951,1.0,-0.0,0.0,-4.8934826e-06,-0.0,0.0359945,3.342041,0.58319837,3.2751493,0.9884746,2.8771648,1.0,6.7913647,-5.5078363,0.4027778,51.872974,0.0,0.0,0.0,0.0,0.0,0,6.68165,7.6598473,0.0,0.71337855,8.804738,7.1524143,0.0,0.12808104,0.0,0.0
3,148,149.0,10.0,1.0,1.0,130.0,1.0,1.0,1.0,0.994519,1.0,-0.0,0.0,-5.883105e-06,-0.0054751057,0.00069942325,3.2833378,0.61629754,3.3740404,1.0438008,4.3613605,0.0,6.637878,-6.26668,0.4027778,51.838547,0.0,0.0,0.0,0.0,0.0,0,7.5540223,8.171666,0.0,0.5801271,8.851455,7.22241,0.0,0.09042503,0.0,3.6633048
0,149,150.0,10.0,1.0,1.0,131.0,1.0,1.0,1.0,0.9999937,1.0,-0.0,0.0,-6.3367916e-06,-0.0,0.06630067,3.4239013,0.50152034,3.3619545,0.9456961,2.9034352,1.0,7.0462303,-5.6618824,0.3935185,51.690014,0.0,0.0,0.0,0.0,0.0,0,10.557353,7.566229,0.0,0.5205176,8.60334,8.2421875,0.0,0.012501462,0.0,0.0
1,149,150.0,10.0,1.0,1.0,131.0,1.0,1.0,1.0,0.9915482,1.0,-0.0,0.0,-6.992864e-06,-0.008444872,0.047796033,3.4398773,0.5646476,3.0820773,1.067559,2.9507685,0.0,5.976288,-5.867656,0.4027778,51.842724,0.0,0.0,0.0,0.0,0.0,0,7.6914353,7.979236,0.0,0.92932767,7.1944046,7.3442545,0.0,0.21378571,0.0,0.0
2,149,150.0,10.0,1.0,1.0,131.0,1.0,1.0,1.0,0.9999941,1.0,-0.0,0.0,-5.928045e-06,-0.0,0.005233474,3.4158387,0.59882,3.3376515,0.9972788,2.9592452,1.0,6.822139,-5.9685817,0.4027778,52.07461,0.0,0.0,0.0,0.0,0.0,0,9.101521,7.9138846,0.0,0.69960123,8.452526,7.861244,0.0,0.079604305,0.0,0.0
3,149,150.0,10.0,1.0,1.0,131.0,1.0,1.0,1.0,0.9930753,1.0,-0.0,0.0,-6.945937e-06,-0.0069177244,0.035616755,3.354121,0.59553164,3.2935016,1.0553417,4.2951612,0.0,6.0840535,-5.5177193,0.4027778,52.032097,0.0,0.0,0.0,0.0,0.0,0,6.943033,8.556412,0.0,0.85190874,7.2919607,7.4048204,0.0,0.13480322,0.0,3.7559886
0,150,151.0,10.0,1.0,1.0,132.0,1.0,1.0,1.0,0.9999951,1.0,-0.0,0.0,-4.876945e-06,-0.0,0.030314364,3.1411004,0.5102678,3.3973923,0.9570945,2.9475834,1.0,7.054299,-5.434582,0.3935185,51.857197,0.0,0.0,0.0,0.0,0.0,0,10.155442,7.2819214,0.0,0.4003296,8.751807,8.20092,0.0,0.02405255,0.0,0.0
1,150,151.0,10.0,1.0,1.0,132.0,1.0,1.0,1.0,0.99029684,1.0,-0.0,0.0,-4.8241072e-06,-0.009698316,0.03589578,3.189989,0.59299165,3.1670055,1.0775865,2.976652,0.0,6.1207085,-5.989909,0.4027778,51.98021,0.0,0.0,0.0,0.0,0.0,0,7.591349,7.8226614,0.0,0.38259143,7.4475718,7.2473845,0.0,0.2881897,0.0,0.0
2,150,151.0,10.0,1.0,1.0,132.0,1.0,1.0,1.0,0.99893665,1.0,-0.0,0.0,-4.3526065e-06,-0.0010589836,0.059185922,3.1616013,0.6073695,3.3211937,1.0084718,2.9475834,0.0,6.436295,-5.2335596,0.4027778,52.227093,0.0,0.0,0.0,0.0,0.0,0,8.81708,8.111532,0.0,0.58403337,8.291067,7.7607493,0.0,0.083594374,0.0,0.0
3,150,151.0,10.0,1.0,1.0,132.0,1.0,1.0,1.0,0.9923688,1.0,-0.0,0.0,-4.73566e-06,-0.007626484,0.05583521,3.1267762,0.6145679,3.3020468,1.0610118,4.286038,0.0,6.0116735,-5.505668,0.4027778,52.149784,0.0,0.0,0.0,0.0,0.0,0,8.608141,8.111299,0.0,0.45429534,8.300685,7.5953574,0.0,0.10085647,0.0,3.562806
0,151,152.0,10.0,1.0,1.0,133.0,1.0,1.0,1.0,0.9999943,1.0,-0.0,0.0,-5.741283e-06,-0.0,0.038779154,3.5203273,0.5069479,3.4538348,0.968842,3.0116837,1.0,6.6786423,-4.186852,0.39814815,52.542667,0.0,0.0,0.0,0.0,0.0,0,10.259144,7.142468,0.0,0.6037421,9.430731,8.3853445,0.0,0.0,0.0,0.0
1,151,152.0,10.0,1.0,1.0,133.0,1.0,1.0,1.0,0.98896915,1.0,-0.0,0.0,-6.2466934e-06,-0.011024566,0.015322864,3.5671089,0.5996574,3.2114315,1.0881965,3.0043976,0.0,5.8502893,-5.1097684,0.4074074,52.681015,0.0,0.0,0.0,0.0,0.0,0,7.146784,7.7090836,0.0,0.49926758,7.985667,7.4563527,0.0,0.16301952,0.0,0.0
2,151,152.0,10.0,1.0,1.0,133.0,1.0,1.0,1.0,0.9976168,1.0,-0.0,0.0,-5.071413e-06,-0.0023781322,0.1082506,3.5411503,0.61875165,3.3409333,1.0190251,2.969807,0.0,6.1567636,-4.510546,0.4074074,52.905018,0.0,0.0,0.0,0.0,0.0,0,9.067799,8.184204,0.0,0.79634166,8.633417,8.016285,0.0,0.0022435307,0.0,0.0
3,151,152.0,10.0,1.0,1.0,133.0,1.0,1.0,1.0,0.9881953,1.0,-0.0,0.0,-6.390912e-06,-0.011798309,0.120612234,3.498158,0.6293594,3.3249624,1.0943865,4.4088497,0.0,5.834622,-4.029704,0.4027778,52.850758,0.0,0.0,0.0,0.0,0.0,0,8.51593,8.186637,0.0,0.56842375,8.89524,8.341053,0.0,0.17706917,0.0,0.0
0,152,153.0,10.0,1.0,1.0,134.0,1.0,1.0,1.0,0.9999963,1.0,-0.0,0.0,-3.7183129e-06,-0.0,0.021283701,3.1931412,0.50914127,3.4934971,0.9787431,3.0452852,1.0,6.6413927,-4.411632,0.39814815,52.790154,0.0,0.0,0.0,0.0,0.0,0,10.454358,7.2649117,0.0,0.5507738,9.3775625,8.136767,0.0,0.018046528,0.0,0.0
1,152,153.0,10.0,1.0,1.0,134.0,1.0,1.0,1.0,0.9881462,1.0,-0.0,0.0,-4.2306724e-06,-0.011849554,0.0403177,3.2435014,0.61359,3.2566936,1.0947964,3.0054398,0.0,5.9599967,-5.9689264,0.4074074,52.94092,0.0,0.0,0.0,0.0,0.0,0,7.3359685,7.955722,0.0,0.524502,7.8075233,7.178774,0.0,0.2729101,0.0,0.0
2,152,153.0,10.0,1.0,1.0,134.0,1.0,1.0,1.0,0.9964507,1.0,-0.0,0.0,-3.3708052e-06,-0.003545871,0.077056885,3.208565,0.62693155,3.3575277,1.0283669,2.9634745,0.0,6.141588,-4.9968567,0.4074074,53.181587,0.0,0.0,0.0,0.0,0.0,0,8.805325,8.348113,0.0,0.8437394,8.245937,7.660215,0.0,0.060621485,0.0,0.0
3,152,153.0,10.0,1.0,1.0,134.0,1.0,1.0,1.0,0.98736763,1.0,-0.0,0.0,-3.720818e-06,-0.012628676,0.058176927,3.1749625,0.64855546,3.3540287,1.1010294,4.409915,0.0,5.985006,-5.013628,0.4027778,53.1066,0.0,0.0,0.0,0.0,0.0,0,8.617414,8.35329,0.0,0.45895618,8.735759,8.03806,0.0,0.27174717,0.0,0.0
0,153,154.0,10.0,1.0,1.0,135.0,1.0,1.0,1.0,0.9999943,1.0,-0.0,0.0,-5.7354778e-06,-0.0,0.049768202,3.561714,0.5402447,3.473948,0.9870762,3.0673115,1.0,7.0888357,-5.623741,0.39814815,53.272522,0.0,0.0,0.0,0.0,0.0,0,11.011288,7.646436,0.0,0.8921074,9.2457905,8.312082,0.0,0.0,0.0,0.0
1,153,154.0,10.0,1.0,1.0,135.0,1.0,1.0,1.0,0.9856895,1.0,-0.0,0.0,-6.090033e-06,-0.01430437,0.048747845,3.5870368,0.61876154,3.2689292,1.114435,3.0481114,0.0,6.214985,-5.9564466,0.4074074,53.401268,0.0,0.0,0.0,0.0,0.0,0,7.5118313,8.010745,0.0,0.58083093,8.305537,7.492191,0.0,0.0,0.0,0.0
2,153,154.0,10.0,1.0,1.0,135.0,1.0,1.0,1.0,0.9954473,1.0,-0.0,0.0,-5.6994277e-06,-0.0045470195,0.0034036115,3.5634928,0.65197486,3.3856208,1.0363761,2.9997041,0.0,6.556849,-6.004937,0.4074074,53.64973,0.0,0.0,0.0,0.0,0.0,0,9.064545,8.5009985,0.0,0.99477327,8.503149,7.8427715,0.0,0.0,0.0,0.0
3,153,154.0,10.0,1.0,1.0,135.0,1.0,1.0,1.0,0.9851375,1.0,-0.0,0.0,-6.0991792e-06,-0.014856376,0.026422739,3.5268624,0.6810049,3.4121065,1.118851,4.472318,0.0,6.5280147,-6.089792,0.4074074,53.57262,0.0,0.0,0.0,0.0,0.0,0,8.888885,8.4823,0.0,0.63292205,8.629603,8.137658,0.0,0.0,0.0,0.0
0,154,155.0,10.0,1.0,1.0,136.0,1.0,1.0,1.0,0.9999959,1.0,-0.0,0.0,-4.1343997e-06,-0.0,0.04732106,3.1755228,0.55948985,3.4701152,0.9967897,3.075976,1.0,7.2408557,-5.8974195,0.39814815,53.56171,0.0,0.0,0.0,0.0,0.0,0,10.836553,7.5745206,0.0,0.53218186,9.13598,8.276323,0.0,0.0,0.0,0.0
1,154,155.0,10.0,1.0,1.0,136.0,1.0,1.0,1.0,0.98421514,1.0,-0.0,0.0,-4.2665583e-06,-0.015780551,0.034691393,3.2189767,0.6334243,3.311752,1.1262444,3.0787737,0.0,6.2918916,-5.9369674,0.4074074,53.674286,0.0,0.0,0.0,0.0,0.0,0,7.5831428,8.20048,0.0,0.4348459,7.947592,7.4099092,0.0,0.3672,0.0,0.0
2,154,155.0,10.0,1.0,1.0,136.0,1.0,1.0,1.0,0.99428284,1.0,-0.0,0.0,-3.907546e-06,-0.00571321,0.016057305,3.1935983,0.66208696,3.3967009,1.0457057,3.0675664,0.0,6.628476,-6.0378237,0.4074074,53.926468,0.0,0.0,0.0,0.0,0.0,0,8.905685,8.592563,0.0,0.64803416,8.243033,8.22719,0.0,0.0,0.0,0.0
3,154,155.0,10.0,1.0,1.0,136.0,1.0,1.0,1.0,0.9830856,1.0,-0.0,0.0,-4.666272e-06,-0.016909756,0.017513148,3.131446,0.6902921,3.4292698,1.135278,4.5711794,0.0,6.5986757,-6.0126686,0.4074074,53.88049,0.0,0.0,0.0,0.0,0.0,0,8.964432,8.585,0.0,0.5000029,8.6273155,8.386799,0.0,0.4273818,0.0,0.0
0,155,156.0,10.0,1.0,1.0,137.0,1.0,1.0,1.0,0.9995466,1.0,-0.0,0.0,-6.1506e-06,-0.0004473026,0.019247271,3.5010278,0.57102144,3.4804766,1.0035784,3.1179335,0.0,7.036897,-5.406784,0.39814815,54.044968,0.0,0.0,0.0,0.0,0.0,0,10.854565,7.5908947,0.0,0.56347966,9.492736,8.269754,0.0,0.0,0.0,0.0
1,155,156.0,10.0,1.0,1.0,137.0,1.0,1.0,1.0,0.98380804,1.0,-0.0,0.0,-6.556881e-06,-0.016185384,0.036444888,3.4998257,0.6413748,3.3385894,1.1294831,3.029048,0.0,6.1130805,-5.8894343,0.4074074,54.113895,0.0,0.0,0.0,0.0,0.0,0,7.64546,8.183121,0.0,0.6193001,8.280693,7.5380096,0.0,0.19381517,0.0,0.0
2,155,156.0,10.0,1.0,1.0,137.0,1.0,1.0,1.0,0.99375385,1.0,-0.0,0.0,-6.0541583e-06,-0.0062400824,0.020747818,3.488132,0.6731099,3.4185243,1.0499207,3.0550373,0.0,6.4704475,-5.835889,0.4074074,54.383667,0.0,0.0,0.0,0.0,0.0,0,8.963301,8.659103,0.0,0.7563423,8.5146675,7.934127,0.0,0.0,0.0,0.0
3,155,156.0,10.0,1.0,1.0,137.0,1.0,1.0,1.0,0.98291314,1.0,-0.0,0.0,-6.5149184e-06,-0.017080363,0.014167838,3.4210522,0.7015474,3.459044,1.1366429,4.530062,0.0,6.415454,-5.907029,0.4074074,54.333504,0.0,0.0,0.0,0.0,0.0,0,9.058963,8.661977,0.0,0.6166024,8.911031,8.363829,0.0,0.0013186058,0.0,0.0
0,156,157.0,10.0,1.0,1.0,138.0,1.0,1.0,1.0,0.99827105,1.0,-0.0,0.0,-3.8202875e-06,-0.0017251121,0.09472147,3.2514844,0.57460314,3.4950652,1.0138009,3.163296,0.0,6.978366,-4.423147,0.39814815,54.208763,0.0,0.0,0.0,0.0,0.0,0,10.822108,7.650858,0.0,0.498112,9.348991,8.105089,0.0,0.0,0.0,0.0
1,156,157.0,10.0,1.0,1.0,138.0,1.0,1.0,1.0,0.98280334,1.0,-0.0,0.0,-3.8070311e-06,-0.017192867,0.04388243,3.2395627,0.6533757,3.380067,1.137543,3.0075223,0.0,6.1542797,-5.489454,0.4074074,54.29396,0.0,0.0,0.0,0.0,0.0,0,7.5198503,8.251643,0.0,0.5006418,7.9615407,7.325178,0.0,0.12281195,0.0,0.0
2,156,157.0,10.0,1.0,1.0,138.0,1.0,1.0,1.0,0.99257815,1.0,-0.0,0.0,-3.6713388e-06,-0.0074181356,0.106508285,3.230558,0.67823267,3.4383883,1.059345,3.0662906,0.0,6.471993,-5.231617,0.4074074,54.56258,0.0,0.0,0.0,0.0,0.0,0,8.807416,8.658062,0.0,0.6849227,8.238317,7.768873,0.0,0.0,0.0,0.0
3,156,157.0,10.0,1.0,1.0,138.0,1.0,1.0,1.0,0.9823588,1.0,-0.0,0.0,-3.8077305e-06,-0.017637352,0.076565705,3.16481,0.70640755,3.4791267,1.1410987,4.515348,0.0,6.393502,-5.32534,0.4074074,54.511345,0.0,0.0,0.0,0.0,0.0,0,8.89938,8.705583,0.0,0.54653424,8.699349,8.269969,0.0,0.05721403,0.0,0.0
0,157,158.0,10.0,1.0,1.0,139.0,1.0,1.0,1.0,0.99740374,1.0,-0.0,0.0,-5.4809984e-06,-0.0025907648,0.054820627,3.4185116,0.5813763,3.5120459,1.0207261,3.2197082,0.0,7.0685225,-5.9427714,0.39814815,54.497887,0.0,0.0,0.0,0.0,0.0,0,11.392685,7.723485,0.0,0.7850613,9.856803,8.465665,0.0,0.0,0.0,0.0
1,157,158.0,10.0,1.0,1.0,139.0,1.0,1.0,1.0,0.9813756,1.0,-0.0,0.0,-5.1160832e-06,-0.018619327,0.04313551,3.4223297,0.6503529,3.3742723,1.1489546,3.0731752,0.0,6.115101,-5.8194866,0.4074074,54.599064,0.0,0.0,0.0,0.0,0.0,0,7.740273,8.419552,0.0,0.79122,8.711764,7.412206,0.0,0.0,0.0,0.0
2,157,158.0,10.0,1.0,1.0,139.0,1.0,1.0,1.0,0.9918077,1.0,-0.0,0.0,-5.2271957e-06,-0.008187035,0.00579264,3.4062254,0.6734128,3.4470286,1.0654962,3.1568556,0.0,6.4334307,-5.808627,0.4074074,54.862316,0.0,0.0,0.0,0.0,0.0,0,9.06862,8.77854,0.0,0.889988,8.967025,7.9346485,0.0,0.0,0.0,0.0
3,157,158.0,10.0,1.0,1.0,139.0,1.0,1.0,1.0,0.9813392,1.0,-0.0,0.0,-5.3272165e-06,-0.018655473,0.02734866,3.3406682,0.7052182,3.4833992,1.1492437,4.5858846,0.0,6.379656,-5.951699,0.4074074,54.812004,0.0,0.0,0.0,0.0,0.0,0,8.956451,8.820773,0.0,0.74312043,9.273764,8.319881,0.0,0.0,0.0,0.0
0,158,159.0,10.0,1.0,1.0,140.0,1.0,1.0,1.0,0.9965769,1.0,-0.0,0.0,-3.9524275e-06,-0.0034191413,0.016105734,3.3325558,0.59634876,3.5278358,1.027353,3.3013356,0.0,7.165384,-5.551012,0.39814815,54.6799,0.0,0.0,0.0,0.0,0.0,0,10.833902,7.677857,0.0,0.49796486,9.376084,8.3910885,0.0,0.0,0.0,0.0
1,158,159.0,10.0,1.0,1.0,140.0,1.0,1.0,1.0,0.98048085,1.0,-0.0,0.0,-3.4920708e-06,-0.019515608,0.012723729,3.3620558,0.6713609,3.453155,1.1561248,3.0611804,0.0,6.243688,-5.6772976,0.4074074,54.777996,0.0,0.0,0.0,0.0,0.0,0,7.5712337,8.420255,0.0,0.5223076,8.027907,7.4691334,0.0,0.23365213,0.0,0.0
2,158,159.0,10.0,1.0,1.0,140.0,1.0,1.0,1.0,0.99086803,1.0,-0.0,0.0,-3.4896836e-06,-0.009128475,0.06658025,3.3456597,0.6909743,3.4804766,1.0730277,3.170711,0.0,6.55293,-5.5077896,0.4074074,55.04324,0.0,0.0,0.0,0.0,0.0,0,8.779688,8.773732,0.0,0.70717967,8.334222,7.883429,0.0,0.0,0.0,0.0
3,158,159.0,10.0,1.0,1.0,140.0,1.0,1.0,1.0,0.98070395,1.0,-0.0,0.0,-3.6321426e-06,-0.019292418,0.037800893,3.2810087,0.7214196,3.5340433,1.1543393,4.592538,0.0,6.47169,-5.656345,0.4074074,54.993176,0.0,0.0,0.0,0.0,0.0,0,8.829602,8.842995,0.0,0.54605496,8.751146,8.2926035,0.0,0.0,0.0,0.0
0,159,160.0,10.0,1.0,1.0,141.0,1.0,1.0,1.0,0.9957838,1.0,-0.0,0.0,-4.5383576e-06,-0.00421165,0.048118085,3.32453,0.6047076,3.544439,1.0336932,3.3842332,0.0,7.2391214,-5.3744855,0.39814815,54.865192,0.0,0.0,0.0,0.0,0.0,0,10.8829365,7.700991,0.0,0.5566075,9.2741785,8.426067,0.0,0.0,0.0,0.0
1,159,160.0,10.0,1.0,1.0,141.0,1.0,1.0,1.0,0.9800861,1.0,-0.0,0.0,-4.1058975e-06,-0.019909792,0.036880746,3.3520195,0.68251204,3.4973042,1.1592783,3.101067,0.0,6.334285,-5.499443,0.4074074,54.96571,0.0,0.0,0.0,0.0,0.0,0,7.5161963,8.480147,0.0,0.50650793,7.949135,7.4568653,0.0,0.34043768,0.0,0.0
2,159,160.0,10.0,1.0,1.0,141.0,1.0,1.0,1.0,0.9901663,1.0,-0.0,0.0,-4.032673e-06,-0.009829621,0.08967165,3.332301,0.6993152,3.5042362,1.0786369,3.1913815,0.0,6.631434,-5.42512,0.4074074,55.228157,0.0,0.0,0.0,0.0,0.0,0,8.762962,8.83873,0.0,0.67452514,8.293027,7.92281,0.0,0.0,0.0,0.0
3,159,160.0,10.0,1.0,1.0,141.0,1.0,1.0,1.0,0.980134,1.0,-0.0,0.0,-4.1625453e-06,-0.019861829,0.06890185,3.270354,0.7297119,3.5653584,1.1588945,4.624137,0.0,6.5355806,-5.423194,0.4074074,55.179832,0.0,0.0,0.0,0.0,0.0,0,8.758404,8.921518,0.0,0.5431816,8.700598,8.251222,0.0,0.19556299,0.0,0.0
0,160,161.0,10.0,1.0,1.0,142.0,1.0,1.0,1.0,0.99490374,1.0,-0.0,0.0,-3.76807e-06,-0.0050924835,0.051481836,3.3297024,0.61441886,3.5640407,1.0407399,3.4187531,0.0,7.3178325,-5.361382,0.39814815,55.07591,0.0,0.0,0.0,0.0,0.0,0,10.884662,7.7123775,0.0,0.53767765,9.333787,8.41885,0.0,0.0,0.0,0.0
1,160,161.0,10.0,1.0,1.0,142.0,1.0,1.0,1.0,0.97902113,1.0,-0.0,0.0,-3.5494825e-06,-0.020975305,0.046054274,3.3695717,0.69286865,3.5424504,1.1678025,3.0856311,0.0,6.4037375,-5.3895655,0.4074074,55.18463,0.0,0.0,0.0,0.0,0.0,0,7.462874,8.567591,0.0,0.5408312,7.949451,7.5645027,0.0,0.24383542,0.0,0.0
2,160,161.0,10.0,1.0,1.0,142.0,1.0,1.0,1.0,0.98972726,1.0,-0.0,0.0,-3.523406e-06,-0.010269205,0.094580464,3.3496346,0.7069853,3.5298324,1.0821536,3.2070408,0.0,6.683427,-5.447559,0.4074074,55.44896,0.0,0.0,0.0,0.0,0.0,0,8.752136,8.870203,0.0,0.7279933,8.258556,7.935133,0.0,0.17657082,0.0,0.0
3,160,161.0,10.0,1.0,1.0,142.0,1.0,1.0,1.0,0.97910935,1.0,-0.0,0.0,-3.6224162e-06,-0.02088704,0.07925145,3.28781,0.7376221,3.5974886,1.1670963,4.642892,0.0,6.5887423,-5.256746,0.4074074,55.399723,0.0,0.0,0.0,0.0,0.0,0,8.760567,8.953782,0.0,0.71516603,8.684772,8.4104595,0.0,0.22999558,0.0,0.0
0,161,162.0,10.0,1.0,1.0,143.0,1.0,1.0,1.0,0.9942766,1.0,-0.0,0.0,-3.7105453e-06,-0.0057197292,0.107120164,3.352205,0.62044203,3.5804758,1.0457578,3.4687614,0.0,7.3381543,-4.855953,0.39814815,55.34103,0.0,0.0,0.0,0.0,0.0,0,10.934733,7.757388,0.0,0.56249154,9.30827,8.48685,0.0,0.0,0.0,0.0
1,161,162.0,10.0,1.0,1.0,143.0,1.0,1.0,1.0,0.978515,1.0,-0.0,0.0,-3.7457482e-06,-0.021481235,0.07947963,3.3894055,0.7009063,3.5789452,1.1718498,3.0367908,0.0,6.4518137,-5.142536,0.4074074,55.44761,0.0,0.0,0.0,0.0,0.0,0,7.3843956,8.607796,0.0,0.55192834,7.8992343,7.5787954,0.0,0.37584192,0.0,0.0
2,161,162.0,10.0,1.0,1.0,143.0,1.0,1.0,1.0,0.9889326,1.0,-0.0,0.0,-3.6839024e-06,-0.011063693,0.13130438,3.3741384,0.7132133,3.553923,1.0885096,3.2250528,0.0,6.7265406,-5.0194635,0.4074074,55.716103,0.0,0.0,0.0,0.0,0.0,0,8.719553,8.927599,0.0,0.6881998,8.276917,8.012966,0.0,0.1595672,0.0,0.0
3,161,162.0,10.0,1.0,1.0,143.0,1.0,1.0,1.0,0.97822535,1.0,-0.0,0.0,-3.803669e-06,-0.02177084,0.11510551,3.3094394,0.74473906,3.6293347,1.1741667,4.6677814,0.0,6.6389413,-4.8377438,0.4074074,55.666508,0.0,0.0,0.0,0.0,0.0,0,8.633608,9.044227,0.0,0.60372895,8.679646,8.412681,0.0,0.26856193,0.0,0.0
0,162,163.0,10.0,1.0,1.0,144.0,1.0,1.0,1.0,0.9934621,1.0,-0.0,0.0,-3.7027378e-06,-0.006534194,0.16516224,3.3569674,0.6254329,3.5977063,1.0522735,3.4856458,0.0,7.374456,-4.2582655,0.39814815,55.647255,0.0,0.0,0.0,0.0,0.0,0,10.972169,7.783408,0.0,0.5861676,9.280415,8.434858,0.0,0.0,0.0,0.0
1,162,163.0,10.0,1.0,1.0,144.0,1.0,1.0,1.0,0.97770363,1.0,-0.0,0.0,-3.6817937e-06,-0.022292685,0.12168046,3.3973053,0.7073911,3.609871,1.1783415,3.0168777,0.0,6.5101776,-4.706323,0.4074074,55.75378,0.0,0.0,0.0,0.0,0.0,0,7.309925,8.641353,0.0,0.5674341,7.812195,7.6221704,0.0,0.43991238,0.0,0.0
2,162,163.0,10.0,1.0,1.0,144.0,1.0,1.0,1.0,0.9881868,1.0,-0.0,0.0,-3.6967328e-06,-0.0118095195,0.17350167,3.3862143,0.71813494,3.5758817,1.0944761,3.2506793,0.0,6.7791376,-4.5122056,0.4074074,56.02558,0.0,0.0,0.0,0.0,0.0,0,8.661823,8.95963,0.0,0.7049984,8.225781,8.084431,0.0,0.17412677,0.0,0.0
3,162,163.0,10.0,1.0,1.0,144.0,1.0,1.0,1.0,0.97756374,1.0,-0.0,0.0,-3.8802286e-06,-0.022432417,0.15428476,3.3180866,0.74985594,3.6553402,1.1794593,4.663251,0.0,6.69111,-4.4265614,0.4074074,55.97437,0.0,0.0,0.0,0.0,0.0,0,8.58066,9.071399,0.0,0.7870297,8.603191,8.416449,0.0,0.28799787,0.0,0.0
0,163,164.0,10.0,1.0,1.0,145.0,1.0,1.0,1.0,0.99289215,1.0,-0.0,0.0,-3.99627e-06,-0.007103849,0.22451878,3.3492334,0.630047,3.6150713,1.0568308,3.5287232,0.0,7.450928,-3.7700627,0.39814815,55.942535,0.0,0.0,0.0,0.0,0.0,0,10.996648,7.8017488,0.0,0.5930477,9.203206,8.484451,0.0,0.0,0.0,0.0
1,163,164.0,10.0,1.0,1.0,145.0,1.0,1.0,1.0,0.97720873,1.0,-0.0,0.0,-4.032936e-06,-0.022787217,0.1654163,3.4030027,0.712573,3.631707,1.1822977,2.839924,0.0,6.5829663,-4.5127964,0.4074074,56.05224,0.0,0.0,0.0,0.0,0.0,0,7.2695127,8.628235,0.0,0.7595395,7.6848245,7.284598,0.0,0.0,0.0,3.118704
2,163,164.0,10.0,1.0,1.0,145.0,1.0,1.0,1.0,0.98759043,1.0,-0.0,0.0,-3.9690935e-06,-0.012405589,0.23149326,3.3870742,0.72144073,3.59553,1.0992447,3.2686896,0.0,6.8388214,-3.9106402,0.4074074,56.324852,0.0,0.0,0.0,0.0,0.0,0,8.662339,9.011296,0.0,0.7684633,8.182405,8.116404,0.0,0.21206678,0.0,0.0
3,163,164.0,10.0,1.0,1.0,145.0,1.0,1.0,1.0,0.97684306,1.0,-0.0,0.0,-4.093953e-06,-0.023152854,0.20867735,3.3192885,0.7546987,3.6798859,1.1852229,4.6853595,0.0,6.7688594,-3.8769171,0.4074074,56.273968,0.0,0.0,0.0,0.0,0.0,0,8.415203,9.147106,0.0,0.6884141,8.5428505,8.450405,0.0,0.32685518,0.0,0.0
0,164,165.0,10.0,1.0,1.0,146.0,1.0,1.0,1.0,0.99229914,1.0,-0.0,0.0,-4.0954096e-06,-0.007696764,0.26508307,3.358872,0.63509613,3.6364458,1.0615741,3.5380282,0.0,7.5499277,-3.428448,0.39814815,56.249516,0.0,0.0,0.0,0.0,0.0,0,10.231929,7.825603,0.0,0.63183707,9.051275,7.9172387,0.0,0.08879999,0.0,0.0
1,164,165.0,10.0,1.0,1.0,146.0,1.0,1.0,1.0,0.97723806,1.0,-0.0,0.0,-3.8043304e-06,-0.022758136,0.18994398,3.4190104,0.71921945,3.6668863,1.182065,2.6134229,0.0,6.669357,-4.5817995,0.4074074,56.357296,0.0,0.0,0.0,0.0,0.0,0,7.1550913,8.745138,0.0,0.65066284,7.657238,7.4221973,0.0,0.36177766,0.0,4.285992
2,164,165.0,10.0,1.0,1.0,146.0,1.0,1.0,1.0,0.9871611,1.0,-0.0,0.0,-4.0807595e-06,-0.012834847,0.26702285,3.4064572,0.72420466,3.6100876,1.1026788,3.27228,0.0,6.913244,-3.5461242,0.4074074,56.637566,0.0,0.0,0.0,0.0,0.0,0,8.636724,9.025961,0.0,0.797586,8.160616,8.182424,0.0,0.24662411,0.0,0.0
3,164,165.0,10.0,1.0,1.0,146.0,1.0,1.0,1.0,0.9765875,1.0,-0.0,0.0,-4.2629736e-06,-0.023408256,0.2423238,3.3382666,0.75816363,3.6994052,1.187266,4.6624107,0.0,6.8451285,-3.5873895,0.4074074,56.586502,0.0,0.0,0.0,0.0,0.0,0,8.333481,9.19033,0.0,0.7355233,8.535814,8.456613,0.0,0.32768336,0.0,0.0
0,165,166.0,10.0,1.0,1.0,147.0,1.0,1.0,1.0,0.99071544,1.0,-0.0,0.0,-4.8102556e-06,-0.009279745,0.009905547,3.2007403,0.6492045,3.6484811,1.074238,3.4719193,0.0,7.817784,-5.6686196,0.39814815,56.49337,0.0,0.0,0.0,0.0,0.0,0,10.661414,8.526264,0.0,0.9142184,8.509226,7.8897357,0.0,0.0,0.0,0.0
1,165,166.0,10.0,1.0,1.0,147.0,1.0,1.0,1.0,0.97518575,1.0,-0.0,0.0,-4.5870697e-06,-0.02480963,0.007231161,3.2381973,0.69354385,3.5664558,1.198477,2.8525746,0.0,6.779688,-5.853133,0.4074074,56.54931,0.0,0.0,0.0,0.0,0.0,0,7.316181,8.941369,0.0,1.148,7.704286,7.439792,0.0,0.05179946,0.0,0.0
2,165,166.0,10.0,1.0,1.0,147.0,1.0,1.0,1.0,0.98422855,1.0,-0.0,0.0,-4.8368506e-06,-0.015766593,0.00948254,3.228347,0.7215318,3.6206973,1.1261327,3.667954,0.0,7.260581,-5.4821353,0.4074074,56.829018,0.0,0.0,0.0,0.0,0.0,0,8.937295,9.440814,0.0,1.4175466,7.1645956,8.599201,0.0,0.0,0.0,0.0
3,165,166.0,10.0,1.0,1.0,147.0,1.0,1.0,1.0,0.97374094,1.0,-0.0,0.0,-4.927959e-06,-0.026254123,0.027773343,3.1755195,0.7624553,3.709548,1.2100329,4.988369,0.0,7.2315564,-5.769428,0.4074074,56.795567,0.0,0.0,0.0,0.0,0.0,0,8.887928,9.6388855,0.0,1.5249453,7.1512065,8.581322,0.0,0.0,0.0,0.0
0,166,167.0,10.0,1.0,1.0,148.0,1.0,1.0,1.0,0.9906892,1.0,-0.0,0.0,-4.0479595e-06,-0.0093067065,0.14573969,3.3545613,0.6704419,3.685413,1.0744536,3.5127144,0.0,7.8397207,-4.7173595,0.39814815,56.874336,0.0,0.0,0.0,0.0,0.0,0,10.140974,8.187789,0.0,0.8924188,9.142421,8.092278,0.0,0.24710454,0.0,0.0
1,166,167.0,10.0,1.0,1.0,148.0,1.0,1.0,1.0,0.9754737,1.0,-0.0,0.0,-4.6065984e-06,-0.024521712,0.12251027,3.43001,0.73072964,3.7198744,1.1961737,2.7834094,0.0,6.923847,-4.9100614,0.4074074,56.966454,0.0,0.0,0.0,0.0,0.0,0,7.190766,8.711449,0.0,0.87768054,7.4991093,7.577671,0.0,0.4872201,0.0,0.0
2,166,167.0,10.0,1.0,1.0,148.0,1.0,1.0,1.0,0.9851471,1.0,-0.0,0.0,-4.2614065e-06,-0.01484867,0.16143042,3.3938403,0.74426275,3.6589792,1.1187893,3.4798017,0.0,7.306214,-4.4935493,0.4074074,57.221405,0.0,0.0,0.0,0.0,0.0,0,8.353418,9.163942,0.0,1.006754,8.1294565,8.38297,0.0,0.2810552,0.0,0.0
3,166,167.0,10.0,1.0,1.0,148.0,1.0,1.0,1.0,0.9757148,1.0,-0.0,0.0,-4.5229813e-06,-0.02428064,0.115412846,3.3442605,0.7890489,3.7793748,1.1942451,4.793558,0.0,7.2954373,-5.0192585,0.4074074,57.19027,0.0,0.0,0.0,0.0,0.0,0,8.638286,9.30488,0.0,0.9738122,8.15647,8.516873,0.0,0.5527665,0.0,0.0
0,167,168.0,10.0,1.0,1.0,149.0,1.0,1.0,1.0,0.9890912,1.0,-0.0,0.0,-4.298699e-06,-0.010904519,0.029536895,3.1230142,0.63809526,3.5373645,1.0872362,3.5149426,0.0,7.232397,-5.0310826,0.39814815,57.01698,0.0,0.0,0.0,0.0,0.0,0,9.5763035,8.410905,0.0,1.6201801,8.872938,8.273531,0.0,0.0,0.0,0.0
1,167,168.0,10.0,1.0,1.0,149.0,1.0,1.0,1.0,0.97103035,1.0,-0.0,0.0,-5.0551143e-06,-0.028964609,0.06925948,3.2153752,0.74065274,3.760895,1.2317169,3.4470286,0.0,7.028697,-5.805513,0.4074074,57.098953,0.0,0.0,0.0,0.0,0.0,0,8.074139,9.119131,0.0,1.1322739,7.7397738,8.983519,0.0,0.0,0.0,0.0
2,167,168.0,10.0,1.0,1.0,149.0,1.0,1.0,1.0,0.9823863,1.0,-0.0,0.0,-4.54463e-06,-0.017609157,0.001193583,3.153373,0.7181971,3.5944412,1.1408732,3.841419,0.0,7.1015263,-5.1775055,0.4074074,57.373882,0.0,0.0,0.0,0.0,0.0,0,9.381555,9.166576,0.0,2.2090793,8.695919,9.1551695,0.0,0.0,0.0,0.0
3,167,168.0,10.0,1.0,1.0,149.0,1.0,1.0,1.0,0.9728385,1.0,-0.0,0.0,-4.4440535e-06,-0.027156994,0.045416504,3.1139314,0.7629928,3.6803114,1.217256,5.0234027,0.0,7.0967736,-5.80078,0.4074074,57.33312,0.0,0.0,0.0,0.0,0.0,0,8.945993,9.27585,0.0,1.9886483,8.521118,8.532642,0.0,0.0,0.0,2.7493358
0,168,169.0,10.0,1.0,1.0,150.0,1.0,1.0,1.0,0.98983735,1.0,-0.0,0.0,-4.1929434e-06,-0.010158471,0.37758276,3.5515866,0.6521405,3.5091472,1.0812677,3.4952893,0.0,7.005159,-1.516981,0.39814815,57.573795,0.0,0.0,0.0,0.0,0.0,0,9.221766,8.253514,0.0,1.0680331,8.519601,8.184382,0.0,0.24080351,0.0,0.0
1,168,169.0,10.0,1.0,1.0,150.0,1.0,1.0,1.0,0.97374755,1.0,-0.0,0.0,-4.3909636e-06,-0.026248058,0.24798512,3.6427174,0.7561172,3.8228297,1.2099844,3.0483682,0.0,6.9849687,-3.2504182,0.4074074,57.65928,0.0,0.0,0.0,0.0,0.0,0,7.3248243,8.712713,0.0,0.88411665,7.6096606,7.7126765,0.0,1.1156509,0.0,0.0
2,168,169.0,10.0,1.0,1.0,150.0,1.0,1.0,1.0,0.9851524,1.0,-0.0,0.0,-4.2575957e-06,-0.014843337,0.2990883,3.5797942,0.7371297,3.634508,1.1187466,3.5185041,0.0,7.105586,-2.6815794,0.4074074,57.9333,0.0,0.0,0.0,0.0,0.0,0,8.3479185,9.11088,0.0,1.1593701,8.226953,8.600383,0.0,0.45396206,0.0,0.0
3,168,169.0,10.0,1.0,1.0,150.0,1.0,1.0,1.0,0.97753954,1.0,-0.0,0.0,-4.4379967e-06,-0.022456072,0.24674349,3.5047345,0.77707547,3.72303,1.1796485,4.5764856,0.0,7.054076,-3.743995,0.4074074,57.856316,0.0,0.0,0.0,0.0,0.0,0,8.4767885,9.293067,0.0,1.0310894,8.280759,9.004013,0.0,1.4220977,0.0,0.0
0,169,170.0,10.0,1.0,1.0,151.0,1.0,1.0,1.0,0.9892876,1.0,-0.0,0.0,-7.5111034e-06,-0.010704901,0.048357435,3.558321,0.71548533,3.5375857,1.0856392,3.4903586,0.0,7.6244717,-5.120598,0.39814815,57.906174,0.0,0.0,0.0,0.0,0.0,0,11.83512,10.798004,0.0,0.60494107,7.083184,7.860788,0.0,0.0,0.0,0.0
1,169,170.0,10.0,1.0,1.0,151.0,1.0,1.0,1.0,0.9724431,1.0,-0.0,0.0,-6.867905e-06,-0.027550058,0.0337746,3.6490757,0.81123793,4.0889926,1.2204005,3.3486564,0.0,7.5117536,-6.097296,0.4074074,57.990623,0.0,0.0,0.0,0.0,0.0,0,9.405014,9.272967,0.0,1.358978,10.066615,8.25268,0.0,0.0,0.0,0.0
2,169,170.0,10.0,1.0,1.0,151.0,1.0,1.0,1.0,0.9838651,1.0,-0.0,0.0,-6.792195e-06,-0.016128097,0.014371239,3.5803246,0.7846133,3.7754376,1.1290247,3.7660952,0.0,7.590936,-5.541537,0.4074074,58.260513,0.0,0.0,0.0,0.0,0.0,0,9.387723,9.589054,0.0,1.9908758,7.707632,8.575109,0.0,0.0,0.0,0.0
3,169,170.0,10.0,1.0,1.0,151.0,1.0,1.0,1.0,0.9727962,1.0,-0.0,0.0,-7.1510563e-06,-0.027196657,0.018223561,3.4773839,0.8253248,3.9122946,1.2175733,4.8039994,0.0,7.5602403,-6.120533,0.4074074,58.15648,0.0,0.0,0.0,0.0,0.0,0,9.472589,9.592381,0.0,1.3861567,7.8300743,8.496578,0.0,0.0,0.0,0.0
0,170,171.0,10.0,1.0,1.0,152.0,1.0,1.0,1.0,0.98939294,1.0,-0.0,0.0,-5.3272156e-06,-0.01060178,0.17010607,3.6874902,0.73400724,3.5583255,1.0848142,3.4696639,0.0,7.6826534,-4.237389,0.39814815,58.32154,0.0,0.0,0.0,0.0,0.0,0,10.90393,8.584036,0.0,1.0617614,8.316544,8.046403,0.0,0.5854107,0.0,0.0
1,170,171.0,10.0,1.0,1.0,152.0,1.0,1.0,1.0,0.9731442,1.0,-0.0,0.0,-6.161456e-06,-0.02684968,0.06268956,3.7511225,0.82661927,4.167125,1.2147974,3.092726,0.0,7.596932,-5.553473,0.4074074,58.379322,0.0,0.0,0.0,0.0,0.0,0,8.158884,8.69812,0.0,0.91622686,7.5636497,8.559718,0.0,0.69230896,0.0,0.0
2,170,171.0,10.0,1.0,1.0,152.0,1.0,1.0,1.0,0.98634,1.0,-0.0,0.0,-5.2818955e-06,-0.01365469,0.10425113,3.745587,0.7995692,3.81463,1.1092376,3.409123,0.0,7.643726,-5.21764,0.4074074,58.705063,0.0,0.0,0.0,0.0,0.0,0,8.552103,9.051553,0.0,1.1448967,7.9804664,8.455576,0.0,0.6541091,0.0,0.0
3,170,171.0,10.0,1.0,1.0,152.0,1.0,1.0,1.0,0.97507733,1.0,-0.0,0.0,-6.0438433e-06,-0.02491664,0.06375499,3.6103249,0.83880377,3.9616077,1.1993331,4.548344,0.0,7.629412,-5.8288684,0.4074074,58.57011,0.0,0.0,0.0,0.0,0.0,0,8.989677,9.230865,0.0,1.0397207,8.013305,8.672334,0.0,0.59608084,0.0,0.0
0,171,172.0,10.0,1.0,1.0,153.0,1.0,1.0,1.0,0.9879667,1.0,-0.0,0.0,-4.5983825e-06,-0.012028706,0.0017285347,3.5834284,0.76295257,3.6521268,1.0962297,3.571939,0.0,8.033676,-5.4462886,0.39814815,58.4615,0.0,0.0,0.0,0.0,0.0,0,11.764753,9.115228,0.0,1.074232,8.705265,7.8540425,0.0,0.0,0.0,0.0
1,171,172.0,10.0,1.0,1.0,153.0,1.0,1.0,1.0,0.9730245,1.0,-0.0,0.0,-5.557188e-06,-0.026969973,0.034810975,3.6031744,0.79636323,4.0105095,1.2157598,3.2016666,0.0,7.4844046,-6.2772017,0.4074074,58.47879,0.0,0.0,0.0,0.0,0.0,0,8.015008,8.66007,0.0,1.2938683,6.9238024,8.52501,0.0,0.41208535,0.0,0.0
2,171,172.0,10.0,1.0,1.0,153.0,1.0,1.0,1.0,0.9854465,1.0,-0.0,0.0,-4.981186e-06,-0.014548458,0.00436604,3.6077328,0.7875918,3.784343,1.1163876,3.6777582,0.0,7.6461897,-5.7924633,0.4074074,58.811005,0.0,0.0,0.0,0.0,0.0,0,8.98323,9.273546,0.0,1.5602738,7.216056,8.657333,0.0,0.0,0.0,0.0
3,171,172.0,10.0,1.0,1.0,153.0,1.0,1.0,1.0,0.9735748,1.0,-0.0,0.0,-5.252526e-06,-0.026419956,0.03389772,3.4913926,0.8308149,3.9398112,1.2113596,4.764233,0.0,7.6589103,-6.402088,0.4074074,58.694885,0.0,0.0,0.0,0.0,0.0,0,9.528716,9.550273,0.0,1.5360848,8.016556,8.54569,0.0,0.0,0.0,0.0
0,172,173.0,10.0,1.0,1.0,154.0,1.0,1.0,1.0,0.9887082,1.0,-0.0,0.0,-5.3355066e-06,-0.01128643,0.13625622,3.647601,0.7616238,3.6377373,1.0902914,3.4617584,0.0,7.926844,-4.5000706,0.39814815,58.734436,0.0,0.0,0.0,0.0,0.0,0,10.988018,8.522829,0.0,1.0904466,8.205348,8.028217,0.0,0.23505226,0.0,0.0
1,172,173.0,10.0,1.0,1.0,154.0,1.0,1.0,1.0,0.9745743,1.0,-0.0,0.0,-5.024017e-06,-0.025420683,0.112139806,3.7589934,0.80669254,4.0644126,1.2033654,3.1096377,0.0,7.436034,-4.874537,0.4074074,58.83153,0.0,0.0,0.0,0.0,0.0,0,7.748615,8.56486,0.0,1.0536354,7.2319164,8.493573,0.0,0.48082572,0.0,0.0
2,172,173.0,10.0,1.0,1.0,154.0,1.0,1.0,1.0,0.98841846,1.0,-0.0,0.0,-4.9358728e-06,-0.011576596,0.13887063,3.7103183,0.7986946,3.8136034,1.0926127,3.349825,0.0,7.5785947,-4.909562,0.4074074,59.123047,0.0,0.0,0.0,0.0,0.0,0,8.327138,8.954974,0.0,1.2219107,7.7739477,8.165171,0.0,0.40495494,0.0,0.0
3,172,173.0,10.0,1.0,1.0,154.0,1.0,1.0,1.0,0.97640103,1.0,-0.0,0.0,-4.921401e-06,-0.02359401,0.12719202,3.6624715,0.83802325,3.963386,1.188752,4.528679,0.0,7.5609927,-5.17945,0.4074074,59.060825,0.0,0.0,0.0,0.0,0.0,0,8.801655,9.140977,0.0,1.2437954,7.773599,8.594873,0.0,0.42925426,0.0,0.0
0,173,174.0,10.0,1.0,1.0,155.0,1.0,1.0,1.0,0.98715466,1.0,-0.0,0.0,-4.8951e-06,-0.012840459,0.010635704,3.4888215,0.76181865,3.6557684,1.1027236,3.5758817,0.0,8.056638,-5.45636,0.39814815,58.76908,0.0,0.0,0.0,0.0,0.0,0,11.290347,8.876307,0.0,1.4276325,7.257331,8.103678,0.0,0.0,0.0,0.0
1,173,174.0,10.0,1.0,1.0,155.0,1.0,1.0,1.0,0.9737832,1.0,-0.0,0.0,-4.628293e-06,-0.026212167,0.058224052,3.6420412,0.81779146,4.124069,1.2096974,3.4141707,0.0,7.6401296,-6.3546205,0.4074074,58.87606,0.0,0.0,0.0,0.0,0.0,0,8.343447,8.282408,0.0,1.200944,8.528051,8.615244,0.0,0.0,0.0,0.0
2,173,174.0,10.0,1.0,1.0,155.0,1.0,1.0,1.0,0.9872402,1.0,-0.0,0.0,-4.381164e-06,-0.012755417,0.002037175,3.5668373,0.79153496,3.8000314,1.1020433,3.6630418,0.0,7.6231837,-5.8578568,0.4074074,59.16013,0.0,0.0,0.0,0.0,0.0,0,8.917128,8.94373,0.0,1.5153692,8.084233,8.6205435,0.0,0.0,0.0,0.0
3,173,174.0,10.0,1.0,1.0,155.0,1.0,1.0,1.0,0.97364336,1.0,-0.0,0.0,-4.5828037e-06,-0.026352052,0.057360157,3.529622,0.8612573,4.085162,1.2108164,4.943594,0.0,7.8682117,-6.508166,0.4074074,59.09298,0.0,0.0,0.0,0.0,0.0,0,9.588185,9.429957,0.0,1.5945923,7.768832,8.4242735,0.0,0.0,0.0,0.0
0,174,175.0,10.0,1.0,1.0,156.0,1.0,1.0,1.0,0.9888346,1.0,-0.0,0.0,-4.3646405e-06,-0.01116104,0.018585473,3.4743104,0.7497229,3.624371,1.0892882,3.5776327,0.0,7.801849,-5.3244085,0.39814815,58.868263,0.0,0.0,0.0,0.0,0.0,0,10.804385,8.474202,0.0,1.4478811,8.773504,7.899884,0.0,0.0,0.0,0.0
1,174,175.0,10.0,1.0,1.0,156.0,1.0,1.0,1.0,0.9751433,1.0,-0.0,0.0,-4.3736245e-06,-0.024852343,0.06407332,3.6230803,0.8052326,4.056701,1.1988187,3.3519275,0.0,7.4610343,-6.2813926,0.4074074,58.963978,0.0,0.0,0.0,0.0,0.0,0,8.166798,8.513542,0.0,1.4443859,7.9550047,8.468845,0.0,0.0,0.0,0.0
2,174,175.0,10.0,1.0,1.0,156.0,1.0,1.0,1.0,0.98824954,1.0,-0.0,0.0,-4.1826534e-06,-0.011746259,0.0045333058,3.53729,0.7819258,3.7727406,1.0939701,3.5961833,0.0,7.4050703,-5.7405477,0.4074074,59.248154,0.0,0.0,0.0,0.0,0.0,0,8.538827,8.920246,0.0,1.5720303,8.52709,8.505766,0.0,0.0,0.0,0.0
3,174,175.0,10.0,1.0,1.0,156.0,1.0,1.0,1.0,0.97425514,1.0,-0.0,0.0,-4.416423e-06,-0.02574043,0.07260181,3.5010703,0.85504514,4.0414276,1.2059234,4.97501,0.0,7.705738,-6.4111967,0.4074074,59.195786,0.0,0.0,0.0,0.0,0.0,0,9.073196,9.126693,0.0,1.4306087,7.963954,8.466792,0.0,0.0,0.0,0.0
0,175,176.0,10.0,1.0,1.0,157.0,1.0,1.0,1.0,0.98960257,1.0,-0.0,0.0,-4.039758e-06,-0.0103933625,0.06827526,3.5246384,0.77132016,3.7141883,1.0831469,3.464697,0.0,8.042713,-5.0610137,0.39814815,59.052692,0.0,0.0,0.0,0.0,0.0,0,11.3241825,9.175924,0.0,0.8426761,7.796029,8.1528225,0.0,0.0,0.0,0.0
1,175,176.0,10.0,1.0,1.0,157.0,1.0,1.0,1.0,0.97689354,1.0,-0.0,0.0,-4.1958792e-06,-0.02310226,0.003010407,3.691872,0.8349998,4.221996,1.184818,3.1820474,0.0,7.7571435,-6.2567816,0.4074074,59.155273,0.0,0.0,0.0,0.0,0.0,0,8.119071,8.318081,0.0,0.2946433,7.4825315,8.518196,0.0,0.36008316,0.0,0.0
2,175,176.0,10.0,1.0,1.0,157.0,1.0,1.0,1.0,0.9896325,1.0,-0.0,0.0,-3.7963391e-06,-0.010363722,0.068022124,3.5872989,0.8088528,3.8734837,1.0829097,3.4331484,0.0,7.6654677,-5.635152,0.4074074,59.41761,0.0,0.0,0.0,0.0,0.0,0,8.440893,9.119838,0.0,0.5024207,7.855999,8.505656,0.0,0.26929393,0.0,0.0
3,175,176.0,10.0,1.0,1.0,157.0,1.0,1.0,1.0,0.9748324,1.0,-0.0,0.0,-4.56135e-06,-0.025162997,0.013301522,3.5472188,0.89647126,4.296254,1.201304,4.906076,0.0,8.126732,-6.4605436,0.4074074,59.377796,0.0,0.0,0.0,0.0,0.0,0,9.364423,9.275234,0.0,0.9115753,7.0505123,8.629507,0.0,0.0,0.0,0.0
0,176,177.0,10.0,1.0,1.0,158.0,1.0,1.0,1.0,0.98964643,1.0,-0.0,0.0,-5.4713746e-06,-0.010348065,0.0036481768,3.6170323,0.76688,3.6922038,1.0827845,3.4436207,0.0,7.8688607,-5.4852014,0.39814815,59.175728,0.0,0.0,0.0,0.0,0.0,0,10.897638,8.468963,0.0,1.5187644,8.17859,8.099946,0.0,0.0,0.0,0.0
1,176,177.0,10.0,1.0,1.0,158.0,1.0,1.0,1.0,0.97611916,1.0,-0.0,0.0,-6.402074e-06,-0.02387449,0.06464943,3.776104,0.8324989,4.1925964,1.1909959,3.419898,0.0,7.6385374,-6.420491,0.4074074,59.279163,0.0,0.0,0.0,0.0,0.0,0,8.811035,8.353781,0.0,2.0074186,8.010687,8.696573,0.0,0.0,0.0,0.0
2,176,177.0,10.0,1.0,1.0,158.0,1.0,1.0,1.0,0.9876062,1.0,-0.0,0.0,-5.72652e-06,-0.012388045,0.014859252,3.6755304,0.8195203,3.9036808,1.0991043,3.7615194,0.0,7.6624207,-5.8750305,0.4074074,59.52468,0.0,0.0,0.0,0.0,0.0,0,8.922171,8.847884,0.0,1.801461,8.522075,8.814742,0.0,0.0,0.0,0.0
3,176,177.0,10.0,1.0,1.0,158.0,1.0,1.0,1.0,0.9744237,1.0,-0.0,0.0,-5.685866e-06,-0.02557065,0.07003173,3.6513705,0.89896864,4.256713,1.2045652,5.0392747,0.0,7.963311,-6.602179,0.4074074,59.506123,0.0,0.0,0.0,0.0,0.0,0,9.967684,9.42701,0.0,1.7580501,7.5479937,8.4596615,0.0,0.0,0.0,0.0
0,177,178.0,10.0,1.0,1.0,159.0,1.0,1.0,1.0,0.99154097,1.0,-0.0,0.0,-4.819832e-06,-0.008454232,0.07220544,3.4491494,0.7909882,3.7835152,1.0676339,3.3849273,0.0,8.111691,-5.2445717,0.39814815,59.457035,0.0,0.0,0.0,0.0,0.0,0,11.302258,9.278321,0.0,1.07581,6.7631702,7.922245,0.0,0.0,0.0,0.0
1,177,178.0,10.0,1.0,1.0,159.0,1.0,1.0,1.0,0.97956747,1.0,-0.0,0.0,-5.4886573e-06,-0.020427024,0.008964911,3.6046493,0.85042703,4.325493,1.1634161,3.1354582,0.0,7.8376927,-6.4398313,0.4074074,59.56695,0.0,0.0,0.0,0.0,0.0,0,7.7615604,8.450345,0.0,0.5458969,5.359659,8.351502,0.0,0.0,0.0,0.0
2,177,178.0,10.0,1.0,1.0,159.0,1.0,1.0,1.0,0.9905557,1.0,-0.0,0.0,-4.974014e-06,-0.00943935,0.061540864,3.5049562,0.83648807,3.979549,1.0755148,3.4946172,0.0,7.8398967,-5.8244987,0.4074074,59.80852,0.0,0.0,0.0,0.0,0.0,0,8.6339245,8.869111,0.0,1.1638021,8.071305,8.396073,0.0,0.0,0.0,0.0
3,177,178.0,10.0,1.0,1.0,159.0,1.0,1.0,1.0,0.9764764,1.0,-0.0,0.0,-5.41492e-06,-0.023518188,0.00087264925,3.4849803,0.9257091,4.440697,1.1881455,4.89873,0.0,8.253024,-6.5276456,0.4074074,59.791004,0.0,0.0,0.0,0.0,0.0,0,9.623849,9.588451,0.0,0.44482198,6.5115857,8.4416685,0.0,0.0,0.0,0.0
0,178,179.0,10.0,1.0,1.0,160.0,1.0,1.0,1.0,0.99284595,1.0,-0.0,0.0,-7.708993e-06,-0.007146329,0.1952529,3.5545907,0.81610066,3.8560638,1.0571706,3.2497156,0.0,8.173634,-4.564453,0.39814815,59.624565,0.0,0.0,0.0,0.0,0.0,0,11.292804,8.488728,0.0,1.1901616,7.7358236,7.7067404,0.0,0.0,0.0,0.0
1,178,179.0,10.0,1.0,1.0,160.0,1.0,1.0,1.0,0.98065317,1.0,-0.0,0.0,-7.616477e-06,-0.019339228,0.13497901,3.6726923,0.8713825,4.4022746,1.1547137,2.9834816,0.0,7.882569,-5.5851564,0.4074074,59.786243,0.0,0.0,0.0,0.0,0.0,0,8.525164,8.598169,0.0,1.2540735,6.4841986,8.166114,0.0,0.0,0.0,0.0
2,178,179.0,10.0,1.0,1.0,160.0,1.0,1.0,1.0,0.9929896,1.0,-0.0,0.0,-7.1958298e-06,-0.007003173,0.17625672,3.6191995,0.8574151,4.06422,1.0560254,3.23281,0.0,7.8920994,-5.2609963,0.4074074,59.970528,0.0,0.0,0.0,0.0,0.0,0,8.470511,8.73584,0.0,1.3883955,7.228121,7.874593,0.0,0.0,0.0,0.0
3,178,179.0,10.0,1.0,1.0,160.0,1.0,1.0,1.0,0.9777772,1.0,-0.0,0.0,-7.945315e-06,-0.022214873,0.06873123,3.5714116,0.98225063,4.738858,1.177719,4.7691603,0.0,8.569649,-6.595464,0.4074074,59.99865,0.0,0.0,0.0,0.0,0.0,0,10.186354,9.447995,0.0,1.2475895,6.820525,8.147857,0.0,0.0,0.0,0.0
0,179,180.0,10.0,1.0,1.0,161.0,1.0,1.0,1.0,0.9942655,1.0,-0.0,0.0,-6.6029666e-06,-0.0057278783,0.09339731,3.517192,0.80565286,3.832851,1.045823,3.2545297,0.0,8.014275,-5.085949,0.39814815,59.924244,0.0,0.0,0.0,0.0,0.0,0,11.185882,8.418779,0.0,1.3493303,7.9369183,7.713328,0.0,0.0,0.0,0.0
1,179,180.0,10.0,1.0,1.0,161.0,1.0,1.0,1.0,0.9811923,1.0,-0.0,0.0,-5.609849e-06,-0.01880211,0.020288862,3.6248875,0.8627671,4.370864,1.1504169,3.163791,0.0,7.7763486,-6.1531515,0.4074074,60.098106,0.0,0.0,0.0,0.0,0.0,0,8.668742,8.673206,0.0,1.2289203,6.6889315,8.232232,0.0,0.0,0.0,0.0
2,179,180.0,10.0,1.0,1.0,161.0,1.0,1.0,1.0,0.99426085,1.0,-0.0,0.0,-6.6548446e-06,-0.0057325,0.08099675,3.582994,0.84978324,4.056894,1.0458599,3.3226073,0.0,7.7460523,-5.701756,0.4074074,60.268192,0.0,0.0,0.0,0.0,0.0,0,8.731346,8.824579,0.0,1.5931503,7.7813907,8.10974,0.0,0.0,0.0,0.0
3,179,180.0,10.0,1.0,1.0,161.0,1.0,1.0,1.0,0.9783176,1.0,-0.0,0.0,-5.6282847e-06,-0.021676755,0.0020634383,3.5192885,0.96283203,4.643903,1.173414,4.9798865,0.0,8.346591,-6.57394,0.4074074,60.30854,0.0,0.0,0.0,0.0,0.0,0,10.283669,9.54222,0.0,1.4353169,7.1863265,8.294165,0.0,0.0,0.0,0.0
0,180,181.0,10.0,1.0,1.0,162.0,1.0,1.0,1.0,0.99592674,1.0,-0.0,0.0,-6.471035e-06,-0.0040667597,0.26650763,3.7789855,0.78853285,3.7876508,1.032534,3.1481647,0.0,7.789008,-3.3188481,0.39814815,60.028988,0.0,0.0,0.0,0.0,0.0,0,10.852864,8.404392,0.0,1.3475369,7.7929406,7.685018,0.0,0.0,0.0,0.0
1,180,181.0,10.0,1.0,1.0,162.0,1.0,1.0,1.0,0.9836205,1.0,-0.0,0.0,-6.1819837e-06,-0.016373267,0.18317029,3.8676295,0.84615254,4.2725005,1.1309861,3.0043976,0.0,7.5899544,-4.506169,0.4074074,60.221928,0.0,0.0,0.0,0.0,0.0,0,8.174855,8.532577,0.0,1.3563827,6.635699,8.148853,0.0,0.0,0.0,0.0
2,180,181.0,10.0,1.0,1.0,162.0,1.0,1.0,1.0,0.99718094,1.0,-0.0,0.0,-6.700745e-06,-0.0028123846,0.2282422,3.8485308,0.8394191,4.020258,1.0224991,3.0836008,0.0,7.5815973,-4.4077616,0.4074074,60.388477,0.0,0.0,0.0,0.0,0.0,0,8.255522,8.6487665,0.0,1.5371164,7.263552,7.7766886,0.0,0.0,0.0,0.0
3,180,181.0,10.0,1.0,1.0,162.0,1.0,1.0,1.0,0.98122483,1.0,-0.0,0.0,-6.2601107e-06,-0.018768908,0.17256923,3.778808,0.9435839,4.5436945,1.1501513,4.8092113,0.0,8.111425,-4.8149433,0.4074074,60.419125,0.0,0.0,0.0,0.0,0.0,0,9.709865,9.377869,0.0,1.3529087,6.960925,8.153618,0.0,0.0,0.0,0.0
0,181,182.0,10.0,1.0,1.0,163.0,1.0,1.0,1.0,0.9975831,1.0,-0.0,0.0,-6.169971e-06,-0.0024106936,0.20507649,3.4432404,0.78810465,3.7959094,1.0192856,3.098289,0.0,7.80776,-4.326055,0.39814815,60.677658,0.0,0.0,0.0,0.0,0.0,0,10.801412,8.320496,0.0,1.4109497,7.61912,7.3458743,0.0,0.0,0.0,0.0
1,181,182.0,10.0,1.0,1.0,163.0,1.0,1.0,1.0,0.98588294,1.0,-0.0,0.0,-5.8368078e-06,-0.014111213,0.1060063,3.5215664,0.8499195,4.303173,1.1128896,2.905591,0.0,7.661754,-5.7374554,0.4074074,60.88404,0.0,0.0,0.0,0.0,0.0,0,8.2998295,8.575141,0.0,1.418849,6.4146695,7.7072487,0.0,0.0,0.0,0.0
2,181,182.0,10.0,1.0,1.0,163.0,1.0,1.0,1.0,0.9988697,1.0,-0.0,0.0,-5.9132662e-06,-0.0011243625,0.16012582,3.5158978,0.8436353,4.04588,1.0089948,2.983744,0.0,7.6320596,-5.528029,0.4074074,61.03437,0.0,0.0,0.0,0.0,0.0,0,8.528914,8.574133,0.0,1.7539221,7.25143,7.5223584,0.0,0.0,0.0,0.0
3,181,182.0,10.0,1.0,1.0,163.0,1.0,1.0,1.0,0.9835253,1.0,-0.0,0.0,-5.650368e-06,-0.016469032,0.10837838,3.4351375,0.94408405,4.555396,1.1317523,4.708362,0.0,8.14847,-5.905902,0.4074074,61.076824,0.0,0.0,0.0,0.0,0.0,0,9.861423,9.379691,0.0,1.4252099,6.773194,7.658242,0.0,0.0,0.0,0.0
0,182,183.0,10.0,1.0,1.0,164.0,1.0,1.0,1.0,0.9995645,1.0,-0.0,0.0,-5.866075e-06,-0.00042960746,0.1522839,3.5597193,0.7745592,3.758813,1.0034368,3.0601575,0.0,7.745318,-4.725583,0.39814815,60.904312,0.0,0.0,0.0,0.0,0.0,0,10.665304,8.383293,0.0,1.4469323,7.6307797,7.418397,0.0,0.0,0.0,0.0
1,182,183.0,10.0,1.0,1.0,164.0,1.0,1.0,1.0,0.98990595,1.0,-0.0,0.0,-5.8833475e-06,-0.010088156,0.051203556,3.6318607,0.8365772,4.230887,1.0807052,2.8558655,0.0,7.6079545,-6.2347593,0.4074074,61.12143,0.0,0.0,0.0,0.0,0.0,0,8.086745,8.549641,0.0,1.4610152,6.4549937,7.9600463,0.0,0.0,0.0,0.0
2,182,183.0,10.0,1.0,1.0,164.0,1.0,1.0,1.0,0.9999943,1.0,-0.0,0.0,-5.7265574e-06,-0.0,0.1401456,3.6365666,0.8254361,3.9789588,0.99841815,2.98558,1.0,7.505795,-5.4230075,0.4074074,61.255856,0.0,0.0,0.0,0.0,0.0,0,8.519329,8.648654,0.0,1.8318337,7.4456825,7.775329,0.0,0.0,0.0,0.0
3,182,183.0,10.0,1.0,1.0,164.0,1.0,1.0,1.0,0.9860125,1.0,-0.0,0.0,-6.037245e-06,-0.013981434,0.08491576,3.5456657,0.92684096,4.4628553,1.1118515,4.8077464,0.0,8.042419,-5.7547855,0.4074074,61.31132,0.0,0.0,0.0,0.0,0.0,0,9.5710745,9.397581,0.0,1.4492431,6.7946362,8.659168,0.0,0.0,0.0,0.0
0,183,184.0,10.0,1.0,1.0,165.0,1.0,1.0,1.0,0.9999944,1.0,-0.0,0.0,-5.602429e-06,-0.0,0.08059386,3.4668822,0.7673599,3.7433698,0.9940792,3.000748,1.0,7.8715534,-5.5974646,0.39814815,61.395294,0.0,0.0,0.0,0.0,0.0,0,10.532035,8.361255,0.0,1.3823973,7.2547374,7.387804,0.0,0.0,0.0,0.0
1,183,184.0,10.0,1.0,1.0,165.0,1.0,1.0,1.0,0.9898972,1.0,-0.0,0.0,-5.670765e-06,-0.0100971665,0.030136667,3.5360467,0.81104666,4.097408,1.0807773,2.955275,0.0,7.565741,-6.226957,0.4074074,61.612953,0.0,0.0,0.0,0.0,0.0,0,8.359827,8.505299,0.0,1.8772799,6.915344,8.366748,0.0,0.0,0.0,0.0
2,183,184.0,10.0,1.0,1.0,165.0,1.0,1.0,1.0,0.99999464,1.0,-0.0,0.0,-5.3352696e-06,-0.0,0.088213384,3.547857,0.81140363,3.929266,0.9947436,3.1088822,1.0,7.5673747,-5.77531,0.4074074,61.74273,0.0,0.0,0.0,0.0,0.0,0,8.5392275,8.617023,0.0,1.9154888,7.3094416,7.9237423,0.0,0.0,0.0,0.0
3,183,184.0,10.0,1.0,1.0,165.0,1.0,1.0,1.0,0.98791766,1.0,-0.0,0.0,-5.396356e-06,-0.01207689,0.030453876,3.455985,0.91062486,4.37981,1.0966151,4.804488,0.0,8.078491,-6.4058585,0.4074074,61.80135,0.0,0.0,0.0,0.0,0.0,0,9.633481,9.299323,0.0,1.6510029,6.778834,8.02553,0.0,0.0,0.0,0.0
0,184,185.0,10.0,1.0,1.0,166.0,1.0,1.0,1.0,0.99999475,1.0,-0.0,0.0,-5.2330342e-06,-0.0,0.25223827,3.5952282,0.78316796,3.8136034,0.9742376,2.7477465,1.0,7.641568,-4.2608566,0.39814815,61.653435,0.0,0.0,0.0,0.0,0.0,0,11.126803,8.604416,0.0,1.88067,7.699452,7.03753,0.0,0.0,0.0,3.490139
1,184,185.0,10.0,1.0,1.0,166.0,1.0,1.0,1.0,0.9919718,1.0,-0.0,0.0,-4.9755413e-06,-0.008023286,0.20243973,3.67479,0.8386426,4.2554255,1.0641862,2.8610685,0.0,7.428061,-4.5818334,0.4074074,61.8646,0.0,0.0,0.0,0.0,0.0,0,8.357097,8.678137,0.0,1.6876501,6.8708797,7.8095746,0.0,0.0,0.0,0.0
2,184,185.0,10.0,1.0,1.0,166.0,1.0,1.0,1.0,0.99999505,1.0,-0.0,0.0,-4.967527e-06,-0.0,0.25799796,3.6614068,0.8304367,4.028234,0.9704848,2.9703343,1.0,7.4024467,-4.191924,0.4074074,62.000984,0.0,0.0,0.0,0.0,0.0,0,8.540252,8.786552,0.0,2.0647852,7.3360076,7.227067,0.0,0.0,0.0,0.0
3,184,185.0,10.0,1.0,1.0,166.0,1.0,1.0,1.0,0.98952323,1.0,-0.0,0.0,-5.0517224e-06,-0.010471721,0.21749586,3.576192,0.93774164,4.5474834,1.0837737,4.7454624,0.0,7.936595,-4.5252237,0.4074074,62.062084,0.0,0.0,0.0,0.0,0.0,0,9.879199,9.421737,0.0,1.7859174,7.813926,7.7357087,0.0,0.0,0.0,0.0
0,185,186.0,10.0,1.0,1.0,167.0,1.0,1.0,1.0,0.9999939,1.0,-0.0,0.0,-6.0848406e-06,-0.0,0.12184605,3.5670586,0.76180965,3.7644322,0.9459775,2.7457519,1.0,7.580692,-5.7341027,0.39814815,62.045563,0.0,0.0,0.0,0.0,0.0,0,10.636108,8.419073,0.0,1.5927474,7.7765985,7.1215854,0.0,0.0,0.0,0.0
1,185,186.0,10.0,1.0,1.0,167.0,1.0,1.0,1.0,0.9945111,1.0,-0.0,0.0,-5.488892e-06,-0.005483418,0.049514323,3.6499317,0.81812197,4.153199,1.0438673,2.746892,0.0,7.4116917,-6.3631163,0.4074074,62.253994,0.0,0.0,0.0,0.0,0.0,0,8.545344,8.544771,0.0,1.8115256,7.1758785,7.61544,0.0,0.0,0.0,5.2987747
2,185,186.0,10.0,1.0,1.0,167.0,1.0,1.0,1.0,0.9999947,1.0,-0.0,0.0,-5.279402e-06,-0.0,0.10905266,3.6370833,0.82157624,4.009339,0.9539616,2.866262,1.0,7.458615,-5.9369764,0.4074074,62.39043,0.0,0.0,0.0,0.0,0.0,0,8.444783,8.781591,0.0,1.8395581,7.1946383,7.091915,0.0,0.0,0.0,0.0
3,185,186.0,10.0,1.0,1.0,167.0,1.0,1.0,1.0,0.99103856,1.0,-0.0,0.0,-5.6777103e-06,-0.008955795,0.08844007,3.5479329,0.92038345,4.465135,1.0716463,4.7163367,0.0,7.930211,-5.881805,0.4074074,62.45408,0.0,0.0,0.0,0.0,0.0,0,9.67694,9.514093,0.0,1.5343566,6.9860473,7.61618,0.0,0.0,0.0,0.0
0,186,187.0,10.0,1.0,1.0,168.0,1.0,1.0,1.0,0.9999957,1.0,-0.0,0.0,-4.317002e-06,-0.0,0.09923857,3.2405686,0.7564806,3.7529774,0.9365594,2.7159417,1.0,7.901222,-6.3158665,0.39814815,63.030178,0.0,0.0,0.0,0.0,0.0,0,10.611206,8.530402,0.0,1.4631449,7.2292247,7.2466397,0.0,0.0,0.0,0.0
1,186,187.0,10.0,1.0,1.0,168.0,1.0,1.0,1.0,0.9948077,1.0,-0.0,0.0,-5.445907e-06,-0.005186838,0.07093027,3.3280637,0.78322065,3.9756129,1.0414947,2.876893,0.0,7.4892535,-6.109895,0.4074074,63.22881,0.0,0.0,0.0,0.0,0.0,0,8.186017,8.71521,0.0,1.7968506,7.166013,7.046372,0.0,0.0,0.0,5.093281
2,186,187.0,10.0,1.0,1.0,168.0,1.0,1.0,1.0,0.99999547,1.0,-0.0,0.0,-4.529573e-06,-0.0,0.10481216,3.3204107,0.8051917,3.9572582,0.9365287,2.8681731,1.0,7.6611395,-6.393801,0.4074074,63.36898,0.0,0.0,0.0,0.0,0.0,0,8.549624,9.00195,0.0,1.8814151,6.9715123,7.2355013,0.0,0.0,0.0,0.0
3,186,187.0,10.0,1.0,1.0,168.0,1.0,1.0,1.0,0.99209106,1.0,-0.0,0.0,-4.9346922e-06,-0.007904018,0.07443689,3.2176642,0.9104985,4.4202,1.0632322,4.8390727,0.0,8.24,-6.2958655,0.4074074,63.45005,0.0,0.0,0.0,0.0,0.0,0,9.585577,9.684858,0.0,1.315859,6.32562,7.468514,0.0,0.0,0.0,0.0
0,187,188.0,10.0,1.0,1.0,169.0,1.0,1.0,1.0,0.9999947,1.0,-0.0,0.0,-5.3114877e-06,-0.0,0.24065413,3.2858882,0.75719357,3.752143,0.9295657,2.6697235,1.0,7.8225775,-4.782236,0.39814815,63.534824,0.0,0.0,0.0,0.0,0.0,0,10.493215,8.323939,0.0,1.6126466,7.1796913,7.2520924,0.0,0.0,0.0,0.0
1,187,188.0,10.0,1.0,1.0,169.0,1.0,1.0,1.0,0.997428,1.0,-0.0,0.0,-5.615498e-06,-0.002566399,0.14847797,3.3523812,0.7987595,4.059016,1.0205312,2.6547284,0.0,7.5777135,-5.7864656,0.4074074,63.768814,0.0,0.0,0.0,0.0,0.0,0,7.8558974,8.528303,0.0,1.5708684,6.4785366,6.8211465,0.0,0.0,0.0,5.1490574
2,187,188.0,10.0,1.0,1.0,169.0,1.0,1.0,1.0,0.9999945,1.0,-0.0,0.0,-5.4782977e-06,-0.0,0.22018068,3.3614595,0.81057614,3.9775817,0.9061297,2.7150772,1.0,7.6194506,-5.520284,0.4074074,63.88946,0.0,0.0,0.0,0.0,0.0,0,8.343444,8.7880745,0.0,1.8190843,6.7492514,6.834295,0.0,0.0,0.0,0.0
3,187,188.0,10.0,1.0,1.0,169.0,1.0,1.0,1.0,0.99403673,1.0,-0.0,0.0,-5.6036765e-06,-0.005957682,0.20979829,3.2578874,0.9086051,4.414351,1.0476614,4.7747383,0.0,8.143673,-4.7636356,0.4074074,63.96518,0.0,0.0,0.0,0.0,0.0,0,9.350375,9.4844,0.0,1.4454492,6.4814916,7.324417,0.0,0.0,0.0,0.0
0,188,189.0,10.0,1.0,1.0,170.0,1.0,1.0,1.0,0.9999934,1.0,-0.0,0.0,-6.6312723e-06,-0.0,0.47249794,3.5146236,0.8132178,3.9439816,0.92694175,2.626568,1.0,7.909044,-2.139154,0.39814815,63.846268,0.0,0.0,0.0,0.0,0.0,0,11.431787,8.45884,0.0,1.7414291,8.205684,7.3255615,0.0,0.0,0.0,0.0
1,188,189.0,10.0,1.0,1.0,170.0,1.0,1.0,1.0,0.9991438,1.0,-0.0,0.0,-5.665716e-06,-0.00085056527,0.38174504,3.5660121,0.85930777,4.3789163,1.0068045,2.6691372,0.0,7.704132,-3.074047,0.4074074,64.102325,0.0,0.0,0.0,0.0,0.0,0,8.4689,8.572667,0.0,1.5368497,7.300345,6.8255243,0.0,0.0,0.0,0.0
2,188,189.0,10.0,1.0,1.0,170.0,1.0,1.0,1.0,0.99999416,1.0,-0.0,0.0,-5.816416e-06,-0.0,0.42708552,3.5761826,0.8759806,4.2456636,0.89195323,2.6482337,1.0,7.8208957,-3.4634852,0.4074074,64.21411,0.0,0.0,0.0,0.0,0.0,0,9.345635,9.37801,0.0,1.9310073,7.09681,6.693718,0.0,0.0,0.0,0.0
3,188,189.0,10.0,1.0,1.0,170.0,1.0,1.0,1.0,0.9957332,1.0,-0.0,0.0,-6.175711e-06,-0.004260626,0.4708532,3.474658,0.9323692,4.5383496,1.034085,4.763575,0.0,7.9588733,-1.5424666,0.4074074,64.28816,0.0,0.0,0.0,0.0,0.0,0,9.840238,9.551103,0.0,1.7561369,7.5439887,7.143616,0.0,0.0,0.0,0.0
0,189,190.0,10.0,1.0,1.0,171.0,1.0,1.0,1.0,0.99999267,1.0,-0.0,0.0,-7.351272e-06,-0.0,0.39171988,3.4573693,0.8211868,3.9779754,0.91934204,2.574192,1.0,8.205184,-1.8663946,0.39814815,64.4723,0.0,0.0,0.0,0.0,0.0,0,11.682553,8.508455,0.0,1.5180153,7.3825226,7.3610363,0.0,0.0,0.0,0.0
1,189,190.0,10.0,1.0,1.0,171.0,1.0,1.0,1.0,0.9999931,1.0,-0.0,0.0,-6.8964714e-06,-0.0,0.3027838,3.5301042,0.87056595,4.448799,0.9975641,2.6104257,1.0,7.9765625,-2.9294853,0.4074074,64.70553,0.0,0.0,0.0,0.0,0.0,0,8.747764,8.592103,0.0,1.44818,6.8817706,6.884725,0.0,0.0,0.0,0.0
2,189,190.0,10.0,1.0,1.0,171.0,1.0,1.0,1.0,0.99999386,1.0,-0.0,0.0,-6.1388923e-06,-0.0,0.3315486,3.5143242,0.88463974,4.2955256,0.87781024,2.5629163,1.0,8.119482,-3.7095835,0.4074074,64.84318,0.0,0.0,0.0,0.0,0.0,0,9.454243,9.283278,0.0,1.6209421,7.0809493,6.672827,0.0,0.0,0.0,0.0
3,189,190.0,10.0,1.0,1.0,171.0,1.0,1.0,1.0,0.9961512,1.0,-0.0,0.0,-7.3839747e-06,-0.0038414262,0.36497378,3.418006,0.9384361,4.579906,1.0307314,4.666943,0.0,8.267167,-1.7290851,0.4074074,64.90726,0.0,0.0,0.0,0.0,0.0,0,9.97058,9.642993,0.0,1.4627689,6.7755313,6.771626,0.0,0.0,0.0,0.0
0,190,191.0,10.0,1.0,1.0,172.0,1.0,1.0,1.0,0.9999947,1.0,-0.0,0.0,-5.309658e-06,-0.0,0.3113769,3.5328295,0.8325996,4.0192842,0.9129933,2.5054657,1.0,8.4661255,-2.2926292,0.39814815,64.776344,0.0,0.0,0.0,0.0,0.0,0,11.944886,8.498021,0.0,1.5887401,7.0104694,7.4118757,0.0,0.0,0.0,0.0
1,190,191.0,10.0,1.0,1.0,172.0,1.0,1.0,1.0,0.99999493,1.0,-0.0,0.0,-5.0824883e-06,-0.0,0.21887384,3.626975,0.8841984,4.528852,0.9897335,2.5346627,1.0,8.226382,-3.471979,0.4074074,64.984604,0.0,0.0,0.0,0.0,0.0,0,8.901266,8.644851,0.0,1.4469498,6.4382544,7.1625924,0.0,0.0,0.0,0.0
2,190,191.0,10.0,1.0,1.0,172.0,1.0,1.0,1.0,0.9999955,1.0,-0.0,0.0,-4.495981e-06,-0.0,0.2330698,3.5954769,0.89386374,4.3422923,0.8472274,2.5763195,1.0,8.342638,-4.7743273,0.4074074,65.141785,0.0,0.0,0.0,0.0,0.0,0,9.583873,9.323161,0.0,1.6408181,6.7405753,6.305371,0.0,0.0,0.0,0.0
3,190,191.0,10.0,1.0,1.0,172.0,1.0,1.0,1.0,0.9985706,1.0,-0.0,0.0,-5.4155303e-06,-0.0014239573,0.26372558,3.48955,0.9469445,4.625829,1.0113916,4.6214275,0.0,8.516868,-2.4411306,0.4074074,65.21654,0.0,0.0,0.0,0.0,0.0,0,10.127561,9.66353,0.0,1.4828851,6.4892907,6.8456907,0.0,0.0,0.0,0.0
0,191,192.0,10.0,1.0,1.0,173.0,1.0,1.0,1.0,0.9999943,1.0,-0.0,0.0,-5.697063e-06,-0.0,0.34352913,3.5865993,0.83148533,4.020842,0.9072901,2.469594,1.0,8.3845,-1.232584,0.39814815,65.10848,0.0,0.0,0.0,0.0,0.0,0,11.978035,8.417169,0.0,1.6665534,7.143207,7.9409575,0.0,0.0,0.0,0.0
1,191,192.0,10.0,1.0,1.0,173.0,1.0,1.0,1.0,0.9999948,1.0,-0.0,0.0,-5.1698175e-06,-0.0,0.2579555,3.6696472,0.88336223,4.523663,0.98332584,2.5135753,1.0,8.138151,-2.3948028,0.4074074,65.32725,0.0,0.0,0.0,0.0,0.0,0,8.752158,8.527773,0.0,1.4959607,6.4584394,7.207483,0.0,0.0,0.0,0.0
2,191,192.0,10.0,1.0,1.0,173.0,1.0,1.0,1.0,0.9999951,1.0,-0.0,0.0,-4.876287e-06,-0.0,0.26930386,3.6394331,0.888893,4.3242254,0.82747906,2.6664965,1.0,8.205281,-4.1432185,0.4074074,65.48111,0.0,0.0,0.0,0.0,0.0,0,9.440139,9.240709,0.0,1.6929507,6.845096,6.208577,0.0,0.0,0.0,0.0
3,191,192.0,10.0,1.0,1.0,173.0,1.0,1.0,1.0,0.9999947,1.0,-0.0,0.0,-5.2918726e-06,-0.0,0.29127336,3.5404677,0.94219565,4.598671,0.99495035,4.619733,1.0,8.397231,-1.5471541,0.4074074,65.55013,0.0,0.0,0.0,0.0,0.0,0,9.943464,9.580461,0.0,1.5390953,6.541198,6.849978,0.0,0.0,0.0,0.0
0,192,193.0,10.0,1.0,1.0,174.0,1.0,1.0,1.0,0.9999944,1.0,-0.0,0.0,-5.6253607e-06,-0.0,0.117162615,3.8232691,0.83025014,4.0179205,0.8872984,2.6086264,1.0,8.3536,-3.5921829,0.39814815,65.2207,0.0,0.0,0.0,0.0,0.0,0,11.867944,8.384788,0.0,1.68013,7.048777,7.312357,0.0,0.0,0.0,0.0
1,192,193.0,10.0,1.0,1.0,174.0,1.0,1.0,1.0,0.9999946,1.0,-0.0,0.0,-5.4102675e-06,-0.0,0.058626756,3.898094,0.88196564,4.5169086,0.97939503,2.4957623,1.0,8.092015,-4.3495317,0.4074074,65.43912,0.0,0.0,0.0,0.0,0.0,0,8.750133,8.502419,0.0,1.5041202,6.417406,7.413165,0.0,0.0,0.0,0.0
2,192,193.0,10.0,1.0,1.0,174.0,1.0,1.0,1.0,0.99999464,1.0,-0.0,0.0,-5.3539848e-06,-0.0,0.075465254,3.8645532,0.887862,4.3238635,0.81053144,2.8155642,1.0,8.13692,-6.412685,0.4074074,65.59689,0.0,0.0,0.0,0.0,0.0,0,9.343372,9.208783,0.0,1.6023353,6.840326,6.4124537,0.0,0.0,0.0,0.0
3,192,193.0,10.0,1.0,1.0,174.0,1.0,1.0,1.0,0.9999948,1.0,-0.0,0.0,-5.1673665e-06,-0.0,0.07279292,3.7761424,0.9400784,4.5855436,0.97975665,4.590151,1.0,8.340942,-3.8974462,0.4074074,65.673996,0.0,0.0,0.0,0.0,0.0,0,7.694229,9.603386,0.0,1.4673173,6.4625254,6.419961,0.0,0.0,0.0,0.0
0,193,194.0,10.0,1.0,1.0,175.0,1.0,1.0,1.0,0.9999957,1.0,-0.0,0.0,-4.2862293e-06,-0.0,0.23357384,3.9135401,0.8998409,4.3972926,0.8667915,2.7676158,1.0,8.664446,-2.7051773,0.39814815,65.4902,0.0,0.0,0.0,0.0,0.0,0,12.287133,8.881383,0.0,1.9402521,8.585251,7.1243763,0.0,0.0,0.0,0.0
1,193,194.0,10.0,1.0,1.0,175.0,1.0,1.0,1.0,0.99999565,1.0,-0.0,0.0,-4.3307105e-06,-0.0,0.19999593,3.9918537,0.9494591,4.912136,0.9745469,2.5411398,1.0,8.373509,-2.909082,0.4074074,65.69463,0.0,0.0,0.0,0.0,0.0,0,9.547886,8.924035,0.0,1.3787925,7.309788,7.2394037,0.0,0.0,0.0,0.0
2,193,194.0,10.0,1.0,1.0,175.0,1.0,1.0,1.0,0.99999577,1.0,-0.0,0.0,-4.26042e-06,-0.0,0.2621401,3.945785,0.93230957,4.5759726,0.80220634,2.926529,1.0,8.197547,-4.4708557,0.4074074,65.86197,0.0,0.0,0.0,0.0,0.0,0,9.805006,9.476966,0.0,1.9016298,8.334733,6.1767616,0.0,0.0,0.0,0.0
3,193,194.0,10.0,1.0,1.0,175.0,1.0,1.0,1.0,0.9999961,1.0,-0.0,0.0,-3.8844137e-06,-0.0,0.24167188,3.864911,0.98031515,4.840529,0.96730703,4.613628,1.0,8.377307,-2.0445037,0.4074074,65.94155,0.0,0.0,0.0,0.0,0.0,0,8.114149,9.873924,0.0,1.5696865,8.424133,6.138525,0.0,0.0,0.0,0.0
0,194,195.0,10.0,1.0,1.0,176.0,1.0,1.0,1.0,0.9999938,1.0,-0.0,0.0,-6.209783e-06,-0.0,0.055814162,3.6965435,0.90932685,4.389987,0.8447202,3.0411694,1.0,9.22162,-5.7033205,0.39814815,65.913216,0.0,0.0,0.0,0.0,0.0,0,12.39381,8.658886,0.0,1.5960511,7.8034487,6.953426,0.0,0.0,0.0,0.0
1,194,195.0,10.0,1.0,1.0,176.0,1.0,1.0,1.0,0.9996188,1.0,-0.0,0.0,-6.717837e-06,-0.0003744651,0.095378794,3.7566588,0.9644626,5.0224676,0.9687073,2.5402155,0.0,8.990883,-5.6808934,0.41203704,66.13399,0.0,0.0,0.0,0.0,0.0,0,9.58289,8.696826,0.0,1.0914212,6.439465,7.1698008,0.0,0.0,0.0,0.0
2,194,195.0,10.0,1.0,1.0,176.0,1.0,1.0,1.0,0.99999404,1.0,-0.0,0.0,-5.9617673e-06,-0.0,0.039615482,3.7260644,0.9529816,4.6420484,0.7967733,3.0153208,1.0,8.892979,-7.329579,0.41203704,66.27973,0.0,0.0,0.0,0.0,0.0,0,7.772984,9.278958,0.0,1.3507107,7.52957,5.5609484,0.0,0.38187748,0.0,0.0
3,194,195.0,10.0,1.0,1.0,176.0,1.0,1.0,1.0,0.9999933,1.0,-0.0,0.0,-6.6855637e-06,-0.0,0.072557665,3.6492686,0.9999477,4.925824,0.95789975,4.603095,1.0,9.053343,-5.1818347,0.4074074,66.35675,0.0,0.0,0.0,0.0,0.0,0,8.013103,9.57233,0.0,0.7969554,6.335622,6.1138525,0.0,0.0,0.0,0.0
0,195,196.0,10.0,1.0,1.0,177.0,1.0,1.0,1.0,0.99999523,1.0,-0.0,0.0,-4.7654494e-06,-0.0,0.04327465,3.7701893,0.99430317,4.849255,0.821205,3.28684,1.0,9.818145,-5.3929486,0.39814815,66.19418,0.0,0.0,0.0,0.0,0.0,0,13.123285,9.184731,0.0,1.9030855,8.004119,6.196435,0.0,0.0,0.0,0.0
1,195,196.0,10.0,1.0,1.0,177.0,1.0,1.0,1.0,0.99224174,1.0,-0.0,0.0,-5.3575536e-06,-0.0077528767,0.012599118,3.8215969,1.0372367,5.4651723,0.95386094,2.6089263,0.0,9.498874,-5.0210886,0.41203704,66.442276,0.0,0.0,0.0,0.0,0.0,0,8.625732,8.895218,0.0,1.1695908,8.203178,6.257094,0.0,0.0,0.0,0.0
2,195,196.0,10.0,1.0,1.0,177.0,1.0,1.0,1.0,0.9896232,1.0,-0.0,0.0,-4.2612364e-06,-0.01037257,0.014396012,3.7855408,1.0829805,5.4396105,0.7892448,3.0504217,0.0,9.950879,-7.6014295,0.41666666,66.54983,0.0,0.0,0.0,0.0,0.0,0,8.894627,10.19208,0.0,1.6677043,6.4972453,5.9954286,0.0,0.2620075,0.0,0.0
3,195,196.0,10.0,1.0,1.0,177.0,1.0,1.0,1.0,0.99207556,1.0,-0.0,0.0,-4.8231814e-06,-0.007919595,0.049825385,3.7179873,1.0633568,5.3143826,0.9446116,4.564495,0.0,9.485082,-4.3390145,0.4074074,66.64773,0.0,0.0,0.0,0.0,0.0,0,9.726841,10.337821,0.0,1.9185677,6.9854074,6.2406673,0.0,0.0,0.0,0.0
0,196,197.0,10.0,1.0,1.0,178.0,1.0,1.0,1.0,0.9999927,1.0,-0.0,0.0,-7.298455e-06,-0.0,0.004387088,3.6336043,0.97567254,4.7136793,0.8015035,3.5728157,1.0,9.92226,-5.6117053,0.4027778,66.506996,0.0,0.0,0.0,0.0,0.0,0,12.857604,9.1530285,0.0,1.3632929,8.756374,6.022149,0.0,0.0,0.0,0.0
1,196,197.0,10.0,1.0,1.0,178.0,1.0,1.0,1.0,0.98934823,1.0,-0.0,0.0,-7.73796e-06,-0.010644003,0.06790273,3.692117,1.0594417,5.63864,0.94719446,2.610126,0.0,9.981563,-5.8867917,0.41203704,66.74635,0.0,0.0,0.0,0.0,0.0,0,8.619123,9.00091,0.0,0.62486374,7.4088745,6.274406,0.0,0.0,0.0,0.0
2,196,197.0,10.0,1.0,1.0,178.0,1.0,1.0,1.0,0.9886459,1.0,-0.0,0.0,-7.265395e-06,-0.011346826,0.027114712,3.6608994,1.0907745,5.472045,0.78500015,3.0744486,0.0,10.275193,-7.77249,0.4212963,66.85083,0.0,0.0,0.0,0.0,0.0,0,8.691483,9.84428,0.0,0.88301015,7.860831,5.907573,0.0,0.4691649,0.0,0.0
3,196,197.0,10.0,1.0,1.0,178.0,1.0,1.0,1.0,0.99377036,1.0,-0.0,0.0,-7.672216e-06,-0.0062219216,0.0011293218,3.600351,1.0497754,5.220141,0.9397184,4.533344,0.0,9.682776,-4.5454793,0.4074074,66.93256,0.0,0.0,0.0,0.0,0.0,0,8.712409,10.042029,0.0,1.0739444,7.3904786,6.2959027,0.0,0.0,0.0,0.0
0,197,198.0,10.0,1.0,1.0,179.0,1.0,1.0,1.0,0.99872077,1.0,-0.0,0.0,-5.0471226e-06,-0.0012741773,0.06741881,3.5051167,1.0101933,4.910861,0.79003835,3.835301,0.0,10.397294,-5.193184,0.4027778,66.82994,0.0,0.0,0.0,0.0,0.0,0,12.651664,9.426517,0.0,1.0726113,7.7191787,5.930759,0.0,0.0,0.0,0.0
1,197,198.0,10.0,1.0,1.0,179.0,1.0,1.0,1.0,0.9829125,1.0,-0.0,0.0,-5.341193e-06,-0.017082147,0.1627136,3.5437365,1.1166784,6.024928,0.93681264,2.6203024,0.0,10.671049,-6.305149,0.41203704,67.093704,0.0,0.0,0.0,0.0,0.0,0,8.334419,9.270221,0.0,0.72996396,6.574965,5.7040234,0.0,0.0,0.0,0.0
2,197,198.0,10.0,1.0,1.0,179.0,1.0,1.0,1.0,0.98340225,1.0,-0.0,0.0,-4.4273575e-06,-0.016593317,0.0875419,3.5191855,1.1327465,5.7588644,0.7870811,3.072411,0.0,10.780633,-6.461283,0.42592594,67.17553,0.0,0.0,0.0,0.0,0.0,0,8.782529,10.407984,0.0,0.65483034,7.329092,5.58627,0.0,0.71341306,0.0,0.0
3,197,198.0,10.0,1.0,1.0,179.0,1.0,1.0,1.0,0.9884631,1.0,-0.0,0.0,-4.5198017e-06,-0.011532381,0.10304656,3.4920852,1.092259,5.5132422,0.91927797,4.480363,0.0,10.21051,-4.935593,0.4074074,67.22884,0.0,0.0,0.0,0.0,0.0,0,8.73503,10.252797,0.0,1.3306284,7.163741,5.674961,0.0,0.0,0.0,0.0
0,198,199.0,10.0,1.0,1.0,180.0,1.0,1.0,1.0,0.8248842,1.0,-0.17224942,0.0,-7.3024353e-06,-0.002859044,0.2125889,3.5167482,1.0228723,4.9886827,0.781422,4.0870776,0.0,10.647452,-2.3020813,0.4074074,66.931076,0.0,0.0,0.0,0.0,0.0,0,13.219559,9.700128,0.0,1.0950459,7.8058753,6.2167106,0.0,0.20656984,0.0,0.0
1,198,199.0,10.0,1.0,1.0,180.0,1.0,1.0,1.0,0.7927111,1.0,-0.18971047,0.0,-7.931156e-06,-0.01757049,0.13712235,3.5691314,1.1213561,6.054229,0.924952,2.7058358,0.0,10.813103,-3.1629317,0.41203704,67.19872,0.0,0.0,0.0,0.0,0.0,0,9.302447,9.646397,0.0,0.78251433,6.777563,5.950314,0.0,0.0,0.0,0.0
2,198,199.0,10.0,1.0,1.0,180.0,1.0,1.0,1.0,0.8026212,1.0,-0.17839068,0.0,-7.744709e-06,-0.018980412,0.22183284,3.535172,1.1518433,5.88901,0.7849887,3.1144166,0.0,11.109628,-3.1772432,0.42592594,67.269356,0.0,0.0,0.0,0.0,0.0,0,8.7423315,10.444483,0.0,1.0113401,6.937717,5.409462,0.0,1.1605793,0.0,0.0
3,198,199.0,10.0,1.0,1.0,180.0,1.0,1.0,1.0,0.8135037,1.0,-0.1739453,0.0,-7.723572e-06,-0.01254325,0.20266771,3.5218358,1.100346,5.559066,0.9094594,4.578196,0.0,10.381861,-1.8675379,0.4074074,67.32571,0.0,0.0,0.0,0.0,0.0,0,9.403286,10.673492,0.0,1.1098757,7.0555124,5.8216696,0.0,0.0,0.0,0.0
0,199,200.0,10.0,1.0,1.0,181.0,1.0,1.0,1.0,0.8444169,1.0,-0.12932463,0.0,-9.303157e-06,-0.026249154,0.34380051,3.3879738,1.0624236,5.261821,0.78982425,6.106772,0.0,10.913129,-7.2781396,0.44907406,67.08577,0.0,0.0,0.0,0.0,0.0,0,11.639525,9.542653,0.0,0.72530335,5.7794175,4.452407,0.0,4.0475526,0.0,0.0
1,199,200.0,10.0,1.0,1.0,181.0,1.0,1.0,1.0,0.8313523,1.0,-0.14555311,0.0,-9.590415e-06,-0.023084993,0.45110807,3.4366593,1.162676,6.385099,0.8936023,4.518122,0.0,11.096292,-8.893018,0.4675926,67.35842,0.0,0.0,0.0,0.0,0.0,0,6.141174,9.474627,0.0,0.6496374,4.605671,4.0379114,0.0,5.5086207,0.0,0.0
2,199,200.0,10.0,1.0,1.0,181.0,1.0,1.0,1.0,0.8919521,1.0,-0.08520478,0.0,-9.936627e-06,-0.022833189,0.45446306,3.2556143,1.1826655,6.1066437,0.783015,4.9083095,0.0,11.494096,-6.0690002,0.4814815,67.58697,0.0,0.0,0.0,0.0,0.0,0,5.1191187,10.216266,0.0,0.26052335,4.4203444,5.356691,0.0,7.1088667,0.0,0.0
3,199,200.0,10.0,1.0,1.0,181.0,1.0,1.0,1.0,0.83302176,1.0,-0.1232621,0.0,-9.5282185e-06,-0.0437066,0.51647794,3.3697863,1.1592848,5.991695,0.7988792,6.427759,0.0,10.925749,-8.165636,0.4722222,67.540115,0.0,0.0,0.0,0.0,0.0,0,6.9187217,10.448083,0.0,0.27121988,5.0775867,5.1841416,0.0,5.751497,0.0,0.0
0,200,201.0,10.0,1.0,1.0,182.0,1.0,1.0,1.0,0.8910431,1.0,-0.09285727,0.0,-1.011871e-05,-0.016089492,0.20424724,3.2785718,0.93738174,4.6173596,0.78731376,5.965369,0.0,9.85347,0.04793564,0.44907406,67.34283,0.0,0.0,0.0,0.0,0.0,0,13.427597,9.693042,0.0,1.2221167,7.82054,4.329464,0.0,1.2274618,0.0,0.0
1,200,201.0,10.0,1.0,1.0,182.0,1.0,1.0,1.0,0.86923593,1.0,-0.11918191,0.0,-9.998162e-06,-0.011572119,0.118109584,3.3575456,1.0756662,5.694327,0.89608496,4.0599804,0.0,10.333386,-2.0142784,0.4675926,67.59433,0.0,0.0,0.0,0.0,0.0,0,8.109617,9.257657,0.0,0.5272256,7.7606697,3.031981,0.0,1.3660041,0.0,0.0
2,200,201.0,10.0,1.0,1.0,182.0,1.0,1.0,1.0,0.8990514,1.0,-0.08768483,0.0,-9.378516e-06,-0.01325442,0.19032657,3.2630544,1.1060354,5.6339164,0.78017646,4.294432,0.0,10.664905,-0.6977557,0.4814815,67.784256,0.0,0.0,0.0,0.0,0.0,0,8.011921,10.889089,0.0,0.8834031,6.151102,4.5899134,0.0,1.1105474,0.0,0.0
3,200,201.0,10.0,1.0,1.0,182.0,1.0,1.0,1.0,0.8565786,1.0,-0.1095657,0.0,-9.520305e-06,-0.0338462,0.09395406,3.328697,1.1299298,5.730923,0.79829973,6.0562987,0.0,10.6071205,-1.6627018,0.4722222,67.74942,0.0,0.0,0.0,0.0,0.0,0,9.655102,10.545849,0.0,0.7646678,6.6031017,3.4690907,0.0,0.8410293,0.0,0.0
0,201,202.0,10.0,1.0,1.0,183.0,1.0,1.0,1.0,0.9469036,1.0,-0.0041021034,0.0,-9.087183e-06,-0.04898526,0.2918547,3.0123062,0.95145756,4.7358837,0.8129416,7.939115,0.0,10.301008,-4.4688983,0.4675926,67.54618,0.0,0.0,0.0,0.0,0.0,0,10.961374,10.121671,0.0,0.65434,6.7701936,3.7981815,0.0,6.776208,0.0,0.0
1,201,202.0,10.0,1.0,1.0,183.0,1.0,1.0,1.0,0.95138335,1.0,-0.02070355,0.0,-1.0520058e-05,-0.027902585,0.3650157,3.0621107,1.0869101,5.594727,0.8947449,6.0223284,0.0,10.532481,-5.028194,0.49537036,67.84093,0.0,0.0,0.0,0.0,0.0,0,7.1596,10.28981,0.0,0.36711624,5.370531,4.894227,0.0,7.459643,0.0,0.40027437
2,201,202.0,10.0,1.0,1.0,183.0,1.0,1.0,1.0,0.96677655,1.0,-0.0,0.0,-1.0243632e-05,-0.033213213,0.4163122,2.9398086,1.0972546,5.575661,0.7929948,6.263382,0.0,10.932611,-6.9783025,0.5046296,68.053635,0.0,0.0,0.0,0.0,0.0,0,6.011836,10.629284,0.0,0.31798726,5.3633056,4.753911,0.0,6.215786,0.0,0.0
3,201,202.0,10.0,1.0,1.0,183.0,1.0,1.0,1.0,0.9460608,1.0,-0.0011211261,0.0,-9.754913e-06,-0.05280835,0.4555654,3.0033634,1.1316459,5.7266865,0.833203,7.181156,0.0,10.995564,-6.2512727,0.49537036,68.00953,0.0,0.0,0.0,0.0,0.0,0,6.9022036,10.496113,0.0,0.5619527,5.4600115,4.1378016,0.0,7.607099,0.0,0.0
0,202,203.0,10.0,1.0,1.0,184.0,1.0,1.0,1.0,0.96254826,1.0,-0.0,0.0,-1.5203212e-05,-0.037436523,0.23724176,2.81971,0.92820114,4.6433973,0.8118235,7.246191,0.0,9.902083,-0.3453861,0.4675926,67.75404,0.0,0.0,0.0,0.0,0.0,0,13.233075,9.969816,0.0,1.282619,7.0954494,2.8729625,0.0,1.5174794,0.0,0.0
1,202,203.0,10.0,1.0,1.0,184.0,1.0,1.0,1.0,0.9845426,1.0,-0.0,0.0,-1.5601643e-05,-0.015441784,0.14946163,2.8747473,1.0761764,5.3214498,0.8968979,5.3551836,0.0,10.1388445,-0.70881003,0.49537036,68.04544,0.0,0.0,0.0,0.0,0.0,0,10.385294,9.745364,0.0,1.5476191,5.1537323,3.5672312,0.0,1.3716515,0.0,0.17325145
2,202,203.0,10.0,1.0,1.0,184.0,1.0,1.0,1.0,0.9710525,1.0,-0.0,0.0,-1.2272336e-05,-0.028935194,0.072227605,2.8237474,1.1434282,5.820266,0.79284894,5.6603994,0.0,11.446629,-3.0309904,0.5046296,68.18302,0.0,0.0,0.0,0.0,0.0,0,8.437635,10.541957,0.0,0.9057675,6.2637835,4.145426,0.0,1.4377265,0.0,0.0
3,202,203.0,10.0,1.0,1.0,184.0,1.0,1.0,1.0,0.9626603,1.0,-0.0,0.0,-1.5107682e-05,-0.03732461,0.12144782,2.9001424,1.1045009,5.517643,0.8393102,6.4557195,0.0,10.551055,-1.3940418,0.49537036,68.1456,0.0,0.0,0.0,0.0,0.0,0,9.7562685,10.711541,0.0,0.7789275,6.284537,3.9134567,0.0,1.449688,0.0,0.0
0,203,204.0,10.0,1.0,1.0,185.0,1.0,1.0,1.0,0.9381184,1.0,-0.029193796,0.0,-1.0585815e-05,-0.032677196,0.07559713,3.0875814,0.8987804,4.538867,0.81935173,6.9606314,0.0,9.642083,-5.2326355,0.4675926,68.305756,0.0,0.0,0.0,0.0,0.0,0,13.465549,10.578127,0.0,1.0217657,6.680126,4.543593,0.0,1.6021186,0.0,0.0
1,203,204.0,10.0,1.0,1.0,185.0,1.0,1.0,1.0,0.95647275,1.0,-0.043516792,0.0,-1.0410059e-05,-0.0,0.12003295,3.1305504,0.9975882,4.5077133,0.90564734,4.934717,1.0,9.040354,-6.0024624,0.49537036,68.554016,0.0,0.0,0.0,0.0,0.0,0,11.828633,11.702484,0.0,1.7326436,4.3890386,3.554674,0.0,1.6203421,0.0,0.6212943
2,203,204.0,10.0,1.0,1.0,185.0,1.0,1.0,1.0,0.95959,1.0,-0.016445853,0.0,-8.476306e-06,-0.023955662,0.23652074,3.0493374,1.1251849,5.6919885,0.79810584,5.498452,0.0,11.390064,-6.0074325,0.5046296,68.699036,0.0,0.0,0.0,0.0,0.0,0,8.4856615,10.579656,0.0,0.6417207,6.412929,3.9754248,0.0,1.7489035,0.0,0.0
3,203,204.0,10.0,1.0,1.0,185.0,1.0,1.0,1.0,0.9243744,1.0,-0.048404746,0.0,-1.0327215e-05,-0.027210552,0.14489926,3.145214,1.0636775,5.212035,0.8479112,6.1550508,0.0,9.747939,-6.502176,0.49537036,68.64168,0.0,0.0,0.0,0.0,0.0,0,10.195389,11.346855,0.0,1.0108149,5.351104,3.7065744,0.0,1.6188486,0.0,0.0
0,204,205.0,10.0,1.0,1.0,186.0,1.0,1.0,1.0,0.97145003,1.0,-0.0,0.0,-1.0053594e-05,-0.028539902,0.049362518,2.9253933,0.8885432,4.54266,0.82104075,6.7123938,0.0,9.370498,-4.7276516,0.4675926,68.46299,0.0,0.0,0.0,0.0,0.0,0,13.523637,10.581291,0.0,1.2260691,6.460616,4.6399055,0.0,1.6593748,0.0,0.0
1,204,205.0,10.0,1.0,1.0,186.0,1.0,1.0,1.0,0.9895979,1.0,-0.008647269,0.0,-9.386304e-06,-0.0017454498,0.009544939,3.0259418,1.0139636,4.468465,0.908903,4.5829816,0.0,9.134197,-6.7034707,0.49537036,68.7822,0.0,0.0,0.0,0.0,0.0,0,12.3568325,11.036926,0.0,1.2565689,4.9501686,3.3945925,0.0,1.7869798,0.0,0.9284237
2,204,205.0,10.0,1.0,1.0,186.0,1.0,1.0,1.0,0.98086995,1.0,-0.0,0.0,-8.515413e-06,-0.01912153,0.11706129,2.9347155,1.1155277,5.635167,0.80273634,5.2808332,0.0,11.231279,-6.492394,0.5092593,68.916664,0.0,0.0,0.0,0.0,0.0,0,8.497869,10.693815,0.0,0.6483947,6.5133376,4.021859,0.0,2.0022614,0.0,0.0
3,204,205.0,10.0,1.0,1.0,186.0,1.0,1.0,1.0,0.97863144,1.0,-0.0,0.0,-1.0000759e-05,-0.021358557,0.0075865537,2.9811423,1.0515895,5.145971,0.85399467,5.894592,0.0,9.5437155,-5.7317095,0.49537036,68.80982,0.0,0.0,0.0,0.0,0.0,0,10.561795,11.102476,0.0,0.721916,5.8359756,3.44243,0.0,1.9114408,0.0,0.0
0,205,206.0,10.0,1.0,1.0,187.0,1.0,1.0,1.0,0.97567797,1.0,-0.0,0.0,-7.5162375e-06,-0.024314549,0.30267462,2.9031315,0.8488455,4.844086,0.8237648,6.4588723,0.0,8.486769,-4.3483005,0.4675926,68.63228,0.0,0.0,0.0,0.0,0.0,0,13.676824,11.529842,0.0,1.727152,5.3939424,4.45444,0.0,2.1268618,0.0,0.0
1,205,206.0,10.0,1.0,1.0,187.0,1.0,1.0,1.0,0.9999926,1.0,-0.0,0.0,-7.4016475e-06,-0.0,0.2732206,2.991896,0.9468318,4.256161,0.9122024,4.253033,1.0,8.333829,-5.232455,0.49537036,68.940636,0.0,0.0,0.0,0.0,0.0,0,11.591357,11.379132,0.0,1.2892517,4.759765,3.353613,0.0,2.2655785,0.0,1.3442904
2,205,206.0,10.0,1.0,1.0,187.0,1.0,1.0,1.0,0.991194,1.0,-0.0,0.0,-7.2367307e-06,-0.008798752,0.14209431,2.9219859,1.07039,5.3833275,0.81078726,4.993075,0.0,10.878314,-7.399983,0.5092593,69.12613,0.0,0.0,0.0,0.0,0.0,0,8.416504,10.74907,0.0,0.87006325,5.127846,4.3236194,0.0,2.302311,0.0,0.0
3,205,206.0,10.0,1.0,1.0,187.0,1.0,1.0,1.0,0.9894642,1.0,-0.0,0.0,-7.594011e-06,-0.010528217,0.27696157,2.932119,0.96822333,4.883363,0.8619704,5.6316924,0.0,8.595051,-5.0091195,0.49537036,68.95908,0.0,0.0,0.0,0.0,0.0,0,9.340222,12.971098,0.0,1.377038,5.8817987,3.3493497,0.0,2.3489556,0.0,0.0
0,206,207.0,10.0,1.0,1.0,188.0,1.0,1.0,1.0,0.97963125,1.0,-0.0,0.0,-8.566255e-06,-0.020360176,0.28923118,2.9067717,0.8409972,4.985229,0.8309949,6.22161,0.0,8.225237,-7.2916,0.4675926,69.06369,0.0,0.0,0.0,0.0,0.0,0,14.431344,12.3153925,0.0,1.1461161,4.656484,4.5389924,0.0,2.2420535,0.0,0.0
1,206,207.0,10.0,1.0,1.0,188.0,1.0,1.0,1.0,0.9999915,1.0,-0.0,0.0,-8.497474e-06,-0.0,0.32517388,2.9756687,0.89450014,4.3430133,0.91680723,3.9378238,1.0,7.7382956,-6.781545,0.49537036,69.305336,0.0,0.0,0.0,0.0,0.0,0,13.07203,10.609713,0.0,1.1506802,5.566371,3.2094283,0.0,2.3274858,0.0,1.6656188
2,206,207.0,10.0,1.0,1.0,188.0,1.0,1.0,1.0,0.9946851,1.0,-0.0,0.0,-7.824651e-06,-0.0053070835,0.18732622,2.920517,1.0424566,5.2799435,0.8175378,4.728108,0.0,10.4476795,-9.721786,0.5092593,69.540375,0.0,0.0,0.0,0.0,0.0,0,8.412835,10.87271,0.0,0.6063554,5.6753287,4.3736134,0.0,2.4935155,0.0,0.0
3,206,207.0,10.0,1.0,1.0,188.0,1.0,1.0,1.0,0.99372107,1.0,-0.0,0.0,-9.014894e-06,-0.006269943,0.2608262,2.9369152,0.9693975,4.8722878,0.87131846,5.376196,0.0,8.521639,-7.982972,0.49537036,69.408485,0.0,0.0,0.0,0.0,0.0,0,9.180525,12.193807,0.0,0.95089346,5.1677723,3.2326603,0.0,2.5418887,0.0,0.0
0,207,208.0,10.0,1.0,1.0,189.0,1.0,1.0,1.0,0.9835333,1.0,-0.0,0.0,-1.02852055e-05,-0.016456345,0.54390657,3.0599213,0.86694425,4.7071977,0.8333887,5.98738,0.0,8.483644,-6.6316886,0.4675926,69.70479,0.0,0.0,0.0,0.0,0.0,0,14.673628,11.8526745,0.0,1.4193515,5.245176,4.8933825,0.0,2.228265,0.0,0.0
1,207,208.0,10.0,1.0,1.0,189.0,1.0,1.0,1.0,0.99999064,1.0,-0.0,0.0,-9.346426e-06,-0.0,0.5978428,3.1098628,0.9138905,4.51188,0.9221168,3.641394,1.0,7.61623,-5.0462737,0.49537036,69.86603,0.0,0.0,0.0,0.0,0.0,0,13.114393,11.456288,0.0,1.0426947,5.0962358,3.1063664,0.0,2.557954,0.0,1.9023205
2,207,208.0,10.0,1.0,1.0,189.0,1.0,1.0,1.0,20.997114,1.0,-0.0,20.0,-8.699021e-06,-0.002875474,0.52001405,3.0766213,1.0159171,5.172528,0.8244547,4.4338164,0.0,9.813276,-8.240192,0.5092593,70.13363,1.0,0.0,0.0,0.0,0.0,0,9.614288,12.831778,0.0,0.6876321,5.1968427,4.683475,0.0,2.6230366,0.0,0.04594999
3,207,208.0,10.0,1.0,1.0,189.0,1.0,1.0,1.0,20.996765,1.0,-0.0,20.0,-8.174756e-06,-0.003227233,0.5432725,3.1349614,1.0057467,5.0252724,0.88007843,5.150533,0.0,8.456678,-7.158904,0.49537036,70.037346,1.0,0.0,0.0,0.0,0.0,0,9.487591,12.926084,0.0,0.7358392,4.4275985,3.0003927,0.0,2.747857,0.0,0.0
0,208,209.0,10.0,1.0,1.0,190.0,1.0,1.0,1.0,0.9817254,1.0,-0.0,0.0,-7.849853e-06,-0.018266715,0.40759444,2.9159133,0.80643976,5.3024354,0.8326052,5.7935667,0.0,7.944308,-7.738522,0.4675926,69.919365,0.0,0.0,0.0,0.0,0.0,0,13.387301,11.644999,0.0,1.0417707,5.989248,4.941592,0.0,2.2661057,0.0,0.0
1,208,209.0,10.0,1.0,1.0,190.0,1.0,1.0,1.0,20.999992,1.0,-0.0,20.0,-8.076421e-06,-0.0,0.39032733,2.952268,0.8798515,4.9099045,0.9258661,3.419669,1.0,7.4136233,-7.053915,0.49537036,70.0684,1.0,0.0,0.0,0.0,0.0,0,12.78196,10.759614,0.0,0.5038552,5.39757,2.9950175,0.0,2.569641,0.0,2.0364654
2,208,209.0,10.0,1.0,1.0,190.0,1.0,1.0,1.0,0.9946382,1.0,-0.0,0.0,-9.181457e-06,-0.0053525916,0.42340904,2.9748557,0.96651214,5.321155,0.83638877,3.9228852,0.0,8.902936,-8.592697,0.5092593,70.35867,1.0,0.0,0.0,0.0,0.0,0,10.482764,12.443976,0.0,1.4054557,4.967215,4.8920126,0.0,1.9815812,0.0,0.46997237
3,208,209.0,10.0,1.0,1.0,190.0,1.0,1.0,1.0,0.99687743,1.0,-0.0,0.0,-7.736801e-06,-0.0031148011,0.43748802,2.974563,0.9274995,5.1868877,0.8899111,4.945811,0.0,7.8217735,-7.8560925,0.49537036,70.2685,1.0,0.0,0.0,0.0,0.0,0,13.532136,12.834392,0.0,0.79005307,5.592848,4.8547134,0.0,2.7356803,0.0,0.0
0,209,210.0,10.0,1.0,1.0,191.0,1.0,1.0,1.0,20.98957,1.0,-0.0,20.0,-9.599222e-06,-0.01041924,0.52846706,3.0112622,0.8651064,4.871645,0.8312122,5.625154,0.0,8.5753765,-7.9882817,0.4675926,70.43682,1.0,0.0,0.0,0.0,0.0,0,14.055553,11.762355,0.0,0.7294777,4.4929395,5.143301,0.0,2.2659905,0.0,0.0
1,209,210.0,10.0,1.0,1.0,191.0,1.0,1.0,1.0,0.9999903,1.0,-0.0,0.0,-9.744038e-06,-0.0,0.50056505,2.9592407,0.92618203,4.8849654,0.9216772,3.3920884,1.0,7.8321066,-7.216009,0.49537036,70.46486,1.0,0.0,0.0,0.0,0.0,0,13.311525,11.147047,0.0,1.1839193,5.108193,3.2858894,0.0,2.635654,0.0,2.2149653
2,209,210.0,10.0,1.0,1.0,191.0,1.0,1.0,1.0,0.9941027,1.0,-0.0,0.0,-9.261397e-06,-0.005888043,0.62931293,3.0374334,0.9788884,5.353282,0.83290285,3.7103925,0.0,8.977017,-7.311792,0.5092593,70.80611,1.0,0.0,0.0,0.0,0.0,0,9.471864,11.740183,0.0,0.79163355,4.505429,5.0459466,0.0,2.4268696,0.0,0.7057389
3,209,210.0,10.0,1.0,1.0,191.0,1.0,1.0,1.0,0.99640423,1.0,-0.0,0.0,-9.304346e-06,-0.0035864825,0.6178599,3.023858,0.9461206,5.2151885,0.88981026,4.8166943,0.0,7.956036,-6.8717403,0.49537036,70.68269,1.0,0.0,0.0,0.0,0.0,0,13.166932,12.357385,0.0,0.671157,5.1358585,5.161726,0.0,2.4086118,0.0,0.0
0,210,211.0,10.0,1.0,1.0,192.0,1.0,1.0,1.0,0.98765767,1.0,-0.0,0.0,-8.067651e-06,-0.012334269,0.53258765,2.9077468,0.83564746,5.2876487,0.82522404,5.4524064,0.0,8.226574,-8.070254,0.4675926,70.75216,1.0,0.0,0.0,0.0,0.0,0,14.051709,11.475779,0.0,0.61866796,5.1313944,5.2828937,0.0,2.3583705,0.0,0.0
1,210,211.0,10.0,1.0,1.0,192.0,1.0,1.0,1.0,0.99704427,1.0,-0.0,0.0,-7.1446593e-06,-0.0029485999,0.46650693,2.9441798,0.91121227,5.1769156,0.9182743,3.1758912,0.0,7.570329,-7.7562175,0.49537036,70.822495,1.0,0.0,0.0,0.0,0.0,0,14.470499,10.99326,0.0,0.74708134,5.7566586,3.2989807,0.0,2.295648,0.0,1.5579667
2,210,211.0,10.0,1.0,1.0,192.0,1.0,1.0,1.0,0.9970082,1.0,-0.0,0.0,-7.955195e-06,-0.002983889,0.52658767,2.856943,0.9579299,5.179033,0.8364709,3.1962833,0.0,8.924645,-8.264778,0.5092593,71.130844,1.0,0.0,0.0,0.0,0.0,0,11.099396,12.478089,0.0,0.64120775,5.21244,4.8248177,0.0,0.58596575,0.0,0.7246105
3,210,211.0,10.0,1.0,1.0,192.0,1.0,1.0,1.0,0.99252325,1.0,-0.0,0.0,-8.4568455e-06,-0.0074682925,0.5345669,2.8959396,0.91866416,5.448097,0.88889647,4.734561,0.0,7.664392,-7.8206778,0.49537036,70.98136,1.0,0.0,0.0,0.0,0.0,0,13.784796,12.008046,0.0,0.5619072,5.6168265,5.2417216,0.0,2.3624437,0.0,0.0
0,211,212.0,10.0,1.0,1.0,193.0,1.0,1.0,1.0,0.9907012,1.0,-0.0,0.0,-7.762431e-06,-0.009291057,0.7105101,2.9160564,0.8372755,5.3545985,0.82023805,5.2028637,0.0,8.165992,-6.492601,0.4675926,71.00051,1.0,0.0,0.0,0.0,0.0,0,14.290347,11.642459,0.0,0.78184587,5.3099313,5.57828,0.0,2.0662425,0.0,0.0
1,211,212.0,10.0,1.0,1.0,193.0,1.0,1.0,1.0,0.9964505,1.0,-0.0,0.0,-8.081081e-06,-0.0035414388,0.6691415,3.0097513,0.921815,5.212486,0.9086851,3.002834,0.0,7.590807,-6.2664924,0.49537036,71.1608,1.0,0.0,0.0,0.0,0.0,0,14.265161,11.158194,0.0,0.76619923,5.007748,5.6446533,0.0,2.14601,0.0,1.811516
2,211,212.0,10.0,1.0,1.0,193.0,1.0,1.0,1.0,0.9956917,1.0,-0.0,0.0,-6.6256925e-06,-0.004301667,0.67407936,2.8852663,0.9723206,5.2580996,0.8390068,2.9968324,0.0,9.019488,-7.2034698,0.5092593,71.4065,1.0,0.0,0.0,0.0,0.0,0,10.533446,12.217799,0.0,0.7222438,4.620419,5.425621,0.0,2.068247,0.0,0.75998735
3,211,212.0,10.0,1.0,1.0,193.0,1.0,1.0,1.0,0.99407446,1.0,-0.0,0.0,-8.242587e-06,-0.0059172916,0.6830871,2.8864763,0.94333494,5.355037,0.8885147,4.5614066,0.0,7.9305825,-6.826995,0.49537036,71.24025,1.0,0.0,0.0,0.0,0.0,0,13.195148,12.078229,0.0,0.5473623,5.240022,5.525009,0.0,2.118052,0.0,0.0
0,212,213.0,10.0,1.0,1.0,194.0,1.0,1.0,1.0,0.98983777,1.0,-0.0,0.0,-8.189389e-06,-0.01015408,0.5786445,2.8071587,0.83924997,5.493181,0.8149925,5.1160626,0.0,8.207099,-8.149518,0.4675926,71.270874,1.0,0.0,0.0,0.0,0.0,0,13.295022,11.452837,0.0,0.42853105,6.043459,6.0462546,0.0,2.0011442,0.0,0.0
1,212,213.0,10.0,1.0,1.0,194.0,1.0,1.0,1.0,0.9964802,1.0,-0.0,0.0,-8.418487e-06,-0.0035113932,0.5039189,2.9193637,0.9361946,5.2106833,0.9047684,2.6793816,0.0,7.829023,-8.182447,0.49537036,71.434494,1.0,0.0,0.0,0.0,0.0,0,15.485573,10.564092,0.0,0.41135478,5.5462,5.577885,0.0,0.18788996,0.0,1.8220057
2,212,213.0,10.0,1.0,1.0,194.0,1.0,1.0,1.0,0.9919961,1.0,-0.0,0.0,-7.789488e-06,-0.007996109,0.5553838,2.7709868,0.9690411,5.479766,0.8410179,2.7354696,0.0,8.924073,-8.31131,0.5092593,71.65494,1.0,0.0,0.0,0.0,0.0,0,10.852121,11.902257,0.0,0.8078894,5.4121695,5.9708376,0.0,1.2332197,0.0,0.0
3,212,213.0,10.0,1.0,1.0,194.0,1.0,1.0,1.0,0.992646,1.0,-0.0,0.0,-7.99554e-06,-0.007346046,0.53336287,2.7630455,0.94537026,5.4407625,0.8998452,4.2988048,0.0,7.995588,-8.216483,0.49537036,71.48078,1.0,0.0,0.0,0.0,0.0,0,13.544823,11.404551,0.0,0.5360344,5.5674925,5.6387978,0.0,0.95874393,0.0,0.0
0,213,214.0,10.0,1.0,1.0,195.0,1.0,1.0,1.0,0.9965142,1.0,-0.0,0.0,-9.472342e-06,-0.0034763243,0.77151805,2.8358765,0.87522966,5.208579,0.8075966,4.810351,0.0,8.556277,-6.6435475,0.4675926,71.471,1.0,0.0,0.0,0.0,0.0,0,13.983082,12.448637,0.0,1.1482061,4.554294,5.994734,0.0,1.7879006,0.0,0.0
1,213,214.0,10.0,1.0,1.0,195.0,1.0,1.0,1.0,0.99696285,1.0,-0.0,0.0,-7.898917e-06,-0.0030292245,0.6729934,2.960556,0.9443704,5.181753,0.9065453,2.5420635,0.0,7.872277,-6.708971,0.49537036,71.57954,1.0,0.0,0.0,0.0,0.0,0,15.134471,11.232288,0.0,1.0387235,5.117592,5.760262,0.0,1.7569156,0.0,1.7800846
2,213,214.0,10.0,1.0,1.0,195.0,1.0,1.0,1.0,0.9910402,1.0,-0.0,0.0,-6.578811e-06,-0.0089531895,0.7702768,2.8547347,0.9604904,5.537191,0.8333684,2.7639368,0.0,8.739792,-6.3976917,0.5092593,71.85654,1.0,0.0,0.0,0.0,0.0,0,10.702725,11.934264,0.0,0.7537879,5.0322046,5.8992715,0.0,1.9132346,0.0,0.0
3,213,214.0,10.0,1.0,1.0,195.0,1.0,1.0,1.0,0.9927864,1.0,-0.0,0.0,-6.7519704e-06,-0.007206831,0.724018,2.8148491,0.9488228,5.4324093,0.8984723,4.248245,0.0,7.9890056,-6.5141478,0.49537036,71.65137,1.0,0.0,0.0,0.0,0.0,0,13.165444,11.701205,0.0,0.8303684,5.2974167,5.8939133,0.0,1.748172,0.0,0.0
0,214,215.0,10.0,1.0,1.0,196.0,1.0,1.0,1.0,0.9911243,1.0,-0.0,0.0,-9.7501825e-06,-0.008865955,0.5914584,2.669778,0.8552871,5.5319567,0.7970687,4.8106766,0.0,8.420281,-8.269169,0.4675926,71.66331,1.0,0.0,0.0,0.0,0.0,0,13.622225,11.147417,0.0,0.7621234,5.7297406,6.0794816,0.0,1.7026821,0.0,0.0
1,214,215.0,10.0,1.0,1.0,196.0,1.0,1.0,1.0,0.99458176,1.0,-0.0,0.0,-9.25355e-06,-0.005408983,0.49229115,2.7705348,0.92627335,5.3245387,0.901448,2.3686419,0.0,7.8072815,-8.189077,0.49537036,71.82496,1.0,0.0,0.0,0.0,0.0,0,15.440141,10.341444,0.0,0.74041796,5.495493,5.987197,0.0,0.35524228,0.0,1.6507488
2,214,215.0,10.0,1.0,1.0,196.0,1.0,1.0,1.0,0.9879932,1.0,-0.0,0.0,-9.386228e-06,-0.011997433,0.551863,2.6583774,0.9598025,5.719846,0.8300364,2.6107259,0.0,8.84651,-8.352073,0.5092593,72.09398,1.0,0.0,0.0,0.0,0.0,0,11.376348,11.445502,0.0,0.5431625,5.2339535,6.0469885,0.0,0.49312237,0.0,0.0
3,214,215.0,10.0,1.0,1.0,196.0,1.0,1.0,1.0,0.9929619,1.0,-0.0,0.0,-9.220153e-06,-0.007028891,0.5267158,2.6384146,0.95019805,5.421733,0.9038442,4.0694175,0.0,8.1499405,-8.215499,0.49537036,71.88823,1.0,0.0,0.0,0.0,0.0,0,13.366169,11.070175,0.0,0.56194603,5.534275,6.164769,0.0,0.30357212,0.0,0.0
0,215,216.0,10.0,1.0,1.0,197.0,1.0,1.0,1.0,0.98591495,1.0,-0.0,0.0,-8.931557e-06,-0.014076102,0.47373623,2.743447,0.8050477,5.844566,0.796973,4.2900543,0.0,7.8219,-8.204504,0.4675926,71.72803,1.0,0.0,0.0,0.0,0.0,0,14.078623,11.840667,0.0,1.1120483,6.1048436,6.5540667,0.0,1.4706639,0.0,0.0
1,215,216.0,10.0,1.0,1.0,197.0,1.0,1.0,1.0,0.98559153,1.0,-0.0,0.0,-6.926764e-06,-0.014401567,0.36497638,2.8649783,0.8665143,5.864094,0.907432,2.024408,0.0,7.050349,-8.054857,0.49537036,71.85876,1.0,0.0,0.0,0.0,0.0,0,15.29717,11.425045,0.0,1.3347297,5.37931,6.3947206,0.0,1.5357535,0.0,1.662492
2,215,216.0,10.0,1.0,1.0,197.0,1.0,1.0,1.0,0.98027766,1.0,-0.0,0.0,-8.188259e-06,-0.019714175,0.40881002,2.7361364,0.89145947,6.18285,0.84402525,2.3679805,0.0,8.015917,-8.174599,0.5092593,72.12113,1.0,0.0,0.0,0.0,0.0,0,15.390646,12.186004,0.0,0.83863074,5.773336,6.772202,0.0,1.155666,0.0,0.2753557
3,215,216.0,10.0,1.0,1.0,197.0,1.0,1.0,1.0,0.9869806,1.0,-0.0,0.0,-7.499633e-06,-0.013011902,0.39021558,2.7494853,0.902447,5.7807136,0.9269797,3.8369334,0.0,7.420423,-8.025981,0.49537036,71.95056,1.0,0.0,0.0,0.0,0.0,0,14.740657,11.71004,0.0,0.9817564,5.480014,6.698133,0.0,1.2562233,0.0,0.0
0,216,217.0,10.0,1.0,1.0,197.0,0.0,0.0,1.0,-0.12315555,0.0,-0.11693854,0.0,-7.770636e-06,-0.0062092394,1.1169385,2.7930937,0.82445174,5.372554,0.78288484,4.326216,0.0,8.070978,-2.6098378,0.4675926,71.96408,1.0,0.0,0.0,0.0,0.0,0,14.051882,11.226931,0.0,1.2721503,5.847957,6.7596097,0.0,1.4959127,0.0,0.0
1,216,217.0,10.0,1.0,1.0,198.0,1.0,1.0,1.0,0.99434865,1.0,-0.0,0.0,-7.3790598e-06,-0.005643949,0.99326444,2.876061,0.8872523,5.3386364,0.89487714,2.0808449,0.0,7.418069,-2.8220444,0.49537036,72.12414,1.0,0.0,0.0,0.0,0.0,0,14.874274,10.88026,0.0,1.2518939,5.0286846,6.493336,0.0,1.6417861,0.0,1.6565232
2,216,217.0,10.0,1.0,1.0,197.0,0.0,0.0,1.0,-0.050694354,0.0,-0.04026275,0.0,-7.72201e-06,-0.010423879,1.0402627,2.76001,0.92453134,5.6254325,0.8304948,2.414787,0.0,8.461508,-2.9862494,0.5092593,72.394905,1.0,0.0,0.0,0.0,0.0,0,14.404821,11.508676,0.0,1.1333848,5.4360633,6.7951937,0.0,1.7637143,0.0,0.41494665
3,216,217.0,10.0,1.0,1.0,197.0,0.0,0.0,1.0,-0.070721984,0.0,-0.063385256,0.0,-7.4749973e-06,-0.0073292553,1.0633852,2.7665367,0.91585517,5.439755,0.91790295,3.8775234,0.0,7.6442647,-1.9990504,0.49537036,72.19868,1.0,0.0,0.0,0.0,0.0,0,14.678151,11.666843,0.0,1.1742556,5.3371224,6.8136272,0.0,1.4891795,0.0,0.0
0,217,218.0,10.0,1.0,1.0,198.0,1.0,1.0,1.0,0.9992642,1.0,-0.0,0.0,-1.39736285e-05,-0.0007218869,0.5477924,2.7833934,0.84697026,5.043313,0.7745797,4.239944,0.0,8.484429,-8.352778,0.4675926,72.07161,1.0,0.0,0.0,0.0,0.0,0,14.606617,10.984859,0.0,1.0585039,5.522874,6.8016477,0.0,0.9631032,0.0,0.0
1,217,218.0,10.0,1.0,1.0,199.0,1.0,1.0,1.0,0.99800515,1.0,-0.0,0.0,-1.199308e-05,-0.0019828395,0.4762929,2.7735424,0.94232094,5.11897,0.8884985,2.0057638,0.0,8.064553,-8.281874,0.49537036,72.387955,1.0,0.0,0.0,0.0,0.0,0,14.512055,10.049973,0.0,0.613453,5.3777924,6.5568805,0.0,0.78962415,0.0,1.4012065
2,217,218.0,10.0,1.0,1.0,198.0,1.0,1.0,1.0,0.9931339,1.0,-0.0,0.0,-1.3033601e-05,-0.0068530203,0.493123,2.7310486,0.94053376,5.411181,0.82852197,2.3500633,0.0,8.827459,-8.307725,0.5092593,72.51242,1.0,0.0,0.0,0.0,0.0,0,16.254766,11.519506,0.0,1.6820709,6.5599704,6.698954,0.0,0.8575336,0.0,0.1230894
3,217,218.0,10.0,1.0,1.0,198.0,1.0,1.0,1.0,0.9946618,1.0,-0.0,0.0,-1.258566e-05,-0.0053256196,0.5201947,2.781034,0.9284415,5.3195367,0.90750045,3.9276714,0.0,7.9497914,-7.473235,0.49537036,72.28841,1.0,0.0,0.0,0.0,0.0,0,14.508134,11.45478,0.0,1.1661032,5.1791396,6.6285286,0.0,1.095731,0.0,0.0
0,218,219.0,10.0,1.0,1.0,199.0,1.0,1.0,1.0,0.9925294,1.0,-0.0,0.0,-1.1901697e-05,-0.0074587087,0.50212777,2.6636605,0.83294994,5.447522,0.75958276,4.214944,0.0,8.32716,-8.263868,0.4675926,72.303505,1.0,0.0,0.0,0.0,0.0,0,14.252108,11.021721,0.0,1.0857025,5.739897,6.994054,0.0,1.1105477,0.0,0.0
1,218,219.0,10.0,1.0,1.0,200.0,1.0,1.0,1.0,0.99564445,1.0,-0.0,0.0,-1.1702667e-05,-0.0043438436,0.6613478,2.8801672,0.93857247,5.26063,0.87837905,1.9326268,0.0,7.902613,-5.7290077,0.49537036,72.42111,1.0,0.0,0.0,0.0,0.0,0,14.774571,10.817858,0.0,1.1633496,5.1149316,6.502853,0.0,0.94203067,0.0,1.5723709
2,218,219.0,10.0,1.0,1.0,199.0,1.0,1.0,1.0,0.988191,1.0,-0.0,0.0,-1.4827359e-05,-0.011794164,0.44645035,2.6096683,0.92132145,5.707649,0.80001307,2.4897962,0.0,8.630625,-8.102048,0.5092593,72.7472,1.0,0.0,0.0,0.0,0.0,0,14.552418,11.083749,0.0,0.7196939,5.730797,6.885318,0.0,1.4351231,0.0,0.4837382
3,218,219.0,10.0,1.0,1.0,199.0,1.0,1.0,1.0,0.99502194,1.0,-0.0,0.0,-1.1343308e-05,-0.0049667284,0.41063875,2.615592,0.9407252,5.298003,0.893743,3.991335,0.0,8.134412,-8.205027,0.49537036,72.56914,1.0,0.0,0.0,0.0,0.0,0,14.522445,10.791172,0.0,0.73596644,5.7102494,6.785981,0.0,1.1429017,0.0,0.0
0,219,220.0,10.0,1.0,1.0,200.0,1.0,1.0,1.0,0.99998504,1.0,-0.0,0.0,-1.49842035e-05,-0.0,0.767035,2.8136044,0.9353577,4.697708,0.747668,4.207508,1.0,9.159291,-6.88274,0.4675926,72.4516,1.0,0.0,0.0,0.0,0.0,0,14.536829,11.378986,0.0,1.221266,4.4607096,7.086654,0.0,1.0660369,0.0,0.0
1,219,220.0,10.0,1.0,1.0,201.0,1.0,1.0,1.0,0.99873894,1.0,-0.0,0.0,-1.0445858e-05,-0.0012506432,0.54316634,2.881251,0.96121824,5.075038,0.86761296,1.9407102,0.0,8.144132,-7.150612,0.49537036,72.6124,1.0,0.0,0.0,0.0,0.0,0,14.1272,9.871857,0.0,1.0625515,5.4763007,6.4754133,0.0,0.93708885,0.0,1.6454226
2,219,220.0,10.0,1.0,1.0,200.0,1.0,1.0,1.0,0.9956189,1.0,-0.0,0.0,-1.4192142e-05,-0.0043669483,0.62597096,2.743559,1.0349356,5.008418,0.7818303,2.536515,0.0,9.696188,-7.858552,0.5092593,72.92712,1.0,0.0,0.0,0.0,0.0,0,13.975853,11.506989,0.0,1.183732,4.3938446,6.8316245,0.0,1.2138457,0.0,0.63454795
3,219,220.0,10.0,1.0,1.0,200.0,1.0,1.0,1.0,0.9966428,1.0,-0.0,0.0,-1.45996355e-05,-0.0033425516,0.66118205,2.744526,1.0267404,4.7848935,0.8805502,4.02804,0.0,8.947577,-6.8826313,0.49537036,72.69872,1.0,0.0,0.0,0.0,0.0,0,15.729954,11.730959,0.0,1.1985638,4.948356,6.865077,0.0,0.97942716,0.0,0.0
0,220,221.0,10.0,1.0,1.0,201.0,1.0,1.0,1.0,0.99998814,1.0,-0.0,0.0,-1.1840046e-05,-0.0,0.5495049,2.8290904,0.9079241,4.960353,0.73578626,4.0997,1.0,8.892559,-8.2826805,0.4675926,72.61579,1.0,0.0,0.0,0.0,0.0,0,15.0304,10.646031,0.0,1.8117764,5.678617,7.3602066,0.0,0.9558944,0.0,0.020011388
1,220,221.0,10.0,1.0,1.0,202.0,1.0,1.0,1.0,0.9983946,1.0,-0.0,0.0,-1.114564e-05,-0.0015942496,0.50400645,2.9524686,1.012754,4.681849,0.85345924,1.9040658,0.0,8.846866,-8.045292,0.49537036,72.77982,1.0,0.0,0.0,0.0,0.0,0,14.893171,10.417506,0.0,1.4576179,4.976964,6.4630675,0.0,0.76934016,0.0,1.6751652
2,220,221.0,10.0,1.0,1.0,201.0,1.0,1.0,1.0,0.99405605,1.0,-0.0,0.0,-9.581643e-06,-0.005934353,0.47102457,2.7476027,0.9777172,5.3560605,0.7707152,2.5845096,0.0,9.08374,-8.199738,0.5092593,73.09012,1.0,0.0,0.0,0.0,0.0,0,14.208361,11.296777,0.0,1.7070078,5.823526,7.2327123,0.0,1.179952,0.0,1.0432664
3,220,221.0,10.0,1.0,1.0,201.0,1.0,1.0,1.0,0.9999018,1.0,-0.0,0.0,-1.0005953e-05,-8.81877e-05,0.4531987,2.772971,0.98542255,5.005291,0.8657045,4.0863113,0.0,8.440035,-8.120224,0.49537036,72.847084,1.0,0.0,0.0,0.0,0.0,0,14.806476,10.898959,0.0,1.4327277,5.727918,6.885646,0.0,0.7246299,0.0,0.0
0,221,222.0,10.0,1.0,1.0,202.0,1.0,1.0,1.0,0.9999911,1.0,-0.0,0.0,-8.861096e-06,-0.0,0.7364955,2.8494802,0.9253659,4.828059,0.7241497,4.1312766,1.0,9.086553,-6.4295697,0.4675926,72.777626,1.0,0.0,0.0,0.0,0.0,0,14.577437,10.785017,0.0,1.4616834,5.1921906,7.33376,0.0,0.9159013,0.0,0.12105468
1,221,222.0,10.0,1.0,1.0,203.0,1.0,1.0,1.0,0.9999904,1.0,-0.0,0.0,-9.58951e-06,-0.0,0.4657492,2.92168,0.9950115,4.7822747,0.83350354,1.962767,1.0,8.694905,-7.919578,0.49537036,73.01337,1.0,0.0,0.0,0.0,0.0,0,14.678986,10.0894165,0.0,1.5449648,5.1376953,6.8644924,0.0,0.8356373,0.0,1.727469
2,221,222.0,10.0,1.0,1.0,202.0,1.0,1.0,1.0,0.99645793,1.0,-0.0,0.0,-8.144744e-06,-0.0035339256,0.633654,2.7643301,0.99987584,5.212035,0.75727195,2.6137223,0.0,9.333404,-6.754759,0.5092593,73.254166,1.0,0.0,0.0,0.0,0.0,0,14.07577,11.378928,0.0,1.3773367,5.2054462,7.1675267,0.0,1.0973932,0.0,1.0149491
3,221,222.0,10.0,1.0,1.0,202.0,1.0,1.0,1.0,0.99999183,1.0,-0.0,0.0,-8.169642e-06,-0.0,0.6328758,2.7890663,0.99929905,4.884645,0.8531491,4.124829,1.0,8.625572,-6.249288,0.49537036,73.01136,1.0,0.0,0.0,0.0,0.0,0,14.808178,10.892742,0.0,1.3454831,5.16645,7.0032673,0.0,0.88040805,0.0,0.0
0,222,223.0,10.0,1.0,1.0,203.0,1.0,1.0,1.0,0.99999076,1.0,-0.0,0.0,-9.216293e-06,-0.0,0.565663,2.8704448,0.9471425,4.658379,0.7110797,4.2032266,1.0,9.38098,-8.245898,0.4675926,72.95731,1.0,0.0,0.0,0.0,0.0,0,14.21077,10.334538,0.0,1.4982072,5.3710737,7.646869,0.0,0.97215676,0.0,0.3667902
1,222,223.0,10.0,1.0,1.0,204.0,1.0,1.0,1.0,0.99744326,1.0,-0.0,0.0,-8.797002e-06,-0.002547924,0.49707666,2.9330769,1.0203834,4.6081944,0.82368124,1.9491613,0.0,9.021883,-7.5878453,0.49537036,73.21081,1.0,0.0,0.0,0.0,0.0,0,14.427181,10.01033,0.0,1.5785683,4.8496933,6.795626,0.0,0.7789518,0.0,1.8527504
2,222,223.0,10.0,1.0,1.0,203.0,1.0,1.0,1.0,0.99687684,1.0,-0.0,0.0,-8.339831e-06,-0.0031148011,0.47293007,2.794584,1.0188358,5.1868877,0.7450492,2.660619,0.0,9.544724,-8.197181,0.5092593,73.421005,1.0,0.0,0.0,0.0,0.0,0,14.166767,11.13697,0.0,1.5231272,5.396982,7.4615116,0.0,0.9784428,0.0,1.276785
3,222,223.0,10.0,1.0,1.0,203.0,1.0,1.0,1.0,0.9998324,1.0,-0.0,0.0,-8.016317e-06,-0.0001596054,0.50236285,2.8086858,1.0012769,4.8566756,0.839091,4.1884866,0.0,8.686725,-7.333425,0.49537036,73.18779,1.0,0.0,0.0,0.0,0.0,0,14.701588,10.483714,0.0,1.3082744,5.6567307,7.0151687,0.0,0.8769325,0.0,0.0
0,223,224.0,10.0,1.0,1.0,204.0,1.0,1.0,1.0,0.99999243,1.0,-0.0,0.0,-7.5950525e-06,-0.0,0.6326579,2.8417206,0.9555755,4.5913444,0.70292443,4.211971,1.0,9.508574,-7.291262,0.4675926,73.20188,1.0,0.0,0.0,0.0,0.0,0,14.269216,10.416843,0.0,1.6730675,5.090692,7.59218,0.0,0.9688082,0.0,0.63861704
1,223,224.0,10.0,1.0,1.0,205.0,1.0,1.0,1.0,0.9980423,1.0,-0.0,0.0,-7.883642e-06,-0.0019498751,0.466194,2.846567,1.015599,4.5578012,0.80971587,2.0158844,0.0,9.085774,-7.3599405,0.49537036,73.54184,1.0,0.0,0.0,0.0,0.0,0,14.451478,9.937353,0.0,1.7018633,4.8740764,6.7166834,0.0,0.9062634,0.0,2.1150966
2,223,224.0,10.0,1.0,1.0,204.0,1.0,1.0,1.0,0.9948738,1.0,-0.0,0.0,-7.313263e-06,-0.0051188515,0.5021684,2.7930129,1.0409508,5.0617533,0.7304043,2.693949,0.0,9.813737,-7.9805617,0.5092593,73.63551,1.0,0.0,0.0,0.0,0.0,0,14.082876,11.055433,0.0,1.5874847,5.066656,7.2850566,0.0,1.1135408,0.0,1.3548588
3,223,224.0,10.0,1.0,1.0,204.0,1.0,1.0,1.0,0.9956958,1.0,-0.0,0.0,-6.83988e-06,-0.0042973203,0.5109239,2.80128,1.0343785,4.6396866,0.8257432,4.2471385,0.0,9.142777,-7.366673,0.49537036,73.40667,1.0,0.0,0.0,0.0,0.0,0,14.823409,10.618661,0.0,1.3152689,5.23203,7.0964575,0.0,0.91113204,0.0,0.0
0,224,225.0,10.0,1.0,1.0,205.0,1.0,1.0,1.0,0.99999124,1.0,-0.0,0.0,-8.757519e-06,-0.0,0.61429554,2.7241185,0.9532932,4.577683,0.6922055,4.243266,1.0,9.586854,-6.8660564,0.4675926,73.5808,1.0,0.0,0.0,0.0,0.0,0,14.227181,10.211062,0.0,1.8085899,4.922617,7.658051,0.0,1.0699555,0.0,0.6775901
1,224,225.0,10.0,1.0,1.0,206.0,1.0,1.0,1.0,0.99687773,1.0,-0.0,0.0,-6.9271246e-06,-0.0031153788,0.4157126,2.9847503,1.024923,4.505455,0.81016785,1.9419196,0.0,9.184166,-7.3102655,0.49537036,73.72045,1.0,0.0,0.0,0.0,0.0,0,13.127558,9.533069,0.0,1.6204184,4.0933776,6.63938,0.0,0.73207265,0.0,2.6760447
2,224,225.0,10.0,1.0,1.0,205.0,1.0,1.0,1.0,0.995036,1.0,-0.0,0.0,-7.567918e-06,-0.0049564405,0.5133487,2.6875923,1.0396515,5.046107,0.71598154,2.7320337,0.0,9.88097,-7.351972,0.5092593,74.00202,1.0,0.0,0.0,0.0,0.0,0,13.927593,10.782461,0.0,1.6648238,4.992926,7.2281237,0.0,1.1929662,0.0,1.5516475
3,224,225.0,10.0,1.0,1.0,205.0,1.0,1.0,1.0,0.995381,1.0,-0.0,0.0,-7.471668e-06,-0.004611537,0.5166434,2.6812994,1.0368923,4.550753,0.8128644,4.3229575,0.0,9.299862,-6.788019,0.49537036,73.78115,1.0,0.0,0.0,0.0,0.0,0,14.822359,10.534263,0.0,1.5628403,5.1433907,7.1600447,0.0,0.96546876,0.0,0.0
0,225,226.0,10.0,1.0,1.0,206.0,1.0,1.0,1.0,0.99999195,1.0,-0.0,0.0,-8.072594e-06,-0.0,0.5121071,2.918936,0.97222745,4.6114216,0.6864831,4.126726,1.0,9.673696,-7.48445,0.4675926,73.72311,1.0,0.0,0.0,0.0,0.0,0,13.823363,9.890717,0.0,1.7668046,5.6251497,7.758735,0.0,1.07158,0.0,1.1256075
1,225,226.0,10.0,1.0,1.0,207.0,1.0,1.0,1.0,0.9960394,1.0,-0.0,0.0,-9.434002e-06,-0.0039511826,0.3671918,2.983636,1.0316094,4.3722963,0.79906106,1.9778628,0.0,9.315888,-7.472978,0.49537036,73.986824,1.0,0.0,0.0,0.0,0.0,0,14.10986,9.73029,0.0,1.7362108,4.7433057,6.767546,0.0,0.88612294,0.0,2.623119
2,225,226.0,10.0,1.0,1.0,206.0,1.0,1.0,1.0,0.9951344,1.0,-0.0,0.0,-7.321768e-06,-0.0048582675,0.4539378,2.8772128,1.0388662,5.077968,0.70709085,2.8250008,0.0,9.791994,-7.3286,0.5092593,74.151405,1.0,0.0,0.0,0.0,0.0,0,13.84595,10.534527,0.0,1.5880036,5.7189727,7.2986927,0.0,1.50417,0.0,2.239906
3,225,226.0,10.0,1.0,1.0,206.0,1.0,1.0,1.0,0.99400973,1.0,-0.0,0.0,-6.8959307e-06,-0.0059833284,0.43784416,2.8655767,1.0478666,4.600203,0.80911547,4.354534,0.0,9.31979,-7.10041,0.49537036,73.94408,1.0,0.0,0.0,0.0,0.0,0,14.254659,10.312769,0.0,1.363406,5.1316905,7.207981,0.0,0.8596337,0.0,0.0
0,226,227.0,10.0,1.0,1.0,207.0,1.0,1.0,1.0,0.99999,1.0,-0.0,0.0,-1.0004764e-05,-0.0,0.4961677,2.9363143,0.9756916,4.5822983,0.6742487,4.226444,1.0,9.683893,-7.2552776,0.4675926,73.980545,1.0,0.0,0.0,0.0,0.0,0,14.000414,10.006239,0.0,2.030802,4.8671246,7.6959476,0.0,1.2176362,0.0,1.2147348
1,226,227.0,10.0,1.0,1.0,208.0,1.0,1.0,1.0,0.9946968,1.0,-0.0,0.0,-6.2241998e-06,-0.0052969903,0.31211525,2.868719,1.0423759,4.3280253,0.78531706,2.0823488,0.0,9.541615,-7.597042,0.49537036,74.409966,1.0,0.0,0.0,0.0,0.0,0,14.132806,9.632969,0.0,1.8324751,4.7971354,6.613536,0.0,1.164656,0.0,2.9782174
2,226,227.0,10.0,1.0,1.0,207.0,1.0,1.0,1.0,0.9949946,1.0,-0.0,0.0,-9.411268e-06,-0.0049959985,0.44103563,2.8984988,1.039968,5.0288544,0.6948499,2.8980381,0.0,9.775353,-7.065254,0.5092593,74.40244,1.0,0.0,0.0,0.0,0.0,0,14.15764,10.638561,0.0,1.8773875,5.0669065,7.2114263,0.0,1.3653839,0.0,2.3404703
3,226,227.0,10.0,1.0,1.0,207.0,1.0,1.0,1.0,0.99384177,1.0,-0.0,0.0,-9.959082e-06,-0.006148289,0.42116082,2.8781598,1.0491862,4.5143085,0.79427475,4.4768667,0.0,9.343022,-6.91943,0.49537036,74.19888,1.0,0.0,0.0,0.0,0.0,0,14.393554,10.436151,0.0,1.610901,4.2516565,7.1209364,0.0,1.3505017,0.0,0.0966696
0,227,228.0,10.0,1.0,1.0,208.0,1.0,1.0,1.0,0.99999356,1.0,-0.0,0.0,-6.424251e-06,-0.0,0.4426334,2.817409,0.9760715,4.563466,0.66234016,4.306447,1.0,9.78854,-7.185501,0.4675926,74.42491,1.0,0.0,0.0,0.0,0.0,0,13.957261,9.871889,0.0,2.053518,4.703701,7.566019,0.0,1.3370254,0.0,1.1453352
1,227,228.0,10.0,1.0,1.0,209.0,1.0,1.0,1.0,0.9561926,1.0,-0.027410936,0.0,-7.718421e-06,-0.016388763,0.3126148,3.0822327,1.1311101,4.420022,0.7717393,2.1685236,0.0,10.462245,-8.001777,0.49537036,74.67652,1.0,0.0,0.0,0.0,0.0,0,13.439613,10.191904,0.0,1.3278512,3.8394923,6.7011714,0.0,1.0478535,0.0,2.941683
2,227,228.0,10.0,1.0,1.0,208.0,1.0,1.0,1.0,0.9954918,1.0,-0.0,0.0,-5.7203238e-06,-0.0045024906,0.39050505,2.7893343,1.0360199,5.0056033,0.68111205,2.9834816,0.0,9.83913,-7.045296,0.5092593,74.835335,1.0,0.0,0.0,0.0,0.0,0,14.158977,10.5591955,0.0,1.86904,4.8625884,7.0776815,0.0,1.6866654,0.0,2.3986125
3,227,228.0,10.0,1.0,1.0,208.0,1.0,1.0,1.0,0.9948471,1.0,-0.0,0.0,-5.972693e-06,-0.0051469076,0.38000792,2.7635698,1.0411752,4.4677644,0.78041023,4.596968,0.0,9.374775,-6.6209846,0.49537036,74.63727,1.0,0.0,0.0,0.0,0.0,0,14.555057,10.278311,0.0,1.722675,4.645339,7.0200806,0.0,1.3823913,0.0,0.3377136
0,228,229.0,10.0,1.0,1.0,209.0,1.0,1.0,1.0,0.99491364,1.0,-0.0050780675,0.0,-8.2683155e-06,-0.0,0.5667377,3.0152342,0.97528714,4.7973127,0.6525614,4.3227763,1.0,9.59452,-5.1176205,0.4675926,74.82244,1.0,0.0,0.0,0.0,0.0,0,13.174859,9.396572,0.0,2.2466528,5.267908,7.7588434,0.0,1.2261766,0.0,1.1551802
1,228,229.0,10.0,1.0,1.0,210.0,1.0,1.0,1.0,0.9578689,1.0,-0.025324587,0.0,-1.1050709e-05,-0.016795529,0.15222672,3.0759737,1.1343642,4.3733706,0.7608371,2.2947898,0.0,10.60094,-8.168154,0.49537036,74.99363,1.0,0.0,0.0,0.0,0.0,0,13.675829,9.7124605,0.0,1.5986745,4.5920033,6.838355,0.0,1.2463273,0.0,3.383585
2,228,229.0,10.0,1.0,1.0,209.0,1.0,1.0,1.0,0.9954493,1.0,-0.0,0.0,-7.591745e-06,-0.004543131,0.5109452,2.9849668,1.036345,5.231677,0.6665784,3.0825853,0.0,9.654777,-5.194197,0.5092593,75.2403,1.0,0.0,0.0,0.0,0.0,0,13.465068,10.080116,0.0,2.0222938,5.422502,6.948374,0.0,1.550552,0.0,2.505534
3,228,229.0,10.0,1.0,1.0,209.0,1.0,1.0,1.0,0.99686044,1.0,-0.0,0.0,-7.5059297e-06,-0.0031320495,0.5321335,2.9503946,1.0250564,4.695541,0.769079,4.7130156,0.0,8.968347,-4.097028,0.49537036,75.05676,1.0,0.0,0.0,0.0,0.0,0,13.685497,9.904621,0.0,1.9575784,5.2839003,7.1054053,0.0,1.1384376,0.0,0.53072554
0,229,230.0,10.0,1.0,1.0,210.0,1.0,1.0,1.0,0.99301386,1.0,-0.005736078,0.0,-1.2883387e-05,-0.0012372271,0.35357213,3.017208,1.0098978,4.616003,0.6475016,4.3742657,0.0,10.025738,-6.049104,0.4675926,75.11293,1.0,0.0,0.0,0.0,0.0,0,13.335413,9.9240885,0.0,1.829871,4.1404276,7.576544,0.0,1.6136129,0.0,1.5768764
1,229,230.0,10.0,1.0,1.0,211.0,1.0,1.0,1.0,0.9327556,1.0,-0.05087126,0.0,-6.466536e-06,-0.016366713,0.31183138,3.1526136,1.1309336,4.457941,0.74933934,2.4196444,0.0,10.380249,-3.5321438,0.49537036,75.478676,1.0,0.0,0.0,0.0,0.0,0,13.35097,9.636807,0.0,2.3174016,4.420223,6.4080577,0.0,1.4401854,0.0,3.6720433
2,229,230.0,10.0,1.0,1.0,210.0,1.0,1.0,1.0,0.99218756,1.0,-0.0,0.0,-1.1615768e-05,-0.0078008277,0.30007586,2.9649055,1.0624065,5.0569563,0.65762216,3.1889277,0.0,10.037912,-5.574586,0.5092593,75.55037,1.0,0.0,0.0,0.0,0.0,0,14.413135,10.941027,0.0,1.8824323,3.167452,7.0138407,0.0,1.69412,0.0,2.7687225
3,229,230.0,10.0,1.0,1.0,210.0,1.0,1.0,1.0,0.997138,1.0,-0.0,0.0,-1.19813485e-05,-0.0028499984,0.35166854,2.9196334,1.0228,4.543177,0.7647513,4.794374,0.0,9.0909195,-2.9907217,0.49537036,75.383545,1.0,0.0,0.0,0.0,0.0,0,14.64251,10.238295,0.0,1.788865,4.689015,7.1121736,0.0,1.3631078,0.0,0.7294407
0,230,231.0,10.0,1.0,1.0,211.0,1.0,1.0,1.0,0.9679906,1.0,-0.030315172,0.0,-7.4889167e-06,-0.0016867649,0.45497006,3.0909455,1.0134941,4.814906,0.6385856,4.4689903,0.0,9.954632,-1.9519259,0.4675926,75.59207,1.0,0.0,0.0,0.0,0.0,0,13.199918,9.218325,0.0,2.4849036,5.038314,7.39287,0.0,1.6408589,0.0,1.7443902
1,230,231.0,10.0,1.0,1.0,212.0,1.0,1.0,1.0,0.96102226,1.0,-0.026277702,0.0,-1.1921358e-05,-0.012688117,0.19619316,3.078833,1.1015049,4.318972,0.74263257,2.537749,0.0,10.175097,1.2520635,0.49537036,75.96014,1.0,0.0,0.0,0.0,0.0,0,13.70319,9.553026,0.0,1.8640063,4.6781783,6.492674,0.0,1.802384,0.0,3.9939353
2,230,231.0,10.0,1.0,1.0,211.0,1.0,1.0,1.0,0.98209226,1.0,-0.010436712,0.0,-6.8395425e-06,-0.0074641895,0.4052248,3.03131,1.0597135,5.2808332,0.6442668,3.3219006,0.0,9.902739,-0.90911335,0.5092593,76.04634,1.0,0.0,0.0,0.0,0.0,0,13.357311,10.203742,0.0,2.0050063,5.060709,6.7361436,0.0,1.7514101,0.0,2.8841207
3,230,231.0,10.0,1.0,1.0,211.0,1.0,1.0,1.0,0.9934237,1.0,-0.0,0.0,-7.707844e-06,-0.006568595,0.42213088,2.9855294,1.0525488,4.6983747,0.76122546,4.89825,0.0,9.262425,1.8459321,0.49537036,75.84636,1.0,0.0,0.0,0.0,0.0,0,14.60437,9.94454,0.0,2.3715026,5.146771,7.1282783,0.0,1.3185972,0.0,0.8722719
0,231,232.0,10.0,1.0,1.0,212.0,1.0,1.0,1.0,0.98865664,1.0,-0.004509464,0.0,-1.1817119e-05,-0.006822089,0.27054176,3.0135283,1.0545766,4.6871967,0.6325529,4.4833326,0.0,10.499624,1.9278238,0.4675926,76.01946,1.0,0.0,0.0,0.0,0.0,0,13.179054,9.664729,0.0,1.85524,4.176413,7.447748,0.0,1.880963,0.0,1.9201266
1,231,232.0,10.0,1.0,1.0,213.0,1.0,1.0,1.0,0.901369,1.0,-0.076201744,0.0,-7.568993e-06,-0.02242172,0.2191335,3.2286053,1.1793737,4.635129,0.737269,2.6375718,0.0,10.876251,2.7666385,0.49537036,76.404785,1.0,0.0,0.0,0.0,0.0,0,12.975321,9.320808,0.0,1.9044399,4.477797,6.471009,0.0,1.761378,0.0,4.1328497
2,231,232.0,10.0,1.0,1.0,212.0,1.0,1.0,1.0,0.98863024,1.0,-0.0,0.0,-1.2031383e-05,-0.011357712,0.19595325,2.9660006,1.0908617,5.0844398,0.6380393,3.420127,0.0,10.392448,2.6050737,0.5092593,76.45442,1.0,0.0,0.0,0.0,0.0,0,13.194855,9.8513565,0.0,1.8554648,3.7819004,6.920951,0.0,1.8292371,0.0,3.0094879
3,231,232.0,10.0,1.0,1.0,212.0,1.0,1.0,1.0,0.989586,1.0,-0.0,0.0,-1.2342343e-05,-0.010401686,0.21581128,2.9399347,1.0832134,4.5421433,0.7614197,4.971074,0.0,9.767103,4.823725,0.49537036,76.24024,1.0,0.0,0.0,0.0,0.0,0,14.420269,9.920388,0.0,1.821792,4.6928344,7.3695874,0.0,1.3980033,0.0,0.9608271
0,232,233.0,10.0,1.0,1.0,213.0,1.0,1.0,0.0,0.95044035,1.0,-0.042188976,0.0,-8.3085515e-06,-0.007362361,0.35904646,3.126567,1.0588989,4.8695555,0.626297,4.5260854,0.0,10.318754,5.628708,0.4675926,76.01946,1.0,0.0,0.0,0.0,0.0,0,13.388364,9.325818,0.0,2.7017787,4.9239287,7.372366,0.0,1.8496829,0.0,2.115535
1,232,233.0,10.0,1.0,1.0,214.0,1.0,1.0,1.0,0.943653,1.0,-0.038751155,0.0,-1.26245895e-05,-0.017583242,0.1283355,3.1162534,1.1406659,4.436111,0.7345213,2.7514477,0.0,10.593512,3.778441,0.49537036,77.00709,1.0,0.0,0.0,0.0,0.0,0,13.720756,9.433974,0.0,2.0399675,4.6818075,6.4222345,0.0,1.9316012,0.0,4.1834564
2,232,233.0,10.0,1.0,1.0,213.0,1.0,1.0,1.0,0.94372547,1.0,-0.038433697,0.0,-7.333999e-06,-0.017833559,0.2579607,3.1153011,1.1426685,5.446228,0.6294536,3.5675533,0.0,10.547735,4.557766,0.5092593,77.00845,1.0,0.0,0.0,0.0,0.0,0,13.388321,10.1565895,0.0,2.2847896,4.4987626,6.752067,0.0,1.8862224,0.0,3.1684659
3,232,233.0,10.0,1.0,1.0,213.0,1.0,1.0,0.0,0.9558668,1.0,-0.02506928,0.0,-7.2347466e-06,-0.019056672,0.28861538,3.0752077,1.144818,4.9024043,0.7620576,5.0572653,0.0,10.0074,5.6937613,0.49537036,76.24024,1.0,0.0,0.0,0.0,0.0,0,13.558789,10.219086,0.0,2.1231248,4.567642,7.1471567,0.0,1.5377785,0.0,0.81662035
0,233,234.0,10.0,1.0,1.0,214.0,1.0,1.0,1.0,0.9550848,1.0,-0.032476336,0.0,-1.3335918e-05,-0.012425566,0.1644507,3.097429,1.0994045,4.764561,0.6200043,4.5764856,0.0,10.856921,3.3072052,0.4675926,76.51689,1.0,0.0,0.0,0.0,0.0,0,13.264884,9.443087,0.0,2.1252499,4.010867,7.5635033,0.0,1.731871,0.0,2.1341407
1,233,234.0,10.0,1.0,1.0,215.0,1.0,1.0,1.0,0.9400103,1.0,-0.04196459,0.0,-7.323774e-06,-0.018017786,0.09258557,3.1258936,1.1441423,4.413819,0.7254919,2.9037046,0.0,10.758373,-0.27859607,0.5,77.42215,1.0,0.0,0.0,0.0,0.0,0,13.538355,9.401442,0.0,1.7755157,4.501636,6.1616044,0.0,2.224586,0.0,4.2732453
2,233,234.0,10.0,1.0,1.0,214.0,1.0,1.0,1.0,0.9556074,1.0,-0.024912259,0.0,-1.2909497e-05,-0.019467413,0.09759702,3.0747366,1.1557393,5.292977,0.6236544,3.6717935,0.0,10.864987,2.7682533,0.5092593,77.50742,1.0,0.0,0.0,0.0,0.0,0,14.72692,10.607128,0.0,2.009217,4.1882415,6.7707267,0.0,1.9466028,0.0,3.0793536
3,233,234.0,10.0,1.0,1.0,214.0,1.0,1.0,1.0,0.95477194,1.0,-0.023019005,0.0,-1.3953846e-05,-0.022195116,0.08760784,3.069057,1.1553851,4.8049774,0.7577647,5.166318,0.0,10.260901,3.5649686,0.49537036,76.74109,1.0,0.0,0.0,0.0,0.0,0,13.9581585,9.88894,0.0,2.0726042,4.839199,7.1493635,0.0,1.6534599,0.0,0.84153885
0,234,235.0,10.0,1.0,1.0,215.0,1.0,1.0,1.0,0.93174994,1.0,-0.056146026,0.0,-1.0461719e-05,-0.012093514,0.06607585,3.168438,1.0967481,4.715506,0.6074919,4.75568,0.0,10.885876,-1.141875,0.4722222,76.90996,1.0,0.0,0.0,0.0,0.0,0,13.452501,9.486016,0.0,2.2663517,4.474724,7.0577254,0.0,2.0799096,0.0,2.0472898
1,234,235.0,10.0,1.0,1.0,216.0,1.0,1.0,1.0,0.895768,1.0,-0.081773415,0.0,-7.652206e-06,-0.02245101,0.3647778,3.24532,1.1796081,4.5386944,0.71673936,3.034986,0.0,10.915023,1.5171165,0.5,77.546104,1.0,0.0,0.0,0.0,0.0,0,13.486294,9.603768,0.0,2.2643583,3.8758302,6.2152524,0.0,2.3983498,0.0,4.211286
2,234,235.0,10.0,1.0,1.0,215.0,1.0,1.0,1.0,0.9444267,1.0,-0.0356763,0.0,-6.3070925e-06,-0.01989064,0.06861966,3.1070287,1.1591251,5.2235894,0.6123959,3.804355,0.0,11.010291,-1.757751,0.5092593,77.92542,1.0,0.0,0.0,0.0,0.0,0,13.756022,10.120445,0.0,1.8596467,4.7301564,6.48987,0.0,2.1860037,0.0,3.1051438
3,234,235.0,10.0,1.0,1.0,215.0,1.0,1.0,1.0,0.9128486,1.0,-0.05922088,0.0,-8.5841375e-06,-0.02792194,0.0005537644,3.1776626,1.1857333,4.8290315,0.73952305,5.2823157,0.0,10.637911,-1.778028,0.49537036,77.129906,1.0,0.0,0.0,0.0,0.0,0,13.708116,10.359128,0.0,1.9344064,4.728376,7.7760663,0.0,1.5476388,0.0,1.4427452
0,235,236.0,10.0,1.0,1.0,216.0,1.0,1.0,1.0,0.89351004,1.0,-0.087155215,0.0,-1.06701145e-05,-0.019324047,0.39619654,3.2614655,1.1545924,4.885767,0.5962698,4.971704,0.0,11.156974,0.85293686,0.4722222,77.03238,1.0,0.0,0.0,0.0,0.0,0,13.50444,9.786745,0.0,2.6181803,4.1385365,6.8323274,0.0,2.4158356,0.0,1.9552051
1,235,236.0,10.0,1.0,1.0,217.0,1.0,1.0,1.0,0.98468643,1.0,-0.0,0.0,-1.0569066e-05,-0.0153029915,0.14137459,2.9844913,1.1224239,4.2673664,0.71570903,3.1628008,0.0,10.470856,-3.7210436,0.5092593,78.33272,1.0,0.0,0.0,0.0,0.0,0,12.835839,8.913299,0.0,2.1919732,4.3693824,6.6450286,0.0,3.8710742,0.0,4.60332
2,235,236.0,10.0,1.0,1.0,216.0,1.0,1.0,1.0,0.90553945,1.0,-0.06941836,0.0,-7.712875e-06,-0.025034463,0.34551734,3.208255,1.2002757,5.3987226,0.60075015,3.9523096,0.0,11.12569,-0.20535709,0.5092593,78.04971,1.0,0.0,0.0,0.0,0.0,0,14.329716,11.055308,0.0,2.3073263,4.4751377,6.1966214,0.0,2.6631265,0.0,3.0857942
3,235,236.0,10.0,1.0,1.0,216.0,1.0,1.0,1.0,0.8966428,1.0,-0.07235501,0.0,-9.178686e-06,-0.030992994,0.36736017,3.2170649,1.1922328,4.965401,0.7256302,5.4178324,0.0,10.242615,0.56795406,0.49537036,77.23748,1.0,0.0,0.0,0.0,0.0,0,14.689905,10.325296,0.0,3.0161936,5.061548,6.860308,0.0,2.149992,0.0,0.67344403
0,236,237.0,10.0,1.0,1.0,217.0,1.0,1.0,1.0,0.96749866,1.0,-0.015502796,0.0,-9.880529e-06,-0.016988639,0.11146329,3.0465083,1.1359091,4.791271,0.5907586,4.927731,0.0,11.220403,-5.309507,0.4814815,77.76186,1.0,0.0,0.0,0.0,0.0,0,13.17379,9.188466,0.0,2.4900115,4.849433,7.203415,0.0,2.0703037,0.0,1.9929277
1,236,237.0,10.0,1.0,1.0,218.0,1.0,1.0,1.0,0.9486708,1.0,-0.037965737,0.0,-9.454969e-06,-0.013354002,0.35415477,3.113897,1.106832,4.15998,0.6997452,3.2765832,0.0,10.511143,-1.7117094,0.5092593,78.46572,1.0,0.0,0.0,0.0,0.0,0,13.619967,9.161159,0.0,2.1383402,4.4160385,6.1992836,0.0,2.3242853,0.0,3.9923012
2,236,237.0,10.0,1.0,1.0,217.0,1.0,1.0,1.0,0.97969145,1.0,-0.0,0.0,-9.287407e-06,-0.020299258,0.11580028,2.974969,1.162394,5.250798,0.5998725,4.06345,0.0,10.988239,-5.1503243,0.5185185,78.80138,1.0,0.0,0.0,0.0,0.0,0,13.988114,10.305619,0.0,2.043281,4.922673,6.181888,0.0,1.8621699,0.0,2.9465432
3,236,237.0,10.0,1.0,1.0,217.0,1.0,1.0,1.0,0.96608204,1.0,-0.0047992296,0.0,-9.705385e-06,-0.029109001,0.07445961,3.0143976,1.1633044,4.866822,0.7217059,5.5217566,0.0,10.14914,-4.470367,0.5046296,77.970795,1.0,0.0,0.0,0.0,0.0,0,12.942679,9.687757,0.0,2.1329858,4.695245,7.9988885,0.0,4.6910977,0.0,1.4139516
0,237,238.0,10.0,1.0,1.0,218.0,1.0,1.0,1.0,0.93903524,1.0,-0.04353691,0.0,-8.798856e-06,-0.017419063,0.34961477,3.1306107,1.1393524,4.748266,0.5826919,4.9669776,0.0,11.452581,-3.1800904,0.4814815,77.84632,1.0,0.0,0.0,0.0,0.0,0,13.391953,9.60393,0.0,2.1339862,4.1571555,7.105755,0.0,2.1601973,0.0,2.1534526
1,237,238.0,10.0,1.0,1.0,219.0,1.0,1.0,1.0,0.9816259,1.0,-0.0,0.0,-8.058065e-06,-0.018366043,0.22152588,2.9520288,1.1469283,4.3128047,0.6791907,3.553923,0.0,10.503559,-3.7411106,0.5092593,78.92755,1.0,0.0,0.0,0.0,0.0,0,14.660052,10.443112,0.0,2.5827456,3.75048,7.4185405,0.0,3.3093798,0.0,4.0830607
2,237,238.0,10.0,1.0,1.0,218.0,1.0,1.0,1.0,0.94351393,1.0,-0.0360135,0.0,-7.863019e-06,-0.020464731,0.3358137,3.1080403,1.1637179,5.130733,0.5987147,4.1697545,0.0,11.233016,-2.9786737,0.5185185,78.94421,1.0,0.0,0.0,0.0,0.0,0,14.137842,10.420673,0.0,1.8949667,4.7056713,6.19638,0.0,2.0099237,0.0,2.8796756
3,237,238.0,10.0,1.0,1.0,218.0,1.0,1.0,1.0,0.9285856,1.0,-0.038114876,0.0,-9.881421e-06,-0.0332896,0.26326662,3.1143446,1.1763109,4.793558,0.7063039,5.6750436,0.0,10.583885,-2.5922103,0.5046296,78.086845,1.0,0.0,0.0,0.0,0.0,0,14.021017,9.80585,0.0,2.1430583,5.267967,6.3916063,0.0,2.7802227,0.0,0.7723154
0,238,239.0,10.0,1.0,1.0,219.0,1.0,1.0,1.0,0.9776696,1.0,-0.0,0.0,-7.2692683e-06,-0.022323107,0.2661638,2.9236948,1.155581,4.7689962,0.57702523,5.172528,0.0,11.3463,-4.38998,0.4814815,78.327736,1.0,0.0,0.0,0.0,0.0,0,13.714601,9.951249,0.0,2.784123,3.901093,7.762325,0.0,2.1174083,0.0,2.2024662
1,238,239.0,10.0,1.0,1.0,220.0,1.0,1.0,1.0,0.9373253,1.0,-0.047548924,0.0,-1.2922209e-05,-0.01511284,0.49748683,3.1426468,1.1209027,4.2476916,0.66003317,3.6263137,0.0,10.293022,-1.6521746,0.5185185,79.21316,1.0,0.0,0.0,0.0,0.0,0,13.391015,8.685587,0.0,2.728734,4.4723816,5.5437784,0.0,2.886336,0.0,4.4148455
2,238,239.0,10.0,1.0,1.0,219.0,1.0,1.0,1.0,0.9760536,1.0,-0.0,0.0,-7.467031e-06,-0.023938984,0.22201687,2.9167104,1.1915119,5.194882,0.5973644,4.3000793,0.0,11.2206135,-4.3665943,0.5231481,79.4149,1.0,0.0,0.0,0.0,0.0,0,15.562152,10.955546,0.0,2.3091614,4.2111807,7.2281537,0.0,1.9278345,0.0,3.118728
3,238,239.0,10.0,1.0,1.0,219.0,1.0,1.0,1.0,0.95320153,1.0,-0.0,0.0,-6.729214e-06,-0.046791736,0.12506676,2.9645455,1.2629228,5.2054214,0.69281167,5.8355827,0.0,11.173534,-4.874052,0.5185185,78.5554,1.0,0.0,0.0,0.0,0.0,0,14.03286,10.808082,0.0,1.8437372,4.170792,5.096148,0.0,4.1160874,0.0,0.35879046
0,239,240.0,10.0,1.0,1.0,220.0,1.0,1.0,1.0,0.9486519,1.0,-0.031184157,0.0,-1.0372064e-05,-0.020153563,0.49597287,3.0935524,1.1290424,4.7150083,0.571994,5.2413955,0.0,11.141873,-2.7051466,0.49074075,78.60973,1.0,0.0,0.0,0.0,0.0,0,13.292422,9.127269,0.0,2.6646914,4.7548013,7.1825733,0.0,2.3236792,0.0,1.975496
1,239,240.0,10.0,1.0,1.0,221.0,1.0,1.0,1.0,0.9870776,1.0,-0.0,0.0,-1.2324922e-05,-0.01291004,0.25893188,2.91168,1.1032803,4.1624255,0.65690875,3.7070153,0.0,10.239887,-4.053158,0.5277778,79.60738,1.0,0.0,0.0,0.0,0.0,0,13.532732,8.993027,0.0,2.2692568,4.052432,4.8921447,0.0,2.7757933,0.0,4.585578
2,239,240.0,10.0,1.0,1.0,220.0,1.0,1.0,1.0,0.9612404,1.0,-0.020556338,0.0,-1.0453701e-05,-0.018192817,0.5139328,3.0616689,1.1455425,5.159039,0.58498436,4.4038754,0.0,10.793716,-2.2432423,0.5324074,79.69953,1.0,0.0,0.0,0.0,0.0,0,14.111042,9.936437,0.0,2.5115063,5.0029244,6.027567,0.0,2.2332804,0.0,3.1119065
3,239,240.0,10.0,1.0,1.0,220.0,1.0,1.0,1.0,0.9330468,1.0,-0.025850534,0.0,-1.3074729e-05,-0.041089594,0.37450045,3.0775516,1.2225654,5.052929,0.6948455,5.7961345,0.0,10.719501,-3.2244847,0.5185185,78.80223,1.0,0.0,0.0,0.0,0.0,0,13.489356,9.644923,0.0,2.5220735,5.117271,4.4240694,0.0,3.6281695,0.0,0.6887215
0,240,241.0,10.0,1.0,1.0,221.0,1.0,1.0,1.0,0.9745191,1.0,-0.0,0.0,-1.0061784e-05,-0.025470832,0.2856586,2.91587,1.1648016,4.7611094,0.5782016,5.2922373,0.0,11.609856,-4.770571,0.5,78.9291,1.0,0.0,0.0,0.0,0.0,0,13.603855,9.892381,0.0,2.071889,2.2594535,6.835621,0.0,2.7172964,0.0,1.9936533
1,240,241.0,10.0,1.0,1.0,222.0,1.0,1.0,1.0,0.98511225,1.0,-0.0,0.0,-1.6360353e-05,-0.014871441,0.47010744,2.8841863,1.1189715,4.1641183,0.64944357,3.8160663,0.0,10.25676,-2.751857,0.5324074,79.95341,1.0,0.0,0.0,0.0,0.0,0,13.153384,8.675172,0.0,2.5727484,4.11255,4.973568,0.0,2.7824621,0.0,4.6571293
2,240,241.0,10.0,1.0,1.0,221.0,1.0,1.0,1.0,0.9802036,1.0,-0.0,0.0,-1.0501067e-05,-0.01978589,0.28159583,2.8524182,1.158287,5.049829,0.5847032,4.4366403,0.0,11.138833,-4.4234776,0.537037,80.04256,1.0,0.0,0.0,0.0,0.0,0,13.757518,10.557505,0.0,1.797098,4.6748476,6.4650273,0.0,2.1403883,0.0,3.271348
3,240,241.0,10.0,1.0,1.0,221.0,1.0,1.0,1.0,0.9621969,1.0,-0.0,0.0,-1.0580618e-05,-0.037792496,0.19853562,2.9161408,1.2275349,5.073187,0.7243697,5.561037,0.0,10.840628,-4.816187,0.5231481,79.13574,1.0,0.0,0.0,0.0,0.0,0,13.775523,10.263025,0.0,2.0047877,4.42245,5.6079054,0.0,2.6032038,0.0,0.8513145
0,241,242.0,10.0,1.0,1.0,222.0,1.0,1.0,1.0,0.9783215,1.0,-0.0,0.0,-1.3290724e-05,-0.021665188,0.45535713,2.8436096,1.1337453,4.597649,0.57080895,5.296821,0.0,11.254961,-3.6695263,0.5046296,79.33771,1.0,0.0,0.0,0.0,0.0,0,12.397719,8.339129,0.0,2.9666176,4.1380777,6.5871396,0.0,2.1537511,0.0,1.9094862
1,241,242.0,10.0,1.0,1.0,223.0,1.0,1.0,1.0,0.98469704,1.0,-0.0,0.0,-1.29208265e-05,-0.015290035,0.46072826,2.9040112,1.1223203,4.1153283,0.64694047,3.8560638,0.0,10.304789,-3.3690548,0.5416667,80.3099,1.0,0.0,0.0,0.0,0.0,0,12.936626,8.1952,0.0,2.8490703,4.124349,4.9780283,0.0,2.4846556,0.0,4.7427506
2,241,242.0,10.0,1.0,1.0,222.0,1.0,1.0,1.0,0.97615755,1.0,-0.0,0.0,-1.2220131e-05,-0.023830205,0.4681062,2.8332865,1.1906416,5.0858254,0.5966963,4.3645906,0.0,11.286169,-3.4524984,0.5416667,80.36556,1.0,0.0,0.0,0.0,0.0,0,15.167895,10.605309,0.0,1.7907546,3.0100365,6.5016036,0.0,1.0499699,0.0,2.9152641
3,241,242.0,10.0,1.0,1.0,222.0,1.0,1.0,1.0,0.95826477,1.0,-0.0,0.0,-1.4920036e-05,-0.041720342,0.374892,2.8600595,1.2514303,5.0302563,0.7182942,5.617493,0.0,11.002171,-3.8950214,0.5324074,79.45385,1.0,0.0,0.0,0.0,0.0,0,14.939149,10.035657,0.0,2.341544,4.502426,4.772228,0.0,2.6552734,0.0,0.6711959
0,242,243.0,10.0,1.0,1.0,223.0,1.0,1.0,1.0,0.9756216,1.0,-0.0,0.0,-1.1899164e-05,-0.02436652,0.40499085,2.8675196,1.1612141,4.6393495,0.56512964,5.2528853,0.0,11.519604,-4.7113366,0.5138889,79.70247,1.0,0.0,0.0,0.0,0.0,0,13.8727865,9.497653,0.0,2.7830703,3.1382415,7.731619,0.0,2.0496943,0.0,2.0887465
1,242,243.0,10.0,1.0,1.0,224.0,1.0,1.0,1.0,0.984029,1.0,-0.0,0.0,-1.2216451e-05,-0.015958793,0.43916816,2.8911464,1.1276703,4.090524,0.63392484,3.9708843,0.0,10.441971,-4.0993032,0.5462963,80.54836,1.0,0.0,0.0,0.0,0.0,0,13.224666,7.9398384,0.0,3.009682,4.4626913,4.932046,0.0,2.3377874,0.0,4.6489153
2,242,243.0,10.0,1.0,1.0,223.0,1.0,1.0,1.0,0.98049116,1.0,-0.0,0.0,-1.1401798e-05,-0.019497424,0.49126223,2.8144429,1.1559794,5.085056,0.58390325,4.5302343,0.0,10.816124,-3.8967934,0.5462963,80.818535,1.0,0.0,0.0,0.0,0.0,0,14.361335,9.615271,0.0,2.7024553,4.8859105,5.8707814,0.0,1.3795383,0.0,3.869656
3,242,243.0,10.0,1.0,1.0,223.0,1.0,1.0,1.0,0.9570824,1.0,-0.0,0.0,-1.2011041e-05,-0.04290554,0.34639686,2.8624318,1.2630894,5.078893,0.71258456,5.601161,0.0,11.139682,-5.1593523,0.5462963,79.84148,1.0,0.0,0.0,0.0,0.0,0,13.511065,9.76713,0.0,2.3974874,4.659049,5.101488,0.0,2.7342718,0.0,0.80443335
0,243,244.0,10.0,1.0,1.0,224.0,1.0,1.0,1.0,0.97648615,1.0,-0.0,0.0,-1.1285441e-05,-0.023502562,0.45704132,2.898752,1.1578089,4.587421,0.5545796,5.226586,0.0,11.505642,-4.4678206,0.5231481,79.938065,1.0,0.0,0.0,0.0,0.0,0,13.856177,9.628366,0.0,2.818386,1.7528956,7.9573493,0.0,1.2311624,0.0,2.272158
1,243,244.0,10.0,1.0,1.0,225.0,1.0,1.0,1.0,0.98119575,1.0,-0.0,0.0,-9.737866e-06,-0.018794533,0.51134044,2.8760726,1.1503563,4.1746325,0.61821413,4.1183705,0.0,10.642775,-4.0223374,0.5509259,80.78127,1.0,0.0,0.0,0.0,0.0,0,12.5625925,7.6295514,0.0,2.969522,4.725581,4.818498,0.0,2.3101916,0.0,4.7359805
2,243,244.0,10.0,1.0,1.0,224.0,1.0,1.0,1.0,0.9775136,1.0,-0.0,0.0,-9.569138e-06,-0.022476783,0.47895014,2.8508618,1.1798142,5.0693264,0.57160395,4.5285068,0.0,11.111435,-4.414156,0.5555556,81.026924,1.0,0.0,0.0,0.0,0.0,0,13.958558,9.626854,0.0,2.5468035,5.081475,6.3919106,0.0,1.3003165,0.0,3.8413074
3,243,244.0,10.0,1.0,1.0,224.0,1.0,1.0,1.0,0.9605817,1.0,-0.0,0.0,-1.1526395e-05,-0.039406765,0.4025571,2.8617787,1.2841444,5.040828,0.7218486,5.2333226,0.0,11.473065,-4.7255993,0.5462963,80.002205,1.0,0.0,0.0,0.0,0.0,0,15.882655,9.755206,0.0,2.3257515,4.7190595,5.309868,0.0,1.8000989,0.0,0.3415629
0,244,245.0,10.0,1.0,1.0,225.0,1.0,1.0,1.0,0.9775221,1.0,-0.0,0.0,-9.082474e-06,-0.02246889,0.5075425,2.8807218,1.1307186,4.420731,0.536734,5.367743,0.0,11.263969,-4.4218974,0.5277778,80.18988,1.0,0.0,0.0,0.0,0.0,0,13.505595,8.313739,0.0,3.2578695,4.0608454,8.30606,0.0,1.4899582,0.0,2.4849215
1,244,245.0,10.0,1.0,1.0,226.0,1.0,1.0,1.0,0.98004526,1.0,-0.0,0.0,-9.908308e-06,-0.019944854,0.53541064,2.9614542,1.1595588,4.1783814,0.6040343,4.1918497,0.0,10.705813,-4.1123395,0.5509259,80.88233,1.0,0.0,0.0,0.0,0.0,0,12.407753,7.465038,0.0,3.0902517,4.5848947,4.816788,0.0,2.0974607,0.0,4.743864
2,244,245.0,10.0,1.0,1.0,225.0,1.0,1.0,1.0,0.97447205,1.0,-0.0,0.0,-8.266544e-06,-0.025519647,0.5403373,2.8570104,1.2041571,5.077043,0.5551547,4.600373,0.0,11.347098,-4.282659,0.5601852,81.235214,1.0,0.0,0.0,0.0,0.0,0,13.360825,9.361328,0.0,2.668451,5.011003,5.908731,0.0,1.2653866,0.0,4.109273
3,244,245.0,10.0,1.0,1.0,225.0,1.0,1.0,1.0,0.95838255,1.0,-0.0,0.0,-9.872487e-06,-0.041607574,0.454925,2.8502529,1.2820218,5.047813,0.70070934,5.3812904,0.0,11.371979,-4.669615,0.5509259,80.26629,1.0,0.0,0.0,0.0,0.0,0,15.171938,9.794263,0.0,2.4507487,6.044336,5.4757986,0.0,2.4599354,0.0,1.2572521
0,245,246.0,10.0,1.0,1.0,226.0,1.0,1.0,1.0,0.974764,1.0,-0.0,0.0,-1.039005e-05,-0.025225617,0.53709745,2.952897,1.1387511,4.4698663,0.5186578,5.4729033,0.0,11.270943,-4.363064,0.5277778,80.29762,1.0,0.0,0.0,0.0,0.0,0,12.668766,8.906455,0.0,2.8020093,3.0678158,7.940872,0.09122922,1.2492634,0.0,2.9800067
1,245,246.0,10.0,1.0,1.0,227.0,1.0,1.0,1.0,0.98012495,1.0,-2.9802322e-05,0.0,-1.12145035e-05,-0.019834016,0.61322415,3.0000894,1.1586721,4.1433864,0.59079754,4.2234793,0.0,10.602611,-3.558903,0.5509259,80.983635,1.0,0.0,0.0,0.0,0.0,0,12.415568,7.374666,0.0,3.2723362,4.6423397,4.8858557,0.0,1.8532732,0.0,4.7746964
2,245,246.0,10.0,1.0,1.0,226.0,1.0,1.0,1.0,0.9741814,1.0,-0.0,0.0,-9.513517e-06,-0.02580902,0.5785502,2.9164646,1.2064722,5.073341,0.54120713,4.587933,0.0,11.287775,-4.216454,0.5648148,81.35952,1.0,0.0,0.0,0.0,0.0,0,13.293167,9.196009,0.0,2.8412344,4.827555,5.8217845,0.0,1.260116,0.0,4.235123
3,245,246.0,10.0,1.0,1.0,226.0,1.0,1.0,1.0,0.9544,1.0,-0.0,0.0,-9.713723e-06,-0.04559028,0.48439538,2.9228308,1.295079,5.0816674,0.68477386,5.5223236,0.0,11.458273,-4.672407,0.5555556,80.3872,1.0,0.0,0.0,0.0,0.0,0,14.571424,9.445053,0.0,2.350045,6.43087,4.6941733,0.0,2.023146,0.0,1.0038538
0,246,247.0,10.0,1.0,1.0,227.0,1.0,1.0,1.0,0.9715823,1.0,-0.005824305,0.0,-1.32936875e-05,-0.022580095,0.61106455,3.0174727,1.1044478,4.3381433,0.5058858,5.5714464,0.0,10.881914,-3.8223937,0.5277778,80.39432,1.0,0.0,0.0,0.0,0.0,0,11.899003,7.755024,0.0,3.4495595,4.1470857,8.042385,0.091469906,1.1116923,0.0,2.9794154
1,246,247.0,10.0,1.0,1.0,228.0,1.0,1.0,1.0,0.9788662,1.0,-0.001343526,0.0,-1.0416862e-05,-0.019779813,0.69036895,3.0040305,1.1582385,4.1433864,0.5786204,4.196889,0.0,10.45425,-3.0521686,0.5509259,81.146965,1.0,0.0,0.0,0.0,0.0,0,12.55838,7.537378,0.0,2.8560748,4.41325,4.868199,0.0,1.8177707,0.0,4.8729796
2,246,247.0,10.0,1.0,1.0,227.0,1.0,1.0,1.0,0.9750729,1.0,-0.0,0.0,-1.0359814e-05,-0.024916733,0.63020957,2.9691374,1.1993338,5.073341,0.53061754,4.5393844,0.0,11.100744,-4.0257974,0.5648148,81.45031,1.0,0.0,0.0,0.0,0.0,0,13.185898,9.20838,0.0,3.0358958,4.2735987,5.935084,0.0,1.2250735,0.0,4.3374567
3,246,247.0,10.0,1.0,1.0,227.0,1.0,1.0,1.0,0.95397264,1.0,-0.0,0.0,-1.0216549e-05,-0.04601718,0.5581651,2.976299,1.2895125,5.085672,0.6710761,5.5896864,0.0,11.259702,-4.3618736,0.5555556,80.50244,1.0,0.0,0.0,0.0,0.0,0,13.340987,8.768047,0.0,2.8217118,5.2740846,5.3187356,0.0,2.2348444,0.0,1.1330663
0,247,248.0,10.0,1.0,1.0,228.0,1.0,1.0,1.0,0.94469136,1.0,-0.024568414,0.0,-1.1134091e-05,-0.030729055,0.6846998,3.0737052,1.1431472,4.512053,0.48960912,5.7701383,0.0,11.197952,-3.328139,0.5277778,80.49512,1.0,0.0,0.0,0.0,0.0,0,10.791175,7.5411825,0.0,2.4435227,3.289309,7.574416,0.24260879,1.335421,0.0,3.3773816
1,247,248.0,10.0,1.0,1.0,229.0,1.0,1.0,1.0,0.94285154,1.0,-0.03504567,0.0,-1.33691165e-05,-0.022089424,0.7311288,3.1051369,1.1767154,4.2789083,0.56077015,4.308991,0.0,10.397521,-3.1091208,0.5509259,81.212135,1.0,0.0,0.0,0.0,0.0,0,12.212259,7.535003,0.0,2.7593157,3.3930192,5.408582,0.0,1.2879523,0.0,4.6783457
2,247,248.0,10.0,1.0,1.0,228.0,1.0,1.0,1.0,0.97147804,1.0,-0.004034055,0.0,-1.0673561e-05,-0.024477229,0.69635546,3.0121021,1.1958178,5.107179,0.5168028,4.6148157,0.0,10.988079,-3.6819036,0.5648148,81.57193,1.0,0.0,0.0,0.0,0.0,0,12.858345,8.917007,0.0,3.285774,3.8600152,6.5400686,0.0,1.5757453,0.0,4.5426908
3,247,248.0,10.0,1.0,1.0,228.0,1.0,1.0,1.0,0.9516128,1.0,-0.0006860743,0.0,-1.0092551e-05,-0.04769108,0.63272786,3.0020583,1.2771626,5.049209,0.6467044,5.782745,0.0,11.012687,-3.973358,0.5555556,80.64007,1.0,0.0,0.0,0.0,0.0,0,12.382517,8.775851,0.0,3.1281996,4.409266,5.103191,0.0,2.3277318,0.0,1.2026967
0,248,249.0,10.0,1.0,1.0,229.0,1.0,1.0,1.0,0.90943956,1.0,-0.059137557,0.0,-1.4876363e-05,-0.03140795,0.7219188,3.1774125,1.1212535,4.4875216,0.48786908,5.975075,0.0,10.846055,-3.213535,0.5277778,80.55917,1.0,0.0,0.0,0.0,0.0,0,12.233659,8.025931,0.0,3.0410366,4.5051746,7.4127374,0.32155862,1.4848084,0.0,3.2599869
1,248,249.0,10.0,1.0,1.0,230.0,1.0,1.0,1.0,0.9214735,1.0,-0.054115493,0.0,-1.2520054e-05,-0.024398498,0.74178207,3.1623464,1.1951879,4.478266,0.5394964,4.4885683,0.0,10.267494,-3.7079697,0.5509259,81.35015,1.0,0.0,0.0,0.0,0.0,0,13.303452,8.127121,0.0,2.7389452,3.3938313,4.800524,0.0,2.0916512,0.0,4.9344606
2,248,249.0,10.0,1.0,1.0,229.0,1.0,1.0,1.0,0.9247063,1.0,-0.048394315,0.0,-1.3182879e-05,-0.026886247,0.74922967,3.1451828,1.2150899,5.0893655,0.5014413,4.766369,0.0,11.098669,-3.120289,0.5648148,81.60275,1.0,0.0,0.0,0.0,0.0,0,13.087807,8.857082,0.0,2.8718748,5.0047817,6.4433074,0.0,1.1943127,0.0,4.407084
3,248,249.0,10.0,1.0,1.0,229.0,1.0,1.0,1.0,0.91623634,1.0,-0.034151725,0.0,-1.4792379e-05,-0.04959717,0.68286693,3.1024551,1.2725017,5.0374103,0.62227976,5.932067,0.0,10.79472,-3.7775962,0.5555556,80.70281,1.0,0.0,0.0,0.0,0.0,0,12.2347975,8.63248,0.0,2.83888,4.371384,4.967338,0.0,2.358298,0.0,1.3424218
0,249,250.0,10.0,1.0,1.0,230.0,1.0,1.0,1.0,0.8633526,1.0,-0.09372936,0.0,-1.33760805e-05,-0.04290469,0.75146484,3.281188,1.1835339,4.601053,0.4792643,6.197777,0.0,11.452943,-3.5385,0.5277778,80.62772,1.0,0.0,0.0,0.0,0.0,0,11.38201,8.036516,0.0,3.0437293,1.7200233,5.1276097,0.39399135,2.7711568,0.0,3.116738
1,249,250.0,10.0,1.0,1.0,231.0,1.0,1.0,1.0,0.8842922,1.0,-0.090598755,0.0,-1.4250473e-05,-0.025094789,0.8139003,3.2717962,1.2007583,4.377307,0.534188,4.62346,0.0,10.33251,-3.2267702,0.5509259,81.41454,1.0,0.0,0.0,0.0,0.0,0,13.015272,9.688571,0.0,2.1019883,3.9370208,5.032045,0.14973131,1.9650449,0.0,5.1749535
2,249,250.0,10.0,1.0,1.0,230.0,1.0,1.0,1.0,0.8794242,1.0,-0.089869715,0.0,-1.5350362e-05,-0.030690653,0.7887609,3.269609,1.2455252,5.1605563,0.4875158,4.922326,0.0,11.294368,-2.8632665,0.5648148,81.650375,1.0,0.0,0.0,0.0,0.0,0,12.867668,8.848459,0.0,2.6971974,4.712111,6.4180174,0.0,0.79416883,0.0,4.410651
3,249,250.0,10.0,1.0,1.0,230.0,1.0,1.0,1.0,0.8832135,1.0,-0.0644225,0.0,-1.5704767e-05,-0.052348338,0.7437639,3.1932673,1.2794653,5.053394,0.60758376,6.04491,0.0,10.67776,-3.4702156,0.5555556,80.78677,1.0,0.0,0.0,0.0,0.0,0,12.046143,8.460147,0.0,2.720832,3.9020545,4.9345975,0.0,2.3830562,0.0,1.3555884
0,250,251.0,10.0,1.0,1.0,231.0,1.0,1.0,1.0,0.82461625,1.0,-0.12965234,0.0,-1.510842e-05,-0.045716338,0.7985383,3.388957,1.1854445,4.595265,0.48799697,6.352146,0.0,11.377798,-3.4471042,0.5277778,80.70723,1.0,0.0,0.0,0.0,0.0,0,13.660068,8.511006,0.0,3.1247478,1.640515,4.8966193,0.31929493,3.097304,0.0,3.1240149
1,250,251.0,10.0,1.0,1.0,232.0,1.0,1.0,1.0,0.8234106,1.0,-0.14294182,0.0,-1.8902376e-05,-0.03362872,0.8231286,3.4288254,1.2690297,4.6963744,0.52397966,4.7103567,0.0,11.0677395,-3.435202,0.5509259,81.43573,1.0,0.0,0.0,0.0,0.0,0,12.1505785,7.835543,0.0,2.718888,3.6732705,4.570678,0.30832207,2.0626714,0.0,5.56269
2,250,251.0,10.0,1.0,1.0,231.0,1.0,1.0,1.0,0.83714825,1.0,-0.12873468,0.0,-1.7253335e-05,-0.034099843,0.8354448,3.386204,1.2676862,5.277867,0.47215432,5.038343,0.0,11.332335,-2.6912205,0.5648148,81.71342,1.0,0.0,0.0,0.0,0.0,0,12.700022,8.785552,0.0,2.6868627,4.927727,6.306587,0.0,0.85316545,0.0,4.528324
3,250,251.0,10.0,1.0,1.0,231.0,1.0,1.0,1.0,0.8425474,1.0,-0.09968461,0.0,-1.7100667e-05,-0.057750903,0.7921681,3.2990537,1.2979518,5.1389675,0.5862058,6.2304144,0.0,10.6318035,-3.3984644,0.5555556,80.86334,1.0,0.0,0.0,0.0,0.0,0,12.794679,8.50808,0.0,2.45875,5.31322,4.8988695,0.0,2.4343822,0.0,1.6492254
0,251,252.0,10.0,1.0,1.0,232.0,1.0,1.0,1.0,0.79853195,1.0,-0.15346166,0.0,-1.5899685e-05,-0.04799042,0.8585077,3.4603848,1.187324,4.604115,0.50329304,6.474494,0.0,11.345865,-3.1664557,0.5277778,80.81681,1.0,0.0,0.0,0.0,0.0,0,10.803358,7.2518234,0.0,2.7972016,4.1294274,4.8072624,0.5220802,2.6234405,0.0,2.8413503
1,251,252.0,10.0,1.0,1.0,233.0,1.0,1.0,1.0,0.795856,1.0,-0.16523147,0.0,-1.6622951e-05,-0.03889591,0.87060297,3.4956944,1.3111672,4.935193,0.5197653,4.681012,0.0,11.357422,-3.579854,0.5509259,81.54484,1.0,0.0,0.0,0.0,0.0,0,12.038281,7.8808546,0.0,2.2814136,3.2698615,4.516638,0.5544306,1.8939332,0.0,5.893267
2,251,252.0,10.0,1.0,1.0,232.0,1.0,1.0,1.0,0.7862001,1.0,-0.17321402,0.0,-1.7626175e-05,-0.040568255,0.8652348,3.5196419,1.3089893,5.4285164,0.460921,5.1166754,0.0,11.622,-2.6631951,0.5648148,81.76447,1.0,0.0,0.0,0.0,0.0,0,12.542535,9.272403,0.0,2.4998672,1.2613046,6.0382547,0.0,0.99508584,0.0,4.7102256
3,251,252.0,10.0,1.0,1.0,232.0,1.0,1.0,1.0,0.7903953,1.0,-0.14592242,0.0,-1.8379755e-05,-0.063663915,0.8270323,3.4377673,1.3385297,5.262862,0.5754012,6.2808614,0.0,11.031496,-3.5553105,0.5555556,80.89637,1.0,0.0,0.0,0.0,0.0,0,11.916988,8.0134325,0.0,2.4026158,4.1974444,4.866454,0.0,2.5580134,0.0,2.238275
0,252,253.0,10.0,1.0,1.0,233.0,1.0,1.0,1.0,0.734224,1.0,-0.20555885,0.0,-1.961401e-05,-0.060197532,0.83740836,3.6166766,1.2939619,5.040828,0.51709276,6.407137,0.0,12.263228,-4.2217956,0.5277778,80.873726,1.0,0.0,0.0,0.0,0.0,0,10.751389,8.007613,0.0,2.4090674,1.5417329,4.30037,0.36107153,2.7995,0.0,2.8896995
1,252,253.0,10.0,1.0,1.0,234.0,1.0,1.0,1.0,0.7576996,1.0,-0.19981718,0.0,-1.6720214e-05,-0.042466447,0.89282876,3.5994515,1.3397316,5.052929,0.5321161,4.6127796,0.0,11.601979,-3.6455104,0.5509259,81.65127,1.0,0.0,0.0,0.0,0.0,0,11.660835,7.5792375,0.0,2.4293976,3.1204865,4.7414474,0.56542456,1.7304348,0.0,6.084681
2,252,253.0,10.0,1.0,1.0,233.0,1.0,1.0,1.0,0.77135426,1.0,-0.19073269,0.0,-1.8693008e-05,-0.037894327,0.8748293,3.572198,1.2774516,5.4552784,0.4508685,5.1927714,0.0,11.030122,-3.083298,0.5648148,81.91817,1.0,0.0,0.0,0.0,0.0,0,12.879946,8.686273,0.0,2.8587608,4.677963,6.2397757,0.0,0.8584632,0.0,5.1893435
3,252,253.0,10.0,1.0,1.0,233.0,1.0,1.0,1.0,0.74890196,1.0,-0.18141077,0.0,-1.7163871e-05,-0.06967007,0.8468218,3.5442324,1.3833106,5.4851933,0.566306,6.3053746,0.0,11.463738,-3.9162347,0.5555556,80.97285,1.0,0.0,0.0,0.0,0.0,0,11.362561,7.6340175,0.0,2.3473916,4.6090717,5.01674,0.0,2.4758291,0.0,2.5729373
0,253,254.0,10.0,1.0,1.0,234.0,1.0,1.0,1.0,0.7012673,1.0,-0.23940423,0.0,-1.9873645e-05,-0.059308663,0.87457824,3.7182126,1.3177866,5.1526613,0.5294216,6.1751194,0.0,12.434524,-4.229637,0.5277778,81.00258,1.0,0.0,0.0,0.0,0.0,0,10.712518,7.6642056,0.0,2.6824684,2.9523084,4.368358,0.7875516,1.956236,0.0,3.3518012
1,253,254.0,10.0,1.0,1.0,235.0,1.0,1.0,1.0,0.94534075,1.0,-0.0,0.0,-1.6468031e-05,-0.054642826,0.8762188,3.7935858,1.4371426,5.6290503,0.5440899,4.4667125,0.0,12.742953,-4.3606505,0.5509259,81.77211,1.0,0.0,0.0,0.0,0.0,0,10.968395,7.362192,0.0,2.1850173,1.8610398,4.2516484,0.94470745,0.64645183,0.0,6.4254484
2,253,254.0,10.0,1.0,1.0,234.0,1.0,1.0,1.0,0.7226921,1.0,-0.230902,0.0,-1.7524053e-05,-0.04638839,0.87206215,3.6927059,1.3412951,5.6425266,0.443652,5.2235894,0.0,11.655195,-3.3474247,0.5648148,81.993576,1.0,0.0,0.0,0.0,0.0,0,11.877478,8.311265,0.0,2.6702917,4.256314,5.9239535,0.0,1.202999,0.0,5.67741
3,253,254.0,10.0,1.0,1.0,234.0,1.0,1.0,1.0,0.69802445,1.0,-0.22226691,0.0,-1.8501336e-05,-0.07969018,0.8436713,3.6668007,1.4558556,5.908391,0.56750965,6.362493,0.0,12.124195,-4.6398916,0.5555556,81.06228,1.0,0.0,0.0,0.0,0.0,0,11.200313,7.945168,0.0,1.3574474,1.1336616,5.035453,0.0,1.9391816,0.0,3.0784984
0,254,255.0,10.0,1.0,1.0,235.0,1.0,1.0,1.0,0.94212073,1.0,-0.0,0.0,-1.6581656e-05,-0.057862706,0.89602286,3.7922304,1.3413588,5.245577,0.5341204,5.911571,0.0,12.570821,-4.2039247,0.5277778,81.12963,1.0,0.0,0.0,0.0,0.0,0,10.647682,8.084993,0.0,2.3682487,2.8539548,4.524109,0.87716573,1.6835077,0.0,4.0087147
1,254,255.0,10.0,1.0,1.0,236.0,1.0,1.0,1.0,0.63721454,1.0,-0.29439288,0.0,-1.5877256e-05,-0.068376705,0.8334741,3.8831785,1.5470136,6.3961277,0.56593204,4.3095365,0.0,13.736397,-5.315166,0.5509259,81.916664,1.0,0.0,0.0,0.0,0.0,0,9.973063,7.723197,0.0,1.5102304,0.0,4.0296435,1.133913,0.0,0.0,7.014648
2,254,255.0,10.0,1.0,1.0,235.0,1.0,1.0,1.0,0.9466826,1.0,-0.0,0.0,-1.7209335e-05,-0.053300187,0.8852467,3.807069,1.414445,5.93167,0.4492985,5.0896726,0.0,12.367782,-3.6261208,0.5648148,82.0939,1.0,0.0,0.0,0.0,0.0,0,10.991075,7.784701,0.0,1.9691715,2.703632,5.62443,0.0,0.7757601,0.0,6.4236197
3,254,255.0,10.0,1.0,1.0,235.0,1.0,1.0,1.0,0.9286405,1.0,-0.0,0.0,-1.5865942e-05,-0.07134364,0.9063039,3.6995485,1.4184403,5.595987,0.58973306,6.1423154,0.0,11.546848,-3.6940663,0.5555556,81.2306,1.0,0.0,0.0,0.0,0.0,0,11.742692,7.696696,0.0,2.48812,4.975765,4.958946,0.12843949,1.4421879,0.0,3.5445805
0,255,256.0,10.0,1.0,1.0,236.0,1.0,1.0,1.0,0.67177856,1.0,-0.27655333,0.0,-1.683705e-05,-0.05165127,0.8877691,3.82966,1.3507861,5.2457256,0.5383899,5.46818,0.0,12.726717,-4.208555,0.5277778,81.27464,1.0,0.0,0.0,0.0,0.0,0,11.409476,7.2142863,0.0,2.9385152,1.719232,4.875244,1.4202176,0.578666,0.0,4.548429
1,255,256.0,10.0,1.0,1.0,237.0,1.0,1.0,1.0,0.6395129,1.0,-0.29441312,0.0,-1.6569391e-05,-0.06605742,0.8761085,3.8832393,1.5284593,6.2737503,0.605485,4.351297,0.0,13.588748,-5.0242434,0.5509259,82.08932,1.0,0.0,0.0,0.0,0.0,0,9.919156,6.80468,0.0,1.983571,0.0,3.9786606,1.0329868,0.0,0.0,7.6660833
2,255,256.0,10.0,1.0,1.0,236.0,1.0,1.0,1.0,0.67817765,1.0,-0.2746794,0.0,-1.6519483e-05,-0.04712639,0.89238995,3.824038,1.3665535,5.6983128,0.46069646,5.078431,0.0,11.802648,-3.6319,0.5648148,82.27144,1.0,0.0,0.0,0.0,0.0,0,12.129115,8.242542,0.0,2.3227417,5.2132406,5.916262,0.3120581,0.0,0.0,6.894323
3,255,256.0,10.0,1.0,1.0,236.0,1.0,1.0,1.0,0.66325295,1.0,-0.26214454,0.0,-1.68875e-05,-0.07458563,0.8583993,3.7864335,1.4612767,5.853669,0.5990879,6.015563,0.0,11.980299,-4.6980186,0.5555556,81.36186,1.0,0.0,0.0,0.0,0.0,0,10.668724,7.665553,0.0,2.6199727,3.9527304,4.705476,0.43643647,0.9650928,0.0,3.952685
0,256,257.0,10.0,1.0,1.0,237.0,1.0,1.0,1.0,0.65774786,1.0,-0.28669494,0.0,-1.44092055e-05,-0.055542774,0.88895077,3.8600848,1.4084215,5.5570936,0.5413021,5.2694044,0.0,13.30579,-5.203571,0.5277778,81.40672,1.0,0.0,0.0,0.0,0.0,0,10.684766,7.7907023,0.0,2.0757568,0.0,4.565572,1.499159,0.44466278,0.0,4.891961
1,256,257.0,10.0,1.0,1.0,238.0,1.0,1.0,1.0,0.67535925,1.0,-0.26356772,0.0,-1.5727786e-05,-0.061057344,0.86087656,3.790703,1.4884588,6.1402755,0.601543,4.376234,0.0,13.050957,-4.989655,0.5509259,82.269356,1.0,0.0,0.0,0.0,0.0,0,9.666374,6.979088,0.0,2.2277293,0.0,4.182935,1.1704438,0.0,0.0,7.941163
2,256,257.0,10.0,1.0,1.0,237.0,1.0,1.0,1.0,0.6511789,1.0,-0.29480875,0.0,-1.387387e-05,-0.053998448,0.8942645,3.884426,1.4164921,5.9551215,0.46681905,5.1162157,0.0,12.345806,-4.1034875,0.5648148,82.3911,1.0,0.0,0.0,0.0,0.0,0,11.417121,8.22242,0.0,2.2523644,1.5918311,5.815411,0.42014182,0.0,0.0,7.500634
3,256,257.0,10.0,1.0,1.0,237.0,1.0,1.0,1.0,0.6385392,1.0,-0.2791219,0.0,-1.3716042e-05,-0.08232524,0.8797396,3.8373656,1.5322522,6.300902,0.61286193,5.9476223,0.0,12.85386,-5.3871703,0.5555556,81.47258,1.0,0.0,0.0,0.0,0.0,0,8.740081,7.8792143,0.0,1.8764713,1.9905785,4.6995234,0.60976774,0.7361333,0.0,4.354941
0,257,258.0,10.0,1.0,1.0,238.0,1.0,1.0,1.0,0.6410281,1.0,-0.30800658,0.0,-1.771864e-05,-0.05094763,0.8431531,3.9240196,1.407581,5.461016,0.55152965,4.9805145,0.0,13.328429,-5.5050774,0.5277778,81.50072,1.0,0.0,0.0,0.0,0.0,0,11.101808,7.052749,0.0,2.6423,0.0,4.5684657,1.5596865,0.23587249,0.0,5.2783184
1,257,258.0,10.0,1.0,1.0,239.0,1.0,1.0,1.0,0.7943425,1.0,-0.15495339,0.0,-1.5579511e-05,-0.050688546,0.9419322,3.4648602,1.4055084,6.288711,0.5866956,4.416833,0.0,11.469733,-3.914001,0.5509259,82.62099,1.0,0.0,0.0,0.0,0.0,0,9.675564,7.6238923,0.0,2.8156052,0.0,4.3900614,1.3335881,0.0,0.0,7.978104
2,257,258.0,10.0,1.0,1.0,238.0,1.0,1.0,1.0,0.6310282,1.0,-0.3074956,0.0,-1.3866412e-05,-0.06146235,0.8596715,3.9224868,1.4648709,6.1574674,0.473346,5.2012086,0.0,12.910551,-4.9991674,0.5648148,82.49426,1.0,0.0,0.0,0.0,0.0,0,10.704238,7.7396364,0.0,2.3483033,0.0,5.74561,0.5322484,0.0,0.0,7.975402
3,257,258.0,10.0,1.0,1.0,238.0,1.0,1.0,1.0,0.6432408,1.0,-0.27615336,0.0,-1.36881545e-05,-0.080592126,0.85588396,3.82846,1.5192127,6.107028,0.61971843,5.941431,0.0,12.750058,-5.773687,0.5555556,81.59653,1.0,0.0,0.0,0.0,0.0,0,10.56954,7.622063,0.0,2.259042,3.9456434,4.706377,0.6115439,0.72214264,0.0,4.691723
0,258,259.0,10.0,1.0,1.0,239.0,1.0,1.0,1.0,0.6318628,1.0,-0.31384137,0.0,-1.3037389e-05,-0.05428281,0.8436415,3.941524,1.4342625,5.590807,0.5604844,4.8418226,0.0,13.691177,-5.7512803,0.5324074,81.546165,1.0,0.0,0.0,0.0,0.0,0,10.399024,6.9802585,0.0,2.5923917,0.0,4.4398503,1.421731,0.49727353,0.0,5.6997514
1,258,259.0,10.0,1.0,1.0,240.0,1.0,1.0,1.0,0.90670335,1.0,-0.050582305,0.0,-1.7716226e-05,-0.04269667,0.91813505,3.1517467,1.3415734,7.4346213,0.5581437,4.427809,0.0,8.8370905,-2.3405068,0.5509259,82.90944,1.0,0.0,0.0,0.0,0.0,0,12.629098,11.002976,0.0,2.483826,0.0,4.6789737,1.8711438,0.0,0.0,8.661704
2,258,259.0,10.0,1.0,1.0,239.0,1.0,1.0,1.0,0.6160124,1.0,-0.31445518,0.0,-1.4054772e-05,-0.069518395,0.7948205,3.9433653,1.515468,6.3974743,0.48589483,5.305093,0.0,13.592861,-6.3804965,0.5648148,82.53596,1.0,0.0,0.0,0.0,0.0,0,10.276485,7.8623877,0.0,2.4714615,0.0,5.5762944,0.6023601,0.0,0.0,8.332428
3,258,259.0,10.0,1.0,1.0,239.0,1.0,1.0,1.0,0.64430976,1.0,-0.27348456,0.0,-1.2222717e-05,-0.082193404,0.8591097,3.8204536,1.5313907,6.166871,0.6377287,5.9461737,0.0,13.013854,-5.7921257,0.5555556,81.62405,1.0,0.0,0.0,0.0,0.0,0,10.056492,6.609919,0.0,2.1720328,4.072813,4.271369,0.70085573,0.12206455,0.0,4.9840684
0,259,260.0,10.0,1.0,1.0,240.0,1.0,1.0,1.0,0.6460751,1.0,-0.30484217,0.0,-1.3846996e-05,-0.049068894,0.69946575,3.9145265,1.3925512,5.3274784,0.56857735,4.783421,0.0,13.452536,-6.6951857,0.537037,81.56936,1.0,0.0,0.0,0.0,0.0,0,10.611065,6.57061,0.0,2.5327754,0.0,4.501414,1.1957228,0.09349804,0.0,5.7878485
1,259,260.0,10.0,1.0,1.0,240.0,0.0,0.0,1.0,-0.5550184,0.0,-0.44931638,0.0,-2.2230759e-05,-0.10567982,1.4493164,2.5269842,1.6083336,11.340788,0.4832455,4.560034,0.0,6.3674126,4.0836434,0.5509259,83.47409,1.0,0.0,0.0,0.0,0.0,0,11.677476,8.349378,0.0,3.0900772,0.0,4.0583253,1.7289957,0.0,0.0,8.76693
2,259,260.0,10.0,1.0,1.0,240.0,1.0,1.0,1.0,0.6279863,1.0,-0.30225113,0.0,-1.354198e-05,-0.069749065,0.65045655,3.9067533,1.4861596,6.1880403,0.51425415,5.5387464,0.0,13.494003,-7.688456,0.5694444,82.54999,1.0,0.0,0.0,0.0,0.0,0,11.88323,7.3803825,0.0,2.6656811,0.0,5.6561766,0.16504839,0.0,0.0,8.486298
3,259,260.0,10.0,1.0,1.0,240.0,1.0,1.0,1.0,0.63927364,1.0,-0.27486166,0.0,-1.2339186e-05,-0.085852325,0.69169474,3.824585,1.5491569,6.192215,0.65616417,6.0324616,0.0,13.254366,-7.8226466,0.5555556,81.67957,1.0,0.0,0.0,0.0,0.0,0,10.974426,6.9851894,0.0,2.6747112,2.0764382,5.68458,0.35972062,0.0,0.0,5.2547517
0,260,261.0,10.0,1.0,1.0,240.0,0.0,0.0,1.0,-0.36995718,0.0,-0.3156297,0.0,-1.51106e-05,-0.05431237,1.0731436,3.727458,1.4344989,6.040893,0.5817652,4.8700376,0.0,13.993815,-3.491685,0.537037,81.696976,1.0,0.0,0.0,0.0,0.0,0,9.75542,6.6203876,0.0,2.1410613,0.0,4.2622695,1.6175958,0.0,0.0,6.1184387
1,260,261.0,10.0,1.0,1.0,240.0,0.0,0.0,1.0,-0.29745424,0.0,-0.16206819,0.0,-3.715535e-05,-0.1353489,1.1620681,2.369066,1.7820312,13.120934,0.4459993,4.853773,0.0,5.191087,1.5484598,0.5509259,83.6384,1.0,0.0,0.0,0.0,0.0,0,11.913779,9.1550665,0.0,3.0953305,0.0,4.8375587,0.97589564,1.3228639,0.0,7.90981
2,260,261.0,10.0,1.0,1.0,241.0,1.0,1.0,1.0,0.6635346,1.0,-0.24960184,0.0,-1.4914633e-05,-0.086848676,0.9873413,3.7488055,1.5545704,6.908001,0.56735456,6.051642,0.0,14.298966,-5.0904636,0.5694444,82.63588,1.0,0.0,0.0,0.0,0.0,0,10.098244,7.7199244,0.0,1.5415516,0.0,4.158385,0.548212,0.0,0.0,8.092794
3,260,261.0,10.0,1.0,1.0,241.0,1.0,1.0,1.0,0.6823008,1.0,-0.21891513,0.0,-1.4838515e-05,-0.098769225,0.9832248,3.6567454,1.6056373,6.775796,0.69299364,6.3838725,0.0,13.723102,-5.674395,0.5555556,81.77319,1.0,0.0,0.0,0.0,0.0,0,9.772525,6.191074,0.0,1.6641545,0.0,4.685872,0.8737233,0.0,0.0,5.174298
0,261,262.0,10.0,1.0,1.0,241.0,1.0,1.0,1.0,0.772535,1.0,-0.17339395,0.0,-2.145833e-05,-0.054049578,0.7775717,3.5201817,1.3950312,6.209642,0.54368246,5.2802396,0.0,13.617614,-6.969924,0.537037,81.90465,1.0,0.0,0.0,0.0,0.0,0,9.27096,7.035826,0.0,1.9750065,0.0,5.849521,2.1114008,1.467877,0.0,5.2724795
1,261,262.0,10.0,1.0,1.0,240.0,0.0,0.0,1.0,-0.15352875,0.0,-0.014881976,0.0,-3.292313e-05,-0.13861385,1.014882,2.4158397,1.7892189,13.128583,0.42161635,5.1882463,0.0,5.4600916,-0.42892432,0.5509259,83.699715,1.0,0.0,0.0,0.0,0.0,0,12.334254,9.52033,0.0,3.3901873,0.0,4.9918027,2.0358455,0.57468456,0.0,7.579476
2,261,262.0,10.0,1.0,1.0,242.0,1.0,1.0,1.0,0.7649458,1.0,-0.15732628,0.0,-1.6884804e-05,-0.07771103,0.84635764,3.4719787,1.4633503,6.9331236,0.55740684,6.1875343,0.0,13.026541,-5.4630713,0.5694444,82.82916,1.0,0.0,0.0,0.0,0.0,0,10.776206,7.6835203,0.0,2.698244,0.0,4.364869,0.53043854,0.0,0.0,8.418678
3,261,262.0,10.0,1.0,1.0,242.0,1.0,1.0,1.0,0.7542858,1.0,-0.15333673,0.0,-2.0292264e-05,-0.09235716,0.77582526,3.46001,1.5431615,6.5666094,0.687892,6.467717,0.0,12.822122,-6.3640122,0.5555556,81.9337,1.0,0.0,0.0,0.0,0.0,0,9.563223,7.308697,0.0,2.0670338,0.0,5.141409,0.87939006,0.0,0.0,5.2363753
0,262,263.0,10.0,1.0,1.0,242.0,1.0,1.0,1.0,0.90678966,1.0,-0.048154656,0.0,-2.0788157e-05,-0.045034885,0.94526595,3.144464,1.3212155,7.082874,0.52793825,5.292977,0.0,11.926182,-3.984185,0.537037,82.197426,1.0,0.0,0.0,0.0,0.0,0,11.573823,8.644688,0.0,2.5423048,0.0,4.6883554,1.726005,0.0,0.0,5.3205047
1,262,263.0,10.0,1.0,1.0,241.0,1.0,1.0,1.0,0.8665122,1.0,-0.0,0.0,-2.0575817e-05,-0.13346729,0.82563347,2.5148914,1.7183125,12.242377,0.40468532,5.765659,0.0,6.789632,-4.215587,0.5555556,83.800964,1.0,0.0,0.0,0.0,0.0,0,12.416949,9.776369,0.0,3.0894895,0.0,5.1567607,2.0179589,1.4363494,0.0,7.607817
2,262,263.0,10.0,1.0,1.0,243.0,1.0,1.0,1.0,0.9152829,1.0,-0.013401732,0.0,-1.95783e-05,-0.071295775,0.92588514,3.0402052,1.3778616,8.378373,0.5197914,5.8993726,0.0,10.296213,-3.030859,0.5694444,83.15881,1.0,0.0,0.0,0.0,0.0,0,12.2705965,10.170725,0.0,2.8998575,0.0,3.888381,0.7096135,0.0,0.0,8.554947
3,262,263.0,10.0,1.0,1.0,243.0,1.0,1.0,1.0,0.8939177,1.0,-0.02517899,0.0,-1.8827343e-05,-0.080884516,0.87728614,3.075537,1.439866,7.2133665,0.6788589,6.5540752,0.0,10.664351,-3.822588,0.5555556,82.22004,1.0,0.0,0.0,0.0,0.0,0,13.331136,10.446344,0.0,2.4789886,0.0,5.5197616,0.88347065,0.0,0.0,5.1595006
0,263,264.0,10.0,1.0,1.0,243.0,1.0,1.0,1.0,0.92286086,1.0,-0.0,0.0,-2.0610234e-05,-0.077118516,0.975059,2.8366833,1.3477399,8.811688,0.50387245,5.8154206,0.0,10.411023,-2.6816578,0.537037,82.48551,1.0,0.0,0.0,0.0,0.0,0,12.459401,9.443646,0.0,2.9859996,0.0,4.117247,1.5830418,0.6997674,0.0,5.439012
1,263,264.0,10.0,1.0,1.0,242.0,1.0,1.0,1.0,0.87149,1.0,-0.0,0.0,-1.4998658e-05,-0.12849498,0.78227407,2.5064404,1.6788378,11.677236,0.40000162,6.0324616,0.0,7.7096586,-5.5400257,0.5601852,84.01365,1.0,0.0,0.0,0.0,0.0,0,13.122308,9.590119,0.0,3.5301971,0.0,3.858077,1.2544904,1.0639517,0.0,7.9675746
2,263,264.0,10.0,1.0,1.0,244.0,1.0,1.0,1.0,0.8891604,1.0,-0.0,0.0,-2.284924e-05,-0.1108168,0.9329561,2.8464258,1.5356566,10.854089,0.50299877,5.794918,0.0,8.73824,-1.2209257,0.5694444,83.31998,1.0,0.0,0.0,0.0,0.0,0,11.804606,9.9506855,0.0,2.6129003,0.0,4.30941,0.56509554,0.0,0.0,8.218735
3,263,264.0,10.0,1.0,1.0,244.0,1.0,1.0,1.0,0.9082896,1.0,-0.0,0.0,-1.9540046e-05,-0.09169086,0.88165253,2.9711366,1.4927522,8.948092,0.66713125,6.553358,0.0,9.370665,-2.8045852,0.5555556,82.418076,1.0,0.0,0.0,0.0,0.0,0,9.883667,7.5952473,0.0,2.8190107,0.0,4.8812256,0.7591859,0.0,0.0,4.990967
0,264,265.0,10.0,1.0,1.0,244.0,1.0,1.0,1.0,0.88303864,1.0,-0.0,0.0,-2.1448928e-05,-0.11693987,0.9328846,2.7758298,1.4912208,11.093175,0.51023895,5.923216,0.0,9.156673,-1.8259529,0.537037,82.68681,1.0,0.0,0.0,0.0,0.0,0,14.45993,10.511218,0.0,3.459566,0.0,4.1890798,1.8578378,0.0,0.0,5.05912
1,264,265.0,10.0,1.0,1.0,243.0,1.0,1.0,1.0,0.875894,1.0,-0.0,0.0,-1.4392269e-05,-0.124091625,0.7065058,2.5909388,1.6621537,11.249868,0.42122477,6.195628,0.0,8.677992,-7.088912,0.5648148,84.349205,1.0,0.0,0.0,0.0,0.0,0,13.40378,9.912289,0.0,3.6754744,0.0,4.5631537,1.6430591,0.0,0.0,7.50589
2,264,265.0,10.0,1.0,1.0,244.0,0.0,0.0,1.0,-0.20064387,0.0,-0.043016486,0.0,-2.3705075e-05,-0.15760368,1.0430164,2.27219,1.7730341,13.508597,0.45050886,5.9476223,0.0,7.252659,-0.17052284,0.5694444,83.88521,1.0,0.0,0.0,0.0,0.0,0,12.836342,10.7070465,0.0,2.5203083,0.0,4.889919,0.957794,0.0,0.0,7.438665
3,264,265.0,10.0,1.0,1.0,244.0,0.0,0.0,1.0,-0.1739954,0.0,-0.035125203,0.0,-2.009112e-05,-0.13885011,1.0351251,2.3123772,1.6341332,11.389076,0.6220828,6.941929,0.0,7.5870576,-1.1109612,0.5555556,83.066925,1.0,0.0,0.0,0.0,0.0,0,11.210662,8.8428,0.0,2.7611272,0.0,5.166624,1.1780766,0.0,0.0,4.856555
0,265,266.0,10.0,1.0,1.0,244.0,0.0,0.0,1.0,-0.19702168,0.0,-0.04210528,0.0,-1.9632862e-05,-0.15489677,1.0421052,2.2794635,1.6105565,12.854482,0.5158643,6.4393225,0.0,7.5164027,-0.23959763,0.537037,83.160675,1.0,0.0,0.0,0.0,0.0,0,14.173396,12.004059,0.0,3.399132,0.0,4.246598,1.7591712,0.5672498,0.0,4.8519883
1,265,266.0,10.0,1.0,1.0,244.0,1.0,1.0,1.0,0.8693786,1.0,-0.0,0.0,-1.5525675e-05,-0.13060588,0.5853646,2.7742615,1.7439114,11.6869,0.4346662,6.1494503,0.0,9.809108,-8.707633,0.5740741,84.73981,1.0,0.0,0.0,0.0,0.0,0,13.174747,9.432428,0.0,3.1861484,0.0,4.5684814,1.701217,0.0,0.0,7.6570287
2,265,266.0,10.0,1.0,1.0,244.0,0.0,0.0,1.0,-0.31034,0.0,-0.12589228,0.0,-2.8156994e-05,-0.18441956,1.1258923,2.038968,1.955406,15.063423,0.43660355,6.001749,0.0,7.066163,1.0618861,0.5694444,84.123146,1.0,0.0,0.0,0.0,0.0,0,14.385337,11.636675,0.0,2.540759,0.0,6.2766366,1.2350242,0.0,0.0,7.3865747
3,265,266.0,10.0,1.0,1.0,244.0,0.0,0.0,1.0,-0.2685513,0.0,-0.101001374,0.0,-2.740683e-05,-0.16752252,1.1010014,2.0901818,1.7839494,12.898826,0.6087051,7.1525245,0.0,7.179689,-0.057068653,0.5555556,83.29248,1.0,0.0,0.0,0.0,0.0,0,11.885603,9.62106,0.0,2.7355402,0.0,5.2789397,1.061369,0.0,0.0,4.8938956
0,266,267.0,10.0,1.0,1.0,244.0,0.0,0.0,1.0,-0.23100129,0.0,-0.06544348,0.0,-2.3663973e-05,-0.16553414,1.0654435,2.143196,1.6566359,13.442814,0.5234958,6.489233,0.0,7.138722,0.28904203,0.537037,83.297615,1.0,0.0,0.0,0.0,0.0,0,13.873031,11.062547,0.0,3.4746215,0.0,4.728538,2.0043614,0.0,0.0,5.035107
1,266,267.0,10.0,1.0,1.0,245.0,1.0,1.0,1.0,0.87620455,1.0,-0.0,0.0,-1.6327103e-05,-0.12377914,0.65144897,2.438062,1.7067354,11.337954,0.45555922,6.0887938,0.0,9.788057,-7.2488413,0.5787037,85.040634,1.0,0.0,0.0,0.0,0.0,0,13.093407,9.70212,0.0,3.6802588,0.0,4.740367,1.804678,0.0,0.0,7.917311
2,266,267.0,10.0,1.0,1.0,245.0,1.0,1.0,1.0,0.81277454,1.0,-0.0,0.0,-2.9997775e-05,-0.18719546,0.98126715,2.110372,1.9456307,14.903542,0.42586064,6.328185,0.0,7.645317,-1.3526268,0.5694444,84.23004,1.0,0.0,0.0,0.0,0.0,0,13.354157,10.208048,0.0,3.6292949,0.0,5.6167464,1.185772,0.0,0.0,7.4613633
3,266,267.0,10.0,1.0,1.0,245.0,1.0,1.0,1.0,0.82042974,1.0,-0.0,0.0,-2.9386747e-05,-0.17954086,0.97688365,2.127548,1.828227,13.106698,0.59885645,7.6657524,0.0,7.9819508,-2.3386497,0.5555556,83.38625,1.0,0.0,0.0,0.0,0.0,0,11.484843,9.216877,0.0,3.5176656,0.0,5.6524863,1.3837023,0.0,0.0,4.73915
0,267,268.0,10.0,1.0,1.0,245.0,1.0,1.0,1.0,0.8431685,1.0,-0.0,0.0,-2.3180553e-05,-0.15680835,0.94299686,2.2865984,1.6170117,12.843799,0.5202467,6.5647006,0.0,7.7119746,-1.5952177,0.537037,83.46055,1.0,0.0,0.0,0.0,0.0,0,15.201283,11.535125,0.0,3.8537896,0.0,4.3643193,2.1664286,0.0,0.0,5.2216544
1,267,268.0,10.0,1.0,1.0,246.0,1.0,1.0,1.0,0.85164195,1.0,-0.021895207,0.0,-1.4989165e-05,-0.12644784,0.5802028,3.0656855,1.7649746,11.614154,0.45652488,5.9727154,0.0,10.546093,-9.221103,0.5787037,85.77172,1.0,0.0,0.0,0.0,0.0,0,12.549304,9.488387,0.0,3.625493,0.0,4.6847596,1.7016511,0.0,0.0,8.201907
2,267,268.0,10.0,1.0,1.0,246.0,1.0,1.0,1.0,0.82304347,1.0,-0.0,0.0,-1.849176e-05,-0.17693807,0.66302645,2.800994,1.9408729,14.299741,0.4169723,6.316542,0.0,10.028288,-6.1938863,0.5694444,85.024185,1.0,0.0,0.0,0.0,0.0,0,11.15521,10.086658,0.0,3.1180606,0.0,3.5957682,0.86871606,0.0,0.0,7.11455
3,267,268.0,10.0,1.0,1.0,246.0,1.0,1.0,1.0,0.8226507,1.0,-0.0,0.0,-1.9004403e-05,-0.17733032,0.7279858,2.8598733,1.8833965,12.922942,0.58908767,7.7168756,0.0,10.257603,-6.153488,0.5555556,84.231186,1.0,0.0,0.0,0.0,0.0,0,9.988652,9.459182,0.0,2.464607,0.0,5.0279417,1.133969,0.0,0.0,4.7371254
0,268,269.0,10.0,1.0,1.0,246.0,1.0,1.0,1.0,0.8321719,1.0,-0.020589307,0.0,-1.6637667e-05,-0.14722216,0.7514652,3.0617678,1.6465187,12.265288,0.52421254,6.5680404,0.0,9.43563,-5.4427056,0.537037,84.34911,1.0,0.0,0.0,0.0,0.0,0,14.49745,11.195409,0.0,3.210047,0.0,4.151594,1.9162747,0.0,0.0,5.7534175
1,268,269.0,10.0,1.0,1.0,247.0,1.0,1.0,1.0,0.86249745,1.0,-0.0,0.0,-1.8260398e-05,-0.13748428,0.48713422,2.8130786,1.8071156,12.310789,0.46038833,5.9382668,0.0,9.4144,-7.567953,0.5833333,86.14743,1.0,0.0,0.0,0.0,0.0,0,13.364684,9.79705,0.0,3.659884,0.0,4.7552805,1.9254097,0.0,0.0,8.347412
2,268,269.0,10.0,1.0,1.0,247.0,1.0,1.0,1.0,0.82422537,1.0,-0.0,0.0,-1.48117615e-05,-0.1757598,0.45162326,2.6360462,1.9068714,14.093629,0.40591145,6.4519577,0.0,10.14573,-8.318288,0.5694444,85.43193,1.0,0.0,0.0,0.0,0.0,0,12.681632,10.472577,0.0,3.346396,0.0,4.229019,1.2277156,0.0,0.0,6.4593353
3,268,269.0,10.0,1.0,1.0,247.0,1.0,1.0,1.0,0.82207596,1.0,-0.0,0.0,-1.5741321e-05,-0.17790832,0.54001397,2.6676974,1.8766493,13.008542,0.5903519,7.6659565,0.0,9.966321,-6.971119,0.5601852,84.611336,1.0,0.0,0.0,0.0,0.0,0,11.172599,10.069659,0.0,2.8237362,0.0,4.953112,1.3792351,0.0,0.0,4.9493327
0,269,270.0,10.0,1.0,1.0,247.0,1.0,1.0,1.0,0.8463112,1.0,-0.0,0.0,-1.473438e-05,-0.15367407,0.6139033,2.8152938,1.6621083,12.706277,0.52282816,6.514166,0.0,8.768849,-4.620899,0.537037,84.72307,1.0,0.0,0.0,0.0,0.0,0,15.6224785,11.489702,0.0,3.5763466,0.0,3.8421946,2.2379062,0.0,0.0,5.9268107
1,269,270.0,10.0,1.0,1.0,248.0,1.0,1.0,1.0,0.86408436,1.0,-0.0,0.0,-1.768992e-05,-0.13589793,0.7441256,2.8129556,1.8057462,12.251982,0.46766812,5.9018936,0.0,9.504294,-5.0706325,0.5833333,86.24451,1.0,0.0,0.0,0.0,0.0,0,13.032701,10.056808,0.0,3.7541842,0.0,4.949751,2.0455892,0.0,0.0,8.497306
2,269,270.0,10.0,1.0,1.0,248.0,1.0,1.0,1.0,0.83226895,1.0,-0.0,0.0,-1.6007914e-05,-0.16771504,0.6176207,2.6531267,1.877437,13.728656,0.40939185,6.334245,0.0,10.544918,-6.285553,0.5694444,85.562096,1.0,0.0,0.0,0.0,0.0,0,13.246406,10.934901,0.0,3.7236493,0.0,4.23013,1.1814923,0.0,0.0,6.9364896
3,269,270.0,10.0,1.0,1.0,248.0,1.0,1.0,1.0,0.8265919,1.0,-0.0,0.0,-1.5777294e-05,-0.1733923,0.72322786,2.714143,1.8734074,12.81274,0.5963349,7.590796,0.0,10.354916,-4.988512,0.5601852,84.75878,1.0,0.0,0.0,0.0,0.0,0,10.984619,9.84363,0.0,2.6791654,0.0,5.0522003,1.449768,0.0,0.0,5.1332135
0,270,271.0,10.0,1.0,1.0,248.0,1.0,1.0,1.0,0.8534527,1.0,-0.0,0.0,-1.5764754e-05,-0.1465316,0.7999271,2.8600447,1.6441776,12.369254,0.52863014,6.4226403,0.0,9.055426,-3.2160375,0.537037,84.856285,1.0,0.0,0.0,0.0,0.0,0,15.22966,11.687203,0.0,3.8231006,0.0,3.8333664,2.2007496,0.0,0.0,6.255204
1,270,271.0,10.0,1.0,1.0,249.0,1.0,1.0,1.0,0.8609234,1.0,-0.0,0.0,-2.0353027e-05,-0.13905627,0.58637446,2.8791304,1.824864,12.490642,0.46829748,5.8527327,0.0,9.327612,-4.9438624,0.5833333,86.63335,1.0,0.0,0.0,0.0,0.0,0,13.169022,9.8122835,0.0,3.7273655,0.0,4.8564034,2.0582278,0.0,0.0,8.516372
2,270,271.0,10.0,1.0,1.0,249.0,1.0,1.0,1.0,0.8310492,1.0,-0.0,0.0,-1.864213e-05,-0.16893215,0.5099047,2.7503657,1.8933375,13.90074,0.41372496,6.2351885,0.0,10.431829,-5.821672,0.5787037,85.97008,1.0,0.0,0.0,0.0,0.0,0,13.607698,10.669814,0.0,3.5814676,0.0,4.4779987,1.1638197,0.04725181,0.0,7.3974285
3,270,271.0,10.0,1.0,1.0,249.0,1.0,1.0,1.0,0.82369083,1.0,-0.0,0.0,-2.0459258e-05,-0.17628874,0.5661763,2.7982476,1.8926098,13.012159,0.6019193,7.565164,0.0,10.216365,-4.946443,0.5601852,85.15561,1.0,0.0,0.0,0.0,0.0,0,11.474612,9.84883,0.0,3.026865,0.0,5.1660438,1.4315188,0.0,0.0,5.3451304
0,271,272.0,10.0,1.0,1.0,249.0,1.0,1.0,1.0,0.8504457,1.0,-0.0,0.0,-1.902799e-05,-0.14953531,0.6830163,2.9268012,1.6603317,12.61615,0.53600013,6.3559666,0.0,8.853658,-2.7269666,0.537037,85.25098,1.0,0.0,0.0,0.0,0.0,0,15.411883,11.303563,0.0,3.8638778,0.0,3.9536624,2.218129,0.0,0.0,6.4742823
1,271,272.0,10.0,1.0,1.0,250.0,1.0,1.0,1.0,0.8653796,1.0,-0.0,0.0,-1.6735345e-05,-0.13460365,0.6327376,2.9888873,1.8201722,12.258509,0.47183228,5.8177094,0.0,9.82325,-4.659833,0.5833333,86.90636,1.0,0.0,0.0,0.0,0.0,0,12.896532,9.988781,0.0,3.5544996,0.0,4.8670897,2.2070148,0.0,0.0,8.512216
2,271,272.0,10.0,1.0,1.0,250.0,1.0,1.0,1.0,0.8354146,1.0,-0.0,0.0,-1.6509097e-05,-0.1645689,0.60986316,2.8658187,1.8800927,13.700281,0.41990075,6.173851,0.0,10.635801,-4.0932097,0.5787037,86.24645,1.0,0.0,0.0,0.0,0.0,0,11.587688,10.759886,0.0,3.3780284,0.0,4.3133416,1.2126019,0.2519354,0.0,7.3968124
3,271,272.0,10.0,1.0,1.0,250.0,1.0,1.0,1.0,0.8276765,1.0,-0.0,0.0,-1.6115599e-05,-0.17230743,0.6242141,2.9220424,1.8841667,12.7586975,0.6048196,7.579747,0.0,10.632525,-3.7950654,0.5601852,85.44787,1.0,0.0,0.0,0.0,0.0,0,11.50434,9.881993,0.0,2.9972568,0.0,5.1959343,1.5153012,0.0,0.0,5.533847
0,272,273.0,10.0,1.0,1.0,250.0,1.0,1.0,1.0,0.8440852,1.0,-0.00893989,0.0,-1.6615439e-05,-0.14695828,0.77360606,3.0268197,1.661038,12.497483,0.5441971,6.320012,0.0,9.049978,-1.9219354,0.537037,85.508575,1.0,0.0,0.0,0.0,0.0,0,15.10972,11.8947935,0.0,4.111737,0.0,4.0190563,2.3107352,0.0,0.0,6.4912443
1,272,273.0,10.0,1.0,1.0,251.0,1.0,1.0,1.0,0.86449134,1.0,-0.0,0.0,-1.7630764e-05,-0.13549104,0.7303197,2.6884303,1.814994,12.323204,0.4801522,5.8062577,0.0,9.603408,-3.483235,0.5833333,87.21838,1.0,0.0,0.0,0.0,0.0,0,13.037022,9.474851,0.0,3.5305634,0.0,5.10974,2.327529,0.0,0.0,7.91097
2,272,273.0,10.0,1.0,1.0,251.0,1.0,1.0,1.0,0.83430636,1.0,-0.0,0.0,-1.8475383e-05,-0.16567518,0.7483441,2.591265,1.8897531,13.792969,0.4257261,6.1475406,0.0,10.579738,-2.6036413,0.5787037,86.52748,1.0,0.0,0.0,0.0,0.0,0,11.842246,10.6152,0.0,3.2689018,0.0,4.3085036,1.4281089,0.29549682,0.0,7.710206
3,272,273.0,10.0,1.0,1.0,251.0,1.0,1.0,1.0,0.82406884,1.0,-0.0,0.0,-1.7943483e-05,-0.17591321,0.7527318,2.6165855,1.9014593,12.972254,0.6080591,7.5825377,0.0,10.484527,-2.366362,0.5601852,85.760864,1.0,0.0,0.0,0.0,0.0,0,11.971274,9.747273,0.0,3.3011315,0.0,5.1759176,1.8041943,0.0,0.0,5.6967707
0,273,274.0,10.0,1.0,1.0,251.0,1.0,1.0,1.0,0.8444349,1.0,-0.0,0.0,-1.8522205e-05,-0.15554653,0.9211138,2.6946838,1.6976018,13.026919,0.55129707,6.3058715,0.0,8.556483,-0.1410963,0.537037,85.853226,1.0,0.0,0.0,0.0,0.0,0,15.646392,11.436844,0.0,3.8737593,0.0,3.977305,2.4669938,0.0,0.0,6.461718
1,273,274.0,10.0,1.0,1.0,252.0,1.0,1.0,1.0,0.86231345,1.0,-0.0095874695,0.0,-1.566377e-05,-0.12808342,0.73983854,3.0287623,1.791372,11.907949,0.48516276,5.777055,0.0,10.105655,-2.2019763,0.5833333,87.89648,1.0,0.0,0.0,0.0,0.0,0,13.252007,9.701214,0.0,3.8294935,0.0,5.2235794,2.2213094,0.0,0.0,7.581975
2,273,274.0,10.0,1.0,1.0,252.0,1.0,1.0,1.0,0.83878845,1.0,-0.0,0.0,-1.7778188e-05,-0.1611938,0.8183852,2.9101365,1.9022878,13.608351,0.42881277,6.0632763,0.0,11.305975,-0.42037526,0.5787037,87.193634,1.0,0.0,0.0,0.0,0.0,0,10.644842,10.758166,0.0,3.4214466,0.0,4.317557,1.3841078,0.50896573,0.0,8.030703
3,273,274.0,10.0,1.0,1.0,252.0,1.0,1.0,1.0,0.8276788,1.0,-0.0,0.0,-1.7011671e-05,-0.17230421,0.807203,2.9255927,1.9035574,12.827118,0.60902107,7.5111337,0.0,10.923911,-0.31854537,0.5601852,86.42388,1.0,0.0,0.0,0.0,0.0,0,10.9507,10.013246,0.0,3.239692,0.0,5.294351,1.6339728,0.0,0.0,5.8066463
0,274,275.0,10.0,1.0,1.0,251.0,0.0,0.0,1.0,-0.1627248,0.0,-0.013428368,0.0,-1.7605698e-05,-0.14927882,1.0039777,3.028352,1.6893725,12.726815,0.55405486,6.229912,0.0,8.9783535,1.7227772,0.537037,86.527756,1.0,0.0,0.0,0.0,0.0,0,15.512697,12.808746,0.0,4.288879,0.0,4.0566163,2.344188,0.0,0.0,6.4833975
1,274,275.0,10.0,1.0,1.0,253.0,1.0,1.0,1.0,0.87151426,1.0,-0.0,0.0,-1.9002404e-05,-0.12846673,0.58286154,2.9846418,1.7979338,11.929592,0.48820814,5.77841,0.0,10.241827,-3.3721216,0.5833333,88.07071,1.0,0.0,0.0,0.0,0.0,0,12.772259,10.043343,0.0,3.8922236,0.0,5.1560297,2.2659955,0.0,0.0,7.2035923
2,274,275.0,10.0,1.0,1.0,253.0,1.0,1.0,1.0,0.8363664,1.0,-0.0,0.0,-2.2406586e-05,-0.16361117,0.67820513,2.8460057,1.9278057,13.777203,0.43307114,6.039467,0.0,11.454404,-1.2930106,0.5787037,87.36773,1.0,0.0,0.0,0.0,0.0,0,11.044328,11.199086,0.0,3.703972,0.0,4.3686957,1.5318238,0.3462176,0.0,8.182218
3,274,275.0,10.0,1.0,1.0,253.0,1.0,1.0,1.0,0.8259325,1.0,-0.0,0.0,-2.2114562e-05,-0.17404538,0.6613053,2.8618896,1.9119984,12.900162,0.6056974,7.5425596,0.0,10.970793,-1.4695791,0.5601852,86.60422,1.0,0.0,0.0,0.0,0.0,0,11.421513,10.199875,0.0,3.340229,0.0,4.9411373,1.9011598,0.0,0.0,5.8762584
0,275,276.0,10.0,1.0,1.0,252.0,1.0,1.0,1.0,0.84376675,1.0,-0.0,0.0,-2.727688e-05,-0.15620595,0.9849593,2.59086,1.7130799,13.064497,0.559793,6.307858,0.0,8.665466,1.6911887,0.537037,86.97642,1.0,0.0,0.0,0.0,0.0,0,16.3563,12.650017,0.0,4.249164,0.0,4.6163616,2.5644422,0.0,0.0,6.361975
1,275,276.0,10.0,1.0,1.0,254.0,1.0,1.0,1.0,0.87430096,1.0,-0.0,0.0,-1.6158148e-05,-0.12568288,0.5499605,2.9193623,1.7820863,11.7515955,0.49239472,5.7893763,0.0,10.460101,-2.6065214,0.5833333,88.332,1.0,0.0,0.0,0.0,0.0,0,13.2758665,9.663717,0.0,3.7680945,0.0,5.1116276,2.3840399,0.0,0.0,7.205679
2,275,276.0,10.0,1.0,1.0,254.0,1.0,1.0,1.0,0.83294946,1.0,-0.0,0.0,-1.843393e-05,-0.16703211,0.68072194,2.7534924,1.9487716,13.993618,0.43846238,6.0283065,0.0,11.074639,-0.07939432,0.5787037,87.6023,1.0,0.0,0.0,0.0,0.0,0,9.715212,10.583102,0.0,3.75819,0.0,4.296029,1.5646448,0.26044968,0.0,7.813571
3,275,276.0,10.0,1.0,1.0,254.0,1.0,1.0,1.0,0.8256525,1.0,-0.0,0.0,-1.7290937e-05,-0.17433025,0.6585263,2.8057106,1.9173265,12.94326,0.6054655,7.5165534,0.0,10.989387,-0.16396028,0.5601852,86.87746,1.0,0.0,0.0,0.0,0.0,0,10.942416,9.234646,0.0,2.9430497,0.0,4.6079063,1.8473593,0.0,0.0,5.8549943
0,276,277.0,10.0,1.0,1.0,253.0,1.0,1.0,1.0,0.8319148,1.0,-0.01718942,0.0,-1.9259738e-05,-0.15087655,0.94565976,3.0515683,1.6962948,12.782587,0.5559752,6.2700047,0.0,8.903908,1.9679656,0.537037,87.60666,1.0,0.0,0.0,0.0,0.0,0,15.769297,12.51971,0.0,4.1898227,0.0,4.369843,2.3967342,0.0,0.0,6.4202614
1,276,277.0,10.0,1.0,1.0,255.0,1.0,1.0,1.0,0.7849399,1.0,-0.096347995,0.0,-1.480099e-05,-0.11869734,0.4985936,3.289044,1.7696096,11.33747,0.49119252,5.7843695,0.0,11.169445,-2.7560852,0.5833333,88.8631,1.0,0.0,0.0,0.0,0.0,0,11.519798,9.346195,0.0,2.8886566,0.0,4.9310694,2.4284744,0.0,0.0,7.2674522
2,276,277.0,10.0,1.0,1.0,255.0,1.0,1.0,1.0,0.7900103,1.0,-0.04883241,0.0,-1.7544568e-05,-0.1611398,0.621549,3.1464972,1.9321928,13.6607685,0.43803787,6.0076175,0.0,11.354335,-0.037814025,0.5787037,88.14418,1.0,0.0,0.0,0.0,0.0,0,9.490189,10.786969,0.0,3.549509,0.0,4.151075,1.5800264,0.6799626,0.0,8.260079
3,276,277.0,10.0,1.0,1.0,255.0,1.0,1.0,1.0,0.77132416,1.0,-0.0610649,0.0,-1.6727747e-05,-0.16759422,0.5948752,3.1831946,1.9013411,12.547022,0.60930496,7.5086308,0.0,11.463704,-0.53500384,0.5601852,87.41713,1.0,0.0,0.0,0.0,0.0,0,11.347288,9.641761,0.0,3.586066,0.0,5.113648,1.8543875,0.0,0.0,5.9717917
0,277,278.0,10.0,1.0,1.0,254.0,1.0,1.0,1.0,0.84601533,1.0,-0.0,0.0,-1.9510298e-05,-0.1539652,0.7456094,2.8872247,1.7049078,12.9347725,0.5574979,6.3031387,0.0,8.823008,0.73645264,0.537037,87.87751,1.0,0.0,0.0,0.0,0.0,0,16.581678,13.059198,0.0,4.1291547,0.0,4.0544405,2.4056475,0.0,0.0,6.3899426
1,277,278.0,10.0,1.0,1.0,256.0,1.0,1.0,1.0,0.8238741,1.0,-0.055671174,0.0,-1.758682e-05,-0.12043715,0.3420405,3.1670134,1.7746184,11.451613,0.49367318,5.774615,0.0,11.153478,-3.2375822,0.5833333,89.101585,1.0,0.0,0.0,0.0,0.0,0,12.875243,10.059537,0.0,3.5274155,0.0,4.9304566,2.7471893,0.0,0.0,7.2023277
2,277,278.0,10.0,1.0,1.0,256.0,1.0,1.0,1.0,0.81875837,1.0,-0.013835356,0.0,-1.8840898e-05,-0.16738743,0.4799217,3.041506,1.968392,14.057172,0.44226655,5.9860725,0.0,11.2533865,-0.60614294,0.5787037,88.37906,1.0,0.0,0.0,0.0,0.0,0,9.432889,10.418707,0.0,3.4558148,0.0,4.07671,1.6710752,0.5957037,0.0,7.9662857
3,277,278.0,10.0,1.0,1.0,256.0,1.0,1.0,1.0,0.8069093,1.0,-0.020730248,0.0,-1.8056653e-05,-0.17234237,0.44830516,3.0621908,1.9164509,12.796631,0.612244,7.54391,0.0,11.334872,-1.1049546,0.5601852,87.65266,1.0,0.0,0.0,0.0,0.0,0,11.5666,10.385728,0.0,3.5636034,0.0,5.0716376,2.0117035,0.0,0.0,6.021997
0,278,279.0,10.0,1.0,1.0,255.0,1.0,1.0,1.0,0.7682878,1.0,-0.0898794,0.0,-1.50871365e-05,-0.14181775,0.7888738,3.269638,1.6733352,12.237061,0.55959576,6.272003,0.0,9.491234,1.2309481,0.537037,88.4129,1.0,0.0,0.0,0.0,0.0,0,16.225666,12.800124,0.0,4.383228,0.0,3.9680948,2.4235046,0.0,0.0,6.4156284
1,278,279.0,10.0,1.0,1.0,257.0,1.0,1.0,1.0,0.8845129,1.0,-0.0,0.0,-1.44090245e-05,-0.11547269,0.30585006,2.9672878,1.7482207,11.125071,0.4947544,5.80329,0.0,11.656413,-2.850302,0.5833333,89.42436,1.0,0.0,0.0,0.0,0.0,0,13.438218,9.692124,0.0,3.4693174,0.0,4.975206,2.8633728,0.0,0.0,7.207343
2,278,279.0,10.0,1.0,1.0,257.0,1.0,1.0,1.0,0.8341528,1.0,-0.0,0.0,-1.7240709e-05,-0.16582997,0.4609093,2.8157632,1.9553846,13.958756,0.44844398,5.991041,0.0,11.24733,0.5265809,0.5787037,88.6946,1.0,0.0,0.0,0.0,0.0,0,10.087133,10.464416,0.0,3.7384152,0.0,4.1240096,1.7386771,0.49443156,0.0,7.583332
3,278,279.0,10.0,1.0,1.0,257.0,1.0,1.0,1.0,0.8246374,1.0,-0.0,0.0,-1.5510966e-05,-0.17534709,0.45718884,2.8339221,1.9245269,12.943865,0.6173331,7.576958,0.0,11.212134,0.21187915,0.5601852,87.95655,1.0,0.0,0.0,0.0,0.0,0,13.325025,10.768499,0.0,3.660012,0.0,5.4941044,2.2819436,0.0,0.0,6.2761946
0,279,280.0,10.0,1.0,1.0,256.0,1.0,1.0,1.0,0.80340797,1.0,-0.054551974,0.0,-1.8065197e-05,-0.14202203,0.56767315,3.1636558,1.6669731,12.225391,0.56485265,6.295929,0.0,9.643286,0.3328989,0.537037,88.672966,1.0,0.0,0.0,0.0,0.0,0,15.591987,12.639545,0.0,4.0796824,0.0,3.8945568,2.4526756,0.0,0.0,6.464555
1,279,280.0,10.0,1.0,1.0,258.0,1.0,1.0,1.0,0.8116801,1.0,-0.079121254,0.0,-1.3455906e-05,-0.10918525,0.38859284,3.2373638,1.7385212,10.755791,0.5039448,5.795324,0.0,12.172716,-1.7409213,0.5833333,89.76225,1.0,0.0,0.0,0.0,0.0,0,12.040068,8.965473,0.0,3.588935,0.0,5.2679396,2.7353573,0.0,0.0,7.605461
2,279,280.0,10.0,1.0,1.0,258.0,1.0,1.0,1.0,0.80068475,1.0,-0.04288188,0.0,-1.475832e-05,-0.15641856,0.47121271,3.1286457,1.9236486,13.3819275,0.4506945,6.0031843,0.0,11.8566885,0.62086946,0.5787037,89.07478,1.0,0.0,0.0,0.0,0.0,0,10.294297,11.23175,0.0,3.768337,0.0,3.9176707,1.762687,0.9506313,0.0,8.061402
3,279,280.0,10.0,1.0,1.0,258.0,1.0,1.0,1.0,0.79006565,1.0,-0.040570028,0.0,-1.4056416e-05,-0.1693503,0.49134904,3.12171,1.906004,12.557331,0.6130311,7.6036844,0.0,11.6578665,0.52097344,0.5601852,88.32186,1.0,0.0,0.0,0.0,0.0,0,11.824668,10.410814,0.0,3.6776564,0.0,5.0007124,2.3269355,0.0,0.0,6.105685
0,280,281.0,10.0,1.0,1.0,257.0,1.0,1.0,1.0,0.85810137,1.0,-0.0,0.0,-1.5848624e-05,-0.14188275,0.5714632,2.944113,1.6636775,12.218527,0.5705722,6.2944365,0.0,9.680421,0.95105684,0.5416667,88.98466,1.0,0.0,0.0,0.0,0.0,0,16.890266,12.309403,0.0,4.2100143,0.0,4.0867224,2.6343906,0.0,0.0,6.451007
1,280,281.0,10.0,1.0,1.0,259.0,1.0,1.0,1.0,0.8541852,1.0,-0.035161216,0.0,-1.5115335e-05,-0.11063841,0.26737487,3.1054835,1.7388558,10.807553,0.51075053,5.83075,0.0,12.092512,-2.4692392,0.5833333,89.938286,1.0,0.0,0.0,0.0,0.0,0,12.667705,9.346549,0.0,3.5610712,0.0,5.218795,2.8106725,0.0,0.0,7.642858
2,280,281.0,10.0,1.0,1.0,259.0,1.0,1.0,1.0,0.84001076,1.0,-0.0,0.0,-1.63659e-05,-0.15997283,0.35457426,2.999712,1.9387146,13.605237,0.4510337,5.9931326,0.0,11.710127,-0.08621812,0.5787037,89.26086,1.0,0.0,0.0,0.0,0.0,0,10.895966,11.535453,0.0,3.8355026,0.0,4.040449,2.0076048,0.98149693,0.0,8.258085
3,280,281.0,10.0,1.0,1.0,259.0,1.0,1.0,1.0,0.82740694,1.0,-0.0,0.0,-1.668892e-05,-0.17257638,0.35028493,2.976995,1.9140595,12.734639,0.6124522,7.619942,0.0,11.5981245,-0.4349649,0.5648148,88.513535,1.0,0.0,0.0,0.0,0.0,0,12.085128,10.681905,0.0,3.5481737,0.0,5.143461,2.069675,0.0,0.0,6.2883186
0,281,282.0,10.0,1.0,1.0,258.0,1.0,1.0,1.0,0.7915481,1.0,-0.07786285,0.0,-1.4604476e-05,-0.13057446,0.59971994,3.2335885,1.6318668,11.50121,0.5805877,6.3332562,0.0,10.369384,1.203665,0.5416667,89.342445,1.0,0.0,0.0,0.0,0.0,0,15.635039,12.772335,0.0,4.303679,0.0,3.9206228,2.4938014,0.0,0.0,6.7243485
1,281,282.0,10.0,1.0,1.0,260.0,1.0,1.0,1.0,0.78577566,1.0,-0.106480904,0.0,-1.2636037e-05,-0.1077308,0.17737783,3.3194427,1.7339065,10.60483,0.513102,5.859017,0.0,12.725151,-2.0362442,0.5833333,90.412865,1.0,0.0,0.0,0.0,0.0,0,12.316792,9.215566,0.0,3.3800902,0.0,5.190592,2.8776076,0.0,0.0,7.6728253
2,281,282.0,10.0,1.0,1.0,260.0,1.0,1.0,1.0,0.76470673,1.0,-0.079563946,0.0,-1.3923165e-05,-0.15571538,0.2760023,3.2386918,1.9273648,13.4215555,0.46384293,5.921365,0.0,12.052606,0.9433781,0.5787037,89.72825,1.0,0.0,0.0,0.0,0.0,0,10.713777,11.290468,0.0,3.5509288,0.0,3.9206917,1.9328854,0.8553835,0.0,8.025463
3,281,282.0,10.0,1.0,1.0,260.0,1.0,1.0,1.0,0.7607903,1.0,-0.06867293,0.0,-1.3173843e-05,-0.1705236,0.24615377,3.2060187,1.9113117,12.593813,0.61095387,7.637602,0.0,12.050299,-0.08637971,0.5648148,88.985825,1.0,0.0,0.0,0.0,0.0,0,12.01298,10.613717,0.0,3.4553778,0.0,5.0763445,2.5831635,0.12125825,0.0,6.2325907
0,282,283.0,10.0,1.0,1.0,259.0,1.0,1.0,1.0,0.8348793,1.0,-0.034587957,0.0,-1.6055148e-05,-0.13051668,0.4549086,3.1037638,1.6276366,11.474047,0.5888166,6.3569517,0.0,10.633341,0.94876486,0.5416667,89.53614,1.0,0.0,0.0,0.0,0.0,0,15.859767,12.874555,0.0,3.975759,0.0,4.0173783,2.2607791,0.0,0.0,6.7909994
1,282,283.0,10.0,1.0,1.0,261.0,1.0,1.0,1.0,0.89163333,1.0,-0.0,0.0,-1.3857827e-05,-0.108352825,0.11207517,2.9867127,1.7273413,10.614285,0.514123,5.8868823,0.0,12.49285,-2.638123,0.5925926,90.788956,1.0,0.0,0.0,0.0,0.0,0,12.950482,9.34286,0.0,4.107445,0.0,5.195977,3.1037889,0.0,0.0,8.1003275
2,282,283.0,10.0,1.0,1.0,261.0,1.0,1.0,1.0,0.8448366,1.0,-0.0,0.0,-1.5383444e-05,-0.155148,0.18068719,2.9250216,1.9181573,13.372721,0.4694119,5.936157,0.0,11.817965,0.25433582,0.5787037,90.095314,1.0,0.0,0.0,0.0,0.0,0,12.017035,11.011446,0.0,4.3964763,0.0,4.0436606,2.0958836,0.5182544,0.0,7.6993937
3,282,283.0,10.0,1.0,1.0,261.0,1.0,1.0,1.0,0.831944,1.0,-0.0,0.0,-1.4878941e-05,-0.16804114,0.14946964,2.88771,1.8905364,12.449071,0.612431,7.633396,0.0,11.9179,-1.058443,0.5648148,89.364525,1.0,0.0,0.0,0.0,0.0,0,12.9539995,10.410955,0.0,3.6342328,0.0,5.2966256,2.7049124,0.1463975,0.0,6.160056
0,283,284.0,10.0,1.0,1.0,260.0,1.0,1.0,1.0,0.76964796,1.0,-0.11065162,0.0,-1.3459723e-05,-0.119686946,0.32593906,3.3319547,1.6019963,10.900353,0.58803296,6.2808614,0.0,11.366609,0.55413085,0.5416667,90.0257,1.0,0.0,0.0,0.0,0.0,0,15.400632,12.831182,0.0,4.174239,0.0,4.015268,2.5824695,0.0,0.0,6.6919446
1,283,284.0,10.0,1.0,1.0,262.0,1.0,1.0,1.0,0.82246244,1.0,-0.0729328,0.0,-1.2407102e-05,-0.10459236,0.2798211,3.2187984,1.715143,10.331321,0.5210304,5.9119687,0.0,13.121516,-1.5012436,0.5925926,91.05346,1.0,0.0,0.0,0.0,0.0,0,12.404328,9.305327,0.0,4.035881,0.0,5.3505177,2.767734,0.0,0.0,8.209964
2,283,284.0,10.0,1.0,1.0,262.0,1.0,1.0,1.0,0.7962345,1.0,-0.05664397,0.0,-1.2111587e-05,-0.14710946,0.3204685,3.169932,1.8966049,12.843371,0.4755521,5.9831944,0.0,12.649551,0.97842747,0.5787037,90.36978,1.0,0.0,0.0,0.0,0.0,0,10.311122,10.680509,0.0,3.8827698,0.0,4.0612645,1.9961447,0.63680744,0.0,8.166647
3,283,284.0,10.0,1.0,1.0,262.0,1.0,1.0,1.0,0.798023,1.0,-0.046834163,0.0,-1.1934506e-05,-0.1551309,0.2585344,3.1405025,1.8523151,11.639238,0.61418796,7.6686134,0.0,12.755287,-1.0831617,0.5648148,89.658356,1.0,0.0,0.0,0.0,0.0,0,12.393225,10.206205,0.0,4.407504,0.0,5.1763644,2.695832,0.52375805,0.0,6.3645573
0,284,285.0,10.0,1.0,1.0,261.0,1.0,1.0,1.0,0.87967193,1.0,-0.0,0.0,-1.4504096e-05,-0.120313585,0.27085727,2.9923923,1.594126,10.937828,0.5904538,6.2809863,0.0,11.205282,0.7105628,0.5416667,90.414444,1.0,0.0,0.0,0.0,0.0,0,16.74232,13.0427475,0.0,4.309457,0.0,4.1338973,2.5284612,0.0,0.0,6.763275
1,284,285.0,10.0,1.0,1.0,263.0,1.0,1.0,1.0,0.86799043,1.0,-0.026388219,0.0,-1.33695385e-05,-0.105607994,0.12876672,3.0791645,1.709584,10.373867,0.52121973,5.9626117,0.0,12.834796,-2.7499702,0.5925926,91.2662,1.0,0.0,0.0,0.0,0.0,0,13.391915,9.726046,0.0,4.015768,0.0,5.5170503,3.2065299,0.0,0.0,8.2920475
2,284,285.0,10.0,1.0,1.0,263.0,1.0,1.0,1.0,0.83794963,1.0,-0.014306419,0.0,-1.4766099e-05,-0.14772914,0.13997349,3.0429192,1.892269,12.868263,0.48039714,5.995484,0.0,12.550515,-0.5812105,0.5787037,90.58356,1.0,0.0,0.0,0.0,0.0,0,11.096387,11.013967,0.0,3.8381667,0.0,3.9774926,2.2037096,0.40223953,0.0,7.8290777
3,284,285.0,10.0,1.0,1.0,263.0,1.0,1.0,1.0,0.84383637,1.0,-0.0,0.0,-1.29794025e-05,-0.15615064,0.11313893,2.984689,1.8391082,11.662522,0.6162347,7.706515,0.0,12.74749,-2.246332,0.5648148,89.889824,1.0,0.0,0.0,0.0,0.0,0,12.457869,10.184504,0.0,3.8745916,0.0,5.2451363,2.8103013,0.554696,0.0,6.383948
0,285,286.0,10.0,1.0,1.0,262.0,1.0,1.0,1.0,0.81314886,1.0,-0.07668243,0.0,-1.23538985e-05,-0.110156335,0.41661298,3.2300472,1.5710675,10.325401,0.593107,6.2839775,0.0,11.857171,1.3835965,0.5416667,90.68109,1.0,0.0,0.0,0.0,0.0,0,15.690667,13.061748,0.0,4.229134,0.0,4.1234956,2.6924605,0.0,0.0,6.7630525
1,285,286.0,10.0,1.0,1.0,264.0,1.0,1.0,1.0,0.89624625,1.0,-0.0,0.0,-1.17136615e-05,-0.10374202,0.20032376,2.8921778,1.698452,10.249445,0.5220336,5.975075,0.0,13.086706,-2.4315221,0.5925926,91.54144,1.0,0.0,0.0,0.0,0.0,0,14.262917,9.862211,0.0,4.07392,0.0,5.5515137,3.2871468,0.1398404,0.0,8.374634
2,285,286.0,10.0,1.0,1.0,264.0,1.0,1.0,1.0,0.8574419,1.0,-0.0,0.0,-1.2051481e-05,-0.14254606,0.17424095,2.8767374,1.8644564,12.529134,0.48145255,6.023628,0.0,12.877679,-0.7215412,0.5787037,90.85191,1.0,0.0,0.0,0.0,0.0,0,11.814284,11.026369,0.0,4.196157,0.0,3.9800766,2.339051,0.7869768,0.0,7.868861
3,285,286.0,10.0,1.0,1.0,264.0,1.0,1.0,1.0,0.84510875,1.0,-0.0,0.0,-1.2445091e-05,-0.15487877,0.19547641,2.8024895,1.8318126,11.577982,0.61619014,7.7147427,0.0,12.734359,-1.6757762,0.5648148,90.14365,1.0,0.0,0.0,0.0,0.0,0,13.286062,10.28913,0.0,4.029763,0.0,5.285674,2.8987854,0.51475775,0.0,6.4316497
0,286,287.0,10.0,1.0,1.0,263.0,1.0,1.0,1.0,0.86259407,1.0,-0.026966384,0.0,-1.4112114e-05,-0.11042543,0.24688877,3.080899,1.5624441,10.3156805,0.598069,6.309844,0.0,12.011107,-0.20233822,0.5462963,90.90473,1.0,0.0,0.0,0.0,0.0,0,15.613577,12.861661,0.0,3.7641373,0.0,4.093434,2.8317845,0.0,0.0,6.8424625
1,286,287.0,10.0,1.0,1.0,265.0,1.0,1.0,1.0,0.82381374,1.0,-0.07419928,0.0,-1.0684149e-05,-0.10197631,0.2259437,3.2225978,1.6871996,9.981537,0.52974504,5.964581,0.0,13.696284,-2.5018067,0.5925926,91.950356,1.0,0.0,0.0,0.0,0.0,0,13.127282,9.862097,0.0,4.00645,0.0,5.688157,2.794085,0.09648998,0.0,8.472215
2,286,287.0,10.0,1.0,1.0,265.0,1.0,1.0,1.0,0.79343265,1.0,-0.072028555,0.0,-1.0972885e-05,-0.13452782,0.21256283,3.2160857,1.839913,12.04908,0.49007684,6.0225883,0.0,13.313667,-0.7840763,0.5787037,91.25598,1.0,0.0,0.0,0.0,0.0,0,11.196847,10.833535,0.0,4.4365497,0.0,4.2049594,2.1703548,0.6710233,0.0,8.316795
3,286,287.0,10.0,1.0,1.0,265.0,1.0,1.0,1.0,0.809921,1.0,-0.039129145,0.0,-1.1104849e-05,-0.15093873,0.24161935,3.1173873,1.8254092,11.330623,0.6266365,7.725701,0.0,13.148612,-1.4308718,0.5648148,90.5255,1.0,0.0,0.0,0.0,0.0,0,12.252798,10.131341,0.0,4.3286524,0.0,5.6261225,2.5131812,0.33976117,0.0,6.501797
0,287,288.0,10.0,1.0,1.0,264.0,1.0,1.0,1.0,0.8890877,1.0,-0.0,0.0,-1.214281e-05,-0.11090016,0.3547672,2.88694,1.5490543,10.324339,0.60438126,6.3296695,0.0,11.792625,1.1375854,0.5462963,91.163895,1.0,0.0,0.0,0.0,0.0,0,16.450443,12.33332,0.0,4.311721,0.0,4.2270527,2.8710635,0.0,0.0,6.8901377
1,287,288.0,10.0,1.0,1.0,266.0,1.0,1.0,1.0,0.8982835,1.0,-0.0,0.0,-1.0594852e-05,-0.10170591,0.12538433,3.0246465,1.678586,10.032127,0.5305314,6.0129595,0.0,13.288195,-3.1357138,0.5925926,92.2431,1.0,0.0,0.0,0.0,0.0,0,14.083916,10.161849,0.0,3.8398015,0.0,5.7417703,3.4373894,0.421302,0.0,8.475423
2,287,288.0,10.0,1.0,1.0,266.0,1.0,1.0,1.0,0.86173725,1.0,-0.0,0.0,-1.1218993e-05,-0.13825154,0.1272764,3.0219486,1.8431464,12.238406,0.4944308,6.056686,0.0,12.742242,-1.0229564,0.5787037,91.54526,1.0,0.0,0.0,0.0,0.0,0,11.433442,10.841354,0.0,3.8612962,0.0,4.1697483,2.4035113,0.46315274,0.0,7.982704
3,287,288.0,10.0,1.0,1.0,266.0,1.0,1.0,1.0,0.8458057,1.0,-0.0,0.0,-1.11355175e-05,-0.15418316,0.11066608,2.921167,1.8247917,11.463588,0.6268274,7.787401,0.0,12.849792,-2.46895,0.5648148,90.81324,1.0,0.0,0.0,0.0,0.0,0,13.188508,10.25682,0.0,4.0432725,0.0,5.43683,2.9531662,0.51088786,0.0,6.556404
0,288,289.0,10.0,1.0,1.0,265.0,1.0,1.0,1.0,0.82400185,1.0,-0.07224772,0.0,-1.1496844e-05,-0.10373888,0.3849469,3.216743,1.5517852,9.893055,0.60970885,6.3312774,0.0,12.321217,0.9591742,0.5462963,91.5526,1.0,0.0,0.0,0.0,0.0,0,15.030238,12.641495,0.0,4.1793823,0.0,4.2557526,2.791519,0.0,0.0,6.9495993
1,288,289.0,10.0,1.0,1.0,267.0,1.0,1.0,1.0,0.8982115,1.0,-0.0,0.0,-9.492716e-06,-0.10177902,0.19837841,2.8748868,1.6722381,9.970068,0.52859586,6.0649548,0.0,13.406128,-2.7695215,0.5972222,92.63574,1.0,0.0,0.0,0.0,0.0,0,14.5136385,10.241798,0.0,3.973801,0.0,5.749805,3.5090175,0.53379047,0.0,8.568036
2,288,289.0,10.0,1.0,1.0,267.0,1.0,1.0,1.0,0.86629134,1.0,-0.0,0.0,-1.0010396e-05,-0.13369864,0.16300157,2.877719,1.8195642,11.923742,0.498634,6.098175,0.0,13.106314,-1.1207601,0.5787037,91.94626,1.0,0.0,0.0,0.0,0.0,0,11.907916,10.973057,0.0,3.8280718,0.0,4.378189,2.1060922,0.43151745,0.0,8.120452
3,288,289.0,10.0,1.0,1.0,267.0,1.0,1.0,1.0,0.8493338,1.0,-0.0,0.0,-9.542874e-06,-0.15065664,0.1619611,2.7719383,1.8071254,11.219375,0.6305046,7.820022,0.0,13.186406,-2.4057095,0.5648148,91.22431,1.0,0.0,0.0,0.0,0.0,0,13.852516,10.610641,0.0,3.9897528,0.0,5.5535803,3.0212796,0.5473493,0.0,6.6159725
0,289,290.0,10.0,1.0,1.0,266.0,1.0,1.0,1.0,0.89337426,1.0,-0.0,0.0,-1.1243632e-05,-0.10661448,0.25974214,3.006627,1.548002,10.033143,0.6107359,6.363724,0.0,12.233964,-0.031418167,0.5462963,91.85501,1.0,0.0,0.0,0.0,0.0,0,14.710238,11.952106,0.0,4.248845,0.0,4.281152,3.2309027,0.0,0.0,6.982379
1,289,290.0,10.0,1.0,1.0,268.0,1.0,1.0,1.0,0.8983147,1.0,-0.0,0.0,-8.677285e-06,-0.10167658,0.28244072,3.071681,1.6667839,9.769185,0.52732927,6.099715,0.0,13.904534,-2.4458644,0.5972222,92.79942,1.0,0.0,0.0,0.0,0.0,0,13.098184,9.418133,0.0,4.943653,0.0,5.7671394,3.648845,0.41624004,0.0,8.6079035
2,289,290.0,10.0,1.0,1.0,268.0,1.0,1.0,1.0,0.8679117,1.0,-0.0,0.0,-9.133292e-06,-0.1320792,0.27026123,3.0906157,1.8307848,11.78218,0.50103074,6.1425705,0.0,13.625488,-0.4931679,0.5787037,92.10705,1.0,0.0,0.0,0.0,0.0,0,12.471879,10.305464,0.0,4.139001,0.0,4.47652,2.1790245,0.3445343,0.0,8.186342
3,289,290.0,10.0,1.0,1.0,268.0,1.0,1.0,1.0,0.84911025,1.0,-0.0,0.0,-8.76102e-06,-0.15088102,0.28197134,2.963056,1.8215561,11.205042,0.6305993,7.847819,0.0,13.584882,-1.581612,0.5648148,91.36776,1.0,0.0,0.0,0.0,0.0,0,13.454298,10.711576,0.0,4.3812265,0.0,5.6661544,3.0979233,0.39040053,0.0,6.6147294
0,290,291.0,10.0,1.0,1.0,267.0,1.0,1.0,1.0,0.8915691,1.0,-0.0,0.0,-9.121369e-06,-0.108421825,0.34465826,2.8359852,1.5454704,10.129538,0.6121924,6.375771,0.0,12.061548,0.9371126,0.5462963,92.23514,1.0,0.0,0.0,0.0,0.0,0,15.984997,12.102445,0.0,4.3751864,0.0,4.516082,3.2600367,0.0,0.0,7.049216
1,290,291.0,10.0,1.0,1.0,269.0,1.0,1.0,1.0,0.8993482,1.0,-0.0,0.0,-1.1682264e-05,-0.10064012,0.35083926,2.8026617,1.6549226,9.727466,0.5288968,6.126487,0.0,13.637951,-1.6835122,0.5972222,93.16445,1.0,0.0,0.0,0.0,0.0,0,14.654768,10.510214,0.0,3.8505063,0.0,5.80508,3.7737803,0.439695,0.0,8.714301
2,290,291.0,10.0,1.0,1.0,269.0,1.0,1.0,1.0,0.8679191,1.0,-0.0,0.0,-1.1558596e-05,-0.13206935,0.33354163,2.8177204,1.8193315,11.72929,0.5034888,6.19487,0.0,13.513674,0.043091364,0.5787037,92.47957,1.0,0.0,0.0,0.0,0.0,0,14.371908,10.841539,0.0,3.5001245,0.0,4.554506,2.4375188,0.532117,0.0,8.165462
3,290,291.0,10.0,1.0,1.0,269.0,1.0,1.0,1.0,0.850609,1.0,-0.0,0.0,-1.1265683e-05,-0.14937973,0.34880227,2.7002616,1.8046327,11.090348,0.63019866,7.8724337,0.0,13.071705,-0.68098724,0.5648148,91.72547,1.0,0.0,0.0,0.0,0.0,0,13.808997,10.527712,0.0,3.9647725,0.0,5.6855645,3.2112436,0.46940875,0.0,6.646491
0,291,292.0,10.0,1.0,1.0,268.0,1.0,1.0,1.0,0.8949327,1.0,-0.0,0.0,-9.145639e-06,-0.10505819,0.43588096,3.0496817,1.5592959,9.882436,0.62039,6.421055,0.0,12.666974,1.3565431,0.5462963,92.396484,1.0,0.0,0.0,0.0,0.0,0,15.281606,12.147178,0.0,4.648854,0.0,4.643674,2.9631665,0.0,0.0,7.164062
1,291,292.0,10.0,1.0,1.0,270.0,1.0,1.0,1.0,0.89641243,1.0,-0.0,0.0,-9.030441e-06,-0.10357851,0.40155387,2.8331249,1.6733838,9.746137,0.5301337,6.164331,0.0,14.356278,-1.8650721,0.5972222,93.270004,1.0,0.0,0.0,0.0,0.0,0,13.5901785,9.427161,0.0,5.065017,0.0,5.7894125,3.882691,0.31513312,0.0,8.775883
2,291,292.0,10.0,1.0,1.0,270.0,1.0,1.0,1.0,0.8695418,1.0,-0.0,0.0,-9.750241e-06,-0.1304484,0.3743332,2.827989,1.827009,11.585564,0.5086707,6.241339,0.0,14.375409,-0.35834873,0.5787037,92.598236,1.0,0.0,0.0,0.0,0.0,0,13.48137,10.163959,0.0,4.850953,0.0,4.5967045,2.8106396,0.39937958,0.0,8.306845
3,291,292.0,10.0,1.0,1.0,270.0,1.0,1.0,1.0,0.84939486,1.0,-0.0,0.0,-1.0044856e-05,-0.15059508,0.3750134,2.718615,1.8194636,10.986525,0.6311207,7.889727,0.0,14.09253,-1.3385434,0.5694444,91.82843,1.0,0.0,0.0,0.0,0.0,0,11.75426,9.901349,0.0,4.575224,0.0,5.671092,3.3725593,0.3205892,0.0,6.6573143
0,292,293.0,10.0,1.0,1.0,269.0,1.0,1.0,1.0,0.8952638,1.0,-0.0,0.0,-1.1362228e-05,-0.10472481,0.4920803,2.764946,1.5390891,9.827647,0.6199925,6.4558406,0.0,12.494665,1.8470856,0.5462963,92.77602,1.0,0.0,0.0,0.0,0.0,0,15.943758,12.331841,0.0,4.2567673,0.0,4.698942,3.6277456,0.0,0.0,7.144053
1,292,293.0,10.0,1.0,1.0,271.0,1.0,1.0,1.0,0.89813405,1.0,-0.0,0.0,-1.1978423e-05,-0.10185395,0.525007,2.6857784,1.6573039,9.602607,0.53306997,6.1814566,0.0,14.41984,-0.7182653,0.5972222,93.52715,1.0,0.0,0.0,0.0,0.0,0,14.6603365,10.684899,0.0,3.9236917,0.0,5.878654,4.0533156,0.25038227,0.0,8.789203
2,292,293.0,10.0,1.0,1.0,271.0,1.0,1.0,1.0,0.87125206,1.0,-0.0,0.0,-1.1318469e-05,-0.1287366,0.49032122,2.6915731,1.8142797,11.429137,0.5118269,6.2950583,0.0,14.530685,0.573406,0.5787037,92.84364,1.0,0.0,0.0,0.0,0.0,0,14.347575,11.1734295,0.0,3.9024506,0.0,4.620593,3.0194273,0.1406354,0.0,8.28365
3,292,293.0,10.0,1.0,1.0,271.0,1.0,1.0,1.0,0.85114294,1.0,-0.0,0.0,-1.0652432e-05,-0.14884639,0.47252327,2.5964649,1.8030543,10.736899,0.63342667,7.9078755,0.0,14.396344,-0.68007827,0.5694444,92.06018,1.0,0.0,0.0,0.0,0.0,0,12.427354,10.603787,0.0,4.0437355,0.0,5.752098,3.4706156,0.27752843,0.0,6.6708946
0,293,294.0,10.0,1.0,1.0,270.0,1.0,1.0,1.0,0.8974808,1.0,-0.0,0.0,-9.364473e-06,-0.10250985,0.48743224,2.8033931,1.5696129,9.722952,0.6149448,6.4276376,0.0,13.650155,0.9358395,0.5462963,92.85855,1.0,0.0,0.0,0.0,0.0,0,15.488373,11.74689,0.0,3.8285518,0.0,4.5764685,3.626753,0.0,0.0,6.97273
1,293,294.0,10.0,1.0,1.0,272.0,1.0,1.0,1.0,0.8950215,1.0,-0.0,0.0,-9.723361e-06,-0.10496879,0.49742833,2.7531526,1.6796424,9.728995,0.5349667,6.200808,0.0,14.60425,-1.1001495,0.5972222,93.67506,1.0,0.0,0.0,0.0,0.0,0,14.318109,10.329248,0.0,4.496211,0.0,5.8996925,4.1294885,0.1720083,0.0,8.797894
2,293,294.0,10.0,1.0,1.0,272.0,1.0,1.0,1.0,0.8704697,1.0,-0.0,0.0,-9.774161e-06,-0.12952054,0.4439108,2.7544522,1.8356906,11.475551,0.508515,6.2956805,0.0,14.940763,-0.2691378,0.5787037,92.97838,1.0,0.0,0.0,0.0,0.0,0,15.143887,10.748106,0.0,4.502082,0.0,4.488545,3.0849166,0.34825125,0.0,8.843126
3,293,294.0,10.0,1.0,1.0,272.0,1.0,1.0,1.0,0.84897876,1.0,-0.0,0.0,-9.814342e-06,-0.15101138,0.4470747,2.6392534,1.8181973,10.739819,0.6355559,7.9242024,0.0,14.749564,-1.2207818,0.5694444,92.20712,1.0,0.0,0.0,0.0,0.0,0,12.54858,10.059039,0.0,4.828996,0.0,5.772719,3.572674,0.19068213,0.0,6.672188
0,294,295.0,10.0,1.0,1.0,271.0,1.0,1.0,1.0,0.9064325,1.0,-0.0,0.0,-1.1212107e-05,-0.09355628,0.5905546,2.6747816,1.5297812,9.14118,0.6183579,6.4721956,0.0,13.909749,1.302329,0.5462963,93.09746,1.0,0.0,0.0,0.0,0.0,0,16.6683,13.1779175,0.0,4.6774583,0.0,4.88419,4.0362573,0.0,0.0,7.225045
1,294,295.0,10.0,1.0,1.0,273.0,1.0,1.0,1.0,0.8971869,1.0,-0.0,0.0,-1.1984387e-05,-0.10280115,0.63646805,2.7009764,1.6597459,9.503768,0.5400887,6.219974,0.0,14.690886,0.18324284,0.5972222,93.87966,1.0,0.0,0.0,0.0,0.0,0,14.852499,10.821164,0.0,4.277695,0.0,5.9234214,4.295321,0.12594715,0.0,8.864707
2,294,295.0,10.0,1.0,1.0,273.0,1.0,1.0,1.0,0.87691814,1.0,-0.0,0.0,-1.1589517e-05,-0.123070315,0.57509726,2.688279,1.80152,11.095507,0.50761133,6.288711,0.0,15.21163,0.64118534,0.5787037,93.182434,1.0,0.0,0.0,0.0,0.0,0,15.058063,11.162033,0.0,4.396064,0.0,4.500396,3.2999632,0.15744002,0.0,8.370562
3,294,295.0,10.0,1.0,1.0,273.0,1.0,1.0,1.0,0.8497283,1.0,-0.0,0.0,-1.1505484e-05,-0.15026021,0.5774945,2.6066732,1.8067979,10.520013,0.6407483,7.9646287,0.0,15.08078,-0.20531239,0.5740741,92.39254,1.0,0.0,0.0,0.0,0.0,0,13.196777,10.6025915,0.0,4.082729,0.0,5.9146996,3.6911354,0.13290256,0.0,6.747863
0,295,296.0,10.0,1.0,1.0,272.0,1.0,1.0,1.0,0.9035213,1.0,-0.0,0.0,-8.290464e-06,-0.09647042,0.4943397,2.783104,1.5716074,9.126682,0.6218311,6.501169,0.0,15.171476,-0.30442235,0.5462963,93.164986,1.0,0.0,0.0,0.0,0.0,0,15.167699,10.570426,0.0,3.6767988,0.0,4.9715385,3.6567328,0.0,0.0,7.002635
1,295,296.0,10.0,1.0,1.0,274.0,1.0,1.0,1.0,0.8937465,1.0,-0.0,0.0,-1.0091975e-05,-0.10624345,0.5614292,2.792482,1.6829647,9.6470585,0.545627,6.252371,0.0,14.9391985,-0.55427897,0.5972222,94.12609,1.0,0.0,0.0,0.0,0.0,0,14.2175665,10.338057,0.0,4.5083175,0.0,5.970283,4.324267,0.09378819,0.0,8.894474
2,295,296.0,10.0,1.0,1.0,274.0,1.0,1.0,1.0,0.8757167,1.0,-0.0,0.0,-1.0223469e-05,-0.12427303,0.4949212,2.7318685,1.8208299,11.042463,0.50988525,6.3001566,0.0,15.579138,-0.3529233,0.587963,93.46505,1.0,0.0,0.0,0.0,0.0,0,14.177408,10.201304,0.0,4.4743824,0.0,4.5191255,3.3643506,0.13759054,0.0,8.351988
3,295,296.0,10.0,1.0,1.0,274.0,1.0,1.0,1.0,0.8468324,1.0,-0.0,0.0,-1.0089466e-05,-0.15315756,0.5152721,2.6826801,1.8246921,10.46728,0.648528,8.004262,0.0,15.2099495,-0.7091691,0.5740741,92.65988,1.0,0.0,0.0,0.0,0.0,0,13.617938,10.58965,0.0,4.5207286,0.0,6.1450753,3.6852233,0.11914326,0.0,6.7894588
0,296,297.0,10.0,1.0,1.0,273.0,1.0,1.0,1.0,0.90568066,1.0,-0.0,0.0,-1.1214577e-05,-0.09430814,0.61265343,2.743968,1.5511829,8.4779215,0.6265335,6.5246162,0.0,15.671431,0.048663,0.5462963,93.3607,1.0,0.0,0.0,0.0,0.0,0,15.486743,11.193625,0.0,4.265779,0.0,5.1135874,3.935789,0.0,0.0,7.056229
1,296,297.0,10.0,1.0,1.0,275.0,1.0,1.0,1.0,0.8943525,1.0,-0.0,0.0,-1.2343227e-05,-0.105635166,0.61013925,2.7166421,1.6739008,9.487016,0.55378395,6.2838526,0.0,15.197955,-0.2050926,0.5972222,94.42514,1.0,0.0,0.0,0.0,0.0,0,14.836923,11.06581,0.0,3.99018,0.0,6.025532,4.4721885,0.014689256,0.0,8.933952
2,296,297.0,10.0,1.0,1.0,275.0,1.0,1.0,1.0,0.87867,1.0,-0.0,0.0,-1.3643504e-05,-0.12131635,0.58393514,2.6496396,1.7906392,10.698211,0.51333076,6.3491864,0.0,15.587898,0.41528744,0.587963,93.75965,1.0,0.0,0.0,0.0,0.0,0,14.97315,10.820613,0.0,4.3951936,0.0,4.740015,3.4777143,0.07614276,0.0,8.378698
3,296,297.0,10.0,1.0,1.0,275.0,1.0,1.0,1.0,0.84749115,1.0,-0.0,0.0,-1.2520206e-05,-0.15249635,0.5727079,2.6274345,1.8139491,10.223339,0.65642285,8.045162,0.0,15.562127,-0.33061254,0.5740741,92.93623,1.0,0.0,0.0,0.0,0.0,0,13.549003,10.4667,0.0,3.894149,0.0,6.040528,3.7818613,0.029162213,0.0,6.8613935
0,297,298.0,10.0,1.0,1.0,274.0,1.0,1.0,1.0,0.9015214,1.0,-0.0,0.0,-9.339319e-06,-0.09846926,0.52456,2.850928,1.5792704,8.502281,0.63036174,6.5636272,0.0,16.31837,-0.9293747,0.5601852,93.59689,1.0,0.0,0.0,0.0,0.0,0,14.440023,10.480627,0.0,3.804663,0.0,5.271372,3.9452913,0.0,0.0,7.069367
1,297,298.0,10.0,1.0,1.0,276.0,1.0,1.0,1.0,0.89461917,1.0,-0.0,0.0,-1.0629893e-05,-0.10537024,0.60049295,2.5952513,1.6674393,9.379699,0.5609304,6.316418,0.0,15.296985,-0.2221954,0.5972222,94.84402,1.0,0.0,0.0,0.0,0.0,0,14.997949,11.007497,0.0,4.2780895,0.0,6.105406,4.4582505,0.0,0.0,8.948404
2,297,298.0,10.0,1.0,1.0,276.0,1.0,1.0,1.0,0.8791903,1.0,-0.0,0.0,-1.1669397e-05,-0.12079796,0.569934,2.5252726,1.7826035,10.601356,0.5168678,6.3783503,0.0,15.586728,0.38289604,0.5925926,94.180855,1.0,0.0,0.0,0.0,0.0,0,15.055799,10.898267,0.0,4.4777274,0.0,4.9661436,3.4395955,0.0041825185,0.0,8.368403
3,297,298.0,10.0,1.0,1.0,276.0,1.0,1.0,1.0,0.84753036,1.0,-0.0,0.0,-1.05432955e-05,-0.15245908,0.56298375,2.4994762,1.8083026,10.128918,0.6625373,8.085275,0.0,15.621592,-0.32372448,0.5740741,93.36505,1.0,0.0,0.0,0.0,0.0,0,13.713568,10.521193,0.0,4.116093,0.0,6.1081076,3.774916,0.019713875,0.0,6.9176197
0,298,299.0,10.0,1.0,1.0,275.0,1.0,1.0,1.0,0.9004723,1.0,-0.0,0.0,-1.311849e-05,-0.09951463,0.5863469,2.8759484,1.5818934,8.270339,0.6289841,6.6066766,0.0,16.54233,-0.8501192,0.5648148,93.80946,1.0,0.0,0.0,0.0,0.0,0,14.316364,11.255721,0.0,4.071244,0.0,5.150275,4.1990666,0.0,0.0,7.054775
1,298,299.0,10.0,1.0,1.0,277.0,1.0,1.0,1.0,0.89042085,1.0,-0.0,0.0,-1.1513216e-05,-0.10956764,0.61511284,2.8404646,1.6933832,9.393304,0.56976473,6.3736835,0.0,15.866515,-0.25109994,0.5972222,95.143906,1.0,0.0,0.0,0.0,0.0,0,13.668312,10.033323,0.0,4.029637,0.0,6.085871,4.5341797,0.0,0.0,9.030122
2,298,299.0,10.0,1.0,1.0,277.0,1.0,1.0,1.0,0.8743424,1.0,-0.0,0.0,-1.2169878e-05,-0.12564546,0.5937338,2.7735074,1.8127028,10.619232,0.5242272,6.4434557,0.0,16.309034,0.34427223,0.5925926,94.46742,1.0,0.0,0.0,0.0,0.0,0,14.927069,10.869176,0.0,3.562237,0.0,5.0272493,3.5135467,0.0,0.0,8.414563
3,298,299.0,10.0,1.0,1.0,277.0,1.0,1.0,1.0,0.842579,1.0,-0.0,0.0,-1.1911147e-05,-0.15740909,0.5697541,2.7345347,1.8420795,10.271521,0.6668544,8.128948,0.0,16.299278,-0.5521369,0.5740741,93.655815,1.0,0.0,0.0,0.0,0.0,0,13.449208,10.023278,0.0,4.1323595,0.0,6.1364584,3.8887975,0.018595127,0.0,7.0036926
0,299,300.0,10.0,1.0,1.0,276.0,1.0,1.0,1.0,0.90052056,1.0,-0.0,0.0,-1.1262639e-05,-0.09946814,0.5369954,2.740226,1.5837053,8.112936,0.6253782,6.590298,0.0,16.945793,-1.6550016,0.5740741,94.2418,1.0,0.0,0.0,0.0,0.0,0,14.211669,10.023671,0.0,3.9671803,0.0,5.0915685,4.358312,0.0,0.0,7.0089545
1,299,300.0,10.0,1.0,1.0,278.0,1.0,1.0,1.0,0.8934598,1.0,-0.0,0.0,-1.4894495e-05,-0.1065253,0.5562123,2.8167586,1.6651382,9.111646,0.57967234,6.4029803,0.0,15.704546,-0.5512466,0.5972222,95.502,1.0,0.0,0.0,0.0,0.0,0,14.557902,10.637267,0.0,4.220689,0.0,6.285774,4.562998,0.0,0.0,9.004204
2,299,300.0,10.0,1.0,1.0,278.0,1.0,1.0,1.0,0.87669563,1.0,-0.0,0.0,-1.4725222e-05,-0.123289645,0.5463697,2.7449098,1.7878814,10.394396,0.532922,6.488268,0.0,16.070236,0.17065881,0.5925926,94.83313,1.0,0.0,0.0,0.0,0.0,0,15.228431,10.752805,0.0,4.478904,0.0,5.250528,3.5371194,0.0,0.0,8.460502
3,299,300.0,10.0,1.0,1.0,278.0,1.0,1.0,1.0,0.844741,1.0,-0.0,0.0,-1.4738925e-05,-0.15524432,0.524757,2.711643,1.8198385,10.055848,0.6771818,8.165869,0.0,15.992503,-0.6167372,0.5787037,94.026855,1.0,0.0,0.0,0.0,0.0,0,14.401638,10.665978,0.0,4.116458,0.0,6.346194,3.8810577,0.071807444,0.0,7.076324
0,300,301.0,10.0,1.0,1.0,277.0,1.0,1.0,1.0,0.89431524,1.0,-0.0,0.0,-1.21313105e-05,-0.10567257,0.5535111,2.999994,1.6330554,8.319165,0.627667,6.5924373,0.0,17.8168,-1.9572643,0.5787037,94.51643,1.0,0.0,0.0,0.0,0.0,0,13.588438,11.0146,0.0,3.622429,0.0,5.1929436,4.412146,0.0,0.0,7.028272
1,300,301.0,10.0,1.0,1.0,279.0,1.0,1.0,1.0,0.8921006,1.0,-0.0,0.0,-1.07933165e-05,-0.10788865,0.45033768,2.7505224,1.670389,9.085898,0.5881717,6.4454,0.0,16.122759,-1.6288985,0.6157407,95.97309,1.0,0.0,0.0,0.0,0.0,0,14.984146,11.238017,0.0,3.588402,0.0,6.3696218,4.579609,0.0,0.0,9.00701
2,300,301.0,10.0,1.0,1.0,279.0,1.0,1.0,1.0,0.8759213,1.0,-0.0,0.0,-1.0895319e-05,-0.12406777,0.4506126,2.6659083,1.7870862,10.333975,0.5403345,6.540919,0.0,16.399076,-0.76967895,0.6111111,95.30944,1.0,0.0,0.0,0.0,0.0,0,15.278338,10.817816,0.0,4.4150586,0.0,5.37918,3.6093483,0.0,0.0,8.499201
3,300,301.0,10.0,1.0,1.0,279.0,1.0,1.0,1.0,0.84428644,1.0,-0.0,0.0,-1.0820309e-05,-0.15570271,0.44281855,2.6337628,1.81718,9.993386,0.68789196,8.213311,0.0,16.147888,-1.2730253,0.5972222,94.51159,1.0,0.0,0.0,0.0,0.0,0,14.492446,10.650069,0.0,4.198212,0.0,6.5996394,3.7849638,0.0,0.0,7.1212306
0,301,302.0,10.0,1.0,1.0,278.0,1.0,1.0,1.0,0.8892667,1.0,-0.006161568,0.0,-1.4868848e-05,-0.10455684,0.49453527,3.0184846,1.6233855,7.9659066,0.6351881,6.5980177,0.0,17.89405,-2.5594797,0.587963,94.86438,1.0,0.0,0.0,0.0,0.0,0,12.568094,9.39177,0.0,3.860765,0.0,6.1121917,4.375431,0.0,0.0,7.0212708
1,301,302.0,10.0,1.0,1.0,280.0,1.0,1.0,1.0,0.87202835,1.0,-0.014974612,0.0,-1.2431261e-05,-0.112984605,0.6835442,3.0449238,1.7092149,9.325072,0.59666777,6.4599633,0.0,16.93386,0.46215904,0.6157407,96.33194,1.0,0.0,0.0,0.0,0.0,0,12.871742,10.073537,0.0,3.8887992,0.0,6.5503306,4.5837083,0.0,0.0,9.013046
2,301,302.0,10.0,1.0,1.0,280.0,1.0,1.0,1.0,0.87149906,1.0,-0.0,0.0,-1.24469125e-05,-0.12848848,0.67470556,2.9545133,1.809616,10.249906,0.55211663,6.637188,0.0,17.137566,1.238125,0.6111111,95.677376,1.0,0.0,0.0,0.0,0.0,0,12.66898,9.740154,0.0,3.8567502,0.0,5.474903,3.5705197,0.0,0.0,8.590666
3,301,302.0,10.0,1.0,1.0,280.0,1.0,1.0,1.0,0.8384664,1.0,-0.0,0.0,-1.2067259e-05,-0.16152155,0.6728493,2.9141612,1.8551424,10.0735235,0.6994204,8.277724,0.0,16.84108,0.880796,0.5972222,94.88471,1.0,0.0,0.0,0.0,0.0,0,13.448904,10.033883,0.0,4.115117,0.0,6.7148237,3.773606,0.0,0.0,7.1953945
0,302,303.0,10.0,1.0,1.0,279.0,1.0,1.0,1.0,0.89504504,1.0,-0.0,0.0,-1.1516715e-05,-0.10494344,0.43974108,2.9359899,1.6207838,7.897468,0.64433855,6.6407266,0.0,18.129465,-2.9398878,0.5925926,95.36568,1.0,0.0,0.0,0.0,0.0,0,13.632638,10.185923,0.0,4.3394365,0.0,5.994514,4.1461825,0.0,0.0,7.100441
1,302,303.0,10.0,1.0,1.0,281.0,1.0,1.0,1.0,0.8909044,1.0,-0.0,0.0,-1.6594438e-05,-0.109079026,0.5107153,2.9954526,1.6747115,8.982087,0.6079469,6.4844046,0.0,16.482855,-0.91912735,0.625,96.752655,1.0,0.0,0.0,0.0,0.0,0,13.851443,10.215593,0.0,4.10677,0.0,6.767346,4.5290627,0.0,0.0,9.06881
2,302,303.0,10.0,1.0,1.0,281.0,1.0,1.0,1.0,0.8724488,1.0,-0.0,0.0,-1.7673308e-05,-0.12753347,0.568581,2.9411614,1.7826322,10.047974,0.5558583,6.782265,0.0,16.456547,-0.36804238,0.6203704,96.0697,1.0,0.0,0.0,0.0,0.0,0,15.009792,10.395815,0.0,4.3949676,0.0,6.483562,3.509235,0.16273992,0.0,9.046521
3,302,303.0,10.0,1.0,1.0,281.0,1.0,1.0,1.0,0.8399825,1.0,-0.0,0.0,-1.6889328e-05,-0.16000059,0.5414944,2.9100866,1.8289194,9.85663,0.71411973,8.38314,0.0,16.420462,-0.3541368,0.6064815,95.267715,1.0,0.0,0.0,0.0,0.0,0,13.227713,10.242862,0.0,3.9300573,0.0,7.334915,3.3430371,0.0002118514,0.0,6.794147
0,303,304.0,10.0,1.0,1.0,280.0,1.0,1.0,1.0,0.79560846,1.0,-0.089211576,0.0,-1.2867806e-05,-0.115167096,0.63928217,3.2676346,1.6980093,8.251658,0.65431803,6.6749554,0.0,18.998283,-1.4124033,0.5925926,95.75681,1.0,0.0,0.0,0.0,0.0,0,12.329057,10.401519,0.0,4.048287,0.0,6.1005354,4.282624,0.0,0.0,7.1457763
1,303,304.0,10.0,1.0,1.0,282.0,1.0,1.0,1.0,0.8515235,1.0,-0.031808704,0.0,-1.10609935e-05,-0.11665666,0.5730413,3.095426,1.7190613,9.277731,0.6202283,6.606439,0.0,17.557762,-1.6370938,0.625,97.12674,1.0,0.0,0.0,0.0,0.0,0,13.2224455,9.76841,0.0,3.7359564,0.0,6.817773,4.473477,0.0,0.0,9.120825
2,303,304.0,10.0,1.0,1.0,282.0,1.0,1.0,1.0,0.8474136,1.0,-0.018624838,0.0,-1.2179707e-05,-0.13394938,0.5774334,3.0558743,1.8154432,10.149788,0.5632825,6.9211392,0.0,17.667862,-1.08157,0.6203704,96.42466,1.0,0.0,0.0,0.0,0.0,0,13.431976,9.808705,0.0,3.9160793,0.0,5.903279,3.5510821,0.0,0.0,8.344633
3,303,304.0,10.0,1.0,1.0,282.0,1.0,1.0,1.0,0.8216775,1.0,-0.011384301,0.0,-1.2146004e-05,-0.16692603,0.55702925,3.0341527,1.8687199,10.094351,0.7263575,8.500161,0.0,17.584223,-1.2421142,0.6064815,95.632225,1.0,0.0,0.0,0.0,0.0,0,13.011102,10.113878,0.0,3.4902272,0.0,7.21324,3.7500727,0.0,0.0,6.9418106
0,304,305.0,10.0,1.0,1.0,281.0,1.0,1.0,1.0,0.81700087,1.0,-0.07324002,0.0,-1.630467e-05,-0.10974279,0.47832692,3.21972,1.654005,7.927958,0.66088706,6.6795287,0.0,18.799883,-2.4815197,0.6064815,96.16534,1.0,0.0,0.0,0.0,0.0,0,12.914613,9.606441,0.0,4.473668,0.0,6.3348665,4.244834,0.0,0.0,7.1197753
1,304,305.0,10.0,1.0,1.0,283.0,1.0,1.0,1.0,0.80028784,1.0,-0.0790054,0.0,-1.62699e-05,-0.120690495,0.4964389,3.2370162,1.7050971,9.167456,0.6267264,6.9532013,0.0,17.432323,-3.2116659,0.625,97.5203,1.0,0.0,0.0,0.0,0.0,0,14.100304,9.836375,0.0,4.4636703,0.0,6.781773,4.012112,0.37170053,0.0,9.217862
2,304,305.0,10.0,1.0,1.0,283.0,1.0,1.0,1.0,0.80998015,1.0,-0.052143324,0.0,-1.4768763e-05,-0.13786173,0.52653325,3.15643,1.8121747,10.0386095,0.55466735,7.180393,0.0,17.678234,-2.9617627,0.625,96.8092,1.0,0.0,0.0,0.0,0.0,0,14.129692,9.849661,0.0,4.543871,0.0,6.055917,3.3254628,0.78212076,0.0,8.540612
3,304,305.0,10.0,1.0,1.0,283.0,1.0,1.0,1.0,0.76576394,1.0,-0.064751945,0.0,-1.364755e-05,-0.16947049,0.5036652,3.1942558,1.8604361,10.023532,0.74354875,8.714958,0.0,17.599375,-2.4360867,0.6157407,96.02741,1.0,0.0,0.0,0.0,0.0,0,14.591918,10.328827,0.0,4.5541506,0.0,6.840403,3.6326723,0.3450306,0.0,6.6037226
0,305,306.0,10.0,1.0,1.0,282.0,1.0,1.0,1.0,0.77631366,1.0,-0.10649742,0.0,-1.1487624e-05,-0.11717743,0.5087912,3.319492,1.7093801,8.1669235,0.66994375,6.7102933,0.0,19.561197,-2.4789498,0.6111111,96.57096,1.0,0.0,0.0,0.0,0.0,0,11.585813,9.124481,0.0,3.9659066,0.0,6.355211,4.055392,0.0,0.0,7.173375
1,305,306.0,10.0,1.0,1.0,284.0,1.0,1.0,1.0,0.8001569,1.0,-0.0759267,0.0,-1.4026056e-05,-0.12390237,0.48389956,3.22778,1.7252969,9.275111,0.639654,6.9944158,0.0,18.036064,-5.138777,0.6296296,97.85559,1.0,0.0,0.0,0.0,0.0,0,13.0250635,9.441249,0.0,4.088539,0.0,6.7547946,4.9879293,0.0,0.0,9.225685
2,305,306.0,10.0,1.0,1.0,284.0,1.0,1.0,1.0,0.8098676,1.0,-0.04703111,0.0,-1.33745425e-05,-0.14308792,0.4942067,3.1410933,1.8328247,10.047115,0.55900306,7.339089,0.0,18.62074,-4.949679,0.6296296,97.12989,1.0,0.0,0.0,0.0,0.0,0,12.709932,9.288331,0.0,4.017754,0.0,6.1484184,3.439536,0.7104889,0.0,8.070875
3,305,306.0,10.0,1.0,1.0,284.0,1.0,1.0,1.0,0.775749,1.0,-0.048431695,0.0,-1.3435247e-05,-0.17580587,0.47610253,3.145295,1.8958532,10.24149,0.74678206,8.829453,0.0,18.443192,-4.828641,0.6203704,96.35962,1.0,0.0,0.0,0.0,0.0,0,12.468023,10.460987,0.0,3.539925,0.0,6.892092,4.2960067,0.6115908,0.0,6.277256
0,306,307.0,10.0,1.0,1.0,283.0,1.0,1.0,1.0,0.7321749,1.0,-0.1522302,0.0,-1.4809301e-05,-0.11558011,0.4803475,3.4566905,1.6606166,7.977894,0.6754278,6.980181,0.0,19.098997,-2.7810717,0.6157407,96.9632,1.0,0.0,0.0,0.0,0.0,0,12.961743,9.120767,0.0,4.6018248,0.0,6.567385,4.0977945,0.0,0.0,7.2294436
1,306,307.0,10.0,1.0,1.0,285.0,1.0,1.0,1.0,0.81072754,1.0,-0.065921806,0.0,-1.6706157e-05,-0.12333398,0.52076054,3.1977654,1.7089995,9.153685,0.6455124,7.082542,0.0,17.89873,-6.0243335,0.6296296,98.20462,1.0,0.0,0.0,0.0,0.0,0,14.193651,9.532225,0.0,4.9550533,0.0,6.8914547,4.1252646,0.060140323,0.0,9.185618
2,306,307.0,10.0,1.0,1.0,285.0,1.0,1.0,1.0,0.8107387,1.0,-0.041857176,0.0,-1.745264e-05,-0.14738666,0.4878018,3.1255715,1.8475201,10.145463,0.5648529,7.486798,0.0,19.017376,-6.7643476,0.6296296,97.4758,1.0,0.0,0.0,0.0,0.0,0,14.811816,9.9427185,0.0,4.891467,0.0,6.555448,3.360021,0.6311477,0.0,8.545455
3,306,307.0,10.0,1.0,1.0,285.0,1.0,1.0,1.0,0.77842426,1.0,-0.04270406,0.0,-1.76456e-05,-0.17885405,0.48673376,3.128112,1.9066635,10.300474,0.75242794,8.931265,0.0,18.632868,-6.2967296,0.6203704,96.715775,1.0,0.0,0.0,0.0,0.0,0,14.798352,10.676714,0.0,4.2003984,0.0,7.4101877,3.7230043,0.3938885,0.0,6.5785637
0,307,308.0,10.0,1.0,1.0,284.0,1.0,1.0,1.0,0.73380685,1.0,-0.14838769,0.0,-1.4054052e-05,-0.11779141,0.4698422,3.445163,1.679999,7.8644705,0.6808121,6.967491,0.0,19.214743,-4.972441,0.6157407,97.30834,1.0,0.0,0.0,0.0,0.0,0,11.490363,9.26697,0.0,4.0892987,0.0,6.6815295,4.1721287,0.0,0.0,7.1357822
1,307,308.0,10.0,1.0,1.0,286.0,1.0,1.0,1.0,0.8256277,1.0,-0.06281566,0.0,-1.7456023e-05,-0.1115392,0.53137654,3.188447,1.6483419,8.836726,0.642544,6.8297877,0.0,17.347803,-7.0344057,0.6296296,98.492226,1.0,0.0,0.0,0.0,0.0,0,15.294512,10.085441,0.0,5.1081076,0.0,6.076336,3.8719754,0.5187029,0.0,8.90676
2,307,308.0,10.0,1.0,1.0,286.0,1.0,1.0,1.0,0.8466079,1.0,-0.017013092,0.0,-1.5949647e-05,-0.13636301,0.5041622,3.0510392,1.7883615,9.946065,0.46383637,7.2690687,0.0,18.863342,-7.4170556,0.6296296,97.61916,1.0,0.0,0.0,0.0,0.0,0,14.252563,10.390102,0.0,4.541794,0.0,5.845648,3.123738,0.02248076,0.0,5.7688904
3,307,308.0,10.0,1.0,1.0,286.0,1.0,1.0,1.0,0.7997817,1.0,-0.035054363,0.0,-1.8126279e-05,-0.16514578,0.5043995,3.105163,1.8462988,9.993229,0.7104624,8.561506,0.0,18.20115,-7.167223,0.6203704,96.93588,1.0,0.0,0.0,0.0,0.0,0,15.267155,11.3305025,0.0,4.3270063,0.0,6.821226,3.3535852,0.80086493,0.0,4.9023123
0,308,309.0,10.0,1.0,1.0,285.0,1.0,1.0,1.0,0.7493173,1.0,-0.13361444,0.0,-1.5706291e-05,-0.117052525,0.50431454,3.4008431,1.6629741,7.7746162,0.68624586,7.050845,0.0,19.251215,-5.523173,0.6157407,97.671364,1.0,0.0,0.0,0.0,0.0,0,10.899373,8.294872,0.0,4.857853,0.0,6.6813,4.091296,0.0,0.0,7.2221723
1,308,309.0,10.0,1.0,1.0,287.0,1.0,1.0,1.0,0.8749781,1.0,-0.01742101,0.0,-1.6033404e-05,-0.10758485,0.52917075,3.052263,1.6285565,8.670797,0.6526859,6.7409167,0.0,17.013094,-7.250744,0.6296296,98.66674,1.0,0.0,0.0,0.0,0.0,0,15.253176,9.431484,0.0,6.8576574,0.0,5.724735,4.491538,0.80532306,0.0,8.317318
2,308,309.0,10.0,1.0,1.0,287.0,1.0,1.0,1.0,0.8659558,1.0,-0.0,0.0,-1.7535589e-05,-0.13402668,0.55589825,2.8925188,1.7754633,9.784493,0.49030018,7.225625,0.0,18.219028,-6.825052,0.6296296,97.8412,1.0,0.0,0.0,0.0,0.0,0,15.75324,10.0943,0.0,6.5049176,0.0,5.852287,4.0231476,0.8816228,0.0,6.0548916
3,308,309.0,10.0,1.0,1.0,287.0,1.0,1.0,1.0,0.8370571,1.0,-0.0,0.0,-1.6798682e-05,-0.1629261,0.51406175,2.9969919,1.8366957,9.834184,0.72312987,8.500347,0.0,17.98883,-7.0985594,0.6203704,97.12594,1.0,0.0,0.0,0.0,0.0,0,15.396834,10.144169,0.0,6.068827,0.0,6.484993,3.9647324,0.86391854,0.0,4.8824334
0,309,310.0,10.0,1.0,1.0,286.0,1.0,1.0,1.0,0.790757,1.0,-0.11222779,0.0,-1.9116198e-05,-0.09699607,0.5243767,3.3366833,1.5379791,6.908795,0.69248796,6.78492,0.0,17.448893,-6.720619,0.6157407,98.063736,1.0,0.0,0.0,0.0,0.0,0,12.256407,9.672332,0.0,5.3636107,0.0,6.4584603,3.8183236,0.0,0.0,6.9560485
1,309,310.0,10.0,1.0,1.0,288.0,1.0,1.0,1.0,0.898089,1.0,-0.0,0.0,-1.9612502e-05,-0.10189141,0.5668327,2.9881985,1.5801324,8.176893,0.69516253,6.762491,0.0,16.206076,-9.058179,0.6296296,99.08065,1.0,0.0,0.0,0.0,0.0,0,12.20226,9.807478,0.0,3.9806347,0.0,5.1163135,3.3404365,0.0,0.0,8.416027
2,309,310.0,10.0,1.0,1.0,288.0,1.0,1.0,1.0,0.8757256,1.0,-0.0,0.0,-1.8703531e-05,-0.12425567,0.56834555,2.8783932,1.7242644,9.468,0.535908,7.0233564,0.0,17.658419,-8.438423,0.6296296,98.209,1.0,0.0,0.0,0.0,0.0,0,15.362972,10.831791,0.0,5.355106,0.0,5.010918,2.747926,0.0,0.0,6.4572244
3,309,310.0,10.0,1.0,1.0,288.0,1.0,1.0,1.0,0.8550787,1.0,-0.0,0.0,-2.0399655e-05,-0.14490089,0.5840313,2.8999028,1.7901049,9.617039,0.68854654,7.7682667,0.0,17.953598,-7.642491,0.6203704,97.32009,1.0,0.0,0.0,0.0,0.0,0,14.66024,12.503822,0.0,4.405861,0.0,7.5861564,3.2044115,0.0,0.0,3.3393474
0,310,311.0,10.0,1.0,1.0,287.0,1.0,1.0,1.0,0.8500149,1.0,-0.05825988,0.0,-1.7088143e-05,-0.091708094,0.58356524,3.1747797,1.4912232,6.731151,0.6998353,6.818311,0.0,16.532671,-6.4693446,0.6157407,98.24945,1.0,0.0,0.0,0.0,0.0,0,13.40042,7.9529476,0.0,6.627841,0.0,6.9018965,3.6579328,0.0,0.0,6.8828406
1,310,311.0,10.0,1.0,1.0,289.0,1.0,1.0,1.0,0.8960211,1.0,-0.0,0.0,-1.7957991e-05,-0.10396096,0.56871736,2.9065676,1.5871962,8.105305,0.6995099,6.833685,0.0,16.238886,-9.852085,0.6296296,99.16762,1.0,0.0,0.0,0.0,0.0,0,12.934368,8.944696,0.0,4.8346324,0.0,5.6782675,3.3157535,0.0,0.0,8.298658
2,310,311.0,10.0,1.0,1.0,289.0,1.0,1.0,1.0,0.8745641,1.0,-0.0,0.0,-1.5926451e-05,-0.12541997,0.5693227,2.7788372,1.7244939,9.350749,0.53849006,7.091493,0.0,17.825592,-9.04162,0.6296296,98.282974,1.0,0.0,0.0,0.0,0.0,0,15.265651,9.3464985,0.0,5.349376,0.0,5.1202736,2.6129868,0.0,0.0,6.2999697
3,310,311.0,10.0,1.0,1.0,289.0,1.0,1.0,1.0,0.8463002,1.0,-0.0,0.0,-1.707374e-05,-0.15368275,0.5536202,2.8339741,1.8251553,9.881246,0.7190737,8.032299,0.0,18.232264,-8.748473,0.6203704,97.44057,1.0,0.0,0.0,0.0,0.0,0,14.81651,10.012629,0.0,5.902304,0.0,6.037172,3.1840415,0.0,0.0,3.891404
0,311,312.0,10.0,1.0,1.0,288.0,1.0,1.0,1.0,0.887022,1.0,-0.027858466,0.0,-1.6410364e-05,-0.085103065,0.56300646,3.0835752,1.4660163,6.893929,0.70394385,6.611061,0.0,16.167942,-8.956895,0.6157407,98.61162,1.0,0.0,0.0,0.0,0.0,0,13.289736,9.159518,0.0,6.125668,0.0,6.5932918,3.6289885,0.0,0.0,6.7839975
1,311,312.0,10.0,1.0,1.0,290.0,1.0,1.0,1.0,0.9023998,1.0,-0.0,0.0,-1.580531e-05,-0.097584456,0.61410594,2.9329584,1.558491,7.97426,0.7101784,6.666385,0.0,16.332634,-10.413555,0.6296296,99.39004,1.0,0.0,0.0,0.0,0.0,0,12.145799,9.808844,0.0,4.8834057,0.0,5.339534,3.1926885,0.0,0.0,8.208628
2,311,312.0,10.0,1.0,1.0,290.0,1.0,1.0,1.0,0.8781113,1.0,-0.0,0.0,-1.7064922e-05,-0.121871665,0.60175323,2.8157794,1.7014235,9.160787,0.57104164,7.051623,0.0,17.838829,-10.646043,0.6296296,98.56704,1.0,0.0,0.0,0.0,0.0,0,13.806999,9.528972,0.0,4.9257708,0.0,4.557469,2.6379979,0.0,0.0,6.917807
3,311,312.0,10.0,1.0,1.0,290.0,1.0,1.0,1.0,0.8487611,1.0,-0.0,0.0,-1.887546e-05,-0.15122002,0.59379005,2.8491914,1.8060647,9.634868,0.76187414,8.027716,0.0,17.757101,-10.5830345,0.6203704,97.76606,1.0,0.0,0.0,0.0,0.0,0,12.9712515,10.27554,0.0,4.997912,0.0,5.8084917,2.8202057,0.0,0.0,4.131257
0,312,313.0,10.0,1.0,1.0,289.0,1.0,1.0,1.0,0.9099796,1.0,-0.0039787344,0.0,-1.4984787e-05,-0.08602674,0.60478747,3.0119362,1.4696391,6.84422,0.7055374,6.639311,0.0,16.841291,-9.191014,0.6157407,98.68068,1.0,0.0,0.0,0.0,0.0,0,13.276359,8.888089,0.0,5.5908756,0.0,6.6822157,3.5337667,0.0,0.0,6.7315035
1,312,313.0,10.0,1.0,1.0,291.0,1.0,1.0,1.0,0.9012453,1.0,-0.0,0.0,-1.5362682e-05,-0.098739326,0.6068647,2.800433,1.5638695,8.124322,0.70341027,6.6953382,0.0,16.666891,-10.6090975,0.6296296,99.45975,1.0,0.0,0.0,0.0,0.0,0,13.299633,8.662946,0.0,5.4799323,0.0,5.1862965,3.8883066,0.0,0.0,7.7320004
2,312,313.0,10.0,1.0,1.0,291.0,1.0,1.0,1.0,0.8752576,1.0,-0.0,0.0,-1.4797407e-05,-0.12472763,0.6065741,2.707704,1.7159853,9.353682,0.57233626,7.113767,0.0,18.443518,-10.534119,0.6296296,98.622696,1.0,0.0,0.0,0.0,0.0,0,16.11858,9.528745,0.0,5.535168,0.0,4.2324347,2.8604605,0.0,0.0,6.684233
3,312,313.0,10.0,1.0,1.0,291.0,1.0,1.0,1.0,0.84740007,1.0,-0.0,0.0,-1.5244476e-05,-0.15258466,0.59347785,2.742252,1.8043581,9.731572,0.7558549,8.122393,0.0,18.150043,-10.450554,0.6203704,97.823265,1.0,0.0,0.0,0.0,0.0,0,15.559786,10.541959,0.0,4.761352,0.0,5.7820992,2.6815689,0.0,0.0,4.1677675
0,313,314.0,10.0,1.0,1.0,290.0,1.0,1.0,1.0,0.90795594,1.0,-0.011745716,0.0,-1.5828868e-05,-0.080282524,0.63886046,3.035237,1.44954,6.74022,0.70609796,6.4454,0.0,16.943064,-10.363598,0.6157407,98.90525,1.0,0.0,0.0,0.0,0.0,0,12.489432,9.28589,0.0,5.9176188,0.0,6.571732,3.3823237,0.0,0.0,6.5807405
1,313,314.0,10.0,1.0,1.0,292.0,1.0,1.0,1.0,0.89849454,1.0,-0.0,0.0,-1.5380734e-05,-0.10149006,0.68552643,2.7551124,1.5747162,8.215219,0.7096811,6.7790318,0.0,17.242891,-10.479364,0.6296296,99.552086,1.0,0.0,0.0,0.0,0.0,0,12.279344,8.931635,0.0,4.6667304,0.0,5.3998795,2.6159062,0.0,0.0,8.161888
2,313,314.0,10.0,1.0,1.0,292.0,1.0,1.0,1.0,0.8742161,1.0,-0.0,0.0,-1.6382306e-05,-0.12576754,0.68324804,2.62048,1.7243928,9.362975,0.5706634,7.1131063,0.0,18.712856,-10.637989,0.6296296,98.740074,1.0,0.0,0.0,0.0,0.0,0,13.2519045,8.919855,0.0,4.818825,0.0,4.83755,2.2256474,0.0,0.0,7.30021
3,313,314.0,10.0,1.0,1.0,292.0,1.0,1.0,1.0,0.84573394,1.0,-0.0,0.0,-1.6180105e-05,-0.15424989,0.6590836,2.6805327,1.8089199,9.747503,0.75822246,8.188093,0.0,18.6186,-10.633124,0.6203704,97.90577,1.0,0.0,0.0,0.0,0.0,0,13.220873,10.021053,0.0,4.6824956,0.0,5.6422853,2.1497612,0.0,0.0,4.3697524
0,314,315.0,10.0,1.0,1.0,291.0,1.0,1.0,1.0,0.9193958,1.0,-0.0,0.0,-1.5871872e-05,-0.08058834,0.6362155,2.8800159,1.4430904,6.6769495,0.7028752,6.5121217,0.0,17.06128,-10.40691,0.6157407,98.98888,1.0,0.0,0.0,0.0,0.0,0,12.506969,8.722644,0.0,5.113467,0.0,6.615437,3.4833903,0.0,0.0,6.514135
1,314,315.0,10.0,1.0,1.0,293.0,1.0,1.0,1.0,0.8971413,1.0,-0.0,0.0,-1.4819469e-05,-0.10284388,0.6085284,2.6989093,1.5342742,7.777739,0.7784952,7.1635756,0.0,16.244919,-10.2946,0.6296296,99.600845,1.0,0.0,0.0,0.0,0.0,0,11.971237,9.631258,0.0,5.3697915,0.0,6.8028936,3.718978,0.0,0.0,8.261441
2,314,315.0,10.0,1.0,1.0,293.0,1.0,1.0,1.0,0.87045956,1.0,-0.0,0.0,-1.4942274e-05,-0.12952545,0.61407423,2.6944165,1.7035849,9.261501,0.66572833,7.494639,0.0,18.18971,-10.65443,0.6296296,98.83783,1.0,0.0,0.0,0.0,0.0,0,15.146391,10.131316,0.0,5.6465893,0.0,4.8770075,3.0427814,0.0,0.0,6.246078
3,314,315.0,10.0,1.0,1.0,293.0,1.0,1.0,1.0,0.84529537,1.0,-0.0,0.0,-1.5739814e-05,-0.15468888,0.5902804,2.7785978,1.7863134,9.637632,0.8448647,8.383982,0.0,18.36851,-10.974366,0.6203704,98.024216,1.0,0.0,0.0,0.0,0.0,0,12.813157,9.840135,0.0,5.228728,0.0,4.473201,3.037764,0.0,0.0,4.0219884
0,315,316.0,10.0,1.0,1.0,292.0,1.0,1.0,1.0,0.9196403,1.0,-0.0,0.0,-1.7714805e-05,-0.08034197,0.7370483,2.7526085,1.4381104,6.652862,0.7011524,6.53469,0.0,17.237902,-9.941965,0.6157407,99.12719,1.0,0.0,0.0,0.0,0.0,0,12.265425,8.796286,0.0,6.065181,0.0,6.542112,3.36595,0.0,0.0,6.4039936
1,315,316.0,10.0,1.0,1.0,294.0,1.0,1.0,1.0,0.89678997,1.0,-0.0,0.0,-1.7729762e-05,-0.10319233,0.59897417,2.7258375,1.5098115,7.584293,0.8061166,7.367953,0.0,15.951783,-9.992955,0.6296296,99.737656,1.0,0.0,0.0,0.0,0.0,0,11.682906,9.233939,0.0,4.6795554,0.0,6.796545,2.4748397,0.0,0.0,8.259569
2,315,316.0,10.0,1.0,1.0,294.0,1.0,1.0,1.0,0.8747455,1.0,-0.0,0.0,-1.7106076e-05,-0.12523738,0.6042231,2.6927898,1.6615074,9.0204735,0.6928723,7.5529366,0.0,18.119795,-10.435067,0.6296296,98.94762,1.0,0.0,0.0,0.0,0.0,0,14.036804,8.968888,0.0,5.36635,0.0,5.3047867,2.95325,0.0,0.0,6.4460716
3,315,316.0,10.0,1.0,1.0,294.0,1.0,1.0,1.0,0.8520952,1.0,-0.0,0.0,-1.6440523e-05,-0.14788838,0.58433044,2.780472,1.7496158,9.422039,0.8736846,8.2511835,0.0,18.355162,-10.753928,0.6203704,98.12502,1.0,0.0,0.0,0.0,0.0,0,12.258083,10.150091,0.0,5.0652633,0.0,5.531368,3.1688743,0.0,0.0,3.578214
0,316,317.0,10.0,1.0,1.0,293.0,1.0,1.0,1.0,0.9178331,1.0,-0.0,0.0,-1.53677e-05,-0.08215153,0.6255701,2.7019866,1.427168,6.7767205,0.75273705,6.7253313,0.0,16.652788,-10.381095,0.6157407,99.15487,1.0,0.0,0.0,0.0,0.0,0,14.726786,9.565784,0.0,6.74117,0.0,5.1691537,4.345402,0.0,0.0,5.7612677
1,316,317.0,10.0,1.0,1.0,295.0,1.0,1.0,1.0,0.9011217,1.0,-0.0,0.0,-1.3272627e-05,-0.09886505,0.60980916,2.736992,1.479241,7.4830303,0.8155228,7.337595,0.0,16.119228,-9.97562,0.6296296,99.758705,1.0,0.0,0.0,0.0,0.0,0,11.972673,9.741635,0.0,5.3213935,0.0,6.391723,3.460151,0.0,0.0,7.949556
2,316,317.0,10.0,1.0,1.0,295.0,1.0,1.0,1.0,0.88189393,1.0,-0.0,0.0,-1.4585124e-05,-0.11809149,0.6027169,2.6944876,1.621859,8.806709,0.7005061,7.4215465,0.0,17.944899,-10.372805,0.6296296,98.97826,1.0,0.0,0.0,0.0,0.0,0,14.343063,9.709262,0.0,5.6697307,0.0,4.7047997,3.0186124,0.0,0.0,6.370041
3,316,317.0,10.0,1.0,1.0,295.0,1.0,1.0,1.0,0.8578501,1.0,-0.0,0.0,-1.390076e-05,-0.14213607,0.57996774,2.7896833,1.7194328,9.244988,0.8853227,8.132418,0.0,18.197926,-10.698406,0.6203704,98.1485,1.0,0.0,0.0,0.0,0.0,0,12.028803,10.370721,0.0,5.363943,0.0,5.2573566,3.1312768,0.13820054,0.0,3.200404
0,317,318.0,10.0,1.0,1.0,294.0,1.0,1.0,1.0,0.9228388,1.0,-0.0,0.0,-1.7849014e-05,-0.077143356,0.6219976,2.7182949,1.3948681,6.5913677,0.7579569,6.66709,0.0,16.204082,-10.247084,0.6157407,99.2631,1.0,0.0,0.0,0.0,0.0,0,13.0249,8.960305,0.0,6.239056,0.0,5.990892,2.8435562,0.0,0.0,5.9799223
1,317,318.0,10.0,1.0,1.0,296.0,1.0,1.0,1.0,0.90400636,1.0,-0.0,0.0,-1.3440274e-05,-0.09598024,0.6009605,2.752238,1.4661906,7.449566,0.8268828,7.2623854,0.0,15.986986,-9.90125,0.6296296,99.78418,1.0,0.0,0.0,0.0,0.0,0,11.528867,9.791451,0.0,5.130142,0.0,6.678933,3.5904753,0.0,0.0,7.770391
2,317,318.0,10.0,1.0,1.0,296.0,1.0,1.0,1.0,0.88747054,1.0,-0.0,0.0,-1.3714272e-05,-0.11251574,0.59412605,2.707117,1.5932258,8.685602,0.7014288,7.30175,0.0,17.583067,-10.286614,0.6296296,98.99867,1.0,0.0,0.0,0.0,0.0,0,14.117772,9.698787,0.0,5.602039,0.0,4.513991,3.3632226,0.0,0.0,6.1096225
3,317,318.0,10.0,1.0,1.0,296.0,1.0,1.0,1.0,0.8623227,1.0,-0.0,0.0,-1.40680895e-05,-0.13766328,0.56903887,2.8068252,1.6892002,9.0781355,0.8930544,8.090795,0.0,17.915514,-10.632756,0.6203704,98.1664,1.0,0.0,0.0,0.0,0.0,0,11.9089985,10.19916,0.0,5.432474,0.0,5.078851,3.08426,0.67342585,0.0,2.930327
0,318,319.0,10.0,1.0,1.0,295.0,1.0,1.0,1.0,0.92846537,1.0,-0.0,0.0,-1.3925376e-05,-0.07152066,0.6208956,2.7156892,1.3630296,6.454992,0.76316,6.5685167,0.0,16.548399,-10.262986,0.6157407,99.28401,1.0,0.0,0.0,0.0,0.0,0,14.121686,8.910722,0.0,6.308523,0.0,5.700824,3.739113,0.0,0.0,5.8526125
1,318,319.0,10.0,1.0,1.0,297.0,1.0,1.0,1.0,0.90047854,1.0,-0.0,0.0,-1.4430335e-05,-0.09950705,0.67770517,2.6906548,1.4832247,7.572408,0.81266445,7.346236,0.0,16.64399,-9.654557,0.6296296,99.89009,1.0,0.0,0.0,0.0,0.0,0,11.002777,9.338378,0.0,4.447012,0.0,6.8589153,3.2521863,0.0,0.0,7.709332
2,318,319.0,10.0,1.0,1.0,297.0,1.0,1.0,1.0,0.8833763,1.0,-0.0,0.0,-1.4526992e-05,-0.11660914,0.6609559,2.655664,1.6096343,8.651078,0.70021915,7.4242907,0.0,18.115929,-10.103781,0.6296296,99.06937,1.0,0.0,0.0,0.0,0.0,0,13.231128,9.335132,0.0,4.5537686,0.0,4.7812014,2.8953424,0.0,0.0,6.523376
3,318,319.0,10.0,1.0,1.0,297.0,1.0,1.0,1.0,0.85746086,1.0,-0.0,0.0,-1.4410016e-05,-0.14252472,0.6110355,2.7908728,1.7172382,9.388799,0.8827243,8.172197,0.0,18.875475,-10.864049,0.6203704,98.25301,1.0,0.0,0.0,0.0,0.0,0,11.603345,10.373946,0.0,4.4707394,0.0,4.800916,2.8890123,0.0,0.0,3.4186254
0,319,320.0,10.0,1.0,1.0,296.0,1.0,1.0,1.0,0.93287367,1.0,-0.0,0.0,-1.3111899e-05,-0.067113236,0.61116743,2.7292356,1.345434,6.4342127,0.76261586,6.4360385,0.0,16.414059,-10.1892605,0.6157407,99.309975,1.0,0.0,0.0,0.0,0.0,0,14.757199,8.796083,0.0,6.3699417,0.0,6.378444,4.0113955,0.0,0.0,5.8695135
1,319,320.0,10.0,1.0,1.0,298.0,1.0,1.0,1.0,0.89601433,1.0,-0.0,0.0,-1.596813e-05,-0.10396968,0.6454628,2.7315156,1.4851078,7.713321,0.83267653,7.5998716,0.0,17.307487,-10.213241,0.6296296,99.924995,1.0,0.0,0.0,0.0,0.0,0,11.117245,9.090636,0.0,4.8557353,0.0,7.159069,2.8020716,0.0,0.0,7.6586757
2,319,320.0,10.0,1.0,1.0,298.0,1.0,1.0,1.0,0.8834282,1.0,-0.0,0.0,-1.6216085e-05,-0.1165556,0.64399767,2.6792336,1.5967375,8.631767,0.706886,7.5178046,0.0,18.563242,-10.4497595,0.6296296,99.08707,1.0,0.0,0.0,0.0,0.0,0,13.282107,8.879699,0.0,4.792348,0.0,5.587296,2.8050315,0.0,0.0,6.1509676
3,319,320.0,10.0,1.0,1.0,298.0,1.0,1.0,1.0,0.8581656,1.0,-0.0,0.0,-1.6397691e-05,-0.14181802,0.6130237,2.8115678,1.7087508,9.510856,0.89611644,8.193449,0.0,19.399097,-10.995539,0.6203704,98.263885,1.0,0.0,0.0,0.0,0.0,0,11.890533,9.89739,0.0,4.916155,0.0,5.5844073,2.8867366,0.0,0.0,3.399404
0,320,321.0,10.0,1.0,1.0,297.0,1.0,1.0,1.0,0.93089426,1.0,-0.0,0.0,-1.3908426e-05,-0.06909189,0.70054007,2.6506965,1.3566359,6.3968625,0.7588032,6.470743,0.0,16.952785,-9.561097,0.6157407,99.44072,1.0,0.0,0.0,1.0,0.0,0,13.48699,8.230934,0.0,5.8336067,0.0,5.903955,3.5171614,0.0,0.0,5.8819942
1,320,321.0,10.0,1.0,1.0,299.0,1.0,1.0,1.0,0.8957557,1.0,-0.0,0.0,-1.4783656e-05,-0.1042295,0.6384138,2.7440016,1.4673183,7.630727,0.8444758,7.7488823,0.0,17.29706,-10.236161,0.6296296,99.93968,1.0,0.0,0.0,1.0,0.0,0,11.260082,9.077902,0.0,5.0751925,0.0,7.194282,3.2524233,0.0,0.0,7.490196
2,320,321.0,10.0,1.0,1.0,299.0,1.0,1.0,1.0,0.8842925,1.0,-0.0,0.0,-1.5679216e-05,-0.115691856,0.6399758,2.6922035,1.5762229,8.496383,0.7171797,7.6198387,0.0,18.50642,-10.466033,0.6296296,99.09571,1.0,0.0,0.0,0.0,0.0,0,13.2446165,9.003341,0.0,4.953252,0.0,5.459481,3.2201939,0.0,0.0,5.9340262
3,320,321.0,10.0,1.0,1.0,299.0,1.0,1.0,1.0,0.8604268,1.0,-0.0,0.0,-1.5314816e-05,-0.13955793,0.60881007,2.8230848,1.6862936,9.374934,0.9042159,8.226273,0.0,19.311241,-11.007765,0.6203704,98.268715,1.0,0.0,0.0,0.0,0.0,0,11.914672,9.862864,0.0,5.0936375,0.0,6.9117255,3.4099402,0.0,0.0,3.3066936
0,321,322.0,10.0,1.0,1.0,298.0,1.0,1.0,1.0,0.9293484,1.0,-0.0,0.0,-1.5140399e-05,-0.07063646,0.64869374,2.7019856,1.359125,6.4300737,0.76401985,6.544749,0.0,17.421251,-10.451659,0.6157407,99.49449,1.0,0.0,0.0,1.0,0.0,0,12.852773,7.879002,0.0,5.781669,0.0,6.1906753,3.1780794,0.0,0.0,5.552664
1,321,322.0,10.0,1.0,1.0,300.0,1.0,1.0,1.0,0.89628834,1.0,-0.0,0.0,-1.339864e-05,-0.10369827,0.63262135,2.7591615,1.4508222,7.5655775,0.8533634,7.8407288,0.0,17.31847,-10.249279,0.6296296,99.9528,1.0,0.0,0.0,1.0,0.0,0,11.148347,9.0098505,0.0,5.0765204,0.0,7.2263346,3.1385627,0.0,0.0,7.507529
2,321,322.0,10.0,1.0,1.0,300.0,1.0,1.0,1.0,0.8867652,1.0,-0.0,0.0,-1.4191173e-05,-0.11322064,0.633933,2.7038815,1.5535381,8.3345,0.72351724,7.641702,0.0,18.38835,-10.467524,0.6296296,99.09817,1.0,0.0,0.0,0.0,0.0,0,13.152153,9.044509,0.0,5.0459666,0.0,5.4600673,3.300643,0.0,0.0,5.892669
3,321,322.0,10.0,1.0,1.0,300.0,1.0,1.0,1.0,0.8606217,1.0,-0.0,0.0,-1.3763258e-05,-0.13936454,0.6055549,2.8438196,1.669577,9.324569,0.91646713,8.340044,0.0,19.414001,-11.03612,0.6203704,98.28184,1.0,0.0,0.0,1.0,0.0,0,12.021857,9.711095,0.0,5.029829,0.0,7.1449895,3.2547626,0.0,0.0,3.3159058
0,322,323.0,10.0,1.0,1.0,299.0,1.0,1.0,1.0,0.9313,1.0,-0.0,0.0,-1.512627e-05,-0.068684876,0.63786805,2.709732,1.3370906,6.340547,0.7684105,6.592912,0.0,17.285147,-10.464486,0.6157407,99.502716,1.0,0.0,0.0,1.0,0.0,0,13.572984,7.7907662,0.0,6.1603537,0.0,6.2575316,3.673204,0.0,0.0,5.37921
1,322,323.0,10.0,1.0,1.0,301.0,1.0,1.0,1.0,0.9017844,1.0,-0.0,0.0,-1.3827723e-05,-0.09820177,0.6763663,2.760886,1.4441859,7.6209702,0.83319086,7.560711,0.0,17.858082,-10.215098,0.6296296,100.02298,1.0,0.0,0.0,1.0,0.0,0,11.847413,9.582766,0.0,5.5982327,0.0,6.592411,3.5840445,0.0,0.0,7.1662574
2,322,323.0,10.0,1.0,1.0,301.0,1.0,1.0,1.0,0.89084744,1.0,-0.0,0.0,-1.4283083e-05,-0.10913825,0.67968106,2.7210371,1.5456283,8.380616,0.71309817,7.456082,0.0,19.062485,-10.3967705,0.6296296,99.16454,1.0,0.0,0.0,0.0,0.0,0,12.644416,8.054289,0.0,5.293105,0.0,5.5491724,4.2880745,0.0,0.0,5.5352263
3,322,323.0,10.0,1.0,1.0,301.0,1.0,1.0,1.0,0.8642303,1.0,-0.0,0.0,-1.4272072e-05,-0.13575551,0.6638784,2.8263502,1.6672589,9.414302,0.90224344,8.140888,0.0,19.919725,-10.917479,0.6203704,98.37501,1.0,0.0,0.0,1.0,0.0,0,12.553779,9.54185,0.0,5.4453425,0.0,7.171366,4.6033626,0.26851067,0.0,3.1737142
0,323,324.0,10.0,1.0,1.0,300.0,1.0,1.0,1.0,0.93400264,1.0,-0.0,0.0,-1.3622136e-05,-0.06598371,0.62828547,2.7190306,1.3151963,6.2602563,0.7725438,6.59505,0.0,17.163809,-10.461829,0.6157407,99.507645,1.0,0.0,0.0,1.0,0.0,0,12.386878,7.7489524,0.0,6.184618,0.0,6.284565,3.8283048,0.0,0.0,5.5371013
1,323,324.0,10.0,1.0,1.0,302.0,1.0,1.0,1.0,0.89887154,1.0,-0.0,0.0,-1.4862463e-05,-0.10111365,0.6820295,2.7918558,1.4398471,7.6653433,0.8484465,7.7679644,0.0,18.1145,-10.239903,0.6296296,100.04506,1.0,0.0,0.0,1.0,0.0,0,11.292825,9.520358,0.0,4.972712,0.0,6.785457,2.974678,0.0,0.0,7.5465612
2,323,324.0,10.0,1.0,1.0,302.0,1.0,1.0,1.0,0.8889483,1.0,-0.0,0.0,-1.6097192e-05,-0.1110356,0.68553615,2.7346916,1.5403444,8.285293,0.7238361,7.6095533,0.0,18.959072,-10.309755,0.6296296,99.179054,1.0,0.0,0.0,0.0,0.0,0,13.091704,8.958878,0.0,4.840788,0.0,5.424514,3.1206038,0.0,0.0,5.956739
3,323,324.0,10.0,1.0,1.0,302.0,1.0,1.0,1.0,0.8649889,1.0,-0.0,0.0,-1.5350937e-05,-0.13499568,0.6635606,2.8278692,1.639949,9.044587,0.9033763,8.300123,0.0,19.549639,-10.829301,0.6203704,98.40752,1.0,0.0,0.0,1.0,0.0,0,11.293811,9.353082,0.0,4.7361054,0.0,6.777886,3.353599,0.0,0.0,3.3717346
0,324,325.0,10.0,1.0,1.0,301.0,1.0,1.0,1.0,0.9395409,1.0,-0.0,0.0,-1.3981694e-05,-0.060445093,0.6658483,2.7474916,1.3044095,6.1725826,0.75868565,6.343634,0.0,17.647259,-10.369094,0.6157407,99.58076,1.0,0.0,0.0,1.0,0.0,0,13.007188,7.509532,0.0,6.7540364,0.0,5.802564,3.9043221,0.0,0.0,5.456042
1,324,325.0,10.0,1.0,1.0,303.0,1.0,1.0,1.0,0.9009269,1.0,-0.0,0.0,-1.5308102e-05,-0.099057816,0.6799929,2.820496,1.4251498,7.5931697,0.8523642,7.754844,0.0,18.043377,-10.233616,0.6296296,100.05042,1.0,0.0,0.0,1.0,0.0,0,11.064466,9.508707,0.0,4.9520445,0.0,7.0314183,3.0897925,0.0,0.0,7.538572
2,324,325.0,10.0,1.0,1.0,303.0,1.0,1.0,1.0,0.89140135,1.0,-0.0,0.0,-1.5577296e-05,-0.108583115,0.67787653,2.7620547,1.5204773,8.130104,0.7282457,7.6114063,0.0,18.740194,-10.293722,0.6296296,99.18192,1.0,0.0,0.0,1.0,0.0,0,12.923399,9.036756,0.0,4.8767767,0.0,5.3682866,3.1210148,0.0,0.0,6.0949917
3,324,325.0,10.0,1.0,1.0,303.0,1.0,1.0,1.0,0.86608636,1.0,-0.0,0.0,-1.5706019e-05,-0.13389793,0.6593123,2.863509,1.6219311,8.942749,0.9113915,8.369392,0.0,19.473454,-10.828755,0.6203704,98.41735,1.0,0.0,0.0,1.0,0.0,0,11.140012,9.260158,0.0,4.716915,0.0,6.8856015,3.2348504,0.0,0.0,3.43385
0,325,326.0,10.0,1.0,1.0,302.0,1.0,1.0,1.0,0.93722034,1.0,-0.0,0.0,-1.5620117e-05,-0.06276403,0.6680988,2.7844858,1.298398,6.153906,0.7744213,6.527856,0.0,17.875326,-10.383596,0.6157407,99.599724,1.0,0.0,0.0,1.0,0.0,0,12.438125,8.982129,0.0,5.806701,0.0,6.0047183,3.4070373,0.0,0.0,5.621539
1,325,326.0,10.0,1.0,1.0,304.0,1.0,1.0,1.0,0.9027322,1.0,-0.0,0.0,-1.4477207e-05,-0.09725331,0.672058,2.8438656,1.4077686,7.5025773,0.8584536,7.776933,0.0,17.965593,-10.237383,0.6296296,100.05995,1.0,0.0,0.0,1.0,0.0,0,11.048295,9.451907,0.0,5.0386753,0.0,7.131759,3.1357539,0.0,0.0,7.5678377
2,325,326.0,10.0,1.0,1.0,304.0,1.0,1.0,1.0,0.89421237,1.0,-0.0,0.0,-1.4696659e-05,-0.105772935,0.66822135,2.7820787,1.5030855,7.991236,0.7326691,7.5732346,0.0,18.530518,-10.283118,0.6296296,99.18491,1.0,0.0,0.0,1.0,0.0,0,12.644575,9.023313,0.0,4.8358483,0.0,5.1417766,3.283119,0.0,0.0,6.12883
3,325,326.0,10.0,1.0,1.0,304.0,1.0,1.0,1.0,0.86764085,1.0,-0.0,0.0,-1.4761819e-05,-0.13234435,0.6532073,2.8891804,1.6028702,8.839209,0.91835654,8.419134,0.0,19.42882,-10.833565,0.6203704,98.426056,1.0,0.0,0.0,1.0,0.0,0,11.102585,9.119176,0.0,4.678935,0.0,6.9730396,3.2858407,0.0,0.0,3.4858603
0,326,327.0,10.0,1.0,1.0,303.0,1.0,1.0,1.0,0.9401944,1.0,-0.0,0.0,-1.530447e-05,-0.05979023,0.6640434,2.81032,1.2813034,6.078625,0.77477556,6.477638,0.0,17.734386,-10.371072,0.6157407,99.60198,1.0,0.0,0.0,1.0,0.0,0,12.423671,9.010383,0.0,5.98523,0.0,6.145076,3.57539,0.2641679,0.0,5.64226
1,326,327.0,10.0,1.0,1.0,305.0,1.0,1.0,1.0,0.9144228,1.0,-0.0,0.0,-1.4116615e-05,-0.08556306,0.59490204,2.8232417,1.3614346,7.132129,0.8727423,7.4230247,0.0,16.182835,-10.091403,0.6296296,100.09315,1.0,0.0,0.0,1.0,0.0,0,11.341312,9.742249,0.0,6.8137507,0.0,7.592661,5.1369157,0.0,0.0,7.154355
2,326,327.0,10.0,1.0,1.0,305.0,1.0,1.0,1.0,0.8957024,1.0,-0.0,0.0,-1.4427213e-05,-0.10428314,0.5918927,2.7967024,1.4871897,7.988589,0.7861063,7.6030655,0.0,17.009521,-10.146374,0.6296296,99.191284,1.0,0.0,0.0,1.0,0.0,0,12.0003605,9.135702,0.0,5.8388443,0.0,3.67228,4.3700023,0.0,0.0,5.155912
3,326,327.0,10.0,1.0,1.0,305.0,1.0,1.0,1.0,0.8707071,1.0,-0.0,0.0,-1.4586949e-05,-0.1292783,0.58832055,2.905972,1.566408,8.490941,0.9838676,8.508636,0.0,18.1854,-10.682757,0.6203704,98.43915,1.0,0.0,0.0,1.0,0.0,0,10.603623,9.538529,0.0,5.5249357,0.0,6.446128,4.313202,1.3547308,0.0,2.5516682
0,327,328.0,10.0,1.0,1.0,304.0,1.0,1.0,1.0,0.94172186,1.0,-0.0,0.0,-1.455311e-05,-0.058263574,0.65595657,2.8331044,1.2664827,6.029865,0.7782337,6.4971933,0.0,17.64888,-10.37693,0.6157407,99.608,1.0,0.0,0.0,1.0,0.0,0,12.503126,8.976086,0.0,6.043646,0.0,6.2548313,3.5670927,0.7319767,0.0,5.648145
1,327,328.0,10.0,1.0,1.0,306.0,1.0,1.0,1.0,0.9187072,1.0,-0.0,0.0,-1.5806387e-05,-0.081277035,0.65685475,2.7852027,1.3524839,7.051512,0.85992825,7.232992,0.0,16.658388,-9.919796,0.6296296,100.22422,1.0,0.0,0.0,1.0,0.0,0,11.234198,9.471519,0.0,5.5065594,0.0,6.8220105,4.292637,0.0,0.0,7.5045853
2,327,328.0,10.0,1.0,1.0,306.0,1.0,1.0,1.0,0.90533185,1.0,-0.0,0.0,-1.7490232e-05,-0.09465066,0.65132153,2.7534237,1.4638865,7.7809615,0.76682794,7.1998906,0.0,17.052372,-9.819227,0.6296296,99.36185,1.0,0.0,0.0,1.0,0.0,0,12.2439785,8.975871,0.0,5.305864,0.0,4.2900963,4.0631104,0.0,0.0,5.575607
3,327,328.0,10.0,1.0,1.0,306.0,1.0,1.0,1.0,0.8776085,1.0,-0.0,0.0,-1.6332904e-05,-0.122375205,0.6396588,2.8835242,1.5363582,8.326224,0.9654161,8.319825,0.0,18.515135,-10.488078,0.6203704,98.551765,1.0,0.0,0.0,1.0,0.0,0,11.309771,10.288968,0.0,5.5719066,0.0,6.136648,3.6200705,1.7602941,0.0,2.6500213
0,328,329.0,10.0,1.0,1.0,305.0,1.0,1.0,1.0,0.94265735,1.0,-0.0,0.0,-1.394283e-05,-0.057328694,0.59128034,2.8427162,1.2388288,5.9834557,0.81572247,6.6485047,0.0,16.251741,-10.245626,0.6157407,99.61571,1.0,0.0,0.0,1.0,0.0,0,13.747998,9.167887,0.0,6.4061203,0.0,6.086874,5.0379844,1.1633455,0.0,4.1798387
1,328,329.0,10.0,1.0,1.0,307.0,1.0,1.0,1.0,0.9108475,1.0,-0.0,0.0,-1.5004393e-05,-0.0891375,0.66684633,2.7962506,1.3592206,7.2249746,0.8934468,7.6540947,0.0,17.330133,-9.950862,0.6296296,100.25889,1.0,0.0,0.0,1.0,0.0,0,11.227923,9.2895155,0.0,5.352619,0.0,6.884286,3.4065537,0.0,0.0,7.3191648
2,328,329.0,10.0,1.0,1.0,307.0,1.0,1.0,1.0,0.9016528,1.0,-0.0,0.0,-1.4839076e-05,-0.09833232,0.6624125,2.7512963,1.4661382,7.821224,0.7924501,7.4039016,0.0,17.582436,-9.851858,0.6296296,99.38255,1.0,0.0,0.0,1.0,0.0,0,12.237978,9.057432,0.0,4.9741287,0.0,3.8389752,3.5125706,0.0,0.0,5.63957
3,328,329.0,10.0,1.0,1.0,307.0,1.0,1.0,1.0,0.87431335,1.0,-0.0,0.0,-1.528446e-05,-0.12567136,0.6436027,2.8864038,1.5318339,8.415783,0.9871044,8.551526,0.0,18.944918,-10.518688,0.6203704,98.57136,1.0,0.0,0.0,1.0,0.0,0,11.111943,10.081944,0.0,5.351951,0.0,6.193273,3.5078893,1.4124601,0.0,2.4480004
0,329,330.0,10.0,1.0,1.0,306.0,1.0,1.0,1.0,0.95214987,1.0,-0.0,0.0,-1.6930335e-05,-0.047833197,0.6457206,2.8338506,1.2115017,5.7507005,0.79670495,6.283728,0.0,16.804419,-10.143896,0.6157407,99.73041,1.0,0.0,0.0,1.0,0.0,0,13.917263,9.10745,0.0,6.43132,0.0,6.1173286,4.3964148,0.95658696,0.0,4.538109
1,329,330.0,10.0,1.0,1.0,308.0,1.0,1.0,1.0,0.9129761,1.0,-0.0,0.0,-1.6065462e-05,-0.08700782,0.6636921,2.7741768,1.3469698,7.083205,0.8991434,7.6181946,0.0,16.999151,-9.922724,0.6296296,100.26839,1.0,0.0,0.0,1.0,0.0,0,10.896857,9.3384075,0.0,5.4805026,0.0,6.666743,3.7488503,0.0,0.0,7.3437014
2,329,330.0,10.0,1.0,1.0,308.0,1.0,1.0,1.0,0.902713,1.0,-0.0,0.0,-1.5809774e-05,-0.09727118,0.6633207,2.7315013,1.4629385,7.77502,0.79790473,7.364231,0.0,17.389925,-9.82964,0.6296296,99.38915,1.0,0.0,0.0,1.0,0.0,0,11.720632,8.930248,0.0,4.933119,0.0,3.57916,3.6489482,0.0,0.0,5.732703
3,329,330.0,10.0,1.0,1.0,308.0,1.0,1.0,1.0,0.87521875,1.0,-0.0,0.0,-1.5655804e-05,-0.12476559,0.642138,2.8689167,1.5193596,8.326036,0.9946227,8.590737,0.0,18.75698,-10.497424,0.6203704,98.57284,1.0,0.0,0.0,1.0,0.0,0,10.674767,10.064754,0.0,5.2980237,0.0,6.194323,3.75476,1.2835386,0.0,2.372824
0,330,331.0,10.0,1.0,1.0,307.0,1.0,1.0,1.0,0.94901866,1.0,-0.0,0.0,-1.5684416e-05,-0.05096566,0.6575808,2.8349502,1.2170974,5.795999,0.825518,6.4297085,0.0,17.341927,-10.180006,0.6157407,99.744225,1.0,0.0,0.0,1.0,0.0,0,14.01572,8.908515,0.0,6.2124333,0.0,5.6072807,4.0944953,0.38043305,0.0,4.4469953
1,330,331.0,10.0,1.0,1.0,309.0,1.0,1.0,1.0,0.91397226,1.0,-0.0,0.0,-1.5238665e-05,-0.08601246,0.6609559,2.7496104,1.3356949,7.016774,0.9067542,7.643035,0.0,16.976992,-9.921408,0.6296296,100.26964,1.0,0.0,0.0,1.0,0.0,0,11.161971,9.297613,0.0,5.56034,0.0,6.8260093,3.59041,0.0,0.0,7.423779
2,330,331.0,10.0,1.0,1.0,309.0,1.0,1.0,1.0,0.90476847,1.0,-0.0,0.0,-1.4863201e-05,-0.09521666,0.66102,2.7049282,1.4509794,7.6998043,0.80194885,7.3306537,0.0,17.29906,-9.825373,0.6296296,99.395546,1.0,0.0,0.0,1.0,0.0,0,12.005213,8.987569,0.0,5.1800175,0.0,3.6935537,3.7827687,0.0,0.0,5.8241887
3,330,331.0,10.0,1.0,1.0,309.0,1.0,1.0,1.0,0.8780197,1.0,-0.0,0.0,-1.5374198e-05,-0.121964954,0.6372869,2.8413193,1.4959093,8.158958,1.0005548,8.598577,0.0,18.61564,-10.490779,0.6203704,98.57688,1.0,0.0,0.0,1.0,0.0,0,10.935596,9.947879,0.0,5.5524726,0.0,6.1682215,3.9036515,1.3724418,0.0,2.3407176
0,331,332.0,10.0,1.0,1.0,308.0,1.0,1.0,1.0,0.95020926,1.0,-0.0,0.0,-1.6443762e-05,-0.049774308,0.657573,2.8135197,1.2109346,5.7320166,0.8322833,6.4044476,0.0,17.13549,-10.154503,0.6157407,99.75447,1.0,0.0,0.0,1.0,0.0,0,13.664572,8.95607,0.0,6.0776997,0.0,5.8971434,3.9820285,0.95174533,0.0,4.4004526
1,331,332.0,10.0,1.0,1.0,310.0,1.0,1.0,1.0,0.9236148,1.0,-0.0,0.0,-1.4431868e-05,-0.07637078,0.56527627,2.6787038,1.3169371,6.862161,0.89275175,7.2052183,0.0,14.840319,-9.74824,0.6296296,100.312744,1.0,0.0,0.0,1.0,0.0,0,11.780768,9.613258,0.0,6.35224,0.0,7.5236936,5.5104237,1.0967338,0.0,7.4570704
2,331,332.0,10.0,1.0,1.0,310.0,1.0,1.0,1.0,0.9055172,1.0,-0.0,0.0,-1.43300085e-05,-0.09446849,0.56907463,2.6692219,1.4675044,8.05538,0.8155752,7.161826,0.0,15.515484,-9.627045,0.6296296,99.40756,1.0,0.0,0.0,1.0,0.0,0,13.023574,9.783711,0.0,5.8121295,0.0,4.401708,5.8256307,0.0,0.0,5.488332
3,331,332.0,10.0,1.0,1.0,310.0,1.0,1.0,1.0,0.8851901,1.0,-0.0,0.0,-1.4535009e-05,-0.11479536,0.53730124,2.7996109,1.4584905,7.708852,1.0113744,8.449041,0.0,16.47651,-10.179376,0.6203704,98.594604,1.0,0.0,0.0,1.0,0.0,0,10.887421,10.418692,0.0,5.537824,0.0,5.5592732,5.0915565,3.0598068,0.0,2.358278
0,332,333.0,10.0,1.0,1.0,309.0,1.0,1.0,1.0,0.9513195,1.0,-0.0,0.0,-1.504758e-05,-0.048665456,0.6567117,2.787478,1.2050853,5.6940517,0.84313816,6.381787,0.0,17.133091,-10.154934,0.6157407,99.759865,1.0,0.0,0.0,1.0,0.0,0,13.692541,8.900103,0.0,6.0312705,0.0,5.543911,4.040073,1.0446421,0.0,4.4436493
1,332,333.0,10.0,1.0,1.0,311.0,1.0,1.0,1.0,0.9190576,1.0,-0.0,0.0,-1.564104e-05,-0.08092675,0.5859517,2.6685271,1.3022908,6.702936,0.9134135,7.5884233,0.0,15.199103,-9.752499,0.6296296,100.330444,1.0,0.0,0.0,1.0,0.0,0,10.851473,9.005417,0.0,5.422486,0.0,6.7249284,3.208575,0.0,0.0,7.4792852
2,332,333.0,10.0,1.0,1.0,311.0,1.0,1.0,1.0,0.90608716,1.0,-0.0,0.0,-1.5892347e-05,-0.093896896,0.5834177,2.6471546,1.4525769,7.863673,0.82566255,7.239486,0.0,15.518559,-9.604157,0.6296296,99.425804,1.0,0.0,0.0,1.0,0.0,0,11.643801,8.789745,0.0,5.1357365,0.0,3.0080695,3.7711174,0.0,0.0,5.8771996
3,332,333.0,10.0,1.0,1.0,311.0,1.0,1.0,1.0,0.88383126,1.0,-0.0,0.0,-1.6226038e-05,-0.116152495,0.5476482,2.7805402,1.4572845,7.6947155,1.0196139,8.539516,0.0,16.580202,-10.152146,0.6203704,98.60725,1.0,0.0,0.0,1.0,0.0,0,9.820225,10.247179,0.0,5.3520527,0.0,4.550609,3.663708,1.5363438,0.0,2.070697
0,333,334.0,10.0,1.0,1.0,310.0,1.0,1.0,1.0,0.95357776,1.0,-0.0,0.0,-1.4698931e-05,-0.046407536,0.58528185,2.7380607,1.1969784,5.956699,0.86280584,6.307113,0.0,15.822812,-10.0674,0.6157407,99.78597,1.0,0.0,0.0,1.0,0.0,0,14.440602,10.088977,0.0,6.677998,0.0,6.4659004,6.144843,1.9772264,0.0,3.8135388
1,333,334.0,10.0,1.0,1.0,312.0,1.0,1.0,1.0,0.92046666,1.0,-0.0,0.0,-1.5623562e-05,-0.07951774,0.58558357,2.6420174,1.2925198,6.620885,0.92896855,7.5771646,0.0,15.226784,-9.750998,0.6296296,100.34313,1.0,0.0,0.0,1.0,0.0,0,11.137744,9.814901,0.0,5.875028,0.0,6.564263,4.1328845,0.05516782,0.0,7.316449
2,333,334.0,10.0,1.0,1.0,312.0,1.0,1.0,1.0,0.9077955,1.0,-0.0,0.0,-1.5505208e-05,-0.09218903,0.58541334,2.6226296,1.4406031,7.7839813,0.83417016,7.226818,0.0,15.578567,-9.611147,0.6296296,99.43535,1.0,0.0,0.0,1.0,0.0,0,12.393712,9.093907,0.0,5.455256,0.0,3.2957032,4.326599,0.0,0.0,5.774792
3,333,334.0,10.0,1.0,1.0,312.0,1.0,1.0,1.0,0.8852589,1.0,-0.0,0.0,-1.5323443e-05,-0.11472578,0.54754055,2.7574246,1.4484421,7.667591,1.0270983,8.52023,0.0,16.661354,-10.156404,0.6203704,98.612144,1.0,0.0,0.0,1.0,0.0,0,10.224507,10.231313,0.0,5.7032633,0.0,4.8348446,3.7742636,2.1222234,0.0,2.11252
0,334,335.0,10.0,1.0,1.0,311.0,1.0,1.0,1.0,0.95255816,1.0,-0.0,0.0,-1.577451e-05,-0.04742606,0.6016933,2.7192564,1.1989086,5.8957872,0.8807268,6.3537483,0.0,16.008858,-10.043554,0.6157407,99.79803,1.0,0.0,0.0,1.0,0.0,0,13.49208,10.243246,0.0,6.034899,0.0,4.9603844,4.5329747,0.6920408,0.0,3.8290613
1,334,335.0,10.0,1.0,1.0,313.0,1.0,1.0,1.0,0.92645395,1.0,-0.0,0.0,-1.4077525e-05,-0.073531955,0.64056814,2.6178384,1.2758222,6.393801,0.9177468,7.3432503,0.0,15.919119,-9.743153,0.6296296,100.42002,1.0,0.0,0.0,1.0,0.0,0,11.394318,10.049179,0.0,5.832026,0.0,6.521649,4.378674,1.0408335,0.0,7.265042
2,334,335.0,10.0,1.0,1.0,313.0,1.0,1.0,1.0,0.91566145,1.0,-0.0,0.0,-1.4561548e-05,-0.08432399,0.64371,2.6032639,1.4138646,7.449146,0.8296769,6.9554534,0.0,16.33522,-9.569951,0.6296296,99.51371,1.0,0.0,0.0,1.0,0.0,0,12.644553,9.387579,0.0,5.4577394,0.0,4.165183,5.0147915,0.0,0.0,5.8053794
3,334,335.0,10.0,1.0,1.0,313.0,1.0,1.0,1.0,0.88904,1.0,-0.0,0.0,-1.4283897e-05,-0.11094572,0.6031059,2.7380548,1.4355836,7.6359606,1.0296131,8.389866,0.0,17.549192,-10.162454,0.6203704,98.67135,1.0,0.0,0.0,1.0,0.0,0,10.915153,9.9079685,0.0,5.861384,0.0,4.973941,4.1632686,3.0820067,0.0,2.0112834
0,335,336.0,10.0,1.0,1.0,312.0,1.0,1.0,1.0,0.95404965,1.0,-0.0,0.0,-1.5303749e-05,-0.045935012,0.6019503,2.696041,1.1890204,5.8384,0.89224803,6.338447,0.0,16.061228,-10.0484085,0.6157407,99.80613,1.0,0.0,0.0,1.0,0.0,0,13.894769,10.188208,0.0,6.396704,0.0,5.39975,4.6570754,1.3595413,0.0,3.8074358
1,335,336.0,10.0,1.0,1.0,314.0,1.0,1.0,1.0,0.92443246,1.0,-0.0,0.0,-1.5210414e-05,-0.07555235,0.64390266,2.6169245,1.275094,6.413001,0.93654823,7.469935,0.0,16.04894,-9.747638,0.6296296,100.4253,1.0,0.0,0.0,1.0,0.0,0,11.367672,10.186983,0.0,5.838599,0.0,6.314867,4.2606893,0.23639317,0.0,6.9339023
2,335,336.0,10.0,1.0,1.0,314.0,1.0,1.0,1.0,0.91388726,1.0,-0.0,0.0,-1.5420417e-05,-0.08609727,0.6458677,2.6014624,1.4127142,7.4232354,0.8479413,7.0704784,0.0,16.417295,-9.566483,0.6296296,99.518005,1.0,0.0,0.0,1.0,0.0,0,12.5655775,9.111487,0.0,5.391668,0.0,3.579399,4.6600666,0.0,0.0,5.8082476
3,335,336.0,10.0,1.0,1.0,314.0,1.0,1.0,1.0,0.88871545,1.0,-0.0,0.0,-1.560137e-05,-0.11126894,0.60389376,2.731845,1.4312809,7.5894556,1.0400164,8.441529,0.0,17.528406,-10.153757,0.6203704,98.676,1.0,0.0,0.0,1.0,0.0,0,10.707226,9.851709,0.0,5.7359037,0.0,5.1333895,4.1008162,2.3741639,0.0,1.6988083
0,336,337.0,10.0,1.0,1.0,313.0,1.0,1.0,1.0,0.9608195,1.0,-0.0,0.0,-1.3996466e-05,-0.039166484,0.65724516,2.6739962,1.1657964,5.55498,0.89045846,6.106516,0.0,16.761024,-10.021759,0.6157407,99.88849,1.0,0.0,0.0,1.0,0.0,0,14.059494,9.381753,0.0,6.5063457,0.0,5.6181912,5.0766735,2.1035495,0.0,3.9638982
1,336,337.0,10.0,1.0,1.0,315.0,1.0,1.0,1.0,0.9252415,1.0,-0.0,0.0,-1.5494166e-05,-0.074743025,0.6427027,2.6104896,1.2735105,6.367537,0.94108564,7.433252,0.0,15.857668,-9.72306,0.6296296,100.43578,1.0,0.0,0.0,1.0,0.0,0,11.07662,10.290367,0.0,5.688355,0.0,6.3423176,4.209385,0.20382378,0.0,6.6629887
2,336,337.0,10.0,1.0,1.0,315.0,1.0,1.0,1.0,0.9150616,1.0,-0.0,0.0,-1.5495332e-05,-0.08492291,0.6449759,2.5964577,1.4071672,7.363593,0.8548578,7.04162,0.0,16.215532,-9.5413685,0.6296296,99.53116,1.0,0.0,0.0,1.0,0.0,0,12.493587,9.120864,0.0,5.338368,0.0,3.4227464,4.5632906,0.0,0.0,5.9062123
3,336,337.0,10.0,1.0,1.0,315.0,1.0,1.0,1.0,0.89021665,1.0,-0.0,0.0,-1.5665828e-05,-0.10976769,0.60317665,2.7238064,1.425027,7.511342,1.0439513,8.398358,0.0,17.30418,-10.132544,0.6203704,98.68641,1.0,0.0,0.0,1.0,0.0,0,10.476501,9.957766,0.0,5.655987,0.0,4.878886,4.1196675,2.340034,0.0,1.5747209
0,337,338.0,10.0,1.0,1.0,314.0,1.0,1.0,1.0,0.9591554,1.0,-0.0,0.0,-1.5276266e-05,-0.040829338,0.66010356,2.671794,1.1720513,5.5873046,0.9126958,6.159375,0.0,16.846949,-10.006664,0.6157407,99.89312,1.0,0.0,0.0,1.0,0.0,0,13.346488,9.185613,0.0,6.196082,0.0,5.129811,5.078906,1.7686226,0.0,3.9266634
1,337,338.0,10.0,1.0,1.0,316.0,1.0,1.0,1.0,0.92693317,1.0,-0.0,0.0,-1.4442817e-05,-0.073052436,0.63914883,2.5996695,1.2672901,6.2885866,0.94735974,7.3784695,0.0,15.664261,-9.70836,0.6296296,100.4477,1.0,0.0,0.0,1.0,0.0,0,11.096517,10.297843,0.0,5.7099934,0.0,6.1891274,4.407985,0.38045523,0.0,6.623104
2,337,338.0,10.0,1.0,1.0,316.0,1.0,1.0,1.0,0.91597706,1.0,-0.0,0.0,-1.4727882e-05,-0.08400822,0.64352524,2.5902092,1.3996717,7.302715,0.86456966,7.042955,0.0,16.120544,-9.530878,0.6296296,99.539566,1.0,0.0,0.0,1.0,0.0,0,12.608951,9.161679,0.0,5.390094,0.0,3.283391,4.6557693,0.0,0.0,5.997689
3,337,338.0,10.0,1.0,1.0,316.0,1.0,1.0,1.0,0.8914285,1.0,-0.0,0.0,-1.5087953e-05,-0.10855645,0.6014831,2.7163703,1.4201107,7.4874253,1.0510926,8.362556,0.0,17.257515,-10.134662,0.6203704,98.69103,1.0,0.0,0.0,1.0,0.0,0,10.502119,9.958219,0.0,5.6453414,0.0,5.2810388,4.031284,2.8077679,0.0,1.5076425
0,338,339.0,10.0,1.0,1.0,315.0,1.0,1.0,1.0,0.95986444,1.0,-0.0,0.0,-1.5597912e-05,-0.04011993,0.66058487,2.6677074,1.169671,5.547786,0.9223324,6.1346617,0.0,16.656898,-9.969975,0.6157407,99.90777,1.0,0.0,0.0,1.0,0.0,0,13.111088,9.247099,0.0,5.984318,0.0,5.079326,4.7593174,1.8056809,0.0,3.9331806
1,338,339.0,10.0,1.0,1.0,317.0,1.0,1.0,1.0,0.92862254,1.0,-0.0,0.0,-1.4125064e-05,-0.071363345,0.6359562,2.5855043,1.2610365,6.237574,0.9539669,7.324026,0.0,15.509137,-9.697918,0.6296296,100.45756,1.0,0.0,0.0,1.0,0.0,0,11.171651,10.326639,0.0,5.7324247,0.0,6.2316694,4.530709,0.6552329,0.0,6.527602
2,338,339.0,10.0,1.0,1.0,317.0,1.0,1.0,1.0,0.9171304,1.0,-0.0,0.0,-1.4496431e-05,-0.08285509,0.64174604,2.57799,1.3941457,7.2710085,0.874462,7.0152116,0.0,16.030773,-9.523812,0.6296296,99.546684,1.0,0.0,0.0,1.0,0.0,0,12.775426,9.264774,0.0,5.4524407,0.0,3.407754,4.8593216,0.0,0.0,6.0100813
3,338,339.0,10.0,1.0,1.0,317.0,1.0,1.0,1.0,0.893589,1.0,-0.0,0.0,-1.4731258e-05,-0.10639624,0.6001122,2.7018838,1.413837,7.4346213,1.0576247,8.279996,0.0,17.116505,-10.1259985,0.6203704,98.70036,1.0,0.0,0.0,1.0,0.0,0,10.370836,9.995832,0.0,5.5715218,0.0,5.0074706,4.3112144,3.3122742,0.0,1.3497517
0,339,340.0,10.0,1.0,1.0,316.0,1.0,1.0,1.0,0.9607279,1.0,-0.0,0.0,-1.4965732e-05,-0.039257146,0.65820664,2.6616867,1.1662482,5.5265756,0.9353904,6.1085668,0.0,16.581017,-9.956761,0.6157407,99.91759,1.0,0.0,0.0,1.0,0.0,0,13.110783,9.265421,0.0,5.974376,0.0,4.8337007,4.9638767,1.8705838,0.0,3.9967632
1,339,340.0,10.0,1.0,1.0,318.0,1.0,1.0,1.0,0.9346477,1.0,-0.0,0.0,-1.3899265e-05,-0.06533841,0.57065934,2.5452888,1.2580101,6.407993,0.947942,6.985228,0.0,13.899063,-9.514389,0.6296296,100.50634,1.0,0.0,0.0,1.0,0.0,0,11.993152,10.170871,0.0,7.2225924,0.0,6.7547855,6.041226,2.076463,0.0,5.8252587
2,339,340.0,10.0,1.0,1.0,318.0,1.0,1.0,1.0,0.91980666,1.0,-0.0,0.0,-1.4551881e-05,-0.08017881,0.57238936,2.551608,1.4173994,7.808595,0.8632766,6.6802325,0.0,14.36545,-9.294993,0.6296296,99.60043,1.0,0.0,0.0,1.0,0.0,0,13.5917845,9.822843,0.0,6.2722163,0.0,4.4084535,6.375954,1.4840374,0.0,5.2637544
3,339,340.0,10.0,1.0,1.0,318.0,1.0,1.0,1.0,0.90319264,1.0,-0.0,0.0,-1.5185052e-05,-0.09679219,0.5465079,2.6464736,1.3776385,7.1912913,1.0576152,7.9752426,0.0,15.506722,-9.988389,0.6203704,98.75371,1.0,0.0,0.0,1.0,0.0,0,11.431472,10.685893,0.0,7.0569973,0.0,5.2417865,6.0167737,4.331915,0.0,0.0
0,340,341.0,10.0,1.0,1.0,317.0,1.0,1.0,1.0,0.96153903,1.0,-0.0,0.0,-1.4466378e-05,-0.03844651,0.6554544,2.648749,1.164116,5.5091224,0.9460926,6.0759196,0.0,16.448177,-9.941338,0.6157407,99.925766,1.0,0.0,0.0,1.0,0.0,0,12.947787,9.25926,0.0,6.1401095,0.0,5.103475,5.28623,1.3227098,0.0,3.500141
1,340,341.0,10.0,1.0,1.0,319.0,1.0,1.0,1.0,0.9324161,1.0,-0.0,0.0,-1.560098e-05,-0.067568295,0.5864203,2.5338483,1.2608563,6.350913,0.9626981,7.0976753,0.0,14.226121,-9.500364,0.6296296,100.52096,1.0,0.0,0.0,1.0,0.0,0,11.282316,10.590602,0.0,6.0559545,0.0,6.1326485,4.8287897,1.5648495,0.0,5.8071995
2,340,341.0,10.0,1.0,1.0,319.0,1.0,1.0,1.0,0.91866267,1.0,-0.0,0.0,-1.6335533e-05,-0.081320986,0.58848375,2.54074,1.405496,7.611818,0.8764345,6.838039,0.0,14.657749,-9.2896185,0.6296296,99.61335,1.0,0.0,0.0,1.0,0.0,0,12.727721,9.334569,0.0,5.488967,0.0,2.9955752,4.8719363,0.5231277,0.0,5.2997184
3,340,341.0,10.0,1.0,1.0,319.0,1.0,1.0,1.0,0.9018487,1.0,-0.0,0.0,-1.6375638e-05,-0.09813496,0.5574491,2.631818,1.384146,7.2485676,1.0647776,8.007002,0.0,15.779092,-9.980243,0.6203704,98.760666,1.0,0.0,0.0,1.0,0.0,0,10.758092,11.046671,0.0,6.0272455,0.0,4.960606,4.4014497,4.23625,0.0,0.0
0,341,342.0,10.0,1.0,1.0,318.0,1.0,1.0,1.0,0.9685801,1.0,-0.0,0.0,-1.4862028e-05,-0.03140505,0.59419346,2.6043496,1.1432,5.814209,0.9349388,5.810302,0.0,14.855818,-9.8001,0.6157407,99.98042,1.0,0.0,0.0,1.0,0.0,0,13.689438,10.05598,0.0,8.220333,0.0,5.893503,6.5090623,3.0532894,0.0,1.9905326
1,341,342.0,10.0,1.0,1.0,320.0,1.0,1.0,1.0,0.9334153,1.0,-0.0,0.0,-1.46027705e-05,-0.0665701,0.5825147,2.5066435,1.2553161,6.323976,0.97025174,7.0793343,0.0,14.135482,-9.491066,0.6296296,100.53075,1.0,0.0,0.0,1.0,0.0,0,11.624666,10.632365,0.0,6.0986385,0.0,5.877176,5.0389943,1.7617915,0.0,5.990075
2,341,342.0,10.0,1.0,1.0,320.0,1.0,1.0,1.0,0.91889274,1.0,-0.0,0.0,-1.4558715e-05,-0.08109274,0.5881291,2.5160005,1.4003167,7.5838804,0.8890836,6.8631883,0.0,14.697026,-9.294106,0.6296296,99.61666,1.0,0.0,0.0,1.0,0.0,0,13.230959,9.612075,0.0,5.7632227,0.0,3.3493469,5.1558385,1.0139712,0.0,5.4147353
3,341,342.0,10.0,1.0,1.0,320.0,1.0,1.0,1.0,0.9029335,1.0,-0.0,0.0,-1.547315e-05,-0.097050995,0.555788,2.6047075,1.3793161,7.2232404,1.071194,7.978188,0.0,15.722338,-9.979017,0.6203704,98.76607,1.0,0.0,0.0,1.0,0.0,0,11.008805,10.975062,0.0,6.1738725,0.0,4.848405,4.496986,4.537907,0.0,0.0
0,342,343.0,10.0,1.0,1.0,319.0,1.0,1.0,1.0,0.96560174,1.0,-0.0,0.0,-1.6267975e-05,-0.03438198,0.60862863,2.5981627,1.1476711,5.7180657,0.95478827,5.9553847,0.0,15.239601,-9.781011,0.6157407,99.99631,1.0,0.0,0.0,1.0,0.0,0,12.818075,9.950602,0.0,6.276267,0.0,5.1505613,5.4166155,1.8495402,0.0,2.2053936
1,342,343.0,10.0,1.0,1.0,321.0,1.0,1.0,1.0,0.93407536,1.0,-0.0,0.0,-1.3636838e-05,-0.06591098,0.5804822,2.4778178,1.2528204,6.316294,0.97883475,7.0585055,0.0,14.044904,-9.471608,0.6296296,100.53967,1.0,0.0,0.0,1.0,0.0,0,11.58654,10.692661,0.0,6.0948377,0.0,5.9336495,5.201519,2.0088952,0.0,5.995104
2,342,343.0,10.0,1.0,1.0,321.0,1.0,1.0,1.0,0.91826725,1.0,-0.0,0.0,-1.36432855e-05,-0.081719115,0.5893722,2.489816,1.3945884,7.528007,0.9041485,6.943733,0.0,14.742011,-9.290937,0.6296296,99.61802,1.0,0.0,0.0,1.0,0.0,0,13.414705,9.748684,0.0,5.713225,0.0,3.1829596,5.3237514,1.3204547,0.0,5.4425106
3,342,343.0,10.0,1.0,1.0,321.0,1.0,1.0,1.0,0.90385914,1.0,-0.0,0.0,-1.4457128e-05,-0.09612635,0.55484545,2.5744836,1.3749342,7.195538,1.0778333,7.955574,0.0,15.650925,-9.973277,0.6203704,98.771065,1.0,0.0,0.0,1.0,0.0,0,10.915823,11.003554,0.0,6.1446486,0.0,4.6247587,4.700475,4.92424,0.0,0.0
0,343,344.0,10.0,1.0,1.0,320.0,1.0,1.0,1.0,0.96446157,1.0,-0.0,0.0,-1.4561846e-05,-0.03552387,0.60676223,2.576657,1.1484702,5.709707,0.97772163,6.0179057,0.0,15.238457,-9.764707,0.6157407,100.002525,1.0,0.0,0.0,1.0,0.0,0,12.985847,10.025135,0.0,6.3986826,0.0,4.732772,5.7950377,1.1182044,0.0,2.3928506
1,343,344.0,10.0,1.0,1.0,322.0,1.0,1.0,1.0,0.9346882,1.0,-0.0,0.0,-1.3919448e-05,-0.06529787,0.5780872,2.4440067,1.2505822,6.3028903,0.9862269,7.038505,0.0,13.939523,-9.456704,0.6296296,100.54868,1.0,0.0,0.0,1.0,0.0,0,11.611151,10.7474,0.0,6.049872,0.0,5.742798,5.3673205,2.065344,0.0,6.1104875
2,343,344.0,10.0,1.0,1.0,322.0,1.0,1.0,1.0,0.9177478,1.0,-0.0,0.0,-1.39913045e-05,-0.08223818,0.589133,2.458846,1.3914609,7.50143,0.91723615,6.998334,0.0,14.719206,-9.279678,0.6296296,99.62255,1.0,0.0,0.0,1.0,0.0,0,13.380296,9.780922,0.0,5.6888866,0.0,2.9856048,5.447035,1.1097263,0.0,5.4050546
3,343,344.0,10.0,1.0,1.0,322.0,1.0,1.0,1.0,0.904953,1.0,-0.0,0.0,-1.47885285e-05,-0.0950322,0.5523976,2.5392084,1.3711154,7.1805024,1.0852765,7.9185658,0.0,15.580245,-9.969245,0.6203704,98.777504,1.0,0.0,0.0,1.0,0.0,0,11.071081,11.041348,0.0,6.2277446,0.0,4.6559095,4.82338,5.0148587,0.0,0.0
0,344,345.0,10.0,1.0,1.0,321.0,1.0,1.0,1.0,0.9634032,1.0,-0.0,0.0,-1.3958362e-05,-0.036582798,0.606139,2.5542276,1.1547759,5.715327,1.0019549,6.0341487,0.0,15.243965,-9.740416,0.6157407,100.011955,1.0,0.0,0.0,1.0,0.0,0,12.46143,10.092688,0.0,6.057022,0.0,4.3745565,5.896491,2.3786733,0.0,1.9843708
1,344,345.0,10.0,1.0,1.0,323.0,1.0,1.0,1.0,0.93510115,1.0,-0.0,0.0,-1.3796687e-05,-0.064885095,0.5762812,2.4103944,1.2469536,6.285722,0.99461424,7.0409527,0.0,13.862434,-9.44533,0.6296296,100.55474,1.0,0.0,0.0,1.0,0.0,0,11.71271,10.718631,0.0,6.0697985,0.0,5.6335344,5.443968,2.1234994,0.0,6.091533
2,344,345.0,10.0,1.0,1.0,323.0,1.0,1.0,1.0,0.91775,1.0,-0.0,0.0,-1.3979651e-05,-0.08223597,0.58842266,2.4262831,1.3862947,7.4737086,0.929721,7.0369473,0.0,14.689632,-9.271265,0.6296296,99.62716,1.0,0.0,0.0,1.0,0.0,0,13.523993,9.9181795,0.0,5.704684,0.0,2.8755836,5.558156,1.320111,0.0,5.397278
3,344,345.0,10.0,1.0,1.0,323.0,1.0,1.0,1.0,0.9040912,1.0,-0.0,0.0,-1.4698595e-05,-0.09589408,0.55161566,2.5087624,1.3694589,7.17832,1.1017982,7.9827027,0.0,15.6299715,-9.974566,0.6203704,98.77999,1.0,0.0,0.0,1.0,0.0,0,11.1048,11.043838,0.0,6.217092,0.0,4.677484,5.0538325,4.3660607,0.0,0.0
0,345,346.0,10.0,1.0,1.0,322.0,1.0,1.0,1.0,0.9610256,1.0,-0.0,0.0,-1.3711614e-05,-0.038960725,0.6071203,2.533128,1.1617261,5.7138195,1.0301805,6.124697,0.0,15.3093815,-9.704658,0.6157407,100.023186,1.0,0.0,0.0,1.0,0.0,0,13.079539,11.082901,0.0,6.185003,0.0,4.0016985,6.0459733,2.4611497,0.0,1.3520254
1,345,346.0,10.0,1.0,1.0,324.0,1.0,1.0,1.0,0.93554324,1.0,-0.0,0.0,-1.3710902e-05,-0.06444303,0.5746994,2.3751497,1.2452579,6.268631,1.0019158,7.027147,0.0,13.750454,-9.43623,0.6296296,100.56336,1.0,0.0,0.0,1.0,0.0,0,11.715661,10.729354,0.0,6.023692,0.0,5.5689955,5.7470994,2.0998955,0.0,5.967556
2,345,346.0,10.0,1.0,1.0,324.0,1.0,1.0,1.0,0.91716754,1.0,-0.0,0.0,-1.3856533e-05,-0.08281866,0.5870633,2.3921018,1.385585,7.4692016,0.9409666,7.077232,0.0,14.635382,-9.261848,0.6296296,99.63179,1.0,0.0,0.0,1.0,0.0,0,13.502044,9.898619,0.0,5.769413,0.0,3.1324072,5.773274,0.6433947,0.0,5.052461
3,345,346.0,10.0,1.0,1.0,324.0,1.0,1.0,1.0,0.90545344,1.0,-0.0,0.0,-1.4650949e-05,-0.09453192,0.5493634,2.4714475,1.3639393,7.139483,1.1084994,7.94237,0.0,15.492435,-9.967372,0.6203704,98.787834,1.0,0.0,0.0,1.0,0.0,0,10.956147,11.102061,0.0,6.1677275,0.0,4.2098722,5.3438706,4.4785414,0.0,0.0
0,346,347.0,10.0,1.0,1.0,323.0,1.0,1.0,1.0,0.959401,1.0,-0.0,0.0,-1.4053797e-05,-0.040584948,0.6065387,2.5077598,1.1687751,5.7195725,1.053096,6.169283,0.0,15.289087,-9.667564,0.6157407,100.03387,1.0,0.0,0.0,1.0,0.0,0,12.582421,11.115823,0.0,5.7907367,0.0,3.5463877,6.255027,2.8404133,0.0,1.0845524
1,346,347.0,10.0,1.0,1.0,325.0,1.0,1.0,1.0,0.9389176,1.0,-0.0,0.0,-1.3805109e-05,-0.061068617,0.53282714,2.3284786,1.2695023,6.819345,0.9875246,6.642849,0.0,12.473084,-9.215336,0.6296296,100.64328,1.0,0.0,0.0,1.0,0.0,0,11.690297,11.023773,0.0,6.704934,0.0,5.62201,7.227975,2.2768984,0.0,4.5214553
2,346,347.0,10.0,1.0,1.0,325.0,1.0,1.0,1.0,0.92120606,1.0,-0.0,0.0,-1.3986995e-05,-0.078779936,0.54736733,2.3375242,1.4054438,8.058296,0.9093793,6.668499,0.0,13.551312,-9.130963,0.6296296,99.69142,1.0,0.0,0.0,1.0,0.0,0,14.59986,10.779272,0.0,6.8874965,0.0,3.3645158,7.307069,2.3970213,0.0,3.460003
3,346,347.0,10.0,1.0,1.0,325.0,1.0,1.0,1.0,0.9118337,1.0,-0.0,0.0,-1.4900883e-05,-0.088151395,0.5202938,2.4133043,1.3411896,7.1589823,1.103074,7.7301607,0.0,14.232123,-9.794395,0.6203704,98.8587,1.0,0.0,0.0,1.0,0.0,0,10.930496,10.7998495,0.0,7.139574,0.0,3.8097827,6.7704277,4.9136395,0.0,0.0
0,347,348.0,10.0,1.0,1.0,324.0,1.0,1.0,1.0,0.9592051,1.0,-0.0,0.0,-1.4240823e-05,-0.04078065,0.6032061,2.4729352,1.1748548,5.759544,1.0688184,6.1354275,0.0,15.101571,-9.632163,0.6157407,100.04544,1.0,0.0,0.0,1.0,0.0,0,12.422162,11.047186,0.0,5.730152,0.0,3.7864377,6.4373593,3.3070135,0.0,0.67388123
1,347,348.0,10.0,1.0,1.0,326.0,1.0,1.0,1.0,0.9359772,1.0,-0.0,0.0,-1.5215895e-05,-0.064007565,0.5466461,2.3203895,1.261781,6.6388392,1.0061816,6.877096,0.0,12.862392,-9.1483755,0.6296296,100.67893,1.0,0.0,0.0,1.0,0.0,0,11.537831,11.099146,0.0,6.211644,0.0,5.4406714,5.8173537,1.1500249,0.0,4.3861732
2,347,348.0,10.0,1.0,1.0,326.0,1.0,1.0,1.0,0.9208792,1.0,-0.0,0.0,-1.6037591e-05,-0.07910476,0.5603515,2.3106937,1.4042856,7.9049034,0.91534406,6.7141433,0.0,13.805833,-9.114359,0.6296296,99.70644,1.0,0.0,0.0,1.0,0.0,0,14.026209,10.453046,0.0,5.767411,0.0,2.9626348,6.355112,1.4126021,0.0,3.1835742
3,347,348.0,10.0,1.0,1.0,326.0,1.0,1.0,1.0,0.9119995,1.0,-0.0,0.0,-1.785772e-05,-0.08798258,0.52815604,2.3883412,1.3373833,7.095909,1.1119211,7.7485805,0.0,14.388857,-9.765551,0.6203704,98.87907,1.0,0.0,0.0,1.0,0.0,0,11.187861,11.253794,0.0,6.657837,0.0,4.0432873,5.9537907,4.543811,0.0,0.0
0,348,349.0,10.0,1.0,1.0,325.0,1.0,1.0,1.0,0.9613083,1.0,-0.0,0.0,-1.4522483e-05,-0.03867717,0.5555201,2.4565513,1.1765288,6.373929,1.0719963,5.9467,0.0,13.634836,-9.248541,0.6157407,100.16402,1.0,0.0,0.0,1.0,0.0,0,11.916596,10.608907,0.0,5.8308725,0.0,4.785148,7.4320216,3.262183,0.0,0.0
1,348,349.0,10.0,1.0,1.0,327.0,1.0,1.0,1.0,0.9359448,1.0,-0.0,0.0,-1.44029345e-05,-0.06404076,0.5460404,2.294966,1.2575781,6.597899,1.0053618,6.9106083,0.0,12.760993,-9.116925,0.6296296,100.69048,1.0,0.0,0.0,1.0,0.0,0,11.66322,10.98382,0.0,6.137581,0.0,5.093314,5.960721,1.0423279,0.0,4.583142
2,348,349.0,10.0,1.0,1.0,327.0,1.0,1.0,1.0,0.92091024,1.0,-0.0,0.0,-1.4327878e-05,-0.079075485,0.55849105,2.2789092,1.4023733,7.895682,0.9226056,6.7267284,0.0,13.7211,-9.115604,0.6296296,99.71195,1.0,0.0,0.0,1.0,0.0,0,14.283226,10.49267,0.0,6.019701,0.0,2.8739522,6.513572,1.4055743,0.0,3.3218944
3,348,349.0,10.0,1.0,1.0,327.0,1.0,1.0,1.0,0.911998,1.0,-0.0,0.0,-1.4786278e-05,-0.08798723,0.52771866,2.360531,1.3348627,7.0607243,1.1168729,7.7677627,0.0,14.33094,-9.759832,0.6203704,98.88571,1.0,0.0,0.0,1.0,0.0,0,11.320817,11.195695,0.0,6.660206,0.0,3.8553956,5.8035245,4.327295,0.0,0.0
0,349,350.0,10.0,1.0,1.0,326.0,1.0,1.0,1.0,0.9622427,1.0,-0.0,0.0,-1.7009512e-05,-0.037740298,0.5624317,2.4417105,1.1841325,6.319517,1.0863068,5.8834233,0.0,13.861522,-9.205218,0.6203704,100.195404,1.0,0.0,0.0,1.0,0.0,0,12.623185,10.855323,0.0,5.9170074,0.0,4.4445286,6.429209,3.9491649,0.0,0.0
1,349,350.0,10.0,1.0,1.0,328.0,1.0,1.0,1.0,0.9359747,1.0,-0.0,0.0,-1.32397745e-05,-0.06401202,0.5462095,2.276368,1.2576658,6.58019,1.0054549,6.9082274,0.0,12.696686,-9.06998,0.6296296,100.70666,1.0,0.0,0.0,1.0,0.0,0,11.652487,10.985393,0.0,6.0761433,0.0,5.0843763,6.1730986,0.72088856,0.0,4.5043087
2,349,350.0,10.0,1.0,1.0,328.0,1.0,1.0,1.0,0.9205472,1.0,-0.0,0.0,-1.3556112e-05,-0.079439305,0.5581684,2.2541032,1.3979251,7.8634744,0.9328975,6.781919,0.0,13.730384,-9.116013,0.6296296,99.71274,1.0,0.0,0.0,1.0,0.0,0,14.469574,10.659636,0.0,6.0639067,0.0,2.9047077,6.6349545,1.6449867,0.0,3.3530288
3,349,350.0,10.0,1.0,1.0,328.0,1.0,1.0,1.0,0.91215444,1.0,-0.0,0.0,-1.4274594e-05,-0.08783135,0.52686185,2.335698,1.3329705,7.044067,1.123694,7.772601,0.0,14.286834,-9.746016,0.6203704,98.891205,1.0,0.0,0.0,1.0,0.0,0,11.388152,11.203411,0.0,6.6887646,0.0,3.924974,5.9303083,4.4948516,0.0,0.0
0,350,351.0,10.0,1.0,1.0,327.0,1.0,1.0,1.0,0.9614602,1.0,-0.0,0.0,-1.41738265e-05,-0.03852562,0.5630646,2.419575,1.1885717,6.3153024,1.0932854,5.8972483,0.0,13.788678,-9.161923,0.6203704,100.20884,1.0,0.0,0.0,1.0,0.0,0,12.800202,10.792824,0.0,6.0362353,0.0,4.2371645,6.377755,3.5655582,0.0,0.0
1,350,351.0,10.0,1.0,1.0,329.0,1.0,1.0,1.0,0.93618715,1.0,-0.0,0.0,-1.34329985e-05,-0.06379941,0.54669493,2.2641842,1.2557834,6.54762,1.0038962,6.9095883,0.0,12.621512,-9.029143,0.6296296,100.72279,1.0,0.0,0.0,1.0,0.0,0,11.7466,10.908022,0.0,6.073214,0.0,5.0221825,6.030471,1.1449027,0.0,4.8280334
2,350,351.0,10.0,1.0,1.0,329.0,1.0,1.0,1.0,0.9203737,1.0,-0.0,0.0,-1.35727705e-05,-0.07961275,0.5582366,2.2352202,1.3939399,7.8341327,0.9424119,6.8222156,0.0,13.700611,-9.108422,0.6296296,99.71587,1.0,0.0,0.0,1.0,0.0,0,14.501215,10.71006,0.0,6.0344706,0.0,2.418529,6.863173,1.3074454,0.0,3.4048364
3,350,351.0,10.0,1.0,1.0,329.0,1.0,1.0,1.0,0.9120551,1.0,-0.0,0.0,-1.4155214e-05,-0.08793081,0.52774996,2.318283,1.3308947,7.02001,1.1280922,7.7941375,0.0,14.25189,-9.726759,0.6203704,98.89652,1.0,0.0,0.0,1.0,0.0,0,11.377143,11.162438,0.0,6.649514,0.0,3.825014,5.9127336,4.5935874,0.0,0.0
0,351,352.0,10.0,1.0,1.0,328.0,1.0,1.0,1.0,0.9610239,1.0,-0.0,0.0,-1.4032223e-05,-0.038962096,0.5639516,2.4060528,1.1869462,6.2778683,1.0993817,5.9356294,0.0,13.790698,-9.113843,0.6203704,100.22473,1.0,0.0,0.0,1.0,0.0,0,12.880922,10.789146,0.0,6.001718,0.0,4.4107847,6.140387,3.789891,0.0,0.0
1,351,352.0,10.0,1.0,1.0,330.0,1.0,1.0,1.0,0.935704,1.0,-0.0,0.0,-1.3483466e-05,-0.06428255,0.54782856,2.2672973,1.2572036,6.518372,1.0045298,6.9279256,0.0,12.543033,-8.977798,0.6296296,100.74187,1.0,0.0,0.0,1.0,0.0,0,11.590986,10.900217,0.0,5.8526406,0.0,4.6325636,6.1238084,1.1530107,0.0,4.814385
2,351,352.0,10.0,1.0,1.0,330.0,1.0,1.0,1.0,0.9204811,1.0,-0.0,0.0,-1.3619095e-05,-0.07950533,0.55719686,2.227616,1.3912151,7.8227262,0.95055306,6.836206,0.0,13.649692,-9.108134,0.6296296,99.71972,1.0,0.0,0.0,1.0,0.0,0,14.5147,10.824166,0.0,5.992288,0.0,2.2660022,6.914871,1.715228,0.0,3.5096264
3,351,352.0,10.0,1.0,1.0,330.0,1.0,1.0,1.0,0.91193783,1.0,-0.0,0.0,-1.4328807e-05,-0.08804789,0.5279351,2.3166225,1.3292484,7.011303,1.1309464,7.81351,0.0,14.247214,-9.697961,0.6203704,98.90613,1.0,0.0,0.0,1.0,0.0,0,11.591222,11.079663,0.0,6.657759,0.0,3.690555,5.950038,4.819472,0.0,0.0
0,352,353.0,10.0,1.0,1.0,329.0,1.0,1.0,1.0,0.9604795,1.0,-0.0,0.0,-1.357932e-05,-0.039506882,0.56531614,2.3975174,1.1851369,6.2364445,1.1048013,5.9818854,0.0,13.766725,-9.066901,0.6203704,100.23948,1.0,0.0,0.0,1.0,0.0,0,12.789473,10.741788,0.0,5.92008,0.0,4.3370924,6.0813823,3.7471194,0.0,0.14792298
1,352,353.0,10.0,1.0,1.0,331.0,1.0,1.0,1.0,0.93527997,1.0,-0.0,0.0,-1.3060591e-05,-0.06470695,0.5490273,2.2774994,1.2558181,6.484887,1.0065967,6.9637804,0.0,12.482994,-8.920333,0.6296296,100.76027,1.0,0.0,0.0,1.0,0.0,0,11.713908,10.849813,0.0,5.898948,0.0,4.5834684,5.9373055,1.2249475,0.0,5.108598
2,352,353.0,10.0,1.0,1.0,331.0,1.0,1.0,1.0,0.9206556,1.0,-0.0,0.0,-1.3584551e-05,-0.07933083,0.5568657,2.2272375,1.3884759,7.8054852,0.9555138,6.8462796,0.0,13.585027,-9.10026,0.6296296,99.724075,1.0,0.0,0.0,1.0,0.0,0,14.537765,10.938536,0.0,5.982954,0.0,2.247024,6.9737926,1.9686934,0.0,3.5663836
3,352,353.0,10.0,1.0,1.0,331.0,1.0,1.0,1.0,0.91163695,1.0,-0.0,0.0,-1.4608818e-05,-0.08834845,0.52775145,2.3220472,1.3284899,7.004374,1.1348451,7.8372316,0.0,14.225954,-9.651979,0.6203704,98.91886,1.0,0.0,0.0,1.0,0.0,0,11.68703,11.049404,0.0,6.669019,0.0,3.7570179,5.7373967,4.9349494,0.0,0.0
0,353,354.0,10.0,1.0,1.0,330.0,1.0,1.0,1.0,0.9600635,1.0,-0.0,0.0,-1.3605771e-05,-0.039922867,0.5650513,2.4019525,1.1847558,6.217329,1.1117431,6.0097027,0.0,13.715714,-9.013633,0.6203704,100.25611,1.0,0.0,0.0,1.0,0.0,0,12.833367,10.781813,0.0,5.906272,0.0,4.292595,6.1534033,3.7779727,0.0,0.21916243
1,353,354.0,10.0,1.0,1.0,332.0,1.0,1.0,1.0,0.9349022,1.0,-0.0,0.0,-1.3434361e-05,-0.0650844,0.54934585,2.2933452,1.2541411,6.442727,1.0088171,6.9990044,0.0,12.409058,-8.866199,0.6296296,100.77968,1.0,0.0,0.0,1.0,0.0,0,11.820251,10.832058,0.0,5.900661,0.0,4.535236,5.9758782,1.2032646,0.0,5.1587324
2,353,354.0,10.0,1.0,1.0,332.0,1.0,1.0,1.0,0.92098874,1.0,-0.0,0.0,-1.3634006e-05,-0.07899763,0.5546492,2.233251,1.3884069,7.8072915,0.9569533,6.8268056,0.0,13.478583,-9.089184,0.6296296,99.7336,1.0,0.0,0.0,1.0,0.0,0,14.375028,10.938101,0.0,5.8305216,0.0,2.1507475,6.8725553,2.0634446,0.0,3.9150345
3,353,354.0,10.0,1.0,1.0,332.0,1.0,1.0,1.0,0.91123366,1.0,-0.0,0.0,-1.434502e-05,-0.08875199,0.52789974,2.3352118,1.3265736,6.9869094,1.1382433,7.8758163,0.0,14.198246,-9.59395,0.6203704,98.93519,1.0,0.0,0.0,1.0,0.0,0,11.788043,11.000122,0.0,6.698202,0.0,3.7254648,5.5714636,4.9784865,0.0,0.0
0,354,355.0,10.0,1.0,1.0,331.0,1.0,1.0,1.0,0.9594636,1.0,-0.0,0.0,-1.3630839e-05,-0.04052277,0.56604075,2.4148917,1.1833423,6.1822166,1.1186304,6.0562987,0.0,13.697958,-8.956027,0.6203704,100.273476,1.0,0.0,0.0,1.0,0.0,0,12.74509,10.748444,0.0,5.778049,0.0,4.4474893,5.9055095,3.7899137,0.0,0.29670563
1,354,355.0,10.0,1.0,1.0,333.0,1.0,1.0,1.0,0.93475556,1.0,-0.0,0.0,-1.302751e-05,-0.06523138,0.54930186,2.3124995,1.2535284,6.4125123,1.0102794,7.01242,0.0,12.343682,-8.822194,0.6296296,100.79659,1.0,0.0,0.0,1.0,0.0,0,11.818997,10.843335,0.0,5.7926664,0.0,4.3866615,5.916272,1.2342708,0.0,5.252819
2,354,355.0,10.0,1.0,1.0,333.0,1.0,1.0,1.0,0.92135036,1.0,-0.0,0.0,-1.380313e-05,-0.07863578,0.553856,2.244742,1.389344,7.818119,0.9571053,6.798066,0.0,13.366906,-9.067815,0.6296296,99.74241,1.0,0.0,0.0,1.0,0.0,0,14.494999,10.988682,0.0,5.8882475,0.0,2.2869632,6.99053,2.082659,0.0,3.9654665
3,354,355.0,10.0,1.0,1.0,333.0,1.0,1.0,1.0,0.91084677,1.0,-0.0,0.0,-1.4305347e-05,-0.089138925,0.5279746,2.3544853,1.324167,6.9623184,1.141539,7.917082,0.0,14.1417885,-9.527883,0.6203704,98.95413,1.0,0.0,0.0,1.0,0.0,0,11.815643,10.9564,0.0,6.654819,0.0,3.671865,5.520863,4.9845557,0.0,0.0
0,355,356.0,10.0,1.0,1.0,332.0,1.0,1.0,1.0,0.9589113,1.0,-0.0,0.0,-1.3586098e-05,-0.04107508,0.5652856,2.4328415,1.1815954,6.153524,1.1254265,6.102539,0.0,13.662175,-8.904093,0.6203704,100.291,1.0,0.0,0.0,1.0,0.0,0,12.849095,10.726908,0.0,5.7616673,0.0,4.584753,5.7134995,3.5209258,0.0,0.58926076
1,355,356.0,10.0,1.0,1.0,334.0,1.0,1.0,1.0,0.934131,1.0,-0.0,0.0,-1.3064132e-05,-0.06585595,0.5502168,2.3364418,1.2513599,6.370857,1.0139081,7.066157,0.0,12.303488,-8.766919,0.6296296,100.81511,1.0,0.0,0.0,1.0,0.0,0,11.911381,10.82641,0.0,5.7328053,0.0,4.468009,5.7472444,1.1789433,0.0,5.4311724
2,355,356.0,10.0,1.0,1.0,334.0,1.0,1.0,1.0,0.92225045,1.0,-0.0,0.0,-1.3679159e-05,-0.0777359,0.5528003,2.2561808,1.3883718,7.8252296,0.9551115,6.7513647,0.0,13.28341,-9.068925,0.6296296,99.74785,1.0,0.0,0.0,1.0,0.0,0,14.577615,11.072511,0.0,5.8825006,0.0,2.238271,7.0324273,2.0951653,0.0,4.028126
3,355,356.0,10.0,1.0,1.0,334.0,1.0,1.0,1.0,0.9104545,1.0,-0.0,0.0,-1.4219448e-05,-0.08953122,0.5289927,2.3768609,1.3211758,6.9297338,1.1439304,7.963054,0.0,14.060515,-9.452675,0.6203704,98.97628,1.0,0.0,0.0,1.0,0.0,0,12.067998,10.814867,0.0,6.5544806,0.0,3.6261115,5.47697,4.946274,0.0,0.0
0,356,357.0,10.0,1.0,1.0,333.0,1.0,1.0,1.0,0.9574508,1.0,-0.0,0.0,-1.333056e-05,-0.042535853,0.5672034,2.456581,1.1792197,6.100614,1.135863,6.208002,0.0,13.663997,-8.848744,0.6203704,100.305305,1.0,0.0,0.0,1.0,0.0,0,12.678218,10.744938,0.0,5.6314535,0.0,4.30808,5.969304,2.9234476,0.0,0.6941784
1,356,357.0,10.0,1.0,1.0,335.0,1.0,1.0,1.0,0.9336741,1.0,-0.0,0.0,-1.2989004e-05,-0.06631291,0.551866,2.3590188,1.2516669,6.335111,1.0155269,7.091272,0.0,12.251985,-8.714458,0.6342593,100.832214,1.0,0.0,0.0,1.0,0.0,0,11.807366,10.841193,0.0,5.577133,0.0,4.5428596,5.7747507,1.0850525,0.0,5.351154
2,356,357.0,10.0,1.0,1.0,335.0,1.0,1.0,1.0,0.9235041,1.0,-0.0,0.0,-1.3512719e-05,-0.07648237,0.55116343,2.267542,1.3909909,7.8642707,0.95155734,6.65651,0.0,13.194846,-9.068489,0.6296296,99.7554,1.0,0.0,0.0,1.0,0.0,0,14.525095,11.190921,0.0,5.761662,0.0,2.3832998,7.2544003,2.2667994,0.0,3.9896095
3,356,357.0,10.0,1.0,1.0,335.0,1.0,1.0,1.0,0.91003937,1.0,-0.0,0.0,-1.4646067e-05,-0.08994596,0.5279653,2.3999417,1.3178517,6.885631,1.1465942,8.012869,0.0,13.915829,-9.371695,0.6203704,99.001945,1.0,0.0,0.0,1.0,0.0,0,12.11649,10.822286,0.0,6.5594454,0.0,3.6171954,5.403487,4.75795,0.0,0.0
0,357,358.0,10.0,1.0,1.0,334.0,1.0,1.0,1.0,0.9565372,1.0,-0.0,0.0,-1.3009646e-05,-0.043449804,0.5665567,2.4837482,1.1761024,6.0535827,1.1447327,6.2862196,0.0,13.665255,-8.801719,0.6203704,100.32307,1.0,0.0,0.0,1.0,0.0,0,12.909402,10.835586,0.0,5.720957,0.0,4.557225,5.8410087,2.870227,0.0,0.9142479
1,357,358.0,10.0,1.0,1.0,336.0,1.0,1.0,1.0,0.93428355,1.0,-0.0,0.0,-1.2726617e-05,-0.065703675,0.55,2.380529,1.2531018,6.3294225,1.0154121,7.0439553,0.0,12.136124,-8.665867,0.6342593,100.85542,1.0,0.0,0.0,1.0,0.0,0,11.843561,10.842284,0.0,5.536386,0.0,4.6877933,5.8536105,0.914455,0.0,5.5322447
2,357,358.0,10.0,1.0,1.0,336.0,1.0,1.0,1.0,0.92191374,1.0,-0.0,0.0,-1.3456646e-05,-0.07807279,0.55160856,2.3014984,1.3907576,7.792026,0.9577072,6.753684,0.0,13.108949,-9.0141945,0.6296296,99.78347,1.0,0.0,0.0,1.0,0.0,0,13.903453,10.812223,0.0,5.3375187,0.0,2.013146,6.7076926,1.9043732,0.0,4.2761874
3,357,358.0,10.0,1.0,1.0,336.0,1.0,1.0,1.0,0.90960765,1.0,-0.0,0.0,-1.41456585e-05,-0.090378225,0.5269777,2.4226742,1.3160827,6.8630743,1.151013,8.052072,0.0,13.755469,-9.272084,0.6203704,99.030014,1.0,0.0,0.0,1.0,0.0,0,12.355002,10.921516,0.0,6.6124845,0.0,3.3867152,5.438216,4.5021186,0.0,0.0
0,358,359.0,10.0,1.0,1.0,335.0,1.0,1.0,1.0,0.95604694,1.0,-0.0,0.0,-1.3095189e-05,-0.04393994,0.56615436,2.5078893,1.1747582,6.026617,1.1516402,6.3257093,0.0,13.627112,-8.75828,0.6203704,100.33802,1.0,0.0,0.0,1.0,0.0,0,12.973156,10.7000475,0.0,5.876192,0.0,4.649979,5.54231,3.117343,0.0,0.98602104
1,358,359.0,10.0,1.0,1.0,337.0,1.0,1.0,1.0,0.9344176,1.0,-0.0,0.0,-1.30591725e-05,-0.065569356,0.55129755,2.401106,1.2510346,6.301151,1.0167637,7.0514007,0.0,12.077439,-8.618038,0.6342593,100.87278,1.0,0.0,0.0,1.0,0.0,0,11.977026,10.794515,0.0,5.528677,0.0,4.913618,5.6801434,1.1196866,0.0,5.5951943
2,358,359.0,10.0,1.0,1.0,337.0,1.0,1.0,1.0,0.920436,1.0,-0.0,0.0,-1.3816051e-05,-0.07955013,0.5514398,2.3285758,1.3962595,7.7603984,0.962572,6.8010607,0.0,12.934679,-8.941816,0.6296296,99.81129,1.0,0.0,0.0,1.0,0.0,0,13.488592,10.634164,0.0,5.1161404,0.0,2.0369606,6.942679,1.3836224,0.0,4.1964564
3,358,359.0,10.0,1.0,1.0,337.0,1.0,1.0,1.0,0.9093233,1.0,-0.0,0.0,-1.402894e-05,-0.09066272,0.5269226,2.443142,1.3190074,6.8636446,1.1577189,8.047207,0.0,13.608473,-9.171189,0.6203704,99.06042,1.0,0.0,0.0,1.0,0.0,0,12.06499,10.92189,0.0,6.4285655,0.0,3.1479404,5.5971174,4.303638,0.0,0.0
0,359,360.0,10.0,1.0,1.0,336.0,1.0,1.0,1.0,0.9554719,1.0,-0.0,0.0,-1.2942379e-05,-0.044515222,0.5672943,2.5306997,1.1736358,6.000445,1.1571994,6.3686438,0.0,13.598004,-8.711318,0.6203704,100.351204,1.0,0.0,0.0,1.0,0.0,0,12.885223,10.768768,0.0,5.585364,0.0,4.5539703,5.669879,3.1619668,0.0,1.2974979
1,359,360.0,10.0,1.0,1.0,338.0,1.0,1.0,1.0,0.9347421,1.0,-0.0,0.0,-1.2883732e-05,-0.06524503,0.5516238,2.4109998,1.2507383,6.2850986,1.0173494,7.0341644,0.0,11.976448,-8.584,0.6342593,100.888695,1.0,0.0,0.0,1.0,0.0,0,11.913552,10.823134,0.0,5.4845037,0.0,4.663762,5.6989074,1.0201519,0.0,5.679696
2,359,360.0,10.0,1.0,1.0,338.0,1.0,1.0,1.0,0.91952765,1.0,-0.0,0.0,-1.3596637e-05,-0.080458775,0.5505823,2.3442903,1.3974843,7.74231,0.9679369,6.846394,0.0,12.803811,-8.869912,0.6296296,99.8331,1.0,0.0,0.0,1.0,0.0,0,13.456366,10.619319,0.0,5.0876374,0.0,2.0449033,6.8164577,1.2427956,0.0,4.3873677
3,359,360.0,10.0,1.0,1.0,338.0,1.0,1.0,1.0,0.9087692,1.0,-0.0,0.0,-1.3873376e-05,-0.09121691,0.5267721,2.45758,1.3186494,6.8585086,1.1639768,8.083143,0.0,13.48866,-9.076772,0.6203704,99.08856,1.0,0.0,0.0,1.0,0.0,0,12.145623,10.887634,0.0,6.3918037,0.0,3.070835,5.5786877,4.2421746,0.0,0.0
0,360,361.0,10.0,1.0,1.0,337.0,1.0,1.0,1.0,0.9550735,1.0,-0.0,0.0,-1.32241175e-05,-0.044913277,0.56602246,2.5500865,1.1710689,5.977302,1.1627545,6.4117794,0.0,13.516026,-8.664913,0.6203704,100.36507,1.0,0.0,0.0,1.0,0.0,0,13.028461,10.754291,0.0,5.6090837,0.0,4.716747,5.3803124,3.1574833,0.0,1.3875606
1,360,361.0,10.0,1.0,1.0,339.0,1.0,1.0,1.0,0.93463486,1.0,-0.0,0.0,-1.2878799e-05,-0.065352276,0.55124986,2.4098287,1.2497424,6.2573786,1.0179919,7.048068,0.0,11.919239,-8.567657,0.6342593,100.89989,1.0,0.0,0.0,1.0,0.0,0,11.924999,10.877263,0.0,5.376403,0.0,4.7213173,5.74143,0.9025568,0.0,5.688757
2,360,361.0,10.0,1.0,1.0,339.0,1.0,1.0,1.0,0.91882586,1.0,-0.0,0.0,-1.3293246e-05,-0.08116084,0.54966325,2.3498783,1.3991439,7.7344146,0.9735872,6.8760705,0.0,12.709421,-8.810097,0.6296296,99.85268,1.0,0.0,0.0,1.0,0.0,0,13.392361,10.637625,0.0,5.0116186,0.0,1.8680127,6.8884845,1.008616,0.0,4.606116
3,360,361.0,10.0,1.0,1.0,339.0,1.0,1.0,1.0,0.9077351,1.0,-0.0,0.0,-1.3876519e-05,-0.092251,0.5279377,2.464275,1.3208661,6.851768,1.1744819,8.128563,0.0,13.422028,-8.976928,0.6203704,99.11601,1.0,0.0,0.0,1.0,0.0,0,12.141187,10.915201,0.0,6.2655687,0.0,2.9644475,5.737809,3.854738,0.0,0.0
0,361,362.0,10.0,1.0,1.0,338.0,1.0,1.0,1.0,0.9546522,1.0,-0.0,0.0,-1.3015292e-05,-0.045334842,0.56589174,2.5622525,1.1688577,5.9520965,1.1678137,6.453657,0.0,13.453549,-8.622282,0.6203704,100.378716,1.0,0.0,0.0,1.0,0.0,0,13.116171,10.773291,0.0,5.5631394,0.0,4.582706,5.5315166,2.948127,0.0,1.5241948
1,361,362.0,10.0,1.0,1.0,340.0,1.0,1.0,1.0,0.9346245,1.0,-0.0,0.0,-1.2613969e-05,-0.06536285,0.5514897,2.4046838,1.249738,6.2366953,1.0183675,7.0487347,0.0,11.840688,-8.537443,0.6342593,100.91063,1.0,0.0,0.0,1.0,0.0,0,11.901789,10.8918915,0.0,5.2987137,0.0,4.683059,5.779302,0.76473516,0.0,5.757927
2,361,362.0,10.0,1.0,1.0,340.0,1.0,1.0,1.0,0.9177662,1.0,-0.0,0.0,-1.3312032e-05,-0.08222048,0.54795706,2.3525667,1.4000441,7.706515,0.98102146,6.9328976,0.0,12.622277,-8.764103,0.6296296,99.87155,1.0,0.0,0.0,1.0,0.0,0,13.313993,10.552272,0.0,4.8045745,0.0,1.9834194,6.61571,0.93241405,0.0,4.9167414
3,361,362.0,10.0,1.0,1.0,340.0,1.0,1.0,1.0,0.9065953,1.0,-0.0,0.0,-1.3281299e-05,-0.0933914,0.5306989,2.4690075,1.3244528,6.8346014,1.1861315,8.170088,0.0,13.394413,-8.885674,0.6203704,99.14333,1.0,0.0,0.0,1.0,0.0,0,11.817896,11.03239,0.0,6.0789266,0.0,3.0616813,5.9166756,3.6046832,0.0,0.0
0,362,363.0,10.0,1.0,1.0,339.0,1.0,1.0,1.0,0.95527256,1.0,-0.0,0.0,-1.2858629e-05,-0.044714596,0.5507641,2.5649188,1.1729877,6.028436,1.1796528,6.385467,0.0,13.340291,-8.549866,0.6203704,100.40417,1.0,0.0,0.0,1.0,0.0,0,13.634803,11.145152,0.0,5.7799287,0.0,4.9580407,5.893789,0.9336406,0.0,1.5655421
1,362,363.0,10.0,1.0,1.0,341.0,1.0,1.0,1.0,0.9346211,1.0,-0.0,0.0,-1.25708775e-05,-0.0653663,0.55063593,2.404058,1.2477678,6.2064886,1.0191047,7.0637183,0.0,11.765374,-8.5242,0.6342593,100.920715,1.0,0.0,0.0,1.0,0.0,0,11.929523,10.867852,0.0,5.225036,0.0,4.558966,5.7587547,0.7653023,0.0,5.8640504
2,362,363.0,10.0,1.0,1.0,341.0,1.0,1.0,1.0,0.9172945,1.0,-0.0,0.0,-1.2859184e-05,-0.08269264,0.54679626,2.35888,1.3998536,7.6962423,0.9875741,6.962656,0.0,12.56203,-8.707209,0.6296296,99.888084,1.0,0.0,0.0,1.0,0.0,0,13.628661,10.683602,0.0,4.895045,0.0,1.7962906,6.7909727,0.8769092,0.0,4.9984226
3,362,363.0,10.0,1.0,1.0,341.0,1.0,1.0,1.0,0.9061153,1.0,-0.0,0.0,-1.3224289e-05,-0.093871474,0.5293555,2.4749722,1.3258926,6.8398705,1.1938992,8.188093,0.0,13.295176,-8.801191,0.6203704,99.16942,1.0,0.0,0.0,1.0,0.0,0,11.990105,11.052033,0.0,6.136504,0.0,3.06789,5.606274,3.7274628,0.0,0.0
0,363,364.0,10.0,1.0,1.0,340.0,1.0,1.0,1.0,0.9531274,1.0,-0.0,0.0,-1.2200331e-05,-0.046860415,0.53672045,2.569295,1.1796932,6.1129236,1.1951901,6.339065,0.0,13.215463,-8.449915,0.6203704,100.43159,1.0,0.0,0.0,1.0,0.0,0,13.363505,11.252843,0.0,5.6036496,0.0,5.0743866,5.1946516,2.0441973,0.0,2.4118464
1,363,364.0,10.0,1.0,1.0,342.0,1.0,1.0,1.0,0.9335685,1.0,-0.0,0.0,-1.2619673e-05,-0.066418916,0.62921494,2.437553,1.2367715,5.508411,1.047029,7.2093477,0.0,12.4796295,-8.439316,0.6388889,101.11246,1.0,0.0,0.0,1.0,0.0,0,10.095635,9.546813,0.0,4.287666,0.0,4.1648374,4.618831,0.0,0.0,5.596994
2,363,364.0,10.0,1.0,1.0,342.0,1.0,1.0,1.0,0.92146057,1.0,-0.0,0.0,-1.3062691e-05,-0.07852636,0.6232038,2.4161224,1.3549277,6.752061,1.028465,7.0496235,0.0,13.459552,-8.506581,0.6342593,100.04001,1.0,0.0,0.0,1.0,0.0,0,10.829677,8.970068,0.0,3.8304625,0.0,1.4882588,5.127297,0.0,0.0,4.7837133
3,363,364.0,10.0,1.0,1.0,342.0,1.0,1.0,1.0,0.91087043,1.0,-0.0,0.0,-1.3436947e-05,-0.089116134,0.6131705,2.5020494,1.310327,6.3499265,1.2297337,8.019514,0.0,14.151023,-8.524467,0.6203704,99.340996,1.0,0.0,0.0,1.0,0.0,0,9.839634,9.699102,0.0,4.712013,0.0,3.8510659,5.0559254,4.139611,0.0,0.0
0,364,365.0,10.0,1.0,1.0,341.0,1.0,1.0,1.0,0.95072454,1.0,-0.0,0.0,-1.2340317e-05,-0.049263146,0.5269986,2.5764973,1.1857014,6.163696,1.2084038,6.2956805,0.0,13.142425,-8.376764,0.6203704,100.45427,1.0,0.0,0.0,1.0,0.0,0,13.351087,11.242191,0.0,5.5163755,0.0,4.8211646,5.2319164,1.6671686,0.0,2.795466
1,364,365.0,10.0,1.0,1.0,343.0,1.0,1.0,1.0,0.93493783,1.0,-0.0,0.0,-1.4429929e-05,-0.06504774,0.61421025,2.4184132,1.2425622,5.6325264,1.0503631,7.0836473,0.0,12.242147,-8.441099,0.6388889,101.128685,1.0,0.0,0.0,1.0,0.0,0,11.726003,11.038631,0.0,5.1706033,0.0,5.2585807,6.530617,0.0,0.0,5.8268003
2,364,365.0,10.0,1.0,1.0,343.0,1.0,1.0,1.0,0.92328936,1.0,-0.0,0.0,-1.497522e-05,-0.07669568,0.60586333,2.3957174,1.3626181,6.907774,1.0342289,6.8821044,0.0,13.229064,-8.5171795,0.6342593,100.06072,1.0,0.0,0.0,1.0,0.0,0,13.03062,10.153411,0.0,4.748811,0.0,2.7972798,7.5102906,0.0,0.0,5.0442533
3,364,365.0,10.0,1.0,1.0,343.0,1.0,1.0,1.0,0.9125855,1.0,-0.0,0.0,-1.437091e-05,-0.08740014,0.6044574,2.4826853,1.3027116,6.281484,1.2354317,7.973671,0.0,13.962782,-8.5460005,0.6203704,99.36033,1.0,0.0,0.0,1.0,0.0,0,11.801535,10.58138,0.0,5.840545,0.0,3.6880953,6.9077444,4.3267546,0.0,0.0
0,365,366.0,10.0,1.0,1.0,342.0,1.0,1.0,1.0,0.93986446,1.0,-0.0,0.0,-1.2155128e-05,-0.060123377,0.51621425,2.5883868,1.1799499,5.789782,1.3010372,6.2294087,0.0,13.627866,-8.192011,0.6203704,100.73,1.0,0.0,0.0,1.0,0.0,0,11.828004,9.831295,0.0,4.2862353,0.0,5.424175,3.977425,0.0,0.0,3.193307
1,365,366.0,10.0,1.0,1.0,344.0,1.0,1.0,1.0,0.9367588,1.0,-0.0,0.0,-1.3126382e-05,-0.06322808,0.6109368,2.4023204,1.2458484,5.6515393,1.0480403,6.9498215,0.0,11.982108,-8.434331,0.6388889,101.14366,1.0,0.0,0.0,1.0,0.0,0,11.568526,10.915596,0.0,4.961099,0.0,5.013393,6.460709,0.0,0.0,6.0751834
2,365,366.0,10.0,1.0,1.0,344.0,1.0,1.0,1.0,0.9237131,1.0,-0.0,0.0,-1.2756575e-05,-0.07627417,0.60658455,2.383625,1.36587,6.9154797,1.0375637,6.832424,0.0,13.068715,-8.4819975,0.6342593,100.07236,1.0,0.0,0.0,1.0,0.0,0,12.750489,10.175598,0.0,4.5225973,0.0,2.520244,7.340886,0.0,0.0,5.3889866
3,365,366.0,10.0,1.0,1.0,344.0,1.0,1.0,1.0,0.9121162,1.0,-0.0,0.0,-1.335746e-05,-0.08787043,0.6057188,2.4717906,1.3021472,6.2442245,1.2381817,8.006121,0.0,13.835855,-8.510627,0.6203704,99.37,1.0,0.0,0.0,1.0,0.0,0,11.648671,10.566997,0.0,5.8059,0.0,3.8663228,6.7519846,4.3017235,0.0,0.0
0,366,367.0,10.0,1.0,1.0,343.0,1.0,1.0,1.0,0.93770117,1.0,-0.0,0.0,-1.1719701e-05,-0.062287074,0.46455637,2.557196,1.1859784,5.9931326,1.3123182,6.18019,0.0,13.266217,-8.172206,0.6203704,100.77387,1.0,0.0,0.0,1.0,0.0,0,12.997072,9.894577,0.0,5.181455,0.0,5.277708,4.4164968,0.0,0.0,4.2903605
1,366,367.0,10.0,1.0,1.0,345.0,1.0,1.0,1.0,0.9375777,1.0,-0.0,0.0,-1.2661857e-05,-0.062409613,0.6063044,2.3860264,1.247359,5.642249,1.0450263,6.889383,0.0,11.739452,-8.427275,0.6388889,101.160416,1.0,0.0,0.0,1.0,0.0,0,11.863899,10.889079,0.0,4.9070206,0.0,4.9099956,6.328851,0.0,0.0,6.1915274
2,366,367.0,10.0,1.0,1.0,345.0,1.0,1.0,1.0,0.9231548,1.0,-0.0,0.0,-1.27435615e-05,-0.076832496,0.6052572,2.3720922,1.3709329,6.9191027,1.0411153,6.8279524,0.0,12.984779,-8.478531,0.6342593,100.08333,1.0,0.0,0.0,1.0,0.0,0,13.948562,10.716835,0.0,4.525794,0.0,2.3700397,7.390266,0.0,0.0,5.953541
3,366,367.0,10.0,1.0,1.0,345.0,1.0,1.0,1.0,0.91171163,1.0,-0.0,0.0,-1.3942419e-05,-0.088274404,0.6071873,2.4596083,1.298189,6.187914,1.2402207,8.060045,0.0,13.750915,-8.472417,0.6203704,99.38247,1.0,0.0,0.0,1.0,0.0,0,11.75053,10.441056,0.0,5.7226534,0.0,3.7172053,6.400889,4.421809,0.0,0.0
0,367,368.0,10.0,1.0,1.0,344.0,1.0,1.0,1.0,0.9367624,1.0,-0.0,0.0,-1.0987125e-05,-0.06322664,0.44987017,2.5464294,1.1897719,5.9958754,1.3160412,6.160265,0.0,13.082738,-8.160102,0.6203704,100.79846,1.0,0.0,0.0,1.0,0.0,0,12.51797,9.841122,0.0,4.7906733,0.0,5.266736,4.4681435,0.0,0.0,4.9197598
1,367,368.0,10.0,1.0,1.0,346.0,1.0,1.0,1.0,0.93807995,1.0,-0.0,0.0,-1.21749545e-05,-0.061907873,0.6041199,2.361433,1.2472943,5.636418,1.0444579,6.859764,0.0,11.597019,-8.41977,0.6388889,101.170395,1.0,0.0,0.0,1.0,0.0,0,12.006764,10.952571,0.0,4.829827,0.0,4.838229,6.3148255,0.0,0.0,6.2775846
2,367,368.0,10.0,1.0,1.0,346.0,1.0,1.0,1.0,0.9230866,1.0,-0.0,0.0,-1.2099276e-05,-0.07690131,0.60364974,2.3497152,1.3727382,6.934818,1.0425603,6.8185406,0.0,12.854413,-8.439663,0.6342593,100.09407,1.0,0.0,0.0,1.0,0.0,0,13.431187,10.29226,0.0,4.360305,0.0,2.8424795,7.28252,0.0,0.0,5.83567
3,367,368.0,10.0,1.0,1.0,346.0,1.0,1.0,1.0,0.9116916,1.0,-0.0,0.0,-1.327449e-05,-0.08829512,0.6068922,2.4379368,1.2930548,6.1486864,1.2419227,8.099794,0.0,13.659211,-8.431114,0.6203704,99.395195,1.0,0.0,0.0,1.0,0.0,0,11.865975,10.713679,0.0,5.707455,0.0,3.6496756,6.226513,4.464848,0.0,0.0
0,368,369.0,10.0,1.0,1.0,345.0,1.0,1.0,1.0,0.93674725,1.0,-0.0,0.0,-1.0764756e-05,-0.06324194,0.44744128,2.5332983,1.192015,5.974288,1.3139205,6.151742,0.0,12.988214,-8.164014,0.6203704,100.80761,1.0,0.0,0.0,1.0,0.0,0,12.557446,9.8433075,0.0,4.7208447,0.0,5.245857,4.4524603,0.0,0.0,5.2742505
1,368,369.0,10.0,1.0,1.0,347.0,1.0,1.0,1.0,0.92917633,1.0,-0.0,0.0,-1.2328771e-05,-0.07081132,0.5239543,2.42365,1.2758878,6.138745,1.0778233,7.1795197,0.0,10.927658,-8.311264,0.6388889,101.26567,1.0,0.0,0.0,1.0,0.0,0,14.7871065,10.974196,0.0,4.4596257,0.0,4.601182,5.749375,0.0,0.0,6.921129
2,368,369.0,10.0,1.0,1.0,347.0,1.0,1.0,1.0,0.90735257,1.0,-0.0,0.0,-1.2838807e-05,-0.09263462,0.49532318,2.4197726,1.4025398,7.3584867,1.094754,7.5390277,0.0,12.182252,-8.2679615,0.6388889,100.22127,1.0,0.0,0.0,1.0,0.0,0,12.429726,10.278614,0.0,4.006185,0.0,2.4993417,4.5897193,0.0,0.0,6.9503455
3,368,369.0,10.0,1.0,1.0,347.0,1.0,1.0,1.0,0.9085294,1.0,-0.0,0.0,-1.3545741e-05,-0.09145705,0.5430337,2.4681172,1.3201313,6.585425,1.2652165,8.086437,0.0,12.770931,-8.238577,0.625,99.5155,1.0,0.0,0.0,1.0,0.0,0,11.538822,10.885824,0.0,5.477421,0.0,4.7890925,5.5851593,4.0377893,0.0,0.0
0,369,370.0,10.0,1.0,1.0,346.0,1.0,1.0,1.0,0.9364675,1.0,-0.0,0.0,-1.0693285e-05,-0.06352183,0.44512227,2.5095246,1.1948421,5.9708796,1.3133326,6.1351724,0.0,12.871778,-8.165646,0.6203704,100.81582,1.0,0.0,0.0,1.0,0.0,0,12.468786,9.845163,0.0,4.5899343,0.0,4.9764776,4.3732567,0.0,0.0,5.4217257
1,369,370.0,10.0,1.0,1.0,348.0,1.0,1.0,1.0,0.9286715,1.0,-0.0,0.0,-1.0660372e-05,-0.07131788,0.5074546,2.412332,1.2815999,6.294934,1.0789995,7.1670732,0.0,10.67505,-8.2676,0.6388889,101.27102,1.0,0.0,0.0,1.0,0.0,0,14.937733,11.246566,0.0,4.6885977,0.0,4.79228,5.467923,0.0,0.0,6.876309
2,369,370.0,10.0,1.0,1.0,348.0,1.0,1.0,1.0,0.9019514,1.0,-0.0,0.0,-1.1591563e-05,-0.09803708,0.42221808,2.4031248,1.4005362,7.4835544,1.1235874,7.878203,0.0,11.859264,-8.167788,0.6388889,100.256035,1.0,0.0,0.0,1.0,0.0,0,13.441283,10.283951,0.0,4.3946133,0.0,3.2167904,4.579809,0.0,0.0,7.3747535
3,369,370.0,10.0,1.0,1.0,348.0,1.0,1.0,1.0,0.90632707,1.0,-0.0,0.0,-1.1621131e-05,-0.09366131,0.45586303,2.4680243,1.3256919,6.7747555,1.2997339,8.176989,0.0,12.112351,-8.166863,0.625,99.601135,1.0,0.0,0.0,1.0,0.0,0,12.288238,11.408692,0.0,6.5346174,0.0,4.4714756,4.0737214,1.4349644,0.0,0.0
0,370,371.0,10.0,1.0,1.0,347.0,1.0,1.0,1.0,0.9326899,1.0,-0.0,0.0,-1.07450505e-05,-0.067299366,0.44554025,2.5050418,1.2405413,6.5631495,1.2978536,6.1036935,0.0,12.098135,-7.551441,0.625,100.85031,1.0,0.0,0.0,1.0,0.0,0,12.802479,9.901634,0.0,4.2126355,0.0,3.9245782,5.140958,0.0,0.0,5.6057725
1,370,371.0,10.0,1.0,1.0,349.0,1.0,1.0,1.0,0.92963433,1.0,-0.0,0.0,-1.1627672e-05,-0.07035405,0.50505584,2.4075358,1.2783289,6.298167,1.0770477,7.1337757,0.0,10.672358,-8.264899,0.6388889,101.274475,1.0,0.0,0.0,1.0,0.0,0,14.697416,11.27675,0.0,4.5849943,0.0,4.856707,5.64147,0.0,0.0,6.8749065
2,370,371.0,10.0,1.0,1.0,349.0,1.0,1.0,1.0,0.89985216,1.0,-0.0,0.0,-1.1192631e-05,-0.10013663,0.41160995,2.4055624,1.3968513,7.4105625,1.1363945,8.031812,0.0,11.93497,-8.133507,0.6388889,100.28288,1.0,0.0,0.0,1.0,0.0,0,13.288305,10.30377,0.0,4.2004323,0.0,3.0776637,4.643831,0.0,0.0,7.9083476
3,370,371.0,10.0,1.0,1.0,349.0,1.0,1.0,1.0,0.90308595,1.0,-0.0,0.0,-1.1386241e-05,-0.09690264,0.36237723,2.444594,1.3371569,6.9410267,1.3651012,8.2854805,0.0,12.1733,-8.033743,0.625,99.725464,1.0,0.0,0.0,1.0,0.0,0,12.179379,11.431301,0.0,5.764213,0.0,4.6502824,4.750902,0.0,0.0,0.5947087
0,371,372.0,10.0,1.0,1.0,348.0,1.0,1.0,1.0,0.9339739,1.0,-0.0,0.0,-1.1166292e-05,-0.066014946,0.41742474,2.5146658,1.2351099,6.408603,1.2930096,6.047241,0.0,12.12925,-7.9251986,0.625,100.90196,1.0,0.0,0.0,1.0,0.0,0,13.140906,9.773195,0.0,4.079973,0.0,3.9367032,5.143699,0.0,0.0,5.4530134
1,371,372.0,10.0,1.0,1.0,350.0,1.0,1.0,1.0,0.9297305,1.0,-0.0,0.0,-1.1790183e-05,-0.07025772,0.5001858,2.4171271,1.2762125,6.276247,1.0766542,7.143869,0.0,10.621322,-8.292813,0.6388889,101.28137,1.0,0.0,0.0,1.0,0.0,0,14.392417,11.278302,0.0,4.4011626,0.0,4.710161,5.4066324,0.0,0.0,6.9224033
2,371,372.0,10.0,1.0,1.0,350.0,1.0,1.0,1.0,0.8988183,1.0,-0.0,0.0,-1.1577249e-05,-0.10117014,0.40349698,2.4133174,1.3982881,7.4039016,1.1397384,8.083046,0.0,11.805654,-8.122471,0.6388889,100.298225,1.0,0.0,0.0,1.0,0.0,0,13.035741,10.227864,0.0,4.058262,0.0,2.7332032,4.7201695,0.0,0.0,8.150174
3,371,372.0,10.0,1.0,1.0,350.0,1.0,1.0,1.0,0.9014376,1.0,-0.0,0.0,-1.1105697e-05,-0.09855133,0.33549666,2.4483044,1.33826,6.90199,1.3824711,8.376128,0.0,12.213027,-7.9930954,0.625,99.77209,1.0,0.0,0.0,1.0,0.0,0,12.041641,11.297083,0.0,5.4558926,0.0,4.6726737,4.6481304,0.0,0.0,1.7572643
0,372,373.0,10.0,1.0,1.0,349.0,1.0,1.0,1.0,0.9348354,1.0,-0.0,0.0,-1.0155438e-05,-0.0651545,0.41104108,2.500104,1.2296717,6.2650075,1.2915643,6.0353165,0.0,12.26961,-8.14178,0.625,100.92087,1.0,0.0,0.0,1.0,0.0,0,13.421586,9.798334,0.0,4.117736,0.0,3.9144168,4.945196,0.0,0.0,5.3588624
1,372,373.0,10.0,1.0,1.0,351.0,1.0,1.0,1.0,0.92974764,1.0,-0.0,0.0,-1.1789963e-05,-0.07024054,0.4951898,2.4278016,1.2733308,6.261757,1.0771068,7.1644506,0.0,10.531921,-8.286575,0.6388889,101.28909,1.0,0.0,0.0,1.0,0.0,0,14.309556,11.238373,0.0,4.370109,0.0,4.700579,5.4320903,0.0,0.0,6.9761043
2,372,373.0,10.0,1.0,1.0,351.0,1.0,1.0,1.0,0.89806134,1.0,-0.0,0.0,-1.1356621e-05,-0.1019273,0.40164924,2.4239004,1.3981224,7.375072,1.1418177,8.12972,0.0,11.738982,-8.1187525,0.6388889,100.307915,1.0,0.0,0.0,1.0,0.0,0,12.93934,10.24715,0.0,3.875678,0.0,2.7073195,4.739261,0.0,0.0,8.228567
3,372,373.0,10.0,1.0,1.0,351.0,1.0,1.0,1.0,0.89978045,1.0,-0.0,0.0,-1.0656456e-05,-0.10020888,0.31607115,2.4575493,1.3406743,6.858166,1.3900182,8.457476,0.0,12.142815,-7.975111,0.6296296,99.81457,1.0,0.0,0.0,1.0,0.0,0,11.718056,10.999036,0.0,5.2077217,0.0,4.918114,4.5408025,0.0,0.0,2.7420967
0,373,374.0,10.0,1.0,1.0,350.0,1.0,1.0,1.0,0.936326,1.0,-0.0,0.0,-1.057976e-05,-0.06366344,0.4323017,2.5398028,1.2217448,6.1296816,1.2875627,5.947095,0.0,12.2377825,-8.027339,0.625,100.97731,1.0,0.0,0.0,1.0,0.0,0,13.462421,9.809323,0.0,4.1281734,0.0,3.9634798,5.1517715,0.0,0.0,5.3282943
1,373,374.0,10.0,1.0,1.0,352.0,1.0,1.0,1.0,0.93009436,1.0,-0.0,0.0,-1.1628259e-05,-0.069894,0.4909262,2.4380283,1.2705877,6.248487,1.0762022,7.164232,0.0,10.425338,-8.284663,0.6388889,101.295784,1.0,0.0,0.0,1.0,0.0,0,14.201335,11.219956,0.0,4.2770677,0.0,4.5842295,5.4171934,0.0,0.0,7.0037236
2,373,374.0,10.0,1.0,1.0,352.0,1.0,1.0,1.0,0.8976079,1.0,-0.0,0.0,-1.120212e-05,-0.10238089,0.40150434,2.4388134,1.3974429,7.3283033,1.1434355,8.16203,0.0,11.648415,-8.116407,0.6388889,100.31827,1.0,0.0,0.0,1.0,0.0,0,12.7242365,10.15935,0.0,3.6486597,0.0,2.5280504,4.788378,0.0,0.0,8.216992
3,373,374.0,10.0,1.0,1.0,352.0,1.0,1.0,1.0,0.8991586,1.0,-0.0,0.0,-1.0823168e-05,-0.10083056,0.31501764,2.4708939,1.3424411,6.8067007,1.3905919,8.481524,0.0,12.059555,-7.973367,0.6296296,99.83737,1.0,0.0,0.0,1.0,0.0,0,11.627555,10.9519005,0.0,4.968211,0.0,4.875255,4.609117,0.0,0.0,3.2068417
0,374,375.0,10.0,1.0,1.0,351.0,1.0,1.0,1.0,0.9374946,1.0,-0.0,0.0,-1.0622175e-05,-0.062494792,0.461898,2.5771155,1.2158386,6.0360947,1.2841197,5.871433,0.0,12.141937,-7.777294,0.625,101.02925,1.0,0.0,0.0,1.0,0.0,0,13.309741,9.724515,0.0,4.153346,0.0,3.9669406,5.146786,0.0,0.0,5.2892013
1,374,375.0,10.0,1.0,1.0,353.0,1.0,1.0,1.0,0.93344027,1.0,-0.0,0.0,-1.1703603e-05,-0.06654807,0.62355214,2.4340105,1.2519004,5.8264513,1.0713038,7.1036305,0.0,10.834234,-7.4488277,0.6388889,101.440636,1.0,0.0,0.0,1.0,0.0,0,13.476768,10.40978,0.0,3.720167,0.0,4.3642244,5.1848164,0.0,0.0,7.1707754
2,374,375.0,10.0,1.0,1.0,353.0,1.0,1.0,1.0,0.89710623,1.0,-0.0,0.0,-1.1259053e-05,-0.10288252,0.64459556,2.446802,1.3953182,7.2360234,1.1527272,8.208064,0.0,11.660385,-5.9519176,0.6388889,100.46085,1.0,0.0,0.0,1.0,0.0,0,14.402687,11.172037,0.0,3.5861733,0.0,2.9379785,5.3851013,0.0,0.0,9.12845
3,374,375.0,10.0,1.0,1.0,353.0,1.0,1.0,1.0,0.9021803,1.0,-0.0,0.0,-1.05259205e-05,-0.097809166,0.4457943,2.5302353,1.3298813,6.2921968,1.3974062,8.39444,0.0,12.731647,-8.046249,0.6296296,100.02677,1.0,0.0,0.0,1.0,0.0,0,10.653555,10.164804,0.0,3.703117,0.0,4.457719,4.684936,0.0,0.0,4.5028186
0,375,376.0,10.0,1.0,1.0,352.0,1.0,1.0,1.0,0.93894905,1.0,-0.0,0.0,-1.0575781e-05,-0.061040416,0.47949702,2.602186,1.2068155,5.9411674,1.2815077,5.809493,0.0,12.086691,-7.646802,0.625,101.058975,1.0,0.0,0.0,1.0,0.0,0,13.512583,9.834832,0.0,4.1721764,0.0,3.9512646,5.158442,0.0,0.0,5.265199
1,375,376.0,10.0,1.0,1.0,354.0,1.0,1.0,1.0,0.93487173,1.0,-0.0,0.0,-1.1298943e-05,-0.06511695,0.53061247,2.490756,1.2394669,5.6651,1.0737658,7.1110144,0.0,10.892095,-8.28903,0.6388889,101.49994,1.0,0.0,0.0,1.0,0.0,0,14.582798,10.895967,0.0,4.093379,0.0,4.562181,5.3988743,0.0,0.0,7.3776865
2,375,376.0,10.0,1.0,1.0,354.0,1.0,1.0,1.0,0.8976089,1.0,-0.0,0.0,-1.1304257e-05,-0.10237982,0.5559716,2.4733224,1.3893768,7.190856,1.1520497,8.222463,0.0,11.524135,-6.667793,0.6388889,100.49021,1.0,0.0,0.0,1.0,0.0,0,13.902522,10.307674,0.0,3.6536486,0.0,2.214311,4.947412,0.0,0.0,8.879197
3,375,376.0,10.0,1.0,1.0,354.0,1.0,1.0,1.0,0.9023764,1.0,-0.0,0.0,-9.896986e-06,-0.097613685,0.41280425,2.521465,1.3317944,6.4109244,1.3887368,8.368362,0.0,12.260495,-8.030055,0.6296296,100.042915,1.0,0.0,0.0,1.0,0.0,0,11.6696,10.393703,0.0,4.719386,0.0,4.3670015,5.1657605,0.0,0.0,4.4776573
0,376,377.0,10.0,1.0,1.0,353.0,1.0,1.0,1.0,0.9403911,1.0,-0.0,0.0,-1.0721751e-05,-0.059598148,0.7637806,2.6247346,1.1969341,5.822956,1.2798511,5.7664733,0.0,12.052032,-5.142603,0.625,101.15162,1.0,0.0,0.0,1.0,0.0,0,13.3565035,9.766631,0.0,4.0257807,0.0,3.900068,5.09645,0.0,0.0,5.2586255
1,376,377.0,10.0,1.0,1.0,355.0,1.0,1.0,1.0,0.93567765,1.0,-0.0,0.0,-1.25258575e-05,-0.06430983,0.5095955,2.5001295,1.2349651,5.6645474,1.073568,7.0963507,0.0,10.5595,-8.278113,0.6388889,101.51459,1.0,0.0,0.0,1.0,0.0,0,13.835421,10.700019,0.0,4.0398817,0.0,4.22214,4.914585,0.0,0.0,7.2514696
2,376,377.0,10.0,1.0,1.0,355.0,1.0,1.0,1.0,0.8987515,1.0,-0.0,0.0,-1.13443475e-05,-0.10123719,0.5426865,2.4794807,1.3832631,7.124328,1.1520954,8.199758,0.0,11.450534,-6.7808366,0.6388889,100.50136,1.0,0.0,0.0,1.0,0.0,0,13.910665,10.363189,0.0,3.5910556,0.0,2.5384166,5.0908837,0.0,0.0,8.964409
3,376,377.0,10.0,1.0,1.0,355.0,1.0,1.0,1.0,0.90259767,1.0,-0.0,0.0,-1.1591829e-05,-0.09739077,0.41396543,2.5205274,1.3361063,6.4098253,1.381857,8.322648,0.0,11.970621,-8.037302,0.6296296,100.04726,1.0,0.0,0.0,1.0,0.0,0,11.574306,10.5372095,0.0,4.3934817,0.0,4.309267,5.512516,0.0,0.0,4.5199857
0,377,378.0,10.0,1.0,1.0,354.0,1.0,1.0,1.0,0.94177246,1.0,-0.0,0.0,-1.2618765e-05,-0.058214914,0.6541811,2.7037525,1.187137,5.6743536,1.2785823,5.7046304,0.0,12.035241,-6.2892103,0.625,101.23863,1.0,0.0,0.0,1.0,0.0,0,13.427473,9.8057785,0.0,4.1282024,0.0,3.9327629,5.2009234,0.0,0.0,5.291204
1,377,378.0,10.0,1.0,1.0,356.0,1.0,1.0,1.0,0.9371928,1.0,-0.0,0.0,-1.104219e-05,-0.062796205,0.50908625,2.5039458,1.2244025,5.531815,1.0739585,7.084753,0.0,10.544265,-8.28285,0.6388889,101.52758,1.0,0.0,0.0,1.0,0.0,0,13.677806,10.664222,0.0,3.795473,0.0,4.1200895,5.0590343,0.0,0.0,7.3888636
2,377,378.0,10.0,1.0,1.0,356.0,1.0,1.0,1.0,0.90051365,1.0,-0.0,0.0,-1.1370885e-05,-0.09947497,0.562318,2.4900162,1.3738885,7.0371695,1.1500816,8.164333,0.0,11.377503,-6.6061363,0.6388889,100.532196,1.0,0.0,0.0,1.0,0.0,0,13.976211,10.40781,0.0,3.629526,0.0,2.5292234,5.1015615,0.0,0.0,9.005828
3,377,378.0,10.0,1.0,1.0,356.0,1.0,1.0,1.0,0.9033078,1.0,-0.0,0.0,-1.0335129e-05,-0.09668191,0.42568558,2.51906,1.3360468,6.3622465,1.374301,8.280563,0.0,11.878278,-8.0552635,0.6296296,100.05425,1.0,0.0,0.0,1.0,0.0,0,11.777656,10.611672,0.0,4.303456,0.0,4.118436,5.5131197,0.0,0.0,4.4092736
0,378,379.0,10.0,1.0,1.0,355.0,1.0,1.0,1.0,0.94218695,1.0,-0.0,0.0,-1.1228946e-05,-0.057801824,0.62764657,2.7224565,1.1862891,5.485336,1.2761254,5.6634417,0.0,12.209604,-6.7279253,0.625,101.272675,1.0,0.0,0.0,1.0,0.0,0,13.112279,9.701316,0.0,3.7676592,0.0,3.9037097,5.1992807,0.0,0.0,5.202904
1,378,379.0,10.0,1.0,1.0,357.0,1.0,1.0,1.0,0.9389324,1.0,-0.0,0.0,-1.0999126e-05,-0.061056532,0.5036354,2.5144203,1.2145176,5.4534116,1.0740052,7.0545096,0.0,10.4189205,-8.282621,0.6388889,101.54707,1.0,0.0,0.0,1.0,0.0,0,13.60526,10.706115,0.0,3.8113687,0.0,4.2281804,5.078031,0.0,0.0,7.4998918
2,378,379.0,10.0,1.0,1.0,357.0,1.0,1.0,1.0,0.9025879,1.0,-0.0,0.0,-1.1408099e-05,-0.09740074,0.5543515,2.501514,1.3644567,6.9430566,1.147078,8.110619,0.0,11.331119,-6.71532,0.6388889,100.55922,1.0,0.0,0.0,1.0,0.0,0,14.038072,10.468391,0.0,3.634007,0.0,2.4967892,5.1539826,0.0,0.0,8.994923
3,378,379.0,10.0,1.0,1.0,357.0,1.0,1.0,1.0,0.9026344,1.0,-0.0,0.0,-1.0444683e-05,-0.09735516,0.43556577,2.5209277,1.3423917,6.3368406,1.3710152,8.27337,0.0,11.779384,-8.062148,0.6296296,100.06222,1.0,0.0,0.0,1.0,0.0,0,12.741561,10.816651,0.0,4.0738287,0.0,3.875069,5.805429,0.0,0.0,4.229873
0,379,380.0,10.0,1.0,1.0,356.0,1.0,1.0,1.0,0.94379216,1.0,-0.0,0.0,-1.1031651e-05,-0.05619683,0.6286628,2.7437592,1.174594,5.247815,1.2749805,5.6429434,0.0,12.402953,-6.928824,0.625,101.31681,1.0,0.0,0.0,1.0,0.0,0,13.67097,9.877151,0.0,4.142908,0.0,3.8803384,5.2305293,0.0,0.0,5.135968
1,379,380.0,10.0,1.0,1.0,358.0,1.0,1.0,1.0,0.9403677,1.0,-0.0,0.0,-1.1014501e-05,-0.059621252,0.51487386,2.5456946,1.2094219,5.2769766,1.0722688,7.00661,0.0,10.554617,-8.290787,0.6388889,101.606155,1.0,0.0,0.0,1.0,0.0,0,13.323795,10.252648,0.0,3.6859872,0.0,4.222681,5.1438775,0.0,0.0,7.562829
2,379,380.0,10.0,1.0,1.0,358.0,1.0,1.0,1.0,0.90438414,1.0,-0.0,0.0,-1.1431957e-05,-0.09560439,0.56509113,2.5124793,1.3551198,6.8460507,1.144912,8.072864,0.0,11.311043,-6.6611423,0.6388889,100.58878,1.0,0.0,0.0,1.0,0.0,0,14.101607,10.519643,0.0,3.6329465,0.0,2.4890885,5.130646,0.0,0.0,8.993695
3,379,380.0,10.0,1.0,1.0,358.0,1.0,1.0,1.0,0.902434,1.0,-0.0,0.0,-1.02597905e-05,-0.09755574,0.4503049,2.5310447,1.3426843,6.2803626,1.370627,8.283212,0.0,11.658036,-8.070222,0.6296296,100.07979,1.0,0.0,0.0,1.0,0.0,0,12.597748,10.443404,0.0,4.0396523,0.0,3.7043896,5.418223,0.0,0.0,4.070485
0,380,381.0,10.0,1.0,1.0,357.0,1.0,1.0,1.0,0.9451248,1.0,-0.0,0.0,-1.11545005e-05,-0.05486406,0.60828626,2.7616737,1.1657867,5.0776596,1.2731256,5.6084256,0.0,12.522085,-7.2614455,0.625,101.35336,1.0,0.0,0.0,1.0,0.0,0,13.711866,9.910596,0.0,4.140586,0.0,3.8586245,5.252401,0.0,0.0,5.0525885
1,380,381.0,10.0,1.0,1.0,359.0,1.0,1.0,1.0,0.9427305,1.0,-0.0,0.0,-1.10277215e-05,-0.057258468,0.51784587,2.5622165,1.1990235,5.147492,1.0684665,6.942831,0.0,10.537003,-8.2993355,0.6388889,101.63981,1.0,0.0,0.0,1.0,0.0,0,13.272452,10.360635,0.0,3.6758068,0.0,4.1957445,5.22146,0.0,0.0,7.597687
2,380,381.0,10.0,1.0,1.0,359.0,1.0,1.0,1.0,0.90612197,1.0,-0.0,0.0,-1.1492483e-05,-0.09386656,0.56706667,2.5262265,1.3458848,6.747768,1.1429874,8.037857,0.0,11.293583,-6.687313,0.6435185,100.61699,1.0,0.0,0.0,1.0,0.0,0,14.160834,10.576442,0.0,3.6254952,0.0,2.5223105,5.180201,0.0,0.0,8.974681
3,380,381.0,10.0,1.0,1.0,359.0,1.0,1.0,1.0,0.90256846,1.0,-0.0,0.0,-1.0497184e-05,-0.097421035,0.46307966,2.5514538,1.3406109,6.230666,1.374717,8.29068,0.0,11.551096,-8.078656,0.6296296,100.10374,1.0,0.0,0.0,1.0,0.0,0,12.722828,10.486738,0.0,3.9859135,0.0,3.3836334,5.575623,0.0,0.0,4.2381535
0,381,382.0,10.0,1.0,1.0,358.0,1.0,1.0,1.0,0.9464013,1.0,-0.0,0.0,-1.1284077e-05,-0.053587463,0.6125771,2.7765374,1.1570729,4.934717,1.2716267,5.582398,0.0,12.5949,-7.3312426,0.625,101.38775,1.0,0.0,0.0,1.0,0.0,0,13.743548,9.951372,0.0,4.1529427,0.0,3.8435538,5.265417,0.0,0.0,4.961089
1,381,382.0,10.0,1.0,1.0,360.0,1.0,1.0,1.0,0.9459413,1.0,-0.0,0.0,-1.1444552e-05,-0.05404725,0.5185425,2.577312,1.1878561,5.0333676,1.0612137,6.8339143,0.0,10.504983,-8.332777,0.6388889,101.674286,1.0,0.0,0.0,1.0,0.0,0,13.220138,10.373592,0.0,3.6165884,0.0,4.2635107,5.193891,0.0,0.0,7.7293186
2,381,382.0,10.0,1.0,1.0,360.0,1.0,1.0,1.0,0.9079997,1.0,-0.0,0.0,-1.1546133e-05,-0.091988765,0.5742211,2.5414903,1.3370917,6.650272,1.1401694,7.9911375,0.0,11.2766905,-6.675773,0.6435185,100.64706,1.0,0.0,0.0,1.0,0.0,0,14.093591,10.538551,0.0,3.5275767,0.0,2.4809473,5.2248516,0.0,0.0,8.931273
3,381,382.0,10.0,1.0,1.0,360.0,1.0,1.0,1.0,0.9025415,1.0,-0.0,0.0,-1.053516e-05,-0.09744795,0.475451,2.5733883,1.3397307,6.185509,1.376722,8.298896,0.0,11.459356,-8.083047,0.6342593,100.12894,1.0,0.0,0.0,1.0,0.0,0,12.73392,10.520897,0.0,3.8721385,0.0,3.3267066,5.552262,0.0,0.0,4.120739
0,382,383.0,10.0,1.0,1.0,359.0,1.0,1.0,1.0,0.94769526,1.0,-0.0,0.0,-1.1336598e-05,-0.05229339,0.6074864,2.7918117,1.1482011,4.801391,1.2701459,5.5552616,0.0,12.654198,-7.4736133,0.625,101.41794,1.0,0.0,0.0,1.0,0.0,0,13.804599,9.965707,0.0,4.152877,0.0,3.8213227,5.290209,0.0,0.0,4.876307
1,382,383.0,10.0,1.0,1.0,361.0,1.0,1.0,1.0,0.9494635,1.0,-0.0,0.0,-1.1501195e-05,-0.05052503,0.5205646,2.589182,1.1772043,4.9293194,1.0527267,6.7024693,0.0,10.449204,-8.340474,0.6435185,101.711235,1.0,0.0,0.0,1.0,0.0,0,13.17199,10.367962,0.0,3.5815547,0.0,4.2794404,5.2031283,0.0,0.0,7.711573
2,382,383.0,10.0,1.0,1.0,361.0,1.0,1.0,1.0,0.9097242,1.0,-0.0,0.0,-1.1722606e-05,-0.09026407,0.57866573,2.5491908,1.3277601,6.582689,1.1383334,7.957642,0.0,11.169639,-6.6185546,0.6435185,100.66785,1.0,0.0,0.0,1.0,0.0,0,14.254335,10.577658,0.0,3.6505582,0.0,2.4729452,5.2125635,0.0,0.0,8.91178
3,382,383.0,10.0,1.0,1.0,361.0,1.0,1.0,1.0,0.9028553,1.0,-0.0,0.0,-1.0581186e-05,-0.0971341,0.48979,2.596692,1.3362387,6.1129236,1.3821694,8.306255,0.0,11.418492,-8.086497,0.6342593,100.15906,1.0,0.0,0.0,1.0,0.0,0,12.478022,10.481179,0.0,3.709401,0.0,3.2626004,5.425138,0.0,0.0,4.2855873
0,383,384.0,10.0,1.0,1.0,360.0,1.0,1.0,1.0,0.94903225,1.0,-0.0,0.0,-1.1442397e-05,-0.0509563,0.6136086,2.8021374,1.1371107,4.6987076,1.2705396,5.567651,0.0,12.629777,-7.410357,0.625,101.44181,1.0,0.0,0.0,1.0,0.0,0,13.311022,9.889239,0.0,4.1357183,0.0,3.9784539,5.1342735,0.0,0.0,4.704604
1,383,384.0,10.0,1.0,1.0,362.0,1.0,1.0,1.0,0.95123655,1.0,-0.0,0.0,-1.13585165e-05,-0.048752077,0.5271915,2.6055706,1.1751137,4.842469,1.0468028,6.611771,0.0,10.522089,-8.347801,0.6435185,101.74812,1.0,0.0,0.0,1.0,0.0,0,12.796345,10.12814,0.0,3.2451613,0.0,4.307946,5.1264606,0.0,0.0,7.650547
2,383,384.0,10.0,1.0,1.0,362.0,1.0,1.0,1.0,0.9097187,1.0,-0.0,0.0,-1.1654587e-05,-0.090269625,0.5846575,2.573358,1.3258902,6.4460077,1.138033,7.972001,0.0,11.2834635,-6.622384,0.6435185,100.70366,1.0,0.0,0.0,1.0,0.0,0,13.981145,10.449406,0.0,3.440317,0.0,2.2180364,5.157222,0.0,0.0,9.015393
3,383,384.0,10.0,1.0,1.0,362.0,1.0,1.0,1.0,0.9027233,1.0,-0.0,0.0,-1.1142168e-05,-0.09726553,0.5013261,2.6242857,1.3326222,5.99914,1.3845618,8.341265,0.0,11.427115,-8.08971,0.6342593,100.19103,1.0,0.0,0.0,1.0,0.0,0,12.738599,10.355157,0.0,3.7564433,0.0,3.3576803,5.3786445,0.0,0.0,4.2295322
0,384,385.0,10.0,1.0,1.0,361.0,1.0,1.0,1.0,0.9498985,1.0,-0.0,0.0,-1.1697142e-05,-0.050089836,0.61552453,2.804295,1.1335022,4.6702967,1.2672163,5.518778,0.0,12.54426,-7.401741,0.625,101.45355,1.0,0.0,0.0,1.0,0.0,0,13.411682,9.940597,0.0,4.0648575,0.0,3.7351866,5.2484703,0.0,0.0,4.6785107
1,384,385.0,10.0,1.0,1.0,363.0,1.0,1.0,1.0,0.9535231,1.0,-0.0,0.0,-1.1076403e-05,-0.046465807,0.52974707,2.614851,1.1658397,4.7495847,1.0436071,6.5441504,0.0,10.468769,-8.352328,0.6435185,101.774254,1.0,0.0,0.0,1.0,0.0,0,12.9566965,10.17558,0.0,3.4943345,0.0,4.5348163,5.2437553,0.0,0.0,7.706899
2,384,385.0,10.0,1.0,1.0,363.0,1.0,1.0,1.0,0.91145927,1.0,-0.0,0.0,-1.1714924e-05,-0.08852897,0.585968,2.5930011,1.3147067,6.287964,1.1383808,7.9514375,0.0,11.328807,-6.697785,0.6435185,100.739655,1.0,0.0,0.0,1.0,0.0,0,14.070349,10.44479,0.0,3.4772627,0.0,2.5905602,5.229092,0.0,0.0,8.986794
3,384,385.0,10.0,1.0,1.0,363.0,1.0,1.0,1.0,0.9033569,1.0,-0.0,0.0,-1.1089969e-05,-0.09663202,0.5123988,2.6450338,1.3278044,5.879962,1.38501,8.339386,0.0,11.427201,-8.096119,0.6342593,100.22204,1.0,0.0,0.0,1.0,0.0,0,12.798401,10.32076,0.0,3.6013064,0.0,3.338494,5.3656645,0.0,0.0,4.126149
0,385,386.0,10.0,1.0,1.0,362.0,1.0,1.0,1.0,0.95060426,1.0,-0.0,0.0,-1.1802377e-05,-0.04938396,0.6194532,2.809615,1.1303734,4.657539,1.2646984,5.472045,0.0,12.443591,-7.35592,0.625,101.46417,1.0,0.0,0.0,1.0,0.0,0,13.44702,9.945512,0.0,4.0499916,0.0,3.7007058,5.262973,0.0,0.0,4.609226
1,385,386.0,10.0,1.0,1.0,364.0,1.0,1.0,1.0,0.95681995,1.0,-0.0,0.0,-1.16828e-05,-0.043168373,0.5305939,2.6167095,1.1590334,4.709525,1.0339929,6.3973517,0.0,10.381765,-8.362668,0.6435185,101.798454,1.0,0.0,0.0,1.0,0.0,0,12.887242,10.162681,0.0,3.4286494,0.0,4.543227,5.2890825,0.0,0.0,7.6430955
2,385,386.0,10.0,1.0,1.0,364.0,1.0,1.0,1.0,0.9138188,1.0,-0.0,0.0,-1.1804329e-05,-0.08616942,0.5829148,2.6042342,1.3026296,6.1573405,1.1352091,7.9004426,0.0,11.307142,-6.7831993,0.6435185,100.76989,1.0,0.0,0.0,1.0,0.0,0,13.996292,10.402062,0.0,3.4734786,0.0,2.5171254,5.238109,0.0,0.0,8.910998
3,385,386.0,10.0,1.0,1.0,364.0,1.0,1.0,1.0,0.904635,1.0,-0.0,0.0,-1.0808736e-05,-0.095354185,0.52190495,2.6624463,1.3221879,5.782068,1.3834018,8.304841,0.0,11.392866,-8.104865,0.6342593,100.25255,1.0,0.0,0.0,1.0,0.0,0,12.89991,10.386236,0.0,3.6143622,0.0,3.3538313,5.3724,0.0,0.0,4.0542083
0,386,387.0,10.0,1.0,1.0,363.0,1.0,1.0,1.0,0.9513476,1.0,-0.0,0.0,-1.1845505e-05,-0.04864058,0.6241944,2.8111868,1.1261892,4.6433973,1.2629354,5.434859,0.0,12.340567,-7.2915173,0.625,101.47415,1.0,0.0,0.0,1.0,0.0,0,13.533594,10.357635,0.0,4.048018,0.0,3.6809297,5.2793813,0.0,0.0,4.550709
1,386,387.0,10.0,1.0,1.0,365.0,1.0,1.0,1.0,0.9592322,1.0,-0.0,0.0,-1.1505158e-05,-0.04075631,0.5331851,2.6198423,1.1535252,4.653503,1.0270318,6.2939386,0.0,10.32371,-8.369815,0.6435185,101.821686,1.0,0.0,0.0,1.0,0.0,0,12.8807125,10.218522,0.0,3.367933,0.0,4.5219154,5.4760065,0.0,0.0,7.727397
2,386,387.0,10.0,1.0,1.0,365.0,1.0,1.0,1.0,0.91587096,1.0,-0.0,0.0,-1.185415e-05,-0.08411719,0.5860928,2.610821,1.2913799,6.073599,1.1330026,7.8616805,0.0,11.236521,-6.729089,0.6435185,100.79401,1.0,0.0,0.0,1.0,0.0,0,13.868604,10.320888,0.0,3.4454334,0.0,2.5457292,5.267235,0.0,0.0,8.856343
3,386,387.0,10.0,1.0,1.0,365.0,1.0,1.0,1.0,0.90597093,1.0,-0.0,0.0,-1.1051367e-05,-0.09401802,0.5299531,2.6756055,1.317666,5.718203,1.3847454,8.258585,0.0,11.324425,-8.115586,0.6342593,100.2758,1.0,0.0,0.0,1.0,0.0,0,12.972314,10.479617,0.0,3.5954251,0.0,3.3061874,5.3665395,0.0,0.0,4.296678
0,387,388.0,10.0,1.0,1.0,364.0,1.0,1.0,1.0,0.95200723,1.0,-0.0,0.0,-1.1868434e-05,-0.047980923,0.6271377,2.8127065,1.1222646,4.611591,1.2615827,5.4062586,0.0,12.26826,-7.2657614,0.625,101.48619,1.0,0.0,0.0,1.0,0.0,0,13.542838,10.354345,0.0,4.0235744,0.0,3.6730576,5.293658,0.0,0.0,4.5024724
1,387,388.0,10.0,1.0,1.0,366.0,1.0,1.0,1.0,0.9608177,1.0,-0.0,0.0,-1.1440946e-05,-0.039170887,0.5355183,2.619531,1.1506703,4.59799,1.0230572,6.220226,0.0,10.259809,-8.367015,0.6435185,101.84119,1.0,0.0,0.0,1.0,0.0,0,12.947724,10.075947,0.0,3.3243084,0.0,4.5644183,5.286937,0.0,0.0,7.415325
2,387,388.0,10.0,1.0,1.0,366.0,1.0,1.0,1.0,0.916489,1.0,-0.0,0.0,-1.2059566e-05,-0.08349894,0.59083515,2.60564,1.2917881,6.061727,1.1309881,7.821525,0.0,11.202857,-6.6727705,0.6435185,100.80786,1.0,0.0,0.0,1.0,0.0,0,13.717464,10.215075,0.0,3.351926,0.0,2.5419767,5.263414,0.0,0.0,8.814123
3,387,388.0,10.0,1.0,1.0,366.0,1.0,1.0,1.0,0.90735024,1.0,-0.0,0.0,-1.1045354e-05,-0.09263874,0.53789204,2.6807694,1.3122615,5.6543097,1.3840235,8.216363,0.0,11.278226,-8.124587,0.6342593,100.29854,1.0,0.0,0.0,1.0,0.0,0,13.04062,10.533588,0.0,3.595561,0.0,3.305071,5.414818,0.0,0.0,4.3471155
0,388,389.0,10.0,1.0,1.0,365.0,1.0,1.0,1.0,0.9525923,1.0,-0.0,0.0,-1.19063425e-05,-0.04739575,0.6339002,2.8091502,1.1176704,4.6183763,1.2614955,5.4181213,0.0,12.140476,-7.1203437,0.625,101.49102,1.0,0.0,0.0,1.0,0.0,0,13.458806,10.306922,0.0,4.003076,0.0,3.7462225,4.9368305,0.0,0.0,4.4376836
1,388,389.0,10.0,1.0,1.0,367.0,1.0,1.0,1.0,0.9628925,1.0,-0.0,0.0,-1.169569e-05,-0.037095852,0.54251516,2.6087534,1.1468241,4.6080246,1.0169512,6.12457,0.0,10.117754,-8.264817,0.6435185,101.8507,1.0,0.0,0.0,1.0,0.0,0,12.926693,10.071792,0.0,3.2966187,0.0,4.4820523,5.3342457,0.0,0.0,7.393821
2,388,389.0,10.0,1.0,1.0,367.0,1.0,1.0,1.0,0.91799414,1.0,-0.0,0.0,-1.2217639e-05,-0.08199363,0.59549624,2.5923214,1.2861478,6.0832605,1.1284635,7.7735085,0.0,11.034816,-6.5343575,0.6435185,100.81401,1.0,0.0,0.0,1.0,0.0,0,13.677054,10.1797,0.0,3.3884497,0.0,2.4165857,5.3023605,0.0,0.0,8.74665
3,388,389.0,10.0,1.0,1.0,367.0,1.0,1.0,1.0,0.9088055,1.0,-0.0,0.0,-1.1118971e-05,-0.091183335,0.5439006,2.6817892,1.3088355,5.6024194,1.38066,8.154733,0.0,11.235978,-8.135173,0.6342593,100.321754,1.0,0.0,0.0,1.0,0.0,0,13.0562315,10.5707035,0.0,3.5506766,0.0,3.3656673,5.4129825,0.0,0.0,4.258362
0,389,390.0,10.0,1.0,1.0,366.0,1.0,1.0,1.0,0.952371,1.0,-0.0,0.0,-1.2005482e-05,-0.047617033,0.641774,2.7944908,1.121439,4.6823506,1.2594973,5.37707,0.0,12.036649,-6.9902763,0.625,101.492836,1.0,0.0,0.0,1.0,0.0,0,12.998254,9.806969,0.0,4.176956,0.0,3.7076826,5.3040786,0.0,0.0,4.445798
1,389,390.0,10.0,1.0,1.0,368.0,1.0,1.0,1.0,0.95545584,1.0,-0.0,0.0,-1.1851548e-05,-0.044532273,0.34174994,2.599635,1.1508662,5.8483157,1.0387955,6.5404396,0.0,8.509208,-8.196045,0.6435185,101.891174,1.0,0.0,0.0,1.0,0.0,0,12.781612,10.040001,0.0,4.631189,0.0,5.1523485,5.1581435,0.0,0.0,7.210491
2,389,390.0,10.0,1.0,1.0,368.0,1.0,1.0,1.0,0.9093871,1.0,-0.0,0.0,-1.2334247e-05,-0.090600535,0.30856505,2.6303227,1.3091025,6.902671,1.1380967,8.117763,0.0,9.976261,-8.002502,0.6435185,100.88215,1.0,0.0,0.0,1.0,0.0,0,14.135159,10.146442,0.0,4.2969403,0.0,2.2055225,4.8863583,0.0,0.0,9.209932
3,389,390.0,10.0,1.0,1.0,368.0,1.0,1.0,1.0,0.8988695,1.0,-0.0,0.0,-1.1222844e-05,-0.10111927,0.36420375,2.6832426,1.3575821,6.8070455,1.3894987,8.385289,0.0,9.648645,-7.9596705,0.6342593,100.37409,1.0,0.0,0.0,1.0,0.0,0,13.574113,11.392464,0.0,4.5172396,0.0,4.528767,4.760033,0.0,0.0,3.623677
0,390,391.0,10.0,1.0,1.0,367.0,1.0,1.0,1.0,0.9528925,1.0,-0.0,0.0,-1.1963164e-05,-0.047095515,0.63740796,2.7825706,1.1198546,4.6998744,1.2569095,5.3329134,0.0,11.981664,-7.015368,0.625,101.49949,1.0,0.0,0.0,1.0,0.0,0,13.290347,10.116874,0.0,3.9543078,0.0,3.6425521,5.327583,0.0,0.0,4.362605
1,390,391.0,10.0,1.0,1.0,369.0,1.0,1.0,1.0,0.9583064,1.0,-0.0,0.0,-1.303939e-05,-0.041680582,0.6719813,2.6758542,1.153734,5.5894065,1.027032,6.34783,0.0,8.650743,-5.8434234,0.6435185,102.08901,1.0,0.0,0.0,1.0,0.0,0,12.568919,10.360181,0.0,3.3971832,0.0,4.737237,5.3683186,0.0,0.0,7.062706
2,390,391.0,10.0,1.0,1.0,369.0,1.0,1.0,1.0,0.9059783,1.0,-0.0,0.0,-1.2390561e-05,-0.0940093,0.70241094,2.6639035,1.3232514,7.04251,1.1495873,8.216172,0.0,9.713652,-4.4341097,0.6435185,101.09761,1.0,0.0,0.0,1.0,0.0,0,13.70696,10.542251,0.0,3.2998688,0.0,2.0703454,4.71423,0.0,0.0,9.279607
3,390,391.0,10.0,1.0,1.0,369.0,1.0,1.0,1.0,0.8991683,1.0,-0.0,0.0,-1.2148447e-05,-0.10081955,0.68152696,2.7901483,1.3543875,6.4411464,1.3946099,8.391266,0.0,10.107484,-5.843649,0.6342593,100.56746,1.0,0.0,0.0,1.0,0.0,0,13.431103,11.029923,0.0,3.2760267,0.0,3.6426945,5.0291877,0.0,0.0,4.2994866
0,391,392.0,10.0,1.0,1.0,368.0,1.0,1.0,1.0,0.9496021,1.0,-0.0,0.0,-1.2436793e-05,-0.050385438,0.3735494,2.7995932,1.1277468,5.6656537,1.2753366,5.7976203,0.0,10.746695,-8.093557,0.625,101.566185,1.0,0.0,0.0,1.0,0.0,0,14.514056,9.600818,0.0,4.6949306,0.0,3.9561672,4.9679537,0.0,0.0,4.327533
1,391,392.0,10.0,1.0,1.0,370.0,1.0,1.0,1.0,0.96439403,1.0,-0.0,0.0,-1.3210476e-05,-0.035592735,0.5788028,2.6188662,1.132586,5.076735,1.013303,6.141168,0.0,9.276227,-7.1938734,0.6435185,102.17162,1.0,0.0,0.0,1.0,0.0,0,12.6517725,9.847828,0.0,2.9605258,0.0,4.8163385,5.4551883,0.0,0.0,6.910138
2,391,392.0,10.0,1.0,1.0,370.0,1.0,1.0,1.0,0.9050129,1.0,-0.0,0.0,-1.4885211e-05,-0.094972216,0.65820515,2.556025,1.3243134,7.1698046,1.1544179,8.265982,0.0,9.629842,-4.5815372,0.6435185,101.19652,1.0,0.0,0.0,1.0,0.0,0,13.628443,10.172458,0.0,3.3422167,0.0,1.9219854,4.7208643,0.0,0.0,9.508871
3,391,392.0,10.0,1.0,1.0,370.0,1.0,1.0,1.0,0.902988,1.0,-0.0,0.0,-1.31087845e-05,-0.09699887,0.5828209,2.7339237,1.3309898,5.9816236,1.395568,8.337507,0.0,10.7471895,-7.290136,0.6342593,100.62614,1.0,0.0,0.0,1.0,0.0,0,13.787017,10.841164,0.0,2.9330645,0.0,3.727685,5.2190075,0.0,0.0,4.5820293
0,392,393.0,10.0,1.0,1.0,369.0,1.0,1.0,1.0,0.94717234,1.0,-0.0,0.0,-1.23782e-05,-0.052815266,0.7446885,2.851911,1.1422751,5.7621264,1.2802471,5.773666,0.0,10.486704,-4.9766965,0.625,101.79431,1.0,0.0,0.0,1.0,0.0,0,13.163504,10.326883,0.0,3.9408154,0.0,3.7966707,5.143568,0.0,0.0,4.6646485
1,392,393.0,10.0,1.0,1.0,371.0,1.0,1.0,1.0,0.9597364,1.0,-0.0,0.0,-1.1756602e-05,-0.040251844,0.38974172,2.6580005,1.1441813,5.4230323,1.0249712,6.333751,0.0,8.931027,-8.220441,0.6435185,102.29498,1.0,0.0,0.0,1.0,0.0,0,13.007084,9.672374,0.0,4.358363,0.0,5.096413,5.021237,0.0,0.0,6.90589
2,392,393.0,10.0,1.0,1.0,371.0,1.0,1.0,1.0,0.90706885,1.0,-0.0,0.0,-1.219572e-05,-0.09291892,0.35887584,2.6974351,1.3056148,6.8562245,1.157487,8.283023,0.0,9.841209,-7.533444,0.6435185,101.41093,1.0,0.0,0.0,1.0,0.0,0,13.505147,10.044968,0.0,3.3928542,0.0,1.9575415,4.8076115,0.0,0.0,9.468246
3,392,393.0,10.0,1.0,1.0,371.0,1.0,1.0,1.0,0.8976519,1.0,-0.0,0.0,-1.106046e-05,-0.10233702,0.4187189,2.7396739,1.3621294,6.5675635,1.3981627,8.42425,0.0,10.162737,-7.9631453,0.6342593,100.71405,1.0,0.0,0.0,1.0,0.0,0,15.913713,10.839768,0.0,5.5345182,0.0,3.7958174,4.923233,0.0,0.0,4.3626094
0,393,394.0,10.0,1.0,1.0,370.0,1.0,1.0,1.0,0.94765705,1.0,-0.0,0.0,-1.514297e-05,-0.052327827,0.68185997,2.739629,1.1421703,5.8513947,1.2764523,5.686759,0.0,10.441293,-5.480009,0.625,101.89762,1.0,0.0,0.0,1.0,0.0,0,13.966446,9.826988,0.0,4.0586042,0.0,3.841412,5.211213,0.0,0.0,4.5448785
1,393,394.0,10.0,1.0,1.0,372.0,1.0,1.0,1.0,0.961593,1.0,-0.0,0.0,-1.3546168e-05,-0.03839349,0.64593184,2.7730343,1.148675,5.180242,1.0184305,6.1885467,0.0,9.104074,-6.5808353,0.6435185,102.496445,1.0,0.0,0.0,1.0,0.0,0,12.416255,9.990563,0.0,3.3314223,0.0,4.6658735,5.292998,0.0,0.0,7.001026
2,393,394.0,10.0,1.0,1.0,372.0,1.0,1.0,1.0,0.90922403,1.0,-0.0,0.0,-1.1423518e-05,-0.09076451,0.6518539,2.7898188,1.2814156,6.3622465,1.1602676,8.335253,0.0,10.246321,-5.314243,0.6435185,101.566444,1.0,0.0,0.0,1.0,0.0,0,13.474043,10.270176,0.0,3.0875068,0.0,1.8639467,4.7215176,0.0,0.0,9.480539
3,393,394.0,10.0,1.0,1.0,372.0,1.0,1.0,1.0,0.8970479,1.0,-0.0,0.0,-1.2508703e-05,-0.10293959,0.6738272,2.8997858,1.3683394,6.2073717,1.4016094,8.413829,0.0,10.782312,-6.497516,0.6342593,100.903725,1.0,0.0,0.0,1.0,0.0,0,13.605524,10.426903,0.0,3.5971432,0.0,3.5779667,5.1270394,0.0,0.0,4.5948806
0,394,395.0,10.0,1.0,1.0,371.0,1.0,1.0,1.0,0.94871515,1.0,-0.0,0.0,-1.1876635e-05,-0.051272977,0.40325856,2.8517928,1.1296153,5.6061916,1.2805685,5.79735,0.0,10.664997,-8.096222,0.625,102.090836,1.0,0.0,0.0,1.0,0.0,0,14.45726,9.584337,0.0,4.1242023,0.0,3.3983514,4.7059107,0.0,0.0,4.4404325
1,394,395.0,10.0,1.0,1.0,373.0,1.0,1.0,1.0,0.9622266,1.0,-0.0,0.0,-1.3108639e-05,-0.037760288,0.4281953,2.7263339,1.1360853,5.106566,1.0205705,6.244977,0.0,9.288,-8.272363,0.6435185,102.73904,1.0,0.0,0.0,1.0,0.0,0,12.968136,9.462863,0.0,3.1801882,0.0,4.449206,4.4604855,0.0,0.0,6.7642527
2,394,395.0,10.0,1.0,1.0,373.0,1.0,1.0,1.0,0.9097904,1.0,-0.0,0.0,-1.444222e-05,-0.09019519,0.42806566,2.7340927,1.278692,6.586019,1.1607565,8.321521,0.0,9.893044,-6.8473544,0.6435185,101.76712,1.0,0.0,0.0,1.0,0.0,0,13.337488,9.812999,0.0,3.4227493,0.0,1.7442223,4.7129827,0.0,0.0,9.546478
3,394,395.0,10.0,1.0,1.0,373.0,1.0,1.0,1.0,0.8961316,1.0,-0.0,0.0,-1.3299403e-05,-0.10385512,0.46050772,2.7955003,1.36898,6.3193927,1.4017614,8.463956,0.0,10.928488,-7.9945345,0.6342593,101.12612,1.0,0.0,0.0,1.0,0.0,0,16.978006,10.856156,0.0,4.162324,0.0,3.4760876,4.8747945,0.0,0.0,3.9971755
0,395,396.0,10.0,1.0,1.0,372.0,1.0,1.0,1.0,0.9485775,1.0,-0.0,0.0,-1.2307175e-05,-0.051410217,0.7011753,2.9309075,1.1291469,5.4615893,1.2821348,5.775293,0.0,10.736214,-5.727022,0.625,102.27245,1.0,0.0,0.0,1.0,0.0,0,12.775876,10.32736,0.0,3.8608077,0.0,3.783445,5.161089,0.0,0.0,4.548945
1,395,396.0,10.0,1.0,1.0,374.0,1.0,1.0,1.0,0.96453714,1.0,-0.0,0.0,-1.2619745e-05,-0.035450228,0.5061403,2.728205,1.131378,5.0260515,1.0166249,6.141678,0.0,9.037964,-7.5631022,0.6435185,102.7663,1.0,0.0,0.0,1.0,0.0,0,12.3879385,9.572046,0.0,3.3143878,0.0,4.5808554,5.24474,0.0,0.0,6.956539
2,395,396.0,10.0,1.0,1.0,374.0,1.0,1.0,1.0,0.9120056,1.0,-0.0,0.0,-1.130185e-05,-0.08798307,0.50705224,2.7576418,1.2565608,6.261507,1.1624075,8.354777,0.0,9.974566,-6.147613,0.6435185,101.79181,1.0,0.0,0.0,1.0,0.0,0,13.180055,9.768101,0.0,3.3642018,0.0,1.9104745,4.762316,0.0,0.0,9.364567
3,395,396.0,10.0,1.0,1.0,374.0,1.0,1.0,1.0,0.8961552,1.0,-0.0,0.0,-1.2879704e-05,-0.10383196,0.53811145,2.8444595,1.3697329,6.1285315,1.404568,8.456921,0.0,10.901921,-7.5039325,0.6342593,101.14776,1.0,0.0,0.0,1.0,0.0,0,14.129262,10.822767,0.0,3.4194987,0.0,3.344892,5.0474567,0.0,0.0,4.737111
0,396,397.0,10.0,1.0,1.0,373.0,1.0,1.0,1.0,0.9494002,1.0,-0.0,0.0,-1.4451696e-05,-0.05058538,0.45982003,2.8694625,1.1242864,5.548633,1.2803966,5.7005115,0.0,10.684558,-7.64458,0.625,102.48892,1.0,0.0,0.0,1.0,0.0,0,13.547878,9.553855,0.0,4.0300508,0.0,3.8187482,5.115556,0.0,0.0,4.5095778
1,396,397.0,10.0,1.0,1.0,375.0,1.0,1.0,1.0,0.9658283,1.0,-0.0,0.0,-1.1608479e-05,-0.034160048,0.51026416,2.937596,1.1332339,4.707863,1.0115749,6.050348,0.0,9.446957,-7.9452095,0.6435185,103.01616,1.0,0.0,0.0,1.0,0.0,0,12.6836405,9.67729,0.0,3.1948643,0.0,4.6869984,5.245683,0.0,0.0,6.8904986
2,396,397.0,10.0,1.0,1.0,375.0,1.0,1.0,1.0,0.91353893,1.0,-0.0,0.0,-1.2669151e-05,-0.086448364,0.5404439,2.972617,1.2436831,5.943012,1.1634665,8.359278,0.0,10.261917,-6.04467,0.6435185,102.0451,1.0,0.0,0.0,1.0,0.0,0,12.714452,9.593555,0.0,3.241423,0.0,1.6424773,4.6597457,0.0,0.0,9.373959
3,396,397.0,10.0,1.0,1.0,375.0,1.0,1.0,1.0,0.8728671,1.0,-0.025886422,0.0,-1.1856231e-05,-0.10123462,0.52722394,3.0776591,1.3458214,5.631275,1.4055794,8.480416,0.0,11.745091,-8.0296755,0.6342593,101.463554,1.0,0.0,0.0,1.0,0.0,0,15.060458,10.8048935,0.0,3.6377437,0.0,3.8215108,4.5554914,0.0,0.0,4.3905563
0,397,398.0,10.0,1.0,1.0,374.0,1.0,1.0,1.0,0.9513882,1.0,-0.0,0.0,-1.1257175e-05,-0.048600532,0.5394712,2.8744757,1.1101125,5.3265967,1.2786916,5.6838665,0.0,10.707597,-6.929011,0.625,102.50536,1.0,0.0,0.0,1.0,0.0,0,13.510795,9.538342,0.0,4.0904417,0.0,3.7170072,5.192416,0.0,0.0,4.410361
1,397,398.0,10.0,1.0,1.0,376.0,1.0,1.0,1.0,0.96809644,1.0,-0.0,0.0,-1.3671766e-05,-0.031889938,0.4651144,2.719763,1.1296304,4.9345584,1.0040071,5.9411674,0.0,9.278601,-8.017911,0.6435185,103.272865,1.0,0.0,0.0,1.0,0.0,0,12.224611,9.4349575,0.0,3.1944592,0.0,4.628751,5.319452,0.0,0.0,6.788968
2,397,398.0,10.0,1.0,1.0,376.0,1.0,1.0,1.0,0.9112189,1.0,-0.0,0.0,-1.3441789e-05,-0.08876763,0.5183406,2.7172792,1.2637753,6.639311,1.1635195,8.347742,0.0,9.475232,-5.4113035,0.6435185,102.363434,1.0,0.0,0.0,1.0,0.0,0,12.413053,9.631116,0.0,3.416707,0.0,1.7709558,4.7307096,0.0,0.0,9.166619
3,397,398.0,10.0,1.0,1.0,376.0,1.0,1.0,1.0,0.89770335,1.0,-0.0,0.0,-1.3715557e-05,-0.10228295,0.5167633,2.9037838,1.3540602,5.859685,1.4071614,8.481524,0.0,11.230859,-7.682897,0.6342593,101.70848,1.0,0.0,0.0,1.0,0.0,0,14.615865,11.242027,0.0,3.7206142,0.0,3.3703609,5.093988,0.0,0.0,4.8534575
0,398,399.0,10.0,1.0,1.0,375.0,1.0,1.0,1.0,0.9274241,1.0,-0.025137328,0.0,-1.2708574e-05,-0.047425915,0.569563,3.0754118,1.1007975,5.052619,1.2786098,5.6933646,0.0,10.995564,-6.8229985,0.625,102.74879,1.0,0.0,0.0,1.0,0.0,0,12.597825,9.995077,0.0,3.8899586,0.0,3.784571,5.011004,0.0,0.0,4.2575655
1,398,399.0,10.0,1.0,1.0,377.0,1.0,1.0,1.0,0.9709915,1.0,-0.0,0.0,-1.1497648e-05,-0.028997034,0.4241023,2.873199,1.1269425,4.6935396,0.99417204,5.7877526,0.0,9.312639,-8.374084,0.6435185,103.67555,1.0,0.0,0.0,1.0,0.0,0,12.312989,9.481715,0.0,3.2330852,0.0,4.6508784,5.289116,0.0,0.0,6.665629
2,398,399.0,10.0,1.0,1.0,377.0,1.0,1.0,1.0,0.91342753,1.0,-0.0,0.0,-1.3525848e-05,-0.08655895,0.4933465,2.8732152,1.2459182,6.407993,1.1656201,8.349151,0.0,9.428399,-5.397424,0.6435185,102.769066,1.0,0.0,0.0,1.0,0.0,0,12.191686,9.590637,0.0,3.4329429,0.0,1.6413745,4.651246,0.0,0.0,9.173828
3,398,399.0,10.0,1.0,1.0,377.0,1.0,1.0,1.0,0.8950375,1.0,-0.003365862,0.0,-1.0945234e-05,-0.10158569,0.46314114,3.0100975,1.3437997,5.694327,1.4084469,8.516644,0.0,11.479982,-8.062762,0.6342593,102.09581,1.0,0.0,0.0,1.0,0.0,0,15.091052,10.773118,0.0,3.9121363,0.0,3.2724986,4.3534613,0.0,0.0,4.419477
0,399,400.0,10.0,1.0,1.0,376.0,1.0,1.0,1.0,0.9520764,1.0,-0.0,0.0,-1.4063716e-05,-0.047909584,0.5343404,2.8392558,1.111004,5.5871644,1.2722727,5.5916476,0.0,10.398467,-6.5060163,0.625,103.04127,1.0,0.0,0.0,1.0,0.0,0,13.006321,9.2985325,0.0,4.042587,0.0,3.71126,5.242836,0.0,0.0,4.1210394
1,399,400.0,10.0,1.0,1.0,378.0,1.0,1.0,1.0,0.9716963,1.0,-0.0,0.0,-1.2014248e-05,-0.028291652,0.53063893,2.8622243,1.1339396,4.8766246,0.9881361,5.692951,0.0,9.155063,-7.435785,0.6435185,103.90542,1.0,0.0,0.0,1.0,0.0,0,11.940536,9.436522,0.0,3.1823082,0.0,4.7045164,5.269086,0.0,0.0,6.4918976
2,399,400.0,10.0,1.0,1.0,378.0,1.0,1.0,1.0,0.91649044,1.0,-0.0,0.0,-1.199885e-05,-0.08349757,0.5661532,2.8999698,1.2255756,6.1709332,1.1633894,8.318036,0.0,9.563161,-5.0171056,0.6435185,102.95706,1.0,0.0,0.0,1.0,0.0,0,12.2239065,9.883243,0.0,3.2003887,0.0,1.5945374,4.6812863,0.0,0.0,8.950286
3,399,400.0,10.0,1.0,1.0,378.0,1.0,1.0,1.0,0.8799868,1.0,-0.016783614,0.0,-1.3832171e-05,-0.103215754,0.5530316,3.0503507,1.3639266,5.794918,1.4061002,8.463494,0.0,11.272148,-7.4958096,0.6342593,102.34369,1.0,0.0,0.0,1.0,0.0,0,14.221585,11.506976,0.0,3.3856444,0.0,3.0653837,5.112127,0.0,0.0,4.555492
0,400,401.0,10.0,1.0,1.0,377.0,1.0,1.0,1.0,0.9537905,1.0,-0.0,0.0,-1.2642166e-05,-0.046196863,0.5023565,2.9919868,1.0946472,5.2445316,1.2749276,5.627659,0.0,10.496943,-6.671589,0.625,103.45198,1.0,0.0,0.0,1.0,0.0,0,12.8811865,9.295796,0.0,4.0784974,0.0,3.5695066,4.7891283,0.0,0.0,4.062011
1,400,401.0,10.0,1.0,1.0,379.0,1.0,1.0,1.0,0.97412336,1.0,-0.0,0.0,-1.434485e-05,-0.025862306,0.4710335,2.7590296,1.1296942,5.31394,0.98172605,5.5790305,0.0,8.647722,-7.3571105,0.6435185,104.10915,1.0,0.0,0.0,1.0,0.0,0,11.709019,9.63763,0.0,4.0910454,0.0,4.677427,5.2746344,0.0,0.0,6.493363
2,400,401.0,10.0,1.0,1.0,379.0,1.0,1.0,1.0,0.91468626,1.0,-0.0,0.0,-1.4008934e-05,-0.085299745,0.512138,2.8082378,1.2406714,6.681288,1.1654073,8.312948,0.0,9.08439,-4.8246794,0.6435185,103.14804,1.0,0.0,0.0,1.0,0.0,0,11.815549,9.588056,0.0,3.3998904,0.0,1.5756296,4.633307,0.0,0.0,9.010599
3,400,401.0,10.0,1.0,1.0,379.0,1.0,1.0,1.0,0.8974273,1.0,-0.0,0.0,-1.1688015e-05,-0.102561,0.4631173,2.9761899,1.3592194,5.8304815,1.4064591,8.459514,0.0,11.332769,-8.065276,0.6342593,102.569756,1.0,0.0,0.0,1.0,0.0,0,14.89099,11.521914,0.0,3.3393693,0.0,3.498811,5.0157275,0.0,0.0,4.2089996
0,401,402.0,10.0,1.0,1.0,378.0,1.0,1.0,1.0,0.94779515,1.0,-0.006611335,0.0,-1.1857478e-05,-0.045581665,0.58197266,3.019834,1.0918177,5.0403624,1.2728355,5.5871644,0.0,10.727374,-6.2880173,0.625,103.64929,1.0,0.0,0.0,1.0,0.0,0,12.202656,9.576287,0.0,3.8253882,0.0,3.6167223,5.104083,0.0,0.0,4.075451
1,401,402.0,10.0,1.0,1.0,380.0,1.0,1.0,1.0,0.97655386,1.0,-0.0,0.0,-1.2040518e-05,-0.023434086,0.47246367,2.775787,1.1259273,4.9393163,0.97466874,5.4615893,0.0,8.861199,-7.623433,0.6435185,104.151855,1.0,0.0,0.0,1.0,0.0,0,11.053232,9.527999,0.0,3.1355615,0.0,4.7318583,5.1735945,0.0,0.0,6.3247523
2,401,402.0,10.0,1.0,1.0,380.0,1.0,1.0,1.0,0.91765916,1.0,-0.0,0.0,-1.1771684e-05,-0.08232908,0.51794237,2.8231907,1.2204677,6.3249664,1.1642166,8.286237,0.0,9.156222,-4.880918,0.6435185,103.18726,1.0,0.0,0.0,1.0,0.0,0,11.914244,9.567439,0.0,3.3373518,0.0,1.454224,4.6852026,0.0,0.0,8.821897
3,401,402.0,10.0,1.0,1.0,380.0,1.0,1.0,1.0,0.8984213,1.0,-0.0,0.0,-1.0786494e-05,-0.10156791,0.5136993,2.9510477,1.3532026,5.8826246,1.4046127,8.445055,0.0,10.853731,-7.286137,0.6342593,102.60109,1.0,0.0,0.0,1.0,0.0,0,14.774756,11.506405,0.0,3.6508622,0.0,3.0868814,5.186828,0.0,0.0,4.205341
0,402,403.0,10.0,1.0,1.0,379.0,1.0,1.0,1.0,0.9523007,1.0,-0.0,0.0,-1.4212449e-05,-0.0476851,0.5342379,2.91774,1.1047683,5.6131706,1.2767125,5.6429434,0.0,10.109372,-5.9404707,0.625,103.83174,1.0,0.0,0.0,1.0,0.0,0,12.5199,9.101936,0.0,4.0934324,0.0,3.4804726,4.918646,0.0,0.0,4.0614533
1,402,403.0,10.0,1.0,1.0,381.0,1.0,1.0,1.0,0.9787976,1.0,-0.0,0.0,-1.2664332e-05,-0.021189762,0.560838,2.8087118,1.1221406,4.873091,0.9687109,5.35533,0.0,8.728907,-6.8546376,0.6435185,104.22207,1.0,0.0,0.0,1.0,0.0,0,11.08619,9.455328,0.0,3.253189,0.0,4.7413073,5.181619,0.0,0.0,6.293131
2,402,403.0,10.0,1.0,1.0,381.0,1.0,1.0,1.0,0.91959953,1.0,-0.0,0.0,-1.2537616e-05,-0.08038794,0.59975237,2.8698668,1.1992556,6.0972757,1.1667991,8.328858,0.0,9.151586,-4.123329,0.6435185,103.28187,1.0,0.0,0.0,1.0,0.0,0,11.801587,9.496449,0.0,3.3859553,0.0,1.3257405,4.5397267,0.0,0.0,8.983957
3,402,403.0,10.0,1.0,1.0,381.0,1.0,1.0,1.0,0.9006061,1.0,-0.0,0.0,-1.1846742e-05,-0.09938204,0.58137363,2.9963374,1.3401275,5.694327,1.4032705,8.411965,0.0,10.921731,-6.8161173,0.6342593,102.70619,1.0,0.0,0.0,1.0,0.0,0,14.599015,11.458754,0.0,3.3846457,0.0,3.4422858,5.1382494,0.0,0.0,3.9817004
0,403,404.0,10.0,1.0,1.0,380.0,1.0,1.0,1.0,0.9548352,1.0,-0.0,0.0,-1.1777075e-05,-0.045153,0.54257846,2.9246855,1.0895195,5.3213024,1.2717044,5.5311074,0.0,10.13378,-5.9764094,0.625,103.86393,1.0,0.0,0.0,1.0,0.0,0,12.4653425,9.133052,0.0,4.035358,0.0,3.6462114,5.184217,0.0,0.0,3.9879866
1,403,404.0,10.0,1.0,1.0,382.0,1.0,1.0,1.0,0.9806545,1.0,-0.0,0.0,-1.1790393e-05,-0.019333726,0.51780903,2.7653437,1.121548,4.828383,0.9628897,5.248412,0.0,8.713975,-7.345684,0.6435185,104.23487,1.0,0.0,0.0,1.0,0.0,0,11.116373,9.476358,0.0,3.1146157,0.0,4.674157,5.162193,0.0,0.0,6.2563243
2,403,404.0,10.0,1.0,1.0,382.0,1.0,1.0,1.0,0.92196894,1.0,-0.0,0.0,-1.1844933e-05,-0.07801922,0.54235196,2.8392124,1.1843889,5.9005666,1.166028,8.298236,0.0,9.25782,-4.7840223,0.6435185,103.289795,1.0,0.0,0.0,1.0,0.0,0,11.700876,9.493029,0.0,3.2848387,0.0,1.3322176,4.6154833,0.0,0.0,8.904823
3,403,404.0,10.0,1.0,1.0,382.0,1.0,1.0,1.0,0.90234214,1.0,-0.0,0.0,-1.14951135e-05,-0.097646356,0.53018296,2.9640381,1.3291389,5.5497622,1.4034412,8.390239,0.0,11.029604,-7.474393,0.6342593,102.71162,1.0,0.0,0.0,1.0,0.0,0,14.459472,11.402746,0.0,3.271538,0.0,3.218652,5.0139513,0.0,0.0,4.0047913
0,404,405.0,10.0,1.0,1.0,381.0,1.0,1.0,1.0,0.9563893,1.0,-0.0,0.0,-1.2602669e-05,-0.043598097,0.623963,2.9578779,1.0797213,5.1861334,1.2690634,5.4698977,0.0,10.115577,-5.2924657,0.625,103.94366,1.0,0.0,0.0,1.0,0.0,0,11.657127,9.025476,0.0,3.9029305,0.0,3.7302687,5.1086063,0.0,0.0,3.9649823
1,404,405.0,10.0,1.0,1.0,383.0,1.0,1.0,1.0,0.9802425,1.0,-0.0,0.0,-1.1815475e-05,-0.019745735,0.62720704,2.795607,1.1353861,4.822055,0.95888853,5.1693482,0.0,8.959141,-6.705297,0.6435185,104.40081,1.0,0.0,0.0,1.0,0.0,0,11.267598,9.375026,0.0,3.5091546,0.0,4.750032,5.170609,0.0,0.0,6.18631
2,404,405.0,10.0,1.0,1.0,383.0,1.0,1.0,1.0,0.9210783,1.0,-0.0,0.0,-1.1688127e-05,-0.07891002,0.65511394,2.8760624,1.1907227,5.875032,1.1671064,8.30418,0.0,9.471643,-4.0656424,0.6435185,103.45438,1.0,0.0,0.0,1.0,0.0,0,11.74918,9.79564,0.0,3.1051908,0.0,1.2692614,4.58109,0.0,0.0,8.804769
3,404,405.0,10.0,1.0,1.0,383.0,1.0,1.0,1.0,0.8916014,1.0,-0.010772857,0.0,-1.151131e-05,-0.09761424,0.6242141,3.0323186,1.3318613,5.4117594,1.4016241,8.367895,0.0,11.5488615,-7.185732,0.6342593,102.86232,1.0,0.0,0.0,1.0,0.0,0,13.952844,10.842817,0.0,3.0881548,0.0,2.876335,5.0889773,0.0,0.0,3.956914
0,405,406.0,10.0,1.0,1.0,382.0,1.0,1.0,1.0,0.9569735,1.0,-0.0,0.0,-1.2190103e-05,-0.043014273,0.5701922,2.9090457,1.0781888,5.1465793,1.2659254,5.4253426,0.0,10.13475,-5.8686843,0.625,103.96602,1.0,0.0,0.0,1.0,0.0,0,11.63108,9.232611,0.0,3.8257208,0.0,3.6342509,5.1606927,0.0,0.0,3.8691885
1,405,406.0,10.0,1.0,1.0,384.0,1.0,1.0,1.0,0.98186696,1.0,-0.0,0.0,-1.3620255e-05,-0.018119402,0.5937871,2.6729014,1.1365976,4.927731,0.95338637,5.0626817,0.0,8.912906,-6.906524,0.6435185,104.49287,1.0,0.0,0.0,1.0,0.0,0,10.972744,9.427403,0.0,3.0021815,0.0,4.773898,5.114503,0.0,0.0,6.1277385
2,405,406.0,10.0,1.0,1.0,384.0,1.0,1.0,1.0,0.918194,1.0,-0.0,0.0,-1.4327393e-05,-0.081791714,0.6522622,2.7195058,1.2161686,6.574713,1.1678585,8.286237,0.0,8.737746,-3.4458265,0.6435185,103.602875,1.0,0.0,0.0,1.0,0.0,0,10.489076,9.486091,0.0,3.3613799,0.0,1.1681571,4.5638247,0.0,0.0,8.717003
3,405,406.0,10.0,1.0,1.0,384.0,1.0,1.0,1.0,0.9027412,1.0,-0.0,0.0,-1.2604584e-05,-0.0972462,0.61517245,2.8803463,1.3334197,5.704905,1.4013336,8.334124,0.0,11.041897,-6.794229,0.6342593,102.998146,1.0,0.0,0.0,1.0,0.0,0,14.777846,11.280053,0.0,3.6572316,0.0,3.2391727,5.1106167,0.0,0.0,3.8544307
0,406,407.0,10.0,1.0,1.0,383.0,1.0,1.0,1.0,0.95713365,1.0,-0.0,0.0,-1.193017e-05,-0.042854413,0.67889357,2.9498537,1.0781198,5.117899,1.2647154,5.4071274,0.0,10.216442,-5.1517944,0.625,104.135216,1.0,0.0,0.0,1.0,0.0,0,11.385263,9.595705,0.0,3.7755976,0.0,3.7014878,5.1806064,0.0,0.0,3.7883525
1,406,407.0,10.0,1.0,1.0,385.0,1.0,1.0,1.0,0.98197025,1.0,-0.0,0.0,-1.224851e-05,-0.018017529,0.41560605,2.9679916,1.1370003,4.880476,0.95391655,5.053549,0.0,8.74561,-8.634189,0.6435185,104.87389,1.0,0.0,0.0,1.0,0.0,0,11.255893,9.423189,0.0,3.231555,0.0,4.764501,5.223747,0.0,0.0,6.407615
2,406,407.0,10.0,1.0,1.0,385.0,1.0,1.0,1.0,0.9113746,1.0,-0.010640299,0.0,-1.3196234e-05,-0.07797189,0.4393432,3.031921,1.2017871,6.252997,1.1610229,8.164909,0.0,8.818976,-5.7790327,0.6435185,104.01726,1.0,0.0,0.0,1.0,0.0,0,10.619863,9.421722,0.0,3.3561234,0.0,1.1120716,4.7007685,0.0,0.0,8.789062
3,406,407.0,10.0,1.0,1.0,385.0,1.0,1.0,1.0,0.867069,1.0,-0.035745714,0.0,-1.2902035e-05,-0.09717237,0.45182705,3.107237,1.321482,5.831556,1.4048178,8.419227,0.0,10.438824,-7.993058,0.6342593,103.315796,1.0,0.0,0.0,1.0,0.0,0,14.949407,11.015649,0.0,4.733994,0.0,2.702311,4.6365294,0.0,0.0,3.6931784
0,407,408.0,10.0,1.0,1.0,384.0,1.0,1.0,1.0,0.9566794,1.0,-0.0,0.0,-1.3854821e-05,-0.043306783,0.66244566,2.822116,1.0828865,5.434859,1.2635677,5.3775067,0.0,9.919704,-4.9513884,0.625,104.2356,1.0,0.0,0.0,1.0,0.0,0,11.792974,9.58728,0.0,3.9393375,0.0,3.783809,5.2084074,0.0,0.0,3.724653
1,407,408.0,10.0,1.0,1.0,386.0,1.0,1.0,1.0,0.9830912,1.0,-0.0,0.0,-1.2232215e-05,-0.016896624,0.5376879,2.8266408,1.135173,4.9586163,0.9449931,4.8952127,0.0,8.502743,-7.4426775,0.6435185,105.03493,1.0,0.0,0.0,1.0,0.0,0,11.011199,9.396932,0.0,3.2015865,0.0,4.87967,5.220034,0.0,0.0,5.9809904
2,407,408.0,10.0,1.0,1.0,386.0,1.0,1.0,1.0,0.9239626,1.0,-0.0,0.0,-1.1313932e-05,-0.07602611,0.54314286,2.9083204,1.1845337,6.019467,1.1622208,8.177563,0.0,8.893464,-4.8478804,0.6435185,104.1491,1.0,0.0,0.0,1.0,0.0,0,10.58038,9.339834,0.0,3.321637,0.0,1.1443199,4.588484,0.0,0.0,8.6844425
3,407,408.0,10.0,1.0,1.0,386.0,1.0,1.0,1.0,0.90121454,1.0,-0.0,0.0,-1.2615155e-05,-0.098772824,0.5975164,2.978424,1.3333927,6.0721807,1.4079568,8.425923,0.0,10.05997,-6.2876706,0.6342593,103.48771,1.0,0.0,0.0,1.0,0.0,0,14.2446575,11.403775,0.0,3.3818364,0.0,3.051282,5.051311,0.0,0.0,3.7661054
0,408,409.0,10.0,1.0,1.0,385.0,1.0,1.0,1.0,0.91407746,1.0,-0.043878023,0.0,-1.2274044e-05,-0.042032264,0.4449308,3.131634,1.077222,5.1050324,1.2590361,5.315708,0.0,10.035621,-7.391328,0.625,104.649185,1.0,0.0,0.0,1.0,0.0,0,11.865482,9.514122,0.0,3.9104705,0.0,3.6088634,5.2235637,0.0,0.0,3.6288195
1,408,409.0,10.0,1.0,1.0,387.0,1.0,1.0,1.0,0.98310184,1.0,-0.0,0.0,-1.21584435e-05,-0.016885996,0.5301151,2.8706515,1.135088,4.79666,0.937416,4.7709656,0.0,8.656872,-7.7449856,0.6435185,105.08147,1.0,0.0,0.0,1.0,0.0,0,11.006797,9.386664,0.0,3.034446,0.0,4.9375777,5.1454487,0.0,0.0,5.9446673
2,408,409.0,10.0,1.0,1.0,387.0,1.0,1.0,1.0,0.92513657,1.0,-0.0,0.0,-1.2395462e-05,-0.07485103,0.539409,2.9522414,1.1768075,5.8959203,1.1620288,8.165005,0.0,8.944854,-4.9967084,0.6435185,104.189705,1.0,0.0,0.0,1.0,0.0,0,10.560771,9.349756,0.0,3.2051344,0.0,0.9999058,4.583119,0.0,0.0,8.660191
3,408,409.0,10.0,1.0,1.0,387.0,1.0,1.0,1.0,0.88708484,1.0,-0.015994472,0.0,-1.214696e-05,-0.096908525,0.5718332,3.0479834,1.3157172,5.700923,1.4108218,8.446631,0.0,10.38796,-6.834722,0.6342593,103.571335,1.0,0.0,0.0,1.0,0.0,0,14.496524,11.163897,0.0,3.149248,0.0,3.064492,4.956021,0.0,0.0,3.6509454
0,409,410.0,10.0,1.0,1.0,386.0,1.0,1.0,1.0,0.9587951,1.0,-0.0,0.0,-1.1406993e-05,-0.041193537,0.5654972,2.9995263,1.0716277,5.0554075,1.2579205,5.3124666,0.0,9.945363,-6.1998405,0.625,104.79721,1.0,0.0,0.0,1.0,0.0,0,11.787933,9.431642,0.0,3.8605945,0.0,3.3962746,5.317363,0.0,0.0,3.5728443
1,409,410.0,10.0,1.0,1.0,388.0,1.0,1.0,1.0,0.98307675,1.0,-0.0,0.0,-1.1885333e-05,-0.016911374,0.49873218,2.8846762,1.135291,4.73026,0.9262525,4.6058154,0.0,8.668208,-8.1819105,0.6435185,105.08948,1.0,0.0,0.0,1.0,0.0,0,11.017029,9.367184,0.0,3.0446734,0.0,4.910188,5.211102,0.0,0.0,5.852766
2,409,410.0,10.0,1.0,1.0,388.0,1.0,1.0,1.0,0.9254025,1.0,-0.0,0.0,-1.1940235e-05,-0.07458553,0.5258035,2.9665494,1.1744404,5.8980446,1.1629132,8.166828,0.0,8.856587,-5.0783234,0.6435185,104.19273,1.0,0.0,0.0,1.0,0.0,0,10.445054,9.352207,0.0,3.1527836,0.0,1.0447024,4.562343,0.0,0.0,8.576395
3,409,410.0,10.0,1.0,1.0,388.0,1.0,1.0,1.0,0.8795252,1.0,-0.025133789,0.0,-1.1895466e-05,-0.095329106,0.54430366,3.0754013,1.3022784,5.545528,1.4125123,8.452658,0.0,10.417504,-7.124587,0.6342593,103.58552,1.0,0.0,0.0,1.0,0.0,0,14.2953205,11.035659,0.0,3.137075,0.0,3.0277624,4.979215,0.0,0.0,3.6595473
0,410,411.0,10.0,1.0,1.0,387.0,1.0,1.0,1.0,0.94882,1.0,-0.010447453,0.0,-1.2667683e-05,-0.04071988,0.575719,3.0313423,1.0684577,5.047658,1.2573012,5.2956386,0.0,9.8959255,-6.1123185,0.625,104.82176,1.0,0.0,0.0,1.0,0.0,0,11.715692,9.382989,0.0,3.832093,0.0,3.4884794,5.2745824,0.0,0.0,3.5271382
1,410,411.0,10.0,1.0,1.0,389.0,1.0,1.0,1.0,0.9831309,1.0,-0.0,0.0,-1.1924897e-05,-0.016857196,0.51774496,2.9147234,1.1348575,4.7130156,0.91715604,4.4670634,0.0,8.603524,-8.064973,0.6435185,105.11004,1.0,0.0,0.0,1.0,0.0,0,11.006418,9.35477,0.0,3.040801,0.0,4.8837395,5.1594176,0.0,0.0,5.775982
2,410,411.0,10.0,1.0,1.0,389.0,1.0,1.0,1.0,0.92531705,1.0,-0.0,0.0,-1.2222586e-05,-0.07467072,0.55478144,2.988209,1.1756593,6.0210276,1.1636789,8.162798,0.0,8.659706,-4.681239,0.6435185,104.19354,1.0,0.0,0.0,1.0,0.0,0,10.283882,9.37906,0.0,3.1705775,0.0,1.0280432,4.559057,0.0,0.0,8.499066
3,410,411.0,10.0,1.0,1.0,389.0,1.0,1.0,1.0,0.86866355,1.0,-0.03859283,0.0,-1.2020429e-05,-0.092731625,0.5540058,3.1157784,1.2883157,5.410023,1.4087654,8.401529,0.0,10.39137,-7.048261,0.6342593,103.62488,1.0,0.0,0.0,1.0,0.0,0,14.247507,11.008962,0.0,3.1776125,0.0,2.7405565,4.982367,0.0,0.0,3.561691
0,411,412.0,10.0,1.0,1.0,388.0,1.0,1.0,1.0,0.94431585,1.0,-0.015313427,0.0,-1.2099137e-05,-0.040358584,0.5604401,3.0459402,1.0663058,5.0265193,1.2565628,5.280685,0.0,9.848199,-6.249302,0.625,104.82561,1.0,0.0,0.0,1.0,0.0,0,11.669929,9.361235,0.0,3.7929108,0.0,3.513087,5.2984233,0.0,0.0,3.4670188
1,411,412.0,10.0,1.0,1.0,390.0,1.0,1.0,1.0,0.9831685,1.0,-0.0,0.0,-1.1861668e-05,-0.016819675,0.50946736,2.9357996,1.1345574,4.72065,0.9106273,4.3611813,0.0,8.528252,-8.172699,0.6435185,105.11515,1.0,0.0,0.0,1.0,0.0,0,10.99022,9.35986,0.0,3.0074453,0.0,4.8681593,5.1370234,0.0,0.0,5.72084
2,411,412.0,10.0,1.0,1.0,390.0,1.0,1.0,1.0,0.9238129,1.0,-0.0022161752,0.0,-1.2280313e-05,-0.07395862,0.5428724,3.0066485,1.1740904,6.0524187,1.1625966,8.131839,0.0,8.568617,-4.7630844,0.6435185,104.19699,1.0,0.0,0.0,1.0,0.0,0,10.206902,9.379814,0.0,3.1297612,0.0,0.94099236,4.5895805,0.0,0.0,8.429562
3,411,412.0,10.0,1.0,1.0,390.0,1.0,1.0,1.0,0.85775584,1.0,-0.050315946,0.0,-1.1845123e-05,-0.0919163,0.53876525,3.1509478,1.2825143,5.304207,1.409709,8.39612,0.0,10.467698,-7.232963,0.6342593,103.647484,1.0,0.0,0.0,1.0,0.0,0,14.064952,10.8714905,0.0,3.0943987,0.0,2.8789945,4.9668775,0.0,0.0,3.5017755
0,412,413.0,10.0,1.0,1.0,389.0,1.0,1.0,1.0,0.9353261,1.0,-0.024508871,0.0,-1.2129357e-05,-0.040152926,0.5823165,3.0735266,1.0652318,5.0479684,1.2559915,5.2692556,0.0,9.759873,-6.0151434,0.625,104.83576,1.0,0.0,0.0,1.0,0.0,0,11.636585,9.361162,0.0,3.8034678,0.0,3.5853317,5.3261943,0.0,0.0,3.4197648
1,412,413.0,10.0,1.0,1.0,391.0,1.0,1.0,1.0,0.983185,1.0,-0.0,0.0,-1.1899456e-05,-0.016803062,0.5138084,2.9502704,1.1344244,4.7315836,0.90592986,4.2820177,0.0,8.459697,-8.146692,0.6435185,105.11922,1.0,0.0,0.0,1.0,0.0,0,10.972028,9.362659,0.0,2.971329,0.0,4.8670764,5.115184,0.0,0.0,5.6736927
2,412,413.0,10.0,1.0,1.0,391.0,1.0,1.0,1.0,0.91660446,1.0,-0.009844204,0.0,-1.1970539e-05,-0.07353938,0.5357392,3.0295324,1.1699018,5.9733706,1.163772,8.138098,0.0,8.596444,-4.8734517,0.6435185,104.20886,1.0,0.0,0.0,1.0,0.0,0,10.171195,9.361846,0.0,3.071013,0.0,0.9142637,4.544015,0.0,0.0,8.349029
3,412,413.0,10.0,1.0,1.0,391.0,1.0,1.0,1.0,0.85061824,1.0,-0.058744416,0.0,-1.18098405e-05,-0.09062551,0.53379166,3.1762333,1.2726609,5.2043686,1.4106443,8.392573,0.0,10.4940195,-7.2893677,0.6342593,103.6661,1.0,0.0,0.0,1.0,0.0,0,14.000196,10.839126,0.0,3.055558,0.0,3.0341191,5.0394287,0.0,0.0,3.4237256
0,413,414.0,10.0,1.0,1.0,390.0,1.0,1.0,1.0,0.9291574,1.0,-0.030872226,0.0,-1.2152064e-05,-0.039958242,0.57276005,3.0926166,1.0644424,5.0736494,1.2552235,5.256759,0.0,9.688887,-6.0819583,0.625,104.83901,1.0,0.0,0.0,1.0,0.0,0,11.60951,9.356428,0.0,3.78794,0.0,3.6350675,5.3532014,0.0,0.0,3.3569593
1,413,414.0,10.0,1.0,1.0,392.0,1.0,1.0,1.0,0.9832367,1.0,-0.0,0.0,-1.1859992e-05,-0.016751466,0.5155146,2.96172,1.1340117,4.7451324,0.9019578,4.2127147,0.0,8.384898,-8.135269,0.6435185,105.123566,1.0,0.0,0.0,1.0,0.0,0,10.954161,9.368917,0.0,2.941318,0.0,4.866973,5.0990705,0.0,0.0,5.634283
2,413,414.0,10.0,1.0,1.0,392.0,1.0,1.0,1.0,0.91294694,1.0,-0.013738995,0.0,-1.1874288e-05,-0.073302224,0.5315684,3.0412169,1.1687365,5.9818854,1.164323,8.132609,0.0,8.541368,-4.893801,0.6435185,104.21013,1.0,0.0,0.0,1.0,0.0,0,10.090644,9.369784,0.0,3.0296156,0.0,0.8661356,4.563921,0.0,0.0,8.27983
3,413,414.0,10.0,1.0,1.0,392.0,1.0,1.0,1.0,0.8482221,1.0,-0.062706634,0.0,-1.1960965e-05,-0.08905928,0.52942073,3.18812,1.2652578,5.184472,1.4073683,8.354122,0.0,10.399527,-7.2810845,0.6342593,103.67441,1.0,0.0,0.0,1.0,0.0,0,13.886861,10.787785,0.0,3.0317729,0.0,2.5992994,5.0089283,0.0,0.0,3.383029
0,414,415.0,10.0,1.0,1.0,391.0,1.0,1.0,1.0,0.9235517,1.0,-0.036748312,0.0,-1.2073577e-05,-0.039687905,0.57127774,3.1102448,1.0630364,5.0643816,1.2544668,5.246621,0.0,9.652149,-6.1021113,0.625,104.842285,1.0,0.0,0.0,1.0,0.0,0,11.59549,9.330749,0.0,3.7861202,0.0,3.6902006,5.3784447,0.0,0.0,3.2906802
1,414,415.0,10.0,1.0,1.0,393.0,1.0,1.0,1.0,0.9832884,1.0,-0.0,0.0,-1.1946163e-05,-0.016699674,0.6478805,2.9659035,1.1335974,4.7634106,0.89810956,4.1288123,0.0,8.308344,-6.7065783,0.6435185,105.349884,1.0,0.0,0.0,1.0,0.0,0,10.930658,9.369121,0.0,2.9121535,0.0,4.9882364,5.161696,0.0,0.0,5.671239
2,414,415.0,10.0,1.0,1.0,393.0,1.0,1.0,1.0,0.91444576,1.0,-0.012027535,0.0,-1.2045137e-05,-0.07351463,0.6669704,3.0360825,1.1695883,6.046723,1.1636829,8.138965,0.0,8.411531,-3.2529747,0.6435185,104.43313,1.0,0.0,0.0,1.0,0.0,0,9.325499,9.301635,0.0,2.9286034,0.0,0.783093,4.559746,0.0,0.0,8.286605
3,414,415.0,10.0,1.0,1.0,393.0,1.0,1.0,1.0,0.85527736,1.0,-0.055671547,0.0,-1.2026253e-05,-0.089039005,0.660982,3.1670146,1.2659837,5.2671747,1.4086579,8.347462,0.0,10.226027,-5.655734,0.6342593,103.89686,1.0,0.0,0.0,1.0,0.0,0,13.783885,10.728988,0.0,2.9964833,0.0,2.5550225,4.968196,0.0,0.0,3.4074178
0,415,416.0,10.0,1.0,1.0,392.0,1.0,1.0,1.0,0.91907555,1.0,-0.041521713,0.0,-1.1955572e-05,-0.039390765,0.56663007,3.1245651,1.0613933,5.0451756,1.2537328,5.23766,0.0,9.626043,-6.157318,0.625,104.84824,1.0,0.0,0.0,1.0,0.0,0,11.562153,9.295668,0.0,3.7704835,0.0,3.7344513,5.4009027,0.0,0.0,3.2317557
1,415,416.0,10.0,1.0,1.0,394.0,1.0,1.0,1.0,0.9833495,1.0,-0.0,0.0,-1.3051057e-05,-0.016637461,0.49075857,2.8967602,1.1330997,4.7868567,0.88651115,3.9629908,0.0,8.236043,-8.18771,0.6435185,105.437645,1.0,0.0,0.0,1.0,0.0,0,10.916557,9.380018,0.0,2.8847,0.0,4.987987,5.2311473,0.0,0.0,5.541625
2,415,416.0,10.0,1.0,1.0,394.0,1.0,1.0,1.0,0.9263728,1.0,-0.0,0.0,-1.3261596e-05,-0.07361392,0.5277928,2.9598513,1.1722064,6.2727523,1.1634867,8.125286,0.0,8.16099,-4.2934318,0.6435185,104.539665,1.0,0.0,0.0,1.0,0.0,0,9.153562,9.396535,0.0,3.1116853,0.0,0.76925904,4.5723524,0.0,0.0,8.164804
3,415,416.0,10.0,1.0,1.0,394.0,1.0,1.0,1.0,0.8742816,1.0,-0.03858271,0.0,-1.3308354e-05,-0.08712244,0.509052,3.1157482,1.2531692,5.163438,1.4082072,8.328577,0.0,10.217213,-6.989182,0.6342593,103.96864,1.0,0.0,0.0,1.0,0.0,0,13.776844,10.711163,0.0,2.9682808,0.0,2.5870128,5.0138893,0.0,0.0,3.328735
0,416,417.0,10.0,1.0,1.0,393.0,1.0,1.0,1.0,0.9181836,1.0,-0.042079948,0.0,-1.2003818e-05,-0.03972448,0.6914139,3.1262398,1.0603185,5.053239,1.2574773,5.2088795,0.0,9.575117,-4.812659,0.625,105.071915,1.0,0.0,0.0,1.0,0.0,0,11.541717,9.290484,0.0,3.7667885,0.0,3.489881,5.4085145,0.0,0.0,3.5241191
1,416,417.0,10.0,1.0,1.0,395.0,1.0,1.0,1.0,0.9833018,1.0,-0.0,0.0,-1.2263372e-05,-0.016685877,0.5436245,2.9295897,1.133487,4.7899632,0.88102275,3.879542,0.0,8.203653,-7.731731,0.6435185,105.465935,1.0,0.0,0.0,1.0,0.0,0,10.904464,9.393238,0.0,2.8444202,0.0,5.015755,5.1218653,0.0,0.0,5.4701247
2,416,417.0,10.0,1.0,1.0,395.0,1.0,1.0,1.0,0.92597324,1.0,-0.0012341887,0.0,-1.2497285e-05,-0.07278007,0.56774765,3.0037024,1.166719,6.163569,1.1635501,8.116411,0.0,8.234256,-4.0175495,0.6435185,104.58315,1.0,0.0,0.0,1.0,0.0,0,9.082966,9.389781,0.0,3.034835,0.0,0.75537586,4.556523,0.0,0.0,8.053519
3,416,417.0,10.0,1.0,1.0,395.0,1.0,1.0,1.0,0.8603331,1.0,-0.05378208,0.0,-1.1911032e-05,-0.085872866,0.5541924,3.1613462,1.2428967,5.0367885,1.4082497,8.3306465,0.0,10.302861,-6.603976,0.6342593,104.02287,1.0,0.0,0.0,1.0,0.0,0,13.679295,10.632162,0.0,2.8584132,0.0,2.5171793,4.928369,0.0,0.0,3.2207825
0,417,418.0,10.0,1.0,1.0,394.0,1.0,1.0,1.0,0.9408539,1.0,-0.0201157,0.0,-1.3103344e-05,-0.039017342,0.53759587,3.060347,1.0591356,5.0793557,1.2530031,5.11392,0.0,9.513535,-6.214531,0.625,105.1613,1.0,0.0,0.0,1.0,0.0,0,11.522098,9.286269,0.0,3.7523599,0.0,3.6866777,5.5380573,0.0,0.0,3.4741633
1,417,418.0,10.0,1.0,1.0,396.0,1.0,1.0,1.0,0.9832113,1.0,-0.0,0.0,-1.2102871e-05,-0.016776612,0.5086504,2.935387,1.1342129,4.788165,0.8757883,3.7996194,0.0,8.164766,-8.102385,0.6435185,105.48253,1.0,0.0,0.0,1.0,0.0,0,10.895135,9.395428,0.0,2.821218,0.0,4.998086,5.133993,0.0,0.0,5.4144177
2,417,418.0,10.0,1.0,1.0,396.0,1.0,1.0,1.0,0.92679095,1.0,-0.0035900623,0.0,-1.1879991e-05,-0.069607146,0.510424,3.01077,1.1641203,6.075533,1.152915,7.945525,0.0,8.295879,-4.7325397,0.6435185,104.59646,1.0,0.0,0.0,1.0,0.0,0,9.055753,9.374573,0.0,2.9851623,0.0,0.67311066,4.632085,0.0,0.0,7.964999
3,417,418.0,10.0,1.0,1.0,396.0,1.0,1.0,1.0,0.85551316,1.0,-0.05918462,0.0,-1.2088042e-05,-0.08529011,0.51172006,3.177554,1.2398784,4.94676,1.4082514,8.318317,0.0,10.398221,-7.0616927,0.6342593,104.028366,1.0,0.0,0.0,1.0,0.0,0,13.528087,10.544133,0.0,2.8826137,0.0,2.5890422,4.981624,0.0,0.0,3.1531065
0,418,419.0,10.0,1.0,1.0,395.0,1.0,1.0,1.0,0.9291592,1.0,-0.032063574,0.0,-1.22963875e-05,-0.038764883,0.5891435,3.0961907,1.0576799,5.0711794,1.252439,5.115298,0.0,9.492787,-5.7397103,0.625,105.19202,1.0,0.0,0.0,1.0,0.0,0,11.504355,9.258182,0.0,3.755889,0.0,3.8423178,5.4673448,0.0,0.0,3.3601336
1,418,419.0,10.0,1.0,1.0,397.0,1.0,1.0,1.0,0.9831662,1.0,-0.0,0.0,-1.2106524e-05,-0.0168217,0.51666796,2.9699845,1.1345736,4.802206,0.87398887,3.7644322,0.0,8.101739,-8.010301,0.6435185,105.48755,1.0,0.0,0.0,1.0,0.0,0,10.903734,9.402805,0.0,2.8157501,0.0,5.0228333,5.2453814,0.0,0.0,5.440951
2,418,419.0,10.0,1.0,1.0,397.0,1.0,1.0,1.0,0.9208961,1.0,-0.012631032,0.0,-1.1929477e-05,-0.06646092,0.5025271,3.037893,1.1657358,6.1277647,1.1394262,7.7446356,0.0,8.219194,-4.87833,0.6435185,104.60377,1.0,0.0,0.0,1.0,0.0,0,9.011163,9.4122095,0.0,2.9957738,0.0,0.839905,4.6424623,0.0,0.0,7.866179
3,418,419.0,10.0,1.0,1.0,397.0,1.0,1.0,1.0,0.843308,1.0,-0.072576046,0.0,-1.1947088e-05,-0.08410403,0.5108304,3.2177281,1.233294,4.8828816,1.4081807,8.2965355,0.0,10.409323,-7.0924993,0.6342593,104.046585,1.0,0.0,0.0,1.0,0.0,0,13.309486,10.53232,0.0,2.8304908,0.0,2.307217,4.996596,0.0,0.0,3.2361467
0,419,420.0,10.0,1.0,1.0,396.0,1.0,1.0,1.0,0.92690414,1.0,-0.034558464,0.0,-1.2194395e-05,-0.038525183,0.55268633,3.1036754,1.0564632,5.0523095,1.2517382,5.1062593,0.0,9.475958,-6.104314,0.625,105.209145,1.0,0.0,0.0,1.0,0.0,0,11.482371,9.222738,0.0,3.7533672,0.0,3.7822654,5.512324,0.0,0.0,3.323937
1,419,420.0,10.0,1.0,1.0,398.0,1.0,1.0,1.0,0.98283523,1.0,-0.0,0.0,-1.20867135e-05,-0.017152656,0.84867775,2.8046577,1.1372212,4.8896112,0.8704218,3.7122908,0.0,7.97356,-4.46649,0.6435185,105.71016,1.0,0.0,0.0,1.0,0.0,0,10.713938,9.467289,0.0,3.0153074,0.0,4.9447556,5.1867185,0.0,0.0,5.305489
2,419,420.0,10.0,1.0,1.0,398.0,1.0,1.0,1.0,0.9351756,1.0,-0.0,0.0,-1.2078771e-05,-0.06481229,0.8192897,2.871721,1.166736,6.2211065,1.1326858,7.638217,0.0,8.032113,-1.5722933,0.6435185,104.82568,1.0,0.0,0.0,1.0,0.0,0,8.459062,9.216876,0.0,3.0246704,0.0,0.8482537,4.590434,0.0,0.0,8.035552
3,419,420.0,10.0,1.0,1.0,398.0,1.0,1.0,1.0,0.899294,1.0,-0.018320233,0.0,-1.21557105e-05,-0.082373634,0.8299358,3.0549607,1.2276899,4.908469,1.4054585,8.234743,0.0,10.285316,-3.7083337,0.6342593,104.26911,1.0,0.0,0.0,1.0,0.0,0,13.102232,10.491917,0.0,2.8122437,0.0,2.254291,5.0268755,0.0,0.0,3.2282667
0,420,421.0,10.0,1.0,1.0,397.0,1.0,1.0,1.0,0.9153923,1.0,-0.046165474,0.0,-1.2159733e-05,-0.03843011,0.55810064,3.1384964,1.0557508,5.056337,1.25169,5.1125417,0.0,9.433859,-6.0381155,0.625,105.215324,1.0,0.0,0.0,1.0,0.0,0,11.475804,9.216766,0.0,3.749231,0.0,3.8702188,5.501258,0.0,0.0,3.2499442
1,420,421.0,10.0,1.0,1.0,399.0,1.0,1.0,1.0,0.98153704,1.0,-0.0,0.0,-1.5177957e-05,-0.018447777,0.34491345,2.8000293,1.1475822,5.0898266,0.89925116,4.062101,0.0,8.327678,-9.022774,0.6435185,105.834625,1.0,0.0,0.0,1.0,0.0,0,9.865323,9.011771,0.0,2.606801,0.0,5.434803,3.8489351,0.0,0.0,5.3782096
2,420,421.0,10.0,1.0,1.0,399.0,1.0,1.0,1.0,0.92735964,1.0,-0.0,0.0,-1.4922468e-05,-0.07262544,0.27175546,2.8520417,1.188327,6.772096,1.1299497,7.585429,0.0,7.8149457,-6.8125453,0.6435185,105.01732,1.0,0.0,0.0,1.0,0.0,0,8.1229105,9.327845,0.0,2.9831595,0.0,1.0093182,4.6209497,0.0,0.0,7.9388337
3,420,421.0,10.0,1.0,1.0,399.0,1.0,1.0,1.0,0.9165963,1.0,-0.0,0.0,-1.5019116e-05,-0.083388686,0.3240779,2.993205,1.2327198,5.58352,1.4075301,8.257922,0.0,9.614251,-8.041699,0.6342593,104.53411,1.0,0.0,0.0,1.0,0.0,0,12.931173,10.413305,0.0,2.7791986,0.0,2.773812,4.2292747,0.0,0.0,3.1706138
0,421,422.0,10.0,1.0,1.0,398.0,1.0,1.0,1.0,0.9608788,1.0,-0.0,0.0,-1.2182246e-05,-0.03910905,0.8845992,2.9881792,1.0546969,5.0714884,1.2581755,5.1705594,0.0,9.382446,-2.6557817,0.625,105.423775,1.0,0.0,0.0,1.0,0.0,0,11.457168,9.1943445,0.0,3.7477512,0.0,3.6303835,5.424055,0.0,0.0,3.458041
1,421,422.0,10.0,1.0,1.0,400.0,1.0,1.0,1.0,0.97749096,1.0,-0.0,0.0,-9.652862e-06,-0.022499403,0.684987,2.7045865,1.1799952,4.715672,0.89553523,3.9976063,0.0,8.853747,-6.288565,0.6435185,105.99353,1.0,0.0,0.0,1.0,0.0,0,10.257805,9.35721,0.0,2.5997972,0.0,4.8960853,5.1882644,0.0,0.0,5.336466
2,421,422.0,10.0,1.0,1.0,400.0,1.0,1.0,1.0,0.936434,1.0,-0.0,0.0,-9.700859e-06,-0.0635563,0.61279386,2.7363684,1.1711329,6.1690297,1.1248735,7.52988,0.0,8.265647,-3.9094946,0.6435185,105.19507,1.0,0.0,0.0,1.0,0.0,0,8.783106,9.384494,0.0,2.8552883,0.0,1.033202,4.6976824,0.0,0.0,7.6731334
3,421,422.0,10.0,1.0,1.0,400.0,1.0,1.0,1.0,0.91569066,1.0,-0.0,0.0,-1.0182053e-05,-0.08429912,0.6813172,2.8982575,1.2478349,5.36643,1.404172,8.199184,0.0,9.971706,-4.925294,0.6342593,104.69123,1.0,0.0,0.0,1.0,0.0,0,12.475875,10.603909,0.0,2.3824313,0.0,2.4265351,5.036791,0.0,0.0,3.0424314
0,422,423.0,10.0,1.0,1.0,399.0,1.0,1.0,1.0,0.95777667,1.0,-0.0,0.0,-1.4887612e-05,-0.042208463,0.3385771,2.9427865,1.0732361,5.6053534,1.2569538,5.1088653,0.0,9.349331,-7.923394,0.625,105.629135,1.0,0.0,0.0,1.0,0.0,0,10.507263,9.162931,0.0,3.4490483,0.0,3.726537,5.5538177,0.0,0.0,3.4926343
1,422,423.0,10.0,1.0,1.0,401.0,1.0,1.0,1.0,0.97897,1.0,-0.0,0.0,-1.2815142e-05,-0.021017192,0.5791985,2.9361057,1.1681376,4.863764,0.88687307,3.8544395,0.0,8.213244,-7.0272183,0.6435185,106.20234,1.0,0.0,0.0,1.0,0.0,0,10.504457,9.222092,0.0,3.4331365,0.0,5.03404,5.140079,0.0,0.0,5.2994804
2,422,423.0,10.0,1.0,1.0,401.0,1.0,1.0,1.0,0.9379937,1.0,-0.0,0.0,-1.2203669e-05,-0.061994083,0.5264342,2.997339,1.1607593,6.127509,1.1244293,7.513949,0.0,7.857127,-4.5529075,0.6435185,105.456055,1.0,0.0,0.0,1.0,0.0,0,8.982084,9.196197,0.0,3.5108733,0.0,1.1810036,4.682967,0.0,0.0,7.7229595
3,422,423.0,10.0,1.0,1.0,401.0,1.0,1.0,1.0,0.8671575,1.0,-0.051136628,0.0,-1.21933035e-05,-0.081693634,0.56582916,3.1534097,1.2333791,5.209781,1.4016658,8.151275,0.0,9.702959,-5.8788705,0.6342593,104.96458,1.0,0.0,0.0,1.0,0.0,0,12.732554,10.347213,0.0,3.0748532,0.0,2.4980004,5.036779,0.0,0.0,2.9659553
0,423,424.0,10.0,1.0,1.0,400.0,1.0,1.0,1.0,0.95950603,1.0,-0.0,0.0,-9.130236e-06,-0.040484816,0.6937288,2.8509037,1.06588,5.1757064,1.2579985,5.184925,0.0,9.698581,-4.7081523,0.625,105.78321,1.0,0.0,0.0,1.0,0.0,0,10.989286,9.237557,0.0,3.6260536,0.0,3.8386765,5.0549617,0.0,0.0,3.5028248
1,423,424.0,10.0,1.0,1.0,402.0,1.0,1.0,1.0,0.9764581,1.0,-0.0,0.0,-1.2106198e-05,-0.023529854,0.68937767,2.6261811,1.1882389,5.1657124,0.8750031,3.6871119,0.0,8.172985,-5.791963,0.6435185,106.604065,1.0,0.0,0.0,1.0,0.0,0,9.269652,9.105076,0.0,2.7783139,0.0,5.022783,5.265873,0.0,0.0,5.065814
2,423,424.0,10.0,1.0,1.0,402.0,1.0,1.0,1.0,0.9341873,1.0,-0.0,0.0,-1.18819125e-05,-0.06580086,0.65390205,2.7361457,1.2001344,6.4730425,1.1310434,7.447043,0.0,7.731825,-3.2307868,0.6435185,105.82459,1.0,0.0,0.0,1.0,0.0,0,6.796508,9.791129,0.0,2.6404014,0.0,1.5229858,5.100647,0.0,0.0,8.191551
3,423,424.0,10.0,1.0,1.0,402.0,1.0,1.0,1.0,0.9179949,1.0,-0.0,0.0,-1.1845505e-05,-0.08199323,0.678977,2.8588476,1.2466705,5.531815,1.3985049,8.069564,0.0,9.450368,-4.6315827,0.6342593,105.3705,1.0,0.0,0.0,1.0,0.0,0,12.429981,10.411968,0.0,2.628087,0.0,2.1472018,5.140426,0.0,0.0,3.1109025
0,424,425.0,10.0,1.0,1.0,401.0,1.0,1.0,1.0,0.9251838,1.0,-0.0359796,0.0,-1.22412175e-05,-0.038824372,0.60611,3.1079388,1.0554851,5.29061,1.2551098,5.128902,0.0,9.17541,-5.244504,0.625,106.04174,1.0,0.0,0.0,1.0,0.0,0,10.88588,9.308752,0.0,4.18662,0.0,3.9582047,5.503388,0.0,0.0,3.445228
1,424,425.0,10.0,1.0,1.0,403.0,1.0,1.0,1.0,0.9765256,1.0,-0.0,0.0,-1.144392e-05,-0.023462925,0.46028644,2.9092548,1.1877034,4.8004127,0.86377275,3.5287232,0.0,8.42371,-8.434633,0.6435185,106.86245,1.0,0.0,0.0,1.0,0.0,0,9.579185,9.198436,0.0,3.1114962,0.0,5.2015095,5.286962,0.0,0.0,5.0279207
2,424,425.0,10.0,1.0,1.0,403.0,1.0,1.0,1.0,0.9302112,1.0,-0.0040374696,0.0,-1.1329328e-05,-0.06573999,0.46163315,3.0121124,1.1957567,6.030644,1.1291255,7.476224,0.0,7.875194,-5.370493,0.6435185,106.06897,1.0,0.0,0.0,1.0,0.0,0,11.502686,8.80473,0.0,3.287673,0.0,1.5504644,4.820057,0.0,0.0,7.6485963
3,424,425.0,10.0,1.0,1.0,403.0,1.0,1.0,1.0,0.8698035,1.0,-0.04887128,0.0,-1.1734945e-05,-0.081313476,0.46971515,3.1466138,1.246058,5.241844,1.3963288,8.033373,0.0,9.740797,-6.9445176,0.6342593,105.64618,1.0,0.0,0.0,1.0,0.0,0,12.36539,10.404381,0.0,2.9422421,0.0,2.4800565,5.117151,0.0,0.0,3.0177293
0,425,426.0,10.0,1.0,1.0,402.0,1.0,1.0,1.0,0.9556062,1.0,-0.0,0.0,-1.21414805e-05,-0.044381626,0.7431325,2.8011122,1.0768903,5.7404795,1.2563223,5.1368337,0.0,8.990972,-3.5580866,0.625,106.45036,1.0,0.0,0.0,1.0,0.0,0,10.081151,8.541212,0.0,4.4518027,0.0,3.731157,5.472255,0.0,0.0,3.4129386
1,425,426.0,10.0,1.0,1.0,404.0,1.0,1.0,1.0,0.9770415,1.0,-0.0,0.0,-1.1089224e-05,-0.022947416,0.7234849,2.6724513,1.1835793,4.9232807,0.8661383,3.576976,0.0,8.05252,-4.9865,0.6435185,107.153404,1.0,0.0,0.0,1.0,0.0,0,10.7476425,9.189057,0.0,3.223928,0.0,5.167223,5.1834607,0.0,0.0,4.8390913
2,425,426.0,10.0,1.0,1.0,404.0,1.0,1.0,1.0,0.9205066,1.0,-0.0,0.0,-1.1684121e-05,-0.079481706,0.7497981,2.8647919,1.2428019,7.028818,1.1882695,7.7400837,0.0,6.7759256,-1.6100886,0.6435185,106.32852,1.0,0.0,0.0,1.0,0.0,0,9.896577,8.937496,0.0,3.436761,0.0,2.2210202,5.1124754,0.0,0.0,7.6720285
3,425,426.0,10.0,1.0,1.0,404.0,1.0,1.0,1.0,0.91951567,1.0,-0.0,0.0,-1.0956093e-05,-0.080473386,0.72328484,2.9097414,1.2521814,5.60675,1.3903309,7.937042,0.0,9.077487,-4.036138,0.6342593,105.94351,1.0,0.0,0.0,1.0,0.0,0,12.105035,10.23961,0.0,2.9934616,0.0,2.4929087,5.3661256,0.0,0.0,2.9625528
0,426,427.0,10.0,1.0,1.0,403.0,1.0,1.0,1.0,0.9316747,1.0,-0.027015869,0.0,-1.1769997e-05,-0.04129768,0.50365925,3.0810475,1.0766132,5.152053,1.2537682,5.081976,0.0,9.526088,-6.486926,0.625,106.71132,1.0,0.0,0.0,1.0,0.0,0,10.384231,9.200375,0.0,3.9958835,0.0,4.0421124,5.480783,0.0,0.0,3.4535482
1,426,427.0,10.0,1.0,1.0,405.0,1.0,1.0,1.0,0.9762087,1.0,-0.0,0.0,-1.2219392e-05,-0.023779064,0.53299594,2.9089003,1.1902325,4.997777,0.8595546,3.480027,0.0,7.7967153,-7.3257446,0.6435185,107.365204,1.0,0.0,0.0,1.0,0.0,0,11.128,9.142351,0.0,3.532432,0.0,5.2589135,5.187911,0.0,0.0,4.9172378
2,426,427.0,10.0,1.0,1.0,405.0,1.0,1.0,1.0,0.91573626,1.0,-0.013288483,0.0,-1.3159488e-05,-0.07096205,0.5502291,3.0398655,1.2209368,6.6111794,1.1754814,7.6006966,0.0,6.9813447,-3.845693,0.6435185,106.51839,1.0,0.0,0.0,1.0,0.0,0,10.762743,8.671159,0.0,3.5777452,0.0,1.7413341,5.1074777,0.0,0.0,7.440251
3,426,427.0,10.0,1.0,1.0,405.0,1.0,1.0,1.0,0.864812,1.0,-0.055593193,0.0,-1.256115e-05,-0.07958223,0.521981,3.1667795,1.2492809,5.3924828,1.3873769,7.9004426,0.0,9.178858,-6.1609697,0.6342593,106.19867,1.0,0.0,0.0,1.0,0.0,0,11.831603,10.203665,0.0,2.9931512,0.0,2.7507126,5.259408,0.0,0.0,2.870326
0,427,428.0,10.0,1.0,1.0,404.0,1.0,1.0,1.0,0.9584062,1.0,-0.0,0.0,-1.0836856e-05,-0.04158294,0.76611936,2.8279684,1.0768399,5.54948,1.2558236,5.1374435,0.0,8.937076,-3.3065114,0.625,107.0254,1.0,0.0,0.0,1.0,0.0,0,9.813704,8.591001,0.0,4.064211,0.0,3.9548547,5.50931,0.0,0.0,3.4422126
1,427,428.0,10.0,1.0,1.0,406.0,1.0,1.0,1.0,0.9747994,1.0,-0.0,0.0,-1.1393842e-05,-0.025189238,0.70343876,2.7147639,1.2015139,4.9999695,0.86165434,3.5118232,0.0,7.8778596,-5.057148,0.6435185,107.56028,1.0,0.0,0.0,1.0,0.0,0,11.309376,8.876124,0.0,3.165097,0.0,5.295709,5.1307087,0.0,0.0,4.7732863
2,427,428.0,10.0,1.0,1.0,406.0,1.0,1.0,1.0,0.9249146,1.0,-0.0,0.0,-1.0634131e-05,-0.07507481,0.66109747,2.960535,1.233892,6.375035,1.2121742,7.750298,0.0,7.3916507,-2.9400034,0.6435185,106.60765,1.0,0.0,0.0,1.0,0.0,0,10.885621,8.78205,0.0,3.3534167,0.0,2.481681,5.0810866,0.0,0.0,7.373962
3,427,428.0,10.0,1.0,1.0,406.0,1.0,1.0,1.0,0.918901,1.0,-0.0,0.0,-1.0854579e-05,-0.08108815,0.68665856,2.9491212,1.2597624,5.739115,1.3889427,7.8536053,0.0,8.697729,-4.3059306,0.6342593,106.438065,1.0,0.0,0.0,1.0,0.0,0,11.246359,10.151305,0.0,2.900181,0.0,2.7271671,5.0556006,0.0,0.0,3.2659805
0,428,429.0,10.0,1.0,1.0,405.0,1.0,1.0,1.0,0.9305108,1.0,-0.028056031,0.0,-1.2355405e-05,-0.041420817,0.56443626,3.084168,1.0750785,5.31453,1.256288,5.127375,0.0,9.007324,-5.515248,0.625,107.273254,1.0,0.0,0.0,1.0,0.0,0,10.111225,9.19708,0.0,4.205025,0.0,4.2336426,5.4713616,0.0,0.0,3.3259094
1,428,429.0,10.0,1.0,1.0,407.0,1.0,1.0,1.0,0.9743721,1.0,-0.0,0.0,-1.0951785e-05,-0.025616923,0.53018516,2.8847642,1.2049353,4.7982917,0.85670555,3.4443023,0.0,7.9030356,-7.5247364,0.6435185,107.74349,1.0,0.0,0.0,1.0,0.0,0,11.675466,9.05051,0.0,3.49017,0.0,5.394927,5.220588,0.0,0.0,4.7794976
2,428,429.0,10.0,1.0,1.0,407.0,1.0,1.0,1.0,0.89927983,1.0,-0.027277011,0.0,-1.0356984e-05,-0.07343278,0.49008727,3.081831,1.2240489,5.7154636,1.2023025,7.7255993,0.0,7.941194,-5.077594,0.6435185,106.778625,1.0,0.0,0.0,1.0,0.0,0,12.349278,8.543495,0.0,3.8052578,0.0,1.9339331,5.239248,0.0,0.0,7.230718
3,428,429.0,10.0,1.0,1.0,407.0,1.0,1.0,1.0,0.8795916,1.0,-0.03998317,0.0,-1.2044592e-05,-0.08041322,0.52288175,3.1199493,1.2561324,5.496173,1.3871733,7.8136096,0.0,8.806047,-6.139367,0.6342593,106.63062,1.0,0.0,0.0,1.0,0.0,0,11.350779,10.203007,0.0,3.0505404,0.0,2.7524238,5.313385,0.0,0.0,3.262313
0,429,430.0,10.0,1.0,1.0,406.0,1.0,1.0,1.0,0.9559324,1.0,-0.0,0.0,-1.0766665e-05,-0.04405681,0.74119306,2.8658798,1.079328,5.6961145,1.2596391,5.1506853,0.0,8.578033,-3.3737552,0.625,107.50641,1.0,0.0,0.0,1.0,0.0,0,9.724321,8.612171,0.0,4.145575,0.0,3.9987342,5.525819,0.0,0.0,3.4772677
1,429,430.0,10.0,1.0,1.0,408.0,1.0,1.0,1.0,0.9744917,1.0,-0.0,0.0,-1.1388207e-05,-0.025496911,0.4879806,2.8455524,1.2039753,4.8191314,0.8527663,3.3969314,0.0,7.830277,-7.870169,0.6435185,107.77162,1.0,0.0,0.0,1.0,0.0,0,11.996815,9.013319,0.0,3.426296,0.0,5.4585886,5.1356974,0.0,0.0,4.632511
2,429,430.0,10.0,1.0,1.0,408.0,1.0,1.0,1.0,0.9089678,1.0,-0.020553421,0.0,-1.038927e-05,-0.07046841,0.42540693,3.0616603,1.2136681,5.460442,1.195378,7.625593,0.0,8.160772,-5.894923,0.6435185,106.79134,1.0,0.0,0.0,1.0,0.0,0,12.744215,8.545422,0.0,3.6995928,0.0,2.0925975,5.2337747,0.0,0.0,7.1488323
3,429,430.0,10.0,1.0,1.0,408.0,1.0,1.0,1.0,0.888226,1.0,-0.032891832,0.0,-1.0882265e-05,-0.07887129,0.4575681,3.0986755,1.2493676,5.3386364,1.3816026,7.7303634,0.0,8.914382,-6.881995,0.6342593,106.6511,1.0,0.0,0.0,1.0,0.0,0,11.472006,10.2089615,0.0,2.9232762,0.0,2.8174715,5.4148736,0.0,0.0,3.2296786
0,430,431.0,10.0,1.0,1.0,407.0,1.0,1.0,1.0,0.9438717,1.0,-0.01380841,0.0,-1.1664131e-05,-0.04230821,0.5686935,3.0414252,1.0785519,5.361028,1.2599138,5.1391196,0.0,8.765399,-5.4222946,0.625,107.701454,1.0,0.0,0.0,1.0,0.0,0,10.387662,9.135678,0.0,4.2949877,0.0,4.1362042,5.6408753,0.0,0.0,3.4820993
1,430,431.0,10.0,1.0,1.0,409.0,1.0,1.0,1.0,0.97358024,1.0,-0.0,0.0,-1.1028247e-05,-0.026408758,0.72229433,2.8009105,1.2112701,4.796007,0.8564388,3.4527016,0.0,7.969177,-4.821873,0.6435185,107.88758,1.0,0.0,0.0,1.0,0.0,0,11.906875,9.085712,0.0,2.9236343,0.0,5.4814157,5.006186,0.0,0.0,4.654624
2,430,431.0,10.0,1.0,1.0,409.0,1.0,1.0,1.0,0.92568356,1.0,-0.0,0.0,-1.0463483e-05,-0.07430595,0.67026764,2.9970596,1.2409776,5.7317433,1.1935109,7.651024,0.0,8.083762,-3.3932426,0.6435185,106.901955,1.0,0.0,0.0,1.0,0.0,0,12.54984,8.376022,0.0,3.298842,0.0,2.2621047,5.3194356,0.0,0.0,7.0181074
3,430,431.0,10.0,1.0,1.0,409.0,1.0,1.0,1.0,0.91201496,1.0,-0.007531482,0.0,-1.0967613e-05,-0.08044264,0.6850671,3.0225945,1.2681421,5.672145,1.375399,7.645699,0.0,8.604529,-4.5780096,0.6342593,106.74949,1.0,0.0,0.0,1.0,0.0,0,10.8666525,10.257829,0.0,2.773371,0.0,3.0447655,5.5411053,0.0,0.0,3.0888844
0,431,432.0,10.0,1.0,1.0,408.0,1.0,1.0,1.0,0.9540237,1.0,-0.003984633,0.0,-1.069907e-05,-0.041980937,0.51303023,3.0119538,1.0773282,5.267472,1.2585192,5.1016574,0.0,8.833776,-6.0098023,0.625,107.72276,1.0,0.0,0.0,1.0,0.0,0,10.573807,9.074883,0.0,4.252612,0.0,4.3199,5.6360164,0.0,0.0,3.431611
1,431,432.0,10.0,1.0,1.0,410.0,1.0,1.0,1.0,0.97335,1.0,-0.0,0.0,-1.04169885e-05,-0.026639562,0.4777424,2.8830338,1.2131165,4.6948743,0.8544384,3.4219573,0.0,7.885556,-7.800832,0.6435185,107.97403,1.0,0.0,0.0,1.0,0.0,0,12.146763,8.974779,0.0,3.4030402,0.0,5.500468,5.1727886,0.0,0.0,4.662585
2,431,432.0,10.0,1.0,1.0,410.0,1.0,1.0,1.0,0.8936548,1.0,-0.032254558,0.0,-1.0669828e-05,-0.07407993,0.4380703,3.0967636,1.2356403,5.3764873,1.1938844,7.6774936,0.0,8.280292,-5.84455,0.6435185,107.010666,1.0,0.0,0.0,1.0,0.0,0,12.518757,8.379838,0.0,3.790919,0.0,2.1375086,5.123536,0.0,0.0,7.2064815
3,431,432.0,10.0,1.0,1.0,410.0,1.0,1.0,1.0,0.8784334,1.0,-0.041142106,0.0,-1.156465e-05,-0.08041291,0.44653898,3.1234262,1.2665266,5.421878,1.3767766,7.6700425,0.0,8.693844,-6.9944515,0.6342593,106.85217,1.0,0.0,0.0,1.0,0.0,0,11.26949,10.093588,0.0,3.1837196,0.0,3.0725296,5.4228354,0.0,0.0,3.2362068
0,432,433.0,10.0,1.0,1.0,409.0,1.0,1.0,1.0,0.954715,1.0,-0.0,0.0,-1.09719385e-05,-0.04527399,0.75527245,2.9523797,1.0996232,5.495176,1.2625687,5.1856804,0.0,8.734193,-3.530873,0.625,107.8143,1.0,0.0,0.0,1.0,0.0,0,9.638165,7.578089,0.0,4.264623,0.0,4.202049,5.17194,0.0,0.0,3.171565
1,432,433.0,10.0,1.0,1.0,411.0,1.0,1.0,1.0,0.9738334,1.0,-0.0,0.0,-1.1798205e-05,-0.02615482,0.51643026,2.8835182,1.2092385,4.792741,0.8547741,3.4374776,0.0,7.748586,-7.266341,0.6435185,107.98308,1.0,0.0,0.0,1.0,0.0,0,12.425641,8.987566,0.0,3.466335,0.0,5.617436,5.0922794,0.0,0.0,4.566103
2,432,433.0,10.0,1.0,1.0,411.0,1.0,1.0,1.0,0.89088875,1.0,-0.035806373,0.0,-1.1067435e-05,-0.07329378,0.45363194,3.107419,1.2226801,5.2996287,1.1964173,7.727525,0.0,8.288231,-5.64263,0.6435185,107.03265,1.0,0.0,0.0,1.0,0.0,0,12.601418,8.370192,0.0,3.8120375,0.0,2.5637956,5.3210635,0.0,0.0,7.027888
3,432,433.0,10.0,1.0,1.0,411.0,1.0,1.0,1.0,0.8752503,1.0,-0.04492607,0.0,-1.1136216e-05,-0.07981253,0.46242848,3.134778,1.2613627,5.3567915,1.3771375,7.678616,0.0,8.708089,-6.834505,0.6342593,106.87468,1.0,0.0,0.0,1.0,0.0,0,11.3309555,10.067757,0.0,3.0004232,0.0,3.3154433,5.4745517,0.0,0.0,3.1443694
0,433,434.0,10.0,1.0,1.0,410.0,1.0,1.0,1.0,0.9372254,1.0,-0.01705171,0.0,-1.13667675e-05,-0.04571151,0.49353912,3.051155,1.1046319,5.0395856,1.2610601,5.1458187,0.0,9.078917,-6.48183,0.625,107.92004,1.0,0.0,0.0,1.0,0.0,0,10.65834,8.822744,0.0,4.3662515,0.0,4.2989206,5.731753,0.0,0.0,3.394794
1,433,434.0,10.0,1.0,1.0,412.0,1.0,1.0,1.0,0.97363204,1.0,-0.0,0.0,-1.084028e-05,-0.026357116,0.48052147,2.8807287,1.2108569,4.7174983,0.8529289,3.416921,0.0,7.8528047,-7.6446915,0.6435185,108.02193,1.0,0.0,0.0,1.0,0.0,0,12.325106,8.884999,0.0,3.2711961,0.0,5.6284566,5.0476637,0.0,0.0,4.532038
2,433,434.0,10.0,1.0,1.0,412.0,1.0,1.0,1.0,0.8883652,1.0,-0.039509997,0.0,-1.0661129e-05,-0.07211413,0.41984582,3.1185298,1.2121217,5.088904,1.1961292,7.7359343,0.0,8.44699,-6.0985126,0.6435185,107.04937,1.0,0.0,0.0,1.0,0.0,0,12.402816,8.300743,0.0,3.7051713,0.0,2.604919,5.3147273,0.0,0.0,6.912852
3,433,434.0,10.0,1.0,1.0,412.0,1.0,1.0,1.0,0.8711934,1.0,-0.04951327,0.0,-1.0639748e-05,-0.07928262,0.42933002,3.1485398,1.2574538,5.2214904,1.3768071,7.6775956,0.0,8.841246,-7.2760043,0.6342593,106.89685,1.0,0.0,0.0,1.0,0.0,0,11.337949,10.059622,0.0,2.9021668,0.0,3.3470924,5.49382,0.0,0.0,3.0789247
0,434,435.0,10.0,1.0,1.0,411.0,1.0,1.0,1.0,0.9354761,1.0,-0.019073736,0.0,-1.1104511e-05,-0.04543909,0.5135149,3.0572212,1.1020467,5.040828,1.261466,5.1757064,0.0,9.073265,-6.2501082,0.625,107.93611,1.0,0.0,0.0,1.0,0.0,0,10.747859,8.859152,0.0,4.37532,0.0,4.4673276,5.6385875,0.0,0.0,3.2704341
1,434,435.0,10.0,1.0,1.0,413.0,1.0,1.0,1.0,0.97382283,1.0,-0.0,0.0,-1.12876e-05,-0.026165916,0.48782414,2.93389,1.2093273,4.7853847,0.85351,3.4214997,0.0,7.720089,-7.5504556,0.6435185,108.033035,1.0,0.0,0.0,1.0,0.0,0,12.465324,9.00172,0.0,3.3548696,0.0,5.694659,5.0871673,0.0,0.0,4.5237126
2,434,435.0,10.0,1.0,1.0,413.0,1.0,1.0,1.0,0.8703172,1.0,-0.05809522,0.0,-1.0791436e-05,-0.0715768,0.42863303,3.1742857,1.2067707,5.1581283,1.1960324,7.7438273,0.0,8.274882,-5.885821,0.6435185,107.0665,1.0,0.0,0.0,1.0,0.0,0,12.3699255,8.290425,0.0,3.6591406,0.0,2.6946826,5.326663,0.0,0.0,6.822395
3,434,435.0,10.0,1.0,1.0,413.0,1.0,1.0,1.0,0.85009253,1.0,-0.07111437,0.0,-1.0964584e-05,-0.07878214,0.42997524,3.2133431,1.2535633,5.1711655,1.3766938,7.67535,0.0,8.780132,-7.2395706,0.6342593,106.92717,1.0,0.0,0.0,1.0,0.0,0,11.276452,10.032434,0.0,2.925025,0.0,3.46135,5.5046263,0.0,0.0,3.0214057
0,435,436.0,10.0,1.0,1.0,412.0,1.0,1.0,1.0,0.9342742,1.0,-0.02028644,0.0,-1.0737473e-05,-0.045428634,0.48424602,3.0608592,1.1014013,4.9503994,1.2620276,5.19443,0.0,9.166862,-6.6181865,0.625,107.96932,1.0,0.0,0.0,1.0,0.0,0,10.747616,8.790449,0.0,4.3121343,0.0,4.4595337,5.6650968,0.0,0.0,3.236184
1,435,436.0,10.0,1.0,1.0,414.0,1.0,1.0,1.0,0.97403234,1.0,-0.0,0.0,-1.1360801e-05,-0.025956262,0.7456109,2.7349463,1.2076501,4.814581,0.8586608,3.4719193,0.0,7.6323175,-4.051179,0.6435185,108.29061,1.0,0.0,0.0,1.0,0.0,0,12.51089,8.981122,0.0,3.2923293,0.0,5.560737,5.048227,0.0,0.0,4.709163
2,435,436.0,10.0,1.0,1.0,414.0,1.0,1.0,1.0,0.9137398,1.0,-0.0142819565,0.0,-1.1661256e-05,-0.07196658,0.7369064,3.0428457,1.2063884,5.397707,1.2377096,7.7700815,0.0,7.9530754,-2.2586436,0.6435185,107.26126,1.0,0.0,0.0,1.0,0.0,0,12.158903,8.291261,0.0,3.8104682,0.0,2.4269023,5.1310186,0.0,0.0,7.2637043
3,435,436.0,10.0,1.0,1.0,414.0,1.0,1.0,1.0,0.89995545,1.0,-0.019684497,0.0,-1.1303705e-05,-0.080348715,0.6859526,3.0590534,1.2486109,5.153269,1.3941789,7.5973983,0.0,8.660568,-4.4842772,0.6342593,107.14622,1.0,0.0,0.0,1.0,0.0,0,11.146352,10.024052,0.0,3.0466821,0.0,3.2502284,5.4154725,0.0,0.0,3.6520884
0,436,437.0,10.0,1.0,1.0,413.0,1.0,1.0,1.0,0.9144495,1.0,-0.04036911,0.0,-1.0984422e-05,-0.04517045,0.48467034,3.1211073,1.0990015,4.945969,1.262362,5.2019606,0.0,9.092713,-6.564432,0.625,107.99228,1.0,0.0,0.0,1.0,0.0,0,10.698045,8.770709,0.0,4.3277874,0.0,4.5217724,5.6910777,0.0,0.0,3.1934752
1,436,437.0,10.0,1.0,1.0,415.0,1.0,1.0,1.0,0.9740325,1.0,-0.0,0.0,-1.2609571e-05,-0.025954865,0.5452461,2.854214,1.2076389,4.8072577,0.85577565,3.4059067,0.0,7.6271734,-5.982698,0.6435185,108.36955,1.0,0.0,0.0,1.0,0.0,0,12.601669,8.999752,0.0,3.2457957,0.0,5.7379675,5.0813136,0.0,0.0,4.758729
2,436,437.0,10.0,1.0,1.0,415.0,1.0,1.0,1.0,0.884967,1.0,-0.04462581,0.0,-1.3242344e-05,-0.07039392,0.54589623,3.1338773,1.204426,5.4482408,1.2360387,7.690439,0.0,7.921742,-4.124538,0.6435185,107.302895,1.0,0.0,0.0,1.0,0.0,0,11.991741,8.516216,0.0,3.4346433,0.0,2.6959047,5.5148273,0.0,0.0,7.358675
3,436,437.0,10.0,1.0,1.0,415.0,1.0,1.0,1.0,0.8681453,1.0,-0.052056275,0.0,-1.2563804e-05,-0.079785906,0.48346484,3.1561687,1.2482808,5.189152,1.3900065,7.509674,0.0,8.602954,-6.414403,0.6342593,107.196785,1.0,0.0,0.0,1.0,0.0,0,11.071796,10.154209,0.0,2.8959923,0.0,3.8296368,5.9104695,0.0,0.0,3.3842964
0,437,438.0,10.0,1.0,1.0,414.0,1.0,1.0,1.0,0.95408547,1.0,-0.0,0.0,-1.1354678e-05,-0.045903176,0.7549092,2.9253948,1.0961262,5.0311894,1.2710991,5.270741,0.0,8.942416,-3.3899224,0.625,108.246376,1.0,0.0,0.0,1.0,0.0,0,10.566267,8.772416,0.0,4.3325534,0.0,4.372024,5.6060133,0.0,0.0,3.4940712
1,437,438.0,10.0,1.0,1.0,416.0,1.0,1.0,1.0,0.97397083,1.0,-0.0,0.0,-1.1391862e-05,-0.026017811,0.48530698,2.7666776,1.2081425,4.7822747,0.85752505,3.423787,0.0,7.646062,-5.794664,0.6435185,108.52754,1.0,0.0,0.0,1.0,0.0,0,12.656544,9.000835,0.0,3.2258296,0.0,5.690395,5.035181,0.0,0.0,4.7784877
2,437,438.0,10.0,1.0,1.0,416.0,1.0,1.0,1.0,0.8884004,1.0,-0.04390236,0.0,-1.2007755e-05,-0.06768528,0.5205795,3.131707,1.2050388,5.1602526,1.2443979,7.523325,0.0,8.148156,-4.625452,0.6435185,107.4548,1.0,0.0,0.0,1.0,0.0,0,12.4256315,8.827581,0.0,3.578122,0.0,2.5922287,6.367769,0.0,0.0,7.7153363
3,437,438.0,10.0,1.0,1.0,416.0,1.0,1.0,1.0,0.8696542,1.0,-0.050031707,0.0,-1.147941e-05,-0.08030257,0.45609474,3.150095,1.2464089,4.961773,1.3960116,7.3357797,0.0,8.77832,-6.9841576,0.6342593,107.342064,1.0,0.0,0.0,1.0,0.0,0,11.303021,10.3951845,0.0,3.0369782,0.0,3.7840688,7.02635,0.0,0.0,3.5709298
0,438,439.0,10.0,1.0,1.0,415.0,1.0,1.0,1.0,0.9417309,1.0,-0.01256199,0.0,-1.2840144e-05,-0.045694318,0.5609196,3.0376859,1.0952147,5.0881343,1.2703398,5.2172904,0.0,8.864945,-5.188982,0.625,108.318016,1.0,0.0,0.0,1.0,0.0,0,10.521731,8.828434,0.0,4.292493,0.0,4.549366,5.704585,0.0,0.0,3.537259
1,438,439.0,10.0,1.0,1.0,417.0,1.0,1.0,1.0,0.9743696,1.0,-0.0,0.0,-1.0656264e-05,-0.025619753,0.49570352,2.826014,1.204958,4.8806367,0.8594822,3.4470286,0.0,7.5074944,-5.597523,0.6435185,108.551025,1.0,0.0,0.0,1.0,0.0,0,12.790904,9.038034,0.0,3.2933133,0.0,5.8335133,4.999466,0.0,0.0,4.7588434
2,438,439.0,10.0,1.0,1.0,417.0,1.0,1.0,1.0,0.86922324,1.0,-0.063688,0.0,-1.070213e-05,-0.06707807,0.50811917,3.191064,1.1989467,5.163286,1.2436051,7.532583,0.0,8.065503,-4.656484,0.6435185,107.49049,1.0,0.0,0.0,1.0,0.0,0,11.936712,8.393486,0.0,3.5713177,0.0,2.9610171,5.5359044,0.0,0.0,7.5575933
3,438,439.0,10.0,1.0,1.0,417.0,1.0,1.0,1.0,0.8457334,1.0,-0.0735368,0.0,-1.0145268e-05,-0.08071968,0.43301955,3.2206104,1.2452089,4.8536124,1.4005486,7.376559,0.0,8.86767,-7.2432966,0.6342593,107.386986,1.0,0.0,0.0,1.0,0.0,0,11.029547,10.015009,0.0,2.8682358,0.0,4.014643,5.9536004,0.0,0.0,3.650616
0,439,440.0,10.0,1.0,1.0,416.0,1.0,1.0,1.0,0.95373094,1.0,-0.0,0.0,-1.1549799e-05,-0.046257522,0.53124094,2.9922047,1.0974156,4.937572,1.2726445,5.1820555,0.0,8.983428,-4.8997755,0.625,108.459625,1.0,0.0,0.0,1.0,0.0,0,10.317399,8.492996,0.0,4.1829114,0.0,4.360808,6.284015,0.0,0.0,3.4244137
1,439,440.0,10.0,1.0,1.0,418.0,1.0,1.0,1.0,0.9737503,1.0,-0.0,0.0,-1.1198599e-05,-0.026238512,0.4375577,2.791486,1.2099081,4.7444725,0.8680892,3.5620635,0.0,7.674525,-5.8208284,0.6435185,108.70223,1.0,0.0,0.0,1.0,0.0,0,12.704929,9.316781,0.0,2.9584868,0.0,5.9609056,5.186401,0.0,0.0,4.8753486
2,439,440.0,10.0,1.0,1.0,418.0,1.0,1.0,1.0,0.8660248,1.0,-0.070555694,0.0,-1.2940089e-05,-0.06340657,0.43073818,3.211667,1.2074435,5.0024743,1.2593099,7.2485676,0.0,8.236234,-5.6489244,0.6435185,107.61373,1.0,0.0,0.0,1.0,0.0,0,12.433183,9.110888,0.0,3.554842,0.0,3.1599555,7.0823526,0.0,0.0,7.8318233
3,439,440.0,10.0,1.0,1.0,418.0,1.0,1.0,1.0,0.83832484,1.0,-0.07824805,0.0,-1.2595569e-05,-0.08341457,0.35590118,3.234744,1.2525612,4.750409,1.4147553,7.2251916,0.0,8.898654,-8.390507,0.6342593,107.49213,1.0,0.0,0.0,1.0,0.0,0,10.879532,10.489009,0.0,2.815307,0.0,4.070726,7.4557323,0.0,0.0,3.8714974
0,440,441.0,10.0,1.0,1.0,417.0,1.0,1.0,1.0,0.9366841,1.0,-0.017404867,0.0,-1.06147245e-05,-0.045900486,0.51892924,3.0522146,1.0939312,4.902883,1.2732726,5.234819,0.0,8.950058,-4.861221,0.625,108.49976,1.0,0.0,0.0,1.0,0.0,0,10.09234,8.377427,0.0,4.2490907,0.0,4.4594975,5.737757,0.0,0.0,3.4145796
1,440,441.0,10.0,1.0,1.0,419.0,1.0,1.0,1.0,0.9735222,1.0,-0.0,0.0,-1.0442798e-05,-0.026467396,0.58102274,2.964256,1.2117392,5.0402074,0.8628103,3.4955132,0.0,7.4018626,-5.369514,0.6435185,108.95443,1.0,0.0,0.0,1.0,0.0,0,12.401767,9.799243,0.0,3.139238,0.0,5.947821,5.0330195,0.0,0.0,4.622771
2,440,441.0,10.0,1.0,1.0,419.0,1.0,1.0,1.0,0.843921,1.0,-0.08959591,0.0,-1.0822983e-05,-0.06647224,0.49699917,3.2687876,1.2103695,5.4933233,1.2589657,7.4105625,0.0,7.9306827,-4.9016986,0.6435185,107.890915,1.0,0.0,0.0,1.0,0.0,0,10.858568,8.636324,0.0,3.6148381,0.0,2.312512,5.3906364,0.0,0.0,7.6122413
3,440,441.0,10.0,1.0,1.0,419.0,1.0,1.0,1.0,0.7949888,1.0,-0.120803036,0.0,-1.0511983e-05,-0.084197626,0.46510363,3.362409,1.252603,4.9701295,1.420978,7.394693,0.0,8.637996,-7.2464285,0.6342593,107.75782,1.0,0.0,0.0,1.0,0.0,0,9.759625,9.518515,0.0,2.8674598,0.0,3.632501,5.607026,0.0,0.0,4.4093432
0,441,442.0,10.0,1.0,1.0,418.0,1.0,1.0,1.0,0.9288288,1.0,-0.021940036,0.0,-1.1786192e-05,-0.049219362,0.44401735,3.06582,1.1006159,4.7842393,1.293139,5.077968,0.0,9.005905,-5.2857904,0.625,108.6038,1.0,0.0,0.0,1.0,0.0,0,10.104988,9.054632,0.0,4.253589,0.0,4.581685,7.1701717,0.0,0.0,3.8333972
1,441,442.0,10.0,1.0,1.0,420.0,1.0,1.0,1.0,0.97599334,1.0,-0.0,0.0,-1.4079202e-05,-0.023992581,0.55609345,2.7795856,1.1919407,5.4559956,0.86229676,3.4732718,0.0,7.0789495,-5.042232,0.6435185,109.15555,1.0,0.0,0.0,1.0,0.0,0,11.715418,8.664234,0.0,3.5948927,0.0,5.9846053,5.0124717,0.0,0.0,4.6672745
2,441,442.0,10.0,1.0,1.0,420.0,1.0,1.0,1.0,0.87155503,1.0,-0.06380522,0.0,-1.4660904e-05,-0.06462511,0.5420875,3.1914155,1.2153494,6.1049767,1.2736036,7.2623854,0.0,7.4829373,-4.0733275,0.6435185,107.97962,1.0,0.0,0.0,1.0,0.0,0,9.410558,8.384388,0.0,4.0559273,0.0,2.7731884,5.74996,0.0,0.0,8.2979145
3,441,442.0,10.0,1.0,1.0,420.0,1.0,1.0,1.0,0.84449965,1.0,-0.06759533,0.0,-1.4013364e-05,-0.08789097,0.5245987,3.202786,1.275811,6.136449,1.4273168,7.327127,0.0,7.3837357,-5.811284,0.6342593,107.984604,1.0,0.0,0.0,1.0,0.0,0,9.119169,9.839722,0.0,2.9718993,0.0,3.8839045,5.973883,0.0,0.0,4.632036
0,442,443.0,10.0,1.0,1.0,419.0,1.0,1.0,1.0,0.8811159,1.0,-0.06840087,0.0,-1.05024155e-05,-0.050472736,0.5502615,3.2052026,1.1043168,5.0302563,1.299465,5.237062,0.0,8.880046,-5.5925837,0.625,108.85544,1.0,0.0,0.0,1.0,0.0,0,9.57668,9.008516,0.0,4.115344,0.0,4.667005,5.598378,0.0,0.0,4.1131268
1,442,443.0,10.0,1.0,1.0,421.0,1.0,1.0,1.0,0.97430444,1.0,-0.0,0.0,-1.0976719e-05,-0.025684608,0.41834152,2.8341472,1.2054769,5.036011,0.86884,3.5189488,0.0,7.47517,-5.921234,0.6435185,109.34713,1.0,0.0,0.0,1.0,0.0,0,11.583621,9.193755,0.0,3.2001383,0.0,6.145701,5.3399143,0.0,0.0,4.7852726
2,442,443.0,10.0,1.0,1.0,421.0,1.0,1.0,1.0,0.8428332,1.0,-0.09415578,0.0,-1.2033502e-05,-0.06299894,0.39711595,3.2824674,1.213307,5.294456,1.2906845,7.099771,0.0,8.109005,-6.1278534,0.6435185,108.20643,1.0,0.0,0.0,1.0,0.0,0,10.855434,9.1012,0.0,3.8732526,0.0,3.3216283,6.997944,0.0,0.0,8.287087
3,442,443.0,10.0,1.0,1.0,421.0,1.0,1.0,1.0,0.8322395,1.0,-0.07885465,0.0,-1.3570417e-05,-0.08889219,0.39672032,3.236564,1.2823375,5.915808,1.4288,7.1528535,0.0,7.322121,-7.312225,0.6342593,108.143105,1.0,0.0,0.0,1.0,0.0,0,8.786016,9.349866,0.0,2.8212605,0.0,4.4667115,6.7664742,0.0,0.0,4.330128
0,443,444.0,10.0,1.0,1.0,420.0,1.0,1.0,1.0,0.92743677,1.0,-0.019249383,0.0,-1.4480014e-05,-0.053299382,0.5936116,3.057748,1.1117435,5.8884788,1.3079312,5.312172,0.0,8.150446,-4.4156394,0.625,109.04089,1.0,0.0,0.0,1.0,0.0,0,8.455304,9.136889,0.0,4.918134,0.0,5.0863023,5.91944,0.0,0.0,4.3162465
1,443,444.0,10.0,1.0,1.0,422.0,1.0,1.0,1.0,0.9755475,1.0,-0.0,0.0,-1.1321167e-05,-0.0244412,0.46101475,2.819844,1.1955296,5.2415447,0.8617171,3.4240155,0.0,7.082967,-5.3577595,0.6435185,109.37575,1.0,0.0,0.0,1.0,0.0,0,11.590058,9.098077,0.0,3.4072924,0.0,6.215156,5.0977297,0.0,0.0,4.4675145
2,443,444.0,10.0,1.0,1.0,422.0,1.0,1.0,1.0,0.84513205,1.0,-0.09321391,0.0,-1.08573195e-05,-0.06164316,0.4136771,3.2796416,1.2022994,5.2264366,1.2908459,7.154167,0.0,8.057712,-5.7954803,0.6435185,108.242714,1.0,0.0,0.0,1.0,0.0,0,10.220612,8.464688,0.0,3.5582852,0.0,3.2746162,5.82034,0.0,0.0,8.2764635
3,443,444.0,10.0,1.0,1.0,422.0,1.0,1.0,1.0,0.837799,1.0,-0.073787265,0.0,-1.127919e-05,-0.08840244,0.41409248,3.2213616,1.2806189,5.941958,1.4266006,7.113436,0.0,7.1882367,-6.984776,0.6342593,108.166824,1.0,0.0,0.0,1.0,0.0,0,9.612233,9.728834,0.0,2.9325774,0.0,4.3921432,6.2725444,0.0,0.0,4.5689344
0,444,445.0,10.0,1.0,1.0,421.0,1.0,1.0,1.0,0.90958637,1.0,-0.038352363,0.0,-1.09952525e-05,-0.0520503,0.45872405,3.115057,1.1066992,5.3814363,1.3097031,5.120499,0.0,8.3080845,-5.7606316,0.625,109.222725,1.0,0.0,0.0,1.0,0.0,0,10.843331,8.134843,0.0,4.4286385,0.0,4.783443,6.9420724,0.0,0.0,4.1010356
1,444,445.0,10.0,1.0,1.0,423.0,1.0,1.0,1.0,0.97433037,1.0,-0.0,0.0,-1.1265504e-05,-0.025658356,0.5678136,2.8274355,1.2052668,5.283946,0.8582225,3.370326,0.0,7.24925,-5.3475833,0.6435185,109.57605,1.0,0.0,0.0,1.0,0.0,1,11.052753,8.979545,0.0,3.2881124,0.0,6.232271,5.0752997,0.0,0.0,4.5047436
2,444,445.0,10.0,1.0,1.0,423.0,1.0,1.0,1.0,0.86334693,1.0,-0.07403301,0.0,-1.3223779e-05,-0.06260684,0.47353393,3.2220988,1.2120895,5.438171,1.2887652,7.1193795,0.0,8.207027,-5.5170608,0.6435185,108.49837,1.0,0.0,0.0,1.0,0.0,1,10.002097,8.813978,0.0,3.582542,0.0,3.053679,6.922624,0.0,0.0,8.623655
3,444,445.0,10.0,1.0,1.0,423.0,1.0,1.0,1.0,0.8301555,1.0,-0.08137009,0.0,-1.2212703e-05,-0.088462204,0.47855526,3.24411,1.2808902,5.7250457,1.4268074,7.1102433,0.0,7.6396933,-6.8792944,0.6342593,108.36237,1.0,0.0,0.0,1.0,0.0,1,9.2698965,9.84482,0.0,2.635194,0.0,3.820143,6.1722803,0.0,0.0,5.0019255
0,445,446.0,10.0,1.0,1.0,422.0,1.0,1.0,1.0,0.9164951,1.0,-0.031329818,0.0,-1.1815501e-05,-0.052163288,0.5108055,3.0939894,1.1009486,5.803425,1.3101829,5.1784277,0.0,7.677542,-4.8058243,0.625,109.25671,1.0,0.0,0.0,1.0,0.0,0,9.763425,7.835335,0.0,4.6723065,0.0,4.709494,5.9435687,0.0,0.0,4.0827446
0,446,447.0,10.0,1.0,1.0,423.0,1.0,1.0,1.0,0.91157466,1.0,-0.036249,0.0,-1.1988935e-05,-0.05216439,0.57035387,3.108747,1.1032369,5.5654,1.3140782,5.2612257,0.0,8.156586,-5.013531,0.625,109.45363,1.0,0.0,0.0,1.0,0.0,1,10.646187,8.231098,0.0,4.553731,0.0,4.7701917,5.771954,0.0,0.0,4.4340706
