env,step,row,release_row,released,certified,k,gate_ok,can,contact,reward,r_adv,r_leash,r_bonus,r_act,r_soft,e_n_cm,e_xy_cm,dp_plate_cm,dr_plate_deg,dp_sponge_cm,dr_sponge_deg,within,plate_tilt_deg,gap_mm,coverage,travel_cm,success,died,die_kind,cross_any,dq_re_deg,done,F_L_thumb,F_L_index,F_L_middle,F_L_ring,F_L_pinky,F_R_thumb,F_R_index,F_R_middle,F_R_ring,F_R_pinky
0,0,1.0,10.0,0.0,0.0,0.0,0.0,0.0,1.0,-0.00015559675,0.0,-0.0,0.0,-0.00015559675,-0.0,0.25695637,0.41322196,0.0,0.0,0.0,0.0,1.0,0.07912937,-10.313864,0.19444445,0.0,0.0,0.0,0.0,0.0,0.0,0,0.71632534,0.0,0.0,1.3827124,0.0,0.0,0.0,0.0,0.0,0.0
1,0,1.0,10.0,0.0,0.0,0.0,0.0,0.0,1.0,-0.00015568388,0.0,-0.0,0.0,-0.00015568388,-0.0,0.2638027,0.44565657,0.0,0.0,0.0,0.0,1.0,0.03956468,-10.201375,0.19444445,0.0,0.0,0.0,0.0,0.0,0.0,0,0.0,0.0,0.0,0.0,0.0,0.0,0.0,0.0,0.0,0.0
2,0,1.0,10.0,0.0,0.0,0.0,0.0,0.0,1.0,-0.00015541812,0.0,-0.0,0.0,-0.00015541812,-0.0,0.28561372,0.4786142,0.0,0.0,0.0,0.0,1.0,0.0,-10.530909,0.19444445,0.0,0.0,0.0,0.0,0.0,0.0,0,0.0,0.0,0.0,0.0,0.0,0.0,0.0,0.0,0.0,0.0
3,0,1.0,10.0,0.0,0.0,0.0,0.0,0.0,1.0,-0.0001554445,0.0,-0.0,0.0,-0.0001554445,-0.0,0.2856614,0.4774632,0.0,0.0,0.0,0.0,1.0,0.0,-10.488675,0.19444445,0.0,0.0,0.0,0.0,0.0,0.0,0,0.0,0.0,0.0,0.0,0.0,0.0,0.0,0.0,0.0,0.0
0,1,2.0,10.0,0.0,0.0,0.0,0.0,0.0,1.0,-0.0001864198,0.0,-0.0,0.0,-0.0001864198,-0.0,0.26103556,0.73921734,0.0,0.0,0.0,0.0,1.0,0.027976453,-7.624506,0.21296297,0.3264724,0.0,0.0,0.0,0.0,0.0,0,12.961944,3.9230917,0.0,0.0,0.0,0.0,0.0,0.0,0.0,0.0
1,1,2.0,10.0,0.0,0.0,0.0,0.0,0.0,1.0,-0.00018510198,0.0,-0.0,0.0,-0.00018510198,-0.0,0.254233,0.73440444,0.0,0.0,0.0,0.0,1.0,0.01978234,-7.700619,0.21296297,0.29022965,0.0,0.0,0.0,0.0,0.0,0,15.2501135,3.7201953,0.0,0.0,0.0,0.0,0.0,0.0,0.0,0.0
2,1,2.0,10.0,0.0,0.0,0.0,0.0,0.0,1.0,-0.00018470114,0.0,-0.0,0.0,-0.00018470114,-0.0,0.30140373,0.68404305,0.0,0.0,0.0,0.0,1.0,0.0,-8.560919,0.2175926,0.21325831,0.0,0.0,0.0,0.0,0.0,0,11.554805,2.4031498,0.0,0.0,0.0,0.0,0.0,0.0,0.0,0.0
3,1,2.0,10.0,0.0,0.0,0.0,0.0,0.0,1.0,-0.00018415325,0.0,-0.0,0.0,-0.00018415325,-0.0,0.27776772,0.65520203,0.0,0.0,0.0,0.0,1.0,0.10467831,-8.364602,0.22222222,0.18531655,0.0,0.0,0.0,0.0,0.0,0,13.761914,0.89402485,0.0,0.0,0.0,0.0,0.0,0.0,0.0,0.0
0,2,3.0,10.0,0.0,0.0,0.0,0.0,0.0,1.0,-0.0001821029,0.0,-0.0,0.0,-0.0001821029,-0.0,0.31571594,0.5686159,0.0,0.0,0.0,0.0,1.0,0.22205634,-6.84248,0.24074075,0.51350754,0.0,0.0,0.0,0.0,0.0,0,6.1883483,0.637577,0.0,0.0,0.5126285,2.9454973,0.0,0.0,0.0,4.962225
1,2,3.0,10.0,0.0,0.0,0.0,0.0,0.0,1.0,-0.00017160231,0.0,-0.0,0.0,-0.00017160231,-0.0,0.3074575,0.64069486,0.0,0.0,0.0,0.0,1.0,0.17017418,-6.5563235,0.24074075,0.4142087,0.0,0.0,0.0,0.0,0.0,0,13.6574545,0.51588756,0.0,0.0,0.17364444,3.665149,0.0,0.0,0.0,5.2791567
2,2,3.0,10.0,0.0,0.0,0.0,0.0,0.0,1.0,-0.00018461407,0.0,-0.0,0.0,-0.00018461407,-0.0,0.38482678,0.5867535,0.0,0.0,0.0,0.0,1.0,0.113640904,-8.24896,0.2361111,0.31670862,0.0,0.0,0.0,0.0,0.0,0,11.638026,0.39498004,0.0,0.0,0.0,0.6341678,0.0,0.0,0.0,3.0118785
3,2,3.0,10.0,0.0,0.0,0.0,0.0,0.0,1.0,-0.00017788842,0.0,-0.0,0.0,-0.00017788842,-0.0,0.32611638,0.51032376,0.0,0.0,0.0,0.0,1.0,0.18238425,-7.307797,0.24074075,0.34258008,0.0,0.0,0.0,0.0,0.0,0,7.3585954,0.828667,0.0,0.0,0.63225347,2.0393684,0.0,0.0,0.0,4.6733465
0,3,4.0,10.0,0.0,0.0,0.0,0.0,0.0,1.0,-0.00015522666,0.0,-0.0,0.0,-0.00015522666,-0.0,0.27289465,0.51447535,0.0,0.0,0.0,0.0,1.0,0.31836703,-3.7034106,0.25462964,0.57472,0.0,0.0,0.0,0.0,0.0,0,8.307757,1.6782618,0.0,0.0,1.1426914,9.515776,4.265212,0.0,0.0,8.807603
1,3,4.0,10.0,0.0,0.0,0.0,0.0,0.0,1.0,-0.00015009123,0.0,-0.0,0.0,-0.00015009123,-0.0,0.28479213,0.4780305,0.0,0.0,0.0,0.0,1.0,0.5055169,-4.190101,0.25925925,0.5784442,0.0,0.0,0.0,0.0,0.0,0,8.827998,1.0806204,0.0,0.0,2.8190632,3.66108,1.0695128,0.0,0.0,11.65298
2,3,4.0,10.0,0.0,0.0,0.0,0.0,0.0,1.0,-0.00017376417,0.0,-0.0,0.0,-0.00017376417,-0.0,0.33032522,0.447751,0.0,0.0,0.0,0.0,1.0,0.6094145,-5.3840475,0.2685185,0.45589283,0.0,0.0,0.0,0.0,0.0,0,10.584384,1.1031079,0.0,0.0,6.592207,3.2032285,2.4566138,1.7461792,0.0,13.649877
3,3,4.0,10.0,0.0,0.0,0.0,0.0,0.0,1.0,-0.00014023646,0.0,-0.0,0.0,-0.00014023646,-0.0,0.35744813,0.49974877,0.0,0.0,0.0,0.0,1.0,0.3238513,-5.8144712,0.2638889,0.35400534,0.0,0.0,0.0,0.0,0.0,0,9.53804,1.5228156,0.0,0.0,0.101566955,3.4054382,2.950911,0.0,0.0,8.626132
0,4,5.0,10.0,0.0,0.0,0.0,0.0,0.0,1.0,-9.5333475e-05,0.0,-0.0,0.0,-9.5333475e-05,-0.0,0.28886572,0.44631156,0.0,0.0,0.0,0.0,1.0,0.55320066,-4.1267157,0.2685185,0.64747405,0.0,0.0,0.0,0.0,0.0,0,6.796575,2.5094826,0.0,0.0,0.4545625,2.6863627,0.47150716,0.92497516,0.0,13.213935
1,4,5.0,10.0,0.0,0.0,0.0,0.0,0.0,1.0,-9.276997e-05,0.0,-0.0,0.0,-9.276997e-05,-0.0,0.24820027,0.4327417,0.0,0.0,0.0,0.0,1.0,0.5435666,-3.620156,0.2685185,0.64325523,0.0,0.0,0.0,0.0,0.0,0,7.2052565,2.8362544,0.0,0.0,0.11945716,2.7023957,0.6789793,0.9108469,0.0,13.344579
2,4,5.0,10.0,0.0,0.0,0.0,0.0,0.0,1.0,-0.00011504121,0.0,-0.0,0.0,-0.00011504121,-0.0,0.31505674,0.41704425,0.0,0.0,0.0,0.0,1.0,0.8609377,-4.329962,0.27314815,0.49062222,0.0,0.0,0.0,0.0,0.0,0,8.465689,3.2333336,0.0,0.0,0.64080137,1.8396491,3.9248357,4.090106,0.0,16.038662
3,4,5.0,10.0,0.0,0.0,0.0,0.0,0.0,1.0,-0.000111856454,0.0,-0.0,0.0,-0.000111856454,-0.0,0.3004199,0.41746488,0.0,0.0,0.0,0.0,1.0,0.6534199,-4.6915812,0.2685185,0.44874135,0.0,0.0,0.0,0.0,0.0,0,8.698861,2.6210456,0.0,0.0,6.0479236,2.0721667,1.2974299,1.6208396,0.0,12.961518
0,5,6.0,10.0,0.0,0.0,0.0,0.0,0.0,1.0,-9.619469e-05,0.0,-0.0,0.0,-9.619469e-05,-0.0,0.25694388,0.3884037,0.0,0.0,0.0,0.0,1.0,0.6495153,-3.5446222,0.27314815,0.72049916,0.0,0.0,0.0,0.0,0.0,0,6.459996,2.9937909,0.0,0.0,0.482708,2.4714653,1.3422036,5.6159554,0.0,13.769075
1,5,6.0,10.0,0.0,0.0,0.0,0.0,0.0,1.0,-9.5649615e-05,0.0,-0.0,0.0,-9.5649615e-05,-0.0,0.22769347,0.41303593,0.0,0.0,0.0,0.0,1.0,0.6507192,-3.5871062,0.2685185,0.73035944,0.0,0.0,0.0,0.0,0.0,0,7.1574574,2.579712,0.0,0.0,0.9895811,2.401904,1.6234803,5.088093,0.0,12.587723
2,5,6.0,10.0,0.0,0.0,0.0,0.0,0.0,1.0,-0.00010521373,0.0,-0.0,0.0,-0.00010521373,-0.0,0.2488086,0.3833765,0.0,0.0,0.0,0.0,1.0,0.88558614,-3.5662158,0.27314815,0.53475636,0.0,0.0,0.0,0.0,0.0,0,7.8603106,3.0375822,0.0,0.0,0.59566045,1.7192695,4.1356487,7.0572615,0.0,16.687466
3,5,6.0,10.0,0.0,0.0,0.0,0.0,0.0,1.0,-9.175768e-05,0.0,-0.0,0.0,-9.175768e-05,-0.0,0.24130511,0.31031764,0.0,0.0,0.0,0.0,1.0,0.89503706,-3.57942,0.2685185,0.55603284,0.0,0.0,0.0,0.0,0.0,0,7.3278904,2.4744236,0.0,0.0,2.0517712,1.568066,1.041621,4.873557,0.0,13.915063
0,6,7.0,10.0,0.0,0.0,0.0,0.0,0.0,1.0,-7.320715e-05,0.0,-0.0,0.0,-7.320715e-05,-0.0,0.2562942,0.39800993,0.0,0.0,0.0,0.0,1.0,0.6240097,-3.6855192,0.2777778,0.7578484,0.0,0.0,0.0,1.0,0.0,0,6.3149033,4.9053507,0.0,0.0,0.3143932,2.914292,1.3065318,5.7900243,0.0,13.459937
1,6,7.0,10.0,0.0,0.0,0.0,0.0,0.0,1.0,-6.934465e-05,0.0,-0.0,0.0,-6.934465e-05,-0.0,0.24355277,0.397998,0.0,0.0,0.0,0.0,1.0,0.5507192,-3.6291637,0.27314815,0.7483877,0.0,0.0,0.0,1.0,0.0,0,4.1961365,3.4758778,0.0,0.0,2.7388117,2.6265867,1.3437682,7.2231503,0.0,15.494802
2,6,7.0,10.0,0.0,0.0,0.0,0.0,0.0,1.0,-8.418165e-05,0.0,-0.0,0.0,-8.418165e-05,-0.0,0.26077572,0.38470516,0.0,0.0,0.0,0.0,1.0,0.7192771,-3.6244812,0.27314815,0.54057145,0.0,0.0,0.0,1.0,0.0,0,5.3304524,3.5022264,0.0,0.0,0.20116353,1.1695008,4.1886992,7.097089,0.0,17.340752
3,6,7.0,10.0,0.0,0.0,0.0,0.0,0.0,1.0,-7.187072e-05,0.0,-0.0,0.0,-7.187072e-05,-0.0,0.24018846,0.34615567,0.0,0.0,0.0,0.0,1.0,0.7013713,-3.5303543,0.2685185,0.5920394,0.0,0.0,0.0,1.0,0.0,0,5.2260933,2.6966722,0.0,0.0,1.014996,1.9092185,3.074425,7.2337937,0.0,16.067715
0,7,8.0,10.0,0.0,0.0,0.0,0.0,0.0,1.0,-6.7285546e-05,0.0,-0.0,0.0,-6.7285546e-05,-0.0,0.26974604,0.4182544,0.0,0.0,0.0,0.0,1.0,0.6431576,-3.6113756,0.2777778,0.8008596,0.0,0.0,0.0,1.0,0.0,0,3.605734,3.7776453,0.0,0.0,2.3834405,2.3080559,3.978764,6.62195,0.0,15.068213
1,7,8.0,10.0,0.0,0.0,0.0,0.0,0.0,1.0,-6.056866e-05,0.0,-0.0,0.0,-6.056866e-05,-0.0,0.20156242,0.46051043,0.0,0.0,0.0,0.0,1.0,0.61770636,-3.4898686,0.2777778,0.82693964,0.0,0.0,0.0,1.0,0.0,0,4.0071955,2.8290498,0.0,0.0,9.644124,0.0,3.1129248,4.2962947,0.0,15.2147455
2,7,8.0,10.0,0.0,0.0,0.0,0.0,0.0,1.0,-6.511195e-05,0.0,-0.0,0.0,-6.511195e-05,-0.0,0.17721784,0.50545263,0.0,0.0,0.0,0.0,1.0,0.6980154,-3.582161,0.28703704,0.68222964,0.0,0.0,0.0,1.0,0.0,0,0.0,2.5244727,0.0,0.0,6.299901,0.0,3.5909896,4.732334,0.0,17.212515
3,7,8.0,10.0,0.0,0.0,0.0,0.0,0.0,1.0,-6.1007766e-05,0.0,-0.0,0.0,-6.1007766e-05,-0.0,0.2722135,0.37357312,0.0,0.0,0.0,0.0,1.0,0.5828266,-3.6823573,0.2685185,0.63718677,0.0,0.0,0.0,1.0,0.0,0,3.9105117,6.3097706,0.0,0.0,1.2812995,1.2401348,5.0460777,6.4075403,0.0,17.02305
0,8,9.0,10.0,0.0,0.0,0.0,0.0,0.0,1.0,-6.026124e-05,0.0,-0.0,0.0,-6.026124e-05,-0.0,0.20482484,0.47937584,0.0,0.0,0.0,0.0,1.0,0.6895542,-3.5591164,0.28703704,0.88479435,0.0,0.0,0.0,1.0,0.0,0,2.35154,3.7511752,0.0,0.0,4.324128,0.0,3.7389374,4.5559554,0.0,14.407788
1,8,9.0,10.0,0.0,0.0,0.0,0.0,0.0,1.0,-4.1500745e-05,0.0,-0.0,0.0,-4.1500745e-05,-0.0,0.21106713,0.57812876,0.0,0.0,0.0,0.0,1.0,1.1087111,-3.5668192,0.29166666,0.9491887,0.0,0.0,0.0,1.0,0.0,0,1.4464308,3.7575438,0.0,0.0,9.847966,0.0,2.4802506,4.176165,3.3149195,12.679912
2,8,9.0,10.0,0.0,0.0,0.0,0.0,0.0,1.0,-5.4222404e-05,0.0,-0.0,0.0,-5.4222404e-05,-0.0,0.2026895,0.59023434,0.0,0.0,0.0,0.0,1.0,1.3619998,-3.5199625,0.29166666,0.77151227,0.0,0.0,0.0,1.0,0.0,0,0.0478436,3.2302907,0.0,0.0,8.95621,0.0,2.8818355,3.857112,3.8291626,14.3974695
3,8,9.0,10.0,0.0,0.0,0.0,0.0,0.0,1.0,-5.1193274e-05,0.0,-0.0,0.0,-5.1193274e-05,-0.0,0.27204397,0.50702167,0.0,0.0,0.0,0.0,1.0,0.71161914,-3.5634134,0.2777778,0.7747315,0.0,0.0,0.0,1.0,0.0,0,2.2391295,4.207956,0.0,0.0,6.2744555,2.8168943,4.041486,5.5290055,0.0,13.144598
0,9,10.0,10.0,0.0,0.0,0.0,0.0,0.0,1.0,-5.6779423e-05,0.0,-0.0,0.0,-5.6779423e-05,-0.0,0.21645315,0.5689748,0.0,0.0,0.0,0.0,1.0,1.071006,-3.5774372,0.29166666,0.9744308,0.0,0.0,0.0,1.0,0.0,0,0.0,3.0922365,0.0,0.0,9.443681,0.0,4.197667,5.032476,0.3170443,14.600934
1,9,10.0,10.0,0.0,0.0,0.0,0.0,0.0,1.0,-4.88123e-05,0.0,-0.0,0.0,-4.88123e-05,-0.0,0.1944486,0.5777378,0.0,0.0,0.0,0.0,1.0,1.0296462,-3.4878635,0.29166666,0.9544556,0.0,0.0,0.0,1.0,0.0,0,0.0,5.474892,0.0,0.0,8.822224,5.0021596,4.3688707,4.986651,1.2027117,13.259829
2,9,10.0,10.0,0.0,0.0,0.0,0.0,0.0,1.0,-4.8431215e-05,0.0,-0.0,0.0,-4.8431215e-05,-0.0,0.19759275,0.58997315,0.0,0.0,0.0,0.0,1.0,1.201219,-3.508685,0.29166666,0.7906617,0.0,0.0,0.0,1.0,0.0,0,0.0,3.6678088,0.0,0.0,13.262077,2.6903455,5.947938,4.865391,1.9210765,13.558304
3,9,10.0,10.0,0.0,0.0,0.0,0.0,0.0,1.0,-6.3101725e-05,0.0,-0.0,0.0,-6.3101725e-05,-0.0,0.22188984,0.56788707,0.0,0.0,0.0,0.0,1.0,1.0728315,-3.708219,0.2824074,0.90324354,0.0,0.0,0.0,1.0,0.0,0,0.0,3.5219388,0.0,0.0,7.355785,0.0,5.3873916,5.0236535,0.5089936,10.370619
0,10,11.0,10.0,1.0,0.0,0.0,0.0,0.0,1.0,-6.1729676e-05,0.0,-0.0,0.0,-6.1729676e-05,-0.0,0.2911629,0.59293574,0.0,0.0,0.0,0.0,1.0,1.8635113,-3.5226922,0.29166666,1.1073505,0.0,0.0,0.0,1.0,0.0,0,0.0,4.4266453,0.0,0.0,15.668894,7.800806,2.6342332,0.98725533,0.0,6.5048423
1,10,11.0,10.0,1.0,0.0,0.0,0.0,0.0,1.0,-5.305636e-05,0.0,-0.0,0.0,-5.305636e-05,-0.0,0.2981119,0.56729245,0.0,0.09691328,0.0,0.055952907,1.0,1.8972327,-3.9719186,0.29166666,1.151179,0.0,0.0,0.0,1.0,0.0,0,0.0,5.169402,0.0,0.0,19.191414,7.3615527,1.907615,1.2722402,0.0,6.8128543
2,10,11.0,10.0,1.0,0.0,0.0,0.0,0.0,1.0,-4.6129888e-05,0.0,-0.0,0.0,-4.6129888e-05,-0.0,0.31424332,0.62362385,0.0,0.1046783,0.0,0.07912936,1.0,4.366055,-3.921222,0.29166666,0.9247323,0.0,0.0,0.0,1.0,0.0,0,0.0,1.9897511,3.5617852,0.0,15.094848,5.733993,4.0260053,1.1746438,0.0,7.706873
3,10,11.0,10.0,1.0,0.0,0.0,0.0,0.0,1.0,-5.7063757e-05,0.0,-0.0,0.0,-5.7063757e-05,-0.0,0.2827583,0.58135706,0.0,0.055952907,0.0,0.09691328,1.0,1.4794903,-4.020446,0.2824074,1.0699756,0.0,0.0,0.0,1.0,0.0,0,0.0,4.9912086,0.0,0.0,15.287077,10.779852,3.9826221,1.2428737,0.61327577,7.2054114
0,11,12.0,10.0,1.0,0.0,0.0,0.0,0.0,1.0,-4.032778e-05,0.0,-0.0,0.0,-4.032778e-05,-0.0,0.31437463,0.65131354,0.15180242,0.5218944,0.12798397,0.54822487,1.0,1.857621,-3.6070635,0.29166666,1.2114875,0.0,0.0,0.0,1.0,0.0,0,0.20912668,1.9636625,0.0,0.0,15.966275,5.335067,3.0764494,1.6920338,1.3103547,5.34118
1,11,12.0,10.0,1.0,0.0,0.0,0.0,0.0,1.0,-4.059439e-05,0.0,-0.0,0.0,-4.059439e-05,-0.0,0.35219136,0.6620052,0.06697153,2.3296573,0.1145046,0.71763945,1.0,3.4164987,-4.1336093,0.29166666,1.2598261,0.0,0.0,0.0,0.0,0.0,0,0.0,0.5587788,0.0,0.0,18.332191,4.320628,2.8542182,1.674009,0.0,2.9444835
2,11,12.0,10.0,1.0,0.0,0.0,0.0,0.0,1.0,-3.80722e-05,0.0,-0.0,0.0,-3.80722e-05,-0.0,0.33934712,0.6411396,0.045536406,0.27976462,0.11763114,1.2691635,1.0,4.2376204,-4.403929,0.29166666,0.9932232,0.0,0.0,0.0,0.0,0.0,0,0.0,0.0,4.5370264,0.0,15.039076,4.892609,4.4990935,1.0842814,0.0,7.728405
3,11,12.0,10.0,1.0,0.0,0.0,0.0,0.0,1.0,-3.890546e-05,0.0,-0.0,0.0,-3.890546e-05,-0.0,0.27987155,0.65904653,0.06788376,0.13122122,0.102632776,0.47477645,1.0,1.0893033,-4.1914816,0.2824074,1.1845129,0.0,0.0,0.0,0.0,0.0,0,2.2780616,5.230604,0.0,0.0,12.279698,8.002323,3.9797146,1.6624247,3.1793962,4.1573606
0,12,13.0,10.0,1.0,0.0,0.0,0.0,0.0,1.0,-3.8797025e-05,0.0,-0.0,0.0,-3.8797025e-05,-0.0,0.35118032,0.76337546,0.17204243,2.88884,0.20237039,0.8485698,1.0,4.316882,-4.5379896,0.29166666,1.3367237,0.0,0.0,0.0,1.0,0.0,0,0.0,0.0,4.045965,0.0,13.553588,6.19032,3.4270608,1.8885895,0.28142717,6.456399
1,12,13.0,10.0,1.0,0.0,0.0,0.0,0.0,1.0,-4.0614803e-05,0.0,-0.0,0.0,-4.0614803e-05,-0.0,0.35169664,0.741259,0.10341037,3.5100393,0.18742824,1.1902382,1.0,4.087632,-4.392705,0.29166666,1.361395,0.0,0.0,0.0,1.0,0.0,0,0.0,0.0,4.131758,0.0,14.525496,4.186653,2.3522635,1.6058149,0.30707827,6.4444203
2,12,13.0,10.0,1.0,0.0,0.0,0.0,0.0,1.0,-3.784708e-05,0.0,-0.0,0.0,-3.784708e-05,-0.0,0.36196673,0.6839418,0.076703794,0.5609267,0.18215635,2.0398154,1.0,4.315294,-4.967955,0.29166666,1.0776327,0.0,0.0,0.0,1.0,0.0,0,0.0,0.0,3.3708997,0.0,16.055622,3.743434,4.616307,1.1495899,2.120879,5.979527
3,12,13.0,10.0,1.0,0.0,0.0,0.0,0.0,1.0,-4.195393e-05,0.0,-0.0,0.0,-4.195393e-05,-0.0,0.34111923,0.7558173,0.1643014,2.5690174,0.16949436,0.69660914,1.0,3.4217665,-3.6646938,0.29166666,1.2854502,0.0,0.0,0.0,1.0,0.0,0,0.0,1.743681,3.2757945,0.0,12.47135,7.9770274,4.529585,1.3900604,0.0,8.377704
0,13,14.0,10.0,1.0,0.0,0.0,0.0,0.0,1.0,-3.7547306e-05,0.0,-0.0,0.0,-3.7547306e-05,-0.0,0.3641054,0.795695,0.18169838,2.7831278,0.23282993,1.0056001,1.0,4.2711806,-4.7002816,0.29166666,1.3994856,0.0,0.0,0.0,1.0,0.0,0,0.0,0.0,2.8954382,0.0,13.704386,6.1495633,3.9679909,1.6949042,0.4943161,5.480172
1,13,14.0,10.0,1.0,0.0,0.0,0.0,0.0,1.0,-3.7822792e-05,0.0,-0.0,0.0,-3.7822792e-05,-0.0,0.36199224,0.77243024,0.11299432,3.387701,0.21790296,1.3323448,1.0,4.104891,-4.5621815,0.29166666,1.4111751,0.0,0.0,0.0,1.0,0.0,0,0.0,0.0,2.8487422,0.0,13.992449,2.7493773,2.8650012,1.6473694,0.1610261,5.697274
2,13,14.0,10.0,1.0,0.0,0.0,0.0,0.0,1.0,-3.92704e-05,0.0,-0.0,0.0,-3.92704e-05,-0.0,0.3747996,0.737469,0.13575402,0.78931445,0.21755914,2.2057428,1.0,4.0519757,-4.871049,0.29166666,1.1729515,0.0,0.0,0.0,1.0,0.0,0,0.0,0.0,3.042252,0.0,14.113565,5.756431,4.2189193,1.2569963,3.571917,4.1594706
3,13,14.0,10.0,1.0,0.0,0.0,0.0,0.0,1.0,-3.1497333e-05,0.0,-0.0,0.0,-3.1497333e-05,-0.0,0.35405886,0.7728927,0.18910307,2.5113947,0.23473716,0.9211036,1.0,3.4123127,-3.9105089,0.29166666,1.3371252,0.0,0.0,0.0,1.0,0.0,0,0.0,2.486338,3.1706743,0.0,12.478516,7.239969,3.926295,1.2113014,1.251078,5.989603
0,14,15.0,10.0,1.0,0.0,0.0,0.0,0.0,1.0,-4.2551594e-05,0.0,-0.0,0.0,-4.2551594e-05,-0.0,0.38103387,0.8259735,0.2004073,2.616117,0.2576971,1.1589191,1.0,4.00707,-4.9649935,0.29166666,1.4589063,0.0,0.0,0.0,1.0,0.0,0,0.5381032,0.0,3.3466046,0.0,12.429687,5.6700287,4.105357,1.3852731,1.1729009,4.9381495
1,14,15.0,10.0,1.0,0.0,0.0,0.0,0.0,1.0,-4.212125e-05,0.0,-0.0,0.0,-4.212125e-05,-0.0,0.37517512,0.8084496,0.11337236,3.2470648,0.24883267,1.5097029,1.0,4.039972,-4.86336,0.29166666,1.4607242,0.0,0.0,0.0,1.0,0.0,0,0.80401915,0.0,3.5716484,0.0,13.164625,4.807598,2.930792,1.6527234,1.0659226,5.328521
2,14,15.0,10.0,1.0,0.0,0.0,0.0,0.0,1.0,-3.937145e-05,0.0,-0.0,0.0,-3.937145e-05,-0.0,0.37661436,0.79213816,0.18293591,1.0118077,0.24476996,2.2749202,1.0,3.9108124,-4.663735,0.29166666,1.2452333,0.0,0.0,0.0,1.0,0.0,0,0.0,0.0,3.113907,0.0,12.84382,5.6272535,3.9869912,1.3198555,3.6573093,4.4817576
3,14,15.0,10.0,1.0,0.0,0.0,0.0,0.0,1.0,-3.809696e-05,0.0,-0.0,0.0,-3.809696e-05,-0.0,0.37183428,0.8324722,0.20114017,2.786782,0.2709921,0.93794435,1.0,3.5616693,-4.392066,0.29166666,1.411724,0.0,0.0,0.0,1.0,0.0,0,0.67512375,0.0,5.1145353,0.0,10.53684,7.0643306,4.5890756,1.0742012,2.0667365,4.9667497
0,15,16.0,10.0,1.0,0.0,0.0,0.0,0.0,1.0,-4.4477252e-05,0.0,-0.0,0.0,-4.4477252e-05,-0.0,0.40932503,0.9438146,0.24496917,2.8219512,0.30057213,1.1301979,1.0,3.8948572,-5.4010253,0.29166666,1.6316484,0.0,0.0,0.0,1.0,0.0,0,0.97422504,0.0,3.5362608,0.0,10.34311,5.568981,4.171742,1.3081806,0.9997285,5.0388517
1,15,16.0,10.0,1.0,0.0,0.0,0.0,0.0,1.0,-4.2457752e-05,0.0,-0.0,0.0,-4.2457752e-05,-0.0,0.3905086,0.8502828,0.12327027,3.1913815,0.2758096,1.7154996,1.0,3.929196,-5.181239,0.29166666,1.5200983,0.0,0.0,0.0,1.0,0.0,0,0.85895526,0.0,3.7560327,0.0,12.303738,4.2848783,2.8591285,1.9955518,2.0391426,5.1459346
2,15,16.0,10.0,1.0,0.0,0.0,0.0,0.0,1.0,-4.0720966e-05,0.0,-0.0,0.0,-4.0720966e-05,-0.0,0.38587862,0.85102415,0.21716273,1.1384779,0.2790151,2.2364025,1.0,3.8350725,-4.8612404,0.29166666,1.3199375,0.0,0.0,0.0,1.0,0.0,0,1.1163081,0.0,3.490626,0.0,10.732198,5.0414033,3.8887064,1.4018767,2.1849833,4.4073777
3,15,16.0,10.0,1.0,0.0,0.0,0.0,0.0,1.0,-3.9719573e-05,0.0,-0.0,0.0,-3.9719573e-05,-0.0,0.38327128,0.9033619,0.19206834,2.881515,0.29989812,0.89349854,1.0,3.5655704,-4.6051397,0.29166666,1.5000335,0.0,0.0,0.0,1.0,0.0,0,0.8279169,0.0,3.6096907,0.0,8.908448,6.2067294,4.685003,1.1606573,2.5585651,3.8499613
0,16,17.0,10.0,1.0,0.0,0.0,0.0,0.0,1.0,-4.0359795e-05,0.0,-0.0,0.0,-4.0359795e-05,-0.0,0.42546874,1.0140983,0.30120048,2.9166157,0.3357955,1.0133535,1.0,3.7071311,-5.5963426,0.29166666,1.737571,0.0,0.0,0.0,1.0,0.0,0,1.1460253,0.0,3.2944477,0.0,9.695158,5.9265537,4.0254507,1.3129078,1.7377728,4.084723
1,16,17.0,10.0,1.0,0.0,0.0,0.0,0.0,1.0,-3.8848466e-05,0.0,-0.0,0.0,-3.8848466e-05,-0.0,0.4032919,0.89353454,0.15240957,3.1141655,0.29792166,1.8468899,1.0,3.7661357,-5.3219523,0.29166666,1.5853696,0.0,0.0,0.0,1.0,0.0,0,1.1192753,0.0,4.083426,0.0,11.260094,4.326556,3.4488811,1.606504,3.1721961,4.124746
2,16,17.0,10.0,1.0,0.0,0.0,0.0,0.0,1.0,-4.027347e-05,0.0,-0.0,0.0,-4.027347e-05,-0.0,0.40086824,0.9178286,0.28910348,1.5354066,0.32257116,2.1032932,1.0,3.5854483,-5.121193,0.29166666,1.4288198,0.0,0.0,0.0,0.0,0.0,0,1.3618017,0.0,3.21658,0.0,9.018915,5.158433,3.733862,1.253875,2.1646547,3.827128
3,16,17.0,10.0,1.0,0.0,0.0,0.0,0.0,1.0,-4.133596e-05,0.0,-0.0,0.0,-4.133596e-05,-0.0,0.39836037,0.9741333,0.22212777,2.917957,0.3348088,0.92449623,1.0,3.382693,-4.8634567,0.29166666,1.606177,0.0,0.0,0.0,1.0,0.0,0,0.8976914,0.0,3.654769,0.0,8.380338,5.5339184,4.7071652,0.9922987,2.6258996,3.9135365
0,17,18.0,10.0,1.0,0.0,0.0,0.0,0.0,1.0,-4.0561892e-05,0.0,-0.0,0.0,-4.0561892e-05,-0.0,0.4361011,1.0665313,0.34853804,3.0043976,0.37321442,0.85774386,1.0,3.395979,-5.689592,0.29166666,1.81115,0.0,0.0,0.0,1.0,0.0,0,1.2799566,0.0,3.0775542,0.5843878,8.882653,5.5972967,4.2350388,1.1131668,1.6682843,4.1377664
1,17,18.0,10.0,1.0,0.0,0.0,0.0,0.0,1.0,-4.06952e-05,0.0,-0.0,0.0,-4.06952e-05,-0.0,0.4142588,0.94549394,0.20782356,3.014282,0.3246163,1.7764676,1.0,3.4685378,-5.378389,0.29166666,1.6672008,0.0,0.0,0.0,1.0,0.0,0,1.5483006,0.0,3.583809,0.6293171,10.109856,3.9045248,3.2274053,1.7216618,3.297465,3.7295942
2,17,18.0,10.0,1.0,0.0,0.0,0.0,0.0,1.0,-4.0070958e-05,0.0,-0.0,0.0,-4.0070958e-05,-0.0,0.40849614,0.98411214,0.34484863,1.8646044,0.38441017,2.1416464,1.0,3.2827082,-5.3719664,0.29166666,1.517882,0.0,0.0,0.0,0.0,0.0,0,1.1764827,0.0,3.310142,0.8961168,8.904953,5.1142755,3.7099137,0.9959548,4.0934873,4.050283
3,17,18.0,10.0,1.0,0.0,0.0,0.0,0.0,1.0,-4.1262498e-05,0.0,-0.0,0.0,-4.1262498e-05,-0.0,0.4093131,1.009764,0.25421458,2.866262,0.36197075,0.8194779,1.0,3.0759346,-4.938201,0.29166666,1.6608245,0.0,0.0,0.0,1.0,0.0,0,1.1423469,0.0,2.7492454,0.79557955,8.822504,5.597906,4.6409254,1.0308383,1.9153109,3.9340155
0,18,19.0,10.0,1.0,0.0,0.0,0.0,0.0,1.0,-4.115801e-05,0.0,-0.0,0.0,-4.115801e-05,-0.0,0.44892523,1.1291641,0.4044299,3.1282098,0.42290655,0.8318016,1.0,3.02705,-5.7884727,0.29166666,1.8983864,0.0,0.0,0.0,1.0,0.0,0,1.1243469,0.0,2.8885179,0.6349177,8.868822,5.4825125,4.2538757,1.0157917,1.6408738,4.7002196
1,18,19.0,10.0,1.0,0.0,0.0,0.0,0.0,1.0,-4.0064882e-05,0.0,-0.0,0.0,-4.0064882e-05,-0.0,0.42319092,0.98474866,0.25108746,2.9507685,0.36026722,1.7273216,1.0,3.1710763,-5.4157476,0.29166666,1.7328571,0.0,0.0,0.0,1.0,0.0,0,1.4781896,0.0,4.064106,0.5892447,9.4344,5.566337,3.3381863,1.4949901,4.3467636,3.7542996
2,18,19.0,10.0,1.0,0.0,0.0,0.0,0.0,1.0,-4.109517e-05,0.0,-0.0,0.0,-4.109517e-05,-0.0,0.4089523,1.0418648,0.3986347,2.280762,0.44544303,2.313812,1.0,2.9009027,-5.473341,0.29166666,1.6001925,0.0,0.0,0.0,1.0,0.0,0,1.0084963,0.0,3.1610956,1.1055694,7.4389143,5.5582724,3.8269217,0.9296691,3.5857484,4.253029
3,18,19.0,10.0,1.0,0.0,0.0,0.0,0.0,1.0,-4.039536e-05,0.0,-0.0,0.0,-4.039536e-05,-0.0,0.4197862,1.0522816,0.29726908,2.8880272,0.40168408,0.86138606,1.0,2.7295759,-5.0388675,0.29166666,1.7302094,0.0,0.0,0.0,1.0,0.0,0,1.2413259,0.0,2.787724,0.67565095,7.681615,5.226586,5.099436,0.8477203,0.8914045,4.0000663
0,19,20.0,10.0,1.0,1.0,1.0,1.0,1.0,1.0,5.9999604,1.0,-0.0,5.0,-3.964514e-05,-0.0,0.45783484,1.1684113,0.45503336,3.2197082,0.46987236,0.91170865,1.0,2.6712973,-5.8681507,0.29166666,1.972674,0.0,0.0,0.0,1.0,0.0,0,1.2113911,0.0,2.6762679,1.2211437,8.384482,5.344582,4.193359,0.83809394,3.5131278,4.1636186
1,19,20.0,10.0,1.0,1.0,1.0,1.0,1.0,1.0,5.9999595,1.0,-0.0,5.0,-4.0455077e-05,-0.0,0.4306184,1.0211866,0.29642048,2.8629832,0.40108407,1.719601,1.0,2.841727,-5.4100595,0.29166666,1.7936863,0.0,0.0,0.0,1.0,0.0,0,1.3092462,0.0,3.8916597,0.8981597,8.923402,5.307673,2.955862,1.1598762,5.4120173,3.054827
2,19,20.0,10.0,1.0,1.0,1.0,1.0,1.0,1.0,5.9999604,1.0,-0.0,5.0,-3.9779046e-05,-0.0,0.40304065,1.0894403,0.45790082,2.7797508,0.49020118,2.5598605,1.0,2.4399974,-5.4326925,0.29166666,1.684517,0.0,0.0,0.0,1.0,0.0,0,0.9787541,0.0,2.6161096,1.0008188,8.490098,5.4038744,3.7526724,1.2183836,2.281951,4.4770284
3,19,20.0,10.0,1.0,1.0,1.0,1.0,1.0,1.0,5.99996,1.0,-0.0,5.0,-4.0213796e-05,-0.0,0.4281599,1.0875,0.3482339,2.9117808,0.44636405,0.9683277,1.0,2.3086798,-5.04567,0.29166666,1.8009958,0.0,0.0,0.0,1.0,0.0,0,1.4510399,0.0,2.300377,0.77783173,7.692448,5.367478,5.5988584,0.6065964,0.15573947,4.8284674
0,20,21.0,10.0,1.0,1.0,2.0,1.0,1.0,1.0,0.99995697,1.0,-0.0,0.0,-4.3047534e-05,-0.0,0.45047197,1.2093468,0.62744796,3.8246722,0.54533684,1.3739911,1.0,1.9777386,-5.918932,0.29166666,2.21373,0.0,0.0,0.0,1.0,0.0,0,1.850373,0.0,1.3832738,0.655081,7.1307197,5.334194,4.4957647,0.73731565,0.0,2.203461
1,20,21.0,10.0,1.0,1.0,2.0,1.0,1.0,1.0,0.999957,1.0,-0.0,0.0,-4.2951375e-05,-0.0,0.4287636,1.0675759,0.51642925,3.2124064,0.45544654,1.7141303,1.0,2.0373042,-5.11646,0.29166666,2.0141127,0.0,0.0,0.0,1.0,0.0,0,1.432402,0.0,1.1429853,0.77640575,7.966657,6.3846626,2.8518906,1.3690226,0.0,3.3496037
2,20,21.0,10.0,1.0,1.0,2.0,1.0,1.0,1.0,0.9999585,1.0,-0.0,0.0,-4.1465053e-05,-0.0,0.39123538,1.1346446,0.63620263,3.9566643,0.5435246,2.4011343,1.0,1.748764,-5.092756,0.29166666,1.9504422,0.0,0.0,0.0,1.0,0.0,0,1.7813622,0.0,1.3854743,0.8295209,7.0853295,5.6130624,3.8606918,0.7554385,0.0,1.6002238
3,20,21.0,10.0,1.0,1.0,2.0,1.0,1.0,1.0,0.9999579,1.0,-0.0,0.0,-4.2058593e-05,-0.0,0.41570365,1.0976187,0.5330582,3.5287232,0.49041808,1.273473,1.0,1.7036427,-4.951439,0.29166666,2.0067403,0.0,0.0,0.0,1.0,0.0,0,1.4924896,0.0,1.5775229,0.7077427,7.148438,5.520926,6.451562,0.63131416,0.0,2.1297088
0,21,22.0,10.0,1.0,1.0,3.0,1.0,1.0,1.0,0.9999572,1.0,-0.0,0.0,-4.279803e-05,-0.0,0.43214,1.3150209,0.70114756,4.4618025,0.6012377,1.676736,1.0,1.5372243,-5.8963366,0.29166666,2.6096153,0.0,0.0,0.0,1.0,0.0,0,2.7183177,0.0,1.6301364,0.9887078,5.2784157,4.6178074,5.0021343,0.6422916,0.0,0.8742753
1,21,22.0,10.0,1.0,1.0,3.0,1.0,1.0,1.0,0.9999592,1.0,-0.0,0.0,-4.0857456e-05,-0.0,0.44398046,1.2333822,0.666284,3.8273325,0.55823886,2.064986,1.0,1.4430646,-5.6545854,0.29166666,2.3751724,0.0,0.0,0.0,1.0,0.0,0,2.2793252,0.0,1.9229556,0.8895186,6.267367,5.8348746,2.5846028,0.73739964,0.0,1.263369
2,21,22.0,10.0,1.0,1.0,3.0,1.0,1.0,1.0,0.99995786,1.0,-0.0,0.0,-4.2121257e-05,-0.0,0.36431384,1.2238109,0.70293164,4.9134116,0.5895784,2.2735438,1.0,1.1716962,-4.958221,0.29166666,2.3433404,0.0,0.0,0.0,1.0,0.0,0,2.2596252,0.0,1.0835177,1.4341582,5.4683456,5.289922,4.4361653,0.58896106,0.0,0.8409873
3,21,22.0,10.0,1.0,1.0,3.0,1.0,1.0,1.0,0.9999547,1.0,-0.0,0.0,-4.5320423e-05,-0.0,0.3986342,1.1899284,0.5985436,4.015387,0.5495982,1.7273216,1.0,1.1450047,-4.85468,0.29166666,2.4283643,0.0,0.0,0.0,1.0,0.0,0,2.5917275,0.0,1.6839571,1.2955632,5.2357125,4.6708307,5.7716956,0.4606705,0.0,0.97955203
0,22,23.0,10.0,1.0,1.0,4.0,1.0,1.0,1.0,0.98385286,1.0,-0.0,0.0,-4.4544984e-05,-0.016102612,0.3697114,1.2909014,0.84070545,5.9661565,0.64580494,1.8742346,0.0,2.212224,-5.8288045,0.29166666,2.8482437,0.0,0.0,0.0,1.0,0.0,0,2.4602988,0.0,1.3672951,1.6684703,4.72373,4.666777,4.7365365,0.52354544,0.0,0.6177117
1,22,23.0,10.0,1.0,1.0,4.0,1.0,1.0,1.0,0.999691,1.0,-0.0,0.0,-4.3688167e-05,-0.00026527458,0.39628857,1.2558438,0.8338978,5.015916,0.61391586,2.2276354,0.0,1.2617604,-5.517135,0.29166666,2.6269624,0.0,0.0,0.0,1.0,0.0,0,2.1148922,0.0,1.5624043,1.0905106,6.117178,5.811777,2.4888625,0.6406816,0.0,0.8497957
2,22,23.0,10.0,1.0,1.0,4.0,1.0,1.0,1.0,0.97506225,1.0,-0.0,0.0,-4.4806373e-05,-0.024892945,0.29663557,1.1704156,0.8295134,6.493576,0.6283572,2.2032573,0.0,1.7892538,-4.72577,0.29166666,2.5766504,0.0,0.0,0.0,1.0,0.0,0,2.8330297,0.0,1.3474364,1.6556448,4.587593,5.6089654,5.074489,0.5538014,0.0,0.6058184
3,22,23.0,10.0,1.0,1.0,4.0,1.0,1.0,1.0,0.99637645,1.0,-0.0,0.0,-4.4580924e-05,-0.0035789835,0.34390128,1.1375711,0.7200152,5.2147384,0.6005841,2.0108304,0.0,1.606325,-4.7676477,0.29166666,2.6730273,0.0,0.0,0.0,1.0,0.0,0,2.3148246,0.0,1.3382545,1.4479997,4.564918,4.160877,4.710185,0.36957705,0.0,0.6360974
0,23,24.0,10.0,1.0,1.0,5.0,1.0,1.0,1.0,0.9825179,1.0,-0.0,0.0,-4.5387656e-05,-0.017436761,0.25443995,1.3663101,0.79271525,6.046205,0.69225657,2.0409663,0.0,2.2642534,-4.7648892,0.29166666,3.4626358,0.0,0.0,0.0,1.0,0.0,0,3.012155,0.0,1.2417883,1.8625675,3.3921635,4.231524,4.133127,0.33991885,0.0002540584,0.3807247
1,23,24.0,10.0,1.0,1.0,5.0,1.0,1.0,1.0,0.9938929,1.0,-0.0,0.0,-4.3701588e-05,-0.0060633863,0.34278128,1.354945,0.8128363,5.363803,0.6600715,2.4047177,0.0,1.648295,-5.2722907,0.29166666,3.2320564,0.0,0.0,0.0,1.0,0.0,0,3.260203,0.0,1.3977814,2.0390637,3.505477,4.8481984,2.3776577,0.5607228,0.0,0.51946557
2,23,24.0,10.0,1.0,1.0,5.0,1.0,1.0,1.0,0.97532356,1.0,-0.0,0.0,-4.514971e-05,-0.024631334,0.18131045,1.2472923,0.7741441,6.4778795,0.67179364,2.246878,0.0,1.7287296,-3.720221,0.29166666,3.2029793,0.0,0.0,0.0,1.0,0.0,0,3.1162782,0.0,1.4907998,1.6482902,3.497771,5.0618405,4.574698,0.5396231,0.16779469,0.36948586
3,23,24.0,10.0,1.0,1.0,5.0,1.0,1.0,1.0,0.99763054,1.0,-0.0,0.0,-4.573624e-05,-0.0023237441,0.23626722,1.208953,0.6717746,5.1394243,0.6335193,2.2742321,0.0,1.4550836,-3.715043,0.29166666,3.3115604,0.0,0.0,0.0,1.0,0.0,0,3.0472686,0.0,1.4916494,1.6863419,3.3341737,4.0396895,4.7633386,1.2301805,0.0,0.4457856
0,24,25.0,10.0,1.0,1.0,6.0,1.0,1.0,1.0,0.9762321,1.0,-0.0,0.0,-4.299906e-05,-0.023724904,0.15600957,1.2914836,0.7727241,6.423494,0.72625196,2.163826,0.0,2.640861,-4.3491673,0.29166666,3.520387,0.0,0.0,0.0,1.0,0.0,0,3.5310805,0.0,1.159458,2.6344619,3.3980157,3.885755,3.6947842,0.43946835,1.1858879,0.6168688
1,24,25.0,10.0,1.0,1.0,6.0,1.0,1.0,1.0,0.97978896,1.0,-0.0,0.0,-4.4065968e-05,-0.020167008,0.29201323,1.3401961,0.8088829,6.21002,0.701868,2.562,0.0,2.8308222,-5.615237,0.29166666,3.2894478,0.0,0.0,0.0,1.0,0.0,0,3.7596285,0.0,1.3600631,2.8240595,3.2274716,4.7241254,2.3011425,0.5466351,0.11827472,0.9178008
2,24,25.0,10.0,1.0,1.0,6.0,1.0,1.0,1.0,0.9719949,1.0,-0.0,0.0,-4.223789e-05,-0.027962845,0.056667253,1.1586888,0.75237805,6.67777,0.69495344,2.2865891,0.0,1.9406788,-3.0440083,0.29166666,3.2693222,0.0,0.0,0.0,1.0,0.0,0,3.4785392,0.0,1.3485105,2.3978622,3.464825,4.74957,4.450277,0.53797734,0.5560425,0.8232262
3,24,25.0,10.0,1.0,1.0,6.0,1.0,1.0,1.0,0.99061215,1.0,-0.0,0.0,-4.1886356e-05,-0.00934594,0.14499071,1.1307001,0.6724142,5.5607557,0.66510963,2.3762302,0.0,1.8707436,-3.3562658,0.29166666,3.3584073,0.0,0.0,0.0,1.0,0.0,0,3.1183252,0.0,1.0840232,2.210592,3.4295325,3.9873369,4.5566444,0.30833548,0.0,0.6147749
0,25,26.0,10.0,1.0,1.0,7.0,1.0,1.0,1.0,0.9999574,1.0,-0.0,0.0,-4.2634267e-05,-0.0,0.04474446,1.2946529,0.60179436,4.88849,0.7532367,2.2378023,1.0,1.2996538,-2.0989058,0.29166666,4.1324577,0.0,0.0,0.0,1.0,0.0,0,3.057879,0.0,1.0871322,1.9469795,3.2252584,3.5150363,4.0739555,0.42809474,1.151684,0.3397938
1,25,26.0,10.0,1.0,1.0,7.0,1.0,1.0,1.0,0.9982398,1.0,-0.0,0.0,-4.2872427e-05,-0.0017173159,0.10078605,1.3200924,0.6638377,5.1030383,0.7263216,2.7199738,0.0,1.8349371,-3.6592493,0.29166666,3.8122308,0.0,0.0,0.0,1.0,0.0,0,3.1442556,0.0,1.1595898,2.0125387,3.2983239,4.4858065,1.8764831,0.5652389,1.3231267,0.38473126
2,25,26.0,10.0,1.0,1.0,7.0,1.0,1.0,1.0,0.99772817,1.0,-0.0,0.0,-3.952809e-05,-0.0022322908,0.13693067,1.1735079,0.57342917,5.133937,0.71615285,2.3676503,0.0,0.6763748,-0.9461539,0.29166666,3.8483844,0.0,0.0,0.0,1.0,0.0,0,3.0572238,0.0,1.2369313,1.808719,3.2311945,4.4063816,4.4621916,0.55035377,0.17082287,0.3376007
3,25,26.0,10.0,1.0,1.0,7.0,1.0,1.0,1.0,0.9999565,1.0,-0.0,0.0,-4.3533164e-05,-0.0,0.039574876,1.1724461,0.52826357,4.1708803,0.6902247,2.4910533,1.0,0.5640592,-1.3138903,0.29166666,3.9400268,0.0,0.0,0.0,1.0,0.0,0,3.3007026,0.0,1.159229,2.0899184,3.468481,3.982465,4.793765,0.2975035,0.489756,0.3782042
0,26,27.0,10.0,1.0,1.0,8.0,1.0,1.0,1.0,0.9801284,1.0,-0.0,0.0,-3.5068904e-05,-0.019836526,0.04800968,1.25868,0.71355116,6.1901913,0.7780084,2.338042,0.0,2.1518598,-3.8567307,0.29166666,4.1949883,0.0,0.0,0.0,1.0,0.0,0,4.002675,0.0,0.9982671,2.9485974,2.83899,3.4284418,3.8231177,0.32542834,1.0800774,0.0
1,26,27.0,10.0,1.0,1.0,8.0,1.0,1.0,1.0,0.9782335,1.0,-0.0,0.0,-3.5065324e-05,-0.021731414,0.15682486,1.3083857,0.76559603,6.3038845,0.74965227,2.8842301,0.0,2.6339593,-5.0371447,0.29166666,3.86029,0.0,0.0,0.0,1.0,0.0,0,3.6422496,0.0,1.1657718,2.6473665,2.8783438,4.3538175,1.7065529,0.6530837,0.94142795,0.19372958
2,26,27.0,10.0,1.0,1.0,8.0,1.0,1.0,1.0,0.9735693,1.0,-0.0,0.0,-3.67027e-05,-0.02639402,0.04871469,1.1148586,0.6968429,6.5836406,0.72743666,2.4552896,0.0,1.5776837,-2.7874756,0.29166666,3.9258738,0.0,0.0,0.0,1.0,0.0,0,3.562009,0.0,1.1834586,2.5970027,2.6950562,3.9761007,4.149163,0.47964236,0.74480814,0.0
3,26,27.0,10.0,1.0,1.0,8.0,1.0,1.0,1.0,0.9934012,1.0,-0.0,0.0,-4.0445408e-05,-0.006558319,0.046538375,1.1004816,0.6386605,5.393499,0.7094532,2.5290978,0.0,1.3317797,-3.0134647,0.29166666,3.9968438,0.0,0.0,0.0,1.0,0.0,0,4.0185747,0.0,1.2105973,2.538931,3.3961458,4.1368365,4.228039,0.3040052,0.5356574,0.3115703
0,27,28.0,10.0,1.0,1.0,9.0,1.0,1.0,1.0,0.99996376,1.0,-0.0,0.0,-3.6220506e-05,-0.0,0.18974356,1.3258197,0.50789475,3.871462,0.79336697,2.4594305,1.0,0.84046596,-1.1392208,0.29166666,4.90789,0.0,0.0,0.0,1.0,0.0,0,3.0702703,0.0,1.1247889,1.8921658,3.297176,3.707969,3.6695805,0.43457583,1.5448779,0.0
1,27,28.0,10.0,1.0,1.0,9.0,1.0,1.0,1.0,0.99996465,1.0,-0.0,0.0,-3.5366233e-05,-0.0,0.09572487,1.2963079,0.5522583,4.011486,0.7650146,3.0478544,1.0,0.6516207,-2.1632173,0.29166666,4.562955,0.0,0.0,0.0,1.0,0.0,0,2.821019,0.0,0.99940085,1.8618802,3.232092,4.1974196,1.5348922,0.5907985,1.1100998,0.19574073
2,27,28.0,10.0,1.0,1.0,9.0,1.0,1.0,1.0,0.9999606,1.0,-0.0,0.0,-3.9401493e-05,-0.0,0.3087595,1.2072366,0.43959135,3.8651884,0.7382197,2.5525115,1.0,1.2362224,0.27324352,0.29166666,4.7202067,0.0,0.0,0.0,1.0,0.0,0,3.3251429,0.0,1.1585486,1.8710492,3.6502986,3.7101948,4.03743,0.50789094,1.0302594,0.0
3,27,28.0,10.0,1.0,1.0,9.0,1.0,1.0,1.0,0.99996096,1.0,-0.0,0.0,-3.9040482e-05,-0.0,0.19995943,1.2405475,0.43660185,2.9674337,0.7246702,2.6220942,1.0,1.1487584,-0.00989344,0.2962963,4.7435274,0.0,0.0,0.0,1.0,0.0,0,2.9640007,0.0,1.3463144,1.6142449,3.1006694,3.9503152,3.2823725,0.2833358,0.84326506,0.0
0,28,29.0,10.0,1.0,1.0,10.0,1.0,1.0,1.0,0.99996746,1.0,-0.0,0.0,-3.256388e-05,-0.0,0.18361881,1.1580435,0.63312966,4.4070735,0.7942418,2.5659688,1.0,1.1166252,-1.6356343,0.29166666,5.0076647,0.0,0.0,0.0,1.0,0.0,0,3.567933,0.0,1.1294622,2.7741604,2.2142904,3.482617,3.610755,0.5317367,1.6808923,0.0
1,28,29.0,10.0,1.0,1.0,10.0,1.0,1.0,1.0,0.9999679,1.0,-0.0,0.0,-3.2129763e-05,-0.0,0.09737741,1.1647847,0.67114234,4.6349597,0.77006865,3.198242,1.0,0.868631,-2.7100415,0.29166666,4.689517,0.0,0.0,0.0,1.0,0.0,0,3.5093935,0.0,1.1072066,2.9942904,2.0760946,4.8176937,1.5278624,0.66919976,0.90653056,0.0
2,28,29.0,10.0,1.0,1.0,10.0,1.0,1.0,1.0,0.99996877,1.0,-0.0,0.0,-3.1229825e-05,-0.0,0.3133595,1.0081768,0.58900726,4.5971384,0.7368254,2.6152194,1.0,1.5510384,-0.09792019,0.29166666,4.7922173,0.0,0.0,0.0,1.0,0.0,0,3.7686868,0.0,1.1855782,2.516381,3.1727753,3.7398963,3.7923403,0.5975692,1.006023,0.0
3,28,29.0,10.0,1.0,1.0,10.0,1.0,1.0,1.0,0.9999671,1.0,-0.0,0.0,-3.2884916e-05,-0.0,0.19068047,1.0402436,0.5707968,3.5907369,0.7317226,2.6369781,1.0,1.3370589,-0.39388704,0.2962963,4.8232307,0.0,0.0,0.0,1.0,0.0,0,3.733781,0.0,1.0131785,2.7090542,3.094153,3.982443,3.2679067,0.40479568,0.32264262,0.0
0,29,30.0,10.0,1.0,1.0,11.0,1.0,1.0,1.0,0.9999631,1.0,-0.0,0.0,-3.6882975e-05,-0.0,0.36821812,1.3555294,0.39828387,2.218128,0.7926421,2.678213,1.0,3.1556666,0.7216381,0.29166666,5.952437,0.0,0.0,0.0,1.0,0.0,0,2.997265,0.0,0.88028944,2.20151,3.1329355,3.556917,3.367001,0.61783457,1.6069022,0.0
1,29,30.0,10.0,1.0,1.0,11.0,1.0,1.0,1.0,0.9999651,1.0,-0.0,0.0,-3.495253e-05,-0.0,0.29904658,1.2497444,0.43510473,2.7159417,0.7717025,3.366608,1.0,2.2179675,-0.28688553,0.29166666,5.5874662,0.0,0.0,0.0,1.0,0.0,0,3.0537364,0.0,0.742649,2.4512963,3.0781052,4.47883,1.3909018,0.7764146,1.0834029,0.0
2,29,30.0,10.0,1.0,1.0,11.0,1.0,1.0,1.0,0.9999631,1.0,-0.0,0.0,-3.691321e-05,-0.0,0.5024176,1.2800506,0.35245234,2.3012614,0.73689175,2.7147887,1.0,3.9844277,2.3453207,0.29166666,5.7414513,0.0,0.0,0.0,1.0,0.0,0,3.0050619,0.0,1.0061203,2.0436447,3.1802144,3.9956775,3.540994,0.64492583,1.1867929,0.0
3,29,30.0,10.0,1.0,1.0,11.0,1.0,1.0,1.0,0.99996275,1.0,-0.0,0.0,-3.7259106e-05,-0.0,0.36030447,1.3209021,0.3807164,1.9065306,0.7398866,2.7110379,1.0,3.6825416,1.8448671,0.2962963,5.7275643,0.0,0.0,0.0,1.0,0.0,0,2.9163413,0.0,1.0076514,1.9147787,3.212007,3.6108882,3.2997541,0.42685223,1.2643565,0.0
0,30,31.0,10.0,1.0,1.0,12.0,1.0,1.0,0.0,0.9999681,1.0,-0.0,0.0,-3.186635e-05,-0.0,0.60688484,0.9870898,0.36981452,2.779469,0.79050267,2.8277702,1.0,5.710897,2.7981336,0.29166666,5.952437,0.0,0.0,0.0,1.0,0.0,0,3.2521174,0.0,0.96493876,2.430425,2.6562636,4.1051393,3.2252283,0.6705703,1.8450137,0.0
1,30,31.0,10.0,1.0,1.0,12.0,1.0,1.0,0.0,0.9999685,1.0,-0.0,0.0,-3.1467036e-05,-0.0,0.5503744,0.897493,0.42884266,3.1013193,0.7685349,3.5517194,1.0,4.496536,1.8016444,0.29166666,5.5874662,0.0,0.0,0.0,1.0,0.0,0,3.1432276,0.0,0.5953414,2.877587,2.4488142,4.862419,1.2965424,0.8373701,1.2686572,0.0
2,30,31.0,10.0,1.0,1.0,12.0,1.0,1.0,0.0,0.99996763,1.0,-0.0,0.0,-3.2353357e-05,-0.0,0.7139865,0.915338,0.35155118,2.9795432,0.7349982,2.8172317,1.0,6.6511297,4.261353,0.29166666,5.7414513,0.0,0.0,0.0,1.0,0.0,0,3.3802214,0.0,1.2450738,2.2381449,2.5306737,3.800376,3.4140127,0.6701897,1.3669436,0.0
3,30,31.0,10.0,1.0,1.0,12.0,1.0,1.0,0.0,0.9999655,1.0,-0.0,0.0,-3.4519962e-05,-0.0,0.5692158,0.9901559,0.337856,2.9435973,0.7471292,2.8105555,1.0,6.1570826,3.7380335,0.2962963,5.7275643,0.0,0.0,0.0,1.0,0.0,0,3.279787,0.0,1.257188,2.1084056,2.5756319,3.3900237,3.6968353,0.5051482,1.8730196,0.0
0,31,32.0,10.0,1.0,1.0,13.0,1.0,1.0,1.0,0.99997175,1.0,-0.0,0.0,-2.8257122e-05,-0.0,0.39911568,1.3111546,0.3860671,2.5978017,0.7776634,2.8760767,1.0,5.2440753,1.5510013,0.2962963,6.684728,0.0,0.0,0.0,1.0,0.0,0,3.7015421,0.0,0.29805598,3.4866412,3.9125085,4.0153823,3.137741,0.7107162,1.9550579,0.0
1,31,32.0,10.0,1.0,1.0,13.0,1.0,1.0,1.0,0.9999715,1.0,-0.0,0.0,-2.8507731e-05,-0.0,0.33862367,1.178921,0.41872948,3.0874062,0.76298296,3.6862624,1.0,4.388696,0.48331264,0.2962963,6.3589506,0.0,0.0,0.0,1.0,0.0,0,3.910055,0.0,0.54125196,3.7964628,3.0479722,5.1702566,1.0960891,0.92957056,0.8984057,0.0
2,31,32.0,10.0,1.0,1.0,13.0,1.0,1.0,1.0,0.9999714,1.0,-0.0,0.0,-2.8611126e-05,-0.0,0.4896976,1.2758442,0.34992754,2.924121,0.72686785,2.9211745,1.0,5.96358,2.6932256,0.29166666,6.4722633,0.0,0.0,0.0,1.0,0.0,0,3.8948824,0.0,0.57536006,3.4284651,3.72931,4.102885,3.2805939,0.7899226,1.4802153,0.0
3,31,32.0,10.0,1.0,1.0,13.0,1.0,1.0,1.0,0.9999726,1.0,-0.0,0.0,-2.7408918e-05,-0.0,0.3626436,1.3286937,0.3763876,2.7662015,0.74668705,2.9109743,1.0,5.665899,2.4379742,0.30092594,6.4263372,0.0,0.0,0.0,1.0,0.0,0,3.7621026,0.0,0.50447875,3.4433897,3.4411316,3.600286,3.474584,0.598579,2.0937774,0.0
0,32,33.0,10.0,1.0,1.0,14.0,1.0,1.0,1.0,0.9999643,1.0,-0.0,0.0,-3.5718447e-05,-0.0,0.42391008,1.1549697,0.5476048,3.2235959,0.768846,2.9550102,1.0,4.4929185,1.1312561,0.2962963,6.797943,0.0,0.0,0.0,1.0,0.0,0,3.9368267,0.0,0.5846653,3.6683931,3.3544917,3.779565,2.8559744,0.9001125,2.067181,0.0
1,32,33.0,10.0,1.0,1.0,14.0,1.0,1.0,1.0,0.9999686,1.0,-0.0,0.0,-3.142966e-05,-0.0,0.350425,1.0581264,0.5948208,3.8047664,0.7571008,3.754437,1.0,3.7421432,-0.045041554,0.2962963,6.458947,0.0,0.0,0.0,1.0,0.0,0,3.912306,0.0,0.47778344,3.7627518,3.2642972,4.841238,0.8890111,1.226012,1.3373421,0.0
2,32,33.0,10.0,1.0,1.0,14.0,1.0,1.0,1.0,0.9999646,1.0,-0.0,0.0,-3.5407444e-05,-0.0,0.4994061,1.0895189,0.5230541,3.4356554,0.71930826,2.9576578,1.0,5.1166115,2.1295705,0.29166666,6.601432,0.0,0.0,0.0,1.0,0.0,0,3.9994235,0.0,0.7280461,3.5736408,3.393959,3.8200572,2.954028,0.9986902,1.6766636,0.0
3,32,33.0,10.0,1.0,1.0,14.0,1.0,1.0,1.0,0.99996483,1.0,-0.0,0.0,-3.5169815e-05,-0.0,0.38679987,1.1309842,0.5077927,3.2758665,0.74441946,2.976652,1.0,5.123117,2.0586076,0.30555555,6.522806,0.0,0.0,0.0,1.0,0.0,0,3.9178689,0.0,0.80338913,3.3908687,3.3866332,3.4459324,3.0711825,0.7898258,2.3762739,0.0
0,33,34.0,10.0,1.0,1.0,15.0,1.0,1.0,1.0,0.9999636,1.0,-0.0,0.0,-3.6435376e-05,-0.0,0.49327946,1.2394234,0.40271282,3.6172364,0.7546687,3.018175,1.0,6.6062207,1.9019591,0.2962963,7.581638,0.0,0.0,0.0,1.0,0.0,0,3.943744,0.0,0.4332753,3.4399724,4.3300886,3.7432375,2.2846181,1.1251533,2.4083443,0.70257455
1,33,34.0,10.0,1.0,1.0,15.0,1.0,1.0,1.0,0.9999674,1.0,-0.0,0.0,-3.2577205e-05,-0.0,0.44597054,1.0383543,0.4560757,4.1367683,0.7457859,3.8037376,1.0,5.7755675,0.85006934,0.2962963,7.2043405,0.0,0.0,0.0,1.0,0.0,0,3.4231381,0.0,0.19715396,3.5570018,3.4899182,5.055265,0.76033854,1.3479737,1.4265872,0.03810373
2,33,34.0,10.0,1.0,1.0,15.0,1.0,1.0,0.0,0.99996406,1.0,-0.0,0.0,-3.5969333e-05,-0.0,0.5705558,1.2357373,0.4191922,3.5437763,0.71044534,3.0127234,1.0,7.0411334,2.9247096,0.29166666,6.601432,0.0,0.0,0.0,1.0,0.0,0,4.036034,0.0,1.1152277,3.2118769,2.9129632,3.7990167,2.2968273,1.3032039,1.8284887,0.040769804
3,33,34.0,10.0,1.0,1.0,15.0,1.0,1.0,1.0,0.9999679,1.0,-0.0,0.0,-3.2132844e-05,-0.0,0.47149098,1.2165551,0.3958329,3.92049,0.73415345,3.0678215,1.0,6.9320292,2.9733415,0.30555555,7.2016835,0.0,0.0,0.0,1.0,0.0,0,3.9237034,0.0,0.85439193,3.2099786,3.2824986,3.5567696,2.6087482,0.99633,2.6734393,0.16417716
0,34,35.0,10.0,1.0,1.0,16.0,1.0,1.0,1.0,0.9999703,1.0,-0.0,0.0,-2.9679124e-05,-0.0,0.35261288,1.4484665,0.39193147,3.0344698,0.74620736,3.1008146,1.0,5.9404607,0.18769783,0.30092594,8.078974,0.0,0.0,0.0,1.0,0.0,0,3.4910767,0.0,0.19273944,3.6014898,2.8036528,3.7609818,1.9846786,1.4561166,2.153404,0.0
1,34,35.0,10.0,1.0,1.0,16.0,1.0,1.0,1.0,0.99997056,1.0,-0.0,0.0,-2.9462413e-05,-0.0,0.30623823,1.2880541,0.43308997,3.5198386,0.73677695,3.8876052,1.0,5.017158,-0.75361973,0.2962963,7.732436,0.0,0.0,0.0,1.0,0.0,0,3.6797094,0.0,0.18153274,3.7678723,2.7590723,5.2151437,0.68922764,1.6794018,1.5094509,0.0
2,34,35.0,10.0,1.0,1.0,16.0,1.0,1.0,1.0,0.99997497,1.0,-0.0,0.0,-2.5018373e-05,-0.0,0.38910395,1.4044936,0.41136006,3.0537555,0.7002338,3.0881667,1.0,6.129926,0.62744784,0.2962963,7.0768847,0.0,0.0,0.0,1.0,0.0,0,3.75415,0.0,0.44039145,3.608476,2.807348,3.9623759,2.2591593,1.5887734,1.7825636,0.0
3,34,35.0,10.0,1.0,1.0,16.0,1.0,1.0,1.0,0.999971,1.0,-0.0,0.0,-2.90403e-05,-0.0,0.3371585,1.4239143,0.39142686,3.372184,0.7292214,3.1613157,1.0,6.3408437,1.2638615,0.30555555,7.7082763,0.0,0.0,0.0,1.0,0.0,0,3.566611,0.0,0.41256166,3.3609776,2.8860626,3.5342076,2.272876,1.2526934,2.1652644,0.0
0,35,36.0,10.0,1.0,1.0,17.0,1.0,1.0,0.0,0.99996877,1.0,-0.0,0.0,-3.1215008e-05,-0.0,0.5235076,1.1823889,0.487566,4.65283,0.741331,3.1441839,1.0,7.6947002,1.8758634,0.30092594,8.078974,0.0,0.0,0.0,1.0,0.0,0,3.902859,0.0,0.3801982,3.9475102,3.666262,4.0099044,1.6363691,1.5458863,2.0719197,0.0
1,35,36.0,10.0,1.0,1.0,17.0,1.0,1.0,0.0,0.99781966,1.0,-0.0,0.0,-3.1935462e-05,-0.002148372,0.507354,1.031671,0.5416369,5.128902,0.72512287,3.8948474,0.0,6.7277355,1.3943287,0.2962963,7.732436,0.0,0.0,0.0,1.0,0.0,0,3.7157273,0.0,0.0,4.233115,3.5514872,5.051262,0.72880274,1.7127991,1.6554189,0.0
2,35,36.0,10.0,1.0,1.0,17.0,1.0,1.0,0.0,0.99996907,1.0,-0.0,0.0,-3.093008e-05,-0.0,0.55187494,1.1749921,0.5246109,4.4024525,0.6900531,3.1332107,1.0,7.9111285,2.3246417,0.2962963,7.0768847,0.0,0.0,0.0,1.0,0.0,0,4.0917406,0.0,0.6083188,3.8188088,3.741911,3.885078,1.819625,1.710529,1.9928977,0.0
3,35,36.0,10.0,1.0,1.0,17.0,1.0,1.0,1.0,0.99949545,1.0,-0.0,0.0,-3.1412783e-05,-0.00047314,0.4924059,1.1641027,0.44678944,5.028388,0.7223316,3.259817,0.0,8.139117,2.8090131,0.30555555,8.141693,0.0,0.0,0.0,1.0,0.0,0,3.7360194,0.0,0.59173316,3.291456,3.70376,3.594115,1.8968896,1.2676727,2.3739777,1.391216
0,36,37.0,10.0,1.0,1.0,18.0,1.0,1.0,1.0,0.9999759,1.0,-0.0,0.0,-2.4073704e-05,-0.0,0.3877312,1.4382484,0.41435826,3.5605247,0.7267707,3.2641366,1.0,6.6335635,0.3620321,0.30092594,8.625167,0.0,0.0,0.0,1.0,0.0,0,4.036832,0.0,0.0,3.844761,3.6784682,4.268759,1.5369557,1.725019,2.5845625,0.7041538
1,36,37.0,10.0,1.0,1.0,18.0,1.0,1.0,1.0,0.99997574,1.0,-0.0,0.0,-2.4252404e-05,-0.0,0.35883337,1.3028408,0.44835424,4.057087,0.70781827,3.969307,1.0,5.7907176,-0.27034712,0.30092594,8.318035,0.0,0.0,0.0,1.0,0.0,0,3.887958,0.0,0.0,4.229365,2.9338033,5.2210298,0.80839765,1.8348143,2.2983057,0.09939729
2,36,37.0,10.0,1.0,1.0,18.0,1.0,1.0,1.0,0.99997723,1.0,-0.0,0.0,-2.2740918e-05,-0.0,0.39386004,1.3964117,0.45032972,3.303706,0.67767256,3.241757,1.0,6.5954657,0.2673352,0.2962963,7.581613,0.0,0.0,0.0,1.0,0.0,0,4.2558546,0.0,0.05244089,4.2578626,3.4672954,4.1916327,1.7082947,1.86017,2.04313,0.59643
3,36,37.0,10.0,1.0,1.0,18.0,1.0,1.0,1.0,0.9999724,1.0,-0.0,0.0,-2.758679e-05,-0.0,0.3858801,1.4112082,0.39558914,3.9756129,0.711838,3.375432,1.0,7.121581,1.4628125,0.3101852,8.6736145,0.0,0.0,0.0,1.0,0.0,0,3.8769453,0.0,0.0,3.8158493,3.4927726,3.8613336,1.8656427,1.4846952,2.7100694,0.54398626
0,37,38.0,10.0,1.0,1.0,19.0,1.0,1.0,0.0,0.99874973,1.0,-0.0,0.0,-3.3074586e-05,-0.0012172037,0.5461507,1.1688881,0.60469437,5.073032,0.71841973,3.3540287,0.0,7.3149095,2.0235693,0.30092594,8.625167,0.0,0.0,0.0,1.0,0.0,0,3.765609,0.0,0.0,4.4881616,3.3242593,4.376073,1.4081303,1.7558024,2.1751807,0.0
1,37,38.0,10.0,1.0,1.0,19.0,1.0,1.0,0.0,0.99068624,1.0,-0.0,0.0,-3.358227e-05,-0.009280199,0.518645,1.0568949,0.6345073,5.5568113,0.6981193,4.0398774,0.0,6.62963,1.5143669,0.30092594,8.318035,0.0,0.0,0.0,1.0,0.0,0,4.0239964,0.0,0.0,4.6763062,3.3443696,5.4682593,0.7911556,1.990074,1.9301239,0.0
2,37,38.0,10.0,1.0,1.0,19.0,1.0,1.0,0.0,0.99996847,1.0,-0.0,0.0,-3.150623e-05,-0.0,0.58537984,1.0961249,0.64831126,4.9562473,0.67105156,3.29564,1.0,7.51225,2.351259,0.2962963,7.581613,0.0,0.0,0.0,1.0,0.0,0,3.9735458,0.0,0.22855781,4.0429025,4.02739,3.8049304,1.3700368,2.0222263,1.7822748,0.0
3,37,38.0,10.0,1.0,1.0,19.0,1.0,1.0,0.0,0.9889014,1.0,-0.0,0.0,-3.4347937e-05,-0.011064287,0.5713526,1.1208488,0.57840127,5.663857,0.70674366,3.443848,0.0,7.9931574,3.3658044,0.3101852,8.6736145,0.0,0.0,0.0,1.0,0.0,0,3.8704097,0.0,0.30811283,4.041811,3.7494469,3.7883165,1.643516,1.6043653,2.475475,0.0
0,38,39.0,10.0,1.0,1.0,20.0,1.0,1.0,0.0,0.999972,1.0,-0.0,0.0,-2.8020018e-05,-0.0,0.4956439,1.4468269,0.62413466,4.62346,0.70503235,3.4858704,1.0,6.1304054,1.4207783,0.30092594,8.625167,0.0,0.0,0.0,1.0,0.0,0,4.068033,0.0,0.0,4.45743,2.8579478,4.260109,1.3380603,1.8716694,1.9519558,0.0
1,38,39.0,10.0,1.0,1.0,20.0,1.0,1.0,0.0,0.985707,1.0,-0.0,0.0,-2.7298433e-05,-0.014265718,0.5056847,1.2928569,0.7165193,5.8559427,0.67926615,4.173507,0.0,6.0096836,1.6946895,0.30092594,8.318035,0.0,0.0,0.0,1.0,0.0,0,4.227858,0.0,0.0,4.431632,3.4284608,5.072359,0.89023423,1.9296716,2.31773,0.37949568
2,38,39.0,10.0,1.0,1.0,20.0,1.0,1.0,0.0,0.9999732,1.0,-0.0,0.0,-2.6808388e-05,-0.0,0.5285811,1.358137,0.6555887,4.72264,0.6576848,3.4235582,1.0,6.262407,1.6758657,0.2962963,7.581613,0.0,0.0,0.0,1.0,0.0,0,4.2701354,0.0,0.0,5.070005,2.596611,4.5288897,1.1632427,2.1760213,2.096447,0.028680852
3,38,39.0,10.0,1.0,1.0,20.0,1.0,1.0,0.0,0.9987454,1.0,-0.0,0.0,-2.7135196e-05,-0.0012274989,0.49384758,1.4032906,0.59252363,5.0736494,0.6951823,3.575006,0.0,6.8679843,2.3568728,0.3101852,8.6736145,0.0,0.0,0.0,1.0,0.0,0,3.8597229,0.0,0.0,4.2843237,2.9565935,3.8952918,1.2927595,1.8202009,2.5308855,0.0
0,39,40.0,10.0,1.0,1.0,21.0,1.0,1.0,0.0,0.99000806,1.0,-0.0,0.0,-2.847999e-05,-0.009963431,0.5563762,1.3251755,0.6889813,5.5978055,0.69175565,3.615288,0.0,7.12673,1.8851413,0.30092594,8.625167,0.0,0.0,0.0,1.0,0.0,0,4.8772445,0.0,0.0,4.7343946,5.1395063,4.513138,0.9632245,2.0193658,2.5759945,0.744038
1,39,40.0,10.0,1.0,1.0,21.0,1.0,1.0,0.0,0.9679342,1.0,-0.0,0.0,-2.7926948e-05,-0.032037854,0.6331969,1.1851213,0.82246864,6.922271,0.66303045,4.2331066,0.0,6.7248783,2.8994112,0.30092594,8.318035,0.0,0.0,0.0,1.0,0.0,0,4.9691586,0.0,0.0,5.171591,4.3815117,5.578405,0.9973971,2.0824883,1.9510667,0.0
2,39,40.0,10.0,1.0,1.0,21.0,1.0,1.0,0.0,0.9917682,1.0,-0.0,0.0,-2.8764522e-05,-0.008203058,0.58552253,1.2644219,0.7478849,5.492183,0.6433548,3.5020015,0.0,7.317967,2.198358,0.2962963,7.581613,0.0,0.0,0.0,1.0,0.0,0,4.3934393,0.0,0.47513917,4.450662,3.5948503,3.9576356,1.0221078,2.0631242,1.8468285,0.37304685
3,39,40.0,10.0,1.0,1.0,21.0,1.0,1.0,0.0,0.9781755,1.0,-0.0,0.0,-2.888501e-05,-0.021795567,0.5574889,1.2850864,0.6734732,6.3077335,0.6818915,3.6905072,0.0,7.978802,2.994039,0.3101852,8.6736145,0.0,0.0,0.0,1.0,0.0,0,4.432019,0.0,0.0,4.765335,4.1687922,4.190581,0.9950148,1.9642042,2.6140814,0.0
0,40,41.0,10.0,1.0,1.0,22.0,1.0,1.0,1.0,0.99997145,1.0,-0.0,0.0,-2.8533705e-05,-0.0,0.27494133,1.618532,0.559046,4.8358364,0.6797268,3.7481766,1.0,7.1988993,-1.2968453,0.3101852,9.294526,0.0,0.0,0.0,0.0,0.0,0,4.187557,0.0,0.0,3.9106545,3.1359797,4.4622912,0.64538705,2.0939138,2.2498329,2.0834444
1,40,41.0,10.0,1.0,1.0,22.0,1.0,1.0,1.0,0.989534,1.0,-0.0,0.0,-2.8210008e-05,-0.010437795,0.37686044,1.4716126,0.6780191,5.6262674,0.64580333,4.335977,0.0,6.017833,-0.30381325,0.30092594,8.989118,0.0,0.0,0.0,0.0,0.0,0,4.4621644,0.0,0.0,4.9679728,2.7356126,5.672259,0.9394485,2.2803767,2.0806737,0.0
2,40,41.0,10.0,1.0,1.0,22.0,1.0,1.0,1.0,0.99997735,1.0,-0.0,0.0,-2.26498e-05,-0.0,0.24865158,1.6132501,0.6082046,4.4849043,0.62633085,3.6258821,1.0,7.4759574,-1.4405129,0.3101852,8.282506,0.0,0.0,0.0,0.0,0.0,0,5.3560753,0.0,0.0,4.222448,5.0802674,4.7060647,0.99052984,2.0873055,2.3676465,1.2987343
3,40,41.0,10.0,1.0,1.0,22.0,1.0,1.0,1.0,0.9915063,1.0,-0.0,0.0,-2.7282975e-05,-0.008466418,0.24529807,1.6122828,0.5471823,5.5079846,0.6695526,3.8283546,0.0,7.9622765,-0.6497698,0.3148148,9.343935,0.0,0.0,0.0,1.0,0.0,0,3.6736376,0.0,0.0,3.9841561,2.8538444,4.1218405,0.77441907,1.9853282,2.416816,0.712456
0,41,42.0,10.0,1.0,1.0,23.0,1.0,1.0,1.0,0.98186785,1.0,-0.0,0.0,-3.056365e-05,-0.018101553,0.32255387,1.3990692,0.59070534,6.0860925,0.66576815,3.8560638,0.0,8.68505,-0.6617745,0.3101852,9.708201,0.0,0.0,0.0,0.0,0.0,0,5.3767943,0.0,0.0,4.9996505,5.4381037,4.7425923,0.709288,2.2400262,2.5550988,1.101876
1,41,42.0,10.0,1.0,1.0,23.0,1.0,1.0,1.0,0.96764165,1.0,-0.0,0.0,-3.0445783e-05,-0.032327875,0.39015636,1.2698823,0.70233965,6.939672,0.63381696,4.430283,0.0,8.026147,-0.021840446,0.30555555,9.48274,0.0,0.0,0.0,0.0,0.0,0,5.6161833,0.0,0.0,4.7364264,6.6208158,5.85853,0.9623872,2.3081994,2.1452951,0.0
2,41,42.0,10.0,1.0,1.0,23.0,1.0,1.0,1.0,0.9887011,1.0,-0.0,0.0,-2.9821931e-05,-0.011269121,0.29635653,1.4225621,0.667165,5.676147,0.61325186,3.6730723,0.0,9.1167555,-0.8350099,0.3148148,8.7198305,0.0,0.0,0.0,0.0,0.0,0,5.1536984,0.0,0.0,4.8692536,5.6408806,4.6016564,1.0381187,2.0077982,2.5968647,0.67002636
3,41,42.0,10.0,1.0,1.0,23.0,1.0,1.0,1.0,0.974535,1.0,-0.0,0.0,-3.0783285e-05,-0.025434272,0.28349236,1.3648916,0.5571062,6.526056,0.65950775,3.8942444,0.0,9.218955,-0.061632134,0.3148148,9.778758,0.0,0.0,0.0,0.0,0.0,0,4.5232644,0.0,0.0,5.3436303,3.5086627,4.368919,0.46690512,2.3255744,2.7502728,0.0
0,42,43.0,10.0,1.0,1.0,24.0,1.0,1.0,1.0,0.9822602,1.0,-0.0,0.0,-3.567516e-05,-0.017704064,0.11555515,1.577477,0.52060294,6.0622435,0.65525675,3.939215,0.0,9.456065,-2.8508353,0.33333334,10.255952,0.0,0.0,0.0,0.0,0.0,0,5.1114984,0.0,0.0,4.8488264,3.9658158,4.583576,0.5927042,2.244033,2.517404,0.78704184
1,42,43.0,10.0,1.0,1.0,24.0,1.0,1.0,1.0,0.97235906,1.0,-0.0,0.0,-3.242122e-05,-0.027608506,0.18202402,1.451656,0.60218436,6.65651,0.62366354,4.5122266,0.0,8.628986,-2.262258,0.32407406,10.020922,0.0,0.0,0.0,0.0,0.0,0,5.2441115,0.0,0.0,4.8736105,4.0082483,5.4101515,1.117792,2.3379297,2.0851698,0.94889224
2,42,43.0,10.0,1.0,1.0,24.0,1.0,1.0,1.0,0.9952838,1.0,-0.0,0.0,-3.0722378e-05,-0.0046854955,0.10741912,1.5766194,0.59072644,5.2811294,0.60444796,3.723871,0.0,9.515104,-2.8150706,0.33333334,9.167583,0.0,0.0,0.0,0.0,0.0,0,4.9917617,0.0,0.0,4.4828696,4.1038694,4.198248,0.7832601,2.225521,2.239579,1.1028482
3,42,43.0,10.0,1.0,1.0,24.0,1.0,1.0,1.0,0.97678226,1.0,-0.0,0.0,-2.8529974e-05,-0.023189196,0.04999973,1.5622936,0.48478344,6.391351,0.6479948,3.998781,0.0,9.905896,-2.540094,0.3472222,10.31559,0.0,0.0,0.0,0.0,0.0,0,4.612553,0.0,0.0,4.680321,3.306075,4.1782556,0.5696077,2.1182826,2.8758652,0.873254
0,43,44.0,10.0,1.0,1.0,25.0,1.0,1.0,1.0,0.9716492,1.0,-0.0,0.0,-2.883579e-05,-0.028321905,0.052953884,1.689943,0.5515762,6.6993136,0.6423299,3.9915311,0.0,10.3107815,-3.3786922,0.3611111,10.890592,0.0,0.0,0.0,0.0,0.0,0,6.1933026,0.0,0.0,3.683034,4.9507365,4.3581066,0.519103,2.224628,2.068633,5.298425
1,43,44.0,10.0,1.0,1.0,25.0,1.0,1.0,1.0,0.96026886,1.0,-0.0,0.0,-2.8057799e-05,-0.03970308,0.07889643,1.6349952,0.6192979,7.382184,0.60490775,4.554708,0.0,9.884433,-3.2407484,0.3472222,10.835551,0.0,0.0,0.0,0.0,0.0,0,5.9972224,0.0,0.0,2.8032193,4.3811364,5.0726085,0.74536777,2.2439544,2.2138867,7.8671412
2,43,44.0,10.0,1.0,1.0,25.0,1.0,1.0,1.0,0.9883487,1.0,-0.0,0.0,-2.8703278e-05,-0.011622528,0.079883076,1.728136,0.59375817,5.697351,0.5892311,3.7667184,0.0,10.263777,-3.0000796,0.35185185,9.921418,0.0,0.0,0.0,0.0,0.0,0,6.622493,0.0,0.0,4.0367866,6.08277,4.2788963,0.95913327,1.9561669,2.1702256,3.1160715
3,43,44.0,10.0,1.0,1.0,25.0,1.0,1.0,1.0,0.97205734,1.0,-0.0,0.0,-2.8679926e-05,-0.027913973,0.0061098486,1.7199681,0.49464306,6.674838,0.6309159,4.072879,0.0,10.512379,-3.0403445,0.37962964,11.065292,0.0,0.0,0.0,0.0,0.0,0,6.235641,0.0,0.0,3.2874627,5.250123,3.8650708,0.47942862,1.9936428,2.52585,4.9023194
0,44,45.0,10.0,1.0,1.0,26.0,1.0,1.0,1.0,0.9977393,1.0,-0.0,0.0,-3.6006364e-05,-0.002224671,0.16212258,1.8527782,0.5523018,5.1334796,0.64669037,4.271401,0.0,8.508008,-3.235345,0.3611111,11.371679,0.0,0.0,0.0,0.0,0.0,0,4.0199986,0.0,0.0,4.3611565,3.33372,4.7405276,0.43526772,2.0384042,2.6598945,0.0
1,44,45.0,10.0,1.0,1.0,26.0,1.0,1.0,1.0,0.98668975,1.0,-0.0,0.0,-3.4575125e-05,-0.013275675,0.1964055,1.8204037,0.7957177,5.7965403,0.6326654,4.918189,0.0,7.5548387,-3.4385967,0.3472222,11.024551,0.0,0.0,0.0,0.0,0.0,0,4.357093,0.0,0.0,4.8868227,3.15552,5.8159685,0.7698772,2.1210299,3.4528048,0.0
2,44,45.0,10.0,1.0,1.0,26.0,1.0,1.0,1.0,0.9932433,1.0,-0.0,0.0,-3.4034205e-05,-0.006722699,0.082430616,1.7359343,0.5867524,5.4033613,0.57752377,3.8295815,0.0,9.929591,-3.2428513,0.37037036,10.598854,0.0,0.0,0.0,0.0,0.0,0,3.7893512,0.0,0.0,4.2317567,3.0595605,4.4590387,0.8375435,2.0134943,1.9506977,0.0
3,44,45.0,10.0,1.0,1.0,26.0,1.0,1.0,1.0,0.9951878,1.0,-0.0,0.0,-3.2844375e-05,-0.0047793393,0.0027304515,1.8735303,0.6017193,5.28676,0.6301291,4.2998977,0.0,8.958988,-4.274973,0.38425925,11.425262,0.0,0.0,0.0,0.0,0.0,0,3.347519,0.0,0.0,4.0762916,3.4424126,4.0236344,0.48769632,1.9962642,2.569257,0.0
0,45,46.0,10.0,1.0,1.0,27.0,1.0,1.0,1.0,0.9727482,1.0,-0.0,0.0,-2.4343106e-05,-0.02722746,0.10822788,1.7862386,0.5769158,6.633647,0.6290528,4.3776646,0.0,10.504309,-5.406956,0.42592594,12.274758,0.0,0.0,0.0,0.0,0.0,0,6.0822906,0.0,0.0,5.2625475,4.6918645,4.7037473,0.39695713,1.9470167,2.2406428,1.6785675
1,45,46.0,10.0,1.0,1.0,27.0,1.0,1.0,1.0,0.965893,1.0,-0.0,0.0,-2.7536582e-05,-0.034079507,0.0057948753,1.7615885,0.8266646,7.04073,0.61567277,5.0040393,0.0,9.227521,-5.0964065,0.37037036,11.7735815,0.0,0.0,0.0,0.0,0.0,0,3.3982112,0.0,0.0,3.820407,2.6421788,5.8997645,0.66040367,2.0417454,2.6388612,0.0
2,45,46.0,10.0,1.0,1.0,27.0,1.0,1.0,1.0,0.98840714,1.0,-0.0,0.0,-2.5326748e-05,-0.011567537,0.01849886,1.7542279,0.5996009,5.6940517,0.56411475,3.8805504,0.0,10.165098,-3.9324248,0.4027778,11.204311,0.0,0.0,0.0,0.0,0.0,0,4.446535,0.0,0.0,3.4269218,2.7153673,4.299395,0.64921784,1.9830307,1.9872067,5.110187
3,45,46.0,10.0,1.0,1.0,27.0,1.0,1.0,1.0,0.97086066,1.0,-0.0,0.0,-2.7302805e-05,-0.029112065,0.13383888,1.797036,0.6455146,6.7467237,0.61155546,4.410625,0.0,10.6544,-4.922087,0.43055555,12.16532,0.0,0.0,0.0,0.0,0.0,0,6.5227056,0.0,0.0,3.5593956,4.820536,4.175001,0.33970943,1.940913,2.3598175,4.9444933
0,46,47.0,10.0,1.0,1.0,28.0,1.0,1.0,1.0,0.9718066,1.0,-0.0,0.0,-2.9431709e-05,-0.028163979,0.1877645,1.9325625,0.572828,6.6898384,0.61484927,4.4885683,0.0,10.555026,-6.1401176,0.45833334,13.253435,0.0,0.0,0.0,0.0,0.0,0,5.9989233,0.0,0.0,3.7347405,3.612461,4.358929,0.32029933,1.8303853,2.094457,5.7792883
1,46,47.0,10.0,1.0,1.0,28.0,1.0,1.0,1.0,0.97956556,1.0,-0.0,0.0,-2.8248696e-05,-0.020406164,0.13303292,1.8711543,0.8037647,6.18323,0.60042846,5.041139,0.0,8.061413,-3.8022223,0.37962964,12.507293,0.0,0.0,0.0,0.0,0.0,0,4.3012905,0.0,0.0,4.8019695,2.9894242,6.0556154,0.74478483,2.1118224,2.7658858,0.0
2,46,47.0,10.0,1.0,1.0,28.0,1.0,1.0,1.0,0.9935088,1.0,-0.0,0.0,-2.9671719e-05,-0.006461487,0.10520127,1.8740594,0.5777588,5.3876886,0.55409914,3.9779754,0.0,9.957695,-4.7631626,0.4722222,12.180991,0.0,0.0,0.0,0.0,0.0,0,6.491536,0.0,0.0,4.013111,3.9846642,4.2298183,0.7268034,1.7343553,2.2153568,4.2809043
3,46,47.0,10.0,1.0,1.0,28.0,1.0,1.0,1.0,0.9705733,1.0,-0.0,0.0,-2.8680213e-05,-0.029398024,0.22488981,1.8511163,0.6097234,6.7638807,0.59436995,4.572892,0.0,10.750523,-6.00548,0.47685185,13.193293,0.0,0.0,0.0,0.0,0.0,0,6.024219,0.0,0.0,5.388243,5.261521,4.1660414,0.31684288,1.839527,2.470907,0.7629716
0,47,48.0,10.0,1.0,1.0,29.0,1.0,1.0,1.0,0.97613186,1.0,-0.0,0.0,-2.9519555e-05,-0.023838626,0.14134869,1.718398,0.56617886,6.430317,0.6075226,4.6327634,0.0,10.185571,-5.955561,0.5,14.171341,0.0,0.0,0.0,0.0,0.0,0,4.096094,0.0,0.0,4.625086,3.5183296,4.6469755,0.3282037,1.8525311,2.0294156,0.0
1,47,48.0,10.0,1.0,1.0,29.0,1.0,1.0,1.0,0.94966257,1.0,-0.0,0.0,-2.8354067e-05,-0.050309073,0.16670227,1.6564257,0.7990271,7.8357325,0.5933565,5.182811,0.0,10.371129,-6.635535,0.4722222,13.858917,0.0,0.0,0.0,0.0,0.0,0,7.8442516,0.0,0.0,6.6109357,4.56718,5.7735777,0.95990187,1.9058069,2.8057249,0.0
2,47,48.0,10.0,1.0,1.0,29.0,1.0,1.0,1.0,0.98265254,1.0,-0.0,0.0,-3.1643674e-05,-0.01731581,0.15450063,1.7621778,0.64553195,6.038948,0.5473199,4.110379,0.0,10.639187,-5.4448705,0.5092593,13.313715,0.0,0.0,0.0,0.0,0.0,0,6.699127,0.0,0.0,6.7472463,5.2856674,4.4853187,0.62897074,1.7112908,2.0596526,0.3487577
3,47,48.0,10.0,1.0,1.0,29.0,1.0,1.0,1.0,0.97485375,1.0,-0.0,0.0,-2.8415616e-05,-0.025117828,0.19173361,1.6207414,0.60180503,6.507069,0.58503824,4.6795073,0.0,10.365456,-6.1803207,0.5185185,14.173397,0.0,0.0,0.0,0.0,0.0,0,4.1925526,0.0,0.0,4.7611346,3.5091488,4.253793,0.32205722,1.795523,2.3472247,0.0
0,48,49.0,10.0,1.0,1.0,30.0,1.0,1.0,1.0,0.9999729,1.0,-0.0,0.0,-2.7131711e-05,-0.0,0.108803995,1.8144857,0.44593784,4.384991,0.600726,4.7630825,1.0,8.177572,-5.756634,0.5138889,14.833057,0.0,0.0,0.0,0.0,0.0,0,3.8780665,0.0,0.0,4.1986833,2.9683733,4.7657566,0.31708804,1.7934257,2.1340916,0.0
1,48,49.0,10.0,1.0,1.0,30.0,1.0,1.0,1.0,0.96441466,1.0,-0.0,0.0,-3.1304822e-05,-0.03555406,0.30884892,1.7443982,0.71905196,6.811646,0.5903079,5.3215966,0.0,9.550304,-8.189543,0.5277778,14.784341,0.0,0.0,0.0,0.0,0.0,0,3.9244215,0.0,0.0,4.440312,2.6267204,6.3389945,0.6197094,2.020531,2.8054106,0.0
2,48,49.0,10.0,1.0,1.0,30.0,1.0,1.0,1.0,0.99141973,1.0,-0.0,0.0,-2.6206457e-05,-0.008554043,0.37097204,1.8802639,0.62651706,5.5132422,0.5430795,4.258184,0.0,10.202415,-7.5169997,0.5833333,14.154443,0.0,0.0,0.0,0.0,0.0,0,6.9451613,0.0,0.0,5.0776935,3.3978424,4.2519903,0.72897714,1.6062028,2.2216752,3.961453
3,48,49.0,10.0,1.0,1.0,30.0,1.0,1.0,1.0,0.9999738,1.0,-0.0,0.0,-2.6234527e-05,-0.0,0.15936512,1.6920054,0.5045426,4.50615,0.57930267,4.8311386,1.0,8.383727,-6.1312904,0.5324074,14.813611,0.0,0.0,0.0,0.0,0.0,0,3.7321854,0.0,0.0,4.0151324,2.93919,4.3199916,0.19665046,1.8093021,2.499327,0.0
0,49,50.0,10.0,1.0,1.0,31.0,1.0,1.0,1.0,0.9729215,1.0,-0.0,0.0,-2.4332201e-05,-0.027054187,0.57447964,1.8382572,0.5649553,6.623251,0.5638001,4.4150605,0.0,10.660235,-8.745589,0.625,15.912188,0.0,0.0,0.0,0.0,0.0,0,5.104459,0.0,0.0,4.4726653,7.6327415,5.040386,1.0547086,2.253836,1.1757883,0.0
1,49,50.0,10.0,1.0,1.0,31.0,1.0,1.0,1.0,0.97861093,1.0,-0.0,0.0,-2.4895506e-05,-0.021364126,0.42531714,1.734763,0.65903807,5.857948,0.58490527,5.423899,0.0,8.742892,-9.235459,0.5972222,15.540357,0.0,0.0,0.0,0.0,0.0,0,3.513902,0.0,0.0,3.8425558,2.7592328,6.525303,0.6114566,1.9837554,2.860937,0.0
2,49,50.0,10.0,1.0,1.0,31.0,1.0,1.0,1.0,0.97987974,1.0,-0.0,0.0,-3.734427e-05,-0.020082911,0.54274297,1.8984034,0.6565764,6.204974,0.5191807,4.0811353,0.0,10.777877,-8.42228,0.6342593,14.998087,0.0,0.0,0.0,0.0,0.0,0,4.1861615,0.0,0.0,3.3538253,9.507828,5.3776636,2.199038,2.0510008,1.4877219,0.0
3,49,50.0,10.0,1.0,1.0,31.0,1.0,1.0,1.0,0.9769276,1.0,-0.0,0.0,-2.4188366e-05,-0.023048196,0.5511047,1.6548316,0.5589786,6.382891,0.53287786,4.2517443,0.0,10.522949,-8.084596,0.6203704,15.866931,0.0,0.0,0.0,0.0,0.0,0,5.764531,0.0,0.0,4.186296,6.1424737,3.648427,0.0027535218,1.2308558,1.8939927,0.0
0,50,51.0,10.0,1.0,1.0,32.0,1.0,1.0,1.0,0.981708,1.0,-0.0,0.0,-2.974863e-05,-0.018262247,0.53368175,1.7891659,0.5279842,6.095734,0.55313396,4.3408494,0.0,10.043652,-8.141854,0.6527778,16.741465,0.0,0.0,0.0,0.0,0.0,0,3.2839494,0.0,0.0,4.6334195,5.8946586,5.194184,1.4014481,2.0457497,1.5823709,0.0
1,50,51.0,10.0,1.0,1.0,32.0,1.0,1.0,1.0,0.9736251,1.0,-0.0,0.0,-2.4766003e-05,-0.026350066,0.54847413,1.7195708,0.67148435,6.5136847,0.55495065,5.0673184,0.0,9.479215,-9.475267,0.6296296,16.531662,0.0,0.0,0.0,0.0,0.0,0,4.2949185,0.0,0.0,4.057883,5.579176,6.1444354,0.7526369,1.780545,2.9332442,0.0
2,50,51.0,10.0,1.0,1.0,32.0,1.0,1.0,1.0,0.98446524,1.0,-0.0,0.0,-2.6716638e-05,-0.015508044,0.50760657,1.8055031,0.61000663,5.9304824,0.5001322,3.8811562,0.0,10.303853,-7.6174483,0.6574074,15.734991,0.0,0.0,0.0,0.0,0.0,0,3.662275,0.0,0.0,4.654309,6.74307,5.1834745,1.5274839,2.0348856,2.0418794,0.0
3,50,51.0,10.0,1.0,1.0,32.0,1.0,1.0,1.0,0.9913968,1.0,-0.0,0.0,-2.7924067e-05,-0.008575338,0.46037918,1.588175,0.5148435,5.5145197,0.52526534,4.254505,0.0,9.555799,-7.183242,0.6481481,16.574745,0.0,0.0,0.0,0.0,0.0,0,3.882618,0.0,0.0,4.3059177,3.216201,4.4684176,0.106322356,1.6490095,2.2251022,0.0
0,51,52.0,10.0,1.0,1.0,33.0,1.0,1.0,1.0,0.9999715,1.0,-0.0,0.0,-2.850139e-05,-0.0,0.24080408,1.6572978,0.3731557,3.7556877,0.5473015,4.294979,1.0,7.7109313,-6.134589,0.6574074,17.29886,0.0,0.0,0.0,0.0,0.0,0,4.2379794,0.0,0.0,4.768027,3.108803,5.250688,0.06495558,1.6816711,2.703154,0.0
1,51,52.0,10.0,1.0,1.0,33.0,1.0,1.0,1.0,0.9981035,1.0,-0.0,0.0,-2.8423796e-05,-0.0018680496,0.3392093,1.599724,0.5607262,4.666439,0.5480478,5.1120825,0.0,7.63697,-7.329679,0.6342593,17.218884,0.0,0.0,0.0,0.0,0.0,0,4.282351,0.0,0.0,4.733686,3.1720538,6.466973,0.38837948,2.0349925,2.7553911,0.0
2,51,52.0,10.0,1.0,1.0,33.0,1.0,1.0,1.0,0.9999732,1.0,-0.0,0.0,-2.6844376e-05,-0.0,0.35676733,1.6964004,0.5101831,4.903841,0.49773455,3.811756,1.0,8.911406,-6.2160325,0.6666667,16.400364,0.0,0.0,0.0,0.0,0.0,0,3.8348148,0.0,0.0,4.8093586,3.809346,4.2343345,0.6414589,1.7629343,2.315078,0.0
3,51,52.0,10.0,1.0,1.0,33.0,1.0,1.0,1.0,0.99997735,1.0,-0.0,0.0,-2.2631542e-05,-0.0,0.27038342,1.4739207,0.4255164,3.6641102,0.51281804,4.2181,1.0,7.7261877,-5.638334,0.6481481,17.180737,0.0,0.0,0.0,0.0,0.0,0,4.117813,0.0,0.0,4.647102,2.9932005,4.448714,0.020200787,1.5267386,2.2044802,0.0
0,52,53.0,10.0,1.0,1.0,34.0,1.0,1.0,1.0,0.9999781,1.0,-0.0,0.0,-2.1846863e-05,-0.0,0.23039058,1.5994052,0.31018922,2.9098983,0.5388287,4.35741,1.0,6.9056363,-6.4420476,0.6574074,18.082905,0.0,0.0,0.0,0.0,0.0,0,3.578677,0.0,0.0,4.680345,4.6470094,5.100941,0.9394885,1.861002,2.3847187,0.0
1,52,53.0,10.0,1.0,1.0,34.0,1.0,1.0,1.0,0.99766695,1.0,-0.0,0.0,-2.2014065e-05,-0.0023110514,0.11142269,1.4845936,0.45071864,2.8498292,0.54126257,5.138663,0.0,5.8869624,-5.5935774,0.6342593,17.934673,0.0,0.0,0.0,0.0,0.0,0,4.380013,0.0,0.0,4.788077,3.1887994,6.5394773,0.3326532,2.0337718,2.8236897,0.0
2,52,53.0,10.0,1.0,1.0,34.0,1.0,1.0,1.0,0.99996805,1.0,-0.0,0.0,-3.1918582e-05,-0.0,0.25105998,1.6484473,0.431419,4.3111706,0.4820275,3.7833085,1.0,7.8966,-6.290342,0.6759259,17.137808,0.0,0.0,0.0,0.0,0.0,0,3.8799834,0.0,0.0,5.204511,5.214875,4.856326,1.4177395,1.8655326,2.291235,0.0
3,52,53.0,10.0,1.0,1.0,34.0,1.0,1.0,1.0,0.9999767,1.0,-0.0,0.0,-2.3307566e-05,-0.0,0.11392776,1.4096128,0.3871416,2.4066699,0.5074058,4.2666326,1.0,6.4192424,-5.5324535,0.6527778,17.84263,0.0,0.0,0.0,0.0,0.0,0,4.294618,0.0,0.0,4.774321,3.1697502,4.529535,0.0,1.642174,2.517462,0.0
0,53,54.0,10.0,1.0,1.0,35.0,1.0,1.0,1.0,0.99996954,1.0,-0.0,0.0,-3.0443742e-05,-0.0,0.066597015,1.3030336,0.22887385,1.8005377,0.53457206,4.5245285,1.0,5.650555,-5.4517016,0.662037,18.406973,0.0,0.0,0.0,0.0,0.0,0,4.9829855,0.0,0.0,5.385428,4.210793,6.0266356,0.10273411,1.8018905,2.5818894,0.0
1,53,54.0,10.0,1.0,1.0,35.0,1.0,1.0,1.0,0.99567175,1.0,-0.0,0.0,-2.1611362e-05,-0.0043066335,0.097441114,1.1951818,0.3783203,2.0205383,0.5364275,5.2583976,0.0,5.0829177,-5.3201404,0.6435185,18.260456,0.0,0.0,0.0,0.0,0.0,0,4.343053,0.0,0.0,5.119439,3.2732003,6.9514785,0.58372724,2.0444968,2.6213908,0.0
2,53,54.0,10.0,1.0,1.0,35.0,1.0,1.0,1.0,0.9999709,1.0,-0.0,0.0,-2.9099816e-05,-0.0,0.06866604,1.3202351,0.3246558,3.6046624,0.4780055,3.9232843,1.0,6.3321795,-4.751487,0.6805556,17.473244,0.0,0.0,0.0,0.0,0.0,0,5.119433,0.0,0.0,5.700057,3.999737,4.958868,0.27155924,1.7959957,2.4238465,0.0
3,53,54.0,10.0,1.0,1.0,35.0,1.0,1.0,1.0,0.9999794,1.0,-0.0,0.0,-2.062597e-05,-0.0,0.14410672,1.0807865,0.30826542,1.662673,0.5006899,4.4633813,1.0,5.761229,-5.946086,0.662037,18.233023,0.0,0.0,0.0,0.0,0.0,0,4.5179734,0.0,0.0,5.118687,3.5953798,4.981456,0.05143659,1.6326232,2.034736,0.0
0,54,55.0,10.0,1.0,1.0,36.0,1.0,1.0,1.0,0.9999805,1.0,-0.0,0.0,-1.9495666e-05,-0.0,0.35177842,1.4355665,0.4666317,4.7789993,0.533557,4.6937065,1.0,8.39185,-7.0786767,0.6805556,19.03835,0.0,0.0,0.0,0.0,0.0,0,4.6315536,0.0,0.0,5.5110297,4.3944182,6.1772943,0.18204866,1.8899355,2.6187074,0.0
1,54,55.0,10.0,1.0,1.0,36.0,1.0,1.0,1.0,0.98145044,1.0,-0.0,0.0,-2.1141324e-05,-0.018528376,0.41889566,1.350066,0.5990415,5.5781884,0.5460246,5.5335135,0.0,8.202863,-8.202827,0.6574074,18.922173,0.0,0.0,0.0,0.0,0.0,0,4.363291,0.0,0.0,5.193596,4.2972536,6.965189,0.60024774,2.2311718,2.7640653,0.0
2,54,55.0,10.0,1.0,1.0,36.0,1.0,1.0,1.0,0.98632675,1.0,-0.0,0.0,-2.010459e-05,-0.013653171,0.37434435,1.4831921,0.58280814,5.81919,0.48157847,4.1492395,0.0,9.524604,-7.3919816,0.6805556,18.046179,0.0,0.0,0.0,0.0,0.0,0,4.623368,0.0,0.0,5.3679905,4.281181,4.7139616,0.1943315,1.9556113,2.8834963,0.0
3,54,55.0,10.0,1.0,1.0,36.0,1.0,1.0,1.0,0.9932031,1.0,-0.0,0.0,-2.1090369e-05,-0.006775818,0.49682444,1.2775578,0.5032107,5.4065485,0.49823678,4.556255,0.0,9.043722,-8.580662,0.6944444,18.974798,0.0,0.0,0.0,0.0,0.0,0,4.3992267,0.0,0.0,5.233519,4.643583,5.2184806,0.0,1.956701,2.2899046,0.0
0,55,56.0,10.0,1.0,1.0,37.0,1.0,1.0,1.0,0.999977,1.0,-0.0,0.0,-2.300166e-05,-0.0,0.06853808,1.3591083,0.2872401,2.273888,0.49188375,4.368893,1.0,5.4543104,-5.8656445,0.6805556,19.303303,0.0,0.0,0.0,0.0,0.0,0,7.366178,0.0,0.0,8.148803,5.3496127,7.398895,0.008353792,2.1831977,1.4178559,0.0
1,55,56.0,10.0,1.0,1.0,37.0,1.0,1.0,1.0,0.99699837,1.0,-0.0,0.0,-2.274279e-05,-0.0029788446,0.1035925,1.2978544,0.3609197,2.681134,0.50092417,5.1787305,0.0,5.0365667,-6.5042505,0.662037,19.23432,0.0,0.0,0.0,0.0,0.0,0,7.254832,0.0,0.0,8.066074,4.973821,8.215995,0.40809125,2.392463,1.5593053,0.0
2,55,56.0,10.0,1.0,1.0,37.0,1.0,1.0,1.0,0.9999779,1.0,-0.0,0.0,-2.2126424e-05,-0.0,0.11648014,1.3779762,0.39369786,3.9944715,0.451409,3.9412017,1.0,6.46138,-6.2221,0.6851852,18.34041,0.0,0.0,0.0,0.0,0.0,0,7.7762375,0.0,0.0,8.557338,5.553873,5.5778117,0.4851861,2.1704752,1.8158069,0.0
3,55,56.0,10.0,1.0,1.0,37.0,1.0,1.0,1.0,0.9999759,1.0,-0.0,0.0,-2.4072257e-05,-0.0,0.17039143,1.2213693,0.29025042,2.3978722,0.46670306,4.495191,1.0,5.564332,-6.823011,0.6990741,19.270996,0.0,0.0,0.0,0.0,0.0,0,7.5448513,0.0,0.0,8.150665,5.5715575,6.2297835,0.059964877,2.1888988,1.2559149,0.0
0,56,57.0,10.0,1.0,1.0,38.0,1.0,1.0,1.0,0.99997205,1.0,-0.0,0.0,-2.7972648e-05,-0.0,0.17393939,1.4595684,0.41426414,3.8150403,0.5208849,4.6221046,1.0,7.1322336,-6.526635,0.6944444,19.648817,0.0,0.0,0.0,0.0,0.0,0,4.638222,0.0,0.0,5.187173,4.116083,6.068071,0.0,1.6346744,3.1981297,0.0
1,56,57.0,10.0,1.0,1.0,38.0,1.0,1.0,1.0,0.9913755,1.0,-0.0,0.0,-2.7849937e-05,-0.008596633,0.093605,1.3690859,0.4666451,3.8560638,0.53261966,5.5157976,0.0,6.2170353,-6.0134063,0.6666667,19.542864,0.0,0.0,0.0,0.0,0.0,0,4.6511073,0.0,0.0,5.3124347,3.7649693,6.996382,0.15875985,1.9940054,2.8198547,0.0
2,56,57.0,10.0,1.0,1.0,38.0,1.0,1.0,1.0,0.9934692,1.0,-0.0,0.0,-2.8162658e-05,-0.00650266,0.26143566,1.5815494,0.56349903,5.390159,0.48105934,4.327845,0.0,8.507754,-6.8924994,0.6944444,18.805353,0.0,0.0,0.0,0.0,0.0,0,3.8747463,0.0,0.0,4.7490582,3.5179207,4.679268,0.0,1.7799144,3.2052755,0.0
3,56,57.0,10.0,1.0,1.0,38.0,1.0,1.0,1.0,0.99997085,1.0,-0.0,0.0,-2.9120549e-05,-0.0,0.2048375,1.331071,0.39952597,3.7654715,0.49561295,4.647948,1.0,7.002526,-6.6304736,0.7083333,19.622995,0.0,0.0,0.0,0.0,0.0,0,4.52845,0.0,0.0,4.908856,4.072992,5.254816,0.0,1.7062085,2.7473378,0.0
0,57,58.0,10.0,1.0,1.0,39.0,1.0,1.0,1.0,0.9999777,1.0,-0.0,0.0,-2.2294273e-05,-0.0,0.003837049,1.2854885,0.22396629,1.8109405,0.48414874,4.56998,1.0,4.9588695,-5.663696,0.6944444,19.838531,0.0,0.0,0.0,0.0,0.0,0,7.6290936,0.0,0.0,8.820275,6.0316052,8.533724,0.0,2.541206,1.9261745,0.0
1,57,58.0,10.0,1.0,1.0,39.0,1.0,1.0,1.0,0.9951306,1.0,-0.0,0.0,-2.0963093e-05,-0.004848431,0.031195767,1.289216,0.3218197,2.4261055,0.49060574,5.2909055,0.0,4.644604,-6.0681553,0.6712963,19.696934,0.0,0.0,0.0,0.0,0.0,0,6.6319733,0.0,0.0,7.4162436,4.432344,8.430836,0.28968802,2.2698247,1.9489901,0.0
2,57,58.0,10.0,1.0,1.0,39.0,1.0,1.0,1.0,0.9999776,1.0,-0.0,0.0,-2.2440785e-05,-0.0,0.005278364,1.3568145,0.33442098,4.0369697,0.44685873,4.1708803,1.0,5.857154,-5.491386,0.6944444,19.033484,0.0,0.0,0.0,0.0,0.0,0,6.822427,0.0,0.0,7.637481,4.6003785,6.2486277,0.120563015,2.1614776,1.9936626,0.0
3,57,58.0,10.0,1.0,1.0,39.0,1.0,1.0,1.0,0.9999781,1.0,-0.0,0.0,-2.1845559e-05,-0.0,0.10812394,1.1919305,0.25747567,2.0872297,0.46673548,4.707364,1.0,5.1299586,-6.453003,0.7083333,19.77907,0.0,0.0,0.0,0.0,0.0,0,7.325017,0.0,0.0,7.742675,5.404511,6.5147285,0.0,2.1187286,1.8037683,0.0
0,58,59.0,10.0,1.0,1.0,40.0,1.0,1.0,1.0,0.99997455,1.0,-0.0,0.0,-2.545848e-05,-0.0,0.02626013,1.4631393,0.2715291,2.3567152,0.5154171,4.7930675,1.0,5.3761826,-5.354543,0.6944444,19.924026,0.0,0.0,0.0,0.0,0.0,0,5.1382294,0.0,0.0,5.7452874,4.2677536,6.648426,0.0,2.0030174,3.3830771,0.0
1,58,59.0,10.0,1.0,1.0,40.0,1.0,1.0,1.0,0.9946302,1.0,-0.0,0.0,-2.4533478e-05,-0.005345242,0.078579225,1.4268894,0.33434322,2.5996087,0.50694674,5.320714,0.0,4.75242,-5.0222178,0.6712963,19.730127,0.0,0.0,0.0,0.0,0.0,0,5.3470187,0.0,0.0,6.158592,4.1132274,7.3109818,0.0,2.202591,2.7877443,0.0
2,58,59.0,10.0,1.0,1.0,40.0,1.0,1.0,1.0,0.9999723,1.0,-0.0,0.0,-2.7722752e-05,-0.0,0.014711544,1.522967,0.36429128,4.4202,0.46724048,4.3931956,1.0,6.3590927,-5.146062,0.6990741,19.058332,0.0,0.0,0.0,0.0,0.0,0,5.203647,0.0,0.0,5.8686776,4.2151246,4.904465,0.0,2.089486,3.0204308,0.0
3,58,59.0,10.0,1.0,1.0,40.0,1.0,1.0,1.0,0.9999748,1.0,-0.0,0.0,-2.5224062e-05,-0.0,0.06584097,1.3476812,0.30082542,2.4683259,0.4911095,4.834055,1.0,5.5561895,-5.893592,0.7083333,19.827574,0.0,0.0,0.0,0.0,0.0,0,5.0368915,0.0,0.0,5.5766597,4.1259813,5.6142497,0.0,1.8331264,2.8130465,0.0
0,59,60.0,10.0,1.0,1.0,41.0,1.0,1.0,1.0,0.99998116,1.0,-0.0,0.0,-1.8831059e-05,-0.0,0.14235489,1.5013578,0.38321644,3.5817878,0.49373126,4.6903696,1.0,6.687123,-6.3953633,0.6990741,20.099056,0.0,0.0,0.0,0.0,0.0,0,5.1680403,0.0,0.0,5.9864144,3.2565737,6.6939597,0.0,2.163726,2.4581065,0.0
1,59,60.0,10.0,1.0,1.0,41.0,1.0,1.0,1.0,0.9938006,1.0,-0.0,0.0,-1.9319603e-05,-0.0061800904,0.14893077,1.5098021,0.46164888,4.2362494,0.48729944,5.370805,0.0,6.3888392,-6.4988,0.6759259,19.975872,0.0,0.0,0.0,0.0,0.0,0,5.0959406,0.0,0.0,6.0284915,3.6182823,7.5045543,0.06315054,2.2865217,2.0019002,0.0
2,59,60.0,10.0,1.0,1.0,41.0,1.0,1.0,1.0,0.99982417,1.0,-0.0,0.0,-1.9885e-05,-0.00015593464,0.14714599,1.5078329,0.45964426,5.0093555,0.46053067,4.5627794,0.0,7.659526,-6.130966,0.6990741,19.192808,0.0,0.0,0.0,0.0,0.0,0,5.2597156,0.0,0.0,5.9008837,4.151728,5.3401823,0.0,2.238239,2.4268079,0.0
3,59,60.0,10.0,1.0,1.0,41.0,1.0,1.0,1.0,0.99997944,1.0,-0.0,0.0,-2.0566145e-05,-0.0,0.31343195,1.449126,0.42920405,4.334171,0.47793156,4.89825,1.0,7.327425,-7.1652317,0.712963,20.114126,0.0,0.0,0.0,0.0,0.0,0,4.797913,0.0,0.0,5.307557,3.8515708,5.5397887,0.0,2.0070982,1.9920063,0.0
0,60,61.0,10.0,1.0,1.0,42.0,1.0,1.0,1.0,0.99997556,1.0,-0.0,0.0,-2.4447923e-05,-0.0,0.1620112,1.2833369,0.3697172,3.8972588,0.47802353,4.6440716,1.0,7.094783,-6.6124024,0.7037037,20.52947,0.0,0.0,0.0,0.0,0.0,0,4.7855678,0.0,0.0,7.274024,3.4583588,9.391105,0.0,2.2542946,2.8697937,0.0
1,60,61.0,10.0,1.0,1.0,42.0,1.0,1.0,1.0,0.9951972,1.0,-0.0,0.0,-2.3488457e-05,-0.0047793393,0.17275456,1.3381714,0.49087182,4.575117,0.47473004,5.28676,0.0,6.8233457,-6.9452357,0.6805556,20.394072,0.0,0.0,0.0,0.0,0.0,0,4.691999,0.0,0.0,7.1137695,3.438969,9.479306,0.0,2.6604373,2.8220174,0.0
2,60,61.0,10.0,1.0,1.0,42.0,1.0,1.0,1.0,0.99302775,1.0,-0.0,0.0,-2.5236732e-05,-0.006947014,0.1802735,1.3387036,0.46345666,5.4168205,0.45302767,4.579906,0.0,8.1170635,-6.905664,0.7037037,19.641314,0.0,0.0,0.0,0.0,0.0,0,5.635465,0.0,0.0,7.5327315,4.043066,6.7995687,0.0,2.0291362,2.8072271,0.0
3,60,61.0,10.0,1.0,1.0,42.0,1.0,1.0,1.0,0.9999749,1.0,-0.0,0.0,-2.5096992e-05,-0.0,0.31183994,1.2884618,0.43143412,4.531272,0.47109783,4.825788,1.0,7.6336284,-8.061055,0.7222222,20.542536,0.0,0.0,0.0,0.0,0.0,0,4.0096445,0.0,0.0,6.26843,3.9118717,6.2776217,0.0,2.164119,2.7367146,0.0
0,61,62.0,10.0,1.0,1.0,43.0,1.0,1.0,1.0,0.9999759,1.0,-0.0,0.0,-2.406848e-05,-0.0,0.0031473115,1.17794,0.27894008,2.9109743,0.48249316,4.670464,1.0,6.202006,-5.90449,0.7083333,20.780914,0.0,0.0,0.0,0.0,0.0,0,4.2658496,0.0,0.0,6.604231,3.4454687,7.367252,0.0,2.5376918,2.5119853,0.0
1,61,62.0,10.0,1.0,1.0,43.0,1.0,1.0,1.0,0.99592084,1.0,-0.0,0.0,-2.3551696e-05,-0.004055624,0.0009763986,1.2348452,0.39615816,3.3844645,0.47576967,5.243337,0.0,5.878899,-5.981149,0.6851852,20.667181,0.0,0.0,0.0,0.0,0.0,0,4.6105976,0.0,0.0,6.6861024,4.016369,7.6778145,0.0,2.6275692,2.3389106,0.0
2,61,62.0,10.0,1.0,1.0,43.0,1.0,1.0,1.0,0.9999763,1.0,-0.0,0.0,-2.3705941e-05,-0.0,0.029050931,1.2704471,0.36282343,4.9559317,0.45170692,4.629552,1.0,7.15563,-5.867408,0.712963,19.968477,0.0,0.0,0.0,0.0,0.0,0,5.4774055,0.0,0.0,7.4812965,3.7796648,6.226601,0.0,2.232825,2.6337419,0.0
3,61,62.0,10.0,1.0,1.0,43.0,1.0,1.0,1.0,0.9990461,1.0,-0.0,0.0,-2.5282972e-05,-0.00092862826,0.13540536,1.0869081,0.36836028,3.1284602,0.4921193,5.0557175,0.0,6.556221,-6.9266744,0.7222222,20.696535,0.0,0.0,0.0,0.0,0.0,0,4.0091157,0.0,0.0,4.388881,4.0425763,5.1374283,0.0,1.8118728,2.942536,0.0
0,62,63.0,10.0,1.0,1.0,44.0,1.0,1.0,1.0,0.99997663,1.0,-0.0,0.0,-2.3343382e-05,-0.0,0.04640147,1.1000669,0.39440742,4.2112274,0.48576182,4.5761433,1.0,7.2232227,-5.915895,0.7175926,21.211323,0.0,0.0,0.0,0.0,0.0,0,4.147546,0.0,0.0,4.3303056,3.943759,6.5007615,0.0,1.8106909,3.301514,0.0
1,62,63.0,10.0,1.0,1.0,44.0,1.0,1.0,1.0,0.99589187,1.0,-0.0,0.0,-2.2653476e-05,-0.004085492,0.023771822,1.1627148,0.51197904,4.5473113,0.4806185,5.245129,0.0,6.8486233,-5.805011,0.6898148,21.1088,0.0,0.0,0.0,0.0,0.0,0,4.250683,0.0,0.0,4.6431217,3.791994,7.165198,0.0,1.9790143,3.13586,0.0
2,62,63.0,10.0,1.0,1.0,44.0,1.0,1.0,1.0,0.987406,1.0,-0.0,0.0,-2.3285473e-05,-0.012570664,0.09583626,1.2867169,0.45829588,5.7542396,0.46653268,4.6816816,0.0,8.208438,-6.015843,0.712963,20.509703,0.0,0.0,0.0,0.0,0.0,0,3.5469458,0.0,0.0,6.763647,3.3013093,4.8897142,0.0,1.931657,3.400418,0.0
3,62,63.0,10.0,1.0,1.0,44.0,1.0,1.0,1.0,0.99778765,1.0,-0.0,0.0,-2.332281e-05,-0.0021890686,0.050683506,1.0162385,0.45624113,3.8744938,0.49957043,5.131344,0.0,7.032017,-5.927981,0.7222222,21.134281,0.0,0.0,0.0,0.0,0.0,0,4.446557,0.0,0.0,4.799974,4.178844,5.8527966,0.0,1.6200832,3.2900093,0.0
0,63,64.0,10.0,1.0,1.0,45.0,1.0,1.0,1.0,0.99998176,1.0,-0.0,0.0,-1.822792e-05,-0.0,0.10595061,0.9965569,0.33148423,2.877437,0.44847232,4.3169775,1.0,5.8881946,-4.7875643,0.7175926,21.451763,0.0,0.0,0.0,0.0,0.0,0,5.746841,0.0,0.0,7.55414,3.604031,8.758523,0.0,1.8527489,2.5250802,0.0
1,63,64.0,10.0,1.0,1.0,45.0,1.0,1.0,1.0,0.9999818,1.0,-0.0,0.0,-1.816344e-05,-0.0,0.091052614,1.0755427,0.44088572,3.330138,0.44401246,4.986171,1.0,5.82837,-4.8598266,0.6898148,21.358858,0.0,0.0,0.0,0.0,0.0,0,5.901268,0.0,0.0,7.819971,3.8648887,9.308653,0.0,2.3500068,2.135635,0.0
2,63,64.0,10.0,1.0,1.0,45.0,1.0,1.0,1.0,0.9999775,1.0,-0.0,0.0,-2.2450107e-05,-0.0,0.038810633,1.1926717,0.37160727,4.9488177,0.4511093,4.525221,1.0,7.0480947,-5.8645067,0.7175926,20.773306,0.0,0.0,0.0,0.0,0.0,0,5.3550076,0.0,0.0,7.83925,3.2897758,6.2438784,0.0,2.0160215,3.097975,0.0
3,63,64.0,10.0,1.0,1.0,45.0,1.0,1.0,1.0,0.99584717,1.0,-0.0,0.0,-1.7593007e-05,-0.0041352315,0.069583766,1.0006664,0.40777516,2.9015472,0.49454618,5.2481136,0.0,6.260747,-7.234766,0.7314815,21.475796,0.0,0.0,0.0,0.0,0.0,0,4.8547883,0.0,0.0,6.5449643,3.1422393,7.6340475,0.0,2.1265445,2.5609052,0.0
0,64,65.0,10.0,1.0,1.0,46.0,1.0,1.0,1.0,0.9999793,1.0,-0.0,0.0,-2.0673635e-05,-0.0,0.095920265,1.1035925,0.39389396,3.8974595,0.45805472,4.2434506,1.0,6.752614,-5.2844386,0.7222222,22.053974,0.0,0.0,0.0,0.0,0.0,0,4.489142,0.0,0.0,5.0610147,3.6796134,6.5373626,0.0,1.6515589,3.8344939,0.0
1,64,65.0,10.0,1.0,1.0,46.0,1.0,1.0,1.0,0.99998,1.0,-0.0,0.0,-2.0043357e-05,-0.0,0.10796208,1.1994298,0.5094029,4.399606,0.45667878,4.9982467,1.0,6.6018553,-5.2448373,0.6944444,21.957851,0.0,0.0,0.0,0.0,0.0,0,4.410083,0.0,0.0,4.98413,3.707061,7.4387336,0.0,2.0674853,3.3125527,0.0
2,64,65.0,10.0,1.0,1.0,46.0,1.0,1.0,1.0,0.9868587,1.0,-0.0,0.0,-2.1074746e-05,-0.013120202,0.023453496,1.339799,0.47947067,5.787212,0.46422762,4.530753,0.0,8.184269,-6.2060504,0.7222222,21.37277,0.0,0.0,0.0,0.0,0.0,0,4.544341,0.0,0.0,5.208057,3.631146,5.200381,0.0,1.7174847,3.8222141,0.0
3,64,65.0,10.0,1.0,1.0,46.0,1.0,1.0,1.0,0.99687827,1.0,-0.0,0.0,-2.2013637e-05,-0.0030997107,0.033012405,1.1514466,0.43332228,3.615288,0.5026842,5.185982,0.0,6.7187223,-6.0758677,0.7314815,22.078913,0.0,0.0,0.0,0.0,0.0,0,4.5335064,0.0,0.0,5.153667,3.8077676,6.2429056,0.0,1.5662227,3.436594,0.0
0,65,66.0,10.0,1.0,1.0,47.0,1.0,1.0,1.0,0.9999824,1.0,-0.0,0.0,-1.755457e-05,-0.0,0.16415678,1.1001158,0.29196748,2.446347,0.4235466,3.8960533,1.0,5.584231,-4.9418945,0.7222222,22.515064,0.0,0.0,0.0,0.0,0.0,0,5.4384193,0.0,0.0,7.323901,3.3070695,7.8771462,0.0,1.8225714,2.63184,0.0
1,65,66.0,10.0,1.0,1.0,47.0,1.0,1.0,1.0,0.999983,1.0,-0.0,0.0,-1.701056e-05,-0.0,0.12381002,1.2653741,0.40712988,3.3714874,0.42447,4.7406754,1.0,5.8118005,-5.3087387,0.6990741,22.463173,0.0,0.0,0.0,0.0,0.0,0,4.865251,0.0,0.0,7.308104,2.5861332,8.5632105,0.0,2.1564267,2.0975864,0.0
2,65,66.0,10.0,1.0,1.0,47.0,1.0,1.0,1.0,0.9999822,1.0,-0.0,0.0,-1.7822507e-05,-0.0,0.0566341,1.1748818,0.39520022,4.7507386,0.44983295,4.4217935,1.0,6.8207293,-5.9596663,0.7222222,21.630833,0.0,0.0,0.0,0.0,0.0,0,4.8709674,0.0,0.0,6.990885,2.608011,6.2347827,0.0,2.2215092,3.3465734,0.0
3,65,66.0,10.0,1.0,1.0,47.0,1.0,1.0,1.0,0.99848163,1.0,-0.0,0.0,-1.8690089e-05,-0.0014996818,0.07753782,1.2273544,0.37542996,3.0473409,0.48297957,5.0899806,0.0,6.309007,-7.2990375,0.7361111,22.557623,0.0,0.0,0.0,0.0,0.0,0,4.9767094,0.0,0.0,7.1048193,2.8207383,7.6874146,0.0,1.9048926,2.5348425,0.0
0,66,67.0,10.0,1.0,1.0,48.0,1.0,1.0,1.0,0.9999774,1.0,-0.0,0.0,-2.2578915e-05,-0.0,0.3609028,1.0700339,0.36224642,3.029048,0.4260743,3.7946715,1.0,5.7178597,-2.7923174,0.7222222,22.93538,0.0,0.0,0.0,0.0,0.0,0,4.644231,0.0,0.0,5.02428,3.835703,6.7498136,0.0,1.6699358,3.805796,0.0
1,66,67.0,10.0,1.0,1.0,48.0,1.0,1.0,1.0,0.9999769,1.0,-0.0,0.0,-2.3098864e-05,-0.0,0.42366868,1.1156894,0.4749619,3.2846959,0.42845485,4.584348,1.0,5.4039216,-2.4996493,0.6990741,22.735329,0.0,0.0,0.0,0.0,0.0,0,4.770782,0.0,0.0,5.1450524,4.0049176,7.377168,0.0,1.9183266,3.669724,0.0
2,66,67.0,10.0,1.0,1.0,48.0,1.0,1.0,1.0,0.9999765,1.0,-0.0,0.0,-2.3500033e-05,-0.0,0.41158572,0.98543453,0.48440444,4.926778,0.4618194,4.468465,1.0,6.1426096,-3.583121,0.7222222,21.944818,0.0,0.0,0.0,0.0,0.0,0,4.6139083,0.0,0.0,4.8530464,4.090238,5.475009,0.0,1.8377817,4.022396,0.0
3,66,67.0,10.0,1.0,1.0,48.0,1.0,1.0,1.0,0.99921644,1.0,-0.0,0.0,-2.2889004e-05,-0.00076069095,0.4541278,0.9839656,0.44413,1.8641846,0.49354747,5.045641,0.0,4.8534102,-3.468087,0.7361111,22.847198,0.0,0.0,0.0,0.0,0.0,0,4.97835,0.0,0.0,5.51087,4.001591,6.4722013,0.0,1.7169731,3.4786172,0.0
0,67,68.0,10.0,1.0,1.0,49.0,1.0,1.0,1.0,0.99998295,1.0,-0.0,0.0,-1.7019476e-05,-0.0,0.46986118,0.7160896,0.61405236,3.5344863,0.43687811,3.9120944,1.0,4.023652,-3.227315,0.7222222,23.332329,0.0,0.0,0.0,0.0,0.0,0,3.7551796,0.0,0.0,3.5507212,3.0410955,7.1003265,0.0,1.8904159,3.997232,0.0
1,67,68.0,10.0,1.0,1.0,49.0,1.0,1.0,1.0,0.99998385,1.0,-0.0,0.0,-1.613206e-05,-0.0,0.5367123,0.71084124,0.7056832,3.4214997,0.43581733,4.621766,1.0,3.9297938,-2.6355972,0.6990741,23.120455,0.0,0.0,0.0,0.0,0.0,0,3.8682,0.0,0.0,3.8100588,2.9101114,7.5701203,0.0,1.7959362,3.618563,0.0
2,67,68.0,10.0,1.0,1.0,49.0,1.0,1.0,1.0,0.99589443,1.0,-0.0,0.0,-1.7559554e-05,-0.004087975,0.50767773,0.6576928,0.6438323,5.245278,0.4730646,4.592879,0.0,4.5558662,-3.465996,0.7222222,22.207563,0.0,0.0,0.0,0.0,0.0,0,3.967027,0.0,0.0,4.4265146,2.670597,5.784787,0.0,1.8798249,3.957315,0.0
3,67,68.0,10.0,1.0,1.0,49.0,1.0,1.0,1.0,0.9978721,1.0,-0.0,0.0,-1.772903e-05,-0.0021102012,0.48795158,0.6789876,0.62108773,2.0026393,0.503656,5.1266117,0.0,3.796533,-3.7289932,0.7361111,23.042934,0.0,0.0,0.0,0.0,0.0,0,3.7712004,0.0,0.0,3.8372002,2.9145918,6.8439727,0.0,1.8499757,3.6309855,0.0
0,68,69.0,10.0,1.0,1.0,50.0,1.0,1.0,1.0,0.99855155,1.0,-0.0,0.0,-2.0564903e-05,-0.0014278723,0.817712,0.74576664,0.9506648,5.085672,0.4356053,3.9102929,0.0,3.5649114,-0.28189737,0.7222222,23.496489,0.0,0.0,0.0,0.0,0.0,0,4.6544104,0.0,0.0,5.0441813,3.734175,7.5303197,0.0,1.9123262,3.8462534,0.0
1,68,69.0,10.0,1.0,1.0,50.0,1.0,1.0,1.0,0.99302936,1.0,-0.0,0.0,-2.1223714e-05,-0.0069494257,0.77603126,0.73966694,1.0168287,5.416965,0.42894548,4.503543,0.0,3.8410928,-0.5318811,0.6990741,23.242067,0.0,0.0,0.0,0.0,0.0,0,5.2378883,0.0,0.0,5.2762356,4.339998,7.75629,0.0,2.0375478,3.5616465,0.0
2,68,69.0,10.0,1.0,1.0,50.0,1.0,1.0,1.0,0.9793648,1.0,-0.0,0.0,-2.1513131e-05,-0.020613689,0.8254223,0.6383162,0.9919627,6.2368207,0.4790619,4.641711,0.0,4.1868486,-1.1403458,0.7222222,22.36641,0.0,0.0,0.0,0.0,0.0,0,5.3655014,0.0,0.0,5.398461,4.4620795,6.0852175,0.0,2.144384,3.9047954,0.0
3,68,69.0,10.0,1.0,1.0,50.0,1.0,1.0,1.0,0.9999787,1.0,-0.0,0.0,-2.1252801e-05,-0.0,0.8293487,0.5704941,0.9126456,3.2050877,0.49365795,4.9940157,1.0,3.1947563,-0.85537976,0.7361111,23.149538,0.0,0.0,0.0,0.0,0.0,0,4.8789606,0.0,0.0,5.5110188,3.7721424,7.1632423,0.0,1.9599203,3.513954,0.0
0,69,70.0,10.0,1.0,1.0,51.0,1.0,1.0,1.0,0.9999813,1.0,-0.0,0.0,-1.8739956e-05,-0.0,0.5740985,0.70869386,0.7910462,3.9300628,0.4149995,3.7959094,1.0,3.8178263,-2.7828627,0.7222222,24.167778,0.0,0.0,0.0,0.0,0.0,0,4.066174,0.0,0.0,7.2007966,1.0196562,8.576831,0.0,2.028567,3.3537943,0.0
1,69,70.0,10.0,1.0,1.0,51.0,1.0,1.0,1.0,0.99998176,1.0,-0.0,0.0,-1.8210156e-05,-0.0,0.54909027,0.7235847,0.8701944,4.4038754,0.39936426,4.226444,1.0,4.081015,-2.8033051,0.6990741,23.929451,0.0,0.0,0.0,0.0,0.0,0,4.505801,0.0,0.0,7.2239943,2.078746,8.988048,0.0,2.3226054,2.942469,0.0
2,69,70.0,10.0,1.0,1.0,51.0,1.0,1.0,1.0,0.99537516,1.0,-0.0,0.0,-1.8456218e-05,-0.004606393,0.45833215,0.6827788,0.8494819,5.2763834,0.47897556,4.6943736,0.0,5.0811057,-5.436386,0.7222222,23.0539,0.0,0.0,0.0,0.0,0.0,0,3.4134023,0.0,0.0,5.2697644,2.4203618,6.3038187,0.0,2.1613555,3.763866,0.0
3,69,70.0,10.0,1.0,1.0,51.0,1.0,1.0,1.0,0.9999823,1.0,-0.0,0.0,-1.7690683e-05,-0.0,0.47758335,0.72408414,0.77021635,2.371284,0.48196226,4.8779087,1.0,3.961063,-4.6043916,0.7361111,23.802204,0.0,0.0,0.0,0.0,0.0,0,3.4320872,0.0,0.0,4.737224,2.882982,7.085621,0.0,2.0375211,3.5905654,0.0
0,70,71.0,10.0,1.0,1.0,52.0,1.0,1.0,1.0,0.999975,1.0,-0.0,0.0,-2.4999825e-05,-0.0,0.5609386,0.99815184,0.7705394,4.590492,0.40060905,3.4858704,1.0,5.467982,-2.4573748,0.7222222,24.63464,0.0,0.0,0.0,0.0,0.0,0,5.289368,0.0,0.0,5.651703,3.7371013,7.852759,0.0,1.9550536,3.2336001,0.0
1,70,71.0,10.0,1.0,1.0,52.0,1.0,1.0,1.0,0.9999775,1.0,-0.0,0.0,-2.2480106e-05,-0.0,0.6281659,1.0249499,0.839022,4.953087,0.38721907,3.9598293,1.0,5.354964,-1.6516699,0.6990741,24.472595,0.0,0.0,0.0,0.0,0.0,0,5.570865,0.0,0.0,5.8994966,3.8989475,8.094328,0.0,2.0643616,3.1087108,0.0
2,70,71.0,10.0,1.0,1.0,52.0,1.0,1.0,1.0,0.9894728,1.0,-0.0,0.0,-2.4504847e-05,-0.010502725,0.39404333,1.0088136,0.8761965,5.630163,0.47295058,4.540247,0.0,6.9493537,-6.0239863,0.7222222,23.531229,0.0,0.0,0.0,0.0,0.0,0,5.364522,0.0,0.0,5.7289896,3.998275,6.975838,0.0,1.9747164,3.6466606,0.0
3,70,71.0,10.0,1.0,1.0,52.0,1.0,1.0,1.0,0.99997514,1.0,-0.0,0.0,-2.4849302e-05,-0.0,0.3125515,1.1166162,0.7410291,4.133929,0.4636751,4.606155,1.0,6.1790457,-5.6415257,0.7361111,24.354778,0.0,0.0,0.0,0.0,0.0,0,4.950054,0.0,0.0,5.2979083,4.0222297,7.556214,0.0,1.906011,3.4067502,0.0
0,71,72.0,10.0,1.0,1.0,53.0,1.0,1.0,1.0,0.9999813,1.0,-0.0,0.0,-1.86874e-05,-0.0,0.5267352,0.9972579,0.6157383,2.67031,0.3577034,3.103338,1.0,3.9989493,-3.1902325,0.7222222,24.979431,0.0,0.0,0.0,0.0,0.0,0,6.0587344,0.0,0.0,7.379146,3.0749583,8.572787,0.0,2.1527584,2.649067,0.0
1,71,72.0,10.0,1.0,1.0,53.0,1.0,1.0,1.0,0.9999815,1.0,-0.0,0.0,-1.8483319e-05,-0.0,0.5014185,1.0939008,0.6819669,3.0552936,0.35179004,3.608786,1.0,4.199785,-3.1796982,0.6990741,24.826574,0.0,0.0,0.0,0.0,0.0,0,6.1456194,0.0,0.0,7.2840867,3.1331885,8.814683,0.0,2.290765,2.3735635,0.0
2,71,72.0,10.0,1.0,1.0,53.0,1.0,1.0,1.0,0.99998236,1.0,-0.0,0.0,-1.7644013e-05,-0.0,0.3205288,1.0242583,0.7192877,3.8381572,0.44419757,4.2460327,1.0,5.4631414,-7.07641,0.7222222,23.872536,0.0,0.0,0.0,0.0,0.0,0,5.9549737,0.0,0.0,7.2745557,2.9710255,6.456806,0.0,2.5483384,3.1744862,0.0
3,71,72.0,10.0,1.0,1.0,53.0,1.0,1.0,1.0,0.9999817,1.0,-0.0,0.0,-1.8292532e-05,-0.0,0.3179647,1.1655785,0.57143074,1.8662829,0.4312849,4.3715806,1.0,4.4582133,-5.955618,0.7361111,24.720116,0.0,0.0,0.0,0.0,0.0,0,5.8621655,0.0,0.0,7.1621056,3.333626,7.777544,0.0,2.3150854,2.9290938,0.0
0,72,73.0,10.0,1.0,1.0,54.0,1.0,1.0,1.0,0.9999826,1.0,-0.0,0.0,-1.7417271e-05,-0.0,0.32435244,1.3270049,0.680171,4.6801763,0.36663035,3.0578544,1.0,6.546822,-4.5280123,0.7222222,25.484705,0.0,0.0,0.0,0.0,0.0,0,5.126833,0.0,0.0,5.4347486,4.0957937,8.22697,0.0,2.2251701,3.7738097,0.0
1,72,73.0,10.0,1.0,1.0,54.0,1.0,1.0,1.0,0.9930914,1.0,-0.0,0.0,-1.6991144e-05,-0.0068915896,0.3048241,1.4105588,0.78377455,5.413495,0.36514708,3.621994,0.0,6.5482597,-4.480364,0.6990741,25.301224,0.0,0.0,0.0,0.0,0.0,0,5.362478,0.0,0.0,5.583203,4.086268,8.460729,0.0,2.3221793,3.3665895,0.0
2,72,73.0,10.0,1.0,1.0,54.0,1.0,1.0,1.0,0.995133,1.0,-0.0,0.0,-1.8623638e-05,-0.004848431,0.20207353,1.334413,0.8073292,5.2909055,0.46161082,4.327121,0.0,7.5972667,-7.0824146,0.7222222,24.348501,0.0,0.0,0.0,0.0,0.0,0,5.182946,0.0,0.0,5.672268,3.8785913,7.040603,0.0,2.1514065,3.916262,0.0
3,72,73.0,10.0,1.0,1.0,54.0,1.0,1.0,1.0,0.999982,1.0,-0.0,0.0,-1.802411e-05,-0.0,0.33720285,1.4655997,0.62043285,3.9400098,0.43761745,4.294432,1.0,6.0542727,-5.090223,0.7361111,25.181732,0.0,0.0,0.0,0.0,0.0,0,5.480618,0.0,0.0,6.0411134,4.3705497,7.844942,0.0,1.9933871,3.761914,0.0
0,73,74.0,10.0,1.0,1.0,55.0,1.0,1.0,1.0,0.9999834,1.0,-0.0,0.0,-1.6650345e-05,-0.0,0.3093127,1.2646954,0.53503233,2.598404,0.34230387,2.8498292,1.0,4.988059,-5.1996794,0.7222222,25.832745,0.0,0.0,0.0,0.0,0.0,0,5.980451,0.0,0.0,7.186342,3.0563154,8.68674,0.0,2.266896,2.6831226,0.0
1,73,74.0,10.0,1.0,1.0,55.0,1.0,1.0,1.0,0.9999839,1.0,-0.0,0.0,-1.6099608e-05,-0.0,0.35578573,1.3200243,0.6314017,3.0729206,0.34626728,3.4130242,1.0,4.727499,-4.5696125,0.6990741,25.61838,0.0,0.0,0.0,0.0,0.0,0,5.923218,0.0,0.0,7.3037376,2.8893623,8.985704,0.0,2.4951758,2.5013049,0.0
2,73,74.0,10.0,1.0,1.0,55.0,1.0,1.0,1.0,0.9999838,1.0,-0.0,0.0,-1.622762e-05,-0.0,0.17758645,1.2889574,0.6570199,3.4031475,0.44652513,4.1826887,1.0,5.9217544,-7.860503,0.7222222,24.701353,0.0,0.0,0.0,0.0,0.0,0,5.8203444,0.0,0.0,7.2569847,2.8508341,6.599567,0.0,2.308312,3.0148046,0.0
3,73,74.0,10.0,1.0,1.0,55.0,1.0,1.0,1.0,0.99998456,1.0,-0.0,0.0,-1.5450716e-05,-0.0,0.16132537,1.4938366,0.5193173,2.8163981,0.4212338,4.162614,1.0,5.202248,-7.1512766,0.7361111,25.50748,0.0,0.0,0.0,0.0,0.0,0,5.868178,0.0,0.0,6.8010335,3.1844637,7.7983346,0.0,2.3440335,3.043242,0.0
0,74,75.0,10.0,1.0,1.0,56.0,1.0,1.0,1.0,0.9999812,1.0,-0.0,0.0,-1.8793284e-05,-0.0,0.36170185,1.7657899,0.53445303,3.382845,0.32859927,2.525381,1.0,5.6281037,-2.9728208,0.7222222,26.56917,0.0,0.0,0.0,0.0,0.0,0,6.0054197,0.0,0.0,6.302481,4.3191633,8.608283,0.0,1.9348099,3.4325817,0.0
1,74,75.0,10.0,1.0,1.0,56.0,1.0,1.0,1.0,0.9999813,1.0,-0.0,0.0,-1.8732504e-05,-0.0,0.3406819,1.8935673,0.6486834,4.3835626,0.33121443,3.0591342,1.0,5.803059,-2.9893742,0.6990741,26.31911,0.0,0.0,0.0,0.0,0.0,0,5.9778943,0.0,0.0,6.327467,4.1780643,8.786401,0.0,1.979076,3.215262,0.0
2,74,75.0,10.0,1.0,1.0,56.0,1.0,1.0,1.0,0.9999807,1.0,-0.0,0.0,-1.9303101e-05,-0.0,0.23997128,1.7711738,0.65287924,3.802503,0.43633598,3.8653913,1.0,6.3968134,-5.294834,0.7222222,25.39785,0.0,0.0,0.0,0.0,0.0,0,5.97505,0.0,0.0,6.342648,4.33556,7.139285,0.0,2.4197876,3.9407148,0.0
3,74,75.0,10.0,1.0,1.0,56.0,1.0,1.0,1.0,0.99998176,1.0,-0.0,0.0,-1.8215944e-05,-0.0,0.23247823,1.954544,0.5221726,3.808674,0.41505173,3.914695,1.0,5.7243342,-4.143712,0.7361111,26.302675,0.0,0.0,0.0,0.0,0.0,0,5.635558,0.0,0.0,5.9842167,4.398276,8.3762,0.0,1.9532852,3.6391578,0.0
0,75,76.0,10.0,1.0,1.0,57.0,1.0,1.0,1.0,0.9999862,1.0,-0.0,0.0,-1.3799291e-05,-0.0,0.4606165,1.6609589,0.448931,1.7623118,0.30252865,2.1598432,1.0,4.370718,-2.4901247,0.7222222,27.018023,0.0,0.0,0.0,0.0,0.0,0,5.585201,0.0,0.0,5.5284224,3.513624,8.513458,0.0,2.0435407,2.9528677,0.0
1,75,76.0,10.0,1.0,1.0,57.0,1.0,1.0,1.0,0.99998564,1.0,-0.0,0.0,-1.4385049e-05,-0.0,0.47117954,1.8314304,0.53225654,2.659442,0.3064818,2.6635594,1.0,4.4968405,-2.204491,0.6990741,26.761526,0.0,0.0,0.0,0.0,0.0,0,5.7845693,0.0,0.0,5.688595,3.5128877,8.670377,0.0,2.091944,2.7570496,0.0
2,75,76.0,10.0,1.0,1.0,57.0,1.0,1.0,1.0,0.9999862,1.0,-0.0,0.0,-1.3855049e-05,-0.0,0.33925736,1.6989095,0.55397636,2.5247612,0.42361194,3.6747773,1.0,5.043914,-4.6923347,0.7222222,25.83021,0.0,0.0,0.0,0.0,0.0,0,5.571167,0.0,0.0,5.731395,3.2926927,7.227322,0.0,2.1380599,3.3954144,0.0
3,75,76.0,10.0,1.0,1.0,57.0,1.0,1.0,1.0,0.99998647,1.0,-0.0,0.0,-1.3535075e-05,-0.0,0.37045366,1.8551469,0.43939346,2.1210809,0.39835912,3.6707275,1.0,4.3464527,-3.6203713,0.7361111,26.785301,0.0,0.0,0.0,0.0,0.0,0,5.324044,0.0,0.0,5.385608,3.401692,8.294147,0.0,2.142471,3.5495892,0.0
0,76,77.0,10.0,1.0,1.0,58.0,1.0,1.0,1.0,0.99998444,1.0,-0.0,0.0,-1.5557222e-05,-0.0,0.61604154,1.5830951,0.434004,0.76820856,0.2875063,1.8725632,1.0,3.4076622,-1.2461226,0.7222222,27.669552,0.0,0.0,0.0,0.0,0.0,0,5.9171524,0.0,0.0,5.9586663,3.8508337,8.440669,0.0,2.0443096,2.8629339,0.0
1,76,77.0,10.0,1.0,1.0,58.0,1.0,1.0,1.0,0.99998426,1.0,-0.0,0.0,-1.5747084e-05,-0.0,0.6615788,1.7166104,0.49647504,1.3240948,0.29636616,2.4079704,1.0,3.4086387,-0.478046,0.6990741,27.451797,0.0,0.0,0.0,0.0,0.0,0,5.6460886,0.0,0.0,6.0655804,3.3054647,8.791658,0.0,2.1369286,2.7196753,0.0
2,76,77.0,10.0,1.0,1.0,58.0,1.0,1.0,1.0,0.99998385,1.0,-0.0,0.0,-1.6150309e-05,-0.0,0.52066517,1.6006638,0.51971513,2.2607696,0.41120458,3.3925498,1.0,3.8438447,-2.4879427,0.7222222,26.469309,0.0,0.0,0.0,0.0,0.0,0,5.7507787,0.0,0.0,6.0132484,3.6128628,7.208813,0.0,2.2116222,3.447325,0.0
3,76,77.0,10.0,1.0,1.0,58.0,1.0,1.0,1.0,0.9999842,1.0,-0.0,0.0,-1.582377e-05,-0.0,0.5339079,1.7825779,0.4429195,1.0921613,0.3875827,3.459949,1.0,3.4800904,-1.9069333,0.7361111,27.452358,0.0,0.0,0.0,0.0,0.0,0,5.614381,0.0,0.0,5.713126,3.8417141,8.386593,0.0,2.0893807,3.391652,0.0
0,77,78.0,10.0,1.0,1.0,59.0,1.0,1.0,1.0,0.9999859,1.0,-0.0,0.0,-1.4138459e-05,-0.0,0.49682558,1.5662802,0.51145315,1.3636987,0.28398627,1.7649747,1.0,3.6921525,-1.8828995,0.7222222,28.250679,0.0,0.0,0.0,0.0,0.0,0,5.3906965,0.0,0.0,5.449382,3.390104,8.546697,0.0,1.9337935,2.9185693,0.0
1,77,78.0,10.0,1.0,1.0,59.0,1.0,1.0,1.0,0.9999863,1.0,-0.0,0.0,-1.3698289e-05,-0.0,0.6188154,1.6909912,0.5564496,1.55365,0.29718977,2.27664,1.0,3.495472,-0.7727947,0.6990741,28.037823,0.0,0.0,0.0,0.0,0.0,0,5.9235787,0.0,0.0,5.9012027,3.739051,8.828896,0.0,2.042759,2.4892979,0.0
2,77,78.0,10.0,1.0,1.0,59.0,1.0,1.0,1.0,0.9999854,1.0,-0.0,0.0,-1.4578406e-05,-0.0,0.4753422,1.5595626,0.59011304,2.5488288,0.4204114,3.4065962,1.0,3.8692827,-3.0085537,0.7222222,27.079062,0.0,0.0,0.0,0.0,0.0,0,5.4962525,0.0,0.0,5.506617,3.6898513,7.257711,0.0,2.126381,3.1405215,0.0
3,77,78.0,10.0,1.0,1.0,59.0,1.0,1.0,1.0,0.99998564,1.0,-0.0,0.0,-1.4387888e-05,-0.0,0.42755082,1.7935282,0.50935984,1.0993043,0.39074314,3.3796039,1.0,3.7653039,-2.6081653,0.7361111,28.027668,0.0,0.0,0.0,0.0,0.0,0,5.286539,0.0,0.0,5.308899,3.6958642,8.417181,0.0,2.2355692,3.37015,0.0
0,78,79.0,10.0,1.0,1.0,60.0,1.0,1.0,1.0,0.9915016,1.0,-0.0,0.0,-1.3008425e-05,-0.008485379,0.27677977,1.7094917,0.710923,5.5091224,0.28339702,1.6503879,0.0,7.4887557,-2.5129392,0.7222222,28.638876,0.0,0.0,0.0,0.0,0.0,0,5.0704775,0.0,0.0,5.4101286,4.1086946,7.91059,0.0,1.9271681,2.8548715,0.0
1,78,79.0,10.0,1.0,1.0,60.0,1.0,1.0,1.0,0.98735684,1.0,-0.0,0.0,-1.3538451e-05,-0.012629617,0.41901097,1.8089374,0.77496815,5.7577767,0.30334926,2.2718215,0.0,6.9574213,-1.1741277,0.6990741,28.384882,0.0,0.0,0.0,0.0,0.0,0,5.372933,0.0,0.0,5.4570513,4.287421,7.998144,0.0,2.0860128,2.9883385,0.0
2,78,79.0,10.0,1.0,1.0,60.0,1.0,1.0,1.0,0.99998623,1.0,-0.0,0.0,-1.3744597e-05,-0.0,0.38743988,1.65039,0.7698601,4.7749023,0.43180013,3.3465517,1.0,7.123096,-2.7005208,0.7222222,27.402868,0.0,0.0,0.0,0.0,0.0,0,5.401916,0.0,0.0,5.5455337,4.3845344,7.1435757,0.0,2.2606037,3.5761526,0.0
3,78,79.0,10.0,1.0,1.0,60.0,1.0,1.0,1.0,0.999987,1.0,-0.0,0.0,-1.2964665e-05,-0.0,0.3321439,1.9069638,0.6431802,4.861671,0.39323452,3.1953037,1.0,6.8306146,-2.2401507,0.7361111,28.377645,0.0,0.0,0.0,0.0,0.0,0,5.2143645,0.0,0.0,5.494398,4.3034773,7.8510337,0.0,2.1179693,3.7681694,0.0
0,79,80.0,10.0,1.0,1.0,61.0,1.0,1.0,1.0,0.9999842,1.0,-0.0,0.0,-1.5817906e-05,-0.0,0.31590724,1.5647091,0.56697655,3.143686,0.26414996,1.2385764,1.0,5.4652934,-2.8870609,0.7222222,28.92797,0.0,0.0,0.0,0.0,0.0,0,6.697583,0.0,0.0,7.4321537,3.689563,8.801456,0.0,2.328764,2.7554958,0.0
1,79,80.0,10.0,1.0,1.0,61.0,1.0,1.0,1.0,0.99998385,1.0,-0.0,0.0,-1.6166929e-05,-0.0,0.37455708,1.6897792,0.648137,3.694959,0.2936663,1.9175833,1.0,5.3251667,-2.3414688,0.6990741,28.662714,0.0,0.0,0.0,0.0,0.0,0,6.1610465,0.0,0.0,7.173919,3.0129535,8.904332,0.0,2.4758065,1.9365963,0.0
2,79,80.0,10.0,1.0,1.0,61.0,1.0,1.0,1.0,0.99998486,1.0,-0.0,0.0,-1.51231125e-05,-0.0,0.2142787,1.6140703,0.66347706,3.3294327,0.40803558,2.924656,1.0,5.9536457,-4.8092723,0.7222222,27.735645,0.0,0.0,0.0,0.0,0.0,0,6.178486,0.0,0.0,7.6318235,2.5466561,7.7486506,0.0,2.1387115,2.369135,0.0
3,79,80.0,10.0,1.0,1.0,61.0,1.0,1.0,1.0,0.9999855,1.0,-0.0,0.0,-1.4481e-05,-0.0,0.22633336,1.863013,0.5309492,3.2218957,0.365718,2.780877,1.0,5.4651504,-3.4406538,0.7361111,28.715961,0.0,0.0,0.0,0.0,0.0,0,6.4827523,0.0,0.0,7.1692233,3.5845087,7.787301,0.0,2.227725,2.9268682,0.0
0,80,81.0,10.0,1.0,1.0,62.0,1.0,1.0,1.0,0.9999811,1.0,-0.0,0.0,-1.8865985e-05,-0.0,0.5121536,1.6411593,0.678516,4.7233033,0.27356958,1.3175764,1.0,6.4867315,0.5146181,0.7222222,29.264488,0.0,0.0,0.0,0.0,0.0,0,5.998065,0.0,0.0,6.069552,4.8638654,8.330562,0.0,1.9293859,3.0210872,0.0
1,80,81.0,10.0,1.0,1.0,62.0,1.0,1.0,1.0,0.98449016,1.0,-0.0,0.0,-1.9439836e-05,-0.015490442,0.4189141,1.8264532,0.7926964,5.929426,0.31138298,2.036359,0.0,6.9684367,0.36918557,0.6990741,29.073282,0.0,0.0,0.0,0.0,0.0,0,5.836647,0.0,0.0,5.954028,4.6983066,8.050121,0.0,2.1618948,2.094903,0.0
2,80,81.0,10.0,1.0,1.0,62.0,1.0,1.0,1.0,0.9957388,1.0,-0.0,0.0,-1.9104946e-05,-0.004242081,0.2643995,1.7490096,0.7958828,5.254524,0.41642323,2.8681731,0.0,7.5893593,-3.2822514,0.7222222,28.152168,0.0,0.0,0.0,0.0,0.0,0,5.7843595,0.0,0.0,5.756254,4.7206626,7.1812997,0.0,1.9307873,3.6233213,0.0
3,80,81.0,10.0,1.0,1.0,62.0,1.0,1.0,1.0,0.99466574,1.0,-0.0,0.0,-1.8464958e-05,-0.005315808,0.2589125,1.9882252,0.6508945,5.3189483,0.3764697,2.685218,0.0,7.0831327,-2.5174446,0.7361111,29.12097,0.0,0.0,0.0,0.0,0.0,0,5.5488896,0.0,0.0,5.986482,4.6383433,7.8842273,0.0,2.0420818,3.4878047,0.0
0,81,82.0,10.0,1.0,1.0,63.0,1.0,1.0,1.0,0.99998343,1.0,-0.0,0.0,-1.659282e-05,-0.0,0.23595467,1.6092803,0.600501,3.623939,0.2769239,1.2110986,1.0,5.8973083,-2.613848,0.7222222,29.730114,0.0,0.0,0.0,0.0,0.0,0,6.8343253,0.0,0.0,7.77681,3.3404229,9.880167,0.0,2.1104786,2.8666754,0.0
1,81,82.0,10.0,1.0,1.0,63.0,1.0,1.0,1.0,0.9999827,1.0,-0.0,0.0,-1.7299608e-05,-0.0,0.26203656,1.727846,0.6917521,4.190729,0.32459956,1.9671488,1.0,5.7966714,-2.1136124,0.7083333,29.523188,0.0,0.0,0.0,0.0,0.0,0,5.6489067,0.0,0.0,6.243994,2.9941251,8.946597,0.0,2.559255,2.0809016,0.0
2,81,82.0,10.0,1.0,1.0,63.0,1.0,1.0,1.0,0.9999838,1.0,-0.0,0.0,-1.6216294e-05,-0.0,0.1460092,1.6430687,0.6880519,3.640964,0.41012546,2.6538439,1.0,6.188557,-4.4862933,0.7314815,28.601763,0.0,0.0,0.0,0.0,0.0,0,5.84572,0.0,0.0,6.635901,2.9061708,6.685817,0.0,2.4222667,3.3020356,0.0
3,81,82.0,10.0,1.0,1.0,63.0,1.0,1.0,1.0,0.99998415,1.0,-0.0,0.0,-1.5875721e-05,-0.0,0.12852922,1.8681824,0.5693904,3.5245059,0.37649822,2.5309541,1.0,5.8457313,-3.9253383,0.7407407,29.541836,0.0,0.0,0.0,0.0,0.0,0,5.7939696,0.0,0.0,6.40343,3.1088738,7.6947923,0.0,2.0599043,3.1610827,0.0
0,82,83.0,10.0,1.0,1.0,64.0,1.0,1.0,1.0,0.98352796,1.0,-0.0,0.0,-2.0029001e-05,-0.01645199,0.09830482,1.802552,0.7275864,5.9871187,0.29204342,1.3264571,0.0,7.8422484,-2.4172795,0.7314815,30.131384,0.0,0.0,0.0,0.0,0.0,0,5.6779137,0.0,0.0,5.725231,4.6768937,8.046701,0.0,2.1155865,2.8033628,0.0
1,82,83.0,10.0,1.0,1.0,64.0,1.0,1.0,1.0,0.9749675,1.0,-0.0,0.0,-2.1060963e-05,-0.025011469,0.18929243,1.8887136,0.8220093,6.5006876,0.34028694,2.0528207,0.0,7.62254,-1.2213602,0.712963,29.909252,0.0,0.0,0.0,0.0,0.0,0,5.847665,0.0,0.0,5.9337673,4.5876236,8.038016,0.0,2.2653098,2.2355902,0.0
2,82,83.0,10.0,1.0,1.0,64.0,1.0,1.0,1.0,0.99097914,1.0,-0.0,0.0,-2.0542844e-05,-0.009000318,0.12798496,1.7561872,0.81061506,5.5400186,0.4219658,2.6623838,0.0,7.869958,-3.988629,0.7314815,28.966812,0.0,0.0,0.0,0.0,0.0,0,5.7219877,0.0,0.0,5.8359275,4.601831,7.156149,0.0,2.3219154,3.9464207,0.0
3,82,83.0,10.0,1.0,1.0,64.0,1.0,1.0,1.0,0.9913597,1.0,-0.0,0.0,-2.0040292e-05,-0.008620289,0.15636012,1.9713603,0.6683546,5.5172167,0.38581526,2.4479463,0.0,7.331307,-3.0591967,0.7407407,29.885286,0.0,0.0,0.0,0.0,0.0,0,5.54838,0.0,0.0,5.76833,4.6875114,8.201091,0.0,1.887002,3.6721241,0.0
0,83,84.0,10.0,1.0,1.0,65.0,1.0,1.0,1.0,0.9999815,1.0,-0.0,0.0,-1.8468183e-05,-0.0,0.2599299,1.5844597,0.57252055,2.923853,0.30539596,1.2623615,1.0,5.343131,-2.4813125,0.7314815,30.642265,0.0,0.0,0.0,0.0,0.0,0,5.910356,0.0,0.0,6.017973,3.428714,8.853388,0.0,2.652903,2.4705188,0.0
1,83,84.0,10.0,1.0,1.0,65.0,1.0,1.0,1.0,0.9999827,1.0,-0.0,0.0,-1.726638e-05,-0.0,0.23498796,1.7672817,0.6885517,4.06133,0.35516545,1.9814214,1.0,5.74699,-2.1457412,0.7175926,30.408113,0.0,0.0,0.0,0.0,0.0,0,5.3245068,0.0,0.0,5.8486433,2.7530804,8.838021,0.0,2.7851627,2.0813515,0.0
2,83,84.0,10.0,1.0,1.0,65.0,1.0,1.0,1.0,0.9999833,1.0,-0.0,0.0,-1.6698916e-05,-0.0,0.14464352,1.6646724,0.6942406,3.7349954,0.426055,2.5696268,1.0,6.081669,-4.3607855,0.7314815,29.466572,0.0,0.0,0.0,0.0,0.0,0,5.16886,0.0,0.0,5.657618,2.8001232,6.725957,0.0,2.1491575,3.3512688,0.0
3,83,84.0,10.0,1.0,1.0,65.0,1.0,1.0,1.0,0.9999838,1.0,-0.0,0.0,-1.6212913e-05,-0.0,0.114981085,1.8709654,0.5923348,3.4597228,0.393026,2.3587072,1.0,5.854911,-3.542388,0.7592593,30.362352,0.0,0.0,0.0,0.0,0.0,0,5.109882,0.0,0.0,5.360674,3.0522194,7.5649395,0.0,2.3737261,3.6821992,0.0
0,84,85.0,10.0,1.0,1.0,66.0,1.0,1.0,1.0,0.9914252,1.0,-0.0,0.0,-1.8358805e-05,-0.008556406,0.26909447,1.7208004,0.70626324,5.513384,0.32042748,1.3954701,0.0,7.479396,-0.76333946,0.7314815,31.03497,0.0,0.0,0.0,0.0,0.0,0,5.5324035,0.0,0.0,5.45273,4.5135965,8.390896,0.0,2.368827,2.7788029,0.0
1,84,85.0,10.0,1.0,1.0,66.0,1.0,1.0,1.0,0.97344893,1.0,-0.0,0.0,-1.8341463e-05,-0.026532702,0.23375712,1.9222444,0.8195662,6.591962,0.36868256,2.0512948,0.0,7.827795,-0.7332666,0.7175926,30.806967,0.0,0.0,0.0,0.0,0.0,0,5.480116,0.0,0.0,5.3297715,4.438959,8.471773,0.0,2.1784744,2.2608347,0.0
2,84,85.0,10.0,1.0,1.0,66.0,1.0,1.0,1.0,0.989458,1.0,-0.0,0.0,-1.8402963e-05,-0.010523578,0.21518245,1.7691469,0.81008345,5.6314144,0.4402323,2.6295464,0.0,7.94621,-2.8169966,0.7314815,29.861969,0.0,0.0,0.0,0.0,0.0,0,5.351026,0.0,0.0,5.4600573,4.2612042,7.3104677,0.0,2.1956687,4.0356402,0.0
3,84,85.0,10.0,1.0,1.0,66.0,1.0,1.0,1.0,0.98745626,1.0,-0.0,0.0,-1.841925e-05,-0.012525293,0.19419976,1.9694263,0.67827994,5.7515173,0.4069379,2.3864198,0.0,7.636199,-2.4508307,0.7592593,30.759287,0.0,0.0,0.0,0.0,0.0,0,5.093204,0.0,0.0,5.2056713,4.3496466,8.425218,0.0,2.244566,4.0267773,0.0
0,85,86.0,10.0,1.0,1.0,67.0,1.0,1.0,1.0,0.999985,1.0,-0.0,0.0,-1.5042494e-05,-0.0,0.20003393,1.7336473,0.5784051,3.3565948,0.33204076,1.2685466,1.0,5.767927,-3.775711,0.7407407,31.82772,0.0,0.0,0.0,0.0,0.0,0,5.6119986,0.0,0.0,5.6568575,3.3269293,8.303513,0.0,2.9591637,2.3333533,0.0
1,85,86.0,10.0,1.0,1.0,67.0,1.0,1.0,1.0,0.9999838,1.0,-0.0,0.0,-1.6194217e-05,-0.0,0.20500943,1.9254912,0.6703196,4.139795,0.38203013,1.934651,1.0,5.885397,-3.1889677,0.7268519,31.608517,0.0,0.0,0.0,0.0,0.0,0,6.707423,0.0,0.0,7.487379,3.1415634,10.095117,0.0,2.799832,1.753496,0.0
2,85,86.0,10.0,1.0,1.0,67.0,1.0,1.0,1.0,0.9999843,1.0,-0.0,0.0,-1.5700723e-05,-0.0,0.13106894,1.8323381,0.687223,3.8781295,0.43708286,2.462929,1.0,6.2859373,-5.3876324,0.7361111,30.654911,0.0,0.0,0.0,0.0,0.0,0,5.822293,0.0,0.0,5.766519,3.6072707,7.2272325,0.0,2.5383208,3.1312866,0.0
3,85,86.0,10.0,1.0,1.0,67.0,1.0,1.0,1.0,0.99998474,1.0,-0.0,0.0,-1.523651e-05,-0.0,0.10994896,1.9502528,0.5915273,3.6358,0.40842816,2.2437406,1.0,6.0094557,-4.2547846,0.7638889,31.540808,0.0,0.0,0.0,0.0,0.0,0,4.9444504,0.0,0.0,5.8377647,2.818776,7.613048,0.0,2.3120909,3.5781248,0.0
0,86,87.0,10.0,1.0,1.0,68.0,1.0,1.0,1.0,0.9999826,1.0,-0.0,0.0,-1.7405888e-05,-0.0,0.18415488,1.8503755,0.61117065,3.7708733,0.34938705,1.3875953,1.0,6.1411414,-2.7029681,0.7407407,32.119934,0.0,0.0,0.0,0.0,0.0,0,4.36871,0.0,0.0,4.390601,3.224155,8.4374695,0.0,2.4471974,2.7600355,0.0
1,86,87.0,10.0,1.0,1.0,68.0,1.0,1.0,1.0,0.99998206,1.0,-0.0,0.0,-1.7943423e-05,-0.0,0.24039932,2.0265856,0.6951382,4.43364,0.39526123,2.0010753,1.0,6.1565094,-1.6805623,0.7268519,31.893343,0.0,0.0,0.0,0.0,0.0,0,4.4442005,0.0,0.0,4.5562243,3.0578938,8.615287,0.0,2.2670803,2.4912574,0.0
2,86,87.0,10.0,1.0,1.0,68.0,1.0,1.0,1.0,0.9999831,1.0,-0.0,0.0,-1.6910075e-05,-0.0,0.1907289,1.8954393,0.7058257,4.1297607,0.4552997,2.5445259,1.0,6.3660264,-3.6186566,0.7361111,30.929842,0.0,0.0,0.0,0.0,0.0,0,4.284,0.0,0.0,4.408384,3.0577111,7.2733974,0.0,2.3237607,4.297098,0.0
3,86,87.0,10.0,1.0,1.0,68.0,1.0,1.0,1.0,0.9999833,1.0,-0.0,0.0,-1.6677131e-05,-0.0,0.23320504,2.0324984,0.6108155,3.5785077,0.42526475,2.2852192,1.0,5.9714637,-2.0725849,0.7638889,31.801907,0.0,0.0,0.0,0.0,0.0,0,4.2275853,0.0,0.0,4.3625703,3.2178211,8.209649,0.0,2.06904,3.9055738,0.0
0,87,88.0,10.0,1.0,1.0,69.0,1.0,1.0,1.0,0.9999833,1.0,-0.0,0.0,-1.6667613e-05,-0.0,0.17061643,1.746022,0.6265703,4.462505,0.36290887,1.3596752,1.0,6.6993413,-4.643608,0.7407407,32.629185,0.0,0.0,0.0,0.0,0.0,0,5.4339967,0.0,0.0,5.4556866,3.8767526,8.171092,0.0,2.3356001,2.657032,0.0
1,87,88.0,10.0,1.0,1.0,69.0,1.0,1.0,1.0,0.99313295,1.0,-0.0,0.0,-1.6431033e-05,-0.0068506086,0.1737684,1.9525325,0.7290542,5.411036,0.4100158,1.9527721,0.0,6.957083,-4.1772733,0.7268519,32.395275,0.0,0.0,0.0,0.0,0.0,0,5.2530403,0.0,0.0,5.42557,3.6484885,8.15973,0.0,2.6008651,2.157012,0.0
2,87,88.0,10.0,1.0,1.0,69.0,1.0,1.0,1.0,0.9999841,1.0,-0.0,0.0,-1.5914282e-05,-0.0,0.12119822,1.8501997,0.7410026,4.8700376,0.4622011,2.5163767,1.0,7.2539577,-5.7472596,0.7361111,31.426937,0.0,0.0,0.0,0.0,0.0,0,4.8744545,0.0,0.0,4.9920535,3.7414534,7.0463758,0.0,2.3592408,3.9629445,0.0
3,87,88.0,10.0,1.0,1.0,69.0,1.0,1.0,1.0,0.99998385,1.0,-0.0,0.0,-1.6126756e-05,-0.0,0.07933583,1.9771807,0.62863773,4.989781,0.43386278,2.1954277,1.0,7.135616,-5.25543,0.7638889,32.284348,0.0,0.0,0.0,0.0,0.0,0,5.046814,0.0,0.0,5.058716,3.9360943,7.2687397,0.0,2.0762076,3.7479749,0.0
0,88,89.0,10.0,1.0,1.0,70.0,1.0,1.0,1.0,0.9999855,1.0,-0.0,0.0,-1.450186e-05,-0.0,0.27050227,1.8469907,0.59470034,3.4508874,0.37605053,1.3988314,1.0,5.9911284,-4.4449177,0.7407407,32.982765,0.0,0.0,0.0,0.0,0.0,0,4.0421543,0.0,0.0,4.220292,2.638809,7.934801,0.0,2.118643,2.732337,0.0
1,88,89.0,10.0,1.0,1.0,70.0,1.0,1.0,1.0,0.99998504,1.0,-0.0,0.0,-1.4975488e-05,-0.0,0.2758138,2.0433998,0.6783154,4.2845764,0.4253226,1.9358642,1.0,6.147172,-4.070116,0.7268519,32.71782,0.0,0.0,0.0,0.0,0.0,0,4.3059673,0.0,0.0,4.4888253,2.6657398,8.427862,0.0,2.1486375,2.540218,0.0
2,88,89.0,10.0,1.0,1.0,70.0,1.0,1.0,1.0,0.99998593,1.0,-0.0,0.0,-1.407294e-05,-0.0,0.21120645,1.9655182,0.70506054,4.2384663,0.4740872,2.5349715,1.0,6.5945435,-5.938858,0.7361111,31.777435,0.0,0.0,0.0,0.0,0.0,0,4.0417876,0.0,0.0,4.1490226,2.6631267,7.229939,0.0,1.9465148,4.270609,0.0
3,88,89.0,10.0,1.0,1.0,70.0,1.0,1.0,1.0,0.99998593,1.0,-0.0,0.0,-1.4061181e-05,-0.0,0.21798722,2.0253098,0.6140248,3.6783965,0.44526216,2.2068071,1.0,6.2163095,-5.060236,0.7638889,32.630127,0.0,0.0,0.0,0.0,0.0,0,3.9318256,0.0,0.0,4.0659595,2.8942833,8.1871805,0.0,2.009386,3.8994074,0.0
0,89,90.0,10.0,1.0,1.0,71.0,1.0,1.0,1.0,0.9999877,1.0,-0.0,0.0,-1.2264477e-05,-0.0,0.24323203,1.9970924,0.59832346,3.9840713,0.38814098,1.3739911,1.0,6.521523,-4.874927,0.7407407,33.27475,0.0,0.0,0.0,0.0,0.0,0,4.6200733,0.0,0.0,4.908827,3.2245042,8.791968,0.0,2.510872,2.5286262,0.0
1,89,90.0,10.0,1.0,1.0,71.0,1.0,1.0,1.0,0.99998724,1.0,-0.0,0.0,-1.2768807e-05,-0.0,0.27204454,2.1672711,0.6753541,4.631242,0.43618706,1.8633447,1.0,6.490872,-4.403199,0.7268519,32.999756,0.0,0.0,0.0,0.0,0.0,0,4.8184147,0.0,0.0,4.905603,3.1985404,9.036464,0.0,2.413239,2.3700078,0.0
2,89,90.0,10.0,1.0,1.0,71.0,1.0,1.0,1.0,0.9999877,1.0,-0.0,0.0,-1.2307279e-05,-0.0,0.1715418,2.133718,0.72022295,4.75568,0.48082736,2.5113947,1.0,7.263959,-6.7810397,0.7361111,32.081776,0.0,0.0,0.0,0.0,0.0,0,4.323498,0.0,0.0,4.6848345,2.945622,7.242099,0.0,2.0280228,4.0957446,0.0
3,89,90.0,10.0,1.0,1.0,71.0,1.0,1.0,1.0,0.9999878,1.0,-0.0,0.0,-1.2242656e-05,-0.0,0.2236098,2.1378667,0.60530376,4.0449123,0.45508635,2.1732106,1.0,6.5646796,-5.390929,0.7638889,32.947285,0.0,0.0,0.0,0.0,0.0,0,4.1023026,0.0,0.0,4.413581,3.023026,7.1943364,0.0,1.9369287,3.8482988,0.0
0,90,91.0,10.0,1.0,1.0,72.0,1.0,1.0,1.0,0.9999881,1.0,-0.0,0.0,-1.1932401e-05,-0.0,0.5168021,1.6824605,0.49764454,1.7791091,0.39328033,1.3276368,1.0,4.711768,-3.076286,0.7407407,33.809982,0.0,0.0,0.0,0.0,0.0,0,4.777257,0.0,0.0,4.8017945,2.9275095,7.935074,0.0,2.4425957,2.293522,0.0
1,90,91.0,10.0,1.0,1.0,72.0,1.0,1.0,1.0,0.9999878,1.0,-0.0,0.0,-1.2226006e-05,-0.0,0.53024924,1.8497478,0.56958985,2.6357903,0.44260612,1.740413,1.0,4.9523463,-2.319825,0.7268519,33.52779,0.0,0.0,0.0,0.0,0.0,0,5.033628,0.0,0.0,4.683515,3.456259,8.630848,0.0,2.5850716,2.3144464,0.0
2,90,91.0,10.0,1.0,1.0,72.0,1.0,1.0,1.0,0.9999883,1.0,-0.0,0.0,-1.1699695e-05,-0.0,0.44427216,1.8316041,0.59961796,3.2996755,0.48519057,2.4202912,1.0,5.425492,-4.23338,0.7361111,32.599438,0.0,0.0,0.0,0.0,0.0,0,4.6798186,0.0,0.0,4.402626,3.3845875,6.3331723,0.0,2.0289414,3.7163808,0.0
3,90,91.0,10.0,1.0,1.0,72.0,1.0,1.0,1.0,0.9999887,1.0,-0.0,0.0,-1.1299794e-05,-0.0,0.5146407,1.805569,0.55944186,1.9527721,0.45644134,2.0950902,1.0,4.9635687,-3.2907994,0.7638889,33.49828,0.0,0.0,0.0,0.0,0.0,0,4.3860393,0.0,0.0,4.408196,2.8559525,7.5565877,0.0,2.0970788,3.4602182,0.0
0,91,92.0,10.0,1.0,1.0,73.0,1.0,1.0,1.0,0.9999877,1.0,-0.0,0.0,-1.22997835e-05,-0.0,0.501414,1.7371535,0.5840341,2.5368237,0.40734553,1.4144117,1.0,5.320823,-3.1000767,0.7407407,34.21806,0.0,0.0,0.0,0.0,0.0,0,4.2141514,0.0,0.0,4.264897,3.1505902,8.10613,0.0,2.1457782,2.180763,0.0
1,91,92.0,10.0,1.0,1.0,73.0,1.0,1.0,1.0,0.99998814,1.0,-0.0,0.0,-1.1860727e-05,-0.0,0.5484134,1.9024957,0.642293,3.174412,0.45540854,1.742211,1.0,5.3490324,-2.352369,0.7268519,33.941566,0.0,0.0,0.0,0.0,0.0,0,4.2782903,0.0,0.0,4.385062,3.0044212,8.058845,0.0,2.1609237,2.6797233,0.0
2,91,92.0,10.0,1.0,1.0,73.0,1.0,1.0,1.0,0.9999876,1.0,-0.0,0.0,-1.2397829e-05,-0.0,0.41847154,1.9114833,0.6719935,3.9008725,0.5009933,2.475925,1.0,6.0329294,-5.0525293,0.7361111,33.032917,0.0,0.0,0.0,0.0,0.0,0,3.9491282,0.0,0.0,4.1419477,2.8780823,6.1272845,0.0,2.4217381,4.011362,0.0
3,91,92.0,10.0,1.0,1.0,73.0,1.0,1.0,1.0,0.9999878,1.0,-0.0,0.0,-1.221934e-05,-0.0,0.54599345,1.8271372,0.6547984,2.4645174,0.46700436,2.0459456,1.0,5.375198,-2.8502877,0.7638889,33.919506,0.0,0.0,0.0,0.0,0.0,0,3.8838668,0.0,0.0,3.978799,3.0482168,7.986724,0.0,2.1358628,3.7418978,0.0
0,92,93.0,10.0,1.0,1.0,74.0,1.0,1.0,1.0,0.9999904,1.0,-0.0,0.0,-9.587946e-06,-0.0,0.5958624,1.6669701,0.48169595,1.0218143,0.41459763,1.3140073,1.0,4.2698956,-2.8714929,0.7407407,34.695614,0.0,0.0,0.0,0.0,0.0,0,5.101681,0.0,0.0,5.0768895,3.2186184,8.131117,0.0,3.0266805,1.9918954,0.0
1,92,93.0,10.0,1.0,1.0,74.0,1.0,1.0,1.0,0.9999907,1.0,-0.0,0.0,-9.273261e-06,-0.0,0.6195292,1.8260455,0.53646547,1.9277608,0.46582058,1.5435413,1.0,4.5809064,-2.1963072,0.7268519,34.396275,0.0,0.0,0.0,0.0,0.0,0,5.135445,0.0,0.0,4.8109303,3.0880551,8.313432,0.0,2.897472,2.4439533,0.0
2,92,93.0,10.0,1.0,1.0,74.0,1.0,1.0,1.0,0.9999902,1.0,-0.0,0.0,-9.753046e-06,-0.0,0.5321629,1.8312033,0.56039155,3.0385945,0.507944,2.402112,1.0,4.855347,-4.056384,0.7361111,33.510937,0.0,0.0,0.0,0.0,0.0,0,4.7954545,0.0,0.0,4.733789,3.022871,5.894725,0.0,2.3671339,2.5759199,0.0
3,92,93.0,10.0,1.0,1.0,74.0,1.0,1.0,1.0,0.9999903,1.0,-0.0,0.0,-9.73421e-06,-0.0,0.6302483,1.7137091,0.59074783,1.128812,0.4634202,1.8616638,1.0,4.511018,-2.499259,0.7638889,34.416695,0.0,0.0,0.0,0.0,0.0,0,5.214155,0.0,0.0,4.898804,3.368019,7.687233,0.0,2.1547017,2.861355,0.0
0,93,94.0,10.0,1.0,1.0,75.0,1.0,1.0,1.0,0.9999882,1.0,-0.0,0.0,-1.1831122e-05,-0.0,0.5128615,1.7902225,0.56094337,2.6209,0.42180684,1.3921007,1.0,5.6412168,-2.9146671,0.7407407,35.058773,0.0,0.0,0.0,0.0,0.0,0,4.187272,0.0,0.0,4.3331194,3.0781686,8.020173,0.0,2.4948149,2.4381497,0.0
1,93,94.0,10.0,1.0,1.0,75.0,1.0,1.0,1.0,0.999988,1.0,-0.0,0.0,-1.2006598e-05,-0.0,0.552348,1.9247913,0.6238623,3.3266098,0.47235894,1.5756605,1.0,5.7109313,-2.3602405,0.7268519,34.79467,0.0,0.0,0.0,0.0,0.0,0,4.1781883,0.0,0.0,4.4334774,2.8160832,8.224847,0.0,2.2843525,2.1849267,0.0
2,93,94.0,10.0,1.0,1.0,75.0,1.0,1.0,1.0,0.99998784,1.0,-0.0,0.0,-1.21484645e-05,-0.0,0.4965883,1.9239498,0.64638484,3.759646,0.5208694,2.4932518,1.0,6.0050507,-4.8298903,0.7361111,33.89799,0.0,0.0,0.0,0.0,0.0,0,3.967579,0.0,0.0,4.145503,2.9975142,6.2436733,0.0,2.1561291,3.1478002,0.0
3,93,94.0,10.0,1.0,1.0,75.0,1.0,1.0,1.0,0.9999884,1.0,-0.0,0.0,-1.1649514e-05,-0.0,0.57857406,1.8176119,0.6426457,2.5950885,0.47256112,1.8616638,1.0,5.7026544,-2.0609367,0.7638889,34.794926,0.0,0.0,0.0,0.0,0.0,0,3.8660123,0.0,0.0,4.038491,3.035376,7.971269,0.0,1.856282,2.9379315,0.0
0,94,95.0,10.0,1.0,1.0,76.0,1.0,1.0,1.0,0.9999904,1.0,-0.0,0.0,-9.582991e-06,-0.0,0.6653018,1.6944978,0.44420478,0.66440487,0.4356713,1.4450686,1.0,4.1425037,-2.6575644,0.7453704,35.559566,0.0,0.0,0.0,0.0,0.0,0,4.8457093,0.0,0.0,5.0681343,2.882431,8.860119,0.0,3.488689,1.8442782,0.0
1,94,95.0,10.0,1.0,1.0,76.0,1.0,1.0,1.0,0.99999034,1.0,-0.0,0.0,-9.671234e-06,-0.0,0.7793486,1.7581254,0.49071583,1.1064013,0.47817492,1.361401,1.0,3.9849682,-1.05087,0.7314815,35.421093,0.0,0.0,0.0,0.0,0.0,0,5.3897963,0.0,0.0,6.1682367,2.641901,8.655702,0.0,3.5218213,2.268336,0.0
2,94,95.0,10.0,1.0,1.0,76.0,1.0,1.0,1.0,0.9999905,1.0,-0.0,0.0,-9.462211e-06,-0.0,0.6936595,1.7474588,0.53607863,3.0876598,0.5206316,2.4241688,1.0,3.8777761,-3.2603173,0.7453704,34.53681,0.0,0.0,0.0,0.0,0.0,0,4.6615915,0.0,0.0,4.311837,3.1126208,5.777679,0.0,2.8984783,2.6640086,0.0
3,94,95.0,10.0,1.0,1.0,76.0,1.0,1.0,1.0,0.99999017,1.0,-0.0,0.0,-9.843902e-06,-0.0,0.7256057,1.6894825,0.5807387,1.0586824,0.48241913,1.684653,1.0,4.592608,-0.9933598,0.7685185,35.262455,0.0,0.0,0.0,0.0,0.0,0,4.5777926,0.0,0.0,4.465408,2.8769429,6.2119255,0.0,2.5168319,2.5876684,0.0
0,95,96.0,10.0,1.0,1.0,77.0,1.0,1.0,1.0,0.9999877,1.0,-0.0,0.0,-1.2249723e-05,-0.0,0.5055584,1.8750323,0.516234,2.7898698,0.43610582,1.4961625,1.0,6.0181594,-3.7714188,0.75,35.99858,0.0,0.0,0.0,0.0,0.0,0,3.9852147,0.0,0.0,4.127253,3.050778,7.412468,0.0,2.8512003,2.439463,0.0
1,95,96.0,10.0,1.0,1.0,77.0,1.0,1.0,1.0,0.99998844,1.0,-0.0,0.0,-1.1542529e-05,-0.0,0.6008245,1.9428923,0.5811623,3.1214461,0.48141846,1.443985,1.0,5.748661,-2.2245812,0.7361111,35.76992,0.0,0.0,0.0,0.0,0.0,0,4.1571546,0.0,0.0,4.2808022,3.0878365,7.594256,0.0,2.4549177,2.6689637,0.0
2,95,96.0,10.0,1.0,1.0,77.0,1.0,1.0,1.0,0.99998695,1.0,-0.0,0.0,-1.3031463e-05,-0.0,0.69198126,1.8293285,0.63124746,3.4791267,0.5295301,2.4863355,1.0,5.240226,-1.3534119,0.75,34.893616,0.0,0.0,0.0,0.0,0.0,0,3.9762497,0.0,0.0,4.1592994,3.120671,6.078006,0.0,2.1537838,2.6320686,0.0
3,95,96.0,10.0,1.0,1.0,77.0,1.0,1.0,1.0,0.99998707,1.0,-0.0,0.0,-1.2945074e-05,-0.0,0.6099891,1.827402,0.6108302,2.7211246,0.4791137,1.731847,1.0,5.998289,-1.9508349,0.7731481,35.79342,0.0,0.0,0.0,0.0,0.0,0,3.8276732,0.0,0.0,3.9061034,2.9663727,6.643668,0.0,2.2919154,2.585886,0.0
0,96,97.0,10.0,1.0,1.0,78.0,1.0,1.0,1.0,0.9999908,1.0,-0.0,0.0,-9.168075e-06,-0.0,0.66834277,1.6899126,0.41248134,0.395647,0.4295541,1.604701,1.0,4.098541,-1.2817131,0.7546296,36.65124,0.0,0.0,0.0,0.0,0.0,0,4.2798414,0.0,0.0,4.541408,2.494053,7.6933165,0.0,3.6806495,1.8322157,0.0
1,96,97.0,10.0,1.0,1.0,78.0,1.0,1.0,1.0,0.99998975,1.0,-0.0,0.0,-1.026148e-05,-0.0,0.77673864,1.7300636,0.47813967,0.96589977,0.47969246,1.314603,1.0,3.969409,0.08745771,0.7407407,36.44246,0.0,0.0,0.0,0.0,0.0,0,4.5802383,0.0,0.0,4.7302017,2.8576176,7.807263,0.0,3.855003,1.5775119,0.0
2,96,97.0,10.0,1.0,1.0,78.0,1.0,1.0,1.0,0.99999034,1.0,-0.0,0.0,-9.627803e-06,-0.0,0.6953392,1.6664475,0.56950355,3.1926076,0.5238468,2.4587939,1.0,3.8884168,-0.91852343,0.7546296,35.514923,0.0,0.0,0.0,0.0,0.0,0,4.1602464,0.0,0.0,3.8059425,2.475597,6.146715,0.0,3.3726501,1.8238697,0.0
3,96,97.0,10.0,1.0,1.0,78.0,1.0,1.0,1.0,0.9999905,1.0,-0.0,0.0,-9.491148e-06,-0.0,0.71307904,1.6867483,0.56895745,1.0187458,0.48964122,1.8713087,1.0,4.712849,-1.0836442,0.7824074,36.300102,0.0,0.0,0.0,0.0,0.0,0,4.2493353,0.0,0.0,4.437271,2.5356822,5.9316897,0.0,3.1038702,1.8263364,0.0
0,97,98.0,10.0,1.0,1.0,79.0,1.0,1.0,1.0,0.99998915,1.0,-0.0,0.0,-1.0833317e-05,-0.0,0.6985065,1.5670565,0.49533764,0.907406,0.4334102,1.718235,1.0,4.068423,-0.4914254,0.7592593,37.13495,0.0,0.0,0.0,0.0,0.0,0,3.8851635,0.0,0.0,4.2605996,2.9444478,7.4763985,0.0,3.3998678,2.2274332,0.0
1,97,98.0,10.0,1.0,1.0,79.0,1.0,1.0,1.0,0.9999886,1.0,-0.0,0.0,-1.1390421e-05,-0.0,0.79073346,1.583398,0.5929386,1.5506243,0.48858422,1.361401,1.0,4.0061903,0.59593284,0.7407407,36.935745,0.0,0.0,0.0,0.0,0.0,0,4.314671,0.0,0.0,4.651516,2.9258,7.959408,0.0,3.3411605,2.2156742,0.0
2,97,98.0,10.0,1.0,1.0,79.0,1.0,1.0,1.0,0.9999886,1.0,-0.0,0.0,-1.1378754e-05,-0.0,0.7252239,1.5574112,0.6160256,3.4244726,0.526485,2.4746597,1.0,3.7967393,0.49846804,0.7546296,36.00075,0.0,0.0,0.0,0.0,0.0,0,4.070159,0.0,0.0,4.2699637,3.0013816,6.2124763,0.0,3.0072904,1.9432424,0.0
3,97,98.0,10.0,1.0,1.0,79.0,1.0,1.0,1.0,0.99998957,1.0,-0.0,0.0,-1.0410276e-05,-0.0,0.76285565,1.5146954,0.66734695,1.2759292,0.48691547,1.9342463,1.0,4.3267612,0.34526363,0.787037,36.874302,0.0,0.0,0.0,0.0,0.0,0,3.9787922,0.0,0.0,3.926969,3.1289754,6.614578,0.0,3.1284738,2.245102,0.0
0,98,99.0,10.0,1.0,1.0,80.0,1.0,1.0,1.0,0.9999917,1.0,-0.0,0.0,-8.273946e-06,-0.0,0.66286325,1.8099083,0.54178417,2.4584754,0.43895277,1.6636142,1.0,5.7804523,0.6769076,0.7638889,37.50498,0.0,0.0,0.0,0.0,0.0,0,4.0243535,0.0,0.0,4.1073136,2.9924853,7.30343,0.0,2.7123778,2.85652,0.0
1,98,99.0,10.0,1.0,1.0,80.0,1.0,1.0,1.0,0.99999166,1.0,-0.0,0.0,-8.329607e-06,-0.0,0.69042,1.8813084,0.6349225,3.231357,0.4899216,1.3498535,1.0,5.8614025,1.2435532,0.7453704,37.34289,0.0,0.0,0.0,0.0,0.0,0,4.3107033,0.0,0.0,4.3526893,3.0258498,7.4256215,0.0,2.5997236,3.006569,0.0
2,98,99.0,10.0,1.0,1.0,80.0,1.0,1.0,1.0,0.9999917,1.0,-0.0,0.0,-8.298112e-06,-0.0,0.72466695,1.8662598,0.6403839,3.5488532,0.53567916,2.4699109,1.0,5.689993,1.3925303,0.7546296,36.290157,0.0,0.0,0.0,0.0,0.0,0,4.191726,0.0,0.0,4.4632254,3.0377195,6.057066,0.0,2.3396683,2.8622422,0.0
3,98,99.0,10.0,1.0,1.0,80.0,1.0,1.0,1.0,0.99999183,1.0,-0.0,0.0,-8.19221e-06,-0.0,0.81941783,1.7465363,0.65413684,2.1580303,0.4844564,1.8916931,1.0,5.4514356,3.1465292,0.787037,37.304806,0.0,0.0,0.0,0.0,0.0,0,4.1377163,0.0,0.0,4.2132177,3.1387742,6.5125995,0.0,2.415463,2.9463081,0.0
0,99,100.0,10.0,1.0,1.0,81.0,1.0,1.0,1.0,0.99999124,1.0,-0.0,0.0,-8.761049e-06,-0.0,0.59668684,1.6114411,0.51096696,1.0616356,0.42389667,2.0217001,1.0,4.6534104,0.44897664,0.7685185,38.10713,0.0,0.0,0.0,0.0,0.0,0,3.796365,0.0,0.0,4.215755,2.080333,7.3360415,0.0,3.9356422,2.5381336,0.0
1,99,100.0,10.0,1.0,1.0,81.0,1.0,1.0,1.0,0.999991,1.0,-0.0,0.0,-8.992929e-06,-0.0,0.61430186,1.7099289,0.5888407,1.8858916,0.47729626,1.4466926,1.0,4.9127073,0.7054471,0.75,37.91111,0.0,0.0,0.0,0.0,0.0,0,3.4683719,0.0,0.0,4.2847314,2.2772193,7.464058,0.0,3.8955321,1.8474683,0.0
2,99,100.0,10.0,1.0,1.0,81.0,1.0,1.0,1.0,0.99999064,1.0,-0.0,0.0,-9.335585e-06,-0.0,0.5315118,1.7113,0.60670424,2.8366144,0.5193687,2.4727614,1.0,5.209888,-0.7235371,0.7638889,36.83678,0.0,0.0,0.0,0.0,0.0,0,2.9142,0.0,0.0,3.5189555,2.0384572,5.7552233,0.0,3.6751375,1.9474564,0.0
3,99,100.0,10.0,1.0,1.0,81.0,1.0,1.0,1.0,0.99999094,1.0,-0.0,0.0,-9.032455e-06,-0.0,0.68893695,1.55387,0.64348537,0.8996095,0.46905255,2.2430427,1.0,4.401931,1.7008371,0.7962963,37.903313,0.0,0.0,0.0,0.0,0.0,0,3.1914754,0.0,0.0,4.044239,2.2961245,5.840139,0.0,3.6261759,2.2439177,0.0
0,100,101.0,10.0,1.0,1.0,82.0,1.0,1.0,1.0,0.9999893,1.0,-0.0,0.0,-1.0715062e-05,-0.0,0.50422776,1.8583689,0.5699591,3.047084,0.42688474,1.9515692,1.0,6.5767374,0.22995192,0.7685185,38.236923,0.0,0.0,0.0,0.0,0.0,0,4.303218,0.0,0.0,4.2604485,3.2657588,6.8202796,0.0,2.7613826,2.432589,0.0
1,100,101.0,10.0,1.0,1.0,82.0,1.0,1.0,1.0,0.9999895,1.0,-0.0,0.0,-1.0508324e-05,-0.0,0.49904585,1.9597517,0.6655949,3.9856431,0.48200026,1.3346926,1.0,6.7921734,0.44121778,0.75,38.04638,0.0,0.0,0.0,0.0,0.0,0,4.4080753,0.0,0.0,4.3552027,3.2978168,7.1932125,0.0,2.6214428,2.9673333,0.0
2,100,101.0,10.0,1.0,1.0,82.0,1.0,1.0,1.0,0.99998933,1.0,-0.0,0.0,-1.06466e-05,-0.0,0.4426021,1.9738684,0.68518233,4.153199,0.5261995,2.4524188,1.0,7.394517,-1.6105446,0.7638889,36.920017,0.0,0.0,0.0,0.0,0.0,0,4.243286,0.0,0.0,4.1961412,3.4143682,5.89684,0.0,2.6398733,2.2858293,0.0
3,100,101.0,10.0,1.0,1.0,82.0,1.0,1.0,1.0,0.99998933,1.0,-0.0,0.0,-1.0676808e-05,-0.0,0.5869493,1.830174,0.625749,2.5817826,0.47379023,2.1221876,1.0,6.258178,1.462738,0.7962963,38.000824,0.0,0.0,0.0,0.0,0.0,0,4.2173367,0.0,0.0,4.15911,3.2735686,6.14807,0.0,2.5905387,2.7114136,0.0
0,101,102.0,10.0,1.0,1.0,83.0,1.0,1.0,1.0,0.99999213,1.0,-0.0,0.0,-7.870131e-06,-0.0,0.4087541,1.7782357,0.54566205,2.415111,0.42875698,2.290693,1.0,6.2757607,-1.1501126,0.7962963,38.684757,0.0,0.0,0.0,0.0,0.0,0,2.530988,0.0,0.0,3.7054055,2.4039614,6.880187,0.0,4.225638,2.0222943,0.0
1,101,102.0,10.0,1.0,1.0,83.0,1.0,1.0,1.0,0.9999922,1.0,-0.0,0.0,-7.79814e-06,-0.0,0.49574935,1.8319333,0.61712986,2.668844,0.47801122,1.639921,1.0,5.78391,0.04532095,0.7592593,38.547863,0.0,0.0,0.0,0.0,0.0,0,3.1114337,0.0,0.0,4.315976,2.1446738,7.3729496,0.0,3.395818,1.8791273,0.0
2,101,102.0,10.0,1.0,1.0,83.0,1.0,1.0,1.0,0.99999195,1.0,-0.0,0.0,-8.043852e-06,-0.0,0.39508158,1.8708948,0.61457783,2.9481146,0.5231504,2.5182421,1.0,6.3472724,-1.5596515,0.7916667,37.399445,0.0,0.0,0.0,0.0,0.0,0,2.9220893,0.0,0.0,4.1580606,1.6930413,5.2041273,0.0,3.8076046,2.142415,0.91388845
3,101,102.0,10.0,1.0,1.0,83.0,1.0,1.0,1.0,0.9999923,1.0,-0.0,0.0,-7.6667075e-06,-0.0,0.51938146,1.7152797,0.62343514,1.6139419,0.470524,2.5278597,1.0,5.518533,0.91055965,0.8148148,38.478825,0.0,0.0,0.0,0.0,0.0,0,2.3613377,0.0,0.0,3.8383725,2.321871,5.6586003,0.0,3.4092667,2.191004,0.0
0,102,103.0,10.0,1.0,1.0,84.0,1.0,1.0,1.0,0.99999017,1.0,-0.0,0.0,-9.817516e-06,-0.0,0.45704544,1.974021,0.53619444,3.0591342,0.4323673,2.1598432,1.0,6.8098516,0.7994836,0.8055556,38.87198,0.0,0.0,0.0,0.0,0.0,0,5.253422,0.0,0.0,5.643183,3.3987746,6.2701283,0.0,2.9820414,2.9305236,0.98414886
1,102,103.0,10.0,1.0,1.0,84.0,1.0,1.0,1.0,0.9999905,1.0,-0.0,0.0,-9.494823e-06,-0.0,0.45130068,2.0246139,0.6607293,3.9076898,0.47562298,1.5272285,1.0,6.837502,0.77066106,0.7731481,38.704742,0.0,0.0,0.0,0.0,0.0,0,5.3506145,0.0,0.0,5.7101083,3.3877923,6.9001865,0.0,2.587822,3.2387176,0.73097587
2,102,103.0,10.0,1.0,1.0,84.0,1.0,1.0,1.0,0.9999908,1.0,-0.0,0.0,-9.184389e-06,-0.0,0.45875385,2.034449,0.6255351,3.4791267,0.5308117,2.4746597,1.0,6.7891407,-0.18363354,0.7962963,37.59954,0.0,0.0,0.0,0.0,0.0,0,5.060722,0.0,0.0,5.3469305,3.4437988,5.2628226,0.0,3.1114712,2.4621522,0.6727589
3,102,103.0,10.0,1.0,1.0,84.0,1.0,1.0,1.0,0.9999906,1.0,-0.0,0.0,-9.407293e-06,-0.0,0.4972052,1.9721029,0.59733933,2.8525746,0.46441457,2.4543328,1.0,6.6275296,1.0352758,0.8194444,38.572598,0.0,0.0,0.0,0.0,0.0,0,5.560735,0.0,0.0,5.857794,3.9473891,5.329894,0.0,2.4538856,3.1111681,1.0172021
0,103,104.0,10.0,1.0,1.0,85.0,1.0,1.0,1.0,0.999992,1.0,-0.0,0.0,-8.006246e-06,-0.0,0.4437003,1.9678116,0.4389523,1.5821052,0.42699188,2.2882998,1.0,5.747843,0.4417235,0.8240741,39.209152,0.0,0.0,0.0,0.0,0.0,0,4.5309825,0.0,0.0,4.9582477,2.3220408,6.797014,0.0,2.8851905,2.2905917,1.2170861
1,103,104.0,10.0,1.0,1.0,85.0,1.0,1.0,1.0,0.99999225,1.0,-0.0,0.0,-7.744143e-06,-0.0,0.4916206,1.9626632,0.56709224,2.2014804,0.46962598,1.6786022,1.0,5.5134172,0.8620312,0.787037,39.104427,0.0,0.0,0.0,0.0,0.0,0,4.25167,0.0,0.0,5.179411,2.3066382,6.49893,0.0,2.5607545,2.118513,0.99698573
2,103,104.0,10.0,1.0,1.0,85.0,1.0,1.0,1.0,0.9999919,1.0,-0.0,0.0,-8.112288e-06,-0.0,0.45697206,1.9853493,0.52513975,2.6863837,0.51976424,2.5482144,1.0,5.5704217,-0.5958201,0.8055556,37.95903,0.0,0.0,0.0,0.0,0.0,0,4.2622194,0.0,0.0,4.9463964,1.9085137,5.4939637,0.0,3.4269102,2.7127957,1.034313
3,103,104.0,10.0,1.0,1.0,85.0,1.0,1.0,1.0,0.99999243,1.0,-0.0,0.0,-7.59558e-06,-0.0,0.514948,1.9334676,0.5261352,1.0864129,0.45281085,2.6564972,1.0,5.3180604,0.5219271,0.8333333,38.951168,0.0,0.0,0.0,0.0,0.0,0,4.5955973,0.0,0.0,5.9206166,2.7569532,5.529249,0.0,2.8771193,2.45855,2.1742198
0,104,105.0,10.0,1.0,1.0,86.0,1.0,1.0,1.0,0.99999046,1.0,-0.0,0.0,-9.552927e-06,-0.0,0.47448093,2.203693,0.4123223,2.3870757,0.4279976,2.2004135,1.0,6.367227,0.833638,0.8240741,39.314903,0.0,0.0,0.0,0.0,0.0,0,5.9066477,0.0,0.0,6.6148796,3.5087874,6.583028,0.0,2.413405,3.4058821,1.6786116
1,104,105.0,10.0,1.0,1.0,86.0,1.0,1.0,1.0,0.9999903,1.0,-0.0,0.0,-9.725271e-06,-0.0,0.5019866,2.2342167,0.5410743,3.0207672,0.4722766,1.531323,1.0,6.2399817,1.0391315,0.7916667,39.177486,0.0,0.0,0.0,0.0,0.0,0,5.984345,0.0,0.0,6.938021,3.649245,6.928443,0.0,2.290011,3.2747543,2.4087284
2,104,105.0,10.0,1.0,1.0,86.0,1.0,1.0,1.0,0.9999909,1.0,-0.0,0.0,-9.12431e-06,-0.0,0.48929566,2.2031305,0.50551224,2.8766208,0.5227177,2.5129526,1.0,6.0783796,0.32885557,0.8148148,38.064423,0.0,0.0,0.0,0.0,0.0,0,5.9497485,0.0,0.0,6.4207845,4.1208143,5.462598,0.0,2.4382818,3.2983525,1.8767526
3,104,105.0,10.0,1.0,1.0,86.0,1.0,1.0,1.0,0.9999914,1.0,-0.0,0.0,-8.594918e-06,-0.0,0.545118,2.1635172,0.45861417,1.783942,0.45347974,2.4976435,1.0,5.873061,0.77843666,0.8333333,39.078037,0.0,0.0,0.0,0.0,0.0,0,6.4010234,0.0,0.0,7.0105877,3.8797662,5.446651,0.0,2.591118,3.4273198,2.7072263
0,105,106.0,10.0,1.0,1.0,87.0,1.0,1.0,1.0,0.9999929,1.0,-0.0,0.0,-7.0975148e-06,-0.0,0.4626058,2.1992328,0.31599724,1.314603,0.42442325,2.322591,1.0,5.636386,0.29412657,0.8333333,39.597332,0.0,0.0,0.0,0.0,0.0,0,5.081667,0.0,0.0,6.678236,2.7258441,7.0305743,0.0,2.501699,2.7671096,3.1938326
1,105,106.0,10.0,1.0,1.0,87.0,1.0,1.0,1.0,0.9999922,1.0,-0.0,0.0,-7.781586e-06,-0.0,0.49231017,2.2339332,0.4527167,2.0627103,0.46973437,1.6645548,1.0,5.592542,0.75657296,0.8055556,39.455463,0.0,0.0,0.0,0.0,0.0,0,5.653889,0.0,0.0,6.8600044,2.8721678,6.8917575,0.0,2.9888585,2.5848045,2.3434641
2,105,106.0,10.0,1.0,1.0,87.0,1.0,1.0,1.0,0.9999928,1.0,-0.0,0.0,-7.2244634e-06,-0.0,0.4536003,2.2092538,0.43747574,2.5179315,0.5134362,2.5784457,1.0,5.5148387,-0.42658114,0.8148148,38.325474,0.0,0.0,0.0,0.0,0.0,0,4.6928954,0.0,0.0,6.4732194,2.1371477,5.6504016,0.0,2.7434363,2.8077776,2.1269073
3,105,106.0,10.0,1.0,1.0,87.0,1.0,1.0,1.0,0.99999344,1.0,-0.0,0.0,-6.582949e-06,-0.0,0.505092,2.1627798,0.3870588,0.65729874,0.45249468,2.6128237,1.0,5.1081033,0.042343512,0.8472222,39.361702,0.0,0.0,0.0,0.0,0.0,0,5.654603,0.0,0.0,6.903868,2.4002192,5.4499626,0.0,2.7292218,2.8151712,2.993551
0,106,107.0,10.0,1.0,1.0,88.0,1.0,1.0,1.0,0.99999046,1.0,-0.0,0.0,-9.566101e-06,-0.0,0.480666,2.3633857,0.2979456,1.8892089,0.42460063,2.2293918,1.0,5.958286,0.50436425,0.8333333,39.737823,0.0,0.0,0.0,0.0,0.0,0,6.626042,0.0,0.0,7.7627993,3.7277238,6.673292,0.0,2.4607358,3.7913158,3.2147217
1,106,107.0,10.0,1.0,1.0,88.0,1.0,1.0,1.0,0.9999902,1.0,-0.0,0.0,-9.786447e-06,-0.0,0.5094085,2.3824937,0.4130071,2.249315,0.4704919,1.5394793,1.0,5.6806507,0.6884113,0.8101852,39.61462,0.0,0.0,0.0,0.0,0.0,0,6.697013,0.0,0.0,7.3566594,4.36318,6.930577,0.0,2.428776,3.7369916,3.1556509
2,106,107.0,10.0,1.0,1.0,88.0,1.0,1.0,1.0,0.9999898,1.0,-0.0,0.0,-1.0198726e-05,-0.0,0.49096757,2.3744674,0.4321875,2.7306008,0.5188174,2.49827,1.0,5.838013,0.45407656,0.8240741,38.46108,0.0,0.0,0.0,0.0,0.0,0,5.798718,0.0,0.0,6.842895,3.5545201,5.215271,0.0,2.3149536,3.553221,2.8373199
3,106,107.0,10.0,1.0,1.0,88.0,1.0,1.0,1.0,0.9999914,1.0,-0.0,0.0,-8.576273e-06,-0.0,0.5198933,2.343255,0.33288658,1.3128154,0.4529057,2.4816089,1.0,5.4716363,0.12006797,0.8472222,39.472206,0.0,0.0,0.0,0.0,0.0,0,7.0050163,0.0,0.0,7.972222,4.0769553,5.387762,0.0,2.7885513,3.6592772,3.907455
0,107,108.0,10.0,1.0,1.0,89.0,1.0,1.0,1.0,0.99999213,1.0,-0.0,0.0,-7.892897e-06,-0.0,0.44708288,2.4126663,0.23025186,1.3440427,0.42315316,2.3606975,1.0,5.6184154,0.056381337,0.837963,39.933247,0.0,0.0,0.0,0.0,0.0,0,6.180647,0.0,0.0,7.8512397,2.9747858,6.8513026,0.0,2.4010646,2.8836226,3.8352878
1,107,108.0,10.0,1.0,1.0,89.0,1.0,1.0,1.0,0.99999225,1.0,-0.0,0.0,-7.748548e-06,-0.0,0.48697442,2.4446697,0.3502063,1.8970644,0.4676808,1.675335,1.0,5.5271916,0.61025006,0.8194444,39.794113,0.0,0.0,0.0,0.0,0.0,0,5.7115207,0.0,0.0,7.4492593,3.695383,6.840467,0.0,2.3586764,3.139313,3.6060214
2,107,108.0,10.0,1.0,1.0,89.0,1.0,1.0,1.0,0.9999912,1.0,-0.0,0.0,-8.814739e-06,-0.0,0.4357539,2.4347582,0.37137264,2.5854182,0.5146084,2.561389,1.0,5.601611,-0.3400389,0.8240741,38.646023,0.0,0.0,0.0,0.0,0.0,0,5.606493,0.0,0.0,7.2869854,3.0189326,5.6138196,0.0,2.5373068,2.87751,3.9211998
3,107,108.0,10.0,1.0,1.0,89.0,1.0,1.0,1.0,0.99999255,1.0,-0.0,0.0,-7.4495233e-06,-0.0,0.4850179,2.3952522,0.271662,1.0392826,0.4515144,2.6203024,1.0,5.2052975,-0.30161068,0.8518519,39.663307,0.0,0.0,0.0,0.0,0.0,0,5.898661,0.0,0.0,7.5765524,2.8845444,5.4133058,0.0,2.6873946,2.9352536,2.8844464
0,108,109.0,10.0,1.0,1.0,90.0,1.0,1.0,1.0,0.9999931,1.0,-0.0,0.0,-6.8978143e-06,-0.0,0.45730174,2.5585878,0.21925391,1.710931,0.42517996,2.2604232,1.0,5.7876706,0.09890739,0.8425926,40.013103,0.0,0.0,0.0,0.0,0.0,0,6.9733114,0.0,0.0,8.074885,3.8386934,6.7212067,0.0,2.4248502,3.743709,3.6695297
1,108,109.0,10.0,1.0,1.0,90.0,1.0,1.0,1.0,0.999993,1.0,-0.0,0.0,-6.955705e-06,-0.0,0.47976637,2.5941172,0.32893726,2.2043228,0.47120863,1.5736723,1.0,5.664896,0.58375484,0.8240741,39.882763,0.0,0.0,0.0,0.0,0.0,0,7.1637573,0.0,0.0,8.792301,4.904452,6.9939623,0.0,2.1739912,3.7119975,3.7726777
2,108,109.0,10.0,1.0,1.0,90.0,1.0,1.0,1.0,0.9999932,1.0,-0.0,0.0,-6.8233644e-06,-0.0,0.4431151,2.5616581,0.37163883,2.6744106,0.5194074,2.4954486,1.0,5.7018294,0.03838539,0.8287037,38.744442,0.0,0.0,0.0,0.0,0.0,0,7.006273,0.0,0.0,8.260716,4.205089,5.9872465,0.0,2.5224183,3.7159505,4.1627355
3,108,109.0,10.0,1.0,1.0,90.0,1.0,1.0,1.0,0.9999929,1.0,-0.0,0.0,-7.101614e-06,-0.0,0.47781467,2.5364738,0.21964663,1.4105327,0.45324317,2.5169985,1.0,5.3801174,-0.5259188,0.8564815,39.75555,0.0,0.0,0.0,0.0,0.0,0,7.760647,0.0,0.0,8.831082,4.145805,5.390245,0.0,2.781471,3.552666,4.433202
0,109,110.0,10.0,1.0,1.0,91.0,1.0,1.0,1.0,0.9999942,1.0,-0.0,0.0,-5.759623e-06,-0.0,0.4358914,2.5282855,0.19740956,1.3636987,0.42410263,2.3587072,1.0,5.6691504,0.23249723,0.8472222,40.105774,0.0,0.0,0.0,0.0,0.0,0,6.189983,0.0,0.0,8.78987,3.399511,7.176436,0.0,2.247002,2.670142,4.945262
1,109,110.0,10.0,1.0,1.0,91.0,1.0,1.0,1.0,0.9999937,1.0,-0.0,0.0,-6.324467e-06,-0.0,0.46379492,2.5763824,0.31292826,1.9571761,0.46818465,1.6758022,1.0,5.6527047,0.823725,0.8240741,39.955017,0.0,0.0,0.0,0.0,0.0,0,6.0757365,0.0,0.0,9.329366,3.8585453,7.248112,0.0,2.2817235,2.514632,4.606329
2,109,110.0,10.0,1.0,1.0,91.0,1.0,1.0,1.0,0.9999946,1.0,-0.0,0.0,-5.394965e-06,-0.0,0.42418426,2.521243,0.34160268,2.708727,0.51582074,2.5665789,1.0,5.5363317,-0.26496965,0.837963,38.852703,0.0,0.0,0.0,0.0,0.0,0,5.7385607,0.0,0.0,8.801898,3.2875082,5.6739516,0.0,2.5247264,2.656313,4.475842
3,109,110.0,10.0,1.0,1.0,91.0,1.0,1.0,1.0,0.9999943,1.0,-0.0,0.0,-5.7333827e-06,-0.0,0.49868488,2.4443338,0.23419322,1.1981034,0.4540596,2.6167154,1.0,4.9248157,-0.033059157,0.8611111,39.924603,0.0,0.0,0.0,0.0,0.0,0,6.374716,0.0,0.0,9.236111,4.174982,5.668828,0.0,2.5389905,2.5874336,3.2437694
0,110,111.0,10.0,1.0,1.0,92.0,1.0,1.0,1.0,0.9999909,1.0,-0.0,0.0,-9.1138e-06,-0.0,0.44621155,2.686895,0.20779835,1.3428774,0.42043173,2.4177027,1.0,5.411097,0.30045772,0.8472222,40.149506,0.0,0.0,0.0,0.0,0.0,0,5.7266345,0.0,0.0,8.713813,5.074772,6.9790115,0.0,2.3183558,2.4578843,3.6670792
1,110,111.0,10.0,1.0,1.0,92.0,1.0,1.0,1.0,0.9999903,1.0,-0.0,0.0,-9.735144e-06,-0.0,0.47498757,2.7293334,0.3214742,1.9551755,0.46342075,1.7145869,1.0,5.433143,0.871676,0.8240741,39.991642,0.0,0.0,0.0,0.0,0.0,0,5.633993,0.0,0.0,9.072994,5.584338,7.163381,0.0,2.4583523,2.5637724,3.2421966
2,110,111.0,10.0,1.0,1.0,92.0,1.0,1.0,1.0,0.99999124,1.0,-0.0,0.0,-8.770017e-06,-0.0,0.43165833,2.679833,0.3476212,2.7887473,0.51419425,2.6137223,1.0,5.278451,-0.030627474,0.837963,38.89032,0.0,0.0,0.0,0.0,0.0,0,5.2183475,0.0,0.0,8.332929,5.0079913,5.70513,0.0,2.6809354,2.5050697,3.0868537
3,110,111.0,10.0,1.0,1.0,92.0,1.0,1.0,1.0,0.99999154,1.0,-0.0,0.0,-8.455678e-06,-0.0,0.52386934,2.5767424,0.28836358,1.1113423,0.45233914,2.6357903,1.0,4.5934606,0.084406696,0.8611111,39.961433,0.0,0.0,0.0,0.0,0.0,0,6.003025,0.0,0.0,8.904719,5.1994786,5.602497,0.0,2.59821,2.4674833,2.0794852
0,111,112.0,10.0,1.0,1.0,93.0,1.0,1.0,1.0,0.99999154,1.0,-0.0,0.0,-8.465338e-06,-0.0,0.53950214,2.792552,0.26005965,2.6752887,0.426786,2.2811053,1.0,6.753602,2.2730865,0.8472222,40.227722,0.0,0.0,0.0,0.0,0.0,0,5.990437,0.0,0.0,6.56743,3.8501382,6.791856,0.0,2.1007547,3.241989,4.7598867
1,111,112.0,10.0,1.0,1.0,93.0,1.0,1.0,1.0,0.99999106,1.0,-0.0,0.0,-8.933409e-06,-0.0,0.54836833,2.847017,0.38487864,3.3126974,0.47025612,1.5435413,1.0,6.645732,2.530178,0.8240741,40.058334,0.0,0.0,0.0,0.0,0.0,0,6.128925,0.0,0.0,7.794404,3.254379,7.320325,0.0,2.0232065,3.560438,4.515965
2,111,112.0,10.0,1.0,1.0,93.0,1.0,1.0,1.0,0.9999913,1.0,-0.0,0.0,-8.689869e-06,-0.0,0.5435869,2.7576296,0.4028351,3.102329,0.5224508,2.5120182,1.0,6.4665976,1.3030535,0.8425926,39.008392,0.0,0.0,0.0,0.0,0.0,0,6.435153,0.0,0.0,8.109644,3.565575,5.971926,0.0,2.2578142,3.3109338,4.207457
3,111,112.0,10.0,1.0,1.0,93.0,1.0,1.0,1.0,0.99999046,1.0,-0.0,0.0,-9.552334e-06,-0.0,0.67161846,2.4690394,0.2953688,1.0512633,0.45980555,2.4803467,1.0,5.017509,1.0075979,0.8611111,40.28499,0.0,0.0,0.0,0.0,0.0,0,6.273624,0.0,0.0,7.3076754,3.2915535,5.335012,0.0,2.5173273,3.004102,2.1553016
0,112,113.0,10.0,1.0,1.0,94.0,1.0,1.0,1.0,0.99998975,1.0,-0.0,0.0,-1.0244688e-05,-0.0,0.4563015,2.8175561,0.109182335,1.2379442,0.4193244,2.6298442,1.0,5.3555126,-0.04293397,0.8472222,40.408985,0.0,0.0,0.0,0.0,0.0,0,5.9668207,0.0,0.0,8.761353,5.69104,7.0504065,0.0,2.9813936,1.5021305,3.7059135
1,112,113.0,10.0,1.0,1.0,94.0,1.0,1.0,1.0,0.99998933,1.0,-0.0,0.0,-1.0672073e-05,-0.0,0.46404266,2.8675766,0.22977602,1.8392454,0.45954892,2.065744,1.0,5.5040255,0.38013142,0.8287037,40.239136,0.0,0.0,0.0,0.0,0.0,0,4.8827944,0.0,0.0,8.485282,3.9245434,6.861389,0.0,3.6067276,2.1059222,3.7370548
2,112,113.0,10.0,1.0,1.0,94.0,1.0,1.0,1.0,0.9999906,1.0,-0.0,0.0,-9.3938015e-06,-0.0,0.46285802,2.7771127,0.24981552,2.655318,0.5016141,2.7988338,1.0,4.9550753,-0.47967303,0.8425926,39.191593,0.0,0.0,0.0,0.0,0.0,0,4.698916,0.0,0.0,7.5279927,4.0290666,4.96104,0.0,3.1403375,2.3605235,2.680477
3,112,113.0,10.0,1.0,1.0,94.0,1.0,1.0,1.0,0.99999005,1.0,-0.0,0.0,-9.976679e-06,-0.0,0.59287214,2.4877524,0.38146242,2.1047814,0.44811773,2.811669,1.0,4.054923,0.18989295,0.8657407,40.538864,0.0,0.0,0.0,0.0,0.0,0,4.988961,0.0,0.0,7.390917,3.7452843,5.1083493,0.0,2.6673005,2.6508837,1.9088395
0,113,114.0,10.0,1.0,1.0,95.0,1.0,1.0,1.0,0.99999315,1.0,-0.0,0.0,-6.864798e-06,-0.0,0.49288124,2.773403,0.1037425,1.7733806,0.4251323,2.4105694,1.0,5.579245,0.28956866,0.8518519,40.619953,0.0,0.0,0.0,0.0,0.0,0,7.687406,0.0,0.0,8.831048,4.3451834,6.3500524,0.0,2.71574,3.1489031,2.8640394
1,113,114.0,10.0,1.0,1.0,95.0,1.0,1.0,1.0,0.9999924,1.0,-0.0,0.0,-7.60783e-06,-0.0,0.46768224,2.907154,0.24408701,2.5166876,0.4665473,1.829859,1.0,5.9717593,0.32787025,0.8287037,40.350616,0.0,0.0,0.0,0.0,0.0,0,7.344291,0.0,0.0,8.367333,4.202085,6.7911806,0.0,2.7216947,3.4490547,2.8440502
2,113,114.0,10.0,1.0,1.0,95.0,1.0,1.0,1.0,0.9999929,1.0,-0.0,0.0,-7.083751e-06,-0.0,0.52905494,2.6389844,0.21973324,2.9792805,0.5097668,2.685801,1.0,4.498539,-0.2686633,0.8425926,39.510963,0.0,0.0,0.0,0.0,0.0,0,7.2022357,0.0,0.0,8.296454,4.2724714,5.12011,0.0,2.742698,3.0306587,2.3859856
3,113,114.0,10.0,1.0,1.0,95.0,1.0,1.0,1.0,0.9999916,1.0,-0.0,0.0,-8.427207e-06,-0.0,0.63887423,2.3468392,0.37248072,1.986156,0.4505448,2.5866287,1.0,4.031723,-0.23642927,0.8657407,40.83551,0.0,0.0,0.0,0.0,0.0,0,6.849401,0.0,0.0,7.7889533,3.9199436,5.3255873,0.0,2.4858696,4.469997,0.0
0,114,115.0,10.0,1.0,1.0,96.0,1.0,1.0,1.0,0.9999914,1.0,-0.0,0.0,-8.568789e-06,-0.0,0.4759159,2.9946764,0.08603973,1.8345584,0.43369722,2.272855,1.0,5.3876514,0.44702178,0.8518519,40.68708,0.0,0.0,0.0,0.0,0.0,0,6.568743,0.0,0.0,8.721877,4.1942954,7.016809,0.0,2.3687263,3.3561413,2.9714005
1,114,115.0,10.0,1.0,1.0,96.0,1.0,1.0,1.0,0.9999906,1.0,-0.0,0.0,-9.388296e-06,-0.0,0.45886636,3.1023276,0.22488596,2.4157593,0.47196454,1.7295859,1.0,5.859295,0.6662132,0.8287037,40.398346,0.0,0.0,0.0,0.0,0.0,0,6.648808,0.0,0.0,9.300819,4.929516,7.0097146,0.0,2.413963,3.5741954,3.6677835
2,114,115.0,10.0,1.0,1.0,96.0,1.0,1.0,1.0,0.9999907,1.0,-0.0,0.0,-9.301006e-06,-0.0,0.5229745,2.8635533,0.2038456,3.2255378,0.5118893,2.6304398,1.0,4.2852345,-0.20258409,0.8425926,39.573105,0.0,0.0,0.0,0.0,0.0,0,6.2234554,0.0,0.0,8.292097,4.1453643,4.879633,0.0,2.4467776,3.1752126,2.0818458
3,114,115.0,10.0,1.0,1.0,96.0,1.0,1.0,1.0,0.99998945,1.0,-0.0,0.0,-1.0561857e-05,-0.0,0.58151114,2.6025221,0.4491436,1.5430341,0.4561287,2.484761,1.0,4.1899347,-0.98732954,0.8657407,41.009094,0.0,0.0,0.0,0.0,0.0,0,5.081834,0.0,0.0,6.588143,3.8636966,5.367425,0.0,2.518732,4.885607,0.0
0,115,116.0,10.0,1.0,1.0,97.0,1.0,1.0,1.0,0.9999917,1.0,-0.0,0.0,-8.2748575e-06,-0.0,0.513602,2.895738,0.11574973,2.4312623,0.42970845,2.3673196,1.0,5.4362082,-1.0672808,0.8518519,41.05227,0.0,0.0,0.0,0.0,0.0,0,6.840004,0.0,0.0,8.460309,3.6544852,6.9068966,0.0,2.3799074,2.7374597,2.5455809
1,115,116.0,10.0,1.0,1.0,97.0,1.0,1.0,1.0,0.99999195,1.0,-0.0,0.0,-8.063376e-06,-0.0,0.45598298,3.0963457,0.25485536,3.209237,0.46733245,1.8264341,1.0,6.320247,-1.3750223,0.837963,40.691193,0.0,0.0,0.0,0.0,0.0,0,7.2191253,0.0,0.0,9.218032,4.13073,6.839179,0.0,2.4196293,3.1525924,4.4606996
2,115,116.0,10.0,1.0,1.0,97.0,1.0,1.0,1.0,0.9999914,1.0,-0.0,0.0,-8.598465e-06,-0.0,0.5531799,2.78751,0.1742262,3.4762006,0.5046351,2.6796737,1.0,4.484453,-2.218172,0.8425926,39.949394,0.0,0.0,0.0,0.0,0.0,0,6.8879085,0.0,0.0,8.988381,3.6344,5.221075,0.0,2.9797573,2.124729,2.9480836
3,115,116.0,10.0,1.0,1.0,97.0,1.0,1.0,1.0,0.9999889,1.0,-0.0,0.0,-1.1061338e-05,-0.0,0.47768468,2.4309845,0.49557635,0.92871964,0.46137437,2.509212,1.0,4.8568797,-1.8087271,0.8703704,41.491814,0.0,0.0,0.0,0.0,0.0,0,4.790736,0.0,0.0,5.5182004,2.79491,5.353999,0.0,2.6590655,2.2012055,0.0
0,116,117.0,10.0,1.0,1.0,98.0,1.0,1.0,1.0,0.9999902,1.0,-0.0,0.0,-9.771339e-06,-0.0,0.5111393,3.085576,0.06201,2.158393,0.4276876,2.4380138,1.0,5.2788963,-1.1827266,0.8518519,41.065327,0.0,0.0,0.0,0.0,0.0,0,6.0118947,0.0,0.0,9.378604,4.609051,6.9140596,0.0,2.422062,2.0166364,2.3201113
1,116,117.0,10.0,1.0,1.0,98.0,1.0,1.0,1.0,0.99998987,1.0,-0.0,0.0,-1.014699e-05,-0.0,0.4460681,3.2973711,0.2220053,3.0985417,0.4676587,1.875487,1.0,6.2633777,-1.3479851,0.837963,40.718185,0.0,0.0,0.0,0.0,0.0,0,6.434894,0.0,0.0,9.935377,5.814546,7.0232954,0.0,2.2823167,2.4467301,3.739319
2,116,117.0,10.0,1.0,1.0,98.0,1.0,1.0,1.0,0.99998987,1.0,-0.0,0.0,-1.0144839e-05,-0.0,0.5416673,2.9891593,0.16583218,3.3181279,0.5048646,2.707571,1.0,4.3602195,-2.5317278,0.8425926,39.971867,0.0,0.0,0.0,0.0,0.0,0,5.4249196,0.0,0.0,9.325808,4.7099223,5.3887277,0.0,2.836024,1.9843727,1.8516715
3,116,117.0,10.0,1.0,1.0,98.0,1.0,1.0,1.0,0.9999894,1.0,-0.0,0.0,-1.0637206e-05,-0.0,0.47875458,2.6841938,0.5764455,1.1391652,0.4698146,2.4575202,1.0,4.9978685,-1.6855038,0.875,41.612278,0.0,0.0,0.0,0.0,0.0,0,5.4528513,0.0,0.0,6.7947426,4.3305864,4.9748197,0.0,2.2185047,2.3741739,0.0
0,117,118.0,10.0,1.0,1.0,99.0,1.0,1.0,1.0,0.9999925,1.0,-0.0,0.0,-7.5007474e-06,-0.0,0.5795307,3.0589623,0.08889673,2.4351225,0.43396783,2.3049998,1.0,5.3573413,-0.32268465,0.8564815,41.30713,0.0,0.0,0.0,0.0,0.0,0,7.5350747,0.0,0.0,8.029481,4.9073305,6.525942,0.0,2.3869727,2.6417918,1.4219757
1,117,118.0,10.0,1.0,1.0,99.0,1.0,1.0,1.0,0.9999918,1.0,-0.0,0.0,-8.220557e-06,-0.0,0.4765991,3.3740342,0.31159338,4.009534,0.47305343,1.7246007,1.0,6.7055736,-0.940863,0.837963,40.869118,0.0,0.0,0.0,0.0,0.0,0,8.203799,0.0,0.0,9.130337,4.6542807,7.1000113,0.0,2.3291454,3.4245164,3.3221555
2,117,118.0,10.0,1.0,1.0,99.0,1.0,1.0,1.0,0.99999225,1.0,-0.0,0.0,-7.739104e-06,-0.0,0.5809486,3.0170639,0.17465468,3.302758,0.51531214,2.5799627,1.0,4.5846677,-1.9622362,0.8425926,40.184765,0.0,0.0,0.0,0.0,0.0,0,7.3224874,0.0,0.0,8.634834,4.1915865,5.1336837,0.0,2.4747498,2.7017684,2.3519444
3,117,118.0,10.0,1.0,1.0,99.0,1.0,1.0,1.0,0.99999064,1.0,-0.0,0.0,-9.338063e-06,-0.0,0.5115423,2.5730805,0.56511337,1.1190627,0.46929094,2.3782058,1.0,5.2458687,-1.023572,0.875,41.892727,0.0,0.0,0.0,0.0,0.0,0,5.2717934,0.0,0.0,5.437578,3.530975,5.330612,0.0,2.4042501,2.663451,0.0
0,118,119.0,10.0,1.0,1.0,100.0,1.0,1.0,1.0,0.99999106,1.0,-0.0,0.0,-8.941276e-06,-0.0,0.56614166,3.146999,0.098504856,2.5045285,0.42812213,2.6179116,1.0,5.300493,-0.02759695,0.8564815,41.615696,0.0,0.0,0.0,0.0,0.0,0,6.1018653,0.0,0.0,8.775078,5.230209,6.7684565,0.0,2.9208772,1.792109,2.659347
1,118,119.0,10.0,1.0,1.0,100.0,1.0,1.0,1.0,0.9999896,1.0,-0.0,0.0,-1.0351729e-05,-0.0,0.46190506,3.4122028,0.24319097,3.6211295,0.4731215,2.025568,1.0,6.5427475,-1.1188816,0.837963,41.160236,0.0,0.0,0.0,1.0,0.0,0,6.067753,0.0,0.0,10.068735,5.815616,6.713014,0.0,2.6577432,2.008304,3.3827941
2,118,119.0,10.0,1.0,1.0,100.0,1.0,1.0,1.0,0.99999064,1.0,-0.0,0.0,-9.349328e-06,-0.0,0.563566,3.077994,0.12899403,3.3091514,0.5033701,2.8646228,1.0,4.5488095,-2.0010052,0.8425926,40.536312,0.0,0.0,0.0,0.0,0.0,0,5.5347366,0.0,0.0,9.005965,5.598179,5.4239054,0.0,3.3698044,1.6579416,2.141632
3,118,119.0,10.0,1.0,1.0,100.0,1.0,1.0,1.0,0.99999094,1.0,-0.0,0.0,-9.0453e-06,-0.0,0.44999197,2.6764312,0.63227564,1.38081,0.45362568,2.7067034,1.0,5.2351384,-1.9406183,0.875,42.33701,0.0,0.0,0.0,0.0,0.0,0,4.5667315,0.0,0.0,5.4909043,3.8953478,5.38684,0.0,2.8468392,1.9454968,0.0
0,119,120.0,10.0,1.0,1.0,101.0,1.0,1.0,1.0,0.99999034,1.0,-0.0,0.0,-9.6766435e-06,-0.0,0.5042147,3.019656,0.083838135,1.8451936,0.42552465,2.5929759,1.0,5.8421087,-0.7878337,0.8564815,41.99045,0.0,0.0,0.0,0.0,0.0,0,5.533022,0.0,0.0,5.6587834,4.0748544,5.522642,0.0,3.6893263,2.452149,0.0
1,119,120.0,10.0,1.0,1.0,101.0,1.0,1.0,1.0,0.9999902,1.0,-0.0,0.0,-9.758014e-06,-0.0,0.50370026,3.3805637,0.22836788,3.5625029,0.4763228,1.9228823,1.0,6.3762746,0.1465939,0.837963,41.423717,0.0,0.0,0.0,1.0,0.0,0,7.7239637,0.0,0.0,8.9831505,4.553287,6.9760947,0.0,3.0764616,2.2504613,2.1524365
2,119,120.0,10.0,1.0,1.0,101.0,1.0,1.0,1.0,0.99999094,1.0,-0.0,0.0,-9.076835e-06,-0.0,0.4879195,2.976718,0.23101906,2.782284,0.5110099,2.7693124,1.0,5.2866488,-2.3170524,0.8425926,40.904533,0.0,0.0,0.0,0.0,0.0,0,6.0480375,0.0,0.0,5.8012977,4.270092,4.9769554,0.0,3.148019,1.8251921,0.0
3,119,120.0,10.0,1.0,1.0,101.0,1.0,1.0,1.0,0.99998873,1.0,-0.0,0.0,-1.1252742e-05,-0.0,0.45274234,2.4754202,0.69719297,1.8005377,0.45573494,2.5460632,1.0,5.072847,-1.1839503,0.875,42.699825,0.0,0.0,0.0,0.0,0.0,0,5.615649,0.0,0.0,5.9500604,3.4549816,6.0711865,0.0,2.1503975,2.5446198,0.0
0,120,121.0,10.0,1.0,1.0,102.0,1.0,1.0,1.0,0.9999904,1.0,-0.0,0.0,-9.56657e-06,-0.0,0.4865475,2.9261894,0.29696083,1.9253231,0.419844,2.737472,1.0,6.3965993,-0.3037639,0.8564815,42.616455,0.0,0.0,0.0,0.0,0.0,0,4.1673365,0.0,0.0,4.493848,3.375973,6.391719,0.0,2.5630465,1.9974818,0.0
1,120,121.0,10.0,1.0,1.0,102.0,1.0,1.0,1.0,0.9999922,1.0,-0.0,0.0,-7.79425e-06,-0.0,0.5283061,3.401411,0.22587495,3.6566248,0.4820327,2.0398154,1.0,6.4018083,-0.1651654,0.837963,41.814972,0.0,0.0,0.0,1.0,0.0,0,7.505531,0.0,0.0,9.215153,5.106455,6.9742002,0.0,2.8056915,1.9162313,2.538528
2,120,121.0,10.0,1.0,1.0,102.0,1.0,1.0,1.0,0.99999046,1.0,-0.0,0.0,-9.540645e-06,-0.0,0.48588252,2.9447284,0.3610335,3.104851,0.50547725,2.847356,1.0,5.832135,-1.0973308,0.8425926,41.50439,0.0,0.0,0.0,0.0,0.0,0,4.745094,0.0,0.0,5.3001018,4.132097,5.0443487,0.0,3.2743864,1.9399133,0.0
3,120,121.0,10.0,1.0,1.0,102.0,1.0,1.0,1.0,0.99999225,1.0,-0.0,0.0,-7.724771e-06,-0.0,0.4498832,2.655979,0.5857641,1.055721,0.4564125,2.5623057,1.0,5.3453674,-1.6483897,0.875,43.121674,0.0,0.0,0.0,0.0,0.0,0,5.2711964,0.0,0.0,5.428426,4.0433526,5.1371937,0.0,1.6872975,3.1214414,0.0
0,121,122.0,10.0,1.0,1.0,103.0,1.0,1.0,1.0,0.999987,1.0,-0.0,0.0,-1.3007793e-05,-0.0,0.48617423,2.9414334,0.39411178,2.2673383,0.42986482,2.5687127,1.0,6.415271,-0.47438592,0.8564815,42.81403,0.0,0.0,0.0,0.0,0.0,0,5.9815803,0.0,0.0,6.5648255,3.7564616,6.3260984,0.0,2.1502364,2.1552765,0.0
1,121,122.0,10.0,1.0,1.0,103.0,1.0,1.0,1.0,0.9999898,1.0,-0.0,0.0,-1.018948e-05,-0.0,0.54644233,3.4573576,0.17407352,3.372648,0.48802882,1.9543747,1.0,6.275854,-0.0642091,0.837963,41.97035,0.0,0.0,0.0,1.0,0.0,0,7.1675844,0.0,0.0,9.100032,4.8707504,6.290408,0.0,2.1477354,2.683813,0.0
2,121,122.0,10.0,1.0,1.0,103.0,1.0,1.0,1.0,0.999987,1.0,-0.0,0.0,-1.2982182e-05,-0.0,0.48433578,2.9223292,0.46198076,3.3925498,0.51376194,2.7383296,1.0,5.7624874,-1.7738882,0.8425926,41.715054,0.0,0.0,0.0,0.0,0.0,0,6.126717,0.0,0.0,7.0116096,3.720961,4.6562543,0.0,2.3669713,2.546891,0.18736842
3,121,122.0,10.0,1.0,1.0,103.0,1.0,1.0,1.0,0.9999897,1.0,-0.0,0.0,-1.02826525e-05,-0.0,0.44889003,2.6680036,0.59841436,1.3020397,0.4549534,2.5790527,1.0,5.3864875,-1.7224262,0.875,43.244667,0.0,0.0,0.0,0.0,0.0,0,5.643471,0.0,0.0,5.9202313,3.855022,5.463761,0.0,1.8459928,3.0716968,0.0
0,122,123.0,10.0,1.0,1.0,104.0,1.0,1.0,1.0,0.9999931,1.0,-0.0,0.0,-6.941874e-06,-0.0,0.520955,3.0190585,0.4337863,2.3483973,0.42734385,2.6597364,1.0,6.3592772,-0.094693154,0.8564815,43.09452,0.0,0.0,0.0,0.0,0.0,0,5.300759,0.0,0.0,5.7645946,5.197614,6.262952,0.0,2.6619146,1.8858472,0.0
1,122,123.0,10.0,1.0,1.0,104.0,1.0,1.0,1.0,0.99999136,1.0,-0.0,0.0,-8.66863e-06,-0.0,0.48207456,3.4403145,0.2011141,3.3395274,0.4857973,2.1904304,1.0,7.23885,0.010771677,0.837963,42.45065,0.0,0.0,0.0,0.0,0.0,0,3.077527,0.0,0.0,5.1005135,4.6780944,6.32164,0.0,2.4115448,1.9371185,0.0
2,122,123.0,10.0,1.0,1.0,104.0,1.0,1.0,1.0,0.9999937,1.0,-0.0,0.0,-6.292513e-06,-0.0,0.5037881,3.046558,0.41667023,3.2949274,0.50681734,2.8533976,1.0,5.654473,-1.5338166,0.8425926,41.929966,0.0,0.0,0.0,0.0,0.0,0,5.8075066,0.0,0.0,7.711624,4.857262,4.660789,0.0,2.8443847,2.2517483,0.0
3,122,123.0,10.0,1.0,1.0,104.0,1.0,1.0,1.0,0.99999255,1.0,-0.0,0.0,-7.449393e-06,-0.0,0.45247525,2.8822384,0.5509571,1.2461365,0.4507699,2.7508783,1.0,5.7362037,-1.506309,0.875,43.52757,0.0,0.0,0.0,0.0,0.0,0,5.1336346,0.0,0.0,5.5751266,4.2342753,5.175151,0.0,2.2979643,2.5181694,0.0
0,123,124.0,10.0,1.0,1.0,105.0,1.0,1.0,1.0,0.9999876,1.0,-0.0,0.0,-1.2402657e-05,-0.0,0.51946527,2.8032205,0.5296435,2.7727022,0.43869507,2.456883,1.0,6.1423864,-0.17334335,0.8564815,43.448906,0.0,0.0,0.0,0.0,0.0,0,5.057405,0.0,0.0,5.4480977,3.560719,5.9470263,0.0,2.3398366,2.333868,0.0
1,123,124.0,10.0,1.0,1.0,105.0,1.0,1.0,1.0,0.9999851,1.0,-0.0,0.0,-1.4913971e-05,-0.0,0.5197305,3.1617212,0.3542723,3.2768219,0.48786885,2.0725527,1.0,7.0563283,0.24972948,0.837963,42.91629,0.0,0.0,0.0,0.0,0.0,0,6.207661,0.0,0.0,6.1071835,4.6175594,6.72857,0.0,3.5689962,2.0686111,0.0
2,123,124.0,10.0,1.0,1.0,105.0,1.0,1.0,1.0,0.9999886,1.0,-0.0,0.0,-1.1403238e-05,-0.0,0.5166572,2.868201,0.5014265,3.5959654,0.51757455,2.7525852,1.0,5.6084647,-1.0940264,0.8425926,42.261936,0.0,0.0,0.0,0.0,0.0,0,5.807182,0.0,0.0,6.152877,3.9287755,5.408192,0.0,3.0157783,2.5782259,0.0
3,123,124.0,10.0,1.0,1.0,105.0,1.0,1.0,1.0,0.99998856,1.0,-0.0,0.0,-1.1473594e-05,-0.0,0.45287237,2.7364347,0.5740778,1.4199346,0.45993444,2.6482337,1.0,5.636629,-1.3714731,0.875,43.80722,0.0,0.0,0.0,0.0,0.0,0,5.255334,0.0,0.0,5.344016,3.6770284,5.4765277,0.0,2.1603515,2.741507,0.0
0,124,125.0,10.0,1.0,1.0,106.0,1.0,1.0,1.0,0.9999911,1.0,-0.0,0.0,-8.908731e-06,-0.0,0.5497985,2.8440955,0.5811819,3.4024575,0.42715222,2.6700168,1.0,6.7316704,0.3884891,0.8564815,44.01762,0.0,0.0,0.0,0.0,0.0,0,4.131218,0.0,0.0,3.4475088,3.5505483,5.8970957,0.0,3.099387,2.4982514,0.0
1,124,125.0,10.0,1.0,1.0,106.0,1.0,1.0,1.0,0.9999913,1.0,-0.0,0.0,-8.691904e-06,-0.0,0.5649202,3.1129103,0.39015034,3.5042362,0.47578308,2.3805087,1.0,7.2649574,1.1881143,0.837963,43.376427,0.0,0.0,0.0,0.0,0.0,0,5.0451984,0.0,0.0,6.185512,4.3367453,5.2583103,0.0,2.9501934,1.8732591,0.0
2,124,125.0,10.0,1.0,1.0,106.0,1.0,1.0,1.0,0.9999911,1.0,-0.0,0.0,-8.900748e-06,-0.0,0.5316708,2.830629,0.5791874,4.228296,0.510888,2.8635297,1.0,5.887262,-0.7914398,0.8425926,42.81776,0.0,0.0,0.0,0.0,0.0,0,4.075666,0.0,0.0,4.74944,3.5722196,5.097111,0.0,2.509194,2.5664034,0.0
3,124,125.0,10.0,1.0,1.0,106.0,1.0,1.0,1.0,0.99999166,1.0,-0.0,0.0,-8.344111e-06,-0.0,0.4812278,2.899709,0.5640215,1.9607722,0.45407388,2.8640764,1.0,6.3449244,-0.78390443,0.875,44.38317,0.0,0.0,0.0,0.0,0.0,0,4.006784,0.0,0.0,3.7951863,3.8177276,4.622355,0.0,2.2773793,2.4025404,0.0
0,125,126.0,10.0,1.0,1.0,107.0,1.0,1.0,1.0,0.9999876,1.0,-0.0,0.0,-1.2424243e-05,-0.0,0.5578395,2.7817917,0.69417965,4.217172,0.43453696,2.625674,1.0,6.9033637,0.6266432,0.8564815,44.272594,0.0,0.0,0.0,0.0,0.0,0,4.8130574,0.0,0.0,5.033192,3.5095932,6.6414585,0.0,2.2478964,3.2633712,0.0
1,125,126.0,10.0,1.0,1.0,107.0,1.0,1.0,1.0,0.99998856,1.0,-0.0,0.0,-1.1440876e-05,-0.0,0.6089013,3.0205364,0.5655707,4.043557,0.48272112,2.2297428,1.0,7.126868,1.4484953,0.837963,43.72905,0.0,0.0,0.0,0.0,0.0,0,4.827662,0.0,0.0,4.6775584,3.8728013,6.682452,0.0,2.9968398,2.388901,0.0
2,125,126.0,10.0,1.0,1.0,107.0,1.0,1.0,1.0,0.9999884,1.0,-0.0,0.0,-1.1618756e-05,-0.0,0.58214253,2.7113688,0.7456521,4.9041605,0.5142407,2.8049796,1.0,5.5577416,-0.11016708,0.8425926,43.14926,0.0,0.0,0.0,0.0,0.0,0,5.046899,0.0,0.0,4.990922,4.009829,6.1468472,0.0,2.7062538,2.431398,0.0
3,125,126.0,10.0,1.0,1.0,107.0,1.0,1.0,1.0,0.99998975,1.0,-0.0,0.0,-1.0253292e-05,-0.0,0.4907984,2.8753498,0.6337862,2.4392974,0.46121162,2.8520257,1.0,6.428674,-0.6350223,0.875,44.579018,0.0,0.0,0.0,0.0,0.0,0,5.622445,0.0,0.0,5.975698,3.1233575,5.498907,0.0,2.541954,2.3641183,0.0
0,126,127.0,10.0,1.0,1.0,108.0,1.0,1.0,1.0,0.99999124,1.0,-0.0,0.0,-8.747569e-06,-0.0,0.6086346,2.7328708,0.72936743,4.697041,0.42544767,2.8591526,1.0,7.0970497,1.2712618,0.8564815,44.79905,0.0,0.0,0.0,0.0,0.0,0,4.741585,0.0,0.0,5.129466,3.85719,5.8514023,0.0,2.7632968,2.5156186,0.0
1,126,127.0,10.0,1.0,1.0,108.0,1.0,1.0,1.0,0.99871653,1.0,-0.0,0.0,-9.734084e-06,-0.0012737734,0.6397564,2.9623554,0.67190856,5.076426,0.4809223,2.5204172,0.0,7.772562,2.1490166,0.837963,44.316162,0.0,0.0,0.0,0.0,0.0,0,4.5963564,0.0,0.0,4.145137,4.5425124,7.026407,0.0,2.907608,2.330838,0.0
2,126,127.0,10.0,1.0,1.0,108.0,1.0,1.0,1.0,0.99188876,1.0,-0.0,0.0,-1.041845e-05,-0.008100832,0.56168324,2.716016,0.79819274,5.4860497,0.5154002,2.8250008,0.0,6.3405037,0.011228956,0.8425926,43.73385,0.0,0.0,0.0,0.0,0.0,0,4.307464,0.0,0.0,3.9818728,3.3240638,5.3173833,0.0,2.3908274,2.8768165,0.0
3,126,127.0,10.0,1.0,1.0,108.0,1.0,1.0,1.0,0.9999922,1.0,-0.0,0.0,-7.809811e-06,-0.0,0.5326357,2.8946166,0.6704388,2.9449267,0.45052284,3.0754666,1.0,6.8020415,0.25315675,0.875,45.137276,0.0,0.0,0.0,0.0,0.0,0,4.6151586,0.0,0.0,4.2053075,3.568081,6.1212187,0.0,2.1033816,2.2433035,0.0
0,127,128.0,10.0,1.0,1.0,109.0,1.0,1.0,1.0,0.994903,1.0,-0.0,0.0,-1.2089687e-05,-0.005084884,0.6443843,2.6556683,0.83428293,5.305093,0.435247,2.8010702,0.0,7.1587005,1.8650163,0.8564815,45.090206,0.0,0.0,0.0,0.0,0.0,0,4.983474,0.0,0.0,5.202249,3.5776806,6.3189807,0.0,2.40859,2.994839,0.0
1,127,128.0,10.0,1.0,1.0,109.0,1.0,1.0,1.0,0.98935425,1.0,-0.0,0.0,-1.3268923e-05,-0.010632427,0.686612,2.8259761,0.8239032,5.637945,0.48518637,2.446347,0.0,7.5524745,2.7093637,0.837963,44.679054,0.0,0.0,0.0,0.0,0.0,0,4.8909855,0.0,0.0,5.0518403,3.8587363,7.016085,0.0,2.919623,2.349462,0.0
2,127,128.0,10.0,1.0,1.0,109.0,1.0,1.0,1.0,0.98359793,1.0,-0.0,0.0,-1.331311e-05,-0.016388753,0.5898502,2.6031818,0.90900445,5.983325,0.5215804,2.767333,0.0,6.299055,0.69872195,0.8425926,44.039455,0.0,0.0,0.0,0.0,0.0,0,4.784965,0.0,0.0,4.7320404,4.092448,5.34153,0.0,2.2377784,3.1745324,0.0
3,127,128.0,10.0,1.0,1.0,109.0,1.0,1.0,1.0,0.9999897,1.0,-0.0,0.0,-1.0312333e-05,-0.0,0.5740419,2.807942,0.77851015,3.5100393,0.45075038,3.1282098,1.0,6.7307377,0.5095061,0.875,45.441948,0.0,0.0,0.0,0.0,0.0,0,5.0597153,0.0,0.0,4.796734,4.164939,6.539559,0.0,2.482281,2.3996763,0.0
0,128,129.0,10.0,1.0,1.0,110.0,1.0,1.0,1.0,0.9864425,1.0,-0.0,0.0,-1.2032699e-05,-0.01354546,0.6055396,2.7096667,0.83189195,5.812727,0.43394873,2.8880272,0.0,7.9080753,1.6583046,0.8564815,45.72472,0.0,0.0,0.0,0.0,0.0,0,4.3409085,0.0,0.0,3.9049988,3.746423,5.1202264,0.0,2.4440188,2.5832205,0.0
1,128,129.0,10.0,1.0,1.0,110.0,1.0,1.0,1.0,0.9784603,1.0,-0.0,0.0,-1.1397192e-05,-0.021528315,0.6521039,2.819795,0.86470014,6.2916985,0.48892,2.4960759,0.0,8.126756,2.557773,0.837963,45.316093,0.0,0.0,0.0,0.0,0.0,0,4.139252,0.0,0.0,3.6404197,3.6033072,6.740773,0.0,2.463548,3.283989,0.0
2,128,129.0,10.0,1.0,1.0,110.0,1.0,1.0,1.0,0.9780777,1.0,-0.0,0.0,-1.0886629e-05,-0.021911383,0.5664226,2.605974,0.9135758,6.3146825,0.5205121,2.785939,0.0,6.7445064,0.5700048,0.8425926,44.621887,0.0,0.0,0.0,0.0,0.0,0,4.496075,0.0,0.0,4.846615,3.6360242,6.5083437,0.0,2.2199173,3.5358388,0.0
3,128,129.0,10.0,1.0,1.0,110.0,1.0,1.0,1.0,0.9999915,1.0,-0.0,0.0,-8.524203e-06,-0.0,0.5661938,2.8329096,0.8198116,4.2475076,0.44888803,3.3693972,1.0,7.3652973,1.0994551,0.875,46.05387,0.0,0.0,0.0,0.0,0.0,0,4.012066,0.0,0.0,3.5990648,3.4486344,6.126597,0.0,2.9509876,2.3459156,0.0
0,129,130.0,10.0,1.0,1.0,111.0,1.0,1.0,1.0,0.98479974,1.0,-0.0,0.0,-1.4002278e-05,-0.015186235,0.6197274,2.5855834,0.9051566,5.911174,0.44377184,2.780877,0.0,7.498995,1.5718257,0.8564815,46.037926,0.0,0.0,0.0,0.0,0.0,0,4.150188,0.0,0.0,4.3701806,3.3132322,5.3905997,0.0,2.4535956,3.004149,0.0
1,129,130.0,10.0,1.0,1.0,111.0,1.0,1.0,1.0,0.97257763,1.0,-0.0,0.0,-1.404706e-05,-0.027408326,0.6607764,2.6543221,0.97241867,6.644499,0.49717435,2.344728,0.0,7.9520636,2.4891505,0.837963,45.631042,0.0,0.0,0.0,0.0,0.0,0,4.224771,0.0,0.0,4.415661,3.3826501,6.982014,0.0,2.7396889,3.287643,0.0
2,129,130.0,10.0,1.0,1.0,111.0,1.0,1.0,1.0,0.9747169,1.0,-0.0,0.0,-1.2920931e-05,-0.025270157,0.5772971,2.4946208,0.98943293,6.5162086,0.5282661,2.6884227,0.0,6.6251326,0.56320524,0.8425926,44.92453,0.0,0.0,0.0,0.0,0.0,0,4.260357,0.0,0.0,4.3872647,3.7440085,5.426928,0.0,2.2875037,3.5973299,0.0
3,129,130.0,10.0,1.0,1.0,111.0,1.0,1.0,1.0,0.99998724,1.0,-0.0,0.0,-1.2781618e-05,-0.0,0.58592075,2.725118,0.8918055,4.407784,0.45766202,3.2708445,1.0,7.0513225,1.0555638,0.875,46.358917,0.0,0.0,0.0,0.0,0.0,0,4.5300565,0.0,0.0,4.655747,3.6489372,6.528285,0.0,2.885312,2.654832,0.0
0,130,131.0,10.0,1.0,1.0,112.0,1.0,1.0,1.0,0.985798,1.0,-0.0,0.0,-1.2081079e-05,-0.014189917,0.59596634,2.645043,0.8614732,5.8513947,0.44767806,2.8313663,0.0,7.8223515,1.7686393,0.8564815,46.607285,0.0,0.0,0.0,0.0,0.0,0,4.6488185,0.0,0.0,4.345256,3.3384628,5.2300873,0.0,2.719452,2.865885,0.0
1,130,131.0,10.0,1.0,1.0,112.0,1.0,1.0,1.0,0.97397304,1.0,-0.0,0.0,-1.22649835e-05,-0.02601471,0.6399181,2.7619946,0.917466,6.560882,0.5070537,2.3433924,0.0,8.246384,2.6094968,0.837963,46.24353,0.0,0.0,0.0,0.0,0.0,0,3.7285762,0.0,0.0,3.7934673,3.222838,6.9696245,0.0,2.6423912,2.9147234,0.0
2,130,131.0,10.0,1.0,1.0,112.0,1.0,1.0,1.0,0.97984874,1.0,-0.0,0.0,-1.1534531e-05,-0.020139689,0.5378198,2.611274,0.92598087,6.2083807,0.5312102,2.7029417,0.0,6.937461,0.9061033,0.8425926,45.534725,0.0,0.0,0.0,0.0,0.0,0,4.3488026,0.0,0.0,4.0732317,3.378625,5.3689046,0.0,2.5548117,2.9616723,0.0
3,130,131.0,10.0,1.0,1.0,112.0,1.0,1.0,1.0,0.9999895,1.0,-0.0,0.0,-1.05168065e-05,-0.0,0.56317484,2.8652432,0.8428577,4.424802,0.4654914,3.2925508,1.0,7.4139676,1.553297,0.875,47.004738,0.0,0.0,0.0,0.0,0.0,0,4.18265,0.0,0.0,4.6945467,2.6447632,7.020458,0.0,2.7893863,2.83443,0.0
0,131,132.0,10.0,1.0,1.0,113.0,1.0,1.0,1.0,0.9807161,1.0,-0.0,0.0,-1.3947705e-05,-0.019269934,0.6212734,2.825206,0.76049715,6.1561956,0.45900935,2.5653584,0.0,9.125352,2.7336776,0.8564815,46.89436,0.0,0.0,0.0,0.0,0.0,0,4.9283643,0.0,0.0,4.878584,3.631888,5.2976313,0.0,2.4110837,4.241953,0.0
1,131,132.0,10.0,1.0,1.0,113.0,1.0,1.0,1.0,0.9698799,1.0,-0.0,0.0,-1.4109322e-05,-0.030105937,0.6519962,2.8798594,0.8312014,6.8063555,0.5155764,2.024408,0.0,9.24873,3.2863934,0.837963,46.467777,0.0,0.0,0.0,0.0,0.0,0,5.0915275,0.0,0.0,4.862659,3.8142438,6.578135,0.0,2.1981483,4.671404,0.0
2,131,132.0,10.0,1.0,1.0,113.0,1.0,1.0,1.0,0.98365325,1.0,-0.0,0.0,-1.252961e-05,-0.016334219,0.5563859,2.7679064,0.83972096,5.9800525,0.5438905,2.504841,0.0,8.210901,1.6429434,0.8425926,45.809345,0.0,0.0,0.0,0.0,0.0,0,4.891018,0.0,0.0,4.831508,3.6775491,5.1398773,0.0,2.224832,4.2623024,0.0
3,131,132.0,10.0,1.0,1.0,113.0,1.0,1.0,1.0,0.9999869,1.0,-0.0,0.0,-1.3100615e-05,-0.0,0.6024424,2.94344,0.79011655,4.9893103,0.4708463,3.1073713,1.0,8.4064865,2.160495,0.875,47.19491,0.0,0.0,0.0,0.0,0.0,0,4.6956825,0.0,0.0,4.718819,3.394245,6.8201604,0.0,2.3517878,3.9500318,0.0
0,132,133.0,10.0,1.0,1.0,114.0,1.0,1.0,1.0,0.99998766,1.0,-0.0,0.0,-1.2360149e-05,-0.0,0.59356165,2.8653364,0.74782246,4.93059,0.46347868,2.4112186,1.0,7.3014865,1.2986931,0.8564815,47.320007,0.0,0.0,0.0,0.0,0.0,0,5.4394546,0.0,0.0,6.172274,3.2202692,5.8509297,0.0,2.505334,4.118598,0.0
1,132,133.0,10.0,1.0,1.0,114.0,1.0,1.0,1.0,0.9902937,1.0,-0.0,0.0,-1.3704459e-05,-0.009692607,0.6405931,2.839173,0.85809135,5.581556,0.524343,1.8566116,0.0,7.3106976,1.9022832,0.837963,46.894283,0.0,0.0,0.0,0.0,0.0,0,5.496703,0.0,0.0,5.9124737,3.6265578,7.3528056,0.0,2.4772582,5.2102184,0.0
2,132,133.0,10.0,1.0,1.0,114.0,1.0,1.0,1.0,0.9891313,1.0,-0.0,0.0,-1.2068884e-05,-0.010856693,0.51455796,2.7413397,0.86544275,5.651401,0.54768395,2.4273958,0.0,6.4520574,0.15737209,0.8425926,46.243893,0.0,0.0,0.0,0.0,0.0,0,5.153399,0.0,0.0,5.1585016,4.303944,5.7016163,0.0,2.8659012,5.4324408,0.0
3,132,133.0,10.0,1.0,1.0,114.0,1.0,1.0,1.0,0.99998766,1.0,-0.0,0.0,-1.2341342e-05,-0.0,0.6174639,3.1079564,0.73774904,3.259337,0.47679478,2.9882007,1.0,6.446098,1.4970759,0.875,47.714386,0.0,0.0,0.0,0.0,0.0,0,6.519767,0.0,0.0,6.629075,4.181384,7.2997613,0.0,2.3250098,4.1865253,0.0
0,133,134.0,10.0,1.0,1.0,115.0,1.0,1.0,1.0,0.99998873,1.0,-0.0,0.0,-1.1241596e-05,-0.0,0.70491695,2.6979666,0.8225224,4.5704947,0.47269058,2.45178,1.0,5.5032425,1.6670562,0.8564815,48.06304,0.0,0.0,0.0,0.0,0.0,0,4.922549,0.0,0.0,5.453771,3.0825205,5.6062536,0.0,2.8406785,2.3041894,0.0
1,133,134.0,10.0,1.0,1.0,115.0,1.0,1.0,1.0,0.9999875,1.0,-0.0,0.0,-1.2544641e-05,-0.0,0.7329457,2.870262,0.8151518,4.303173,0.53147745,1.8925204,1.0,5.8091016,2.2036517,0.837963,47.700504,0.0,0.0,0.0,1.0,0.0,0,5.2705827,0.0,0.0,5.005997,4.0313315,7.2591467,0.0,2.4569604,4.1710668,0.0
2,133,134.0,10.0,1.0,1.0,115.0,1.0,1.0,1.0,0.9849498,1.0,-0.0,0.0,-1.1970054e-05,-0.015038205,0.64991486,2.6331182,0.887747,5.902292,0.5553218,2.4708614,0.0,4.799467,0.5898336,0.8425926,46.948597,0.0,0.0,0.0,0.0,0.0,0,6.0069094,0.0,0.0,5.5402627,4.4265037,5.51061,0.0,2.7576852,4.082056,0.0
3,133,134.0,10.0,1.0,1.0,115.0,1.0,1.0,1.0,0.99999,1.0,-0.0,0.0,-9.984799e-06,-0.0,0.6155711,3.0493815,0.74816966,2.2872736,0.48446995,2.9679613,1.0,4.8891625,0.06678887,0.875,48.45227,0.0,0.0,0.0,0.0,0.0,0,4.9454484,0.0,0.0,4.791089,3.3127549,7.2938886,0.0,2.5144947,3.7474859,0.0
0,134,135.0,10.0,1.0,1.0,116.0,1.0,1.0,1.0,0.9999849,1.0,-0.0,0.0,-1.506582e-05,-0.0,0.6584052,2.529743,0.7971823,4.5877624,0.48379102,2.4863355,1.0,5.8189454,1.3209069,0.8564815,48.396336,0.0,0.0,0.0,0.0,0.0,0,5.404292,0.0,0.0,5.825888,4.110103,5.6075616,0.0,2.6080654,2.7514813,0.0
1,134,135.0,10.0,1.0,1.0,116.0,1.0,1.0,1.0,0.999986,1.0,-0.0,0.0,-1.39842205e-05,-0.0,0.66083074,2.6376476,0.8073898,4.5682673,0.5402417,2.0045927,1.0,6.177173,1.6110613,0.837963,47.96542,0.0,0.0,0.0,0.0,0.0,0,5.9767423,0.0,0.0,6.4591904,3.7798545,7.555523,0.0,2.9896996,3.7072327,0.0
2,134,135.0,10.0,1.0,1.0,116.0,1.0,1.0,1.0,0.98731226,1.0,-0.0,0.0,-1.5098775e-05,-0.012672669,0.6093018,2.453927,0.8575444,5.76036,0.5634379,2.5123296,0.0,5.0006514,1.2593204,0.8425926,47.23697,0.0,0.0,0.0,0.0,0.0,0,6.0146537,0.0,0.0,6.5690594,3.5544972,5.3447814,0.0,2.7615469,3.7245855,0.0
3,134,135.0,10.0,1.0,1.0,116.0,1.0,1.0,1.0,0.9999884,1.0,-0.0,0.0,-1.1648115e-05,-0.0,0.5905166,2.8793042,0.7355957,2.3870757,0.4960513,3.0657794,1.0,5.158144,1.0645744,0.875,48.762062,0.0,0.0,0.0,0.0,0.0,0,6.005103,0.0,0.0,6.0572805,4.3902097,7.017068,0.0,2.801126,3.318362,0.0
0,135,136.0,10.0,1.0,1.0,117.0,1.0,1.0,1.0,0.9999884,1.0,-0.0,0.0,-1.1646156e-05,-0.0,0.46926066,2.8499274,0.6412922,4.1181808,0.48995513,2.3165169,1.0,6.9737825,0.19505528,0.8564815,49.009655,0.0,0.0,0.0,0.0,0.0,0,6.680451,0.0,0.0,5.877164,5.193157,5.67588,0.0,2.5274825,3.1776896,0.0
1,135,136.0,10.0,1.0,1.0,117.0,1.0,1.0,1.0,0.99998945,1.0,-0.0,0.0,-1.05529225e-05,-0.0,0.45774096,2.952934,0.67963505,4.6119304,0.5475586,1.7922591,1.0,7.3700376,0.41934475,0.837963,48.566593,0.0,0.0,0.0,0.0,0.0,0,6.3742228,0.0,0.0,5.4923916,4.9832273,6.4511085,0.0,2.161187,4.7851477,0.0
2,135,136.0,10.0,1.0,1.0,117.0,1.0,1.0,1.0,0.99998856,1.0,-0.0,0.0,-1.1470018e-05,-0.0,0.46842247,2.7196174,0.7401945,4.7611094,0.5743207,2.3831377,1.0,5.9785833,0.62557405,0.8425926,47.79282,0.0,0.0,0.0,0.0,0.0,0,4.6795673,0.0,0.0,5.431673,3.0598044,5.7741594,0.0,2.634253,4.4162664,0.0
3,135,136.0,10.0,1.0,1.0,117.0,1.0,1.0,1.0,0.9999902,1.0,-0.0,0.0,-9.789177e-06,-0.0,0.3586892,3.2018178,0.6212263,3.0137625,0.5034121,2.9045131,1.0,6.857295,-0.16861317,0.875,49.364193,0.0,0.0,0.0,0.0,0.0,0,6.5620155,0.0,0.0,5.032114,5.9013715,7.4576097,0.0,2.2256355,3.8660522,0.0
0,136,137.0,10.0,1.0,1.0,118.0,1.0,1.0,1.0,0.99998873,1.0,-0.0,0.0,-1.127703e-05,-0.0,0.27632082,3.1029646,0.50244874,3.9889805,0.49733388,2.179325,1.0,7.799736,-1.2471703,0.8564815,49.564415,0.0,0.0,0.0,0.0,0.0,0,6.786306,0.0,0.0,6.1474795,4.996841,5.782629,0.0,2.4717681,3.5046577,0.0
1,136,137.0,10.0,1.0,1.0,118.0,1.0,1.0,1.0,0.99998975,1.0,-0.0,0.0,-1.0276308e-05,-0.0,0.26178136,3.2093856,0.5599994,4.8119783,0.5499968,1.6869744,1.0,8.198626,-1.0172343,0.837963,49.117657,0.0,0.0,0.0,0.0,0.0,0,6.733624,0.0,0.0,5.871708,5.131285,6.983118,0.0,2.1434567,5.169565,0.0
2,136,137.0,10.0,1.0,1.0,118.0,1.0,1.0,1.0,0.9999894,1.0,-0.0,0.0,-1.0632491e-05,-0.0,0.24086833,3.051495,0.59783757,4.0487814,0.58045524,2.308054,1.0,7.2465973,-1.215456,0.8425926,48.415386,0.0,0.0,0.0,0.0,0.0,0,6.761592,0.0,0.0,6.1875978,5.053301,5.4334235,0.0,2.4331708,4.5410924,0.0
3,136,137.0,10.0,1.0,1.0,118.0,1.0,1.0,1.0,0.9999901,1.0,-0.0,0.0,-9.910319e-06,-0.0,0.16967729,3.4292896,0.5334223,3.8787348,0.5071304,2.8105555,1.0,7.844577,-1.7675831,0.875,49.900272,0.0,0.0,0.0,0.0,0.0,0,5.800134,0.0,0.0,5.268623,4.1919336,7.1898804,0.0,2.4054914,3.4794064,0.0
0,137,138.0,10.0,1.0,1.0,119.0,1.0,1.0,1.0,0.9999879,1.0,-0.0,0.0,-1.2087225e-05,-0.0,0.1147246,3.125434,0.5118313,4.6188855,0.5001176,2.3387115,1.0,8.586294,-2.4890797,0.8564815,50.04763,0.0,0.0,0.0,0.0,0.0,0,4.4997067,0.0,0.0,3.7245102,5.08085,6.0373936,0.0,2.321947,2.0567064,0.0
1,137,138.0,10.0,1.0,1.0,119.0,1.0,1.0,1.0,0.9881602,1.0,-0.0,0.0,-1.1304994e-05,-0.011828457,0.116286054,3.1667497,0.60176903,5.709707,0.5468595,2.0151076,0.0,9.143594,-1.9572778,0.837963,49.579178,0.0,0.0,0.0,0.0,0.0,0,5.0016065,0.0,0.0,3.7488863,5.6155314,7.8344183,0.0,2.4138303,2.9760077,0.0
2,137,138.0,10.0,1.0,1.0,119.0,1.0,1.0,1.0,0.99998975,1.0,-0.0,0.0,-1.0270782e-05,-0.0,0.10589622,3.0753899,0.5947167,4.6068354,0.5752344,2.442184,1.0,7.9168086,-2.5572982,0.8425926,48.87234,0.0,0.0,0.0,0.0,0.0,0,6.073528,0.0,0.0,5.088429,5.7042236,6.091212,0.0,2.7698107,3.1387546,0.0
3,137,138.0,10.0,1.0,1.0,119.0,1.0,1.0,1.0,0.9999895,1.0,-0.0,0.0,-1.0471524e-05,-0.0,0.03997255,3.395385,0.56910056,4.285672,0.50977796,2.979806,1.0,8.444943,-3.1261752,0.875,50.379765,0.0,0.0,0.0,0.0,0.0,0,5.942974,0.0,0.0,4.772007,4.869912,7.691846,0.0,2.4013555,2.4971392,0.0
0,138,139.0,10.0,1.0,1.0,120.0,1.0,1.0,1.0,0.99418217,1.0,-0.0,0.0,-1.2721888e-05,-0.0058051273,0.039732642,3.036153,0.5695697,5.348307,0.49984232,2.3127968,0.0,9.047697,-2.9038935,0.8564815,50.382637,0.0,0.0,0.0,0.0,0.0,0,5.99859,0.0,0.0,5.497437,4.8312616,6.27994,0.0,2.276011,3.0878844,0.0
1,138,139.0,10.0,1.0,1.0,120.0,1.0,1.0,1.0,0.97905296,1.0,-0.0,0.0,-1.3672712e-05,-0.02093337,0.07087216,3.0294156,0.67103326,6.256002,0.55138373,1.9122695,0.0,9.335762,-2.147207,0.837963,49.88456,0.0,0.0,0.0,0.0,0.0,0,5.098645,0.0,0.0,5.2141237,4.0501375,6.9941707,0.0,2.0856454,4.044619,0.0
2,138,139.0,10.0,1.0,1.0,120.0,1.0,1.0,1.0,0.9959269,1.0,-0.0,0.0,-1.2433187e-05,-0.0040606116,0.0035945326,3.0622249,0.64606464,5.243636,0.5800182,2.4376924,0.0,8.645519,-3.1833277,0.8425926,49.223095,0.0,0.0,0.0,0.0,0.0,0,5.8500524,0.0,0.0,5.592528,4.57994,5.803966,0.0,2.5917242,3.7305653,0.0
3,138,139.0,10.0,1.0,1.0,120.0,1.0,1.0,1.0,0.9999866,1.0,-0.0,0.0,-1.3440403e-05,-0.0,0.0028396025,3.389728,0.5801304,4.6044555,0.5089295,2.9182255,1.0,8.566486,-3.4496412,0.875,50.733356,0.0,0.0,0.0,0.0,0.0,0,5.5078835,0.0,0.0,5.3702393,3.8572993,7.7210455,0.0,2.2851572,2.9268718,0.0
0,139,140.0,10.0,1.0,1.0,121.0,1.0,1.0,1.0,0.9953794,1.0,-0.0,0.0,-1.17292e-05,-0.004608869,0.008966401,3.0957456,0.54016775,5.2765317,0.50154835,2.2321985,0.0,9.024954,-3.230241,0.8564815,50.77976,0.0,0.0,0.0,0.0,0.0,0,6.090183,0.0,0.0,5.7675657,4.7286096,5.9964333,0.0,2.108709,3.8235974,0.0
1,139,140.0,10.0,1.0,1.0,121.0,1.0,1.0,1.0,0.979907,1.0,-0.0,0.0,-1.2195386e-05,-0.020080812,0.018388592,3.0969832,0.6413132,6.2048483,0.5549352,1.7498317,0.0,9.29758,-2.6128151,0.837963,50.280975,0.0,0.0,0.0,0.0,0.0,0,6.1064725,0.0,0.0,5.7616143,4.6564527,7.100043,0.0,2.0165088,5.273043,0.0
2,139,140.0,10.0,1.0,1.0,121.0,1.0,1.0,1.0,0.99749506,1.0,-0.0,0.0,-1.1285661e-05,-0.002493688,0.042322464,3.079529,0.63969445,5.149621,0.5846229,2.4014602,0.0,8.673599,-3.6557214,0.8425926,49.59704,0.0,0.0,0.0,0.0,0.0,0,6.470485,0.0,0.0,6.1256294,4.6897,6.1790123,0.0,2.456895,4.883774,0.0
3,139,140.0,10.0,1.0,1.0,121.0,1.0,1.0,1.0,0.99998844,1.0,-0.0,0.0,-1.1540134e-05,-0.0,0.038389303,3.4191375,0.5642733,4.7830935,0.51227677,2.8010702,1.0,8.611238,-3.8523014,0.875,51.09684,0.0,0.0,0.0,0.0,0.0,0,5.6477246,0.0,0.0,5.4456363,3.8714602,7.8316097,0.0,2.099293,3.6848114,0.0
0,140,141.0,10.0,1.0,1.0,122.0,1.0,1.0,1.0,0.9983812,1.0,-0.0,0.0,-1.1529461e-05,-0.0016072858,0.058198906,3.0910962,0.51086706,5.0964365,0.50548905,2.1562161,0.0,8.900486,-3.3684661,0.8564815,51.14157,0.0,0.0,0.0,0.0,0.0,0,5.9472857,0.0,0.0,5.5079203,4.3955836,6.2912107,0.0,2.2396696,4.0308123,0.0
1,140,141.0,10.0,1.0,1.0,122.0,1.0,1.0,1.0,0.9832361,1.0,-0.0,0.0,-1.155969e-05,-0.016752355,0.038281456,3.104355,0.606972,6.005141,0.5590233,1.6720614,0.0,9.153625,-2.9004588,0.837963,50.651073,0.0,0.0,0.0,0.0,0.0,0,6.0069427,0.0,0.0,5.6324463,4.3351355,7.1410255,0.0,2.0602505,5.5710707,0.0
2,140,141.0,10.0,1.0,1.0,122.0,1.0,1.0,1.0,0.9999881,1.0,-0.0,0.0,-1.1907458e-05,-0.0,0.09800214,3.071238,0.6212387,4.91994,0.58828366,2.386092,1.0,8.573383,-4.276728,0.8425926,49.956833,0.0,0.0,0.0,0.0,0.0,0,6.2286687,0.0,0.0,6.0437274,4.1414456,6.082906,0.0,2.2493362,5.1490417,0.0
3,140,141.0,10.0,1.0,1.0,122.0,1.0,1.0,1.0,0.99998885,1.0,-0.0,0.0,-1.116128e-05,-0.0,0.085449405,3.4185848,0.5464014,4.8555474,0.5162492,2.7474618,1.0,8.618145,-4.111841,0.875,51.47419,0.0,0.0,0.0,0.0,0.0,0,5.5722713,0.0,0.0,5.3827496,3.770087,7.9255533,0.0,2.1104465,3.8966358,0.0
0,141,142.0,10.0,1.0,1.0,123.0,1.0,1.0,1.0,0.99998814,1.0,-0.0,0.0,-1.1871916e-05,-0.0,0.092680566,3.0803316,0.47671738,4.579564,0.50892407,2.1703272,1.0,8.404011,-4.5754714,0.8564815,51.498966,0.0,0.0,0.0,0.0,0.0,0,6.5340424,0.0,0.0,5.0614004,6.7292724,6.487989,0.0,1.8656088,3.8752952,0.0
1,141,142.0,10.0,1.0,1.0,123.0,1.0,1.0,1.0,0.9904659,1.0,-0.0,0.0,-1.2325046e-05,-0.009521775,0.074291416,3.0679417,0.5844643,5.571306,0.562728,1.7431092,0.0,8.729424,-3.9863913,0.8425926,50.97906,0.0,0.0,0.0,0.0,0.0,0,6.63319,0.0,0.0,5.087958,6.9587173,6.9183493,0.0,1.9668156,4.813015,0.0
2,141,142.0,10.0,1.0,1.0,123.0,1.0,1.0,1.0,0.99998885,1.0,-0.0,0.0,-1.1166164e-05,-0.0,0.11583008,3.0168772,0.6135206,4.846671,0.5884726,2.4632466,1.0,8.168853,-4.5475473,0.8425926,50.259304,0.0,0.0,0.0,0.0,0.0,0,6.461368,0.0,0.0,5.4031534,6.5143156,6.4193144,0.0,2.2441344,4.1421423,0.0
3,141,142.0,10.0,1.0,1.0,123.0,1.0,1.0,1.0,0.9999887,1.0,-0.0,0.0,-1.1310224e-05,-0.0,0.11856072,3.3545966,0.53952146,4.222367,0.5214017,2.763087,1.0,8.064213,-4.9060965,0.8796296,51.774406,0.0,0.0,0.0,0.0,0.0,0,5.460472,0.0,0.0,4.8755093,5.1686306,8.394802,0.0,1.9276357,3.4619784,0.0
0,142,143.0,10.0,1.0,1.0,124.0,1.0,1.0,1.0,0.9999875,1.0,-0.0,0.0,-1.2489661e-05,-0.0,0.12585483,3.0909908,0.4779356,4.885607,0.508297,2.1365237,1.0,8.580093,-4.8091106,0.8564815,51.927208,0.0,0.0,0.0,0.0,0.0,0,5.657593,0.0,0.0,5.50234,4.1692944,6.201468,0.0,2.0197728,4.1979027,0.0
1,142,143.0,10.0,1.0,1.0,124.0,1.0,1.0,1.0,0.9865042,1.0,-0.0,0.0,-1.3232277e-05,-0.01348258,0.11892039,3.069203,0.5856106,5.8089542,0.56242275,1.684653,0.0,8.809438,-4.3790936,0.8425926,51.3947,0.0,0.0,0.0,0.0,0.0,0,6.0502152,0.0,0.0,5.908073,4.2955785,7.9353075,0.0,2.2849565,6.480153,0.0
2,142,143.0,10.0,1.0,1.0,124.0,1.0,1.0,1.0,0.9999877,1.0,-0.0,0.0,-1.225734e-05,-0.0,0.15622395,3.035023,0.6085647,4.843116,0.5934402,2.4222307,1.0,8.264459,-4.9495354,0.8425926,50.703476,0.0,0.0,0.0,0.0,0.0,0,5.692548,0.0,0.0,5.5438843,4.855709,5.7203956,0.0,2.0904016,4.722838,0.0
3,142,143.0,10.0,1.0,1.0,124.0,1.0,1.0,1.0,0.99998796,1.0,-0.0,0.0,-1.2036614e-05,-0.0,0.16986263,3.3792746,0.54076135,4.8785505,0.5177105,2.7354696,1.0,8.4803095,-5.237759,0.8796296,52.22367,0.0,0.0,0.0,0.0,0.0,0,5.486987,0.0,0.0,5.3896403,3.8305752,8.216493,0.0,2.0546117,4.2658606,0.0
0,143,144.0,10.0,1.0,1.0,125.0,1.0,1.0,1.0,0.9999877,1.0,-0.0,0.0,-1.2274671e-05,-0.0,0.16755909,3.0037262,0.46721688,4.8301663,0.51092607,2.1036654,1.0,8.496204,-5.2233496,0.8564815,52.239025,0.0,0.0,0.0,0.0,0.0,0,6.1337714,0.0,0.0,5.2167997,3.964357,6.126905,0.0,1.785884,4.298924,0.0
1,143,144.0,10.0,1.0,1.0,125.0,1.0,1.0,1.0,0.98579043,1.0,-0.0,0.0,-1.2966147e-05,-0.014196598,0.15883744,2.9838855,0.58149374,5.851795,0.56841475,1.6832587,0.0,8.805511,-4.7540646,0.8425926,51.702183,0.0,0.0,0.0,0.0,0.0,0,6.033202,0.0,0.0,5.1099887,4.9847813,7.603417,0.0,1.8763405,5.414144,0.0
2,143,144.0,10.0,1.0,1.0,125.0,1.0,1.0,1.0,0.9999876,1.0,-0.0,0.0,-1.2376202e-05,-0.0,0.20428225,2.9621477,0.6055734,4.9150047,0.5951724,2.4733944,1.0,8.32315,-5.3812156,0.8425926,51.02461,0.0,0.0,0.0,0.0,0.0,0,6.213827,0.0,0.0,5.648481,6.030551,7.05272,0.0,2.4286273,5.275436,0.0
3,143,144.0,10.0,1.0,1.0,125.0,1.0,1.0,1.0,0.99998784,1.0,-0.0,0.0,-1.214411e-05,-0.0,0.21899623,3.2935019,0.53059655,4.8350267,0.52412033,2.7208369,1.0,8.421937,-5.6809263,0.8796296,52.53862,0.0,0.0,0.0,0.0,0.0,0,5.1489925,0.0,0.0,4.9802275,4.215975,7.9861016,0.0,1.9525197,4.1488943,0.0
0,144,145.0,10.0,1.0,1.0,126.0,1.0,1.0,1.0,0.99998724,1.0,-0.0,0.0,-1.2756099e-05,-0.0,0.20169672,3.0955694,0.49526402,4.9847574,0.51415634,2.1040373,1.0,8.3981905,-5.4680343,0.8564815,52.80945,0.0,0.0,0.0,0.0,0.0,0,6.5858793,0.0,0.0,6.452551,4.9132056,6.5270877,0.0,1.9382138,4.5218844,0.0
1,144,145.0,10.0,1.0,1.0,126.0,1.0,1.0,1.0,0.98440033,1.0,-0.0,0.0,-1.2483843e-05,-0.015587231,0.19859579,3.1228583,0.5924055,5.9352336,0.575573,1.6456386,0.0,8.687018,-5.05041,0.8425926,52.31371,0.0,0.0,0.0,0.0,0.0,0,6.449461,0.0,0.0,6.3890357,4.5444098,7.5364227,0.0,2.0685234,6.3466816,0.0
2,144,145.0,10.0,1.0,1.0,126.0,1.0,1.0,1.0,0.9999879,1.0,-0.0,0.0,-1.2114949e-05,-0.0,0.23573694,3.0873897,0.62793833,4.986485,0.6015046,2.5334275,1.0,8.27455,-5.959374,0.8425926,51.619606,0.0,0.0,0.0,0.0,0.0,0,6.5773873,0.0,0.0,6.8311334,4.245166,5.9945636,0.0,2.1191874,5.237089,0.0
3,144,145.0,10.0,1.0,1.0,126.0,1.0,1.0,1.0,0.9999876,1.0,-0.0,0.0,-1.2403198e-05,-0.0,0.2310086,3.3538203,0.5566834,4.940742,0.52502143,2.6956918,1.0,8.326923,-5.7948847,0.8796296,53.092915,0.0,0.0,0.0,0.0,0.0,0,5.131736,0.0,0.0,4.513889,3.127255,7.6659055,0.0,2.0773377,4.328578,0.0
0,145,146.0,10.0,1.0,1.0,127.0,1.0,1.0,1.0,0.9999878,1.0,-0.0,0.0,-1.2194118e-05,-0.0,0.26256981,3.059584,0.46653277,4.9751673,0.5205533,2.0638485,1.0,8.421751,-6.1810484,0.8564815,53.279472,0.0,0.0,0.0,0.0,0.0,0,5.807265,0.0,0.0,5.643615,4.192316,6.4214706,0.0,2.1459174,4.533963,0.0
1,145,146.0,10.0,1.0,1.0,127.0,1.0,1.0,1.0,0.9844433,1.0,-0.0,0.0,-1.1240168e-05,-0.015545446,0.24262461,3.10599,0.5600616,5.9327264,0.59166825,1.6207173,0.0,8.696599,-5.586547,0.8425926,52.795105,0.0,0.0,0.0,0.0,0.0,0,6.41114,0.0,0.0,6.485203,5.7174473,7.930429,0.0,2.279058,5.9267907,0.0
2,145,146.0,10.0,1.0,1.0,127.0,1.0,1.0,1.0,0.99998975,1.0,-0.0,0.0,-1.0278831e-05,-0.0,0.30500367,3.076446,0.6014713,4.871484,0.60964406,2.6197047,1.0,8.240238,-6.6660967,0.8472222,52.11159,0.0,0.0,0.0,0.0,0.0,0,6.0852475,0.0,0.0,5.9275002,4.089496,6.050636,0.0,2.2648633,5.5585613,0.0
3,145,146.0,10.0,1.0,1.0,127.0,1.0,1.0,1.0,0.99998915,1.0,-0.0,0.0,-1.0825434e-05,-0.0,0.29563642,3.343597,0.51094115,4.9971504,0.53281283,2.737472,1.0,8.366634,-6.5180182,0.8796296,53.59336,0.0,0.0,0.0,0.0,0.0,0,5.276082,0.0,0.0,5.5312285,4.4536138,9.282201,0.0,2.1957483,4.161981,0.0
0,146,147.0,10.0,1.0,1.0,128.0,1.0,1.0,1.0,0.99816704,1.0,-0.0,0.0,-1.5998665e-05,-0.0018169797,0.26327187,3.0845068,0.4835588,5.1090183,0.5225174,2.0672588,0.0,8.39688,-5.3426495,0.8564815,53.807472,0.0,0.0,0.0,0.0,0.0,0,6.3447833,0.0,0.0,6.4012256,5.0191455,6.6503844,0.0,2.1048234,4.84851,0.0
1,146,147.0,10.0,1.0,1.0,128.0,1.0,1.0,1.0,0.9797372,1.0,-0.0,0.0,-1.5891801e-05,-0.020246835,0.25382116,3.1116695,0.5969806,6.21481,0.60259676,1.5656941,0.0,8.738015,-5.2540236,0.8425926,53.304245,0.0,0.0,0.0,0.0,0.0,0,6.26731,0.0,0.0,6.3284736,4.7568164,7.935543,0.0,1.9794327,6.829587,0.0
2,146,147.0,10.0,1.0,1.0,128.0,1.0,1.0,1.0,0.99998546,1.0,-0.0,0.0,-1.4532606e-05,-0.0,0.3340546,3.0323493,0.64332926,4.917871,0.6169808,2.6656158,1.0,8.094029,-7.6061254,0.8472222,52.561424,0.0,0.0,0.0,0.0,0.0,0,6.026106,0.0,0.0,6.4710817,3.803416,6.010648,0.0,2.3031318,5.717104,0.0
3,146,147.0,10.0,1.0,1.0,128.0,1.0,1.0,1.0,0.9999838,1.0,-0.0,0.0,-1.6215918e-05,-0.0,0.2221331,3.2167714,0.56285316,4.7252917,0.53258955,2.7979949,1.0,7.960032,-5.38712,0.8796296,53.993523,0.0,0.0,0.0,0.0,0.0,0,4.490461,0.0,0.0,5.2659554,3.1939852,8.314649,0.0,2.1565118,4.6984754,0.0
0,147,148.0,10.0,1.0,1.0,129.0,1.0,1.0,1.0,0.9971394,1.0,-0.0,0.0,-1.2877107e-05,-0.0028477192,0.31197965,3.053952,0.4614599,5.1708627,0.5278059,2.1460278,0.0,8.444153,-6.0035233,0.8564815,54.25945,0.0,0.0,0.0,0.0,0.0,0,6.052869,0.0,0.0,6.234139,5.285893,7.0735693,0.0,2.0586648,4.361084,0.0
1,147,148.0,10.0,1.0,1.0,129.0,1.0,1.0,1.0,0.9789677,1.0,-0.0,0.0,-1.3428222e-05,-0.02101886,0.27747637,3.0907235,0.5691287,6.2611313,0.6140559,1.560687,0.0,8.77897,-5.2890277,0.8425926,53.77176,0.0,0.0,0.0,0.0,0.0,0,5.6664753,0.0,0.0,5.6289935,5.8932815,8.310703,0.0,2.2799282,5.6157455,0.0
2,147,148.0,10.0,1.0,1.0,129.0,1.0,1.0,1.0,0.99998647,1.0,-0.0,0.0,-1.3541731e-05,-0.0,0.3987741,2.9987698,0.6241211,4.927731,0.62200236,2.7678986,1.0,8.15189,-8.026003,0.8472222,53.026844,0.0,0.0,0.0,0.0,0.0,0,5.821617,0.0,0.0,6.324202,4.696569,6.265342,0.0,2.5057623,5.8534875,0.0
3,147,148.0,10.0,1.0,1.0,129.0,1.0,1.0,1.0,0.9999891,1.0,-0.0,0.0,-1.0895959e-05,-0.0,0.30366647,3.177179,0.5327879,4.83616,0.5372114,2.8853154,1.0,8.077324,-6.691918,0.8796296,54.429035,0.0,0.0,0.0,0.0,0.0,0,4.554042,0.0,0.0,4.8427696,4.569856,8.724379,0.0,2.0246809,4.200839,0.0
0,148,149.0,10.0,1.0,1.0,130.0,1.0,1.0,1.0,0.99592245,1.0,-0.0,0.0,-1.6912101e-05,-0.0040606116,0.27347374,3.0489628,0.48502484,5.243636,0.5318,2.1507642,0.0,8.301867,-6.8510303,0.8564815,54.818237,0.0,0.0,0.0,0.0,0.0,0,4.6927166,0.0,0.0,5.340465,3.7590356,7.076978,0.0,1.9950938,5.070853,0.0
1,148,149.0,10.0,1.0,1.0,130.0,1.0,1.0,1.0,0.9824654,1.0,-0.0,0.0,-1.7975091e-05,-0.017516596,0.19030422,3.0910177,0.5820352,6.0509953,0.62799084,1.4385542,0.0,8.375643,-5.847881,0.8425926,54.325897,0.0,0.0,0.0,0.0,0.0,0,4.8752627,0.0,0.0,5.5817842,3.7929716,7.432409,0.0,2.287572,6.480019,0.0
2,148,149.0,10.0,1.0,1.0,130.0,1.0,1.0,1.0,0.99998236,1.0,-0.0,0.0,-1.7631271e-05,-0.0,0.3137797,2.996388,0.64774996,4.9538774,0.62847096,2.9144678,1.0,7.9271173,-7.8801804,0.8472222,53.587116,0.0,0.0,0.0,0.0,0.0,0,4.6108084,0.0,0.0,5.6569276,3.064799,6.672282,0.0,2.4748478,5.9502935,0.0
3,148,149.0,10.0,1.0,1.0,130.0,1.0,1.0,1.0,0.99998486,1.0,-0.0,0.0,-1.5116171e-05,-0.0,0.07100105,3.117751,0.55872774,4.029788,0.53862005,2.9020867,1.0,7.105807,-5.017586,0.8796296,54.956627,0.0,0.0,0.0,0.0,0.0,0,4.7620354,0.0,0.0,5.6141753,3.4232547,8.301524,0.0,2.1725078,5.3194575,0.0
0,149,150.0,10.0,1.0,1.0,131.0,1.0,1.0,1.0,0.9999876,1.0,-0.0,0.0,-1.2377465e-05,-0.0,0.28646308,2.9542563,0.42703635,4.7875113,0.5285355,2.253487,1.0,7.955715,-7.0561366,0.8564815,55.20843,0.0,0.0,0.0,0.0,0.0,0,5.300611,0.0,0.0,5.7494273,5.4716697,7.7517004,0.0,2.2411458,5.1297717,0.0
1,149,150.0,10.0,1.0,1.0,131.0,1.0,1.0,1.0,0.9853497,1.0,-0.0,0.0,-1.3113264e-05,-0.014637181,0.22815838,3.0420938,0.53162754,5.8782306,0.6357755,1.4488549,0.0,8.314699,-6.2902756,0.8425926,54.76655,0.0,0.0,0.0,0.0,0.0,0,5.8056326,0.0,0.0,6.1924176,5.189381,7.857327,0.0,2.3232915,5.3472986,0.0
2,149,150.0,10.0,1.0,1.0,131.0,1.0,1.0,1.0,0.9999875,1.0,-0.0,0.0,-1.2537706e-05,-0.0,0.4159324,2.9784608,0.6089,4.8230295,0.6330696,3.0790281,1.0,7.913808,-8.721313,0.8472222,54.052895,0.0,0.0,0.0,0.0,0.0,0,5.100816,0.0,0.0,5.635264,4.4259205,6.520773,0.0,2.2135725,5.4587674,0.0
3,149,150.0,10.0,1.0,1.0,131.0,1.0,1.0,1.0,0.9999874,1.0,-0.0,0.0,-1.25750375e-05,-0.0,0.24312007,3.160692,0.48729396,4.239759,0.550172,2.9740212,1.0,7.3650837,-5.9444094,0.8796296,55.483425,0.0,0.0,0.0,0.0,0.0,0,4.573492,0.0,0.0,5.045423,3.9467769,7.984042,0.0,1.9579598,4.343359,0.0
0,150,151.0,10.0,1.0,1.0,132.0,1.0,1.0,1.0,0.9999834,1.0,-0.0,0.0,-1.6614615e-05,-0.0,0.043384545,2.9119115,0.4438641,4.2578163,0.5324565,2.2614617,1.0,7.067079,-5.1133437,0.8564815,55.773712,0.0,0.0,0.0,0.0,0.0,0,5.0382004,0.0,0.0,5.814683,3.865427,7.18766,0.0,2.0651844,5.786465,0.0
1,150,151.0,10.0,1.0,1.0,132.0,1.0,1.0,1.0,0.9968059,1.0,-0.0,0.0,-1.640582e-05,-0.0031776815,0.0045698136,2.9817593,0.54532117,5.1906605,0.65071213,1.3475323,0.0,7.329459,-4.345188,0.8425926,55.326027,0.0,0.0,0.0,0.0,0.0,0,5.002035,0.0,0.0,5.757889,3.8112345,7.1874185,0.0,2.5645008,6.5376744,0.0
2,150,151.0,10.0,1.0,1.0,132.0,1.0,1.0,1.0,0.9999837,1.0,-0.0,0.0,-1.6292977e-05,-0.0,0.13394281,2.9873486,0.5902125,4.207136,0.6388982,3.1541266,1.0,6.856809,-6.44629,0.8472222,54.647,0.0,0.0,0.0,0.0,0.0,0,5.119844,0.0,0.0,6.0239325,3.4177744,6.819382,0.0,2.4707193,6.31497,0.0
3,150,151.0,10.0,1.0,1.0,132.0,1.0,1.0,1.0,0.9999819,1.0,-0.0,0.0,-1.8133711e-05,-0.0,0.05825311,3.1169026,0.50119317,2.989248,0.55343074,3.0043976,1.0,6.0818624,-4.700472,0.8796296,56.09498,0.0,0.0,0.0,0.0,0.0,0,5.3878493,0.0,0.0,6.318897,3.7235193,8.358976,0.0,2.1471703,5.2181067,0.0
0,151,152.0,10.0,1.0,1.0,133.0,1.0,1.0,1.0,0.9999876,1.0,-0.0,0.0,-1.2386932e-05,-0.0,0.24350062,2.9091198,0.3986915,4.481062,0.53148,2.3533916,1.0,7.5439467,-6.859064,0.8564815,56.246586,0.0,0.0,0.0,0.0,0.0,0,5.5549273,0.0,0.0,6.3673396,4.3182516,7.777615,0.0,2.026996,4.9968195,0.0
1,151,152.0,10.0,1.0,1.0,133.0,1.0,1.0,1.0,0.9955138,1.0,-0.0,0.0,-1.3467624e-05,-0.0044727423,0.13732779,2.9706986,0.48865476,5.268364,0.65739405,1.3258669,0.0,7.6409264,-5.822966,0.8425926,55.805977,0.0,0.0,0.0,1.0,0.0,0,5.6551476,0.0,0.0,6.301013,4.507224,7.846616,0.0,2.047756,5.9768605,0.0
2,151,152.0,10.0,1.0,1.0,133.0,1.0,1.0,1.0,0.9999859,1.0,-0.0,0.0,-1.4130999e-05,-0.0,0.3581401,2.9784336,0.5592387,4.3683558,0.6416939,3.2055762,1.0,7.330905,-8.17204,0.8472222,55.133068,0.0,0.0,0.0,0.0,0.0,0,5.3191094,0.0,0.0,6.2612305,4.1660023,6.5005503,0.0,2.4560025,5.7515054,0.0
3,151,152.0,10.0,1.0,1.0,133.0,1.0,1.0,1.0,0.99998593,1.0,-0.0,0.0,-1.4059291e-05,-0.0,0.14432408,3.1273599,0.43194905,3.4226434,0.5599929,2.960039,1.0,6.505959,-6.665868,0.8796296,56.58813,0.0,0.0,0.0,0.0,0.0,0,3.4044685,0.0,0.0,3.9915612,2.4703174,8.012186,0.0,2.1814315,5.4490423,0.0
0,152,153.0,10.0,1.0,1.0,134.0,1.0,1.0,1.0,0.99998206,1.0,-0.0,0.0,-1.793545e-05,-0.0,0.019291602,2.8582108,0.43307477,3.7295427,0.537541,2.3039808,1.0,6.4439073,-5.340114,0.8564815,56.84576,0.0,0.0,0.0,0.0,0.0,0,5.284345,0.0,0.0,6.119275,3.6867445,7.1796002,0.0,2.0280144,5.984191,0.0
1,152,153.0,10.0,1.0,1.0,134.0,1.0,1.0,1.0,0.9999813,1.0,-0.0,0.0,-1.8703604e-05,-0.0,0.060908124,2.9336498,0.521467,4.742822,0.66444385,1.2309698,1.0,6.8344035,-4.800726,0.8425926,56.42231,0.0,0.0,0.0,1.0,0.0,0,5.121362,0.0,0.0,5.958639,3.8829606,6.9706163,0.0,2.5215044,6.3228393,0.0
2,152,153.0,10.0,1.0,1.0,134.0,1.0,1.0,1.0,0.99998116,1.0,-0.0,0.0,-1.882021e-05,-0.0,0.05717762,3.0371282,0.5286406,3.6991935,0.6503255,3.2665339,1.0,6.2983074,-6.6934676,0.8472222,55.815178,0.0,0.0,0.0,0.0,0.0,0,5.475142,0.0,0.0,6.5420823,4.1314473,6.820427,0.0,2.4001238,6.641142,0.0
3,152,153.0,10.0,1.0,1.0,134.0,1.0,1.0,1.0,0.9999809,1.0,-0.0,0.0,-1.907192e-05,-0.0,0.21268241,3.077424,0.4655037,1.9277608,0.5612391,2.98558,1.0,5.099658,-3.265015,0.8796296,57.229782,0.0,0.0,0.0,0.0,0.0,0,5.5277057,0.0,0.0,6.3919854,4.146916,8.205081,0.0,2.087837,5.4816704,0.0
0,153,154.0,10.0,1.0,1.0,135.0,1.0,1.0,1.0,0.9999863,1.0,-0.0,0.0,-1.3731413e-05,-0.0,0.19398946,2.8321693,0.38468328,3.9732492,0.54246366,2.3219168,1.0,6.941389,-6.6635933,0.8564815,57.305805,0.0,0.0,0.0,0.0,0.0,0,4.893841,0.0,0.0,6.4277344,3.6040378,7.540969,0.0,2.0680268,5.4256134,0.0
1,153,154.0,10.0,1.0,1.0,135.0,1.0,1.0,1.0,0.9999873,1.0,-0.0,0.0,-1.2724094e-05,-0.0,0.044532865,2.8781683,0.45291948,4.676327,0.66534495,1.1935217,1.0,7.0300646,-5.2173324,0.8425926,56.855194,0.0,0.0,0.0,1.0,0.0,0,5.9269166,0.0,0.0,7.325246,4.1053443,7.4691153,0.0,2.1675847,5.935289,0.0
2,153,154.0,10.0,1.0,1.0,135.0,1.0,1.0,1.0,0.9999868,1.0,-0.0,0.0,-1.31772285e-05,-0.0,0.2893828,3.094317,0.49121502,3.8381572,0.6599026,3.3652127,1.0,6.7538633,-8.877446,0.8472222,56.347363,0.0,0.0,0.0,0.0,0.0,0,3.990819,0.0,0.0,5.7120686,3.1846054,6.5964637,0.0,2.1777475,6.0599465,0.0
3,153,154.0,10.0,1.0,1.0,135.0,1.0,1.0,1.0,0.9999845,1.0,-0.0,0.0,-1.5485399e-05,-0.0,0.0038344413,3.07273,0.3768851,2.506715,0.5600984,2.9742844,1.0,5.5728836,-5.72622,0.8796296,57.707108,0.0,0.0,0.0,0.0,0.0,0,3.3118174,0.0,0.0,3.7068784,2.5200136,8.380522,0.0,2.1680186,6.0822654,0.0
0,154,155.0,10.0,1.0,1.0,136.0,1.0,1.0,1.0,0.9999799,1.0,-0.0,0.0,-2.0077434e-05,-0.0,0.18732809,2.8280213,0.403618,2.8327484,0.5440478,2.2913764,1.0,5.55185,-4.0440464,0.8564815,57.99588,0.0,0.0,0.0,0.0,0.0,0,5.131345,0.0,0.0,5.9873223,3.6561787,7.2261734,0.0,2.1424522,6.5433774,0.0
1,154,155.0,10.0,1.0,1.0,136.0,1.0,1.0,1.0,0.99998015,1.0,-0.0,0.0,-1.9838148e-05,-0.0,0.22755489,2.8538287,0.49256426,3.902478,0.6644829,1.2143255,1.0,5.977173,-3.5373998,0.8425926,57.53829,0.0,0.0,0.0,1.0,0.0,0,5.188994,0.0,0.0,5.9627385,3.9744992,6.7559676,0.0,2.418645,5.97589,0.0
2,154,155.0,10.0,1.0,1.0,136.0,1.0,1.0,1.0,0.99997985,1.0,-0.0,0.0,-2.0142745e-05,-0.0,0.15854222,3.1716306,0.4094218,2.8125043,0.6679032,3.3835392,1.0,5.17074,-4.7969913,0.8472222,57.081623,0.0,0.0,0.0,0.0,0.0,0,5.933429,0.0,0.0,7.1112256,3.915339,6.795411,0.0,2.5437033,6.4663005,0.0
3,154,155.0,10.0,1.0,1.0,136.0,1.0,1.0,1.0,0.99998003,1.0,-0.0,0.0,-1.9972458e-05,-0.0,0.16568097,3.0711203,0.41414005,1.7268684,0.55764633,2.9734948,1.0,4.8383307,-4.8090053,0.8796296,58.44395,0.0,0.0,0.0,0.0,0.0,0,5.2568946,0.0,0.0,6.3173785,3.2289815,8.193239,0.0,2.122361,5.696179,0.0
0,155,156.0,10.0,1.0,1.0,137.0,1.0,1.0,1.0,0.9999855,1.0,-0.0,0.0,-1.4485139e-05,-0.0,0.05170703,2.749289,0.34625077,2.9897716,0.5512986,2.2824774,1.0,6.016009,-6.2250357,0.8564815,58.390472,0.0,0.0,0.0,0.0,0.0,0,4.2910714,0.0,0.0,6.1084814,3.014712,7.651673,0.0,1.9347655,5.717215,0.0
1,155,156.0,10.0,1.0,1.0,137.0,1.0,1.0,1.0,0.99998635,1.0,-0.0,0.0,-1.3633691e-05,-0.0,0.09677652,2.7261581,0.4230568,3.7219782,0.6636855,1.2660761,1.0,6.1155815,-4.825514,0.8425926,57.895405,0.0,0.0,0.0,1.0,0.0,0,5.7865143,0.0,0.0,6.9985375,4.101489,7.159471,0.0,2.5893338,5.0427966,0.0
2,155,156.0,10.0,1.0,1.0,137.0,1.0,1.0,1.0,0.9999844,1.0,-0.0,0.0,-1.5599748e-05,-0.0,0.10317266,2.9803598,0.40906268,2.9251912,0.6690831,3.3812249,1.0,5.6116085,-7.4959555,0.8472222,57.404053,0.0,0.0,0.0,0.0,0.0,0,4.480501,0.0,0.0,6.3297057,3.2520466,7.1554008,0.0,2.0386982,6.0284033,0.0
3,155,156.0,10.0,1.0,1.0,137.0,1.0,1.0,1.0,0.9999845,1.0,-0.0,0.0,-1.5517828e-05,-0.0,0.0145746395,3.1009312,0.31038716,2.4676912,0.5593765,2.9613605,1.0,5.227272,-5.6856675,0.8796296,58.909607,0.0,0.0,0.0,0.0,0.0,0,4.4124594,0.0,0.0,6.6194067,2.8491483,8.267659,0.0,2.1684167,5.6652837,0.0
0,156,157.0,10.0,1.0,1.0,138.0,1.0,1.0,1.0,0.9999787,1.0,-0.0,0.0,-2.1273769e-05,-0.0,0.28793252,2.7072687,0.41034296,1.91595,0.5549808,2.2241192,1.0,4.6392026,-3.9528468,0.8564815,59.089123,0.0,0.0,0.0,0.0,0.0,0,5.1829467,0.0,0.0,6.04426,3.603803,7.06402,0.0,2.3423162,6.164657,0.0
1,156,157.0,10.0,1.0,1.0,138.0,1.0,1.0,1.0,0.99997777,1.0,-0.0,0.0,-2.222054e-05,-0.0,0.30547604,2.6638336,0.51859874,3.1441839,0.66854227,1.26978,1.0,5.125067,-3.638464,0.8425926,58.602215,0.0,0.0,0.0,1.0,0.0,0,5.1992893,0.0,0.0,6.0638666,3.7925563,6.302479,0.0,2.7196465,5.31874,0.0
2,156,157.0,10.0,1.0,1.0,138.0,1.0,1.0,1.0,0.99997723,1.0,-0.0,0.0,-2.2759301e-05,-0.0,0.20765401,2.9517894,0.41288933,2.5993075,0.67406774,3.342807,1.0,4.6086164,-5.699574,0.8472222,58.133472,0.0,0.0,0.0,0.0,0.0,0,5.410347,0.0,0.0,6.5382423,3.5782716,6.7535286,0.0,2.519463,6.255733,0.0
3,156,157.0,10.0,1.0,1.0,138.0,1.0,1.0,1.0,0.9999779,1.0,-0.0,0.0,-2.2086042e-05,-0.0,0.31438583,2.9773588,0.4083433,1.0362657,0.55691934,2.8760767,1.0,4.0616302,-3.1723957,0.8796296,59.622883,0.0,0.0,0.0,0.0,0.0,0,4.860414,0.0,0.0,6.132183,3.1912014,7.9336047,0.0,2.2529035,5.9377713,0.0
0,157,158.0,10.0,1.0,1.0,139.0,1.0,1.0,1.0,0.99998635,1.0,-0.0,0.0,-1.3640412e-05,-0.0,0.09851623,2.6410677,0.3316637,1.9663528,0.5505422,2.272855,1.0,5.093584,-5.563567,0.8564815,59.394657,0.0,0.0,0.0,0.0,0.0,0,3.9784012,0.0,0.0,6.1949506,2.3175957,7.508333,0.0,2.0098178,5.657365,0.0
1,157,158.0,10.0,1.0,1.0,139.0,1.0,1.0,1.0,0.9999861,1.0,-0.0,0.0,-1.3896943e-05,-0.0,0.21815039,2.5525928,0.4427589,2.8711736,0.66579276,1.3370361,1.0,5.2306824,-4.465799,0.8425926,58.87823,0.0,0.0,0.0,1.0,0.0,0,4.711331,0.0,0.0,6.7003655,3.2867177,7.360711,0.0,2.267783,4.620301,0.0
2,157,158.0,10.0,1.0,1.0,139.0,1.0,1.0,1.0,0.99998677,1.0,-0.0,0.0,-1.3257198e-05,-0.0,0.035749376,2.8524702,0.37836277,2.4941938,0.6712413,3.3376515,1.0,4.9165735,-7.251074,0.8472222,58.398647,0.0,0.0,0.0,0.0,0.0,0,4.7680197,0.0,0.0,6.8036094,2.7085998,7.104531,0.0,2.1137385,5.9461746,0.0
3,157,158.0,10.0,1.0,1.0,139.0,1.0,1.0,1.0,0.99998504,1.0,-0.0,0.0,-1.4942524e-05,-0.0,0.15951954,2.910609,0.32550842,1.7605344,0.55911684,2.8564136,1.0,4.4426336,-4.9160905,0.8796296,59.91315,0.0,0.0,0.0,0.0,0.0,0,5.248463,0.0,0.0,6.9557705,2.9056444,8.103667,0.0,2.1524887,5.6682496,0.0
0,158,159.0,10.0,1.0,1.0,140.0,1.0,1.0,1.0,0.99997807,1.0,-0.0,0.0,-2.193228e-05,-0.0,0.2988182,2.6819549,0.38728812,1.3954701,0.55086625,2.2503588,1.0,4.396544,-3.8058534,0.8564815,60.06105,0.0,0.0,0.0,0.0,0.0,0,5.028054,0.0,0.0,5.968423,3.376514,7.017456,0.0,2.1309042,5.4717736,0.0
1,158,159.0,10.0,1.0,1.0,140.0,1.0,1.0,1.0,0.99997735,1.0,-0.0,0.0,-2.2646322e-05,-0.0,0.3350973,2.5667698,0.5307764,2.7912724,0.6710872,1.3346926,1.0,4.795792,-3.818349,0.8425926,59.529938,0.0,0.0,0.0,1.0,0.0,0,4.9926844,0.0,0.0,5.7832007,3.7773802,6.313224,0.0,2.7726693,4.8004665,0.0
2,158,159.0,10.0,1.0,1.0,140.0,1.0,1.0,1.0,0.99997663,1.0,-0.0,0.0,-2.3373066e-05,-0.0,0.24861284,2.8298604,0.42353743,2.433193,0.6714214,3.3084414,1.0,4.346858,-6.24042,0.8472222,59.03418,0.0,0.0,0.0,0.0,0.0,0,4.871379,0.0,0.0,5.858874,3.495746,6.841302,0.0,2.252048,5.677584,0.0
3,158,159.0,10.0,1.0,1.0,140.0,1.0,1.0,1.0,0.999978,1.0,-0.0,0.0,-2.202269e-05,-0.0,0.31503364,2.7864416,0.4474741,0.78334224,0.55871,2.769595,1.0,3.82848,-3.976073,0.8796296,60.572166,0.0,0.0,0.0,0.0,0.0,0,5.2514706,0.0,0.0,6.257091,3.6470306,7.7565274,0.0,2.1579468,5.8907595,0.0
0,159,160.0,10.0,1.0,1.0,141.0,1.0,1.0,1.0,0.9999859,1.0,-0.0,0.0,-1.4110249e-05,-0.0,0.083024986,2.6369567,0.2976797,1.7507262,0.55196357,2.3063579,1.0,4.944626,-5.198328,0.8611111,60.34304,0.0,0.0,0.0,0.0,0.0,0,4.8737655,0.0,0.0,6.813015,2.6496294,7.0970454,0.0,2.423221,4.974537,0.0
1,159,160.0,10.0,1.0,1.0,141.0,1.0,1.0,1.0,0.99998575,1.0,-0.0,0.0,-1.4245426e-05,-0.0,0.18177181,2.4698849,0.43963394,2.747177,0.6682999,1.3734213,1.0,5.189049,-4.6603894,0.8472222,59.784466,0.0,0.0,0.0,1.0,0.0,0,5.2023354,0.0,0.0,7.1453815,3.099133,6.6072006,0.0,2.7889657,4.025143,0.0
2,159,160.0,10.0,1.0,1.0,141.0,1.0,1.0,1.0,0.999985,1.0,-0.0,0.0,-1.50195165e-05,-0.0,0.0055864453,2.6740403,0.41624954,2.3834658,0.6647906,3.2650955,1.0,5.0282745,-8.102965,0.8472222,59.207333,0.0,0.0,0.0,0.0,0.0,0,3.7815177,0.0,0.0,6.409749,2.2410471,7.1502466,0.0,2.3519049,6.1265926,0.0
3,159,160.0,10.0,1.0,1.0,141.0,1.0,1.0,1.0,0.9999859,1.0,-0.0,0.0,-1.4150975e-05,-0.0,0.1856029,2.7937777,0.33579406,1.7431092,0.56045413,2.7667673,1.0,4.2676477,-5.0072074,0.8796296,60.85891,0.0,0.0,0.0,0.0,0.0,0,5.4790316,0.0,0.0,7.233855,3.318542,8.017923,0.0,2.1205468,5.321521,0.0
0,160,161.0,10.0,1.0,1.0,142.0,1.0,1.0,1.0,0.99997973,1.0,-0.0,0.0,-2.026614e-05,-0.0,0.25448537,2.6304834,0.34775907,1.2360461,0.5564009,2.2545288,1.0,4.4427657,-4.7688212,0.8657407,60.962357,0.0,0.0,0.0,0.0,0.0,0,5.28721,0.0,0.0,6.282637,3.8569224,6.4752464,0.0,2.4493835,5.2941175,0.0
1,160,161.0,10.0,1.0,1.0,142.0,1.0,1.0,1.0,0.9999801,1.0,-0.0,0.0,-1.9904663e-05,-0.0,0.2435267,2.4423668,0.5270656,2.8736262,0.6733695,1.3887231,1.0,5.0552044,-4.859891,0.8518519,60.3918,0.0,0.0,0.0,1.0,0.0,0,4.9449816,0.0,0.0,5.711382,3.7035232,6.0675287,0.0,2.8031406,4.2083073,0.0
2,160,161.0,10.0,1.0,1.0,142.0,1.0,1.0,1.0,0.9999792,1.0,-0.0,0.0,-2.0789526e-05,-0.0,0.17379336,2.6499522,0.45633572,2.403741,0.6669172,3.2631772,1.0,4.775119,-6.5412707,0.8472222,59.81809,0.0,0.0,0.0,0.0,0.0,0,5.2556267,0.0,0.0,6.39269,3.6186507,6.7318735,0.0,2.1488683,5.4736233,0.0
3,160,161.0,10.0,1.0,1.0,142.0,1.0,1.0,1.0,0.9999799,1.0,-0.0,0.0,-2.0111596e-05,-0.0,0.3134582,2.6735532,0.44424072,1.0271622,0.56046146,2.7188225,1.0,3.9088094,-4.319314,0.8796296,61.463684,0.0,0.0,0.0,0.0,0.0,0,5.4563203,0.0,0.0,6.2413263,3.6968782,7.6018558,0.0,1.9906362,5.7300024,0.0
0,161,162.0,10.0,1.0,1.0,143.0,1.0,1.0,1.0,0.9999893,1.0,-0.0,0.0,-1.0758033e-05,-0.0,0.32845253,2.3216882,0.39740288,0.36261645,0.55943614,2.2346518,1.0,3.5754411,-4.327297,0.8657407,61.019833,0.0,0.0,0.0,0.0,0.0,0,4.726443,0.0,0.0,5.3171315,3.482288,6.3097816,0.0,2.3856962,5.1383667,0.0
1,161,162.0,10.0,1.0,1.0,143.0,1.0,1.0,1.0,0.9999898,1.0,-0.0,0.0,-1.017866e-05,-0.0,0.30402505,2.0572674,0.6045859,2.3814948,0.66801107,1.5034686,1.0,4.2497582,-4.6038775,0.8518519,60.50641,0.0,0.0,0.0,1.0,0.0,0,4.415045,0.0,0.0,4.623539,3.314432,5.992419,0.0,2.627532,3.8798854,0.0
2,161,162.0,10.0,1.0,1.0,143.0,1.0,1.0,1.0,0.99998826,1.0,-0.0,0.0,-1.1726645e-05,-0.0,0.3373418,2.2018335,0.5500226,2.3487308,0.670059,3.2535675,1.0,3.2689626,-5.474587,0.8472222,60.012085,0.0,0.0,0.0,0.0,0.0,0,4.9197774,0.0,0.0,5.597229,3.522603,6.578715,0.0,2.1721654,5.6876574,0.0
3,161,162.0,10.0,1.0,1.0,143.0,1.0,1.0,1.0,0.9999876,1.0,-0.0,0.0,-1.2393473e-05,-0.0,0.1753319,2.5715976,0.40159953,1.5333661,0.56349117,2.6971433,1.0,4.224243,-5.405721,0.8796296,61.595108,0.0,0.0,0.0,0.0,0.0,0,5.075076,0.0,0.0,6.7295256,2.9732614,8.071844,0.0,1.9515893,5.6289816,0.0
0,162,163.0,10.0,1.0,1.0,144.0,1.0,1.0,1.0,0.9999844,1.0,-0.0,0.0,-1.5634068e-05,-0.0,0.35071224,2.0229676,0.5098213,1.3276368,0.5678365,2.244438,1.0,2.7138977,-4.2868648,0.8657407,61.360264,0.0,0.0,0.0,0.0,0.0,0,4.0699987,0.0,0.0,6.0947013,2.8102458,7.762487,0.0,2.419443,5.0527806,0.0
1,162,163.0,10.0,1.0,1.0,144.0,1.0,1.0,1.0,0.9999835,1.0,-0.0,0.0,-1.6511605e-05,-0.0,0.37443376,1.7040551,0.7400948,2.5494428,0.6744091,1.4401857,1.0,3.1374369,-4.6682506,0.8518519,60.903156,0.0,0.0,0.0,1.0,0.0,0,3.9150734,0.0,0.0,5.864852,2.5372396,7.610949,0.0,2.4729419,3.678985,0.0
2,162,163.0,10.0,1.0,1.0,144.0,1.0,1.0,1.0,0.9999838,1.0,-0.0,0.0,-1.6200562e-05,-0.0,0.2695322,2.0052361,0.59807914,2.7020724,0.6767275,3.0509348,1.0,3.0005484,-6.9686117,0.8472222,60.31792,0.0,0.0,0.0,1.0,0.0,0,4.108966,0.0,0.0,5.864385,3.0313625,5.8563037,0.0,2.1275845,6.430002,0.0
3,162,163.0,10.0,1.0,1.0,144.0,1.0,1.0,1.0,0.99998254,1.0,-0.0,0.0,-1.746236e-05,-0.0,0.33642724,2.1074777,0.596827,1.0871332,0.5597511,2.7554276,1.0,2.874533,-4.2087545,0.8796296,62.032993,0.0,0.0,0.0,0.0,0.0,0,4.8172216,0.0,0.0,6.3400292,3.3474123,8.298669,0.0,1.8535504,4.9364085,0.0
0,163,164.0,10.0,1.0,1.0,145.0,1.0,1.0,1.0,0.999986,1.0,-0.0,0.0,-1.3999674e-05,-0.0,0.7264983,2.1083252,0.58217275,1.5272285,0.56518894,2.2848766,1.0,2.4691825,-1.4696913,0.8657407,61.761303,0.0,0.0,0.0,0.0,0.0,0,6.07312,0.0,0.0,7.11305,4.2113814,6.034596,0.0,2.2392104,4.6227984,0.0
1,163,164.0,10.0,1.0,1.0,145.0,1.0,1.0,1.0,0.9999854,1.0,-0.0,0.0,-1.4605202e-05,-0.0,0.6769851,2.0043688,0.7088002,2.5007753,0.6686993,1.5541537,1.0,3.4466238,-1.8462725,0.8518519,61.45752,0.0,0.0,0.0,1.0,0.0,0,5.6516404,0.0,0.0,6.5447483,4.135508,6.011804,0.0,2.452826,3.301884,0.0
2,163,164.0,10.0,1.0,1.0,145.0,1.0,1.0,1.0,0.99998605,1.0,-0.0,0.0,-1.3967708e-05,-0.0,0.7228911,2.0098236,0.71770376,3.0347278,0.67128134,3.1384528,1.0,2.5230534,-2.7708998,0.8472222,60.689396,0.0,0.0,0.0,1.0,0.0,0,5.938102,0.0,0.0,6.735446,4.106724,6.2723513,0.0,2.2700393,5.7478795,0.0
3,163,164.0,10.0,1.0,1.0,145.0,1.0,1.0,1.0,0.9999858,1.0,-0.0,0.0,-1.41952805e-05,-0.0,0.6577689,2.285238,0.62042636,0.5650972,0.5598702,2.7704427,1.0,3.0632434,-1.4091012,0.8796296,62.54856,0.0,0.0,0.0,0.0,0.0,0,6.0947647,0.0,0.0,6.985873,4.225447,6.987437,0.0,2.0354228,5.8588557,0.0
0,164,165.0,10.0,1.0,1.0,146.0,1.0,1.0,1.0,0.99998903,1.0,-0.0,0.0,-1.095623e-05,-0.0,0.71264505,1.9197304,0.63580734,2.3959126,0.5727939,2.3346918,1.0,1.6351829,-1.4759674,0.8657407,62.06685,0.0,0.0,0.0,0.0,0.0,0,4.921758,0.0,0.0,6.067203,3.629677,6.469854,0.0,2.5600276,4.4765687,0.0
1,164,165.0,10.0,1.0,1.0,146.0,1.0,1.0,1.0,0.9999878,1.0,-0.0,0.0,-1.2216985e-05,-0.0,0.7122781,1.6570942,0.82205206,2.8503785,0.6849133,1.4237881,1.0,2.006621,-1.2721456,0.8518519,61.814262,0.0,0.0,0.0,1.0,0.0,0,5.1076183,0.0,0.0,6.227708,3.4893441,6.4275966,0.0,2.737217,3.4388132,0.0
2,164,165.0,10.0,1.0,1.0,146.0,1.0,1.0,1.0,0.9999903,1.0,-0.0,0.0,-9.73144e-06,-0.0,0.6308235,2.0290425,0.64317954,2.7611032,0.6678277,2.9808567,1.0,2.2401814,-3.8667097,0.8472222,61.024307,0.0,0.0,0.0,1.0,0.0,0,5.456938,0.0,0.0,7.1295996,3.5200412,6.265888,0.0,2.7286437,6.361662,0.0
3,164,165.0,10.0,1.0,1.0,146.0,1.0,1.0,1.0,0.999988,1.0,-0.0,0.0,-1.1968515e-05,-0.0,0.5396593,2.0026338,0.70691055,1.3405441,0.5717983,2.7288802,1.0,2.5235188,-2.7707462,0.8796296,62.86107,0.0,0.0,0.0,0.0,0.0,0,5.2463007,0.0,0.0,6.170203,3.3163342,7.2318783,0.0,2.5317383,4.635229,0.0
0,165,166.0,10.0,1.0,1.0,147.0,1.0,1.0,1.0,0.9999828,1.0,-0.0,0.0,-1.723125e-05,-0.0,0.6486479,1.7465062,0.7025412,2.7334661,0.57584906,2.4063444,1.0,1.6242557,-1.8282961,0.8657407,62.257202,0.0,0.0,0.0,0.0,0.0,0,4.508752,0.0,0.0,6.0544496,3.283159,6.1930842,0.0,2.3482537,3.8494413,0.0
1,165,166.0,10.0,1.0,1.0,147.0,1.0,1.0,1.0,0.9999839,1.0,-0.0,0.0,-1.6077822e-05,-0.0,0.7215321,1.5584424,0.850402,3.051961,0.68367535,1.4515537,1.0,1.8573048,-1.4521116,0.8518519,61.958866,0.0,0.0,0.0,1.0,0.0,0,4.7983217,0.0,0.0,6.3880506,3.462997,6.472532,0.0,2.507101,2.7825716,0.0
2,165,166.0,10.0,1.0,1.0,147.0,1.0,1.0,1.0,0.9999843,1.0,-0.0,0.0,-1.5649659e-05,-0.0,0.6067861,1.9156007,0.65585375,2.8066537,0.6628429,3.0611804,1.0,2.2310767,-4.247535,0.8472222,61.151356,0.0,0.0,0.0,1.0,0.0,0,4.563379,0.0,0.0,6.485193,3.3970878,5.5336156,0.0,2.2402787,5.000955,0.0
3,165,166.0,10.0,1.0,1.0,147.0,1.0,1.0,1.0,0.9999856,1.0,-0.0,0.0,-1.4408915e-05,-0.0,0.50447357,1.8421879,0.79233396,1.7123028,0.5741554,2.7746778,1.0,2.510922,-3.153637,0.8796296,63.073986,0.0,0.0,0.0,0.0,0.0,0,5.1576266,0.0,0.0,5.549605,3.4408095,7.3152995,0.0,2.3059561,4.194666,0.0
0,166,167.0,10.0,1.0,1.0,148.0,1.0,1.0,1.0,0.9999855,1.0,-0.0,0.0,-1.4471182e-05,-0.0,0.60052276,1.6555918,0.76197267,3.0308566,0.5818233,2.4619753,1.0,1.6871362,-2.7475963,0.8703704,62.480373,0.0,0.0,0.0,0.0,0.0,0,5.033045,0.0,0.0,6.26332,3.6736195,6.119763,0.0,2.7567604,3.4989276,0.0
1,166,167.0,10.0,1.0,1.0,148.0,1.0,1.0,1.0,0.99998593,1.0,-0.0,0.0,-1.4069681e-05,-0.0,0.6842155,1.493546,0.8941386,3.349825,0.6936236,1.3977118,1.0,1.8802394,-2.534424,0.8564815,62.154156,0.0,0.0,0.0,1.0,0.0,0,5.026642,0.0,0.0,5.766513,3.8013911,6.0097313,0.0,2.8380797,2.752861,0.0
2,166,167.0,10.0,1.0,1.0,148.0,1.0,1.0,1.0,0.9999855,1.0,-0.0,0.0,-1.4485199e-05,-0.0,0.5981535,1.8511225,0.6925311,3.102329,0.66546285,3.1111476,1.0,2.0966716,-4.5417957,0.8472222,61.370544,0.0,0.0,0.0,1.0,0.0,0,5.1424813,0.0,0.0,6.8210306,3.5884476,5.439237,0.0,2.7819452,4.941613,0.0
3,166,167.0,10.0,1.0,1.0,148.0,1.0,1.0,1.0,0.99998975,1.0,-0.0,0.0,-1.0229142e-05,-0.0,0.51205045,1.7203314,0.88299644,2.2718215,0.57799125,2.8094413,1.0,2.326331,-3.176503,0.8796296,63.34538,0.0,0.0,0.0,0.0,0.0,0,5.332723,0.0,0.0,6.011231,3.4761698,7.143981,0.0,2.4750495,4.1113887,0.0
0,167,168.0,10.0,1.0,1.0,149.0,1.0,1.0,1.0,0.9999917,1.0,-0.0,0.0,-8.302984e-06,-0.0,0.5391501,1.590748,0.8151089,3.2622173,0.58842546,2.5035906,1.0,2.0146997,-3.6767461,0.875,62.711205,0.0,0.0,0.0,0.0,0.0,0,5.0947113,0.0,0.0,5.7988024,3.8317893,5.7518377,0.0,3.1668978,3.4203043,0.0
1,167,168.0,10.0,1.0,1.0,149.0,1.0,1.0,1.0,0.9999916,1.0,-0.0,0.0,-8.398061e-06,-0.0,0.61588955,1.4280614,0.9406023,3.722609,0.70489407,1.3596752,1.0,2.0569031,-3.4572752,0.8564815,62.371086,0.0,0.0,0.0,1.0,0.0,0,4.839234,0.0,0.0,5.6931243,3.672633,5.7390914,0.0,3.023254,2.6502018,0.0
2,167,168.0,10.0,1.0,1.0,149.0,1.0,1.0,1.0,0.999992,1.0,-0.0,0.0,-7.976963e-06,-0.0,0.57737714,1.8414183,0.7030793,3.0624588,0.6666637,3.1650276,1.0,2.2627833,-4.787311,0.8472222,61.56854,0.0,0.0,0.0,1.0,0.0,0,5.1997075,0.0,0.0,6.9826617,3.5074198,5.861962,0.0,3.1358187,4.873869,0.0
3,167,168.0,10.0,1.0,1.0,149.0,1.0,1.0,1.0,0.99999326,1.0,-0.0,0.0,-6.731398e-06,-0.0,0.5365569,1.7252429,0.9045202,2.3824806,0.57972765,2.8640764,1.0,2.277612,-2.4112408,0.8842593,63.609947,0.0,0.0,0.0,0.0,0.0,0,5.391594,0.0,0.0,5.9522004,3.728764,6.170187,0.0,2.3871148,3.7194467,0.0
0,168,169.0,10.0,1.0,1.0,150.0,1.0,1.0,1.0,0.9999916,1.0,-0.0,0.0,-8.394787e-06,-0.0,0.47834402,1.553121,0.867915,3.5512788,0.5938778,2.5457559,1.0,2.489314,-4.7007875,0.875,62.965614,0.0,0.0,0.0,0.0,0.0,0,5.090348,0.0,0.0,5.3529196,3.8072095,5.4418974,0.0,3.2686403,3.0487843,0.0
1,168,169.0,10.0,1.0,1.0,150.0,1.0,1.0,1.0,0.9999921,1.0,-0.0,0.0,-7.929733e-06,-0.0,0.5785447,1.4130251,0.9804148,4.0373573,0.71142626,1.3717105,1.0,2.3291895,-4.245327,0.8564815,62.60193,0.0,0.0,0.0,1.0,0.0,0,4.935713,0.0,0.0,5.304811,3.695129,5.320002,0.0,3.0782597,2.998369,0.0
2,168,169.0,10.0,1.0,1.0,150.0,1.0,1.0,1.0,0.99999195,1.0,-0.0,0.0,-8.066369e-06,-0.0,0.5491786,1.8571738,0.71210885,2.953155,0.6694385,3.1967733,1.0,2.5840683,-5.047254,0.8472222,61.778976,0.0,0.0,0.0,1.0,0.0,0,5.280606,0.0,0.0,6.5154767,3.919295,5.663795,0.0,2.9989817,4.1051817,0.0
3,168,169.0,10.0,1.0,1.0,150.0,1.0,1.0,1.0,0.9999928,1.0,-0.0,0.0,-7.205687e-06,-0.0,0.4443936,1.7407904,0.9267938,2.5035906,0.5863748,2.8728087,1.0,2.7971535,-3.4767864,0.8842593,63.8115,0.0,0.0,0.0,0.0,0.0,0,5.2841578,0.0,0.0,5.340262,3.686714,7.518835,0.0,2.73876,3.6974435,0.0
0,169,170.0,10.0,1.0,1.0,151.0,1.0,1.0,1.0,0.9999928,1.0,-0.0,0.0,-7.1942104e-06,-0.0,0.40812194,1.6202894,0.8701068,3.663469,0.5965979,2.561389,1.0,3.1747165,-5.7168136,0.8796296,63.153404,0.0,0.0,0.0,0.0,0.0,0,4.856415,0.0,0.0,4.9785833,3.8209035,5.315504,0.0,3.1980972,2.8635437,0.0
1,169,170.0,10.0,1.0,1.0,151.0,1.0,1.0,1.0,0.999993,1.0,-0.0,0.0,-6.9766584e-06,-0.0,0.5062919,1.5148017,0.9645629,4.024345,0.71643347,1.4010677,1.0,2.891914,-5.0432467,0.8564815,62.749435,0.0,0.0,0.0,1.0,0.0,0,5.057686,0.0,0.0,5.4084444,3.7874491,5.215062,0.0,3.3629484,2.800448,0.0
2,169,170.0,10.0,1.0,1.0,151.0,1.0,1.0,1.0,0.9999922,1.0,-0.0,0.0,-7.805974e-06,-0.0,0.49297476,1.9329158,0.70602053,2.6697235,0.67216027,3.2182493,1.0,3.1919975,-5.5176673,0.8518519,61.944443,0.0,0.0,0.0,1.0,0.0,0,5.415658,0.0,0.0,6.668651,3.6406991,5.4134917,0.0,3.194826,3.7453864,0.0
3,169,170.0,10.0,1.0,1.0,151.0,1.0,1.0,1.0,0.99999225,1.0,-0.0,0.0,-7.750951e-06,-0.0,0.36582798,1.7496238,0.9611333,2.7591178,0.5862281,2.9217105,1.0,3.286761,-4.2508917,0.8888889,64.05759,0.0,0.0,0.0,0.0,0.0,0,5.126088,0.0,0.0,5.126117,3.6997802,7.091513,0.0,2.7804358,3.8548799,0.0
0,170,171.0,10.0,1.0,1.0,152.0,1.0,1.0,1.0,0.99999344,1.0,-0.0,0.0,-6.5585245e-06,-0.0,0.069508515,1.8459402,0.688595,3.3082047,0.59461224,2.6017156,1.0,5.2363353,-7.252619,0.8796296,63.35978,0.0,0.0,0.0,0.0,0.0,0,4.674876,0.0,0.0,6.1967497,3.5173182,5.4664564,0.0,2.9852517,2.3925629,0.0
1,170,171.0,10.0,1.0,1.0,152.0,1.0,1.0,1.0,0.9999937,1.0,-0.0,0.0,-6.3284474e-06,-0.0,0.16869736,1.7401341,0.7746214,3.7006748,0.70987546,1.5200365,1.0,4.93352,-6.568862,0.8657407,62.95923,0.0,0.0,0.0,1.0,0.0,0,5.2876368,0.0,0.0,6.3937488,3.875949,5.7676888,0.0,3.0998917,2.4151263,0.0
2,170,171.0,10.0,1.0,1.0,152.0,1.0,1.0,1.0,0.9999929,1.0,-0.0,0.0,-7.0637384e-06,-0.0,0.1064077,1.971579,0.665451,2.3633485,0.67684245,3.1677473,1.0,5.2936125,-8.618756,0.8611111,62.388332,0.0,0.0,0.0,1.0,0.0,0,4.599105,0.0,0.0,5.3474526,3.5401232,5.090024,0.0,2.895216,4.105856,0.0
3,170,171.0,10.0,1.0,1.0,152.0,1.0,1.0,1.0,0.99999356,1.0,-0.0,0.0,-6.453316e-06,-0.0,0.20241253,1.9174553,0.8034248,2.2824774,0.5841276,2.962682,1.0,4.5629983,-4.764854,0.8888889,64.2462,0.0,0.0,0.0,0.0,0.0,0,5.7722716,0.0,0.0,5.5656075,3.8142793,6.614679,0.0,2.608226,3.1995368,0.12414664
0,171,172.0,10.0,1.0,1.0,153.0,1.0,1.0,1.0,0.9999896,1.0,-0.0,0.0,-1.0370835e-05,-0.0,0.082260184,1.9492716,0.67611724,3.4010768,0.59107715,2.6793816,1.0,5.5918064,-7.8931665,0.8842593,63.596046,0.0,0.0,0.0,0.0,0.0,0,5.1713243,0.0,0.0,6.075575,3.439598,5.4272923,0.0,3.5451798,2.5788813,0.0
1,171,172.0,10.0,1.0,1.0,153.0,1.0,1.0,1.0,0.9999908,1.0,-0.0,0.0,-9.207571e-06,-0.0,0.17259903,1.8841724,0.7433725,3.6879609,0.71451306,1.5825998,1.0,5.2492294,-7.1680126,0.8703704,63.172817,0.0,0.0,0.0,1.0,0.0,0,5.436761,0.0,0.0,6.8254256,3.718508,5.3457694,0.0,3.560033,2.8706188,0.0
2,171,172.0,10.0,1.0,1.0,153.0,1.0,1.0,1.0,0.9999879,1.0,-0.0,0.0,-1.2125326e-05,-0.0,0.1661934,1.9677646,0.71277577,2.6729467,0.678561,3.1933432,1.0,5.2268596,-8.195615,0.8611111,62.690483,0.0,0.0,0.0,1.0,0.0,0,5.435289,0.0,0.0,5.572033,4.061621,5.2441783,0.0,3.725445,4.4314528,0.0
3,171,172.0,10.0,1.0,1.0,153.0,1.0,1.0,1.0,0.99999166,1.0,-0.0,0.0,-8.357962e-06,-0.0,0.2558995,1.9875251,0.79784393,2.1605678,0.5797395,3.0777566,1.0,4.5213833,-4.82432,0.8935185,64.54059,0.0,0.0,0.0,0.0,0.0,0,5.7487483,0.0,0.0,5.927882,3.6535208,6.5949087,0.0,3.1816885,3.2270331,0.3156291
0,172,173.0,10.0,1.0,1.0,154.0,1.0,1.0,1.0,0.99999046,1.0,-0.0,0.0,-9.527879e-06,-0.0,0.06825626,1.9969811,0.5910152,2.610126,0.5852755,2.8072114,1.0,5.0617895,-6.6461816,0.8888889,63.856274,0.0,0.0,0.0,0.0,0.0,0,6.1045113,0.0,0.0,6.4814024,3.89196,5.1711555,0.0,3.7597005,2.3435328,0.0125150075
1,172,173.0,10.0,1.0,1.0,154.0,1.0,1.0,1.0,0.9999915,1.0,-0.0,0.0,-8.543011e-06,-0.0,0.14198068,1.981725,0.6218198,2.9050522,0.7077369,1.772056,1.0,4.9972415,-6.00666,0.8796296,63.385677,0.0,0.0,0.0,1.0,0.0,0,5.698518,0.0,0.0,6.3476367,3.9590547,5.055303,0.0,3.7886188,2.4211614,0.0
2,172,173.0,10.0,1.0,1.0,154.0,1.0,1.0,1.0,0.9999899,1.0,-0.0,0.0,-1.0060267e-05,-0.0,0.07976331,1.9820688,0.6732153,2.4370503,0.67720956,3.2233531,1.0,5.303856,-8.093364,0.8611111,62.980812,0.0,0.0,0.0,1.0,0.0,0,5.025383,0.0,0.0,4.982977,3.835203,5.324605,0.0,3.2386205,3.921735,0.0
3,172,173.0,10.0,1.0,1.0,154.0,1.0,1.0,1.0,0.9999926,1.0,-0.0,0.0,-7.366019e-06,-0.0,0.2393011,2.064383,0.7065362,1.4787982,0.57582647,3.163791,1.0,4.30243,-4.332546,0.8935185,64.77391,0.0,0.0,0.0,0.0,0.0,0,6.0621824,0.0,0.0,6.1273823,3.9638731,6.453255,0.0,2.997167,2.3047156,0.34231552
0,173,174.0,10.0,1.0,1.0,155.0,1.0,1.0,1.0,0.9999896,1.0,-0.0,0.0,-1.0363384e-05,-0.0,0.05613081,2.120847,0.5929507,3.0823312,0.5863938,2.7525852,1.0,5.8019104,-6.894814,0.8888889,64.053406,0.0,0.0,0.0,0.0,0.0,0,5.200908,0.0,0.0,5.503026,3.6022854,4.8751206,0.0,3.6535723,3.057549,0.34733278
1,173,174.0,10.0,1.0,1.0,155.0,1.0,1.0,1.0,0.9999898,1.0,-0.0,0.0,-1.0181288e-05,-0.0,0.1302667,2.116568,0.6231621,3.41715,0.70730436,1.7466978,1.0,5.6473627,-6.182146,0.8796296,63.56631,0.0,0.0,0.0,1.0,0.0,0,5.4698133,0.0,0.0,6.239229,3.5128398,4.543764,0.0,3.7950146,3.1154928,0.0
2,173,174.0,10.0,1.0,1.0,155.0,1.0,1.0,1.0,0.999989,1.0,-0.0,0.0,-1.1046839e-05,-0.0,0.037261844,2.1281822,0.6837694,3.0876598,0.6786376,3.2291763,1.0,6.389729,-8.643375,0.8703704,63.160336,0.0,0.0,0.0,1.0,0.0,0,4.8320417,0.0,0.0,5.5098143,2.919233,4.9059267,0.0,3.2409518,4.739413,0.0
3,173,174.0,10.0,1.0,1.0,155.0,1.0,1.0,1.0,0.99999046,1.0,-0.0,0.0,-9.557095e-06,-0.0,0.20438768,2.171368,0.70909387,2.006544,0.57593536,3.1269586,1.0,5.0114923,-4.223633,0.8981481,64.96814,0.0,0.0,0.0,0.0,0.0,0,5.420157,0.0,0.0,5.5619416,3.6951282,6.0949464,0.0,3.0980747,2.8844292,0.6035142
0,174,175.0,10.0,1.0,1.0,156.0,1.0,1.0,1.0,0.9999922,1.0,-0.0,0.0,-7.823628e-06,-0.0,0.009733811,2.0923305,0.587111,2.802188,0.58334184,2.7954757,1.0,5.5508614,-7.778459,0.8888889,64.512985,0.0,0.0,0.0,0.0,0.0,0,4.9548593,0.0,0.0,4.783723,3.7076857,5.0262494,0.0,3.3858273,2.9621139,0.38595298
1,174,175.0,10.0,1.0,1.0,156.0,1.0,1.0,1.0,0.9999924,1.0,-0.0,0.0,-7.64206e-06,-0.0,0.05346909,2.1727858,0.5501542,2.9640026,0.7017828,1.849854,1.0,5.4849796,-7.0127053,0.8796296,63.9433,0.0,0.0,0.0,1.0,0.0,0,5.123753,0.0,0.0,5.2170696,3.8210511,4.7125773,0.0,4.0233445,2.5911307,0.52381
2,174,175.0,10.0,1.0,1.0,156.0,1.0,1.0,1.0,0.9999916,1.0,-0.0,0.0,-8.37668e-06,-0.0,0.0053480268,2.1123996,0.6518895,2.7698777,0.6772458,3.2470648,1.0,5.8513947,-8.059078,0.8703704,63.60264,0.0,0.0,0.0,1.0,0.0,0,4.6256123,0.0,0.0,4.4084644,3.668705,5.1673994,0.0,3.146023,4.3778405,0.0
3,174,175.0,10.0,1.0,1.0,156.0,1.0,1.0,1.0,0.9999934,1.0,-0.0,0.0,-6.587251e-06,-0.0,0.12568665,2.2535644,0.63127524,1.7983625,0.57293683,3.1997101,1.0,5.0998497,-5.7576766,0.8981481,65.32575,0.0,0.0,0.0,0.0,0.0,0,5.685527,0.0,0.0,5.6405354,3.7377338,6.3617544,0.0,3.0676541,2.258717,0.53203523
0,175,176.0,10.0,1.0,1.0,157.0,1.0,1.0,1.0,0.9999891,1.0,-0.0,0.0,-1.0878833e-05,-0.0,0.0019377097,2.1831071,0.5947528,3.253327,0.58388597,2.7732668,1.0,6.1538334,-7.4735155,0.8888889,64.7006,0.0,0.0,0.0,0.0,0.0,0,4.7200475,0.0,0.0,4.9987135,3.2370932,4.573461,0.0,3.4505148,3.704018,0.46847156
1,175,176.0,10.0,1.0,1.0,157.0,1.0,1.0,1.0,0.9999892,1.0,-0.0,0.0,-1.0783494e-05,-0.0,0.073235855,2.2314255,0.5818488,3.4134827,0.7037067,1.7786691,1.0,5.9328337,-6.659637,0.8842593,64.158516,0.0,0.0,0.0,1.0,0.0,0,5.1864324,0.0,0.0,5.9613175,3.3819897,4.322331,0.0,3.9639695,3.6224341,0.6558984
2,175,176.0,10.0,1.0,1.0,157.0,1.0,1.0,1.0,0.9999888,1.0,-0.0,0.0,-1.1217039e-05,-0.0,0.0069295987,2.1847303,0.6806035,3.3437438,0.6783444,3.2655752,1.0,6.541758,-7.7908635,0.8796296,63.80285,0.0,0.0,0.0,1.0,0.0,0,4.4114356,0.0,0.0,4.772358,3.196346,4.6919146,0.0,3.2966323,5.1859503,0.0
3,175,176.0,10.0,1.0,1.0,157.0,1.0,1.0,1.0,0.9999899,1.0,-0.0,0.0,-1.008806e-05,-0.0,0.11505727,2.316594,0.6506219,2.4948213,0.5749696,3.1334603,1.0,5.778892,-5.6900682,0.8981481,65.52311,0.0,0.0,0.0,0.0,0.0,0,5.0904827,0.0,0.0,5.27419,3.3966513,5.650907,0.0,3.1089168,3.095927,0.7840423
0,176,177.0,10.0,1.0,1.0,158.0,1.0,1.0,1.0,0.9999918,1.0,-0.0,0.0,-8.249789e-06,-0.0,0.0075858086,2.1945615,0.56493485,2.670603,0.5806526,2.8410263,1.0,5.6810994,-7.1012387,0.8888889,65.08419,0.0,0.0,0.0,0.0,0.0,0,5.1453476,0.0,0.0,5.1926084,3.6098928,4.8034163,0.0,3.4620497,3.3965228,0.40197986
1,176,177.0,10.0,1.0,1.0,158.0,1.0,1.0,1.0,0.99999124,1.0,-0.0,0.0,-8.76641e-06,-0.0,0.09578429,2.2622008,0.5315066,2.7712903,0.70018715,1.8319964,1.0,5.481477,-6.331466,0.8842593,64.52541,0.0,0.0,0.0,1.0,0.0,0,4.7639065,0.0,0.0,4.9360867,3.460006,4.3884172,0.0,3.76569,3.4082985,0.7539652
2,176,177.0,10.0,1.0,1.0,158.0,1.0,1.0,1.0,0.9999918,1.0,-0.0,0.0,-8.205184e-06,-0.0,0.02500303,2.1849906,0.63458747,2.803584,0.67552185,3.3124611,1.0,5.823121,-7.644942,0.8796296,64.17785,0.0,0.0,0.0,1.0,0.0,0,4.8882933,0.0,0.0,5.192907,3.4783165,4.9450865,0.0,3.327165,5.033186,0.0
3,176,177.0,10.0,1.0,1.0,158.0,1.0,1.0,1.0,0.99999195,1.0,-0.0,0.0,-8.04582e-06,-0.0,0.10834113,2.400966,0.5847513,2.1036654,0.5727669,3.1913815,1.0,5.542346,-5.130807,0.9027778,65.8998,0.0,0.0,0.0,0.0,0.0,0,5.32326,0.0,0.0,5.5002975,3.3047397,5.9189515,0.0,3.051834,2.596476,0.7758403
0,177,178.0,10.0,1.0,1.0,159.0,1.0,1.0,1.0,0.99998826,1.0,-0.0,0.0,-1.1770792e-05,-0.0,0.0151682645,2.4021635,0.57922006,3.0085635,0.58312726,2.8030255,1.0,6.010238,-7.37606,0.8888889,65.24217,0.0,0.0,0.0,0.0,0.0,0,4.717586,0.0,0.0,5.235781,3.1426127,4.6283402,0.0,3.434411,3.8910787,0.46224555
1,177,178.0,10.0,1.0,1.0,159.0,1.0,1.0,1.0,0.9999886,1.0,-0.0,0.0,-1.14067525e-05,-0.0,0.07465314,2.4716177,0.5579975,3.234747,0.7020123,1.7645311,1.0,5.856886,-6.3819933,0.8842593,64.63479,0.0,0.0,0.0,1.0,0.0,0,4.9720216,0.0,0.0,5.8677387,3.32925,4.467128,0.0,3.8127937,3.5303268,0.78197557
2,177,178.0,10.0,1.0,1.0,159.0,1.0,1.0,1.0,0.9999891,1.0,-0.0,0.0,-1.0904107e-05,-0.0,0.004755892,2.4009695,0.6563872,3.2432055,0.67818856,3.3249624,1.0,6.2297935,-7.672561,0.8796296,64.32382,0.0,0.0,0.0,1.0,0.0,0,4.7314916,0.0,0.0,5.2233596,3.1370158,4.6836944,0.0,3.2339315,5.417578,0.0
3,177,178.0,10.0,1.0,1.0,159.0,1.0,1.0,1.0,0.9999889,1.0,-0.0,0.0,-1.1116042e-05,-0.0,0.07736478,2.545779,0.6326654,2.5987053,0.57544535,3.1419425,1.0,5.9210267,-5.8508887,0.9027778,66.01139,0.0,0.0,0.0,0.0,0.0,0,4.8803034,0.0,0.0,5.364086,3.367488,5.7193074,0.0,3.05866,3.0147243,0.8108428
0,178,179.0,10.0,1.0,1.0,160.0,1.0,1.0,1.0,0.99999183,1.0,-0.0,0.0,-8.150248e-06,-0.0,0.17721765,2.3348277,0.54352444,1.7475939,0.5831313,2.83689,1.0,4.994967,-4.197363,0.8888889,65.72564,0.0,0.0,0.0,0.0,0.0,0,5.06305,0.0,0.0,4.9105735,3.5584257,4.766709,0.0,3.2878525,4.07009,1.0244609
1,178,179.0,10.0,1.0,1.0,160.0,1.0,1.0,1.0,0.9999921,1.0,-0.0,0.0,-7.916897e-06,-0.0,0.22663772,2.349656,0.5461297,2.2514024,0.70132345,1.7900741,1.0,5.02656,-4.285707,0.8888889,65.22416,0.0,0.0,0.0,1.0,0.0,0,4.7637444,0.0,0.0,5.0838084,3.3233047,4.250709,0.0,3.828481,3.6324048,0.8510535
2,178,179.0,10.0,1.0,1.0,160.0,1.0,1.0,1.0,0.9999929,1.0,-0.0,0.0,-7.1221843e-06,-0.0,0.21296404,2.3248913,0.59472793,2.575104,0.67733216,3.3765914,1.0,4.9955554,-4.458191,0.8796296,64.78977,0.0,0.0,0.0,1.0,0.0,0,4.4633236,0.0,0.0,4.6842923,3.4400597,4.763285,0.0,3.3079329,5.5525136,0.0
3,178,179.0,10.0,1.0,1.0,160.0,1.0,1.0,1.0,0.999992,1.0,-0.0,0.0,-7.977294e-06,-0.0,0.21493025,2.473862,0.6167351,1.6669042,0.5743745,3.183523,1.0,5.189049,-4.112356,0.9027778,66.55722,0.0,0.0,0.0,0.0,0.0,0,4.876318,0.0,0.0,4.8989644,3.2584546,5.674972,0.0,3.0377936,2.9694538,0.89436555
0,179,180.0,10.0,1.0,1.0,161.0,1.0,1.0,1.0,0.9999879,1.0,-0.0,0.0,-1.2114344e-05,-0.0,0.13311096,2.4347782,0.56511986,2.3890424,0.5858498,2.7991135,1.0,5.550402,-4.722245,0.8888889,65.95946,0.0,0.0,0.0,0.0,0.0,0,4.270445,0.0,0.0,4.479781,3.1352868,4.4485154,0.0,3.3889914,4.383333,1.1090689
1,179,180.0,10.0,1.0,1.0,161.0,1.0,1.0,1.0,0.99998766,1.0,-0.0,0.0,-1.2349658e-05,-0.0,0.11235867,2.4272878,0.57853025,3.044771,0.70478183,1.7359098,1.0,5.7218347,-4.343382,0.8888889,65.4369,0.0,0.0,0.0,1.0,0.0,0,3.6551015,0.0,0.0,4.926814,3.3440347,5.035486,0.0,4.0090375,3.778705,0.939072
2,179,180.0,10.0,1.0,1.0,161.0,1.0,1.0,1.0,0.9999875,1.0,-0.0,0.0,-1.2512117e-05,-0.0,0.17279498,2.4098134,0.6334258,3.0249102,0.68074363,3.383308,1.0,5.478831,-5.5760117,0.8796296,65.02127,0.0,0.0,0.0,1.0,0.0,0,4.153307,0.0,0.0,4.688252,3.111137,4.66734,0.0,3.2926006,5.7884245,0.0
3,179,180.0,10.0,1.0,1.0,161.0,1.0,1.0,1.0,0.9999877,1.0,-0.0,0.0,-1.2296852e-05,-0.0,0.08459408,2.5182881,0.6453118,2.6679637,0.579213,3.1134114,1.0,6.0236936,-4.234694,0.9027778,66.783264,0.0,0.0,0.0,0.0,0.0,0,3.7863185,0.0,0.0,4.7784944,3.2303152,5.588432,0.0,3.1166224,3.653073,0.9892211
0,180,181.0,10.0,1.0,1.0,162.0,1.0,1.0,1.0,0.9999934,1.0,-0.0,0.0,-6.6137563e-06,-0.0,0.1394825,2.4377706,0.54839253,2.0405827,0.58730465,2.8127828,1.0,5.3354974,-5.10702,0.8888889,66.60427,0.0,0.0,0.0,0.0,0.0,0,4.4339213,0.0,0.0,4.4240017,3.2249444,4.8883853,0.0,3.1528018,4.5104017,1.0815816
1,180,181.0,10.0,1.0,1.0,162.0,1.0,1.0,1.0,0.9999922,1.0,-0.0,0.0,-7.821542e-06,-0.0,0.22330284,2.449868,0.55281585,2.3493972,0.7051154,1.7417617,1.0,5.2099257,-4.2773476,0.8888889,66.07292,0.0,0.0,0.0,1.0,0.0,0,4.455416,0.0,0.0,4.628265,3.2288134,4.1571417,0.0,3.835729,3.7750027,0.9371839
2,180,181.0,10.0,1.0,1.0,162.0,1.0,1.0,1.0,0.9999933,1.0,-0.0,0.0,-6.6929642e-06,-0.0,0.13744366,2.403316,0.6101358,2.9171524,0.68118453,3.415775,1.0,5.470204,-5.4910927,0.8796296,65.66644,0.0,0.0,0.0,1.0,0.0,0,3.7134504,0.0,0.0,3.7345667,3.0243328,4.8691664,0.0,3.206701,5.8887596,0.0
3,180,181.0,10.0,1.0,1.0,162.0,1.0,1.0,1.0,0.9999908,1.0,-0.0,0.0,-9.166558e-06,-0.0,0.18574409,2.5823061,0.61929363,2.0267267,0.5801293,3.1249552,1.0,5.5745363,-4.2619705,0.9027778,67.40624,0.0,0.0,0.0,0.0,0.0,0,4.7110457,0.0,0.0,4.7900095,3.2684884,5.672816,0.0,3.001883,3.3936958,0.946047
0,181,182.0,10.0,1.0,1.0,163.0,1.0,1.0,1.0,0.99998796,1.0,-0.0,0.0,-1.2038022e-05,-0.0,0.11385027,2.4290845,0.5525982,2.6393516,0.58876103,2.785377,1.0,5.8591948,-5.1573806,0.8888889,66.92642,0.0,0.0,0.0,0.0,0.0,0,4.3174033,0.0,0.0,4.4529443,2.9865878,4.546903,0.0,3.3772695,4.6790147,1.1178387
1,181,182.0,10.0,1.0,1.0,163.0,1.0,1.0,1.0,0.9999869,1.0,-0.0,0.0,-1.311915e-05,-0.0,0.1036169,2.3995826,0.57178766,3.130711,0.7070979,1.7300383,1.0,5.8822327,-5.233675,0.8888889,66.40795,0.0,0.0,0.0,1.0,0.0,0,3.6824284,0.0,0.0,4.84606,3.2324905,4.8691497,0.0,3.9825232,3.6260262,1.0612042
2,181,182.0,10.0,1.0,1.0,163.0,1.0,1.0,1.0,0.9999874,1.0,-0.0,0.0,-1.25587285e-05,-0.0,0.06724559,2.409261,0.6217056,3.343978,0.6836327,3.4214997,1.0,6.128231,-5.4630675,0.8796296,66.00273,0.0,0.0,0.0,1.0,0.0,0,3.9899156,0.0,0.0,4.210444,2.8445163,4.4360948,0.0,3.183639,5.6761827,0.0
3,181,182.0,10.0,1.0,1.0,163.0,1.0,1.0,1.0,0.99998724,1.0,-0.0,0.0,-1.2781941e-05,-0.0,0.09625293,2.4724112,0.64836466,2.6863837,0.5832792,3.068587,1.0,6.098247,-4.9441857,0.9027778,67.77292,0.0,0.0,0.0,0.0,0.0,0,4.6123285,0.0,0.0,5.1813645,3.039949,5.212925,0.0,3.163913,3.7316415,0.9838556
0,182,183.0,10.0,1.0,1.0,164.0,1.0,1.0,1.0,0.999992,1.0,-0.0,0.0,-7.973617e-06,-0.0,0.27670413,2.6091206,0.54002964,2.7999523,0.59201044,2.7727022,1.0,5.8457975,-3.6289535,0.8888889,67.30088,0.0,0.0,0.0,0.0,0.0,0,4.9577246,0.0,0.0,5.160098,3.0924828,4.7268114,0.0,3.190752,4.891742,1.1342838
1,182,183.0,10.0,1.0,1.0,164.0,1.0,1.0,1.0,0.99999166,1.0,-0.0,0.0,-8.341845e-06,-0.0,0.23839362,2.606303,0.5554104,3.4588175,0.7085141,1.7205111,1.0,6.0444856,-3.9650295,0.8888889,66.79503,0.0,0.0,0.0,1.0,0.0,0,4.590748,0.0,0.0,5.1815634,3.15441,4.0523906,0.0,4.02228,3.88199,1.2139777
2,182,183.0,10.0,1.0,1.0,164.0,1.0,1.0,1.0,0.9999922,1.0,-0.0,0.0,-7.8161875e-06,-0.0,0.28404295,2.5737922,0.6110142,3.2357147,0.6855154,3.432692,1.0,5.7851634,-3.9763265,0.8796296,66.3402,0.0,0.0,0.0,1.0,0.0,0,4.674288,0.0,0.0,5.1023364,3.2662606,4.794944,0.0,3.1227694,6.3204074,0.0
3,182,183.0,10.0,1.0,1.0,164.0,1.0,1.0,1.0,0.99999094,1.0,-0.0,0.0,-9.058975e-06,-0.0,0.23302846,2.7646255,0.589977,3.097531,0.5878863,3.0246515,1.0,6.372214,-3.549829,0.9027778,68.176575,0.0,0.0,0.0,0.0,0.0,0,4.8836946,0.0,0.0,5.099839,2.932526,5.872861,0.0,3.0433114,4.179264,1.0185409
0,183,184.0,10.0,1.0,1.0,165.0,1.0,1.0,1.0,0.9999906,1.0,-0.0,0.0,-9.445409e-06,-0.0,0.3743518,2.5374,0.55632997,2.5659688,0.5939803,2.7659185,1.0,5.6803746,-2.745457,0.8888889,67.699295,0.0,0.0,0.0,0.0,0.0,0,4.699797,0.0,0.0,4.731317,3.0327818,4.644253,0.0,3.2853193,4.788112,1.237086
1,183,184.0,10.0,1.0,1.0,165.0,1.0,1.0,1.0,0.99999094,1.0,-0.0,0.0,-9.080492e-06,-0.0,0.24526231,2.538154,0.5620164,3.5269482,0.7066858,1.7605344,1.0,6.207441,-3.8665674,0.8888889,67.19788,0.0,0.0,0.0,1.0,0.0,0,4.211563,0.0,0.0,4.6389136,2.784906,4.0052257,0.0,4.20145,3.8591285,1.4230466
2,183,184.0,10.0,1.0,1.0,165.0,1.0,1.0,1.0,0.99999195,1.0,-0.0,0.0,-8.0451955e-06,-0.0,0.31387657,2.5435555,0.61213547,3.3421047,0.68680316,3.425844,1.0,5.9472876,-3.6335924,0.8796296,66.7811,0.0,0.0,0.0,1.0,0.0,0,4.2442107,0.0,0.0,4.6140633,2.9033031,4.6276517,0.0,3.1969755,6.0469594,0.0
3,183,184.0,10.0,1.0,1.0,165.0,1.0,1.0,1.0,0.9999908,1.0,-0.0,0.0,-9.168588e-06,-0.0,0.32630825,2.6990957,0.60436356,2.890736,0.5897478,3.0137625,1.0,6.262939,-2.6811416,0.9027778,68.582275,0.0,0.0,0.0,0.0,0.0,0,4.497179,0.0,0.0,4.743583,3.0328221,5.714377,0.0,3.245601,4.3526735,1.1570876
0,184,185.0,10.0,1.0,1.0,166.0,1.0,1.0,1.0,0.9999911,1.0,-0.0,0.0,-8.864451e-06,-0.0,0.0081779435,2.3407354,0.5875413,2.5023398,0.59704286,2.7531538,1.0,5.78828,-5.7210617,0.8888889,68.2524,0.0,0.0,0.0,0.0,0.0,0,3.4475086,0.0,0.0,3.1520994,2.5578406,4.4940805,0.0,3.2857394,4.776075,1.2852572
1,184,185.0,10.0,1.0,1.0,166.0,1.0,1.0,1.0,0.9999911,1.0,-0.0,0.0,-8.867291e-06,-0.0,0.053222477,2.3534029,0.57831407,2.7440407,0.69646597,1.9236962,1.0,5.6991134,-4.846308,0.8888889,67.704834,0.0,0.0,0.0,1.0,0.0,0,4.4607077,0.0,0.0,6.312007,3.3332887,5.1950574,0.0,3.7460232,3.1184697,1.3387222
2,184,185.0,10.0,1.0,1.0,166.0,1.0,1.0,1.0,0.9999918,1.0,-0.0,0.0,-8.241668e-06,-0.0,0.067834,2.3416657,0.6336379,3.2906485,0.6865835,3.4447572,1.0,5.998943,-7.249738,0.8796296,67.312775,0.0,0.0,0.0,1.0,0.0,0,2.9732852,0.0,0.0,5.223866,3.0449452,5.3412557,0.0,3.1209273,5.513097,0.0
3,184,185.0,10.0,1.0,1.0,166.0,1.0,1.0,1.0,0.9999908,1.0,-0.0,0.0,-9.18009e-06,-0.0,0.028637238,2.5049953,0.64492327,2.3913348,0.5907971,3.0622032,1.0,6.0596128,-4.453605,0.9027778,69.105095,0.0,0.0,0.0,0.0,0.0,0,2.7942712,0.0,0.0,5.0675855,2.805259,5.959795,0.0,3.1488988,4.1558886,0.98318505
0,185,186.0,10.0,1.0,1.0,167.0,1.0,1.0,1.0,0.99998754,1.0,-0.0,0.0,-1.24797525e-05,-0.0,0.11683833,2.1866534,0.61812305,2.043266,0.5968072,2.7662015,1.0,5.2109785,-5.2380924,0.8888889,68.71214,0.0,0.0,0.0,0.0,0.0,0,5.80864,0.0,0.0,5.725154,3.4640195,4.40474,0.0,3.653789,4.606915,1.3189662
1,185,186.0,10.0,1.0,1.0,167.0,1.0,1.0,1.0,0.9999888,1.0,-0.0,0.0,-1.123372e-05,-0.0,0.23112074,2.163166,0.6350795,2.105153,0.6999445,1.8792393,1.0,4.869931,-4.230517,0.8888889,68.18916,0.0,0.0,0.0,1.0,0.0,0,4.6213727,0.0,0.0,5.283657,3.2950814,3.5365045,0.0,4.5852866,3.8810828,1.7938294
2,185,186.0,10.0,1.0,1.0,167.0,1.0,1.0,1.0,0.99998724,1.0,-0.0,0.0,-1.27505955e-05,-0.0,0.12413226,2.209445,0.6715452,3.227479,0.68689287,3.4687614,1.0,5.189615,-5.5515842,0.8796296,67.78361,0.0,0.0,0.0,1.0,0.0,0,5.0763807,0.0,0.0,5.5077143,3.5291326,4.2268457,0.0,3.8299375,6.1114783,0.0
3,185,186.0,10.0,1.0,1.0,167.0,1.0,1.0,1.0,0.9999863,1.0,-0.0,0.0,-1.3692154e-05,-0.0,0.24201721,2.2948644,0.71643645,1.5379533,0.59267944,3.03034,1.0,5.1626625,-3.7208312,0.9027778,69.56462,0.0,0.0,0.0,0.0,0.0,0,5.1755204,0.0,0.0,5.604803,3.6878273,5.2579727,0.0,3.5897756,4.5114403,1.2642759
0,186,187.0,10.0,1.0,1.0,168.0,1.0,1.0,1.0,0.9999903,1.0,-0.0,0.0,-9.740931e-06,-0.0,0.3807731,2.5378506,0.5825397,1.9204382,0.60053116,2.7633703,1.0,5.0479517,-2.8496833,0.8888889,69.25104,0.0,0.0,0.0,0.0,0.0,0,4.922275,0.0,0.0,5.0225754,3.3335898,4.5288625,0.0,3.4092863,4.8883357,1.3244584
1,186,187.0,10.0,1.0,1.0,168.0,1.0,1.0,1.0,0.99999344,1.0,-0.0,0.0,-6.5563195e-06,-0.0,0.30306503,2.5066614,0.5806771,2.4740272,0.7017452,1.9192154,1.0,5.3217072,-3.5538785,0.8888889,68.75843,0.0,0.0,0.0,1.0,0.0,0,4.3324757,0.0,0.0,4.985541,2.7031448,3.8867545,0.0,4.1973395,3.8281493,1.8248638
2,186,187.0,10.0,1.0,1.0,168.0,1.0,1.0,1.0,0.99999213,1.0,-0.0,0.0,-7.863542e-06,-0.0,0.2223298,2.5679355,0.6185544,3.1528857,0.6936613,3.4667296,1.0,5.529283,-4.621706,0.8796296,68.33757,0.0,0.0,0.0,1.0,0.0,0,4.5519896,0.0,0.0,4.88702,2.9009123,4.6022363,0.0,3.4414964,6.4444227,0.0
3,186,187.0,10.0,1.0,1.0,168.0,1.0,1.0,1.0,20.999992,1.0,-0.0,20.0,-7.819838e-06,-0.0,0.36398733,2.6418417,0.6707448,1.6692505,0.59922004,2.9777038,1.0,5.345551,-2.5841985,0.9027778,70.09197,1.0,0.0,0.0,0.0,0.0,0,4.4591017,0.0,0.0,4.8117304,3.3604019,5.506634,0.0,3.184463,4.5660796,1.2698197
0,187,188.0,10.0,1.0,1.0,169.0,1.0,1.0,1.0,0.99998975,1.0,-0.0,0.0,-1.0224679e-05,-0.0,0.29026344,2.4601548,0.58891076,1.9924517,0.5979714,2.778061,1.0,5.1225815,-3.5657668,0.8888889,69.35246,0.0,0.0,0.0,0.0,0.0,0,4.710264,0.0,0.0,4.7403326,2.9793856,4.6319094,0.0,3.2154295,4.8335996,1.1830765
1,187,188.0,10.0,1.0,1.0,169.0,1.0,1.0,1.0,0.9999902,1.0,-0.0,0.0,-9.794159e-06,-0.0,0.059673376,2.4255831,0.5832539,2.9745474,0.7035136,1.9374808,1.0,5.842712,-5.7229223,0.8888889,68.86125,0.0,0.0,0.0,1.0,0.0,0,3.8596585,0.0,0.0,4.8897,2.7950149,4.1146016,0.0,4.454321,3.694458,1.8878609
2,187,188.0,10.0,1.0,1.0,169.0,1.0,1.0,1.0,0.9999908,1.0,-0.0,0.0,-9.154026e-06,-0.0,0.021022558,2.508301,0.61699194,3.3563616,0.6966172,3.4456658,1.0,5.927346,-6.3769603,0.8796296,68.45168,0.0,0.0,0.0,1.0,0.0,0,4.2455397,0.0,0.0,4.597876,2.945647,4.549387,0.0,3.6158316,6.2506127,0.0
3,187,188.0,10.0,1.0,1.0,169.0,1.0,1.0,1.0,0.9999908,1.0,-0.0,0.0,-9.157648e-06,-0.0,0.1269687,2.6221519,0.62987435,2.164911,0.60214406,2.9337418,1.0,5.8795996,-4.646437,0.9027778,70.25602,1.0,0.0,0.0,0.0,0.0,0,4.000037,0.0,0.0,4.313135,2.808686,5.400435,0.0,3.2526133,4.320918,1.2773438
0,188,189.0,10.0,1.0,1.0,170.0,1.0,1.0,1.0,0.99998814,1.0,-0.0,0.0,-1.1841341e-05,-0.0,0.20560548,2.452574,0.5880152,2.3410532,0.5980367,2.786501,1.0,5.5493784,-4.2666,0.8888889,69.63224,0.0,0.0,0.0,0.0,0.0,0,4.806798,0.0,0.0,4.805668,3.051072,4.3901997,0.0,3.4089572,5.035709,1.2192526
1,188,189.0,10.0,1.0,1.0,170.0,1.0,1.0,1.0,0.9999891,1.0,-0.0,0.0,-1.0894683e-05,-0.0,0.25459415,2.440419,0.6003393,2.4724448,0.70432645,1.9455436,1.0,5.372573,-3.9664032,0.8888889,69.09728,0.0,0.0,0.0,1.0,0.0,0,4.6620016,0.0,0.0,5.267787,3.2452807,3.5596604,0.0,4.5867233,3.9697404,1.8508221
2,188,189.0,10.0,1.0,1.0,170.0,1.0,1.0,1.0,0.99999094,1.0,-0.0,0.0,-9.0398025e-06,-0.0,0.022748858,2.5308967,0.6198979,3.4579122,0.6979068,3.4520214,1.0,6.030069,-6.3062468,0.8796296,68.705185,0.0,0.0,0.0,1.0,0.0,0,4.4008408,0.0,0.0,4.7436986,3.0495508,4.364503,0.0,3.8194778,6.4890265,0.0
3,188,189.0,10.0,1.0,1.0,170.0,1.0,1.0,1.0,0.9999902,1.0,-0.0,0.0,-9.775292e-06,-0.0,0.11279099,2.6463492,0.6289133,2.3640108,0.6035116,2.9150047,1.0,6.095964,-4.7029266,0.9027778,70.52179,1.0,0.0,0.0,0.0,0.0,0,4.4639773,0.0,0.0,4.8624845,2.9311635,5.329216,0.0,3.3810093,4.4274545,1.2957431
0,189,190.0,10.0,1.0,1.0,171.0,1.0,1.0,1.0,0.99999154,1.0,-0.0,0.0,-8.491972e-06,-0.0,0.035826303,2.403481,0.5923931,2.6482337,0.60014266,2.7664843,1.0,5.9277434,-5.7557693,0.8888889,69.832436,0.0,0.0,0.0,0.0,0.0,0,4.7082615,0.0,0.0,4.7430425,3.0191789,4.2213063,0.0,3.5916116,5.16305,1.2554638
1,189,190.0,10.0,1.0,1.0,171.0,1.0,1.0,1.0,0.99999225,1.0,-0.0,0.0,-7.744909e-06,-0.0,0.15155691,2.417812,0.6010931,2.5448334,0.7005145,2.0282712,1.0,5.494404,-4.8901877,0.8888889,69.33931,0.0,0.0,0.0,1.0,0.0,0,4.2587385,0.0,0.0,4.8148394,2.8447647,3.542848,0.0,4.5754666,3.9687161,2.008199
2,189,190.0,10.0,1.0,1.0,171.0,1.0,1.0,1.0,0.99999267,1.0,-0.0,0.0,-7.3282295e-06,-0.0,0.022867322,2.5297272,0.6211144,3.425844,0.7004147,3.4610798,1.0,5.82847,-6.0060377,0.8796296,68.953255,0.0,0.0,0.0,1.0,0.0,0,4.4905663,0.0,0.0,4.8437104,3.0379164,4.343218,0.0,3.8731196,6.569822,0.0
3,189,190.0,10.0,1.0,1.0,171.0,1.0,1.0,1.0,0.99999285,1.0,-0.0,0.0,-7.148048e-06,-0.0,0.07258076,2.6226916,0.63524705,2.272855,0.605641,2.8939836,1.0,6.047696,-5.0441484,0.9027778,70.75748,1.0,0.0,0.0,0.0,0.0,0,4.4978805,0.0,0.0,4.893207,2.9569776,5.238584,0.0,3.4626365,4.4674706,1.361258
0,190,191.0,10.0,1.0,1.0,172.0,1.0,1.0,1.0,20.99999,1.0,-0.0,20.0,-1.0196378e-05,-0.0,0.09265635,2.4166625,0.58883846,2.475925,0.6008681,2.7752416,1.0,5.7696934,-5.1850452,0.8888889,70.13192,1.0,0.0,0.0,0.0,0.0,0,4.772512,0.0,0.0,4.859838,3.0424545,4.2325034,0.0,3.5891297,5.188414,1.3195062
1,190,191.0,10.0,1.0,1.0,172.0,1.0,1.0,1.0,0.9999919,1.0,-0.0,0.0,-8.088154e-06,-0.0,0.19838698,2.3905022,0.606973,2.4954486,0.6967058,2.1099813,1.0,5.4175034,-4.4260836,0.8888889,69.582,0.0,0.0,0.0,1.0,0.0,0,4.453692,0.0,0.0,5.011403,3.0672143,3.5712492,0.0,4.534875,3.905962,2.1535482
2,190,191.0,10.0,1.0,1.0,172.0,1.0,1.0,1.0,0.9999928,1.0,-0.0,0.0,-7.223632e-06,-0.0,0.11085495,2.5304782,0.6267865,3.3798354,0.7025087,3.4762006,1.0,5.468269,-4.9180875,0.8796296,69.22571,0.0,0.0,0.0,1.0,0.0,0,4.547632,0.0,0.0,4.912698,3.1583805,4.2604275,0.0,3.9430118,6.6711893,0.0
3,190,191.0,10.0,1.0,1.0,172.0,1.0,1.0,1.0,0.9999926,1.0,-0.0,0.0,-7.4155355e-06,-0.0,0.27396268,2.5893176,0.6711177,1.4956392,0.6065722,2.9061298,1.0,5.3319707,-3.27414,0.9027778,71.017395,1.0,0.0,0.0,0.0,0.0,0,4.767719,0.0,0.0,5.319365,3.2426198,5.3290453,0.0,3.4971433,4.373856,1.389523
0,191,192.0,10.0,1.0,1.0,173.0,1.0,1.0,1.0,0.9999898,1.0,-0.0,0.0,-1.0191581e-05,-0.0,0.21942742,2.38972,0.6068369,2.0683947,0.60034764,2.7999523,1.0,5.2817535,-3.74401,0.8888889,70.46625,1.0,0.0,0.0,0.0,0.0,0,4.893453,0.0,0.0,4.951178,3.1223009,4.270354,0.0,3.508078,5.0401087,1.3244747
1,191,192.0,10.0,1.0,1.0,173.0,1.0,1.0,1.0,0.9999924,1.0,-0.0,0.0,-7.635478e-06,-0.0,0.18022768,2.3490846,0.61507064,2.3606975,0.69288737,2.1843474,1.0,5.2893167,-4.181091,0.8888889,69.901955,0.0,0.0,0.0,1.0,0.0,0,4.389309,0.0,0.0,4.9169445,2.9730027,3.524814,0.0,4.66035,4.0761166,2.2787523
2,191,192.0,10.0,1.0,1.0,173.0,1.0,1.0,1.0,0.9999926,1.0,-0.0,0.0,-7.3898755e-06,-0.0,0.1387503,2.5018842,0.6346968,3.3614888,0.70455265,3.4923766,1.0,5.2159395,-5.7659245,0.8796296,69.54169,0.0,0.0,0.0,1.0,0.0,0,4.5238976,0.0,0.0,4.8813972,3.1175,4.1781616,0.0,3.983604,6.6929183,0.0
3,191,192.0,10.0,1.0,1.0,173.0,1.0,1.0,1.0,0.9999919,1.0,-0.0,0.0,-8.080443e-06,-0.0,0.29133782,2.558343,0.6831061,1.3830756,0.6078328,2.9222462,1.0,5.1900673,-3.1328714,0.9027778,71.34499,1.0,0.0,0.0,0.0,0.0,0,4.464996,0.0,0.0,4.956609,3.0853386,5.13455,0.0,3.5376303,4.5100036,1.3930584
0,192,193.0,10.0,1.0,1.0,174.0,1.0,1.0,1.0,0.99999076,1.0,-0.0,0.0,-9.2499085e-06,-0.0,0.22309385,2.3255327,0.6211242,1.9471526,0.60090595,2.8274934,1.0,5.145746,-3.6202621,0.8888889,70.74993,1.0,0.0,0.0,0.0,0.0,0,4.9382706,0.0,0.0,4.9099145,3.1251,4.11744,0.0,3.446056,4.943688,1.4028915
1,192,193.0,10.0,1.0,1.0,174.0,1.0,1.0,1.0,20.999992,1.0,-0.0,20.0,-6.8689424e-06,-0.0,0.30999482,2.2815037,0.6394675,1.8161197,0.68719715,2.276984,1.0,4.73462,-3.3162394,0.8888889,70.20502,1.0,0.0,0.0,1.0,0.0,0,4.806176,0.0,0.0,5.2804832,3.1990314,3.5661368,0.0,4.5370173,3.9451165,2.3942559
2,192,193.0,10.0,1.0,1.0,174.0,1.0,1.0,1.0,0.99999255,1.0,-0.0,0.0,-7.4617064e-06,-0.0,0.113075785,2.4608881,0.6407707,3.3673058,0.70702565,3.5118232,1.0,5.123385,-6.1485424,0.8796296,69.85527,0.0,0.0,0.0,1.0,0.0,0,4.4487963,0.0,0.0,4.652246,2.9630861,4.1410646,0.0,3.9637318,6.731035,0.0
3,192,193.0,10.0,1.0,1.0,174.0,1.0,1.0,1.0,0.99999166,1.0,-0.0,0.0,-8.361121e-06,-0.0,0.19596368,2.5039482,0.68116915,1.5845768,0.6104959,2.9219782,1.0,5.405336,-3.2896223,0.9027778,71.634636,1.0,0.0,0.0,0.0,0.0,0,4.4705553,0.0,0.0,4.87409,2.9725492,4.9868894,0.0,3.5212646,4.4025025,1.4208559
0,193,194.0,10.0,1.0,1.0,175.0,1.0,1.0,1.0,0.9999903,1.0,-0.0,0.0,-9.695163e-06,-0.0,0.10038111,2.241903,0.62771446,2.037896,0.60364026,2.816676,1.0,5.2982373,-5.6310797,0.8888889,71.05082,1.0,0.0,0.0,0.0,0.0,0,4.887995,0.0,0.0,4.8564234,3.0795434,4.03871,0.0,3.5537968,4.985966,1.4289293
1,193,194.0,10.0,1.0,1.0,175.0,1.0,1.0,1.0,0.99999225,1.0,-0.0,0.0,-7.773121e-06,-0.0,0.23371428,2.221191,0.64435077,1.8371164,0.68461376,2.3443944,1.0,4.7655096,-4.6692696,0.8888889,70.53334,1.0,0.0,0.0,1.0,0.0,0,4.443726,0.0,0.0,4.9659877,2.8362896,3.5211027,0.0,4.5689306,3.9586809,2.5585048
2,193,194.0,10.0,1.0,1.0,175.0,1.0,1.0,1.0,20.999992,1.0,-0.0,20.0,-7.885973e-06,-0.0,0.3979884,2.2560322,0.75648206,3.8213959,0.7071305,3.5455432,1.0,3.6757827,-3.787604,0.8796296,70.10951,1.0,0.0,0.0,1.0,0.0,0,5.2535925,0.0,0.0,5.4435453,3.5233073,3.9897451,0.0,4.115095,6.752053,0.04735411
3,193,194.0,10.0,1.0,1.0,175.0,1.0,1.0,1.0,0.9999907,1.0,-0.0,0.0,-9.3096e-06,-0.0,0.29362962,2.3546314,0.750749,1.1528249,0.6114176,2.9342756,1.0,4.81784,-3.5474887,0.9027778,71.90775,1.0,0.0,0.0,0.0,0.0,0,4.9984913,0.0,0.0,5.4002833,3.3137603,4.8774285,0.0,3.6928897,4.3828087,1.508572
0,194,195.0,10.0,1.0,1.0,176.0,1.0,1.0,1.0,0.9999897,1.0,-0.0,0.0,-1.0330763e-05,-0.0,0.50917864,1.9469341,0.82366365,2.1423774,0.6034236,2.8410263,1.0,3.354913,-2.2752416,0.8888889,71.33081,1.0,0.0,0.0,0.0,0.0,0,5.416055,0.0,0.0,5.882047,3.696113,4.0104036,0.0,3.6910536,4.8852887,1.427543
1,194,195.0,10.0,1.0,1.0,176.0,1.0,1.0,1.0,0.99999213,1.0,-0.0,0.0,-7.8826115e-06,-0.0,0.6997827,1.9047121,0.84961754,2.3952594,0.6841604,2.3453958,1.0,3.2426248,-0.7024426,0.8888889,70.775375,1.0,0.0,0.0,1.0,0.0,0,5.811891,0.0,0.0,5.989898,3.8299038,3.5356083,0.0,4.5479703,3.9101443,2.5498326
2,194,195.0,10.0,1.0,1.0,176.0,1.0,1.0,1.0,0.9856079,1.0,-0.0,0.0,-8.346179e-06,-0.014383759,0.87341404,1.8140544,1.0553074,5.863025,0.7102964,3.54775,0.0,1.9063913,0.59787834,0.8796296,70.40494,1.0,0.0,0.0,1.0,0.0,0,5.7900724,0.0,0.0,6.0644093,4.117341,4.0069075,0.0,4.1193657,6.6314983,0.08102932
3,194,195.0,10.0,1.0,1.0,176.0,1.0,1.0,1.0,0.9999917,1.0,-0.0,0.0,-8.290369e-06,-0.0,0.5425364,2.111119,0.90675,1.9663528,0.6123709,2.9507685,1.0,3.8645732,-1.5056897,0.9027778,72.19531,1.0,0.0,0.0,0.0,0.0,0,5.0771756,0.0,0.0,5.4313097,3.6957355,4.759658,0.0,3.7618637,4.32469,1.5262309
0,195,196.0,10.0,1.0,1.0,176.0,0.0,0.0,1.0,-0.024057211,0.0,-0.024042837,0.0,-1.4373254e-05,-0.0,1.0240428,2.112739,0.90156066,2.8564136,0.60314506,2.874443,1.0,2.4498441,1.9637021,0.8888889,72.122345,1.0,0.0,0.0,0.0,0.0,0,5.881845,0.0,0.0,7.02156,4.0419807,3.977043,0.0,3.4569788,4.5777144,1.4184288
1,195,196.0,10.0,1.0,1.0,176.0,0.0,0.0,1.0,-0.00760425,0.0,-0.0075934455,0.0,-1.0804783e-05,-0.0,1.0075934,2.0534775,0.90039337,2.7260103,0.67839086,2.4177027,1.0,2.7520726,1.6736481,0.8888889,71.50667,1.0,0.0,0.0,1.0,0.0,0,5.9945326,0.0,0.0,6.5711527,4.002501,3.596735,0.0,4.355069,3.6947553,2.5798953
2,195,196.0,10.0,1.0,1.0,177.0,1.0,1.0,1.0,0.9999848,1.0,-0.0,0.0,-1.5169726e-05,-0.0,0.9604193,2.1266816,0.97435397,4.7694883,0.7134829,3.54024,1.0,1.7402383,0.042093918,0.8796296,71.168465,1.0,0.0,0.0,1.0,0.0,0,5.715563,0.0,0.0,6.2352476,3.7719793,3.888048,0.0,3.8371062,6.210297,0.0014726232
3,195,196.0,10.0,1.0,1.0,176.0,0.0,0.0,1.0,-0.112059146,0.0,-0.1018526,0.0,-1.0044969e-05,-0.010196503,1.1018525,2.0383618,1.081572,3.4429388,0.61424255,2.9805942,0.0,2.8893406,2.9683495,0.9027778,72.7931,1.0,0.0,0.0,0.0,0.0,0,6.4056716,0.0,0.0,6.967005,4.5150914,4.6313634,0.0,3.767288,4.1406045,1.5368418
0,196,197.0,10.0,1.0,1.0,177.0,1.0,1.0,1.0,0.99998224,1.0,-0.0,0.0,-1.7739498e-05,-0.0,0.7427596,2.1230643,0.7815358,1.8507,0.60670847,2.8344061,1.0,3.030928,0.5201502,0.8888889,72.54648,1.0,0.0,0.0,0.0,0.0,0,4.5451245,0.0,0.0,4.847752,2.6331778,3.7724237,0.0,3.4080684,4.4736843,1.4669828
1,196,197.0,10.0,1.0,1.0,177.0,1.0,1.0,1.0,0.9999871,1.0,-0.0,0.0,-1.2892724e-05,-0.0,0.73863864,2.0801873,0.76728773,1.6100576,0.6748251,2.4144628,1.0,3.0470963,-0.20399503,0.8888889,71.88469,1.0,0.0,0.0,1.0,0.0,0,5.5038857,0.0,0.0,6.1638174,3.0641868,4.2622952,0.0,3.8982553,3.034296,2.297844
2,196,197.0,10.0,1.0,1.0,178.0,1.0,1.0,1.0,0.9999849,1.0,-0.0,0.0,-1.50918695e-05,-0.0,0.5901929,2.0961816,0.8121755,3.274193,0.71181464,3.4833992,1.0,2.5573428,-2.7912688,0.8796296,71.464676,1.0,0.0,0.0,1.0,0.0,0,4.1909266,0.0,0.0,7.751373,1.7458956,5.397498,0.0,3.4250033,4.3149414,0.0
3,196,197.0,10.0,1.0,1.0,177.0,1.0,1.0,1.0,0.99998564,1.0,-0.0,0.0,-1.4341756e-05,-0.0,0.742152,2.116761,0.9406373,2.0687728,0.6186786,2.9123182,1.0,3.3853543,1.0336657,0.9027778,73.18029,1.0,0.0,0.0,0.0,0.0,0,4.9667163,0.0,0.0,4.826835,3.309984,4.4653335,0.0,3.4121413,4.0464687,1.5218246
0,197,198.0,10.0,1.0,1.0,178.0,1.0,1.0,1.0,0.99997765,1.0,-0.0,0.0,-2.236907e-05,-0.0,0.607767,1.7020669,0.8804901,2.4891672,0.60566556,2.8448808,1.0,2.8173752,-2.1793787,0.8888889,72.83021,1.0,0.0,0.0,0.0,0.0,0,4.559227,0.0,0.0,7.758444,2.9470243,5.653592,0.0,3.497293,2.920636,1.348874
1,197,198.0,10.0,1.0,1.0,178.0,1.0,1.0,1.0,0.9999818,1.0,-0.0,0.0,-1.8203382e-05,-0.0,0.7398203,1.6690847,0.88403,2.4866505,0.6722678,2.3949325,1.0,2.6782494,-1.1188164,0.8888889,72.17729,1.0,0.0,0.0,1.0,0.0,0,5.461603,0.0,0.0,8.418668,3.1929758,6.130147,0.0,3.7560346,2.3419569,2.3681827
2,197,198.0,10.0,1.0,1.0,179.0,1.0,1.0,1.0,0.9999841,1.0,-0.0,0.0,-1.5924368e-05,-0.0,0.7452056,2.1326776,0.8432093,3.2908862,0.71356374,3.5055761,1.0,2.6217434,-2.9108803,0.8796296,71.927315,1.0,0.0,0.0,1.0,0.0,0,6.2006087,0.0,0.0,6.8213887,4.047438,3.1835914,0.0,4.4931593,5.334172,0.0
3,197,198.0,10.0,1.0,1.0,178.0,1.0,1.0,1.0,0.9867174,1.0,-0.0,0.0,-2.062228e-05,-0.013261998,0.7431444,1.5903318,1.1060959,3.4260724,0.61861914,2.9332082,0.0,2.6509962,-0.667776,0.9027778,73.555824,1.0,0.0,0.0,0.0,0.0,0,5.116911,0.0,0.0,8.241365,3.4395928,6.7533193,0.0,3.6968777,2.9027689,1.522087
0,198,199.0,10.0,1.0,1.0,179.0,1.0,1.0,1.0,0.9999868,1.0,-0.0,0.0,-1.31665765e-05,-0.0,0.8843046,1.8779509,0.9158389,2.7182465,0.6050266,2.8177876,1.0,2.3867133,0.7721353,0.8888889,73.520485,1.0,0.0,0.0,0.0,0.0,0,6.6020956,0.0,0.0,7.444443,4.362649,3.3427134,0.0,3.9156866,3.5951755,1.5381607
1,198,199.0,10.0,1.0,1.0,179.0,1.0,1.0,1.0,0.9999852,1.0,-0.0,0.0,-1.4758524e-05,-0.0,0.8417234,1.8415143,0.88267463,2.3026214,0.67305577,2.3643417,1.0,2.6699781,0.14000945,0.8888889,72.778244,1.0,0.0,0.0,1.0,0.0,0,6.627826,0.0,0.0,7.127846,4.1772447,3.3576312,0.0,4.421478,2.8954797,2.6980348
2,198,199.0,10.0,1.0,1.0,180.0,1.0,1.0,1.0,0.9999909,1.0,-0.0,0.0,-9.13584e-06,-0.0,0.45849234,2.0530486,0.7491309,2.6384618,0.71720225,3.4377053,1.0,3.219783,-5.588156,0.8796296,72.14458,1.0,0.0,0.0,1.0,0.0,0,6.0225925,0.0,0.0,8.213222,2.5722775,5.7428308,0.0,3.7946372,3.850393,0.0
3,198,199.0,10.0,1.0,1.0,178.0,0.0,0.0,1.0,-0.13395646,0.0,-0.110947154,0.0,-1.6301732e-05,-0.022993004,1.1109471,1.7081357,1.183944,3.9850535,0.6172632,2.9123182,0.0,2.1507678,3.4233341,0.9027778,74.2087,1.0,0.0,0.0,0.0,0.0,0,6.9952817,0.0,0.0,7.3360114,4.4338026,3.804549,0.0,3.6449766,2.8308058,1.634789
0,199,200.0,10.0,1.0,1.0,180.0,1.0,1.0,1.0,0.9999894,1.0,-0.0,0.0,-1.0629324e-05,-0.0,0.48263445,1.8767568,0.7576115,1.5143617,0.6082316,2.7960355,1.0,3.3820562,-4.083219,0.8888889,73.829796,1.0,0.0,0.0,0.0,0.0,0,4.3005214,0.0,0.0,7.5034857,2.0129805,4.8362565,0.0,3.5451977,2.3187962,1.2141795
1,199,200.0,10.0,1.0,1.0,180.0,1.0,1.0,1.0,0.999989,1.0,-0.0,0.0,-1.1026076e-05,-0.0,0.57739985,1.7695365,0.77447945,1.5546572,0.6702439,2.3543892,1.0,2.9900262,-3.5327394,0.8888889,73.0396,1.0,0.0,0.0,1.0,0.0,0,5.774112,0.0,0.0,8.183517,3.1174314,5.1968517,0.0,3.3503292,1.9485132,2.4191964
2,199,200.0,10.0,1.0,1.0,181.0,1.0,1.0,1.0,0.99998915,1.0,-0.0,0.0,-1.0847191e-05,-0.0,0.5936611,2.1351182,0.7714045,2.3646731,0.718266,3.4456658,1.0,3.52081,-2.9698796,0.8796296,72.682816,1.0,0.0,0.0,1.0,0.0,0,6.0203114,0.0,0.0,6.8020124,3.278598,2.8878956,0.0,4.6904616,4.768801,0.13702284
3,199,200.0,10.0,1.0,1.0,179.0,1.0,1.0,1.0,0.99998695,1.0,-0.0,0.0,-1.302415e-05,-0.0,0.6095432,1.9366202,0.93920547,1.8608228,0.619615,2.8700826,1.0,3.117971,-2.1690688,0.9027778,74.5924,1.0,0.0,0.0,0.0,0.0,0,5.4843063,0.0,0.0,7.7916393,2.8721647,5.038493,0.0,3.3698936,1.8218325,1.2057962
0,200,201.0,10.0,1.0,1.0,181.0,1.0,1.0,1.0,0.99998355,1.0,-0.0,0.0,-1.643412e-05,-0.0,0.5378548,1.9849741,0.72405696,1.8473135,0.60961,2.7585506,1.0,4.412153,-3.0970798,0.8888889,74.28353,1.0,0.0,0.0,0.0,0.0,0,5.912839,0.0,0.0,6.3172803,3.3001652,3.2017205,0.0,3.9670038,2.9369707,1.5980185
1,200,201.0,10.0,1.0,1.0,181.0,1.0,1.0,1.0,0.9999838,1.0,-0.0,0.0,-1.6195896e-05,-0.0,0.55636317,1.9061545,0.73922586,1.9762793,0.67206347,2.3151646,1.0,4.0489297,-3.181912,0.8888889,73.53069,1.0,0.0,0.0,1.0,0.0,0,6.2154226,0.0,0.0,6.590367,3.3766067,3.324186,0.0,4.3446155,2.44362,2.7887452
2,200,201.0,10.0,1.0,1.0,182.0,1.0,1.0,1.0,0.999993,1.0,-0.0,0.0,-6.9450934e-06,-0.0,0.4074961,1.9033587,0.7752571,2.4428248,0.71826327,3.3870077,1.0,3.4119685,-4.6126842,0.8796296,72.80943,1.0,0.0,0.0,1.0,0.0,0,5.0558696,0.0,0.0,7.0814734,3.0532155,3.9602144,0.0,4.1906223,3.8348966,0.0406616
3,200,201.0,10.0,1.0,1.0,180.0,1.0,1.0,1.0,0.99998426,1.0,-0.0,0.0,-1.5724207e-05,-0.0,0.5526695,1.7045414,0.9182736,1.8515455,0.6148875,2.9342756,1.0,3.036413,-2.746867,0.9027778,74.94942,1.0,0.0,0.0,0.0,0.0,0,6.0648546,0.0,0.0,9.160821,3.6587625,6.656843,0.0,3.6498337,1.3130821,1.3547038
0,201,202.0,10.0,1.0,1.0,182.0,1.0,1.0,1.0,0.99999046,1.0,-0.0,0.0,-9.534833e-06,-0.0,0.32648444,1.7787621,0.7200485,1.7236927,0.6090885,2.7474618,1.0,4.394895,-4.398645,0.8888889,74.44396,1.0,0.0,0.0,0.0,0.0,0,5.123919,0.0,0.0,7.533336,3.2720604,4.206967,0.0,3.7473373,2.0896132,1.2711483
1,201,202.0,10.0,1.0,1.0,182.0,1.0,1.0,1.0,0.99999094,1.0,-0.0,0.0,-9.072837e-06,-0.0,0.38418955,1.724384,0.71965504,1.9057094,0.66685605,2.3326793,1.0,4.163395,-4.172981,0.8888889,73.64179,1.0,0.0,0.0,1.0,0.0,0,5.7619414,0.0,0.0,7.935355,3.2539375,4.518295,0.0,3.4860046,1.7048447,2.376516
2,201,202.0,10.0,1.0,1.0,183.0,1.0,1.0,1.0,0.9999885,1.0,-0.0,0.0,-1.1519467e-05,-0.0,0.40848404,2.0249927,0.76540786,2.298198,0.7244335,3.3717196,1.0,4.431421,-3.444123,0.8796296,73.1167,1.0,0.0,0.0,1.0,0.0,0,5.4604893,0.0,0.0,6.105385,2.8998997,2.6977952,0.0,4.850107,4.7555957,0.23027109
3,201,202.0,10.0,1.0,1.0,181.0,1.0,1.0,1.0,0.9999873,1.0,-0.0,0.0,-1.2666463e-05,-0.0,0.6033547,1.9228239,0.8823456,1.5924604,0.6141773,2.8426788,1.0,3.7294064,-2.8666117,0.9027778,75.58779,1.0,0.0,0.0,0.0,0.0,0,7.0349793,0.0,0.0,7.206856,4.100017,3.2391124,0.0,4.188059,2.0812829,1.8136137
0,202,203.0,10.0,1.0,1.0,183.0,1.0,1.0,1.0,0.99999005,1.0,-0.0,0.0,-9.982594e-06,-0.0,0.41194147,1.9045708,0.71384037,2.0143306,0.6123024,2.6863837,1.0,4.872907,-2.851881,0.8888889,74.80247,1.0,0.0,0.0,0.0,0.0,0,5.9633594,0.0,0.0,6.5345144,3.217496,3.0566459,0.0,4.2552137,2.9459813,1.6067063
1,202,203.0,10.0,1.0,1.0,183.0,1.0,1.0,1.0,0.9999893,1.0,-0.0,0.0,-1.071511e-05,-0.0,0.33853686,1.8653092,0.7000582,2.7119038,0.6689925,2.2900095,1.0,5.1956143,-3.9780345,0.8888889,73.98216,1.0,0.0,0.0,1.0,0.0,0,6.1990085,0.0,0.0,6.5940957,3.2607322,3.1365242,0.0,4.3845916,2.4928594,2.815415
2,202,203.0,10.0,1.0,1.0,184.0,1.0,1.0,1.0,0.9999922,1.0,-0.0,0.0,-7.790085e-06,-0.0,0.20671971,1.8699626,0.73972845,2.530645,0.7304421,3.3507595,1.0,5.713436,-4.42411,0.8796296,74.18005,1.0,0.0,0.0,1.0,0.0,0,4.245957,0.0,0.0,4.5085077,2.5979013,2.548017,0.0,4.8887687,4.849793,0.29093063
3,202,203.0,10.0,1.0,1.0,182.0,1.0,1.0,1.0,0.99999166,1.0,-0.0,0.0,-8.365909e-06,-0.0,0.37514383,1.7660385,0.8364929,1.5521377,0.61620104,2.8269398,1.0,4.134933,-3.8662226,0.9027778,75.7708,1.0,0.0,0.0,0.0,0.0,0,5.9915166,0.0,0.0,8.170569,3.2818651,5.206875,0.0,3.8105063,1.3293762,1.3558481
0,203,204.0,10.0,1.0,1.0,184.0,1.0,1.0,1.0,0.99999213,1.0,-0.0,0.0,-7.879754e-06,-0.0,0.26377067,1.7645704,0.680818,2.4812934,0.61743873,2.62776,1.0,5.8014374,-3.0276263,0.8888889,75.912926,1.0,0.0,0.0,0.0,0.0,0,4.04917,0.0,0.0,4.212814,2.656609,2.9982307,0.0,4.3480506,3.045552,1.674081
1,203,204.0,10.0,1.0,1.0,184.0,1.0,1.0,1.0,0.99999183,1.0,-0.0,0.0,-8.1792905e-06,-0.0,0.20281896,1.718933,0.6700003,3.4863193,0.67073023,2.2742321,1.0,6.314692,-4.2872615,0.8888889,75.06259,1.0,0.0,0.0,1.0,0.0,0,4.768124,0.0,0.0,4.9081287,2.60997,2.765653,0.0,4.5595045,2.1074104,2.9713752
2,203,204.0,10.0,1.0,1.0,185.0,1.0,1.0,1.0,0.999988,1.0,-0.0,0.0,-1.1995528e-05,-0.0,0.045612827,1.76855,0.74966043,3.5037894,0.7306981,3.3682353,1.0,7.283137,-5.7602367,0.8796296,74.80323,1.0,0.0,0.0,1.0,0.0,0,3.951131,0.0,0.0,4.1518264,2.36988,2.7227247,0.0,4.845738,5.2413774,0.39888462
3,203,204.0,10.0,1.0,1.0,183.0,1.0,1.0,1.0,0.9999866,1.0,-0.0,0.0,-1.3402202e-05,-0.0,0.31875223,1.9339764,0.7918515,2.2241192,0.61841536,2.7391872,1.0,5.409359,-3.8816388,0.9027778,76.105286,1.0,0.0,0.0,0.0,0.0,0,6.075834,0.0,0.0,6.418194,3.247037,3.161888,0.0,4.2531953,1.7954706,1.8777272
0,204,205.0,10.0,1.0,1.0,185.0,1.0,1.0,1.0,0.9999888,1.0,-0.0,0.0,-1.1211132e-05,-0.0,0.10442212,1.671502,0.6658453,3.6111717,0.61896974,2.6023173,1.0,7.1666703,-4.166995,0.8888889,76.52849,1.0,0.0,0.0,0.0,0.0,0,3.866183,0.0,0.0,4.1453466,2.3435328,3.1163805,0.0,4.332526,3.161857,1.6742477
1,204,205.0,10.0,1.0,1.0,185.0,1.0,1.0,1.0,0.99998695,1.0,-0.0,0.0,-1.3061347e-05,-0.0,0.058908947,1.6321235,0.6777956,4.509623,0.67043054,2.2800756,1.0,7.4955654,-5.2734056,0.8888889,75.73046,1.0,0.0,0.0,1.0,0.0,0,4.3522825,0.0,0.0,4.363177,2.5175543,2.8875394,0.0,4.601745,2.529889,2.9103472
2,204,205.0,10.0,1.0,1.0,186.0,1.0,1.0,1.0,0.99998975,1.0,-0.0,0.0,-1.0254351e-05,-0.0,0.12450945,1.7896364,0.7415737,3.834484,0.73013276,3.3791406,1.0,7.674167,-4.302106,0.8842593,75.5911,1.0,0.0,0.0,1.0,0.0,0,4.206749,0.0,0.0,4.5361767,2.557849,2.7180924,0.0,4.8982015,5.3087378,0.4887088
3,204,205.0,10.0,1.0,1.0,184.0,1.0,1.0,1.0,0.9999918,1.0,-0.0,0.0,-8.197647e-06,-0.0,0.1761172,1.778426,0.75198406,3.137455,0.62360644,2.6597364,1.0,6.6425147,-3.9785569,0.9027778,77.17608,1.0,0.0,0.0,0.0,0.0,0,4.5222087,0.0,0.0,4.5274587,3.0418847,3.3057818,0.0,4.4534974,1.6049535,1.9210078
0,205,206.0,10.0,1.0,1.0,186.0,1.0,1.0,1.0,0.99999034,1.0,-0.0,0.0,-9.676082e-06,-0.0,0.146899,1.6916014,0.6480142,4.027262,0.6182107,2.6107259,1.0,7.667055,-3.1627529,0.8888889,77.30008,1.0,0.0,0.0,0.0,0.0,0,4.1782312,0.0,0.0,4.6057835,2.5288634,3.0921593,0.0,4.37142,3.2794664,1.6262629
1,205,206.0,10.0,1.0,1.0,186.0,1.0,1.0,1.0,0.9999896,1.0,-0.0,0.0,-1.0391123e-05,-0.0,0.12622344,1.6606355,0.66693735,4.9159603,0.6704059,2.2869313,1.0,7.924367,-4.0335636,0.8888889,76.50053,1.0,0.0,0.0,1.0,0.0,0,4.714787,0.0,0.0,4.8192387,2.709578,2.7417023,0.0,4.6967,2.7264118,2.9152935
2,205,206.0,10.0,1.0,1.0,187.0,1.0,1.0,1.0,0.9999919,1.0,-0.0,0.0,-8.111743e-06,-0.0,0.2586711,1.7326328,0.7340789,3.5657973,0.7298456,3.388163,1.0,7.2725153,-1.6698474,0.8842593,76.372475,1.0,0.0,0.0,1.0,0.0,0,4.4314203,0.0,0.0,4.628696,2.7019033,2.6003346,0.0,4.9787498,5.4432297,0.57256234
3,205,206.0,10.0,1.0,1.0,185.0,1.0,1.0,1.0,0.99998885,1.0,-0.0,0.0,-1.1171205e-05,-0.0,0.011497736,1.6846713,0.7406006,4.1362004,0.6258031,2.6173136,1.0,7.8342614,-5.165613,0.9027778,77.84843,1.0,0.0,0.0,0.0,0.0,0,5.350023,0.0,0.0,6.1433115,1.6625623,3.1720943,0.0,4.5391498,2.123724,2.137355
0,206,207.0,10.0,1.0,1.0,187.0,1.0,1.0,1.0,0.99999225,1.0,-0.0,0.0,-7.733122e-06,-0.0,0.2727803,1.6593913,0.6483571,3.7190328,0.6172976,2.616117,1.0,7.412195,-0.78293496,0.8888889,78.09974,1.0,0.0,0.0,0.0,0.0,0,4.274174,0.0,0.0,4.611978,2.7071347,3.1170123,0.0,4.4328876,3.4080293,1.6285259
1,206,207.0,10.0,1.0,1.0,187.0,1.0,1.0,1.0,0.99999213,1.0,-0.0,0.0,-7.858581e-06,-0.0,0.23336858,1.627035,0.66359395,4.669961,0.6698888,2.2900095,1.0,7.7397914,-1.9413829,0.8888889,77.28575,1.0,0.0,0.0,1.0,0.0,0,4.6696568,0.0,0.0,4.7626634,2.7585235,2.773347,0.0,4.708325,2.9504988,2.9021108
2,206,207.0,10.0,1.0,1.0,188.0,1.0,1.0,1.0,0.99999106,1.0,-0.0,0.0,-8.948488e-06,-0.0,0.3263172,2.097856,0.7253063,3.8485456,0.73271286,3.361023,1.0,7.4328403,-0.046913978,0.8842593,76.693825,1.0,0.0,0.0,1.0,0.0,0,5.6117744,0.0,0.0,6.0357323,3.2148933,2.8065047,0.0,4.8178315,5.7056937,0.56892747
3,206,207.0,10.0,1.0,1.0,186.0,1.0,1.0,1.0,0.9999899,1.0,-0.0,0.0,-1.0086079e-05,-0.0,0.16031769,1.707927,0.72799015,3.8787348,0.6272321,2.6083262,1.0,7.6781816,-2.494677,0.9027778,78.66155,1.0,0.0,0.0,0.0,0.0,0,5.0804753,0.0,0.0,4.958058,3.109113,3.1931026,0.0,4.425597,2.2388096,1.8936616
0,207,208.0,10.0,1.0,1.0,188.0,1.0,1.0,1.0,0.9999904,1.0,-0.0,0.0,-9.589237e-06,-0.0,0.34496897,2.0608273,0.63040423,4.0501347,0.6184014,2.6220942,1.0,7.595666,0.20397082,0.8888889,78.41629,1.0,0.0,0.0,0.0,0.0,0,5.34326,0.0,0.0,6.1050262,3.244247,3.1423101,0.0,4.306199,3.68475,1.5856282
1,207,208.0,10.0,1.0,1.0,188.0,1.0,1.0,1.0,0.99596506,1.0,-0.0,0.0,-9.192292e-06,-0.0040257564,0.27752295,2.0473368,0.6523656,5.2415447,0.6702754,2.3039808,0.0,8.101908,-0.6245608,0.8888889,77.60614,1.0,0.0,0.0,1.0,0.0,0,5.6439433,0.0,0.0,6.1889606,3.1109698,3.099805,0.0,4.345079,3.3795233,2.7035542
2,207,208.0,10.0,1.0,1.0,189.0,1.0,1.0,1.0,0.99998885,1.0,-0.0,0.0,-1.1167765e-05,-0.0,0.19498877,1.9292693,0.70852757,2.9364085,0.73517287,3.3322527,1.0,6.1991286,-2.1678257,0.8842593,77.131744,1.0,0.0,0.0,1.0,0.0,0,4.54358,0.0,0.0,4.620627,2.8950403,2.6663556,0.0,5.037048,5.8262973,0.6367462
3,207,208.0,10.0,1.0,1.0,187.0,1.0,1.0,1.0,0.99999195,1.0,-0.0,0.0,-8.058148e-06,-0.0,0.20600595,1.6740508,0.7213621,4.042783,0.6274593,2.6086264,1.0,7.931671,-1.1390177,0.9074074,79.43424,1.0,0.0,0.0,0.0,0.0,0,4.603318,0.0,0.0,4.520549,2.7443113,3.2025573,0.0,4.394768,2.396322,2.3295236
0,208,209.0,10.0,1.0,1.0,189.0,1.0,1.0,1.0,0.999988,1.0,-0.0,0.0,-1.1987545e-05,-0.0,0.20193234,1.8887795,0.6408978,2.5278597,0.62042636,2.5887463,1.0,6.430169,-1.9622287,0.8888889,78.857956,1.0,0.0,0.0,0.0,0.0,0,4.544733,0.0,0.0,4.755801,2.883773,3.0832832,0.0,4.506947,3.8137083,1.6037478
1,208,209.0,10.0,1.0,1.0,189.0,1.0,1.0,1.0,0.9999891,1.0,-0.0,0.0,-1.0927781e-05,-0.0,0.14930981,1.8998685,0.6346236,3.7322695,0.6730924,2.2707877,1.0,6.9970055,-1.9557737,0.8888889,78.02281,1.0,0.0,0.0,1.0,0.0,0,4.7632833,0.0,0.0,4.7475486,2.9538786,2.8459527,0.0,4.5786014,3.4424634,2.7616553
2,208,209.0,10.0,1.0,1.0,190.0,1.0,1.0,1.0,0.99998826,1.0,-0.0,0.0,-1.1747809e-05,-0.0,0.17137267,2.0402813,0.7124182,3.6213455,0.7378614,3.3136425,1.0,7.29896,-1.7828951,0.8842593,77.27457,1.0,0.0,0.0,1.0,0.0,0,4.6056705,0.0,0.0,5.095699,2.7688136,2.4974284,0.0,5.1581316,5.841694,0.7458979
3,208,209.0,10.0,1.0,1.0,188.0,1.0,1.0,1.0,0.99999005,1.0,-0.0,0.0,-9.9408835e-06,-0.0,0.23461804,2.092437,0.692982,4.618716,0.6293397,2.6095262,1.0,8.370578,-0.6848229,0.9074074,79.762566,1.0,0.0,0.0,0.0,0.0,0,6.0841584,0.0,0.0,6.2924404,3.325975,3.3920295,0.0,4.369608,2.8767853,2.2728002
0,209,210.0,10.0,1.0,1.0,190.0,1.0,1.0,1.0,0.9999881,1.0,-0.0,0.0,-1.1916938e-05,-0.0,0.1502024,2.0099223,0.62131596,3.6722198,0.6226634,2.5623057,1.0,7.6256037,-1.6246662,0.8888889,78.98234,1.0,0.0,0.0,0.0,0.0,0,4.6397,0.0,0.0,5.060782,2.726381,3.0068142,0.0,4.643755,3.850594,1.6550611
1,209,210.0,10.0,1.0,1.0,190.0,1.0,1.0,1.0,0.9999884,1.0,-0.0,0.0,-1.162785e-05,-0.0,0.2040334,2.0044293,0.6383376,4.146031,0.6791354,2.2209494,1.0,7.3758125,-1.1712303,0.8888889,78.14818,1.0,0.0,0.0,1.0,0.0,0,5.075545,0.0,0.0,5.482302,3.1770477,2.7654254,0.0,4.6524677,3.597547,3.4686637
2,209,210.0,10.0,1.0,1.0,191.0,1.0,1.0,1.0,0.9999905,1.0,-0.0,0.0,-9.495039e-06,-0.0,0.089475326,2.0242798,0.69933295,3.23281,0.7400973,3.3169484,1.0,6.8063946,-2.6895263,0.8842593,77.55477,1.0,0.0,0.0,1.0,0.0,0,4.503399,0.0,0.0,4.716441,2.8027577,2.912619,0.0,5.2000537,6.045497,0.77715975
3,209,210.0,10.0,1.0,1.0,189.0,1.0,1.0,1.0,0.99998885,1.0,-0.0,0.0,-1.1140204e-05,-0.0,0.07984601,1.9480159,0.68149555,3.4116478,0.6268583,2.6244812,1.0,7.5975256,-2.8038685,0.9212963,80.173965,1.0,0.0,0.0,0.0,0.0,0,4.475603,0.0,0.0,5.3708005,2.1468167,3.2281754,0.0,3.8935797,3.3409731,2.2040992
0,210,211.0,10.0,1.0,1.0,191.0,1.0,1.0,1.0,0.99999005,1.0,-0.0,0.0,-9.93048e-06,-0.0,0.14306158,1.9840134,0.6156316,2.3002408,0.62599087,2.536515,1.0,6.5462527,-1.0302831,0.8981481,79.21736,1.0,0.0,0.0,0.0,0.0,0,5.242037,0.0,0.0,5.584821,3.1245193,3.121159,0.0,4.748046,4.1315575,2.0041664
1,210,211.0,10.0,1.0,1.0,191.0,1.0,1.0,1.0,0.9999914,1.0,-0.0,0.0,-8.575112e-06,-0.0,0.17448515,1.9548299,0.6409303,2.9192982,0.6815552,2.2170691,1.0,6.3898826,-0.797933,0.8888889,78.40532,1.0,0.0,0.0,1.0,0.0,0,5.1967025,0.0,0.0,5.5710387,3.040844,2.713585,0.0,4.7986426,3.8664522,3.4825797
2,210,211.0,10.0,1.0,1.0,192.0,1.0,1.0,1.0,0.999991,1.0,-0.0,0.0,-8.978744e-06,-0.0,0.14556684,2.1298068,0.7022994,3.3108065,0.7393102,3.3193073,1.0,6.902909,-2.1450593,0.8842593,77.6054,1.0,0.0,0.0,1.0,0.0,0,4.1958756,0.0,0.0,4.4345365,2.624498,2.5247672,0.0,5.2832375,5.9489813,0.77177876
3,210,211.0,10.0,1.0,1.0,190.0,1.0,1.0,1.0,0.9999882,1.0,-0.0,0.0,-1.1774413e-05,-0.0,0.15498829,2.0409272,0.6806147,3.6439726,0.6272079,2.6289513,1.0,7.8180842,-1.9230181,0.9212963,80.30675,1.0,0.0,0.0,0.0,0.0,0,4.776555,0.0,0.0,5.2378864,3.2797256,3.4357038,0.0,4.2773128,3.6691103,2.120104
0,211,212.0,10.0,1.0,1.0,192.0,1.0,1.0,1.0,0.99999094,1.0,-0.0,0.0,-9.0688945e-06,-0.0,0.17619357,2.0974538,0.61600035,2.4479463,0.62587756,2.5488288,1.0,6.778473,-0.65988207,0.8981481,79.249504,1.0,0.0,0.0,0.0,0.0,0,4.1748066,0.0,0.0,4.484078,2.656721,2.9761584,0.0,4.7364955,4.0103536,2.0070221
1,211,212.0,10.0,1.0,1.0,192.0,1.0,1.0,1.0,0.99999106,1.0,-0.0,0.0,-8.915717e-06,-0.0,0.20350553,2.0825737,0.63713324,3.1867177,0.6812775,2.2156568,1.0,6.761003,-0.100376084,0.8888889,78.44527,1.0,0.0,0.0,1.0,0.0,0,4.4753103,0.0,0.0,4.6519904,2.691147,2.8467295,0.0,4.65401,3.7660122,3.4349792
2,211,212.0,10.0,1.0,1.0,193.0,1.0,1.0,1.0,0.9999914,1.0,-0.0,0.0,-8.5688725e-06,-0.0,0.25838947,2.0561624,0.7060001,2.8133392,0.7356921,3.336713,1.0,4.7817607,-1.8717107,0.8888889,77.870155,1.0,0.0,0.0,1.0,0.0,0,6.1855597,0.0,0.0,6.6063905,3.9924278,3.0706446,0.0,5.1530695,5.870072,1.8265485
3,211,212.0,10.0,1.0,1.0,191.0,1.0,1.0,1.0,0.99999076,1.0,-0.0,0.0,-9.2678465e-06,-0.0,0.1246864,1.9900856,0.68614435,2.4373715,0.6279904,2.6143215,1.0,6.877744,-1.3919184,0.9259259,80.57837,1.0,0.0,0.0,0.0,0.0,0,4.812665,0.0,0.0,4.9606614,2.8743014,3.4594426,0.0,4.3352294,3.829312,2.0617478
0,212,213.0,10.0,1.0,1.0,193.0,1.0,1.0,1.0,0.99999136,1.0,-0.0,0.0,-8.627078e-06,-0.0,0.16761571,2.0325725,0.64842886,1.4553232,0.6286383,2.6363842,1.0,5.547506,-2.6194854,0.8981481,79.5727,1.0,0.0,0.0,1.0,0.0,0,4.586736,0.0,0.0,5.4910636,2.979243,3.705179,0.0,4.3277464,4.2298794,2.3682692
1,212,213.0,10.0,1.0,1.0,193.0,1.0,1.0,1.0,0.9999915,1.0,-0.0,0.0,-8.551586e-06,-0.0,0.22451505,2.0391016,0.62516856,1.7996678,0.6785529,2.2869313,1.0,5.466369,-2.0195637,0.8935185,78.69599,1.0,0.0,0.0,1.0,0.0,0,5.8004146,0.0,0.0,6.1859055,3.9348905,3.4291706,0.0,3.7869194,4.011782,2.4825673
2,212,213.0,10.0,1.0,1.0,194.0,1.0,1.0,1.0,0.9999916,1.0,-0.0,0.0,-8.4145595e-06,-0.0,0.3997989,2.042176,0.6988232,2.9034352,0.74046934,3.3493576,1.0,4.9118695,-0.32552516,0.8888889,77.95395,1.0,0.0,0.0,1.0,0.0,0,4.401144,0.0,0.0,4.66559,2.907404,2.7696016,0.0,5.1634026,6.131887,2.0422742
3,212,213.0,10.0,1.0,1.0,192.0,1.0,1.0,1.0,0.9999907,1.0,-0.0,0.0,-9.277515e-06,-0.0,0.15462264,2.1170926,0.6820035,2.8222284,0.6285879,2.6223927,1.0,7.325657,-1.0486226,0.9259259,80.6303,1.0,0.0,0.0,0.0,0.0,0,4.3983393,0.0,0.0,4.912716,2.4040785,3.5090475,0.0,4.2681155,4.038403,1.9581547
0,213,214.0,10.0,1.0,1.0,194.0,1.0,1.0,1.0,0.9999916,1.0,-0.0,0.0,-8.42558e-06,-0.0,0.31487608,2.0224278,0.6441711,1.7935687,0.63002706,2.651483,1.0,5.9748116,-0.9531174,0.8981481,79.66631,1.0,0.0,0.0,1.0,0.0,0,4.200809,0.0,0.0,4.629525,2.5342288,3.2177129,0.0,4.4102936,4.364615,2.5832465
1,213,214.0,10.0,1.0,1.0,194.0,1.0,1.0,1.0,0.9999917,1.0,-0.0,0.0,-8.301352e-06,-0.0,0.35550445,2.050115,0.60277337,2.0995686,0.67860484,2.3171926,1.0,5.867552,-0.23518783,0.8935185,78.803955,1.0,0.0,0.0,1.0,0.0,0,4.807925,0.0,0.0,4.981678,2.9576542,3.3071778,0.0,4.1369843,4.132252,2.592309
2,213,214.0,10.0,1.0,1.0,195.0,1.0,1.0,1.0,0.9999908,1.0,-0.0,0.0,-9.177286e-06,-0.0,0.3001362,2.2092621,0.7189495,2.771855,0.7306887,3.3572946,1.0,5.1914268,-1.1998601,0.8888889,78.62253,1.0,0.0,0.0,1.0,0.0,0,5.7697234,0.0,0.0,6.232047,3.5447528,3.51141,0.0,5.17287,5.2924037,1.835273
3,213,214.0,10.0,1.0,1.0,193.0,1.0,1.0,1.0,0.9999913,1.0,-0.0,0.0,-8.716749e-06,-0.0,0.19312277,2.0428958,0.7154169,1.4750884,0.6253239,2.7662015,1.0,5.8640437,-2.5308216,0.9259259,80.93431,1.0,0.0,0.0,0.0,0.0,0,5.0957007,0.0,0.0,5.34503,4.201837,3.7757592,0.0,3.9105408,4.185211,1.8919994
0,214,215.0,10.0,1.0,1.0,195.0,1.0,1.0,1.0,0.9999917,1.0,-0.0,0.0,-8.286547e-06,-0.0,0.17309487,2.2212844,0.62054366,2.244438,0.62151873,2.7417576,1.0,6.4920497,-1.545569,0.8981481,80.31785,1.0,0.0,0.0,1.0,0.0,0,5.285675,0.0,0.0,5.4054284,3.8266947,3.8286676,0.0,4.2920585,3.4782,2.293201
1,214,215.0,10.0,1.0,1.0,195.0,1.0,1.0,1.0,0.99999124,1.0,-0.0,0.0,-8.755156e-06,-0.0,0.23860559,2.2168467,0.6121813,2.658853,0.6674045,2.418997,1.0,6.298557,-1.001222,0.8935185,79.4794,1.0,0.0,0.0,1.0,0.0,0,5.449447,0.0,0.0,5.5281982,3.797062,3.767387,0.0,3.6207876,3.8001833,2.5793784
2,214,215.0,10.0,1.0,1.0,196.0,1.0,1.0,1.0,0.99999243,1.0,-0.0,0.0,-7.576659e-06,-0.0,0.2898019,2.2381694,0.68452084,2.722275,0.73607755,3.3474872,1.0,5.6427803,-1.3536373,0.8888889,78.838104,1.0,0.0,0.0,1.0,0.0,0,3.6518288,0.0,0.0,5.715779,3.0438218,3.1103742,0.0,4.5827127,5.252207,1.799202
3,214,215.0,10.0,1.0,1.0,194.0,1.0,1.0,1.0,0.99999106,1.0,-0.0,0.0,-8.921614e-06,-0.0,0.28811544,2.0379791,0.70349467,2.1598432,0.62738156,2.7963157,1.0,6.586659,-1.1705524,0.9259259,81.00829,1.0,0.0,0.0,0.0,0.0,0,4.1676383,0.0,0.0,4.2829895,2.8121812,3.5416796,0.0,4.0255904,4.590452,2.198471
0,215,216.0,10.0,1.0,1.0,196.0,1.0,1.0,1.0,0.9999922,1.0,-0.0,0.0,-7.7855e-06,-0.0,0.20711944,2.2390003,0.5904206,2.3363674,0.6269914,2.7323203,1.0,6.6514835,-1.1166241,0.8981481,80.49939,1.0,0.0,0.0,1.0,0.0,0,4.5049953,0.0,0.0,4.823472,2.867587,3.201742,0.0,4.5014367,4.1248426,2.5978146
1,215,216.0,10.0,1.0,1.0,196.0,1.0,1.0,1.0,0.999992,1.0,-0.0,0.0,-8.0082145e-06,-0.0,0.25408491,2.2403727,0.5779109,2.8255548,0.6723559,2.396893,1.0,6.5294867,-0.39337575,0.8935185,79.66081,1.0,0.0,0.0,1.0,0.0,0,4.7392945,0.0,0.0,4.8742075,2.9152973,3.4637866,0.0,3.7956574,4.132747,2.512942
2,215,216.0,10.0,1.0,1.0,197.0,1.0,1.0,1.0,0.9999914,1.0,-0.0,0.0,-8.5808015e-06,-0.0,0.22388287,2.3504508,0.665526,2.9451926,0.7383557,3.3235495,1.0,6.5047836,-2.4718428,0.8888889,79.215836,1.0,0.0,0.0,1.0,0.0,0,3.7902753,0.0,0.0,5.667243,2.953237,2.9243052,0.0,4.763881,5.225124,1.8136578
3,215,216.0,10.0,1.0,1.0,195.0,1.0,1.0,1.0,0.9999913,1.0,-0.0,0.0,-8.690555e-06,-0.0,0.19462742,2.2215073,0.6919172,2.3580434,0.6227206,2.8635297,1.0,6.718518,-1.6987016,0.9259259,81.6181,1.0,0.0,0.0,0.0,0.0,0,5.109869,0.0,0.0,5.2100763,3.9898763,4.3765,0.0,4.0593987,3.8256874,1.8148664
0,216,217.0,10.0,1.0,1.0,197.0,1.0,1.0,1.0,0.9999915,1.0,-0.0,0.0,-8.553198e-06,-0.0,0.12700967,2.3391874,0.5632179,3.0830932,0.6300953,2.7228498,1.0,7.3851705,-2.6399698,0.8981481,80.87175,1.0,0.0,0.0,1.0,0.0,0,3.8630252,0.0,0.0,5.109789,2.6388555,3.276107,0.0,4.241896,3.95774,2.4176278
1,216,217.0,10.0,1.0,1.0,197.0,1.0,1.0,1.0,0.99999154,1.0,-0.0,0.0,-8.480594e-06,-0.0,0.17508008,2.3463926,0.55736953,3.6383827,0.674552,2.388387,1.0,7.2856684,-2.229766,0.8935185,80.0401,1.0,0.0,0.0,1.0,0.0,0,4.1627417,0.0,0.0,5.3619337,2.682926,3.4849706,0.0,3.7186546,3.9425924,2.3849523
2,216,217.0,10.0,1.0,1.0,198.0,1.0,1.0,1.0,0.99999094,1.0,-0.0,0.0,-9.086658e-06,-0.0,0.27070826,2.3679283,0.6290804,3.24224,0.73681855,3.2875543,1.0,7.05352,-2.8416402,0.8888889,79.82049,1.0,0.0,0.0,1.0,0.0,0,4.4009304,0.0,0.0,6.29945,3.512916,2.8569865,0.0,4.7825522,4.7025266,1.6053499
3,216,217.0,10.0,1.0,1.0,196.0,1.0,1.0,1.0,0.9999915,1.0,-0.0,0.0,-8.525191e-06,-0.0,0.2054464,2.2695863,0.6575275,2.8352344,0.62958646,2.839924,1.0,7.213955,-0.7336643,0.9259259,81.831795,1.0,0.0,0.0,0.0,0.0,0,4.1770005,0.0,0.0,4.4235973,2.9316735,3.7485104,0.0,4.08209,4.315744,2.1690226
0,217,218.0,10.0,1.0,1.0,198.0,1.0,1.0,1.0,0.99999124,1.0,-0.0,0.0,-8.778912e-06,-0.0,0.18489547,2.3360164,0.5354483,3.5552442,0.63100827,2.7369,1.0,7.840222,-2.6737797,0.8981481,81.48911,1.0,0.0,0.0,1.0,0.0,0,4.054555,0.0,0.0,6.1652594,3.3769236,3.3763673,0.0,4.2680597,3.616508,2.2293737
1,217,218.0,10.0,1.0,1.0,198.0,1.0,1.0,1.0,0.9999909,1.0,-0.0,0.0,-9.10469e-06,-0.0,0.22737943,2.3345213,0.5288868,4.1333604,0.67296827,2.4144628,1.0,7.7598243,-2.297595,0.8935185,80.64009,1.0,0.0,0.0,1.0,0.0,0,4.409957,0.0,0.0,6.5379434,2.9594877,3.6047726,0.0,3.6444201,3.7505682,2.171522
2,217,218.0,10.0,1.0,1.0,199.0,1.0,1.0,1.0,0.9999899,1.0,-0.0,0.0,-1.0064636e-05,-0.0,0.31560287,2.3949404,0.63278425,3.132461,0.74423146,3.237166,1.0,6.835953,-2.437532,0.8888889,80.15045,1.0,0.0,0.0,1.0,0.0,0,4.7110715,0.0,0.0,4.982775,2.9230752,2.7245855,0.0,5.152482,5.3008003,2.0113065
3,217,218.0,10.0,1.0,1.0,197.0,1.0,1.0,1.0,0.9999911,1.0,-0.0,0.0,-8.8722745e-06,-0.0,0.08920599,2.385065,0.6315106,3.89766,0.6321872,2.8349583,1.0,8.212408,-2.762694,0.9259259,82.214645,1.0,0.0,0.0,0.0,0.0,0,3.8353496,0.0,0.0,4.9914303,2.707082,3.8227158,0.0,3.8890111,4.1542635,1.9706157
0,218,219.0,10.0,1.0,1.0,199.0,1.0,1.0,1.0,0.99999,1.0,-0.0,0.0,-1.0002653e-05,-0.0,0.260067,2.371074,0.5488271,3.238133,0.636707,2.7124813,1.0,7.5756946,-2.0582154,0.8981481,81.8208,1.0,0.0,0.0,1.0,0.0,0,4.2146277,0.0,0.0,4.634207,3.0091896,3.241482,0.0,4.761367,4.373331,2.7208617
1,218,219.0,10.0,1.0,1.0,199.0,1.0,1.0,1.0,0.99998975,1.0,-0.0,0.0,-1.0243468e-05,-0.0,0.3097199,2.3819084,0.5391792,3.7498472,0.67760146,2.3805087,1.0,7.4392,-1.5241159,0.8935185,80.974945,1.0,0.0,0.0,1.0,0.0,0,4.930235,0.0,0.0,5.0631886,3.0182507,3.4372678,0.0,4.0383267,4.6085973,2.65702
2,218,219.0,10.0,1.0,1.0,200.0,1.0,1.0,1.0,0.9999916,1.0,-0.0,0.0,-8.40398e-06,-0.0,0.34154356,2.2701447,0.6482753,2.623288,0.733286,3.1857352,1.0,6.032345,-3.082997,0.8888889,80.7,1.0,0.0,0.0,1.0,0.0,0,3.550802,0.0,0.0,7.512516,2.9284396,3.6579754,0.0,4.841562,3.7303758,1.3991414
3,218,219.0,10.0,1.0,1.0,198.0,1.0,1.0,1.0,0.99999046,1.0,-0.0,0.0,-9.52792e-06,-0.0,0.19351058,2.368068,0.6068754,3.974038,0.6332264,2.8321958,1.0,8.289913,-2.0756702,0.9259259,82.80284,1.0,0.0,0.0,0.0,0.0,0,4.251478,0.0,0.0,5.999047,3.6817532,3.9914365,0.0,4.090242,3.8126132,1.9191568
0,219,220.0,10.0,1.0,1.0,200.0,1.0,1.0,1.0,0.9999922,1.0,-0.0,0.0,-7.832181e-06,-0.0,0.24562553,2.257204,0.5529986,2.5748,0.6287193,2.8091629,1.0,7.090026,-2.8661451,0.8981481,82.3516,1.0,0.0,0.0,1.0,0.0,0,4.0730834,0.0,0.0,6.241137,2.8365388,3.9593105,0.0,4.630559,2.8995883,2.1572576
1,219,220.0,10.0,1.0,1.0,200.0,1.0,1.0,1.0,0.9999918,1.0,-0.0,0.0,-8.217243e-06,-0.0,0.32616293,2.2429955,0.548673,2.8105555,0.67155945,2.4450667,1.0,6.736388,-1.8929439,0.8935185,81.488594,1.0,0.0,0.0,1.0,0.0,0,4.2071495,0.0,0.0,6.34387,3.554256,4.0554786,0.0,3.583049,3.584615,2.1863866
2,219,220.0,10.0,1.0,1.0,201.0,1.0,1.0,1.0,0.9999875,1.0,-0.0,0.0,-1.2543397e-05,-0.0,0.5066782,2.261694,0.70891255,2.9613605,0.74480015,3.1933432,1.0,5.729639,-1.4392892,0.8888889,81.08504,1.0,0.0,0.0,1.0,0.0,0,4.6401143,0.0,0.0,5.0316925,2.7401536,2.5553894,0.0,5.3743668,4.467969,2.1796262
3,219,220.0,10.0,1.0,1.0,199.0,1.0,1.0,1.0,0.99998945,1.0,-0.0,0.0,-1.0522089e-05,-0.0,0.28944388,2.3735273,0.64686996,3.3765914,0.6397693,2.7825654,1.0,7.7452173,-1.1060638,0.9259259,83.09339,1.0,0.0,0.0,0.0,0.0,0,4.2047896,0.0,0.0,4.604655,2.5918045,3.8266068,0.0,4.4472713,4.3601522,2.3386743
0,220,221.0,10.0,1.0,1.0,201.0,1.0,1.0,1.0,0.9999874,1.0,-0.0,0.0,-1.2549319e-05,-0.0,0.43412596,2.2635283,0.62089866,2.4209378,0.63441294,2.8019085,1.0,6.659145,-1.0176618,0.8981481,82.737144,1.0,0.0,0.0,1.0,0.0,0,4.617068,0.0,0.0,5.1050606,3.1613276,3.0683093,0.0,4.8648343,3.8666205,2.7579355
1,220,221.0,10.0,1.0,1.0,201.0,1.0,1.0,1.0,0.999987,1.0,-0.0,0.0,-1.2965834e-05,-0.0,0.51339793,2.277733,0.610865,2.7067034,0.67974013,2.371614,1.0,6.407135,-0.033768825,0.8935185,81.89241,1.0,0.0,0.0,1.0,0.0,0,5.0660563,0.0,0.0,5.300709,3.2278566,3.508776,0.0,4.139869,4.5179205,2.725119
2,220,221.0,10.0,1.0,1.0,202.0,1.0,1.0,1.0,0.99999225,1.0,-0.0,0.0,-7.739599e-06,-0.0,0.3346387,2.2209563,0.6335334,2.421261,0.7361287,3.13945,1.0,5.640105,-4.312061,0.8888889,81.618385,1.0,0.0,0.0,1.0,0.0,0,4.323688,0.0,0.0,7.7575455,2.8912117,3.8364697,0.0,4.572275,2.9380155,1.2512512
3,220,221.0,10.0,1.0,1.0,200.0,1.0,1.0,1.0,0.9999912,1.0,-0.0,0.0,-8.833565e-06,-0.0,0.31867996,2.263223,0.6393982,2.4267504,0.6357757,2.8393724,1.0,7.05669,-1.545228,0.9259259,83.60722,1.0,0.0,0.0,0.0,0.0,0,4.677245,0.0,0.0,6.2056003,3.170868,4.7301393,0.0,4.420555,2.836645,1.7528585
0,221,222.0,10.0,1.0,1.0,202.0,1.0,1.0,1.0,0.999992,1.0,-0.0,0.0,-7.986044e-06,-0.0,0.22543631,2.2140791,0.5440446,1.9948072,0.63172686,2.860795,1.0,6.708936,-3.9968612,0.9027778,83.28267,1.0,0.0,0.0,1.0,0.0,0,3.9144728,0.0,0.0,7.420497,2.6890128,3.9914994,0.0,4.3461,2.242605,1.868767
1,221,222.0,10.0,1.0,1.0,202.0,1.0,1.0,1.0,0.9999918,1.0,-0.0,0.0,-8.222997e-06,-0.0,0.29837376,2.2207372,0.5291888,2.3259587,0.6805006,2.390025,1.0,6.4557943,-3.118854,0.8935185,82.44714,1.0,0.0,0.0,1.0,0.0,0,4.069633,0.0,0.0,7.2781324,2.103749,4.6452093,0.0,3.585564,3.0492785,1.9011136
2,221,222.0,10.0,1.0,1.0,203.0,1.0,1.0,1.0,0.99998724,1.0,-0.0,0.0,-1.2770535e-05,-0.0,0.5128883,2.2381012,0.6779489,2.7531538,0.74885714,3.1558635,1.0,5.582687,-2.6431446,0.8888889,82.08279,1.0,0.0,0.0,1.0,0.0,0,5.0961227,0.0,0.0,5.386408,3.0805573,2.500247,0.0,5.248727,3.9280624,2.1937695
3,221,222.0,10.0,1.0,1.0,201.0,1.0,1.0,1.0,0.99998677,1.0,-0.0,0.0,-1.3261232e-05,-0.0,0.45566744,2.2874436,0.7031711,2.4527378,0.6459904,2.7701602,1.0,6.843495,-0.23295265,0.9259259,84.002045,1.0,0.0,0.0,0.0,0.0,0,4.2265563,0.0,0.0,4.8099885,2.7102618,3.786153,0.0,4.769852,3.8070245,2.4776618
0,222,223.0,10.0,1.0,1.0,203.0,1.0,1.0,1.0,0.99998724,1.0,-0.0,0.0,-1.2745078e-05,-0.0,0.45009032,2.2444904,0.6004356,2.124031,0.6410855,2.793515,1.0,6.507707,-1.8930184,0.9027778,83.746956,1.0,0.0,0.0,1.0,0.0,0,4.8487678,0.0,0.0,5.3306556,3.3689895,2.8683822,0.0,4.9474244,3.5632687,2.9201272
1,222,223.0,10.0,1.0,1.0,203.0,1.0,1.0,1.0,0.9999864,1.0,-0.0,0.0,-1.3594918e-05,-0.0,0.52603185,2.2753844,0.58146346,2.3626862,0.6875521,2.3131354,1.0,6.232059,-0.98741055,0.8935185,82.92473,1.0,0.0,0.0,1.0,0.0,0,5.3752913,0.0,0.0,5.692309,3.4562955,3.5385184,0.0,4.009729,4.127555,2.8005538
2,222,223.0,10.0,1.0,1.0,204.0,1.0,1.0,1.0,0.9999924,1.0,-0.0,0.0,-7.6253837e-06,-0.0,0.30675605,2.1327448,0.62852,2.376889,0.7451871,3.1221986,1.0,5.408525,-5.340326,0.8888889,82.54894,1.0,0.0,0.0,1.0,0.0,0,5.0312033,0.0,0.0,8.170408,2.771811,3.9492867,0.0,4.485659,2.8025603,1.3903196
3,222,223.0,10.0,1.0,1.0,202.0,1.0,1.0,1.0,0.9999914,1.0,-0.0,0.0,-8.564659e-06,-0.0,0.28666222,2.220506,0.62772655,1.8779892,0.6455214,2.8272166,1.0,6.7199774,-3.018515,0.9305556,84.52594,1.0,0.0,0.0,0.0,0.0,0,3.691072,0.0,0.0,7.4144607,2.0992346,4.797347,0.0,4.4340854,2.5326161,1.7132311
0,223,224.0,10.0,1.0,1.0,204.0,1.0,1.0,1.0,0.9999919,1.0,-0.0,0.0,-8.078337e-06,-0.0,0.18248484,2.12802,0.54368013,1.6925329,0.641412,2.818343,1.0,6.521282,-4.81624,0.9027778,84.22163,1.0,0.0,0.0,1.0,0.0,0,4.5421777,0.0,0.0,8.170181,2.0064626,3.9509306,0.0,4.3405385,2.1486425,2.0690181
1,223,224.0,10.0,1.0,1.0,204.0,1.0,1.0,1.0,0.9999917,1.0,-0.0,0.0,-8.25619e-06,-0.0,0.25795734,2.1491492,0.52634317,1.9439338,0.6902334,2.3083932,1.0,6.211293,-3.8196826,0.8935185,83.40482,1.0,0.0,0.0,1.0,0.0,0,4.6133904,0.0,0.0,7.952644,2.217271,4.5058036,0.0,3.6985111,2.6430492,1.9956062
2,223,224.0,10.0,1.0,1.0,205.0,1.0,1.0,1.0,0.99998635,1.0,-0.0,0.0,-1.3677698e-05,-0.0,0.52838176,2.138794,0.68225336,2.7582667,0.7564233,3.131961,1.0,5.3736305,-2.630665,0.8888889,83.0214,1.0,0.0,0.0,1.0,0.0,0,5.3250613,0.0,0.0,5.59669,3.4661717,2.4047859,0.0,4.909854,3.4694939,2.2828205
3,223,224.0,10.0,1.0,1.0,203.0,1.0,1.0,1.0,0.99998623,1.0,-0.0,0.0,-1.3745539e-05,-0.0,0.48724002,2.2655265,0.6904972,2.0920992,0.65365034,2.7574153,1.0,6.6112056,-1.1111712,0.9305556,84.992294,1.0,0.0,0.0,0.0,0.0,0,4.4036126,0.0,0.0,4.9218454,2.8523996,3.7561703,0.0,4.842618,3.4861531,2.5620718
0,224,225.0,10.0,1.0,1.0,205.0,1.0,1.0,1.0,0.99998623,1.0,-0.0,0.0,-1.3768174e-05,-0.0,0.49741232,2.1467142,0.6141685,1.676736,0.6499888,2.7528696,1.0,6.0577035,-1.6544945,0.9027778,84.70482,1.0,0.0,0.0,0.0,0.0,0,5.278217,0.0,0.0,5.7288656,3.412078,2.7869864,0.0,4.9336457,3.305687,3.063728
1,224,225.0,10.0,1.0,1.0,205.0,1.0,1.0,1.0,0.99998605,1.0,-0.0,0.0,-1.3946534e-05,-0.0,0.5326781,2.2078238,0.57904875,2.0045927,0.69833493,2.2367523,1.0,5.9710703,-1.2472644,0.8935185,83.91012,1.0,0.0,0.0,1.0,0.0,0,5.5534935,0.0,0.0,5.8524137,3.3776274,3.0982668,0.0,4.3572087,3.8785195,3.088765
2,224,225.0,10.0,1.0,1.0,206.0,1.0,1.0,1.0,0.9999928,1.0,-0.0,0.0,-7.240599e-06,-0.0,0.20770207,2.0521312,0.6222398,2.3168547,0.75602347,3.054012,1.0,5.6033607,-6.910108,0.8888889,83.42908,1.0,0.0,0.0,1.0,0.0,0,5.308952,0.0,0.0,7.992979,2.8076763,3.5828269,0.0,4.305698,2.6362813,1.5913682
3,224,225.0,10.0,1.0,1.0,204.0,1.0,1.0,1.0,0.99999094,1.0,-0.0,0.0,-9.082136e-06,-0.0,0.23075901,2.156538,0.6164993,1.6144269,0.6553432,2.779469,1.0,6.6119766,-3.9927027,0.9305556,85.46823,1.0,0.0,0.0,0.0,0.0,0,4.295115,0.0,0.0,7.5219164,2.267741,4.7276926,0.0,4.4343777,2.3939905,1.8027254
0,225,226.0,10.0,1.0,1.0,206.0,1.0,1.0,1.0,0.9999922,1.0,-0.0,0.0,-7.783397e-06,-0.0,0.1229262,2.0546901,0.534697,1.5190063,0.65291005,2.7411869,1.0,6.4387317,-6.195295,0.9027778,85.108955,1.0,0.0,0.0,0.0,0.0,0,4.4004164,0.0,0.0,8.144784,1.6146481,4.012204,0.0,4.430057,2.4201307,2.408116
1,225,226.0,10.0,1.0,1.0,206.0,1.0,1.0,1.0,0.9999921,1.0,-0.0,0.0,-7.9476395e-06,-0.0,0.18774159,2.0929713,0.51473176,1.832851,0.70329297,2.200769,1.0,6.1835175,-5.4913406,0.8935185,84.308,1.0,0.0,0.0,1.0,0.0,0,4.970886,0.0,0.0,7.8336782,1.8149818,4.096935,0.0,3.8874953,2.7075624,2.3861232
2,225,226.0,10.0,1.0,1.0,207.0,1.0,1.0,1.0,0.99998695,1.0,-0.0,0.0,-1.3027094e-05,-0.0,0.47418922,2.043442,0.67841285,2.6849265,0.7659773,3.0874062,1.0,5.3758545,-3.4471257,0.8888889,83.89203,1.0,0.0,0.0,1.0,0.0,0,5.541293,0.0,0.0,5.827786,3.6477385,2.317227,0.0,5.089319,3.340103,2.3600929
3,225,226.0,10.0,1.0,1.0,205.0,1.0,1.0,1.0,0.9999863,1.0,-0.0,0.0,-1.3711773e-05,-0.0,0.47771966,2.1849508,0.6950042,1.8383942,0.6654667,2.6855097,1.0,6.4343143,-1.4289664,0.9305556,85.94213,1.0,0.0,0.0,0.0,0.0,0,4.553361,0.0,0.0,5.162362,2.9359899,3.5659397,0.0,5.015087,3.3630972,2.742762
0,226,227.0,10.0,1.0,1.0,207.0,1.0,1.0,1.0,0.9999875,1.0,-0.0,0.0,-1.2499679e-05,-0.0,0.48133358,2.0433,0.62913173,1.4510144,0.66060555,2.6860924,1.0,5.8108897,-1.6071442,0.9027778,85.541245,1.0,0.0,0.0,0.0,0.0,0,5.266269,0.0,0.0,5.669116,3.3547013,2.7422342,0.0,5.017283,3.2737808,3.2225344
1,226,227.0,10.0,1.0,1.0,207.0,1.0,1.0,1.0,0.9999875,1.0,-0.0,0.0,-1.2525722e-05,-0.0,0.49657524,2.1091814,0.5944494,1.7667476,0.71025026,2.15331,1.0,5.81008,-1.5060455,0.8935185,84.758095,1.0,0.0,0.0,1.0,0.0,0,5.5947056,0.0,0.0,5.9178176,3.780464,2.9567294,0.0,4.534177,3.7132313,3.2523143
2,226,227.0,10.0,1.0,1.0,208.0,1.0,1.0,1.0,0.99999326,1.0,-0.0,0.0,-6.7158708e-06,-0.0,0.088542886,2.0173924,0.5955826,2.235002,0.76599973,2.9957874,1.0,5.9854646,-8.110019,0.8981481,84.185104,1.0,0.0,0.0,1.0,0.0,0,5.491796,0.0,0.0,7.834367,1.986882,3.8292606,0.0,4.215853,2.5159588,1.7014922
3,226,227.0,10.0,1.0,1.0,206.0,1.0,1.0,1.0,0.9999917,1.0,-0.0,0.0,-8.313385e-06,-0.0,0.18300861,2.1035104,0.59964883,1.4010677,0.66712976,2.7003338,1.0,6.53798,-5.313105,0.9305556,86.31953,1.0,0.0,0.0,0.0,0.0,0,4.851497,0.0,0.0,7.5370183,2.7811131,4.339347,0.0,4.6049757,2.5373104,2.0880144
0,227,228.0,10.0,1.0,1.0,208.0,1.0,1.0,1.0,0.99999297,1.0,-0.0,0.0,-7.0158057e-06,-0.0,0.0010469928,2.0172205,0.51820225,1.747146,0.6642573,2.6747031,1.0,6.705194,-7.4179463,0.9212963,85.845505,1.0,0.0,0.0,0.0,0.0,0,3.1780095,0.0,0.0,7.9920034,0.20609337,3.8912542,0.0,4.3822308,2.4301875,2.6174598
1,227,228.0,10.0,1.0,1.0,208.0,1.0,1.0,1.0,0.99999344,1.0,-0.0,0.0,-6.5831855e-06,-0.0,0.047297776,2.0848422,0.4853502,2.2276354,0.715096,2.1192348,1.0,6.551822,-6.793285,0.912037,85.06395,1.0,0.0,0.0,1.0,0.0,0,4.1503344,0.0,0.0,8.068082,0.53695977,4.196392,0.0,3.9843028,2.9084773,2.630151
2,227,228.0,10.0,1.0,1.0,209.0,1.0,1.0,1.0,0.9999891,1.0,-0.0,0.0,-1.0925944e-05,-0.0,0.10968521,1.9456258,0.61665416,2.4325495,0.77193797,3.038337,1.0,5.84184,-7.7963376,0.8981481,84.238594,1.0,0.0,0.0,1.0,0.0,0,5.6099634,0.0,0.0,6.6326613,3.1272562,2.5268867,0.0,4.8163686,3.3225734,2.3440676
3,227,228.0,10.0,1.0,1.0,207.0,1.0,1.0,1.0,0.99998665,1.0,-0.0,0.0,-1.3322382e-05,-0.0,0.5039409,2.107747,0.70429164,1.5050296,0.6765963,2.623885,1.0,6.114492,-1.0724478,0.9305556,86.748375,1.0,0.0,0.0,0.0,0.0,0,4.7723427,0.0,0.0,5.3922105,3.1647356,3.5030234,0.0,5.069829,3.284359,2.890741
0,228,229.0,10.0,1.0,1.0,209.0,1.0,1.0,1.0,0.9999877,1.0,-0.0,0.0,-1.2255065e-05,-0.0,0.010470301,1.9705081,0.52840155,1.8804884,0.66825837,2.6173136,1.0,6.656789,-7.210549,0.9259259,85.89918,1.0,0.0,0.0,0.0,0.0,0,5.2303085,0.0,0.0,6.3381324,3.1747882,2.7367823,0.0,4.885745,3.426121,3.222421
1,228,229.0,10.0,1.0,1.0,209.0,1.0,1.0,1.0,0.9999886,1.0,-0.0,0.0,-1.1371286e-05,-0.0,0.06464124,2.0329208,0.5028909,2.2913764,0.71855754,2.0984497,1.0,6.454427,-6.367281,0.912037,85.12207,1.0,0.0,0.0,1.0,0.0,0,5.430765,0.0,0.0,6.286212,3.1221604,3.052848,0.0,4.3916364,3.507261,3.2704525
2,228,229.0,10.0,1.0,1.0,210.0,1.0,1.0,1.0,0.9999927,1.0,-0.0,0.0,-7.3000483e-06,-0.0,0.29799193,2.0163991,0.5824941,2.934809,0.7782469,3.0749576,1.0,7.076094,-4.2971363,0.8981481,85.76291,1.0,0.0,0.0,1.0,0.0,0,4.511578,0.0,0.0,4.713563,2.6531062,2.176984,0.0,5.214601,3.356138,2.4759076
3,228,229.0,10.0,1.0,1.0,208.0,1.0,1.0,1.0,0.9999923,1.0,-0.0,0.0,-7.667419e-06,-0.0,0.016842782,2.1431222,0.54193616,1.9583757,0.67934394,2.639055,1.0,7.111078,-6.799646,0.9444444,87.10603,1.0,0.0,0.0,0.0,0.0,0,4.879944,0.0,0.0,8.344099,2.2524846,4.593067,0.0,4.4558573,2.472588,2.2447517
0,229,230.0,10.0,1.0,1.0,210.0,1.0,1.0,1.0,0.999991,1.0,-0.0,0.0,-9.021624e-06,-0.0,0.28779322,2.056706,0.5008775,2.366989,0.6753512,2.5757117,1.0,7.2026596,-3.2337513,0.9259259,87.44462,1.0,0.0,0.0,0.0,0.0,0,4.3754396,0.0,0.0,4.6747384,2.8496833,2.4506226,0.0,5.5036926,3.5473363,3.509459
1,229,230.0,10.0,1.0,1.0,210.0,1.0,1.0,1.0,0.99999195,1.0,-0.0,0.0,-8.054273e-06,-0.0,0.36684573,2.1422207,0.48493907,2.7434702,0.7231758,2.1006868,1.0,6.889228,-2.4170327,0.912037,86.680664,1.0,0.0,0.0,1.0,0.0,0,4.8344154,0.0,0.0,4.9617276,2.705792,2.604279,0.0,4.909804,3.8099425,3.4540758
2,229,230.0,10.0,1.0,1.0,211.0,1.0,1.0,1.0,0.9999909,1.0,-0.0,0.0,-9.1142865e-06,-0.0,0.04573725,2.0079918,0.5861071,3.9775817,0.78046274,3.090194,1.0,8.528987,-5.2070684,0.9166667,86.41969,1.0,0.0,0.0,1.0,0.0,0,4.099523,0.0,0.0,4.340304,2.4484673,2.1668794,0.0,4.8261304,3.5916553,2.4050062
3,229,230.0,10.0,1.0,1.0,209.0,1.0,1.0,1.0,0.9999888,1.0,-0.0,0.0,-1.1219343e-05,-0.0,0.04095137,2.064375,0.5818509,2.0010753,0.68537474,2.5705404,1.0,6.9720106,-6.2816143,0.9444444,87.1394,1.0,0.0,0.0,0.0,0.0,0,5.1603904,0.0,0.0,6.5473223,3.0616195,3.6413655,0.0,4.8339667,3.3505373,2.9600348
0,230,231.0,10.0,1.0,1.0,211.0,1.0,1.0,1.0,0.99999094,1.0,-0.0,0.0,-9.056629e-06,-0.0,0.054261833,2.0389192,0.47284165,3.5640407,0.67690086,2.5757117,1.0,8.360506,-4.030048,0.9351852,88.13204,1.0,0.0,0.0,0.0,0.0,0,4.144913,0.0,0.0,4.457205,2.5647616,2.5879142,0.0,5.0544467,4.0035105,3.441389
1,230,231.0,10.0,1.0,1.0,211.0,1.0,1.0,1.0,0.99999154,1.0,-0.0,0.0,-8.493377e-06,-0.0,0.1021117,2.1184509,0.4685761,4.01831,0.7270405,2.1151683,1.0,8.091748,-3.5861785,0.912037,87.351944,1.0,0.0,0.0,1.0,0.0,0,4.4406123,0.0,0.0,4.6213665,2.356561,2.6268196,0.0,4.6752605,4.0510464,3.5965538
2,230,231.0,10.0,1.0,1.0,212.0,1.0,1.0,1.0,0.99998975,1.0,-0.0,0.0,-1.0232328e-05,-0.0,0.10072049,2.0279717,0.58865064,4.45917,0.78205,3.0998049,1.0,9.077596,-5.4160023,0.9166667,87.17211,1.0,0.0,0.0,1.0,0.0,0,4.2850375,0.0,0.0,4.4840064,2.6489503,2.3473504,0.0,4.862112,3.7613745,2.2375472
3,230,231.0,10.0,1.0,1.0,210.0,1.0,1.0,1.0,0.9999918,1.0,-0.0,0.0,-8.197332e-06,-0.0,0.2508439,2.2296088,0.5333762,2.9305382,0.6895618,2.5303357,1.0,7.89486,-3.0974336,0.9444444,88.70437,1.0,0.0,0.0,0.0,0.0,0,4.1394525,0.0,0.0,4.5331864,2.67372,3.1008837,0.0,5.4252024,3.617392,3.1828961
0,231,232.0,10.0,1.0,1.0,212.0,1.0,1.0,1.0,0.99999046,1.0,-0.0,0.0,-9.549934e-06,-0.0,0.12144968,2.068038,0.45899037,4.021231,0.6763477,2.5956914,1.0,8.8227625,-4.0941334,0.9351852,88.90123,1.0,0.0,0.0,0.0,0.0,0,4.2611666,0.0,0.0,4.5921817,2.6506305,2.7889946,0.0,4.9362245,4.2486324,3.2524784
1,231,232.0,10.0,1.0,1.0,212.0,1.0,1.0,1.0,0.9999902,1.0,-0.0,0.0,-9.761283e-06,-0.0,0.112669915,2.1234348,0.46735886,4.690703,0.7286542,2.1295516,1.0,8.751201,-4.3175936,0.9166667,88.08497,1.0,0.0,0.0,1.0,0.0,0,4.482779,0.0,0.0,4.611034,2.626934,2.7087305,0.0,4.693136,4.15272,3.462307
2,231,232.0,10.0,1.0,1.0,213.0,1.0,1.0,1.0,0.99999106,1.0,-0.0,0.0,-8.921593e-06,-0.0,0.197367,2.0041037,0.58144057,4.4489756,0.78245664,3.1103926,1.0,9.07647,-2.6873937,0.9166667,87.99133,1.0,0.0,0.0,1.0,0.0,0,4.403707,0.0,0.0,4.5756288,2.6247158,2.278979,0.0,4.878208,4.0327725,2.3017502
3,231,232.0,10.0,1.0,1.0,211.0,1.0,1.0,1.0,0.9999906,1.0,-0.0,0.0,-9.4330535e-06,-0.0,0.022184849,2.1948006,0.5192377,4.297894,0.69284374,2.4822395,1.0,9.202591,-4.228464,0.962963,89.37086,1.0,0.0,0.0,0.0,0.0,0,4.4631376,0.0,0.0,4.4961905,2.699453,3.4939563,0.0,5.513867,4.166662,3.414874
0,232,233.0,10.0,1.0,1.0,213.0,1.0,1.0,1.0,0.9999911,1.0,-0.0,0.0,-8.859584e-06,-0.0,0.19819103,2.0509698,0.45424816,3.968518,0.6765936,2.5848126,1.0,8.858272,-1.9576792,0.9351852,89.718185,1.0,0.0,0.0,0.0,0.0,0,4.3304768,0.0,0.0,4.6153955,2.6704335,2.6929877,0.0,4.957902,4.388509,3.311172
1,232,233.0,10.0,1.0,1.0,213.0,1.0,1.0,1.0,0.9999912,1.0,-0.0,0.0,-8.793721e-06,-0.0,0.16187914,2.1010296,0.46532723,4.78162,0.72876245,2.1401842,1.0,8.925438,-2.4650068,0.9212963,88.89906,1.0,0.0,0.0,1.0,0.0,0,4.5974445,0.0,0.0,4.714161,2.6093066,2.5938191,0.0,4.7060566,4.376523,3.4928925
2,232,233.0,10.0,1.0,1.0,214.0,1.0,1.0,1.0,0.9999904,1.0,-0.0,0.0,-9.593659e-06,-0.0,0.20767096,2.040216,0.5517142,3.5238392,0.77361405,3.0215445,1.0,8.088982,-7.0850935,0.9351852,88.91688,1.0,0.0,0.0,1.0,0.0,0,5.016176,0.0,0.0,5.791177,1.7698458,2.419869,0.0,3.8753133,3.1541584,1.6642603
3,232,233.0,10.0,1.0,1.0,212.0,1.0,1.0,1.0,0.9999895,1.0,-0.0,0.0,-1.0498466e-05,-0.0,0.04823096,2.2100768,0.50593984,4.567239,0.6958238,2.4733944,1.0,9.500777,-4.2199717,0.9675926,90.15452,1.0,0.0,0.0,0.0,0.0,0,4.404185,0.0,0.0,4.590688,2.5676112,3.4169543,0.0,5.1814137,4.11441,3.1791668
0,233,234.0,10.0,1.0,1.0,214.0,1.0,1.0,1.0,0.9999906,1.0,-0.0,0.0,-9.390214e-06,-0.0,0.23915413,1.991763,0.45550764,3.000226,0.6703759,2.6137223,1.0,8.254142,-6.4879518,0.9490741,90.68468,1.0,0.0,0.0,0.0,0.0,0,4.2453847,0.0,0.0,6.417531,1.1073266,2.502649,0.0,4.216244,3.8972197,2.4200807
1,233,234.0,10.0,1.0,1.0,214.0,1.0,1.0,1.0,0.9999908,1.0,-0.0,0.0,-9.205845e-06,-0.0,0.26038402,2.0348268,0.44674045,3.8209865,0.7230074,2.1685236,1.0,8.349296,-6.8699727,0.9444444,89.857704,1.0,0.0,0.0,1.0,0.0,0,4.6066895,0.0,0.0,6.2698445,1.3700856,2.117486,0.0,3.8603404,4.133587,2.7796924
2,233,234.0,10.0,1.0,1.0,215.0,1.0,1.0,1.0,0.999988,1.0,-0.0,0.0,-1.1962256e-05,-0.0,0.17344467,1.8739307,0.5627856,3.4256155,0.77590775,3.0830932,1.0,7.6482177,-3.195894,0.9398148,89.835556,1.0,0.0,0.0,1.0,0.0,0,4.705452,0.0,0.0,4.978569,2.8552814,2.461998,0.0,4.7176223,3.7875946,2.061306
3,233,234.0,10.0,1.0,1.0,213.0,1.0,1.0,1.0,0.99999124,1.0,-0.0,0.0,-8.76396e-06,-0.0,0.16297363,2.1826952,0.50412947,4.236065,0.6950835,2.453057,1.0,9.283597,-2.259168,0.9722222,90.99346,1.0,0.0,0.0,0.0,0.0,0,4.371743,0.0,0.0,4.6818047,2.5685549,3.470676,0.0,4.544337,4.2841105,2.9993365
0,234,235.0,10.0,1.0,1.0,215.0,1.0,1.0,1.0,0.99998814,1.0,-0.0,0.0,-1.1880281e-05,-0.0,0.10503437,1.903782,0.4696529,2.8575096,0.67250866,2.6095262,1.0,8.092549,-3.1880243,0.9583333,91.61343,1.0,0.0,0.0,0.0,0.0,0,4.4398394,0.0,0.0,4.869879,2.7239482,2.7739255,0.0,4.906095,4.4037104,3.1416173
1,234,235.0,10.0,1.0,1.0,215.0,1.0,1.0,1.0,0.99998826,1.0,-0.0,0.0,-1.1739306e-05,-0.0,0.110858865,1.9508249,0.4606734,3.3756642,0.72496307,2.1598432,1.0,7.9369416,-2.9639351,0.9537037,90.80315,1.0,0.0,0.0,1.0,0.0,0,4.9699225,0.0,0.0,5.167477,3.025028,2.5133307,0.0,4.6635947,4.528054,3.3816822
2,234,235.0,10.0,1.0,1.0,216.0,1.0,1.0,1.0,0.9999922,1.0,-0.0,0.0,-7.806387e-06,-0.0,0.10252576,1.9397529,0.5531862,3.5598652,0.7787571,3.0496519,1.0,7.846403,-3.8621166,0.9444444,90.02898,1.0,0.0,0.0,1.0,0.0,0,4.541194,0.0,0.0,4.7564187,2.770032,2.372348,0.0,4.175766,3.9207103,2.078851
3,234,235.0,10.0,1.0,1.0,214.0,1.0,1.0,1.0,0.9999907,1.0,-0.0,0.0,-9.2937935e-06,-0.0,0.22289343,2.042958,0.50375795,3.1106443,0.69304967,2.3962395,1.0,8.517837,-6.4045463,0.9722222,91.960594,1.0,0.0,0.0,0.0,0.0,0,5.789255,0.0,0.0,5.877401,3.4147282,3.808356,0.0,4.253868,4.0264974,2.665605
0,235,236.0,10.0,1.0,1.0,216.0,1.0,1.0,1.0,0.99999183,1.0,-0.0,0.0,-8.167361e-06,-0.0,0.051057152,1.962238,0.45664105,3.0688422,0.6749606,2.5647483,1.0,8.305674,-3.6739726,0.9583333,91.8064,1.0,0.0,0.0,0.0,0.0,0,4.346166,0.0,0.0,4.7293596,2.8079674,2.6273797,0.0,4.507071,4.6737013,3.254764
1,235,236.0,10.0,1.0,1.0,216.0,1.0,1.0,1.0,0.99999213,1.0,-0.0,0.0,-7.8596695e-06,-0.0,0.079142675,2.0047333,0.4531289,3.453608,0.727607,2.1721299,1.0,8.0131,-3.162494,0.9537037,91.00944,1.0,0.0,0.0,1.0,0.0,0,4.777791,0.0,0.0,4.9719753,2.828222,2.382508,0.0,4.594887,5.0960217,3.5965817
2,235,236.0,10.0,1.0,1.0,217.0,1.0,1.0,1.0,0.9999912,1.0,-0.0,0.0,-8.819279e-06,-0.0,0.09172782,1.9388132,0.5510512,3.6602628,0.78149354,3.023875,1.0,7.973781,-3.9099715,0.9444444,90.2236,1.0,0.0,0.0,1.0,0.0,0,4.451799,0.0,0.0,4.6408987,2.8278503,2.4755657,0.0,4.218263,4.005806,2.0525005
3,235,236.0,10.0,1.0,1.0,215.0,1.0,1.0,1.0,0.9999887,1.0,-0.0,0.0,-1.1352976e-05,-0.0,0.124464184,1.9901233,0.5236374,3.0370486,0.6939632,2.41349,1.0,8.384313,-3.1297245,0.9722222,92.85852,1.0,0.0,0.0,0.0,0.0,0,4.4970584,0.0,0.0,4.9542284,2.616099,3.498642,0.0,4.588439,4.431602,2.947742
0,236,237.0,10.0,1.0,1.0,217.0,1.0,1.0,1.0,0.9999909,1.0,-0.0,0.0,-9.133752e-06,-0.0,0.064900704,1.9469556,0.4565048,3.0534992,0.6777821,2.5315728,1.0,8.32289,-3.5412664,0.9583333,92.00675,1.0,0.0,0.0,0.0,0.0,0,4.285512,0.0,0.0,4.6432705,2.895345,2.6752634,0.0,4.5347347,4.863047,3.2274055
1,236,237.0,10.0,1.0,1.0,217.0,1.0,1.0,1.0,0.99999124,1.0,-0.0,0.0,-8.7861545e-06,-0.0,0.082841516,1.9799972,0.4533195,3.496633,0.73014784,2.1786065,1.0,8.101277,-3.1995773,0.9537037,91.20838,1.0,0.0,0.0,1.0,0.0,0,4.66596,0.0,0.0,4.8072762,2.8298526,2.5275958,0.0,4.537058,5.132788,3.55599
2,236,237.0,10.0,1.0,1.0,218.0,1.0,1.0,1.0,0.9999905,1.0,-0.0,0.0,-9.458731e-06,-0.0,0.07901788,1.8995249,0.5485442,3.7027893,0.7825221,3.0085635,1.0,8.014251,-4.0132766,0.9444444,90.55006,1.0,0.0,0.0,1.0,0.0,0,4.4596505,0.0,0.0,4.6356072,2.774089,2.438246,0.0,4.2677336,4.2103553,2.0793407
3,236,237.0,10.0,1.0,1.0,216.0,1.0,1.0,1.0,0.9999918,1.0,-0.0,0.0,-8.245279e-06,-0.0,0.11477433,2.0384216,0.52005184,3.0772479,0.69590753,2.3286493,1.0,8.387474,-3.1182532,0.9722222,93.045265,1.0,0.0,0.0,0.0,0.0,0,4.290267,0.0,0.0,4.6780005,2.7173672,3.4781706,0.0,4.1800146,4.383787,2.860892
0,237,238.0,10.0,1.0,1.0,218.0,1.0,1.0,1.0,0.9999903,1.0,-0.0,0.0,-9.741317e-06,-0.0,0.06251559,1.8994272,0.45920122,2.9944806,0.67770284,2.4473066,1.0,8.324518,-3.592818,0.962963,92.332924,1.0,0.0,0.0,0.0,0.0,0,4.2367373,0.0,0.0,4.595103,2.8401997,2.9947588,0.0,4.057586,4.0602508,2.8307388
1,237,238.0,10.0,1.0,1.0,218.0,1.0,1.0,1.0,0.9999904,1.0,-0.0,0.0,-9.6114845e-06,-0.0,0.07478427,1.9266831,0.45555326,3.467407,0.7311045,2.1847057,1.0,8.144976,-3.2546809,0.9583333,91.534805,1.0,0.0,0.0,1.0,0.0,0,4.676798,0.0,0.0,4.816023,2.7641728,2.3834715,0.0,4.6276827,5.2923794,3.6201253
2,237,238.0,10.0,1.0,1.0,219.0,1.0,1.0,1.0,0.99999124,1.0,-0.0,0.0,-8.77912e-06,-0.0,0.040173158,1.9000491,0.54482764,3.743997,0.78382856,2.976389,1.0,8.061388,-4.350117,0.9490741,90.86436,1.0,0.0,0.0,1.0,0.0,0,4.513928,0.0,0.0,4.685363,2.8532405,2.719988,0.0,4.1136293,4.0241337,1.909263
3,237,238.0,10.0,1.0,1.0,217.0,1.0,1.0,1.0,0.99999064,1.0,-0.0,0.0,-9.374737e-06,-0.0,0.12684911,2.0082483,0.5198697,3.0437424,0.6985336,2.2999005,1.0,8.395711,-3.180867,0.9722222,93.22734,1.0,0.0,0.0,0.0,0.0,0,4.080492,0.0,0.0,4.4526463,2.6033564,3.472333,0.0,4.2260103,4.6594353,3.0325022
0,238,239.0,10.0,1.0,1.0,219.0,1.0,1.0,1.0,0.99999136,1.0,-0.0,0.0,-8.628062e-06,-0.0,0.027446821,1.8849362,0.45773727,3.0075223,0.67870545,2.396893,1.0,8.38019,-3.9045439,0.9675926,92.64356,1.0,0.0,0.0,0.0,0.0,0,4.278317,0.0,0.0,4.63832,2.9306536,2.9475758,0.0,4.1776905,4.8775787,3.0545895
1,238,239.0,10.0,1.0,1.0,219.0,1.0,1.0,1.0,0.99999124,1.0,-0.0,0.0,-8.74732e-06,-0.0,0.031856075,1.8983941,0.45554397,3.4894614,0.7327532,2.1936445,1.0,8.236925,-3.60551,0.962963,91.85126,1.0,0.0,0.0,1.0,0.0,0,4.720338,0.0,0.0,4.8561387,2.8201547,2.4222906,0.0,4.6182566,5.5105734,3.6303928
2,238,239.0,10.0,1.0,1.0,220.0,1.0,1.0,1.0,0.9999917,1.0,-0.0,0.0,-8.31365e-06,-0.0,0.045352615,2.0649123,0.5404465,3.7114472,0.78430164,2.9427996,1.0,7.813791,-4.4424005,0.9537037,91.23421,1.0,0.0,0.0,1.0,0.0,0,3.806855,0.0,0.0,4.3611937,2.654143,2.670095,0.0,4.0119762,4.2151365,1.946449
3,238,239.0,10.0,1.0,1.0,218.0,1.0,1.0,1.0,0.99998987,1.0,-0.0,0.0,-1.0149832e-05,-0.0,0.09953249,1.9512507,0.5193667,3.1136625,0.7000871,2.2666476,1.0,8.536721,-3.384077,0.9768519,93.53931,1.0,0.0,0.0,0.0,0.0,0,4.082794,0.0,0.0,4.419664,2.533537,3.5819514,0.0,4.290772,4.683646,3.0841732
0,239,240.0,10.0,1.0,1.0,220.0,1.0,1.0,1.0,0.9999916,1.0,-0.0,0.0,-8.4272615e-06,-0.0,0.03758371,2.0558693,0.4642222,2.8341296,0.67921907,2.3606975,1.0,8.14271,-3.9538388,0.9675926,93.008354,1.0,0.0,0.0,0.0,0.0,0,3.8188202,0.0,0.0,4.474924,1.9910861,3.0219617,0.0,4.127347,5.010249,3.040901
1,239,240.0,10.0,1.0,1.0,220.0,1.0,1.0,1.0,0.9999917,1.0,-0.0,0.0,-8.288972e-06,-0.0,0.024849549,2.074606,0.44642693,3.2727585,0.73011136,2.2395504,1.0,7.999295,-3.8231528,0.962963,92.2579,1.0,0.0,0.0,1.0,0.0,0,4.5835133,0.0,0.0,5.065106,2.3589954,2.36469,0.0,4.5359135,5.6473846,3.6071944
2,239,240.0,10.0,1.0,1.0,221.0,1.0,1.0,1.0,0.99999166,1.0,-0.0,0.0,-8.3673385e-06,-0.0,0.03038384,2.0638785,0.55219185,3.687324,0.7812324,2.863803,1.0,7.7084365,-2.8903735,0.9537037,91.77868,1.0,0.0,0.0,1.0,0.0,0,4.5212555,0.0,0.0,4.944791,2.9659865,2.797402,0.0,4.1143355,3.8076646,1.7798585
3,239,240.0,10.0,1.0,1.0,219.0,1.0,1.0,1.0,0.999991,1.0,-0.0,0.0,-9.003068e-06,-0.0,0.055646524,1.9254584,0.5161409,3.1778624,0.70137846,2.2107053,1.0,8.653308,-3.7467368,0.9768519,93.8495,1.0,0.0,0.0,0.0,0.0,0,4.1678753,0.0,0.0,4.498304,2.6155567,3.684171,0.0,4.1331882,4.678615,2.98844
0,240,241.0,10.0,1.0,1.0,221.0,1.0,1.0,1.0,0.9999915,1.0,-0.0,0.0,-8.540849e-06,-0.0,0.019469298,2.0250819,0.4709536,2.874443,0.67874724,2.322591,1.0,8.235925,-3.1349185,0.9722222,93.5471,1.0,0.0,0.0,0.0,0.0,0,4.6162677,0.0,0.0,4.7941103,3.3197331,3.2924147,0.0,4.0929937,4.456752,2.7569132
1,240,241.0,10.0,1.0,1.0,221.0,1.0,1.0,1.0,0.99999154,1.0,-0.0,0.0,-8.485961e-06,-0.0,0.014454499,2.0247881,0.4510406,3.1716983,0.7238921,2.3063579,1.0,7.9895954,-4.018574,0.9675926,92.77972,1.0,0.0,0.0,1.0,0.0,0,5.232954,0.0,0.0,5.3035526,3.4314682,1.8854138,0.0,4.331717,5.864931,3.4164648
2,240,241.0,10.0,1.0,1.0,222.0,1.0,1.0,1.0,0.99998987,1.0,-0.0,0.0,-1.0107146e-05,-0.0,0.22304691,2.1946108,0.56272656,3.7510996,0.78128374,2.851477,1.0,7.3746686,-2.0255594,0.9583333,92.21372,1.0,0.0,0.0,1.0,0.0,0,5.4152694,0.0,0.0,6.008714,3.1653864,2.5736759,0.0,3.9337063,3.9291263,1.8110173
3,240,241.0,10.0,1.0,1.0,220.0,1.0,1.0,1.0,0.9999914,1.0,-0.0,0.0,-8.56987e-06,-0.0,0.061111897,2.0987277,0.52055895,3.0106442,0.70180684,2.1478505,1.0,8.423615,-3.8498015,0.9768519,94.21081,1.0,0.0,0.0,0.0,0.0,0,4.00638,0.0,0.0,4.4943013,2.4135253,3.8829439,0.0,3.979157,4.404726,2.6872284
0,241,242.0,10.0,1.0,1.0,222.0,1.0,1.0,1.0,0.99999046,1.0,-0.0,0.0,-9.517379e-06,-0.0,0.17991401,2.1901913,0.482315,2.823338,0.6782408,2.2971761,1.0,7.958355,-2.1903012,0.9722222,93.95787,1.0,0.0,0.0,0.0,0.0,0,5.140218,0.0,0.0,5.8447766,3.2842355,3.1046207,0.0,3.9628153,5.030629,2.9330487
1,241,242.0,10.0,1.0,1.0,222.0,1.0,1.0,1.0,0.9999905,1.0,-0.0,0.0,-9.46197e-06,-0.0,0.17267577,2.1960442,0.4617503,3.113914,0.714524,2.3735936,1.0,7.7407556,-2.4337695,0.9722222,93.21333,1.0,0.0,0.0,1.0,0.0,0,5.2541556,0.0,0.0,5.749129,2.7705848,2.143883,0.0,4.1292467,5.469962,3.4483602
2,241,242.0,10.0,1.0,1.0,223.0,1.0,1.0,1.0,0.9999925,1.0,-0.0,0.0,-7.4833965e-06,-0.0,0.035276078,2.232315,0.53709716,3.7247117,0.77881736,2.816676,1.0,7.587445,-4.2672634,0.962963,92.867905,1.0,0.0,0.0,1.0,0.0,0,5.0817966,0.0,0.0,4.934124,3.01397,2.8471644,0.0,3.8196368,3.852358,1.6734672
3,241,242.0,10.0,1.0,1.0,221.0,1.0,1.0,1.0,0.9999915,1.0,-0.0,0.0,-8.4939875e-06,-0.0,0.021737069,2.0754197,0.51256907,3.1864722,0.7026479,2.1159084,1.0,8.682812,-3.4203568,0.9768519,94.73382,1.0,0.0,0.0,0.0,0.0,0,4.085878,0.0,0.0,4.239569,2.845316,3.806978,0.0,4.0373926,4.630148,2.9638748
0,242,243.0,10.0,1.0,1.0,223.0,1.0,1.0,1.0,0.99999183,1.0,-0.0,0.0,-8.140057e-06,-0.0,0.024724193,2.1994243,0.47185612,2.8294306,0.6774229,2.2659569,1.0,8.100211,-3.9659505,0.9722222,94.62434,1.0,0.0,0.0,0.0,0.0,0,4.025758,0.0,0.0,4.5102425,2.9612675,3.1549344,0.0,3.8767326,5.0710454,2.8534808
1,242,243.0,10.0,1.0,1.0,223.0,1.0,1.0,1.0,0.9999917,1.0,-0.0,0.0,-8.293339e-06,-0.0,0.030583888,2.1724951,0.45963126,2.9734948,0.7126887,2.365335,1.0,7.772764,-3.326907,0.9722222,93.86998,1.0,0.0,0.0,1.0,0.0,0,4.662586,0.0,0.0,4.75028,2.799505,2.488574,0.0,4.0517077,5.6083937,3.4212408
2,242,243.0,10.0,1.0,1.0,224.0,1.0,1.0,1.0,0.99999034,1.0,-0.0,0.0,-9.6668255e-06,-0.0,0.17976165,2.4156237,0.5508523,3.9435844,0.77766895,2.7949157,1.0,7.939958,-2.5382898,0.962963,93.18951,1.0,0.0,0.0,1.0,0.0,0,5.277504,0.0,0.0,5.885647,2.814153,2.692199,0.0,3.8646634,3.8960912,1.6463068
3,242,243.0,10.0,1.0,1.0,222.0,1.0,1.0,1.0,0.9999901,1.0,-0.0,0.0,-9.913381e-06,-0.0,0.16629621,2.239187,0.52502227,3.1347091,0.70287114,2.04824,1.0,8.431585,-2.3438652,0.9768519,95.13288,1.0,0.0,0.0,0.0,0.0,0,4.8365054,0.0,0.0,5.3444285,2.9574256,4.0202036,0.0,3.900295,4.566578,2.8803778
0,243,244.0,10.0,1.0,1.0,224.0,1.0,1.0,1.0,0.99999,1.0,-0.0,0.0,-9.988846e-06,-0.0,0.16069897,2.399834,0.4749539,3.278494,0.676705,2.2198918,1.0,8.369241,-2.3534484,0.9722222,94.9368,1.0,0.0,0.0,0.0,0.0,0,5.0942116,0.0,0.0,5.763987,3.072428,3.2600386,0.0,3.8655424,4.9304276,2.7339284
1,243,244.0,10.0,1.0,1.0,224.0,1.0,1.0,1.0,0.99999034,1.0,-0.0,0.0,-9.676482e-06,-0.0,0.15164241,2.3891368,0.46556467,3.4807014,0.71077096,2.3659966,1.0,8.120908,-1.6622814,0.9722222,94.17712,1.0,0.0,0.0,1.0,0.0,0,5.6148973,0.0,0.0,6.250232,2.7942243,2.509592,0.0,3.9960403,5.5655537,3.3007188
2,243,244.0,10.0,1.0,1.0,225.0,1.0,1.0,1.0,0.999991,1.0,-0.0,0.0,-8.998296e-06,-0.0,0.2031058,2.4890025,0.5387205,3.8744938,0.7772153,2.7540069,1.0,7.864993,-2.2384477,0.962963,93.59349,1.0,0.0,0.0,1.0,0.0,0,4.2654824,0.0,0.0,4.4275446,2.7924044,2.78796,0.0,3.8638523,3.9246619,1.6184273
3,243,244.0,10.0,1.0,1.0,223.0,1.0,1.0,1.0,0.9999914,1.0,-0.0,0.0,-8.566819e-06,-0.0,0.0432102,2.2304714,0.5265456,2.9098983,0.703565,1.9971598,1.0,8.338282,-4.074825,0.9768519,95.81123,1.0,0.0,0.0,0.0,0.0,0,4.136293,0.0,0.0,4.5490775,2.8275495,4.0356946,0.0,3.9098222,4.547741,2.87807
0,244,245.0,10.0,1.0,1.0,225.0,1.0,1.0,1.0,0.999991,1.0,-0.0,0.0,-9.024076e-06,-0.0,0.21943599,2.4415898,0.4803177,2.9579222,0.67538524,2.1814787,1.0,8.157813,-1.9673929,0.9722222,95.33927,1.0,0.0,0.0,0.0,0.0,0,4.102553,0.0,0.0,4.5234556,3.1743894,3.2706141,0.0,3.8512087,4.940175,2.6503463
1,244,245.0,10.0,1.0,1.0,225.0,1.0,1.0,1.0,0.9999911,1.0,-0.0,0.0,-8.889941e-06,-0.0,0.2223365,2.4115422,0.46658814,3.0820773,0.7125871,2.3252854,1.0,7.8804765,-1.7836504,0.9722222,94.579994,1.0,0.0,0.0,1.0,0.0,0,4.8160663,0.0,0.0,4.919685,2.9708004,2.5081189,0.0,4.208512,5.7137136,3.2635705
2,244,245.0,10.0,1.0,1.0,226.0,1.0,1.0,1.0,0.9999903,1.0,-0.0,0.0,-9.739506e-06,-0.0,0.111839175,2.4821584,0.60752064,3.4941692,0.7710472,2.583904,1.0,6.9465017,-3.1740534,0.962963,94.15454,1.0,0.0,0.0,1.0,0.0,0,4.7550035,0.0,0.0,5.10319,3.5819323,3.6714537,0.0,4.3046594,2.315567,1.7965039
3,244,245.0,10.0,1.0,1.0,224.0,1.0,1.0,1.0,0.9999899,1.0,-0.0,0.0,-1.0060658e-05,-0.0,0.17234273,2.4376063,0.5334353,3.445893,0.7060752,1.9374808,1.0,8.690047,-2.5229425,0.9768519,96.11905,1.0,0.0,0.0,0.0,0.0,0,5.2345223,0.0,0.0,6.230168,3.0132775,4.375777,0.0,4.09763,4.8251476,2.8670144
0,245,246.0,10.0,1.0,1.0,226.0,1.0,1.0,1.0,0.9999902,1.0,-0.0,0.0,-9.793631e-06,-0.0,0.14743227,2.3812997,0.594351,2.1950712,0.6684937,2.1136875,1.0,6.8876047,-2.8303788,0.9768519,95.9272,1.0,0.0,0.0,0.0,0.0,0,5.134186,0.0,0.0,5.6400185,4.119534,3.6927142,0.0,4.681796,4.2778664,2.7045386
1,245,246.0,10.0,1.0,1.0,226.0,1.0,1.0,1.0,0.9999901,1.0,-0.0,0.0,-9.92229e-06,-0.0,0.10682549,2.3343563,0.5604892,2.043649,0.70967495,2.2988794,1.0,6.8942366,-1.848084,0.9768519,95.181854,1.0,0.0,0.0,1.0,0.0,0,4.4943066,0.0,0.0,5.006843,2.2294717,2.501138,0.0,4.2130265,4.874883,3.2777302
2,245,246.0,10.0,1.0,1.0,227.0,1.0,1.0,1.0,0.99998975,1.0,-0.0,0.0,-1.0237055e-05,-0.0,0.4246451,2.5553434,0.62509346,3.7727406,0.77862936,2.6011138,1.0,6.798898,0.84991103,0.962963,94.44647,1.0,0.0,0.0,1.0,0.0,0,5.542301,0.0,0.0,6.478705,3.411949,3.1326709,0.0,4.0225897,3.0058682,1.7750552
3,245,246.0,10.0,1.0,1.0,225.0,1.0,1.0,1.0,0.9999908,1.0,-0.0,0.0,-9.155559e-06,-0.0,0.23349002,2.4925916,0.53111297,3.116427,0.70735395,1.8842305,1.0,8.510085,-2.00589,0.9768519,96.52805,1.0,0.0,0.0,0.0,0.0,0,4.1993923,0.0,0.0,4.715708,3.1836936,4.258653,0.0,4.1150417,4.5426435,2.8295827
0,246,247.0,10.0,1.0,1.0,227.0,1.0,1.0,1.0,0.9999892,1.0,-0.0,0.0,-1.0817462e-05,-0.0,0.5251907,2.4519238,0.631275,2.4280405,0.6742136,2.0879796,1.0,6.453242,1.1605303,0.9768519,96.255684,1.0,0.0,0.0,0.0,0.0,0,5.8681717,0.0,0.0,6.7239084,3.4983916,3.3403692,0.0,3.896233,4.047019,2.6864266
1,246,247.0,10.0,1.0,1.0,227.0,1.0,1.0,1.0,0.99998957,1.0,-0.0,0.0,-1.0415349e-05,-0.0,0.45017862,2.456485,0.56457347,2.0224743,0.7138224,2.253487,1.0,6.5187263,-0.021990389,0.9768519,95.47197,1.0,0.0,0.0,1.0,0.0,0,5.6672354,0.0,0.0,6.332325,2.934976,2.478877,0.0,4.1781707,5.23896,3.2633789
2,246,247.0,10.0,1.0,1.0,228.0,1.0,1.0,1.0,0.99999326,1.0,-0.0,0.0,-6.7373126e-06,-0.0,0.21512732,2.6900377,0.55527467,3.808674,0.78226423,2.583904,1.0,7.7367735,-2.0332625,0.962963,94.837944,1.0,0.0,0.0,1.0,0.0,0,3.8251646,0.0,0.0,4.136892,2.8266592,3.2040982,0.0,3.9722962,3.2460341,1.7779808
3,246,247.0,10.0,1.0,1.0,226.0,1.0,1.0,1.0,0.9999899,1.0,-0.0,0.0,-1.0044694e-05,-0.0,0.1004342,2.4807985,0.58892053,2.570236,0.70134383,1.778229,1.0,7.994262,-3.1848633,0.9814815,97.090454,1.0,0.0,0.0,0.0,0.0,0,4.4735637,0.0,0.0,4.810377,3.333212,4.7258124,0.0,4.271252,3.2091377,2.642771
0,247,248.0,10.0,1.0,1.0,228.0,1.0,1.0,1.0,0.9999927,1.0,-0.0,0.0,-7.297014e-06,-0.0,0.34981146,2.5828035,0.53231436,2.4215846,0.6766666,2.039048,1.0,7.3420577,-0.9384016,0.9768519,96.63095,1.0,0.0,0.0,0.0,0.0,0,4.013004,0.0,0.0,4.3806167,2.8195267,3.4337373,0.0,3.9846141,4.1665964,2.716339
1,247,248.0,10.0,1.0,1.0,228.0,1.0,1.0,1.0,0.9999924,1.0,-0.0,0.0,-7.646527e-06,-0.0,0.3212232,2.512785,0.54975986,2.0158844,0.71620834,2.1721299,1.0,6.7498255,-0.77322495,0.9768519,95.90605,1.0,0.0,0.0,1.0,0.0,0,4.512307,0.0,0.0,4.825277,2.9105384,2.877408,0.0,4.2065706,4.867231,2.986769
2,247,248.0,10.0,1.0,1.0,229.0,1.0,1.0,1.0,0.99998975,1.0,-0.0,0.0,-1.0274228e-05,-0.0,0.22890456,2.7733262,0.55574167,3.58135,0.78901863,2.5266209,1.0,6.880368,-2.238298,0.9675926,95.205284,1.0,0.0,0.0,1.0,0.0,0,5.2968054,0.0,0.0,5.554165,3.9775252,3.4683483,0.0,3.984434,2.8778703,0.0
3,247,248.0,10.0,1.0,1.0,227.0,1.0,1.0,1.0,0.9999898,1.0,-0.0,0.0,-1.0186725e-05,-0.0,0.42545423,2.5945156,0.60005385,2.6945302,0.70740813,1.7091001,1.0,7.752891,0.91635156,0.9814815,97.37242,1.0,0.0,0.0,0.0,0.0,0,5.5312514,0.0,0.0,6.9482794,3.3504548,4.5872183,0.0,3.874889,3.3859649,2.7518704
0,248,249.0,10.0,1.0,1.0,229.0,1.0,1.0,1.0,0.9999892,1.0,-0.0,0.0,-1.0766836e-05,-0.0,0.30456632,2.6738694,0.54342866,2.201125,0.6843705,2.006934,1.0,6.8360677,-1.5308383,0.9768519,97.008354,1.0,0.0,0.0,1.0,0.0,0,5.1982946,0.0,0.0,5.93974,3.327696,3.7483764,0.0,3.4999034,4.15737,2.1374764
1,248,249.0,10.0,1.0,1.0,229.0,1.0,1.0,1.0,0.9999897,1.0,-0.0,0.0,-1.0285519e-05,-0.0,0.33931398,2.6258023,0.5457516,1.750279,0.7181324,2.2114134,1.0,6.1613474,-1.1588707,0.9814815,96.244316,1.0,0.0,0.0,1.0,0.0,0,5.6393056,0.0,0.0,6.480034,3.7341225,2.6807032,0.0,4.139833,5.17632,2.7468994
2,248,249.0,10.0,1.0,1.0,230.0,1.0,1.0,1.0,0.99999094,1.0,-0.0,0.0,-9.031039e-06,-0.0,0.39697737,2.7999184,0.54575074,3.7293327,0.7919353,2.5135753,1.0,7.386286,-0.435262,0.9675926,95.30744,1.0,0.0,0.0,1.0,0.0,0,3.8188605,0.0,0.0,4.460707,1.953749,3.590242,0.0,4.1198936,2.9577413,1.2587907
3,248,249.0,10.0,1.0,1.0,228.0,1.0,1.0,1.0,0.9999932,1.0,-0.0,0.0,-6.812878e-06,-0.0,0.27303174,2.679412,0.5590518,2.810277,0.7108173,1.6527574,1.0,8.178533,-1.7898772,0.9814815,97.78011,1.0,0.0,0.0,0.0,0.0,0,4.1325727,0.0,0.0,4.5788927,2.9897597,4.5664396,0.0,3.856611,3.5177429,2.7146897
0,249,250.0,10.0,1.0,1.0,230.0,1.0,1.0,1.0,0.9999907,1.0,-0.0,0.0,-9.308521e-06,-0.0,0.49446338,2.7296875,0.50848496,2.4254603,0.6838881,1.9366727,1.0,7.4539037,0.5964106,0.9768519,97.13359,1.0,0.0,0.0,1.0,0.0,0,4.3818297,0.0,0.0,4.861525,2.8981705,3.8882272,0.0,3.7342262,4.0094,2.202171
1,249,250.0,10.0,1.0,1.0,230.0,1.0,1.0,1.0,0.999991,1.0,-0.0,0.0,-8.994643e-06,-0.0,0.52325726,2.6450434,0.5295201,1.9511681,0.7223251,2.164911,1.0,6.6005483,0.7288866,0.9814815,96.33912,1.0,0.0,0.0,1.0,0.0,0,4.5197325,0.0,0.0,4.881076,2.9333482,2.699315,0.0,4.3674183,5.4167833,2.8861208
2,249,250.0,10.0,1.0,1.0,231.0,1.0,1.0,1.0,0.9999915,1.0,-0.0,0.0,-8.552468e-06,-0.0,0.31960607,2.764314,0.59590775,3.7186112,0.7848342,2.3686419,1.0,5.575872,-0.8323351,0.9675926,95.89557,1.0,0.0,0.0,1.0,0.0,0,5.2160134,0.0,0.0,5.8394933,3.5361106,3.8958707,0.0,4.2294116,1.3962584,0.0
3,249,250.0,10.0,1.0,1.0,229.0,1.0,1.0,1.0,0.99998957,1.0,-0.0,0.0,-1.0408915e-05,-0.0,0.2879057,2.738943,0.5912952,2.265266,0.715088,1.6370547,1.0,7.3196015,-1.9414117,0.9814815,98.18747,1.0,0.0,0.0,0.0,0.0,0,4.949626,0.0,0.0,5.799774,3.6884267,4.573237,0.0,3.9303355,3.5706604,2.4401941
0,250,251.0,10.0,1.0,1.0,231.0,1.0,1.0,1.0,0.9999914,1.0,-0.0,0.0,-8.60071e-06,-0.0,0.32410398,2.6475272,0.6261316,2.1872125,0.6824203,1.8813206,1.0,5.111286,-1.296212,0.9814815,97.80678,1.0,0.0,0.0,1.0,0.0,0,5.2774467,0.0,0.0,5.5690546,3.9585588,4.731468,0.0,3.880843,3.0420213,1.6228042
1,250,251.0,10.0,1.0,1.0,231.0,1.0,1.0,1.0,0.9999911,1.0,-0.0,0.0,-8.886934e-06,-0.0,0.39393976,2.5979667,0.659258,2.1641877,0.72102225,2.1800432,1.0,4.6641326,-0.5265614,0.9814815,97.01578,1.0,0.0,0.0,1.0,0.0,0,6.4646096,0.0,0.0,6.8495336,4.1990747,2.8798833,0.0,4.0179787,3.7053595,2.5885625
2,250,251.0,10.0,1.0,1.0,232.0,1.0,1.0,1.0,0.99998933,1.0,-0.0,0.0,-1.0670125e-05,-0.0,0.575703,3.1188526,0.6045274,3.8664038,0.7957983,2.4261055,1.0,6.3339443,1.5862174,0.9675926,96.066895,1.0,0.0,0.0,1.0,0.0,0,5.0877743,0.0,0.0,6.0427656,3.2105975,3.7819235,0.0,3.8939886,2.6656773,0.95387113
3,250,251.0,10.0,1.0,1.0,230.0,1.0,1.0,1.0,0.9999907,1.0,-0.0,0.0,-9.319115e-06,-0.0,0.5170368,2.7662663,0.57938105,2.315503,0.71665806,1.5825998,1.0,7.5340295,0.29247254,0.9814815,98.2798,1.0,0.0,0.0,0.0,0.0,0,4.201708,0.0,0.0,4.7674737,2.51847,4.5393066,0.0,3.8847775,3.4142942,2.4395301
0,251,252.0,10.0,1.0,1.0,232.0,1.0,1.0,1.0,0.99998933,1.0,-0.0,0.0,-1.0651373e-05,-0.0,0.70722175,3.0418265,0.5918915,2.2053878,0.69056183,1.8675405,1.0,6.2084513,2.94846,0.9814815,97.96664,1.0,0.0,0.0,1.0,0.0,0,5.447164,0.0,0.0,6.645682,3.3517196,4.34266,0.0,3.629533,3.6714113,1.7149384
1,251,252.0,10.0,1.0,1.0,232.0,1.0,1.0,1.0,0.9999896,1.0,-0.0,0.0,-1.0392191e-05,-0.0,0.74924564,3.0013616,0.6116713,1.4633683,0.72959596,2.1551268,1.0,5.4037766,3.9496422,0.9814815,97.18708,1.0,0.0,0.0,1.0,0.0,0,5.6656556,0.0,0.0,6.2380776,3.895977,2.9184663,0.0,4.058144,4.8651147,2.4097838
2,251,252.0,10.0,1.0,1.0,233.0,1.0,1.0,1.0,0.9999928,1.0,-0.0,0.0,-7.2183366e-06,-0.0,0.4619699,2.8577876,0.6474652,4.1484847,0.7897094,2.328313,1.0,4.812307,-0.7205745,0.9675926,96.79945,1.0,0.0,0.0,1.0,0.0,0,5.2278423,0.0,0.0,5.9523926,3.947162,3.9277208,0.0,4.14953,1.1554645,1.1828169
3,251,252.0,10.0,1.0,1.0,231.0,1.0,1.0,1.0,0.99999106,1.0,-0.0,0.0,-8.951979e-06,-0.0,0.36148316,2.7053962,0.6918469,2.1196043,0.7121394,1.5491092,1.0,5.5543904,-1.7828634,0.9814815,98.97926,1.0,0.0,0.0,1.0,0.0,0,4.847916,0.0,0.0,5.604396,4.2449007,5.088392,0.0,3.7240903,2.111002,1.8789439
0,252,253.0,10.0,1.0,1.0,233.0,1.0,1.0,1.0,0.99999267,1.0,-0.0,0.0,-7.308055e-06,-0.0,0.41945243,2.7977564,0.65301293,2.5787492,0.69348377,1.8234316,1.0,4.9735446,-1.4798018,0.9814815,98.718796,1.0,0.0,0.0,1.0,0.0,0,6.4486737,0.0,0.0,7.0439153,4.3347793,4.6479135,0.0,4.0480494,4.1446486,1.7873156
1,252,253.0,10.0,1.0,1.0,233.0,1.0,1.0,1.0,0.99999225,1.0,-0.0,0.0,-7.739593e-06,-0.0,0.49654767,2.801846,0.6865307,1.730943,0.7297809,2.1014318,1.0,4.7438793,0.0157319,0.9814815,97.96318,1.0,0.0,0.0,1.0,0.0,0,5.8449655,0.0,0.0,6.01113,3.8207366,2.9817464,0.0,4.2661285,4.250886,2.5099277
2,252,253.0,10.0,1.0,1.0,234.0,1.0,1.0,1.0,0.9999879,1.0,-0.0,0.0,-1.2084744e-05,-0.0,0.465741,3.0206401,0.6444318,3.9811227,0.79843336,2.3393807,1.0,5.90694,-2.366065,0.9675926,97.10081,1.0,0.0,0.0,1.0,0.0,0,6.7410784,0.0,0.0,7.4141984,4.2720366,4.071732,0.0,3.8458643,2.8454711,1.2689099
3,252,253.0,10.0,1.0,1.0,232.0,1.0,1.0,1.0,0.99998903,1.0,-0.0,0.0,-1.09750645e-05,-0.0,0.7233139,3.0848053,0.6651265,2.1199737,0.72056526,1.545062,1.0,6.377535,2.2152317,0.9814815,99.11496,1.0,0.0,0.0,1.0,0.0,0,5.479043,0.0,0.0,6.639559,3.5219235,4.9177327,0.0,3.7215216,2.956705,2.2245476
0,253,254.0,10.0,1.0,1.0,234.0,1.0,1.0,1.0,0.99998707,1.0,-0.0,0.0,-1.2944183e-05,-0.0,0.5662739,3.0034924,0.60591716,2.3510623,0.69763136,1.794005,1.0,6.30226,0.18593296,0.9814815,99.00501,1.0,0.0,0.0,1.0,0.0,0,5.8595304,0.0,0.0,6.4492254,3.9391606,4.2871065,0.0,3.3555782,3.4537501,1.6896836
1,253,254.0,10.0,1.0,1.0,234.0,1.0,1.0,1.0,0.9999866,1.0,-0.0,0.0,-1.3422107e-05,-0.0,0.5480632,3.0228143,0.64456505,1.6265022,0.7371162,2.0596724,1.0,6.097153,-0.4090704,0.9814815,98.28732,1.0,0.0,0.0,1.0,0.0,0,5.237352,0.0,0.0,5.529365,3.618253,2.9770465,0.0,4.054459,4.485826,2.4296281
2,253,254.0,10.0,1.0,1.0,235.0,1.0,1.0,1.0,0.9999922,1.0,-0.0,0.0,-7.782779e-06,-0.0,0.44680947,3.0149274,0.6558452,3.9995644,0.792533,2.2783585,1.0,5.798362,-3.3539665,0.9675926,97.52348,1.0,0.0,0.0,1.0,0.0,0,5.884646,0.0,0.0,6.243279,4.096994,4.2423825,0.0,4.373404,1.7001963,1.5896626
3,253,254.0,10.0,1.0,1.0,233.0,1.0,1.0,1.0,0.99999243,1.0,-0.0,0.0,-7.596413e-06,-0.0,0.48748553,2.8593323,0.70721877,2.3988514,0.7202682,1.4919715,1.0,5.3325953,-1.0264897,0.9814815,99.86687,1.0,0.0,0.0,1.0,0.0,0,5.757504,0.0,0.0,6.117452,4.8878355,5.018289,0.0,4.125281,2.5868547,2.22273
0,254,255.0,10.0,1.0,1.0,235.0,1.0,1.0,1.0,0.9999919,1.0,-0.0,0.0,-8.132501e-06,-0.0,0.43837392,2.9584737,0.6266668,2.190788,0.7014026,1.8031439,1.0,5.729468,-2.2353466,0.9814815,99.44163,1.0,0.0,0.0,1.0,0.0,0,7.017053,0.0,0.0,7.062071,4.5501776,4.4999523,0.0,3.7227883,3.9915042,1.9668953
1,254,255.0,10.0,1.0,1.0,235.0,1.0,1.0,1.0,0.99999183,1.0,-0.0,0.0,-8.166442e-06,-0.0,0.48835948,2.9727838,0.6986253,1.3665655,0.73650515,2.0467107,1.0,5.610002,-2.314075,0.9814815,98.744896,1.0,0.0,0.0,1.0,0.0,0,5.939651,0.0,0.0,5.913273,3.8989103,3.1207187,0.0,4.9148254,4.866588,2.5515652
2,254,255.0,10.0,1.0,1.0,236.0,1.0,1.0,1.0,0.9999893,1.0,-0.0,0.0,-1.0718702e-05,-0.0,0.35612062,3.046324,0.67874926,4.1166596,0.7835786,2.2454839,1.0,6.588683,-4.1153674,0.9675926,97.8519,1.0,0.0,0.0,1.0,0.0,0,5.770144,0.0,0.0,6.208686,3.7920387,4.455416,0.0,4.590028,1.3811698,1.3528414
3,254,255.0,10.0,1.0,1.0,234.0,1.0,1.0,1.0,0.99998665,1.0,-0.0,0.0,-1.3326828e-05,-0.0,0.58622843,3.0610797,0.690681,2.316179,0.7280917,1.4708374,1.0,6.553648,0.57813895,0.9814815,100.15266,1.0,0.0,0.0,1.0,0.0,0,5.410098,0.0,0.0,6.180004,3.37646,4.910559,0.0,3.7876508,2.6654632,2.1746128
0,255,256.0,10.0,1.0,1.0,236.0,1.0,1.0,1.0,0.9999865,1.0,-0.0,0.0,-1.3444991e-05,-0.0,0.4034933,3.023249,0.6363814,2.5328093,0.69766146,1.7426602,1.0,6.5252204,-2.3692176,0.9814815,99.801895,1.0,0.0,0.0,1.0,0.0,0,5.4557257,0.0,0.0,5.78631,3.5850327,4.4786143,0.0,3.8882022,2.6977584,1.9783802
1,255,256.0,10.0,1.0,1.0,236.0,1.0,1.0,1.0,0.99998885,1.0,-0.0,0.0,-1.1125315e-05,-0.0,0.39493367,3.044039,0.70584476,2.129919,0.73361045,2.0547261,1.0,6.6180835,-2.8796048,0.9814815,99.10312,1.0,0.0,0.0,1.0,0.0,0,4.525717,0.0,0.0,4.7174025,2.8827078,3.1157134,0.0,4.726633,3.4360423,2.6904364
2,255,256.0,10.0,1.0,1.0,237.0,1.0,1.0,1.0,0.99999136,1.0,-0.0,0.0,-8.649255e-06,-0.0,0.47700778,3.17949,0.588439,3.8797436,0.7931834,2.2220063,1.0,7.1371,-3.0802526,0.9675926,98.073524,1.0,0.0,0.0,1.0,0.0,0,6.6691904,0.0,0.0,7.2021813,4.23265,4.0863805,0.0,3.923474,1.5037464,1.2709966
3,255,256.0,10.0,1.0,1.0,235.0,1.0,1.0,1.0,0.9999917,1.0,-0.0,0.0,-8.262255e-06,-0.0,0.46763644,3.0540922,0.6863101,2.058532,0.7288615,1.4793272,1.0,6.2756357,-1.8182108,0.9814815,100.60658,1.0,0.0,0.0,1.0,0.0,0,6.1289506,0.0,0.0,6.551118,4.9563317,5.3503594,0.0,4.728826,3.1015522,2.6879406
0,256,257.0,10.0,1.0,1.0,237.0,1.0,1.0,1.0,0.9999892,1.0,-0.0,0.0,-1.0813562e-05,-0.0,0.5408503,3.1656187,0.5036999,3.032922,0.7023716,1.72233,1.0,7.7323575,-1.2759911,0.9814815,100.04544,1.0,0.0,0.0,1.0,0.0,0,6.59074,0.0,0.0,7.308268,4.011187,4.660434,0.0,3.8722703,3.0854616,1.8550842
1,256,257.0,10.0,1.0,1.0,237.0,1.0,1.0,1.0,0.9999912,1.0,-0.0,0.0,-8.830903e-06,-0.0,0.5241707,3.1820388,0.59035194,2.9074762,0.741124,2.0166607,1.0,7.391889,-1.8494297,0.9814815,99.33246,1.0,0.0,0.0,1.0,0.0,0,6.8739743,0.0,0.0,7.267483,4.247256,3.1604693,0.0,4.6329355,4.357939,2.575555
2,256,257.0,10.0,1.0,1.0,238.0,1.0,1.0,1.0,0.99999267,1.0,-0.0,0.0,-7.3413944e-06,-0.0,0.44049695,3.122231,0.5934738,3.743997,0.7933322,2.21495,1.0,6.3361726,-3.4551518,0.9675926,98.25906,1.0,0.0,0.0,1.0,0.0,0,4.925834,0.0,0.0,6.589001,3.8472133,4.205959,0.0,4.0595717,1.6811776,1.011589
3,256,257.0,10.0,1.0,1.0,236.0,1.0,1.0,1.0,0.9999878,1.0,-0.0,0.0,-1.2227096e-05,-0.0,0.41584933,3.1008477,0.7293611,2.616117,0.72638893,1.4882946,1.0,6.977607,-1.9335449,0.9814815,100.97388,1.0,0.0,0.0,1.0,0.0,0,5.0130982,0.0,0.0,5.2923813,3.8506198,5.1096497,0.0,4.230734,1.8376563,2.4367473
0,257,258.0,10.0,1.0,1.0,238.0,1.0,1.0,1.0,0.999992,1.0,-0.0,0.0,-7.960924e-06,-0.0,0.49281383,3.1201544,0.52481914,2.2520971,0.70596534,1.7141303,1.0,6.8958583,-1.924987,0.9814815,100.247505,1.0,0.0,0.0,1.0,0.0,0,6.317147,0.0,0.0,6.6076784,3.7461758,4.699216,0.0,4.088962,3.361676,1.9700534
1,257,258.0,10.0,1.0,1.0,238.0,1.0,1.0,1.0,0.9999934,1.0,-0.0,0.0,-6.620062e-06,-0.0,0.4777122,3.1779413,0.57195354,2.0174367,0.74501556,1.9916656,1.0,6.709813,-2.4103634,0.9814815,99.54012,1.0,0.0,0.0,1.0,0.0,0,6.0211453,0.0,0.0,6.3878527,3.747094,3.1032424,0.0,4.261306,4.2625937,2.5578184
2,257,258.0,10.0,1.0,1.0,239.0,1.0,1.0,1.0,0.999989,1.0,-0.0,0.0,-1.0997964e-05,-0.0,0.3948983,3.0367038,0.5791836,3.7828946,0.79788846,2.216363,1.0,6.934067,-3.75464,0.9675926,98.34863,1.0,0.0,0.0,1.0,0.0,0,5.450245,0.0,0.0,6.0326276,3.2750027,3.741345,0.0,3.471648,2.0986366,1.554565
3,257,258.0,10.0,1.0,1.0,237.0,1.0,1.0,1.0,0.9999912,1.0,-0.0,0.0,-8.845746e-06,-0.0,0.5425114,3.2555099,0.59341246,2.937475,0.7335793,1.44561,1.0,7.892423,-1.0726107,0.9814815,101.23048,1.0,0.0,0.0,1.0,0.0,0,7.0563283,0.0,0.0,7.6706176,4.0620785,5.299215,0.0,4.219699,2.5300667,2.3559332
0,258,259.0,10.0,1.0,1.0,239.0,1.0,1.0,1.0,0.9999883,1.0,-0.0,0.0,-1.1710557e-05,-0.0,0.4478436,3.0449255,0.501965,2.5687127,0.70818675,1.7118458,1.0,7.4710217,-2.2618585,0.9814815,100.32302,1.0,0.0,0.0,1.0,0.0,0,5.4119678,0.0,0.0,5.9810452,3.258978,4.322781,0.0,3.814647,3.0134227,2.4000897
1,258,259.0,10.0,1.0,1.0,239.0,1.0,1.0,1.0,0.9999897,1.0,-0.0,0.0,-1.0323453e-05,-0.0,0.45351312,3.07237,0.5725113,2.2631917,0.74708575,1.9758831,1.0,7.0364237,-2.4288762,0.9814815,99.64589,1.0,0.0,0.0,1.0,0.0,0,5.1065707,0.0,0.0,5.3812857,3.353618,3.0507348,0.0,4.313317,4.036788,2.8260076
2,258,259.0,10.0,1.0,1.0,240.0,1.0,1.0,1.0,0.99999005,1.0,-0.0,0.0,-9.9767385e-06,-0.0,0.614262,3.148959,0.763386,4.4842057,0.77325267,2.2437406,1.0,5.1768,-1.9499156,0.9675926,99.24223,1.0,0.0,0.0,1.0,0.0,0,7.5745354,0.0,0.0,8.105364,5.4428935,4.997165,0.0,3.9629593,1.1671621,1.5437557
3,258,259.0,10.0,1.0,1.0,238.0,1.0,1.0,1.0,0.999993,1.0,-0.0,0.0,-6.965177e-06,-0.0,0.47277844,3.2806885,0.5423104,2.177888,0.7362996,1.3875953,1.0,7.3966393,-1.8949834,0.9814815,101.44908,1.0,0.0,0.0,1.0,0.0,0,6.0838957,0.0,0.0,6.615029,3.3011944,5.0072727,0.0,3.696404,2.4737458,2.3390183
0,259,260.0,10.0,1.0,1.0,240.0,1.0,1.0,1.0,0.9999896,1.0,-0.0,0.0,-1.0390431e-05,-0.0,0.6447792,3.1793342,0.73911667,2.7423286,0.6986573,1.7145869,1.0,5.6256313,-0.49513018,0.9814815,101.31488,1.0,0.0,0.0,1.0,0.0,0,7.440206,0.0,0.0,7.535694,5.584516,5.410829,0.0,4.039135,2.8860745,2.1665926
1,259,260.0,10.0,1.0,1.0,240.0,1.0,1.0,1.0,0.99999064,1.0,-0.0,0.0,-9.349713e-06,-0.0,0.6841868,3.1730816,0.8277976,1.6589026,0.73403645,2.1893582,1.0,4.974451,-0.7583238,0.9814815,100.62313,1.0,0.0,0.0,1.0,0.0,0,7.780403,0.0,0.0,7.9907784,4.8570776,3.475632,0.0,4.420542,6.1423526,2.5935547
2,259,260.0,10.0,1.0,1.0,241.0,1.0,1.0,1.0,0.99998367,1.0,-0.0,0.0,-1.6309255e-05,-0.0,0.6296687,3.127864,0.8288022,4.732411,0.75597775,2.2541816,1.0,4.8013444,-1.4498727,0.9675926,100.109146,1.0,0.0,0.0,1.0,0.0,0,5.495573,0.0,0.0,5.907503,3.9408522,4.840405,0.0,3.7149775,0.17542884,0.964941
3,259,260.0,10.0,1.0,1.0,239.0,1.0,1.0,1.0,0.99998856,1.0,-0.0,0.0,-1.1421568e-05,-0.0,0.4578147,3.1407993,0.56800765,2.2913764,0.7383059,1.3774048,1.0,7.5489664,-1.9913148,0.9814815,101.58901,1.0,0.0,0.0,1.0,0.0,0,5.404436,0.0,0.0,5.743076,3.0599468,4.756251,0.0,3.9364069,2.3007076,2.649975
0,260,261.0,10.0,1.0,1.0,241.0,1.0,1.0,1.0,0.99998564,1.0,-0.0,0.0,-1.4360108e-05,-0.0,0.64798665,3.1768494,0.7709011,2.894254,0.6894947,1.6786022,1.0,5.3945217,-0.34046918,0.9814815,102.12676,1.0,0.0,0.0,1.0,0.0,0,5.94668,0.0,0.0,6.5251393,3.7027135,5.485862,0.0,4.0455403,1.4331388,2.2995965
1,260,261.0,10.0,1.0,1.0,241.0,1.0,1.0,1.0,0.9999825,1.0,-0.0,0.0,-1.7553426e-05,-0.0,0.67154354,3.213793,0.883245,1.9683422,0.7300629,2.177888,1.0,4.805341,-0.5469639,0.9814815,101.52569,1.0,0.0,0.0,1.0,0.0,0,5.6993036,0.0,0.0,5.578865,3.977301,3.6869967,0.0,3.9472167,3.6355653,2.582291
2,260,261.0,10.0,1.0,1.0,242.0,1.0,1.0,1.0,0.9999792,1.0,-0.0,0.0,-2.0780923e-05,-0.0,0.3329519,3.1632156,0.7108477,3.9272733,0.75977415,2.1317558,1.0,6.167295,-3.8797987,0.9675926,100.63985,1.0,0.0,0.0,1.0,0.0,0,7.521705,0.0,0.0,6.954282,4.811528,5.5498214,0.0,3.80226,1.014336,1.0992714
3,260,261.0,10.0,1.0,1.0,240.0,1.0,1.0,1.0,0.9999897,1.0,-0.0,0.0,-1.0290287e-05,-0.0,0.68174267,3.2193742,0.85063195,2.8033047,0.7228797,1.4099777,1.0,5.7641196,-0.19715913,0.9814815,102.57057,1.0,0.0,0.0,1.0,0.0,0,7.332746,0.0,0.0,7.9405193,6.011792,5.6985803,0.0,3.9523299,2.1604345,2.4545734
0,261,262.0,10.0,1.0,1.0,242.0,1.0,1.0,1.0,0.99998647,1.0,-0.0,0.0,-1.354478e-05,-0.0,0.38721412,3.209816,0.65811145,2.6346023,0.6945303,1.6061637,1.0,6.716153,-2.415168,0.9814815,102.65382,1.0,0.0,0.0,1.0,0.0,0,7.5906696,0.0,0.0,6.9897385,5.4184275,5.843686,0.0,4.411331,1.9777339,2.385715
1,261,262.0,10.0,1.0,1.0,242.0,1.0,1.0,1.0,0.9999847,1.0,-0.0,0.0,-1.5323349e-05,-0.0,0.36283284,3.236987,0.76004916,1.6274643,0.74086803,2.151128,1.0,5.9270816,-2.7561495,0.9814815,102.03205,1.0,0.0,0.0,1.0,0.0,0,6.786178,0.0,0.0,6.47396,4.64647,3.6294484,0.0,3.8422718,4.3098335,2.990787
2,261,262.0,10.0,1.0,1.0,243.0,1.0,1.0,1.0,0.9999867,1.0,-0.0,0.0,-1.3267829e-05,-0.0,0.35671517,2.9932678,0.5989659,3.58135,0.77289397,2.0627103,1.0,7.285345,-3.6783135,0.9675926,101.06239,1.0,0.0,0.0,1.0,0.0,0,7.4757195,0.0,0.0,7.4739413,3.7136736,4.045544,0.0,3.2930024,2.2873409,2.1829715
3,261,262.0,10.0,1.0,1.0,241.0,1.0,1.0,1.0,0.9999809,1.0,-0.0,0.0,-1.9068493e-05,-0.0,0.690832,3.2358818,0.9188693,3.2434468,0.72180676,1.55365,1.0,5.591666,-0.012828968,0.9814815,103.46529,1.0,0.0,0.0,1.0,0.0,0,5.720117,0.0,0.0,6.1655245,5.06826,5.7750254,0.0,3.9361408,1.2226713,2.5181239
0,262,263.0,10.0,1.0,1.0,243.0,1.0,1.0,1.0,0.999988,1.0,-0.0,0.0,-1.1985514e-05,-0.0,0.4034478,3.0325887,0.5524942,3.1404471,0.70585114,1.5934432,1.0,7.966442,-2.39289,0.9814815,103.06206,1.0,0.0,0.0,1.0,0.0,0,6.57486,0.0,0.0,7.495608,2.9068677,4.9456525,0.0,3.72183,2.568448,4.305684
1,262,263.0,10.0,1.0,1.0,243.0,1.0,1.0,1.0,0.9999887,1.0,-0.0,0.0,-1.13022315e-05,-0.0,0.37453845,3.0534656,0.63967234,2.670603,0.7483824,2.1616545,1.0,7.334357,-3.0130632,0.9814815,102.451706,1.0,0.0,0.0,1.0,0.0,0,7.31913,0.0,0.0,7.1638308,3.558375,3.2581122,0.0,3.8189075,5.022414,3.2701204
2,262,263.0,10.0,1.0,1.0,244.0,1.0,1.0,1.0,0.9999904,1.0,-0.0,0.0,-9.611551e-06,-0.0,0.5074643,2.913747,0.60445416,3.5296106,0.77635294,2.0259545,1.0,6.77717,-2.556837,0.9675926,101.53929,1.0,0.0,0.0,1.0,0.0,0,6.301969,0.0,0.0,6.5438266,3.5911202,4.179759,0.0,3.4427614,2.0407002,1.235149
3,262,263.0,10.0,1.0,1.0,242.0,1.0,1.0,1.0,0.999984,1.0,-0.0,0.0,-1.5964199e-05,-0.0,0.36475176,3.277411,0.7718959,2.6562026,0.73306715,1.4772093,1.0,6.9419265,-2.2973642,0.9814815,103.96298,1.0,0.0,0.0,1.0,0.0,0,7.800296,0.0,0.0,7.697284,5.8399034,6.1989307,0.0,4.3138127,2.0742764,3.006963
0,263,264.0,10.0,1.0,1.0,244.0,1.0,1.0,1.0,0.9999905,1.0,-0.0,0.0,-9.451821e-06,-0.0,0.5746979,2.9659054,0.56951654,2.7957556,0.7110075,1.5521377,1.0,7.4305434,-0.89400166,0.9814815,103.547226,1.0,0.0,0.0,1.0,0.0,0,6.116235,0.0,0.0,6.5969477,3.5478697,5.0883293,0.0,3.8731136,2.2979808,2.2505157
1,263,264.0,10.0,1.0,1.0,244.0,1.0,1.0,1.0,0.9999903,1.0,-0.0,0.0,-9.713955e-06,-0.0,0.5044702,2.9523027,0.6601126,2.3726041,0.7516466,2.124768,1.0,6.9715605,-1.7600479,0.9814815,102.92108,1.0,0.0,0.0,1.0,0.0,0,6.313087,0.0,0.0,6.138608,3.5427687,3.3190815,0.0,3.9937499,5.1944137,2.5169518
2,263,264.0,10.0,1.0,1.0,245.0,1.0,1.0,1.0,0.9999894,1.0,-0.0,0.0,-1.0623299e-05,-0.0,0.5651854,2.7559958,0.6315527,3.6822252,0.7814234,2.0325117,1.0,6.803454,-2.0287893,0.9675926,101.589966,1.0,0.0,0.0,1.0,0.0,0,5.5910215,0.0,0.0,5.438893,3.642998,4.210167,0.0,3.5412319,1.8928999,1.4670147
3,263,264.0,10.0,1.0,1.0,243.0,1.0,1.0,1.0,0.99998796,1.0,-0.0,0.0,-1.2016206e-05,-0.0,0.4048057,3.1335857,0.6408863,3.1790938,0.7423063,1.4309167,1.0,8.2829,-2.4331956,0.9814815,104.39403,1.0,0.0,0.0,1.0,0.0,0,7.236266,0.0,0.0,8.038933,3.2487144,5.2105837,0.0,3.661005,2.7618556,4.092576
0,264,265.0,10.0,1.0,1.0,245.0,1.0,1.0,1.0,0.99998933,1.0,-0.0,0.0,-1.0690823e-05,-0.0,0.590333,2.8542995,0.55756843,2.829984,0.71568614,1.5611885,1.0,7.6395907,-0.8969335,0.9814815,103.6303,1.0,0.0,0.0,1.0,0.0,0,5.438739,0.0,0.0,5.3936424,3.567623,5.045838,0.0,3.9386017,2.2687356,2.2575998
1,264,265.0,10.0,1.0,1.0,245.0,1.0,1.0,1.0,0.99998957,1.0,-0.0,0.0,-1.0436338e-05,-0.0,0.5258787,2.8207452,0.67085844,2.762237,0.7555876,2.1478505,1.0,7.370916,-1.4256891,0.9814815,102.9938,1.0,0.0,0.0,1.0,0.0,0,5.554467,0.0,0.0,5.0900407,3.2255347,3.3469741,0.0,4.248665,5.25996,2.5424652
2,264,265.0,10.0,1.0,1.0,246.0,1.0,1.0,1.0,0.9999881,1.0,-0.0,0.0,-1.1898642e-05,-0.0,0.54375863,2.7675388,0.57622874,4.0091434,0.7839285,1.9908794,1.0,8.270183,-2.512412,0.9675926,102.393364,1.0,0.0,0.0,1.0,0.0,0,5.321186,0.0,0.0,5.4052815,3.088664,4.2506356,0.0,3.7424679,1.5584861,1.4944097
3,264,265.0,10.0,1.0,1.0,244.0,1.0,1.0,1.0,0.9999905,1.0,-0.0,0.0,-9.500813e-06,-0.0,0.54527485,3.0547087,0.6454947,2.8424034,0.7470735,1.4088671,1.0,7.8518047,-1.0609832,0.9814815,104.88921,1.0,0.0,0.0,1.0,0.0,0,6.07886,0.0,0.0,6.6811047,3.5329103,5.4594646,0.0,3.7777972,2.4992542,2.5167253
0,265,266.0,10.0,1.0,1.0,246.0,1.0,1.0,1.0,0.99998736,1.0,-0.0,0.0,-1.2640586e-05,-0.0,0.63473284,2.7903657,0.5343219,3.3950872,0.71804285,1.5425268,1.0,8.334277,-0.650797,0.9814815,104.41084,1.0,0.0,0.0,1.0,0.0,0,5.585286,0.0,0.0,6.074462,3.3078885,4.835407,0.0,4.075874,2.0573027,2.2333782
1,265,266.0,10.0,1.0,1.0,246.0,1.0,1.0,1.0,0.9999887,1.0,-0.0,0.0,-1.1333519e-05,-0.0,0.78714675,2.5777438,0.7744939,2.3699632,0.757796,2.151128,1.0,6.5526605,0.06378908,0.9814815,103.75801,1.0,0.0,0.0,1.0,0.0,0,6.0924745,0.0,0.0,6.024397,3.589367,3.3287227,0.0,4.353464,5.0764194,2.4983761
2,265,266.0,10.0,1.0,1.0,247.0,1.0,1.0,1.0,0.99999017,1.0,-0.0,0.0,-9.828125e-06,-0.0,0.4572615,2.9816372,0.47754952,3.5367005,0.78721243,1.9916656,1.0,7.948211,-4.108182,0.9675926,102.730156,1.0,0.0,0.0,1.0,0.0,0,5.699481,0.0,0.0,6.856811,2.7643557,3.981858,0.0,3.5199049,1.5339086,3.9202838
3,265,266.0,10.0,1.0,1.0,245.0,1.0,1.0,1.0,0.9999898,1.0,-0.0,0.0,-1.0191797e-05,-0.0,0.55141485,3.010186,0.58558947,2.972705,0.75118273,1.4099777,1.0,8.288184,-1.2448151,0.9814815,105.04632,1.0,0.0,0.0,1.0,0.0,0,5.7728143,0.0,0.0,5.6792955,3.496827,5.5185437,0.0,3.7917252,2.2661855,2.5542316
0,266,267.0,10.0,1.0,1.0,247.0,1.0,1.0,1.0,0.9999901,1.0,-0.0,0.0,-9.879394e-06,-0.0,0.48174486,3.0526197,0.41937077,3.423101,0.7208075,1.5420192,1.0,8.703169,-2.7586753,0.9814815,104.78609,1.0,0.0,0.0,1.0,0.0,0,7.2104964,0.0,0.0,7.8286734,4.154062,4.952798,0.0,4.1581407,2.3154516,2.580226
1,266,267.0,10.0,1.0,1.0,247.0,1.0,1.0,1.0,0.9999922,1.0,-0.0,0.0,-7.819664e-06,-0.0,0.46378785,2.96958,0.5666269,3.5514991,0.7591139,2.127713,1.0,8.209538,-2.8833728,0.9814815,104.250084,1.0,0.0,0.0,1.0,0.0,0,7.50446,0.0,0.0,8.368128,2.3495169,3.5690062,0.0,4.4455833,4.793655,3.5005736
2,266,267.0,10.0,1.0,1.0,248.0,1.0,1.0,1.0,0.99998933,1.0,-0.0,0.0,-1.06408625e-05,-0.0,0.37448442,2.886271,0.3617328,3.2240815,0.79061437,1.9503655,1.0,7.8680863,-4.6508574,0.9675926,102.8833,1.0,0.0,0.0,1.0,0.0,0,7.9048777,0.0,0.0,7.9129357,3.205885,3.9955273,0.0,3.6328561,1.2844088,2.5915985
3,266,267.0,10.0,1.0,1.0,246.0,1.0,1.0,1.0,0.99998814,1.0,-0.0,0.0,-1.1872779e-05,-0.0,0.67843944,2.8636866,0.6046603,2.9342756,0.7557164,1.4445269,1.0,8.192613,0.007550232,0.9814815,105.82559,1.0,0.0,0.0,1.0,0.0,0,5.8146753,0.0,0.0,6.6081977,3.255608,5.3554025,0.0,4.149674,2.2090383,2.60913
0,267,268.0,10.0,1.0,1.0,248.0,1.0,1.0,1.0,0.99998987,1.0,-0.0,0.0,-1.0154838e-05,-0.0,0.38139075,2.9657912,0.29819816,3.0534992,0.72448444,1.4809138,1.0,8.83053,-3.4356303,0.9814815,104.946205,1.0,0.0,0.0,1.0,0.0,0,7.2125044,0.0,0.0,7.182525,3.8131554,4.7297664,0.0,3.798602,1.3990753,2.7372563
1,267,268.0,10.0,1.0,1.0,248.0,1.0,1.0,1.0,0.9999891,1.0,-0.0,0.0,-1.0888158e-05,-0.0,0.34696573,2.9318688,0.39150453,3.382845,0.7634158,2.047858,1.0,8.379462,-4.2844396,0.9814815,104.42829,1.0,0.0,0.0,1.0,0.0,0,8.397368,0.0,0.0,8.276127,2.927114,3.1353447,0.0,4.286916,4.366526,2.2859678
2,267,268.0,10.0,1.0,1.0,249.0,1.0,1.0,1.0,0.99998695,1.0,-0.0,0.0,-1.3024891e-05,-0.0,0.3277406,2.93368,0.38635206,3.6585515,0.79654306,1.9758831,1.0,8.774134,-4.23244,0.9675926,103.37035,1.0,0.0,0.0,1.0,0.0,0,6.1994767,0.0,0.0,7.9339056,2.402358,3.9033155,0.0,3.5212152,1.8176523,4.6267567
3,267,268.0,10.0,1.0,1.0,247.0,1.0,1.0,1.0,0.99999136,1.0,-0.0,0.0,-8.638316e-06,-0.0,0.40620044,3.1861413,0.45721015,3.86296,0.7572458,1.4336491,1.0,9.349015,-3.5497286,0.9814815,106.254074,1.0,0.0,0.0,1.0,0.0,0,7.1320505,0.0,0.0,8.030579,3.4489887,5.070635,0.0,3.8684509,2.3678164,3.0477338
0,268,269.0,10.0,1.0,1.0,249.0,1.0,1.0,1.0,0.99998635,1.0,-0.0,0.0,-1.3622494e-05,-0.0,0.36939794,2.9904659,0.32991838,3.7087042,0.727943,1.4888204,1.0,9.430859,-2.5969064,0.9814815,105.44817,1.0,0.0,0.0,1.0,0.0,0,4.800883,0.0,0.0,5.2270656,3.0434468,4.753669,0.0,4.215604,1.7189989,2.0058413
1,268,269.0,10.0,1.0,1.0,249.0,1.0,1.0,1.0,0.99998635,1.0,-0.0,0.0,-1.3630625e-05,-0.0,0.3010798,2.9194605,0.41801655,3.9228852,0.76740414,2.0906022,1.0,8.968304,-4.3141775,0.9814815,104.92954,1.0,0.0,0.0,1.0,0.0,0,5.5580115,0.0,0.0,5.7019258,3.2219987,2.812743,0.0,4.4399924,4.350664,2.860991
2,268,269.0,10.0,1.0,1.0,250.0,1.0,1.0,1.0,0.9999906,1.0,-0.0,0.0,-9.420424e-06,-0.0,0.23557544,3.0537941,0.35800475,3.9491386,0.80389774,1.9559759,1.0,9.23046,-3.6898925,0.9675926,103.65455,1.0,0.0,0.0,1.0,0.0,0,5.776196,0.0,0.0,5.9763227,2.9728727,4.2806787,0.0,3.9858403,1.1388961,1.5109982
3,268,269.0,10.0,1.0,1.0,248.0,1.0,1.0,1.0,0.9999901,1.0,-0.0,0.0,-9.913258e-06,-0.0,0.3126573,3.0581665,0.372013,3.5245059,0.76243824,1.3887231,1.0,9.386865,-4.4058256,0.9814815,106.361725,1.0,0.0,0.0,1.0,0.0,0,8.644958,0.0,0.0,9.997352,3.40812,5.3536825,0.0,3.81107,1.6103646,2.9166706
0,269,270.0,10.0,1.0,1.0,250.0,1.0,1.0,1.0,0.99999005,1.0,-0.0,0.0,-9.929378e-06,-0.0,0.18029548,3.1323757,0.2916541,4.6049657,0.7323045,1.4729645,1.0,10.381899,-3.8264441,0.9814815,105.726746,1.0,0.0,0.0,1.0,0.0,0,5.9755783,0.0,0.0,7.718637,1.7586187,4.6840787,0.0,3.957689,1.6567637,2.4408853
1,269,270.0,10.0,1.0,1.0,250.0,1.0,1.0,1.0,0.99999136,1.0,-0.0,0.0,-8.6335085e-06,-0.0,0.2242025,2.9781492,0.3914137,3.943386,0.7712686,2.1416464,1.0,9.050564,-3.1256144,0.9814815,105.208755,1.0,0.0,0.0,1.0,0.0,0,5.1559625,0.0,0.0,5.278219,3.0728734,2.9978638,0.0,4.5761437,4.7725897,2.206557
2,269,270.0,10.0,1.0,1.0,251.0,1.0,1.0,1.0,0.9999877,1.0,-0.0,0.0,-1.2257364e-05,-0.0,0.07386133,2.8566067,0.3097468,4.2596545,0.80924535,1.9220681,1.0,10.103416,-5.4374533,0.9675926,103.98787,1.0,0.0,0.0,1.0,0.0,0,8.176913,0.0,0.0,9.129531,2.4249094,4.039041,0.0,3.6218235,1.1321276,4.2902064
3,269,270.0,10.0,1.0,1.0,249.0,1.0,1.0,1.0,0.99998724,1.0,-0.0,0.0,-1.2768263e-05,-0.0,0.322479,3.0375948,0.4304222,3.939215,0.76810044,1.4483147,1.0,9.758282,-3.8583307,0.9814815,106.85388,1.0,0.0,0.0,1.0,0.0,0,5.661112,0.0,0.0,6.242391,3.3414729,5.0518246,0.0,4.041626,1.9188339,2.2050626
0,270,271.0,10.0,1.0,1.0,251.0,1.0,1.0,1.0,0.99998844,1.0,-0.0,0.0,-1.157294e-05,-0.0,0.19285008,2.8140504,0.29853907,3.8164763,0.73669463,1.4504749,1.0,10.036815,-3.1021721,0.9814815,106.0855,1.0,0.0,0.0,1.0,0.0,0,6.1870313,0.0,0.0,8.329134,1.83289,4.608196,0.0,4.2127357,1.2088174,4.702287
1,270,271.0,10.0,1.0,1.0,251.0,1.0,1.0,1.0,0.99998945,1.0,-0.0,0.0,-1.0566644e-05,-0.0,0.10939147,2.7419784,0.3548993,4.0259013,0.77576286,2.091725,1.0,9.511489,-4.246778,0.9814815,105.53197,1.0,0.0,0.0,1.0,0.0,0,7.4047623,0.0,0.0,8.521861,2.593424,3.2406347,0.0,4.1708193,3.9728656,4.1881237
2,270,271.0,10.0,1.0,1.0,252.0,1.0,1.0,1.0,0.99998754,1.0,-0.0,0.0,-1.2477446e-05,-0.0,0.25356674,2.8436713,0.36134607,4.913252,0.81430244,1.9455436,1.0,10.680579,-3.4175525,0.9675926,104.88322,1.0,0.0,0.0,1.0,0.0,0,5.227269,0.0,0.0,5.342611,3.2457168,4.2045074,0.0,4.048938,0.8560284,1.3420749
3,270,271.0,10.0,1.0,1.0,250.0,1.0,1.0,1.0,0.99569845,1.0,-0.0,0.0,-9.834755e-06,-0.004291735,0.09156279,3.1999805,0.39021415,5.2575035,0.772621,1.4466926,0.0,11.072524,-5.0901017,0.9814815,107.168434,1.0,0.0,0.0,1.0,0.0,0,5.6825123,0.0,0.0,7.0756335,1.2436496,4.943066,0.0,3.838843,2.0193996,2.632381
0,271,272.0,10.0,1.0,1.0,252.0,1.0,1.0,1.0,0.99998844,1.0,-0.0,0.0,-1.1552086e-05,-0.0,0.2720438,2.857287,0.29679355,4.6629148,0.74099714,1.4558611,1.0,10.765872,-2.4723644,0.9814815,106.96159,1.0,0.0,0.0,1.0,0.0,0,4.500332,0.0,0.0,4.6886563,3.1752563,4.598616,0.0,4.240471,1.5551617,2.0266712
1,271,272.0,10.0,1.0,1.0,252.0,1.0,1.0,1.0,0.99998885,1.0,-0.0,0.0,-1.1169686e-05,-0.0,0.26258117,2.727135,0.37537777,4.467414,0.78122157,2.1387205,1.0,9.822108,-2.5425963,0.9814815,106.412445,1.0,0.0,0.0,1.0,0.0,0,5.3076963,0.0,0.0,5.36213,3.3615031,2.8775685,0.0,4.3923264,4.115929,2.0001726
2,271,272.0,10.0,1.0,1.0,253.0,1.0,1.0,1.0,0.99999094,1.0,-0.0,0.0,-9.0458025e-06,-0.0,0.05343873,2.8937519,0.30960745,3.964176,0.816021,1.8978896,1.0,9.529803,-5.492948,0.9675926,105.06376,1.0,0.0,0.0,1.0,0.0,0,4.6374254,0.0,0.0,7.6345806,3.4572787,4.191079,0.0,3.5466814,1.4131742,0.7656408
3,271,272.0,10.0,1.0,1.0,251.0,1.0,1.0,1.0,0.9999881,1.0,-0.0,0.0,-1.1902778e-05,-0.0,0.12556799,2.8562455,0.40541068,4.3111706,0.7765279,1.4569359,1.0,10.612277,-3.9401631,0.9814815,107.53488,1.0,0.0,0.0,1.0,0.0,0,6.1069546,0.0,0.0,8.140849,1.9588251,5.2943625,0.0,4.204056,1.9731069,4.4703565
0,272,273.0,10.0,1.0,1.0,253.0,1.0,1.0,1.0,0.9999892,1.0,-0.0,0.0,-1.0782156e-05,-0.0,0.047997385,2.9219074,0.28678972,3.5273921,0.7426185,1.4734956,1.0,9.8993635,-4.5160966,0.9814815,107.20024,1.0,0.0,0.0,1.0,0.0,0,5.5604086,0.0,0.0,6.932143,3.5127556,4.9643245,0.0,3.9160802,2.0498524,2.2702117
1,272,273.0,10.0,1.0,1.0,253.0,1.0,1.0,1.0,0.9999906,1.0,-0.0,0.0,-9.392887e-06,-0.0,0.08516796,2.8341339,0.36554423,3.978369,0.7782184,2.0409663,1.0,9.570785,-5.6606307,0.9814815,106.64775,1.0,0.0,0.0,1.0,0.0,0,4.2468524,0.0,0.0,6.76184,4.1028066,3.8108351,0.0,4.2402883,2.3853562,1.744035
2,272,273.0,10.0,1.0,1.0,254.0,1.0,1.0,1.0,0.99998677,1.0,-0.0,0.0,-1.3240346e-05,-0.0,0.33081472,2.7594485,0.3643079,4.221625,0.819752,1.9007744,1.0,9.52386,-1.3130727,0.9675926,105.68318,1.0,0.0,0.0,1.0,0.0,0,5.947401,0.0,0.0,6.071343,3.291009,4.334462,0.0,4.228916,0.5094726,1.4364766
3,272,273.0,10.0,1.0,1.0,252.0,1.0,1.0,1.0,0.9999885,1.0,-0.0,0.0,-1.1532745e-05,-0.0,0.23754686,2.850082,0.42640907,4.812629,0.7818022,1.501906,1.0,10.988795,-2.681273,0.9814815,108.401344,1.0,0.0,0.0,1.0,0.0,0,5.333137,0.0,0.0,6.1266623,3.2173038,4.904046,0.0,4.021575,1.8877985,2.1630158
0,273,274.0,10.0,1.0,1.0,254.0,1.0,1.0,1.0,0.9999856,1.0,-0.0,0.0,-1.4438111e-05,-0.0,0.36112183,2.7565765,0.36721575,3.5318277,0.7461815,1.4553232,1.0,9.665889,0.28646272,0.9814815,107.85029,1.0,0.0,0.0,1.0,0.0,0,5.093551,0.0,0.0,5.4079623,3.686954,4.761931,0.0,4.2508,1.2559619,2.2819118
1,273,274.0,10.0,1.0,1.0,254.0,1.0,1.0,1.0,0.99998766,1.0,-0.0,0.0,-1.23596365e-05,-0.0,0.26667827,2.6769164,0.3997041,3.9586425,0.78608227,2.1114645,1.0,9.471083,-1.58792,0.9814815,107.31386,1.0,0.0,0.0,1.0,0.0,0,5.3145914,0.0,0.0,5.415619,3.5421555,2.9154477,0.0,4.3775716,3.2021937,2.3024418
2,273,274.0,10.0,1.0,1.0,255.0,1.0,1.0,1.0,0.9999916,1.0,-0.0,0.0,-8.386962e-06,-0.0,0.045779347,2.7944944,0.31193742,4.513094,0.8272113,1.9253231,1.0,10.355333,-5.2467065,0.9675926,105.83361,1.0,0.0,0.0,1.0,0.0,0,3.2536876,0.0,0.0,5.695768,1.1495762,4.1651,0.0,3.6252534,0.90371096,2.0497422
3,273,274.0,10.0,1.0,1.0,253.0,1.0,1.0,1.0,0.99998987,1.0,-0.0,0.0,-1.0118189e-05,-0.0,0.10348577,2.9501586,0.38079807,3.8948474,0.7867987,1.5200365,1.0,10.337155,-5.1289883,0.9814815,108.63302,1.0,0.0,0.0,1.0,0.0,0,5.716806,0.0,0.0,6.697164,2.590596,4.9769583,0.0,3.830252,2.3428607,2.4762754
0,274,275.0,10.0,1.0,1.0,255.0,1.0,1.0,1.0,0.9999918,1.0,-0.0,0.0,-8.233922e-06,-0.0,0.026394986,2.8182402,0.27842972,4.3442745,0.7528739,1.4665741,1.0,10.8111725,-4.2982326,0.9814815,108.0332,1.0,0.0,0.0,1.0,0.0,0,3.5296474,0.0,0.0,3.7754364,2.0925336,4.7625604,0.0,4.1480417,1.5680639,2.1705647
1,274,275.0,10.0,1.0,1.0,255.0,1.0,1.0,1.0,0.999992,1.0,-0.0,0.0,-7.995384e-06,-0.0,0.06918162,2.680435,0.37849346,4.219585,0.7934493,2.15331,1.0,9.979119,-4.5889335,0.9814815,107.41565,1.0,0.0,0.0,1.0,0.0,0,3.8313367,0.0,0.0,3.6872954,2.2047384,2.9981804,0.0,4.231906,3.6932337,2.182552
2,274,275.0,10.0,1.0,1.0,256.0,1.0,1.0,1.0,0.9999884,1.0,-0.0,0.0,-1.1640093e-05,-0.0,0.08398313,2.8804097,0.34490576,4.292244,0.832361,1.9277608,1.0,9.715372,-3.1880848,0.9675926,106.00366,1.0,0.0,0.0,1.0,0.0,0,5.784109,0.0,0.0,5.8610396,3.6346276,4.4769926,0.0,3.9893522,0.9668074,1.3527648
3,274,275.0,10.0,1.0,1.0,254.0,1.0,1.0,1.0,0.9999865,1.0,-0.0,0.0,-1.3447766e-05,-0.0,0.34231246,2.7229474,0.47669512,3.3962398,0.78858995,1.5364258,1.0,9.646587,0.69596153,0.9814815,109.320244,1.0,0.0,0.0,1.0,0.0,0,5.483248,0.0,0.0,6.6822968,3.153355,4.997981,0.0,4.045002,1.5355062,2.4039629
0,275,276.0,10.0,1.0,1.0,256.0,1.0,1.0,1.0,0.99998844,1.0,-0.0,0.0,-1.1590093e-05,-0.0,0.054503232,2.8914642,0.29495123,3.7481766,0.75695425,1.4814421,1.0,10.089546,-2.8732233,0.9814815,108.217896,1.0,0.0,0.0,1.0,0.0,0,5.257132,0.0,0.0,5.5391994,3.5706637,4.82778,0.0,4.2441483,1.722404,2.1739652
1,275,276.0,10.0,1.0,1.0,256.0,1.0,1.0,1.0,0.9999895,1.0,-0.0,0.0,-1.0490691e-05,-0.0,0.040163286,2.7410161,0.41003954,3.5776327,0.7974358,2.1850638,1.0,9.245542,-2.738867,0.9814815,107.606926,1.0,0.0,0.0,1.0,0.0,0,5.7440944,0.0,0.0,6.008895,3.1573353,3.1053753,0.0,4.4799137,4.1345105,2.204407
2,275,276.0,10.0,1.0,1.0,257.0,1.0,1.0,1.0,0.99999094,1.0,-0.0,0.0,-9.042493e-06,-0.0,0.08380152,2.6688902,0.3233715,4.5028477,0.8374711,1.9318167,1.0,10.233853,-3.0615442,0.9675926,106.57675,1.0,0.0,0.0,1.0,0.0,0,3.6791322,0.0,0.0,3.5701654,2.1608562,4.5612783,0.0,4.0401006,0.5415503,1.3769699
3,275,276.0,10.0,1.0,1.0,255.0,1.0,1.0,1.0,0.99999195,1.0,-0.0,0.0,-8.045773e-06,-0.0,0.052789226,2.7591403,0.42400876,3.7232406,0.7937912,1.5491092,1.0,10.226431,-2.3826296,0.9814815,109.47961,1.0,0.0,0.0,1.0,0.0,0,3.6279218,0.0,0.0,3.9987552,2.214766,5.10883,0.0,3.9027286,1.6157945,2.3189158
0,276,277.0,10.0,1.0,1.0,257.0,1.0,1.0,1.0,0.99999034,1.0,-0.0,0.0,-9.67854e-06,-0.0,0.13130829,2.6641703,0.2910229,3.7868245,0.75772446,1.4846088,1.0,10.292908,-1.9803159,0.9814815,108.81343,1.0,0.0,0.0,1.0,0.0,0,3.6569128,0.0,0.0,3.5743492,2.6597657,4.735512,0.0,4.060478,1.5687093,2.0526714
1,276,277.0,10.0,1.0,1.0,257.0,1.0,1.0,1.0,0.9999911,1.0,-0.0,0.0,-8.8812985e-06,-0.0,0.15385988,2.4860327,0.4150209,3.189173,0.8024141,2.1750107,1.0,9.011446,-1.0403842,0.9814815,108.234085,1.0,0.0,0.0,1.0,0.0,0,4.1015043,0.0,0.0,3.6186821,2.733493,3.038957,0.0,3.6167274,2.421068,2.4512377
2,276,277.0,10.0,1.0,1.0,258.0,1.0,1.0,1.0,0.9999895,1.0,-0.0,0.0,-1.04989085e-05,-0.0,0.1838997,2.7515943,0.3285814,4.729432,0.8432279,1.9659548,1.0,10.38438,-1.1908691,0.9675926,107.07983,1.0,0.0,0.0,1.0,0.0,0,4.8914247,0.0,0.0,5.0654793,2.970806,4.5821133,0.0,3.9360774,0.71056354,1.3538584
3,276,277.0,10.0,1.0,1.0,256.0,1.0,1.0,1.0,0.9999895,1.0,-0.0,0.0,-1.0470296e-05,-0.0,0.05744528,2.9391026,0.3893299,4.625491,0.7986204,1.5766538,1.0,11.034923,-4.0642314,0.9814815,109.72905,1.0,0.0,0.0,1.0,0.0,0,4.5770802,0.0,0.0,5.276309,2.5572507,5.1629534,0.0,4.010206,1.7595383,2.3370986
0,277,278.0,10.0,1.0,1.0,258.0,1.0,1.0,1.0,0.99999064,1.0,-0.0,0.0,-9.362647e-06,-0.0,0.16946998,2.787782,0.27406046,4.518815,0.76063436,1.4872425,1.0,10.919152,-1.0612551,0.9814815,109.3086,1.0,0.0,0.0,1.0,0.0,0,4.576444,0.0,0.0,4.834157,2.9969385,4.7138367,0.0,4.076009,1.676288,2.1492982
1,277,278.0,10.0,1.0,1.0,258.0,1.0,1.0,1.0,0.99999076,1.0,-0.0,0.0,-9.231715e-06,-0.0,0.19305088,2.60188,0.3782606,3.9921193,0.80834955,2.1943579,1.0,9.673756,-1.3337805,0.9814815,108.74511,1.0,0.0,0.0,1.0,0.0,0,4.398862,0.0,0.0,4.4100795,2.5542464,3.1025355,0.0,3.6856353,2.341819,2.5735078
2,277,278.0,10.0,1.0,1.0,259.0,1.0,1.0,1.0,0.99998987,1.0,-0.0,0.0,-1.0141809e-05,-0.0,0.07256139,3.1061351,0.30942628,4.6300592,0.850049,1.9885192,1.0,10.033032,-2.8056297,0.9675926,107.4635,1.0,0.0,0.0,1.0,0.0,0,5.0548053,0.0,0.0,5.216581,2.8028054,4.643186,0.0,3.8856559,1.0785538,1.4384396
3,277,278.0,10.0,1.0,1.0,257.0,1.0,1.0,1.0,0.9999899,1.0,-0.0,0.0,-1.0099623e-05,-0.0,0.0734305,2.6466262,0.39090803,3.9870176,0.80058223,1.6095713,1.0,10.581988,-2.5253325,0.9814815,110.356094,1.0,0.0,0.0,1.0,0.0,0,3.5719995,0.0,0.0,3.6705592,2.5073671,4.988914,0.0,4.065288,1.5878434,2.404927
0,278,279.0,10.0,1.0,1.0,259.0,1.0,1.0,1.0,0.99999,1.0,-0.0,0.0,-9.995376e-06,-0.0,0.07228106,3.1351678,0.2597909,4.1690035,0.7650061,1.4914469,1.0,10.493681,-2.1274042,0.9814815,109.696915,1.0,0.0,0.0,1.0,0.0,0,4.7860765,0.0,0.0,5.23473,2.7024882,4.8571453,0.0,3.8707078,1.8072401,2.1181593
1,278,279.0,10.0,1.0,1.0,259.0,1.0,1.0,1.0,0.99999005,1.0,-0.0,0.0,-9.950284e-06,-0.0,0.1040129,2.9528058,0.37353784,3.7122908,0.8154832,2.214243,1.0,9.299017,-1.8834248,0.9814815,109.122444,1.0,0.0,0.0,1.0,0.0,0,4.636886,0.0,0.0,4.715147,2.895968,3.3571937,0.0,3.6559987,2.4788642,2.5446107
2,278,279.0,10.0,1.0,1.0,260.0,1.0,1.0,1.0,0.99998933,1.0,-0.0,0.0,-1.0653284e-05,-0.0,0.1583254,3.051957,0.2952464,4.058823,0.81305027,1.6149116,1.0,8.44764,-2.2469032,0.9722222,108.31087,1.0,0.0,0.0,1.0,0.0,0,4.9323235,0.0,0.0,5.058893,3.5948265,5.2011685,0.0,4.4404826,0.0,0.0
3,278,279.0,10.0,1.0,1.0,258.0,1.0,1.0,1.0,0.99999017,1.0,-0.0,0.0,-9.838654e-06,-0.0,0.15132222,2.7188518,0.37377864,4.200804,0.8042846,1.646114,1.0,10.65778,-1.7089174,0.9814815,110.876755,1.0,0.0,0.0,1.0,0.0,0,4.3342686,0.0,0.0,5.1198206,3.1941538,5.0302916,0.0,4.039188,1.6811113,2.4185884
0,279,280.0,10.0,1.0,1.0,260.0,1.0,1.0,1.0,0.9999897,1.0,-0.0,0.0,-1.0310433e-05,-0.0,0.1493007,3.0488253,0.2948246,2.7943554,0.74273276,1.2385764,1.0,8.997896,-2.1957169,0.9814815,110.562454,1.0,0.0,0.0,1.0,0.0,0,4.8254137,0.0,0.0,5.1455235,3.2229128,5.332138,0.0,3.8866491,0.20470004,0.90550274
1,279,280.0,10.0,1.0,1.0,260.0,1.0,1.0,1.0,0.99998987,1.0,-0.0,0.0,-1.0132841e-05,-0.0,0.13178083,2.9399009,0.39715767,2.8388212,0.8038179,1.552642,1.0,8.534627,-2.1231613,0.9814815,109.95577,1.0,0.0,0.0,1.0,0.0,0,4.382437,0.0,0.0,4.17857,3.2387612,3.5114713,0.0,4.0470676,0.0,2.2451756
2,279,280.0,10.0,1.0,1.0,261.0,1.0,1.0,1.0,0.99998474,1.0,-0.0,0.0,-1.5250713e-05,-0.0,0.29487684,3.0837202,0.36657178,4.4401684,0.83034223,1.7008367,1.0,7.1092014,-1.7367574,0.9722222,109.03255,1.0,0.0,0.0,1.0,0.0,0,5.0392003,0.0,0.0,5.705112,2.5178435,5.4270573,0.0,4.333854,0.026446735,0.0
3,279,280.0,10.0,1.0,1.0,259.0,1.0,1.0,1.0,0.99999034,1.0,-0.0,0.0,-9.664907e-06,-0.0,0.018504076,3.0258226,0.3650005,3.7969403,0.8096167,1.6897559,1.0,10.160898,-2.085655,0.9814815,111.22788,1.0,0.0,0.0,1.0,0.0,0,4.4397163,0.0,0.0,5.240052,2.5781274,5.2005467,0.0,3.7840455,1.8832092,2.3874438
0,280,281.0,10.0,1.0,1.0,261.0,1.0,1.0,1.0,0.99998575,1.0,-0.0,0.0,-1.4241494e-05,-0.0,0.35035497,3.0778248,0.39396593,2.5714538,0.7581103,1.2759292,1.0,7.6251664,-1.1202013,0.9814815,111.2637,1.0,0.0,0.0,1.0,0.0,0,5.477208,0.0,0.0,5.96409,3.5040298,5.1553764,0.0,3.854674,0.61554456,1.4840187
1,280,281.0,10.0,1.0,1.0,261.0,1.0,1.0,1.0,0.9999859,1.0,-0.0,0.0,-1.4119528e-05,-0.0,0.28055573,2.9868155,0.46853507,2.272855,0.8319414,1.6465895,1.0,7.340882,-1.4945818,0.9814815,110.663055,1.0,0.0,0.0,1.0,0.0,0,5.4878306,0.0,0.0,5.4956126,3.6951509,3.5583963,0.0,3.1064584,0.7211717,1.7010974
2,280,281.0,10.0,1.0,1.0,262.0,1.0,1.0,1.0,0.99778897,1.0,-0.0,0.0,-1.1806737e-05,-0.0021992426,0.44888967,3.0330071,0.45599714,5.131954,0.8393447,1.6437349,0.0,6.0792503,-0.17542857,0.9722222,109.82678,1.0,0.0,0.0,1.0,0.0,0,4.845664,0.0,0.0,5.7858896,2.7730825,4.5924554,0.0,3.6859684,0.26958156,0.0
3,280,281.0,10.0,1.0,1.0,260.0,1.0,1.0,1.0,0.99998987,1.0,-0.0,0.0,-1.0151723e-05,-0.0,0.21999255,2.9782913,0.38013077,2.735756,0.76199526,1.1514661,1.0,8.692443,-2.1353242,0.9814815,112.01867,1.0,0.0,0.0,1.0,0.0,0,5.043989,0.0,0.0,5.639348,3.0410435,5.201967,0.0,4.1597223,0.2983217,1.7973248
0,281,282.0,10.0,1.0,1.0,262.0,1.0,1.0,1.0,0.99998915,1.0,-0.0,0.0,-1.0835646e-05,-0.0,0.5040001,2.9865346,0.5177249,3.4233294,0.7659859,1.3246858,1.0,6.4749618,0.09567849,0.9814815,112.077156,1.0,0.0,0.0,1.0,0.0,0,5.8748846,0.0,0.0,6.3499937,3.8026323,5.0799713,0.0,3.8297224,1.0532122,1.8110932
1,281,282.0,10.0,1.0,1.0,262.0,1.0,1.0,1.0,0.99998945,1.0,-0.0,0.0,-1.0543961e-05,-0.0,0.4117474,2.9247162,0.5791609,2.9096293,0.83889526,1.7091001,1.0,6.3138223,-0.8163042,0.9814815,111.45734,1.0,0.0,0.0,1.0,0.0,0,6.368637,0.0,0.0,5.9661727,4.552024,3.3106906,0.0,3.6700575,1.3258133,2.2463527
2,281,282.0,10.0,1.0,1.0,263.0,1.0,1.0,1.0,0.9999859,1.0,-0.0,0.0,-1.41129685e-05,-0.0,0.29421076,3.1439233,0.4062125,4.566896,0.8426951,1.5949161,1.0,7.1917024,-3.970854,0.9722222,110.626564,1.0,0.0,0.0,1.0,0.0,0,5.2118554,0.0,0.0,5.5757723,3.0095713,4.924671,0.0,3.541747,0.7755058,0.90302837
3,281,282.0,10.0,1.0,1.0,261.0,1.0,1.0,1.0,0.9999847,1.0,-0.0,0.0,-1.5341648e-05,-0.0,0.3669031,2.9496002,0.52400047,3.3134065,0.7766602,1.2905676,1.0,7.2676034,-1.8770983,0.9861111,112.78498,1.0,0.0,0.0,1.0,0.0,0,5.696696,0.0,0.0,6.189936,3.3029666,5.4831595,0.0,3.6518447,1.113017,2.1169143
0,282,283.0,10.0,1.0,1.0,263.0,1.0,1.0,1.0,0.9999889,1.0,-0.0,0.0,-1.1092648e-05,-0.0,0.4118316,3.104132,0.47773993,2.9732316,0.76882994,1.2511512,1.0,7.366442,-1.5502656,0.9814815,112.87793,1.0,0.0,0.0,1.0,0.0,0,4.848335,0.0,0.0,5.313953,3.0336955,5.2694893,0.0,3.540731,1.4098877,1.5650948
1,282,283.0,10.0,1.0,1.0,263.0,1.0,1.0,1.0,0.99999,1.0,-0.0,0.0,-1.0013007e-05,-0.0,0.29156283,3.0815427,0.49739113,2.6143215,0.8447608,1.6739328,1.0,7.384479,-2.7125096,0.9814815,112.21381,1.0,0.0,0.0,1.0,0.0,0,4.2649183,0.0,0.0,4.106589,3.2472522,3.4798846,0.0,3.459443,1.1740276,2.1612375
2,282,283.0,10.0,1.0,1.0,264.0,1.0,1.0,1.0,0.9999915,1.0,-0.0,0.0,-8.539112e-06,-0.0,0.35550892,3.2424767,0.40259132,4.5821276,0.8427755,1.5954068,1.0,7.0123796,-3.0781877,0.9722222,111.369194,1.0,0.0,0.0,1.0,0.0,0,6.8130765,0.0,0.0,7.1593065,3.7474616,5.370243,0.0,3.858381,0.8272813,1.0900681
3,282,283.0,10.0,1.0,1.0,262.0,1.0,1.0,1.0,0.9999887,1.0,-0.0,0.0,-1.1299166e-05,-0.0,0.42882228,2.9529593,0.5787016,3.6611183,0.7823868,1.3358649,1.0,6.999752,-0.75924957,0.9861111,113.584915,1.0,0.0,0.0,1.0,0.0,0,6.3088937,0.0,0.0,7.2769995,3.0061915,5.6187744,0.0,3.6426857,1.3520122,1.8487526
0,283,284.0,10.0,1.0,1.0,264.0,1.0,1.0,1.0,0.9999917,1.0,-0.0,0.0,-8.312289e-06,-0.0,0.3377378,3.2934036,0.36582696,2.7139235,0.7701635,1.232876,1.0,8.270421,-1.9721277,0.9814815,113.584694,1.0,0.0,0.0,1.0,0.0,0,5.8845634,0.0,0.0,5.90357,3.6292195,5.6936584,0.0,3.7681983,1.0446948,1.9880517
1,283,284.0,10.0,1.0,1.0,264.0,1.0,1.0,1.0,0.9999918,1.0,-0.0,0.0,-8.245705e-06,-0.0,0.29848367,3.2027464,0.47232163,2.7139235,0.8512734,1.7363607,1.0,7.833885,-2.232409,0.9814815,112.970825,1.0,0.0,0.0,1.0,0.0,0,6.17111,0.0,0.0,5.9867177,3.9339678,3.587403,0.0,4.102211,1.7896734,2.4000657
2,283,284.0,10.0,1.0,1.0,265.0,1.0,1.0,1.0,0.9999902,1.0,-0.0,0.0,-9.796418e-06,-0.0,0.3127478,3.603267,0.2821222,4.1905417,0.8088915,2.3811662,1.0,8.938021,-2.999599,0.9722222,112.02715,1.0,0.0,0.0,1.0,0.0,0,4.4863524,0.0,0.0,4.8339276,2.3764102,3.9349055,0.0,3.7288396,1.1250856,0.9934313
3,283,284.0,10.0,1.0,1.0,263.0,1.0,1.0,1.0,0.999989,1.0,-0.0,0.0,-1.1053323e-05,-0.0,0.4064001,3.0538337,0.5570118,3.3654454,0.78634185,1.3217283,1.0,7.4541144,-1.7089089,0.9907407,114.3506,1.0,0.0,0.0,1.0,0.0,0,5.0365644,0.0,0.0,5.6287785,2.8927114,5.5489025,0.0,3.5424201,1.1293592,2.1212442
0,284,285.0,10.0,1.0,1.0,265.0,1.0,1.0,1.0,0.9999912,1.0,-0.0,0.0,-8.849143e-06,-0.0,0.30817166,3.6744561,0.23675825,3.9264758,0.72510594,2.7107491,1.0,10.122788,-2.2522519,0.9814815,114.22752,1.0,0.0,0.0,1.0,0.0,0,5.2968454,0.0,0.0,5.513627,3.0610955,4.518226,0.0,3.5093694,2.44595,2.2720628
1,284,285.0,10.0,1.0,1.0,265.0,1.0,1.0,1.0,0.99999017,1.0,-0.0,0.0,-9.8070905e-06,-0.0,0.28427428,3.564369,0.34887242,4.1061873,0.80619323,2.821119,1.0,9.59329,-2.3173504,0.9814815,113.60346,1.0,0.0,0.0,1.0,0.0,0,3.7117176,0.0,0.0,4.0474806,2.244539,2.683542,0.0,3.682049,1.3306019,1.975732
2,284,285.0,10.0,1.0,1.0,266.0,1.0,1.0,1.0,0.9999915,1.0,-0.0,0.0,-8.534839e-06,-0.0,0.3191296,3.6949298,0.2747743,4.817182,0.8100581,2.419968,1.0,10.469934,-2.8626518,0.9722222,112.06169,1.0,0.0,0.0,1.0,0.0,0,5.8450785,0.0,0.0,6.4836574,2.4426117,3.852348,0.0,2.9912202,1.945466,1.6717951
3,284,285.0,10.0,1.0,1.0,264.0,1.0,1.0,1.0,0.99999166,1.0,-0.0,0.0,-8.359272e-06,-0.0,0.26490277,3.298387,0.3889209,2.9687526,0.7903909,1.3382064,1.0,8.786552,-2.6770039,0.9907407,115.01229,1.0,0.0,0.0,1.0,0.0,0,5.2187767,0.0,0.0,5.575024,2.586964,5.453736,0.0,3.7247903,1.1789447,2.1952949
0,285,286.0,10.0,1.0,1.0,266.0,1.0,1.0,1.0,0.997869,1.0,-0.0,0.0,-8.037891e-06,-0.0021229223,0.3451571,3.7545404,0.22045489,5.127375,0.728541,2.7297406,0.0,11.429873,-1.8043164,0.9814815,114.25401,1.0,0.0,0.0,1.0,0.0,0,3.8104546,0.0,0.0,5.0598803,2.3609393,3.8756244,0.0,2.622474,2.4253247,2.879581
1,285,286.0,10.0,1.0,1.0,266.0,1.0,1.0,1.0,0.9999716,1.0,-0.0,0.0,-8.00769e-06,-2.037673e-05,0.3249582,3.608734,0.32275775,5.001222,0.80646807,2.8321958,0.0,10.558028,-1.8960238,0.9814815,113.61754,1.0,0.0,0.0,1.0,0.0,0,4.0664787,0.0,0.0,4.2592316,2.5164995,2.6215053,0.0,3.1444018,2.0777037,1.9224267
2,285,286.0,10.0,1.0,1.0,267.0,1.0,1.0,1.0,0.9999902,1.0,-0.0,0.0,-9.778501e-06,-0.0,0.22323504,3.651662,0.2641901,4.2275553,0.7558721,3.454968,1.0,9.378757,-3.4878497,0.9722222,112.50017,1.0,0.0,0.0,1.0,0.0,0,5.7051444,0.0,0.0,5.54305,3.2082312,3.7371817,0.0,2.464917,2.136918,1.2113494
3,285,286.0,10.0,1.0,1.0,265.0,1.0,1.0,1.0,0.99999124,1.0,-0.0,0.0,-8.750977e-06,-0.0,0.38317555,3.5993915,0.34307972,3.330608,0.75441825,2.4929378,1.0,9.452344,-1.8291603,0.9907407,115.69526,1.0,0.0,0.0,1.0,0.0,0,6.61811,0.0,0.0,7.67596,3.5714674,4.9979925,0.0,4.049022,2.3997588,2.7123442
0,286,287.0,10.0,1.0,1.0,267.0,1.0,1.0,1.0,0.999991,1.0,-0.0,0.0,-9.021975e-06,-0.0,0.25484636,3.7007735,0.21842618,4.103517,0.6715002,4.1052337,1.0,10.42466,-2.6471736,0.9814815,114.673706,1.0,0.0,0.0,1.0,0.0,0,5.430539,0.0,0.0,5.2253437,3.523631,3.057523,0.0,2.5127354,3.0121534,2.125802
1,286,287.0,10.0,1.0,1.0,267.0,1.0,1.0,1.0,0.9999913,1.0,-0.0,0.0,-8.725485e-06,-0.0,0.20847693,3.5485988,0.3538858,3.8835754,0.74653375,4.3931956,1.0,9.527987,-3.2340837,0.9814815,114.05864,1.0,0.0,0.0,1.0,0.0,0,4.993733,0.0,0.0,4.9100647,3.4747996,1.7076353,0.0,2.8764029,2.624734,1.9053608
2,286,287.0,10.0,1.0,1.0,268.0,1.0,1.0,1.0,0.9999914,1.0,-0.0,0.0,-8.6040245e-06,-0.0,0.25470144,3.6462057,0.257233,4.4230328,0.7366848,4.216986,1.0,9.58503,-3.3515432,0.9722222,112.598656,1.0,0.0,0.0,1.0,0.0,0,6.27129,0.0,0.0,6.6694484,3.1283455,4.14411,0.0,2.5384912,3.8214412,1.7638052
3,286,287.0,10.0,1.0,1.0,266.0,1.0,1.0,1.0,0.99998873,1.0,-0.0,0.0,-1.1272482e-05,-0.0,0.52282774,3.6295052,0.31606293,3.504683,0.75737715,2.504841,1.0,9.648278,-0.51978046,0.9907407,115.7771,1.0,0.0,0.0,1.0,0.0,0,4.9724126,0.0,0.0,5.148303,2.626103,4.380434,0.0,2.8809578,2.755469,2.473971
0,287,288.0,10.0,1.0,1.0,268.0,1.0,1.0,1.0,0.9999917,1.0,-0.0,0.0,-8.312958e-06,-0.0,0.27972907,3.699985,0.21169563,4.359386,0.6548877,4.8807964,1.0,10.634099,-2.5157874,0.9814815,114.76599,1.0,0.0,0.0,1.0,0.0,0,6.318549,0.0,0.0,6.469571,3.6593223,3.9684234,0.0,2.370089,4.726427,2.4763384
1,287,288.0,10.0,1.0,1.0,268.0,1.0,1.0,1.0,0.99497265,1.0,-0.0,0.0,-8.857574e-06,-0.0050184457,0.16838554,3.5769105,0.31978428,4.690703,0.7254184,5.3011065,0.0,10.270905,-3.7803202,0.9814815,114.1248,1.0,0.0,0.0,1.0,0.0,0,4.908798,0.0,0.0,4.8073535,3.0999696,1.5965551,0.0,2.5183208,4.511181,2.5989232
2,287,288.0,10.0,1.0,1.0,269.0,1.0,1.0,1.0,0.9999919,1.0,-0.0,0.0,-8.084981e-06,-0.0,0.2796352,3.6207101,0.24783342,4.4489756,0.7112841,4.7925773,1.0,9.193276,-3.2153873,0.9722222,112.77547,1.0,0.0,0.0,1.0,0.0,0,6.174188,0.0,0.0,6.334536,3.785873,4.9201107,0.0,2.7684157,2.9982598,0.840397
3,287,288.0,10.0,1.0,1.0,267.0,1.0,1.0,1.0,0.9999904,1.0,-0.0,0.0,-9.6238355e-06,-0.0,0.3011115,3.6615922,0.29897875,3.4105005,0.7157612,3.5437763,1.0,9.737768,-2.50101,0.9907407,116.219124,1.0,0.0,0.0,1.0,0.0,0,6.651959,0.0,0.0,6.8317304,3.6021237,3.574066,0.0,2.8122745,2.8219357,2.6870925
0,288,289.0,10.0,1.0,1.0,269.0,1.0,1.0,1.0,0.99283123,1.0,-0.0,0.0,-7.5597018e-06,-0.007161176,0.23954771,3.7274518,0.18865442,4.567067,0.6399651,5.4296703,0.0,10.751382,-2.8013103,0.9814815,114.97873,1.0,0.0,0.0,1.0,0.0,0,5.4338584,0.0,0.0,5.758491,3.4935336,4.532051,0.0,2.7099183,4.628525,1.6450777
1,288,289.0,10.0,1.0,1.0,269.0,1.0,1.0,1.0,0.98480165,1.0,-0.0,0.0,-7.665161e-06,-0.015190646,0.18211901,3.601967,0.30570966,4.498847,0.7033304,5.9114385,0.0,9.991783,-3.4815297,0.9814815,114.33366,1.0,0.0,0.0,1.0,0.0,0,5.1679893,0.0,0.0,5.351417,3.4655602,2.1379995,0.0,2.8143384,3.986021,1.5059468
2,288,289.0,10.0,1.0,1.0,270.0,1.0,1.0,1.0,0.9999915,1.0,-0.0,0.0,-8.501986e-06,-0.0,0.23887716,3.6911278,0.2259007,4.637155,0.6979522,4.7454624,1.0,9.458684,-3.2394855,0.9722222,113.20911,1.0,0.0,0.0,1.0,0.0,0,5.4233546,0.0,0.0,5.616408,3.0991445,5.0243363,0.0,2.752552,2.5327823,1.0134611
3,288,289.0,10.0,1.0,1.0,268.0,1.0,1.0,1.0,0.9999904,1.0,-0.0,0.0,-9.609123e-06,-0.0,0.22445843,3.7378955,0.26342776,4.77605,0.6946021,4.2506394,1.0,11.13779,-2.8151553,0.9907407,116.350235,1.0,0.0,0.0,1.0,0.0,0,5.5564685,0.0,0.0,5.921293,2.684342,3.7758195,0.0,2.2085776,4.844282,3.199911
0,289,290.0,10.0,1.0,1.0,270.0,1.0,1.0,1.0,0.9904613,1.0,-0.0,0.0,-7.544569e-06,-0.009531145,0.2995722,3.6744752,0.20894048,3.8607304,0.62209934,5.5718684,0.0,9.890977,-2.3826034,0.9814815,115.332504,1.0,0.0,0.0,1.0,0.0,0,5.678236,0.0,0.0,6.040339,3.4434197,4.647673,0.0,2.7153594,4.4426465,1.372536
1,289,290.0,10.0,1.0,1.0,270.0,1.0,1.0,1.0,0.98363376,1.0,-0.0,0.0,-8.047406e-06,-0.016358217,0.20056777,3.5351355,0.33560202,3.89766,0.68972147,5.9814925,0.0,9.321287,-3.2733083,0.9814815,114.68082,1.0,0.0,0.0,1.0,0.0,0,4.647167,0.0,0.0,4.9433746,3.1932287,1.8769431,0.0,3.017964,4.3522563,1.4348234
2,289,290.0,10.0,1.0,1.0,271.0,1.0,1.0,1.0,0.9999907,1.0,-0.0,0.0,-9.318056e-06,-0.0,0.22651441,3.599712,0.25558093,4.596457,0.69658935,4.6541758,1.0,8.624137,-3.2130675,0.9722222,113.6393,1.0,0.0,0.0,1.0,0.0,0,6.4691434,0.0,0.0,6.4325004,3.8314044,5.395693,0.0,3.1157596,2.3034937,1.0299948
3,289,290.0,10.0,1.0,1.0,269.0,1.0,1.0,1.0,0.99999225,1.0,-0.0,0.0,-7.71945e-06,-0.0,0.271922,3.7345967,0.24970266,4.381061,0.6786467,4.848609,1.0,10.620767,-2.5837328,0.9907407,116.52716,1.0,0.0,0.0,1.0,0.0,0,5.752284,0.0,0.0,6.791498,3.3186235,4.4517517,0.0,2.6534736,4.1871924,1.5467124
0,290,291.0,10.0,1.0,1.0,271.0,1.0,1.0,1.0,0.99145573,1.0,-0.0,0.0,-9.203697e-06,-0.008535104,0.19861944,3.637559,0.22268105,3.7360437,0.6160184,5.512106,0.0,9.645243,-3.1318796,0.9814815,115.80708,1.0,0.0,0.0,1.0,0.0,0,4.8669186,0.0,0.0,5.2302623,2.929919,4.049373,0.0,2.6969774,4.111503,1.8255787
1,290,291.0,10.0,1.0,1.0,271.0,1.0,1.0,1.0,0.98555195,1.0,-0.0,0.0,-8.652034e-06,-0.01443939,0.19622184,3.435456,0.40672618,3.57982,0.6878401,5.866363,0.0,8.813474,-3.1640594,0.9814815,115.13524,1.0,0.0,0.0,1.0,0.0,0,4.7375464,0.0,0.0,4.894222,3.003404,2.4445522,0.0,2.4589465,3.970195,2.2515817
2,290,291.0,10.0,1.0,1.0,272.0,1.0,1.0,1.0,0.9985215,1.0,-0.0,0.0,-9.571248e-06,-0.0014689105,0.30732864,3.4087107,0.45564649,5.0881343,0.69897044,4.6268444,0.0,7.3254695,-2.8936453,0.9722222,113.867744,1.0,0.0,0.0,1.0,0.0,0,6.3051124,0.0,0.0,6.890587,3.9028165,6.5244727,0.0,2.7015347,2.5322,0.8260903
3,290,291.0,10.0,1.0,1.0,270.0,1.0,1.0,1.0,0.9999918,1.0,-0.0,0.0,-8.253736e-06,-0.0,0.2560012,3.714716,0.24670798,4.1409297,0.6638962,4.834055,1.0,10.311926,-2.6237545,0.9907407,116.90057,1.0,0.0,0.0,1.0,0.0,0,5.4294405,0.0,0.0,6.6722717,3.049707,4.477583,0.0,2.950465,3.9650874,1.607614
0,291,292.0,10.0,1.0,1.0,272.0,1.0,1.0,1.0,0.99292195,1.0,-0.0,0.0,-8.197593e-06,-0.0070698005,0.21032691,3.5523787,0.35329363,3.5158331,0.6221062,5.4241877,0.0,8.797522,-3.567975,0.9814815,116.10321,1.0,0.0,0.0,1.0,0.0,0,5.7665186,0.0,0.0,5.87417,3.3239737,4.92676,0.0,2.5311306,4.7747693,2.099879
1,291,292.0,10.0,1.0,1.0,272.0,1.0,1.0,1.0,0.9884688,1.0,-0.0,0.0,-9.5062005e-06,-0.01152169,0.32431707,3.246214,0.6658941,3.5800385,0.7021292,5.691301,0.0,7.312388,-2.8450518,0.9814815,115.38961,1.0,0.0,0.0,1.0,0.0,0,5.5961356,0.0,0.0,5.8103995,4.1743784,3.8857942,0.0,2.6405175,5.8453255,2.120325
2,291,292.0,10.0,1.0,1.0,273.0,1.0,1.0,1.0,0.9999874,1.0,-0.0,0.0,-1.2582658e-05,-0.0,0.30263588,3.3361428,0.37056005,4.8158817,0.7013892,4.613119,1.0,7.667823,-2.511857,0.9722222,113.983894,1.0,0.0,0.0,1.0,0.0,0,5.605857,0.0,0.0,5.797413,3.3671322,6.157095,0.0,2.734088,2.3610196,0.92101264
3,291,292.0,10.0,1.0,1.0,271.0,1.0,1.0,1.0,0.9999907,1.0,-0.0,0.0,-9.307167e-06,-0.0,0.16721356,3.7047963,0.24219623,4.0690327,0.6650892,4.7282734,1.0,10.188177,-3.3322425,0.9907407,117.37855,1.0,0.0,0.0,1.0,0.0,0,5.0045004,0.0,0.0,6.0130243,3.1110857,4.3993497,0.0,2.8307548,3.4075296,1.8004242
0,292,293.0,10.0,1.0,1.0,273.0,1.0,1.0,1.0,0.9940275,1.0,-0.0,0.0,-1.1375645e-05,-0.005961147,0.25805646,3.4085915,0.32387048,3.4304109,0.61950886,5.3576684,0.0,8.676249,-2.5359447,0.9814815,116.209915,1.0,0.0,0.0,1.0,0.0,0,4.968438,0.0,0.0,5.4855337,3.189091,4.765177,0.0,2.3719966,3.8030486,1.6716529
1,292,293.0,10.0,1.0,1.0,273.0,1.0,1.0,1.0,0.9894358,1.0,-0.0,0.0,-1.2792073e-05,-0.01055139,0.31389707,3.172519,0.58244675,3.3689322,0.70462495,5.633083,0.0,7.577844,-2.7893093,0.9814815,115.503654,1.0,0.0,0.0,1.0,0.0,0,4.74899,0.0,0.0,4.7702837,3.2486882,2.9329884,0.0,2.371831,4.42019,1.7381641
2,292,293.0,10.0,1.0,1.0,274.0,1.0,1.0,1.0,0.99998885,1.0,-0.0,0.0,-1.115355e-05,-0.0,0.19657426,3.2480109,0.43092966,4.91373,0.7047322,4.5734057,1.0,8.210423,-3.5845897,0.9722222,114.371994,1.0,0.0,0.0,1.0,0.0,0,4.1739244,0.0,0.0,5.118846,3.006267,5.6306753,0.0,2.4744205,2.5697105,1.3716706
3,292,293.0,10.0,1.0,1.0,272.0,1.0,1.0,1.0,0.99999166,1.0,-0.0,0.0,-8.355798e-06,-0.0,0.22494718,3.5956025,0.40217602,3.4887884,0.66487634,4.6696258,1.0,8.929378,-3.4246576,0.9907407,117.6693,1.0,0.0,0.0,1.0,0.0,0,5.5699453,0.0,0.0,6.663051,3.415899,5.3078394,0.0,3.0224235,4.159893,1.8962064
0,293,294.0,10.0,1.0,1.0,274.0,1.0,1.0,1.0,0.9954283,1.0,-0.0,0.0,-9.812719e-06,-0.004561862,0.24225973,3.2275774,0.47723627,3.7502646,0.62745935,5.273711,0.0,8.51207,-3.0672393,0.9814815,116.58399,1.0,0.0,0.0,1.0,0.0,0,4.972619,0.0,0.0,5.2014265,3.364589,5.010983,0.0,2.7018929,4.7383356,2.0921576
1,293,294.0,10.0,1.0,1.0,274.0,1.0,1.0,1.0,0.9912664,1.0,-0.0,0.0,-1.1595241e-05,-0.008721938,0.22240914,3.0723736,0.64714605,3.6379523,0.71631247,5.523316,0.0,7.8568535,-3.5259435,0.9814815,115.90462,1.0,0.0,0.0,1.0,0.0,0,4.9905567,0.0,0.0,4.9255805,3.4087968,3.519232,0.0,2.8689687,5.7670593,2.4260468
2,293,294.0,10.0,1.0,1.0,275.0,1.0,1.0,1.0,0.9999871,1.0,-0.0,0.0,-1.28893e-05,-0.0,0.26573017,3.4870975,0.33851707,4.764561,0.70946485,4.6300592,1.0,8.226454,-3.2473943,0.9722222,114.85363,1.0,0.0,0.0,1.0,0.0,0,6.0399017,0.0,0.0,6.897496,3.6145227,5.954811,0.0,2.4067554,2.5698774,0.954392
3,293,294.0,10.0,1.0,1.0,273.0,1.0,1.0,1.0,0.99998826,1.0,-0.0,0.0,-1.1759169e-05,-0.0,0.3168553,3.4189575,0.39410946,3.3742723,0.6673561,4.619733,1.0,8.581421,-2.1257195,0.9907407,117.78679,1.0,0.0,0.0,1.0,0.0,0,4.9753237,0.0,0.0,5.8186474,3.0029447,4.9508953,0.0,2.8151796,3.2253478,1.7340609
0,294,295.0,10.0,1.0,1.0,275.0,1.0,1.0,1.0,0.994139,1.0,-0.0,0.0,-1.435742e-05,-0.005846599,0.42526945,3.3952243,0.43992692,3.5437763,0.62961084,5.3507957,0.0,7.899707,-1.6952837,0.9814815,116.9863,1.0,0.0,0.0,1.0,0.0,0,6.1317058,0.0,0.0,6.934748,3.3418825,4.4973626,0.0,2.1938064,4.8288913,1.7828379
1,294,295.0,10.0,1.0,1.0,275.0,1.0,1.0,1.0,0.99130833,1.0,-0.0,0.0,-1.2299672e-05,-0.008679406,0.33707654,3.2873993,0.56236154,3.4993181,0.7226608,5.520764,0.0,7.732485,-2.3526502,0.9814815,116.35504,1.0,0.0,0.0,1.0,0.0,0,6.3556166,0.0,0.0,6.4526963,3.5914826,3.714561,0.0,2.4305127,5.251469,1.884506
2,294,295.0,10.0,1.0,1.0,276.0,1.0,1.0,1.0,0.99999094,1.0,-0.0,0.0,-9.0443455e-06,-0.0,0.14218333,3.4869187,0.19175784,4.7170005,0.71027225,4.628368,1.0,8.786708,-4.2992234,0.9722222,114.999985,1.0,0.0,0.0,1.0,0.0,0,5.7425833,0.0,0.0,5.987658,3.742373,6.0579715,0.0,2.5441775,2.7305138,1.2777634
3,294,295.0,10.0,1.0,1.0,274.0,1.0,1.0,1.0,0.9999899,1.0,-0.0,0.0,-1.0049588e-05,-0.0,0.28348118,3.2724638,0.5398585,3.7074375,0.6740868,4.611591,1.0,8.460417,-2.8851926,0.9907407,118.20369,1.0,0.0,0.0,1.0,0.0,0,4.3508997,0.0,0.0,5.0038333,2.9727223,5.037375,0.0,2.6942198,4.666917,1.9927444
0,295,296.0,10.0,1.0,1.0,276.0,1.0,1.0,1.0,0.99430674,1.0,-0.0,0.0,-1.0165425e-05,-0.0056830444,0.2194371,3.397337,0.26710108,3.538913,0.6336356,5.3409824,0.0,8.847754,-3.2944734,0.9814815,117.15385,1.0,0.0,0.0,1.0,0.0,0,4.964719,0.0,0.0,5.307518,3.1159897,4.4563713,0.0,2.3528426,4.5684357,1.7863216
1,295,296.0,10.0,1.0,1.0,276.0,1.0,1.0,1.0,0.99092937,1.0,-0.0,0.0,-9.092557e-06,-0.0090615405,0.14325641,3.2980654,0.38148427,3.7719107,0.7257497,5.543692,0.0,8.665919,-3.9568403,0.9814815,116.52105,1.0,0.0,0.0,1.0,0.0,0,4.886588,0.0,0.0,4.7145534,2.5576684,3.4895153,0.0,2.6857748,5.382823,1.8931308
2,295,296.0,10.0,1.0,1.0,277.0,1.0,1.0,1.0,0.9999896,1.0,-0.0,0.0,-1.0387137e-05,-0.0,0.23296513,3.7646413,0.21301752,4.6595554,0.7156341,4.6738153,1.0,7.638692,-3.8055778,0.9722222,115.80087,1.0,0.0,0.0,1.0,0.0,0,6.828694,0.0,0.0,7.838644,4.0419893,6.863367,0.0,2.0459187,2.2637346,0.8571892
3,295,296.0,10.0,1.0,1.0,275.0,1.0,1.0,1.0,0.99998593,1.0,-0.0,0.0,-1.4089451e-05,-0.0,0.47055855,3.4065847,0.51220286,3.5229506,0.6763862,4.6319184,1.0,7.870107,-1.3237559,0.9907407,118.575516,1.0,0.0,0.0,1.0,0.0,0,6.2127113,0.0,0.0,7.354747,3.2629375,4.8181868,0.0,2.3845494,4.5597296,1.8940156
0,296,297.0,10.0,1.0,1.0,277.0,1.0,1.0,1.0,0.99409187,1.0,-0.0,0.0,-1.03208e-05,-0.005897797,0.21948256,3.7567563,0.22204325,3.4941692,0.6356705,5.3538675,0.0,8.460533,-3.5074792,0.9814815,118.029236,1.0,0.0,0.0,1.0,0.0,0,6.7401037,0.0,0.0,7.8266807,3.410281,5.0665803,0.0,2.2644362,4.726414,1.6530783
1,296,297.0,10.0,1.0,1.0,277.0,1.0,1.0,1.0,0.9912891,1.0,-0.0,0.0,-1.0247412e-05,-0.008700679,0.1333274,3.650274,0.32759115,3.8205767,0.71873677,5.5220404,0.0,8.503829,-4.303078,0.9814815,117.38803,1.0,0.0,0.0,1.0,0.0,0,6.6034975,0.0,0.0,6.777287,4.06001,4.2988777,0.0,2.5171287,5.217036,1.6564034
2,296,297.0,10.0,1.0,1.0,278.0,1.0,1.0,1.0,0.9969089,1.0,-0.0,0.0,-9.019903e-06,-0.0030820945,0.2546016,3.5734956,0.29578257,5.184925,0.71713203,4.718328,0.0,6.5107803,-3.6319532,0.9722222,116.269615,1.0,0.0,0.0,1.0,0.0,0,5.4379888,0.0,0.0,6.2338862,3.0112643,6.8352203,0.0,2.2048807,2.3276043,1.1107562
3,296,297.0,10.0,1.0,1.0,276.0,1.0,1.0,1.0,0.9999896,1.0,-0.0,0.0,-1.0357962e-05,-0.0,0.28623527,3.404834,0.34947112,3.3742723,0.68065155,4.6640897,1.0,8.707367,-2.7557397,0.9907407,118.743286,1.0,0.0,0.0,1.0,0.0,0,5.2355714,0.0,0.0,5.8921514,3.0288873,4.8670754,0.0,2.8063822,4.6731915,2.0140755
0,297,298.0,10.0,1.0,1.0,278.0,1.0,1.0,1.0,0.9938922,1.0,-0.0,0.0,-1.0360115e-05,-0.006097438,0.2595458,3.5614703,0.3315942,3.5142741,0.636958,5.3658457,0.0,7.350711,-3.3372715,0.9814815,118.50276,1.0,0.0,0.0,1.0,0.0,0,5.392496,0.0,0.0,6.133757,2.7549455,5.101103,0.0,2.805408,4.7807736,1.7963784
1,297,298.0,10.0,1.0,1.0,278.0,1.0,1.0,1.0,0.9913587,1.0,-0.0,0.0,-9.16215e-06,-0.008632121,0.17241351,3.480439,0.39776647,3.3572946,0.71609735,5.5179267,0.0,7.4878387,-3.9647472,0.9814815,117.86317,1.0,0.0,0.0,1.0,0.0,0,5.7574396,0.0,0.0,5.734846,3.7665184,4.1514206,0.0,2.50258,5.1866302,1.7867062
2,297,298.0,10.0,1.0,1.0,279.0,1.0,1.0,1.0,0.99998784,1.0,-0.0,0.0,-1.2139493e-05,-0.0,0.2929833,3.7331347,0.20920883,4.736214,0.7202803,4.721314,1.0,7.3707566,-3.2540765,0.9722222,116.89248,1.0,0.0,0.0,1.0,0.0,0,6.1876035,0.0,0.0,7.4059043,3.7141585,6.9475307,0.0,2.1478806,1.8180057,1.1128007
3,297,298.0,10.0,1.0,1.0,277.0,1.0,1.0,1.0,0.9999903,1.0,-0.0,0.0,-9.728953e-06,-0.0,0.21678805,3.8338172,0.22907498,3.4182954,0.68500054,4.647274,1.0,8.699513,-3.6521833,0.9907407,119.674095,1.0,0.0,0.0,1.0,0.0,0,6.057671,0.0,0.0,7.249082,3.3356347,5.3593836,0.0,2.6438515,4.2278967,2.072431
0,298,299.0,10.0,1.0,1.0,279.0,1.0,1.0,1.0,0.99429023,1.0,-0.0,0.0,-1.2024184e-05,-0.005697708,0.40890986,3.637982,0.28373295,3.380067,0.64074856,5.341862,0.0,7.5253515,-2.0847032,0.9814815,119.04197,1.0,0.0,0.0,1.0,0.0,0,6.1322613,0.0,0.0,7.455901,3.4907682,4.8692374,0.0,2.0201252,3.511797,1.8183304
1,298,299.0,10.0,1.0,1.0,279.0,1.0,1.0,1.0,0.9917761,1.0,-0.0,0.0,-1.1319439e-05,-0.008212563,0.2747748,3.5558543,0.3645146,3.789097,0.7207454,5.4927535,0.0,7.948952,-2.9887044,0.9814815,118.401695,1.0,0.0,0.0,1.0,0.0,0,6.5043526,0.0,0.0,6.8578577,3.6431324,4.0441957,0.0,2.406994,4.7560134,1.6849456
2,298,299.0,10.0,1.0,1.0,280.0,1.0,1.0,1.0,0.99998987,1.0,-0.0,0.0,-1.0142894e-05,-0.0,0.07372871,3.6338654,0.15555191,4.6474423,0.72194433,4.7611094,1.0,7.799459,-5.3130155,0.9722222,117.21139,1.0,0.0,0.0,1.0,0.0,0,4.5947337,0.0,0.0,4.876465,3.0022423,6.832738,0.0,2.2540216,1.8657937,1.1812322
3,298,299.0,10.0,1.0,1.0,278.0,1.0,1.0,1.0,0.9999892,1.0,-0.0,0.0,-1.0759623e-05,-0.0,0.28065592,3.6233318,0.33235922,3.312934,0.6868345,4.616003,1.0,7.5476146,-3.107492,0.9907407,120.14573,1.0,0.0,0.0,1.0,0.0,0,5.2887545,0.0,0.0,6.1932487,2.7978861,5.3604507,0.0,2.6148818,3.8620887,1.9646262
0,299,300.0,10.0,1.0,1.0,280.0,1.0,1.0,1.0,0.9936825,1.0,-0.0,0.0,-1.1168944e-05,-0.006306342,0.17852075,3.565586,0.19809596,3.342807,0.6429535,5.3783803,0.0,7.982074,-4.161941,0.9814815,119.38602,1.0,0.0,0.0,1.0,0.0,0,5.0628424,0.0,0.0,5.5697145,3.3207788,5.6240683,0.0,2.4037702,3.3577075,2.062017
1,299,300.0,10.0,1.0,1.0,280.0,1.0,1.0,1.0,0.99153256,1.0,-0.0,0.0,-1.0500538e-05,-0.008456948,0.057146885,3.5299308,0.24373528,4.071341,0.72225064,5.5074162,0.0,8.477205,-4.91238,0.9814815,118.744896,1.0,0.0,0.0,1.0,0.0,0,5.309423,0.0,0.0,4.9510503,2.6940522,3.858511,0.0,2.364786,4.6702814,1.7550005
2,299,300.0,10.0,1.0,1.0,281.0,1.0,1.0,1.0,0.99998695,1.0,-0.0,0.0,-1.3060499e-05,-0.0,0.010683201,3.731975,0.15666561,4.752716,0.7218387,4.7553506,1.0,8.43417,-5.984784,0.9722222,118.10597,1.0,0.0,0.0,1.0,0.0,0,4.593632,0.0,0.0,5.1664424,2.6237369,7.1124234,0.0,2.2484562,1.3333758,1.1419365
3,299,300.0,10.0,1.0,1.0,279.0,1.0,1.0,1.0,0.9999877,1.0,-0.0,0.0,-1.2280872e-05,-0.0,0.4351098,3.7100375,0.29707664,3.2424815,0.6898436,4.603095,1.0,7.640234,-2.0058844,0.9907407,120.70249,1.0,0.0,0.0,1.0,0.0,0,6.6102505,0.0,0.0,7.786899,3.380628,5.4265265,0.0,2.490595,3.3281052,1.9590151
0,300,301.0,10.0,1.0,1.0,281.0,1.0,1.0,1.0,0.9937042,1.0,-0.0,0.0,-1.3737622e-05,-0.0062820734,0.033520535,3.6593661,0.14444143,3.6570535,0.646569,5.376924,0.0,8.801763,-5.364416,0.9814815,120.28167,1.0,0.0,0.0,1.0,0.0,0,4.775537,0.0,0.0,5.2258134,2.6561282,5.922741,0.0,2.5966141,3.2374866,1.9254843
1,300,301.0,10.0,1.0,1.0,281.0,1.0,1.0,1.0,0.9912861,1.0,-0.0,0.0,-1.3235541e-05,-0.008700679,0.20142086,3.4268486,0.36454743,3.7070153,0.7219751,5.5220404,0.0,8.051446,-3.8890867,0.9814815,119.487366,1.0,0.0,0.0,1.0,0.0,0,4.954848,0.0,0.0,4.5852532,3.0339766,4.288353,0.0,2.465145,4.427777,1.7548997
2,300,301.0,10.0,1.0,1.0,282.0,1.0,1.0,1.0,0.9970203,1.0,-0.0,0.0,-1.3444297e-05,-0.0029662445,0.07713772,3.8520308,0.19260573,5.177974,0.72183746,4.796823,0.0,9.005512,-4.880419,0.9722222,119.00734,1.0,0.0,0.0,1.0,0.0,0,6.1445174,0.0,0.0,6.984754,3.1055398,7.0127587,0.0,2.2842057,1.1526971,1.205199
3,300,301.0,10.0,1.0,1.0,280.0,1.0,1.0,1.0,0.99998903,1.0,-0.0,0.0,-1.09423445e-05,-0.0,0.19499026,3.614251,0.23234941,3.191872,0.6923276,4.616851,1.0,8.020691,-4.236579,0.9907407,121.04889,1.0,0.0,0.0,1.0,0.0,0,5.157319,0.0,0.0,5.559002,2.887609,5.47223,0.0,2.48842,3.1386938,2.0652175
0,301,302.0,10.0,1.0,1.0,282.0,1.0,1.0,1.0,0.9939026,1.0,-0.0,0.0,-1.4527952e-05,-0.0060828524,0.11267997,3.815924,0.10508479,4.475118,0.64970684,5.3649707,0.0,9.370413,-4.220903,0.9814815,121.2126,1.0,0.0,0.0,1.0,0.0,0,6.0492845,0.0,0.0,6.9944615,3.1964314,5.766875,0.0,1.7691588,2.6882293,1.7313509
1,301,302.0,10.0,1.0,1.0,282.0,1.0,1.0,1.0,0.9906738,1.0,-0.0,0.0,-1.3105481e-05,-0.009313077,0.32452905,3.5280347,0.3253403,4.1477294,0.7239293,5.558784,0.0,8.254355,-1.9543357,0.9814815,120.363235,1.0,0.0,0.0,1.0,0.0,0,6.633199,0.0,0.0,6.9431863,3.644638,4.0790753,0.0,2.6600082,4.347619,1.8583107
2,301,302.0,10.0,1.0,1.0,283.0,1.0,1.0,1.0,0.999715,1.0,-0.0,0.0,-9.358734e-06,-0.0002756764,0.13320073,3.75449,0.14418732,5.01654,0.7223754,4.8191314,0.0,8.219935,-4.608378,0.9722222,119.66192,1.0,0.0,0.0,1.0,0.0,0,4.8035107,0.0,0.0,5.5070367,2.9542322,7.1850014,0.0,2.206444,1.0485194,1.241774
3,301,302.0,10.0,1.0,1.0,281.0,1.0,1.0,1.0,0.99998635,1.0,-0.0,0.0,-1.3662148e-05,-0.0,0.06822273,3.693945,0.20691566,3.4310954,0.6946439,4.6019044,1.0,8.722671,-5.047665,0.9907407,121.92571,1.0,0.0,0.0,1.0,0.0,0,4.6832724,0.0,0.0,5.137015,2.5837831,5.8439326,0.0,2.4820318,2.6246836,1.9606816
0,302,303.0,10.0,1.0,1.0,283.0,1.0,1.0,1.0,0.9934157,1.0,-0.0,0.0,-9.008019e-06,-0.0065752594,0.1979351,3.7088118,0.11761065,3.8797436,0.64906573,5.394515,0.0,8.528666,-3.7447262,0.9814815,121.85967,1.0,0.0,0.0,1.0,0.0,0,4.520725,0.0,0.0,4.987287,2.5315223,5.788754,0.0,2.2152846,2.690203,1.8321995
1,302,303.0,10.0,1.0,1.0,283.0,1.0,1.0,1.0,0.990785,1.0,-0.0,0.0,-7.629771e-06,-0.009207373,0.17364062,3.5515406,0.24727459,4.2208834,0.7265754,5.552442,0.0,8.458258,-3.9063218,0.9814815,121.12492,1.0,0.0,0.0,1.0,0.0,0,5.302385,0.0,0.0,4.982784,2.81943,4.3184915,0.0,2.5006843,3.8200755,1.9117746
2,302,303.0,10.0,1.0,1.0,284.0,1.0,1.0,1.0,0.9975994,1.0,-0.0,0.0,-1.3436529e-05,-0.0023871937,0.029589236,3.6765888,0.15380532,5.1432314,0.7227449,4.830329,0.0,8.403497,-5.539336,0.9722222,120.34029,1.0,0.0,0.0,1.0,0.0,0,4.384919,0.0,0.0,4.9084687,2.8189049,7.1779404,0.0,2.232966,0.7825976,1.3094628
3,302,303.0,10.0,1.0,1.0,282.0,1.0,1.0,1.0,0.9999865,1.0,-0.0,0.0,-1.3442202e-05,-0.0,0.11311807,3.8364482,0.17642546,4.287134,0.69588923,4.6185465,1.0,9.401447,-4.5137873,0.9907407,122.85307,1.0,0.0,0.0,1.0,0.0,0,5.4550805,0.0,0.0,6.3842063,2.990832,5.9246407,0.0,2.5218828,2.4240654,2.0148194
0,303,304.0,10.0,1.0,1.0,284.0,1.0,1.0,1.0,0.9932531,1.0,-0.0,0.0,-1.45202675e-05,-0.006732361,0.042153895,3.6263142,0.13190144,3.9469578,0.6501481,5.403941,0.0,8.661385,-4.6323147,0.9814815,122.5456,1.0,0.0,0.0,1.0,0.0,0,4.683696,0.0,0.0,5.1915507,2.4940152,6.027672,0.0,1.9594029,2.2387261,2.0234523
1,303,304.0,10.0,1.0,1.0,284.0,1.0,1.0,1.0,0.99055153,1.0,-0.0,0.0,-1.3391249e-05,-0.0094350735,0.010284409,3.4879029,0.23731996,4.2236648,0.7289989,5.566104,0.0,8.522123,-5.5087905,0.9814815,121.82721,1.0,0.0,0.0,1.0,0.0,0,4.886988,0.0,0.0,5.070311,2.8243885,4.38206,0.0,2.5101898,3.29421,1.9550893
2,303,304.0,10.0,1.0,1.0,285.0,1.0,1.0,1.0,0.9946206,1.0,-0.0,0.0,-1.2119427e-05,-0.0053673047,0.09769201,3.564618,0.18317902,5.3220377,0.7227415,4.874377,0.0,8.570153,-3.9904044,0.9722222,121.229485,1.0,0.0,0.0,1.0,0.0,0,5.3213067,0.0,0.0,6.3665466,3.450966,6.7369037,0.0,2.462147,0.6916592,1.4632016
3,303,304.0,10.0,1.0,1.0,283.0,1.0,1.0,1.0,0.99999136,1.0,-0.0,0.0,-8.641816e-06,-0.0,0.19778982,3.735423,0.16282208,3.6915677,0.6976942,4.6315804,1.0,8.606628,-4.022436,0.9907407,123.50582,1.0,0.0,0.0,1.0,0.0,0,5.1466484,0.0,0.0,5.3378377,3.0363867,6.148361,0.0,2.4309592,2.1604831,2.070826
0,304,305.0,10.0,1.0,1.0,285.0,1.0,1.0,1.0,0.99315834,1.0,-0.0,0.0,-1.2744307e-05,-0.0068289014,0.1233235,3.5170217,0.10651597,4.285672,0.6524802,5.409734,0.0,8.838157,-3.33264,0.9814815,123.42981,1.0,0.0,0.0,1.0,0.0,0,5.868087,0.0,0.0,6.8299155,2.8647687,5.4749885,0.0,1.9367929,1.6494621,2.026173
1,304,305.0,10.0,1.0,1.0,285.0,1.0,1.0,1.0,0.98988485,1.0,-0.0,0.0,-1.1907535e-05,-0.0101032015,0.2781775,3.363338,0.249371,4.1706924,0.7293494,5.6061916,0.0,7.973855,-3.3435876,0.9814815,122.74068,1.0,0.0,0.0,1.0,0.0,0,6.246411,0.0,0.0,7.164053,3.11255,3.9896986,0.0,2.8148663,3.169052,2.0643888
2,304,305.0,10.0,1.0,1.0,286.0,1.0,1.0,1.0,0.99639076,1.0,-0.0,0.0,-1.023267e-05,-0.0035990046,0.18146373,3.3886943,0.16178899,5.21594,0.72374374,4.8952127,0.0,7.680839,-3.330134,0.9722222,121.42673,1.0,0.0,0.0,1.0,0.0,0,4.4314218,0.0,0.0,5.021533,2.8012452,6.833894,0.0,2.2226644,0.7072596,1.4673141
3,304,305.0,10.0,1.0,1.0,284.0,1.0,1.0,1.0,0.9999863,1.0,-0.0,0.0,-1.3699784e-05,-0.0,0.089785084,3.662849,0.18166731,3.762976,0.6997329,4.6440716,1.0,8.692307,-4.206632,0.9907407,124.19318,1.0,0.0,0.0,1.0,0.0,0,4.8888116,0.0,0.0,5.426029,2.9062178,6.131016,0.0,2.415141,1.7057121,2.2021692
0,305,306.0,10.0,1.0,1.0,286.0,1.0,1.0,1.0,0.99319917,1.0,-0.0,0.0,-1.0537012e-05,-0.006790289,0.21966323,3.343106,0.17097375,3.8839788,0.65446377,5.407417,0.0,8.04076,-2.6143565,0.9814815,123.63305,1.0,0.0,0.0,1.0,0.0,0,4.7535334,0.0,0.0,5.4167194,2.3740218,5.7628016,0.0,1.8204931,1.4527177,2.0752664
1,305,306.0,10.0,1.0,1.0,286.0,1.0,1.0,1.0,0.98970586,1.0,-0.0,0.0,-9.558458e-06,-0.010284586,0.5064107,3.1780725,0.36398166,4.056701,0.7328609,5.6170745,0.0,7.07992,-1.5521683,0.9814815,122.94811,1.0,0.0,0.0,1.0,0.0,0,4.721711,0.0,0.0,5.113667,3.4408846,4.2771816,0.0,2.6427262,2.976938,2.1662683
2,305,306.0,10.0,1.0,1.0,287.0,1.0,1.0,1.0,0.99538374,1.0,-0.0,0.0,-1.484537e-05,-0.004601449,0.29398984,3.4421198,0.18463606,5.2760863,0.72349674,4.8820796,0.0,7.7703385,-3.5029342,0.9722222,121.997574,1.0,0.0,0.0,1.0,0.0,0,5.2840366,0.0,0.0,5.91967,3.2246306,6.7863126,0.0,2.3436832,0.57490516,1.4197481
3,305,306.0,10.0,1.0,1.0,285.0,1.0,1.0,1.0,0.99998903,1.0,-0.0,0.0,-1.0976395e-05,-0.0,0.1476027,3.535347,0.16847081,4.1130447,0.6991328,4.683019,1.0,8.887741,-3.4268537,0.9907407,125.0785,1.0,0.0,0.0,1.0,0.0,0,5.82442,0.0,0.0,6.751419,3.1527352,5.898313,0.0,2.417922,1.5575854,2.2843199
0,306,307.0,10.0,1.0,1.0,287.0,1.0,1.0,1.0,0.9927318,1.0,-0.0,0.0,-1.575653e-05,-0.0072524585,0.3279891,3.4128134,0.16288435,3.9952557,0.6552204,5.4351473,0.0,8.072097,-2.8281994,0.9814815,124.212135,1.0,0.0,0.0,1.0,0.0,0,5.7568774,0.0,0.0,6.5276103,2.582245,5.656498,0.0,2.1528747,1.2017353,2.1717432
1,306,307.0,10.0,1.0,1.0,287.0,1.0,1.0,1.0,0.9897853,1.0,-0.0,0.0,-1.8393139e-05,-0.0101962695,0.5625721,3.2503948,0.34929624,3.9534972,0.73591924,5.611776,0.0,7.0953364,-0.99521315,0.9814815,123.478424,1.0,0.0,0.0,1.0,0.0,0,5.743798,0.0,0.0,6.899237,3.5170496,4.299057,0.0,2.4872956,2.0517628,2.252685
2,306,307.0,10.0,1.0,1.0,288.0,1.0,1.0,1.0,0.9946763,1.0,-0.0,0.0,-1.2810759e-05,-0.0053108917,0.278648,3.2870135,0.19491877,5.318653,0.7253176,4.884645,0.0,7.2802,-3.7719765,0.9722222,122.10661,1.0,0.0,0.0,1.0,0.0,0,4.6319194,0.0,0.0,5.0409055,3.142057,6.788301,0.0,2.2847984,0.5173163,1.5114872
3,306,307.0,10.0,1.0,1.0,286.0,1.0,1.0,1.0,0.9999896,1.0,-0.0,0.0,-1.0369679e-05,-0.0,0.26892424,3.3673215,0.20796528,3.73206,0.7023295,4.703537,1.0,8.094732,-2.899319,0.9907407,125.283875,1.0,0.0,0.0,1.0,0.0,0,5.231801,0.0,0.0,5.7633657,3.2150738,5.9605923,0.0,2.3910697,1.4989486,2.3846097
0,307,308.0,10.0,1.0,1.0,288.0,1.0,1.0,1.0,0.9915034,1.0,-0.0,0.0,-1.3615968e-05,-0.008483009,0.30865222,3.2589011,0.2217258,3.9004712,0.6576797,5.5089803,0.0,7.7568398,-3.1245296,0.9814815,124.3176,1.0,0.0,0.0,1.0,0.0,0,4.646305,0.0,0.0,5.1227517,2.98196,5.7693863,0.0,2.3982244,1.4339632,2.4159222
1,307,308.0,10.0,1.0,1.0,288.0,1.0,1.0,1.0,0.98938036,1.0,-0.0,0.0,-1.4934267e-05,-0.010604652,0.40251166,3.1110957,0.36956218,3.9132948,0.7416701,5.6362786,0.0,7.100228,-2.6166737,0.9814815,123.62808,1.0,0.0,0.0,1.0,0.0,0,4.9988284,0.0,0.0,5.24232,3.2242887,4.3962526,0.0,2.6894288,1.9960625,2.373533
2,307,308.0,10.0,1.0,1.0,289.0,1.0,1.0,1.0,0.995692,1.0,-0.0,0.0,-1.3786507e-05,-0.004294218,0.30099973,3.2242694,0.20256557,5.2576528,0.7282203,4.8767853,0.0,7.8278694,-3.4377062,0.9722222,122.29661,1.0,0.0,0.0,1.0,0.0,0,4.7844176,0.0,0.0,5.3425508,3.1833239,6.855085,0.0,2.3891997,0.4970875,1.4541869
3,307,308.0,10.0,1.0,1.0,287.0,1.0,1.0,1.0,0.99998504,1.0,-0.0,0.0,-1.4968036e-05,-0.0,0.4210025,3.4083557,0.22157472,3.7406502,0.7029283,4.7148423,1.0,7.9022655,-2.3634498,0.9907407,125.85888,1.0,0.0,0.0,1.0,0.0,0,6.072207,0.0,0.0,6.5666,3.486107,5.9024477,0.0,2.2608788,0.94305074,2.4358702
0,308,309.0,10.0,1.0,1.0,289.0,1.0,1.0,1.0,0.99118084,1.0,-0.0,0.0,-1.4566542e-05,-0.008804598,0.30580276,3.1961412,0.18586412,4.025123,0.66499436,5.5282755,0.0,8.255046,-3.0273097,0.9814815,124.51509,1.0,0.0,0.0,1.0,0.0,0,6.2283964,0.0,0.0,6.8776045,3.1421845,6.2704015,0.0,2.2029085,0.8329622,2.482136
1,308,309.0,10.0,1.0,1.0,289.0,1.0,1.0,1.0,0.9891397,1.0,-0.0,0.0,-1.5198383e-05,-0.010845138,0.34989268,3.0394614,0.3306943,3.8505788,0.748454,5.6507077,0.0,7.517212,-3.0193393,0.9814815,123.78409,1.0,0.0,0.0,1.0,0.0,0,5.864371,0.0,0.0,6.604411,3.1377723,4.5487747,0.0,2.8398669,1.5384234,2.4495656
2,308,309.0,10.0,1.0,1.0,290.0,1.0,1.0,1.0,0.99463344,1.0,-0.0,0.0,-1.3940634e-05,-0.0053525916,0.3071107,3.1650875,0.21385655,5.321155,0.7298051,4.9296374,0.0,7.2889266,-2.855681,0.9722222,122.65966,1.0,0.0,0.0,1.0,0.0,0,4.795793,0.0,0.0,5.361621,2.9346,6.8799033,0.0,2.890059,0.62010574,1.7463212
3,308,309.0,10.0,1.0,1.0,288.0,1.0,1.0,1.0,0.9999858,1.0,-0.0,0.0,-1.4207635e-05,-0.0,0.44428855,3.2636714,0.2844153,3.7318504,0.705159,4.7166686,1.0,7.5423083,-2.256617,0.9907407,125.97342,1.0,0.0,0.0,1.0,0.0,0,5.179418,0.0,0.0,5.7389083,2.8342974,5.957056,0.0,2.1528027,0.945314,2.4494197
0,309,310.0,10.0,1.0,1.0,290.0,1.0,1.0,1.0,0.9906692,1.0,-0.0,0.0,-1.3027327e-05,-0.009317772,0.31656846,3.1494067,0.2314469,3.9294653,0.66903454,5.559066,0.0,7.8262897,-2.2259765,0.9814815,124.87634,1.0,0.0,0.0,1.0,0.0,0,5.3997884,0.0,0.0,5.487844,3.4257267,5.726932,0.0,2.5557,1.068792,2.7533388
1,309,310.0,10.0,1.0,1.0,290.0,1.0,1.0,1.0,0.9886949,1.0,-0.0,0.0,-1.2993215e-05,-0.01129211,0.32527447,2.9979982,0.3640129,3.8076458,0.75325936,5.677526,0.0,7.188564,-3.3746436,0.9814815,124.15544,1.0,0.0,0.0,1.0,0.0,0,5.275864,0.0,0.0,5.8281064,3.1421704,4.4934125,0.0,3.0503502,1.2431746,2.5611064
2,309,310.0,10.0,1.0,1.0,291.0,1.0,1.0,1.0,0.99394834,1.0,-0.0,0.0,-1.1908759e-05,-0.006039716,0.12159627,3.199061,0.22776085,5.3330603,0.7362175,5.029322,0.0,7.5629125,-5.264384,0.9722222,122.91514,1.0,0.0,0.0,1.0,0.0,0,4.2978578,0.0,0.0,4.7630134,2.7430568,7.1128225,0.0,2.9454868,0.9015187,1.8094754
3,309,310.0,10.0,1.0,1.0,289.0,1.0,1.0,1.0,0.9999843,1.0,-0.0,0.0,-1.5653439e-05,-0.0,0.4087243,3.1946487,0.26047087,3.6700876,0.7090596,4.6963744,1.0,7.9445305,-2.493456,0.9907407,126.15036,1.0,0.0,0.0,1.0,0.0,0,5.6287985,0.0,0.0,6.26418,3.2768216,5.9650745,0.0,2.3059018,0.7561389,2.4822526
0,310,311.0,10.0,1.0,1.0,291.0,1.0,1.0,1.0,0.9905172,1.0,-0.0,0.0,-1.2598927e-05,-0.009470228,0.20416044,3.1635213,0.2609504,4.011681,0.6725893,5.5682135,0.0,7.8978925,-4.1271586,0.9814815,125.08931,1.0,0.0,0.0,1.0,0.0,0,4.752422,0.0,0.0,5.2210565,2.8933303,6.1436577,0.0,2.434695,0.81178886,2.6513858
1,310,311.0,10.0,1.0,1.0,291.0,1.0,1.0,1.0,0.98842925,1.0,-0.0,0.0,-1.2376273e-05,-0.011558373,0.20798333,3.0220103,0.38432512,3.8649862,0.7599198,5.693502,0.0,7.306644,-3.877297,0.9814815,124.38912,1.0,0.0,0.0,1.0,0.0,0,5.1622496,0.0,0.0,5.4806905,2.9152904,4.596196,0.0,2.8245027,0.8217918,2.5919533
2,310,311.0,10.0,1.0,1.0,292.0,1.0,1.0,1.0,0.9919255,1.0,-0.0,0.0,-1.2941066e-05,-0.008061601,0.12241751,3.0178118,0.23396246,5.3570833,0.73782843,5.1266117,0.0,7.593185,-5.681621,0.9722222,123.56131,1.0,0.0,0.0,1.0,0.0,0,4.700233,0.0,0.0,5.2327933,2.9741914,6.9017787,0.0,3.4037898,1.011276,1.9616437
3,310,311.0,10.0,1.0,1.0,290.0,1.0,1.0,1.0,0.9999861,1.0,-0.0,0.0,-1.3909731e-05,-0.0,0.34768954,3.1358297,0.28254747,3.6381676,0.71150744,4.6783357,1.0,7.7169104,-2.9677804,0.9907407,126.47655,1.0,0.0,0.0,1.0,0.0,0,5.578972,0.0,0.0,6.0694594,3.3664498,5.8597865,0.0,2.4685977,0.75359094,2.5123222
0,311,312.0,10.0,1.0,1.0,292.0,1.0,1.0,1.0,0.98945427,1.0,-0.0,0.0,-1.28808215e-05,-0.010532849,0.18807948,3.019461,0.25405252,4.045493,0.67374057,5.6319704,0.0,8.003956,-4.5198526,0.9814815,125.72721,1.0,0.0,0.0,1.0,0.0,0,4.982786,0.0,0.0,5.5326414,2.9976397,5.932723,0.0,3.148946,1.1204863,2.8478541
1,311,312.0,10.0,1.0,1.0,292.0,1.0,1.0,1.0,0.98808086,1.0,-0.0,0.0,-1.3004162e-05,-0.011906137,0.18195882,2.8710043,0.38398418,3.8755043,0.76215535,5.714368,0.0,7.371767,-5.1566668,0.9814815,125.03895,1.0,0.0,0.0,1.0,0.0,0,5.3888564,0.0,0.0,5.888224,3.124124,4.471248,0.0,3.127621,0.5616205,2.6591425
2,311,312.0,10.0,1.0,1.0,293.0,1.0,1.0,1.0,0.9907293,1.0,-0.0,0.0,-8.732639e-06,-0.009261993,0.1895383,3.105443,0.25337493,5.463739,0.7423978,5.0919795,0.0,7.333099,-5.047748,0.9722222,123.72223,1.0,0.0,0.0,1.0,0.0,0,4.5129514,0.0,0.0,5.0643787,2.50819,7.3988776,0.0,2.3982837,0.5045987,1.8214929
3,311,312.0,10.0,1.0,1.0,291.0,1.0,1.0,1.0,0.9999884,1.0,-0.0,0.0,-1.1649918e-05,-0.0,0.2067469,3.168459,0.30371296,3.7169273,0.7153915,4.648116,1.0,7.854454,-4.4256124,0.9907407,126.694954,1.0,0.0,0.0,1.0,0.0,0,4.936106,0.0,0.0,5.4260798,3.038644,5.9798884,0.0,2.4192455,0.5940306,2.52312
0,312,313.0,10.0,1.0,1.0,293.0,1.0,1.0,1.0,0.99003756,1.0,-0.0,0.0,-8.365786e-06,-0.009954104,0.22059232,3.098725,0.2776305,4.0912895,0.6764259,5.5972457,0.0,7.86654,-4.1983595,0.9814815,125.88029,1.0,0.0,0.0,1.0,0.0,0,4.6352596,0.0,0.0,5.1548223,2.9749417,6.31369,0.0,2.6017594,1.0002215,2.6357114
1,312,313.0,10.0,1.0,1.0,293.0,1.0,1.0,1.0,0.98804885,1.0,-0.0,0.0,-8.449334e-06,-0.011942671,0.22415593,2.951552,0.40753558,3.9224865,0.76719886,5.71656,0.0,7.238986,-4.798636,0.9814815,125.20038,1.0,0.0,0.0,1.0,0.0,0,5.3645487,0.0,0.0,5.9248505,3.0813875,4.6718235,0.0,3.0035136,0.62294245,2.6630428
2,312,313.0,10.0,1.0,1.0,294.0,1.0,1.0,1.0,0.9882073,1.0,-0.0,0.0,-1.1023446e-05,-0.011781714,0.31017438,3.1176038,0.27093303,5.6001825,0.7435836,5.1067195,0.0,7.129675,-3.9262836,0.9722222,124.049545,1.0,0.0,0.0,1.0,0.0,0,4.3861437,0.0,0.0,5.064878,2.7170901,7.2026315,0.0,2.941598,0.3787614,1.9742031
3,312,313.0,10.0,1.0,1.0,292.0,1.0,1.0,1.0,0.9999876,1.0,-0.0,0.0,-1.2380262e-05,-0.0,0.20869449,3.004497,0.29887488,3.7406502,0.71513176,4.637999,1.0,7.8795543,-4.7251515,0.9907407,127.3475,1.0,0.0,0.0,1.0,0.0,0,5.1606402,0.0,0.0,5.6908803,3.1191576,5.789839,0.0,2.6273828,0.61180896,2.4910338
0,313,314.0,10.0,1.0,1.0,294.0,1.0,1.0,1.0,0.989802,1.0,-0.0,0.0,-1.1027721e-05,-0.010186964,0.35470352,3.107153,0.31002453,4.1888604,0.67639107,5.6112175,0.0,7.665262,-2.9033105,0.9814815,126.220634,1.0,0.0,0.0,1.0,0.0,0,5.119445,0.0,0.0,5.636903,3.043452,6.0381536,0.0,3.0208,0.71163183,2.9059987
1,313,314.0,10.0,1.0,1.0,294.0,1.0,1.0,1.0,0.9888669,1.0,-0.0,0.0,-1.1185809e-05,-0.011121867,0.35750383,2.9657595,0.43803403,4.0253177,0.7680831,5.6673117,0.0,7.0805564,-2.568759,0.9814815,125.54317,1.0,0.0,0.0,1.0,0.0,0,5.323619,0.0,0.0,5.6385984,3.0918937,4.49899,0.0,2.7072537,0.6432223,2.6508968
2,313,314.0,10.0,1.0,1.0,295.0,1.0,1.0,1.0,0.9854752,1.0,-0.0,0.0,-1.2548793e-05,-0.014512246,0.36094487,3.1494002,0.29059565,5.6856575,0.74880195,5.185076,0.0,7.04545,-2.4559023,0.9722222,124.36359,1.0,0.0,0.0,1.0,0.0,0,4.455722,0.0,0.0,5.0173764,2.4598596,7.21059,0.0,3.2670324,0.5414172,2.1516888
3,313,314.0,10.0,1.0,1.0,293.0,1.0,1.0,1.0,0.99999183,1.0,-0.0,0.0,-8.191504e-06,-0.0,0.25784636,3.0884202,0.32450786,3.8158607,0.7181017,4.609893,1.0,7.7348456,-4.2208776,0.9907407,127.50783,1.0,0.0,0.0,1.0,0.0,0,5.0622773,0.0,0.0,5.6758785,2.8545697,5.933126,0.0,2.5102289,0.5591148,2.5949018
0,314,315.0,10.0,1.0,1.0,295.0,1.0,1.0,1.0,0.9916416,1.0,-0.0,0.0,-1.0527439e-05,-0.008347878,0.4557185,3.1386533,0.3530809,4.3068104,0.6770977,5.500872,0.0,7.490459,-1.5914831,0.9814815,126.555275,1.0,0.0,0.0,1.0,0.0,0,5.075726,0.0,0.0,5.6021395,3.0532477,6.110512,0.0,2.764833,0.63439804,2.672952
1,314,315.0,10.0,1.0,1.0,295.0,1.0,1.0,1.0,0.9898488,1.0,-0.0,0.0,-1.0761648e-05,-0.010140433,0.44924057,3.0005736,0.47293013,4.1286225,0.7670646,5.6084256,0.0,6.991116,-2.1662014,0.9814815,125.86753,1.0,0.0,0.0,1.0,0.0,0,5.707923,0.0,0.0,5.792498,3.233457,4.6104765,0.0,2.765424,0.37534907,2.5015423
2,314,315.0,10.0,1.0,1.0,296.0,1.0,1.0,1.0,0.9870623,1.0,-0.0,0.0,-1.1270188e-05,-0.012926482,0.4689548,2.9897947,0.30797428,5.640584,0.7521175,5.135004,0.0,7.408831,-2.0414264,0.9722222,124.84591,1.0,0.0,0.0,1.0,0.0,0,4.984129,0.0,0.0,5.0181084,3.5454237,7.6347995,0.0,2.7745614,0.35179555,1.6301124
3,314,315.0,10.0,1.0,1.0,294.0,1.0,1.0,1.0,0.9999894,1.0,-0.0,0.0,-1.0591834e-05,-0.0,0.36381856,3.0973775,0.34545398,3.9232843,0.71852785,4.584519,1.0,7.6088314,-3.2144525,0.9907407,127.838776,1.0,0.0,0.0,1.0,0.0,0,5.197479,0.0,0.0,5.6798596,2.928916,5.959195,0.0,2.557684,0.4799426,2.510463
0,315,316.0,10.0,1.0,1.0,296.0,1.0,1.0,1.0,0.99103814,1.0,-0.0,0.0,-1.1030089e-05,-0.008950835,0.5571872,2.9265656,0.38904494,4.1411185,0.6796916,5.53705,0.0,7.785026,-0.36757624,0.9814815,127.0863,1.0,0.0,0.0,1.0,0.0,0,4.9458613,0.0,0.0,5.3016024,3.153446,6.133296,0.0,2.858811,0.6331014,2.9255548
1,315,316.0,10.0,1.0,1.0,296.0,1.0,1.0,1.0,0.9907251,1.0,-0.0,0.0,-1.3492198e-05,-0.009261416,0.58368295,2.7644756,0.54100347,4.040846,0.7687457,5.5556846,0.0,7.157576,-0.11579413,0.9814815,126.41608,1.0,0.0,0.0,1.0,0.0,0,6.060957,0.0,0.0,5.4475894,3.388417,4.654523,0.0,2.9809957,0.40687263,2.4767246
2,315,316.0,10.0,1.0,1.0,297.0,1.0,1.0,1.0,0.982936,1.0,-0.0,0.0,-1.2778375e-05,-0.017051226,0.566642,3.0899138,0.30868182,5.8104362,0.7586523,5.212636,0.0,7.0704646,-0.39231685,0.9722222,125.26334,1.0,0.0,0.0,1.0,0.0,0,4.417248,0.0,0.0,5.4091144,2.4318793,7.4343243,0.0,3.4551563,0.48915386,2.242382
3,315,316.0,10.0,1.0,1.0,295.0,1.0,1.0,1.0,0.99998754,1.0,-0.0,0.0,-1.2446119e-05,-0.0,0.4323777,3.129445,0.37569878,4.0266786,0.72153395,4.531272,1.0,7.511884,-1.9659559,0.9907407,128.17032,1.0,0.0,0.0,1.0,0.0,0,5.1788383,0.0,0.0,5.7330246,3.0529103,6.1383724,0.0,2.510279,0.5886716,2.4935367
0,316,317.0,10.0,1.0,1.0,297.0,1.0,1.0,1.0,0.9905798,1.0,-0.0,0.0,-1.093073e-05,-0.009409282,0.67778194,3.0114505,0.41497493,4.3422923,0.683362,5.5645566,0.0,7.403109,1.0875295,0.9814815,127.527855,1.0,0.0,0.0,1.0,0.0,0,5.6025815,0.0,0.0,6.511631,2.6211224,5.9157243,0.0,3.4341955,0.7199519,3.1027684
1,316,317.0,10.0,1.0,1.0,297.0,1.0,1.0,1.0,0.9914606,1.0,-0.0,0.0,-1.6093454e-05,-0.008523265,0.7122464,2.7970533,0.6111287,4.4582915,0.77367836,5.5113955,0.0,6.809736,0.38515496,0.9814815,126.894905,1.0,0.0,0.0,1.0,0.0,0,5.962718,0.0,0.0,5.988714,3.4187698,4.766356,0.0,3.3037238,0.2749755,2.2553122
2,316,317.0,10.0,1.0,1.0,298.0,1.0,1.0,1.0,0.9841007,1.0,-0.0,0.0,-1.2498914e-05,-0.01588677,0.38452744,2.9043522,0.35502118,5.7440248,0.76604396,5.2091804,0.0,7.2831097,-3.1107414,0.9722222,125.88107,1.0,0.0,0.0,1.0,0.0,0,4.308881,0.0,0.0,4.4995446,2.6744418,7.647732,0.0,3.3096077,0.2221881,2.3154411
3,316,317.0,10.0,1.0,1.0,296.0,1.0,1.0,1.0,0.999989,1.0,-0.0,0.0,-1.100736e-05,-0.0,0.53448117,2.9380863,0.41106418,3.956071,0.72359765,4.600543,1.0,7.805924,-1.3139453,0.9907407,128.68391,1.0,0.0,0.0,1.0,0.0,0,5.9721394,0.0,0.0,5.6142516,3.6608613,5.9545655,0.0,2.7354538,0.98125863,2.7580895
0,317,318.0,10.0,1.0,1.0,298.0,1.0,1.0,1.0,0.9907006,1.0,-0.0,0.0,-9.784978e-06,-0.009289598,0.45460016,2.8731682,0.41218257,4.181565,0.6886693,5.5573754,0.0,7.8438263,-1.8330365,0.9814815,128.07541,1.0,0.0,0.0,1.0,0.0,0,4.550834,0.0,0.0,4.6046524,2.8282876,6.438462,0.0,2.8005462,0.74210554,2.9853482
1,317,318.0,10.0,1.0,1.0,298.0,1.0,1.0,1.0,0.9918793,1.0,-0.0,0.0,-1.2758205e-05,-0.008107968,0.40111804,2.7105746,0.5547619,4.115138,0.7792934,5.486478,0.0,7.4012275,-2.9168465,0.9814815,127.3894,1.0,0.0,0.0,1.0,0.0,0,5.942289,0.0,0.0,4.5413218,2.7728853,4.6687765,0.0,3.1843345,0.3450956,2.5931153
2,317,318.0,10.0,1.0,1.0,299.0,1.0,1.0,1.0,0.98814744,1.0,-0.0,0.0,-1.3700884e-05,-0.011838831,0.39171502,3.0866947,0.29158604,5.4930387,0.7729817,5.2172904,0.0,7.821223,-3.0015512,0.9722222,126.15384,1.0,0.0,0.0,1.0,0.0,0,4.814716,0.0,0.0,5.591631,2.4041696,7.4342923,0.0,3.7057884,0.25097302,2.3583803
3,317,318.0,10.0,1.0,1.0,297.0,1.0,1.0,1.0,0.9999898,1.0,-0.0,0.0,-1.0206451e-05,-0.0,0.64606595,3.0167491,0.42525837,4.1884866,0.72695965,4.668452,1.0,7.4920306,0.8774195,0.9907407,129.1369,1.0,0.0,0.0,1.0,0.0,0,5.120813,0.0,0.0,6.127302,2.7605333,5.982722,0.0,3.060763,1.343898,2.8981385
0,318,319.0,10.0,1.0,1.0,299.0,1.0,1.0,1.0,0.9901257,1.0,-0.0,0.0,-1.1137401e-05,-0.0098631345,0.4398752,3.0139925,0.35263595,4.023372,0.6910253,5.591788,0.0,8.385366,-1.9308934,0.9814815,128.38748,1.0,0.0,0.0,1.0,0.0,0,6.100867,0.0,0.0,5.7280707,3.0402198,5.8899736,0.0,3.7675037,0.6921729,3.1819305
1,318,319.0,10.0,1.0,1.0,299.0,1.0,1.0,1.0,0.9924029,1.0,-0.0,0.0,-1.3864345e-05,-0.007583189,0.35651252,2.8237996,0.507629,3.904082,0.7851534,5.454991,0.0,7.880875,-3.2624285,0.9814815,127.72447,1.0,0.0,0.0,1.0,0.0,0,6.8269463,0.0,0.0,5.7267838,3.135986,4.50777,0.0,3.5367281,0.32552522,2.6107924
2,318,319.0,10.0,1.0,1.0,300.0,1.0,1.0,1.0,0.98643285,1.0,-0.0,0.0,-9.7452075e-06,-0.013557434,0.26070958,2.9247282,0.3356884,5.6018605,0.7769312,5.2115846,0.0,7.779578,-4.2130594,0.9722222,126.73387,1.0,0.0,0.0,1.0,0.0,0,4.2035537,0.0,0.0,4.257224,2.568937,7.4861155,0.0,3.1761963,0.22202168,2.2071323
3,318,319.0,10.0,1.0,1.0,298.0,1.0,1.0,1.0,0.9999908,1.0,-0.0,0.0,-9.206367e-06,-0.0,0.47358757,2.8552995,0.44506076,4.0943494,0.7322164,4.6593876,1.0,7.726391,-1.9553369,0.9907407,129.70155,1.0,0.0,0.0,1.0,0.0,0,4.9765673,0.0,0.0,4.947524,2.5967345,6.4967155,0.0,2.5406287,0.8055329,2.9305162
0,319,320.0,10.0,1.0,1.0,300.0,1.0,1.0,1.0,0.9903505,1.0,-0.0,0.0,-8.374011e-06,-0.00964116,0.3435027,2.8850765,0.3773096,4.1117125,0.6947646,5.5784693,0.0,8.3627615,-2.802713,0.9814815,128.90714,1.0,0.0,0.0,1.0,0.0,0,5.3280883,0.0,0.0,4.7454815,2.8058622,5.833014,0.0,3.7842832,0.63968134,3.2124398
1,319,320.0,10.0,1.0,1.0,300.0,1.0,1.0,1.0,0.9934409,1.0,-0.0,0.0,-1.04406345e-05,-0.006548643,0.3182214,2.7234354,0.5226702,3.9706872,0.78662187,5.392918,0.0,7.6454964,-3.7258174,0.9814815,128.20645,1.0,0.0,0.0,1.0,0.0,0,6.5448446,0.0,0.0,5.179525,3.1699948,5.4704156,0.0,3.767511,0.1653757,2.1988702
2,319,320.0,10.0,1.0,1.0,301.0,1.0,1.0,1.0,0.9873662,1.0,-0.0,0.0,-1.1981704e-05,-0.0126218265,0.35940892,3.109139,0.28929242,5.498167,0.78170776,5.2591414,0.0,8.208509,-3.2458594,0.9722222,126.9503,1.0,0.0,0.0,1.0,0.0,0,4.526247,0.0,0.0,5.188925,2.5963712,7.1468735,0.0,3.8026662,0.4268582,2.4041822
3,319,320.0,10.0,1.0,1.0,299.0,1.0,1.0,1.0,0.99998957,1.0,-0.0,0.0,-1.0442645e-05,-0.0,0.46004653,3.047506,0.36168087,3.8074405,0.7349129,4.640193,1.0,8.199846,-1.9690981,0.9907407,129.99368,1.0,0.0,0.0,1.0,0.0,0,5.048782,0.0,0.0,5.206121,2.6690354,6.1288633,0.0,2.9943051,0.583191,2.9407036
0,320,321.0,10.0,1.0,1.0,301.0,1.0,1.0,1.0,0.99147874,1.0,-0.0,0.0,-9.852958e-06,-0.008511426,0.5040545,3.04114,0.3593225,4.148107,0.69831336,5.510685,0.0,8.561762,-1.2245644,0.9814815,129.16838,1.0,0.0,0.0,1.0,0.0,0,6.5099964,0.0,0.0,5.9260483,3.1446164,6.108876,0.0,3.4804816,0.4376677,2.9890966
1,320,321.0,10.0,1.0,1.0,301.0,1.0,1.0,1.0,0.99357754,1.0,-0.0,0.0,-1.18903345e-05,-0.006410609,0.52508974,2.8051364,0.5661369,4.0676856,0.7942822,5.384636,0.0,7.504723,-1.8209312,0.9814815,128.54088,1.0,0.0,0.0,1.0,0.0,0,7.074148,0.0,0.0,6.1297307,3.3517387,4.3863893,0.0,3.8506944,0.2855967,2.689042
2,320,321.0,10.0,1.0,1.0,302.0,1.0,1.0,1.0,0.98053443,1.0,-0.0,0.0,-1.0777879e-05,-0.019454755,0.39556324,3.05434,0.3708345,5.855407,0.787562,5.3118773,0.0,7.633321,-2.598975,0.9722222,127.480316,1.0,0.0,0.0,1.0,0.0,0,4.640747,0.0,0.0,4.4107084,2.6950154,7.1579833,0.0,3.891678,0.6154815,2.4784827
3,320,321.0,10.0,1.0,1.0,300.0,1.0,1.0,1.0,0.9999908,1.0,-0.0,0.0,-9.178197e-06,-0.0,0.3149826,2.8891392,0.40050656,3.8340762,0.73752564,4.7327414,1.0,8.359356,-3.312774,0.9907407,130.56523,1.0,0.0,0.0,1.0,0.0,0,4.955318,0.0,0.0,4.617095,2.6493108,6.1479535,0.0,3.4562285,1.1560386,3.0645676
0,321,322.0,10.0,1.0,1.0,302.0,1.0,1.0,1.0,0.99113744,1.0,-0.0,0.0,-1.07051055e-05,-0.008851797,0.5228914,3.0284579,0.41992176,4.285125,0.7024703,5.5311074,0.0,8.2593975,-0.30134526,0.9814815,129.63046,1.0,0.0,0.0,1.0,0.0,0,5.502232,0.0,0.0,4.689031,2.8323581,5.938892,0.0,3.9297495,0.5130044,3.2968385
1,321,322.0,10.0,1.0,1.0,302.0,1.0,1.0,1.0,0.993967,1.0,-0.0,0.0,-1.34194315e-05,-0.0060195806,0.4960481,2.8219044,0.59131116,4.287681,0.8013626,5.3611746,0.0,7.5340037,-0.61397535,0.9814815,129.00163,1.0,0.0,0.0,1.0,0.0,0,5.758828,0.0,0.0,4.6024356,2.8154294,4.4259152,0.0,3.846165,0.40302813,2.723053
2,321,322.0,10.0,1.0,1.0,303.0,1.0,1.0,1.0,0.9848921,1.0,-0.0,0.0,-9.92085e-06,-0.015098055,0.4002366,2.9805145,0.35685438,5.72942,0.7893433,5.176462,0.0,7.8429494,-1.9341316,0.9722222,127.9636,1.0,0.0,0.0,1.0,0.0,0,6.292515,0.0,0.0,6.1998234,3.182272,8.045733,0.0,3.1940029,0.18412392,1.6684155
3,321,322.0,10.0,1.0,1.0,301.0,1.0,1.0,1.0,0.9999902,1.0,-0.0,0.0,-9.784831e-06,-0.0,0.40697902,3.0684562,0.3514044,3.8619466,0.7386438,4.6681166,1.0,8.796606,-2.2892756,0.9907407,130.80579,1.0,0.0,0.0,1.0,0.0,0,6.03461,0.0,0.0,5.8610773,2.9575555,6.6440425,0.0,2.762643,0.4420516,2.8086798
0,322,323.0,10.0,1.0,1.0,303.0,1.0,1.0,1.0,0.992909,1.0,-0.0,0.0,-1.1554487e-05,-0.007079427,0.4175037,2.9534035,0.38863704,4.184373,0.70741653,5.424765,0.0,8.7174225,-1.0993313,0.9814815,130.09514,1.0,0.0,0.0,1.0,0.0,0,6.4819355,0.0,0.0,6.1387715,3.1360867,6.104827,0.0,3.6216347,0.31547233,3.201972
1,322,323.0,10.0,1.0,1.0,303.0,1.0,1.0,1.0,0.9953654,1.0,-0.0,0.0,-1.34366655e-05,-0.0046212277,0.33557004,2.7435129,0.5492974,3.8861952,0.8032486,5.277273,0.0,8.049227,-2.2773492,0.9814815,129.46269,1.0,0.0,0.0,1.0,0.0,0,6.524918,0.0,0.0,5.4257894,3.3406906,5.013514,0.0,4.3835745,0.17628081,2.5272021
2,322,323.0,10.0,1.0,1.0,304.0,1.0,1.0,1.0,0.97982246,1.0,-0.0,0.0,-1.0258836e-05,-0.020167308,0.40557012,2.9667687,0.40446228,6.022848,0.7916077,5.1871896,0.0,7.470654,-2.6884153,0.9722222,128.37228,1.0,0.0,0.0,1.0,0.0,0,4.6016974,0.0,0.0,4.233565,2.472092,7.153975,0.0,3.8949773,0.22733785,2.2923906
3,322,323.0,10.0,1.0,1.0,302.0,1.0,1.0,1.0,0.99999046,1.0,-0.0,0.0,-9.550204e-06,-0.0,0.4313983,3.0382123,0.41599488,3.9394133,0.7433816,4.6769967,1.0,8.508008,-0.87972546,0.9907407,131.27928,1.0,0.0,0.0,1.0,0.0,0,5.257215,0.0,0.0,4.751215,2.7442143,6.286929,0.0,3.1076272,0.4427497,3.0684056
0,323,324.0,10.0,1.0,1.0,304.0,1.0,1.0,1.0,0.9923173,1.0,-0.0,0.0,-1.1027836e-05,-0.007671654,0.335633,2.975226,0.3745375,4.208996,0.71356905,5.460299,0.0,8.823163,-2.5802655,0.9814815,130.51193,1.0,0.0,0.0,1.0,0.0,0,5.5635033,0.0,0.0,4.605265,2.6377113,5.9733653,0.0,4.2017465,0.47395048,3.4159987
1,323,324.0,10.0,1.0,1.0,304.0,1.0,1.0,1.0,0.99637413,1.0,-0.0,0.0,-1.1890523e-05,-0.0036140024,0.34955555,2.7457557,0.5563315,3.9354374,0.8066099,5.21684,0.0,7.8175573,-3.1968634,0.9814815,129.8335,1.0,0.0,0.0,1.0,0.0,0,6.9957995,0.0,0.0,5.377445,3.0199878,4.989073,0.0,4.887322,0.20289534,2.672307
2,323,324.0,10.0,1.0,1.0,305.0,1.0,1.0,1.0,0.986928,1.0,-0.0,0.0,-1.4092305e-05,-0.013057949,0.42034203,3.1255488,0.32318395,5.5821176,0.79896265,5.201359,0.0,8.187027,-2.2941492,0.9722222,128.49039,1.0,0.0,0.0,1.0,0.0,0,5.8906116,0.0,0.0,5.5387464,2.9819221,7.3560834,0.0,3.8296156,0.1939195,2.4459486
3,323,324.0,10.0,1.0,1.0,303.0,1.0,1.0,1.0,0.99998677,1.0,-0.0,0.0,-1.320599e-05,-0.0,0.36564583,2.9735994,0.3912562,3.9608176,0.7475677,4.7189918,1.0,8.874801,-1.2252592,0.9907407,131.74615,1.0,0.0,0.0,1.0,0.0,0,6.1714,0.0,0.0,5.993903,3.252933,6.237147,0.0,3.566867,0.48787653,3.2278082
0,324,325.0,10.0,1.0,1.0,305.0,1.0,1.0,1.0,0.9916231,1.0,-0.0,0.0,-1.2427125e-05,-0.008364491,0.3883049,3.0449152,0.3455666,4.3071737,0.71955466,5.501869,0.0,9.312069,-1.9082967,0.9814815,130.68991,1.0,0.0,0.0,1.0,0.0,0,6.5386033,0.0,0.0,6.0145583,3.134019,5.974279,0.0,4.4703646,0.45761278,3.5346885
1,324,325.0,10.0,1.0,1.0,305.0,1.0,1.0,1.0,0.9957184,1.0,-0.0,0.0,-1.2134395e-05,-0.0042693946,0.46924686,2.7925546,0.5695363,3.997802,0.81594384,5.256163,0.0,7.912469,-1.9342433,0.9814815,130.06827,1.0,0.0,0.0,1.0,0.0,0,6.9372945,0.0,0.0,5.96709,3.3034708,4.3437076,0.0,4.548504,0.3244716,2.9143934
2,324,325.0,10.0,1.0,1.0,306.0,1.0,1.0,1.0,0.985299,1.0,-0.0,0.0,-1.3142062e-05,-0.014687916,0.21612495,3.2292776,0.34977818,5.717381,0.8031923,5.1638927,0.0,7.949322,-3.8588512,0.9722222,128.8436,1.0,0.0,0.0,1.0,0.0,0,5.176332,0.0,0.0,5.362347,3.360005,8.373577,0.0,4.154759,0.37688035,2.2401288
3,324,325.0,10.0,1.0,1.0,304.0,1.0,1.0,1.0,0.9999884,1.0,-0.0,0.0,-1.1601848e-05,-0.0,0.32064354,2.946231,0.41994685,3.980926,0.7541752,4.761603,1.0,8.696893,-2.955799,0.9907407,132.20807,1.0,0.0,0.0,1.0,0.0,0,5.29905,0.0,0.0,4.72063,2.4799528,6.318748,0.0,3.7250957,0.8940667,3.318766
0,325,326.0,10.0,1.0,1.0,306.0,1.0,1.0,1.0,0.9930682,1.0,-0.0,0.0,-1.1260437e-05,-0.0069205114,0.21462478,3.1611192,0.37293577,4.2414207,0.7236186,5.4152303,0.0,8.9002,-3.496169,0.9814815,131.02142,1.0,0.0,0.0,1.0,0.0,0,6.0448666,0.0,0.0,4.951511,3.0425239,6.498054,0.0,4.0376334,0.21892104,3.1606421
1,325,326.0,10.0,1.0,1.0,306.0,1.0,1.0,1.0,0.9972958,1.0,-0.0,0.0,-1.3103212e-05,-0.002691116,0.34355447,2.9268992,0.58806056,4.104662,0.8158898,5.1614666,0.0,7.701942,-3.1637466,0.9814815,130.39465,1.0,0.0,0.0,1.0,0.0,0,6.0058565,0.0,0.0,5.5723324,3.2830522,5.662465,0.0,4.625712,0.22821213,2.4439158
2,325,326.0,10.0,1.0,1.0,307.0,1.0,1.0,1.0,0.98656857,1.0,-0.0,0.0,-1.137386e-05,-0.013420062,0.46209618,3.156274,0.3092258,5.597526,0.809139,5.207677,0.0,8.396202,-1.3352633,0.9722222,129.11838,1.0,0.0,0.0,1.0,0.0,0,6.1050997,0.0,0.0,5.6592474,3.061891,6.6929207,0.0,4.4183903,0.119922385,2.516252
3,325,326.0,10.0,1.0,1.0,305.0,1.0,1.0,1.0,0.9999905,1.0,-0.0,0.0,-9.468866e-06,-0.0,0.38991868,3.0462012,0.37959978,4.022594,0.75930506,4.7999234,1.0,9.155901,-2.0929034,0.9907407,132.36014,1.0,0.0,0.0,1.0,0.0,0,6.236489,0.0,0.0,5.934914,3.046816,6.2272105,0.0,4.1260176,0.93385327,3.3970604
0,326,327.0,10.0,1.0,1.0,307.0,1.0,1.0,1.0,0.99227333,1.0,-0.0,0.0,-1.1972588e-05,-0.00771467,0.46510065,3.0215669,0.37874147,4.277628,0.7312435,5.4628797,0.0,9.083914,-0.71420985,0.9814815,131.34607,1.0,0.0,0.0,1.0,0.0,0,6.5800676,0.0,0.0,6.112312,3.1285203,6.100695,0.0,4.7032623,0.37423193,3.6609936
1,326,327.0,10.0,1.0,1.0,307.0,1.0,1.0,1.0,0.9964182,1.0,-0.0,0.0,-1.2869313e-05,-0.003568973,0.49656296,2.7865543,0.5832177,4.018115,0.8250622,5.214138,0.0,7.9705315,-1.0714391,0.9814815,130.74654,1.0,0.0,0.0,1.0,0.0,0,6.7913585,0.0,0.0,5.8204136,3.263538,4.402069,0.0,4.589839,0.41695583,2.8988152
2,326,327.0,10.0,1.0,1.0,308.0,1.0,1.0,1.0,0.9822686,1.0,-0.0,0.0,-1.25180795e-05,-0.017718934,0.28263664,3.219512,0.3505265,5.847646,0.8157882,5.215489,0.0,7.9443574,-3.1181564,0.9722222,129.41776,1.0,0.0,0.0,1.0,0.0,0,5.252478,0.0,0.0,4.8040276,3.036852,7.118233,0.0,3.6379209,0.3242481,1.8772569
3,326,327.0,10.0,1.0,1.0,306.0,1.0,1.0,1.0,0.99999124,1.0,-0.0,0.0,-8.783817e-06,-0.0,0.18251799,3.1483576,0.39957738,4.0319242,0.76400477,4.680009,1.0,8.90876,-3.7946553,0.9907407,132.66737,1.0,0.0,0.0,1.0,0.0,0,5.494886,0.0,0.0,4.8812456,2.91772,6.773851,0.0,3.428997,0.37609702,3.1296916
0,327,328.0,10.0,1.0,1.0,308.0,1.0,1.0,1.0,0.9915046,1.0,-0.0,0.0,-1.2383686e-05,-0.008483009,0.27613902,3.1300213,0.39007574,4.3169775,0.73760206,5.5089803,0.0,8.809125,-3.3329184,0.9814815,131.6275,1.0,0.0,0.0,1.0,0.0,0,5.8205795,0.0,0.0,5.358508,2.754601,6.0372853,0.0,4.503807,0.51797307,3.7155879
1,327,328.0,10.0,1.0,1.0,308.0,1.0,1.0,1.0,0.9976943,1.0,-0.0,0.0,-1.2417563e-05,-0.0022932715,0.31979382,2.9157786,0.5705413,4.02804,0.82955074,5.1375957,0.0,7.86921,-2.5817547,0.9814815,131.02516,1.0,0.0,0.0,1.0,0.0,0,6.139977,0.0,0.0,6.289515,3.563274,6.207419,0.0,4.748117,0.32648608,2.361433
2,327,328.0,10.0,1.0,1.0,309.0,1.0,1.0,1.0,0.985658,1.0,-0.0,0.0,-1.1961767e-05,-0.014330057,0.41918457,3.2407825,0.29781634,5.6254325,0.82017136,5.23437,0.0,8.591417,-1.9257702,0.9722222,129.54942,1.0,0.0,0.0,1.0,0.0,0,5.8333845,0.0,0.0,5.5316854,2.912805,6.645395,0.0,4.361591,0.14837994,2.5079923
3,327,328.0,10.0,1.0,1.0,307.0,1.0,1.0,1.0,0.99998873,1.0,-0.0,0.0,-1.1268319e-05,-0.0,0.43583363,3.0761125,0.36956123,4.1322236,0.76859057,4.7148423,1.0,9.326789,-1.0808492,0.9907407,132.94394,1.0,0.0,0.0,1.0,0.0,0,6.1486936,0.0,0.0,6.0494776,3.0604818,6.399101,0.0,4.0044575,0.38095063,3.411946
0,328,329.0,10.0,1.0,1.0,309.0,1.0,1.0,1.0,0.9913306,1.0,-0.0,0.0,-8.85223e-06,-0.008660494,0.41247344,3.107729,0.34626904,4.3430133,0.7434237,5.5196295,0.0,9.331929,-1.573816,0.9814815,131.78566,1.0,0.0,0.0,1.0,0.0,0,6.49592,0.0,0.0,5.941095,3.1159444,5.94411,0.0,4.7918763,0.35911444,3.7423942
1,328,329.0,10.0,1.0,1.0,309.0,1.0,1.0,1.0,0.9967077,1.0,-0.0,0.0,-1.1612217e-05,-0.0032806892,0.4886441,2.8826623,0.5425446,3.9930995,0.83722997,5.196841,0.0,8.221631,-1.3278769,0.9814815,131.1795,1.0,0.0,0.0,1.0,0.0,0,6.995286,0.0,0.0,6.070551,3.2761574,4.269549,0.0,4.8326225,0.35019705,3.0542803
2,328,329.0,10.0,1.0,1.0,310.0,1.0,1.0,1.0,0.98406774,1.0,-0.0,0.0,-1.1824143e-05,-0.01592046,0.48603266,3.275022,0.28994355,5.6362786,0.8260629,5.3189483,0.0,8.401908,-1.3930612,0.9722222,129.64159,1.0,0.0,0.0,1.0,0.0,0,6.2376657,0.0,0.0,5.9111915,3.1406214,6.5544677,0.0,4.7457933,0.49959087,2.6215818
3,328,329.0,10.0,1.0,1.0,308.0,1.0,1.0,1.0,0.99998814,1.0,-0.0,0.0,-1.1886903e-05,-0.0,0.26106948,3.1502683,0.39980343,4.098745,0.7755053,4.754857,1.0,8.930697,-3.0803783,0.9907407,133.23463,1.0,0.0,0.0,1.0,0.0,0,5.3303666,0.0,0.0,5.0905094,2.8218286,6.3829064,0.0,4.1403418,0.60833806,3.531733
0,329,330.0,10.0,1.0,1.0,310.0,1.0,1.0,1.0,0.9909417,1.0,-0.0,0.0,-1.0892352e-05,-0.009047418,0.50230473,3.1937547,0.3184778,4.3645906,0.7496286,5.542845,0.0,9.161949,-0.59210414,0.9814815,131.91547,1.0,0.0,0.0,1.0,0.0,0,7.5647717,0.0,0.0,6.4961386,3.189503,5.971056,0.0,5.0095716,0.49577755,3.8475707
1,329,330.0,10.0,1.0,1.0,310.0,1.0,1.0,1.0,0.99634975,1.0,-0.0,0.0,-1.3691124e-05,-0.0036365208,0.5572256,2.9752145,0.51568055,3.998389,0.8435495,5.2181907,0.0,8.079512,-0.5400423,0.9814815,131.28604,1.0,0.0,0.0,1.0,0.0,0,7.630669,0.0,0.0,6.5721736,3.3424246,4.2262707,0.0,4.888762,0.53589267,3.083975
2,329,330.0,10.0,1.0,1.0,311.0,1.0,1.0,1.0,0.98538345,1.0,-0.0,0.0,-1.1148917e-05,-0.014605413,0.50247383,3.5596502,0.30271226,5.687172,0.83322495,5.189152,0.0,8.228649,-1.2454503,0.9722222,130.71417,1.0,0.0,0.0,1.0,0.0,0,6.168375,0.0,0.0,5.7865357,3.1347587,7.5611143,0.0,3.5572402,0.19774109,2.0029557
3,329,330.0,10.0,1.0,1.0,309.0,1.0,1.0,1.0,0.9999905,1.0,-0.0,0.0,-9.46443e-06,-0.0,0.4221417,3.150183,0.36531335,4.16487,0.7814835,4.7891455,1.0,9.369993,-1.5441533,0.9907407,133.38681,1.0,0.0,0.0,1.0,0.0,0,6.132667,0.0,0.0,6.1523495,3.0420616,6.2671013,0.0,4.3782654,0.49797952,3.5796988
0,330,331.0,10.0,1.0,1.0,311.0,1.0,1.0,1.0,0.99253666,1.0,-0.0,0.0,-1.1796211e-05,-0.0074515156,0.52150077,3.463002,0.33276606,4.3575897,0.75668365,5.4470906,0.0,9.003986,-0.6542718,0.9814815,132.99686,1.0,0.0,0.0,1.0,0.0,0,7.268489,0.0,0.0,6.2001905,3.2682805,6.752174,0.0,4.0422344,0.26955414,3.3418732
1,330,331.0,10.0,1.0,1.0,311.0,1.0,1.0,1.0,0.99565554,1.0,-0.0,0.0,-1.0537576e-05,-0.004333926,0.5303398,3.204804,0.5040532,3.9919236,0.8481118,5.260035,0.0,8.1238575,-0.94900745,0.9814815,132.38217,1.0,0.0,0.0,1.0,0.0,0,7.4395027,0.0,0.0,6.2178855,3.4173212,5.011331,0.0,4.3383913,1.0413513,2.8559868
2,330,331.0,10.0,1.0,1.0,312.0,1.0,1.0,1.0,0.9846296,1.0,-0.0,0.0,-1.5615098e-05,-0.015354806,0.17672256,3.397805,0.3273486,5.7380238,0.8336415,5.183264,0.0,8.304136,-2.936503,0.9722222,131.38922,1.0,0.0,0.0,1.0,0.0,0,5.4646454,0.0,0.0,4.669404,2.6999342,7.0269094,0.0,4.2766438,0.3922937,2.2835433
3,330,331.0,10.0,1.0,1.0,310.0,1.0,1.0,1.0,0.99998903,1.0,-0.0,0.0,-1.0961305e-05,-0.0,0.47481954,3.2257915,0.3294516,4.1978216,0.78804576,4.837617,1.0,9.340392,-0.9492198,0.9907407,133.51178,1.0,0.0,0.0,1.0,0.0,0,5.8184257,0.0,0.0,6.157857,2.9291725,6.2217116,0.0,4.7403426,0.8121574,3.6942427
0,331,332.0,10.0,1.0,1.0,312.0,1.0,1.0,1.0,0.9941705,1.0,-0.0,0.0,-1.7019092e-05,-0.0058124484,0.2270095,3.2720253,0.3761689,4.3242254,0.75992036,5.3487463,0.0,8.999883,-2.475161,0.9814815,133.69281,1.0,0.0,0.0,1.0,0.0,0,6.4473844,0.0,0.0,5.13229,2.822132,6.2875333,0.0,4.322927,0.2592759,3.680445
1,331,332.0,10.0,1.0,1.0,312.0,1.0,1.0,1.0,0.99561775,1.0,-0.0,0.0,-1.1165771e-05,-0.004371129,0.16824678,3.0495758,0.49715215,3.9756129,0.8520297,5.262267,0.0,8.350307,-3.9754286,0.9814815,133.0533,1.0,0.0,0.0,1.0,0.0,0,6.6326,0.0,0.0,5.1789513,2.934892,4.727769,0.0,4.7306437,0.9453933,3.0142984
2,331,332.0,10.0,1.0,1.0,313.0,1.0,1.0,1.0,0.98511547,1.0,-0.0,0.0,-1.2445185e-05,-0.014872074,0.049167685,3.5231023,0.2558559,5.635862,0.83940643,5.2564616,0.0,9.303961,-4.6388807,0.9722222,132.03119,1.0,0.0,0.0,1.0,0.0,0,6.4839706,0.0,0.0,5.902998,2.8433547,6.8345485,0.0,4.55193,0.58427185,2.369333
3,331,332.0,10.0,1.0,1.0,311.0,1.0,1.0,1.0,0.99998987,1.0,-0.0,0.0,-1.0132911e-05,-0.0,0.46588033,3.500098,0.33163944,4.200059,0.7930065,4.794374,1.0,9.301722,-1.1531031,0.9907407,134.59601,1.0,0.0,0.0,1.0,0.0,0,5.8004465,0.0,0.0,6.0552707,3.0246327,7.2494087,0.0,3.6999118,0.3420323,3.3800957
0,332,333.0,10.0,1.0,1.0,313.0,1.0,1.0,1.0,0.99479866,1.0,-0.0,0.0,-1.3188876e-05,-0.0051881406,0.15360042,3.3388245,0.324854,4.483507,0.7642825,5.311288,0.0,9.685862,-2.7213478,0.9814815,134.29034,1.0,0.0,0.0,1.0,0.0,0,7.101385,0.0,0.0,6.2485414,3.2609687,6.066264,0.0,4.6748433,0.26282084,3.7187614
1,332,333.0,10.0,1.0,1.0,313.0,1.0,1.0,1.0,0.9955269,1.0,-0.0,0.0,-1.0250791e-05,-0.0044628386,0.047757663,3.1455274,0.43618795,4.4716177,0.85537845,5.26777,0.0,9.335868,-4.3265586,0.9814815,133.65616,1.0,0.0,0.0,1.0,0.0,0,7.013695,0.0,0.0,5.987678,3.4751322,4.707848,0.0,4.792262,0.96552163,2.98736
2,332,333.0,10.0,1.0,1.0,314.0,1.0,1.0,1.0,0.9861485,1.0,-0.0,0.0,-1.2056392e-05,-0.013839486,0.16592723,3.4749045,0.24960761,5.6471043,0.84096426,5.183264,0.0,8.9043255,-4.0301037,0.9722222,132.44125,1.0,0.0,0.0,1.0,0.0,0,6.8144827,0.0,0.0,6.1266494,3.1574678,7.2518196,0.0,3.662116,0.14353752,2.0563407
3,332,333.0,10.0,1.0,1.0,312.0,1.0,1.0,1.0,0.99998635,1.0,-0.0,0.0,-1.3626609e-05,-0.0,0.17780289,3.3181064,0.36972025,4.178194,0.797175,4.831625,1.0,9.354732,-2.913136,0.9907407,135.26639,1.0,0.0,0.0,1.0,0.0,0,5.540395,0.0,0.0,4.9726906,2.658508,6.7263403,0.0,4.4252324,0.6235655,3.6241112
0,333,334.0,10.0,1.0,1.0,314.0,1.0,1.0,1.0,0.99464834,1.0,-0.0,0.0,-1.1320923e-05,-0.0053403326,0.23330003,3.3344018,0.2913031,4.500239,0.7661035,5.3204193,0.0,9.476561,-2.5282855,0.9814815,134.72389,1.0,0.0,0.0,1.0,0.0,0,7.4841537,0.0,0.0,6.4934206,3.663274,6.1831923,0.0,4.3326488,0.34354746,3.5969086
1,333,334.0,10.0,1.0,1.0,314.0,1.0,1.0,1.0,0.9952831,1.0,-0.0,0.0,-1.163935e-05,-0.0047052675,0.11063311,3.206177,0.3765264,4.6366487,0.8572601,5.2823157,0.0,9.326137,-3.6221185,0.9814815,134.12814,1.0,0.0,0.0,1.0,0.0,0,7.7526245,0.0,0.0,6.4359174,3.4382935,4.735375,0.0,4.529088,0.7768035,2.9109805
2,333,334.0,10.0,1.0,1.0,315.0,1.0,1.0,1.0,0.98332155,1.0,-0.0,0.0,-1.2844941e-05,-0.016665563,0.39946622,3.116658,0.29587492,5.8296757,0.8388551,5.170257,0.0,8.148759,-0.9703152,0.9722222,132.99548,1.0,0.0,0.0,1.0,0.0,0,6.597177,0.0,0.0,6.028161,3.241989,6.966198,0.0,4.337387,0.10104956,2.2988079
3,333,334.0,10.0,1.0,1.0,313.0,1.0,1.0,1.0,0.99998915,1.0,-0.0,0.0,-1.0844667e-05,-0.0,0.08140728,3.4427848,0.30665937,4.6087046,0.80390024,4.80856,1.0,10.189702,-3.175132,0.9907407,135.90033,1.0,0.0,0.0,1.0,0.0,0,6.362665,0.0,0.0,5.988387,3.0828307,6.8921804,0.0,4.061498,0.3334501,3.527472
0,334,335.0,10.0,1.0,1.0,315.0,1.0,1.0,1.0,0.994351,1.0,-0.0,0.0,-1.23548e-05,-0.0056366134,0.39086342,3.029939,0.32204327,4.4544272,0.768248,5.3381963,0.0,9.084497,-1.116489,0.9814815,135.22765,1.0,0.0,0.0,1.0,0.0,0,7.0265565,0.0,0.0,6.3171434,3.2900455,5.7905006,0.0,4.8036385,0.2668056,3.8918796
1,334,335.0,10.0,1.0,1.0,315.0,1.0,1.0,1.0,0.9953432,1.0,-0.0,0.0,-1.08198055e-05,-0.0046459516,0.2969563,2.9451928,0.3968099,4.427455,0.8559916,5.2787566,0.0,8.802634,-2.830333,0.9814815,134.64178,1.0,0.0,0.0,1.0,0.0,0,7.5751214,0.0,0.0,6.1755204,3.4788063,4.492485,0.0,4.711922,0.20024398,3.094852
2,334,335.0,10.0,1.0,1.0,316.0,1.0,1.0,1.0,0.9825574,1.0,-0.0,0.0,-1.6192407e-05,-0.01742638,0.4806977,3.425597,0.30012706,5.8088193,0.84262586,5.2367625,0.0,8.190623,-1.3742503,0.9722222,133.71957,1.0,0.0,0.0,1.0,0.0,0,6.5433154,0.0,0.0,5.888852,3.1710062,7.0259833,0.0,4.186208,0.4000945,2.2727616
3,334,335.0,10.0,1.0,1.0,314.0,1.0,1.0,1.0,0.9999896,1.0,-0.0,0.0,-1.0349482e-05,-0.0,0.1266826,3.4281123,0.27726725,4.700207,0.80370736,4.788492,1.0,10.115888,-3.4408867,0.9907407,136.33224,1.0,0.0,0.0,1.0,0.0,0,6.7222834,0.0,0.0,6.0860586,3.072082,6.8742514,0.0,4.2588925,0.63609314,3.4697073
0,335,336.0,10.0,1.0,1.0,316.0,1.0,1.0,1.0,0.9956064,1.0,-0.0,0.0,-1.5018961e-05,-0.0043785637,0.5235139,3.297784,0.3492378,4.409205,0.7724876,5.2627134,0.0,8.93105,-0.6176634,0.9814815,135.93002,1.0,0.0,0.0,1.0,0.0,0,7.080393,0.0,0.0,6.342663,3.314031,6.2199244,0.0,4.336361,0.1837975,3.7324986
1,335,336.0,10.0,1.0,1.0,316.0,1.0,1.0,1.0,0.99555784,1.0,-0.0,0.0,-1.401644e-05,-0.004428147,0.5572587,3.151853,0.45956224,4.2988048,0.86000264,5.2656884,0.0,8.287805,0.7152986,0.9814815,135.2845,1.0,0.0,0.0,1.0,0.0,0,7.981999,0.0,0.0,6.7005854,3.499101,4.762716,0.0,4.402465,0.3675656,3.1002622
2,335,336.0,10.0,1.0,1.0,317.0,1.0,1.0,1.0,0.9825069,1.0,-0.0,0.0,-1.4006326e-05,-0.017479122,0.043592602,3.1923988,0.3095457,5.728327,0.845904,5.3204193,0.0,8.592743,-4.992317,0.9722222,134.13846,1.0,0.0,0.0,1.0,0.0,0,5.6397567,0.0,0.0,4.432819,2.6546156,6.8434715,0.0,4.3490863,0.3631923,2.435085
3,335,336.0,10.0,1.0,1.0,315.0,1.0,1.0,1.0,0.9999881,1.0,-0.0,0.0,-1.1906757e-05,-0.0,0.31901002,3.1006987,0.31309626,4.4913573,0.8056788,4.775394,1.0,9.503798,-1.6784817,0.9907407,136.8675,1.0,0.0,0.0,1.0,0.0,0,6.4239464,0.0,0.0,6.2352495,3.2226903,6.8928843,0.0,4.438199,0.10615133,3.1794536
0,336,337.0,10.0,1.0,1.0,317.0,1.0,1.0,1.0,0.9950095,1.0,-0.0,0.0,-1.3950168e-05,-0.0049765897,0.18023513,3.0523248,0.37772653,4.3442745,0.7761142,5.298595,0.0,9.021971,-4.0226665,0.9814815,136.32504,1.0,0.0,0.0,1.0,0.0,0,6.0136867,0.0,0.0,4.9367857,2.7110069,5.924565,0.0,4.622185,0.25848773,3.9599442
1,336,337.0,10.0,1.0,1.0,317.0,1.0,1.0,1.0,0.9955833,1.0,-0.0,0.0,-1.5863208e-05,-0.004400876,0.31823292,2.8881707,0.5251666,4.3357964,0.8634962,5.264052,0.0,8.108739,-2.9437,0.9814815,135.65764,1.0,0.0,0.0,1.0,0.0,0,7.059811,0.0,0.0,5.407239,3.1162186,4.4791265,0.0,4.584934,0.23798235,3.1768415
2,336,337.0,10.0,1.0,1.0,318.0,1.0,1.0,1.0,0.9803457,1.0,-0.0,0.0,-1.507317e-05,-0.019639164,0.058839284,3.277361,0.2558056,5.7935667,0.84776217,5.3847823,0.0,9.781568,-5.3789353,0.9722222,134.45074,1.0,0.0,0.0,1.0,0.0,0,7.4492936,0.0,0.0,5.989018,3.5144277,6.95391,0.0,4.239541,0.37999249,2.4122775
3,336,337.0,10.0,1.0,1.0,316.0,1.0,1.0,1.0,0.9999873,1.0,-0.0,0.0,-1.2715614e-05,-0.0,0.522485,3.3626106,0.35248542,4.448799,0.8094048,4.825301,1.0,9.201524,-0.6058756,0.9907407,137.54251,1.0,0.0,0.0,1.0,0.0,0,6.451111,0.0,0.0,6.2507305,3.2054164,6.907612,0.0,4.525398,0.621408,3.6071947
0,337,338.0,10.0,1.0,1.0,318.0,1.0,1.0,1.0,0.9946995,1.0,-0.0,0.0,-1.4182686e-05,-0.0052863527,0.08294918,3.0941844,0.31991884,4.712517,0.77882504,5.3171806,0.0,10.036424,-4.4016914,0.9814815,136.60597,1.0,0.0,0.0,1.0,0.0,0,7.1072583,0.0,0.0,6.1851587,3.3212972,6.04221,0.0,4.525799,0.2325537,3.913853
1,337,338.0,10.0,1.0,1.0,318.0,1.0,1.0,1.0,0.99558127,1.0,-0.0,0.0,-1.5369564e-05,-0.004403359,0.15343112,2.9205601,0.47097436,4.444045,0.86732435,5.264201,0.0,9.06358,-3.9412994,0.9814815,135.95288,1.0,0.0,0.0,1.0,0.0,0,6.9491453,0.0,0.0,6.1229644,3.0522301,4.516374,0.0,4.6476603,0.2377882,3.1794689
2,337,338.0,10.0,1.0,1.0,319.0,1.0,1.0,1.0,0.9798664,1.0,-0.0,0.0,-1.3382051e-05,-0.02012018,0.17530173,3.3112564,0.2317205,5.759544,0.84644276,5.447666,0.0,9.147505,-3.8047702,0.9722222,134.73964,1.0,0.0,0.0,1.0,0.0,0,7.988129,0.0,0.0,6.331514,3.483649,7.5717497,0.0,3.4715643,0.38487652,2.2585876
3,337,338.0,10.0,1.0,1.0,317.0,1.0,1.0,1.0,0.9999875,1.0,-0.0,0.0,-1.2506315e-05,-0.0,0.18460117,3.108305,0.38979927,4.418782,0.8126147,4.741171,1.0,9.274511,-3.9405124,0.9907407,137.95569,1.0,0.0,0.0,1.0,0.0,0,5.585256,0.0,0.0,4.8293386,2.6892164,6.7244787,0.0,4.214601,0.15881689,3.6891305
0,338,339.0,10.0,1.0,1.0,319.0,1.0,1.0,1.0,0.9943235,1.0,-0.0,0.0,-1.2993552e-05,-0.0056635,0.24654306,3.1427283,0.2929057,4.6376615,0.77965146,5.3398094,0.0,9.678695,-3.013625,0.9814815,136.89484,1.0,0.0,0.0,1.0,0.0,0,7.850838,0.0,0.0,6.488538,3.6458719,6.12849,0.0,4.4256005,0.21887258,3.9313767
1,338,339.0,10.0,1.0,1.0,319.0,1.0,1.0,1.0,0.9955137,1.0,-0.0,0.0,-1.3614703e-05,-0.0044727423,0.16521645,3.0005047,0.42116195,4.644409,0.8693111,5.268364,0.0,9.24652,-3.7005608,0.9814815,136.24588,1.0,0.0,0.0,1.0,0.0,0,7.3561463,0.0,0.0,6.4406643,3.0478947,4.5409255,0.0,4.6053567,0.20161171,3.2095714
2,338,339.0,10.0,1.0,1.0,320.0,1.0,1.0,1.0,0.9787485,1.0,-0.0,0.0,-1.4911611e-05,-0.021236587,0.5062696,3.2242694,0.2984325,5.861422,0.8441711,5.412772,0.0,8.170342,-0.50549024,0.9722222,134.94147,1.0,0.0,0.0,1.0,0.0,0,7.0489607,0.0,0.0,6.294155,3.4492886,7.273239,0.0,3.6864994,0.06274412,2.3766494
3,338,339.0,10.0,1.0,1.0,318.0,1.0,1.0,1.0,0.99998534,1.0,-0.0,0.0,-1.466176e-05,-0.0,0.08763764,3.1563811,0.35192296,4.7902904,0.8177057,4.728439,1.0,10.240386,-4.29266,0.9907407,138.2402,1.0,0.0,0.0,1.0,0.0,0,6.409474,0.0,0.0,5.5820055,3.3431556,6.8888,0.0,4.0384293,0.18335551,3.6718237
0,339,340.0,10.0,1.0,1.0,320.0,1.0,1.0,1.0,0.9954441,1.0,-0.0,0.0,-1.3853873e-05,-0.0045420616,0.50502235,3.0858662,0.34474587,4.473718,0.77974004,5.2725234,0.0,9.041615,-0.7278686,0.9814815,137.12964,1.0,0.0,0.0,1.0,0.0,0,7.4185467,0.0,0.0,6.4127097,3.369106,6.198753,0.0,4.485916,0.0654625,3.9290996
1,339,340.0,10.0,1.0,1.0,320.0,1.0,1.0,1.0,0.99594104,1.0,-0.0,0.0,-1.330098e-05,-0.0040456704,0.3371969,2.9719112,0.4341955,4.4768667,0.87057173,5.2427397,0.0,8.891233,-2.1946049,0.9814815,136.49863,1.0,0.0,0.0,1.0,0.0,0,7.691203,0.0,0.0,6.361358,3.4028091,4.578647,0.0,4.6219344,0.10332236,3.182713
2,339,340.0,10.0,1.0,1.0,321.0,1.0,1.0,1.0,0.9796158,1.0,-0.0,0.0,-2.0344067e-05,-0.020363875,0.5063467,3.0914633,0.3433082,5.8724995,0.84607005,5.3493323,0.0,8.054908,-0.19830185,0.9722222,135.15846,1.0,0.0,0.0,1.0,0.0,0,7.9423814,0.0,0.0,6.1037083,3.2748811,7.1436925,0.0,3.6798947,0.0,2.5037503
3,339,340.0,10.0,1.0,1.0,319.0,1.0,1.0,1.0,0.999987,1.0,-0.0,0.0,-1.3007708e-05,-0.0,0.22886842,3.2241445,0.31425664,4.7066984,0.818989,4.7724423,1.0,9.903891,-3.1550508,0.9907407,138.54881,1.0,0.0,0.0,1.0,0.0,0,7.920756,0.0,0.0,6.894927,3.4818006,6.661976,0.0,4.4854736,0.4048107,3.7143495
0,340,341.0,10.0,1.0,1.0,321.0,1.0,1.0,1.0,0.99616665,1.0,-0.0,0.0,-1.9503741e-05,-0.0038138921,0.55952185,2.951746,0.4000885,4.424448,0.7819811,5.228833,0.0,8.7643,-0.04308205,0.9814815,137.338,1.0,0.0,0.0,1.0,0.0,0,7.465514,0.0,0.0,6.4178886,3.3815835,6.0448246,0.0,4.558385,0.05493418,4.031343
1,340,341.0,10.0,1.0,1.0,321.0,1.0,1.0,1.0,0.99623173,1.0,-0.0,0.0,-1.678357e-05,-0.0037514742,0.44250414,2.8621643,0.4811339,4.3238635,0.8728725,5.225088,0.0,8.539459,-1.4111922,0.9814815,136.70993,1.0,0.0,0.0,1.0,0.0,0,7.8953314,0.0,0.0,6.534712,3.524634,4.4816194,0.0,4.7057786,0.15013969,3.2719731
2,340,341.0,10.0,1.0,1.0,322.0,1.0,1.0,1.0,0.98304164,1.0,-0.0,0.0,-1.5365264e-05,-0.016943004,0.30679107,3.0024238,0.3171858,5.686897,0.85008603,5.3296824,0.0,8.591256,-1.9052588,0.9722222,135.42905,1.0,0.0,0.0,1.0,0.0,0,8.094909,0.0,0.0,5.9810185,3.2086735,7.0739965,0.0,3.7499866,0.0,2.5574548
3,340,341.0,10.0,1.0,1.0,320.0,1.0,1.0,1.0,0.99998635,1.0,-0.0,0.0,-1.3665294e-05,-0.0,0.49364567,3.1732168,0.35667267,4.5328264,0.8211488,4.7086945,1.0,9.27288,-0.8357502,0.9907407,138.78758,1.0,0.0,0.0,1.0,0.0,0,7.1858125,0.0,0.0,6.3927517,3.2282674,6.7630677,0.0,4.266868,0.074639834,3.723837
0,341,342.0,10.0,1.0,1.0,322.0,1.0,1.0,1.0,0.9969358,1.0,-0.0,0.0,-1.4861124e-05,-0.0030493664,0.43345577,2.844703,0.39012367,4.3783803,0.78633225,5.1829615,0.0,9.030351,-1.1624163,0.9814815,137.58968,1.0,0.0,0.0,1.0,0.0,0,7.4909453,0.0,0.0,6.2344437,3.3307452,5.9452477,0.0,4.588211,0.06547929,4.09485
1,341,342.0,10.0,1.0,1.0,322.0,1.0,1.0,1.0,0.9961969,1.0,-0.0,0.0,-1.4123577e-05,-0.0037889264,0.41644835,2.7474732,0.50197595,4.2926083,0.87701046,5.227335,0.0,8.5341215,-1.654069,0.9814815,136.94536,1.0,0.0,0.0,1.0,0.0,0,7.816498,0.0,0.0,6.433351,3.453253,4.480953,0.0,4.651984,0.16946486,3.3564577
2,341,342.0,10.0,1.0,1.0,323.0,1.0,1.0,1.0,0.98146266,1.0,-0.0,0.0,-1.4318479e-05,-0.018523024,0.13090652,2.9913666,0.32348308,5.734748,0.85336417,5.3766327,0.0,8.325955,-4.152229,0.9722222,135.81335,1.0,0.0,0.0,1.0,0.0,0,7.665607,0.0,0.0,5.530475,3.1124268,7.1070447,0.0,3.827218,0.0,2.6312027
3,341,342.0,10.0,1.0,1.0,321.0,1.0,1.0,1.0,0.99997985,1.0,-0.0,0.0,-2.0154246e-05,-0.0,0.56984425,3.0371723,0.41695055,4.4991946,0.82477295,4.6649294,1.0,8.984522,0.04136283,0.9907407,138.99277,1.0,0.0,0.0,1.0,0.0,0,7.1449857,0.0,0.0,6.4267917,3.2859995,6.6256633,0.0,4.27714,0.07247613,3.8401785
0,342,343.0,10.0,1.0,1.0,323.0,1.0,1.0,1.0,0.9977418,1.0,-0.0,0.0,-1.3161588e-05,-0.0022449978,0.2579171,2.8262045,0.40981117,4.350757,0.79048824,5.1346993,0.0,8.797052,-3.3551297,0.9814815,137.95984,1.0,0.0,0.0,1.0,0.0,0,7.496816,0.0,0.0,5.9693656,3.2037055,5.907471,0.0,4.541585,0.0,4.1304655
1,342,343.0,10.0,1.0,1.0,323.0,1.0,1.0,1.0,0.9961135,1.0,-0.0,0.0,-1.2758902e-05,-0.0038737631,0.2920203,2.7196326,0.53656274,4.238097,0.8804434,5.232425,0.0,8.174739,-3.1173685,0.9814815,137.29817,1.0,0.0,0.0,1.0,0.0,0,8.045431,0.0,0.0,6.2906346,3.438375,4.513237,0.0,4.6255593,0.18265063,3.3602982
2,342,343.0,10.0,1.0,1.0,324.0,1.0,1.0,1.0,0.9833388,1.0,-0.0,0.0,-1.3110867e-05,-0.016648116,0.021932274,2.970947,0.27312666,5.7164226,0.8531214,5.2824636,0.0,9.06863,-5.4919972,0.9722222,136.2024,1.0,0.0,0.0,1.0,0.0,0,8.168107,0.0,0.0,6.1188293,3.2931607,7.1051526,0.0,3.5948107,0.0,2.565086
3,342,343.0,10.0,1.0,1.0,322.0,1.0,1.0,1.0,0.99998444,1.0,-0.0,0.0,-1.5542528e-05,-0.0,0.45042223,2.925212,0.42106366,4.441755,0.83110833,4.6327634,1.0,9.174725,-0.9857928,0.9907407,139.24068,1.0,0.0,0.0,1.0,0.0,0,7.3200183,0.0,0.0,6.251308,3.196926,6.5571938,0.0,4.1783566,0.08141676,3.9101112
0,343,344.0,10.0,1.0,1.0,324.0,1.0,1.0,1.0,0.99891984,1.0,-0.0,0.0,-1.2257927e-05,-0.0010678858,0.09566285,2.7992997,0.35109898,4.595776,0.7917924,5.0640726,0.0,9.606704,-4.486815,0.9814815,138.33557,1.0,0.0,0.0,1.0,0.0,0,7.2788486,0.0,0.0,6.049566,3.1915174,5.842864,0.0,4.507848,0.0,4.127122
1,343,344.0,10.0,1.0,1.0,324.0,1.0,1.0,1.0,0.9964616,1.0,-0.0,0.0,-1.1961927e-05,-0.0035264196,0.11928659,2.6757956,0.49582735,4.4424596,0.8820505,5.2115846,0.0,8.889112,-4.3180885,0.9814815,137.65543,1.0,0.0,0.0,1.0,0.0,0,7.401227,0.0,0.0,6.020713,3.2608445,4.4518266,0.0,4.7726707,0.09087725,3.3592818
2,343,344.0,10.0,1.0,1.0,325.0,1.0,1.0,1.0,0.9833861,1.0,-0.0,0.0,-1.0846787e-05,-0.016603073,0.15089047,2.8605602,0.29077095,5.740616,0.8539172,5.2555676,0.0,8.557402,-4.426291,0.9722222,136.6051,1.0,0.0,0.0,1.0,0.0,0,8.70497,0.0,0.0,6.488379,3.4566216,7.1662965,0.0,3.7225573,0.0,2.6827807
3,343,344.0,10.0,1.0,1.0,323.0,1.0,1.0,1.0,0.9999864,1.0,-0.0,0.0,-1.3599437e-05,-0.0,0.26076102,2.912095,0.43140793,4.416656,0.8367337,4.7007065,1.0,8.957168,-3.270775,0.9907407,139.61307,1.0,0.0,0.0,1.0,0.0,0,7.467924,0.0,0.0,6.1186886,3.2386916,6.3144593,0.0,4.8415437,0.28112143,4.036982
0,344,345.0,10.0,1.0,1.0,325.0,1.0,1.0,1.0,0.9999351,1.0,-0.0,0.0,-1.0581826e-05,-5.4285774e-05,0.113096274,2.708913,0.35049158,4.57409,0.7931246,5.003257,0.0,9.476436,-4.3058276,0.9814815,138.73892,1.0,0.0,0.0,1.0,0.0,0,7.8710904,0.0,0.0,6.452626,3.3460832,5.8520594,0.0,4.4434566,0.0,4.13897
1,344,345.0,10.0,1.0,1.0,325.0,1.0,1.0,1.0,0.99677587,1.0,-0.0,0.0,-1.1248254e-05,-0.003212864,0.0957964,2.6052942,0.48534787,4.4833326,0.88378155,5.1927714,0.0,8.893089,-4.3053207,0.9814815,138.0633,1.0,0.0,0.0,1.0,0.0,0,8.022937,0.0,0.0,6.4896216,3.375042,4.4498897,0.0,4.8707647,0.0576523,3.4118783
2,344,345.0,10.0,1.0,1.0,326.0,1.0,1.0,1.0,0.98290926,1.0,-0.0,0.0,-1.1888215e-05,-0.017078873,0.37212074,2.9004543,0.35846922,5.8690324,0.85506725,5.1556993,0.0,7.832031,-2.036253,0.9722222,137.29382,1.0,0.0,0.0,1.0,0.0,0,8.582202,0.0,0.0,7.058849,3.979386,7.141348,0.0,3.5063186,0.0,2.6716359
3,344,345.0,10.0,1.0,1.0,324.0,1.0,1.0,1.0,0.9999876,1.0,-0.0,0.0,-1.2426329e-05,-0.0,0.08246079,2.8687727,0.39077652,4.593049,0.84055233,4.6449146,1.0,9.69852,-4.7402315,0.9907407,139.97282,1.0,0.0,0.0,1.0,0.0,0,7.2100453,0.0,0.0,6.0242968,3.051627,6.436755,0.0,4.320266,0.045096885,4.020487
0,345,346.0,10.0,1.0,1.0,326.0,1.0,1.0,1.0,0.9998879,1.0,-0.0,0.0,-1.0934738e-05,-0.00010122198,0.26932284,2.7793944,0.39791372,4.5012827,0.79489017,5.006073,0.0,8.972093,-3.2769647,0.9814815,139.4272,1.0,0.0,0.0,1.0,0.0,0,8.532045,0.0,0.0,7.408931,3.4981737,5.819444,0.0,4.554776,0.0,4.256966
1,345,346.0,10.0,1.0,1.0,326.0,1.0,1.0,1.0,0.99708587,1.0,-0.0,0.0,-1.0927395e-05,-0.0029032216,0.21100678,2.721916,0.5217893,4.445983,0.8857873,5.174193,0.0,8.534282,-4.0474515,0.9814815,138.7516,1.0,0.0,0.0,1.0,0.0,0,8.234066,0.0,0.0,7.497984,3.155364,4.427749,0.0,4.8614736,0.012237246,3.4692388
2,345,346.0,10.0,1.0,1.0,327.0,1.0,1.0,1.0,0.9833306,1.0,-0.0,0.0,-1.1783604e-05,-0.016657608,0.32396168,2.7471077,0.36895996,5.855006,0.85816664,5.144449,0.0,7.805019,-2.8363914,0.9722222,137.5463,1.0,0.0,0.0,1.0,0.0,0,8.343308,0.0,0.0,6.18914,3.5036993,7.157512,0.0,3.6153505,0.0,2.825564
3,345,346.0,10.0,1.0,1.0,325.0,1.0,1.0,1.0,0.9999892,1.0,-0.0,0.0,-1.0790881e-05,-0.0,0.12911484,2.7798157,0.39265487,4.5466228,0.8426688,4.669458,1.0,9.491359,-4.3499565,0.9907407,140.37737,1.0,0.0,0.0,1.0,0.0,0,7.838012,0.0,0.0,6.5550957,3.247327,6.2810926,0.0,4.8796806,0.0,4.1648393
0,346,347.0,10.0,1.0,1.0,327.0,1.0,1.0,1.0,0.9994023,1.0,-0.0,0.0,-1.0513315e-05,-0.00058723975,0.3051359,2.6322103,0.412574,4.4147058,0.7960917,5.035234,0.0,8.728839,-3.019031,0.9814815,139.6956,1.0,0.0,0.0,1.0,0.0,0,8.232566,0.0,0.0,6.5830483,3.5202749,6.4253235,0.0,3.9195757,0.0,4.252536
1,346,347.0,10.0,1.0,1.0,327.0,1.0,1.0,1.0,0.99754107,1.0,-0.0,0.0,-1.0867539e-05,-0.0024480608,0.23506023,2.5736415,0.52274895,4.3028092,0.88827014,5.146883,0.0,8.3356905,-3.8553243,0.9814815,139.03064,1.0,0.0,0.0,1.0,0.0,0,8.179581,0.0,0.0,6.671397,3.3566706,4.4525185,0.0,4.8439646,0.0,3.5705097
2,346,347.0,10.0,1.0,1.0,328.0,1.0,1.0,1.0,0.9871251,1.0,-0.0,0.0,-1.6074511e-05,-0.012858791,0.29230678,2.76534,0.39062488,5.71519,0.8610485,5.056337,0.0,7.9257793,-3.5265014,0.9722222,138.18248,1.0,0.0,0.0,1.0,0.0,0,9.023765,0.0,0.0,7.293086,3.871811,7.141639,0.0,3.58443,0.0,2.8189967
3,346,347.0,10.0,1.0,1.0,326.0,1.0,1.0,1.0,0.9999891,1.0,-0.0,0.0,-1.09230095e-05,-0.0,0.30893052,2.8527977,0.4470783,4.4969325,0.8456616,4.6088743,1.0,8.902186,-2.8214679,0.9907407,141.0804,1.0,0.0,0.0,1.0,0.0,0,8.691744,0.0,0.0,7.671478,3.396309,6.3193297,0.0,4.4795957,0.0,4.116532
0,347,348.0,10.0,1.0,1.0,328.0,1.0,1.0,1.0,0.99970376,1.0,-0.0,0.0,-1.5384056e-05,-0.00028088441,0.38258767,2.6470113,0.4676669,4.4688153,0.797112,5.016853,0.0,8.512416,-1.4883019,0.9814815,140.34016,1.0,0.0,0.0,1.0,0.0,0,8.593061,0.0,0.0,7.392995,3.8784418,5.7955723,0.0,4.437263,0.0,4.3470883
1,347,348.0,10.0,1.0,1.0,328.0,1.0,1.0,1.0,0.99787754,1.0,-0.0,0.0,-1.4809454e-05,-0.002107654,0.2833441,2.6204853,0.5801157,4.3674593,0.8918725,5.1264586,0.0,8.160772,-3.9689589,0.9814815,139.66565,1.0,0.0,0.0,1.0,0.0,0,8.242801,0.0,0.0,7.236144,3.5431535,4.417168,0.0,4.9342623,0.0,3.6690574
2,347,348.0,10.0,1.0,1.0,329.0,1.0,1.0,1.0,0.98801345,1.0,-0.0,0.0,-1.23325835e-05,-0.011974211,0.23307204,2.6573462,0.36195105,5.668002,0.86347497,5.0504494,0.0,7.901719,-3.6367784,0.9722222,138.46921,1.0,0.0,0.0,1.0,0.0,0,9.005233,0.0,0.0,6.6948643,3.6793127,7.1621127,0.0,3.5870588,0.0,2.9110394
3,347,348.0,10.0,1.0,1.0,327.0,1.0,1.0,1.0,0.999988,1.0,-0.0,0.0,-1.19762e-05,-0.0,0.32584444,2.692985,0.46756375,4.4628553,0.8495898,4.6280293,1.0,8.731628,-3.0230758,0.9907407,141.33173,1.0,0.0,0.0,1.0,0.0,0,7.981368,0.0,0.0,6.542857,3.3723466,6.234053,0.0,4.796262,0.0,4.3388696
0,348,349.0,10.0,1.0,1.0,329.0,1.0,1.0,1.0,0.9999874,1.0,-0.0,0.0,-1.2549345e-05,-0.0,0.3368415,2.52076,0.44908082,4.3480573,0.8003864,4.9350343,1.0,8.404642,-2.5465918,0.9814815,140.60715,1.0,0.0,0.0,1.0,0.0,0,8.170139,0.0,0.0,6.9259157,3.4230015,5.7200675,0.0,4.3298726,0.0,4.3863573
1,348,349.0,10.0,1.0,1.0,329.0,1.0,1.0,1.0,0.9983606,1.0,-0.0,0.0,-1.1661468e-05,-0.0016277692,0.2461981,2.4828527,0.55733246,4.249718,0.895317,5.097666,0.0,8.074067,-4.2730227,0.9814815,139.94357,1.0,0.0,0.0,1.0,0.0,0,8.40146,0.0,0.0,6.6773496,3.83723,4.319865,0.0,4.847321,0.0,3.7327013
2,348,349.0,10.0,1.0,1.0,330.0,1.0,1.0,1.0,0.9899653,1.0,-0.0,0.0,-1.5332631e-05,-0.010019361,0.31140447,2.7311447,0.3929692,5.601161,0.86502147,4.9385233,0.0,7.9763656,-3.744618,0.9722222,139.18501,1.0,0.0,0.0,1.0,0.0,0,8.860354,0.0,0.0,7.2756968,3.5448647,7.142253,0.0,3.5853841,0.0,2.913341
3,348,349.0,10.0,1.0,1.0,328.0,1.0,1.0,1.0,0.9999841,1.0,-0.0,0.0,-1.5913545e-05,-0.0,0.33600703,2.7015028,0.5163047,4.5193343,0.85455376,4.5689526,1.0,8.625504,-2.6871302,0.9907407,141.96349,1.0,0.0,0.0,1.0,0.0,0,7.489996,0.0,0.0,6.727837,3.3150527,6.2016997,0.0,4.6455846,0.0,4.306019
0,349,350.0,10.0,1.0,1.0,330.0,1.0,1.0,1.0,0.9999839,1.0,-0.0,0.0,-1.6071675e-05,-0.0,0.3505692,2.6078348,0.47227767,4.458643,0.8041398,4.8408523,1.0,8.549641,-2.7042198,0.9814815,141.30832,1.0,0.0,0.0,1.0,0.0,0,7.496201,0.0,0.0,6.7993326,2.996075,5.6747875,0.0,4.3788314,0.0,4.415372
1,349,350.0,10.0,1.0,1.0,330.0,1.0,1.0,1.0,0.9989583,1.0,-0.0,0.0,-1.5067173e-05,-0.0010266486,0.31629056,2.6034327,0.6075849,4.391413,0.89895856,5.0615983,0.0,8.046081,-4.2656584,0.9814815,140.64896,1.0,0.0,0.0,1.0,0.0,0,8.477367,0.0,0.0,7.4332604,3.5052772,4.3792934,0.0,4.991258,0.0,3.8132782
2,349,350.0,10.0,1.0,1.0,331.0,1.0,1.0,1.0,0.9901064,1.0,-0.0,0.0,-1.4151494e-05,-0.009879463,0.28846636,2.6115835,0.36747926,5.5927672,0.86689794,4.837617,0.0,7.6921253,-3.8994403,0.9722222,139.41353,1.0,0.0,0.0,1.0,0.0,0,9.407057,0.0,0.0,7.079659,3.6625876,7.1065288,0.0,3.4848278,0.0,2.9644966
3,349,350.0,10.0,1.0,1.0,329.0,1.0,1.0,1.0,0.999988,1.0,-0.0,0.0,-1.1957713e-05,-0.0,0.27676076,2.5792508,0.4899413,4.384098,0.8585511,4.5903215,1.0,8.540908,-2.8832061,0.9907407,142.23433,1.0,0.0,0.0,1.0,0.0,0,8.064288,0.0,0.0,6.7282,3.4684057,6.1431804,0.0,4.8102503,0.0,4.4658604
0,350,351.0,10.0,1.0,1.0,331.0,1.0,1.0,1.0,0.99998564,1.0,-0.0,0.0,-1.4390171e-05,-0.0,0.23689456,2.5060558,0.42124683,4.2671833,0.8078198,4.8100257,1.0,8.582404,-3.3718069,0.9814815,141.54915,1.0,0.0,0.0,1.0,0.0,0,8.285156,0.0,0.0,6.8924246,3.517972,5.6708403,0.0,4.498428,0.0,4.565768
1,350,351.0,10.0,1.0,1.0,331.0,1.0,1.0,1.0,0.9990942,1.0,-0.0,0.0,-1.3376794e-05,-0.00089248514,0.28632432,2.4446542,0.57898813,4.2084384,0.9009626,5.053549,0.0,7.87143,-4.4359684,0.9814815,140.87004,1.0,0.0,0.0,1.0,0.0,0,8.568786,0.0,0.0,6.888532,3.605573,5.02815,0.0,4.4323707,0.0,3.8582878
2,350,351.0,10.0,1.0,1.0,332.0,1.0,1.0,1.0,0.9911005,1.0,-0.0,0.0,-1.7057417e-05,-0.008882462,0.29008722,2.6816688,0.40930206,5.532947,0.8699478,4.7454624,0.0,8.090196,-4.4268465,0.9722222,140.0621,1.0,0.0,0.0,1.0,0.0,0,8.726701,0.0,0.0,6.753649,3.9192176,7.0568986,0.0,3.5449429,0.0,2.9862318
3,350,351.0,10.0,1.0,1.0,330.0,1.0,1.0,1.0,0.9999853,1.0,-0.0,0.0,-1.4747658e-05,-0.0,0.32082945,2.6757178,0.520441,4.4814115,0.8620136,4.495365,1.0,8.587346,-3.420241,0.9907407,142.94933,1.0,0.0,0.0,1.0,0.0,0,8.612051,0.0,0.0,7.6714377,3.5842555,6.1842213,0.0,4.6699376,0.0,4.424011
0,351,352.0,10.0,1.0,1.0,332.0,1.0,1.0,1.0,0.99998367,1.0,-0.0,0.0,-1.6325566e-05,-0.0,0.17206967,2.6522899,0.4178301,4.6109123,0.81174374,4.709027,1.0,9.162701,-5.0712714,0.9814815,142.23799,1.0,0.0,0.0,1.0,0.0,0,8.339422,0.0,0.0,7.479925,3.4248326,5.6104693,0.0,4.5002275,0.0,4.5687046
1,351,352.0,10.0,1.0,1.0,332.0,1.0,1.0,1.0,0.99952376,1.0,-0.0,0.0,-1.6112534e-05,-0.00046016264,0.2985865,2.5675561,0.62891126,4.5607204,0.9024514,5.0276093,0.0,8.125427,-5.0055656,0.9814815,141.52611,1.0,0.0,0.0,1.0,0.0,0,8.249898,0.0,0.0,7.4567943,3.7273858,4.4941697,0.0,4.9161787,0.0,3.8913364
2,351,352.0,10.0,1.0,1.0,333.0,1.0,1.0,1.0,0.9921068,1.0,-0.0,0.0,-1.3904403e-05,-0.007879342,0.20234063,2.5753121,0.35775584,5.47276,0.8733592,4.7377014,0.0,7.9019427,-5.113335,0.9722222,140.2608,1.0,0.0,0.0,1.0,0.0,0,9.554577,0.0,0.0,6.9614806,4.0210323,7.042352,0.0,3.5572565,0.0,3.1199522
3,351,352.0,10.0,1.0,1.0,331.0,1.0,1.0,1.0,0.9999869,1.0,-0.0,0.0,-1.3129757e-05,-0.0,0.24752766,2.551296,0.4834724,4.3000793,0.8655502,4.483507,1.0,8.512784,-3.915053,0.9907407,143.16972,1.0,0.0,0.0,1.0,0.0,0,8.439803,0.0,0.0,7.1003027,3.3365297,6.108971,0.0,4.8513293,0.0,4.593144
0,352,353.0,10.0,1.0,1.0,333.0,1.0,1.0,1.0,0.9999865,1.0,-0.0,0.0,-1.3445615e-05,-0.0,0.035771914,2.5691657,0.33650362,4.4301066,0.8147369,4.6895347,1.0,9.186604,-5.9714804,0.9814815,142.45122,1.0,0.0,0.0,1.0,0.0,0,8.311091,0.0,0.0,6.777599,3.5087578,5.605351,0.0,4.4536324,0.0,4.6839633
1,352,353.0,10.0,1.0,1.0,333.0,1.0,1.0,1.0,0.99998575,1.0,-0.0,0.0,-1.4237265e-05,-0.0,0.20893812,2.4271417,0.5750918,4.2873163,0.9060656,4.973909,1.0,8.014692,-5.692795,0.9814815,141.71104,1.0,0.0,0.0,1.0,0.0,0,8.575492,0.0,0.0,6.9764595,3.8160715,4.198641,0.0,4.8877635,0.0,3.9966462
2,352,353.0,10.0,1.0,1.0,334.0,1.0,1.0,1.0,0.9890607,1.0,-0.0,0.0,-1.56464e-05,-0.010923628,0.22527836,2.699932,0.39168778,5.6554174,0.8757613,4.640362,0.0,8.670044,-5.513808,0.9722222,140.86438,1.0,0.0,0.0,1.0,0.0,0,8.3586035,0.0,0.0,7.2693486,3.5811684,7.0319676,0.0,3.5052304,0.0,3.1132164
3,352,353.0,10.0,1.0,1.0,332.0,1.0,1.0,1.0,0.99998355,1.0,-0.0,0.0,-1.6465345e-05,-0.0,0.21346137,2.6394951,0.5155881,4.514828,0.86576855,4.473718,1.0,8.839846,-4.869559,0.9907407,143.83534,1.0,0.0,0.0,1.0,0.0,0,8.222649,0.0,0.0,7.227727,3.5817742,6.5724425,0.0,4.513268,0.0,4.5826797
0,353,354.0,10.0,1.0,1.0,334.0,1.0,1.0,1.0,0.9998606,1.0,-0.0,0.0,-1.4728298e-05,-0.0001246723,0.09033792,2.7038476,0.37575668,5.00748,0.81705946,4.669123,0.0,9.713976,-6.296667,0.9814815,143.07434,1.0,0.0,0.0,1.0,0.0,0,7.8773575,0.0,0.0,7.3004723,3.219134,5.6393228,0.0,4.2915206,0.0,4.7301936
1,353,354.0,10.0,1.0,1.0,334.0,1.0,1.0,1.0,0.99998415,1.0,-0.0,0.0,-1.5855885e-05,-0.0,0.25222972,2.5795107,0.6208435,4.7982917,0.9089758,4.902883,1.0,8.447803,-4.4815316,0.9814815,142.32024,1.0,0.0,0.0,1.0,0.0,0,8.243057,0.0,0.0,7.5943747,3.4474206,4.1715603,0.0,4.9679027,0.0,3.9792888
2,353,354.0,10.0,1.0,1.0,335.0,1.0,1.0,1.0,0.99166965,1.0,-0.0,0.0,-1.329932e-05,-0.008317036,0.16687214,2.5975406,0.343005,5.4990215,0.87821716,4.6119304,0.0,8.224927,-5.834043,0.9722222,141.02689,1.0,0.0,0.0,1.0,0.0,0,9.437222,0.0,0.0,7.056712,3.7493792,7.06759,0.0,3.5035038,0.0,3.228619
3,353,354.0,10.0,1.0,1.0,333.0,1.0,1.0,1.0,0.9999867,1.0,-0.0,0.0,-1.33001895e-05,-0.0,0.114564225,2.5258205,0.46499902,4.26755,0.8692122,4.4695163,1.0,8.753895,-5.7471395,0.9907407,144.02196,1.0,0.0,0.0,1.0,0.0,0,8.483532,0.0,0.0,7.3434753,3.1937158,6.128555,0.0,4.7034683,0.0,4.71553
0,354,355.0,10.0,1.0,1.0,335.0,1.0,1.0,1.0,0.99998766,1.0,-0.0,0.0,-1.23140935e-05,-0.0,0.11011846,2.5853314,0.33906698,4.409027,0.8185354,4.6452518,1.0,8.96861,-5.8757124,0.9814815,143.25215,1.0,0.0,0.0,1.0,0.0,0,8.1695,0.0,0.0,6.6851287,3.2919633,5.644636,0.0,4.1737676,0.0,4.796154
1,354,355.0,10.0,1.0,1.0,335.0,1.0,1.0,1.0,0.9999856,1.0,-0.0,0.0,-1.4417869e-05,-0.0,0.21560527,2.4511716,0.5689987,4.3283877,0.91178024,4.8505464,1.0,8.024043,-4.4921265,0.9814815,142.494,1.0,0.0,0.0,1.0,0.0,0,8.677033,0.0,0.0,6.9285455,3.8386397,4.155366,0.0,4.8684993,0.0,4.111746
2,354,355.0,10.0,1.0,1.0,336.0,1.0,1.0,1.0,0.98786443,1.0,-0.0,0.0,-1.5036336e-05,-0.012120555,0.20853281,2.688706,0.39885724,5.727233,0.88030386,4.5172553,0.0,8.90671,-4.6679835,0.9722222,141.512,1.0,0.0,0.0,1.0,0.0,0,9.113565,0.0,0.0,7.2655654,4.0365386,7.0109553,0.0,3.4323354,0.0,3.2294033
3,354,355.0,10.0,1.0,1.0,334.0,1.0,1.0,1.0,0.9999846,1.0,-0.0,0.0,-1.536071e-05,-0.0,0.17616488,2.6469216,0.5086113,4.680678,0.87259656,4.3672805,1.0,9.11294,-5.7866073,0.9907407,144.63835,1.0,0.0,0.0,1.0,0.0,0,8.212371,0.0,0.0,7.451447,3.4796576,6.169475,0.0,4.622,0.0,4.685307
0,355,356.0,10.0,1.0,1.0,336.0,1.0,1.0,1.0,0.9999849,1.0,-0.0,0.0,-1.5064269e-05,-0.0,0.25702417,2.6621873,0.40548792,4.6778336,0.82072264,4.6200714,1.0,9.059613,-3.5993717,0.9814815,143.74855,1.0,0.0,0.0,1.0,0.0,0,8.108077,0.0,0.0,7.4394164,3.5131512,5.660043,0.0,4.0895042,0.0,4.872809
1,355,356.0,10.0,1.0,1.0,336.0,1.0,1.0,1.0,0.99998474,1.0,-0.0,0.0,-1.523082e-05,-0.0,0.29358044,2.5765798,0.617302,4.8173447,0.9143737,4.793558,1.0,8.413165,-3.1031547,0.9814815,142.99701,1.0,0.0,0.0,1.0,0.0,0,8.218761,0.0,0.0,7.635026,3.5490534,4.1184096,0.0,4.9568887,0.0,4.1342483
2,355,356.0,10.0,1.0,1.0,337.0,1.0,1.0,1.0,0.9911232,1.0,-0.0,0.0,-1.3233593e-05,-0.008863593,0.163389,2.5941448,0.3557772,5.531815,0.8827216,4.491533,0.0,8.242191,-4.709661,0.9722222,141.68443,1.0,0.0,0.0,1.0,0.0,0,9.109383,0.0,0.0,6.9346466,3.8508472,7.0376678,0.0,3.4024022,0.0,3.3494675
3,355,356.0,10.0,1.0,1.0,335.0,1.0,1.0,1.0,0.99998677,1.0,-0.0,0.0,-1.3213137e-05,-0.0,0.17911643,2.5279958,0.47677547,4.2578163,0.87602186,4.3550735,1.0,8.56527,-5.5623345,0.9907407,144.8072,1.0,0.0,0.0,1.0,0.0,0,8.531296,0.0,0.0,7.0998583,3.5584595,6.090337,0.0,4.6989303,0.0,4.834142
0,356,357.0,10.0,1.0,1.0,337.0,1.0,1.0,1.0,0.9999867,1.0,-0.0,0.0,-1.3270516e-05,-0.0,0.28809756,2.5260427,0.41659895,4.2460327,0.8234743,4.6068354,1.0,8.151914,-2.8540277,0.9814815,143.9254,1.0,0.0,0.0,1.0,0.0,0,8.227438,0.0,0.0,6.837438,3.4776576,5.647722,0.0,3.9859738,0.0,4.9680786
1,356,357.0,10.0,1.0,1.0,337.0,1.0,1.0,1.0,0.99998546,1.0,-0.0,0.0,-1.4555171e-05,-0.0,0.25226325,2.450628,0.5780104,4.284942,0.9174824,4.7563386,1.0,7.8307023,-2.9774969,0.9814815,143.15984,1.0,0.0,0.0,1.0,0.0,0,8.5221405,0.0,0.0,7.0154366,3.7817461,4.110404,0.0,4.8752527,0.0,4.2824516
2,356,357.0,10.0,1.0,1.0,338.0,1.0,1.0,1.0,0.989761,1.0,-0.0,0.0,-1.4858034e-05,-0.010224167,0.08794889,2.5427902,0.40657878,5.6134496,0.8835604,4.472843,0.0,8.440268,-5.444347,0.9722222,141.97989,1.0,0.0,0.0,1.0,0.0,0,8.102128,0.0,0.0,6.149722,3.0134392,7.5660806,0.0,2.996818,0.0,3.2606242
3,356,357.0,10.0,1.0,1.0,336.0,1.0,1.0,1.0,0.99998456,1.0,-0.0,0.0,-1.5426964e-05,-0.0,0.27554744,2.6123035,0.53575706,4.613628,0.87967396,4.2605734,1.0,8.799599,-3.7190645,0.9907407,145.30045,1.0,0.0,0.0,1.0,0.0,0,7.9588966,0.0,0.0,7.4498096,3.3733525,6.1452155,0.0,4.497923,0.0,4.7832875
0,357,358.0,10.0,1.0,1.0,338.0,1.0,1.0,1.0,0.9999841,1.0,-0.0,0.0,-1.5923551e-05,-0.0,0.29269233,2.433619,0.4890796,4.353635,0.8265554,4.586738,1.0,8.050935,-2.759396,0.9814815,144.22758,1.0,0.0,0.0,1.0,0.0,0,7.2742033,0.0,0.0,6.131514,3.2984238,5.8838716,0.0,3.6877017,0.0,4.9352264
1,357,358.0,10.0,1.0,1.0,338.0,1.0,1.0,1.0,0.9999846,1.0,-0.0,0.0,-1.5366128e-05,-0.0,0.20863116,2.3289142,0.62602323,4.3839197,0.92115134,4.7032046,1.0,7.947717,-3.5482943,0.9814815,143.46468,1.0,0.0,0.0,1.0,0.0,0,7.5089736,0.0,0.0,6.086876,3.2478216,4.2778153,0.0,4.8463125,0.0,4.293803
2,357,358.0,10.0,1.0,1.0,339.0,1.0,1.0,1.0,0.983119,1.0,-0.0,0.0,-1.3516026e-05,-0.016867464,0.3457144,2.621217,0.4037939,6.0120473,0.88346016,4.3903437,0.0,9.430046,-1.2189765,0.9722222,143.46404,1.0,0.0,0.0,1.0,0.0,0,9.279553,0.0,0.0,7.914121,3.4493947,6.9996467,0.0,3.5113919,0.0,3.355902
3,357,358.0,10.0,1.0,1.0,337.0,1.0,1.0,1.0,0.9999856,1.0,-0.0,0.0,-1.4405234e-05,-0.0,0.25804156,2.496975,0.5143691,4.2334766,0.8837591,4.2473235,1.0,8.166208,-3.534383,0.9907407,145.46577,1.0,0.0,0.0,1.0,0.0,0,8.410658,0.0,0.0,7.086385,3.5747972,5.9866457,0.0,4.693263,0.0,4.970271
0,358,359.0,10.0,1.0,1.0,339.0,1.0,1.0,1.0,0.9999859,1.0,-0.0,0.0,-1.4145181e-05,-0.0,0.52231103,2.550068,0.4493744,4.508408,0.82691294,4.519508,1.0,8.584167,0.6036172,0.9814815,145.73668,1.0,0.0,0.0,1.0,0.0,0,8.90899,0.0,0.0,8.055509,3.9460306,5.285002,0.0,3.8580747,0.0,5.1768184
1,358,359.0,10.0,1.0,1.0,339.0,1.0,1.0,1.0,0.9987741,1.0,-0.0,0.0,-1.3857749e-05,-0.0012120598,0.40093696,2.575136,0.5979258,5.0727234,0.9215666,4.7490907,0.0,8.788072,-1.4187647,0.9814815,144.9649,1.0,0.0,0.0,1.0,0.0,0,8.70417,0.0,0.0,7.757671,3.8845875,4.4419007,0.0,4.8416247,0.0,4.5797644
2,358,359.0,10.0,1.0,1.0,340.0,1.0,1.0,1.0,0.9881488,1.0,-0.0,0.0,-1.1325964e-05,-0.011839883,0.463843,2.6054459,0.37642035,5.7103925,0.8864262,4.343193,0.0,8.46754,0.009707175,0.9722222,143.98148,1.0,0.0,0.0,1.0,0.0,0,8.609142,0.0,0.0,6.61783,3.5048842,7.0066533,0.0,3.3928533,0.0,3.613541
3,358,359.0,10.0,1.0,1.0,338.0,1.0,1.0,1.0,0.9999845,1.0,-0.0,0.0,-1.551794e-05,-0.0,0.23521371,2.4175081,0.5746721,4.391413,0.8888457,4.2331066,1.0,8.208199,-3.721511,0.9907407,145.76915,1.0,0.0,0.0,1.0,0.0,0,7.3933444,0.0,0.0,6.027788,3.173529,6.1936746,0.0,4.4948306,0.0,5.0153365
0,359,360.0,10.0,1.0,1.0,340.0,1.0,1.0,1.0,0.99998885,1.0,-0.0,0.0,-1.11195295e-05,-0.0,0.5869597,2.5262697,0.44915372,4.2636957,0.8301934,4.500239,1.0,8.041835,0.5191909,0.9814815,146.22702,1.0,0.0,0.0,1.0,0.0,0,8.244587,0.0,0.0,6.740773,3.6761873,5.671238,0.0,3.7530577,0.0,5.203931
1,359,360.0,10.0,1.0,1.0,340.0,1.0,1.0,1.0,0.9999884,1.0,-0.0,0.0,-1.1643748e-05,-0.0,0.486546,2.5399618,0.5693757,4.446687,0.9229554,4.7272797,1.0,8.092501,0.4376145,0.9814815,145.47389,1.0,0.0,0.0,1.0,0.0,0,8.073765,0.0,0.0,6.614877,3.6493454,4.013742,0.0,4.89389,0.0,4.4230185
2,359,360.0,10.0,1.0,1.0,341.0,1.0,1.0,1.0,0.98724216,1.0,-0.0,0.0,-1.9482708e-05,-0.012738353,0.41517878,2.5047088,0.40891245,5.764301,0.888416,4.239759,0.0,8.498169,-0.33918583,0.9722222,144.49388,1.0,0.0,0.0,1.0,0.0,0,8.049479,0.0,0.0,6.1980104,3.4595933,7.003617,0.0,3.3827686,0.0,3.6149373
3,359,360.0,10.0,1.0,1.0,339.0,1.0,1.0,1.0,0.99998647,1.0,-0.0,0.0,-1.3508672e-05,-0.0,0.43287426,2.5305257,0.5408437,4.662075,0.88953197,4.217729,1.0,8.859137,-0.1938613,0.9907407,147.27731,1.0,0.0,0.0,1.0,0.0,0,8.766274,0.0,0.0,7.57334,4.01129,5.680689,0.0,4.6024137,0.0,5.1801944
0,360,361.0,10.0,1.0,1.0,341.0,1.0,1.0,1.0,0.9999805,1.0,-0.0,0.0,-1.946719e-05,-0.0,0.4687503,2.4332135,0.45153472,4.286038,0.83191925,4.3928394,1.0,8.380002,-0.22640172,0.9814815,146.7111,1.0,0.0,0.0,1.0,0.0,0,7.7232656,0.0,0.0,6.3925796,3.3055422,5.59899,0.0,3.26487,0.0,4.9603114
1,360,361.0,10.0,1.0,1.0,341.0,1.0,1.0,1.0,0.99998087,1.0,-0.0,0.0,-1.9160398e-05,-0.0,0.42418575,2.4213438,0.5913637,4.4775662,0.9268158,4.663419,1.0,8.167723,0.39706472,0.9814815,145.9808,1.0,0.0,0.0,1.0,0.0,0,7.5824313,0.0,0.0,6.3052697,3.4718442,3.7279923,0.0,5.1257463,0.0,4.4939556
2,360,361.0,10.0,1.0,1.0,342.0,1.0,1.0,1.0,0.9869285,1.0,-0.0,0.0,-1.6687665e-05,-0.0130547825,0.38160905,2.492715,0.4095276,5.7832866,0.8917856,4.166749,0.0,8.825277,-0.44919458,0.9722222,145.10002,1.0,0.0,0.0,1.0,0.0,0,8.199189,0.0,0.0,6.3652487,3.4657512,6.913704,0.0,3.4954464,0.0,3.6895382
3,360,361.0,10.0,1.0,1.0,340.0,1.0,1.0,1.0,0.99998915,1.0,-0.0,0.0,-1.0874622e-05,-0.0,0.50500107,2.5151734,0.522887,4.28969,0.8932718,4.2041574,1.0,8.291903,-0.23493823,0.9907407,147.77693,1.0,0.0,0.0,1.0,0.0,0,8.220309,0.0,0.0,6.7324705,3.539471,6.0411644,0.0,4.437753,0.0,5.2487774
0,361,362.0,10.0,1.0,1.0,342.0,1.0,1.0,1.0,0.99998295,1.0,-0.0,0.0,-1.7069893e-05,-0.0,0.36607647,2.4349174,0.41704705,4.418782,0.83551395,4.3683558,1.0,8.98907,-0.7609092,0.9814815,147.28864,1.0,0.0,0.0,1.0,0.0,0,7.6964245,0.0,0.0,6.3999405,3.503027,5.5343084,0.0,3.6069174,0.0,5.283473
1,361,362.0,10.0,1.0,1.0,342.0,1.0,1.0,1.0,0.999983,1.0,-0.0,0.0,-1.696125e-05,-0.0,0.3668368,2.3982615,0.5838496,4.6076846,0.9292965,4.702372,1.0,8.467029,-1.0907528,0.9814815,146.5829,1.0,0.0,0.0,1.0,0.0,0,7.694914,0.0,0.0,6.4640894,3.4561036,3.9618025,0.0,5.079759,0.0,4.6104307
2,361,362.0,10.0,1.0,1.0,343.0,1.0,1.0,1.0,0.9864174,1.0,-0.0,0.0,-1.2484215e-05,-0.013570156,0.24232455,2.7628107,0.39498723,5.814209,0.8988339,4.1622376,0.0,9.114169,-1.2524687,0.9722222,145.72697,1.0,0.0,0.0,1.0,0.0,0,8.172709,0.0,0.0,6.3816147,3.4607985,7.242566,0.0,3.2778523,0.0,3.711211
3,361,362.0,10.0,1.0,1.0,341.0,1.0,1.0,1.0,0.9999812,1.0,-0.0,0.0,-1.8793498e-05,-0.0,0.42160004,2.41402,0.5408145,4.3478775,0.894731,4.1134253,1.0,8.476789,-0.9195348,0.9907407,148.2738,1.0,0.0,0.0,1.0,0.0,0,7.5889325,0.0,0.0,6.353179,3.3196437,6.014832,0.0,4.0513167,0.0,5.1648664
0,362,363.0,10.0,1.0,1.0,343.0,1.0,1.0,1.0,0.9999878,1.0,-0.0,0.0,-1.2236626e-05,-0.0,0.17945543,2.7081728,0.37496814,4.6950407,0.83700466,4.3792744,1.0,9.563099,-1.8267399,0.9814815,147.92285,1.0,0.0,0.0,1.0,0.0,0,7.54136,0.0,0.0,6.3418202,3.3547335,6.3256645,0.0,2.8501225,0.0,4.566493
1,362,363.0,10.0,1.0,1.0,343.0,1.0,1.0,1.0,0.9999875,1.0,-0.0,0.0,-1.2531014e-05,-0.0,0.22619218,2.557244,0.5584108,4.807909,0.9369705,4.6892004,1.0,8.837601,-1.6345931,0.9814815,147.21785,1.0,0.0,0.0,1.0,0.0,0,7.6105547,0.0,0.0,6.42198,3.4237,3.847217,0.0,4.7835727,0.0,4.666726
2,362,363.0,10.0,1.0,1.0,344.0,1.0,1.0,1.0,0.9759936,1.0,-0.0,0.0,-1.36458675e-05,-0.023992775,0.30596143,2.815066,0.40130353,6.439566,0.90225077,4.1084743,0.0,10.174228,-1.3570422,0.9722222,146.38222,1.0,0.0,0.0,1.0,0.0,0,8.828371,0.0,0.0,7.47823,4.073087,6.1781588,0.0,3.5242455,0.0,3.8012803
3,362,363.0,10.0,1.0,1.0,342.0,1.0,1.0,1.0,0.9999835,1.0,-0.0,0.0,-1.6519609e-05,-0.0,0.35031065,2.4052494,0.52528924,4.4255095,0.89799196,4.103899,1.0,8.861753,-1.0008235,0.9907407,148.8697,1.0,0.0,0.0,1.0,0.0,0,7.69928,0.0,0.0,6.509959,3.2966208,5.9305444,0.0,4.25875,0.0,5.347512
0,363,364.0,10.0,1.0,1.0,344.0,1.0,1.0,1.0,0.9838361,1.0,-0.0,0.0,-1.3198047e-05,-0.01615073,0.20376444,2.785064,0.36164588,5.9690433,0.8361717,4.3714013,0.0,10.76322,-1.7988728,0.9814815,148.58609,1.0,0.0,0.0,1.0,0.0,0,8.450947,0.0,0.0,7.758197,3.928018,5.324776,0.0,3.1707182,0.0,4.9897194
1,363,364.0,10.0,1.0,1.0,344.0,1.0,1.0,1.0,0.98289585,1.0,-0.0,0.0,-1.3331575e-05,-0.017090805,0.2605863,2.6888227,0.55200726,6.025448,0.93855643,4.718162,0.0,9.909568,-1.4952011,0.9814815,147.88576,1.0,0.0,0.0,1.0,0.0,0,8.360971,0.0,0.0,7.4610744,3.8758113,3.6051152,0.0,4.7452044,0.0,4.615729
2,363,364.0,10.0,1.0,1.0,345.0,1.0,1.0,1.0,0.9864824,1.0,-0.0,0.0,-1.4847411e-05,-0.013502793,0.30001068,2.8066263,0.33682302,5.8101673,0.9098308,4.146408,0.0,8.787312,-1.1266172,0.9722222,146.55168,1.0,0.0,0.0,1.0,0.0,0,8.333587,0.0,0.0,6.611029,3.6930203,6.1538553,0.0,3.5955791,0.0,3.949257
3,363,364.0,10.0,1.0,1.0,343.0,1.0,1.0,1.0,0.99998796,1.0,-0.0,0.0,-1.2011755e-05,-0.0,0.19040778,2.6663477,0.49664265,4.5939016,0.90463597,4.1130447,1.0,9.300793,-1.9624355,0.9907407,149.506,1.0,0.0,0.0,1.0,0.0,0,7.5909543,0.0,0.0,6.44356,3.2465646,6.3183804,0.0,3.851448,0.0,5.379795
0,364,365.0,10.0,1.0,1.0,345.0,1.0,1.0,1.0,0.9999858,1.0,-0.0,0.0,-1.4168909e-05,-0.0,0.19394085,2.7714767,0.3001008,4.733734,0.8420466,4.3794527,1.0,9.48531,-2.2101607,0.9814815,148.75873,1.0,0.0,0.0,1.0,0.0,0,7.7897596,0.0,0.0,6.5738826,3.481634,5.3970246,0.0,3.1776311,0.0,5.1246314
1,364,365.0,10.0,1.0,1.0,345.0,1.0,1.0,1.0,0.9999849,1.0,-0.0,0.0,-1.5094457e-05,-0.0,0.2649892,2.6387856,0.4932953,4.7497497,0.9411957,4.7423263,1.0,8.646791,-2.0841732,0.9814815,148.06302,1.0,0.0,0.0,1.0,0.0,0,7.8323145,0.0,0.0,6.45838,3.5719094,3.78276,0.0,4.593646,0.0,4.770989
2,364,365.0,10.0,1.0,1.0,346.0,1.0,1.0,1.0,0.9795183,1.0,-0.0,0.0,-1.6689566e-05,-0.020465003,0.31777883,2.89665,0.36739284,6.2278996,0.9162628,4.159603,0.0,9.775575,-0.39113498,0.9722222,146.66772,1.0,0.0,0.0,1.0,0.0,0,8.33403,0.0,0.0,6.9512286,4.1436987,5.997001,0.0,3.6699278,0.0,4.0268188
3,364,365.0,10.0,1.0,1.0,344.0,1.0,1.0,1.0,0.98609865,1.0,-0.0,0.0,-1.2989099e-05,-0.013888357,0.19609444,2.7381706,0.48585716,5.833301,0.9082717,4.1204615,0.0,10.519676,-2.097439,0.9907407,150.16307,1.0,0.0,0.0,1.0,0.0,0,8.474889,0.0,0.0,7.7569685,3.7433822,5.642788,0.0,3.855341,0.0,5.5028815
0,365,366.0,10.0,1.0,1.0,346.0,1.0,1.0,1.0,0.99276507,1.0,-0.0,0.0,-1.6117963e-05,-0.007218834,0.25061592,2.8437195,0.3307968,5.43313,0.8429248,4.391235,0.0,10.183908,-0.8714348,0.9814815,148.86201,1.0,0.0,0.0,1.0,0.0,0,7.7614894,0.0,0.0,7.0997505,3.8067527,5.3626513,0.0,2.882809,0.0,4.5265455
1,365,366.0,10.0,1.0,1.0,346.0,1.0,1.0,1.0,0.99243593,1.0,-0.0,0.0,-1.6761687e-05,-0.0075472947,0.3219612,2.6890197,0.51878744,5.4528375,0.94272757,4.792414,0.0,9.339234,-1.0479745,0.9814815,148.16754,1.0,0.0,0.0,1.0,0.0,0,7.838371,0.0,0.0,6.9139886,3.9478462,3.6654809,0.0,4.4743123,0.0,4.798711
2,365,366.0,10.0,1.0,1.0,347.0,1.0,1.0,1.0,0.9855286,1.0,-0.0,0.0,-1.42330755e-05,-0.014457184,0.40570015,3.0528638,0.34179023,5.8674307,0.9228749,4.193343,0.0,8.899117,0.27847755,0.9722222,146.70364,1.0,0.0,0.0,1.0,0.0,0,8.042395,0.0,0.0,6.5400243,3.587801,6.1118813,0.0,3.452822,0.0,4.1210732
3,365,366.0,10.0,1.0,1.0,345.0,1.0,1.0,1.0,0.99998593,1.0,-0.0,0.0,-1.4088059e-05,-0.0,0.17734915,2.7333293,0.41733384,4.6713023,0.9134612,4.125967,1.0,9.392369,-2.3477356,0.9907407,150.32861,1.0,0.0,0.0,1.0,0.0,0,7.859609,0.0,0.0,6.70392,3.396373,5.7319856,0.0,3.776198,0.0,5.6088653
0,366,367.0,10.0,1.0,1.0,347.0,1.0,1.0,1.0,0.99998635,1.0,-0.0,0.0,-1.3665917e-05,-0.0,0.3796734,2.985929,0.33254874,4.5995216,0.84182805,4.4489756,1.0,9.121927,-0.12972859,0.9814815,148.87787,1.0,0.0,0.0,1.0,0.0,0,7.6240954,0.0,0.0,6.626394,3.4885755,5.514113,0.0,2.8416438,0.0,4.298063
1,366,367.0,10.0,1.0,1.0,347.0,1.0,1.0,1.0,0.99998575,1.0,-0.0,0.0,-1.4266305e-05,-0.0,0.439322,2.8102448,0.50539535,4.629213,0.94527304,4.8750186,1.0,8.415616,-0.65322036,0.9814815,148.20671,1.0,0.0,0.0,1.0,0.0,0,7.7362776,0.0,0.0,6.605237,3.5684414,3.7864733,0.0,4.3627305,0.0,4.905029
2,366,367.0,10.0,1.0,1.0,348.0,1.0,1.0,1.0,0.9864334,1.0,-0.0,0.0,-1.215232e-05,-0.013554439,0.028773956,2.7848341,0.3722695,5.813266,0.9165247,4.2182856,0.0,9.000865,-4.5342827,0.9722222,147.12555,1.0,0.0,0.0,1.0,0.0,0,7.410068,0.0,0.0,6.3865447,3.110333,6.9027085,0.0,2.639338,0.0,3.0021698
3,366,367.0,10.0,1.0,1.0,346.0,1.0,1.0,1.0,0.9905679,1.0,-0.0,0.0,-1.576831e-05,-0.009416312,0.20541474,2.8135648,0.4514676,5.564978,0.91561145,4.1656218,0.0,10.281567,-1.3674321,0.9907407,150.43152,1.0,0.0,0.0,1.0,0.0,0,7.6904845,0.0,0.0,6.8887377,3.8228006,6.334049,0.0,3.3147953,0.0,5.154749
0,367,368.0,10.0,1.0,1.0,348.0,1.0,1.0,1.0,0.99998784,1.0,-0.0,0.0,-1.2140298e-05,-0.0,0.043454766,2.6977868,0.38003707,4.392305,0.8316229,4.619733,1.0,8.731539,-4.5388303,0.9814815,149.31834,1.0,0.0,0.0,1.0,0.0,0,7.1177573,0.0,0.0,5.8961205,4.551394,5.93463,0.0,2.3468416,0.0,3.6924126
1,367,368.0,10.0,1.0,1.0,348.0,1.0,1.0,1.0,0.9999879,1.0,-0.0,0.0,-1.2106916e-05,-0.0,0.027833134,2.528739,0.5287079,4.528333,0.94078267,4.9723344,1.0,8.341978,-3.1744177,0.9814815,148.63638,1.0,0.0,0.0,1.0,0.0,0,6.9543753,0.0,0.0,6.818744,2.7814994,4.77644,0.0,3.4158258,0.0,4.2443013
2,367,368.0,10.0,1.0,1.0,349.0,1.0,1.0,1.0,0.98086774,1.0,-0.0,0.0,-1.2924937e-05,-0.019119315,0.6882247,3.1617239,0.38990393,6.1471586,0.9142376,4.261492,0.0,9.321583,2.8381767,0.9722222,147.39896,1.0,0.0,0.0,1.0,0.0,0,8.580367,0.0,0.0,7.767688,3.9983962,6.211952,0.0,3.6126332,0.0,3.651987
3,367,368.0,10.0,1.0,1.0,347.0,1.0,1.0,1.0,0.9999863,1.0,-0.0,0.0,-1.3700493e-05,-0.0,0.33586696,2.964157,0.4282242,4.6696258,0.91500413,4.1718187,1.0,9.271481,-0.5593188,0.9907407,150.44635,1.0,0.0,0.0,1.0,0.0,0,7.643775,0.0,0.0,6.6053867,3.3721976,5.665559,0.0,3.6744,0.0,5.2318854
0,368,369.0,10.0,1.0,1.0,349.0,1.0,1.0,1.0,0.9999867,1.0,-0.0,0.0,-1.3313671e-05,-0.0,0.80526733,3.0320342,0.39784262,4.5778537,0.8302064,4.688032,1.0,8.599756,3.0014822,0.9814815,149.53047,1.0,0.0,0.0,1.0,0.0,0,8.233552,0.0,0.0,7.886897,4.10096,5.654343,0.0,2.6740046,0.0,4.122497
1,368,369.0,10.0,1.0,1.0,349.0,1.0,1.0,1.0,0.9977522,1.0,-0.0,0.0,-1.2807533e-05,-0.0022350228,0.71958417,2.8973575,0.52565753,5.1010437,0.93911123,5.0330567,0.0,8.779462,3.7019048,0.9814815,148.90938,1.0,0.0,0.0,1.0,0.0,0,8.17162,0.0,0.0,7.716301,3.9746695,3.9836638,0.0,3.9751143,0.0,4.828149
2,368,369.0,10.0,1.0,1.0,350.0,1.0,1.0,1.0,0.98353845,1.0,-0.0,0.0,-1.6115804e-05,-0.016445452,0.27831197,2.9141433,0.4047873,5.9867268,0.919013,4.3247685,0.0,7.838895,-2.6502051,0.9722222,147.7878,1.0,0.0,0.0,1.0,0.0,0,7.9446044,0.0,0.0,6.7824717,3.7307117,5.9218965,0.0,3.3864443,0.0,3.7577577
3,368,369.0,10.0,1.0,1.0,348.0,1.0,1.0,1.0,0.999988,1.0,-0.0,0.0,-1.1964676e-05,-0.0,0.040452555,2.6652281,0.48207134,4.457941,0.9082878,4.185121,1.0,8.738173,-4.5478625,0.9907407,150.89787,1.0,0.0,0.0,1.0,0.0,0,7.183179,0.0,0.0,5.589551,4.475959,6.12331,0.0,3.0782278,0.0,4.6720653
0,369,370.0,10.0,1.0,1.0,350.0,1.0,1.0,1.0,0.9999828,1.0,-0.0,0.0,-1.7236996e-05,-0.0,0.36303326,2.7965631,0.46772882,4.529025,0.83400077,4.771786,1.0,7.634399,-2.7997959,0.9814815,149.90498,1.0,0.0,0.0,1.0,0.0,0,7.852497,0.0,0.0,6.9017677,3.8190346,5.5889587,0.0,2.7825847,0.0,4.438701
1,369,370.0,10.0,1.0,1.0,350.0,1.0,1.0,1.0,0.9974601,1.0,-0.0,0.0,-1.5773161e-05,-0.0025240893,0.26536322,2.664707,0.53016055,4.3924828,0.9405736,5.151445,0.0,7.720673,-2.3552654,0.9814815,149.29517,1.0,0.0,0.0,1.0,0.0,0,7.7595806,0.0,0.0,6.859486,3.7000022,4.148383,0.0,3.5677648,0.0,4.8580685
2,369,370.0,10.0,1.0,1.0,351.0,1.0,1.0,1.0,0.98438007,1.0,-0.0,0.0,-1.7290917e-05,-0.015602628,0.40145332,3.1174493,0.38018745,5.936157,0.92197025,4.3765917,0.0,8.568044,-1.0553896,0.9722222,148.05371,1.0,0.0,0.0,1.0,0.0,0,7.3756757,0.0,0.0,6.0675025,3.5198793,5.8960834,0.0,3.620943,0.0,3.7878559
3,369,370.0,10.0,1.0,1.0,349.0,1.0,1.0,1.0,0.9999868,1.0,-0.0,0.0,-1.3191573e-05,-0.0,0.8269615,2.9967084,0.50754875,4.639012,0.9081099,4.208066,1.0,8.477507,3.2362127,0.9907407,151.09346,1.0,0.0,0.0,1.0,0.0,0,7.9673624,0.0,0.0,7.8576617,3.8388064,5.6433654,0.0,3.6129124,0.0,5.139421
0,370,371.0,10.0,1.0,1.0,351.0,1.0,1.0,1.0,0.999982,1.0,-0.0,0.0,-1.802183e-05,-0.0,0.4236862,3.008691,0.39886293,4.407251,0.8365762,4.8067694,1.0,8.562358,-1.5092473,0.9814815,150.19301,1.0,0.0,0.0,1.0,0.0,0,6.888138,0.0,0.0,6.076585,3.4193206,5.5146627,0.0,2.8755076,0.0,4.2527046
1,370,371.0,10.0,1.0,1.0,351.0,1.0,1.0,1.0,0.99666035,1.0,-0.0,0.0,-1.6300066e-05,-0.0033233636,0.37630945,2.858849,0.5012067,4.602245,0.9420226,5.1994014,0.0,8.486907,-1.3725394,0.9814815,149.56543,1.0,0.0,0.0,1.0,0.0,0,6.9167786,0.0,0.0,6.143922,3.426409,3.9460824,0.0,3.8996098,0.0296396,4.9354863
2,370,371.0,10.0,1.0,1.0,352.0,1.0,1.0,1.0,0.9851388,1.0,-0.0,0.0,-1.3361936e-05,-0.014847863,0.0040430576,3.0955858,0.37904865,5.8908715,0.91665006,4.4067183,0.0,9.023973,-3.3833115,0.9722222,148.47093,1.0,0.0,0.0,1.0,0.0,0,7.278943,0.0,0.0,6.194251,4.0140367,6.6052756,0.0,4.357578,0.0,3.5159736
3,370,371.0,10.0,1.0,1.0,350.0,1.0,1.0,1.0,0.9999822,1.0,-0.0,0.0,-1.7847999e-05,-0.0,0.4217714,2.7514749,0.57487017,4.8231916,0.91379297,4.2368035,1.0,7.492712,-2.4496737,0.9907407,151.47882,1.0,0.0,0.0,1.0,0.0,0,8.085764,0.0,0.0,7.4268565,3.7241836,5.66712,0.0,3.5379288,0.0,5.1816163
0,371,372.0,10.0,1.0,1.0,352.0,1.0,1.0,1.0,0.9999868,1.0,-0.0,0.0,-1.3159766e-05,-0.0,0.08155741,2.9268513,0.40932208,4.063257,0.83342594,4.8028584,1.0,8.312337,-3.333076,0.9814815,150.61073,1.0,0.0,0.0,1.0,0.0,0,8.1059,0.0,0.0,6.8662987,4.8540525,5.85676,0.0,3.3221545,0.0,4.4758983
1,371,372.0,10.0,1.0,1.0,352.0,1.0,1.0,1.0,0.99710435,1.0,-0.0,0.0,-1.2615421e-05,-0.002883044,0.03994908,2.7735164,0.51139766,4.3491373,0.94237375,5.172982,0.0,8.274241,-4.5364714,0.9814815,149.97025,1.0,0.0,0.0,1.0,0.0,0,7.3443885,0.0,0.0,6.3368845,4.4644966,4.2227225,0.0,3.84422,0.0,5.111515
2,371,372.0,10.0,1.0,1.0,353.0,1.0,1.0,1.0,0.9807259,1.0,-0.0,0.0,-1.0535141e-05,-0.01926358,0.33321047,3.1441495,0.34401488,6.155814,0.922806,4.5397296,0.0,9.538565,-0.88949686,0.9722222,148.89734,1.0,0.0,0.0,1.0,0.0,0,7.862474,0.0,0.0,6.750658,4.010835,5.937524,0.0,3.406553,0.0,3.8199472
3,371,372.0,10.0,1.0,1.0,351.0,1.0,1.0,1.0,0.99998116,1.0,-0.0,0.0,-1.8861898e-05,-0.0,0.49981213,2.960267,0.51968193,4.504064,0.9187864,4.2605734,1.0,8.228363,-1.0363934,0.9907407,151.75844,1.0,0.0,0.0,1.0,0.0,0,7.110336,0.0,0.0,6.3056097,3.4251506,5.6205473,0.0,3.74874,0.01881967,5.2692947
0,372,373.0,10.0,1.0,1.0,353.0,1.0,1.0,1.0,0.99998784,1.0,-0.0,0.0,-1.2138192e-05,-0.0,0.6118074,2.9396,0.4242606,4.138471,0.8362768,4.861993,1.0,8.076717,0.16296563,0.9814815,151.0513,1.0,0.0,0.0,1.0,0.0,0,7.7629457,0.0,0.0,7.197174,4.170053,5.6123314,0.0,2.7720804,0.0,4.2203274
1,372,373.0,10.0,1.0,1.0,353.0,1.0,1.0,1.0,0.996072,1.0,-0.0,0.0,-1.1872766e-05,-0.003916146,0.56043565,2.7673197,0.5137793,4.3055377,0.9453939,5.234968,0.0,7.9810653,0.93351865,0.9814815,150.4045,1.0,0.0,0.0,1.0,0.0,0,7.6790442,0.0,0.0,7.4777904,4.141014,4.0709667,0.0,3.729787,0.27754247,5.091105
2,372,373.0,10.0,1.0,1.0,354.0,1.0,1.0,1.0,0.98274064,1.0,-0.0,0.0,-1.4907858e-05,-0.017244464,0.34987146,3.1557403,0.36828074,6.0346675,0.92676914,4.6369863,0.0,8.69538,-1.4630752,0.9722222,149.05074,1.0,0.0,0.0,1.0,0.0,0,7.4595366,0.0,0.0,6.549525,3.5319026,5.96896,0.0,3.4189343,0.0,3.9276652
3,372,373.0,10.0,1.0,1.0,352.0,1.0,1.0,1.0,0.9999866,1.0,-0.0,0.0,-1.3430812e-05,-0.0,0.044218637,2.9300375,0.48536292,4.2371736,0.9161398,4.238836,1.0,8.593977,-3.3732448,0.9907407,152.19283,1.0,0.0,0.0,1.0,0.0,0,7.9871645,0.0,0.0,7.2667003,3.7291734,6.300606,0.0,3.3235726,0.0,5.095558
0,373,374.0,10.0,1.0,1.0,354.0,1.0,1.0,1.0,0.99998116,1.0,-0.0,0.0,-1.8813207e-05,-0.0,0.5762752,2.9685612,0.46828794,4.195956,0.8404593,4.902564,1.0,7.6478066,-0.5976791,0.9814815,151.2167,1.0,0.0,0.0,1.0,0.0,0,7.535503,0.0,0.0,6.8428526,3.594197,5.6912265,0.0,2.7962542,0.0,4.349837
1,373,374.0,10.0,1.0,1.0,354.0,1.0,1.0,1.0,0.9954422,1.0,-0.0,0.0,-1.817058e-05,-0.0045395927,0.55915046,2.7965946,0.55572265,4.196329,0.9500225,5.272375,0.0,7.4099965,-0.30133688,0.9814815,150.57571,1.0,0.0,0.0,1.0,0.0,0,7.458923,0.0,0.0,6.8704863,3.5751956,4.1866913,0.0,3.663123,0.3425253,5.212814
2,373,374.0,10.0,1.0,1.0,355.0,1.0,1.0,1.0,0.9818638,1.0,-0.0,0.0,-1.3229358e-05,-0.01812299,0.24650246,3.2905293,0.33413687,6.087379,0.93004584,4.729929,0.0,9.279236,-1.2203875,0.9722222,149.48657,1.0,0.0,0.0,1.0,0.0,0,7.5954237,0.0,0.0,6.432807,3.5320027,5.968722,0.0,3.401846,0.0,3.9897966
3,373,374.0,10.0,1.0,1.0,353.0,1.0,1.0,1.0,0.9999888,1.0,-0.0,0.0,-1.123065e-05,-0.0,0.46467036,2.9852486,0.45564073,4.476342,0.9186766,4.317703,1.0,8.920903,-0.4848838,0.9907407,152.62468,1.0,0.0,0.0,1.0,0.0,0,7.3566866,0.0,0.0,6.8582644,3.939813,5.8377137,0.0,3.3642378,0.124642074,5.248779
0,374,375.0,10.0,1.0,1.0,355.0,1.0,1.0,1.0,0.9999838,1.0,-0.0,0.0,-1.6232332e-05,-0.0,0.28959662,3.1699374,0.34649602,4.3433733,0.84406257,4.9817724,1.0,9.085711,-0.97225046,0.9814815,151.73207,1.0,0.0,0.0,1.0,0.0,0,7.060174,0.0,0.0,6.3431735,3.4882357,5.667161,0.0,2.7836628,0.0,4.4181957
1,374,375.0,10.0,1.0,1.0,355.0,1.0,1.0,1.0,0.9943056,1.0,-0.0,0.0,-1.6207896e-05,-0.005678164,0.32892153,2.965616,0.4768071,4.4822845,0.95455086,5.340689,0.0,8.544746,-1.5082806,0.9814815,151.07967,1.0,0.0,0.0,1.0,0.0,0,7.0732937,0.0,0.0,6.401221,3.4843664,4.16569,0.0,3.6089032,0.41584355,5.289658
2,374,375.0,10.0,1.0,1.0,356.0,1.0,1.0,1.0,0.9838367,1.0,-0.0,0.0,-1.2583478e-05,-0.01615073,0.210483,3.142794,0.3510464,5.9690433,0.9213472,4.554021,0.0,9.284952,-2.29849,0.9722222,150.09502,1.0,0.0,0.0,1.0,0.0,0,7.22713,0.0,0.0,5.9759645,3.9035997,6.6412673,0.0,3.957632,0.0,3.8633025
3,374,375.0,10.0,1.0,1.0,354.0,1.0,1.0,1.0,0.9999841,1.0,-0.0,0.0,-1.5897773e-05,-0.0,0.4558224,3.0084038,0.48040715,4.3042645,0.92317295,4.376413,1.0,8.341343,-1.1391779,0.9907407,152.77141,1.0,0.0,0.0,1.0,0.0,0,7.4189825,0.0,0.0,6.830111,3.369897,5.9096494,0.0,3.3345103,0.20967023,5.3237247
0,375,376.0,10.0,1.0,1.0,356.0,1.0,1.0,1.0,0.9979502,1.0,-0.0,0.0,-1.3462252e-05,-0.0020363568,0.0023383647,3.1113749,0.30390698,5.122181,0.8389329,4.918507,0.0,10.464634,-4.044607,0.9814815,152.36612,1.0,0.0,0.0,1.0,0.0,0,6.5479155,0.0,0.0,5.676149,3.6496162,6.065679,0.0,4.0911064,0.0,4.6250963
1,375,376.0,10.0,1.0,1.0,356.0,1.0,1.0,1.0,0.9879661,1.0,-0.0,0.0,-1.310566e-05,-0.01202077,0.0009344891,2.9035974,0.4564502,5.40539,0.9545531,5.3158555,0.0,9.985266,-3.7296228,0.9814815,151.77264,1.0,0.0,0.0,1.0,0.0,0,5.775103,0.0,0.0,4.901603,3.1224236,4.4754806,0.0,3.7669,0.3057073,4.9524455
2,375,376.0,10.0,1.0,1.0,357.0,1.0,1.0,1.0,0.9808432,1.0,-0.0,0.0,-1.2054517e-05,-0.019144785,0.38728714,3.2049823,0.3998149,6.1486864,0.9283536,4.7408404,0.0,8.755645,-1.1187261,0.9722222,150.32556,1.0,0.0,0.0,1.0,0.0,0,7.516362,0.0,0.0,6.7496676,3.7469819,6.0863547,0.0,3.291536,0.0,4.110414
3,375,376.0,10.0,1.0,1.0,355.0,1.0,1.0,1.0,0.99998593,1.0,-0.0,0.0,-1.4094803e-05,-0.0,0.28535277,3.1733723,0.42036128,4.508929,0.9278064,4.4378753,1.0,9.232099,-0.96060896,0.9907407,153.2444,1.0,0.0,0.0,1.0,0.0,0,7.2520676,0.0,0.0,6.620509,3.2922432,5.8720684,0.0,3.3573983,0.24489348,5.426286
0,376,377.0,10.0,1.0,1.0,357.0,1.0,1.0,1.0,0.98934305,1.0,-0.0,0.0,-1.3098082e-05,-0.010643826,0.061092712,3.2389116,0.3089833,5.5804343,0.8439786,5.0581946,0.0,10.781876,-3.5524516,0.9814815,152.61182,1.0,0.0,0.0,1.0,0.0,0,7.0270805,0.0,0.0,6.4958634,3.3473587,5.7126727,0.0,2.8434196,0.0,4.4684124
1,376,377.0,10.0,1.0,1.0,357.0,1.0,1.0,1.0,0.9729092,1.0,-0.0,0.0,-1.3286505e-05,-0.027077517,0.02445504,3.0480962,0.47563916,6.1961336,0.9585111,5.4285164,0.0,10.6251,-3.8438942,0.9814815,152.00574,1.0,0.0,0.0,1.0,0.0,0,6.750495,0.0,0.0,6.2325788,3.194446,4.1588335,0.0,3.7669883,0.5137985,5.405191
2,376,377.0,10.0,1.0,1.0,358.0,1.0,1.0,1.0,0.98253804,1.0,-0.0,0.0,-1.00670395e-05,-0.017451866,0.31636953,3.141509,0.39982447,6.0471115,0.92723024,4.6895347,0.0,8.500549,-2.8569977,0.9722222,150.9175,1.0,0.0,0.0,1.0,0.0,0,6.5588117,0.0,0.0,6.003585,3.4371395,6.6281753,0.0,3.7024462,0.0,3.4992282
3,376,377.0,10.0,1.0,1.0,356.0,1.0,1.0,1.0,0.9984139,1.0,-0.0,0.0,-1.2119926e-05,-0.0015739957,0.0010021031,3.1081893,0.39286077,5.0944395,0.92700094,4.424448,0.0,10.370332,-4.2361636,0.9907407,153.90569,1.0,0.0,0.0,1.0,0.0,0,6.5709844,0.0,0.0,5.4498987,3.3464975,6.2885227,0.0,3.9358256,0.090344615,5.177378
0,377,378.0,10.0,1.0,1.0,358.0,1.0,1.0,1.0,0.99999017,1.0,-0.0,0.0,-9.84041e-06,-0.0,0.06367471,3.1833754,0.26303226,4.7794914,0.8396207,4.9546676,1.0,10.059541,-5.1382065,0.9814815,153.16115,1.0,0.0,0.0,1.0,0.0,0,7.1994014,0.0,0.0,6.215804,3.5436153,6.421036,0.0,3.372315,0.0,4.1269007
1,377,378.0,10.0,1.0,1.0,358.0,1.0,1.0,1.0,0.9932131,1.0,-0.0,0.0,-1.1074982e-05,-0.006775818,0.09468179,2.9729455,0.36311772,4.8939323,0.94842196,5.4065485,0.0,9.4574995,-3.6527886,0.9814815,152.40277,1.0,0.0,0.0,1.0,0.0,0,7.5366626,0.0,0.0,6.9555817,3.4548714,5.0474353,0.0,3.4619205,0.0,5.212749
2,377,378.0,10.0,1.0,1.0,359.0,1.0,1.0,1.0,0.97970176,1.0,-0.0,0.0,-1.3600003e-05,-0.02028463,0.29698908,3.2274437,0.40231586,6.2170773,0.9331885,4.8636026,0.0,9.204192,-3.0545323,0.9722222,151.27719,1.0,0.0,0.0,1.0,0.0,0,7.1642923,0.0,0.0,6.3762956,3.5399563,6.1697106,0.0,3.3130486,0.0,4.1615725
3,377,378.0,10.0,1.0,1.0,357.0,1.0,1.0,1.0,0.9884707,1.0,-0.0,0.0,-1.2221102e-05,-0.0115171,0.047188997,3.2272685,0.40842375,5.6910257,0.93176764,4.5295434,0.0,10.844857,-4.004111,0.9907407,154.13834,1.0,0.0,0.0,1.0,0.0,0,6.887364,0.0,0.0,6.4331465,3.110879,5.8881197,0.0,3.535968,0.3698636,5.5148454
0,378,379.0,10.0,1.0,1.0,359.0,1.0,1.0,1.0,0.9988651,1.0,-0.0,0.0,-1.2871409e-05,-0.0011219796,0.23401678,3.216686,0.32027596,4.8940926,0.8431658,5.0673184,0.0,9.870079,-3.3931258,0.9814815,153.46494,1.0,0.0,0.0,1.0,0.0,0,6.953479,0.0,0.0,6.364326,3.4121854,5.7995305,0.0,2.8447704,0.0,4.4812512
1,378,379.0,10.0,1.0,1.0,359.0,1.0,1.0,1.0,0.99124205,1.0,-0.0,0.0,-1.241251e-05,-0.008745566,0.3557831,3.0596805,0.4039147,4.7933946,0.95059294,5.5247335,0.0,9.036767,-2.61937,0.9814815,152.75821,1.0,0.0,0.0,1.0,0.0,0,6.9663024,0.0,0.0,6.4575996,3.4849834,4.679604,0.0,3.3163028,0.47606847,5.4149323
2,378,379.0,10.0,1.0,1.0,360.0,1.0,1.0,1.0,0.98264444,1.0,-0.0,0.0,-9.56314e-06,-0.017346054,0.17613061,3.1196463,0.40078843,6.040763,0.9299147,4.819294,0.0,8.83242,-4.0278716,0.9722222,151.84296,1.0,0.0,0.0,1.0,0.0,0,7.164632,0.0,0.0,5.9799967,3.461702,6.674641,0.0,3.8080335,0.0,4.029156
3,378,379.0,10.0,1.0,1.0,358.0,1.0,1.0,1.0,0.99983406,1.0,-0.0,0.0,-1.0016421e-05,-0.00015593464,0.04223287,3.1761832,0.35607415,5.0093555,0.9303039,4.473543,0.0,10.259616,-5.701024,0.9907407,154.66937,1.0,0.0,0.0,1.0,0.0,0,6.2188897,0.0,0.0,5.927235,3.250646,6.3748026,0.0,3.761246,0.13803935,5.062662
0,379,380.0,10.0,1.0,1.0,360.0,1.0,1.0,1.0,0.9982625,1.0,-0.0,0.0,-9.976588e-06,-0.0017275398,0.16781837,3.066001,0.35902014,4.321509,0.84225535,5.103652,0.0,9.0904875,-3.7721293,0.9814815,154.03055,1.0,0.0,0.0,1.0,0.0,0,6.641904,0.0,0.0,5.627051,3.215318,6.0406923,0.0,2.9675264,0.0,4.125315
1,379,380.0,10.0,1.0,1.0,360.0,1.0,1.0,1.0,0.99064136,1.0,-0.0,0.0,-1.2708575e-05,-0.00934594,0.24885982,2.8857703,0.4337107,4.32169,0.95349795,5.5607557,0.0,8.437126,-2.6823394,0.9814815,153.37152,1.0,0.0,0.0,1.0,0.0,0,5.9864955,0.0,0.0,5.93865,3.0070677,5.0094705,0.0,2.9828448,0.6176157,5.214156
2,379,380.0,10.0,1.0,1.0,361.0,1.0,1.0,1.0,0.9775629,1.0,-0.0,0.0,-1.2336313e-05,-0.022424763,0.2923954,3.1754475,0.4221854,6.345485,0.9347843,4.9556155,0.0,9.343737,-2.8611403,0.9722222,152.14096,1.0,0.0,0.0,1.0,0.0,0,7.1956353,0.0,0.0,6.338665,3.5571613,6.223338,0.0,3.3013463,0.0,4.1795406
3,379,380.0,10.0,1.0,1.0,359.0,1.0,1.0,1.0,0.9977988,1.0,-0.0,0.0,-1.2150126e-05,-0.0021890686,0.24947263,3.21585,0.4110442,5.131344,0.9328647,4.558488,0.0,10.025993,-3.6434717,0.9907407,154.96942,1.0,0.0,0.0,1.0,0.0,0,6.8413405,0.0,0.0,6.378744,3.2341878,5.9656935,0.0,3.6126626,0.29250044,5.5944853
0,380,381.0,10.0,1.0,1.0,361.0,1.0,1.0,1.0,0.9964972,1.0,-0.0,0.0,-1.1463704e-05,-0.003491358,0.32014847,3.1026413,0.38999102,4.7239666,0.84371746,5.2094812,0.0,9.39191,-2.2826707,0.9814815,154.31285,1.0,0.0,0.0,1.0,0.0,0,6.9083853,0.0,0.0,6.303342,3.390575,5.889067,0.0,2.808131,0.0,4.514063
1,380,381.0,10.0,1.0,1.0,361.0,1.0,1.0,1.0,0.9893755,1.0,-0.0,0.0,-9.869677e-06,-0.0106146475,0.2534997,2.993728,0.4492917,5.0031004,0.9554966,5.6337776,0.0,9.339193,-2.5650356,0.9814815,153.73265,1.0,0.0,0.0,1.0,0.0,0,6.79867,0.0,0.0,6.302935,3.558921,4.651266,0.0,3.3064947,0.577428,5.5649595
2,380,381.0,10.0,1.0,1.0,362.0,1.0,1.0,1.0,0.9788436,1.0,-0.0,0.0,-9.513837e-06,-0.021146806,0.104922056,3.072304,0.39964056,6.2242527,0.9373014,5.0445547,0.0,9.01539,-4.1942325,0.9722222,152.65298,1.0,0.0,0.0,1.0,0.0,0,6.5328765,0.0,0.0,5.204492,2.7944334,6.285562,0.0,3.2523355,0.0,4.2278023
3,380,381.0,10.0,1.0,1.0,360.0,1.0,1.0,1.0,0.9999898,1.0,-0.0,0.0,-1.0200633e-05,-0.0,0.20250529,3.0659192,0.4336251,4.6674457,0.931658,4.6783357,1.0,9.293266,-3.7188911,0.9907407,155.53539,1.0,0.0,0.0,1.0,0.0,0,6.414615,0.0,0.0,5.2023253,3.0178285,6.4179573,0.0,3.1899018,0.6823518,5.5314894
0,381,382.0,10.0,1.0,1.0,362.0,1.0,1.0,1.0,0.9956314,1.0,-0.0,0.0,-9.905886e-06,-0.004358735,0.2256535,2.9671032,0.41378382,4.4561844,0.8444693,5.2615237,0.0,8.816081,-4.264002,0.9814815,154.79008,1.0,0.0,0.0,1.0,0.0,0,6.272422,0.0,0.0,5.1574483,2.760862,5.979559,0.0,2.7744334,0.0,4.5536427
1,381,382.0,10.0,1.0,1.0,362.0,1.0,1.0,1.0,0.98913354,1.0,-0.0,0.0,-9.74922e-06,-0.010856693,0.043134764,2.8713155,0.41131783,4.651147,0.957085,5.651401,0.0,9.135617,-5.2978134,0.9814815,154.19919,1.0,0.0,0.0,1.0,0.0,0,6.1891575,0.0,0.0,5.0771646,2.6351786,4.7205906,0.0,3.3620439,0.5055073,5.579604
2,381,382.0,10.0,1.0,1.0,363.0,1.0,1.0,1.0,0.9693011,1.0,-0.0,0.0,-1.2490541e-05,-0.030686352,0.03682077,3.155203,0.402938,6.739523,0.93839055,5.1016574,0.0,10.460571,-4.754597,0.9722222,152.99881,1.0,0.0,0.0,1.0,0.0,0,7.070721,0.0,0.0,6.1343274,3.312661,6.314999,0.0,3.3328586,0.0,4.218001
3,381,382.0,10.0,1.0,1.0,361.0,1.0,1.0,1.0,0.9986762,1.0,-0.0,0.0,-8.925767e-06,-0.0013148967,0.283847,3.1303365,0.45549735,5.078893,0.9320438,4.703704,0.0,9.787635,-2.9580026,0.9907407,155.85492,1.0,0.0,0.0,1.0,0.0,0,6.7487597,0.0,0.0,6.224424,3.119022,6.0692015,0.0,3.3259232,0.5026112,5.5403166
0,382,383.0,10.0,1.0,1.0,363.0,1.0,1.0,1.0,0.99548733,1.0,-0.0,0.0,-1.26891855e-05,-0.004499985,0.25872588,3.0361636,0.4021095,4.936303,0.8440485,5.2699986,0.0,9.638657,-2.6241214,0.9814815,155.11351,1.0,0.0,0.0,1.0,0.0,0,6.5624685,0.0,0.0,5.9808893,3.1973777,6.0288873,0.0,2.8141475,0.0,4.499747
1,382,383.0,10.0,1.0,1.0,363.0,1.0,1.0,1.0,0.97719574,1.0,-0.0,0.0,-1.2372341e-05,-0.022791851,0.084302574,2.9979928,0.44066423,5.705866,0.9569292,5.6616445,0.0,10.151485,-4.6549683,0.9814815,154.53647,1.0,0.0,0.0,1.0,0.0,0,6.2057767,0.0,0.0,5.6530695,3.1549995,4.701174,0.0,3.481704,0.0,5.631251
2,382,383.0,10.0,1.0,1.0,364.0,1.0,1.0,1.0,0.9741062,1.0,-0.0,0.0,-1.1095116e-05,-0.025882725,0.056000613,3.006464,0.37108317,6.3939238,0.93926096,5.159039,0.0,9.698196,-5.892218,0.9722222,153.37068,1.0,0.0,0.0,1.0,0.0,0,6.72948,0.0,0.0,4.845045,2.939355,6.3309097,0.0,3.336233,0.0,4.2838907
3,382,383.0,10.0,1.0,1.0,362.0,1.0,1.0,1.0,0.9999915,1.0,-0.0,0.0,-8.540668e-06,-0.0,0.20030141,2.9877963,0.46262833,4.8511925,0.9330851,4.712683,1.0,9.2773075,-4.2603045,0.9907407,156.31981,1.0,0.0,0.0,1.0,0.0,0,6.3721952,0.0,0.0,5.084858,2.9846938,6.1095095,0.0,3.4372954,0.33560967,5.5637703
0,383,384.0,10.0,1.0,1.0,364.0,1.0,1.0,1.0,0.9950666,1.0,-0.0,0.0,-1.1000019e-05,-0.0049223965,0.16698055,2.882611,0.41893837,4.5689526,0.84393686,5.2953434,0.0,9.005905,-3.7157805,0.9814815,155.52475,1.0,0.0,0.0,1.0,0.0,0,6.2216964,0.0,0.0,5.0255065,2.6794963,6.0661173,0.0,2.7982023,0.0,4.561796
1,383,384.0,10.0,1.0,1.0,364.0,1.0,1.0,1.0,0.98875785,1.0,-0.0,0.0,-9.837163e-06,-0.011232331,0.108308345,2.8613422,0.40466303,4.8936124,0.95788044,5.673939,0.0,9.238078,-4.4026637,0.9814815,154.9181,1.0,0.0,0.0,1.0,0.0,0,6.03864,0.0,0.0,4.62379,2.7211828,4.745682,0.0,3.5228,0.0,5.734248
2,383,384.0,10.0,1.0,1.0,365.0,1.0,1.0,1.0,0.96671796,1.0,-0.0,0.0,-1.3500455e-05,-0.03326854,0.07722303,3.005531,0.41797948,6.8419313,0.9383203,5.1541805,0.0,10.257507,-4.4859962,0.9722222,153.61945,1.0,0.0,0.0,1.0,0.0,0,7.0576777,0.0,0.0,5.9998765,3.2096462,6.3441973,0.0,3.3691933,0.0,4.259669
3,383,384.0,10.0,1.0,1.0,363.0,1.0,1.0,1.0,0.99558836,1.0,-0.0,0.0,-1.3237538e-05,-0.0043984,0.30037835,3.055928,0.47772717,5.2639036,0.93376833,4.728605,0.0,9.849117,-2.1056523,0.9907407,156.62372,1.0,0.0,0.0,1.0,0.0,0,6.5794353,0.0,0.0,6.102977,3.0483406,6.145334,0.0,3.6325176,0.044963334,5.5581927
0,384,385.0,10.0,1.0,1.0,365.0,1.0,1.0,1.0,0.99448377,1.0,-0.0,0.0,-1.3008669e-05,-0.005503254,0.22464097,2.9016693,0.42228228,5.036478,0.8428877,5.2937164,0.0,9.692903,-3.0123918,0.9814815,155.7931,1.0,0.0,0.0,1.0,0.0,0,6.573939,0.0,0.0,5.9701834,3.1660957,6.080481,0.0,2.82895,0.0,4.5195603
1,384,385.0,10.0,1.0,1.0,365.0,1.0,1.0,1.0,0.983101,1.0,-0.0,0.0,-1.37371e-05,-0.016885258,0.29018188,2.88972,0.45889676,5.3480144,0.9582826,5.6651,0.0,9.509918,-2.5850003,0.9814815,155.17717,1.0,0.0,0.0,1.0,0.0,0,6.6970863,0.0,0.0,5.9371467,3.2588317,4.7318993,0.0,3.5122309,0.0,5.7545724
2,384,385.0,10.0,1.0,1.0,366.0,1.0,1.0,1.0,0.9693694,1.0,-0.0,0.0,-1.1527369e-05,-0.030619076,0.21831281,2.8249016,0.4496763,6.691477,0.9377404,5.1456666,0.0,8.806047,-3.114801,0.9722222,153.88289,1.0,0.0,0.0,1.0,0.0,0,7.26866,0.0,0.0,5.351138,3.0067482,6.3967595,0.0,3.3184738,0.0,4.315912
3,384,385.0,10.0,1.0,1.0,364.0,1.0,1.0,1.0,0.9999889,1.0,-0.0,0.0,-1.1081159e-05,-0.0,0.28935596,2.9006116,0.4936715,4.969184,0.93483824,4.7593,1.0,9.106339,-2.9669404,0.9907407,157.03677,1.0,0.0,0.0,1.0,0.0,0,6.526384,0.0,0.0,5.195469,2.8661354,6.217118,0.0,3.6541772,0.15857437,5.6841316
0,385,386.0,10.0,1.0,1.0,366.0,1.0,1.0,1.0,0.99506146,1.0,-0.0,0.0,-1.1224269e-05,-0.00492732,0.220754,2.7471695,0.44803777,4.684858,0.8422303,5.2956386,0.0,8.8669615,-3.4649205,0.9814815,156.08017,1.0,0.0,0.0,1.0,0.0,0,6.5823574,0.0,0.0,5.037541,2.920227,6.139729,0.0,2.7953258,0.0,4.580431
1,385,386.0,10.0,1.0,1.0,366.0,1.0,1.0,1.0,0.9887476,1.0,-0.0,0.0,-1.0822428e-05,-0.011241531,0.33900625,2.6998465,0.47929633,4.906076,0.95987505,5.6744914,0.0,8.661657,-2.5397391,0.9814815,155.48175,1.0,0.0,0.0,1.0,0.0,0,6.3084984,0.0,0.0,4.9524045,2.796504,4.742881,0.0,3.4444966,0.0,5.8874927
2,385,386.0,10.0,1.0,1.0,367.0,1.0,1.0,1.0,0.9670652,1.0,-0.0,0.0,-1.5095353e-05,-0.032919727,0.24482682,2.7500966,0.4959215,6.844907,0.937634,5.1302757,0.0,9.085169,-2.7069318,0.9722222,154.01654,1.0,0.0,0.0,1.0,0.0,0,7.1186466,0.0,0.0,6.0476108,3.2436485,6.3845167,0.0,3.2645624,0.0,4.3112926
3,385,386.0,10.0,1.0,1.0,365.0,1.0,1.0,1.0,0.99628496,1.0,-0.0,0.0,-1.3553125e-05,-0.0037015143,0.3599614,2.9117148,0.51698494,5.2220902,0.9352586,4.743152,0.0,9.568031,-2.1948683,0.9907407,157.30087,1.0,0.0,0.0,1.0,0.0,0,6.6440034,0.0,0.0,6.125722,3.0959501,6.2280064,0.0,3.6150258,0.03467397,5.5699387
0,386,387.0,10.0,1.0,1.0,367.0,1.0,1.0,1.0,0.99539924,1.0,-0.0,0.0,-1.4209491e-05,-0.0045866002,0.2030056,2.7067525,0.46081805,4.980987,0.8417282,5.2751956,0.0,9.329549,-3.5489342,0.9814815,156.24077,1.0,0.0,0.0,1.0,0.0,0,6.6104703,0.0,0.0,5.998727,3.142468,6.115162,0.0,2.8252974,0.0,4.5885644
1,386,387.0,10.0,1.0,1.0,367.0,1.0,1.0,1.0,0.9861883,1.0,-0.0,0.0,-1.40374505e-05,-0.013797622,0.28812662,2.6870997,0.5067862,5.1588874,0.96119803,5.668969,0.0,9.073028,-2.7615428,0.9814815,155.64165,1.0,0.0,0.0,1.0,0.0,0,6.658785,0.0,0.0,6.0279536,3.2166946,4.6944423,0.0,3.5326135,0.0,5.899463
2,386,387.0,10.0,1.0,1.0,368.0,1.0,1.0,1.0,0.9681532,1.0,-0.0,0.0,-1.1792919e-05,-0.031835,0.6097123,2.6743052,0.480055,6.762607,0.9369435,5.147492,0.0,8.685932,1.0508028,0.9722222,155.0114,1.0,0.0,0.0,1.0,0.0,0,7.9883842,0.0,0.0,6.670605,3.6125877,6.2811327,0.0,3.5987713,0.0,4.423297
3,386,387.0,10.0,1.0,1.0,366.0,1.0,1.0,1.0,0.9984609,1.0,-0.0,0.0,-1.12169155e-05,-0.0015278778,0.3063556,2.7618911,0.5232887,5.0916724,0.9359639,4.7515626,0.0,9.055252,-2.6726062,0.9907407,157.60616,1.0,0.0,0.0,1.0,0.0,0,6.393403,0.0,0.0,5.333355,2.7457821,6.2259445,0.0,3.5815961,0.046973262,5.6549544
0,387,388.0,10.0,1.0,1.0,368.0,1.0,1.0,1.0,0.994599,1.0,-0.0,0.0,-1.1641146e-05,-0.0053893677,0.5740661,2.646158,0.44289118,4.8093743,0.8382774,5.3233614,0.0,8.900641,0.4841797,0.9814815,157.25778,1.0,0.0,0.0,1.0,0.0,0,7.834763,0.0,0.0,6.940945,3.5809937,6.3323207,0.0,2.988403,0.0,4.6172624
1,387,388.0,10.0,1.0,1.0,368.0,1.0,1.0,1.0,0.9882688,1.0,-0.0,0.0,-1.1506538e-05,-0.011719693,0.6000441,2.6871898,0.46930233,5.0409837,0.96163017,5.662197,0.0,8.819399,-0.18359348,0.9814815,156.65393,1.0,0.0,0.0,1.0,0.0,0,7.6589856,0.0,0.0,6.9242177,3.4903762,4.532965,0.0,3.7486675,0.0,5.894867
2,387,388.0,10.0,1.0,1.0,369.0,1.0,1.0,1.0,0.9662999,1.0,-0.0,0.0,-1.3864276e-05,-0.03368622,0.3774017,2.4512506,0.5147487,6.8709435,0.93934846,5.1502285,0.0,8.362362,-2.3642826,0.9722222,155.34854,1.0,0.0,0.0,1.0,0.0,0,6.740315,0.0,0.0,5.303967,2.8191664,6.3923464,0.0,3.4019406,0.0,4.5036473
3,387,388.0,10.0,1.0,1.0,367.0,1.0,1.0,1.0,0.9949504,1.0,-0.0,0.0,-1.3870979e-05,-0.005035671,0.21153167,2.7384202,0.52858496,5.3021398,0.9355214,4.732411,0.0,9.643958,-3.1931298,0.9907407,157.77513,1.0,0.0,0.0,1.0,0.0,0,6.6936016,0.0,0.0,6.3510957,2.894062,6.174512,0.0,3.616151,0.0019331684,5.6091337
0,388,389.0,10.0,1.0,1.0,369.0,1.0,1.0,1.0,0.9945137,1.0,-0.0,0.0,-1.3629391e-05,-0.005472675,0.39594805,2.4133527,0.49936762,4.8729305,0.8401869,5.32836,0.0,8.4916725,-2.89068,0.9814815,157.59253,1.0,0.0,0.0,1.0,0.0,0,6.4152274,0.0,0.0,5.2102237,2.6997256,6.1137395,0.0,2.728265,0.0,4.907151
1,388,389.0,10.0,1.0,1.0,369.0,1.0,1.0,1.0,0.98952794,1.0,-0.0,0.0,-1.3381628e-05,-0.010458671,0.41421914,2.4416068,0.5019425,4.916916,0.9639935,5.6275196,0.0,8.478757,-1.8512924,0.9814815,156.97855,1.0,0.0,0.0,1.0,0.0,0,6.417772,0.0,0.0,5.4741955,2.7961967,4.645226,0.0,3.6400485,0.0,5.996936
2,388,389.0,10.0,1.0,1.0,370.0,1.0,1.0,1.0,0.956758,1.0,-0.0,0.0,-1.8032786e-05,-0.043223947,0.8587085,2.2277355,0.71880513,7.520095,0.9329273,5.073341,0.0,6.9271894,1.706995,0.9722222,155.89319,1.0,0.0,0.0,1.0,0.0,0,7.6217976,0.0,0.0,6.9951286,4.0569706,6.4603634,0.0,2.8443394,0.0,4.531462
3,388,389.0,10.0,1.0,1.0,368.0,1.0,1.0,1.0,0.99769783,1.0,-0.0,0.0,-1.1467676e-05,-0.0022907315,0.5082097,2.7036831,0.48503956,5.1374435,0.93382466,4.717664,0.0,9.456627,0.124036334,0.9907407,158.79607,1.0,0.0,0.0,1.0,0.0,0,7.651236,0.0,0.0,6.8075504,3.4576066,6.080595,0.0,3.8931246,0.0,5.6782975
0,389,390.0,10.0,1.0,1.0,370.0,1.0,1.0,1.0,0.98686767,1.0,-0.0,0.0,-1.8698458e-05,-0.013113593,0.88665634,2.2162507,0.7021786,5.559629,0.8382294,5.2271857,0.0,7.2173266,1.5215585,0.9814815,158.16121,1.0,0.0,0.0,1.0,0.0,0,7.970294,0.0,0.0,7.2557034,4.0004234,6.0974803,0.0,2.7124722,0.0,4.9757175
1,389,390.0,10.0,1.0,1.0,370.0,1.0,1.0,1.0,0.9878155,1.0,-0.0,0.0,-1.8839724e-05,-0.012165677,0.29799268,2.4933507,0.49644518,5.1241674,0.96589726,5.6057725,0.0,9.069063,-2.560812,0.9814815,157.65202,1.0,0.0,0.0,1.0,0.0,0,7.0035815,0.0,0.0,6.2877893,3.3390772,4.5789356,0.0,3.6338184,0.0,5.9553213
2,389,390.0,10.0,1.0,1.0,371.0,1.0,1.0,1.0,0.9553091,1.0,-0.0,0.0,-1.5552465e-05,-0.044675328,0.9624667,2.330956,0.70662296,7.5621605,0.9353322,5.118358,0.0,6.674941,3.1364784,0.9722222,156.70714,1.0,0.0,0.0,1.0,0.0,0,7.735689,0.0,0.0,7.1880608,3.8684342,6.589038,0.0,3.0101204,0.0,4.493693
3,389,390.0,10.0,1.0,1.0,369.0,1.0,1.0,1.0,0.9988061,1.0,-0.0,0.0,-1.2725319e-05,-0.0011811887,0.32912678,2.4683008,0.5211426,5.070871,0.9350599,4.706366,0.0,9.039963,-3.0321312,0.9907407,159.12256,1.0,0.0,0.0,1.0,0.0,0,6.5650663,0.0,0.0,5.5052,2.7700841,6.166829,0.0,3.7144246,0.0,5.738765
0,390,391.0,10.0,1.0,1.0,370.0,0.0,0.0,1.0,-0.048074506,0.0,-0.02966877,0.0,-1.568145e-05,-0.018390056,1.0296688,2.3004518,0.719084,5.837863,0.84216225,5.265539,0.0,6.9085894,3.117875,0.9814815,158.95901,1.0,0.0,0.0,1.0,0.0,0,8.189889,0.0,0.0,7.4020934,3.9068153,6.2337694,0.0,2.4500465,0.0,5.0188365
1,390,391.0,10.0,1.0,1.0,371.0,1.0,1.0,1.0,0.98704463,1.0,-0.0,0.0,-1.20419145e-05,-0.012943308,0.2490867,2.590587,0.458342,5.1417084,0.9693513,5.634889,0.0,9.176438,-3.5369341,0.9814815,158.44185,1.0,0.0,0.0,1.0,0.0,0,7.296146,0.0,0.0,6.451757,3.3331878,4.611623,0.0,3.5969574,0.0,6.0799975
2,390,391.0,10.0,1.0,1.0,372.0,1.0,1.0,1.0,0.9683855,1.0,-0.0,0.0,-2.032968e-05,-0.031594142,0.41545257,2.3059807,0.5938957,6.746027,0.94009286,5.149621,0.0,7.4689474,-2.2008755,0.9722222,157.13226,1.0,0.0,0.0,1.0,0.0,0,7.3482447,0.0,0.0,5.545254,3.12856,6.519992,0.0,2.790882,0.0,4.467607
3,390,391.0,10.0,1.0,1.0,370.0,1.0,1.0,1.0,0.98690957,1.0,-0.0,0.0,-1.75591e-05,-0.0130728325,0.87298006,2.2601154,0.7310663,5.7843695,0.93012005,4.6127796,0.0,7.749269,1.3958812,0.9907407,159.69861,1.0,0.0,0.0,1.0,0.0,0,8.035204,0.0,0.0,7.2844625,3.8640518,6.1539335,0.0,3.559963,0.0,5.721114
0,391,392.0,10.0,1.0,1.0,371.0,1.0,1.0,1.0,0.99503225,1.0,-0.0,0.0,-2.0759428e-05,-0.0049470277,0.39821565,2.4051507,0.5893022,4.6973743,0.84794724,5.296821,0.0,7.558578,-2.1540356,0.9814815,159.34407,1.0,0.0,0.0,1.0,0.0,0,7.4266906,0.0,0.0,6.5582657,3.3922474,6.4228764,0.0,2.1601646,0.0,4.817182
1,391,392.0,10.0,1.0,1.0,372.0,1.0,1.0,1.0,0.9902894,1.0,-0.0,0.0,-1.3318256e-05,-0.009697289,0.11788942,2.463394,0.454175,4.8526444,0.9715623,5.5818367,0.0,8.848375,-4.626249,0.9814815,158.70772,1.0,0.0,0.0,1.0,0.0,0,5.6002827,0.0,0.0,5.7540307,2.7031543,4.5339394,0.0,3.2783108,0.0,5.843175
2,391,392.0,10.0,1.0,1.0,373.0,1.0,1.0,1.0,0.9750709,1.0,-0.0,0.0,-2.0198275e-05,-0.024908874,0.15386882,2.4004524,0.5332769,6.3360996,0.9429693,5.158432,0.0,9.083632,-4.845285,0.9722222,157.64368,1.0,0.0,0.0,1.0,0.0,0,7.4893837,0.0,0.0,6.442427,3.5391164,6.4447417,0.0,2.7854614,0.0,4.78529
3,391,392.0,10.0,1.0,1.0,370.0,0.0,0.0,1.0,-0.115269884,0.0,-0.09272415,0.0,-1.6119837e-05,-0.022529613,1.0927241,2.331819,0.7671183,6.351776,0.933524,4.65653,0.0,7.4389095,3.7109115,0.9907407,160.5139,1.0,0.0,0.0,1.0,0.0,0,8.011826,0.0,0.0,7.570922,3.8021433,6.190769,0.0,3.4575775,0.0,5.80995
0,392,393.0,10.0,1.0,1.0,372.0,1.0,1.0,1.0,0.99600625,1.0,-0.0,0.0,-1.775197e-05,-0.00397596,0.004703738,2.3557837,0.44279546,4.3310995,0.8491381,5.2385573,0.0,9.157832,-5.1219826,0.9814815,159.62946,1.0,0.0,0.0,1.0,0.0,0,5.244726,0.0,0.0,5.2056513,2.5817318,6.2089214,0.0,2.5328503,0.0,4.7278395
1,392,393.0,10.0,1.0,1.0,373.0,1.0,1.0,1.0,0.9887375,1.0,-0.0,0.0,-1.6502405e-05,-0.011245977,0.73860514,2.4577303,0.60622483,5.1578245,0.97113585,5.516933,0.0,7.773798,1.4038709,0.9814815,159.27225,1.0,0.0,0.0,1.0,0.0,0,7.314717,0.0,0.0,6.8249416,3.799476,4.628972,0.0,3.532892,0.0,6.285308
2,392,393.0,10.0,1.0,1.0,374.0,1.0,1.0,1.0,0.98345464,1.0,-0.0,0.0,-1.3768295e-05,-0.016531598,0.043065473,2.3893893,0.4465127,5.9395857,0.94186795,5.0523095,0.0,8.784114,-5.9931874,0.9768519,158.08174,1.0,0.0,0.0,1.0,0.0,0,7.3919196,0.0,0.0,8.560763,2.410546,7.2017493,0.0,3.257888,0.0,4.0643597
3,392,393.0,10.0,1.0,1.0,371.0,1.0,1.0,1.0,0.9953426,1.0,-0.0,0.0,-2.1353877e-05,-0.004636062,0.5313557,2.419113,0.6676347,5.2781634,0.94023347,4.6898685,0.0,7.7006416,-1.1710283,0.9907407,160.89775,1.0,0.0,0.0,1.0,0.0,0,7.5169315,0.0,0.0,6.6460896,3.4350863,6.2963777,0.0,3.1307912,0.0,5.915952
0,393,394.0,10.0,1.0,1.0,373.0,1.0,1.0,1.0,0.99650085,1.0,-0.0,0.0,-1.5300768e-05,-0.0034838447,0.3069144,2.2920244,0.5440109,4.232367,0.8472115,5.20903,0.0,8.231727,-3.3899302,0.9814815,160.13008,1.0,0.0,0.0,1.0,0.0,0,7.824378,0.0,0.0,7.112047,3.7306423,6.1481557,0.0,2.4978428,0.0,5.0205655
1,393,394.0,10.0,1.0,1.0,374.0,1.0,1.0,1.0,0.98221433,1.0,-0.0,0.0,-1.408769e-05,-0.017771576,0.60107523,2.3444111,0.62069374,5.521331,0.97556925,5.544963,0.0,7.79752,-0.92379934,0.9814815,159.55489,1.0,0.0,0.0,1.0,0.0,0,6.8592906,0.0,0.0,5.6695633,3.29171,4.6659107,0.0,3.355787,0.0,6.3135805
2,393,394.0,10.0,1.0,1.0,375.0,1.0,1.0,1.0,0.9715961,1.0,-0.0,0.0,-1.5307283e-05,-0.028388564,0.71753824,2.3844352,0.57923645,6.6769495,0.94175076,5.0263634,0.0,7.1496234,1.1098236,0.9768519,158.7035,1.0,0.0,0.0,1.0,0.0,0,8.475322,0.0,0.0,7.5397635,4.231586,6.3483,0.0,2.8925242,0.0,4.7303457
3,393,394.0,10.0,1.0,1.0,372.0,1.0,1.0,1.0,0.9999824,1.0,-0.0,0.0,-1.7556067e-05,-0.0,0.16367137,2.3354893,0.5489691,4.5687814,0.94335747,4.741171,1.0,8.883077,-4.0444183,0.9907407,161.15211,1.0,0.0,0.0,1.0,0.0,0,6.538016,0.0,0.0,5.465177,3.0051932,6.238114,0.0,3.4663408,0.0,5.901897
0,394,395.0,10.0,1.0,1.0,374.0,1.0,1.0,1.0,0.9959406,1.0,-0.0,0.0,-1.11953395e-05,-0.0040481607,0.3410332,2.264676,0.520692,4.180255,0.8488071,5.2428894,0.0,7.627508,-2.7731647,0.9814815,160.53372,1.0,0.0,0.0,1.0,0.0,0,7.5947337,0.0,0.0,6.275294,3.263231,6.223331,0.0,2.4087625,0.0,4.99811
1,394,395.0,10.0,1.0,1.0,375.0,1.0,1.0,1.0,0.9899969,1.0,-0.0,0.0,-1.6361008e-05,-0.00998674,0.17206632,2.4274478,0.5319341,4.9510317,0.97954476,5.599204,0.0,8.839135,-3.2387831,0.9814815,160.01842,1.0,0.0,0.0,1.0,0.0,0,6.6029973,0.0,0.0,5.888303,3.0110247,5.0863395,0.0,3.1770673,0.0,6.378966
2,394,395.0,10.0,1.0,1.0,376.0,1.0,1.0,1.0,0.97027105,1.0,-0.0,0.0,-1.8003506e-05,-0.029710924,0.7668257,2.472126,0.55601525,6.7008333,0.94511276,5.0818214,0.0,7.0966907,1.2996839,0.9768519,159.31636,1.0,0.0,0.0,1.0,0.0,0,8.149221,0.0,0.0,7.207008,3.9750383,6.351248,0.0,2.6061969,0.0,4.7824755
3,394,395.0,10.0,1.0,1.0,373.0,1.0,1.0,1.0,0.99998474,1.0,-0.0,0.0,-1.528335e-05,-0.0,0.047586486,2.3552153,0.5719827,4.8241653,0.9424763,4.708861,1.0,9.414714,-6.2206454,0.9907407,161.65637,1.0,0.0,0.0,1.0,0.0,0,6.849571,0.0,0.0,6.371353,3.3765187,6.208114,0.0,3.3114197,0.0,6.09087
0,395,396.0,10.0,1.0,1.0,375.0,1.0,1.0,1.0,0.99570096,1.0,-0.0,0.0,-1.4708307e-05,-0.004284293,0.2764184,2.3258266,0.4922524,4.19241,0.84941584,5.257057,0.0,8.380611,-2.7697022,0.9814815,161.03757,1.0,0.0,0.0,1.0,0.0,0,7.367603,0.0,0.0,6.5237565,3.3864317,6.3364496,0.0,2.3518715,0.0,5.0396786
1,395,396.0,10.0,1.0,1.0,376.0,1.0,1.0,1.0,0.98000294,1.0,-0.0,0.0,-1.5250407e-05,-0.019981775,0.04307907,2.6222806,0.4488118,5.5658226,0.9805439,5.633083,0.0,9.928581,-4.916977,0.9814815,160.69153,1.0,0.0,0.0,1.0,0.0,0,7.1163487,0.0,0.0,6.3822503,3.040086,4.6082096,0.0,3.3708897,0.0,6.3950105
2,395,396.0,10.0,1.0,1.0,377.0,1.0,1.0,1.0,0.97837025,1.0,-0.0,0.0,-1.7238652e-05,-0.021612527,0.16583838,2.358304,0.46039233,6.110617,0.94996345,5.1861334,0.0,8.18422,-4.0018206,0.9768519,159.4912,1.0,0.0,0.0,1.0,0.0,0,7.4910197,0.0,0.0,5.835773,3.412879,6.3458242,0.0,2.559001,0.0,4.8771205
3,395,396.0,10.0,1.0,1.0,374.0,1.0,1.0,1.0,0.9999873,1.0,-0.0,0.0,-1.2719485e-05,-0.0,0.001773797,2.3622625,0.48765466,4.386776,0.942171,4.6925387,1.0,9.121325,-6.43887,0.9907407,162.06471,1.0,0.0,0.0,1.0,0.0,0,7.2671723,0.0,0.0,6.1495223,3.1066334,6.2269607,0.0,3.3214452,0.0,6.0439987
0,396,397.0,10.0,1.0,1.0,376.0,1.0,1.0,1.0,0.99448395,1.0,-0.0,0.0,-1.1572563e-05,-0.0055045136,0.13070963,2.453328,0.41477942,4.3383236,0.8509795,5.3302703,0.0,9.101397,-3.7732217,0.9814815,161.66853,1.0,0.0,0.0,1.0,0.0,0,7.642701,0.0,0.0,6.686275,3.433274,6.1919794,0.0,2.392458,0.0,5.2038183
1,396,397.0,10.0,1.0,1.0,377.0,1.0,1.0,1.0,0.98421496,1.0,-0.0,0.0,-1.3960469e-05,-0.01577107,0.21931529,2.524311,0.38908842,5.31777,0.9828394,5.6284933,0.0,9.763238,-6.976652,0.9814815,161.03821,1.0,0.0,0.0,1.0,0.0,0,6.5187426,0.0,0.0,5.218771,2.9702044,4.498679,0.0,3.3539762,0.0,6.3995075
2,396,397.0,10.0,1.0,1.0,378.0,1.0,1.0,1.0,0.9698241,1.0,-0.0,0.0,-1.635482e-05,-0.030159596,0.24833567,2.4562826,0.4382724,6.5513263,0.95241135,5.258249,0.0,10.787059,-7.133741,0.9814815,159.93431,1.0,0.0,0.0,1.0,0.0,0,7.044754,0.0,0.0,6.372392,3.1842282,6.3022137,0.0,2.6540086,0.0,5.0137143
3,396,397.0,10.0,1.0,1.0,375.0,1.0,1.0,1.0,0.999987,1.0,-0.0,0.0,-1.2977762e-05,-0.0,0.42786598,2.3010828,0.5882422,4.5607204,0.9397014,4.616003,1.0,8.172721,-1.7118752,0.9907407,162.596,1.0,0.0,0.0,1.0,0.0,0,7.5293393,0.0,0.0,7.0362597,3.3667066,6.2622967,0.0,3.3716755,0.0,6.1385913
0,397,398.0,10.0,1.0,1.0,377.0,1.0,1.0,1.0,0.99472207,1.0,-0.0,0.0,-1.11988475e-05,-0.005266723,0.13285354,2.3470793,0.37108165,4.155461,0.8518663,5.316003,0.0,9.216184,-6.4193325,0.9814815,161.97517,1.0,0.0,0.0,1.0,0.0,0,5.2606506,0.0,0.0,7.15956,2.4686863,6.121228,0.0,2.3774498,0.0,4.979441
1,397,398.0,10.0,1.0,1.0,378.0,1.0,1.0,1.0,0.98839885,1.0,-0.0,0.0,-1.32701625e-05,-0.011587885,0.09543821,2.5137072,0.45059878,5.113155,0.9827829,5.5821176,0.0,9.041636,-3.647171,0.9814815,161.57982,1.0,0.0,0.0,1.0,0.0,0,7.2242937,0.0,0.0,6.325505,3.4150474,4.4845915,0.0,3.4134977,0.0,6.6912484
2,397,398.0,10.0,1.0,1.0,379.0,1.0,1.0,1.0,0.9661828,1.0,-0.0,0.0,-1.6047143e-05,-0.03380117,0.17232913,2.5283775,0.41290197,6.6785913,0.95144284,5.3494782,0.0,10.942655,-6.3184814,0.9814815,160.50499,1.0,0.0,0.0,1.0,0.0,0,8.007715,0.0,0.0,6.8079333,3.4979763,6.384244,0.0,2.528009,0.0,4.996807
3,397,398.0,10.0,1.0,1.0,376.0,1.0,1.0,1.0,0.99998736,1.0,-0.0,0.0,-1.2665121e-05,-0.0,0.53946006,2.4112706,0.5627889,4.598671,0.9404907,4.640362,1.0,7.9700637,-0.8993335,0.9907407,163.26869,1.0,0.0,0.0,1.0,0.0,0,8.143957,0.0,0.0,7.2747755,3.483173,6.147782,0.0,3.1083505,0.0,6.1522517
0,398,399.0,10.0,1.0,1.0,378.0,1.0,1.0,1.0,0.9944922,1.0,-0.0,0.0,-1.31402585e-05,-0.0054947166,0.14757961,2.3699973,0.42928103,4.183998,0.8506568,5.3296824,0.0,8.635608,-4.048748,0.9814815,162.55867,1.0,0.0,0.0,1.0,0.0,0,7.6119866,0.0,0.0,6.871544,3.5646684,6.1620836,0.0,2.3846912,0.0,5.4107394
1,398,399.0,10.0,1.0,1.0,379.0,1.0,1.0,1.0,0.9860536,1.0,-0.0,0.0,-9.77899e-06,-0.013936631,0.31713134,2.5294528,0.4935971,5.2061734,0.9869759,5.6300235,0.0,8.347202,-2.8081014,0.9814815,162.17877,1.0,0.0,0.0,1.0,0.0,0,7.56944,0.0,0.0,6.6675673,3.5797427,4.5143623,0.0,3.3259444,0.0,6.825404
2,398,399.0,10.0,1.0,1.0,380.0,1.0,1.0,1.0,0.96898085,1.0,-0.0,0.0,-1.3660154e-05,-0.03100551,0.057227537,2.5156844,0.3680697,6.4955053,0.9500918,5.3648243,0.0,10.352959,-5.08326,0.9814815,160.98972,1.0,0.0,0.0,1.0,0.0,0,7.6515665,0.0,0.0,6.3628855,3.689606,6.355987,0.0,2.5367439,0.0,5.1103406
3,398,399.0,10.0,1.0,1.0,377.0,1.0,1.0,1.0,0.99998796,1.0,-0.0,0.0,-1.2036662e-05,-0.0,0.20076856,2.276084,0.5347178,4.5521293,0.94215924,4.7160044,1.0,8.245764,-4.272229,0.9907407,163.51637,1.0,0.0,0.0,1.0,0.0,0,7.272891,0.0,0.0,6.1340065,3.0357475,6.644022,0.0,2.673052,0.0,6.255258
0,399,400.0,10.0,1.0,1.0,379.0,1.0,1.0,1.0,0.993094,1.0,-0.0,0.0,-9.533259e-06,-0.0068964134,0.23536123,2.40187,0.4291469,4.20304,0.85322016,5.4137845,0.0,8.26023,-2.5358732,0.9814815,163.11911,1.0,0.0,0.0,1.0,0.0,0,7.6269627,0.0,0.0,6.8175044,3.3733635,6.20676,0.0,2.3344595,0.0,5.517649
1,399,400.0,10.0,1.0,1.0,380.0,1.0,1.0,1.0,0.9820534,1.0,-0.0,0.0,-1.2055914e-05,-0.017934538,0.36510006,2.4503908,0.52617675,5.409589,0.991101,5.6664824,0.0,8.230248,-2.6024077,0.9814815,162.61987,1.0,0.0,0.0,1.0,0.0,0,7.355352,0.0,0.0,6.3905363,3.499292,4.5390677,0.0,3.2693527,0.0,6.9203763
2,399,400.0,10.0,1.0,1.0,381.0,1.0,1.0,1.0,0.970348,1.0,-0.0,0.0,-1.3203067e-05,-0.029638795,0.043603405,2.4457793,0.3579109,6.3738065,0.9510403,5.4045205,0.0,9.664098,-4.056343,0.9814815,161.43944,1.0,0.0,0.0,1.0,0.0,0,7.611551,0.0,0.0,6.518237,3.4556904,6.315542,0.0,2.4867494,0.0,5.231336
3,399,400.0,10.0,1.0,1.0,378.0,1.0,1.0,1.0,0.9999866,1.0,-0.0,0.0,-1.3387525e-05,-0.0,0.17104782,2.3339965,0.50933236,4.9590898,0.94025844,4.791107,1.0,9.905221,-6.700372,0.9907407,163.94585,1.0,0.0,0.0,1.0,0.0,0,6.8129325,0.0,0.0,6.5674744,2.8460014,6.13365,0.0,2.944649,0.0,6.2157154
0,400,401.0,10.0,1.0,1.0,380.0,1.0,1.0,1.0,0.9918091,1.0,-0.0,0.0,-1.1544575e-05,-0.008179294,0.17109886,2.3481667,0.42169094,4.2787256,0.85597306,5.490757,0.0,8.45517,-2.9570181,0.9814815,163.52473,1.0,0.0,0.0,1.0,0.0,0,7.186516,0.0,0.0,6.386106,3.2918532,6.216595,0.0,2.3058248,0.0,5.623728
1,400,401.0,10.0,1.0,1.0,381.0,1.0,1.0,1.0,0.98305374,1.0,-0.0,0.0,-1.3467941e-05,-0.016932758,0.30129737,2.3641725,0.5205741,5.316003,0.99529195,5.6999617,0.0,8.287023,-3.1512828,0.9814815,162.9991,1.0,0.0,0.0,1.0,0.0,0,7.235045,0.0,0.0,6.3182173,3.417341,4.556756,0.0,3.2622743,0.0,7.0162945
2,400,401.0,10.0,1.0,1.0,382.0,1.0,1.0,1.0,0.96712804,1.0,-0.0,0.0,-1.1306452e-05,-0.032860614,0.239297,2.6693537,0.4031564,6.4943,0.9503863,5.4773364,0.0,8.744757,-3.0305488,0.9814815,162.03537,1.0,0.0,0.0,1.0,0.0,0,7.7863345,0.0,0.0,7.487806,3.7218304,6.344862,0.0,2.327373,0.0,5.3213058
3,400,401.0,10.0,1.0,1.0,379.0,1.0,1.0,1.0,0.99711466,1.0,-0.0,0.0,-1.2414361e-05,-0.0028729555,0.16482565,2.3992321,0.47888964,5.172377,0.93575615,4.86151,0.0,10.2233715,-5.657524,0.9907407,164.52567,1.0,0.0,0.0,1.0,0.0,0,6.860709,0.0,0.0,6.581136,3.0675573,6.3964534,0.0,2.8042264,0.0,6.250092
0,401,402.0,10.0,1.0,1.0,381.0,1.0,1.0,1.0,0.99060994,1.0,-0.0,0.0,-1.1283738e-05,-0.009378782,0.07425994,2.3049939,0.4020151,4.3724756,0.85844,5.5627265,0.0,8.825479,-3.648906,0.9814815,163.90694,1.0,0.0,0.0,1.0,0.0,0,7.0614667,0.0,0.0,6.2926807,3.2146668,6.21437,0.0,2.2760456,0.0,5.735571
1,401,402.0,10.0,1.0,1.0,382.0,1.0,1.0,1.0,0.9832695,1.0,-0.0,0.0,-1.1598488e-05,-0.016718859,0.2678059,2.6195266,0.51462466,5.2603326,0.9997371,5.742798,0.0,8.342331,-3.3158586,0.9814815,163.4913,1.0,0.0,0.0,1.0,0.0,0,7.67789,0.0,0.0,7.239039,3.666586,4.580171,0.0,3.2513163,0.0,7.113167
2,401,402.0,10.0,1.0,1.0,383.0,1.0,1.0,1.0,0.9659823,1.0,-0.0,0.0,-1.0664254e-05,-0.034007013,0.17145984,2.5444825,0.39527193,6.5095954,0.9518327,5.530824,0.0,8.664696,-3.4744608,0.9814815,162.451,1.0,0.0,0.0,1.0,0.0,0,7.2234383,0.0,0.0,6.372875,3.4211304,6.386076,0.0,2.2624252,0.0,5.446458
3,401,402.0,10.0,1.0,1.0,380.0,1.0,1.0,1.0,0.9999618,1.0,-0.0,0.0,-1.2636686e-05,-2.5591864e-05,0.08106306,2.3861113,0.45755053,5.001535,0.93578696,4.8571596,0.0,9.879658,-5.06253,0.9907407,165.01958,1.0,0.0,0.0,1.0,0.0,0,7.160407,0.0,0.0,6.4318137,3.1556435,6.157692,0.0,2.9058878,0.0,6.3596835
0,402,403.0,10.0,1.0,1.0,382.0,1.0,1.0,1.0,0.9893433,1.0,-0.0,0.0,-1.0355746e-05,-0.010646323,0.1188213,2.5770445,0.4111914,4.5942426,0.86024565,5.6387787,0.0,8.858516,-4.2778997,0.9814815,164.44138,1.0,0.0,0.0,1.0,0.0,0,7.681803,0.0,0.0,7.5947437,3.043909,6.2201605,0.0,2.2563543,0.0,5.809873
1,402,403.0,10.0,1.0,1.0,383.0,1.0,1.0,1.0,0.9842169,1.0,-0.0,0.0,-1.04993505e-05,-0.015772607,0.0532154,2.4814065,0.44420785,5.175403,1.0033246,5.770952,0.0,8.909664,-5.006034,0.9814815,163.84999,1.0,0.0,0.0,1.0,0.0,0,7.1008143,0.0,0.0,6.173909,3.3011887,4.582969,0.0,3.243813,0.0,7.213826
2,402,403.0,10.0,1.0,1.0,384.0,1.0,1.0,1.0,0.96315664,1.0,-0.0,0.0,-1.2848593e-05,-0.0368305,0.28386825,2.7459233,0.4274968,6.6271505,0.95334595,5.5826783,0.0,8.826613,-2.541069,0.9814815,162.87909,1.0,0.0,0.0,1.0,0.0,0,7.829634,0.0,0.0,7.315891,3.6469603,6.427119,0.0,2.1917331,0.0,5.4998403
3,402,403.0,10.0,1.0,1.0,381.0,1.0,1.0,1.0,0.99998766,1.0,-0.0,0.0,-1.2347314e-05,-0.0,0.032683834,2.3174675,0.46658754,4.848609,0.93683285,4.8608656,1.0,9.347145,-3.9996803,0.9907407,165.46709,1.0,0.0,0.0,1.0,0.0,0,7.1229258,0.0,0.0,6.49356,3.1264563,6.1357083,0.0,2.8633997,0.0,6.4544625
0,403,404.0,10.0,1.0,1.0,383.0,1.0,1.0,1.0,0.98852766,1.0,-0.0,0.0,-1.0326783e-05,-0.011462053,0.010636076,2.473899,0.37374923,4.597649,0.86152756,5.6877227,0.0,9.112077,-4.5315547,0.9814815,164.83017,1.0,0.0,0.0,1.0,0.0,0,6.9783597,0.0,0.0,6.186102,3.1399531,6.2622075,0.0,2.193853,0.0,5.9312105
1,403,404.0,10.0,1.0,1.0,384.0,1.0,1.0,1.0,0.97350734,1.0,-0.0,0.0,-1.1465921e-05,-0.026481185,0.06608367,2.6846757,0.48546627,5.783422,1.0066262,5.8054485,0.0,9.553062,-4.4024205,0.9814815,164.22664,1.0,0.0,0.0,1.0,0.0,0,7.1854677,0.0,0.0,6.557664,3.6547718,4.5912423,0.0,3.2340815,0.0,7.314788
2,403,404.0,10.0,1.0,1.0,385.0,1.0,1.0,1.0,0.9637728,1.0,-0.0,0.0,-1.202116e-05,-0.036215186,0.17083026,2.6351073,0.38748285,6.5267763,0.9551822,5.646134,0.0,8.764793,-2.9915264,0.9814815,163.40443,1.0,0.0,0.0,1.0,0.0,0,7.152478,0.0,0.0,6.4236917,3.3747394,6.4232287,0.0,2.1721144,0.0,5.6096973
3,403,404.0,10.0,1.0,1.0,382.0,1.0,1.0,1.0,0.9985556,1.0,-0.0,0.0,-1.1405043e-05,-0.0014330022,0.21178536,2.5336065,0.52857494,5.08598,0.93869466,4.9073524,0.0,8.629533,-3.8744612,0.9907407,166.04951,1.0,0.0,0.0,1.0,0.0,0,8.17743,0.0,0.0,8.230125,3.348531,6.177371,0.0,2.7998745,0.0,6.5886736
0,404,405.0,10.0,1.0,1.0,384.0,1.0,1.0,1.0,0.98677987,1.0,-0.0,0.0,-1.205319e-05,-0.013208106,0.10320414,2.6713762,0.4112144,4.9518223,0.86118513,5.7924857,0.0,9.249005,-4.2350545,0.9814815,165.26617,1.0,0.0,0.0,1.0,0.0,0,7.3981314,0.0,0.0,7.1081686,3.540194,6.476101,0.0,2.0137663,0.0,5.9681177
1,404,405.0,10.0,1.0,1.0,385.0,1.0,1.0,1.0,0.97813535,1.0,-0.0,0.0,-1.0921604e-05,-0.02185373,0.049605593,2.5304391,0.44647938,5.4420576,1.0043895,5.8691654,0.0,9.253849,-3.4564538,0.9814815,164.76306,1.0,0.0,0.0,1.0,0.0,0,7.156544,0.0,0.0,5.8251944,3.7863443,5.043486,0.0,2.7083375,0.0,7.0745153
2,404,405.0,10.0,1.0,1.0,386.0,1.0,1.0,1.0,0.9581496,1.0,-0.0,0.0,-1.3069774e-05,-0.041837312,0.29737353,2.8568642,0.42719698,6.8038235,0.95734113,5.706414,0.0,9.330644,-0.7631946,0.9814815,163.77809,1.0,0.0,0.0,1.0,0.0,0,7.679999,0.0,0.0,7.284348,3.622806,6.4286466,0.0,2.1435974,0.0,5.6758637
3,404,405.0,10.0,1.0,1.0,383.0,1.0,1.0,1.0,0.99660546,1.0,-0.0,0.0,-1.0971123e-05,-0.0033835832,0.1788713,2.3930736,0.5342462,5.2030144,0.9408636,4.9380474,0.0,8.556576,-3.2660458,0.9907407,166.47658,1.0,0.0,0.0,1.0,0.0,0,7.1724334,0.0,0.0,6.5394626,3.2207415,6.1942554,0.0,2.6820927,0.019819582,6.711783
0,405,406.0,10.0,1.0,1.0,385.0,1.0,1.0,1.0,0.98608494,1.0,-0.0,0.0,-1.0997789e-05,-0.013904016,0.061578862,2.5453339,0.39168662,4.6840224,0.8617131,5.8342404,0.0,8.83509,-4.6457014,0.9814815,165.80664,1.0,0.0,0.0,1.0,0.0,0,7.146684,0.0,0.0,6.3276467,3.5502892,6.6779566,0.0,2.1941504,0.36203465,6.1948123
1,405,406.0,10.0,1.0,1.0,386.0,1.0,1.0,1.0,0.9718736,1.0,-0.0,0.0,-1.3326784e-05,-0.028113078,0.26777908,2.701467,0.54870343,5.7775974,1.0067568,5.9091864,0.0,8.967711,-2.5073626,0.9814815,165.22418,1.0,0.0,0.0,1.0,0.0,0,7.0804815,0.0,0.0,7.490679,3.4003432,4.6188745,0.0,3.0959585,0.0,7.435022
2,405,406.0,10.0,1.0,1.0,387.0,1.0,1.0,1.0,0.95997065,1.0,-0.0,0.0,-1.2606019e-05,-0.040016748,0.1413323,2.7527447,0.36741763,6.590298,0.9593467,5.8107057,0.0,9.124598,-4.022686,0.9814815,164.38211,1.0,0.0,0.0,1.0,0.0,0,7.201883,0.0,0.0,6.5618515,3.4158905,6.943452,0.0,2.0593572,0.0,5.609862
3,405,406.0,10.0,1.0,1.0,384.0,1.0,1.0,1.0,0.9937414,1.0,-0.0,0.0,-1.2919587e-05,-0.006245667,0.28578192,2.5771554,0.58304656,5.3747396,0.9435316,4.9704447,0.0,8.518296,-3.1009893,0.9907407,166.91379,1.0,0.0,0.0,1.0,0.0,0,7.387603,0.0,0.0,7.7611322,3.0039227,6.2883487,0.0,2.6133778,0.077600025,6.8405557
0,406,407.0,10.0,1.0,1.0,386.0,1.0,1.0,1.0,0.9853851,1.0,-0.0,0.0,-1.2820708e-05,-0.014602041,0.27223116,2.72714,0.47042188,5.053704,0.86389184,5.8224177,0.0,8.669433,-1.910517,0.9814815,166.24747,1.0,0.0,0.0,1.0,0.0,0,7.2570696,0.0,0.0,7.326515,3.4407165,6.3129992,0.0,2.1650763,0.53930384,6.1355834
1,406,407.0,10.0,1.0,1.0,387.0,1.0,1.0,1.0,0.9761974,1.0,-0.0,0.0,-1.2335737e-05,-0.023790246,0.16019997,2.552737,0.50103694,5.4767647,1.0106152,5.9506493,0.0,8.705878,-4.5012918,0.9814815,165.83794,1.0,0.0,0.0,1.0,0.0,0,7.349169,0.0,0.0,6.682651,3.5056677,4.6356673,0.0,3.119451,0.0,7.5185533
2,406,407.0,10.0,1.0,1.0,388.0,1.0,1.0,1.0,0.95138675,1.0,-0.0,0.0,-1.2955927e-05,-0.048600297,0.28716362,2.9717438,0.43277675,7.029932,0.9610158,5.8860846,0.0,9.789784,-2.1372194,0.9814815,164.68233,1.0,0.0,0.0,1.0,0.0,0,7.2553096,0.0,0.0,7.361837,3.4679506,6.4216223,0.0,2.1113424,0.0,5.8267884
3,406,407.0,10.0,1.0,1.0,385.0,1.0,1.0,1.0,0.9956989,1.0,-0.0,0.0,-1.1808371e-05,-0.004289259,0.17938353,2.46248,0.54137933,5.257355,0.9458651,4.990095,0.0,8.519818,-4.24042,0.9907407,167.43123,1.0,0.0,0.0,1.0,0.0,0,7.7114453,0.0,0.0,6.8852944,3.2302737,6.3039346,0.0,2.477168,0.22659624,6.942892
0,407,408.0,10.0,1.0,1.0,387.0,1.0,1.0,1.0,0.9862226,1.0,-0.0,0.0,-1.2138877e-05,-0.013765235,0.15523024,2.5969162,0.44437015,4.8432775,0.8664022,5.825914,0.0,8.351153,-4.678879,0.9814815,166.87271,1.0,0.0,0.0,1.0,0.0,0,7.6323605,0.0,0.0,6.7939506,3.4586437,6.2681017,0.0,2.1900475,0.23655602,6.249591
1,407,408.0,10.0,1.0,1.0,388.0,1.0,1.0,1.0,0.96664405,1.0,-0.0,0.0,-1.2974767e-05,-0.033342957,0.28548276,2.7613044,0.57778436,6.0179057,1.0146149,5.982671,0.0,9.111862,-2.2386713,0.9814815,166.14725,1.0,0.0,0.0,1.0,0.0,0,6.8752427,0.0,0.0,6.997649,3.4839106,4.6440163,0.0,3.1714792,0.0,7.5839353
2,407,408.0,10.0,1.0,1.0,389.0,1.0,1.0,1.0,0.95608336,1.0,-0.0,0.0,-1.2454652e-05,-0.043904178,0.31711048,2.9621446,0.36232796,6.695455,0.9640935,5.9387946,0.0,9.334625,-2.2416077,0.9814815,165.02023,1.0,0.0,0.0,1.0,0.0,0,7.018867,0.0,0.0,6.6110473,3.4322922,6.454637,0.0,2.2000701,0.0,5.934126
3,407,408.0,10.0,1.0,1.0,386.0,1.0,1.0,1.0,0.9912278,1.0,-0.0,0.0,-1.259847e-05,-0.008759611,0.27267784,2.6722045,0.59017676,5.508411,0.94852,5.0171647,0.0,8.922884,-2.180352,0.9907407,167.80139,1.0,0.0,0.0,1.0,0.0,0,7.0223503,0.0,0.0,7.2559223,3.0943942,6.3428802,0.0,2.4327111,0.25951096,7.0164523
0,408,409.0,10.0,1.0,1.0,388.0,1.0,1.0,1.0,0.9810985,1.0,-0.0,0.0,-1.3149243e-05,-0.018888382,0.30763412,2.8058848,0.5068523,5.2963777,0.8700301,5.8369246,0.0,8.672489,-2.789327,0.9814815,167.19476,1.0,0.0,0.0,1.0,0.0,0,6.8599315,0.0,0.0,6.823198,3.3098319,6.3536654,0.0,2.2130103,0.48433706,6.326719
1,408,409.0,10.0,1.0,1.0,389.0,1.0,1.0,1.0,0.97226256,1.0,-0.0,0.0,-1.1636635e-05,-0.0277258,0.32171047,2.7409277,0.5087371,5.662059,1.018533,6.001488,0.0,8.9742155,-2.65829,0.9814815,166.47717,1.0,0.0,0.0,1.0,0.0,0,7.042983,0.0,0.0,6.394062,3.3239007,4.6481633,0.0,3.26024,0.0,7.6674542
2,408,409.0,10.0,1.0,1.0,390.0,1.0,1.0,1.0,0.9646434,1.0,-0.0,0.0,-1.4096944e-05,-0.03534245,0.26434883,2.905216,0.45570332,6.4182496,0.9540392,5.7022967,0.0,8.564583,-3.102675,0.9814815,165.85199,1.0,0.0,0.0,1.0,0.0,0,7.080513,0.0,0.0,6.1582108,3.806199,6.4339666,0.0,2.063754,0.0,5.9294667
3,408,409.0,10.0,1.0,1.0,387.0,1.0,1.0,1.0,0.99726313,1.0,-0.0,0.0,-1.1963407e-05,-0.0027248613,0.15350711,2.5729663,0.52832496,5.1502285,0.94824934,5.0132623,0.0,8.756318,-4.6260543,0.9907407,168.39262,1.0,0.0,0.0,1.0,0.0,0,7.704485,0.0,0.0,6.8026667,3.106409,6.712549,0.0,2.2133522,0.38128462,6.962161
0,409,410.0,10.0,1.0,1.0,389.0,1.0,1.0,1.0,0.9860928,1.0,-0.0,0.0,-1.2111091e-05,-0.013895074,0.34107193,2.8071501,0.4533626,4.9792576,0.8729107,5.833704,0.0,8.490701,-2.7235765,0.9814815,167.52493,1.0,0.0,0.0,1.0,0.0,0,7.1539617,0.0,0.0,6.5093026,3.3763075,6.438391,0.0,2.2803946,0.4144954,6.3647776
1,409,410.0,10.0,1.0,1.0,390.0,1.0,1.0,1.0,0.9838788,1.0,-0.0,0.0,-1.34856555e-05,-0.016107762,0.30587202,2.71833,0.5821001,5.5022955,0.99793357,5.4641695,0.0,8.573705,-2.18373,0.9814815,167.25102,1.0,0.0,0.0,1.0,0.0,0,7.0361376,0.0,0.0,6.4992175,3.7836282,4.8117085,0.0,2.7926452,0.0,7.098095
2,409,410.0,10.0,1.0,1.0,391.0,1.0,1.0,1.0,0.95744944,1.0,-0.0,0.0,-1.6450831e-05,-0.042534087,0.37270224,2.8570328,0.5283521,6.7987576,0.95972896,5.7532864,0.0,7.716096,-2.7017853,0.9814815,166.54758,1.0,0.0,0.0,1.0,0.0,0,7.252364,0.0,0.0,6.929862,3.4455862,6.362112,0.0,2.0822506,0.0,6.1019015
3,409,410.0,10.0,1.0,1.0,388.0,1.0,1.0,1.0,0.985396,1.0,-0.0,0.0,-1.3056373e-05,-0.014590892,0.2626881,2.7791932,0.609356,5.8277946,0.95055085,5.047658,0.0,9.3218355,-3.0952535,0.9907407,168.71498,1.0,0.0,0.0,1.0,0.0,0,6.8504343,0.0,0.0,7.1237164,3.088209,6.4639673,0.0,2.2699232,0.5669007,7.1787086
0,410,411.0,10.0,1.0,1.0,390.0,1.0,1.0,1.0,0.99420017,1.0,-0.0,0.0,-1.4242752e-05,-0.005785604,0.3319245,2.7871735,0.5557666,4.9416933,0.85851884,5.347136,0.0,7.8800025,-3.1647804,0.9814815,168.32036,1.0,0.0,0.0,1.0,0.0,0,6.6308417,0.0,0.0,6.3068147,3.2343462,5.516971,0.0,2.2301288,0.0,6.2737474
1,410,411.0,10.0,1.0,1.0,391.0,1.0,1.0,1.0,0.9792284,1.0,-0.0,0.0,-1.5803838e-05,-0.02075585,0.39091408,2.6911755,0.6350206,5.675871,1.0023692,5.569479,0.0,8.132021,-2.7463148,0.9814815,167.93372,1.0,0.0,0.0,1.0,0.0,0,6.955746,0.0,0.0,7.2078886,3.3555045,4.6371975,0.0,2.9779902,0.0,7.304769
2,410,411.0,10.0,1.0,1.0,392.0,1.0,1.0,1.0,0.95685816,1.0,-0.0,0.0,-1.0085862e-05,-0.0431318,0.41749364,2.825464,0.57846576,6.8481097,0.96192044,5.7397976,0.0,7.2509284,-1.9629784,0.9814815,167.27542,1.0,0.0,0.0,1.0,0.0,0,7.774355,0.0,0.0,7.3408365,4.063748,6.6429462,0.0,2.2826073,0.0,6.114321
3,410,411.0,10.0,1.0,1.0,389.0,1.0,1.0,1.0,0.9930288,1.0,-0.0,0.0,-1.1690512e-05,-0.0069595147,0.23734458,2.7880962,0.51965356,5.3991575,0.9544165,5.0184126,0.0,9.276058,-3.5159523,0.9907407,169.0695,1.0,0.0,0.0,1.0,0.0,0,7.073269,0.0,0.0,6.8541856,3.1928186,5.4603453,0.0,2.211704,0.3080679,7.122661
0,411,412.0,10.0,1.0,1.0,391.0,1.0,1.0,1.0,0.98290735,1.0,-0.0,0.0,-1.6897826e-05,-0.017075771,0.40248558,2.7353525,0.641134,5.5482097,0.86745304,5.4763355,0.0,7.3026943,-3.1953528,0.9814815,169.00995,1.0,0.0,0.0,1.0,0.0,0,7.2725863,0.0,0.0,6.9265146,3.491491,5.5339828,0.0,2.3968968,0.0,6.40133
1,411,412.0,10.0,1.0,1.0,392.0,1.0,1.0,1.0,0.98549974,1.0,-0.0,0.0,-1.0333064e-05,-0.014489962,0.37769562,2.6754725,0.6627112,5.448097,1.0064965,5.4213,0.0,8.127312,-1.837953,0.9814815,168.69635,1.0,0.0,0.0,1.0,0.0,0,6.9764667,0.0,0.0,6.347073,3.8814228,4.866613,0.0,3.0380485,0.0,7.409127
2,411,412.0,10.0,1.0,1.0,393.0,1.0,1.0,1.0,0.95491296,1.0,-0.0,0.0,-1.4535241e-05,-0.04507248,0.6170902,2.974385,0.59401196,6.9324455,0.9671499,5.771902,0.0,7.285776,0.2961941,0.9814815,167.71368,1.0,0.0,0.0,1.0,0.0,0,7.6244454,0.0,0.0,7.6342897,3.8166564,6.3986835,0.0,2.150788,0.0,6.1997714
3,411,412.0,10.0,1.0,1.0,390.0,1.0,1.0,1.0,0.9955044,1.0,-0.0,0.0,-1.2987495e-05,-0.004482646,0.31812936,2.834879,0.5702152,5.268958,0.9250729,4.7173324,0.0,8.73914,-3.0836425,0.9907407,169.75566,1.0,0.0,0.0,1.0,0.0,0,6.7479863,0.0,0.0,6.887665,3.7886786,5.376647,0.0,2.1432204,0.0,6.5886707
0,412,413.0,10.0,1.0,1.0,392.0,1.0,1.0,1.0,0.9886056,1.0,-0.0,0.0,-1.0258131e-05,-0.01138414,0.45741573,2.7112522,0.69257784,5.3195367,0.86793274,5.3635106,0.0,7.005075,-2.1970477,0.9814815,169.77744,1.0,0.0,0.0,1.0,0.0,0,6.718888,0.0,0.0,6.2970247,3.7074866,5.650376,0.0,2.306327,0.0,6.380403
1,412,413.0,10.0,1.0,1.0,393.0,1.0,1.0,1.0,0.9804564,1.0,-0.0,0.0,-1.3091454e-05,-0.019530497,0.56312346,2.8423457,0.67349285,5.678078,1.01232,5.493751,0.0,8.181437,-0.3887266,0.9814815,169.127,1.0,0.0,0.0,1.0,0.0,0,7.413512,0.0,0.0,7.6449113,3.4901156,4.7297587,0.0,3.1327703,0.0,7.1746707
2,412,413.0,10.0,1.0,1.0,394.0,1.0,1.0,1.0,0.96206146,1.0,-0.0,0.0,-1.1910987e-05,-0.037926637,0.3672287,3.0597897,0.48316717,6.4652953,0.97270787,5.810302,0.0,8.229556,-2.357778,0.9861111,168.44109,1.0,0.0,0.0,1.0,0.0,0,6.9383216,0.0,0.0,6.602471,3.1848736,6.411934,0.0,2.2227216,0.0,6.28724
3,412,413.0,10.0,1.0,1.0,391.0,1.0,1.0,1.0,0.9885986,1.0,-0.0,0.0,-1.5140393e-05,-0.011386302,0.36071464,2.7913008,0.6291467,5.6831775,0.9310714,4.8402057,0.0,8.288776,-3.345443,0.9907407,170.44728,1.0,0.0,0.0,1.0,0.0,0,7.1184564,0.0,0.0,7.1959157,3.0789123,5.3057666,0.0,2.3696687,0.0,7.0296383
0,413,414.0,10.0,1.0,1.0,393.0,1.0,1.0,1.0,0.985864,1.0,-0.0,0.0,-1.3606561e-05,-0.014122419,0.5900588,2.8625143,0.68906957,5.393789,0.8757391,5.453555,0.0,7.145754,-0.3778115,0.9861111,170.21136,1.0,0.0,0.0,1.0,0.0,0,7.459868,0.0,0.0,7.5524874,3.4866207,5.610152,0.0,2.4819512,0.0,6.461391
1,413,414.0,10.0,1.0,1.0,394.0,1.0,1.0,1.0,0.9827323,1.0,-0.0,0.0,-1.09497405e-05,-0.017256714,0.39789563,2.912119,0.5787791,5.487334,1.0180788,5.5480685,0.0,8.644815,-2.1400182,0.9861111,169.8332,1.0,0.0,0.0,1.0,0.0,0,7.2280936,0.0,0.0,6.801503,2.989406,4.670972,0.0,3.2434154,0.0,7.455124
2,413,414.0,10.0,1.0,1.0,395.0,1.0,1.0,1.0,0.96688056,1.0,-0.0,0.0,-1.2697101e-05,-0.033106737,0.39075986,3.0489168,0.5292683,6.1968923,0.9727098,5.7895107,0.0,8.327324,-1.7188145,0.9861111,169.2417,1.0,0.0,0.0,1.0,0.0,0,7.9700904,0.0,0.0,7.108798,3.7277164,5.6296377,0.0,2.8337152,0.0,6.473562
3,413,414.0,10.0,1.0,1.0,392.0,1.0,1.0,1.0,0.99216735,1.0,-0.0,0.0,-1.0556236e-05,-0.007822096,0.454437,2.759138,0.69566876,5.4693255,0.92801994,4.8077464,0.0,7.9660225,-2.1507936,0.9907407,171.232,1.0,0.0,0.0,1.0,0.0,0,6.227462,0.0,0.0,5.7809973,3.9995735,5.3984203,0.0,2.194619,0.0,6.7766285
0,414,415.0,10.0,1.0,1.0,394.0,1.0,1.0,1.0,0.9912745,1.0,-0.0,0.0,-1.0679913e-05,-0.008714852,0.36211684,2.9686072,0.5587975,4.8623147,0.88171047,5.5228906,0.0,8.048179,-2.7878714,0.9861111,170.91705,1.0,0.0,0.0,1.0,0.0,0,7.1133733,0.0,0.0,6.6167164,3.2290196,5.621116,0.0,2.6206374,0.0,6.4326243
1,414,415.0,10.0,1.0,1.0,395.0,1.0,1.0,1.0,0.9817165,1.0,-0.0,0.0,-1.2128431e-05,-0.018271368,0.32707566,2.934069,0.60388184,5.703944,1.0172184,5.3923373,0.0,9.453403,-1.7644083,0.9907407,170.64507,1.0,0.0,0.0,1.0,0.0,0,5.58694,0.0,0.0,5.1167254,3.5867276,4.6650205,0.0,3.2283897,0.0,7.3015122
2,414,415.0,10.0,1.0,1.0,396.0,1.0,1.0,1.0,0.95995563,1.0,-0.0,0.0,-1.4101179e-05,-0.04003026,0.6344721,3.04672,0.5891018,6.5769763,0.97776896,5.824838,0.0,7.5012975,-0.08319784,0.9861111,169.33073,1.0,0.0,0.0,1.0,0.0,0,7.5450487,0.0,0.0,7.1553235,3.6163905,5.7450113,0.0,2.5600674,0.0,6.2633386
3,414,415.0,10.0,1.0,1.0,393.0,1.0,1.0,1.0,0.98792166,1.0,-0.0,0.0,-1.4762906e-05,-0.01206358,0.60091686,2.8895316,0.72026575,5.7238145,0.93411076,4.8980904,0.0,7.960649,-0.568456,0.9907407,171.68889,1.0,0.0,0.0,1.0,0.0,0,7.703546,0.0,0.0,8.20323,3.3690388,5.313354,0.0,2.442787,0.0,7.111305
0,415,416.0,10.0,1.0,1.0,395.0,1.0,1.0,1.0,0.9919496,1.0,-0.0,0.0,-1.2099988e-05,-0.008038294,0.33398494,3.0566876,0.55024505,5.1902075,0.87128246,5.292089,0.0,9.311816,-1.5998343,0.9861111,171.66953,1.0,0.0,0.0,1.0,0.0,0,5.983925,0.0,0.0,5.279999,4.123875,6.444651,0.0,2.4289515,0.0,6.184946
1,415,416.0,10.0,1.0,1.0,396.0,1.0,1.0,1.0,0.9763292,1.0,-0.0,0.0,-1.1118542e-05,-0.023659633,0.48665628,3.042958,0.5817862,6.0057926,1.0205649,5.4137845,0.0,9.79896,-0.06255321,0.9907407,170.71397,1.0,0.0,0.0,1.0,0.0,0,6.77437,0.0,0.0,6.590858,2.863656,4.487053,0.0,3.562218,0.0,7.4641232
2,415,416.0,10.0,1.0,1.0,397.0,1.0,1.0,1.0,0.9632521,1.0,-0.0,0.0,-1.1018487e-05,-0.036736853,0.3930308,3.1998374,0.6481008,6.5142856,0.97593933,5.6899247,0.0,7.8286967,-1.8243147,0.9861111,169.87914,1.0,0.0,0.0,1.0,0.0,0,8.026219,0.0,0.0,8.233854,4.1892667,6.2180796,0.0,1.9309111,0.0,6.187341
3,415,416.0,10.0,1.0,1.0,394.0,1.0,1.0,1.0,0.9953379,1.0,-0.0,0.0,-1.11914005e-05,-0.0046509034,0.4068032,2.968803,0.6206008,5.2790537,0.93922585,4.992134,0.0,8.555266,-2.7116463,0.9907407,172.41612,1.0,0.0,0.0,1.0,0.0,0,7.1695976,0.0,0.0,6.6965537,3.146858,5.387596,0.0,2.397485,0.0,6.9501743
0,416,417.0,10.0,1.0,1.0,396.0,1.0,1.0,1.0,0.9894187,1.0,-0.0,0.0,-1.1510623e-05,-0.010569803,0.4193656,3.124006,0.5312085,5.3049455,0.8758252,5.329242,0.0,9.522332,-0.82864517,0.9861111,171.70164,1.0,0.0,0.0,1.0,0.0,0,6.6415515,0.0,0.0,6.2701116,3.0151696,6.1620193,0.0,2.5732265,0.0,6.350268
1,416,417.0,10.0,1.0,1.0,397.0,1.0,1.0,1.0,0.977223,1.0,-0.0,0.0,-8.184392e-06,-0.02276887,0.36927128,3.0932736,0.7094005,6.0078783,1.0186651,5.358253,0.0,9.218636,-1.4188094,0.9907407,171.204,1.0,0.0,0.0,1.0,0.0,0,7.694312,0.0,0.0,7.9001503,5.0530376,4.901466,0.0,2.9960208,0.0,7.5389867
2,416,417.0,10.0,1.0,1.0,398.0,1.0,1.0,1.0,0.9630311,1.0,-0.0,0.0,-1.6089933e-05,-0.036952794,0.37314817,3.1223636,0.62888426,6.4454,0.98140985,5.7717667,0.0,7.3490024,-2.1506808,0.9861111,170.47298,1.0,0.0,0.0,1.0,0.0,0,7.453187,0.0,0.0,6.9447966,3.4788454,5.993973,0.0,2.3326705,0.0,6.2590604
3,416,417.0,10.0,1.0,1.0,395.0,1.0,1.0,1.0,0.99067223,1.0,-0.0,0.0,-1.2364231e-05,-0.009315425,0.35466367,3.0869575,0.6018308,5.558925,0.9299275,4.78702,0.0,9.917186,-1.5499462,0.9907407,173.15067,1.0,0.0,0.0,1.0,0.0,0,5.608913,0.0,0.0,5.542351,2.9866443,6.2734413,0.0,2.1400764,0.0,6.735056
0,417,418.0,10.0,1.0,1.0,397.0,1.0,1.0,1.0,0.98967296,1.0,-0.0,0.0,-9.03377e-06,-0.01031799,0.5651366,3.061776,0.75260663,5.3635106,0.8743402,5.2555676,0.0,6.7987537,-1.6499236,0.9861111,172.11241,1.0,0.0,0.0,1.0,0.0,0,9.274783,0.0,0.0,9.517536,4.3665,6.371297,0.0,2.458673,0.0,6.54609
1,417,418.0,10.0,1.0,1.0,398.0,1.0,1.0,1.0,0.9855592,1.0,-0.0,0.0,-1.8830975e-05,-0.014421951,0.4222784,3.0927224,0.6402698,5.467464,1.023274,5.397852,0.0,8.791692,-1.7631305,0.9907407,171.77225,1.0,0.0,0.0,1.0,0.0,0,6.137238,0.0,0.0,6.3401313,3.192252,4.7124786,0.0,3.3177233,0.0,7.462991
2,417,418.0,10.0,1.0,1.0,399.0,1.0,1.0,1.0,0.95374405,1.0,-0.0,0.0,-1.578972e-05,-0.046240173,0.24468042,3.2454112,0.6166798,6.9775996,0.9865365,5.7968097,0.0,9.62306,-2.7996945,0.9861111,170.64194,1.0,0.0,0.0,1.0,0.0,0,6.8383718,0.0,0.0,7.000311,3.4130392,6.250332,0.0,2.543445,0.0,6.424225
3,417,418.0,10.0,1.0,1.0,396.0,1.0,1.0,1.0,0.9837989,1.0,-0.0,0.0,-1.1055701e-05,-0.016190074,0.371081,3.1935632,0.5578451,5.971404,0.9341077,4.861349,0.0,10.672745,-0.9496398,0.9907407,173.21655,1.0,0.0,0.0,1.0,0.0,0,6.763306,0.0,0.0,6.4233212,2.546981,6.031264,0.0,2.5204537,0.0,7.088327
0,418,419.0,10.0,1.0,1.0,398.0,1.0,1.0,1.0,0.9571321,1.0,-0.0,0.0,-2.9460747e-05,-0.042838424,0.75709593,2.8074753,0.9457712,7.2643266,0.880325,5.305978,0.0,6.21164,-1.6452157,0.9861111,172.75398,1.0,0.0,0.0,1.0,0.0,0,6.9823613,0.0,0.0,6.772428,3.9327917,6.4061947,0.0,2.186551,0.0,6.3408947
1,418,419.0,10.0,1.0,1.0,399.0,1.0,1.0,1.0,0.947215,1.0,-0.0,0.0,-1.7471197e-05,-0.052767523,0.1985915,3.2633953,0.6435021,7.7139306,1.0283833,5.45212,0.0,11.428632,-1.5342422,0.9907407,171.99759,1.0,0.0,0.0,1.0,0.0,0,5.8490987,0.0,0.0,5.593779,3.7278383,5.613107,0.0,3.1970263,0.0,7.5339036
2,418,419.0,10.0,1.0,1.0,400.0,1.0,1.0,1.0,0.9653832,1.0,-0.0,0.0,-1.3037297e-05,-0.034603767,0.33162758,3.102142,0.6102506,6.334245,0.9840305,5.7419796,0.0,7.4734116,-2.6729162,0.9861111,170.99333,1.0,0.0,0.0,1.0,0.0,0,8.094562,0.0,0.0,8.283837,4.7657743,5.8937826,0.0,3.2284918,0.0,6.785225
3,418,419.0,10.0,1.0,1.0,397.0,1.0,1.0,1.0,0.9872457,1.0,-0.0,0.0,-9.187234e-06,-0.01274514,0.66112614,3.0131872,0.83035016,5.764708,0.9285532,4.711188,0.0,7.3850646,-1.2527118,0.9907407,173.6559,1.0,0.0,0.0,1.0,0.0,0,9.689627,0.0,0.0,10.481645,4.4153256,6.3544283,0.0,2.28411,0.0,7.253322
0,419,420.0,10.0,1.0,1.0,399.0,1.0,1.0,1.0,0.9819524,1.0,-0.0,0.0,-2.7541257e-05,-0.018020045,0.4901275,3.00905,0.78444797,5.721488,0.8884038,5.3597136,0.0,7.419021,-1.4261435,0.9861111,173.01225,1.0,0.0,0.0,1.0,0.0,0,6.5439763,0.0,0.0,6.856015,3.1281826,6.302582,0.0,2.4884346,0.0,6.5686584
1,419,420.0,10.0,1.0,1.0,400.0,1.0,1.0,1.0,0.9770665,1.0,-0.0,0.0,-1.4873701e-05,-0.022918565,0.26390702,3.1355035,0.5863535,6.078883,1.0202929,5.29623,0.0,9.814419,-2.3166332,0.9907407,172.34795,1.0,0.0,0.0,1.0,0.0,0,8.136042,0.0,0.0,7.7836328,4.4602904,4.713616,0.0,3.7523909,0.0,7.8618746
2,419,420.0,10.0,1.0,1.0,401.0,1.0,1.0,1.0,0.95813614,1.0,-0.0,0.0,-1.9948788e-05,-0.04184388,0.5683798,3.1066108,0.6813302,6.7005997,0.99080575,5.8100324,0.0,7.1786222,-0.43910462,0.9861111,171.05315,1.0,0.0,0.0,1.0,0.0,0,7.731693,0.0,0.0,7.7112927,3.9858773,5.993126,0.0,2.6029518,0.0,6.411161
3,419,420.0,10.0,1.0,1.0,398.0,1.0,1.0,1.0,0.95698893,1.0,-0.0,0.0,-3.7676662e-05,-0.04297343,0.86543447,2.7885382,1.0218217,7.5784054,0.93465817,4.7441425,0.0,7.2708693,-1.2868503,0.9907407,174.37704,1.0,0.0,0.0,1.0,0.0,0,6.362284,0.0,0.0,6.104913,4.169511,6.3082266,0.0,2.1003406,0.0,7.141848
0,420,421.0,10.0,1.0,1.0,400.0,1.0,1.0,1.0,0.9925167,1.0,-0.0,0.0,-1.7709708e-05,-0.007465596,0.2264794,3.0729926,0.6399649,5.3665757,0.8844358,5.081359,0.0,8.956838,-2.7890224,0.9861111,173.4383,1.0,0.0,0.0,1.0,0.0,0,6.9171815,0.0,0.0,6.6240845,3.2191672,6.3375387,0.0,3.290935,0.0,6.765582
1,420,421.0,10.0,1.0,1.0,401.0,1.0,1.0,1.0,0.9593259,1.0,-0.0,0.0,-1.6618693e-05,-0.040657435,0.43825024,3.211302,0.65730095,7.015546,1.0281053,5.423899,0.0,10.319937,-0.38733613,0.9907407,172.46704,1.0,0.0,0.0,1.0,0.0,0,5.991319,0.0,0.0,6.573671,3.5454695,4.5569167,0.0,3.5147028,0.0,7.5652533
2,420,421.0,10.0,1.0,1.0,402.0,1.0,1.0,1.0,0.9629998,1.0,-0.0,0.0,-1.37640345e-05,-0.036986407,0.31321532,3.044606,0.6608121,6.5755467,0.9796288,5.643636,0.0,7.8323817,-2.0753658,0.9861111,171.41966,1.0,0.0,0.0,1.0,0.0,0,5.95014,0.0,0.0,6.131655,3.1690512,6.026424,0.0,3.1800356,0.0,5.96385
3,420,421.0,10.0,1.0,1.0,399.0,1.0,1.0,1.0,0.97447324,1.0,-0.0,0.0,-3.247866e-05,-0.025494257,0.45833552,3.0184298,0.8884721,6.529655,0.9428001,4.8194566,0.0,9.043962,-1.5942203,0.9907407,174.6713,1.0,0.0,0.0,1.0,0.0,0,6.1716857,0.0,0.0,6.5455317,2.7063162,6.2229943,0.0,2.2959328,0.0,7.222348
0,421,422.0,10.0,1.0,1.0,401.0,1.0,1.0,1.0,0.9696242,1.0,-0.0,0.0,-1.8046956e-05,-0.030357722,0.32047555,3.183064,0.6598909,6.483559,0.89368093,5.337903,0.0,10.010131,-1.5050983,0.9861111,173.5975,1.0,0.0,0.0,1.0,0.0,0,6.8839087,0.0,0.0,7.178235,3.215851,6.227423,0.0,2.7284317,0.0,6.6920557
1,421,422.0,10.0,1.0,1.0,402.0,1.0,1.0,1.0,0.96314144,1.0,-0.0,0.0,-1.1600568e-05,-0.03684695,0.15293844,3.2309241,0.57405657,7.045845,1.0219961,5.1602526,0.0,10.895401,-2.1828842,0.9907407,172.83383,1.0,0.0,0.0,1.0,0.0,0,5.8151183,0.0,0.0,5.8470926,2.8206487,4.621391,0.0,4.0609384,0.0,7.275172
2,421,422.0,10.0,1.0,1.0,403.0,1.0,1.0,1.0,0.94873375,1.0,-0.0,0.0,-1.7700399e-05,-0.05124856,0.22148602,3.1963599,0.6436732,7.244028,0.98844814,5.8308845,0.0,9.944058,-2.2346025,0.9861111,171.6882,1.0,0.0,0.0,1.0,0.0,0,7.6557393,0.0,0.0,7.63193,3.6481483,6.568643,0.0,2.642565,0.0,6.6183295
3,421,422.0,10.0,1.0,1.0,400.0,1.0,1.0,1.0,0.9857698,1.0,-0.0,0.0,-2.0195863e-05,-0.014209981,0.32575428,3.0749438,0.7507735,5.852598,0.94163984,4.696041,0.0,9.526832,-2.2943923,0.9907407,175.06285,1.0,0.0,0.0,1.0,0.0,0,8.910794,0.0,0.0,8.824415,3.7994027,6.0232935,0.0,3.1666732,0.0,8.000059
0,422,423.0,10.0,1.0,1.0,402.0,1.0,1.0,1.0,0.9873761,1.0,-0.0,0.0,-1.2141431e-05,-0.0126117375,0.2600737,3.1380117,0.61319995,5.443352,0.89388305,5.313351,0.0,8.922004,-1.6958499,0.9861111,173.91803,1.0,0.0,0.0,1.0,0.0,0,8.194066,0.0,0.0,8.088277,3.9855676,6.31513,0.0,3.5828555,0.0,6.705974
1,422,423.0,10.0,1.0,1.0,403.0,1.0,1.0,1.0,0.94359076,1.0,-0.0,0.0,-1.3716764e-05,-0.056395557,0.23781173,3.3344202,0.595786,7.970526,1.0310236,5.413206,0.0,11.646318,-0.6143814,0.9907407,173.01567,1.0,0.0,0.0,1.0,0.0,0,6.751579,0.0,0.0,7.4445434,3.5738733,4.594467,0.0,3.6202736,0.0,7.614684
2,422,423.0,10.0,1.0,1.0,404.0,1.0,1.0,1.0,0.9607063,1.0,-0.0,0.0,-1.4114479e-05,-0.039279558,0.31506008,3.0004857,0.68138355,6.732314,0.976235,5.6244583,0.0,8.170679,-2.4726605,0.9861111,171.91385,1.0,0.0,0.0,1.0,0.0,0,7.2724166,0.0,0.0,7.4285564,3.9301345,6.737619,0.0,3.347224,0.0,6.2851844
3,422,423.0,10.0,1.0,1.0,401.0,1.0,1.0,1.0,0.9747256,1.0,-0.0,0.0,-2.0284917e-05,-0.025254134,0.5065929,3.1312447,0.79733384,6.5152473,0.9507356,4.788165,0.0,9.846822,-0.17919205,0.9907407,175.14758,1.0,0.0,0.0,1.0,0.0,0,7.2613845,0.0,0.0,7.67936,3.1470084,6.0258737,0.0,2.580268,0.0,7.504668
0,423,424.0,10.0,1.0,1.0,403.0,1.0,1.0,1.0,0.97490317,1.0,-0.0,0.0,-1.6753886e-05,-0.025080085,0.3394637,3.1941094,0.63408804,6.1206045,0.9022405,5.3841996,0.0,9.560509,-0.9039361,0.9861111,174.05931,1.0,0.0,0.0,1.0,0.0,0,7.1861877,0.0,0.0,7.48217,3.398981,6.312347,0.0,2.754903,0.0,6.6725426
1,423,424.0,10.0,1.0,1.0,404.0,1.0,1.0,1.0,0.9560057,1.0,-0.0,0.0,-1.2065006e-05,-0.04398224,0.19695722,3.157244,0.63827926,7.345809,1.0214046,5.293124,0.0,10.914517,-2.1924329,0.9907407,173.2842,1.0,0.0,0.0,1.0,0.0,0,5.3443003,0.0,0.0,4.7246194,3.3470716,4.9327435,0.0,4.2955894,0.0,7.9017315
2,423,424.0,10.0,1.0,1.0,405.0,1.0,1.0,1.0,0.95640373,1.0,-0.0,0.0,-1.8488825e-05,-0.043577764,0.44978186,3.1005833,0.6795194,6.8773236,0.9869634,5.7373414,0.0,8.376112,-1.0982976,0.9861111,172.1025,1.0,0.0,0.0,1.0,0.0,0,7.821177,0.0,0.0,7.900671,3.8468244,6.239289,0.0,2.6859686,0.0,6.336154
3,423,424.0,10.0,1.0,1.0,402.0,1.0,1.0,1.0,0.97751766,1.0,-0.0,0.0,-1.233072e-05,-0.022470007,0.18871315,3.2187696,0.6843266,6.3482,0.9520279,4.729929,0.0,10.567249,-2.0614676,0.9907407,175.56946,1.0,0.0,0.0,1.0,0.0,0,6.3635163,0.0,0.0,7.824802,2.3271575,6.231384,0.0,3.7406464,0.0,7.0430875
0,424,425.0,10.0,1.0,1.0,404.0,1.0,1.0,1.0,0.98606956,1.0,-0.0,0.0,-1.33361345e-05,-0.013917087,0.30986035,3.0011418,0.6899582,5.659016,0.89188766,5.176008,0.0,8.700372,-2.1108482,0.9861111,174.31424,1.0,0.0,0.0,1.0,0.0,0,7.8373427,0.0,0.0,7.0351605,4.144013,7.2598276,0.0,3.6547842,0.0,6.876941
1,424,425.0,10.0,1.0,1.0,405.0,1.0,1.0,1.0,0.9407269,1.0,-0.0,0.0,-1.4929575e-05,-0.0592582,0.26501343,3.2743475,0.64622325,8.115736,1.0306426,5.439755,0.0,11.587842,-1.1828393,0.9907407,173.49675,1.0,0.0,0.0,1.0,0.0,0,6.165886,0.0,0.0,6.8398795,3.677366,4.8195972,0.0,3.264503,0.0,7.3841033
2,424,425.0,10.0,1.0,1.0,406.0,1.0,1.0,1.0,0.9600763,1.0,-0.0,0.0,-1.489036e-05,-0.039908852,0.25372654,2.9791524,0.700508,6.9406877,0.97414553,5.4538426,0.0,8.730797,-2.901745,0.9861111,172.35776,1.0,0.0,0.0,1.0,0.0,0,6.205302,0.0,0.0,5.9014473,3.4358108,6.7554984,0.0,3.328201,0.0,6.2140102
3,424,425.0,10.0,1.0,1.0,403.0,1.0,1.0,1.0,0.96703804,1.0,-0.0,0.0,-1.5062553e-05,-0.03294691,0.289952,3.265169,0.704317,6.9768143,0.95993876,4.9194627,0.0,11.080754,-1.169173,0.9907407,175.68507,1.0,0.0,0.0,1.0,0.0,0,7.4716163,0.0,0.0,7.883347,3.0953188,5.8818564,0.0,2.9645507,0.0,7.7576194
0,425,426.0,10.0,1.0,1.0,405.0,1.0,1.0,1.0,0.97647077,1.0,-0.0,0.0,-1.6835245e-05,-0.023512399,0.4080832,3.0978932,0.6867452,6.1254644,0.9020919,5.285279,0.0,9.24314,-0.68698263,0.9861111,174.5053,1.0,0.0,0.0,1.0,0.0,0,7.544917,0.0,0.0,7.6550355,3.593371,6.3755474,0.0,2.802057,0.0,6.6724234
1,425,426.0,10.0,1.0,1.0,406.0,1.0,1.0,1.0,0.9551529,1.0,-0.0,0.0,-1.2446974e-05,-0.04483462,0.23060068,3.1041567,0.6821587,7.4799943,1.0194423,5.210082,0.0,10.862668,-1.8796101,0.9907407,173.76665,1.0,0.0,0.0,1.0,0.0,0,5.9025326,0.0,0.0,5.6488667,3.4691646,4.814516,0.0,4.557782,0.0,8.399206
2,425,426.0,10.0,1.0,1.0,407.0,1.0,1.0,1.0,0.95240366,1.0,-0.0,0.0,-1.5895213e-05,-0.04758042,0.2905857,3.0777805,0.6903896,7.175919,0.9869382,5.678905,0.0,9.260918,-2.357886,0.9861111,172.62756,1.0,0.0,0.0,1.0,0.0,0,8.089479,0.0,0.0,8.182436,4.3069935,6.2546444,0.0,3.0006325,0.0,6.458638
3,425,426.0,10.0,1.0,1.0,404.0,1.0,1.0,1.0,0.9839977,1.0,-0.0,0.0,-1.3483227e-05,-0.015988804,0.25657678,3.1416948,0.6885296,5.9593277,0.95887256,4.8342166,0.0,9.890857,-2.710592,0.9907407,175.9168,1.0,0.0,0.0,1.0,0.0,0,7.7158136,0.0,0.0,7.7188835,3.23908,6.1735697,0.0,4.1141434,0.0,7.763179
0,426,427.0,10.0,1.0,1.0,406.0,1.0,1.0,1.0,0.98279375,1.0,-0.0,0.0,-1.3859392e-05,-0.017192367,0.26866382,2.946684,0.71443486,5.943407,0.89161325,5.0881343,0.0,9.066571,-2.1871161,0.9861111,174.75006,1.0,0.0,0.0,1.0,0.0,0,7.058881,0.0,0.0,6.4715466,3.4343581,7.338464,0.0,3.6775239,0.0,6.8727922
1,426,427.0,10.0,1.0,1.0,407.0,1.0,1.0,1.0,0.94364405,1.0,-0.0,0.0,-1.4520344e-05,-0.05634139,0.2684541,3.2136836,0.6735861,8.016388,1.0320715,5.3640947,0.0,11.345397,-0.81487465,0.9907407,174.01984,1.0,0.0,0.0,1.0,0.0,0,6.114546,0.0,0.0,6.6139455,3.4728074,4.829782,0.0,3.2467275,0.0,7.3930254
2,426,427.0,10.0,1.0,1.0,408.0,1.0,1.0,1.0,0.9588094,1.0,-0.0,0.0,-1.4582592e-05,-0.04117601,0.22756718,2.9484043,0.71784586,6.996655,0.979152,5.4739046,0.0,8.800893,-2.4809744,0.9861111,172.84369,1.0,0.0,0.0,1.0,0.0,0,6.945521,0.0,0.0,6.0378513,3.532879,6.854725,0.0,3.4965696,0.0,6.2925773
3,426,427.0,10.0,1.0,1.0,405.0,1.0,1.0,1.0,0.9728676,1.0,-0.0,0.0,-1.5124156e-05,-0.027117224,0.3899075,3.2134235,0.71412224,6.6270328,0.96787286,4.9496083,0.0,10.459104,-0.88621396,0.9907407,176.07196,1.0,0.0,0.0,1.0,0.0,0,7.138157,0.0,0.0,7.81721,2.9228048,5.9073396,0.0,2.9335737,0.0,7.7161355
0,427,428.0,10.0,1.0,1.0,407.0,1.0,1.0,1.0,0.96959203,1.0,-0.0,0.0,-1.5389367e-05,-0.030392569,0.28857738,3.086118,0.69406074,6.633647,0.90258104,5.189906,0.0,10.025424,-1.5803734,0.9861111,175.04187,1.0,0.0,0.0,1.0,0.0,0,7.5209484,0.0,0.0,7.4571376,3.5769694,6.4702883,0.0,2.851513,0.0,6.633569
1,427,428.0,10.0,1.0,1.0,408.0,1.0,1.0,1.0,0.9513203,1.0,-0.0,0.0,-1.2466974e-05,-0.048667256,0.18471703,3.1239603,0.6785215,7.763224,1.0209081,5.152053,0.0,11.160308,-1.6538789,0.9907407,174.23932,1.0,0.0,0.0,1.0,0.0,0,5.98709,0.0,0.0,5.694408,3.5540333,4.9535704,0.0,4.5348773,0.0,8.590503
2,427,428.0,10.0,1.0,1.0,409.0,1.0,1.0,1.0,0.9547617,1.0,-0.0,0.0,-1.51145805e-05,-0.045223203,0.28687194,3.0381293,0.68695503,7.071697,0.9929124,5.641694,0.0,9.129098,-1.4486154,0.9861111,173.07417,1.0,0.0,0.0,1.0,0.0,0,8.46086,0.0,0.0,8.3290825,4.257492,6.2883034,0.0,3.1390488,0.0,6.490337
3,427,428.0,10.0,1.0,1.0,406.0,1.0,1.0,1.0,0.9772109,1.0,-0.0,0.0,-1.3254388e-05,-0.022775892,0.21061711,3.1062534,0.7101159,6.366553,0.9609444,4.7767053,0.0,10.3047695,-2.641175,0.9907407,176.3309,1.0,0.0,0.0,1.0,0.0,0,7.223487,0.0,0.0,6.817423,3.138141,6.339386,0.0,4.357987,0.0,7.4853616
0,428,429.0,10.0,1.0,1.0,408.0,1.0,1.0,1.0,0.98349476,1.0,-0.0,0.0,-1.340797e-05,-0.01649184,0.31282827,2.8676093,0.758017,5.931934,0.8940285,5.0575757,0.0,8.679055,-1.0696855,0.9861111,175.31403,1.0,0.0,0.0,1.0,0.0,0,6.913114,0.0,0.0,6.7106514,2.8668718,6.8107095,0.0,4.112814,0.0,6.854808
1,428,429.0,10.0,1.0,1.0,409.0,1.0,1.0,1.0,0.94592655,1.0,-0.0,0.0,-1.3657943e-05,-0.054059807,0.25505388,3.169377,0.6711167,7.894988,1.0362304,5.3485994,0.0,11.169833,-1.5356811,0.9907407,174.46695,1.0,0.0,0.0,1.0,0.0,0,6.489953,0.0,0.0,6.674678,4.026842,4.7052417,0.0,3.8085878,0.0,7.9317675
2,428,429.0,10.0,1.0,1.0,410.0,1.0,1.0,1.0,0.9589632,1.0,-0.0,0.0,-1.5408272e-05,-0.041021362,0.19162819,2.9485934,0.68566245,6.9836583,0.98654747,5.4776225,0.0,8.970954,-3.0937214,0.9861111,173.23418,1.0,0.0,0.0,1.0,0.0,0,7.141826,0.0,0.0,6.460023,3.3509042,7.5116196,0.0,3.4727852,0.0,6.035036
3,428,429.0,10.0,1.0,1.0,407.0,1.0,1.0,1.0,0.964317,1.0,-0.0,0.0,-1.3969972e-05,-0.035669025,0.26340038,3.2208364,0.7178602,7.140141,0.9698409,4.8892913,0.0,11.152931,-1.2098477,0.9907407,176.57751,1.0,0.0,0.0,1.0,0.0,0,7.6196632,0.0,0.0,7.7616673,3.199081,5.9461594,0.0,2.9902656,0.0,7.719239
0,429,430.0,10.0,1.0,1.0,409.0,1.0,1.0,1.0,0.97417206,1.0,-0.0,0.0,-1.6023461e-05,-0.025811926,0.3394194,2.9902217,0.72494054,6.387552,0.907203,5.161163,0.0,9.455691,-1.0204315,0.9861111,175.57097,1.0,0.0,0.0,1.0,0.0,0,7.8075933,0.0,0.0,7.6790323,3.580276,6.5114236,0.0,2.9461262,0.0,6.648131
1,429,430.0,10.0,1.0,1.0,410.0,1.0,1.0,1.0,0.9490037,1.0,-0.0,0.0,-1.429228e-05,-0.05098203,0.17185435,3.1035388,0.6850942,7.8220263,1.0315859,5.1987987,0.0,11.134891,-2.2389536,0.9907407,174.67126,1.0,0.0,0.0,1.0,0.0,0,4.3473525,0.0,0.0,4.4514785,2.5856547,4.5989814,0.0,4.1388125,0.0,8.041442
2,429,430.0,10.0,1.0,1.0,411.0,1.0,1.0,1.0,0.9573327,1.0,-0.0,0.0,-1.4707491e-05,-0.04265258,0.26842093,3.005312,0.65146285,6.9250984,0.99761736,5.6340556,0.0,9.098201,-2.305339,0.9861111,173.44046,1.0,0.0,0.0,1.0,0.0,0,8.468575,0.0,0.0,8.0876255,4.1336627,6.376789,0.0,3.2100031,0.0,6.427348
3,429,430.0,10.0,1.0,1.0,408.0,1.0,1.0,1.0,0.9805282,1.0,-0.0,0.0,-1.3406852e-05,-0.019458441,0.25621653,3.0637562,0.7200981,6.1675057,0.9582261,4.8529673,0.0,9.918832,-2.6883316,0.9907407,176.80421,1.0,0.0,0.0,1.0,0.0,0,6.916667,0.0,0.0,6.6702557,4.1060877,7.1898446,0.0,4.0143495,0.0,7.8485165
0,430,431.0,10.0,1.0,1.0,410.0,1.0,1.0,1.0,0.98100245,1.0,-0.0,0.0,-1.3676614e-05,-0.018983899,0.22863708,2.8850477,0.7168726,6.0441327,0.897245,5.0949,0.0,9.167782,-2.369955,0.9861111,175.7301,1.0,0.0,0.0,1.0,0.0,0,6.8256197,0.0,0.0,6.5564365,2.8244889,7.3190536,0.0,3.3490465,0.0,6.189896
1,430,431.0,10.0,1.0,1.0,411.0,1.0,1.0,1.0,0.9455828,1.0,-0.0,0.0,-1.36168965e-05,-0.054403614,0.23551397,3.129181,0.65978867,7.869846,1.0428897,5.39437,0.0,11.144241,-1.7564129,0.9907407,174.85535,1.0,0.0,0.0,1.0,0.0,0,6.205014,0.0,0.0,6.492643,4.22149,4.6439834,0.0,4.0334644,0.0,8.013589
2,430,431.0,10.0,1.0,1.0,412.0,1.0,1.0,1.0,0.96025705,1.0,-0.0,0.0,-1.5504336e-05,-0.03972743,0.18234663,2.9301393,0.64726084,6.823593,0.99504423,5.560052,0.0,8.923765,-3.250815,0.9861111,173.52472,1.0,0.0,0.0,1.0,0.0,0,7.5756946,0.0,0.0,6.544666,3.4111452,7.543436,0.0,3.7646098,0.0,6.1306405
3,430,431.0,10.0,1.0,1.0,409.0,1.0,1.0,1.0,0.97108287,1.0,-0.0,0.0,-1.4201897e-05,-0.028902935,0.31577274,3.1482782,0.7208539,6.7341757,0.96784186,4.9127736,0.0,10.549208,-1.4395267,0.9907407,177.03265,1.0,0.0,0.0,1.0,0.0,0,7.61442,0.0,0.0,7.9598923,3.1307936,5.99565,0.0,2.9770977,0.0,7.603315
0,431,432.0,10.0,1.0,1.0,411.0,1.0,1.0,1.0,0.9729272,1.0,-0.0,0.0,-1.4566262e-05,-0.02705827,0.27593076,2.9917383,0.6753846,6.378964,0.9091963,5.2445316,0.0,9.775917,-1.6386788,0.9861111,175.98328,1.0,0.0,0.0,1.0,0.0,0,8.086341,0.0,0.0,7.785955,3.9885283,6.454945,0.0,3.193293,0.0,6.713472
1,431,432.0,10.0,1.0,1.0,412.0,1.0,1.0,1.0,0.9471225,1.0,-0.0,0.0,-1.5058755e-05,-0.052862424,0.17148256,3.0380383,0.6912862,7.8500147,1.0428973,5.291793,0.0,11.0948,-1.9852864,0.9907407,174.9887,1.0,0.0,0.0,1.0,0.0,0,4.3130636,0.0,0.0,4.559961,2.912664,4.6120667,0.0,4.5308785,0.0,8.380007
2,431,432.0,10.0,1.0,1.0,413.0,1.0,1.0,1.0,0.959795,1.0,-0.0,0.0,-1.3814481e-05,-0.04019116,0.15806556,2.8190758,0.6220093,6.7427754,1.0029154,5.668693,0.0,9.192593,-3.4910338,0.9861111,173.65535,1.0,0.0,0.0,1.0,0.0,0,7.2134986,0.0,0.0,6.5244193,3.1418047,6.4330163,0.0,3.2781851,0.0,6.1735854
3,431,432.0,10.0,1.0,1.0,410.0,1.0,1.0,1.0,0.9746916,1.0,-0.0,0.0,-1.4168829e-05,-0.02529419,0.17283484,3.059038,0.71849036,6.517651,0.96478796,4.8288693,0.0,10.408283,-2.911835,0.9907407,177.23663,1.0,0.0,0.0,1.0,0.0,0,5.867969,0.0,0.0,5.729846,2.8669896,6.439966,0.0,3.5572693,0.0,7.4419923
0,432,433.0,10.0,1.0,1.0,412.0,1.0,1.0,1.0,0.9795431,1.0,-0.0,0.0,-1.47735445e-05,-0.02044213,0.18035583,2.867717,0.6843287,6.0137405,0.9079741,5.212786,0.0,9.340687,-2.8427308,0.9861111,176.10301,1.0,0.0,0.0,1.0,0.0,0,6.7937007,0.0,0.0,6.8730597,2.947148,7.7432055,0.0,3.9101577,0.0,6.6989775
1,432,433.0,10.0,1.0,1.0,413.0,1.0,1.0,1.0,0.943124,1.0,-0.0,0.0,-1.3466938e-05,-0.056862514,0.10896083,2.9504063,0.6499203,8.047304,1.0485928,5.345671,0.0,11.64097,-2.4162252,0.9907407,175.09618,1.0,0.0,0.0,1.0,0.0,0,4.291023,0.0,0.0,4.8731904,3.181121,5.831765,0.0,3.8858364,0.0,7.2166452
2,432,433.0,10.0,1.0,1.0,414.0,1.0,1.0,1.0,0.95850295,1.0,-0.0,0.0,-1.4690321e-05,-0.041482367,0.2684396,3.0348604,0.62373877,6.746143,1.0106344,5.742798,0.0,8.793658,-2.42629,0.9861111,174.18767,1.0,0.0,0.0,1.0,0.0,0,8.950865,0.0,0.0,8.377502,4.4775414,6.503741,0.0,3.422358,0.0,6.504146
3,432,433.0,10.0,1.0,1.0,411.0,1.0,1.0,1.0,0.96904093,1.0,-0.0,0.0,-1.4354438e-05,-0.030944692,0.27324593,3.1277928,0.7064449,6.856681,0.9727101,4.899848,0.0,10.787314,-1.2449752,0.9907407,177.44377,1.0,0.0,0.0,1.0,0.0,0,7.766273,0.0,0.0,8.032028,3.3514564,5.977106,0.0,3.2371113,0.0,7.6708794
0,433,434.0,10.0,1.0,1.0,413.0,1.0,1.0,1.0,0.9773554,1.0,-0.0,0.0,-1.4139259e-05,-0.022630453,0.17621815,2.784489,0.6551297,6.0533237,0.91836315,5.304502,0.0,9.745822,-2.8058925,0.9861111,176.19724,1.0,0.0,0.0,1.0,0.0,0,6.5499144,0.0,0.0,6.2901626,2.9851525,6.6524615,0.0,3.2224903,0.0,6.5498915
1,433,434.0,10.0,1.0,1.0,414.0,1.0,1.0,1.0,0.94761604,1.0,-0.0,0.0,-1.35225455e-05,-0.052370425,0.2817303,3.1187377,0.6595619,7.674331,1.0565209,5.4678936,0.0,10.77879,-1.0583103,0.9907407,175.55174,1.0,0.0,0.0,1.0,0.0,0,6.5721316,0.0,0.0,7.1393228,4.6106215,4.6850414,0.0,4.327044,0.0,8.14412
2,433,434.0,10.0,1.0,1.0,415.0,1.0,1.0,1.0,0.9611737,1.0,-0.0,0.0,-1.6319282e-05,-0.038809955,0.45800173,2.644713,0.6594774,6.5266557,1.0164833,5.8019404,0.0,7.364311,-1.3367702,0.9861111,174.69337,1.0,0.0,0.0,1.0,0.0,0,6.6557803,0.0,0.0,6.3895636,2.991155,6.50608,0.0,3.484282,0.0,6.36445
3,433,434.0,10.0,1.0,1.0,412.0,1.0,1.0,1.0,0.97297573,1.0,-0.0,0.0,-1.5416992e-05,-0.027008845,0.14995801,2.9800105,0.7347111,6.62053,0.97552675,4.901286,0.0,10.433959,-2.6809433,0.9907407,177.59941,1.0,0.0,0.0,1.0,0.0,0,5.1669483,0.0,0.0,4.777172,2.5665228,6.872454,0.0,3.7037146,0.0,7.8847547
0,434,435.0,10.0,1.0,1.0,414.0,1.0,1.0,1.0,0.97647446,1.0,-0.0,0.0,-1.433358e-05,-0.023511225,0.26784873,3.0200791,0.63905734,6.0302544,0.9262499,5.380418,0.0,9.476456,-1.8783184,0.9861111,176.71988,1.0,0.0,0.0,1.0,0.0,0,8.065188,0.0,0.0,8.084481,4.083429,6.569716,0.0,3.3996572,0.0,6.8032312
1,434,435.0,10.0,1.0,1.0,415.0,1.0,1.0,1.0,0.96081555,1.0,-0.0,0.0,-1.8226465e-05,-0.039166182,0.5224619,2.635558,0.75898796,6.853939,1.0639364,5.496031,0.0,9.317492,-0.6637974,0.9907407,176.08139,1.0,0.0,0.0,1.0,0.0,0,4.3612857,0.0,0.0,4.6790476,2.9671133,4.6159377,0.0,4.6216536,0.0,7.9839597
2,434,435.0,10.0,1.0,1.0,416.0,1.0,1.0,1.0,0.9602977,1.0,-0.0,0.0,-1.6336013e-05,-0.03968596,0.16338694,2.896282,0.6254783,6.673782,1.0155951,5.707375,0.0,8.787759,-3.5382323,0.9861111,175.23616,1.0,0.0,0.0,1.0,0.0,0,5.5215163,0.0,0.0,6.5809093,5.663825,6.713236,0.0,4.0123186,0.0,7.0888352
3,434,435.0,10.0,1.0,1.0,413.0,1.0,1.0,1.0,0.9714437,1.0,-0.0,0.0,-1.4395777e-05,-0.028541844,0.15779622,2.8684602,0.71607757,6.71251,0.98112786,4.9644547,0.0,10.830545,-2.5494285,0.9907407,177.71846,1.0,0.0,0.0,1.0,0.0,0,5.9544206,0.0,0.0,5.7808666,2.2371528,6.126642,0.0,3.3407977,0.0,7.494765
0,435,436.0,10.0,1.0,1.0,415.0,1.0,1.0,1.0,0.98684865,1.0,-0.0,0.0,-1.5621667e-05,-0.013135734,0.40367955,2.6531909,0.65699744,5.3534284,0.93275326,5.434715,0.0,8.4483385,-1.1928463,0.9861111,177.19041,1.0,0.0,0.0,1.0,0.0,0,6.3433814,0.0,0.0,6.4111795,2.541754,6.627162,0.0,3.3817313,0.0,6.688892
1,435,436.0,10.0,1.0,1.0,416.0,1.0,1.0,1.0,0.9491513,1.0,-0.0,0.0,-1.7809363e-05,-0.05083087,0.23170784,2.8430593,0.7595408,7.5779905,1.0629148,5.3820186,0.0,10.512585,-1.8358287,0.9907407,176.58543,1.0,0.0,0.0,1.0,0.0,0,2.1825323,0.0,0.0,3.6340308,5.6901965,5.39924,0.0,4.6384735,0.0,7.08104
2,435,436.0,10.0,1.0,1.0,417.0,1.0,1.0,1.0,0.9627997,1.0,-0.0,0.0,-1.72662e-05,-0.037182964,0.24550259,2.7872307,0.6226,6.4490447,1.0203048,5.7819324,0.0,8.369241,-2.6374507,0.9861111,175.51231,1.0,0.0,0.0,1.0,0.0,0,6.6874976,0.0,0.0,6.71294,3.2108574,6.542802,0.0,3.5839314,0.0,6.4055076
3,435,436.0,10.0,1.0,1.0,414.0,1.0,1.0,1.0,0.9732907,1.0,-0.0,0.0,-1.4382827e-05,-0.026694948,0.2844479,3.1178665,0.7039067,6.6016965,0.9868625,4.993075,0.0,10.367372,-1.326262,0.9907407,178.23093,1.0,0.0,0.0,1.0,0.0,0,7.5396485,0.0,0.0,7.9410486,3.3305948,6.0976806,0.0,3.4954548,0.0,7.810258
0,436,437.0,10.0,1.0,1.0,416.0,1.0,1.0,1.0,0.9823244,1.0,-0.0,0.0,-1.5739884e-05,-0.01765986,0.19568056,2.8524797,0.6601499,5.6990004,0.93378824,5.3605905,0.0,9.149459,-2.862259,0.9861111,177.67947,1.0,0.0,0.0,1.0,0.0,0,5.750065,0.0,0.0,6.9040685,7.4243817,7.5845428,0.0,3.7689855,0.0,6.0909243
1,436,437.0,10.0,1.0,1.0,417.0,1.0,1.0,1.0,0.94789416,1.0,-0.0,0.0,-1.6981463e-05,-0.052088834,0.23312792,2.6823711,0.781371,7.605229,1.0693467,5.4358673,0.0,10.410249,-1.8816311,0.9907407,176.82204,1.0,0.0,0.0,1.0,0.0,0,4.6395464,0.0,0.0,4.8593993,3.2758534,4.5012627,0.0,4.6244254,0.0,8.079538
2,436,437.0,10.0,1.0,1.0,418.0,1.0,1.0,1.0,0.9611913,1.0,-0.0,0.0,-1.3516223e-05,-0.038795196,0.39616898,2.7243395,0.6642492,6.478726,1.0271349,5.8489847,0.0,7.7364182,-1.9138604,0.9861111,175.77408,1.0,0.0,0.0,1.0,0.0,0,6.6618466,0.0,0.0,6.7300787,3.283197,6.726316,0.0,3.6276746,0.0,6.4273252
3,436,437.0,10.0,1.0,1.0,415.0,1.0,1.0,1.0,0.9827328,1.0,-0.0,0.0,-1.675888e-05,-0.017250454,0.5033631,2.6156385,0.7859778,6.0038366,0.99210006,5.0311894,0.0,8.830285,-0.8629542,0.9907407,178.77516,1.0,0.0,0.0,1.0,0.0,0,5.394514,0.0,0.0,5.4077315,1.9455454,6.1157136,0.0,3.6295319,0.0,7.7190337
0,437,438.0,10.0,1.0,1.0,417.0,1.0,1.0,1.0,0.9833646,1.0,-0.0,0.0,-1.7025703e-05,-0.016618377,0.28860793,2.7314618,0.6777485,5.5853424,0.9373375,5.4117594,0.0,8.778879,-2.1673198,0.9861111,177.96426,1.0,0.0,0.0,1.0,0.0,0,6.9425945,0.0,0.0,6.784681,3.107926,6.615786,0.0,3.5197108,0.0,6.7839556
1,437,438.0,10.0,1.0,1.0,418.0,1.0,1.0,1.0,0.9477371,1.0,-0.0,0.0,-1.4035785e-05,-0.05224888,0.34016892,2.7508512,0.76624405,7.5928607,1.0722762,5.4123383,0.0,10.453912,-0.3874693,0.9907407,177.19641,1.0,0.0,0.0,1.0,0.0,0,4.6565723,0.0,0.0,4.9197493,3.154989,4.771117,0.0,4.6081314,0.0,8.06796
2,437,438.0,10.0,1.0,1.0,419.0,1.0,1.0,1.0,0.9629245,1.0,-0.0,0.0,-1.3604338e-05,-0.037061937,0.35975873,2.7995827,0.63440126,6.3553505,1.0308578,5.868365,0.0,8.302599,-2.4201694,0.9861111,176.18628,1.0,0.0,0.0,1.0,0.0,0,6.3155427,0.0,0.0,6.293787,3.0884755,6.862376,0.0,3.6150105,0.0,6.40348
3,437,438.0,10.0,1.0,1.0,416.0,1.0,1.0,1.0,0.976451,1.0,-0.0,0.0,-1.801571e-05,-0.023531012,0.187831,2.8511236,0.7855291,6.404692,0.99642694,5.0071673,0.0,9.87476,-2.7115297,0.9907407,179.3186,1.0,0.0,0.0,1.0,0.0,0,3.7823071,0.0,0.0,5.404593,2.9077353,5.687894,0.0,3.3195996,0.0,7.1017776
0,438,439.0,10.0,1.0,1.0,418.0,1.0,1.0,1.0,0.98094153,1.0,-0.0,0.0,-1.3384729e-05,-0.019045064,0.24273731,2.839506,0.6212993,5.684555,0.94367164,5.4581475,0.0,9.529534,-2.3396537,0.9861111,178.35811,1.0,0.0,0.0,1.0,0.0,0,6.109828,0.0,0.0,5.8581963,2.714584,6.775527,0.0,3.4323838,0.0,6.6880956
1,438,439.0,10.0,1.0,1.0,419.0,1.0,1.0,1.0,0.9503838,1.0,-0.0,0.0,-1.2729509e-05,-0.049603447,0.30740798,2.7741222,0.747863,7.396917,1.0772386,5.454991,0.0,10.370086,-1.4381893,0.9907407,177.57114,1.0,0.0,0.0,1.0,0.0,0,4.360267,0.0,0.0,4.4953384,3.0425103,4.8486986,0.0,4.553082,0.0,8.046595
2,438,439.0,10.0,1.0,1.0,420.0,1.0,1.0,1.0,0.9628179,1.0,-0.0,0.0,-1.2750318e-05,-0.037169315,0.44632405,2.7138455,0.61998314,6.328927,1.0342766,5.901231,0.0,8.356019,-1.4444953,0.9861111,176.49648,1.0,0.0,0.0,1.0,0.0,0,6.763604,0.0,0.0,6.259317,3.554744,6.796094,0.0,3.7641118,0.0,6.4359994
3,438,439.0,10.0,1.0,1.0,417.0,1.0,1.0,1.0,0.9754887,1.0,-0.0,0.0,-1.8078661e-05,-0.024493214,0.3080599,2.6494832,0.8386607,6.430317,0.998245,5.0392747,0.0,9.329465,-1.8377314,0.9907407,179.55548,1.0,0.0,0.0,1.0,0.0,0,6.199475,0.0,0.0,6.421105,2.3245473,6.0674314,0.0,3.833536,0.0,7.975833
0,439,440.0,10.0,1.0,1.0,419.0,1.0,1.0,1.0,0.9873858,1.0,-0.0,0.0,-1.2343786e-05,-0.012601869,0.36744922,2.7998807,0.6379115,5.234071,0.9497677,5.5220404,0.0,8.644087,-1.7986493,0.9861111,178.6868,1.0,0.0,0.0,1.0,0.0,0,6.2144694,0.0,0.0,6.092047,2.789777,6.5280237,0.0,3.3744943,0.0,6.573333
1,439,440.0,10.0,1.0,1.0,420.0,1.0,1.0,1.0,0.95335346,1.0,-0.0,0.0,-1.4470499e-05,-0.046632055,0.38964486,2.6851368,0.7329562,7.1782107,1.0826283,5.514094,0.0,10.339971,-0.569107,0.9907407,177.87952,1.0,0.0,0.0,1.0,0.0,0,4.715441,0.0,0.0,4.2896557,3.3090293,4.783928,0.0,4.7015147,0.0,8.141579
2,439,440.0,10.0,1.0,1.0,421.0,1.0,1.0,1.0,0.96018034,1.0,-0.0,0.0,-1.5322634e-05,-0.039804313,0.5439505,2.6939142,0.66743964,6.4637203,1.0378914,5.9245377,0.0,7.985418,-0.89635324,0.9861111,177.05275,1.0,0.0,0.0,1.0,0.0,0,6.9541063,0.0,0.0,6.6917844,3.1446297,6.7827272,0.0,3.74887,0.0,6.4618645
3,439,440.0,10.0,1.0,1.0,418.0,1.0,1.0,1.0,0.9777024,1.0,-0.0,0.0,-1.4847761e-05,-0.022282759,0.41462666,2.6966593,0.8223052,6.290703,1.0030255,5.046262,0.0,9.228905,-0.23244974,0.9907407,179.92691,1.0,0.0,0.0,1.0,0.0,0,5.7589827,0.0,0.0,5.8267193,2.2214296,6.2895203,0.0,3.6948724,0.0,7.8608346
0,440,441.0,10.0,1.0,1.0,420.0,1.0,1.0,1.0,0.9852238,1.0,-0.0,0.0,-1.1952971e-05,-0.014764216,0.36858135,2.783711,0.594258,5.321155,0.95309216,5.564697,0.0,9.301278,-1.507977,0.9861111,179.07248,1.0,0.0,0.0,1.0,0.0,0,7.1276584,0.0,0.0,6.144278,3.1203759,7.0838194,0.0,3.6728165,0.0,7.4102674
1,440,441.0,10.0,1.0,1.0,421.0,1.0,1.0,1.0,0.9529647,1.0,-0.0,0.0,-1.5490828e-05,-0.04701978,0.43091252,2.6444597,0.7793272,7.1564655,1.0886294,5.5686355,0.0,10.0210085,-0.42592174,0.9907407,178.43214,1.0,0.0,0.0,1.0,0.0,0,4.190394,0.0,0.0,4.3190584,2.9219248,4.7906156,0.0,4.6940217,0.0,8.189922
2,440,441.0,10.0,1.0,1.0,422.0,1.0,1.0,1.0,0.96416223,1.0,-0.0,0.0,-1.1375804e-05,-0.035826378,0.38453117,2.625961,0.6215093,6.207624,1.0410672,5.941958,0.0,8.113024,-2.6118867,0.9861111,177.41534,1.0,0.0,0.0,1.0,0.0,0,6.347514,0.0,0.0,5.458807,2.8300261,6.798822,0.0,3.740487,0.0,6.4852324
3,440,441.0,10.0,1.0,1.0,419.0,1.0,1.0,1.0,0.97783315,1.0,-0.0,0.0,-1.3868483e-05,-0.022152944,0.34010744,2.772954,0.7836451,6.2652574,1.0070955,5.063918,0.0,9.699392,-1.48925,0.9907407,180.34348,1.0,0.0,0.0,1.0,0.0,0,5.7992706,0.0,0.0,5.796008,2.0848172,6.4137983,0.0,3.6926994,0.0,7.880985
0,441,442.0,10.0,1.0,1.0,421.0,1.0,1.0,1.0,0.98504555,1.0,-0.0,0.0,-1.8237411e-05,-0.014936237,0.61053705,2.6577475,0.7069565,5.270741,0.958295,5.6254325,0.0,8.039197,0.591442,0.9861111,179.59303,1.0,0.0,0.0,1.0,0.0,0,6.477667,0.0,0.0,6.1047444,2.6351285,6.9755316,0.0,3.5769644,0.0,6.8680243
1,441,442.0,10.0,1.0,1.0,422.0,1.0,1.0,1.0,0.9594159,1.0,-0.0,0.0,-1.1420929e-05,-0.04057262,0.3137406,2.5280209,0.7511765,6.7263794,1.094397,5.6326656,0.0,9.797294,-1.9844267,0.9907407,178.7464,1.0,0.0,0.0,1.0,0.0,0,3.869881,0.0,0.0,3.5550451,2.7268112,4.7847605,0.0,4.7731795,0.0,8.290928
2,441,442.0,10.0,1.0,1.0,423.0,1.0,1.0,1.0,0.94938177,1.0,-0.0,0.0,-1.5251136e-05,-0.05060295,0.7540699,2.4946887,0.7638588,6.9264555,1.0434309,6.10972,0.0,6.8091884,1.6906801,0.9861111,177.88054,1.0,0.0,0.0,1.0,0.0,0,7.5654774,0.0,0.0,7.0238404,3.4632037,6.7669835,0.0,3.8524876,0.0,6.4754252
3,441,442.0,10.0,1.0,1.0,420.0,1.0,1.0,1.0,0.97949016,1.0,-0.0,0.0,-1.4244779e-05,-0.020495582,0.52842945,2.6190932,0.80303717,6.0994587,1.0125747,5.1302757,0.0,9.157617,0.12459606,0.9907407,180.578,1.0,0.0,0.0,1.0,0.0,0,5.6389046,0.0,0.0,5.3625646,2.7706783,6.2616534,0.0,3.8778293,0.0,7.9846315
0,442,443.0,10.0,1.0,1.0,422.0,1.0,1.0,1.0,0.98835623,1.0,-0.0,0.0,-1.4364652e-05,-0.0116294,0.33792967,2.6159172,0.64408344,4.9751673,0.9639821,5.6977634,0.0,8.579567,-2.5143335,0.9861111,179.96951,1.0,0.0,0.0,1.0,0.0,0,7.1923223,0.0,0.0,7.0048766,1.5816754,6.486558,0.0,4.3719144,0.0,6.6842685
1,442,443.0,10.0,1.0,1.0,423.0,1.0,1.0,1.0,0.9594709,1.0,-0.0,0.0,-1.3786006e-05,-0.04051529,0.64597875,2.4683812,0.8294006,6.6706123,1.1013739,5.737614,0.0,8.818464,1.4943527,0.9907407,179.28033,1.0,0.0,0.0,1.0,0.0,0,4.7760606,0.0,0.0,4.998096,3.0411472,4.720594,0.0,5.020783,0.0,8.469255
2,442,443.0,10.0,1.0,1.0,424.0,1.0,1.0,1.0,0.9546712,1.0,-0.0,0.0,-1.4814069e-05,-0.045313932,0.5484182,2.470778,0.6848172,6.6082172,1.0459876,6.110617,0.0,6.7660484,-1.7085019,0.9861111,178.35204,1.0,0.0,0.0,1.0,0.0,0,5.7649612,0.0,0.0,5.463356,2.1928277,6.7681675,0.0,3.7220356,0.0,6.6123495
3,442,443.0,10.0,1.0,1.0,421.0,1.0,1.0,1.0,0.9753405,1.0,-0.0,0.0,-1.6511674e-05,-0.024643024,0.57643425,2.5949852,0.85392666,6.320756,1.017562,5.1578245,0.0,8.999861,-0.17579272,0.9907407,181.13535,1.0,0.0,0.0,1.0,0.0,0,5.398395,0.0,0.0,5.595068,2.1942735,6.352657,0.0,3.8195558,0.0,8.011171
0,443,444.0,10.0,1.0,1.0,423.0,1.0,1.0,1.0,0.97859555,1.0,-0.0,0.0,-1.96487e-05,-0.021384774,0.64781904,2.5444486,0.7603724,5.466318,0.9733093,5.816767,0.0,7.9678454,0.89374,0.9861111,180.4383,1.0,0.0,0.0,1.0,0.0,0,6.836462,0.0,0.0,6.3341336,3.1464489,6.8491974,0.0,3.8348,0.0,7.2117414
1,443,444.0,10.0,1.0,1.0,424.0,1.0,1.0,1.0,0.96420467,1.0,-0.0,0.0,-1.4154746e-05,-0.035781212,0.45635104,2.3844588,0.75721437,6.363231,1.1044854,5.7460694,0.0,8.462228,-2.1954234,0.9907407,179.6963,1.0,0.0,0.0,1.0,0.0,0,3.099512,0.0,0.0,3.2687428,1.4235971,4.534428,0.0,4.783227,0.0,8.263995
2,443,444.0,10.0,1.0,1.0,425.0,1.0,1.0,1.0,0.95876,1.0,-0.0,0.0,-1.7006987e-05,-0.04122296,0.2776362,2.7728658,0.5703997,6.355843,1.0480434,6.117533,0.0,9.701844,-3.2794168,0.9861111,179.09547,1.0,0.0,0.0,1.0,0.0,0,6.9190536,0.0,0.0,6.1846957,2.881185,6.83139,0.0,3.8116698,0.0,6.5154233
3,443,444.0,10.0,1.0,1.0,422.0,1.0,1.0,1.0,0.98008704,1.0,-0.0,0.0,-1.2614012e-05,-0.019900303,0.3005203,2.5872612,0.7708055,5.985288,1.0219921,5.2087293,0.0,9.612943,-2.362743,0.9907407,181.54631,1.0,0.0,0.0,1.0,0.0,0,5.640172,0.0,0.0,5.01565,1.5805994,5.8891087,0.0,3.890797,0.0,7.8169255
0,444,445.0,10.0,1.0,1.0,424.0,1.0,1.0,1.0,0.98039514,1.0,-0.0,0.0,-1.4634723e-05,-0.019590177,0.19616038,2.480886,0.6904846,5.263309,0.97301054,5.912101,0.0,8.832354,-3.636621,0.9861111,180.8382,1.0,0.0,0.0,1.0,0.0,0,5.611807,0.0,0.0,4.1712146,2.1689618,7.0244884,0.0,3.8896792,0.0,7.3641586
1,444,445.0,10.0,1.0,1.0,425.0,1.0,1.0,1.0,0.97237223,1.0,-0.0,0.0,-1.4765903e-05,-0.027612982,0.73058677,2.4427247,0.79120284,5.950912,1.0844169,5.705866,0.0,7.9929857,1.0576034,0.9907407,180.22382,1.0,0.0,0.0,1.0,0.0,0,5.128287,0.0,0.0,5.3975554,3.2590945,5.299529,0.0,4.1892805,0.0,7.752057
2,444,445.0,10.0,1.0,1.0,426.0,1.0,1.0,1.0,0.9694825,1.0,-0.0,0.0,-1.4840731e-05,-0.030502684,0.09851307,2.7229826,0.47089863,6.0120473,1.0395453,5.818113,0.0,10.242787,-7.4045305,0.9861111,179.49438,1.0,0.0,0.0,1.0,0.0,0,4.3854036,0.0,0.0,7.838648,1.8177098,8.838557,0.0,4.054024,0.0,5.594874
3,444,445.0,10.0,1.0,1.0,423.0,1.0,1.0,1.0,0.96998036,1.0,-0.0,0.0,-1.8962746e-05,-0.03000066,0.852764,2.4108787,0.91874236,6.5103173,1.0297662,5.289721,0.0,7.729642,1.4622473,0.9907407,182.01512,1.0,0.0,0.0,1.0,0.0,0,6.2246323,0.0,0.0,6.293863,2.9041157,6.181733,0.0,4.029656,0.0,8.228083
0,445,446.0,10.0,1.0,1.0,425.0,1.0,1.0,1.0,0.9738637,1.0,-0.0,0.0,-1.6785161e-05,-0.026119448,0.2953075,2.6699693,0.6630346,5.7382965,0.97176135,5.8288693,0.0,9.883279,-2.9591815,0.9861111,181.48657,1.0,0.0,0.0,1.0,0.0,0,7.0641747,0.0,0.0,6.6184974,3.0770016,6.672199,0.0,3.7708433,0.0,7.1805058
1,445,446.0,10.0,1.0,1.0,426.0,1.0,1.0,1.0,0.9742408,1.0,-0.0,0.0,-1.35560085e-05,-0.025745712,0.56426,2.2699895,0.79599404,5.9534116,1.0788441,5.568917,0.0,7.350177,-0.3846353,0.9907407,180.54445,1.0,0.0,0.0,1.0,0.0,0,2.9955595,0.0,0.0,6.2634254,1.3570182,7.121743,0.0,5.049444,0.0,7.6467557
2,445,446.0,10.0,1.0,1.0,427.0,1.0,1.0,1.0,0.9678846,1.0,-0.0,0.0,-1.4037071e-05,-0.032101326,0.34148657,2.8210626,0.5016871,6.1298094,1.0329504,5.7962694,0.0,9.56986,-3.5293448,0.9861111,180.0127,1.0,0.0,0.0,1.0,0.0,0,8.111328,0.0,0.0,7.134046,3.6977277,6.8893642,0.0,3.524338,0.0,6.5244684
3,445,446.0,10.0,1.0,1.0,424.0,1.0,1.0,1.0,0.97179765,1.0,-0.0,0.0,-1.7712751e-05,-0.02818467,0.51427114,2.275929,0.9067146,6.370365,1.0353016,5.320714,0.0,7.9018683,-0.8870475,0.9907407,182.34149,1.0,0.0,0.0,1.0,0.0,0,4.686484,0.0,0.0,3.8753903,2.1470346,6.19463,0.0,3.8737116,0.0,8.285874
0,446,447.0,10.0,1.0,1.0,426.0,1.0,1.0,1.0,0.99003696,1.0,-0.0,0.0,-1.3587346e-05,-0.009949436,0.14937595,2.549397,0.6011006,4.849578,0.96307385,5.596966,0.0,9.053646,-3.6335568,0.9861111,181.9037,1.0,0.0,0.0,1.0,0.0,0,4.7363024,0.0,0.0,7.6186914,2.109884,9.503305,0.0,4.1871943,0.0,6.658649
1,446,447.0,10.0,1.0,1.0,427.0,1.0,1.0,1.0,0.9741876,1.0,-0.0,0.0,-1.552779e-05,-0.025796818,0.8628577,2.3779461,0.79433024,5.9420896,1.0807625,5.5347867,0.0,7.214363,1.656021,0.9907407,181.05331,1.0,0.0,0.0,1.0,0.0,0,5.0863123,0.0,0.0,5.836287,3.7517896,5.1999183,0.0,4.2979274,0.0,8.075651
2,446,447.0,10.0,1.0,1.0,428.0,1.0,1.0,1.0,0.97303194,1.0,-0.0,0.0,-1.42133185e-05,-0.026953904,0.22574067,2.656645,0.46980503,5.806662,1.0386164,5.810571,0.0,8.06913,-4.436115,0.9861111,180.28914,1.0,0.0,0.0,1.0,0.0,0,4.6512003,0.0,0.0,7.3072658,2.2274296,7.595206,0.0,3.502818,0.0,6.3256617
3,446,447.0,10.0,1.0,1.0,425.0,1.0,1.0,1.0,0.9767306,1.0,-0.0,0.0,-1.8247169e-05,-0.02325118,0.27567968,2.6141315,0.7887969,6.100614,1.036883,5.294456,0.0,10.031975,-2.5169616,0.9907407,183.11966,1.0,0.0,0.0,1.0,0.0,0,6.333038,0.0,0.0,5.874564,2.6542976,6.2163877,0.0,3.939499,0.0,8.265097
0,447,448.0,10.0,1.0,1.0,427.0,1.0,1.0,1.0,0.9908773,1.0,-0.0,0.0,-1.4137521e-05,-0.009108605,0.5399499,2.6642122,0.6149743,4.842146,0.96070385,5.546516,0.0,8.520786,-0.98476,0.9861111,182.41638,1.0,0.0,0.0,1.0,0.0,0,7.4961085,0.0,0.0,7.266151,3.2837765,6.953392,0.0,3.2474918,0.0,6.904858
1,447,448.0,10.0,1.0,1.0,428.0,1.0,1.0,1.0,0.9777713,1.0,-0.0,0.0,-1.4001516e-05,-0.022214735,0.6155096,2.2686222,0.77320904,5.751245,1.0775517,5.4201446,0.0,6.946954,-0.781619,0.9907407,181.28392,1.0,0.0,0.0,1.0,0.0,0,3.374103,0.0,0.0,6.9063377,2.2930214,6.4943337,0.0,5.0729227,0.0,7.6859236
2,447,448.0,10.0,1.0,1.0,429.0,1.0,1.0,1.0,0.97017807,1.0,-0.0,0.0,-1.5621961e-05,-0.02980629,0.43178797,2.7445514,0.48970032,5.902292,1.0404643,5.8860846,0.0,8.22915,-1.1820803,0.9861111,180.64458,1.0,0.0,0.0,1.0,0.0,0,7.468698,0.0,0.0,6.7392178,3.5547569,6.847894,0.0,3.4633884,0.0,6.7465124
3,447,448.0,10.0,1.0,1.0,426.0,1.0,1.0,1.0,0.9978077,1.0,-0.0,0.0,-1.50353135e-05,-0.0021772692,0.17803013,2.4790473,0.71413594,4.959406,1.0174181,5.0716434,0.0,8.923743,-3.3669424,0.9907407,183.50533,1.0,0.0,0.0,1.0,0.0,0,4.098715,0.0,0.0,7.6752367,1.2606632,8.593423,0.0,3.8062255,0.0,7.2751803
0,448,449.0,10.0,1.0,1.0,428.0,1.0,1.0,1.0,0.9926381,1.0,-0.0,0.0,-1.3475176e-05,-0.007348444,0.25838614,2.4885905,0.6260914,4.609044,0.9590218,5.440906,0.0,8.173802,-3.7906477,0.9861111,182.6107,1.0,0.0,0.0,1.0,0.0,0,4.3249674,0.0,0.0,6.7652254,2.128339,9.049384,0.0,3.829254,0.0,6.4106927
1,448,449.0,10.0,1.0,1.0,429.0,1.0,1.0,1.0,0.97924083,1.0,-0.0,0.0,-1.2996549e-05,-0.020746145,0.68055505,2.388914,0.73673475,5.5821176,1.0883534,5.551455,0.0,7.2576084,0.27330127,0.9907407,181.6831,1.0,0.0,0.0,1.0,0.0,0,5.3220963,0.0,0.0,5.5690217,3.6468594,5.1150956,0.0,4.4708204,0.0,8.490641
2,448,449.0,10.0,1.0,1.0,430.0,1.0,1.0,1.0,0.96705323,1.0,-0.0,0.0,-1.2211462e-05,-0.03293457,0.25066173,2.8592677,0.43874592,5.9196453,1.0518986,6.056428,0.0,8.710254,-2.533636,0.9861111,180.95268,1.0,0.0,0.0,1.0,0.0,0,6.652897,0.0,0.0,6.390743,3.0393116,6.7664485,0.0,3.4862573,0.0,6.9892716
3,448,449.0,10.0,1.0,1.0,427.0,1.0,1.0,1.0,0.99608874,1.0,-0.0,0.0,-1.570838e-05,-0.0038955251,0.6828762,2.5042078,0.7827766,5.136377,1.0129806,5.031812,0.0,7.8429246,0.7022796,0.9907407,183.97261,1.0,0.0,0.0,1.0,0.0,0,6.9658294,0.0,0.0,7.4474807,3.7057598,6.3251634,0.0,3.4243126,0.0,7.9965253
0,449,450.0,10.0,1.0,1.0,429.0,1.0,1.0,1.0,0.9900528,1.0,-0.0,0.0,-1.4049692e-05,-0.009933122,0.41788632,2.616296,0.6006417,4.697708,0.96689576,5.595987,0.0,8.337387,-1.9325409,0.9861111,183.02304,1.0,0.0,0.0,1.0,0.0,0,7.100935,0.0,0.0,6.953106,3.1834085,6.9455066,0.0,3.3568425,0.0,7.238148
1,449,450.0,10.0,1.0,1.0,430.0,1.0,1.0,1.0,0.9812833,1.0,-0.0,0.0,-1.1141898e-05,-0.01870552,0.58410317,2.516592,0.6757652,5.3777976,1.099271,5.714368,0.0,7.4501386,0.6034123,0.9907407,181.9859,1.0,0.0,0.0,1.0,0.0,0,5.5432973,0.0,0.0,5.256018,3.4747922,5.090702,0.0,4.5378757,0.0,8.705403
2,449,450.0,10.0,1.0,1.0,431.0,1.0,1.0,1.0,0.9785936,1.0,-0.0,0.0,-1.2061331e-05,-0.02139438,0.28945655,2.5735369,0.46529648,5.6816616,1.0416982,5.602,0.0,7.45056,-2.4810658,0.9861111,181.16559,1.0,0.0,0.0,1.0,0.0,0,6.345555,0.0,0.0,6.5921097,3.067526,7.393858,0.0,3.7744665,0.0,6.3993683
3,449,450.0,10.0,1.0,1.0,428.0,1.0,1.0,1.0,0.9977116,1.0,-0.0,0.0,-1.602262e-05,-0.0022723614,0.38656443,2.3581297,0.77438384,5.0148234,1.0162023,4.987113,0.0,7.645035,-2.344217,0.9907407,184.1802,1.0,0.0,0.0,1.0,0.0,0,3.1312065,0.0,0.0,6.1982527,1.3990798,8.308827,0.0,3.8330188,0.0,7.1621532
0,450,451.0,10.0,1.0,1.0,430.0,1.0,1.0,1.0,0.9868415,1.0,-0.0,0.0,-1.1266621e-05,-0.01314726,0.23883246,2.7612126,0.52796423,4.7338996,0.978824,5.788835,0.0,8.882479,-2.356533,0.9861111,183.3646,1.0,0.0,0.0,1.0,0.0,0,6.5852304,0.0,0.0,6.2630515,2.9082682,6.5427876,0.0,3.9137673,0.0,7.926341
1,450,451.0,10.0,1.0,1.0,431.0,1.0,1.0,1.0,0.9753458,1.0,-0.0,0.0,-1.1147348e-05,-0.024643067,0.72763336,2.1947806,0.75409544,5.920174,1.0744545,5.3049455,0.0,6.373352,0.2558492,0.9907407,182.23537,1.0,0.0,0.0,1.0,0.0,0,5.3647327,0.0,0.0,6.8365254,3.7301848,6.127711,0.0,4.128315,0.0,7.116612
2,450,451.0,10.0,1.0,1.0,432.0,1.0,1.0,1.0,0.97299343,1.0,-0.0,0.0,-1.3003361e-05,-0.026993576,0.33284128,2.5769725,0.49080205,5.895389,1.0499645,5.7242246,0.0,7.3011637,-1.8406342,0.9861111,181.1742,1.0,0.0,0.0,1.0,0.0,0,6.3417845,0.0,0.0,7.697494,3.1818156,7.156335,0.0,3.6137362,0.0,6.98411
3,450,451.0,10.0,1.0,1.0,429.0,1.0,1.0,1.0,0.9954993,1.0,-0.0,0.0,-1.5806017e-05,-0.004484893,0.43156892,2.4969878,0.7606315,5.095976,1.0230823,5.1368337,0.0,8.376276,-1.4955626,0.9907407,184.5863,1.0,0.0,0.0,1.0,0.0,0,6.2861094,0.0,0.0,6.466741,2.885967,6.335664,0.0,3.5329502,0.0,8.333733
0,451,452.0,10.0,1.0,1.0,431.0,1.0,1.0,1.0,0.995933,1.0,-0.0,0.0,-1.1397471e-05,-0.004055624,0.36932155,2.4469917,0.57616174,4.1643057,0.962348,5.243337,0.0,7.2134376,-1.9228039,0.9861111,183.6088,1.0,0.0,0.0,1.0,0.0,0,5.924378,0.0,0.0,7.1579146,2.9303327,8.105958,0.0,3.7435935,0.0,6.528466
1,451,452.0,10.0,1.0,1.0,432.0,1.0,1.0,1.0,0.9806618,1.0,-0.0,0.0,-1.3984652e-05,-0.019324208,0.6498363,2.2248719,0.7493203,5.5576572,1.0802393,5.3865266,0.0,6.4516616,-0.3097141,0.9907407,182.30888,1.0,0.0,0.0,1.0,0.0,0,4.9553847,0.0,0.0,7.628486,3.3082502,6.0146356,0.0,4.287151,0.0,7.7514167
2,451,452.0,10.0,1.0,1.0,433.0,1.0,1.0,1.0,0.97073144,1.0,-0.0,0.0,-1.1063099e-05,-0.029257478,0.33705944,2.6978304,0.48717076,5.930878,1.0574018,5.824569,0.0,7.363405,-1.7650938,0.9861111,181.20448,1.0,0.0,0.0,1.0,0.0,0,6.5809097,0.0,0.0,7.448034,3.1081007,6.927396,0.0,3.6210487,0.0,7.1053433
3,451,452.0,10.0,1.0,1.0,430.0,1.0,1.0,1.0,0.99512494,1.0,-0.0,0.0,-1.1852067e-05,-0.0048632226,0.27849638,2.6197615,0.7063633,4.9899383,1.0337282,5.291793,0.0,8.739117,-2.4508927,0.9907407,184.90456,1.0,0.0,0.0,1.0,0.0,0,6.1632957,0.0,0.0,6.0244637,2.606146,6.2033987,0.0,3.592238,0.0,8.513004
0,452,453.0,10.0,1.0,1.0,432.0,1.0,1.0,1.0,0.99391574,1.0,-0.0,0.0,-1.3590974e-05,-0.006070679,0.40758884,2.405148,0.64428806,4.632594,0.9682986,5.36424,0.0,7.1256013,-1.5707873,0.9861111,183.66682,1.0,0.0,0.0,1.0,0.0,0,5.6745815,0.0,0.0,7.406454,2.7865658,7.684434,0.0,3.3900542,0.0,7.185838
1,452,453.0,10.0,1.0,1.0,433.0,1.0,1.0,1.0,0.9850348,1.0,-0.0,0.0,-1.4162065e-05,-0.014951013,0.60366094,2.3624756,0.721926,5.251693,1.086049,5.4285164,0.0,6.490902,-0.87944233,0.9907407,182.36534,1.0,0.0,0.0,1.0,0.0,0,5.5187707,0.0,0.0,7.846685,3.522736,5.5131917,0.0,4.4742646,0.0,7.7745357
2,452,453.0,10.0,1.0,1.0,434.0,1.0,1.0,1.0,0.97326946,1.0,-0.0,0.0,-1.1628986e-05,-0.026718944,0.31465107,2.7410989,0.4989682,5.836119,1.057012,5.7670164,0.0,7.424785,-3.283549,0.9861111,181.49612,1.0,0.0,0.0,1.0,0.0,0,7.084159,0.0,0.0,7.161069,3.5378036,7.064802,0.0,3.7402513,0.0,7.355579
3,452,453.0,10.0,1.0,1.0,431.0,1.0,1.0,1.0,0.99860007,1.0,-0.0,0.0,-1.2210788e-05,-0.0013877056,0.4540354,2.2828083,0.73341656,4.7007065,1.0111016,4.7845664,0.0,6.840083,-1.8131332,0.9907407,185.16873,1.0,0.0,0.0,1.0,0.0,0,6.0358686,0.0,0.0,7.3973556,3.518157,7.7257543,0.0,3.3380458,0.0,7.05888
0,453,454.0,10.0,1.0,1.0,433.0,1.0,1.0,1.0,0.9925434,1.0,-0.0,0.0,-1.2264682e-05,-0.00744433,0.39391255,2.5133054,0.64583784,4.663754,0.97453606,5.4466596,0.0,7.2581487,-1.7194533,0.9861111,183.68887,1.0,0.0,0.0,1.0,0.0,0,6.085688,0.0,0.0,7.6522675,2.9207766,7.3573465,0.0,3.5250833,0.0,7.276057
1,453,454.0,10.0,1.0,1.0,434.0,1.0,1.0,1.0,0.9849207,1.0,-0.0,0.0,-1.2747505e-05,-0.015066586,0.55865085,2.4100482,0.73369455,5.21669,1.0916406,5.4322653,0.0,6.5230865,-1.3354104,0.9907407,182.65631,1.0,0.0,0.0,1.0,0.0,0,6.335593,0.0,0.0,6.780043,3.6507006,5.1197925,0.0,4.383853,0.0,8.251745
2,453,454.0,10.0,1.0,1.0,435.0,1.0,1.0,1.0,0.97363555,1.0,-0.0,0.0,-1.1511419e-05,-0.026352938,0.39100164,2.6297565,0.5836173,6.019857,1.054813,5.5613184,0.0,6.5844846,-2.70974,0.9861111,181.9239,1.0,0.0,0.0,1.0,0.0,0,7.484121,0.0,0.0,7.4901247,4.087683,7.3019433,0.0,4.067374,0.0,7.5234246
3,453,454.0,10.0,1.0,1.0,432.0,1.0,1.0,1.0,0.9971698,1.0,-0.0,0.0,-1.405604e-05,-0.0028161155,0.47776327,2.2681887,0.7816377,5.0327454,1.0181628,4.935352,0.0,6.9216375,-1.8638409,0.9907407,185.1951,1.0,0.0,0.0,1.0,0.0,0,5.4313345,0.0,0.0,7.422123,3.3171356,7.185352,0.0,3.355456,0.0,7.9723134
0,454,455.0,10.0,1.0,1.0,434.0,1.0,1.0,1.0,0.9931834,1.0,-0.0,0.0,-1.1867951e-05,-0.006804775,0.4016854,2.5613341,0.647592,4.5449004,0.9744601,5.408286,0.0,7.026269,-2.207866,0.9861111,183.94037,1.0,0.0,0.0,1.0,0.0,0,7.7390695,0.0,0.0,7.0023346,3.7557724,7.4277782,0.0,3.731349,0.0,7.6265
1,454,455.0,10.0,1.0,1.0,435.0,1.0,1.0,1.0,0.9819534,1.0,-0.0,0.0,-1.1145179e-05,-0.01803546,0.5721725,2.3081307,0.79843056,5.418266,1.0885148,5.2903132,0.0,6.102585,-1.2027594,0.9907407,183.09023,1.0,0.0,0.0,1.0,0.0,0,6.863209,0.0,0.0,7.136441,5.9602413,6.0500793,0.0,4.601146,0.0,8.632878
2,454,455.0,10.0,1.0,1.0,436.0,1.0,1.0,1.0,0.9653251,1.0,-0.0,0.0,-1.37291145e-05,-0.034661155,0.49792603,2.4873524,0.7109577,6.6527443,1.0569233,5.4123383,0.0,5.5371456,-0.892641,0.9861111,182.47028,1.0,0.0,0.0,1.0,0.0,0,7.9470234,0.0,0.0,7.396106,4.538115,7.6189156,0.0,4.096151,0.0,7.760259
3,454,455.0,10.0,1.0,1.0,433.0,1.0,1.0,1.0,0.9969506,1.0,-0.0,0.0,-1.3368301e-05,-0.0030359952,0.44378227,2.3887808,0.7756641,4.903043,1.0242879,5.009669,0.0,7.1082635,-1.9710399,0.9907407,185.23389,1.0,0.0,0.0,1.0,0.0,0,5.665543,0.0,0.0,7.621423,3.2356458,6.737587,0.0,3.5665004,0.0,7.993398
0,455,456.0,10.0,1.0,1.0,435.0,1.0,1.0,1.0,0.99573886,1.0,-0.0,0.0,-1.1612825e-05,-0.0042495374,0.4642371,2.448288,0.7265711,4.817182,0.9753799,5.254972,0.0,6.31345,-1.8368652,0.9861111,184.37357,1.0,0.0,0.0,1.0,0.0,0,7.7885427,0.0,0.0,7.292736,5.050382,7.6516857,0.0,4.2208176,0.0,8.019171
1,455,456.0,10.0,1.0,1.0,436.0,1.0,1.0,1.0,0.97615,1.0,-0.0,0.0,-1.1950059e-05,-0.023838114,0.4982311,2.1741488,0.9068807,5.775293,1.0873324,5.1978955,0.0,5.8437185,-2.2317142,0.9907407,183.68587,1.0,0.0,0.0,1.0,0.0,0,6.8166995,0.0,0.0,6.7341514,5.9173684,6.5428705,0.0,4.4516773,0.0,8.420351
2,455,456.0,10.0,1.0,1.0,437.0,1.0,1.0,1.0,0.96996254,1.0,-0.0,0.0,-1.6112013e-05,-0.03002135,0.40737167,2.7119358,0.6224403,6.100357,1.0783491,5.700923,0.0,6.816156,-1.775615,0.9861111,182.7534,1.0,0.0,0.0,1.0,0.0,0,8.460583,0.0,0.0,8.431685,4.234932,6.6532235,0.0,3.6407945,0.0,8.080385
3,455,456.0,10.0,1.0,1.0,434.0,1.0,1.0,1.0,0.9969417,1.0,-0.0,0.0,-1.1906684e-05,-0.0030463794,0.42450315,2.4548156,0.76893145,4.739519,1.024371,4.9576693,0.0,6.9897127,-2.1146731,0.9907407,185.48471,1.0,0.0,0.0,1.0,0.0,0,7.1448045,0.0,0.0,6.9689927,4.073637,6.782955,0.0,3.6013455,0.0,8.227517
0,456,457.0,10.0,1.0,1.0,436.0,1.0,1.0,1.0,0.9889273,1.0,-0.0,0.0,-1.3540544e-05,-0.011059136,0.5038455,2.2853575,0.8543154,5.5766444,0.97572964,5.086903,0.0,5.6895447,-1.0527186,0.9861111,184.94832,1.0,0.0,0.0,1.0,0.0,0,7.494175,0.0,0.0,7.046223,5.123203,7.835245,0.0,4.0650496,0.0,7.9640865
1,456,457.0,10.0,1.0,1.0,437.0,1.0,1.0,1.0,0.9726046,1.0,-0.0,0.0,-1.3063384e-05,-0.027382366,0.15517324,2.4852185,0.79386234,5.7903223,1.1136825,5.6061916,0.0,7.975603,-4.45679,0.9907407,183.9115,1.0,0.0,0.0,1.0,0.0,0,7.07188,0.0,0.0,7.2155614,3.6366405,4.9523187,0.0,4.0966086,0.0,8.522649
2,456,457.0,10.0,1.0,1.0,438.0,1.0,1.0,1.0,0.9748023,1.0,-0.0,0.0,-1.1356998e-05,-0.025186323,0.10223091,2.6118886,0.6072143,5.7667446,1.0811895,5.744434,0.0,6.739241,-5.368736,0.9861111,183.43692,1.0,0.0,0.0,1.0,0.0,0,8.266274,0.0,0.0,7.637454,4.473457,8.116629,0.0,4.1773286,0.0,7.647359
3,456,457.0,10.0,1.0,1.0,435.0,1.0,1.0,1.0,0.99742746,1.0,-0.0,0.0,-1.125044e-05,-0.0025612535,0.4781667,2.3501682,0.8246663,4.973593,1.02049,4.8317866,0.0,6.31463,-1.4017979,0.9907407,185.9087,1.0,0.0,0.0,1.0,0.0,0,7.5764456,0.0,0.0,7.4796357,5.076789,7.392638,0.0,3.6792624,0.0,8.129728
0,457,458.0,10.0,1.0,1.0,437.0,1.0,1.0,1.0,0.98923993,1.0,-0.0,0.0,-1.4088042e-05,-0.010746015,0.28878337,2.5562248,0.7305116,5.181451,1.0022149,5.4633093,0.0,7.443788,-2.8458014,0.9861111,185.18718,1.0,0.0,0.0,1.0,0.0,0,8.360189,0.0,0.0,8.474919,4.045474,6.4990273,0.0,3.8666646,0.0,8.815867
1,457,458.0,10.0,1.0,1.0,438.0,1.0,1.0,1.0,0.97954696,1.0,-0.0,0.0,-9.682461e-06,-0.020443395,0.034420006,2.417059,0.7837125,5.467464,1.1012186,5.2597375,0.0,8.023505,-5.1475883,0.9907407,184.56813,1.0,0.0,0.0,1.0,0.0,0,6.1128445,0.0,0.0,5.98863,5.042181,5.652818,0.0,4.9894667,0.0,8.779826
2,457,458.0,10.0,1.0,1.0,439.0,1.0,1.0,1.0,0.9676009,1.0,-0.0,0.0,-1.5653062e-05,-0.03238345,0.09775031,2.5400336,0.62607217,6.091879,1.0921693,5.8511267,0.0,7.3088713,-4.069548,0.9861111,183.72299,1.0,0.0,0.0,1.0,0.0,0,7.349912,0.0,0.0,6.651688,3.4014933,6.486729,0.0,3.7569933,0.0,8.042989
3,457,458.0,10.0,1.0,1.0,436.0,1.0,1.0,1.0,0.9874866,1.0,-0.0,0.0,-1.3806284e-05,-0.0124995485,0.45957083,2.2081,0.9351429,5.5871644,1.0217077,4.79078,0.0,5.914866,-2.5620534,0.9907407,186.4962,1.0,0.0,0.0,1.0,0.0,0,6.6929526,0.0,0.0,6.9817495,4.7400837,7.562633,0.0,3.3509243,0.0,7.697225
0,458,459.0,10.0,1.0,1.0,438.0,1.0,1.0,1.0,0.9923016,1.0,-0.0,0.0,-9.992788e-06,-0.007688388,0.19471645,2.5141585,0.67219275,4.4843802,0.9888255,5.4613028,0.0,6.574202,-4.068736,0.9861111,185.7534,1.0,0.0,0.0,1.0,0.0,0,8.370226,0.0,0.0,7.801347,5.376503,8.037134,0.0,3.6077576,0.0,7.039979
1,458,459.0,10.0,1.0,1.0,439.0,1.0,1.0,1.0,0.97031444,1.0,-0.0,0.0,-1.3644122e-05,-0.029671915,0.13935286,2.369039,0.7831807,5.962086,1.109097,5.4296703,0.0,8.7660265,-6.9826293,0.9907407,184.84059,1.0,0.0,0.0,1.0,0.0,0,5.258089,0.0,0.0,6.952116,2.933688,6.749068,0.0,3.9848557,0.0,7.177698
2,458,459.0,10.0,1.0,1.0,440.0,1.0,1.0,1.0,0.9679239,1.0,-0.0,0.0,-8.141653e-06,-0.03206798,0.18307008,3.0269244,0.39225313,5.770681,1.0995557,6.153397,0.0,8.436079,-3.598991,0.9861111,183.8896,1.0,0.0,0.0,1.0,0.0,0,10.021156,0.0,0.0,9.262607,4.6485467,7.1899047,0.0,3.3746777,0.0,7.647689
3,458,459.0,10.0,1.0,1.0,437.0,1.0,1.0,1.0,0.9862853,1.0,-0.0,0.0,-1.4630121e-05,-0.013700066,0.17749742,2.4942663,0.853442,5.4640265,1.0477302,5.205271,0.0,8.109271,-3.8445191,0.9907407,186.721,1.0,0.0,0.0,1.0,0.0,0,7.67679,0.0,0.0,7.9923067,3.8296335,6.385212,0.0,3.5916936,0.0,9.152055
0,459,460.0,10.0,1.0,1.0,439.0,1.0,1.0,1.0,0.9886801,1.0,-0.0,0.0,-1.3950142e-05,-0.011305905,0.050789118,2.4400299,0.69264823,4.960353,1.0021394,5.678354,0.0,7.610714,-4.021843,0.9861111,186.05652,1.0,0.0,0.0,1.0,0.0,0,5.3562236,0.0,0.0,7.2680078,3.301935,7.4609284,0.0,3.7495785,0.0,8.039996
1,459,460.0,10.0,1.0,1.0,440.0,1.0,1.0,1.0,0.9683695,1.0,-0.0,0.0,-7.929601e-06,-0.031622615,0.013416074,2.8080392,0.5767386,5.8964515,1.133454,5.7724447,0.0,9.221172,-5.175369,0.9907407,184.99115,1.0,0.0,0.0,1.0,0.0,0,8.848988,0.0,0.0,9.286236,5.1345067,5.3748293,0.0,3.726758,0.0,8.059973
2,459,460.0,10.0,1.0,1.0,441.0,1.0,1.0,1.0,0.9663485,1.0,-0.0,0.0,-1.0832986e-05,-0.033640638,0.15404132,2.9569304,0.38767868,5.7676954,1.1083549,6.250742,0.0,7.109864,-4.5197644,0.9861111,184.3184,1.0,0.0,0.0,1.0,0.0,0,8.759203,0.0,0.0,8.62725,3.4091756,7.3477535,0.0,3.671884,0.0,7.7975974
3,459,460.0,10.0,1.0,1.0,438.0,1.0,1.0,1.0,0.99454504,1.0,-0.0,0.0,-1.1215223e-05,-0.0054437784,0.2258461,2.443054,0.7425817,4.46829,1.0435503,5.0828996,0.0,6.480834,-3.2960446,0.9907407,187.26706,1.0,0.0,0.0,1.0,0.0,0,8.471376,0.0,0.0,8.583106,5.5386477,6.601802,0.0,4.267593,0.0,8.556061
0,460,461.0,10.0,1.0,1.0,440.0,1.0,1.0,1.0,0.984275,1.0,-0.0,0.0,-8.136612e-06,-0.015716877,0.1075441,2.9539416,0.4420262,4.6895347,1.0216252,5.943012,0.0,8.70669,-3.4831092,0.9861111,186.23944,1.0,0.0,0.0,1.0,0.0,0,8.961691,0.0,0.0,9.698113,4.252129,6.3778,0.0,3.714787,0.0,8.306597
1,460,461.0,10.0,1.0,1.0,441.0,1.0,1.0,1.0,0.9831783,1.0,-0.0,0.0,-9.665496e-06,-0.016812038,0.0730386,2.667413,0.5634523,4.799271,1.1344963,5.72983,0.0,7.8004146,-5.274767,0.9907407,185.51074,1.0,0.0,0.0,1.0,0.0,0,7.0538416,0.0,0.0,6.8275957,4.680721,6.7020364,0.0,5.324825,0.0,9.434856
2,460,461.0,10.0,1.0,1.0,442.0,1.0,1.0,1.0,0.96495986,1.0,-0.0,0.0,-1.4338585e-05,-0.03502577,0.18553883,2.8904724,0.42141107,5.896319,1.1074452,6.2052264,0.0,7.127611,-4.2261305,0.9861111,184.64542,1.0,0.0,0.0,1.0,0.0,0,7.6222196,0.0,0.0,7.7819085,3.2374995,7.3057146,0.0,3.5264363,0.0,7.2243953
3,460,461.0,10.0,1.0,1.0,439.0,1.0,1.0,1.0,0.99019504,1.0,-0.0,0.0,-1.4861171e-05,-0.009790128,0.06673485,2.3394341,0.8155427,5.130733,1.0608898,5.2870564,0.0,7.659576,-4.8786325,0.9907407,187.61325,1.0,0.0,0.0,1.0,0.0,0,5.2766185,0.0,0.0,7.7170563,3.1476805,7.2625628,0.0,3.7891924,0.0,8.675226
0,461,462.0,10.0,1.0,1.0,441.0,1.0,1.0,1.0,0.98513764,1.0,-0.0,0.0,-1.0099701e-05,-0.014852296,0.12320373,2.9060094,0.38717097,3.720506,1.029719,5.891137,0.0,7.316063,-4.817864,0.9861111,186.6694,1.0,0.0,0.0,1.0,0.0,0,7.1771164,0.0,0.0,7.090356,3.9129899,7.706168,0.0,3.7404902,0.0,7.433451
1,461,462.0,10.0,1.0,1.0,442.0,1.0,1.0,1.0,0.97455317,1.0,-0.0,0.0,-1.5320174e-05,-0.025431512,0.07075518,2.5514657,0.6418506,5.518352,1.1343384,5.6882734,0.0,8.386515,-4.343544,0.9907407,185.87427,1.0,0.0,0.0,1.0,0.0,0,6.1736593,0.0,0.0,6.2652617,3.8954213,5.640085,0.0,4.3511147,0.0,8.14585
2,461,462.0,10.0,1.0,1.0,443.0,1.0,1.0,1.0,0.96131724,1.0,-0.0,0.0,-1.2031065e-05,-0.03867072,0.48248693,3.0614085,0.45384195,6.0846767,1.116493,6.235565,0.0,6.4586787,-1.4169421,0.9861111,185.03786,1.0,0.0,0.0,1.0,0.0,0,10.725966,0.0,0.0,10.746968,5.236488,7.3183722,0.0,3.4672892,0.0,7.738647
3,461,462.0,10.0,1.0,1.0,440.0,1.0,1.0,1.0,0.9900857,1.0,-0.0,0.0,-8.777252e-06,-0.0099055,0.13144054,2.787324,0.6335547,4.7269483,1.079244,5.5684943,0.0,8.521685,-3.7082677,0.9907407,187.73207,1.0,0.0,0.0,1.0,0.0,0,8.432427,0.0,0.0,9.402405,4.1707964,6.314766,0.0,4.0433254,0.0,9.372296
0,462,463.0,10.0,1.0,1.0,442.0,1.0,1.0,1.0,0.98527944,1.0,-0.0,0.0,-1.4626316e-05,-0.01470598,0.12939833,2.7449226,0.48185313,4.2660823,1.0317285,5.8823586,0.0,7.530513,-4.66537,0.9861111,187.06232,1.0,0.0,0.0,1.0,0.0,0,7.509626,0.0,0.0,7.5360303,3.3981366,6.9242954,0.0,3.3177457,0.0,6.812392
1,462,463.0,10.0,1.0,1.0,443.0,1.0,1.0,1.0,0.97434,1.0,-0.0,0.0,-9.266062e-06,-0.025650717,0.3084246,2.686389,0.6513365,5.523316,1.1354302,5.9036183,0.0,7.714774,-2.6754122,0.9907407,186.27852,1.0,0.0,0.0,1.0,0.0,0,8.206399,0.0,0.0,9.341687,5.3398376,5.2726283,0.0,4.009398,0.0,8.143237
2,462,463.0,10.0,1.0,1.0,444.0,1.0,1.0,1.0,0.9638704,1.0,-0.0,0.0,-1.5651603e-05,-0.036113933,0.29582864,3.041387,0.46177682,5.9364204,1.1090344,6.2304144,0.0,7.1687236,-2.8756213,0.9861111,185.69208,1.0,0.0,0.0,1.0,0.0,0,8.106958,0.0,0.0,7.7884746,3.6314788,7.3696656,0.0,3.0343497,0.0,7.382183
3,462,463.0,10.0,1.0,1.0,441.0,1.0,1.0,1.0,0.98965037,1.0,-0.0,0.0,-1.0274353e-05,-0.010339392,0.13460517,2.7303314,0.56029606,3.8655937,1.0827152,5.5395947,0.0,7.2217283,-4.879961,0.9907407,188.1668,1.0,0.0,0.0,1.0,0.0,0,8.02003,0.0,0.0,7.6168985,4.680271,7.6603475,0.0,4.348429,0.0,8.925824
0,463,464.0,10.0,1.0,1.0,443.0,1.0,1.0,1.0,0.98450625,1.0,-0.0,0.0,-9.8762375e-06,-0.015483832,0.36919975,2.9179244,0.49686483,4.3581285,1.0396802,5.9290295,0.0,6.889712,-2.8201454,0.9861111,187.44783,1.0,0.0,0.0,1.0,0.0,0,8.751993,0.0,0.0,10.147261,5.0148454,6.6500444,0.0,3.4637196,0.0,7.9550858
1,463,464.0,10.0,1.0,1.0,444.0,1.0,1.0,1.0,0.95817834,1.0,-0.0,0.0,-1.3281339e-05,-0.041808374,0.15336704,2.825746,0.6402098,6.479089,1.1372551,5.8574133,0.0,9.209422,-3.4177964,0.9907407,186.79457,1.0,0.0,0.0,1.0,0.0,0,6.1998825,0.0,0.0,6.49435,3.3240385,5.2285304,0.0,3.7445242,0.0,7.586825
2,463,464.0,10.0,1.0,1.0,445.0,1.0,1.0,1.0,0.96166325,1.0,-0.0,0.0,-1.7481812e-05,-0.038319305,0.23130402,2.9097757,0.49883303,6.081072,1.1072521,6.2180853,0.0,7.7575226,-3.063418,0.9861111,186.15689,1.0,0.0,0.0,1.0,0.0,0,7.689273,0.0,0.0,7.18305,3.3971536,7.3220196,0.0,4.041063,0.0,7.3808475
3,463,464.0,10.0,1.0,1.0,442.0,1.0,1.0,1.0,0.9897562,1.0,-0.0,0.0,-1.4039583e-05,-0.010229694,0.16409382,2.5791268,0.6567956,4.548,1.0818375,5.519771,0.0,7.5226393,-4.7914286,0.9907407,188.55493,1.0,0.0,0.0,1.0,0.0,0,6.8919077,0.0,0.0,7.090694,3.6800206,6.7320046,0.0,3.9380827,0.0,8.579385
0,464,465.0,10.0,1.0,1.0,444.0,1.0,1.0,1.0,0.9855285,1.0,-0.0,0.0,-1.20611985e-05,-0.014459411,0.2679944,2.9860594,0.49234006,4.7919245,1.0368063,5.867564,0.0,8.019785,-2.7039955,0.9861111,188.03824,1.0,0.0,0.0,1.0,0.0,0,7.8460984,0.0,0.0,8.635704,3.9020836,7.0578947,0.0,4.0561643,0.0,7.7450566
1,464,465.0,10.0,1.0,1.0,445.0,1.0,1.0,1.0,0.9591915,1.0,-0.0,0.0,-1.4408051e-05,-0.04079408,0.15349743,2.7671254,0.62904614,6.490802,1.127579,5.6666203,0.0,9.565607,-2.4192128,0.9907407,187.17287,1.0,0.0,0.0,1.0,0.0,0,6.9645476,0.0,0.0,6.7669134,3.0230372,5.957451,0.0,4.3643603,0.0,7.6943264
2,464,465.0,10.0,1.0,1.0,446.0,1.0,1.0,1.0,0.9657975,1.0,-0.0,0.0,-1.562745e-05,-0.03418692,0.26251152,3.1444755,0.37117097,6.1994185,1.1015067,5.851795,0.0,8.197021,-1.5962534,0.9861111,186.32828,1.0,0.0,0.0,1.0,0.0,0,9.6022835,0.0,0.0,9.199625,4.1407766,7.307895,0.0,4.2891192,0.0,7.868723
3,464,465.0,10.0,1.0,1.0,443.0,1.0,1.0,1.0,0.98821914,1.0,-0.0,0.0,-1.0408378e-05,-0.011770404,0.34826994,2.763732,0.6516552,4.599692,1.0941632,5.6298842,0.0,7.146879,-3.271618,0.9907407,188.92302,1.0,0.0,0.0,1.0,0.0,0,8.882672,0.0,0.0,10.320061,5.3597546,6.4211426,0.0,3.9584358,0.0,9.238085
0,465,466.0,10.0,1.0,1.0,445.0,1.0,1.0,1.0,0.98689455,1.0,-0.0,0.0,-1.6542506e-05,-0.013088905,0.22286363,2.8968866,0.51004887,5.0229354,1.0266845,5.7623982,0.0,8.5737505,-2.4723773,0.9861111,188.41653,1.0,0.0,0.0,1.0,0.0,0,7.5841527,0.0,0.0,7.783186,3.0650022,8.038278,0.0,3.9746146,0.0,7.3598013
1,465,466.0,10.0,1.0,1.0,446.0,1.0,1.0,1.0,0.9535535,1.0,-0.0,0.0,-1.37435545e-05,-0.046432756,0.23542345,2.7158654,0.66393137,6.960406,1.1100745,5.0705624,0.0,9.68036,-2.0038524,0.9907407,187.61098,1.0,0.0,0.0,1.0,0.0,0,6.851052,0.0,0.0,6.8370433,3.6557124,5.23622,0.0,4.9588146,0.0,8.126597
2,465,466.0,10.0,1.0,1.0,447.0,1.0,1.0,1.0,0.96008843,1.0,-0.0,0.0,-1.21092635e-05,-0.03989947,0.42556936,3.083507,0.46185175,6.4992423,1.1088978,5.894725,0.0,8.274123,-0.8498039,0.9861111,186.7602,1.0,0.0,0.0,1.0,0.0,0,9.715684,0.0,0.0,9.254047,4.5653353,6.8948674,0.0,3.972652,0.0,7.8241973
3,465,466.0,10.0,1.0,1.0,444.0,1.0,1.0,1.0,0.988873,1.0,-0.0,0.0,-1.153406e-05,-0.011115451,0.27132928,2.83509,0.65824664,4.963193,1.0889236,5.5496206,0.0,8.064505,-2.7643228,0.9907407,189.48935,1.0,0.0,0.0,1.0,0.0,0,8.104487,0.0,0.0,9.001375,3.848336,6.624097,0.0,4.425028,0.0,9.27291
0,466,467.0,10.0,1.0,1.0,446.0,1.0,1.0,1.0,0.98800147,1.0,-0.0,0.0,-1.2981788e-05,-0.011985559,0.245101,3.069581,0.4034896,5.363803,1.0175132,5.35533,0.0,9.141552,-1.7989212,0.9861111,188.64423,1.0,0.0,0.0,1.0,0.0,0,7.7478333,0.0,0.0,8.084848,4.0706058,6.740303,0.0,4.2704334,0.0,7.647266
1,466,467.0,10.0,1.0,1.0,447.0,1.0,1.0,1.0,0.9422429,1.0,-0.0,0.0,-1.1349981e-05,-0.057745747,0.19600503,2.7729294,0.7139872,7.516971,1.1263697,5.2475166,0.0,10.149238,-2.0004492,0.9907407,187.90993,1.0,0.0,0.0,1.0,0.0,0,7.476141,0.0,0.0,7.9349513,2.8337185,5.275987,0.0,4.2596307,0.0,8.039805
2,466,467.0,10.0,1.0,1.0,448.0,1.0,1.0,1.0,0.96060014,1.0,-0.0,0.0,-1.8393257e-05,-0.03938146,0.41475034,2.9508293,0.54506946,6.502133,1.1119612,5.860754,0.0,7.912295,-1.306002,0.9861111,187.14008,1.0,0.0,0.0,1.0,0.0,0,7.6144843,0.0,0.0,6.632658,3.0680146,7.110453,0.0,3.7067425,0.0,7.379744
3,466,467.0,10.0,1.0,1.0,445.0,1.0,1.0,1.0,0.98694724,1.0,-0.0,0.0,-1.698184e-05,-0.013035793,0.2254419,2.7992651,0.6620611,5.2396026,1.0723393,5.5196295,0.0,8.839447,-1.8291855,0.9907407,189.85391,1.0,0.0,0.0,1.0,0.0,0,7.4225354,0.0,0.0,7.7184925,4.0029597,7.208048,0.0,3.659376,0.0,7.5342126
0,467,468.0,10.0,1.0,1.0,447.0,1.0,1.0,1.0,0.9831595,1.0,-0.0,0.0,-1.1733167e-05,-0.016828781,0.33898652,3.0636034,0.45976484,5.4495335,1.0230267,5.5601926,0.0,8.849242,-1.4298018,0.9861111,189.02113,1.0,0.0,0.0,1.0,0.0,0,8.732884,0.0,0.0,9.30089,3.8570015,6.7274327,0.0,3.6371477,0.0,7.582295
1,467,468.0,10.0,1.0,1.0,448.0,1.0,1.0,1.0,0.9480807,1.0,-0.0,0.0,-1.1843992e-05,-0.051907443,0.17965473,2.7302058,0.7077146,7.172207,1.1256318,5.206474,0.0,10.057194,-2.2572856,0.9907407,188.21747,1.0,0.0,0.0,1.0,0.0,0,6.023944,0.0,0.0,5.6212087,2.5446792,6.1180067,0.0,4.59202,0.0,7.828343
2,467,468.0,10.0,1.0,1.0,449.0,1.0,1.0,1.0,0.95657295,1.0,-0.0,0.0,-2.0864516e-05,-0.04340619,0.4172474,2.9337475,0.58070934,6.804284,1.1066782,5.722857,0.0,7.922633,-0.827088,0.9861111,187.68329,1.0,0.0,0.0,1.0,0.0,0,10.14223,0.0,0.0,9.5365715,4.538636,7.056825,0.0,3.9278855,0.0,7.515908
3,467,468.0,10.0,1.0,1.0,446.0,1.0,1.0,1.0,0.9810738,1.0,-0.0,0.0,-1.3854227e-05,-0.018912347,0.2717834,2.759765,0.69029045,5.7651153,1.0492834,5.1950326,0.0,9.050737,-2.2003353,0.9907407,190.28159,1.0,0.0,0.0,1.0,0.0,0,7.1033177,0.0,0.0,7.3021154,6.227192,6.795551,0.0,3.711377,0.0,7.587585
0,468,469.0,10.0,1.0,1.0,448.0,1.0,1.0,1.0,0.97940093,1.0,-0.0,0.0,-1.4304296e-05,-0.020584788,0.21602362,3.0151708,0.4833873,5.7195725,1.0238265,5.515514,0.0,9.532421,-2.4847016,0.9861111,189.36523,1.0,0.0,0.0,1.0,0.0,0,5.7321196,0.0,0.0,6.313726,2.0262837,7.4397864,0.0,3.9210224,0.0,7.5737886
1,468,469.0,10.0,1.0,1.0,449.0,1.0,1.0,1.0,0.9511073,1.0,-0.0,0.0,-1.65918e-05,-0.048876107,0.32144114,2.738038,0.72122884,7.1288342,1.1071641,4.9943295,0.0,9.58468,-1.0072486,0.9907407,188.71788,1.0,0.0,0.0,1.0,0.0,0,7.65928,0.0,0.0,7.7167716,4.267054,4.6827393,0.0,3.6913033,0.0,6.7758355
2,468,469.0,10.0,1.0,1.0,450.0,1.0,1.0,1.0,0.95617425,1.0,-0.0,0.0,-1.652317e-05,-0.04380924,0.6304089,2.908284,0.6268528,6.777876,1.1134237,5.75832,0.0,7.7202663,0.9288825,0.9861111,187.7397,1.0,0.0,0.0,1.0,0.0,0,7.372391,0.0,0.0,6.685349,3.0619292,7.1247168,0.0,4.0470634,0.0,7.3654203
3,468,469.0,10.0,1.0,1.0,447.0,1.0,1.0,1.0,0.96712226,1.0,-0.0,0.0,-1.2142221e-05,-0.0328656,0.18275343,2.872571,0.718091,6.4120235,1.0542527,5.5599113,0.0,9.91415,-2.833385,0.9907407,190.52982,1.0,0.0,0.0,1.0,0.0,0,8.582025,0.0,0.0,9.692611,3.1032913,6.367883,0.0,4.2428603,0.0,8.5509615
0,469,470.0,10.0,1.0,1.0,449.0,1.0,1.0,1.0,0.976764,1.0,-0.0,0.0,-1.7433522e-05,-0.023218567,0.18845946,3.2037296,0.38986,6.203207,1.0227469,5.189906,0.0,10.221217,-1.9239681,0.9861111,189.71776,1.0,0.0,0.0,1.0,0.0,0,9.08572,0.0,0.0,9.818063,4.1959925,7.408299,0.0,4.2790666,0.0,7.9097085
1,469,470.0,10.0,1.0,1.0,450.0,1.0,1.0,1.0,0.9584653,1.0,-0.0,0.0,-1.5206134e-05,-0.04151951,0.519396,2.6476696,0.7713478,6.6289234,1.1149663,5.2033153,0.0,8.75349,0.07896125,0.9907407,188.81487,1.0,0.0,0.0,1.0,0.0,0,5.256258,0.0,0.0,5.407849,3.0779853,4.856549,0.0,4.5050354,0.0,7.7297206
2,469,470.0,10.0,1.0,1.0,451.0,1.0,1.0,1.0,0.9541169,1.0,-0.0,0.0,-1.8114259e-05,-0.04586498,0.53961164,2.7003713,0.75432116,7.0603914,1.0922009,5.256759,0.0,6.966973,-0.12281258,0.9861111,188.46176,1.0,0.0,0.0,1.0,0.0,0,11.311848,0.0,0.0,9.368112,5.8245482,7.056311,0.0,5.1794715,0.0,7.755023
3,469,470.0,10.0,1.0,1.0,448.0,1.0,1.0,1.0,0.96732926,1.0,-0.0,0.0,-1.3274928e-05,-0.032657444,0.08095,2.908351,0.6796007,6.394046,1.0579147,5.5654,0.0,10.460571,-3.0492246,0.9907407,190.77298,1.0,0.0,0.0,1.0,0.0,0,6.3331995,0.0,0.0,6.1908374,2.6085339,7.109903,0.0,3.9209793,0.0,8.241225
0,470,471.0,10.0,1.0,1.0,450.0,1.0,1.0,1.0,0.9735228,1.0,-0.0,0.0,-1.4786911e-05,-0.026462458,0.21596476,3.1854098,0.4126,6.351283,1.0303587,5.2364635,0.0,10.701859,-1.6406308,0.9861111,189.76028,1.0,0.0,0.0,1.0,0.0,0,5.6168256,0.0,0.0,5.7140784,2.2595513,7.035619,0.0,3.4447916,0.0,7.1558056
1,470,471.0,10.0,1.0,1.0,451.0,1.0,1.0,1.0,0.9508558,1.0,-0.0,0.0,-1.6321217e-05,-0.04912786,0.33980644,2.555419,0.8160117,7.305931,1.0855653,4.8758216,0.0,9.659113,-0.897076,0.9907407,189.4809,1.0,0.0,0.0,1.0,0.0,0,6.4667377,0.0,0.0,5.871429,4.775977,5.100019,0.0,4.2654853,0.0,7.428614
2,470,471.0,10.0,1.0,1.0,452.0,1.0,1.0,1.0,0.9475016,1.0,-0.0,0.0,-2.6714613e-05,-0.052471716,0.7636968,2.726901,0.8379397,7.376453,1.1029133,5.300811,0.0,6.626612,2.004995,0.9861111,188.88023,1.0,0.0,0.0,1.0,0.0,0,8.974453,0.0,0.0,8.440648,4.3288436,6.5767016,0.0,3.8357685,0.0,7.5411267
3,470,471.0,10.0,1.0,1.0,449.0,1.0,1.0,1.0,0.97222507,1.0,-0.0,0.0,-1.6884645e-05,-0.027758088,0.1423508,3.159699,0.5538699,6.300902,1.048611,5.2313776,0.0,10.523117,-2.584477,0.9907407,191.03741,1.0,0.0,0.0,1.0,0.0,0,6.608863,0.0,0.0,7.767616,3.0180955,6.3439636,0.0,3.9242654,0.0,8.088302
0,471,472.0,10.0,1.0,1.0,451.0,1.0,1.0,1.0,0.97488004,1.0,-0.0,0.0,-1.4941732e-05,-0.02510498,0.14872961,3.2385256,0.2817744,6.189559,1.0422319,4.416124,0.0,10.459331,-1.7911447,0.9861111,190.20203,1.0,0.0,0.0,1.0,0.0,0,6.4246287,0.0,0.0,7.1615734,3.7736878,6.8458347,0.0,3.8721287,0.0,7.281584
1,471,472.0,10.0,1.0,1.0,452.0,1.0,1.0,1.0,0.9459321,1.0,-0.0,0.0,-2.0449732e-05,-0.054047447,0.3955919,2.5697653,0.8712171,7.4932804,1.0999421,5.1766133,0.0,9.313546,-0.41057077,0.9907407,189.90352,1.0,0.0,0.0,1.0,0.0,0,6.591775,0.0,0.0,7.5307627,3.5716727,4.7982564,0.0,4.1599994,0.0,7.810877
2,471,472.0,10.0,1.0,1.0,453.0,1.0,1.0,1.0,0.9542385,1.0,-0.0,0.0,-1.5392303e-05,-0.04574612,0.25478786,2.7203667,0.71210825,6.8951783,1.1132784,5.4339943,0.0,8.268734,-1.8749386,0.9861111,189.34033,1.0,0.0,0.0,1.0,0.0,0,7.554257,0.0,0.0,6.147491,3.1506202,6.5630875,0.0,4.0295324,0.0,7.635868
3,471,472.0,10.0,1.0,1.0,450.0,1.0,1.0,1.0,0.96157324,1.0,-0.0,0.0,-1.42342815e-05,-0.03841252,0.12865737,3.172885,0.58286214,6.8834696,1.0561707,5.403072,0.0,11.480239,-2.5291023,0.9907407,191.07968,1.0,0.0,0.0,1.0,0.0,0,5.5417037,0.0,0.0,5.755675,1.8869394,6.080635,0.0,3.5399373,0.0,7.3845816
0,472,473.0,10.0,1.0,1.0,452.0,1.0,1.0,1.0,0.96468073,1.0,-0.0,0.0,-1.343885e-05,-0.03530583,0.26202574,3.1837876,0.41404733,6.6946363,1.0564951,4.596968,0.0,10.5406065,-0.72063506,0.9861111,190.68088,1.0,0.0,0.0,1.0,0.0,0,7.582705,0.0,0.0,8.157037,3.496019,6.8307195,0.0,3.2517016,0.0,7.3979764
1,472,473.0,10.0,1.0,1.0,453.0,1.0,1.0,1.0,0.9458283,1.0,-0.0,0.0,-1.132398e-05,-0.05416036,0.107079744,2.4895473,0.83798057,7.4658456,1.1045034,5.309371,0.0,9.872948,-2.8695586,0.9907407,190.42525,1.0,0.0,0.0,1.0,0.0,0,5.4608693,0.0,0.0,5.1405253,2.6247268,5.197596,0.0,4.5686893,0.0,7.771143
2,472,473.0,10.0,1.0,1.0,454.0,1.0,1.0,1.0,0.9449999,1.0,-0.0,0.0,-2.2072221e-05,-0.05497808,0.37045813,2.8375401,0.67515886,7.392998,1.1207582,5.5194874,0.0,9.698236,0.5460903,0.9861111,189.55402,1.0,0.0,0.0,1.0,0.0,0,9.088964,0.0,0.0,7.832264,3.9895456,6.4412303,0.0,4.429495,0.0,7.928278
3,472,473.0,10.0,1.0,1.0,451.0,1.0,1.0,1.0,0.97180027,1.0,-0.0,0.0,-1.3706467e-05,-0.028186042,0.11543669,3.2328002,0.44286078,6.2631326,1.0570706,4.8291936,0.0,10.76492,-2.4123862,0.9907407,191.51923,1.0,0.0,0.0,1.0,0.0,0,6.859509,0.0,0.0,7.2390823,3.0053053,7.1125298,0.0,4.529695,0.0,7.706187
0,473,474.0,10.0,1.0,1.0,453.0,1.0,1.0,1.0,0.97050416,1.0,-0.0,0.0,-1.2252729e-05,-0.02948355,0.10706894,2.944051,0.4841625,6.3264523,1.059008,4.655185,0.0,10.169626,-2.5792289,0.9861111,191.33705,1.0,0.0,0.0,1.0,0.0,0,6.5962787,0.0,0.0,6.3490834,2.995267,7.6621513,0.0,3.5010295,0.0,7.1282763
1,473,474.0,10.0,1.0,1.0,454.0,1.0,1.0,1.0,0.92691475,1.0,-0.0,0.0,-1.883161e-05,-0.07306641,0.18998384,2.5332499,0.88505137,8.531624,1.113648,5.437596,0.0,10.976175,-1.2758086,0.9907407,190.72069,1.0,0.0,0.0,1.0,0.0,0,6.4956236,0.0,0.0,6.695191,2.7150798,4.5552435,0.0,4.6661863,0.0,7.8656483
2,473,474.0,10.0,1.0,1.0,455.0,1.0,1.0,1.0,0.94661576,1.0,-0.0,0.0,-1.5347734e-05,-0.05336892,0.33559465,2.8323364,0.6436711,7.2644343,1.1250267,5.530541,0.0,9.770384,0.22370276,0.9861111,189.8126,1.0,0.0,0.0,1.0,0.0,0,8.298974,0.0,0.0,6.90703,3.1480606,6.4888163,0.0,4.2531137,0.0,7.6376367
3,473,474.0,10.0,1.0,1.0,452.0,1.0,1.0,1.0,0.970289,1.0,-0.0,0.0,-1.28017155e-05,-0.029698174,0.24631917,3.1750858,0.5317852,6.290952,1.0654583,5.0277653,0.0,10.358468,-1.5613083,0.9907407,192.0096,1.0,0.0,0.0,1.0,0.0,0,7.533874,0.0,0.0,8.859004,2.8490715,6.4610667,0.0,3.5396657,0.0,7.8553042
0,474,475.0,10.0,1.0,1.0,454.0,1.0,1.0,1.0,0.9565983,1.0,-0.0,0.0,-1.7833298e-05,-0.043383874,0.25123394,2.9016993,0.5727238,7.1142073,1.0651766,4.751068,0.0,10.718142,-0.69116896,0.9861111,191.71811,1.0,0.0,0.0,1.0,0.0,0,7.518742,0.0,0.0,7.2494016,3.3591378,6.796691,0.0,3.421041,0.0,7.261316
1,474,475.0,10.0,1.0,1.0,455.0,1.0,1.0,1.0,0.94201046,1.0,-0.0,0.0,-1.3502602e-05,-0.057976022,0.22648498,2.5516295,0.8170722,7.5870814,1.1188639,5.491898,0.0,10.153152,-1.3420619,0.9907407,190.95189,1.0,0.0,0.0,1.0,0.0,0,6.2557287,0.0,0.0,6.070072,3.2463944,4.64393,0.0,4.5434456,0.0,7.7249146
2,474,475.0,10.0,1.0,1.0,456.0,1.0,1.0,1.0,0.9376137,1.0,-0.0,0.0,-1.486164e-05,-0.062371418,0.3115278,2.827675,0.63441086,7.784986,1.1276398,5.542138,0.0,10.878386,0.8098511,0.9861111,190.0013,1.0,0.0,0.0,1.0,0.0,0,7.2512403,0.0,0.0,6.0566907,2.9581277,6.294033,0.0,4.4343367,0.0,7.596554
3,474,475.0,10.0,1.0,1.0,453.0,1.0,1.0,1.0,0.9706486,1.0,-0.0,0.0,-1.16204865e-05,-0.029339803,0.1446139,2.9302404,0.6195243,6.2848496,1.063405,5.0795097,0.0,10.307442,-2.9173112,0.9907407,192.67723,1.0,0.0,0.0,1.0,0.0,0,5.62992,0.0,0.0,6.4569726,3.1784313,6.804842,0.0,4.1161594,0.0,7.6195064
0,475,476.0,10.0,1.0,1.0,455.0,1.0,1.0,1.0,0.96465254,1.0,-0.0,0.0,-1.4788373e-05,-0.035332695,0.29854476,2.8173819,0.58395094,6.6044235,1.0687383,4.7824388,0.0,10.06083,-0.7814467,0.9861111,192.04857,1.0,0.0,0.0,1.0,0.0,0,6.1733584,0.0,0.0,6.3735003,2.638773,6.8762107,0.0,3.2686267,0.0,7.1095023
1,475,476.0,10.0,1.0,1.0,456.0,1.0,1.0,1.0,0.93800336,1.0,-0.0,0.0,-1.5322348e-05,-0.061981298,0.21690987,2.4772139,0.83563995,7.806489,1.1216518,5.522182,0.0,10.503184,-1.1453116,0.9907407,191.21942,1.0,0.0,0.0,1.0,0.0,0,5.6088505,0.0,0.0,5.069412,2.8187978,4.6868076,0.0,4.6539626,0.0,7.6371694
2,475,476.0,10.0,1.0,1.0,457.0,1.0,1.0,1.0,0.9327003,1.0,-0.0,0.0,-1.5094199e-05,-0.067284614,0.32953098,3.0454426,0.6410189,8.062669,1.129921,5.5720086,0.0,11.240412,1.0885624,0.9861111,190.11656,1.0,0.0,0.0,1.0,0.0,0,7.9446344,0.0,0.0,6.538029,3.4327092,6.4472013,0.0,4.4755697,0.0,7.660139
3,475,476.0,10.0,1.0,1.0,454.0,1.0,1.0,1.0,0.9568803,1.0,-0.0,0.0,-1.7356273e-05,-0.043102358,0.22370033,2.8804412,0.7199212,7.066933,1.0692277,5.144753,0.0,10.866418,-1.5297178,0.9907407,193.06856,1.0,0.0,0.0,1.0,0.0,0,6.4627113,0.0,0.0,7.1216435,2.6306934,6.3732257,0.0,3.4285266,0.0,7.4657407
0,476,477.0,10.0,1.0,1.0,456.0,1.0,1.0,1.0,0.9598518,1.0,-0.0,0.0,-1.6461456e-05,-0.040131748,0.3016375,2.7107258,0.627223,6.879373,1.0704708,4.7860394,0.0,10.388245,-0.45159832,0.9861111,192.3455,1.0,0.0,0.0,1.0,0.0,0,5.38116,0.0,0.0,5.193927,2.3491752,7.02382,0.0,3.38343,0.0,7.04372
1,476,477.0,10.0,1.0,1.0,457.0,1.0,1.0,1.0,0.93705916,1.0,-0.0,0.0,-1.442567e-05,-0.06292644,0.2569098,2.727871,0.83120733,7.8461223,1.1239284,5.538181,0.0,10.594534,-0.85834414,0.9907407,191.35881,1.0,0.0,0.0,1.0,0.0,0,6.0651093,0.0,0.0,5.5935817,2.9853122,4.693098,0.0,4.6029515,0.0,7.6223536
2,476,477.0,10.0,1.0,1.0,458.0,1.0,1.0,1.0,0.93211347,1.0,-0.0,0.0,-1.3320124e-05,-0.06787324,0.51563156,2.7731943,0.6668277,8.077035,1.1327145,5.532381,0.0,11.029372,2.8582802,0.9861111,191.13237,1.0,0.0,0.0,1.0,0.0,0,7.4385247,0.0,0.0,6.4460826,3.1287515,6.3987017,0.0,4.4733415,0.0,7.701452
3,476,477.0,10.0,1.0,1.0,455.0,1.0,1.0,1.0,0.9623651,1.0,-0.0,0.0,-1.3310181e-05,-0.03762161,0.18337816,2.928899,0.6526205,6.7001324,1.0742885,5.2315273,0.0,10.875798,-1.9972352,0.9907407,193.26646,1.0,0.0,0.0,1.0,0.0,0,5.628391,0.0,0.0,6.365203,2.2211285,6.4092355,0.0,3.529176,0.0,7.46397
0,477,478.0,10.0,1.0,1.0,457.0,1.0,1.0,1.0,0.9571535,1.0,-0.0,0.0,-1.4998961e-05,-0.042831466,0.33068323,2.9387543,0.63151205,7.0306005,1.0719049,4.7891455,0.0,10.613277,0.0034607947,0.9861111,192.48273,1.0,0.0,0.0,1.0,0.0,0,6.106987,0.0,0.0,5.8909845,2.562754,7.1138825,0.0,3.381003,0.0,7.001453
1,477,478.0,10.0,1.0,1.0,458.0,1.0,1.0,1.0,0.94270355,1.0,-0.0,0.0,-1.2858112e-05,-0.057283603,0.41529015,2.4322588,0.85266584,7.4906673,1.1261797,5.591788,0.0,9.889008,0.8799937,0.9907407,192.40718,1.0,0.0,0.0,1.0,0.0,0,5.1106896,0.0,0.0,5.650339,2.81186,4.5697064,0.0,4.8590426,0.0,7.6913457
2,477,478.0,10.0,1.0,1.0,459.0,1.0,1.0,1.0,0.91905665,1.0,-0.0,0.0,-1.2020248e-05,-0.08093132,0.7340722,3.081553,0.606713,8.84913,1.1342332,5.532381,0.0,12.599582,4.724188,0.9861111,191.52542,1.0,0.0,0.0,1.0,0.0,0,7.6009936,0.0,0.0,6.118593,3.4075098,6.403848,0.0,4.4591436,0.0,7.5856047
3,477,478.0,10.0,1.0,1.0,456.0,1.0,1.0,1.0,0.95854974,1.0,-0.0,0.0,-1.5864356e-05,-0.04143438,0.15258417,2.8802972,0.6599261,6.908001,1.0770749,5.2846866,0.0,11.285855,-2.0236866,0.9907407,193.5065,1.0,0.0,0.0,1.0,0.0,0,5.6936135,0.0,0.0,6.0668163,1.9463909,6.4211683,0.0,3.8319082,0.0,7.480436
0,478,479.0,10.0,1.0,1.0,458.0,1.0,1.0,1.0,0.96063846,1.0,-0.0,0.0,-1.3360015e-05,-0.03934816,0.49475765,2.6656852,0.66841346,6.807736,1.0737537,4.830329,0.0,10.002465,1.8281676,0.9861111,193.52621,1.0,0.0,0.0,1.0,0.0,0,6.1735883,0.0,0.0,6.480213,2.3209944,7.053249,0.0,3.7117887,0.0,7.1052475
1,478,479.0,10.0,1.0,1.0,459.0,1.0,1.0,1.0,0.94152224,1.0,-0.0,0.0,-1.1797671e-05,-0.05846593,0.7139199,2.6687007,0.7948144,7.543494,1.1285948,5.619444,0.0,10.336832,3.9883432,0.9907407,192.71587,1.0,0.0,0.0,1.0,0.0,0,6.019991,0.0,0.0,5.692388,3.2800388,4.7023625,0.0,4.788351,0.0,7.624953
2,478,479.0,10.0,1.0,1.0,460.0,1.0,1.0,1.0,0.9198849,1.0,-0.0,0.0,-1.6645985e-05,-0.08009847,0.42869002,2.9014788,0.6267553,8.781586,1.1365763,5.5772057,0.0,12.692288,1.4870744,0.9861111,192.09004,1.0,0.0,0.0,1.0,0.0,0,5.3079453,0.0,0.0,4.3201084,2.244192,6.0329585,0.0,4.357398,0.0,7.45937
3,478,479.0,10.0,1.0,1.0,457.0,1.0,1.0,1.0,0.95934314,1.0,-0.0,0.0,-1.373555e-05,-0.04064318,0.2235096,3.1215968,0.65535045,6.8466225,1.078929,5.2889814,0.0,11.181567,-1.5483611,0.9907407,193.63235,1.0,0.0,0.0,1.0,0.0,0,6.029385,0.0,0.0,6.431368,2.3048134,6.454972,0.0,3.6786413,0.0,7.3696747
0,479,480.0,10.0,1.0,1.0,459.0,1.0,1.0,0.0,0.95778954,1.0,-0.0,0.0,-1.23125665e-05,-0.04219814,0.8032307,2.904482,0.598479,6.96468,1.0756277,4.839396,0.0,10.575534,5.0973024,0.9861111,193.52621,1.0,0.0,0.0,1.0,0.0,0,6.385799,0.0,0.0,6.200865,2.8286042,7.1150723,0.0,3.6668806,0.0,7.0296144
1,479,480.0,10.0,1.0,1.0,460.0,1.0,1.0,1.0,0.9479229,1.0,-0.0,0.0,-1.7599492e-05,-0.05205951,0.4218787,2.4585478,0.8353428,7.133337,1.1320311,5.6879983,0.0,9.605434,0.66018474,0.9907407,193.2878,1.0,0.0,0.0,1.0,0.0,0,4.102538,0.0,0.0,3.723477,2.1547549,4.5625114,0.0,4.8817034,0.0,7.7214274
2,479,480.0,10.0,1.0,1.0,461.0,1.0,1.0,0.0,0.91555536,1.0,-0.0,0.0,-1.3695714e-05,-0.084430955,0.83897185,3.031784,0.6220642,9.002128,1.1418306,5.6398892,0.0,12.677,5.6709714,0.9861111,192.09004,1.0,0.0,0.0,1.0,0.0,0,7.711188,0.0,0.0,6.469836,3.5368383,6.0444746,0.0,4.568184,0.0,7.790144
3,479,480.0,10.0,1.0,1.0,458.0,1.0,1.0,1.0,0.96804464,1.0,-0.0,0.0,-1.2362593e-05,-0.031943046,0.4046831,2.778063,0.6799307,6.312574,1.0805345,5.313793,0.0,10.231219,0.5654376,0.9907407,194.68849,1.0,0.0,0.0,1.0,0.0,0,5.6007257,0.0,0.0,6.6400304,1.9309937,6.507253,0.0,3.9608002,0.0,7.5942345
0,480,481.0,10.0,1.0,1.0,460.0,1.0,1.0,1.0,0.962533,1.0,-0.0,0.0,-1.8788947e-05,-0.037448205,0.5172365,2.699507,0.6689894,6.652862,1.079204,4.8820796,0.0,9.854187,1.8934747,0.9861111,194.10143,1.0,0.0,0.0,1.0,0.0,0,4.6036444,0.0,0.0,4.366131,1.9466568,7.027501,0.0,3.6346738,0.0,7.112824
1,480,481.0,10.0,1.0,1.0,461.0,1.0,1.0,1.0,0.93152213,1.0,-0.0,0.0,-1.4505046e-05,-0.06846337,0.69104695,2.7149696,0.7994307,8.132801,1.13,5.8065276,0.0,11.312331,3.8156667,0.9907407,193.69144,1.0,0.0,0.0,1.0,0.0,0,6.268224,0.0,0.0,5.4807987,3.0644553,4.991751,0.0,4.2079153,0.0,7.26629
2,480,481.0,10.0,1.0,1.0,462.0,1.0,1.0,1.0,0.9234229,1.0,-0.0,0.0,-1.5516547e-05,-0.07656163,0.5739305,2.9895444,0.6058869,8.324249,1.1692598,5.764301,0.0,12.128388,2.5937836,0.9861111,192.43726,1.0,0.0,0.0,1.0,0.0,0,5.4368043,0.0,0.0,4.468064,2.5715075,6.1735854,0.0,5.122759,0.0,8.363545
3,480,481.0,10.0,1.0,1.0,459.0,1.0,1.0,1.0,0.9682222,1.0,-0.0,0.0,-1.2351707e-05,-0.031765487,0.7215321,2.994943,0.6287212,6.2920723,1.0818475,5.333354,0.0,10.414253,2.971446,0.9907407,194.97644,1.0,0.0,0.0,1.0,0.0,0,5.8964047,0.0,0.0,6.645982,2.5275466,6.5112677,0.0,3.9137037,0.0,7.472954
0,481,482.0,10.0,1.0,1.0,461.0,1.0,1.0,1.0,0.94459736,1.0,-0.0,0.0,-1.731188e-05,-0.055385366,0.75403935,2.9626493,0.59294444,7.702042,1.0828105,4.931067,0.0,11.791507,4.8617563,0.9861111,194.51784,1.0,0.0,0.0,1.0,0.0,0,6.495631,0.0,0.0,5.6878123,2.8078444,6.9526925,0.0,3.716673,0.0,7.0966825
1,481,482.0,10.0,1.0,1.0,462.0,1.0,1.0,1.0,0.9473796,1.0,-0.0,0.0,-1.4386552e-05,-0.05260602,0.42363852,2.6456785,0.75868136,7.0642724,1.1456118,5.9168673,0.0,10.467285,0.7940261,0.9907407,194.00888,1.0,0.0,0.0,1.0,0.0,0,4.0707464,0.0,0.0,2.6336882,2.416335,4.264485,0.0,4.93787,0.0,8.135958
2,481,482.0,10.0,1.0,1.0,463.0,1.0,1.0,1.0,0.8852879,1.0,-0.0,0.0,-1.7371898e-05,-0.114694804,0.5954348,3.2990427,0.6189188,10.416014,1.1954231,6.005401,0.0,15.240303,1.7123642,0.9861111,192.94083,1.0,0.0,0.0,1.0,0.0,0,6.508482,0.0,0.0,5.2650266,2.6377635,5.5269384,0.0,4.9341908,0.0,8.654451
3,481,482.0,10.0,1.0,1.0,460.0,1.0,1.0,1.0,0.9707791,1.0,-0.0,0.0,-1.8115945e-05,-0.029202767,0.43621993,2.7183208,0.7107435,6.1136923,1.0851297,5.4013324,0.0,9.642103,0.33381954,0.9907407,195.58275,1.0,0.0,0.0,1.0,0.0,0,4.6146245,0.0,0.0,4.0148587,1.5798693,6.314912,0.0,3.9676328,0.0,7.466607
0,482,483.0,10.0,1.0,1.0,462.0,1.0,1.0,1.0,0.9490399,1.0,-0.0,0.0,-1.4669462e-05,-0.05094544,0.45121536,2.9696202,0.5392404,7.237539,1.1092249,4.860705,0.0,11.909081,1.5782044,0.9861111,194.80403,1.0,0.0,0.0,1.0,0.0,0,4.380895,0.0,0.0,3.2982829,1.8448893,7.099784,0.0,4.264121,0.0,7.9802656
1,482,483.0,10.0,1.0,1.0,463.0,1.0,1.0,1.0,0.9396907,1.0,-0.0,0.0,-1.3343873e-05,-0.060295954,0.564808,2.7446523,0.7037836,7.327341,1.1720554,5.9994006,0.0,10.984458,2.0018303,0.9907407,194.36375,1.0,0.0,0.0,1.0,0.0,0,8.858253,0.0,0.0,7.279931,3.684343,4.0990286,0.0,4.809171,0.0,9.358502
2,482,483.0,10.0,1.0,1.0,464.0,1.0,1.0,1.0,0.906964,1.0,-0.0,0.0,-1.5322456e-05,-0.093020655,0.52878857,3.2393262,0.54298455,8.653252,1.2570649,5.750564,0.0,13.508177,1.4439318,0.9861111,193.11215,1.0,0.0,0.0,1.0,0.0,1,6.50487,0.0,0.0,5.4905167,3.2040455,5.770466,0.0,5.3186183,0.0,9.798018
3,482,483.0,10.0,1.0,1.0,461.0,1.0,1.0,1.0,0.95858437,1.0,-0.0,0.0,-1.5256822e-05,-0.041400366,0.7211819,2.9653206,0.66349596,6.826002,1.0877359,5.439467,0.0,11.125921,3.537069,0.9907407,195.98189,1.0,0.0,0.0,1.0,0.0,0,6.0287485,0.0,0.0,5.9749694,2.6488063,6.2450023,0.0,4.025721,0.0,7.508983
0,483,484.0,10.0,1.0,1.0,463.0,1.0,1.0,1.0,0.9274851,1.0,-0.0,0.0,-1.40023285e-05,-0.072500885,0.5398326,3.1488814,0.4702677,8.140888,1.1612219,4.8293552,0.0,13.004979,2.7827537,0.9861111,195.23018,1.0,0.0,0.0,1.0,0.0,0,7.683584,0.0,0.0,6.880118,3.1437223,6.7538686,0.0,4.7434883,0.0,8.82472
1,483,484.0,10.0,1.0,1.0,464.0,1.0,1.0,1.0,0.9486226,1.0,-0.0,0.0,-1.2994764e-05,-0.05136442,0.44532567,2.8533382,0.6510478,6.3103404,1.2362032,5.087365,0.0,10.35541,0.81580037,0.9907407,194.66539,1.0,0.0,0.0,1.0,0.0,1,5.1990485,0.0,0.0,4.723892,2.4897785,4.9990973,0.0,6.5391293,0.0,10.55797
3,483,484.0,10.0,1.0,1.0,462.0,1.0,1.0,1.0,0.96644837,1.0,-0.0,0.0,-1.4637263e-05,-0.033536952,0.44480228,2.9616444,0.6105592,6.059272,1.1270593,5.252438,0.0,10.739587,0.409808,0.9907407,196.27608,1.0,0.0,0.0,1.0,0.0,0,4.1628156,0.0,0.0,3.425124,1.5620373,6.0096693,0.0,5.0076475,0.0,9.128921
0,484,485.0,10.0,1.0,1.0,464.0,1.0,1.0,1.0,0.9415176,1.0,-0.0,0.0,-1.3289536e-05,-0.058469124,0.4841056,3.254809,0.34399846,6.4508653,1.2743042,3.8789368,0.0,11.634555,1.9765618,0.9861111,195.53304,1.0,0.0,0.0,1.0,0.0,1,7.5751038,0.0,0.0,5.2355347,3.0092418,6.4651794,0.0,8.297216,0.0,10.234058
3,484,485.0,10.0,1.0,1.0,463.0,1.0,1.0,1.0,0.9477048,1.0,-0.0,0.0,-1.413203e-05,-0.05228109,0.54525286,3.1492558,0.53351146,6.8394127,1.1729937,5.4071274,0.0,11.812861,1.658977,0.9907407,196.71043,1.0,0.0,0.0,1.0,0.0,0,8.076965,0.0,0.0,7.0684266,3.1308088,5.630878,0.0,5.031601,0.0,9.3469305
3,485,486.0,10.0,1.0,1.0,464.0,1.0,1.0,1.0,0.9488955,1.0,-0.0,0.0,-1.2644066e-05,-0.051091827,0.4369352,3.2827847,0.4643255,5.977302,1.2784276,4.4163013,0.0,11.249273,1.0480434,0.9907407,197.03929,1.0,0.0,0.0,1.0,0.0,1,6.7146997,0.0,0.0,5.5728474,1.2254993,6.176909,0.0,6.99836,0.0,9.587889
