env,step,row,release_row,released,certified,k,gate_ok,can,contact,reward,r_adv,r_leash,r_bonus,r_act,r_soft,e_n_cm,e_xy_cm,dp_plate_cm,dr_plate_deg,dp_sponge_cm,dr_sponge_deg,within,plate_tilt_deg,gap_mm,coverage,travel_cm,success,died,die_kind,cross_any,dq_re_deg,done,F_L_thumb,F_L_index,F_L_middle,F_L_ring,F_L_pinky,F_R_thumb,F_R_index,F_R_middle,F_R_ring,F_R_pinky
0,0,1.0,10.0,0.0,0.0,0.0,0.0,0.0,1.0,-0.00022302076,0.0,-0.0,0.0,-0.00022302076,-0.0,0.0005012378,0.00064724806,0.0,0.0,0.0,0.0,1.0,0.0,-1.8779188,0.0787037,0.0,0.0,0.0,0.0,0.0,0.0,0,0.0,0.0,0.0,0.0,1.7504724,0.0,0.0,0.0,0.0,0.0
1,0,1.0,10.0,0.0,0.0,0.0,0.0,0.0,1.0,-0.00022302076,0.0,-0.0,0.0,-0.00022302076,-0.0,0.0005012378,0.0006361824,0.0,0.0,0.0,0.0,1.0,0.0,-1.8779188,0.0787037,0.0,0.0,0.0,0.0,0.0,0.0,0,0.0,0.0,0.0,0.0,1.7499894,0.0,0.0,0.0,0.0,0.0
2,0,1.0,10.0,0.0,0.0,0.0,0.0,0.0,1.0,-0.00022304893,0.0,-0.0,0.0,-0.00022304893,-0.0,0.00054985285,0.0006957298,0.0,0.0,0.0,0.0,1.0,0.0,-1.8786136,0.0787037,0.0,0.0,0.0,0.0,0.0,0.0,0,0.0,0.0,0.0,0.0,1.8815886,0.0,0.0,0.0,0.0,0.0
3,0,1.0,10.0,0.0,0.0,0.0,0.0,0.0,1.0,-0.00022300563,0.0,-0.0,0.0,-0.00022300563,-0.0,0.0004896894,0.0006228489,0.0,0.0,0.0,0.0,1.0,0.0,-1.877781,0.0787037,0.0,0.0,0.0,0.0,0.0,0.0,0,0.0,0.0,0.0,0.0,1.7257161,0.0,0.0,0.0,0.0,0.0
0,1,2.0,10.0,0.0,0.0,0.0,0.0,0.0,1.0,-0.00022359086,0.0,-0.0,0.0,-0.00022359086,-0.0,0.010200962,0.15318665,0.0,0.0,0.0,0.0,1.0,0.68585527,-1.9753501,0.097222224,0.15256701,0.0,0.0,0.0,0.0,0.0,0,0.0,1.1900054,0.3515012,0.0,0.030991301,0.0,0.0,0.0,0.0,0.0
1,1,2.0,10.0,0.0,0.0,0.0,0.0,0.0,1.0,-0.00022359208,0.0,-0.0,0.0,-0.00022359208,-0.0,0.011116825,0.16283156,0.0,0.0,0.0,0.0,1.0,0.76463854,-2.0041988,0.097222224,0.16221848,0.0,0.0,0.0,0.0,0.0,0,0.0,0.9128919,0.26415038,0.0,0.0,0.0,0.0,0.0,0.0,0.0
2,1,2.0,10.0,0.0,0.0,0.0,0.0,0.0,1.0,-0.00022329362,0.0,-0.0,0.0,-0.00022329362,-0.0,0.010373257,0.18005885,0.0,0.0,0.0,0.0,1.0,0.7236167,-2.0013359,0.097222224,0.17939511,0.0,0.0,0.0,0.0,0.0,0,0.0,1.1953577,0.35967174,0.0,0.25820804,0.0,0.0,0.0,0.0,0.0
3,1,2.0,10.0,0.0,0.0,0.0,0.0,0.0,1.0,-0.00022364946,0.0,-0.0,0.0,-0.00022364946,-0.0,0.012599863,0.15679073,0.0,0.0,0.0,0.0,1.0,0.75821394,-2.04272,0.097222224,0.1561941,0.0,0.0,0.0,0.0,0.0,0,0.0,0.75865895,0.26677993,0.0,0.0,0.0,0.0,0.0,0.0,0.0
0,2,3.0,10.0,0.0,0.0,0.0,0.0,0.0,1.0,-0.0002092754,0.0,-0.0,0.0,-0.0002092754,-0.0,0.10056719,0.3620406,0.0,0.0,0.0,0.0,1.0,1.3412966,-2.1603537,0.11111111,0.36193168,0.0,0.0,0.0,0.0,0.0,0,2.433803,1.6543709,1.1401763,0.0,0.0,3.6073751,0.0,0.0,0.0,0.0
1,2,3.0,10.0,0.0,0.0,0.0,0.0,0.0,1.0,-0.00021011097,0.0,-0.0,0.0,-0.00021011097,-0.0,0.051345117,0.42579514,0.0,0.0,0.0,0.0,1.0,0.21939689,-1.8300507,0.11574074,0.4252499,0.0,0.0,0.0,0.0,0.0,0,1.2234375,2.267884,0.6364627,0.3615962,0.0,2.9407582,0.0,0.0,0.0,0.0
2,2,3.0,10.0,0.0,0.0,0.0,0.0,0.0,1.0,-0.00021048258,0.0,-0.0,0.0,-0.00021048258,-0.0,0.01623556,0.3302139,0.0,0.0,0.0,0.0,1.0,0.7351526,-2.044754,0.11111111,0.32955083,0.0,0.0,0.0,0.0,0.0,0,0.0,2.3027446,0.76608086,0.23174891,0.4857539,3.2535326,0.0,0.0,0.0,0.0
3,2,3.0,10.0,0.0,0.0,0.0,0.0,0.0,1.0,-0.00021011724,0.0,-0.0,0.0,-0.00021011724,-0.0,0.09697303,0.37286,0.0,0.0,0.0,0.0,1.0,1.2857269,-2.0801387,0.11574074,0.3726259,0.0,0.0,0.0,0.0,0.0,0,2.6083174,1.6404756,1.1855246,0.0,0.0,3.7326653,0.0,0.0,0.0,0.0
0,3,4.0,10.0,0.0,0.0,0.0,0.0,0.0,1.0,-0.0002077207,0.0,-0.0,0.0,-0.0002077207,-0.0,0.23484585,0.4007769,0.0,0.0,0.0,0.0,1.0,0.8793776,-3.6121066,0.12962963,0.47636652,0.0,0.0,0.0,0.0,0.0,0,1.9991295,3.3640053,1.6871457,0.49236488,0.09447803,5.527351,0.0,0.0,0.0,0.0
1,3,4.0,10.0,0.0,0.0,0.0,0.0,0.0,1.0,-0.00019882598,0.0,-0.0,0.0,-0.00019882598,-0.0,0.20638593,0.42435044,0.0,0.0,0.0,0.0,1.0,0.86727834,-3.3879428,0.12037037,0.5416029,0.0,0.0,0.0,0.0,0.0,0,1.5547422,3.1670058,1.63763,0.48854887,1.0501255,5.8411036,0.0,0.0,0.0,0.0
2,3,4.0,10.0,0.0,0.0,0.0,0.0,0.0,1.0,-0.00019653264,0.0,-0.0,0.0,-0.00019653264,-0.0,0.19821823,0.42910153,0.0,0.0,0.0,0.0,1.0,0.8769264,-3.1978395,0.125,0.47510424,0.0,0.0,0.0,0.0,0.0,0,1.690241,3.4382725,2.0946207,0.66452986,0.33300364,5.853313,0.0,0.0,0.0,0.0
3,3,4.0,10.0,0.0,0.0,0.0,0.0,0.0,1.0,-0.00020675681,0.0,-0.0,0.0,-0.00020675681,-0.0,0.25429595,0.44993338,0.0,0.0,0.0,0.0,1.0,0.8490367,-3.595207,0.12962963,0.50436825,0.0,0.0,0.0,0.0,0.0,0,1.4963673,3.189486,1.6180992,0.5399096,1.0193179,5.8666553,0.0,0.0,0.0,0.0
0,4,5.0,10.0,0.0,0.0,0.0,0.0,0.0,1.0,-0.00016993763,0.0,-0.0,0.0,-0.00016993763,-0.0,0.22227076,0.45892048,0.0,0.0,0.0,0.0,1.0,2.1639225,-4.3180957,0.12962963,0.534512,0.0,0.0,0.0,0.0,0.0,0,4.908844,3.079555,1.722257,0.49796918,1.6726599,9.604251,0.0,0.0,4.3227577,0.0
1,4,5.0,10.0,0.0,0.0,0.0,0.0,0.0,1.0,-0.00017201072,0.0,-0.0,0.0,-0.00017201072,-0.0,0.09886753,0.5552593,0.0,0.0,0.0,0.0,1.0,2.7624378,-3.038628,0.12037037,0.6726603,0.0,0.0,0.0,0.0,0.0,0,5.6999655,2.7279415,2.760717,0.017352706,2.4229453,7.8286386,0.0,0.0,5.819693,0.0
2,4,5.0,10.0,0.0,0.0,0.0,0.0,0.0,1.0,-0.00016924241,0.0,-0.0,0.0,-0.00016924241,-0.0,0.094528124,0.5330069,0.0,0.0,0.0,0.0,1.0,2.6447127,-2.91463,0.125,0.58181214,0.0,0.0,0.0,0.0,0.0,0,5.861351,2.7143996,2.7434983,0.1301863,2.4425795,7.411224,0.0,0.0,6.5209627,0.0
3,4,5.0,10.0,0.0,0.0,0.0,0.0,0.0,1.0,-0.00017191368,0.0,-0.0,0.0,-0.00017191368,-0.0,0.22746734,0.4377421,0.0,0.0,0.0,0.0,1.0,2.7500093,-4.0103087,0.12962963,0.54689246,0.0,0.0,0.0,0.0,0.0,0,4.625407,3.2655084,2.042827,0.40445444,1.5038025,11.974629,0.0,0.0,6.1075716,0.0
0,5,6.0,10.0,0.0,0.0,0.0,0.0,0.0,1.0,-0.00016335551,0.0,-0.0,0.0,-0.00016335551,-0.0,0.18300265,0.38748208,0.0,0.0,0.0,0.0,1.0,3.2496212,-2.4770815,0.12962963,0.6315029,0.0,0.0,0.0,0.0,0.0,0,6.871453,4.4710135,2.7595723,0.33043754,0.94296235,11.20973,0.0,0.0,3.1369805,0.0
1,5,6.0,10.0,0.0,0.0,0.0,0.0,0.0,1.0,-0.00016964256,0.0,-0.0,0.0,-0.00016964256,-0.0,0.20387453,0.3980766,0.0,0.0,0.0,0.0,1.0,2.7862153,-3.78081,0.12037037,0.833337,0.0,0.0,0.0,0.0,0.0,0,6.6004643,3.7325442,2.163583,0.3479225,1.5647876,12.946599,0.0,0.0,0.0,0.0
2,5,6.0,10.0,0.0,0.0,0.0,0.0,0.0,1.0,-0.00016596777,0.0,-0.0,0.0,-0.00016596777,-0.0,0.11335276,0.3851716,0.0,0.0,0.0,0.0,1.0,2.7058797,-4.7766304,0.125,0.73040444,0.0,0.0,0.0,0.0,0.0,0,6.106703,3.9039526,2.1571076,0.317854,1.1532806,10.654176,0.0,0.0,2.7714148,0.0
3,5,6.0,10.0,0.0,0.0,0.0,0.0,0.0,1.0,-0.00016401595,0.0,-0.0,0.0,-0.00016401595,-0.0,0.049847923,0.44529635,0.0,0.0,0.0,0.0,1.0,2.9847183,-5.110761,0.13425925,0.69467247,0.0,0.0,0.0,0.0,0.0,0,7.422188,3.8334527,2.25005,0.39682576,1.9948248,10.826529,0.0,0.0,1.9030379,0.0
0,6,7.0,10.0,0.0,0.0,0.0,0.0,0.0,1.0,-0.00013977825,0.0,-0.0,0.0,-0.00013977825,-0.0,0.07763244,0.42862156,0.0,0.0,0.0,0.0,1.0,2.4607654,-4.503559,0.12962963,0.67267346,0.0,0.0,0.0,0.0,0.0,0,8.074527,4.792042,2.5154731,0.40158707,1.5996126,9.921642,0.0,0.0,2.5171895,0.0
1,6,7.0,10.0,0.0,0.0,0.0,0.0,0.0,1.0,-0.00015403242,0.0,-0.0,0.0,-0.00015403242,-0.0,0.04113037,0.43173102,0.0,0.0,0.0,0.0,1.0,2.823968,-3.775455,0.12037037,0.9600332,0.0,0.0,0.0,0.0,0.0,0,7.3043766,4.922122,2.673476,0.32258704,1.4457086,10.758199,0.0,0.0,2.913867,0.0
2,6,7.0,10.0,0.0,0.0,0.0,0.0,0.0,1.0,-0.00014134975,0.0,-0.0,0.0,-0.00014134975,-0.0,0.044444203,0.46780547,0.0,0.0,0.0,0.0,1.0,2.7052286,-4.263304,0.125,0.8531047,0.0,0.0,0.0,0.0,0.0,0,7.8861136,4.6933856,2.9540803,0.428344,1.3041908,10.521594,0.0,0.0,3.1575096,0.0
3,6,7.0,10.0,0.0,0.0,0.0,0.0,0.0,1.0,-0.0001328518,0.0,-0.0,0.0,-0.0001328518,-0.0,0.06109625,0.42217755,0.0,0.0,0.0,0.0,1.0,2.829508,-3.9284136,0.13425925,0.73988914,0.0,0.0,0.0,0.0,0.0,0,8.258607,5.126833,3.2916307,0.45865813,1.1410617,13.366305,0.0,0.0,4.436628,0.0
0,7,8.0,10.0,0.0,0.0,0.0,0.0,0.0,1.0,-9.244074e-05,0.0,-0.0,0.0,-9.244074e-05,-0.0,0.0041993335,0.39996403,0.0,0.0,0.0,0.0,1.0,2.677957,-3.617849,0.12962963,0.72107804,0.0,0.0,0.0,0.0,0.0,0,9.017139,7.2985406,3.1602485,0.3147772,1.2728895,11.38524,0.0,0.0,3.0364184,0.0
1,7,8.0,10.0,0.0,0.0,0.0,0.0,0.0,1.0,-0.000103741906,0.0,-0.0,0.0,-0.000103741906,-0.0,0.006530434,0.39390787,0.0,0.0,0.0,0.0,1.0,2.2779558,-4.591251,0.12037037,1.0233899,0.0,0.0,0.0,0.0,0.0,0,8.8020935,6.862289,2.9235942,0.51647353,1.6182032,11.239411,0.0,0.0,1.7763919,0.0
2,7,8.0,10.0,0.0,0.0,0.0,0.0,0.0,1.0,-0.00011771897,0.0,-0.0,0.0,-0.00011771897,-0.0,0.15660748,0.41200972,0.0,0.0,0.0,0.0,1.0,2.3489373,-5.0964003,0.12962963,0.9094852,0.0,0.0,0.0,0.0,0.0,0,9.6673975,5.332026,2.7505512,0.33338842,1.5542058,11.970472,0.0,0.0,4.7439823,0.0
3,7,8.0,10.0,0.0,0.0,0.0,0.0,0.0,1.0,-8.7579014e-05,0.0,-0.0,0.0,-8.7579014e-05,-0.0,0.14605242,0.37946096,0.0,0.0,0.0,0.0,1.0,2.5883067,-4.7917757,0.13425925,0.81563663,0.0,0.0,0.0,0.0,0.0,0,9.922666,5.9063544,2.7631762,0.35339785,2.2780213,11.44048,0.0,0.0,6.0508513,0.0
0,8,9.0,10.0,0.0,0.0,0.0,0.0,0.0,1.0,-8.46524e-05,0.0,-0.0,0.0,-8.46524e-05,-0.0,0.023008138,0.3259488,0.0,0.0,0.0,0.0,1.0,2.1625652,-4.248157,0.12962963,0.83974546,0.0,0.0,0.0,0.0,0.0,0,10.463472,6.4012995,3.1776278,0.3017958,1.4690263,15.162019,0.0,0.0,0.0,0.0
1,8,9.0,10.0,0.0,0.0,0.0,0.0,0.0,1.0,-6.841224e-05,0.0,-0.0,0.0,-6.841224e-05,-0.0,0.028654747,0.34993088,0.0,0.0,0.0,0.0,1.0,2.194191,-3.1688995,0.12037037,1.0832744,0.0,0.0,0.0,0.0,0.0,0,11.001983,5.9955764,3.0503294,0.31752813,1.6075906,14.283759,0.0,0.0,2.643202,0.0
2,8,9.0,10.0,0.0,0.0,0.0,0.0,0.0,1.0,-9.1386224e-05,0.0,-0.0,0.0,-9.1386224e-05,-0.0,0.15643033,0.24936813,0.0,0.0,0.0,0.0,1.0,2.073204,-5.777612,0.12962963,1.0782024,0.0,0.0,0.0,0.0,0.0,0,10.707656,6.065357,3.146826,0.27759838,1.515286,13.400325,0.0,0.0,4.5935416,0.0
3,8,9.0,10.0,0.0,0.0,0.0,0.0,0.0,1.0,-9.508073e-05,0.0,-0.0,0.0,-9.508073e-05,-0.0,0.18041022,0.14192846,0.0,0.0,0.0,0.0,1.0,2.1288161,-5.6586227,0.13425925,1.0533965,0.0,0.0,0.0,0.0,0.0,0,10.489076,5.864652,3.0364852,0.20624992,1.3301502,13.656364,0.0,0.0,6.829333,0.0
0,9,10.0,10.0,0.0,0.0,0.0,0.0,0.0,1.0,-5.3963096e-05,0.0,-0.0,0.0,-5.3963096e-05,-0.0,0.063501485,0.19122802,0.0,0.0,0.0,0.0,1.0,1.7106354,-4.763199,0.12962963,0.9772935,0.0,0.0,0.0,0.0,0.0,0,11.938598,6.8985715,2.9682932,0.21772748,2.2164025,14.817882,0.0,0.0,5.661305,0.0
1,9,10.0,10.0,0.0,0.0,0.0,0.0,0.0,1.0,-5.4560303e-05,0.0,-0.0,0.0,-5.4560303e-05,-0.0,0.084092654,0.29760763,0.0,0.0,0.0,0.0,1.0,1.9944903,-3.5809278,0.12037037,1.1830422,0.0,0.0,0.0,0.0,0.0,0,11.52736,6.832099,3.051367,0.30540383,1.522505,13.775526,0.0,0.0,4.331721,0.0
2,9,10.0,10.0,0.0,0.0,0.0,0.0,0.0,1.0,-6.0034185e-05,0.0,-0.0,0.0,-6.0034185e-05,-0.0,0.066522695,0.18166295,0.0,0.0,0.0,0.0,1.0,0.94770664,-5.760584,0.12962963,1.2720331,0.0,0.0,0.0,0.0,0.0,0,15.0597105,9.192243,2.85747,0.03962462,0.0,17.083265,0.0,0.0,1.4929962,0.0
3,9,10.0,10.0,0.0,0.0,0.0,0.0,0.0,1.0,-5.6573987e-05,0.0,-0.0,0.0,-5.6573987e-05,-0.0,0.11431519,0.09414928,0.0,0.0,0.0,0.0,1.0,0.91791886,-5.893346,0.13425925,1.1738353,0.0,0.0,0.0,0.0,0.0,0,12.899226,7.581528,2.835811,0.0,1.0243338,15.881868,0.0,0.0,0.29600322,0.0
0,10,11.0,10.0,1.0,0.0,0.0,0.0,0.0,1.0,-4.198583e-05,0.0,-0.0,0.0,-4.198583e-05,-0.0,0.12518317,0.50010395,0.0,0.055952907,0.0,0.07912936,1.0,1.1277851,-6.237641,0.12962963,1.6197318,0.0,0.0,0.0,0.0,0.0,0,17.45872,11.17525,6.8630457,0.28997353,1.8071144,16.516035,0.0,0.0,5.704842,0.0
1,10,11.0,10.0,1.0,0.0,0.0,0.0,0.0,1.0,-4.9714017e-05,0.0,-0.0,0.0,-4.9714017e-05,-0.0,0.212254,0.54759604,0.0,0.055952907,0.0,0.06852804,1.0,0.94522566,-4.791843,0.125,2.0050867,0.0,0.0,0.0,0.0,0.0,0,17.881098,11.658183,6.5515733,0.78504384,3.024867,16.659866,0.0,0.0,5.246916,0.0
2,10,11.0,10.0,1.0,0.0,0.0,0.0,0.0,1.0,-4.1392184e-05,0.0,-0.0,0.0,-4.1392184e-05,-0.0,0.1824081,0.6721227,0.0,0.03956468,0.0,0.055952907,1.0,1.726804,-5.979784,0.12962963,1.9353768,0.0,0.0,0.0,0.0,0.0,0,18.867023,11.363178,6.8877892,0.37833017,2.1223638,16.873995,0.0,0.0,2.2107306,0.0
3,10,11.0,10.0,1.0,0.0,0.0,0.0,0.0,1.0,-3.8252154e-05,0.0,-0.0,0.0,-3.8252154e-05,-0.0,0.13790411,0.7275618,0.0,0.11869404,0.0,0.09691328,1.0,2.1010544,-7.0164094,0.13425925,1.9122896,0.0,0.0,0.0,0.0,0.0,0,18.825071,10.828157,6.9160447,0.3050349,1.6954094,16.924435,0.0,0.0,4.4821978,0.0
0,11,12.0,10.0,1.0,0.0,0.0,0.0,0.0,1.0,-2.954404e-05,0.0,-0.0,0.0,-2.954404e-05,-0.0,0.34663713,0.8506055,0.023049442,0.37534365,0.06973236,1.1113423,1.0,0.19979195,-3.7977061,0.12962963,1.9818712,0.0,0.0,0.0,0.0,0.0,0,17.535563,10.990057,6.553244,0.5170957,4.2456903,16.71917,0.0,0.0,5.9197216,0.0
1,11,12.0,10.0,1.0,0.0,0.0,0.0,0.0,1.0,-3.482595e-05,0.0,-0.0,0.0,-3.482595e-05,-0.0,0.49512535,0.95736414,0.004571835,0.11190581,0.106331974,1.7493844,1.0,0.23573394,-2.499517,0.125,2.4156055,0.0,0.0,0.0,0.0,0.0,0,15.756425,9.629827,7.1002617,0.49598432,4.7782574,16.64959,0.0,0.0,5.607144,0.0
2,11,12.0,10.0,1.0,0.0,0.0,0.0,0.0,1.0,-3.6292302e-05,0.0,-0.0,0.0,-3.6292302e-05,-0.0,0.1536712,0.9602643,0.07770336,0.54822487,0.04507552,0.3976203,1.0,1.8122933,-6.1141124,0.12962963,2.23868,0.0,0.0,0.0,0.0,0.0,0,17.561592,10.190564,7.284377,0.5705121,3.9648588,17.185162,0.0,0.0,2.9266536,0.0
3,11,12.0,10.0,1.0,0.0,0.0,0.0,0.0,1.0,-3.2217715e-05,0.0,-0.0,0.0,-3.2217715e-05,-0.0,0.17623343,1.0161049,0.044739153,0.40153787,0.033855617,0.5567249,1.0,2.0329766,-6.823456,0.13425925,2.203054,0.0,0.0,0.0,0.0,0.0,0,18.068993,9.807236,7.4423447,0.6074205,4.725749,17.220854,0.0,0.0,5.8621645,0.0
0,12,13.0,10.0,1.0,0.0,0.0,0.0,0.0,1.0,-2.129991e-05,0.0,-0.0,0.0,-2.129991e-05,-0.0,0.11894312,0.69889617,0.010193294,0.17693864,0.07562677,1.1856263,1.0,0.5671727,-6.044723,0.12962963,2.1358392,0.0,0.0,0.0,0.0,0.0,0,17.264986,9.906845,6.6098685,0.4406443,4.269971,17.12458,0.0,0.0,6.129505,0.0
1,12,13.0,10.0,1.0,0.0,0.0,0.0,0.0,1.0,-2.3989873e-05,0.0,-0.0,0.0,-2.3989873e-05,-0.0,0.17868039,0.8399629,0.06455733,0.7077556,0.1090789,1.7390631,1.0,0.75718087,-6.0586705,0.125,2.5350285,0.0,0.0,0.0,0.0,0.0,0,17.25226,9.819695,6.160915,0.4388937,4.6628065,16.451164,0.0,0.0,5.4184265,0.0
2,12,13.0,10.0,1.0,0.0,0.0,0.0,0.0,1.0,-2.3682851e-05,0.0,-0.0,0.0,-2.3682851e-05,-0.0,0.12076944,0.8796796,0.060322322,0.5664806,0.08598844,0.82423955,1.0,1.8729393,-5.844269,0.12962963,2.3256798,0.0,0.0,0.0,0.0,0.0,0,18.548409,10.129701,7.347089,0.7385037,4.6423917,17.1206,0.0,0.0,3.6628928,0.0
3,12,13.0,10.0,1.0,0.0,0.0,0.0,0.0,1.0,-2.3587932e-05,0.0,-0.0,0.0,-2.3587932e-05,-0.0,0.13252646,0.9078566,0.029692592,0.33571756,0.06983067,0.5814803,1.0,1.9882987,-6.423144,0.13425925,2.321308,0.0,0.0,0.0,0.0,0.0,0,17.630568,8.647037,7.7538867,0.65356636,5.5447893,17.414986,0.0,0.0,6.129749,0.0
0,13,14.0,10.0,1.0,0.0,0.0,0.0,0.0,1.0,-2.5119609e-05,0.0,-0.0,0.0,-2.5119609e-05,-0.0,0.10785516,0.70335484,0.028073192,0.32142508,0.07249045,1.2335106,1.0,0.7252374,-5.8265405,0.12962963,2.1664793,0.0,0.0,0.0,0.0,0.0,0,17.27764,10.017906,6.840016,0.38102508,3.7310476,17.096287,0.0,0.0,6.6532664,0.0
1,13,14.0,10.0,1.0,0.0,0.0,0.0,0.0,1.0,-2.4199668e-05,0.0,-0.0,0.0,-2.4199668e-05,-0.0,0.15389937,0.8702605,0.092827305,1.0835273,0.12105375,1.5626917,1.0,1.0185639,-5.843729,0.125,2.595914,0.0,0.0,0.0,0.0,0.0,0,16.550957,9.357785,6.7179317,0.40147898,4.17684,16.914259,0.0,0.0,5.6155868,0.0
2,13,14.0,10.0,1.0,0.0,0.0,0.0,0.0,1.0,-3.0078258e-05,0.0,-0.0,0.0,-3.0078258e-05,-0.0,0.108533725,0.84887946,0.05237598,0.5567249,0.09821685,0.9626531,1.0,1.7609198,-5.7278385,0.12962963,2.3755896,0.0,0.0,0.0,0.0,0.0,0,18.131233,9.6223345,7.8729744,0.5799895,3.8652189,17.311283,0.0,0.0,3.7757301,0.0
3,13,14.0,10.0,1.0,0.0,0.0,0.0,0.0,1.0,-2.950984e-05,0.0,-0.0,0.0,-2.950984e-05,-0.0,0.13414714,0.87167805,0.026086666,0.42978266,0.07831111,0.61548275,1.0,1.9352256,-6.2992535,0.13425925,2.3936574,0.0,0.0,0.0,0.0,0.0,0,17.540085,8.670021,7.9339066,0.521846,4.4355927,17.348253,0.0,0.0,6.5277653,0.0
0,14,15.0,10.0,1.0,0.0,0.0,0.0,0.0,1.0,-3.1062857e-05,0.0,-0.0,0.0,-3.1062857e-05,-0.0,0.09227395,0.7300496,0.03782823,0.4925767,0.083882,1.3002349,1.0,0.73462003,-5.6370068,0.12962963,2.2271144,0.0,0.0,0.0,0.0,0.0,0,17.449041,9.878723,6.605616,0.4840639,4.2852354,17.123026,0.0,0.0,6.9862843,0.0
1,14,15.0,10.0,1.0,0.0,0.0,0.0,0.0,1.0,-2.977389e-05,0.0,-0.0,0.0,-2.977389e-05,-0.0,0.12938902,0.90651596,0.09784359,1.2448797,0.13750044,1.637533,1.0,1.028315,-5.5431128,0.12962963,2.656452,0.0,0.0,0.0,0.0,0.0,0,16.465527,9.134808,6.767528,0.45829508,4.4571934,16.909636,0.0,0.0,5.59379,0.0
2,14,15.0,10.0,1.0,0.0,0.0,0.0,0.0,1.0,-3.635434e-05,0.0,-0.0,0.0,-3.635434e-05,-0.0,0.10386389,0.8441626,0.049283255,0.67839396,0.11644152,1.1816585,1.0,1.8003757,-5.569367,0.12962963,2.4667685,0.0,0.0,0.0,0.0,0.0,0,17.880388,9.390225,7.4899263,0.48047373,4.514915,17.428919,0.0,0.0,4.08578,0.3892261
3,14,15.0,10.0,1.0,0.0,0.0,0.0,0.0,1.0,-3.500671e-05,0.0,-0.0,0.0,-3.500671e-05,-0.0,0.114008784,0.8511965,0.017738804,0.67492384,0.110977516,0.82423955,1.0,2.0322063,-6.174,0.13425925,2.4384282,0.0,0.0,0.0,0.0,0.0,0,18.626638,9.151689,8.060243,0.5015627,4.0195484,17.263296,0.0,0.0,6.5222893,0.028619269
0,15,16.0,10.0,1.0,0.0,0.0,0.0,0.0,1.0,-3.355571e-05,0.0,-0.0,0.0,-3.355571e-05,-0.0,0.06504487,0.7268428,0.029455328,0.51737577,0.08477383,1.2085106,1.0,0.5977437,-5.5580196,0.12962963,2.2743533,0.0,0.0,0.0,0.0,0.0,0,17.559666,9.996922,6.54663,0.43213728,4.9421916,17.043789,0.0,0.0,7.1733217,1.4030252
1,15,16.0,10.0,1.0,0.0,0.0,0.0,0.0,1.0,-3.423585e-05,0.0,-0.0,0.0,-3.423585e-05,-0.0,0.08673873,0.91668135,0.0913696,1.3068398,0.1522851,1.6370547,1.0,1.0073596,-5.436357,0.13425925,2.7297416,0.0,0.0,0.0,0.0,0.0,0,16.70008,8.975986,6.750011,0.5159452,4.811309,16.859722,0.0,0.0,5.626403,0.0
2,15,16.0,10.0,1.0,0.0,0.0,0.0,0.0,1.0,-3.613733e-05,0.0,-0.0,0.0,-3.613733e-05,-0.0,0.08396376,0.8042486,0.04038994,0.6477026,0.10876806,1.2271489,1.0,1.380835,-5.2138696,0.12962963,2.5310776,0.0,0.0,0.0,0.0,0.0,0,16.80816,9.4003315,7.871545,0.41096503,5.177722,17.478369,0.0,0.0,4.25959,1.7852991
3,15,16.0,10.0,1.0,0.0,0.0,0.0,0.0,1.0,-3.6829726e-05,0.0,-0.0,0.0,-3.6829726e-05,-0.0,0.10083709,0.81391764,0.05994126,0.8098705,0.115049444,0.8108364,1.0,1.8020055,-6.072387,0.13425925,2.5148714,0.0,0.0,0.0,0.0,0.0,0,17.917376,9.283748,8.371389,0.23479635,4.2138653,17.296839,0.0,0.0,6.9938693,0.34180704
0,16,17.0,10.0,1.0,0.0,0.0,0.0,0.0,1.0,-3.429636e-05,0.0,-0.0,0.0,-3.429636e-05,-0.0,0.062194467,0.72006774,0.05247003,0.71763945,0.08572769,0.97477263,1.0,0.4445539,-5.649632,0.12962963,2.327725,0.0,0.0,0.0,0.0,0.0,0,16.950338,9.756028,6.910223,0.27377144,5.1170006,16.452982,0.0,0.0,7.1446476,1.5400922
1,16,17.0,10.0,1.0,0.0,0.0,0.0,0.0,1.0,-3.701081e-05,0.0,-0.0,0.0,-3.701081e-05,-0.0,0.084063224,0.9260131,0.064533085,1.2524018,0.13393824,1.5190063,1.0,0.9493571,-5.3667817,0.1388889,2.8031635,0.0,0.0,0.0,0.0,0.0,0,18.152613,9.8762245,6.774037,0.3965151,5.5239277,17.158737,0.0,0.0,5.7470937,0.0
2,16,17.0,10.0,1.0,0.0,0.0,0.0,0.0,1.0,-3.619067e-05,0.0,-0.0,0.0,-3.619067e-05,-0.0,0.092259236,0.8100773,0.07695989,0.8457982,0.09487672,1.0957386,1.0,1.1841556,-5.223155,0.13425925,2.629896,0.0,0.0,0.0,0.0,0.0,0,17.02562,9.486741,7.758317,0.20732221,5.294071,17.528826,0.0,0.0,4.198678,1.695204
3,16,17.0,10.0,1.0,0.0,0.0,0.0,0.0,1.0,-3.6878046e-05,0.0,-0.0,0.0,-3.6878046e-05,-0.0,0.08687079,0.8174616,0.12367968,1.0726374,0.10526334,0.71436006,1.0,1.505062,-5.990334,0.1388889,2.5844698,0.0,0.0,0.0,0.0,0.0,0,16.882141,8.637364,8.5023365,0.37720934,5.549819,17.172201,0.0,0.0,7.899596,1.1742663
0,17,18.0,10.0,1.0,0.0,0.0,0.0,0.0,1.0,-3.154661e-05,0.0,-0.0,0.0,-3.154661e-05,-0.0,0.057308935,0.72531605,0.0885404,1.0241097,0.09433015,0.8659174,1.0,0.46730018,-5.5857673,0.12962963,2.383774,0.0,0.0,0.0,0.0,0.0,0,16.885695,9.854009,7.005785,0.25474733,5.294451,16.425545,0.0,0.0,7.4305835,1.709118
1,17,18.0,10.0,1.0,0.0,0.0,0.0,0.0,1.0,-3.7222035e-05,0.0,-0.0,0.0,-3.7222035e-05,-0.0,0.05928371,0.8819019,0.073347144,1.6289065,0.14796294,1.6051888,1.0,1.2598981,-5.1458535,0.1388889,2.8566275,0.0,0.0,0.0,0.0,0.0,0,16.76366,9.884817,7.3416767,0.38226393,5.2203717,16.755331,0.0,0.0,5.0947695,1.5660814
2,17,18.0,10.0,1.0,0.0,0.0,0.0,0.0,1.0,-3.0270265e-05,0.0,-0.0,0.0,-3.0270265e-05,-0.0,0.084441155,0.7919992,0.13007894,1.2123904,0.09223834,1.0835273,1.0,0.9773876,-4.9843063,0.13425925,2.685738,0.0,0.0,0.0,0.0,0.0,0,16.194263,9.124244,7.8085546,0.27283987,5.131357,16.974686,0.0,0.0,4.3138833,1.7458149
3,17,18.0,10.0,1.0,0.0,0.0,0.0,0.0,1.0,-2.960322e-05,0.0,-0.0,0.0,-2.960322e-05,-0.0,0.07218588,0.82985556,0.17277357,1.4094225,0.09146866,0.6655819,1.0,1.3195275,-5.9948025,0.1388889,2.653243,0.0,0.0,0.0,0.0,0.0,0,16.433973,8.747085,8.37325,0.3025761,5.2754974,16.72288,0.0,0.0,5.0709314,1.7814028
0,18,19.0,10.0,1.0,0.0,0.0,0.0,0.0,1.0,-2.8594002e-05,0.0,-0.0,0.0,-2.8594002e-05,-0.0,0.053874776,0.7398513,0.12452942,1.1696751,0.10419558,0.8846953,1.0,0.46435982,-5.6598687,0.12962963,2.4323637,0.0,0.0,0.0,0.0,0.0,0,16.727188,10.009018,6.480493,0.17325662,4.917708,15.686082,0.0,0.0,6.795695,1.7829692
1,18,19.0,10.0,1.0,0.0,0.0,0.0,0.0,1.0,-3.000582e-05,0.0,-0.0,0.0,-3.000582e-05,-0.0,0.033910573,0.85644406,0.08087859,1.8477372,0.14192389,1.7054324,1.0,1.4523913,-4.7441015,0.1388889,2.9055667,0.0,0.0,0.0,0.0,0.0,0,16.299734,9.713045,7.047295,0.3932525,5.3054986,16.649616,0.0,0.0,4.9858966,1.561603
2,18,19.0,10.0,1.0,0.0,0.0,0.0,0.0,1.0,-3.0879404e-05,0.0,-0.0,0.0,-3.0879404e-05,-0.0,0.08788686,0.79724395,0.15694311,1.5364258,0.09949727,1.1466982,1.0,0.997992,-4.7621074,0.13425925,2.7647595,0.0,0.0,0.0,0.0,0.0,0,16.368881,9.261641,7.5724964,0.11890491,4.967907,16.492767,0.0,0.0,4.2862525,1.7800044
3,18,19.0,10.0,1.0,0.0,0.0,0.0,0.0,1.0,-2.9819981e-05,0.0,-0.0,0.0,-2.9819981e-05,-0.0,0.062975846,0.8684961,0.19881672,1.7926958,0.08193865,0.8040509,1.0,1.3970375,-5.9702544,0.14351852,2.7479296,0.0,0.0,0.0,0.0,0.0,0,16.315327,8.760778,8.372097,0.1657917,4.9941545,16.620913,0.0,0.0,4.603981,1.949799
0,19,20.0,10.0,1.0,1.0,1.0,1.0,1.0,1.0,5.9999714,1.0,-0.0,5.0,-2.8581635e-05,-0.0,0.04849676,0.74579704,0.15801637,1.5133277,0.11701428,0.9125668,1.0,0.746248,-5.4361763,0.12962963,2.4892104,0.0,0.0,0.0,0.0,0.0,0,17.317425,10.083166,6.9781933,0.03536773,4.988899,16.395988,0.0,0.10965384,7.248261,2.1896026
1,19,20.0,10.0,1.0,1.0,1.0,1.0,1.0,1.0,5.99997,1.0,-0.0,5.0,-3.0113768e-05,-0.0,0.018607266,0.867013,0.08693791,1.9358642,0.11882443,1.5133277,1.0,1.4800195,-5.044514,0.1388889,2.9775138,0.0,0.0,0.0,1.0,0.0,0,16.362272,9.642538,6.9194646,0.13747904,5.4875603,16.470297,0.0,0.0,5.4945188,1.684394
2,19,20.0,10.0,1.0,1.0,1.0,1.0,1.0,1.0,5.9999723,1.0,-0.0,5.0,-2.7873495e-05,-0.0,0.08143149,0.78479284,0.20246492,1.948358,0.10582815,1.1790062,1.0,1.1303848,-4.5004115,0.1388889,2.8187308,0.0,0.0,0.0,1.0,0.0,0,16.309284,9.263188,7.64327,0.06724642,4.87831,16.207518,0.0,0.0,4.4727983,1.9121267
3,19,20.0,10.0,1.0,1.0,1.0,1.0,1.0,1.0,5.999974,1.0,-0.0,5.0,-2.6424284e-05,-0.0,0.038001314,0.87076974,0.23148863,2.1800432,0.08190712,1.2759292,1.0,1.4515828,-6.2132163,0.14351852,2.8341281,0.0,0.0,0.0,1.0,0.0,0,16.148144,8.744795,8.289611,0.0846244,4.808258,16.369923,0.0,0.0,4.397666,2.0605195
0,20,21.0,10.0,1.0,1.0,2.0,1.0,1.0,1.0,0.99997234,1.0,-0.0,0.0,-2.7671918e-05,-0.0,0.11491887,0.6897472,0.07718287,1.0392826,0.12745656,1.3157932,1.0,0.58784103,-5.446954,0.1388889,3.1017253,0.0,0.0,0.0,1.0,0.0,0,17.697914,11.001616,6.072729,0.0,3.3941443,15.815117,0.0,0.0,6.4239597,0.0
1,20,21.0,10.0,1.0,1.0,2.0,1.0,1.0,1.0,0.9999697,1.0,-0.0,0.0,-3.0307188e-05,-0.0,0.053131767,0.7855101,0.08865226,2.0282712,0.14931732,2.207871,1.0,1.3180436,-6.200878,0.14351852,3.6158934,0.0,0.0,0.0,1.0,0.0,0,17.877308,10.797829,4.7922034,0.0,3.2325742,15.818058,0.0,0.0,4.6913166,0.0
2,20,21.0,10.0,1.0,1.0,2.0,1.0,1.0,1.0,0.9999711,1.0,-0.0,0.0,-2.8929891e-05,-0.0,0.15841797,0.7386744,0.1305804,1.1514661,0.11668948,1.5621908,1.0,1.0704577,-4.637677,0.14351852,3.4435108,0.0,0.0,0.0,1.0,0.0,0,19.685799,10.518277,7.6189976,0.0,4.576858,16.679531,0.0,0.0,4.3481603,0.0
3,20,21.0,10.0,1.0,1.0,2.0,1.0,1.0,1.0,0.99997383,1.0,-0.0,0.0,-2.6184667e-05,-0.0,0.081047975,0.79606193,0.10683061,1.3276368,0.12551098,2.5042157,1.0,1.6142244,-6.3508096,0.14814815,3.485942,0.0,0.0,0.0,1.0,0.0,0,19.1374,11.065724,6.7213464,0.0,2.1983387,15.6069355,0.0,0.0,4.3582726,0.0
0,21,22.0,10.0,1.0,1.0,3.0,1.0,1.0,1.0,0.9999719,1.0,-0.0,0.0,-2.8065884e-05,-0.0,0.14689714,1.00729,0.07284471,1.1412245,0.14350371,1.0179772,1.0,0.5286014,-5.2489433,0.14814815,3.5680606,0.0,0.0,0.0,1.0,0.0,0,18.438578,11.182921,5.158263,0.0,3.812941,15.479702,0.0,0.24157599,6.4906816,0.0
1,21,22.0,10.0,1.0,1.0,3.0,1.0,1.0,1.0,0.9999696,1.0,-0.0,0.0,-3.0369227e-05,-0.0,0.107785314,1.1516775,0.10442291,2.1445682,0.1170974,2.0547261,1.0,1.032872,-6.065339,0.14351852,4.122111,0.0,0.0,0.0,1.0,0.0,0,16.637915,10.895789,4.571724,0.0,3.4877126,15.847867,0.0,0.0,4.780909,0.0
2,21,22.0,10.0,1.0,1.0,3.0,1.0,1.0,1.0,0.9999726,1.0,-0.0,0.0,-2.7431886e-05,-0.0,0.16765408,1.0018619,0.12159683,1.1439646,0.119452804,1.4761492,1.0,0.8833738,-4.4175816,0.14351852,3.9092178,0.0,0.0,0.0,1.0,0.0,0,17.665962,9.938864,6.342859,0.0,4.2991147,15.127023,0.0,0.0,3.966802,0.0
3,21,22.0,10.0,1.0,1.0,3.0,1.0,1.0,1.0,0.9999734,1.0,-0.0,0.0,-2.660652e-05,-0.0,0.11566784,1.1098907,0.1108622,1.3847722,0.086282015,2.2882998,1.0,1.2855747,-6.392587,0.15277778,3.9763741,0.0,0.0,0.0,1.0,0.0,0,18.298624,10.532419,6.51164,0.0,1.7141253,15.751461,0.0,0.0,3.8392696,0.0
0,22,23.0,10.0,1.0,1.0,4.0,1.0,1.0,1.0,0.99997014,1.0,-0.0,0.0,-2.985493e-05,-0.0,0.15602428,1.152333,0.07893644,1.1716809,0.16231523,0.8411585,1.0,0.71161914,-5.3500385,0.14814815,3.9624817,0.0,0.0,0.0,1.0,0.0,0,16.866886,10.094848,5.174775,0.0,4.9378676,14.099341,0.0,0.0,5.682348,0.0
1,22,23.0,10.0,1.0,1.0,4.0,1.0,1.0,1.0,0.9999677,1.0,-0.0,0.0,-3.229933e-05,-0.0,0.09990316,1.2712907,0.08638977,1.8970644,0.11508198,2.167079,1.0,0.9234449,-6.29244,0.14351852,4.541296,0.0,0.0,0.0,1.0,0.0,0,16.568518,10.257325,5.260579,0.0,5.2554708,15.307828,0.0,0.0,4.7775598,0.0
2,22,23.0,10.0,1.0,1.0,4.0,1.0,1.0,1.0,0.9999701,1.0,-0.0,0.0,-2.9915931e-05,-0.0,0.18132962,1.1805321,0.13164611,1.1329646,0.13878775,1.1487441,1.0,1.0176027,-4.6458507,0.14814815,4.3231063,0.0,0.0,0.0,1.0,0.0,0,18.301395,9.4721,6.475573,0.0,5.5480337,15.962702,0.0,0.0,4.967296,0.0
3,22,23.0,10.0,1.0,1.0,4.0,1.0,1.0,1.0,0.9999704,1.0,-0.0,0.0,-2.9652829e-05,-0.0,0.0967009,1.2463754,0.10481446,1.3608259,0.090181954,2.816954,1.0,1.406113,-6.243391,0.1574074,4.3885965,0.0,0.0,0.0,1.0,0.0,0,16.980478,9.920167,6.644816,0.0,3.4537525,14.728831,0.0,0.0,3.9643328,0.5251837
0,23,24.0,10.0,1.0,1.0,5.0,1.0,1.0,1.0,0.99996746,1.0,-0.0,0.0,-3.255834e-05,-0.0,0.14045519,1.266518,0.08420607,1.2573915,0.17024316,0.545362,1.0,0.66529065,-6.3248425,0.14814815,4.3787975,0.0,0.0,0.0,1.0,0.0,0,16.628723,10.912909,4.940012,0.0,4.6746025,13.977328,0.0,0.10581805,4.1898203,0.8898132
1,23,24.0,10.0,1.0,1.0,5.0,1.0,1.0,1.0,0.99996805,1.0,-0.0,0.0,-3.1937994e-05,-0.0,0.13096929,1.3906858,0.10125705,1.9431285,0.114881106,2.5148206,1.0,0.86139214,-6.203884,0.14351852,4.985705,0.0,0.0,0.0,1.0,0.0,0,15.745867,10.236027,4.267169,0.0,4.422203,14.123854,0.0,0.0,4.909333,0.22914612
2,23,24.0,10.0,1.0,1.0,5.0,1.0,1.0,1.0,0.99996674,1.0,-0.0,0.0,-3.3260683e-05,-0.0,0.13006218,1.2634147,0.12401338,1.1049857,0.16413878,0.7252338,1.0,1.003662,-6.157292,0.14814815,4.729027,0.0,0.0,0.0,1.0,0.0,0,19.309448,9.823172,6.259485,0.0,5.475719,15.143778,0.0,0.0,4.243938,0.0
3,23,24.0,10.0,1.0,1.0,5.0,1.0,1.0,1.0,0.9999686,1.0,-0.0,0.0,-3.1432377e-05,-0.0,0.13990216,1.3800743,0.106877215,1.3235036,0.09466866,2.8544948,1.0,1.2998043,-6.334042,0.1574074,4.8234963,0.0,0.0,0.0,1.0,0.0,0,17.339024,9.918016,5.958917,0.0,4.506282,14.671378,0.0,0.0,5.760332,0.0
0,24,25.0,10.0,1.0,1.0,6.0,1.0,1.0,1.0,0.99997205,1.0,-0.0,0.0,-2.795264e-05,-0.0,0.25347042,1.8145319,0.08911383,1.2996329,0.19176555,0.9675191,1.0,1.0948579,-6.2225704,0.15277778,4.86182,0.0,0.0,0.0,1.0,0.0,0,17.694836,11.464317,4.736584,0.0,5.0343966,13.5967045,0.0,0.0,3.430358,0.0
1,24,25.0,10.0,1.0,1.0,6.0,1.0,1.0,1.0,0.99996805,1.0,-0.0,0.0,-3.193084e-05,-0.0,0.18907338,1.8646449,0.08459665,1.9334368,0.13933636,2.5148206,1.0,1.4006749,-6.186286,0.1574074,5.4054027,0.0,0.0,0.0,1.0,0.0,0,17.52843,11.719855,5.1145883,0.0,7.3051157,15.243825,0.0,0.0,4.587912,0.0
2,24,25.0,10.0,1.0,1.0,6.0,1.0,1.0,1.0,0.99996954,1.0,-0.0,0.0,-3.0468744e-05,-0.0,0.23687743,1.852384,0.1161767,1.1357247,0.15268749,3.9372272,1.0,1.2750285,-6.1368403,0.15277778,5.262292,0.0,0.0,0.0,1.0,0.0,0,17.562355,9.716066,5.350945,0.0,4.1505117,13.852738,0.0,0.0,1.9637988,0.0
3,24,25.0,10.0,1.0,1.0,6.0,1.0,1.0,1.0,0.99996626,1.0,-0.0,0.0,-3.3730823e-05,-0.0,0.2136549,1.8590748,0.09051225,1.334106,0.107790284,2.76167,1.0,1.3178952,-6.286204,0.1712963,5.2769423,0.0,0.0,0.0,1.0,0.0,0,18.326359,11.406055,4.867983,0.0,3.7595615,14.140453,0.0,0.0,5.3409734,0.0
0,25,26.0,10.0,1.0,1.0,7.0,1.0,1.0,1.0,0.9999702,1.0,-0.0,0.0,-2.980283e-05,-0.0,0.27267876,1.9925784,0.08720741,1.3498535,0.18416409,2.116648,1.0,1.7178277,-6.465342,0.1574074,5.139023,0.0,0.0,0.0,1.0,0.0,0,16.937866,10.864538,6.625908,0.0,6.2466087,13.569243,0.0,0.0,3.525773,1.8801472
1,25,26.0,10.0,1.0,1.0,7.0,1.0,1.0,1.0,0.999968,1.0,-0.0,0.0,-3.2001237e-05,-0.0,0.24915859,2.076771,0.06862258,1.8422221,0.15000996,2.778061,1.0,1.6071776,-6.336363,0.16203703,5.7023296,0.0,0.0,0.0,1.0,0.0,0,16.366808,10.73433,5.921264,0.0,6.89255,14.2155075,0.0,0.0,4.4245725,1.9153233
2,25,26.0,10.0,1.0,1.0,7.0,1.0,1.0,1.0,0.9999713,1.0,-0.0,0.0,-2.8707562e-05,-0.0,0.24140663,2.0189674,0.14466257,1.2863152,0.16002144,4.5068445,1.0,1.7041023,-6.4461026,0.16203703,5.5758877,0.0,0.0,0.0,1.0,0.0,0,15.868465,9.273397,6.1627364,0.0,6.384043,13.994026,0.0,0.0,2.2643676,0.6702303
3,25,26.0,10.0,1.0,1.0,7.0,1.0,1.0,1.0,0.9999673,1.0,-0.0,0.0,-3.2729895e-05,-0.0,0.2420375,2.0450184,0.10785228,1.3943479,0.10843347,2.9358757,1.0,1.5398953,-6.535247,0.17592593,5.5428247,0.0,0.0,0.0,1.0,0.0,0,16.163176,9.70794,5.9508257,0.0,5.063117,13.140875,0.0,0.0,4.8979545,1.4942104
0,26,27.0,10.0,1.0,1.0,8.0,1.0,1.0,1.0,0.9999774,1.0,-0.0,0.0,-2.259321e-05,-0.0,0.36042333,2.316318,0.10709418,1.4888204,0.21920635,2.951299,1.0,2.208328,-6.6927767,0.16203703,5.562133,0.0,0.0,0.0,1.0,0.0,0,17.185368,11.257237,4.9214807,0.0,5.9006906,12.958005,0.0,0.01781515,3.6024485,2.4321027
1,26,27.0,10.0,1.0,1.0,8.0,1.0,1.0,1.0,0.99997765,1.0,-0.0,0.0,-2.236953e-05,-0.0,0.28319955,2.3221602,0.07721204,1.7992328,0.21949887,2.764503,1.0,2.4968512,-6.630914,0.1712963,6.079398,0.0,0.0,0.0,1.0,0.0,0,15.98847,10.492387,5.29771,0.0,7.647448,12.790354,0.0,0.0,4.2270203,0.0
2,26,27.0,10.0,1.0,1.0,8.0,1.0,1.0,1.0,0.9999756,1.0,-0.0,0.0,-2.4384746e-05,-0.0,0.31141323,2.2847164,0.16569783,1.5835887,0.22096857,4.835998,1.0,2.2037144,-6.7458153,0.18055555,5.9773226,0.0,0.0,0.0,1.0,0.0,0,15.659815,9.821141,6.007832,0.0,7.3237524,14.138023,0.0,0.0,2.240037,0.0
3,26,27.0,10.0,1.0,1.0,8.0,1.0,1.0,1.0,0.99997383,1.0,-0.0,0.0,-2.6154112e-05,-0.0,0.32854974,2.3543286,0.12754332,1.4639031,0.14925359,2.8950655,1.0,1.7691247,-6.809568,0.19444445,5.9555793,0.0,0.0,0.0,1.0,0.0,0,16.265043,10.664098,5.0093646,0.0,6.6980147,12.943444,0.0,0.0,4.182167,2.3589513
0,27,28.0,10.0,1.0,1.0,9.0,1.0,1.0,1.0,0.9999795,1.0,-0.0,0.0,-2.0494997e-05,-0.0,0.41013435,2.4319854,0.11849393,1.352171,0.2578871,3.6070504,1.0,2.4860096,-7.366281,0.17592593,5.9292965,0.0,0.0,0.0,1.0,0.0,0,17.180384,11.760805,5.6668954,0.0,6.609781,13.005514,0.0,0.09728357,3.388121,1.2763133
1,27,28.0,10.0,1.0,1.0,9.0,1.0,1.0,1.0,0.9999784,1.0,-0.0,0.0,-2.1604183e-05,-0.0,0.2941597,2.346683,0.09172242,1.7957493,0.25417617,2.951299,1.0,2.8129947,-7.4977474,0.17592593,6.433095,0.0,0.0,0.0,1.0,0.0,0,15.617098,11.822846,5.734824,0.0,4.4739633,12.513206,0.0,0.0,4.5289865,1.5176678
2,27,28.0,10.0,1.0,1.0,9.0,1.0,1.0,1.0,0.99631065,1.0,-0.0,0.0,-2.2842733e-05,-0.0036665238,0.3281705,2.3513184,0.1900025,1.6027489,0.25704712,5.219991,0.0,2.4306746,-7.42009,0.18981482,6.3214617,0.0,0.0,0.0,1.0,0.0,0,16.766998,12.666555,6.813753,0.0,5.9442773,12.983327,0.0,0.0,2.2497776,1.9163533
3,27,28.0,10.0,1.0,1.0,9.0,1.0,1.0,1.0,0.9999769,1.0,-0.0,0.0,-2.3132188e-05,-0.0,0.36465508,2.4697342,0.12691437,1.3960308,0.16100927,3.0716467,1.0,1.8584636,-7.448685,0.19444445,6.2356176,0.0,0.0,0.0,1.0,0.0,0,16.636793,10.245055,5.5260687,0.0,5.331654,12.559723,0.0,0.0,3.6838896,0.5941745
0,28,29.0,10.0,1.0,1.0,10.0,1.0,1.0,1.0,0.99998134,1.0,-0.0,0.0,-1.8662897e-05,-0.0,0.43092296,2.8139923,0.1188551,1.2808272,0.30146652,3.977385,1.0,2.7620125,-7.406189,0.18518518,6.3143334,0.0,0.0,0.0,1.0,0.0,0,15.76482,11.208542,5.5660105,0.0,5.7805376,12.0880575,0.0,0.36167288,4.101136,0.89772636
1,28,29.0,10.0,1.0,1.0,10.0,1.0,1.0,1.0,0.99998105,1.0,-0.0,0.0,-1.8950886e-05,-0.0,0.34996513,2.76572,0.07148004,1.5379533,0.28691465,3.2545297,1.0,2.737453,-7.371895,0.18518518,6.831504,0.0,0.0,0.0,1.0,0.0,0,14.562226,10.781913,5.4580545,0.0,6.1637907,11.51327,0.0,0.10656688,4.927689,1.3915355
2,28,29.0,10.0,1.0,1.0,10.0,1.0,1.0,1.0,0.99040014,1.0,-0.0,0.0,-1.720148e-05,-0.0095826555,0.36837345,2.7242677,0.17869496,1.4493952,0.2998822,5.574959,0.0,2.5776975,-7.3622465,0.19444445,6.6977077,0.0,0.0,0.0,1.0,0.0,0,17.625538,12.345563,5.1879535,0.0,6.8220334,13.171489,0.0,0.0,2.5098472,1.3635951
3,28,29.0,10.0,1.0,1.0,10.0,1.0,1.0,1.0,0.9999801,1.0,-0.0,0.0,-1.993684e-05,-0.0,0.42139217,2.8458266,0.099903405,1.3092334,0.20943014,3.090194,1.0,1.8270277,-7.41879,0.2037037,6.6131463,0.0,0.0,0.0,1.0,0.0,0,14.984563,10.459278,5.9158425,0.0,4.102056,11.915016,0.0,0.0,4.299069,0.0
0,29,30.0,10.0,1.0,1.0,11.0,1.0,1.0,1.0,0.99997985,1.0,-0.0,0.0,-2.0129373e-05,-0.0,0.34871864,2.7301397,0.1318924,1.3264571,0.33502176,4.26039,1.0,2.9073737,-7.610746,0.19444445,6.6996665,0.0,0.0,0.0,1.0,0.0,0,16.067259,11.212486,5.4773917,0.0,5.6475396,11.992533,0.0,0.025875576,3.7577057,1.0649381
1,29,30.0,10.0,1.0,1.0,11.0,1.0,1.0,1.0,0.9999801,1.0,-0.0,0.0,-1.9919788e-05,-0.0,0.3100382,2.7938392,0.06559767,1.3452067,0.3190314,3.4093523,1.0,2.6165867,-7.5534368,0.18518518,7.14306,0.0,0.0,0.0,1.0,0.0,0,15.783592,10.82317,5.308842,0.0,6.2862787,12.842732,0.0,0.0,4.378105,0.0
2,29,30.0,10.0,1.0,1.0,11.0,1.0,1.0,1.0,0.9893867,1.0,-0.0,0.0,-1.7921468e-05,-0.010595388,0.31449422,2.6594508,0.19376561,1.5055494,0.34858537,5.6357226,0.0,2.6451566,-7.581156,0.20833333,7.068931,0.0,0.0,0.0,1.0,0.0,0,16.159567,10.489673,5.3320885,0.0,5.769065,12.680903,0.0,0.0,1.9315416,0.0
3,29,30.0,10.0,1.0,1.0,11.0,1.0,1.0,1.0,0.99997836,1.0,-0.0,0.0,-2.1656908e-05,-0.0,0.36923978,2.8171382,0.10983226,1.2972217,0.2670626,2.9645307,1.0,1.9186707,-7.6457915,0.20833333,6.9379888,0.0,0.0,0.0,1.0,0.0,0,15.323912,10.182786,5.534473,0.0,6.010787,12.323967,0.0,0.0,4.069453,0.0
0,30,31.0,10.0,1.0,1.0,12.0,1.0,1.0,1.0,0.9999827,1.0,-0.0,0.0,-1.7302853e-05,-0.0,0.33062714,2.6929946,0.13872585,1.3163879,0.42803502,4.543866,1.0,2.773893,-7.7058578,0.19907407,7.115318,0.0,0.0,0.0,1.0,0.0,0,16.961742,11.398682,5.5958138,0.0,4.9988565,12.367678,0.0,0.22489342,4.2300305,0.0
1,30,31.0,10.0,1.0,1.0,12.0,1.0,1.0,1.0,0.9999801,1.0,-0.0,0.0,-1.991645e-05,-0.0,0.27835277,2.7887828,0.068308584,1.2703964,0.4068104,3.655126,1.0,2.5446057,-7.6701183,0.19907407,7.5115876,0.0,0.0,0.0,1.0,0.0,0,15.920373,10.964748,4.8146734,0.0,5.8022833,12.143203,0.0,0.0,4.5990386,0.0
2,30,31.0,10.0,1.0,1.0,12.0,1.0,1.0,1.0,0.98861486,1.0,-0.0,0.0,-1.9476089e-05,-0.011365633,0.2894096,2.6371837,0.18941364,1.4606916,0.42675403,5.6819377,0.0,2.4069653,-7.5511823,0.2175926,7.43263,0.0,0.0,0.0,1.0,0.0,0,16.803457,10.989566,5.007343,0.0,4.5886626,12.362213,0.0,0.0,2.1305115,0.0
3,30,31.0,10.0,1.0,1.0,12.0,1.0,1.0,1.0,0.99998176,1.0,-0.0,0.0,-1.822295e-05,-0.0,0.33538824,2.7733288,0.12031106,1.29178,0.3645193,2.9811194,1.0,1.7589182,-7.78943,0.21296297,7.3282266,0.0,0.0,0.0,1.0,0.0,0,14.520347,10.056042,5.036262,0.0,5.941725,12.198407,0.0,0.0,3.982817,0.0
0,31,32.0,10.0,1.0,1.0,13.0,1.0,1.0,1.0,0.9999815,1.0,-0.0,0.0,-1.8474078e-05,-0.0,0.22433028,2.8575094,0.1124589,1.1432803,0.4257723,4.5359344,1.0,2.7908483,-7.6068015,0.21296297,7.524575,0.0,0.0,0.0,1.0,0.0,0,16.67332,11.288739,5.65394,0.0,5.144735,11.877087,0.0,0.009794789,3.8606641,0.0
1,31,32.0,10.0,1.0,1.0,13.0,1.0,1.0,1.0,0.99998105,1.0,-0.0,0.0,-1.8983566e-05,-0.0,0.18188265,2.920121,0.06977436,1.2366792,0.44060358,3.767758,1.0,2.6907182,-7.7432394,0.2175926,7.935486,0.0,0.0,0.0,1.0,0.0,0,15.105706,10.853498,4.948177,0.0,5.648227,11.81612,0.0,0.0,4.225871,0.0
2,31,32.0,10.0,1.0,1.0,13.0,1.0,1.0,1.0,0.9889608,1.0,-0.0,0.0,-1.874181e-05,-0.011020496,0.22934079,2.8255224,0.1643594,1.2385764,0.42013192,5.661229,0.0,2.4682312,-6.941471,0.2175926,7.86245,0.0,0.0,0.0,1.0,0.0,0,16.683903,11.04983,4.4401884,0.0,5.092605,11.95574,0.0,0.0,1.8401107,0.0
3,31,32.0,10.0,1.0,1.0,13.0,1.0,1.0,1.0,0.99998194,1.0,-0.0,0.0,-1.8067913e-05,-0.0,0.26172733,2.9473193,0.105149046,1.1763476,0.40930054,2.9734948,1.0,1.8162844,-7.7935953,0.23148148,7.750258,0.0,0.0,0.0,1.0,0.0,0,15.691275,11.095166,4.6717353,0.0,4.994912,11.839274,0.0,0.024078062,3.9038973,0.0
0,32,33.0,10.0,1.0,1.0,14.0,1.0,1.0,1.0,0.9969553,1.0,-0.0,0.0,-1.8008031e-05,-0.0030267057,0.25346464,2.9320955,0.11383806,1.1669954,0.57639825,5.181602,0.0,2.9125535,-7.8249416,0.22222222,7.836584,0.0,0.0,0.0,1.0,0.0,0,16.87892,11.851214,5.0369463,0.0,4.830904,11.467683,0.0,0.0,4.40791,0.0
1,32,33.0,10.0,1.0,1.0,14.0,1.0,1.0,1.0,0.99998206,1.0,-0.0,0.0,-1.7937218e-05,-0.0,0.21483955,2.9938765,0.06807448,1.2335106,0.58710325,4.5314445,1.0,2.8276396,-7.766394,0.22222222,8.236901,0.0,0.0,0.0,1.0,0.0,0,16.49227,11.79568,5.6099854,0.0,5.5349636,11.867875,0.0,0.0,5.023582,0.0
2,32,33.0,10.0,1.0,1.0,14.0,1.0,1.0,1.0,0.98127407,1.0,-0.0,0.0,-1.9295152e-05,-0.018706601,0.24870038,2.9540021,0.18898813,1.441272,0.6271476,6.1223955,0.0,2.8428974,-7.748591,0.2361111,8.220325,0.0,0.0,0.0,1.0,0.0,0,15.516968,10.701738,4.791112,0.0,5.6525497,12.341373,0.0,0.0,2.3105836,0.0
3,32,33.0,10.0,1.0,1.0,14.0,1.0,1.0,1.0,0.99998283,1.0,-0.0,0.0,-1.7154898e-05,-0.0,0.32994336,3.0549912,0.1284709,1.2753156,0.57640374,4.0828614,1.0,2.2495105,-7.5838675,0.24074075,8.060423,0.0,0.0,0.0,1.0,0.0,0,14.480188,10.427349,4.9785275,0.0,5.508435,11.748796,0.0,0.00545332,3.9702866,0.0
0,33,34.0,10.0,1.0,1.0,15.0,1.0,1.0,1.0,0.99831784,1.0,-0.0,0.0,-1.6022066e-05,-0.0016661534,0.15780963,2.8809693,0.12499634,1.2271489,0.59711504,5.099969,0.0,2.9108727,-7.7548566,0.23148148,8.207914,0.0,0.0,0.0,1.0,0.0,0,16.546707,11.58727,4.752115,0.0,5.236739,11.434676,0.0,0.0,4.471146,0.0
1,33,34.0,10.0,1.0,1.0,15.0,1.0,1.0,1.0,0.9999815,1.0,-0.0,0.0,-1.8475012e-05,-0.0,0.10631904,2.9159896,0.08145254,1.1849657,0.6232695,4.431167,1.0,2.9593596,-7.7534914,0.23148148,8.620912,0.0,0.0,0.0,1.0,0.0,0,16.044044,11.399174,5.1014814,0.0,5.9085636,11.922518,0.0,0.0,5.2191114,0.0
2,33,34.0,10.0,1.0,1.0,15.0,1.0,1.0,1.0,0.98161805,1.0,-0.0,0.0,-1.6965467e-05,-0.018364962,0.17575286,2.948666,0.20941418,1.5929519,0.6756991,6.1018972,0.0,2.9527376,-7.7568088,0.25,8.610224,0.0,0.0,0.0,1.0,0.0,0,15.280465,10.916939,4.4332504,0.0,5.229871,11.958919,0.0,0.0,2.170086,0.0
3,33,34.0,10.0,1.0,1.0,15.0,1.0,1.0,1.0,0.9999845,1.0,-0.0,0.0,-1.5486366e-05,-0.0,0.2676595,3.042759,0.14507072,1.3533281,0.6308426,4.424448,1.0,2.3265831,-7.6338053,0.24074075,8.411335,0.0,0.0,0.0,1.0,0.0,0,14.189999,10.3512335,4.654212,0.0,5.3006763,11.278274,0.0,0.061151218,3.817352,0.0
0,34,35.0,10.0,1.0,1.0,16.0,1.0,1.0,1.0,0.9849979,1.0,-0.0,0.0,-1.6902917e-05,-0.014985122,0.20763539,3.0270095,0.14648823,1.3573706,0.7376455,5.899107,0.0,3.3235457,-7.885211,0.24537037,8.55472,0.0,0.0,0.0,1.0,0.0,0,16.335836,11.6448,4.5919757,0.0,6.246968,12.06849,0.0,0.07525439,4.556582,0.0
1,34,35.0,10.0,1.0,1.0,16.0,1.0,1.0,1.0,0.99832624,1.0,-0.0,0.0,-1.7801822e-05,-0.0016559224,0.1388708,3.0119798,0.093702056,1.2143255,0.7265804,5.0993547,0.0,3.1556666,-7.835866,0.25,8.967691,0.0,0.0,0.0,1.0,0.0,0,15.427686,11.432582,4.824785,0.0,5.71097,12.063292,0.0,0.0,5.2276506,0.0
2,34,35.0,10.0,1.0,1.0,16.0,1.0,1.0,1.0,0.9777354,1.0,-0.0,0.0,-1.6844348e-05,-0.022247734,0.25176257,3.0951257,0.22843157,1.7444558,0.7534746,6.3348637,0.0,3.2575638,-7.0123243,0.25462964,8.957902,0.0,0.0,0.0,1.0,0.0,0,14.5021305,10.751553,4.237422,0.0,5.362057,11.791163,0.0,0.0,2.149533,0.0
3,34,35.0,10.0,1.0,1.0,16.0,1.0,1.0,1.0,0.999984,1.0,-0.0,0.0,-1.5955855e-05,-0.0,0.33285245,3.1401715,0.15819544,1.4466926,0.6854252,4.6315804,1.0,2.605041,-6.5530596,0.24074075,8.733526,0.0,0.0,0.0,1.0,0.0,0,18.795631,11.598901,6.3706355,0.0,4.3480167,11.380358,0.0,0.118474625,3.8717752,0.0
0,35,36.0,10.0,1.0,1.0,17.0,1.0,1.0,1.0,0.9834428,1.0,-0.0,0.0,-1.5929862e-05,-0.016541317,0.19122958,3.0833905,0.16174246,1.4166235,0.7806988,5.9924784,0.0,3.5139632,-7.9564753,0.25925925,8.873926,0.0,0.0,0.0,1.0,0.0,0,16.603697,11.788287,4.850189,0.0,5.1243033,11.792171,0.0,0.13035266,4.668221,0.0
1,35,36.0,10.0,1.0,1.0,17.0,1.0,1.0,1.0,0.99684495,1.0,-0.0,0.0,-1.7582277e-05,-0.0031374474,0.11247881,3.0125668,0.1068561,1.2181869,0.76375437,5.1882463,0.0,3.33953,-7.852789,0.25462964,9.267629,0.0,0.0,0.0,1.0,0.0,0,15.175562,11.04072,5.225982,0.0,4.985213,11.53115,0.0,0.0,4.9816065,0.0
2,35,36.0,10.0,1.0,1.0,17.0,1.0,1.0,1.0,0.98288226,1.0,-0.0,0.0,-1.607757e-05,-0.017101634,0.27711654,3.133969,0.24693069,1.906941,0.7520849,6.026098,0.0,3.508387,-6.0463305,0.2685185,9.265285,0.0,0.0,0.0,1.0,0.0,0,14.421115,10.724379,4.2691965,0.0,5.298769,11.52262,0.0,0.0,1.9547567,0.0
3,35,36.0,10.0,1.0,1.0,17.0,1.0,1.0,1.0,0.9920515,1.0,-0.0,0.0,-1.6775008e-05,-0.007931785,0.23368932,3.138915,0.1749421,1.5796295,0.78836244,5.475907,0.0,2.7383823,-8.118212,0.25,9.035926,0.0,0.0,0.0,1.0,0.0,0,15.485821,11.162396,4.723153,0.0,5.880164,11.617803,0.0,0.0,4.3149033,0.0
0,36,37.0,10.0,1.0,1.0,18.0,1.0,1.0,1.0,0.99998283,1.0,-0.0,0.0,-1.7185504e-05,-0.0,0.055742264,3.1495671,0.16320185,1.3677105,0.6846126,4.64879,1.0,3.3361866,-7.810145,0.2638889,9.14045,0.0,0.0,0.0,1.0,0.0,0,16.244091,11.056751,5.557387,0.0,5.156033,11.152383,0.0,0.0,4.9228086,0.0
1,36,37.0,10.0,1.0,1.0,18.0,1.0,1.0,1.0,0.99998176,1.0,-0.0,0.0,-1.8225548e-05,-0.0,0.004036166,3.1238728,0.117324255,1.1882639,0.68280923,4.0671086,1.0,3.233919,-7.766922,0.2638889,9.557526,0.0,0.0,0.0,1.0,0.0,0,15.492275,10.695842,4.354623,0.0,3.832797,10.0164995,0.0,0.0,4.916074,0.0
2,36,37.0,10.0,1.0,1.0,18.0,1.0,1.0,1.0,0.99312294,1.0,-0.0,0.0,-1.67816e-05,-0.006860249,0.050934218,3.210402,0.23224503,1.731847,0.729733,5.4116144,0.0,3.2056456,-7.8260956,0.2777778,9.536732,0.0,0.0,0.0,1.0,0.0,0,16.681433,11.7822075,3.857758,0.0,5.0644927,11.240486,0.0,0.0,1.7016721,0.0
3,36,37.0,10.0,1.0,1.0,18.0,1.0,1.0,1.0,0.9999809,1.0,-0.0,0.0,-1.9070276e-05,-0.0,0.08509327,3.179595,0.17257091,1.5148785,0.6835543,3.788891,1.0,2.449365,-7.9778934,0.2685185,9.302178,0.0,0.0,0.0,1.0,0.0,0,16.310793,10.54273,5.4979467,0.0,4.0133033,11.14764,0.0,0.0,4.5523286,0.0
0,37,38.0,10.0,1.0,1.0,19.0,1.0,1.0,1.0,0.9999836,1.0,-0.0,0.0,-1.6408734e-05,-0.0,0.07124059,3.3328176,0.1869151,1.5282531,0.7387832,4.775066,1.0,3.739159,-7.8166547,0.2777778,9.259273,0.0,0.0,0.0,1.0,0.0,0,15.80997,11.307852,4.8216677,0.0,5.331953,11.254218,0.0,0.0,5.102543,0.0
1,37,38.0,10.0,1.0,1.0,19.0,1.0,1.0,1.0,0.9999844,1.0,-0.0,0.0,-1.5643327e-05,-0.0,0.044379756,3.2954261,0.12884176,1.2423623,0.74279505,4.347517,1.0,3.5289752,-7.8130336,0.2685185,9.661923,0.0,0.0,0.0,1.0,0.0,0,16.419369,12.929468,4.5712333,0.0,4.475852,11.114593,0.0,0.0,4.8065805,0.0
2,37,38.0,10.0,1.0,1.0,19.0,1.0,1.0,1.0,0.99483967,1.0,-0.0,0.0,-1.6458092e-05,-0.005143901,0.06130077,3.396865,0.24548988,1.8536582,0.77375555,5.308634,0.0,3.504702,-7.833616,0.28703704,9.657732,0.0,0.0,0.0,1.0,0.0,0,15.446806,10.550971,5.2905736,0.0,4.595154,10.929671,0.0,0.0,1.8962549,0.0
3,37,38.0,10.0,1.0,1.0,19.0,1.0,1.0,1.0,0.99998385,1.0,-0.0,0.0,-1.6173653e-05,-0.0,0.08813534,3.3269174,0.19686466,1.7159559,0.7254164,3.9893732,1.0,2.8353822,-7.968763,0.2777778,9.386017,0.0,0.0,0.0,1.0,0.0,0,15.021991,10.758966,4.98715,0.0,5.463802,10.989616,0.0,0.0,4.3490853,0.0
0,38,39.0,10.0,1.0,1.0,20.0,1.0,1.0,1.0,0.9929734,1.0,-0.0,0.0,-1.938768e-05,-0.0070072263,0.12319796,3.405022,0.20941769,1.7466978,0.83400106,5.420433,0.0,4.061245,-7.919247,0.2777778,9.280161,0.0,0.0,0.0,1.0,0.0,0,15.596437,11.45293,4.530802,0.0,5.5303593,11.313756,0.0,0.09412897,5.285694,0.0
1,38,39.0,10.0,1.0,1.0,20.0,1.0,1.0,1.0,0.99997914,1.0,-0.0,0.0,-2.0868894e-05,-0.0,0.09259097,3.3469424,0.14161602,1.309831,0.8171254,4.8502235,1.0,3.6888099,-7.8927364,0.2685185,9.681767,0.0,0.0,0.0,1.0,0.0,0,15.513324,11.726224,4.937997,0.0,5.2070327,11.18078,0.0,0.0,5.0368757,0.0
2,38,39.0,10.0,1.0,1.0,20.0,1.0,1.0,1.0,0.98890835,1.0,-0.0,0.0,-2.046201e-05,-0.011071196,0.09273086,3.4627008,0.26940772,2.0962105,0.8573721,5.6642714,0.0,3.7709682,-7.9320493,0.29166666,9.682264,0.0,0.0,0.0,1.0,0.0,0,15.126381,11.001598,4.306655,0.0,5.403435,10.82645,0.0,0.0,2.1214983,0.0
3,38,39.0,10.0,1.0,1.0,20.0,1.0,1.0,1.0,0.9999785,1.0,-0.0,0.0,-2.149986e-05,-0.0,0.14869273,3.3981686,0.22077733,1.9411134,0.82045037,4.87277,1.0,3.1041274,-8.06996,0.2777778,9.404868,0.0,0.0,0.0,1.0,0.0,0,14.762978,10.866727,4.746141,0.0,5.8060894,11.272112,0.0,0.0,4.6666746,0.0
0,39,40.0,10.0,1.0,1.0,21.0,1.0,1.0,1.0,0.99858373,1.0,-0.0,0.0,-1.9199697e-05,-0.0013970796,0.08727647,3.0510023,0.22565506,1.7680762,0.8267856,5.083824,0.0,3.5370665,-7.9218864,0.2777778,9.711131,0.0,0.0,0.0,1.0,0.0,0,16.43945,11.747107,5.757655,0.0,4.455445,11.16724,0.0,0.0,5.304817,0.0
1,39,40.0,10.0,1.0,1.0,21.0,1.0,1.0,1.0,0.99998057,1.0,-0.0,0.0,-1.9452944e-05,-0.0,0.057104044,3.025765,0.16110152,1.2978249,0.80297375,4.58264,1.0,3.2144887,-7.940952,0.2685185,10.103769,0.0,0.0,0.0,1.0,0.0,0,16.322903,11.383375,5.7944465,0.0,4.9179783,11.267857,0.0,0.0,5.0853453,0.0
2,39,40.0,10.0,1.0,1.0,21.0,1.0,1.0,1.0,0.99245065,1.0,-0.0,0.0,-1.8837212e-05,-0.0075305398,0.05923398,3.1547275,0.29460472,2.3413875,0.87176496,5.451832,0.0,3.4089832,-7.914005,0.29166666,10.098389,0.0,0.0,0.0,1.0,0.0,0,14.570583,10.741579,4.406337,0.0,4.5776076,10.740147,0.0,0.0,2.2473333,0.0
3,39,40.0,10.0,1.0,1.0,21.0,1.0,1.0,1.0,0.99998,1.0,-0.0,0.0,-2.0025247e-05,-0.0,0.106543675,3.0297809,0.23567647,1.9691374,0.7998157,4.430814,1.0,2.514116,-8.0352335,0.2777778,9.846333,0.0,0.0,0.0,1.0,0.0,0,15.396098,10.365039,5.223787,0.0,4.2786098,10.950123,0.0,0.0,4.6822367,0.0
0,40,41.0,10.0,1.0,1.0,22.0,1.0,1.0,1.0,0.999979,1.0,-0.0,0.0,-2.100636e-05,-0.0,0.028774887,3.0225265,0.23402774,1.7813075,0.8084758,4.5338626,1.0,3.5422108,-7.8703594,0.2777778,9.755938,0.0,0.0,0.0,1.0,0.0,0,15.817691,11.343557,4.3487353,0.0,5.076072,11.079614,0.0,0.0,5.342022,0.0
1,40,41.0,10.0,1.0,1.0,22.0,1.0,1.0,1.0,0.99997914,1.0,-0.0,0.0,-2.0839672e-05,-0.0,0.023597106,2.9855185,0.17504981,1.312219,0.81510776,4.269934,1.0,3.2635078,-7.919618,0.2685185,10.138191,0.0,0.0,0.0,1.0,0.0,0,15.501611,12.000478,4.5638494,0.0,4.892753,10.9799595,0.0,0.0,5.3337812,0.0
2,40,41.0,10.0,1.0,1.0,22.0,1.0,1.0,1.0,0.9960952,1.0,-0.0,0.0,-2.107247e-05,-0.003883738,0.016007945,3.1469066,0.31810015,2.553431,0.8874016,5.2330236,0.0,3.6615856,-7.8880863,0.29166666,10.162699,0.0,0.0,0.0,1.0,0.0,0,14.306325,10.743471,4.2627745,0.0,5.3798656,10.596715,0.0,0.0,2.3767126,0.0
3,40,41.0,10.0,1.0,1.0,22.0,1.0,1.0,1.0,0.99997914,1.0,-0.0,0.0,-2.0856487e-05,-0.0,0.07221475,3.0223927,0.2525148,2.101804,0.80869466,4.2543216,1.0,2.6510699,-8.016744,0.2777778,9.91253,0.0,0.0,0.0,1.0,0.0,0,13.823545,10.611404,4.341396,0.0,5.372105,10.88504,0.0,0.0,4.5668974,0.0
0,41,42.0,10.0,1.0,1.0,23.0,1.0,1.0,1.0,0.99998164,1.0,-0.0,0.0,-1.8366922e-05,-0.0,0.11232812,3.2724853,0.26886958,2.072175,0.84215933,4.587421,1.0,3.447703,-7.929418,0.2824074,10.148245,0.0,0.0,0.0,1.0,0.0,0,16.105354,12.151003,4.134595,0.0,4.6381273,10.34017,0.0,0.0,5.6736517,0.0
1,41,42.0,10.0,1.0,1.0,23.0,1.0,1.0,1.0,0.999981,1.0,-0.0,0.0,-1.8999626e-05,-0.0,0.111440755,3.2431471,0.20996197,1.5475928,0.8337592,4.4116898,1.0,3.1351273,-7.9915366,0.2777778,10.5291195,0.0,0.0,0.0,1.0,0.0,0,15.077434,10.715092,5.177733,0.0,5.27774,10.342254,0.0,0.0,5.0908947,0.0
2,41,42.0,10.0,1.0,1.0,23.0,1.0,1.0,1.0,0.99373776,1.0,-0.0,0.0,-1.8990824e-05,-0.006243234,0.101051666,3.365361,0.36218303,2.9340086,0.9279903,5.3745937,0.0,3.553579,-8.018058,0.30092594,10.529073,0.0,0.0,0.0,1.0,0.0,0,15.760604,11.56096,4.7170744,0.0,4.836503,10.60898,0.0,0.0,4.7700768,0.0
3,41,42.0,10.0,1.0,1.0,23.0,1.0,1.0,1.0,0.99998194,1.0,-0.0,0.0,-1.803386e-05,-0.0,0.15473552,3.2610033,0.28936407,2.2879577,0.82526535,4.237543,1.0,2.4216387,-8.109218,0.28703704,10.295553,0.0,0.0,0.0,1.0,0.0,0,15.35133,11.265432,3.946185,0.0,5.2711883,10.910898,0.0,0.0,4.751172,0.0
0,42,43.0,10.0,1.0,1.0,24.0,1.0,1.0,1.0,0.99997723,1.0,-0.0,0.0,-2.2776092e-05,-0.0,0.019166246,3.207912,0.28195944,2.1110938,0.754684,3.5583255,1.0,3.3542128,-7.7972255,0.29166666,10.242586,0.0,0.0,0.0,1.0,0.0,0,15.757364,11.580803,4.379982,0.0,4.371147,10.826549,0.0,0.0,5.319147,0.0
1,42,43.0,10.0,1.0,1.0,24.0,1.0,1.0,1.0,0.9999756,1.0,-0.0,0.0,-2.4400555e-05,-0.0,0.01511313,3.1376064,0.23045747,1.6341836,0.7572949,3.2727585,1.0,3.1297526,-7.855378,0.2777778,10.591829,0.0,0.0,0.0,1.0,0.0,0,15.778809,11.675394,4.5273147,0.0,5.0826836,10.634954,0.0,0.0,5.2423944,0.0
2,42,43.0,10.0,1.0,1.0,24.0,1.0,1.0,1.0,0.999976,1.0,-0.0,0.0,-2.4016912e-05,-0.0,0.017105974,3.2527666,0.3713129,2.9840062,0.8242823,3.9989765,1.0,3.4739528,-7.828079,0.3101852,10.567667,0.0,0.0,0.0,1.0,0.0,0,15.417104,10.248044,5.3376074,0.0,4.5495567,10.5717125,0.0,0.0,4.3896394,0.0
3,42,43.0,10.0,1.0,1.0,24.0,1.0,1.0,1.0,0.9999752,1.0,-0.0,0.0,-2.4773233e-05,-0.0,0.08431785,3.195099,0.2880267,2.0958374,0.7233403,2.9294696,1.0,2.0082784,-8.001531,0.29166666,10.382095,0.0,0.0,0.0,1.0,0.0,0,13.706457,10.728942,4.1445103,0.0,3.91045,10.681497,0.0,0.0,4.410544,0.0
0,43,44.0,10.0,1.0,1.0,25.0,1.0,1.0,1.0,0.99997985,1.0,-0.0,0.0,-2.0119234e-05,-0.0,0.117007084,3.0416653,0.2953318,2.0831003,0.80508107,3.7717032,1.0,2.767959,-7.8714156,0.29166666,10.5101,0.0,0.0,0.0,1.0,0.0,0,17.51269,11.324694,4.702961,0.0,3.529521,10.88752,0.0,0.0,5.2107606,0.0
1,43,44.0,10.0,1.0,1.0,25.0,1.0,1.0,1.0,0.99997956,1.0,-0.0,0.0,-2.0460766e-05,-0.0,0.13023838,3.01725,0.26557073,1.852391,0.83120066,4.076337,1.0,2.8294387,-7.972386,0.2824074,10.815367,0.0,0.0,0.0,1.0,0.0,0,16.715261,12.663813,5.2218738,0.0,5.499532,11.721403,0.0,0.0,5.7202926,0.0
2,43,44.0,10.0,1.0,1.0,25.0,1.0,1.0,1.0,0.99997854,1.0,-0.0,0.0,-2.14807e-05,-0.0,0.09010825,3.1144116,0.40117422,3.1494076,0.89508367,4.4649596,1.0,3.0349295,-7.926422,0.3101852,10.803752,0.0,0.0,0.0,1.0,0.0,0,15.246927,10.702242,4.928948,0.0,4.6127753,10.455627,0.0,0.0,4.527841,0.0
3,43,44.0,10.0,1.0,1.0,25.0,1.0,1.0,1.0,0.99998057,1.0,-0.0,0.0,-1.943973e-05,-0.0,0.18586554,3.0358357,0.30919886,2.1387205,0.77093685,3.2148423,1.0,1.5928676,-8.069797,0.29166666,10.646499,0.0,0.0,0.0,1.0,0.0,0,13.901278,11.3901205,3.8047566,0.0,3.3127587,10.307768,0.0,0.0,4.7159534,0.0
0,44,45.0,10.0,1.0,1.0,26.0,1.0,1.0,1.0,0.9999731,1.0,-0.0,0.0,-2.687277e-05,-0.0,0.045754015,2.6136687,0.30583286,2.0683947,0.82495743,3.6813748,1.0,2.5634587,-7.9758058,0.29166666,10.980387,0.0,0.0,0.0,1.0,0.0,0,14.86559,11.653049,3.79432,0.0,3.7664285,10.76067,0.0,0.0,5.035606,0.0
1,44,45.0,10.0,1.0,1.0,26.0,1.0,1.0,1.0,0.9999703,1.0,-0.0,0.0,-2.9699844e-05,-0.0,0.06804038,2.5730274,0.26342064,1.6607888,0.8432378,3.8371372,1.0,2.4374292,-8.054446,0.2824074,11.280268,0.0,0.0,0.0,1.0,0.0,0,15.036119,11.65308,3.9539678,0.0,3.826546,10.729678,0.0,0.0,5.1573644,0.0
2,44,45.0,10.0,1.0,1.0,26.0,1.0,1.0,1.0,0.99997246,1.0,-0.0,0.0,-2.7561875e-05,-0.0,0.041763112,2.70053,0.3955095,2.95448,0.91271615,4.2574487,1.0,2.67203,-7.967635,0.3101852,11.24392,0.0,0.0,0.0,1.0,0.0,0,17.377348,12.120534,4.284069,0.0,3.1929743,10.195763,0.6450452,0.0,4.3983154,0.0
3,44,45.0,10.0,1.0,1.0,26.0,1.0,1.0,1.0,0.99997544,1.0,-0.0,0.0,-2.4531446e-05,-0.0,0.14101359,2.6480043,0.3034712,2.0348208,0.7921911,3.2846959,1.0,1.2047976,-8.169562,0.29166666,11.067938,0.0,0.0,0.0,1.0,0.0,0,13.566629,10.543383,4.0198164,0.0,3.1836598,10.353317,0.0,0.0,4.5771527,0.0
0,45,46.0,10.0,1.0,1.0,27.0,1.0,1.0,1.0,0.9999807,1.0,-0.0,0.0,-1.9309085e-05,-0.0,0.2806645,3.034217,0.33353737,2.2773278,0.9277243,4.434699,1.0,2.9577055,-8.098062,0.30555555,11.946513,0.0,0.0,0.0,1.0,0.0,0,15.3019285,11.470016,3.9753864,0.0,3.7241402,10.44091,1.3329434,0.0,6.099944,0.0
1,45,46.0,10.0,1.0,1.0,27.0,1.0,1.0,1.0,0.9999809,1.0,-0.0,0.0,-1.9060719e-05,-0.0,0.29482841,3.0171075,0.2903807,1.8887945,0.9368689,4.6386743,1.0,2.8735797,-8.099936,0.29166666,12.269636,0.0,0.0,0.0,1.0,0.0,0,14.659457,11.212287,4.2717366,0.0,4.3279934,10.967079,0.0,0.0,5.384424,0.0
2,45,46.0,10.0,1.0,1.0,27.0,1.0,1.0,1.0,0.99998087,1.0,-0.0,0.0,-1.9115569e-05,-0.0,0.2526101,3.0861468,0.4176489,3.1578474,0.99058396,4.5961165,1.0,3.0220664,-7.952706,0.32407406,12.180777,0.0,0.0,0.0,1.0,0.0,0,14.68618,10.649853,4.1971874,0.0,4.270255,10.469191,0.2118569,0.0,4.6779175,0.0
3,45,46.0,10.0,1.0,1.0,27.0,1.0,1.0,1.0,0.9999812,1.0,-0.0,0.0,-1.877229e-05,-0.0,0.38472563,3.1037462,0.33149093,2.1504002,0.87908673,4.081903,1.0,1.6318284,-8.286019,0.2962963,12.067981,0.0,0.0,0.0,1.0,0.0,0,15.993258,10.463884,3.7171319,0.0,3.6475196,10.254439,0.8077118,0.0,5.0056715,0.0
0,46,47.0,10.0,1.0,1.0,28.0,1.0,1.0,1.0,0.99998343,1.0,-0.0,0.0,-1.6574357e-05,-0.0,0.26565418,2.9617198,0.3742804,2.499523,0.8736605,3.6832876,1.0,3.190096,-7.778693,0.3425926,12.437696,0.0,0.0,0.0,1.0,0.0,0,16.028578,11.101358,3.8973465,0.0,4.535371,9.301693,1.1388934,0.0,6.201486,0.0
1,46,47.0,10.0,1.0,1.0,28.0,1.0,1.0,1.0,0.9999821,1.0,-0.0,0.0,-1.7876964e-05,-0.0,0.2534721,2.912419,0.3403692,2.3693027,0.89416504,3.9110942,1.0,3.3747542,-7.841637,0.3287037,12.743843,0.0,0.0,0.0,1.0,0.0,0,14.662787,10.97772,4.290716,0.0,5.675036,9.979444,0.0,0.0,5.2758594,0.0
2,46,47.0,10.0,1.0,1.0,28.0,1.0,1.0,1.0,0.99998283,1.0,-0.0,0.0,-1.7186963e-05,-0.0,0.2006147,2.9819553,0.4691493,3.667954,0.95110506,3.7633917,1.0,3.5009007,-7.7001715,0.3472222,12.64495,0.0,0.0,0.0,1.0,0.0,0,14.36919,10.678743,4.3352594,0.0,5.73002,9.750172,0.47908473,0.0,4.8891025,0.0
3,46,47.0,10.0,1.0,1.0,28.0,1.0,1.0,1.0,0.99998343,1.0,-0.0,0.0,-1.6563343e-05,-0.0,0.3410071,2.9993086,0.38712424,2.581176,0.82646745,3.3277864,1.0,1.9613429,-7.9310956,0.32407406,12.550108,0.0,0.0,0.0,1.0,0.0,0,14.110641,9.827271,4.548224,0.0,5.765154,9.819466,0.1135878,0.0,4.7666216,0.0
0,47,48.0,10.0,1.0,1.0,29.0,1.0,1.0,1.0,0.9999842,1.0,-0.0,0.0,-1.5820091e-05,-0.0,0.36987776,2.876241,0.37064776,2.2472262,0.8922256,3.7125013,1.0,2.9332483,-7.2406287,0.3425926,12.903345,0.0,0.0,0.0,1.0,0.0,0,15.674226,11.636132,3.9501061,0.0,2.6914687,9.872962,0.80722576,0.0,5.5108514,0.0
1,47,48.0,10.0,1.0,1.0,29.0,1.0,1.0,1.0,0.9999825,1.0,-0.0,0.0,-1.7508317e-05,-0.0,0.35749638,2.8306458,0.35701138,2.4619753,0.9328859,4.167876,1.0,3.5364575,-7.2666144,0.3287037,13.217929,0.0,0.0,0.0,1.0,0.0,0,16.62186,11.219049,4.955676,0.0,3.6105382,10.157674,0.3546033,0.0,5.71337,0.0
2,47,48.0,10.0,1.0,1.0,29.0,1.0,1.0,1.0,0.9997251,1.0,-0.0,0.0,-1.7353042e-05,-0.00025752233,0.31913406,2.903421,0.46764,3.5069158,1.0020602,3.9767942,0.0,3.3775377,-7.177582,0.3472222,13.115734,0.0,0.0,0.0,1.0,0.0,0,15.913288,10.980964,4.467524,0.0,3.2079017,10.213849,0.3993804,0.0,4.480782,0.0
3,47,48.0,10.0,1.0,1.0,29.0,1.0,1.0,1.0,0.99998283,1.0,-0.0,0.0,-1.7164246e-05,-0.0,0.42787492,2.9193857,0.40533793,2.6741178,0.86988556,3.6256661,1.0,2.0316286,-7.352801,0.32407406,13.0231085,0.0,0.0,0.0,1.0,0.0,0,15.395761,10.118742,4.3028817,0.0,4.059295,9.68578,0.7160433,0.0,5.048073,0.0
0,48,49.0,10.0,1.0,1.0,30.0,1.0,1.0,1.0,0.999981,1.0,-0.0,0.0,-1.9021525e-05,-0.0,0.2908271,2.745057,0.40946826,2.6286535,0.85674065,3.2703657,1.0,3.2504642,-7.0138855,0.3425926,13.345963,0.0,0.0,0.0,1.0,0.0,0,14.815309,11.9677105,3.6292994,0.0,4.65842,9.710351,0.69206077,0.0,5.5067177,0.0
1,48,49.0,10.0,1.0,1.0,30.0,1.0,1.0,1.0,0.99998057,1.0,-0.0,0.0,-1.9424084e-05,-0.0,0.3126312,2.6456835,0.38571563,2.504841,0.893414,3.6142051,1.0,3.485094,-7.0931296,0.3287037,13.601801,0.0,0.0,0.0,1.0,0.0,0,15.49586,11.467385,5.61693,0.0,4.643315,9.590719,0.8325554,0.0,5.7554035,0.0
2,48,49.0,10.0,1.0,1.0,30.0,1.0,1.0,1.0,0.9999803,1.0,-0.0,0.0,-1.9723024e-05,-0.0,0.26682243,2.7565365,0.4990759,3.7027893,0.9692787,3.4456658,1.0,3.4760373,-6.9915557,0.3472222,13.538229,0.0,0.0,0.0,1.0,0.0,0,16.011177,10.932045,4.078568,0.0,4.9730473,9.565558,0.9395856,0.0,5.0477448,0.0
3,48,49.0,10.0,1.0,1.0,30.0,1.0,1.0,1.0,0.9999811,1.0,-0.0,0.0,-1.8876244e-05,-0.0,0.3680505,2.7723136,0.4456229,3.0388522,0.83720654,3.1849978,1.0,2.2501194,-7.0527325,0.32407406,13.452426,0.0,0.0,0.0,1.0,0.0,0,14.581022,10.197669,4.0637245,0.0,5.03654,9.630733,0.25498408,0.0,4.682406,0.0
0,49,50.0,10.0,1.0,1.0,31.0,1.0,1.0,1.0,0.9999833,1.0,-0.0,0.0,-1.6693803e-05,-0.0,0.24497285,2.5343142,0.42457524,2.771855,0.82585675,2.8945248,1.0,3.3169415,-6.919047,0.3425926,13.569461,0.0,0.0,0.0,1.0,0.0,0,15.305153,11.751411,4.4634852,0.0,3.4831824,9.594533,0.24862598,0.0,5.247992,0.0
1,49,50.0,10.0,1.0,1.0,31.0,1.0,1.0,1.0,0.9999824,1.0,-0.0,0.0,-1.7588618e-05,-0.0,0.26133955,2.4140007,0.40458995,2.673825,0.85688394,3.1030858,1.0,3.5889416,-6.98187,0.3287037,13.8134,0.0,0.0,0.0,1.0,0.0,0,14.252226,11.634075,3.7394614,0.0,4.2200866,9.598341,1.1344734,0.0,5.956301,0.0
2,49,50.0,10.0,1.0,1.0,31.0,1.0,1.0,1.0,0.99998313,1.0,-0.0,0.0,-1.6872773e-05,-0.0,0.23857206,2.5202737,0.5089511,3.6641102,0.93794197,2.9777038,1.0,3.3065965,-6.9028625,0.3472222,13.7272625,0.0,0.0,0.0,1.0,0.0,0,15.246864,10.934889,3.8037925,0.0,3.8103867,9.678892,0.91959536,0.0,4.872827,0.0
3,49,50.0,10.0,1.0,1.0,31.0,1.0,1.0,1.0,0.9999829,1.0,-0.0,0.0,-1.7130198e-05,-0.0,0.32150114,2.554321,0.47366744,3.292313,0.8144918,2.8790689,1.0,2.373391,-6.9336276,0.3287037,13.686278,0.0,0.0,0.0,1.0,0.0,0,14.370632,10.319282,3.7364588,0.0,4.5366325,9.777738,0.0,0.0,4.500251,0.0
0,50,51.0,10.0,1.0,1.0,32.0,1.0,1.0,1.0,0.99998146,1.0,-0.0,0.0,-1.8540251e-05,-0.0,0.25798714,2.4704468,0.4406325,2.969807,0.8491258,2.9761262,1.0,3.4887438,-6.8399887,0.3425926,13.878804,0.0,0.0,0.0,1.0,0.0,0,15.167742,12.325711,3.4025326,0.0,4.0972047,9.3754015,0.6160083,0.0,5.284575,0.0
1,50,51.0,10.0,1.0,1.0,32.0,1.0,1.0,1.0,0.9999817,1.0,-0.0,0.0,-1.830816e-05,-0.0,0.275179,2.3308363,0.42097312,2.8558655,0.8798911,3.193098,1.0,3.773771,-6.9031324,0.3287037,14.104307,0.0,0.0,0.0,1.0,0.0,0,14.964125,11.242792,4.699298,0.0,3.7010727,9.31731,1.1570934,0.0,5.8948083,0.0
2,50,51.0,10.0,1.0,1.0,32.0,1.0,1.0,1.0,0.9999815,1.0,-0.0,0.0,-1.8500745e-05,-0.0,0.2571568,2.4473915,0.5238538,3.8140142,0.9633862,3.0070019,1.0,3.4486682,-6.830549,0.3472222,14.026033,0.0,0.0,0.0,1.0,0.0,0,15.484132,10.891228,4.2064447,0.0,3.9042125,9.202265,1.1089894,0.0,4.98191,0.0
3,50,51.0,10.0,1.0,1.0,32.0,1.0,1.0,1.0,0.9999807,1.0,-0.0,0.0,-1.9318388e-05,-0.0,0.33300555,2.4549222,0.5031878,3.5844088,0.8443499,3.0236163,1.0,2.6301663,-6.8199525,0.3287037,13.96337,0.0,0.0,0.0,1.0,0.0,0,14.415886,10.551591,3.5742514,0.0,4.959413,9.319817,0.262777,0.0,4.685811,0.0
0,51,52.0,10.0,1.0,1.0,33.0,1.0,1.0,1.0,0.99998134,1.0,-0.0,0.0,-1.865291e-05,-0.0,0.0065337867,2.1750646,0.4865926,3.3280218,0.6243978,2.555576,1.0,3.5293636,-6.537808,0.3472222,14.170042,0.0,0.0,0.0,1.0,0.0,0,15.202148,11.540848,3.6866336,0.0,3.7131813,9.363846,0.0,0.0,5.5058403,0.0
1,51,52.0,10.0,1.0,1.0,33.0,1.0,1.0,1.0,0.9999816,1.0,-0.0,0.0,-1.843769e-05,-0.0,0.035838597,2.027798,0.46534017,3.092726,0.664518,2.0294285,1.0,3.6786578,-6.6129847,0.3287037,14.413773,0.0,0.0,0.0,1.0,0.0,0,16.69796,11.117291,4.877434,0.0,2.6017334,9.723799,0.0,0.0,5.5557413,0.0
2,51,52.0,10.0,1.0,1.0,33.0,1.0,1.0,1.0,0.9999818,1.0,-0.0,0.0,-1.8161107e-05,-0.0,0.0025607646,2.1638389,0.57643825,4.261308,0.752565,2.2541816,1.0,3.5419343,-6.5148883,0.35185185,14.313394,0.0,0.0,0.0,1.0,0.0,0,14.805374,10.90069,3.873001,0.0,4.0176063,8.670877,0.0,0.0,4.612261,0.0
3,51,52.0,10.0,1.0,1.0,33.0,1.0,1.0,1.0,0.9999815,1.0,-0.0,0.0,-1.8502435e-05,-0.0,0.07255748,2.1519845,0.5512056,3.946561,0.62937665,2.036359,1.0,2.5866425,-6.5535197,0.33796296,14.255549,0.0,0.0,0.0,1.0,0.0,0,16.619028,11.220262,5.615487,0.0,3.454625,9.455104,0.0,0.0,4.58882,0.0
0,52,53.0,10.0,1.0,1.0,34.0,1.0,1.0,1.0,0.99997836,1.0,-0.0,0.0,-2.1607577e-05,-0.0,0.065040216,1.8422065,0.50734556,3.4901345,0.4995352,3.2506793,1.0,3.2298,-6.4544973,0.35185185,14.619216,0.0,0.0,0.0,1.0,0.0,0,11.509755,12.692966,6.3100505,0.0,3.063972,10.324989,0.0,0.0,5.1569896,0.0
1,52,53.0,10.0,1.0,1.0,34.0,1.0,1.0,1.0,0.99998,1.0,-0.0,0.0,-2.0003596e-05,-0.0,0.124881044,1.730295,0.4847462,3.2206807,0.48932558,3.2031333,1.0,3.5843017,-6.3890033,0.3472222,14.847348,0.0,0.0,0.0,1.0,0.0,0,11.857593,12.3954115,6.0424643,0.0,3.7973013,9.503942,0.0,0.0,5.4967914,0.0
2,52,53.0,10.0,1.0,1.0,34.0,1.0,1.0,1.0,0.9999783,1.0,-0.0,0.0,-2.1703203e-05,-0.0,0.05879607,1.8395923,0.59972537,4.4758177,0.61647093,2.8366144,1.0,3.2926528,-6.4482503,0.3564815,14.757254,0.0,0.0,0.0,1.0,0.0,0,13.257806,12.2344475,5.185971,0.0,3.0814009,10.121101,0.0,0.0,4.5469356,0.0
3,52,53.0,10.0,1.0,1.0,34.0,1.0,1.0,1.0,0.9999769,1.0,-0.0,0.0,-2.3109458e-05,-0.0,0.016897172,1.7603723,0.59376746,4.3651285,0.4640483,2.6629717,1.0,2.4058263,-6.5310726,0.3472222,14.738506,0.0,0.0,0.0,1.0,0.0,0,12.878465,11.740982,5.1460576,0.0,3.3822002,10.486005,0.0,0.0,4.561957,0.0
0,53,54.0,10.0,1.0,1.0,35.0,1.0,1.0,1.0,0.9999739,1.0,-0.0,0.0,-2.6081569e-05,-0.0,0.15994442,1.5725484,0.5118564,3.3575277,0.39015183,4.423563,1.0,3.1208577,-6.2728057,0.36574075,15.075586,0.0,0.0,0.0,1.0,0.0,0,12.239901,11.840663,4.585706,0.0,3.5215235,9.410091,0.0,0.0,5.0391684,0.0
1,53,54.0,10.0,1.0,1.0,35.0,1.0,1.0,1.0,0.99997556,1.0,-0.0,0.0,-2.4409692e-05,-0.0,0.20422694,1.5051932,0.4953532,3.2482703,0.40862736,4.1942763,1.0,3.6889696,-6.22252,0.3564815,15.278382,0.0,0.0,0.0,1.0,0.0,0,14.337272,12.4217205,5.345113,0.0,2.8937244,8.381892,0.0,0.0,5.967438,0.0
2,53,54.0,10.0,1.0,1.0,35.0,1.0,1.0,1.0,0.9999719,1.0,-0.0,0.0,-2.8098202e-05,-0.0,0.14043935,1.5468216,0.61550754,4.498673,0.4829733,3.8587024,1.0,3.2776349,-6.316578,0.36574075,15.192736,0.0,0.0,0.0,1.0,0.0,0,13.842138,11.538074,5.057082,0.0,4.1998887,9.449829,0.0,0.0,4.204882,0.0
3,53,54.0,10.0,1.0,1.0,35.0,1.0,1.0,1.0,0.9999726,1.0,-0.0,0.0,-2.7427903e-05,-0.0,0.10307487,1.458323,0.6101377,4.4677644,0.34607112,3.7188218,1.0,2.4519205,-6.400235,0.37037036,15.1826935,0.0,0.0,0.0,1.0,0.0,0,11.396541,11.413572,5.965351,0.0,3.6114397,9.258999,0.0,0.0,4.079307,0.0
0,54,55.0,10.0,1.0,1.0,36.0,1.0,1.0,1.0,0.99355763,1.0,-0.0,0.0,-2.6866244e-05,-0.0064154617,0.23999456,1.4017447,0.5134554,3.34889,0.32712406,5.3849273,0.0,3.5007331,-6.0848536,0.375,15.492682,0.0,0.0,0.0,1.0,0.0,0,15.353728,11.552444,3.0641992,0.0,3.3197846,8.677784,0.0,0.0,5.2184434,0.0
1,54,55.0,10.0,1.0,1.0,36.0,1.0,1.0,1.0,0.9999738,1.0,-0.0,0.0,-2.624938e-05,-0.0,0.23344941,1.2967892,0.51431453,3.3512268,0.38021478,4.673648,1.0,3.9649665,-6.0884542,0.36574075,15.765384,0.0,0.0,0.0,1.0,0.0,0,15.87589,12.248127,3.7812552,0.0,3.014613,9.213345,0.0,0.0,5.4224315,0.0
2,54,55.0,10.0,1.0,1.0,36.0,1.0,1.0,1.0,0.9990426,1.0,-0.0,0.0,-2.8786744e-05,-0.00092862826,0.26077107,1.3500204,0.617239,4.508408,0.41261086,5.0557175,0.0,3.5955915,-6.051954,0.37962964,15.656392,0.0,0.0,0.0,1.0,0.0,0,14.297764,12.654725,4.380472,0.0,3.4561448,9.313707,0.0,0.0,5.137138,0.0
3,54,55.0,10.0,1.0,1.0,36.0,1.0,1.0,1.0,0.9999732,1.0,-0.0,0.0,-2.6802698e-05,-0.0,0.18896796,1.3209538,0.6094016,4.201177,0.27554208,4.9833436,1.0,2.635222,-6.1992893,0.37962964,15.60542,0.0,0.0,0.0,1.0,0.0,0,14.726312,10.772174,3.8313196,0.0,3.2349935,8.680967,0.0,0.0,4.78531,0.0
0,55,56.0,10.0,1.0,1.0,37.0,1.0,1.0,1.0,0.98860794,1.0,-0.0,0.0,-2.6388761e-05,-0.011365633,0.24871099,1.2312244,0.521127,3.3798354,0.31698346,5.6819377,0.0,3.700046,-5.9917717,0.375,15.954799,0.0,0.0,0.0,1.0,0.0,0,15.152233,11.865339,4.0242453,0.0,2.6417327,8.8570595,0.0,0.0,4.901464,0.0
1,55,56.0,10.0,1.0,1.0,37.0,1.0,1.0,1.0,0.99997425,1.0,-0.0,0.0,-2.5744814e-05,-0.0,0.2334604,1.1411916,0.525965,3.4036076,0.3692421,4.8666606,1.0,4.163254,-6.013665,0.36574075,16.217169,0.0,0.0,0.0,1.0,0.0,0,15.576145,12.304077,4.1645827,0.0,2.7362778,9.202399,0.0,0.0,5.4269896,0.0
2,55,56.0,10.0,1.0,1.0,37.0,1.0,1.0,1.0,0.9919127,1.0,-0.0,0.0,-2.6886835e-05,-0.008060385,0.28622225,1.1862934,0.62120277,4.486998,0.40374142,5.4836226,0.0,3.8342042,-5.938692,0.37962964,16.122644,0.0,0.0,0.0,1.0,0.0,0,15.119909,11.0660305,3.9416592,0.0,3.0838187,8.538476,0.0,0.0,4.7204723,0.0
3,55,56.0,10.0,1.0,1.0,37.0,1.0,1.0,1.0,0.9928252,1.0,-0.0,0.0,-2.5647316e-05,-0.007149152,0.22012778,1.1534289,0.62340957,4.3171587,0.2571531,5.428949,0.0,2.9866197,-6.0742517,0.38425925,16.069078,0.0,0.0,0.0,1.0,0.0,0,14.616509,10.874901,3.8569126,0.0,3.2153065,8.59698,0.0,0.0,4.7561946,0.0
0,56,57.0,10.0,1.0,1.0,38.0,1.0,1.0,1.0,0.9904599,1.0,-0.0,0.0,-2.5356314e-05,-0.009514752,0.22932515,1.1039526,0.5355938,3.4807014,0.33767933,5.5708847,0.0,3.943821,-5.9446225,0.375,16.413828,0.0,0.0,0.0,1.0,0.0,0,14.79473,11.7883835,3.3814592,0.0,2.8697538,9.032571,0.0,0.0,4.7838583,0.0
1,56,57.0,10.0,1.0,1.0,38.0,1.0,1.0,1.0,0.9999744,1.0,-0.0,0.0,-2.5579775e-05,-0.0,0.21384545,1.0096867,0.5431686,3.5320492,0.38411134,4.7444725,1.0,4.410776,-5.9647074,0.37037036,16.675121,0.0,0.0,0.0,1.0,0.0,0,15.578258,12.298596,3.8852773,0.0,2.641243,9.20601,0.0,0.0,5.367048,0.0
2,56,57.0,10.0,1.0,1.0,38.0,1.0,1.0,1.0,0.99137306,1.0,-0.0,0.0,-2.5575167e-05,-0.008601371,0.2744915,1.038759,0.6289845,4.5024996,0.4165098,5.516082,0.0,4.001544,-5.8789067,0.3888889,16.590174,0.0,0.0,0.0,1.0,0.0,0,15.4059105,10.937127,4.5352497,0.0,2.6154625,8.441342,0.0,0.0,4.718567,0.0
3,56,57.0,10.0,1.0,1.0,38.0,1.0,1.0,1.0,0.99272305,1.0,-0.0,0.0,-2.687916e-05,-0.007250054,0.20831004,1.0404857,0.6271218,4.3312807,0.27079946,5.435003,0.0,3.2899165,-6.012829,0.38425925,16.525917,0.0,0.0,0.0,1.0,0.0,0,14.740762,10.451257,4.9318995,0.0,2.8122993,8.401412,0.0,0.0,4.9756627,0.0
0,57,58.0,10.0,1.0,1.0,39.0,1.0,1.0,1.0,0.9922217,1.0,-0.0,0.0,-2.2995953e-05,-0.00775526,0.20861682,1.0024232,0.54513395,3.5479708,0.35631597,5.4653153,0.0,4.254871,-5.9414487,0.375,16.859112,0.0,0.0,0.0,1.0,0.0,0,14.902258,10.71761,5.581558,0.0,2.1208887,8.864672,0.0,0.0,4.8583384,0.0
1,57,58.0,10.0,1.0,1.0,39.0,1.0,1.0,1.0,0.9999765,1.0,-0.0,0.0,-2.3495159e-05,-0.0,0.18248168,0.90621376,0.56054944,3.6531982,0.40864068,4.505802,1.0,4.614903,-5.972618,0.37037036,17.131289,0.0,0.0,0.0,1.0,0.0,0,15.375577,12.164539,4.5564985,0.0,2.4062483,9.17722,0.0,0.0,5.3081627,0.0
2,57,58.0,10.0,1.0,1.0,39.0,1.0,1.0,1.0,0.992795,1.0,-0.0,0.0,-2.4610088e-05,-0.007180407,0.24950989,0.94853806,0.63438576,4.504064,0.43298694,5.430824,0.0,4.1424565,-5.8634634,0.3888889,17.038906,0.0,0.0,0.0,1.0,0.0,0,15.031406,11.139486,3.7464654,0.0,2.670947,8.6206255,0.0,0.0,4.642078,0.0
3,57,58.0,10.0,1.0,1.0,39.0,1.0,1.0,1.0,0.99426144,1.0,-0.0,0.0,-2.3705326e-05,-0.005714805,0.1890203,0.9467739,0.6314368,4.3448153,0.28911334,5.342888,0.0,3.499782,-5.9893055,0.38425925,16.987001,0.0,0.0,0.0,1.0,0.0,0,14.501174,10.420851,4.0558753,0.0,2.8382924,8.256057,0.5828489,0.0,5.220393,0.0
0,58,59.0,10.0,1.0,1.0,40.0,1.0,1.0,1.0,0.9952184,1.0,-0.0,0.0,-2.199932e-05,-0.0047595957,0.1588406,0.8911835,0.55571145,3.5695276,0.37921852,5.2855754,0.0,4.357524,-5.8635454,0.375,17.28348,0.0,0.0,0.0,1.0,0.0,0,15.145798,11.743197,3.4619434,0.0,2.0036058,8.8918915,0.0,0.0,5.0412836,0.0
1,58,59.0,10.0,1.0,1.0,40.0,1.0,1.0,1.0,0.9999778,1.0,-0.0,0.0,-2.2148371e-05,-0.0,0.13765675,0.80933523,0.577589,3.7706654,0.42757738,4.3182473,1.0,4.830591,-5.8684106,0.37037036,17.545506,0.0,0.0,0.0,1.0,0.0,0,15.422109,11.974382,4.254878,0.0,2.2814822,9.170226,0.0,0.0,5.5891,0.0
2,58,59.0,10.0,1.0,1.0,40.0,1.0,1.0,1.0,0.99618065,1.0,-0.0,0.0,-2.2927888e-05,-0.0037964184,0.1975475,0.8251436,0.6496252,4.532308,0.4579545,5.2277846,0.0,4.1993194,-5.7690125,0.3888889,17.48474,0.0,0.0,0.0,1.0,0.0,0,15.27131,11.1012745,4.7174273,0.0,1.603371,8.780335,0.59402156,0.0,4.7959256,0.0
3,58,59.0,10.0,1.0,1.0,40.0,1.0,1.0,1.0,0.99997723,1.0,-0.0,0.0,-2.2768492e-05,-0.0,0.12104791,0.8435525,0.64125335,4.342112,0.33228785,4.9154825,1.0,3.5738525,-5.921753,0.38425925,17.436176,0.0,0.0,0.0,1.0,0.0,0,14.47354,10.391209,3.6570396,0.0,2.01016,8.431352,1.5101122,0.0,5.373184,0.0
0,59,60.0,10.0,1.0,1.0,41.0,1.0,1.0,1.0,0.9999785,1.0,-0.0,0.0,-2.1492828e-05,-0.0,0.09387713,0.82210433,0.55829763,3.4791267,0.4186602,4.934717,1.0,4.34032,-5.9216285,0.375,17.699461,0.0,0.0,0.0,1.0,0.0,0,14.702144,11.623417,3.754504,0.0,2.0086021,8.753416,0.0,0.0,5.1205482,0.0
1,59,60.0,10.0,1.0,1.0,41.0,1.0,1.0,1.0,0.99997884,1.0,-0.0,0.0,-2.1171058e-05,-0.0,0.07629581,0.7405879,0.58263195,3.7650557,0.46706903,3.914895,1.0,4.89681,-5.927684,0.37037036,17.962955,0.0,0.0,0.0,1.0,0.0,0,15.14467,12.123706,3.6789155,0.0,2.1183758,9.050108,0.0,0.0,5.4623456,0.0
2,59,60.0,10.0,1.0,1.0,41.0,1.0,1.0,1.0,0.99997836,1.0,-0.0,0.0,-2.160946e-05,-0.0,0.13639462,0.7660979,0.64087427,4.395334,0.49112853,4.863764,1.0,4.24404,-5.8155413,0.3888889,17.90312,0.0,0.0,0.0,1.0,0.0,0,14.831583,10.716708,4.280837,0.0,1.7579329,8.424204,0.87794274,0.0,4.854018,0.0
3,59,60.0,10.0,1.0,1.0,41.0,1.0,1.0,1.0,0.99997956,1.0,-0.0,0.0,-2.0472966e-05,-0.0,0.030356832,0.7745416,0.6471654,4.357769,0.41376528,4.0462666,1.0,3.5762622,-6.014096,0.38425925,17.878986,0.0,0.0,0.0,1.0,0.0,0,14.5705595,10.1402,3.85286,0.0,2.1117089,8.304974,1.2363013,0.0,5.2806115,0.0
0,60,61.0,10.0,1.0,1.0,42.0,1.0,1.0,1.0,0.9999803,1.0,-0.0,0.0,-1.9756662e-05,-0.0,0.0087291,0.7515746,0.5626607,3.4153168,0.4795153,4.3502173,1.0,4.297101,-5.985305,0.375,18.103506,0.0,0.0,0.0,1.0,0.0,0,13.983626,11.223417,3.554894,0.0,1.5516639,9.101663,0.39430642,0.0,5.129779,0.0
1,60,61.0,10.0,1.0,1.0,42.0,1.0,1.0,1.0,0.9999804,1.0,-0.0,0.0,-1.9592899e-05,-0.0,0.004132837,0.66057813,0.5744063,3.5907369,0.5139496,3.470792,1.0,4.8359814,-6.005855,0.37037036,18.379822,0.0,0.0,0.0,1.0,0.0,0,15.086572,11.33045,4.402107,0.0,1.4100342,9.030394,0.0,0.0,5.45146,0.0
2,60,61.0,10.0,1.0,1.0,42.0,1.0,1.0,1.0,0.9999799,1.0,-0.0,0.0,-2.0103065e-05,-0.0,0.06139297,0.71391314,0.6395645,4.368893,0.54624796,4.24935,1.0,4.272005,-5.848354,0.3888889,18.302513,0.0,0.0,0.0,1.0,0.0,0,14.791183,10.749514,3.7569308,0.0,1.9260417,8.2295065,1.4161195,0.0,4.902888,0.0
3,60,61.0,10.0,1.0,1.0,42.0,1.0,1.0,1.0,0.9999813,1.0,-0.0,0.0,-1.8742028e-05,-0.0,0.054452755,0.7245663,0.6574315,4.4177194,0.49764812,3.1714516,1.0,3.5809677,-6.09334,0.38425925,18.287498,0.0,0.0,0.0,1.0,0.0,0,14.106171,10.017862,3.9468658,0.0,1.8902687,8.185087,1.4293752,0.0,5.3234463,0.0
0,61,62.0,10.0,1.0,1.0,43.0,1.0,1.0,1.0,0.9999824,1.0,-0.0,0.0,-1.7591476e-05,-0.0,0.09001028,0.7089779,0.5646586,3.3619545,0.55465907,3.6392434,1.0,4.2089157,-6.03345,0.375,18.48445,0.0,0.0,0.0,1.0,0.0,0,14.308843,11.44672,3.157735,0.0,1.8553151,8.424782,1.185738,0.0,5.523622,0.0
1,61,62.0,10.0,1.0,1.0,43.0,1.0,1.0,1.0,0.9999826,1.0,-0.0,0.0,-1.7387925e-05,-0.0,0.0997439,0.634665,0.57897764,3.5578856,0.59132075,2.9101672,1.0,4.751142,-6.0435066,0.37037036,18.730598,0.0,0.0,0.0,1.0,0.0,0,14.871834,11.78272,3.743259,0.0,2.1671145,8.957996,0.0,0.0,5.7805395,0.0
2,61,62.0,10.0,1.0,1.0,43.0,1.0,1.0,1.0,0.9999812,1.0,-0.0,0.0,-1.8766357e-05,-0.0,0.036566332,0.6675734,0.64777666,4.4366403,0.63715756,3.3614888,1.0,4.28057,-5.915079,0.3888889,18.679989,0.0,0.0,0.0,1.0,0.0,0,14.54693,10.920243,3.592892,0.0,2.1690872,8.299439,1.4796475,0.0,4.957806,0.0
3,61,62.0,10.0,1.0,1.0,43.0,1.0,1.0,1.0,0.9999835,1.0,-0.0,0.0,-1.6489419e-05,-0.0,0.14784783,0.6853537,0.65324056,4.3484173,0.5734675,2.4543328,1.0,3.533411,-6.1495824,0.38425925,18.662994,0.0,0.0,0.0,1.0,0.0,0,14.008043,9.915172,3.7335691,0.0,1.9093114,8.204594,1.862337,0.0,5.227173,0.0
0,62,63.0,10.0,1.0,1.0,44.0,1.0,1.0,1.0,0.99998385,1.0,-0.0,0.0,-1.615906e-05,-0.0,0.18971302,0.65059227,0.5546856,3.2048435,0.6299203,3.0716467,1.0,4.1393356,-6.1257424,0.375,18.79072,0.0,0.0,0.0,1.0,0.0,0,14.177054,10.988435,3.8708732,0.0,1.5183575,8.410639,1.0931443,0.0,5.557046,0.0
1,62,63.0,10.0,1.0,1.0,44.0,1.0,1.0,1.0,0.9999841,1.0,-0.0,0.0,-1.589955e-05,-0.0,0.20547956,0.58656627,0.5748134,3.4809263,0.676369,2.5863264,1.0,4.672776,-6.1008224,0.37037036,19.03148,0.0,0.0,0.0,1.0,0.0,0,14.741165,10.783521,3.8243992,0.0,2.246945,8.811359,0.39364082,0.0,5.7085485,0.0
2,62,63.0,10.0,1.0,1.0,44.0,1.0,1.0,1.0,0.9999827,1.0,-0.0,0.0,-1.726422e-05,-0.0,0.13998431,0.611753,0.64627373,4.409205,0.72809875,2.6131232,1.0,4.231423,-5.981799,0.3888889,18.990465,0.0,0.0,0.0,1.0,0.0,0,14.426299,10.566011,3.6997359,0.0,1.9892579,8.172579,1.9275599,0.0,5.1909585,0.0
3,62,63.0,10.0,1.0,1.0,44.0,1.0,1.0,1.0,0.9999848,1.0,-0.0,0.0,-1.5175626e-05,-0.0,0.2451431,0.6129468,0.6495304,4.2816515,0.65863156,1.8018411,1.0,3.4314802,-6.2115045,0.38425925,18.98757,0.0,0.0,0.0,1.0,0.0,0,14.385179,9.847594,4.091909,0.0,1.7432005,8.082565,1.8231367,0.0,5.0291104,0.0
0,63,64.0,10.0,1.0,1.0,45.0,1.0,1.0,1.0,0.9999845,1.0,-0.0,0.0,-1.5482285e-05,-0.0,0.3388904,0.6940895,0.560322,3.2856488,0.76904416,2.6464598,1.0,4.2145886,-6.310632,0.375,18.937979,0.0,0.0,0.0,1.0,0.0,0,13.863333,10.256444,3.471179,0.0,2.3368158,8.335522,1.519611,0.0,5.5219617,0.0
1,63,64.0,10.0,1.0,1.0,45.0,1.0,1.0,1.0,0.9999848,1.0,-0.0,0.0,-1.5187864e-05,-0.0,0.3574025,0.63531923,0.57586426,3.4773264,0.80984896,2.6664965,1.0,4.627661,-6.314689,0.37037036,19.198631,0.0,0.0,0.0,1.0,0.0,0,14.400618,10.728019,3.6414201,0.0,2.3326008,8.817182,0.8369622,0.0,5.793146,0.0
2,63,64.0,10.0,1.0,1.0,45.0,1.0,1.0,1.0,0.9999844,1.0,-0.0,0.0,-1.5631767e-05,-0.0,0.29477626,0.6457457,0.6474419,4.423209,0.86755574,2.05015,1.0,4.1952596,-6.1671586,0.3888889,19.150572,0.0,0.0,0.0,1.0,0.0,0,14.211213,10.505873,3.5940237,0.0,2.7758121,8.213868,2.0476809,0.0,5.255488,0.0
3,63,64.0,10.0,1.0,1.0,45.0,1.0,1.0,1.0,0.9999857,1.0,-0.0,0.0,-1.4284724e-05,-0.0,0.38638675,0.6576856,0.64317447,4.200059,0.7799766,1.5591817,1.0,3.3193607,-6.368965,0.38425925,19.13913,0.0,0.0,0.0,1.0,0.0,0,14.436027,9.826653,3.8674812,0.0,1.5043998,8.035492,1.8674514,0.0,5.0915403,0.0
0,64,65.0,10.0,1.0,1.0,46.0,1.0,1.0,1.0,0.99998474,1.0,-0.0,0.0,-1.5273108e-05,-0.0,0.34401864,0.6153731,0.58673924,3.57413,0.76429063,2.5408318,1.0,4.372421,-5.7870708,0.375,19.284513,0.0,0.0,0.0,1.0,0.0,0,14.93234,9.484753,4.218972,0.0,2.165403,7.5003777,1.8560811,0.0,5.86884,0.0
1,64,65.0,10.0,1.0,1.0,46.0,1.0,1.0,1.0,0.99998575,1.0,-0.0,0.0,-1.4271785e-05,-0.0,0.36062673,0.501839,0.60354435,3.8312163,0.81675106,2.678213,1.0,4.894489,-5.8425927,0.37037036,19.541813,0.0,0.0,0.0,1.0,0.0,0,14.847175,11.368381,4.731229,0.0,2.3754969,8.1767025,1.0550894,0.0,6.5101094,0.0
2,64,65.0,10.0,1.0,1.0,46.0,1.0,1.0,1.0,0.99998474,1.0,-0.0,0.0,-1.5288042e-05,-0.0,0.3167469,0.5566183,0.67994606,4.814418,0.87565976,1.914315,1.0,4.4363685,-5.5779405,0.3888889,19.482328,0.0,0.0,0.0,1.0,0.0,0,14.233177,10.192266,3.7003584,0.0,3.2074568,7.384885,2.1941257,0.0,5.282694,0.0
3,64,65.0,10.0,1.0,1.0,46.0,1.0,1.0,1.0,0.9999858,1.0,-0.0,0.0,-1.4198137e-05,-0.0,0.393039,0.5476292,0.68193257,4.6066656,0.7988003,1.6351413,1.0,3.5414922,-5.868763,0.38425925,19.490093,0.0,0.0,0.0,1.0,0.0,0,13.916332,9.497424,3.8900592,0.0,2.573812,7.341907,2.3797586,0.0,5.422971,0.0
0,65,66.0,10.0,1.0,1.0,47.0,1.0,1.0,1.0,0.9999866,1.0,-0.0,0.0,-1.3406069e-05,-0.0,0.46663845,0.6423593,0.5634464,3.2564533,0.82459116,2.6869664,1.0,4.078807,-5.61787,0.375,19.377546,0.0,0.0,0.0,1.0,0.0,0,14.15789,9.863061,3.4388158,0.0,1.8998506,7.734581,1.9560634,0.0,5.576798,0.0
1,65,66.0,10.0,1.0,1.0,47.0,1.0,1.0,1.0,0.99998677,1.0,-0.0,0.0,-1.3220482e-05,-0.0,0.4927896,0.5519019,0.58636415,3.571939,0.8935725,3.1568556,1.0,4.6490726,-5.740853,0.37037036,19.608812,0.0,0.0,0.0,1.0,0.0,0,14.5051985,11.43179,3.8252952,0.0,2.0131884,8.314737,1.3002865,0.0,6.275496,0.0
2,65,66.0,10.0,1.0,1.0,47.0,1.0,1.0,1.0,0.9999863,1.0,-0.0,0.0,-1.3719132e-05,-0.0,0.4488632,0.58902335,0.6593657,4.5636373,0.9489746,2.164911,1.0,4.2111483,-5.4421406,0.3888889,19.572037,0.0,0.0,0.0,1.0,0.0,0,14.119227,10.289152,3.364759,0.0,2.6112707,7.8682837,1.9880279,0.0,4.9483843,0.0
3,65,66.0,10.0,1.0,1.0,47.0,1.0,1.0,1.0,0.9999874,1.0,-0.0,0.0,-1.255923e-05,-0.0,0.52458495,0.5939592,0.6508838,4.269934,0.85876334,2.052058,1.0,3.2239757,-5.6942797,0.38425925,19.572794,0.0,0.0,0.0,1.0,0.0,0,14.059361,9.644433,3.7778525,0.0,1.6928619,7.73563,2.2244778,0.0,5.3037505,0.0
0,66,67.0,10.0,1.0,1.0,48.0,1.0,1.0,1.0,0.9999862,1.0,-0.0,0.0,-1.3828975e-05,-0.0,0.4668355,0.557347,0.5644791,3.2718017,0.8263225,2.7231374,1.0,3.9963038,-5.199788,0.375,19.650194,0.0,0.0,0.0,1.0,0.0,0,13.920408,9.666055,3.847689,0.0,2.6437025,7.910544,2.2881927,0.0,5.8452563,0.0
1,66,67.0,10.0,1.0,1.0,48.0,1.0,1.0,1.0,0.99998564,1.0,-0.0,0.0,-1.4361595e-05,-0.0,0.5024418,0.4448328,0.5851979,3.5704048,0.88959026,3.0795364,1.0,4.5883408,-5.3065324,0.37037036,19.879093,0.0,0.0,0.0,1.0,0.0,0,14.412779,11.107159,4.0181475,0.0,2.634842,8.288697,1.3373401,0.0,6.663374,0.0
2,66,67.0,10.0,1.0,1.0,48.0,1.0,1.0,1.0,0.9999858,1.0,-0.0,0.0,-1.4201627e-05,-0.0,0.4550982,0.5111563,0.6577147,4.5576296,0.95870864,2.1442032,1.0,4.1568036,-5.086938,0.3888889,19.833849,0.0,0.0,0.0,1.0,0.0,0,14.154941,9.965535,3.6131666,0.0,3.253697,8.050466,2.2521966,0.0,6.1398416,0.0
3,66,67.0,10.0,1.0,1.0,48.0,1.0,1.0,1.0,0.99998605,1.0,-0.0,0.0,-1.3948591e-05,-0.0,0.53702295,0.5190514,0.6520803,4.2907844,0.8597346,2.079716,1.0,3.1766276,-5.130973,0.38425925,19.829515,0.0,0.0,0.0,1.0,0.0,0,14.076709,9.354052,4.036348,0.0,2.4483283,8.108835,2.2250357,0.0,5.113346,0.0
0,67,68.0,10.0,1.0,1.0,49.0,1.0,1.0,1.0,0.9999856,1.0,-0.0,0.0,-1.4397505e-05,-0.0,0.551185,0.83835757,0.55085814,3.1264577,0.88149834,2.7921135,1.0,3.8463402,-5.172441,0.375,19.88873,0.0,0.0,0.0,1.0,0.0,0,13.870334,9.725056,3.786159,0.0,2.5178945,7.099019,2.1980283,0.0,5.641805,0.0
1,67,68.0,10.0,1.0,1.0,49.0,1.0,1.0,1.0,0.99998474,1.0,-0.0,0.0,-1.5239417e-05,-0.0,0.59060454,0.70257497,0.57038826,3.4182954,0.93740207,3.3291974,1.0,4.4336305,-5.166562,0.37037036,20.121742,0.0,0.0,0.0,1.0,0.0,0,14.485692,11.189685,3.917224,0.0,2.4377048,7.6391478,1.6326079,0.0,6.1849422,0.0
2,67,68.0,10.0,1.0,1.0,49.0,1.0,1.0,1.0,0.99898326,1.0,-0.0,0.0,-1.5035514e-05,-0.0010017422,0.5365938,0.79308105,0.63843596,4.367997,1.008014,2.371284,0.0,3.9933624,-5.089881,0.3888889,20.072191,0.0,0.0,0.0,1.0,0.0,0,14.172645,10.114625,3.5633678,0.0,2.5601609,7.5163627,2.1954865,0.0,6.4972944,0.0
3,67,68.0,10.0,1.0,1.0,49.0,1.0,1.0,1.0,0.9999856,1.0,-0.0,0.0,-1.4430849e-05,-0.0,0.59587693,0.78479105,0.62785655,4.075185,0.8882649,2.208934,1.0,3.0024397,-5.115511,0.38425925,20.0629,0.0,0.0,0.0,1.0,0.0,0,14.104633,9.3469925,3.968958,0.0,2.2702227,7.1139336,2.274498,0.0,5.0440693,0.0
0,68,69.0,10.0,1.0,1.0,50.0,1.0,1.0,1.0,0.99998504,1.0,-0.0,0.0,-1.4931366e-05,-0.0,0.5936768,0.5393498,0.5368821,2.9850552,0.92720985,3.0853772,1.0,3.7268853,-5.443545,0.375,20.283682,0.0,0.0,0.0,1.0,0.0,0,13.4283285,9.485646,3.923694,0.0,2.6083453,7.415325,2.2813532,0.0,5.412595,0.0
1,68,69.0,10.0,1.0,1.0,50.0,1.0,1.0,1.0,0.99998474,1.0,-0.0,0.0,-1.5259158e-05,-0.0,0.6162837,0.412975,0.5538657,3.258616,0.98543847,3.7103925,1.0,4.300017,-5.670095,0.37037036,20.508112,0.0,0.0,0.0,1.0,0.0,0,14.032342,10.650425,3.9304805,0.0,2.61152,7.7911496,1.9599268,0.0,6.101805,0.0
2,68,69.0,10.0,1.0,1.0,50.0,1.0,1.0,1.0,0.9939618,1.0,-0.0,0.0,-1.51268e-05,-0.006023026,0.57295823,0.49151406,0.6196265,4.18456,1.0481842,2.673825,0.0,3.865232,-5.4274817,0.3888889,20.468702,0.0,0.0,0.0,1.0,0.0,0,13.772189,9.675275,3.5093114,0.0,3.032478,7.4510007,2.2193766,0.0,6.6645203,0.0
3,68,69.0,10.0,1.0,1.0,50.0,1.0,1.0,1.0,0.9999855,1.0,-0.0,0.0,-1.4459165e-05,-0.0,0.62434524,0.4919956,0.6008159,3.8152454,0.9247053,2.4428248,1.0,2.8222346,-5.531391,0.38425925,20.450356,0.0,0.0,0.0,1.0,0.0,0,13.776842,9.063204,4.045764,0.0,1.927944,7.3878465,2.447603,0.0,6.1251645,0.0
0,69,70.0,10.0,1.0,1.0,51.0,1.0,1.0,1.0,0.99998343,1.0,-0.0,0.0,-1.6568816e-05,-0.0,0.6107688,0.9409552,0.5386239,3.0785196,0.93243647,3.0326638,1.0,3.7868762,-5.1690245,0.375,20.670118,0.0,0.0,0.0,1.0,0.0,0,13.7651205,9.323178,4.287928,0.0,3.5757105,6.5462594,2.387169,0.0,5.5795035,0.0
1,69,70.0,10.0,1.0,1.0,51.0,1.0,1.0,1.0,0.9999834,1.0,-0.0,0.0,-1.6637234e-05,-0.0,0.6429471,0.8110747,0.5559768,3.3735764,0.9833496,3.6323533,1.0,4.3726897,-5.223617,0.37037036,20.893837,0.0,0.0,0.0,1.0,0.0,0,14.060388,10.242469,4.3788614,0.0,3.3312712,7.1313543,1.7732028,0.0,6.146503,0.0
2,69,70.0,10.0,1.0,1.0,51.0,1.0,1.0,1.0,0.9940584,1.0,-0.0,0.0,-1.708316e-05,-0.0059245154,0.59372747,0.9094727,0.6181181,4.207136,1.0473961,2.6185095,0.0,3.878483,-5.125249,0.3888889,20.863388,0.0,0.0,0.0,1.0,0.0,0,14.254494,9.691664,4.025082,0.0,4.021793,6.960547,2.0072603,0.0,6.7493935,0.0
3,69,70.0,10.0,1.0,1.0,51.0,1.0,1.0,1.0,0.9999839,1.0,-0.0,0.0,-1.6106662e-05,-0.0,0.64524823,0.8782122,0.61072797,3.9936874,0.94248986,2.551898,1.0,2.9908118,-5.3501782,0.38425925,20.81666,0.0,0.0,0.0,1.0,0.0,0,13.955179,8.9088,4.088275,0.0,3.1670246,6.3409815,2.5527892,0.0,6.388937,0.0
0,70,71.0,10.0,1.0,1.0,52.0,1.0,1.0,1.0,0.999984,1.0,-0.0,0.0,-1.5992786e-05,-0.0,0.6522052,0.87559074,0.518125,2.763087,0.9380854,3.187209,1.0,3.5117338,-5.2151885,0.375,20.901344,0.0,0.0,0.0,1.0,0.0,0,14.194266,9.372326,4.726013,0.0,3.454428,7.0439897,2.5250955,0.0,5.3652225,0.0
1,70,71.0,10.0,1.0,1.0,52.0,1.0,1.0,1.0,0.9999845,1.0,-0.0,0.0,-1.547876e-05,-0.0,0.65593535,0.7456426,0.53397024,3.0782654,0.99206436,3.739813,1.0,4.15638,-5.578231,0.37037036,21.13345,0.0,0.0,0.0,1.0,0.0,0,14.467154,9.955463,4.130796,0.0,3.4920938,7.4091167,2.0628612,0.0,6.071359,0.0
2,70,71.0,10.0,1.0,1.0,52.0,1.0,1.0,1.0,0.9926267,1.0,-0.0,0.0,-1.61366e-05,-0.0073571457,0.62320644,0.8433273,0.5944165,3.941003,1.0588572,2.7185345,0.0,3.7043302,-5.300557,0.3888889,21.09577,0.0,0.0,0.0,1.0,0.0,0,14.108608,9.221024,3.7943692,0.0,3.7773473,7.3499737,2.2461588,0.0,6.7481265,0.0
3,70,71.0,10.0,1.0,1.0,52.0,1.0,1.0,1.0,0.99998397,1.0,-0.0,0.0,-1.6012522e-05,-0.0,0.67611706,0.82053405,0.5919481,3.8203714,0.97775257,2.8177876,1.0,2.8625228,-5.566463,0.38425925,21.044016,0.0,0.0,0.0,1.0,0.0,0,14.477024,8.484095,4.3847437,0.0,3.1767042,7.265152,2.6304893,0.0,6.440931,0.0
0,71,72.0,10.0,1.0,1.0,53.0,1.0,1.0,1.0,0.99998116,1.0,-0.0,0.0,-1.8837269e-05,-0.0,0.60557836,0.8852585,0.5046452,2.6197047,0.92810446,3.1359575,1.0,3.3925757,-5.996676,0.375,21.36806,0.0,0.0,0.0,1.0,0.0,0,14.121618,8.839854,4.964859,0.0,3.7902377,6.579875,2.4499717,0.0,5.3100123,0.0
1,71,72.0,10.0,1.0,1.0,53.0,1.0,1.0,1.0,0.99998355,1.0,-0.0,0.0,-1.647339e-05,-0.0,0.6023735,0.7415484,0.52166337,2.984531,0.9864743,3.621778,1.0,4.038227,-6.4228272,0.37037036,21.60103,0.0,0.0,0.0,1.0,0.0,0,14.837214,9.219403,4.044989,0.0,3.946192,6.8102846,1.9436744,0.0,6.161005,0.0
2,71,72.0,10.0,1.0,1.0,53.0,1.0,1.0,1.0,0.99316305,1.0,-0.0,0.0,-1.7692593e-05,-0.006819272,0.5729761,0.83920497,0.5809032,3.8228297,1.0545541,2.562,0.0,3.5973878,-6.1046014,0.3888889,21.558577,0.0,0.0,0.0,1.0,0.0,0,15.430763,9.055679,3.7537658,0.0,4.515911,6.5085845,1.9830873,0.0,6.832385,0.0
3,71,72.0,10.0,1.0,1.0,53.0,1.0,1.0,1.0,0.99998224,1.0,-0.0,0.0,-1.7755237e-05,-0.0,0.62905663,0.826129,0.576097,3.682863,0.97420263,2.7239995,1.0,2.729504,-6.3705163,0.38425925,21.51403,0.0,0.0,0.0,1.0,0.0,0,14.756743,8.273569,4.289847,0.0,3.8191123,6.599414,2.2522585,0.0,6.411069,0.0
0,72,73.0,10.0,1.0,1.0,54.0,1.0,1.0,1.0,0.99997956,1.0,-0.0,0.0,-2.0464573e-05,-0.0,0.5846992,1.1545926,0.5147652,2.8738985,0.9566674,3.2528455,1.0,3.49536,-6.027248,0.375,21.779947,0.0,0.0,0.0,1.0,0.0,0,14.359939,8.454717,4.9996147,0.0,4.5463014,6.24703,2.4584472,0.0,4.986178,0.0
1,72,73.0,10.0,1.0,1.0,54.0,1.0,1.0,1.0,0.9998879,1.0,-0.0,0.0,-1.722552e-05,-9.487849e-05,0.58616734,1.0132539,0.5270208,3.1426897,1.000759,3.6544836,0.0,4.036529,-6.1741304,0.37037036,22.032413,0.0,0.0,0.0,1.0,0.0,0,14.325572,9.266505,5.4205184,0.0,4.88844,6.418185,2.1189003,0.0,6.072549,0.0
2,72,73.0,10.0,1.0,1.0,54.0,1.0,1.0,1.0,0.9917339,1.0,-0.0,0.0,-1.9395857e-05,-0.008246745,0.5536202,1.1244998,0.58525854,3.9507241,1.065974,2.6351964,0.0,3.5968983,-6.0265007,0.3888889,21.998047,0.0,0.0,0.0,1.0,0.0,0,14.689603,8.6717205,5.477558,0.0,5.32149,5.8967953,1.9017982,0.0,7.014744,0.0
3,72,73.0,10.0,1.0,1.0,54.0,1.0,1.0,1.0,0.99998045,1.0,-0.0,0.0,-1.9520774e-05,-0.0,0.60633755,1.0997204,0.59416234,3.967926,0.9931766,2.9058604,1.0,2.8732388,-6.201705,0.38425925,21.925728,0.0,0.0,0.0,1.0,0.0,0,14.177423,8.045676,5.3198166,0.0,4.519303,6.159097,2.418767,0.0,6.2107644,0.0
0,73,74.0,10.0,1.0,1.0,55.0,1.0,1.0,1.0,0.999935,1.0,-0.0,0.0,-2.0438829e-05,-4.458707e-05,0.6249726,1.3478547,0.52184856,3.0212853,1.0003567,3.5464258,0.0,3.5318592,-5.9434137,0.375,22.304996,0.0,0.0,0.0,1.0,0.0,0,14.512645,8.098035,5.550857,0.0,4.6294937,6.1569233,2.3589208,0.0,4.9363227,0.0
1,73,74.0,10.0,1.0,1.0,55.0,1.0,1.0,1.0,0.99709606,1.0,-0.0,0.0,-1.8552686e-05,-0.0028854003,0.61443,1.2215194,0.5225281,3.1830308,1.0230832,3.8336675,0.0,4.026474,-5.9949064,0.37037036,22.586426,0.0,0.0,0.0,1.0,0.0,0,14.690901,8.810721,6.1262817,0.0,5.1352615,6.2835464,2.134087,0.0,6.035411,0.0
2,73,74.0,10.0,1.0,1.0,55.0,1.0,1.0,1.0,0.9919285,1.0,-0.0,0.0,-1.9914716e-05,-0.008051574,0.5694151,1.335513,0.57895076,3.9066877,1.0644126,2.6125243,0.0,3.5560026,-5.8369823,0.3888889,22.56479,0.0,0.0,0.0,1.0,0.0,0,14.81467,8.562111,6.804706,0.0,5.3376946,5.6731143,1.9750569,0.0,6.8632483,0.0
3,73,74.0,10.0,1.0,1.0,55.0,1.0,1.0,1.0,0.9999812,1.0,-0.0,0.0,-1.8755345e-05,-0.0,0.6188475,1.3085568,0.58577406,3.9328504,0.99756134,2.9117808,1.0,2.8512168,-6.0427227,0.38425925,22.483065,0.0,0.0,0.0,1.0,0.0,0,14.443572,7.777803,5.7099347,0.0,4.414332,5.978357,2.374376,0.0,6.013174,0.0
0,74,75.0,10.0,1.0,1.0,56.0,1.0,1.0,1.0,0.99962634,1.0,-0.0,0.0,-1.9921406e-05,-0.0003537396,0.6017953,1.3852866,0.5239818,3.056062,1.0028299,3.520728,0.0,3.5264778,-5.9397573,0.375,22.80875,0.0,0.0,0.0,1.0,0.0,0,14.459896,7.636202,6.1938834,0.0,5.202397,6.054319,2.314002,0.0,4.9062767,0.0
1,74,75.0,10.0,1.0,1.0,56.0,1.0,1.0,1.0,0.9999801,1.0,-0.0,0.0,-1.991922e-05,-0.0,0.57901555,1.3086436,0.515625,3.130711,0.99935067,3.556125,1.0,3.9330318,-5.969243,0.37037036,23.111053,0.0,0.0,0.0,1.0,0.0,0,15.681277,8.808558,6.8657537,0.0,6.1617975,6.507993,2.1011102,0.0,6.339922,0.0
2,74,75.0,10.0,1.0,1.0,56.0,1.0,1.0,1.0,0.99712914,1.0,-0.0,0.0,-2.035892e-05,-0.0028504757,0.5262617,1.4162958,0.56114477,3.6700876,1.0228038,2.3144884,0.0,3.3992057,-5.785642,0.3888889,23.074848,0.0,0.0,0.0,1.0,0.0,0,15.525281,8.159553,5.3577247,0.0,4.9184527,5.6253896,2.078894,0.0,6.86288,0.0
3,74,75.0,10.0,1.0,1.0,56.0,1.0,1.0,1.0,0.99998146,1.0,-0.0,0.0,-1.8525703e-05,-0.0,0.5823977,1.3862679,0.57206,3.8088796,0.96653175,2.6191075,1.0,2.7453072,-6.0074797,0.38425925,23.009031,0.0,0.0,0.0,1.0,0.0,0,14.353696,7.542353,5.72622,0.0,4.7464457,5.761334,2.4656267,0.0,5.981563,0.0
0,75,76.0,10.0,1.0,1.0,57.0,1.0,1.0,1.0,0.99997956,1.0,-0.0,0.0,-2.044538e-05,-0.0,0.48601255,1.4330049,0.5256958,3.2378914,0.93993443,3.0085635,1.0,3.573743,-5.886426,0.375,23.355013,0.0,0.0,0.0,1.0,0.0,0,14.026018,7.8732185,5.530058,0.0,4.065592,5.6874394,2.1633656,0.0,4.8659353,0.0
1,75,76.0,10.0,1.0,1.0,57.0,1.0,1.0,1.0,0.9999783,1.0,-0.0,0.0,-2.1704178e-05,-0.0,0.45150554,1.3742244,0.50672656,3.2182493,0.9156105,2.8113909,1.0,3.950866,-5.900925,0.37037036,23.668884,0.0,0.0,0.0,1.0,0.0,0,14.631881,8.233494,6.1170096,0.0,4.3979807,6.049203,1.7038232,0.0,6.1070676,0.0
2,75,76.0,10.0,1.0,1.0,57.0,1.0,1.0,1.0,0.9999811,1.0,-0.0,0.0,-1.889906e-05,-0.0,0.40057635,1.4485368,0.5514453,3.7498472,0.9504749,2.029814,1.0,3.405018,-5.6828074,0.3888889,23.625608,0.0,0.0,0.0,1.0,0.0,0,14.71521,8.366113,5.724915,0.0,4.262806,5.410251,1.8733765,0.0,7.0628233,0.0
3,75,76.0,10.0,1.0,1.0,57.0,1.0,1.0,1.0,0.99998116,1.0,-0.0,0.0,-1.8861367e-05,-0.0,0.4538011,1.4426825,0.56525177,3.8446782,0.879199,2.030585,1.0,2.7423823,-5.910337,0.38425925,23.569763,0.0,0.0,0.0,1.0,0.0,0,14.282466,7.7739196,5.417091,0.0,3.4902244,5.466497,2.5753977,0.0,5.8442626,0.0
0,76,77.0,10.0,1.0,1.0,58.0,1.0,1.0,1.0,0.9999776,1.0,-0.0,0.0,-2.2404063e-05,-0.0,0.47994143,1.6274667,0.5012445,3.0478544,0.9482301,3.0419416,1.0,3.3755083,-5.934348,0.375,23.657978,0.0,0.0,0.0,1.0,0.0,0,13.567192,7.962223,6.7176614,0.0,4.0666976,6.0397606,2.356252,0.0,4.8182425,0.0
1,76,77.0,10.0,1.0,1.0,58.0,1.0,1.0,1.0,0.9999802,1.0,-0.0,0.0,-1.9809957e-05,-0.0,0.45201296,1.5811642,0.49606478,3.2182493,0.94074506,2.9528902,1.0,3.8807037,-5.9620495,0.37037036,23.954777,0.0,0.0,0.0,1.0,0.0,0,14.077672,8.37013,6.840874,0.0,4.6110773,6.417933,1.7521576,0.0,5.8999324,0.0
2,76,77.0,10.0,1.0,1.0,58.0,1.0,1.0,1.0,0.9999772,1.0,-0.0,0.0,-2.2820741e-05,-0.0,0.4025556,1.644816,0.52402925,3.4723701,0.95516133,2.0589123,1.0,3.2047904,-5.7740154,0.3888889,23.942924,0.0,0.0,0.0,1.0,0.0,0,14.224034,8.130373,6.9630404,0.0,4.096501,5.8816085,1.3889121,0.0,6.854176,0.0
3,76,77.0,10.0,1.0,1.0,58.0,1.0,1.0,1.0,0.9999792,1.0,-0.0,0.0,-2.0813264e-05,-0.0,0.44704005,1.6337922,0.5419998,3.6624005,0.89046854,2.1062682,1.0,2.5728333,-5.9492664,0.38425925,23.871649,0.0,0.0,0.0,1.0,0.0,0,13.90101,7.558417,6.6412296,0.0,3.927333,5.7036977,2.5543094,0.0,5.784006,0.0
0,77,78.0,10.0,1.0,1.0,59.0,1.0,1.0,1.0,0.9999775,1.0,-0.0,0.0,-2.2456354e-05,-0.0,0.4218135,1.7506212,0.49146792,2.9597743,0.9181039,2.915542,1.0,3.353162,-6.02453,0.375,24.032059,0.0,0.0,0.0,1.0,0.0,0,14.130354,7.8475475,6.9348054,0.0,5.215591,6.2059917,2.6596744,0.0,4.9202466,0.0
1,77,78.0,10.0,1.0,1.0,59.0,1.0,1.0,1.0,0.99997944,1.0,-0.0,0.0,-2.0584725e-05,-0.0,0.39971733,1.7188553,0.48026884,3.0874062,0.90130585,2.6423156,1.0,3.783721,-6.0741267,0.37037036,24.313025,0.0,0.0,0.0,1.0,0.0,0,15.043166,7.8177977,7.5922685,0.0,5.09148,6.343904,2.3602743,0.0,5.833092,0.0
2,77,78.0,10.0,1.0,1.0,59.0,1.0,1.0,1.0,0.9999772,1.0,-0.0,0.0,-2.28412e-05,-0.0,0.3370378,1.7514566,0.5227765,3.3596253,0.9143896,2.1879277,1.0,3.0590227,-5.8246756,0.3888889,24.29889,0.0,0.0,0.0,1.0,0.0,0,14.470292,7.713172,7.2039676,0.0,5.204497,5.6123023,1.6777855,0.0,7.011806,0.0
3,77,78.0,10.0,1.0,1.0,59.0,1.0,1.0,1.0,0.99997854,1.0,-0.0,0.0,-2.1484766e-05,-0.0,0.3986221,1.7642002,0.53362167,3.6077015,0.87120664,2.1073828,1.0,2.5233636,-6.01699,0.38425925,24.222153,0.0,0.0,0.0,1.0,0.0,0,14.087091,7.158283,6.9885917,0.0,4.622995,5.6175003,2.817704,0.0,5.668437,0.0
0,78,79.0,10.0,1.0,1.0,60.0,1.0,1.0,1.0,0.9999779,1.0,-0.0,0.0,-2.2120601e-05,-0.0,0.33191666,1.8122237,0.48236525,3.0339541,0.8995041,2.8225057,1.0,3.7388449,-6.214507,0.375,24.490664,0.0,0.0,0.0,1.0,0.0,0,13.524527,8.009573,5.8692083,0.0,3.4711418,5.942446,2.4938967,0.0,4.8520794,0.0
1,78,79.0,10.0,1.0,1.0,60.0,1.0,1.0,1.0,0.99998057,1.0,-0.0,0.0,-1.9447887e-05,-0.0,0.30624008,1.7778112,0.46482086,3.0820773,0.8764278,2.395586,1.0,4.12336,-6.2015185,0.37037036,24.799145,0.0,0.0,0.0,1.0,0.0,0,14.598981,8.835172,6.5954924,0.0,3.807858,5.879874,2.2599773,0.0,5.8323803,0.0
2,78,79.0,10.0,1.0,1.0,60.0,1.0,1.0,1.0,0.9999788,1.0,-0.0,0.0,-2.1209029e-05,-0.0,0.24609268,1.820813,0.50039977,3.2177625,0.89543235,2.3606975,1.0,3.3681924,-5.9733577,0.3888889,24.777502,0.0,0.0,0.0,1.0,0.0,0,14.080255,8.143919,5.583636,0.0,2.819124,5.990872,1.7716053,0.0,6.628192,0.0
3,78,79.0,10.0,1.0,1.0,60.0,1.0,1.0,1.0,0.99997956,1.0,-0.0,0.0,-2.0437374e-05,-0.0,0.3071092,1.8358897,0.51570874,3.5273921,0.8457764,2.1306539,1.0,2.8481257,-6.1817484,0.38425925,24.681536,0.0,0.0,0.0,1.0,0.0,0,13.921149,7.686644,5.7540355,0.0,3.429328,5.591394,2.7721488,0.0,5.6105146,0.0
0,79,80.0,10.0,1.0,1.0,61.0,1.0,1.0,1.0,0.99997854,1.0,-0.0,0.0,-2.1472266e-05,-0.0,0.33520275,2.0510986,0.4859748,3.2458591,0.9278332,2.7428997,1.0,3.7858934,-6.2752085,0.375,24.696592,0.0,0.0,0.0,1.0,0.0,0,12.825801,8.209122,7.135623,0.0,3.8409855,5.882072,2.402181,0.0,4.6344543,0.0
1,79,80.0,10.0,1.0,1.0,61.0,1.0,1.0,1.0,0.99997675,1.0,-0.0,0.0,-2.3241086e-05,-0.0,0.31078905,2.005823,0.45921677,3.183523,0.90504193,2.369633,1.0,4.127206,-6.2714553,0.37037036,25.012573,0.0,0.0,0.0,1.0,0.0,0,13.730288,9.070638,7.1513624,0.0,4.3566747,6.7322288,2.1518877,0.0,6.275586,0.0
2,79,80.0,10.0,1.0,1.0,61.0,1.0,1.0,1.0,0.9999788,1.0,-0.0,0.0,-2.1248012e-05,-0.0,0.25190973,2.034762,0.48791263,3.2006884,0.9118068,2.209997,1.0,3.3238404,-6.04208,0.3888889,25.019005,0.0,0.0,0.0,1.0,0.0,0,13.476569,8.383784,6.319234,0.0,3.362659,5.9712114,1.8035395,0.0,6.378445,0.0
3,79,80.0,10.0,1.0,1.0,61.0,1.0,1.0,1.0,0.9999791,1.0,-0.0,0.0,-2.0918436e-05,-0.0,0.30948147,2.064361,0.5085195,3.5708432,0.8663995,2.0344362,1.0,2.8161938,-6.23896,0.38425925,24.900023,0.0,0.0,0.0,1.0,0.0,0,13.317073,7.604263,6.728005,0.0,3.4780746,5.418535,2.6545773,0.0,5.7485847,0.0
0,80,81.0,10.0,1.0,1.0,62.0,1.0,1.0,1.0,0.99998176,1.0,-0.0,0.0,-1.8244884e-05,-0.0,0.27434677,2.1484993,0.47740206,3.1820474,0.89996403,2.570236,1.0,3.8767657,-6.29466,0.375,25.089096,0.0,0.0,0.0,1.0,0.0,0,13.4791975,7.66245,6.6534333,0.0,4.4461646,5.8438354,2.7797327,0.0,4.7121167,0.0
1,80,81.0,10.0,1.0,1.0,62.0,1.0,1.0,1.0,0.99998164,1.0,-0.0,0.0,-1.8384095e-05,-0.0,0.23186617,2.083808,0.45462382,3.0904472,0.85906804,2.1335907,1.0,4.1466155,-6.269028,0.37037036,25.39907,0.0,0.0,0.0,1.0,0.0,0,13.380072,7.6679635,5.9970026,0.0,4.6624336,6.0580406,2.4140804,0.0,5.683582,0.0
2,80,81.0,10.0,1.0,1.0,62.0,1.0,1.0,1.0,0.9999813,1.0,-0.0,0.0,-1.8732788e-05,-0.0,0.19797906,2.129596,0.48081446,3.0767393,0.88622487,2.330665,1.0,3.366506,-6.077543,0.3888889,25.394976,0.0,0.0,0.0,1.0,0.0,0,13.671113,7.856301,5.9049044,0.0,4.197675,5.996205,2.0152187,0.0,6.514299,0.0
3,80,81.0,10.0,1.0,1.0,62.0,1.0,1.0,1.0,0.9999822,1.0,-0.0,0.0,-1.782754e-05,-0.0,0.248003,2.1640146,0.49737144,3.481376,0.841097,2.1210809,1.0,2.8921168,-6.2415023,0.38425925,25.278366,0.0,0.0,0.0,1.0,0.0,0,13.370424,6.9663396,6.2887588,0.0,3.4938352,5.400172,2.9628391,0.0,5.800354,0.0
0,81,82.0,10.0,1.0,1.0,63.0,1.0,1.0,1.0,0.9999798,1.0,-0.0,0.0,-2.0221918e-05,-0.0,0.2547812,2.3018587,0.46684742,3.3523943,0.88693285,2.3798509,1.0,3.9607663,-6.411627,0.375,25.307938,0.0,0.0,0.0,1.0,0.0,0,13.5626,7.9688544,6.7069,0.0,3.6105502,5.7656565,2.2537029,0.0,4.873155,0.0
1,81,82.0,10.0,1.0,1.0,63.0,1.0,1.0,1.0,0.9999811,1.0,-0.0,0.0,-1.8901941e-05,-0.0,0.2353318,2.2304323,0.46627578,3.5095935,0.8781438,1.8413721,1.0,4.3439736,-6.440541,0.37037036,25.595688,0.0,0.0,0.0,1.0,0.0,0,13.091472,9.788539,5.5617614,0.0,3.661431,6.05082,2.472388,0.0,6.0900917,0.0
2,81,82.0,10.0,1.0,1.0,63.0,1.0,1.0,1.0,0.99998003,1.0,-0.0,0.0,-1.9959209e-05,-0.0,0.19325018,2.2770169,0.46589988,3.170464,0.89475113,2.1789658,1.0,3.442588,-6.2194633,0.3888889,25.61176,0.0,0.0,0.0,1.0,0.0,0,13.092051,8.445233,6.240701,0.0,3.316234,6.129386,1.7544218,0.0,6.5182867,0.0
3,81,82.0,10.0,1.0,1.0,63.0,1.0,1.0,1.0,0.9999811,1.0,-0.0,0.0,-1.8889361e-05,-0.0,0.24649985,2.3173678,0.49854648,3.6072676,0.8482966,2.0084932,1.0,2.9315794,-6.3676333,0.38425925,25.49055,0.0,0.0,0.0,1.0,0.0,0,13.35168,7.881248,5.726037,0.0,2.8688297,5.5850234,2.8587918,0.0,5.709591,0.0
0,82,83.0,10.0,1.0,1.0,64.0,1.0,1.0,1.0,0.99998116,1.0,-0.0,0.0,-1.882058e-05,-0.0,0.2144441,2.3614233,0.47565955,3.363584,0.8797058,2.276984,1.0,4.015516,-6.426083,0.375,25.602066,0.0,0.0,0.0,1.0,0.0,0,13.296938,7.6730833,6.760645,0.0,4.82937,5.651432,2.923334,0.0,4.595439,0.0
1,82,83.0,10.0,1.0,1.0,64.0,1.0,1.0,1.0,0.9999848,1.0,-0.0,0.0,-1.5206551e-05,-0.0,0.2044145,2.3347733,0.4580103,3.3551953,0.8663209,1.5117753,1.0,4.301748,-6.468689,0.37037036,25.890709,0.0,0.0,0.0,1.0,0.0,0,13.54154,8.492911,6.5467515,0.0,5.009292,6.157441,3.1732757,0.0,6.186979,0.0
2,82,83.0,10.0,1.0,1.0,64.0,1.0,1.0,1.0,0.9999806,1.0,-0.0,0.0,-1.9390462e-05,-0.0,0.16815308,2.3885,0.46470413,3.1003098,0.88752496,2.1427424,1.0,3.461758,-6.2433796,0.3888889,25.897152,0.0,0.0,0.0,1.0,0.0,0,12.923261,7.793681,6.0262537,0.0,4.2582927,5.671437,1.3733742,0.0,6.7295747,0.0
3,82,83.0,10.0,1.0,1.0,64.0,1.0,1.0,1.0,0.99998236,1.0,-0.0,0.0,-1.7665585e-05,-0.0,0.22841617,2.4417267,0.5111936,3.7571464,0.860513,1.8290036,1.0,3.1082242,-6.4127836,0.38425925,25.753847,0.0,0.0,0.0,1.0,0.0,0,12.536077,7.5079775,5.961616,0.0,3.7819061,5.5056787,3.0277138,0.0,5.5722756,0.0
0,83,84.0,10.0,1.0,1.0,65.0,1.0,1.0,1.0,0.99998313,1.0,-0.0,0.0,-1.6849704e-05,-0.0,0.18655956,2.4669883,0.47924694,3.4789019,0.87241083,2.2241192,1.0,4.0932336,-6.476853,0.375,25.738678,0.0,0.0,0.0,1.0,0.0,0,12.729288,8.753724,5.8194394,0.0,3.015552,5.7446127,2.7679589,0.0,4.707676,0.0
1,83,84.0,10.0,1.0,1.0,65.0,1.0,1.0,1.0,0.99998266,1.0,-0.0,0.0,-1.7324928e-05,-0.0,0.19537024,2.4446688,0.4456527,3.3364785,0.85773635,1.3870312,1.0,4.231701,-6.532462,0.37037036,26.028677,0.0,0.0,0.0,1.0,0.0,0,12.9041815,9.189833,5.1592712,0.0,3.304965,5.988721,2.8056226,0.0,6.0906434,0.0
2,83,84.0,10.0,1.0,1.0,65.0,1.0,1.0,1.0,0.9999832,1.0,-0.0,0.0,-1.680061e-05,-0.0,0.13490729,2.4840126,0.45227522,3.163791,0.86696863,2.371944,1.0,3.5476787,-6.3059015,0.3888889,26.034822,0.0,0.0,0.0,1.0,0.0,0,12.433132,8.546101,5.7685804,0.0,2.800707,6.1924796,1.532558,0.0,6.74721,0.0
3,83,84.0,10.0,1.0,1.0,65.0,1.0,1.0,1.0,0.99998355,1.0,-0.0,0.0,-1.6466269e-05,-0.0,0.21238476,2.5671606,0.5282565,3.9756129,0.8573899,1.8439207,1.0,3.318889,-6.493995,0.38425925,25.86513,0.0,0.0,0.0,1.0,0.0,0,12.635714,7.9058757,5.5847545,0.0,3.0868864,5.426601,2.427011,0.0,5.797798,0.0
0,84,85.0,10.0,1.0,1.0,66.0,1.0,1.0,1.0,0.9999841,1.0,-0.0,0.0,-1.5932019e-05,-0.0,0.21058358,2.715789,0.48141378,3.5189488,0.8884271,1.8031439,1.0,4.1447253,-6.5192094,0.375,25.822947,0.0,0.0,0.0,1.0,0.0,0,12.526911,8.270839,5.778716,0.0,3.7706735,4.874417,3.1515,0.0,4.7331204,0.0
1,84,85.0,10.0,1.0,1.0,66.0,1.0,1.0,1.0,0.99998295,1.0,-0.0,0.0,-1.7066302e-05,-0.0,0.19004904,2.6821358,0.44704247,3.2775385,0.8573833,1.1501058,1.0,4.187877,-6.5133924,0.37037036,26.09478,0.0,0.0,0.0,1.0,0.0,0,13.052996,8.584989,5.6278696,0.0,4.718272,5.4513006,3.1684086,0.0,6.076624,0.0
2,84,85.0,10.0,1.0,1.0,66.0,1.0,1.0,1.0,0.99998426,1.0,-0.0,0.0,-1.5725862e-05,-0.0,0.15839487,2.7505777,0.45387247,3.140198,0.8795733,2.0505316,1.0,3.5622191,-6.326234,0.3888889,26.139906,0.0,0.0,0.0,1.0,0.0,0,12.635664,8.185975,5.6009045,0.0,3.4118018,5.833667,1.5010678,0.0,6.6122203,0.0
3,84,85.0,10.0,1.0,1.0,66.0,1.0,1.0,1.0,0.99998516,1.0,-0.0,0.0,-1.4862706e-05,-0.0,0.25309587,2.8630033,0.53992856,4.0684557,0.8853792,1.3954701,1.0,3.4048457,-6.544411,0.38425925,25.985538,0.0,0.0,0.0,1.0,0.0,0,12.206288,7.6995807,5.276858,0.0,3.2010024,4.8929496,2.902047,0.0,5.773741,0.0
0,85,86.0,10.0,1.0,1.0,67.0,1.0,1.0,1.0,0.9999853,1.0,-0.0,0.0,-1.4740435e-05,-0.0,0.19917004,2.487481,0.49311972,3.7502646,0.88711965,1.7848192,1.0,4.313432,-6.695725,0.375,26.182785,0.0,0.0,0.0,1.0,0.0,0,12.367672,8.714181,5.622882,0.0,3.477178,5.647917,2.94363,0.0,4.9757705,0.0
1,85,86.0,10.0,1.0,1.0,67.0,1.0,1.0,1.0,0.9999858,1.0,-0.0,0.0,-1.41845e-05,-0.0,0.17474517,2.461477,0.43684897,3.3065479,0.8364103,1.3080373,1.0,4.1737776,-6.6709685,0.37037036,26.446285,0.0,0.0,0.0,1.0,0.0,0,12.949377,9.384179,5.4381433,0.0,3.4214268,5.9824343,3.0676394,0.0,6.31599,0.0
2,85,86.0,10.0,1.0,1.0,67.0,1.0,1.0,1.0,0.9999847,1.0,-0.0,0.0,-1.5317153e-05,-0.0,0.1422571,2.503386,0.4433636,3.143935,0.86044,2.284534,1.0,3.6150882,-6.5246897,0.3888889,26.516365,0.0,0.0,0.0,1.0,0.0,0,12.494505,8.577136,5.2613344,0.0,2.8662255,5.9936633,1.7122606,0.0,6.504729,0.0
3,85,86.0,10.0,1.0,1.0,67.0,1.0,1.0,1.0,0.9999857,1.0,-0.0,0.0,-1.428488e-05,-0.0,0.24851784,2.618298,0.5670631,4.282749,0.8877564,1.4740268,1.0,3.5628786,-6.7307296,0.38425925,26.36198,0.0,0.0,0.0,1.0,0.0,0,12.341313,7.9590154,4.8033104,0.0,3.2591274,5.3690567,2.7431412,0.0,5.881875,0.0
0,86,87.0,10.0,1.0,1.0,68.0,1.0,1.0,1.0,0.9999855,1.0,-0.0,0.0,-1.4498811e-05,-0.0,0.21806397,2.7387593,0.4879381,3.6308446,0.90031576,1.4309167,1.0,4.200345,-6.6252294,0.375,26.37341,0.0,0.0,0.0,1.0,0.0,0,12.235877,8.584572,5.0083313,0.0,3.252335,4.8214216,3.1658952,0.0,4.794599,0.0
1,86,87.0,10.0,1.0,1.0,68.0,1.0,1.0,1.0,0.9999844,1.0,-0.0,0.0,-1.5615906e-05,-0.0,0.1820799,2.6946669,0.4372181,3.2011778,0.8368221,1.063109,1.0,4.134128,-6.6022744,0.37037036,26.620298,0.0,0.0,0.0,1.0,0.0,0,12.401955,9.093474,4.8397336,0.0,3.7461584,4.8633375,3.441754,0.0,6.3683505,0.0
2,86,87.0,10.0,1.0,1.0,68.0,1.0,1.0,1.0,0.9999843,1.0,-0.0,0.0,-1.5651542e-05,-0.0,0.14298409,2.7639155,0.45590118,3.1441839,0.85934335,2.1699665,1.0,3.6109693,-6.397465,0.3888889,26.718893,0.0,0.0,0.0,1.0,0.0,0,11.957752,8.317345,5.123467,0.0,3.0964017,4.8381395,1.7739503,0.0,6.691836,0.0
3,86,87.0,10.0,1.0,1.0,68.0,1.0,1.0,1.0,0.9999862,1.0,-0.0,0.0,-1.3813433e-05,-0.0,0.25170892,2.874986,0.56018883,4.1922235,0.90001124,1.2722433,1.0,3.5101168,-6.6290555,0.38425925,26.563335,0.0,0.0,0.0,1.0,0.0,0,11.956464,8.017899,4.605715,0.0,3.3962529,4.636444,2.8998373,0.0,5.942251,0.0
0,87,88.0,10.0,1.0,1.0,69.0,1.0,1.0,1.0,0.99998707,1.0,-0.0,0.0,-1.2923985e-05,-0.0,0.33245647,2.6378746,0.46497867,3.2439294,0.96643734,1.2373118,1.0,3.8307297,-6.8897157,0.375,26.51816,0.0,0.0,0.0,1.0,0.0,0,12.247267,8.093649,5.876537,0.0,4.0915837,5.863704,3.3611648,0.0,5.4519715,0.0
1,87,88.0,10.0,1.0,1.0,69.0,1.0,1.0,1.0,0.99998647,1.0,-0.0,0.0,-1.3527585e-05,-0.0,0.2731759,2.5754063,0.4287204,2.976652,0.9027579,0.6464931,1.0,3.9536402,-6.836386,0.37037036,26.785955,0.0,0.0,0.0,1.0,0.0,0,12.373763,7.748376,5.0152698,0.0,3.6830926,5.2824945,3.3919485,0.0,5.971025,0.0
2,87,88.0,10.0,1.0,1.0,69.0,1.0,1.0,1.0,0.9999867,1.0,-0.0,0.0,-1.3313834e-05,-0.0,0.25866067,2.6588824,0.46374267,3.0884204,0.941415,1.2175441,1.0,3.4760373,-6.698165,0.3888889,26.874262,0.0,0.0,0.0,1.0,0.0,0,12.112345,7.778229,6.1016808,0.0,3.3649094,5.8221197,1.8713554,0.0,7.1972203,0.0
3,87,88.0,10.0,1.0,1.0,69.0,1.0,1.0,1.0,0.9999874,1.0,-0.0,0.0,-1.2582293e-05,-0.0,0.36404318,2.7759187,0.5494038,4.1236897,0.9759888,1.0864129,1.0,3.3582962,-6.900722,0.38425925,26.720901,0.0,0.0,0.0,1.0,0.0,0,13.324017,7.82081,5.689162,0.0,4.134457,5.985909,3.196989,0.0,6.7278585,0.0
0,88,89.0,10.0,1.0,1.0,70.0,1.0,1.0,1.0,0.9999824,1.0,-0.0,0.0,-1.7595963e-05,-0.0,0.35242552,2.649992,0.43648812,2.901008,0.9631457,1.1743499,1.0,3.59314,-6.8878736,0.375,26.533953,0.0,0.0,0.0,1.0,0.0,0,11.858941,8.422908,4.784076,0.0,3.9120255,4.785481,3.2354462,0.0,5.561035,0.0
1,88,89.0,10.0,1.0,1.0,70.0,1.0,1.0,1.0,0.9999836,1.0,-0.0,0.0,-1.6409966e-05,-0.0,0.2989564,2.589756,0.4156275,2.6749961,0.8993714,0.69885266,1.0,3.7570786,-6.848594,0.37037036,26.803654,0.0,0.0,0.0,1.0,0.0,0,12.421216,9.205484,4.796634,0.0,3.9065053,5.1174903,3.6265118,0.0,6.5385194,0.0
2,88,89.0,10.0,1.0,1.0,70.0,1.0,1.0,1.0,0.9999828,1.0,-0.0,0.0,-1.7234548e-05,-0.0,0.27534628,2.6737394,0.46101007,2.7915528,0.9311541,1.3246858,1.0,3.3246648,-6.6987147,0.3888889,26.89201,0.0,0.0,0.0,1.0,0.0,0,12.036291,8.161825,4.730218,0.0,3.3439393,5.20715,1.8357636,0.0,7.551595,0.0
3,88,89.0,10.0,1.0,1.0,70.0,1.0,1.0,1.0,0.9999806,1.0,-0.0,0.0,-1.9367184e-05,-0.0,0.37795454,2.7864077,0.5098592,3.8010616,0.97624034,1.1616175,1.0,3.1151445,-6.8887157,0.38425925,26.736227,0.0,0.0,0.0,1.0,0.0,0,11.93706,7.873096,4.305734,0.0,3.9746463,4.602149,2.92407,0.0,6.7748895,0.0
0,89,90.0,10.0,1.0,1.0,71.0,1.0,1.0,1.0,0.99998695,1.0,-0.0,0.0,-1.3034854e-05,-0.0,0.085064396,2.593763,0.45882496,2.99866,0.8081497,2.3373723,1.0,3.2313755,-6.385859,0.375,26.638391,0.0,0.0,0.0,1.0,0.0,0,14.084547,8.410041,5.577227,0.0,5.2448797,5.5535865,2.9988348,0.0,5.42879,0.0
1,89,90.0,10.0,1.0,1.0,71.0,1.0,1.0,1.0,0.99998695,1.0,-0.0,0.0,-1.3033272e-05,-0.0,0.044939294,2.584948,0.45826888,3.0116837,0.7492958,2.2092884,1.0,3.9234107,-6.4239836,0.37037036,26.927324,0.0,0.0,0.0,1.0,0.0,0,12.686713,8.017514,6.348611,0.0,6.2057605,6.3044834,3.9557636,0.0,6.400035,0.0
2,89,90.0,10.0,1.0,1.0,71.0,1.0,1.0,1.0,0.999986,1.0,-0.0,0.0,-1.4027268e-05,-0.0,0.0052420422,2.6585145,0.49475837,3.1677473,0.74612296,3.5013309,1.0,3.474629,-6.255541,0.3888889,27.0481,0.0,0.0,0.0,1.0,0.0,0,12.121024,7.67136,5.5541463,0.0,4.8156137,6.2611823,1.9113711,0.0,6.88771,0.0
3,89,90.0,10.0,1.0,1.0,71.0,1.0,1.0,1.0,0.999986,1.0,-0.0,0.0,-1.3987969e-05,-0.0,0.09793267,2.7294743,0.5150885,4.0190897,0.8181405,2.467374,1.0,2.5482953,-6.352536,0.38425925,26.862604,0.0,0.0,0.0,1.0,0.0,0,13.513509,8.408755,4.5183687,0.0,4.677932,5.350183,2.8604097,0.0,6.732565,0.0
0,90,91.0,10.0,1.0,1.0,72.0,1.0,1.0,1.0,0.9983855,1.0,-0.0,0.0,-1.28858055e-05,-0.0016016304,0.36907083,2.6800318,0.43092287,2.4888527,1.012813,1.1796697,0.0,3.5041432,-6.8815017,0.375,26.778826,0.0,0.0,0.0,1.0,0.0,0,12.114117,8.755912,5.60265,0.0,2.6460316,5.8681965,2.6887107,0.0,6.6125546,0.0
1,90,91.0,10.0,1.0,1.0,72.0,1.0,1.0,1.0,0.9992672,1.0,-0.0,0.0,-1.3054813e-05,-0.00071971444,0.3421899,2.6303358,0.43885076,3.0980365,1.0057577,1.2978249,0.0,4.268107,-6.918598,0.37037036,27.115324,0.0,0.0,0.0,1.0,0.0,0,12.495012,8.378092,4.590772,0.0,2.1608324,5.541358,2.7723105,0.0,7.239828,0.0
2,90,91.0,10.0,1.0,1.0,72.0,1.0,1.0,1.0,0.9978387,1.0,-0.0,0.0,-1.3274719e-05,-0.0021480257,0.30012017,2.6985505,0.47105882,3.3404646,1.0171841,0.8411585,0.0,3.8852932,-6.790381,0.3888889,27.241796,0.0,0.0,0.0,1.0,0.0,0,11.825265,7.872715,4.832657,0.0,1.8275502,5.6602716,1.6172452,0.0,8.009791,0.0
3,90,91.0,10.0,1.0,1.0,72.0,1.0,1.0,1.0,0.9998477,1.0,-0.0,0.0,-1.3058777e-05,-0.00013924437,0.3663298,2.8067815,0.47364825,3.3096244,1.0011139,1.1981034,0.0,2.9159791,-6.8170466,0.38425925,26.97686,0.0,0.0,0.0,1.0,0.0,0,11.147337,7.7481227,5.102907,0.0,2.872117,5.1273003,2.7550275,0.0,7.2105737,0.0
0,91,92.0,10.0,1.0,1.0,73.0,1.0,1.0,1.0,0.99998415,1.0,-0.0,0.0,-1.5872021e-05,-0.0,0.093277544,2.6316538,0.44992477,2.6916234,0.84130186,2.2828202,1.0,3.3756244,-6.4993014,0.375,27.168318,0.0,0.0,0.0,1.0,0.0,0,12.437675,8.7160225,5.346217,0.0,4.4065404,6.256665,2.7155273,0.0,6.9386024,0.0
1,91,92.0,10.0,1.0,1.0,73.0,1.0,1.0,1.0,0.9999853,1.0,-0.0,0.0,-1.47052515e-05,-0.0,0.07177796,2.5916412,0.45406336,3.1073713,0.821446,1.7022167,1.0,4.1680956,-6.561473,0.37037036,27.483732,0.0,0.0,0.0,1.0,0.0,0,13.033528,8.845168,5.522744,0.0,5.001673,6.799226,4.0153656,0.0,8.439037,0.0
2,91,92.0,10.0,1.0,1.0,73.0,1.0,1.0,1.0,0.99998295,1.0,-0.0,0.0,-1.7021679e-05,-0.0,0.001077354,2.639299,0.47816584,3.1776161,0.7883304,3.2364404,1.0,3.7943146,-6.4080396,0.3888889,27.63615,0.0,0.0,0.0,1.0,0.0,0,11.1580515,8.102311,4.521607,0.0,3.6699452,6.144417,1.8705485,0.0,7.5325522,0.0
3,91,92.0,10.0,1.0,1.0,73.0,1.0,1.0,1.0,0.9999827,1.0,-0.0,0.0,-1.731495e-05,-0.0,0.056819804,2.7337015,0.4790393,3.3642821,0.81267226,3.1334603,1.0,2.7783353,-6.40703,0.38425925,27.37893,0.0,0.0,0.0,1.0,0.0,0,12.038738,8.020308,5.1465364,0.0,4.313029,5.8195496,2.8306081,0.0,7.941011,0.0
0,92,93.0,10.0,1.0,1.0,74.0,1.0,1.0,1.0,0.9999866,1.0,-0.0,0.0,-1.3418869e-05,-0.0,0.22324547,2.6273212,0.4409703,2.784815,0.9293854,1.3151982,1.0,3.5808036,-6.8125668,0.375,27.741123,0.0,0.0,0.0,1.0,0.0,0,11.168731,8.649613,5.317516,0.0,3.2153707,5.740869,3.0420601,0.0,7.4732566,0.0
1,92,93.0,10.0,1.0,1.0,74.0,1.0,1.0,1.0,0.99998695,1.0,-0.0,0.0,-1.3061422e-05,-0.0,0.22442453,2.5989242,0.44494522,3.312934,0.94021827,0.64406717,1.0,4.258874,-6.9032516,0.37037036,28.05005,0.0,0.0,0.0,1.0,0.0,0,12.21464,8.861547,5.30918,0.0,3.4327543,5.866544,3.4662542,0.0,9.360357,0.0
2,92,93.0,10.0,1.0,1.0,74.0,1.0,1.0,1.0,0.9999849,1.0,-0.0,0.0,-1.510464e-05,-0.0,0.15305132,2.6208622,0.47555274,3.5800385,0.92299336,1.6484897,1.0,4.054537,-6.7366285,0.3888889,28.259676,0.0,0.0,0.0,1.0,0.0,0,10.759829,7.8808303,4.271367,0.0,2.6888828,5.536135,1.9819818,0.0,8.075977,0.0
3,92,93.0,10.0,1.0,1.0,74.0,1.0,1.0,1.0,0.99998546,1.0,-0.0,0.0,-1.45298845e-05,-0.0,0.19582622,2.710898,0.48660004,3.4141707,0.9166815,2.027499,1.0,2.9923167,-6.733136,0.38425925,27.919704,0.0,0.0,0.0,1.0,0.0,0,10.494664,7.7330446,5.0246773,0.0,3.7962456,5.3874507,3.3321848,0.0,8.151668,0.0
0,93,94.0,10.0,1.0,1.0,75.0,1.0,1.0,1.0,0.99998343,1.0,-0.0,0.0,-1.6549742e-05,-0.0,0.19797422,2.460133,0.4494297,2.8313663,0.9306846,1.3988314,1.0,3.5260336,-7.368123,0.375,28.234419,0.0,0.0,0.0,1.0,0.0,0,11.484932,8.018753,4.962006,0.0,3.700307,5.880506,3.3619957,0.0,7.7673297,0.0
1,93,94.0,10.0,1.0,1.0,75.0,1.0,1.0,1.0,0.99998313,1.0,-0.0,0.0,-1.6843023e-05,-0.0,0.1798559,2.4376726,0.46107796,3.3763595,0.9491568,0.79524183,1.0,4.1752787,-7.491271,0.37037036,28.533718,0.0,0.0,0.0,1.0,0.0,0,11.807033,8.260353,5.711253,0.0,4.3835616,6.1189165,4.2699924,0.0,10.192662,0.0
2,93,94.0,10.0,1.0,1.0,75.0,1.0,1.0,1.0,0.9999837,1.0,-0.0,0.0,-1.6287033e-05,-0.0,0.13544895,2.4480965,0.48894048,3.6803114,0.9488252,1.4325566,1.0,4.1133265,-7.4462657,0.3888889,28.749174,0.0,0.0,0.0,1.0,0.0,0,11.239519,8.498054,3.6692905,0.0,2.7456775,6.204095,1.9753238,0.0,8.546819,0.0
3,93,94.0,10.0,1.0,1.0,75.0,1.0,1.0,1.0,0.9999831,1.0,-0.0,0.0,-1.6942482e-05,-0.0,0.18165764,2.539155,0.5011244,3.6200488,0.9401109,2.023635,1.0,2.885612,-7.2115865,0.38425925,28.396568,0.0,0.0,0.0,1.0,0.0,0,11.173644,7.5379086,5.7014413,0.0,3.9090817,5.267607,3.6680176,0.0,8.91629,0.0
0,94,95.0,10.0,1.0,1.0,76.0,1.0,1.0,1.0,0.9999874,1.0,-0.0,0.0,-1.2583746e-05,-0.0,0.20228066,2.3892224,0.45979497,2.8572357,0.9602949,1.2169011,1.0,3.5608997,-7.713357,0.375,28.75858,0.0,0.0,0.0,1.0,0.0,0,11.388752,8.504289,4.36112,0.0,3.4828055,5.9615536,3.7383082,0.0,8.361684,0.0
1,94,95.0,10.0,1.0,1.0,76.0,1.0,1.0,1.0,0.999988,1.0,-0.0,0.0,-1.1963797e-05,-0.0,0.1847826,2.3859706,0.45990258,3.4370222,0.9824939,0.95284647,1.0,4.086578,-7.765511,0.37037036,29.082897,0.0,0.0,0.0,1.0,0.0,0,11.313691,8.846171,4.3898993,0.0,3.6641695,6.0104046,4.204989,0.0,10.219647,0.0
2,94,95.0,10.0,1.0,1.0,76.0,1.0,1.0,1.0,0.99998736,1.0,-0.0,0.0,-1.2624688e-05,-0.0,0.16130656,2.4045784,0.505757,3.8698444,0.99946755,0.9445964,1.0,4.08327,-7.7298107,0.3888889,29.279598,0.0,0.0,0.0,1.0,0.0,0,10.940176,7.9483128,3.6796365,0.0,2.3521712,5.70657,2.0654557,0.0,8.848851,0.0
3,94,95.0,10.0,1.0,1.0,76.0,1.0,1.0,1.0,0.9999862,1.0,-0.0,0.0,-1.3846186e-05,-0.0,0.17892626,2.4529529,0.50370085,3.5140514,0.9597632,1.9916656,1.0,2.9655714,-7.6581316,0.38425925,28.915125,0.0,0.0,0.0,1.0,0.0,0,10.690724,7.634071,4.748716,0.0,4.12949,5.1159062,3.752251,0.0,9.079236,0.0
0,95,96.0,10.0,1.0,1.0,77.0,1.0,1.0,1.0,0.9970715,1.0,-0.0,0.0,-1.3634487e-05,-0.002914865,0.25465488,2.3532062,0.46524173,2.9944806,1.0233189,1.1322736,0.0,3.508052,-7.8800244,0.375,29.36356,0.0,0.0,0.0,1.0,0.0,0,10.891833,8.199609,4.352634,0.0,4.2842946,5.780533,3.9770932,0.0,9.747971,0.0
1,95,96.0,10.0,1.0,1.0,77.0,1.0,1.0,1.0,0.9954116,1.0,-0.0,0.0,-1.2844766e-05,-0.004575611,0.23878962,2.3755293,0.46041682,3.5069158,1.0366049,1.2850978,0.0,3.8241813,-7.955906,0.37037036,29.726225,0.0,0.0,0.0,1.0,0.0,0,11.954201,9.043604,3.9091315,0.0,4.200479,6.3386908,4.3529835,0.0,12.0032425,0.0
2,95,96.0,10.0,1.0,1.0,77.0,1.0,1.0,1.0,0.9915216,1.0,-0.0,0.0,-1.2671132e-05,-0.008465722,0.22665486,2.3852298,0.52099323,4.0863113,1.0677258,1.0148971,0.0,4.093425,-7.892728,0.3888889,29.861582,0.0,0.0,0.0,1.0,0.0,0,10.774556,7.8471336,3.8960533,0.0,2.5213974,5.7482653,2.0863776,0.0,9.113698,0.0
3,95,96.0,10.0,1.0,1.0,77.0,1.0,1.0,1.0,0.99952275,1.0,-0.0,0.0,-1.4165072e-05,-0.0004630885,0.20619184,2.3865395,0.5182714,3.7295427,1.0037047,1.8379683,0.0,3.1085386,-7.813491,0.38425925,29.542095,0.0,0.0,0.0,1.0,0.0,0,9.801987,7.17931,3.718171,0.0,3.6248324,5.4240627,3.355902,0.0,8.633147,0.0
0,96,97.0,10.0,1.0,1.0,78.0,1.0,1.0,1.0,0.99043304,1.0,-0.0,0.0,-1.2461969e-05,-0.009554496,0.29615387,2.3008325,0.48699012,3.2650955,1.0764359,1.3671381,0.0,3.7026916,-8.053533,0.375,29.989832,0.0,0.0,0.0,1.0,0.0,0,10.655684,8.226197,3.5676842,0.0,4.125671,6.1365705,4.0610228,0.0,9.884621,0.0
1,96,97.0,10.0,1.0,1.0,78.0,1.0,1.0,1.0,0.98906213,1.0,-0.0,0.0,-1.2210234e-05,-0.010925648,0.290161,2.3295624,0.4742972,3.718191,1.0874052,1.7118458,0.0,3.8080692,-8.058281,0.37037036,30.3368,0.0,0.0,0.0,1.0,0.0,0,12.034331,8.973648,3.9461238,0.0,4.0083547,6.899559,4.6212497,0.0,11.855242,0.0
2,96,97.0,10.0,1.0,1.0,78.0,1.0,1.0,1.0,0.98566955,1.0,-0.0,0.0,-1.136793e-05,-0.014319038,0.2630282,2.3384373,0.5388011,4.368893,1.1145523,1.5179754,0.0,4.228506,-8.03049,0.3888889,30.489609,0.0,0.0,0.0,1.0,0.0,0,10.687567,7.9607077,3.6249206,0.0,3.5414295,5.9373364,2.1933312,0.0,9.151861,0.0
3,96,97.0,10.0,1.0,1.0,78.0,1.0,1.0,1.0,0.9933907,1.0,-0.0,0.0,-1.2443432e-05,-0.0065968605,0.25929436,2.3475533,0.5296119,3.9744318,1.0527749,1.8285756,0.0,3.3133981,-8.001317,0.38425925,30.167494,0.0,0.0,0.0,1.0,0.0,0,9.980453,7.257487,3.2167203,0.0,3.1272511,5.175885,2.333068,0.0,8.290013,0.0
0,97,98.0,10.0,1.0,1.0,79.0,1.0,1.0,1.0,0.9873968,1.0,-0.0,0.0,-1.0279117e-05,-0.012592995,0.4125204,2.2698696,0.49714345,3.4061363,1.1007439,1.5983477,0.0,3.6795623,-7.7486925,0.375,30.582369,0.0,0.0,0.0,1.0,0.0,0,10.792013,8.111599,4.1649094,0.0,3.937546,6.1181,3.8158593,0.0,10.064726,0.0
1,97,98.0,10.0,1.0,1.0,79.0,1.0,1.0,1.0,0.99069005,1.0,-0.0,0.0,-1.0086336e-05,-0.00929985,0.3919456,2.3252394,0.4689181,3.5686502,1.0743988,1.6622021,0.0,3.6716251,-7.737438,0.37037036,30.916553,0.0,0.0,0.0,1.0,0.0,0,11.41879,8.674412,3.8830733,0.0,3.8847568,6.836607,4.731876,0.0,11.661319,0.0
2,97,98.0,10.0,1.0,1.0,79.0,1.0,1.0,1.0,0.98544186,1.0,-0.0,0.0,-1.05069175e-05,-0.01454762,0.36083275,2.3426187,0.54330856,4.4042306,1.1163809,1.8616638,0.0,4.2726474,-7.6917343,0.3888889,31.092808,0.0,0.0,0.0,1.0,0.0,0,10.054387,7.514073,2.9103818,0.0,3.1059556,5.964965,1.9539009,0.0,8.388655,0.0
3,97,98.0,10.0,1.0,1.0,79.0,1.0,1.0,1.0,0.9908312,1.0,-0.0,0.0,-1.0214371e-05,-0.009158637,0.38843715,2.322052,0.5332483,4.1000814,1.0732691,1.9893061,0.0,3.4264553,-7.6879506,0.38425925,30.753084,0.0,0.0,0.0,1.0,0.0,0,10.881187,7.8212314,3.7229888,0.0,3.3899462,5.6552362,2.4700742,0.0,8.715168,0.0
0,98,99.0,10.0,1.0,1.0,80.0,1.0,1.0,1.0,0.99490726,1.0,-0.0,0.0,-1.0791677e-05,-0.0050819363,0.46808982,2.2533944,0.49948874,3.4619846,1.0406555,1.5993268,0.0,3.8151586,-7.715227,0.375,31.215036,0.0,0.0,0.0,1.0,0.0,0,10.393711,7.90584,3.7549078,0.0,4.035426,6.4998937,2.5178766,0.0,9.054427,0.0
1,98,99.0,10.0,1.0,1.0,80.0,1.0,1.0,1.0,0.9992053,1.0,-0.0,0.0,-1.0132584e-05,-0.0007845578,0.45422202,2.321643,0.47387794,3.6276093,1.0062765,1.4352859,0.0,3.7214699,-7.5690336,0.37037036,31.53021,0.0,0.0,0.0,1.0,0.0,0,11.763121,8.556805,4.792998,0.0,4.616407,7.272764,4.8938246,0.0,12.292434,0.0
2,98,99.0,10.0,1.0,1.0,80.0,1.0,1.0,1.0,0.99543464,1.0,-0.0,0.0,-9.88546e-06,-0.004555483,0.44848657,2.344035,0.54235125,4.4496794,1.0364438,1.8178428,0.0,4.3289337,-7.29361,0.3888889,31.711018,0.0,0.0,0.0,1.0,0.0,0,10.065333,7.72586,2.7432919,0.0,2.9344742,6.0581136,1.5779207,0.0,8.018199,0.0
3,98,99.0,10.0,1.0,1.0,80.0,1.0,1.0,1.0,0.99717915,1.0,-0.0,0.0,-9.845982e-06,-0.0028110226,0.45395717,2.2863827,0.54633015,4.312623,1.0224881,2.1021764,0.0,3.6247163,-7.5907035,0.38425925,31.366474,0.0,0.0,0.0,1.0,0.0,0,10.111299,7.3017483,3.4368756,0.0,3.3367333,5.646096,2.1008945,0.0,8.235548,0.22928134
0,99,100.0,10.0,1.0,1.0,81.0,1.0,1.0,1.0,0.9999908,1.0,-0.0,0.0,-9.205578e-06,-0.0,0.5526397,2.1801808,0.4812581,3.1948135,0.952766,2.0405827,1.0,3.8975208,-6.9186854,0.375,31.774536,0.0,0.0,0.0,1.0,0.0,0,10.351191,8.070076,2.6834643,0.0,2.8966124,6.4367185,2.4965613,0.0,8.935939,0.0
1,99,100.0,10.0,1.0,1.0,81.0,1.0,1.0,1.0,0.99998987,1.0,-0.0,0.0,-1.0161748e-05,-0.0,0.52633953,2.281804,0.46275547,3.3211937,0.9368329,1.5656941,1.0,4.0827904,-7.2248673,0.37037036,32.105114,0.0,0.0,0.0,1.0,0.0,0,10.574675,7.838978,2.814806,0.0,3.3388338,5.8838034,3.9748402,0.0,10.07937,0.6228231
2,99,100.0,10.0,1.0,1.0,81.0,1.0,1.0,1.0,0.99999046,1.0,-0.0,0.0,-9.558683e-06,-0.0,0.5449649,2.215781,0.53369266,4.2024817,0.94526976,2.075949,1.0,4.3384695,-6.606497,0.3888889,32.206703,0.0,0.0,0.0,1.0,0.0,0,10.366404,7.9064016,2.9524763,0.0,3.0529678,6.094105,1.6234925,0.0,8.018263,0.0
3,99,100.0,10.0,1.0,1.0,81.0,1.0,1.0,1.0,0.99999034,1.0,-0.0,0.0,-9.680706e-06,-0.0,0.526781,2.226328,0.53204685,4.252297,0.9509,2.5141983,1.0,3.8463402,-6.7881365,0.38425925,31.974236,0.0,0.0,0.0,1.0,0.0,0,10.25983,7.4102135,3.4125993,0.0,3.0148282,5.87336,2.3773615,0.0,8.708327,0.27056545
0,100,101.0,10.0,1.0,1.0,82.0,1.0,1.0,1.0,0.99998987,1.0,-0.0,0.0,-1.0121698e-05,-0.0,0.69485193,1.9746052,0.51653975,3.033696,0.93069077,2.3117816,1.0,3.984182,-6.212508,0.375,32.030537,0.0,0.0,0.0,1.0,0.0,0,11.631072,8.150339,2.1573532,0.0,3.8096228,5.5303435,2.6316576,0.0,8.669812,0.0
1,100,101.0,10.0,1.0,1.0,82.0,1.0,1.0,1.0,0.9999914,1.0,-0.0,0.0,-8.576237e-06,-0.0,0.60688925,2.3115077,0.4433233,3.2954025,0.89532167,1.8809044,1.0,4.170961,-6.162377,0.37037036,32.680176,0.0,0.0,0.0,1.0,0.0,0,10.413694,8.050211,2.6448793,0.0,3.3175905,5.9650273,4.1041164,0.0,9.820858,0.46392342
2,100,101.0,10.0,1.0,1.0,82.0,1.0,1.0,1.0,0.99999064,1.0,-0.0,0.0,-9.382369e-06,-0.0,0.6843615,2.0277147,0.5783834,4.1343074,0.88661027,2.4594305,1.0,4.3941817,-5.760869,0.3888889,32.448666,0.0,0.0,0.0,1.0,0.0,0,10.638141,8.006938,2.3963616,0.0,3.589078,5.4115524,1.6600835,0.0,7.4343786,0.51899916
3,100,101.0,10.0,1.0,1.0,82.0,1.0,1.0,1.0,0.9999911,1.0,-0.0,0.0,-8.864969e-06,-0.0,0.62183964,2.2352605,0.5181263,4.2155013,0.9204374,2.807769,1.0,3.9956667,-5.6780224,0.38425925,32.52578,0.0,0.0,0.0,1.0,0.0,0,10.3532715,7.6039867,3.3089433,0.0,2.609657,5.9426208,2.2663293,0.0,8.216813,0.27595007
0,101,102.0,10.0,1.0,1.0,83.0,1.0,1.0,1.0,0.9999891,1.0,-0.0,0.0,-1.0905484e-05,-0.0,0.7567212,2.1178174,0.48907804,2.923585,0.90654147,2.6564972,1.0,4.015028,-4.836321,0.375,32.63004,0.0,0.0,0.0,1.0,0.0,0,10.51203,8.277556,2.4071229,0.0,3.331884,5.8714056,2.4483588,0.0,8.372716,0.010532535
1,101,102.0,10.0,1.0,1.0,83.0,1.0,1.0,1.0,0.99999046,1.0,-0.0,0.0,-9.518848e-06,-0.0,0.6983515,2.3795238,0.4301752,3.3399959,0.90247166,1.8388197,1.0,4.172886,-5.289739,0.37037036,33.213432,0.0,0.0,0.0,1.0,0.0,0,10.772627,8.045371,2.408199,0.0,3.6932251,6.0290146,4.1890674,0.0,9.831312,0.53218555
2,101,102.0,10.0,1.0,1.0,83.0,1.0,1.0,1.0,0.99999094,1.0,-0.0,0.0,-9.062947e-06,-0.0,0.73170847,2.1640835,0.54310566,3.9300628,0.85101247,2.8266628,1.0,4.3968554,-4.550742,0.3888889,33.051155,0.0,0.0,0.0,1.0,0.0,0,10.611896,8.113481,2.6712105,0.0,3.1026495,5.427459,1.8409147,0.0,7.1011453,0.88178366
3,101,102.0,10.0,1.0,1.0,83.0,1.0,1.0,1.0,0.99999094,1.0,-0.0,0.0,-9.049043e-06,-0.0,0.71622545,2.29507,0.5074298,4.1369576,0.9168653,2.930004,1.0,4.0157595,-4.663838,0.38425925,33.04721,0.0,0.0,0.0,1.0,0.0,0,9.404818,7.6195035,2.7494888,0.0,2.686484,5.9102077,2.2406478,0.0,7.9166474,0.4796732
0,102,103.0,10.0,1.0,1.0,84.0,1.0,1.0,1.0,0.99998933,1.0,-0.0,0.0,-1.0687263e-05,-0.0,0.75724757,2.1886482,0.45839265,2.4721282,0.839317,3.2660546,1.0,4.001495,-4.054377,0.375,33.07593,0.0,0.0,0.0,1.0,0.0,0,10.350741,7.974605,2.5565383,0.0,3.2197242,5.9871273,2.186222,0.0,7.8953476,0.6960833
1,102,103.0,10.0,1.0,1.0,84.0,1.0,1.0,1.0,0.99998784,1.0,-0.0,0.0,-1.2165888e-05,-0.0,0.67733264,2.438588,0.4098997,3.2794485,0.90456176,1.8616638,1.0,4.252937,-5.690651,0.37037036,33.660976,0.0,0.0,0.0,1.0,0.0,0,10.909476,8.125583,2.6578436,0.0,3.1508174,6.1146894,4.5633225,0.0,10.136874,0.5627508
2,102,103.0,10.0,1.0,1.0,84.0,1.0,1.0,1.0,0.999991,1.0,-0.0,0.0,-8.995013e-06,-0.0,0.73691833,2.221016,0.5177056,3.5428925,0.8075022,3.3072584,1.0,4.3923984,-4.0563903,0.3888889,33.509243,0.0,0.0,0.0,1.0,0.0,0,10.624372,7.725497,2.82073,0.0,3.1413276,5.708171,1.5783292,0.0,7.021645,0.98344755
3,102,103.0,10.0,1.0,1.0,84.0,1.0,1.0,1.0,0.9999893,1.0,-0.0,0.0,-1.071991e-05,-0.0,0.71394145,2.3379667,0.49163374,4.135633,0.9269337,2.9605675,1.0,4.2413163,-4.9183464,0.38425925,33.484085,0.0,0.0,0.0,1.0,0.0,0,9.181921,7.19157,2.8803246,0.0,2.565594,5.64378,2.1349132,0.0,7.515748,0.6096018
0,103,104.0,10.0,1.0,1.0,85.0,1.0,1.0,1.0,0.99998933,1.0,-0.0,0.0,-1.0651886e-05,-0.0,0.69976485,2.2599626,0.43326664,2.2170691,0.83185184,3.4917042,1.0,4.1080384,-4.553402,0.375,33.45092,0.0,0.0,0.0,1.0,0.0,0,10.469341,7.9462895,2.7599401,0.0,2.9865623,5.9616957,2.2337532,0.0,7.359537,0.7460917
1,103,104.0,10.0,1.0,1.0,85.0,1.0,1.0,1.0,0.9999863,1.0,-0.0,0.0,-1.3730837e-05,-0.0,0.6532736,2.5072627,0.390586,3.158095,0.90337396,1.9695349,1.0,4.2779155,-5.9941897,0.37037036,34.024284,0.0,0.0,0.0,1.0,0.0,0,10.986391,7.8476253,2.7398822,0.0,2.7395136,6.007804,4.468825,0.0,9.842472,0.5216699
2,103,104.0,10.0,1.0,1.0,85.0,1.0,1.0,1.0,0.9999904,1.0,-0.0,0.0,-9.574638e-06,-0.0,0.6914657,2.280483,0.49591312,3.2463417,0.81164885,3.496633,1.0,4.404822,-4.447082,0.3888889,33.8836,0.0,0.0,0.0,1.0,0.0,0,10.509942,7.5078506,2.7976966,0.0,2.8751984,5.5873613,1.6676699,0.0,6.620919,0.6970627
3,103,104.0,10.0,1.0,1.0,85.0,1.0,1.0,1.0,0.9999882,1.0,-0.0,0.0,-1.1827762e-05,-0.0,0.682909,2.3868454,0.47011814,4.0497484,0.94072735,3.0059605,1.0,4.432924,-5.4640136,0.38425925,33.827484,0.0,0.0,0.0,1.0,0.0,0,8.917426,6.932425,2.7443423,0.0,2.3893821,5.4840603,2.00732,0.0,7.3214645,0.52401567
0,104,105.0,10.0,1.0,1.0,86.0,1.0,1.0,1.0,0.99998796,1.0,-0.0,0.0,-1.2058207e-05,-0.0,0.7211275,2.2563424,0.41602173,1.8950005,0.8339591,3.495961,1.0,3.9850173,-4.695991,0.375,33.55026,0.0,0.0,0.0,1.0,0.0,0,10.051024,7.712037,2.547472,0.0,2.8830914,5.748244,2.0595112,0.0,7.2183914,0.40937272
1,104,105.0,10.0,1.0,1.0,86.0,1.0,1.0,1.0,0.99998707,1.0,-0.0,0.0,-1.2913972e-05,-0.0,0.66813755,2.4615643,0.3741758,2.9910805,0.8993392,2.0352054,1.0,4.1789827,-6.054077,0.37037036,34.09647,0.0,0.0,0.0,1.0,0.0,0,11.073158,7.527932,3.0290327,0.0,2.9485152,5.44711,4.1027203,0.0,9.719438,0.39024064
2,104,105.0,10.0,1.0,1.0,86.0,1.0,1.0,1.0,0.9999893,1.0,-0.0,0.0,-1.0747799e-05,-0.0,0.70023423,2.259891,0.48293015,2.8629832,0.81231415,3.5435553,1.0,4.298058,-4.5931654,0.3888889,33.96911,0.0,0.0,0.0,1.0,0.0,0,10.71373,7.311968,2.8469274,0.0,3.0435605,5.2459297,1.594579,0.38802218,6.451025,0.17429383
3,104,105.0,10.0,1.0,1.0,86.0,1.0,1.0,1.0,0.9999883,1.0,-0.0,0.0,-1.1679422e-05,-0.0,0.705215,2.341995,0.4474726,3.9132948,0.9548487,3.056574,1.0,4.4322166,-5.5772905,0.38425925,33.89994,0.0,0.0,0.0,1.0,0.0,0,9.344511,6.8791285,3.0090973,0.0,2.7777793,5.4996133,1.8223624,0.0,6.891121,0.4857257
0,105,106.0,10.0,1.0,1.0,87.0,1.0,1.0,1.0,0.99998724,1.0,-0.0,0.0,-1.2784741e-05,-0.0,0.61792433,2.5304668,0.40844506,1.9567761,0.78909004,3.964176,1.0,3.9093602,-4.935069,0.375,33.893555,0.0,0.0,0.0,1.0,0.0,0,9.413828,7.1993256,3.676983,0.0,3.112075,6.021695,2.2439337,0.0,7.2192607,0.7818257
1,105,106.0,10.0,1.0,1.0,87.0,1.0,1.0,1.0,0.99998647,1.0,-0.0,0.0,-1.3520548e-05,-0.0,0.5818572,2.7464836,0.371746,3.0841084,0.876969,2.3326793,1.0,4.059026,-6.2247553,0.37037036,34.432526,0.0,0.0,0.0,1.0,0.0,0,10.624625,7.213678,3.5541677,0.0,2.685955,5.8461328,4.2285867,0.0,9.41776,0.49785894
2,105,106.0,10.0,1.0,1.0,87.0,1.0,1.0,1.0,0.99998754,1.0,-0.0,0.0,-1.248199e-05,-0.0,0.6090123,2.5269916,0.47829035,2.940937,0.7906717,3.8258998,1.0,4.218444,-4.9329085,0.3888889,34.313168,0.0,0.0,0.0,1.0,0.0,0,10.225156,6.9150014,3.6584845,0.0,2.8832119,5.062441,1.5906267,0.0,6.628327,0.0
3,105,106.0,10.0,1.0,1.0,87.0,1.0,1.0,1.0,0.99998736,1.0,-0.0,0.0,-1.2615576e-05,-0.0,0.6231282,2.6017492,0.45132148,4.0315366,0.93578875,3.2970648,1.0,4.422484,-5.776884,0.38425925,34.214474,0.0,0.0,0.0,1.0,0.0,0,8.995589,6.359865,3.097702,0.0,2.7642212,5.5311065,2.1176932,0.0,6.845149,0.87360466
0,106,107.0,10.0,1.0,1.0,88.0,1.0,1.0,1.0,0.9999865,1.0,-0.0,0.0,-1.34606435e-05,-0.0,0.6955378,2.7943923,0.40028286,1.8708905,0.8045952,3.8843822,1.0,4.0275927,-5.131705,0.375,33.997314,0.0,0.0,0.0,1.0,0.0,0,9.881706,6.8968644,3.503169,0.0,2.7993379,5.636661,1.7525768,0.92406124,6.8067813,0.7969672
1,106,107.0,10.0,1.0,1.0,88.0,1.0,1.0,1.0,0.9999863,1.0,-0.0,0.0,-1.3719265e-05,-0.0,0.6638896,2.9816601,0.36363417,3.0790281,0.8870901,2.3580434,1.0,4.172886,-6.45989,0.37037036,34.516014,0.0,0.0,0.0,1.0,0.0,0,11.031099,6.9210124,3.5100358,0.0,2.7139623,5.2494864,3.853396,0.0,9.364616,0.5251145
2,106,107.0,10.0,1.0,1.0,88.0,1.0,1.0,1.0,0.9999877,1.0,-0.0,0.0,-1.2297187e-05,-0.0,0.6836802,2.7645488,0.4663074,2.707571,0.8060748,3.7554793,1.0,4.2616777,-5.108068,0.3888889,34.38811,0.0,0.0,0.0,1.0,0.0,0,10.436373,6.7876077,2.8559248,0.0,3.1779041,4.852603,1.4016243,0.8978641,6.268481,0.0
3,106,107.0,10.0,1.0,1.0,88.0,1.0,1.0,1.0,0.99998814,1.0,-0.0,0.0,-1.1849599e-05,-0.0,0.71444625,2.8457305,0.43358478,3.9683204,0.95104605,3.3432755,1.0,4.5611086,-6.0924644,0.38425925,34.307003,0.0,0.0,0.0,1.0,0.0,0,9.139928,6.258447,3.4278026,0.0,2.8825765,5.350162,1.7642056,0.0,6.3722076,0.6442025
0,107,108.0,10.0,1.0,1.0,89.0,1.0,1.0,1.0,0.99986076,1.0,-0.0,0.0,-1.4527911e-05,-0.0001246723,0.625493,2.6445682,0.4115656,1.7520669,0.66773975,5.00748,0.0,3.9284983,-4.5845637,0.375,34.459175,0.0,0.0,0.0,1.0,0.0,0,11.236333,6.135189,4.464211,0.0,5.0413766,5.931213,1.7453518,0.12951027,6.133809,0.0
1,107,108.0,10.0,1.0,1.0,89.0,1.0,1.0,1.0,0.9999864,1.0,-0.0,0.0,-1.3616207e-05,-0.0,0.60005486,2.8619213,0.36213583,2.8283238,0.74875796,3.4013069,1.0,4.0328403,-5.4184494,0.37037036,34.943222,0.0,0.0,0.0,1.0,0.0,0,11.978569,5.995539,4.4469194,0.0,4.933602,5.632039,3.5621586,0.0,9.115853,0.6497564
2,107,108.0,10.0,1.0,1.0,89.0,1.0,1.0,1.0,0.9999861,1.0,-0.0,0.0,-1.3864796e-05,-0.0,0.62205565,2.640396,0.48571205,2.826386,0.69906694,4.584348,1.0,4.173355,-4.5862813,0.3888889,34.833714,0.0,0.0,0.0,1.0,0.0,0,10.82567,6.0649633,2.9628327,0.0,5.3089743,5.8227224,1.2644255,0.10991444,5.3070226,0.0
3,107,108.0,10.0,1.0,1.0,89.0,1.0,1.0,1.0,0.99998665,1.0,-0.0,0.0,-1.3350025e-05,-0.0,0.6794978,2.6987658,0.44638446,4.024345,0.8383195,3.8857923,1.0,4.526363,-5.164295,0.38425925,34.78611,0.0,0.0,0.0,1.0,0.0,0,9.93914,5.0503645,3.9886527,0.0,4.245692,5.6994786,1.6828082,0.0,6.3615494,1.227575
0,108,109.0,10.0,1.0,1.0,90.0,1.0,1.0,1.0,0.99878854,1.0,-0.0,0.0,-1.4852294e-05,-0.0011966277,0.6741006,2.8470137,0.40229368,1.9904863,0.6553142,5.0717974,0.0,3.9610138,-4.4142046,0.375,34.574284,0.0,0.0,0.0,1.0,0.0,0,10.67562,6.208482,4.1492376,0.0,4.144224,5.1791167,1.4393708,0.53002954,6.1499324,0.0
1,108,109.0,10.0,1.0,1.0,90.0,1.0,1.0,1.0,0.9999855,1.0,-0.0,0.0,-1.448857e-05,-0.0,0.64704347,3.0573645,0.35793868,3.0228395,0.7122063,3.6653917,1.0,4.0856194,-5.1981287,0.37037036,35.073067,0.0,0.0,0.0,1.0,0.0,0,11.382758,5.996162,4.5530066,0.0,3.2265673,5.0091805,3.566139,0.0,9.798985,0.6646552
2,108,109.0,10.0,1.0,1.0,90.0,1.0,1.0,1.0,0.99998796,1.0,-0.0,0.0,-1.2032362e-05,-0.0,0.67301023,2.8232567,0.47396097,2.904244,0.6787969,4.7276106,1.0,4.142552,-4.422825,0.3888889,34.96879,0.0,0.0,0.0,1.0,0.0,0,11.128299,5.730707,4.2660933,0.0,4.7183366,4.838251,1.1972337,0.46515286,5.549625,0.0
3,108,109.0,10.0,1.0,1.0,90.0,1.0,1.0,1.0,0.99998593,1.0,-0.0,0.0,-1.4074097e-05,-0.0,0.74483824,2.892036,0.45265085,4.1543303,0.8211918,3.9625955,1.0,4.5669885,-4.913127,0.38425925,34.920467,0.0,0.0,0.0,1.0,0.0,0,9.575923,5.08441,4.2906237,0.0,3.8619065,5.0582037,1.4373876,0.08312581,6.2463794,0.54704696
0,109,110.0,10.0,1.0,1.0,91.0,1.0,1.0,1.0,0.9891258,1.0,-0.0,0.0,-1.5175204e-05,-0.010858998,0.6647196,2.9053478,0.40902114,2.1832721,0.5896216,5.6515393,0.0,3.98428,-4.0932446,0.375,34.89223,0.0,0.0,0.0,1.0,0.0,0,11.305158,5.4946523,4.6555204,0.0,5.743709,5.2530494,1.2975745,0.0887002,5.8631353,0.0
1,109,110.0,10.0,1.0,1.0,91.0,1.0,1.0,1.0,0.99998534,1.0,-0.0,0.0,-1.4646422e-05,-0.0,0.6370425,3.129526,0.35867548,3.0403972,0.62531006,4.532999,1.0,4.1439695,-4.7356596,0.37037036,35.379223,0.0,0.0,0.0,1.0,0.0,0,11.581045,5.432193,4.2248015,0.0,3.696613,5.1092114,3.6059844,0.0,9.9858055,0.60348284
2,109,110.0,10.0,1.0,1.0,91.0,1.0,1.0,1.0,0.99063504,1.0,-0.0,0.0,-1.4295143e-05,-0.009350629,0.66329014,2.889899,0.47592652,2.9616249,0.5903872,5.561037,0.0,4.183058,-4.1219034,0.3888889,35.28725,0.0,0.0,0.0,1.0,0.0,0,11.438657,5.355614,4.7253985,0.0,5.364216,4.48851,1.0765126,0.12805365,5.206403,0.0
3,109,110.0,10.0,1.0,1.0,91.0,1.0,1.0,1.0,0.9999854,1.0,-0.0,0.0,-1.4624526e-05,-0.0,0.7545564,2.9425547,0.46702415,4.205461,0.7717885,4.1920366,1.0,4.571704,-4.4940243,0.38425925,35.248695,0.0,0.0,0.0,1.0,0.0,0,10.1692505,6.468145,3.4603822,0.0,5.288966,4.8431993,0.8692879,0.030271918,5.9235325,0.0
0,110,111.0,10.0,1.0,1.0,92.0,1.0,1.0,1.0,0.9999856,1.0,-0.0,0.0,-1.4446935e-05,-0.0,0.7879805,2.96418,0.3941759,1.9192154,0.6988166,4.546278,1.0,4.070781,-4.519241,0.375,35.34503,0.0,0.0,0.0,1.0,0.0,0,10.925608,6.567203,3.4252877,0.0,2.7767084,4.761838,1.3420612,1.1399256,6.3220825,0.39919555
1,110,111.0,10.0,1.0,1.0,92.0,1.0,1.0,1.0,0.9999847,1.0,-0.0,0.0,-1.5289826e-05,-0.0,0.81503916,3.191705,0.33768812,2.8706284,0.6865376,3.725132,1.0,4.12934,-4.4623036,0.37037036,35.838783,0.0,0.0,0.0,1.0,0.0,0,9.455006,6.1640162,4.4299088,0.0,0.9310585,4.6136446,3.1355188,0.0,9.530884,0.6765671
2,110,111.0,10.0,1.0,1.0,92.0,1.0,1.0,1.0,0.9999848,1.0,-0.0,0.0,-1.5228322e-05,-0.0,0.7662535,2.9417782,0.4420433,2.3778768,0.69048625,4.657371,1.0,4.296235,-4.46935,0.3888889,35.726555,0.0,0.0,0.0,1.0,0.0,0,10.885601,5.997825,2.9708092,0.0,1.9878229,3.7005398,1.2252278,0.8908043,5.4297967,0.0
3,110,111.0,10.0,1.0,1.0,92.0,1.0,1.0,1.0,0.99998355,1.0,-0.0,0.0,-1.6428205e-05,-0.0,0.8765459,3.0046215,0.39667925,3.6022727,0.8330618,3.794259,1.0,4.434337,-4.690796,0.38425925,35.72106,0.0,0.0,0.0,1.0,0.0,0,8.207499,5.7552733,3.9542544,0.0,1.9999478,4.3508463,1.1997112,1.3166163,5.837994,1.4272506
0,111,112.0,10.0,1.0,1.0,93.0,1.0,1.0,1.0,0.99998295,1.0,-0.0,0.0,-1.7074752e-05,-0.0,0.6550599,3.0136034,0.4001764,1.8096434,0.70617414,4.428339,1.0,4.215286,-5.2888317,0.375,35.80361,0.0,0.0,0.0,1.0,0.0,0,10.04266,5.273039,3.6806128,0.0,4.8073754,4.9036345,1.530207,0.4177955,5.5452695,0.6369557
1,111,112.0,10.0,1.0,1.0,93.0,1.0,1.0,1.0,0.999983,1.0,-0.0,0.0,-1.7004984e-05,-0.0,0.6761931,3.233038,0.34555873,2.7058358,0.70063484,3.4624367,1.0,4.245609,-5.894404,0.37037036,36.310886,0.0,0.0,0.0,1.0,0.0,0,11.658301,5.604132,4.206643,0.0,4.8030543,4.871283,3.351655,0.0,9.277712,0.91478276
2,111,112.0,10.0,1.0,1.0,93.0,1.0,1.0,1.0,0.9999828,1.0,-0.0,0.0,-1.7253904e-05,-0.0,0.6244544,3.0175111,0.43907762,2.1376224,0.74808323,4.034254,1.0,4.3514967,-5.7311907,0.3888889,36.162395,0.0,0.0,0.0,1.0,0.0,0,9.497884,5.8697886,4.9342227,0.0,5.1644034,4.6037645,0.89178056,0.17293034,5.677601,0.0
3,111,112.0,10.0,1.0,1.0,93.0,1.0,1.0,1.0,0.99998343,1.0,-0.0,0.0,-1.6591666e-05,-0.0,0.7113997,3.035175,0.37838557,3.4141707,0.8364303,3.7644322,1.0,4.716588,-5.801487,0.38425925,36.201157,0.0,0.0,0.0,1.0,0.0,0,9.282491,5.060876,3.6078353,0.0,3.237243,4.8652463,1.1657246,0.35448837,5.587961,1.332046
0,112,113.0,10.0,1.0,1.0,94.0,1.0,1.0,1.0,0.9999849,1.0,-0.0,0.0,-1.5053842e-05,-0.0,0.6417893,3.2084818,0.41035527,2.0077138,0.750684,4.0582447,1.0,4.3915067,-5.0303574,0.375,36.223705,0.0,0.0,0.0,1.0,0.0,0,8.229423,6.2591867,3.1209476,0.0,1.8727225,4.2107253,1.5296495,1.0418028,5.673926,1.0823424
1,112,113.0,10.0,1.0,1.0,94.0,1.0,1.0,1.0,0.99998116,1.0,-0.0,0.0,-1.8862951e-05,-0.0,0.6101325,3.4175117,0.35564756,2.8158422,0.7567561,3.071137,1.0,4.3562202,-6.2154403,0.37037036,36.742764,0.0,0.0,0.0,1.0,0.0,0,9.528689,5.9963493,3.8540616,0.0,1.4868217,4.6540747,2.981009,0.0,9.116748,0.6703017
2,112,113.0,10.0,1.0,1.0,94.0,1.0,1.0,1.0,0.9999839,1.0,-0.0,0.0,-1.6094999e-05,-0.0,0.56905633,3.1518464,0.43098354,1.9900929,0.8313029,3.2211668,1.0,4.615497,-5.971046,0.3888889,36.62713,0.0,0.0,0.0,1.0,0.0,0,9.199528,5.899308,3.3628638,0.0,1.894144,4.305037,1.0575408,1.151104,5.200013,0.6560531
3,112,113.0,10.0,1.0,1.0,94.0,1.0,1.0,1.0,0.99998397,1.0,-0.0,0.0,-1.6050997e-05,-0.0,0.6942421,3.232414,0.36150774,3.2787328,0.8659964,3.6739252,1.0,4.9073606,-5.261521,0.38425925,36.640697,0.0,0.0,0.0,1.0,0.0,0,7.8926196,5.7363477,3.5189166,0.0,2.1058238,4.3076673,1.2602428,1.2280713,5.8177443,1.2349995
0,113,114.0,10.0,1.0,1.0,95.0,1.0,1.0,1.0,0.99998444,1.0,-0.0,0.0,-1.5559108e-05,-0.0,0.51474905,3.3695672,0.42609134,2.068016,0.78177273,3.7360437,1.0,4.48716,-5.5194263,0.375,36.646996,0.0,0.0,0.0,1.0,0.0,0,8.388739,5.9291763,4.159428,0.0,1.8539978,4.3291907,1.579964,1.3000274,5.172836,0.9915255
1,113,114.0,10.0,1.0,1.0,95.0,1.0,1.0,1.0,0.9999844,1.0,-0.0,0.0,-1.5622114e-05,-0.0,0.49806052,3.5742593,0.3523702,2.8635297,0.82525676,2.7245743,1.0,4.3124337,-6.7736106,0.37037036,37.159573,0.0,0.0,0.0,1.0,0.0,0,8.269283,5.235114,4.205416,0.0,1.5691341,4.39395,2.6403184,0.0,8.222734,0.8212754
2,113,114.0,10.0,1.0,1.0,95.0,1.0,1.0,1.0,0.9999836,1.0,-0.0,0.0,-1.6369746e-05,-0.0,0.45580083,3.3465896,0.4272384,1.8900373,0.87494767,2.9425335,1.0,4.636246,-6.285257,0.3888889,37.02068,0.0,0.0,0.0,1.0,0.0,0,7.997984,5.803733,4.040947,0.0,1.8842498,4.0894446,1.1354035,1.3472533,5.111955,0.79488665
3,113,114.0,10.0,1.0,1.0,95.0,1.0,1.0,1.0,0.9999841,1.0,-0.0,0.0,-1.5940495e-05,-0.0,0.633011,3.3882003,0.35348785,3.1788478,0.88522273,3.5627224,1.0,4.8912854,-4.7954164,0.38425925,37.066505,0.0,0.0,0.0,1.0,0.0,0,7.768694,5.378964,4.220434,0.0,2.1370752,4.268804,1.4636234,1.4914943,5.1292458,1.1714147
0,114,115.0,10.0,1.0,1.0,96.0,1.0,1.0,1.0,0.999982,1.0,-0.0,0.0,-1.7991708e-05,-0.0,0.38834995,3.5540721,0.44619074,2.3782058,0.8059073,3.591173,1.0,4.6409764,-6.6256766,0.375,37.17432,0.0,0.0,0.0,1.0,0.0,0,7.98912,5.674429,3.5406399,0.0,2.0890682,4.196406,1.459348,1.2141621,5.0661287,1.0542587
1,114,115.0,10.0,1.0,1.0,96.0,1.0,1.0,1.0,0.9999819,1.0,-0.0,0.0,-1.8094071e-05,-0.0,0.40807015,3.770746,0.36301592,3.2383747,0.8678125,2.6887138,1.0,4.4222183,-7.458859,0.37037036,37.65908,0.0,0.0,0.0,1.0,0.0,0,8.52428,5.113503,3.7161694,0.0,1.8194678,4.17211,2.2698972,0.031932592,8.052998,0.67766654
2,114,115.0,10.0,1.0,1.0,96.0,1.0,1.0,1.0,0.99998194,1.0,-0.0,0.0,-1.8060924e-05,-0.0,0.35212636,3.5190253,0.41847137,2.0725527,0.9033298,2.8208416,1.0,4.7661676,-6.9235835,0.3888889,37.502186,0.0,0.0,0.0,1.0,0.0,0,8.107703,5.5699472,3.9280577,0.0,1.56993,4.173936,1.3313394,1.3781323,4.669899,1.0135391
3,114,115.0,10.0,1.0,1.0,96.0,1.0,1.0,1.0,0.99998224,1.0,-0.0,0.0,-1.7779157e-05,-0.0,0.47496036,3.5889459,0.35982174,3.2794485,0.90616614,3.623723,1.0,5.1381636,-6.290544,0.38425925,37.60194,0.0,0.0,0.0,1.0,0.0,0,7.5783925,5.2147207,3.5240862,0.0,2.2528088,4.3332124,1.4241749,1.2006061,4.9549747,1.1931804
0,115,116.0,10.0,1.0,1.0,97.0,1.0,1.0,1.0,0.99998295,1.0,-0.0,0.0,-1.703734e-05,-0.0,0.27772337,3.7233331,0.44925213,2.2128286,0.8200319,3.5033424,1.0,4.606661,-7.477299,0.375,37.524685,0.0,0.0,0.0,1.0,0.0,0,9.121207,5.502447,2.9510798,0.0,3.0647457,4.5687747,1.4895251,0.54565066,4.7362347,1.2967715
1,115,116.0,10.0,1.0,1.0,97.0,1.0,1.0,1.0,0.9999836,1.0,-0.0,0.0,-1.6409636e-05,-0.0,0.35359526,3.9282322,0.3440405,2.9724417,0.88079375,2.7411869,1.0,4.1633005,-7.5685,0.37037036,38.01941,0.0,0.0,0.0,1.0,0.0,0,7.897376,5.4425874,2.9547505,0.0,3.632325,4.716439,2.0583398,0.19802971,7.4834914,1.036574
2,115,116.0,10.0,1.0,1.0,97.0,1.0,1.0,1.0,0.9999842,1.0,-0.0,0.0,-1.5812415e-05,-0.0,0.298788,3.7099075,0.40870392,2.064986,0.9267855,2.7320337,1.0,4.7254677,-7.361171,0.3888889,37.841816,0.0,0.0,0.0,1.0,0.0,0,7.8351655,5.279077,4.550376,0.0,1.8303488,4.4192867,1.3883244,1.3653867,4.2730417,1.6315154
3,115,116.0,10.0,1.0,1.0,97.0,1.0,1.0,1.0,0.9999831,1.0,-0.0,0.0,-1.6915154e-05,-0.0,0.33763313,3.7306693,0.35492453,3.0132432,0.93078685,3.6617594,1.0,5.079178,-7.334387,0.38425925,37.97251,0.0,0.0,0.0,1.0,0.0,0,8.037616,5.7635098,3.1170473,0.0,2.9239721,4.144166,1.7792703,1.1751051,4.757631,1.5606945
0,116,117.0,10.0,1.0,1.0,98.0,1.0,1.0,1.0,0.9999803,1.0,-0.0,0.0,-1.9754834e-05,-0.0,0.3037948,3.876609,0.4346976,2.5805695,0.8356169,3.331783,1.0,4.7180004,-7.063836,0.37962964,37.940933,0.0,0.0,0.0,1.0,0.0,0,7.5240383,5.5862517,2.835552,0.0,1.8175688,4.259088,1.5491413,0.86913794,4.853063,1.2995816
1,116,117.0,10.0,1.0,1.0,98.0,1.0,1.0,1.0,0.99998176,1.0,-0.0,0.0,-1.8211338e-05,-0.0,0.28726572,4.0859065,0.34219578,2.976389,0.90149075,2.8790689,1.0,4.1125174,-8.140775,0.37037036,38.48871,0.0,0.0,0.0,1.0,0.0,0,7.6868024,5.769082,2.595396,0.0,2.0975974,4.5032916,1.6508429,0.6711588,7.6475754,0.87655294
2,116,117.0,10.0,1.0,1.0,98.0,1.0,1.0,1.0,0.999985,1.0,-0.0,0.0,-1.5034661e-05,-0.0,0.2329588,3.8284514,0.40339282,2.2618082,0.94256103,2.7303143,1.0,4.8513103,-7.740275,0.3888889,38.307808,0.0,0.0,0.0,1.0,0.0,0,7.825792,5.192156,3.9466603,0.0,1.734895,4.4902887,1.4234171,1.1694101,4.358949,1.5713862
3,116,117.0,10.0,1.0,1.0,98.0,1.0,1.0,1.0,0.9999826,1.0,-0.0,0.0,-1.7384004e-05,-0.0,0.3532067,3.886911,0.36234346,3.3256686,0.9400205,3.6439726,1.0,5.4199266,-7.0323825,0.3888889,38.458996,0.0,0.0,0.0,1.0,0.0,0,7.048684,5.4569716,3.0103369,0.0,2.2333634,4.3071976,1.8105117,1.0826647,4.5518403,1.7926468
0,117,118.0,10.0,1.0,1.0,99.0,1.0,1.0,1.0,0.99998635,1.0,-0.0,0.0,-1.3664141e-05,-0.0,0.2537243,4.01288,0.42696372,2.4816089,0.8536378,3.209237,1.0,4.6407228,-7.6924806,0.37962964,38.311844,0.0,0.0,0.0,1.0,0.0,0,7.7363186,5.5103164,4.0752015,0.0,2.007706,4.4260063,1.6924822,1.0485088,4.269024,1.429021
1,117,118.0,10.0,1.0,1.0,99.0,1.0,1.0,1.0,0.99998593,1.0,-0.0,0.0,-1.4090755e-05,-0.0,0.23690462,4.217165,0.3311044,2.8099983,0.90889794,2.9779668,1.0,4.0267653,-8.225501,0.37037036,38.853218,0.0,0.0,0.0,1.0,0.0,0,7.7062078,5.3355494,3.514694,0.0,2.1442,4.685286,1.954402,0.2914552,7.00422,1.0391535
2,117,118.0,10.0,1.0,1.0,99.0,1.0,1.0,1.0,0.99998575,1.0,-0.0,0.0,-1.4220439e-05,-0.0,0.2883032,3.9968498,0.37705776,2.9190302,0.9619453,2.6747031,1.0,5.252849,-6.7192326,0.3888889,38.60974,0.0,0.0,0.0,1.0,0.0,0,7.37125,5.109111,3.041275,0.0,2.0306716,4.4777102,1.4980869,1.6154238,4.193993,1.9707986
3,117,118.0,10.0,1.0,1.0,99.0,1.0,1.0,1.0,0.99998546,1.0,-0.0,0.0,-1.4523905e-05,-0.0,0.29761904,3.9982162,0.35688615,3.1798325,0.9621062,3.7236605,1.0,5.36341,-7.3956494,0.3888889,38.836205,0.0,0.0,0.0,1.0,0.0,0,7.260781,5.756904,3.9001021,0.0,2.3826547,4.3660793,2.0091097,1.2578477,4.0161877,1.903557
0,118,119.0,10.0,1.0,1.0,100.0,1.0,1.0,1.0,0.9999857,1.0,-0.0,0.0,-1.430127e-05,-0.0,0.19729026,4.1270447,0.41745427,2.6420195,0.8535041,3.2070408,1.0,4.714511,-7.831164,0.37962964,38.790924,0.0,0.0,0.0,1.0,0.0,0,8.077921,5.8415456,2.2578886,0.0,1.2663318,4.4245048,1.7214265,1.0513465,4.8136272,1.5806504
1,118,119.0,10.0,1.0,1.0,100.0,1.0,1.0,1.0,0.9999872,1.0,-0.0,0.0,-1.2794836e-05,-0.0,0.19272417,4.329806,0.32052603,2.9887242,0.9079787,2.9729683,1.0,4.26907,-8.078674,0.37037036,39.31937,0.0,0.0,0.0,1.0,0.0,0,7.4336915,5.7683144,2.1636317,0.0,1.5873829,4.448589,1.6549201,0.7880192,7.637213,0.96205735
2,118,119.0,10.0,1.0,1.0,100.0,1.0,1.0,1.0,0.99998707,1.0,-0.0,0.0,-1.2959082e-05,-0.0,0.18789172,4.0836554,0.38118425,3.1404471,0.9768106,2.70786,1.0,5.5722156,-7.7535596,0.3888889,39.09586,0.0,0.0,0.0,1.0,0.0,0,7.088708,5.454277,2.6730018,0.0,1.6091591,4.606081,1.6100059,1.2985605,4.1933327,2.2758038
3,118,119.0,10.0,1.0,1.0,100.0,1.0,1.0,1.0,0.99998456,1.0,-0.0,0.0,-1.5430065e-05,-0.0,0.2186995,4.142488,0.3675966,3.4447572,0.96253294,3.6938996,1.0,5.700833,-8.059724,0.3888889,39.330734,0.0,0.0,0.0,1.0,0.0,0,6.748837,5.640817,2.3718705,0.0,1.7548203,4.7580023,1.4804264,1.0011736,4.3980074,1.8514653
0,119,120.0,10.0,1.0,1.0,101.0,1.0,1.0,1.0,0.9999855,1.0,-0.0,0.0,-1.4463603e-05,-0.0,0.22186413,4.245793,0.39488575,2.5029655,0.86035913,3.1647804,1.0,4.632104,-7.4565997,0.37962964,39.049355,0.0,0.0,0.0,1.0,0.0,0,7.2437,4.7440476,3.9461808,0.0,1.6865826,4.2130475,1.6796727,1.0412769,4.062031,1.5655282
1,119,120.0,10.0,1.0,1.0,101.0,1.0,1.0,1.0,0.9999873,1.0,-0.0,0.0,-1.2698466e-05,-0.0,0.2142284,4.430932,0.31030312,2.9624176,0.9160448,2.9687526,1.0,4.3036137,-7.6601486,0.37037036,39.594112,0.0,0.0,0.0,1.0,0.0,0,7.338685,5.380953,3.4521303,0.0,2.0875885,4.877405,1.3640792,0.8525255,7.1498365,1.0500991
2,119,120.0,10.0,1.0,1.0,101.0,1.0,1.0,1.0,0.9999879,1.0,-0.0,0.0,-1.2080786e-05,-0.0,0.26627854,4.2136674,0.37629667,3.191872,0.9920436,2.764503,1.0,5.596956,-6.7956605,0.3888889,39.3972,0.0,0.0,0.0,1.0,0.0,0,7.241867,6.9636703,3.120697,0.0,2.0788805,4.6290236,1.6298717,1.4643291,3.9380987,2.587056
3,119,120.0,10.0,1.0,1.0,101.0,1.0,1.0,1.0,0.9999861,1.0,-0.0,0.0,-1.3913474e-05,-0.0,0.23708269,4.2357044,0.36089748,3.3207219,0.9650732,3.6405337,1.0,5.6476054,-7.5256276,0.3888889,39.608143,0.0,0.0,0.0,1.0,0.0,0,6.911868,5.5071793,2.963837,0.0,2.6238098,4.798794,1.5941601,0.95572156,4.066507,2.131326
0,120,121.0,10.0,1.0,1.0,102.0,1.0,1.0,1.0,0.9999854,1.0,-0.0,0.0,-1.4602752e-05,-0.0,0.15265736,4.2998266,0.38754404,2.4344795,0.8577794,3.1724386,1.0,4.6906424,-8.026507,0.37962964,39.490234,0.0,0.0,0.0,1.0,0.0,0,7.7831097,5.9081326,1.2698491,0.0,1.8133193,4.512368,1.7555056,0.9239336,4.3843446,1.7552098
1,120,121.0,10.0,1.0,1.0,102.0,1.0,1.0,1.0,0.9999865,1.0,-0.0,0.0,-1.3459918e-05,-0.0,0.1302842,4.437153,0.31178746,2.9997041,0.9090564,2.9120495,1.0,4.535873,-8.018817,0.37037036,40.04787,0.0,0.0,0.0,1.0,0.0,0,8.152544,6.307301,1.5845429,0.0,2.3040829,4.075366,1.5727717,0.3681477,7.124629,1.0434697
2,120,121.0,10.0,1.0,1.0,102.0,1.0,1.0,1.0,0.99998546,1.0,-0.0,0.0,-1.4572542e-05,-0.0,0.13944358,4.265175,0.38176262,3.230388,0.995856,2.8230605,1.0,5.813486,-7.9707522,0.3935185,39.84114,0.0,0.0,0.0,1.0,0.0,0,7.599355,5.3080006,2.6639218,0.0,2.4252174,4.4125166,1.6174753,1.031125,3.9841113,2.6959655
3,120,121.0,10.0,1.0,1.0,102.0,1.0,1.0,1.0,0.99998695,1.0,-0.0,0.0,-1.3063326e-05,-0.0,0.17051771,4.2988524,0.36407143,3.361023,0.9540267,3.5278358,1.0,5.796638,-8.036449,0.3888889,40.04814,0.0,0.0,0.0,1.0,0.0,0,7.6980333,5.8575273,1.3367434,0.0,2.2266128,4.515738,1.5509378,0.5248686,4.290213,2.060031
0,121,122.0,10.0,1.0,1.0,103.0,1.0,1.0,1.0,0.99998575,1.0,-0.0,0.0,-1.4228672e-05,-0.0,0.16864073,4.3679523,0.363003,2.0251813,0.8626555,3.0693521,1.0,4.3996167,-7.8195734,0.38425925,39.67306,0.0,0.0,0.0,1.0,0.0,0,7.280397,5.859509,1.6999419,0.0,2.2926524,4.531593,1.804213,1.0431782,4.136504,1.8361148
1,121,122.0,10.0,1.0,1.0,103.0,1.0,1.0,1.0,0.99998647,1.0,-0.0,0.0,-1.3505699e-05,-0.0,0.14131498,4.509093,0.3091066,3.033438,0.9159049,2.9267962,1.0,4.5807357,-7.844407,0.375,40.22802,0.0,0.0,0.0,1.0,0.0,0,7.2488723,5.687452,3.1864727,0.0,2.0586667,4.907303,1.4642948,0.9729716,7.2181673,1.2063009
2,121,122.0,10.0,1.0,1.0,103.0,1.0,1.0,1.0,0.9990223,1.0,-0.0,0.0,-1.4191015e-05,-0.0009635114,0.20989701,4.3686414,0.37365848,3.1020768,1.0077081,2.8657157,0.0,5.5953455,-7.305248,0.3935185,40.006073,0.0,0.0,0.0,1.0,0.0,0,6.8981404,5.813094,2.6783369,0.0,2.4537778,4.7357306,1.3324054,1.1332642,3.9662938,3.4590585
3,121,122.0,10.0,1.0,1.0,103.0,1.0,1.0,1.0,0.99998623,1.0,-0.0,0.0,-1.3762852e-05,-0.0,0.17848648,4.371607,0.35978907,3.2856488,0.96077704,3.4710174,1.0,5.7156997,-7.9615407,0.3888889,40.206547,0.0,0.0,0.0,1.0,0.0,0,7.016157,5.6087537,2.9472523,0.0,2.212555,5.039831,1.6559061,0.914778,4.1752853,2.363611
0,122,123.0,10.0,1.0,1.0,104.0,1.0,1.0,1.0,0.99998605,1.0,-0.0,0.0,-1.39387275e-05,-0.0,0.101155974,4.445189,0.3545845,1.6308274,0.85513604,3.1156733,1.0,4.204306,-7.9990764,0.38425925,39.707382,0.0,0.0,0.0,1.0,0.0,0,7.283051,5.645659,1.9246173,0.0,3.3992507,4.686686,1.8226612,0.81211454,4.4531903,2.1021676
1,122,123.0,10.0,1.0,1.0,104.0,1.0,1.0,1.0,0.9999879,1.0,-0.0,0.0,-1.2085969e-05,-0.0,0.083194114,4.5887494,0.30913615,2.8749878,0.90352595,2.9074762,1.0,4.55548,-7.8775725,0.375,40.258736,0.0,0.0,0.0,1.0,0.0,0,7.047693,5.945824,3.1649501,0.0,3.3664134,4.8581514,2.003911,0.35768715,7.7813416,1.353632
2,122,123.0,10.0,1.0,1.0,104.0,1.0,1.0,1.0,0.9994084,1.0,-0.0,0.0,-1.1583206e-05,-0.0005799928,0.111156516,4.455321,0.3728956,2.965059,1.0046399,2.878797,0.0,5.552202,-7.965873,0.39814815,40.04281,0.0,0.0,0.0,1.0,0.0,0,6.9212794,5.9607315,2.7687218,0.0,3.0858204,4.840466,1.4699169,0.5313643,4.274923,3.6429229
3,122,123.0,10.0,1.0,1.0,104.0,1.0,1.0,1.0,0.9999877,1.0,-0.0,0.0,-1.2308151e-05,-0.0,0.11511259,4.444284,0.35560808,2.8542206,0.9422551,3.4374776,1.0,5.2909093,-7.9505043,0.3888889,40.261314,0.0,0.0,0.0,1.0,0.0,0,6.988706,6.118834,2.641304,0.0,3.3435693,5.420303,1.5050968,0.45334703,4.5060935,2.3219166
0,123,124.0,10.0,1.0,1.0,105.0,1.0,1.0,1.0,0.99998707,1.0,-0.0,0.0,-1.2926105e-05,-0.0,0.19003265,4.2562766,0.36089003,1.5944253,0.8560454,3.1086307,1.0,4.336889,-7.5410466,0.38425925,40.217278,0.0,0.0,0.0,1.0,0.0,0,8.360567,6.8996563,0.45265317,0.0,1.0959699,5.0699687,1.7589415,1.1015284,4.156054,2.0461304
1,123,124.0,10.0,1.0,1.0,105.0,1.0,1.0,1.0,0.99998736,1.0,-0.0,0.0,-1.2657071e-05,-0.0,0.12890734,4.3738785,0.30644232,2.8127828,0.9106863,2.9443948,1.0,4.7086906,-7.9885545,0.375,40.762432,0.0,0.0,0.0,1.0,0.0,0,8.035069,6.1132283,1.0303553,0.0,1.4241306,4.3162246,1.8002304,0.9676794,7.344315,1.3745916
2,123,124.0,10.0,1.0,1.0,105.0,1.0,1.0,1.0,0.9990913,1.0,-0.0,0.0,-1.1802368e-05,-0.0008968753,0.23099482,4.2718625,0.3822477,3.1083786,1.007175,2.9096293,0.0,5.6731935,-7.121036,0.39814815,40.538918,0.0,0.0,0.0,1.0,0.0,0,7.927035,6.4997654,0.85826755,0.0,1.0725677,4.8287354,1.454399,1.1879836,3.8736567,3.6801903
3,123,124.0,10.0,1.0,1.0,105.0,1.0,1.0,1.0,0.9999873,1.0,-0.0,0.0,-1.2671305e-05,-0.0,0.15472174,4.2768793,0.3608456,3.0308566,0.94097507,3.3856208,1.0,5.712544,-8.023311,0.3888889,40.721603,0.0,0.0,0.0,1.0,0.0,0,7.4823318,6.7656584,0.5228978,0.0,1.1756514,5.1684895,1.5699258,0.7744645,4.4383616,2.2892652
0,124,125.0,10.0,1.0,1.0,106.0,1.0,1.0,1.0,0.99998677,1.0,-0.0,0.0,-1.3214616e-05,-0.0,0.07268172,4.3638983,0.36312944,1.321136,0.8481418,3.207285,1.0,3.9501717,-8.023241,0.38425925,40.307205,0.0,0.0,0.0,1.0,0.0,0,7.470772,6.1109333,2.2517767,0.0,3.4817505,4.860625,1.7682714,0.76314425,4.5336556,2.2115655
1,124,125.0,10.0,1.0,1.0,106.0,1.0,1.0,1.0,0.9999871,1.0,-0.0,0.0,-1.285701e-05,-0.0,0.035727397,4.447398,0.31236607,2.5735836,0.9039006,2.9587162,1.0,4.2206717,-8.043145,0.37962964,40.832256,0.0,0.0,0.0,1.0,0.0,0,7.3781466,7.3244095,2.6698887,0.0,3.6495767,4.543484,2.2229457,0.7258011,8.258599,1.4322283
2,124,125.0,10.0,1.0,1.0,106.0,1.0,1.0,1.0,0.99994606,1.0,-0.0,0.0,-1.00641555e-05,-4.3876935e-05,0.08191168,4.3886757,0.38163444,2.990819,1.000351,2.9417353,0.0,5.3465776,-7.946318,0.39814815,40.639874,0.0,0.0,0.0,1.0,0.0,0,6.65023,5.650241,3.1624255,0.0,3.4063566,4.656677,1.4769796,0.64432263,4.523035,3.8421192
3,124,125.0,10.0,1.0,1.0,106.0,1.0,1.0,1.0,0.99998647,1.0,-0.0,0.0,-1.3529634e-05,-0.0,0.073406845,4.3839655,0.35810605,2.5854182,0.9365877,3.4351997,1.0,4.7281613,-7.989362,0.3888889,40.844406,0.0,0.0,0.0,1.0,0.0,0,7.0943894,6.631158,1.6008244,0.0,3.4655983,5.263381,1.6220831,0.7783599,4.792659,2.556022
0,125,126.0,10.0,1.0,1.0,107.0,1.0,1.0,1.0,0.9999852,1.0,-0.0,0.0,-1.48029e-05,-0.0,0.27488208,4.3391647,0.3550776,1.778229,0.8476713,3.0972784,1.0,4.244179,-6.267787,0.38425925,40.51613,0.0,0.0,0.0,1.0,0.0,0,6.9137764,6.1960564,1.7445084,0.0,2.3614924,4.8739924,1.7310411,1.1809883,4.63011,2.4860973
1,125,126.0,10.0,1.0,1.0,107.0,1.0,1.0,1.0,0.99998534,1.0,-0.0,0.0,-1.4653887e-05,-0.0,0.13064015,4.4071617,0.30923873,2.446027,0.90281546,2.927866,1.0,4.6080217,-8.082637,0.37962964,41.12874,0.0,0.0,0.0,1.0,0.0,0,7.240339,6.4461107,1.6778345,0.0,2.1965914,4.4270706,2.049739,1.1029255,7.459641,1.5348758
2,125,126.0,10.0,1.0,1.0,107.0,1.0,1.0,1.0,0.99998826,1.0,-0.0,0.0,-1.1738301e-05,-0.0,0.23698509,4.342128,0.37731606,2.9547448,0.99860144,2.9123182,1.0,5.503171,-7.130314,0.39814815,40.92397,0.0,0.0,0.0,1.0,0.0,0,6.5454283,5.85845,2.4028258,0.0,2.381129,4.9717155,1.3901134,1.3107287,3.8425364,3.727194
3,125,126.0,10.0,1.0,1.0,107.0,1.0,1.0,1.0,0.9999857,1.0,-0.0,0.0,-1.43175375e-05,-0.0,0.1685256,4.3552256,0.35422584,2.4105694,0.9323382,3.3668404,1.0,5.089004,-7.990539,0.3888889,41.12592,0.0,0.0,0.0,1.0,0.0,0,6.9787703,5.9345655,1.6421291,0.0,3.4039826,5.028332,1.4856285,0.7038819,4.4495416,2.4773269
0,126,127.0,10.0,1.0,1.0,108.0,1.0,1.0,1.0,0.99998856,1.0,-0.0,0.0,-1.1452201e-05,-0.0,0.0600541,4.2091794,0.3569752,1.8255765,0.8477345,3.1063635,1.0,4.3028855,-7.9748807,0.38425925,40.681355,0.0,0.0,0.0,1.0,0.0,0,7.1188774,5.954856,1.6784275,0.0,3.4092429,5.125263,1.710466,0.89518726,4.7342334,2.2275074
1,126,127.0,10.0,1.0,1.0,108.0,1.0,1.0,1.0,0.9999881,1.0,-0.0,0.0,-1.1949196e-05,-0.0,0.038110465,4.2725406,0.31792414,2.3903527,0.88366,2.8858578,1.0,4.3167005,-7.9630847,0.37962964,41.285355,0.0,0.0,0.0,1.0,0.0,0,6.7823296,6.988422,2.239417,0.0,3.597098,4.4569616,2.7305872,0.62485844,8.514289,2.4493608
2,126,127.0,10.0,1.0,1.0,108.0,1.0,1.0,1.0,0.9999884,1.0,-0.0,0.0,-1.1637308e-05,-0.0,0.07558856,4.1988506,0.37924746,2.8133392,0.9866829,2.9214425,1.0,5.342214,-7.9761295,0.4027778,41.091217,0.0,0.0,0.0,1.0,0.0,0,6.6021595,5.8907948,2.4165554,0.0,3.5144973,4.7082486,1.560675,0.7635659,4.593879,4.1112037
3,126,127.0,10.0,1.0,1.0,108.0,1.0,1.0,1.0,0.99998736,1.0,-0.0,0.0,-1.2607565e-05,-0.0,0.08674245,4.253536,0.35851473,2.3633485,0.9183917,3.3786774,1.0,4.5636845,-7.946901,0.3888889,41.246155,0.0,0.0,0.0,1.0,0.0,0,7.4999576,7.454966,1.1429665,0.0,3.2305832,5.7417345,1.7869848,0.6216772,5.2514496,2.7525566
0,127,128.0,10.0,1.0,1.0,109.0,1.0,1.0,1.0,0.999989,1.0,-0.0,0.0,-1.099837e-05,-0.0,0.21387152,4.2920375,0.37225738,2.2000575,0.8418461,3.040655,1.0,4.4109097,-6.6464415,0.38425925,40.92592,0.0,0.0,0.0,1.0,0.0,0,6.8252034,5.82155,1.3978685,0.0,2.5866435,4.4490447,1.6432519,1.1457162,4.7105813,2.5034304
1,127,128.0,10.0,1.0,1.0,109.0,1.0,1.0,1.0,0.9999875,1.0,-0.0,0.0,-1.2487693e-05,-0.0,0.10947101,4.3251915,0.32786947,2.4425044,0.8926184,2.860795,1.0,4.5605073,-7.9433713,0.37962964,41.53904,0.0,0.0,0.0,1.0,0.0,0,7.1631403,7.263261,1.4496415,0.0,3.53542,4.2604427,2.6534364,1.0147191,7.9062614,2.5613484
2,127,128.0,10.0,1.0,1.0,109.0,1.0,1.0,1.0,0.9999891,1.0,-0.0,0.0,-1.0915038e-05,-0.0,0.15277919,4.275347,0.37876,2.8113909,0.9848386,2.9039743,1.0,5.3536096,-7.8258758,0.4027778,41.38627,0.0,0.0,0.0,1.0,0.0,0,6.404973,5.8321724,2.1991236,0.0,2.6401098,5.0065618,1.4600419,1.2119018,4.109799,4.0139456
3,127,128.0,10.0,1.0,1.0,109.0,1.0,1.0,1.0,0.99998707,1.0,-0.0,0.0,-1.2911202e-05,-0.0,0.15771967,4.313429,0.36258298,2.2783585,0.9098735,3.332018,1.0,4.78872,-7.956243,0.3888889,41.535175,0.0,0.0,0.0,1.0,0.0,0,7.2016535,6.2167354,1.5497874,0.0,3.0205665,5.083012,1.6531174,0.92645216,4.5159817,2.91856
0,128,129.0,10.0,1.0,1.0,110.0,1.0,1.0,1.0,0.9999907,1.0,-0.0,0.0,-9.300103e-06,-0.0,0.11461191,4.1200304,0.36809886,2.158393,0.84084153,3.056574,1.0,4.4346027,-7.4123425,0.38425925,41.093914,0.0,0.0,0.0,1.0,0.0,0,6.3875,5.6188197,1.4744508,0.0,2.5760088,4.7906456,1.8522855,1.1692481,4.9744716,2.4414072
1,128,129.0,10.0,1.0,1.0,110.0,1.0,1.0,1.0,0.99998873,1.0,-0.0,0.0,-1.1251589e-05,-0.0,0.066806935,4.152956,0.33305782,2.444106,0.8890519,2.8679001,1.0,4.5210366,-7.9199224,0.37962964,41.701622,0.0,0.0,0.0,1.0,0.0,0,6.332851,7.0301166,1.4954276,0.0,3.6046736,4.5562363,2.9980695,0.8867012,8.18803,2.7863295
2,128,129.0,10.0,1.0,1.0,110.0,1.0,1.0,1.0,0.99999034,1.0,-0.0,0.0,-9.627914e-06,-0.0,0.091708824,4.084891,0.37780187,2.6020164,0.981262,2.951299,1.0,5.169376,-7.993888,0.4027778,41.567127,0.0,0.0,0.0,1.0,0.0,0,6.6902866,6.8229036,1.3950315,0.0,3.1663072,4.6861544,1.6445479,0.950869,4.5379753,4.1552024
3,128,129.0,10.0,1.0,1.0,110.0,1.0,1.0,1.0,0.999989,1.0,-0.0,0.0,-1.1038437e-05,-0.0,0.09596739,4.1309724,0.36673936,2.2804189,0.9053384,3.4022272,1.0,4.580607,-7.9209924,0.3888889,41.72661,0.0,0.0,0.0,1.0,0.0,0,6.783738,6.4436812,1.4374563,0.0,3.4854138,5.38328,1.728174,0.7515696,5.0818424,2.9565082
0,129,130.0,10.0,1.0,1.0,111.0,1.0,1.0,1.0,0.99998933,1.0,-0.0,0.0,-1.06447715e-05,-0.0,0.16235915,3.9788294,0.36850876,2.1544003,0.8401151,3.0478544,1.0,4.445586,-6.8669543,0.38425925,41.214043,0.0,0.0,0.0,1.0,0.0,0,6.5323453,5.6442685,1.6170982,0.0,2.3993711,5.2379885,1.7494373,1.1804681,4.308526,2.5018415
1,129,130.0,10.0,1.0,1.0,111.0,1.0,1.0,1.0,0.9999876,1.0,-0.0,0.0,-1.2419941e-05,-0.0,0.070884824,4.0202503,0.33183116,2.3726041,0.8938693,2.9053218,1.0,4.535182,-7.984548,0.38425925,41.8068,0.0,0.0,0.0,1.0,0.0,0,6.503037,6.67907,1.5597924,0.0,2.947183,4.36843,2.6585605,1.214462,7.71791,3.0618865
2,129,130.0,10.0,1.0,1.0,111.0,1.0,1.0,1.0,0.9999887,1.0,-0.0,0.0,-1.132365e-05,-0.0,0.10856241,3.9523554,0.37505046,2.3656657,0.9821293,2.940937,1.0,5.0934687,-8.026657,0.4027778,41.66046,0.0,0.0,0.0,1.0,0.0,0,6.3900437,6.0694056,1.7451683,0.0,3.025803,4.464891,1.5628461,1.1791092,3.9705474,4.0348487
3,129,130.0,10.0,1.0,1.0,111.0,1.0,1.0,1.0,0.9999875,1.0,-0.0,0.0,-1.25319375e-05,-0.0,0.10856539,4.0041094,0.36798036,2.154037,0.903141,3.3980832,1.0,4.782457,-7.937534,0.3888889,41.80868,0.0,0.0,0.0,1.0,0.0,0,6.8305464,6.4403687,1.5048509,0.0,3.1103094,5.3052144,1.649674,0.96262753,4.588323,3.409918
0,130,131.0,10.0,1.0,1.0,112.0,1.0,1.0,1.0,0.9999907,1.0,-0.0,0.0,-9.32295e-06,-0.0,0.081594475,4.253542,0.38548562,2.4004824,0.83098364,3.0719016,1.0,4.101932,-7.9260187,0.38425925,41.704998,0.0,0.0,0.0,1.0,0.0,0,7.032013,5.8331633,2.1168098,0.0,3.5736763,4.680622,2.0585744,1.246583,5.1374416,3.1810265
1,130,131.0,10.0,1.0,1.0,112.0,1.0,1.0,1.0,0.99998945,1.0,-0.0,0.0,-1.0557676e-05,-0.0,0.045669638,4.276277,0.37515575,3.2499564,0.88009274,2.8161201,1.0,4.5213833,-7.9097104,0.38425925,42.210052,0.0,0.0,0.0,1.0,0.0,0,7.323371,6.5629992,1.3404706,0.0,4.3508554,3.9279492,3.2483516,0.75628066,8.13738,3.3002906
2,130,131.0,10.0,1.0,1.0,112.0,1.0,1.0,1.0,0.9999897,1.0,-0.0,0.0,-1.0332763e-05,-0.0,0.09048469,4.1979537,0.39959848,3.03034,0.96180886,2.8432295,1.0,4.6318927,-7.939061,0.4027778,42.08348,0.0,0.0,0.0,1.0,0.0,0,7.299583,5.9921036,2.1366177,0.0,3.788815,4.1353927,1.8295547,0.9124581,4.6651607,4.035285
3,130,131.0,10.0,1.0,1.0,112.0,1.0,1.0,1.0,0.9999887,1.0,-0.0,0.0,-1.1304581e-05,-0.0,0.08553825,4.2638993,0.3826905,2.9340086,0.89101094,3.3717196,1.0,4.160195,-7.9292274,0.3888889,42.22323,0.0,0.0,0.0,1.0,0.0,0,7.4786572,6.1980653,2.2611816,0.0,3.3744893,5.2460876,1.7877814,1.1004386,5.3071647,3.2388315
0,131,132.0,10.0,1.0,1.0,113.0,1.0,1.0,1.0,0.9999896,1.0,-0.0,0.0,-1.0348799e-05,-0.0,0.035530142,4.0136523,0.38386393,2.0081036,0.8275289,3.1367064,1.0,4.1599593,-7.9724927,0.38425925,42.16839,0.0,0.0,0.0,1.0,0.0,0,6.181711,6.1913247,1.4872853,0.0,3.3718724,5.2046404,1.9063591,1.2537603,4.453,3.4660306
1,131,132.0,10.0,1.0,1.0,113.0,1.0,1.0,1.0,0.9999874,1.0,-0.0,0.0,-1.2575283e-05,-0.0,0.002304092,4.0628877,0.36770105,2.8858578,0.8737609,2.8755322,1.0,4.2965994,-7.8775034,0.38425925,42.671078,0.0,0.0,0.0,1.0,0.0,0,6.575254,7.690877,1.164886,0.0,3.6698172,5.4386344,3.0134406,0.6966096,7.8063846,3.5134263
2,131,132.0,10.0,1.0,1.0,113.0,1.0,1.0,1.0,0.9999887,1.0,-0.0,0.0,-1.1348138e-05,-0.0,0.04570838,3.9648097,0.40364283,2.69046,0.9559585,2.866262,1.0,4.5145335,-8.00138,0.4027778,42.545815,0.0,0.0,0.0,1.0,0.0,0,6.3528223,6.7834783,1.2537189,0.0,3.3638406,4.484736,1.581214,1.4417974,4.2855597,4.16759
3,131,132.0,10.0,1.0,1.0,113.0,1.0,1.0,1.0,0.99998873,1.0,-0.0,0.0,-1.1247272e-05,-0.0,0.023310632,4.021806,0.38802007,2.8197312,0.89539045,3.4251585,1.0,4.0386147,-7.973326,0.3888889,42.748104,0.0,0.0,0.0,1.0,0.0,0,6.3968725,6.4265814,1.4350749,0.0,3.321478,5.310258,1.7508816,1.3157194,4.63123,3.0773852
0,132,133.0,10.0,1.0,1.0,114.0,1.0,1.0,1.0,0.9999883,1.0,-0.0,0.0,-1.1659125e-05,-0.0,0.02219379,4.061214,0.41301745,2.6152194,0.82347596,3.0678215,1.0,4.0696745,-7.8992963,0.38425925,42.326077,0.0,0.0,0.0,1.0,0.0,0,7.0344024,6.133796,1.2561082,0.0,3.7053094,4.717204,2.122488,1.7058245,4.8808846,3.6244102
1,132,133.0,10.0,1.0,1.0,114.0,1.0,1.0,1.0,0.9999892,1.0,-0.0,0.0,-1.0784865e-05,-0.0,0.018305145,4.11758,0.39610556,3.4687614,0.8678479,2.8255548,1.0,4.426778,-8.004505,0.38425925,42.85695,0.0,0.0,0.0,1.0,0.0,0,7.4169564,6.7872505,1.3519284,0.0,3.7602646,4.6805716,3.4822562,1.157551,7.830939,3.351626
2,132,133.0,10.0,1.0,1.0,114.0,1.0,1.0,1.0,0.9999882,1.0,-0.0,0.0,-1.181987e-05,-0.0,0.03474243,4.0329385,0.4246841,3.2361984,0.9481498,2.8244467,1.0,4.3973455,-7.991436,0.4027778,42.745525,0.0,0.0,0.0,1.0,0.0,0,7.2853937,6.443295,1.4587902,0.0,3.625617,4.5808506,1.7272545,1.4583095,4.8540616,4.3489075
3,132,133.0,10.0,1.0,1.0,114.0,1.0,1.0,1.0,0.99998814,1.0,-0.0,0.0,-1.186698e-05,-0.0,0.003787689,4.085356,0.40388024,3.3999257,0.8857987,3.3796039,1.0,3.9973822,-8.018062,0.3888889,42.933784,0.0,0.0,0.0,1.0,0.0,0,7.3637056,6.3940706,1.6223744,0.0,3.3263357,5.2226686,1.9286159,1.5275306,5.224784,3.382778
0,133,134.0,10.0,1.0,1.0,115.0,1.0,1.0,1.0,0.999991,1.0,-0.0,0.0,-8.992033e-06,-0.0,0.1213938,3.9492986,0.3996224,2.15331,0.8267981,3.0506783,1.0,4.1796856,-7.2490463,0.38425925,42.53081,0.0,0.0,0.0,1.0,0.0,0,5.9522853,5.9437284,0.95387924,0.0,2.6635725,4.7981653,1.8066962,1.5270796,4.7779746,3.7138135
1,133,134.0,10.0,1.0,1.0,115.0,1.0,1.0,1.0,0.99999046,1.0,-0.0,0.0,-9.532661e-06,-0.0,0.04588086,4.012946,0.37225565,2.729454,0.8778171,2.9144678,1.0,4.5893226,-8.038995,0.38425925,43.028255,0.0,0.0,0.0,1.0,0.0,0,6.327702,7.4550123,0.81388843,0.0,3.2072878,4.514139,2.8337588,1.3413146,7.2142687,3.6953995
2,133,134.0,10.0,1.0,1.0,115.0,1.0,1.0,1.0,0.9999907,1.0,-0.0,0.0,-9.2757355e-06,-0.0,0.09668395,3.9030645,0.4186349,2.4489052,0.94887626,2.8197312,1.0,4.6873,-8.036127,0.4027778,42.90857,0.0,0.0,0.0,1.0,0.0,0,6.4783235,6.7536173,0.98693234,0.0,3.5087595,4.3277597,1.6732843,1.3670499,4.136527,4.1229067
3,133,134.0,10.0,1.0,1.0,115.0,1.0,1.0,1.0,0.99999046,1.0,-0.0,0.0,-9.528724e-06,-0.0,0.07335916,3.9772735,0.38952586,2.639055,0.89607173,3.4111888,1.0,4.424211,-8.001283,0.3888889,43.09378,0.0,0.0,0.0,1.0,0.0,0,6.555035,6.579277,0.95338213,0.0,3.5319896,5.245818,1.7363938,1.3344579,4.834915,3.5547059
0,134,135.0,10.0,1.0,1.0,116.0,1.0,1.0,1.0,0.99998826,1.0,-0.0,0.0,-1.1746141e-05,-0.0,0.19087903,3.820924,0.3989655,1.8494309,0.82772493,3.0744486,1.0,4.0963902,-6.971115,0.38425925,42.594055,0.0,0.0,0.0,1.0,0.0,0,6.5322056,6.4068174,0.13856441,0.0,2.214358,4.84636,2.3569152,1.7177205,5.305311,4.0057592
1,134,135.0,10.0,1.0,1.0,116.0,1.0,1.0,1.0,0.9999872,1.0,-0.0,0.0,-1.2820405e-05,-0.0,0.074853376,3.8623605,0.3636921,2.5902576,0.88297033,2.9918654,1.0,4.582061,-8.000527,0.38425925,43.104366,0.0,0.0,0.0,1.0,0.0,0,6.58321,6.9517775,0.31424567,0.0,3.1828127,4.3266625,3.4213831,1.6544627,7.8542542,3.771979
2,134,135.0,10.0,1.0,1.0,116.0,1.0,1.0,1.0,0.9999859,1.0,-0.0,0.0,-1.4119368e-05,-0.0,0.13055392,3.766832,0.41598162,2.0800927,0.94799197,2.8629832,1.0,4.7140126,-8.081854,0.4027778,42.966164,0.0,0.0,0.0,1.0,0.0,0,6.3929114,6.284266,0.710819,0.0,3.7699082,4.221054,1.8147968,1.3972747,4.2831945,4.0377874
3,134,135.0,10.0,1.0,1.0,116.0,1.0,1.0,1.0,0.9999857,1.0,-0.0,0.0,-1.4289598e-05,-0.0,0.1142066,3.8324866,0.3868462,2.2638834,0.89178926,3.4265294,1.0,4.746728,-8.041631,0.3888889,43.16303,0.0,0.0,0.0,1.0,0.0,0,6.4218717,6.4308586,0.17585187,0.0,3.5594869,5.169019,1.927698,1.3360803,4.961207,3.1826658
0,135,136.0,10.0,1.0,1.0,117.0,1.0,1.0,1.0,0.9999902,1.0,-0.0,0.0,-9.791507e-06,-0.0,0.016384758,3.8998456,0.43354687,2.7153654,0.8146433,3.0168777,1.0,3.3358932,-7.9292507,0.38425925,42.76471,0.0,0.0,0.0,1.0,0.0,0,7.3570933,6.4947877,0.9922977,0.0,3.6222045,5.0330653,2.0953248,1.424142,4.788375,4.32447
1,135,136.0,10.0,1.0,1.0,117.0,1.0,1.0,1.0,0.9999898,1.0,-0.0,0.0,-1.019331e-05,-0.0,0.06039962,3.9276187,0.42143223,3.589429,0.8672249,2.9879384,1.0,4.0160522,-7.852639,0.38425925,43.26994,0.0,0.0,0.0,1.0,0.0,0,7.37333,7.626768,1.1056921,0.0,3.9518218,4.6572657,3.5348768,1.6386884,7.234194,3.975165
2,135,136.0,10.0,1.0,1.0,117.0,1.0,1.0,1.0,0.9999881,1.0,-0.0,0.0,-1.1924737e-05,-0.0,0.011115149,3.8413167,0.4610262,3.2269938,0.92665803,2.8335772,1.0,3.8776746,-7.9964147,0.4027778,43.138336,0.0,0.0,0.0,1.0,0.0,0,7.2449474,6.6340055,1.2794585,0.0,3.8505023,4.1024265,1.914313,1.3302734,4.122817,4.4230666
3,135,136.0,10.0,1.0,1.0,117.0,1.0,1.0,1.0,0.9999884,1.0,-0.0,0.0,-1.1600912e-05,-0.0,0.028282031,3.887721,0.43849084,3.2982516,0.86443573,3.4217286,1.0,3.7429802,-7.8942084,0.3888889,43.31659,0.0,0.0,0.0,1.0,0.0,0,7.761315,6.971309,1.0231178,0.0,4.2096586,5.36535,2.1022513,1.5479753,4.731601,3.5845227
0,136,137.0,10.0,1.0,1.0,118.0,1.0,1.0,1.0,0.99999005,1.0,-0.0,0.0,-9.936116e-06,-0.0,0.29805973,3.9168477,0.41315556,2.1631021,0.8280936,3.0820773,1.0,3.8930466,-5.682459,0.38425925,42.92313,0.0,0.0,0.0,1.0,0.0,0,6.3637233,6.6434712,0.7009078,0.0,3.5845792,4.652403,2.1583538,1.8422847,4.804696,4.299988
1,136,137.0,10.0,1.0,1.0,118.0,1.0,1.0,1.0,0.9999906,1.0,-0.0,0.0,-9.406068e-06,-0.0,0.20301118,3.9145448,0.38673162,2.8027463,0.882849,3.1289606,1.0,4.4841037,-6.279679,0.38425925,43.428543,0.0,0.0,0.0,1.0,0.0,0,6.572851,8.518343,0.0,0.0,3.2658787,4.6032085,3.600752,1.8424867,7.720853,4.088592
2,136,137.0,10.0,1.0,1.0,118.0,1.0,1.0,1.0,0.9999902,1.0,-0.0,0.0,-9.781399e-06,-0.0,0.28534794,3.8257883,0.4419898,2.5380573,0.9328733,2.8714461,1.0,4.5267954,-5.9578857,0.4027778,43.285187,0.0,0.0,0.0,1.0,0.0,0,6.638433,7.2258162,0.16540512,0.0,3.2216644,4.175295,1.9071398,1.5384406,4.129287,4.251533
3,136,137.0,10.0,1.0,1.0,118.0,1.0,1.0,1.0,0.99999076,1.0,-0.0,0.0,-9.240423e-06,-0.0,0.23959354,3.892297,0.40775174,2.4794,0.8778453,3.4397542,1.0,4.5911574,-6.483346,0.3888889,43.463448,0.0,0.0,0.0,1.0,0.0,0,6.467539,6.5978956,0.22835116,0.0,3.2633905,5.49215,1.8119595,1.8286318,4.77332,3.2600892
0,137,138.0,10.0,1.0,1.0,119.0,1.0,1.0,1.0,0.99998844,1.0,-0.0,0.0,-1.1567123e-05,-0.0,0.1638595,3.6631436,0.41303146,1.9403068,0.8262841,3.0673115,1.0,4.074628,-7.215194,0.38425925,43.109962,0.0,0.0,0.0,1.0,0.0,0,6.7520247,6.631966,0.18753406,0.0,2.64457,5.1118574,1.9069595,1.689579,4.4204454,4.3932796
1,137,138.0,10.0,1.0,1.0,119.0,1.0,1.0,1.0,0.9999884,1.0,-0.0,0.0,-1.1610753e-05,-0.0,0.052723847,3.663043,0.3772676,2.606525,0.8890357,3.1869633,1.0,4.564028,-8.0203495,0.38425925,43.631355,0.0,0.0,0.0,1.0,0.0,0,6.8490396,7.4666476,0.059212975,0.0,2.428115,4.665034,3.5421438,1.8240731,6.801718,3.987134
2,137,138.0,10.0,1.0,1.0,119.0,1.0,1.0,1.0,0.999988,1.0,-0.0,0.0,-1.1990798e-05,-0.0,0.12317188,3.556725,0.44095185,2.2378023,0.9295594,2.8719914,1.0,4.7023625,-7.7305737,0.4027778,43.50684,0.0,0.0,0.0,1.0,0.0,0,6.764329,7.054875,0.0,0.0,2.26932,4.114611,1.8657109,1.5068923,3.8177152,4.512122
3,137,138.0,10.0,1.0,1.0,119.0,1.0,1.0,1.0,0.9999875,1.0,-0.0,0.0,-1.2532723e-05,-0.0,0.0875948,3.6159136,0.41197693,2.1972098,0.87057084,3.428813,1.0,4.8021193,-8.059404,0.3888889,43.68267,0.0,0.0,0.0,1.0,0.0,0,7.783163,6.829323,0.0,0.0,4.068536,5.3793364,2.0582461,1.0541396,4.644431,3.5470934
0,138,139.0,10.0,1.0,1.0,120.0,1.0,1.0,1.0,0.9999923,1.0,-0.0,0.0,-7.689951e-06,-0.0,0.085531175,3.9202266,0.4209415,2.228338,0.8228584,3.080299,1.0,3.6027179,-8.061937,0.38425925,43.50691,0.0,0.0,0.0,1.0,0.0,0,6.713602,6.618484,0.66004616,0.0,3.757223,5.148759,2.3621166,1.748432,4.5571885,4.3380456
1,138,139.0,10.0,1.0,1.0,120.0,1.0,1.0,1.0,0.9999921,1.0,-0.0,0.0,-7.954983e-06,-0.0,0.035430863,3.9106216,0.4004808,3.0380793,0.8850682,3.2376494,1.0,4.119179,-7.989816,0.38425925,44.016163,0.0,0.0,0.0,1.0,0.0,0,6.6389832,7.857778,0.35211366,0.0,3.7604663,4.667918,3.6053681,1.8395579,7.1454577,4.328515
2,138,139.0,10.0,1.0,1.0,120.0,1.0,1.0,1.0,0.99999255,1.0,-0.0,0.0,-7.4494505e-06,-0.0,0.075100176,3.8057532,0.44971624,2.5999098,0.9237809,2.901008,1.0,4.2830853,-8.086288,0.4027778,43.900116,0.0,0.0,0.0,1.0,0.0,0,6.709146,6.8781796,0.38263634,0.0,3.9423113,3.930742,1.8190596,1.2397438,4.0227714,4.3945556
3,138,139.0,10.0,1.0,1.0,120.0,1.0,1.0,1.0,0.9999924,1.0,-0.0,0.0,-7.615884e-06,-0.0,0.075491704,3.8887017,0.4181862,2.632819,0.8638039,3.4649227,1.0,4.2779617,-8.038411,0.3888889,44.09355,0.0,0.0,0.0,1.0,0.0,0,6.7328033,6.7547693,0.46827644,0.0,3.7991557,5.2908382,1.9657435,1.6324317,4.740912,3.65111
0,139,140.0,10.0,1.0,1.0,121.0,1.0,1.0,1.0,0.9999907,1.0,-0.0,0.0,-9.318389e-06,-0.0,0.17687362,3.6713614,0.42011622,1.8721454,0.8259179,3.1008146,1.0,3.8984754,-7.3204303,0.38425925,43.698483,0.0,0.0,0.0,1.0,0.0,0,6.70017,6.418567,0.37820226,0.0,3.1859539,5.565344,2.097605,1.6675564,4.373545,4.337958
1,139,140.0,10.0,1.0,1.0,121.0,1.0,1.0,1.0,0.9999908,1.0,-0.0,0.0,-9.16159e-06,-0.0,0.11577681,3.672079,0.3956384,2.5981028,0.88967186,3.34889,1.0,4.3280287,-7.4512362,0.38425925,44.196136,0.0,0.0,0.0,1.0,0.0,0,7.0117054,7.476467,0.0,0.0,3.225034,4.6457567,3.2973502,2.0166469,6.8548937,4.3042936
2,139,140.0,10.0,1.0,1.0,121.0,1.0,1.0,1.0,0.99999106,1.0,-0.0,0.0,-8.928396e-06,-0.0,0.17746091,3.567671,0.44738427,2.3060184,0.9236597,2.9364085,1.0,4.482269,-7.2363505,0.4027778,44.096775,0.0,0.0,0.0,1.0,0.0,0,6.7844157,6.8820424,0.12550074,0.0,3.145228,3.9964793,1.8076847,1.4643805,3.7074616,4.445835
3,139,140.0,10.0,1.0,1.0,121.0,1.0,1.0,1.0,0.9999911,1.0,-0.0,0.0,-8.9033e-06,-0.0,0.13968498,3.6345034,0.41487077,2.2385015,0.86978877,3.490807,1.0,4.6331606,-7.7699795,0.3888889,44.29596,0.0,0.0,0.0,1.0,0.0,0,6.6220226,6.793483,0.0,0.0,3.1426196,5.354931,1.8567795,1.803506,4.354501,3.4973392
0,140,141.0,10.0,1.0,1.0,122.0,1.0,1.0,1.0,0.99999094,1.0,-0.0,0.0,-9.055416e-06,-0.0,0.20586513,3.6018794,0.4175981,1.8582971,0.82600594,3.102329,1.0,3.961063,-7.1677713,0.38425925,43.719864,0.0,0.0,0.0,1.0,0.0,0,6.5691667,6.441048,0.43952557,0.0,2.9211597,5.818813,2.14528,1.576575,4.2755833,4.2670503
1,140,141.0,10.0,1.0,1.0,122.0,1.0,1.0,1.0,0.99999017,1.0,-0.0,0.0,-9.862056e-06,-0.0,0.13926476,3.611233,0.38523018,2.536515,0.89727855,3.4351997,1.0,4.355141,-7.4600997,0.38425925,44.222755,0.0,0.0,0.0,1.0,0.0,0,6.574968,7.5763984,0.0,0.0,2.8499339,4.8268547,3.4422636,2.096337,6.498326,4.282322
2,140,141.0,10.0,1.0,1.0,122.0,1.0,1.0,1.0,0.9999894,1.0,-0.0,0.0,-1.0606088e-05,-0.0,0.20597726,3.4997272,0.44178265,2.221654,0.92145586,2.9587162,1.0,4.540837,-7.059621,0.4027778,44.117863,0.0,0.0,0.0,1.0,0.0,0,6.3823066,6.830566,0.14189394,0.0,3.1296897,3.9930773,1.8339111,1.319339,3.6410198,4.3855205
3,140,141.0,10.0,1.0,1.0,122.0,1.0,1.0,1.0,0.9999906,1.0,-0.0,0.0,-9.4350125e-06,-0.0,0.13842341,3.5630848,0.4100368,2.1843474,0.8752232,3.5313842,1.0,4.7281613,-7.9197454,0.3888889,44.32117,0.0,0.0,0.0,1.0,0.0,0,6.5065722,6.6975675,0.0,0.0,2.9580815,5.348339,1.4796643,1.6253614,4.578975,3.5025442
0,141,142.0,10.0,1.0,1.0,123.0,1.0,1.0,1.0,0.99999255,1.0,-0.0,0.0,-7.4729974e-06,-0.0,0.17626715,3.8425128,0.42392287,1.9471526,0.8212328,3.0992997,1.0,3.96783,-8.135458,0.38425925,44.15269,0.0,0.0,0.0,1.0,0.0,0,6.934675,6.8883514,0.28215608,0.0,3.6333535,5.853383,1.9179718,1.4045113,4.3029327,4.5431213
1,141,142.0,10.0,1.0,1.0,123.0,1.0,1.0,1.0,0.9999916,1.0,-0.0,0.0,-8.429383e-06,-0.0,0.1269687,3.8429775,0.39470246,2.7291672,0.89135516,3.4730465,1.0,4.3124337,-8.056839,0.3888889,44.64936,0.0,0.0,0.0,1.0,0.0,0,7.023378,8.237091,0.0,0.0,3.7031217,4.940642,3.1656108,1.9934124,6.132734,4.491259
2,141,142.0,10.0,1.0,1.0,123.0,1.0,1.0,1.0,0.99999166,1.0,-0.0,0.0,-8.347955e-06,-0.0,0.1645159,3.7378972,0.44600442,2.3063579,0.91434586,2.9571283,1.0,4.536564,-8.136416,0.4027778,44.55786,0.0,0.0,0.0,1.0,0.0,0,6.8277802,7.0914664,0.18258104,0.0,3.7833698,3.7287526,1.6986274,1.2443014,3.4039524,4.3452635
3,141,142.0,10.0,1.0,1.0,123.0,1.0,1.0,1.0,0.99999213,1.0,-0.0,0.0,-7.84848e-06,-0.0,0.15670061,3.7930005,0.42034692,2.4241688,0.86172086,3.5289452,1.0,4.559219,-8.111624,0.3888889,44.742126,0.0,0.0,0.0,1.0,0.0,0,6.874162,7.065514,0.17807892,0.0,3.5798426,5.0012918,1.8176876,1.597282,4.0721464,3.4621584
0,142,143.0,10.0,1.0,1.0,124.0,1.0,1.0,1.0,0.9999922,1.0,-0.0,0.0,-7.81378e-06,-0.0,0.27090535,3.799346,0.4302053,2.455927,0.8162394,3.1674998,1.0,4.2139378,-6.4992027,0.38425925,44.545246,0.0,0.0,0.0,1.0,0.0,0,6.500169,7.1554856,0.71742475,0.0,4.046657,6.330705,2.1386685,1.6842349,4.6465535,4.5229387
1,142,143.0,10.0,1.0,1.0,124.0,1.0,1.0,1.0,0.9999918,1.0,-0.0,0.0,-8.201307e-06,-0.0,0.20731054,3.8365104,0.40751263,3.1508987,0.89413154,3.6187506,1.0,4.5871882,-6.8047514,0.3888889,45.012943,0.0,0.0,0.0,1.0,0.0,0,6.599576,8.441001,0.25198212,0.0,3.9052682,5.336772,3.51136,2.8007972,6.7408066,4.923338
2,142,143.0,10.0,1.0,1.0,124.0,1.0,1.0,1.0,0.9999915,1.0,-0.0,0.0,-8.499578e-06,-0.0,0.26659146,3.7191842,0.44021747,2.6752887,0.9106171,2.992127,1.0,4.7377644,-6.658003,0.4027778,44.915043,0.0,0.0,0.0,1.0,0.0,0,6.1486187,7.3586173,0.42129913,0.0,3.8385956,3.8761861,1.6336322,1.4226125,3.6874342,4.404634
3,142,143.0,10.0,1.0,1.0,124.0,1.0,1.0,1.0,0.99999213,1.0,-0.0,0.0,-7.8763605e-06,-0.0,0.24344958,3.7668717,0.41451818,2.8172317,0.8554002,3.5666754,1.0,4.8851542,-6.787345,0.3888889,45.10728,0.0,0.0,0.0,1.0,0.0,0,6.424124,7.017666,0.41914156,0.0,3.787315,5.124931,1.7551968,1.7115346,4.3429723,3.508805
0,143,144.0,10.0,1.0,1.0,125.0,1.0,1.0,1.0,0.99999017,1.0,-0.0,0.0,-9.858047e-06,-0.0,0.3273744,3.8680832,0.44214958,2.1957843,0.81370574,3.1344595,1.0,4.089596,-6.9799294,0.38425925,44.961422,0.0,0.0,0.0,1.0,0.0,0,7.246235,6.8825355,0.10937966,0.0,2.5303626,6.3853707,2.1590464,1.4071559,4.3165293,4.221677
1,143,144.0,10.0,1.0,1.0,125.0,1.0,1.0,1.0,0.9999899,1.0,-0.0,0.0,-1.0047011e-05,-0.0,0.2400577,3.883196,0.40244195,2.8344061,0.8987349,3.6645377,1.0,4.4575987,-7.6288953,0.3888889,45.40951,0.0,0.0,0.0,1.0,0.0,0,7.1295867,8.430015,0.0,0.0,2.3067057,5.396778,3.0918279,2.4018896,5.908664,4.4798083
2,143,144.0,10.0,1.0,1.0,125.0,1.0,1.0,1.0,0.9999894,1.0,-0.0,0.0,-1.0600458e-05,-0.0,0.2951257,3.7668889,0.45433822,2.3192184,0.9064203,3.0272386,1.0,4.6336684,-7.4219832,0.4027778,45.31147,0.0,0.0,0.0,1.0,0.0,0,6.88574,6.9630847,0.0,0.0,2.8251705,3.892099,1.2892183,1.4793407,3.876073,4.6367064
3,143,144.0,10.0,1.0,1.0,125.0,1.0,1.0,1.0,0.99999005,1.0,-0.0,0.0,-9.932163e-06,-0.0,0.26208162,3.8270566,0.41677934,2.4425044,0.85198593,3.5287232,1.0,4.8652625,-7.7951794,0.3888889,45.50538,0.0,0.0,0.0,1.0,0.0,0,6.708783,6.7732825,0.0,0.0,2.6407447,5.33162,1.3830628,1.4906205,4.5382214,3.4322758
0,144,145.0,10.0,1.0,1.0,126.0,1.0,1.0,1.0,0.9999942,1.0,-0.0,0.0,-5.769717e-06,-0.0,0.30387044,3.6883798,0.4436839,2.1449332,0.81579536,3.1476676,1.0,3.966794,-6.9284253,0.38425925,45.11807,0.0,0.0,0.0,1.0,0.0,0,7.0148687,6.9076786,0.24040347,0.040745318,2.9067276,6.1734304,1.9946184,1.6541289,3.9778514,4.1602826
1,144,145.0,10.0,1.0,1.0,126.0,1.0,1.0,1.0,0.9999946,1.0,-0.0,0.0,-5.416718e-06,-0.0,0.19047782,3.7119403,0.39515355,2.7239995,0.9030342,3.7190328,1.0,4.334269,-7.9329386,0.3888889,45.56867,0.0,0.0,0.0,1.0,0.0,0,7.1749964,9.049263,0.0,0.0,2.7610161,5.2330713,3.0007148,2.3675473,5.54709,4.37718
2,144,145.0,10.0,1.0,1.0,126.0,1.0,1.0,1.0,0.99999493,1.0,-0.0,0.0,-5.0752024e-06,-0.0,0.27531123,3.5998545,0.45607415,2.2700984,0.90592456,3.0841084,1.0,4.5116687,-7.26757,0.4027778,45.459854,0.0,0.0,0.0,1.0,0.0,0,6.877954,7.258884,0.0,0.0,2.9828005,3.6355617,1.1586018,1.6033148,3.7543352,4.522533
3,144,145.0,10.0,1.0,1.0,126.0,1.0,1.0,1.0,0.999995,1.0,-0.0,0.0,-5.033159e-06,-0.0,0.23752637,3.645565,0.42089596,2.334021,0.8535289,3.5592053,1.0,4.741566,-7.77366,0.3888889,45.664665,0.0,0.0,0.0,1.0,0.0,0,6.9308095,6.936825,0.0,0.0,2.9757528,5.0690885,1.62628,1.7500411,4.1264334,3.3804061
0,145,146.0,10.0,1.0,1.0,127.0,1.0,1.0,1.0,0.9999906,1.0,-0.0,0.0,-9.404022e-06,-0.0,0.42207912,3.8597822,0.44422498,1.9869442,0.8161066,3.1406968,1.0,3.9062033,-6.79123,0.38425925,45.65099,0.0,0.0,0.0,1.0,0.0,0,6.6408134,6.718761,0.14004448,0.02591246,3.016555,6.2251287,1.8460205,1.123613,4.16433,4.201283
1,145,146.0,10.0,1.0,1.0,127.0,1.0,1.0,1.0,0.9999909,1.0,-0.0,0.0,-9.090612e-06,-0.0,0.32482183,3.8781953,0.3894556,2.5884442,0.8977243,3.6837134,1.0,4.2650313,-7.732816,0.3888889,46.117596,0.0,0.0,0.0,1.0,0.0,0,6.8019342,9.256384,0.0,0.0,2.8974733,5.850572,3.0609837,1.5628272,5.5475726,4.417562
2,145,146.0,10.0,1.0,1.0,127.0,1.0,1.0,1.0,0.99999124,1.0,-0.0,0.0,-8.7656135e-06,-0.0,0.43641293,3.7707062,0.45781717,2.3012614,0.9012355,3.115422,1.0,4.495882,-6.59948,0.4027778,45.99013,0.0,0.0,0.0,1.0,0.0,0,6.688513,7.19477,0.0,0.0,3.132028,3.653217,1.3842784,1.3639868,3.607139,4.5187173
3,145,146.0,10.0,1.0,1.0,127.0,1.0,1.0,1.0,0.99999034,1.0,-0.0,0.0,-9.673118e-06,-0.0,0.3731746,3.821885,0.42420322,2.2447865,0.85007334,3.574568,1.0,4.710105,-7.4560094,0.3888889,46.20521,0.0,0.0,0.0,1.0,0.0,0,6.475589,6.725199,0.0,0.0,3.059721,5.1106043,1.3007116,1.5052177,4.219518,3.5101779
0,146,147.0,10.0,1.0,1.0,128.0,1.0,1.0,1.0,0.99999326,1.0,-0.0,0.0,-6.742493e-06,-0.0,0.20077899,3.774704,0.468045,2.453376,0.79083693,3.1548712,1.0,4.099353,-8.091734,0.38425925,46.041504,0.0,0.0,0.0,1.0,0.0,0,6.74014,5.7958283,0.013587981,0.22577336,3.020873,6.059397,1.5508063,1.2225947,3.8039312,4.111358
1,146,147.0,10.0,1.0,1.0,128.0,1.0,1.0,1.0,0.9999929,1.0,-0.0,0.0,-7.0983165e-06,-0.0,0.16710982,3.8202214,0.43291253,3.2942145,0.8697314,3.640749,1.0,4.4882517,-8.027247,0.3888889,46.504803,0.0,0.0,0.0,1.0,0.0,0,6.3321395,8.557032,0.0,0.0,3.9075737,5.3422837,2.6604092,1.8444393,5.259288,4.445266
2,146,147.0,10.0,1.0,1.0,128.0,1.0,1.0,1.0,0.9999928,1.0,-0.0,0.0,-7.1876307e-06,-0.0,0.20273179,3.7148633,0.47000363,2.793515,0.8828178,3.1043468,1.0,4.6649723,-8.0548935,0.4027778,46.380516,0.0,0.0,0.0,1.0,0.0,0,7.08992,6.115466,0.014160961,0.0,3.4290957,3.5014458,1.2036417,1.4455761,3.6426547,4.6369224
3,146,147.0,10.0,1.0,1.0,128.0,1.0,1.0,1.0,0.99999255,1.0,-0.0,0.0,-7.4405743e-06,-0.0,0.19472055,3.742863,0.4386844,2.8629832,0.81307507,3.6009686,1.0,4.7646875,-7.942276,0.3888889,46.620483,0.0,0.0,0.0,1.0,0.0,0,7.297978,7.533193,0.024605861,0.0,3.4475708,4.8348784,1.4395138,1.5391324,4.189479,3.7173002
0,147,148.0,10.0,1.0,1.0,129.0,1.0,1.0,1.0,0.99999464,1.0,-0.0,0.0,-5.3636e-06,-0.0,0.33845678,3.9707038,0.46649483,2.4857056,0.79207283,3.078011,1.0,4.063318,-7.644335,0.38425925,46.739124,0.0,0.0,0.0,1.0,0.0,0,7.168688,6.9066644,0.37917003,0.08922284,2.947911,6.330099,1.936599,1.0137451,4.254608,4.1789985
1,147,148.0,10.0,1.0,1.0,129.0,1.0,1.0,1.0,0.99999225,1.0,-0.0,0.0,-7.769361e-06,-0.0,0.29932708,3.9896731,0.42983586,3.234747,0.8629556,3.5800385,1.0,4.3930674,-7.8572564,0.3888889,47.19848,0.0,0.0,0.0,1.0,0.0,0,7.2286654,8.654397,0.0,0.0,3.0769198,5.326527,2.8334522,1.5261747,5.3272533,4.2802343
2,147,148.0,10.0,1.0,1.0,129.0,1.0,1.0,1.0,0.999994,1.0,-0.0,0.0,-6.041301e-06,-0.0,0.3257841,3.868748,0.47413552,2.689296,0.8770205,3.1043468,1.0,4.5442433,-7.8917685,0.4027778,47.053814,0.0,0.0,0.0,1.0,0.0,0,7.505593,7.3484254,0.0,0.0,3.2580068,3.4126236,1.2464498,1.3265988,3.3737473,4.500149
3,147,148.0,10.0,1.0,1.0,129.0,1.0,1.0,1.0,0.9999935,1.0,-0.0,0.0,-6.4824694e-06,-0.0,0.30664617,3.9154859,0.4401496,2.8700826,0.80162185,3.6014032,1.0,4.8660274,-7.7862573,0.3888889,47.294212,0.0,0.0,0.0,1.0,0.0,0,7.052582,7.1505284,0.0,0.0,3.1937776,4.6716533,1.488074,1.2387006,4.329129,3.543113
0,148,149.0,10.0,1.0,1.0,130.0,1.0,1.0,1.0,0.99999344,1.0,-0.0,0.0,-6.5640565e-06,-0.0,0.31656548,3.8648744,0.48141885,2.693077,0.7826376,3.0698624,1.0,3.912014,-7.42507,0.38425925,46.855103,0.0,0.0,0.0,1.0,0.0,0,7.477802,7.1312475,0.27420294,0.4289117,3.7315345,6.237496,1.6339121,1.1836618,3.8957534,4.3858256
1,148,149.0,10.0,1.0,1.0,130.0,1.0,1.0,1.0,0.99999374,1.0,-0.0,0.0,-6.2733525e-06,-0.0,0.26995575,3.8866546,0.4439571,3.2980144,0.84739345,3.6146383,1.0,4.1783266,-7.6566095,0.3888889,47.304977,0.0,0.0,0.0,1.0,0.0,0,7.3506,8.63807,0.0,0.0,3.8154528,5.7404094,2.0839546,1.4319214,4.9778285,4.9852967
2,148,149.0,10.0,1.0,1.0,130.0,1.0,1.0,1.0,0.9999941,1.0,-0.0,0.0,-5.909563e-06,-0.0,0.30536056,3.7662,0.48600814,2.8410263,0.8640654,3.095256,1.0,4.287839,-7.688163,0.4027778,47.181137,0.0,0.0,0.0,1.0,0.0,0,7.641803,7.65083,0.0,0.0,3.9778209,3.5012348,1.2469758,0.6990452,3.224573,4.6192627
3,148,149.0,10.0,1.0,1.0,130.0,1.0,1.0,1.0,0.99999446,1.0,-0.0,0.0,-5.5729706e-06,-0.0,0.282627,3.8030338,0.4500622,2.9705977,0.7867214,3.6327844,1.0,4.6087017,-7.5786242,0.3888889,47.406162,0.0,0.0,0.0,1.0,0.0,0,7.2934065,7.1877666,0.0,0.0,3.7681484,4.6477704,1.3707658,1.0091757,4.146394,3.739728
0,149,150.0,10.0,1.0,1.0,131.0,1.0,1.0,1.0,0.9999899,1.0,-0.0,0.0,-1.0045299e-05,-0.0,0.3367141,3.9921474,0.493437,2.797715,0.7692119,3.0797906,1.0,3.65982,-7.0893726,0.38425925,47.07542,0.0,0.0,0.0,1.0,0.0,0,6.9956636,7.018707,0.27247995,0.15147045,3.8672445,6.4879804,1.5017595,1.0369937,3.7365057,4.478036
1,149,150.0,10.0,1.0,1.0,131.0,1.0,1.0,1.0,0.99999094,1.0,-0.0,0.0,-9.0624435e-06,-0.0,0.28665662,4.0111628,0.46204045,3.5075853,0.8353637,3.6282566,1.0,4.037548,-7.3636527,0.3888889,47.51377,0.0,0.0,0.0,1.0,0.0,0,7.109317,9.618264,0.0,0.0,3.8684916,5.665189,2.518659,1.6340011,5.222681,4.727626
2,149,150.0,10.0,1.0,1.0,131.0,1.0,1.0,1.0,0.9999899,1.0,-0.0,0.0,-1.0044959e-05,-0.0,0.32622552,3.8987353,0.5017997,3.0884204,0.85677886,3.1204433,1.0,4.3402753,-7.377455,0.4027778,47.401142,0.0,0.0,0.0,1.0,0.0,0,7.2250776,7.518988,0.0,0.15865499,3.7292233,3.458893,1.0206,1.3592349,3.2850218,4.5634904
3,149,150.0,10.0,1.0,1.0,131.0,1.0,1.0,1.0,0.9999905,1.0,-0.0,0.0,-9.473412e-06,-0.0,0.3006406,3.9441664,0.45760116,3.1889277,0.778773,3.6938996,1.0,4.5714464,-7.297365,0.3888889,47.633137,0.0,0.0,0.0,1.0,0.0,0,6.4191256,7.4642143,0.0,0.0,4.042694,4.7505884,1.3136467,1.6302136,4.0050583,3.79315
0,150,151.0,10.0,1.0,1.0,132.0,1.0,1.0,1.0,0.9999914,1.0,-0.0,0.0,-8.568885e-06,-0.0,0.26773548,3.7480288,0.5057924,2.77242,0.74452436,3.1364567,1.0,3.6516793,-7.341029,0.38425925,47.27299,0.0,0.0,0.0,1.0,0.0,0,7.508389,7.1594863,0.08763816,0.35307118,3.8612213,6.793509,1.6231201,0.7417721,3.896419,4.6039596
1,150,151.0,10.0,1.0,1.0,132.0,1.0,1.0,1.0,0.9999919,1.0,-0.0,0.0,-8.093772e-06,-0.0,0.2175536,3.7944312,0.47140428,3.5913908,0.81469584,3.628472,1.0,3.8939018,-7.671872,0.3888889,47.70597,0.0,0.0,0.0,1.0,0.0,0,7.579321,8.835908,0.0,0.0,4.1480904,6.0305166,2.8771687,0.98289925,5.053841,4.8359475
2,150,151.0,10.0,1.0,1.0,132.0,1.0,1.0,1.0,0.99999166,1.0,-0.0,0.0,-8.323375e-06,-0.0,0.2540413,3.6557338,0.5116979,3.0501652,0.82481134,3.098289,1.0,4.167673,-7.7171607,0.4027778,47.613197,0.0,0.0,0.0,1.0,0.0,0,7.7774425,7.862326,0.0,0.0,3.9497561,3.5553188,1.2120415,1.1474055,3.3667657,4.879234
3,150,151.0,10.0,1.0,1.0,132.0,1.0,1.0,1.0,0.9999907,1.0,-0.0,0.0,-9.301811e-06,-0.0,0.24495982,3.7044566,0.47079405,3.1431882,0.75591904,3.725342,1.0,4.523549,-7.6479,0.3888889,47.846344,0.0,0.0,0.0,1.0,0.0,0,7.443026,7.1860604,0.0,0.0,3.4391363,4.6118984,1.4438304,0.9616343,3.9865084,3.8372014
0,151,152.0,10.0,1.0,1.0,133.0,1.0,1.0,1.0,0.9999943,1.0,-0.0,0.0,-5.693873e-06,-0.0,0.34134313,3.954184,0.5079612,2.7999523,0.7448041,3.0488818,1.0,3.670025,-6.5894017,0.38425925,47.83597,0.0,0.0,0.0,1.0,0.0,0,7.906613,7.4795566,0.21640001,0.41448566,4.2023673,5.919033,1.8054034,1.035417,3.8838413,4.307481
1,151,152.0,10.0,1.0,1.0,133.0,1.0,1.0,1.0,0.99999374,1.0,-0.0,0.0,-6.272695e-06,-0.0,0.3138039,3.9950273,0.47147003,3.7236605,0.8165288,3.5534823,1.0,3.8619373,-6.721819,0.3888889,48.252155,0.0,0.0,0.0,1.0,0.0,0,7.848029,8.754308,0.0,0.0,3.882924,5.914855,2.2024407,1.536485,5.2066293,4.769012
2,151,152.0,10.0,1.0,1.0,133.0,1.0,1.0,1.0,0.99999356,1.0,-0.0,0.0,-6.4598694e-06,-0.0,0.3312543,3.8535395,0.5073868,3.1035903,0.8200617,3.0588782,1.0,4.062209,-6.703074,0.4027778,48.16279,0.0,0.0,0.0,1.0,0.0,0,7.7817345,7.44792,0.0,0.11794639,3.8508909,3.3529742,1.1301724,1.1099756,3.222743,4.5295033
3,151,152.0,10.0,1.0,1.0,133.0,1.0,1.0,1.0,0.99999374,1.0,-0.0,0.0,-6.258637e-06,-0.0,0.31785816,3.909278,0.4694087,3.2451358,0.7477389,3.6660326,1.0,4.3860173,-6.581379,0.3888889,48.405804,0.0,0.0,0.0,1.0,0.0,0,7.39843,7.4059644,0.0,0.0,3.7126086,4.6649504,1.3588676,1.1652174,4.1140513,3.6770043
0,152,153.0,10.0,1.0,1.0,134.0,1.0,1.0,1.0,0.99999195,1.0,-0.0,0.0,-8.0752525e-06,-0.0,0.2860941,3.6951468,0.51439136,2.7448964,0.7306501,3.14717,1.0,3.6089082,-6.735707,0.38425925,48.095383,0.0,0.0,0.0,1.0,0.0,0,7.5103855,7.339971,0.14454061,0.28687352,4.099447,6.6916413,1.7392865,0.87133276,3.708443,4.672808
1,152,153.0,10.0,1.0,1.0,134.0,1.0,1.0,1.0,0.99999386,1.0,-0.0,0.0,-6.134899e-06,-0.0,0.25917107,3.7544,0.47662538,3.6894464,0.8078265,3.582443,1.0,3.7528024,-7.0103536,0.3888889,48.509953,0.0,0.0,0.0,1.0,0.0,0,7.6169114,7.9837785,0.0,0.0,4.1096406,6.083965,2.7819085,1.4947224,4.9956155,4.8805323
2,152,153.0,10.0,1.0,1.0,134.0,1.0,1.0,1.0,0.9999929,1.0,-0.0,0.0,-7.074734e-06,-0.0,0.27161574,3.5979376,0.51392746,3.0719016,0.80353683,3.0922198,1.0,4.0593157,-7.055985,0.4027778,48.43285,0.0,0.0,0.0,1.0,0.0,0,7.6067324,7.371785,0.0,0.01838498,3.788265,3.4505663,1.2833179,1.021647,3.182387,4.6812634
3,152,153.0,10.0,1.0,1.0,134.0,1.0,1.0,1.0,0.9999928,1.0,-0.0,0.0,-7.1981e-06,-0.0,0.2669912,3.662251,0.47700983,3.163791,0.742374,3.7316408,1.0,4.0391965,-6.9763603,0.3888889,48.672085,0.0,0.0,0.0,1.0,0.0,0,7.0560107,7.4487867,0.0,0.0,3.6555054,4.590478,1.4487193,1.1557543,3.7965295,3.6925173
0,153,154.0,10.0,1.0,1.0,135.0,1.0,1.0,1.0,0.9999928,1.0,-0.0,0.0,-7.185481e-06,-0.0,0.33116454,4.0514665,0.5275129,3.1605728,0.73571634,3.0823312,1.0,3.7301416,-6.4332447,0.38425925,48.561172,0.0,0.0,0.0,1.0,0.0,0,7.6858234,7.1754103,0.5589013,0.18825422,4.0141654,6.4641285,1.9319736,1.062289,3.820886,4.446355
1,153,154.0,10.0,1.0,1.0,135.0,1.0,1.0,1.0,0.99999285,1.0,-0.0,0.0,-7.164645e-06,-0.0,0.31807646,4.061553,0.4969577,3.8633657,0.7993091,3.5596454,1.0,3.9035451,-6.7214537,0.3888889,48.93649,0.0,0.0,0.0,1.0,0.0,0,7.6793456,7.9455423,0.0,0.0793507,3.9363813,5.9476275,2.9152606,1.3791777,5.0642858,5.162794
2,153,154.0,10.0,1.0,1.0,135.0,1.0,1.0,1.0,0.9999931,1.0,-0.0,0.0,-6.907649e-06,-0.0,0.3254,3.9550622,0.51655847,3.4212708,0.8043842,3.0670562,1.0,4.1337013,-6.6864405,0.4027778,48.900276,0.0,0.0,0.0,1.0,0.0,0,7.514047,7.794323,0.0,0.09891973,3.6145382,3.4806273,1.2019277,1.1474537,3.0542052,4.666909
3,153,154.0,10.0,1.0,1.0,135.0,1.0,1.0,1.0,0.9999924,1.0,-0.0,0.0,-7.632814e-06,-0.0,0.32023376,4.005943,0.48497668,3.4597228,0.7374837,3.720085,1.0,4.2565274,-6.573962,0.3888889,49.130634,0.0,0.0,0.0,1.0,0.0,0,7.112655,7.461643,0.0,0.0,3.7842436,4.690233,1.3354537,1.2267725,3.7142143,3.7405717
0,154,155.0,10.0,1.0,1.0,136.0,1.0,1.0,1.0,0.9999933,1.0,-0.0,0.0,-6.6597845e-06,-0.0,0.282152,3.6833901,0.5352003,3.0090837,0.708725,3.1096377,1.0,3.785738,-6.593972,0.38425925,48.865135,0.0,0.0,0.0,1.0,0.0,0,8.361969,7.1952906,0.0,0.17670132,3.0589142,6.24447,1.7647247,0.88690794,3.5940895,4.5482945
1,154,155.0,10.0,1.0,1.0,136.0,1.0,1.0,1.0,0.99999326,1.0,-0.0,0.0,-6.718848e-06,-0.0,0.25292522,3.742294,0.50248027,3.8950484,0.7803169,3.593352,1.0,3.855137,-6.822666,0.3888889,49.22382,0.0,0.0,0.0,1.0,0.0,0,7.7540703,8.584491,0.0,0.0,4.325974,6.6084294,3.190972,0.76075083,4.8837304,5.3029785
2,154,155.0,10.0,1.0,1.0,136.0,1.0,1.0,1.0,0.99999315,1.0,-0.0,0.0,-6.8471836e-06,-0.0,0.27915984,3.6185713,0.51981795,3.2506793,0.769936,3.054525,1.0,4.1855855,-6.856816,0.4027778,49.17573,0.0,0.0,0.0,1.0,0.0,0,7.638153,7.950536,0.0,0.0,3.924963,3.5791235,1.0253637,0.96833175,3.2932017,4.908991
3,154,155.0,10.0,1.0,1.0,136.0,1.0,1.0,1.0,0.9999931,1.0,-0.0,0.0,-6.900291e-06,-0.0,0.26802832,3.6637366,0.48975003,3.4093523,0.7117298,3.738138,1.0,4.2475915,-6.802181,0.3888889,49.430943,0.0,0.0,0.0,1.0,0.0,0,7.3815694,6.953504,0.0,0.0,3.7943857,4.755301,1.3434743,0.78509015,3.7995014,3.806705
0,155,156.0,10.0,1.0,1.0,137.0,1.0,1.0,1.0,0.9999938,1.0,-0.0,0.0,-6.1773e-06,-0.0,0.30669048,3.8668122,0.53915244,3.0825853,0.71117246,3.000487,1.0,3.5693026,-6.28403,0.38425925,49.234997,0.0,0.0,0.0,1.0,0.0,0,7.8405967,7.83245,0.26307133,0.16979833,4.1181927,6.3846755,1.923316,0.79472774,3.5785844,4.5349326
1,155,156.0,10.0,1.0,1.0,137.0,1.0,1.0,1.0,0.9999942,1.0,-0.0,0.0,-5.794525e-06,-0.0,0.2982743,3.9350965,0.50686544,3.9580495,0.7826025,3.540019,1.0,3.7891505,-6.5291133,0.3888889,49.626125,0.0,0.0,0.0,1.0,0.0,0,8.182745,9.013353,0.0,0.034338214,4.0764594,5.930541,3.0293407,1.4234365,4.831836,4.9812603
2,155,156.0,10.0,1.0,1.0,137.0,1.0,1.0,1.0,0.9999923,1.0,-0.0,0.0,-7.679534e-06,-0.0,0.31712914,3.8075957,0.5224959,3.2540486,0.77190864,3.0054398,1.0,3.985214,-6.4997244,0.4027778,49.57385,0.0,0.0,0.0,1.0,0.0,0,7.639541,7.564304,0.0,0.04036444,4.039031,3.465832,1.0282162,1.003953,3.031842,4.7019267
3,155,156.0,10.0,1.0,1.0,137.0,1.0,1.0,1.0,0.9999932,1.0,-0.0,0.0,-6.78445e-06,-0.0,0.29851532,3.8466163,0.49312812,3.3826137,0.7068895,3.6796732,1.0,4.001691,-6.4143353,0.3888889,49.824898,0.0,0.0,0.0,1.0,0.0,0,7.3070464,7.6580124,0.0,0.0,3.8638344,4.681523,1.311599,0.9769415,3.6847918,3.7533445
0,156,157.0,10.0,1.0,1.0,138.0,1.0,1.0,1.0,0.9999937,1.0,-0.0,0.0,-6.3451002e-06,-0.0,0.29349214,3.6370468,0.5368173,2.9573932,0.7075383,3.0140224,1.0,3.6394331,-6.5019875,0.38425925,49.405567,0.0,0.0,0.0,1.0,0.0,0,7.8284903,7.513776,0.12518556,0.18730952,3.6907203,6.367544,1.8322532,0.6269444,3.5702524,4.7281804
1,156,157.0,10.0,1.0,1.0,138.0,1.0,1.0,1.0,0.9999939,1.0,-0.0,0.0,-6.089543e-06,-0.0,0.28898978,3.7073226,0.49452433,3.6871119,0.7687974,3.5666754,1.0,3.9123142,-6.7128687,0.3888889,49.78562,0.0,0.0,0.0,1.0,0.0,0,7.756172,9.368149,0.0,0.0,4.383489,6.290757,2.9697473,1.0276215,4.9729533,5.533505
2,156,157.0,10.0,1.0,1.0,138.0,1.0,1.0,1.0,0.9999934,1.0,-0.0,0.0,-6.598036e-06,-0.0,0.3034167,3.577504,0.5193733,3.1384528,0.76694846,3.075976,1.0,4.066064,-6.676758,0.4027778,49.761074,0.0,0.0,0.0,1.0,0.0,0,7.560737,7.4585376,0.0,0.04098018,3.9110186,3.560911,1.2324461,1.021157,2.846296,4.872885
3,156,157.0,10.0,1.0,1.0,138.0,1.0,1.0,1.0,0.99999344,1.0,-0.0,0.0,-6.54649e-06,-0.0,0.2882652,3.6051128,0.49200058,3.1209447,0.68969274,3.7731555,1.0,4.30798,-6.5488944,0.3888889,49.99833,0.0,0.0,0.0,1.0,0.0,0,7.0358143,7.723753,0.0,0.0,4.119972,4.6966233,1.2912548,0.73348355,3.6827989,3.9774122
0,157,158.0,10.0,1.0,1.0,139.0,1.0,1.0,1.0,0.9999943,1.0,-0.0,0.0,-5.716998e-06,-0.0,0.27965754,3.8014386,0.5469959,3.1716983,0.6926099,2.9700704,1.0,3.698035,-6.1900353,0.38425925,49.709446,0.0,0.0,0.0,1.0,0.0,0,7.549009,7.923553,0.21620901,0.11254414,3.9338584,6.3856926,1.7678244,1.2133697,3.5827804,4.7500796
1,157,158.0,10.0,1.0,1.0,139.0,1.0,1.0,1.0,0.9999928,1.0,-0.0,0.0,-7.182397e-06,-0.0,0.27973914,3.8548975,0.51818377,4.0740323,0.7742341,3.5855012,1.0,3.9200149,-6.5236874,0.3888889,50.077473,0.0,0.0,0.0,1.0,0.0,0,8.323733,8.806025,0.0,0.0,4.0347347,6.428776,2.6619196,1.8915478,4.932501,5.794897
2,157,158.0,10.0,1.0,1.0,139.0,1.0,1.0,1.0,0.9999937,1.0,-0.0,0.0,-6.3077373e-06,-0.0,0.28729066,3.738665,0.5270182,3.4301827,0.75836766,3.0111642,1.0,3.9840345,-6.464966,0.4027778,50.06306,0.0,0.0,0.0,1.0,0.0,0,7.549818,7.9095154,0.0,0.0011653627,3.8983939,3.6031415,1.2951393,1.1348863,2.9294267,4.95163
3,157,158.0,10.0,1.0,1.0,139.0,1.0,1.0,1.0,0.9999932,1.0,-0.0,0.0,-6.769604e-06,-0.0,0.26856995,3.7709966,0.5008756,3.4228723,0.68924487,3.7602704,1.0,4.113708,-6.3626637,0.3888889,50.30671,0.0,0.0,0.0,1.0,0.0,0,7.128656,7.594064,0.0,0.0,3.5308528,4.7079887,1.3166542,1.2930809,3.5512788,3.9729996
0,158,159.0,10.0,1.0,1.0,140.0,1.0,1.0,1.0,0.9999941,1.0,-0.0,0.0,-5.9069635e-06,-0.0,0.29868335,3.7289674,0.5375337,2.9705977,0.690507,2.9427996,1.0,3.765148,-6.2996893,0.38425925,49.899937,0.0,0.0,0.0,1.0,0.0,0,7.8533034,7.6648355,0.0,0.09927385,3.2998815,6.255204,1.5792874,1.1611273,3.3151467,4.7690787
1,158,159.0,10.0,1.0,1.0,140.0,1.0,1.0,1.0,0.9999942,1.0,-0.0,0.0,-5.7853226e-06,-0.0,0.30021593,3.7836685,0.5032713,3.70617,0.7646151,3.5543635,1.0,4.0218506,-6.5869036,0.3888889,50.241947,0.0,0.0,0.0,1.0,0.0,0,7.627382,7.6858325,0.0,0.041782394,3.83887,6.684432,2.7341719,1.4393829,4.5044,5.5454865
2,158,159.0,10.0,1.0,1.0,140.0,1.0,1.0,1.0,0.99999434,1.0,-0.0,0.0,-5.654653e-06,-0.0,0.317784,3.6788888,0.5144715,3.123452,0.7511517,3.0017912,1.0,4.147843,-6.5379534,0.4027778,50.23902,0.0,0.0,0.0,1.0,0.0,0,7.668883,7.3894215,0.0,0.024850275,3.2652707,3.5710669,1.178124,1.1086311,2.7847357,4.8139644
3,158,159.0,10.0,1.0,1.0,140.0,1.0,1.0,1.0,0.9999944,1.0,-0.0,0.0,-5.5769096e-06,-0.0,0.2919864,3.702265,0.49160087,3.13396,0.678361,3.7706654,1.0,4.4398994,-6.411955,0.3888889,50.473606,0.0,0.0,0.0,1.0,0.0,0,7.1164827,7.8192587,0.0,0.0,3.181058,4.6865897,1.0288748,1.5085403,3.379515,4.1114407
0,159,160.0,10.0,1.0,1.0,141.0,1.0,1.0,1.0,0.9999932,1.0,-0.0,0.0,-6.7794344e-06,-0.0,0.31489804,3.713272,0.53169423,2.9324076,0.69726354,2.8880272,1.0,3.868473,-6.2970595,0.38425925,50.101078,0.0,0.0,0.0,1.0,0.0,0,7.697706,7.612269,0.0,0.10055691,3.1815627,6.0380063,1.5921954,1.2539873,3.4689288,4.808431
1,159,160.0,10.0,1.0,1.0,141.0,1.0,1.0,1.0,0.99999374,1.0,-0.0,0.0,-6.2482864e-06,-0.0,0.3221262,3.7754025,0.48829782,3.6360152,0.7579067,3.470792,1.0,4.1070375,-6.570011,0.3888889,50.44561,0.0,0.0,0.0,1.0,0.0,0,7.681821,8.30053,0.0,0.025803702,3.4939792,5.9991984,2.9563572,1.273563,4.4780955,5.360695
2,159,160.0,10.0,1.0,1.0,141.0,1.0,1.0,1.0,0.99999356,1.0,-0.0,0.0,-6.463802e-06,-0.0,0.33473447,3.669123,0.5048458,3.0409122,0.7554611,2.9800687,1.0,4.267372,-6.532539,0.4027778,50.441963,0.0,0.0,0.0,1.0,0.0,0,7.4399657,7.263386,0.0,0.016842077,3.375159,3.5860937,1.216367,1.0774535,2.726246,4.7790117
3,159,160.0,10.0,1.0,1.0,141.0,1.0,1.0,1.0,0.99999356,1.0,-0.0,0.0,-6.4367932e-06,-0.0,0.3105156,3.6927912,0.4883314,3.061692,0.68125194,3.7162955,1.0,4.556855,-6.3982325,0.3888889,50.67309,0.0,0.0,0.0,1.0,0.0,0,7.015919,7.4993052,0.0,0.0,3.201596,4.77307,0.97033954,1.222618,3.4287682,4.044862
0,160,161.0,10.0,1.0,1.0,142.0,1.0,1.0,1.0,0.99999326,1.0,-0.0,0.0,-6.75743e-06,-0.0,0.308609,3.7047625,0.5315037,2.9634745,0.6879561,2.904244,1.0,3.9625459,-6.2568502,0.38425925,50.33214,0.0,0.0,0.0,1.0,0.0,0,7.7238317,7.975227,0.2283283,0.12251183,3.0977507,6.0500364,1.5057529,1.3650551,3.6402056,4.7330074
1,160,161.0,10.0,1.0,1.0,142.0,1.0,1.0,1.0,0.99999416,1.0,-0.0,0.0,-5.821338e-06,-0.0,0.33618844,3.7542646,0.4767864,3.5095935,0.7396214,3.349825,1.0,4.1683307,-6.540019,0.3888889,50.659824,0.0,0.0,0.0,1.0,0.0,0,7.494913,8.073132,0.0,0.006694963,3.238839,5.9878254,2.8856864,0.99523014,4.2695694,5.524148
2,160,161.0,10.0,1.0,1.0,142.0,1.0,1.0,1.0,0.99999356,1.0,-0.0,0.0,-6.4509964e-06,-0.0,0.33317208,3.6543477,0.50423455,3.065269,0.7474384,2.9637387,1.0,4.361208,-6.5029917,0.4027778,50.667633,0.0,0.0,0.0,1.0,0.0,0,7.700132,7.826827,0.0,0.017639438,3.4414983,3.6218083,1.139394,1.1686692,2.6972358,4.9613895
3,160,161.0,10.0,1.0,1.0,142.0,1.0,1.0,1.0,0.9999934,1.0,-0.0,0.0,-6.595125e-06,-0.0,0.31275973,3.6791828,0.48911142,3.1279597,0.6763808,3.678822,1.0,4.673154,-6.382078,0.3888889,50.899654,0.0,0.0,0.0,1.0,0.0,0,7.1190286,7.277838,0.0,0.0,3.6765308,4.760255,1.0885931,1.1778477,3.1735334,4.046326
0,161,162.0,10.0,1.0,1.0,143.0,1.0,1.0,1.0,0.99999285,1.0,-0.0,0.0,-7.1498775e-06,-0.0,0.35502726,3.7254474,0.5259181,2.7554276,0.6952492,2.862436,1.0,4.015565,-6.0610695,0.38425925,50.597454,0.0,0.0,0.0,1.0,0.0,0,7.6169133,7.4414754,0.0,0.13398825,2.7251563,6.300425,1.5174202,1.362381,3.7022457,4.810344
1,161,162.0,10.0,1.0,1.0,143.0,1.0,1.0,1.0,0.99999374,1.0,-0.0,0.0,-6.2841336e-06,-0.0,0.37913954,3.7730613,0.46554002,3.478452,0.7447795,3.2830272,1.0,4.323229,-6.406825,0.3888889,50.92962,0.0,0.0,0.0,1.0,0.0,0,7.0644865,7.1635976,0.0,0.053907383,3.223671,6.1425686,2.3270986,1.3810949,4.07109,5.443956
2,161,162.0,10.0,1.0,1.0,143.0,1.0,1.0,1.0,0.9999937,1.0,-0.0,0.0,-6.327399e-06,-0.0,0.3921531,3.6698885,0.4981061,2.8999283,0.7528631,2.893172,1.0,4.439591,-6.205166,0.4027778,50.9286,0.0,0.0,0.0,1.0,0.0,0,7.5167885,7.377471,0.0,0.037781,2.9884276,3.8032212,1.0978211,1.3751193,2.4978588,4.7472944
3,161,162.0,10.0,1.0,1.0,143.0,1.0,1.0,1.0,0.9999933,1.0,-0.0,0.0,-6.6794823e-06,-0.0,0.35507008,3.695305,0.48842764,2.9902954,0.6835538,3.5673337,1.0,4.786592,-6.30367,0.3888889,51.161034,0.0,0.0,0.0,1.0,0.0,0,6.887545,7.298868,0.0,0.0,3.012009,5.000205,1.0222907,1.4082512,3.0960526,4.1002235
0,162,163.0,10.0,1.0,1.0,144.0,1.0,1.0,1.0,0.99999255,1.0,-0.0,0.0,-7.4287946e-06,-0.0,0.35696626,3.7061186,0.5265039,2.720549,0.68682593,2.8831441,1.0,4.1222677,-6.027406,0.38425925,50.906807,0.0,0.0,0.0,1.0,0.0,0,7.6693535,7.581375,0.0,0.13822116,2.856662,6.375291,1.3183742,1.4684495,3.5248253,4.839606
1,162,163.0,10.0,1.0,1.0,144.0,1.0,1.0,1.0,0.99999267,1.0,-0.0,0.0,-7.3206625e-06,-0.0,0.4220046,3.7553663,0.45697224,3.298489,0.735407,3.1766307,1.0,4.368432,-6.2006655,0.3888889,51.211422,0.0,0.0,0.0,1.0,0.0,0,7.14503,8.861578,0.0,0.0,3.7996032,6.420203,2.353099,1.2536103,3.8310215,5.6988254
2,162,163.0,10.0,1.0,1.0,144.0,1.0,1.0,1.0,0.9999931,1.0,-0.0,0.0,-6.9427556e-06,-0.0,0.41137075,3.652149,0.4966047,2.801629,0.74040294,2.9192982,1.0,4.553415,-6.070519,0.4027778,51.227524,0.0,0.0,0.0,1.0,0.0,0,7.525317,7.237493,0.0,0.0146071855,3.0043046,3.8467073,1.3429933,1.1913341,2.241113,5.044396
3,162,163.0,10.0,1.0,1.0,144.0,1.0,1.0,1.0,0.99999285,1.0,-0.0,0.0,-7.179636e-06,-0.0,0.37869364,3.680133,0.4885905,2.9589806,0.6834587,3.498647,1.0,4.907241,-6.2560906,0.3888889,51.45967,0.0,0.0,0.0,1.0,0.0,0,6.8433495,7.330612,0.0,0.0,2.9878733,5.1583967,0.9026017,1.2787552,2.7191331,4.0603967
0,163,164.0,10.0,1.0,1.0,145.0,1.0,1.0,1.0,0.99999326,1.0,-0.0,0.0,-6.7164774e-06,-0.0,0.44197476,3.712654,0.5231628,2.6351964,0.68707633,2.9608319,1.0,4.2470846,-5.239217,0.38425925,51.196217,0.0,0.0,0.0,1.0,0.0,0,7.4105206,7.517752,0.0,0.06346763,2.7796462,6.4326286,1.1879479,1.4626417,3.7074506,4.8757467
1,163,164.0,10.0,1.0,1.0,145.0,1.0,1.0,1.0,0.9999922,1.0,-0.0,0.0,-7.82095e-06,-0.0,0.49378908,3.7814434,0.45032138,3.227479,0.7422081,3.2138681,1.0,4.4794273,-5.7519693,0.3888889,51.51663,0.0,0.0,0.0,1.0,0.0,0,6.8689284,9.043738,0.0,0.0,3.7516215,6.3652534,2.1849456,1.5727985,3.7983696,5.888176
2,163,164.0,10.0,1.0,1.0,145.0,1.0,1.0,1.0,0.9999934,1.0,-0.0,0.0,-6.594022e-06,-0.0,0.49063748,3.6670494,0.49414054,2.7179585,0.7394604,2.9734948,1.0,4.6912684,-5.4417157,0.4027778,51.523636,0.0,0.0,0.0,1.0,0.0,0,7.1061893,7.537699,0.0,0.0,2.962452,3.885109,1.0428607,1.9674349,2.5242763,5.45759
3,163,164.0,10.0,1.0,1.0,145.0,1.0,1.0,1.0,0.99999356,1.0,-0.0,0.0,-6.4447763e-06,-0.0,0.4446339,3.690313,0.48612022,2.881515,0.6885135,3.4365666,1.0,5.0571423,-5.864812,0.3888889,51.750893,0.0,0.0,0.0,1.0,0.0,0,6.658536,7.2263417,0.0,0.0,2.9840076,5.2196245,0.90942687,1.3288769,3.3772855,3.9616632
0,164,165.0,10.0,1.0,1.0,146.0,1.0,1.0,1.0,0.9999926,1.0,-0.0,0.0,-7.400255e-06,-0.0,0.48553124,3.7183754,0.5237775,2.6155186,0.68653345,2.98558,1.0,4.3523517,-4.889207,0.38425925,51.50277,0.0,0.0,0.0,1.0,0.0,0,7.375243,7.6073136,0.0,0.07709604,2.7342505,6.2756214,1.0294787,1.558937,3.6088698,4.841953
1,164,165.0,10.0,1.0,1.0,146.0,1.0,1.0,1.0,0.9999924,1.0,-0.0,0.0,-7.65729e-06,-0.0,0.5428947,3.7994611,0.45082462,3.2050877,0.73975545,3.2463417,1.0,4.5658307,-5.274806,0.3888889,51.826252,0.0,0.0,0.0,1.0,0.0,0,6.9254303,8.027924,0.0,0.0,2.8182304,6.362507,1.5714245,1.479831,3.4373775,5.878279
2,164,165.0,10.0,1.0,1.0,146.0,1.0,1.0,1.0,0.99999267,1.0,-0.0,0.0,-7.308562e-06,-0.0,0.52557254,3.6717997,0.49325103,2.708149,0.7414125,2.9618893,1.0,4.8265343,-5.1547046,0.4027778,51.825893,0.0,0.0,0.0,1.0,0.0,0,7.704805,8.59958,0.0,0.0,2.676505,3.9571133,0.90346044,1.2989492,2.6386173,5.1959043
3,164,165.0,10.0,1.0,1.0,146.0,1.0,1.0,1.0,0.9999928,1.0,-0.0,0.0,-7.1871536e-06,-0.0,0.4976727,3.6976914,0.48876867,2.8817863,0.6930582,3.390011,1.0,5.1618276,-5.469931,0.3888889,52.04952,0.0,0.0,0.0,1.0,0.0,0,6.656789,7.254091,0.0,0.0,2.9465115,5.2682414,0.8304139,1.3839128,3.4127412,4.0883946
0,165,166.0,10.0,1.0,1.0,147.0,1.0,1.0,1.0,0.9999926,1.0,-0.0,0.0,-7.412021e-06,-0.0,0.39135033,3.5565355,0.5428558,2.74033,0.6163181,3.4890127,1.0,4.4637456,-5.0087366,0.38425925,51.671375,0.0,0.0,0.0,1.0,0.0,0,7.819528,7.4098125,0.0,0.06829469,2.3480844,6.4835715,1.1307161,1.1085604,3.9086754,5.2286553
1,165,166.0,10.0,1.0,1.0,147.0,1.0,1.0,1.0,0.9999926,1.0,-0.0,0.0,-7.4075447e-06,-0.0,0.46330208,3.646665,0.47111088,3.3514605,0.6663707,3.1788478,1.0,4.6483564,-5.148664,0.3888889,51.994793,0.0,0.0,0.0,1.0,0.0,0,7.6596966,8.111635,0.0,0.0,2.973165,6.208543,1.5188751,1.6514573,3.2496552,6.26801
2,165,166.0,10.0,1.0,1.0,147.0,1.0,1.0,1.0,0.9999925,1.0,-0.0,0.0,-7.5282455e-06,-0.0,0.45114124,3.5195973,0.5095138,2.9547448,0.6641907,3.224567,1.0,4.89597,-5.0014296,0.4027778,51.997696,0.0,0.0,0.0,1.0,0.0,0,8.184454,8.171813,0.0,0.0,1.9846749,4.7726746,0.7946008,1.5157768,3.1965103,6.1795626
3,165,166.0,10.0,1.0,1.0,147.0,1.0,1.0,1.0,0.9999925,1.0,-0.0,0.0,-7.5243406e-06,-0.0,0.405775,3.541692,0.5077824,3.0504217,0.62986386,3.7006748,1.0,5.2164655,-5.6011395,0.3888889,52.225292,0.0,0.0,0.0,1.0,0.0,0,7.1955085,6.867385,0.0,0.0,2.9210758,5.591975,0.95017105,1.1137514,3.4771538,4.509133
0,166,167.0,10.0,1.0,1.0,148.0,1.0,1.0,1.0,0.9999917,1.0,-0.0,0.0,-8.293031e-06,-0.0,0.5100813,3.702201,0.53347236,2.6720684,0.6261473,3.5162783,1.0,4.5823174,-3.9674678,0.38425925,52.043068,0.0,0.0,0.0,1.0,0.0,0,7.684701,7.6662173,0.0,0.29548368,2.5219116,6.177401,0.9401027,1.3607389,4.252405,5.081341
1,166,167.0,10.0,1.0,1.0,148.0,1.0,1.0,1.0,0.99999267,1.0,-0.0,0.0,-7.3185874e-06,-0.0,0.560189,3.7821755,0.4553703,3.1590865,0.6790535,3.1721919,1.0,4.671351,-4.502704,0.3888889,52.357586,0.0,0.0,0.0,1.0,0.0,0,6.7824755,9.15289,0.0,0.0,3.3439584,6.207167,1.2921671,1.9921827,4.137155,6.472751
2,166,167.0,10.0,1.0,1.0,148.0,1.0,1.0,1.0,0.99999183,1.0,-0.0,0.0,-8.193688e-06,-0.0,0.54516125,3.6476228,0.5106677,2.821119,0.6731356,3.2434468,1.0,4.92581,-4.209921,0.4027778,52.351635,0.0,0.0,0.0,1.0,0.0,0,7.4360037,7.49647,0.0,0.04200873,2.7258952,4.1694617,0.87380874,1.1824751,3.05012,5.4360337
3,166,167.0,10.0,1.0,1.0,148.0,1.0,1.0,1.0,0.99999166,1.0,-0.0,0.0,-8.319186e-06,-0.0,0.543591,3.675249,0.5077309,2.9756002,0.64608514,3.643113,1.0,5.1984043,-4.428575,0.3888889,52.584766,0.0,0.0,0.0,1.0,0.0,0,6.958427,7.3655195,0.0,0.0,2.7630076,5.335154,0.8179589,1.2932829,3.9819288,4.3301387
0,167,168.0,10.0,1.0,1.0,149.0,1.0,1.0,1.0,0.99999285,1.0,-0.0,0.0,-7.1379463e-06,-0.0,0.30720085,3.466849,0.5504988,2.699174,0.5559573,4.304629,1.0,4.516746,-4.9129615,0.38425925,52.19341,0.0,0.0,0.0,1.0,0.0,0,8.37368,6.9684668,0.0,0.22700565,2.8123505,6.554216,0.7634719,0.9248306,3.840675,5.4922457
1,167,168.0,10.0,1.0,1.0,149.0,1.0,1.0,1.0,0.999993,1.0,-0.0,0.0,-6.995642e-06,-0.0,0.38551167,3.5378914,0.48294657,3.3341315,0.60419255,3.5073621,1.0,4.6909347,-4.886983,0.3888889,52.521408,0.0,0.0,0.0,1.0,0.0,0,7.915266,7.1961856,0.0,0.0,3.9979277,6.2094674,1.0791847,0.82307374,4.0554214,6.753881
2,167,168.0,10.0,1.0,1.0,149.0,1.0,1.0,1.0,0.999993,1.0,-0.0,0.0,-6.958182e-06,-0.0,0.3779549,3.407061,0.5308928,3.0668008,0.60148686,3.8222156,1.0,4.84343,-4.771942,0.4027778,52.511604,0.0,0.0,0.0,1.0,0.0,0,7.810716,6.207893,0.0,0.09558613,3.5894163,4.473484,0.8038754,0.9154028,2.9045522,5.157729
3,167,168.0,10.0,1.0,1.0,149.0,1.0,1.0,1.0,0.9999925,1.0,-0.0,0.0,-7.482331e-06,-0.0,0.34793764,3.4380476,0.5256867,3.0757213,0.5785169,4.2041574,1.0,5.0906982,-5.324049,0.3888889,52.738716,0.0,0.0,0.0,1.0,0.0,0,8.005087,6.5820236,0.0,0.0,3.336971,5.4272532,0.86859477,0.85684043,3.6813045,4.568157
0,168,169.0,10.0,1.0,1.0,150.0,1.0,1.0,1.0,0.99999183,1.0,-0.0,0.0,-8.158821e-06,-0.0,0.61490536,3.741959,0.5485714,2.578142,0.5904962,3.9697015,1.0,4.5422597,-2.3587794,0.38425925,52.64667,0.0,0.0,0.0,1.0,0.0,0,7.6957955,7.4960594,0.0,0.10818928,2.5386956,6.437198,0.86282265,1.7300007,3.6337237,5.163332
1,168,169.0,10.0,1.0,1.0,150.0,1.0,1.0,1.0,0.99999297,1.0,-0.0,0.0,-7.01714e-06,-0.0,0.6268952,3.8184717,0.4635781,3.084616,0.6462267,3.1845062,1.0,4.7123084,-3.3289938,0.3888889,52.98314,0.0,0.0,0.0,1.0,0.0,0,7.0903144,8.01345,0.0,0.0,2.8950884,6.3203607,1.0161011,1.631904,3.6709018,6.132205
2,168,169.0,10.0,1.0,1.0,150.0,1.0,1.0,1.0,0.9999919,1.0,-0.0,0.0,-8.118533e-06,-0.0,0.6927662,3.6998827,0.5190993,2.9219782,0.6295921,3.5977063,1.0,4.848766,-2.0259078,0.4027778,52.98239,0.0,0.0,0.0,1.0,0.0,0,7.6465306,7.5383296,0.0,0.05250439,2.7767699,4.475099,0.738486,1.6753001,2.7303483,5.331625
3,168,169.0,10.0,1.0,1.0,150.0,1.0,1.0,1.0,0.9999921,1.0,-0.0,0.0,-7.91231e-06,-0.0,0.67833066,3.714769,0.5213441,3.0437424,0.60532844,3.971476,1.0,5.094853,-2.3359563,0.3888889,53.19109,0.0,0.0,0.0,1.0,0.0,0,7.0154166,7.2509766,0.0,0.0,2.8031092,5.5432496,0.9039637,1.5481354,3.6337752,4.374646
0,169,170.0,10.0,1.0,1.0,151.0,1.0,1.0,1.0,0.99999076,1.0,-0.0,0.0,-9.248116e-06,-0.0,0.33748484,3.6423867,0.5550094,2.689296,0.5842244,4.0301766,1.0,4.7388387,-5.08043,0.38425925,52.879066,0.0,0.0,0.0,1.0,0.0,0,7.5583477,7.5233264,0.0,0.10420633,2.9728134,6.423161,0.89012635,1.4065533,3.8485274,4.9904795
1,169,170.0,10.0,1.0,1.0,151.0,1.0,1.0,1.0,0.999992,1.0,-0.0,0.0,-7.994342e-06,-0.0,0.3938608,3.725079,0.4650492,3.273476,0.61372936,3.2999127,1.0,4.9882555,-5.263129,0.3888889,53.21123,0.0,0.0,0.0,1.0,0.0,0,7.5437655,7.912386,0.0,0.0,3.2348607,6.0717607,1.2257564,0.96721256,3.6365952,6.270983
2,169,170.0,10.0,1.0,1.0,151.0,1.0,1.0,1.0,0.9999904,1.0,-0.0,0.0,-9.595516e-06,-0.0,0.40938705,3.6178682,0.5208988,2.9313395,0.60481954,3.7917824,1.0,5.081144,-4.7762227,0.4027778,53.22904,0.0,0.0,0.0,1.0,0.0,0,8.06782,7.525794,0.0,0.0,3.1122441,4.815489,0.708044,1.2188985,3.1210556,5.433816
3,169,170.0,10.0,1.0,1.0,151.0,1.0,1.0,1.0,0.99999046,1.0,-0.0,0.0,-9.509295e-06,-0.0,0.38772935,3.6246142,0.5272298,3.0992997,0.5961074,4.043557,1.0,5.2897987,-5.266599,0.3888889,53.429268,0.0,0.0,0.0,1.0,0.0,0,7.3187375,7.0019712,0.0,0.0,2.281979,5.315279,0.99195766,1.3394446,3.9687512,4.2935987
0,170,171.0,10.0,1.0,1.0,152.0,1.0,1.0,1.0,0.999989,1.0,-0.0,0.0,-1.1003775e-05,-0.0,0.49413925,3.7899024,0.55142313,2.584207,0.60261995,3.8944457,1.0,4.6814036,-3.6922078,0.38425925,53.298134,0.0,0.0,0.0,1.0,0.0,0,7.753705,7.8214574,0.0,0.2368477,2.5878294,6.216183,0.72139496,1.7882646,3.950359,5.0689754
1,170,171.0,10.0,1.0,1.0,152.0,1.0,1.0,1.0,0.99999046,1.0,-0.0,0.0,-9.542855e-06,-0.0,0.4696004,3.8555675,0.4566937,2.9133933,0.6447886,3.086899,1.0,4.9070015,-5.136913,0.3888889,53.6264,0.0,0.0,0.0,1.0,0.0,0,6.9770417,7.9487195,0.0,0.0,2.9644704,6.237134,1.1783385,1.9309491,3.892068,6.2511015
2,170,171.0,10.0,1.0,1.0,152.0,1.0,1.0,1.0,0.9999898,1.0,-0.0,0.0,-1.0209497e-05,-0.0,0.53003764,3.7408485,0.52191985,2.7576993,0.62190604,3.6726463,1.0,5.053344,-3.812341,0.4027778,53.62693,0.0,0.0,0.0,1.0,0.0,0,7.4815674,8.104839,0.0,0.0,2.8679247,4.734057,0.79294455,1.8177897,3.1345854,5.5888286
3,170,171.0,10.0,1.0,1.0,152.0,1.0,1.0,1.0,0.99998873,1.0,-0.0,0.0,-1.124236e-05,-0.0,0.5672898,3.7695308,0.5232979,3.1209447,0.61403286,3.904082,1.0,5.2731028,-3.5923235,0.3888889,53.842617,0.0,0.0,0.0,1.0,0.0,0,6.8390274,7.1330185,0.0,0.0,3.372357,5.30995,0.82367307,1.9312191,4.0948257,4.551319
0,171,172.0,10.0,1.0,1.0,153.0,1.0,1.0,1.0,0.9999912,1.0,-0.0,0.0,-8.837301e-06,-0.0,0.299751,3.6658974,0.56196356,2.6567917,0.5956176,3.9264758,1.0,4.770645,-5.627381,0.38425925,53.452015,0.0,0.0,0.0,1.0,0.0,0,7.4754615,7.4182496,0.0,0.0,2.2839518,6.14711,0.81007886,1.1456033,3.861071,4.66026
1,171,172.0,10.0,1.0,1.0,153.0,1.0,1.0,1.0,0.99999195,1.0,-0.0,0.0,-8.04122e-06,-0.0,0.34068042,3.7384675,0.4654563,3.1329606,0.6194569,3.2124064,1.0,4.9914746,-5.977018,0.3888889,53.755302,0.0,0.0,0.0,1.0,0.0,0,7.340291,7.4739156,0.0,0.0,2.9881103,6.1833014,1.0954524,1.1619962,3.925556,6.0174437
2,171,172.0,10.0,1.0,1.0,153.0,1.0,1.0,1.0,0.99999094,1.0,-0.0,0.0,-9.057313e-06,-0.0,0.34512764,3.6318188,0.5301547,2.8208416,0.6043909,3.8312163,1.0,5.1480303,-5.5249314,0.4027778,53.79113,0.0,0.0,0.0,1.0,0.0,0,8.415253,7.3006015,0.0,0.0,2.7348032,4.357013,0.9116257,1.7803223,3.0515776,5.381629
3,171,172.0,10.0,1.0,1.0,153.0,1.0,1.0,1.0,0.9999906,1.0,-0.0,0.0,-9.419823e-06,-0.0,0.34938008,3.6260617,0.5483312,3.0168777,0.61177504,3.832851,1.0,5.3034863,-5.991494,0.3888889,54.00627,0.0,0.0,0.0,1.0,0.0,0,7.715662,6.907148,0.0,0.0,0.0,4.8272476,0.904549,0.84948593,3.8713439,4.0819707
0,172,173.0,10.0,1.0,1.0,154.0,1.0,1.0,1.0,0.99998987,1.0,-0.0,0.0,-1.0137127e-05,-0.0,0.45105034,3.8099751,0.5616108,2.5905597,0.607468,3.815656,1.0,4.6926465,-4.201973,0.38425925,53.777893,0.0,0.0,0.0,1.0,0.0,0,7.67206,7.5474954,0.0,0.21945359,2.5087173,5.911999,0.5593895,1.468054,4.0034766,4.818875
1,172,173.0,10.0,1.0,1.0,154.0,1.0,1.0,1.0,0.999992,1.0,-0.0,0.0,-8.008978e-06,-0.0,0.4245028,3.859812,0.46230614,2.9061298,0.6394999,3.0838547,1.0,4.9409003,-5.510861,0.3888889,54.063545,0.0,0.0,0.0,1.0,0.0,0,6.6369996,8.709511,0.0,0.0,3.125611,6.0213013,1.1393601,1.8769854,4.1492925,6.1993337
2,172,173.0,10.0,1.0,1.0,154.0,1.0,1.0,1.0,0.9999903,1.0,-0.0,0.0,-9.700554e-06,-0.0,0.47898814,3.7487679,0.53261966,2.784815,0.6192817,3.7297523,1.0,5.073272,-4.2733197,0.4027778,54.08271,0.0,0.0,0.0,1.0,0.0,0,7.5640078,7.859859,0.0,0.0,2.7002218,4.1994586,0.8065801,1.9944198,3.1926904,5.5356855
3,172,173.0,10.0,1.0,1.0,154.0,1.0,1.0,1.0,0.9999891,1.0,-0.0,0.0,-1.0928691e-05,-0.0,0.5014345,3.7781048,0.54689515,3.1224494,0.6247972,3.701521,1.0,5.160347,-4.380191,0.3888889,54.341717,0.0,0.0,0.0,1.0,0.0,0,6.6714115,7.175863,0.0,0.0,2.5999784,4.8399267,0.811917,1.5224894,3.8560636,4.161581
0,173,174.0,10.0,1.0,1.0,155.0,1.0,1.0,1.0,0.9999908,1.0,-0.0,0.0,-9.156824e-06,-0.0,0.24926402,3.6761713,0.5727463,2.6526637,0.589631,3.957456,1.0,4.7306466,-5.9925747,0.38425925,53.903496,0.0,0.0,0.0,1.0,0.0,0,7.802699,6.9913354,0.0,0.0,2.5363722,5.797528,0.74416906,1.0246905,3.9676526,4.563706
1,173,174.0,10.0,1.0,1.0,155.0,1.0,1.0,1.0,0.99999183,1.0,-0.0,0.0,-8.180615e-06,-0.0,0.28616303,3.7267928,0.47603744,3.061692,0.6067307,3.2999127,1.0,4.965384,-6.2729063,0.3888889,54.1735,0.0,0.0,0.0,1.0,0.0,0,7.1260557,7.998365,0.0,0.0,3.006418,5.7559257,1.1035352,1.3768969,4.2496843,5.957381
2,173,174.0,10.0,1.0,1.0,155.0,1.0,1.0,1.0,0.99999046,1.0,-0.0,0.0,-9.530018e-06,-0.0,0.28793886,3.6222644,0.54611313,2.8525746,0.59558356,3.964373,1.0,5.126519,-5.8552995,0.4027778,54.218777,0.0,0.0,0.0,1.0,0.0,0,8.235249,6.361368,0.0,0.0,2.6922054,4.2276144,0.8493953,1.5709625,3.295279,5.5153766
3,173,174.0,10.0,1.0,1.0,155.0,1.0,1.0,1.0,0.999989,1.0,-0.0,0.0,-1.1028024e-05,-0.0,0.28324425,3.6510541,0.5574632,3.2366822,0.60692066,3.7209268,1.0,5.1907096,-6.409835,0.3888889,54.463734,0.0,0.0,0.0,1.0,0.0,0,7.014187,6.7830396,0.0,0.0,1.9892577,4.7349386,0.90894955,1.0419849,3.7139041,3.946519
0,174,175.0,10.0,1.0,1.0,156.0,1.0,1.0,1.0,0.9999899,1.0,-0.0,0.0,-1.004953e-05,-0.0,0.2188731,3.7350926,0.5740057,2.723425,0.59371084,3.8988655,1.0,4.6345134,-6.111523,0.38425925,54.009583,0.0,0.0,0.0,1.0,0.0,0,7.652487,7.528068,0.23626235,0.22267143,2.9594269,5.3984327,0.5813383,1.2262334,4.1679945,4.823215
1,174,175.0,10.0,1.0,1.0,156.0,1.0,1.0,1.0,0.9999906,1.0,-0.0,0.0,-9.417452e-06,-0.0,0.25763586,3.771841,0.4825779,3.0851238,0.6031931,3.3409333,1.0,4.8597836,-6.2332916,0.3888889,54.26379,0.0,0.0,0.0,1.0,0.0,0,6.977224,9.324598,0.0,0.0,4.071218,5.3385177,1.0030869,1.2913547,4.6763563,6.2617283
2,174,175.0,10.0,1.0,1.0,156.0,1.0,1.0,1.0,0.9999902,1.0,-0.0,0.0,-9.792536e-06,-0.0,0.25213772,3.668887,0.54864305,2.9642668,0.59476966,3.990746,1.0,4.922269,-5.861983,0.4027778,54.31725,0.0,0.0,0.0,1.0,0.0,0,7.252362,6.9947796,0.0,0.10305231,3.2948987,3.543748,0.7699227,1.3684475,3.1886902,5.22158
3,174,175.0,10.0,1.0,1.0,156.0,1.0,1.0,1.0,0.99998814,1.0,-0.0,0.0,-1.1834969e-05,-0.0,0.2804175,3.7089658,0.5543885,3.3048906,0.61888367,3.568431,1.0,5.09293,-6.4263196,0.3888889,54.567684,0.0,0.0,0.0,1.0,0.0,0,6.601262,7.0438886,0.0,0.0,2.7898908,4.6839995,0.5864819,1.3303099,3.9701803,4.0978274
0,175,176.0,10.0,1.0,1.0,157.0,1.0,1.0,1.0,0.99999195,1.0,-0.0,0.0,-8.052058e-06,-0.0,0.3108561,3.709025,0.586586,2.681426,0.5986435,3.8438637,1.0,4.6854196,-5.343782,0.38425925,54.276592,0.0,0.0,0.0,1.0,0.0,0,7.805221,6.6063733,0.0,0.0,1.2579907,5.5620046,0.57038707,1.2567402,4.096006,4.6691637
1,175,176.0,10.0,1.0,1.0,157.0,1.0,1.0,1.0,0.9999916,1.0,-0.0,0.0,-8.383725e-06,-0.0,0.33543035,3.7348402,0.49650362,3.045799,0.61566603,3.247306,1.0,4.940068,-5.6971273,0.3888889,54.527885,0.0,0.0,0.0,1.0,0.0,0,7.028255,6.597267,0.0,0.0,1.4330401,5.7907033,0.9131583,1.6054751,4.478228,5.8077083
2,175,176.0,10.0,1.0,1.0,157.0,1.0,1.0,1.0,0.99999255,1.0,-0.0,0.0,-7.4371364e-06,-0.0,0.3688786,3.6470468,0.5583628,2.911512,0.6047113,3.886598,1.0,4.9754353,-4.93031,0.4027778,54.60626,0.0,0.0,0.0,1.0,0.0,0,7.614744,6.99514,0.0,0.0,1.9207286,3.743177,0.6923132,1.8505026,3.5522892,5.3865647
3,175,176.0,10.0,1.0,1.0,157.0,1.0,1.0,1.0,0.99999094,1.0,-0.0,0.0,-9.075476e-06,-0.0,0.337366,3.6920733,0.56408614,3.327316,0.6221054,3.5013309,1.0,5.0938144,-5.9140754,0.3888889,54.794247,0.0,0.0,0.0,1.0,0.0,0,7.0963855,6.021951,0.0,0.0,0.5915784,4.626067,0.6695806,1.1579411,3.9273708,3.7218058
0,176,177.0,10.0,1.0,1.0,158.0,1.0,1.0,1.0,0.9999903,1.0,-0.0,0.0,-9.691688e-06,-0.0,0.19309744,3.867803,0.5893129,2.7800324,0.59093034,3.9098926,1.0,4.545967,-6.1174016,0.38425925,54.385193,0.0,0.0,0.0,1.0,0.0,0,7.8281865,7.0336633,0.44358638,0.25850183,3.2260914,5.25283,0.36137563,0.84728944,3.8770032,5.02718
1,176,177.0,10.0,1.0,1.0,158.0,1.0,1.0,1.0,0.99999034,1.0,-0.0,0.0,-9.670029e-06,-0.0,0.22892654,3.8837566,0.5045768,3.134959,0.5958916,3.3888562,1.0,4.7226067,-6.048085,0.3888889,54.630333,0.0,0.0,0.0,1.0,0.0,0,7.1747704,7.1050262,0.0,0.0,4.9109397,5.964358,0.8970364,0.7147946,4.3180146,6.5586634
2,176,177.0,10.0,1.0,1.0,158.0,1.0,1.0,1.0,0.99998796,1.0,-0.0,0.0,-1.2030798e-05,-0.0,0.22185743,3.8055394,0.56427294,3.009604,0.590177,3.9958432,1.0,4.7777023,-5.9377756,0.4027778,54.716946,0.0,0.0,0.0,1.0,0.0,0,7.9393864,7.624709,0.0,0.0,4.3982434,3.5051653,0.59445107,0.5565811,3.057746,5.694933
3,176,177.0,10.0,1.0,1.0,158.0,1.0,1.0,1.0,0.999991,1.0,-0.0,0.0,-8.991707e-06,-0.0,0.23323596,3.831594,0.57128114,3.4036076,0.6139426,3.5322707,1.0,4.9139037,-6.580686,0.3888889,54.874672,0.0,0.0,0.0,1.0,0.0,0,6.812399,6.921736,0.0,0.0,3.5424356,4.405194,0.5220839,0.5970572,4.1677194,4.2312827
0,177,178.0,10.0,1.0,1.0,159.0,1.0,1.0,1.0,0.9999937,1.0,-0.0,0.0,-6.310659e-06,-0.0,0.30860826,3.6609476,0.5996633,2.7531538,0.5983439,3.808263,1.0,4.5797095,-5.1160417,0.38425925,54.712658,0.0,0.0,0.0,1.0,0.0,0,7.4034376,6.296972,0.0,0.0,1.3122275,5.2268515,0.4141748,1.256192,3.921005,4.5797977
1,177,178.0,10.0,1.0,1.0,159.0,1.0,1.0,1.0,0.999993,1.0,-0.0,0.0,-6.9630164e-06,-0.0,0.3042031,3.685787,0.51778865,3.0550373,0.61233056,3.2167895,1.0,4.906442,-5.78768,0.3888889,54.94867,0.0,0.0,0.0,1.0,0.0,0,6.6055136,5.087698,0.0,0.0,0.7152765,5.6357646,0.7731087,1.3345855,4.30878,5.3191686
2,177,178.0,10.0,1.0,1.0,159.0,1.0,1.0,1.0,0.999991,1.0,-0.0,0.0,-9.004272e-06,-0.0,0.33554697,3.6221652,0.57741195,2.951299,0.6117232,3.7310116,1.0,4.8341994,-5.2010846,0.4027778,55.0282,0.0,0.0,0.0,1.0,0.0,0,7.057934,7.0696735,0.0,0.0,1.2146344,3.2718763,0.5668393,1.7454666,3.510037,5.3035116
3,177,178.0,10.0,1.0,1.0,159.0,1.0,1.0,1.0,0.99999195,1.0,-0.0,0.0,-8.031244e-06,-0.0,0.3197804,3.6317878,0.58430445,3.347721,0.6215973,3.410041,1.0,4.9193625,-5.9124026,0.3888889,55.19244,0.0,0.0,0.0,1.0,0.0,0,6.8151965,5.4108715,0.0,0.0,0.30403256,4.4566965,0.5689775,1.2192369,3.9428985,3.7852254
0,178,179.0,10.0,1.0,1.0,160.0,1.0,1.0,1.0,0.9999914,1.0,-0.0,0.0,-8.60661e-06,-0.0,0.32643825,3.7857003,0.6049568,2.7611032,0.6048896,3.6606905,1.0,4.4901714,-5.0383267,0.38425925,54.85413,0.0,0.0,0.0,1.0,0.0,0,7.2979274,6.768482,0.35507524,0.15663089,2.596094,4.971288,0.0,1.5690161,3.8351564,4.632841
1,178,179.0,10.0,1.0,1.0,160.0,1.0,1.0,1.0,0.9999895,1.0,-0.0,0.0,-1.0505077e-05,-0.0,0.28890148,3.7910774,0.5203993,3.029048,0.6111295,3.1684883,1.0,4.8310375,-5.966969,0.3888889,55.131084,0.0,0.0,0.0,1.0,0.0,0,6.8146873,7.6265745,0.0,0.0,3.8592532,5.6257915,0.84037733,1.103447,4.2333174,6.090599
2,178,179.0,10.0,1.0,1.0,160.0,1.0,1.0,1.0,0.999988,1.0,-0.0,0.0,-1.1989762e-05,-0.0,0.31069294,3.739446,0.58208543,2.9565988,0.62453586,3.5404613,1.0,4.720242,-5.631914,0.4027778,55.203075,0.0,0.0,0.0,1.0,0.0,0,6.6714454,7.3720803,0.0,0.0,3.0080972,3.292018,0.53669584,1.594905,3.103725,5.296501
3,178,179.0,10.0,1.0,1.0,160.0,1.0,1.0,1.0,0.99998754,1.0,-0.0,0.0,-1.2461768e-05,-0.0,0.2753906,3.7503595,0.5984188,3.264616,0.6230045,3.3556619,1.0,4.723602,-6.263485,0.3888889,55.301773,0.0,0.0,0.0,1.0,0.0,0,6.4936075,6.4508495,0.0,0.0,3.058254,4.202843,0.47158307,0.9411963,4.26515,3.9950254
0,179,180.0,10.0,1.0,1.0,161.0,1.0,1.0,1.0,0.9999911,1.0,-0.0,0.0,-8.8811485e-06,-0.0,0.19075349,3.7342622,0.6178998,2.8052588,0.5818512,3.9028788,1.0,4.5272284,-5.6220646,0.38425925,55.173756,0.0,0.0,0.0,1.0,0.0,0,7.5230665,6.718003,0.22457315,0.0,2.6806693,4.745198,0.49520007,1.4028261,4.150463,4.660122
1,179,180.0,10.0,1.0,1.0,161.0,1.0,1.0,1.0,0.99999064,1.0,-0.0,0.0,-9.33522e-06,-0.0,0.2193749,3.7655256,0.53275216,3.3647473,0.5868032,3.4086635,1.0,4.9623446,-5.5586977,0.3888889,55.398487,0.0,0.0,0.0,1.0,0.0,0,6.4759526,6.87373,0.0,0.0,4.1339154,5.4318843,0.70092326,1.4856523,4.67792,5.7528744
2,179,180.0,10.0,1.0,1.0,161.0,1.0,1.0,1.0,0.9999894,1.0,-0.0,0.0,-1.0604396e-05,-0.0,0.23351274,3.7137444,0.5862228,3.160325,0.6045158,3.7502646,1.0,4.6843324,-5.5109262,0.4027778,55.49775,0.0,0.0,0.0,1.0,0.0,0,6.6497464,6.663827,0.0,0.0,2.8561583,3.0296872,0.6102464,1.7497782,3.4221942,5.3604255
3,179,180.0,10.0,1.0,1.0,161.0,1.0,1.0,1.0,0.9999896,1.0,-0.0,0.0,-1.0365004e-05,-0.0,0.18204674,3.6960597,0.60631394,3.6862624,0.5940321,3.6764805,1.0,4.8260875,-5.981242,0.3888889,55.58424,0.0,0.0,0.0,1.0,0.0,0,6.948085,6.608621,0.0,0.0,2.6709995,4.1496015,0.71918654,1.0908165,4.320357,4.1815166
0,180,181.0,10.0,1.0,1.0,162.0,1.0,1.0,1.0,0.9999858,1.0,-0.0,0.0,-1.4160493e-05,-0.0,0.22952966,4.0144415,0.6185321,2.8208416,0.5959016,3.7234504,1.0,4.477678,-5.322309,0.38425925,55.225258,0.0,0.0,0.0,1.0,0.0,0,6.876755,6.6153975,0.49711266,0.045752443,2.9252014,4.7886214,0.42694464,1.3870839,3.654412,4.6774764
1,180,181.0,10.0,1.0,1.0,162.0,1.0,1.0,1.0,0.99998635,1.0,-0.0,0.0,-1.367905e-05,-0.0,0.23711398,4.020339,0.5392406,3.2055762,0.603264,3.231357,1.0,4.914302,-5.634135,0.3888889,55.422306,0.0,0.0,0.0,1.0,0.0,0,6.359032,7.640315,0.33794713,0.0,3.8326316,5.5329494,0.9504799,1.2204742,4.1184044,5.9764614
2,180,181.0,10.0,1.0,1.0,162.0,1.0,1.0,1.0,0.9999812,1.0,-0.0,0.0,-1.8791712e-05,-0.0,0.23797378,3.9847276,0.5927376,3.1189377,0.6193856,3.5578856,1.0,4.549886,-5.62649,0.4027778,55.544483,0.0,0.0,0.0,1.0,0.0,0,6.6438336,7.2017403,0.0,0.0,3.750495,3.1974893,0.5224313,0.8349991,2.7764547,5.2718053
3,180,181.0,10.0,1.0,1.0,162.0,1.0,1.0,1.0,0.99999154,1.0,-0.0,0.0,-8.43661e-06,-0.0,0.2544176,3.965322,0.6090797,3.5037894,0.62150437,3.3823824,1.0,4.6996126,-5.6543818,0.3888889,55.615036,0.0,0.0,0.0,1.0,0.0,0,6.234058,6.3871202,0.30122238,0.0,2.8413992,4.406588,0.54561883,1.2354137,3.947959,4.098389
0,181,182.0,10.0,1.0,1.0,163.0,1.0,1.0,1.0,0.9999915,1.0,-0.0,0.0,-8.547653e-06,-0.0,0.16792026,3.7511456,0.62792075,2.8531234,0.57549167,3.9324527,1.0,4.5829587,-5.493298,0.38425925,55.77366,0.0,0.0,0.0,1.0,0.0,0,6.9091663,6.1809344,0.4525709,0.19738622,3.5970442,4.7422304,0.401582,0.88732237,3.795202,4.568981
1,181,182.0,10.0,1.0,1.0,163.0,1.0,1.0,1.0,0.99999,1.0,-0.0,0.0,-9.993653e-06,-0.0,0.20803101,3.758582,0.55564135,3.3505259,0.5785978,3.4665036,1.0,5.072924,-5.14937,0.3888889,55.965607,0.0,0.0,0.0,1.0,0.0,0,6.2340546,6.2390995,0.29068145,0.0,4.647766,5.2880516,0.6832436,1.1377282,3.911303,5.491781
2,181,182.0,10.0,1.0,1.0,163.0,1.0,1.0,1.0,0.99998844,1.0,-0.0,0.0,-1.154456e-05,-0.0,0.2104383,3.7572174,0.5992801,3.2308724,0.59555995,3.7748153,1.0,4.5868034,-5.3721404,0.4027778,56.05229,0.0,0.0,0.0,1.0,0.0,0,5.6181087,6.663776,0.0,0.0,3.6593447,3.0269141,0.542173,0.835752,3.0219462,5.2480807
3,181,182.0,10.0,1.0,1.0,163.0,1.0,1.0,1.0,0.99999124,1.0,-0.0,0.0,-8.78927e-06,-0.0,0.14085658,3.679545,0.62390625,3.6163707,0.5711025,3.9224865,1.0,4.7485023,-5.812483,0.3888889,56.19523,0.0,0.0,0.0,1.0,0.0,0,6.124938,5.87155,0.1408877,0.0,3.515422,4.0089273,0.46141532,0.9707531,3.6943853,4.3300233
0,182,183.0,10.0,1.0,1.0,164.0,1.0,1.0,1.0,0.9999866,1.0,-0.0,0.0,-1.338141e-05,-0.0,0.115567446,3.889183,0.6394115,3.0295649,0.5564999,4.194837,1.0,4.5099754,-5.324019,0.38425925,55.95612,0.0,0.0,0.0,1.0,0.0,0,7.4715953,5.858,1.0361385,0.29279885,3.9501483,5.0736036,0.26576468,0.60588646,3.2368295,5.001948
1,182,183.0,10.0,1.0,1.0,164.0,1.0,1.0,1.0,0.9999857,1.0,-0.0,0.0,-1.4306203e-05,-0.0,0.1665134,3.918734,0.5682406,3.5675533,0.56225336,3.6103046,1.0,5.060163,-4.8731284,0.3888889,56.115543,0.0,0.0,0.0,1.0,0.0,0,6.9028463,6.9225435,0.54061437,0.0,5.091036,5.810712,0.5127815,0.67353094,3.39633,5.9388175
2,182,183.0,10.0,1.0,1.0,164.0,1.0,1.0,1.0,0.9999845,1.0,-0.0,0.0,-1.5475298e-05,-0.0,0.15206337,3.8938873,0.61685157,3.525172,0.5759723,3.9964309,1.0,4.453642,-5.221883,0.4027778,56.235058,0.0,0.0,0.0,1.0,0.0,0,7.024291,6.366387,0.3546436,0.0,4.579953,3.239193,0.4317591,0.70189655,2.676774,5.78505
3,182,183.0,10.0,1.0,1.0,164.0,1.0,1.0,1.0,0.9999907,1.0,-0.0,0.0,-9.2703895e-06,-0.0,0.12610015,3.8415823,0.62952363,3.7419057,0.57176477,3.905686,1.0,4.6702604,-5.6972523,0.3888889,56.347065,0.0,0.0,0.0,1.0,0.0,0,6.6842146,6.6611295,0.40493745,0.0,3.7389624,4.132458,0.36632457,0.7809951,3.6856456,4.4276047
0,183,184.0,10.0,1.0,1.0,165.0,1.0,1.0,1.0,0.99999213,1.0,-0.0,0.0,-7.844629e-06,-0.0,0.034038536,3.906538,0.6487315,3.1585908,0.5262338,4.588786,1.0,4.654926,-5.6621394,0.38425925,56.27967,0.0,0.0,0.0,1.0,0.0,0,7.511695,5.6125665,0.7464786,0.1884657,4.31261,4.9701467,0.47253767,0.6817178,3.2262373,4.8188844
1,183,184.0,10.0,1.0,1.0,165.0,1.0,1.0,1.0,0.9999908,1.0,-0.0,0.0,-9.207254e-06,-0.0,0.069839135,3.935026,0.5789257,3.730592,0.5272171,3.8928366,1.0,5.2476616,-5.318405,0.3888889,56.438362,0.0,0.0,0.0,1.0,0.0,0,6.8534346,6.0704513,0.58226454,0.0,5.1864996,5.8501844,0.9444366,0.5785037,3.510347,5.992642
2,183,184.0,10.0,1.0,1.0,165.0,1.0,1.0,1.0,0.9999907,1.0,-0.0,0.0,-9.316622e-06,-0.0,0.07121246,3.9187002,0.6257171,3.685413,0.54523295,4.373192,1.0,4.5969987,-5.6225324,0.4027778,56.549984,0.0,0.0,0.0,1.0,0.0,0,7.30632,6.0627027,0.22449276,0.0,4.7118053,3.486693,0.4412696,0.8642988,2.8496299,5.726669
3,183,184.0,10.0,1.0,1.0,165.0,1.0,1.0,1.0,0.99999416,1.0,-0.0,0.0,-5.8558335e-06,-0.0,0.013355911,3.8244882,0.6427616,3.943783,0.52444124,4.558488,1.0,4.83829,-6.032674,0.3888889,56.732845,0.0,0.0,0.0,1.0,0.0,0,6.5537953,6.1958995,0.6041418,0.0,4.399005,4.091725,0.52060235,0.88542026,3.40204,4.7884994
0,184,185.0,10.0,1.0,1.0,166.0,1.0,1.0,1.0,0.99998814,1.0,-0.0,0.0,-1.18350845e-05,-0.0,0.020408072,3.9317508,0.6421136,2.9510338,0.54343486,4.3559723,1.0,4.7184987,-5.903073,0.38425925,56.58724,0.0,0.0,0.0,1.0,0.0,0,6.689636,6.019064,0.5697292,0.0,3.2080293,4.65686,0.27954364,0.9291514,3.1318033,5.033671
1,184,185.0,10.0,1.0,1.0,166.0,1.0,1.0,1.0,0.9999894,1.0,-0.0,0.0,-1.0587225e-05,-0.0,0.049152225,3.9654806,0.5803674,3.5331573,0.54691696,3.5495148,1.0,5.3739953,-5.755579,0.3888889,56.734295,0.0,0.0,0.0,1.0,0.0,0,6.0832224,5.4652104,0.605955,0.0,5.350997,4.687144,0.43867365,0.76961786,2.8981717,5.32732
2,184,185.0,10.0,1.0,1.0,166.0,1.0,1.0,1.0,0.9999873,1.0,-0.0,0.0,-1.2673329e-05,-0.0,0.06402377,3.9443035,0.61501455,3.5037894,0.56827706,4.0200634,1.0,4.64962,-5.9096107,0.4027778,56.85408,0.0,0.0,0.0,1.0,0.0,0,6.1361747,7.069425,0.31464955,0.0,4.3879375,3.1545894,0.4112111,1.2118697,2.2614095,5.42486
3,184,185.0,10.0,1.0,1.0,166.0,1.0,1.0,1.0,0.99999386,1.0,-0.0,0.0,-6.1218843e-06,-0.0,0.037588738,3.9102602,0.6325897,3.7261827,0.54582965,4.3166146,1.0,4.8922067,-5.830273,0.3888889,56.99071,0.0,0.0,0.0,1.0,0.0,0,5.7410893,6.2797756,0.114629045,0.0,2.920831,4.169683,0.32778034,1.1846273,3.582058,4.711013
0,185,186.0,10.0,1.0,1.0,167.0,1.0,1.0,1.0,0.9999902,1.0,-0.0,0.0,-9.763655e-06,-0.0,0.021809898,3.975088,0.6466211,3.0132432,0.53302413,4.526604,1.0,4.7228556,-6.0071573,0.38425925,56.880337,0.0,0.0,0.0,1.0,0.0,0,7.546557,5.829517,0.69690853,0.33816504,4.814239,4.9747925,0.5084701,0.6522717,3.1727476,5.2680874
1,185,186.0,10.0,1.0,1.0,167.0,1.0,1.0,1.0,0.9999935,1.0,-0.0,0.0,-6.523334e-06,-0.0,0.010236166,4.0371695,0.5867612,3.6512692,0.5335426,3.6803114,1.0,5.401383,-5.706193,0.3888889,56.995018,0.0,0.0,0.0,1.0,0.0,0,6.5161386,5.445115,0.38485622,0.0,6.09109,5.8820205,0.8681833,0.56049764,3.3915436,5.7402153
2,185,186.0,10.0,1.0,1.0,167.0,1.0,1.0,1.0,0.9999926,1.0,-0.0,0.0,-7.41745e-06,-0.0,0.0047681853,4.0228767,0.6224899,3.5887747,0.552335,4.3978267,1.0,4.6240616,-6.019689,0.4027778,57.11105,0.0,0.0,0.0,1.0,0.0,0,7.081015,6.388859,0.33008727,0.0,4.8394723,3.3595283,0.3088652,0.97529215,2.5021262,5.776403
3,185,186.0,10.0,1.0,1.0,167.0,1.0,1.0,1.0,0.99999356,1.0,-0.0,0.0,-6.4633878e-06,-0.0,0.05704034,3.929407,0.64308715,3.889417,0.51979095,4.7875113,1.0,4.9018884,-6.0869007,0.3888889,57.309425,0.0,0.0,0.0,1.0,0.0,0,6.905405,5.8045144,0.60771984,0.0,5.0061007,4.277759,0.49944457,0.8334865,3.3817618,5.3042865
0,186,187.0,10.0,1.0,1.0,168.0,1.0,1.0,1.0,0.98887986,1.0,-0.0,0.0,-1.6670532e-05,-0.01110344,0.10763388,3.7085004,0.65712136,3.1454287,0.4719737,5.666206,0.0,4.877087,-5.9325285,0.38425925,57.85865,0.0,0.0,0.0,1.0,0.0,0,7.3816338,6.2989655,0.9474507,0.17163156,4.210514,4.559642,0.29206157,0.5024533,2.6334546,5.9821596
1,186,187.0,10.0,1.0,1.0,168.0,1.0,1.0,1.0,0.9999882,1.0,-0.0,0.0,-1.17944055e-05,-0.0,0.08440036,3.822809,0.5977721,3.7837222,0.48374534,4.4777412,1.0,5.5497317,-5.9804173,0.3888889,57.893158,0.0,0.0,0.0,1.0,0.0,0,6.4112334,6.0822597,0.6670415,0.0,5.021808,5.267102,0.40391085,0.7907708,2.99116,6.5543857
2,186,187.0,10.0,1.0,1.0,168.0,1.0,1.0,1.0,0.9917159,1.0,-0.0,0.0,-1.4558611e-05,-0.008269559,0.08339882,3.7619426,0.6402868,3.8068237,0.49404106,5.496173,0.0,4.773642,-5.9772806,0.4027778,58.065735,0.0,0.0,0.0,1.0,0.0,0,7.035652,6.795441,0.57550967,0.0,4.5711217,4.0033774,0.2497456,0.6830753,2.5465302,6.608456
3,186,187.0,10.0,1.0,1.0,168.0,1.0,1.0,1.0,0.9933081,1.0,-0.0,0.0,-5.452478e-06,-0.0066864635,0.077081844,3.7309651,0.6509244,3.9889805,0.49137712,5.4011874,0.0,5.052142,-5.9557147,0.3888889,58.155502,0.0,0.0,0.0,1.0,0.0,0,6.269787,5.9351416,0.550516,0.0,4.1634574,3.9468048,0.25642836,0.5329655,3.3365088,5.5969734
0,187,188.0,10.0,1.0,1.0,169.0,1.0,1.0,1.0,0.9940708,1.0,-0.0,0.0,-9.423617e-06,-0.005919732,0.09838343,3.770976,0.64464116,2.8961468,0.4933898,5.3551836,0.0,4.8667927,-6.616991,0.38425925,58.327248,0.0,0.0,0.0,1.0,0.0,0,6.3918624,6.0055094,0.72495884,0.0059704483,3.3406227,4.1523786,0.2843501,1.1298567,2.821235,5.623434
1,187,188.0,10.0,1.0,1.0,169.0,1.0,1.0,1.0,0.9999936,1.0,-0.0,0.0,-6.35715e-06,-0.0,0.10283906,3.8490236,0.581333,3.5320492,0.50064677,4.26039,1.0,5.5040965,-6.901989,0.3888889,58.403908,0.0,0.0,0.0,1.0,0.0,0,5.9929605,5.9561844,0.5813672,0.0,4.4874196,4.888176,0.7914376,1.1088384,3.232223,6.250456
2,187,188.0,10.0,1.0,1.0,169.0,1.0,1.0,1.0,0.9975485,1.0,-0.0,0.0,-8.48317e-06,-0.002442995,0.08200146,3.8133912,0.621835,3.5055761,0.5248006,5.1465793,0.0,4.7851186,-6.80819,0.4027778,58.549274,0.0,0.0,0.0,1.0,0.0,0,6.0867724,6.906976,0.29818663,0.0,3.4566278,3.8340433,0.38827163,1.7613682,2.4896753,6.165822
3,187,188.0,10.0,1.0,1.0,169.0,1.0,1.0,1.0,0.9931109,1.0,-0.0,0.0,-7.1635877e-06,-0.006881949,0.13811085,3.7457302,0.6442596,3.8483417,0.4983372,5.4129167,0.0,5.085962,-6.865358,0.3888889,58.712143,0.0,0.0,0.0,1.0,0.0,0,6.15088,5.8832545,0.6026192,0.0,4.017208,3.9340723,0.4437546,0.66659635,3.1505172,5.640328
0,188,189.0,10.0,1.0,1.0,170.0,1.0,1.0,1.0,0.99604696,1.0,-0.0,0.0,-1.6898046e-05,-0.0039360886,0.054997765,3.7971287,0.6383535,2.658853,0.50554264,5.236165,0.0,4.9416933,-5.8666563,0.38425925,58.901287,0.0,0.0,0.0,1.0,0.0,0,6.0465927,6.1746445,1.1627132,0.0,3.0288014,4.5253973,0.13495794,0.98315006,2.5962074,5.8681917
1,188,189.0,10.0,1.0,1.0,170.0,1.0,1.0,1.0,0.99998647,1.0,-0.0,0.0,-1.3521038e-05,-0.0,0.0905633,3.8969424,0.5749371,3.2114315,0.5256578,3.9439816,1.0,5.5784726,-6.812537,0.3888889,58.938362,0.0,0.0,0.0,1.0,0.0,0,5.547813,7.5466356,0.21761703,0.0,3.4359133,4.76827,0.39104432,1.5076236,2.9958346,6.2798367
2,188,189.0,10.0,1.0,1.0,170.0,1.0,1.0,1.0,0.99998355,1.0,-0.0,0.0,-1.648009e-05,-0.0,0.061386265,3.820526,0.61285603,3.2458591,0.5527286,4.84764,1.0,4.836306,-6.3780546,0.4027778,59.139626,0.0,0.0,0.0,1.0,0.0,0,6.0050726,6.520141,0.57636195,0.0,3.3922262,3.606297,0.40230355,1.8768193,1.9988747,6.108528
3,188,189.0,10.0,1.0,1.0,170.0,1.0,1.0,1.0,0.9975722,1.0,-0.0,0.0,-5.1540337e-06,-0.0024227109,0.026077405,3.8559272,0.6284525,3.5710623,0.5178701,5.1453624,0.0,5.153888,-5.1304417,0.3888889,59.140736,0.0,0.0,0.0,1.0,0.0,0,6.429188,6.324427,0.6455624,0.0,2.9825158,4.272929,0.21682887,1.5083612,3.4039645,5.5524306
0,189,190.0,10.0,1.0,1.0,171.0,1.0,1.0,1.0,0.99812067,1.0,-0.0,0.0,-1.38125515e-05,-0.0018654953,0.005101599,3.7950878,0.6367329,2.5402155,0.51747936,5.1119294,0.0,4.9722056,-4.666102,0.38425925,59.424484,0.0,0.0,0.0,1.0,0.0,0,6.3066335,5.475156,0.690001,0.011105014,3.582907,4.4482656,0.2619216,0.8293196,2.5381157,5.8669753
1,189,190.0,10.0,1.0,1.0,171.0,1.0,1.0,1.0,0.9999894,1.0,-0.0,0.0,-1.059599e-05,-0.0,0.09727981,3.8481588,0.5729593,3.0552936,0.5526517,3.6499825,1.0,5.6540914,-6.4543777,0.3888889,59.506832,0.0,0.0,0.0,1.0,0.0,0,5.1422067,6.3854213,0.24899705,0.0,3.5550022,4.5614586,0.62863576,1.2981873,3.0460002,5.729453
2,189,190.0,10.0,1.0,1.0,171.0,1.0,1.0,1.0,0.99998605,1.0,-0.0,0.0,-1.3920335e-05,-0.0,0.014211051,3.8118877,0.60872585,3.0917134,0.5783814,4.597308,1.0,4.903886,-5.374643,0.4027778,59.663918,0.0,0.0,0.0,1.0,0.0,0,6.0261555,6.091507,0.33864227,0.0,3.5588546,3.6538808,0.27686253,1.5016996,2.03915,5.854656
3,189,190.0,10.0,1.0,1.0,171.0,1.0,1.0,1.0,0.9985583,1.0,-0.0,0.0,-8.677133e-06,-0.0014330022,0.04482977,3.7566197,0.6235656,3.438161,0.5310574,5.08598,0.0,5.2718024,-4.9898243,0.3888889,59.814106,0.0,0.0,0.0,1.0,0.0,0,5.7352386,5.8985677,0.5241189,0.0,3.393797,4.1807966,0.37825435,1.256753,2.6271152,5.707843
0,190,191.0,10.0,1.0,1.0,172.0,1.0,1.0,1.0,0.9974241,1.0,-0.0,0.0,-2.1388658e-05,-0.0025544837,0.2695514,3.8210578,0.63590753,2.4380138,0.5228418,5.153269,0.0,5.144109,-6.8506308,0.3935185,59.81735,0.0,0.0,0.0,1.0,0.0,0,6.4565,5.5974755,0.7673955,0.01077717,3.1080453,4.5685205,0.09022842,0.82622975,2.1193054,6.190248
1,190,191.0,10.0,1.0,1.0,172.0,1.0,1.0,1.0,0.9999818,1.0,-0.0,0.0,-1.8202054e-05,-0.0,0.28482395,3.892849,0.5769219,3.0501652,0.54472387,3.896857,1.0,5.773157,-7.4447365,0.3935185,59.86714,0.0,0.0,0.0,1.0,0.0,0,5.8073964,7.089682,0.65940243,0.0,4.512425,5.1390905,0.33119974,0.48724267,2.3367176,6.47978
2,190,191.0,10.0,1.0,1.0,172.0,1.0,1.0,1.0,0.99997723,1.0,-0.0,0.0,-2.2789625e-05,-0.0,0.2742134,3.8254435,0.6069696,2.9661148,0.58031696,4.6917043,1.0,5.084498,-7.4613895,0.4074074,60.065018,0.0,0.0,0.0,1.0,0.0,0,6.344702,6.495039,0.42505905,0.0,3.4562972,3.5994804,0.17053191,0.43370047,1.5077511,6.3616333
3,190,191.0,10.0,1.0,1.0,172.0,1.0,1.0,1.0,0.9976403,1.0,-0.0,0.0,-8.068422e-06,-0.0023516696,0.18928684,3.859565,0.6160139,3.262697,0.5355514,5.1411,0.0,5.457866,-6.1760945,0.39814815,60.07715,0.0,0.0,0.0,1.0,0.0,0,5.4639735,5.719702,0.5549061,0.0,3.2625022,4.2276015,0.29851395,0.8356862,2.7622066,5.857753
0,191,192.0,10.0,1.0,1.0,173.0,1.0,1.0,1.0,0.99791586,1.0,-0.0,0.0,-1.2102066e-05,-0.002072009,0.17464253,3.9143014,0.6331867,2.366658,0.53045434,5.12432,0.0,5.1347303,-5.56959,0.3935185,60.06444,0.0,0.0,0.0,1.0,0.0,0,5.975535,5.252469,0.87825173,0.033842478,3.4985943,4.520467,0.13282196,0.7720782,2.1038482,5.9704
1,191,192.0,10.0,1.0,1.0,173.0,1.0,1.0,1.0,0.99999017,1.0,-0.0,0.0,-9.8443015e-06,-0.0,0.23818798,3.9714959,0.57336074,2.9523597,0.56816024,3.725132,1.0,5.7260118,-6.8264976,0.3935185,60.133682,0.0,0.0,0.0,1.0,0.0,0,5.2930593,6.989655,0.5662492,0.0,3.667376,4.7818727,0.22859976,1.249205,2.5071397,6.1692266
2,191,192.0,10.0,1.0,1.0,173.0,1.0,1.0,1.0,0.9999884,1.0,-0.0,0.0,-1.1633587e-05,-0.0,0.19722432,3.9181855,0.60441655,2.8880272,0.5890645,4.6582108,1.0,5.0775957,-6.3546214,0.4074074,60.3132,0.0,0.0,0.0,1.0,0.0,0,5.8532186,6.289411,0.6180447,0.0,3.4216108,3.8217452,0.26762825,0.9924982,1.7480023,6.3172417
3,191,192.0,10.0,1.0,1.0,173.0,1.0,1.0,1.0,0.996851,1.0,-0.0,0.0,-8.985978e-06,-0.003139959,0.22635031,3.8769906,0.6133183,3.170711,0.54149085,5.188397,0.0,5.4517946,-5.9503446,0.39814815,60.441517,0.0,0.0,0.0,1.0,0.0,0,5.719357,5.7322106,0.7815229,0.0,3.2128828,4.245412,0.13190196,0.90494066,2.7547898,6.147363
0,192,193.0,10.0,1.0,1.0,174.0,1.0,1.0,1.0,0.99573123,1.0,-0.0,0.0,-1.9243262e-05,-0.0042495374,0.37780124,4.025456,0.63794863,2.3732636,0.52453285,5.254972,0.0,5.0105534,-7.284309,0.4027778,60.115997,0.0,0.0,0.0,1.0,0.0,0,5.111147,5.888301,0.88698095,0.6227062,4.701559,4.5179563,0.06782124,1.3317988,2.4213204,4.536783
1,192,193.0,10.0,1.0,1.0,174.0,1.0,1.0,1.0,0.9999856,1.0,-0.0,0.0,-1.4399881e-05,-0.0,0.39676633,4.0788198,0.58719575,3.1020768,0.5369364,4.352017,1.0,5.7175856,-7.3175783,0.4027778,60.166092,0.0,0.0,0.0,1.0,0.0,0,6.2755704,6.988329,0.36113903,0.0,4.8809266,5.3393755,0.2782826,0.7019473,2.035684,6.421889
2,192,193.0,10.0,1.0,1.0,174.0,1.0,1.0,1.0,0.9973444,1.0,-0.0,0.0,-1.7670847e-05,-0.002638004,0.38219318,4.0185356,0.61897224,3.0805533,0.5680463,5.15828,0.0,4.956775,-7.2900877,0.41666666,60.353107,0.0,0.0,0.0,1.0,0.0,0,6.5890317,6.325564,0.6485516,0.0,5.278425,3.7153401,0.22197618,1.2510055,1.6343149,6.8809834
3,192,193.0,10.0,1.0,1.0,174.0,1.0,1.0,1.0,0.99686277,1.0,-0.0,0.0,-7.3030565e-06,-0.0031298986,0.3094511,4.0609207,0.61462474,3.150402,0.5478798,5.1877933,0.0,5.3893976,-6.8416085,0.4074074,60.546787,0.0,0.0,0.0,1.0,0.0,0,5.7795978,5.8422985,0.5625478,0.0,4.3008447,4.2367105,0.24090575,1.0677751,2.3638134,6.294782
0,193,194.0,10.0,1.0,1.0,175.0,1.0,1.0,1.0,0.9952286,1.0,-0.0,0.0,-1.18311755e-05,-0.0047595957,0.09221416,4.1787157,0.62920505,2.2433918,0.53331035,5.2855754,0.0,4.833834,-4.2728314,0.4027778,60.30283,0.0,0.0,0.0,1.0,0.0,0,6.158849,6.642046,1.4791431,0.14205055,3.4358056,4.5830846,0.0064214454,0.672249,1.9546154,5.9293165
1,193,194.0,10.0,1.0,1.0,175.0,1.0,1.0,1.0,0.99999255,1.0,-0.0,0.0,-7.4391223e-06,-0.0,0.2077885,4.1961336,0.60735524,2.8654428,0.5573176,4.2379127,1.0,5.6259794,-5.4707956,0.4027778,60.3819,0.0,0.0,0.0,1.0,0.0,0,6.3448105,6.8942127,0.0,0.0,3.7429872,4.9744,0.23272766,1.0446415,2.2781575,6.556898
2,193,194.0,10.0,1.0,1.0,175.0,1.0,1.0,1.0,0.9993869,1.0,-0.0,0.0,-1.0292571e-05,-0.00060278556,0.14284775,4.183284,0.6132395,2.9361422,0.582607,5.0361667,0.0,5.040028,-4.919274,0.41666666,60.540157,0.0,0.0,0.0,1.0,0.0,0,7.0934815,8.32175,0.54163647,0.0,3.2921247,4.0756855,0.1577531,1.1406955,1.4862618,6.831502
3,193,194.0,10.0,1.0,1.0,175.0,1.0,1.0,1.0,0.9959108,1.0,-0.0,0.0,-8.614085e-06,-0.0040805116,0.14656372,4.1422462,0.6003913,3.1677473,0.5528266,5.24483,0.0,5.2588143,-4.6073284,0.4074074,60.886395,0.0,0.0,0.0,1.0,0.0,0,6.3253245,7.538251,0.83951885,0.0,3.2459774,4.4435854,0.20381694,0.9214023,2.303076,6.6745715
0,194,195.0,10.0,1.0,1.0,176.0,1.0,1.0,1.0,0.9849973,1.0,-0.0,0.0,-2.1993184e-05,-0.014980704,0.3348345,4.0964184,0.64025146,1.948358,0.48775348,5.898842,0.0,5.2080445,-6.580783,0.4074074,60.580814,0.0,0.0,0.0,1.0,0.0,0,6.6452036,6.579658,0.46182576,0.19056155,4.0023456,6.271249,0.0,0.4049303,2.485896,4.484522
1,194,195.0,10.0,1.0,1.0,176.0,1.0,1.0,1.0,0.9999857,1.0,-0.0,0.0,-1.4313201e-05,-0.0,0.4286809,4.083813,0.6267602,2.680842,0.5544285,4.406541,1.0,5.863976,-7.6494803,0.41203704,60.6718,0.0,0.0,0.0,1.0,0.0,0,6.9126873,7.3079567,0.0,0.0,3.1387525,7.016075,0.0,0.9667855,2.4043326,6.4797544
2,194,195.0,10.0,1.0,1.0,176.0,1.0,1.0,1.0,0.9907886,1.0,-0.0,0.0,-1.5814281e-05,-0.009195618,0.36914423,4.057849,0.6315577,2.5408318,0.54362535,5.551737,0.0,5.193992,-7.008585,0.4212963,60.845047,0.0,0.0,0.0,1.0,0.0,0,7.028549,7.905154,0.1753416,0.0,3.3145208,4.843646,0.0,1.0093421,2.2517424,6.5318546
3,194,195.0,10.0,1.0,1.0,176.0,1.0,1.0,1.0,0.99119294,1.0,-0.0,0.0,-7.136829e-06,-0.008799881,0.3194064,4.1126375,0.62871575,2.7752416,0.5390619,5.5279922,0.0,5.6338468,-6.515749,0.4074074,61.076694,0.0,0.0,0.0,1.0,0.0,0,6.5252204,6.70709,0.50199336,0.0,4.1151605,4.733923,0.0,1.2219014,3.0888252,6.3466716
0,195,196.0,10.0,1.0,1.0,177.0,1.0,1.0,1.0,0.98622143,1.0,-0.0,0.0,-1.5530268e-05,-0.013762995,0.072411075,4.2080607,0.65313244,2.0793397,0.50562906,5.8257794,0.0,5.2151504,-3.873935,0.4074074,60.770107,0.0,0.0,0.0,1.0,0.0,0,7.0069256,7.748092,1.0785531,0.012658045,3.0339217,4.91915,0.0,0.43970647,1.6096212,5.8517847
1,195,196.0,10.0,1.0,1.0,177.0,1.0,1.0,1.0,0.99999017,1.0,-0.0,0.0,-9.8185365e-06,-0.0,0.23473856,4.171869,0.63036203,2.6968532,0.5696594,4.4313436,1.0,5.754216,-5.4684606,0.41203704,60.93781,0.0,0.0,0.0,1.0,0.0,0,6.733843,8.162813,0.25862092,0.0,2.9380517,5.025399,0.21838777,0.8295392,1.668052,6.655605
2,195,196.0,10.0,1.0,1.0,177.0,1.0,1.0,1.0,0.9912846,1.0,-0.0,0.0,-1.0025535e-05,-0.008705404,0.14506914,4.19803,0.62388766,2.558637,0.55443525,5.5223236,0.0,5.290354,-4.7012353,0.4212963,61.067413,0.0,0.0,0.0,1.0,0.0,0,7.192248,8.53291,0.5310755,0.0,2.9838796,4.4589705,0.05082555,0.4417134,1.4168807,7.448809
3,195,196.0,10.0,1.0,1.0,177.0,1.0,1.0,1.0,0.99061275,1.0,-0.0,0.0,-8.457567e-06,-0.009378782,0.17130989,4.168788,0.61961246,3.0481114,0.5460073,5.5627265,0.0,5.8263516,-4.6608224,0.4074074,61.428356,0.0,0.0,0.0,1.0,0.0,0,6.5745125,7.778391,0.80632836,0.0,3.027991,4.588275,0.018194333,0.96942574,2.2298048,7.05908
0,196,197.0,10.0,1.0,1.0,178.0,1.0,1.0,1.0,0.98501885,1.0,-0.0,0.0,-1.8093353e-05,-0.014963002,0.34683105,4.066751,0.69246733,2.0887291,0.51370084,5.8977795,0.0,6.0063233,-6.922333,0.41203704,61.131912,0.0,0.0,0.0,1.0,0.0,0,4.74598,6.2365804,0.29297036,0.0,2.939732,4.891877,0.0,0.79828537,1.3742564,5.728026
1,196,197.0,10.0,1.0,1.0,178.0,1.0,1.0,1.0,0.9999858,1.0,-0.0,0.0,-1.4183644e-05,-0.0,0.4491672,4.0556417,0.67493224,2.511083,0.5759078,4.5521293,1.0,6.3861685,-8.087576,0.42592594,61.250996,0.0,0.0,0.0,1.0,0.0,0,5.1999993,6.992783,0.0,0.0,3.5653212,5.817588,0.18069258,1.0990989,1.5565697,6.1774735
2,196,197.0,10.0,1.0,1.0,178.0,1.0,1.0,1.0,0.9898233,1.0,-0.0,0.0,-1.2980416e-05,-0.010163698,0.39817467,4.065588,0.6715766,2.2050328,0.5580627,5.6098213,0.0,6.0043974,-7.6324906,0.4351852,61.38587,0.0,0.0,0.0,1.0,0.0,0,5.67565,7.560596,0.0,0.0,3.1292267,3.7249827,0.0,0.6956759,1.1840312,7.590047
3,196,197.0,10.0,1.0,1.0,178.0,1.0,1.0,1.0,0.99017006,1.0,-0.0,0.0,-1.116655e-05,-0.009818781,0.23677555,4.1325545,0.67616504,2.6417232,0.5523587,5.5891266,0.0,6.346346,-5.9353375,0.4074074,61.584114,0.0,0.0,0.0,1.0,0.0,0,5.7446632,7.2460737,0.0,0.0,3.6330209,4.6124644,0.024769265,0.8494879,1.989416,7.1233788
0,197,198.0,10.0,1.0,1.0,179.0,1.0,1.0,1.0,0.9820037,1.0,-0.0,0.0,-1.4911881e-05,-0.017981391,0.25084224,4.112437,0.7204188,2.2237668,0.51965255,6.078883,0.0,6.273167,-6.069809,0.41203704,61.214554,0.0,0.0,0.0,1.0,0.0,0,6.0285716,6.2848363,0.38679057,0.0,3.4064648,5.0575304,0.0,0.28656012,1.418199,6.4786777
1,197,198.0,10.0,1.0,1.0,179.0,1.0,1.0,1.0,0.99998766,1.0,-0.0,0.0,-1.2358237e-05,-0.0,0.35325772,4.087175,0.69467866,2.507964,0.577891,4.7987814,1.0,6.53897,-7.0510273,0.43055555,61.366863,0.0,0.0,0.0,1.0,0.0,0,5.645486,6.6271377,0.0,0.0,3.117993,4.9934316,0.028369894,0.5611524,1.2719922,6.763882
2,197,198.0,10.0,1.0,1.0,179.0,1.0,1.0,1.0,0.98696464,1.0,-0.0,0.0,-1.2155029e-05,-0.013023178,0.29841197,4.091223,0.6937177,2.1681626,0.55789626,5.78139,0.0,6.278759,-6.6589947,0.4351852,61.495163,0.0,0.0,0.0,1.0,0.0,0,6.246295,7.2608447,0.0,0.0,4.03288,4.4372973,0.0,0.67126286,1.2346554,7.969117
3,197,198.0,10.0,1.0,1.0,179.0,1.0,1.0,1.0,0.98795956,1.0,-0.0,0.0,-1.3324764e-05,-0.012027088,0.29053614,4.055845,0.6891291,2.6182106,0.55601245,5.721625,0.0,6.555802,-6.250463,0.41203704,61.87547,0.0,0.0,0.0,1.0,0.0,0,5.89801,7.111723,0.24563198,0.0,3.1812809,4.7605443,0.0,1.1623435,1.9658666,7.5261173
0,198,199.0,10.0,1.0,1.0,180.0,1.0,1.0,1.0,0.9790865,1.0,-0.0,0.0,-1.35332875e-05,-0.02089998,0.020299293,4.168396,0.73392195,2.2241192,0.52376974,6.2539983,0.0,6.36501,-3.469903,0.41203704,61.26209,0.0,0.0,0.0,1.0,0.0,0,6.1999493,7.6330147,0.20400158,0.050146513,3.2050102,5.1564918,0.0,0.3876704,1.1974248,6.887327
1,198,199.0,10.0,1.0,1.0,180.0,1.0,1.0,1.0,0.9999888,1.0,-0.0,0.0,-1.1229053e-05,-0.0,0.08425061,4.1456766,0.71568716,2.5334275,0.59265774,4.8142557,1.0,6.6735597,-4.615196,0.43055555,61.397415,0.0,0.0,0.0,1.0,0.0,0,6.1750164,7.852274,0.0,0.0,3.9308226,5.9918165,0.0,0.2914814,0.8481636,7.2164946
2,198,199.0,10.0,1.0,1.0,180.0,1.0,1.0,1.0,0.98429435,1.0,-0.0,0.0,-1.29180335e-05,-0.015692715,0.021588989,4.1598287,0.71130586,2.1310213,0.5579096,5.9415627,0.0,6.4138947,-4.125685,0.4351852,61.54874,0.0,0.0,0.0,1.0,0.0,0,6.5687313,6.620798,0.15679495,0.0,3.2801101,4.1365995,0.0,0.38684124,1.1667068,8.130783
3,198,199.0,10.0,1.0,1.0,180.0,1.0,1.0,1.0,0.98684037,1.0,-0.0,0.0,-1.0121851e-05,-0.013149508,0.10575764,4.231207,0.7183464,2.6125243,0.56327754,5.78897,0.0,6.7340007,-2.9449625,0.41203704,62.04127,0.0,0.0,0.0,1.0,0.0,0,6.2090025,6.5228643,0.03540262,0.0,3.6090753,4.5905895,0.0,0.75020885,2.0817032,7.0056605
0,199,200.0,10.0,1.0,1.0,181.0,1.0,1.0,1.0,0.9753194,1.0,-0.0,0.0,-1.1043605e-05,-0.024669612,0.34760684,4.0907536,0.734239,2.2223587,0.49994487,6.480176,0.0,6.2968445,-6.9435873,0.4212963,61.456753,0.0,0.0,0.0,1.0,0.0,0,5.5656505,5.4337707,0.38547602,0.16698293,1.6168958,6.249278,0.0,1.1141554,2.3038027,5.447902
1,199,200.0,10.0,1.0,1.0,181.0,1.0,1.0,1.0,0.9972179,1.0,-0.0,0.0,-1.0114309e-05,-0.0027719752,0.41916427,4.0556445,0.712157,2.4063444,0.5649259,5.166318,0.0,6.53921,-7.666331,0.43055555,61.610023,0.0,0.0,0.0,1.0,0.0,0,5.979377,7.180464,0.0,0.0,2.6049855,7.6012893,0.0,2.0040486,1.8570379,6.5180774
2,199,200.0,10.0,1.0,1.0,181.0,1.0,1.0,1.0,0.9780279,1.0,-0.0,0.0,-9.064346e-06,-0.021963036,0.38681364,4.05038,0.7087234,2.0340517,0.5242291,6.3177814,0.0,6.3585687,-7.3926992,0.4398148,61.77456,0.0,0.0,0.0,1.0,0.0,0,5.896435,6.413431,0.014990418,0.0,2.194387,4.684757,0.0,1.3232708,2.3549767,7.7144346
3,199,200.0,10.0,1.0,1.0,181.0,1.0,1.0,1.0,0.9727288,1.0,-0.0,0.0,-1.4258516e-05,-0.027256966,0.33196527,4.07074,0.6920803,2.424492,0.49885398,6.6354175,0.0,6.5204706,-6.5408397,0.41203704,62.401188,0.0,0.0,0.0,1.0,0.0,0,4.9962687,7.4777346,0.23522854,0.0,3.4922621,7.424385,0.0,1.6189142,3.7720675,6.6202426
0,200,201.0,10.0,1.0,1.0,182.0,1.0,1.0,1.0,0.97125715,1.0,-0.0,0.0,-1.4472875e-05,-0.028728351,0.3038984,4.1443887,0.7315211,2.0209258,0.50836533,6.7237005,0.0,6.0461073,-0.28828484,0.4212963,61.576946,0.0,0.0,0.0,1.0,0.0,0,6.3934193,6.762594,0.45684037,0.47854698,3.4313786,5.2199397,0.0,0.25387725,0.8770703,8.121401
1,200,201.0,10.0,1.0,1.0,182.0,1.0,1.0,1.0,0.99325407,1.0,-0.0,0.0,-1.3584588e-05,-0.006732361,0.25043562,4.099696,0.72572476,2.2248228,0.57505673,5.403941,0.0,6.217067,-0.841157,0.43055555,61.72214,0.0,0.0,0.0,1.0,0.0,0,6.1716785,7.2209496,0.0,0.0,4.1276207,5.54348,0.0,0.44539464,0.8452173,7.215887
2,200,201.0,10.0,1.0,1.0,182.0,1.0,1.0,1.0,0.9762829,1.0,-0.0,0.0,-1.2517158e-05,-0.023704585,0.27800426,4.1486216,0.7256776,1.8700536,0.5371077,6.4222746,0.0,6.07709,-0.93077356,0.4398148,61.920937,0.0,0.0,0.0,1.0,0.0,0,6.3507867,7.0413713,0.32297873,0.0,3.7776952,4.523954,0.0,0.4715866,0.89872694,8.6016865
3,200,201.0,10.0,1.0,1.0,182.0,1.0,1.0,1.0,0.9699332,1.0,-0.0,0.0,-1.6483145e-05,-0.030050306,0.45394635,4.1801295,0.7036862,2.2742321,0.50663084,6.803018,0.0,6.114588,1.19774,0.41203704,62.554634,0.0,0.0,0.0,1.0,0.0,0,6.0198174,6.6482654,0.33799696,0.0,3.6443174,4.7316465,0.0,0.42395413,2.1075768,7.3638773
0,201,202.0,10.0,1.0,1.0,183.0,1.0,1.0,1.0,0.96921134,1.0,-0.0,0.0,-1.16340125e-05,-0.030777052,0.37302598,4.1095176,0.7461334,2.2392008,0.49676126,6.8466225,0.0,6.589576,-7.423456,0.42592594,61.642254,0.0,0.0,0.0,1.0,0.0,0,3.3053153,7.0672398,0.56349164,0.5012394,2.933598,6.7477036,0.0,1.8212599,1.3323345,6.1175947
1,201,202.0,10.0,1.0,1.0,183.0,1.0,1.0,1.0,0.99190474,1.0,-0.0,0.0,-1.106675e-05,-0.008084176,0.45892894,4.0650225,0.7492335,2.4254603,0.57609105,5.48505,0.0,6.8502555,-8.373868,0.4398148,61.789154,0.0,0.0,0.0,1.0,0.0,0,2.6697521,6.81926,0.20482865,0.0,2.7759736,5.1290483,0.0,1.7007351,1.3227774,5.875811
2,201,202.0,10.0,1.0,1.0,183.0,1.0,1.0,1.0,0.974545,1.0,-0.0,0.0,-1.0755049e-05,-0.02544427,0.39447695,4.111566,0.7489317,1.9782585,0.5428213,6.5266557,0.0,6.6643853,-7.790143,0.4398148,61.957306,0.0,0.0,0.0,1.0,0.0,0,6.698876,6.52748,0.085936286,0.0,2.8824296,4.5967383,0.0,0.8979471,1.1260898,8.531279
3,201,202.0,10.0,1.0,1.0,183.0,1.0,1.0,1.0,0.96784747,1.0,-0.0,0.0,-1.6690428e-05,-0.03213587,0.37394556,4.054962,0.7202873,2.315841,0.5000918,6.9281516,0.0,6.8495684,-7.3333607,0.4212963,62.742622,0.0,0.0,0.0,1.0,0.0,0,1.3015941,7.451681,0.44580528,0.23671888,1.7781866,8.759203,0.0,1.8714232,2.486389,6.3760023
0,202,203.0,10.0,1.0,1.0,184.0,1.0,1.0,1.0,0.9652794,1.0,-0.0,0.0,-1.1574438e-05,-0.034709044,0.2292525,4.0032,0.7643063,2.2745764,0.5070197,7.082542,0.0,6.611413,-1.4369558,0.43055555,61.739826,0.0,0.0,0.0,1.0,0.0,0,5.9203095,7.024814,0.4430768,0.3482,2.9083753,5.471282,0.0,0.20172359,1.0296017,8.006524
1,202,203.0,10.0,1.0,1.0,184.0,1.0,1.0,1.0,0.98833424,1.0,-0.0,0.0,-1.1157007e-05,-0.011654594,0.18302836,3.9508705,0.7603827,2.3316724,0.57820857,5.699275,0.0,6.717963,-1.9203312,0.4398148,61.89434,0.0,0.0,0.0,1.0,0.0,0,5.817024,7.3091307,0.088813454,0.0,3.5818605,5.7146597,0.0,0.29524434,0.94413036,7.227744
2,202,203.0,10.0,1.0,1.0,184.0,1.0,1.0,1.0,0.97535396,1.0,-0.0,0.0,-1.0674259e-05,-0.024635367,0.13353023,3.9826486,0.75820017,2.0290427,0.56268734,6.4781218,0.0,6.7869444,-2.8852675,0.44444445,62.124454,0.0,0.0,0.0,1.0,0.0,0,6.247165,6.015533,0.31677055,0.16269657,3.4629705,4.2511296,0.0,0.52488357,0.9122364,8.360883
3,202,203.0,10.0,1.0,1.0,184.0,1.0,1.0,1.0,0.9644117,1.0,-0.0,0.0,-1.6228922e-05,-0.035572086,0.33836776,3.9844458,0.7371409,2.3320084,0.5085784,7.1343246,0.0,6.8017826,-0.2665706,0.4212963,62.77044,0.0,0.0,0.0,1.0,0.0,0,6.069055,7.040955,0.1843911,0.21154289,3.7833877,4.743677,0.0,0.48467913,1.8694527,7.8236084
0,203,204.0,10.0,1.0,1.0,185.0,1.0,1.0,1.0,0.96411574,1.0,-0.0,0.0,-1.0674286e-05,-0.0358736,0.1532536,4.3232617,0.7792527,2.351728,0.5155727,7.1524153,0.0,6.805501,-5.914987,0.43055555,62.38227,0.0,0.0,0.0,1.0,0.0,0,6.3001533,6.6593633,0.4815306,0.44543895,2.8627098,6.3449416,0.0,0.20238993,1.4303998,8.170783
1,203,204.0,10.0,1.0,1.0,185.0,1.0,1.0,1.0,0.9850948,1.0,-0.0,0.0,-1.08733e-05,-0.01489438,0.1924552,4.2645493,0.77982473,2.4831855,0.57721066,5.8936625,0.0,7.011792,-6.351579,0.4398148,62.536114,0.0,0.0,0.0,1.0,0.0,0,6.1380925,6.830653,0.13605991,0.0,3.2799768,6.0398655,0.0,0.37353802,1.2952765,7.5311346
2,203,204.0,10.0,1.0,1.0,185.0,1.0,1.0,1.0,0.9747229,1.0,-0.0,0.0,-1.0934194e-05,-0.02526615,0.15960392,4.3216147,0.76981103,2.0158844,0.5694121,6.5159683,0.0,6.8660135,-6.6065135,0.44444445,62.798775,0.0,0.0,0.0,1.0,0.0,0,6.3487654,6.091167,0.130639,0.4825626,3.4462242,5.050247,0.0,0.67849296,0.9037078,7.9098063
3,203,204.0,10.0,1.0,1.0,185.0,1.0,1.0,1.0,0.9626784,1.0,-0.0,0.0,-1.6701628e-05,-0.03730494,0.15729815,4.2293777,0.7532473,2.3962395,0.5175515,7.238296,0.0,7.1005044,-5.6566625,0.4212963,63.284023,0.0,0.0,0.0,1.0,0.0,0,6.1472,6.329759,0.49540302,0.29493,3.1768663,5.009653,0.0,0.3381365,1.9805813,8.291929
0,204,205.0,10.0,1.0,1.0,186.0,1.0,1.0,1.0,0.9649708,1.0,-0.0,0.0,-9.053056e-06,-0.035020094,0.08917935,4.277435,0.7822736,2.319556,0.5335239,7.1012053,0.0,6.6400046,-5.5726767,0.43055555,62.66024,0.0,0.0,0.0,1.0,0.0,0,6.224665,6.3269367,0.60774255,0.6297987,3.0457802,6.0646234,0.0,0.199932,1.1736299,8.061758
1,204,205.0,10.0,1.0,1.0,186.0,1.0,1.0,1.0,0.9842767,1.0,-0.0,0.0,-8.593982e-06,-0.015714679,0.107140094,4.232978,0.78163046,2.4299738,0.5879039,5.94288,0.0,6.8274264,-5.680182,0.4398148,62.833225,0.0,0.0,0.0,1.0,0.0,0,5.97868,6.692356,0.2016878,0.0,3.6337233,5.8077345,0.0,0.83182317,1.1437697,7.7009897
2,204,205.0,10.0,1.0,1.0,186.0,1.0,1.0,1.0,0.97716683,1.0,-0.0,0.0,-1.0143245e-05,-0.022823034,0.15077777,4.25322,0.7727091,1.9527721,0.59127086,6.3693814,0.0,6.662413,-6.7575874,0.44444445,63.042427,0.0,0.0,0.0,1.0,0.0,0,6.5012217,5.6806026,0.22230881,0.73107046,3.3346875,4.207203,0.0,0.373471,0.9668833,8.177169
3,204,205.0,10.0,1.0,1.0,186.0,1.0,1.0,1.0,0.9650177,1.0,-0.0,0.0,-1.0038086e-05,-0.03497229,0.05411543,4.249422,0.7591947,2.392971,0.53798026,7.0983367,0.0,7.0139456,-5.167974,0.4212963,63.649,0.0,0.0,0.0,1.0,0.0,0,6.1357765,6.2757273,0.44607133,0.6820519,3.3508744,4.948848,0.0,0.58213943,1.7857045,8.264028
0,205,206.0,10.0,1.0,1.0,187.0,1.0,1.0,1.0,0.9641481,1.0,-0.0,0.0,-7.499942e-06,-0.035844393,0.027226098,4.328548,0.7828494,2.2402492,0.5397425,7.150663,0.0,6.786916,-5.105231,0.43055555,62.948463,0.0,0.0,0.0,1.0,0.0,0,6.374375,5.406885,0.35677892,0.19780733,1.5305749,5.9022408,0.0,0.15439075,1.2639443,7.706371
1,205,206.0,10.0,1.0,1.0,187.0,1.0,1.0,1.0,0.982558,1.0,-0.0,0.0,-7.3866418e-06,-0.017434606,0.007712841,4.253671,0.78131354,2.330665,0.58670604,6.046076,0.0,6.886864,-5.0174894,0.4398148,63.078434,0.0,0.0,0.0,1.0,0.0,0,5.724615,7.0631204,0.130746,0.0,3.5138474,5.975373,0.0,0.16012253,1.1452277,7.474804
2,205,206.0,10.0,1.0,1.0,187.0,1.0,1.0,1.0,0.97592336,1.0,-0.0,0.0,-6.8658924e-06,-0.024069764,0.0071059912,4.307562,0.7768213,1.9139062,0.5932479,6.4441853,0.0,6.8238344,-6.018187,0.44444445,63.338894,0.0,0.0,0.0,1.0,0.0,0,6.394773,6.604335,0.37458628,0.8775715,3.164652,4.6520505,0.0,0.79103196,1.1071476,8.334636
3,205,206.0,10.0,1.0,1.0,187.0,1.0,1.0,1.0,0.96563846,1.0,-0.0,0.0,-8.7620165e-06,-0.034352805,0.0038078055,4.243498,0.76331514,2.3613605,0.5481287,7.0611677,0.0,7.1473455,-5.252376,0.4212963,63.85557,0.0,0.0,0.0,1.0,0.0,0,5.82703,6.2613416,0.5151107,0.77022207,2.9791913,5.093158,0.0,0.46313265,1.7820826,8.187768
0,206,207.0,10.0,1.0,1.0,188.0,1.0,1.0,1.0,0.9651878,1.0,-0.0,0.0,-9.221525e-06,-0.034802996,0.08341707,4.2353287,0.7988218,2.2517498,0.55131966,7.088179,0.0,6.8997254,-6.782649,0.43055555,63.284893,0.0,0.0,0.0,1.0,0.0,0,6.149815,6.147994,0.7367223,1.0035086,2.6054835,6.3589163,0.0,0.35878763,1.2995197,8.100569
1,206,207.0,10.0,1.0,1.0,188.0,1.0,1.0,1.0,0.98178625,1.0,-0.0,0.0,-7.135264e-06,-0.018206567,0.0846833,4.2213674,0.79063344,2.3676503,0.5896852,6.0923934,0.0,7.0217724,-6.5134234,0.4398148,63.46252,0.0,0.0,0.0,1.0,0.0,0,5.786746,6.4641547,0.31944686,0.0,3.1521997,6.0444455,0.0,0.3096007,1.2108161,7.589289
2,206,207.0,10.0,1.0,1.0,188.0,1.0,1.0,1.0,0.9757549,1.0,-0.0,0.0,-9.357327e-06,-0.024235709,0.11435039,4.2358613,0.7834332,1.901186,0.59918004,6.454142,0.0,6.918406,-7.546448,0.44444445,63.667828,0.0,0.0,0.0,1.0,0.0,0,6.4670844,5.9434123,0.28751966,1.1297747,3.34357,4.2164865,0.0,0.48197827,1.0129281,7.675596
3,206,207.0,10.0,1.0,1.0,188.0,1.0,1.0,1.0,0.9664458,1.0,-0.0,0.0,-6.4335873e-06,-0.03354778,0.07967744,4.236702,0.7785607,2.41349,0.5587349,7.0128665,0.0,7.3558607,-6.8003945,0.4212963,64.27938,0.0,0.0,0.0,1.0,0.0,0,6.12525,6.19639,0.57343084,0.8318542,2.8396077,5.084775,0.0,0.35061726,1.8864138,8.187396
0,207,208.0,10.0,1.0,1.0,189.0,1.0,1.0,1.0,0.966082,1.0,-0.0,0.0,-6.0487255e-06,-0.033912033,0.16374774,4.394554,0.8007708,2.2060976,0.560587,7.0347214,0.0,6.573546,-5.1750846,0.43055555,63.91876,0.0,0.0,0.0,1.0,0.0,0,5.9471927,6.0807056,0.679211,1.1461489,3.008708,6.510744,0.0,0.371111,1.3882204,7.8848743
1,207,208.0,10.0,1.0,1.0,189.0,1.0,1.0,1.0,0.981152,1.0,-0.0,0.0,-5.0756203e-06,-0.018842941,0.1545757,4.356472,0.7890273,2.2869313,0.5916839,6.130576,0.0,6.6478567,-4.801883,0.4398148,64.06924,0.0,0.0,0.0,1.0,0.0,0,5.6745944,6.615069,0.2791499,0.0,3.7308543,6.1175475,0.0,0.76812375,1.4192528,7.692013
2,207,208.0,10.0,1.0,1.0,189.0,1.0,1.0,1.0,0.97454804,1.0,-0.0,0.0,-5.681314e-06,-0.025446283,0.15108716,4.403624,0.7858462,1.8591394,0.5998863,6.5267763,0.0,6.564172,-5.618362,0.44444445,64.30608,0.0,0.0,0.0,1.0,0.0,0,6.2307653,6.048859,0.38353077,1.2746472,3.3344061,4.320491,0.0,0.54768646,1.1755946,7.8186717
3,207,208.0,10.0,1.0,1.0,189.0,1.0,1.0,1.0,0.9679637,1.0,-0.0,0.0,-5.9734825e-06,-0.032030314,0.12782924,4.353069,0.7802737,2.3870757,0.56863225,6.9218183,0.0,7.0305667,-5.5396547,0.4212963,64.85771,0.0,0.0,0.0,1.0,0.0,0,6.1235514,6.215372,0.51174736,1.0632865,3.2970004,5.200815,0.0,0.64906543,1.9512724,8.165155
0,208,209.0,10.0,1.0,1.0,190.0,1.0,1.0,1.0,0.95597744,1.0,-0.0,0.0,-7.84059e-06,-0.044014722,0.07875282,4.178121,0.80517846,2.057391,0.53101546,7.6408825,0.0,6.72059,-7.3397465,0.43055555,64.13896,0.0,0.0,0.0,1.0,0.0,0,6.35808,6.51,0.6918413,1.5713023,3.4318287,7.082104,0.0,0.11050707,1.7399913,8.210698
1,208,209.0,10.0,1.0,1.0,190.0,1.0,1.0,1.0,0.97427607,1.0,-0.0,0.0,-6.0164098e-06,-0.025717895,0.08987486,4.1893344,0.79541934,2.238851,0.5672319,6.543073,0.0,6.8147745,-7.3598127,0.4398148,64.30571,0.0,0.0,0.0,1.0,0.0,0,6.2550178,7.151356,0.172556,0.0,3.5858557,6.411655,0.0,0.109044075,1.4571697,7.8859415
2,208,209.0,10.0,1.0,1.0,190.0,1.0,1.0,1.0,0.9603299,1.0,-0.0,0.0,-7.71204e-06,-0.039662395,0.071426295,4.180544,0.79043984,1.8208544,0.55055887,7.379743,0.0,6.672943,-7.348543,0.44444445,64.51281,0.0,0.0,0.0,1.0,0.0,0,6.662702,5.972877,0.37320998,1.5498642,3.5347948,4.7404566,0.0,0.2835344,1.4652715,8.144047
3,208,209.0,10.0,1.0,1.0,190.0,1.0,1.0,1.0,0.95831245,1.0,-0.0,0.0,-5.75168e-06,-0.0416818,0.061892346,4.177843,0.7840764,2.3896976,0.5417072,7.5009074,0.0,7.1821747,-7.312429,0.4212963,65.11475,0.0,0.0,0.0,1.0,0.0,0,6.225509,6.216256,0.39155084,1.510705,3.8732278,5.459745,0.0,0.35598162,2.0680232,8.558816
0,209,210.0,10.0,1.0,1.0,191.0,1.0,1.0,1.0,0.95388305,1.0,-0.0,0.0,-6.1018327e-06,-0.04611089,0.06334223,4.2666826,0.81370485,2.1025488,0.5288935,7.766653,0.0,6.708147,-6.6114125,0.43055555,64.61082,0.0,0.0,0.0,1.0,0.0,0,6.350869,7.2592287,0.54736114,1.1780542,2.8393924,6.618781,0.0,0.7502306,1.6514851,8.142301
1,209,210.0,10.0,1.0,1.0,191.0,1.0,1.0,1.0,0.9717536,1.0,-0.0,0.0,-6.392297e-06,-0.02824005,0.03074538,4.252912,0.80385965,2.2191863,0.5605707,6.6944027,0.0,6.7602777,-6.877092,0.4398148,64.74777,0.0,0.0,0.0,1.0,0.0,0,5.6501193,6.6995583,0.19791192,0.05864456,3.3041663,6.041197,0.0,1.036444,1.739688,7.9912157
2,209,210.0,10.0,1.0,1.0,191.0,1.0,1.0,1.0,0.9595967,1.0,-0.0,0.0,-5.486594e-06,-0.040397823,0.066946074,4.2687426,0.79674196,1.8131003,0.5499922,7.4238687,0.0,6.6435776,-6.7940187,0.44444445,64.97808,0.0,0.0,0.0,1.0,0.0,0,6.4917316,6.15156,0.43240038,1.6588985,2.5819006,4.7616415,0.0,1.1047422,1.5071589,8.095573
3,209,210.0,10.0,1.0,1.0,191.0,1.0,1.0,1.0,0.9577832,1.0,-0.0,0.0,-7.0474134e-06,-0.04220973,0.020679086,4.220109,0.7877398,2.3732636,0.54460263,7.532583,0.0,7.153272,-7.267911,0.4212963,65.51949,0.0,0.0,0.0,1.0,0.0,0,5.9981856,6.3144937,0.6668686,1.2660933,2.8493326,5.6932645,0.0,1.1196657,2.0662344,8.355695
0,210,211.0,10.0,1.0,1.0,192.0,1.0,1.0,1.0,0.95140314,1.0,-0.0,0.0,-6.834643e-06,-0.04859001,0.039616972,3.981326,0.8179486,1.9399034,0.49962518,7.9154,0.0,6.461441,-7.374214,0.43055555,64.889496,0.0,0.0,0.0,1.0,0.0,0,6.4885373,7.323642,0.19311054,1.9727887,3.7664356,6.3831954,0.0,0.0,2.1178024,8.351096
1,210,211.0,10.0,1.0,1.0,192.0,1.0,1.0,1.0,0.9734085,1.0,-0.0,0.0,-5.301194e-06,-0.026586149,0.046029687,3.986834,0.7953315,1.8302867,0.5253005,6.5951686,0.0,6.1065993,-7.435373,0.4398148,64.99759,0.0,0.0,0.0,1.0,0.0,0,5.499025,6.257317,0.0,0.06855188,3.6960595,6.8284698,0.0,1.4058859,1.995653,8.08968
2,210,211.0,10.0,1.0,1.0,192.0,1.0,1.0,1.0,0.95369744,1.0,-0.0,0.0,-6.891966e-06,-0.04629566,0.04281681,3.95593,0.800321,1.995984,0.5100192,7.777739,0.0,6.5067124,-7.376653,0.44444445,65.24732,0.0,0.0,0.0,1.0,0.0,0,7.88911,7.335571,0.024120195,1.976407,2.7875488,5.6360393,0.0,0.17022915,2.076095,8.71097
3,210,211.0,10.0,1.0,1.0,192.0,1.0,1.0,1.0,0.9598335,1.0,-0.0,0.0,-4.5087545e-06,-0.040161967,0.016843155,4.0045347,0.76759803,2.2202444,0.5363816,7.4097176,0.0,6.4482265,-7.388579,0.4212963,65.77663,0.0,0.0,0.0,1.0,0.0,0,5.993437,6.646719,0.3138208,1.9150814,3.5429285,5.683693,0.0,0.98789734,2.4073286,8.31729
0,211,212.0,10.0,1.0,1.0,193.0,1.0,1.0,1.0,0.95267355,1.0,-0.0,0.0,-5.9159483e-06,-0.04732052,0.1558423,3.9967108,0.8316554,2.0282712,0.50707823,7.8392305,0.0,6.390097,-5.858048,0.43055555,65.23049,0.0,0.0,0.0,1.0,0.0,0,6.416728,6.6823473,0.63478804,1.6447226,2.9417918,6.550187,0.0,0.91628945,2.444817,8.280025
1,211,212.0,10.0,1.0,1.0,193.0,1.0,1.0,1.0,0.97690165,1.0,-0.0,0.0,-5.185842e-06,-0.023093168,0.13145787,3.9248765,0.81539124,1.9746943,0.52144027,6.3855896,0.0,6.148926,-6.091843,0.4398148,65.256996,0.0,0.0,0.0,1.0,0.0,0,5.9111767,7.037581,0.08288311,0.6007579,3.7047749,6.2456646,0.0,0.89176536,2.0139353,7.563685
2,211,212.0,10.0,1.0,1.0,193.0,1.0,1.0,1.0,0.9538885,1.0,-0.0,0.0,-3.974943e-06,-0.046107534,0.15904588,4.0523553,0.8121151,1.9306009,0.51756334,7.7664514,0.0,6.3576736,-5.8671656,0.44444445,65.65628,0.0,0.0,0.0,1.0,0.0,0,6.891481,6.9510107,0.5003241,1.874879,2.7611215,5.541979,0.0,1.0850134,2.421567,8.053452
3,211,212.0,10.0,1.0,1.0,193.0,1.0,1.0,1.0,0.9625709,1.0,-0.0,0.0,-6.976204e-06,-0.037422094,0.12663677,3.942616,0.78049994,2.415111,0.5374907,7.245325,0.0,6.487608,-6.2504373,0.4212963,65.990295,0.0,0.0,0.0,1.0,0.0,0,5.84994,5.9922004,0.54250664,0.959281,3.4287264,5.6221237,0.0,0.60411406,2.5976741,8.442349
0,212,213.0,10.0,1.0,1.0,194.0,1.0,1.0,1.0,0.94849324,1.0,-0.0,0.0,-6.4034957e-06,-0.05150035,0.020331144,3.8305185,0.8336759,1.9607722,0.49647856,8.09002,0.0,6.1899824,-6.764548,0.43055555,65.46917,0.0,0.0,0.0,1.0,0.0,0,6.058001,6.999092,0.5592031,2.1010861,3.9484398,5.7453613,0.0,0.49626797,2.6670475,8.597956
1,212,213.0,10.0,1.0,1.0,194.0,1.0,1.0,1.0,0.9658598,1.0,-0.0,0.0,-5.7861653e-06,-0.034134474,0.0020440668,3.828299,0.83093065,2.0470932,0.4831667,7.048068,0.0,6.1163507,-6.9432054,0.4398148,65.58107,0.0,0.0,0.0,1.0,0.0,0,5.8756638,6.9082155,0.0,0.735635,4.0418344,6.028944,0.0,0.15232156,2.4067953,7.9276342
2,212,213.0,10.0,1.0,1.0,194.0,1.0,1.0,1.0,0.94757813,1.0,-0.0,0.0,-6.36282e-06,-0.052415498,0.01249183,3.8830514,0.8186673,1.9503655,0.4949187,8.144929,0.0,6.0217085,-6.751379,0.44444445,65.875885,0.0,0.0,0.0,1.0,0.0,0,6.663036,7.683182,0.35917065,1.8005944,3.8976123,5.310641,0.0,0.6389917,2.5883188,7.7753005
3,212,213.0,10.0,1.0,1.0,194.0,1.0,1.0,1.0,0.9531731,1.0,-0.0,0.0,-5.2696682e-06,-0.046821643,0.028598495,3.8981886,0.7913225,2.266993,0.5103129,7.809298,0.0,6.1121187,-6.7586975,0.4212963,66.35092,0.0,0.0,0.0,1.0,0.0,0,5.8092484,6.869466,0.115105666,0.43760976,3.4963076,5.194595,0.0,0.1925269,3.0209846,8.450234
0,213,214.0,10.0,1.0,1.0,195.0,1.0,1.0,1.0,0.9503129,1.0,-0.0,0.0,-4.8346205e-06,-0.049682282,0.20461567,3.8908303,0.8471888,2.2170691,0.50442195,7.9809365,0.0,6.262125,-5.077973,0.43055555,65.722145,0.0,0.0,0.0,1.0,0.0,0,6.291467,7.963564,0.3237792,1.57045,3.6219888,5.960492,0.0,1.2430422,2.7996385,8.035142
1,213,214.0,10.0,1.0,1.0,195.0,1.0,1.0,1.0,0.9676252,1.0,-0.0,0.0,-5.5218457e-06,-0.03236925,0.13942885,3.8914735,0.84481823,2.2507064,0.49397174,6.9421544,0.0,6.247769,-5.7659316,0.4398148,65.83906,0.0,0.0,0.0,1.0,0.0,0,5.7439947,7.298527,0.11532764,0.7491831,3.60758,5.8933363,0.0,1.0541012,2.6555378,7.5848155
2,213,214.0,10.0,1.0,1.0,195.0,1.0,1.0,1.0,0.949021,1.0,-0.0,0.0,-4.1458184e-06,-0.050974853,0.19629784,3.9672465,0.83215845,1.9955916,0.5026392,8.058491,0.0,6.069957,-5.076423,0.44444445,66.1478,0.0,0.0,0.0,1.0,0.0,0,7.0397205,7.2017565,0.5453468,1.7563715,2.952271,5.7895775,0.0,1.4474831,2.7464917,8.318958
3,213,214.0,10.0,1.0,1.0,195.0,1.0,1.0,1.0,0.95382005,1.0,-0.0,0.0,-6.827669e-06,-0.04617309,0.114747696,3.9574358,0.82792825,2.5714538,0.51704526,7.770385,0.0,6.5954657,-6.3143353,0.4212963,66.63509,0.0,0.0,0.0,1.0,0.0,0,5.8042917,7.1430035,0.48108023,0.43404505,2.9996936,5.270132,0.0,0.6487684,3.0739145,8.314208
0,214,215.0,10.0,1.0,1.0,196.0,1.0,1.0,1.0,0.9491659,1.0,-0.0,0.0,-6.8210043e-06,-0.050827336,0.06785244,3.7282858,0.84472966,1.9983355,0.50459176,8.04964,0.0,5.9134073,-5.999273,0.43055555,65.9387,0.0,0.0,0.0,1.0,0.0,0,6.381771,6.9391413,0.48471206,2.1410978,3.3826308,6.034148,0.0,0.3269344,2.9986823,7.9988513
1,214,215.0,10.0,1.0,1.0,196.0,1.0,1.0,1.0,0.960174,1.0,-0.0,0.0,-4.4641665e-06,-0.039821483,0.015029311,3.708303,0.8582203,2.3620234,0.46214536,7.3892884,0.0,6.2808514,-6.4863114,0.4398148,66.098564,0.0,0.0,0.0,1.0,0.0,0,6.224013,7.6729355,0.0,0.0,4.115777,5.9457736,0.0,0.2695836,3.039648,8.4609375
2,214,215.0,10.0,1.0,1.0,196.0,1.0,1.0,1.0,0.9501877,1.0,-0.0,0.0,-7.403115e-06,-0.049804915,0.040051714,3.783022,0.8284617,2.0022483,0.50917435,7.988294,0.0,5.517006,-6.2406044,0.44444445,66.346565,0.0,0.0,0.0,1.0,0.0,0,6.427889,6.5819745,0.23555578,0.29949367,3.4997516,4.9594326,0.0,1.1626369,2.6712937,7.610661
3,214,215.0,10.0,1.0,1.0,196.0,1.0,1.0,1.0,0.95421225,1.0,-0.0,0.0,-6.7367773e-06,-0.045781035,0.048564933,3.810586,0.8069436,2.4092703,0.5223031,7.7468615,0.0,5.7233415,-6.247511,0.4212963,66.809616,0.0,0.0,0.0,1.0,0.0,0,5.6757383,6.8125515,0.3749927,0.33683762,3.194611,4.9869304,0.0,0.38489932,3.20001,8.121785
0,215,216.0,10.0,1.0,1.0,197.0,1.0,1.0,1.0,0.95019525,1.0,-0.0,0.0,-6.359664e-06,-0.04979838,0.008898787,3.847231,0.82594985,1.9774671,0.51404935,7.987902,0.0,4.498713,-4.9570074,0.43055555,66.014465,0.0,0.0,0.0,1.0,0.0,0,7.166969,7.5698214,1.1665021,2.0824645,3.3907344,5.829365,0.0,0.8409926,2.1895635,8.035599
1,215,216.0,10.0,1.0,1.0,197.0,1.0,1.0,1.0,0.96396345,1.0,-0.0,0.0,-9.765569e-06,-0.036026794,0.0746157,3.8947027,0.83729607,2.278702,0.47980788,7.1616073,0.0,5.0021787,-5.838361,0.4398148,66.24013,0.0,0.0,0.0,1.0,0.0,0,6.7168856,7.83339,0.046997968,1.6419605,3.7789683,6.027912,0.0,1.2649496,2.2119691,8.029757
2,215,216.0,10.0,1.0,1.0,197.0,1.0,1.0,1.0,0.9523311,1.0,-0.0,0.0,-7.367077e-06,-0.047661457,0.022500008,3.9225981,0.82127035,2.5141983,0.5170183,7.859687,0.0,4.2749844,-5.530935,0.44444445,66.44144,0.0,0.0,0.0,1.0,0.0,0,7.2052064,7.3260703,0.86741537,1.6379563,3.3641405,4.8236,0.0,1.50857,2.3395813,8.470299
3,215,216.0,10.0,1.0,1.0,197.0,1.0,1.0,1.0,0.95456785,1.0,-0.0,0.0,-8.868445e-06,-0.045423277,0.035901368,3.926833,0.79640895,3.0388522,0.5245248,7.725396,0.0,4.188439,-5.2954836,0.4212963,66.90362,0.0,0.0,0.0,1.0,0.0,0,6.2216783,6.0895815,1.0610228,0.8636103,3.2899609,4.506457,0.0,1.0409048,2.986406,8.782329
0,216,217.0,10.0,1.0,1.0,198.0,1.0,1.0,1.0,0.9550402,1.0,-0.0,0.0,-7.094157e-06,-0.04495266,0.31000897,3.7277482,0.87860096,2.376889,0.53307295,7.6971593,0.0,5.8183055,-3.7804284,0.43055555,66.38366,0.0,0.0,0.0,1.0,0.0,0,6.742771,5.885237,0.44721758,1.7755891,2.2288024,6.067513,0.0,0.6855175,2.0140374,7.5181155
1,216,217.0,10.0,1.0,1.0,198.0,1.0,1.0,1.0,0.9696011,1.0,-0.0,0.0,-9.557066e-06,-0.030389389,0.27577057,3.8109608,0.8792309,2.446667,0.5022138,6.823363,0.0,5.8818994,-4.012538,0.4398148,66.59161,0.0,0.0,0.0,1.0,0.0,0,5.259665,6.876414,0.0,0.0,1.9705127,5.4081063,0.0,0.972126,2.0014005,6.931574
2,216,217.0,10.0,1.0,1.0,198.0,1.0,1.0,1.0,0.95512426,1.0,-0.0,0.0,-6.278766e-06,-0.044869505,0.28234124,3.8402035,0.8683713,2.228338,0.5279957,7.6921697,0.0,5.762759,-4.4422803,0.44444445,66.793495,0.0,0.0,0.0,1.0,0.0,0,6.109881,7.3936796,0.0,0.0,1.735583,5.6112995,0.0,1.4527996,2.558924,8.33919
3,216,217.0,10.0,1.0,1.0,198.0,1.0,1.0,1.0,0.95805174,1.0,-0.0,0.0,-5.6361773e-06,-0.04194257,0.33157802,3.8564498,0.8400565,2.703231,0.53945494,7.5165534,0.0,5.619984,-3.4527276,0.4212963,67.32013,0.0,0.0,0.0,1.0,0.0,0,4.689182,5.926716,0.08211454,0.016141437,3.870601,5.0469604,0.0,1.381611,2.9525273,8.261503
0,217,218.0,10.0,1.0,1.0,199.0,1.0,1.0,1.0,0.9547822,1.0,-0.0,0.0,-7.6067313e-06,-0.04521019,0.037876703,3.634662,0.8386351,1.8582971,0.53216195,7.7126107,0.0,4.8628864,-5.569469,0.43055555,66.6219,0.0,0.0,0.0,1.0,0.0,0,6.6764593,6.210094,0.978685,1.3284975,3.4877238,5.588262,0.0,0.27823877,2.055119,7.421793
1,217,218.0,10.0,1.0,1.0,199.0,1.0,1.0,1.0,0.96517575,1.0,-0.0,0.0,-1.2028305e-05,-0.03481221,0.022097304,3.7535865,0.8514901,2.2482708,0.48770192,7.088732,0.0,5.302193,-6.054545,0.4398148,66.769646,0.0,0.0,0.0,1.0,0.0,0,6.390204,6.389448,0.06154081,0.60095847,3.8153803,5.4710555,0.0,0.6894574,2.13311,6.964836
2,217,218.0,10.0,1.0,1.0,199.0,1.0,1.0,1.0,0.9567303,1.0,-0.0,0.0,-1.0695511e-05,-0.043259047,0.031547062,3.7655466,0.83065367,2.3811662,0.5326806,7.595542,0.0,4.6155396,-5.8906507,0.44444445,67.00321,0.0,0.0,0.0,1.0,0.0,0,6.685915,6.561747,0.81824493,0.5146093,3.3085563,4.9331503,0.0,0.7264455,2.1827245,7.9427924
3,217,218.0,10.0,1.0,1.0,199.0,1.0,1.0,1.0,0.95722055,1.0,-0.0,0.0,-1.2895951e-05,-0.042766545,0.032172725,3.730347,0.8227814,3.039625,0.5354144,7.5659924,0.0,4.6655183,-5.256567,0.4212963,67.60171,0.0,0.0,0.0,1.0,0.0,0,6.420603,7.0284357,0.5008113,0.47864294,2.838726,4.4548564,0.0,0.80732274,2.8818853,8.400343
0,218,219.0,10.0,1.0,1.0,200.0,1.0,1.0,1.0,0.9563477,1.0,-0.0,0.0,-7.1583318e-06,-0.04364515,0.06881934,3.713369,0.8506106,1.9547752,0.53682804,7.6187086,0.0,5.107643,-5.6088996,0.43055555,66.70422,0.0,0.0,0.0,1.0,0.0,0,6.134282,6.3247967,0.9775824,1.0112035,3.1379726,5.8642917,0.0,0.6478906,1.987291,7.04628
1,218,219.0,10.0,1.0,1.0,200.0,1.0,1.0,1.0,0.9694225,1.0,-0.0,0.0,-8.418622e-06,-0.03056906,0.0090152025,3.8116302,0.8746566,2.3765597,0.5062936,6.834143,0.0,5.6159377,-6.3981133,0.4398148,66.87517,0.0,0.0,0.0,1.0,0.0,0,5.7454476,5.721036,0.20784822,0.23122619,3.8945806,5.350678,0.0,0.60519797,1.9502017,6.7771993
2,218,219.0,10.0,1.0,1.0,200.0,1.0,1.0,1.0,0.9609815,1.0,-0.0,0.0,-8.740066e-06,-0.039009728,0.076687336,3.864503,0.851324,2.1605678,0.5492658,7.3405833,0.0,5.1479163,-6.315302,0.44444445,67.126564,0.0,0.0,0.0,1.0,0.0,0,6.110785,6.5401087,0.5680018,0.24353875,3.3599944,4.810905,0.0,1.2243736,1.9835163,8.150006
3,218,219.0,10.0,1.0,1.0,200.0,1.0,1.0,1.0,0.95924985,1.0,-0.0,0.0,-8.193228e-06,-0.04074198,0.08241199,3.8247771,0.84864336,2.888298,0.5429254,7.444518,0.0,5.0909677,-5.277829,0.4212963,67.73985,0.0,0.0,0.0,1.0,0.0,0,5.419182,6.4153643,0.31407127,0.2755392,3.9650142,4.788501,0.0,1.0442669,2.7934563,8.728356
0,219,220.0,10.0,1.0,1.0,201.0,1.0,1.0,1.0,0.9570799,1.0,-0.0,0.0,-8.71659e-06,-0.042911388,0.033789873,3.6736536,0.84086245,1.8892089,0.53660876,7.5746827,0.0,4.5322876,-5.4241505,0.43055555,66.919106,0.0,0.0,0.0,1.0,0.0,0,6.2570467,6.828512,0.6901662,0.5745049,3.6342783,5.6257567,0.0,0.39178467,1.9804013,6.98808
1,219,220.0,10.0,1.0,1.0,201.0,1.0,1.0,1.0,0.97229785,1.0,-0.0,0.0,-7.420598e-06,-0.027694745,0.042363256,3.7795537,0.853361,2.40732,0.5170871,6.661684,0.0,4.9497347,-6.237239,0.4398148,67.090675,0.0,0.0,0.0,1.0,0.0,0,6.0986614,6.695068,0.4257793,0.3733367,3.5596187,5.3460193,0.0,0.6825889,1.8485093,6.970102
2,219,220.0,10.0,1.0,1.0,201.0,1.0,1.0,1.0,0.96098095,1.0,-0.0,0.0,-9.290635e-06,-0.039009728,0.0363091,3.8336713,0.8314283,2.5494428,0.5469681,7.3405833,0.0,4.342666,-5.8901067,0.44444445,67.34016,0.0,0.0,0.0,1.0,0.0,0,6.577462,6.958813,0.46779025,0.35832503,3.67528,4.6845226,0.0,1.0883758,1.5859445,8.131793
3,219,220.0,10.0,1.0,1.0,201.0,1.0,1.0,1.0,0.9604433,1.0,-0.0,0.0,-1.4682914e-05,-0.03954204,0.006909482,3.7644193,0.83510053,3.3719518,0.5458777,7.372522,0.0,4.0401664,-5.134482,0.4212963,68.02231,0.0,0.0,0.0,1.0,0.0,0,5.636148,5.2142715,0.6794858,0.32159433,3.5759137,4.21219,0.0,0.8631852,2.3134985,8.318896
0,220,221.0,10.0,1.0,1.0,202.0,1.0,1.0,1.0,0.9587212,1.0,-0.0,0.0,-4.875985e-06,-0.041273892,0.043137744,3.6964684,0.8481122,1.8477372,0.5437648,7.4764333,0.0,4.521774,-5.342638,0.43055555,67.07362,0.0,0.0,0.0,1.0,0.0,0,6.4182215,6.8272653,1.3330985,0.8474348,3.7254264,5.9328275,0.0,0.5365721,1.527702,6.007009
1,220,221.0,10.0,1.0,1.0,202.0,1.0,1.0,1.0,0.97507924,1.0,-0.0,0.0,-5.74954e-06,-0.02491505,0.034473278,3.8216896,0.85392743,2.3168547,0.5283103,6.4949026,0.0,4.918207,-6.288238,0.4398148,67.2266,0.0,0.0,0.0,1.0,0.0,0,6.3157125,6.757492,0.3792211,0.4127182,3.9680765,5.671501,0.0,0.6519189,1.6026853,6.367748
2,220,221.0,10.0,1.0,1.0,202.0,1.0,1.0,1.0,0.9631833,1.0,-0.0,0.0,-5.0996964e-06,-0.0368116,0.026096962,3.872031,0.8297379,2.525381,0.55630535,7.208696,0.0,4.0850925,-5.8233457,0.44444445,67.488464,0.0,0.0,0.0,1.0,0.0,0,6.652956,7.00719,0.99191874,0.53490555,3.8323033,4.836473,0.0,1.1558187,1.3842707,7.2941313
3,220,221.0,10.0,1.0,1.0,202.0,1.0,1.0,1.0,0.9619527,1.0,-0.0,0.0,-7.0617302e-06,-0.038040284,0.02885051,3.853409,0.838616,3.245377,0.55045027,7.2824163,0.0,4.1002126,-4.993981,0.4212963,68.11992,0.0,0.0,0.0,1.0,0.0,0,5.6976833,6.2323923,0.8652932,0.2910941,3.6616466,4.532386,0.0,1.057824,2.2372644,7.8070064
0,221,222.0,10.0,1.0,1.0,203.0,1.0,1.0,1.0,0.9588153,1.0,-0.0,0.0,-6.943635e-06,-0.04117783,0.002059713,3.7250302,0.8396576,2.18757,0.5440402,7.4706693,0.0,3.820595,-4.7051125,0.43055555,67.28348,0.0,0.0,0.0,1.0,0.0,0,6.636791,6.1175623,0.99699855,0.6952223,3.7154365,5.3020563,0.0,0.39819208,1.7087376,6.608961
1,221,222.0,10.0,1.0,1.0,203.0,1.0,1.0,1.0,0.97632885,1.0,-0.0,0.0,-7.1989934e-06,-0.023663938,0.07147379,3.8528633,0.8476701,2.7602527,0.5369619,6.4198356,0.0,4.4204016,-5.622256,0.4398148,67.4344,0.0,0.0,0.0,1.0,0.0,0,6.2544575,6.766457,0.40278226,0.57224,3.9043717,5.2413526,0.0,0.50500995,1.5239117,7.1392794
2,221,222.0,10.0,1.0,1.0,203.0,1.0,1.0,1.0,0.9644559,1.0,-0.0,0.0,-6.8030904e-06,-0.035537325,0.017524697,3.895151,0.82439584,3.2257805,0.56060356,7.132239,0.0,3.4061105,-5.3468447,0.44444445,67.698326,0.0,0.0,0.0,1.0,0.0,0,6.6688256,7.1137285,0.6222719,0.46171674,4.08615,4.450053,0.0,0.9409798,1.5039052,8.845182
3,221,222.0,10.0,1.0,1.0,203.0,1.0,1.0,1.0,0.9636184,1.0,-0.0,0.0,-1.2647362e-05,-0.036368977,0.036671944,3.8567395,0.84220994,4.1312766,0.55955124,7.182138,0.0,3.2908685,-4.408652,0.4212963,68.40082,0.0,0.0,0.0,1.0,0.0,0,5.93137,5.7621093,0.7519863,0.6209369,3.4733663,4.061459,0.0,0.6624693,1.9675425,8.204145
0,222,223.0,10.0,1.0,1.0,204.0,1.0,1.0,1.0,0.9607024,1.0,-0.0,0.0,-7.1922204e-06,-0.03929038,0.019004941,3.7318327,0.83448493,2.2021914,0.5534472,7.3574224,0.0,3.4653757,-4.6061296,0.43055555,67.489334,0.0,0.0,0.0,1.0,0.0,0,6.9832616,6.1485305,1.4735987,0.8659972,3.5422373,6.053658,0.0,0.5534447,1.3410083,5.3613663
1,222,223.0,10.0,1.0,1.0,204.0,1.0,1.0,1.0,0.9777311,1.0,-0.0,0.0,-8.810729e-06,-0.022260092,0.090500526,3.8911648,0.84355783,2.8528488,0.54349595,6.335605,0.0,4.1119456,-5.371387,0.4398148,67.606255,0.0,0.0,0.0,1.0,0.0,0,6.90669,6.396357,0.9039658,0.7660112,3.6566932,5.7918644,0.0,0.612597,1.4437242,6.028121
2,222,223.0,10.0,1.0,1.0,204.0,1.0,1.0,1.0,0.96564114,1.0,-0.0,0.0,-6.066809e-06,-0.034352805,0.032369047,3.9055548,0.822364,3.3791406,0.56350356,7.0611677,0.0,3.074216,-5.095728,0.44444445,67.89928,0.0,0.0,0.0,1.0,0.0,0,6.931404,6.828702,1.072092,0.5469414,3.65007,4.898866,0.0,1.1055514,1.0439146,7.2903886
3,222,223.0,10.0,1.0,1.0,204.0,1.0,1.0,1.0,0.9654194,1.0,-0.0,0.0,-6.164491e-06,-0.034574423,0.04416071,3.8975856,0.8409733,4.1439533,0.5658118,7.074465,0.0,3.077271,-4.3104973,0.4212963,68.55857,0.0,0.0,0.0,1.0,0.0,0,6.0093317,5.2906547,1.1352454,0.52574015,3.6371148,4.402433,0.0,0.83978015,1.808242,7.147696
0,223,224.0,10.0,1.0,1.0,205.0,1.0,1.0,1.0,0.96105623,1.0,-0.0,0.0,-6.9479615e-06,-0.038936786,0.03390927,3.6701772,0.8289353,2.3083932,0.55685115,7.336207,0.0,3.3111522,-4.0665045,0.43055555,67.813965,0.0,0.0,0.0,1.0,0.0,0,6.9314675,6.0406876,1.4139093,0.69747585,3.605716,5.7785397,0.0,0.40877473,1.1218501,5.043473
1,223,224.0,10.0,1.0,1.0,205.0,1.0,1.0,1.0,0.98010325,1.0,-0.0,0.0,-1.1755704e-05,-0.019885015,0.11670366,3.8129146,0.83828986,3.1682413,0.55573505,6.1931005,0.0,3.838543,-4.8150616,0.4398148,67.96656,0.0,0.0,0.0,1.0,0.0,0,7.1025286,6.4325037,1.0500818,0.5145255,3.361419,5.6549954,0.0,0.4284344,1.1133008,5.7526474
2,223,224.0,10.0,1.0,1.0,205.0,1.0,1.0,1.0,0.9655967,1.0,-0.0,0.0,-6.1459627e-06,-0.03439716,0.05095657,3.800051,0.8192059,3.495737,0.5683078,7.063829,0.0,2.9786124,-4.5379987,0.44444445,68.26363,0.0,0.0,0.0,1.0,0.0,0,6.787548,7.178266,1.0448112,0.4574407,3.7661986,4.676585,0.0,0.51095563,0.8869174,7.564581
3,223,224.0,10.0,1.0,1.0,205.0,1.0,1.0,1.0,0.9660693,1.0,-0.0,0.0,-1.4962832e-05,-0.03391574,0.088990666,3.7784402,0.8359339,4.465135,0.574365,7.0349436,0.0,2.8123682,-3.8555386,0.4212963,68.98464,0.0,0.0,0.0,1.0,0.0,0,6.4653077,5.4988556,1.2796685,0.57401395,3.3160236,4.2612104,0.0,0.6287038,1.2894073,6.87934
0,224,225.0,10.0,1.0,1.0,206.0,1.0,1.0,1.0,0.96078503,1.0,-0.0,0.0,-7.998832e-06,-0.039206963,0.07785987,3.812955,0.8460348,2.84378,0.5571933,7.3524175,0.0,3.043432,-3.6019375,0.43055555,68.07367,0.0,0.0,0.0,1.0,0.0,0,6.5809484,6.484249,0.9083722,0.75694567,3.7561343,5.0839353,0.0,0.37210456,1.546405,6.29607
1,224,225.0,10.0,1.0,1.0,206.0,1.0,1.0,1.0,0.9822966,1.0,-0.0,0.0,-7.9832025e-06,-0.017695455,0.14177486,3.9863467,0.84755814,3.4737227,0.57215273,6.061727,0.0,3.9176166,-4.6322727,0.4398148,68.18607,0.0,0.0,0.0,1.0,0.0,0,6.8084564,6.8062177,0.66740495,0.37958983,3.8177633,5.6572094,0.0,0.43201357,1.4020077,6.965136
2,224,225.0,10.0,1.0,1.0,206.0,1.0,1.0,1.0,0.96189374,1.0,-0.0,0.0,-8.636247e-06,-0.038097627,0.08908268,3.9439604,0.8369381,4.1077123,0.5604309,7.285857,0.0,2.8227892,-3.6521535,0.44444445,68.51813,0.0,0.0,0.0,1.0,0.0,0,6.7075834,7.467159,0.39359012,0.55701584,3.928418,4.6112237,0.0,0.5901946,1.413186,9.056937
3,224,225.0,10.0,1.0,1.0,206.0,1.0,1.0,1.0,0.9660941,1.0,-0.0,0.0,-8.768206e-06,-0.033897184,0.10034405,3.9653103,0.84355885,4.6509786,0.57765555,7.0338306,0.0,2.8828971,-3.5226486,0.4212963,69.13811,0.0,0.0,0.0,1.0,0.0,0,6.5537086,6.9632297,0.657358,0.5729275,3.6553319,4.1228337,0.0,0.57572424,1.4548732,7.9641457
0,225,226.0,10.0,1.0,1.0,207.0,1.0,1.0,1.0,0.95676094,1.0,-0.0,0.0,-1.0962037e-05,-0.043228097,0.081783906,3.8478293,0.8402242,2.8200088,0.5352597,7.593685,0.0,2.697475,-3.1520183,0.43055555,68.29184,0.0,0.0,0.0,1.0,0.0,0,6.7108216,6.9479823,0.6388232,0.54276425,3.9114614,5.949268,0.0,1.505038,1.2483059,4.7578716
1,225,226.0,10.0,1.0,1.0,207.0,1.0,1.0,1.0,0.9810711,1.0,-0.0,0.0,-1.3597434e-05,-0.01891529,0.19973405,4.02837,0.83963907,3.6456904,0.56700397,6.134917,0.0,3.2721949,-4.7185335,0.44444445,68.432846,0.0,0.0,0.0,1.0,0.0,0,6.716377,7.3777404,0.7655392,0.47050488,3.3998303,5.9995646,0.0,0.7677883,1.1636021,5.7038746
2,225,226.0,10.0,1.0,1.0,207.0,1.0,1.0,1.0,0.9592141,1.0,-0.0,0.0,-1.2372399e-05,-0.040773526,0.11176765,3.9882884,0.83662367,4.1937165,0.54504853,7.446411,0.0,2.357172,-3.3988469,0.44444445,68.72462,0.0,0.0,0.0,1.0,0.0,0,7.5383544,7.4069552,0.39592415,0.6460196,3.8864403,5.332929,0.0,0.72705466,1.2162536,8.648703
3,225,226.0,10.0,1.0,1.0,207.0,1.0,1.0,1.0,0.9572193,1.0,-0.0,0.0,-2.1037682e-05,-0.04275963,0.053221174,4.01231,0.81340903,4.5648384,0.5473538,7.5655775,0.0,2.2721918,-2.545203,0.4212963,69.365715,0.0,0.0,0.0,1.0,0.0,0,6.2570047,6.8816886,0.6336455,0.48052514,4.2898607,4.5472574,0.0,0.72754455,1.35241,7.2622695
0,226,227.0,10.0,1.0,1.0,208.0,1.0,1.0,1.0,0.95211506,1.0,-0.0,0.0,-1.1042368e-05,-0.047873907,0.06860923,3.8129036,0.83141077,2.6274621,0.51882076,7.8724337,0.0,2.6588116,-2.630487,0.4351852,68.62984,0.0,0.0,0.0,1.0,0.0,0,7.0395064,7.1254277,1.0712589,0.5990272,3.7704024,6.514937,0.0,0.7060568,1.2220622,4.8646407
1,226,227.0,10.0,1.0,1.0,208.0,1.0,1.0,1.0,0.9793561,1.0,-0.0,0.0,-7.2410553e-06,-0.020636706,0.19131508,3.9989629,0.83236116,3.4793518,0.5679462,6.2382016,0.0,3.2041795,-4.439776,0.44444445,68.73757,0.0,0.0,0.0,1.0,0.0,0,7.2385077,8.612723,0.8117713,0.33268785,3.4667335,6.339626,0.0,0.6050901,1.3072531,6.4061084
2,226,227.0,10.0,1.0,1.0,208.0,1.0,1.0,1.0,0.95040834,1.0,-0.0,0.0,-1.0780857e-05,-0.049580842,0.08822139,3.9582353,0.8319345,4.028428,0.5131612,7.9748497,0.0,2.3721538,-2.575485,0.44907406,69.04296,0.0,0.0,0.0,1.0,0.0,0,7.0163426,8.00111,0.9097194,0.41228318,3.741741,5.4092655,0.0,0.3778004,1.0197332,8.514077
3,226,227.0,10.0,1.0,1.0,208.0,1.0,1.0,1.0,0.94988585,1.0,-0.0,0.0,-1.3749273e-05,-0.05010039,0.061301515,4.041752,0.79389215,4.0705714,0.5204075,8.006022,0.0,2.2843907,-2.4663155,0.4212963,69.58864,0.0,0.0,0.0,1.0,0.0,0,5.659043,6.7880883,0.66816336,0.46508914,3.9286914,5.72343,0.0,0.65142345,2.055276,6.908147
0,227,228.0,10.0,1.0,1.0,209.0,1.0,1.0,1.0,0.9507621,1.0,-0.0,0.0,-7.868791e-06,-0.04923004,0.09716749,4.0247436,0.8277322,2.3293214,0.52134764,7.9538016,0.0,2.9417117,-2.6896977,0.4351852,69.01868,0.0,0.0,0.0,1.0,0.0,0,5.9157734,7.869288,0.898155,0.43767855,3.5834217,8.094997,0.0,1.2750833,1.7525148,5.4008765
1,227,228.0,10.0,1.0,1.0,209.0,1.0,1.0,1.0,0.976894,1.0,-0.0,0.0,-8.686933e-06,-0.02309726,0.2048567,4.1588936,0.8318602,3.300387,0.5752337,6.385835,0.0,3.5233672,-4.204794,0.44907406,69.21266,0.0,0.0,0.0,1.0,0.0,0,5.545407,9.074424,0.27371255,0.41681433,4.5233693,7.243041,0.0,1.316364,1.5795571,7.4358754
2,227,228.0,10.0,1.0,1.0,209.0,1.0,1.0,1.0,0.94184184,1.0,-0.0,0.0,-8.12928e-06,-0.058150053,0.08621365,4.1701546,0.828791,3.8006496,0.49035215,8.489002,0.0,2.6824121,-3.0869813,0.4537037,69.431046,0.0,0.0,0.0,1.0,0.0,0,5.4433827,8.0611315,0.567595,0.59558064,4.1984344,5.925001,0.0,0.5407892,1.4513916,9.759569
3,227,228.0,10.0,1.0,1.0,209.0,1.0,1.0,1.0,0.9383513,1.0,-0.0,0.0,-1.7711143e-05,-0.061631016,0.036128238,4.198309,0.7887034,4.006799,0.48758313,8.697861,0.0,2.3965337,-2.575824,0.4212963,70.08655,0.0,0.0,0.0,1.0,0.0,0,5.643341,8.959584,1.0405666,0.8385116,4.466873,6.1873956,0.0,0.49267808,2.6335537,7.6644483
0,228,229.0,10.0,1.0,1.0,210.0,1.0,1.0,1.0,0.9439411,1.0,-0.0,0.0,-1.3183046e-05,-0.05604573,0.09233691,4.047602,0.8151477,1.9163585,0.49633607,8.362743,0.0,2.9881926,-2.7798843,0.4398148,69.302315,0.0,0.0,0.0,1.0,0.0,0,7.9262223,7.5419974,0.5776492,0.47467017,4.8261056,6.1534605,0.0,0.98219156,1.2124283,5.9264946
1,228,229.0,10.0,1.0,1.0,210.0,1.0,1.0,1.0,0.96851146,1.0,-0.0,0.0,-1.0199096e-05,-0.03147837,0.19809622,4.1872683,0.819547,2.7574153,0.5494193,6.888702,0.0,3.4185038,-4.201647,0.44907406,69.437874,0.0,0.0,0.0,1.0,0.0,0,7.6911592,9.162559,0.23046726,0.25273255,4.206666,6.839265,0.0,0.93859553,1.969477,8.133068
2,228,229.0,10.0,1.0,1.0,210.0,1.0,1.0,1.0,0.93197405,1.0,-0.0,0.0,-1.3866438e-05,-0.06801208,0.08100439,4.2033544,0.81369513,3.4367943,0.4558202,9.080724,0.0,2.6077445,-3.254949,0.4537037,69.68563,0.0,0.0,0.0,1.0,0.0,0,7.5088916,8.006172,0.6316952,0.3829362,4.6676636,7.2804456,0.0,0.0403528,0.88448393,9.022702
3,228,229.0,10.0,1.0,1.0,210.0,1.0,1.0,1.0,0.93344164,1.0,-0.0,0.0,-1.4411445e-05,-0.066543944,0.066482276,4.2246537,0.77932054,3.4150877,0.47606403,8.992636,0.0,2.7369523,-3.0419378,0.42592594,70.28393,0.0,0.0,0.0,1.0,0.0,0,6.6585903,8.23004,0.4110476,0.4525829,4.328271,5.2896304,0.0,0.8277872,1.7357287,7.7902884
0,229,230.0,10.0,1.0,1.0,211.0,1.0,1.0,1.0,0.9381677,1.0,-0.0,0.0,-1.0761286e-05,-0.06182155,0.10430571,4.0815625,0.81902283,1.6555966,0.48798397,8.709292,0.0,3.635342,-2.7535977,0.44444445,69.75148,0.0,0.0,0.0,1.0,0.0,0,6.4641557,7.923732,0.43645808,0.48489234,4.3376966,8.501866,0.0,0.67779475,1.7720774,5.697103
1,229,230.0,10.0,1.0,1.0,211.0,1.0,1.0,1.0,0.96691954,1.0,-0.0,0.0,-1.0135835e-05,-0.033070326,0.21787119,4.211768,0.8082076,2.4932518,0.5627566,6.984219,0.0,3.9244084,-4.202972,0.4537037,69.94954,0.0,0.0,0.0,1.0,0.0,0,6.4628253,9.231145,0.25712302,0.27782536,4.67732,8.149121,0.0,1.0628217,1.8045775,8.039124
2,229,230.0,10.0,1.0,1.0,211.0,1.0,1.0,1.0,20.93571,1.0,-0.0,20.0,-1.0558487e-05,-0.064277545,0.0948824,4.1913023,0.8128391,3.0236163,0.48053002,8.856652,0.0,3.3011446,-3.0699894,0.4537037,70.15001,1.0,0.0,0.0,1.0,0.0,0,6.2479963,9.476623,0.38430205,0.21856116,4.6633387,7.009963,0.0,0.8023603,0.6062027,9.653652
3,229,230.0,10.0,1.0,1.0,211.0,1.0,1.0,1.0,0.92648876,1.0,-0.0,0.0,-2.695986e-05,-0.073484294,0.079993345,4.2552795,0.76331186,3.051961,0.46268377,9.409058,0.0,3.249681,-3.0144463,0.43055555,70.842155,0.0,0.0,0.0,1.0,0.0,0,6.1185513,8.729341,0.5916581,0.28774285,4.0304556,6.1814203,0.0,0.4335639,0.825016,8.451777
0,230,231.0,10.0,1.0,1.0,212.0,1.0,1.0,1.0,0.92988664,1.0,-0.0,0.0,-1.3303537e-05,-0.07010009,0.12541376,4.15381,0.7984847,1.7587552,0.46764597,9.206005,0.0,4.081159,-2.7621481,0.44444445,70.13519,0.0,0.0,0.0,1.0,0.0,0,7.599027,8.232532,0.2817311,0.4491205,4.954986,6.5461936,0.0,0.24506004,0.7634195,7.081551
1,230,231.0,10.0,1.0,1.0,212.0,1.0,1.0,1.0,20.964167,1.0,-0.0,20.0,-1.2863343e-05,-0.035820663,0.27009788,4.2904496,0.7914854,1.9703295,0.5696219,7.149239,0.0,4.053812,-5.31078,0.4537037,70.27754,1.0,0.0,0.0,1.0,0.0,0,9.093626,8.397169,0.09421724,0.3145597,5.0023184,7.87157,0.0,0.35478425,1.2150049,8.892615
2,230,231.0,10.0,1.0,1.0,212.0,1.0,1.0,1.0,0.9230693,1.0,-0.0,0.0,-1.4022773e-05,-0.07691671,0.109301135,4.2269244,0.7931588,2.4941938,0.4310843,9.615002,0.0,3.8012238,-3.2397342,0.45833334,70.53333,1.0,0.0,0.0,1.0,0.0,0,8.328118,9.443303,0.31318462,0.22821039,4.087797,7.5538907,0.0,0.014095474,0.2849177,8.994279
3,230,231.0,10.0,1.0,1.0,212.0,1.0,1.0,1.0,0.92083436,1.0,-0.0,0.0,-1.7826695e-05,-0.07914783,0.10519996,4.3318067,0.75886935,2.8468063,0.45393687,9.748869,0.0,3.6573048,-3.0862215,0.43055555,71.12164,0.0,0.0,0.0,1.0,0.0,0,6.8957095,7.8431983,0.33552903,0.20863184,4.252968,5.40444,0.0,0.11648723,0.98922205,8.198034
0,231,232.0,10.0,1.0,1.0,213.0,1.0,1.0,1.0,0.93118125,1.0,-0.0,0.0,-9.237646e-06,-0.06880953,0.19296649,4.1275473,0.7986862,2.3795218,0.4829108,9.1285715,0.0,5.3534994,-3.8597457,0.44907406,70.68939,0.0,0.0,0.0,1.0,0.0,0,7.5378833,7.1495476,0.21428993,0.22297333,4.2848463,6.604052,0.0,0.8196691,0.64381546,7.9570184
1,231,232.0,10.0,1.0,1.0,213.0,1.0,1.0,1.0,0.9598511,1.0,-0.0,0.0,-1.1605558e-05,-0.040137306,0.30597115,4.2606597,0.7963614,2.2447865,0.5644073,7.408238,0.0,4.900809,-5.5681233,0.4537037,70.8158,1.0,0.0,0.0,1.0,0.0,0,7.3329873,7.1932893,0.062484246,0.5937281,4.43069,8.425373,0.0,0.53173745,1.3006307,8.516302
2,231,232.0,10.0,1.0,1.0,213.0,1.0,1.0,1.0,0.9234924,1.0,-0.0,0.0,-9.824203e-06,-0.07649781,0.17259605,4.205128,0.8185354,2.4733944,0.4497634,9.589868,0.0,4.7985277,-3.6417162,0.46296296,71.0194,1.0,0.0,0.0,1.0,0.0,0,7.2765155,9.219194,0.080934025,0.12955005,4.19335,6.322456,0.0,1.0931342,0.41575176,10.357836
3,231,232.0,10.0,1.0,1.0,213.0,1.0,1.0,1.0,0.9168696,1.0,-0.0,0.0,-2.2336546e-05,-0.083108045,0.17038696,4.2923746,0.7503442,2.924121,0.45372784,9.986483,0.0,4.8701324,-3.656041,0.4351852,71.74063,0.0,0.0,0.0,1.0,0.0,0,7.137638,7.6402717,0.38504055,0.3319456,3.5295599,6.245508,0.0,0.18744785,1.0162274,8.510251
0,232,233.0,10.0,1.0,1.0,214.0,1.0,1.0,1.0,20.931658,1.0,-0.0,20.0,-1.851851e-05,-0.06832238,0.3159361,4.1719265,0.7893527,2.7040994,0.49846098,9.099342,0.0,5.975074,-6.3083158,0.4537037,71.30705,1.0,0.0,0.0,1.0,0.0,0,7.401186,7.6308503,0.12034739,0.6132921,2.8115366,7.4244432,0.0,0.4454798,0.29014853,8.443817
1,232,233.0,10.0,1.0,1.0,214.0,1.0,1.0,1.0,0.96097684,1.0,-0.0,0.0,-1.1683742e-05,-0.03901151,0.40328744,4.255391,0.7732905,2.1728504,0.5876168,7.34069,0.0,5.2687902,-7.5799384,0.4537037,71.42713,1.0,0.0,0.0,1.0,0.0,0,8.697688,7.2102523,0.26796553,0.2959042,3.316753,8.2424345,0.0,0.0016294676,0.49229586,8.767423
2,232,233.0,10.0,1.0,1.0,214.0,1.0,1.0,1.0,0.91627955,1.0,-0.0,0.0,-1.7075436e-05,-0.083703384,0.28844607,4.2861776,0.7846525,2.3165169,0.42687106,10.0222025,0.0,5.370348,-5.0245233,0.46296296,71.64065,1.0,0.0,0.0,1.0,0.0,0,6.577692,6.5304227,0.34123236,0.34208277,4.1740203,7.224295,0.0,0.05280659,0.47578648,9.914712
3,232,233.0,10.0,1.0,1.0,214.0,1.0,1.0,1.0,0.9210954,1.0,-0.0,0.0,-1.6909045e-05,-0.07888773,0.27958786,4.3651886,0.73723185,2.8222284,0.47738072,9.733263,0.0,5.5286803,-5.421586,0.4351852,72.26392,0.0,0.0,0.0,1.0,0.0,0,6.9755535,6.280193,0.73844695,0.5101656,3.1055565,5.7180634,0.0,0.23977989,0.7013737,9.051415
0,233,234.0,10.0,1.0,1.0,215.0,1.0,1.0,1.0,0.9311192,1.0,-0.0,0.0,-1.4063974e-05,-0.06886674,0.36046487,4.241804,0.8042042,3.0194714,0.5089687,9.132004,0.0,6.414354,-7.363473,0.45833334,71.70693,1.0,0.0,0.0,1.0,0.0,0,6.360348,5.668879,0.45243683,0.47644508,3.239701,6.5865936,0.0,0.23033336,0.3304346,7.8489037
1,233,234.0,10.0,1.0,1.0,215.0,1.0,1.0,1.0,0.96107066,1.0,-0.0,0.0,-1.3858874e-05,-0.03891546,0.44307727,4.2920537,0.75530845,2.319556,0.6066341,7.334927,0.0,5.6499305,-8.535627,0.4675926,71.86593,1.0,0.0,0.0,1.0,0.0,0,7.646874,6.4983177,0.30956253,0.47349653,3.3558435,7.641232,0.0,0.038463037,0.40682358,9.290896
2,233,234.0,10.0,1.0,1.0,215.0,1.0,1.0,1.0,0.9159027,1.0,-0.0,0.0,-1.644627e-05,-0.08408088,0.33171904,4.3651876,0.77322745,2.3252854,0.4317459,10.044852,0.0,5.7232046,-6.1145043,0.4675926,72.04797,1.0,0.0,0.0,1.0,0.0,0,5.7994947,6.5771546,0.5020698,0.33580634,3.404363,6.378413,0.0,0.054935828,0.34998786,9.599635
3,233,234.0,10.0,1.0,1.0,215.0,1.0,1.0,1.0,0.9133074,1.0,-0.0,0.0,-2.0688485e-05,-0.08667191,0.31988472,4.435862,0.7220393,2.8470812,0.4624491,10.2003145,0.0,5.8414707,-6.318884,0.44444445,72.71729,0.0,0.0,0.0,1.0,0.0,0,4.74986,5.539864,0.65149224,0.5762195,3.8563883,5.9220595,0.0,0.05057778,0.64588976,8.613288
0,234,235.0,10.0,1.0,1.0,216.0,1.0,1.0,1.0,0.93297946,1.0,-0.0,0.0,-1.7016988e-05,-0.06700354,0.34167933,4.1556153,0.84221315,3.3465517,0.531198,9.020212,0.0,6.7294264,-7.086596,0.46296296,71.862625,1.0,0.0,0.0,1.0,0.0,0,5.5408015,5.963437,0.5002336,0.6835552,2.2940516,4.5709825,0.0,0.8918686,0.27984577,7.3229804
1,234,235.0,10.0,1.0,1.0,216.0,1.0,1.0,1.0,0.9653079,1.0,-0.0,0.0,-7.0342794e-06,-0.03468508,0.34253058,4.2652116,0.77832395,2.5460632,0.63554525,7.0811043,0.0,5.8047476,-7.269362,0.4675926,71.93162,1.0,0.0,0.0,1.0,0.0,0,6.873647,6.1176057,0.28329527,0.31865,2.679045,6.7258925,0.0,0.44341692,0.43246746,9.2827835
2,234,235.0,10.0,1.0,1.0,216.0,1.0,1.0,1.0,0.92091095,1.0,-0.0,0.0,-1.0919002e-05,-0.07907817,0.33087787,4.2485857,0.79521173,2.6435006,0.46415952,9.744689,0.0,6.3085723,-6.1278987,0.47685185,72.24637,1.0,0.0,0.0,1.0,0.0,0,6.299171,7.3016076,0.2320988,0.20904139,2.3496113,5.998316,0.0,1.3482635,0.22931859,9.593066
3,234,235.0,10.0,1.0,1.0,216.0,1.0,1.0,1.0,0.9184535,1.0,-0.0,0.0,-1.6681988e-05,-0.0815298,0.3109783,4.3461823,0.7466028,3.089687,0.49775833,9.891788,0.0,6.319255,-6.172071,0.44444445,72.87394,0.0,0.0,0.0,1.0,0.0,0,5.2775903,6.4550037,0.45602134,0.26083046,2.3782656,4.651679,0.0,1.199785,0.68350226,8.603083
0,235,236.0,10.0,1.0,1.0,217.0,1.0,1.0,1.0,0.9324826,1.0,-0.0,0.0,-1.09000985e-05,-0.067506485,0.21380317,4.150796,0.85605067,3.54024,0.5350268,9.050388,0.0,6.9632835,-6.2449327,0.4675926,72.44423,1.0,0.0,0.0,1.0,0.0,0,6.5184946,5.4196773,0.6849555,0.8431764,3.6467736,5.5927787,0.0,0.14166966,0.12345021,8.715596
1,235,236.0,10.0,1.0,1.0,217.0,1.0,1.0,1.0,0.9631178,1.0,-0.0,0.0,-9.039813e-06,-0.03687316,0.26648527,4.3005357,0.7644756,2.5337362,0.62649506,7.212389,0.0,5.8111935,-6.8206744,0.4722222,72.56482,1.0,0.0,0.0,1.0,0.0,0,7.1323643,5.9987307,0.57249576,0.83206666,4.0428586,7.694205,0.0,0.31242558,0.31937823,8.403384
2,235,236.0,10.0,1.0,1.0,217.0,1.0,1.0,1.0,0.92179275,1.0,-0.0,0.0,-8.006116e-06,-0.078199245,0.224128,4.2717175,0.7983475,2.708149,0.47008777,9.691955,0.0,6.450659,-5.5650887,0.4861111,72.83651,1.0,0.0,0.0,1.0,0.0,0,6.8709135,5.9295053,0.5462583,0.62512463,3.7352881,6.599152,0.0,0.4428087,0.34018496,9.326364
3,235,236.0,10.0,1.0,1.0,217.0,1.0,1.0,1.0,20.913368,1.0,-0.0,20.0,-1.3548614e-05,-0.086618125,0.23839977,4.4005623,0.71815395,3.4615324,0.492765,10.197087,0.0,7.061303,-6.000962,0.4537037,73.593346,1.0,0.0,0.0,1.0,0.0,0,7.019608,5.5941925,0.82702327,1.2116368,4.067904,5.6336074,0.0,0.0,0.15638228,9.337698
0,236,237.0,10.0,1.0,1.0,218.0,1.0,1.0,1.0,0.93224096,1.0,-0.0,0.0,-1.4667608e-05,-0.067744374,0.31163824,4.186021,0.8818994,3.7502646,0.5489033,9.064662,0.0,7.3662295,-7.420453,0.4675926,72.48318,1.0,0.0,0.0,1.0,0.0,0,3.1054914,5.6711164,0.6489262,0.69738847,2.4790115,5.474482,0.0,0.61048675,0.3757779,7.622197
1,236,237.0,10.0,1.0,1.0,218.0,1.0,1.0,1.0,0.9652728,1.0,-0.0,0.0,-8.915454e-06,-0.03471825,0.27031136,4.343543,0.79012877,2.6985939,0.6553089,7.0830946,0.0,6.144939,-7.2258296,0.4722222,72.623344,1.0,0.0,0.0,1.0,0.0,0,6.699109,5.850175,0.31295297,0.29125834,2.83407,6.9149084,0.0,0.11671229,0.3032483,9.238477
2,236,237.0,10.0,1.0,1.0,218.0,1.0,1.0,1.0,0.92811817,1.0,-0.0,0.0,-1.1685125e-05,-0.07187014,0.34853575,4.3063807,0.8422686,2.965059,0.50867826,9.312207,0.0,6.980867,-7.484426,0.49074075,72.882774,1.0,0.0,0.0,1.0,0.0,0,3.5286827,5.8407626,0.6038983,0.51186866,2.0406466,5.7451997,0.0,0.3616001,0.3984126,9.305834
3,236,237.0,10.0,1.0,1.0,218.0,1.0,1.0,1.0,0.9135946,1.0,-0.0,0.0,-1.4129919e-05,-0.08639126,0.3093727,4.398969,0.74585134,3.72282,0.5085476,10.1834755,0.0,7.7101417,-6.9578815,0.4537037,73.62485,1.0,0.0,0.0,1.0,0.0,0,3.6709714,6.0626493,0.57871616,0.4426295,2.0786977,5.658891,0.0,0.7783518,0.6453947,9.380172
0,237,238.0,10.0,1.0,1.0,219.0,1.0,1.0,1.0,0.9330157,1.0,-0.0,0.0,-8.2465485e-06,-0.06697604,0.118443,4.0652385,0.89172924,4.680009,0.5585488,9.018561,0.0,7.9975276,-5.354477,0.47685185,72.94249,1.0,0.0,0.0,1.0,0.0,0,6.515952,5.2905674,0.81228447,0.67032784,2.4249103,6.0410523,0.0,0.20176437,0.07210476,9.09409
1,237,238.0,10.0,1.0,1.0,219.0,1.0,1.0,1.0,0.97100246,1.0,-0.0,0.0,-9.381796e-06,-0.028988177,0.17730874,4.219804,0.7666882,2.9497073,0.6679907,6.73929,0.0,6.2513137,-6.430529,0.4861111,73.13698,1.0,0.0,0.0,1.0,0.0,0,7.0394993,5.8729486,0.52014273,0.560043,3.322068,7.7356544,0.0,0.7380454,0.13724345,9.036249
2,237,238.0,10.0,1.0,1.0,219.0,1.0,1.0,1.0,0.9305001,1.0,-0.0,0.0,-8.094152e-06,-0.06949178,0.1393538,4.177093,0.81199557,3.6482663,0.51540524,9.169506,0.0,7.316787,-5.0800576,0.5,73.37847,1.0,0.0,0.0,1.0,0.0,0,7.073266,6.345411,0.3510964,0.8480621,3.6248999,7.1879625,0.0,0.28432366,0.0028165395,8.414004
3,237,238.0,10.0,1.0,1.0,219.0,1.0,1.0,1.0,0.91106826,1.0,-0.0,0.0,-1.3169865e-05,-0.088918544,0.12505111,4.348861,0.72876287,4.8759828,0.51395094,10.335113,0.0,8.474587,-4.7439227,0.45833334,74.14785,1.0,0.0,0.0,1.0,0.0,0,5.9772863,5.760557,0.96875376,0.5176964,3.9833121,5.3627763,0.0,0.0,0.14241467,9.881291
0,238,239.0,10.0,1.0,1.0,220.0,1.0,1.0,1.0,0.9361604,1.0,-0.0,0.0,-1.6892734e-05,-0.063822754,0.04941672,4.1160793,0.890762,4.6044555,0.58696675,8.829365,0.0,8.022844,-3.84233,0.4814815,73.14828,1.0,0.0,0.0,1.0,0.0,0,6.727321,5.284489,0.91016513,0.5484474,2.9660573,5.8999534,0.0,0.14801,0.090152115,9.16607
1,238,239.0,10.0,1.0,1.0,220.0,1.0,1.0,1.0,0.97571,1.0,-0.0,0.0,-1.5937547e-05,-0.024274122,0.076572224,4.286748,0.7772272,2.986104,0.70952344,6.4564466,0.0,6.2671323,-4.601456,0.49074075,73.33079,1.0,0.0,0.0,1.0,0.0,0,7.119634,6.040333,0.39735457,0.632387,3.1671305,7.094655,0.0,0.21806918,0.22839458,9.209252
2,238,239.0,10.0,1.0,1.0,220.0,1.0,1.0,1.0,0.93720317,1.0,-0.0,0.0,-1.7407967e-05,-0.06277941,0.020731613,4.2370105,0.8226006,3.5809133,0.55714923,8.766765,0.0,7.3355603,-4.297914,0.5046296,73.57361,1.0,0.0,0.0,1.0,0.0,0,7.1796346,5.6761804,0.49544576,0.37941015,3.225262,7.1861477,0.0,0.32350066,0.23053776,9.587359
3,238,239.0,10.0,1.0,1.0,220.0,1.0,1.0,1.0,0.91701686,1.0,-0.0,0.0,-2.163565e-05,-0.0829615,0.050174817,4.4105315,0.76636493,4.8227043,0.5478443,9.977689,0.0,8.446897,-4.56199,0.4675926,74.28656,1.0,0.0,0.0,1.0,0.0,0,6.7816315,6.3940487,0.73950124,0.36725384,3.015483,6.1303883,0.0,0.020572528,0.20783034,10.503652
0,239,240.0,10.0,1.0,1.0,221.0,1.0,1.0,1.0,0.9345075,1.0,-0.0,0.0,-1.4403866e-05,-0.06547809,0.09023715,4.0582056,0.9233733,5.2607794,0.60798687,8.667905,0.0,8.702854,-5.3799057,0.4814815,73.43279,1.0,0.0,0.0,1.0,0.0,0,6.782887,6.621076,0.2282596,0.2278212,2.1100967,6.468128,0.0,0.59524196,0.0,9.269074
1,239,240.0,10.0,1.0,1.0,221.0,1.0,1.0,1.0,0.9765121,1.0,-0.0,0.0,-1.120364e-05,-0.023476725,0.19574724,4.1568227,0.79748154,3.2753882,0.71654254,6.408603,0.0,6.754879,-7.2080812,0.5046296,73.705414,1.0,0.0,0.0,1.0,0.0,0,8.070646,6.2131786,0.17759398,1.2739978,2.354462,7.4175205,0.0,1.1450813,0.14280468,10.200476
2,239,240.0,10.0,1.0,1.0,221.0,1.0,1.0,1.0,0.9406543,1.0,-0.0,0.0,-1.4727209e-05,-0.059330992,0.09098202,4.19427,0.8237984,4.1040897,0.57409495,8.559859,0.0,7.878259,-5.1229854,0.5046296,73.87697,1.0,0.0,0.0,1.0,0.0,0,6.3373065,5.697997,0.4094585,0.2944841,2.7315593,7.72218,0.0,0.506733,0.055926833,9.158459
3,239,240.0,10.0,1.0,1.0,221.0,1.0,1.0,1.0,0.9102205,1.0,-0.0,0.0,-1.622466e-05,-0.08976331,0.14937781,4.4589663,0.79297304,5.5551205,0.5655871,9.830677,0.0,9.120634,-6.099392,0.4722222,74.59105,1.0,0.0,0.0,1.0,0.0,0,5.614425,5.8446674,0.8649203,0.443598,2.7322886,6.2050533,0.0,0.0,0.15076391,10.156457
0,240,241.0,10.0,1.0,1.0,222.0,1.0,1.0,1.0,0.9392424,1.0,-0.0,0.0,-1.9354213e-05,-0.06073823,0.026376545,3.9647074,0.9249176,5.227485,0.6381123,8.416807,0.0,8.375432,-4.0108495,0.49074075,73.82628,1.0,0.0,0.0,1.0,0.0,0,6.791094,5.895618,0.34829023,0.5102658,1.8600425,6.432871,0.0,0.3554975,0.063909024,9.260218
1,240,241.0,10.0,1.0,1.0,222.0,1.0,1.0,1.0,0.98287857,1.0,-0.0,0.0,-8.981935e-06,-0.017112462,0.011513755,4.0580416,0.7902344,3.3233142,0.7560151,6.026747,0.0,6.6473255,-5.2334194,0.5138889,74.09094,1.0,0.0,0.0,1.0,0.0,0,7.2182407,5.5868177,0.34616765,1.0627664,2.1170757,6.762554,0.0,0.66103977,0.16178024,9.561746
2,240,241.0,10.0,1.0,1.0,222.0,1.0,1.0,1.0,0.9464736,1.0,-0.0,0.0,-1.5763242e-05,-0.05351069,0.010560453,4.080504,0.82103246,4.054964,0.6078347,8.210641,0.0,7.5418143,-3.888392,0.5092593,74.28135,1.0,0.0,0.0,1.0,0.0,0,6.6639094,5.8582706,0.49354926,0.45492673,2.345739,7.916387,0.0,0.05553006,0.02309591,8.543826
3,240,241.0,10.0,1.0,1.0,222.0,1.0,1.0,1.0,0.9109717,1.0,-0.0,0.0,-1.2324878e-05,-0.08901597,0.06122291,4.3882413,0.8147168,5.944066,0.59846824,9.396891,0.0,9.016045,-5.1767926,0.4722222,74.94596,1.0,0.0,0.0,1.0,0.0,0,6.243661,6.171969,0.37644035,0.066744454,2.3778095,5.8786316,0.0,0.38459405,0.30787647,10.356197
0,241,242.0,10.0,1.0,1.0,223.0,1.0,1.0,1.0,0.94231594,1.0,-0.0,0.0,-1.8879937e-05,-0.057665158,0.09167194,4.0283284,0.9396091,5.230779,0.6601113,8.229129,0.0,8.233969,-3.6035814,0.49537036,74.13971,1.0,0.0,0.0,1.0,0.0,0,6.3136263,5.671307,0.42054334,0.33703613,2.162587,7.000638,0.0,0.40720814,0.07686344,9.266652
1,241,242.0,10.0,1.0,1.0,223.0,1.0,1.0,1.0,0.9821584,1.0,-0.0,0.0,-1.4928374e-05,-0.017826693,0.13822019,4.032943,0.7943102,3.4710174,0.7560967,6.069601,0.0,6.780526,-3.655036,0.5185185,74.44696,1.0,0.0,0.0,1.0,0.0,0,7.3508506,6.2005343,0.24949782,0.29954714,2.1414773,6.9767714,0.0,0.7965314,0.19393714,9.559548
2,241,242.0,10.0,1.0,1.0,223.0,1.0,1.0,1.0,0.94935936,1.0,-0.0,0.0,-1.6222046e-05,-0.050624453,0.06365273,4.1162615,0.82957494,3.9879992,0.62855476,8.037466,0.0,7.4535623,-3.5704198,0.5231481,74.609634,1.0,0.0,0.0,1.0,0.0,0,6.504566,5.3085704,0.42966488,0.29162008,2.1597066,7.9175344,0.0,0.41817522,0.0906254,9.486335
3,241,242.0,10.0,1.0,1.0,223.0,1.0,1.0,1.0,0.9105263,1.0,-0.0,0.0,-1.989765e-05,-0.08945379,0.006933138,4.367291,0.85044533,6.3264523,0.6265656,9.040774,0.0,9.24686,-4.9514294,0.47685185,75.29388,1.0,0.0,0.0,1.0,0.0,0,5.834509,5.835589,0.33378744,0.0,1.6924679,5.845472,0.0,0.602473,0.13044827,10.2786665
0,242,243.0,10.0,1.0,1.0,224.0,1.0,1.0,1.0,0.939455,1.0,-0.0,0.0,-2.1631986e-05,-0.06052338,0.1329383,4.0630994,0.94964653,5.4452214,0.66860276,8.18618,0.0,8.287686,-3.3408496,0.5,74.443436,1.0,0.0,0.0,1.0,0.0,0,5.953156,5.7205772,0.44925636,0.39806452,2.1976788,6.8662295,0.0,0.43190873,0.029363906,9.223833
1,242,243.0,10.0,1.0,1.0,224.0,1.0,1.0,1.0,0.98445857,1.0,-0.0,0.0,-1.79851e-05,-0.015523448,0.08963235,4.0030365,0.7974362,3.5620635,0.77212995,5.9314065,0.0,6.910548,-4.2386994,0.5231481,74.77148,1.0,0.0,0.0,1.0,0.0,0,7.4932594,5.901672,0.31955272,1.2544513,2.0963666,6.8046207,0.0,0.9786621,0.2480053,9.641341
2,242,243.0,10.0,1.0,1.0,224.0,1.0,1.0,1.0,0.951052,1.0,-0.0,0.0,-1.703363e-05,-0.04893096,0.12864098,4.148745,0.83692354,4.3385043,0.6383408,7.9358573,0.0,7.7178264,-3.2287724,0.5277778,74.917175,1.0,0.0,0.0,1.0,0.0,0,6.2914853,6.3996215,0.34305826,0.039184548,2.6628492,7.8795395,0.0,0.47054163,0.015583665,9.284153
3,242,243.0,10.0,1.0,1.0,224.0,1.0,1.0,1.0,0.90158993,1.0,-0.0,0.0,-1.8017667e-05,-0.098392084,0.029756129,4.4083433,0.88188165,6.927021,0.63850695,8.976503,0.0,9.579387,-4.7905593,0.47685185,75.55971,1.0,0.0,0.0,1.0,0.0,0,5.2086277,5.373862,0.405032,0.0,2.086677,5.415323,0.0,0.035219844,0.11812879,10.19484
0,243,244.0,10.0,1.0,1.0,225.0,1.0,1.0,1.0,0.9387172,1.0,-0.0,0.0,-1.781277e-05,-0.06126497,0.1317557,4.093371,0.96665096,5.5255837,0.67423725,8.150313,0.0,8.236925,-3.334173,0.5,74.61098,1.0,0.0,0.0,1.0,0.0,0,6.073709,6.828319,0.09486396,0.058316205,1.9139885,7.28911,0.0,0.4126481,0.023886101,9.724288
1,243,244.0,10.0,1.0,1.0,225.0,1.0,1.0,1.0,0.9857764,1.0,-0.0,0.0,-1.1409723e-05,-0.014212214,0.1460312,4.0196176,0.8024866,3.7162955,0.78207535,5.8527327,0.0,7.0295343,-3.8661854,0.5277778,74.961876,1.0,0.0,0.0,1.0,0.0,0,7.24625,5.7272544,0.3425722,1.4248441,1.791899,6.722864,0.0,0.86974365,0.2033426,9.709045
2,243,244.0,10.0,1.0,1.0,225.0,1.0,1.0,1.0,0.95141554,1.0,-0.0,0.0,-1.5894966e-05,-0.048568565,0.15150048,4.180776,0.85347146,4.4639072,0.6445673,7.9141135,0.0,7.7314196,-3.0290344,0.5277778,75.08847,1.0,0.0,0.0,1.0,0.0,0,6.0583067,5.814185,0.10845957,0.0,2.2010717,7.7941275,0.0,0.15860812,0.054716397,9.154277
3,243,244.0,10.0,1.0,1.0,225.0,1.0,1.0,1.0,0.8919555,1.0,-0.0,0.0,-1.4120614e-05,-0.108030364,0.03799908,4.4819703,0.92563695,7.676269,0.6518942,8.805552,0.0,9.90264,-4.99364,0.47685185,75.71369,1.0,0.0,0.0,1.0,0.0,0,5.105979,5.5246024,0.0,0.0,1.952444,5.4034553,0.0,0.05367873,0.13406809,10.078837
0,244,245.0,10.0,1.0,1.0,226.0,1.0,1.0,1.0,0.9375873,1.0,-0.0,0.0,-1.8546365e-05,-0.062394142,0.15259162,4.10818,0.9784849,5.6212554,0.67793405,8.122393,0.0,8.261608,-3.195133,0.5,74.795906,1.0,0.0,0.0,1.0,0.0,0,5.9054017,5.954668,0.26867113,0.30374837,2.1533935,7.037815,0.0,0.5214811,0.01550968,9.190372
1,244,245.0,10.0,1.0,1.0,226.0,1.0,1.0,1.0,0.98614186,1.0,-0.0,0.0,-1.6747996e-05,-0.013841364,0.19536763,3.993063,0.8060785,3.8528142,0.78182817,5.8304815,0.0,7.130418,-3.4573424,0.5277778,75.17616,1.0,0.0,0.0,1.0,0.0,0,7.7796993,6.3135223,0.2345128,0.015839757,1.8817273,7.6286383,0.0,1.080951,0.09843365,10.323382
2,244,245.0,10.0,1.0,1.0,226.0,1.0,1.0,1.0,0.95127684,1.0,-0.0,0.0,-1.6080565e-05,-0.04870706,0.1725057,4.2038,0.8634312,4.6738153,0.64598346,7.922423,0.0,7.8883686,-2.9671519,0.5277778,75.26721,1.0,0.0,0.0,1.0,0.0,0,6.255771,6.0978875,0.25073317,0.0,2.566472,7.9303117,0.0,0.34192637,0.0,9.536609
3,244,245.0,10.0,1.0,1.0,226.0,1.0,1.0,1.0,0.89235646,1.0,-0.0,0.0,-1.560873e-05,-0.10762794,0.042666867,4.456956,0.9462969,7.722963,0.65917563,8.734713,0.0,9.951905,-4.995023,0.4814815,75.90268,1.0,0.0,0.0,1.0,0.0,0,5.674283,4.9255486,0.29876804,0.0,2.2247424,5.276896,0.0,0.080225036,0.14229572,10.016056
0,245,246.0,10.0,1.0,1.0,227.0,1.0,1.0,1.0,0.9365037,1.0,-0.0,0.0,-1.7116232e-05,-0.0634792,0.15069023,4.151959,0.9915393,5.6879983,0.6811495,8.120753,0.0,8.248406,-3.201533,0.5,74.90187,1.0,0.0,0.0,1.0,0.0,0,5.7556,6.1923494,0.0,0.09347399,1.7574883,7.2575316,0.0,0.6176668,0.05357468,9.166051
1,245,246.0,10.0,1.0,1.0,227.0,1.0,1.0,1.0,0.9858538,1.0,-0.0,0.0,-1.4333023e-05,-0.014131903,0.24005175,4.0168757,0.81312305,4.06422,0.77800846,5.8479137,0.0,7.3282275,-3.0575488,0.5277778,75.28623,1.0,0.0,0.0,1.0,0.0,0,6.2243967,5.7642617,0.15250123,0.2812467,1.546472,6.6105623,0.0,0.6849158,0.24250925,9.11539
2,245,246.0,10.0,1.0,1.0,227.0,1.0,1.0,1.0,0.95228285,1.0,-0.0,0.0,-1.2490801e-05,-0.047704645,0.14588386,4.2035537,0.87856984,4.8227043,0.64951986,7.862278,0.0,8.048544,-3.243164,0.5277778,75.41455,1.0,0.0,0.0,1.0,0.0,0,6.1708493,6.1111827,0.15828721,0.0,2.5213997,7.5608745,0.0,0.15285207,0.057150595,9.800129
3,245,246.0,10.0,1.0,1.0,227.0,1.0,1.0,1.0,0.8922835,1.0,-0.0,0.0,-1.4843018e-05,-0.10770168,0.02923701,4.426914,0.96325886,7.767662,0.66459864,8.694438,0.0,10.031621,-4.9809337,0.49074075,76.087585,1.0,0.0,0.0,1.0,0.0,0,5.6241646,5.8889594,0.19172367,0.0,2.041865,5.2905836,0.0,0.061504014,0.1827679,10.062547
0,246,247.0,10.0,1.0,1.0,228.0,1.0,1.0,1.0,0.9351144,1.0,-0.0,0.0,-1.7021763e-05,-0.06486858,0.16788542,4.133208,1.0008467,5.7676954,0.68165827,8.124418,0.0,8.312007,-2.9748948,0.5046296,75.08833,1.0,0.0,0.0,1.0,0.0,0,5.7074456,5.634522,0.0,0.010369768,2.067091,7.4027457,0.0,0.63388354,0.01160543,9.151446
1,246,247.0,10.0,1.0,1.0,228.0,1.0,1.0,1.0,0.9862303,1.0,-0.0,0.0,-1.3408271e-05,-0.013756271,0.21011718,3.998079,0.81830174,4.1742578,0.7797532,5.825376,0.0,7.4393587,-3.3831644,0.5277778,75.4717,1.0,0.0,0.0,1.0,0.0,0,7.1052656,5.9405813,0.13189675,0.5755089,1.8861264,6.657976,0.0,0.7612327,0.19874644,9.6049
2,246,247.0,10.0,1.0,1.0,228.0,1.0,1.0,1.0,0.9533956,1.0,-0.0,0.0,-1.3629386e-05,-0.04659074,0.16256496,4.1512566,0.8848861,4.9293194,0.6539691,7.795444,0.0,8.2151575,-2.9968312,0.5277778,75.631165,1.0,0.0,0.0,1.0,0.0,0,5.965249,6.7184033,0.091990694,0.0,2.2648966,7.4181123,0.0,0.1751807,0.046437558,10.034766
3,246,247.0,10.0,1.0,1.0,228.0,1.0,1.0,1.0,0.894243,1.0,-0.0,0.0,-1.3835838e-05,-0.1057432,0.05613845,4.4192257,0.9742041,7.8147125,0.67468596,8.529878,0.0,10.080087,-4.7258224,0.49537036,76.25079,1.0,0.0,0.0,1.0,0.0,0,5.6390014,5.444901,0.20360182,0.0,2.0938044,5.395048,0.0,0.13385305,0.2171053,9.965489
0,247,248.0,10.0,1.0,1.0,229.0,1.0,1.0,1.0,0.93800515,1.0,-0.0,0.0,-1.4240915e-05,-0.06198061,0.15697199,4.166812,0.9975558,5.6289115,0.68449366,8.089924,0.0,8.090535,-2.7958503,0.5046296,75.21474,1.0,0.0,0.0,1.0,0.0,0,5.960866,4.985554,0.0,0.27430272,2.8236282,6.970984,0.0,0.521451,0.0022785119,9.087086
1,247,248.0,10.0,1.0,1.0,229.0,1.0,1.0,1.0,0.9867203,1.0,-0.0,0.0,-1.0817435e-05,-0.013268916,0.23228079,4.0139556,0.8212195,4.352017,0.77854,5.7961345,0.0,7.5964146,-3.2657096,0.5277778,75.61307,1.0,0.0,0.0,1.0,0.0,0,6.9204297,5.950749,0.04418931,0.093458965,1.8656735,6.9893785,0.0,0.94836825,0.1619687,9.820824
2,247,248.0,10.0,1.0,1.0,229.0,1.0,1.0,1.0,0.95369774,1.0,-0.0,0.0,-1.3392128e-05,-0.046288833,0.1501253,4.190548,0.9037518,5.085056,0.66088575,7.692273,0.0,8.334088,-3.176475,0.5277778,75.74526,1.0,0.0,0.0,1.0,0.0,0,6.0246954,6.123312,0.0,0.0,1.7042916,7.3156962,0.0,0.15969539,0.048549924,10.154769
3,247,248.0,10.0,1.0,1.0,229.0,1.0,1.0,1.0,0.89613026,1.0,-0.0,0.0,-1.3240074e-05,-0.103856504,0.047013536,4.440217,0.9851544,7.794038,0.6822112,8.437351,0.0,9.8678465,-4.650592,0.49537036,76.38731,1.0,0.0,0.0,1.0,0.0,0,5.2911167,5.7756715,0.0,0.0,1.3761734,5.4142795,0.0,0.2808985,0.23687205,9.822956
0,248,249.0,10.0,1.0,1.0,230.0,1.0,1.0,1.0,0.939034,1.0,-0.0,0.0,-1.6274305e-05,-0.060949754,0.13950467,4.2082844,1.0043631,5.601022,0.68700415,8.055963,0.0,7.838619,-2.8343601,0.5092593,75.336426,1.0,0.0,0.0,1.0,0.0,0,6.384628,5.0229826,0.0,0.0,1.8359017,7.076382,0.0,0.5020597,0.0,8.799823
1,248,249.0,10.0,1.0,1.0,230.0,1.0,1.0,1.0,0.98764867,1.0,-0.0,0.0,-1.4520329e-05,-0.012336787,0.23782328,3.995608,0.83078825,4.613458,0.77749145,5.7402067,0.0,7.8312044,-3.3141785,0.5277778,75.80353,1.0,0.0,0.0,1.0,0.0,0,6.4955745,6.116668,0.0,0.7237985,1.5533322,6.6348495,0.0,0.9050366,0.18602213,9.273851
2,248,249.0,10.0,1.0,1.0,230.0,1.0,1.0,1.0,0.9580029,1.0,-0.0,0.0,-1.2815377e-05,-0.04198425,0.121471845,4.1854677,0.90110534,4.887369,0.67340535,7.5190544,0.0,8.03966,-3.1905296,0.537037,75.919014,1.0,0.0,0.0,1.0,0.0,0,5.828022,6.1071687,0.0,0.0,3.2594988,7.2382054,0.0,0.52424747,0.040124197,10.412339
3,248,249.0,10.0,1.0,1.0,230.0,1.0,1.0,1.0,0.89958125,1.0,-0.0,0.0,-1.3765208e-05,-0.10040496,0.021435134,4.4714594,0.98424053,7.6659565,0.69037443,8.35834,0.0,9.316901,-4.501979,0.5,76.52194,1.0,0.0,0.0,1.0,0.0,0,5.825267,5.569334,0.0,0.0,1.70894,5.323834,0.0,0.30375412,0.1388257,9.788267
0,249,250.0,10.0,1.0,1.0,231.0,1.0,1.0,1.0,0.9402433,1.0,-0.0,0.0,-1.6858685e-05,-0.05973982,0.14569741,4.242553,1.0011601,5.580714,0.69074106,8.0036745,0.0,7.6604724,-2.4708352,0.5138889,75.46924,1.0,0.0,0.0,1.0,0.0,0,6.125555,5.5346484,0.0,0.0,2.2475948,7.103086,0.0,0.5374785,0.0,8.83742
1,249,250.0,10.0,1.0,1.0,231.0,1.0,1.0,1.0,0.98793745,1.0,-0.0,0.0,-1.0350135e-05,-0.012052175,0.26301777,4.0167727,0.83547103,4.7391887,0.7725577,5.72313,0.0,7.936793,-3.0066063,0.5277778,75.94648,1.0,0.0,0.0,1.0,0.0,0,7.3624296,5.8196683,0.0,0.0681554,1.4979496,6.9516993,0.0,0.94743055,0.20797439,9.021055
2,249,250.0,10.0,1.0,1.0,231.0,1.0,1.0,1.0,0.9600883,1.0,-0.0,0.0,-1.4264185e-05,-0.039897427,0.09858906,4.2436204,0.9185218,4.8608656,0.68315905,7.393845,0.0,7.8797045,-3.3770776,0.5416667,76.02388,1.0,0.0,0.0,1.0,0.0,0,6.924531,5.7668495,0.0,0.0,0.87109566,7.0651484,0.0,0.3957512,0.039470147,10.426784
3,249,250.0,10.0,1.0,1.0,231.0,1.0,1.0,1.0,0.90354204,1.0,-0.0,0.0,-1.3855497e-05,-0.09644416,0.00081397593,4.4957314,0.9773629,7.4859605,0.6970853,8.300689,0.0,8.732618,-4.3168354,0.5324074,76.66777,1.0,0.0,0.0,1.0,0.0,0,5.454922,5.5549483,0.0,0.0,0.6601712,5.284449,0.0,0.33086488,0.21193372,9.7224865
0,250,251.0,10.0,1.0,1.0,232.0,1.0,1.0,1.0,0.9427632,1.0,-0.0,0.0,-1.6914288e-05,-0.05721988,0.15181154,4.2521725,0.98247623,5.4747624,0.6940958,7.9584293,0.0,7.5608363,-2.2266362,0.5138889,75.63835,1.0,0.0,0.0,1.0,0.0,0,6.798001,6.031524,0.0,0.0,0.55122274,7.6189575,0.0,0.57582617,0.0,8.775737
1,250,251.0,10.0,1.0,1.0,232.0,1.0,1.0,1.0,0.9874845,1.0,-0.0,0.0,-1.287442e-05,-0.012502604,0.28381348,3.997996,0.83273965,4.844086,0.76508665,5.750156,0.0,8.042322,-2.774695,0.5277778,76.137146,1.0,0.0,0.0,1.0,0.0,0,7.5220118,5.924576,0.0,0.0,1.0819421,7.1389794,0.0,1.0043062,0.18967974,9.437835
2,250,251.0,10.0,1.0,1.0,232.0,1.0,1.0,1.0,0.9622226,1.0,-0.0,0.0,-1.3475939e-05,-0.03776393,0.09845048,4.215793,0.9167193,4.791271,0.69163686,7.2658353,0.0,7.75327,-3.2859893,0.5416667,76.21777,1.0,0.0,0.0,1.0,0.0,0,6.278111,5.9105706,0.0,0.0,0.75052834,6.8932343,0.0,0.3118313,0.014477596,10.365566
3,250,251.0,10.0,1.0,1.0,232.0,1.0,1.0,1.0,0.91667825,1.0,-0.0,0.0,-1.1854665e-05,-0.083309904,0.0018764287,4.4863563,0.9156798,6.7717495,0.70419323,8.226844,0.0,7.8057985,-3.6936677,0.5601852,76.88737,1.0,0.0,0.0,1.0,0.0,0,5.6844463,5.4216847,0.0,0.0,3.2740774,5.250297,0.0,0.47187898,0.101879016,9.668642
0,251,252.0,10.0,1.0,1.0,233.0,1.0,1.0,1.0,0.946092,1.0,-0.0,0.0,-1.606448e-05,-0.0538919,0.18249303,4.2569976,0.96164393,5.328213,0.69718444,7.9052997,0.0,7.408037,-1.8272563,0.5138889,75.78059,1.0,0.0,0.0,1.0,0.0,0,6.5107646,5.7207236,0.0,0.0,0.532808,7.7241883,0.0,0.62368435,0.0,8.623657
1,251,252.0,10.0,1.0,1.0,233.0,1.0,1.0,1.0,0.9889916,1.0,-0.0,0.0,-1.3214926e-05,-0.010995138,0.3438372,3.991337,0.82976174,4.8645687,0.76540035,5.659708,0.0,8.046398,-2.3180935,0.5277778,76.26804,1.0,0.0,0.0,1.0,0.0,0,6.8287134,6.772734,0.0,0.0,1.2169179,7.7248735,0.0,1.0656849,0.07541102,9.8007345
2,251,252.0,10.0,1.0,1.0,233.0,1.0,1.0,1.0,0.9636443,1.0,-0.0,0.0,-1.2144057e-05,-0.036343522,0.10706559,4.232128,0.9017888,4.657371,0.6958703,7.1806107,0.0,7.519821,-3.065012,0.5555556,76.3422,1.0,0.0,0.0,1.0,0.0,0,6.7863717,6.334348,0.0,0.0,2.830124,6.8559165,0.0,0.2778471,0.017331626,10.477817
3,251,252.0,10.0,1.0,1.0,233.0,1.0,1.0,1.0,0.9195999,1.0,-0.0,0.0,-1.2513789e-05,-0.08038756,0.042743422,4.507833,0.89367646,6.6787086,0.71041787,8.144545,0.0,7.5242553,-3.2109804,0.5648148,77.01971,1.0,0.0,0.0,1.0,0.0,0,5.692311,5.341573,0.0,0.0,3.443358,5.2454247,0.0,0.5606688,0.10105884,9.719012
0,252,253.0,10.0,1.0,1.0,234.0,1.0,1.0,1.0,0.9487623,1.0,-0.0,0.0,-1.5961206e-05,-0.051221717,0.2180975,4.2430243,0.9367026,5.2093306,0.698778,7.863971,0.0,7.3212104,-1.5039747,0.5138889,75.950035,1.0,0.0,0.0,1.0,0.0,0,6.3548217,5.1395774,0.0,0.0,0.17171754,7.4500966,0.0,0.729327,0.0,8.3177805
1,252,253.0,10.0,1.0,1.0,234.0,1.0,1.0,1.0,0.9897764,1.0,-0.0,0.0,-1.5753189e-05,-0.010207889,0.33091342,3.9864118,0.82648623,4.9110208,0.76281226,5.612473,0.0,8.045617,-2.6879702,0.5277778,76.420006,1.0,0.0,0.0,1.0,0.0,0,6.4259195,6.753184,0.0,0.0,1.3371743,7.888088,0.0,1.3001137,0.07838726,9.505537
2,252,253.0,10.0,1.0,1.0,234.0,1.0,1.0,1.0,0.9648602,1.0,-0.0,0.0,-1.3089047e-05,-0.03512666,0.116830505,4.2368555,0.897565,4.5646667,0.6993291,7.1075993,0.0,7.3079586,-3.0924952,0.5555556,76.483116,1.0,0.0,0.0,1.0,0.0,0,6.468827,6.0766325,0.0,0.0,0.912948,6.8541265,0.0,0.30832198,0.0,10.552692
3,252,253.0,10.0,1.0,1.0,234.0,1.0,1.0,1.0,0.9168044,1.0,-0.0,0.0,-1.3460863e-05,-0.08318216,0.11190921,4.5286202,0.88988405,6.9773755,0.71922183,8.013554,0.0,7.86337,-2.8662198,0.5648148,77.125465,1.0,0.0,0.0,1.0,0.0,0,5.4011354,5.0884724,0.0,0.0,3.504788,5.2932835,0.0,0.80033153,0.080298536,9.699473
0,253,254.0,10.0,1.0,1.0,235.0,1.0,1.0,1.0,0.9533001,1.0,-0.0,0.0,-1.4496875e-05,-0.046685416,0.21597035,4.2883687,0.9132973,5.049209,0.7079409,7.751915,0.0,7.085791,-1.6216822,0.5138889,76.055,1.0,0.0,0.0,1.0,0.0,0,7.207821,5.0085583,0.0,0.0,0.0,7.082341,0.0,0.6134631,0.0,8.096274
1,253,254.0,10.0,1.0,1.0,235.0,1.0,1.0,1.0,0.99058473,1.0,-0.0,0.0,-1.5382626e-05,-0.009399898,0.3576383,4.00921,0.8254922,4.9394746,0.7588441,5.5639935,0.0,8.006211,-2.6365654,0.5277778,76.51461,1.0,0.0,0.0,1.0,0.0,0,6.5453663,6.605923,0.0,0.0,1.7461345,7.6355257,0.0,1.1307341,0.0854401,9.285235
2,253,254.0,10.0,1.0,1.0,235.0,1.0,1.0,1.0,0.9658123,1.0,-0.0,0.0,-1.2447946e-05,-0.034175213,0.14410597,4.2461824,0.88206303,4.4387574,0.70177233,7.0505123,0.0,7.0930963,-2.8996751,0.5555556,76.61835,1.0,0.0,0.0,1.0,0.0,0,7.7118464,5.5692315,0.0,0.0,0.0,7.122203,0.0,0.31537542,0.0,10.637159
3,253,254.0,10.0,1.0,1.0,235.0,1.0,1.0,1.0,0.918524,1.0,-0.0,0.0,-1.3649682e-05,-0.08146232,0.15076417,4.5908747,0.87805426,6.980854,0.7289435,7.906884,0.0,7.8266664,-2.7828603,0.5648148,77.22711,1.0,0.0,0.0,1.0,0.0,0,7.6644173,5.458265,0.0,0.0,0.04571491,5.205038,0.0,0.3866657,0.04964428,9.656598
0,254,255.0,10.0,1.0,1.0,236.0,1.0,1.0,1.0,0.9579235,1.0,-0.0,0.0,-1.5940324e-05,-0.042060617,0.23026392,4.3526807,0.88024986,4.867304,0.7211103,7.5236363,0.0,6.8591537,-1.7500747,0.5138889,76.16841,1.0,0.0,0.0,1.0,0.0,0,6.009785,6.400451,0.0,0.11923769,1.5468043,7.9251122,0.0,0.7397923,0.0,7.8253527
1,254,255.0,10.0,1.0,1.0,236.0,1.0,1.0,1.0,0.99328035,1.0,-0.0,0.0,-1.6889166e-05,-0.0067027565,0.41219145,4.0768914,0.819589,5.038654,0.7649049,5.3635106,0.0,8.007046,-2.3394613,0.5277778,76.602196,1.0,0.0,0.0,1.0,0.0,0,6.220611,6.8137546,0.0,0.0,1.6428736,7.8360806,0.0,1.2781982,0.16297722,9.601121
2,254,255.0,10.0,1.0,1.0,236.0,1.0,1.0,1.0,0.96718276,1.0,-0.0,0.0,-1.2643282e-05,-0.03280464,0.16730112,4.2997656,0.84928757,4.277628,0.70289296,6.968278,0.0,6.888288,-2.7660356,0.5555556,76.72125,1.0,0.0,0.0,1.0,0.0,0,6.8683414,6.7043357,0.0,0.0,0.36874792,7.463551,0.0,0.40508142,0.0,10.313951
3,254,255.0,10.0,1.0,1.0,236.0,1.0,1.0,1.0,0.9280949,1.0,-0.0,0.0,-1.0317058e-05,-0.07189478,0.24192333,4.5928802,0.80889314,6.5337315,0.7329514,7.779955,0.0,7.4956965,-1.7122003,0.5648148,77.34167,1.0,0.0,0.0,1.0,0.0,0,5.9804287,5.3868384,0.082763895,0.20878458,4.0255322,5.350264,0.0,0.5988156,0.049366884,9.650301
0,255,256.0,10.0,1.0,1.0,237.0,1.0,1.0,1.0,0.9603455,1.0,-0.0,0.0,-1.8590757e-05,-0.03963587,0.27808064,4.395397,0.85275024,4.704869,0.7303396,7.378152,0.0,6.7180796,-1.6319622,0.5138889,76.28472,1.0,0.0,0.0,1.0,0.0,0,6.911135,7.163628,0.0,0.17276934,0.55525273,8.126104,0.0,0.695158,0.0,7.4554586
1,255,256.0,10.0,1.0,1.0,237.0,1.0,1.0,1.0,0.9951793,1.0,-0.0,0.0,-1.6666654e-05,-0.0048040207,0.42914635,4.1259947,0.7975714,4.863281,0.7679016,5.288241,0.0,7.764755,-2.2375476,0.5277778,76.68388,1.0,0.0,0.0,1.0,0.0,0,5.884382,5.3088865,0.0,0.07027499,1.8140168,7.406662,0.0,0.9527112,0.21796905,8.587474
2,255,256.0,10.0,1.0,1.0,237.0,1.0,1.0,1.0,0.9681669,1.0,-0.0,0.0,-1.04096835e-05,-0.031822696,0.19557774,4.317205,0.81088793,4.091672,0.7044825,6.9093614,0.0,6.752498,-2.4663992,0.5555556,76.82819,1.0,0.0,0.0,1.0,0.0,0,6.7497,6.830286,0.009065931,0.0,1.8491873,7.688039,0.0,0.22139426,0.0,9.857665
3,255,256.0,10.0,1.0,1.0,237.0,1.0,1.0,1.0,0.9296272,1.0,-0.0,0.0,-1.5022593e-05,-0.07035782,0.2851352,4.6364894,0.8060361,6.6112976,0.737267,7.610171,0.0,7.6755986,-1.8883208,0.5648148,77.43957,1.0,0.0,0.0,1.0,0.0,0,6.8778124,6.2087383,0.26255894,0.0,1.7892104,5.4859905,0.0,0.81880385,0.08088641,9.619899
0,256,257.0,10.0,1.0,1.0,238.0,1.0,1.0,1.0,0.9619422,1.0,-0.0,0.0,-1.7539236e-05,-0.038040284,0.3290009,4.395538,0.82380295,4.670464,0.72845453,7.2824163,0.0,6.8267655,-1.3906751,0.5138889,76.35493,1.0,0.0,0.0,1.0,0.0,0,6.7982078,6.238609,0.0017392575,0.44745752,2.1912885,8.194376,0.0,1.0934238,0.0,6.9366775
1,256,257.0,10.0,1.0,1.0,238.0,1.0,1.0,1.0,0.99444157,1.0,-0.0,0.0,-1.4802804e-05,-0.0055436734,0.45373404,4.1287923,0.7861686,4.919144,0.7657764,5.33262,0.0,7.800465,-2.113996,0.5277778,76.73182,1.0,0.0,0.0,1.0,0.0,0,5.870603,5.7769313,0.0,0.0025541265,1.6873434,7.61667,0.0,1.035176,0.14867309,9.0796
2,256,257.0,10.0,1.0,1.0,238.0,1.0,1.0,1.0,0.9680923,1.0,-0.0,0.0,-1.1348694e-05,-0.03189635,0.27490819,4.31338,0.78552896,3.9850535,0.7025152,6.9137807,0.0,6.7550535,-1.8145525,0.5555556,76.90775,1.0,0.0,0.0,1.0,0.0,0,7.211288,7.273965,0.2989208,0.0,2.5504527,7.809613,0.0,0.22628278,0.0,9.712704
3,256,257.0,10.0,1.0,1.0,238.0,1.0,1.0,1.0,0.9356437,1.0,-0.0,0.0,-1.7944296e-05,-0.064338386,0.35858676,4.616031,0.7674334,6.4560833,0.7390363,7.404219,0.0,7.792838,-1.44058,0.5648148,77.51039,1.0,0.0,0.0,1.0,0.0,0,6.6235514,5.3364344,0.16895716,0.09918389,2.9544284,5.6696506,0.0,0.77001286,0.067899324,9.599839
0,257,258.0,10.0,1.0,1.0,239.0,1.0,1.0,1.0,0.96259016,1.0,-0.0,0.0,-1.4775499e-05,-0.037395086,0.30580723,4.3822384,0.790916,4.432227,0.7291776,7.243705,0.0,6.785269,-1.8172628,0.5138889,76.41284,1.0,0.0,0.0,1.0,0.0,0,7.4458995,6.715426,0.3337473,0.67894024,3.2332497,9.045865,0.0,1.0923445,0.0,7.355302
1,257,258.0,10.0,1.0,1.0,239.0,1.0,1.0,1.0,0.99464333,1.0,-0.0,0.0,-1.38814e-05,-0.005342787,0.43575877,4.124455,0.779682,4.906714,0.7666362,5.3205667,0.0,7.8219748,-2.4718187,0.5277778,76.75469,1.0,0.0,0.0,1.0,0.0,0,6.288722,6.2835712,0.0,0.0017968251,2.030416,7.648624,0.0,1.3163027,0.119264446,9.386429
2,257,258.0,10.0,1.0,1.0,239.0,1.0,1.0,1.0,0.9690598,1.0,-0.0,0.0,-1.2614886e-05,-0.03092756,0.26006624,4.3081045,0.767475,3.8932393,0.70450854,6.855653,0.0,6.748518,-2.151589,0.5555556,76.94475,1.0,0.0,0.0,1.0,0.0,0,7.2379994,6.7907615,0.4471854,0.0,2.6105263,7.795561,0.0,0.41364712,0.0,9.677543
3,257,258.0,10.0,1.0,1.0,239.0,1.0,1.0,1.0,0.93797517,1.0,-0.0,0.0,-1.5357044e-05,-0.062009454,0.342739,4.603634,0.7351183,6.3335032,0.73477566,7.3870625,0.0,7.9010983,-1.7500249,0.5648148,77.542175,1.0,0.0,0.0,1.0,0.0,0,6.4268904,5.4196258,0.7189205,0.21443516,2.0773516,5.9672647,0.0,1.0397007,0.13891172,9.596262
0,258,259.0,10.0,1.0,1.0,240.0,1.0,1.0,1.0,0.9636909,1.0,-0.0,0.0,-1.2878507e-05,-0.036296252,0.12483336,4.4134493,0.75719804,4.1052337,0.7325701,7.1777744,0.0,6.5779,-3.51655,0.5462963,76.47984,1.0,0.0,0.0,1.0,0.0,0,6.380951,6.553635,0.35788554,0.33765605,2.4136906,6.940235,0.0,1.1862878,0.0,6.52023
1,258,259.0,10.0,1.0,1.0,240.0,1.0,1.0,1.0,0.9964744,1.0,-0.0,0.0,-1.4256182e-05,-0.0035113932,0.22513531,4.209607,0.7493187,4.550753,0.77393544,5.2106833,0.0,7.4811006,-4.4468336,0.5277778,76.879135,1.0,0.0,0.0,1.0,0.0,0,6.977439,6.250502,0.0,0.37945473,2.9483573,7.6674585,0.0,1.6874734,0.23156732,9.321316
2,258,259.0,10.0,1.0,1.0,240.0,1.0,1.0,1.0,0.97046995,1.0,-0.0,0.0,-1.2428183e-05,-0.029517595,0.06352477,4.3431764,0.73775,3.6585515,0.7088943,6.771055,0.0,6.6082983,-3.9818316,0.5972222,77.016014,1.0,0.0,0.0,1.0,0.0,0,6.884275,6.2535396,0.53874576,0.32092583,2.2383366,6.911975,0.0,0.7386446,0.0,9.287929
3,258,259.0,10.0,1.0,1.0,240.0,1.0,1.0,1.0,0.94254905,1.0,-0.0,0.0,-1.4645135e-05,-0.05743629,0.1656847,4.619918,0.70261,6.15645,0.7401021,7.2897263,0.0,7.8472533,-3.402518,0.5648148,77.59284,1.0,0.0,0.0,1.0,0.0,0,6.293952,5.6361794,0.74128044,0.1691096,2.3123708,5.548368,0.0,1.107187,0.049815822,8.920153
0,259,260.0,10.0,1.0,1.0,241.0,1.0,1.0,1.0,0.96470267,1.0,-0.0,0.0,-9.18801e-06,-0.035288166,0.37283337,4.323943,0.7732518,4.3523765,0.7282644,7.1172895,0.0,7.0289483,-1.5917645,0.5462963,76.68037,1.0,0.0,0.0,1.0,0.0,0,7.544743,6.516949,0.17062657,0.0,1.8056554,8.032341,0.0,0.8523646,0.0,6.967248
1,259,260.0,10.0,1.0,1.0,241.0,1.0,1.0,1.0,0.98430824,1.0,-0.0,0.0,-1.0977267e-05,-0.01568077,0.48082247,4.1483607,0.7988446,5.524025,0.75854474,5.4168205,0.0,8.408963,-2.4352045,0.5277778,77.10382,1.0,0.0,0.0,1.0,0.0,0,6.196836,5.771693,0.0,0.0,1.3758627,7.719207,0.0,0.99524605,0.18220662,9.012188
2,259,260.0,10.0,1.0,1.0,241.0,1.0,1.0,1.0,0.9702696,1.0,-0.0,0.0,-8.661556e-06,-0.029721746,0.34681186,4.2506824,0.75369674,4.062101,0.70289433,6.783304,0.0,7.3429923,-1.7404137,0.5972222,77.22714,1.0,0.0,0.0,1.0,0.0,0,7.330637,6.4674983,0.22773243,0.0,1.4866928,7.8176975,0.0,0.4544731,0.0,9.683985
3,259,260.0,10.0,1.0,1.0,241.0,1.0,1.0,1.0,0.9425734,1.0,-0.0,0.0,-9.885705e-06,-0.05741667,0.42125806,4.5213947,0.7050313,6.289956,0.7444143,7.1550426,0.0,8.509231,-1.3729911,0.5648148,77.78794,1.0,0.0,0.0,1.0,0.0,0,6.105084,5.520612,0.64808637,0.0,1.5242662,5.6371946,0.0,0.6791248,0.109168746,9.349691
0,260,261.0,10.0,1.0,1.0,242.0,1.0,1.0,1.0,0.96474224,1.0,-0.0,0.0,-9.951416e-06,-0.035247803,0.22708774,4.383999,0.73756903,4.011096,0.72674084,7.1148677,0.0,6.5884156,-2.5342953,0.5462963,76.95557,1.0,0.0,0.0,1.0,0.0,0,6.597084,6.6012516,0.5102497,0.32473704,2.8337166,7.9806614,0.0,1.1164433,0.0,6.957505
1,260,261.0,10.0,1.0,1.0,242.0,1.0,1.0,1.0,0.99455214,1.0,-0.0,0.0,-1.1942367e-05,-0.0054359343,0.2888307,4.2336535,0.7530782,4.7696533,0.7664591,5.3261557,0.0,7.5199523,-3.634035,0.5277778,77.407425,1.0,0.0,0.0,1.0,0.0,0,6.7570496,5.974236,0.090252,0.5716145,3.1968353,7.9401145,0.0,1.5515094,0.2298704,8.808417
2,260,261.0,10.0,1.0,1.0,242.0,1.0,1.0,1.0,0.97083265,1.0,-0.0,0.0,-8.89901e-06,-0.029158482,0.20375475,4.3004746,0.72478265,3.763808,0.7033461,6.7495084,0.0,6.9708853,-2.5859354,0.5972222,77.49119,1.0,0.0,0.0,1.0,0.0,0,7.0945115,6.504089,0.62884855,0.47024047,2.340978,7.9522057,0.0,0.8745368,0.0,9.73296
3,260,261.0,10.0,1.0,1.0,242.0,1.0,1.0,1.0,0.9476137,1.0,-0.0,0.0,-1.1279846e-05,-0.052375007,0.268621,4.5711527,0.674182,6.034019,0.7444439,7.1084805,0.0,8.16753,-2.3741043,0.5648148,78.06343,1.0,0.0,0.0,1.0,0.0,0,6.2718987,5.3399596,0.9806788,0.38788822,2.4233224,5.808918,0.0,1.1104487,0.14815916,9.445616
0,261,262.0,10.0,1.0,1.0,243.0,1.0,1.0,1.0,0.9637017,1.0,-0.0,0.0,-9.3174685e-06,-0.03628898,0.20637885,4.382307,0.7152716,3.8045607,0.7237265,7.177338,0.0,6.4602876,-2.3902938,0.5462963,77.31044,1.0,0.0,0.0,1.0,0.0,0,6.295402,6.179989,0.6463054,0.21858741,2.7895892,8.018608,0.0,1.1394994,0.0,7.031528
1,261,262.0,10.0,1.0,1.0,243.0,1.0,1.0,1.0,0.9931051,1.0,-0.0,0.0,-1.0572403e-05,-0.006884361,0.28824583,4.260793,0.7387816,4.7292666,0.7667007,5.413061,0.0,7.5298877,-3.2112403,0.5277778,77.81029,1.0,0.0,0.0,1.0,0.0,0,6.686579,5.822494,0.26699626,0.28586042,2.8904316,7.993992,0.0,1.1874061,0.3021864,8.635877
2,261,262.0,10.0,1.0,1.0,243.0,1.0,1.0,1.0,0.9709676,1.0,-0.0,0.0,-9.342442e-06,-0.02902303,0.20358376,4.314626,0.71006954,3.6050966,0.7026835,6.741381,0.0,6.8951755,-2.276723,0.5972222,77.86138,1.0,0.0,0.0,1.0,0.0,0,6.932582,6.3353767,0.7823216,0.4018551,2.1967392,8.042399,0.0,0.6783702,0.0,9.70693
3,261,262.0,10.0,1.0,1.0,243.0,1.0,1.0,1.0,0.9517237,1.0,-0.0,0.0,-1.0761994e-05,-0.04826551,0.25452226,4.554654,0.65470797,5.838534,0.74544996,7.057396,0.0,8.075332,-2.2401252,0.5648148,78.42386,1.0,0.0,0.0,1.0,0.0,0,6.1267204,5.2016935,1.0007757,0.341867,2.3814564,5.887039,0.0,0.9360366,0.05863648,9.348954
0,262,263.0,10.0,1.0,1.0,244.0,1.0,1.0,1.0,0.9645487,1.0,-0.0,0.0,-7.343132e-06,-0.035443943,0.038504973,4.5854697,0.6978059,3.7450426,0.7192209,7.126636,0.0,6.6272635,-4.225377,0.5462963,77.75207,1.0,0.0,0.0,1.0,0.0,0,5.027848,5.474775,0.68836766,0.6990711,4.6160116,7.5306153,0.0,0.9931445,0.0,6.8486176
1,262,263.0,10.0,1.0,1.0,244.0,1.0,1.0,1.0,0.9907224,1.0,-0.0,0.0,-9.131116e-06,-0.00926846,0.12369286,4.460768,0.72415644,4.827248,0.7657563,5.556107,0.0,7.752359,-4.6071796,0.5277778,78.25751,1.0,0.0,0.0,1.0,0.0,0,6.5559216,5.5777006,0.63231015,0.635217,4.266758,8.0106325,0.0,1.2744753,0.47853458,8.137053
2,262,263.0,10.0,1.0,1.0,244.0,1.0,1.0,1.0,0.97253674,1.0,-0.0,0.0,-7.823979e-06,-0.02745546,0.048942678,4.5153446,0.69445807,3.613122,0.70561755,6.647327,0.0,7.1208925,-3.778704,0.5972222,78.30545,1.0,0.0,0.0,1.0,0.0,0,7.025601,5.976844,0.83399194,0.71121025,4.100384,8.068654,0.0,0.6406385,0.0,9.834054
3,262,263.0,10.0,1.0,1.0,244.0,1.0,1.0,1.0,0.9537546,1.0,-0.0,0.0,-7.832734e-06,-0.046237614,0.0756491,4.7432885,0.64059216,5.7604957,0.74502814,7.01376,0.0,8.312952,-3.967084,0.5648148,78.86662,1.0,0.0,0.0,1.0,0.0,0,6.266272,5.0933943,1.1477813,0.74998754,3.6920455,5.897228,0.0,0.7972388,0.061139647,9.295037
0,263,264.0,10.0,1.0,1.0,245.0,1.0,1.0,1.0,0.96392006,1.0,-0.0,0.0,-7.5550033e-06,-0.036072362,0.15392286,4.301161,0.6752079,3.6394584,0.7141596,7.1643414,0.0,6.54026,-2.7929866,0.5462963,78.02785,1.0,0.0,0.0,1.0,0.0,0,6.147963,5.537229,0.71873397,0.46993247,2.9069047,7.3886166,0.0,1.031972,0.0,7.044947
1,263,264.0,10.0,1.0,1.0,245.0,1.0,1.0,1.0,0.98957413,1.0,-0.0,0.0,-1.1267865e-05,-0.010414601,0.16718097,4.177235,0.7079776,4.635635,0.7640392,5.6248755,0.0,7.530852,-3.7488523,0.5277778,78.51457,1.0,0.0,0.0,1.0,0.0,0,6.5781226,5.7088957,0.37332836,0.20157652,3.0412858,7.648939,0.0,1.2399173,0.472696,7.987993
2,263,264.0,10.0,1.0,1.0,245.0,1.0,1.0,1.0,0.9722786,1.0,-0.0,0.0,-9.006494e-06,-0.027712375,0.11474434,4.230767,0.68602365,3.4281282,0.7014795,6.662742,0.0,6.9132724,-2.9250715,0.5972222,78.57462,1.0,0.0,0.0,1.0,0.0,0,6.9069543,6.4601593,0.88026446,0.27279434,2.2735794,8.122461,0.0,0.6118115,0.0,9.668531
3,263,264.0,10.0,1.0,1.0,245.0,1.0,1.0,1.0,0.95709425,1.0,-0.0,0.0,-9.661951e-06,-0.0428961,0.1343252,4.462615,0.6275016,5.6421103,0.74997735,6.9316545,0.0,8.216782,-3.2911887,0.5648148,79.143585,1.0,0.0,0.0,1.0,0.0,0,6.1878567,5.1183333,1.1033354,0.4775985,2.3325799,5.667704,0.0,1.0506318,0.037797328,9.23828
0,264,265.0,10.0,1.0,1.0,246.0,1.0,1.0,1.0,0.9623012,1.0,-0.0,0.0,-1.03958155e-05,-0.037688456,0.22956878,4.7956986,0.66513765,3.2497156,0.7005694,7.261307,0.0,6.771496,-1.3114465,0.5462963,78.662315,1.0,0.0,0.0,1.0,0.0,0,1.5050756,6.2754273,0.89762545,0.7011913,5.665397,9.249164,0.0,1.0543783,0.0,6.5096602
1,264,265.0,10.0,1.0,1.0,246.0,1.0,1.0,1.0,0.9853741,1.0,-0.0,0.0,-1.3145285e-05,-0.014612756,0.25734976,4.6995564,0.6930371,4.3006253,0.7466683,5.876765,0.0,7.4049115,-2.1041436,0.5277778,79.18669,1.0,0.0,0.0,1.0,0.0,0,6.9517393,6.5046678,1.0512506,0.40287665,3.8960154,8.238252,0.0,1.5050864,0.5012831,7.5409713
2,264,265.0,10.0,1.0,1.0,246.0,1.0,1.0,1.0,0.9721773,1.0,-0.0,0.0,-1.0415648e-05,-0.027812239,0.1931481,4.7750225,0.6748486,3.1199412,0.69647825,6.6687336,0.0,6.939185,-1.4390098,0.5972222,79.28078,1.0,0.0,0.0,1.0,0.0,0,5.2743897,7.0142965,0.9601252,0.7913047,4.0394006,7.144982,0.0,0.7037643,0.0,9.32735
3,264,265.0,10.0,1.0,1.0,246.0,1.0,1.0,1.0,0.965509,1.0,-0.0,0.0,-1.0996242e-05,-0.03448001,0.22124238,4.9722843,0.62264603,5.134547,0.74386203,6.9342527,0.0,8.207816,-1.7524269,0.5648148,79.81215,1.0,0.0,0.0,1.0,0.0,0,3.2770524,5.9152765,1.5607154,0.8005813,4.6089945,6.366644,0.0,0.9243969,0.21663196,8.27783
0,265,266.0,10.0,1.0,1.0,247.0,1.0,1.0,1.0,0.9609811,1.0,-0.0,0.0,-1.274548e-05,-0.03900617,0.114953145,4.623789,0.6892358,4.2574487,0.68271726,7.3403697,0.0,7.793819,-2.5088162,0.5462963,79.100525,1.0,0.0,0.0,1.0,0.0,0,7.1714334,6.0664186,0.6314298,0.67165744,2.6635928,7.1585054,0.0,1.6597855,0.0,6.9527774
1,265,266.0,10.0,1.0,1.0,247.0,1.0,1.0,1.0,0.9845242,1.0,-0.0,0.0,-9.608206e-06,-0.0154662235,0.10097772,4.593083,0.69481915,4.4410496,0.74650663,5.927973,0.0,7.645343,-5.759596,0.5277778,79.64328,1.0,0.0,0.0,1.0,0.0,0,6.3379865,6.079199,0.34090805,0.0,1.70472,8.059756,0.0,1.7301638,0.40417653,8.418628
2,265,266.0,10.0,1.0,1.0,247.0,1.0,1.0,1.0,0.97083324,1.0,-0.0,0.0,-8.312929e-06,-0.029158482,0.029410422,4.7073116,0.6666526,4.4198456,0.6788178,6.7495084,0.0,8.020054,-3.5549905,0.5972222,79.66308,1.0,0.0,0.0,1.0,0.0,0,7.490364,5.584499,0.55782706,0.2005103,2.5784755,6.2372894,0.0,0.56558204,0.0,7.460419
3,265,266.0,10.0,1.0,1.0,247.0,1.0,1.0,1.0,0.941166,1.0,-0.0,0.0,-1.0270113e-05,-0.05882378,0.09246655,4.8463964,0.64079535,6.742659,0.72796553,6.7867665,0.0,9.161973,-3.1012018,0.5648148,80.22724,1.0,0.0,0.0,1.0,0.0,0,6.231801,5.4831696,0.639646,0.16453083,2.2709742,6.7810364,0.0,1.6013397,0.0007078926,7.9217815
0,266,267.0,10.0,1.0,1.0,248.0,1.0,1.0,1.0,0.9608732,1.0,-0.0,0.0,-1.2212733e-05,-0.039114602,0.2514869,4.53962,0.68409836,3.850782,0.6862754,7.3468757,0.0,7.390349,-1.096116,0.5462963,79.19243,1.0,0.0,0.0,1.0,0.0,0,6.27037,5.4636893,0.99944854,0.8343353,3.252577,8.468319,0.0,0.9131098,0.0,8.04474
1,266,267.0,10.0,1.0,1.0,248.0,1.0,1.0,1.0,0.98295695,1.0,-0.0,0.0,-1.293471e-05,-0.017030137,0.13990271,4.4802914,0.68269575,3.9848573,0.74480134,6.0218077,0.0,7.05669,-2.8430126,0.5277778,79.74151,1.0,0.0,0.0,1.0,0.0,0,7.2598033,6.1476097,0.8537706,0.6307676,3.1032512,7.767936,0.0,1.3419491,0.5053515,7.12743
2,266,267.0,10.0,1.0,1.0,248.0,1.0,1.0,1.0,0.97154397,1.0,-0.0,0.0,-1.1430089e-05,-0.028444579,0.15064198,4.6132417,0.6610028,4.02629,0.68404126,6.706674,0.0,7.649757,-2.2752085,0.5972222,79.742294,1.0,0.0,0.0,1.0,0.0,0,6.486965,6.2172937,0.95687217,0.40825722,3.3918872,7.266045,0.0,0.6216908,0.0,8.828098
3,266,267.0,10.0,1.0,1.0,248.0,1.0,1.0,1.0,0.94986767,1.0,-0.0,0.0,-1.1157273e-05,-0.05012118,0.15119128,4.7803445,0.632985,6.1258483,0.7274624,6.8814216,0.0,8.415405,-2.3771245,0.5648148,80.3055,1.0,0.0,0.0,1.0,0.0,0,6.693185,5.5634556,1.3345104,0.5173971,2.5489316,5.6653967,0.0,0.502132,0.3301205,8.364468
0,267,268.0,10.0,1.0,1.0,249.0,1.0,1.0,1.0,0.96077406,1.0,-0.0,0.0,-8.3452105e-06,-0.03921761,0.057777762,4.5767775,0.68797874,3.7552712,0.6865603,7.353056,0.0,7.3084693,-3.0366788,0.5462963,79.63886,1.0,0.0,0.0,1.0,0.0,0,6.7870545,5.5077147,0.95512134,0.8374055,2.3274035,8.089061,0.0,0.88456506,0.0,7.8561797
1,267,268.0,10.0,1.0,1.0,249.0,1.0,1.0,1.0,0.98035234,1.0,-0.0,0.0,-7.3787273e-06,-0.019640265,0.016042776,4.552574,0.68946034,4.2679167,0.74051756,6.1784153,0.0,7.4119296,-4.384822,0.5277778,80.22678,1.0,0.0,0.0,1.0,0.0,0,6.336863,5.7370853,0.6555531,0.0,2.7595189,7.9884596,0.0,1.6244026,0.65568864,7.808689
2,267,268.0,10.0,1.0,1.0,249.0,1.0,1.0,1.0,0.97113496,1.0,-0.0,0.0,-8.662044e-06,-0.028856404,0.02842173,4.6457386,0.66734767,3.9300628,0.68211824,6.731384,0.0,7.63733,-4.05241,0.5972222,80.198906,1.0,0.0,0.0,1.0,0.0,0,6.101247,5.6673303,0.8651599,0.11860705,2.415443,6.545895,0.0,0.7317885,0.0,8.240506
3,267,268.0,10.0,1.0,1.0,249.0,1.0,1.0,1.0,0.94667864,1.0,-0.0,0.0,-9.0043795e-06,-0.053312384,0.012414157,4.794252,0.63802046,6.368152,0.722091,6.8305902,0.0,8.556415,-4.0262904,0.5648148,80.77841,1.0,0.0,0.0,1.0,0.0,0,5.1823554,4.86727,0.9756988,0.09269088,2.5719597,4.442048,0.0,0.8517223,0.0,6.828533
0,268,269.0,10.0,1.0,1.0,250.0,1.0,1.0,1.0,0.9630054,1.0,-0.0,0.0,-1.1077207e-05,-0.03698351,0.13298559,4.555485,0.6881649,3.3717196,0.692097,7.21901,0.0,6.8542056,-2.1834452,0.5462963,79.84167,1.0,0.0,0.0,1.0,0.0,0,6.28311,5.4581723,1.0908952,0.47062904,3.4089541,8.868159,0.0,0.71166056,0.0,8.288335
1,268,269.0,10.0,1.0,1.0,250.0,1.0,1.0,1.0,0.978462,1.0,-0.0,0.0,-1.178552e-05,-0.021526245,0.065999106,4.536926,0.687835,3.8580935,0.74055195,6.291574,0.0,6.8022146,-3.1485605,0.5277778,80.409836,1.0,0.0,0.0,1.0,0.0,0,6.780063,6.196884,0.9766211,0.0,3.2677677,7.8546705,0.0,1.5508969,0.5960874,7.7587094
2,268,269.0,10.0,1.0,1.0,250.0,1.0,1.0,1.0,0.97113055,1.0,-0.0,0.0,-1.1083367e-05,-0.028858345,0.06494671,4.6573534,0.66488945,3.525172,0.6879646,6.7315,0.0,7.0736823,-2.9064715,0.5972222,80.45036,1.0,0.0,0.0,1.0,0.0,0,6.277448,6.317616,1.0614592,0.36083993,3.1433096,7.431669,0.0,0.5132414,0.0,9.191204
3,268,269.0,10.0,1.0,1.0,250.0,1.0,1.0,1.0,0.957402,1.0,-0.0,0.0,-1.1412335e-05,-0.04258663,0.046726316,4.7907906,0.63668346,5.6639953,0.7196756,6.8912015,0.0,7.6714296,-3.457449,0.5648148,80.96312,1.0,0.0,0.0,1.0,0.0,0,6.709158,5.6990376,1.5430715,0.6149535,2.7010014,6.165165,0.0,0.1829858,0.31068927,8.61469
0,269,270.0,10.0,1.0,1.0,251.0,1.0,1.0,1.0,0.96286523,1.0,-0.0,0.0,-8.488576e-06,-0.037126277,0.20237118,4.3316536,0.6971447,3.3523943,0.6915293,7.227576,0.0,6.7679615,-1.377997,0.5462963,80.068054,1.0,0.0,0.0,1.0,0.0,0,6.8147755,6.087463,0.90015733,0.36114216,2.4255424,8.170794,0.0,0.6471267,0.0,7.8044295
1,269,270.0,10.0,1.0,1.0,251.0,1.0,1.0,1.0,0.9767345,1.0,-0.0,0.0,-8.94835e-06,-0.023256551,0.16255322,4.3291035,0.6936384,4.084779,0.7368204,6.3953924,0.0,7.0418854,-2.1684585,0.5277778,80.618065,1.0,0.0,0.0,1.0,0.0,0,6.3044453,5.622641,0.6506817,0.0,2.7619338,7.5859113,0.0,1.5505426,0.63068455,7.904469
2,269,270.0,10.0,1.0,1.0,251.0,1.0,1.0,1.0,0.9711101,1.0,-0.0,0.0,-8.292216e-06,-0.028881611,0.119412504,4.4208517,0.6736906,3.482725,0.69264483,6.7328963,0.0,7.045061,-2.2391515,0.5972222,80.6904,1.0,0.0,0.0,1.0,0.0,0,6.8419023,6.257397,1.0683489,0.0,2.3349118,7.2138276,0.0,0.47353527,0.0775531,9.439144
3,269,270.0,10.0,1.0,1.0,251.0,1.0,1.0,1.0,0.9530858,1.0,-0.0,0.0,-8.419854e-06,-0.046905823,0.13275109,4.5757375,0.6353219,5.9068007,0.7204218,6.907548,0.0,7.841748,-2.6974301,0.5648148,81.17914,1.0,0.0,0.0,1.0,0.0,0,6.55089,5.082353,1.3230038,0.0,2.3386784,6.089165,0.0,0.31854504,0.30116957,8.48524
0,270,271.0,10.0,1.0,1.0,252.0,1.0,1.0,1.0,0.96159476,1.0,-0.0,0.0,-1.0559992e-05,-0.038394686,0.26969537,4.4416614,0.69997746,2.9491765,0.68437874,7.3036804,0.0,5.9794025,-0.7311115,0.5462963,80.605736,1.0,0.0,0.0,1.0,0.0,0,6.0512214,6.424402,0.92964983,0.39314348,2.8820722,9.08428,0.0,0.9435827,0.0,8.59316
1,270,271.0,10.0,1.0,1.0,252.0,1.0,1.0,1.0,0.97439283,1.0,-0.0,0.0,-1.3002045e-05,-0.025594156,0.2400633,4.4488354,0.6897944,3.6732852,0.7343618,6.535649,0.0,6.0437074,-1.2101805,0.5277778,81.10094,1.0,0.0,0.0,1.0,0.0,0,7.003167,6.5935836,1.1923965,0.0,2.7934573,7.8403597,0.0,1.5843334,0.58016866,7.6558475
2,270,271.0,10.0,1.0,1.0,252.0,1.0,1.0,1.0,0.9713348,1.0,-0.0,0.0,-1.05976505e-05,-0.028654572,0.21633469,4.5428095,0.67767596,3.070372,0.69286627,6.7192736,0.0,6.2723546,-1.4319308,0.5972222,81.24923,1.0,0.0,0.0,1.0,0.0,0,6.2487693,6.8640738,1.1662573,0.0,2.714989,7.8476233,0.0,0.8232599,0.051574703,10.119599
3,270,271.0,10.0,1.0,1.0,252.0,1.0,1.0,1.0,0.96709514,1.0,-0.0,0.0,-1.03586e-05,-0.03289452,0.21220297,4.6396594,0.6383629,4.906076,0.7159683,6.9736705,0.0,6.593235,-1.6873745,0.5648148,81.63305,1.0,0.0,0.0,1.0,0.0,0,6.787713,5.4942346,2.0000951,0.3055089,2.6681316,6.4238324,0.0,0.31323293,0.30422032,8.859074
0,271,272.0,10.0,1.0,1.0,253.0,1.0,1.0,1.0,0.9632037,1.0,-0.0,0.0,-8.234833e-06,-0.03678807,0.15094894,4.3891454,0.7225491,3.231357,0.6925662,7.2072835,0.0,6.28057,-2.560234,0.5462963,80.8674,1.0,0.0,0.0,1.0,0.0,0,5.9885664,6.923898,1.0956178,0.13777685,3.089927,9.158346,0.0,0.7454658,0.0,8.60988
1,271,272.0,10.0,1.0,1.0,253.0,1.0,1.0,1.0,0.9728493,1.0,-0.0,0.0,-9.835316e-06,-0.02714086,0.14164764,4.4501987,0.6998352,3.9511204,0.74028736,6.628451,0.0,6.41631,-2.8428206,0.5277778,81.425766,1.0,0.0,0.0,1.0,0.0,0,5.7927256,5.4180365,1.1525404,0.0,2.883885,7.789108,0.0,1.4817702,0.70799303,7.4187446
2,271,272.0,10.0,1.0,1.0,253.0,1.0,1.0,1.0,0.9709047,1.0,-0.0,0.0,-8.426093e-06,-0.029086908,0.10532495,4.489386,0.69411093,3.1219478,0.7008756,6.745214,0.0,6.428674,-2.9753501,0.5972222,81.53143,1.0,0.0,0.0,1.0,0.0,0,6.2813463,7.255482,1.0974718,0.0,2.4269602,8.134885,0.0,0.4421465,0.055779748,9.871343
3,271,272.0,10.0,1.0,1.0,253.0,1.0,1.0,1.0,0.96446604,1.0,-0.0,0.0,-8.8818e-06,-0.035525106,0.09243116,4.594751,0.6449001,5.2870564,0.7242502,6.844449,0.0,7.189519,-3.795917,0.5648148,81.94257,1.0,0.0,0.0,1.0,0.0,0,5.946749,5.2692356,1.6067297,0.0,2.611465,6.9698296,0.0,0.386265,0.0,9.8163595
0,272,273.0,10.0,1.0,1.0,254.0,1.0,1.0,1.0,0.9628943,1.0,-0.0,0.0,-8.267817e-06,-0.037097376,0.08610468,4.2508883,0.73733795,3.327316,0.69172966,7.225842,0.0,6.2951007,-2.7968218,0.5462963,81.173676,1.0,0.0,0.0,1.0,0.0,0,6.833406,6.5585704,1.1933032,0.12274426,2.691524,8.449289,0.0,0.57991546,0.0,8.147271
1,272,273.0,10.0,1.0,1.0,254.0,1.0,1.0,1.0,0.97121894,1.0,-0.0,0.0,-1.0000713e-05,-0.028771054,0.016807579,4.335167,0.7111867,4.1676884,0.7390962,6.7262626,0.0,6.5978436,-4.015205,0.5277778,81.72048,1.0,0.0,0.0,1.0,0.0,0,6.1960497,5.502738,0.69390476,0.0,2.767577,7.6221175,0.0,1.4073701,0.53690946,7.541833
2,272,273.0,10.0,1.0,1.0,254.0,1.0,1.0,1.0,0.9696711,1.0,-0.0,0.0,-8.38203e-06,-0.030320512,0.042668544,4.349624,0.7086534,3.153382,0.7017841,6.81923,0.0,6.4382143,-3.359668,0.5972222,81.83392,1.0,0.0,0.0,1.0,0.0,0,6.8091493,5.957144,1.224575,0.0,2.5495086,7.623714,0.0,0.43099546,0.07898867,9.493846
3,272,273.0,10.0,1.0,1.0,254.0,1.0,1.0,1.0,0.96641994,1.0,-0.0,0.0,-8.7373655e-06,-0.033571318,0.017319806,4.4506097,0.64976865,5.200907,0.7296691,6.8133707,0.0,7.0899425,-4.413537,0.5648148,82.22287,1.0,0.0,0.0,1.0,0.0,0,6.2531633,4.6281133,1.6130788,0.0,2.5152202,6.6580143,0.0,0.272563,0.0,9.013407
0,273,274.0,10.0,1.0,1.0,255.0,1.0,1.0,1.0,0.96328884,1.0,-0.0,0.0,-6.4209703e-06,-0.036704727,0.23866706,4.4916387,0.74339867,2.4251375,0.6919721,7.202283,0.0,5.269423,-1.672381,0.5462963,81.65281,1.0,0.0,0.0,1.0,0.0,0,6.842371,7.2693844,1.8030057,0.44974434,2.5420911,9.294777,0.0,0.7447314,0.0,8.858667
1,273,274.0,10.0,1.0,1.0,255.0,1.0,1.0,1.0,0.9703828,1.0,-0.0,0.0,-7.0909614e-06,-0.029610086,0.1990091,4.5830994,0.7177176,3.8020911,0.7413565,6.7766047,0.0,5.6033607,-2.3981078,0.5277778,82.16174,1.0,0.0,0.0,1.0,0.0,0,6.873881,6.207071,1.8146166,0.0,3.076675,7.8952355,0.0,1.2659295,0.71548814,7.247101
2,273,274.0,10.0,1.0,1.0,255.0,1.0,1.0,1.0,0.96867436,1.0,-0.0,0.0,-6.5494937e-06,-0.031319093,0.20978004,4.5824623,0.7164335,2.2489672,0.69788325,6.879145,0.0,5.423541,-1.8208982,0.5972222,82.296715,1.0,0.0,0.0,1.0,0.0,0,6.658039,6.949621,1.8426143,0.0,2.6806107,8.571758,0.0,0.33884266,0.0097715175,9.559548
3,273,274.0,10.0,1.0,1.0,255.0,1.0,1.0,1.0,0.96868736,1.0,-0.0,0.0,-6.855303e-06,-0.03130581,0.19159466,4.665475,0.6482787,4.2318115,0.72636366,6.878348,0.0,5.7185106,-2.5439317,0.5648148,82.662285,1.0,0.0,0.0,1.0,0.0,0,6.990507,5.4692497,2.5526133,0.6760322,2.4276407,7.4701905,0.0,0.34143496,0.0,10.093594
0,274,275.0,10.0,1.0,1.0,256.0,1.0,1.0,1.0,0.964361,1.0,-0.0,0.0,-8.336295e-06,-0.03563062,0.0122072175,4.377428,0.76091576,3.0499086,0.69665563,7.137837,0.0,6.137374,-4.5407276,0.5462963,82.01781,1.0,0.0,0.0,1.0,0.0,0,6.232932,6.891885,1.0714867,0.0,2.8257585,8.821191,0.0,0.62335086,0.0,8.3877535
1,274,275.0,10.0,1.0,1.0,256.0,1.0,1.0,1.0,0.970585,1.0,-0.0,0.0,-9.2334785e-06,-0.029405743,0.048961863,4.4918175,0.7252636,4.2145724,0.7428004,6.764344,0.0,6.6154165,-5.727553,0.5277778,82.5386,1.0,0.0,0.0,1.0,0.0,0,5.574328,5.4300776,1.0282124,0.0,3.1077282,7.9310937,0.0,1.5259851,0.62566215,7.1694145
2,274,275.0,10.0,1.0,1.0,256.0,1.0,1.0,1.0,0.9705274,1.0,-0.0,0.0,-9.002022e-06,-0.029463608,0.0069841743,4.4760456,0.7333778,2.7582667,0.707227,6.767816,0.0,6.138523,-4.7292047,0.5972222,82.66009,1.0,0.0,0.0,1.0,0.0,0,5.9041963,7.2255144,1.2649221,0.0,2.8788698,8.793464,0.0,0.505495,0.000538774,9.616675
3,274,275.0,10.0,1.0,1.0,256.0,1.0,1.0,1.0,0.9694861,1.0,-0.0,0.0,-9.803851e-06,-0.030504107,0.005785376,4.556837,0.65023905,4.6352973,0.7312355,6.830246,0.0,6.6568475,-5.1013627,0.5648148,83.01441,1.0,0.0,0.0,1.0,0.0,0,6.31546,5.0933027,1.8433084,0.15791942,2.3829582,7.250573,0.0,0.28393883,0.0,9.066642
0,275,276.0,10.0,1.0,1.0,257.0,1.0,1.0,1.0,0.9635216,1.0,-0.0,0.0,-7.706911e-06,-0.036470693,0.051629543,4.1990924,0.7753066,3.046056,0.6933587,7.188241,0.0,6.021188,-3.856355,0.5462963,82.35911,1.0,0.0,0.0,1.0,0.0,0,7.408809,6.9674273,1.34859,0.0,2.6005325,8.8102665,0.0,0.4129781,0.0,8.200823
1,275,276.0,10.0,1.0,1.0,257.0,1.0,1.0,1.0,0.9695414,1.0,-0.0,0.0,-8.057401e-06,-0.030450592,0.010253489,4.3449845,0.7362983,4.4095597,0.74173605,6.827035,0.0,6.69489,-5.198665,0.5277778,82.88175,1.0,0.0,0.0,1.0,0.0,0,5.895072,5.104483,0.97432303,0.0,3.0564084,7.6420856,0.0,1.3846865,0.65688795,7.2250547
2,275,276.0,10.0,1.0,1.0,257.0,1.0,1.0,1.0,0.9732061,1.0,-0.0,0.0,-8.01902e-06,-0.026785852,0.032239966,4.295638,0.7425043,2.658853,0.72206736,6.6071506,0.0,6.047826,-4.2790995,0.5972222,82.99457,1.0,0.0,0.0,1.0,0.0,0,6.8707514,5.8141828,1.4175338,0.0,2.539152,8.114097,0.0,0.6587089,0.18580803,9.422505
3,275,276.0,10.0,1.0,1.0,257.0,1.0,1.0,1.0,0.9686227,1.0,-0.0,0.0,-8.8525e-06,-0.03136842,0.06255321,4.356276,0.66523886,4.3440943,0.72880584,6.8821044,0.0,6.494647,-4.203131,0.5648148,83.321785,1.0,0.0,0.0,1.0,0.0,0,6.964205,4.937549,1.880228,0.0,1.9556696,7.4448066,0.0,0.1201975,0.0,8.748626
0,276,277.0,10.0,1.0,1.0,258.0,1.0,1.0,1.0,0.96119446,1.0,-0.0,0.0,-5.829788e-06,-0.0387997,0.26981795,4.3342586,0.7770633,2.4575202,0.68770486,7.3279815,0.0,5.2936864,-1.79544,0.5462963,82.6278,1.0,0.0,0.0,1.0,0.0,0,6.6262665,6.3624735,1.842929,0.0,3.2234235,8.747459,0.0,0.7162472,0.0,8.673095
1,276,277.0,10.0,1.0,1.0,258.0,1.0,1.0,1.0,0.9686196,1.0,-0.0,0.0,-6.3260004e-06,-0.031374104,0.21668673,4.4541645,0.7403383,3.8587024,0.74057734,6.882446,0.0,5.4785805,-2.806278,0.5277778,83.073845,1.0,0.0,0.0,1.0,0.0,0,6.689478,5.9916725,1.5398155,0.0,3.132428,7.691167,0.0,1.4352722,0.6375056,7.3063583
2,276,277.0,10.0,1.0,1.0,258.0,1.0,1.0,1.0,0.97415686,1.0,-0.0,0.0,-5.6205013e-06,-0.025837516,0.25016144,4.414717,0.752514,2.030585,0.7298169,6.5502505,0.0,5.273623,-2.3361557,0.5972222,83.233154,1.0,0.0,0.0,1.0,0.0,0,6.5499663,7.468193,1.8492557,0.0,2.9107714,8.656563,0.0,0.75569636,0.10301428,9.52544
3,276,277.0,10.0,1.0,1.0,258.0,1.0,1.0,1.0,0.96868634,1.0,-0.0,0.0,-5.932941e-06,-0.03130771,0.29114857,4.486161,0.67865163,3.6998284,0.7291678,6.878462,0.0,5.587915,-2.0163915,0.5648148,83.56276,1.0,0.0,0.0,1.0,0.0,0,6.744837,5.3416963,2.4349453,0.5074754,2.9701195,8.395061,0.0,0.11170008,0.0,9.718394
0,277,278.0,10.0,1.0,1.0,259.0,1.0,1.0,1.0,0.9619983,1.0,-0.0,0.0,-6.2553545e-06,-0.03799546,0.086327456,4.2499743,0.7891438,2.754291,0.6937982,7.279727,0.0,5.8201246,-4.1077356,0.5462963,82.88775,1.0,0.0,0.0,1.0,0.0,0,6.9291196,7.1598806,1.1430763,0.0,2.2893274,8.940499,0.0,0.37669978,0.0,8.085977
1,277,278.0,10.0,1.0,1.0,259.0,1.0,1.0,1.0,0.9677366,1.0,-0.0,0.0,-7.041594e-06,-0.03225638,0.007996336,4.41999,0.7458388,4.159603,0.7440232,6.9353824,0.0,6.3974876,-5.818499,0.5277778,83.38902,1.0,0.0,0.0,1.0,0.0,0,5.7188144,5.1573186,1.0576289,0.0,2.968975,7.7313867,0.0,1.2968359,0.7068508,7.0827236
2,277,278.0,10.0,1.0,1.0,259.0,1.0,1.0,1.0,0.9744472,1.0,-0.0,0.0,-6.5896174e-06,-0.025546215,0.07102508,4.3340044,0.7687466,2.414787,0.73701006,6.5327725,0.0,5.838618,-4.6354885,0.5972222,83.51387,1.0,0.0,0.0,1.0,0.0,0,6.64035,6.9457407,1.24999,0.0,1.9815719,8.39267,0.0,0.43342096,0.122019924,9.319036
3,277,278.0,10.0,1.0,1.0,259.0,1.0,1.0,1.0,0.96879536,1.0,-0.0,0.0,-7.024306e-06,-0.031197593,0.117697194,4.4007044,0.67919844,3.874696,0.73222995,6.8718553,0.0,6.187226,-4.2592783,0.5648148,83.81012,1.0,0.0,0.0,1.0,0.0,0,6.8795834,4.9816194,1.9306433,0.11920161,2.3764195,8.142488,0.0,0.0,0.0,8.875176
0,278,279.0,10.0,1.0,1.0,260.0,1.0,1.0,1.0,0.96096724,1.0,-0.0,0.0,-7.0514247e-06,-0.039025735,0.0786053,4.390259,0.80630314,2.450503,0.69083273,7.3415437,0.0,5.5453153,-4.7341876,0.5462963,83.388245,1.0,0.0,0.0,1.0,0.0,0,6.693511,7.47295,1.7999753,0.0,2.7626488,8.658747,0.0,0.8881525,0.0,9.06308
1,278,279.0,10.0,1.0,1.0,260.0,1.0,1.0,1.0,0.9675398,1.0,-0.0,0.0,-8.271625e-06,-0.032451943,0.033201464,4.553563,0.7657961,4.2041574,0.7441016,6.947116,0.0,6.190869,-6.7444386,0.5277778,83.837814,1.0,0.0,0.0,1.0,0.0,0,6.0588913,5.555275,1.7641141,0.0,2.8480992,7.793334,0.0,1.0992105,0.69064647,7.1829414
2,278,279.0,10.0,1.0,1.0,260.0,1.0,1.0,1.0,0.974326,1.0,-0.0,0.0,-7.971058e-06,-0.025666023,0.06000828,4.467599,0.782374,1.8991263,0.7375732,6.539961,0.0,5.4907646,-5.335003,0.5972222,83.99117,1.0,0.0,0.0,1.0,0.0,0,6.771505,7.233188,1.8965125,0.0,2.5619895,8.556936,0.0,0.66217196,0.0,9.239706
3,278,279.0,10.0,1.0,1.0,260.0,1.0,1.0,1.0,0.96749127,1.0,-0.0,0.0,-7.903668e-06,-0.032500785,0.115943514,4.541625,0.70068103,3.3851583,0.72973645,6.9500465,0.0,5.9699206,-4.842022,0.5648148,84.302345,1.0,0.0,0.0,1.0,0.0,0,6.6512055,5.550645,2.4059446,0.24194059,2.8455157,9.172117,0.0,0.0,0.0,9.932438
0,279,280.0,10.0,1.0,1.0,261.0,1.0,1.0,1.0,0.9624415,1.0,-0.0,0.0,-6.7151564e-06,-0.037551753,0.0077266246,4.1556463,0.81624854,2.6980138,0.70106494,7.2531047,0.0,5.712682,-5.5060096,0.5462963,83.748505,1.0,0.0,0.0,1.0,0.0,0,7.7932715,6.035548,1.6066033,0.0,2.2498026,8.860032,0.0,0.28720793,0.0,8.179743
1,279,280.0,10.0,1.0,1.0,261.0,1.0,1.0,1.0,0.9677171,1.0,-0.0,0.0,-7.681496e-06,-0.032275196,0.13947599,4.363208,0.77552253,4.43046,0.74956554,6.9365115,0.0,6.621461,-8.042643,0.5277778,84.242516,1.0,0.0,0.0,1.0,0.0,0,7.5706253,5.5300484,0.8156009,0.0,1.5253186,7.572886,0.0,1.0846858,0.708802,6.518818
2,279,280.0,10.0,1.0,1.0,261.0,1.0,1.0,1.0,0.97706735,1.0,-0.0,0.0,-7.2240723e-06,-0.022925436,0.003549084,4.2353673,0.79797494,2.2170691,0.76045763,6.375526,0.0,5.7459674,-6.0034995,0.5972222,84.38535,1.0,0.0,0.0,1.0,0.0,0,7.7300425,6.4010863,1.5760847,0.0,2.183986,8.050435,0.0,0.71580684,0.22826396,8.851045
3,279,280.0,10.0,1.0,1.0,261.0,1.0,1.0,1.0,0.96671593,1.0,-0.0,0.0,-8.3430705e-06,-0.033275727,0.06549824,4.29421,0.71218556,3.3689322,0.7311875,6.996543,0.0,6.047501,-4.998801,0.5648148,84.65555,1.0,0.0,0.0,1.0,0.0,0,7.0393906,5.3534446,2.176337,0.028991355,2.0033677,8.630822,0.0,0.0,0.0,8.802358
0,280,281.0,10.0,1.0,1.0,262.0,1.0,1.0,1.0,0.960691,1.0,-0.0,0.0,-6.1952037e-06,-0.0393028,0.2941534,4.2790318,0.82133394,2.2156568,0.69479644,7.3581676,0.0,5.190143,-2.7358751,0.5462963,83.94446,1.0,0.0,0.0,1.0,0.0,0,6.7160826,5.8579426,2.0766058,0.0,3.3386667,8.428915,0.0,0.5764464,0.0,9.213479
1,280,281.0,10.0,1.0,1.0,262.0,1.0,1.0,1.0,0.96722466,1.0,-0.0,0.0,-8.181254e-06,-0.03276717,0.16628969,4.4485025,0.78265,4.0671086,0.7476151,6.9660296,0.0,5.6772337,-4.903001,0.5277778,84.37279,1.0,0.0,0.0,1.0,0.0,0,6.673761,5.6899805,1.9116077,0.0,3.2775056,7.418086,0.0,0.9545196,0.51360846,7.6024284
2,280,281.0,10.0,1.0,1.0,262.0,1.0,1.0,1.0,0.9779245,1.0,-0.0,0.0,-7.157134e-06,-0.02206834,0.27248,4.337753,0.81055665,1.7068087,0.76906955,6.3241,0.0,5.194709,-3.593014,0.5972222,84.57271,1.0,0.0,0.0,1.0,0.0,0,6.874037,7.4098153,1.8919352,0.0,2.9711227,8.62999,0.0,0.7455569,0.10990583,9.410671
3,280,281.0,10.0,1.0,1.0,262.0,1.0,1.0,1.0,0.965519,1.0,-0.0,0.0,-6.2379986e-06,-0.034474745,0.3357604,4.436973,0.7285683,2.9427996,0.7282803,7.0684843,0.0,5.5781565,-2.6567388,0.5648148,84.873024,1.0,0.0,0.0,1.0,0.0,0,6.776184,5.4684,2.5430734,0.24061458,3.238765,9.569455,0.0,0.0,0.0,10.002603
0,281,282.0,10.0,1.0,1.0,263.0,1.0,1.0,1.0,0.9588272,1.0,-0.0,0.0,-7.1890113e-06,-0.041165594,0.06567035,4.214847,0.82813156,2.4651525,0.69199175,7.469935,0.0,5.7638817,-5.390208,0.5462963,84.20762,1.0,0.0,0.0,1.0,0.0,0,7.121785,5.984537,1.5929984,0.0,2.739872,8.859333,0.0,0.28504664,0.0,8.643466
1,281,282.0,10.0,1.0,1.0,263.0,1.0,1.0,1.0,0.9669183,1.0,-0.0,0.0,-7.634907e-06,-0.03307406,0.06729998,4.4244537,0.7835514,4.2585516,0.7546956,6.984443,0.0,6.5885043,-8.118776,0.5277778,84.70114,1.0,0.0,0.0,1.0,0.0,0,5.9175057,4.952161,1.1512749,0.0,3.335669,7.513074,0.0,0.68250793,0.7091602,6.565404
2,281,282.0,10.0,1.0,1.0,263.0,1.0,1.0,1.0,0.97671556,1.0,-0.0,0.0,-7.428245e-06,-0.023276964,0.032074936,4.278802,0.8220115,2.1092393,0.7740008,6.3966174,0.0,5.8559484,-6.5129967,0.5972222,84.87228,1.0,0.0,0.0,1.0,0.0,0,7.1574655,7.4905343,1.3914418,0.0,2.5407746,8.283284,0.0,0.541084,0.20475332,9.111801
3,281,282.0,10.0,1.0,1.0,263.0,1.0,1.0,1.0,0.96601355,1.0,-0.0,0.0,-7.638087e-06,-0.033978805,0.11908766,4.375705,0.7321612,2.9117808,0.73381,7.0387278,0.0,5.988052,-5.2888794,0.5648148,85.107666,1.0,0.0,0.0,1.0,0.0,0,7.6045394,5.302974,1.9642984,0.3264787,2.28668,8.884109,0.0,0.0,0.0,9.059191
0,282,283.0,10.0,1.0,1.0,264.0,1.0,1.0,1.0,0.9597638,1.0,-0.0,0.0,-7.2961698e-06,-0.04022889,0.12175422,4.08349,0.8336981,2.5448334,0.699705,7.413733,0.0,5.6539526,-4.921741,0.5462963,84.476,1.0,0.0,0.0,1.0,0.0,0,7.2454824,5.8740544,1.8992794,0.0,2.5045183,8.670716,0.0,0.2007425,0.0,8.522316
1,282,283.0,10.0,1.0,1.0,264.0,1.0,1.0,1.0,0.9665232,1.0,-0.0,0.0,-9.1428265e-06,-0.03346772,0.020255335,4.2718687,0.7889191,4.2334766,0.75143546,7.008063,0.0,6.3956795,-7.491711,0.5277778,84.96226,1.0,0.0,0.0,1.0,0.0,0,6.2875605,4.6629934,1.1600916,0.0,2.9974394,7.2521987,0.0,0.75550985,0.509113,7.0740566
2,282,283.0,10.0,1.0,1.0,264.0,1.0,1.0,1.0,0.975855,1.0,-0.0,0.0,-8.393077e-06,-0.024136579,0.08025002,4.128173,0.8286195,2.0375118,0.77591246,6.448194,0.0,5.737809,-5.9129896,0.5972222,85.13206,1.0,0.0,0.0,1.0,0.0,0,7.5945415,7.159815,1.7334037,0.0,2.539932,8.227098,0.0,0.53167063,0.08763538,9.350639
3,282,283.0,10.0,1.0,1.0,264.0,1.0,1.0,1.0,0.9628269,1.0,-0.0,0.0,-7.099831e-06,-0.037166003,0.2346389,4.2314234,0.7629419,2.6053236,0.72671163,7.22996,0.0,5.816553,-3.7917626,0.5648148,85.34215,1.0,0.0,0.0,1.0,0.0,0,7.5471497,5.0224996,2.3082466,0.04622603,2.2196274,9.118196,0.0,0.0,0.0,9.030425
0,283,284.0,10.0,1.0,1.0,265.0,1.0,1.0,1.0,0.9602315,1.0,-0.0,0.0,-5.3917856e-06,-0.03976317,0.2830673,4.3411627,0.84336364,2.150036,0.7055865,7.38579,0.0,5.197914,-3.8208463,0.5462963,84.87475,1.0,0.0,0.0,1.0,0.0,0,6.9998736,6.7799616,2.0976038,0.0,3.7071393,8.578436,0.0,0.6552066,0.0,9.468255
1,283,284.0,10.0,1.0,1.0,265.0,1.0,1.0,1.0,0.96723807,1.0,-0.0,0.0,-6.0483458e-06,-0.03275593,0.18817447,4.5267344,0.7987461,3.9316564,0.76635253,6.9653554,0.0,5.566022,-5.650494,0.5277778,85.332565,1.0,0.0,0.0,1.0,0.0,0,6.1822953,5.986696,1.9656187,0.0,3.1587,7.624576,0.0,1.0324838,0.74779135,7.030938
2,283,284.0,10.0,1.0,1.0,265.0,1.0,1.0,1.0,0.97462803,1.0,-0.0,0.0,-5.7056886e-06,-0.025366256,0.29022282,4.3813567,0.8440029,1.4298222,0.7758766,6.521975,0.0,5.106032,-4.1094327,0.5972222,85.513535,1.0,0.0,0.0,1.0,0.0,0,6.82986,7.5478873,2.1812115,0.0,3.3321877,8.517558,0.0,0.73581517,0.09583638,9.23662
3,283,284.0,10.0,1.0,1.0,265.0,1.0,1.0,1.0,0.96208537,1.0,-0.0,0.0,-5.2491264e-06,-0.03790937,0.3855616,4.482652,0.7788204,2.2831633,0.72553724,7.274562,0.0,5.448667,-2.8538592,0.5648148,85.72885,1.0,0.0,0.0,1.0,0.0,0,7.214549,5.6524043,2.534993,0.30086237,3.3336227,10.101483,0.0,0.0,0.0,10.280371
0,284,285.0,10.0,1.0,1.0,266.0,1.0,1.0,1.0,0.96240383,1.0,-0.0,0.0,-8.420367e-06,-0.03758774,0.00068359077,4.1662135,0.8531178,2.2999005,0.7235344,7.255264,0.0,5.737194,-7.0694866,0.5462963,85.176315,1.0,0.0,0.0,1.0,0.0,0,7.3033834,7.478675,1.7439214,0.0,2.7419267,8.753483,0.0,0.48380503,0.0,8.67379
1,284,285.0,10.0,1.0,1.0,266.0,1.0,1.0,1.0,0.95623034,1.0,-0.0,0.0,-9.755506e-06,-0.043759897,0.074985996,4.3561244,0.80004895,3.889618,0.7756944,7.625593,0.0,6.267195,-8.242124,0.5277778,85.698654,1.0,0.0,0.0,1.0,0.0,0,6.586841,4.8914776,1.683962,0.0,4.3838706,7.533834,0.0,0.23574352,0.6682709,5.934469
2,284,285.0,10.0,1.0,1.0,266.0,1.0,1.0,1.0,0.973658,1.0,-0.0,0.0,-9.41541e-06,-0.026332542,0.028591044,4.1994905,0.84992415,1.8400964,0.78112364,6.5799522,0.0,5.87236,-7.719487,0.5972222,85.82431,1.0,0.0,0.0,1.0,0.0,0,7.7536597,7.483478,1.5181669,0.0,2.5579858,8.318535,0.0,0.44871485,0.004793611,9.095683
3,284,285.0,10.0,1.0,1.0,266.0,1.0,1.0,1.0,0.9734271,1.0,-0.0,0.0,-8.514551e-06,-0.026564384,0.0939209,4.329183,0.78172433,2.309749,0.7677375,6.5938625,0.0,5.950088,-6.6539598,0.5648148,86.029,1.0,0.0,0.0,1.0,0.0,0,7.2904015,5.161835,2.4890924,0.16797295,2.207594,8.921236,0.0,0.41411978,0.0,9.3222065
0,285,286.0,10.0,1.0,1.0,267.0,1.0,1.0,1.0,0.96363693,1.0,-0.0,0.0,-6.788964e-06,-0.036356244,0.07817093,4.106538,0.8565502,2.3033013,0.732923,7.181374,0.0,5.5611258,-6.4972606,0.5462963,85.5984,1.0,0.0,0.0,1.0,0.0,0,7.789778,6.250039,1.8605644,0.0,2.5944319,8.604327,0.0,0.29550636,0.0,8.584806
1,285,286.0,10.0,1.0,1.0,267.0,1.0,1.0,1.0,0.95864415,1.0,-0.0,0.0,-6.9141884e-06,-0.041348953,0.010448322,4.3214,0.8034282,3.975022,0.76288444,7.4809365,0.0,6.1656733,-7.8114934,0.5324074,86.082016,1.0,0.0,0.0,1.0,0.0,0,6.1443005,4.5256877,1.3175219,0.0,2.8263614,7.593269,0.0,0.9939712,0.63469446,6.3519416
2,285,286.0,10.0,1.0,1.0,267.0,1.0,1.0,1.0,0.9730928,1.0,-0.0,0.0,-6.8667923e-06,-0.026900373,0.07077623,4.13152,0.85622466,1.7040551,0.78026086,6.614022,0.0,5.716283,-6.779016,0.5972222,86.225555,1.0,0.0,0.0,1.0,0.0,0,7.92555,6.6901507,1.7595336,0.0,2.5621295,8.4580965,0.0,0.38237834,0.059185393,9.163706
3,285,286.0,10.0,1.0,1.0,267.0,1.0,1.0,1.0,0.9732651,1.0,-0.0,0.0,-6.346163e-06,-0.02672855,0.15623346,4.2396655,0.7945884,2.1573048,0.7724373,6.6037126,0.0,5.815576,-6.1524825,0.5648148,86.43266,1.0,0.0,0.0,1.0,0.0,0,7.7457366,4.7913313,2.4833393,0.027033556,2.3678675,9.421421,0.0,0.0,0.0,9.043546
0,286,287.0,10.0,1.0,1.0,268.0,1.0,1.0,1.0,0.9638346,1.0,-0.0,0.0,-7.462663e-06,-0.03615797,0.2251476,4.2036176,0.8701914,2.0081036,0.737529,7.1694775,0.0,5.2443748,-4.98907,0.5462963,85.67179,1.0,0.0,0.0,1.0,0.0,0,7.4568267,6.8223414,1.9683056,0.0,4.3604136,8.264429,0.0,0.19796632,0.0,8.555498
1,286,287.0,10.0,1.0,1.0,268.0,1.0,1.0,1.0,0.9574272,1.0,-0.0,0.0,-8.306804e-06,-0.042564515,0.14624205,4.3812966,0.8129636,3.922087,0.7500886,7.55387,0.0,5.678442,-5.816688,0.5324074,86.12642,1.0,0.0,0.0,1.0,0.0,0,5.83817,5.620587,1.9517106,0.0,4.0840883,7.4970074,0.0,1.3615557,0.28966233,7.457629
2,286,287.0,10.0,1.0,1.0,268.0,1.0,1.0,1.0,0.9740036,1.0,-0.0,0.0,-7.5073635e-06,-0.025988849,0.24277195,4.2123976,0.8740221,1.273473,0.7832079,6.5593305,0.0,5.3349833,-4.9705086,0.5972222,86.27707,1.0,0.0,0.0,1.0,0.0,0,7.186505,6.7205567,2.4879384,0.0,4.248643,8.283371,0.0,0.4329675,0.0,8.513409
3,286,287.0,10.0,1.0,1.0,268.0,1.0,1.0,1.0,0.9720932,1.0,-0.0,0.0,-6.495809e-06,-0.027900284,0.3083911,4.3649616,0.8160873,1.8430716,0.7732825,6.6740165,0.0,5.587564,-4.692662,0.5648148,86.52571,1.0,0.0,0.0,1.0,0.0,0,8.576151,6.179806,2.5055468,0.7401617,3.7520604,10.365971,0.0,0.0,0.0,9.992387
0,287,288.0,10.0,1.0,1.0,269.0,1.0,1.0,1.0,0.96296453,1.0,-0.0,0.0,-1.0353743e-05,-0.0370251,0.18109344,4.0786366,0.8713603,1.9687399,0.7357351,7.2215056,0.0,5.1756263,-5.2559547,0.5462963,85.947014,1.0,0.0,0.0,1.0,0.0,0,7.067033,6.2376757,1.9249165,0.0,2.147714,8.5313835,0.0,0.27822658,0.0,8.736591
1,287,288.0,10.0,1.0,1.0,269.0,1.0,1.0,1.0,0.95767546,1.0,-0.0,0.0,-9.109325e-06,-0.042315412,0.013713725,4.2766867,0.81484944,3.947156,0.75982237,7.538924,0.0,6.0309467,-7.4628816,0.5324074,86.44682,1.0,0.0,0.0,1.0,0.0,0,7.147409,5.2448697,1.0989342,0.0,1.5464841,7.528549,0.0,1.0398864,0.4212967,6.643265
2,287,288.0,10.0,1.0,1.0,269.0,1.0,1.0,1.0,0.9737347,1.0,-0.0,0.0,-1.0136853e-05,-0.026255162,0.19736253,4.1152487,0.87689555,1.2423623,0.7983179,6.5753093,0.0,5.2906504,-5.369974,0.5972222,86.55396,1.0,0.0,0.0,1.0,0.0,0,7.2802095,5.856683,1.8190936,0.0,2.349421,8.756928,0.0,0.7948069,0.037886914,9.272001
3,287,288.0,10.0,1.0,1.0,269.0,1.0,1.0,1.0,0.97068465,1.0,-0.0,0.0,-1.0007215e-05,-0.029305354,0.24708398,4.2103963,0.81695604,1.778229,0.771894,6.758321,0.0,5.518995,-5.0699353,0.5648148,86.805305,1.0,0.0,0.0,1.0,0.0,0,7.9744263,5.0618415,2.6498203,0.12826906,1.6929551,9.734795,0.0,0.0,0.0,9.211151
0,288,289.0,10.0,1.0,1.0,270.0,1.0,1.0,1.0,0.9637851,1.0,-0.0,0.0,-9.605494e-06,-0.03620528,0.26207417,4.1042814,0.8852551,2.1847057,0.74534726,7.1723166,0.0,5.335534,-4.539917,0.5462963,86.05712,1.0,0.0,0.0,1.0,0.0,0,7.9326982,6.760514,1.5648693,0.0,3.8645146,8.620084,0.0,0.5922907,0.0,8.716169
1,288,289.0,10.0,1.0,1.0,270.0,1.0,1.0,1.0,0.9568468,1.0,-0.0,0.0,-1.1091448e-05,-0.04314212,0.1325829,4.255226,0.82443917,4.1040897,0.7579308,7.5885267,0.0,5.9162903,-5.947769,0.5324074,86.59296,1.0,0.0,0.0,1.0,0.0,0,6.341139,6.1002803,1.3148535,0.0,5.0432634,7.7867384,0.0,1.176876,0.26238513,7.5136704
2,288,289.0,10.0,1.0,1.0,270.0,1.0,1.0,1.0,0.9737744,1.0,-0.0,0.0,-1.01813575e-05,-0.026215455,0.28691962,4.122227,0.8860436,1.2181869,0.8043107,6.5729265,0.0,5.426178,-4.5420375,0.5972222,86.68266,1.0,0.0,0.0,1.0,0.0,0,7.935853,7.2495866,1.5006987,0.0,3.3795338,8.430713,0.0,0.77318996,0.0,9.034952
3,288,289.0,10.0,1.0,1.0,270.0,1.0,1.0,1.0,0.9695475,1.0,-0.0,0.0,-9.523174e-06,-0.030442942,0.32007062,4.267518,0.8583519,1.5816103,0.77151483,6.826576,0.0,5.8868957,-4.5425377,0.5648148,86.91605,1.0,0.0,0.0,1.0,0.0,0,8.535187,5.7132406,1.9210372,0.041025326,3.7715974,9.734463,0.0,0.0,0.0,9.224019
0,289,290.0,10.0,1.0,1.0,271.0,1.0,1.0,1.0,0.96364886,1.0,-0.0,0.0,-1.12637845e-05,-0.036339894,0.30414498,4.067507,0.8801394,2.1010592,0.74778986,7.180393,0.0,5.115463,-3.7175612,0.5462963,86.2243,1.0,0.0,0.0,1.0,0.0,0,7.389675,8.387738,1.0681475,0.0,2.2189016,8.613202,0.0,0.7563597,0.0,8.751131
1,289,290.0,10.0,1.0,1.0,271.0,1.0,1.0,1.0,0.957489,1.0,-0.0,0.0,-1.0456327e-05,-0.04250055,0.20077862,4.236777,0.8226824,3.9667423,0.7541449,7.5500326,0.0,5.685479,-4.947161,0.5324074,86.7521,1.0,0.0,0.0,1.0,0.0,0,5.564522,5.0952907,1.5415419,0.0,2.7506099,7.3991,0.0,1.1060671,0.19539273,6.7970805
2,289,290.0,10.0,1.0,1.0,271.0,1.0,1.0,1.0,0.9730049,1.0,-0.0,0.0,-1.1914171e-05,-0.026983216,0.32739416,4.1029496,0.87583137,1.1987565,0.8033037,6.6189923,0.0,5.195086,-3.8319724,0.5972222,86.83623,1.0,0.0,0.0,1.0,0.0,0,7.4916935,6.342281,1.6866022,0.0,2.4086545,8.548997,0.0,0.9242014,0.0,9.120537
3,289,290.0,10.0,1.0,1.0,271.0,1.0,1.0,1.0,0.97144914,1.0,-0.0,0.0,-1.0990886e-05,-0.028539902,0.36948174,4.2076416,0.8510116,1.4940685,0.7774872,6.7123938,0.0,5.606752,-3.6912775,0.5648148,87.09959,1.0,0.0,0.0,1.0,0.0,0,7.544676,5.125175,2.5650048,0.06582298,2.136397,9.772485,0.0,0.0,0.0,9.202481
0,290,291.0,10.0,1.0,1.0,272.0,1.0,1.0,1.0,0.9647765,1.0,-0.0,0.0,-1.4210833e-05,-0.03520927,0.22968203,4.114694,0.88533175,2.4970162,0.7559954,7.1125555,0.0,5.3946304,-4.5127096,0.5462963,86.39703,1.0,0.0,0.0,1.0,0.0,0,7.3481426,7.422577,1.554428,0.0,2.3314347,8.238479,0.0,0.86810476,0.0,8.732002
1,290,291.0,10.0,1.0,1.0,272.0,1.0,1.0,1.0,0.95859694,1.0,-0.0,0.0,-1.4035351e-05,-0.041389067,0.14107841,4.2395773,0.83513147,4.3917704,0.753183,7.4833436,0.0,5.8641105,-5.333324,0.5324074,86.9701,1.0,0.0,0.0,1.0,0.0,0,6.3562784,5.561286,1.0708163,0.0,3.7732778,6.9035144,0.0,0.7953602,0.12247632,6.2094593
2,290,291.0,10.0,1.0,1.0,272.0,1.0,1.0,1.0,0.9732621,1.0,-0.0,0.0,-1.530699e-05,-0.026722617,0.25232285,4.12911,0.8759823,1.4697727,0.8041398,6.6033564,0.0,5.495937,-4.5435348,0.5972222,87.04035,1.0,0.0,0.0,1.0,0.0,0,7.9598002,6.9209266,1.4534501,0.0,2.1770406,8.225465,0.0,1.1182044,0.0,8.951967
3,290,291.0,10.0,1.0,1.0,272.0,1.0,1.0,1.0,0.97062474,1.0,-0.0,0.0,-1.1979225e-05,-0.029363282,0.26701987,4.2870274,0.89173603,1.898302,0.7781805,6.7617965,0.0,6.2182646,-4.904374,0.5648148,87.27898,1.0,0.0,0.0,1.0,0.0,0,7.892397,6.656128,1.9485717,0.0,2.6367648,9.775198,0.0,0.0,0.0,9.224124
0,291,292.0,10.0,1.0,1.0,273.0,1.0,1.0,1.0,0.96449006,1.0,-0.0,0.0,-1.2871829e-05,-0.035497054,0.31488723,4.1230607,0.88472235,2.2374525,0.7538401,7.1298227,0.0,4.9475174,-2.8117378,0.5462963,86.60225,1.0,0.0,0.0,1.0,0.0,0,7.796067,7.964717,1.4469146,0.0,2.8417144,8.352664,0.0,0.6627701,0.0,8.702351
1,291,292.0,10.0,1.0,1.0,273.0,1.0,1.0,1.0,0.9611349,1.0,-0.0,0.0,-1.0217773e-05,-0.038854912,0.22000447,4.243053,0.82715666,4.1996865,0.7519053,7.331294,0.0,5.5665503,-4.0778904,0.5324074,87.168175,1.0,0.0,0.0,1.0,0.0,0,6.005502,5.3922405,1.4141909,0.0,2.9835794,7.182855,0.0,1.0561341,0.20219764,7.047713
2,291,292.0,10.0,1.0,1.0,273.0,1.0,1.0,1.0,0.9732377,1.0,-0.0,0.0,-1.4013957e-05,-0.026748316,0.3063202,4.1556654,0.86698437,1.3376215,0.8016914,6.6048985,0.0,5.174869,-3.3652792,0.5972222,87.225845,1.0,0.0,0.0,1.0,0.0,0,7.4758906,5.4880896,1.7097557,0.0,2.7631664,8.330975,0.0,0.8922914,0.0,9.090434
3,291,292.0,10.0,1.0,1.0,273.0,1.0,1.0,1.0,0.9723907,1.0,-0.0,0.0,-1.2531473e-05,-0.027596746,0.3396008,4.2795777,0.889868,1.6589026,0.784598,6.655804,0.0,5.79826,-3.0006883,0.5648148,87.501724,1.0,0.0,0.0,1.0,0.0,0,7.7120857,4.9549584,2.4529653,0.0,2.497325,9.815397,0.0,0.0,0.0,9.191015
0,292,293.0,10.0,1.0,1.0,274.0,1.0,1.0,1.0,0.9665775,1.0,-0.0,0.0,-1.6298449e-05,-0.033406243,0.20395145,4.1527543,0.8915373,2.4866505,0.76173186,7.004374,0.0,5.074314,-1.8088832,0.5462963,86.91719,1.0,0.0,0.0,1.0,0.0,0,8.035573,6.275773,1.4164473,0.0,3.1694582,8.2093315,0.0,0.53490895,0.0,8.729756
1,292,293.0,10.0,1.0,1.0,274.0,1.0,1.0,1.0,0.9623889,1.0,-0.0,0.0,-1.6194157e-05,-0.03759494,0.12635943,4.231688,0.8383044,4.5521293,0.7540619,7.255696,0.0,5.6543336,-3.1615486,0.5324074,87.52089,1.0,0.0,0.0,1.0,0.0,0,5.9142194,5.2966743,1.1341851,0.0,4.0713577,6.826235,0.0,0.98928267,0.041598793,6.330465
2,292,293.0,10.0,1.0,1.0,274.0,1.0,1.0,1.0,0.97461224,1.0,-0.0,0.0,-1.7508177e-05,-0.025370253,0.18385798,4.181242,0.869919,1.7817469,0.80575067,6.522215,0.0,5.508118,-2.9801102,0.5972222,87.56933,1.0,0.0,0.0,1.0,0.0,0,8.073142,6.9710636,1.3683325,0.0,2.629367,8.301931,0.0,0.811621,0.0,8.929034
3,292,293.0,10.0,1.0,1.0,274.0,1.0,1.0,1.0,0.9728141,1.0,-0.0,0.0,-1.3552441e-05,-0.027172357,0.19669197,4.340345,0.9261873,2.2227108,0.7879292,6.630341,0.0,6.275136,-2.5911472,0.5648148,87.8208,1.0,0.0,0.0,1.0,0.0,0,7.8530774,5.968757,2.3209095,0.0,3.1296957,9.055634,0.0,0.0,0.0,8.554149
0,293,294.0,10.0,1.0,1.0,275.0,1.0,1.0,1.0,0.9662586,1.0,-0.0,0.0,-1.137771e-05,-0.03373005,0.24757013,4.1998315,0.88756615,2.2985387,0.75499547,7.0238023,0.0,4.7197022,0.8152104,0.5462963,87.169685,1.0,0.0,0.0,1.0,0.0,0,7.7570944,5.998478,1.554496,0.0,2.98775,8.31293,0.0,0.6419951,0.0,8.433244
1,293,294.0,10.0,1.0,1.0,275.0,1.0,1.0,1.0,0.96579576,1.0,-0.0,0.0,-1.0525373e-05,-0.03419372,0.15327744,4.283321,0.8272337,4.391235,0.7509616,7.051623,0.0,5.4140663,-1.0870224,0.5324074,87.75073,1.0,0.0,0.0,1.0,0.0,0,6.040016,6.151796,1.125512,0.0,2.8366609,7.10737,0.0,1.0195025,0.11735576,7.073261
2,293,294.0,10.0,1.0,1.0,275.0,1.0,1.0,1.0,0.97435105,1.0,-0.0,0.0,-1.2861266e-05,-0.025636083,0.22250116,4.2524505,0.8615131,1.6032372,0.80024034,6.5381646,0.0,5.183457,-0.71010226,0.5972222,87.79358,1.0,0.0,0.0,1.0,0.0,0,7.668641,5.5662932,1.5467201,0.0,2.7914085,8.389533,0.0,0.81209964,0.0,9.136666
3,293,294.0,10.0,1.0,1.0,275.0,1.0,1.0,1.0,0.9723413,1.0,-0.0,0.0,-1.096148e-05,-0.027647723,0.22401512,4.373341,0.9091705,2.1040373,0.78495777,6.658863,0.0,6.0274677,-0.232297,0.5648148,88.06577,1.0,0.0,0.0,1.0,0.0,0,7.784659,5.0399218,2.3489237,0.0,2.421721,9.28193,0.0,0.0,0.0,8.502606
0,294,295.0,10.0,1.0,1.0,276.0,1.0,1.0,1.0,0.9674986,1.0,-0.0,0.0,-1.5605441e-05,-0.03248576,0.18194634,4.0169992,0.8879547,2.2167163,0.7559622,6.949145,0.0,4.6490726,4.383988,0.5462963,87.67742,1.0,0.0,0.0,1.0,0.0,0,7.933085,5.9245195,1.568386,0.0,3.177888,8.329431,0.0,0.5278666,0.0,8.266052
1,294,295.0,10.0,1.0,1.0,276.0,1.0,1.0,1.0,0.96993,1.0,-0.0,0.0,-1.7733175e-05,-0.03005222,0.07973686,4.07335,0.8301563,4.3493176,0.7488937,6.8031325,0.0,5.3019342,2.962473,0.5324074,88.292534,1.0,0.0,0.0,1.0,0.0,0,6.1896043,5.580558,1.114529,0.0,3.2044978,7.007442,0.0,1.0144565,0.0,6.7733264
2,294,295.0,10.0,1.0,1.0,276.0,1.0,1.0,1.0,0.97578204,1.0,-0.0,0.0,-1.8651459e-05,-0.024199303,0.15535466,4.0542374,0.8649871,1.4547853,0.7986662,6.4519577,0.0,5.064072,4.736999,0.5972222,88.32264,1.0,0.0,0.0,1.0,0.0,0,8.0102,5.682248,1.5774599,0.0,3.2961168,8.358962,0.0,0.8585543,0.0,8.93263
3,294,295.0,10.0,1.0,1.0,276.0,1.0,1.0,1.0,0.97264016,1.0,-0.0,0.0,-1.4377956e-05,-0.027345452,0.1520168,4.202455,0.9199571,1.9261359,0.78682023,6.6407266,0.0,5.896544,4.7247715,0.5648148,88.5647,1.0,0.0,0.0,1.0,0.0,0,8.032216,4.885563,2.4342809,0.0,2.8162515,9.122932,0.0,0.02879283,0.0,8.566927
0,295,296.0,10.0,1.0,1.0,277.0,1.0,1.0,0.0,0.9678845,1.0,-0.0,0.0,-9.759657e-06,-0.032105718,0.252809,4.293398,0.90617436,2.5866287,0.7548525,6.9263425,0.0,4.6732793,5.113435,0.5462963,87.67742,1.0,0.0,0.0,1.0,0.0,0,7.2752166,6.7352724,1.315726,0.0,5.129541,8.338551,0.0,0.5675814,0.0,8.195065
1,295,296.0,10.0,1.0,1.0,277.0,1.0,1.0,1.0,0.96968794,1.0,-0.0,0.0,-8.774335e-06,-0.030303279,0.23256429,4.356687,0.8475443,4.760123,0.7565823,6.8181963,0.0,5.1608787,4.551315,0.5324074,88.59714,1.0,0.0,0.0,1.0,0.0,0,6.410852,6.492227,1.265649,0.0,4.9160433,7.19999,0.0,1.1602448,0.027780691,7.2343116
2,295,296.0,10.0,1.0,1.0,277.0,1.0,1.0,0.0,0.97554713,1.0,-0.0,0.0,-1.1100657e-05,-0.024441782,0.24956912,4.353737,0.8822769,2.0112195,0.79734635,6.4665065,0.0,5.1589046,5.6499624,0.5972222,88.32264,1.0,0.0,0.0,1.0,0.0,0,8.069112,7.063732,1.5417084,0.0,4.890852,9.134633,0.0,0.9794127,0.0,10.259037
3,295,296.0,10.0,1.0,1.0,277.0,1.0,1.0,0.0,0.97241896,1.0,-0.0,0.0,-9.8010205e-06,-0.027571246,0.23557507,4.4971285,0.95767814,2.2828202,0.78574073,6.6542745,0.0,5.9083004,5.5373907,0.5648148,88.5647,1.0,0.0,0.0,1.0,0.0,0,7.175494,5.67562,2.4755137,0.0,4.0064816,9.962648,0.0,0.0,0.0,8.946561
0,296,297.0,10.0,1.0,1.0,278.0,1.0,1.0,1.0,0.96790034,1.0,-0.0,0.0,-2.0327725e-05,-0.032079335,0.032615475,4.2196975,0.8942171,2.30941,0.75106066,6.9247594,0.0,4.437825,2.7540755,0.5462963,88.14486,1.0,0.0,0.0,1.0,0.0,0,8.299735,6.827984,1.4917115,0.0,2.928793,8.392132,0.0,0.805412,0.0,8.155146
1,296,297.0,10.0,1.0,1.0,278.0,1.0,1.0,1.0,0.9734949,1.0,-0.0,0.0,-1.9959303e-05,-0.026485175,0.05181711,4.2561436,0.83851916,4.5137877,0.75286937,6.58911,0.0,5.0121174,2.8455946,0.5324074,89.09747,1.0,0.0,0.0,1.0,0.0,0,7.4695725,6.313048,0.7873166,0.0,2.4454849,7.465421,0.0,1.2627423,0.0,7.644081
2,296,297.0,10.0,1.0,1.0,278.0,1.0,1.0,1.0,0.9773941,1.0,-0.0,0.0,-2.2879127e-05,-0.022583025,0.005879812,4.2775054,0.86429685,1.6776693,0.7996968,6.354981,0.0,4.917092,3.3330564,0.5972222,88.79512,1.0,0.0,0.0,1.0,0.0,0,8.525246,6.029851,1.6173391,0.0,2.242804,8.586642,0.0,1.0143249,0.0,9.184745
3,296,297.0,10.0,1.0,1.0,278.0,1.0,1.0,1.0,0.9725326,1.0,-0.0,0.0,-1.9796395e-05,-0.027447613,0.0075342134,4.4203568,0.92945063,2.0815969,0.78691673,6.6468563,0.0,5.7241635,3.1415298,0.5694444,89.024086,1.0,0.0,0.0,1.0,0.0,0,8.355995,5.058329,2.4064066,0.0,1.841454,9.85882,0.0,0.0,0.0,8.174921
0,297,298.0,10.0,1.0,1.0,279.0,1.0,1.0,1.0,0.9689363,1.0,-0.0,0.0,-1.2418007e-05,-0.031051248,0.024524145,4.2288785,0.8919709,2.3903527,0.7535012,6.8630743,0.0,4.56098,2.7170944,0.5462963,88.55306,1.0,0.0,0.0,1.0,0.0,0,8.288554,6.727703,1.2967372,0.0,3.2462902,8.444965,0.0,0.59051776,0.0,7.87966
1,297,298.0,10.0,1.0,1.0,279.0,1.0,1.0,1.0,0.97798043,1.0,-0.0,0.0,-1.11024965e-05,-0.022008477,0.013935193,4.26706,0.8365466,4.604115,0.7537534,6.320508,0.0,5.127666,2.579132,0.5324074,89.52496,1.0,0.0,0.0,1.0,0.0,0,6.337141,5.5141377,0.8793708,0.0,3.2890286,7.2688985,0.0,1.1860106,0.0,6.3507056
2,297,298.0,10.0,1.0,1.0,279.0,1.0,1.0,1.0,0.9779901,1.0,-0.0,0.0,-1.3820086e-05,-0.021996083,0.02212245,4.295113,0.8683853,1.7218754,0.8014177,6.3197646,0.0,4.979135,3.5923254,0.5972222,89.19592,1.0,0.0,0.0,1.0,0.0,0,8.265049,6.098357,1.3320322,0.0,3.263299,8.585718,0.0,0.77501315,0.0,9.392584
3,297,298.0,10.0,1.0,1.0,279.0,1.0,1.0,1.0,0.9733224,1.0,-0.0,0.0,-1.2366244e-05,-0.026665285,0.010093674,4.403337,0.9474607,2.0736856,0.7890397,6.5999165,0.0,5.8032613,2.469376,0.5740741,89.4523,1.0,0.0,0.0,1.0,0.0,0,7.954894,5.283079,2.0749636,0.0,2.9999108,10.003546,0.0,0.0,0.0,7.99998
0,298,299.0,10.0,1.0,1.0,280.0,1.0,1.0,1.0,0.9717393,1.0,-0.0,0.0,-1.0891504e-05,-0.028249796,0.24857298,4.5245996,0.9185563,2.670603,0.75898904,6.6949873,0.0,3.9491801,3.5379725,0.5509259,89.09304,1.0,0.0,0.0,1.0,0.0,0,8.292901,7.158112,2.0217342,0.0,3.8296552,8.786958,0.0,0.8104731,0.0,8.826664
1,298,299.0,10.0,1.0,1.0,280.0,1.0,1.0,1.0,0.981847,1.0,-0.0,0.0,-1.0739652e-05,-0.018142285,0.2231054,4.455686,0.86784047,4.7007065,0.76118594,6.0885367,0.0,4.3283453,4.9954753,0.5324074,90.01134,1.0,0.0,0.0,1.0,0.0,0,6.533543,7.5305967,1.9710215,0.0,2.9625564,7.41508,0.0,0.17274477,0.0,7.073029
2,298,299.0,10.0,1.0,1.0,280.0,1.0,1.0,1.0,0.9773754,1.0,-0.0,0.0,-1.2801362e-05,-0.022611767,0.20125769,4.4430914,0.89020675,2.040199,0.8001644,6.3567057,0.0,4.654589,3.9302688,0.5972222,89.71629,1.0,0.0,0.0,1.0,0.0,0,8.318461,7.1370826,1.787354,0.0,3.5095513,8.713054,0.0,0.26843768,0.0,9.201128
3,298,299.0,10.0,1.0,1.0,280.0,1.0,1.0,1.0,0.9804804,1.0,-0.0,0.0,-1.0413982e-05,-0.019509219,0.11502169,4.521427,0.98642045,2.288642,0.81430376,6.1705527,0.0,5.563275,0.08010492,0.5740741,90.0107,1.0,0.0,0.0,1.0,0.0,0,7.5343,6.1237974,2.7597697,0.0,2.7943788,10.130567,0.0,0.6923121,0.0,9.556115
0,299,300.0,10.0,1.0,1.0,281.0,1.0,1.0,1.0,0.9792518,1.0,-0.0,0.0,-1.10846595e-05,-0.020737087,0.18282346,4.655133,0.90024996,2.811669,0.7691136,6.2442245,0.0,4.218397,0.7675649,0.5509259,89.430565,1.0,0.0,0.0,1.0,0.0,0,8.888856,6.73764,1.2493787,0.0,2.62912,9.818224,0.0,0.58314055,0.0,8.956507
1,299,300.0,10.0,1.0,1.0,281.0,1.0,1.0,1.0,0.9999888,1.0,-0.0,0.0,-1.1176447e-05,-0.0,0.036231615,4.634669,0.85163975,4.8017173,0.8425424,3.9661503,1.0,4.8557105,-1.2744633,0.5324074,90.3118,1.0,0.0,0.0,1.0,0.0,0,6.8906436,5.945597,0.8659029,0.0,2.4319875,7.0528545,0.0,1.0283542,0.0,7.4778514
2,299,300.0,10.0,1.0,1.0,281.0,1.0,1.0,1.0,0.9861745,1.0,-0.0,0.0,-1.0950588e-05,-0.013814499,0.16006939,4.649914,0.8716467,2.2395504,0.8255723,5.8288693,0.0,4.9012084,0.8336357,0.5972222,89.96494,1.0,0.0,0.0,1.0,0.0,0,8.730202,6.4159803,1.3790233,0.0,3.157588,8.893445,0.0,0.58442676,0.0,9.308582
3,299,300.0,10.0,1.0,1.0,281.0,1.0,1.0,1.0,0.99173963,1.0,-0.0,0.0,-9.805565e-06,-0.0082505625,0.03334377,4.6760345,0.9683392,2.601415,0.8535863,5.4950333,0.0,5.954765,-2.06075,0.5740741,90.27986,1.0,0.0,0.0,1.0,0.0,0,7.953135,6.025646,2.2501144,0.0,2.2876956,9.9556265,0.0,0.22865728,0.0,8.827725
0,300,301.0,10.0,1.0,1.0,282.0,1.0,1.0,1.0,0.98907197,1.0,-0.0,0.0,-1.3674495e-05,-0.0109144,0.22875294,4.7370396,0.9278523,3.160325,0.8096094,5.6548634,0.0,3.960074,-0.67515206,0.5509259,89.90545,1.0,0.0,0.0,1.0,0.0,0,8.694247,6.5333495,1.9328785,0.0,3.0774777,8.709756,0.0,1.0994725,0.0,8.742303
1,300,301.0,10.0,1.0,1.0,282.0,1.0,1.0,1.0,0.98491955,1.0,-0.0,0.0,-1.2255283e-05,-0.015068188,0.17578043,4.582045,0.894926,5.0932093,1.1081175,3.2405496,0.0,4.226468,-10.240911,0.5787037,90.83755,1.0,0.0,0.0,1.0,0.0,0,7.738695,6.279483,1.600438,0.0,4.767605,6.1454606,0.0,0.927507,0.0,7.446537
2,300,301.0,10.0,1.0,1.0,282.0,1.0,1.0,1.0,0.9936021,1.0,-0.0,0.0,-1.3975102e-05,-0.00638395,0.23214258,4.7003994,0.907873,2.379193,0.8352866,5.3830366,0.0,4.3507767,-0.599124,0.5972222,90.5141,1.0,0.0,0.0,1.0,0.0,0,8.5898285,6.538041,1.9866271,0.0,3.051573,9.102279,0.0,1.1574912,0.0,10.426387
3,300,301.0,10.0,1.0,1.0,282.0,1.0,1.0,1.0,0.99475276,1.0,-0.0,0.0,-1.1557191e-05,-0.0052356743,0.108235516,4.7513313,1.0418854,2.664147,0.9181006,4.8317866,0.0,5.4155498,-3.3715973,0.5787037,90.740746,1.0,0.0,0.0,1.0,0.0,0,8.257219,6.133976,3.0906296,0.0,3.0182047,9.958136,0.0,1.289752,0.0,7.1659136
0,301,302.0,10.0,1.0,1.0,283.0,1.0,1.0,1.0,0.9884196,1.0,-0.0,0.0,-8.30152e-06,-0.011572119,0.086204894,4.72277,0.9264989,3.676055,0.79845816,5.694327,0.0,4.7852826,-2.982865,0.5555556,90.327644,1.0,0.0,0.0,1.0,0.0,0,8.281895,6.1082754,1.2441832,0.0,3.5279975,9.303339,0.0,1.045181,0.0,7.736716
1,301,302.0,10.0,1.0,1.0,283.0,1.0,1.0,1.0,0.9836239,1.0,-0.0,0.0,-9.707946e-06,-0.016366376,0.13278648,4.596206,0.8793026,4.9405837,1.130931,4.336519,0.0,4.9155374,-10.354435,0.5833333,90.88938,1.0,0.0,0.0,1.0,0.0,0,7.0163574,6.873366,0.9403685,0.0,3.3223593,7.3694816,0.0,1.6291639,0.19014223,7.2445526
2,301,302.0,10.0,1.0,1.0,283.0,1.0,1.0,1.0,0.99918514,1.0,-0.0,0.0,-1.0173807e-05,-0.00080464606,0.14711544,4.7416697,0.89158016,2.8635297,0.8251525,5.0482783,0.0,5.2049212,-1.9809492,0.5972222,90.85783,1.0,0.0,0.0,1.0,0.0,0,8.259056,6.2466455,1.3739926,0.0,3.7238224,9.018622,0.0,1.1022184,0.0,9.453187
3,301,302.0,10.0,1.0,1.0,283.0,1.0,1.0,1.0,0.99532706,1.0,-0.0,0.0,-8.417708e-06,-0.004664564,0.021392107,4.803393,1.0373164,3.084362,0.93866324,4.4758177,0.0,6.1369257,-4.8806667,0.5833333,91.12185,1.0,0.0,0.0,1.0,0.0,0,7.4434767,5.618962,1.9890605,0.0,4.1694145,10.559133,0.0,0.9448626,0.0,7.0711412
0,302,303.0,10.0,1.0,1.0,284.0,1.0,1.0,1.0,0.9999925,1.0,-0.0,0.0,-7.5141834e-06,-0.0,0.083488226,4.6933284,0.9783394,4.232737,0.8631337,4.846994,1.0,4.6414404,-5.0986714,0.5601852,90.72663,1.0,0.0,0.0,1.0,0.0,0,8.834962,6.253011,2.0013335,0.0,4.061697,8.522491,0.0,0.3848666,0.0,7.248173
1,302,303.0,10.0,1.0,1.0,284.0,1.0,1.0,1.0,0.98105305,1.0,-0.0,0.0,-1.0651342e-05,-0.018936297,0.054380484,4.5056057,0.9239707,5.210382,1.1234393,4.345536,0.0,4.408022,-8.614706,0.587963,91.171555,1.0,0.0,0.0,1.0,0.0,0,8.48935,6.5714555,1.209676,0.0,8.142662,4.5911922,0.0,1.3434875,0.6099216,5.142945
2,302,303.0,10.0,1.0,1.0,284.0,1.0,1.0,1.0,0.99999124,1.0,-0.0,0.0,-8.785613e-06,-0.0,0.13558194,4.740393,0.91468793,3.2194653,0.83543146,4.965086,1.0,4.9695253,-3.453751,0.5972222,91.29912,1.0,0.0,0.0,1.0,0.0,0,9.047005,6.977386,1.909283,0.0,2.782333,8.842247,0.0,1.0710652,0.0,10.287728
3,302,303.0,10.0,1.0,1.0,284.0,1.0,1.0,1.0,0.9867398,1.0,-0.0,0.0,-1.1711561e-05,-0.013248529,0.08320436,4.780948,1.1059883,3.4995418,0.9395889,4.7596292,0.0,5.915263,-4.9873776,0.5833333,91.54956,1.0,0.0,0.0,1.0,0.0,0,8.713509,6.1871257,2.8206804,0.0,3.7647338,10.008649,0.0,0.02526173,0.0,7.5788417
0,303,304.0,10.0,1.0,1.0,285.0,1.0,1.0,1.0,0.99882394,1.0,-0.0,0.0,-8.814578e-06,-0.0011672499,0.18396787,4.6202993,1.009338,4.7269483,0.8929259,4.3422923,0.0,5.100234,-5.0843544,0.5601852,91.04373,1.0,0.0,0.0,1.0,0.0,0,7.8347588,5.6588335,1.6604588,0.0,3.9089334,8.633717,0.0,0.5204434,0.0,7.579467
1,303,304.0,10.0,1.0,1.0,285.0,1.0,1.0,1.0,0.9725581,1.0,-0.0,0.0,-1.36060635e-05,-0.02742831,0.14833361,4.4972067,0.9050464,5.0667005,1.210533,5.8143435,0.0,4.8704543,-8.834343,0.587963,91.26098,1.0,0.0,0.0,1.0,0.0,0,9.501779,6.1413035,0.20245156,0.0,5.550431,4.449295,0.0,1.7242929,0.62247896,5.7589545
2,303,304.0,10.0,1.0,1.0,285.0,1.0,1.0,1.0,0.99999064,1.0,-0.0,0.0,-9.351293e-06,-0.0,0.20296015,4.6842403,0.91706544,3.6589792,0.8479883,4.7919245,1.0,5.576118,-3.42686,0.5972222,91.60803,1.0,0.0,0.0,1.0,0.0,0,8.237005,6.165041,1.63733,0.0,2.8331351,8.770143,0.0,0.6936172,0.0,9.955515
3,303,304.0,10.0,1.0,1.0,285.0,1.0,1.0,1.0,0.98007387,1.0,-0.0,0.0,-9.985549e-06,-0.019916136,0.182949,4.6540728,1.159329,3.72303,0.9706232,4.3186097,0.0,5.9491663,-5.0292826,0.5833333,91.92217,1.0,0.0,0.0,1.0,0.0,0,7.6590767,5.425768,2.5923262,0.0,3.9252958,9.658861,0.0,0.07799355,0.0,7.855039
0,304,305.0,10.0,1.0,1.0,286.0,1.0,1.0,1.0,0.9973483,1.0,-0.0,0.0,-7.880485e-06,-0.002643808,0.10200571,4.52611,1.0131642,4.910542,0.81303006,5.059897,0.0,5.661782,-5.0947785,0.5601852,91.39447,1.0,0.0,0.0,1.0,0.0,0,7.411969,5.2910485,1.3767765,0.0,4.4244947,8.727779,0.0,0.5317125,0.0,7.7091713
1,304,305.0,10.0,1.0,1.0,286.0,1.0,1.0,1.0,0.96801704,1.0,-0.0,0.0,-1.105217e-05,-0.03197192,0.15043783,4.3508444,0.9083272,4.369968,1.2557753,6.122651,0.0,4.789006,-8.690396,0.587963,91.31279,1.0,0.0,0.0,1.0,0.0,0,9.752858,6.2535014,0.54946244,0.0,4.78839,6.8729463,0.0,1.5833288,1.5465972,4.322348
2,304,305.0,10.0,1.0,1.0,286.0,1.0,1.0,1.0,0.9930354,1.0,-0.0,0.0,-7.999102e-06,-0.0069566616,0.01832135,4.5528007,0.91972065,4.013632,0.80142844,5.4173994,0.0,6.3095665,-5.018209,0.6018519,92.024025,1.0,0.0,0.0,1.0,0.0,0,7.4780893,5.194209,1.0929306,0.0,4.779265,9.22078,0.0,0.39770007,0.0,10.424646
3,304,305.0,10.0,1.0,1.0,286.0,1.0,1.0,1.0,0.9803209,1.0,-0.0,0.0,-9.206109e-06,-0.01966993,0.09254962,4.6487055,1.1472515,4.06133,0.8913479,5.075809,0.0,6.6187057,-6.6213512,0.5833333,92.22424,1.0,0.0,0.0,1.0,0.0,0,7.4111753,5.0088463,2.0743265,0.0,5.2201657,10.411488,0.0,0.0,0.0,7.430691
0,305,306.0,10.0,1.0,1.0,287.0,1.0,1.0,1.0,0.9922791,1.0,-0.0,0.0,-5.384351e-06,-0.0077155186,0.21992177,4.4268665,1.0617242,5.261077,0.83985806,4.588104,0.0,5.1950483,-5.3789616,0.5648148,91.6077,1.0,0.0,0.0,1.0,0.0,0,8.561749,6.1357107,1.7335284,0.0,3.5106032,8.293566,0.0,0.31786278,0.0,7.774769
1,305,306.0,10.0,1.0,1.0,287.0,1.0,1.0,1.0,0.95796597,1.0,-0.0,0.0,-8.689966e-06,-0.0420253,0.31703228,4.261932,0.9420152,3.9296646,1.3362024,7.2365646,0.0,3.6188235,-8.290548,0.587963,91.42073,1.0,0.0,0.0,1.0,0.0,0,10.119008,7.363568,0.22081473,0.0,8.591479,3.5779352,0.0,2.4611363,1.2373749,4.409942
2,305,306.0,10.0,1.0,1.0,287.0,1.0,1.0,1.0,0.9960262,1.0,-0.0,0.0,-5.28483e-06,-0.0039684824,0.14256164,4.4398265,0.97632164,4.2032266,0.8268226,5.2381086,0.0,5.634229,-5.201957,0.6018519,92.26716,1.0,0.0,0.0,1.0,0.0,0,8.641084,6.467144,1.8191068,0.0,2.416883,8.763056,0.0,1.2738752,0.0,10.601798
3,305,306.0,10.0,1.0,1.0,287.0,1.0,1.0,1.0,0.97888124,1.0,-0.0,0.0,-6.7505207e-06,-0.021112,0.20611733,4.59057,1.168896,4.2438197,0.9098896,4.8288693,0.0,6.235487,-6.8611307,0.5833333,92.42939,1.0,0.0,0.0,1.0,0.0,0,7.526995,5.5344114,2.7059262,0.0,1.7774564,9.397608,0.0,0.8562235,0.0,7.9340777
0,306,307.0,10.0,1.0,1.0,288.0,1.0,1.0,1.0,0.98944294,1.0,-0.0,0.0,-1.0325243e-05,-0.010546744,0.2549458,4.451948,1.079766,5.6328044,0.8461787,4.6609,0.0,5.7244377,-6.010961,0.5648148,91.89769,1.0,0.0,0.0,1.0,0.0,0,7.172377,5.0577316,1.4809747,0.0,4.5669093,8.438924,0.0,0.9451453,0.0,7.863366
1,306,307.0,10.0,1.0,1.0,288.0,1.0,1.0,1.0,0.93919253,1.0,-0.0,0.0,-1.0772761e-05,-0.060796656,0.37812775,4.106564,0.9667796,3.8401964,1.4863732,8.169513,0.0,4.262643,-8.220229,0.587963,91.5079,1.0,0.0,0.0,1.0,0.0,0,8.733348,6.2222314,0.38712195,0.0,4.771415,5.7260227,0.41993278,1.7421316,1.7125708,3.594828
2,306,307.0,10.0,1.0,1.0,288.0,1.0,1.0,1.0,0.9938225,1.0,-0.0,0.0,-1.3995581e-05,-0.0061634677,0.18955208,4.41949,1.0009174,4.377844,0.82056,5.362927,0.0,5.754318,-5.545357,0.6018519,92.59958,1.0,0.0,0.0,1.0,0.0,0,7.632618,5.473092,1.4325757,0.0,4.3712196,9.079679,0.0,1.7411766,0.0,10.741767
3,306,307.0,10.0,1.0,1.0,288.0,1.0,1.0,1.0,0.9751321,1.0,-0.0,0.0,-1.3882185e-05,-0.024853991,0.22012778,4.5966973,1.1738732,4.448799,0.8769423,5.1871896,0.0,6.6129255,-6.9488626,0.5833333,92.713394,1.0,0.0,0.0,1.0,0.0,0,7.410303,5.4252896,2.5088537,0.0,3.3486404,10.513186,0.0,0.91539896,0.0,8.374876
0,307,308.0,10.0,1.0,1.0,289.0,1.0,1.0,1.0,0.98686767,1.0,-0.0,0.0,-5.342023e-06,-0.013126962,0.29282793,4.3808513,1.0711724,5.787617,0.8448843,4.916597,0.0,5.5445375,-5.4318333,0.5648148,91.99908,1.0,0.0,0.0,1.0,0.0,0,7.872785,5.4649487,1.5885378,0.0,3.2290459,8.216959,0.0,0.24302496,0.0,7.5459294
1,307,308.0,10.0,1.0,1.0,289.0,1.0,1.0,1.0,0.9291174,1.0,-0.0,0.0,-6.0965076e-06,-0.07087656,0.42420626,4.090432,0.9760049,3.980336,1.5670124,8.919501,0.0,3.9839363,-8.224668,0.587963,91.56626,1.0,0.0,0.0,1.0,0.0,0,11.215852,5.9746523,0.117122695,0.0,9.043538,3.4769714,1.1598465,2.519658,1.332395,4.16123
2,307,308.0,10.0,1.0,1.0,289.0,1.0,1.0,1.0,0.9880813,1.0,-0.0,0.0,-5.7188627e-06,-0.011912981,0.21490231,4.359653,0.97595555,4.3985386,0.8491915,5.7147784,0.0,5.661331,-5.3160257,0.6018519,92.674324,1.0,0.0,0.0,1.0,0.0,0,7.9262323,6.049765,1.1140667,0.0,2.1899264,8.287327,0.0,1.1416216,0.0,10.216325
3,307,308.0,10.0,1.0,1.0,289.0,1.0,1.0,1.0,0.97457457,1.0,-0.0,0.0,-6.4660376e-06,-0.02541902,0.24222694,4.5222855,1.1435676,4.6856933,0.8628249,5.448384,0.0,6.7039065,-6.5365353,0.5833333,92.78258,1.0,0.0,0.0,1.0,0.0,0,7.970705,5.867146,2.49467,0.0,2.5475674,9.898574,0.0,0.113989085,0.0,7.254832
0,308,309.0,10.0,1.0,1.0,290.0,1.0,1.0,1.0,0.97888434,1.0,-0.0,0.0,-1.18313865e-05,-0.021103855,0.3531225,4.3940616,1.0893059,6.254374,0.8715477,5.0118566,0.0,6.17857,-5.474654,0.5648148,92.19783,1.0,0.0,0.0,1.0,0.0,0,7.0490785,4.927187,1.6134682,0.0,4.1310444,8.052395,0.0,1.1769434,0.0,7.9768705
1,308,309.0,10.0,1.0,1.0,290.0,1.0,1.0,1.0,0.91140145,1.0,-0.0,0.0,-9.154944e-06,-0.088589385,0.55348724,3.958938,0.986489,3.653841,1.7087151,9.902477,0.0,3.7291439,-8.171316,0.587963,91.67473,1.0,0.0,0.0,1.0,0.0,0,9.644316,6.048549,0.22596903,0.0,4.9981394,5.7696977,0.8518079,1.526348,2.0398645,4.2944436
2,308,309.0,10.0,1.0,1.0,290.0,1.0,1.0,1.0,0.9832629,1.0,-0.0,0.0,-1.2999855e-05,-0.016724095,0.28729475,4.360585,0.9991711,4.801391,0.84021056,6.003445,0.0,6.1679626,-4.695771,0.6018519,92.90992,1.0,0.0,0.0,1.0,0.0,0,7.338109,5.251384,1.3521199,0.0,4.1586604,8.64478,0.0,1.5229548,0.0,10.206151
3,308,309.0,10.0,1.0,1.0,290.0,1.0,1.0,1.0,0.9683878,1.0,-0.0,0.0,-1.2645825e-05,-0.031599596,0.30070767,4.5558085,1.162607,5.130123,0.8626936,5.676423,0.0,7.2395554,-6.2868495,0.5833333,92.97427,1.0,0.0,0.0,1.0,0.0,0,7.208551,4.751028,2.2231152,0.0,3.8910894,9.487258,0.0,1.3076109,0.0,7.575744
0,309,310.0,10.0,1.0,1.0,291.0,1.0,1.0,1.0,0.9762269,1.0,-0.0,0.0,-4.9682067e-06,-0.023768146,0.36814734,4.3203797,1.0733519,6.12572,0.86997896,5.300368,0.0,5.7543526,-5.3359904,0.5648148,92.21735,1.0,0.0,0.0,1.0,0.0,0,8.440385,5.6307697,1.2747844,0.0,4.3058653,7.790007,0.0,0.75924635,0.0,7.6594524
1,309,310.0,10.0,1.0,1.0,291.0,1.0,1.0,1.0,0.90665686,1.0,-0.0,0.0,-7.935638e-06,-0.09333524,0.54938644,3.8783908,1.0066694,4.1783814,1.7400125,10.161826,0.0,3.8991282,-8.010886,0.587963,91.73371,1.0,0.0,0.0,1.0,0.0,0,9.393935,6.3943796,0.81822234,0.0,5.5921974,3.3552182,1.4679998,2.3800614,1.9889736,4.50203
2,309,310.0,10.0,1.0,1.0,291.0,1.0,1.0,1.0,0.9768936,1.0,-0.0,0.0,-5.08368e-06,-0.023101343,0.33742452,4.3026404,0.97519594,4.5908327,0.8632269,6.3860803,0.0,5.789465,-4.23343,0.6018519,92.99195,1.0,0.0,0.0,1.0,0.0,0,7.8417163,5.8305244,0.8539164,0.0,3.3346503,8.180802,0.0,1.2098267,0.0,9.164701
3,309,310.0,10.0,1.0,1.0,291.0,1.0,1.0,1.0,0.969342,1.0,-0.0,0.0,-5.9097547e-06,-0.030652076,0.30770972,4.470881,1.1276398,4.8528056,0.8660094,5.8818254,0.0,6.7489824,-5.595188,0.5833333,92.999794,1.0,0.0,0.0,1.0,0.0,0,7.0561137,5.04272,2.5559716,0.0,1.6127881,9.468849,0.0,1.3098384,0.0,7.019341
0,310,311.0,10.0,1.0,1.0,292.0,1.0,1.0,1.0,0.97163093,1.0,-0.0,0.0,-1.2891784e-05,-0.028356172,0.55109674,4.1397123,1.100057,6.24021,0.89681876,5.461159,0.0,5.6574526,-4.3199744,0.5648148,92.37473,1.0,0.0,0.0,1.0,0.0,0,7.234741,4.9715123,1.5579292,0.0,4.1406717,7.8691473,0.0,1.1363422,0.0,8.597841
1,310,311.0,10.0,1.0,1.0,292.0,1.0,1.0,1.0,0.9091925,1.0,-0.0,0.0,-1.2936346e-05,-0.09079455,0.6479498,3.8066738,0.95255727,4.1800675,1.7263564,9.988757,0.0,4.103794,-7.466821,0.587963,91.84797,1.0,0.0,0.0,1.0,0.0,0,8.588623,6.3804793,0.45807803,0.0,4.5689416,7.8321385,0.3755472,1.7521749,2.3396773,5.682918
2,310,311.0,10.0,1.0,1.0,292.0,1.0,1.0,1.0,0.97239304,1.0,-0.0,0.0,-1.3980785e-05,-0.02759294,0.5067673,4.127548,1.0022,4.8801556,0.8523537,6.6390753,0.0,5.957858,-2.6370027,0.6018519,93.155365,1.0,0.0,0.0,1.0,0.0,0,7.1350636,5.0360355,1.3695809,0.0,4.3237777,8.383761,0.0,1.338378,0.0,9.817416
3,310,311.0,10.0,1.0,1.0,292.0,1.0,1.0,1.0,0.95862734,1.0,-0.0,0.0,-1.37295965e-05,-0.041358955,0.5208239,4.2922535,1.1701411,5.131954,0.8546264,6.2054787,0.0,6.918094,-3.165783,0.5833333,93.15378,1.0,0.0,0.0,1.0,0.0,0,6.99045,4.509387,2.1622899,0.0,4.017846,9.416168,0.0,1.241057,0.0,7.347687
0,311,312.0,10.0,1.0,1.0,293.0,1.0,1.0,1.0,0.96116495,1.0,-0.0,0.0,-5.3950107e-06,-0.038829595,0.3400743,4.174761,1.0980505,6.07102,0.8695812,6.2587547,0.0,5.010632,-5.3577943,0.5648148,92.43313,1.0,0.0,0.0,1.0,0.0,0,7.8277864,4.84324,1.1603692,0.0,5.0239396,7.752502,0.0,0.3760312,0.0,7.2293167
1,311,312.0,10.0,1.0,1.0,293.0,1.0,1.0,1.0,0.90782166,1.0,-0.0,0.0,-1.00553225e-05,-0.09216824,0.55090153,3.8441381,0.98390716,4.2984405,1.7373459,9.810089,0.0,3.8201334,-7.407935,0.587963,91.89893,1.0,0.0,0.0,1.0,0.0,0,10.578134,5.556531,0.72974503,0.0,9.747109,3.4153788,1.4893912,2.535066,1.8671961,4.558203
2,311,312.0,10.0,1.0,1.0,293.0,1.0,1.0,1.0,0.9680454,1.0,-0.0,0.0,-5.3687136e-06,-0.0319492,0.21603592,4.1421494,0.9942919,4.6423864,0.8430691,6.916951,0.0,5.3296547,-5.204958,0.6018519,93.195786,1.0,0.0,0.0,1.0,0.0,0,7.916457,5.586372,1.3233242,0.0,3.42242,8.52402,0.0,0.3609519,0.0,9.745697
3,311,312.0,10.0,1.0,1.0,293.0,1.0,1.0,1.0,0.9542128,1.0,-0.0,0.0,-5.0000062e-06,-0.04578218,0.23729019,4.296015,1.1558669,4.9003277,0.85081327,6.5779285,0.0,6.3632226,-4.9096456,0.5833333,93.19126,1.0,0.0,0.0,1.0,0.0,0,7.615496,4.479867,2.2225523,0.0,4.1734705,9.229694,0.0,0.54432607,0.0,7.0947695
0,312,313.0,10.0,1.0,1.0,294.0,1.0,1.0,1.0,0.9571984,1.0,-0.0,0.0,-1.1749992e-05,-0.042789906,0.46670288,4.125746,1.1295589,6.2122893,0.888546,6.355104,0.0,4.7654686,-4.8105,0.5648148,92.57443,1.0,0.0,0.0,1.0,0.0,0,7.0222716,4.710419,1.6702158,0.0,4.2296886,7.838795,0.0,1.4439914,0.0,8.637757
1,312,313.0,10.0,1.0,1.0,294.0,1.0,1.0,1.0,0.89964306,1.0,-0.0,0.0,-1.1405739e-05,-0.10034556,0.639439,3.8230333,0.9607614,4.256713,1.8027644,10.285779,0.0,3.8448632,-7.4208612,0.587963,91.961685,1.0,0.0,0.0,1.0,0.0,0,9.482599,5.665746,0.26687923,0.0,6.592396,5.5301466,0.50248724,2.3928156,2.1841636,4.859099
2,312,313.0,10.0,1.0,1.0,294.0,1.0,1.0,1.0,0.9655316,1.0,-0.0,0.0,-1.1342288e-05,-0.034457095,0.34422016,4.105734,1.0149596,4.7722783,0.8445896,6.955229,0.0,5.3041143,-4.349603,0.6018519,93.32557,1.0,0.0,0.0,1.0,0.0,0,7.0645833,4.8805785,1.4552277,0.0,4.2027254,8.589217,0.0,2.0411787,0.0,10.057346
3,312,313.0,10.0,1.0,1.0,294.0,1.0,1.0,1.0,0.94653946,1.0,-0.0,0.0,-1.3978569e-05,-0.05344651,0.41446313,4.2682886,1.1830043,5.067782,0.85679305,6.834258,0.0,6.439006,-3.0968041,0.5833333,93.272804,1.0,0.0,0.0,1.0,0.0,0,6.712473,4.128439,2.302585,0.0,3.8822896,9.146769,0.0,1.3232601,0.0,7.076887
0,313,314.0,10.0,1.0,1.0,295.0,1.0,1.0,1.0,0.9514031,1.0,-0.0,0.0,-5.960148e-06,-0.048590966,0.39084032,4.200594,1.1329033,6.2620068,0.87196493,6.6534505,0.0,4.7313924,-5.1873307,0.5648148,92.66989,1.0,0.0,0.0,1.0,0.0,0,6.659183,4.4157643,1.2967216,0.0,4.6175895,7.9047384,0.0,1.1780249,0.0,8.112017
1,313,314.0,10.0,1.0,1.0,295.0,1.0,1.0,1.0,0.89249694,1.0,-0.0,0.0,-8.389253e-06,-0.10749468,0.6183464,3.8261905,1.0080787,4.296072,1.8518786,10.457017,0.0,3.8497493,-7.3768377,0.587963,91.98714,1.0,0.0,0.0,1.0,0.0,0,10.898279,6.7161264,0.66894007,0.0,7.595792,3.656667,0.8564681,3.266095,1.9975156,3.970347
2,313,314.0,10.0,1.0,1.0,295.0,1.0,1.0,1.0,0.960704,1.0,-0.0,0.0,-5.346652e-06,-0.039290633,0.25848186,4.163073,1.0226465,4.8075833,0.83474416,7.1875877,0.0,5.182398,-4.989155,0.6018519,93.42841,1.0,0.0,0.0,1.0,0.0,0,6.6665435,4.6492405,1.133098,0.0,4.515188,8.440104,0.0,1.2450273,0.0,9.632275
3,313,314.0,10.0,1.0,1.0,295.0,1.0,1.0,1.0,0.94160825,1.0,-0.0,0.0,-5.6420386e-06,-0.05838606,0.30839145,4.340538,1.1853995,5.160404,0.85842013,7.112666,0.0,6.5112615,-4.096508,0.5833333,93.358025,1.0,0.0,0.0,1.0,0.0,0,6.2184014,3.9650047,2.1077983,0.0,3.6826136,9.233914,0.0,1.5525897,0.0,7.155446
0,314,315.0,10.0,1.0,1.0,296.0,1.0,1.0,1.0,0.9444971,1.0,-0.0,0.0,-9.472309e-06,-0.055493407,0.355215,4.1847196,1.1312815,6.209894,0.87192345,7.1197095,0.0,4.6495786,-5.081942,0.5648148,92.71955,1.0,0.0,0.0,1.0,0.0,0,6.4935875,4.2766614,1.4270405,0.0,4.4647036,7.999506,0.0,1.1464425,0.21011887,7.6017666
1,314,315.0,10.0,1.0,1.0,296.0,1.0,1.0,1.0,0.88759923,1.0,-0.0,0.0,-9.342434e-06,-0.11239138,0.6355442,3.8365743,1.0105271,4.2673664,1.8886039,10.694108,0.0,3.849851,-7.3898726,0.587963,92.00719,1.0,0.0,0.0,1.0,0.0,0,11.3376665,6.608082,0.3232142,0.0,8.070979,4.133565,0.8113972,2.6031704,2.3480299,4.02909
2,314,315.0,10.0,1.0,1.0,296.0,1.0,1.0,1.0,0.95409304,1.0,-0.0,0.0,-9.764889e-06,-0.04589718,0.23693219,4.163983,1.0230043,4.752551,0.8733259,7.581298,0.0,5.1275134,-5.005861,0.6018519,93.4351,1.0,0.0,0.0,1.0,0.0,0,6.690366,4.637221,1.3175154,0.0,4.0637302,8.223002,0.0,1.2851669,0.0,9.2852125
3,314,315.0,10.0,1.0,1.0,296.0,1.0,1.0,1.0,0.93755656,1.0,-0.0,0.0,-1.15957755e-05,-0.06243184,0.24666153,4.3113194,1.1822829,5.1602526,0.8589013,7.378788,0.0,6.580582,-4.5110083,0.5833333,93.4143,1.0,0.0,0.0,1.0,0.0,0,6.208267,3.7700007,2.2780766,0.0,3.4141946,9.231274,0.0,1.4823259,0.0,7.008318
0,315,316.0,10.0,1.0,1.0,297.0,1.0,1.0,1.0,0.94755363,1.0,-0.0,0.0,-4.5378324e-06,-0.05244185,0.57668537,4.1382685,1.1045144,6.0846767,0.89055085,7.0618334,0.0,4.4365454,-3.2632687,0.5648148,92.89353,1.0,0.0,0.0,1.0,0.0,0,7.935173,5.630534,1.2381401,0.0,3.6677175,7.9154367,0.0,1.3065207,0.348649,7.698083
1,315,316.0,10.0,1.0,1.0,297.0,1.0,1.0,1.0,0.8931625,1.0,-0.0,0.0,-7.795733e-06,-0.10682973,0.65852886,3.8336005,0.9696098,4.537659,1.8546379,10.437362,0.0,4.0140038,-6.8843246,0.587963,92.05281,1.0,0.0,0.0,1.0,0.0,0,11.449584,7.1720343,0.019703735,0.0,10.413763,3.9826972,1.3790082,2.3543823,1.9347295,5.471975
2,315,316.0,10.0,1.0,1.0,297.0,1.0,1.0,1.0,0.9518281,1.0,-0.0,0.0,-5.0798308e-06,-0.0481668,0.4979875,4.132365,1.009585,4.6840224,0.8861252,7.818119,0.0,4.939869,-2.342848,0.6018519,93.59956,1.0,0.0,0.0,1.0,0.0,0,8.061894,5.72613,1.5305955,0.0,3.0695136,8.633015,0.0,1.5374401,0.0,9.414951
3,315,316.0,10.0,1.0,1.0,297.0,1.0,1.0,1.0,0.93600935,1.0,-0.0,0.0,-5.215652e-06,-0.0639854,0.5054802,4.247135,1.1636682,5.0938244,0.8674883,7.611612,0.0,6.285157,-2.13057,0.5833333,93.58649,1.0,0.0,0.0,1.0,0.0,0,7.6968827,5.027773,2.48947,0.0,2.4767044,9.089238,0.0,1.3635882,0.0,6.2266474
0,316,317.0,10.0,1.0,1.0,298.0,1.0,1.0,1.0,0.942973,1.0,-0.0,0.0,-1.1749481e-05,-0.05701527,0.5543571,4.023044,1.1401834,6.3192687,0.89748746,7.101646,0.0,4.376316,-3.6430583,0.5648148,93.0461,1.0,0.0,0.0,1.0,0.0,0,7.10737,4.8136,1.6178443,0.0,4.0959415,7.7008557,0.0,1.368168,0.13037542,7.9440484
1,316,317.0,10.0,1.0,1.0,298.0,1.0,1.0,1.0,0.8940527,1.0,-0.0,0.0,-7.486562e-06,-0.105939806,0.66572577,3.8636203,0.92345214,4.495365,1.8475184,10.284865,0.0,4.1232653,-6.8655767,0.587963,92.06183,1.0,0.0,0.0,1.0,0.0,0,11.025031,6.4248924,0.19348559,0.0,6.002282,6.4145546,0.5478693,2.3022542,2.7364395,6.1201043
2,316,317.0,10.0,1.0,1.0,298.0,1.0,1.0,1.0,0.9461593,1.0,-0.0,0.0,-1.2502293e-05,-0.053828157,0.48697442,4.0277267,1.0407052,4.892173,0.89224064,7.9243994,0.0,4.959462,-2.3859012,0.6018519,93.73418,1.0,0.0,0.0,1.0,0.0,0,7.190855,4.97986,1.427837,0.0,4.273656,8.186694,0.0,1.9199339,0.107223004,9.991495
3,316,317.0,10.0,1.0,1.0,298.0,1.0,1.0,1.0,0.9261484,1.0,-0.0,0.0,-1.3508102e-05,-0.073838025,0.5181942,4.129252,1.2098908,5.231228,0.8641064,7.8560996,0.0,6.2508435,-1.6436,0.5833333,93.73847,1.0,0.0,0.0,1.0,0.0,0,6.691226,4.035934,2.344103,0.0,3.7043116,8.942603,0.0,1.5944432,0.0,6.7380614
0,317,318.0,10.0,1.0,1.0,299.0,1.0,1.0,1.0,0.94026446,1.0,-0.0,0.0,-5.0098633e-06,-0.059730552,0.5075589,4.1036253,1.1419276,6.4260535,0.89607686,7.1577787,0.0,4.334314,-4.1824102,0.5648148,93.118416,1.0,0.0,0.0,1.0,0.0,0,6.8752537,4.8338876,1.4445914,0.0,3.807472,7.849955,0.0,1.4454063,0.43950596,7.976975
1,317,318.0,10.0,1.0,1.0,299.0,1.0,1.0,1.0,0.8934211,1.0,-0.0,0.0,-6.2244076e-06,-0.10657271,0.668161,3.8812718,0.9102417,4.5176015,1.8525816,10.255639,0.0,4.1065607,-6.8716927,0.587963,92.06476,1.0,0.0,0.0,1.0,0.0,0,11.094422,6.237677,0.23347126,0.0,6.9043036,5.765656,0.84162605,2.0576413,2.4427516,5.8228903
2,317,318.0,10.0,1.0,1.0,299.0,1.0,1.0,1.0,0.9419544,1.0,-0.0,0.0,-4.9865753e-06,-0.05804063,0.4414998,4.1137233,1.0379964,4.942644,0.91740686,8.197464,0.0,4.949378,-2.8774924,0.6018519,93.816086,1.0,0.0,0.0,1.0,0.0,0,6.601067,4.5947623,1.3222007,0.0,4.047374,8.347151,0.0,1.373335,0.13047276,9.492487
3,317,318.0,10.0,1.0,1.0,299.0,1.0,1.0,1.0,0.922294,1.0,-0.0,0.0,-5.5729583e-06,-0.077700466,0.50026107,4.1969995,1.216608,5.2858715,0.86870724,8.037466,0.0,6.209588,-1.7828271,0.5833333,93.80131,1.0,0.0,0.0,1.0,0.0,0,6.318809,4.0179353,2.1384835,0.0,3.5157223,9.059077,0.0,1.5022892,0.07568497,6.6167493
0,318,319.0,10.0,1.0,1.0,300.0,1.0,1.0,1.0,0.94037205,1.0,-0.0,0.0,-8.254001e-06,-0.059619702,0.46790278,4.069145,1.1437775,6.453293,0.89773166,7.123888,0.0,4.271868,-4.651798,0.5694444,93.17011,1.0,0.0,0.0,1.0,0.0,0,6.773932,4.5594883,1.4541521,0.0,4.16222,7.71703,0.0,1.5474957,0.13983113,8.685562
1,318,319.0,10.0,1.0,1.0,300.0,1.0,1.0,1.0,0.8932661,1.0,-0.0,0.0,-6.1530723e-06,-0.10672775,0.6683618,3.896471,0.9015229,4.495017,1.853822,10.229928,0.0,3.9836905,-6.875651,0.587963,92.06842,1.0,0.0,0.0,1.0,0.0,0,11.650805,6.2965164,0.21254137,0.0,7.8623447,5.2073355,0.9106674,2.3689885,2.7336805,5.773081
2,318,319.0,10.0,1.0,1.0,300.0,1.0,1.0,1.0,0.9407135,1.0,-0.0,0.0,-7.68272e-06,-0.059278816,0.39102435,4.0790634,1.0416003,4.9451776,0.91527224,8.244726,0.0,4.81662,-3.454281,0.6018519,93.875786,1.0,0.0,0.0,1.0,0.0,0,6.68357,4.507134,1.4242295,0.0,4.156512,8.25541,0.0,1.4804826,0.038432676,9.507715
3,318,319.0,10.0,1.0,1.0,300.0,1.0,1.0,1.0,0.92059326,1.0,-0.0,0.0,-1.1048636e-05,-0.07939572,0.45200214,4.1579103,1.2174331,5.2886853,0.8689402,8.132995,0.0,6.2090197,-2.1911523,0.5833333,93.854416,1.0,0.0,0.0,1.0,0.0,0,6.292389,3.8360877,2.2181227,0.0,3.6204119,8.959037,0.0,1.5643555,0.0,6.4798255
0,319,320.0,10.0,1.0,1.0,301.0,1.0,1.0,1.0,0.9392734,1.0,-0.0,0.0,-4.2696242e-06,-0.060722314,0.66482687,4.198247,1.1250597,6.5657744,0.9006255,7.077564,0.0,4.742806,-2.63883,0.5694444,93.28473,1.0,0.0,0.0,1.0,0.0,0,6.8680406,4.955543,1.7174906,0.0,2.949538,7.78389,0.0,1.487566,0.34069473,8.43146
1,319,320.0,10.0,1.0,1.0,301.0,1.0,1.0,1.0,0.8897091,1.0,-0.0,0.0,-6.101647e-06,-0.110284775,0.7512089,3.8645413,0.89162767,4.246217,1.8822782,10.452819,0.0,3.7829444,-6.5401692,0.587963,92.15903,1.0,0.0,0.0,1.0,0.0,0,10.753779,6.3214536,0.6094383,0.0,9.895212,4.472864,0.54019016,3.5568595,3.297655,5.3697577
2,319,320.0,10.0,1.0,1.0,301.0,1.0,1.0,1.0,0.94271386,1.0,-0.0,0.0,-3.8575704e-06,-0.05728229,0.5873326,4.205092,1.0229962,4.9723344,0.91449267,8.264465,0.0,5.0811057,-1.6261684,0.6018519,93.993935,1.0,0.0,0.0,1.0,0.0,0,6.9498835,4.9253826,1.6855351,0.0,3.1859367,8.316395,0.0,1.449969,0.06866076,9.5161085
3,319,320.0,10.0,1.0,1.0,301.0,1.0,1.0,1.0,0.9236127,1.0,-0.0,0.0,-4.9876035e-06,-0.076382294,0.6202832,4.2971325,1.1862087,5.4615893,0.86979467,8.186372,0.0,6.6033106,-0.6838851,0.5833333,93.97804,1.0,0.0,0.0,1.0,0.0,0,6.4189053,4.1937957,2.5068755,0.0,2.6738348,8.965343,0.0,1.5072571,0.014879266,6.4771333
0,320,321.0,10.0,1.0,1.0,302.0,1.0,1.0,1.0,0.9415146,1.0,-0.0,0.0,-9.258305e-06,-0.05847613,0.58563423,4.06984,1.1439638,6.547261,0.9024867,6.9613056,0.0,4.500062,-3.5377667,0.5694444,93.44782,1.0,0.0,0.0,1.0,0.0,0,6.7668276,4.4540396,1.5357072,0.0,3.99158,7.6530495,0.0,1.5206954,0.3136175,8.28312
1,320,321.0,10.0,1.0,1.0,302.0,1.0,1.0,1.0,0.8904931,1.0,-0.0,0.0,-7.5478624e-06,-0.10949934,0.73952675,3.9076138,0.8641771,4.3896303,1.8759947,10.361695,0.0,3.9786239,-6.5150957,0.587963,92.178604,1.0,0.0,0.0,1.0,0.0,0,11.659483,6.8725514,0.23740368,0.0,7.7366214,4.8913236,1.1128169,2.5364268,2.9827116,6.0492587
2,320,321.0,10.0,1.0,1.0,302.0,1.0,1.0,1.0,0.93966806,1.0,-0.0,0.0,-9.409675e-06,-0.060322493,0.54049265,4.076973,1.0461558,4.95119,0.9096301,8.273181,0.0,4.7172527,-2.0751655,0.6018519,94.16076,1.0,0.0,0.0,1.0,0.0,0,6.847306,4.5989017,1.4813284,0.0,3.9919019,8.281814,0.0,1.5488757,0.00934361,9.469952
3,320,321.0,10.0,1.0,1.0,302.0,1.0,1.0,1.0,0.9193685,1.0,-0.0,0.0,-1.0549176e-05,-0.080620944,0.564751,4.1467333,1.2165004,5.290757,0.86354625,8.213503,0.0,6.1827564,-1.3016592,0.5833333,94.171005,1.0,0.0,0.0,1.0,0.0,0,6.227784,3.601236,2.3630288,0.0,3.6827912,8.754937,0.0,1.4026843,0.0,6.4414535
0,321,322.0,10.0,1.0,1.0,303.0,1.0,1.0,1.0,0.94105756,1.0,-0.0,0.0,-4.5720926e-06,-0.058937844,0.5860902,4.1762567,1.1381128,6.657922,0.9054927,6.878348,0.0,4.673405,-3.802156,0.5694444,93.53525,1.0,0.0,0.0,1.0,0.0,0,6.6515384,4.3208613,1.5384889,0.0,4.0477357,7.732074,0.0,1.4550531,0.5550166,8.099398
1,321,322.0,10.0,1.0,1.0,303.0,1.0,1.0,1.0,0.8902039,1.0,-0.0,0.0,-6.706233e-06,-0.10978938,0.73703116,3.9264076,0.86099535,4.443341,1.878315,10.4293995,0.0,3.885898,-6.5208783,0.587963,92.18163,1.0,0.0,0.0,1.0,0.0,0,12.088458,6.7754226,0.15575044,0.0,8.137915,4.535633,0.9039675,3.399712,2.4189942,6.4188366
2,321,322.0,10.0,1.0,1.0,303.0,1.0,1.0,1.0,0.9401929,1.0,-0.0,0.0,-4.9795594e-06,-0.059802115,0.5346954,4.167952,1.0437363,5.051844,0.906178,8.260103,0.0,4.8466244,-2.2295566,0.6018519,94.226364,1.0,0.0,0.0,1.0,0.0,0,6.664435,4.3885336,1.4886004,0.0,4.081769,8.384099,0.0,1.5531505,0.026070908,9.465304
3,321,322.0,10.0,1.0,1.0,303.0,1.0,1.0,1.0,0.91946846,1.0,-0.0,0.0,-5.614442e-06,-0.08052594,0.5768385,4.2396555,1.2152319,5.466175,0.8621209,8.217317,0.0,6.4097047,-1.2447275,0.5833333,94.24888,1.0,0.0,0.0,1.0,0.0,0,6.2240157,3.6669028,2.2410066,0.0,3.6831112,8.78416,0.0,1.3806673,0.0,6.468717
0,322,323.0,10.0,1.0,1.0,304.0,1.0,1.0,1.0,0.94231373,1.0,-0.0,0.0,-6.576355e-06,-0.057679735,0.49104428,4.1815515,1.1305627,6.6740165,0.90618956,6.7867665,0.0,4.7367716,-4.9006343,0.5694444,93.570145,1.0,0.0,0.0,1.0,0.0,0,6.536478,4.211057,1.5349735,0.0,4.1140738,7.5892987,0.0,1.4395989,0.39447576,8.0304165
1,322,323.0,10.0,1.0,1.0,304.0,1.0,1.0,1.0,0.88915306,1.0,-0.0,0.0,-5.1284096e-06,-0.110841796,0.72530395,3.9412494,0.8627493,4.4509106,1.8867344,10.514199,0.0,3.9157665,-6.505115,0.587963,92.186035,1.0,0.0,0.0,1.0,0.0,0,12.331548,7.1343794,0.1730936,0.0,8.326729,3.9219155,0.9137107,3.732065,2.4332473,6.579688
2,322,323.0,10.0,1.0,1.0,304.0,1.0,1.0,1.0,0.9416649,1.0,-0.0,0.0,-6.5067084e-06,-0.058328632,0.45487434,4.182435,1.0363322,5.063918,0.90219545,8.227225,0.0,4.9204774,-3.0844603,0.6018519,94.25521,1.0,0.0,0.0,1.0,0.0,0,6.5524416,4.286497,1.4860594,0.0,4.1424913,8.311796,0.0,1.625449,0.0024543284,9.444781
3,322,323.0,10.0,1.0,1.0,304.0,1.0,1.0,1.0,0.9210682,1.0,-0.0,0.0,-8.274395e-06,-0.078923516,0.48430747,4.252532,1.2039006,5.5711656,0.8611693,8.206156,0.0,6.6104345,-2.2470634,0.5833333,94.26894,1.0,0.0,0.0,1.0,0.0,0,6.0675664,3.4764943,2.287878,0.0,3.540316,8.653531,0.0,1.4053911,0.0,6.412326
0,323,324.0,10.0,1.0,1.0,305.0,1.0,1.0,1.0,0.9322091,1.0,-0.0,0.0,-3.4224934e-06,-0.06778752,0.24165921,4.1612864,1.1325134,6.64391,0.84471244,7.4233403,0.0,5.0047245,-5.1534753,0.5694444,93.622185,1.0,0.0,0.0,1.0,0.0,0,4.492602,3.5949073,0.95531833,0.0,7.2332735,6.680782,0.0,1.0803254,0.0,7.534382
1,323,324.0,10.0,1.0,1.0,305.0,1.0,1.0,1.0,0.88599515,1.0,-0.0,0.0,-6.355893e-06,-0.11399847,0.5727377,3.9581075,0.9223143,4.3227763,1.9119878,9.83745,0.0,3.662013,-6.396384,0.587963,92.26736,1.0,0.0,0.0,1.0,0.0,0,13.911981,8.683637,0.26586398,0.0,11.495095,4.701013,0.7539916,3.1914337,2.5862994,5.136055
2,323,324.0,10.0,1.0,1.0,305.0,1.0,1.0,1.0,0.94068813,1.0,-0.0,0.0,-3.5976245e-06,-0.059308268,0.12081098,4.2240176,1.0343792,5.4453654,0.87263817,8.11313,0.0,6.1399283,-4.7026463,0.6018519,94.32966,1.0,0.0,0.0,1.0,0.0,0,6.429189,4.481652,0.61115056,0.0,5.4783907,8.088133,0.0,1.4956881,0.0,8.663599
3,323,324.0,10.0,1.0,1.0,305.0,1.0,1.0,1.0,0.91798246,1.0,-0.0,0.0,-4.0311756e-06,-0.08201349,0.12600608,4.278476,1.196322,5.9102464,0.8379307,8.448394,0.0,7.263796,-4.675076,0.5833333,94.31927,1.0,0.0,0.0,1.0,0.0,0,4.551023,3.2472649,1.2809678,0.0,5.3699737,8.164319,0.0,1.2225121,0.0,5.53545
0,324,325.0,10.0,1.0,1.0,306.0,1.0,1.0,1.0,0.93160367,1.0,-0.0,0.0,-6.0978705e-06,-0.068390235,0.5502712,4.203171,1.1014575,6.7973742,0.8468923,7.306039,0.0,5.702792,-2.8856378,0.5694444,93.71807,1.0,0.0,0.0,1.0,0.0,0,6.596189,4.7661314,1.7406443,0.0,2.8812044,7.4504514,0.0,1.1706207,0.5150606,8.41435
1,324,325.0,10.0,1.0,1.0,306.0,1.0,1.0,1.0,0.89544904,1.0,-0.0,0.0,-7.3234028e-06,-0.104543656,0.69618523,3.787627,0.87900525,4.341931,1.8363492,9.410223,0.0,2.9323137,-6.1272206,0.5925926,92.67334,1.0,0.0,0.0,1.0,0.0,0,9.042531,8.117727,0.61648804,0.0,3.2998104,8.170186,0.57383156,1.8955903,4.124888,7.3588037
2,324,325.0,10.0,1.0,1.0,306.0,1.0,1.0,1.0,0.9342008,1.0,-0.0,0.0,-6.0558086e-06,-0.065793104,0.38334465,4.2991443,0.99825674,5.903884,0.8923478,8.043701,0.0,7.3500967,-2.7199504,0.6018519,94.40891,1.0,0.0,0.0,1.0,0.0,0,6.618838,4.6153893,1.5654211,0.0,2.986315,8.129304,0.0,1.4005411,0.0034514267,9.246025
3,324,325.0,10.0,1.0,1.0,306.0,1.0,1.0,1.0,0.9210033,1.0,-0.0,0.0,-5.87587e-06,-0.07899083,0.4288897,4.339366,1.152184,6.22161,0.8487352,8.5178385,0.0,8.094029,-2.6203628,0.5833333,94.385086,1.0,0.0,0.0,1.0,0.0,0,6.2746124,3.8994794,2.411459,0.0,2.7122645,8.58669,0.0,1.4858279,0.0,6.172895
0,325,326.0,10.0,1.0,1.0,307.0,1.0,1.0,1.0,0.9315236,1.0,-0.0,0.0,-8.1013695e-06,-0.06846829,0.5187936,4.0918846,1.1216891,6.780648,0.84901464,7.327448,0.0,5.3592067,-3.3907928,0.5694444,93.822105,1.0,0.0,0.0,1.0,0.0,0,6.5754886,4.1937075,1.5147707,0.0,3.915054,7.566573,0.0,1.1671239,0.5811672,8.508796
1,325,326.0,10.0,1.0,1.0,307.0,1.0,1.0,1.0,0.89467627,1.0,-0.0,0.0,-1.5961903e-05,-0.10530775,0.67430663,3.7507575,0.87374485,5.2603326,1.8077509,9.039647,0.0,4.0567093,-5.2748213,0.5925926,92.71552,1.0,0.0,0.0,1.0,0.0,0,7.8502645,7.61816,0.13759063,0.0,3.9037473,9.100814,0.58020216,1.9613698,3.8428829,8.192734
2,325,326.0,10.0,1.0,1.0,307.0,1.0,1.0,1.0,0.9401871,1.0,-0.0,0.0,-5.832278e-06,-0.05980707,0.38927495,4.1694555,1.0146681,5.6138678,0.8999217,7.9745555,0.0,6.785124,-3.0869768,0.6018519,94.5313,1.0,0.0,0.0,1.0,0.0,0,6.6421437,4.273047,1.4615476,0.0,3.7955644,8.299699,0.0,1.517322,0.17641497,9.251409
3,325,326.0,10.0,1.0,1.0,307.0,1.0,1.0,1.0,0.919166,1.0,-0.0,0.0,-5.6750214e-06,-0.08082831,0.42166078,4.1969776,1.1766863,5.8564777,0.8530479,8.52455,0.0,7.529705,-2.5572488,0.5833333,94.52622,1.0,0.0,0.0,1.0,0.0,0,6.3576655,3.749998,2.322566,0.0,3.1924076,8.69338,0.0,1.3962148,0.08413009,6.257547
0,326,327.0,10.0,1.0,1.0,308.0,1.0,1.0,1.0,0.9318405,1.0,-0.0,0.0,-7.737309e-06,-0.06815176,0.538246,4.095538,1.1241051,6.830819,0.85194975,7.2582855,0.0,5.2573237,-3.5439022,0.5694444,93.84412,1.0,0.0,0.0,1.0,0.0,0,6.677949,4.133279,1.6776428,0.0,4.206674,7.4601865,0.0,1.0806048,0.44852152,8.463055
1,326,327.0,10.0,1.0,1.0,308.0,1.0,1.0,1.0,0.8909512,1.0,-0.0,0.0,-9.74328e-06,-0.10903905,0.59786665,3.757238,0.8303905,5.660123,1.7842959,8.851609,0.0,4.8284006,-5.5689263,0.5925926,92.756615,1.0,0.0,0.0,1.0,0.0,0,8.545311,7.727131,0.051520046,0.0,3.2879217,9.163749,0.4545063,2.3625655,4.238942,8.303689
2,326,327.0,10.0,1.0,1.0,308.0,1.0,1.0,1.0,0.9440979,1.0,-0.0,0.0,-7.2465177e-06,-0.05589485,0.43740606,4.1655316,1.0233519,5.4729033,0.90527844,7.880787,0.0,6.278415,-3.0114148,0.6018519,94.55497,1.0,0.0,0.0,1.0,0.0,0,6.674846,4.157831,1.6316396,0.0,4.1653714,8.182718,0.0,1.3931139,0.08094254,9.167309
3,326,327.0,10.0,1.0,1.0,308.0,1.0,1.0,1.0,0.9188696,1.0,-0.0,0.0,-7.728738e-06,-0.08112261,0.4634373,4.19235,1.1831776,5.671455,0.85847247,8.493524,0.0,7.142733,-2.4420414,0.5833333,94.53986,1.0,0.0,0.0,1.0,0.0,0,6.287063,3.5725162,2.355891,0.0,3.6979873,8.57184,0.0,1.3588785,0.038506035,6.258497
0,327,328.0,10.0,1.0,1.0,309.0,1.0,1.0,1.0,0.9320648,1.0,-0.0,0.0,-4.9008204e-06,-0.06793034,0.5386222,4.128708,1.1190245,6.8365493,0.8523344,7.23927,0.0,5.162132,-3.8303473,0.5694444,93.90312,1.0,0.0,0.0,1.0,0.0,0,6.4446845,3.9267592,1.6848965,0.0,4.1387844,7.492628,0.0,1.0724522,0.5776748,8.384447
1,327,328.0,10.0,1.0,1.0,309.0,1.0,1.0,1.0,0.890415,1.0,-0.0,0.0,-6.7136384e-06,-0.10957823,0.55885726,3.7201476,0.8137466,5.8455033,1.7638919,8.747261,0.0,5.0961604,-5.801621,0.5925926,92.81504,1.0,0.0,0.0,1.0,0.0,0,8.716054,7.302175,0.106557816,0.0,4.0786667,9.058534,0.35093385,2.013797,4.183769,8.493173
2,327,328.0,10.0,1.0,1.0,309.0,1.0,1.0,1.0,0.94863653,1.0,-0.0,0.0,-4.5694424e-06,-0.05135886,0.45626536,4.178311,1.026623,5.2956386,0.90871805,7.785892,0.0,5.718683,-3.286602,0.6018519,94.59534,1.0,0.0,0.0,1.0,0.0,0,6.741576,4.326413,1.6216,0.0,3.9403043,8.191045,0.0,1.3319395,0.12654474,9.127854
3,327,328.0,10.0,1.0,1.0,309.0,1.0,1.0,1.0,0.919793,1.0,-0.0,0.0,-4.821167e-06,-0.08020219,0.461613,4.210822,1.180349,5.462593,0.8627123,8.459514,0.0,6.773581,-2.7869139,0.5833333,94.58284,1.0,0.0,0.0,1.0,0.0,0,6.389094,3.8187697,2.2729535,0.0,3.6035244,8.49773,0.0,1.2875535,0.09386642,6.1576943
0,328,329.0,10.0,1.0,1.0,310.0,1.0,1.0,1.0,0.9287828,1.0,-0.0,0.0,-6.500933e-06,-0.07121066,0.30117518,4.27306,1.1233455,6.6991973,0.82131785,7.5734415,0.0,5.0933914,-4.9519205,0.5694444,94.09876,1.0,0.0,0.0,1.0,0.0,0,6.932622,3.7981803,1.7013497,0.0,5.211387,7.585253,0.0,0.3513738,0.47424436,8.221904
1,328,329.0,10.0,1.0,1.0,310.0,1.0,1.0,1.0,0.9008306,1.0,-0.0,0.0,-5.352115e-06,-0.09916404,0.37097782,3.7584093,0.8185656,5.8111105,1.6851641,8.56114,0.0,5.1345773,-5.6171503,0.5972222,92.90073,1.0,0.0,0.0,1.0,0.0,0,9.439834,6.867759,0.1794813,0.0,5.6768594,8.300243,0.17720087,1.1846151,3.1330152,7.6055036
2,328,329.0,10.0,1.0,1.0,310.0,1.0,1.0,1.0,0.94774365,1.0,-0.0,0.0,-6.149021e-06,-0.052250184,0.21596588,4.324078,1.0338435,5.137901,0.8910208,7.881184,0.0,5.515656,-4.903095,0.6018519,94.788,1.0,0.0,0.0,1.0,0.0,0,7.3215275,4.482329,1.182018,0.0,5.983748,8.052837,0.0,0.478471,0.048963822,8.694756
3,328,329.0,10.0,1.0,1.0,310.0,1.0,1.0,1.0,0.9164944,1.0,-0.0,0.0,-6.977041e-06,-0.08349861,0.20764023,4.354783,1.1836927,5.2512455,0.84379417,8.63222,0.0,6.5329394,-4.62603,0.5833333,94.778824,1.0,0.0,0.0,1.0,0.0,0,6.7406898,3.656989,1.9944521,0.0,5.2100124,8.295724,0.0,0.18920152,0.0,5.7022576
0,329,330.0,10.0,1.0,1.0,311.0,1.0,1.0,1.0,0.9333898,1.0,-0.0,0.0,-3.6094182e-06,-0.06660661,0.39744413,4.1562138,1.1216933,6.712044,0.83664936,7.284352,0.0,5.007503,-4.782468,0.5694444,94.18868,1.0,0.0,0.0,1.0,0.0,0,6.4991803,3.9107008,1.7171936,0.0,4.076253,7.6096263,0.0,1.1381733,0.726954,8.197242
1,329,330.0,10.0,1.0,1.0,311.0,1.0,1.0,1.0,0.90182596,1.0,-0.0,0.0,-5.160579e-06,-0.09816885,0.49266368,3.6553204,0.81696975,6.1142044,1.6367902,8.755855,0.0,5.3439374,-3.9889998,0.5972222,93.00631,1.0,0.0,0.0,1.0,0.0,0,8.301425,7.3325114,0.08619388,0.0,3.645788,8.707953,0.07060333,1.8033441,4.250583,8.458159
2,329,330.0,10.0,1.0,1.0,311.0,1.0,1.0,1.0,0.9499232,1.0,-0.0,0.0,-3.6397473e-06,-0.05007314,0.33071226,4.193204,1.0335283,5.051999,0.8968577,7.752925,0.0,5.166002,-4.3616424,0.6018519,94.89476,1.0,0.0,0.0,1.0,0.0,0,6.730235,4.182497,1.6809918,0.0,3.985245,8.172331,0.0,1.3756781,0.19877675,9.146435
3,329,330.0,10.0,1.0,1.0,311.0,1.0,1.0,1.0,0.9189633,1.0,-0.0,0.0,-3.9639076e-06,-0.08103266,0.32447094,4.228779,1.1780026,5.1581283,0.8534507,8.526939,0.0,6.356934,-4.020212,0.5833333,94.87793,1.0,0.0,0.0,1.0,0.0,0,6.2045417,3.7547379,2.291075,0.0,3.4730642,8.523609,0.0,1.1577225,0.012540989,5.75427
0,330,331.0,10.0,1.0,1.0,312.0,1.0,1.0,1.0,0.9346368,1.0,-0.0,0.0,-6.8466898e-06,-0.06535635,0.3756132,4.134238,1.1200325,6.7531047,0.8393068,7.1682754,0.0,5.0937376,-5.1311755,0.5694444,94.20654,1.0,0.0,0.0,1.0,0.0,0,6.5346675,3.9044662,1.6661295,0.0,4.2551036,7.5248914,0.0,1.0072342,0.58559924,8.307017
1,330,331.0,10.0,1.0,1.0,312.0,1.0,1.0,1.0,0.9030282,1.0,-0.0,0.0,-7.3635993e-06,-0.09696444,0.49527064,3.5833113,0.8241564,6.2394567,1.6104546,8.858686,0.0,5.2015696,-4.0212264,0.5972222,93.10116,1.0,0.0,0.0,1.0,0.0,0,8.830214,7.800967,0.09462409,0.0,3.8190503,8.481846,0.381068,2.0517278,3.9277718,8.105942
2,330,331.0,10.0,1.0,1.0,312.0,1.0,1.0,1.0,0.95216113,1.0,-0.0,0.0,-6.4385454e-06,-0.047832403,0.3279984,4.155765,1.0385549,5.0748835,0.90254515,7.5807815,0.0,5.1050334,-4.6134276,0.6018519,94.92626,1.0,0.0,0.0,1.0,0.0,0,6.6468234,4.1150937,1.6360766,0.0,4.119293,8.164031,0.0,1.3589075,0.07183244,9.038285
3,330,331.0,10.0,1.0,1.0,312.0,1.0,1.0,1.0,0.91954464,1.0,-0.0,0.0,-6.6718667e-06,-0.08044871,0.32011753,4.18911,1.1845707,5.1550913,0.8580971,8.442642,0.0,6.304375,-4.1699986,0.5833333,94.90952,1.0,0.0,0.0,1.0,0.0,0,6.2970376,3.9053016,2.2496362,0.0,3.4304667,8.420459,0.0,1.1687896,0.017685216,5.6524286
0,331,332.0,10.0,1.0,1.0,313.0,1.0,1.0,1.0,0.9347662,1.0,-0.0,0.0,-3.6243007e-06,-0.06523021,0.4688632,4.101784,1.104115,6.82497,0.8415,7.088842,0.0,5.555096,-4.3886733,0.5694444,94.28439,1.0,0.0,0.0,1.0,0.0,0,6.857794,4.382999,1.9713312,0.0,2.960726,7.4984274,0.0,1.177587,0.72173554,8.157649
1,331,332.0,10.0,1.0,1.0,313.0,1.0,1.0,1.0,0.90368897,1.0,-0.0,0.0,-6.8975555e-06,-0.0963041,0.57370776,3.4876053,0.8117281,6.2294087,1.6065115,8.87671,0.0,5.19535,-4.0532117,0.5972222,93.26526,1.0,0.0,0.0,1.0,0.0,0,9.390479,7.8440013,0.6428469,0.0,3.244093,8.118108,0.4913487,2.5726526,4.5920806,8.294632
2,331,332.0,10.0,1.0,1.0,313.0,1.0,1.0,1.0,0.957834,1.0,-0.0,0.0,-3.5178464e-06,-0.042162508,0.41902065,4.1374335,1.0234456,5.157976,0.914325,7.353908,0.0,5.616531,-4.08959,0.6018519,94.990005,1.0,0.0,0.0,1.0,0.0,0,6.876884,4.508062,1.857174,0.0,3.0779955,8.086651,0.0,1.0995328,0.22537357,8.683585
3,331,332.0,10.0,1.0,1.0,313.0,1.0,1.0,1.0,0.92219,1.0,-0.0,0.0,-3.5261025e-06,-0.07780646,0.42630807,4.16201,1.1696357,5.2130866,0.86351866,8.39612,0.0,6.6180243,-3.3459365,0.5833333,94.9861,1.0,0.0,0.0,1.0,0.0,0,6.5513825,4.1531835,2.4566216,0.0,2.7967978,8.441517,0.0,1.1637648,0.11416384,5.909992
0,332,333.0,10.0,1.0,1.0,314.0,1.0,1.0,1.0,0.9337775,1.0,-0.0,0.0,-7.3444103e-06,-0.06621517,0.47623366,3.9837565,1.1273475,6.8706017,0.83650595,7.102308,0.0,5.421806,-4.1640363,0.5694444,94.40192,1.0,0.0,0.0,1.0,0.0,0,6.514509,3.8839877,1.686548,0.0,4.0277853,7.433772,0.0,1.3504204,0.64120716,8.211456
1,332,333.0,10.0,1.0,1.0,314.0,1.0,1.0,1.0,0.90243256,1.0,-0.0,0.0,-9.947516e-06,-0.097557485,0.6569561,3.4497776,0.8306111,6.2989135,1.6072713,8.888793,0.0,4.92573,-3.3681643,0.5972222,93.29943,1.0,0.0,0.0,1.0,0.0,0,8.709068,7.43364,0.34374776,0.0,3.8589623,9.022408,0.21325204,1.7588873,4.3457246,8.050396
2,332,333.0,10.0,1.0,1.0,314.0,1.0,1.0,1.0,0.95706296,1.0,-0.0,0.0,-6.644619e-06,-0.042930413,0.42270833,4.0327024,1.0434326,5.224189,0.92028046,7.2500796,0.0,5.6032557,-4.0815043,0.6018519,95.08981,1.0,0.0,0.0,1.0,0.0,0,6.6072116,4.0314307,1.6254556,0.0,3.9931667,7.988668,0.0,0.9376975,0.18301697,8.734574
3,332,333.0,10.0,1.0,1.0,314.0,1.0,1.0,1.0,0.91955185,1.0,-0.0,0.0,-6.2671247e-06,-0.08044189,0.4428476,4.038408,1.1984339,5.09828,0.8657416,8.338259,0.0,6.294353,-3.248522,0.5833333,95.11278,1.0,0.0,0.0,1.0,0.0,0,6.246353,3.6227872,2.3233826,0.0,3.502194,8.351824,0.0,1.1134012,0.051368997,5.8211985
0,333,334.0,10.0,1.0,1.0,315.0,1.0,1.0,1.0,0.932778,1.0,-0.0,0.0,-4.287317e-06,-0.067217715,0.5160358,4.066918,1.1230944,6.918084,0.8347382,7.114978,0.0,5.4076557,-3.820682,0.5694444,94.497826,1.0,0.0,0.0,1.0,0.0,0,6.573705,3.8166547,1.7846407,0.0,4.143216,7.4548707,0.0,1.3734106,0.77614194,8.131428
1,333,334.0,10.0,1.0,1.0,315.0,1.0,1.0,1.0,0.901589,1.0,-0.0,0.0,-8.094236e-06,-0.0984029,0.6165203,3.4702811,0.81877327,6.410558,1.5991486,8.911154,0.0,5.214286,-3.7557845,0.5972222,93.3342,1.0,0.0,0.0,1.0,0.0,0,8.652379,7.3677654,0.1445731,0.0,4.0068545,8.925455,0.11567527,2.059657,4.084175,7.9737806
2,333,334.0,10.0,1.0,1.0,315.0,1.0,1.0,1.0,0.9590724,1.0,-0.0,0.0,-3.7926168e-06,-0.040923767,0.46862626,4.1294413,1.0369487,5.2957864,0.92459816,7.159639,0.0,5.673021,-3.8205497,0.6018519,95.20515,1.0,0.0,0.0,1.0,0.0,0,6.656754,3.959469,1.7066836,0.0,4.1652966,7.9999743,0.0,0.85174024,0.25228697,8.645838
3,333,334.0,10.0,1.0,1.0,315.0,1.0,1.0,1.0,0.92059577,1.0,-0.0,0.0,-3.8412e-06,-0.07940044,0.4925348,4.1215568,1.1970637,5.149469,0.86875993,8.286048,0.0,6.2198405,-2.9194224,0.5833333,95.21241,1.0,0.0,0.0,1.0,0.0,0,6.293045,3.584183,2.3370836,0.0,3.6374707,8.35039,0.0,1.0422606,0.1112289,5.724558
0,334,335.0,10.0,1.0,1.0,316.0,1.0,1.0,1.0,0.9338449,1.0,-0.0,0.0,-5.3857384e-06,-0.066149704,0.47397688,4.068055,1.1187382,6.8909745,0.83315754,7.0780067,0.0,5.3589873,-4.3113847,0.5694444,94.51788,1.0,0.0,0.0,1.0,0.0,0,6.468123,3.7611766,1.7555697,0.0,4.142196,7.3876586,0.0,1.4010886,0.7278487,8.104461
1,334,335.0,10.0,1.0,1.0,316.0,1.0,1.0,1.0,0.90217614,1.0,-0.0,0.0,-6.2879003e-06,-0.0978176,0.55790097,3.4598682,0.8108426,6.4029803,1.5954766,8.907812,0.0,5.323659,-4.4796567,0.5972222,93.36959,1.0,0.0,0.0,1.0,0.0,0,8.57518,7.2212744,0.18595223,0.0,3.8857708,9.202376,0.074739814,2.3498697,4.295326,8.181169
2,334,335.0,10.0,1.0,1.0,316.0,1.0,1.0,1.0,0.9613265,1.0,-0.0,0.0,-4.6467967e-06,-0.038668882,0.43233895,4.132028,1.0316334,5.2437854,0.9276894,7.076347,0.0,5.5746064,-4.4089446,0.6018519,95.21913,1.0,0.0,0.0,1.0,0.0,0,6.586609,3.9118283,1.734715,0.0,4.1662984,7.908639,0.0,0.7966041,0.19831859,8.558494
3,334,335.0,10.0,1.0,1.0,316.0,1.0,1.0,1.0,0.9211405,1.0,-0.0,0.0,-5.426622e-06,-0.078854084,0.45493618,4.116519,1.1946863,5.1005826,0.8713244,8.271097,0.0,6.080444,-3.5050159,0.5833333,95.23856,1.0,0.0,0.0,1.0,0.0,0,6.2749143,3.6082058,2.320171,0.0,3.5699663,8.261675,0.0,1.0058349,0.052586075,5.589332
0,335,336.0,10.0,1.0,1.0,317.0,1.0,1.0,1.0,0.93412405,1.0,-0.0,0.0,-4.032529e-06,-0.06587188,0.45521483,4.0652246,1.1192116,6.909135,0.83240896,7.043177,0.0,5.3715153,-4.542811,0.5694444,94.52449,1.0,0.0,0.0,1.0,0.0,0,6.4116774,3.6756816,1.7588944,0.0,4.0863338,7.383739,0.0,1.3550466,0.73748153,8.045744
1,335,336.0,10.0,1.0,1.0,317.0,1.0,1.0,1.0,0.9011662,1.0,-0.0,0.0,-5.62012e-06,-0.09882822,0.50491166,3.4460034,0.8135327,6.4446716,1.5980028,8.885091,0.0,5.338655,-5.115997,0.5972222,93.40841,1.0,0.0,0.0,1.0,0.0,0,8.60281,7.293486,0.22352447,0.0,3.8376698,9.402584,0.0035239852,2.554938,3.8783238,7.9232006
2,335,336.0,10.0,1.0,1.0,317.0,1.0,1.0,1.0,0.96199006,1.0,-0.0,0.0,-3.4974862e-06,-0.03800644,0.42368883,4.1373825,1.0322243,5.276235,0.9309557,7.0041504,0.0,5.6300883,-4.568329,0.6018519,95.23622,1.0,0.0,0.0,1.0,0.0,0,6.4320974,3.6996715,1.7689925,0.0,4.2107973,7.9145455,0.0,0.7214642,0.23721838,8.484792
3,335,336.0,10.0,1.0,1.0,317.0,1.0,1.0,1.0,0.9212154,1.0,-0.0,0.0,-3.69063e-06,-0.078780904,0.44915453,4.1112394,1.2007887,5.0915184,0.87382364,8.220938,0.0,5.9875274,-3.6794655,0.5833333,95.24431,1.0,0.0,0.0,1.0,0.0,0,6.225267,3.6132827,2.345804,0.0,3.5033026,8.24802,0.0,0.94107693,0.11054624,5.5340147
0,336,337.0,10.0,1.0,1.0,318.0,1.0,1.0,1.0,0.92970955,1.0,-0.0,0.0,-4.735481e-06,-0.07028575,0.28658098,4.2587614,1.129504,6.786421,0.7757126,7.4307227,0.0,5.3025255,-4.5188775,0.5694444,94.737335,1.0,0.0,0.0,1.0,0.0,0,6.8229322,3.7289207,1.5500664,0.0,5.7041345,7.3471966,0.0,0.5615564,0.6531206,7.573626
1,336,337.0,10.0,1.0,1.0,318.0,1.0,1.0,1.0,0.9050419,1.0,-0.0,0.0,-4.8000547e-06,-0.09495328,0.30195975,3.6043735,0.81951416,6.4100695,1.5716169,9.247277,0.0,5.542205,-5.6360216,0.6018519,93.5976,1.0,0.0,0.0,1.0,0.0,0,8.917515,6.508787,0.15309046,0.0,5.8697286,8.884256,0.0,1.4618189,3.355957,7.479547
2,336,337.0,10.0,1.0,1.0,318.0,1.0,1.0,1.0,0.9559782,1.0,-0.0,0.0,-4.22354e-06,-0.044017576,0.2524592,4.344906,1.0376898,5.16086,0.877108,7.3583803,0.0,5.593699,-4.5811386,0.6018519,95.46256,1.0,0.0,0.0,1.0,0.0,0,7.0155993,3.8055363,1.7767884,0.0,5.098086,7.6777315,0.0,0.16299303,0.17904738,8.141238
3,336,337.0,10.0,1.0,1.0,318.0,1.0,1.0,1.0,0.91467524,1.0,-0.0,0.0,-4.7251e-06,-0.08532008,0.2503805,4.314256,1.2132946,4.9256654,0.83315486,8.519494,0.0,5.818272,-4.3380504,0.5833333,95.46647,1.0,0.0,0.0,1.0,0.0,0,5.4965863,3.9750438,2.3190649,0.0,5.366287,7.121691,0.0,0.242258,0.0,5.3014235
0,337,338.0,10.0,1.0,1.0,319.0,1.0,1.0,1.0,0.9350625,1.0,-0.0,0.0,-4.0164296e-06,-0.064933494,0.4118759,4.113389,1.1358289,6.7495084,0.7877911,7.1465,0.0,4.968973,-4.028676,0.5694444,94.87264,1.0,0.0,0.0,1.0,0.0,0,6.530422,3.6899679,1.8845141,0.0,4.1347136,7.3380456,0.0,1.3139434,0.8795877,7.8468494
1,337,338.0,10.0,1.0,1.0,319.0,1.0,1.0,1.0,0.90358627,1.0,-0.0,0.0,-4.7961494e-06,-0.096408986,0.43908134,3.4203694,0.82090807,6.489595,1.5654596,9.294943,0.0,5.6597733,-4.6803484,0.6018519,93.76755,1.0,0.0,0.0,1.0,0.0,0,8.845196,7.124101,0.17449051,0.0,4.0395455,8.855855,0.0,2.1343384,3.644842,7.593374
2,337,338.0,10.0,1.0,1.0,319.0,1.0,1.0,1.0,0.9587561,1.0,-0.0,0.0,-3.858329e-06,-0.04124001,0.39618164,4.2029543,1.0388666,5.1497726,0.8743083,7.1829004,0.0,5.443377,-3.6637187,0.6018519,95.58936,1.0,0.0,0.0,1.0,0.0,0,6.572579,3.771321,1.8183874,0.0,4.1731443,7.6990166,0.0,0.39397424,0.10664028,8.167242
3,337,338.0,10.0,1.0,1.0,319.0,1.0,1.0,1.0,0.9170597,1.0,-0.0,0.0,-4.14215e-06,-0.082936145,0.41753834,4.185662,1.2124287,4.8689127,0.8547866,8.382953,0.0,5.6445165,-3.370989,0.5833333,95.574196,1.0,0.0,0.0,1.0,0.0,0,6.3086886,3.7082102,2.3813748,0.0,3.5731409,8.386312,0.0,1.1548479,0.20005699,5.6375556
0,338,339.0,10.0,1.0,1.0,320.0,1.0,1.0,1.0,0.935544,1.0,-0.0,0.0,-5.7621683e-06,-0.064450234,0.38783476,4.1126904,1.1346918,6.79288,0.7899852,7.074133,0.0,5.0450788,-4.3294373,0.5694444,94.89629,1.0,0.0,0.0,1.0,0.0,0,6.557203,3.7356224,1.8063556,0.0,4.130557,7.2784104,0.0,1.205909,0.751342,7.7626624
1,338,339.0,10.0,1.0,1.0,320.0,1.0,1.0,1.0,0.8996926,1.0,-0.0,0.0,-5.5826804e-06,-0.1003018,0.4763525,3.402886,0.83111125,6.5324125,1.5534973,9.485695,0.0,5.5342426,-4.177086,0.6018519,93.81676,1.0,0.0,0.0,1.0,0.0,0,9.013071,7.285766,0.23940732,0.0,4.022109,9.139499,0.0,1.7151634,3.4790359,7.3708644
2,338,339.0,10.0,1.0,1.0,320.0,1.0,1.0,1.0,0.9603493,1.0,-0.0,0.0,-5.508522e-06,-0.039645188,0.37956685,4.195793,1.0399169,5.21594,0.87254417,7.0793343,0.0,5.53941,-3.8254633,0.6018519,95.60736,1.0,0.0,0.0,1.0,0.0,0,6.534002,3.707245,1.8116581,0.0,4.211893,7.753726,0.0,0.4597245,0.15088996,8.170796
3,338,339.0,10.0,1.0,1.0,320.0,1.0,1.0,1.0,0.9194172,1.0,-0.0,0.0,-5.9358345e-06,-0.080576845,0.36066657,4.181479,1.2079128,4.9263015,0.86510086,8.275264,0.0,5.809878,-4.0673485,0.5833333,95.594444,1.0,0.0,0.0,1.0,0.0,0,6.255076,3.6219108,2.3120525,0.0,3.6045952,8.249637,0.0,1.014542,0.122623555,5.486833
0,339,340.0,10.0,1.0,1.0,321.0,1.0,1.0,1.0,0.9362979,1.0,-0.0,0.0,-4.071849e-06,-0.06369806,0.37094802,4.0911646,1.1316142,6.831163,0.7912005,6.99072,0.0,5.169224,-4.58101,0.5694444,94.908066,1.0,0.0,0.0,1.0,0.0,0,6.4762363,3.644925,1.8031511,0.0,4.112889,7.274437,0.0,1.0846831,0.8234749,7.6320605
1,339,340.0,10.0,1.0,1.0,321.0,1.0,1.0,1.0,0.89919066,1.0,-0.0,0.0,-5.135079e-06,-0.100804225,0.5010605,3.3696852,0.83639735,6.509836,1.5478865,9.538416,0.0,5.355439,-4.0393677,0.6018519,93.84827,1.0,0.0,0.0,1.0,0.0,0,9.090293,7.344185,0.2680869,0.0,4.057906,8.976354,0.0,2.0105495,3.8474615,7.3679786
2,339,340.0,10.0,1.0,1.0,321.0,1.0,1.0,1.0,0.96185756,1.0,-0.0,0.0,-3.7993752e-06,-0.03813863,0.3876336,4.1834173,1.0386944,5.272672,0.87369734,6.9981093,0.0,5.6379848,-3.7991796,0.6018519,95.629105,1.0,0.0,0.0,1.0,0.0,0,6.476435,3.6059318,1.8331693,0.0,4.213382,7.780102,0.0,0.4104619,0.19822079,8.111773
3,339,340.0,10.0,1.0,1.0,321.0,1.0,1.0,1.0,0.9216063,1.0,-0.0,0.0,-3.6765e-06,-0.078390025,0.36298966,4.171137,1.2019389,4.9813013,0.8719045,8.188859,0.0,5.939867,-4.2304044,0.5833333,95.628,1.0,0.0,0.0,1.0,0.0,0,6.271858,3.5503142,2.3392477,0.0,3.5701182,8.191779,0.0,0.8850876,0.20438538,5.4056416
0,340,341.0,10.0,1.0,1.0,322.0,1.0,1.0,1.0,0.9374802,1.0,-0.0,0.0,-4.513665e-06,-0.062515266,0.37014484,4.0650563,1.1292405,6.838268,0.7900288,6.9126477,0.0,5.255497,-4.60322,0.5694444,94.91399,1.0,0.0,0.0,1.0,0.0,0,6.417281,3.4566438,1.8548229,0.0,4.308839,7.312015,0.0,0.79869866,0.87895113,7.4912925
1,340,341.0,10.0,1.0,1.0,322.0,1.0,1.0,1.0,0.8989016,1.0,-0.0,0.0,-5.302184e-06,-0.10109312,0.527424,3.3609617,0.83775806,6.512723,1.546407,9.552863,0.0,5.3258295,-3.8256683,0.6018519,93.87759,1.0,0.0,0.0,1.0,0.0,0,9.085608,7.3398876,0.25271514,0.0,4.0748105,9.081643,0.0,2.0784516,4.064646,7.311129
2,340,341.0,10.0,1.0,1.0,322.0,1.0,1.0,1.0,0.9634599,1.0,-0.0,0.0,-4.17704e-06,-0.036535934,0.39175415,4.157493,1.0357131,5.2555676,0.8739872,6.924307,0.0,5.742111,-3.6977212,0.6018519,95.6442,1.0,0.0,0.0,1.0,0.0,0,6.4932837,3.6266353,1.8135543,0.0,4.2578554,7.7814684,0.0,0.39292613,0.24748515,8.068158
3,340,341.0,10.0,1.0,1.0,322.0,1.0,1.0,1.0,0.9242665,1.0,-0.0,0.0,-4.5731786e-06,-0.075728916,0.34001952,4.136748,1.1985252,5.0132623,0.8787548,8.054795,0.0,6.0320516,-4.634177,0.5833333,95.63237,1.0,0.0,0.0,1.0,0.0,0,6.233763,3.4419792,2.3679676,0.0,3.645719,7.936194,0.0,0.70913154,0.23930497,5.379143
0,341,342.0,10.0,1.0,1.0,323.0,1.0,1.0,1.0,0.93907976,1.0,-0.0,0.0,-4.037092e-06,-0.060916193,0.3738962,4.0404754,1.1312758,6.838268,0.7891774,6.816703,0.0,5.242431,-4.599152,0.5694444,94.921234,1.0,0.0,0.0,1.0,0.0,0,6.4252825,3.444376,1.8942071,0.0,4.2515225,7.2901354,0.0,0.8496343,0.9459044,7.3949428
1,341,342.0,10.0,1.0,1.0,323.0,1.0,1.0,1.0,0.898445,1.0,-0.0,0.0,-5.4035286e-06,-0.101549536,0.52420646,3.348836,0.8365032,6.532892,1.5458355,9.560079,0.0,5.4276586,-3.7937062,0.6018519,93.900665,1.0,0.0,0.0,1.0,0.0,0,9.113971,7.3630896,0.21725291,0.0,4.111163,9.271026,0.0,2.1239462,4.0469627,7.289609
2,341,342.0,10.0,1.0,1.0,323.0,1.0,1.0,1.0,0.9646606,1.0,-0.0,0.0,-3.8277117e-06,-0.03533561,0.39131343,4.1503763,1.0309491,5.2619696,0.8749142,6.858166,0.0,5.8974414,-3.6324804,0.6018519,95.67938,1.0,0.0,0.0,1.0,0.0,0,6.5231514,3.6635344,1.809026,0.0,4.2146196,7.8268504,0.0,0.3664349,0.3006626,8.015501
3,341,342.0,10.0,1.0,1.0,323.0,1.0,1.0,1.0,0.9253551,1.0,-0.0,0.0,-3.4943464e-06,-0.074641414,0.35193115,4.120552,1.1996207,5.0113873,0.88175935,7.981329,0.0,6.030427,-4.5738072,0.5833333,95.65281,1.0,0.0,0.0,1.0,0.0,0,6.2831283,3.4853945,2.3632925,0.0,3.6503093,8.037785,0.0,0.6415563,0.27133986,5.325753
0,342,343.0,10.0,1.0,1.0,324.0,1.0,1.0,1.0,0.94070435,1.0,-0.0,0.0,-4.484865e-06,-0.059291154,0.37658995,4.0103617,1.1317847,6.8284116,0.7891807,6.729057,0.0,5.240637,-4.601803,0.5694444,94.92412,1.0,0.0,0.0,1.0,0.0,0,6.4282823,3.411267,1.8950706,0.0,4.283435,7.2910566,0.0,0.75850487,0.9794433,7.3037467
1,342,343.0,10.0,1.0,1.0,324.0,1.0,1.0,1.0,0.89716375,1.0,-0.0,0.0,-4.9127784e-06,-0.10283137,0.53130317,3.3464599,0.8335934,6.566132,1.545081,9.603749,0.0,5.5737276,-3.606079,0.6018519,93.92851,1.0,0.0,0.0,1.0,0.0,0,9.154941,7.3832626,0.2113047,0.0,4.0978093,9.033393,0.0,1.7689316,3.622121,7.268428
2,342,343.0,10.0,1.0,1.0,324.0,1.0,1.0,1.0,0.9647855,1.0,-0.0,0.0,-4.0624077e-06,-0.035210457,0.38575232,4.1267343,1.0283252,5.3242445,0.87511325,6.788382,0.0,6.0346837,-3.6795661,0.6018519,95.690704,1.0,0.0,0.0,1.0,0.0,0,6.440441,3.5209963,1.8580596,0.0,4.259328,7.8368993,0.0,0.35014302,0.31065005,7.978609
3,342,343.0,10.0,1.0,1.0,324.0,1.0,1.0,1.0,0.92648005,1.0,-0.0,0.0,-4.529846e-06,-0.07351544,0.35020298,4.08106,1.1994166,4.985543,0.8834935,7.915301,0.0,5.9918475,-4.6582017,0.5833333,95.66139,1.0,0.0,0.0,1.0,0.0,0,6.2607594,3.4260213,2.403767,0.0,3.6403737,7.967429,0.0,0.60698694,0.21818516,5.3201036
0,343,344.0,10.0,1.0,1.0,325.0,1.0,1.0,1.0,0.93691385,1.0,-0.0,0.0,-4.2166394e-06,-0.06308191,0.29183143,4.257935,1.1374418,6.715543,0.7366122,7.0693707,0.0,5.237757,-4.3376255,0.5694444,95.211945,1.0,0.0,0.0,1.0,0.0,0,6.4869604,3.3564563,1.9028416,0.0,4.844238,7.3251443,0.0,0.41838542,0.85166824,7.1604786
1,343,344.0,10.0,1.0,1.0,325.0,1.0,1.0,1.0,0.8944995,1.0,-0.0,0.0,-4.977817e-06,-0.10549551,0.33834612,3.6299832,0.83138746,6.5992045,1.5414882,9.730525,0.0,5.729844,-5.1038556,0.6018519,94.266945,1.0,0.0,0.0,1.0,0.0,0,9.163177,7.375496,0.20573469,0.0,4.1375003,9.584618,0.0,1.8515716,4.0377398,7.1270075
2,343,344.0,10.0,1.0,1.0,325.0,1.0,1.0,1.0,0.9648998,1.0,-0.0,0.0,-3.7738703e-06,-0.03509646,0.25552586,4.3967466,1.035928,5.2997766,0.8505322,6.80601,0.0,6.0391326,-4.594637,0.6018519,95.999886,1.0,0.0,0.0,1.0,0.0,0,6.8117,3.7166054,1.9826547,0.0,4.0834293,8.020118,0.0,0.0,0.52262956,8.019085
3,343,344.0,10.0,1.0,1.0,325.0,1.0,1.0,1.0,0.92026526,1.0,-0.0,0.0,-3.688535e-06,-0.07973106,0.27453154,4.331682,1.21152,4.8048143,0.8406146,8.197464,0.0,5.810249,-4.193035,0.5833333,95.949646,1.0,0.0,0.0,1.0,0.0,0,6.7360682,3.8451166,2.284355,0.0,3.9909697,8.140058,0.0,0.36430034,0.0,5.9840035
0,344,345.0,10.0,1.0,1.0,326.0,1.0,1.0,1.0,0.94223577,1.0,-0.0,0.0,-4.6962223e-06,-0.057759516,0.38673207,4.066436,1.1477805,6.6940517,0.7525952,6.771518,0.0,4.903047,-4.1244755,0.5694444,95.38892,1.0,0.0,0.0,1.0,0.0,0,6.4592996,3.4087896,2.017514,0.0,4.186321,7.182521,0.0,0.7085443,0.9110857,7.023221
1,344,345.0,10.0,1.0,1.0,326.0,1.0,1.0,1.0,0.8937976,1.0,-0.0,0.0,-4.5365578e-06,-0.10619789,0.49814022,3.4567666,0.8287736,6.5995603,1.5401208,9.772312,0.0,5.8003902,-3.6593714,0.6018519,94.41332,1.0,0.0,0.0,1.0,0.0,0,9.213678,7.364373,0.24009724,0.0,4.114765,9.37241,0.0,1.9639702,4.3973627,7.0029573
2,344,345.0,10.0,1.0,1.0,326.0,1.0,1.0,1.0,0.96813434,1.0,-0.0,0.0,-4.8525276e-06,-0.031860817,0.383864,4.2023563,1.04291,5.260928,0.87392926,6.5898232,0.0,5.9096274,-3.5857177,0.6018519,96.16782,1.0,0.0,0.0,1.0,0.0,0,6.5961566,3.5282435,1.9838191,0.0,4.271418,7.8545103,0.0,0.2273902,0.3217116,7.8941627
3,344,345.0,10.0,1.0,1.0,326.0,1.0,1.0,1.0,0.9224533,1.0,-0.0,0.0,-5.2748333e-06,-0.07754146,0.39104706,4.1328287,1.2296739,4.6369863,0.8723852,7.929933,0.0,5.3387284,-3.7618744,0.5833333,96.13145,1.0,0.0,0.0,1.0,0.0,0,6.3600717,3.6107063,2.5142457,0.0,3.6916866,8.026228,0.0,0.6368966,0.16112953,5.3440037
0,345,346.0,10.0,1.0,1.0,327.0,1.0,1.0,1.0,0.94399095,1.0,-0.0,0.0,-4.825751e-06,-0.05600425,0.37282035,4.0947237,1.1461053,6.747535,0.7538997,6.6127186,0.0,5.020944,-4.403336,0.5694444,95.44765,1.0,0.0,0.0,1.0,0.0,0,6.46583,3.3798792,1.9221666,0.0,4.3895836,7.1862607,0.0,0.45177856,0.92089695,6.8692517
1,345,346.0,10.0,1.0,1.0,327.0,1.0,1.0,1.0,0.892428,1.0,-0.0,0.0,-5.384754e-06,-0.10756665,0.50169754,3.4788306,0.8297255,6.655098,1.5389854,9.7989,0.0,5.9451447,-3.457534,0.6018519,94.462105,1.0,0.0,0.0,1.0,0.0,0,9.219588,7.360033,0.2196149,0.0,4.1997814,9.546602,0.0,2.0696163,4.569529,6.9650583
2,345,346.0,10.0,1.0,1.0,327.0,1.0,1.0,1.0,0.96836144,1.0,-0.0,0.0,-4.2318084e-06,-0.031634312,0.39370358,4.223788,1.0460353,5.3521123,0.8748982,6.545945,0.0,6.007531,-3.4583826,0.6018519,96.22067,1.0,0.0,0.0,1.0,0.0,0,7.1621943,3.3585973,1.9566422,0.0,3.7318196,7.9780254,0.0,0.27589914,0.5381522,7.867104
3,345,346.0,10.0,1.0,1.0,327.0,1.0,1.0,1.0,0.92556864,1.0,-0.0,0.0,-4.1417125e-06,-0.07442725,0.38062,4.1687617,1.222826,4.6754904,0.8758855,7.794439,0.0,5.4667635,-3.9662588,0.5833333,96.203,1.0,0.0,0.0,1.0,0.0,0,6.377933,3.63766,2.402246,0.0,3.6296732,8.050789,0.0,0.62843525,0.24710013,5.178064
0,346,347.0,10.0,1.0,1.0,328.0,1.0,1.0,1.0,0.94445574,1.0,-0.0,0.0,-4.477287e-06,-0.055539817,0.37133768,4.065518,1.143346,6.7513647,0.7525645,6.5810237,0.0,5.074353,-4.4122014,0.5694444,95.45483,1.0,0.0,0.0,1.0,0.0,0,6.382436,3.2355685,1.9856328,0.0,4.337122,7.2576165,0.0,0.48914307,1.0659446,6.9259224
1,346,347.0,10.0,1.0,1.0,328.0,1.0,1.0,1.0,0.8921368,1.0,-0.0,0.0,-4.7720314e-06,-0.107858405,0.5056303,3.4718554,0.8281393,6.6590977,1.5391141,9.812406,0.0,6.0216436,-3.3350837,0.6018519,94.477745,1.0,0.0,0.0,1.0,0.0,0,9.242012,7.3756924,0.23818433,0.0,4.1867294,9.646538,0.0,2.120109,4.726332,6.9091125
2,346,347.0,10.0,1.0,1.0,328.0,1.0,1.0,1.0,0.9686592,1.0,-0.0,0.0,-5.119977e-06,-0.03133567,0.37806928,4.1702366,1.0540861,5.350942,0.87493753,6.474494,0.0,5.914932,-3.6292217,0.6018519,96.25956,1.0,0.0,0.0,1.0,0.0,0,6.5029016,3.2767045,2.1109715,0.0,4.1605644,7.9088316,0.0,0.28506082,0.47638255,7.822661
3,346,347.0,10.0,1.0,1.0,328.0,1.0,1.0,1.0,0.9285406,1.0,-0.0,0.0,-4.684425e-06,-0.07145472,0.35071447,4.134644,1.2095231,4.7421618,0.87676,7.7158594,0.0,5.720396,-4.2889996,0.5833333,96.218185,1.0,0.0,0.0,1.0,0.0,0,6.325971,3.4004045,2.3931544,0.0,3.74538,8.031976,0.0,0.45005253,0.35512593,5.121257
0,347,348.0,10.0,1.0,1.0,329.0,1.0,1.0,1.0,0.94618213,1.0,-0.0,0.0,-4.1840644e-06,-0.05381369,0.36933088,4.054927,1.1428705,6.7207885,0.7477908,6.508032,0.0,5.112627,-4.4130116,0.5694444,95.46368,1.0,0.0,0.0,1.0,0.0,0,6.3905625,3.2591,1.9976015,0.0,4.3966985,7.2422013,0.0,0.4806296,1.1222261,6.7610617
1,347,348.0,10.0,1.0,1.0,329.0,1.0,1.0,1.0,0.8903878,1.0,-0.0,0.0,-4.857966e-06,-0.10960736,0.5117618,3.4668655,0.8268072,6.66803,1.5357379,9.908411,0.0,6.096896,-3.1643147,0.6018519,94.49698,1.0,0.0,0.0,1.0,0.0,0,9.223983,7.3362293,0.25095895,0.0,4.2227592,9.3640785,0.0,1.776554,4.9004416,6.6826644
2,347,348.0,10.0,1.0,1.0,329.0,1.0,1.0,1.0,0.96875095,1.0,-0.0,0.0,-3.338731e-06,-0.031245725,0.41109025,4.166691,1.0600528,5.3789625,0.87666726,6.424347,0.0,5.856384,-3.368089,0.6018519,96.27818,1.0,0.0,0.0,1.0,0.0,0,6.4501624,3.1548126,2.176994,0.0,4.188422,7.959597,0.0,0.21368776,0.6287345,7.73031
3,347,348.0,10.0,1.0,1.0,329.0,1.0,1.0,1.0,0.93056566,1.0,-0.0,0.0,-3.80477e-06,-0.06943053,0.34809336,4.136681,1.2046942,4.8347025,0.87533444,7.630625,0.0,5.9210596,-4.3086066,0.5833333,96.2535,1.0,0.0,0.0,1.0,0.0,0,6.440095,3.4984856,2.4496894,0.0,3.5012047,8.005655,0.0,0.4957346,0.33118996,5.113761
0,348,349.0,10.0,1.0,1.0,330.0,1.0,1.0,1.0,0.9479719,1.0,-0.0,0.0,-4.171385e-06,-0.05202394,0.36633724,4.050903,1.1433674,6.6787086,0.74650663,6.442727,0.0,5.1236143,-4.4117656,0.5694444,95.46588,1.0,0.0,0.0,1.0,0.0,0,6.411574,3.2818441,2.0054004,0.0,4.375102,7.285931,0.0,0.4582143,1.2022083,6.69945
1,348,349.0,10.0,1.0,1.0,330.0,1.0,1.0,1.0,0.8884745,1.0,-0.0,0.0,-4.7010944e-06,-0.11152078,0.51021427,3.4716182,0.8258252,6.6804667,1.5301739,10.010779,0.0,6.1812024,-2.9931934,0.6018519,94.517395,1.0,0.0,0.0,1.0,0.0,0,9.2539015,7.3432074,0.26331264,0.0,4.23314,9.518502,0.0,1.8412626,5.0856943,6.656786
2,348,349.0,10.0,1.0,1.0,330.0,1.0,1.0,1.0,0.9687965,1.0,-0.0,0.0,-4.9037876e-06,-0.031198643,0.38501507,4.1356,1.0712776,5.4243317,0.87680155,6.3373356,0.0,5.799748,-3.6394856,0.6018519,96.31464,1.0,0.0,0.0,1.0,0.0,0,6.843866,3.4494574,2.2997336,0.0,3.862882,7.9141555,0.0,0.23099844,0.5430421,7.680999
3,348,349.0,10.0,1.0,1.0,330.0,1.0,1.0,1.0,0.9318194,1.0,-0.0,0.0,-4.6926925e-06,-0.0681759,0.34215748,4.128511,1.2012615,4.846186,0.8756758,7.5810914,0.0,5.9993024,-4.318974,0.5833333,96.25909,1.0,0.0,0.0,1.0,0.0,0,6.382492,3.3851795,2.4473665,0.0,3.7451828,8.072925,0.0,0.49811628,0.45206234,4.960112
0,349,350.0,10.0,1.0,1.0,331.0,1.0,1.0,1.0,0.94998133,1.0,-0.0,0.0,-4.258021e-06,-0.05001443,0.36736166,4.0626764,1.1431315,6.649212,0.745617,6.351653,0.0,5.1442227,-4.4125757,0.5694444,95.47973,1.0,0.0,0.0,1.0,0.0,0,6.4548826,3.3478386,1.9902081,0.0,4.3596063,7.3125362,0.0,0.44686735,1.3014873,6.60468
1,349,350.0,10.0,1.0,1.0,331.0,1.0,1.0,1.0,0.88777256,1.0,-0.0,0.0,-4.8507954e-06,-0.11222263,0.5137846,3.4944832,0.82496107,6.6987295,1.5296897,10.034627,0.0,6.265004,-2.8702245,0.6018519,94.54188,1.0,0.0,0.0,1.0,0.0,0,9.260892,7.3367915,0.25977865,0.0,4.2559905,9.650585,0.0,1.9416888,5.275653,6.608299
2,349,350.0,10.0,1.0,1.0,331.0,1.0,1.0,1.0,0.9687398,1.0,-0.0,0.0,-3.7568223e-06,-0.031256415,0.41885042,4.1494584,1.0793196,5.4559956,0.8771249,6.280487,0.0,5.7308707,-3.3290322,0.6018519,96.32952,1.0,0.0,0.0,1.0,0.0,0,6.616997,3.1207266,2.2510116,0.0,4.0917807,7.9543133,0.0,0.16888595,0.658049,7.609897
3,349,350.0,10.0,1.0,1.0,331.0,1.0,1.0,1.0,0.9338084,1.0,-0.0,0.0,-3.86899e-06,-0.06618772,0.35834497,4.1502147,1.1985286,4.8807964,0.8766467,7.4822974,0.0,6.062362,-4.2312293,0.5833333,96.29051,1.0,0.0,0.0,1.0,0.0,0,6.398526,3.4364967,2.4328034,0.0,3.6573455,8.040092,0.0,0.5936068,0.44355574,4.8721094
0,350,351.0,10.0,1.0,1.0,332.0,1.0,1.0,1.0,0.95072144,1.0,-0.0,0.0,-4.3302734e-06,-0.049274214,0.36664718,4.0723248,1.1429724,6.6536856,0.7448387,6.3027663,0.0,5.173695,-4.413166,0.5694444,95.48369,1.0,0.0,0.0,1.0,0.0,0,6.449792,3.2342224,2.0721722,0.0,4.384887,7.3497987,0.0,0.36799002,1.3568685,6.5208006
1,350,351.0,10.0,1.0,1.0,332.0,1.0,1.0,1.0,0.88729036,1.0,-0.0,0.0,-4.9108535e-06,-0.11270478,0.50615406,3.5183463,0.8242028,6.707842,1.5298605,10.054444,0.0,6.3337593,-2.8618238,0.6018519,94.56331,1.0,0.0,0.0,1.0,0.0,0,9.27243,7.3201146,0.27905953,0.0,4.279064,9.765339,0.0,2.0161335,5.3849483,6.5462494
2,350,351.0,10.0,1.0,1.0,332.0,1.0,1.0,1.0,0.970014,1.0,-0.0,0.0,-4.819965e-06,-0.02998121,0.388553,4.133152,1.0875069,5.5096903,0.88249147,6.1425705,0.0,5.691818,-3.8091893,0.6018519,96.360306,1.0,0.0,0.0,1.0,0.0,0,6.87923,3.227672,2.1993308,0.0,3.855228,7.8581533,0.0,0.103829764,0.6054225,7.525276
3,350,351.0,10.0,1.0,1.0,332.0,1.0,1.0,1.0,0.9353958,1.0,-0.0,0.0,-4.685574e-06,-0.06459951,0.34670532,4.140742,1.1978426,4.8936124,0.8775088,7.3921504,0.0,6.1210613,-4.3466043,0.5833333,96.307,1.0,0.0,0.0,1.0,0.0,0,6.4126716,3.420413,2.4185944,0.0,3.8030212,8.005455,0.0,0.5436989,0.40601254,4.9269485
0,351,352.0,10.0,1.0,1.0,333.0,1.0,1.0,1.0,0.95282614,1.0,-0.0,0.0,-4.194004e-06,-0.047169693,0.36730394,4.093415,1.1436404,6.6204123,0.7440517,6.2097683,0.0,5.1845903,-4.41261,0.5694444,95.494774,1.0,0.0,0.0,1.0,0.0,0,6.4313555,3.2656164,2.0443327,0.0,4.382647,7.3588185,0.0,0.37415117,1.4483342,6.4219937
1,351,352.0,10.0,1.0,1.0,333.0,1.0,1.0,1.0,0.8893406,1.0,-0.0,0.0,-4.7818476e-06,-0.11065463,0.49923027,3.5541124,0.81953603,6.5666094,1.5302637,10.072667,0.0,6.341091,-2.852264,0.6018519,94.588844,1.0,0.0,0.0,1.0,0.0,0,9.096501,6.956485,0.2961329,0.0,4.1203213,9.868593,0.0,2.0718665,5.5698895,6.489207
2,351,352.0,10.0,1.0,1.0,333.0,1.0,1.0,1.0,0.9711964,1.0,-0.0,0.0,-3.927672e-06,-0.028799681,0.39380565,4.1614423,1.0908688,5.467035,0.88705087,6.046464,0.0,5.6835823,-3.8006892,0.6018519,96.38517,1.0,0.0,0.0,1.0,0.0,0,7.172962,3.7497506,2.137302,0.0,3.6978617,7.8716626,0.0,0.0,0.71829224,7.38425
3,351,352.0,10.0,1.0,1.0,333.0,1.0,1.0,1.0,0.9371219,1.0,-0.0,0.0,-3.5021774e-06,-0.062874556,0.35684705,4.1700625,1.1966829,4.8825607,0.87907195,7.297351,0.0,6.09889,-4.343015,0.5833333,96.32958,1.0,0.0,0.0,1.0,0.0,0,6.397782,3.41364,2.4477851,0.0,3.7042348,7.967869,0.0,0.5600408,0.47558215,4.833367
0,352,353.0,10.0,1.0,1.0,334.0,1.0,1.0,1.0,0.954909,1.0,-0.0,0.0,-4.246267e-06,-0.04508674,0.36585256,4.1088448,1.1440678,6.582808,0.7436316,6.1223955,0.0,5.205599,-4.414364,0.5694444,95.498566,1.0,0.0,0.0,1.0,0.0,0,6.46806,3.2929888,2.0562634,0.0,4.3974166,7.36636,0.0,0.3292564,1.4959407,6.3193283
1,352,353.0,10.0,1.0,1.0,334.0,1.0,1.0,1.0,0.8893957,1.0,-0.0,0.0,-5.1131856e-06,-0.110599175,0.4693173,3.6058948,0.81112534,6.543073,1.5304376,10.092876,0.0,6.5067425,-3.2011666,0.6018519,94.62887,1.0,0.0,0.0,1.0,0.0,0,9.181438,6.957222,0.19854788,0.0,4.1447587,9.963031,0.0,2.1233706,5.7341833,6.442837
2,352,353.0,10.0,1.0,1.0,334.0,1.0,1.0,1.0,0.97218466,1.0,-0.0,0.0,-4.621769e-06,-0.027810715,0.36445186,4.163099,1.0934198,5.460442,0.88799477,5.9679937,0.0,5.692369,-4.1371584,0.6018519,96.40048,1.0,0.0,0.0,1.0,0.0,0,6.841481,3.3319054,2.2141268,0.0,3.9866116,7.8245,0.0,0.0,0.68468237,7.312975
3,352,353.0,10.0,1.0,1.0,334.0,1.0,1.0,1.0,0.9383434,1.0,-0.0,0.0,-4.4917138e-06,-0.061652154,0.35233462,4.1686583,1.1973925,4.8746977,0.87938046,7.2186847,0.0,6.1112204,-4.36059,0.5833333,96.344795,1.0,0.0,0.0,1.0,0.0,0,6.400787,3.3650224,2.4513667,0.0,3.8097248,7.950981,0.0,0.51162004,0.43356094,4.889521
0,353,354.0,10.0,1.0,1.0,335.0,1.0,1.0,1.0,0.95614666,1.0,-0.0,0.0,-4.1272197e-06,-0.043849252,0.3606029,4.1397605,1.1397634,6.57388,0.7428858,6.057074,0.0,5.3501315,-4.4222345,0.5694444,95.52262,1.0,0.0,0.0,1.0,0.0,0,6.441109,3.272017,2.0188103,0.0,4.3826966,7.394287,0.0,0.27910912,1.5611625,6.2134786
1,353,354.0,10.0,1.0,1.0,335.0,1.0,1.0,1.0,0.8866207,1.0,-0.0,0.0,-4.7029957e-06,-0.1133746,0.45434946,3.634896,0.8070406,6.539961,1.5252862,10.262514,0.0,6.6290383,-3.4003398,0.6018519,94.64731,1.0,0.0,0.0,1.0,0.0,0,9.210213,6.938889,0.23774831,0.0,4.130839,9.904459,0.0,1.6578268,5.737458,6.1748223
2,353,354.0,10.0,1.0,1.0,335.0,1.0,1.0,1.0,0.9719649,1.0,-0.0,0.0,-3.7966172e-06,-0.028031267,0.37217438,4.1913023,1.0955167,5.467178,0.8850179,5.9655004,0.0,5.700867,-4.0088005,0.6018519,96.41725,1.0,0.0,0.0,1.0,0.0,0,6.8519645,3.330087,2.221962,0.0,3.950381,7.8753147,0.0,0.0,0.77680063,7.241171
3,353,354.0,10.0,1.0,1.0,335.0,1.0,1.0,1.0,0.93974614,1.0,-0.0,0.0,-3.4289712e-06,-0.06025037,0.3698278,4.197688,1.1978508,4.8779087,0.8807636,7.1311407,0.0,6.1215734,-4.20612,0.5833333,96.36692,1.0,0.0,0.0,1.0,0.0,0,6.4577484,3.4423912,2.4576135,0.0,3.6797721,7.905204,0.0,0.5453956,0.51221913,4.776262
0,354,355.0,10.0,1.0,1.0,336.0,1.0,1.0,1.0,0.957523,1.0,-0.0,0.0,-4.233641e-06,-0.042472776,0.35795718,4.155995,1.1390073,6.5428343,0.7419673,6.0055313,0.0,5.384778,-4.42286,0.5694444,95.52633,1.0,0.0,0.0,1.0,0.0,0,6.5123215,3.344759,2.05889,0.0,4.3327794,7.3773007,0.0,0.29414362,1.62135,6.111756
1,354,355.0,10.0,1.0,1.0,336.0,1.0,1.0,1.0,0.886169,1.0,-0.0,0.0,-4.4652506e-06,-0.11382653,0.46576375,3.6843002,0.8048791,6.5649395,1.5367042,10.264651,0.0,6.746076,-3.1784587,0.6018519,94.683044,1.0,0.0,0.0,1.0,0.0,0,9.266033,6.9128647,0.20099884,0.0,4.182586,9.990935,0.0,1.7758232,5.374493,6.0070453
2,354,355.0,10.0,1.0,1.0,336.0,1.0,1.0,1.0,0.97207004,1.0,-0.0,0.0,-4.473465e-06,-0.02792551,0.35809016,4.187536,1.1034169,5.518352,0.8848129,5.899903,0.0,5.662716,-4.2200665,0.6018519,96.44609,1.0,0.0,0.0,1.0,0.0,0,6.803482,3.3445077,2.2888546,0.0,4.0615516,7.8393536,0.0,0.0,0.7805119,7.2015696
3,354,355.0,10.0,1.0,1.0,336.0,1.0,1.0,1.0,0.94087666,1.0,-0.0,0.0,-4.7668054e-06,-0.059118584,0.3528375,4.1950455,1.1984367,4.843116,0.8802315,7.0588384,0.0,6.084344,-4.369342,0.5833333,96.390205,1.0,0.0,0.0,1.0,0.0,0,6.4322505,3.3456266,2.4531732,0.0,3.8663795,7.8841863,0.0,0.49308655,0.43836135,4.8362837
0,355,356.0,10.0,1.0,1.0,337.0,1.0,1.0,1.0,0.9579104,1.0,-0.0,0.0,-4.1283924e-06,-0.0420855,0.3593225,4.1797957,1.1394248,6.585543,0.7417432,5.9395857,0.0,5.4715652,-4.4271293,0.5694444,95.53862,1.0,0.0,0.0,1.0,0.0,0,6.4588013,3.1847794,2.0891082,0.0,4.3367257,7.3809505,0.0,0.288752,1.6926152,5.999663
1,355,356.0,10.0,1.0,1.0,337.0,1.0,1.0,1.0,0.8856209,1.0,-0.0,0.0,-4.8165007e-06,-0.11437426,0.46469867,3.721981,0.8023388,6.566013,1.5409365,10.296441,0.0,6.825156,-3.1293826,0.6018519,94.70696,1.0,0.0,0.0,1.0,0.0,0,9.211152,6.837819,0.2860414,0.0,4.179173,10.152007,0.0,1.7509791,5.7325435,6.0023394
2,355,356.0,10.0,1.0,1.0,337.0,1.0,1.0,1.0,0.971341,1.0,-0.0,0.0,-3.938033e-06,-0.028655022,0.37924683,4.2114325,1.1101383,5.5728517,0.8823989,5.893264,0.0,5.6362114,-3.9815755,0.6018519,96.45725,1.0,0.0,0.0,1.0,0.0,0,6.754276,3.1575868,2.3289528,0.0,4.061228,7.8775024,0.0,0.0,0.8722206,7.1333303
3,355,356.0,10.0,1.0,1.0,337.0,1.0,1.0,1.0,0.94170624,1.0,-0.0,0.0,-3.6582055e-06,-0.058290146,0.3678061,4.217872,1.2007126,4.8142557,0.8809221,6.992064,0.0,6.0063562,-4.27801,0.5833333,96.405426,1.0,0.0,0.0,1.0,0.0,0,6.4394627,3.3734057,2.4881463,0.0,3.7445931,7.878661,0.0,0.5278429,0.55560917,4.7093654
0,356,357.0,10.0,1.0,1.0,338.0,1.0,1.0,1.0,0.9583747,1.0,-0.0,0.0,-4.213574e-06,-0.041621104,0.35987347,4.190812,1.1393907,6.612245,0.7411921,5.88502,0.0,5.5299206,-4.4296327,0.5694444,95.54424,1.0,0.0,0.0,1.0,0.0,0,6.369935,3.074107,2.1390717,0.0,4.3394957,7.432948,0.0,0.20684934,1.7881725,5.9160304
1,356,357.0,10.0,1.0,1.0,338.0,1.0,1.0,1.0,0.8853134,1.0,-0.0,0.0,-4.715533e-06,-0.11468192,0.47497565,3.7505891,0.80027664,6.5638657,1.5422173,10.317049,0.0,6.889427,-3.0423188,0.6018519,94.7278,1.0,0.0,0.0,1.0,0.0,0,9.099487,6.7366776,0.29355788,0.0,4.210113,10.177737,0.0,1.9028149,5.991308,5.959687
2,356,357.0,10.0,1.0,1.0,338.0,1.0,1.0,1.0,0.97171676,1.0,-0.0,0.0,-4.556386e-06,-0.028278714,0.36812797,4.2013645,1.115445,5.584782,0.8821223,5.8308845,0.0,5.6543336,-4.085198,0.6018519,96.47537,1.0,0.0,0.0,1.0,0.0,0,7.0943694,3.4612703,2.400575,0.0,3.7783935,7.840034,0.0,0.0,0.8696382,7.0751624
3,356,357.0,10.0,1.0,1.0,338.0,1.0,1.0,1.0,0.9424226,1.0,-0.0,0.0,-5.2329306e-06,-0.057572145,0.35355315,4.19899,1.2054214,4.7999234,0.87966394,6.913667,0.0,5.9921093,-4.3707666,0.5833333,96.43759,1.0,0.0,0.0,1.0,0.0,0,6.4419208,3.3483295,2.4763508,0.0,3.798369,7.8062596,0.0,0.5410519,0.46418616,4.7292414
0,357,358.0,10.0,1.0,1.0,339.0,1.0,1.0,1.0,0.96025985,1.0,-0.0,0.0,-4.1438175e-06,-0.039735954,0.36259666,4.1917043,1.140381,6.5730457,0.74131197,5.8111105,0.0,5.503705,-4.4281836,0.5694444,95.54908,1.0,0.0,0.0,1.0,0.0,0,6.3961806,3.113707,2.14818,0.0,4.3333597,7.4313817,0.0,0.21953721,1.874559,5.8147364
1,357,358.0,10.0,1.0,1.0,339.0,1.0,1.0,1.0,0.8863851,1.0,-0.0,0.0,-4.9216337e-06,-0.113609985,0.48028493,3.7800145,0.7988155,6.5698285,1.5586808,10.24677,0.0,6.961199,-2.8640423,0.6018519,94.75991,1.0,0.0,0.0,1.0,0.0,0,9.080974,6.6950355,0.31028888,0.0,4.221252,10.311854,0.0,1.7297158,5.6978345,5.809469
2,357,358.0,10.0,1.0,1.0,339.0,1.0,1.0,1.0,0.9715949,1.0,-0.0,0.0,-4.1329e-06,-0.028400976,0.3804341,4.2115817,1.1172651,5.576223,0.88013214,5.824569,0.0,5.6548195,-3.924708,0.6018519,96.490685,1.0,0.0,0.0,1.0,0.0,0,6.914893,3.2567315,2.295428,0.0,3.9745436,7.86579,0.0,0.0,0.96471065,7.002029
3,357,358.0,10.0,1.0,1.0,339.0,1.0,1.0,1.0,0.9428116,1.0,-0.0,0.0,-3.3129024e-06,-0.057185084,0.3863871,4.2092495,1.2085079,4.7740827,0.8801616,6.8672953,0.0,5.9095607,-4.108331,0.5833333,96.455696,1.0,0.0,0.0,1.0,0.0,0,6.4474125,3.3704064,2.4932206,0.0,3.7436538,7.8242025,0.0,0.519988,0.6156392,4.6870627
0,358,359.0,10.0,1.0,1.0,340.0,1.0,1.0,1.0,0.96228164,1.0,-0.0,0.0,-4.2130782e-06,-0.03771412,0.36392546,4.185333,1.1418408,6.525096,0.7415172,5.7377505,0.0,5.4676237,-4.4265547,0.5694444,95.550476,1.0,0.0,0.0,1.0,0.0,0,6.427947,3.1126583,2.1727927,0.0,4.35211,7.4627805,0.0,0.16551247,1.9494114,5.7521553
1,358,359.0,10.0,1.0,1.0,340.0,1.0,1.0,1.0,0.8860176,1.0,-0.0,0.0,-5.055139e-06,-0.1139773,0.47969,3.8000135,0.797704,6.5576587,1.5628062,10.280978,0.0,6.985839,-2.794427,0.6018519,94.78167,1.0,0.0,0.0,1.0,0.0,0,9.0357,6.639544,0.39491767,0.0,4.1696033,10.37385,0.0,2.0491188,5.974548,5.7593527
2,358,359.0,10.0,1.0,1.0,340.0,1.0,1.0,1.0,0.9717742,1.0,-0.0,0.0,-4.3299583e-06,-0.02822141,0.36496744,4.193901,1.1226158,5.6284933,0.8800554,5.773666,0.0,5.649722,-4.150835,0.6018519,96.510956,1.0,0.0,0.0,1.0,0.0,0,6.804959,3.1077027,2.369023,0.0,4.0306573,7.8351326,0.0,0.0,0.9789569,6.9322867
3,358,359.0,10.0,1.0,1.0,340.0,1.0,1.0,1.0,0.9433142,1.0,-0.0,0.0,-5.4769866e-06,-0.056680314,0.3598772,4.1800046,1.2117976,4.735553,0.87955415,6.812336,0.0,5.841102,-4.367645,0.5833333,96.490555,1.0,0.0,0.0,1.0,0.0,0,6.423324,3.256362,2.499338,0.0,3.9371214,7.786153,0.0,0.46905857,0.5430791,4.7377295
0,359,360.0,10.0,1.0,1.0,341.0,1.0,1.0,1.0,0.9635906,1.0,-0.0,0.0,-4.1323065e-06,-0.036405243,0.36475435,4.19065,1.142194,6.497555,0.74116325,5.686759,0.0,5.4676237,-4.42468,0.5694444,95.55754,1.0,0.0,0.0,1.0,0.0,0,6.4171677,3.1454382,2.1541786,0.0,4.2926555,7.433656,0.0,0.2055434,2.0166337,5.629388
1,359,360.0,10.0,1.0,1.0,341.0,1.0,1.0,1.0,0.886267,1.0,-0.0,0.0,-5.0554813e-06,-0.11372793,0.49010217,3.806246,0.7967013,6.5190926,1.5750626,10.304582,0.0,6.9622407,-2.5290792,0.6018519,94.78578,1.0,0.0,0.0,1.0,0.0,0,9.0623255,6.602885,0.42613342,0.0,4.212734,10.107957,0.0,1.4472511,5.7740674,5.499624
2,359,360.0,10.0,1.0,1.0,341.0,1.0,1.0,1.0,0.97116673,1.0,-0.0,0.0,-3.9880265e-06,-0.028829284,0.377246,4.2029715,1.1282929,5.6897874,0.8787943,5.7675595,0.0,5.6395836,-4.0398164,0.6018519,96.52015,1.0,0.0,0.0,1.0,0.0,0,6.770452,3.0000982,2.4099545,0.0,4.0304728,7.852831,0.0,0.0,1.0741732,6.847409
3,359,360.0,10.0,1.0,1.0,341.0,1.0,1.0,1.0,0.9439823,1.0,-0.0,0.0,-3.8192056e-06,-0.056013867,0.3753174,4.1945944,1.2149359,4.720153,0.87945527,6.748812,0.0,5.7708144,-4.2761683,0.5833333,96.5082,1.0,0.0,0.0,1.0,0.0,0,6.4314027,3.2993963,2.5197468,0.0,3.7721026,7.7847,0.0,0.5035269,0.6345637,4.6037745
0,360,361.0,10.0,1.0,1.0,342.0,1.0,1.0,1.0,0.9655488,1.0,-0.0,0.0,-4.1765684e-06,-0.034447037,0.51387584,3.9589107,1.1376208,6.489475,0.74387777,5.5773463,0.0,5.5488133,-3.3250535,0.5694444,95.8342,1.0,0.0,0.0,1.0,0.0,0,6.4172525,3.1798356,2.1199052,0.0,4.2204957,7.318132,0.0,0.13221373,1.8974675,5.473046
1,360,361.0,10.0,1.0,1.0,342.0,1.0,1.0,1.0,0.8852029,1.0,-0.0,0.0,-5.191347e-06,-0.1147919,0.67687184,3.55592,0.7961632,6.483921,1.5737675,10.403591,0.0,6.9335575,-0.56895477,0.6018519,95.06951,1.0,0.0,0.0,1.0,0.0,0,8.774549,6.1439157,0.49532688,0.08253493,4.081786,9.66305,0.0,1.4316045,5.410468,5.180172
2,360,361.0,10.0,1.0,1.0,342.0,1.0,1.0,1.0,0.97185403,1.0,-0.0,0.0,-4.4050807e-06,-0.028141532,0.5371448,3.9424036,1.1337112,5.7201195,0.8773956,5.6856575,0.0,5.684548,-2.7141523,0.6018519,96.82533,1.0,0.0,0.0,1.0,0.0,0,7.126195,3.2494392,2.2661262,0.0,3.695471,7.7016716,0.0,0.0,0.93595743,6.6416497
3,360,361.0,10.0,1.0,1.0,342.0,1.0,1.0,1.0,0.9445838,1.0,-0.0,0.0,-5.2806754e-06,-0.0554109,0.52767694,3.9318078,1.2199285,4.7319145,0.87742835,6.67519,0.0,5.7811646,-3.0122771,0.5833333,96.834,1.0,0.0,0.0,1.0,0.0,0,6.426777,3.2654078,2.5114522,0.0,3.8382766,7.576652,0.0,0.48041052,0.43226552,4.691731
0,361,362.0,10.0,1.0,1.0,343.0,1.0,1.0,1.0,0.9653615,1.0,-0.0,0.0,-4.629468e-06,-0.034633875,0.46402848,4.115974,1.132428,6.5753093,0.74702144,5.5027223,0.0,5.733127,-3.8861203,0.5694444,96.01116,1.0,0.0,0.0,1.0,0.0,0,6.3641033,3.0800936,2.1456764,0.0,4.1932325,7.396885,0.0,0.1934856,2.1852093,5.499308
1,361,362.0,10.0,1.0,1.0,343.0,1.0,1.0,1.0,0.88547915,1.0,-0.0,0.0,-7.0523633e-06,-0.114513814,0.62820464,3.7001781,0.7975239,6.477638,1.5837348,10.39319,0.0,6.949523,-1.0833713,0.6018519,95.22262,1.0,0.0,0.0,1.0,0.0,0,8.667372,6.2517004,0.44333857,0.03843094,3.9748945,9.72348,0.0,1.1402255,5.233957,5.29188
2,361,362.0,10.0,1.0,1.0,343.0,1.0,1.0,1.0,0.97128224,1.0,-0.0,0.0,-4.740475e-06,-0.028712986,0.5085014,4.0852404,1.1442741,5.864094,0.87711763,5.6407228,0.0,5.747707,-2.9682088,0.6018519,96.98257,1.0,0.0,0.0,1.0,0.0,0,7.066415,3.3046672,2.3055594,0.0,3.7764406,7.7846828,0.0,0.0,1.248233,6.7337775
3,361,362.0,10.0,1.0,1.0,343.0,1.0,1.0,1.0,0.9453593,1.0,-0.0,0.0,-4.187758e-06,-0.054636545,0.5126223,4.0868783,1.2224263,4.796334,0.87761927,6.6099944,0.0,5.8373756,-3.1424928,0.5833333,97.01283,1.0,0.0,0.0,1.0,0.0,0,6.4268274,3.2864666,2.5193818,0.0,3.757782,7.7675242,0.0,0.48853397,0.68538624,4.5731583
0,362,363.0,10.0,1.0,1.0,344.0,1.0,1.0,1.0,0.9663063,1.0,-0.0,0.0,-3.9441798e-06,-0.033689737,0.40031746,4.0931926,1.1257479,6.5669665,0.7471304,5.4544168,0.0,5.8668838,-4.439052,0.5694444,96.02455,1.0,0.0,0.0,1.0,0.0,0,6.479659,3.121918,2.1721933,0.0,4.273966,7.437209,0.0,0.050214794,2.1342907,5.3556213
1,362,363.0,10.0,1.0,1.0,344.0,1.0,1.0,1.0,0.886506,1.0,-0.0,0.0,-6.378731e-06,-0.113487616,0.5707618,3.695469,0.7982107,6.469291,1.5942391,10.339965,0.0,6.9652824,-1.640772,0.6018519,95.23011,1.0,0.0,0.0,1.0,0.0,0,8.685047,6.0431075,0.5122094,0.07899594,3.9394412,9.941482,0.0,1.5236703,5.353687,5.0503755
2,362,363.0,10.0,1.0,1.0,344.0,1.0,1.0,1.0,0.9711197,1.0,-0.0,0.0,-4.4401027e-06,-0.028875876,0.43839103,4.0489664,1.1489719,5.9422216,0.87822664,5.6152625,0.0,5.7784176,-3.6514475,0.6018519,97.010635,1.0,0.0,0.0,1.0,0.0,0,7.054337,3.124907,2.3541026,0.0,3.7322276,7.759174,0.0,0.0,1.0188792,6.7066455
3,362,363.0,10.0,1.0,1.0,344.0,1.0,1.0,1.0,0.94676274,1.0,-0.0,0.0,-5.2758405e-06,-0.053231977,0.4147075,4.0366445,1.2229897,4.8230295,0.8783789,6.521495,0.0,5.8577557,-4.152552,0.5833333,97.0607,1.0,0.0,0.0,1.0,0.0,0,6.530687,3.347002,2.5949779,0.0,3.6479275,7.6685486,0.0,0.5214638,0.5496442,4.53634
0,363,364.0,10.0,1.0,1.0,345.0,1.0,1.0,1.0,0.96712583,1.0,-0.0,0.0,-3.8945423e-06,-0.032870293,0.40797666,4.099348,1.1225185,6.5769763,0.74737,5.3952403,0.0,5.951307,-4.444217,0.5694444,96.052864,1.0,0.0,0.0,1.0,0.0,0,6.3432074,3.0059478,2.158868,0.0,4.2676005,7.393155,0.0,0.0,2.166989,5.218379
1,363,364.0,10.0,1.0,1.0,345.0,1.0,1.0,1.0,0.8872704,1.0,-0.0,0.0,-5.8963396e-06,-0.11272369,0.59988016,3.726161,0.80018353,6.479089,1.6149869,10.284331,0.0,6.999136,-1.2693633,0.6018519,95.28191,1.0,0.0,0.0,1.0,0.0,0,8.689231,6.009372,0.55313617,0.07213925,3.988069,9.61032,0.0,1.1529753,4.793703,5.357495
2,363,364.0,10.0,1.0,1.0,345.0,1.0,1.0,1.0,0.9711018,1.0,-0.0,0.0,-3.8622948e-06,-0.028894309,0.4573893,4.052503,1.1506828,6.0040975,0.8735803,5.603537,0.0,5.8013697,-3.497389,0.6018519,97.03205,1.0,0.0,0.0,1.0,0.0,0,6.726652,2.8599403,2.4983091,0.0,3.9996119,7.7840767,0.0,0.0,1.1288608,6.6513085
3,363,364.0,10.0,1.0,1.0,345.0,1.0,1.0,1.0,0.94781226,1.0,-0.0,0.0,-3.5444355e-06,-0.052184213,0.45508146,4.055252,1.2222301,4.8549023,0.87746215,6.4643264,0.0,5.8871293,-3.85392,0.5833333,97.10175,1.0,0.0,0.0,1.0,0.0,0,6.392069,3.16525,2.5416238,0.0,3.7946093,7.6794705,0.0,0.4610572,0.64540476,4.496164
0,364,365.0,10.0,1.0,1.0,346.0,1.0,1.0,1.0,0.96791214,1.0,-0.0,0.0,-4.0105774e-06,-0.03208388,0.39270222,4.0692883,1.1217436,6.5142856,0.74356174,5.410746,0.0,5.949265,-4.433506,0.5694444,96.056046,1.0,0.0,0.0,1.0,0.0,0,6.4722266,3.165696,2.1457758,0.0,4.3119965,7.4863753,0.0,0.0,2.2621992,5.2177806
1,364,365.0,10.0,1.0,1.0,346.0,1.0,1.0,1.0,0.8898331,1.0,-0.0,0.0,-6.2670833e-06,-0.11016063,0.564079,3.74109,0.80201423,6.485129,1.6435399,10.124508,0.0,7.026436,-1.5723085,0.6018519,95.32602,1.0,0.0,0.0,1.0,0.0,0,8.804997,6.055834,0.61396384,0.07539694,4.1130877,10.122949,0.0,1.3524756,4.7812233,5.1237307
2,364,365.0,10.0,1.0,1.0,346.0,1.0,1.0,1.0,0.97221583,1.0,-0.0,0.0,-4.1465023e-06,-0.027779993,0.40599927,4.019399,1.1511047,6.053712,0.8750861,5.5335135,0.0,5.8913565,-4.1102443,0.6018519,97.04264,1.0,0.0,0.0,1.0,0.0,0,7.123837,3.1344554,2.3328602,0.0,3.6337311,7.7336717,0.0,0.0,1.1138104,6.5811152
3,364,365.0,10.0,1.0,1.0,346.0,1.0,1.0,1.0,0.94858724,1.0,-0.0,0.0,-5.089058e-06,-0.05140768,0.40335506,4.0088816,1.2209747,4.856515,0.8754949,6.4271502,0.0,5.8933854,-4.348149,0.5833333,97.13133,1.0,0.0,0.0,1.0,0.0,0,6.413717,3.0420303,2.5375412,0.0,4.1319327,7.7951283,0.0,0.2353867,0.6219185,4.4943705
0,365,366.0,10.0,1.0,1.0,347.0,1.0,1.0,1.0,0.9629713,1.0,-0.0,0.0,-4.017656e-06,-0.037024677,0.3987286,4.231901,1.1676011,6.959956,0.7377852,5.2615237,0.0,6.1440454,-4.6540937,0.5694444,96.235756,1.0,0.0,0.0,1.0,0.0,0,6.8872576,4.8638964,1.7708814,0.0,3.8923075,7.6335564,0.0,0.0,2.8616073,5.114524
1,365,366.0,10.0,1.0,1.0,347.0,1.0,1.0,1.0,0.88776803,1.0,-0.0,0.0,-5.471879e-06,-0.11222646,0.55534315,3.9698098,0.827984,6.663565,1.6671132,10.070022,0.0,7.155658,-1.7557335,0.6018519,95.57382,1.0,0.0,0.0,1.0,0.0,0,8.681786,6.6498294,0.7509645,0.0,4.234444,10.469964,0.0,1.5875293,5.09957,5.293699
2,365,366.0,10.0,1.0,1.0,347.0,1.0,1.0,1.0,0.9667999,1.0,-0.0,0.0,-4.0865007e-06,-0.033196,0.39249325,4.2041683,1.1843108,6.5336113,0.8618814,5.4581475,0.0,6.135041,-4.4560246,0.6018519,97.244545,1.0,0.0,0.0,1.0,0.0,0,7.587562,4.3219886,1.9928044,0.0,3.2416694,7.7328,0.0,0.0,1.4088906,6.4972944
3,365,366.0,10.0,1.0,1.0,347.0,1.0,1.0,1.0,0.9448528,1.0,-0.0,0.0,-4.0015084e-06,-0.0551432,0.4417125,4.196381,1.2549299,5.2205906,0.86834085,6.3966174,0.0,6.1926103,-3.6280136,0.5833333,97.34546,1.0,0.0,0.0,1.0,0.0,0,6.739675,4.5047026,1.903534,0.0,3.671508,7.684734,0.0,0.53318834,0.73189217,4.7565136
0,366,367.0,10.0,1.0,1.0,348.0,1.0,1.0,1.0,0.97162384,1.0,-0.0,0.0,-5.392821e-06,-0.028370792,0.39187372,4.264606,1.1493763,6.5171704,0.74959236,5.185076,0.0,5.6170545,-4.3374944,0.5694444,96.29793,1.0,0.0,0.0,1.0,0.0,0,7.025239,3.5056813,2.0995686,0.0,4.769883,7.54808,0.0,0.1549666,2.5295708,5.314449
1,366,367.0,10.0,1.0,1.0,348.0,1.0,1.0,1.0,0.89439166,1.0,-0.0,0.0,-6.9398443e-06,-0.105601445,0.5013216,3.9867873,0.80053806,6.202197,1.6845186,10.094584,0.0,6.5876417,-1.942778,0.6018519,95.59984,1.0,0.0,0.0,1.0,0.0,0,9.1791725,6.7447867,0.41734818,0.0,4.1481943,10.216791,0.0,1.1342186,4.928727,5.652824
2,366,367.0,10.0,1.0,1.0,348.0,1.0,1.0,1.0,0.97132397,1.0,-0.0,0.0,-5.3813005e-06,-0.028670669,0.3535144,4.2490005,1.1575701,6.125336,0.8584667,5.538464,0.0,5.822448,-4.4943857,0.6018519,97.316536,1.0,0.0,0.0,1.0,0.0,0,7.618014,4.2031183,2.0353348,0.0,4.6121354,7.7744646,0.0,0.0,1.1168815,6.6676006
3,366,367.0,10.0,1.0,1.0,348.0,1.0,1.0,1.0,0.94919896,1.0,-0.0,0.0,-5.5986657e-06,-0.050795417,0.371968,4.2167993,1.2183865,4.72264,0.8667088,6.4098253,0.0,5.7145686,-4.253364,0.5833333,97.3839,1.0,0.0,0.0,1.0,0.0,0,7.123043,3.6192648,2.3973374,0.0,4.4698386,7.881655,0.0,0.16264907,0.93833953,4.50214
0,367,368.0,10.0,1.0,1.0,349.0,1.0,1.0,1.0,0.9704037,1.0,-0.0,0.0,-4.6607843e-06,-0.029591653,0.36776626,4.219476,1.1414957,6.5291758,0.7459918,5.2463226,0.0,5.928107,-4.5938005,0.5694444,96.33863,1.0,0.0,0.0,1.0,0.0,0,6.9666824,3.357468,2.1962292,0.0,4.1102633,7.843874,0.0,0.0,2.6191332,5.3734326
1,367,368.0,10.0,1.0,1.0,349.0,1.0,1.0,1.0,0.89091855,1.0,-0.0,0.0,-5.912946e-06,-0.10907553,0.4837107,3.9403214,0.8024527,6.2943125,1.7000291,10.070255,0.0,6.932567,-2.1063607,0.6018519,95.642456,1.0,0.0,0.0,1.0,0.0,0,9.626256,6.910034,0.46673897,0.0,4.564416,11.216985,0.0,1.2680055,5.300509,5.733301
2,367,368.0,10.0,1.0,1.0,349.0,1.0,1.0,1.0,0.9706351,1.0,-0.0,0.0,-4.712418e-06,-0.029360155,0.33091867,4.180237,1.1543909,6.102539,0.8479243,5.603677,0.0,6.010858,-4.6543956,0.6018519,97.382904,1.0,0.0,0.0,1.0,0.0,0,7.413461,3.4334836,2.2859282,0.0,3.959224,7.9161205,0.0,0.0,1.3867404,6.66577
3,367,368.0,10.0,1.0,1.0,349.0,1.0,1.0,1.0,0.9501957,1.0,-0.0,0.0,-4.226216e-06,-0.049800053,0.35679752,4.172898,1.2119888,4.884004,0.86100984,6.398086,0.0,6.149245,-4.301033,0.5833333,97.424385,1.0,0.0,0.0,1.0,0.0,0,6.7751856,3.452572,2.3644497,0.0,4.1071506,7.915549,0.0,0.15526332,0.86410826,4.4898143
0,368,369.0,10.0,1.0,1.0,350.0,1.0,1.0,1.0,0.9716008,1.0,-0.0,0.0,-3.7452608e-06,-0.028395444,0.3636226,4.218991,1.1420557,6.5089946,0.7437656,5.194731,0.0,5.9194374,-4.6106076,0.5694444,96.34179,1.0,0.0,0.0,1.0,0.0,0,6.851786,3.0346243,2.2373116,0.0,4.652993,7.6984744,0.0,0.0,2.7413373,5.121648
1,368,369.0,10.0,1.0,1.0,350.0,1.0,1.0,1.0,0.8891618,1.0,-0.0,0.0,-5.361258e-06,-0.110832796,0.46574885,3.966666,0.804721,6.307113,1.7123805,10.094507,0.0,6.925462,-2.152584,0.6018519,95.667854,1.0,0.0,0.0,1.0,0.0,0,8.854134,6.211748,0.70734125,0.07786156,4.2938895,10.340901,0.0,1.1504321,5.1062903,5.320703
2,368,369.0,10.0,1.0,1.0,350.0,1.0,1.0,1.0,0.9712845,1.0,-0.0,0.0,-4.069963e-06,-0.028711421,0.323046,4.178347,1.1551117,6.047241,0.84204376,5.559347,0.0,5.9903097,-4.6664634,0.6018519,97.38906,1.0,0.0,0.0,1.0,0.0,0,7.3948097,3.8983636,2.105206,0.0,4.514946,7.826783,0.0,0.0,1.3856925,6.2970276
3,368,369.0,10.0,1.0,1.0,350.0,1.0,1.0,1.0,0.950823,1.0,-0.0,0.0,-4.7704343e-06,-0.049172208,0.32441878,4.17412,1.2042614,5.133174,0.85191673,6.4183717,0.0,6.590171,-4.6166244,0.5833333,97.436714,1.0,0.0,0.0,1.0,0.0,0,6.6875105,3.2400327,2.3595028,0.0,4.3315163,7.845175,0.0,0.222495,0.9736558,4.5482216
0,369,370.0,10.0,1.0,1.0,351.0,1.0,1.0,1.0,0.9732222,1.0,-0.0,0.0,-3.8299427e-06,-0.026773978,0.36388373,4.2234592,1.1430225,6.4680805,0.7446014,5.1383576,0.0,5.8541408,-4.5594034,0.5694444,96.34493,1.0,0.0,0.0,1.0,0.0,0,6.9077964,3.0530956,2.2448897,0.0,4.5304985,7.713101,0.0,0.0,2.7838573,5.1026764
1,369,370.0,10.0,1.0,1.0,351.0,1.0,1.0,1.0,0.88883203,1.0,-0.0,0.0,-4.9499113e-06,-0.11116304,0.48167372,4.0000453,0.80105096,6.235691,1.7245455,10.076556,0.0,6.843065,-1.863963,0.6018519,95.69596,1.0,0.0,0.0,1.0,0.0,0,8.913933,6.1167035,0.7693989,0.08811997,4.2109466,10.451078,0.0,1.2949885,5.1356525,5.2418566
2,369,370.0,10.0,1.0,1.0,351.0,1.0,1.0,1.0,0.97207016,1.0,-0.0,0.0,-3.913806e-06,-0.027925916,0.32575095,4.1948905,1.1572318,6.019727,0.8430723,5.4963155,0.0,5.9374905,-4.6149063,0.6018519,97.399765,1.0,0.0,0.0,1.0,0.0,0,7.050539,3.4814813,2.3040547,0.0,4.3658834,7.736099,0.0,0.0,1.3425237,6.311426
3,369,370.0,10.0,1.0,1.0,351.0,1.0,1.0,1.0,0.9505204,1.0,-0.0,0.0,-4.0152963e-06,-0.049475636,0.33978784,4.1840177,1.2143363,5.1030383,0.8569476,6.361016,0.0,6.4474664,-4.457113,0.5833333,97.44082,1.0,0.0,0.0,1.0,0.0,0,6.7644515,3.3509133,2.478774,0.0,4.0791883,7.7236514,0.0,0.5680927,0.9302646,4.588712
0,370,371.0,10.0,1.0,1.0,352.0,1.0,1.0,1.0,0.9742752,1.0,-0.0,0.0,-4.114858e-06,-0.025720734,0.37062764,4.234194,1.1466368,6.475461,0.7464501,5.067782,0.0,5.8446574,-4.536574,0.5694444,96.34807,1.0,0.0,0.0,1.0,0.0,0,6.871684,3.221187,2.2406387,0.0,4.337393,7.7248564,0.0,0.0,2.7970603,5.0134525
1,370,371.0,10.0,1.0,1.0,352.0,1.0,1.0,1.0,0.88821775,1.0,-0.0,0.0,-5.1746383e-06,-0.11177705,0.5008865,4.012085,0.7991202,6.185509,1.7361485,10.073055,0.0,6.81932,-1.5532253,0.6018519,95.70079,1.0,0.0,0.0,1.0,0.0,0,8.909465,6.092584,0.76688874,0.101852775,4.2158847,10.580951,0.0,1.3135175,5.171077,5.19624
2,370,371.0,10.0,1.0,1.0,352.0,1.0,1.0,1.0,0.9724649,1.0,-0.0,0.0,-4.372295e-06,-0.02753076,0.3314603,4.203855,1.159064,6.027007,0.8471449,5.4588647,0.0,5.947452,-4.5900745,0.6018519,97.40306,1.0,0.0,0.0,1.0,0.0,0,7.0918508,3.4737008,2.280672,0.0,4.252879,7.7203226,0.0,0.0,1.4002821,6.2742143
3,370,371.0,10.0,1.0,1.0,352.0,1.0,1.0,1.0,0.9507791,1.0,-0.0,0.0,-4.531656e-06,-0.049216412,0.3390722,4.184703,1.2124594,5.0751925,0.85764825,6.3595386,0.0,6.4358687,-4.441426,0.5833333,97.45083,1.0,0.0,0.0,1.0,0.0,0,6.6751957,3.2541084,2.4152813,0.0,4.180508,7.8812003,0.0,0.26671997,1.0713936,4.4347258
0,371,372.0,10.0,1.0,1.0,353.0,1.0,1.0,1.0,0.9744094,1.0,-0.0,0.0,-4.436548e-06,-0.025586165,0.59955716,4.142129,1.1480491,6.5351696,0.7601701,4.865373,0.0,5.8861966,-2.7915967,0.5694444,96.50203,1.0,0.0,0.0,1.0,0.0,0,6.6984544,3.4218354,2.1468565,0.0,4.090572,7.42779,0.0,0.2872868,2.7419722,4.858861
1,371,372.0,10.0,1.0,1.0,353.0,1.0,1.0,1.0,0.8875473,1.0,-0.0,0.0,-5.4525653e-06,-0.112447254,0.7809568,3.927605,0.7980288,6.137214,1.7479494,10.06831,0.0,6.782464,1.2142854,0.6018519,95.83817,1.0,0.0,0.0,1.0,0.0,0,8.8823,6.039583,0.7944505,0.11361219,4.237818,10.5529175,0.0,1.2532535,5.059156,5.215972
2,371,372.0,10.0,1.0,1.0,353.0,1.0,1.0,1.0,0.9740586,1.0,-0.0,0.0,-4.5661195e-06,-0.025936812,0.57178026,4.1221013,1.1563452,6.0390778,0.86149627,5.3836184,0.0,5.9745817,-2.4984908,0.6018519,97.536476,1.0,0.0,0.0,1.0,0.0,0,7.0169387,3.408573,2.2943125,0.0,4.0481243,7.508722,0.0,0.0,1.2201477,6.242802
3,371,372.0,10.0,1.0,1.0,353.0,1.0,1.0,1.0,0.9514387,1.0,-0.0,0.0,-4.5579536e-06,-0.048556734,0.5903698,4.099983,1.2208868,5.113002,0.86285055,6.2567525,0.0,6.3974876,-2.3704116,0.5833333,97.605034,1.0,0.0,0.0,1.0,0.0,0,6.6043086,3.3406892,2.4640925,0.0,3.838141,7.5860224,0.0,0.499244,0.7896079,4.462177
0,372,373.0,10.0,1.0,1.0,354.0,1.0,1.0,1.0,0.97328645,1.0,-0.0,0.0,-4.7889525e-06,-0.026708778,0.45825058,4.2282395,1.1482725,6.602526,0.7638123,4.7368755,0.0,5.951043,-4.472239,0.5694444,96.583115,1.0,0.0,0.0,1.0,0.0,0,6.6819077,3.2813,2.1976535,0.0,4.176212,7.499199,0.0,0.31497812,2.9136486,4.755451
1,372,373.0,10.0,1.0,1.0,354.0,1.0,1.0,1.0,0.8858296,1.0,-0.0,0.0,-7.30179e-06,-0.11416303,0.6624192,4.0131016,0.7980355,6.1075406,1.765632,10.056705,0.0,6.762105,0.15776046,0.6018519,95.91876,1.0,0.0,0.0,1.0,0.0,0,8.8512745,5.990193,0.82909,0.11065385,4.2737384,10.617802,0.0,1.3190672,4.969907,5.3236203
2,372,373.0,10.0,1.0,1.0,354.0,1.0,1.0,1.0,0.97626686,1.0,-0.0,0.0,-5.0070175e-06,-0.023728121,0.42893028,4.2008805,1.1529738,6.0724387,0.8671434,5.2763834,0.0,6.0297112,-4.180218,0.6018519,97.61027,1.0,0.0,0.0,1.0,0.0,0,6.874653,3.273523,2.3476071,0.0,4.151035,7.498404,0.0,0.0,1.4629078,6.0902195
3,372,373.0,10.0,1.0,1.0,354.0,1.0,1.0,1.0,0.9510341,1.0,-0.0,0.0,-5.3355457e-06,-0.048960514,0.4696533,4.1529946,1.2346634,5.086134,0.86359876,6.1776547,0.0,6.2504354,-3.6206543,0.5833333,97.662926,1.0,0.0,0.0,1.0,0.0,0,6.504966,3.1850145,2.5330672,0.0,3.9222567,7.6034355,0.0,0.6063933,0.84976023,4.329663
0,373,374.0,10.0,1.0,1.0,355.0,1.0,1.0,1.0,0.97363204,1.0,-0.0,0.0,-3.667533e-06,-0.026364274,0.43254083,4.2265472,1.1491501,6.581856,0.75558496,4.824652,0.0,5.9157934,-4.505643,0.5694444,96.583916,1.0,0.0,0.0,1.0,0.0,0,6.4080057,2.9210215,2.2999196,0.0,4.316836,7.627825,0.0,0.0,2.9276752,4.6281447
1,373,374.0,10.0,1.0,1.0,355.0,1.0,1.0,1.0,0.8841721,1.0,-0.0,0.0,-6.4068577e-06,-0.115821525,0.60512793,4.037974,0.79860973,6.0931644,1.7808169,10.050469,0.0,6.758566,-0.32097474,0.6018519,95.94472,1.0,0.0,0.0,1.0,0.0,0,8.779721,5.8517823,0.9005382,0.10631845,4.2445803,10.765879,0.0,1.3710136,4.8623114,5.25394
2,373,374.0,10.0,1.0,1.0,355.0,1.0,1.0,1.0,0.97589654,1.0,-0.0,0.0,-3.7820182e-06,-0.024099689,0.39234275,4.211939,1.1477437,6.002271,0.8617929,5.337903,0.0,6.0343585,-4.4327025,0.6018519,97.629395,1.0,0.0,0.0,1.0,0.0,0,6.895619,3.2549758,2.3359632,0.0,4.4045053,7.5261836,0.0,0.0,1.4884076,6.0011168
3,373,374.0,10.0,1.0,1.0,355.0,1.0,1.0,1.0,0.9518192,1.0,-0.0,0.0,-3.6936863e-06,-0.048177145,0.43367928,4.156998,1.2423736,5.0290103,0.8711742,6.072826,0.0,6.047566,-4.249315,0.5833333,97.67089,1.0,0.0,0.0,1.0,0.0,0,6.4087715,3.0595,2.580703,0.0,3.9303734,7.622598,0.0,0.67191356,0.88599354,4.3414884
0,374,375.0,10.0,1.0,1.0,356.0,1.0,1.0,1.0,0.9733664,1.0,-0.0,0.0,-3.9381453e-06,-0.026629684,0.43920016,4.2237115,1.1522006,6.5977807,0.75773734,4.7875113,0.0,5.903986,-4.4843674,0.5694444,96.58665,1.0,0.0,0.0,1.0,0.0,0,6.48994,2.9192915,2.3089604,0.0,4.425905,7.5345745,0.0,0.0,2.906797,4.5552244
1,374,375.0,10.0,1.0,1.0,356.0,1.0,1.0,1.0,0.8907571,1.0,-0.0,0.0,-6.4450032e-06,-0.1092365,0.5573995,3.9800565,0.7991814,6.0853205,1.7291825,10.360713,0.0,6.762801,-1.0640695,0.6018519,96.04937,1.0,0.0,0.0,1.0,0.0,0,8.7450485,5.761363,0.943267,0.11210839,4.262119,7.8010955,0.0,1.5228242,4.376672,3.8608835
2,374,375.0,10.0,1.0,1.0,356.0,1.0,1.0,1.0,0.975702,1.0,-0.0,0.0,-4.197418e-06,-0.024293823,0.38257504,4.2154536,1.140685,5.9520965,0.8564109,5.402492,0.0,6.0916533,-4.495859,0.6018519,97.64182,1.0,0.0,0.0,1.0,0.0,0,6.93636,3.1720498,2.3029976,0.0,4.2704167,7.5403495,0.0,0.0,1.5035568,6.0205913
3,374,375.0,10.0,1.0,1.0,356.0,1.0,1.0,1.0,0.9523784,1.0,-0.0,0.0,-4.575307e-06,-0.04761704,0.4327424,4.143108,1.2400447,4.903841,0.86938304,6.056686,0.0,5.9140368,-4.2527447,0.5833333,97.68474,1.0,0.0,0.0,1.0,0.0,0,6.775402,3.3370018,2.498464,0.0,4.2696614,7.648067,0.0,0.1678801,0.95360047,4.2104087
0,375,376.0,10.0,1.0,1.0,357.0,1.0,1.0,1.0,0.9737609,1.0,-0.0,0.0,-3.837995e-06,-0.026235305,0.4278034,4.2188606,1.1524382,6.5741177,0.7536416,4.8165317,0.0,5.880633,-4.479631,0.5694444,96.59101,1.0,0.0,0.0,1.0,0.0,0,6.6709595,2.8991513,2.3435667,0.0,4.4266434,7.6533146,0.0,0.0,3.0659907,4.5730267
1,375,376.0,10.0,1.0,1.0,357.0,1.0,1.0,1.0,0.89093685,1.0,-0.0,0.0,-5.200913e-06,-0.10905796,0.53765213,3.9709105,0.80177325,6.111899,1.7225841,10.431579,0.0,6.8048377,-1.3787131,0.6018519,96.06717,1.0,0.0,0.0,1.0,0.0,0,8.881903,5.8650312,0.9168233,0.11022875,4.225348,9.131462,0.0,1.9752861,4.5956807,4.6258
2,375,376.0,10.0,1.0,1.0,357.0,1.0,1.0,1.0,0.97559905,1.0,-0.0,0.0,-3.857513e-06,-0.024397088,0.37313515,4.210744,1.1403525,5.929293,0.8519476,5.411181,0.0,6.0706024,-4.5020823,0.6018519,97.64351,1.0,0.0,0.0,1.0,0.0,0,6.8571377,2.9717095,2.3873467,0.0,4.5200806,7.517658,0.0,0.0,1.6213555,5.919524
3,375,376.0,10.0,1.0,1.0,357.0,1.0,1.0,1.0,0.95295894,1.0,-0.0,0.0,-3.7567593e-06,-0.047037326,0.42423606,4.144022,1.2420017,4.9003277,0.86527187,6.0072265,0.0,5.908665,-4.250541,0.5833333,97.69095,1.0,0.0,0.0,1.0,0.0,0,6.602513,2.9944906,2.5748625,0.0,4.3417854,7.5386553,0.0,0.4209285,0.9501816,4.160914
0,376,377.0,10.0,1.0,1.0,358.0,1.0,1.0,1.0,0.9737091,1.0,-0.0,0.0,-3.969316e-06,-0.026286915,0.42973384,4.212966,1.154589,6.5772142,0.7534972,4.775066,0.0,5.8538394,-4.4696245,0.5694444,96.593315,1.0,0.0,0.0,1.0,0.0,0,6.468347,2.8774056,2.3357806,0.0,4.4368353,7.619448,0.0,0.0,3.1052084,4.413388
1,376,377.0,10.0,1.0,1.0,358.0,1.0,1.0,1.0,0.8880661,1.0,-0.0,0.0,-6.4213004e-06,-0.111927465,0.4813321,3.9475873,0.80508816,6.1296816,1.719407,10.585965,0.0,6.842979,-1.9715699,0.6018519,96.10801,1.0,0.0,0.0,1.0,0.0,0,8.812079,5.802538,0.8906552,0.15424897,4.297909,8.928944,0.0,1.2871296,4.680722,4.467278
2,376,377.0,10.0,1.0,1.0,358.0,1.0,1.0,1.0,0.975865,1.0,-0.0,0.0,-4.220442e-06,-0.024130775,0.37287736,4.2013235,1.1407151,5.8472447,0.8494591,5.3924828,0.0,5.9921746,-4.426072,0.6018519,97.64904,1.0,0.0,0.0,1.0,0.0,0,6.957936,3.379462,2.3074534,0.0,4.435851,7.500303,0.0,0.0,1.6025734,5.7726364
3,376,377.0,10.0,1.0,1.0,358.0,1.0,1.0,1.0,0.9532813,1.0,-0.0,0.0,-4.447571e-06,-0.046714246,0.4158374,4.1344385,1.2406694,4.8876896,0.86216146,5.9978337,0.0,5.939669,-4.248848,0.5833333,97.69453,1.0,0.0,0.0,1.0,0.0,0,6.869554,3.7766285,2.1204393,0.0,4.0732117,7.6329865,0.0,0.22316867,1.0324663,4.043539
0,377,378.0,10.0,1.0,1.0,359.0,1.0,1.0,1.0,0.9740968,1.0,-0.0,0.0,-3.9479714e-06,-0.025899267,0.4251942,4.205744,1.1557555,6.5539556,0.75164217,4.7776895,0.0,5.820899,-4.4397984,0.5694444,96.59725,1.0,0.0,0.0,1.0,0.0,0,6.8510027,2.8814645,2.5239625,0.0,4.8422136,8.198136,0.0,0.0,3.5700629,4.515515
1,377,378.0,10.0,1.0,1.0,359.0,1.0,1.0,1.0,0.88783705,1.0,-0.0,0.0,-5.2656615e-06,-0.11215769,0.49244726,3.9547472,0.8058651,6.1189413,1.7231969,10.610519,0.0,6.8405704,-1.8471814,0.6018519,96.12115,1.0,0.0,0.0,1.0,0.0,0,8.88856,5.7320585,0.9679717,0.15171897,4.1892924,8.969496,0.0,1.51498,4.86483,4.485684
2,377,378.0,10.0,1.0,1.0,359.0,1.0,1.0,1.0,0.9758728,1.0,-0.0,0.0,-4.033072e-06,-0.02412315,0.3679905,4.201541,1.1402477,5.8449674,0.8478854,5.395531,0.0,6.021383,-4.4494963,0.6018519,97.65504,1.0,0.0,0.0,1.0,0.0,0,6.674711,3.0564806,2.3649604,0.0,4.478987,7.4722385,0.0,0.0,1.6610096,5.7347484
3,377,378.0,10.0,1.0,1.0,359.0,1.0,1.0,1.0,0.9537339,1.0,-0.0,0.0,-4.1198386e-06,-0.046261944,0.4172325,4.130402,1.2441673,4.8162065,0.86053246,5.944461,0.0,5.82847,-4.2419863,0.5833333,97.69654,1.0,0.0,0.0,1.0,0.0,0,6.6438317,3.0600452,2.5744739,0.0,4.3184195,7.5544963,0.0,0.35403803,1.0350279,4.0852075
0,378,379.0,10.0,1.0,1.0,360.0,1.0,1.0,1.0,0.97413063,1.0,-0.0,0.0,-3.9306447e-06,-0.025865413,0.42426363,4.200755,1.1584661,6.551924,0.75107825,4.7721143,0.0,5.789025,-4.407198,0.5694444,96.601524,1.0,0.0,0.0,1.0,0.0,0,6.439341,2.8115892,2.3757854,0.0,4.5162506,7.732521,0.0,0.0,3.3969052,4.2680483
1,378,379.0,10.0,1.0,1.0,360.0,1.0,1.0,1.0,0.88819116,1.0,-0.0,0.0,-5.612276e-06,-0.11180323,0.51097536,3.9535408,0.80522525,6.0836473,1.729108,10.624546,0.0,6.806942,-1.5935497,0.6018519,96.13066,1.0,0.0,0.0,1.0,0.0,0,8.897929,5.70647,0.9970511,0.17806058,4.249826,8.965792,0.0,1.6445789,4.9404783,4.4563036
2,378,379.0,10.0,1.0,1.0,360.0,1.0,1.0,1.0,0.97603166,1.0,-0.0,0.0,-4.271372e-06,-0.023964025,0.3674317,4.194716,1.1406406,5.765659,0.84788173,5.3830366,0.0,5.955357,-4.376903,0.6018519,97.65634,1.0,0.0,0.0,1.0,0.0,0,6.869224,3.3452017,2.3163726,0.0,4.3990364,7.4561076,0.0,0.0,1.6943324,5.638065
3,378,379.0,10.0,1.0,1.0,360.0,1.0,1.0,1.0,0.95407975,1.0,-0.0,0.0,-4.1454323e-06,-0.04591611,0.41313356,4.123885,1.2434053,4.8194566,0.85861313,5.929426,0.0,5.841236,-4.2421837,0.5833333,97.697845,1.0,0.0,0.0,1.0,0.0,0,6.557191,2.924581,2.5737472,0.0,4.4078755,7.6476736,0.0,0.27431998,1.1453992,4.0180883
0,379,380.0,10.0,1.0,1.0,361.0,1.0,1.0,1.0,0.97432995,1.0,-0.0,0.0,-4.0562563e-06,-0.025666023,0.42432064,4.193248,1.1610719,6.539961,0.7513053,4.7520576,0.0,5.758609,-4.372785,0.5694444,96.60465,1.0,0.0,0.0,1.0,0.0,0,6.388263,2.6967852,2.4397175,0.0,4.5062923,7.737754,0.0,0.0,3.4984822,4.181467
1,379,380.0,10.0,1.0,1.0,361.0,1.0,1.0,1.0,0.88583857,1.0,-0.0,0.0,-5.503651e-06,-0.11415593,0.5196255,3.9410908,0.80455744,6.045428,1.7348554,10.803926,0.0,6.772046,-1.3403269,0.6018519,96.14414,1.0,0.0,0.0,1.0,0.0,0,8.890528,5.6465945,1.0379589,0.17313188,4.234261,8.795087,0.0,1.256636,4.923032,4.13146
2,379,380.0,10.0,1.0,1.0,361.0,1.0,1.0,1.0,0.97620237,1.0,-0.0,0.0,-3.996245e-06,-0.023793653,0.3648989,4.1943064,1.1394715,5.7617188,0.84742916,5.381582,0.0,5.9786816,-4.39151,0.6018519,97.66502,1.0,0.0,0.0,1.0,0.0,0,6.6361475,3.0154407,2.3544312,0.0,4.4742646,7.4359255,0.0,0.0,1.7424282,5.5651007
3,379,380.0,10.0,1.0,1.0,361.0,1.0,1.0,1.0,0.954234,1.0,-0.0,0.0,-4.1278613e-06,-0.04576186,0.41078553,4.1179748,1.2459662,4.833407,0.8572382,5.9009647,0.0,5.8494177,-4.24166,0.5833333,97.699394,1.0,0.0,0.0,1.0,0.0,0,6.5763254,2.889356,2.5941825,0.0,4.446692,7.5946784,0.0,0.36591774,1.1756232,3.9836555
0,380,381.0,10.0,1.0,1.0,362.0,1.0,1.0,1.0,0.9746017,1.0,-0.0,0.0,-4.02937e-06,-0.025394274,0.42491332,4.1921325,1.1631689,6.523656,0.7506876,4.720982,0.0,5.7285104,-4.366865,0.5694444,96.60715,1.0,0.0,0.0,1.0,0.0,0,6.5477734,2.7299771,2.4632037,0.0,4.445409,7.647096,0.0,0.0,3.4268625,4.1277633
1,380,381.0,10.0,1.0,1.0,362.0,1.0,1.0,1.0,0.88396907,1.0,-0.0,0.0,-5.38657e-06,-0.116025575,0.52656305,3.9425478,0.80435395,6.0078783,1.7406397,10.953655,0.0,6.7472677,-1.0316558,0.6018519,96.155014,1.0,0.0,0.0,1.0,0.0,0,8.893509,5.583143,1.0793159,0.18648902,4.2229342,8.853563,0.0,1.4705328,4.868371,4.2262135
2,380,381.0,10.0,1.0,1.0,362.0,1.0,1.0,1.0,0.97620374,1.0,-0.0,0.0,-4.2467514e-06,-0.023792025,0.36047772,4.1914725,1.1386055,5.6896496,0.8466065,5.38798,0.0,5.9425726,-4.3486094,0.6018519,97.6673,1.0,0.0,0.0,1.0,0.0,0,6.7250366,3.1645029,2.33112,0.0,4.467188,7.4543934,0.0,0.0,1.8101416,5.5317492
3,380,381.0,10.0,1.0,1.0,362.0,1.0,1.0,1.0,0.95456266,1.0,-0.0,0.0,-4.219266e-06,-0.045433104,0.40675288,4.115792,1.2449478,4.8528056,0.8552929,5.8888774,0.0,5.8948817,-4.24234,0.5833333,97.70017,1.0,0.0,0.0,1.0,0.0,0,6.530512,2.851195,2.5843759,0.0,4.444778,7.690859,0.0,0.26790395,1.2565576,3.9196048
0,381,382.0,10.0,1.0,1.0,363.0,1.0,1.0,1.0,0.9748622,1.0,-0.0,0.0,-3.9597135e-06,-0.025133872,0.42791888,4.1882377,1.166093,6.508032,0.7499168,4.7238,0.0,5.6488204,-4.3709483,0.5694444,96.616394,1.0,0.0,0.0,1.0,0.0,0,6.886443,3.038377,2.4490664,0.0,4.1032968,7.437597,0.0,0.0,3.2982159,4.031523
1,381,382.0,10.0,1.0,1.0,363.0,1.0,1.0,1.0,0.8809148,1.0,-0.0,0.0,-5.49593e-06,-0.11907972,0.5370729,3.9281704,0.80434877,5.9703546,1.7516444,11.174427,0.0,6.7279105,-0.6675255,0.6018519,96.1702,1.0,0.0,0.0,1.0,0.0,0,8.913348,5.547667,1.1100985,0.2007664,4.220761,8.723425,0.0,0.65763307,4.448535,4.22343
2,381,382.0,10.0,1.0,1.0,363.0,1.0,1.0,1.0,0.9764539,1.0,-0.0,0.0,-4.142129e-06,-0.02354199,0.3613934,4.191518,1.1391674,5.6940517,0.84749025,5.368763,0.0,5.955489,-4.3476486,0.6018519,97.67244,1.0,0.0,0.0,1.0,0.0,0,6.655649,3.0353882,2.3726094,0.0,4.5251923,7.441577,0.0,0.0,1.8757571,5.4676085
3,381,382.0,10.0,1.0,1.0,363.0,1.0,1.0,1.0,0.95466065,1.0,-0.0,0.0,-4.2218035e-06,-0.04533513,0.40746593,4.1156373,1.2497329,4.918985,0.8557412,5.8471107,0.0,5.9593716,-4.246046,0.5833333,97.70544,1.0,0.0,0.0,1.0,0.0,0,6.5716443,3.002207,2.5676606,0.0,4.24816,7.64176,0.0,0.4743447,1.2964059,3.928619
0,382,383.0,10.0,1.0,1.0,364.0,1.0,1.0,1.0,0.9749505,1.0,-0.0,0.0,-3.937427e-06,-0.025045592,0.43008327,4.1850934,1.1691015,6.502735,0.7502089,4.687364,0.0,5.635725,-4.369488,0.5694444,96.6195,1.0,0.0,0.0,1.0,0.0,0,6.6596856,2.7288623,2.5149295,0.0,4.404848,7.6780477,0.0,0.0,3.5680254,3.980856
1,382,383.0,10.0,1.0,1.0,364.0,1.0,1.0,1.0,0.8753275,1.0,-0.0,0.0,-5.558103e-06,-0.12466691,0.56051946,3.9072797,0.80509007,5.9453835,1.7475638,11.53463,0.0,6.719773,-0.13325363,0.6018519,96.20292,1.0,0.0,0.0,1.0,0.0,0,8.926401,5.531313,1.1208769,0.20093848,4.2192006,8.762302,0.0,0.90833914,4.9096317,3.8541634
2,382,383.0,10.0,1.0,1.0,364.0,1.0,1.0,1.0,0.9766138,1.0,-0.0,0.0,-4.2330776e-06,-0.02338195,0.36165828,4.1865907,1.1390548,5.621116,0.8482271,5.360006,0.0,5.9035873,-4.2810535,0.6018519,97.67394,1.0,0.0,0.0,1.0,0.0,0,6.840423,3.2153578,2.373457,0.0,4.4562254,7.403616,0.0,0.0,1.9038719,5.3732595
3,382,383.0,10.0,1.0,1.0,364.0,1.0,1.0,1.0,0.9547747,1.0,-0.0,0.0,-4.359534e-06,-0.04522098,0.40361807,4.1096015,1.249856,4.935669,0.8540695,5.8393383,0.0,5.9931893,-4.2464,0.5833333,97.706764,1.0,0.0,0.0,1.0,0.0,0,6.5112085,2.8400428,2.602086,0.0,4.3985543,7.7212114,0.0,0.26399347,1.3731673,3.879627
0,383,384.0,10.0,1.0,1.0,365.0,1.0,1.0,1.0,0.974778,1.0,-0.0,0.0,-3.9260212e-06,-0.025218068,0.42955205,4.181186,1.1708276,6.5130835,0.7491148,4.680678,0.0,5.636768,-4.3692274,0.5694444,96.62082,1.0,0.0,0.0,1.0,0.0,0,6.681225,2.6613927,2.5420413,0.0,4.392079,7.6804423,0.0,0.0,3.6448476,3.8918502
1,383,384.0,10.0,1.0,1.0,365.0,1.0,1.0,1.0,0.8684602,1.0,-0.0,0.0,-6.3349885e-06,-0.13153347,0.5714443,3.8801856,0.8065489,5.9187193,1.7422197,11.973288,0.0,6.7111287,0.27957094,0.6018519,96.24831,1.0,0.0,0.0,1.0,0.0,0,8.980247,5.498217,1.1576188,0.22184595,4.2638984,9.475474,0.0,0.95435214,4.89912,3.6643283
2,383,384.0,10.0,1.0,1.0,365.0,1.0,1.0,1.0,0.9768989,1.0,-0.0,0.0,-4.150521e-06,-0.023096919,0.3600273,4.1901827,1.138061,5.6284933,0.8476049,5.350356,0.0,5.942803,-4.3116126,0.6018519,97.68169,1.0,0.0,0.0,1.0,0.0,0,6.613393,2.9769146,2.3883202,0.0,4.5151014,7.3838186,0.0,0.0,1.9491688,5.327485
3,383,384.0,10.0,1.0,1.0,365.0,1.0,1.0,1.0,0.9546686,1.0,-0.0,0.0,-4.1397075e-06,-0.04532733,0.40740743,4.107846,1.2543987,4.952771,0.8544496,5.8116493,0.0,5.977862,-4.245745,0.5833333,97.708565,1.0,0.0,0.0,1.0,0.0,0,6.503304,2.82461,2.6335394,0.0,4.3737736,7.689624,0.0,0.38297057,1.4097054,3.82911
0,384,385.0,10.0,1.0,1.0,366.0,1.0,1.0,1.0,0.9746457,1.0,-0.0,0.0,-4.049973e-06,-0.025350247,0.42864716,4.1725097,1.172496,6.521014,0.7482832,4.6786704,0.0,5.6387844,-4.3690333,0.5694444,96.62286,1.0,0.0,0.0,1.0,0.0,0,6.6831827,2.5908887,2.5697534,0.0,4.385182,7.7065954,0.0,0.0,3.7452261,3.8269022
1,384,385.0,10.0,1.0,1.0,366.0,1.0,1.0,1.0,0.864148,1.0,-0.0,0.0,-6.0614716e-06,-0.1358459,0.5932018,3.859761,0.80847156,5.906005,1.7363304,12.244747,0.0,6.7226615,0.5979268,0.6018519,96.28022,1.0,0.0,0.0,1.0,0.0,0,8.99306,5.504272,1.1532893,0.21967188,4.2169876,9.1912155,0.0,1.0747277,5.3505774,3.6870863
2,384,385.0,10.0,1.0,1.0,366.0,1.0,1.0,1.0,0.97707635,1.0,-0.0,0.0,-4.2474812e-06,-0.02291941,0.35812333,4.182334,1.1367971,5.5570936,0.847404,5.349186,0.0,5.9091296,-4.265097,0.6018519,97.684944,1.0,0.0,0.0,1.0,0.0,0,6.6488914,3.0230155,2.3673873,0.0,4.495331,7.4036636,0.0,0.0,2.0180397,5.2633467
3,384,385.0,10.0,1.0,1.0,366.0,1.0,1.0,1.0,0.95488554,1.0,-0.0,0.0,-4.299389e-06,-0.04511015,0.4049547,4.0986514,1.2542437,4.9613,0.8530148,5.799781,0.0,5.9986157,-4.2457366,0.5833333,97.71036,1.0,0.0,0.0,1.0,0.0,0,6.4762626,2.7605155,2.6258056,0.0,4.4492826,7.8210044,0.0,0.29690766,1.5548624,3.7431126
0,385,386.0,10.0,1.0,1.0,367.0,1.0,1.0,1.0,0.97456765,1.0,-0.0,0.0,-4.03794e-06,-0.025428282,0.43048635,4.164,1.1742191,6.5256963,0.74703234,4.6672783,0.0,5.6250386,-4.3686395,0.5694444,96.625015,1.0,0.0,0.0,1.0,0.0,0,6.6716375,2.5727737,2.5807953,0.0,4.393263,7.720136,0.0,0.0,3.8516722,3.738665
1,385,386.0,10.0,1.0,1.0,367.0,1.0,1.0,1.0,0.8607986,1.0,-0.0,0.0,-6.914392e-06,-0.13919452,0.5703565,3.8455467,0.811412,5.8996377,1.73674,12.452032,0.0,6.743401,0.49591157,0.6018519,96.31042,1.0,0.0,0.0,1.0,0.0,0,8.912596,5.4536667,1.1895232,0.18925597,4.2768393,9.380241,0.0,1.1372904,5.2775645,3.9916248
2,385,386.0,10.0,1.0,1.0,367.0,1.0,1.0,1.0,0.9774078,1.0,-0.0,0.0,-4.1964713e-06,-0.022588022,0.35744274,4.1791854,1.1350052,5.5038605,0.84800667,5.3427415,0.0,5.908798,-4.2576323,0.6018519,97.693596,1.0,0.0,0.0,1.0,0.0,0,6.7419567,3.163766,2.3339267,0.0,4.501908,7.389518,0.0,0.0,2.0903058,5.1923547
3,385,386.0,10.0,1.0,1.0,367.0,1.0,1.0,1.0,0.9551569,1.0,-0.0,0.0,-4.1667604e-06,-0.044838924,0.40428936,4.094843,1.2592717,5.081359,0.85539955,5.7457967,0.0,6.15377,-4.259061,0.5833333,97.72069,1.0,0.0,0.0,1.0,0.0,0,6.507127,2.9459841,2.5937867,0.0,4.1861734,7.819721,0.0,0.47998112,1.6114248,3.7356968
0,386,387.0,10.0,1.0,1.0,368.0,1.0,1.0,1.0,0.96589,1.0,-0.0,0.0,-4.078048e-06,-0.03410593,0.19349046,4.3260584,1.1918103,6.5192122,0.67633927,5.5271425,0.0,5.61077,-5.027797,0.5694444,96.8093,1.0,0.0,0.0,1.0,0.0,0,7.169876,2.4047248,2.6352024,0.0,5.427158,7.8033676,0.0,0.0,3.4722192,4.271478
1,386,387.0,10.0,1.0,1.0,368.0,1.0,1.0,1.0,0.8597009,1.0,-0.0,0.0,-6.4605174e-06,-0.14029263,0.14766082,4.041969,0.813818,5.8854194,1.7397447,12.532137,0.0,6.7420626,-3.723003,0.6018519,96.525154,1.0,0.0,0.0,1.0,0.0,0,8.915001,5.3830914,1.2533606,0.18626498,4.2360625,9.451557,0.0,1.28307,5.6043344,3.8507445
2,386,387.0,10.0,1.0,1.0,368.0,1.0,1.0,1.0,0.9650691,1.0,-0.0,0.0,-4.2784995e-06,-0.034926586,0.10340791,4.3512397,1.1317917,5.3588376,0.7324376,6.1071568,0.0,5.87513,-5.551056,0.6018519,97.89572,1.0,0.0,0.0,1.0,0.0,0,7.143125,2.7870703,2.341309,0.0,5.261326,7.3676925,0.0,0.0,1.5304797,6.0503407
3,386,387.0,10.0,1.0,1.0,368.0,1.0,1.0,1.0,0.94387627,1.0,-0.0,0.0,-4.296448e-06,-0.05611945,0.16187263,4.255375,1.2543422,4.940267,0.75351095,6.4596,0.0,6.219053,-5.1742716,0.5833333,97.90005,1.0,0.0,0.0,1.0,0.0,0,6.8261275,2.6712859,2.5529006,0.0,5.6225944,7.8777204,0.0,0.0,1.2869357,4.7671247
0,387,388.0,10.0,1.0,1.0,369.0,1.0,1.0,1.0,0.975084,1.0,-0.0,0.0,-4.332443e-06,-0.024911622,0.49488282,4.1756825,1.1992929,6.3292985,0.70532805,4.7568326,0.0,5.298644,-3.1054635,0.5694444,97.022255,1.0,0.0,0.0,1.0,0.0,0,7.2934685,3.8818514,2.8397043,0.0,3.3653138,7.6532745,0.0,0.0,3.4845004,3.7764359
1,387,388.0,10.0,1.0,1.0,369.0,1.0,1.0,1.0,0.86236084,1.0,-0.0,0.0,-5.545726e-06,-0.13763365,0.5739674,3.9162312,0.8246963,5.6451626,1.7503523,12.612855,0.0,6.5239587,0.42786822,0.6018519,96.70438,1.0,0.0,0.0,1.0,0.0,0,8.606642,5.8558474,1.371232,0.4643203,3.6939697,9.190496,0.0,1.0282804,5.1256013,3.977973
2,387,388.0,10.0,1.0,1.0,369.0,1.0,1.0,1.0,0.9660997,1.0,-0.0,0.0,-4.4429576e-06,-0.033895846,0.46022123,4.189168,1.1446767,5.234669,0.73605764,5.948675,0.0,5.598497,-2.2511947,0.6018519,98.121574,1.0,0.0,0.0,1.0,0.0,0,7.1664386,3.8634448,2.8007083,0.0,3.397433,7.1895404,0.0,0.0,1.243325,5.969619
3,387,388.0,10.0,1.0,1.0,369.0,1.0,1.0,1.0,0.96111923,1.0,-0.0,0.0,-4.5869733e-06,-0.038876183,0.4041221,4.159393,1.2361293,4.7896366,0.81540465,5.5616007,0.0,6.2009625,-4.3654823,0.5833333,98.03937,1.0,0.0,0.0,1.0,0.0,0,7.019296,3.9390738,2.861019,0.0,2.610861,7.4252653,0.0,0.19956791,1.3353064,4.2678833
0,388,389.0,10.0,1.0,1.0,370.0,1.0,1.0,1.0,0.9728328,1.0,-0.0,0.0,-8.625995e-06,-0.027158575,0.4666753,4.081892,1.2086256,6.629514,0.6904839,4.656026,0.0,6.074541,-3.6386988,0.5694444,97.110954,1.0,0.0,0.0,1.0,0.0,0,7.938105,3.103101,1.8867527,0.0,3.6614547,7.1933885,0.0,0.0,3.3930066,3.4526634
1,388,389.0,10.0,1.0,1.0,370.0,1.0,1.0,1.0,0.8545841,1.0,-0.0,0.0,-1.0271717e-05,-0.14540565,0.57456124,3.8475301,0.8336784,5.8043694,1.7713614,12.919968,0.0,7.0014052,0.81523603,0.6018519,96.78443,1.0,0.0,0.0,1.0,0.0,0,8.689632,6.1048636,0.7790064,0.15228462,3.324101,8.994983,0.0,0.683576,5.0959635,3.605498
2,388,389.0,10.0,1.0,1.0,370.0,1.0,1.0,1.0,0.96859235,1.0,-0.0,0.0,-9.283332e-06,-0.03139837,0.41951388,4.064675,1.1631705,5.293568,0.7456274,5.660123,0.0,5.7264915,-2.6865313,0.6018519,98.237434,1.0,0.0,0.0,1.0,0.0,0,7.3803625,3.7261515,2.3300467,0.0,4.006909,7.137954,0.0,0.0,1.8254697,5.373219
3,388,389.0,10.0,1.0,1.0,370.0,1.0,1.0,1.0,0.9564369,1.0,-0.0,0.0,-8.04162e-06,-0.043555073,0.42565912,4.030855,1.2763815,4.7013726,0.8135269,5.5404425,0.0,5.969658,-3.7207994,0.5833333,98.163185,1.0,0.0,0.0,1.0,0.0,0,6.87311,3.4934957,2.5827396,0.0,3.8006086,7.5193715,0.0,0.26283383,1.398888,4.0878844
0,389,390.0,10.0,1.0,1.0,371.0,1.0,1.0,1.0,0.9683301,1.0,-0.0,0.0,-5.996981e-06,-0.031663902,0.2436623,4.216158,1.2279431,6.8661547,0.6588494,5.033679,0.0,6.1367664,-5.343527,0.5694444,97.27539,1.0,0.0,0.0,1.0,0.0,0,8.549255,3.5130894,2.4121423,0.0,4.1649804,7.7045593,0.0,0.0,3.6624146,3.7638063
1,389,390.0,10.0,1.0,1.0,371.0,1.0,1.0,1.0,0.85219383,1.0,-0.0,0.0,-6.9295775e-06,-0.14779927,0.30983722,4.021084,0.8375727,5.7714953,1.7861223,13.096459,0.0,6.910832,-1.367555,0.6018519,96.9979,1.0,0.0,0.0,1.0,0.0,0,9.004476,5.50978,1.2880516,0.3065663,4.26261,8.929507,0.0,0.94892436,4.9860444,4.075963
2,389,390.0,10.0,1.0,1.0,371.0,1.0,1.0,1.0,0.96705765,1.0,-0.0,0.0,-6.723981e-06,-0.03293564,0.13667998,4.2696967,1.1536142,5.6904755,0.73595494,5.8240314,0.0,6.4402847,-5.8820367,0.6018519,98.50151,1.0,0.0,0.0,1.0,0.0,0,7.797299,3.6729043,1.9501984,0.0,3.9158108,7.141817,0.0,0.0,1.7837129,5.508667
3,389,390.0,10.0,1.0,1.0,371.0,1.0,1.0,1.0,0.95090413,1.0,-0.0,0.0,-5.3506064e-06,-0.04909052,0.23422167,4.1778502,1.2809374,4.949766,0.76751775,5.8384,0.0,6.3130155,-5.1062574,0.5833333,98.356964,1.0,0.0,0.0,1.0,0.0,0,7.234119,3.2143862,2.4795957,0.0,5.232481,7.94401,0.0,0.0,1.4311914,4.613772
0,390,391.0,10.0,1.0,1.0,372.0,1.0,1.0,1.0,0.9707704,1.0,-0.0,0.0,-4.12029e-06,-0.029225472,0.5325798,4.1146083,1.2338037,6.6555686,0.669948,4.926778,0.0,5.753501,-2.6861093,0.5694444,97.45733,1.0,0.0,0.0,1.0,0.0,0,7.545478,4.278632,2.8552868,0.0,3.2460105,7.802374,0.0,0.0,3.6442754,3.6730735
1,390,391.0,10.0,1.0,1.0,372.0,1.0,1.0,1.0,0.8552429,1.0,-0.0,0.0,-5.8648247e-06,-0.14475125,0.63597035,3.9347072,0.83896106,5.554698,1.7963601,13.130376,0.0,6.753021,1.7044181,0.6018519,97.17531,1.0,0.0,0.0,1.0,0.0,0,8.61025,5.5939803,1.5250539,0.59130645,3.8420296,8.964934,0.0,0.72889006,4.819786,3.831865
2,390,391.0,10.0,1.0,1.0,372.0,1.0,1.0,1.0,0.9651114,1.0,-0.0,0.0,-4.631495e-06,-0.034883976,0.45090204,4.1623034,1.1643401,5.551455,0.740778,5.860487,0.0,6.1196837,-2.8494215,0.6018519,98.695595,1.0,0.0,0.0,1.0,0.0,0,7.17447,3.91923,2.8279421,0.0,3.3404078,7.1260967,0.0,0.0,1.8140342,5.370255
3,390,391.0,10.0,1.0,1.0,372.0,1.0,1.0,1.0,0.9614459,1.0,-0.0,0.0,-4.040989e-06,-0.038550027,0.4381042,4.1434336,1.2499197,4.9100637,0.8142806,5.4386034,0.0,6.483708,-4.3430405,0.5833333,98.44636,1.0,0.0,0.0,1.0,0.0,0,7.1722956,4.440979,2.6726053,0.0,2.6942852,7.542271,0.0,0.10570062,1.6105268,4.0236197
0,391,392.0,10.0,1.0,1.0,373.0,1.0,1.0,1.0,0.9679661,1.0,-0.0,0.0,-7.3958736e-06,-0.032026544,0.28875208,4.1677856,1.2299153,6.921592,0.66907436,4.796497,0.0,6.5627084,-5.4587264,0.5694444,97.70212,1.0,0.0,0.0,1.0,0.0,0,8.480958,3.2934587,1.8298936,0.0,3.3768091,7.3627443,0.0,0.0,3.4852695,3.5342517
1,391,392.0,10.0,1.0,1.0,373.0,1.0,1.0,1.0,0.85300255,1.0,-0.0,0.0,-9.273618e-06,-0.14698815,0.4056014,3.9630215,0.8530638,5.7032576,1.8048277,13.116031,0.0,7.1668897,-0.4104674,0.6018519,97.39478,1.0,0.0,0.0,1.0,0.0,0,9.704363,6.158212,1.0211568,0.26006675,3.2262793,9.010481,0.0,0.9842003,5.0152755,3.8262436
2,391,392.0,10.0,1.0,1.0,373.0,1.0,1.0,1.0,0.9653609,1.0,-0.0,0.0,-8.052392e-06,-0.034631103,0.23284554,4.1834006,1.1751602,5.707512,0.7376334,5.7641644,0.0,6.503246,-4.9804144,0.6018519,98.892715,1.0,0.0,0.0,1.0,0.0,0,7.0738573,3.7707744,2.219038,0.0,3.6873755,7.2800193,0.0,0.0,2.0926948,5.246401
3,391,392.0,10.0,1.0,1.0,373.0,1.0,1.0,1.0,0.95372015,1.0,-0.0,0.0,-6.934007e-06,-0.046272915,0.27608758,4.1324596,1.27158,4.9146857,0.77765423,5.739525,0.0,6.5759916,-5.078272,0.5833333,98.61306,1.0,0.0,0.0,1.0,0.0,0,6.937413,3.4718096,2.404866,0.0,4.698121,7.909768,0.0,0.0,1.5464363,4.3308134
0,392,393.0,10.0,1.0,1.0,374.0,1.0,1.0,1.0,0.96610314,1.0,-0.0,0.0,-5.257757e-06,-0.03389161,0.3386669,4.1169257,1.2345661,7.0334964,0.6731673,4.792414,0.0,6.490781,-4.9868803,0.5694444,97.75493,1.0,0.0,0.0,1.0,0.0,0,7.5268483,3.4785187,2.5014064,0.0,3.8936355,7.6444807,0.0,0.0,4.407722,3.1991677
1,392,393.0,10.0,1.0,1.0,374.0,1.0,1.0,1.0,0.8553265,1.0,-0.0,0.0,-6.23547e-06,-0.14466728,0.50522274,3.9274237,0.85379016,5.6613674,1.8086473,13.018667,0.0,6.998351,0.5953945,0.6018519,97.42086,1.0,0.0,0.0,1.0,0.0,0,9.239191,5.568199,1.4191139,0.35162023,4.1438785,8.95547,0.0,0.9707747,4.8954024,3.7926784
2,392,393.0,10.0,1.0,1.0,374.0,1.0,1.0,1.0,0.9672601,1.0,-0.0,0.0,-5.5732617e-06,-0.032734297,0.30229986,4.173074,1.1684362,5.904679,0.7428968,5.700786,0.0,6.7394156,-4.572657,0.6018519,98.9517,1.0,0.0,0.0,1.0,0.0,0,7.2298317,3.397648,2.5157313,0.0,4.0828013,6.995561,0.0,0.0,1.9377518,5.036327
3,392,393.0,10.0,1.0,1.0,374.0,1.0,1.0,1.0,0.9578265,1.0,-0.0,0.0,-4.4772873e-06,-0.042169023,0.333824,4.104804,1.2634488,4.9993434,0.79704934,5.554275,0.0,6.5656652,-4.8302794,0.5833333,98.66054,1.0,0.0,0.0,1.0,0.0,0,6.835397,3.3546963,2.6000428,0.0,4.1398964,7.806384,0.0,0.0,2.1524787,4.003698
0,393,394.0,10.0,1.0,1.0,375.0,1.0,1.0,1.0,0.9661695,1.0,-0.0,0.0,-5.40764e-06,-0.033825073,0.36054254,4.2452717,1.2384087,6.95061,0.6534513,5.078893,0.0,6.42425,-4.6313434,0.5694444,97.914,1.0,0.0,0.0,1.0,0.0,0,7.55692,4.49411,2.7194269,0.0,3.288003,7.9748354,0.0,0.0,4.197181,3.6359985
1,393,394.0,10.0,1.0,1.0,375.0,1.0,1.0,1.0,0.85987216,1.0,-0.0,0.0,-7.3909578e-06,-0.14012045,0.5415648,4.0890636,0.8545004,5.4049554,1.8152786,13.002269,0.0,6.8362975,0.8083377,0.6018519,97.61494,1.0,0.0,0.0,1.0,0.0,0,8.677556,5.9141736,1.5527158,0.4845914,3.6722062,9.023006,0.0,1.0012617,5.1539226,3.619926
2,393,394.0,10.0,1.0,1.0,375.0,1.0,1.0,1.0,0.9607123,1.0,-0.0,0.0,-5.1000698e-06,-0.03928253,0.33277944,4.2906704,1.1725934,5.7046304,0.7392018,6.062501,0.0,6.5111713,-4.047284,0.6018519,99.10185,1.0,0.0,0.0,1.0,0.0,0,7.127483,3.9264693,2.8796117,0.0,3.323401,7.2411995,0.0,0.0,2.1143787,5.2065415
3,393,394.0,10.0,1.0,1.0,375.0,1.0,1.0,1.0,0.95888484,1.0,-0.0,0.0,-5.7735683e-06,-0.04110939,0.3322255,4.279937,1.2381889,5.0595875,0.7973144,5.6801457,0.0,6.8849273,-5.2422814,0.5833333,98.9025,1.0,0.0,0.0,1.0,0.0,0,7.184262,3.86682,2.7011654,0.0,4.006081,7.8451853,0.0,0.0,1.8008466,4.058301
0,394,395.0,10.0,1.0,1.0,376.0,1.0,1.0,1.0,0.96417856,1.0,-0.0,0.0,-6.2357794e-06,-0.035815187,0.31743312,4.0743017,1.2407472,7.1489105,0.6628523,4.9545097,0.0,6.9869337,-5.2226586,0.5694444,98.096054,1.0,0.0,0.0,1.0,0.0,0,8.272808,4.3769727,2.1263442,0.0,2.495203,7.702031,0.0,0.0,4.294054,3.2142644
1,394,395.0,10.0,1.0,1.0,376.0,1.0,1.0,1.0,0.8587445,1.0,-0.0,0.0,-7.2658167e-06,-0.1412482,0.45144147,3.8777657,0.870853,5.6057725,1.8175523,12.869118,0.0,7.287661,-0.08276012,0.6018519,97.81937,1.0,0.0,0.0,1.0,0.0,0,9.765132,5.6320324,1.4026911,0.27582616,3.2022138,9.016478,0.0,0.9841085,4.906023,3.8370972
2,394,395.0,10.0,1.0,1.0,376.0,1.0,1.0,1.0,0.9614207,1.0,-0.0,0.0,-6.1010624e-06,-0.038573198,0.29693395,4.1082344,1.1796247,5.888745,0.75106376,5.967206,0.0,6.983761,-4.3318605,0.6018519,99.29096,1.0,0.0,0.0,1.0,0.0,0,7.039027,3.833588,2.158978,0.0,3.7961345,7.1230407,0.0,0.0,2.135161,5.04521
3,394,395.0,10.0,1.0,1.0,376.0,1.0,1.0,1.0,0.95843863,1.0,-0.0,0.0,-5.655959e-06,-0.04155572,0.3037188,4.0726266,1.2379462,4.9127736,0.79355294,5.708747,0.0,6.856609,-5.0911956,0.5833333,99.11201,1.0,0.0,0.0,1.0,0.0,0,6.697435,3.0534265,2.443229,0.0,4.865624,7.7795706,0.0,0.0,2.283137,3.8341432
0,395,396.0,10.0,1.0,1.0,377.0,1.0,1.0,1.0,0.9613211,1.0,-0.0,0.0,-6.812923e-06,-0.038672097,0.31322837,4.280857,1.243189,7.199673,0.6629948,5.1206517,0.0,6.866642,-4.975707,0.5694444,98.48465,1.0,0.0,0.0,1.0,0.0,0,7.618548,3.8400667,2.4479797,0.0,3.969257,7.7089524,0.0,0.0,3.7267141,3.8624089
1,395,396.0,10.0,1.0,1.0,377.0,1.0,1.0,1.0,0.8615428,1.0,-0.0,0.0,-7.358469e-06,-0.13844988,0.4567817,4.0979238,0.87149626,5.5880055,1.8220481,12.7189865,0.0,7.1111884,-0.0629602,0.6018519,98.19174,1.0,0.0,0.0,1.0,0.0,0,9.507218,5.7680655,1.4711157,0.27103406,4.1627517,9.184249,0.0,0.989401,5.200511,3.9577382
2,395,396.0,10.0,1.0,1.0,377.0,1.0,1.0,1.0,0.95686024,1.0,-0.0,0.0,-7.3887077e-06,-0.04313239,0.27072763,4.316031,1.182547,6.140785,0.7336148,6.2188406,0.0,7.1561236,-4.51803,0.6018519,99.67475,1.0,0.0,0.0,1.0,0.0,0,7.246469,3.566937,2.5233018,0.0,4.1758137,7.2769194,0.0,0.0,2.204111,5.119809
3,395,396.0,10.0,1.0,1.0,377.0,1.0,1.0,1.0,0.95856106,1.0,-0.0,0.0,-6.3740927e-06,-0.04143258,0.2683729,4.2855234,1.2332212,5.247368,0.7903915,5.736795,0.0,7.0998135,-5.6845813,0.5833333,99.52664,1.0,0.0,0.0,1.0,0.0,0,7.172667,3.4367692,2.4248447,0.0,4.69352,7.65743,0.0,0.0,1.8607413,4.130799
0,396,397.0,10.0,1.0,1.0,378.0,1.0,1.0,1.0,0.9637542,1.0,-0.0,0.0,-3.9931674e-06,-0.036241803,0.34957677,4.1593313,1.2408177,7.038283,0.68339175,5.1362243,0.0,6.6742945,-4.733148,0.5694444,98.691,1.0,0.0,0.0,1.0,0.0,0,7.423703,4.3005285,2.7481437,0.0,3.3599188,7.641792,0.0,0.0,4.0343223,3.437615
1,396,397.0,10.0,1.0,1.0,378.0,1.0,1.0,1.0,0.86627656,1.0,-0.0,0.0,-5.9998206e-06,-0.13371742,0.48674121,3.9789357,0.8729541,5.5081267,1.8206501,12.514916,0.0,7.165931,-0.18553436,0.6018519,98.40943,1.0,0.0,0.0,1.0,0.0,0,8.779611,5.5765924,1.6371152,0.42752492,4.131448,9.047607,0.0,0.96587557,5.0787816,3.9556327
2,396,397.0,10.0,1.0,1.0,378.0,1.0,1.0,1.0,0.9588441,1.0,-0.0,0.0,-4.3343452e-06,-0.0411515,0.32764637,4.1938434,1.181574,5.9062705,0.7426846,6.1072845,0.0,6.9073687,-4.1046963,0.6018519,99.89135,1.0,0.0,0.0,1.0,0.0,0,7.146617,3.7611792,2.8729413,0.0,3.4282517,7.14406,0.0,0.0,2.28241,4.9259753
3,396,397.0,10.0,1.0,1.0,378.0,1.0,1.0,1.0,0.960122,1.0,-0.0,0.0,-4.5744036e-06,-0.039873414,0.30594432,4.1632457,1.2095108,4.8996882,0.80473655,5.8210726,0.0,6.955222,-5.2228956,0.5833333,99.71767,1.0,0.0,0.0,1.0,0.0,0,7.30942,3.7532268,2.9341903,0.0,3.5054297,7.8919635,0.0,0.0,2.2988188,3.7121809
0,397,398.0,10.0,1.0,1.0,379.0,1.0,1.0,1.0,0.9564173,1.0,-0.0,0.0,-6.1397755e-06,-0.043576542,0.26795006,4.1957736,1.242214,7.301535,0.67882484,5.3130565,0.0,7.318905,-5.5245004,0.5694444,98.94686,1.0,0.0,0.0,1.0,0.0,0,7.58586,3.4872477,2.1972775,0.0,2.3374794,7.669658,0.0,0.0,3.8888843,3.640044
1,397,398.0,10.0,1.0,1.0,379.0,1.0,1.0,1.0,0.8664334,1.0,-0.0,0.0,-7.699584e-06,-0.1335589,0.4304126,4.0045505,0.88409644,5.560052,1.8266473,12.453481,0.0,7.3804393,-0.69760066,0.6018519,98.62608,1.0,0.0,0.0,1.0,0.0,0,10.096124,5.7900367,1.4567441,0.14865945,3.3278983,9.242217,0.0,0.98985565,5.5158477,3.6264768
2,397,398.0,10.0,1.0,1.0,379.0,1.0,1.0,1.0,0.9565139,1.0,-0.0,0.0,-6.9624703e-06,-0.043479152,0.2718702,4.218818,1.1873887,6.148432,0.72822964,6.2033334,0.0,7.466345,-4.6039047,0.6018519,100.12145,1.0,0.0,0.0,1.0,0.0,0,6.9154296,3.5567355,2.1702952,0.0,4.0996814,7.2652493,0.0,0.0,2.50182,4.9440665
3,397,398.0,10.0,1.0,1.0,379.0,1.0,1.0,1.0,0.95742464,1.0,-0.0,0.0,-6.687586e-06,-0.04256869,0.26630014,4.1484637,1.2357142,4.9290023,0.7983556,5.7862644,0.0,7.0223594,-5.433538,0.5833333,99.90094,1.0,0.0,0.0,1.0,0.0,0,7.0718913,3.4527283,2.4177089,0.0,4.511979,7.5276785,0.0,0.0,2.097757,4.090593
0,398,399.0,10.0,1.0,1.0,380.0,1.0,1.0,1.0,0.9558289,1.0,-0.0,0.0,-5.5145606e-06,-0.044165567,0.32705367,4.1716266,1.2488627,7.368804,0.6908647,5.2811294,0.0,7.1646442,-4.8407707,0.5694444,98.979546,1.0,0.0,0.0,1.0,0.0,0,7.2554936,3.5557919,2.3266606,0.0,3.9138086,7.148911,0.0,0.0,3.848815,3.1944695
1,398,399.0,10.0,1.0,1.0,380.0,1.0,1.0,1.0,0.87080127,1.0,-0.0,0.0,-5.862378e-06,-0.12919287,0.44480973,3.967474,0.8825615,5.515088,1.8268982,12.236483,0.0,7.1502,-0.6241221,0.6018519,98.65199,1.0,0.0,0.0,1.0,0.0,0,9.653902,5.525753,1.7076715,0.4244413,4.028074,9.084597,0.0,0.9501412,5.312905,3.4982238
2,398,399.0,10.0,1.0,1.0,380.0,1.0,1.0,1.0,0.9562964,1.0,-0.0,0.0,-5.4252073e-06,-0.043698195,0.29402748,4.20317,1.1917201,6.2650075,0.7303855,6.1839895,0.0,7.393588,-4.370657,0.6018519,100.14464,1.0,0.0,0.0,1.0,0.0,0,7.101039,3.29492,2.5668392,0.0,4.2374606,7.1359887,0.0,0.0,2.4331274,4.8197346
3,398,399.0,10.0,1.0,1.0,380.0,1.0,1.0,1.0,0.9589768,1.0,-0.0,0.0,-5.383623e-06,-0.04101781,0.2796393,4.1292706,1.2312874,5.0753465,0.80703694,5.7264132,0.0,7.0418577,-5.3851743,0.5833333,99.932655,1.0,0.0,0.0,1.0,0.0,0,6.9471827,3.500249,2.5233583,0.0,4.199572,7.4027996,0.0,0.0,2.5809197,4.0245204
0,399,400.0,10.0,1.0,1.0,381.0,1.0,1.0,1.0,0.9551129,1.0,-0.0,0.0,-4.7530298e-06,-0.044882383,0.39775854,4.188279,1.2442896,7.3637,0.687634,5.329242,0.0,7.1099467,-4.1888485,0.5694444,99.01504,1.0,0.0,0.0,1.0,0.0,0,7.316303,3.5834856,2.4425068,0.0,3.9157205,7.5696287,0.0,0.0,4.3071012,3.2367954
1,399,400.0,10.0,1.0,1.0,381.0,1.0,1.0,1.0,0.8745434,1.0,-0.0,0.0,-6.165316e-06,-0.12545043,0.5229309,4.0060606,0.88189524,5.452981,1.8289665,12.074044,0.0,7.039016,-0.049104914,0.6018519,98.70805,1.0,0.0,0.0,1.0,0.0,0,9.738909,5.6012726,1.7366207,0.39342588,3.8953223,9.129919,0.0,0.8566413,5.3551717,3.582298
2,399,400.0,10.0,1.0,1.0,381.0,1.0,1.0,1.0,0.9564494,1.0,-0.0,0.0,-4.7226945e-06,-0.043545872,0.37565416,4.2177672,1.1878046,6.2384534,0.7222334,6.204217,0.0,7.3197093,-3.6055493,0.6018519,100.1765,1.0,0.0,0.0,1.0,0.0,0,6.96118,3.1392758,2.5629876,0.0,4.1072345,7.148381,0.0,0.0,2.7017033,4.690063
3,399,400.0,10.0,1.0,1.0,381.0,1.0,1.0,1.0,0.959843,1.0,-0.0,0.0,-5.665899e-06,-0.040151343,0.3373083,4.1689577,1.2271684,5.139881,0.8186632,5.7053165,0.0,7.04726,-5.092343,0.5833333,99.99588,1.0,0.0,0.0,1.0,0.0,0,6.7883606,3.4210136,2.526968,0.0,4.0524936,7.48049,0.0,0.0,2.361782,3.897588
0,400,401.0,10.0,1.0,1.0,382.0,1.0,1.0,1.0,0.9549637,1.0,-0.0,0.0,-4.1989283e-06,-0.045032147,0.3540516,4.1631827,1.2441727,7.384305,0.68840325,5.317623,0.0,7.1549444,-4.7028055,0.5694444,99.02335,1.0,0.0,0.0,1.0,0.0,0,7.1144185,3.3595054,2.4312418,0.0,3.9520307,7.5569873,0.0,0.0,4.3460174,3.166409
1,400,401.0,10.0,1.0,1.0,382.0,1.0,1.0,1.0,0.8779214,1.0,-0.0,0.0,-6.3066773e-06,-0.12207228,0.46545082,3.9552302,0.8813374,5.400463,1.8299152,11.923873,0.0,7.024091,-0.7469151,0.6018519,98.74449,1.0,0.0,0.0,1.0,0.0,0,9.778335,5.526103,1.7928298,0.36430836,3.7497544,9.215635,0.0,0.93122524,5.608447,3.466496
2,400,401.0,10.0,1.0,1.0,382.0,1.0,1.0,1.0,0.9567501,1.0,-0.0,0.0,-4.457663e-06,-0.04324541,0.32890365,4.189409,1.1882836,6.247108,0.72157794,6.1825967,0.0,7.3383684,-4.095832,0.6018519,100.18963,1.0,0.0,0.0,1.0,0.0,0,6.8641486,2.9837234,2.5592353,0.0,4.066839,7.1293955,0.0,0.0,2.6981888,4.6237025
3,400,401.0,10.0,1.0,1.0,382.0,1.0,1.0,1.0,0.9591483,1.0,-0.0,0.0,-4.865346e-06,-0.040846817,0.3024906,4.1421623,1.22552,5.2940125,0.81654537,5.759408,0.0,7.277154,-5.479317,0.5833333,100.00541,1.0,0.0,0.0,1.0,0.0,0,6.684058,3.2618217,2.5172105,0.0,4.1781416,7.333086,0.0,0.0,2.5232475,3.8375282
0,401,402.0,10.0,1.0,1.0,383.0,1.0,1.0,1.0,0.9582243,1.0,-0.0,0.0,-4.0474124e-06,-0.041771628,0.44978037,4.073244,1.2467744,7.2232404,0.6906966,5.2830563,0.0,7.0149527,-3.9564092,0.5694444,99.179695,1.0,0.0,0.0,1.0,0.0,0,7.1392803,3.885602,2.7354822,0.0,3.3661633,7.5218477,0.0,0.0,4.339028,3.1324568
1,401,402.0,10.0,1.0,1.0,383.0,1.0,1.0,1.0,0.88175124,1.0,-0.0,0.0,-5.470773e-06,-0.11824326,0.5886502,3.9022148,0.88140804,5.3146772,1.8329335,11.779918,0.0,7.1502,0.07161498,0.6018519,98.89835,1.0,0.0,0.0,1.0,0.0,0,9.238277,5.6282086,1.6860609,0.40752915,3.7381907,9.177722,0.0,0.8293268,5.4553995,3.5181391
2,401,402.0,10.0,1.0,1.0,383.0,1.0,1.0,1.0,0.9548662,1.0,-0.0,0.0,-4.456132e-06,-0.045129366,0.45690536,4.0946126,1.1980864,6.103565,0.71679837,6.2221136,0.0,7.2008615,-2.871616,0.6018519,100.36788,1.0,0.0,0.0,1.0,0.0,0,6.810189,3.441027,2.8679094,0.0,3.4748185,7.132111,0.0,0.0,2.7156918,4.59516
3,401,402.0,10.0,1.0,1.0,383.0,1.0,1.0,1.0,0.95858335,1.0,-0.0,0.0,-4.8535358e-06,-0.041411847,0.4067216,4.056195,1.2309109,5.0878263,0.81823885,5.7528787,0.0,7.147181,-4.634891,0.5833333,100.17352,1.0,0.0,0.0,1.0,0.0,0,7.5494666,4.482687,2.6590025,0.0,2.8064604,7.4476457,0.0,0.019709885,2.5463982,3.7544515
0,402,403.0,10.0,1.0,1.0,384.0,1.0,1.0,1.0,0.95306396,1.0,-0.0,0.0,-5.047118e-06,-0.04693097,0.43137372,4.01017,1.2512604,7.494849,0.6868316,5.321008,0.0,7.6022,-4.2669873,0.5694444,99.249725,1.0,0.0,0.0,1.0,0.0,0,7.923256,3.12521,2.115294,0.0,2.2659523,7.438265,0.0,0.0,4.186916,3.1176562
1,402,403.0,10.0,1.0,1.0,384.0,1.0,1.0,1.0,0.8836863,1.0,-0.0,0.0,-6.6666357e-06,-0.11630702,0.5515594,3.8084197,0.8899344,5.3513803,1.8357602,11.62704,0.0,7.258744,-0.40547734,0.6018519,98.96354,1.0,0.0,0.0,1.0,0.0,0,10.022406,5.485497,1.8350285,0.38775644,3.3418124,9.1457815,0.0,0.83389515,5.5582347,3.3716552
2,402,403.0,10.0,1.0,1.0,384.0,1.0,1.0,1.0,0.95389295,1.0,-0.0,0.0,-5.4818825e-06,-0.046101563,0.47121495,4.016027,1.2069385,6.331401,0.71409744,6.214054,0.0,7.6583724,-2.707649,0.6018519,100.438644,1.0,0.0,0.0,1.0,0.0,0,7.6449275,3.4131966,2.3242044,0.0,3.8628867,7.15198,0.0,0.0,2.7624476,4.5642486
3,402,403.0,10.0,1.0,1.0,384.0,1.0,1.0,1.0,0.9550767,1.0,-0.0,0.0,-5.2817536e-06,-0.044918012,0.4596818,3.9595463,1.2561705,4.80628,0.8180244,5.7738013,0.0,6.7421503,-3.5477262,0.5833333,100.24121,1.0,0.0,0.0,1.0,0.0,0,7.0579214,3.6623707,2.5191371,0.0,3.9264436,7.4762564,0.0,0.026360566,2.6151416,3.6916203
0,403,404.0,10.0,1.0,1.0,385.0,1.0,1.0,1.0,0.95139503,1.0,-0.0,0.0,-5.126832e-06,-0.048599828,0.26852638,4.3671026,1.2529238,7.4952664,0.68415374,5.420722,0.0,7.4003787,-5.907434,0.5694444,99.64247,1.0,0.0,0.0,1.0,0.0,0,7.3590846,3.4675977,2.6353278,0.0,4.7309904,8.141412,0.0,0.0,4.697956,3.4791486
1,403,404.0,10.0,1.0,1.0,385.0,1.0,1.0,1.0,0.88704246,1.0,-0.0,0.0,-5.7324974e-06,-0.112951815,0.36505276,4.169094,0.8878605,5.29623,1.8381065,11.480878,0.0,7.0352807,-2.5433078,0.6018519,99.35602,1.0,0.0,0.0,1.0,0.0,0,9.872046,5.410971,1.9477428,0.41048753,3.947754,9.177711,0.0,0.8297351,5.7160006,3.4394057
2,403,404.0,10.0,1.0,1.0,385.0,1.0,1.0,1.0,0.9555858,1.0,-0.0,0.0,-5.92864e-06,-0.044408325,0.2437897,4.377064,1.2091515,6.3772454,0.7200257,6.095863,0.0,7.519222,-5.4090953,0.6018519,100.83313,1.0,0.0,0.0,1.0,0.0,0,6.7940955,2.7863462,2.7033904,0.0,4.261622,7.0521593,0.0,0.0,2.8146389,4.6260195
3,403,404.0,10.0,1.0,1.0,385.0,1.0,1.0,1.0,0.95427644,1.0,-0.0,0.0,-4.9553028e-06,-0.045718618,0.28673744,4.3226542,1.2466116,5.0113873,0.7936893,5.8935294,0.0,6.927671,-5.4141293,0.5833333,100.65056,1.0,0.0,0.0,1.0,0.0,0,7.2383356,3.4848626,2.4443026,0.0,4.76108,7.3276467,0.0,0.0,2.645703,4.0813975
0,404,405.0,10.0,1.0,1.0,386.0,1.0,1.0,1.0,0.95193297,1.0,-0.0,0.0,-3.6847212e-06,-0.048063334,0.35359746,4.2053676,1.2474477,7.4562926,0.6863794,5.4275064,0.0,7.33901,-4.9941874,0.5694444,99.801056,1.0,0.0,0.0,1.0,0.0,0,6.899436,2.9979286,2.516993,0.0,3.9721482,7.5256124,0.0,0.0,4.294695,3.0350926
1,404,405.0,10.0,1.0,1.0,386.0,1.0,1.0,1.0,0.8895689,1.0,-0.0,0.0,-5.1907955e-06,-0.11042586,0.44900662,4.0006256,0.8877215,5.254524,1.840646,11.371026,0.0,6.961875,-1.7236564,0.6018519,99.525154,1.0,0.0,0.0,1.0,0.0,0,9.877626,5.3085837,1.97474,0.45567107,3.7093737,9.178453,0.0,0.72601503,5.6083913,3.2334428
2,404,405.0,10.0,1.0,1.0,386.0,1.0,1.0,1.0,0.9535426,1.0,-0.0,0.0,-4.003954e-06,-0.046453424,0.3506068,4.224195,1.2027264,6.3262043,0.71247756,6.266757,0.0,7.447715,-4.0850396,0.6018519,100.98219,1.0,0.0,0.0,1.0,0.0,0,6.595465,2.557435,2.6704178,0.0,4.0000916,7.131415,0.0,0.0,2.7545316,4.4300103
3,404,405.0,10.0,1.0,1.0,386.0,1.0,1.0,1.0,0.9568354,1.0,-0.0,0.0,-3.8861895e-06,-0.043160725,0.36151186,4.1672187,1.2423111,4.9264603,0.81484365,5.7723093,0.0,6.7776623,-4.792578,0.5833333,100.804245,1.0,0.0,0.0,1.0,0.0,0,6.8115935,3.3479965,2.5995657,0.0,4.072456,7.414448,0.0,0.08044595,2.7841275,3.6458514
0,405,406.0,10.0,1.0,1.0,387.0,1.0,1.0,1.0,0.95202446,1.0,-0.0,0.0,-5.2283954e-06,-0.04797029,0.3522262,4.225887,1.2489233,7.479784,0.68293446,5.3984323,0.0,7.382566,-5.08915,0.5694444,99.825,1.0,0.0,0.0,1.0,0.0,0,6.9468174,3.0343826,2.5303037,0.0,3.9957392,7.5082126,0.0,0.0,4.457513,2.9727376
1,405,406.0,10.0,1.0,1.0,387.0,1.0,1.0,1.0,0.89108384,1.0,-0.0,0.0,-5.7492693e-06,-0.10891047,0.47213995,4.0302653,0.88719016,5.210082,1.8432727,11.233342,0.0,6.940118,-1.6508354,0.6018519,99.555756,1.0,0.0,0.0,1.0,0.0,0,9.995793,5.290238,2.0251176,0.4337235,3.6029983,9.256219,0.0,0.70502824,5.7052746,3.3562753
2,405,406.0,10.0,1.0,1.0,387.0,1.0,1.0,1.0,0.9541741,1.0,-0.0,0.0,-5.690611e-06,-0.04582025,0.3416784,4.235151,1.2045537,6.343881,0.7073929,6.2150617,0.0,7.4718885,-4.251709,0.6018519,101.01331,1.0,0.0,0.0,1.0,0.0,0,6.5977383,2.5870042,2.6948292,0.0,4.0534325,7.0948424,0.0,0.0,2.854056,4.4136686
3,405,406.0,10.0,1.0,1.0,387.0,1.0,1.0,1.0,0.95734835,1.0,-0.0,0.0,-5.838037e-06,-0.04264582,0.3321804,4.201417,1.2383547,5.2121854,0.8141282,5.7710886,0.0,7.200126,-5.38155,0.5833333,100.83584,1.0,0.0,0.0,1.0,0.0,0,6.757467,3.2918913,2.4938076,0.0,4.1814866,7.0825586,0.0,0.018639678,2.7581983,3.651139
0,406,407.0,10.0,1.0,1.0,388.0,1.0,1.0,1.0,0.9516238,1.0,-0.0,0.0,-4.039153e-06,-0.048372127,0.34687072,4.2460127,1.2488967,7.48146,0.68546236,5.4208665,0.0,7.3722196,-5.082366,0.5694444,99.841,1.0,0.0,0.0,1.0,0.0,0,6.8091288,2.8497217,2.5567098,0.0,4.054176,7.49653,0.0,0.0,4.294306,3.0657923
1,406,407.0,10.0,1.0,1.0,388.0,1.0,1.0,1.0,0.89189726,1.0,-0.0,0.0,-5.1827687e-06,-0.10809755,0.45557097,4.0367184,0.88512933,5.136529,1.8465765,11.09911,0.0,6.8566947,-1.8572472,0.6018519,99.56962,1.0,0.0,0.0,1.0,0.0,0,10.035107,5.252099,2.0883164,0.44953167,3.6502836,9.276616,0.0,0.686004,5.750527,3.2865844
2,406,407.0,10.0,1.0,1.0,388.0,1.0,1.0,1.0,0.9539568,1.0,-0.0,0.0,-4.0857603e-06,-0.04603911,0.3438931,4.261588,1.2046933,6.34783,0.70675635,6.2271457,0.0,7.450876,-4.180961,0.6018519,101.033714,1.0,0.0,0.0,1.0,0.0,0,6.5398283,2.4064457,2.736693,0.0,4.112861,7.120468,0.0,0.0,2.9228518,4.3529124
3,406,407.0,10.0,1.0,1.0,388.0,1.0,1.0,1.0,0.9569594,1.0,-0.0,0.0,-4.6648747e-06,-0.043035936,0.3198799,4.2252555,1.239362,5.420722,0.8146142,5.7869406,0.0,7.4602456,-5.5791187,0.5833333,100.867096,1.0,0.0,0.0,1.0,0.0,0,6.962486,3.305766,2.649643,0.0,4.1600018,7.428369,0.0,0.09596923,3.2206588,3.462675
0,407,408.0,10.0,1.0,1.0,389.0,1.0,1.0,1.0,0.95213556,1.0,-0.0,0.0,-4.3604837e-06,-0.047860112,0.36254376,4.2600965,1.2495662,7.4799943,0.6897805,5.3916116,0.0,7.3605804,-4.934555,0.5694444,99.84606,1.0,0.0,0.0,1.0,0.0,0,6.805205,2.842933,2.6014667,0.0,4.022483,7.4809256,0.0,0.0,3.9283724,3.3415103
1,407,408.0,10.0,1.0,1.0,389.0,1.0,1.0,1.0,0.89246744,1.0,-0.0,0.0,-4.819978e-06,-0.107527725,0.48248023,4.068197,0.8839495,5.0736494,1.8504018,11.000643,0.0,6.779022,-1.6340054,0.6018519,99.589294,1.0,0.0,0.0,1.0,0.0,0,10.013777,5.1558003,2.1185172,0.488473,3.6281438,9.246733,0.0,0.6987071,5.8149047,3.454375
2,407,408.0,10.0,1.0,1.0,389.0,1.0,1.0,1.0,0.95549995,1.0,-0.0,0.0,-4.872771e-06,-0.044495165,0.3470853,4.270299,1.204673,6.3171616,0.7067037,6.1346617,0.0,7.4077725,-4.1827235,0.6018519,101.04575,1.0,0.0,0.0,1.0,0.0,0,6.434113,2.2780168,2.7443058,0.0,4.2341104,7.079485,0.0,0.0,2.9527824,4.29184
3,407,408.0,10.0,1.0,1.0,389.0,1.0,1.0,1.0,0.95700306,1.0,-0.0,0.0,-4.7211115e-06,-0.04299221,0.3368709,4.2437963,1.2403303,5.4393234,0.81548405,5.777055,0.0,7.4678698,-5.4297733,0.5833333,100.87206,1.0,0.0,0.0,1.0,0.0,0,6.6102295,3.0505154,2.6117628,0.0,4.1959267,7.2547383,0.0,0.06206818,3.0269601,3.4431405
0,408,409.0,10.0,1.0,1.0,390.0,1.0,1.0,1.0,0.9539844,1.0,-0.0,0.0,-3.920172e-06,-0.046011683,0.36479384,4.284239,1.2513441,7.420597,0.6945633,5.3401027,0.0,7.248655,-4.9668617,0.5694444,99.86216,1.0,0.0,0.0,1.0,0.0,0,6.8219123,2.8721614,2.5945592,0.0,4.216002,7.3157253,0.0,0.0,4.2195787,2.9634063
1,408,409.0,10.0,1.0,1.0,390.0,1.0,1.0,1.0,0.89335024,1.0,-0.0,0.0,-5.101098e-06,-0.10664463,0.45561343,4.075652,0.88222605,4.9947996,1.853157,10.8622465,0.0,6.716153,-1.9759098,0.6018519,99.61151,1.0,0.0,0.0,1.0,0.0,0,10.043982,5.1114893,2.1764932,0.48460436,3.5998268,9.321143,0.0,0.6402876,5.86642,3.2127721
2,408,409.0,10.0,1.0,1.0,390.0,1.0,1.0,1.0,0.954873,1.0,-0.0,0.0,-4.0079517e-06,-0.045122985,0.3519159,4.2957306,1.2072484,6.323233,0.7043355,6.1530147,0.0,7.405203,-4.0553427,0.6018519,101.05784,1.0,0.0,0.0,1.0,0.0,0,6.4758267,2.3675208,2.7873232,0.0,4.1080337,7.108636,0.0,0.0,3.0406525,4.2122755
3,408,409.0,10.0,1.0,1.0,390.0,1.0,1.0,1.0,0.95652586,1.0,-0.0,0.0,-4.450004e-06,-0.043469682,0.33522546,4.273423,1.2407241,5.4286604,0.8165671,5.80275,0.0,7.450534,-5.3720765,0.5833333,100.88979,1.0,0.0,0.0,1.0,0.0,0,6.5928044,2.9747734,2.633959,0.0,4.145894,6.858237,0.0,0.044851124,3.2352571,2.9944358
0,409,410.0,10.0,1.0,1.0,391.0,1.0,1.0,1.0,0.95267946,1.0,-0.0,0.0,-4.093545e-06,-0.04731643,0.37615412,4.2954063,1.255204,7.4469376,0.6893455,5.392047,0.0,7.2725425,-4.6849055,0.5694444,99.864845,1.0,0.0,0.0,1.0,0.0,0,7.2347693,2.9664752,2.5248303,0.0,3.744512,7.4038224,0.0,0.0,4.325555,2.9167638
1,409,410.0,10.0,1.0,1.0,391.0,1.0,1.0,1.0,0.89292926,1.0,-0.0,0.0,-4.5262577e-06,-0.10706619,0.46233758,4.0970545,0.8827673,4.947235,1.8565295,10.732226,0.0,6.670503,-1.993074,0.6018519,99.62623,1.0,0.0,0.0,1.0,0.0,0,10.0933695,5.0685687,2.2051914,0.51515627,3.5487459,9.321013,0.0,0.6295083,5.944778,3.3479023
2,409,410.0,10.0,1.0,1.0,391.0,1.0,1.0,1.0,0.9543106,1.0,-0.0,0.0,-4.462566e-06,-0.04568495,0.35322234,4.2965345,1.2109301,6.3015237,0.7052088,6.1591206,0.0,7.3515644,-3.9297454,0.6018519,101.07208,1.0,0.0,0.0,1.0,0.0,0,6.684225,2.4716504,2.9315104,0.0,3.7320755,7.039149,0.0,0.0,2.9375567,4.1965504
3,409,410.0,10.0,1.0,1.0,391.0,1.0,1.0,1.0,0.9564182,1.0,-0.0,0.0,-4.55437e-06,-0.043577276,0.3323022,4.2801833,1.2417287,5.4237547,0.8148326,5.801671,0.0,7.4412313,-5.3619056,0.5833333,100.89648,1.0,0.0,0.0,1.0,0.0,0,6.530288,2.8810065,2.6577063,0.0,4.2166905,6.8107734,0.0,0.058920678,3.256711,2.9786196
0,410,411.0,10.0,1.0,1.0,392.0,1.0,1.0,1.0,0.953066,1.0,-0.0,0.0,-3.9277606e-06,-0.046930093,0.37608778,4.304088,1.255971,7.4272437,0.6868009,5.388561,0.0,7.2605,-4.5853305,0.5694444,99.868515,1.0,0.0,0.0,1.0,0.0,0,6.8658237,2.742815,2.575304,0.0,3.7986114,7.4452906,0.0,0.0,4.3577557,2.9180038
1,410,411.0,10.0,1.0,1.0,392.0,1.0,1.0,1.0,0.89247423,1.0,-0.0,0.0,-4.5047486e-06,-0.107521236,0.45889354,4.094835,0.8817165,4.871645,1.8601699,10.611184,0.0,6.599419,-2.0723362,0.6018519,99.643005,1.0,0.0,0.0,1.0,0.0,0,10.174346,5.038892,2.256002,0.53732604,3.5279253,9.353683,0.0,0.6079952,6.0605335,3.04509
2,410,411.0,10.0,1.0,1.0,392.0,1.0,1.0,1.0,0.9542455,1.0,-0.0,0.0,-4.155491e-06,-0.045750342,0.37362874,4.311961,1.2129294,6.2621317,0.7049435,6.14805,0.0,7.300841,-3.6053667,0.6018519,101.08255,1.0,0.0,0.0,1.0,0.0,0,6.2909036,2.028095,2.8851023,0.0,4.1482697,7.0621004,0.0,0.0,3.018821,4.1432934
3,410,411.0,10.0,1.0,1.0,392.0,1.0,1.0,1.0,0.9563819,1.0,-0.0,0.0,-4.270418e-06,-0.04361376,0.33167973,4.299786,1.2412832,5.4185553,0.8128264,5.8072014,0.0,7.4237537,-5.343541,0.5833333,100.911804,1.0,0.0,0.0,1.0,0.0,0,6.497254,2.8538632,2.6931474,0.0,4.1129436,6.7468457,0.0,0.099966496,3.2519014,3.0143924
0,411,412.0,10.0,1.0,1.0,393.0,1.0,1.0,1.0,0.95021266,1.0,-0.0,0.0,-3.7582909e-06,-0.04978357,0.5101457,4.3756347,1.2587235,7.4525094,0.67910624,5.5345035,0.0,7.2878227,-2.9105945,0.5694444,100.123535,1.0,0.0,0.0,1.0,0.0,0,7.0143447,2.9543989,2.6257284,0.0,3.6439047,7.4053845,0.0,0.0,3.4651854,3.6781828
1,411,412.0,10.0,1.0,1.0,393.0,1.0,1.0,1.0,0.89212334,1.0,-0.0,0.0,-4.0956975e-06,-0.10787255,0.58574826,4.172132,0.887808,4.8759828,1.8629804,10.48404,0.0,6.60628,-0.8658692,0.6018519,99.873505,1.0,0.0,0.0,1.0,0.0,0,10.373954,5.121492,2.2232392,0.5630013,3.1946743,9.448334,0.0,0.54872733,6.2738256,2.9843466
2,411,412.0,10.0,1.0,1.0,393.0,1.0,1.0,1.0,0.948559,1.0,-0.0,0.0,-4.2193706e-06,-0.051436804,0.5131993,4.3719826,1.2158957,6.242092,0.69054824,6.4669905,0.0,7.276966,-1.7249985,0.6018519,101.32179,1.0,0.0,0.0,1.0,0.0,0,6.3353934,2.864741,2.5537355,0.0,4.0603104,7.0258675,0.0,0.0,2.2240384,4.6984363
3,411,412.0,10.0,1.0,1.0,393.0,1.0,1.0,1.0,0.9560194,1.0,-0.0,0.0,-4.4428198e-06,-0.04397613,0.44333935,4.3608475,1.242494,5.399013,0.8075633,5.8198624,0.0,7.400591,-4.116354,0.5833333,101.15055,1.0,0.0,0.0,1.0,0.0,0,6.6052165,2.7324061,2.770212,0.0,4.568282,7.294398,0.0,0.10341992,3.801364,3.2526667
0,412,413.0,10.0,1.0,1.0,394.0,1.0,1.0,1.0,0.95426464,1.0,-0.0,0.0,-4.2711795e-06,-0.045731075,0.31181648,4.297632,1.2593621,7.4517746,0.6899074,5.292089,0.0,7.3068047,-5.0786304,0.5694444,100.21845,1.0,0.0,0.0,1.0,0.0,0,7.013299,2.8335834,2.6603367,0.0,3.6241524,7.4196815,0.0,0.0,4.153849,2.975191
1,412,413.0,10.0,1.0,1.0,394.0,1.0,1.0,1.0,0.8918078,1.0,-0.0,0.0,-4.6106175e-06,-0.1081876,0.4142571,4.0900087,0.8962095,4.9014454,1.8655008,10.351176,0.0,6.6367254,-2.5299435,0.6018519,99.978065,1.0,0.0,0.0,1.0,0.0,0,10.464768,5.1627474,2.1663218,0.6098081,2.9643073,9.47195,0.0,0.66277176,6.1372805,3.251008
2,412,413.0,10.0,1.0,1.0,394.0,1.0,1.0,1.0,0.9518544,1.0,-0.0,0.0,-4.7286144e-06,-0.04814086,0.31398422,4.3265953,1.2189293,6.208002,0.72317487,6.246482,0.0,7.3297806,-3.739317,0.6018519,101.37221,1.0,0.0,0.0,1.0,0.0,0,6.7797637,2.5620415,2.9102552,0.0,3.6799226,6.8675294,0.0,0.0,2.6180773,4.187772
3,412,413.0,10.0,1.0,1.0,394.0,1.0,1.0,1.0,0.9563377,1.0,-0.0,0.0,-4.403664e-06,-0.043657888,0.2840191,4.312435,1.2425176,5.3869624,0.8093577,5.800591,0.0,7.3798285,-5.5585427,0.5833333,101.21429,1.0,0.0,0.0,1.0,0.0,0,6.3950925,2.6721601,2.7279198,0.0,4.1725726,6.6644616,0.0,0.2785047,3.309588,2.964102
0,413,414.0,10.0,1.0,1.0,395.0,1.0,1.0,1.0,0.95376796,1.0,-0.0,0.0,-3.6401896e-06,-0.04622842,0.40206537,4.3360825,1.258393,7.42408,0.6871805,5.3496246,0.0,7.2898684,-4.0823555,0.5694444,100.2616,1.0,0.0,0.0,1.0,0.0,0,6.5334134,2.4047377,2.6324923,0.0,4.099309,7.4920564,0.0,0.0,4.3488655,3.0035162
1,413,414.0,10.0,1.0,1.0,395.0,1.0,1.0,1.0,0.8914865,1.0,-0.0,0.0,-3.4961533e-06,-0.10850993,0.49061215,4.1156383,0.9065062,4.951664,1.8680794,10.231768,0.0,6.6579967,-1.9389782,0.6018519,99.996414,1.0,0.0,0.0,1.0,0.0,0,10.469855,5.134417,2.171046,0.6391886,2.961789,9.474699,0.0,0.583949,6.293302,2.9936147
2,413,414.0,10.0,1.0,1.0,395.0,1.0,1.0,1.0,0.9507034,1.0,-0.0,0.0,-3.918219e-06,-0.049292676,0.40593594,4.3428407,1.2252072,6.2585044,0.7242183,6.268506,0.0,7.392659,-2.722768,0.6018519,101.39864,1.0,0.0,0.0,1.0,0.0,0,6.4278007,2.1275918,2.8473294,0.0,4.136159,6.946956,0.0,0.0,2.8064568,4.198394
3,413,414.0,10.0,1.0,1.0,395.0,1.0,1.0,1.0,0.95646554,1.0,-0.0,0.0,-4.0919576e-06,-0.04353037,0.34499502,4.3303924,1.2422177,5.336289,0.80767274,5.795189,0.0,7.3514576,-4.901572,0.5833333,101.23156,1.0,0.0,0.0,1.0,0.0,0,6.643983,2.9486928,2.7518082,0.0,3.6927013,7.0255113,0.0,0.22463138,3.4524941,3.149839
0,414,415.0,10.0,1.0,1.0,396.0,1.0,1.0,1.0,0.953705,1.0,-0.0,0.0,-4.5262154e-06,-0.046290435,0.36137104,4.3390875,1.2645378,7.4314604,0.695765,5.3459644,0.0,7.2239013,-4.435328,0.5694444,100.2924,1.0,0.0,0.0,1.0,0.0,0,6.647433,2.7722566,2.5374403,0.0,3.8006241,7.5395327,0.22784394,0.0,4.1847677,3.2564888
1,414,415.0,10.0,1.0,1.0,396.0,1.0,1.0,1.0,0.8910394,1.0,-0.0,0.0,-4.5454117e-06,-0.10895608,0.45139456,4.1152096,0.91351086,4.967923,1.8716487,10.123655,0.0,6.6534295,-2.3861675,0.6018519,100.03251,1.0,0.0,0.0,1.0,0.0,0,10.536232,5.1583304,2.1934407,0.63441586,2.9447992,9.53628,0.0,0.6197735,6.2940364,3.213311
2,414,415.0,10.0,1.0,1.0,396.0,1.0,1.0,1.0,0.9522655,1.0,-0.0,0.0,-4.2028623e-06,-0.047730274,0.3385365,4.3537507,1.224889,6.2771196,0.7268588,6.177148,0.0,7.4142065,-3.510275,0.6018519,101.41729,1.0,0.0,0.0,1.0,0.0,0,6.372336,1.9905441,2.8811214,0.0,4.148052,6.941032,0.0,0.0,2.8887408,4.0648856
3,414,415.0,10.0,1.0,1.0,396.0,1.0,1.0,1.0,0.95615435,1.0,-0.0,0.0,-4.697015e-06,-0.04384097,0.32047892,4.344495,1.24573,5.3036165,0.8059969,5.787482,0.0,7.3254433,-5.016587,0.5833333,101.24333,1.0,0.0,0.0,1.0,0.0,0,6.290882,2.5717955,2.7005405,0.0,4.3745313,6.7755604,0.16469829,0.22922803,3.6461656,3.0914247
0,415,416.0,10.0,1.0,1.0,397.0,1.0,1.0,1.0,0.95452327,1.0,-0.0,0.0,-3.6760598e-06,-0.045473017,0.3861245,4.383323,1.2626672,7.3808045,0.6966328,5.3475757,0.0,7.19721,-4.0870476,0.5694444,100.315,1.0,0.0,0.0,1.0,0.0,0,6.2963586,2.4139857,2.6862063,0.0,4.058681,7.679943,0.2862516,0.0,4.5944376,3.1236532
1,415,416.0,10.0,1.0,1.0,397.0,1.0,1.0,1.0,0.890491,1.0,-0.0,0.0,-3.6987747e-06,-0.109505326,0.4684843,4.1449184,0.92200685,5.0071673,1.8750869,10.035486,0.0,6.673178,-2.2940264,0.6018519,100.04495,1.0,0.0,0.0,1.0,0.0,0,10.662834,5.1806993,2.1980474,0.68241,2.8812296,9.594216,0.0,0.5755617,6.3664403,3.0292845
2,415,416.0,10.0,1.0,1.0,397.0,1.0,1.0,1.0,0.9522822,1.0,-0.0,0.0,-3.915894e-06,-0.047713853,0.34456587,4.3856645,1.2253495,6.229912,0.7254406,6.1727095,0.0,7.4451327,-3.3936453,0.6018519,101.42969,1.0,0.0,0.0,1.0,0.0,0,6.8512516,2.6974113,2.6250222,0.0,4.2540526,6.9385843,0.0,0.0,2.8756192,4.0691934
3,415,416.0,10.0,1.0,1.0,397.0,1.0,1.0,1.0,0.95552295,1.0,-0.0,0.0,-4.184402e-06,-0.044472877,0.3452953,4.35845,1.2519587,5.301401,0.80452424,5.7786813,0.0,7.3413625,-4.595289,0.5833333,101.25574,1.0,0.0,0.0,1.0,0.0,0,6.8429284,2.7748995,2.617239,0.0,3.9711926,6.400501,0.25296566,0.10585573,3.5311928,2.8475087
0,416,417.0,10.0,1.0,1.0,398.0,1.0,1.0,1.0,0.9531479,1.0,-0.0,0.0,-4.105381e-06,-0.04684801,0.6860629,4.2331395,1.2672346,7.446201,0.69838303,5.364679,0.0,7.2490067,-0.82175714,0.5694444,100.562836,1.0,0.0,0.0,1.0,0.0,0,6.5605254,2.7626622,2.681616,0.0,3.628947,7.5289817,0.25411865,0.0,4.019223,3.3431287
1,416,417.0,10.0,1.0,1.0,398.0,1.0,1.0,1.0,0.8894932,1.0,-0.0,0.0,-4.0085224e-06,-0.11050279,0.7911302,4.0003834,0.9311984,5.0504494,1.8772956,9.916869,0.0,6.694509,0.9584492,0.6018519,100.26868,1.0,0.0,0.0,1.0,0.0,0,10.6901655,5.1978483,2.2073002,0.70336574,2.9150794,9.616074,0.0,0.4980015,6.4015756,2.8643367
2,416,417.0,10.0,1.0,1.0,398.0,1.0,1.0,1.0,0.9474571,1.0,-0.0,0.0,-4.154693e-06,-0.052538723,0.6774194,4.244832,1.2260035,6.1975236,0.70512563,6.457296,0.0,7.476719,0.5666423,0.6018519,101.67103,1.0,0.0,0.0,1.0,0.0,0,6.5254946,2.2939174,2.7715323,0.0,4.214219,7.02545,0.0,0.0,2.298057,4.6107993
3,416,417.0,10.0,1.0,1.0,398.0,1.0,1.0,1.0,0.95516247,1.0,-0.0,0.0,-4.273206e-06,-0.04483324,0.6714016,4.21979,1.2572664,5.23751,0.7995398,5.7604957,0.0,7.2189307,-0.9775581,0.5833333,101.48014,1.0,0.0,0.0,1.0,0.0,0,6.6680727,3.320507,2.8094602,0.0,3.3401914,6.4302096,0.19226296,0.036125895,3.7103033,2.7900848
0,417,418.0,10.0,1.0,1.0,399.0,1.0,1.0,1.0,0.9501779,1.0,-0.0,0.0,-4.909498e-06,-0.04981721,0.16116537,4.2250166,1.2806225,7.4621725,0.6864268,5.526859,0.0,7.5747614,-6.0033765,0.5694444,100.687515,1.0,0.0,0.0,1.0,0.0,0,9.858732,3.0366147,1.447105,0.0,3.1105123,7.4927554,0.2217552,0.0,3.819174,3.389703
1,417,418.0,10.0,1.0,1.0,399.0,1.0,1.0,1.0,0.8808016,1.0,-0.0,0.0,-5.353799e-06,-0.11919304,0.16886052,3.9554372,0.9841005,5.6396117,1.8682626,9.858538,0.0,7.5612,-6.040158,0.6018519,100.424255,1.0,0.0,0.0,1.0,0.0,0,11.397303,7.0003676,1.746016,0.48752114,1.6004335,10.058501,0.0,0.7118081,6.9311414,2.978122
2,417,418.0,10.0,1.0,1.0,399.0,1.0,1.0,1.0,0.95572954,1.0,-0.0,0.0,-5.3547656e-06,-0.04426509,0.07743314,4.1965456,1.2482936,6.257003,0.72834647,5.7937026,0.0,7.633192,-6.296341,0.6018519,101.84008,1.0,0.0,0.0,1.0,0.0,0,7.5237966,4.0043426,2.389789,0.0,3.6698008,6.7648454,0.0,0.0,2.5542083,4.09814
3,417,418.0,10.0,1.0,1.0,399.0,1.0,1.0,1.0,0.949429,1.0,-0.0,0.0,-5.2882237e-06,-0.05056571,0.18289089,4.1731634,1.3084366,5.1957865,0.7892289,5.7206674,0.0,7.205737,-5.6491017,0.5833333,101.672005,1.0,0.0,0.0,1.0,0.0,0,7.157985,4.0456953,1.7319276,0.0,5.0114684,6.710524,0.27977833,0.27802783,3.8266919,3.0836225
0,418,419.0,10.0,1.0,1.0,400.0,1.0,1.0,1.0,0.9485556,1.0,-0.0,0.0,-5.139386e-06,-0.051439255,0.4598461,4.0571995,1.2961955,7.614596,0.69710195,5.4717584,0.0,7.626118,-2.9395986,0.5694444,100.91591,1.0,0.0,0.0,1.0,0.0,0,7.2736583,3.3091974,2.336111,0.0,3.0856516,7.619207,0.4259622,0.0,4.3347445,3.1352153
1,418,419.0,10.0,1.0,1.0,400.0,1.0,1.0,1.0,0.8785388,1.0,-0.0,0.0,-4.7655753e-06,-0.12145646,0.5314536,3.810431,1.008333,5.8107057,1.8635575,9.78129,0.0,7.5764194,-2.5423472,0.6018519,100.62813,1.0,0.0,0.0,1.0,0.0,0,10.377634,5.9862924,2.0453181,0.60383886,3.0528657,10.083173,0.0,0.4941825,7.0014825,2.874161
2,418,419.0,10.0,1.0,1.0,400.0,1.0,1.0,1.0,0.9501109,1.0,-0.0,0.0,-5.5181226e-06,-0.049883537,0.39898604,4.05545,1.2604034,6.6370697,0.7192557,6.0399857,0.0,8.208438,-2.8162246,0.6018519,102.05873,1.0,0.0,0.0,1.0,0.0,0,7.109204,3.3240862,2.5809216,0.0,3.1446261,6.8351655,0.0,0.0,2.4739478,4.093234
3,418,419.0,10.0,1.0,1.0,400.0,1.0,1.0,1.0,0.95003426,1.0,-0.0,0.0,-4.9102873e-06,-0.049960822,0.4619878,4.04097,1.3010104,5.692814,0.79320276,5.740071,0.0,7.878633,-2.9018369,0.5833333,101.88706,1.0,0.0,0.0,1.0,0.0,0,7.622711,4.0719953,2.2433503,0.0,2.9627442,6.361773,0.2983099,0.16049403,3.7703211,2.6603518
0,419,420.0,10.0,1.0,1.0,401.0,1.0,1.0,1.0,0.9506253,1.0,-0.0,0.0,-5.3827885e-06,-0.049369354,0.36945343,4.3462625,1.2933501,7.5238447,0.6960925,5.4383154,0.0,7.323729,-3.633995,0.5694444,101.15225,1.0,0.0,0.0,1.0,0.0,0,6.8584576,2.863773,2.667077,0.0,3.9347305,7.688839,0.6597417,0.0,4.507867,3.2542682
1,419,420.0,10.0,1.0,1.0,401.0,1.0,1.0,1.0,0.8803496,1.0,-0.0,0.0,-4.789655e-06,-0.119645655,0.44884717,4.080904,1.0049907,5.7047677,1.8631961,9.677876,0.0,7.1979456,-3.2699249,0.6018519,100.845024,1.0,0.0,0.0,1.0,0.0,0,10.899563,5.575994,2.3229973,0.75941443,3.2633522,10.36068,0.0,0.55199504,7.5271573,2.8279138
2,419,420.0,10.0,1.0,1.0,401.0,1.0,1.0,1.0,0.95656693,1.0,-0.0,0.0,-5.2431624e-06,-0.043427795,0.3174644,4.3301725,1.2546804,6.470259,0.7272917,5.6955643,0.0,7.8525543,-3.6701736,0.6018519,102.27877,1.0,0.0,0.0,1.0,0.0,0,7.0437627,2.9506454,2.8021483,0.0,3.859207,6.690929,0.0,0.0,2.757732,3.9216497
3,419,420.0,10.0,1.0,1.0,401.0,1.0,1.0,1.0,0.9512218,1.0,-0.0,0.0,-5.0595095e-06,-0.04877311,0.3800176,4.335098,1.2966185,5.5193458,0.7890337,5.7017474,0.0,7.5153837,-3.5482025,0.5833333,102.126076,1.0,0.0,0.0,1.0,0.0,0,7.088014,3.2668452,2.6996708,0.0,3.9157274,6.3921065,0.3505695,0.2541819,3.6010199,2.6045547
0,420,421.0,10.0,1.0,1.0,402.0,1.0,1.0,1.0,0.9450711,1.0,-0.0,0.0,-4.2910233e-06,-0.054924622,0.47312194,4.0195417,1.3361983,7.920446,0.6893488,5.3750305,0.0,7.7182083,-2.547733,0.5694444,101.54669,1.0,0.0,0.0,1.0,0.0,0,7.6306014,3.8173406,1.2548966,0.0,3.011763,7.1314464,0.4490242,0.0,3.9922686,2.8688784
1,420,421.0,10.0,1.0,1.0,402.0,1.0,1.0,1.0,0.8733313,1.0,-0.0,0.0,-3.904211e-06,-0.12666473,0.54655486,3.7535093,1.048271,6.139383,1.8614,9.567453,0.0,7.72446,-2.6273677,0.6018519,101.2391,1.0,0.0,0.0,1.0,0.0,0,11.660409,7.092414,1.3570453,0.47088712,2.2486491,10.328782,0.0,0.34883633,7.2906575,2.4073555
2,420,421.0,10.0,1.0,1.0,402.0,1.0,1.0,1.0,0.94775504,1.0,-0.0,0.0,-4.053757e-06,-0.052240923,0.5088586,3.9972205,1.2886516,6.7611012,0.7133935,5.969568,0.0,7.9786057,-0.9824331,0.6018519,102.678474,1.0,0.0,0.0,1.0,0.0,0,8.063704,5.9334807,1.2873135,0.0,3.5074701,6.8364534,0.0,0.0,2.429642,4.075547
3,420,421.0,10.0,1.0,1.0,402.0,1.0,1.0,1.0,0.94428116,1.0,-0.0,0.0,-3.6537601e-06,-0.055715177,0.5195379,3.968194,1.3615513,5.721215,0.78301466,5.631275,0.0,7.4754333,-1.6052728,0.5833333,102.5633,1.0,0.0,0.0,1.0,0.0,0,7.8895445,5.698011,1.3467765,0.0,3.5549965,6.5469646,0.121106595,0.0637985,3.4848807,2.7655299
0,421,422.0,10.0,1.0,1.0,403.0,1.0,1.0,1.0,0.94704676,1.0,-0.0,0.0,-5.939671e-06,-0.052947305,0.26272014,4.392938,1.3332578,7.864371,0.69478804,5.3124666,0.0,7.5576954,-4.948767,0.5694444,101.86124,1.0,0.0,0.0,1.0,0.0,0,6.9759855,3.5900614,2.20399,0.0,3.7830105,7.6250806,0.75959504,0.0,4.4861846,3.2861795
1,421,422.0,10.0,1.0,1.0,403.0,1.0,1.0,1.0,0.87222993,1.0,-0.0,0.0,-5.946466e-06,-0.1277641,0.34239554,4.097891,1.0534815,6.138745,1.8702801,9.4342575,0.0,7.54452,-4.702064,0.6018519,101.524445,1.0,0.0,0.0,1.0,0.0,0,9.788832,5.7288313,2.3027263,0.88415974,3.3256388,9.971358,0.0,0.60673916,7.027754,2.8822455
2,421,422.0,10.0,1.0,1.0,403.0,1.0,1.0,1.0,0.95493054,1.0,-0.0,0.0,-6.7054784e-06,-0.045062773,0.22364147,4.347103,1.2810372,6.7976055,0.7280253,5.595987,0.0,8.151722,-4.554877,0.6018519,102.970634,1.0,0.0,0.0,1.0,0.0,0,7.0938983,3.9460828,2.371498,0.0,3.660656,6.6050634,0.0,0.0,2.6415915,4.1111655
3,421,422.0,10.0,1.0,1.0,403.0,1.0,1.0,1.0,0.9481391,1.0,-0.0,0.0,-6.259875e-06,-0.05185468,0.2475787,4.337138,1.3403329,6.178162,0.77365285,5.558784,0.0,8.0993395,-5.041291,0.5833333,102.88082,1.0,0.0,0.0,1.0,0.0,0,7.4921603,4.3971863,2.271418,0.0,2.8495839,6.232909,0.46385813,0.12812385,3.6668782,2.6490262
0,422,423.0,10.0,1.0,1.0,404.0,1.0,1.0,1.0,0.94830906,1.0,-0.0,0.0,-4.6049163e-06,-0.051686354,0.4799962,4.1098294,1.3493994,7.9394107,0.6973709,5.1617694,0.0,7.624111,-2.433815,0.5694444,102.19527,1.0,0.0,0.0,1.0,0.0,0,8.683792,3.3251953,1.2967154,0.0,3.4951274,7.0080285,0.431938,0.0,3.840852,2.8270404
1,422,423.0,10.0,1.0,1.0,404.0,1.0,1.0,1.0,0.86609405,1.0,-0.0,0.0,-4.666309e-06,-0.13390131,0.56353736,3.811761,1.0844938,6.427394,1.8808912,9.289208,0.0,7.7203426,-2.3787227,0.6018519,101.86485,1.0,0.0,0.0,1.0,0.0,0,11.586118,6.40842,1.8073364,0.3942434,2.51189,9.912019,0.0,0.32112756,6.861778,2.5328944
2,422,423.0,10.0,1.0,1.0,404.0,1.0,1.0,1.0,0.95487356,1.0,-0.0,0.0,-3.9890456e-06,-0.045122437,0.46821684,4.058722,1.2978684,6.6778874,0.71869826,5.4733324,0.0,7.6736813,-1.5384629,0.6018519,103.30755,1.0,0.0,0.0,1.0,0.0,0,7.800509,4.899815,1.6440854,0.0,3.9941995,6.7851596,0.0,0.0,2.615492,3.855281
3,422,423.0,10.0,1.0,1.0,404.0,1.0,1.0,1.0,0.94215006,1.0,-0.0,0.0,-3.893083e-06,-0.057846088,0.54708385,4.022725,1.3914638,6.2180853,0.7683401,5.5347867,0.0,7.8314543,-1.0325904,0.5833333,103.243675,1.0,0.0,0.0,1.0,0.0,0,8.092577,5.443903,1.669441,0.0,3.8674755,6.3582416,0.45148948,0.09437514,3.7600331,2.7359447
0,423,424.0,10.0,1.0,1.0,405.0,1.0,1.0,1.0,0.9531873,1.0,-0.0,0.0,-5.3297867e-06,-0.0468074,0.25258362,4.4582787,1.3298965,7.6853456,0.70065594,5.1230974,0.0,7.375201,-5.0144114,0.5694444,102.509674,1.0,0.0,0.0,1.0,0.0,0,7.6450796,3.7460914,2.0998967,0.0,3.6279764,7.659964,0.6527586,0.0,4.27009,3.2054145
1,423,424.0,10.0,1.0,1.0,405.0,1.0,1.0,1.0,0.8681388,1.0,-0.0,0.0,-5.6953063e-06,-0.1318555,0.3838837,4.138941,1.0786668,6.261006,1.8867098,9.233965,0.0,7.464085,-4.1566043,0.6018519,102.15788,1.0,0.0,0.0,1.0,0.0,0,10.173092,5.455445,2.3292637,0.88097626,3.2932606,9.566722,0.0,0.45255604,6.752067,2.7559426
2,423,424.0,10.0,1.0,1.0,405.0,1.0,1.0,1.0,0.96150994,1.0,-0.0,0.0,-5.1516745e-06,-0.038484946,0.18588416,4.3869905,1.2738832,6.7735996,0.70819527,5.254972,0.0,8.091869,-5.236242,0.6018519,103.603195,1.0,0.0,0.0,1.0,0.0,0,7.022985,3.7329001,2.347288,0.0,3.343278,6.1104,0.0,0.0,2.7171416,4.065953
3,423,424.0,10.0,1.0,1.0,405.0,1.0,1.0,1.0,0.9473441,1.0,-0.0,0.0,-5.366689e-06,-0.052650537,0.27705953,4.3774495,1.3577118,6.453657,0.76311207,5.4761925,0.0,8.216088,-4.579562,0.5833333,103.56753,1.0,0.0,0.0,1.0,0.0,0,7.138693,4.169679,2.2076988,0.0,3.0604079,6.146063,0.5302871,0.18419714,3.7556248,2.4764223
0,424,425.0,10.0,1.0,1.0,406.0,1.0,1.0,1.0,0.95435166,1.0,-0.0,0.0,-4.7067274e-06,-0.045643598,0.39757937,4.2297525,1.3422453,7.7024484,0.70213425,5.0361667,0.0,7.4815726,-3.258072,0.5694444,102.737724,1.0,0.0,0.0,1.0,0.0,0,8.852663,3.7533872,1.2059742,0.0,3.2459815,7.227015,0.3175739,0.0,3.70868,2.9568143
1,424,425.0,10.0,1.0,1.0,406.0,1.0,1.0,1.0,0.8632168,1.0,-0.0,0.0,-4.3074065e-06,-0.13677889,0.517264,3.8987167,1.1081958,6.5382843,1.8891264,9.150003,0.0,7.7179785,-2.8679636,0.6018519,102.40002,1.0,0.0,0.0,1.0,0.0,0,11.538042,5.9402523,1.9119272,0.44900346,1.423734,9.425717,0.0,0.30030978,6.5572963,2.585148
2,424,425.0,10.0,1.0,1.0,406.0,1.0,1.0,1.0,0.95661336,1.0,-0.0,0.0,-4.3649593e-06,-0.043382276,0.38520956,4.1518903,1.3013788,6.861134,0.7115154,5.3425946,0.0,7.8702073,-2.71184,0.6018519,103.83711,1.0,0.0,0.0,1.0,0.0,0,7.4772477,5.0589213,1.3735338,0.0,3.7046096,6.1202455,0.0,0.0,2.433491,3.988392
3,424,425.0,10.0,1.0,1.0,406.0,1.0,1.0,1.0,0.9416212,1.0,-0.0,0.0,-4.217391e-06,-0.05837457,0.48575476,4.1260633,1.4091882,6.5844736,0.7558453,5.433562,0.0,8.101739,-1.9550194,0.5833333,103.818726,1.0,0.0,0.0,1.0,0.0,0,7.814644,5.359847,1.5594898,0.0,3.8637521,6.1124096,0.33374092,0.15554257,3.765706,2.5210457
0,425,426.0,10.0,1.0,1.0,407.0,1.0,1.0,1.0,0.95851886,1.0,-0.0,0.0,-4.9066484e-06,-0.04147628,0.21758825,4.444591,1.3249186,7.4885764,0.70261586,4.9846005,0.0,7.278017,-5.219558,0.5694444,102.96491,1.0,0.0,0.0,1.0,0.0,0,7.025981,3.8073087,2.1924756,0.0,3.8313668,7.6654234,0.59369624,0.0,4.148407,3.2083254
1,425,426.0,10.0,1.0,1.0,407.0,1.0,1.0,1.0,0.8656935,1.0,-0.0,0.0,-4.4064163e-06,-0.13430206,0.3966257,4.0970383,1.1029627,6.3779817,1.8906856,9.1045065,0.0,7.482622,-4.0395966,0.6018519,102.61209,1.0,0.0,0.0,1.0,0.0,0,10.679747,5.931953,2.0980496,0.7417787,3.3657722,10.256749,0.0,0.53042483,7.4052505,2.6532736
2,425,426.0,10.0,1.0,1.0,407.0,1.0,1.0,1.0,0.96139777,1.0,-0.0,0.0,-5.557968e-06,-0.038596667,0.15693903,4.3557744,1.2821664,6.940575,0.718675,5.199552,0.0,8.194194,-5.551275,0.6018519,104.05487,1.0,0.0,0.0,1.0,0.0,0,7.263878,3.9192276,2.273968,0.0,3.5357625,5.990966,0.0,0.0,2.7115428,4.0459685
3,425,426.0,10.0,1.0,1.0,407.0,1.0,1.0,1.0,0.94697523,1.0,-0.0,0.0,-4.8787656e-06,-0.05301989,0.27696267,4.339549,1.3747573,6.709243,0.74408764,5.370513,0.0,8.394448,-4.520698,0.5833333,104.046425,1.0,0.0,0.0,1.0,0.0,0,7.436506,4.280473,2.3951948,0.0,3.7158751,6.1692977,0.5092874,0.29809803,4.1430597,2.5958612
0,426,427.0,10.0,1.0,1.0,408.0,1.0,1.0,1.0,0.9603162,1.0,-0.0,0.0,-4.6272476e-06,-0.039679196,0.16411804,4.3913817,1.3174336,7.3694406,0.7068724,4.968554,0.0,7.2727585,-5.5441833,0.5694444,102.99754,1.0,0.0,0.0,1.0,0.0,0,6.9794855,3.4499617,2.1730657,0.0,3.8205287,7.6944156,0.55835027,0.0,4.0730276,3.18841
1,426,427.0,10.0,1.0,1.0,408.0,1.0,1.0,1.0,0.867905,1.0,-0.0,0.0,-4.210437e-06,-0.13209078,0.34646356,4.0353007,1.0963107,6.238955,1.8915322,9.061722,0.0,7.425234,-4.439741,0.6018519,102.65257,1.0,0.0,0.0,1.0,0.0,0,10.755137,5.983117,2.209586,0.723968,3.207085,10.242777,0.0,0.4574654,7.2168107,2.703857
2,426,427.0,10.0,1.0,1.0,408.0,1.0,1.0,1.0,0.9619257,1.0,-0.0,0.0,-4.5422453e-06,-0.038069807,0.14672783,4.3336163,1.2766075,6.7073746,0.73309016,5.2096314,0.0,7.9445305,-5.416039,0.6018519,104.07975,1.0,0.0,0.0,1.0,0.0,0,7.156118,3.566072,2.3131118,0.0,3.8854556,5.8981385,0.15581293,0.0,2.7802684,4.0817986
3,426,427.0,10.0,1.0,1.0,408.0,1.0,1.0,1.0,0.947765,1.0,-0.0,0.0,-3.860294e-06,-0.05223111,0.23022965,4.298034,1.3713689,6.506587,0.7415553,5.3485994,0.0,8.201523,-4.827614,0.5833333,104.0688,1.0,0.0,0.0,1.0,0.0,0,6.9064903,3.7815814,2.3483143,0.0,3.7548742,6.012654,0.466431,0.31875315,3.8992836,2.471472
0,427,428.0,10.0,1.0,1.0,409.0,1.0,1.0,1.0,0.95410657,1.0,-0.0,0.0,-4.5721704e-06,-0.045888837,0.42233133,4.3543,1.3558228,7.7533298,0.7051364,4.8377786,0.0,7.60282,-3.1244535,0.5694444,103.13131,1.0,0.0,0.0,1.0,0.0,0,7.102289,4.275378,1.3975558,0.0,4.2253623,7.422739,0.57465786,0.0,4.205371,3.127817
1,427,428.0,10.0,1.0,1.0,409.0,1.0,1.0,1.0,0.85942274,1.0,-0.0,0.0,-3.553476e-06,-0.14057368,0.60478634,4.039234,1.1428874,6.7374306,1.8929319,9.0023,0.0,7.783715,-2.3874166,0.6018519,102.8109,1.0,0.0,0.0,1.0,0.0,0,13.29638,6.9741507,1.7436541,0.66634023,1.9428579,10.163157,0.0,0.29779735,7.3277683,2.6256921
2,427,428.0,10.0,1.0,1.0,409.0,1.0,1.0,1.0,0.9539627,1.0,-0.0,0.0,-5.5560904e-06,-0.04603175,0.44119024,4.239291,1.3211496,6.8514256,0.7204412,5.353282,0.0,7.6223087,-1.9199005,0.6018519,104.17025,1.0,0.0,0.0,1.0,0.0,0,8.014486,4.7948623,1.6849496,0.0,4.1385155,6.5690703,0.036211744,0.0,2.7649696,3.8923774
3,427,428.0,10.0,1.0,1.0,409.0,1.0,1.0,1.0,0.9397015,1.0,-0.0,0.0,-4.336631e-06,-0.060294125,0.51332414,4.223072,1.4408479,6.7887287,0.7372862,5.311288,0.0,8.145915,-1.8108115,0.5833333,104.16603,1.0,0.0,0.0,1.0,0.0,0,7.7227182,5.375978,1.6027322,0.0,3.4575334,5.960232,0.34433395,0.19562095,3.9193933,2.3362594
0,428,429.0,10.0,1.0,1.0,410.0,1.0,1.0,1.0,0.9554584,1.0,-0.0,0.0,-6.838924e-06,-0.044534754,0.08351356,4.446553,1.3373952,7.672085,0.70689625,4.7793274,0.0,7.5950975,-6.8093686,0.5694444,103.25626,1.0,0.0,0.0,1.0,0.0,0,7.2526402,4.0884647,2.0592113,0.0,3.2990913,7.4385424,0.7679369,0.0,4.0574775,3.1962378
1,428,429.0,10.0,1.0,1.0,410.0,1.0,1.0,1.0,0.86581874,1.0,-0.0,0.0,-5.378862e-06,-0.13417593,0.33765733,4.044011,1.1319382,6.361139,1.8919222,8.962877,0.0,7.387083,-4.691625,0.6018519,102.91784,1.0,0.0,0.0,1.0,0.0,0,10.953194,6.2042212,2.1242785,0.7950851,3.142548,10.321659,0.0,0.4841105,7.5591187,2.4439704
2,428,429.0,10.0,1.0,1.0,410.0,1.0,1.0,1.0,0.95788836,1.0,-0.0,0.0,-4.8333673e-06,-0.042106815,0.14816242,4.3512197,1.3012707,6.826117,0.7144078,5.2668777,0.0,7.7641478,-5.0664225,0.6018519,104.30164,1.0,0.0,0.0,1.0,0.0,0,7.133033,3.790315,2.1498656,0.0,3.9275987,5.7788863,0.37051615,0.0,2.857918,4.081318
3,428,429.0,10.0,1.0,1.0,410.0,1.0,1.0,1.0,0.9470213,1.0,-0.0,0.0,-5.242131e-06,-0.052973475,0.1909513,4.355783,1.3943555,6.8190007,0.7210273,5.2207413,0.0,8.392365,-5.3714986,0.5833333,104.31428,1.0,0.0,0.0,1.0,0.0,0,7.012272,4.137215,2.0544195,0.0,3.8316123,5.7275233,0.47432685,0.33476955,3.8347108,2.4028993
0,429,430.0,10.0,1.0,1.0,411.0,1.0,1.0,1.0,0.95877475,1.0,-0.0,0.0,-3.7677835e-06,-0.0412215,0.1628494,4.466648,1.3249321,7.4732895,0.70660764,4.7932315,0.0,7.5786214,-5.7667947,0.5694444,103.32339,1.0,0.0,0.0,1.0,0.0,0,6.455092,3.3033586,2.0741591,0.0,4.1189666,7.394918,0.93064976,0.0,4.371548,3.137435
1,429,430.0,10.0,1.0,1.0,411.0,1.0,1.0,1.0,0.8663242,1.0,-0.0,0.0,-2.793641e-06,-0.13367303,0.42879134,4.0886087,1.1272507,6.272003,1.8997837,8.990631,0.0,7.355514,-3.7180228,0.6018519,102.994576,1.0,0.0,0.0,1.0,0.0,0,10.534565,5.8273597,2.1813593,0.80647033,2.6735003,10.305569,0.0,0.304745,7.501637,2.5445392
2,429,430.0,10.0,1.0,1.0,411.0,1.0,1.0,1.0,0.95814407,1.0,-0.0,0.0,-3.7990708e-06,-0.04185211,0.18510371,4.341249,1.2982824,6.5620756,0.7183785,5.274008,0.0,7.4411516,-4.452306,0.6018519,104.31749,1.0,0.0,0.0,1.0,0.0,0,7.0167155,3.4551516,2.34455,0.0,3.9091768,5.689056,0.5016017,0.0,3.0634248,4.1485496
3,429,430.0,10.0,1.0,1.0,411.0,1.0,1.0,1.0,0.948015,1.0,-0.0,0.0,-3.8170965e-06,-0.051981214,0.22640526,4.352809,1.3875182,6.587565,0.7190683,5.212486,0.0,8.190527,-4.95829,0.5833333,104.34203,1.0,0.0,0.0,1.0,0.0,0,6.7164354,3.6528783,2.3196368,0.0,3.6495135,5.6059694,0.4795027,0.31606805,4.0642695,2.4207194
0,430,431.0,10.0,1.0,1.0,412.0,1.0,1.0,1.0,0.95927215,1.0,-0.0,0.0,-6.93617e-06,-0.040720932,0.12453552,4.4145465,1.3239933,7.4432554,0.7068539,4.7593,0.0,7.6294637,-6.051429,0.5694444,103.40585,1.0,0.0,0.0,1.0,0.0,0,6.467275,3.1086016,2.1734529,0.0,4.233138,7.1623373,0.8962456,0.0,4.2008357,3.1880329
1,430,431.0,10.0,1.0,1.0,412.0,1.0,1.0,1.0,0.867543,1.0,-0.0,0.0,-5.680603e-06,-0.13245137,0.39669126,4.023647,1.1259822,6.190571,1.9008682,9.032277,0.0,7.312173,-3.8865325,0.6018519,103.09439,1.0,0.0,0.0,1.0,0.0,0,10.5656595,5.8075953,2.2679613,0.98529094,2.9664705,10.293003,0.0,0.38073254,7.4615703,2.502568
2,430,431.0,10.0,1.0,1.0,412.0,1.0,1.0,1.0,0.9580004,1.0,-0.0,0.0,-5.4791276e-06,-0.041994125,0.17506388,4.303855,1.3024734,6.4555984,0.7173758,5.2510962,0.0,7.2480597,-4.327383,0.6018519,104.391624,1.0,0.0,0.0,1.0,0.0,0,7.054628,3.4138472,2.3735707,0.0,4.082959,5.6695104,0.57153744,0.0,3.1354682,4.076917
3,430,431.0,10.0,1.0,1.0,412.0,1.0,1.0,1.0,0.9478095,1.0,-0.0,0.0,-5.1987354e-06,-0.05218529,0.20082854,4.315307,1.3919001,6.467596,0.714576,5.1918664,0.0,8.042419,-5.123361,0.5833333,104.41408,1.0,0.0,0.0,1.0,0.0,0,6.7621484,3.642113,2.3092003,0.0,3.807156,5.5693426,0.59794617,0.31907204,4.132502,2.3195539
0,431,432.0,10.0,1.0,1.0,413.0,1.0,1.0,1.0,0.9604607,1.0,-0.0,0.0,-4.764665e-06,-0.03953449,0.16649105,4.502385,1.316276,7.370716,0.7064185,4.743152,0.0,7.603439,-5.6219177,0.5694444,103.479256,1.0,0.0,0.0,1.0,0.0,0,6.3397083,2.767046,2.1425805,0.0,4.0208383,7.013312,1.0796093,0.0,4.4076695,3.1846704
1,431,432.0,10.0,1.0,1.0,413.0,1.0,1.0,1.0,0.86742187,1.0,-0.0,0.0,-3.913792e-06,-0.13257423,0.442373,4.125623,1.1267132,6.193606,1.9014463,9.041121,0.0,7.2859116,-3.409908,0.6018519,103.17285,1.0,0.0,0.0,1.0,0.0,0,10.47052,5.577558,2.2695913,1.010856,2.926809,10.389396,0.0,0.34215456,7.8387213,2.3149009
2,431,432.0,10.0,1.0,1.0,413.0,1.0,1.0,1.0,0.95804906,1.0,-0.0,0.0,-4.3202385e-06,-0.04194663,0.2207283,4.367582,1.3043236,6.3100924,0.7171172,5.23437,0.0,6.944836,-3.671784,0.6018519,104.420746,1.0,0.0,0.0,1.0,0.0,0,6.9447193,3.2186677,2.4620416,0.0,4.118024,5.6538005,0.63988,0.0,3.209174,4.1244926
3,431,432.0,10.0,1.0,1.0,413.0,1.0,1.0,1.0,0.94856113,1.0,-0.0,0.0,-4.3938708e-06,-0.051434483,0.2228368,4.383106,1.3942685,6.2930675,0.7110783,5.1290545,0.0,7.7643504,-4.824449,0.5833333,104.446945,1.0,0.0,0.0,1.0,0.0,0,6.6683564,3.50526,2.3779385,0.0,3.8593805,5.5606766,0.5609242,0.30461463,3.32317,2.9446704
0,432,433.0,10.0,1.0,1.0,414.0,1.0,1.0,1.0,0.96133834,1.0,-0.0,0.0,-6.5743834e-06,-0.038655125,0.34823492,4.2854466,1.3092409,7.2412167,0.6838777,4.7632465,0.0,7.5597987,-3.0952086,0.5694444,103.764984,1.0,0.0,0.0,1.0,0.0,0,6.1158166,2.748171,2.155526,0.0,4.3928714,7.220436,0.70606244,0.0,4.1308713,2.947607
1,432,433.0,10.0,1.0,1.0,414.0,1.0,1.0,1.0,0.86825794,1.0,-0.0,0.0,-5.451401e-06,-0.13173664,0.6304469,3.9055645,1.1267374,6.156069,1.8997505,9.02655,0.0,7.2513065,-1.1075279,0.6018519,103.46054,1.0,0.0,0.0,1.0,0.0,0,10.52572,5.4965816,2.2895944,1.0735968,2.813575,10.342641,0.0,0.2616623,7.593769,2.2687988
2,432,433.0,10.0,1.0,1.0,414.0,1.0,1.0,1.0,0.9581612,1.0,-0.0,0.0,-4.7161684e-06,-0.041834127,0.42446887,4.181816,1.305821,6.1896853,0.7154159,5.2163897,0.0,6.693894,-0.99538594,0.6018519,104.68362,1.0,0.0,0.0,1.0,0.0,0,6.754681,2.9815156,2.5077024,0.0,4.2552376,5.632106,0.40739217,0.0,2.9746532,4.0118804
3,432,433.0,10.0,1.0,1.0,414.0,1.0,1.0,1.0,0.9487367,1.0,-0.0,0.0,-4.7255694e-06,-0.051258553,0.4467368,4.183469,1.3969029,6.156577,0.7163796,5.0987406,0.0,7.5731025,-1.9400474,0.5833333,104.72685,1.0,0.0,0.0,1.0,0.0,0,6.544671,3.2640011,2.413594,0.0,4.0353646,5.488562,0.6266894,0.33119303,3.5623467,2.594626
0,433,434.0,10.0,1.0,1.0,415.0,1.0,1.0,1.0,0.962028,1.0,-0.0,0.0,-4.944219e-06,-0.037966996,0.20962395,4.4724517,1.303736,7.1822467,0.6779385,4.73026,0.0,7.5035987,-4.5491357,0.5694444,103.90911,1.0,0.0,0.0,1.0,0.0,0,5.982737,2.6176322,2.176635,0.0,4.412185,7.226351,1.1816106,0.0,4.5766916,3.1030183
1,433,434.0,10.0,1.0,1.0,415.0,1.0,1.0,1.0,0.8680146,1.0,-0.0,0.0,-4.820847e-06,-0.13198063,0.4669029,4.103817,1.1294706,6.195249,1.8964784,9.032798,0.0,7.2510643,-2.822921,0.6018519,103.61457,1.0,0.0,0.0,1.0,0.0,0,10.286465,5.206665,2.366069,1.1542711,2.8647933,10.338396,0.03558894,0.3028617,7.829911,2.2771828
2,433,434.0,10.0,1.0,1.0,415.0,1.0,1.0,1.0,0.95857596,1.0,-0.0,0.0,-3.8105725e-06,-0.041420195,0.24969168,4.3452425,1.3069665,6.129426,0.71682066,5.1829615,0.0,6.527053,-2.7740211,0.6018519,104.798,1.0,0.0,0.0,1.0,0.0,0,6.649496,2.862352,2.5350573,0.0,4.320052,5.6285825,0.6549591,0.0,3.0326157,4.2202663
3,433,434.0,10.0,1.0,1.0,415.0,1.0,1.0,1.0,0.9493256,1.0,-0.0,0.0,-4.3556847e-06,-0.05067005,0.26550478,4.349998,1.3960344,6.095991,0.7189362,5.0699444,0.0,7.480393,-3.786469,0.5833333,104.84564,1.0,0.0,0.0,1.0,0.0,0,6.347695,3.0955548,2.4762943,0.0,3.962127,5.5293603,0.7748946,0.43076888,3.4839177,2.6213753
0,434,435.0,10.0,1.0,1.0,416.0,1.0,1.0,1.0,0.962485,1.0,-0.0,0.0,-6.971737e-06,-0.037507992,0.109370984,4.383201,1.300064,7.0317144,0.6740373,4.746782,0.0,7.396745,-5.1643558,0.5694444,104.06473,1.0,0.0,0.0,1.0,0.0,0,6.0194864,2.8711092,2.0188808,0.0,4.3648567,7.0813246,1.0132108,0.0,4.2364693,3.1247964
1,434,435.0,10.0,1.0,1.0,416.0,1.0,1.0,1.0,0.86834383,1.0,-0.0,0.0,-6.075696e-06,-0.13165012,0.37176496,4.010952,1.1341455,6.2139277,1.8913438,9.065612,0.0,7.263824,-3.5624406,0.6018519,103.77343,1.0,0.0,0.0,1.0,0.0,0,10.391934,5.242877,2.3110485,1.1179333,2.8645504,10.4567795,0.10483209,0.24719775,7.7184515,2.2758672
2,434,435.0,10.0,1.0,1.0,416.0,1.0,1.0,1.0,0.95905334,1.0,-0.0,0.0,-4.6092105e-06,-0.04094206,0.15937108,4.298905,1.3048759,6.024278,0.71709335,5.169954,0.0,6.404717,-3.4086337,0.6018519,104.933784,1.0,0.0,0.0,1.0,0.0,0,6.5575933,2.744005,2.5354211,0.0,4.3082194,5.611719,0.45943853,0.0,2.7855167,4.1504397
3,434,435.0,10.0,1.0,1.0,416.0,1.0,1.0,1.0,0.95005536,1.0,-0.0,0.0,-5.1085617e-06,-0.049939517,0.18775314,4.2925887,1.3923969,6.2424684,0.7261565,5.053394,0.0,7.73548,-4.1335645,0.5833333,105.01506,1.0,0.0,0.0,1.0,0.0,0,6.4870706,3.1169689,2.5414953,0.0,3.590915,5.3951516,0.5671809,0.32421333,2.9216053,2.330374
0,435,436.0,10.0,1.0,1.0,417.0,1.0,1.0,1.0,0.96297234,1.0,-0.0,0.0,-5.4977622e-06,-0.037022166,0.15935731,4.5181284,1.2961773,6.862275,0.67501014,4.7806373,0.0,7.1800985,-4.566394,0.5694444,104.17572,1.0,0.0,0.0,1.0,0.0,0,6.054521,2.7573776,2.1043696,0.0,4.368467,7.0735607,1.2168652,0.0,4.6624136,3.1463616
1,435,436.0,10.0,1.0,1.0,417.0,1.0,1.0,1.0,0.8666774,1.0,-0.0,0.0,-5.4264087e-06,-0.13331716,0.40481126,4.1572785,1.1419213,6.329917,1.8892149,9.078653,0.0,7.3196015,-3.3781054,0.6018519,103.89112,1.0,0.0,0.0,1.0,0.0,0,10.095553,4.9362407,2.347246,1.1455003,2.6622076,10.505155,0.09786756,0.23937091,8.165429,2.188404
2,435,436.0,10.0,1.0,1.0,417.0,1.0,1.0,1.0,0.95933205,1.0,-0.0,0.0,-3.957763e-06,-0.04066402,0.17890483,4.4101915,1.3024093,6.004358,0.7189199,5.171771,0.0,6.350052,-3.3182185,0.6018519,105.01741,1.0,0.0,0.0,1.0,0.0,0,6.539175,2.6958225,2.5608363,0.0,4.2939515,5.601925,0.57909894,0.0,2.9694252,4.2453365
3,435,436.0,10.0,1.0,1.0,417.0,1.0,1.0,1.0,0.9506512,1.0,-0.0,0.0,-4.4243675e-06,-0.049344387,0.19232109,4.4140024,1.3858823,6.556226,0.72996783,5.066546,0.0,8.200829,-4.47835,0.5833333,105.13039,1.0,0.0,0.0,1.0,0.0,0,6.4574003,3.0787146,2.526016,0.0,3.5239809,5.4125767,0.60382026,0.4147166,3.130576,2.1389372
0,436,437.0,10.0,1.0,1.0,418.0,1.0,1.0,1.0,0.9632802,1.0,-0.0,0.0,-8.76407e-06,-0.03671105,0.0061359257,4.4241447,1.2936884,6.696508,0.6715657,4.767518,0.0,7.0629144,-5.780114,0.5694444,104.31201,1.0,0.0,0.0,1.0,0.0,0,5.896783,2.4311213,2.2385845,0.0,4.534525,7.0039244,1.0222124,0.0,4.1845493,3.1655319
1,436,437.0,10.0,1.0,1.0,418.0,1.0,1.0,1.0,0.8665844,1.0,-0.0,0.0,-7.438963e-06,-0.13340811,0.22093877,4.045561,1.1482713,6.348447,1.8874719,9.113453,0.0,7.352046,-4.88792,0.6018519,104.0442,1.0,0.0,0.0,1.0,0.0,0,10.250405,4.92232,2.532669,1.1264602,2.7299747,10.554459,0.16187762,0.22958724,7.8653035,2.2618365
2,436,437.0,10.0,1.0,1.0,418.0,1.0,1.0,1.0,0.96051216,1.0,-0.0,0.0,-6.3319567e-06,-0.039481506,0.019968301,4.3528314,1.2999893,6.004358,0.709047,5.11897,0.0,6.3996024,-4.7251425,0.6018519,105.13333,1.0,0.0,0.0,1.0,0.0,0,6.5321445,2.6529064,2.5395498,0.0,4.3914294,5.4824615,0.39531833,0.0,2.746656,4.1113706
3,436,437.0,10.0,1.0,1.0,418.0,1.0,1.0,1.0,0.951931,1.0,-0.0,0.0,-5.531989e-06,-0.048063476,0.03387481,4.3614526,1.3779879,6.8006,0.72577983,5.048899,0.0,8.5865,-5.1555247,0.5833333,105.26713,1.0,0.0,0.0,1.0,0.0,0,6.076017,3.054087,2.0951352,0.0,3.9410362,5.3330016,0.3775023,0.34600514,2.924748,3.860528
0,437,438.0,10.0,1.0,1.0,419.0,1.0,1.0,1.0,0.9633451,1.0,-0.0,0.0,-6.124611e-06,-0.036648754,0.22038631,4.6006756,1.29319,6.6710825,0.67385495,4.7904534,0.0,7.2347565,-4.032482,0.5694444,104.500046,1.0,0.0,0.0,1.0,0.0,0,6.4070864,3.7597346,2.3594096,0.0,3.4222212,6.9674425,1.3359586,0.0,4.774777,3.214284
1,437,438.0,10.0,1.0,1.0,419.0,1.0,1.0,1.0,0.8676896,1.0,-0.0,0.0,-6.2167196e-06,-0.1323042,0.51096195,4.2413154,1.1627703,6.2779927,1.8880345,9.123334,0.0,7.1743584,-2.4683573,0.6018519,104.30162,1.0,0.0,0.0,1.0,0.0,0,9.758286,5.85185,2.3037126,1.1116922,3.9840336,10.633295,0.13626638,0.22115783,8.4461775,2.108233
2,437,438.0,10.0,1.0,1.0,419.0,1.0,1.0,1.0,0.9618741,1.0,-0.0,0.0,-5.0761764e-06,-0.038120814,0.20752884,4.529188,1.2888386,6.1310863,0.70804584,5.120958,0.0,7.0792265,-3.6562448,0.6018519,105.30497,1.0,0.0,0.0,1.0,0.0,0,6.619039,3.3156292,2.6125214,0.0,3.570596,5.448597,0.6601342,0.0,3.1398997,4.229504
3,437,438.0,10.0,1.0,1.0,419.0,1.0,1.0,1.0,0.95174515,1.0,-0.0,0.0,-4.9925675e-06,-0.04824982,0.23385175,4.5099673,1.3779916,6.7233515,0.72726697,5.0600514,0.0,8.656621,-4.502247,0.5833333,105.447365,1.0,0.0,0.0,1.0,0.0,0,6.561861,3.8927643,2.6110864,0.0,3.1771631,5.281918,0.6535887,0.4097101,3.4017363,3.9266872
0,438,439.0,10.0,1.0,1.0,420.0,1.0,1.0,1.0,0.9624212,1.0,-0.0,0.0,-9.929172e-06,-0.03756888,0.23518279,4.413292,1.3005509,6.174359,0.6695902,4.7693243,0.0,6.678583,-3.0188518,0.5694444,104.71333,1.0,0.0,0.0,1.0,0.0,0,6.0157995,2.6151905,2.1165354,0.0,4.5829964,6.917904,1.1386184,0.0,4.2644534,3.2543209
1,438,439.0,10.0,1.0,1.0,420.0,1.0,1.0,1.0,0.86775875,1.0,-0.0,0.0,-9.558248e-06,-0.1322317,0.4744582,4.067762,1.1696604,6.189559,1.8881931,9.1636095,0.0,7.1579328,-2.5843303,0.6018519,104.49261,1.0,0.0,0.0,1.0,0.0,0,10.926301,5.1747465,2.3160746,0.92000437,2.5563388,10.49725,0.22373454,0.2058863,8.103129,2.1844654
2,438,439.0,10.0,1.0,1.0,420.0,1.0,1.0,1.0,0.9611719,1.0,-0.0,0.0,-9.000232e-06,-0.03881908,0.23126043,4.369907,1.2968346,5.919381,0.7037553,5.102885,0.0,6.8016667,-2.8036041,0.6018519,105.48147,1.0,0.0,0.0,1.0,0.0,0,6.5689673,2.6435015,2.497606,0.0,4.378329,5.430729,0.7414518,0.0,3.0996025,4.248509
3,438,439.0,10.0,1.0,1.0,420.0,1.0,1.0,1.0,0.94932646,1.0,-0.0,0.0,-6.9745843e-06,-0.05066657,0.3045909,4.3519316,1.399516,6.1466484,0.72286487,5.0436234,0.0,7.934913,-2.5376067,0.5833333,105.626274,1.0,0.0,0.0,1.0,0.0,0,6.282745,3.0642362,2.587396,0.0,3.7463162,5.288382,0.5781334,0.5042137,3.2549515,3.9153378
0,439,440.0,10.0,1.0,1.0,421.0,1.0,1.0,1.0,0.963287,1.0,-0.0,0.0,-5.4383845e-06,-0.03670758,0.111408345,4.556018,1.2936606,6.2442245,0.6688264,4.7806373,0.0,6.7166786,-4.336941,0.5694444,104.950676,1.0,0.0,0.0,1.0,0.0,0,6.1324115,2.5463247,2.2740746,0.0,4.5316567,7.0041256,1.3259666,0.0,4.5966945,3.293199
1,439,440.0,10.0,1.0,1.0,421.0,1.0,1.0,1.0,0.86688614,1.0,-0.0,0.0,-6.0412826e-06,-0.13310784,0.37834048,4.1857624,1.1777829,6.321127,1.8870797,9.14752,0.0,7.102134,-3.4925985,0.6018519,104.699585,1.0,0.0,0.0,1.0,0.0,0,10.720964,4.9831605,2.3322985,1.0838029,3.2049608,10.609768,0.21029782,0.18734819,8.381314,2.1068723
2,439,440.0,10.0,1.0,1.0,421.0,1.0,1.0,1.0,0.96083695,1.0,-0.0,0.0,-4.767677e-06,-0.039158273,0.094794855,4.470218,1.2952858,5.9676,0.7016083,5.134852,0.0,6.7815967,-4.102906,0.6018519,105.67102,1.0,0.0,0.0,1.0,0.0,0,6.669204,2.6440659,2.6120787,0.0,4.494161,5.468056,0.77424824,0.0,3.2479978,4.2566295
3,439,440.0,10.0,1.0,1.0,421.0,1.0,1.0,1.0,0.95087457,1.0,-0.0,0.0,-5.053001e-06,-0.049120393,0.1367148,4.453287,1.387685,6.4640837,0.72046965,5.0395856,0.0,8.306264,-4.3819075,0.5833333,105.83359,1.0,0.0,0.0,1.0,0.0,0,6.3883085,3.1322708,2.4210956,0.0,3.9835224,5.284172,0.54204506,0.3570893,3.159777,3.92923
0,440,441.0,10.0,1.0,1.0,422.0,1.0,1.0,1.0,0.96439964,1.0,-0.0,0.0,-6.682582e-06,-0.035593692,0.10735523,4.5383763,1.2847495,6.2497396,0.6703869,4.7979655,0.0,6.863328,-4.504287,0.5694444,104.966225,1.0,0.0,0.0,1.0,0.0,0,5.8309574,2.3701932,2.1977365,0.0,4.571236,6.860528,1.1194257,0.0,4.178052,3.343708
1,440,441.0,10.0,1.0,1.0,422.0,1.0,1.0,1.0,0.8668686,1.0,-0.0,0.0,-5.869885e-06,-0.13312554,0.35599434,4.163248,1.1807775,6.3599076,1.8836832,9.160787,0.0,7.0836864,-3.7855804,0.6018519,104.72585,1.0,0.0,0.0,1.0,0.0,0,10.815548,4.9722424,2.4704573,1.094226,3.2132604,10.5333,0.2207443,0.164327,8.1787615,2.1531072
2,440,441.0,10.0,1.0,1.0,422.0,1.0,1.0,1.0,0.96127653,1.0,-0.0,0.0,-5.0456333e-06,-0.038718387,0.12426227,4.4962826,1.2892708,5.964581,0.70399445,5.153572,0.0,6.836125,-3.9132907,0.6018519,105.70606,1.0,0.0,0.0,1.0,0.0,0,6.3871164,2.4382913,2.5600924,0.0,4.540401,5.3574424,0.78932416,0.0,3.2144785,4.296831
3,440,441.0,10.0,1.0,1.0,422.0,1.0,1.0,1.0,0.9526794,1.0,-0.0,0.0,-4.7323233e-06,-0.047315888,0.13385825,4.493062,1.3689334,6.8586226,0.72416556,5.071952,0.0,8.855566,-4.655972,0.5833333,105.91855,1.0,0.0,0.0,1.0,0.0,0,6.5221157,3.2392507,2.28579,0.0,3.8880339,5.1146173,0.50333375,0.2654965,3.1753674,3.9562366
0,441,442.0,10.0,1.0,1.0,423.0,1.0,1.0,1.0,0.9639487,1.0,-0.0,0.0,-5.362486e-06,-0.03604591,0.29888934,4.535582,1.2883673,6.2625074,0.67004037,4.8123035,0.0,7.150721,-2.832314,0.5694444,105.049286,1.0,0.0,0.0,1.0,0.0,1,6.37119,3.0995386,2.532673,0.0,3.882759,6.895413,1.2862982,0.0,4.6484685,3.3253787
1,441,442.0,10.0,1.0,1.0,423.0,1.0,1.0,1.0,0.86533105,1.0,-0.0,0.0,-4.291082e-06,-0.13466462,0.5613867,4.1903834,1.1896279,6.4514723,1.8837873,9.176852,0.0,7.2858844,-2.1087658,0.6018519,104.837814,1.0,0.0,0.0,1.0,0.0,1,9.961662,4.8324056,2.5437865,1.0615796,3.6991997,10.595885,0.1897965,0.15294623,8.5314865,1.9837583
2,441,442.0,10.0,1.0,1.0,423.0,1.0,1.0,1.0,0.9622548,1.0,-0.0,0.0,-4.746469e-06,-0.037740424,0.2717573,4.494486,1.281042,6.117277,0.7022265,5.15661,0.0,7.5080442,-2.9186425,0.6018519,105.76909,1.0,0.0,0.0,1.0,0.0,1,6.5649242,2.769027,2.848293,0.0,3.6587012,5.3231335,0.84591335,0.0,3.3612292,4.2830563
3,441,442.0,10.0,1.0,1.0,423.0,1.0,1.0,1.0,0.9533717,1.0,-0.0,0.0,-5.146324e-06,-0.046623178,0.25907308,4.4549894,1.3618499,6.7043386,0.7236641,5.0835156,0.0,8.879625,-3.6834645,0.5833333,106.04329,1.0,0.0,0.0,1.0,0.0,1,6.528523,3.6571846,2.6843913,0.0,3.0485868,4.9983363,0.49898422,0.30037156,3.3422704,3.9449909
