
===== fp_pose screw_unscrew_bottle_cap__67 gpu=5 2026-08-28 02:19:31 =====
[fp_pose] CUDA_VISIBLE_DEVICES=5 local_gpu=0
[fp_pose] frame_plan object_0: 配准帧 6 -> 16
[__init__()] self.cfg: 
 lr: 0.0001
c_in: 6
zfar: 'Infinity'
debug: null
n_view: 1
run_id: 3wy8qqex
use_BN: true
exp_name: 2024-01-11-20-02-45
n_epochs: 62
save_dir: /home/bowenw/debug/2024-01-11-20-02-45/
use_mask: false
loss_type: pairwise_valid
optimizer: adam
batch_size: 64
crop_ratio: 1.1
enable_amp: true
use_normal: false
max_num_key: null
warmup_step: -1
input_resize:
- 160
- 160
max_step_val: 1000
vis_interval: 1000
weight_decay: 0
normalize_xyz: true
resume_run_id: null
clip_grad_norm: 'Infinity'
lr_epoch_decay: 500
render_backend: nvdiffrast
train_num_pair: 5
lr_decay_epochs:
- 50
n_epochs_warmup: 1
make_pair_online: false
gradient_max_norm: 'Infinity'
max_step_per_epoch: 10000
n_rendering_workers: 1
save_epoch_interval: 100
n_dataloader_workers: 100
split_objects_across_gpus: true
ckpt_dir: /home/yanghong/Reconstruct_and_Retarget/third_party/FoundationPose/learning/training/../../weights/2024-01-11-20-02-45/model_best.pth

[__init__()] self.h5_file:None
[__init__()] Using pretrained model from /home/yanghong/Reconstruct_and_Retarget/third_party/FoundationPose/learning/training/../../weights/2024-01-11-20-02-45/model_best.pth
[__init__()] init done
[__init__()] welcome
[__init__()] self.cfg: 
 lr: 0.0001
c_in: 6
zfar: .inf
debug: null
w_rot: 0.1
n_view: 1
run_id: null
use_BN: true
rot_rep: axis_angle
ckpt_dir: /home/yanghong/Reconstruct_and_Retarget/third_party/FoundationPose/learning/training/../../weights/2023-10-28-18-33-37/model_best.pth
exp_name: 2023-10-28-18-33-37
save_dir: /tmp/2023-10-28-18-33-37/
loss_type: l2
optimizer: adam
trans_rep: tracknet
batch_size: 64
crop_ratio: 1.2
use_normal: false
BN_momentum: 0.1
max_num_key: null
warmup_step: -1
input_resize:
- 160
- 160
max_step_val: 1000
normal_uint8: false
vis_interval: 1000
weight_decay: 0
n_max_objects: null
normalize_xyz: true
clip_grad_norm: 'Infinity'
rot_normalizer: 0.3490658503988659
trans_normalizer:
- 0.019999999552965164
- 0.019999999552965164
- 0.05000000074505806
max_step_per_epoch: 25000
val_epoch_interval: 10
n_dataloader_workers: 60
enable_amp: true
use_mask: false

[__init__()] self.h5_file:
[__init__()] Using pretrained model from /home/yanghong/Reconstruct_and_Retarget/third_party/FoundationPose/learning/training/../../weights/2023-10-28-18-33-37/model_best.pth
[__init__()] init done
[reset_object()] self.diameter:0.20152237707412596, vox_size:0.010076118853706299
[reset_object()] self.pts:torch.Size([135, 3])
[reset_object()] reset done
[make_rotation_grid()] cam_in_obs:(42, 4, 4)
[make_rotation_grid()] rot_grid:(252, 4, 4)
[make_rotation_grid()] after cluster, rot_grid:(252, 4, 4)
[make_rotation_grid()] self.rot_grid: torch.Size([252, 4, 4])
[register()] Welcome
[register()] poses:(252, 4, 4)
[register()] after viewpoint, add_errs min:-1.0
/home/yanghong/miniconda3/envs/biv2ap/lib/python3.10/site-packages/torch/__init__.py:1323: UserWarning: torch.set_default_tensor_type() is deprecated as of PyTorch 2.1, please use torch.set_default_dtype() and torch.set_default_device() as alternatives. (Triggered internally at /pytorch/torch/csrc/tensor/python_tensor.cpp:434.)
  _C._set_default_tensor_type(t)
[predict()] ob_in_cams:(252, 4, 4)
[predict()] self.cfg.use_normal:False
[predict()] trans_normalizer:[0.019999999552965164, 0.019999999552965164, 0.05000000074505806], rot_normalizer:0.3490658503988659
[predict()] making cropped data
[make_crop_data_batch()] Welcome make_crop_data_batch
[make_crop_data_batch()] make tf_to_crops done
[make_crop_data_batch()] render done
[make_crop_data_batch()] warp done
[make_crop_data_batch()] pose batch data done
[predict()] forward start
/home/yanghong/Reconstruct_and_Retarget/third_party/FoundationPose/learning/training/predict_pose_refine.py:190: FutureWarning: `torch.cuda.amp.autocast(args...)` is deprecated. Please use `torch.amp.autocast('cuda', args...)` instead.
  with torch.cuda.amp.autocast(enabled=self.amp):
[predict()] forward done
[predict()] making cropped data
[make_crop_data_batch()] Welcome make_crop_data_batch
[make_crop_data_batch()] make tf_to_crops done
[make_crop_data_batch()] render done
[make_crop_data_batch()] warp done
[make_crop_data_batch()] pose batch data done
[predict()] forward start
[predict()] forward done
[predict()] making cropped data
[make_crop_data_batch()] Welcome make_crop_data_batch
[make_crop_data_batch()] make tf_to_crops done
[make_crop_data_batch()] render done
[make_crop_data_batch()] warp done
[make_crop_data_batch()] pose batch data done
[predict()] forward start
[predict()] forward done
[predict()] making cropped data
[make_crop_data_batch()] Welcome make_crop_data_batch
[make_crop_data_batch()] make tf_to_crops done
[make_crop_data_batch()] render done
[make_crop_data_batch()] warp done
[make_crop_data_batch()] pose batch data done
[predict()] forward start
[predict()] forward done
[predict()] making cropped data
[make_crop_data_batch()] Welcome make_crop_data_batch
[make_crop_data_batch()] make tf_to_crops done
[make_crop_data_batch()] render done
[make_crop_data_batch()] warp done
[make_crop_data_batch()] pose batch data done
[predict()] forward start
[predict()] forward done
[predict()] ob_in_cams:(252, 4, 4)
[predict()] self.cfg.use_normal:False
[predict()] making cropped data
[make_crop_data_batch()] Welcome make_crop_data_batch
[make_crop_data_batch()] make tf_to_crops done
[make_crop_data_batch()] render done
[make_crop_data_batch()] pose batch data done
[find_best_among_pairs()] pose_data.rgbAs.shape[0]: 252
/home/yanghong/Reconstruct_and_Retarget/third_party/FoundationPose/learning/training/predict_score.py:193: FutureWarning: `torch.cuda.amp.autocast(args...)` is deprecated. Please use `torch.amp.autocast('cuda', args...)` instead.
  with torch.cuda.amp.autocast(enabled=self.amp):
[predict()] forward done
[register()] final, add_errs min:-1.0
[register()] sort ids:tensor([  9,  15,  27,  33,  40,  46,  52,  64,  69,  87,  93,  99, 117, 123,
        135, 153, 159, 160, 166, 189, 201, 213, 214, 220, 243,   3,  21,  39,
         45,  51,  57,  63,  75,  81, 105, 118, 124, 129, 130, 136, 147, 165,
        171, 177, 183, 195, 207, 219, 225, 231, 237, 249, 148, 154, 202, 208,
        236, 242, 182, 187, 188,   0,   6,  12,  18,  24,  26,  30,  31,  32,
         48,  60,  66,  72,  78,  90,  91,  96, 102, 108, 109, 110, 111, 112,
        113, 114, 120, 126, 132, 144, 150, 168, 174, 180, 181, 186, 192, 204,
        222, 228, 234, 235, 240, 246,  25,  36,  42,  54,  55,  84, 156, 184,
        190, 198, 210, 216, 241, 244,  67,  85,  97, 103, 162, 238,  28,  34,
        140, 143, 138, 139, 141, 142, 196,   4,  16,  22,  76,  82, 250,  10,
        229, 169, 175, 223, 128,   1,   7,  13,  19,  73,  79, 193, 247,   2,
          8,  14,  20,  50,  80,  98, 116, 122, 134, 146, 158, 194, 248,  35,
         62,  74,  86,  92, 145, 151, 152, 199, 200, 205, 206,  29,  38,  44,
         56, 104, 164, 170, 176, 212, 218, 224, 230,  49,  61,  68, 115, 121,
        127, 133,   5,  11,  17,  23,  53,  59,  65,  71,  77,  83,  88,  89,
         95, 100, 101, 106, 107, 119, 125, 131, 137, 149, 155, 172, 173, 178,
        179, 185, 197, 203, 209, 226, 227, 232, 233, 251,  58,  70,  94, 191,
        239, 245,  37,  43, 163, 211, 217, 157,  41,  47, 167, 215, 161, 221])
[register()] sorted scores:tensor([133.6250, 133.6250, 133.6250, 133.6250, 133.6250, 133.6250, 133.6250,
        133.6250, 133.6250, 133.6250, 133.6250, 133.6250, 133.6250, 133.6250,
        133.6250, 133.6250, 133.6250, 133.6250, 133.6250, 133.6250, 133.6250,
        133.6250, 133.6250, 133.6250, 133.6250, 133.5938, 133.5938, 133.5938,
        133.5938, 133.5938, 133.5938, 133.5938, 133.5938, 133.5938, 133.5938,
        133.5938, 133.5938, 133.5938, 133.5938, 133.5938, 133.5938, 133.5938,
        133.5938, 133.5938, 133.5938, 133.5938, 133.5938, 133.5938, 133.5938,
        133.5938, 133.5938, 133.5938, 133.5625, 133.5625, 133.5625, 133.5625,
        133.5625, 133.5625, 133.5312, 133.5000, 133.5000, 133.4688, 133.4688,
        133.4688, 133.4688, 133.4688, 133.4688, 133.4688, 133.4688, 133.4688,
        133.4688, 133.4688, 133.4688, 133.4688, 133.4688, 133.4688, 133.4688,
        133.4688, 133.4688, 133.4688, 133.4688, 133.4688, 133.4688, 133.4688,
        133.4688, 133.4688, 133.4688, 133.4688, 133.4688, 133.4688, 133.4688,
        133.4688, 133.4688, 133.4688, 133.4688, 133.4688, 133.4688, 133.4688,
        133.4688, 133.4688, 133.4688, 133.4688, 133.4688, 133.4688, 133.4375,
        133.4375, 133.4375, 133.4375, 133.4375, 133.4375, 133.4375, 133.4375,
        133.4375, 133.4375, 133.4375, 133.4375, 133.4375, 133.4375, 133.4062,
        133.4062, 133.4062, 133.4062, 133.4062, 133.4062, 133.3750, 133.3750,
        133.3438, 133.3438, 133.3125, 133.3125, 133.3125, 133.2812, 133.2812,
        133.2500, 133.2500, 133.2500, 133.2500, 133.2500, 133.2500, 133.2188,
        133.2188, 133.1875, 133.1875, 133.1875, 133.1562, 133.1250, 133.1250,
        133.1250, 133.1250, 133.1250, 133.1250, 133.1250, 133.1250, 133.0938,
        133.0938, 133.0938, 133.0938, 133.0938, 133.0938, 133.0938, 133.0938,
        133.0938, 133.0938, 133.0938, 133.0938, 133.0938, 133.0938, 133.0625,
        133.0625, 133.0625, 133.0625, 133.0625, 133.0625, 133.0625, 133.0625,
        133.0625, 133.0625, 133.0625, 133.0625, 133.0312, 133.0312, 133.0312,
        133.0312, 133.0312, 133.0312, 133.0312, 133.0312, 133.0312, 133.0312,
        133.0312, 133.0312, 133.0000, 133.0000, 133.0000, 132.9688, 132.9688,
        132.9688, 132.9688, 132.8438, 132.8438, 132.8438, 132.8438, 132.8438,
        132.8438, 132.8438, 132.8438, 132.8438, 132.8438, 132.8438, 132.8438,
        132.8438, 132.8438, 132.8438, 132.8438, 132.8438, 132.8438, 132.8438,
        132.8438, 132.8438, 132.8438, 132.8438, 132.8438, 132.8438, 132.8438,
        132.8438, 132.8438, 132.8438, 132.8438, 132.8438, 132.8438, 132.8438,
        132.8438, 132.8438, 132.8438, 132.8125, 132.8125, 132.8125, 132.8125,
        132.8125, 132.8125, 132.7188, 132.7188, 132.7188, 132.7188, 132.7188,
        132.6875, 132.5625, 132.5625, 132.5625, 132.5625, 132.5312, 132.5312])
[track_one()] Welcome
[track_one()] depth processing done
[predict()] ob_in_cams:(1, 4, 4)
[predict()] self.cfg.use_normal:False
[predict()] trans_normalizer:[0.019999999552965164, 0.019999999552965164, 0.05000000074505806], rot_normalizer:0.3490658503988659
[predict()] making cropped data
[make_crop_data_batch()] Welcome make_crop_data_batch
[make_crop_data_batch()] make tf_to_crops done
[make_crop_data_batch()] render done
[make_crop_data_batch()] warp done
[make_crop_data_batch()] pose batch data done
[predict()] forward start
[predict()] forward done
[track_one()] pose done
[track_one()] Welcome
[track_one()] depth processing done
[predict()] ob_in_cams:(1, 4, 4)
[predict()] self.cfg.use_normal:False
[predict()] trans_normalizer:[0.019999999552965164, 0.019999999552965164, 0.05000000074505806], rot_normalizer:0.3490658503988659
[predict()] making cropped data
[make_crop_data_batch()] Welcome make_crop_data_batch
[make_crop_data_batch()] make tf_to_crops done
[make_crop_data_batch()] render done
[make_crop_data_batch()] warp done
[make_crop_data_batch()] pose batch data done
[predict()] forward start
[predict()] forward done
[track_one()] pose done
[track_one()] Welcome
[track_one()] depth processing done
[predict()] ob_in_cams:(1, 4, 4)
[predict()] self.cfg.use_normal:False
[predict()] trans_normalizer:[0.019999999552965164, 0.019999999552965164, 0.05000000074505806], rot_normalizer:0.3490658503988659
[predict()] making cropped data
[make_crop_data_batch()] Welcome make_crop_data_batch
[make_crop_data_batch()] make tf_to_crops done
[make_crop_data_batch()] render done
[make_crop_data_batch()] warp done
[make_crop_data_batch()] pose batch data done
[predict()] forward start
[predict()] forward done
[track_one()] pose done
[track_one()] Welcome
[track_one()] depth processing done
[predict()] ob_in_cams:(1, 4, 4)
[predict()] self.cfg.use_normal:False
[predict()] trans_normalizer:[0.019999999552965164, 0.019999999552965164, 0.05000000074505806], rot_normalizer:0.3490658503988659
[predict()] making cropped data
[make_crop_data_batch()] Welcome make_crop_data_batch
[make_crop_data_batch()] make tf_to_crops done
[make_crop_data_batch()] render done
[make_crop_data_batch()] warp done
[make_crop_data_batch()] pose batch data done
[predict()] forward start
[predict()] forward done
[track_one()] pose done
[track_one()] Welcome
[track_one()] depth processing done
[predict()] ob_in_cams:(1, 4, 4)
[predict()] self.cfg.use_normal:False
[predict()] trans_normalizer:[0.019999999552965164, 0.019999999552965164, 0.05000000074505806], rot_normalizer:0.3490658503988659
[predict()] making cropped data
[make_crop_data_batch()] Welcome make_crop_data_batch
[make_crop_data_batch()] make tf_to_crops done
[make_crop_data_batch()] render done
[make_crop_data_batch()] warp done
[make_crop_data_batch()] pose batch data done
[predict()] forward start
[predict()] forward done
[track_one()] pose done
[track_one()] Welcome
[track_one()] depth processing done
[predict()] ob_in_cams:(1, 4, 4)
[predict()] self.cfg.use_normal:False
[predict()] trans_normalizer:[0.019999999552965164, 0.019999999552965164, 0.05000000074505806], rot_normalizer:0.3490658503988659
[predict()] making cropped data
[make_crop_data_batch()] Welcome make_crop_data_batch
[make_crop_data_batch()] make tf_to_crops done
[make_crop_data_batch()] render done
[make_crop_data_batch()] warp done
[make_crop_data_batch()] pose batch data done
[predict()] forward start
[predict()] forward done
[track_one()] pose done
[track_one()] Welcome
[track_one()] depth processing done
[predict()] ob_in_cams:(1, 4, 4)
[predict()] self.cfg.use_normal:False
[predict()] trans_normalizer:[0.019999999552965164, 0.019999999552965164, 0.05000000074505806], rot_normalizer:0.3490658503988659
[predict()] making cropped data
[make_crop_data_batch()] Welcome make_crop_data_batch
[make_crop_data_batch()] make tf_to_crops done
[make_crop_data_batch()] render done
[make_crop_data_batch()] warp done
[make_crop_data_batch()] pose batch data done
[predict()] forward start
[predict()] forward done
[track_one()] pose done
[track_one()] Welcome
[track_one()] depth processing done
[predict()] ob_in_cams:(1, 4, 4)
[predict()] self.cfg.use_normal:False
[predict()] trans_normalizer:[0.019999999552965164, 0.019999999552965164, 0.05000000074505806], rot_normalizer:0.3490658503988659
[predict()] making cropped data
[make_crop_data_batch()] Welcome make_crop_data_batch
[make_crop_data_batch()] make tf_to_crops done
[make_crop_data_batch()] render done
[make_crop_data_batch()] warp done
[make_crop_data_batch()] pose batch data done
[predict()] forward start
[predict()] forward done
[track_one()] pose done
[track_one()] Welcome
[track_one()] depth processing done
[predict()] ob_in_cams:(1, 4, 4)
[predict()] self.cfg.use_normal:False
[predict()] trans_normalizer:[0.019999999552965164, 0.019999999552965164, 0.05000000074505806], rot_normalizer:0.3490658503988659
[predict()] making cropped data
[make_crop_data_batch()] Welcome make_crop_data_batch
[make_crop_data_batch()] make tf_to_crops done
[make_crop_data_batch()] render done
[make_crop_data_batch()] warp done
[make_crop_data_batch()] pose batch data done
[predict()] forward start
[predict()] forward done
[track_one()] pose done
[track_one()] Welcome
[track_one()] depth processing done
[predict()] ob_in_cams:(1, 4, 4)
[predict()] self.cfg.use_normal:False
[predict()] trans_normalizer:[0.019999999552965164, 0.019999999552965164, 0.05000000074505806], rot_normalizer:0.3490658503988659
[predict()] making cropped data
[make_crop_data_batch()] Welcome make_crop_data_batch
[make_crop_data_batch()] make tf_to_crops done
[make_crop_data_batch()] render done
[make_crop_data_batch()] warp done
[make_crop_data_batch()] pose batch data done
[predict()] forward start
[predict()] forward done
[track_one()] pose done
[track_one()] Welcome
[track_one()] depth processing done
[predict()] ob_in_cams:(1, 4, 4)
[predict()] self.cfg.use_normal:False
[predict()] trans_normalizer:[0.019999999552965164, 0.019999999552965164, 0.05000000074505806], rot_normalizer:0.3490658503988659
[predict()] making cropped data
[make_crop_data_batch()] Welcome make_crop_data_batch
[make_crop_data_batch()] make tf_to_crops done
[make_crop_data_batch()] render done
[make_crop_data_batch()] warp done
[make_crop_data_batch()] pose batch data done
[predict()] forward start
[predict()] forward done
[track_one()] pose done
[track_one()] Welcome
[track_one()] depth processing done
[predict()] ob_in_cams:(1, 4, 4)
[predict()] self.cfg.use_normal:False
[predict()] trans_normalizer:[0.019999999552965164, 0.019999999552965164, 0.05000000074505806], rot_normalizer:0.3490658503988659
[predict()] making cropped data
[make_crop_data_batch()] Welcome make_crop_data_batch
[make_crop_data_batch()] make tf_to_crops done
[make_crop_data_batch()] render done
[make_crop_data_batch()] warp done
[make_crop_data_batch()] pose batch data done
[predict()] forward start
[predict()] forward done
[track_one()] pose done
[track_one()] Welcome
[track_one()] depth processing done
[predict()] ob_in_cams:(1, 4, 4)
[predict()] self.cfg.use_normal:False
[predict()] trans_normalizer:[0.019999999552965164, 0.019999999552965164, 0.05000000074505806], rot_normalizer:0.3490658503988659
[predict()] making cropped data
[make_crop_data_batch()] Welcome make_crop_data_batch
[make_crop_data_batch()] make tf_to_crops done
[make_crop_data_batch()] render done
[make_crop_data_batch()] warp done
[make_crop_data_batch()] pose batch data done
[predict()] forward start
[predict()] forward done
[track_one()] pose done
[track_one()] Welcome
[track_one()] depth processing done
[predict()] ob_in_cams:(1, 4, 4)
[predict()] self.cfg.use_normal:False
[predict()] trans_normalizer:[0.019999999552965164, 0.019999999552965164, 0.05000000074505806], rot_normalizer:0.3490658503988659
[predict()] making cropped data
[make_crop_data_batch()] Welcome make_crop_data_batch
[make_crop_data_batch()] make tf_to_crops done
[make_crop_data_batch()] render done
[make_crop_data_batch()] warp done
[make_crop_data_batch()] pose batch data done
[predict()] forward start
[predict()] forward done
[track_one()] pose done
[track_one()] Welcome
[track_one()] depth processing done
[predict()] ob_in_cams:(1, 4, 4)
[predict()] self.cfg.use_normal:False
[predict()] trans_normalizer:[0.019999999552965164, 0.019999999552965164, 0.05000000074505806], rot_normalizer:0.3490658503988659
[predict()] making cropped data
[make_crop_data_batch()] Welcome make_crop_data_batch
[make_crop_data_batch()] make tf_to_crops done
[make_crop_data_batch()] render done
[make_crop_data_batch()] warp done
[make_crop_data_batch()] pose batch data done
[predict()] forward start
[predict()] forward done
[track_one()] pose done
[track_one()] Welcome
[track_one()] depth processing done
[predict()] ob_in_cams:(1, 4, 4)
[predict()] self.cfg.use_normal:False
[predict()] trans_normalizer:[0.019999999552965164, 0.019999999552965164, 0.05000000074505806], rot_normalizer:0.3490658503988659
[predict()] making cropped data
[make_crop_data_batch()] Welcome make_crop_data_batch
[make_crop_data_batch()] make tf_to_crops done
[make_crop_data_batch()] render done
[make_crop_data_batch()] warp done
[make_crop_data_batch()] pose batch data done
[predict()] forward start
[predict()] forward done
[track_one()] pose done
[track_one()] Welcome
[track_one()] depth processing done
[predict()] ob_in_cams:(1, 4, 4)
[predict()] self.cfg.use_normal:False
[predict()] trans_normalizer:[0.019999999552965164, 0.019999999552965164, 0.05000000074505806], rot_normalizer:0.3490658503988659
[predict()] making cropped data
[make_crop_data_batch()] Welcome make_crop_data_batch
[make_crop_data_batch()] make tf_to_crops done
[make_crop_data_batch()] render done
[make_crop_data_batch()] warp done
[make_crop_data_batch()] pose batch data done
[predict()] forward start
[predict()] forward done
[track_one()] pose done
[track_one()] Welcome
[track_one()] depth processing done
[predict()] ob_in_cams:(1, 4, 4)
[predict()] self.cfg.use_normal:False
[predict()] trans_normalizer:[0.019999999552965164, 0.019999999552965164, 0.05000000074505806], rot_normalizer:0.3490658503988659
[predict()] making cropped data
[make_crop_data_batch()] Welcome make_crop_data_batch
[make_crop_data_batch()] make tf_to_crops done
[make_crop_data_batch()] render done
[make_crop_data_batch()] warp done
[make_crop_data_batch()] pose batch data done
[predict()] forward start
[predict()] forward done
[track_one()] pose done
[track_one()] Welcome
[track_one()] depth processing done
[predict()] ob_in_cams:(1, 4, 4)
[predict()] self.cfg.use_normal:False
[predict()] trans_normalizer:[0.019999999552965164, 0.019999999552965164, 0.05000000074505806], rot_normalizer:0.3490658503988659
[predict()] making cropped data
[make_crop_data_batch()] Welcome make_crop_data_batch
[make_crop_data_batch()] make tf_to_crops done
[make_crop_data_batch()] render done
[make_crop_data_batch()] warp done
[make_crop_data_batch()] pose batch data done
[predict()] forward start
[predict()] forward done
[track_one()] pose done
[track_one()] Welcome
[track_one()] depth processing done
[predict()] ob_in_cams:(1, 4, 4)
[predict()] self.cfg.use_normal:False
[predict()] trans_normalizer:[0.019999999552965164, 0.019999999552965164, 0.05000000074505806], rot_normalizer:0.3490658503988659
[predict()] making cropped data
[make_crop_data_batch()] Welcome make_crop_data_batch
[make_crop_data_batch()] make tf_to_crops done
[make_crop_data_batch()] render done
[make_crop_data_batch()] warp done
[make_crop_data_batch()] pose batch data done
[predict()] forward start
[predict()] forward done
[track_one()] pose done
[track_one()] Welcome
[track_one()] depth processing done
[predict()] ob_in_cams:(1, 4, 4)
[predict()] self.cfg.use_normal:False
[predict()] trans_normalizer:[0.019999999552965164, 0.019999999552965164, 0.05000000074505806], rot_normalizer:0.3490658503988659
[predict()] making cropped data
[make_crop_data_batch()] Welcome make_crop_data_batch
[make_crop_data_batch()] make tf_to_crops done
[make_crop_data_batch()] render done
[make_crop_data_batch()] warp done
[make_crop_data_batch()] pose batch data done
[predict()] forward start
[predict()] forward done
[track_one()] pose done
[track_one()] Welcome
[track_one()] depth processing done
[predict()] ob_in_cams:(1, 4, 4)
[predict()] self.cfg.use_normal:False
[predict()] trans_normalizer:[0.019999999552965164, 0.019999999552965164, 0.05000000074505806], rot_normalizer:0.3490658503988659
[predict()] making cropped data
[make_crop_data_batch()] Welcome make_crop_data_batch
[make_crop_data_batch()] make tf_to_crops done
[make_crop_data_batch()] render done
[make_crop_data_batch()] warp done
[make_crop_data_batch()] pose batch data done
[predict()] forward start
[predict()] forward done
[track_one()] pose done
[track_one()] Welcome
[track_one()] depth processing done
[predict()] ob_in_cams:(1, 4, 4)
[predict()] self.cfg.use_normal:False
[predict()] trans_normalizer:[0.019999999552965164, 0.019999999552965164, 0.05000000074505806], rot_normalizer:0.3490658503988659
[predict()] making cropped data
[make_crop_data_batch()] Welcome make_crop_data_batch
[make_crop_data_batch()] make tf_to_crops done
[make_crop_data_batch()] render done
[make_crop_data_batch()] warp done
[make_crop_data_batch()] pose batch data done
[predict()] forward start
[predict()] forward done
[track_one()] pose done
[track_one()] Welcome
[track_one()] depth processing done
[predict()] ob_in_cams:(1, 4, 4)
[predict()] self.cfg.use_normal:False
[predict()] trans_normalizer:[0.019999999552965164, 0.019999999552965164, 0.05000000074505806], rot_normalizer:0.3490658503988659
[predict()] making cropped data
[make_crop_data_batch()] Welcome make_crop_data_batch
[make_crop_data_batch()] make tf_to_crops done
[make_crop_data_batch()] render done
[make_crop_data_batch()] warp done
[make_crop_data_batch()] pose batch data done
[predict()] forward start
[predict()] forward done
[track_one()] pose done
[track_one()] Welcome
[track_one()] depth processing done
[predict()] ob_in_cams:(1, 4, 4)
[predict()] self.cfg.use_normal:False
[predict()] trans_normalizer:[0.019999999552965164, 0.019999999552965164, 0.05000000074505806], rot_normalizer:0.3490658503988659
[predict()] making cropped data
[make_crop_data_batch()] Welcome make_crop_data_batch
[make_crop_data_batch()] make tf_to_crops done
[make_crop_data_batch()] render done
[make_crop_data_batch()] warp done
[make_crop_data_batch()] pose batch data done
[predict()] forward start
[predict()] forward done
[track_one()] pose done
[track_one()] Welcome
[track_one()] depth processing done
[predict()] ob_in_cams:(1, 4, 4)
[predict()] self.cfg.use_normal:False
[predict()] trans_normalizer:[0.019999999552965164, 0.019999999552965164, 0.05000000074505806], rot_normalizer:0.3490658503988659
[predict()] making cropped data
[make_crop_data_batch()] Welcome make_crop_data_batch
[make_crop_data_batch()] make tf_to_crops done
[make_crop_data_batch()] render done
[make_crop_data_batch()] warp done
[make_crop_data_batch()] pose batch data done
[predict()] forward start
[predict()] forward done
[track_one()] pose done
[track_one()] Welcome
[track_one()] depth processing done
[predict()] ob_in_cams:(1, 4, 4)
[predict()] self.cfg.use_normal:False
[predict()] trans_normalizer:[0.019999999552965164, 0.019999999552965164, 0.05000000074505806], rot_normalizer:0.3490658503988659
[predict()] making cropped data
[make_crop_data_batch()] Welcome make_crop_data_batch
[make_crop_data_batch()] make tf_to_crops done
[make_crop_data_batch()] render done
[make_crop_data_batch()] warp done
[make_crop_data_batch()] pose batch data done
[predict()] forward start
[predict()] forward done
[track_one()] pose done
[track_one()] Welcome
[track_one()] depth processing done
[predict()] ob_in_cams:(1, 4, 4)
[predict()] self.cfg.use_normal:False
[predict()] trans_normalizer:[0.019999999552965164, 0.019999999552965164, 0.05000000074505806], rot_normalizer:0.3490658503988659
[predict()] making cropped data
[make_crop_data_batch()] Welcome make_crop_data_batch
[make_crop_data_batch()] make tf_to_crops done
[make_crop_data_batch()] render done
[make_crop_data_batch()] warp done
[make_crop_data_batch()] pose batch data done
[predict()] forward start
[predict()] forward done
[track_one()] pose done
[track_one()] Welcome
[track_one()] depth processing done
[predict()] ob_in_cams:(1, 4, 4)
[predict()] self.cfg.use_normal:False
[predict()] trans_normalizer:[0.019999999552965164, 0.019999999552965164, 0.05000000074505806], rot_normalizer:0.3490658503988659
[predict()] making cropped data
[make_crop_data_batch()] Welcome make_crop_data_batch
[make_crop_data_batch()] make tf_to_crops done
[make_crop_data_batch()] render done
[make_crop_data_batch()] warp done
[make_crop_data_batch()] pose batch data done
[predict()] forward start
[predict()] forward done
[track_one()] pose done
[track_one()] Welcome
[track_one()] depth processing done
[predict()] ob_in_cams:(1, 4, 4)
[predict()] self.cfg.use_normal:False
[predict()] trans_normalizer:[0.019999999552965164, 0.019999999552965164, 0.05000000074505806], rot_normalizer:0.3490658503988659
[predict()] making cropped data
[make_crop_data_batch()] Welcome make_crop_data_batch
[make_crop_data_batch()] make tf_to_crops done
[make_crop_data_batch()] render done
[make_crop_data_batch()] warp done
[make_crop_data_batch()] pose batch data done
[predict()] forward start
[predict()] forward done
[track_one()] pose done
[track_one()] Welcome
[track_one()] depth processing done
[predict()] ob_in_cams:(1, 4, 4)
[predict()] self.cfg.use_normal:False
[predict()] trans_normalizer:[0.019999999552965164, 0.019999999552965164, 0.05000000074505806], rot_normalizer:0.3490658503988659
[predict()] making cropped data
[make_crop_data_batch()] Welcome make_crop_data_batch
[make_crop_data_batch()] make tf_to_crops done
[make_crop_data_batch()] render done
[make_crop_data_batch()] warp done
[make_crop_data_batch()] pose batch data done
[predict()] forward start
[predict()] forward done
[track_one()] pose done
[track_one()] Welcome
[track_one()] depth processing done
[predict()] ob_in_cams:(1, 4, 4)
[predict()] self.cfg.use_normal:False
[predict()] trans_normalizer:[0.019999999552965164, 0.019999999552965164, 0.05000000074505806], rot_normalizer:0.3490658503988659
[predict()] making cropped data
[make_crop_data_batch()] Welcome make_crop_data_batch
[make_crop_data_batch()] make tf_to_crops done
[make_crop_data_batch()] render done
[make_crop_data_batch()] warp done
[make_crop_data_batch()] pose batch data done
[predict()] forward start
[predict()] forward done
[track_one()] pose done
[track_one()] Welcome
[track_one()] depth processing done
[predict()] ob_in_cams:(1, 4, 4)
[predict()] self.cfg.use_normal:False
[predict()] trans_normalizer:[0.019999999552965164, 0.019999999552965164, 0.05000000074505806], rot_normalizer:0.3490658503988659
[predict()] making cropped data
[make_crop_data_batch()] Welcome make_crop_data_batch
[make_crop_data_batch()] make tf_to_crops done
[make_crop_data_batch()] render done
[make_crop_data_batch()] warp done
[make_crop_data_batch()] pose batch data done
[predict()] forward start
[predict()] forward done
[track_one()] pose done
[track_one()] Welcome
[track_one()] depth processing done
[predict()] ob_in_cams:(1, 4, 4)
[predict()] self.cfg.use_normal:False
[predict()] trans_normalizer:[0.019999999552965164, 0.019999999552965164, 0.05000000074505806], rot_normalizer:0.3490658503988659
[predict()] making cropped data
[make_crop_data_batch()] Welcome make_crop_data_batch
[make_crop_data_batch()] make tf_to_crops done
[make_crop_data_batch()] render done
[make_crop_data_batch()] warp done
[make_crop_data_batch()] pose batch data done
[predict()] forward start
[predict()] forward done
[track_one()] pose done
[track_one()] Welcome
[track_one()] depth processing done
[predict()] ob_in_cams:(1, 4, 4)
[predict()] self.cfg.use_normal:False
[predict()] trans_normalizer:[0.019999999552965164, 0.019999999552965164, 0.05000000074505806], rot_normalizer:0.3490658503988659
[predict()] making cropped data
[make_crop_data_batch()] Welcome make_crop_data_batch
[make_crop_data_batch()] make tf_to_crops done
[make_crop_data_batch()] render done
[make_crop_data_batch()] warp done
[make_crop_data_batch()] pose batch data done
[predict()] forward start
[predict()] forward done
[track_one()] pose done
[track_one()] Welcome
[track_one()] depth processing done
[predict()] ob_in_cams:(1, 4, 4)
[predict()] self.cfg.use_normal:False
[predict()] trans_normalizer:[0.019999999552965164, 0.019999999552965164, 0.05000000074505806], rot_normalizer:0.3490658503988659
[predict()] making cropped data
[make_crop_data_batch()] Welcome make_crop_data_batch
[make_crop_data_batch()] make tf_to_crops done
[make_crop_data_batch()] render done
[make_crop_data_batch()] warp done
[make_crop_data_batch()] pose batch data done
[predict()] forward start
[predict()] forward done
[track_one()] pose done
[track_one()] Welcome
[track_one()] depth processing done
[predict()] ob_in_cams:(1, 4, 4)
[predict()] self.cfg.use_normal:False
[predict()] trans_normalizer:[0.019999999552965164, 0.019999999552965164, 0.05000000074505806], rot_normalizer:0.3490658503988659
[predict()] making cropped data
[make_crop_data_batch()] Welcome make_crop_data_batch
[make_crop_data_batch()] make tf_to_crops done
[make_crop_data_batch()] render done
[make_crop_data_batch()] warp done
[make_crop_data_batch()] pose batch data done
[predict()] forward start
[predict()] forward done
[track_one()] pose done
[track_one()] Welcome
[track_one()] depth processing done
[predict()] ob_in_cams:(1, 4, 4)
[predict()] self.cfg.use_normal:False
[predict()] trans_normalizer:[0.019999999552965164, 0.019999999552965164, 0.05000000074505806], rot_normalizer:0.3490658503988659
[predict()] making cropped data
[make_crop_data_batch()] Welcome make_crop_data_batch
[make_crop_data_batch()] make tf_to_crops done
[make_crop_data_batch()] render done
[make_crop_data_batch()] warp done
[make_crop_data_batch()] pose batch data done
[predict()] forward start
[predict()] forward done
[track_one()] pose done
[track_one()] Welcome
[track_one()] depth processing done
[predict()] ob_in_cams:(1, 4, 4)
[predict()] self.cfg.use_normal:False
[predict()] trans_normalizer:[0.019999999552965164, 0.019999999552965164, 0.05000000074505806], rot_normalizer:0.3490658503988659
[predict()] making cropped data
[make_crop_data_batch()] Welcome make_crop_data_batch
[make_crop_data_batch()] make tf_to_crops done
[make_crop_data_batch()] render done
[make_crop_data_batch()] warp done
[make_crop_data_batch()] pose batch data done
[predict()] forward start
[predict()] forward done
[track_one()] pose done
[track_one()] Welcome
[track_one()] depth processing done
[predict()] ob_in_cams:(1, 4, 4)
[predict()] self.cfg.use_normal:False
[predict()] trans_normalizer:[0.019999999552965164, 0.019999999552965164, 0.05000000074505806], rot_normalizer:0.3490658503988659
[predict()] making cropped data
[make_crop_data_batch()] Welcome make_crop_data_batch
[make_crop_data_batch()] make tf_to_crops done
[make_crop_data_batch()] render done
[make_crop_data_batch()] warp done
[make_crop_data_batch()] pose batch data done
[predict()] forward start
[predict()] forward done
[track_one()] pose done
[track_one()] Welcome
[track_one()] depth processing done
[predict()] ob_in_cams:(1, 4, 4)
[predict()] self.cfg.use_normal:False
[predict()] trans_normalizer:[0.019999999552965164, 0.019999999552965164, 0.05000000074505806], rot_normalizer:0.3490658503988659
[predict()] making cropped data
[make_crop_data_batch()] Welcome make_crop_data_batch
[make_crop_data_batch()] make tf_to_crops done
[make_crop_data_batch()] render done
[make_crop_data_batch()] warp done
[make_crop_data_batch()] pose batch data done
[predict()] forward start
[predict()] forward done
[track_one()] pose done
[track_one()] Welcome
[track_one()] depth processing done
[predict()] ob_in_cams:(1, 4, 4)
[predict()] self.cfg.use_normal:False
[predict()] trans_normalizer:[0.019999999552965164, 0.019999999552965164, 0.05000000074505806], rot_normalizer:0.3490658503988659
[predict()] making cropped data
[make_crop_data_batch()] Welcome make_crop_data_batch
[make_crop_data_batch()] make tf_to_crops done
[make_crop_data_batch()] render done
[make_crop_data_batch()] warp done
[make_crop_data_batch()] pose batch data done
[predict()] forward start
[predict()] forward done
[track_one()] pose done
[track_one()] Welcome
[track_one()] depth processing done
[predict()] ob_in_cams:(1, 4, 4)
[predict()] self.cfg.use_normal:False
[predict()] trans_normalizer:[0.019999999552965164, 0.019999999552965164, 0.05000000074505806], rot_normalizer:0.3490658503988659
[predict()] making cropped data
[make_crop_data_batch()] Welcome make_crop_data_batch
[make_crop_data_batch()] make tf_to_crops done
[make_crop_data_batch()] render done
[make_crop_data_batch()] warp done
[make_crop_data_batch()] pose batch data done
[predict()] forward start
[predict()] forward done
[track_one()] pose done
[track_one()] Welcome
[track_one()] depth processing done
[predict()] ob_in_cams:(1, 4, 4)
[predict()] self.cfg.use_normal:False
[predict()] trans_normalizer:[0.019999999552965164, 0.019999999552965164, 0.05000000074505806], rot_normalizer:0.3490658503988659
[predict()] making cropped data
[make_crop_data_batch()] Welcome make_crop_data_batch
[make_crop_data_batch()] make tf_to_crops done
[make_crop_data_batch()] render done
[make_crop_data_batch()] warp done
[make_crop_data_batch()] pose batch data done
[predict()] forward start
[predict()] forward done
[track_one()] pose done
[track_one()] Welcome
[track_one()] depth processing done
[predict()] ob_in_cams:(1, 4, 4)
[predict()] self.cfg.use_normal:False
[predict()] trans_normalizer:[0.019999999552965164, 0.019999999552965164, 0.05000000074505806], rot_normalizer:0.3490658503988659
[predict()] making cropped data
[make_crop_data_batch()] Welcome make_crop_data_batch
[make_crop_data_batch()] make tf_to_crops done
[make_crop_data_batch()] render done
[make_crop_data_batch()] warp done
[make_crop_data_batch()] pose batch data done
[predict()] forward start
[predict()] forward done
[track_one()] pose done
[track_one()] Welcome
[track_one()] depth processing done
[predict()] ob_in_cams:(1, 4, 4)
[predict()] self.cfg.use_normal:False
[predict()] trans_normalizer:[0.019999999552965164, 0.019999999552965164, 0.05000000074505806], rot_normalizer:0.3490658503988659
[predict()] making cropped data
[make_crop_data_batch()] Welcome make_crop_data_batch
[make_crop_data_batch()] make tf_to_crops done
[make_crop_data_batch()] render done
[make_crop_data_batch()] warp done
[make_crop_data_batch()] pose batch data done
[predict()] forward start
[predict()] forward done
[track_one()] pose done
[track_one()] Welcome
[track_one()] depth processing done
[predict()] ob_in_cams:(1, 4, 4)
[predict()] self.cfg.use_normal:False
[predict()] trans_normalizer:[0.019999999552965164, 0.019999999552965164, 0.05000000074505806], rot_normalizer:0.3490658503988659
[predict()] making cropped data
[make_crop_data_batch()] Welcome make_crop_data_batch
[make_crop_data_batch()] make tf_to_crops done
[make_crop_data_batch()] render done
[make_crop_data_batch()] warp done
[make_crop_data_batch()] pose batch data done
[predict()] forward start
[predict()] forward done
[track_one()] pose done
[track_one()] Welcome
[track_one()] depth processing done
[predict()] ob_in_cams:(1, 4, 4)
[predict()] self.cfg.use_normal:False
[predict()] trans_normalizer:[0.019999999552965164, 0.019999999552965164, 0.05000000074505806], rot_normalizer:0.3490658503988659
[predict()] making cropped data
[make_crop_data_batch()] Welcome make_crop_data_batch
[make_crop_data_batch()] make tf_to_crops done
[make_crop_data_batch()] render done
[make_crop_data_batch()] warp done
[make_crop_data_batch()] pose batch data done
[predict()] forward start
[predict()] forward done
[track_one()] pose done
[track_one()] Welcome
[track_one()] depth processing done
[predict()] ob_in_cams:(1, 4, 4)
[predict()] self.cfg.use_normal:False
[predict()] trans_normalizer:[0.019999999552965164, 0.019999999552965164, 0.05000000074505806], rot_normalizer:0.3490658503988659
[predict()] making cropped data
[make_crop_data_batch()] Welcome make_crop_data_batch
[make_crop_data_batch()] make tf_to_crops done
[make_crop_data_batch()] render done
[make_crop_data_batch()] warp done
[make_crop_data_batch()] pose batch data done
[predict()] forward start
[predict()] forward done
[track_one()] pose done
[track_one()] Welcome
[track_one()] depth processing done
[predict()] ob_in_cams:(1, 4, 4)
[predict()] self.cfg.use_normal:False
[predict()] trans_normalizer:[0.019999999552965164, 0.019999999552965164, 0.05000000074505806], rot_normalizer:0.3490658503988659
[predict()] making cropped data
[make_crop_data_batch()] Welcome make_crop_data_batch
[make_crop_data_batch()] make tf_to_crops done
[make_crop_data_batch()] render done
[make_crop_data_batch()] warp done
[make_crop_data_batch()] pose batch data done
[predict()] forward start
[predict()] forward done
[track_one()] pose done
[track_one()] Welcome
[track_one()] depth processing done
[predict()] ob_in_cams:(1, 4, 4)
[predict()] self.cfg.use_normal:False
[predict()] trans_normalizer:[0.019999999552965164, 0.019999999552965164, 0.05000000074505806], rot_normalizer:0.3490658503988659
[predict()] making cropped data
[make_crop_data_batch()] Welcome make_crop_data_batch
[make_crop_data_batch()] make tf_to_crops done
[make_crop_data_batch()] render done
[make_crop_data_batch()] warp done
[make_crop_data_batch()] pose batch data done
[predict()] forward start
[predict()] forward done
[track_one()] pose done
[track_one()] Welcome
[track_one()] depth processing done
[predict()] ob_in_cams:(1, 4, 4)
[predict()] self.cfg.use_normal:False
[predict()] trans_normalizer:[0.019999999552965164, 0.019999999552965164, 0.05000000074505806], rot_normalizer:0.3490658503988659
[predict()] making cropped data
[make_crop_data_batch()] Welcome make_crop_data_batch
[make_crop_data_batch()] make tf_to_crops done
[make_crop_data_batch()] render done
[make_crop_data_batch()] warp done
[make_crop_data_batch()] pose batch data done
[predict()] forward start
[predict()] forward done
[track_one()] pose done
[track_one()] Welcome
[track_one()] depth processing done
[predict()] ob_in_cams:(1, 4, 4)
[predict()] self.cfg.use_normal:False
[predict()] trans_normalizer:[0.019999999552965164, 0.019999999552965164, 0.05000000074505806], rot_normalizer:0.3490658503988659
[predict()] making cropped data
[make_crop_data_batch()] Welcome make_crop_data_batch
[make_crop_data_batch()] make tf_to_crops done
[make_crop_data_batch()] render done
[make_crop_data_batch()] warp done
[make_crop_data_batch()] pose batch data done
[predict()] forward start
[predict()] forward done
[track_one()] pose done
[track_one()] Welcome
[track_one()] depth processing done
[predict()] ob_in_cams:(1, 4, 4)
[predict()] self.cfg.use_normal:False
[predict()] trans_normalizer:[0.019999999552965164, 0.019999999552965164, 0.05000000074505806], rot_normalizer:0.3490658503988659
[predict()] making cropped data
[make_crop_data_batch()] Welcome make_crop_data_batch
[make_crop_data_batch()] make tf_to_crops done
[make_crop_data_batch()] render done
[make_crop_data_batch()] warp done
[make_crop_data_batch()] pose batch data done
[predict()] forward start
[predict()] forward done
[track_one()] pose done
[track_one()] Welcome
[track_one()] depth processing done
[predict()] ob_in_cams:(1, 4, 4)
[predict()] self.cfg.use_normal:False
[predict()] trans_normalizer:[0.019999999552965164, 0.019999999552965164, 0.05000000074505806], rot_normalizer:0.3490658503988659
[predict()] making cropped data
[make_crop_data_batch()] Welcome make_crop_data_batch
[make_crop_data_batch()] make tf_to_crops done
[make_crop_data_batch()] render done
[make_crop_data_batch()] warp done
[make_crop_data_batch()] pose batch data done
[predict()] forward start
[predict()] forward done
[track_one()] pose done
[track_one()] Welcome
[track_one()] depth processing done
[predict()] ob_in_cams:(1, 4, 4)
[predict()] self.cfg.use_normal:False
[predict()] trans_normalizer:[0.019999999552965164, 0.019999999552965164, 0.05000000074505806], rot_normalizer:0.3490658503988659
[predict()] making cropped data
[make_crop_data_batch()] Welcome make_crop_data_batch
[make_crop_data_batch()] make tf_to_crops done
[make_crop_data_batch()] render done
[make_crop_data_batch()] warp done
[make_crop_data_batch()] pose batch data done
[predict()] forward start
[predict()] forward done
[track_one()] pose done
[track_one()] Welcome
[track_one()] depth processing done
[predict()] ob_in_cams:(1, 4, 4)
[predict()] self.cfg.use_normal:False
[predict()] trans_normalizer:[0.019999999552965164, 0.019999999552965164, 0.05000000074505806], rot_normalizer:0.3490658503988659
[predict()] making cropped data
[make_crop_data_batch()] Welcome make_crop_data_batch
[make_crop_data_batch()] make tf_to_crops done
[make_crop_data_batch()] render done
[make_crop_data_batch()] warp done
[make_crop_data_batch()] pose batch data done
[predict()] forward start
[predict()] forward done
[track_one()] pose done
[track_one()] Welcome
[track_one()] depth processing done
[predict()] ob_in_cams:(1, 4, 4)
[predict()] self.cfg.use_normal:False
[predict()] trans_normalizer:[0.019999999552965164, 0.019999999552965164, 0.05000000074505806], rot_normalizer:0.3490658503988659
[predict()] making cropped data
[make_crop_data_batch()] Welcome make_crop_data_batch
[make_crop_data_batch()] make tf_to_crops done
[make_crop_data_batch()] render done
[make_crop_data_batch()] warp done
[make_crop_data_batch()] pose batch data done
[predict()] forward start
[predict()] forward done
[track_one()] pose done
[track_one()] Welcome
[track_one()] depth processing done
[predict()] ob_in_cams:(1, 4, 4)
[predict()] self.cfg.use_normal:False
[predict()] trans_normalizer:[0.019999999552965164, 0.019999999552965164, 0.05000000074505806], rot_normalizer:0.3490658503988659
[predict()] making cropped data
[make_crop_data_batch()] Welcome make_crop_data_batch
[make_crop_data_batch()] make tf_to_crops done
[make_crop_data_batch()] render done
[make_crop_data_batch()] warp done
[make_crop_data_batch()] pose batch data done
[predict()] forward start
[predict()] forward done
[track_one()] pose done
[track_one()] Welcome
[track_one()] depth processing done
[predict()] ob_in_cams:(1, 4, 4)
[predict()] self.cfg.use_normal:False
[predict()] trans_normalizer:[0.019999999552965164, 0.019999999552965164, 0.05000000074505806], rot_normalizer:0.3490658503988659
[predict()] making cropped data
[make_crop_data_batch()] Welcome make_crop_data_batch
[make_crop_data_batch()] make tf_to_crops done
[make_crop_data_batch()] render done
[make_crop_data_batch()] warp done
[make_crop_data_batch()] pose batch data done
[predict()] forward start
[predict()] forward done
[track_one()] pose done
[track_one()] Welcome
[track_one()] depth processing done
[predict()] ob_in_cams:(1, 4, 4)
[predict()] self.cfg.use_normal:False
[predict()] trans_normalizer:[0.019999999552965164, 0.019999999552965164, 0.05000000074505806], rot_normalizer:0.3490658503988659
[predict()] making cropped data
[make_crop_data_batch()] Welcome make_crop_data_batch
[make_crop_data_batch()] make tf_to_crops done
[make_crop_data_batch()] render done
[make_crop_data_batch()] warp done
[make_crop_data_batch()] pose batch data done
[predict()] forward start
[predict()] forward done
[track_one()] pose done
[track_one()] Welcome
[track_one()] depth processing done
[predict()] ob_in_cams:(1, 4, 4)
[predict()] self.cfg.use_normal:False
[predict()] trans_normalizer:[0.019999999552965164, 0.019999999552965164, 0.05000000074505806], rot_normalizer:0.3490658503988659
[predict()] making cropped data
[make_crop_data_batch()] Welcome make_crop_data_batch
[make_crop_data_batch()] make tf_to_crops done
[make_crop_data_batch()] render done
[make_crop_data_batch()] warp done
[make_crop_data_batch()] pose batch data done
[predict()] forward start
[predict()] forward done
[track_one()] pose done
[track_one()] Welcome
[track_one()] depth processing done
[predict()] ob_in_cams:(1, 4, 4)
[predict()] self.cfg.use_normal:False
[predict()] trans_normalizer:[0.019999999552965164, 0.019999999552965164, 0.05000000074505806], rot_normalizer:0.3490658503988659
[predict()] making cropped data
[make_crop_data_batch()] Welcome make_crop_data_batch
[make_crop_data_batch()] make tf_to_crops done
[make_crop_data_batch()] render done
[make_crop_data_batch()] warp done
[make_crop_data_batch()] pose batch data done
[predict()] forward start
[predict()] forward done
[track_one()] pose done
[track_one()] Welcome
[track_one()] depth processing done
[predict()] ob_in_cams:(1, 4, 4)
[predict()] self.cfg.use_normal:False
[predict()] trans_normalizer:[0.019999999552965164, 0.019999999552965164, 0.05000000074505806], rot_normalizer:0.3490658503988659
[predict()] making cropped data
[make_crop_data_batch()] Welcome make_crop_data_batch
[make_crop_data_batch()] make tf_to_crops done
[make_crop_data_batch()] render done
[make_crop_data_batch()] warp done
[make_crop_data_batch()] pose batch data done
[predict()] forward start
[predict()] forward done
[track_one()] pose done
[track_one()] Welcome
[track_one()] depth processing done
[predict()] ob_in_cams:(1, 4, 4)
[predict()] self.cfg.use_normal:False
[predict()] trans_normalizer:[0.019999999552965164, 0.019999999552965164, 0.05000000074505806], rot_normalizer:0.3490658503988659
[predict()] making cropped data
[make_crop_data_batch()] Welcome make_crop_data_batch
[make_crop_data_batch()] make tf_to_crops done
[make_crop_data_batch()] render done
[make_crop_data_batch()] warp done
[make_crop_data_batch()] pose batch data done
[predict()] forward start
[predict()] forward done
[track_one()] pose done
[track_one()] Welcome
[track_one()] depth processing done
[predict()] ob_in_cams:(1, 4, 4)
[predict()] self.cfg.use_normal:False
[predict()] trans_normalizer:[0.019999999552965164, 0.019999999552965164, 0.05000000074505806], rot_normalizer:0.3490658503988659
[predict()] making cropped data
[make_crop_data_batch()] Welcome make_crop_data_batch
[make_crop_data_batch()] make tf_to_crops done
[make_crop_data_batch()] render done
[make_crop_data_batch()] warp done
[make_crop_data_batch()] pose batch data done
[predict()] forward start
[predict()] forward done
[track_one()] pose done
[track_one()] Welcome
[track_one()] depth processing done
[predict()] ob_in_cams:(1, 4, 4)
[predict()] self.cfg.use_normal:False
[predict()] trans_normalizer:[0.019999999552965164, 0.019999999552965164, 0.05000000074505806], rot_normalizer:0.3490658503988659
[predict()] making cropped data
[make_crop_data_batch()] Welcome make_crop_data_batch
[make_crop_data_batch()] make tf_to_crops done
[make_crop_data_batch()] render done
[make_crop_data_batch()] warp done
[make_crop_data_batch()] pose batch data done
[predict()] forward start
[predict()] forward done
[track_one()] pose done
[track_one()] Welcome
[track_one()] depth processing done
[predict()] ob_in_cams:(1, 4, 4)
[predict()] self.cfg.use_normal:False
[predict()] trans_normalizer:[0.019999999552965164, 0.019999999552965164, 0.05000000074505806], rot_normalizer:0.3490658503988659
[predict()] making cropped data
[make_crop_data_batch()] Welcome make_crop_data_batch
[make_crop_data_batch()] make tf_to_crops done
[make_crop_data_batch()] render done
[make_crop_data_batch()] warp done
[make_crop_data_batch()] pose batch data done
[predict()] forward start
[predict()] forward done
[track_one()] pose done
[track_one()] Welcome
[track_one()] depth processing done
[predict()] ob_in_cams:(1, 4, 4)
[predict()] self.cfg.use_normal:False
[predict()] trans_normalizer:[0.019999999552965164, 0.019999999552965164, 0.05000000074505806], rot_normalizer:0.3490658503988659
[predict()] making cropped data
[make_crop_data_batch()] Welcome make_crop_data_batch
[make_crop_data_batch()] make tf_to_crops done
[make_crop_data_batch()] render done
[make_crop_data_batch()] warp done
[make_crop_data_batch()] pose batch data done
[predict()] forward start
[predict()] forward done
[track_one()] pose done
[track_one()] Welcome
[track_one()] depth processing done
[predict()] ob_in_cams:(1, 4, 4)
[predict()] self.cfg.use_normal:False
[predict()] trans_normalizer:[0.019999999552965164, 0.019999999552965164, 0.05000000074505806], rot_normalizer:0.3490658503988659
[predict()] making cropped data
[make_crop_data_batch()] Welcome make_crop_data_batch
[make_crop_data_batch()] make tf_to_crops done
[make_crop_data_batch()] render done
[make_crop_data_batch()] warp done
[make_crop_data_batch()] pose batch data done
[predict()] forward start
[predict()] forward done
[track_one()] pose done
[track_one()] Welcome
[track_one()] depth processing done
[predict()] ob_in_cams:(1, 4, 4)
[predict()] self.cfg.use_normal:False
[predict()] trans_normalizer:[0.019999999552965164, 0.019999999552965164, 0.05000000074505806], rot_normalizer:0.3490658503988659
[predict()] making cropped data
[make_crop_data_batch()] Welcome make_crop_data_batch
[make_crop_data_batch()] make tf_to_crops done
[make_crop_data_batch()] render done
[make_crop_data_batch()] warp done
[make_crop_data_batch()] pose batch data done
[predict()] forward start
[predict()] forward done
[track_one()] pose done
[track_one()] Welcome
[track_one()] depth processing done
[predict()] ob_in_cams:(1, 4, 4)
[predict()] self.cfg.use_normal:False
[predict()] trans_normalizer:[0.019999999552965164, 0.019999999552965164, 0.05000000074505806], rot_normalizer:0.3490658503988659
[predict()] making cropped data
[make_crop_data_batch()] Welcome make_crop_data_batch
[make_crop_data_batch()] make tf_to_crops done
[make_crop_data_batch()] render done
[make_crop_data_batch()] warp done
[make_crop_data_batch()] pose batch data done
[predict()] forward start
[predict()] forward done
[track_one()] pose done
[track_one()] Welcome
[track_one()] depth processing done
[predict()] ob_in_cams:(1, 4, 4)
[predict()] self.cfg.use_normal:False
[predict()] trans_normalizer:[0.019999999552965164, 0.019999999552965164, 0.05000000074505806], rot_normalizer:0.3490658503988659
[predict()] making cropped data
[make_crop_data_batch()] Welcome make_crop_data_batch
[make_crop_data_batch()] make tf_to_crops done
[make_crop_data_batch()] render done
[make_crop_data_batch()] warp done
[make_crop_data_batch()] pose batch data done
[predict()] forward start
[predict()] forward done
[track_one()] pose done
[track_one()] Welcome
[track_one()] depth processing done
[predict()] ob_in_cams:(1, 4, 4)
[predict()] self.cfg.use_normal:False
[predict()] trans_normalizer:[0.019999999552965164, 0.019999999552965164, 0.05000000074505806], rot_normalizer:0.3490658503988659
[predict()] making cropped data
[make_crop_data_batch()] Welcome make_crop_data_batch
[make_crop_data_batch()] make tf_to_crops done
[make_crop_data_batch()] render done
[make_crop_data_batch()] warp done
[make_crop_data_batch()] pose batch data done
[predict()] forward start
[predict()] forward done
[track_one()] pose done
[track_one()] Welcome
[track_one()] depth processing done
[predict()] ob_in_cams:(1, 4, 4)
[predict()] self.cfg.use_normal:False
[predict()] trans_normalizer:[0.019999999552965164, 0.019999999552965164, 0.05000000074505806], rot_normalizer:0.3490658503988659
[predict()] making cropped data
[make_crop_data_batch()] Welcome make_crop_data_batch
[make_crop_data_batch()] make tf_to_crops done
[make_crop_data_batch()] render done
[make_crop_data_batch()] warp done
[make_crop_data_batch()] pose batch data done
[predict()] forward start
[predict()] forward done
[track_one()] pose done
[track_one()] Welcome
[track_one()] depth processing done
[predict()] ob_in_cams:(1, 4, 4)
[predict()] self.cfg.use_normal:False
[predict()] trans_normalizer:[0.019999999552965164, 0.019999999552965164, 0.05000000074505806], rot_normalizer:0.3490658503988659
[predict()] making cropped data
[make_crop_data_batch()] Welcome make_crop_data_batch
[make_crop_data_batch()] make tf_to_crops done
[make_crop_data_batch()] render done
[make_crop_data_batch()] warp done
[make_crop_data_batch()] pose batch data done
[predict()] forward start
[predict()] forward done
[track_one()] pose done
[track_one()] Welcome
[track_one()] depth processing done
[predict()] ob_in_cams:(1, 4, 4)
[predict()] self.cfg.use_normal:False
[predict()] trans_normalizer:[0.019999999552965164, 0.019999999552965164, 0.05000000074505806], rot_normalizer:0.3490658503988659
[predict()] making cropped data
[make_crop_data_batch()] Welcome make_crop_data_batch
[make_crop_data_batch()] make tf_to_crops done
[make_crop_data_batch()] render done
[make_crop_data_batch()] warp done
[make_crop_data_batch()] pose batch data done
[predict()] forward start
[predict()] forward done
[track_one()] pose done
[track_one()] Welcome
[track_one()] depth processing done
[predict()] ob_in_cams:(1, 4, 4)
[predict()] self.cfg.use_normal:False
[predict()] trans_normalizer:[0.019999999552965164, 0.019999999552965164, 0.05000000074505806], rot_normalizer:0.3490658503988659
[predict()] making cropped data
[make_crop_data_batch()] Welcome make_crop_data_batch
[make_crop_data_batch()] make tf_to_crops done
[make_crop_data_batch()] render done
[make_crop_data_batch()] warp done
[make_crop_data_batch()] pose batch data done
[predict()] forward start
[predict()] forward done
[track_one()] pose done
[track_one()] Welcome
[track_one()] depth processing done
[predict()] ob_in_cams:(1, 4, 4)
[predict()] self.cfg.use_normal:False
[predict()] trans_normalizer:[0.019999999552965164, 0.019999999552965164, 0.05000000074505806], rot_normalizer:0.3490658503988659
[predict()] making cropped data
[make_crop_data_batch()] Welcome make_crop_data_batch
[make_crop_data_batch()] make tf_to_crops done
[make_crop_data_batch()] render done
[make_crop_data_batch()] warp done
[make_crop_data_batch()] pose batch data done
[predict()] forward start
[predict()] forward done
[track_one()] pose done
[track_one()] Welcome
[track_one()] depth processing done
[predict()] ob_in_cams:(1, 4, 4)
[predict()] self.cfg.use_normal:False
[predict()] trans_normalizer:[0.019999999552965164, 0.019999999552965164, 0.05000000074505806], rot_normalizer:0.3490658503988659
[predict()] making cropped data
[make_crop_data_batch()] Welcome make_crop_data_batch
[make_crop_data_batch()] make tf_to_crops done
[make_crop_data_batch()] render done
[make_crop_data_batch()] warp done
[make_crop_data_batch()] pose batch data done
[predict()] forward start
[predict()] forward done
[track_one()] pose done
[track_one()] Welcome
[track_one()] depth processing done
[predict()] ob_in_cams:(1, 4, 4)
[predict()] self.cfg.use_normal:False
[predict()] trans_normalizer:[0.019999999552965164, 0.019999999552965164, 0.05000000074505806], rot_normalizer:0.3490658503988659
[predict()] making cropped data
[make_crop_data_batch()] Welcome make_crop_data_batch
[make_crop_data_batch()] make tf_to_crops done
[make_crop_data_batch()] render done
[make_crop_data_batch()] warp done
[make_crop_data_batch()] pose batch data done
[predict()] forward start
[predict()] forward done
[track_one()] pose done
[track_one()] Welcome
[track_one()] depth processing done
[predict()] ob_in_cams:(1, 4, 4)
[predict()] self.cfg.use_normal:False
[predict()] trans_normalizer:[0.019999999552965164, 0.019999999552965164, 0.05000000074505806], rot_normalizer:0.3490658503988659
[predict()] making cropped data
[make_crop_data_batch()] Welcome make_crop_data_batch
[make_crop_data_batch()] make tf_to_crops done
[make_crop_data_batch()] render done
[make_crop_data_batch()] warp done
[make_crop_data_batch()] pose batch data done
[predict()] forward start
[predict()] forward done
[track_one()] pose done
[track_one()] Welcome
[track_one()] depth processing done
[predict()] ob_in_cams:(1, 4, 4)
[predict()] self.cfg.use_normal:False
[predict()] trans_normalizer:[0.019999999552965164, 0.019999999552965164, 0.05000000074505806], rot_normalizer:0.3490658503988659
[predict()] making cropped data
[make_crop_data_batch()] Welcome make_crop_data_batch
[make_crop_data_batch()] make tf_to_crops done
[make_crop_data_batch()] render done
[make_crop_data_batch()] warp done
[make_crop_data_batch()] pose batch data done
[predict()] forward start
[predict()] forward done
[track_one()] pose done
[track_one()] Welcome
[track_one()] depth processing done
[predict()] ob_in_cams:(1, 4, 4)
[predict()] self.cfg.use_normal:False
[predict()] trans_normalizer:[0.019999999552965164, 0.019999999552965164, 0.05000000074505806], rot_normalizer:0.3490658503988659
[predict()] making cropped data
[make_crop_data_batch()] Welcome make_crop_data_batch
[make_crop_data_batch()] make tf_to_crops done
[make_crop_data_batch()] render done
[make_crop_data_batch()] warp done
[make_crop_data_batch()] pose batch data done
[predict()] forward start
[predict()] forward done
[track_one()] pose done
[track_one()] Welcome
[track_one()] depth processing done
[predict()] ob_in_cams:(1, 4, 4)
[predict()] self.cfg.use_normal:False
[predict()] trans_normalizer:[0.019999999552965164, 0.019999999552965164, 0.05000000074505806], rot_normalizer:0.3490658503988659
[predict()] making cropped data
[make_crop_data_batch()] Welcome make_crop_data_batch
[make_crop_data_batch()] make tf_to_crops done
[make_crop_data_batch()] render done
[make_crop_data_batch()] warp done
[make_crop_data_batch()] pose batch data done
[predict()] forward start
[predict()] forward done
[track_one()] pose done
[track_one()] Welcome
[track_one()] depth processing done
[predict()] ob_in_cams:(1, 4, 4)
[predict()] self.cfg.use_normal:False
[predict()] trans_normalizer:[0.019999999552965164, 0.019999999552965164, 0.05000000074505806], rot_normalizer:0.3490658503988659
[predict()] making cropped data
[make_crop_data_batch()] Welcome make_crop_data_batch
[make_crop_data_batch()] make tf_to_crops done
[make_crop_data_batch()] render done
[make_crop_data_batch()] warp done
[make_crop_data_batch()] pose batch data done
[predict()] forward start
[predict()] forward done
[track_one()] pose done
[track_one()] Welcome
[track_one()] depth processing done
[predict()] ob_in_cams:(1, 4, 4)
[predict()] self.cfg.use_normal:False
[predict()] trans_normalizer:[0.019999999552965164, 0.019999999552965164, 0.05000000074505806], rot_normalizer:0.3490658503988659
[predict()] making cropped data
[make_crop_data_batch()] Welcome make_crop_data_batch
[make_crop_data_batch()] make tf_to_crops done
[make_crop_data_batch()] render done
[make_crop_data_batch()] warp done
[make_crop_data_batch()] pose batch data done
[predict()] forward start
[predict()] forward done
[track_one()] pose done
[track_one()] Welcome
[track_one()] depth processing done
[predict()] ob_in_cams:(1, 4, 4)
[predict()] self.cfg.use_normal:False
[predict()] trans_normalizer:[0.019999999552965164, 0.019999999552965164, 0.05000000074505806], rot_normalizer:0.3490658503988659
[predict()] making cropped data
[make_crop_data_batch()] Welcome make_crop_data_batch
[make_crop_data_batch()] make tf_to_crops done
[make_crop_data_batch()] render done
[make_crop_data_batch()] warp done
[make_crop_data_batch()] pose batch data done
[predict()] forward start
[predict()] forward done
[track_one()] pose done
[track_one()] Welcome
[track_one()] depth processing done
[predict()] ob_in_cams:(1, 4, 4)
[predict()] self.cfg.use_normal:False
[predict()] trans_normalizer:[0.019999999552965164, 0.019999999552965164, 0.05000000074505806], rot_normalizer:0.3490658503988659
[predict()] making cropped data
[make_crop_data_batch()] Welcome make_crop_data_batch
[make_crop_data_batch()] make tf_to_crops done
[make_crop_data_batch()] render done
[make_crop_data_batch()] warp done
[make_crop_data_batch()] pose batch data done
[predict()] forward start
[predict()] forward done
[track_one()] pose done
[track_one()] Welcome
[track_one()] depth processing done
[predict()] ob_in_cams:(1, 4, 4)
[predict()] self.cfg.use_normal:False
[predict()] trans_normalizer:[0.019999999552965164, 0.019999999552965164, 0.05000000074505806], rot_normalizer:0.3490658503988659
[predict()] making cropped data
[make_crop_data_batch()] Welcome make_crop_data_batch
[make_crop_data_batch()] make tf_to_crops done
[make_crop_data_batch()] render done
[make_crop_data_batch()] warp done
[make_crop_data_batch()] pose batch data done
[predict()] forward start
[predict()] forward done
[track_one()] pose done
[track_one()] Welcome
[track_one()] depth processing done
[predict()] ob_in_cams:(1, 4, 4)
[predict()] self.cfg.use_normal:False
[predict()] trans_normalizer:[0.019999999552965164, 0.019999999552965164, 0.05000000074505806], rot_normalizer:0.3490658503988659
[predict()] making cropped data
[make_crop_data_batch()] Welcome make_crop_data_batch
[make_crop_data_batch()] make tf_to_crops done
[make_crop_data_batch()] render done
[make_crop_data_batch()] warp done
[make_crop_data_batch()] pose batch data done
[predict()] forward start
[predict()] forward done
[track_one()] pose done
[track_one()] Welcome
[track_one()] depth processing done
[predict()] ob_in_cams:(1, 4, 4)
[predict()] self.cfg.use_normal:False
[predict()] trans_normalizer:[0.019999999552965164, 0.019999999552965164, 0.05000000074505806], rot_normalizer:0.3490658503988659
[predict()] making cropped data
[make_crop_data_batch()] Welcome make_crop_data_batch
[make_crop_data_batch()] make tf_to_crops done
[make_crop_data_batch()] render done
[make_crop_data_batch()] warp done
[make_crop_data_batch()] pose batch data done
[predict()] forward start
[predict()] forward done
[track_one()] pose done
[track_one()] Welcome
[track_one()] depth processing done
[predict()] ob_in_cams:(1, 4, 4)
[predict()] self.cfg.use_normal:False
[predict()] trans_normalizer:[0.019999999552965164, 0.019999999552965164, 0.05000000074505806], rot_normalizer:0.3490658503988659
[predict()] making cropped data
[make_crop_data_batch()] Welcome make_crop_data_batch
[make_crop_data_batch()] make tf_to_crops done
[make_crop_data_batch()] render done
[make_crop_data_batch()] warp done
[make_crop_data_batch()] pose batch data done
[predict()] forward start
[predict()] forward done
[track_one()] pose done
[track_one()] Welcome
[track_one()] depth processing done
[predict()] ob_in_cams:(1, 4, 4)
[predict()] self.cfg.use_normal:False
[predict()] trans_normalizer:[0.019999999552965164, 0.019999999552965164, 0.05000000074505806], rot_normalizer:0.3490658503988659
[predict()] making cropped data
[make_crop_data_batch()] Welcome make_crop_data_batch
[make_crop_data_batch()] make tf_to_crops done
[make_crop_data_batch()] render done
[make_crop_data_batch()] warp done
[make_crop_data_batch()] pose batch data done
[predict()] forward start
[predict()] forward done
[track_one()] pose done
[track_one()] Welcome
[track_one()] depth processing done
[predict()] ob_in_cams:(1, 4, 4)
[predict()] self.cfg.use_normal:False
[predict()] trans_normalizer:[0.019999999552965164, 0.019999999552965164, 0.05000000074505806], rot_normalizer:0.3490658503988659
[predict()] making cropped data
[make_crop_data_batch()] Welcome make_crop_data_batch
[make_crop_data_batch()] make tf_to_crops done
[make_crop_data_batch()] render done
[make_crop_data_batch()] warp done
[make_crop_data_batch()] pose batch data done
[predict()] forward start
[predict()] forward done
[track_one()] pose done
[track_one()] Welcome
[track_one()] depth processing done
[predict()] ob_in_cams:(1, 4, 4)
[predict()] self.cfg.use_normal:False
[predict()] trans_normalizer:[0.019999999552965164, 0.019999999552965164, 0.05000000074505806], rot_normalizer:0.3490658503988659
[predict()] making cropped data
[make_crop_data_batch()] Welcome make_crop_data_batch
[make_crop_data_batch()] make tf_to_crops done
[make_crop_data_batch()] render done
[make_crop_data_batch()] warp done
[make_crop_data_batch()] pose batch data done
[predict()] forward start
[predict()] forward done
[track_one()] pose done
[track_one()] Welcome
[track_one()] depth processing done
[predict()] ob_in_cams:(1, 4, 4)
[predict()] self.cfg.use_normal:False
[predict()] trans_normalizer:[0.019999999552965164, 0.019999999552965164, 0.05000000074505806], rot_normalizer:0.3490658503988659
[predict()] making cropped data
[make_crop_data_batch()] Welcome make_crop_data_batch
[make_crop_data_batch()] make tf_to_crops done
[make_crop_data_batch()] render done
[make_crop_data_batch()] warp done
[make_crop_data_batch()] pose batch data done
[predict()] forward start
[predict()] forward done
[track_one()] pose done
[track_one()] Welcome
[track_one()] depth processing done
[predict()] ob_in_cams:(1, 4, 4)
[predict()] self.cfg.use_normal:False
[predict()] trans_normalizer:[0.019999999552965164, 0.019999999552965164, 0.05000000074505806], rot_normalizer:0.3490658503988659
[predict()] making cropped data
[make_crop_data_batch()] Welcome make_crop_data_batch
[make_crop_data_batch()] make tf_to_crops done
[make_crop_data_batch()] render done
[make_crop_data_batch()] warp done
[make_crop_data_batch()] pose batch data done
[predict()] forward start
[predict()] forward done
[track_one()] pose done
[track_one()] Welcome
[track_one()] depth processing done
[predict()] ob_in_cams:(1, 4, 4)
[predict()] self.cfg.use_normal:False
[predict()] trans_normalizer:[0.019999999552965164, 0.019999999552965164, 0.05000000074505806], rot_normalizer:0.3490658503988659
[predict()] making cropped data
[make_crop_data_batch()] Welcome make_crop_data_batch
[make_crop_data_batch()] make tf_to_crops done
[make_crop_data_batch()] render done
[make_crop_data_batch()] warp done
[make_crop_data_batch()] pose batch data done
[predict()] forward start
[predict()] forward done
[track_one()] pose done
[track_one()] Welcome
[track_one()] depth processing done
[predict()] ob_in_cams:(1, 4, 4)
[predict()] self.cfg.use_normal:False
[predict()] trans_normalizer:[0.019999999552965164, 0.019999999552965164, 0.05000000074505806], rot_normalizer:0.3490658503988659
[predict()] making cropped data
[make_crop_data_batch()] Welcome make_crop_data_batch
[make_crop_data_batch()] make tf_to_crops done
[make_crop_data_batch()] render done
[make_crop_data_batch()] warp done
[make_crop_data_batch()] pose batch data done
[predict()] forward start
[predict()] forward done
[track_one()] pose done
[track_one()] Welcome
[track_one()] depth processing done
[predict()] ob_in_cams:(1, 4, 4)
[predict()] self.cfg.use_normal:False
[predict()] trans_normalizer:[0.019999999552965164, 0.019999999552965164, 0.05000000074505806], rot_normalizer:0.3490658503988659
[predict()] making cropped data
[make_crop_data_batch()] Welcome make_crop_data_batch
[make_crop_data_batch()] make tf_to_crops done
[make_crop_data_batch()] render done
[make_crop_data_batch()] warp done
[make_crop_data_batch()] pose batch data done
[predict()] forward start
[predict()] forward done
[track_one()] pose done
[track_one()] Welcome
[track_one()] depth processing done
[predict()] ob_in_cams:(1, 4, 4)
[predict()] self.cfg.use_normal:False
[predict()] trans_normalizer:[0.019999999552965164, 0.019999999552965164, 0.05000000074505806], rot_normalizer:0.3490658503988659
[predict()] making cropped data
[make_crop_data_batch()] Welcome make_crop_data_batch
[make_crop_data_batch()] make tf_to_crops done
[make_crop_data_batch()] render done
[make_crop_data_batch()] warp done
[make_crop_data_batch()] pose batch data done
[predict()] forward start
[predict()] forward done
[track_one()] pose done
[track_one()] Welcome
[track_one()] depth processing done
[predict()] ob_in_cams:(1, 4, 4)
[predict()] self.cfg.use_normal:False
[predict()] trans_normalizer:[0.019999999552965164, 0.019999999552965164, 0.05000000074505806], rot_normalizer:0.3490658503988659
[predict()] making cropped data
[make_crop_data_batch()] Welcome make_crop_data_batch
[make_crop_data_batch()] make tf_to_crops done
[make_crop_data_batch()] render done
[make_crop_data_batch()] warp done
[make_crop_data_batch()] pose batch data done
[predict()] forward start
[predict()] forward done
[track_one()] pose done
[track_one()] Welcome
[track_one()] depth processing done
[predict()] ob_in_cams:(1, 4, 4)
[predict()] self.cfg.use_normal:False
[predict()] trans_normalizer:[0.019999999552965164, 0.019999999552965164, 0.05000000074505806], rot_normalizer:0.3490658503988659
[predict()] making cropped data
[make_crop_data_batch()] Welcome make_crop_data_batch
[make_crop_data_batch()] make tf_to_crops done
[make_crop_data_batch()] render done
[make_crop_data_batch()] warp done
[make_crop_data_batch()] pose batch data done
[predict()] forward start
[predict()] forward done
[track_one()] pose done
[track_one()] Welcome
[track_one()] depth processing done
[predict()] ob_in_cams:(1, 4, 4)
[predict()] self.cfg.use_normal:False
[predict()] trans_normalizer:[0.019999999552965164, 0.019999999552965164, 0.05000000074505806], rot_normalizer:0.3490658503988659
[predict()] making cropped data
[make_crop_data_batch()] Welcome make_crop_data_batch
[make_crop_data_batch()] make tf_to_crops done
[make_crop_data_batch()] render done
[make_crop_data_batch()] warp done
[make_crop_data_batch()] pose batch data done
[predict()] forward start
[predict()] forward done
[track_one()] pose done
[track_one()] Welcome
[track_one()] depth processing done
[predict()] ob_in_cams:(1, 4, 4)
[predict()] self.cfg.use_normal:False
[predict()] trans_normalizer:[0.019999999552965164, 0.019999999552965164, 0.05000000074505806], rot_normalizer:0.3490658503988659
[predict()] making cropped data
[make_crop_data_batch()] Welcome make_crop_data_batch
[make_crop_data_batch()] make tf_to_crops done
[make_crop_data_batch()] render done
[make_crop_data_batch()] warp done
[make_crop_data_batch()] pose batch data done
[predict()] forward start
[predict()] forward done
[track_one()] pose done
[track_one()] Welcome
[track_one()] depth processing done
[predict()] ob_in_cams:(1, 4, 4)
[predict()] self.cfg.use_normal:False
[predict()] trans_normalizer:[0.019999999552965164, 0.019999999552965164, 0.05000000074505806], rot_normalizer:0.3490658503988659
[predict()] making cropped data
[make_crop_data_batch()] Welcome make_crop_data_batch
[make_crop_data_batch()] make tf_to_crops done
[make_crop_data_batch()] render done
[make_crop_data_batch()] warp done
[make_crop_data_batch()] pose batch data done
[predict()] forward start
[predict()] forward done
[track_one()] pose done
[track_one()] Welcome
[track_one()] depth processing done
[predict()] ob_in_cams:(1, 4, 4)
[predict()] self.cfg.use_normal:False
[predict()] trans_normalizer:[0.019999999552965164, 0.019999999552965164, 0.05000000074505806], rot_normalizer:0.3490658503988659
[predict()] making cropped data
[make_crop_data_batch()] Welcome make_crop_data_batch
[make_crop_data_batch()] make tf_to_crops done
[make_crop_data_batch()] render done
[make_crop_data_batch()] warp done
[make_crop_data_batch()] pose batch data done
[predict()] forward start
[predict()] forward done
[track_one()] pose done
[track_one()] Welcome
[track_one()] depth processing done
[predict()] ob_in_cams:(1, 4, 4)
[predict()] self.cfg.use_normal:False
[predict()] trans_normalizer:[0.019999999552965164, 0.019999999552965164, 0.05000000074505806], rot_normalizer:0.3490658503988659
[predict()] making cropped data
[make_crop_data_batch()] Welcome make_crop_data_batch
[make_crop_data_batch()] make tf_to_crops done
[make_crop_data_batch()] render done
[make_crop_data_batch()] warp done
[make_crop_data_batch()] pose batch data done
[predict()] forward start
[predict()] forward done
[track_one()] pose done
[track_one()] Welcome
[track_one()] depth processing done
[predict()] ob_in_cams:(1, 4, 4)
[predict()] self.cfg.use_normal:False
[predict()] trans_normalizer:[0.019999999552965164, 0.019999999552965164, 0.05000000074505806], rot_normalizer:0.3490658503988659
[predict()] making cropped data
[make_crop_data_batch()] Welcome make_crop_data_batch
[make_crop_data_batch()] make tf_to_crops done
[make_crop_data_batch()] render done
[make_crop_data_batch()] warp done
[make_crop_data_batch()] pose batch data done
[predict()] forward start
[predict()] forward done
[track_one()] pose done
[track_one()] Welcome
[track_one()] depth processing done
[predict()] ob_in_cams:(1, 4, 4)
[predict()] self.cfg.use_normal:False
[predict()] trans_normalizer:[0.019999999552965164, 0.019999999552965164, 0.05000000074505806], rot_normalizer:0.3490658503988659
[predict()] making cropped data
[make_crop_data_batch()] Welcome make_crop_data_batch
[make_crop_data_batch()] make tf_to_crops done
[make_crop_data_batch()] render done
[make_crop_data_batch()] warp done
[make_crop_data_batch()] pose batch data done
[predict()] forward start
[predict()] forward done
[track_one()] pose done
[track_one()] Welcome
[track_one()] depth processing done
[predict()] ob_in_cams:(1, 4, 4)
[predict()] self.cfg.use_normal:False
[predict()] trans_normalizer:[0.019999999552965164, 0.019999999552965164, 0.05000000074505806], rot_normalizer:0.3490658503988659
[predict()] making cropped data
[make_crop_data_batch()] Welcome make_crop_data_batch
[make_crop_data_batch()] make tf_to_crops done
[make_crop_data_batch()] render done
[make_crop_data_batch()] warp done
[make_crop_data_batch()] pose batch data done
[predict()] forward start
[predict()] forward done
[track_one()] pose done
[track_one()] Welcome
[track_one()] depth processing done
[predict()] ob_in_cams:(1, 4, 4)
[predict()] self.cfg.use_normal:False
[predict()] trans_normalizer:[0.019999999552965164, 0.019999999552965164, 0.05000000074505806], rot_normalizer:0.3490658503988659
[predict()] making cropped data
[make_crop_data_batch()] Welcome make_crop_data_batch
[make_crop_data_batch()] make tf_to_crops done
[make_crop_data_batch()] render done
[make_crop_data_batch()] warp done
[make_crop_data_batch()] pose batch data done
[predict()] forward start
[predict()] forward done
[track_one()] pose done
[track_one()] Welcome
[track_one()] depth processing done
[predict()] ob_in_cams:(1, 4, 4)
[predict()] self.cfg.use_normal:False
[predict()] trans_normalizer:[0.019999999552965164, 0.019999999552965164, 0.05000000074505806], rot_normalizer:0.3490658503988659
[predict()] making cropped data
[make_crop_data_batch()] Welcome make_crop_data_batch
[make_crop_data_batch()] make tf_to_crops done
[make_crop_data_batch()] render done
[make_crop_data_batch()] warp done
[make_crop_data_batch()] pose batch data done
[predict()] forward start
[predict()] forward done
[track_one()] pose done
[track_one()] Welcome
[track_one()] depth processing done
[predict()] ob_in_cams:(1, 4, 4)
[predict()] self.cfg.use_normal:False
[predict()] trans_normalizer:[0.019999999552965164, 0.019999999552965164, 0.05000000074505806], rot_normalizer:0.3490658503988659
[predict()] making cropped data
[make_crop_data_batch()] Welcome make_crop_data_batch
[make_crop_data_batch()] make tf_to_crops done
[make_crop_data_batch()] render done
[make_crop_data_batch()] warp done
[make_crop_data_batch()] pose batch data done
[predict()] forward start
[predict()] forward done
[track_one()] pose done
[track_one()] Welcome
[track_one()] depth processing done
[predict()] ob_in_cams:(1, 4, 4)
[predict()] self.cfg.use_normal:False
[predict()] trans_normalizer:[0.019999999552965164, 0.019999999552965164, 0.05000000074505806], rot_normalizer:0.3490658503988659
[predict()] making cropped data
[make_crop_data_batch()] Welcome make_crop_data_batch
[make_crop_data_batch()] make tf_to_crops done
[make_crop_data_batch()] render done
[make_crop_data_batch()] warp done
[make_crop_data_batch()] pose batch data done
[predict()] forward start
[predict()] forward done
[track_one()] pose done
[track_one()] Welcome
[track_one()] depth processing done
[predict()] ob_in_cams:(1, 4, 4)
[predict()] self.cfg.use_normal:False
[predict()] trans_normalizer:[0.019999999552965164, 0.019999999552965164, 0.05000000074505806], rot_normalizer:0.3490658503988659
[predict()] making cropped data
[make_crop_data_batch()] Welcome make_crop_data_batch
[make_crop_data_batch()] make tf_to_crops done
[make_crop_data_batch()] render done
[make_crop_data_batch()] warp done
[make_crop_data_batch()] pose batch data done
[predict()] forward start
[predict()] forward done
[track_one()] pose done
[track_one()] Welcome
[track_one()] depth processing done
[predict()] ob_in_cams:(1, 4, 4)
[predict()] self.cfg.use_normal:False
[predict()] trans_normalizer:[0.019999999552965164, 0.019999999552965164, 0.05000000074505806], rot_normalizer:0.3490658503988659
[predict()] making cropped data
[make_crop_data_batch()] Welcome make_crop_data_batch
[make_crop_data_batch()] make tf_to_crops done
[make_crop_data_batch()] render done
[make_crop_data_batch()] warp done
[make_crop_data_batch()] pose batch data done
[predict()] forward start
[predict()] forward done
[track_one()] pose done
[track_one()] Welcome
[track_one()] depth processing done
[predict()] ob_in_cams:(1, 4, 4)
[predict()] self.cfg.use_normal:False
[predict()] trans_normalizer:[0.019999999552965164, 0.019999999552965164, 0.05000000074505806], rot_normalizer:0.3490658503988659
[predict()] making cropped data
[make_crop_data_batch()] Welcome make_crop_data_batch
[make_crop_data_batch()] make tf_to_crops done
[make_crop_data_batch()] render done
[make_crop_data_batch()] warp done
[make_crop_data_batch()] pose batch data done
[predict()] forward start
[predict()] forward done
[track_one()] pose done
[track_one()] Welcome
[track_one()] depth processing done
[predict()] ob_in_cams:(1, 4, 4)
[predict()] self.cfg.use_normal:False
[predict()] trans_normalizer:[0.019999999552965164, 0.019999999552965164, 0.05000000074505806], rot_normalizer:0.3490658503988659
[predict()] making cropped data
[make_crop_data_batch()] Welcome make_crop_data_batch
[make_crop_data_batch()] make tf_to_crops done
[make_crop_data_batch()] render done
[make_crop_data_batch()] warp done
[make_crop_data_batch()] pose batch data done
[predict()] forward start
[predict()] forward done
[track_one()] pose done
[track_one()] Welcome
[track_one()] depth processing done
[predict()] ob_in_cams:(1, 4, 4)
[predict()] self.cfg.use_normal:False
[predict()] trans_normalizer:[0.019999999552965164, 0.019999999552965164, 0.05000000074505806], rot_normalizer:0.3490658503988659
[predict()] making cropped data
[make_crop_data_batch()] Welcome make_crop_data_batch
[make_crop_data_batch()] make tf_to_crops done
[make_crop_data_batch()] render done
[make_crop_data_batch()] warp done
[make_crop_data_batch()] pose batch data done
[predict()] forward start
[predict()] forward done
[track_one()] pose done
[track_one()] Welcome
[track_one()] depth processing done
[predict()] ob_in_cams:(1, 4, 4)
[predict()] self.cfg.use_normal:False
[predict()] trans_normalizer:[0.019999999552965164, 0.019999999552965164, 0.05000000074505806], rot_normalizer:0.3490658503988659
[predict()] making cropped data
[make_crop_data_batch()] Welcome make_crop_data_batch
[make_crop_data_batch()] make tf_to_crops done
[make_crop_data_batch()] render done
[make_crop_data_batch()] warp done
[make_crop_data_batch()] pose batch data done
[predict()] forward start
[predict()] forward done
[track_one()] pose done
[track_one()] Welcome
[track_one()] depth processing done
[predict()] ob_in_cams:(1, 4, 4)
[predict()] self.cfg.use_normal:False
[predict()] trans_normalizer:[0.019999999552965164, 0.019999999552965164, 0.05000000074505806], rot_normalizer:0.3490658503988659
[predict()] making cropped data
[make_crop_data_batch()] Welcome make_crop_data_batch
[make_crop_data_batch()] make tf_to_crops done
[make_crop_data_batch()] render done
[make_crop_data_batch()] warp done
[make_crop_data_batch()] pose batch data done
[predict()] forward start
[predict()] forward done
[track_one()] pose done
[track_one()] Welcome
[track_one()] depth processing done
[predict()] ob_in_cams:(1, 4, 4)
[predict()] self.cfg.use_normal:False
[predict()] trans_normalizer:[0.019999999552965164, 0.019999999552965164, 0.05000000074505806], rot_normalizer:0.3490658503988659
[predict()] making cropped data
[make_crop_data_batch()] Welcome make_crop_data_batch
[make_crop_data_batch()] make tf_to_crops done
[make_crop_data_batch()] render done
[make_crop_data_batch()] warp done
[make_crop_data_batch()] pose batch data done
[predict()] forward start
[predict()] forward done
[track_one()] pose done
[track_one()] Welcome
[track_one()] depth processing done
[predict()] ob_in_cams:(1, 4, 4)
[predict()] self.cfg.use_normal:False
[predict()] trans_normalizer:[0.019999999552965164, 0.019999999552965164, 0.05000000074505806], rot_normalizer:0.3490658503988659
[predict()] making cropped data
[make_crop_data_batch()] Welcome make_crop_data_batch
[make_crop_data_batch()] make tf_to_crops done
[make_crop_data_batch()] render done
[make_crop_data_batch()] warp done
[make_crop_data_batch()] pose batch data done
[predict()] forward start
[predict()] forward done
[track_one()] pose done
[track_one()] Welcome
[track_one()] depth processing done
[predict()] ob_in_cams:(1, 4, 4)
[predict()] self.cfg.use_normal:False
[predict()] trans_normalizer:[0.019999999552965164, 0.019999999552965164, 0.05000000074505806], rot_normalizer:0.3490658503988659
[predict()] making cropped data
[make_crop_data_batch()] Welcome make_crop_data_batch
[make_crop_data_batch()] make tf_to_crops done
[make_crop_data_batch()] render done
[make_crop_data_batch()] warp done
[make_crop_data_batch()] pose batch data done
[predict()] forward start
[predict()] forward done
[track_one()] pose done
[track_one()] Welcome
[track_one()] depth processing done
[predict()] ob_in_cams:(1, 4, 4)
[predict()] self.cfg.use_normal:False
[predict()] trans_normalizer:[0.019999999552965164, 0.019999999552965164, 0.05000000074505806], rot_normalizer:0.3490658503988659
[predict()] making cropped data
[make_crop_data_batch()] Welcome make_crop_data_batch
[make_crop_data_batch()] make tf_to_crops done
[make_crop_data_batch()] render done
[make_crop_data_batch()] warp done
[make_crop_data_batch()] pose batch data done
[predict()] forward start
[predict()] forward done
[track_one()] pose done
[track_one()] Welcome
[track_one()] depth processing done
[predict()] ob_in_cams:(1, 4, 4)
[predict()] self.cfg.use_normal:False
[predict()] trans_normalizer:[0.019999999552965164, 0.019999999552965164, 0.05000000074505806], rot_normalizer:0.3490658503988659
[predict()] making cropped data
[make_crop_data_batch()] Welcome make_crop_data_batch
[make_crop_data_batch()] make tf_to_crops done
[make_crop_data_batch()] render done
[make_crop_data_batch()] warp done
[make_crop_data_batch()] pose batch data done
[predict()] forward start
[predict()] forward done
[track_one()] pose done
[track_one()] Welcome
[track_one()] depth processing done
[predict()] ob_in_cams:(1, 4, 4)
[predict()] self.cfg.use_normal:False
[predict()] trans_normalizer:[0.019999999552965164, 0.019999999552965164, 0.05000000074505806], rot_normalizer:0.3490658503988659
[predict()] making cropped data
[make_crop_data_batch()] Welcome make_crop_data_batch
[make_crop_data_batch()] make tf_to_crops done
[make_crop_data_batch()] render done
[make_crop_data_batch()] warp done
[make_crop_data_batch()] pose batch data done
[predict()] forward start
[predict()] forward done
[track_one()] pose done
[track_one()] Welcome
[track_one()] depth processing done
[predict()] ob_in_cams:(1, 4, 4)
[predict()] self.cfg.use_normal:False
[predict()] trans_normalizer:[0.019999999552965164, 0.019999999552965164, 0.05000000074505806], rot_normalizer:0.3490658503988659
[predict()] making cropped data
[make_crop_data_batch()] Welcome make_crop_data_batch
[make_crop_data_batch()] make tf_to_crops done
[make_crop_data_batch()] render done
[make_crop_data_batch()] warp done
[make_crop_data_batch()] pose batch data done
[predict()] forward start
[predict()] forward done
[track_one()] pose done
[track_one()] Welcome
[track_one()] depth processing done
[predict()] ob_in_cams:(1, 4, 4)
[predict()] self.cfg.use_normal:False
[predict()] trans_normalizer:[0.019999999552965164, 0.019999999552965164, 0.05000000074505806], rot_normalizer:0.3490658503988659
[predict()] making cropped data
[make_crop_data_batch()] Welcome make_crop_data_batch
[make_crop_data_batch()] make tf_to_crops done
[make_crop_data_batch()] render done
[make_crop_data_batch()] warp done
[make_crop_data_batch()] pose batch data done
[predict()] forward start
[predict()] forward done
[track_one()] pose done
[track_one()] Welcome
[track_one()] depth processing done
[predict()] ob_in_cams:(1, 4, 4)
[predict()] self.cfg.use_normal:False
[predict()] trans_normalizer:[0.019999999552965164, 0.019999999552965164, 0.05000000074505806], rot_normalizer:0.3490658503988659
[predict()] making cropped data
[make_crop_data_batch()] Welcome make_crop_data_batch
[make_crop_data_batch()] make tf_to_crops done
[make_crop_data_batch()] render done
[make_crop_data_batch()] warp done
[make_crop_data_batch()] pose batch data done
[predict()] forward start
[predict()] forward done
[track_one()] pose done
[track_one()] Welcome
[track_one()] depth processing done
[predict()] ob_in_cams:(1, 4, 4)
[predict()] self.cfg.use_normal:False
[predict()] trans_normalizer:[0.019999999552965164, 0.019999999552965164, 0.05000000074505806], rot_normalizer:0.3490658503988659
[predict()] making cropped data
[make_crop_data_batch()] Welcome make_crop_data_batch
[make_crop_data_batch()] make tf_to_crops done
[make_crop_data_batch()] render done
[make_crop_data_batch()] warp done
[make_crop_data_batch()] pose batch data done
[predict()] forward start
[predict()] forward done
[track_one()] pose done
[track_one()] Welcome
[track_one()] depth processing done
[predict()] ob_in_cams:(1, 4, 4)
[predict()] self.cfg.use_normal:False
[predict()] trans_normalizer:[0.019999999552965164, 0.019999999552965164, 0.05000000074505806], rot_normalizer:0.3490658503988659
[predict()] making cropped data
[make_crop_data_batch()] Welcome make_crop_data_batch
[make_crop_data_batch()] make tf_to_crops done
[make_crop_data_batch()] render done
[make_crop_data_batch()] warp done
[make_crop_data_batch()] pose batch data done
[predict()] forward start
[predict()] forward done
[track_one()] pose done
[track_one()] Welcome
[track_one()] depth processing done
[predict()] ob_in_cams:(1, 4, 4)
[predict()] self.cfg.use_normal:False
[predict()] trans_normalizer:[0.019999999552965164, 0.019999999552965164, 0.05000000074505806], rot_normalizer:0.3490658503988659
[predict()] making cropped data
[make_crop_data_batch()] Welcome make_crop_data_batch
[make_crop_data_batch()] make tf_to_crops done
[make_crop_data_batch()] render done
[make_crop_data_batch()] warp done
[make_crop_data_batch()] pose batch data done
[predict()] forward start
[predict()] forward done
[track_one()] pose done
[track_one()] Welcome
[track_one()] depth processing done
[predict()] ob_in_cams:(1, 4, 4)
[predict()] self.cfg.use_normal:False
[predict()] trans_normalizer:[0.019999999552965164, 0.019999999552965164, 0.05000000074505806], rot_normalizer:0.3490658503988659
[predict()] making cropped data
[make_crop_data_batch()] Welcome make_crop_data_batch
[make_crop_data_batch()] make tf_to_crops done
[make_crop_data_batch()] render done
[make_crop_data_batch()] warp done
[make_crop_data_batch()] pose batch data done
[predict()] forward start
[predict()] forward done
[track_one()] pose done
Warp 1.14.0 initialized:
   CUDA Toolkit 12.9, Driver 13.0
   Devices:
     "cpu"      : "x86_64"
     "cuda:0"   : "NVIDIA RTX A6000" (47 GiB, sm_86, mempool enabled)
   Kernel cache:
     /home/yanghong/.cache/warp/1.14.0
Module Utils f1d1490 load on device 'cuda:0' took 4.53 ms  (cached)
[fp_pose] frame_plan object_1: 配准帧 106 -> 46
[__init__()] self.cfg: 
 lr: 0.0001
c_in: 6
zfar: 'Infinity'
debug: null
n_view: 1
run_id: 3wy8qqex
use_BN: true
exp_name: 2024-01-11-20-02-45
n_epochs: 62
save_dir: /home/bowenw/debug/2024-01-11-20-02-45/
use_mask: false
loss_type: pairwise_valid
optimizer: adam
batch_size: 64
crop_ratio: 1.1
enable_amp: true
use_normal: false
max_num_key: null
warmup_step: -1
input_resize:
- 160
- 160
max_step_val: 1000
vis_interval: 1000
weight_decay: 0
normalize_xyz: true
resume_run_id: null
clip_grad_norm: 'Infinity'
lr_epoch_decay: 500
render_backend: nvdiffrast
train_num_pair: 5
lr_decay_epochs:
- 50
n_epochs_warmup: 1
make_pair_online: false
gradient_max_norm: 'Infinity'
max_step_per_epoch: 10000
n_rendering_workers: 1
save_epoch_interval: 100
n_dataloader_workers: 100
split_objects_across_gpus: true
ckpt_dir: /home/yanghong/Reconstruct_and_Retarget/third_party/FoundationPose/learning/training/../../weights/2024-01-11-20-02-45/model_best.pth

[__init__()] self.h5_file:None
[__init__()] Using pretrained model from /home/yanghong/Reconstruct_and_Retarget/third_party/FoundationPose/learning/training/../../weights/2024-01-11-20-02-45/model_best.pth
[__init__()] init done
[__init__()] welcome
[__init__()] self.cfg: 
 lr: 0.0001
c_in: 6
zfar: .inf
debug: null
w_rot: 0.1
n_view: 1
run_id: null
use_BN: true
rot_rep: axis_angle
ckpt_dir: /home/yanghong/Reconstruct_and_Retarget/third_party/FoundationPose/learning/training/../../weights/2023-10-28-18-33-37/model_best.pth
exp_name: 2023-10-28-18-33-37
save_dir: /tmp/2023-10-28-18-33-37/
loss_type: l2
optimizer: adam
trans_rep: tracknet
batch_size: 64
crop_ratio: 1.2
use_normal: false
BN_momentum: 0.1
max_num_key: null
warmup_step: -1
input_resize:
- 160
- 160
max_step_val: 1000
normal_uint8: false
vis_interval: 1000
weight_decay: 0
n_max_objects: null
normalize_xyz: true
clip_grad_norm: 'Infinity'
rot_normalizer: 0.3490658503988659
trans_normalizer:
- 0.019999999552965164
- 0.019999999552965164
- 0.05000000074505806
max_step_per_epoch: 25000
val_epoch_interval: 10
n_dataloader_workers: 60
enable_amp: true
use_mask: false

[__init__()] self.h5_file:
[__init__()] Using pretrained model from /home/yanghong/Reconstruct_and_Retarget/third_party/FoundationPose/learning/training/../../weights/2023-10-28-18-33-37/model_best.pth
[__init__()] init done
[reset_object()] self.diameter:0.038878523069716786, vox_size:0.003
[reset_object()] self.pts:torch.Size([318, 3])
[reset_object()] reset done
[make_rotation_grid()] cam_in_obs:(42, 4, 4)
[make_rotation_grid()] rot_grid:(252, 4, 4)
[make_rotation_grid()] after cluster, rot_grid:(252, 4, 4)
[make_rotation_grid()] self.rot_grid: torch.Size([252, 4, 4])
[register()] Welcome
[register()] poses:(252, 4, 4)
[register()] after viewpoint, add_errs min:-1.0
[predict()] ob_in_cams:(252, 4, 4)
[predict()] self.cfg.use_normal:False
[predict()] trans_normalizer:[0.019999999552965164, 0.019999999552965164, 0.05000000074505806], rot_normalizer:0.3490658503988659
[predict()] making cropped data
[make_crop_data_batch()] Welcome make_crop_data_batch
[make_crop_data_batch()] make tf_to_crops done
[make_crop_data_batch()] render done
[make_crop_data_batch()] warp done
[make_crop_data_batch()] pose batch data done
[predict()] forward start
[predict()] forward done
[predict()] making cropped data
[make_crop_data_batch()] Welcome make_crop_data_batch
[make_crop_data_batch()] make tf_to_crops done
[make_crop_data_batch()] render done
[make_crop_data_batch()] warp done
[make_crop_data_batch()] pose batch data done
[predict()] forward start
[predict()] forward done
[predict()] making cropped data
[make_crop_data_batch()] Welcome make_crop_data_batch
[make_crop_data_batch()] make tf_to_crops done
[make_crop_data_batch()] render done
[make_crop_data_batch()] warp done
[make_crop_data_batch()] pose batch data done
[predict()] forward start
[predict()] forward done
[predict()] making cropped data
[make_crop_data_batch()] Welcome make_crop_data_batch
[make_crop_data_batch()] make tf_to_crops done
[make_crop_data_batch()] render done
[make_crop_data_batch()] warp done
[make_crop_data_batch()] pose batch data done
[predict()] forward start
[predict()] forward done
[predict()] making cropped data
[make_crop_data_batch()] Welcome make_crop_data_batch
[make_crop_data_batch()] make tf_to_crops done
[make_crop_data_batch()] render done
[make_crop_data_batch()] warp done
[make_crop_data_batch()] pose batch data done
[predict()] forward start
[predict()] forward done
[predict()] ob_in_cams:(252, 4, 4)
[predict()] self.cfg.use_normal:False
[predict()] making cropped data
[make_crop_data_batch()] Welcome make_crop_data_batch
[make_crop_data_batch()] make tf_to_crops done
[make_crop_data_batch()] render done
[make_crop_data_batch()] pose batch data done
[find_best_among_pairs()] pose_data.rgbAs.shape[0]: 252
[predict()] forward done
[register()] final, add_errs min:-1.0
[register()] sort ids:tensor([ 21,  75,   9, 249,  15, 207, 195, 222, 147,   3,  81, 168, 201, 153,
        174, 228, 244, 113, 183, 184, 189, 190, 237, 243,  27,  28,  34,  57,
         58,  70,  88,  94, 100, 106, 108, 109, 182, 238,  26,  32,  33,  51,
         69,  93, 105, 110, 111, 112, 178, 185, 242,  29,  35,  56,  87, 117,
        123, 172, 188, 236, 239,  99, 191, 232,  68,  86, 135, 226,  63,  65,
         74,  80,  92,  98, 104, 125, 143, 230, 245,   8,  14,  20, 138, 139,
        162, 170,   2,  10,  37,  47, 129, 142, 171, 194, 196, 200, 206, 219,
        248,   4,  16,  18,  22,  42,  43,  50,  62,  76,  82, 116, 122, 128,
        137, 144, 146, 152, 156, 157, 177, 250,  12,  36,  38,  41,  44,  53,
         90, 134, 140, 141, 163, 202, 210, 211, 216, 217, 221, 234, 240,   0,
         48,  54,  60,  96, 119, 120, 126, 132, 148, 150, 155, 161, 167, 198,
        204, 215, 231,  45,  78, 114, 154, 160, 180, 186, 208, 246,  64,  66,
         72,  91, 102, 103, 124, 130, 131, 136, 169, 175, 209, 220, 225,   6,
         11,  17,  52,  83,  84, 118, 145, 165, 166, 197, 223,   5,  23,  30,
         46,  77,  97, 149, 158, 164, 181, 203, 205, 229, 241, 251,  24,  25,
         31,  40,  59,  71,  85,  89,  95, 101, 107, 187, 192, 212, 214, 233,
        235,  39,  49,  55,  67, 133, 159, 176, 199, 218, 224, 227,  19,  61,
        127, 151, 179, 213, 247,  13,  73,  79, 115, 173,   1,   7, 121, 193])
[register()] sorted scores:tensor([133.6562, 133.6562, 133.5000, 133.5000, 133.4688, 133.4688, 133.4375,
        133.4062, 133.3750, 133.3438, 133.3438, 133.2500, 133.2500, 133.2188,
        133.1250, 133.1250, 133.0312, 133.0000, 133.0000, 133.0000, 133.0000,
        133.0000, 133.0000, 133.0000, 132.9688, 132.9688, 132.9688, 132.9688,
        132.9688, 132.9688, 132.9688, 132.9688, 132.9688, 132.9688, 132.9688,
        132.9688, 132.9688, 132.9688, 132.9375, 132.9375, 132.9375, 132.9375,
        132.9375, 132.9375, 132.9375, 132.9375, 132.9375, 132.9375, 132.9375,
        132.9375, 132.9375, 132.9062, 132.9062, 132.9062, 132.9062, 132.9062,
        132.9062, 132.9062, 132.9062, 132.9062, 132.9062, 132.8750, 132.8750,
        132.8750, 132.8438, 132.8438, 132.8438, 132.8438, 132.8125, 132.8125,
        132.8125, 132.8125, 132.8125, 132.8125, 132.8125, 132.8125, 132.8125,
        132.8125, 132.8125, 132.7812, 132.7812, 132.7812, 132.7812, 132.7812,
        132.7812, 132.7812, 132.7500, 132.7500, 132.7500, 132.7500, 132.7500,
        132.7500, 132.7500, 132.7500, 132.7500, 132.7500, 132.7500, 132.7500,
        132.7500, 132.7188, 132.7188, 132.7188, 132.7188, 132.7188, 132.7188,
        132.7188, 132.7188, 132.7188, 132.7188, 132.7188, 132.7188, 132.7188,
        132.7188, 132.7188, 132.7188, 132.7188, 132.7188, 132.7188, 132.7188,
        132.7188, 132.6875, 132.6875, 132.6875, 132.6875, 132.6875, 132.6875,
        132.6875, 132.6875, 132.6875, 132.6875, 132.6875, 132.6875, 132.6875,
        132.6875, 132.6875, 132.6875, 132.6875, 132.6875, 132.6875, 132.6562,
        132.6562, 132.6562, 132.6562, 132.6562, 132.6562, 132.6562, 132.6562,
        132.6562, 132.6562, 132.6562, 132.6562, 132.6562, 132.6562, 132.6562,
        132.6562, 132.6562, 132.6562, 132.6250, 132.6250, 132.6250, 132.6250,
        132.6250, 132.6250, 132.6250, 132.6250, 132.6250, 132.5938, 132.5938,
        132.5938, 132.5938, 132.5938, 132.5938, 132.5938, 132.5938, 132.5938,
        132.5938, 132.5938, 132.5938, 132.5938, 132.5938, 132.5938, 132.5625,
        132.5625, 132.5625, 132.5625, 132.5625, 132.5625, 132.5625, 132.5625,
        132.5625, 132.5625, 132.5625, 132.5625, 132.5312, 132.5312, 132.5312,
        132.5312, 132.5312, 132.5312, 132.5312, 132.5312, 132.5312, 132.5312,
        132.5312, 132.5312, 132.5312, 132.5312, 132.5312, 132.5000, 132.5000,
        132.5000, 132.5000, 132.5000, 132.5000, 132.5000, 132.5000, 132.5000,
        132.5000, 132.5000, 132.5000, 132.5000, 132.5000, 132.5000, 132.5000,
        132.5000, 132.4688, 132.4688, 132.4688, 132.4688, 132.4688, 132.4688,
        132.4688, 132.4688, 132.4688, 132.4688, 132.4688, 132.4375, 132.4375,
        132.4375, 132.4375, 132.4375, 132.4375, 132.4375, 132.4062, 132.4062,
        132.4062, 132.4062, 132.4062, 132.3750, 132.3750, 132.3750, 132.3750])
[track_one()] Welcome
[track_one()] depth processing done
[predict()] ob_in_cams:(1, 4, 4)
[predict()] self.cfg.use_normal:False
[predict()] trans_normalizer:[0.019999999552965164, 0.019999999552965164, 0.05000000074505806], rot_normalizer:0.3490658503988659
[predict()] making cropped data
[make_crop_data_batch()] Welcome make_crop_data_batch
[make_crop_data_batch()] make tf_to_crops done
[make_crop_data_batch()] render done
[make_crop_data_batch()] warp done
[make_crop_data_batch()] pose batch data done
[predict()] forward start
[predict()] forward done
[track_one()] pose done
[track_one()] Welcome
[track_one()] depth processing done
[predict()] ob_in_cams:(1, 4, 4)
[predict()] self.cfg.use_normal:False
[predict()] trans_normalizer:[0.019999999552965164, 0.019999999552965164, 0.05000000074505806], rot_normalizer:0.3490658503988659
[predict()] making cropped data
[make_crop_data_batch()] Welcome make_crop_data_batch
[make_crop_data_batch()] make tf_to_crops done
[make_crop_data_batch()] render done
[make_crop_data_batch()] warp done
[make_crop_data_batch()] pose batch data done
[predict()] forward start
[predict()] forward done
[track_one()] pose done
[track_one()] Welcome
[track_one()] depth processing done
[predict()] ob_in_cams:(1, 4, 4)
[predict()] self.cfg.use_normal:False
[predict()] trans_normalizer:[0.019999999552965164, 0.019999999552965164, 0.05000000074505806], rot_normalizer:0.3490658503988659
[predict()] making cropped data
[make_crop_data_batch()] Welcome make_crop_data_batch
[make_crop_data_batch()] make tf_to_crops done
[make_crop_data_batch()] render done
[make_crop_data_batch()] warp done
[make_crop_data_batch()] pose batch data done
[predict()] forward start
[predict()] forward done
[track_one()] pose done
[track_one()] Welcome
[track_one()] depth processing done
[predict()] ob_in_cams:(1, 4, 4)
[predict()] self.cfg.use_normal:False
[predict()] trans_normalizer:[0.019999999552965164, 0.019999999552965164, 0.05000000074505806], rot_normalizer:0.3490658503988659
[predict()] making cropped data
[make_crop_data_batch()] Welcome make_crop_data_batch
[make_crop_data_batch()] make tf_to_crops done
[make_crop_data_batch()] render done
[make_crop_data_batch()] warp done
[make_crop_data_batch()] pose batch data done
[predict()] forward start
[predict()] forward done
[track_one()] pose done
[track_one()] Welcome
[track_one()] depth processing done
[predict()] ob_in_cams:(1, 4, 4)
[predict()] self.cfg.use_normal:False
[predict()] trans_normalizer:[0.019999999552965164, 0.019999999552965164, 0.05000000074505806], rot_normalizer:0.3490658503988659
[predict()] making cropped data
[make_crop_data_batch()] Welcome make_crop_data_batch
[make_crop_data_batch()] make tf_to_crops done
[make_crop_data_batch()] render done
[make_crop_data_batch()] warp done
[make_crop_data_batch()] pose batch data done
[predict()] forward start
[predict()] forward done
[track_one()] pose done
[track_one()] Welcome
[track_one()] depth processing done
[predict()] ob_in_cams:(1, 4, 4)
[predict()] self.cfg.use_normal:False
[predict()] trans_normalizer:[0.019999999552965164, 0.019999999552965164, 0.05000000074505806], rot_normalizer:0.3490658503988659
[predict()] making cropped data
[make_crop_data_batch()] Welcome make_crop_data_batch
[make_crop_data_batch()] make tf_to_crops done
[make_crop_data_batch()] render done
[make_crop_data_batch()] warp done
[make_crop_data_batch()] pose batch data done
[predict()] forward start
[predict()] forward done
[track_one()] pose done
[track_one()] Welcome
[track_one()] depth processing done
[predict()] ob_in_cams:(1, 4, 4)
[predict()] self.cfg.use_normal:False
[predict()] trans_normalizer:[0.019999999552965164, 0.019999999552965164, 0.05000000074505806], rot_normalizer:0.3490658503988659
[predict()] making cropped data
[make_crop_data_batch()] Welcome make_crop_data_batch
[make_crop_data_batch()] make tf_to_crops done
[make_crop_data_batch()] render done
[make_crop_data_batch()] warp done
[make_crop_data_batch()] pose batch data done
[predict()] forward start
[predict()] forward done
[track_one()] pose done
[track_one()] Welcome
[track_one()] depth processing done
[predict()] ob_in_cams:(1, 4, 4)
[predict()] self.cfg.use_normal:False
[predict()] trans_normalizer:[0.019999999552965164, 0.019999999552965164, 0.05000000074505806], rot_normalizer:0.3490658503988659
[predict()] making cropped data
[make_crop_data_batch()] Welcome make_crop_data_batch
[make_crop_data_batch()] make tf_to_crops done
[make_crop_data_batch()] render done
[make_crop_data_batch()] warp done
[make_crop_data_batch()] pose batch data done
[predict()] forward start
[predict()] forward done
[track_one()] pose done
[track_one()] Welcome
[track_one()] depth processing done
[predict()] ob_in_cams:(1, 4, 4)
[predict()] self.cfg.use_normal:False
[predict()] trans_normalizer:[0.019999999552965164, 0.019999999552965164, 0.05000000074505806], rot_normalizer:0.3490658503988659
[predict()] making cropped data
[make_crop_data_batch()] Welcome make_crop_data_batch
[make_crop_data_batch()] make tf_to_crops done
[make_crop_data_batch()] render done
[make_crop_data_batch()] warp done
[make_crop_data_batch()] pose batch data done
[predict()] forward start
[predict()] forward done
[track_one()] pose done
[track_one()] Welcome
[track_one()] depth processing done
[predict()] ob_in_cams:(1, 4, 4)
[predict()] self.cfg.use_normal:False
[predict()] trans_normalizer:[0.019999999552965164, 0.019999999552965164, 0.05000000074505806], rot_normalizer:0.3490658503988659
[predict()] making cropped data
[make_crop_data_batch()] Welcome make_crop_data_batch
[make_crop_data_batch()] make tf_to_crops done
[make_crop_data_batch()] render done
[make_crop_data_batch()] warp done
[make_crop_data_batch()] pose batch data done
[predict()] forward start
[predict()] forward done
[track_one()] pose done
[track_one()] Welcome
[track_one()] depth processing done
[predict()] ob_in_cams:(1, 4, 4)
[predict()] self.cfg.use_normal:False
[predict()] trans_normalizer:[0.019999999552965164, 0.019999999552965164, 0.05000000074505806], rot_normalizer:0.3490658503988659
[predict()] making cropped data
[make_crop_data_batch()] Welcome make_crop_data_batch
[make_crop_data_batch()] make tf_to_crops done
[make_crop_data_batch()] render done
[make_crop_data_batch()] warp done
[make_crop_data_batch()] pose batch data done
[predict()] forward start
[predict()] forward done
[track_one()] pose done
[track_one()] Welcome
[track_one()] depth processing done
[predict()] ob_in_cams:(1, 4, 4)
[predict()] self.cfg.use_normal:False
[predict()] trans_normalizer:[0.019999999552965164, 0.019999999552965164, 0.05000000074505806], rot_normalizer:0.3490658503988659
[predict()] making cropped data
[make_crop_data_batch()] Welcome make_crop_data_batch
[make_crop_data_batch()] make tf_to_crops done
[make_crop_data_batch()] render done
[make_crop_data_batch()] warp done
[make_crop_data_batch()] pose batch data done
[predict()] forward start
[predict()] forward done
[track_one()] pose done
[track_one()] Welcome
[track_one()] depth processing done
[predict()] ob_in_cams:(1, 4, 4)
[predict()] self.cfg.use_normal:False
[predict()] trans_normalizer:[0.019999999552965164, 0.019999999552965164, 0.05000000074505806], rot_normalizer:0.3490658503988659
[predict()] making cropped data
[make_crop_data_batch()] Welcome make_crop_data_batch
[make_crop_data_batch()] make tf_to_crops done
[make_crop_data_batch()] render done
[make_crop_data_batch()] warp done
[make_crop_data_batch()] pose batch data done
[predict()] forward start
[predict()] forward done
[track_one()] pose done
[track_one()] Welcome
[track_one()] depth processing done
[predict()] ob_in_cams:(1, 4, 4)
[predict()] self.cfg.use_normal:False
[predict()] trans_normalizer:[0.019999999552965164, 0.019999999552965164, 0.05000000074505806], rot_normalizer:0.3490658503988659
[predict()] making cropped data
[make_crop_data_batch()] Welcome make_crop_data_batch
[make_crop_data_batch()] make tf_to_crops done
[make_crop_data_batch()] render done
[make_crop_data_batch()] warp done
[make_crop_data_batch()] pose batch data done
[predict()] forward start
[predict()] forward done
[track_one()] pose done
[track_one()] Welcome
[track_one()] depth processing done
[predict()] ob_in_cams:(1, 4, 4)
[predict()] self.cfg.use_normal:False
[predict()] trans_normalizer:[0.019999999552965164, 0.019999999552965164, 0.05000000074505806], rot_normalizer:0.3490658503988659
[predict()] making cropped data
[make_crop_data_batch()] Welcome make_crop_data_batch
[make_crop_data_batch()] make tf_to_crops done
[make_crop_data_batch()] render done
[make_crop_data_batch()] warp done
[make_crop_data_batch()] pose batch data done
[predict()] forward start
[predict()] forward done
[track_one()] pose done
[track_one()] Welcome
[track_one()] depth processing done
[predict()] ob_in_cams:(1, 4, 4)
[predict()] self.cfg.use_normal:False
[predict()] trans_normalizer:[0.019999999552965164, 0.019999999552965164, 0.05000000074505806], rot_normalizer:0.3490658503988659
[predict()] making cropped data
[make_crop_data_batch()] Welcome make_crop_data_batch
[make_crop_data_batch()] make tf_to_crops done
[make_crop_data_batch()] render done
[make_crop_data_batch()] warp done
[make_crop_data_batch()] pose batch data done
[predict()] forward start
[predict()] forward done
[track_one()] pose done
[track_one()] Welcome
[track_one()] depth processing done
[predict()] ob_in_cams:(1, 4, 4)
[predict()] self.cfg.use_normal:False
[predict()] trans_normalizer:[0.019999999552965164, 0.019999999552965164, 0.05000000074505806], rot_normalizer:0.3490658503988659
[predict()] making cropped data
[make_crop_data_batch()] Welcome make_crop_data_batch
[make_crop_data_batch()] make tf_to_crops done
[make_crop_data_batch()] render done
[make_crop_data_batch()] warp done
[make_crop_data_batch()] pose batch data done
[predict()] forward start
[predict()] forward done
[track_one()] pose done
[track_one()] Welcome
[track_one()] depth processing done
[predict()] ob_in_cams:(1, 4, 4)
[predict()] self.cfg.use_normal:False
[predict()] trans_normalizer:[0.019999999552965164, 0.019999999552965164, 0.05000000074505806], rot_normalizer:0.3490658503988659
[predict()] making cropped data
[make_crop_data_batch()] Welcome make_crop_data_batch
[make_crop_data_batch()] make tf_to_crops done
[make_crop_data_batch()] render done
[make_crop_data_batch()] warp done
[make_crop_data_batch()] pose batch data done
[predict()] forward start
[predict()] forward done
[track_one()] pose done
[track_one()] Welcome
[track_one()] depth processing done
[predict()] ob_in_cams:(1, 4, 4)
[predict()] self.cfg.use_normal:False
[predict()] trans_normalizer:[0.019999999552965164, 0.019999999552965164, 0.05000000074505806], rot_normalizer:0.3490658503988659
[predict()] making cropped data
[make_crop_data_batch()] Welcome make_crop_data_batch
[make_crop_data_batch()] make tf_to_crops done
[make_crop_data_batch()] render done
[make_crop_data_batch()] warp done
[make_crop_data_batch()] pose batch data done
[predict()] forward start
[predict()] forward done
[track_one()] pose done
[track_one()] Welcome
[track_one()] depth processing done
[predict()] ob_in_cams:(1, 4, 4)
[predict()] self.cfg.use_normal:False
[predict()] trans_normalizer:[0.019999999552965164, 0.019999999552965164, 0.05000000074505806], rot_normalizer:0.3490658503988659
[predict()] making cropped data
[make_crop_data_batch()] Welcome make_crop_data_batch
[make_crop_data_batch()] make tf_to_crops done
[make_crop_data_batch()] render done
[make_crop_data_batch()] warp done
[make_crop_data_batch()] pose batch data done
[predict()] forward start
[predict()] forward done
[track_one()] pose done
[track_one()] Welcome
[track_one()] depth processing done
[predict()] ob_in_cams:(1, 4, 4)
[predict()] self.cfg.use_normal:False
[predict()] trans_normalizer:[0.019999999552965164, 0.019999999552965164, 0.05000000074505806], rot_normalizer:0.3490658503988659
[predict()] making cropped data
[make_crop_data_batch()] Welcome make_crop_data_batch
[make_crop_data_batch()] make tf_to_crops done
[make_crop_data_batch()] render done
[make_crop_data_batch()] warp done
[make_crop_data_batch()] pose batch data done
[predict()] forward start
[predict()] forward done
[track_one()] pose done
[track_one()] Welcome
[track_one()] depth processing done
[predict()] ob_in_cams:(1, 4, 4)
[predict()] self.cfg.use_normal:False
[predict()] trans_normalizer:[0.019999999552965164, 0.019999999552965164, 0.05000000074505806], rot_normalizer:0.3490658503988659
[predict()] making cropped data
[make_crop_data_batch()] Welcome make_crop_data_batch
[make_crop_data_batch()] make tf_to_crops done
[make_crop_data_batch()] render done
[make_crop_data_batch()] warp done
[make_crop_data_batch()] pose batch data done
[predict()] forward start
[predict()] forward done
[track_one()] pose done
[track_one()] Welcome
[track_one()] depth processing done
[predict()] ob_in_cams:(1, 4, 4)
[predict()] self.cfg.use_normal:False
[predict()] trans_normalizer:[0.019999999552965164, 0.019999999552965164, 0.05000000074505806], rot_normalizer:0.3490658503988659
[predict()] making cropped data
[make_crop_data_batch()] Welcome make_crop_data_batch
[make_crop_data_batch()] make tf_to_crops done
[make_crop_data_batch()] render done
[make_crop_data_batch()] warp done
[make_crop_data_batch()] pose batch data done
[predict()] forward start
[predict()] forward done
[track_one()] pose done
[track_one()] Welcome
[track_one()] depth processing done
[predict()] ob_in_cams:(1, 4, 4)
[predict()] self.cfg.use_normal:False
[predict()] trans_normalizer:[0.019999999552965164, 0.019999999552965164, 0.05000000074505806], rot_normalizer:0.3490658503988659
[predict()] making cropped data
[make_crop_data_batch()] Welcome make_crop_data_batch
[make_crop_data_batch()] make tf_to_crops done
[make_crop_data_batch()] render done
[make_crop_data_batch()] warp done
[make_crop_data_batch()] pose batch data done
[predict()] forward start
[predict()] forward done
[track_one()] pose done
[track_one()] Welcome
[track_one()] depth processing done
[predict()] ob_in_cams:(1, 4, 4)
[predict()] self.cfg.use_normal:False
[predict()] trans_normalizer:[0.019999999552965164, 0.019999999552965164, 0.05000000074505806], rot_normalizer:0.3490658503988659
[predict()] making cropped data
[make_crop_data_batch()] Welcome make_crop_data_batch
[make_crop_data_batch()] make tf_to_crops done
[make_crop_data_batch()] render done
[make_crop_data_batch()] warp done
[make_crop_data_batch()] pose batch data done
[predict()] forward start
[predict()] forward done
[track_one()] pose done
[track_one()] Welcome
[track_one()] depth processing done
[predict()] ob_in_cams:(1, 4, 4)
[predict()] self.cfg.use_normal:False
[predict()] trans_normalizer:[0.019999999552965164, 0.019999999552965164, 0.05000000074505806], rot_normalizer:0.3490658503988659
[predict()] making cropped data
[make_crop_data_batch()] Welcome make_crop_data_batch
[make_crop_data_batch()] make tf_to_crops done
[make_crop_data_batch()] render done
[make_crop_data_batch()] warp done
[make_crop_data_batch()] pose batch data done
[predict()] forward start
[predict()] forward done
[track_one()] pose done
[track_one()] Welcome
[track_one()] depth processing done
[predict()] ob_in_cams:(1, 4, 4)
[predict()] self.cfg.use_normal:False
[predict()] trans_normalizer:[0.019999999552965164, 0.019999999552965164, 0.05000000074505806], rot_normalizer:0.3490658503988659
[predict()] making cropped data
[make_crop_data_batch()] Welcome make_crop_data_batch
[make_crop_data_batch()] make tf_to_crops done
[make_crop_data_batch()] render done
[make_crop_data_batch()] warp done
[make_crop_data_batch()] pose batch data done
[predict()] forward start
[predict()] forward done
[track_one()] pose done
[track_one()] Welcome
[track_one()] depth processing done
[predict()] ob_in_cams:(1, 4, 4)
[predict()] self.cfg.use_normal:False
[predict()] trans_normalizer:[0.019999999552965164, 0.019999999552965164, 0.05000000074505806], rot_normalizer:0.3490658503988659
[predict()] making cropped data
[make_crop_data_batch()] Welcome make_crop_data_batch
[make_crop_data_batch()] make tf_to_crops done
[make_crop_data_batch()] render done
[make_crop_data_batch()] warp done
[make_crop_data_batch()] pose batch data done
[predict()] forward start
[predict()] forward done
[track_one()] pose done
[track_one()] Welcome
[track_one()] depth processing done
[predict()] ob_in_cams:(1, 4, 4)
[predict()] self.cfg.use_normal:False
[predict()] trans_normalizer:[0.019999999552965164, 0.019999999552965164, 0.05000000074505806], rot_normalizer:0.3490658503988659
[predict()] making cropped data
[make_crop_data_batch()] Welcome make_crop_data_batch
[make_crop_data_batch()] make tf_to_crops done
[make_crop_data_batch()] render done
[make_crop_data_batch()] warp done
[make_crop_data_batch()] pose batch data done
[predict()] forward start
[predict()] forward done
[track_one()] pose done
[track_one()] Welcome
[track_one()] depth processing done
[predict()] ob_in_cams:(1, 4, 4)
[predict()] self.cfg.use_normal:False
[predict()] trans_normalizer:[0.019999999552965164, 0.019999999552965164, 0.05000000074505806], rot_normalizer:0.3490658503988659
[predict()] making cropped data
[make_crop_data_batch()] Welcome make_crop_data_batch
[make_crop_data_batch()] make tf_to_crops done
[make_crop_data_batch()] render done
[make_crop_data_batch()] warp done
[make_crop_data_batch()] pose batch data done
[predict()] forward start
[predict()] forward done
[track_one()] pose done
[track_one()] Welcome
[track_one()] depth processing done
[predict()] ob_in_cams:(1, 4, 4)
[predict()] self.cfg.use_normal:False
[predict()] trans_normalizer:[0.019999999552965164, 0.019999999552965164, 0.05000000074505806], rot_normalizer:0.3490658503988659
[predict()] making cropped data
[make_crop_data_batch()] Welcome make_crop_data_batch
[make_crop_data_batch()] make tf_to_crops done
[make_crop_data_batch()] render done
[make_crop_data_batch()] warp done
[make_crop_data_batch()] pose batch data done
[predict()] forward start
[predict()] forward done
[track_one()] pose done
[track_one()] Welcome
[track_one()] depth processing done
[predict()] ob_in_cams:(1, 4, 4)
[predict()] self.cfg.use_normal:False
[predict()] trans_normalizer:[0.019999999552965164, 0.019999999552965164, 0.05000000074505806], rot_normalizer:0.3490658503988659
[predict()] making cropped data
[make_crop_data_batch()] Welcome make_crop_data_batch
[make_crop_data_batch()] make tf_to_crops done
[make_crop_data_batch()] render done
[make_crop_data_batch()] warp done
[make_crop_data_batch()] pose batch data done
[predict()] forward start
[predict()] forward done
[track_one()] pose done
[track_one()] Welcome
[track_one()] depth processing done
[predict()] ob_in_cams:(1, 4, 4)
[predict()] self.cfg.use_normal:False
[predict()] trans_normalizer:[0.019999999552965164, 0.019999999552965164, 0.05000000074505806], rot_normalizer:0.3490658503988659
[predict()] making cropped data
[make_crop_data_batch()] Welcome make_crop_data_batch
[make_crop_data_batch()] make tf_to_crops done
[make_crop_data_batch()] render done
[make_crop_data_batch()] warp done
[make_crop_data_batch()] pose batch data done
[predict()] forward start
[predict()] forward done
[track_one()] pose done
[track_one()] Welcome
[track_one()] depth processing done
[predict()] ob_in_cams:(1, 4, 4)
[predict()] self.cfg.use_normal:False
[predict()] trans_normalizer:[0.019999999552965164, 0.019999999552965164, 0.05000000074505806], rot_normalizer:0.3490658503988659
[predict()] making cropped data
[make_crop_data_batch()] Welcome make_crop_data_batch
[make_crop_data_batch()] make tf_to_crops done
[make_crop_data_batch()] render done
[make_crop_data_batch()] warp done
[make_crop_data_batch()] pose batch data done
[predict()] forward start
[predict()] forward done
[track_one()] pose done
[track_one()] Welcome
[track_one()] depth processing done
[predict()] ob_in_cams:(1, 4, 4)
[predict()] self.cfg.use_normal:False
[predict()] trans_normalizer:[0.019999999552965164, 0.019999999552965164, 0.05000000074505806], rot_normalizer:0.3490658503988659
[predict()] making cropped data
[make_crop_data_batch()] Welcome make_crop_data_batch
[make_crop_data_batch()] make tf_to_crops done
[make_crop_data_batch()] render done
[make_crop_data_batch()] warp done
[make_crop_data_batch()] pose batch data done
[predict()] forward start
[predict()] forward done
[track_one()] pose done
[track_one()] Welcome
[track_one()] depth processing done
[predict()] ob_in_cams:(1, 4, 4)
[predict()] self.cfg.use_normal:False
[predict()] trans_normalizer:[0.019999999552965164, 0.019999999552965164, 0.05000000074505806], rot_normalizer:0.3490658503988659
[predict()] making cropped data
[make_crop_data_batch()] Welcome make_crop_data_batch
[make_crop_data_batch()] make tf_to_crops done
[make_crop_data_batch()] render done
[make_crop_data_batch()] warp done
[make_crop_data_batch()] pose batch data done
[predict()] forward start
[predict()] forward done
[track_one()] pose done
[track_one()] Welcome
[track_one()] depth processing done
[predict()] ob_in_cams:(1, 4, 4)
[predict()] self.cfg.use_normal:False
[predict()] trans_normalizer:[0.019999999552965164, 0.019999999552965164, 0.05000000074505806], rot_normalizer:0.3490658503988659
[predict()] making cropped data
[make_crop_data_batch()] Welcome make_crop_data_batch
[make_crop_data_batch()] make tf_to_crops done
[make_crop_data_batch()] render done
[make_crop_data_batch()] warp done
[make_crop_data_batch()] pose batch data done
[predict()] forward start
[predict()] forward done
[track_one()] pose done
[track_one()] Welcome
[track_one()] depth processing done
[predict()] ob_in_cams:(1, 4, 4)
[predict()] self.cfg.use_normal:False
[predict()] trans_normalizer:[0.019999999552965164, 0.019999999552965164, 0.05000000074505806], rot_normalizer:0.3490658503988659
[predict()] making cropped data
[make_crop_data_batch()] Welcome make_crop_data_batch
[make_crop_data_batch()] make tf_to_crops done
[make_crop_data_batch()] render done
[make_crop_data_batch()] warp done
[make_crop_data_batch()] pose batch data done
[predict()] forward start
[predict()] forward done
[track_one()] pose done
[track_one()] Welcome
[track_one()] depth processing done
[predict()] ob_in_cams:(1, 4, 4)
[predict()] self.cfg.use_normal:False
[predict()] trans_normalizer:[0.019999999552965164, 0.019999999552965164, 0.05000000074505806], rot_normalizer:0.3490658503988659
[predict()] making cropped data
[make_crop_data_batch()] Welcome make_crop_data_batch
[make_crop_data_batch()] make tf_to_crops done
[make_crop_data_batch()] render done
[make_crop_data_batch()] warp done
[make_crop_data_batch()] pose batch data done
[predict()] forward start
[predict()] forward done
[track_one()] pose done
[track_one()] Welcome
[track_one()] depth processing done
[predict()] ob_in_cams:(1, 4, 4)
[predict()] self.cfg.use_normal:False
[predict()] trans_normalizer:[0.019999999552965164, 0.019999999552965164, 0.05000000074505806], rot_normalizer:0.3490658503988659
[predict()] making cropped data
[make_crop_data_batch()] Welcome make_crop_data_batch
[make_crop_data_batch()] make tf_to_crops done
[make_crop_data_batch()] render done
[make_crop_data_batch()] warp done
[make_crop_data_batch()] pose batch data done
[predict()] forward start
[predict()] forward done
[track_one()] pose done
[track_one()] Welcome
[track_one()] depth processing done
[predict()] ob_in_cams:(1, 4, 4)
[predict()] self.cfg.use_normal:False
[predict()] trans_normalizer:[0.019999999552965164, 0.019999999552965164, 0.05000000074505806], rot_normalizer:0.3490658503988659
[predict()] making cropped data
[make_crop_data_batch()] Welcome make_crop_data_batch
[make_crop_data_batch()] make tf_to_crops done
[make_crop_data_batch()] render done
[make_crop_data_batch()] warp done
[make_crop_data_batch()] pose batch data done
[predict()] forward start
[predict()] forward done
[track_one()] pose done
[track_one()] Welcome
[track_one()] depth processing done
[predict()] ob_in_cams:(1, 4, 4)
[predict()] self.cfg.use_normal:False
[predict()] trans_normalizer:[0.019999999552965164, 0.019999999552965164, 0.05000000074505806], rot_normalizer:0.3490658503988659
[predict()] making cropped data
[make_crop_data_batch()] Welcome make_crop_data_batch
[make_crop_data_batch()] make tf_to_crops done
[make_crop_data_batch()] render done
[make_crop_data_batch()] warp done
[make_crop_data_batch()] pose batch data done
[predict()] forward start
[predict()] forward done
[track_one()] pose done
[track_one()] Welcome
[track_one()] depth processing done
[predict()] ob_in_cams:(1, 4, 4)
[predict()] self.cfg.use_normal:False
[predict()] trans_normalizer:[0.019999999552965164, 0.019999999552965164, 0.05000000074505806], rot_normalizer:0.3490658503988659
[predict()] making cropped data
[make_crop_data_batch()] Welcome make_crop_data_batch
[make_crop_data_batch()] make tf_to_crops done
[make_crop_data_batch()] render done
[make_crop_data_batch()] warp done
[make_crop_data_batch()] pose batch data done
[predict()] forward start
[predict()] forward done
[track_one()] pose done
[track_one()] Welcome
[track_one()] depth processing done
[predict()] ob_in_cams:(1, 4, 4)
[predict()] self.cfg.use_normal:False
[predict()] trans_normalizer:[0.019999999552965164, 0.019999999552965164, 0.05000000074505806], rot_normalizer:0.3490658503988659
[predict()] making cropped data
[make_crop_data_batch()] Welcome make_crop_data_batch
[make_crop_data_batch()] make tf_to_crops done
[make_crop_data_batch()] render done
[make_crop_data_batch()] warp done
[make_crop_data_batch()] pose batch data done
[predict()] forward start
[predict()] forward done
[track_one()] pose done
[track_one()] Welcome
[track_one()] depth processing done
[predict()] ob_in_cams:(1, 4, 4)
[predict()] self.cfg.use_normal:False
[predict()] trans_normalizer:[0.019999999552965164, 0.019999999552965164, 0.05000000074505806], rot_normalizer:0.3490658503988659
[predict()] making cropped data
[make_crop_data_batch()] Welcome make_crop_data_batch
[make_crop_data_batch()] make tf_to_crops done
[make_crop_data_batch()] render done
[make_crop_data_batch()] warp done
[make_crop_data_batch()] pose batch data done
[predict()] forward start
[predict()] forward done
[track_one()] pose done
[track_one()] Welcome
[track_one()] depth processing done
[predict()] ob_in_cams:(1, 4, 4)
[predict()] self.cfg.use_normal:False
[predict()] trans_normalizer:[0.019999999552965164, 0.019999999552965164, 0.05000000074505806], rot_normalizer:0.3490658503988659
[predict()] making cropped data
[make_crop_data_batch()] Welcome make_crop_data_batch
[make_crop_data_batch()] make tf_to_crops done
[make_crop_data_batch()] render done
[make_crop_data_batch()] warp done
[make_crop_data_batch()] pose batch data done
[predict()] forward start
[predict()] forward done
[track_one()] pose done
[track_one()] Welcome
[track_one()] depth processing done
[predict()] ob_in_cams:(1, 4, 4)
[predict()] self.cfg.use_normal:False
[predict()] trans_normalizer:[0.019999999552965164, 0.019999999552965164, 0.05000000074505806], rot_normalizer:0.3490658503988659
[predict()] making cropped data
[make_crop_data_batch()] Welcome make_crop_data_batch
[make_crop_data_batch()] make tf_to_crops done
[make_crop_data_batch()] render done
[make_crop_data_batch()] warp done
[make_crop_data_batch()] pose batch data done
[predict()] forward start
[predict()] forward done
[track_one()] pose done
[track_one()] Welcome
[track_one()] depth processing done
[predict()] ob_in_cams:(1, 4, 4)
[predict()] self.cfg.use_normal:False
[predict()] trans_normalizer:[0.019999999552965164, 0.019999999552965164, 0.05000000074505806], rot_normalizer:0.3490658503988659
[predict()] making cropped data
[make_crop_data_batch()] Welcome make_crop_data_batch
[make_crop_data_batch()] make tf_to_crops done
[make_crop_data_batch()] render done
[make_crop_data_batch()] warp done
[make_crop_data_batch()] pose batch data done
[predict()] forward start
[predict()] forward done
[track_one()] pose done
[track_one()] Welcome
[track_one()] depth processing done
[predict()] ob_in_cams:(1, 4, 4)
[predict()] self.cfg.use_normal:False
[predict()] trans_normalizer:[0.019999999552965164, 0.019999999552965164, 0.05000000074505806], rot_normalizer:0.3490658503988659
[predict()] making cropped data
[make_crop_data_batch()] Welcome make_crop_data_batch
[make_crop_data_batch()] make tf_to_crops done
[make_crop_data_batch()] render done
[make_crop_data_batch()] warp done
[make_crop_data_batch()] pose batch data done
[predict()] forward start
[predict()] forward done
[track_one()] pose done
[track_one()] Welcome
[track_one()] depth processing done
[predict()] ob_in_cams:(1, 4, 4)
[predict()] self.cfg.use_normal:False
[predict()] trans_normalizer:[0.019999999552965164, 0.019999999552965164, 0.05000000074505806], rot_normalizer:0.3490658503988659
[predict()] making cropped data
[make_crop_data_batch()] Welcome make_crop_data_batch
[make_crop_data_batch()] make tf_to_crops done
[make_crop_data_batch()] render done
[make_crop_data_batch()] warp done
[make_crop_data_batch()] pose batch data done
[predict()] forward start
[predict()] forward done
[track_one()] pose done
[track_one()] Welcome
[track_one()] depth processing done
[predict()] ob_in_cams:(1, 4, 4)
[predict()] self.cfg.use_normal:False
[predict()] trans_normalizer:[0.019999999552965164, 0.019999999552965164, 0.05000000074505806], rot_normalizer:0.3490658503988659
[predict()] making cropped data
[make_crop_data_batch()] Welcome make_crop_data_batch
[make_crop_data_batch()] make tf_to_crops done
[make_crop_data_batch()] render done
[make_crop_data_batch()] warp done
[make_crop_data_batch()] pose batch data done
[predict()] forward start
[predict()] forward done
[track_one()] pose done
[track_one()] Welcome
[track_one()] depth processing done
[predict()] ob_in_cams:(1, 4, 4)
[predict()] self.cfg.use_normal:False
[predict()] trans_normalizer:[0.019999999552965164, 0.019999999552965164, 0.05000000074505806], rot_normalizer:0.3490658503988659
[predict()] making cropped data
[make_crop_data_batch()] Welcome make_crop_data_batch
[make_crop_data_batch()] make tf_to_crops done
[make_crop_data_batch()] render done
[make_crop_data_batch()] warp done
[make_crop_data_batch()] pose batch data done
[predict()] forward start
[predict()] forward done
[track_one()] pose done
[track_one()] Welcome
[track_one()] depth processing done
[predict()] ob_in_cams:(1, 4, 4)
[predict()] self.cfg.use_normal:False
[predict()] trans_normalizer:[0.019999999552965164, 0.019999999552965164, 0.05000000074505806], rot_normalizer:0.3490658503988659
[predict()] making cropped data
[make_crop_data_batch()] Welcome make_crop_data_batch
[make_crop_data_batch()] make tf_to_crops done
[make_crop_data_batch()] render done
[make_crop_data_batch()] warp done
[make_crop_data_batch()] pose batch data done
[predict()] forward start
[predict()] forward done
[track_one()] pose done
[track_one()] Welcome
[track_one()] depth processing done
[predict()] ob_in_cams:(1, 4, 4)
[predict()] self.cfg.use_normal:False
[predict()] trans_normalizer:[0.019999999552965164, 0.019999999552965164, 0.05000000074505806], rot_normalizer:0.3490658503988659
[predict()] making cropped data
[make_crop_data_batch()] Welcome make_crop_data_batch
[make_crop_data_batch()] make tf_to_crops done
[make_crop_data_batch()] render done
[make_crop_data_batch()] warp done
[make_crop_data_batch()] pose batch data done
[predict()] forward start
[predict()] forward done
[track_one()] pose done
[track_one()] Welcome
[track_one()] depth processing done
[predict()] ob_in_cams:(1, 4, 4)
[predict()] self.cfg.use_normal:False
[predict()] trans_normalizer:[0.019999999552965164, 0.019999999552965164, 0.05000000074505806], rot_normalizer:0.3490658503988659
[predict()] making cropped data
[make_crop_data_batch()] Welcome make_crop_data_batch
[make_crop_data_batch()] make tf_to_crops done
[make_crop_data_batch()] render done
[make_crop_data_batch()] warp done
[make_crop_data_batch()] pose batch data done
[predict()] forward start
[predict()] forward done
[track_one()] pose done
[track_one()] Welcome
[track_one()] depth processing done
[predict()] ob_in_cams:(1, 4, 4)
[predict()] self.cfg.use_normal:False
[predict()] trans_normalizer:[0.019999999552965164, 0.019999999552965164, 0.05000000074505806], rot_normalizer:0.3490658503988659
[predict()] making cropped data
[make_crop_data_batch()] Welcome make_crop_data_batch
[make_crop_data_batch()] make tf_to_crops done
[make_crop_data_batch()] render done
[make_crop_data_batch()] warp done
[make_crop_data_batch()] pose batch data done
[predict()] forward start
[predict()] forward done
[track_one()] pose done
[track_one()] Welcome
[track_one()] depth processing done
[predict()] ob_in_cams:(1, 4, 4)
[predict()] self.cfg.use_normal:False
[predict()] trans_normalizer:[0.019999999552965164, 0.019999999552965164, 0.05000000074505806], rot_normalizer:0.3490658503988659
[predict()] making cropped data
[make_crop_data_batch()] Welcome make_crop_data_batch
[make_crop_data_batch()] make tf_to_crops done
[make_crop_data_batch()] render done
[make_crop_data_batch()] warp done
[make_crop_data_batch()] pose batch data done
[predict()] forward start
[predict()] forward done
[track_one()] pose done
[track_one()] Welcome
[track_one()] depth processing done
[predict()] ob_in_cams:(1, 4, 4)
[predict()] self.cfg.use_normal:False
[predict()] trans_normalizer:[0.019999999552965164, 0.019999999552965164, 0.05000000074505806], rot_normalizer:0.3490658503988659
[predict()] making cropped data
[make_crop_data_batch()] Welcome make_crop_data_batch
[make_crop_data_batch()] make tf_to_crops done
[make_crop_data_batch()] render done
[make_crop_data_batch()] warp done
[make_crop_data_batch()] pose batch data done
[predict()] forward start
[predict()] forward done
[track_one()] pose done
[track_one()] Welcome
[track_one()] depth processing done
[predict()] ob_in_cams:(1, 4, 4)
[predict()] self.cfg.use_normal:False
[predict()] trans_normalizer:[0.019999999552965164, 0.019999999552965164, 0.05000000074505806], rot_normalizer:0.3490658503988659
[predict()] making cropped data
[make_crop_data_batch()] Welcome make_crop_data_batch
[make_crop_data_batch()] make tf_to_crops done
[make_crop_data_batch()] render done
[make_crop_data_batch()] warp done
[make_crop_data_batch()] pose batch data done
[predict()] forward start
[predict()] forward done
[track_one()] pose done
[track_one()] Welcome
[track_one()] depth processing done
[predict()] ob_in_cams:(1, 4, 4)
[predict()] self.cfg.use_normal:False
[predict()] trans_normalizer:[0.019999999552965164, 0.019999999552965164, 0.05000000074505806], rot_normalizer:0.3490658503988659
[predict()] making cropped data
[make_crop_data_batch()] Welcome make_crop_data_batch
[make_crop_data_batch()] make tf_to_crops done
[make_crop_data_batch()] render done
[make_crop_data_batch()] warp done
[make_crop_data_batch()] pose batch data done
[predict()] forward start
[predict()] forward done
[track_one()] pose done
[track_one()] Welcome
[track_one()] depth processing done
[predict()] ob_in_cams:(1, 4, 4)
[predict()] self.cfg.use_normal:False
[predict()] trans_normalizer:[0.019999999552965164, 0.019999999552965164, 0.05000000074505806], rot_normalizer:0.3490658503988659
[predict()] making cropped data
[make_crop_data_batch()] Welcome make_crop_data_batch
[make_crop_data_batch()] make tf_to_crops done
[make_crop_data_batch()] render done
[make_crop_data_batch()] warp done
[make_crop_data_batch()] pose batch data done
[predict()] forward start
[predict()] forward done
[track_one()] pose done
[track_one()] Welcome
[track_one()] depth processing done
[predict()] ob_in_cams:(1, 4, 4)
[predict()] self.cfg.use_normal:False
[predict()] trans_normalizer:[0.019999999552965164, 0.019999999552965164, 0.05000000074505806], rot_normalizer:0.3490658503988659
[predict()] making cropped data
[make_crop_data_batch()] Welcome make_crop_data_batch
[make_crop_data_batch()] make tf_to_crops done
[make_crop_data_batch()] render done
[make_crop_data_batch()] warp done
[make_crop_data_batch()] pose batch data done
[predict()] forward start
[predict()] forward done
[track_one()] pose done
[track_one()] Welcome
[track_one()] depth processing done
[predict()] ob_in_cams:(1, 4, 4)
[predict()] self.cfg.use_normal:False
[predict()] trans_normalizer:[0.019999999552965164, 0.019999999552965164, 0.05000000074505806], rot_normalizer:0.3490658503988659
[predict()] making cropped data
[make_crop_data_batch()] Welcome make_crop_data_batch
[make_crop_data_batch()] make tf_to_crops done
[make_crop_data_batch()] render done
[make_crop_data_batch()] warp done
[make_crop_data_batch()] pose batch data done
[predict()] forward start
[predict()] forward done
[track_one()] pose done
[track_one()] Welcome
[track_one()] depth processing done
[predict()] ob_in_cams:(1, 4, 4)
[predict()] self.cfg.use_normal:False
[predict()] trans_normalizer:[0.019999999552965164, 0.019999999552965164, 0.05000000074505806], rot_normalizer:0.3490658503988659
[predict()] making cropped data
[make_crop_data_batch()] Welcome make_crop_data_batch
[make_crop_data_batch()] make tf_to_crops done
[make_crop_data_batch()] render done
[make_crop_data_batch()] warp done
[make_crop_data_batch()] pose batch data done
[predict()] forward start
[predict()] forward done
[track_one()] pose done
[track_one()] Welcome
[track_one()] depth processing done
[predict()] ob_in_cams:(1, 4, 4)
[predict()] self.cfg.use_normal:False
[predict()] trans_normalizer:[0.019999999552965164, 0.019999999552965164, 0.05000000074505806], rot_normalizer:0.3490658503988659
[predict()] making cropped data
[make_crop_data_batch()] Welcome make_crop_data_batch
[make_crop_data_batch()] make tf_to_crops done
[make_crop_data_batch()] render done
[make_crop_data_batch()] warp done
[make_crop_data_batch()] pose batch data done
[predict()] forward start
[predict()] forward done
[track_one()] pose done
[track_one()] Welcome
[track_one()] depth processing done
[predict()] ob_in_cams:(1, 4, 4)
[predict()] self.cfg.use_normal:False
[predict()] trans_normalizer:[0.019999999552965164, 0.019999999552965164, 0.05000000074505806], rot_normalizer:0.3490658503988659
[predict()] making cropped data
[make_crop_data_batch()] Welcome make_crop_data_batch
[make_crop_data_batch()] make tf_to_crops done
[make_crop_data_batch()] render done
[make_crop_data_batch()] warp done
[make_crop_data_batch()] pose batch data done
[predict()] forward start
[predict()] forward done
[track_one()] pose done
[track_one()] Welcome
[track_one()] depth processing done
[predict()] ob_in_cams:(1, 4, 4)
[predict()] self.cfg.use_normal:False
[predict()] trans_normalizer:[0.019999999552965164, 0.019999999552965164, 0.05000000074505806], rot_normalizer:0.3490658503988659
[predict()] making cropped data
[make_crop_data_batch()] Welcome make_crop_data_batch
[make_crop_data_batch()] make tf_to_crops done
[make_crop_data_batch()] render done
[make_crop_data_batch()] warp done
[make_crop_data_batch()] pose batch data done
[predict()] forward start
[predict()] forward done
[track_one()] pose done
[track_one()] Welcome
[track_one()] depth processing done
[predict()] ob_in_cams:(1, 4, 4)
[predict()] self.cfg.use_normal:False
[predict()] trans_normalizer:[0.019999999552965164, 0.019999999552965164, 0.05000000074505806], rot_normalizer:0.3490658503988659
[predict()] making cropped data
[make_crop_data_batch()] Welcome make_crop_data_batch
[make_crop_data_batch()] make tf_to_crops done
[make_crop_data_batch()] render done
[make_crop_data_batch()] warp done
[make_crop_data_batch()] pose batch data done
[predict()] forward start
[predict()] forward done
[track_one()] pose done
[track_one()] Welcome
[track_one()] depth processing done
[predict()] ob_in_cams:(1, 4, 4)
[predict()] self.cfg.use_normal:False
[predict()] trans_normalizer:[0.019999999552965164, 0.019999999552965164, 0.05000000074505806], rot_normalizer:0.3490658503988659
[predict()] making cropped data
[make_crop_data_batch()] Welcome make_crop_data_batch
[make_crop_data_batch()] make tf_to_crops done
[make_crop_data_batch()] render done
[make_crop_data_batch()] warp done
[make_crop_data_batch()] pose batch data done
[predict()] forward start
[predict()] forward done
[track_one()] pose done
[track_one()] Welcome
[track_one()] depth processing done
[predict()] ob_in_cams:(1, 4, 4)
[predict()] self.cfg.use_normal:False
[predict()] trans_normalizer:[0.019999999552965164, 0.019999999552965164, 0.05000000074505806], rot_normalizer:0.3490658503988659
[predict()] making cropped data
[make_crop_data_batch()] Welcome make_crop_data_batch
[make_crop_data_batch()] make tf_to_crops done
[make_crop_data_batch()] render done
[make_crop_data_batch()] warp done
[make_crop_data_batch()] pose batch data done
[predict()] forward start
[predict()] forward done
[track_one()] pose done
[track_one()] Welcome
[track_one()] depth processing done
[predict()] ob_in_cams:(1, 4, 4)
[predict()] self.cfg.use_normal:False
[predict()] trans_normalizer:[0.019999999552965164, 0.019999999552965164, 0.05000000074505806], rot_normalizer:0.3490658503988659
[predict()] making cropped data
[make_crop_data_batch()] Welcome make_crop_data_batch
[make_crop_data_batch()] make tf_to_crops done
[make_crop_data_batch()] render done
[make_crop_data_batch()] warp done
[make_crop_data_batch()] pose batch data done
[predict()] forward start
[predict()] forward done
[track_one()] pose done
[track_one()] Welcome
[track_one()] depth processing done
[predict()] ob_in_cams:(1, 4, 4)
[predict()] self.cfg.use_normal:False
[predict()] trans_normalizer:[0.019999999552965164, 0.019999999552965164, 0.05000000074505806], rot_normalizer:0.3490658503988659
[predict()] making cropped data
[make_crop_data_batch()] Welcome make_crop_data_batch
[make_crop_data_batch()] make tf_to_crops done
[make_crop_data_batch()] render done
[make_crop_data_batch()] warp done
[make_crop_data_batch()] pose batch data done
[predict()] forward start
[predict()] forward done
[track_one()] pose done
[track_one()] Welcome
[track_one()] depth processing done
[predict()] ob_in_cams:(1, 4, 4)
[predict()] self.cfg.use_normal:False
[predict()] trans_normalizer:[0.019999999552965164, 0.019999999552965164, 0.05000000074505806], rot_normalizer:0.3490658503988659
[predict()] making cropped data
[make_crop_data_batch()] Welcome make_crop_data_batch
[make_crop_data_batch()] make tf_to_crops done
[make_crop_data_batch()] render done
[make_crop_data_batch()] warp done
[make_crop_data_batch()] pose batch data done
[predict()] forward start
[predict()] forward done
[track_one()] pose done
[track_one()] Welcome
[track_one()] depth processing done
[predict()] ob_in_cams:(1, 4, 4)
[predict()] self.cfg.use_normal:False
[predict()] trans_normalizer:[0.019999999552965164, 0.019999999552965164, 0.05000000074505806], rot_normalizer:0.3490658503988659
[predict()] making cropped data
[make_crop_data_batch()] Welcome make_crop_data_batch
[make_crop_data_batch()] make tf_to_crops done
[make_crop_data_batch()] render done
[make_crop_data_batch()] warp done
[make_crop_data_batch()] pose batch data done
[predict()] forward start
[predict()] forward done
[track_one()] pose done
[track_one()] Welcome
[track_one()] depth processing done
[predict()] ob_in_cams:(1, 4, 4)
[predict()] self.cfg.use_normal:False
[predict()] trans_normalizer:[0.019999999552965164, 0.019999999552965164, 0.05000000074505806], rot_normalizer:0.3490658503988659
[predict()] making cropped data
[make_crop_data_batch()] Welcome make_crop_data_batch
[make_crop_data_batch()] make tf_to_crops done
[make_crop_data_batch()] render done
[make_crop_data_batch()] warp done
[make_crop_data_batch()] pose batch data done
[predict()] forward start
[predict()] forward done
[track_one()] pose done
[track_one()] Welcome
[track_one()] depth processing done
[predict()] ob_in_cams:(1, 4, 4)
[predict()] self.cfg.use_normal:False
[predict()] trans_normalizer:[0.019999999552965164, 0.019999999552965164, 0.05000000074505806], rot_normalizer:0.3490658503988659
[predict()] making cropped data
[make_crop_data_batch()] Welcome make_crop_data_batch
[make_crop_data_batch()] make tf_to_crops done
[make_crop_data_batch()] render done
[make_crop_data_batch()] warp done
[make_crop_data_batch()] pose batch data done
[predict()] forward start
[predict()] forward done
[track_one()] pose done
[track_one()] Welcome
[track_one()] depth processing done
[predict()] ob_in_cams:(1, 4, 4)
[predict()] self.cfg.use_normal:False
[predict()] trans_normalizer:[0.019999999552965164, 0.019999999552965164, 0.05000000074505806], rot_normalizer:0.3490658503988659
[predict()] making cropped data
[make_crop_data_batch()] Welcome make_crop_data_batch
[make_crop_data_batch()] make tf_to_crops done
[make_crop_data_batch()] render done
[make_crop_data_batch()] warp done
[make_crop_data_batch()] pose batch data done
[predict()] forward start
[predict()] forward done
[track_one()] pose done
[track_one()] Welcome
[track_one()] depth processing done
[predict()] ob_in_cams:(1, 4, 4)
[predict()] self.cfg.use_normal:False
[predict()] trans_normalizer:[0.019999999552965164, 0.019999999552965164, 0.05000000074505806], rot_normalizer:0.3490658503988659
[predict()] making cropped data
[make_crop_data_batch()] Welcome make_crop_data_batch
[make_crop_data_batch()] make tf_to_crops done
[make_crop_data_batch()] render done
[make_crop_data_batch()] warp done
[make_crop_data_batch()] pose batch data done
[predict()] forward start
[predict()] forward done
[track_one()] pose done
[track_one()] Welcome
[track_one()] depth processing done
[predict()] ob_in_cams:(1, 4, 4)
[predict()] self.cfg.use_normal:False
[predict()] trans_normalizer:[0.019999999552965164, 0.019999999552965164, 0.05000000074505806], rot_normalizer:0.3490658503988659
[predict()] making cropped data
[make_crop_data_batch()] Welcome make_crop_data_batch
[make_crop_data_batch()] make tf_to_crops done
[make_crop_data_batch()] render done
[make_crop_data_batch()] warp done
[make_crop_data_batch()] pose batch data done
[predict()] forward start
[predict()] forward done
[track_one()] pose done
[track_one()] Welcome
[track_one()] depth processing done
[predict()] ob_in_cams:(1, 4, 4)
[predict()] self.cfg.use_normal:False
[predict()] trans_normalizer:[0.019999999552965164, 0.019999999552965164, 0.05000000074505806], rot_normalizer:0.3490658503988659
[predict()] making cropped data
[make_crop_data_batch()] Welcome make_crop_data_batch
[make_crop_data_batch()] make tf_to_crops done
[make_crop_data_batch()] render done
[make_crop_data_batch()] warp done
[make_crop_data_batch()] pose batch data done
[predict()] forward start
[predict()] forward done
[track_one()] pose done
[track_one()] Welcome
[track_one()] depth processing done
[predict()] ob_in_cams:(1, 4, 4)
[predict()] self.cfg.use_normal:False
[predict()] trans_normalizer:[0.019999999552965164, 0.019999999552965164, 0.05000000074505806], rot_normalizer:0.3490658503988659
[predict()] making cropped data
[make_crop_data_batch()] Welcome make_crop_data_batch
[make_crop_data_batch()] make tf_to_crops done
[make_crop_data_batch()] render done
[make_crop_data_batch()] warp done
[make_crop_data_batch()] pose batch data done
[predict()] forward start
[predict()] forward done
[track_one()] pose done
[track_one()] Welcome
[track_one()] depth processing done
[predict()] ob_in_cams:(1, 4, 4)
[predict()] self.cfg.use_normal:False
[predict()] trans_normalizer:[0.019999999552965164, 0.019999999552965164, 0.05000000074505806], rot_normalizer:0.3490658503988659
[predict()] making cropped data
[make_crop_data_batch()] Welcome make_crop_data_batch
[make_crop_data_batch()] make tf_to_crops done
[make_crop_data_batch()] render done
[make_crop_data_batch()] warp done
[make_crop_data_batch()] pose batch data done
[predict()] forward start
[predict()] forward done
[track_one()] pose done
[track_one()] Welcome
[track_one()] depth processing done
[predict()] ob_in_cams:(1, 4, 4)
[predict()] self.cfg.use_normal:False
[predict()] trans_normalizer:[0.019999999552965164, 0.019999999552965164, 0.05000000074505806], rot_normalizer:0.3490658503988659
[predict()] making cropped data
[make_crop_data_batch()] Welcome make_crop_data_batch
[make_crop_data_batch()] make tf_to_crops done
[make_crop_data_batch()] render done
[make_crop_data_batch()] warp done
[make_crop_data_batch()] pose batch data done
[predict()] forward start
[predict()] forward done
[track_one()] pose done
[track_one()] Welcome
[track_one()] depth processing done
[predict()] ob_in_cams:(1, 4, 4)
[predict()] self.cfg.use_normal:False
[predict()] trans_normalizer:[0.019999999552965164, 0.019999999552965164, 0.05000000074505806], rot_normalizer:0.3490658503988659
[predict()] making cropped data
[make_crop_data_batch()] Welcome make_crop_data_batch
[make_crop_data_batch()] make tf_to_crops done
[make_crop_data_batch()] render done
[make_crop_data_batch()] warp done
[make_crop_data_batch()] pose batch data done
[predict()] forward start
[predict()] forward done
[track_one()] pose done
[track_one()] Welcome
[track_one()] depth processing done
[predict()] ob_in_cams:(1, 4, 4)
[predict()] self.cfg.use_normal:False
[predict()] trans_normalizer:[0.019999999552965164, 0.019999999552965164, 0.05000000074505806], rot_normalizer:0.3490658503988659
[predict()] making cropped data
[make_crop_data_batch()] Welcome make_crop_data_batch
[make_crop_data_batch()] make tf_to_crops done
[make_crop_data_batch()] render done
[make_crop_data_batch()] warp done
[make_crop_data_batch()] pose batch data done
[predict()] forward start
[predict()] forward done
[track_one()] pose done
[track_one()] Welcome
[track_one()] depth processing done
[predict()] ob_in_cams:(1, 4, 4)
[predict()] self.cfg.use_normal:False
[predict()] trans_normalizer:[0.019999999552965164, 0.019999999552965164, 0.05000000074505806], rot_normalizer:0.3490658503988659
[predict()] making cropped data
[make_crop_data_batch()] Welcome make_crop_data_batch
[make_crop_data_batch()] make tf_to_crops done
[make_crop_data_batch()] render done
[make_crop_data_batch()] warp done
[make_crop_data_batch()] pose batch data done
[predict()] forward start
[predict()] forward done
[track_one()] pose done
[track_one()] Welcome
[track_one()] depth processing done
[predict()] ob_in_cams:(1, 4, 4)
[predict()] self.cfg.use_normal:False
[predict()] trans_normalizer:[0.019999999552965164, 0.019999999552965164, 0.05000000074505806], rot_normalizer:0.3490658503988659
[predict()] making cropped data
[make_crop_data_batch()] Welcome make_crop_data_batch
[make_crop_data_batch()] make tf_to_crops done
[make_crop_data_batch()] render done
[make_crop_data_batch()] warp done
[make_crop_data_batch()] pose batch data done
[predict()] forward start
[predict()] forward done
[track_one()] pose done
[track_one()] Welcome
[track_one()] depth processing done
[predict()] ob_in_cams:(1, 4, 4)
[predict()] self.cfg.use_normal:False
[predict()] trans_normalizer:[0.019999999552965164, 0.019999999552965164, 0.05000000074505806], rot_normalizer:0.3490658503988659
[predict()] making cropped data
[make_crop_data_batch()] Welcome make_crop_data_batch
[make_crop_data_batch()] make tf_to_crops done
[make_crop_data_batch()] render done
[make_crop_data_batch()] warp done
[make_crop_data_batch()] pose batch data done
[predict()] forward start
[predict()] forward done
[track_one()] pose done
[track_one()] Welcome
[track_one()] depth processing done
[predict()] ob_in_cams:(1, 4, 4)
[predict()] self.cfg.use_normal:False
[predict()] trans_normalizer:[0.019999999552965164, 0.019999999552965164, 0.05000000074505806], rot_normalizer:0.3490658503988659
[predict()] making cropped data
[make_crop_data_batch()] Welcome make_crop_data_batch
[make_crop_data_batch()] make tf_to_crops done
[make_crop_data_batch()] render done
[make_crop_data_batch()] warp done
[make_crop_data_batch()] pose batch data done
[predict()] forward start
[predict()] forward done
[track_one()] pose done
[track_one()] Welcome
[track_one()] depth processing done
[predict()] ob_in_cams:(1, 4, 4)
[predict()] self.cfg.use_normal:False
[predict()] trans_normalizer:[0.019999999552965164, 0.019999999552965164, 0.05000000074505806], rot_normalizer:0.3490658503988659
[predict()] making cropped data
[make_crop_data_batch()] Welcome make_crop_data_batch
[make_crop_data_batch()] make tf_to_crops done
[make_crop_data_batch()] render done
[make_crop_data_batch()] warp done
[make_crop_data_batch()] pose batch data done
[predict()] forward start
[predict()] forward done
[track_one()] pose done
[track_one()] Welcome
[track_one()] depth processing done
[predict()] ob_in_cams:(1, 4, 4)
[predict()] self.cfg.use_normal:False
[predict()] trans_normalizer:[0.019999999552965164, 0.019999999552965164, 0.05000000074505806], rot_normalizer:0.3490658503988659
[predict()] making cropped data
[make_crop_data_batch()] Welcome make_crop_data_batch
[make_crop_data_batch()] make tf_to_crops done
[make_crop_data_batch()] render done
[make_crop_data_batch()] warp done
[make_crop_data_batch()] pose batch data done
[predict()] forward start
[predict()] forward done
[track_one()] pose done
[track_one()] Welcome
[track_one()] depth processing done
[predict()] ob_in_cams:(1, 4, 4)
[predict()] self.cfg.use_normal:False
[predict()] trans_normalizer:[0.019999999552965164, 0.019999999552965164, 0.05000000074505806], rot_normalizer:0.3490658503988659
[predict()] making cropped data
[make_crop_data_batch()] Welcome make_crop_data_batch
[make_crop_data_batch()] make tf_to_crops done
[make_crop_data_batch()] render done
[make_crop_data_batch()] warp done
[make_crop_data_batch()] pose batch data done
[predict()] forward start
[predict()] forward done
[track_one()] pose done
[track_one()] Welcome
[track_one()] depth processing done
[predict()] ob_in_cams:(1, 4, 4)
[predict()] self.cfg.use_normal:False
[predict()] trans_normalizer:[0.019999999552965164, 0.019999999552965164, 0.05000000074505806], rot_normalizer:0.3490658503988659
[predict()] making cropped data
[make_crop_data_batch()] Welcome make_crop_data_batch
[make_crop_data_batch()] make tf_to_crops done
[make_crop_data_batch()] render done
[make_crop_data_batch()] warp done
[make_crop_data_batch()] pose batch data done
[predict()] forward start
[predict()] forward done
[track_one()] pose done
[track_one()] Welcome
[track_one()] depth processing done
[predict()] ob_in_cams:(1, 4, 4)
[predict()] self.cfg.use_normal:False
[predict()] trans_normalizer:[0.019999999552965164, 0.019999999552965164, 0.05000000074505806], rot_normalizer:0.3490658503988659
[predict()] making cropped data
[make_crop_data_batch()] Welcome make_crop_data_batch
[make_crop_data_batch()] make tf_to_crops done
[make_crop_data_batch()] render done
[make_crop_data_batch()] warp done
[make_crop_data_batch()] pose batch data done
[predict()] forward start
[predict()] forward done
[track_one()] pose done
[track_one()] Welcome
[track_one()] depth processing done
[predict()] ob_in_cams:(1, 4, 4)
[predict()] self.cfg.use_normal:False
[predict()] trans_normalizer:[0.019999999552965164, 0.019999999552965164, 0.05000000074505806], rot_normalizer:0.3490658503988659
[predict()] making cropped data
[make_crop_data_batch()] Welcome make_crop_data_batch
[make_crop_data_batch()] make tf_to_crops done
[make_crop_data_batch()] render done
[make_crop_data_batch()] warp done
[make_crop_data_batch()] pose batch data done
[predict()] forward start
[predict()] forward done
[track_one()] pose done
[track_one()] Welcome
[track_one()] depth processing done
[predict()] ob_in_cams:(1, 4, 4)
[predict()] self.cfg.use_normal:False
[predict()] trans_normalizer:[0.019999999552965164, 0.019999999552965164, 0.05000000074505806], rot_normalizer:0.3490658503988659
[predict()] making cropped data
[make_crop_data_batch()] Welcome make_crop_data_batch
[make_crop_data_batch()] make tf_to_crops done
[make_crop_data_batch()] render done
[make_crop_data_batch()] warp done
[make_crop_data_batch()] pose batch data done
[predict()] forward start
[predict()] forward done
[track_one()] pose done
[track_one()] Welcome
[track_one()] depth processing done
[predict()] ob_in_cams:(1, 4, 4)
[predict()] self.cfg.use_normal:False
[predict()] trans_normalizer:[0.019999999552965164, 0.019999999552965164, 0.05000000074505806], rot_normalizer:0.3490658503988659
[predict()] making cropped data
[make_crop_data_batch()] Welcome make_crop_data_batch
[make_crop_data_batch()] make tf_to_crops done
[make_crop_data_batch()] render done
[make_crop_data_batch()] warp done
[make_crop_data_batch()] pose batch data done
[predict()] forward start
[predict()] forward done
[track_one()] pose done
[track_one()] Welcome
[track_one()] depth processing done
[predict()] ob_in_cams:(1, 4, 4)
[predict()] self.cfg.use_normal:False
[predict()] trans_normalizer:[0.019999999552965164, 0.019999999552965164, 0.05000000074505806], rot_normalizer:0.3490658503988659
[predict()] making cropped data
[make_crop_data_batch()] Welcome make_crop_data_batch
[make_crop_data_batch()] make tf_to_crops done
[make_crop_data_batch()] render done
[make_crop_data_batch()] warp done
[make_crop_data_batch()] pose batch data done
[predict()] forward start
[predict()] forward done
[track_one()] pose done
[track_one()] Welcome
[track_one()] depth processing done
[predict()] ob_in_cams:(1, 4, 4)
[predict()] self.cfg.use_normal:False
[predict()] trans_normalizer:[0.019999999552965164, 0.019999999552965164, 0.05000000074505806], rot_normalizer:0.3490658503988659
[predict()] making cropped data
[make_crop_data_batch()] Welcome make_crop_data_batch
[make_crop_data_batch()] make tf_to_crops done
[make_crop_data_batch()] render done
[make_crop_data_batch()] warp done
[make_crop_data_batch()] pose batch data done
[predict()] forward start
[predict()] forward done
[track_one()] pose done
[track_one()] Welcome
[track_one()] depth processing done
[predict()] ob_in_cams:(1, 4, 4)
[predict()] self.cfg.use_normal:False
[predict()] trans_normalizer:[0.019999999552965164, 0.019999999552965164, 0.05000000074505806], rot_normalizer:0.3490658503988659
[predict()] making cropped data
[make_crop_data_batch()] Welcome make_crop_data_batch
[make_crop_data_batch()] make tf_to_crops done
[make_crop_data_batch()] render done
[make_crop_data_batch()] warp done
[make_crop_data_batch()] pose batch data done
[predict()] forward start
[predict()] forward done
[track_one()] pose done
[track_one()] Welcome
[track_one()] depth processing done
[predict()] ob_in_cams:(1, 4, 4)
[predict()] self.cfg.use_normal:False
[predict()] trans_normalizer:[0.019999999552965164, 0.019999999552965164, 0.05000000074505806], rot_normalizer:0.3490658503988659
[predict()] making cropped data
[make_crop_data_batch()] Welcome make_crop_data_batch
[make_crop_data_batch()] make tf_to_crops done
[make_crop_data_batch()] render done
[make_crop_data_batch()] warp done
[make_crop_data_batch()] pose batch data done
[predict()] forward start
[predict()] forward done
[track_one()] pose done
[track_one()] Welcome
[track_one()] depth processing done
[predict()] ob_in_cams:(1, 4, 4)
[predict()] self.cfg.use_normal:False
[predict()] trans_normalizer:[0.019999999552965164, 0.019999999552965164, 0.05000000074505806], rot_normalizer:0.3490658503988659
[predict()] making cropped data
[make_crop_data_batch()] Welcome make_crop_data_batch
[make_crop_data_batch()] make tf_to_crops done
[make_crop_data_batch()] render done
[make_crop_data_batch()] warp done
[make_crop_data_batch()] pose batch data done
[predict()] forward start
[predict()] forward done
[track_one()] pose done
[track_one()] Welcome
[track_one()] depth processing done
[predict()] ob_in_cams:(1, 4, 4)
[predict()] self.cfg.use_normal:False
[predict()] trans_normalizer:[0.019999999552965164, 0.019999999552965164, 0.05000000074505806], rot_normalizer:0.3490658503988659
[predict()] making cropped data
[make_crop_data_batch()] Welcome make_crop_data_batch
[make_crop_data_batch()] make tf_to_crops done
[make_crop_data_batch()] render done
[make_crop_data_batch()] warp done
[make_crop_data_batch()] pose batch data done
[predict()] forward start
[predict()] forward done
[track_one()] pose done
[track_one()] Welcome
[track_one()] depth processing done
[predict()] ob_in_cams:(1, 4, 4)
[predict()] self.cfg.use_normal:False
[predict()] trans_normalizer:[0.019999999552965164, 0.019999999552965164, 0.05000000074505806], rot_normalizer:0.3490658503988659
[predict()] making cropped data
[make_crop_data_batch()] Welcome make_crop_data_batch
[make_crop_data_batch()] make tf_to_crops done
[make_crop_data_batch()] render done
[make_crop_data_batch()] warp done
[make_crop_data_batch()] pose batch data done
[predict()] forward start
[predict()] forward done
[track_one()] pose done
[track_one()] Welcome
[track_one()] depth processing done
[predict()] ob_in_cams:(1, 4, 4)
[predict()] self.cfg.use_normal:False
[predict()] trans_normalizer:[0.019999999552965164, 0.019999999552965164, 0.05000000074505806], rot_normalizer:0.3490658503988659
[predict()] making cropped data
[make_crop_data_batch()] Welcome make_crop_data_batch
[make_crop_data_batch()] make tf_to_crops done
[make_crop_data_batch()] render done
[make_crop_data_batch()] warp done
[make_crop_data_batch()] pose batch data done
[predict()] forward start
[predict()] forward done
[track_one()] pose done
[track_one()] Welcome
[track_one()] depth processing done
[predict()] ob_in_cams:(1, 4, 4)
[predict()] self.cfg.use_normal:False
[predict()] trans_normalizer:[0.019999999552965164, 0.019999999552965164, 0.05000000074505806], rot_normalizer:0.3490658503988659
[predict()] making cropped data
[make_crop_data_batch()] Welcome make_crop_data_batch
[make_crop_data_batch()] make tf_to_crops done
[make_crop_data_batch()] render done
[make_crop_data_batch()] warp done
[make_crop_data_batch()] pose batch data done
[predict()] forward start
[predict()] forward done
[track_one()] pose done
[track_one()] Welcome
[track_one()] depth processing done
[predict()] ob_in_cams:(1, 4, 4)
[predict()] self.cfg.use_normal:False
[predict()] trans_normalizer:[0.019999999552965164, 0.019999999552965164, 0.05000000074505806], rot_normalizer:0.3490658503988659
[predict()] making cropped data
[make_crop_data_batch()] Welcome make_crop_data_batch
[make_crop_data_batch()] make tf_to_crops done
[make_crop_data_batch()] render done
[make_crop_data_batch()] warp done
[make_crop_data_batch()] pose batch data done
[predict()] forward start
[predict()] forward done
[track_one()] pose done
[track_one()] Welcome
[track_one()] depth processing done
[predict()] ob_in_cams:(1, 4, 4)
[predict()] self.cfg.use_normal:False
[predict()] trans_normalizer:[0.019999999552965164, 0.019999999552965164, 0.05000000074505806], rot_normalizer:0.3490658503988659
[predict()] making cropped data
[make_crop_data_batch()] Welcome make_crop_data_batch
[make_crop_data_batch()] make tf_to_crops done
[make_crop_data_batch()] render done
[make_crop_data_batch()] warp done
[make_crop_data_batch()] pose batch data done
[predict()] forward start
[predict()] forward done
[track_one()] pose done
[track_one()] Welcome
[track_one()] depth processing done
[predict()] ob_in_cams:(1, 4, 4)
[predict()] self.cfg.use_normal:False
[predict()] trans_normalizer:[0.019999999552965164, 0.019999999552965164, 0.05000000074505806], rot_normalizer:0.3490658503988659
[predict()] making cropped data
[make_crop_data_batch()] Welcome make_crop_data_batch
[make_crop_data_batch()] make tf_to_crops done
[make_crop_data_batch()] render done
[make_crop_data_batch()] warp done
[make_crop_data_batch()] pose batch data done
[predict()] forward start
[predict()] forward done
[track_one()] pose done
[track_one()] Welcome
[track_one()] depth processing done
[predict()] ob_in_cams:(1, 4, 4)
[predict()] self.cfg.use_normal:False
[predict()] trans_normalizer:[0.019999999552965164, 0.019999999552965164, 0.05000000074505806], rot_normalizer:0.3490658503988659
[predict()] making cropped data
[make_crop_data_batch()] Welcome make_crop_data_batch
[make_crop_data_batch()] make tf_to_crops done
[make_crop_data_batch()] render done
[make_crop_data_batch()] warp done
[make_crop_data_batch()] pose batch data done
[predict()] forward start
[predict()] forward done
[track_one()] pose done
[track_one()] Welcome
[track_one()] depth processing done
[predict()] ob_in_cams:(1, 4, 4)
[predict()] self.cfg.use_normal:False
[predict()] trans_normalizer:[0.019999999552965164, 0.019999999552965164, 0.05000000074505806], rot_normalizer:0.3490658503988659
[predict()] making cropped data
[make_crop_data_batch()] Welcome make_crop_data_batch
[make_crop_data_batch()] make tf_to_crops done
[make_crop_data_batch()] render done
[make_crop_data_batch()] warp done
[make_crop_data_batch()] pose batch data done
[predict()] forward start
[predict()] forward done
[track_one()] pose done
[track_one()] Welcome
[track_one()] depth processing done
[predict()] ob_in_cams:(1, 4, 4)
[predict()] self.cfg.use_normal:False
[predict()] trans_normalizer:[0.019999999552965164, 0.019999999552965164, 0.05000000074505806], rot_normalizer:0.3490658503988659
[predict()] making cropped data
[make_crop_data_batch()] Welcome make_crop_data_batch
[make_crop_data_batch()] make tf_to_crops done
[make_crop_data_batch()] render done
[make_crop_data_batch()] warp done
[make_crop_data_batch()] pose batch data done
[predict()] forward start
[predict()] forward done
[track_one()] pose done
[track_one()] Welcome
[track_one()] depth processing done
[predict()] ob_in_cams:(1, 4, 4)
[predict()] self.cfg.use_normal:False
[predict()] trans_normalizer:[0.019999999552965164, 0.019999999552965164, 0.05000000074505806], rot_normalizer:0.3490658503988659
[predict()] making cropped data
[make_crop_data_batch()] Welcome make_crop_data_batch
[make_crop_data_batch()] make tf_to_crops done
[make_crop_data_batch()] render done
[make_crop_data_batch()] warp done
[make_crop_data_batch()] pose batch data done
[predict()] forward start
[predict()] forward done
[track_one()] pose done
[track_one()] Welcome
[track_one()] depth processing done
[predict()] ob_in_cams:(1, 4, 4)
[predict()] self.cfg.use_normal:False
[predict()] trans_normalizer:[0.019999999552965164, 0.019999999552965164, 0.05000000074505806], rot_normalizer:0.3490658503988659
[predict()] making cropped data
[make_crop_data_batch()] Welcome make_crop_data_batch
[make_crop_data_batch()] make tf_to_crops done
[make_crop_data_batch()] render done
[make_crop_data_batch()] warp done
[make_crop_data_batch()] pose batch data done
[predict()] forward start
[predict()] forward done
[track_one()] pose done
[track_one()] Welcome
[track_one()] depth processing done
[predict()] ob_in_cams:(1, 4, 4)
[predict()] self.cfg.use_normal:False
[predict()] trans_normalizer:[0.019999999552965164, 0.019999999552965164, 0.05000000074505806], rot_normalizer:0.3490658503988659
[predict()] making cropped data
[make_crop_data_batch()] Welcome make_crop_data_batch
[make_crop_data_batch()] make tf_to_crops done
[make_crop_data_batch()] render done
[make_crop_data_batch()] warp done
[make_crop_data_batch()] pose batch data done
[predict()] forward start
[predict()] forward done
[track_one()] pose done
[track_one()] Welcome
[track_one()] depth processing done
[predict()] ob_in_cams:(1, 4, 4)
[predict()] self.cfg.use_normal:False
[predict()] trans_normalizer:[0.019999999552965164, 0.019999999552965164, 0.05000000074505806], rot_normalizer:0.3490658503988659
[predict()] making cropped data
[make_crop_data_batch()] Welcome make_crop_data_batch
[make_crop_data_batch()] make tf_to_crops done
[make_crop_data_batch()] render done
[make_crop_data_batch()] warp done
[make_crop_data_batch()] pose batch data done
[predict()] forward start
[predict()] forward done
[track_one()] pose done
[track_one()] Welcome
[track_one()] depth processing done
[predict()] ob_in_cams:(1, 4, 4)
[predict()] self.cfg.use_normal:False
[predict()] trans_normalizer:[0.019999999552965164, 0.019999999552965164, 0.05000000074505806], rot_normalizer:0.3490658503988659
[predict()] making cropped data
[make_crop_data_batch()] Welcome make_crop_data_batch
[make_crop_data_batch()] make tf_to_crops done
[make_crop_data_batch()] render done
[make_crop_data_batch()] warp done
[make_crop_data_batch()] pose batch data done
[predict()] forward start
[predict()] forward done
[track_one()] pose done
[track_one()] Welcome
[track_one()] depth processing done
[predict()] ob_in_cams:(1, 4, 4)
[predict()] self.cfg.use_normal:False
[predict()] trans_normalizer:[0.019999999552965164, 0.019999999552965164, 0.05000000074505806], rot_normalizer:0.3490658503988659
[predict()] making cropped data
[make_crop_data_batch()] Welcome make_crop_data_batch
[make_crop_data_batch()] make tf_to_crops done
[make_crop_data_batch()] render done
[make_crop_data_batch()] warp done
[make_crop_data_batch()] pose batch data done
[predict()] forward start
[predict()] forward done
[track_one()] pose done
[track_one()] Welcome
[track_one()] depth processing done
[predict()] ob_in_cams:(1, 4, 4)
[predict()] self.cfg.use_normal:False
[predict()] trans_normalizer:[0.019999999552965164, 0.019999999552965164, 0.05000000074505806], rot_normalizer:0.3490658503988659
[predict()] making cropped data
[make_crop_data_batch()] Welcome make_crop_data_batch
[make_crop_data_batch()] make tf_to_crops done
[make_crop_data_batch()] render done
[make_crop_data_batch()] warp done
[make_crop_data_batch()] pose batch data done
[predict()] forward start
[predict()] forward done
[track_one()] pose done
[track_one()] Welcome
[track_one()] depth processing done
[predict()] ob_in_cams:(1, 4, 4)
[predict()] self.cfg.use_normal:False
[predict()] trans_normalizer:[0.019999999552965164, 0.019999999552965164, 0.05000000074505806], rot_normalizer:0.3490658503988659
[predict()] making cropped data
[make_crop_data_batch()] Welcome make_crop_data_batch
[make_crop_data_batch()] make tf_to_crops done
[make_crop_data_batch()] render done
[make_crop_data_batch()] warp done
[make_crop_data_batch()] pose batch data done
[predict()] forward start
[predict()] forward done
[track_one()] pose done
[track_one()] Welcome
[track_one()] depth processing done
[predict()] ob_in_cams:(1, 4, 4)
[predict()] self.cfg.use_normal:False
[predict()] trans_normalizer:[0.019999999552965164, 0.019999999552965164, 0.05000000074505806], rot_normalizer:0.3490658503988659
[predict()] making cropped data
[make_crop_data_batch()] Welcome make_crop_data_batch
[make_crop_data_batch()] make tf_to_crops done
[make_crop_data_batch()] render done
[make_crop_data_batch()] warp done
[make_crop_data_batch()] pose batch data done
[predict()] forward start
[predict()] forward done
[track_one()] pose done
[track_one()] Welcome
[track_one()] depth processing done
[predict()] ob_in_cams:(1, 4, 4)
[predict()] self.cfg.use_normal:False
[predict()] trans_normalizer:[0.019999999552965164, 0.019999999552965164, 0.05000000074505806], rot_normalizer:0.3490658503988659
[predict()] making cropped data
[make_crop_data_batch()] Welcome make_crop_data_batch
[make_crop_data_batch()] make tf_to_crops done
[make_crop_data_batch()] render done
[make_crop_data_batch()] warp done
[make_crop_data_batch()] pose batch data done
[predict()] forward start
[predict()] forward done
[track_one()] pose done
[track_one()] Welcome
[track_one()] depth processing done
[predict()] ob_in_cams:(1, 4, 4)
[predict()] self.cfg.use_normal:False
[predict()] trans_normalizer:[0.019999999552965164, 0.019999999552965164, 0.05000000074505806], rot_normalizer:0.3490658503988659
[predict()] making cropped data
[make_crop_data_batch()] Welcome make_crop_data_batch
[make_crop_data_batch()] make tf_to_crops done
[make_crop_data_batch()] render done
[make_crop_data_batch()] warp done
[make_crop_data_batch()] pose batch data done
[predict()] forward start
[predict()] forward done
[track_one()] pose done
[track_one()] Welcome
[track_one()] depth processing done
[predict()] ob_in_cams:(1, 4, 4)
[predict()] self.cfg.use_normal:False
[predict()] trans_normalizer:[0.019999999552965164, 0.019999999552965164, 0.05000000074505806], rot_normalizer:0.3490658503988659
[predict()] making cropped data
[make_crop_data_batch()] Welcome make_crop_data_batch
[make_crop_data_batch()] make tf_to_crops done
[make_crop_data_batch()] render done
[make_crop_data_batch()] warp done
[make_crop_data_batch()] pose batch data done
[predict()] forward start
[predict()] forward done
[track_one()] pose done
[track_one()] Welcome
[track_one()] depth processing done
[predict()] ob_in_cams:(1, 4, 4)
[predict()] self.cfg.use_normal:False
[predict()] trans_normalizer:[0.019999999552965164, 0.019999999552965164, 0.05000000074505806], rot_normalizer:0.3490658503988659
[predict()] making cropped data
[make_crop_data_batch()] Welcome make_crop_data_batch
[make_crop_data_batch()] make tf_to_crops done
[make_crop_data_batch()] render done
[make_crop_data_batch()] warp done
[make_crop_data_batch()] pose batch data done
[predict()] forward start
[predict()] forward done
[track_one()] pose done
[track_one()] Welcome
[track_one()] depth processing done
[predict()] ob_in_cams:(1, 4, 4)
[predict()] self.cfg.use_normal:False
[predict()] trans_normalizer:[0.019999999552965164, 0.019999999552965164, 0.05000000074505806], rot_normalizer:0.3490658503988659
[predict()] making cropped data
[make_crop_data_batch()] Welcome make_crop_data_batch
[make_crop_data_batch()] make tf_to_crops done
[make_crop_data_batch()] render done
[make_crop_data_batch()] warp done
[make_crop_data_batch()] pose batch data done
[predict()] forward start
[predict()] forward done
[track_one()] pose done
[track_one()] Welcome
[track_one()] depth processing done
[predict()] ob_in_cams:(1, 4, 4)
[predict()] self.cfg.use_normal:False
[predict()] trans_normalizer:[0.019999999552965164, 0.019999999552965164, 0.05000000074505806], rot_normalizer:0.3490658503988659
[predict()] making cropped data
[make_crop_data_batch()] Welcome make_crop_data_batch
[make_crop_data_batch()] make tf_to_crops done
[make_crop_data_batch()] render done
[make_crop_data_batch()] warp done
[make_crop_data_batch()] pose batch data done
[predict()] forward start
[predict()] forward done
[track_one()] pose done
[track_one()] Welcome
[track_one()] depth processing done
[predict()] ob_in_cams:(1, 4, 4)
[predict()] self.cfg.use_normal:False
[predict()] trans_normalizer:[0.019999999552965164, 0.019999999552965164, 0.05000000074505806], rot_normalizer:0.3490658503988659
[predict()] making cropped data
[make_crop_data_batch()] Welcome make_crop_data_batch
[make_crop_data_batch()] make tf_to_crops done
[make_crop_data_batch()] render done
[make_crop_data_batch()] warp done
[make_crop_data_batch()] pose batch data done
[predict()] forward start
[predict()] forward done
[track_one()] pose done
[track_one()] Welcome
[track_one()] depth processing done
[predict()] ob_in_cams:(1, 4, 4)
[predict()] self.cfg.use_normal:False
[predict()] trans_normalizer:[0.019999999552965164, 0.019999999552965164, 0.05000000074505806], rot_normalizer:0.3490658503988659
[predict()] making cropped data
[make_crop_data_batch()] Welcome make_crop_data_batch
[make_crop_data_batch()] make tf_to_crops done
[make_crop_data_batch()] render done
[make_crop_data_batch()] warp done
[make_crop_data_batch()] pose batch data done
[predict()] forward start
[predict()] forward done
[track_one()] pose done
[track_one()] Welcome
[track_one()] depth processing done
[predict()] ob_in_cams:(1, 4, 4)
[predict()] self.cfg.use_normal:False
[predict()] trans_normalizer:[0.019999999552965164, 0.019999999552965164, 0.05000000074505806], rot_normalizer:0.3490658503988659
[predict()] making cropped data
[make_crop_data_batch()] Welcome make_crop_data_batch
[make_crop_data_batch()] make tf_to_crops done
[make_crop_data_batch()] render done
[make_crop_data_batch()] warp done
[make_crop_data_batch()] pose batch data done
[predict()] forward start
[predict()] forward done
[track_one()] pose done
[track_one()] Welcome
[track_one()] depth processing done
[predict()] ob_in_cams:(1, 4, 4)
[predict()] self.cfg.use_normal:False
[predict()] trans_normalizer:[0.019999999552965164, 0.019999999552965164, 0.05000000074505806], rot_normalizer:0.3490658503988659
[predict()] making cropped data
[make_crop_data_batch()] Welcome make_crop_data_batch
[make_crop_data_batch()] make tf_to_crops done
[make_crop_data_batch()] render done
[make_crop_data_batch()] warp done
[make_crop_data_batch()] pose batch data done
[predict()] forward start
[predict()] forward done
[track_one()] pose done
[track_one()] Welcome
[track_one()] depth processing done
[predict()] ob_in_cams:(1, 4, 4)
[predict()] self.cfg.use_normal:False
[predict()] trans_normalizer:[0.019999999552965164, 0.019999999552965164, 0.05000000074505806], rot_normalizer:0.3490658503988659
[predict()] making cropped data
[make_crop_data_batch()] Welcome make_crop_data_batch
[make_crop_data_batch()] make tf_to_crops done
[make_crop_data_batch()] render done
[make_crop_data_batch()] warp done
[make_crop_data_batch()] pose batch data done
[predict()] forward start
[predict()] forward done
[track_one()] pose done
[track_one()] Welcome
[track_one()] depth processing done
[predict()] ob_in_cams:(1, 4, 4)
[predict()] self.cfg.use_normal:False
[predict()] trans_normalizer:[0.019999999552965164, 0.019999999552965164, 0.05000000074505806], rot_normalizer:0.3490658503988659
[predict()] making cropped data
[make_crop_data_batch()] Welcome make_crop_data_batch
[make_crop_data_batch()] make tf_to_crops done
[make_crop_data_batch()] render done
[make_crop_data_batch()] warp done
[make_crop_data_batch()] pose batch data done
[predict()] forward start
[predict()] forward done
[track_one()] pose done
[track_one()] Welcome
[track_one()] depth processing done
[predict()] ob_in_cams:(1, 4, 4)
[predict()] self.cfg.use_normal:False
[predict()] trans_normalizer:[0.019999999552965164, 0.019999999552965164, 0.05000000074505806], rot_normalizer:0.3490658503988659
[predict()] making cropped data
[make_crop_data_batch()] Welcome make_crop_data_batch
[make_crop_data_batch()] make tf_to_crops done
[make_crop_data_batch()] render done
[make_crop_data_batch()] warp done
[make_crop_data_batch()] pose batch data done
[predict()] forward start
[predict()] forward done
[track_one()] pose done
[track_one()] Welcome
[track_one()] depth processing done
[predict()] ob_in_cams:(1, 4, 4)
[predict()] self.cfg.use_normal:False
[predict()] trans_normalizer:[0.019999999552965164, 0.019999999552965164, 0.05000000074505806], rot_normalizer:0.3490658503988659
[predict()] making cropped data
[make_crop_data_batch()] Welcome make_crop_data_batch
[make_crop_data_batch()] make tf_to_crops done
[make_crop_data_batch()] render done
[make_crop_data_batch()] warp done
[make_crop_data_batch()] pose batch data done
[predict()] forward start
[predict()] forward done
[track_one()] pose done
[track_one()] Welcome
[track_one()] depth processing done
[predict()] ob_in_cams:(1, 4, 4)
[predict()] self.cfg.use_normal:False
[predict()] trans_normalizer:[0.019999999552965164, 0.019999999552965164, 0.05000000074505806], rot_normalizer:0.3490658503988659
[predict()] making cropped data
[make_crop_data_batch()] Welcome make_crop_data_batch
[make_crop_data_batch()] make tf_to_crops done
[make_crop_data_batch()] render done
[make_crop_data_batch()] warp done
[make_crop_data_batch()] pose batch data done
[predict()] forward start
[predict()] forward done
[track_one()] pose done
num original candidates = 252
num of pose after clustering: 252
num original candidates = 252
num of pose after clustering: 252

===== fuse screw_unscrew_bottle_cap__67 gpu=5 2026-08-28 02:20:35 =====
WARNING: You are using a MANO model, with only 10 shape coefficients.
WARNING: You are using a MANO model, with only 10 shape coefficients.
[fuse] 手部平移按 R@(t+J0)-J0 变换 (|J0|= [86.4, 105.1] mm)

===== confidence screw_unscrew_bottle_cap__67 gpu=5 2026-08-28 02:20:42 =====
[confidence] 2 个物体: ['object_0', 'object_1']
[confidence] audit(pre): /home/yanghong/miniconda3/envs/hawor/bin/python /home/yanghong/Reconstruct_and_Retarget/confidence/pose_audit.py --scene /home/yanghong/Reconstruct_and_Retarget/Output/ReconstructOutput/egodex_part4/screw_unscrew_bottle_cap/67 --out /home/yanghong/Reconstruct_and_Retarget/Data/VideoPrior/poseqa
[audit] 67[object_0]: s=0.925 可信度 中位 53.0 (位置 89.0/旋转  0.0)  → /home/yanghong/Reconstruct_and_Retarget/Data/VideoPrior/poseqa/pose_audit.json
[audit] 67[object_1]: s=1.425 可信度 中位 68.0 (位置 79.0/旋转 51.0)  → /home/yanghong/Reconstruct_and_Retarget/Data/VideoPrior/poseqa/pose_audit.json
[audit] 2 个物体, 用时 13s
[confidence] cotracker[object_0]: /home/yanghong/miniconda3/envs/hawor/bin/python /home/yanghong/Reconstruct_and_Retarget/confidence/cotracker_consistency.py --scene /home/yanghong/Reconstruct_and_Retarget/Output/ReconstructOutput/egodex_part4/screw_unscrew_bottle_cap/67 --video /home/yanghong/Reconstruct_and_Retarget/Data/egodex_part4/screw_unscrew_bottle_cap/67.mp4 --out /home/yanghong/Reconstruct_and_Retarget/Data/VideoPrior/poseqa/cc --audit /home/yanghong/Reconstruct_and_Retarget/Data/VideoPrior/poseqa/pose_audit.json --object object_0 --no-viz
Using cache found in /home/yanghong/.cache/torch/hub/facebookresearch_co-tracker_main
[cc] 参考帧 [0, 55, 114]  种子点 148
[cc] 打分 115/115 帧  err_norm 中位 0.0533 p90 0.1062  vis 中位 0.568
{
 "scene": "/home/yanghong/Reconstruct_and_Retarget/Output/ReconstructOutput/egodex_part4/screw_unscrew_bottle_cap/67",
 "seed_frames": [
  0,
  55,
  114
 ],
 "n_frames": 115,
 "n_scored": 115,
 "ct_err_norm_median": 0.0533,
 "ct_err_norm_p90": 0.1062,
 "ct_t_err_median": 0.0954,
 "ct_r_err_median": 0.0546,
 "vis_frac_median": 0.568,
 "inside_frac_median": 1.0
}
[confidence] cotracker[object_1]: /home/yanghong/miniconda3/envs/hawor/bin/python /home/yanghong/Reconstruct_and_Retarget/confidence/cotracker_consistency.py --scene /home/yanghong/Reconstruct_and_Retarget/Output/ReconstructOutput/egodex_part4/screw_unscrew_bottle_cap/67 --video /home/yanghong/Reconstruct_and_Retarget/Data/egodex_part4/screw_unscrew_bottle_cap/67.mp4 --out /home/yanghong/Reconstruct_and_Retarget/Data/VideoPrior/poseqa/cc --audit /home/yanghong/Reconstruct_and_Retarget/Data/VideoPrior/poseqa/pose_audit.json --object object_1 --no-viz
Using cache found in /home/yanghong/.cache/torch/hub/facebookresearch_co-tracker_main
[cc] 参考帧 [0, 56, 114]  种子点 89
[cc] 打分 99/115 帧  err_norm 中位 0.083 p90 0.1664  vis 中位 0.438
{
 "scene": "/home/yanghong/Reconstruct_and_Retarget/Output/ReconstructOutput/egodex_part4/screw_unscrew_bottle_cap/67",
 "seed_frames": [
  0,
  56,
  114
 ],
 "n_frames": 115,
 "n_scored": 99,
 "ct_err_norm_median": 0.083,
 "ct_err_norm_p90": 0.1664,
 "ct_t_err_median": 0.0653,
 "ct_r_err_median": 0.0446,
 "vis_frac_median": 0.438,
 "inside_frac_median": 0.958
}
[confidence] audit(final): /home/yanghong/miniconda3/envs/hawor/bin/python /home/yanghong/Reconstruct_and_Retarget/confidence/pose_audit.py --scene /home/yanghong/Reconstruct_and_Retarget/Output/ReconstructOutput/egodex_part4/screw_unscrew_bottle_cap/67 --out /home/yanghong/Reconstruct_and_Retarget/Data/VideoPrior/poseqa --ct-dir /home/yanghong/Reconstruct_and_Retarget/Data/VideoPrior/poseqa/cc
[audit] 67[object_0]: s=0.925 可信度 中位 79.0 (位置 88.0/旋转 66.0)  → /home/yanghong/Reconstruct_and_Retarget/Data/VideoPrior/poseqa/pose_audit.json
[audit] 67[object_1]: s=1.425 可信度 中位 70.0 (位置 76.0/旋转 57.0)  → /home/yanghong/Reconstruct_and_Retarget/Data/VideoPrior/poseqa/pose_audit.json
[audit] 2 个物体, 用时 16s
[confidence] hand_conf: /home/yanghong/miniconda3/envs/hawor/bin/python /home/yanghong/Reconstruct_and_Retarget/confidence/hand_confidence.py /home/yanghong/Reconstruct_and_Retarget/Output/ReconstructOutput/egodex_part4/screw_unscrew_bottle_cap/67
[hand_conf] 67 left  帧  137 | pos 99.9 rot 85.6 | 指 [0.1, 23.8, 92.0, 96.6, 99.9] | 预期误差 20.0mm
[hand_conf] 67 right 帧  137 | pos 90.5 rot 90.5 | 指 [0.0, 96.6, 98.6, 100.0, 100.0] | 预期误差 14.0mm
[hand_conf] 判据 hand_conf_v1_arctic55_20260825 | mask 缺帧 0
[confidence] rts[object_0]: /home/yanghong/miniconda3/envs/hawor/bin/python /home/yanghong/Reconstruct_and_Retarget/confidence/rts_smoother.py --scene /home/yanghong/Reconstruct_and_Retarget/Output/ReconstructOutput/egodex_part4/screw_unscrew_bottle_cap/67 --audit /home/yanghong/Reconstruct_and_Retarget/Data/VideoPrior/poseqa/pose_audit.json --out /home/yanghong/Reconstruct_and_Retarget/Data/VideoPrior/poseqa/rts --object object_0
{
 "scene": "/home/yanghong/Reconstruct_and_Retarget/Output/ReconstructOutput/egodex_part4/screw_unscrew_bottle_cap/67",
 "n": 137,
 "A_static_step": {
  "raw_mm": 0.26793971263813465,
  "smooth_mm": 0.1503997107323839,
  "raw_deg": 0.1934763573679635,
  "smooth_deg": 0.382374222688676,
  "n_free": 15
 },
 "B_image": {
  "high_conf": {
   "n": 54,
   "explained_raw": 0.9431316240144887,
   "explained_smooth": 0.916133342812996,
   "dcent_raw": 0.10340848954644133,
   "dcent_smooth": 0.11144814945501619
  },
  "low_conf": {
   "n": 15,
   "explained_raw": 0.9072742955721679,
   "explained_smooth": 0.8297706350444687,
   "dcent_raw": 0.18052395545761163,
   "dcent_smooth": 0.16516597956399695
  }
 },
 "C_innov_spikes_pos": [],
 "n_rot_refuted": 0,
 "sigma_pos_mm": {
  "min": 2.4,
  "median": 2.9,
  "max": 9.1
 },
 "sigma_rot_deg": {
  "min": 0.6,
  "median": 0.9,
  "max": 3.6
 }
}
[confidence] rts[object_1]: /home/yanghong/miniconda3/envs/hawor/bin/python /home/yanghong/Reconstruct_and_Retarget/confidence/rts_smoother.py --scene /home/yanghong/Reconstruct_and_Retarget/Output/ReconstructOutput/egodex_part4/screw_unscrew_bottle_cap/67 --audit /home/yanghong/Reconstruct_and_Retarget/Data/VideoPrior/poseqa/pose_audit.json --out /home/yanghong/Reconstruct_and_Retarget/Data/VideoPrior/poseqa/rts --object object_1
{
 "scene": "/home/yanghong/Reconstruct_and_Retarget/Output/ReconstructOutput/egodex_part4/screw_unscrew_bottle_cap/67",
 "n": 137,
 "A_static_step": {
  "raw_mm": 2.6955722726029587,
  "smooth_mm": 2.3043941903247207,
  "raw_deg": 1.9151430720461047,
  "smooth_deg": 1.2030593528690496,
  "n_free": 15
 },
 "B_image": {
  "high_conf": {
   "n": 54,
   "explained_raw": 0.2649829546226249,
   "explained_smooth": 0.2629672085874294,
   "dcent_raw": 1.4504850257407642,
   "dcent_smooth": 1.4191270470458581
  },
  "low_conf": {
   "n": 15,
   "explained_raw": 0.281491514620349,
   "explained_smooth": 0.2649859506712457,
   "dcent_raw": 1.3882128571397419,
   "dcent_smooth": 1.3784519114750395
  }
 },
 "C_innov_spikes_pos": [],
 "n_rot_refuted": 2,
 "sigma_pos_mm": {
  "min": 2.4,
  "median": 4.2,
  "max": 9.4
 },
 "sigma_rot_deg": {
  "min": 0.6,
  "median": 0.9,
  "max": 1.3
 }
}
[confidence] manifest: /home/yanghong/miniconda3/envs/hawor/bin/python /home/yanghong/Reconstruct_and_Retarget/confidence/take_manifest.py --audit /home/yanghong/Reconstruct_and_Retarget/Data/VideoPrior/poseqa/pose_audit.json --out /home/yanghong/Reconstruct_and_Retarget/Data/VideoPrior/poseqa/TAKE_MANIFEST.json
[manifest] 238 takes: active 218 (旋转可用 134), excluded 10, deselected 0, superseded 10
   arctic15/s01/microwave_grab_01                     pos  99.0(good ) rot  41.0(可用) 自由轴[]  
   egodex_auto/pour/11                                pos  98.0(good ) rot  58.0(可用) 自由轴[1]  
   egodex_auto/pour/14                                pos  98.0(good ) rot  91.0(可用) 自由轴[1]  
   egodex_auto/pour/37                                pos  98.0(good ) rot  56.0(弃用) 自由轴[]  
   arctic15/s01/box_grab_01                           pos  97.0(good ) rot  63.0(可用) 自由轴[]  
   egodex_auto/pour/28                                pos  97.0(good ) rot  58.0(可用) 自由轴[1]  
   egodex_auto/pour/5                                 pos  97.0(good ) rot  84.0(可用) 自由轴[1]  
   arctic15/s06/espressomachine_grab_01               pos  96.0(good ) rot  88.0(可用) 自由轴[]  
   arctic15/s06/microwave_grab_01                     pos  96.0(good ) rot  44.0(可用) 自由轴[]  
   egodex_auto/pour/25                                pos  96.0(good ) rot  57.0(可用) 自由轴[1]  
   egodex_auto/pour/32                                pos  96.0(good ) rot  60.5(可用) 自由轴[1]  
   egodex_auto/screw_unscrew_bottle_cap/27            pos  95.5(good ) rot  58.5(可用) 自由轴[]  
   arctic15/s01/laptop_grab_01                        pos  95.0(good ) rot  91.0(可用) 自由轴[]  
   arctic15/s02/microwave_grab_01                     pos  95.0(good ) rot  57.0(可用) 自由轴[]  
   egodex_auto/pour/13                                pos  95.0(good ) rot  62.5(可用) 自由轴[1]  
   arctic15/s02/box_grab_01                           pos  94.0(good ) rot  62.0(可用) 自由轴[]  
   arctic15/s02/waffleiron_grab_01                    pos  94.0(good ) rot   0.0(弃用) 自由轴[1]  
   arctic15/s05/box_grab_01                           pos  94.0(good ) rot  62.5(可用) 自由轴[]  
   egodex_auto/pour/12                                pos  94.0(good ) rot   0.0(弃用) 自由轴[1]  
   egodex_auto/pour/9                                 pos  94.0(good ) rot  32.0(可用) 自由轴[1]  
   arctic15/s07/box_grab_01                           pos  93.0(good ) rot  61.0(可用) 自由轴[]  
   arctic15/s06/notebook_grab_01                      pos  92.0(good ) rot  73.0(可用) 自由轴[]  
   egodex_auto/pour/25                                pos  92.0(good ) rot  70.0(可用) 自由轴[1]  
   egodex_auto/screw_unscrew_bottle_cap/1             pos  92.0(good ) rot  48.5(可用) 自由轴[]  
   egodex_auto/pour/44                                pos  90.5(good ) rot  21.5(弃用) 自由轴[]  
   arctic15/s02/espressomachine_grab_01               pos  90.0(good ) rot  34.0(可用) 自由轴[]  
   arctic15/s04/box_grab_01                           pos  90.0(good ) rot  61.0(可用) 自由轴[]  
   arctic15/s04/microwave_grab_01                     pos  90.0(good ) rot  35.0(可用) 自由轴[]  
   egodex_auto/pour/9                                 pos  90.0(good ) rot  46.0(可用) 自由轴[1]  
   egodex_auto/screw_unscrew_bottle_cap/7             pos  90.0(good ) rot  29.0(弃用) 自由轴[1]  
   egodex_part4/screw_unscrew_bottle_cap/50           pos  90.0(good ) rot  58.5(可用) 自由轴[2]  
   arctic15/s01/waffleiron_grab_01                    pos  89.0(good ) rot  41.0(弃用) 自由轴[]  
   egodex_auto/pour/24                                pos  89.0(good ) rot  48.5(可用) 自由轴[1]  
   egodex_auto/pour/28                                pos  89.0(good ) rot  59.5(可用) 自由轴[1]  
   egodex_auto/screw_unscrew_bottle_cap/6             pos  89.0(good ) rot  14.0(弃用) 自由轴[]  
   arctic15/s02/laptop_grab_01                        pos  88.0(good ) rot  85.0(可用) 自由轴[]  
   arctic15/s04/notebook_grab_01                      pos  88.0(good ) rot  74.0(可用) 自由轴[]  
   arctic15/s05/waffleiron_grab_01                    pos  88.0(good ) rot   0.0(弃用) 自由轴[1]  
   egodex_part4/screw_unscrew_bottle_cap/32           pos  88.0(good ) rot  63.0(可用) 自由轴[2]  
   egodex_part4/screw_unscrew_bottle_cap/67           pos  88.0(good ) rot  66.0(可用) 自由轴[2]  
   egodex_auto/pour/27                                pos  87.0(good ) rot  60.0(可用) 自由轴[1]  
   egodex_auto/sweep_dustpan/0                        pos  87.0(good ) rot  87.0(可用) 自由轴[]  
   egodex_auto/sweep_dustpan/2                        pos  87.0(good ) rot  87.0(可用) 自由轴[]  
   egodex_part4/screw_unscrew_bottle_cap/38           pos  87.0(good ) rot  61.5(可用) 自由轴[2]  
   arctic15/s07/waffleiron_grab_01                    pos  86.0(good ) rot   1.0(弃用) 自由轴[]  
   egodex_auto/pour/11                                pos  86.0(good ) rot  44.0(可用) 自由轴[1]  
   egodex_auto/insert_remove_usb/0                    pos  85.0(good ) rot  62.5(弃用) 自由轴[]  
   egodex_auto/pour/24                                pos  85.0(good ) rot  65.0(可用) 自由轴[1]  
   egodex_auto/screw_unscrew_bottle_cap/12            pos  85.0(good ) rot   0.0(弃用) 自由轴[1]  
   egodex_part4/screw_unscrew_bottle_cap/32           pos  85.0(good ) rot  66.0(可用) 自由轴[]  
   egodex_part4/screw_unscrew_bottle_cap/89           pos  85.0(good ) rot  80.5(可用) 自由轴[2]  
   egodex_auto/pour/17                                pos  84.0(good ) rot  54.0(可用) 自由轴[1]  
   egodex_auto/pour/2                                 pos  84.0(good ) rot  84.0(可用) 自由轴[1]  
   egodex_auto/screw_unscrew_bottle_cap/1             pos  84.0(good ) rot  70.5(可用) 自由轴[2]  
   egodex_auto/screw_unscrew_bottle_cap/26            pos  84.0(good ) rot  60.0(可用) 自由轴[]  
   egodex_auto/screw_unscrew_bottle_cap/6             pos  84.0(good ) rot  56.0(可用) 自由轴[1]  
   arctic15/s07/espressomachine_grab_01               pos  83.0(good ) rot  54.0(可用) 自由轴[]  
   egodex_auto/pour/3                                 pos  83.0(good ) rot  44.0(可用) 自由轴[1]  
   egodex_auto/pour/39                                pos  83.0(good ) rot   0.0(弃用) 自由轴[1]  
   egodex_auto/screw_unscrew_bottle_cap/23            pos  83.0(good ) rot  70.0(可用) 自由轴[]  
   egodex_part4/screw_unscrew_bottle_cap/37           pos  83.0(good ) rot  57.0(可用) 自由轴[2]  
   egodex_part4/screw_unscrew_bottle_cap/53           pos  83.0(good ) rot  82.0(可用) 自由轴[2]  
   egodex_part4/screw_unscrew_bottle_cap/60           pos  83.0(good ) rot  43.0(可用) 自由轴[]  
   egodex_part4/screw_unscrew_bottle_cap/89           pos  83.0(good ) rot  52.0(可用) 自由轴[]  
   arctic15/s06/capsulemachine_grab_01                pos  82.0(good ) rot  37.0(弃用) 自由轴[]  
   egodex_auto/pour/17                                pos  82.0(good ) rot  70.5(可用) 自由轴[1]  
   egodex_auto/pour/5                                 pos  82.0(good ) rot  53.0(可用) 自由轴[1]  
   egodex_auto/screw_unscrew_bottle_cap/18            pos  82.0(good ) rot  48.5(可用) 自由轴[]  
   egodex_auto/screw_unscrew_bottle_cap/2             pos  82.0(good ) rot  42.0(可用) 自由轴[]  
   arctic15/s02/mixer_grab_01                         pos  81.0(good ) rot  44.0(可用) 自由轴[]  
   arctic15/s06/waffleiron_grab_01_retake             pos  81.0(good ) rot  38.0(可用) 自由轴[]  
   egodex_auto/pour/31                                pos  81.0(good ) rot  81.0(可用) 自由轴[1]  
   egodex_auto/screw_unscrew_bottle_cap/8             pos  81.0(good ) rot  30.0(弃用) 自由轴[]  
   arctic15/s06/mixer_grab_01                         pos  80.0(good ) rot  59.0(弃用) 自由轴[]  
   egodex_auto/pour/31                                pos  80.0(good ) rot  75.0(可用) 自由轴[1]  
   egodex_part4/screw_unscrew_bottle_cap/60           pos  79.5(good ) rot  61.5(可用) 自由轴[2]  
   arctic15/s04/espressomachine_grab_01               pos  79.0(good ) rot  57.0(弃用) 自由轴[]  
   arctic15/s05/espressomachine_grab_01               pos  79.0(good ) rot  55.0(可用) 自由轴[]  
   arctic15/s07/laptop_grab_01                        pos  79.0(good ) rot  79.0(可用) 自由轴[]  
   arctic15/s02/capsulemachine_grab_01                pos  78.0(good ) rot  51.0(可用) 自由轴[]  
   arctic15/s07/microwave_grab_01                     pos  78.0(good ) rot  30.5(可用) 自由轴[]  
   egodex_auto/pour/40                                pos  78.0(good ) rot  20.0(弃用) 自由轴[1]  
   egodex_auto/screw_unscrew_bottle_cap/13            pos  78.0(good ) rot  31.0(可用) 自由轴[1]  
   egodex_auto/screw_unscrew_bottle_cap/15            pos  78.0(good ) rot  20.0(弃用) 自由轴[1]  
   egodex_auto/screw_unscrew_bottle_cap/5             pos  78.0(good ) rot  21.0(弃用) 自由轴[]  
   egodex_part4/screw_unscrew_bottle_cap/48           pos  77.5(good ) rot  16.5(弃用) 自由轴[]  
   arctic15/s05/laptop_grab_01                        pos  77.0(good ) rot  71.0(可用) 自由轴[]  
   egodex_auto/pour/2                                 pos  77.0(good ) rot  33.5(可用) 自由轴[1]  
   egodex_auto/pour/23                                pos  77.0(good ) rot  76.0(可用) 自由轴[1]  
   egodex_auto/pour/42                                pos  77.0(good ) rot  72.5(可用) 自由轴[1]  
   egodex_auto/pour/43                                pos  77.0(good ) rot  72.0(可用) 自由轴[1]  
   egodex_auto/screw_unscrew_bottle_cap/19            pos  77.0(good ) rot   4.0(弃用) 自由轴[]  
   egodex_auto/pour/13                                pos  76.5(good ) rot  36.5(可用) 自由轴[1]  
   arctic15/s02/scissors_grab_01                      pos  76.0(good ) rot  76.0(可用) 自由轴[]  
   egodex_auto/pour/40                                pos  76.0(good ) rot  33.5(可用) 自由轴[1]  
   egodex_auto/screw_unscrew_bottle_cap/9             pos  76.0(good ) rot  10.0(弃用) 自由轴[]  
   egodex_part4/screw_unscrew_bottle_cap/48           pos  76.0(good ) rot  62.0(可用) 自由轴[2]  
   egodex_part4/screw_unscrew_bottle_cap/51           pos  76.0(good ) rot  61.5(可用) 自由轴[2]  
   egodex_part4/screw_unscrew_bottle_cap/67           pos  76.0(good ) rot  57.0(可用) 自由轴[]  
   egodex_auto/screw_unscrew_bottle_cap/2             pos  75.0(good ) rot  36.0(可用) 自由轴[1]  
   egodex_part4/screw_unscrew_bottle_cap/53           pos  75.0(good ) rot  39.5(可用) 自由轴[]  
   egodex_auto/pour/44                                pos  74.5(good ) rot  52.5(可用) 自由轴[1]  
   egodex_auto/pour/27                                pos  74.0(good ) rot  46.0(可用) 自由轴[1]  
   egodex_auto/pour/39                                pos  74.0(good ) rot   0.0(弃用) 自由轴[1]  
   egodex_auto/screw_unscrew_bottle_cap/25            pos  74.0(good ) rot  27.5(弃用) 自由轴[1]  
   egodex_auto/screw_unscrew_bottle_cap/26            pos  74.0(good ) rot   0.0(弃用) 自由轴[1]  
   arctic15/s01/mixer_grab_01                         pos  73.5(good ) rot  33.5(弃用) 自由轴[]  
   arctic15/s04/laptop_grab_01                        pos  73.5(good ) rot  45.0(弃用) 自由轴[]  
   egodex_auto/pour/34                                pos  73.5(good ) rot  73.5(可用) 自由轴[1]  
   arctic15/s02/ketchup_grab_01                       pos  73.0(good ) rot   1.0(弃用) 自由轴[]  
   egodex_auto/pour/51                                pos  73.0(good ) rot  61.5(可用) 自由轴[1]  
   egodex_auto/screw_unscrew_bottle_cap/17            pos  73.0(good ) rot  58.0(可用) 自由轴[]  
   egodex_auto/sweep_dustpan/2                        pos  73.0(good ) rot  73.0(可用) 自由轴[]  
   egodex_part4/screw_unscrew_bottle_cap/71           pos  72.0(good ) rot  71.5(可用) 自由轴[2]  
   arctic15/s05/mixer_grab_01                         pos  71.0(good ) rot  44.5(可用) 自由轴[]  
   arctic15/s07/mixer_grab_01_retake                  pos  71.0(good ) rot  38.0(弃用) 自由轴[]  
   egodex_auto/screw_unscrew_bottle_cap/15            pos  71.0(good ) rot  41.0(可用) 自由轴[]  
   arctic15/s02/phone_grab_01                         pos  70.0(good ) rot  48.0(可用) 自由轴[]  
   egodex_part4/screw_unscrew_bottle_cap/36           pos  70.0(good ) rot  45.0(可用) 自由轴[]  
   arctic15/s01/scissors_grab_01                      pos  69.0(mixed) rot  69.0(可用) 自由轴[]  
   egodex_auto/pour/0                                 pos  69.0(mixed) rot  15.0(弃用) 自由轴[1]  
   egodex_auto/pour/1                                 pos  68.0(mixed) rot  55.0(可用) 自由轴[1]  
   egodex_part4/screw_unscrew_bottle_cap/36           pos  68.0(mixed) rot  53.0(可用) 自由轴[2]  
   egodex_part4/screw_unscrew_bottle_cap/83           pos  68.0(mixed) rot  68.0(可用) 自由轴[2]  
   egodex_auto/pour/48                                pos  67.0(mixed) rot  39.0(弃用) 自由轴[1]  
   egodex_auto/pour/6                                 pos  67.0(mixed) rot  57.0(可用) 自由轴[1]  
   egodex_auto/pour/30                                pos  66.5(mixed) rot  15.5(弃用) 自由轴[1]  
   arctic15/s04/capsulemachine_grab_01                pos  66.0(mixed) rot  29.0(弃用) 自由轴[]  
   egodex_auto/pour/42                                pos  66.0(mixed) rot  54.0(可用) 自由轴[1]  
   arctic15/s01/espressomachine_grab_01               pos  65.0(mixed) rot  30.0(弃用) 自由轴[]  
   arctic15/s01/phone_grab_01                         pos  65.0(mixed) rot  42.0(弃用) 自由轴[]  
   egodex_auto/pour/12                                pos  65.0(mixed) rot  42.0(可用) 自由轴[1]  
   egodex_auto/screw_unscrew_bottle_cap/0             pos  65.0(mixed) rot  43.0(弃用) 自由轴[]  
   egodex_auto/screw_unscrew_bottle_cap/18            pos  65.0(mixed) rot  56.5(可用) 自由轴[2]  
   egodex_auto/screw_unscrew_bottle_cap/23            pos  65.0(mixed) rot  65.0(可用) 自由轴[1]  
   egodex_auto/screw_unscrew_bottle_cap/27            pos  64.5(mixed) rot  13.0(弃用) 自由轴[2]  
   arctic15/s01/capsulemachine_grab_01                pos  64.0(mixed) rot  36.0(可用) 自由轴[]  
   egodex_auto/pour/36                                pos  64.0(mixed) rot  49.5(可用) 自由轴[1]  
   arctic15/s04/phone_grab_01                         pos  63.0(mixed) rot  58.0(可用) 自由轴[]  
   egodex_auto/pour/33                                pos  63.0(mixed) rot  63.0(可用) 自由轴[1]  
   arctic15/s06/phone_grab_01                         pos  62.5(mixed) rot  62.5(可用) 自由轴[]  
   egodex_auto/pour/45                                pos  62.0(mixed) rot  62.0(可用) 自由轴[1]  
   arctic15/s01/ketchup_grab_01                       pos  61.0(mixed) rot  20.0(弃用) 自由轴[]  
   arctic15/s06/ketchup_grab_01_retake2               pos  61.0(mixed) rot  44.0(弃用) 自由轴[]  
   arctic15/s05/microwave_grab_01                     pos  59.0(mixed) rot  31.0(可用) 自由轴[]  
   egodex_auto/pour/8                                 pos  59.0(mixed) rot  11.0(弃用) 自由轴[1]  
   egodex_auto/screw_unscrew_bottle_cap/20            pos  59.0(mixed) rot  35.0(可用) 自由轴[1]  
   egodex_part4/screw_unscrew_bottle_cap/38           pos  59.0(mixed) rot  28.5(弃用) 自由轴[]  
   egodex_auto/pour/0                                 pos  58.0(mixed) rot   4.5(弃用) 自由轴[1]  
   egodex_auto/pour/16                                pos  58.0(mixed) rot  41.0(可用) 自由轴[1]  
   egodex_auto/screw_unscrew_bottle_cap/20            pos  58.0(mixed) rot  52.0(可用) 自由轴[]  
   egodex_part4/screw_unscrew_bottle_cap/71           pos  57.5(mixed) rot  48.5(可用) 自由轴[]  
   egodex_auto/screw_unscrew_bottle_cap/13            pos  57.0(mixed) rot  16.0(弃用) 自由轴[]  
   egodex_auto/pour/50                                pos  56.5(mixed) rot  21.0(弃用) 自由轴[1]  
   arctic15/s07/ketchup_grab_01                       pos  55.0(mixed) rot  28.0(弃用) 自由轴[]  
   arctic15/s07/phone_grab_01                         pos  55.0(mixed) rot  37.0(可用) 自由轴[]  
   arctic15/s10/phone_grab_01                         pos  55.0(mixed) rot  39.0(可用) 自由轴[]  
   egodex_auto/pour/7                                 pos  55.0(mixed) rot  37.0(可用) 自由轴[1]  
   egodex_auto/screw_unscrew_bottle_cap/19            pos  55.0(mixed) rot  30.0(可用) 自由轴[1]  
   egodex_auto/screw_unscrew_bottle_cap/5             pos  54.5(mixed) rot  22.5(弃用) 自由轴[1]  
   egodex_auto/screw_unscrew_bottle_cap/17            pos  54.0(mixed) rot  54.0(可用) 自由轴[1]  
   egodex_auto/screw_unscrew_bottle_cap/28            pos  53.0(mixed) rot  10.0(弃用) 自由轴[]  
   egodex_part4/screw_unscrew_bottle_cap/83           pos  53.0(mixed) rot  24.0(弃用) 自由轴[]  
   egodex_auto/screw_unscrew_bottle_cap/28            pos  52.5(mixed) rot  43.0(可用) 自由轴[1]  
   arctic15/s04/mixer_grab_01                         pos  52.0(mixed) rot  37.0(弃用) 自由轴[]  
   egodex_auto/screw_unscrew_bottle_cap/25            pos  52.0(mixed) rot  34.0(弃用) 自由轴[]  
   egodex_auto/screw_unscrew_bottle_cap/9             pos  52.0(mixed) rot  46.0(可用) 自由轴[1]  
   egodex_auto/screw_unscrew_bottle_cap/0             pos  51.0(mixed) rot  35.0(可用) 自由轴[1]  
   egodex_auto/pour/14                                pos  50.0(mixed) rot   0.0(弃用) 自由轴[1]  
   egodex_auto/pour/15                                pos  50.0(mixed) rot  41.0(可用) 自由轴[1]  
   egodex_auto/pour/16                                pos  50.0(mixed) rot  23.0(弃用) 自由轴[1]  
   egodex_auto/screw_unscrew_bottle_cap/24            pos  50.0(mixed) rot  33.5(可用) 自由轴[1]  
   egodex_part4/screw_unscrew_bottle_cap/37           pos  50.0(mixed) rot  25.0(弃用) 自由轴[]  
   egodex_auto/screw_unscrew_bottle_cap/4             pos  49.0(mixed) rot  38.5(可用) 自由轴[1]  
   egodex_part4/screw_unscrew_bottle_cap/50           pos  49.0(mixed) rot  36.0(可用) 自由轴[]  
   egodex_part4/screw_unscrew_bottle_cap/51           pos  49.0(mixed) rot  34.5(可用) 自由轴[]  
   egodex_auto/pour/38                                pos  47.5(mixed) rot  43.5(可用) 自由轴[1]  
   egodex_auto/pour/10                                pos  47.0(mixed) rot  41.0(可用) 自由轴[1]  
   egodex_auto/pour/21                                pos  47.0(mixed) rot  38.0(可用) 自由轴[1]  
   egodex_auto/pour/50                                pos  47.0(mixed) rot  16.0(弃用) 自由轴[1]  
   egodex_auto/pour/8                                 pos  47.0(mixed) rot   0.5(弃用) 自由轴[1]  
   egodex_auto/pour/19                                pos  46.0(mixed) rot  23.0(弃用) 自由轴[1]  
   egodex_auto/pour/47                                pos  46.0(mixed) rot  46.0(可用) 自由轴[1]  
   egodex_auto/pour/51                                pos  46.0(mixed) rot   8.0(弃用) 自由轴[1]  
   egodex_auto/pour/3                                 pos  45.0(mixed) rot  12.0(弃用) 自由轴[1]  
   arctic15/s06/scissors_grab_01                      pos  43.0(mixed) rot  43.0(可用) 自由轴[]  
   egodex_auto/pour/20                                pos  43.0(mixed) rot  40.0(可用) 自由轴[1]  
   egodex_auto/pour/35                                pos  43.0(mixed) rot  17.0(弃用) 自由轴[1]  
   quest3/bottle_v2_win14_44                          pos  42.0(mixed) rot   0.0(弃用) 自由轴[2]  
   arctic15/s04/ketchup_grab_01                       pos  41.0(mixed) rot  39.0(可用) 自由轴[]  
   egodex_auto/pour/37                                pos  41.0(mixed) rot  25.5(弃用) 自由轴[1]  
   egodex_auto/pour/52                                pos  40.0(mixed) rot  18.5(弃用) 自由轴[1]  
   arctic15/s04/scissors_grab_01                      pos  39.0(poor ) rot  34.0(可用) 自由轴[]  
   arctic15/s07/scissors_grab_01                      pos  39.0(poor ) rot  34.0(可用) 自由轴[]  
   egodex_auto/pour/1                                 pos  38.0(poor ) rot  10.0(弃用) 自由轴[1]  
   egodex_auto/screw_unscrew_bottle_cap/21            pos  37.0(poor ) rot  15.0(弃用) 自由轴[1]  
   egodex_auto/pour/19                                pos  35.0(poor ) rot  21.0(弃用) 自由轴[]  
   egodex_auto/pour/32                                pos  35.0(poor ) rot   0.0(弃用) 自由轴[1]  
   egodex_auto/sweep_dustpan/1                        pos  35.0(poor ) rot  35.0(可用) 自由轴[]  
   quest3/bottle_v2_win14_44                          pos  35.0(poor ) rot   0.0(弃用) 自由轴[1]  
   egodex_auto/pour/7                                 pos  34.0(poor ) rot  26.0(弃用) 自由轴[1]  
   egodex_auto/pour/33                                pos  33.0(poor ) rot  25.0(弃用) 自由轴[1]  
   egodex_auto/insert_remove_usb/0                    pos  31.5(poor ) rot  31.5(可用) 自由轴[]  
   egodex_auto/screw_unscrew_bottle_cap/8             pos  29.0(poor ) rot  13.0(弃用) 自由轴[1]  
   egodex_auto/pour/30                                pos  27.0(poor ) rot  17.5(弃用) 自由轴[1]  
   egodex_auto/pour/36                                pos  27.0(poor ) rot  19.5(弃用) 自由轴[1]  
   egodex_auto/pour/47                                pos  24.0(poor ) rot  11.0(弃用) 自由轴[1]  
   egodex_auto/pour/10                                pos  23.0(poor ) rot  19.0(弃用) 自由轴[1]  
   egodex_auto/pour/41                                pos  23.0(poor ) rot  13.0(弃用) 自由轴[1]  
   egodex_auto/pour/44                                pos  23.0(poor ) rot  17.0(弃用) 自由轴[1]  
   egodex_auto/pour/48                                pos  22.0(poor ) rot   9.0(弃用) 自由轴[1]  
   egodex_auto/pour/15                                pos  21.0(poor ) rot  10.0(弃用) 自由轴[]  
   egodex_auto/pour/29                                pos  21.0(poor ) rot  17.0(弃用) 自由轴[]  
   egodex_auto/pour/34                                pos  21.0(poor ) rot  11.0(弃用) 自由轴[]  
   egodex_auto/pour/21                                pos  19.0(poor ) rot  12.0(弃用) 自由轴[1]  
   egodex_auto/pour/29                                pos  19.0(poor ) rot   4.0(弃用) 自由轴[1]  
   egodex_auto/pour/52                                pos  18.0(poor ) rot  10.5(弃用) 自由轴[]  
   egodex_auto/sweep_dustpan/3                        pos   1.0(poor ) rot   0.0(弃用) 自由轴[]  
 ↑ egodex/test/pour/11                                pos  87.0(good ) rot  46.0(弃用) 自由轴[1]  旧输出根, 已被同名 take 取代: /home/yanghong/Reconstruct_and_Retarget/Output/ReconstructOutput/egodex_auto/pour/11
 ↑ egodex_part4/screw_unscrew_bottle_cap/17           pos  87.0(good ) rot  69.0(弃用) 自由轴[2]  旧输出根, 已被同名 take 取代: /home/yanghong/Reconstruct_and_Retarget/Output/ReconstructOutput/egodex_auto/screw_unscrew_bottle_cap/17
 ↑ egodex_part4/screw_unscrew_bottle_cap/8            pos  86.0(good ) rot  58.5(弃用) 自由轴[2]  旧输出根, 已被同名 take 取代: /home/yanghong/Reconstruct_and_Retarget/Output/ReconstructOutput/egodex_auto/screw_unscrew_bottle_cap/8
 ↑ arctic/s05/laptop_grab_01                          pos  84.0(good ) rot  77.0(弃用) 自由轴[]  旧输出根, 已被同名 take 取代: /home/yanghong/Reconstruct_and_Retarget/Output/ReconstructOutput/arctic15/s05/laptop_grab_01
 ↑ arctic/s07/ketchup_grab_01                         pos  83.0(good ) rot  48.0(弃用) 自由轴[]  旧输出根, 已被同名 take 取代: /home/yanghong/Reconstruct_and_Retarget/Output/ReconstructOutput/arctic15/s07/ketchup_grab_01
 ✗ egodex_auto/screw_unscrew_bottle_cap/10            pos  82.5(good ) rot  44.0(弃用) 自由轴[]  空透明物体 (FP 系统性失灵, 存量; v2:装深色液体的透明容器不过滤)
 ✗ egodex_auto/screw_unscrew_bottle_cap/11            pos  80.5(good ) rot  19.5(弃用) 自由轴[1]  空透明物体 (FP 系统性失灵, 存量; v2:装深色液体的透明容器不过滤)
 ↑ egodex_part4/screw_unscrew_bottle_cap/17           pos  79.0(good ) rot  37.0(弃用) 自由轴[]  旧输出根, 已被同名 take 取代: /home/yanghong/Reconstruct_and_Retarget/Output/ReconstructOutput/egodex_auto/screw_unscrew_bottle_cap/17
 ↑ egodex/test/pour/17                                pos  71.0(good ) rot   2.0(弃用) 自由轴[]  旧输出根, 已被同名 take 取代: /home/yanghong/Reconstruct_and_Retarget/Output/ReconstructOutput/egodex_auto/pour/17
 ✗ egodex_auto/screw_unscrew_bottle_cap/16            pos  71.0(good ) rot  46.0(弃用) 自由轴[]  空透明物体 (FP 系统性失灵, 存量; v2:装深色液体的透明容器不过滤)
 ✗ egodex_auto/pour/4                                 pos  69.0(mixed) rot  69.0(弃用) 自由轴[1]  空透明物体 (FP 系统性失灵, 存量; v2:装深色液体的透明容器不过滤)
 ↑ egodex_part4/screw_unscrew_bottle_cap/8            pos  66.0(mixed) rot  35.0(弃用) 自由轴[]  旧输出根, 已被同名 take 取代: /home/yanghong/Reconstruct_and_Retarget/Output/ReconstructOutput/egodex_auto/screw_unscrew_bottle_cap/8
 ✗ egodex_auto/pour/22                                pos  60.0(mixed) rot  60.0(弃用) 自由轴[1]  空透明物体 (FP 系统性失灵, 存量; v2:装深色液体的透明容器不过滤)
 ↑ egodex/screw_unscrew_bottle_cap/4                  pos  56.5(mixed) rot  52.5(弃用) 自由轴[1]  旧输出根, 已被同名 take 取代: /home/yanghong/Reconstruct_and_Retarget/Output/ReconstructOutput/egodex_auto/screw_unscrew_bottle_cap/4
 ✗ egodex_auto/pour/18                                pos  55.0(mixed) rot  50.0(弃用) 自由轴[1]  空透明物体 (FP 系统性失灵, 存量; v2:装深色液体的透明容器不过滤)
 ↑ egodex/test/pour/11                                pos  50.0(mixed) rot   7.0(弃用) 自由轴[1]  旧输出根, 已被同名 take 取代: /home/yanghong/Reconstruct_and_Retarget/Output/ReconstructOutput/egodex_auto/pour/11
 ✗ egodex_auto/screw_unscrew_bottle_cap/22            pos  27.0(poor ) rot  14.0(弃用) 自由轴[1]  空透明物体 (FP 系统性失灵, 存量; v2:装深色液体的透明容器不过滤)
 ✗ egodex_auto/screw_unscrew_bottle_cap/3             pos  25.5(poor ) rot  14.0(弃用) 自由轴[1]  空透明物体 (FP 系统性失灵, 存量; v2:装深色液体的透明容器不过滤)
 ✗ egodex_auto/screw_unscrew_bottle_cap/14            pos  20.5(poor ) rot  10.0(弃用) 自由轴[1]  空透明物体 (FP 系统性失灵, 存量; v2:装深色液体的透明容器不过滤)
 ✗ egodex_auto/pour/26                                pos  18.0(poor ) rot   0.0(弃用) 自由轴[1]  空透明物体 (FP 系统性失灵, 存量; v2:装深色液体的透明容器不过滤)
[manifest] 写入 /home/yanghong/Reconstruct_and_Retarget/Data/VideoPrior/poseqa/TAKE_MANIFEST.json
[confidence] object_valid_measured: [120, 65] 可信帧 (ovm_v1_20260826)
[confidence] poseqa 快照 -> take: 6 文件 + 2 条审计记录
[confidence] conf_viz: /home/yanghong/miniconda3/envs/hawor/bin/python /home/yanghong/Reconstruct_and_Retarget/confidence/conf_viz.py --audit /home/yanghong/Reconstruct_and_Retarget/Data/VideoPrior/poseqa/pose_audit.json --out /home/yanghong/Reconstruct_and_Retarget/Data/VideoPrior/poseqa/confviz --ct-dir /home/yanghong/Reconstruct_and_Retarget/Data/VideoPrior/poseqa/cc --take egodex_part4/screw_unscrew_bottle_cap/67
  X egodex_part4/screw_unscrew_bottle_cap/67 (object_0,object_1) -> video not found
[confidence] ✓ screw_unscrew_bottle_cap__67: active pos 88.0 rot 66.0 旋转可用 | hands L/R pos 99.9/90.5

===== fp_pose screw_unscrew_bottle_cap__67 gpu=5 2026-08-28 02:21:55 =====
[fp_pose] CUDA_VISIBLE_DEVICES=5 local_gpu=0
[fp_pose] frame_plan object_0: 配准帧 6 -> 16
[__init__()] self.cfg: 
 lr: 0.0001
c_in: 6
zfar: 'Infinity'
debug: null
n_view: 1
run_id: 3wy8qqex
use_BN: true
exp_name: 2024-01-11-20-02-45
n_epochs: 62
save_dir: /home/bowenw/debug/2024-01-11-20-02-45/
use_mask: false
loss_type: pairwise_valid
optimizer: adam
batch_size: 64
crop_ratio: 1.1
enable_amp: true
use_normal: false
max_num_key: null
warmup_step: -1
input_resize:
- 160
- 160
max_step_val: 1000
vis_interval: 1000
weight_decay: 0
normalize_xyz: true
resume_run_id: null
clip_grad_norm: 'Infinity'
lr_epoch_decay: 500
render_backend: nvdiffrast
train_num_pair: 5
lr_decay_epochs:
- 50
n_epochs_warmup: 1
make_pair_online: false
gradient_max_norm: 'Infinity'
max_step_per_epoch: 10000
n_rendering_workers: 1
save_epoch_interval: 100
n_dataloader_workers: 100
split_objects_across_gpus: true
ckpt_dir: /home/yanghong/Reconstruct_and_Retarget/third_party/FoundationPose/learning/training/../../weights/2024-01-11-20-02-45/model_best.pth

[__init__()] self.h5_file:None
[__init__()] Using pretrained model from /home/yanghong/Reconstruct_and_Retarget/third_party/FoundationPose/learning/training/../../weights/2024-01-11-20-02-45/model_best.pth
[__init__()] init done
[__init__()] welcome
[__init__()] self.cfg: 
 lr: 0.0001
c_in: 6
zfar: .inf
debug: null
w_rot: 0.1
n_view: 1
run_id: null
use_BN: true
rot_rep: axis_angle
ckpt_dir: /home/yanghong/Reconstruct_and_Retarget/third_party/FoundationPose/learning/training/../../weights/2023-10-28-18-33-37/model_best.pth
exp_name: 2023-10-28-18-33-37
save_dir: /tmp/2023-10-28-18-33-37/
loss_type: l2
optimizer: adam
trans_rep: tracknet
batch_size: 64
crop_ratio: 1.2
use_normal: false
BN_momentum: 0.1
max_num_key: null
warmup_step: -1
input_resize:
- 160
- 160
max_step_val: 1000
normal_uint8: false
vis_interval: 1000
weight_decay: 0
n_max_objects: null
normalize_xyz: true
clip_grad_norm: 'Infinity'
rot_normalizer: 0.3490658503988659
trans_normalizer:
- 0.019999999552965164
- 0.019999999552965164
- 0.05000000074505806
max_step_per_epoch: 25000
val_epoch_interval: 10
n_dataloader_workers: 60
enable_amp: true
use_mask: false

[__init__()] self.h5_file:
[__init__()] Using pretrained model from /home/yanghong/Reconstruct_and_Retarget/third_party/FoundationPose/learning/training/../../weights/2023-10-28-18-33-37/model_best.pth
[__init__()] init done
[reset_object()] self.diameter:0.20152238171646766, vox_size:0.010076119085823383
[reset_object()] self.pts:torch.Size([135, 3])
[reset_object()] reset done
[make_rotation_grid()] cam_in_obs:(42, 4, 4)
[make_rotation_grid()] rot_grid:(252, 4, 4)
[make_rotation_grid()] after cluster, rot_grid:(252, 4, 4)
[make_rotation_grid()] self.rot_grid: torch.Size([252, 4, 4])
[register()] Welcome
[register()] poses:(252, 4, 4)
[register()] after viewpoint, add_errs min:-1.0
/home/yanghong/miniconda3/envs/biv2ap/lib/python3.10/site-packages/torch/__init__.py:1323: UserWarning: torch.set_default_tensor_type() is deprecated as of PyTorch 2.1, please use torch.set_default_dtype() and torch.set_default_device() as alternatives. (Triggered internally at /pytorch/torch/csrc/tensor/python_tensor.cpp:434.)
  _C._set_default_tensor_type(t)
[predict()] ob_in_cams:(252, 4, 4)
[predict()] self.cfg.use_normal:False
[predict()] trans_normalizer:[0.019999999552965164, 0.019999999552965164, 0.05000000074505806], rot_normalizer:0.3490658503988659
[predict()] making cropped data
[make_crop_data_batch()] Welcome make_crop_data_batch
[make_crop_data_batch()] make tf_to_crops done
[make_crop_data_batch()] render done
[make_crop_data_batch()] warp done
[make_crop_data_batch()] pose batch data done
[predict()] forward start
/home/yanghong/Reconstruct_and_Retarget/third_party/FoundationPose/learning/training/predict_pose_refine.py:190: FutureWarning: `torch.cuda.amp.autocast(args...)` is deprecated. Please use `torch.amp.autocast('cuda', args...)` instead.
  with torch.cuda.amp.autocast(enabled=self.amp):
[predict()] forward done
[predict()] making cropped data
[make_crop_data_batch()] Welcome make_crop_data_batch
[make_crop_data_batch()] make tf_to_crops done
[make_crop_data_batch()] render done
[make_crop_data_batch()] warp done
[make_crop_data_batch()] pose batch data done
[predict()] forward start
[predict()] forward done
[predict()] making cropped data
[make_crop_data_batch()] Welcome make_crop_data_batch
[make_crop_data_batch()] make tf_to_crops done
[make_crop_data_batch()] render done
[make_crop_data_batch()] warp done
[make_crop_data_batch()] pose batch data done
[predict()] forward start
[predict()] forward done
[predict()] making cropped data
[make_crop_data_batch()] Welcome make_crop_data_batch
[make_crop_data_batch()] make tf_to_crops done
[make_crop_data_batch()] render done
[make_crop_data_batch()] warp done
[make_crop_data_batch()] pose batch data done
[predict()] forward start
[predict()] forward done
[predict()] making cropped data
[make_crop_data_batch()] Welcome make_crop_data_batch
[make_crop_data_batch()] make tf_to_crops done
[make_crop_data_batch()] render done
[make_crop_data_batch()] warp done
[make_crop_data_batch()] pose batch data done
[predict()] forward start
[predict()] forward done
[predict()] ob_in_cams:(252, 4, 4)
[predict()] self.cfg.use_normal:False
[predict()] making cropped data
[make_crop_data_batch()] Welcome make_crop_data_batch
[make_crop_data_batch()] make tf_to_crops done
[make_crop_data_batch()] render done
[make_crop_data_batch()] pose batch data done
[find_best_among_pairs()] pose_data.rgbAs.shape[0]: 252
/home/yanghong/Reconstruct_and_Retarget/third_party/FoundationPose/learning/training/predict_score.py:193: FutureWarning: `torch.cuda.amp.autocast(args...)` is deprecated. Please use `torch.amp.autocast('cuda', args...)` instead.
  with torch.cuda.amp.autocast(enabled=self.amp):
[predict()] forward done
[register()] final, add_errs min:-1.0
[register()] sort ids:tensor([  9,  15,  27,  33,  40,  46,  52,  64,  69,  87,  93,  99, 117, 123,
        135, 153, 159, 160, 166, 189, 201, 213, 214, 220, 243,   3,  21,  39,
         45,  51,  57,  63,  75,  81, 105, 118, 124, 129, 130, 136, 147, 165,
        171, 177, 183, 195, 207, 219, 225, 231, 237, 249, 148, 154, 202, 208,
        236, 242, 182, 187, 188,   0,   6,  12,  18,  24,  26,  30,  31,  32,
         48,  60,  66,  72,  78,  90,  91,  96, 102, 108, 109, 110, 111, 112,
        113, 114, 120, 126, 132, 144, 150, 168, 174, 180, 181, 186, 192, 204,
        222, 228, 234, 235, 240, 246,  25,  36,  42,  54,  55,  84, 156, 184,
        190, 198, 210, 216, 241, 244,  67,  85,  97, 103, 162, 238,  28,  34,
        140, 143, 138, 139, 141, 142, 196,   4,  16,  22,  76,  82, 250,  10,
        229, 169, 175, 223, 128,   1,   7,  13,  19,  73,  79, 193, 247,   2,
          8,  14,  20,  50,  80,  98, 116, 122, 134, 146, 158, 194, 248,  35,
         62,  74,  86,  92, 145, 151, 152, 199, 200, 205, 206,  29,  38,  44,
         56, 104, 164, 170, 176, 212, 218, 224, 230,  49,  61,  68, 115, 121,
        127, 133,   5,  11,  17,  23,  53,  59,  65,  71,  77,  83,  88,  89,
         95, 100, 101, 106, 107, 119, 125, 131, 137, 149, 155, 172, 173, 178,
        179, 185, 197, 203, 209, 226, 227, 232, 233, 251,  58,  70,  94, 191,
        239, 245,  37,  43, 163, 211, 217, 157,  41,  47, 167, 215, 161, 221])
[register()] sorted scores:tensor([133.6250, 133.6250, 133.6250, 133.6250, 133.6250, 133.6250, 133.6250,
        133.6250, 133.6250, 133.6250, 133.6250, 133.6250, 133.6250, 133.6250,
        133.6250, 133.6250, 133.6250, 133.6250, 133.6250, 133.6250, 133.6250,
        133.6250, 133.6250, 133.6250, 133.6250, 133.5938, 133.5938, 133.5938,
        133.5938, 133.5938, 133.5938, 133.5938, 133.5938, 133.5938, 133.5938,
        133.5938, 133.5938, 133.5938, 133.5938, 133.5938, 133.5938, 133.5938,
        133.5938, 133.5938, 133.5938, 133.5938, 133.5938, 133.5938, 133.5938,
        133.5938, 133.5938, 133.5938, 133.5625, 133.5625, 133.5625, 133.5625,
        133.5625, 133.5625, 133.5312, 133.5000, 133.5000, 133.4688, 133.4688,
        133.4688, 133.4688, 133.4688, 133.4688, 133.4688, 133.4688, 133.4688,
        133.4688, 133.4688, 133.4688, 133.4688, 133.4688, 133.4688, 133.4688,
        133.4688, 133.4688, 133.4688, 133.4688, 133.4688, 133.4688, 133.4688,
        133.4688, 133.4688, 133.4688, 133.4688, 133.4688, 133.4688, 133.4688,
        133.4688, 133.4688, 133.4688, 133.4688, 133.4688, 133.4688, 133.4688,
        133.4688, 133.4688, 133.4688, 133.4688, 133.4688, 133.4688, 133.4375,
        133.4375, 133.4375, 133.4375, 133.4375, 133.4375, 133.4375, 133.4375,
        133.4375, 133.4375, 133.4375, 133.4375, 133.4375, 133.4375, 133.4062,
        133.4062, 133.4062, 133.4062, 133.4062, 133.4062, 133.3750, 133.3750,
        133.3438, 133.3438, 133.3125, 133.3125, 133.3125, 133.2812, 133.2812,
        133.2500, 133.2500, 133.2500, 133.2500, 133.2500, 133.2500, 133.2188,
        133.2188, 133.1875, 133.1875, 133.1875, 133.1562, 133.1250, 133.1250,
        133.1250, 133.1250, 133.1250, 133.1250, 133.1250, 133.1250, 133.0938,
        133.0938, 133.0938, 133.0938, 133.0938, 133.0938, 133.0938, 133.0938,
        133.0938, 133.0938, 133.0938, 133.0938, 133.0938, 133.0938, 133.0625,
        133.0625, 133.0625, 133.0625, 133.0625, 133.0625, 133.0625, 133.0625,
        133.0625, 133.0625, 133.0625, 133.0625, 133.0312, 133.0312, 133.0312,
        133.0312, 133.0312, 133.0312, 133.0312, 133.0312, 133.0312, 133.0312,
        133.0312, 133.0312, 133.0000, 133.0000, 133.0000, 132.9688, 132.9688,
        132.9688, 132.9688, 132.8438, 132.8438, 132.8438, 132.8438, 132.8438,
        132.8438, 132.8438, 132.8438, 132.8438, 132.8438, 132.8438, 132.8438,
        132.8438, 132.8438, 132.8438, 132.8438, 132.8438, 132.8438, 132.8438,
        132.8438, 132.8438, 132.8438, 132.8438, 132.8438, 132.8438, 132.8438,
        132.8438, 132.8438, 132.8438, 132.8438, 132.8438, 132.8438, 132.8438,
        132.8438, 132.8438, 132.8438, 132.8125, 132.8125, 132.8125, 132.8125,
        132.8125, 132.8125, 132.7188, 132.7188, 132.7188, 132.7188, 132.7188,
        132.6875, 132.5625, 132.5625, 132.5625, 132.5625, 132.5312, 132.5312])
[track_one()] Welcome
[track_one()] depth processing done
[predict()] ob_in_cams:(1, 4, 4)
[predict()] self.cfg.use_normal:False
[predict()] trans_normalizer:[0.019999999552965164, 0.019999999552965164, 0.05000000074505806], rot_normalizer:0.3490658503988659
[predict()] making cropped data
[make_crop_data_batch()] Welcome make_crop_data_batch
[make_crop_data_batch()] make tf_to_crops done
[make_crop_data_batch()] render done
[make_crop_data_batch()] warp done
[make_crop_data_batch()] pose batch data done
[predict()] forward start
[predict()] forward done
[track_one()] pose done
[track_one()] Welcome
[track_one()] depth processing done
[predict()] ob_in_cams:(1, 4, 4)
[predict()] self.cfg.use_normal:False
[predict()] trans_normalizer:[0.019999999552965164, 0.019999999552965164, 0.05000000074505806], rot_normalizer:0.3490658503988659
[predict()] making cropped data
[make_crop_data_batch()] Welcome make_crop_data_batch
[make_crop_data_batch()] make tf_to_crops done
[make_crop_data_batch()] render done
[make_crop_data_batch()] warp done
[make_crop_data_batch()] pose batch data done
[predict()] forward start
[predict()] forward done
[track_one()] pose done
[track_one()] Welcome
[track_one()] depth processing done
[predict()] ob_in_cams:(1, 4, 4)
[predict()] self.cfg.use_normal:False
[predict()] trans_normalizer:[0.019999999552965164, 0.019999999552965164, 0.05000000074505806], rot_normalizer:0.3490658503988659
[predict()] making cropped data
[make_crop_data_batch()] Welcome make_crop_data_batch
[make_crop_data_batch()] make tf_to_crops done
[make_crop_data_batch()] render done
[make_crop_data_batch()] warp done
[make_crop_data_batch()] pose batch data done
[predict()] forward start
[predict()] forward done
[track_one()] pose done
[track_one()] Welcome
[track_one()] depth processing done
[predict()] ob_in_cams:(1, 4, 4)
[predict()] self.cfg.use_normal:False
[predict()] trans_normalizer:[0.019999999552965164, 0.019999999552965164, 0.05000000074505806], rot_normalizer:0.3490658503988659
[predict()] making cropped data
[make_crop_data_batch()] Welcome make_crop_data_batch
[make_crop_data_batch()] make tf_to_crops done
[make_crop_data_batch()] render done
[make_crop_data_batch()] warp done
[make_crop_data_batch()] pose batch data done
[predict()] forward start
[predict()] forward done
[track_one()] pose done
[track_one()] Welcome
[track_one()] depth processing done
[predict()] ob_in_cams:(1, 4, 4)
[predict()] self.cfg.use_normal:False
[predict()] trans_normalizer:[0.019999999552965164, 0.019999999552965164, 0.05000000074505806], rot_normalizer:0.3490658503988659
[predict()] making cropped data
[make_crop_data_batch()] Welcome make_crop_data_batch
[make_crop_data_batch()] make tf_to_crops done
[make_crop_data_batch()] render done
[make_crop_data_batch()] warp done
[make_crop_data_batch()] pose batch data done
[predict()] forward start
[predict()] forward done
[track_one()] pose done
[track_one()] Welcome
[track_one()] depth processing done
[predict()] ob_in_cams:(1, 4, 4)
[predict()] self.cfg.use_normal:False
[predict()] trans_normalizer:[0.019999999552965164, 0.019999999552965164, 0.05000000074505806], rot_normalizer:0.3490658503988659
[predict()] making cropped data
[make_crop_data_batch()] Welcome make_crop_data_batch
[make_crop_data_batch()] make tf_to_crops done
[make_crop_data_batch()] render done
[make_crop_data_batch()] warp done
[make_crop_data_batch()] pose batch data done
[predict()] forward start
[predict()] forward done
[track_one()] pose done
[track_one()] Welcome
[track_one()] depth processing done
[predict()] ob_in_cams:(1, 4, 4)
[predict()] self.cfg.use_normal:False
[predict()] trans_normalizer:[0.019999999552965164, 0.019999999552965164, 0.05000000074505806], rot_normalizer:0.3490658503988659
[predict()] making cropped data
[make_crop_data_batch()] Welcome make_crop_data_batch
[make_crop_data_batch()] make tf_to_crops done
[make_crop_data_batch()] render done
[make_crop_data_batch()] warp done
[make_crop_data_batch()] pose batch data done
[predict()] forward start
[predict()] forward done
[track_one()] pose done
[track_one()] Welcome
[track_one()] depth processing done
[predict()] ob_in_cams:(1, 4, 4)
[predict()] self.cfg.use_normal:False
[predict()] trans_normalizer:[0.019999999552965164, 0.019999999552965164, 0.05000000074505806], rot_normalizer:0.3490658503988659
[predict()] making cropped data
[make_crop_data_batch()] Welcome make_crop_data_batch
[make_crop_data_batch()] make tf_to_crops done
[make_crop_data_batch()] render done
[make_crop_data_batch()] warp done
[make_crop_data_batch()] pose batch data done
[predict()] forward start
[predict()] forward done
[track_one()] pose done
[track_one()] Welcome
[track_one()] depth processing done
[predict()] ob_in_cams:(1, 4, 4)
[predict()] self.cfg.use_normal:False
[predict()] trans_normalizer:[0.019999999552965164, 0.019999999552965164, 0.05000000074505806], rot_normalizer:0.3490658503988659
[predict()] making cropped data
[make_crop_data_batch()] Welcome make_crop_data_batch
[make_crop_data_batch()] make tf_to_crops done
[make_crop_data_batch()] render done
[make_crop_data_batch()] warp done
[make_crop_data_batch()] pose batch data done
[predict()] forward start
[predict()] forward done
[track_one()] pose done
[track_one()] Welcome
[track_one()] depth processing done
[predict()] ob_in_cams:(1, 4, 4)
[predict()] self.cfg.use_normal:False
[predict()] trans_normalizer:[0.019999999552965164, 0.019999999552965164, 0.05000000074505806], rot_normalizer:0.3490658503988659
[predict()] making cropped data
[make_crop_data_batch()] Welcome make_crop_data_batch
[make_crop_data_batch()] make tf_to_crops done
[make_crop_data_batch()] render done
[make_crop_data_batch()] warp done
[make_crop_data_batch()] pose batch data done
[predict()] forward start
[predict()] forward done
[track_one()] pose done
[track_one()] Welcome
[track_one()] depth processing done
[predict()] ob_in_cams:(1, 4, 4)
[predict()] self.cfg.use_normal:False
[predict()] trans_normalizer:[0.019999999552965164, 0.019999999552965164, 0.05000000074505806], rot_normalizer:0.3490658503988659
[predict()] making cropped data
[make_crop_data_batch()] Welcome make_crop_data_batch
[make_crop_data_batch()] make tf_to_crops done
[make_crop_data_batch()] render done
[make_crop_data_batch()] warp done
[make_crop_data_batch()] pose batch data done
[predict()] forward start
[predict()] forward done
[track_one()] pose done
[track_one()] Welcome
[track_one()] depth processing done
[predict()] ob_in_cams:(1, 4, 4)
[predict()] self.cfg.use_normal:False
[predict()] trans_normalizer:[0.019999999552965164, 0.019999999552965164, 0.05000000074505806], rot_normalizer:0.3490658503988659
[predict()] making cropped data
[make_crop_data_batch()] Welcome make_crop_data_batch
[make_crop_data_batch()] make tf_to_crops done
[make_crop_data_batch()] render done
[make_crop_data_batch()] warp done
[make_crop_data_batch()] pose batch data done
[predict()] forward start
[predict()] forward done
[track_one()] pose done
[track_one()] Welcome
[track_one()] depth processing done
[predict()] ob_in_cams:(1, 4, 4)
[predict()] self.cfg.use_normal:False
[predict()] trans_normalizer:[0.019999999552965164, 0.019999999552965164, 0.05000000074505806], rot_normalizer:0.3490658503988659
[predict()] making cropped data
[make_crop_data_batch()] Welcome make_crop_data_batch
[make_crop_data_batch()] make tf_to_crops done
[make_crop_data_batch()] render done
[make_crop_data_batch()] warp done
[make_crop_data_batch()] pose batch data done
[predict()] forward start
[predict()] forward done
[track_one()] pose done
[track_one()] Welcome
[track_one()] depth processing done
[predict()] ob_in_cams:(1, 4, 4)
[predict()] self.cfg.use_normal:False
[predict()] trans_normalizer:[0.019999999552965164, 0.019999999552965164, 0.05000000074505806], rot_normalizer:0.3490658503988659
[predict()] making cropped data
[make_crop_data_batch()] Welcome make_crop_data_batch
[make_crop_data_batch()] make tf_to_crops done
[make_crop_data_batch()] render done
[make_crop_data_batch()] warp done
[make_crop_data_batch()] pose batch data done
[predict()] forward start
[predict()] forward done
[track_one()] pose done
[track_one()] Welcome
[track_one()] depth processing done
[predict()] ob_in_cams:(1, 4, 4)
[predict()] self.cfg.use_normal:False
[predict()] trans_normalizer:[0.019999999552965164, 0.019999999552965164, 0.05000000074505806], rot_normalizer:0.3490658503988659
[predict()] making cropped data
[make_crop_data_batch()] Welcome make_crop_data_batch
[make_crop_data_batch()] make tf_to_crops done
[make_crop_data_batch()] render done
[make_crop_data_batch()] warp done
[make_crop_data_batch()] pose batch data done
[predict()] forward start
[predict()] forward done
[track_one()] pose done
[track_one()] Welcome
[track_one()] depth processing done
[predict()] ob_in_cams:(1, 4, 4)
[predict()] self.cfg.use_normal:False
[predict()] trans_normalizer:[0.019999999552965164, 0.019999999552965164, 0.05000000074505806], rot_normalizer:0.3490658503988659
[predict()] making cropped data
[make_crop_data_batch()] Welcome make_crop_data_batch
[make_crop_data_batch()] make tf_to_crops done
[make_crop_data_batch()] render done
[make_crop_data_batch()] warp done
[make_crop_data_batch()] pose batch data done
[predict()] forward start
[predict()] forward done
[track_one()] pose done
[track_one()] Welcome
[track_one()] depth processing done
[predict()] ob_in_cams:(1, 4, 4)
[predict()] self.cfg.use_normal:False
[predict()] trans_normalizer:[0.019999999552965164, 0.019999999552965164, 0.05000000074505806], rot_normalizer:0.3490658503988659
[predict()] making cropped data
[make_crop_data_batch()] Welcome make_crop_data_batch
[make_crop_data_batch()] make tf_to_crops done
[make_crop_data_batch()] render done
[make_crop_data_batch()] warp done
[make_crop_data_batch()] pose batch data done
[predict()] forward start
[predict()] forward done
[track_one()] pose done
[track_one()] Welcome
[track_one()] depth processing done
[predict()] ob_in_cams:(1, 4, 4)
[predict()] self.cfg.use_normal:False
[predict()] trans_normalizer:[0.019999999552965164, 0.019999999552965164, 0.05000000074505806], rot_normalizer:0.3490658503988659
[predict()] making cropped data
[make_crop_data_batch()] Welcome make_crop_data_batch
[make_crop_data_batch()] make tf_to_crops done
[make_crop_data_batch()] render done
[make_crop_data_batch()] warp done
[make_crop_data_batch()] pose batch data done
[predict()] forward start
[predict()] forward done
[track_one()] pose done
[track_one()] Welcome
[track_one()] depth processing done
[predict()] ob_in_cams:(1, 4, 4)
[predict()] self.cfg.use_normal:False
[predict()] trans_normalizer:[0.019999999552965164, 0.019999999552965164, 0.05000000074505806], rot_normalizer:0.3490658503988659
[predict()] making cropped data
[make_crop_data_batch()] Welcome make_crop_data_batch
[make_crop_data_batch()] make tf_to_crops done
[make_crop_data_batch()] render done
[make_crop_data_batch()] warp done
[make_crop_data_batch()] pose batch data done
[predict()] forward start
[predict()] forward done
[track_one()] pose done
[track_one()] Welcome
[track_one()] depth processing done
[predict()] ob_in_cams:(1, 4, 4)
[predict()] self.cfg.use_normal:False
[predict()] trans_normalizer:[0.019999999552965164, 0.019999999552965164, 0.05000000074505806], rot_normalizer:0.3490658503988659
[predict()] making cropped data
[make_crop_data_batch()] Welcome make_crop_data_batch
[make_crop_data_batch()] make tf_to_crops done
[make_crop_data_batch()] render done
[make_crop_data_batch()] warp done
[make_crop_data_batch()] pose batch data done
[predict()] forward start
[predict()] forward done
[track_one()] pose done
[track_one()] Welcome
[track_one()] depth processing done
[predict()] ob_in_cams:(1, 4, 4)
[predict()] self.cfg.use_normal:False
[predict()] trans_normalizer:[0.019999999552965164, 0.019999999552965164, 0.05000000074505806], rot_normalizer:0.3490658503988659
[predict()] making cropped data
[make_crop_data_batch()] Welcome make_crop_data_batch
[make_crop_data_batch()] make tf_to_crops done
[make_crop_data_batch()] render done
[make_crop_data_batch()] warp done
[make_crop_data_batch()] pose batch data done
[predict()] forward start
[predict()] forward done
[track_one()] pose done
[track_one()] Welcome
[track_one()] depth processing done
[predict()] ob_in_cams:(1, 4, 4)
[predict()] self.cfg.use_normal:False
[predict()] trans_normalizer:[0.019999999552965164, 0.019999999552965164, 0.05000000074505806], rot_normalizer:0.3490658503988659
[predict()] making cropped data
[make_crop_data_batch()] Welcome make_crop_data_batch
[make_crop_data_batch()] make tf_to_crops done
[make_crop_data_batch()] render done
[make_crop_data_batch()] warp done
[make_crop_data_batch()] pose batch data done
[predict()] forward start
[predict()] forward done
[track_one()] pose done
[track_one()] Welcome
[track_one()] depth processing done
[predict()] ob_in_cams:(1, 4, 4)
[predict()] self.cfg.use_normal:False
[predict()] trans_normalizer:[0.019999999552965164, 0.019999999552965164, 0.05000000074505806], rot_normalizer:0.3490658503988659
[predict()] making cropped data
[make_crop_data_batch()] Welcome make_crop_data_batch
[make_crop_data_batch()] make tf_to_crops done
[make_crop_data_batch()] render done
[make_crop_data_batch()] warp done
[make_crop_data_batch()] pose batch data done
[predict()] forward start
[predict()] forward done
[track_one()] pose done
[track_one()] Welcome
[track_one()] depth processing done
[predict()] ob_in_cams:(1, 4, 4)
[predict()] self.cfg.use_normal:False
[predict()] trans_normalizer:[0.019999999552965164, 0.019999999552965164, 0.05000000074505806], rot_normalizer:0.3490658503988659
[predict()] making cropped data
[make_crop_data_batch()] Welcome make_crop_data_batch
[make_crop_data_batch()] make tf_to_crops done
[make_crop_data_batch()] render done
[make_crop_data_batch()] warp done
[make_crop_data_batch()] pose batch data done
[predict()] forward start
[predict()] forward done
[track_one()] pose done
[track_one()] Welcome
[track_one()] depth processing done
[predict()] ob_in_cams:(1, 4, 4)
[predict()] self.cfg.use_normal:False
[predict()] trans_normalizer:[0.019999999552965164, 0.019999999552965164, 0.05000000074505806], rot_normalizer:0.3490658503988659
[predict()] making cropped data
[make_crop_data_batch()] Welcome make_crop_data_batch
[make_crop_data_batch()] make tf_to_crops done
[make_crop_data_batch()] render done
[make_crop_data_batch()] warp done
[make_crop_data_batch()] pose batch data done
[predict()] forward start
[predict()] forward done
[track_one()] pose done
[track_one()] Welcome
[track_one()] depth processing done
[predict()] ob_in_cams:(1, 4, 4)
[predict()] self.cfg.use_normal:False
[predict()] trans_normalizer:[0.019999999552965164, 0.019999999552965164, 0.05000000074505806], rot_normalizer:0.3490658503988659
[predict()] making cropped data
[make_crop_data_batch()] Welcome make_crop_data_batch
[make_crop_data_batch()] make tf_to_crops done
[make_crop_data_batch()] render done
[make_crop_data_batch()] warp done
[make_crop_data_batch()] pose batch data done
[predict()] forward start
[predict()] forward done
[track_one()] pose done
[track_one()] Welcome
[track_one()] depth processing done
[predict()] ob_in_cams:(1, 4, 4)
[predict()] self.cfg.use_normal:False
[predict()] trans_normalizer:[0.019999999552965164, 0.019999999552965164, 0.05000000074505806], rot_normalizer:0.3490658503988659
[predict()] making cropped data
[make_crop_data_batch()] Welcome make_crop_data_batch
[make_crop_data_batch()] make tf_to_crops done
[make_crop_data_batch()] render done
[make_crop_data_batch()] warp done
[make_crop_data_batch()] pose batch data done
[predict()] forward start
[predict()] forward done
[track_one()] pose done
[track_one()] Welcome
[track_one()] depth processing done
[predict()] ob_in_cams:(1, 4, 4)
[predict()] self.cfg.use_normal:False
[predict()] trans_normalizer:[0.019999999552965164, 0.019999999552965164, 0.05000000074505806], rot_normalizer:0.3490658503988659
[predict()] making cropped data
[make_crop_data_batch()] Welcome make_crop_data_batch
[make_crop_data_batch()] make tf_to_crops done
[make_crop_data_batch()] render done
[make_crop_data_batch()] warp done
[make_crop_data_batch()] pose batch data done
[predict()] forward start
[predict()] forward done
[track_one()] pose done
[track_one()] Welcome
[track_one()] depth processing done
[predict()] ob_in_cams:(1, 4, 4)
[predict()] self.cfg.use_normal:False
[predict()] trans_normalizer:[0.019999999552965164, 0.019999999552965164, 0.05000000074505806], rot_normalizer:0.3490658503988659
[predict()] making cropped data
[make_crop_data_batch()] Welcome make_crop_data_batch
[make_crop_data_batch()] make tf_to_crops done
[make_crop_data_batch()] render done
[make_crop_data_batch()] warp done
[make_crop_data_batch()] pose batch data done
[predict()] forward start
[predict()] forward done
[track_one()] pose done
[track_one()] Welcome
[track_one()] depth processing done
[predict()] ob_in_cams:(1, 4, 4)
[predict()] self.cfg.use_normal:False
[predict()] trans_normalizer:[0.019999999552965164, 0.019999999552965164, 0.05000000074505806], rot_normalizer:0.3490658503988659
[predict()] making cropped data
[make_crop_data_batch()] Welcome make_crop_data_batch
[make_crop_data_batch()] make tf_to_crops done
[make_crop_data_batch()] render done
[make_crop_data_batch()] warp done
[make_crop_data_batch()] pose batch data done
[predict()] forward start
[predict()] forward done
[track_one()] pose done
[track_one()] Welcome
[track_one()] depth processing done
[predict()] ob_in_cams:(1, 4, 4)
[predict()] self.cfg.use_normal:False
[predict()] trans_normalizer:[0.019999999552965164, 0.019999999552965164, 0.05000000074505806], rot_normalizer:0.3490658503988659
[predict()] making cropped data
[make_crop_data_batch()] Welcome make_crop_data_batch
[make_crop_data_batch()] make tf_to_crops done
[make_crop_data_batch()] render done
[make_crop_data_batch()] warp done
[make_crop_data_batch()] pose batch data done
[predict()] forward start
[predict()] forward done
[track_one()] pose done
[track_one()] Welcome
[track_one()] depth processing done
[predict()] ob_in_cams:(1, 4, 4)
[predict()] self.cfg.use_normal:False
[predict()] trans_normalizer:[0.019999999552965164, 0.019999999552965164, 0.05000000074505806], rot_normalizer:0.3490658503988659
[predict()] making cropped data
[make_crop_data_batch()] Welcome make_crop_data_batch
[make_crop_data_batch()] make tf_to_crops done
[make_crop_data_batch()] render done
[make_crop_data_batch()] warp done
[make_crop_data_batch()] pose batch data done
[predict()] forward start
[predict()] forward done
[track_one()] pose done
[track_one()] Welcome
[track_one()] depth processing done
[predict()] ob_in_cams:(1, 4, 4)
[predict()] self.cfg.use_normal:False
[predict()] trans_normalizer:[0.019999999552965164, 0.019999999552965164, 0.05000000074505806], rot_normalizer:0.3490658503988659
[predict()] making cropped data
[make_crop_data_batch()] Welcome make_crop_data_batch
[make_crop_data_batch()] make tf_to_crops done
[make_crop_data_batch()] render done
[make_crop_data_batch()] warp done
[make_crop_data_batch()] pose batch data done
[predict()] forward start
[predict()] forward done
[track_one()] pose done
[track_one()] Welcome
[track_one()] depth processing done
[predict()] ob_in_cams:(1, 4, 4)
[predict()] self.cfg.use_normal:False
[predict()] trans_normalizer:[0.019999999552965164, 0.019999999552965164, 0.05000000074505806], rot_normalizer:0.3490658503988659
[predict()] making cropped data
[make_crop_data_batch()] Welcome make_crop_data_batch
[make_crop_data_batch()] make tf_to_crops done
[make_crop_data_batch()] render done
[make_crop_data_batch()] warp done
[make_crop_data_batch()] pose batch data done
[predict()] forward start
[predict()] forward done
[track_one()] pose done
[track_one()] Welcome
[track_one()] depth processing done
[predict()] ob_in_cams:(1, 4, 4)
[predict()] self.cfg.use_normal:False
[predict()] trans_normalizer:[0.019999999552965164, 0.019999999552965164, 0.05000000074505806], rot_normalizer:0.3490658503988659
[predict()] making cropped data
[make_crop_data_batch()] Welcome make_crop_data_batch
[make_crop_data_batch()] make tf_to_crops done
[make_crop_data_batch()] render done
[make_crop_data_batch()] warp done
[make_crop_data_batch()] pose batch data done
[predict()] forward start
[predict()] forward done
[track_one()] pose done
[track_one()] Welcome
[track_one()] depth processing done
[predict()] ob_in_cams:(1, 4, 4)
[predict()] self.cfg.use_normal:False
[predict()] trans_normalizer:[0.019999999552965164, 0.019999999552965164, 0.05000000074505806], rot_normalizer:0.3490658503988659
[predict()] making cropped data
[make_crop_data_batch()] Welcome make_crop_data_batch
[make_crop_data_batch()] make tf_to_crops done
[make_crop_data_batch()] render done
[make_crop_data_batch()] warp done
[make_crop_data_batch()] pose batch data done
[predict()] forward start
[predict()] forward done
[track_one()] pose done
[track_one()] Welcome
[track_one()] depth processing done
[predict()] ob_in_cams:(1, 4, 4)
[predict()] self.cfg.use_normal:False
[predict()] trans_normalizer:[0.019999999552965164, 0.019999999552965164, 0.05000000074505806], rot_normalizer:0.3490658503988659
[predict()] making cropped data
[make_crop_data_batch()] Welcome make_crop_data_batch
[make_crop_data_batch()] make tf_to_crops done
[make_crop_data_batch()] render done
[make_crop_data_batch()] warp done
[make_crop_data_batch()] pose batch data done
[predict()] forward start
[predict()] forward done
[track_one()] pose done
[track_one()] Welcome
[track_one()] depth processing done
[predict()] ob_in_cams:(1, 4, 4)
[predict()] self.cfg.use_normal:False
[predict()] trans_normalizer:[0.019999999552965164, 0.019999999552965164, 0.05000000074505806], rot_normalizer:0.3490658503988659
[predict()] making cropped data
[make_crop_data_batch()] Welcome make_crop_data_batch
[make_crop_data_batch()] make tf_to_crops done
[make_crop_data_batch()] render done
[make_crop_data_batch()] warp done
[make_crop_data_batch()] pose batch data done
[predict()] forward start
[predict()] forward done
[track_one()] pose done
[track_one()] Welcome
[track_one()] depth processing done
[predict()] ob_in_cams:(1, 4, 4)
[predict()] self.cfg.use_normal:False
[predict()] trans_normalizer:[0.019999999552965164, 0.019999999552965164, 0.05000000074505806], rot_normalizer:0.3490658503988659
[predict()] making cropped data
[make_crop_data_batch()] Welcome make_crop_data_batch
[make_crop_data_batch()] make tf_to_crops done
[make_crop_data_batch()] render done
[make_crop_data_batch()] warp done
[make_crop_data_batch()] pose batch data done
[predict()] forward start
[predict()] forward done
[track_one()] pose done
[track_one()] Welcome
[track_one()] depth processing done
[predict()] ob_in_cams:(1, 4, 4)
[predict()] self.cfg.use_normal:False
[predict()] trans_normalizer:[0.019999999552965164, 0.019999999552965164, 0.05000000074505806], rot_normalizer:0.3490658503988659
[predict()] making cropped data
[make_crop_data_batch()] Welcome make_crop_data_batch
[make_crop_data_batch()] make tf_to_crops done
[make_crop_data_batch()] render done
[make_crop_data_batch()] warp done
[make_crop_data_batch()] pose batch data done
[predict()] forward start
[predict()] forward done
[track_one()] pose done
[track_one()] Welcome
[track_one()] depth processing done
[predict()] ob_in_cams:(1, 4, 4)
[predict()] self.cfg.use_normal:False
[predict()] trans_normalizer:[0.019999999552965164, 0.019999999552965164, 0.05000000074505806], rot_normalizer:0.3490658503988659
[predict()] making cropped data
[make_crop_data_batch()] Welcome make_crop_data_batch
[make_crop_data_batch()] make tf_to_crops done
[make_crop_data_batch()] render done
[make_crop_data_batch()] warp done
[make_crop_data_batch()] pose batch data done
[predict()] forward start
[predict()] forward done
[track_one()] pose done
[track_one()] Welcome
[track_one()] depth processing done
[predict()] ob_in_cams:(1, 4, 4)
[predict()] self.cfg.use_normal:False
[predict()] trans_normalizer:[0.019999999552965164, 0.019999999552965164, 0.05000000074505806], rot_normalizer:0.3490658503988659
[predict()] making cropped data
[make_crop_data_batch()] Welcome make_crop_data_batch
[make_crop_data_batch()] make tf_to_crops done
[make_crop_data_batch()] render done
[make_crop_data_batch()] warp done
[make_crop_data_batch()] pose batch data done
[predict()] forward start
[predict()] forward done
[track_one()] pose done
[track_one()] Welcome
[track_one()] depth processing done
[predict()] ob_in_cams:(1, 4, 4)
[predict()] self.cfg.use_normal:False
[predict()] trans_normalizer:[0.019999999552965164, 0.019999999552965164, 0.05000000074505806], rot_normalizer:0.3490658503988659
[predict()] making cropped data
[make_crop_data_batch()] Welcome make_crop_data_batch
[make_crop_data_batch()] make tf_to_crops done
[make_crop_data_batch()] render done
[make_crop_data_batch()] warp done
[make_crop_data_batch()] pose batch data done
[predict()] forward start
[predict()] forward done
[track_one()] pose done
[track_one()] Welcome
[track_one()] depth processing done
[predict()] ob_in_cams:(1, 4, 4)
[predict()] self.cfg.use_normal:False
[predict()] trans_normalizer:[0.019999999552965164, 0.019999999552965164, 0.05000000074505806], rot_normalizer:0.3490658503988659
[predict()] making cropped data
[make_crop_data_batch()] Welcome make_crop_data_batch
[make_crop_data_batch()] make tf_to_crops done
[make_crop_data_batch()] render done
[make_crop_data_batch()] warp done
[make_crop_data_batch()] pose batch data done
[predict()] forward start
[predict()] forward done
[track_one()] pose done
[track_one()] Welcome
[track_one()] depth processing done
[predict()] ob_in_cams:(1, 4, 4)
[predict()] self.cfg.use_normal:False
[predict()] trans_normalizer:[0.019999999552965164, 0.019999999552965164, 0.05000000074505806], rot_normalizer:0.3490658503988659
[predict()] making cropped data
[make_crop_data_batch()] Welcome make_crop_data_batch
[make_crop_data_batch()] make tf_to_crops done
[make_crop_data_batch()] render done
[make_crop_data_batch()] warp done
[make_crop_data_batch()] pose batch data done
[predict()] forward start
[predict()] forward done
[track_one()] pose done
[track_one()] Welcome
[track_one()] depth processing done
[predict()] ob_in_cams:(1, 4, 4)
[predict()] self.cfg.use_normal:False
[predict()] trans_normalizer:[0.019999999552965164, 0.019999999552965164, 0.05000000074505806], rot_normalizer:0.3490658503988659
[predict()] making cropped data
[make_crop_data_batch()] Welcome make_crop_data_batch
[make_crop_data_batch()] make tf_to_crops done
[make_crop_data_batch()] render done
[make_crop_data_batch()] warp done
[make_crop_data_batch()] pose batch data done
[predict()] forward start
[predict()] forward done
[track_one()] pose done
[track_one()] Welcome
[track_one()] depth processing done
[predict()] ob_in_cams:(1, 4, 4)
[predict()] self.cfg.use_normal:False
[predict()] trans_normalizer:[0.019999999552965164, 0.019999999552965164, 0.05000000074505806], rot_normalizer:0.3490658503988659
[predict()] making cropped data
[make_crop_data_batch()] Welcome make_crop_data_batch
[make_crop_data_batch()] make tf_to_crops done
[make_crop_data_batch()] render done
[make_crop_data_batch()] warp done
[make_crop_data_batch()] pose batch data done
[predict()] forward start
[predict()] forward done
[track_one()] pose done
[track_one()] Welcome
[track_one()] depth processing done
[predict()] ob_in_cams:(1, 4, 4)
[predict()] self.cfg.use_normal:False
[predict()] trans_normalizer:[0.019999999552965164, 0.019999999552965164, 0.05000000074505806], rot_normalizer:0.3490658503988659
[predict()] making cropped data
[make_crop_data_batch()] Welcome make_crop_data_batch
[make_crop_data_batch()] make tf_to_crops done
[make_crop_data_batch()] render done
[make_crop_data_batch()] warp done
[make_crop_data_batch()] pose batch data done
[predict()] forward start
[predict()] forward done
[track_one()] pose done
[track_one()] Welcome
[track_one()] depth processing done
[predict()] ob_in_cams:(1, 4, 4)
[predict()] self.cfg.use_normal:False
[predict()] trans_normalizer:[0.019999999552965164, 0.019999999552965164, 0.05000000074505806], rot_normalizer:0.3490658503988659
[predict()] making cropped data
[make_crop_data_batch()] Welcome make_crop_data_batch
[make_crop_data_batch()] make tf_to_crops done
[make_crop_data_batch()] render done
[make_crop_data_batch()] warp done
[make_crop_data_batch()] pose batch data done
[predict()] forward start
[predict()] forward done
[track_one()] pose done
[track_one()] Welcome
[track_one()] depth processing done
[predict()] ob_in_cams:(1, 4, 4)
[predict()] self.cfg.use_normal:False
[predict()] trans_normalizer:[0.019999999552965164, 0.019999999552965164, 0.05000000074505806], rot_normalizer:0.3490658503988659
[predict()] making cropped data
[make_crop_data_batch()] Welcome make_crop_data_batch
[make_crop_data_batch()] make tf_to_crops done
[make_crop_data_batch()] render done
[make_crop_data_batch()] warp done
[make_crop_data_batch()] pose batch data done
[predict()] forward start
[predict()] forward done
[track_one()] pose done
[track_one()] Welcome
[track_one()] depth processing done
[predict()] ob_in_cams:(1, 4, 4)
[predict()] self.cfg.use_normal:False
[predict()] trans_normalizer:[0.019999999552965164, 0.019999999552965164, 0.05000000074505806], rot_normalizer:0.3490658503988659
[predict()] making cropped data
[make_crop_data_batch()] Welcome make_crop_data_batch
[make_crop_data_batch()] make tf_to_crops done
[make_crop_data_batch()] render done
[make_crop_data_batch()] warp done
[make_crop_data_batch()] pose batch data done
[predict()] forward start
[predict()] forward done
[track_one()] pose done
[track_one()] Welcome
[track_one()] depth processing done
[predict()] ob_in_cams:(1, 4, 4)
[predict()] self.cfg.use_normal:False
[predict()] trans_normalizer:[0.019999999552965164, 0.019999999552965164, 0.05000000074505806], rot_normalizer:0.3490658503988659
[predict()] making cropped data
[make_crop_data_batch()] Welcome make_crop_data_batch
[make_crop_data_batch()] make tf_to_crops done
[make_crop_data_batch()] render done
[make_crop_data_batch()] warp done
[make_crop_data_batch()] pose batch data done
[predict()] forward start
[predict()] forward done
[track_one()] pose done
[track_one()] Welcome
[track_one()] depth processing done
[predict()] ob_in_cams:(1, 4, 4)
[predict()] self.cfg.use_normal:False
[predict()] trans_normalizer:[0.019999999552965164, 0.019999999552965164, 0.05000000074505806], rot_normalizer:0.3490658503988659
[predict()] making cropped data
[make_crop_data_batch()] Welcome make_crop_data_batch
[make_crop_data_batch()] make tf_to_crops done
[make_crop_data_batch()] render done
[make_crop_data_batch()] warp done
[make_crop_data_batch()] pose batch data done
[predict()] forward start
[predict()] forward done
[track_one()] pose done
[track_one()] Welcome
[track_one()] depth processing done
[predict()] ob_in_cams:(1, 4, 4)
[predict()] self.cfg.use_normal:False
[predict()] trans_normalizer:[0.019999999552965164, 0.019999999552965164, 0.05000000074505806], rot_normalizer:0.3490658503988659
[predict()] making cropped data
[make_crop_data_batch()] Welcome make_crop_data_batch
[make_crop_data_batch()] make tf_to_crops done
[make_crop_data_batch()] render done
[make_crop_data_batch()] warp done
[make_crop_data_batch()] pose batch data done
[predict()] forward start
[predict()] forward done
[track_one()] pose done
[track_one()] Welcome
[track_one()] depth processing done
[predict()] ob_in_cams:(1, 4, 4)
[predict()] self.cfg.use_normal:False
[predict()] trans_normalizer:[0.019999999552965164, 0.019999999552965164, 0.05000000074505806], rot_normalizer:0.3490658503988659
[predict()] making cropped data
[make_crop_data_batch()] Welcome make_crop_data_batch
[make_crop_data_batch()] make tf_to_crops done
[make_crop_data_batch()] render done
[make_crop_data_batch()] warp done
[make_crop_data_batch()] pose batch data done
[predict()] forward start
[predict()] forward done
[track_one()] pose done
[track_one()] Welcome
[track_one()] depth processing done
[predict()] ob_in_cams:(1, 4, 4)
[predict()] self.cfg.use_normal:False
[predict()] trans_normalizer:[0.019999999552965164, 0.019999999552965164, 0.05000000074505806], rot_normalizer:0.3490658503988659
[predict()] making cropped data
[make_crop_data_batch()] Welcome make_crop_data_batch
[make_crop_data_batch()] make tf_to_crops done
[make_crop_data_batch()] render done
[make_crop_data_batch()] warp done
[make_crop_data_batch()] pose batch data done
[predict()] forward start
[predict()] forward done
[track_one()] pose done
[track_one()] Welcome
[track_one()] depth processing done
[predict()] ob_in_cams:(1, 4, 4)
[predict()] self.cfg.use_normal:False
[predict()] trans_normalizer:[0.019999999552965164, 0.019999999552965164, 0.05000000074505806], rot_normalizer:0.3490658503988659
[predict()] making cropped data
[make_crop_data_batch()] Welcome make_crop_data_batch
[make_crop_data_batch()] make tf_to_crops done
[make_crop_data_batch()] render done
[make_crop_data_batch()] warp done
[make_crop_data_batch()] pose batch data done
[predict()] forward start
[predict()] forward done
[track_one()] pose done
[track_one()] Welcome
[track_one()] depth processing done
[predict()] ob_in_cams:(1, 4, 4)
[predict()] self.cfg.use_normal:False
[predict()] trans_normalizer:[0.019999999552965164, 0.019999999552965164, 0.05000000074505806], rot_normalizer:0.3490658503988659
[predict()] making cropped data
[make_crop_data_batch()] Welcome make_crop_data_batch
[make_crop_data_batch()] make tf_to_crops done
[make_crop_data_batch()] render done
[make_crop_data_batch()] warp done
[make_crop_data_batch()] pose batch data done
[predict()] forward start
[predict()] forward done
[track_one()] pose done
[track_one()] Welcome
[track_one()] depth processing done
[predict()] ob_in_cams:(1, 4, 4)
[predict()] self.cfg.use_normal:False
[predict()] trans_normalizer:[0.019999999552965164, 0.019999999552965164, 0.05000000074505806], rot_normalizer:0.3490658503988659
[predict()] making cropped data
[make_crop_data_batch()] Welcome make_crop_data_batch
[make_crop_data_batch()] make tf_to_crops done
[make_crop_data_batch()] render done
[make_crop_data_batch()] warp done
[make_crop_data_batch()] pose batch data done
[predict()] forward start
[predict()] forward done
[track_one()] pose done
[track_one()] Welcome
[track_one()] depth processing done
[predict()] ob_in_cams:(1, 4, 4)
[predict()] self.cfg.use_normal:False
[predict()] trans_normalizer:[0.019999999552965164, 0.019999999552965164, 0.05000000074505806], rot_normalizer:0.3490658503988659
[predict()] making cropped data
[make_crop_data_batch()] Welcome make_crop_data_batch
[make_crop_data_batch()] make tf_to_crops done
[make_crop_data_batch()] render done
[make_crop_data_batch()] warp done
[make_crop_data_batch()] pose batch data done
[predict()] forward start
[predict()] forward done
[track_one()] pose done
[track_one()] Welcome
[track_one()] depth processing done
[predict()] ob_in_cams:(1, 4, 4)
[predict()] self.cfg.use_normal:False
[predict()] trans_normalizer:[0.019999999552965164, 0.019999999552965164, 0.05000000074505806], rot_normalizer:0.3490658503988659
[predict()] making cropped data
[make_crop_data_batch()] Welcome make_crop_data_batch
[make_crop_data_batch()] make tf_to_crops done
[make_crop_data_batch()] render done
[make_crop_data_batch()] warp done
[make_crop_data_batch()] pose batch data done
[predict()] forward start
[predict()] forward done
[track_one()] pose done
[track_one()] Welcome
[track_one()] depth processing done
[predict()] ob_in_cams:(1, 4, 4)
[predict()] self.cfg.use_normal:False
[predict()] trans_normalizer:[0.019999999552965164, 0.019999999552965164, 0.05000000074505806], rot_normalizer:0.3490658503988659
[predict()] making cropped data
[make_crop_data_batch()] Welcome make_crop_data_batch
[make_crop_data_batch()] make tf_to_crops done
[make_crop_data_batch()] render done
[make_crop_data_batch()] warp done
[make_crop_data_batch()] pose batch data done
[predict()] forward start
[predict()] forward done
[track_one()] pose done
[track_one()] Welcome
[track_one()] depth processing done
[predict()] ob_in_cams:(1, 4, 4)
[predict()] self.cfg.use_normal:False
[predict()] trans_normalizer:[0.019999999552965164, 0.019999999552965164, 0.05000000074505806], rot_normalizer:0.3490658503988659
[predict()] making cropped data
[make_crop_data_batch()] Welcome make_crop_data_batch
[make_crop_data_batch()] make tf_to_crops done
[make_crop_data_batch()] render done
[make_crop_data_batch()] warp done
[make_crop_data_batch()] pose batch data done
[predict()] forward start
[predict()] forward done
[track_one()] pose done
[track_one()] Welcome
[track_one()] depth processing done
[predict()] ob_in_cams:(1, 4, 4)
[predict()] self.cfg.use_normal:False
[predict()] trans_normalizer:[0.019999999552965164, 0.019999999552965164, 0.05000000074505806], rot_normalizer:0.3490658503988659
[predict()] making cropped data
[make_crop_data_batch()] Welcome make_crop_data_batch
[make_crop_data_batch()] make tf_to_crops done
[make_crop_data_batch()] render done
[make_crop_data_batch()] warp done
[make_crop_data_batch()] pose batch data done
[predict()] forward start
[predict()] forward done
[track_one()] pose done
[track_one()] Welcome
[track_one()] depth processing done
[predict()] ob_in_cams:(1, 4, 4)
[predict()] self.cfg.use_normal:False
[predict()] trans_normalizer:[0.019999999552965164, 0.019999999552965164, 0.05000000074505806], rot_normalizer:0.3490658503988659
[predict()] making cropped data
[make_crop_data_batch()] Welcome make_crop_data_batch
[make_crop_data_batch()] make tf_to_crops done
[make_crop_data_batch()] render done
[make_crop_data_batch()] warp done
[make_crop_data_batch()] pose batch data done
[predict()] forward start
[predict()] forward done
[track_one()] pose done
[track_one()] Welcome
[track_one()] depth processing done
[predict()] ob_in_cams:(1, 4, 4)
[predict()] self.cfg.use_normal:False
[predict()] trans_normalizer:[0.019999999552965164, 0.019999999552965164, 0.05000000074505806], rot_normalizer:0.3490658503988659
[predict()] making cropped data
[make_crop_data_batch()] Welcome make_crop_data_batch
[make_crop_data_batch()] make tf_to_crops done
[make_crop_data_batch()] render done
[make_crop_data_batch()] warp done
[make_crop_data_batch()] pose batch data done
[predict()] forward start
[predict()] forward done
[track_one()] pose done
[track_one()] Welcome
[track_one()] depth processing done
[predict()] ob_in_cams:(1, 4, 4)
[predict()] self.cfg.use_normal:False
[predict()] trans_normalizer:[0.019999999552965164, 0.019999999552965164, 0.05000000074505806], rot_normalizer:0.3490658503988659
[predict()] making cropped data
[make_crop_data_batch()] Welcome make_crop_data_batch
[make_crop_data_batch()] make tf_to_crops done
[make_crop_data_batch()] render done
[make_crop_data_batch()] warp done
[make_crop_data_batch()] pose batch data done
[predict()] forward start
[predict()] forward done
[track_one()] pose done
[track_one()] Welcome
[track_one()] depth processing done
[predict()] ob_in_cams:(1, 4, 4)
[predict()] self.cfg.use_normal:False
[predict()] trans_normalizer:[0.019999999552965164, 0.019999999552965164, 0.05000000074505806], rot_normalizer:0.3490658503988659
[predict()] making cropped data
[make_crop_data_batch()] Welcome make_crop_data_batch
[make_crop_data_batch()] make tf_to_crops done
[make_crop_data_batch()] render done
[make_crop_data_batch()] warp done
[make_crop_data_batch()] pose batch data done
[predict()] forward start
[predict()] forward done
[track_one()] pose done
[track_one()] Welcome
[track_one()] depth processing done
[predict()] ob_in_cams:(1, 4, 4)
[predict()] self.cfg.use_normal:False
[predict()] trans_normalizer:[0.019999999552965164, 0.019999999552965164, 0.05000000074505806], rot_normalizer:0.3490658503988659
[predict()] making cropped data
[make_crop_data_batch()] Welcome make_crop_data_batch
[make_crop_data_batch()] make tf_to_crops done
[make_crop_data_batch()] render done
[make_crop_data_batch()] warp done
[make_crop_data_batch()] pose batch data done
[predict()] forward start
[predict()] forward done
[track_one()] pose done
[track_one()] Welcome
[track_one()] depth processing done
[predict()] ob_in_cams:(1, 4, 4)
[predict()] self.cfg.use_normal:False
[predict()] trans_normalizer:[0.019999999552965164, 0.019999999552965164, 0.05000000074505806], rot_normalizer:0.3490658503988659
[predict()] making cropped data
[make_crop_data_batch()] Welcome make_crop_data_batch
[make_crop_data_batch()] make tf_to_crops done
[make_crop_data_batch()] render done
[make_crop_data_batch()] warp done
[make_crop_data_batch()] pose batch data done
[predict()] forward start
[predict()] forward done
[track_one()] pose done
[track_one()] Welcome
[track_one()] depth processing done
[predict()] ob_in_cams:(1, 4, 4)
[predict()] self.cfg.use_normal:False
[predict()] trans_normalizer:[0.019999999552965164, 0.019999999552965164, 0.05000000074505806], rot_normalizer:0.3490658503988659
[predict()] making cropped data
[make_crop_data_batch()] Welcome make_crop_data_batch
[make_crop_data_batch()] make tf_to_crops done
[make_crop_data_batch()] render done
[make_crop_data_batch()] warp done
[make_crop_data_batch()] pose batch data done
[predict()] forward start
[predict()] forward done
[track_one()] pose done
[track_one()] Welcome
[track_one()] depth processing done
[predict()] ob_in_cams:(1, 4, 4)
[predict()] self.cfg.use_normal:False
[predict()] trans_normalizer:[0.019999999552965164, 0.019999999552965164, 0.05000000074505806], rot_normalizer:0.3490658503988659
[predict()] making cropped data
[make_crop_data_batch()] Welcome make_crop_data_batch
[make_crop_data_batch()] make tf_to_crops done
[make_crop_data_batch()] render done
[make_crop_data_batch()] warp done
[make_crop_data_batch()] pose batch data done
[predict()] forward start
[predict()] forward done
[track_one()] pose done
[track_one()] Welcome
[track_one()] depth processing done
[predict()] ob_in_cams:(1, 4, 4)
[predict()] self.cfg.use_normal:False
[predict()] trans_normalizer:[0.019999999552965164, 0.019999999552965164, 0.05000000074505806], rot_normalizer:0.3490658503988659
[predict()] making cropped data
[make_crop_data_batch()] Welcome make_crop_data_batch
[make_crop_data_batch()] make tf_to_crops done
[make_crop_data_batch()] render done
[make_crop_data_batch()] warp done
[make_crop_data_batch()] pose batch data done
[predict()] forward start
[predict()] forward done
[track_one()] pose done
[track_one()] Welcome
[track_one()] depth processing done
[predict()] ob_in_cams:(1, 4, 4)
[predict()] self.cfg.use_normal:False
[predict()] trans_normalizer:[0.019999999552965164, 0.019999999552965164, 0.05000000074505806], rot_normalizer:0.3490658503988659
[predict()] making cropped data
[make_crop_data_batch()] Welcome make_crop_data_batch
[make_crop_data_batch()] make tf_to_crops done
[make_crop_data_batch()] render done
[make_crop_data_batch()] warp done
[make_crop_data_batch()] pose batch data done
[predict()] forward start
[predict()] forward done
[track_one()] pose done
[track_one()] Welcome
[track_one()] depth processing done
[predict()] ob_in_cams:(1, 4, 4)
[predict()] self.cfg.use_normal:False
[predict()] trans_normalizer:[0.019999999552965164, 0.019999999552965164, 0.05000000074505806], rot_normalizer:0.3490658503988659
[predict()] making cropped data
[make_crop_data_batch()] Welcome make_crop_data_batch
[make_crop_data_batch()] make tf_to_crops done
[make_crop_data_batch()] render done
[make_crop_data_batch()] warp done
[make_crop_data_batch()] pose batch data done
[predict()] forward start
[predict()] forward done
[track_one()] pose done
[track_one()] Welcome
[track_one()] depth processing done
[predict()] ob_in_cams:(1, 4, 4)
[predict()] self.cfg.use_normal:False
[predict()] trans_normalizer:[0.019999999552965164, 0.019999999552965164, 0.05000000074505806], rot_normalizer:0.3490658503988659
[predict()] making cropped data
[make_crop_data_batch()] Welcome make_crop_data_batch
[make_crop_data_batch()] make tf_to_crops done
[make_crop_data_batch()] render done
[make_crop_data_batch()] warp done
[make_crop_data_batch()] pose batch data done
[predict()] forward start
[predict()] forward done
[track_one()] pose done
[track_one()] Welcome
[track_one()] depth processing done
[predict()] ob_in_cams:(1, 4, 4)
[predict()] self.cfg.use_normal:False
[predict()] trans_normalizer:[0.019999999552965164, 0.019999999552965164, 0.05000000074505806], rot_normalizer:0.3490658503988659
[predict()] making cropped data
[make_crop_data_batch()] Welcome make_crop_data_batch
[make_crop_data_batch()] make tf_to_crops done
[make_crop_data_batch()] render done
[make_crop_data_batch()] warp done
[make_crop_data_batch()] pose batch data done
[predict()] forward start
[predict()] forward done
[track_one()] pose done
[track_one()] Welcome
[track_one()] depth processing done
[predict()] ob_in_cams:(1, 4, 4)
[predict()] self.cfg.use_normal:False
[predict()] trans_normalizer:[0.019999999552965164, 0.019999999552965164, 0.05000000074505806], rot_normalizer:0.3490658503988659
[predict()] making cropped data
[make_crop_data_batch()] Welcome make_crop_data_batch
[make_crop_data_batch()] make tf_to_crops done
[make_crop_data_batch()] render done
[make_crop_data_batch()] warp done
[make_crop_data_batch()] pose batch data done
[predict()] forward start
[predict()] forward done
[track_one()] pose done
[track_one()] Welcome
[track_one()] depth processing done
[predict()] ob_in_cams:(1, 4, 4)
[predict()] self.cfg.use_normal:False
[predict()] trans_normalizer:[0.019999999552965164, 0.019999999552965164, 0.05000000074505806], rot_normalizer:0.3490658503988659
[predict()] making cropped data
[make_crop_data_batch()] Welcome make_crop_data_batch
[make_crop_data_batch()] make tf_to_crops done
[make_crop_data_batch()] render done
[make_crop_data_batch()] warp done
[make_crop_data_batch()] pose batch data done
[predict()] forward start
[predict()] forward done
[track_one()] pose done
[track_one()] Welcome
[track_one()] depth processing done
[predict()] ob_in_cams:(1, 4, 4)
[predict()] self.cfg.use_normal:False
[predict()] trans_normalizer:[0.019999999552965164, 0.019999999552965164, 0.05000000074505806], rot_normalizer:0.3490658503988659
[predict()] making cropped data
[make_crop_data_batch()] Welcome make_crop_data_batch
[make_crop_data_batch()] make tf_to_crops done
[make_crop_data_batch()] render done
[make_crop_data_batch()] warp done
[make_crop_data_batch()] pose batch data done
[predict()] forward start
[predict()] forward done
[track_one()] pose done
[track_one()] Welcome
[track_one()] depth processing done
[predict()] ob_in_cams:(1, 4, 4)
[predict()] self.cfg.use_normal:False
[predict()] trans_normalizer:[0.019999999552965164, 0.019999999552965164, 0.05000000074505806], rot_normalizer:0.3490658503988659
[predict()] making cropped data
[make_crop_data_batch()] Welcome make_crop_data_batch
[make_crop_data_batch()] make tf_to_crops done
[make_crop_data_batch()] render done
[make_crop_data_batch()] warp done
[make_crop_data_batch()] pose batch data done
[predict()] forward start
[predict()] forward done
[track_one()] pose done
[track_one()] Welcome
[track_one()] depth processing done
[predict()] ob_in_cams:(1, 4, 4)
[predict()] self.cfg.use_normal:False
[predict()] trans_normalizer:[0.019999999552965164, 0.019999999552965164, 0.05000000074505806], rot_normalizer:0.3490658503988659
[predict()] making cropped data
[make_crop_data_batch()] Welcome make_crop_data_batch
[make_crop_data_batch()] make tf_to_crops done
[make_crop_data_batch()] render done
[make_crop_data_batch()] warp done
[make_crop_data_batch()] pose batch data done
[predict()] forward start
[predict()] forward done
[track_one()] pose done
[track_one()] Welcome
[track_one()] depth processing done
[predict()] ob_in_cams:(1, 4, 4)
[predict()] self.cfg.use_normal:False
[predict()] trans_normalizer:[0.019999999552965164, 0.019999999552965164, 0.05000000074505806], rot_normalizer:0.3490658503988659
[predict()] making cropped data
[make_crop_data_batch()] Welcome make_crop_data_batch
[make_crop_data_batch()] make tf_to_crops done
[make_crop_data_batch()] render done
[make_crop_data_batch()] warp done
[make_crop_data_batch()] pose batch data done
[predict()] forward start
[predict()] forward done
[track_one()] pose done
[track_one()] Welcome
[track_one()] depth processing done
[predict()] ob_in_cams:(1, 4, 4)
[predict()] self.cfg.use_normal:False
[predict()] trans_normalizer:[0.019999999552965164, 0.019999999552965164, 0.05000000074505806], rot_normalizer:0.3490658503988659
[predict()] making cropped data
[make_crop_data_batch()] Welcome make_crop_data_batch
[make_crop_data_batch()] make tf_to_crops done
[make_crop_data_batch()] render done
[make_crop_data_batch()] warp done
[make_crop_data_batch()] pose batch data done
[predict()] forward start
[predict()] forward done
[track_one()] pose done
[track_one()] Welcome
[track_one()] depth processing done
[predict()] ob_in_cams:(1, 4, 4)
[predict()] self.cfg.use_normal:False
[predict()] trans_normalizer:[0.019999999552965164, 0.019999999552965164, 0.05000000074505806], rot_normalizer:0.3490658503988659
[predict()] making cropped data
[make_crop_data_batch()] Welcome make_crop_data_batch
[make_crop_data_batch()] make tf_to_crops done
[make_crop_data_batch()] render done
[make_crop_data_batch()] warp done
[make_crop_data_batch()] pose batch data done
[predict()] forward start
[predict()] forward done
[track_one()] pose done
[track_one()] Welcome
[track_one()] depth processing done
[predict()] ob_in_cams:(1, 4, 4)
[predict()] self.cfg.use_normal:False
[predict()] trans_normalizer:[0.019999999552965164, 0.019999999552965164, 0.05000000074505806], rot_normalizer:0.3490658503988659
[predict()] making cropped data
[make_crop_data_batch()] Welcome make_crop_data_batch
[make_crop_data_batch()] make tf_to_crops done
[make_crop_data_batch()] render done
[make_crop_data_batch()] warp done
[make_crop_data_batch()] pose batch data done
[predict()] forward start
[predict()] forward done
[track_one()] pose done
[track_one()] Welcome
[track_one()] depth processing done
[predict()] ob_in_cams:(1, 4, 4)
[predict()] self.cfg.use_normal:False
[predict()] trans_normalizer:[0.019999999552965164, 0.019999999552965164, 0.05000000074505806], rot_normalizer:0.3490658503988659
[predict()] making cropped data
[make_crop_data_batch()] Welcome make_crop_data_batch
[make_crop_data_batch()] make tf_to_crops done
[make_crop_data_batch()] render done
[make_crop_data_batch()] warp done
[make_crop_data_batch()] pose batch data done
[predict()] forward start
[predict()] forward done
[track_one()] pose done
[track_one()] Welcome
[track_one()] depth processing done
[predict()] ob_in_cams:(1, 4, 4)
[predict()] self.cfg.use_normal:False
[predict()] trans_normalizer:[0.019999999552965164, 0.019999999552965164, 0.05000000074505806], rot_normalizer:0.3490658503988659
[predict()] making cropped data
[make_crop_data_batch()] Welcome make_crop_data_batch
[make_crop_data_batch()] make tf_to_crops done
[make_crop_data_batch()] render done
[make_crop_data_batch()] warp done
[make_crop_data_batch()] pose batch data done
[predict()] forward start
[predict()] forward done
[track_one()] pose done
[track_one()] Welcome
[track_one()] depth processing done
[predict()] ob_in_cams:(1, 4, 4)
[predict()] self.cfg.use_normal:False
[predict()] trans_normalizer:[0.019999999552965164, 0.019999999552965164, 0.05000000074505806], rot_normalizer:0.3490658503988659
[predict()] making cropped data
[make_crop_data_batch()] Welcome make_crop_data_batch
[make_crop_data_batch()] make tf_to_crops done
[make_crop_data_batch()] render done
[make_crop_data_batch()] warp done
[make_crop_data_batch()] pose batch data done
[predict()] forward start
[predict()] forward done
[track_one()] pose done
[track_one()] Welcome
[track_one()] depth processing done
[predict()] ob_in_cams:(1, 4, 4)
[predict()] self.cfg.use_normal:False
[predict()] trans_normalizer:[0.019999999552965164, 0.019999999552965164, 0.05000000074505806], rot_normalizer:0.3490658503988659
[predict()] making cropped data
[make_crop_data_batch()] Welcome make_crop_data_batch
[make_crop_data_batch()] make tf_to_crops done
[make_crop_data_batch()] render done
[make_crop_data_batch()] warp done
[make_crop_data_batch()] pose batch data done
[predict()] forward start
[predict()] forward done
[track_one()] pose done
[track_one()] Welcome
[track_one()] depth processing done
[predict()] ob_in_cams:(1, 4, 4)
[predict()] self.cfg.use_normal:False
[predict()] trans_normalizer:[0.019999999552965164, 0.019999999552965164, 0.05000000074505806], rot_normalizer:0.3490658503988659
[predict()] making cropped data
[make_crop_data_batch()] Welcome make_crop_data_batch
[make_crop_data_batch()] make tf_to_crops done
[make_crop_data_batch()] render done
[make_crop_data_batch()] warp done
[make_crop_data_batch()] pose batch data done
[predict()] forward start
[predict()] forward done
[track_one()] pose done
[track_one()] Welcome
[track_one()] depth processing done
[predict()] ob_in_cams:(1, 4, 4)
[predict()] self.cfg.use_normal:False
[predict()] trans_normalizer:[0.019999999552965164, 0.019999999552965164, 0.05000000074505806], rot_normalizer:0.3490658503988659
[predict()] making cropped data
[make_crop_data_batch()] Welcome make_crop_data_batch
[make_crop_data_batch()] make tf_to_crops done
[make_crop_data_batch()] render done
[make_crop_data_batch()] warp done
[make_crop_data_batch()] pose batch data done
[predict()] forward start
[predict()] forward done
[track_one()] pose done
[track_one()] Welcome
[track_one()] depth processing done
[predict()] ob_in_cams:(1, 4, 4)
[predict()] self.cfg.use_normal:False
[predict()] trans_normalizer:[0.019999999552965164, 0.019999999552965164, 0.05000000074505806], rot_normalizer:0.3490658503988659
[predict()] making cropped data
[make_crop_data_batch()] Welcome make_crop_data_batch
[make_crop_data_batch()] make tf_to_crops done
[make_crop_data_batch()] render done
[make_crop_data_batch()] warp done
[make_crop_data_batch()] pose batch data done
[predict()] forward start
[predict()] forward done
[track_one()] pose done
[track_one()] Welcome
[track_one()] depth processing done
[predict()] ob_in_cams:(1, 4, 4)
[predict()] self.cfg.use_normal:False
[predict()] trans_normalizer:[0.019999999552965164, 0.019999999552965164, 0.05000000074505806], rot_normalizer:0.3490658503988659
[predict()] making cropped data
[make_crop_data_batch()] Welcome make_crop_data_batch
[make_crop_data_batch()] make tf_to_crops done
[make_crop_data_batch()] render done
[make_crop_data_batch()] warp done
[make_crop_data_batch()] pose batch data done
[predict()] forward start
[predict()] forward done
[track_one()] pose done
[track_one()] Welcome
[track_one()] depth processing done
[predict()] ob_in_cams:(1, 4, 4)
[predict()] self.cfg.use_normal:False
[predict()] trans_normalizer:[0.019999999552965164, 0.019999999552965164, 0.05000000074505806], rot_normalizer:0.3490658503988659
[predict()] making cropped data
[make_crop_data_batch()] Welcome make_crop_data_batch
[make_crop_data_batch()] make tf_to_crops done
[make_crop_data_batch()] render done
[make_crop_data_batch()] warp done
[make_crop_data_batch()] pose batch data done
[predict()] forward start
[predict()] forward done
[track_one()] pose done
[track_one()] Welcome
[track_one()] depth processing done
[predict()] ob_in_cams:(1, 4, 4)
[predict()] self.cfg.use_normal:False
[predict()] trans_normalizer:[0.019999999552965164, 0.019999999552965164, 0.05000000074505806], rot_normalizer:0.3490658503988659
[predict()] making cropped data
[make_crop_data_batch()] Welcome make_crop_data_batch
[make_crop_data_batch()] make tf_to_crops done
[make_crop_data_batch()] render done
[make_crop_data_batch()] warp done
[make_crop_data_batch()] pose batch data done
[predict()] forward start
[predict()] forward done
[track_one()] pose done
[track_one()] Welcome
[track_one()] depth processing done
[predict()] ob_in_cams:(1, 4, 4)
[predict()] self.cfg.use_normal:False
[predict()] trans_normalizer:[0.019999999552965164, 0.019999999552965164, 0.05000000074505806], rot_normalizer:0.3490658503988659
[predict()] making cropped data
[make_crop_data_batch()] Welcome make_crop_data_batch
[make_crop_data_batch()] make tf_to_crops done
[make_crop_data_batch()] render done
[make_crop_data_batch()] warp done
[make_crop_data_batch()] pose batch data done
[predict()] forward start
[predict()] forward done
[track_one()] pose done
[track_one()] Welcome
[track_one()] depth processing done
[predict()] ob_in_cams:(1, 4, 4)
[predict()] self.cfg.use_normal:False
[predict()] trans_normalizer:[0.019999999552965164, 0.019999999552965164, 0.05000000074505806], rot_normalizer:0.3490658503988659
[predict()] making cropped data
[make_crop_data_batch()] Welcome make_crop_data_batch
[make_crop_data_batch()] make tf_to_crops done
[make_crop_data_batch()] render done
[make_crop_data_batch()] warp done
[make_crop_data_batch()] pose batch data done
[predict()] forward start
[predict()] forward done
[track_one()] pose done
[track_one()] Welcome
[track_one()] depth processing done
[predict()] ob_in_cams:(1, 4, 4)
[predict()] self.cfg.use_normal:False
[predict()] trans_normalizer:[0.019999999552965164, 0.019999999552965164, 0.05000000074505806], rot_normalizer:0.3490658503988659
[predict()] making cropped data
[make_crop_data_batch()] Welcome make_crop_data_batch
[make_crop_data_batch()] make tf_to_crops done
[make_crop_data_batch()] render done
[make_crop_data_batch()] warp done
[make_crop_data_batch()] pose batch data done
[predict()] forward start
[predict()] forward done
[track_one()] pose done
[track_one()] Welcome
[track_one()] depth processing done
[predict()] ob_in_cams:(1, 4, 4)
[predict()] self.cfg.use_normal:False
[predict()] trans_normalizer:[0.019999999552965164, 0.019999999552965164, 0.05000000074505806], rot_normalizer:0.3490658503988659
[predict()] making cropped data
[make_crop_data_batch()] Welcome make_crop_data_batch
[make_crop_data_batch()] make tf_to_crops done
[make_crop_data_batch()] render done
[make_crop_data_batch()] warp done
[make_crop_data_batch()] pose batch data done
[predict()] forward start
[predict()] forward done
[track_one()] pose done
[track_one()] Welcome
[track_one()] depth processing done
[predict()] ob_in_cams:(1, 4, 4)
[predict()] self.cfg.use_normal:False
[predict()] trans_normalizer:[0.019999999552965164, 0.019999999552965164, 0.05000000074505806], rot_normalizer:0.3490658503988659
[predict()] making cropped data
[make_crop_data_batch()] Welcome make_crop_data_batch
[make_crop_data_batch()] make tf_to_crops done
[make_crop_data_batch()] render done
[make_crop_data_batch()] warp done
[make_crop_data_batch()] pose batch data done
[predict()] forward start
[predict()] forward done
[track_one()] pose done
[track_one()] Welcome
[track_one()] depth processing done
[predict()] ob_in_cams:(1, 4, 4)
[predict()] self.cfg.use_normal:False
[predict()] trans_normalizer:[0.019999999552965164, 0.019999999552965164, 0.05000000074505806], rot_normalizer:0.3490658503988659
[predict()] making cropped data
[make_crop_data_batch()] Welcome make_crop_data_batch
[make_crop_data_batch()] make tf_to_crops done
[make_crop_data_batch()] render done
[make_crop_data_batch()] warp done
[make_crop_data_batch()] pose batch data done
[predict()] forward start
[predict()] forward done
[track_one()] pose done
[track_one()] Welcome
[track_one()] depth processing done
[predict()] ob_in_cams:(1, 4, 4)
[predict()] self.cfg.use_normal:False
[predict()] trans_normalizer:[0.019999999552965164, 0.019999999552965164, 0.05000000074505806], rot_normalizer:0.3490658503988659
[predict()] making cropped data
[make_crop_data_batch()] Welcome make_crop_data_batch
[make_crop_data_batch()] make tf_to_crops done
[make_crop_data_batch()] render done
[make_crop_data_batch()] warp done
[make_crop_data_batch()] pose batch data done
[predict()] forward start
[predict()] forward done
[track_one()] pose done
[track_one()] Welcome
[track_one()] depth processing done
[predict()] ob_in_cams:(1, 4, 4)
[predict()] self.cfg.use_normal:False
[predict()] trans_normalizer:[0.019999999552965164, 0.019999999552965164, 0.05000000074505806], rot_normalizer:0.3490658503988659
[predict()] making cropped data
[make_crop_data_batch()] Welcome make_crop_data_batch
[make_crop_data_batch()] make tf_to_crops done
[make_crop_data_batch()] render done
[make_crop_data_batch()] warp done
[make_crop_data_batch()] pose batch data done
[predict()] forward start
[predict()] forward done
[track_one()] pose done
[track_one()] Welcome
[track_one()] depth processing done
[predict()] ob_in_cams:(1, 4, 4)
[predict()] self.cfg.use_normal:False
[predict()] trans_normalizer:[0.019999999552965164, 0.019999999552965164, 0.05000000074505806], rot_normalizer:0.3490658503988659
[predict()] making cropped data
[make_crop_data_batch()] Welcome make_crop_data_batch
[make_crop_data_batch()] make tf_to_crops done
[make_crop_data_batch()] render done
[make_crop_data_batch()] warp done
[make_crop_data_batch()] pose batch data done
[predict()] forward start
[predict()] forward done
[track_one()] pose done
[track_one()] Welcome
[track_one()] depth processing done
[predict()] ob_in_cams:(1, 4, 4)
[predict()] self.cfg.use_normal:False
[predict()] trans_normalizer:[0.019999999552965164, 0.019999999552965164, 0.05000000074505806], rot_normalizer:0.3490658503988659
[predict()] making cropped data
[make_crop_data_batch()] Welcome make_crop_data_batch
[make_crop_data_batch()] make tf_to_crops done
[make_crop_data_batch()] render done
[make_crop_data_batch()] warp done
[make_crop_data_batch()] pose batch data done
[predict()] forward start
[predict()] forward done
[track_one()] pose done
[track_one()] Welcome
[track_one()] depth processing done
[predict()] ob_in_cams:(1, 4, 4)
[predict()] self.cfg.use_normal:False
[predict()] trans_normalizer:[0.019999999552965164, 0.019999999552965164, 0.05000000074505806], rot_normalizer:0.3490658503988659
[predict()] making cropped data
[make_crop_data_batch()] Welcome make_crop_data_batch
[make_crop_data_batch()] make tf_to_crops done
[make_crop_data_batch()] render done
[make_crop_data_batch()] warp done
[make_crop_data_batch()] pose batch data done
[predict()] forward start
[predict()] forward done
[track_one()] pose done
[track_one()] Welcome
[track_one()] depth processing done
[predict()] ob_in_cams:(1, 4, 4)
[predict()] self.cfg.use_normal:False
[predict()] trans_normalizer:[0.019999999552965164, 0.019999999552965164, 0.05000000074505806], rot_normalizer:0.3490658503988659
[predict()] making cropped data
[make_crop_data_batch()] Welcome make_crop_data_batch
[make_crop_data_batch()] make tf_to_crops done
[make_crop_data_batch()] render done
[make_crop_data_batch()] warp done
[make_crop_data_batch()] pose batch data done
[predict()] forward start
[predict()] forward done
[track_one()] pose done
[track_one()] Welcome
[track_one()] depth processing done
[predict()] ob_in_cams:(1, 4, 4)
[predict()] self.cfg.use_normal:False
[predict()] trans_normalizer:[0.019999999552965164, 0.019999999552965164, 0.05000000074505806], rot_normalizer:0.3490658503988659
[predict()] making cropped data
[make_crop_data_batch()] Welcome make_crop_data_batch
[make_crop_data_batch()] make tf_to_crops done
[make_crop_data_batch()] render done
[make_crop_data_batch()] warp done
[make_crop_data_batch()] pose batch data done
[predict()] forward start
[predict()] forward done
[track_one()] pose done
[track_one()] Welcome
[track_one()] depth processing done
[predict()] ob_in_cams:(1, 4, 4)
[predict()] self.cfg.use_normal:False
[predict()] trans_normalizer:[0.019999999552965164, 0.019999999552965164, 0.05000000074505806], rot_normalizer:0.3490658503988659
[predict()] making cropped data
[make_crop_data_batch()] Welcome make_crop_data_batch
[make_crop_data_batch()] make tf_to_crops done
[make_crop_data_batch()] render done
[make_crop_data_batch()] warp done
[make_crop_data_batch()] pose batch data done
[predict()] forward start
[predict()] forward done
[track_one()] pose done
[track_one()] Welcome
[track_one()] depth processing done
[predict()] ob_in_cams:(1, 4, 4)
[predict()] self.cfg.use_normal:False
[predict()] trans_normalizer:[0.019999999552965164, 0.019999999552965164, 0.05000000074505806], rot_normalizer:0.3490658503988659
[predict()] making cropped data
[make_crop_data_batch()] Welcome make_crop_data_batch
[make_crop_data_batch()] make tf_to_crops done
[make_crop_data_batch()] render done
[make_crop_data_batch()] warp done
[make_crop_data_batch()] pose batch data done
[predict()] forward start
[predict()] forward done
[track_one()] pose done
[track_one()] Welcome
[track_one()] depth processing done
[predict()] ob_in_cams:(1, 4, 4)
[predict()] self.cfg.use_normal:False
[predict()] trans_normalizer:[0.019999999552965164, 0.019999999552965164, 0.05000000074505806], rot_normalizer:0.3490658503988659
[predict()] making cropped data
[make_crop_data_batch()] Welcome make_crop_data_batch
[make_crop_data_batch()] make tf_to_crops done
[make_crop_data_batch()] render done
[make_crop_data_batch()] warp done
[make_crop_data_batch()] pose batch data done
[predict()] forward start
[predict()] forward done
[track_one()] pose done
[track_one()] Welcome
[track_one()] depth processing done
[predict()] ob_in_cams:(1, 4, 4)
[predict()] self.cfg.use_normal:False
[predict()] trans_normalizer:[0.019999999552965164, 0.019999999552965164, 0.05000000074505806], rot_normalizer:0.3490658503988659
[predict()] making cropped data
[make_crop_data_batch()] Welcome make_crop_data_batch
[make_crop_data_batch()] make tf_to_crops done
[make_crop_data_batch()] render done
[make_crop_data_batch()] warp done
[make_crop_data_batch()] pose batch data done
[predict()] forward start
[predict()] forward done
[track_one()] pose done
[track_one()] Welcome
[track_one()] depth processing done
[predict()] ob_in_cams:(1, 4, 4)
[predict()] self.cfg.use_normal:False
[predict()] trans_normalizer:[0.019999999552965164, 0.019999999552965164, 0.05000000074505806], rot_normalizer:0.3490658503988659
[predict()] making cropped data
[make_crop_data_batch()] Welcome make_crop_data_batch
[make_crop_data_batch()] make tf_to_crops done
[make_crop_data_batch()] render done
[make_crop_data_batch()] warp done
[make_crop_data_batch()] pose batch data done
[predict()] forward start
[predict()] forward done
[track_one()] pose done
[track_one()] Welcome
[track_one()] depth processing done
[predict()] ob_in_cams:(1, 4, 4)
[predict()] self.cfg.use_normal:False
[predict()] trans_normalizer:[0.019999999552965164, 0.019999999552965164, 0.05000000074505806], rot_normalizer:0.3490658503988659
[predict()] making cropped data
[make_crop_data_batch()] Welcome make_crop_data_batch
[make_crop_data_batch()] make tf_to_crops done
[make_crop_data_batch()] render done
[make_crop_data_batch()] warp done
[make_crop_data_batch()] pose batch data done
[predict()] forward start
[predict()] forward done
[track_one()] pose done
[track_one()] Welcome
[track_one()] depth processing done
[predict()] ob_in_cams:(1, 4, 4)
[predict()] self.cfg.use_normal:False
[predict()] trans_normalizer:[0.019999999552965164, 0.019999999552965164, 0.05000000074505806], rot_normalizer:0.3490658503988659
[predict()] making cropped data
[make_crop_data_batch()] Welcome make_crop_data_batch
[make_crop_data_batch()] make tf_to_crops done
[make_crop_data_batch()] render done
[make_crop_data_batch()] warp done
[make_crop_data_batch()] pose batch data done
[predict()] forward start
[predict()] forward done
[track_one()] pose done
[track_one()] Welcome
[track_one()] depth processing done
[predict()] ob_in_cams:(1, 4, 4)
[predict()] self.cfg.use_normal:False
[predict()] trans_normalizer:[0.019999999552965164, 0.019999999552965164, 0.05000000074505806], rot_normalizer:0.3490658503988659
[predict()] making cropped data
[make_crop_data_batch()] Welcome make_crop_data_batch
[make_crop_data_batch()] make tf_to_crops done
[make_crop_data_batch()] render done
[make_crop_data_batch()] warp done
[make_crop_data_batch()] pose batch data done
[predict()] forward start
[predict()] forward done
[track_one()] pose done
[track_one()] Welcome
[track_one()] depth processing done
[predict()] ob_in_cams:(1, 4, 4)
[predict()] self.cfg.use_normal:False
[predict()] trans_normalizer:[0.019999999552965164, 0.019999999552965164, 0.05000000074505806], rot_normalizer:0.3490658503988659
[predict()] making cropped data
[make_crop_data_batch()] Welcome make_crop_data_batch
[make_crop_data_batch()] make tf_to_crops done
[make_crop_data_batch()] render done
[make_crop_data_batch()] warp done
[make_crop_data_batch()] pose batch data done
[predict()] forward start
[predict()] forward done
[track_one()] pose done
[track_one()] Welcome
[track_one()] depth processing done
[predict()] ob_in_cams:(1, 4, 4)
[predict()] self.cfg.use_normal:False
[predict()] trans_normalizer:[0.019999999552965164, 0.019999999552965164, 0.05000000074505806], rot_normalizer:0.3490658503988659
[predict()] making cropped data
[make_crop_data_batch()] Welcome make_crop_data_batch
[make_crop_data_batch()] make tf_to_crops done
[make_crop_data_batch()] render done
[make_crop_data_batch()] warp done
[make_crop_data_batch()] pose batch data done
[predict()] forward start
[predict()] forward done
[track_one()] pose done
[track_one()] Welcome
[track_one()] depth processing done
[predict()] ob_in_cams:(1, 4, 4)
[predict()] self.cfg.use_normal:False
[predict()] trans_normalizer:[0.019999999552965164, 0.019999999552965164, 0.05000000074505806], rot_normalizer:0.3490658503988659
[predict()] making cropped data
[make_crop_data_batch()] Welcome make_crop_data_batch
[make_crop_data_batch()] make tf_to_crops done
[make_crop_data_batch()] render done
[make_crop_data_batch()] warp done
[make_crop_data_batch()] pose batch data done
[predict()] forward start
[predict()] forward done
[track_one()] pose done
[track_one()] Welcome
[track_one()] depth processing done
[predict()] ob_in_cams:(1, 4, 4)
[predict()] self.cfg.use_normal:False
[predict()] trans_normalizer:[0.019999999552965164, 0.019999999552965164, 0.05000000074505806], rot_normalizer:0.3490658503988659
[predict()] making cropped data
[make_crop_data_batch()] Welcome make_crop_data_batch
[make_crop_data_batch()] make tf_to_crops done
[make_crop_data_batch()] render done
[make_crop_data_batch()] warp done
[make_crop_data_batch()] pose batch data done
[predict()] forward start
[predict()] forward done
[track_one()] pose done
[track_one()] Welcome
[track_one()] depth processing done
[predict()] ob_in_cams:(1, 4, 4)
[predict()] self.cfg.use_normal:False
[predict()] trans_normalizer:[0.019999999552965164, 0.019999999552965164, 0.05000000074505806], rot_normalizer:0.3490658503988659
[predict()] making cropped data
[make_crop_data_batch()] Welcome make_crop_data_batch
[make_crop_data_batch()] make tf_to_crops done
[make_crop_data_batch()] render done
[make_crop_data_batch()] warp done
[make_crop_data_batch()] pose batch data done
[predict()] forward start
[predict()] forward done
[track_one()] pose done
[track_one()] Welcome
[track_one()] depth processing done
[predict()] ob_in_cams:(1, 4, 4)
[predict()] self.cfg.use_normal:False
[predict()] trans_normalizer:[0.019999999552965164, 0.019999999552965164, 0.05000000074505806], rot_normalizer:0.3490658503988659
[predict()] making cropped data
[make_crop_data_batch()] Welcome make_crop_data_batch
[make_crop_data_batch()] make tf_to_crops done
[make_crop_data_batch()] render done
[make_crop_data_batch()] warp done
[make_crop_data_batch()] pose batch data done
[predict()] forward start
[predict()] forward done
[track_one()] pose done
[track_one()] Welcome
[track_one()] depth processing done
[predict()] ob_in_cams:(1, 4, 4)
[predict()] self.cfg.use_normal:False
[predict()] trans_normalizer:[0.019999999552965164, 0.019999999552965164, 0.05000000074505806], rot_normalizer:0.3490658503988659
[predict()] making cropped data
[make_crop_data_batch()] Welcome make_crop_data_batch
[make_crop_data_batch()] make tf_to_crops done
[make_crop_data_batch()] render done
[make_crop_data_batch()] warp done
[make_crop_data_batch()] pose batch data done
[predict()] forward start
[predict()] forward done
[track_one()] pose done
[track_one()] Welcome
[track_one()] depth processing done
[predict()] ob_in_cams:(1, 4, 4)
[predict()] self.cfg.use_normal:False
[predict()] trans_normalizer:[0.019999999552965164, 0.019999999552965164, 0.05000000074505806], rot_normalizer:0.3490658503988659
[predict()] making cropped data
[make_crop_data_batch()] Welcome make_crop_data_batch
[make_crop_data_batch()] make tf_to_crops done
[make_crop_data_batch()] render done
[make_crop_data_batch()] warp done
[make_crop_data_batch()] pose batch data done
[predict()] forward start
[predict()] forward done
[track_one()] pose done
[track_one()] Welcome
[track_one()] depth processing done
[predict()] ob_in_cams:(1, 4, 4)
[predict()] self.cfg.use_normal:False
[predict()] trans_normalizer:[0.019999999552965164, 0.019999999552965164, 0.05000000074505806], rot_normalizer:0.3490658503988659
[predict()] making cropped data
[make_crop_data_batch()] Welcome make_crop_data_batch
[make_crop_data_batch()] make tf_to_crops done
[make_crop_data_batch()] render done
[make_crop_data_batch()] warp done
[make_crop_data_batch()] pose batch data done
[predict()] forward start
[predict()] forward done
[track_one()] pose done
[track_one()] Welcome
[track_one()] depth processing done
[predict()] ob_in_cams:(1, 4, 4)
[predict()] self.cfg.use_normal:False
[predict()] trans_normalizer:[0.019999999552965164, 0.019999999552965164, 0.05000000074505806], rot_normalizer:0.3490658503988659
[predict()] making cropped data
[make_crop_data_batch()] Welcome make_crop_data_batch
[make_crop_data_batch()] make tf_to_crops done
[make_crop_data_batch()] render done
[make_crop_data_batch()] warp done
[make_crop_data_batch()] pose batch data done
[predict()] forward start
[predict()] forward done
[track_one()] pose done
[track_one()] Welcome
[track_one()] depth processing done
[predict()] ob_in_cams:(1, 4, 4)
[predict()] self.cfg.use_normal:False
[predict()] trans_normalizer:[0.019999999552965164, 0.019999999552965164, 0.05000000074505806], rot_normalizer:0.3490658503988659
[predict()] making cropped data
[make_crop_data_batch()] Welcome make_crop_data_batch
[make_crop_data_batch()] make tf_to_crops done
[make_crop_data_batch()] render done
[make_crop_data_batch()] warp done
[make_crop_data_batch()] pose batch data done
[predict()] forward start
[predict()] forward done
[track_one()] pose done
[track_one()] Welcome
[track_one()] depth processing done
[predict()] ob_in_cams:(1, 4, 4)
[predict()] self.cfg.use_normal:False
[predict()] trans_normalizer:[0.019999999552965164, 0.019999999552965164, 0.05000000074505806], rot_normalizer:0.3490658503988659
[predict()] making cropped data
[make_crop_data_batch()] Welcome make_crop_data_batch
[make_crop_data_batch()] make tf_to_crops done
[make_crop_data_batch()] render done
[make_crop_data_batch()] warp done
[make_crop_data_batch()] pose batch data done
[predict()] forward start
[predict()] forward done
[track_one()] pose done
[track_one()] Welcome
[track_one()] depth processing done
[predict()] ob_in_cams:(1, 4, 4)
[predict()] self.cfg.use_normal:False
[predict()] trans_normalizer:[0.019999999552965164, 0.019999999552965164, 0.05000000074505806], rot_normalizer:0.3490658503988659
[predict()] making cropped data
[make_crop_data_batch()] Welcome make_crop_data_batch
[make_crop_data_batch()] make tf_to_crops done
[make_crop_data_batch()] render done
[make_crop_data_batch()] warp done
[make_crop_data_batch()] pose batch data done
[predict()] forward start
[predict()] forward done
[track_one()] pose done
[track_one()] Welcome
[track_one()] depth processing done
[predict()] ob_in_cams:(1, 4, 4)
[predict()] self.cfg.use_normal:False
[predict()] trans_normalizer:[0.019999999552965164, 0.019999999552965164, 0.05000000074505806], rot_normalizer:0.3490658503988659
[predict()] making cropped data
[make_crop_data_batch()] Welcome make_crop_data_batch
[make_crop_data_batch()] make tf_to_crops done
[make_crop_data_batch()] render done
[make_crop_data_batch()] warp done
[make_crop_data_batch()] pose batch data done
[predict()] forward start
[predict()] forward done
[track_one()] pose done
[track_one()] Welcome
[track_one()] depth processing done
[predict()] ob_in_cams:(1, 4, 4)
[predict()] self.cfg.use_normal:False
[predict()] trans_normalizer:[0.019999999552965164, 0.019999999552965164, 0.05000000074505806], rot_normalizer:0.3490658503988659
[predict()] making cropped data
[make_crop_data_batch()] Welcome make_crop_data_batch
[make_crop_data_batch()] make tf_to_crops done
[make_crop_data_batch()] render done
[make_crop_data_batch()] warp done
[make_crop_data_batch()] pose batch data done
[predict()] forward start
[predict()] forward done
[track_one()] pose done
[track_one()] Welcome
[track_one()] depth processing done
[predict()] ob_in_cams:(1, 4, 4)
[predict()] self.cfg.use_normal:False
[predict()] trans_normalizer:[0.019999999552965164, 0.019999999552965164, 0.05000000074505806], rot_normalizer:0.3490658503988659
[predict()] making cropped data
[make_crop_data_batch()] Welcome make_crop_data_batch
[make_crop_data_batch()] make tf_to_crops done
[make_crop_data_batch()] render done
[make_crop_data_batch()] warp done
[make_crop_data_batch()] pose batch data done
[predict()] forward start
[predict()] forward done
[track_one()] pose done
[track_one()] Welcome
[track_one()] depth processing done
[predict()] ob_in_cams:(1, 4, 4)
[predict()] self.cfg.use_normal:False
[predict()] trans_normalizer:[0.019999999552965164, 0.019999999552965164, 0.05000000074505806], rot_normalizer:0.3490658503988659
[predict()] making cropped data
[make_crop_data_batch()] Welcome make_crop_data_batch
[make_crop_data_batch()] make tf_to_crops done
[make_crop_data_batch()] render done
[make_crop_data_batch()] warp done
[make_crop_data_batch()] pose batch data done
[predict()] forward start
[predict()] forward done
[track_one()] pose done
[track_one()] Welcome
[track_one()] depth processing done
[predict()] ob_in_cams:(1, 4, 4)
[predict()] self.cfg.use_normal:False
[predict()] trans_normalizer:[0.019999999552965164, 0.019999999552965164, 0.05000000074505806], rot_normalizer:0.3490658503988659
[predict()] making cropped data
[make_crop_data_batch()] Welcome make_crop_data_batch
[make_crop_data_batch()] make tf_to_crops done
[make_crop_data_batch()] render done
[make_crop_data_batch()] warp done
[make_crop_data_batch()] pose batch data done
[predict()] forward start
[predict()] forward done
[track_one()] pose done
[track_one()] Welcome
[track_one()] depth processing done
[predict()] ob_in_cams:(1, 4, 4)
[predict()] self.cfg.use_normal:False
[predict()] trans_normalizer:[0.019999999552965164, 0.019999999552965164, 0.05000000074505806], rot_normalizer:0.3490658503988659
[predict()] making cropped data
[make_crop_data_batch()] Welcome make_crop_data_batch
[make_crop_data_batch()] make tf_to_crops done
[make_crop_data_batch()] render done
[make_crop_data_batch()] warp done
[make_crop_data_batch()] pose batch data done
[predict()] forward start
[predict()] forward done
[track_one()] pose done
Warp 1.14.0 initialized:
   CUDA Toolkit 12.9, Driver 13.0
   Devices:
     "cpu"      : "x86_64"
     "cuda:0"   : "NVIDIA RTX A6000" (47 GiB, sm_86, mempool enabled)
   Kernel cache:
     /home/yanghong/.cache/warp/1.14.0
Module Utils f1d1490 load on device 'cuda:0' took 1.28 ms  (cached)
[fp_pose] frame_plan object_1: 配准帧 106 -> 46
[__init__()] self.cfg: 
 lr: 0.0001
c_in: 6
zfar: 'Infinity'
debug: null
n_view: 1
run_id: 3wy8qqex
use_BN: true
exp_name: 2024-01-11-20-02-45
n_epochs: 62
save_dir: /home/bowenw/debug/2024-01-11-20-02-45/
use_mask: false
loss_type: pairwise_valid
optimizer: adam
batch_size: 64
crop_ratio: 1.1
enable_amp: true
use_normal: false
max_num_key: null
warmup_step: -1
input_resize:
- 160
- 160
max_step_val: 1000
vis_interval: 1000
weight_decay: 0
normalize_xyz: true
resume_run_id: null
clip_grad_norm: 'Infinity'
lr_epoch_decay: 500
render_backend: nvdiffrast
train_num_pair: 5
lr_decay_epochs:
- 50
n_epochs_warmup: 1
make_pair_online: false
gradient_max_norm: 'Infinity'
max_step_per_epoch: 10000
n_rendering_workers: 1
save_epoch_interval: 100
n_dataloader_workers: 100
split_objects_across_gpus: true
ckpt_dir: /home/yanghong/Reconstruct_and_Retarget/third_party/FoundationPose/learning/training/../../weights/2024-01-11-20-02-45/model_best.pth

[__init__()] self.h5_file:None
[__init__()] Using pretrained model from /home/yanghong/Reconstruct_and_Retarget/third_party/FoundationPose/learning/training/../../weights/2024-01-11-20-02-45/model_best.pth
[__init__()] init done
[__init__()] welcome
[__init__()] self.cfg: 
 lr: 0.0001
c_in: 6
zfar: .inf
debug: null
w_rot: 0.1
n_view: 1
run_id: null
use_BN: true
rot_rep: axis_angle
ckpt_dir: /home/yanghong/Reconstruct_and_Retarget/third_party/FoundationPose/learning/training/../../weights/2023-10-28-18-33-37/model_best.pth
exp_name: 2023-10-28-18-33-37
save_dir: /tmp/2023-10-28-18-33-37/
loss_type: l2
optimizer: adam
trans_rep: tracknet
batch_size: 64
crop_ratio: 1.2
use_normal: false
BN_momentum: 0.1
max_num_key: null
warmup_step: -1
input_resize:
- 160
- 160
max_step_val: 1000
normal_uint8: false
vis_interval: 1000
weight_decay: 0
n_max_objects: null
normalize_xyz: true
clip_grad_norm: 'Infinity'
rot_normalizer: 0.3490658503988659
trans_normalizer:
- 0.019999999552965164
- 0.019999999552965164
- 0.05000000074505806
max_step_per_epoch: 25000
val_epoch_interval: 10
n_dataloader_workers: 60
enable_amp: true
use_mask: false

[__init__()] self.h5_file:
[__init__()] Using pretrained model from /home/yanghong/Reconstruct_and_Retarget/third_party/FoundationPose/learning/training/../../weights/2023-10-28-18-33-37/model_best.pth
[__init__()] init done
[reset_object()] self.diameter:0.038878523069716786, vox_size:0.003
[reset_object()] self.pts:torch.Size([318, 3])
[reset_object()] reset done
[make_rotation_grid()] cam_in_obs:(42, 4, 4)
[make_rotation_grid()] rot_grid:(252, 4, 4)
[make_rotation_grid()] after cluster, rot_grid:(252, 4, 4)
[make_rotation_grid()] self.rot_grid: torch.Size([252, 4, 4])
[register()] Welcome
[register()] poses:(252, 4, 4)
[register()] after viewpoint, add_errs min:-1.0
[predict()] ob_in_cams:(252, 4, 4)
[predict()] self.cfg.use_normal:False
[predict()] trans_normalizer:[0.019999999552965164, 0.019999999552965164, 0.05000000074505806], rot_normalizer:0.3490658503988659
[predict()] making cropped data
[make_crop_data_batch()] Welcome make_crop_data_batch
[make_crop_data_batch()] make tf_to_crops done
[make_crop_data_batch()] render done
[make_crop_data_batch()] warp done
[make_crop_data_batch()] pose batch data done
[predict()] forward start
[predict()] forward done
[predict()] making cropped data
[make_crop_data_batch()] Welcome make_crop_data_batch
[make_crop_data_batch()] make tf_to_crops done
[make_crop_data_batch()] render done
[make_crop_data_batch()] warp done
[make_crop_data_batch()] pose batch data done
[predict()] forward start
[predict()] forward done
[predict()] making cropped data
[make_crop_data_batch()] Welcome make_crop_data_batch
[make_crop_data_batch()] make tf_to_crops done
[make_crop_data_batch()] render done
[make_crop_data_batch()] warp done
[make_crop_data_batch()] pose batch data done
[predict()] forward start
[predict()] forward done
[predict()] making cropped data
[make_crop_data_batch()] Welcome make_crop_data_batch
[make_crop_data_batch()] make tf_to_crops done
[make_crop_data_batch()] render done
[make_crop_data_batch()] warp done
[make_crop_data_batch()] pose batch data done
[predict()] forward start
[predict()] forward done
[predict()] making cropped data
[make_crop_data_batch()] Welcome make_crop_data_batch
[make_crop_data_batch()] make tf_to_crops done
[make_crop_data_batch()] render done
[make_crop_data_batch()] warp done
[make_crop_data_batch()] pose batch data done
[predict()] forward start
[predict()] forward done
[predict()] ob_in_cams:(252, 4, 4)
[predict()] self.cfg.use_normal:False
[predict()] making cropped data
[make_crop_data_batch()] Welcome make_crop_data_batch
[make_crop_data_batch()] make tf_to_crops done
[make_crop_data_batch()] render done
[make_crop_data_batch()] pose batch data done
[find_best_among_pairs()] pose_data.rgbAs.shape[0]: 252
[predict()] forward done
[register()] final, add_errs min:-1.0
[register()] sort ids:tensor([ 21,  75,   9, 249,  15, 207, 195, 222, 147,   3,  81, 168, 201, 153,
        174, 228, 244, 113, 183, 184, 189, 190, 237, 243,  27,  28,  34,  57,
         58,  70,  88,  94, 100, 106, 108, 109, 182, 238,  26,  32,  33,  51,
         69,  93, 105, 110, 111, 112, 178, 185, 242,  29,  35,  56,  87, 117,
        123, 172, 188, 236, 239,  99, 191, 232,  68,  86, 135, 226,  63,  65,
         74,  80,  92,  98, 104, 125, 143, 230, 245,   8,  14,  20, 138, 139,
        162, 170,   2,  10,  37,  47, 129, 142, 171, 194, 196, 200, 206, 219,
        248,   4,  16,  18,  22,  42,  43,  50,  62,  76,  82, 116, 122, 128,
        137, 144, 146, 152, 156, 157, 177, 250,  12,  36,  38,  41,  44,  53,
         90, 134, 140, 141, 163, 202, 210, 211, 216, 217, 221, 234, 240,   0,
         48,  54,  60,  96, 119, 120, 126, 132, 148, 150, 155, 161, 167, 198,
        204, 215, 231,  45,  78, 114, 154, 160, 180, 186, 208, 246,  64,  66,
         72,  91, 102, 103, 124, 130, 131, 136, 169, 175, 209, 220, 225,   6,
         11,  17,  52,  83,  84, 118, 145, 165, 166, 197, 223,   5,  23,  30,
         46,  77,  97, 149, 158, 164, 181, 203, 205, 229, 241, 251,  24,  25,
         31,  40,  59,  71,  85,  89,  95, 101, 107, 187, 192, 212, 214, 233,
        235,  39,  49,  55,  67, 133, 159, 176, 199, 218, 224, 227,  19,  61,
        127, 151, 179, 213, 247,  13,  73,  79, 115, 173,   1,   7, 121, 193])
[register()] sorted scores:tensor([133.6562, 133.6562, 133.5000, 133.5000, 133.4688, 133.4688, 133.4375,
        133.4062, 133.3750, 133.3438, 133.3438, 133.2500, 133.2500, 133.2188,
        133.1250, 133.1250, 133.0312, 133.0000, 133.0000, 133.0000, 133.0000,
        133.0000, 133.0000, 133.0000, 132.9688, 132.9688, 132.9688, 132.9688,
        132.9688, 132.9688, 132.9688, 132.9688, 132.9688, 132.9688, 132.9688,
        132.9688, 132.9688, 132.9688, 132.9375, 132.9375, 132.9375, 132.9375,
        132.9375, 132.9375, 132.9375, 132.9375, 132.9375, 132.9375, 132.9375,
        132.9375, 132.9375, 132.9062, 132.9062, 132.9062, 132.9062, 132.9062,
        132.9062, 132.9062, 132.9062, 132.9062, 132.9062, 132.8750, 132.8750,
        132.8750, 132.8438, 132.8438, 132.8438, 132.8438, 132.8125, 132.8125,
        132.8125, 132.8125, 132.8125, 132.8125, 132.8125, 132.8125, 132.8125,
        132.8125, 132.8125, 132.7812, 132.7812, 132.7812, 132.7812, 132.7812,
        132.7812, 132.7812, 132.7500, 132.7500, 132.7500, 132.7500, 132.7500,
        132.7500, 132.7500, 132.7500, 132.7500, 132.7500, 132.7500, 132.7500,
        132.7500, 132.7188, 132.7188, 132.7188, 132.7188, 132.7188, 132.7188,
        132.7188, 132.7188, 132.7188, 132.7188, 132.7188, 132.7188, 132.7188,
        132.7188, 132.7188, 132.7188, 132.7188, 132.7188, 132.7188, 132.7188,
        132.7188, 132.6875, 132.6875, 132.6875, 132.6875, 132.6875, 132.6875,
        132.6875, 132.6875, 132.6875, 132.6875, 132.6875, 132.6875, 132.6875,
        132.6875, 132.6875, 132.6875, 132.6875, 132.6875, 132.6875, 132.6562,
        132.6562, 132.6562, 132.6562, 132.6562, 132.6562, 132.6562, 132.6562,
        132.6562, 132.6562, 132.6562, 132.6562, 132.6562, 132.6562, 132.6562,
        132.6562, 132.6562, 132.6562, 132.6250, 132.6250, 132.6250, 132.6250,
        132.6250, 132.6250, 132.6250, 132.6250, 132.6250, 132.5938, 132.5938,
        132.5938, 132.5938, 132.5938, 132.5938, 132.5938, 132.5938, 132.5938,
        132.5938, 132.5938, 132.5938, 132.5938, 132.5938, 132.5938, 132.5625,
        132.5625, 132.5625, 132.5625, 132.5625, 132.5625, 132.5625, 132.5625,
        132.5625, 132.5625, 132.5625, 132.5625, 132.5312, 132.5312, 132.5312,
        132.5312, 132.5312, 132.5312, 132.5312, 132.5312, 132.5312, 132.5312,
        132.5312, 132.5312, 132.5312, 132.5312, 132.5312, 132.5000, 132.5000,
        132.5000, 132.5000, 132.5000, 132.5000, 132.5000, 132.5000, 132.5000,
        132.5000, 132.5000, 132.5000, 132.5000, 132.5000, 132.5000, 132.5000,
        132.5000, 132.4688, 132.4688, 132.4688, 132.4688, 132.4688, 132.4688,
        132.4688, 132.4688, 132.4688, 132.4688, 132.4688, 132.4375, 132.4375,
        132.4375, 132.4375, 132.4375, 132.4375, 132.4375, 132.4062, 132.4062,
        132.4062, 132.4062, 132.4062, 132.3750, 132.3750, 132.3750, 132.3750])
[track_one()] Welcome
[track_one()] depth processing done
[predict()] ob_in_cams:(1, 4, 4)
[predict()] self.cfg.use_normal:False
[predict()] trans_normalizer:[0.019999999552965164, 0.019999999552965164, 0.05000000074505806], rot_normalizer:0.3490658503988659
[predict()] making cropped data
[make_crop_data_batch()] Welcome make_crop_data_batch
[make_crop_data_batch()] make tf_to_crops done
[make_crop_data_batch()] render done
[make_crop_data_batch()] warp done
[make_crop_data_batch()] pose batch data done
[predict()] forward start
[predict()] forward done
[track_one()] pose done
[track_one()] Welcome
[track_one()] depth processing done
[predict()] ob_in_cams:(1, 4, 4)
[predict()] self.cfg.use_normal:False
[predict()] trans_normalizer:[0.019999999552965164, 0.019999999552965164, 0.05000000074505806], rot_normalizer:0.3490658503988659
[predict()] making cropped data
[make_crop_data_batch()] Welcome make_crop_data_batch
[make_crop_data_batch()] make tf_to_crops done
[make_crop_data_batch()] render done
[make_crop_data_batch()] warp done
[make_crop_data_batch()] pose batch data done
[predict()] forward start
[predict()] forward done
[track_one()] pose done
[track_one()] Welcome
[track_one()] depth processing done
[predict()] ob_in_cams:(1, 4, 4)
[predict()] self.cfg.use_normal:False
[predict()] trans_normalizer:[0.019999999552965164, 0.019999999552965164, 0.05000000074505806], rot_normalizer:0.3490658503988659
[predict()] making cropped data
[make_crop_data_batch()] Welcome make_crop_data_batch
[make_crop_data_batch()] make tf_to_crops done
[make_crop_data_batch()] render done
[make_crop_data_batch()] warp done
[make_crop_data_batch()] pose batch data done
[predict()] forward start
[predict()] forward done
[track_one()] pose done
[track_one()] Welcome
[track_one()] depth processing done
[predict()] ob_in_cams:(1, 4, 4)
[predict()] self.cfg.use_normal:False
[predict()] trans_normalizer:[0.019999999552965164, 0.019999999552965164, 0.05000000074505806], rot_normalizer:0.3490658503988659
[predict()] making cropped data
[make_crop_data_batch()] Welcome make_crop_data_batch
[make_crop_data_batch()] make tf_to_crops done
[make_crop_data_batch()] render done
[make_crop_data_batch()] warp done
[make_crop_data_batch()] pose batch data done
[predict()] forward start
[predict()] forward done
[track_one()] pose done
[track_one()] Welcome
[track_one()] depth processing done
[predict()] ob_in_cams:(1, 4, 4)
[predict()] self.cfg.use_normal:False
[predict()] trans_normalizer:[0.019999999552965164, 0.019999999552965164, 0.05000000074505806], rot_normalizer:0.3490658503988659
[predict()] making cropped data
[make_crop_data_batch()] Welcome make_crop_data_batch
[make_crop_data_batch()] make tf_to_crops done
[make_crop_data_batch()] render done
[make_crop_data_batch()] warp done
[make_crop_data_batch()] pose batch data done
[predict()] forward start
[predict()] forward done
[track_one()] pose done
[track_one()] Welcome
[track_one()] depth processing done
[predict()] ob_in_cams:(1, 4, 4)
[predict()] self.cfg.use_normal:False
[predict()] trans_normalizer:[0.019999999552965164, 0.019999999552965164, 0.05000000074505806], rot_normalizer:0.3490658503988659
[predict()] making cropped data
[make_crop_data_batch()] Welcome make_crop_data_batch
[make_crop_data_batch()] make tf_to_crops done
[make_crop_data_batch()] render done
[make_crop_data_batch()] warp done
[make_crop_data_batch()] pose batch data done
[predict()] forward start
[predict()] forward done
[track_one()] pose done
[track_one()] Welcome
[track_one()] depth processing done
[predict()] ob_in_cams:(1, 4, 4)
[predict()] self.cfg.use_normal:False
[predict()] trans_normalizer:[0.019999999552965164, 0.019999999552965164, 0.05000000074505806], rot_normalizer:0.3490658503988659
[predict()] making cropped data
[make_crop_data_batch()] Welcome make_crop_data_batch
[make_crop_data_batch()] make tf_to_crops done
[make_crop_data_batch()] render done
[make_crop_data_batch()] warp done
[make_crop_data_batch()] pose batch data done
[predict()] forward start
[predict()] forward done
[track_one()] pose done
[track_one()] Welcome
[track_one()] depth processing done
[predict()] ob_in_cams:(1, 4, 4)
[predict()] self.cfg.use_normal:False
[predict()] trans_normalizer:[0.019999999552965164, 0.019999999552965164, 0.05000000074505806], rot_normalizer:0.3490658503988659
[predict()] making cropped data
[make_crop_data_batch()] Welcome make_crop_data_batch
[make_crop_data_batch()] make tf_to_crops done
[make_crop_data_batch()] render done
[make_crop_data_batch()] warp done
[make_crop_data_batch()] pose batch data done
[predict()] forward start
[predict()] forward done
[track_one()] pose done
[track_one()] Welcome
[track_one()] depth processing done
[predict()] ob_in_cams:(1, 4, 4)
[predict()] self.cfg.use_normal:False
[predict()] trans_normalizer:[0.019999999552965164, 0.019999999552965164, 0.05000000074505806], rot_normalizer:0.3490658503988659
[predict()] making cropped data
[make_crop_data_batch()] Welcome make_crop_data_batch
[make_crop_data_batch()] make tf_to_crops done
[make_crop_data_batch()] render done
[make_crop_data_batch()] warp done
[make_crop_data_batch()] pose batch data done
[predict()] forward start
[predict()] forward done
[track_one()] pose done
[track_one()] Welcome
[track_one()] depth processing done
[predict()] ob_in_cams:(1, 4, 4)
[predict()] self.cfg.use_normal:False
[predict()] trans_normalizer:[0.019999999552965164, 0.019999999552965164, 0.05000000074505806], rot_normalizer:0.3490658503988659
[predict()] making cropped data
[make_crop_data_batch()] Welcome make_crop_data_batch
[make_crop_data_batch()] make tf_to_crops done
[make_crop_data_batch()] render done
[make_crop_data_batch()] warp done
[make_crop_data_batch()] pose batch data done
[predict()] forward start
[predict()] forward done
[track_one()] pose done
[track_one()] Welcome
[track_one()] depth processing done
[predict()] ob_in_cams:(1, 4, 4)
[predict()] self.cfg.use_normal:False
[predict()] trans_normalizer:[0.019999999552965164, 0.019999999552965164, 0.05000000074505806], rot_normalizer:0.3490658503988659
[predict()] making cropped data
[make_crop_data_batch()] Welcome make_crop_data_batch
[make_crop_data_batch()] make tf_to_crops done
[make_crop_data_batch()] render done
[make_crop_data_batch()] warp done
[make_crop_data_batch()] pose batch data done
[predict()] forward start
[predict()] forward done
[track_one()] pose done
[track_one()] Welcome
[track_one()] depth processing done
[predict()] ob_in_cams:(1, 4, 4)
[predict()] self.cfg.use_normal:False
[predict()] trans_normalizer:[0.019999999552965164, 0.019999999552965164, 0.05000000074505806], rot_normalizer:0.3490658503988659
[predict()] making cropped data
[make_crop_data_batch()] Welcome make_crop_data_batch
[make_crop_data_batch()] make tf_to_crops done
[make_crop_data_batch()] render done
[make_crop_data_batch()] warp done
[make_crop_data_batch()] pose batch data done
[predict()] forward start
[predict()] forward done
[track_one()] pose done
[track_one()] Welcome
[track_one()] depth processing done
[predict()] ob_in_cams:(1, 4, 4)
[predict()] self.cfg.use_normal:False
[predict()] trans_normalizer:[0.019999999552965164, 0.019999999552965164, 0.05000000074505806], rot_normalizer:0.3490658503988659
[predict()] making cropped data
[make_crop_data_batch()] Welcome make_crop_data_batch
[make_crop_data_batch()] make tf_to_crops done
[make_crop_data_batch()] render done
[make_crop_data_batch()] warp done
[make_crop_data_batch()] pose batch data done
[predict()] forward start
[predict()] forward done
[track_one()] pose done
[track_one()] Welcome
[track_one()] depth processing done
[predict()] ob_in_cams:(1, 4, 4)
[predict()] self.cfg.use_normal:False
[predict()] trans_normalizer:[0.019999999552965164, 0.019999999552965164, 0.05000000074505806], rot_normalizer:0.3490658503988659
[predict()] making cropped data
[make_crop_data_batch()] Welcome make_crop_data_batch
[make_crop_data_batch()] make tf_to_crops done
[make_crop_data_batch()] render done
[make_crop_data_batch()] warp done
[make_crop_data_batch()] pose batch data done
[predict()] forward start
[predict()] forward done
[track_one()] pose done
[track_one()] Welcome
[track_one()] depth processing done
[predict()] ob_in_cams:(1, 4, 4)
[predict()] self.cfg.use_normal:False
[predict()] trans_normalizer:[0.019999999552965164, 0.019999999552965164, 0.05000000074505806], rot_normalizer:0.3490658503988659
[predict()] making cropped data
[make_crop_data_batch()] Welcome make_crop_data_batch
[make_crop_data_batch()] make tf_to_crops done
[make_crop_data_batch()] render done
[make_crop_data_batch()] warp done
[make_crop_data_batch()] pose batch data done
[predict()] forward start
[predict()] forward done
[track_one()] pose done
[track_one()] Welcome
[track_one()] depth processing done
[predict()] ob_in_cams:(1, 4, 4)
[predict()] self.cfg.use_normal:False
[predict()] trans_normalizer:[0.019999999552965164, 0.019999999552965164, 0.05000000074505806], rot_normalizer:0.3490658503988659
[predict()] making cropped data
[make_crop_data_batch()] Welcome make_crop_data_batch
[make_crop_data_batch()] make tf_to_crops done
[make_crop_data_batch()] render done
[make_crop_data_batch()] warp done
[make_crop_data_batch()] pose batch data done
[predict()] forward start
[predict()] forward done
[track_one()] pose done
[track_one()] Welcome
[track_one()] depth processing done
[predict()] ob_in_cams:(1, 4, 4)
[predict()] self.cfg.use_normal:False
[predict()] trans_normalizer:[0.019999999552965164, 0.019999999552965164, 0.05000000074505806], rot_normalizer:0.3490658503988659
[predict()] making cropped data
[make_crop_data_batch()] Welcome make_crop_data_batch
[make_crop_data_batch()] make tf_to_crops done
[make_crop_data_batch()] render done
[make_crop_data_batch()] warp done
[make_crop_data_batch()] pose batch data done
[predict()] forward start
[predict()] forward done
[track_one()] pose done
[track_one()] Welcome
[track_one()] depth processing done
[predict()] ob_in_cams:(1, 4, 4)
[predict()] self.cfg.use_normal:False
[predict()] trans_normalizer:[0.019999999552965164, 0.019999999552965164, 0.05000000074505806], rot_normalizer:0.3490658503988659
[predict()] making cropped data
[make_crop_data_batch()] Welcome make_crop_data_batch
[make_crop_data_batch()] make tf_to_crops done
[make_crop_data_batch()] render done
[make_crop_data_batch()] warp done
[make_crop_data_batch()] pose batch data done
[predict()] forward start
[predict()] forward done
[track_one()] pose done
[track_one()] Welcome
[track_one()] depth processing done
[predict()] ob_in_cams:(1, 4, 4)
[predict()] self.cfg.use_normal:False
[predict()] trans_normalizer:[0.019999999552965164, 0.019999999552965164, 0.05000000074505806], rot_normalizer:0.3490658503988659
[predict()] making cropped data
[make_crop_data_batch()] Welcome make_crop_data_batch
[make_crop_data_batch()] make tf_to_crops done
[make_crop_data_batch()] render done
[make_crop_data_batch()] warp done
[make_crop_data_batch()] pose batch data done
[predict()] forward start
[predict()] forward done
[track_one()] pose done
[track_one()] Welcome
[track_one()] depth processing done
[predict()] ob_in_cams:(1, 4, 4)
[predict()] self.cfg.use_normal:False
[predict()] trans_normalizer:[0.019999999552965164, 0.019999999552965164, 0.05000000074505806], rot_normalizer:0.3490658503988659
[predict()] making cropped data
[make_crop_data_batch()] Welcome make_crop_data_batch
[make_crop_data_batch()] make tf_to_crops done
[make_crop_data_batch()] render done
[make_crop_data_batch()] warp done
[make_crop_data_batch()] pose batch data done
[predict()] forward start
[predict()] forward done
[track_one()] pose done
[track_one()] Welcome
[track_one()] depth processing done
[predict()] ob_in_cams:(1, 4, 4)
[predict()] self.cfg.use_normal:False
[predict()] trans_normalizer:[0.019999999552965164, 0.019999999552965164, 0.05000000074505806], rot_normalizer:0.3490658503988659
[predict()] making cropped data
[make_crop_data_batch()] Welcome make_crop_data_batch
[make_crop_data_batch()] make tf_to_crops done
[make_crop_data_batch()] render done
[make_crop_data_batch()] warp done
[make_crop_data_batch()] pose batch data done
[predict()] forward start
[predict()] forward done
[track_one()] pose done
[track_one()] Welcome
[track_one()] depth processing done
[predict()] ob_in_cams:(1, 4, 4)
[predict()] self.cfg.use_normal:False
[predict()] trans_normalizer:[0.019999999552965164, 0.019999999552965164, 0.05000000074505806], rot_normalizer:0.3490658503988659
[predict()] making cropped data
[make_crop_data_batch()] Welcome make_crop_data_batch
[make_crop_data_batch()] make tf_to_crops done
[make_crop_data_batch()] render done
[make_crop_data_batch()] warp done
[make_crop_data_batch()] pose batch data done
[predict()] forward start
[predict()] forward done
[track_one()] pose done
[track_one()] Welcome
[track_one()] depth processing done
[predict()] ob_in_cams:(1, 4, 4)
[predict()] self.cfg.use_normal:False
[predict()] trans_normalizer:[0.019999999552965164, 0.019999999552965164, 0.05000000074505806], rot_normalizer:0.3490658503988659
[predict()] making cropped data
[make_crop_data_batch()] Welcome make_crop_data_batch
[make_crop_data_batch()] make tf_to_crops done
[make_crop_data_batch()] render done
[make_crop_data_batch()] warp done
[make_crop_data_batch()] pose batch data done
[predict()] forward start
[predict()] forward done
[track_one()] pose done
[track_one()] Welcome
[track_one()] depth processing done
[predict()] ob_in_cams:(1, 4, 4)
[predict()] self.cfg.use_normal:False
[predict()] trans_normalizer:[0.019999999552965164, 0.019999999552965164, 0.05000000074505806], rot_normalizer:0.3490658503988659
[predict()] making cropped data
[make_crop_data_batch()] Welcome make_crop_data_batch
[make_crop_data_batch()] make tf_to_crops done
[make_crop_data_batch()] render done
[make_crop_data_batch()] warp done
[make_crop_data_batch()] pose batch data done
[predict()] forward start
[predict()] forward done
[track_one()] pose done
[track_one()] Welcome
[track_one()] depth processing done
[predict()] ob_in_cams:(1, 4, 4)
[predict()] self.cfg.use_normal:False
[predict()] trans_normalizer:[0.019999999552965164, 0.019999999552965164, 0.05000000074505806], rot_normalizer:0.3490658503988659
[predict()] making cropped data
[make_crop_data_batch()] Welcome make_crop_data_batch
[make_crop_data_batch()] make tf_to_crops done
[make_crop_data_batch()] render done
[make_crop_data_batch()] warp done
[make_crop_data_batch()] pose batch data done
[predict()] forward start
[predict()] forward done
[track_one()] pose done
[track_one()] Welcome
[track_one()] depth processing done
[predict()] ob_in_cams:(1, 4, 4)
[predict()] self.cfg.use_normal:False
[predict()] trans_normalizer:[0.019999999552965164, 0.019999999552965164, 0.05000000074505806], rot_normalizer:0.3490658503988659
[predict()] making cropped data
[make_crop_data_batch()] Welcome make_crop_data_batch
[make_crop_data_batch()] make tf_to_crops done
[make_crop_data_batch()] render done
[make_crop_data_batch()] warp done
[make_crop_data_batch()] pose batch data done
[predict()] forward start
[predict()] forward done
[track_one()] pose done
[track_one()] Welcome
[track_one()] depth processing done
[predict()] ob_in_cams:(1, 4, 4)
[predict()] self.cfg.use_normal:False
[predict()] trans_normalizer:[0.019999999552965164, 0.019999999552965164, 0.05000000074505806], rot_normalizer:0.3490658503988659
[predict()] making cropped data
[make_crop_data_batch()] Welcome make_crop_data_batch
[make_crop_data_batch()] make tf_to_crops done
[make_crop_data_batch()] render done
[make_crop_data_batch()] warp done
[make_crop_data_batch()] pose batch data done
[predict()] forward start
[predict()] forward done
[track_one()] pose done
[track_one()] Welcome
[track_one()] depth processing done
[predict()] ob_in_cams:(1, 4, 4)
[predict()] self.cfg.use_normal:False
[predict()] trans_normalizer:[0.019999999552965164, 0.019999999552965164, 0.05000000074505806], rot_normalizer:0.3490658503988659
[predict()] making cropped data
[make_crop_data_batch()] Welcome make_crop_data_batch
[make_crop_data_batch()] make tf_to_crops done
[make_crop_data_batch()] render done
[make_crop_data_batch()] warp done
[make_crop_data_batch()] pose batch data done
[predict()] forward start
[predict()] forward done
[track_one()] pose done
[track_one()] Welcome
[track_one()] depth processing done
[predict()] ob_in_cams:(1, 4, 4)
[predict()] self.cfg.use_normal:False
[predict()] trans_normalizer:[0.019999999552965164, 0.019999999552965164, 0.05000000074505806], rot_normalizer:0.3490658503988659
[predict()] making cropped data
[make_crop_data_batch()] Welcome make_crop_data_batch
[make_crop_data_batch()] make tf_to_crops done
[make_crop_data_batch()] render done
[make_crop_data_batch()] warp done
[make_crop_data_batch()] pose batch data done
[predict()] forward start
[predict()] forward done
[track_one()] pose done
[track_one()] Welcome
[track_one()] depth processing done
[predict()] ob_in_cams:(1, 4, 4)
[predict()] self.cfg.use_normal:False
[predict()] trans_normalizer:[0.019999999552965164, 0.019999999552965164, 0.05000000074505806], rot_normalizer:0.3490658503988659
[predict()] making cropped data
[make_crop_data_batch()] Welcome make_crop_data_batch
[make_crop_data_batch()] make tf_to_crops done
[make_crop_data_batch()] render done
[make_crop_data_batch()] warp done
[make_crop_data_batch()] pose batch data done
[predict()] forward start
[predict()] forward done
[track_one()] pose done
[track_one()] Welcome
[track_one()] depth processing done
[predict()] ob_in_cams:(1, 4, 4)
[predict()] self.cfg.use_normal:False
[predict()] trans_normalizer:[0.019999999552965164, 0.019999999552965164, 0.05000000074505806], rot_normalizer:0.3490658503988659
[predict()] making cropped data
[make_crop_data_batch()] Welcome make_crop_data_batch
[make_crop_data_batch()] make tf_to_crops done
[make_crop_data_batch()] render done
[make_crop_data_batch()] warp done
[make_crop_data_batch()] pose batch data done
[predict()] forward start
[predict()] forward done
[track_one()] pose done
[track_one()] Welcome
[track_one()] depth processing done
[predict()] ob_in_cams:(1, 4, 4)
[predict()] self.cfg.use_normal:False
[predict()] trans_normalizer:[0.019999999552965164, 0.019999999552965164, 0.05000000074505806], rot_normalizer:0.3490658503988659
[predict()] making cropped data
[make_crop_data_batch()] Welcome make_crop_data_batch
[make_crop_data_batch()] make tf_to_crops done
[make_crop_data_batch()] render done
[make_crop_data_batch()] warp done
[make_crop_data_batch()] pose batch data done
[predict()] forward start
[predict()] forward done
[track_one()] pose done
[track_one()] Welcome
[track_one()] depth processing done
[predict()] ob_in_cams:(1, 4, 4)
[predict()] self.cfg.use_normal:False
[predict()] trans_normalizer:[0.019999999552965164, 0.019999999552965164, 0.05000000074505806], rot_normalizer:0.3490658503988659
[predict()] making cropped data
[make_crop_data_batch()] Welcome make_crop_data_batch
[make_crop_data_batch()] make tf_to_crops done
[make_crop_data_batch()] render done
[make_crop_data_batch()] warp done
[make_crop_data_batch()] pose batch data done
[predict()] forward start
[predict()] forward done
[track_one()] pose done
[track_one()] Welcome
[track_one()] depth processing done
[predict()] ob_in_cams:(1, 4, 4)
[predict()] self.cfg.use_normal:False
[predict()] trans_normalizer:[0.019999999552965164, 0.019999999552965164, 0.05000000074505806], rot_normalizer:0.3490658503988659
[predict()] making cropped data
[make_crop_data_batch()] Welcome make_crop_data_batch
[make_crop_data_batch()] make tf_to_crops done
[make_crop_data_batch()] render done
[make_crop_data_batch()] warp done
[make_crop_data_batch()] pose batch data done
[predict()] forward start
[predict()] forward done
[track_one()] pose done
[track_one()] Welcome
[track_one()] depth processing done
[predict()] ob_in_cams:(1, 4, 4)
[predict()] self.cfg.use_normal:False
[predict()] trans_normalizer:[0.019999999552965164, 0.019999999552965164, 0.05000000074505806], rot_normalizer:0.3490658503988659
[predict()] making cropped data
[make_crop_data_batch()] Welcome make_crop_data_batch
[make_crop_data_batch()] make tf_to_crops done
[make_crop_data_batch()] render done
[make_crop_data_batch()] warp done
[make_crop_data_batch()] pose batch data done
[predict()] forward start
[predict()] forward done
[track_one()] pose done
[track_one()] Welcome
[track_one()] depth processing done
[predict()] ob_in_cams:(1, 4, 4)
[predict()] self.cfg.use_normal:False
[predict()] trans_normalizer:[0.019999999552965164, 0.019999999552965164, 0.05000000074505806], rot_normalizer:0.3490658503988659
[predict()] making cropped data
[make_crop_data_batch()] Welcome make_crop_data_batch
[make_crop_data_batch()] make tf_to_crops done
[make_crop_data_batch()] render done
[make_crop_data_batch()] warp done
[make_crop_data_batch()] pose batch data done
[predict()] forward start
[predict()] forward done
[track_one()] pose done
[track_one()] Welcome
[track_one()] depth processing done
[predict()] ob_in_cams:(1, 4, 4)
[predict()] self.cfg.use_normal:False
[predict()] trans_normalizer:[0.019999999552965164, 0.019999999552965164, 0.05000000074505806], rot_normalizer:0.3490658503988659
[predict()] making cropped data
[make_crop_data_batch()] Welcome make_crop_data_batch
[make_crop_data_batch()] make tf_to_crops done
[make_crop_data_batch()] render done
[make_crop_data_batch()] warp done
[make_crop_data_batch()] pose batch data done
[predict()] forward start
[predict()] forward done
[track_one()] pose done
[track_one()] Welcome
[track_one()] depth processing done
[predict()] ob_in_cams:(1, 4, 4)
[predict()] self.cfg.use_normal:False
[predict()] trans_normalizer:[0.019999999552965164, 0.019999999552965164, 0.05000000074505806], rot_normalizer:0.3490658503988659
[predict()] making cropped data
[make_crop_data_batch()] Welcome make_crop_data_batch
[make_crop_data_batch()] make tf_to_crops done
[make_crop_data_batch()] render done
[make_crop_data_batch()] warp done
[make_crop_data_batch()] pose batch data done
[predict()] forward start
[predict()] forward done
[track_one()] pose done
[track_one()] Welcome
[track_one()] depth processing done
[predict()] ob_in_cams:(1, 4, 4)
[predict()] self.cfg.use_normal:False
[predict()] trans_normalizer:[0.019999999552965164, 0.019999999552965164, 0.05000000074505806], rot_normalizer:0.3490658503988659
[predict()] making cropped data
[make_crop_data_batch()] Welcome make_crop_data_batch
[make_crop_data_batch()] make tf_to_crops done
[make_crop_data_batch()] render done
[make_crop_data_batch()] warp done
[make_crop_data_batch()] pose batch data done
[predict()] forward start
[predict()] forward done
[track_one()] pose done
[track_one()] Welcome
[track_one()] depth processing done
[predict()] ob_in_cams:(1, 4, 4)
[predict()] self.cfg.use_normal:False
[predict()] trans_normalizer:[0.019999999552965164, 0.019999999552965164, 0.05000000074505806], rot_normalizer:0.3490658503988659
[predict()] making cropped data
[make_crop_data_batch()] Welcome make_crop_data_batch
[make_crop_data_batch()] make tf_to_crops done
[make_crop_data_batch()] render done
[make_crop_data_batch()] warp done
[make_crop_data_batch()] pose batch data done
[predict()] forward start
[predict()] forward done
[track_one()] pose done
[track_one()] Welcome
[track_one()] depth processing done
[predict()] ob_in_cams:(1, 4, 4)
[predict()] self.cfg.use_normal:False
[predict()] trans_normalizer:[0.019999999552965164, 0.019999999552965164, 0.05000000074505806], rot_normalizer:0.3490658503988659
[predict()] making cropped data
[make_crop_data_batch()] Welcome make_crop_data_batch
[make_crop_data_batch()] make tf_to_crops done
[make_crop_data_batch()] render done
[make_crop_data_batch()] warp done
[make_crop_data_batch()] pose batch data done
[predict()] forward start
[predict()] forward done
[track_one()] pose done
[track_one()] Welcome
[track_one()] depth processing done
[predict()] ob_in_cams:(1, 4, 4)
[predict()] self.cfg.use_normal:False
[predict()] trans_normalizer:[0.019999999552965164, 0.019999999552965164, 0.05000000074505806], rot_normalizer:0.3490658503988659
[predict()] making cropped data
[make_crop_data_batch()] Welcome make_crop_data_batch
[make_crop_data_batch()] make tf_to_crops done
[make_crop_data_batch()] render done
[make_crop_data_batch()] warp done
[make_crop_data_batch()] pose batch data done
[predict()] forward start
[predict()] forward done
[track_one()] pose done
[track_one()] Welcome
[track_one()] depth processing done
[predict()] ob_in_cams:(1, 4, 4)
[predict()] self.cfg.use_normal:False
[predict()] trans_normalizer:[0.019999999552965164, 0.019999999552965164, 0.05000000074505806], rot_normalizer:0.3490658503988659
[predict()] making cropped data
[make_crop_data_batch()] Welcome make_crop_data_batch
[make_crop_data_batch()] make tf_to_crops done
[make_crop_data_batch()] render done
[make_crop_data_batch()] warp done
[make_crop_data_batch()] pose batch data done
[predict()] forward start
[predict()] forward done
[track_one()] pose done
[track_one()] Welcome
[track_one()] depth processing done
[predict()] ob_in_cams:(1, 4, 4)
[predict()] self.cfg.use_normal:False
[predict()] trans_normalizer:[0.019999999552965164, 0.019999999552965164, 0.05000000074505806], rot_normalizer:0.3490658503988659
[predict()] making cropped data
[make_crop_data_batch()] Welcome make_crop_data_batch
[make_crop_data_batch()] make tf_to_crops done
[make_crop_data_batch()] render done
[make_crop_data_batch()] warp done
[make_crop_data_batch()] pose batch data done
[predict()] forward start
[predict()] forward done
[track_one()] pose done
[track_one()] Welcome
[track_one()] depth processing done
[predict()] ob_in_cams:(1, 4, 4)
[predict()] self.cfg.use_normal:False
[predict()] trans_normalizer:[0.019999999552965164, 0.019999999552965164, 0.05000000074505806], rot_normalizer:0.3490658503988659
[predict()] making cropped data
[make_crop_data_batch()] Welcome make_crop_data_batch
[make_crop_data_batch()] make tf_to_crops done
[make_crop_data_batch()] render done
[make_crop_data_batch()] warp done
[make_crop_data_batch()] pose batch data done
[predict()] forward start
[predict()] forward done
[track_one()] pose done
[track_one()] Welcome
[track_one()] depth processing done
[predict()] ob_in_cams:(1, 4, 4)
[predict()] self.cfg.use_normal:False
[predict()] trans_normalizer:[0.019999999552965164, 0.019999999552965164, 0.05000000074505806], rot_normalizer:0.3490658503988659
[predict()] making cropped data
[make_crop_data_batch()] Welcome make_crop_data_batch
[make_crop_data_batch()] make tf_to_crops done
[make_crop_data_batch()] render done
[make_crop_data_batch()] warp done
[make_crop_data_batch()] pose batch data done
[predict()] forward start
[predict()] forward done
[track_one()] pose done
[track_one()] Welcome
[track_one()] depth processing done
[predict()] ob_in_cams:(1, 4, 4)
[predict()] self.cfg.use_normal:False
[predict()] trans_normalizer:[0.019999999552965164, 0.019999999552965164, 0.05000000074505806], rot_normalizer:0.3490658503988659
[predict()] making cropped data
[make_crop_data_batch()] Welcome make_crop_data_batch
[make_crop_data_batch()] make tf_to_crops done
[make_crop_data_batch()] render done
[make_crop_data_batch()] warp done
[make_crop_data_batch()] pose batch data done
[predict()] forward start
[predict()] forward done
[track_one()] pose done
[track_one()] Welcome
[track_one()] depth processing done
[predict()] ob_in_cams:(1, 4, 4)
[predict()] self.cfg.use_normal:False
[predict()] trans_normalizer:[0.019999999552965164, 0.019999999552965164, 0.05000000074505806], rot_normalizer:0.3490658503988659
[predict()] making cropped data
[make_crop_data_batch()] Welcome make_crop_data_batch
[make_crop_data_batch()] make tf_to_crops done
[make_crop_data_batch()] render done
[make_crop_data_batch()] warp done
[make_crop_data_batch()] pose batch data done
[predict()] forward start
[predict()] forward done
[track_one()] pose done
[track_one()] Welcome
[track_one()] depth processing done
[predict()] ob_in_cams:(1, 4, 4)
[predict()] self.cfg.use_normal:False
[predict()] trans_normalizer:[0.019999999552965164, 0.019999999552965164, 0.05000000074505806], rot_normalizer:0.3490658503988659
[predict()] making cropped data
[make_crop_data_batch()] Welcome make_crop_data_batch
[make_crop_data_batch()] make tf_to_crops done
[make_crop_data_batch()] render done
[make_crop_data_batch()] warp done
[make_crop_data_batch()] pose batch data done
[predict()] forward start
[predict()] forward done
[track_one()] pose done
[track_one()] Welcome
[track_one()] depth processing done
[predict()] ob_in_cams:(1, 4, 4)
[predict()] self.cfg.use_normal:False
[predict()] trans_normalizer:[0.019999999552965164, 0.019999999552965164, 0.05000000074505806], rot_normalizer:0.3490658503988659
[predict()] making cropped data
[make_crop_data_batch()] Welcome make_crop_data_batch
[make_crop_data_batch()] make tf_to_crops done
[make_crop_data_batch()] render done
[make_crop_data_batch()] warp done
[make_crop_data_batch()] pose batch data done
[predict()] forward start
[predict()] forward done
[track_one()] pose done
[track_one()] Welcome
[track_one()] depth processing done
[predict()] ob_in_cams:(1, 4, 4)
[predict()] self.cfg.use_normal:False
[predict()] trans_normalizer:[0.019999999552965164, 0.019999999552965164, 0.05000000074505806], rot_normalizer:0.3490658503988659
[predict()] making cropped data
[make_crop_data_batch()] Welcome make_crop_data_batch
[make_crop_data_batch()] make tf_to_crops done
[make_crop_data_batch()] render done
[make_crop_data_batch()] warp done
[make_crop_data_batch()] pose batch data done
[predict()] forward start
[predict()] forward done
[track_one()] pose done
[track_one()] Welcome
[track_one()] depth processing done
[predict()] ob_in_cams:(1, 4, 4)
[predict()] self.cfg.use_normal:False
[predict()] trans_normalizer:[0.019999999552965164, 0.019999999552965164, 0.05000000074505806], rot_normalizer:0.3490658503988659
[predict()] making cropped data
[make_crop_data_batch()] Welcome make_crop_data_batch
[make_crop_data_batch()] make tf_to_crops done
[make_crop_data_batch()] render done
[make_crop_data_batch()] warp done
[make_crop_data_batch()] pose batch data done
[predict()] forward start
[predict()] forward done
[track_one()] pose done
[track_one()] Welcome
[track_one()] depth processing done
[predict()] ob_in_cams:(1, 4, 4)
[predict()] self.cfg.use_normal:False
[predict()] trans_normalizer:[0.019999999552965164, 0.019999999552965164, 0.05000000074505806], rot_normalizer:0.3490658503988659
[predict()] making cropped data
[make_crop_data_batch()] Welcome make_crop_data_batch
[make_crop_data_batch()] make tf_to_crops done
[make_crop_data_batch()] render done
[make_crop_data_batch()] warp done
[make_crop_data_batch()] pose batch data done
[predict()] forward start
[predict()] forward done
[track_one()] pose done
[track_one()] Welcome
[track_one()] depth processing done
[predict()] ob_in_cams:(1, 4, 4)
[predict()] self.cfg.use_normal:False
[predict()] trans_normalizer:[0.019999999552965164, 0.019999999552965164, 0.05000000074505806], rot_normalizer:0.3490658503988659
[predict()] making cropped data
[make_crop_data_batch()] Welcome make_crop_data_batch
[make_crop_data_batch()] make tf_to_crops done
[make_crop_data_batch()] render done
[make_crop_data_batch()] warp done
[make_crop_data_batch()] pose batch data done
[predict()] forward start
[predict()] forward done
[track_one()] pose done
[track_one()] Welcome
[track_one()] depth processing done
[predict()] ob_in_cams:(1, 4, 4)
[predict()] self.cfg.use_normal:False
[predict()] trans_normalizer:[0.019999999552965164, 0.019999999552965164, 0.05000000074505806], rot_normalizer:0.3490658503988659
[predict()] making cropped data
[make_crop_data_batch()] Welcome make_crop_data_batch
[make_crop_data_batch()] make tf_to_crops done
[make_crop_data_batch()] render done
[make_crop_data_batch()] warp done
[make_crop_data_batch()] pose batch data done
[predict()] forward start
[predict()] forward done
[track_one()] pose done
[track_one()] Welcome
[track_one()] depth processing done
[predict()] ob_in_cams:(1, 4, 4)
[predict()] self.cfg.use_normal:False
[predict()] trans_normalizer:[0.019999999552965164, 0.019999999552965164, 0.05000000074505806], rot_normalizer:0.3490658503988659
[predict()] making cropped data
[make_crop_data_batch()] Welcome make_crop_data_batch
[make_crop_data_batch()] make tf_to_crops done
[make_crop_data_batch()] render done
[make_crop_data_batch()] warp done
[make_crop_data_batch()] pose batch data done
[predict()] forward start
[predict()] forward done
[track_one()] pose done
[track_one()] Welcome
[track_one()] depth processing done
[predict()] ob_in_cams:(1, 4, 4)
[predict()] self.cfg.use_normal:False
[predict()] trans_normalizer:[0.019999999552965164, 0.019999999552965164, 0.05000000074505806], rot_normalizer:0.3490658503988659
[predict()] making cropped data
[make_crop_data_batch()] Welcome make_crop_data_batch
[make_crop_data_batch()] make tf_to_crops done
[make_crop_data_batch()] render done
[make_crop_data_batch()] warp done
[make_crop_data_batch()] pose batch data done
[predict()] forward start
[predict()] forward done
[track_one()] pose done
[track_one()] Welcome
[track_one()] depth processing done
[predict()] ob_in_cams:(1, 4, 4)
[predict()] self.cfg.use_normal:False
[predict()] trans_normalizer:[0.019999999552965164, 0.019999999552965164, 0.05000000074505806], rot_normalizer:0.3490658503988659
[predict()] making cropped data
[make_crop_data_batch()] Welcome make_crop_data_batch
[make_crop_data_batch()] make tf_to_crops done
[make_crop_data_batch()] render done
[make_crop_data_batch()] warp done
[make_crop_data_batch()] pose batch data done
[predict()] forward start
[predict()] forward done
[track_one()] pose done
[track_one()] Welcome
[track_one()] depth processing done
[predict()] ob_in_cams:(1, 4, 4)
[predict()] self.cfg.use_normal:False
[predict()] trans_normalizer:[0.019999999552965164, 0.019999999552965164, 0.05000000074505806], rot_normalizer:0.3490658503988659
[predict()] making cropped data
[make_crop_data_batch()] Welcome make_crop_data_batch
[make_crop_data_batch()] make tf_to_crops done
[make_crop_data_batch()] render done
[make_crop_data_batch()] warp done
[make_crop_data_batch()] pose batch data done
[predict()] forward start
[predict()] forward done
[track_one()] pose done
[track_one()] Welcome
[track_one()] depth processing done
[predict()] ob_in_cams:(1, 4, 4)
[predict()] self.cfg.use_normal:False
[predict()] trans_normalizer:[0.019999999552965164, 0.019999999552965164, 0.05000000074505806], rot_normalizer:0.3490658503988659
[predict()] making cropped data
[make_crop_data_batch()] Welcome make_crop_data_batch
[make_crop_data_batch()] make tf_to_crops done
[make_crop_data_batch()] render done
[make_crop_data_batch()] warp done
[make_crop_data_batch()] pose batch data done
[predict()] forward start
[predict()] forward done
[track_one()] pose done
[track_one()] Welcome
[track_one()] depth processing done
[predict()] ob_in_cams:(1, 4, 4)
[predict()] self.cfg.use_normal:False
[predict()] trans_normalizer:[0.019999999552965164, 0.019999999552965164, 0.05000000074505806], rot_normalizer:0.3490658503988659
[predict()] making cropped data
[make_crop_data_batch()] Welcome make_crop_data_batch
[make_crop_data_batch()] make tf_to_crops done
[make_crop_data_batch()] render done
[make_crop_data_batch()] warp done
[make_crop_data_batch()] pose batch data done
[predict()] forward start
[predict()] forward done
[track_one()] pose done
[track_one()] Welcome
[track_one()] depth processing done
[predict()] ob_in_cams:(1, 4, 4)
[predict()] self.cfg.use_normal:False
[predict()] trans_normalizer:[0.019999999552965164, 0.019999999552965164, 0.05000000074505806], rot_normalizer:0.3490658503988659
[predict()] making cropped data
[make_crop_data_batch()] Welcome make_crop_data_batch
[make_crop_data_batch()] make tf_to_crops done
[make_crop_data_batch()] render done
[make_crop_data_batch()] warp done
[make_crop_data_batch()] pose batch data done
[predict()] forward start
[predict()] forward done
[track_one()] pose done
[track_one()] Welcome
[track_one()] depth processing done
[predict()] ob_in_cams:(1, 4, 4)
[predict()] self.cfg.use_normal:False
[predict()] trans_normalizer:[0.019999999552965164, 0.019999999552965164, 0.05000000074505806], rot_normalizer:0.3490658503988659
[predict()] making cropped data
[make_crop_data_batch()] Welcome make_crop_data_batch
[make_crop_data_batch()] make tf_to_crops done
[make_crop_data_batch()] render done
[make_crop_data_batch()] warp done
[make_crop_data_batch()] pose batch data done
[predict()] forward start
[predict()] forward done
[track_one()] pose done
[track_one()] Welcome
[track_one()] depth processing done
[predict()] ob_in_cams:(1, 4, 4)
[predict()] self.cfg.use_normal:False
[predict()] trans_normalizer:[0.019999999552965164, 0.019999999552965164, 0.05000000074505806], rot_normalizer:0.3490658503988659
[predict()] making cropped data
[make_crop_data_batch()] Welcome make_crop_data_batch
[make_crop_data_batch()] make tf_to_crops done
[make_crop_data_batch()] render done
[make_crop_data_batch()] warp done
[make_crop_data_batch()] pose batch data done
[predict()] forward start
[predict()] forward done
[track_one()] pose done
[track_one()] Welcome
[track_one()] depth processing done
[predict()] ob_in_cams:(1, 4, 4)
[predict()] self.cfg.use_normal:False
[predict()] trans_normalizer:[0.019999999552965164, 0.019999999552965164, 0.05000000074505806], rot_normalizer:0.3490658503988659
[predict()] making cropped data
[make_crop_data_batch()] Welcome make_crop_data_batch
[make_crop_data_batch()] make tf_to_crops done
[make_crop_data_batch()] render done
[make_crop_data_batch()] warp done
[make_crop_data_batch()] pose batch data done
[predict()] forward start
[predict()] forward done
[track_one()] pose done
[track_one()] Welcome
[track_one()] depth processing done
[predict()] ob_in_cams:(1, 4, 4)
[predict()] self.cfg.use_normal:False
[predict()] trans_normalizer:[0.019999999552965164, 0.019999999552965164, 0.05000000074505806], rot_normalizer:0.3490658503988659
[predict()] making cropped data
[make_crop_data_batch()] Welcome make_crop_data_batch
[make_crop_data_batch()] make tf_to_crops done
[make_crop_data_batch()] render done
[make_crop_data_batch()] warp done
[make_crop_data_batch()] pose batch data done
[predict()] forward start
[predict()] forward done
[track_one()] pose done
[track_one()] Welcome
[track_one()] depth processing done
[predict()] ob_in_cams:(1, 4, 4)
[predict()] self.cfg.use_normal:False
[predict()] trans_normalizer:[0.019999999552965164, 0.019999999552965164, 0.05000000074505806], rot_normalizer:0.3490658503988659
[predict()] making cropped data
[make_crop_data_batch()] Welcome make_crop_data_batch
[make_crop_data_batch()] make tf_to_crops done
[make_crop_data_batch()] render done
[make_crop_data_batch()] warp done
[make_crop_data_batch()] pose batch data done
[predict()] forward start
[predict()] forward done
[track_one()] pose done
[track_one()] Welcome
[track_one()] depth processing done
[predict()] ob_in_cams:(1, 4, 4)
[predict()] self.cfg.use_normal:False
[predict()] trans_normalizer:[0.019999999552965164, 0.019999999552965164, 0.05000000074505806], rot_normalizer:0.3490658503988659
[predict()] making cropped data
[make_crop_data_batch()] Welcome make_crop_data_batch
[make_crop_data_batch()] make tf_to_crops done
[make_crop_data_batch()] render done
[make_crop_data_batch()] warp done
[make_crop_data_batch()] pose batch data done
[predict()] forward start
[predict()] forward done
[track_one()] pose done
[track_one()] Welcome
[track_one()] depth processing done
[predict()] ob_in_cams:(1, 4, 4)
[predict()] self.cfg.use_normal:False
[predict()] trans_normalizer:[0.019999999552965164, 0.019999999552965164, 0.05000000074505806], rot_normalizer:0.3490658503988659
[predict()] making cropped data
[make_crop_data_batch()] Welcome make_crop_data_batch
[make_crop_data_batch()] make tf_to_crops done
[make_crop_data_batch()] render done
[make_crop_data_batch()] warp done
[make_crop_data_batch()] pose batch data done
[predict()] forward start
[predict()] forward done
[track_one()] pose done
[track_one()] Welcome
[track_one()] depth processing done
[predict()] ob_in_cams:(1, 4, 4)
[predict()] self.cfg.use_normal:False
[predict()] trans_normalizer:[0.019999999552965164, 0.019999999552965164, 0.05000000074505806], rot_normalizer:0.3490658503988659
[predict()] making cropped data
[make_crop_data_batch()] Welcome make_crop_data_batch
[make_crop_data_batch()] make tf_to_crops done
[make_crop_data_batch()] render done
[make_crop_data_batch()] warp done
[make_crop_data_batch()] pose batch data done
[predict()] forward start
[predict()] forward done
[track_one()] pose done
[track_one()] Welcome
[track_one()] depth processing done
[predict()] ob_in_cams:(1, 4, 4)
[predict()] self.cfg.use_normal:False
[predict()] trans_normalizer:[0.019999999552965164, 0.019999999552965164, 0.05000000074505806], rot_normalizer:0.3490658503988659
[predict()] making cropped data
[make_crop_data_batch()] Welcome make_crop_data_batch
[make_crop_data_batch()] make tf_to_crops done
[make_crop_data_batch()] render done
[make_crop_data_batch()] warp done
[make_crop_data_batch()] pose batch data done
[predict()] forward start
[predict()] forward done
[track_one()] pose done
[track_one()] Welcome
[track_one()] depth processing done
[predict()] ob_in_cams:(1, 4, 4)
[predict()] self.cfg.use_normal:False
[predict()] trans_normalizer:[0.019999999552965164, 0.019999999552965164, 0.05000000074505806], rot_normalizer:0.3490658503988659
[predict()] making cropped data
[make_crop_data_batch()] Welcome make_crop_data_batch
[make_crop_data_batch()] make tf_to_crops done
[make_crop_data_batch()] render done
[make_crop_data_batch()] warp done
[make_crop_data_batch()] pose batch data done
[predict()] forward start
[predict()] forward done
[track_one()] pose done
[track_one()] Welcome
[track_one()] depth processing done
[predict()] ob_in_cams:(1, 4, 4)
[predict()] self.cfg.use_normal:False
[predict()] trans_normalizer:[0.019999999552965164, 0.019999999552965164, 0.05000000074505806], rot_normalizer:0.3490658503988659
[predict()] making cropped data
[make_crop_data_batch()] Welcome make_crop_data_batch
[make_crop_data_batch()] make tf_to_crops done
[make_crop_data_batch()] render done
[make_crop_data_batch()] warp done
[make_crop_data_batch()] pose batch data done
[predict()] forward start
[predict()] forward done
[track_one()] pose done
[track_one()] Welcome
[track_one()] depth processing done
[predict()] ob_in_cams:(1, 4, 4)
[predict()] self.cfg.use_normal:False
[predict()] trans_normalizer:[0.019999999552965164, 0.019999999552965164, 0.05000000074505806], rot_normalizer:0.3490658503988659
[predict()] making cropped data
[make_crop_data_batch()] Welcome make_crop_data_batch
[make_crop_data_batch()] make tf_to_crops done
[make_crop_data_batch()] render done
[make_crop_data_batch()] warp done
[make_crop_data_batch()] pose batch data done
[predict()] forward start
[predict()] forward done
[track_one()] pose done
[track_one()] Welcome
[track_one()] depth processing done
[predict()] ob_in_cams:(1, 4, 4)
[predict()] self.cfg.use_normal:False
[predict()] trans_normalizer:[0.019999999552965164, 0.019999999552965164, 0.05000000074505806], rot_normalizer:0.3490658503988659
[predict()] making cropped data
[make_crop_data_batch()] Welcome make_crop_data_batch
[make_crop_data_batch()] make tf_to_crops done
[make_crop_data_batch()] render done
[make_crop_data_batch()] warp done
[make_crop_data_batch()] pose batch data done
[predict()] forward start
[predict()] forward done
[track_one()] pose done
[track_one()] Welcome
[track_one()] depth processing done
[predict()] ob_in_cams:(1, 4, 4)
[predict()] self.cfg.use_normal:False
[predict()] trans_normalizer:[0.019999999552965164, 0.019999999552965164, 0.05000000074505806], rot_normalizer:0.3490658503988659
[predict()] making cropped data
[make_crop_data_batch()] Welcome make_crop_data_batch
[make_crop_data_batch()] make tf_to_crops done
[make_crop_data_batch()] render done
[make_crop_data_batch()] warp done
[make_crop_data_batch()] pose batch data done
[predict()] forward start
[predict()] forward done
[track_one()] pose done
[track_one()] Welcome
[track_one()] depth processing done
[predict()] ob_in_cams:(1, 4, 4)
[predict()] self.cfg.use_normal:False
[predict()] trans_normalizer:[0.019999999552965164, 0.019999999552965164, 0.05000000074505806], rot_normalizer:0.3490658503988659
[predict()] making cropped data
[make_crop_data_batch()] Welcome make_crop_data_batch
[make_crop_data_batch()] make tf_to_crops done
[make_crop_data_batch()] render done
[make_crop_data_batch()] warp done
[make_crop_data_batch()] pose batch data done
[predict()] forward start
[predict()] forward done
[track_one()] pose done
[track_one()] Welcome
[track_one()] depth processing done
[predict()] ob_in_cams:(1, 4, 4)
[predict()] self.cfg.use_normal:False
[predict()] trans_normalizer:[0.019999999552965164, 0.019999999552965164, 0.05000000074505806], rot_normalizer:0.3490658503988659
[predict()] making cropped data
[make_crop_data_batch()] Welcome make_crop_data_batch
[make_crop_data_batch()] make tf_to_crops done
[make_crop_data_batch()] render done
[make_crop_data_batch()] warp done
[make_crop_data_batch()] pose batch data done
[predict()] forward start
[predict()] forward done
[track_one()] pose done
[track_one()] Welcome
[track_one()] depth processing done
[predict()] ob_in_cams:(1, 4, 4)
[predict()] self.cfg.use_normal:False
[predict()] trans_normalizer:[0.019999999552965164, 0.019999999552965164, 0.05000000074505806], rot_normalizer:0.3490658503988659
[predict()] making cropped data
[make_crop_data_batch()] Welcome make_crop_data_batch
[make_crop_data_batch()] make tf_to_crops done
[make_crop_data_batch()] render done
[make_crop_data_batch()] warp done
[make_crop_data_batch()] pose batch data done
[predict()] forward start
[predict()] forward done
[track_one()] pose done
[track_one()] Welcome
[track_one()] depth processing done
[predict()] ob_in_cams:(1, 4, 4)
[predict()] self.cfg.use_normal:False
[predict()] trans_normalizer:[0.019999999552965164, 0.019999999552965164, 0.05000000074505806], rot_normalizer:0.3490658503988659
[predict()] making cropped data
[make_crop_data_batch()] Welcome make_crop_data_batch
[make_crop_data_batch()] make tf_to_crops done
[make_crop_data_batch()] render done
[make_crop_data_batch()] warp done
[make_crop_data_batch()] pose batch data done
[predict()] forward start
[predict()] forward done
[track_one()] pose done
[track_one()] Welcome
[track_one()] depth processing done
[predict()] ob_in_cams:(1, 4, 4)
[predict()] self.cfg.use_normal:False
[predict()] trans_normalizer:[0.019999999552965164, 0.019999999552965164, 0.05000000074505806], rot_normalizer:0.3490658503988659
[predict()] making cropped data
[make_crop_data_batch()] Welcome make_crop_data_batch
[make_crop_data_batch()] make tf_to_crops done
[make_crop_data_batch()] render done
[make_crop_data_batch()] warp done
[make_crop_data_batch()] pose batch data done
[predict()] forward start
[predict()] forward done
[track_one()] pose done
[track_one()] Welcome
[track_one()] depth processing done
[predict()] ob_in_cams:(1, 4, 4)
[predict()] self.cfg.use_normal:False
[predict()] trans_normalizer:[0.019999999552965164, 0.019999999552965164, 0.05000000074505806], rot_normalizer:0.3490658503988659
[predict()] making cropped data
[make_crop_data_batch()] Welcome make_crop_data_batch
[make_crop_data_batch()] make tf_to_crops done
[make_crop_data_batch()] render done
[make_crop_data_batch()] warp done
[make_crop_data_batch()] pose batch data done
[predict()] forward start
[predict()] forward done
[track_one()] pose done
[track_one()] Welcome
[track_one()] depth processing done
[predict()] ob_in_cams:(1, 4, 4)
[predict()] self.cfg.use_normal:False
[predict()] trans_normalizer:[0.019999999552965164, 0.019999999552965164, 0.05000000074505806], rot_normalizer:0.3490658503988659
[predict()] making cropped data
[make_crop_data_batch()] Welcome make_crop_data_batch
[make_crop_data_batch()] make tf_to_crops done
[make_crop_data_batch()] render done
[make_crop_data_batch()] warp done
[make_crop_data_batch()] pose batch data done
[predict()] forward start
[predict()] forward done
[track_one()] pose done
[track_one()] Welcome
[track_one()] depth processing done
[predict()] ob_in_cams:(1, 4, 4)
[predict()] self.cfg.use_normal:False
[predict()] trans_normalizer:[0.019999999552965164, 0.019999999552965164, 0.05000000074505806], rot_normalizer:0.3490658503988659
[predict()] making cropped data
[make_crop_data_batch()] Welcome make_crop_data_batch
[make_crop_data_batch()] make tf_to_crops done
[make_crop_data_batch()] render done
[make_crop_data_batch()] warp done
[make_crop_data_batch()] pose batch data done
[predict()] forward start
[predict()] forward done
[track_one()] pose done
[track_one()] Welcome
[track_one()] depth processing done
[predict()] ob_in_cams:(1, 4, 4)
[predict()] self.cfg.use_normal:False
[predict()] trans_normalizer:[0.019999999552965164, 0.019999999552965164, 0.05000000074505806], rot_normalizer:0.3490658503988659
[predict()] making cropped data
[make_crop_data_batch()] Welcome make_crop_data_batch
[make_crop_data_batch()] make tf_to_crops done
[make_crop_data_batch()] render done
[make_crop_data_batch()] warp done
[make_crop_data_batch()] pose batch data done
[predict()] forward start
[predict()] forward done
[track_one()] pose done
[track_one()] Welcome
[track_one()] depth processing done
[predict()] ob_in_cams:(1, 4, 4)
[predict()] self.cfg.use_normal:False
[predict()] trans_normalizer:[0.019999999552965164, 0.019999999552965164, 0.05000000074505806], rot_normalizer:0.3490658503988659
[predict()] making cropped data
[make_crop_data_batch()] Welcome make_crop_data_batch
[make_crop_data_batch()] make tf_to_crops done
[make_crop_data_batch()] render done
[make_crop_data_batch()] warp done
[make_crop_data_batch()] pose batch data done
[predict()] forward start
[predict()] forward done
[track_one()] pose done
[track_one()] Welcome
[track_one()] depth processing done
[predict()] ob_in_cams:(1, 4, 4)
[predict()] self.cfg.use_normal:False
[predict()] trans_normalizer:[0.019999999552965164, 0.019999999552965164, 0.05000000074505806], rot_normalizer:0.3490658503988659
[predict()] making cropped data
[make_crop_data_batch()] Welcome make_crop_data_batch
[make_crop_data_batch()] make tf_to_crops done
[make_crop_data_batch()] render done
[make_crop_data_batch()] warp done
[make_crop_data_batch()] pose batch data done
[predict()] forward start
[predict()] forward done
[track_one()] pose done
[track_one()] Welcome
[track_one()] depth processing done
[predict()] ob_in_cams:(1, 4, 4)
[predict()] self.cfg.use_normal:False
[predict()] trans_normalizer:[0.019999999552965164, 0.019999999552965164, 0.05000000074505806], rot_normalizer:0.3490658503988659
[predict()] making cropped data
[make_crop_data_batch()] Welcome make_crop_data_batch
[make_crop_data_batch()] make tf_to_crops done
[make_crop_data_batch()] render done
[make_crop_data_batch()] warp done
[make_crop_data_batch()] pose batch data done
[predict()] forward start
[predict()] forward done
[track_one()] pose done
[track_one()] Welcome
[track_one()] depth processing done
[predict()] ob_in_cams:(1, 4, 4)
[predict()] self.cfg.use_normal:False
[predict()] trans_normalizer:[0.019999999552965164, 0.019999999552965164, 0.05000000074505806], rot_normalizer:0.3490658503988659
[predict()] making cropped data
[make_crop_data_batch()] Welcome make_crop_data_batch
[make_crop_data_batch()] make tf_to_crops done
[make_crop_data_batch()] render done
[make_crop_data_batch()] warp done
[make_crop_data_batch()] pose batch data done
[predict()] forward start
[predict()] forward done
[track_one()] pose done
[track_one()] Welcome
[track_one()] depth processing done
[predict()] ob_in_cams:(1, 4, 4)
[predict()] self.cfg.use_normal:False
[predict()] trans_normalizer:[0.019999999552965164, 0.019999999552965164, 0.05000000074505806], rot_normalizer:0.3490658503988659
[predict()] making cropped data
[make_crop_data_batch()] Welcome make_crop_data_batch
[make_crop_data_batch()] make tf_to_crops done
[make_crop_data_batch()] render done
[make_crop_data_batch()] warp done
[make_crop_data_batch()] pose batch data done
[predict()] forward start
[predict()] forward done
[track_one()] pose done
[track_one()] Welcome
[track_one()] depth processing done
[predict()] ob_in_cams:(1, 4, 4)
[predict()] self.cfg.use_normal:False
[predict()] trans_normalizer:[0.019999999552965164, 0.019999999552965164, 0.05000000074505806], rot_normalizer:0.3490658503988659
[predict()] making cropped data
[make_crop_data_batch()] Welcome make_crop_data_batch
[make_crop_data_batch()] make tf_to_crops done
[make_crop_data_batch()] render done
[make_crop_data_batch()] warp done
[make_crop_data_batch()] pose batch data done
[predict()] forward start
[predict()] forward done
[track_one()] pose done
[track_one()] Welcome
[track_one()] depth processing done
[predict()] ob_in_cams:(1, 4, 4)
[predict()] self.cfg.use_normal:False
[predict()] trans_normalizer:[0.019999999552965164, 0.019999999552965164, 0.05000000074505806], rot_normalizer:0.3490658503988659
[predict()] making cropped data
[make_crop_data_batch()] Welcome make_crop_data_batch
[make_crop_data_batch()] make tf_to_crops done
[make_crop_data_batch()] render done
[make_crop_data_batch()] warp done
[make_crop_data_batch()] pose batch data done
[predict()] forward start
[predict()] forward done
[track_one()] pose done
[track_one()] Welcome
[track_one()] depth processing done
[predict()] ob_in_cams:(1, 4, 4)
[predict()] self.cfg.use_normal:False
[predict()] trans_normalizer:[0.019999999552965164, 0.019999999552965164, 0.05000000074505806], rot_normalizer:0.3490658503988659
[predict()] making cropped data
[make_crop_data_batch()] Welcome make_crop_data_batch
[make_crop_data_batch()] make tf_to_crops done
[make_crop_data_batch()] render done
[make_crop_data_batch()] warp done
[make_crop_data_batch()] pose batch data done
[predict()] forward start
[predict()] forward done
[track_one()] pose done
[track_one()] Welcome
[track_one()] depth processing done
[predict()] ob_in_cams:(1, 4, 4)
[predict()] self.cfg.use_normal:False
[predict()] trans_normalizer:[0.019999999552965164, 0.019999999552965164, 0.05000000074505806], rot_normalizer:0.3490658503988659
[predict()] making cropped data
[make_crop_data_batch()] Welcome make_crop_data_batch
[make_crop_data_batch()] make tf_to_crops done
[make_crop_data_batch()] render done
[make_crop_data_batch()] warp done
[make_crop_data_batch()] pose batch data done
[predict()] forward start
[predict()] forward done
[track_one()] pose done
[track_one()] Welcome
[track_one()] depth processing done
[predict()] ob_in_cams:(1, 4, 4)
[predict()] self.cfg.use_normal:False
[predict()] trans_normalizer:[0.019999999552965164, 0.019999999552965164, 0.05000000074505806], rot_normalizer:0.3490658503988659
[predict()] making cropped data
[make_crop_data_batch()] Welcome make_crop_data_batch
[make_crop_data_batch()] make tf_to_crops done
[make_crop_data_batch()] render done
[make_crop_data_batch()] warp done
[make_crop_data_batch()] pose batch data done
[predict()] forward start
[predict()] forward done
[track_one()] pose done
[track_one()] Welcome
[track_one()] depth processing done
[predict()] ob_in_cams:(1, 4, 4)
[predict()] self.cfg.use_normal:False
[predict()] trans_normalizer:[0.019999999552965164, 0.019999999552965164, 0.05000000074505806], rot_normalizer:0.3490658503988659
[predict()] making cropped data
[make_crop_data_batch()] Welcome make_crop_data_batch
[make_crop_data_batch()] make tf_to_crops done
[make_crop_data_batch()] render done
[make_crop_data_batch()] warp done
[make_crop_data_batch()] pose batch data done
[predict()] forward start
[predict()] forward done
[track_one()] pose done
[track_one()] Welcome
[track_one()] depth processing done
[predict()] ob_in_cams:(1, 4, 4)
[predict()] self.cfg.use_normal:False
[predict()] trans_normalizer:[0.019999999552965164, 0.019999999552965164, 0.05000000074505806], rot_normalizer:0.3490658503988659
[predict()] making cropped data
[make_crop_data_batch()] Welcome make_crop_data_batch
[make_crop_data_batch()] make tf_to_crops done
[make_crop_data_batch()] render done
[make_crop_data_batch()] warp done
[make_crop_data_batch()] pose batch data done
[predict()] forward start
[predict()] forward done
[track_one()] pose done
[track_one()] Welcome
[track_one()] depth processing done
[predict()] ob_in_cams:(1, 4, 4)
[predict()] self.cfg.use_normal:False
[predict()] trans_normalizer:[0.019999999552965164, 0.019999999552965164, 0.05000000074505806], rot_normalizer:0.3490658503988659
[predict()] making cropped data
[make_crop_data_batch()] Welcome make_crop_data_batch
[make_crop_data_batch()] make tf_to_crops done
[make_crop_data_batch()] render done
[make_crop_data_batch()] warp done
[make_crop_data_batch()] pose batch data done
[predict()] forward start
[predict()] forward done
[track_one()] pose done
[track_one()] Welcome
[track_one()] depth processing done
[predict()] ob_in_cams:(1, 4, 4)
[predict()] self.cfg.use_normal:False
[predict()] trans_normalizer:[0.019999999552965164, 0.019999999552965164, 0.05000000074505806], rot_normalizer:0.3490658503988659
[predict()] making cropped data
[make_crop_data_batch()] Welcome make_crop_data_batch
[make_crop_data_batch()] make tf_to_crops done
[make_crop_data_batch()] render done
[make_crop_data_batch()] warp done
[make_crop_data_batch()] pose batch data done
[predict()] forward start
[predict()] forward done
[track_one()] pose done
[track_one()] Welcome
[track_one()] depth processing done
[predict()] ob_in_cams:(1, 4, 4)
[predict()] self.cfg.use_normal:False
[predict()] trans_normalizer:[0.019999999552965164, 0.019999999552965164, 0.05000000074505806], rot_normalizer:0.3490658503988659
[predict()] making cropped data
[make_crop_data_batch()] Welcome make_crop_data_batch
[make_crop_data_batch()] make tf_to_crops done
[make_crop_data_batch()] render done
[make_crop_data_batch()] warp done
[make_crop_data_batch()] pose batch data done
[predict()] forward start
[predict()] forward done
[track_one()] pose done
[track_one()] Welcome
[track_one()] depth processing done
[predict()] ob_in_cams:(1, 4, 4)
[predict()] self.cfg.use_normal:False
[predict()] trans_normalizer:[0.019999999552965164, 0.019999999552965164, 0.05000000074505806], rot_normalizer:0.3490658503988659
[predict()] making cropped data
[make_crop_data_batch()] Welcome make_crop_data_batch
[make_crop_data_batch()] make tf_to_crops done
[make_crop_data_batch()] render done
[make_crop_data_batch()] warp done
[make_crop_data_batch()] pose batch data done
[predict()] forward start
[predict()] forward done
[track_one()] pose done
[track_one()] Welcome
[track_one()] depth processing done
[predict()] ob_in_cams:(1, 4, 4)
[predict()] self.cfg.use_normal:False
[predict()] trans_normalizer:[0.019999999552965164, 0.019999999552965164, 0.05000000074505806], rot_normalizer:0.3490658503988659
[predict()] making cropped data
[make_crop_data_batch()] Welcome make_crop_data_batch
[make_crop_data_batch()] make tf_to_crops done
[make_crop_data_batch()] render done
[make_crop_data_batch()] warp done
[make_crop_data_batch()] pose batch data done
[predict()] forward start
[predict()] forward done
[track_one()] pose done
[track_one()] Welcome
[track_one()] depth processing done
[predict()] ob_in_cams:(1, 4, 4)
[predict()] self.cfg.use_normal:False
[predict()] trans_normalizer:[0.019999999552965164, 0.019999999552965164, 0.05000000074505806], rot_normalizer:0.3490658503988659
[predict()] making cropped data
[make_crop_data_batch()] Welcome make_crop_data_batch
[make_crop_data_batch()] make tf_to_crops done
[make_crop_data_batch()] render done
[make_crop_data_batch()] warp done
[make_crop_data_batch()] pose batch data done
[predict()] forward start
[predict()] forward done
[track_one()] pose done
[track_one()] Welcome
[track_one()] depth processing done
[predict()] ob_in_cams:(1, 4, 4)
[predict()] self.cfg.use_normal:False
[predict()] trans_normalizer:[0.019999999552965164, 0.019999999552965164, 0.05000000074505806], rot_normalizer:0.3490658503988659
[predict()] making cropped data
[make_crop_data_batch()] Welcome make_crop_data_batch
[make_crop_data_batch()] make tf_to_crops done
[make_crop_data_batch()] render done
[make_crop_data_batch()] warp done
[make_crop_data_batch()] pose batch data done
[predict()] forward start
[predict()] forward done
[track_one()] pose done
[track_one()] Welcome
[track_one()] depth processing done
[predict()] ob_in_cams:(1, 4, 4)
[predict()] self.cfg.use_normal:False
[predict()] trans_normalizer:[0.019999999552965164, 0.019999999552965164, 0.05000000074505806], rot_normalizer:0.3490658503988659
[predict()] making cropped data
[make_crop_data_batch()] Welcome make_crop_data_batch
[make_crop_data_batch()] make tf_to_crops done
[make_crop_data_batch()] render done
[make_crop_data_batch()] warp done
[make_crop_data_batch()] pose batch data done
[predict()] forward start
[predict()] forward done
[track_one()] pose done
[track_one()] Welcome
[track_one()] depth processing done
[predict()] ob_in_cams:(1, 4, 4)
[predict()] self.cfg.use_normal:False
[predict()] trans_normalizer:[0.019999999552965164, 0.019999999552965164, 0.05000000074505806], rot_normalizer:0.3490658503988659
[predict()] making cropped data
[make_crop_data_batch()] Welcome make_crop_data_batch
[make_crop_data_batch()] make tf_to_crops done
[make_crop_data_batch()] render done
[make_crop_data_batch()] warp done
[make_crop_data_batch()] pose batch data done
[predict()] forward start
[predict()] forward done
[track_one()] pose done
[track_one()] Welcome
[track_one()] depth processing done
[predict()] ob_in_cams:(1, 4, 4)
[predict()] self.cfg.use_normal:False
[predict()] trans_normalizer:[0.019999999552965164, 0.019999999552965164, 0.05000000074505806], rot_normalizer:0.3490658503988659
[predict()] making cropped data
[make_crop_data_batch()] Welcome make_crop_data_batch
[make_crop_data_batch()] make tf_to_crops done
[make_crop_data_batch()] render done
[make_crop_data_batch()] warp done
[make_crop_data_batch()] pose batch data done
[predict()] forward start
[predict()] forward done
[track_one()] pose done
[track_one()] Welcome
[track_one()] depth processing done
[predict()] ob_in_cams:(1, 4, 4)
[predict()] self.cfg.use_normal:False
[predict()] trans_normalizer:[0.019999999552965164, 0.019999999552965164, 0.05000000074505806], rot_normalizer:0.3490658503988659
[predict()] making cropped data
[make_crop_data_batch()] Welcome make_crop_data_batch
[make_crop_data_batch()] make tf_to_crops done
[make_crop_data_batch()] render done
[make_crop_data_batch()] warp done
[make_crop_data_batch()] pose batch data done
[predict()] forward start
[predict()] forward done
[track_one()] pose done
[track_one()] Welcome
[track_one()] depth processing done
[predict()] ob_in_cams:(1, 4, 4)
[predict()] self.cfg.use_normal:False
[predict()] trans_normalizer:[0.019999999552965164, 0.019999999552965164, 0.05000000074505806], rot_normalizer:0.3490658503988659
[predict()] making cropped data
[make_crop_data_batch()] Welcome make_crop_data_batch
[make_crop_data_batch()] make tf_to_crops done
[make_crop_data_batch()] render done
[make_crop_data_batch()] warp done
[make_crop_data_batch()] pose batch data done
[predict()] forward start
[predict()] forward done
[track_one()] pose done
[track_one()] Welcome
[track_one()] depth processing done
[predict()] ob_in_cams:(1, 4, 4)
[predict()] self.cfg.use_normal:False
[predict()] trans_normalizer:[0.019999999552965164, 0.019999999552965164, 0.05000000074505806], rot_normalizer:0.3490658503988659
[predict()] making cropped data
[make_crop_data_batch()] Welcome make_crop_data_batch
[make_crop_data_batch()] make tf_to_crops done
[make_crop_data_batch()] render done
[make_crop_data_batch()] warp done
[make_crop_data_batch()] pose batch data done
[predict()] forward start
[predict()] forward done
[track_one()] pose done
[track_one()] Welcome
[track_one()] depth processing done
[predict()] ob_in_cams:(1, 4, 4)
[predict()] self.cfg.use_normal:False
[predict()] trans_normalizer:[0.019999999552965164, 0.019999999552965164, 0.05000000074505806], rot_normalizer:0.3490658503988659
[predict()] making cropped data
[make_crop_data_batch()] Welcome make_crop_data_batch
[make_crop_data_batch()] make tf_to_crops done
[make_crop_data_batch()] render done
[make_crop_data_batch()] warp done
[make_crop_data_batch()] pose batch data done
[predict()] forward start
[predict()] forward done
[track_one()] pose done
[track_one()] Welcome
[track_one()] depth processing done
[predict()] ob_in_cams:(1, 4, 4)
[predict()] self.cfg.use_normal:False
[predict()] trans_normalizer:[0.019999999552965164, 0.019999999552965164, 0.05000000074505806], rot_normalizer:0.3490658503988659
[predict()] making cropped data
[make_crop_data_batch()] Welcome make_crop_data_batch
[make_crop_data_batch()] make tf_to_crops done
[make_crop_data_batch()] render done
[make_crop_data_batch()] warp done
[make_crop_data_batch()] pose batch data done
[predict()] forward start
[predict()] forward done
[track_one()] pose done
[track_one()] Welcome
[track_one()] depth processing done
[predict()] ob_in_cams:(1, 4, 4)
[predict()] self.cfg.use_normal:False
[predict()] trans_normalizer:[0.019999999552965164, 0.019999999552965164, 0.05000000074505806], rot_normalizer:0.3490658503988659
[predict()] making cropped data
[make_crop_data_batch()] Welcome make_crop_data_batch
[make_crop_data_batch()] make tf_to_crops done
[make_crop_data_batch()] render done
[make_crop_data_batch()] warp done
[make_crop_data_batch()] pose batch data done
[predict()] forward start
[predict()] forward done
[track_one()] pose done
[track_one()] Welcome
[track_one()] depth processing done
[predict()] ob_in_cams:(1, 4, 4)
[predict()] self.cfg.use_normal:False
[predict()] trans_normalizer:[0.019999999552965164, 0.019999999552965164, 0.05000000074505806], rot_normalizer:0.3490658503988659
[predict()] making cropped data
[make_crop_data_batch()] Welcome make_crop_data_batch
[make_crop_data_batch()] make tf_to_crops done
[make_crop_data_batch()] render done
[make_crop_data_batch()] warp done
[make_crop_data_batch()] pose batch data done
[predict()] forward start
[predict()] forward done
[track_one()] pose done
[track_one()] Welcome
[track_one()] depth processing done
[predict()] ob_in_cams:(1, 4, 4)
[predict()] self.cfg.use_normal:False
[predict()] trans_normalizer:[0.019999999552965164, 0.019999999552965164, 0.05000000074505806], rot_normalizer:0.3490658503988659
[predict()] making cropped data
[make_crop_data_batch()] Welcome make_crop_data_batch
[make_crop_data_batch()] make tf_to_crops done
[make_crop_data_batch()] render done
[make_crop_data_batch()] warp done
[make_crop_data_batch()] pose batch data done
[predict()] forward start
[predict()] forward done
[track_one()] pose done
[track_one()] Welcome
[track_one()] depth processing done
[predict()] ob_in_cams:(1, 4, 4)
[predict()] self.cfg.use_normal:False
[predict()] trans_normalizer:[0.019999999552965164, 0.019999999552965164, 0.05000000074505806], rot_normalizer:0.3490658503988659
[predict()] making cropped data
[make_crop_data_batch()] Welcome make_crop_data_batch
[make_crop_data_batch()] make tf_to_crops done
[make_crop_data_batch()] render done
[make_crop_data_batch()] warp done
[make_crop_data_batch()] pose batch data done
[predict()] forward start
[predict()] forward done
[track_one()] pose done
[track_one()] Welcome
[track_one()] depth processing done
[predict()] ob_in_cams:(1, 4, 4)
[predict()] self.cfg.use_normal:False
[predict()] trans_normalizer:[0.019999999552965164, 0.019999999552965164, 0.05000000074505806], rot_normalizer:0.3490658503988659
[predict()] making cropped data
[make_crop_data_batch()] Welcome make_crop_data_batch
[make_crop_data_batch()] make tf_to_crops done
[make_crop_data_batch()] render done
[make_crop_data_batch()] warp done
[make_crop_data_batch()] pose batch data done
[predict()] forward start
[predict()] forward done
[track_one()] pose done
[track_one()] Welcome
[track_one()] depth processing done
[predict()] ob_in_cams:(1, 4, 4)
[predict()] self.cfg.use_normal:False
[predict()] trans_normalizer:[0.019999999552965164, 0.019999999552965164, 0.05000000074505806], rot_normalizer:0.3490658503988659
[predict()] making cropped data
[make_crop_data_batch()] Welcome make_crop_data_batch
[make_crop_data_batch()] make tf_to_crops done
[make_crop_data_batch()] render done
[make_crop_data_batch()] warp done
[make_crop_data_batch()] pose batch data done
[predict()] forward start
[predict()] forward done
[track_one()] pose done
[track_one()] Welcome
[track_one()] depth processing done
[predict()] ob_in_cams:(1, 4, 4)
[predict()] self.cfg.use_normal:False
[predict()] trans_normalizer:[0.019999999552965164, 0.019999999552965164, 0.05000000074505806], rot_normalizer:0.3490658503988659
[predict()] making cropped data
[make_crop_data_batch()] Welcome make_crop_data_batch
[make_crop_data_batch()] make tf_to_crops done
[make_crop_data_batch()] render done
[make_crop_data_batch()] warp done
[make_crop_data_batch()] pose batch data done
[predict()] forward start
[predict()] forward done
[track_one()] pose done
[track_one()] Welcome
[track_one()] depth processing done
[predict()] ob_in_cams:(1, 4, 4)
[predict()] self.cfg.use_normal:False
[predict()] trans_normalizer:[0.019999999552965164, 0.019999999552965164, 0.05000000074505806], rot_normalizer:0.3490658503988659
[predict()] making cropped data
[make_crop_data_batch()] Welcome make_crop_data_batch
[make_crop_data_batch()] make tf_to_crops done
[make_crop_data_batch()] render done
[make_crop_data_batch()] warp done
[make_crop_data_batch()] pose batch data done
[predict()] forward start
[predict()] forward done
[track_one()] pose done
[track_one()] Welcome
[track_one()] depth processing done
[predict()] ob_in_cams:(1, 4, 4)
[predict()] self.cfg.use_normal:False
[predict()] trans_normalizer:[0.019999999552965164, 0.019999999552965164, 0.05000000074505806], rot_normalizer:0.3490658503988659
[predict()] making cropped data
[make_crop_data_batch()] Welcome make_crop_data_batch
[make_crop_data_batch()] make tf_to_crops done
[make_crop_data_batch()] render done
[make_crop_data_batch()] warp done
[make_crop_data_batch()] pose batch data done
[predict()] forward start
[predict()] forward done
[track_one()] pose done
[track_one()] Welcome
[track_one()] depth processing done
[predict()] ob_in_cams:(1, 4, 4)
[predict()] self.cfg.use_normal:False
[predict()] trans_normalizer:[0.019999999552965164, 0.019999999552965164, 0.05000000074505806], rot_normalizer:0.3490658503988659
[predict()] making cropped data
[make_crop_data_batch()] Welcome make_crop_data_batch
[make_crop_data_batch()] make tf_to_crops done
[make_crop_data_batch()] render done
[make_crop_data_batch()] warp done
[make_crop_data_batch()] pose batch data done
[predict()] forward start
[predict()] forward done
[track_one()] pose done
[track_one()] Welcome
[track_one()] depth processing done
[predict()] ob_in_cams:(1, 4, 4)
[predict()] self.cfg.use_normal:False
[predict()] trans_normalizer:[0.019999999552965164, 0.019999999552965164, 0.05000000074505806], rot_normalizer:0.3490658503988659
[predict()] making cropped data
[make_crop_data_batch()] Welcome make_crop_data_batch
[make_crop_data_batch()] make tf_to_crops done
[make_crop_data_batch()] render done
[make_crop_data_batch()] warp done
[make_crop_data_batch()] pose batch data done
[predict()] forward start
[predict()] forward done
[track_one()] pose done
[track_one()] Welcome
[track_one()] depth processing done
[predict()] ob_in_cams:(1, 4, 4)
[predict()] self.cfg.use_normal:False
[predict()] trans_normalizer:[0.019999999552965164, 0.019999999552965164, 0.05000000074505806], rot_normalizer:0.3490658503988659
[predict()] making cropped data
[make_crop_data_batch()] Welcome make_crop_data_batch
[make_crop_data_batch()] make tf_to_crops done
[make_crop_data_batch()] render done
[make_crop_data_batch()] warp done
[make_crop_data_batch()] pose batch data done
[predict()] forward start
[predict()] forward done
[track_one()] pose done
[track_one()] Welcome
[track_one()] depth processing done
[predict()] ob_in_cams:(1, 4, 4)
[predict()] self.cfg.use_normal:False
[predict()] trans_normalizer:[0.019999999552965164, 0.019999999552965164, 0.05000000074505806], rot_normalizer:0.3490658503988659
[predict()] making cropped data
[make_crop_data_batch()] Welcome make_crop_data_batch
[make_crop_data_batch()] make tf_to_crops done
[make_crop_data_batch()] render done
[make_crop_data_batch()] warp done
[make_crop_data_batch()] pose batch data done
[predict()] forward start
[predict()] forward done
[track_one()] pose done
[track_one()] Welcome
[track_one()] depth processing done
[predict()] ob_in_cams:(1, 4, 4)
[predict()] self.cfg.use_normal:False
[predict()] trans_normalizer:[0.019999999552965164, 0.019999999552965164, 0.05000000074505806], rot_normalizer:0.3490658503988659
[predict()] making cropped data
[make_crop_data_batch()] Welcome make_crop_data_batch
[make_crop_data_batch()] make tf_to_crops done
[make_crop_data_batch()] render done
[make_crop_data_batch()] warp done
[make_crop_data_batch()] pose batch data done
[predict()] forward start
[predict()] forward done
[track_one()] pose done
[track_one()] Welcome
[track_one()] depth processing done
[predict()] ob_in_cams:(1, 4, 4)
[predict()] self.cfg.use_normal:False
[predict()] trans_normalizer:[0.019999999552965164, 0.019999999552965164, 0.05000000074505806], rot_normalizer:0.3490658503988659
[predict()] making cropped data
[make_crop_data_batch()] Welcome make_crop_data_batch
[make_crop_data_batch()] make tf_to_crops done
[make_crop_data_batch()] render done
[make_crop_data_batch()] warp done
[make_crop_data_batch()] pose batch data done
[predict()] forward start
[predict()] forward done
[track_one()] pose done
[track_one()] Welcome
[track_one()] depth processing done
[predict()] ob_in_cams:(1, 4, 4)
[predict()] self.cfg.use_normal:False
[predict()] trans_normalizer:[0.019999999552965164, 0.019999999552965164, 0.05000000074505806], rot_normalizer:0.3490658503988659
[predict()] making cropped data
[make_crop_data_batch()] Welcome make_crop_data_batch
[make_crop_data_batch()] make tf_to_crops done
[make_crop_data_batch()] render done
[make_crop_data_batch()] warp done
[make_crop_data_batch()] pose batch data done
[predict()] forward start
[predict()] forward done
[track_one()] pose done
[track_one()] Welcome
[track_one()] depth processing done
[predict()] ob_in_cams:(1, 4, 4)
[predict()] self.cfg.use_normal:False
[predict()] trans_normalizer:[0.019999999552965164, 0.019999999552965164, 0.05000000074505806], rot_normalizer:0.3490658503988659
[predict()] making cropped data
[make_crop_data_batch()] Welcome make_crop_data_batch
[make_crop_data_batch()] make tf_to_crops done
[make_crop_data_batch()] render done
[make_crop_data_batch()] warp done
[make_crop_data_batch()] pose batch data done
[predict()] forward start
[predict()] forward done
[track_one()] pose done
[track_one()] Welcome
[track_one()] depth processing done
[predict()] ob_in_cams:(1, 4, 4)
[predict()] self.cfg.use_normal:False
[predict()] trans_normalizer:[0.019999999552965164, 0.019999999552965164, 0.05000000074505806], rot_normalizer:0.3490658503988659
[predict()] making cropped data
[make_crop_data_batch()] Welcome make_crop_data_batch
[make_crop_data_batch()] make tf_to_crops done
[make_crop_data_batch()] render done
[make_crop_data_batch()] warp done
[make_crop_data_batch()] pose batch data done
[predict()] forward start
[predict()] forward done
[track_one()] pose done
[track_one()] Welcome
[track_one()] depth processing done
[predict()] ob_in_cams:(1, 4, 4)
[predict()] self.cfg.use_normal:False
[predict()] trans_normalizer:[0.019999999552965164, 0.019999999552965164, 0.05000000074505806], rot_normalizer:0.3490658503988659
[predict()] making cropped data
[make_crop_data_batch()] Welcome make_crop_data_batch
[make_crop_data_batch()] make tf_to_crops done
[make_crop_data_batch()] render done
[make_crop_data_batch()] warp done
[make_crop_data_batch()] pose batch data done
[predict()] forward start
[predict()] forward done
[track_one()] pose done
[track_one()] Welcome
[track_one()] depth processing done
[predict()] ob_in_cams:(1, 4, 4)
[predict()] self.cfg.use_normal:False
[predict()] trans_normalizer:[0.019999999552965164, 0.019999999552965164, 0.05000000074505806], rot_normalizer:0.3490658503988659
[predict()] making cropped data
[make_crop_data_batch()] Welcome make_crop_data_batch
[make_crop_data_batch()] make tf_to_crops done
[make_crop_data_batch()] render done
[make_crop_data_batch()] warp done
[make_crop_data_batch()] pose batch data done
[predict()] forward start
[predict()] forward done
[track_one()] pose done
[track_one()] Welcome
[track_one()] depth processing done
[predict()] ob_in_cams:(1, 4, 4)
[predict()] self.cfg.use_normal:False
[predict()] trans_normalizer:[0.019999999552965164, 0.019999999552965164, 0.05000000074505806], rot_normalizer:0.3490658503988659
[predict()] making cropped data
[make_crop_data_batch()] Welcome make_crop_data_batch
[make_crop_data_batch()] make tf_to_crops done
[make_crop_data_batch()] render done
[make_crop_data_batch()] warp done
[make_crop_data_batch()] pose batch data done
[predict()] forward start
[predict()] forward done
[track_one()] pose done
[track_one()] Welcome
[track_one()] depth processing done
[predict()] ob_in_cams:(1, 4, 4)
[predict()] self.cfg.use_normal:False
[predict()] trans_normalizer:[0.019999999552965164, 0.019999999552965164, 0.05000000074505806], rot_normalizer:0.3490658503988659
[predict()] making cropped data
[make_crop_data_batch()] Welcome make_crop_data_batch
[make_crop_data_batch()] make tf_to_crops done
[make_crop_data_batch()] render done
[make_crop_data_batch()] warp done
[make_crop_data_batch()] pose batch data done
[predict()] forward start
[predict()] forward done
[track_one()] pose done
[track_one()] Welcome
[track_one()] depth processing done
[predict()] ob_in_cams:(1, 4, 4)
[predict()] self.cfg.use_normal:False
[predict()] trans_normalizer:[0.019999999552965164, 0.019999999552965164, 0.05000000074505806], rot_normalizer:0.3490658503988659
[predict()] making cropped data
[make_crop_data_batch()] Welcome make_crop_data_batch
[make_crop_data_batch()] make tf_to_crops done
[make_crop_data_batch()] render done
[make_crop_data_batch()] warp done
[make_crop_data_batch()] pose batch data done
[predict()] forward start
[predict()] forward done
[track_one()] pose done
[track_one()] Welcome
[track_one()] depth processing done
[predict()] ob_in_cams:(1, 4, 4)
[predict()] self.cfg.use_normal:False
[predict()] trans_normalizer:[0.019999999552965164, 0.019999999552965164, 0.05000000074505806], rot_normalizer:0.3490658503988659
[predict()] making cropped data
[make_crop_data_batch()] Welcome make_crop_data_batch
[make_crop_data_batch()] make tf_to_crops done
[make_crop_data_batch()] render done
[make_crop_data_batch()] warp done
[make_crop_data_batch()] pose batch data done
[predict()] forward start
[predict()] forward done
[track_one()] pose done
num original candidates = 252
num of pose after clustering: 252
num original candidates = 252
num of pose after clustering: 252

===== fuse screw_unscrew_bottle_cap__67 gpu=5 2026-08-28 02:23:13 =====
WARNING: You are using a MANO model, with only 10 shape coefficients.
WARNING: You are using a MANO model, with only 10 shape coefficients.
[fuse] 手部平移按 R@(t+J0)-J0 变换 (|J0|= [86.4, 105.1] mm)

===== confidence screw_unscrew_bottle_cap__67 gpu=5 2026-08-28 02:23:20 =====
[confidence] 2 个物体: ['object_0', 'object_1']
[confidence] audit(pre): /home/yanghong/miniconda3/envs/hawor/bin/python /home/yanghong/Reconstruct_and_Retarget/confidence/pose_audit.py --scene /home/yanghong/Reconstruct_and_Retarget/Output/ReconstructOutput/egodex_part4/screw_unscrew_bottle_cap/67 --out /home/yanghong/Reconstruct_and_Retarget/Data/VideoPrior/poseqa
[audit] 67[object_0]: s=0.925 可信度 中位 53.0 (位置 89.0/旋转  0.0)  → /home/yanghong/Reconstruct_and_Retarget/Data/VideoPrior/poseqa/pose_audit.json
[audit] 67[object_1]: s=1.425 可信度 中位 68.0 (位置 79.0/旋转 51.0)  → /home/yanghong/Reconstruct_and_Retarget/Data/VideoPrior/poseqa/pose_audit.json
[audit] 2 个物体, 用时 14s
[confidence] cotracker[object_0]: /home/yanghong/miniconda3/envs/hawor/bin/python /home/yanghong/Reconstruct_and_Retarget/confidence/cotracker_consistency.py --scene /home/yanghong/Reconstruct_and_Retarget/Output/ReconstructOutput/egodex_part4/screw_unscrew_bottle_cap/67 --video /home/yanghong/Reconstruct_and_Retarget/Data/egodex_part4/screw_unscrew_bottle_cap/67.mp4 --out /home/yanghong/Reconstruct_and_Retarget/Data/VideoPrior/poseqa/cc --audit /home/yanghong/Reconstruct_and_Retarget/Data/VideoPrior/poseqa/pose_audit.json --object object_0 --no-viz
Using cache found in /home/yanghong/.cache/torch/hub/facebookresearch_co-tracker_main
[cc] 参考帧 [0, 55, 114]  种子点 148
[cc] 打分 115/115 帧  err_norm 中位 0.0533 p90 0.1062  vis 中位 0.568
{
 "scene": "/home/yanghong/Reconstruct_and_Retarget/Output/ReconstructOutput/egodex_part4/screw_unscrew_bottle_cap/67",
 "seed_frames": [
  0,
  55,
  114
 ],
 "n_frames": 115,
 "n_scored": 115,
 "ct_err_norm_median": 0.0533,
 "ct_err_norm_p90": 0.1062,
 "ct_t_err_median": 0.0954,
 "ct_r_err_median": 0.0546,
 "vis_frac_median": 0.568,
 "inside_frac_median": 1.0
}
[confidence] cotracker[object_1]: /home/yanghong/miniconda3/envs/hawor/bin/python /home/yanghong/Reconstruct_and_Retarget/confidence/cotracker_consistency.py --scene /home/yanghong/Reconstruct_and_Retarget/Output/ReconstructOutput/egodex_part4/screw_unscrew_bottle_cap/67 --video /home/yanghong/Reconstruct_and_Retarget/Data/egodex_part4/screw_unscrew_bottle_cap/67.mp4 --out /home/yanghong/Reconstruct_and_Retarget/Data/VideoPrior/poseqa/cc --audit /home/yanghong/Reconstruct_and_Retarget/Data/VideoPrior/poseqa/pose_audit.json --object object_1 --no-viz
Using cache found in /home/yanghong/.cache/torch/hub/facebookresearch_co-tracker_main
[cc] 参考帧 [0, 56, 114]  种子点 89
[cc] 打分 99/115 帧  err_norm 中位 0.083 p90 0.1664  vis 中位 0.438
{
 "scene": "/home/yanghong/Reconstruct_and_Retarget/Output/ReconstructOutput/egodex_part4/screw_unscrew_bottle_cap/67",
 "seed_frames": [
  0,
  56,
  114
 ],
 "n_frames": 115,
 "n_scored": 99,
 "ct_err_norm_median": 0.083,
 "ct_err_norm_p90": 0.1664,
 "ct_t_err_median": 0.0653,
 "ct_r_err_median": 0.0446,
 "vis_frac_median": 0.438,
 "inside_frac_median": 0.958
}
[confidence] audit(final): /home/yanghong/miniconda3/envs/hawor/bin/python /home/yanghong/Reconstruct_and_Retarget/confidence/pose_audit.py --scene /home/yanghong/Reconstruct_and_Retarget/Output/ReconstructOutput/egodex_part4/screw_unscrew_bottle_cap/67 --out /home/yanghong/Reconstruct_and_Retarget/Data/VideoPrior/poseqa --ct-dir /home/yanghong/Reconstruct_and_Retarget/Data/VideoPrior/poseqa/cc
[audit] 67[object_0]: s=0.925 可信度 中位 79.0 (位置 88.0/旋转 66.0)  → /home/yanghong/Reconstruct_and_Retarget/Data/VideoPrior/poseqa/pose_audit.json
[audit] 67[object_1]: s=1.425 可信度 中位 70.0 (位置 76.0/旋转 57.0)  → /home/yanghong/Reconstruct_and_Retarget/Data/VideoPrior/poseqa/pose_audit.json
[audit] 2 个物体, 用时 16s
[confidence] hand_conf: /home/yanghong/miniconda3/envs/hawor/bin/python /home/yanghong/Reconstruct_and_Retarget/confidence/hand_confidence.py /home/yanghong/Reconstruct_and_Retarget/Output/ReconstructOutput/egodex_part4/screw_unscrew_bottle_cap/67
[hand_conf] 67 left  帧  137 | pos 99.9 rot 85.6 | 指 [0.1, 23.8, 92.0, 96.6, 99.9] | 预期误差 20.0mm
[hand_conf] 67 right 帧  137 | pos 90.5 rot 90.5 | 指 [0.0, 96.6, 98.6, 100.0, 100.0] | 预期误差 14.0mm
[hand_conf] 判据 hand_conf_v1_arctic55_20260825 | mask 缺帧 0
[confidence] rts[object_0]: /home/yanghong/miniconda3/envs/hawor/bin/python /home/yanghong/Reconstruct_and_Retarget/confidence/rts_smoother.py --scene /home/yanghong/Reconstruct_and_Retarget/Output/ReconstructOutput/egodex_part4/screw_unscrew_bottle_cap/67 --audit /home/yanghong/Reconstruct_and_Retarget/Data/VideoPrior/poseqa/pose_audit.json --out /home/yanghong/Reconstruct_and_Retarget/Data/VideoPrior/poseqa/rts --object object_0
{
 "scene": "/home/yanghong/Reconstruct_and_Retarget/Output/ReconstructOutput/egodex_part4/screw_unscrew_bottle_cap/67",
 "n": 137,
 "A_static_step": {
  "raw_mm": 0.26793971263813465,
  "smooth_mm": 0.1503997107323839,
  "raw_deg": 0.1934763573679635,
  "smooth_deg": 0.382374222688676,
  "n_free": 15
 },
 "B_image": {
  "high_conf": {
   "n": 54,
   "explained_raw": 0.9431316240144887,
   "explained_smooth": 0.916133342812996,
   "dcent_raw": 0.10340848954644133,
   "dcent_smooth": 0.11144814945501619
  },
  "low_conf": {
   "n": 15,
   "explained_raw": 0.9072742955721679,
   "explained_smooth": 0.8297706350444687,
   "dcent_raw": 0.18052395545761163,
   "dcent_smooth": 0.16516597956399695
  }
 },
 "C_innov_spikes_pos": [],
 "n_rot_refuted": 0,
 "sigma_pos_mm": {
  "min": 2.4,
  "median": 2.9,
  "max": 9.1
 },
 "sigma_rot_deg": {
  "min": 0.6,
  "median": 0.9,
  "max": 3.6
 }
}
[confidence] rts[object_1]: /home/yanghong/miniconda3/envs/hawor/bin/python /home/yanghong/Reconstruct_and_Retarget/confidence/rts_smoother.py --scene /home/yanghong/Reconstruct_and_Retarget/Output/ReconstructOutput/egodex_part4/screw_unscrew_bottle_cap/67 --audit /home/yanghong/Reconstruct_and_Retarget/Data/VideoPrior/poseqa/pose_audit.json --out /home/yanghong/Reconstruct_and_Retarget/Data/VideoPrior/poseqa/rts --object object_1
{
 "scene": "/home/yanghong/Reconstruct_and_Retarget/Output/ReconstructOutput/egodex_part4/screw_unscrew_bottle_cap/67",
 "n": 137,
 "A_static_step": {
  "raw_mm": 2.6955722726029587,
  "smooth_mm": 2.3043941903247207,
  "raw_deg": 1.9151430720461047,
  "smooth_deg": 1.2030593528690496,
  "n_free": 15
 },
 "B_image": {
  "high_conf": {
   "n": 54,
   "explained_raw": 0.2649829546226249,
   "explained_smooth": 0.2629672085874294,
   "dcent_raw": 1.4504850257407642,
   "dcent_smooth": 1.4191270470458581
  },
  "low_conf": {
   "n": 15,
   "explained_raw": 0.281491514620349,
   "explained_smooth": 0.2649859506712457,
   "dcent_raw": 1.3882128571397419,
   "dcent_smooth": 1.3784519114750395
  }
 },
 "C_innov_spikes_pos": [],
 "n_rot_refuted": 2,
 "sigma_pos_mm": {
  "min": 2.4,
  "median": 4.2,
  "max": 9.4
 },
 "sigma_rot_deg": {
  "min": 0.6,
  "median": 0.9,
  "max": 1.3
 }
}
[confidence] manifest: /home/yanghong/miniconda3/envs/hawor/bin/python /home/yanghong/Reconstruct_and_Retarget/confidence/take_manifest.py --audit /home/yanghong/Reconstruct_and_Retarget/Data/VideoPrior/poseqa/pose_audit.json --out /home/yanghong/Reconstruct_and_Retarget/Data/VideoPrior/poseqa/TAKE_MANIFEST.json
[manifest] 238 takes: active 218 (旋转可用 134), excluded 10, deselected 0, superseded 10
   arctic15/s01/microwave_grab_01                     pos  99.0(good ) rot  41.0(可用) 自由轴[]  
   egodex_auto/pour/11                                pos  98.0(good ) rot  58.0(可用) 自由轴[1]  
   egodex_auto/pour/14                                pos  98.0(good ) rot  91.0(可用) 自由轴[1]  
   egodex_auto/pour/37                                pos  98.0(good ) rot  56.0(弃用) 自由轴[]  
   arctic15/s01/box_grab_01                           pos  97.0(good ) rot  63.0(可用) 自由轴[]  
   egodex_auto/pour/28                                pos  97.0(good ) rot  58.0(可用) 自由轴[1]  
   egodex_auto/pour/5                                 pos  97.0(good ) rot  84.0(可用) 自由轴[1]  
   arctic15/s06/espressomachine_grab_01               pos  96.0(good ) rot  88.0(可用) 自由轴[]  
   arctic15/s06/microwave_grab_01                     pos  96.0(good ) rot  44.0(可用) 自由轴[]  
   egodex_auto/pour/25                                pos  96.0(good ) rot  57.0(可用) 自由轴[1]  
   egodex_auto/pour/32                                pos  96.0(good ) rot  60.5(可用) 自由轴[1]  
   egodex_auto/screw_unscrew_bottle_cap/27            pos  95.5(good ) rot  58.5(可用) 自由轴[]  
   arctic15/s01/laptop_grab_01                        pos  95.0(good ) rot  91.0(可用) 自由轴[]  
   arctic15/s02/microwave_grab_01                     pos  95.0(good ) rot  57.0(可用) 自由轴[]  
   egodex_auto/pour/13                                pos  95.0(good ) rot  62.5(可用) 自由轴[1]  
   arctic15/s02/box_grab_01                           pos  94.0(good ) rot  62.0(可用) 自由轴[]  
   arctic15/s02/waffleiron_grab_01                    pos  94.0(good ) rot   0.0(弃用) 自由轴[1]  
   arctic15/s05/box_grab_01                           pos  94.0(good ) rot  62.5(可用) 自由轴[]  
   egodex_auto/pour/12                                pos  94.0(good ) rot   0.0(弃用) 自由轴[1]  
   egodex_auto/pour/9                                 pos  94.0(good ) rot  32.0(可用) 自由轴[1]  
   arctic15/s07/box_grab_01                           pos  93.0(good ) rot  61.0(可用) 自由轴[]  
   arctic15/s06/notebook_grab_01                      pos  92.0(good ) rot  73.0(可用) 自由轴[]  
   egodex_auto/pour/25                                pos  92.0(good ) rot  70.0(可用) 自由轴[1]  
   egodex_auto/screw_unscrew_bottle_cap/1             pos  92.0(good ) rot  48.5(可用) 自由轴[]  
   egodex_auto/pour/44                                pos  90.5(good ) rot  21.5(弃用) 自由轴[]  
   arctic15/s02/espressomachine_grab_01               pos  90.0(good ) rot  34.0(可用) 自由轴[]  
   arctic15/s04/box_grab_01                           pos  90.0(good ) rot  61.0(可用) 自由轴[]  
   arctic15/s04/microwave_grab_01                     pos  90.0(good ) rot  35.0(可用) 自由轴[]  
   egodex_auto/pour/9                                 pos  90.0(good ) rot  46.0(可用) 自由轴[1]  
   egodex_auto/screw_unscrew_bottle_cap/7             pos  90.0(good ) rot  29.0(弃用) 自由轴[1]  
   egodex_part4/screw_unscrew_bottle_cap/50           pos  90.0(good ) rot  58.5(可用) 自由轴[2]  
   arctic15/s01/waffleiron_grab_01                    pos  89.0(good ) rot  41.0(弃用) 自由轴[]  
   egodex_auto/pour/24                                pos  89.0(good ) rot  48.5(可用) 自由轴[1]  
   egodex_auto/pour/28                                pos  89.0(good ) rot  59.5(可用) 自由轴[1]  
   egodex_auto/screw_unscrew_bottle_cap/6             pos  89.0(good ) rot  14.0(弃用) 自由轴[]  
   arctic15/s02/laptop_grab_01                        pos  88.0(good ) rot  85.0(可用) 自由轴[]  
   arctic15/s04/notebook_grab_01                      pos  88.0(good ) rot  74.0(可用) 自由轴[]  
   arctic15/s05/waffleiron_grab_01                    pos  88.0(good ) rot   0.0(弃用) 自由轴[1]  
   egodex_part4/screw_unscrew_bottle_cap/32           pos  88.0(good ) rot  63.0(可用) 自由轴[2]  
   egodex_part4/screw_unscrew_bottle_cap/67           pos  88.0(good ) rot  66.0(可用) 自由轴[2]  
   egodex_auto/pour/27                                pos  87.0(good ) rot  60.0(可用) 自由轴[1]  
   egodex_auto/sweep_dustpan/0                        pos  87.0(good ) rot  87.0(可用) 自由轴[]  
   egodex_auto/sweep_dustpan/2                        pos  87.0(good ) rot  87.0(可用) 自由轴[]  
   egodex_part4/screw_unscrew_bottle_cap/38           pos  87.0(good ) rot  61.5(可用) 自由轴[2]  
   arctic15/s07/waffleiron_grab_01                    pos  86.0(good ) rot   1.0(弃用) 自由轴[]  
   egodex_auto/pour/11                                pos  86.0(good ) rot  44.0(可用) 自由轴[1]  
   egodex_auto/insert_remove_usb/0                    pos  85.0(good ) rot  62.5(弃用) 自由轴[]  
   egodex_auto/pour/24                                pos  85.0(good ) rot  65.0(可用) 自由轴[1]  
   egodex_auto/screw_unscrew_bottle_cap/12            pos  85.0(good ) rot   0.0(弃用) 自由轴[1]  
   egodex_part4/screw_unscrew_bottle_cap/32           pos  85.0(good ) rot  66.0(可用) 自由轴[]  
   egodex_part4/screw_unscrew_bottle_cap/89           pos  85.0(good ) rot  80.5(可用) 自由轴[2]  
   egodex_auto/pour/17                                pos  84.0(good ) rot  54.0(可用) 自由轴[1]  
   egodex_auto/pour/2                                 pos  84.0(good ) rot  84.0(可用) 自由轴[1]  
   egodex_auto/screw_unscrew_bottle_cap/1             pos  84.0(good ) rot  70.5(可用) 自由轴[2]  
   egodex_auto/screw_unscrew_bottle_cap/26            pos  84.0(good ) rot  60.0(可用) 自由轴[]  
   egodex_auto/screw_unscrew_bottle_cap/6             pos  84.0(good ) rot  56.0(可用) 自由轴[1]  
   arctic15/s07/espressomachine_grab_01               pos  83.0(good ) rot  54.0(可用) 自由轴[]  
   egodex_auto/pour/3                                 pos  83.0(good ) rot  44.0(可用) 自由轴[1]  
   egodex_auto/pour/39                                pos  83.0(good ) rot   0.0(弃用) 自由轴[1]  
   egodex_auto/screw_unscrew_bottle_cap/23            pos  83.0(good ) rot  70.0(可用) 自由轴[]  
   egodex_part4/screw_unscrew_bottle_cap/37           pos  83.0(good ) rot  57.0(可用) 自由轴[2]  
   egodex_part4/screw_unscrew_bottle_cap/53           pos  83.0(good ) rot  82.0(可用) 自由轴[2]  
   egodex_part4/screw_unscrew_bottle_cap/60           pos  83.0(good ) rot  43.0(可用) 自由轴[]  
   egodex_part4/screw_unscrew_bottle_cap/89           pos  83.0(good ) rot  52.0(可用) 自由轴[]  
   arctic15/s06/capsulemachine_grab_01                pos  82.0(good ) rot  37.0(弃用) 自由轴[]  
   egodex_auto/pour/17                                pos  82.0(good ) rot  70.5(可用) 自由轴[1]  
   egodex_auto/pour/5                                 pos  82.0(good ) rot  53.0(可用) 自由轴[1]  
   egodex_auto/screw_unscrew_bottle_cap/18            pos  82.0(good ) rot  48.5(可用) 自由轴[]  
   egodex_auto/screw_unscrew_bottle_cap/2             pos  82.0(good ) rot  42.0(可用) 自由轴[]  
   arctic15/s02/mixer_grab_01                         pos  81.0(good ) rot  44.0(可用) 自由轴[]  
   arctic15/s06/waffleiron_grab_01_retake             pos  81.0(good ) rot  38.0(可用) 自由轴[]  
   egodex_auto/pour/31                                pos  81.0(good ) rot  81.0(可用) 自由轴[1]  
   egodex_auto/screw_unscrew_bottle_cap/8             pos  81.0(good ) rot  30.0(弃用) 自由轴[]  
   arctic15/s06/mixer_grab_01                         pos  80.0(good ) rot  59.0(弃用) 自由轴[]  
   egodex_auto/pour/31                                pos  80.0(good ) rot  75.0(可用) 自由轴[1]  
   egodex_part4/screw_unscrew_bottle_cap/60           pos  79.5(good ) rot  61.5(可用) 自由轴[2]  
   arctic15/s04/espressomachine_grab_01               pos  79.0(good ) rot  57.0(弃用) 自由轴[]  
   arctic15/s05/espressomachine_grab_01               pos  79.0(good ) rot  55.0(可用) 自由轴[]  
   arctic15/s07/laptop_grab_01                        pos  79.0(good ) rot  79.0(可用) 自由轴[]  
   arctic15/s02/capsulemachine_grab_01                pos  78.0(good ) rot  51.0(可用) 自由轴[]  
   arctic15/s07/microwave_grab_01                     pos  78.0(good ) rot  30.5(可用) 自由轴[]  
   egodex_auto/pour/40                                pos  78.0(good ) rot  20.0(弃用) 自由轴[1]  
   egodex_auto/screw_unscrew_bottle_cap/13            pos  78.0(good ) rot  31.0(可用) 自由轴[1]  
   egodex_auto/screw_unscrew_bottle_cap/15            pos  78.0(good ) rot  20.0(弃用) 自由轴[1]  
   egodex_auto/screw_unscrew_bottle_cap/5             pos  78.0(good ) rot  21.0(弃用) 自由轴[]  
   egodex_part4/screw_unscrew_bottle_cap/48           pos  77.5(good ) rot  16.5(弃用) 自由轴[]  
   arctic15/s05/laptop_grab_01                        pos  77.0(good ) rot  71.0(可用) 自由轴[]  
   egodex_auto/pour/2                                 pos  77.0(good ) rot  33.5(可用) 自由轴[1]  
   egodex_auto/pour/23                                pos  77.0(good ) rot  76.0(可用) 自由轴[1]  
   egodex_auto/pour/42                                pos  77.0(good ) rot  72.5(可用) 自由轴[1]  
   egodex_auto/pour/43                                pos  77.0(good ) rot  72.0(可用) 自由轴[1]  
   egodex_auto/screw_unscrew_bottle_cap/19            pos  77.0(good ) rot   4.0(弃用) 自由轴[]  
   egodex_auto/pour/13                                pos  76.5(good ) rot  36.5(可用) 自由轴[1]  
   arctic15/s02/scissors_grab_01                      pos  76.0(good ) rot  76.0(可用) 自由轴[]  
   egodex_auto/pour/40                                pos  76.0(good ) rot  33.5(可用) 自由轴[1]  
   egodex_auto/screw_unscrew_bottle_cap/9             pos  76.0(good ) rot  10.0(弃用) 自由轴[]  
   egodex_part4/screw_unscrew_bottle_cap/48           pos  76.0(good ) rot  62.0(可用) 自由轴[2]  
   egodex_part4/screw_unscrew_bottle_cap/51           pos  76.0(good ) rot  61.5(可用) 自由轴[2]  
   egodex_part4/screw_unscrew_bottle_cap/67           pos  76.0(good ) rot  57.0(可用) 自由轴[]  
   egodex_auto/screw_unscrew_bottle_cap/2             pos  75.0(good ) rot  36.0(可用) 自由轴[1]  
   egodex_part4/screw_unscrew_bottle_cap/53           pos  75.0(good ) rot  39.5(可用) 自由轴[]  
   egodex_auto/pour/44                                pos  74.5(good ) rot  52.5(可用) 自由轴[1]  
   egodex_auto/pour/27                                pos  74.0(good ) rot  46.0(可用) 自由轴[1]  
   egodex_auto/pour/39                                pos  74.0(good ) rot   0.0(弃用) 自由轴[1]  
   egodex_auto/screw_unscrew_bottle_cap/25            pos  74.0(good ) rot  27.5(弃用) 自由轴[1]  
   egodex_auto/screw_unscrew_bottle_cap/26            pos  74.0(good ) rot   0.0(弃用) 自由轴[1]  
   arctic15/s01/mixer_grab_01                         pos  73.5(good ) rot  33.5(弃用) 自由轴[]  
   arctic15/s04/laptop_grab_01                        pos  73.5(good ) rot  45.0(弃用) 自由轴[]  
   egodex_auto/pour/34                                pos  73.5(good ) rot  73.5(可用) 自由轴[1]  
   arctic15/s02/ketchup_grab_01                       pos  73.0(good ) rot   1.0(弃用) 自由轴[]  
   egodex_auto/pour/51                                pos  73.0(good ) rot  61.5(可用) 自由轴[1]  
   egodex_auto/screw_unscrew_bottle_cap/17            pos  73.0(good ) rot  58.0(可用) 自由轴[]  
   egodex_auto/sweep_dustpan/2                        pos  73.0(good ) rot  73.0(可用) 自由轴[]  
   egodex_part4/screw_unscrew_bottle_cap/71           pos  72.0(good ) rot  71.5(可用) 自由轴[2]  
   arctic15/s05/mixer_grab_01                         pos  71.0(good ) rot  44.5(可用) 自由轴[]  
   arctic15/s07/mixer_grab_01_retake                  pos  71.0(good ) rot  38.0(弃用) 自由轴[]  
   egodex_auto/screw_unscrew_bottle_cap/15            pos  71.0(good ) rot  41.0(可用) 自由轴[]  
   arctic15/s02/phone_grab_01                         pos  70.0(good ) rot  48.0(可用) 自由轴[]  
   egodex_part4/screw_unscrew_bottle_cap/36           pos  70.0(good ) rot  45.0(可用) 自由轴[]  
   arctic15/s01/scissors_grab_01                      pos  69.0(mixed) rot  69.0(可用) 自由轴[]  
   egodex_auto/pour/0                                 pos  69.0(mixed) rot  15.0(弃用) 自由轴[1]  
   egodex_auto/pour/1                                 pos  68.0(mixed) rot  55.0(可用) 自由轴[1]  
   egodex_part4/screw_unscrew_bottle_cap/36           pos  68.0(mixed) rot  53.0(可用) 自由轴[2]  
   egodex_part4/screw_unscrew_bottle_cap/83           pos  68.0(mixed) rot  68.0(可用) 自由轴[2]  
   egodex_auto/pour/48                                pos  67.0(mixed) rot  39.0(弃用) 自由轴[1]  
   egodex_auto/pour/6                                 pos  67.0(mixed) rot  57.0(可用) 自由轴[1]  
   egodex_auto/pour/30                                pos  66.5(mixed) rot  15.5(弃用) 自由轴[1]  
   arctic15/s04/capsulemachine_grab_01                pos  66.0(mixed) rot  29.0(弃用) 自由轴[]  
   egodex_auto/pour/42                                pos  66.0(mixed) rot  54.0(可用) 自由轴[1]  
   arctic15/s01/espressomachine_grab_01               pos  65.0(mixed) rot  30.0(弃用) 自由轴[]  
   arctic15/s01/phone_grab_01                         pos  65.0(mixed) rot  42.0(弃用) 自由轴[]  
   egodex_auto/pour/12                                pos  65.0(mixed) rot  42.0(可用) 自由轴[1]  
   egodex_auto/screw_unscrew_bottle_cap/0             pos  65.0(mixed) rot  43.0(弃用) 自由轴[]  
   egodex_auto/screw_unscrew_bottle_cap/18            pos  65.0(mixed) rot  56.5(可用) 自由轴[2]  
   egodex_auto/screw_unscrew_bottle_cap/23            pos  65.0(mixed) rot  65.0(可用) 自由轴[1]  
   egodex_auto/screw_unscrew_bottle_cap/27            pos  64.5(mixed) rot  13.0(弃用) 自由轴[2]  
   arctic15/s01/capsulemachine_grab_01                pos  64.0(mixed) rot  36.0(可用) 自由轴[]  
   egodex_auto/pour/36                                pos  64.0(mixed) rot  49.5(可用) 自由轴[1]  
   arctic15/s04/phone_grab_01                         pos  63.0(mixed) rot  58.0(可用) 自由轴[]  
   egodex_auto/pour/33                                pos  63.0(mixed) rot  63.0(可用) 自由轴[1]  
   arctic15/s06/phone_grab_01                         pos  62.5(mixed) rot  62.5(可用) 自由轴[]  
   egodex_auto/pour/45                                pos  62.0(mixed) rot  62.0(可用) 自由轴[1]  
   arctic15/s01/ketchup_grab_01                       pos  61.0(mixed) rot  20.0(弃用) 自由轴[]  
   arctic15/s06/ketchup_grab_01_retake2               pos  61.0(mixed) rot  44.0(弃用) 自由轴[]  
   arctic15/s05/microwave_grab_01                     pos  59.0(mixed) rot  31.0(可用) 自由轴[]  
   egodex_auto/pour/8                                 pos  59.0(mixed) rot  11.0(弃用) 自由轴[1]  
   egodex_auto/screw_unscrew_bottle_cap/20            pos  59.0(mixed) rot  35.0(可用) 自由轴[1]  
   egodex_part4/screw_unscrew_bottle_cap/38           pos  59.0(mixed) rot  28.5(弃用) 自由轴[]  
   egodex_auto/pour/0                                 pos  58.0(mixed) rot   4.5(弃用) 自由轴[1]  
   egodex_auto/pour/16                                pos  58.0(mixed) rot  41.0(可用) 自由轴[1]  
   egodex_auto/screw_unscrew_bottle_cap/20            pos  58.0(mixed) rot  52.0(可用) 自由轴[]  
   egodex_part4/screw_unscrew_bottle_cap/71           pos  57.5(mixed) rot  48.5(可用) 自由轴[]  
   egodex_auto/screw_unscrew_bottle_cap/13            pos  57.0(mixed) rot  16.0(弃用) 自由轴[]  
   egodex_auto/pour/50                                pos  56.5(mixed) rot  21.0(弃用) 自由轴[1]  
   arctic15/s07/ketchup_grab_01                       pos  55.0(mixed) rot  28.0(弃用) 自由轴[]  
   arctic15/s07/phone_grab_01                         pos  55.0(mixed) rot  37.0(可用) 自由轴[]  
   arctic15/s10/phone_grab_01                         pos  55.0(mixed) rot  39.0(可用) 自由轴[]  
   egodex_auto/pour/7                                 pos  55.0(mixed) rot  37.0(可用) 自由轴[1]  
   egodex_auto/screw_unscrew_bottle_cap/19            pos  55.0(mixed) rot  30.0(可用) 自由轴[1]  
   egodex_auto/screw_unscrew_bottle_cap/5             pos  54.5(mixed) rot  22.5(弃用) 自由轴[1]  
   egodex_auto/screw_unscrew_bottle_cap/17            pos  54.0(mixed) rot  54.0(可用) 自由轴[1]  
   egodex_auto/screw_unscrew_bottle_cap/28            pos  53.0(mixed) rot  10.0(弃用) 自由轴[]  
   egodex_part4/screw_unscrew_bottle_cap/83           pos  53.0(mixed) rot  24.0(弃用) 自由轴[]  
   egodex_auto/screw_unscrew_bottle_cap/28            pos  52.5(mixed) rot  43.0(可用) 自由轴[1]  
   arctic15/s04/mixer_grab_01                         pos  52.0(mixed) rot  37.0(弃用) 自由轴[]  
   egodex_auto/screw_unscrew_bottle_cap/25            pos  52.0(mixed) rot  34.0(弃用) 自由轴[]  
   egodex_auto/screw_unscrew_bottle_cap/9             pos  52.0(mixed) rot  46.0(可用) 自由轴[1]  
   egodex_auto/screw_unscrew_bottle_cap/0             pos  51.0(mixed) rot  35.0(可用) 自由轴[1]  
   egodex_auto/pour/14                                pos  50.0(mixed) rot   0.0(弃用) 自由轴[1]  
   egodex_auto/pour/15                                pos  50.0(mixed) rot  41.0(可用) 自由轴[1]  
   egodex_auto/pour/16                                pos  50.0(mixed) rot  23.0(弃用) 自由轴[1]  
   egodex_auto/screw_unscrew_bottle_cap/24            pos  50.0(mixed) rot  33.5(可用) 自由轴[1]  
   egodex_part4/screw_unscrew_bottle_cap/37           pos  50.0(mixed) rot  25.0(弃用) 自由轴[]  
   egodex_auto/screw_unscrew_bottle_cap/4             pos  49.0(mixed) rot  38.5(可用) 自由轴[1]  
   egodex_part4/screw_unscrew_bottle_cap/50           pos  49.0(mixed) rot  36.0(可用) 自由轴[]  
   egodex_part4/screw_unscrew_bottle_cap/51           pos  49.0(mixed) rot  34.5(可用) 自由轴[]  
   egodex_auto/pour/38                                pos  47.5(mixed) rot  43.5(可用) 自由轴[1]  
   egodex_auto/pour/10                                pos  47.0(mixed) rot  41.0(可用) 自由轴[1]  
   egodex_auto/pour/21                                pos  47.0(mixed) rot  38.0(可用) 自由轴[1]  
   egodex_auto/pour/50                                pos  47.0(mixed) rot  16.0(弃用) 自由轴[1]  
   egodex_auto/pour/8                                 pos  47.0(mixed) rot   0.5(弃用) 自由轴[1]  
   egodex_auto/pour/19                                pos  46.0(mixed) rot  23.0(弃用) 自由轴[1]  
   egodex_auto/pour/47                                pos  46.0(mixed) rot  46.0(可用) 自由轴[1]  
   egodex_auto/pour/51                                pos  46.0(mixed) rot   8.0(弃用) 自由轴[1]  
   egodex_auto/pour/3                                 pos  45.0(mixed) rot  12.0(弃用) 自由轴[1]  
   arctic15/s06/scissors_grab_01                      pos  43.0(mixed) rot  43.0(可用) 自由轴[]  
   egodex_auto/pour/20                                pos  43.0(mixed) rot  40.0(可用) 自由轴[1]  
   egodex_auto/pour/35                                pos  43.0(mixed) rot  17.0(弃用) 自由轴[1]  
   quest3/bottle_v2_win14_44                          pos  42.0(mixed) rot   0.0(弃用) 自由轴[2]  
   arctic15/s04/ketchup_grab_01                       pos  41.0(mixed) rot  39.0(可用) 自由轴[]  
   egodex_auto/pour/37                                pos  41.0(mixed) rot  25.5(弃用) 自由轴[1]  
   egodex_auto/pour/52                                pos  40.0(mixed) rot  18.5(弃用) 自由轴[1]  
   arctic15/s04/scissors_grab_01                      pos  39.0(poor ) rot  34.0(可用) 自由轴[]  
   arctic15/s07/scissors_grab_01                      pos  39.0(poor ) rot  34.0(可用) 自由轴[]  
   egodex_auto/pour/1                                 pos  38.0(poor ) rot  10.0(弃用) 自由轴[1]  
   egodex_auto/screw_unscrew_bottle_cap/21            pos  37.0(poor ) rot  15.0(弃用) 自由轴[1]  
   egodex_auto/pour/19                                pos  35.0(poor ) rot  21.0(弃用) 自由轴[]  
   egodex_auto/pour/32                                pos  35.0(poor ) rot   0.0(弃用) 自由轴[1]  
   egodex_auto/sweep_dustpan/1                        pos  35.0(poor ) rot  35.0(可用) 自由轴[]  
   quest3/bottle_v2_win14_44                          pos  35.0(poor ) rot   0.0(弃用) 自由轴[1]  
   egodex_auto/pour/7                                 pos  34.0(poor ) rot  26.0(弃用) 自由轴[1]  
   egodex_auto/pour/33                                pos  33.0(poor ) rot  25.0(弃用) 自由轴[1]  
   egodex_auto/insert_remove_usb/0                    pos  31.5(poor ) rot  31.5(可用) 自由轴[]  
   egodex_auto/screw_unscrew_bottle_cap/8             pos  29.0(poor ) rot  13.0(弃用) 自由轴[1]  
   egodex_auto/pour/30                                pos  27.0(poor ) rot  17.5(弃用) 自由轴[1]  
   egodex_auto/pour/36                                pos  27.0(poor ) rot  19.5(弃用) 自由轴[1]  
   egodex_auto/pour/47                                pos  24.0(poor ) rot  11.0(弃用) 自由轴[1]  
   egodex_auto/pour/10                                pos  23.0(poor ) rot  19.0(弃用) 自由轴[1]  
   egodex_auto/pour/41                                pos  23.0(poor ) rot  13.0(弃用) 自由轴[1]  
   egodex_auto/pour/44                                pos  23.0(poor ) rot  17.0(弃用) 自由轴[1]  
   egodex_auto/pour/48                                pos  22.0(poor ) rot   9.0(弃用) 自由轴[1]  
   egodex_auto/pour/15                                pos  21.0(poor ) rot  10.0(弃用) 自由轴[]  
   egodex_auto/pour/29                                pos  21.0(poor ) rot  17.0(弃用) 自由轴[]  
   egodex_auto/pour/34                                pos  21.0(poor ) rot  11.0(弃用) 自由轴[]  
   egodex_auto/pour/21                                pos  19.0(poor ) rot  12.0(弃用) 自由轴[1]  
   egodex_auto/pour/29                                pos  19.0(poor ) rot   4.0(弃用) 自由轴[1]  
   egodex_auto/pour/52                                pos  18.0(poor ) rot  10.5(弃用) 自由轴[]  
   egodex_auto/sweep_dustpan/3                        pos   1.0(poor ) rot   0.0(弃用) 自由轴[]  
 ↑ egodex/test/pour/11                                pos  87.0(good ) rot  46.0(弃用) 自由轴[1]  旧输出根, 已被同名 take 取代: /home/yanghong/Reconstruct_and_Retarget/Output/ReconstructOutput/egodex_auto/pour/11
 ↑ egodex_part4/screw_unscrew_bottle_cap/17           pos  87.0(good ) rot  69.0(弃用) 自由轴[2]  旧输出根, 已被同名 take 取代: /home/yanghong/Reconstruct_and_Retarget/Output/ReconstructOutput/egodex_auto/screw_unscrew_bottle_cap/17
 ↑ egodex_part4/screw_unscrew_bottle_cap/8            pos  86.0(good ) rot  58.5(弃用) 自由轴[2]  旧输出根, 已被同名 take 取代: /home/yanghong/Reconstruct_and_Retarget/Output/ReconstructOutput/egodex_auto/screw_unscrew_bottle_cap/8
 ↑ arctic/s05/laptop_grab_01                          pos  84.0(good ) rot  77.0(弃用) 自由轴[]  旧输出根, 已被同名 take 取代: /home/yanghong/Reconstruct_and_Retarget/Output/ReconstructOutput/arctic15/s05/laptop_grab_01
 ↑ arctic/s07/ketchup_grab_01                         pos  83.0(good ) rot  48.0(弃用) 自由轴[]  旧输出根, 已被同名 take 取代: /home/yanghong/Reconstruct_and_Retarget/Output/ReconstructOutput/arctic15/s07/ketchup_grab_01
 ✗ egodex_auto/screw_unscrew_bottle_cap/10            pos  82.5(good ) rot  44.0(弃用) 自由轴[]  空透明物体 (FP 系统性失灵, 存量; v2:装深色液体的透明容器不过滤)
 ✗ egodex_auto/screw_unscrew_bottle_cap/11            pos  80.5(good ) rot  19.5(弃用) 自由轴[1]  空透明物体 (FP 系统性失灵, 存量; v2:装深色液体的透明容器不过滤)
 ↑ egodex_part4/screw_unscrew_bottle_cap/17           pos  79.0(good ) rot  37.0(弃用) 自由轴[]  旧输出根, 已被同名 take 取代: /home/yanghong/Reconstruct_and_Retarget/Output/ReconstructOutput/egodex_auto/screw_unscrew_bottle_cap/17
 ↑ egodex/test/pour/17                                pos  71.0(good ) rot   2.0(弃用) 自由轴[]  旧输出根, 已被同名 take 取代: /home/yanghong/Reconstruct_and_Retarget/Output/ReconstructOutput/egodex_auto/pour/17
 ✗ egodex_auto/screw_unscrew_bottle_cap/16            pos  71.0(good ) rot  46.0(弃用) 自由轴[]  空透明物体 (FP 系统性失灵, 存量; v2:装深色液体的透明容器不过滤)
 ✗ egodex_auto/pour/4                                 pos  69.0(mixed) rot  69.0(弃用) 自由轴[1]  空透明物体 (FP 系统性失灵, 存量; v2:装深色液体的透明容器不过滤)
 ↑ egodex_part4/screw_unscrew_bottle_cap/8            pos  66.0(mixed) rot  35.0(弃用) 自由轴[]  旧输出根, 已被同名 take 取代: /home/yanghong/Reconstruct_and_Retarget/Output/ReconstructOutput/egodex_auto/screw_unscrew_bottle_cap/8
 ✗ egodex_auto/pour/22                                pos  60.0(mixed) rot  60.0(弃用) 自由轴[1]  空透明物体 (FP 系统性失灵, 存量; v2:装深色液体的透明容器不过滤)
 ↑ egodex/screw_unscrew_bottle_cap/4                  pos  56.5(mixed) rot  52.5(弃用) 自由轴[1]  旧输出根, 已被同名 take 取代: /home/yanghong/Reconstruct_and_Retarget/Output/ReconstructOutput/egodex_auto/screw_unscrew_bottle_cap/4
 ✗ egodex_auto/pour/18                                pos  55.0(mixed) rot  50.0(弃用) 自由轴[1]  空透明物体 (FP 系统性失灵, 存量; v2:装深色液体的透明容器不过滤)
 ↑ egodex/test/pour/11                                pos  50.0(mixed) rot   7.0(弃用) 自由轴[1]  旧输出根, 已被同名 take 取代: /home/yanghong/Reconstruct_and_Retarget/Output/ReconstructOutput/egodex_auto/pour/11
 ✗ egodex_auto/screw_unscrew_bottle_cap/22            pos  27.0(poor ) rot  14.0(弃用) 自由轴[1]  空透明物体 (FP 系统性失灵, 存量; v2:装深色液体的透明容器不过滤)
 ✗ egodex_auto/screw_unscrew_bottle_cap/3             pos  25.5(poor ) rot  14.0(弃用) 自由轴[1]  空透明物体 (FP 系统性失灵, 存量; v2:装深色液体的透明容器不过滤)
 ✗ egodex_auto/screw_unscrew_bottle_cap/14            pos  20.5(poor ) rot  10.0(弃用) 自由轴[1]  空透明物体 (FP 系统性失灵, 存量; v2:装深色液体的透明容器不过滤)
 ✗ egodex_auto/pour/26                                pos  18.0(poor ) rot   0.0(弃用) 自由轴[1]  空透明物体 (FP 系统性失灵, 存量; v2:装深色液体的透明容器不过滤)
[manifest] 写入 /home/yanghong/Reconstruct_and_Retarget/Data/VideoPrior/poseqa/TAKE_MANIFEST.json
[confidence] object_valid_measured: [120, 65] 可信帧 (ovm_v1_20260826)
[confidence] poseqa 快照 -> take: 6 文件 + 2 条审计记录
[confidence] conf_viz: /home/yanghong/miniconda3/envs/hawor/bin/python /home/yanghong/Reconstruct_and_Retarget/confidence/conf_viz.py --audit /home/yanghong/Reconstruct_and_Retarget/Data/VideoPrior/poseqa/pose_audit.json --out /home/yanghong/Reconstruct_and_Retarget/Data/VideoPrior/poseqa/confviz --ct-dir /home/yanghong/Reconstruct_and_Retarget/Data/VideoPrior/poseqa/cc --take egodex_part4/screw_unscrew_bottle_cap/67
  X egodex_part4/screw_unscrew_bottle_cap/67 (object_0,object_1) -> video not found
[confidence] ✓ screw_unscrew_bottle_cap__67: active pos 88.0 rot 66.0 旋转可用 | hands L/R pos 99.9/90.5
