# https://github.com/mikedh/trimesh
v 0.01057440 -0.01266610 0.00000000
v 0.01237440 -0.01237440 0.01700000
v 0.01057440 -0.01266610 0.01700000
v 0.01237440 -0.01237440 0.00000000
v 0.00996598 -0.01438500 0.01700000
v 0.00996598 -0.01438500 0.00000000
v 0.00814289 -0.01435070 0.00000000
v 0.00814289 -0.01435070 0.01700000
v 0.00723727 -0.01593340 0.01700000
v 0.00723727 -0.01593340 0.00000000
v 0.00544960 -0.01557410 0.00000000
v 0.00544960 -0.01557410 0.01700000
v 0.00427596 -0.01696960 0.01700000
v 0.00427596 -0.01696960 0.00000000
v 0.00258117 -0.01629690 0.00000000
v 0.00258117 -0.01629690 0.01700000
v 0.00117721 -0.01746040 0.00000000
v 0.00117721 -0.01746040 0.01700000
v -0.00037023 -0.01649580 0.00000000
v -0.00037023 -0.01649580 0.01700000
v -0.00195938 -0.01739000 0.00000000
v -0.00195938 -0.01739000 0.01700000
v -0.00330973 -0.01616460 0.00000000
v -0.00330973 -0.01616460 0.01700000
v -0.00503299 -0.01676060 0.00000000
v -0.00503299 -0.01676060 0.01700000
v -0.00614285 -0.01531390 0.01700000
v -0.00614285 -0.01531390 0.00000000
v -0.00794483 -0.01559260 0.00000000
v -0.00794483 -0.01559260 0.01700000
v -0.00877853 -0.01397090 0.01700000
v -0.00877853 -0.01397090 0.00000000
v -0.01060130 -0.01392340 0.00000000
v -0.01060130 -0.01392340 0.01700000
v -0.01113210 -0.01217900 0.01700000
v -0.01113210 -0.01217900 0.00000000
v -0.01291710 -0.01180670 0.00000000
v -0.01291710 -0.01180670 0.01700000
v -0.01312780 -0.00999554 0.01700000
v -0.01312780 -0.00999554 0.00000000
v -0.01481770 -0.00931056 0.00000000
v -0.01481770 -0.00931056 0.01700000
v -0.01470160 -0.00749084 0.01700000
v -0.01470160 -0.00749084 0.00000000
v -0.01624200 -0.00651514 0.00000000
v -0.01624200 -0.00651514 0.01700000
v -0.01580290 -0.00474539 0.01700000
v -0.01580290 -0.00474539 0.00000000
v -0.01714430 -0.00351031 0.00000000
v -0.01714430 -0.00351031 0.01700000
v -0.01639630 -0.00184741 0.01700000
v -0.01639630 -0.00184741 0.00000000
v -0.01749560 -0.00039267 0.01700000
v -0.01749560 -0.00039267 0.00000000
v -0.01646260 0.00110994 0.01700000
v -0.01646260 0.00110994 0.00000000
v -0.01728450 0.00273760 0.01700000
v -0.01728450 0.00273760 0.00000000
v -0.01599990 0.00403162 0.01700000
v -0.01599990 0.00403162 0.00000000
v -0.01651800 0.00577988 0.01700000
v -0.01651800 0.00577988 0.00000000
v -0.01502290 0.00682372 0.00000000
v -0.01502290 0.00682372 0.01700000
v -0.01522050 0.00863639 0.01700000
v -0.01522050 0.00863639 0.00000000
v -0.01356300 0.00939649 0.00000000
v -0.01356300 0.00939649 0.01700000
v -0.01343380 0.01121530 0.01700000
v -0.01343380 0.01121530 0.00000000
v -0.01166730 0.01166730 0.00000000
v -0.01166730 0.01166730 0.01700000
v -0.01121530 0.01343380 0.01700000
v -0.01121530 0.01343380 0.00000000
v -0.00939649 0.01356300 0.00000000
v -0.00939649 0.01356300 0.01700000
v -0.00863639 0.01522050 0.01700000
v -0.00863639 0.01522050 0.00000000
v -0.00682372 0.01502290 0.00000000
v -0.00682372 0.01502290 0.01700000
v -0.00577988 0.01651800 0.01700000
v -0.00577988 0.01651800 0.00000000
v -0.00403162 0.01599990 0.00000000
v -0.00403162 0.01599990 0.01700000
v -0.00273760 0.01728450 0.00000000
v -0.00273760 0.01728450 0.01700000
v -0.00110994 0.01646260 0.00000000
v -0.00110994 0.01646260 0.01700000
v 0.00039267 0.01749560 0.00000000
v 0.00039267 0.01749560 0.01700000
v 0.00184741 0.01639630 0.00000000
v 0.00184741 0.01639630 0.01700000
v 0.00351031 0.01714430 0.00000000
v 0.00351031 0.01714430 0.01700000
v 0.00474539 0.01580290 0.01700000
v 0.00474539 0.01580290 0.00000000
v 0.00651514 0.01624200 0.00000000
v 0.00651514 0.01624200 0.01700000
v 0.00749084 0.01470160 0.01700000
v 0.00749084 0.01470160 0.00000000
v 0.00931056 0.01481770 0.00000000
v 0.00931056 0.01481770 0.01700000
v 0.00999554 0.01312780 0.01700000
v 0.00999554 0.01312780 0.00000000
v 0.01180670 0.01291710 0.00000000
v 0.01180670 0.01291710 0.01700000
v 0.01217900 0.01113210 0.01700000
v 0.01217900 0.01113210 0.00000000
v 0.01392340 0.01060130 0.00000000
v 0.01392340 0.01060130 0.01700000
v 0.01397090 0.00877853 0.01700000
v 0.01397090 0.00877853 0.00000000
v 0.01559260 0.00794483 0.00000000
v 0.01559260 0.00794483 0.01700000
v 0.01531390 0.00614285 0.01700000
v 0.01531390 0.00614285 0.00000000
v 0.01676060 0.00503299 0.00000000
v 0.01676060 0.00503299 0.01700000
v 0.01616460 0.00330973 0.01700000
v 0.01616460 0.00330973 0.00000000
v 0.01739000 0.00195938 0.01700000
v 0.01739000 0.00195938 0.00000000
v 0.01649580 0.00037023 0.01700000
v 0.01649580 0.00037023 0.00000000
v 0.01746040 -0.00117721 0.01700000
v 0.01746040 -0.00117721 0.00000000
v 0.01629690 -0.00258117 0.01700000
v 0.01629690 -0.00258117 0.00000000
v 0.01696960 -0.00427596 0.01700000
v 0.01696960 -0.00427596 0.00000000
v 0.01557410 -0.00544960 0.00000000
v 0.01557410 -0.00544960 0.01700000
v 0.01593340 -0.00723727 0.01700000
v 0.01593340 -0.00723727 0.00000000
v 0.01435070 -0.00814289 0.00000000
v 0.01435070 -0.00814289 0.01700000
v 0.01438500 -0.00996598 0.01700000
v 0.01438500 -0.00996598 0.00000000
v 0.01266610 -0.01057440 0.00000000
v 0.01266610 -0.01057440 0.01700000
v 0.01291800 -0.00610976 0.00000000
v 0.01429000 0.00000000 0.00000000
v 0.01427280 -0.00070118 0.00000000
v 0.01427280 0.00070118 0.00000000
v 0.01422120 0.00140067 0.00000000
v 0.01413530 0.00209678 0.00000000
v 0.01401540 0.00278784 0.00000000
v 0.01386170 0.00347219 0.00000000
v 0.01367470 0.00414817 0.00000000
v 0.01345470 0.00481416 0.00000000
v 0.01320220 0.00546855 0.00000000
v 0.01291800 0.00610976 0.00000000
v 0.01260270 0.00673626 0.00000000
v 0.01225690 0.00734653 0.00000000
v 0.01188170 0.00793910 0.00000000
v 0.01147780 0.00851254 0.00000000
v 0.01104630 0.00906548 0.00000000
v 0.01058820 0.00959658 0.00000000
v 0.01010460 0.01010460 0.00000000
v 0.00959658 0.01058820 0.00000000
v 0.00906548 0.01104630 0.00000000
v 0.00851254 0.01147780 0.00000000
v 0.00793910 0.01188170 0.00000000
v 0.00734653 0.01225690 0.00000000
v 0.00673626 0.01260270 0.00000000
v 0.00610976 0.01291800 0.00000000
v 0.00546855 0.01320220 0.00000000
v 0.00481416 0.01345470 0.00000000
v 0.00414817 0.01367470 0.00000000
v 0.00347219 0.01386170 0.00000000
v 0.00278784 0.01401540 0.00000000
v 0.00209678 0.01413530 0.00000000
v 0.00140067 0.01422120 0.00000000
v 0.00070118 0.01427280 0.00000000
v 0.00000000 0.01429000 0.00000000
v -0.00070118 0.01427280 0.00000000
v -0.00140067 0.01422120 0.00000000
v -0.00209678 0.01413530 0.00000000
v -0.00278784 0.01401540 0.00000000
v -0.00347219 0.01386170 0.00000000
v -0.00414817 0.01367470 0.00000000
v -0.00481416 0.01345470 0.00000000
v -0.00546855 0.01320220 0.00000000
v -0.00610976 0.01291800 0.00000000
v -0.00673626 0.01260270 0.00000000
v -0.00734653 0.01225690 0.00000000
v -0.00793910 0.01188170 0.00000000
v -0.00851254 0.01147780 0.00000000
v -0.00906548 0.01104630 0.00000000
v -0.00959658 0.01058820 0.00000000
v -0.01010460 0.01010460 0.00000000
v -0.01058820 0.00959658 0.00000000
v -0.01104630 0.00906548 0.00000000
v -0.01147780 0.00851254 0.00000000
v -0.01188170 0.00793910 0.00000000
v -0.01225690 0.00734653 0.00000000
v -0.01260270 0.00673626 0.00000000
v -0.01291800 0.00610976 0.00000000
v -0.01320220 0.00546855 0.00000000
v -0.01345470 0.00481416 0.00000000
v -0.01367470 0.00414817 0.00000000
v -0.01386170 0.00347219 0.00000000
v -0.01401540 0.00278784 0.00000000
v -0.01413530 0.00209678 0.00000000
v -0.01422120 0.00140067 0.00000000
v -0.01422120 -0.00140067 0.00000000
v -0.01427280 -0.00070118 0.00000000
v -0.01429000 0.00000000 0.00000000
v -0.01427280 0.00070118 0.00000000
v 0.01422120 -0.00140067 0.00000000
v 0.01413530 -0.00209678 0.00000000
v 0.01401540 -0.00278784 0.00000000
v 0.01386170 -0.00347219 0.00000000
v 0.01367470 -0.00414817 0.00000000
v 0.01345470 -0.00481416 0.00000000
v 0.01320220 -0.00546855 0.00000000
v 0.01188170 -0.00793910 0.00000000
v 0.01260270 -0.00673626 0.00000000
v 0.01225690 -0.00734653 0.00000000
v 0.01147780 -0.00851254 0.00000000
v 0.01104630 -0.00906548 0.00000000
v 0.01058820 -0.00959658 0.00000000
v 0.01010460 -0.01010460 0.00000000
v 0.00959658 -0.01058820 0.00000000
v 0.00906548 -0.01104630 0.00000000
v 0.00851254 -0.01147780 0.00000000
v 0.00793910 -0.01188170 0.00000000
v 0.00734653 -0.01225690 0.00000000
v 0.00673626 -0.01260270 0.00000000
v 0.00610976 -0.01291800 0.00000000
v 0.00546855 -0.01320220 0.00000000
v 0.00481416 -0.01345470 0.00000000
v 0.00414817 -0.01367470 0.00000000
v 0.00347219 -0.01386170 0.00000000
v 0.00278784 -0.01401540 0.00000000
v 0.00209678 -0.01413530 0.00000000
v 0.00140067 -0.01422120 0.00000000
v 0.00070118 -0.01427280 0.00000000
v 0.00000000 -0.01429000 0.00000000
v -0.00070118 -0.01427280 0.00000000
v -0.00140067 -0.01422120 0.00000000
v -0.00209678 -0.01413530 0.00000000
v -0.00278784 -0.01401540 0.00000000
v -0.00347219 -0.01386170 0.00000000
v -0.00414817 -0.01367470 0.00000000
v -0.00481416 -0.01345470 0.00000000
v -0.00546855 -0.01320220 0.00000000
v -0.00610976 -0.01291800 0.00000000
v -0.00673626 -0.01260270 0.00000000
v -0.00734653 -0.01225690 0.00000000
v -0.00793910 -0.01188170 0.00000000
v -0.00851254 -0.01147780 0.00000000
v -0.00906548 -0.01104630 0.00000000
v -0.00959658 -0.01058820 0.00000000
v -0.01010460 -0.01010460 0.00000000
v -0.01058820 -0.00959658 0.00000000
v -0.01104630 -0.00906548 0.00000000
v -0.01147780 -0.00851254 0.00000000
v -0.01188170 -0.00793910 0.00000000
v -0.01225690 -0.00734653 0.00000000
v -0.01260270 -0.00673626 0.00000000
v -0.01291800 -0.00610976 0.00000000
v -0.01320220 -0.00546855 0.00000000
v -0.01345470 -0.00481416 0.00000000
v -0.01367470 -0.00414817 0.00000000
v -0.01386170 -0.00347219 0.00000000
v -0.01413530 -0.00209678 0.00000000
v -0.01401540 -0.00278784 0.00000000
v -0.00070118 -0.01427280 0.01276380
v -0.00140067 -0.01422120 0.01410000
v -0.00070118 -0.01427280 0.01410000
v -0.00140067 -0.01422120 0.01273900
v -0.00140067 -0.01422120 0.00420664
v -0.00070118 -0.01427280 0.00423148
v -0.00070118 -0.01427280 0.00958383
v -0.00140067 -0.01422120 0.01056660
v -0.00070118 -0.01427280 0.01059150
v -0.00140067 -0.01422120 0.00955899
v -0.00070118 -0.01427280 0.00640383
v -0.00140067 -0.01422120 0.00738664
v -0.00070118 -0.01427280 0.00741148
v -0.00140067 -0.01422120 0.00637899
v -0.01291800 -0.00610976 0.01221730
v -0.01320220 -0.00546855 0.01410000
v -0.01291800 -0.00610976 0.01410000
v -0.01320220 -0.00546855 0.01219240
v -0.01320220 -0.00546855 0.00684007
v -0.01291800 -0.00610976 0.00686492
v -0.01291800 -0.00610976 0.00903727
v -0.01320220 -0.00546855 0.01002010
v -0.01291800 -0.00610976 0.01004490
v -0.01320220 -0.00546855 0.00901243
v -0.01345470 0.00481416 0.01181980
v -0.01320220 0.00546855 0.01410000
v -0.01345470 0.00481416 0.01410000
v -0.01320220 0.00546855 0.01179490
v -0.01320220 0.00546855 0.00644257
v -0.01345470 0.00481416 0.00646742
v -0.01345470 0.00481416 0.00863977
v -0.01320220 0.00546855 0.00962257
v -0.01345470 0.00481416 0.00964742
v -0.01320220 0.00546855 0.00861493
v 0.01010460 -0.01010460 0.01178770
v 0.01058820 -0.00959658 0.01003100
v 0.01010460 -0.01010460 0.01000620
v 0.01058820 -0.00959658 0.01410000
v 0.01010460 -0.01010460 0.01241230
v 0.01010460 -0.01010460 0.01410000
v 0.01010460 -0.01010460 0.00465382
v 0.01058820 -0.00959658 0.00467867
v 0.01010460 -0.01010460 0.00783382
v 0.01058820 -0.00959658 0.00685102
v 0.01010460 -0.01010460 0.00682618
v 0.01058820 -0.00959658 0.00785867
v 0.00673626 -0.01260270 0.01303710
v 0.00610976 -0.01291800 0.01410000
v 0.00673626 -0.01260270 0.01410000
v 0.00610976 -0.01291800 0.01301230
v 0.00610976 -0.01291800 0.00447992
v 0.00673626 -0.01260270 0.00450476
v 0.00673626 -0.01260270 0.00985711
v 0.00610976 -0.01291800 0.01083990
v 0.00673626 -0.01260270 0.01086480
v 0.00610976 -0.01291800 0.00983227
v 0.00673626 -0.01260270 0.00667711
v 0.00610976 -0.01291800 0.00765992
v 0.00673626 -0.01260270 0.00768476
v 0.00610976 -0.01291800 0.00665227
v 0.00481416 -0.01345470 0.01296260
v 0.00414817 -0.01367470 0.01410000
v 0.00481416 -0.01345470 0.01410000
v 0.00414817 -0.01367470 0.01293770
v 0.00414817 -0.01367470 0.00440539
v 0.00481416 -0.01345470 0.00443023
v 0.00481416 -0.01345470 0.00978258
v 0.00414817 -0.01367470 0.01076540
v 0.00481416 -0.01345470 0.01079020
v 0.00414817 -0.01367470 0.00975774
v 0.00481416 -0.01345470 0.00660258
v 0.00414817 -0.01367470 0.00758539
v 0.00481416 -0.01345470 0.00761023
v 0.00414817 -0.01367470 0.00657774
v -0.00481416 -0.01345470 0.01261480
v -0.00546855 -0.01320220 0.01410000
v -0.00481416 -0.01345470 0.01410000
v -0.00546855 -0.01320220 0.01258990
v -0.00546855 -0.01320220 0.00405757
v -0.00481416 -0.01345470 0.00408242
v -0.00481416 -0.01345470 0.00943477
v -0.00546855 -0.01320220 0.01041760
v -0.00481416 -0.01345470 0.01044240
v -0.00546855 -0.01320220 0.00940993
v -0.00481416 -0.01345470 0.00625477
v -0.00546855 -0.01320220 0.00723757
v -0.00481416 -0.01345470 0.00726242
v -0.00546855 -0.01320220 0.00622993
v -0.01429000 0.00000000 0.01199370
v -0.01427280 0.00070118 0.01410000
v -0.01429000 0.00000000 0.01410000
v -0.01427280 0.00070118 0.01196880
v -0.01427280 0.00070118 0.00661648
v -0.01429000 0.00000000 0.00664132
v -0.01429000 0.00000000 0.00881368
v -0.01427280 0.00070118 0.00979648
v -0.01429000 0.00000000 0.00982132
v -0.01427280 0.00070118 0.00878883
v -0.01147780 -0.00851254 0.01231660
v -0.01188170 -0.00793910 0.01410000
v -0.01147780 -0.00851254 0.01410000
v -0.01188170 -0.00793910 0.01229180
v -0.01188170 -0.00793910 0.00693945
v -0.01147780 -0.00851254 0.00696429
v -0.01147780 -0.00851254 0.00913665
v -0.01188170 -0.00793910 0.01011940
v -0.01147780 -0.00851254 0.01014430
v -0.01188170 -0.00793910 0.00911180
v 0.01291800 -0.00610976 0.01410000
v 0.01320220 -0.00546855 0.01020490
v 0.01291800 -0.00610976 0.01018010
v 0.01320220 -0.00546855 0.01410000
v 0.01291800 -0.00610976 0.00482773
v 0.01320220 -0.00546855 0.00485257
v 0.01291800 -0.00610976 0.00800773
v 0.01320220 -0.00546855 0.00702493
v 0.01291800 -0.00610976 0.00700008
v 0.01320220 -0.00546855 0.00803257
v 0.00000000 0.01429000 0.01119870
v 0.00070118 0.01427280 0.01410000
v 0.00000000 0.01429000 0.01410000
v 0.00070118 0.01427280 0.01117380
v 0.00070118 0.01427280 0.00582148
v 0.00000000 0.01429000 0.00584632
v 0.00000000 0.01429000 0.00801868
v 0.00070118 0.01427280 0.00900148
v 0.00000000 0.01429000 0.00902632
v 0.00070118 0.01427280 0.00799383
v 0.00906548 -0.01104630 0.01410000
v 0.00875111 -0.01129170 0.01312220
v 0.00851254 -0.01147780 0.01410000
v 0.00880349 -0.01125080 0.01310940
v 0.00885587 -0.01120990 0.01309640
v 0.00880350 -0.01125080 0.01310940
v 0.00890826 -0.01116900 0.01308300
v 0.00885588 -0.01120990 0.01309640
v 0.00896066 -0.01112810 0.01306930
v 0.00890827 -0.01116900 0.01308300
v 0.00896067 -0.01112810 0.01306930
v 0.00901306 -0.01108720 0.01305530
v 0.00906548 -0.01104630 0.01304100
v 0.00901307 -0.01108720 0.01305530
v 0.00851254 -0.01147780 0.01311160
v 0.00851254 -0.01147780 0.00457929
v 0.00906548 -0.01104630 0.00460414
v 0.00906548 -0.01104630 0.01105970
v 0.00901306 -0.01108720 0.01104060
v 0.00901307 -0.01108720 0.01104060
v 0.00906548 -0.01104630 0.00995649
v 0.00896067 -0.01112810 0.01102190
v 0.00896066 -0.01112810 0.01102190
v 0.00890826 -0.01116900 0.01100350
v 0.00890827 -0.01116900 0.01100350
v 0.00885587 -0.01120990 0.01098540
v 0.00885588 -0.01120990 0.01098540
v 0.00880349 -0.01125080 0.01096770
v 0.00880350 -0.01125080 0.01096770
v 0.00875105 -0.01129170 0.01095020
v 0.00875111 -0.01129170 0.01095020
v 0.00851254 -0.01147780 0.00993165
v 0.00851254 -0.01147780 0.01093930
v 0.00906548 -0.01104630 0.00677649
v 0.00851254 -0.01147780 0.00775929
v 0.00906548 -0.01104630 0.00778414
v 0.00851254 -0.01147780 0.00675165
v 0.00793910 -0.01188170 0.01308680
v 0.00734653 -0.01225690 0.01410000
v 0.00793910 -0.01188170 0.01410000
v 0.00734653 -0.01225690 0.01306200
v 0.00734653 -0.01225690 0.00452961
v 0.00793910 -0.01188170 0.00455445
v 0.00793910 -0.01188170 0.00990680
v 0.00734653 -0.01225690 0.01088960
v 0.00793910 -0.01188170 0.01091440
v 0.00734653 -0.01225690 0.00988196
v 0.00793910 -0.01188170 0.00672680
v 0.00734653 -0.01225690 0.00770961
v 0.00793910 -0.01188170 0.00773445
v 0.00734653 -0.01225690 0.00670196
v 0.00278784 -0.01401540 0.01288810
v 0.00209678 -0.01413530 0.01410000
v 0.00278784 -0.01401540 0.01410000
v 0.00209678 -0.01413530 0.01286320
v 0.00209678 -0.01413530 0.00433086
v 0.00278784 -0.01401540 0.00435570
v 0.00278784 -0.01401540 0.00970805
v 0.00209678 -0.01413530 0.01069090
v 0.00278784 -0.01401540 0.01071570
v 0.00209678 -0.01413530 0.00968321
v 0.00278784 -0.01401540 0.00652805
v 0.00209678 -0.01413530 0.00751086
v 0.00278784 -0.01401540 0.00753570
v 0.00209678 -0.01413530 0.00650321
v -0.00278784 -0.01401540 0.01268930
v -0.00347219 -0.01386170 0.01410000
v -0.00278784 -0.01401540 0.01410000
v -0.00347219 -0.01386170 0.01266450
v -0.00347219 -0.01386170 0.00413211
v -0.00278784 -0.01401540 0.00415695
v -0.00278784 -0.01401540 0.00950930
v -0.00347219 -0.01386170 0.01049210
v -0.00278784 -0.01401540 0.01051690
v -0.00347219 -0.01386170 0.00948446
v -0.00278784 -0.01401540 0.00632930
v -0.00347219 -0.01386170 0.00731211
v -0.00278784 -0.01401540 0.00733695
v -0.00347219 -0.01386170 0.00630446
v -0.00734653 -0.01225690 0.01251540
v -0.00793910 -0.01188170 0.01410000
v -0.00734653 -0.01225690 0.01410000
v -0.00793910 -0.01188170 0.01249060
v -0.00793910 -0.01188170 0.00395820
v -0.00734653 -0.01225690 0.00398304
v -0.00734653 -0.01225690 0.00933540
v -0.00793910 -0.01188170 0.01031820
v -0.00734653 -0.01225690 0.01034300
v -0.00793910 -0.01188170 0.00931055
v -0.00734653 -0.01225690 0.00615540
v -0.00793910 -0.01188170 0.00713820
v -0.00734653 -0.01225690 0.00716304
v -0.00793910 -0.01188170 0.00613055
v -0.01225690 0.00734653 0.01172040
v -0.01188170 0.00793910 0.01410000
v -0.01225690 0.00734653 0.01410000
v -0.01188170 0.00793910 0.01169560
v -0.01188170 0.00793910 0.00634320
v -0.01225690 0.00734653 0.00636804
v -0.01225690 0.00734653 0.00854040
v -0.01188170 0.00793910 0.00952320
v -0.01225690 0.00734653 0.00954804
v -0.01188170 0.00793910 0.00851555
v -0.01413530 0.00209678 0.01191910
v -0.01401540 0.00278784 0.01410000
v -0.01413530 0.00209678 0.01410000
v -0.01401540 0.00278784 0.01189430
v -0.01401540 0.00278784 0.00654195
v -0.01413530 0.00209678 0.00656679
v -0.01413530 0.00209678 0.00873915
v -0.01401540 0.00278784 0.00972195
v -0.01413530 0.00209678 0.00974679
v -0.01401540 0.00278784 0.00871430
v -0.01386170 -0.00347219 0.01211790
v -0.01401540 -0.00278784 0.01410000
v -0.01386170 -0.00347219 0.01410000
v -0.01401540 -0.00278784 0.01209310
v -0.01401540 -0.00278784 0.00674070
v -0.01386170 -0.00347219 0.00676554
v -0.01386170 -0.00347219 0.00893790
v -0.01401540 -0.00278784 0.00992070
v -0.01386170 -0.00347219 0.00994554
v -0.01401540 -0.00278784 0.00891305
v -0.01345470 -0.00481416 0.01216760
v -0.01367470 -0.00414817 0.01410000
v -0.01345470 -0.00481416 0.01410000
v -0.01367470 -0.00414817 0.01214270
v -0.01367470 -0.00414817 0.00679039
v -0.01345470 -0.00481416 0.00681523
v -0.01345470 -0.00481416 0.00898758
v -0.01367470 -0.00414817 0.00997039
v -0.01345470 -0.00481416 0.00999523
v -0.01367470 -0.00414817 0.00896274
v 0.01422120 -0.00140067 0.01410000
v 0.01427280 -0.00070118 0.01037880
v 0.01422120 -0.00140067 0.01035400
v 0.01427280 -0.00070118 0.01410000
v 0.01422120 -0.00140067 0.00500164
v 0.01427280 -0.00070118 0.00502648
v 0.01422120 -0.00140067 0.00818164
v 0.01427280 -0.00070118 0.00719883
v 0.01422120 -0.00140067 0.00717399
v 0.01427280 -0.00070118 0.00820648
v 0.00906548 0.01104630 0.01085090
v 0.00959658 0.01058820 0.01410000
v 0.00906548 0.01104630 0.01410000
v 0.00959658 0.01058820 0.01082600
v 0.00959658 0.01058820 0.00547367
v 0.00906548 0.01104630 0.00549851
v 0.00906548 0.01104630 0.00767086
v 0.00959658 0.01058820 0.00865367
v 0.00906548 0.01104630 0.00867851
v 0.00959658 0.01058820 0.00764602
v 0.00209678 0.01413530 0.01112410
v 0.00278784 0.01401540 0.01410000
v 0.00209678 0.01413530 0.01410000
v 0.00278784 0.01401540 0.01109930
v 0.00278784 0.01401540 0.00574695
v 0.00209678 0.01413530 0.00577179
v 0.00209678 0.01413530 0.00794415
v 0.00278784 0.01401540 0.00892695
v 0.00209678 0.01413530 0.00895179
v 0.00278784 0.01401540 0.00791930
v -0.00959658 0.01058820 0.01157130
v -0.00906548 0.01104630 0.01410000
v -0.00959658 0.01058820 0.01410000
v -0.00906548 0.01104630 0.01154650
v -0.00906548 0.01104630 0.00619414
v -0.00959658 0.01058820 0.00621898
v -0.00959658 0.01058820 0.00839133
v -0.00906548 0.01104630 0.00937414
v -0.00959658 0.01058820 0.00939898
v -0.00906548 0.01104630 0.00836649
v 0.01427280 0.00070118 0.01410000
v 0.01429000 0.00000000 0.01410000
v 0.01422120 0.00140067 0.01410000
v 0.01413530 -0.00209678 0.01410000
v 0.01413530 0.00209678 0.01410000
v 0.01401540 -0.00278784 0.01410000
v 0.01401540 0.00278784 0.01410000
v 0.01386170 -0.00347219 0.01410000
v 0.01386170 0.00347219 0.01410000
v 0.01367470 -0.00414817 0.01410000
v 0.01367470 0.00414817 0.01410000
v 0.01345470 -0.00481416 0.01410000
v 0.01345470 0.00481416 0.01410000
v 0.01320220 0.00546855 0.01410000
v 0.01291800 0.00610976 0.01410000
v 0.01260270 -0.00673626 0.01410000
v 0.01260270 0.00673626 0.01410000
v 0.01225690 -0.00734653 0.01410000
v 0.01225690 0.00734653 0.01410000
v 0.01188170 -0.00793910 0.01410000
v 0.01188170 0.00793910 0.01410000
v 0.01147780 -0.00851254 0.01410000
v 0.01147780 0.00851254 0.01410000
v 0.01104630 -0.00906548 0.01410000
v 0.01104630 0.00906548 0.01410000
v 0.01058820 0.00959658 0.01410000
v 0.01010460 0.01010460 0.01410000
v 0.00959658 -0.01058820 0.01410000
v 0.00851254 0.01147780 0.01410000
v 0.00793910 0.01188170 0.01410000
v 0.00734653 0.01225690 0.01410000
v 0.00673626 0.01260270 0.01410000
v 0.00610976 0.01291800 0.01410000
v 0.00546855 -0.01320220 0.01410000
v 0.00546855 0.01320220 0.01410000
v 0.00481416 0.01345470 0.01410000
v 0.00414817 0.01367470 0.01410000
v 0.00347219 -0.01386170 0.01410000
v 0.00347219 0.01386170 0.01410000
v 0.00140067 -0.01422120 0.01410000
v 0.00140067 0.01422120 0.01410000
v 0.00070118 -0.01427280 0.01410000
v 0.00000000 -0.01429000 0.01410000
v -0.00070118 0.01427280 0.01410000
v -0.00140067 0.01422120 0.01410000
v -0.00209678 -0.01413530 0.01410000
v -0.00209678 0.01413530 0.01410000
v -0.00278784 0.01401540 0.01410000
v -0.00347219 0.01386170 0.01410000
v -0.00414817 -0.01367470 0.01410000
v -0.00414817 0.01367470 0.01410000
v -0.00481416 0.01345470 0.01410000
v -0.00546855 0.01320220 0.01410000
v -0.00610976 -0.01291800 0.01410000
v -0.00610976 0.01291800 0.01410000
v -0.00673626 -0.01260270 0.01410000
v -0.00673626 0.01260270 0.01410000
v -0.00734653 0.01225690 0.01410000
v -0.00793910 0.01188170 0.01410000
v -0.00851254 -0.01147780 0.01410000
v -0.00851254 0.01147780 0.01410000
v -0.00906548 -0.01104630 0.01410000
v -0.00959658 -0.01058820 0.01410000
v -0.01010460 -0.01010460 0.01410000
v -0.01010460 0.01010460 0.01410000
v -0.01058820 -0.00959658 0.01410000
v -0.01058820 0.00959658 0.01410000
v -0.01104630 -0.00906548 0.01410000
v -0.01104630 0.00906548 0.01410000
v -0.01147780 0.00851254 0.01410000
v -0.01225690 -0.00734653 0.01410000
v -0.01260270 -0.00673626 0.01410000
v -0.01260270 0.00673626 0.01410000
v -0.01291800 0.00610976 0.01410000
v -0.01367470 0.00414817 0.01410000
v -0.01386170 0.00347219 0.01410000
v -0.01413530 -0.00209678 0.01410000
v -0.01422120 -0.00140067 0.01410000
v -0.01422120 0.00140067 0.01410000
v -0.01427280 -0.00070118 0.01410000
v -0.00278784 0.01401540 0.01129810
v -0.00209678 0.01413530 0.01127320
v -0.00209678 0.01413530 0.00592086
v -0.00278784 0.01401540 0.00594570
v -0.00278784 0.01401540 0.00811805
v -0.00209678 0.01413530 0.00910086
v -0.00278784 0.01401540 0.00912570
v -0.00209678 0.01413530 0.00809321
v 0.00546855 -0.01320220 0.01298740
v 0.00546855 -0.01320220 0.00445507
v 0.00546855 -0.01320220 0.00980743
v 0.00546855 -0.01320220 0.01081510
v 0.00546855 -0.01320220 0.00662743
v 0.00546855 -0.01320220 0.00763507
v 0.00347219 -0.01386170 0.01291290
v 0.00347219 -0.01386170 0.00438054
v 0.00347219 -0.01386170 0.01074050
v 0.00347219 -0.01386170 0.00973290
v 0.00347219 -0.01386170 0.00756054
v 0.00347219 -0.01386170 0.00655290
v 0.00140067 -0.01422120 0.01283840
v 0.00070118 -0.01427280 0.01281350
v 0.00070118 -0.01427280 0.00428117
v 0.00140067 -0.01422120 0.00430601
v 0.00140067 -0.01422120 0.00965836
v 0.00070118 -0.01427280 0.01064120
v 0.00140067 -0.01422120 0.01066600
v 0.00070118 -0.01427280 0.00963352
v 0.00140067 -0.01422120 0.00647836
v 0.00070118 -0.01427280 0.00746117
v 0.00140067 -0.01422120 0.00748601
v 0.00070118 -0.01427280 0.00645352
v 0.00000000 -0.01429000 0.01278870
v 0.00000000 -0.01429000 0.00425632
v 0.00000000 -0.01429000 0.01061630
v 0.00000000 -0.01429000 0.00960868
v 0.00000000 -0.01429000 0.00743632
v 0.00000000 -0.01429000 0.00642868
v -0.00209678 -0.01413530 0.01271410
v -0.00209678 -0.01413530 0.00418179
v -0.00209678 -0.01413530 0.01054180
v -0.00209678 -0.01413530 0.00953415
v -0.00209678 -0.01413530 0.00736179
v -0.00209678 -0.01413530 0.00635415
v -0.00959658 -0.01058820 0.01241600
v -0.01010460 -0.01010460 0.01239120
v -0.01000290 -0.01020130 0.00444791
v -0.01005370 -0.01015300 0.00451040
v -0.01000290 -0.01020130 0.00444795
v -0.00995211 -0.01024970 0.00440006
v -0.00995215 -0.01024970 0.00440010
v -0.00990132 -0.01029800 0.00435995
v -0.00990135 -0.01029800 0.00435998
v -0.00985054 -0.01034640 0.00432481
v -0.00985057 -0.01034640 0.00432483
v -0.00979975 -0.01039480 0.00429322
v -0.00979978 -0.01039470 0.00429324
v -0.00974897 -0.01044310 0.00426432
v -0.00974899 -0.01044310 0.00426434
v -0.00969818 -0.01049150 0.00423757
v -0.00969819 -0.01049140 0.00423758
v -0.00964738 -0.01053980 0.00421256
v -0.00964739 -0.01053980 0.00421256
v -0.00959658 -0.01058820 0.00418901
v -0.01005370 -0.01015290 0.00451044
v -0.01010460 -0.01010460 0.00463272
v -0.00959658 -0.01058820 0.00575068
v -0.01010460 -0.01010460 0.00703882
v -0.00959658 -0.01058820 0.00706367
v -0.00964738 -0.01053980 0.00572217
v -0.00969818 -0.01049150 0.00569219
v -0.00964739 -0.01053980 0.00572216
v -0.00974897 -0.01044310 0.00566046
v -0.00969819 -0.01049140 0.00569217
v -0.00979975 -0.01039480 0.00562660
v -0.00974899 -0.01044310 0.00566044
v -0.00985054 -0.01034640 0.00559004
v -0.00979978 -0.01039470 0.00562657
v -0.00990132 -0.01029800 0.00554993
v -0.00985057 -0.01034640 0.00559001
v -0.00995211 -0.01024970 0.00550485
v -0.00990135 -0.01029800 0.00554990
v -0.01000290 -0.01020130 0.00545204
v -0.00995215 -0.01024970 0.00550480
v -0.01005370 -0.01015300 0.00538457
v -0.01000290 -0.01020130 0.00545199
v -0.01005370 -0.01015290 0.00538453
v -0.01010460 -0.01010460 0.00525728
v -0.00959658 -0.01058820 0.00923602
v -0.01010460 -0.01010460 0.01021880
v -0.00959658 -0.01058820 0.01024370
v -0.01010460 -0.01010460 0.00921118
v -0.00414817 -0.01367470 0.01263960
v -0.00414817 -0.01367470 0.00410726
v -0.00414817 -0.01367470 0.00945961
v -0.00414817 -0.01367470 0.01046730
v -0.00414817 -0.01367470 0.00627961
v -0.00414817 -0.01367470 0.00728726
v -0.00610976 -0.01291800 0.01256510
v -0.00673626 -0.01260270 0.01254020
v -0.00673626 -0.01260270 0.00400789
v -0.00610976 -0.01291800 0.00403273
v -0.00610976 -0.01291800 0.00938508
v -0.00673626 -0.01260270 0.01036790
v -0.00610976 -0.01291800 0.01039270
v -0.00673626 -0.01260270 0.00936024
v -0.00610976 -0.01291800 0.00620508
v -0.00673626 -0.01260270 0.00718789
v -0.00610976 -0.01291800 0.00721273
v -0.00673626 -0.01260270 0.00618024
v -0.00851254 -0.01147780 0.01246570
v -0.00906548 -0.01104630 0.01244090
v -0.00851254 -0.01147780 0.00393336
v -0.00875111 -0.01129170 0.00392281
v -0.00901306 -0.01108720 0.00398968
v -0.00906548 -0.01104630 0.00400405
v -0.00901307 -0.01108720 0.00398968
v -0.00896066 -0.01112810 0.00397567
v -0.00896067 -0.01112810 0.00397567
v -0.00890826 -0.01116900 0.00396200
v -0.00890827 -0.01116900 0.00396200
v -0.00885587 -0.01120990 0.00394864
v -0.00885588 -0.01120990 0.00394865
v -0.00880349 -0.01125080 0.00393558
v -0.00880350 -0.01125080 0.00393559
v -0.00851254 -0.01147780 0.00928571
v -0.00906548 -0.01104630 0.01026850
v -0.00851254 -0.01147780 0.01029340
v -0.00906548 -0.01104630 0.00926086
v -0.00875105 -0.01129170 0.00609482
v -0.00851254 -0.01147780 0.00711336
v -0.00851254 -0.01147780 0.00610571
v -0.00906548 -0.01104630 0.00708851
v -0.00875111 -0.01129170 0.00609482
v -0.00880349 -0.01125080 0.00607734
v -0.00885587 -0.01120990 0.00605957
v -0.00880350 -0.01125080 0.00607733
v -0.00890826 -0.01116900 0.00604151
v -0.00885588 -0.01120990 0.00605956
v -0.00896066 -0.01112810 0.00602312
v -0.00890827 -0.01116900 0.00604150
v -0.00896067 -0.01112810 0.00602312
v -0.00901306 -0.01108720 0.00600441
v -0.00906548 -0.01104630 0.00598533
v -0.00901307 -0.01108720 0.00600440
v -0.01058820 0.00959658 0.01162100
v -0.01010460 0.01010460 0.01159620
v -0.01010460 0.01010460 0.00624382
v -0.01058820 0.00959658 0.00626867
v -0.01058820 0.00959658 0.00844102
v -0.01010460 0.01010460 0.00942382
v -0.01058820 0.00959658 0.00944867
v -0.01010460 0.01010460 0.00841618
v -0.01291800 0.00610976 0.01177010
v -0.01260270 0.00673626 0.01174520
v -0.01260270 0.00673626 0.00639289
v -0.01291800 0.00610976 0.00641773
v -0.01291800 0.00610976 0.00859008
v -0.01260270 0.00673626 0.00957289
v -0.01291800 0.00610976 0.00959773
v -0.01260270 0.00673626 0.00856524
v -0.01147780 0.00851254 0.01167070
v -0.01147780 0.00851254 0.00631836
v -0.01147780 0.00851254 0.00949836
v -0.01147780 0.00851254 0.00849071
v -0.01104630 0.00906548 0.01164590
v -0.01104630 0.00906548 0.00629351
v -0.01104630 0.00906548 0.00947351
v -0.01104630 0.00906548 0.00846586
v -0.01386170 0.00347219 0.01186950
v -0.01367470 0.00414817 0.01184460
v -0.01367470 0.00414817 0.00649226
v -0.01386170 0.00347219 0.00651711
v -0.01386170 0.00347219 0.00868946
v -0.01367470 0.00414817 0.00967226
v -0.01386170 0.00347219 0.00969711
v -0.01367470 0.00414817 0.00866461
v -0.01422120 0.00140067 0.01194400
v -0.01422120 0.00140067 0.00659164
v -0.01422120 0.00140067 0.00977164
v -0.01422120 0.00140067 0.00876399
v -0.01225690 -0.00734653 0.01226700
v -0.01260270 -0.00673626 0.01224210
v -0.01260270 -0.00673626 0.00688976
v -0.01225690 -0.00734653 0.00691461
v -0.01225690 -0.00734653 0.00908696
v -0.01260270 -0.00673626 0.01006980
v -0.01225690 -0.00734653 0.01009460
v -0.01260270 -0.00673626 0.00906211
v -0.01058820 -0.00959658 0.01236630
v -0.01058820 -0.00959658 0.00701398
v -0.01058820 -0.00959658 0.01019400
v -0.01058820 -0.00959658 0.00918633
v -0.01104630 -0.00906548 0.01234150
v -0.01104630 -0.00906548 0.00698914
v -0.01104630 -0.00906548 0.01016910
v -0.01104630 -0.00906548 0.00916149
v -0.01413530 -0.00209678 0.01206820
v -0.01422120 -0.00140067 0.01204340
v -0.01422120 -0.00140067 0.00669101
v -0.01413530 -0.00209678 0.00671586
v -0.01413530 -0.00209678 0.00888821
v -0.01422120 -0.00140067 0.00987101
v -0.01413530 -0.00209678 0.00989586
v -0.01422120 -0.00140067 0.00886336
v -0.01427280 -0.00070118 0.01201850
v -0.01427280 -0.00070118 0.00666617
v -0.01427280 -0.00070118 0.00984617
v -0.01427280 -0.00070118 0.00883852
v 0.00959658 -0.01058820 0.01285600
v 0.00964738 -0.01053980 0.01283240
v 0.00969818 -0.01049150 0.01280740
v 0.00964739 -0.01053980 0.01283240
v 0.00974897 -0.01044310 0.01278070
v 0.00969819 -0.01049140 0.01280740
v 0.00979975 -0.01039480 0.01275180
v 0.00974899 -0.01044310 0.01278070
v 0.00985054 -0.01034640 0.01272020
v 0.00979978 -0.01039470 0.01275180
v 0.00990132 -0.01029800 0.01268510
v 0.00985057 -0.01034640 0.01272020
v 0.00995211 -0.01024970 0.01264490
v 0.00990135 -0.01029800 0.01268500
v 0.01000290 -0.01020130 0.01259710
v 0.00995215 -0.01024970 0.01264490
v 0.01005370 -0.01015300 0.01253460
v 0.01005370 -0.01015290 0.01253460
v 0.00959658 -0.01058820 0.00462898
v 0.01000290 -0.01020130 0.01159300
v 0.00995211 -0.01024970 0.01154020
v 0.00995215 -0.01024970 0.01154020
v 0.00990132 -0.01029800 0.01149510
v 0.00990135 -0.01029800 0.01149510
v 0.00985054 -0.01034640 0.01145500
v 0.00985057 -0.01034640 0.01145500
v 0.00979975 -0.01039480 0.01141840
v 0.00979978 -0.01039470 0.01141840
v 0.00974897 -0.01044310 0.01138450
v 0.00974899 -0.01044310 0.01138460
v 0.00969818 -0.01049150 0.01135280
v 0.00969819 -0.01049140 0.01135280
v 0.00964738 -0.01053980 0.01132280
v 0.00964739 -0.01053980 0.01132280
v 0.01005370 -0.01015290 0.01166050
v 0.01005370 -0.01015300 0.01166040
v 0.00959658 -0.01058820 0.01129430
v 0.00959658 -0.01058820 0.00998133
v 0.00959658 -0.01058820 0.00780898
v 0.00959658 -0.01058820 0.00680133
v 0.01147780 -0.00851254 0.01008070
v 0.01104630 -0.00906548 0.01005590
v 0.01104630 -0.00906548 0.00470351
v 0.01147780 -0.00851254 0.00472836
v 0.01104630 -0.00906548 0.00788351
v 0.01147780 -0.00851254 0.00690071
v 0.01104630 -0.00906548 0.00687586
v 0.01147780 -0.00851254 0.00790836
v 0.01260270 -0.00673626 0.01015520
v 0.01260270 -0.00673626 0.00480289
v 0.01260270 -0.00673626 0.00798289
v 0.01260270 -0.00673626 0.00697524
v 0.01104630 0.00906548 0.01075150
v 0.01147780 0.00851254 0.01072660
v 0.01147780 0.00851254 0.00537429
v 0.01104630 0.00906548 0.00539914
v 0.01147780 0.00851254 0.00855429
v 0.01104630 0.00906548 0.00757149
v 0.01147780 0.00851254 0.00754665
v 0.01104630 0.00906548 0.00857914
v 0.01188170 0.00793910 0.01070180
v 0.01188170 0.00793910 0.00534945
v 0.01188170 0.00793910 0.00852945
v 0.01188170 0.00793910 0.00752180
v 0.01291800 0.00610976 0.01062730
v 0.01320220 0.00546855 0.01060240
v 0.01320220 0.00546855 0.00525007
v 0.01291800 0.00610976 0.00527492
v 0.01320220 0.00546855 0.00843007
v 0.01291800 0.00610976 0.00744727
v 0.01320220 0.00546855 0.00742243
v 0.01291800 0.00610976 0.00845492
v 0.01225690 0.00734653 0.01067700
v 0.01260270 0.00673626 0.01065210
v 0.01260270 0.00673626 0.00529976
v 0.01225690 0.00734653 0.00532461
v 0.01260270 0.00673626 0.00847976
v 0.01225690 0.00734653 0.00749696
v 0.01260270 0.00673626 0.00747211
v 0.01225690 0.00734653 0.00850461
v 0.01429000 0.00000000 0.01040370
v 0.01429000 0.00000000 0.00505132
v 0.01429000 0.00000000 0.00722368
v 0.01429000 0.00000000 0.00823132
v 0.01413530 0.00209678 0.01047820
v 0.01422120 0.00140067 0.01045340
v 0.01422120 0.00140067 0.00510101
v 0.01413530 0.00209678 0.00512586
v 0.01422120 0.00140067 0.00828101
v 0.01413530 0.00209678 0.00729821
v 0.01422120 0.00140067 0.00727336
v 0.01413530 0.00209678 0.00830586
v 0.01427280 0.00070118 0.01042850
v 0.01427280 0.00070118 0.00507617
v 0.01427280 0.00070118 0.00724852
v 0.01427280 0.00070118 0.00825617
v 0.01386170 0.00347219 0.01052790
v 0.01401540 0.00278784 0.01050310
v 0.01401540 0.00278784 0.00515070
v 0.01386170 0.00347219 0.00517554
v 0.01401540 0.00278784 0.00833070
v 0.01386170 0.00347219 0.00734790
v 0.01401540 0.00278784 0.00732305
v 0.01386170 0.00347219 0.00835554
v 0.01345470 0.00481416 0.01057760
v 0.01367470 0.00414817 0.01055270
v 0.01367470 0.00414817 0.00520039
v 0.01345470 0.00481416 0.00522523
v 0.01367470 0.00414817 0.00838039
v 0.01345470 0.00481416 0.00739758
v 0.01367470 0.00414817 0.00737274
v 0.01345470 0.00481416 0.00840523
v 0.00546855 0.01320220 0.01099990
v 0.00610976 0.01291800 0.01097510
v 0.00610976 0.01291800 0.00562273
v 0.00546855 0.01320220 0.00564757
v 0.00546855 0.01320220 0.00781993
v 0.00610976 0.01291800 0.00880273
v 0.00546855 0.01320220 0.00882757
v 0.00610976 0.01291800 0.00779508
v 0.01010460 0.01010460 0.01080120
v 0.01010460 0.01010460 0.00544882
v 0.01010460 0.01010460 0.00862882
v 0.01010460 0.01010460 0.00762118
v 0.00793910 0.01188170 0.01090060
v 0.00851254 0.01147780 0.01087570
v 0.00851254 0.01147780 0.00552336
v 0.00793910 0.01188170 0.00554820
v 0.00793910 0.01188170 0.00772055
v 0.00851254 0.01147780 0.00870336
v 0.00793910 0.01188170 0.00872820
v 0.00851254 0.01147780 0.00769571
v 0.00673626 0.01260270 0.01095020
v 0.00734653 0.01225690 0.01092540
v 0.00734653 0.01225690 0.00557304
v 0.00673626 0.01260270 0.00559789
v 0.00673626 0.01260270 0.00777024
v 0.00734653 0.01225690 0.00875304
v 0.00673626 0.01260270 0.00877789
v 0.00734653 0.01225690 0.00774540
v 0.00347219 0.01386170 0.01107450
v 0.00347219 0.01386170 0.00572211
v 0.00347219 0.01386170 0.00890211
v 0.00347219 0.01386170 0.00789446
v 0.00414817 0.01367470 0.01104960
v 0.00481416 0.01345470 0.01102480
v 0.00481416 0.01345470 0.00567242
v 0.00414817 0.01367470 0.00569726
v 0.00414817 0.01367470 0.00786961
v 0.00481416 0.01345470 0.00885242
v 0.00414817 0.01367470 0.00887726
v 0.00481416 0.01345470 0.00784477
v 0.00140067 0.01422120 0.01114900
v 0.00140067 0.01422120 0.00579664
v 0.00140067 0.01422120 0.00796899
v 0.00140067 0.01422120 0.00897664
v -0.00793910 0.01188170 0.01149680
v -0.00734653 0.01225690 0.01147200
v -0.00734653 0.01225690 0.00611961
v -0.00793910 0.01188170 0.00614445
v -0.00793910 0.01188170 0.00831680
v -0.00734653 0.01225690 0.00929961
v -0.00793910 0.01188170 0.00932445
v -0.00734653 0.01225690 0.00829196
v -0.00673626 0.01260270 0.01144710
v -0.00610976 0.01291800 0.01142230
v -0.00610976 0.01291800 0.00606992
v -0.00673626 0.01260270 0.00609476
v -0.00673626 0.01260270 0.00826711
v -0.00610976 0.01291800 0.00924992
v -0.00673626 0.01260270 0.00927476
v -0.00610976 0.01291800 0.00824227
v -0.00851254 0.01147780 0.01152160
v -0.00851254 0.01147780 0.00616929
v -0.00851254 0.01147780 0.00934929
v -0.00851254 0.01147780 0.00834165
v -0.00414817 0.01367470 0.01134770
v -0.00347219 0.01386170 0.01132290
v -0.00347219 0.01386170 0.00597054
v -0.00414817 0.01367470 0.00599539
v -0.00414817 0.01367470 0.00816774
v -0.00347219 0.01386170 0.00915054
v -0.00414817 0.01367470 0.00917539
v -0.00347219 0.01386170 0.00814290
v -0.00546855 0.01320220 0.01139740
v -0.00481416 0.01345470 0.01137260
v -0.00481416 0.01345470 0.00602023
v -0.00546855 0.01320220 0.00604507
v -0.00546855 0.01320220 0.00821743
v -0.00481416 0.01345470 0.00920023
v -0.00546855 0.01320220 0.00922507
v -0.00481416 0.01345470 0.00819258
v -0.00140067 0.01422120 0.01124840
v -0.00070118 0.01427280 0.01122350
v -0.00070118 0.01427280 0.00587117
v -0.00140067 0.01422120 0.00589601
v -0.00140067 0.01422120 0.00806836
v -0.00070118 0.01427280 0.00905117
v -0.00140067 0.01422120 0.00907601
v -0.00070118 0.01427280 0.00804352
v 0.00917171 -0.01095470 0.01300900
v 0.00911860 -0.01100050 0.01302520
v 0.00911861 -0.01100050 0.01302520
v 0.00917172 -0.01095470 0.01300900
v 0.00922481 -0.01090890 0.01299230
v 0.00927791 -0.01086310 0.01297510
v 0.00922483 -0.01090890 0.01299230
v 0.00933101 -0.01081730 0.01295720
v 0.00927793 -0.01086310 0.01297510
v 0.00938411 -0.01077150 0.01293860
v 0.00933103 -0.01081730 0.01295720
v 0.00943721 -0.01072570 0.01291930
v 0.00938413 -0.01077150 0.01293860
v 0.00949032 -0.01067980 0.01289920
v 0.00943723 -0.01072560 0.01291930
v 0.00954344 -0.01063400 0.01287810
v 0.00949034 -0.01067980 0.01289920
v 0.00954345 -0.01063400 0.01287810
v 0.00954344 -0.01063400 0.01126720
v 0.00954345 -0.01063400 0.01126720
v 0.00949032 -0.01067980 0.01124120
v 0.00949034 -0.01067980 0.01124120
v 0.00943721 -0.01072570 0.01121610
v 0.00943723 -0.01072560 0.01121610
v 0.00938411 -0.01077150 0.01119180
v 0.00938413 -0.01077150 0.01119180
v 0.00933101 -0.01081730 0.01116830
v 0.00933103 -0.01081730 0.01116830
v 0.00927791 -0.01086310 0.01114540
v 0.00927793 -0.01086310 0.01114540
v 0.00922481 -0.01090890 0.01112320
v 0.00922483 -0.01090890 0.01112320
v 0.00917172 -0.01095470 0.01110150
v 0.00917171 -0.01095470 0.01110150
v 0.00911860 -0.01100050 0.01108040
v 0.00911861 -0.01100050 0.01108040
v -0.00954344 -0.01063400 0.00416686
v -0.00954345 -0.01063400 0.00416686
v -0.00949032 -0.01067980 0.00414578
v -0.00949034 -0.01067980 0.00414579
v -0.00943721 -0.01072570 0.00412565
v -0.00943723 -0.01072560 0.00412566
v -0.00938411 -0.01077150 0.00410636
v -0.00938413 -0.01077150 0.00410637
v -0.00933101 -0.01081730 0.00408781
v -0.00933103 -0.01081730 0.00408782
v -0.00927791 -0.01086310 0.00406994
v -0.00927793 -0.01086310 0.00406995
v -0.00922481 -0.01090890 0.00405268
v -0.00922483 -0.01090890 0.00405269
v -0.00917171 -0.01095470 0.00403597
v -0.00917172 -0.01095470 0.00403598
v -0.00911860 -0.01100050 0.00401978
v -0.00911861 -0.01100050 0.00401978
v -0.00911860 -0.01100050 0.00596463
v -0.00917171 -0.01095470 0.00594347
v -0.00911861 -0.01100050 0.00596463
v -0.00922481 -0.01090890 0.00592179
v -0.00917172 -0.01095470 0.00594346
v -0.00927791 -0.01086310 0.00589956
v -0.00922483 -0.01090890 0.00592178
v -0.00933101 -0.01081730 0.00587672
v -0.00927793 -0.01086310 0.00589955
v -0.00938411 -0.01077150 0.00585320
v -0.00933103 -0.01081730 0.00587671
v -0.00943721 -0.01072570 0.00582894
v -0.00938413 -0.01077150 0.00585319
v -0.00949032 -0.01067980 0.00580384
v -0.00943723 -0.01072560 0.00582893
v -0.00954344 -0.01063400 0.00577780
v -0.00949034 -0.01067980 0.00580384
v -0.00954345 -0.01063400 0.00577780
v 0.01058820 0.00959658 0.01077630
v 0.01058820 0.00959658 0.00542398
v 0.01058820 0.00959658 0.00860398
v 0.01058820 0.00959658 0.00759633
v 0.01225690 -0.00734653 0.01013040
v 0.01188170 -0.00793910 0.01010560
v 0.01188170 -0.00793910 0.00475320
v 0.01225690 -0.00734653 0.00477804
v 0.01188170 -0.00793910 0.00793320
v 0.01225690 -0.00734653 0.00695040
v 0.01188170 -0.00793910 0.00692555
v 0.01225690 -0.00734653 0.00795804
v 0.01345470 -0.00481416 0.01022980
v 0.01345470 -0.00481416 0.00487742
v 0.01345470 -0.00481416 0.00704977
v 0.01345470 -0.00481416 0.00805742
v 0.01386170 -0.00347219 0.01027950
v 0.01367470 -0.00414817 0.01025460
v 0.01367470 -0.00414817 0.00490226
v 0.01386170 -0.00347219 0.00492711
v 0.01367470 -0.00414817 0.00808226
v 0.01386170 -0.00347219 0.00709946
v 0.01367470 -0.00414817 0.00707461
v 0.01386170 -0.00347219 0.00810711
v 0.01401540 -0.00278784 0.01030430
v 0.01401540 -0.00278784 0.00495195
v 0.01401540 -0.00278784 0.00712430
v 0.01401540 -0.00278784 0.00813195
v 0.01413530 -0.00209678 0.01032910
v 0.01413530 -0.00209678 0.00497679
v 0.01413530 -0.00209678 0.00714915
v 0.01413530 -0.00209678 0.00815679
v 0.01004800 -0.01004800 0.01195520
v 0.01004800 -0.01004800 0.01224490
v -0.01004800 -0.01004800 0.00508985
v -0.01004800 -0.01004800 0.00480015
v 0.00982498 -0.00992191 0.01230030
v 0.00982498 -0.00992191 0.01189470
v 0.00968598 -0.00987805 0.01232800
v 0.00968598 -0.00987805 0.01186210
v 0.00956793 -0.00985396 0.01234890
v 0.00956793 -0.00985396 0.01183620
v 0.00946110 -0.00984013 0.01236610
v 0.00946110 -0.00984013 0.01181400
v 0.00936162 -0.00983282 0.01238110
v 0.00936162 -0.00983282 0.01179400
v 0.00926746 -0.00983009 0.01239440
v 0.00926746 -0.00983009 0.01177580
v 0.00917738 -0.00983078 0.01240650
v 0.00917738 -0.00983078 0.01175870
v 0.00909060 -0.00983416 0.01241750
v 0.00909060 -0.00983416 0.01174270
v 0.00900655 -0.00983970 0.01242780
v 0.00900655 -0.00983970 0.01172750
v 0.00892482 -0.00984703 0.01243730
v 0.00892482 -0.00984703 0.01171300
v 0.00884306 -0.00985358 0.01244630
v 0.00884306 -0.00985358 0.01169900
v 0.00876307 -0.00986141 0.01245480
v 0.00876307 -0.00986141 0.01168560
v 0.00868466 -0.00987034 0.01246280
v 0.00868466 -0.00987034 0.01167260
v 0.00860768 -0.00988022 0.01247040
v 0.00860768 -0.00988022 0.01166000
v 0.00853200 -0.00989095 0.01247770
v 0.00853200 -0.00989095 0.01164780
v 0.00845748 -0.00990244 0.01248470
v 0.00845748 -0.00990244 0.01163580
v 0.00838406 -0.00991461 0.01249130
v 0.00838406 -0.00991461 0.01162420
v 0.00831163 -0.00992738 0.01249770
v 0.00831163 -0.00992738 0.01161280
v 0.00824012 -0.00994071 0.01250390
v 0.00824012 -0.00994071 0.01160170
v 0.00816949 -0.00995455 0.01250980
v 0.00816949 -0.00995455 0.01159080
v 0.00810148 -0.00996585 0.01251530
v 0.00810148 -0.00996585 0.01158070
v 0.00803417 -0.00997751 0.01252050
v 0.00803417 -0.00997751 0.01157070
v 0.00796753 -0.00998952 0.01252560
v 0.00796753 -0.00998952 0.01156090
v 0.00790152 -0.01000180 0.01253050
v 0.00790152 -0.01000180 0.01155120
v 0.00783611 -0.01001450 0.01253530
v 0.00783611 -0.01001450 0.01154170
v 0.00777128 -0.01002740 0.01254000
v 0.00777128 -0.01002740 0.01153240
v 0.00755942 -0.01019270 0.01252930
v 0.00755942 -0.01019270 0.01152160
v 0.00705019 -0.01055130 0.01250440
v 0.00705019 -0.01055130 0.01149680
v 0.00652396 -0.01088460 0.01247960
v 0.00652396 -0.01088460 0.01147200
v 0.00598203 -0.01119160 0.01245480
v 0.00598203 -0.01119160 0.01144710
v 0.00542567 -0.01147160 0.01242990
v 0.00542567 -0.01147160 0.01142230
v 0.00485625 -0.01172400 0.01240510
v 0.00485625 -0.01172400 0.01139740
v 0.00427513 -0.01194820 0.01238020
v 0.00427513 -0.01194820 0.01137260
v 0.00368371 -0.01214360 0.01235540
v 0.00368371 -0.01214360 0.01134770
v 0.00308342 -0.01230970 0.01233050
v 0.00308342 -0.01230970 0.01132290
v 0.00247570 -0.01244620 0.01230570
v 0.00247570 -0.01244620 0.01129810
v 0.00186201 -0.01255260 0.01228090
v 0.00186201 -0.01255260 0.01127320
v 0.00124384 -0.01262890 0.01225600
v 0.00124384 -0.01262890 0.01124840
v 0.00062267 -0.01267470 0.01223120
v 0.00062267 -0.01267470 0.01122350
v 0.00000000 -0.01269000 0.01220630
v 0.00000000 -0.01269000 0.01119870
v -0.00062267 -0.01267470 0.01218150
v -0.00062267 -0.01267470 0.01117380
v -0.00124384 -0.01262890 0.01215660
v -0.00124384 -0.01262890 0.01114900
v -0.00186201 -0.01255260 0.01213180
v -0.00186201 -0.01255260 0.01112410
v -0.00247570 -0.01244620 0.01210690
v -0.00247570 -0.01244620 0.01109930
v -0.00308342 -0.01230970 0.01208210
v -0.00308342 -0.01230970 0.01107450
v -0.00368371 -0.01214360 0.01205730
v -0.00368371 -0.01214360 0.01104960
v -0.00427513 -0.01194820 0.01203240
v -0.00427513 -0.01194820 0.01102480
v -0.00485625 -0.01172400 0.01200760
v -0.00485625 -0.01172400 0.01099990
v -0.00542567 -0.01147160 0.01198270
v -0.00542567 -0.01147160 0.01097510
v -0.00598203 -0.01119160 0.01195790
v -0.00598203 -0.01119160 0.01095020
v -0.00652396 -0.01088460 0.01193300
v -0.00652396 -0.01088460 0.01092540
v -0.00705019 -0.01055130 0.01190820
v -0.00705019 -0.01055130 0.01090060
v -0.00755942 -0.01019270 0.01188340
v -0.00755942 -0.01019270 0.01087570
v -0.00805045 -0.00980950 0.01185850
v -0.00805045 -0.00980950 0.01085090
v -0.00852208 -0.00940267 0.01183370
v -0.00852208 -0.00940267 0.01082600
v -0.00897318 -0.00897318 0.01180880
v -0.00897318 -0.00897318 0.01080120
v -0.00940267 -0.00852208 0.01178400
v -0.00940267 -0.00852208 0.01077630
v -0.00980950 -0.00805045 0.01175910
v -0.00980950 -0.00805045 0.01075150
v -0.01019270 -0.00755942 0.01173430
v -0.01019270 -0.00755942 0.01072660
v -0.01055130 -0.00705019 0.01170940
v -0.01055130 -0.00705019 0.01070180
v -0.01088460 -0.00652396 0.01168460
v -0.01088460 -0.00652396 0.01067700
v -0.01119160 -0.00598203 0.01165980
v -0.01119160 -0.00598203 0.01065210
v -0.01147160 -0.00542567 0.01163490
v -0.01147160 -0.00542567 0.01062730
v -0.01172400 -0.00485625 0.01161010
v -0.01172400 -0.00485625 0.01060240
v -0.01194820 -0.00427513 0.01158520
v -0.01194820 -0.00427513 0.01057760
v -0.01214360 -0.00368371 0.01156040
v -0.01214360 -0.00368371 0.01055270
v -0.01230970 -0.00308342 0.01153550
v -0.01230970 -0.00308342 0.01052790
v -0.01244620 -0.00247570 0.01151070
v -0.01244620 -0.00247570 0.01050310
v -0.01255260 -0.00186201 0.01148590
v -0.01255260 -0.00186201 0.01047820
v -0.01262890 -0.00124384 0.01146100
v -0.01262890 -0.00124384 0.01045340
v -0.01267470 -0.00062267 0.01143620
v -0.01267470 -0.00062267 0.01042850
v -0.01269000 0.00000000 0.01141130
v -0.01269000 0.00000000 0.01040370
v -0.01267470 0.00062267 0.01138650
v -0.01267470 0.00062267 0.01037880
v -0.01262890 0.00124384 0.01136160
v -0.01262890 0.00124384 0.01035400
v -0.01255260 0.00186201 0.01133680
v -0.01255260 0.00186201 0.01032910
v -0.01244620 0.00247570 0.01131190
v -0.01244620 0.00247570 0.01030430
v -0.01230970 0.00308342 0.01128710
v -0.01230970 0.00308342 0.01027950
v -0.01214360 0.00368371 0.01126230
v -0.01214360 0.00368371 0.01025460
v -0.01194820 0.00427513 0.01123740
v -0.01194820 0.00427513 0.01022980
v -0.01172400 0.00485625 0.01121260
v -0.01172400 0.00485625 0.01020490
v -0.01147160 0.00542567 0.01118770
v -0.01147160 0.00542567 0.01018010
v -0.01119160 0.00598203 0.01116290
v -0.01119160 0.00598203 0.01015520
v -0.01088460 0.00652396 0.01113800
v -0.01088460 0.00652396 0.01013040
v -0.01055130 0.00705019 0.01111320
v -0.01055130 0.00705019 0.01010560
v -0.01019270 0.00755942 0.01108840
v -0.01019270 0.00755942 0.01008070
v -0.00980950 0.00805045 0.01106350
v -0.00980950 0.00805045 0.01005590
v -0.00940267 0.00852208 0.01103870
v -0.00940267 0.00852208 0.01003100
v -0.00897318 0.00897318 0.01101380
v -0.00897318 0.00897318 0.01000620
v -0.00852208 0.00940267 0.01098900
v -0.00852208 0.00940267 0.00998133
v -0.00805045 0.00980950 0.01096410
v -0.00805045 0.00980950 0.00995649
v -0.00755942 0.01019270 0.01093930
v -0.00755942 0.01019270 0.00993165
v -0.00705019 0.01055130 0.01091440
v -0.00705019 0.01055130 0.00990680
v -0.00652396 0.01088460 0.01088960
v -0.00652396 0.01088460 0.00988196
v -0.00598203 0.01119160 0.01086480
v -0.00598203 0.01119160 0.00985711
v -0.00542567 0.01147160 0.01083990
v -0.00542567 0.01147160 0.00983227
v -0.00485625 0.01172400 0.01081510
v -0.00485625 0.01172400 0.00980743
v -0.00427513 0.01194820 0.01079020
v -0.00427513 0.01194820 0.00978258
v -0.00368371 0.01214360 0.01076540
v -0.00368371 0.01214360 0.00975774
v -0.00308342 0.01230970 0.01074050
v -0.00308342 0.01230970 0.00973290
v -0.00247570 0.01244620 0.01071570
v -0.00247570 0.01244620 0.00970805
v -0.00186201 0.01255260 0.01069090
v -0.00186201 0.01255260 0.00968321
v -0.00124384 0.01262890 0.01066600
v -0.00124384 0.01262890 0.00965836
v -0.00062267 0.01267470 0.01064120
v -0.00062267 0.01267470 0.00963352
v 0.00000000 0.01269000 0.01061630
v 0.00000000 0.01269000 0.00960868
v 0.00062267 0.01267470 0.01059150
v 0.00062267 0.01267470 0.00958383
v 0.00124384 0.01262890 0.01056660
v 0.00124384 0.01262890 0.00955899
v 0.00186201 0.01255260 0.01054180
v 0.00186201 0.01255260 0.00953415
v 0.00247570 0.01244620 0.01051690
v 0.00247570 0.01244620 0.00950930
v 0.00308342 0.01230970 0.01049210
v 0.00308342 0.01230970 0.00948446
v 0.00368371 0.01214360 0.01046730
v 0.00368371 0.01214360 0.00945961
v 0.00427513 0.01194820 0.01044240
v 0.00427513 0.01194820 0.00943477
v 0.00485625 0.01172400 0.01041760
v 0.00485625 0.01172400 0.00940993
v 0.00542567 0.01147160 0.01039270
v 0.00542567 0.01147160 0.00938508
v 0.00598203 0.01119160 0.01036790
v 0.00598203 0.01119160 0.00936024
v 0.00652396 0.01088460 0.01034300
v 0.00652396 0.01088460 0.00933540
v 0.00705019 0.01055130 0.01031820
v 0.00705019 0.01055130 0.00931055
v 0.00755942 0.01019270 0.01029340
v 0.00755942 0.01019270 0.00928571
v 0.00805045 0.00980950 0.01026850
v 0.00805045 0.00980950 0.00926086
v 0.00852208 0.00940267 0.01024370
v 0.00852208 0.00940267 0.00923602
v 0.00897318 0.00897318 0.01021880
v 0.00897318 0.00897318 0.00921118
v 0.00940267 0.00852208 0.01019400
v 0.00940267 0.00852208 0.00918633
v 0.00980950 0.00805045 0.01016910
v 0.00980950 0.00805045 0.00916149
v 0.01019270 0.00755942 0.01014430
v 0.01019270 0.00755942 0.00913665
v 0.01055130 0.00705019 0.01011940
v 0.01055130 0.00705019 0.00911180
v 0.01088460 0.00652396 0.01009460
v 0.01088460 0.00652396 0.00908696
v 0.01119160 0.00598203 0.01006980
v 0.01119160 0.00598203 0.00906211
v 0.01147160 0.00542567 0.01004490
v 0.01147160 0.00542567 0.00903727
v 0.01172400 0.00485625 0.01002010
v 0.01172400 0.00485625 0.00901243
v 0.01194820 0.00427513 0.00999523
v 0.01194820 0.00427513 0.00898758
v 0.01214360 0.00368371 0.00997039
v 0.01214360 0.00368371 0.00896274
v 0.01230970 0.00308342 0.00994554
v 0.01230970 0.00308342 0.00893790
v 0.01244620 0.00247570 0.00992070
v 0.01244620 0.00247570 0.00891305
v 0.01255260 0.00186201 0.00989586
v 0.01255260 0.00186201 0.00888821
v 0.01262890 0.00124384 0.00987101
v 0.01262890 0.00124384 0.00886336
v 0.01267470 0.00062267 0.00984617
v 0.01267470 0.00062267 0.00883852
v 0.01269000 0.00000000 0.00982132
v 0.01269000 0.00000000 0.00881368
v 0.01267470 -0.00062267 0.00979648
v 0.01267470 -0.00062267 0.00878883
v 0.01262890 -0.00124384 0.00977164
v 0.01262890 -0.00124384 0.00876399
v 0.01255260 -0.00186201 0.00974679
v 0.01255260 -0.00186201 0.00873915
v 0.01244620 -0.00247570 0.00972195
v 0.01244620 -0.00247570 0.00871430
v 0.01230970 -0.00308342 0.00969711
v 0.01230970 -0.00308342 0.00868946
v 0.01214360 -0.00368371 0.00967226
v 0.01214360 -0.00368371 0.00866461
v 0.01194820 -0.00427513 0.00964742
v 0.01194820 -0.00427513 0.00863977
v 0.01172400 -0.00485625 0.00962257
v 0.01172400 -0.00485625 0.00861493
v 0.01147160 -0.00542567 0.00959773
v 0.01147160 -0.00542567 0.00859008
v 0.01119160 -0.00598203 0.00957289
v 0.01119160 -0.00598203 0.00856524
v 0.01088460 -0.00652396 0.00954804
v 0.01088460 -0.00652396 0.00854040
v 0.01055130 -0.00705019 0.00952320
v 0.01055130 -0.00705019 0.00851555
v 0.01019270 -0.00755942 0.00949836
v 0.01019270 -0.00755942 0.00849071
v 0.00980950 -0.00805045 0.00947351
v 0.00980950 -0.00805045 0.00846586
v 0.00940267 -0.00852208 0.00944867
v 0.00940267 -0.00852208 0.00844102
v 0.00897318 -0.00897318 0.00942382
v 0.00897318 -0.00897318 0.00841618
v 0.00852208 -0.00940267 0.00939898
v 0.00852208 -0.00940267 0.00839133
v 0.00805045 -0.00980950 0.00937414
v 0.00805045 -0.00980950 0.00836649
v 0.00755942 -0.01019270 0.00934929
v 0.00755942 -0.01019270 0.00834165
v 0.00705019 -0.01055130 0.00932445
v 0.00705019 -0.01055130 0.00831680
v 0.00652396 -0.01088460 0.00929961
v 0.00652396 -0.01088460 0.00829196
v 0.00598203 -0.01119160 0.00927476
v 0.00598203 -0.01119160 0.00826711
v 0.00542567 -0.01147160 0.00924992
v 0.00542567 -0.01147160 0.00824227
v 0.00485625 -0.01172400 0.00922507
v 0.00485625 -0.01172400 0.00821743
v 0.00427513 -0.01194820 0.00920023
v 0.00427513 -0.01194820 0.00819258
v 0.00368371 -0.01214360 0.00917539
v 0.00368371 -0.01214360 0.00816774
v 0.00308342 -0.01230970 0.00915054
v 0.00308342 -0.01230970 0.00814290
v 0.00247570 -0.01244620 0.00912570
v 0.00247570 -0.01244620 0.00811805
v 0.00186201 -0.01255260 0.00910086
v 0.00186201 -0.01255260 0.00809321
v 0.00124384 -0.01262890 0.00907601
v 0.00124384 -0.01262890 0.00806836
v 0.00062267 -0.01267470 0.00905117
v 0.00062267 -0.01267470 0.00804352
v 0.00000000 -0.01269000 0.00902632
v 0.00000000 -0.01269000 0.00801868
v -0.00062267 -0.01267470 0.00900148
v -0.00062267 -0.01267470 0.00799383
v -0.00124384 -0.01262890 0.00897664
v -0.00124384 -0.01262890 0.00796899
v -0.00186201 -0.01255260 0.00895179
v -0.00186201 -0.01255260 0.00794415
v -0.00247570 -0.01244620 0.00892695
v -0.00247570 -0.01244620 0.00791930
v -0.00308342 -0.01230970 0.00890211
v -0.00308342 -0.01230970 0.00789446
v -0.00368371 -0.01214360 0.00887726
v -0.00368371 -0.01214360 0.00786961
v -0.00427513 -0.01194820 0.00885242
v -0.00427513 -0.01194820 0.00784477
v -0.00485625 -0.01172400 0.00882757
v -0.00485625 -0.01172400 0.00781993
v -0.00542567 -0.01147160 0.00880273
v -0.00542567 -0.01147160 0.00779508
v -0.00598203 -0.01119160 0.00877789
v -0.00598203 -0.01119160 0.00777024
v -0.00652396 -0.01088460 0.00875304
v -0.00652396 -0.01088460 0.00774540
v -0.00705019 -0.01055130 0.00872820
v -0.00705019 -0.01055130 0.00772055
v -0.00755942 -0.01019270 0.00870336
v -0.00755942 -0.01019270 0.00769571
v -0.00805045 -0.00980950 0.00867851
v -0.00805045 -0.00980950 0.00767086
v -0.00852208 -0.00940267 0.00865367
v -0.00852208 -0.00940267 0.00764602
v -0.00897318 -0.00897318 0.00862882
v -0.00897318 -0.00897318 0.00762118
v -0.00940267 -0.00852208 0.00860398
v -0.00940267 -0.00852208 0.00759633
v -0.00980950 -0.00805045 0.00857914
v -0.00980950 -0.00805045 0.00757149
v -0.01019270 -0.00755942 0.00855429
v -0.01019270 -0.00755942 0.00754665
v -0.01055130 -0.00705019 0.00852945
v -0.01055130 -0.00705019 0.00752180
v -0.01088460 -0.00652396 0.00850461
v -0.01088460 -0.00652396 0.00749696
v -0.01119160 -0.00598203 0.00847976
v -0.01119160 -0.00598203 0.00747211
v -0.01147160 -0.00542567 0.00845492
v -0.01147160 -0.00542567 0.00744727
v -0.01172400 -0.00485625 0.00843007
v -0.01172400 -0.00485625 0.00742243
v -0.01194820 -0.00427513 0.00840523
v -0.01194820 -0.00427513 0.00739758
v -0.01214360 -0.00368371 0.00838039
v -0.01214360 -0.00368371 0.00737274
v -0.01230970 -0.00308342 0.00835554
v -0.01230970 -0.00308342 0.00734790
v -0.01244620 -0.00247570 0.00833070
v -0.01244620 -0.00247570 0.00732305
v -0.01255260 -0.00186201 0.00830586
v -0.01255260 -0.00186201 0.00729821
v -0.01262890 -0.00124384 0.00828101
v -0.01262890 -0.00124384 0.00727336
v -0.01267470 -0.00062267 0.00825617
v -0.01267470 -0.00062267 0.00724852
v -0.01269000 0.00000000 0.00823132
v -0.01269000 0.00000000 0.00722368
v -0.01267470 0.00062267 0.00820648
v -0.01267470 0.00062267 0.00719883
v -0.01262890 0.00124384 0.00818164
v -0.01262890 0.00124384 0.00717399
v -0.01255260 0.00186201 0.00815679
v -0.01255260 0.00186201 0.00714915
v -0.01244620 0.00247570 0.00813195
v -0.01244620 0.00247570 0.00712430
v -0.01230970 0.00308342 0.00810711
v -0.01230970 0.00308342 0.00709946
v -0.01214360 0.00368371 0.00808226
v -0.01214360 0.00368371 0.00707461
v -0.01194820 0.00427513 0.00805742
v -0.01194820 0.00427513 0.00704977
v -0.01172400 0.00485625 0.00803257
v -0.01172400 0.00485625 0.00702493
v -0.01147160 0.00542567 0.00800773
v -0.01147160 0.00542567 0.00700008
v -0.01119160 0.00598203 0.00798289
v -0.01119160 0.00598203 0.00697524
v -0.01088460 0.00652396 0.00795804
v -0.01088460 0.00652396 0.00695040
v -0.01055130 0.00705019 0.00793320
v -0.01055130 0.00705019 0.00692555
v -0.01019270 0.00755942 0.00790836
v -0.01019270 0.00755942 0.00690071
v -0.00980950 0.00805045 0.00788351
v -0.00980950 0.00805045 0.00687586
v -0.00940267 0.00852208 0.00785867
v -0.00940267 0.00852208 0.00685102
v -0.00897318 0.00897318 0.00783382
v -0.00897318 0.00897318 0.00682618
v -0.00852208 0.00940267 0.00780898
v -0.00852208 0.00940267 0.00680133
v -0.00805045 0.00980950 0.00778414
v -0.00805045 0.00980950 0.00677649
v -0.00755942 0.01019270 0.00775929
v -0.00755942 0.01019270 0.00675165
v -0.00705019 0.01055130 0.00773445
v -0.00705019 0.01055130 0.00672680
v -0.00652396 0.01088460 0.00770961
v -0.00652396 0.01088460 0.00670196
v -0.00598203 0.01119160 0.00768476
v -0.00598203 0.01119160 0.00667711
v -0.00542567 0.01147160 0.00765992
v -0.00542567 0.01147160 0.00665227
v -0.00485625 0.01172400 0.00763507
v -0.00485625 0.01172400 0.00662743
v -0.00427513 0.01194820 0.00761023
v -0.00427513 0.01194820 0.00660258
v -0.00368371 0.01214360 0.00758539
v -0.00368371 0.01214360 0.00657774
v -0.00308342 0.01230970 0.00756054
v -0.00308342 0.01230970 0.00655290
v -0.00247570 0.01244620 0.00753570
v -0.00247570 0.01244620 0.00652805
v -0.00186201 0.01255260 0.00751086
v -0.00186201 0.01255260 0.00650321
v -0.00124384 0.01262890 0.00748601
v -0.00124384 0.01262890 0.00647836
v -0.00062267 0.01267470 0.00746117
v -0.00062267 0.01267470 0.00645352
v 0.00000000 0.01269000 0.00743632
v 0.00000000 0.01269000 0.00642868
v 0.00062267 0.01267470 0.00741148
v 0.00062267 0.01267470 0.00640383
v 0.00124384 0.01262890 0.00738664
v 0.00124384 0.01262890 0.00637899
v 0.00186201 0.01255260 0.00736179
v 0.00186201 0.01255260 0.00635415
v 0.00247570 0.01244620 0.00733695
v 0.00247570 0.01244620 0.00632930
v 0.00308342 0.01230970 0.00731211
v 0.00308342 0.01230970 0.00630446
v 0.00368371 0.01214360 0.00728726
v 0.00368371 0.01214360 0.00627961
v 0.00427513 0.01194820 0.00726242
v 0.00427513 0.01194820 0.00625477
v 0.00485625 0.01172400 0.00723757
v 0.00485625 0.01172400 0.00622993
v 0.00542567 0.01147160 0.00721273
v 0.00542567 0.01147160 0.00620508
v 0.00598203 0.01119160 0.00718789
v 0.00598203 0.01119160 0.00618024
v 0.00652396 0.01088460 0.00716304
v 0.00652396 0.01088460 0.00615540
v 0.00705019 0.01055130 0.00713820
v 0.00705019 0.01055130 0.00613055
v 0.00755942 0.01019270 0.00711336
v 0.00755942 0.01019270 0.00610571
v 0.00805045 0.00980950 0.00708851
v 0.00805045 0.00980950 0.00608086
v 0.00852208 0.00940267 0.00706367
v 0.00852208 0.00940267 0.00605602
v 0.00897318 0.00897318 0.00703882
v 0.00897318 0.00897318 0.00603118
v 0.00940267 0.00852208 0.00701398
v 0.00940267 0.00852208 0.00600633
v 0.00980950 0.00805045 0.00698914
v 0.00980950 0.00805045 0.00598149
v 0.01019270 0.00755942 0.00696429
v 0.01019270 0.00755942 0.00595665
v 0.01055130 0.00705019 0.00693945
v 0.01055130 0.00705019 0.00593180
v 0.01088460 0.00652396 0.00691461
v 0.01088460 0.00652396 0.00590696
v 0.01119160 0.00598203 0.00688976
v 0.01119160 0.00598203 0.00588211
v 0.01147160 0.00542567 0.00686492
v 0.01147160 0.00542567 0.00585727
v 0.01172400 0.00485625 0.00684007
v 0.01172400 0.00485625 0.00583243
v 0.01194820 0.00427513 0.00681523
v 0.01194820 0.00427513 0.00580758
v 0.01214360 0.00368371 0.00679039
v 0.01214360 0.00368371 0.00578274
v 0.01230970 0.00308342 0.00676554
v 0.01230970 0.00308342 0.00575790
v 0.01244620 0.00247570 0.00674070
v 0.01244620 0.00247570 0.00573305
v 0.01255260 0.00186201 0.00671586
v 0.01255260 0.00186201 0.00570821
v 0.01262890 0.00124384 0.00669101
v 0.01262890 0.00124384 0.00568336
v 0.01267470 0.00062267 0.00666617
v 0.01267470 0.00062267 0.00565852
v 0.01269000 0.00000000 0.00664132
v 0.01269000 0.00000000 0.00563368
v 0.01267470 -0.00062267 0.00661648
v 0.01267470 -0.00062267 0.00560883
v 0.01262890 -0.00124384 0.00659164
v 0.01262890 -0.00124384 0.00558399
v 0.01255260 -0.00186201 0.00656679
v 0.01255260 -0.00186201 0.00555914
v 0.01244620 -0.00247570 0.00654195
v 0.01244620 -0.00247570 0.00553430
v 0.01230970 -0.00308342 0.00651711
v 0.01230970 -0.00308342 0.00550946
v 0.01214360 -0.00368371 0.00649226
v 0.01214360 -0.00368371 0.00548461
v 0.01194820 -0.00427513 0.00646742
v 0.01194820 -0.00427513 0.00545977
v 0.01172400 -0.00485625 0.00644257
v 0.01172400 -0.00485625 0.00543493
v 0.01147160 -0.00542567 0.00641773
v 0.01147160 -0.00542567 0.00541008
v 0.01119160 -0.00598203 0.00639289
v 0.01119160 -0.00598203 0.00538524
v 0.01088460 -0.00652396 0.00636804
v 0.01088460 -0.00652396 0.00536040
v 0.01055130 -0.00705019 0.00634320
v 0.01055130 -0.00705019 0.00533555
v 0.01019270 -0.00755942 0.00631836
v 0.01019270 -0.00755942 0.00531071
v 0.00980950 -0.00805045 0.00629351
v 0.00980950 -0.00805045 0.00528586
v 0.00940267 -0.00852208 0.00626867
v 0.00940267 -0.00852208 0.00526102
v 0.00897318 -0.00897318 0.00624382
v 0.00897318 -0.00897318 0.00523618
v 0.00852208 -0.00940267 0.00621898
v 0.00852208 -0.00940267 0.00521133
v 0.00805045 -0.00980950 0.00619414
v 0.00805045 -0.00980950 0.00518649
v 0.00755942 -0.01019270 0.00616929
v 0.00755942 -0.01019270 0.00516165
v 0.00705019 -0.01055130 0.00614445
v 0.00705019 -0.01055130 0.00513680
v 0.00652396 -0.01088460 0.00611961
v 0.00652396 -0.01088460 0.00511196
v 0.00598203 -0.01119160 0.00609476
v 0.00598203 -0.01119160 0.00508711
v 0.00542567 -0.01147160 0.00606992
v 0.00542567 -0.01147160 0.00506227
v 0.00485625 -0.01172400 0.00604507
v 0.00485625 -0.01172400 0.00503743
v 0.00427513 -0.01194820 0.00602023
v 0.00427513 -0.01194820 0.00501258
v 0.00368371 -0.01214360 0.00599539
v 0.00368371 -0.01214360 0.00498774
v 0.00308342 -0.01230970 0.00597054
v 0.00308342 -0.01230970 0.00496290
v 0.00247570 -0.01244620 0.00594570
v 0.00247570 -0.01244620 0.00493805
v 0.00186201 -0.01255260 0.00592086
v 0.00186201 -0.01255260 0.00491321
v 0.00124384 -0.01262890 0.00589601
v 0.00124384 -0.01262890 0.00488836
v 0.00062267 -0.01267470 0.00587117
v 0.00062267 -0.01267470 0.00486352
v 0.00000000 -0.01269000 0.00584632
v 0.00000000 -0.01269000 0.00483868
v -0.00062267 -0.01267470 0.00582148
v -0.00062267 -0.01267470 0.00481383
v -0.00124384 -0.01262890 0.00579664
v -0.00124384 -0.01262890 0.00478899
v -0.00186201 -0.01255260 0.00577179
v -0.00186201 -0.01255260 0.00476415
v -0.00247570 -0.01244620 0.00574695
v -0.00247570 -0.01244620 0.00473930
v -0.00308342 -0.01230970 0.00572211
v -0.00308342 -0.01230970 0.00471446
v -0.00368371 -0.01214360 0.00569726
v -0.00368371 -0.01214360 0.00468961
v -0.00427513 -0.01194820 0.00567242
v -0.00427513 -0.01194820 0.00466477
v -0.00485625 -0.01172400 0.00564757
v -0.00485625 -0.01172400 0.00463993
v -0.00542567 -0.01147160 0.00562273
v -0.00542567 -0.01147160 0.00461508
v -0.00598203 -0.01119160 0.00559789
v -0.00598203 -0.01119160 0.00459024
v -0.00652396 -0.01088460 0.00557304
v -0.00652396 -0.01088460 0.00456540
v -0.00705019 -0.01055130 0.00554820
v -0.00705019 -0.01055130 0.00454055
v -0.00755942 -0.01019270 0.00552336
v -0.00755942 -0.01019270 0.00451571
v -0.00777128 -0.01002740 0.00551264
v -0.00777128 -0.01002740 0.00450499
v -0.00783611 -0.01001450 0.00550326
v -0.00783611 -0.01001450 0.00450965
v -0.00790152 -0.01000180 0.00549376
v -0.00790152 -0.01000180 0.00451445
v -0.00796753 -0.00998952 0.00548411
v -0.00796753 -0.00998952 0.00451939
v -0.00803417 -0.00997751 0.00547430
v -0.00803417 -0.00997751 0.00452449
v -0.00810148 -0.00996585 0.00546434
v -0.00810148 -0.00996585 0.00452975
v -0.00816949 -0.00995455 0.00545420
v -0.00816949 -0.00995455 0.00453518
v -0.00824012 -0.00994071 0.00544329
v -0.00824012 -0.00994071 0.00454111
v -0.00831163 -0.00992738 0.00543217
v -0.00831163 -0.00992738 0.00454727
v -0.00838406 -0.00991461 0.00542080
v -0.00838406 -0.00991461 0.00455367
v -0.00845748 -0.00990244 0.00540917
v -0.00845748 -0.00990244 0.00456034
v -0.00853200 -0.00989095 0.00539724
v -0.00853200 -0.00989095 0.00456729
v -0.00860768 -0.00988022 0.00538500
v -0.00860768 -0.00988022 0.00457456
v -0.00868466 -0.00987034 0.00537241
v -0.00868466 -0.00987034 0.00458219
v -0.00876307 -0.00986141 0.00535941
v -0.00876307 -0.00986141 0.00459021
v -0.00884306 -0.00985358 0.00534598
v -0.00884306 -0.00985358 0.00459868
v -0.00892482 -0.00984703 0.00533204
v -0.00892482 -0.00984703 0.00460765
v -0.00900655 -0.00983970 0.00531751
v -0.00900655 -0.00983970 0.00461721
v -0.00909060 -0.00983416 0.00530230
v -0.00909060 -0.00983416 0.00462745
v -0.00917738 -0.00983078 0.00528627
v -0.00917738 -0.00983078 0.00463852
v -0.00926746 -0.00983009 0.00526924
v -0.00926746 -0.00983009 0.00465057
v -0.00936162 -0.00983282 0.00525096
v -0.00936162 -0.00983282 0.00466389
v -0.00946110 -0.00984013 0.00523102
v -0.00946110 -0.00984013 0.00467886
v -0.00956793 -0.00985396 0.00520876
v -0.00956793 -0.00985396 0.00469614
v -0.00968598 -0.00987805 0.00518292
v -0.00968598 -0.00987805 0.00471702
v -0.00982498 -0.00992191 0.00515027
v -0.00982498 -0.00992191 0.00474470
f 1 2 3
f 2 1 4
f 5 1 3
f 1 5 6
f 7 5 8
f 5 7 6
f 9 7 8
f 7 9 10
f 11 9 12
f 9 11 10
f 13 11 12
f 11 13 14
f 15 13 16
f 13 15 14
f 17 16 18
f 16 17 15
f 19 18 20
f 18 19 17
f 21 20 22
f 20 21 19
f 23 22 24
f 22 23 21
f 25 24 26
f 24 25 23
f 25 27 28
f 27 25 26
f 29 27 30
f 27 29 28
f 29 31 32
f 31 29 30
f 33 31 34
f 31 33 32
f 33 35 36
f 35 33 34
f 37 35 38
f 35 37 36
f 37 39 40
f 39 37 38
f 41 39 42
f 39 41 40
f 41 43 44
f 43 41 42
f 45 43 46
f 43 45 44
f 45 47 48
f 47 45 46
f 49 47 50
f 47 49 48
f 49 51 52
f 51 49 50
f 52 53 54
f 53 52 51
f 54 55 56
f 55 54 53
f 56 57 58
f 57 56 55
f 58 59 60
f 59 58 57
f 60 61 62
f 61 60 59
f 63 61 64
f 61 63 62
f 63 65 66
f 65 63 64
f 67 65 68
f 65 67 66
f 67 69 70
f 69 67 68
f 71 69 72
f 69 71 70
f 71 73 74
f 73 71 72
f 75 73 76
f 73 75 74
f 75 77 78
f 77 75 76
f 79 77 80
f 77 79 78
f 79 81 82
f 81 79 80
f 83 81 84
f 81 83 82
f 85 84 86
f 84 85 83
f 87 86 88
f 86 87 85
f 89 88 90
f 88 89 87
f 91 90 92
f 90 91 89
f 93 92 94
f 92 93 91
f 95 93 94
f 93 95 96
f 97 95 98
f 95 97 96
f 99 97 98
f 97 99 100
f 101 99 102
f 99 101 100
f 103 101 102
f 101 103 104
f 105 103 106
f 103 105 104
f 107 105 106
f 105 107 108
f 109 107 110
f 107 109 108
f 111 109 110
f 109 111 112
f 113 111 114
f 111 113 112
f 115 113 114
f 113 115 116
f 117 115 118
f 115 117 116
f 119 117 118
f 117 119 120
f 121 120 119
f 120 121 122
f 123 122 121
f 122 123 124
f 125 124 123
f 124 125 126
f 127 126 125
f 126 127 128
f 129 128 127
f 128 129 130
f 131 129 132
f 129 131 130
f 133 131 132
f 131 133 134
f 135 133 136
f 133 135 134
f 137 135 136
f 135 137 138
f 139 137 140
f 137 139 138
f 2 139 140
f 139 2 4
f 115 111 136
f 111 115 114
f 119 115 132
f 115 119 118
f 123 119 127
f 119 123 121
f 125 123 127
f 127 132 129
f 132 127 119
f 132 136 133
f 136 132 115
f 140 136 111
f 107 111 110
f 136 140 137
f 111 107 140
f 3 140 107
f 103 107 106
f 140 3 2
f 107 103 3
f 8 3 103
f 99 103 102
f 3 8 5
f 103 99 8
f 12 8 99
f 95 99 98
f 8 12 9
f 99 95 12
f 16 12 95
f 92 95 94
f 12 16 13
f 95 92 16
f 20 16 92
f 88 92 90
f 16 20 18
f 92 88 20
f 24 20 88
f 84 88 86
f 20 24 22
f 88 84 24
f 27 24 84
f 80 84 81
f 24 27 26
f 84 80 27
f 31 27 80
f 76 80 77
f 27 31 30
f 80 76 31
f 35 31 76
f 31 35 34
f 72 76 73
f 76 72 35
f 39 35 72
f 35 39 38
f 68 72 69
f 72 68 39
f 43 39 68
f 39 43 42
f 59 55 51
f 55 59 57
f 64 59 47
f 59 64 61
f 68 64 43
f 64 68 65
f 47 43 64
f 43 47 46
f 51 47 59
f 47 51 50
f 51 55 53
f 141 131 135
f 135 131 134
f 128 131 120
f 131 128 130
f 126 128 124
f 124 120 122
f 120 124 128
f 120 116 117
f 116 120 131
f 142 131 143
f 144 116 142
f 145 116 144
f 146 116 145
f 147 116 146
f 148 116 147
f 149 116 148
f 150 116 149
f 151 116 150
f 152 116 151
f 153 116 152
f 112 116 153
f 116 112 113
f 154 112 153
f 155 112 154
f 156 112 155
f 108 112 156
f 112 108 109
f 157 108 156
f 158 108 157
f 159 108 158
f 160 108 159
f 104 108 160
f 108 104 105
f 161 104 160
f 162 104 161
f 163 104 162
f 164 104 163
f 104 100 101
f 104 164 100
f 165 100 164
f 166 100 165
f 167 100 166
f 96 100 167
f 96 167 168
f 100 96 97
f 169 96 168
f 170 96 169
f 171 96 170
f 91 96 171
f 91 171 172
f 96 91 93
f 173 91 172
f 174 91 173
f 175 91 174
f 87 91 175
f 87 175 176
f 91 87 89
f 177 87 176
f 178 87 177
f 83 87 178
f 83 178 179
f 83 179 180
f 87 83 85
f 181 83 180
f 182 83 181
f 79 182 183
f 182 79 83
f 79 183 184
f 79 184 185
f 83 79 82
f 186 79 185
f 75 186 187
f 75 187 188
f 186 75 79
f 75 188 189
f 79 75 78
f 71 189 190
f 71 190 191
f 71 191 192
f 71 192 193
f 189 71 75
f 67 193 194
f 75 71 74
f 67 194 195
f 67 195 196
f 67 196 197
f 63 197 198
f 63 198 199
f 193 67 71
f 63 199 200
f 71 67 70
f 60 200 201
f 60 201 202
f 60 202 203
f 60 203 204
f 60 204 205
f 206 52 207
f 207 52 208
f 60 205 209
f 197 63 67
f 67 63 66
f 52 54 56
f 208 56 209
f 52 48 49
f 56 208 52
f 48 44 45
f 131 142 116
f 131 210 143
f 139 135 138
f 131 211 210
f 131 212 211
f 131 213 212
f 131 214 213
f 131 215 214
f 131 216 215
f 131 141 216
f 135 139 217
f 135 218 141
f 1 139 4
f 135 219 218
f 135 217 219
f 139 220 217
f 139 221 220
f 139 222 221
f 139 1 223
f 139 223 222
f 7 1 6
f 1 224 223
f 1 225 224
f 1 226 225
f 1 7 227
f 1 227 226
f 7 228 227
f 11 7 10
f 7 229 228
f 7 230 229
f 7 11 230
f 230 11 231
f 11 232 231
f 15 11 14
f 11 233 232
f 11 234 233
f 11 15 234
f 234 15 235
f 15 236 235
f 15 237 236
f 19 15 17
f 15 238 237
f 15 19 238
f 238 19 239
f 19 240 239
f 19 241 240
f 23 19 21
f 19 23 241
f 241 23 242
f 242 23 243
f 23 244 243
f 23 245 244
f 28 245 23
f 28 23 25
f 245 28 246
f 246 28 247
f 247 28 248
f 28 249 248
f 32 249 28
f 249 32 250
f 32 28 29
f 250 32 251
f 251 32 252
f 36 252 32
f 252 36 253
f 253 36 254
f 254 36 255
f 36 32 33
f 255 36 256
f 40 256 36
f 256 40 257
f 257 40 258
f 258 40 259
f 259 40 260
f 40 36 37
f 44 260 40
f 260 44 261
f 261 44 262
f 262 44 263
f 48 263 44
f 263 48 264
f 264 48 265
f 265 48 266
f 267 52 206
f 268 52 267
f 52 268 48
f 266 48 268
f 44 40 41
f 200 60 63
f 63 60 62
f 209 56 60
f 60 56 58
f 269 270 271
f 270 269 272
f 240 273 274
f 273 240 241
f 275 276 277
f 276 275 278
f 279 280 281
f 280 279 282
f 283 284 285
f 284 283 286
f 262 287 288
f 287 262 263
f 289 290 291
f 290 289 292
f 293 294 295
f 294 293 296
f 200 297 298
f 297 200 199
f 299 300 301
f 300 299 302
f 303 304 305
f 304 303 306
f 307 306 303
f 306 307 308
f 309 222 223
f 222 309 310
f 311 312 313
f 312 311 314
f 315 316 317
f 316 315 318
f 229 319 320
f 319 229 230
f 321 322 323
f 322 321 324
f 325 326 327
f 326 325 328
f 329 330 331
f 330 329 332
f 232 333 334
f 333 232 233
f 335 336 337
f 336 335 338
f 339 340 341
f 340 339 342
f 343 344 345
f 344 343 346
f 246 347 348
f 347 246 247
f 349 350 351
f 350 349 352
f 353 354 355
f 354 353 356
f 357 358 359
f 358 357 360
f 208 361 362
f 361 208 209
f 363 364 365
f 364 363 366
f 367 368 369
f 368 367 370
f 258 371 372
f 371 258 259
f 373 374 375
f 374 373 376
f 377 378 379
f 378 377 380
f 381 216 141
f 216 381 382
f 383 384 385
f 384 383 386
f 387 388 389
f 388 387 390
f 175 391 392
f 391 175 174
f 393 394 395
f 394 393 396
f 397 398 399
f 397 400 398
f 401 400 397
f 400 401 402
f 403 401 397
f 401 403 404
f 405 403 397
f 403 405 406
f 397 407 405
f 397 408 407
f 409 408 397
f 408 409 410
f 399 398 411
f 225 412 413
f 412 225 226
f 414 415 416
f 417 418 415
f 419 420 421
f 420 422 423
f 422 424 425
f 417 426 427
f 417 415 414
f 418 417 419
f 417 420 419
f 417 422 420
f 417 424 422
f 417 427 424
f 426 417 428
f 426 428 429
f 430 431 432
f 431 430 433
f 434 435 436
f 435 434 437
f 227 438 439
f 438 227 228
f 440 441 442
f 441 440 443
f 444 445 446
f 445 444 447
f 448 449 450
f 449 448 451
f 235 452 453
f 452 235 236
f 454 455 456
f 455 454 457
f 458 459 460
f 459 458 461
f 462 463 464
f 463 462 465
f 243 466 467
f 466 243 244
f 468 469 470
f 469 468 471
f 472 473 474
f 473 472 475
f 476 477 478
f 477 476 479
f 250 480 481
f 480 250 251
f 482 483 484
f 483 482 485
f 486 487 488
f 487 486 489
f 490 491 492
f 491 490 493
f 196 494 495
f 494 196 195
f 496 497 498
f 497 496 499
f 500 501 502
f 501 500 503
f 204 504 505
f 504 204 203
f 506 507 508
f 507 506 509
f 510 511 512
f 511 510 513
f 266 514 515
f 514 266 268
f 516 517 518
f 517 516 519
f 520 521 522
f 521 520 523
f 264 524 525
f 524 264 265
f 526 527 528
f 527 526 529
f 530 531 532
f 531 530 533
f 534 143 210
f 143 534 535
f 536 537 538
f 537 536 539
f 540 541 542
f 541 540 543
f 161 544 545
f 544 161 160
f 546 547 548
f 547 546 549
f 550 551 552
f 551 550 553
f 172 554 555
f 554 172 171
f 556 557 558
f 557 556 559
f 560 561 562
f 561 560 563
f 190 564 565
f 564 190 189
f 566 567 568
f 567 566 569
f 533 570 571
f 530 570 533
f 530 572 570
f 573 572 530
f 573 574 572
f 575 574 573
f 575 576 574
f 577 576 575
f 577 578 576
f 579 578 577
f 579 580 578
f 581 580 579
f 581 582 580
f 380 582 581
f 380 583 582
f 377 583 380
f 377 584 583
f 585 584 377
f 585 586 584
f 587 586 585
f 587 588 586
f 589 588 587
f 589 590 588
f 591 590 589
f 591 592 590
f 593 592 591
f 593 594 592
f 306 594 593
f 306 595 594
f 308 595 306
f 308 596 595
f 597 596 308
f 597 541 596
f 397 541 597
f 397 542 541
f 399 542 397
f 399 598 542
f 436 598 399
f 436 599 598
f 435 599 436
f 435 600 599
f 317 600 435
f 317 601 600
f 316 601 317
f 316 602 601
f 603 602 316
f 603 604 602
f 331 604 603
f 331 605 604
f 330 605 331
f 330 606 605
f 607 606 330
f 607 608 606
f 450 608 607
f 450 551 608
f 449 551 450
f 449 552 551
f 609 552 449
f 609 610 552
f 611 610 609
f 611 388 610
f 612 388 611
f 612 389 388
f 271 389 612
f 271 613 389
f 270 613 271
f 270 614 613
f 615 614 270
f 615 616 614
f 464 616 615
f 464 617 616
f 463 617 464
f 463 618 617
f 619 618 463
f 619 620 618
f 345 620 619
f 345 621 620
f 344 621 345
f 344 622 621
f 623 622 344
f 623 624 622
f 625 624 623
f 625 626 624
f 478 626 625
f 478 627 626
f 477 627 478
f 477 628 627
f 629 628 477
f 629 630 628
f 631 630 629
f 631 561 630
f 632 561 631
f 632 562 561
f 633 562 632
f 633 634 562
f 635 634 633
f 635 636 634
f 637 636 635
f 637 638 636
f 369 638 637
f 369 639 638
f 368 639 369
f 368 491 639
f 640 491 368
f 640 492 491
f 641 492 640
f 641 642 492
f 285 642 641
f 285 643 642
f 284 643 285
f 284 294 643
f 522 294 284
f 522 295 294
f 521 295 522
f 521 644 295
f 512 644 521
f 512 645 644
f 511 645 512
f 511 501 645
f 646 501 511
f 646 502 501
f 647 502 646
f 647 648 502
f 649 648 647
f 649 358 648
f 358 649 359
f 650 616 617
f 616 650 651
f 179 652 653
f 652 179 178
f 654 655 656
f 655 654 657
f 411 436 399
f 436 411 434
f 226 439 412
f 439 226 227
f 428 442 429
f 442 428 440
f 433 446 431
f 446 433 444
f 658 331 603
f 331 658 329
f 231 334 659
f 334 231 232
f 660 337 661
f 337 660 335
f 662 341 663
f 341 662 339
f 318 603 316
f 603 318 658
f 230 659 319
f 659 230 231
f 324 661 322
f 661 324 660
f 328 663 326
f 663 328 662
f 437 317 435
f 317 437 315
f 228 320 438
f 320 228 229
f 443 323 441
f 323 443 321
f 447 327 445
f 327 447 325
f 332 607 330
f 607 332 664
f 233 665 333
f 665 233 234
f 338 666 336
f 666 338 667
f 342 668 340
f 668 342 669
f 664 450 607
f 450 664 448
f 234 453 665
f 453 234 235
f 667 456 666
f 456 667 454
f 669 460 668
f 460 669 458
f 670 611 609
f 611 670 671
f 237 672 673
f 672 237 238
f 674 675 676
f 675 674 677
f 678 679 680
f 679 678 681
f 671 612 611
f 612 671 682
f 238 683 672
f 683 238 239
f 677 684 675
f 684 677 685
f 681 686 679
f 686 681 687
f 451 609 449
f 609 451 670
f 236 673 452
f 673 236 237
f 457 676 455
f 676 457 674
f 461 680 459
f 680 461 678
f 682 271 612
f 271 682 269
f 239 274 683
f 274 239 240
f 685 277 684
f 277 685 275
f 687 281 686
f 281 687 279
f 272 615 270
f 615 272 688
f 241 689 273
f 689 241 242
f 278 690 276
f 690 278 691
f 282 692 280
f 692 282 693
f 694 633 632
f 633 694 695
f 696 697 698
f 699 696 700
f 701 699 702
f 703 701 704
f 705 703 706
f 707 705 708
f 709 707 710
f 711 709 712
f 255 713 254
f 713 255 711
f 711 255 709
f 709 255 707
f 707 255 705
f 705 255 703
f 703 255 701
f 701 255 699
f 699 255 696
f 696 255 697
f 697 255 714
f 714 255 715
f 716 717 718
f 719 717 716
f 720 719 721
f 719 720 717
f 722 720 723
f 720 722 717
f 724 722 725
f 722 724 717
f 726 724 727
f 724 726 717
f 728 726 729
f 726 728 717
f 730 728 731
f 728 730 717
f 732 730 733
f 730 732 717
f 734 732 735
f 732 734 717
f 736 717 734
f 717 736 737
f 738 739 740
f 739 738 741
f 688 464 615
f 464 688 462
f 242 467 689
f 467 242 243
f 691 470 690
f 470 691 468
f 693 474 692
f 474 693 472
f 742 345 619
f 345 742 343
f 245 348 743
f 348 245 246
f 744 351 745
f 351 744 349
f 746 355 747
f 355 746 353
f 465 619 463
f 619 465 742
f 244 743 466
f 743 244 245
f 471 745 469
f 745 471 744
f 475 747 473
f 747 475 746
f 748 625 623
f 625 748 749
f 248 750 751
f 750 248 249
f 752 753 754
f 753 752 755
f 756 757 758
f 757 756 759
f 346 623 344
f 623 346 748
f 247 751 347
f 751 247 248
f 352 754 350
f 754 352 752
f 356 758 354
f 758 356 756
f 760 631 629
f 631 760 761
f 762 252 763
f 764 765 766
f 767 764 768
f 769 767 770
f 771 769 772
f 773 771 774
f 253 763 252
f 763 253 773
f 773 253 771
f 771 253 769
f 769 253 767
f 767 253 764
f 764 253 765
f 775 776 777
f 776 775 778
f 779 780 781
f 780 779 782
f 783 782 779
f 784 782 783
f 785 784 786
f 784 785 782
f 787 785 788
f 785 787 782
f 789 787 790
f 787 789 782
f 791 782 789
f 792 782 791
f 793 792 794
f 792 793 782
f 749 478 625
f 478 749 476
f 249 481 750
f 481 249 250
f 755 484 753
f 484 755 482
f 759 488 757
f 488 759 486
f 795 634 636
f 634 795 796
f 192 797 798
f 797 192 191
f 799 800 801
f 800 799 802
f 803 642 643
f 642 803 804
f 198 805 806
f 805 198 197
f 807 808 809
f 808 807 810
f 296 643 294
f 643 296 803
f 199 806 297
f 806 199 198
f 302 809 300
f 809 302 807
f 493 639 491
f 639 493 811
f 195 812 494
f 812 195 194
f 499 813 497
f 813 499 814
f 811 638 639
f 638 811 815
f 194 816 812
f 816 194 193
f 814 817 813
f 817 814 818
f 804 492 642
f 492 804 490
f 197 495 805
f 495 197 196
f 810 498 808
f 498 810 496
f 819 644 645
f 644 819 820
f 202 821 822
f 821 202 201
f 823 824 825
f 824 823 826
f 503 645 501
f 645 503 819
f 203 822 504
f 822 203 202
f 509 825 507
f 825 509 823
f 820 295 644
f 295 820 293
f 201 298 821
f 298 201 200
f 826 301 824
f 301 826 299
f 360 648 358
f 648 360 827
f 209 828 361
f 828 209 205
f 366 829 364
f 829 366 830
f 827 502 648
f 502 827 500
f 205 505 828
f 505 205 204
f 830 508 829
f 508 830 506
f 831 641 640
f 641 831 832
f 260 833 834
f 833 260 261
f 835 836 837
f 836 835 838
f 832 285 641
f 285 832 283
f 261 288 833
f 288 261 262
f 838 291 836
f 291 838 289
f 695 635 633
f 635 695 839
f 737 840 717
f 715 840 737
f 840 715 256
f 256 715 255
f 741 841 739
f 841 741 842
f 839 637 635
f 637 839 843
f 256 844 840
f 844 256 257
f 842 845 841
f 845 842 846
f 286 522 284
f 522 286 520
f 263 525 287
f 525 263 264
f 292 528 290
f 528 292 526
f 847 647 646
f 647 847 848
f 267 849 850
f 849 267 206
f 851 852 853
f 852 851 854
f 848 649 647
f 649 848 855
f 206 856 849
f 856 206 207
f 854 857 852
f 857 854 858
f 513 646 511
f 646 513 847
f 268 850 514
f 850 268 267
f 519 853 517
f 853 519 851
f 855 359 649
f 359 855 357
f 207 362 856
f 362 207 208
f 858 365 857
f 365 858 363
f 308 859 597
f 308 860 859
f 861 860 308
f 860 861 862
f 863 861 308
f 861 863 864
f 865 863 308
f 863 865 866
f 867 865 308
f 865 867 868
f 869 867 308
f 867 869 870
f 871 869 308
f 869 871 872
f 873 871 308
f 871 873 874
f 875 873 308
f 308 876 875
f 876 308 307
f 223 877 309
f 877 223 224
f 878 879 880
f 879 881 882
f 881 883 884
f 883 885 886
f 885 887 888
f 887 889 890
f 889 891 892
f 305 893 303
f 305 894 893
f 305 878 894
f 305 879 878
f 305 881 879
f 305 883 881
f 305 885 883
f 305 887 885
f 305 889 887
f 305 891 889
f 305 895 891
f 895 305 896
f 313 897 311
f 897 313 898
f 593 899 900
f 899 593 591
f 901 220 221
f 220 901 902
f 903 904 905
f 904 903 906
f 585 379 907
f 379 585 377
f 908 141 218
f 141 908 381
f 909 385 910
f 385 909 383
f 592 911 912
f 911 592 594
f 913 157 156
f 157 913 914
f 915 916 917
f 916 915 918
f 590 912 919
f 912 590 592
f 920 156 155
f 156 920 913
f 921 917 922
f 917 921 915
f 583 923 924
f 923 583 584
f 925 152 151
f 152 925 926
f 927 928 929
f 928 927 930
f 586 931 932
f 931 586 588
f 933 154 153
f 154 933 934
f 935 936 937
f 936 935 938
f 533 939 531
f 939 533 571
f 535 142 143
f 142 535 940
f 539 941 537
f 941 539 942
f 572 943 944
f 943 572 574
f 945 146 145
f 146 945 946
f 947 948 949
f 948 947 950
f 571 951 939
f 951 571 570
f 940 144 142
f 144 940 952
f 942 953 941
f 953 942 954
f 576 955 956
f 955 576 578
f 957 148 147
f 148 957 958
f 959 960 961
f 960 959 962
f 580 963 964
f 963 580 582
f 965 150 149
f 150 965 966
f 967 968 969
f 968 967 970
f 971 602 604
f 602 971 972
f 167 973 974
f 973 167 166
f 975 976 977
f 976 975 978
f 543 596 541
f 596 543 979
f 160 980 544
f 980 160 159
f 549 981 547
f 981 549 982
f 983 598 599
f 598 983 984
f 163 985 986
f 985 163 162
f 987 988 989
f 988 987 990
f 991 600 601
f 600 991 992
f 165 993 994
f 993 165 164
f 995 996 997
f 996 995 998
f 553 608 551
f 608 553 999
f 171 1000 554
f 1000 171 170
f 559 1001 557
f 1001 559 1002
f 1003 605 606
f 605 1003 1004
f 169 1005 1006
f 1005 169 168
f 1007 1008 1009
f 1008 1007 1010
f 1011 552 610
f 552 1011 550
f 173 555 1012
f 555 173 172
f 1013 558 1014
f 558 1013 556
f 1015 627 628
f 627 1015 1016
f 187 1017 1018
f 1017 187 186
f 1019 1020 1021
f 1020 1019 1022
f 1023 624 626
f 624 1023 1024
f 185 1025 1026
f 1025 185 184
f 1027 1028 1029
f 1028 1027 1030
f 563 630 561
f 630 563 1031
f 189 1032 564
f 1032 189 188
f 569 1033 567
f 1033 569 1034
f 796 562 634
f 562 796 560
f 191 565 797
f 565 191 190
f 802 568 800
f 568 802 566
f 1035 618 620
f 618 1035 1036
f 181 1037 1038
f 1037 181 180
f 1039 1040 1041
f 1040 1039 1042
f 1043 621 622
f 621 1043 1044
f 183 1045 1046
f 1045 183 182
f 1047 1048 1049
f 1048 1047 1050
f 1051 613 614
f 613 1051 1052
f 177 1053 1054
f 1053 177 176
f 1055 1056 1057
f 1056 1055 1058
f 1052 389 613
f 389 1052 387
f 176 392 1053
f 392 176 175
f 1058 395 1056
f 395 1058 393
f 1059 397 597
f 397 1060 409
f 397 1059 1060
f 1060 1059 1061
f 597 1062 1059
f 597 1063 1062
f 1064 1063 597
f 1063 1064 1065
f 1066 1064 597
f 1064 1066 1067
f 1068 1066 597
f 1066 1068 1069
f 1070 1068 597
f 1068 1070 1071
f 1072 1070 597
f 1070 1072 1073
f 1074 1072 597
f 1072 1074 1075
f 859 1074 597
f 1074 859 1076
f 224 413 877
f 413 224 225
f 895 1077 1078
f 1077 1079 1080
f 1079 1081 1082
f 1081 1083 1084
f 1083 1085 1086
f 1085 1087 1088
f 1087 1089 1090
f 896 1091 1089
f 1092 1093 1094
f 896 1077 895
f 896 1079 1077
f 896 1081 1079
f 896 1083 1081
f 896 1085 1083
f 896 1087 1085
f 896 1089 1087
f 1091 896 1092
f 896 1093 1092
f 896 414 1093
f 414 896 417
f 898 432 897
f 432 898 430
f 761 632 631
f 632 761 694
f 1095 713 1096
f 1097 1095 1098
f 1099 1097 1100
f 1101 1099 1102
f 1103 1101 1104
f 1105 1103 1106
f 1107 1105 1108
f 1109 1107 1110
f 1111 1109 1112
f 254 765 253
f 765 254 1111
f 1111 254 1109
f 1109 254 1107
f 1107 254 1105
f 1105 254 1103
f 1103 254 1101
f 1101 254 1099
f 1099 254 1097
f 1097 254 1095
f 1095 254 713
f 778 740 776
f 740 778 738
f 793 718 782
f 1113 718 793
f 1114 1113 1115
f 1113 1114 718
f 1116 1114 1117
f 1114 1116 718
f 1118 1116 1119
f 1116 1118 718
f 1120 1118 1121
f 1118 1120 718
f 1122 1120 1123
f 1120 1122 718
f 1124 1122 1125
f 1122 1124 718
f 1126 1124 1127
f 1124 1126 718
f 1128 1126 1129
f 1126 1128 718
f 716 1128 1130
f 1128 716 718
f 479 629 477
f 629 479 760
f 251 762 480
f 762 251 252
f 485 777 483
f 777 485 775
f 489 780 487
f 780 489 781
f 815 636 638
f 636 815 795
f 193 798 816
f 798 193 192
f 818 801 817
f 801 818 799
f 370 640 368
f 640 370 831
f 259 834 371
f 834 259 260
f 376 837 374
f 837 376 835
f 843 369 637
f 369 843 367
f 257 372 844
f 372 257 258
f 846 375 845
f 375 846 373
f 523 512 521
f 512 523 510
f 265 515 524
f 515 265 266
f 529 518 527
f 518 529 516
f 306 900 304
f 900 306 593
f 310 221 222
f 221 310 901
f 314 905 312
f 905 314 903
f 595 979 1131
f 979 595 596
f 1132 159 158
f 159 1132 980
f 1133 982 1134
f 982 1133 981
f 589 1135 1136
f 1135 589 587
f 1137 219 217
f 219 1137 1138
f 1139 1140 1141
f 1140 1139 1142
f 587 907 1135
f 907 587 585
f 1138 218 219
f 218 1138 908
f 1142 910 1140
f 910 1142 909
f 380 1143 378
f 1143 380 581
f 382 215 216
f 215 382 1144
f 386 1145 384
f 1145 386 1146
f 594 1131 911
f 1131 594 595
f 914 158 157
f 158 914 1132
f 918 1134 916
f 1134 918 1133
f 588 919 931
f 919 588 590
f 934 155 154
f 155 934 920
f 938 922 936
f 922 938 921
f 582 924 963
f 924 582 583
f 966 151 150
f 151 966 925
f 970 929 968
f 929 970 927
f 584 932 923
f 932 584 586
f 926 153 152
f 153 926 933
f 930 937 928
f 937 930 935
f 570 944 951
f 944 570 572
f 952 145 144
f 145 952 945
f 954 949 953
f 949 954 947
f 574 956 943
f 956 574 576
f 946 147 146
f 147 946 957
f 950 961 948
f 961 950 959
f 578 964 955
f 964 578 580
f 958 149 148
f 149 958 965
f 962 969 960
f 969 962 967
f 984 542 598
f 542 984 540
f 162 545 985
f 545 162 161
f 990 548 988
f 548 990 546
f 972 601 602
f 601 972 991
f 166 994 973
f 994 166 165
f 978 997 976
f 997 978 995
f 992 599 600
f 599 992 983
f 164 986 993
f 986 164 163
f 998 989 996
f 989 998 987
f 999 606 608
f 606 999 1003
f 170 1006 1000
f 1006 170 169
f 1002 1009 1001
f 1009 1002 1007
f 1004 604 605
f 604 1004 971
f 168 974 1005
f 974 168 167
f 1010 977 1008
f 977 1010 975
f 390 610 388
f 610 390 1011
f 174 1012 391
f 1012 174 173
f 396 1014 394
f 1014 396 1013
f 1016 626 627
f 626 1016 1023
f 186 1026 1017
f 1026 186 185
f 1022 1029 1020
f 1029 1022 1027
f 1024 622 624
f 622 1024 1043
f 184 1046 1025
f 1046 184 183
f 1030 1049 1028
f 1049 1030 1047
f 1031 628 630
f 628 1031 1015
f 188 1018 1032
f 1018 188 187
f 1034 1021 1033
f 1021 1034 1019
f 1036 617 618
f 617 1036 650
f 180 653 1037
f 653 180 179
f 1042 656 1040
f 656 1042 654
f 1044 620 621
f 620 1044 1035
f 182 1038 1045
f 1038 182 181
f 1050 1041 1048
f 1041 1050 1039
f 651 614 616
f 614 651 1051
f 178 1054 652
f 1054 178 177
f 657 1057 655
f 1057 657 1055
f 591 1136 899
f 1136 591 589
f 902 217 220
f 217 902 1137
f 906 1141 904
f 1141 906 1139
f 579 1147 1148
f 1147 579 577
f 1149 213 214
f 213 1149 1150
f 1151 1152 1153
f 1152 1151 1154
f 581 1148 1143
f 1148 581 579
f 1144 214 215
f 214 1144 1149
f 1146 1153 1145
f 1153 1146 1151
f 577 1155 1147
f 1155 577 575
f 1150 212 213
f 212 1150 1156
f 1154 1157 1152
f 1157 1154 1158
f 575 1159 1155
f 1159 575 573
f 1156 211 212
f 211 1156 1160
f 1158 1161 1157
f 1161 1158 1162
f 573 532 1159
f 532 573 530
f 1160 210 211
f 210 1160 534
f 1162 538 1161
f 538 1162 536
f 307 1163 1164
f 1163 307 303
f 715 1165 1166
f 1165 715 737
f 876 307 1167
f 307 1164 1167
f 1163 1167 1164
f 1167 1163 1168
f 1163 303 1168
f 303 893 1168
f 873 875 1169
f 1167 875 876
f 875 1167 1169
f 1168 1169 1167
f 1169 1168 1170
f 894 1168 893
f 1168 894 1170
f 894 878 1170
f 874 873 1171
f 873 1169 1171
f 1170 1171 1169
f 1171 1170 1172
f 1170 878 1172
f 878 880 1172
f 872 871 1173
f 1171 871 874
f 871 1171 1173
f 1172 1173 1171
f 1173 1172 1174
f 879 1172 880
f 1172 879 1174
f 879 882 1174
f 870 869 1175
f 1173 869 872
f 869 1173 1175
f 1174 1175 1173
f 1175 1174 1176
f 881 1174 882
f 1174 881 1176
f 881 884 1176
f 868 867 1177
f 1175 867 870
f 867 1175 1177
f 1176 1177 1175
f 1177 1176 1178
f 883 1176 884
f 1176 883 1178
f 883 886 1178
f 866 865 1179
f 1177 865 868
f 865 1177 1179
f 1178 1179 1177
f 1179 1178 1180
f 885 1178 886
f 1178 885 1180
f 885 888 1180
f 864 863 1181
f 1179 863 866
f 863 1179 1181
f 1180 1181 1179
f 1181 1180 1182
f 887 1180 888
f 1180 887 1182
f 887 890 1182
f 862 861 1183
f 1181 861 864
f 861 1181 1183
f 1182 1183 1181
f 1183 1182 1184
f 889 1182 890
f 1182 889 1184
f 889 892 1184
f 859 860 1185
f 1183 860 862
f 860 1183 1185
f 1184 1185 1183
f 1185 1184 1186
f 891 1184 892
f 1184 891 1186
f 891 895 1186
f 1076 859 1187
f 859 1185 1187
f 1186 1187 1185
f 1187 1186 1188
f 1186 895 1188
f 895 1078 1188
f 1075 1074 1189
f 1187 1074 1076
f 1074 1187 1189
f 1188 1189 1187
f 1189 1188 1190
f 1077 1188 1078
f 1188 1077 1190
f 1077 1080 1190
f 1073 1072 1191
f 1189 1072 1075
f 1072 1189 1191
f 1190 1191 1189
f 1191 1190 1192
f 1079 1190 1080
f 1190 1079 1192
f 1079 1082 1192
f 1071 1070 1193
f 1191 1070 1073
f 1070 1191 1193
f 1192 1193 1191
f 1193 1192 1194
f 1081 1192 1082
f 1192 1081 1194
f 1081 1084 1194
f 1069 1068 1195
f 1193 1068 1071
f 1068 1193 1195
f 1194 1195 1193
f 1195 1194 1196
f 1083 1194 1084
f 1194 1083 1196
f 1083 1086 1196
f 1067 1066 1197
f 1195 1066 1069
f 1066 1195 1197
f 1196 1197 1195
f 1197 1196 1198
f 1085 1196 1086
f 1196 1085 1198
f 1085 1088 1198
f 1065 1064 1199
f 1197 1064 1067
f 1064 1197 1199
f 1198 1199 1197
f 1199 1198 1200
f 1087 1198 1088
f 1198 1087 1200
f 1087 1090 1200
f 1062 1063 1201
f 1199 1063 1065
f 1063 1199 1201
f 1200 1201 1199
f 1201 1200 1202
f 1089 1200 1090
f 1200 1089 1202
f 1089 1091 1202
f 1061 1059 1203
f 1201 1059 1062
f 1059 1201 1203
f 1202 1203 1201
f 1203 1202 1204
f 1092 1202 1091
f 1202 1092 1204
f 1092 1094 1204
f 409 1060 1205
f 1203 1060 1061
f 1060 1203 1205
f 1204 1205 1203
f 1205 1204 1206
f 1093 1204 1094
f 1204 1093 1206
f 1093 414 1206
f 410 409 1207
f 409 1205 1207
f 1206 1207 1205
f 1207 1206 1208
f 1206 414 1208
f 414 416 1208
f 407 408 1209
f 1207 408 410
f 408 1207 1209
f 1208 1209 1207
f 1209 1208 1210
f 415 1208 416
f 1208 415 1210
f 415 418 1210
f 406 405 1211
f 1209 405 407
f 405 1209 1211
f 1210 1211 1209
f 1211 1210 1212
f 419 1210 418
f 1210 419 1212
f 419 421 1212
f 404 403 1213
f 1211 403 406
f 403 1211 1213
f 1212 1213 1211
f 1213 1212 1214
f 420 1212 421
f 1212 420 1214
f 420 423 1214
f 402 401 1215
f 1213 401 404
f 401 1213 1215
f 1214 1215 1213
f 1215 1214 1216
f 422 1214 423
f 1214 422 1216
f 422 425 1216
f 398 400 1217
f 1215 400 402
f 400 1215 1217
f 1216 1217 1215
f 1217 1216 1218
f 424 1216 425
f 1216 424 1218
f 424 427 1218
f 411 398 1217
f 411 1217 1219
f 1218 1219 1217
f 1219 1218 1220
f 426 1218 427
f 1218 426 1220
f 426 429 1220
f 434 411 1219
f 434 1219 1221
f 1220 1221 1219
f 1221 1220 1222
f 1220 429 1222
f 429 442 1222
f 437 434 1221
f 437 1221 1223
f 1222 1223 1221
f 1223 1222 1224
f 1222 442 1224
f 442 441 1224
f 315 437 1223
f 315 1223 1225
f 1224 1225 1223
f 1225 1224 1226
f 1224 441 1226
f 441 323 1226
f 318 315 1225
f 318 1225 1227
f 1226 1227 1225
f 1227 1226 1228
f 1226 323 1228
f 323 322 1228
f 658 318 1227
f 658 1227 1229
f 1228 1229 1227
f 1229 1228 1230
f 1228 322 1230
f 322 661 1230
f 329 658 1229
f 329 1229 1231
f 1230 1231 1229
f 1231 1230 1232
f 1230 661 1232
f 661 337 1232
f 332 329 1231
f 332 1231 1233
f 1232 1233 1231
f 1233 1232 1234
f 1232 337 1234
f 337 336 1234
f 664 332 1233
f 664 1233 1235
f 1234 1235 1233
f 1235 1234 1236
f 1234 336 1236
f 336 666 1236
f 448 664 1235
f 448 1235 1237
f 1236 1237 1235
f 1237 1236 1238
f 1236 666 1238
f 666 456 1238
f 451 448 1237
f 451 1237 1239
f 1238 1239 1237
f 1239 1238 1240
f 1238 456 1240
f 456 455 1240
f 670 451 1239
f 670 1239 1241
f 1240 1241 1239
f 1241 1240 1242
f 1240 455 1242
f 455 676 1242
f 671 670 1241
f 671 1241 1243
f 1242 1243 1241
f 1243 1242 1244
f 1242 676 1244
f 676 675 1244
f 682 671 1243
f 682 1243 1245
f 1244 1245 1243
f 1245 1244 1246
f 1244 675 1246
f 675 684 1246
f 269 682 1245
f 269 1245 1247
f 1246 1247 1245
f 1247 1246 1248
f 1246 684 1248
f 684 277 1248
f 272 269 1247
f 272 1247 1249
f 1248 1249 1247
f 1249 1248 1250
f 1248 277 1250
f 277 276 1250
f 688 272 1249
f 688 1249 1251
f 1250 1251 1249
f 1251 1250 1252
f 1250 276 1252
f 276 690 1252
f 462 688 1251
f 462 1251 1253
f 1252 1253 1251
f 1253 1252 1254
f 1252 690 1254
f 690 470 1254
f 465 462 1253
f 465 1253 1255
f 1254 1255 1253
f 1255 1254 1256
f 1254 470 1256
f 470 469 1256
f 742 465 1255
f 742 1255 1257
f 1256 1257 1255
f 1257 1256 1258
f 1256 469 1258
f 469 745 1258
f 343 742 1257
f 343 1257 1259
f 1258 1259 1257
f 1259 1258 1260
f 1258 745 1260
f 745 351 1260
f 346 343 1259
f 346 1259 1261
f 1260 1261 1259
f 1261 1260 1262
f 1260 351 1262
f 351 350 1262
f 346 1261 748
f 748 1261 1263
f 1262 1263 1261
f 1263 1262 1264
f 1262 350 1264
f 350 754 1264
f 748 1263 749
f 749 1263 1265
f 1264 1265 1263
f 1265 1264 1266
f 1264 754 1266
f 754 753 1266
f 749 1265 476
f 476 1265 1267
f 1266 1267 1265
f 1267 1266 1268
f 1266 753 1268
f 753 484 1268
f 476 1267 479
f 479 1267 1269
f 1268 1269 1267
f 1269 1268 1270
f 1268 484 1270
f 484 483 1270
f 479 1269 760
f 760 1269 1271
f 1270 1271 1269
f 1271 1270 1272
f 1270 483 1272
f 483 777 1272
f 760 1271 761
f 761 1271 1273
f 1272 1273 1271
f 1273 1272 1274
f 1272 777 1274
f 777 776 1274
f 761 1273 694
f 694 1273 1275
f 1274 1275 1273
f 1275 1274 1276
f 1274 776 1276
f 776 740 1276
f 694 1275 695
f 695 1275 1277
f 1276 1277 1275
f 1277 1276 1278
f 1276 740 1278
f 740 739 1278
f 695 1277 839
f 1277 1279 839
f 1278 1279 1277
f 1279 1278 1280
f 1278 739 1280
f 1280 739 841
f 839 1279 843
f 1279 1281 843
f 1280 1281 1279
f 1281 1280 1282
f 1280 841 1282
f 1282 841 845
f 843 1281 367
f 1281 1283 367
f 1282 1283 1281
f 1283 1282 1284
f 1282 845 1284
f 1284 845 375
f 367 1283 370
f 1283 1285 370
f 1284 1285 1283
f 1285 1284 1286
f 1284 375 1286
f 1286 375 374
f 370 1285 831
f 1285 1287 831
f 1286 1287 1285
f 1287 1286 1288
f 1286 374 1288
f 1288 374 837
f 831 1287 832
f 1287 1289 832
f 1288 1289 1287
f 1289 1288 1290
f 1288 837 1290
f 1290 837 836
f 832 1289 283
f 1289 1291 283
f 1290 1291 1289
f 1291 1290 1292
f 1290 836 1292
f 1292 836 291
f 283 1291 286
f 1291 1293 286
f 1292 1293 1291
f 1293 1292 1294
f 1292 291 1294
f 1294 291 290
f 286 1293 520
f 1293 1295 520
f 1294 1295 1293
f 1295 1294 1296
f 1296 1294 290
f 1296 290 528
f 520 1295 523
f 1295 1297 523
f 1296 1297 1295
f 1297 1296 1298
f 1298 1296 528
f 1298 528 527
f 523 1297 510
f 1297 1299 510
f 1298 1299 1297
f 1299 1298 1300
f 1300 1298 527
f 1300 527 518
f 510 1299 513
f 1299 1301 513
f 1300 1301 1299
f 1301 1300 1302
f 1302 1300 518
f 1302 518 517
f 513 1301 847
f 1301 1303 847
f 1302 1303 1301
f 1303 1302 1304
f 1304 1302 517
f 1304 517 853
f 847 1303 848
f 1303 1305 848
f 1304 1305 1303
f 1305 1304 1306
f 1306 1304 853
f 1306 853 852
f 848 1305 855
f 1305 1307 855
f 1306 1307 1305
f 1307 1306 1308
f 1308 1306 852
f 1308 852 857
f 855 1307 357
f 1307 1309 357
f 1308 1309 1307
f 1309 1308 1310
f 1310 1308 857
f 1310 857 365
f 357 1309 360
f 1309 1311 360
f 1310 1311 1309
f 1311 1310 1312
f 1312 1310 365
f 1312 365 364
f 360 1311 827
f 1311 1313 827
f 1312 1313 1311
f 1313 1312 1314
f 1314 1312 364
f 1314 364 829
f 827 1313 500
f 1313 1315 500
f 1314 1315 1313
f 1315 1314 1316
f 1316 1314 829
f 1316 829 508
f 500 1315 503
f 1315 1317 503
f 1316 1317 1315
f 1317 1316 1318
f 1318 1316 508
f 1318 508 507
f 503 1317 819
f 1317 1319 819
f 1318 1319 1317
f 1319 1318 1320
f 1320 1318 507
f 1320 507 825
f 819 1319 820
f 1319 1321 820
f 1320 1321 1319
f 1321 1320 1322
f 1322 1320 825
f 1322 825 824
f 820 1321 293
f 1321 1323 293
f 1322 1323 1321
f 1323 1322 1324
f 1324 1322 824
f 1324 824 301
f 293 1323 296
f 1323 1325 296
f 1324 1325 1323
f 1325 1324 1326
f 1326 1324 301
f 1326 301 300
f 296 1325 803
f 1325 1327 803
f 1326 1327 1325
f 1327 1326 1328
f 1328 1326 300
f 1328 300 809
f 803 1327 804
f 1327 1329 804
f 1328 1329 1327
f 1329 1328 1330
f 1330 1328 809
f 1330 809 808
f 804 1329 490
f 1329 1331 490
f 1330 1331 1329
f 1331 1330 1332
f 1332 1330 808
f 1332 808 498
f 490 1331 493
f 1331 1333 493
f 1332 1333 1331
f 1333 1332 1334
f 1334 1332 498
f 1334 498 497
f 493 1333 811
f 1333 1335 811
f 1334 1335 1333
f 1335 1334 1336
f 1336 1334 497
f 1336 497 813
f 811 1335 815
f 1335 1337 815
f 1336 1337 1335
f 1337 1336 1338
f 1338 1336 813
f 1338 813 817
f 815 1337 795
f 1337 1339 795
f 1338 1339 1337
f 1339 1338 1340
f 1340 1338 817
f 1340 817 801
f 795 1339 796
f 1339 1341 796
f 1340 1341 1339
f 1341 1340 1342
f 1342 1340 801
f 1342 801 800
f 1341 560 796
f 1341 1343 560
f 1342 1343 1341
f 1343 1342 1344
f 1344 1342 800
f 568 1344 800
f 1343 563 560
f 1343 1345 563
f 1344 1345 1343
f 1345 1344 1346
f 1346 1344 568
f 567 1346 568
f 1345 1031 563
f 1345 1347 1031
f 1346 1347 1345
f 1347 1346 1348
f 1348 1346 567
f 1033 1348 567
f 1347 1015 1031
f 1347 1349 1015
f 1348 1349 1347
f 1349 1348 1350
f 1350 1348 1033
f 1021 1350 1033
f 1349 1016 1015
f 1349 1351 1016
f 1350 1351 1349
f 1351 1350 1352
f 1352 1350 1021
f 1020 1352 1021
f 1351 1023 1016
f 1351 1353 1023
f 1352 1353 1351
f 1353 1352 1354
f 1354 1352 1020
f 1029 1354 1020
f 1353 1024 1023
f 1353 1355 1024
f 1354 1355 1353
f 1355 1354 1356
f 1356 1354 1029
f 1028 1356 1029
f 1355 1043 1024
f 1355 1357 1043
f 1356 1357 1355
f 1357 1356 1358
f 1358 1356 1028
f 1049 1358 1028
f 1357 1044 1043
f 1357 1359 1044
f 1358 1359 1357
f 1359 1358 1360
f 1360 1358 1049
f 1048 1360 1049
f 1359 1035 1044
f 1359 1361 1035
f 1360 1361 1359
f 1361 1360 1362
f 1362 1360 1048
f 1041 1362 1048
f 1361 1036 1035
f 1361 1363 1036
f 1362 1363 1361
f 1363 1362 1364
f 1364 1362 1041
f 1040 1364 1041
f 1363 650 1036
f 1363 1365 650
f 1364 1365 1363
f 1365 1364 1366
f 1366 1364 1040
f 656 1366 1040
f 1365 651 650
f 1365 1367 651
f 1366 1367 1365
f 1367 1366 1368
f 1368 1366 656
f 655 1368 656
f 1367 1051 651
f 1367 1369 1051
f 1368 1369 1367
f 1369 1368 1370
f 1370 1368 655
f 1057 1370 655
f 1369 1052 1051
f 1369 1371 1052
f 1370 1371 1369
f 1371 1370 1372
f 1372 1370 1057
f 1056 1372 1057
f 1371 387 1052
f 1371 1373 387
f 1372 1373 1371
f 1373 1372 1374
f 1374 1372 1056
f 395 1374 1056
f 1373 390 387
f 1373 1375 390
f 1374 1375 1373
f 1375 1374 1376
f 1376 1374 395
f 394 1376 395
f 1375 1011 390
f 1375 1377 1011
f 1376 1377 1375
f 1377 1376 1378
f 1378 1376 394
f 1014 1378 394
f 1377 550 1011
f 1377 1379 550
f 1378 1379 1377
f 1379 1378 1380
f 1380 1378 1014
f 558 1380 1014
f 1379 553 550
f 1379 1381 553
f 1380 1381 1379
f 1381 1380 1382
f 1382 1380 558
f 557 1382 558
f 1381 999 553
f 1381 1383 999
f 1382 1383 1381
f 1383 1382 1384
f 1384 1382 557
f 1001 1384 557
f 1383 1003 999
f 1383 1385 1003
f 1384 1385 1383
f 1385 1384 1386
f 1386 1384 1001
f 1009 1386 1001
f 1385 1004 1003
f 1385 1387 1004
f 1386 1387 1385
f 1387 1386 1388
f 1388 1386 1009
f 1008 1388 1009
f 1387 971 1004
f 1387 1389 971
f 1388 1389 1387
f 1389 1388 1390
f 1390 1388 1008
f 977 1390 1008
f 1389 972 971
f 1391 972 1389
f 1390 1391 1389
f 1391 1390 1392
f 1392 1390 977
f 976 1392 977
f 1391 991 972
f 1393 991 1391
f 1392 1393 1391
f 1393 1392 1394
f 1394 1392 976
f 997 1394 976
f 1393 992 991
f 1395 992 1393
f 1394 1395 1393
f 1395 1394 1396
f 1396 1394 997
f 996 1396 997
f 1395 983 992
f 1397 983 1395
f 1396 1397 1395
f 1397 1396 1398
f 1398 1396 996
f 989 1398 996
f 1397 984 983
f 1399 984 1397
f 1398 1399 1397
f 1399 1398 1400
f 1400 1398 989
f 988 1400 989
f 1399 540 984
f 1401 540 1399
f 1400 1401 1399
f 1401 1400 1402
f 1402 1400 988
f 548 1402 988
f 1401 543 540
f 1403 543 1401
f 1402 1403 1401
f 1403 1402 1404
f 1404 1402 548
f 547 1404 548
f 1403 979 543
f 1405 979 1403
f 1404 1405 1403
f 1405 1404 1406
f 1406 1404 547
f 981 1406 547
f 1405 1131 979
f 1407 1131 1405
f 1407 1406 1408
f 1406 1407 1405
f 1408 1406 981
f 1133 1408 981
f 911 1131 1407
f 1409 911 1407
f 1409 1408 1410
f 1408 1409 1407
f 1133 1410 1408
f 918 1410 1133
f 912 911 1409
f 1411 912 1409
f 1411 1410 1412
f 1410 1411 1409
f 918 1412 1410
f 915 1412 918
f 919 912 1411
f 1413 919 1411
f 1413 1412 1414
f 1412 1413 1411
f 915 1414 1412
f 921 1414 915
f 931 919 1413
f 1415 931 1413
f 1415 1414 1416
f 1414 1415 1413
f 921 1416 1414
f 938 1416 921
f 932 931 1415
f 1417 932 1415
f 1417 1416 1418
f 1416 1417 1415
f 938 1418 1416
f 935 1418 938
f 923 932 1417
f 1419 923 1417
f 1419 1418 1420
f 1418 1419 1417
f 935 1420 1418
f 930 1420 935
f 924 923 1419
f 1421 924 1419
f 1421 1420 1422
f 1420 1421 1419
f 930 1422 1420
f 927 1422 930
f 963 924 1421
f 1423 963 1421
f 1423 1422 1424
f 1422 1423 1421
f 927 1424 1422
f 927 970 1424
f 964 963 1423
f 1425 964 1423
f 1425 1424 1426
f 1424 1425 1423
f 970 1426 1424
f 970 967 1426
f 955 964 1425
f 1427 955 1425
f 1427 1426 1428
f 1426 1427 1425
f 967 1428 1426
f 967 962 1428
f 956 955 1427
f 1429 956 1427
f 1429 1428 1430
f 1428 1429 1427
f 962 1430 1428
f 962 959 1430
f 943 956 1429
f 1431 943 1429
f 1431 1430 1432
f 1430 1431 1429
f 959 1432 1430
f 959 950 1432
f 944 943 1431
f 1433 944 1431
f 1433 1432 1434
f 1432 1433 1431
f 950 1434 1432
f 950 947 1434
f 951 944 1433
f 1435 951 1433
f 1435 1434 1436
f 1434 1435 1433
f 947 1436 1434
f 947 954 1436
f 939 951 1435
f 1437 939 1435
f 1437 1436 1438
f 1436 1437 1435
f 954 1438 1436
f 954 942 1438
f 531 939 1437
f 1439 531 1437
f 1439 1438 1440
f 1438 1439 1437
f 942 1440 1438
f 942 539 1440
f 532 531 1439
f 1441 532 1439
f 1441 1440 1442
f 1440 1441 1439
f 539 1442 1440
f 539 536 1442
f 1159 532 1441
f 1443 1159 1441
f 1443 1442 1444
f 1442 1443 1441
f 536 1444 1442
f 536 1162 1444
f 1155 1159 1443
f 1445 1155 1443
f 1445 1444 1446
f 1444 1445 1443
f 1162 1446 1444
f 1162 1158 1446
f 1147 1155 1445
f 1447 1147 1445
f 1447 1446 1448
f 1446 1447 1445
f 1158 1448 1446
f 1158 1154 1448
f 1148 1147 1447
f 1449 1148 1447
f 1449 1448 1450
f 1448 1449 1447
f 1154 1450 1448
f 1154 1151 1450
f 1143 1148 1449
f 1451 1143 1449
f 1451 1450 1452
f 1450 1451 1449
f 1151 1452 1450
f 1151 1146 1452
f 378 1143 1451
f 1453 378 1451
f 1453 1452 1454
f 1452 1453 1451
f 1146 1454 1452
f 1146 386 1454
f 379 378 1453
f 1455 379 1453
f 1455 1454 1456
f 1454 1455 1453
f 386 1456 1454
f 386 383 1456
f 907 379 1455
f 1457 907 1455
f 1457 1456 1458
f 1456 1457 1455
f 383 1458 1456
f 383 909 1458
f 1135 907 1457
f 1459 1135 1457
f 1459 1458 1460
f 1458 1459 1457
f 909 1460 1458
f 909 1142 1460
f 1136 1135 1459
f 1461 1136 1459
f 1461 1460 1462
f 1460 1461 1459
f 1142 1462 1460
f 1142 1139 1462
f 899 1136 1461
f 1463 899 1461
f 1463 1462 1464
f 1462 1463 1461
f 1139 1464 1462
f 1139 906 1464
f 900 899 1463
f 1465 900 1463
f 1465 1464 1466
f 1464 1465 1463
f 906 1466 1464
f 906 903 1466
f 304 900 1465
f 1467 304 1465
f 1467 1466 1468
f 1466 1467 1465
f 903 1468 1466
f 903 314 1468
f 305 304 1467
f 1469 305 1467
f 1469 1468 1470
f 1468 1469 1467
f 314 1470 1468
f 314 311 1470
f 896 305 1469
f 896 1469 1471
f 1470 1471 1469
f 1471 1470 1472
f 1470 311 1472
f 311 897 1472
f 417 896 1471
f 417 1471 1473
f 1472 1473 1471
f 1473 1472 1474
f 1472 897 1474
f 897 432 1474
f 428 417 1473
f 428 1473 1475
f 1474 1475 1473
f 1475 1474 1476
f 1474 432 1476
f 432 431 1476
f 440 428 1475
f 440 1475 1477
f 1476 1477 1475
f 1477 1476 1478
f 1476 431 1478
f 431 446 1478
f 443 440 1477
f 443 1477 1479
f 1478 1479 1477
f 1479 1478 1480
f 1478 446 1480
f 446 445 1480
f 321 443 1479
f 321 1479 1481
f 1480 1481 1479
f 1481 1480 1482
f 1480 445 1482
f 445 327 1482
f 324 321 1481
f 324 1481 1483
f 1482 1483 1481
f 1483 1482 1484
f 1482 327 1484
f 327 326 1484
f 660 324 1483
f 660 1483 1485
f 1484 1485 1483
f 1485 1484 1486
f 1484 326 1486
f 326 663 1486
f 335 660 1485
f 335 1485 1487
f 1486 1487 1485
f 1487 1486 1488
f 1486 663 1488
f 663 341 1488
f 338 335 1487
f 338 1487 1489
f 1488 1489 1487
f 1489 1488 1490
f 1488 341 1490
f 341 340 1490
f 667 338 1489
f 667 1489 1491
f 1490 1491 1489
f 1491 1490 1492
f 1490 340 1492
f 340 668 1492
f 454 667 1491
f 454 1491 1493
f 1492 1493 1491
f 1493 1492 1494
f 1492 668 1494
f 668 460 1494
f 457 454 1493
f 457 1493 1495
f 1494 1495 1493
f 1495 1494 1496
f 1494 460 1496
f 460 459 1496
f 674 457 1495
f 674 1495 1497
f 1496 1497 1495
f 1497 1496 1498
f 1496 459 1498
f 459 680 1498
f 677 674 1497
f 677 1497 1499
f 1498 1499 1497
f 1499 1498 1500
f 1498 680 1500
f 680 679 1500
f 685 677 1499
f 685 1499 1501
f 1500 1501 1499
f 1501 1500 1502
f 1500 679 1502
f 679 686 1502
f 275 685 1501
f 275 1501 1503
f 1502 1503 1501
f 1503 1502 1504
f 1502 686 1504
f 686 281 1504
f 278 275 1503
f 278 1503 1505
f 1504 1505 1503
f 1505 1504 1506
f 1504 281 1506
f 281 280 1506
f 691 278 1505
f 691 1505 1507
f 1506 1507 1505
f 1507 1506 1508
f 1506 280 1508
f 280 692 1508
f 468 691 1507
f 468 1507 1509
f 1508 1509 1507
f 1509 1508 1510
f 1508 692 1510
f 692 474 1510
f 471 468 1509
f 471 1509 1511
f 1510 1511 1509
f 1511 1510 1512
f 1510 474 1512
f 474 473 1512
f 744 471 1511
f 744 1511 1513
f 1512 1513 1511
f 1513 1512 1514
f 1512 473 1514
f 473 747 1514
f 349 744 1513
f 349 1513 1515
f 1514 1515 1513
f 1515 1514 1516
f 1514 747 1516
f 747 355 1516
f 352 349 1515
f 352 1515 1517
f 1516 1517 1515
f 1517 1516 1518
f 1516 355 1518
f 355 354 1518
f 352 1517 752
f 752 1517 1519
f 1518 1519 1517
f 1519 1518 1520
f 1518 354 1520
f 354 758 1520
f 752 1519 755
f 755 1519 1521
f 1520 1521 1519
f 1521 1520 1522
f 1520 758 1522
f 758 757 1522
f 755 1521 482
f 482 1521 1523
f 1522 1523 1521
f 1523 1522 1524
f 1522 757 1524
f 757 488 1524
f 482 1523 485
f 485 1523 1525
f 1524 1525 1523
f 1525 1524 1526
f 1524 488 1526
f 488 487 1526
f 485 1525 775
f 775 1525 1527
f 1526 1527 1525
f 1527 1526 1528
f 1526 487 1528
f 487 780 1528
f 775 1527 778
f 778 1527 1529
f 1528 1529 1527
f 1529 1528 1530
f 1528 780 1530
f 780 782 1530
f 778 1529 738
f 738 1529 1531
f 1530 1531 1529
f 1531 1530 1532
f 1530 782 1532
f 782 718 1532
f 738 1531 741
f 741 1531 1533
f 1532 1533 1531
f 1533 1532 1534
f 1532 718 1534
f 718 717 1534
f 741 1533 842
f 1533 1535 842
f 1534 1535 1533
f 1535 1534 1536
f 1534 717 1536
f 1536 717 840
f 842 1535 846
f 1535 1537 846
f 1536 1537 1535
f 1537 1536 1538
f 1536 840 1538
f 1538 840 844
f 846 1537 373
f 1537 1539 373
f 1538 1539 1537
f 1539 1538 1540
f 1538 844 1540
f 1540 844 372
f 373 1539 376
f 1539 1541 376
f 1540 1541 1539
f 1541 1540 1542
f 1540 372 1542
f 1542 372 371
f 376 1541 835
f 1541 1543 835
f 1542 1543 1541
f 1543 1542 1544
f 1542 371 1544
f 1544 371 834
f 835 1543 838
f 1543 1545 838
f 1544 1545 1543
f 1545 1544 1546
f 1544 834 1546
f 1546 834 833
f 838 1545 289
f 1545 1547 289
f 1546 1547 1545
f 1547 1546 1548
f 1546 833 1548
f 1548 833 288
f 289 1547 292
f 1547 1549 292
f 1548 1549 1547
f 1549 1548 1550
f 1548 288 1550
f 1550 288 287
f 292 1549 526
f 1549 1551 526
f 1550 1551 1549
f 1551 1550 1552
f 1552 1550 287
f 1552 287 525
f 526 1551 529
f 1551 1553 529
f 1552 1553 1551
f 1553 1552 1554
f 1554 1552 525
f 1554 525 524
f 529 1553 516
f 1553 1555 516
f 1554 1555 1553
f 1555 1554 1556
f 1556 1554 524
f 1556 524 515
f 516 1555 519
f 1555 1557 519
f 1556 1557 1555
f 1557 1556 1558
f 1558 1556 515
f 1558 515 514
f 519 1557 851
f 1557 1559 851
f 1558 1559 1557
f 1559 1558 1560
f 1560 1558 514
f 1560 514 850
f 851 1559 854
f 1559 1561 854
f 1560 1561 1559
f 1561 1560 1562
f 1562 1560 850
f 1562 850 849
f 854 1561 858
f 1561 1563 858
f 1562 1563 1561
f 1563 1562 1564
f 1564 1562 849
f 1564 849 856
f 858 1563 363
f 1563 1565 363
f 1564 1565 1563
f 1565 1564 1566
f 1566 1564 856
f 1566 856 362
f 363 1565 366
f 1565 1567 366
f 1566 1567 1565
f 1567 1566 1568
f 1568 1566 362
f 1568 362 361
f 366 1567 830
f 1567 1569 830
f 1568 1569 1567
f 1569 1568 1570
f 1570 1568 361
f 1570 361 828
f 830 1569 506
f 1569 1571 506
f 1570 1571 1569
f 1571 1570 1572
f 1572 1570 828
f 1572 828 505
f 506 1571 509
f 1571 1573 509
f 1572 1573 1571
f 1573 1572 1574
f 1574 1572 505
f 1574 505 504
f 509 1573 823
f 1573 1575 823
f 1574 1575 1573
f 1575 1574 1576
f 1576 1574 504
f 1576 504 822
f 823 1575 826
f 1575 1577 826
f 1576 1577 1575
f 1577 1576 1578
f 1578 1576 822
f 1578 822 821
f 826 1577 299
f 1577 1579 299
f 1578 1579 1577
f 1579 1578 1580
f 1580 1578 821
f 1580 821 298
f 299 1579 302
f 1579 1581 302
f 1580 1581 1579
f 1581 1580 1582
f 1582 1580 298
f 1582 298 297
f 302 1581 807
f 1581 1583 807
f 1582 1583 1581
f 1583 1582 1584
f 1584 1582 297
f 1584 297 806
f 807 1583 810
f 1583 1585 810
f 1584 1585 1583
f 1585 1584 1586
f 1586 1584 806
f 1586 806 805
f 810 1585 496
f 1585 1587 496
f 1586 1587 1585
f 1587 1586 1588
f 1588 1586 805
f 1588 805 495
f 496 1587 499
f 1587 1589 499
f 1588 1589 1587
f 1589 1588 1590
f 1590 1588 495
f 1590 495 494
f 499 1589 814
f 1589 1591 814
f 1590 1591 1589
f 1591 1590 1592
f 1592 1590 494
f 1592 494 812
f 814 1591 818
f 1591 1593 818
f 1592 1593 1591
f 1593 1592 1594
f 1594 1592 812
f 1594 812 816
f 818 1593 799
f 1593 1595 799
f 1594 1595 1593
f 1595 1594 1596
f 1596 1594 816
f 1596 816 798
f 799 1595 802
f 1595 1597 802
f 1596 1597 1595
f 1597 1596 1598
f 1598 1596 798
f 1598 798 797
f 1597 566 802
f 1597 1599 566
f 1598 1599 1597
f 1599 1598 1600
f 1600 1598 797
f 565 1600 797
f 1599 569 566
f 1599 1601 569
f 1600 1601 1599
f 1601 1600 1602
f 1602 1600 565
f 564 1602 565
f 1601 1034 569
f 1601 1603 1034
f 1602 1603 1601
f 1603 1602 1604
f 1604 1602 564
f 1032 1604 564
f 1603 1019 1034
f 1603 1605 1019
f 1604 1605 1603
f 1605 1604 1606
f 1606 1604 1032
f 1018 1606 1032
f 1605 1022 1019
f 1605 1607 1022
f 1606 1607 1605
f 1607 1606 1608
f 1608 1606 1018
f 1017 1608 1018
f 1607 1027 1022
f 1607 1609 1027
f 1608 1609 1607
f 1609 1608 1610
f 1610 1608 1017
f 1026 1610 1017
f 1609 1030 1027
f 1609 1611 1030
f 1610 1611 1609
f 1611 1610 1612
f 1612 1610 1026
f 1025 1612 1026
f 1611 1047 1030
f 1611 1613 1047
f 1612 1613 1611
f 1613 1612 1614
f 1614 1612 1025
f 1046 1614 1025
f 1613 1050 1047
f 1613 1615 1050
f 1614 1615 1613
f 1615 1614 1616
f 1616 1614 1046
f 1045 1616 1046
f 1615 1039 1050
f 1615 1617 1039
f 1616 1617 1615
f 1617 1616 1618
f 1618 1616 1045
f 1038 1618 1045
f 1617 1042 1039
f 1617 1619 1042
f 1618 1619 1617
f 1619 1618 1620
f 1620 1618 1038
f 1037 1620 1038
f 1619 654 1042
f 1619 1621 654
f 1620 1621 1619
f 1621 1620 1622
f 1622 1620 1037
f 653 1622 1037
f 1621 657 654
f 1621 1623 657
f 1622 1623 1621
f 1623 1622 1624
f 1624 1622 653
f 652 1624 653
f 1623 1055 657
f 1623 1625 1055
f 1624 1625 1623
f 1625 1624 1626
f 1626 1624 652
f 1054 1626 652
f 1625 1058 1055
f 1625 1627 1058
f 1626 1627 1625
f 1627 1626 1628
f 1628 1626 1054
f 1053 1628 1054
f 1627 393 1058
f 1627 1629 393
f 1628 1629 1627
f 1629 1628 1630
f 1630 1628 1053
f 392 1630 1053
f 1629 396 393
f 1629 1631 396
f 1630 1631 1629
f 1631 1630 1632
f 1632 1630 392
f 391 1632 392
f 1631 1013 396
f 1631 1633 1013
f 1632 1633 1631
f 1633 1632 1634
f 1634 1632 391
f 1012 1634 391
f 1633 556 1013
f 1633 1635 556
f 1634 1635 1633
f 1635 1634 1636
f 1636 1634 1012
f 555 1636 1012
f 1635 559 556
f 1635 1637 559
f 1636 1637 1635
f 1637 1636 1638
f 1638 1636 555
f 554 1638 555
f 1637 1002 559
f 1637 1639 1002
f 1638 1639 1637
f 1639 1638 1640
f 1640 1638 554
f 1000 1640 554
f 1639 1007 1002
f 1639 1641 1007
f 1640 1641 1639
f 1641 1640 1642
f 1642 1640 1000
f 1006 1642 1000
f 1641 1010 1007
f 1641 1643 1010
f 1642 1643 1641
f 1643 1642 1644
f 1644 1642 1006
f 1005 1644 1006
f 1643 975 1010
f 1643 1645 975
f 1644 1645 1643
f 1645 1644 1646
f 1646 1644 1005
f 974 1646 1005
f 1645 978 975
f 1647 978 1645
f 1646 1647 1645
f 1647 1646 1648
f 1648 1646 974
f 973 1648 974
f 1647 995 978
f 1649 995 1647
f 1648 1649 1647
f 1649 1648 1650
f 1650 1648 973
f 994 1650 973
f 1649 998 995
f 1651 998 1649
f 1650 1651 1649
f 1651 1650 1652
f 1652 1650 994
f 993 1652 994
f 1651 987 998
f 1653 987 1651
f 1652 1653 1651
f 1653 1652 1654
f 1654 1652 993
f 986 1654 993
f 1653 990 987
f 1655 990 1653
f 1654 1655 1653
f 1655 1654 1656
f 1656 1654 986
f 985 1656 986
f 1655 546 990
f 1657 546 1655
f 1656 1657 1655
f 1657 1656 1658
f 1658 1656 985
f 545 1658 985
f 1657 549 546
f 1659 549 1657
f 1658 1659 1657
f 1659 1658 1660
f 1660 1658 545
f 544 1660 545
f 1659 982 549
f 1661 982 1659
f 1660 1661 1659
f 1661 1660 1662
f 1662 1660 544
f 980 1662 544
f 1661 1134 982
f 1663 1134 1661
f 1663 1662 1664
f 1662 1663 1661
f 1664 1662 980
f 1132 1664 980
f 916 1134 1663
f 1665 916 1663
f 1665 1664 1666
f 1664 1665 1663
f 1132 1666 1664
f 914 1666 1132
f 917 916 1665
f 1667 917 1665
f 1667 1666 1668
f 1666 1667 1665
f 914 1668 1666
f 913 1668 914
f 922 917 1667
f 1669 922 1667
f 1669 1668 1670
f 1668 1669 1667
f 913 1670 1668
f 920 1670 913
f 936 922 1669
f 1671 936 1669
f 1671 1670 1672
f 1670 1671 1669
f 920 1672 1670
f 934 1672 920
f 937 936 1671
f 1673 937 1671
f 1673 1672 1674
f 1672 1673 1671
f 934 1674 1672
f 933 1674 934
f 928 937 1673
f 1675 928 1673
f 1675 1674 1676
f 1674 1675 1673
f 933 1676 1674
f 926 1676 933
f 929 928 1675
f 1677 929 1675
f 1677 1676 1678
f 1676 1677 1675
f 926 1678 1676
f 925 1678 926
f 968 929 1677
f 1679 968 1677
f 1679 1678 1680
f 1678 1679 1677
f 925 1680 1678
f 925 966 1680
f 969 968 1679
f 1681 969 1679
f 1681 1680 1682
f 1680 1681 1679
f 966 1682 1680
f 966 965 1682
f 960 969 1681
f 1683 960 1681
f 1683 1682 1684
f 1682 1683 1681
f 965 1684 1682
f 965 958 1684
f 961 960 1683
f 1685 961 1683
f 1685 1684 1686
f 1684 1685 1683
f 958 1686 1684
f 958 957 1686
f 948 961 1685
f 1687 948 1685
f 1687 1686 1688
f 1686 1687 1685
f 957 1688 1686
f 957 946 1688
f 949 948 1687
f 1689 949 1687
f 1689 1688 1690
f 1688 1689 1687
f 946 1690 1688
f 946 945 1690
f 953 949 1689
f 1691 953 1689
f 1691 1690 1692
f 1690 1691 1689
f 945 1692 1690
f 945 952 1692
f 941 953 1691
f 1693 941 1691
f 1693 1692 1694
f 1692 1693 1691
f 952 1694 1692
f 952 940 1694
f 537 941 1693
f 1695 537 1693
f 1695 1694 1696
f 1694 1695 1693
f 940 1696 1694
f 940 535 1696
f 538 537 1695
f 1697 538 1695
f 1697 1696 1698
f 1696 1697 1695
f 535 1698 1696
f 535 534 1698
f 1161 538 1697
f 1699 1161 1697
f 1699 1698 1700
f 1698 1699 1697
f 534 1700 1698
f 534 1160 1700
f 1157 1161 1699
f 1701 1157 1699
f 1701 1700 1702
f 1700 1701 1699
f 1160 1702 1700
f 1160 1156 1702
f 1152 1157 1701
f 1703 1152 1701
f 1703 1702 1704
f 1702 1703 1701
f 1156 1704 1702
f 1156 1150 1704
f 1153 1152 1703
f 1705 1153 1703
f 1705 1704 1706
f 1704 1705 1703
f 1150 1706 1704
f 1150 1149 1706
f 1145 1153 1705
f 1707 1145 1705
f 1707 1706 1708
f 1706 1707 1705
f 1149 1708 1706
f 1149 1144 1708
f 384 1145 1707
f 1709 384 1707
f 1709 1708 1710
f 1708 1709 1707
f 1144 1710 1708
f 1144 382 1710
f 385 384 1709
f 1711 385 1709
f 1711 1710 1712
f 1710 1711 1709
f 382 1712 1710
f 382 381 1712
f 910 385 1711
f 1713 910 1711
f 1713 1712 1714
f 1712 1713 1711
f 381 1714 1712
f 381 908 1714
f 1140 910 1713
f 1715 1140 1713
f 1715 1714 1716
f 1714 1715 1713
f 908 1716 1714
f 908 1138 1716
f 1141 1140 1715
f 1717 1141 1715
f 1717 1716 1718
f 1716 1717 1715
f 1138 1718 1716
f 1138 1137 1718
f 904 1141 1717
f 1719 904 1717
f 1719 1718 1720
f 1718 1719 1717
f 1137 1720 1718
f 1137 902 1720
f 905 904 1719
f 1721 905 1719
f 1721 1720 1722
f 1720 1721 1719
f 902 1722 1720
f 902 901 1722
f 312 905 1721
f 1723 312 1721
f 1723 1722 1724
f 1722 1723 1721
f 901 1724 1722
f 901 310 1724
f 313 312 1723
f 1725 313 1723
f 1725 1724 1726
f 1724 1725 1723
f 310 1726 1724
f 310 309 1726
f 898 313 1725
f 898 1725 1727
f 1726 1727 1725
f 1727 1726 1728
f 1726 309 1728
f 309 877 1728
f 430 898 1727
f 430 1727 1729
f 1728 1729 1727
f 1729 1728 1730
f 1728 877 1730
f 877 413 1730
f 433 430 1729
f 433 1729 1731
f 1730 1731 1729
f 1731 1730 1732
f 1730 413 1732
f 413 412 1732
f 444 433 1731
f 444 1731 1733
f 1732 1733 1731
f 1733 1732 1734
f 1732 412 1734
f 412 439 1734
f 447 444 1733
f 447 1733 1735
f 1734 1735 1733
f 1735 1734 1736
f 1734 439 1736
f 439 438 1736
f 325 447 1735
f 325 1735 1737
f 1736 1737 1735
f 1737 1736 1738
f 1736 438 1738
f 438 320 1738
f 328 325 1737
f 328 1737 1739
f 1738 1739 1737
f 1739 1738 1740
f 1738 320 1740
f 320 319 1740
f 662 328 1739
f 662 1739 1741
f 1740 1741 1739
f 1741 1740 1742
f 1740 319 1742
f 319 659 1742
f 339 662 1741
f 339 1741 1743
f 1742 1743 1741
f 1743 1742 1744
f 1742 659 1744
f 659 334 1744
f 342 339 1743
f 342 1743 1745
f 1744 1745 1743
f 1745 1744 1746
f 1744 334 1746
f 334 333 1746
f 669 342 1745
f 669 1745 1747
f 1746 1747 1745
f 1747 1746 1748
f 1746 333 1748
f 333 665 1748
f 458 669 1747
f 458 1747 1749
f 1748 1749 1747
f 1749 1748 1750
f 1748 665 1750
f 665 453 1750
f 461 458 1749
f 461 1749 1751
f 1750 1751 1749
f 1751 1750 1752
f 1750 453 1752
f 453 452 1752
f 678 461 1751
f 678 1751 1753
f 1752 1753 1751
f 1753 1752 1754
f 1752 452 1754
f 452 673 1754
f 681 678 1753
f 681 1753 1755
f 1754 1755 1753
f 1755 1754 1756
f 1754 673 1756
f 673 672 1756
f 687 681 1755
f 687 1755 1757
f 1756 1757 1755
f 1757 1756 1758
f 1756 672 1758
f 672 683 1758
f 279 687 1757
f 279 1757 1759
f 1758 1759 1757
f 1759 1758 1760
f 1758 683 1760
f 683 274 1760
f 282 279 1759
f 282 1759 1761
f 1760 1761 1759
f 1761 1760 1762
f 1760 274 1762
f 274 273 1762
f 693 282 1761
f 693 1761 1763
f 1762 1763 1761
f 1763 1762 1764
f 1762 273 1764
f 273 689 1764
f 472 693 1763
f 472 1763 1765
f 1764 1765 1763
f 1765 1764 1766
f 1764 689 1766
f 689 467 1766
f 475 472 1765
f 475 1765 1767
f 1766 1767 1765
f 1767 1766 1768
f 1766 467 1768
f 467 466 1768
f 746 475 1767
f 746 1767 1769
f 1768 1769 1767
f 1769 1768 1770
f 1768 466 1770
f 466 743 1770
f 353 746 1769
f 353 1769 1771
f 1770 1771 1769
f 1771 1770 1772
f 1770 743 1772
f 743 348 1772
f 356 353 1771
f 356 1771 1773
f 1772 1773 1771
f 1773 1772 1774
f 1772 348 1774
f 348 347 1774
f 356 1773 756
f 756 1773 1775
f 1774 1775 1773
f 1775 1774 1776
f 1774 347 1776
f 347 751 1776
f 756 1775 759
f 759 1775 1777
f 1776 1777 1775
f 1777 1776 1778
f 1776 751 1778
f 751 750 1778
f 759 1777 486
f 486 1777 1779
f 1778 1779 1777
f 1779 1778 1780
f 1778 750 1780
f 750 481 1780
f 486 1779 489
f 489 1779 1781
f 1780 1781 1779
f 1781 1780 1782
f 1780 481 1782
f 481 480 1782
f 489 1781 781
f 781 1781 1783
f 1782 1783 1781
f 1783 1782 1784
f 1782 480 1784
f 480 762 1784
f 781 1783 779
f 1785 779 1783
f 779 1785 783
f 1784 1785 1783
f 1785 1784 1786
f 1784 762 1786
f 762 763 1786
f 784 783 1785
f 1787 784 1785
f 784 1787 786
f 1786 1787 1785
f 1787 1786 1788
f 773 1788 1786
f 1788 773 774
f 763 773 1786
f 785 786 1787
f 1789 785 1787
f 785 1789 788
f 1788 1789 1787
f 1789 1788 1790
f 771 1790 1788
f 1790 771 772
f 774 771 1788
f 787 788 1789
f 1791 787 1789
f 787 1791 790
f 1790 1791 1789
f 1791 1790 1792
f 769 1792 1790
f 1792 769 770
f 772 769 1790
f 789 790 1791
f 1793 789 1791
f 789 1793 791
f 1792 1793 1791
f 1793 1792 1794
f 767 1794 1792
f 1794 767 768
f 770 767 1792
f 792 791 1793
f 1795 792 1793
f 792 1795 794
f 1794 1795 1793
f 1795 1794 1796
f 764 1796 1794
f 1796 764 766
f 768 764 1794
f 793 794 1795
f 793 1795 1797
f 1796 1797 1795
f 1797 1796 1798
f 1796 765 1798
f 766 765 1796
f 1113 793 1797
f 1799 1113 1797
f 1113 1799 1115
f 1798 1799 1797
f 1799 1798 1800
f 1111 1800 1798
f 1800 1111 1112
f 765 1111 1798
f 1114 1115 1799
f 1801 1114 1799
f 1114 1801 1117
f 1800 1801 1799
f 1801 1800 1802
f 1109 1802 1800
f 1802 1109 1110
f 1112 1109 1800
f 1116 1117 1801
f 1803 1116 1801
f 1116 1803 1119
f 1802 1803 1801
f 1803 1802 1804
f 1107 1804 1802
f 1804 1107 1108
f 1110 1107 1802
f 1118 1119 1803
f 1805 1118 1803
f 1118 1805 1121
f 1804 1805 1803
f 1805 1804 1806
f 1105 1806 1804
f 1806 1105 1106
f 1108 1105 1804
f 1120 1121 1805
f 1807 1120 1805
f 1120 1807 1123
f 1806 1807 1805
f 1807 1806 1808
f 1103 1808 1806
f 1808 1103 1104
f 1106 1103 1806
f 1122 1123 1807
f 1809 1122 1807
f 1122 1809 1125
f 1808 1809 1807
f 1809 1808 1810
f 1101 1810 1808
f 1810 1101 1102
f 1104 1101 1808
f 1124 1125 1809
f 1811 1124 1809
f 1124 1811 1127
f 1810 1811 1809
f 1811 1810 1812
f 1099 1812 1810
f 1812 1099 1100
f 1102 1099 1810
f 1126 1127 1811
f 1813 1126 1811
f 1126 1813 1129
f 1812 1813 1811
f 1813 1812 1814
f 1097 1814 1812
f 1814 1097 1098
f 1100 1097 1812
f 1129 1813 1128
f 1815 1128 1813
f 1128 1815 1130
f 1814 1815 1813
f 1815 1814 1816
f 1095 1816 1814
f 1816 1095 1096
f 1814 1098 1095
f 1130 1815 716
f 716 1815 1817
f 1816 1817 1815
f 1817 1816 1818
f 1816 713 1818
f 1816 1096 713
f 716 1817 719
f 1819 719 1817
f 719 1819 721
f 1818 1819 1817
f 1819 1818 1820
f 711 1820 1818
f 1820 711 712
f 1818 713 711
f 721 1819 720
f 1821 720 1819
f 720 1821 723
f 1820 1821 1819
f 1821 1820 1822
f 709 1822 1820
f 1822 709 710
f 1820 712 709
f 723 1821 722
f 1823 722 1821
f 722 1823 725
f 1822 1823 1821
f 1823 1822 1824
f 707 1824 1822
f 1824 707 708
f 1822 710 707
f 725 1823 724
f 1825 724 1823
f 724 1825 727
f 1824 1825 1823
f 1825 1824 1826
f 705 1826 1824
f 1826 705 706
f 1824 708 705
f 727 1825 726
f 1827 726 1825
f 726 1827 729
f 1826 1827 1825
f 1827 1826 1828
f 703 1828 1826
f 1828 703 704
f 1826 706 703
f 729 1827 728
f 1829 728 1827
f 728 1829 731
f 1828 1829 1827
f 1829 1828 1830
f 701 1830 1828
f 1830 701 702
f 1828 704 701
f 731 1829 730
f 1831 730 1829
f 730 1831 733
f 1830 1831 1829
f 1831 1830 1832
f 699 1832 1830
f 1832 699 700
f 1830 702 699
f 733 1831 732
f 1833 732 1831
f 732 1833 735
f 1832 1833 1831
f 1833 1832 1834
f 696 1834 1832
f 1834 696 698
f 1832 700 696
f 735 1833 734
f 1835 734 1833
f 734 1835 736
f 1834 1835 1833
f 1835 1834 1836
f 697 1836 1834
f 1836 697 714
f 1834 698 697
f 736 1835 737
f 737 1835 1165
f 1836 1165 1835
f 1165 1836 1166
f 1836 715 1166
f 1836 714 715

