[INFO][AppLauncher]: Using device: cuda:0
[INFO][AppLauncher]: Loading experience file: /home/lyh/luhr/MagicSim/Third_Party/IsaacLab/apps/isaaclab.python.headless.kit
Loading user config located at: '/home/lyh/luhr/MagicSim/.venv/lib/python3.11/site-packages/isaacsim/kit/data/Kit/Isaac-Sim/5.1/user.config.json'
[Info] [carb] Logging to file: /home/lyh/luhr/MagicSim/.venv/lib/python3.11/site-packages/isaacsim/kit/logs/Kit/Isaac-Sim/5.1/kit_20260914_062717.log
2026-09-14T13:27:17Z [59ms] [Warning] [omni.usd_config.extension] Enable omni.materialx.libs extension to use MaterialX
2026-09-14T13:27:17Z [385ms] [Warning] [carb] Acquiring non optional plugin interface which is not listed as dependency: [omni::physx::IPhysxBenchmarks v1.0] (plugin: <default plugin>), by client: omni.physics.physx.plugin. Add it to CARB_PLUGIN_IMPL_DEPS() macro of a client.
2026-09-14T13:27:17Z [391ms] [Warning] [omni.isaac.dynamic_control] omni.isaac.dynamic_control is deprecated as of Isaac Sim 4.5. No action is needed from end-users.
2026-09-14T13:27:19Z [2,381ms] [Warning] [carb.cudainterop.plugin] CUDA_VISIBLE_DEVICES environment variable is set.
2026-09-14T13:27:19Z [2,381ms] [Warning] [carb.cudainterop.plugin] Note CUDA device enumeration and Omniverse device enumeration are different.
2026-09-14T13:27:19Z [2,381ms] [Warning] [carb.cudainterop.plugin] Setting CUDA_VISIBLE_DEVICES can lead to undesired behavior or crashes.
2026-09-14T13:27:19Z [2,537ms] [Warning] [gpu.foundation.plugin] Skipping unsupported non-NVIDIA GPU: Intel(R) Graphics (RPL-S)
2026-09-14T13:27:19Z [2,537ms] [Warning] [gpu.foundation.plugin] Skipping unsupported non-NVIDIA GPU: Intel(R) Graphics (RPL-S)

|---------------------------------------------------------------------------------------------|
| Driver Version: 580.173.02    | Graphics API: Vulkan
|=============================================================================================|
| GPU | Name                             | Active | LDA | GPU Memory | Vendor-ID | LUID       |
|     |                                  |        |     |            | Device-ID | UUID       |
|     |                                  |        |     |            | Bus-ID    |            |
|---------------------------------------------------------------------------------------------|
| 0   | NVIDIA GeForce RTX 4080 SUPER    | Yes: 0 |     | 16376   MB | 10de      | 0          |
|     |                                  |        |     |            | 2702      | 9f238459.. |
|     |                                  |        |     |            | 1         |            |
|---------------------------------------------------------------------------------------------|
| 1   | Intel(R) Graphics (RPL-S)        |        |     | 23916   MB | 8086      | 0          |
|     |                                  |        |     |            | a780      | 868080a7.. |
|     |                                  |        |     |            | 0         |            |
|=============================================================================================|
| OS: 24.04.4 LTS (Noble Numbat) ubuntu, Version: 24.04.4, Kernel: 7.0.0-31-generic
| XServer Vendor: The X.Org Foundation, XServer Version: 12302006 (1.23.2.6)
| Processor: Intel(R) Core(TM) i7-14700K
| Bare Metal Cores: 20 | Bare Metal Logical Cores: 40
| Available Cores:  28 
|---------------------------------------------------------------------------------------------|
| Total Memory (MB): 31889 | Free Memory: 21243
| Total Page/Swap (MB): 32767 | Free Page/Swap: 20752
|---------------------------------------------------------------------------------------------|
2026-09-14T13:27:19Z [2,719ms] [Warning] [gpu.foundation.plugin] CPU performance profile is set to powersave. This profile sets the CPU to the lowest frequency reducing performance.
2026-09-14T13:27:19Z [2,746ms] [Warning] [omni.kvdb.plugin] Disabling key-value database because another kit process is locking it
[cfg] ⚠ 找不到 /home/lyh/Project/RL_Correction_clean_rel/data/offline_ik/arm_residual_bound.json, 臂残差界回退到均一 0.88° (先跑 calib_arm_residual.py)
Gym has been unmaintained since 2022 and does not support NumPy 2.0 amongst other critical functionality.
Please upgrade to Gymnasium, the maintained drop-in replacement of Gym, or contact the authors of your software and request that they upgrade.
See the migration guide at https://gymnasium.farama.org/introduction/migration_guide/ for additional information.
[clips] 交互手=left: 接触传感器已重建 (['left_thumb_elastomer', 'left_index_elastomer', 'left_middle_elastomer', 'left_ring_elastomer', 'left_pinky_elastomer'])
[aux] 第二物体 object_1(sponge / dishcloth (7.6x3.8x13.2cm, scrub face = input -y)): 相对主体偏移 [-0.6, -4.0, 2.9]cm (来自 scene_layout)
[aux]   (诊断) layout 内两物体偏航差 179.2° —— **不**用它做任何补偿: 摆放是纯平移, 且旋转体的 yaw 是任意值

[36m======================================================================================[0m
[36m[1m[INFO][IsaacLab]: Logging to file: /tmp/isaaclab/logs/isaaclab_2026-09-14_06-27-20.log[0m
[36m======================================================================================[0m

[33m06:27:20 [simulation_context.py] WARNING: The `enable_external_forces_every_iteration` parameter in the PhysxCfg is set to False. If you are experiencing noisy velocities, consider enabling this flag. You may need to slightly increase the number of velocity iterations (setting it to 1 or 2 rather than 0), together with this flag, to improve the accuracy of velocity updates.[0m
[INFO]: Base environment:
	Environment device    : cuda:0
	Environment seed      : 42
	Physics step-size     : 0.004166666666666667
	Rendering step-size   : 0.008333333333333333
	Environment step-size : 0.05
[33m06:27:20 [direct_rl_env.py] WARNING: The render interval (2) is smaller than the decimation (12). Multiple render calls will happen for each environment step.If this is not intended, set the render interval to be equal to the decimation.[0m
[33m06:27:22 [prims.py] WARNING: Could not perform 'modify_rigid_body_properties' on any prims under: '/World/envs/env_0/Object'. This might be because of the following reasons:
	(1) The desired attribute does not exist on any of the prims.
	(2) The desired attribute exists on an instanced prim.
		Discovered list of instanced prim paths: [][0m
[33m06:27:22 [prims.py] WARNING: Could not perform 'modify_collision_properties' on any prims under: '/World/envs/env_0/Object'. This might be because of the following reasons:
	(1) The desired attribute does not exist on any of the prims.
	(2) The desired attribute exists on an instanced prim.
		Discovered list of instanced prim paths: [][0m
[33m06:27:22 [prims.py] WARNING: Could not perform 'modify_mass_properties' on any prims under: '/World/envs/env_0/Object'. This might be because of the following reasons:
	(1) The desired attribute does not exist on any of the prims.
	(2) The desired attribute exists on an instanced prim.
		Discovered list of instanced prim paths: [][0m
[setup] object 刚体化: 1 mesh, mass=0.3kg
[33m06:27:26 [interactive_scene.py] WARNING: Collision filtering can only be automatically enabled when replicate_physics=True and using GPU simulation. Please call scene.filter_collisions(global_prim_paths) to filter collisions across environments.[0m
[setup] 物体材质=/World/Materials/SuperGrip×512 指尖SuperGrip×5120 手身LowGrip×512
[aux] 自由第二物体就绪: sponge / dishcloth (7.6x3.8x13.2cm, scrub face = input -y) mass=0.05kg friction=1.0 (无约束/不豁免碰撞)
[HoldProbe] plate convex decomposition: maxConvexHulls=128 shrinkWrap ×512 mesh
[INFO]: Time taken for scene creation : 30.941105 seconds
[INFO]: Scene manager:  <class InteractiveScene>
	Number of environments: 512
	Environment spacing   : 2.0
	Source prim name      : /World/envs/env_0
	Global prim paths     : []
	Replicate physics     : False
[INFO]: Starting the simulation. This may take a few seconds. Please wait...
[INFO]: Time taken for simulation start : 33.521671 seconds
[INFO]: Completed setting up the environment...
[phys] 难度覆写 物体: 质量=0.300kg 摩擦=1.00/1.00
[phys] 指垫摩擦覆写 = 1.0
[dexmate] 交互侧=left | 臂 ['L_arm_j1', 'L_arm_j2', 'L_arm_j3', 'L_arm_j4', 'L_arm_j5', 'L_arm_j6', 'L_arm_j7'] | 手 22 关节 | 末端 body=left_hand_C_MC
[smooth] 剔除漂移帧 []   物体位置最大修正 3.67 cm
[fp-dbg] sxy=[ 0.0511 -0.124 ] palm=[-0.2983  0.069 ] a_off=[0.     0.0002 0.001 ] dz=0.0000 obj_z=0.8833 rest_q=[ 0.7037  0.7105 -0.0009  0.    ]
[replay_grasp] L=400 PreGrasp帧 gs=1(src 0) 合拢至 ge=31 | 相机锚定 + 物体听手 (质心对准交互帧抓取锚点) 物体原点 xy=(-0.247,-0.055) z=0.883 | 腕 path 平移 xy=13.4cm z=+0.00cm
[debug] hand bodies: [('vega_1p_mobile', 1.0), ('dummy_base_x', 9.999999747378752e-05), ('dummy_base_y', 9.999999747378752e-05), ('vega_1p_base', 88.43486785888672), ('B_base_cam', 0.0030900000128895044), ('F_base_cam', 0.0030900000128895044), ('L_base_cam', 0.0030900000128895044), ('R_base_cam', 0.0030900000128895044), ('vega_1p_back_lidar', 0.004230000078678131), ('vega_1p_front_lidar', 0.1509999930858612), ('vega_1p_torso_l1', 8.832340240478516), ('vega_1p_torso_l2', 14.589259147644043), ('vega_1p_torso_l3', 5.328859806060791), ('arm_center', 1.0), ('vega_1p_L_arm_l1', 1.4135099649429321), ('vega_1p_R_arm_l1', 1.4240100383758545), ('vega_1p_head_l1', 0.43780001997947693), ('L_arm_l2', 1.405940055847168), ('R_arm_l2', 1.4059499502182007), ('vega_1p_head_l2', 0.6077200174331665), ('L_arm_l3', 1.1609400510787964), ('R_arm_l3', 1.1607999801635742), ('vega_1p_head_l3', 0.6327800154685974), ('L_arm_l4', 0.9320400357246399), ('R_arm_l4', 0.9320400357246399), ('zed_left_camera', 1.0), ('zed_depth_frame', 1.0), ('zed_right_camera', 1.0), ('L_arm_l5', 0.6458200216293335), ('R_arm_l5', 0.6458200216293335), ('vega_1p_L_arm_l6', 0.5541999936103821), ('vega_1p_R_arm_l6', 0.5537199974060059), ('L_arm_l7', 0.35802000761032104), ('R_arm_l7', 0.35802000761032104), ('L_arm_l8', 0.2006399929523468), ('R_arm_l8', 0.2006399929523468), ('L_ee', 1.0), ('left_hand_C_MC', 0.650600016117096), ('R_ee', 1.0), ('right_hand_C_MC', 0.650600016117096), ('left_index_MCP_VL', 0.0022100000642240047), ('left_middle_MCP_VL', 0.0022100000642240047), ('left_pinky_MC', 0.12541000545024872), ('left_ring_MCP_VL', 0.0022100000642240047), ('left_thumb_CMC_VL', 0.0024999999441206455), ('right_index_MCP_VL', 0.0022100000642240047), ('right_middle_MCP_VL', 0.0022100000642240047), ('right_pinky_MC', 0.12541000545024872), ('right_ring_MCP_VL', 0.0022100000642240047), ('right_thumb_CMC_VL', 0.0024999999441206455), ('left_index_PP', 0.04741000011563301), ('left_middle_PP', 0.04741000011563301), ('left_pinky_MCP_VL', 0.0022100000642240047), ('left_ring_PP', 0.04741000011563301), ('left_thumb_MC', 0.13586999475955963), ('right_index_PP', 0.04741000011563301), ('right_middle_PP', 0.04741000011563301), ('right_pinky_MCP_VL', 0.0022100000642240047), ('right_ring_PP', 0.04741000011563301), ('right_thumb_MC', 0.13586999475955963), ('left_index_MP', 0.018239999189972878), ('left_middle_MP', 0.018239999189972878), ('left_pinky_PP', 0.04741000011563301), ('left_ring_MP', 0.018239999189972878), ('left_thumb_MCP_VL', 7.999999797903001e-05), ('right_index_MP', 0.018239999189972878), ('right_middle_MP', 0.018239999189972878), ('right_pinky_PP', 0.04741000011563301), ('right_ring_MP', 0.018239999189972878), ('right_thumb_MCP_VL', 7.999999797903001e-05), ('left_index_DP', 0.004550000187009573), ('left_middle_DP', 0.004550000187009573), ('left_pinky_MP', 0.018239999189972878), ('left_ring_DP', 0.004550000187009573), ('left_thumb_PP', 0.030780000612139702), ('right_index_DP', 0.004550000187009573), ('right_middle_DP', 0.004550000187009573), ('right_pinky_MP', 0.018239999189972878), ('right_ring_DP', 0.004550000187009573), ('right_thumb_PP', 0.030780000612139702), ('left_index_elastomer', 9.999999747378752e-05), ('left_middle_elastomer', 9.999999747378752e-05), ('left_pinky_DP', 0.004550000187009573), ('left_ring_elastomer', 9.999999747378752e-05), ('left_thumb_DP', 0.009879999794065952), ('right_index_elastomer', 9.999999747378752e-05), ('right_middle_elastomer', 9.999999747378752e-05), ('right_pinky_DP', 0.004550000187009573), ('right_ring_elastomer', 9.999999747378752e-05), ('right_thumb_DP', 0.00788000039756298), ('left_index_fingertip', 9.999999974752427e-07), ('left_middle_fingertip', 9.999999974752427e-07), ('left_pinky_elastomer', 9.999999747378752e-05), ('left_ring_fingertip', 9.999999974752427e-07), ('left_thumb_elastomer', 9.999999747378752e-05), ('right_index_fingertip', 9.999999974752427e-07), ('right_middle_fingertip', 9.999999974752427e-07), ('right_pinky_elastomer', 9.999999747378752e-05), ('right_ring_fingertip', 9.999999974752427e-07), ('right_thumb_elastomer', 9.999999747378752e-05), ('left_pinky_fingertip', 9.999999974752427e-07), ('left_thumb_fingertip', 9.999999974752427e-07), ('right_pinky_fingertip', 9.999999974752427e-07), ('right_thumb_fingertip', 9.999999974752427e-07)]
[debug] hand 总质量 141.872 kg
[reward] 手指模仿通道已关 (无 GraspPose, 参考手指不可信); 抓法由 contact/afford/lift 三项决定
[finger] 累积残差: rate ±5.7°/步 | total ±68.8° | decay 1.0
[dexmate] 躯干已在 USD 里锁死 (fixed joint), 无沉降过程
[dexmate] 相机锚定残差: 实测 ZED xy=[-0.5558000206947327, 0.0] vs 标称 [-0.4079, -0.0004] -> 参考整体补移 [-14.79, 0.04]cm  (标称过期了就改 place_camera.ZED_NOMINAL)
[ref质量] 可达帧位置误差: 中位 0.20cm 95分位 0.20cm 最大 0.20cm
[dexmate] 抬升轨迹: 20 级 x 5cm, 末端实际升 4.6cm
[dexmate] place_mode=ref_builder (保留 ref builder 摆放, 平移 [0.0, 0.0, 0.0]) | IK 全程可达 100.0% | 抓取窗[1,31] 100.0% | 位置误差中位 0.20cm | 顶替 0 帧
[pregrasp] 表面法向已采样 (512, 3) (cent 用局部法向, 形状无关)
[collide] 臂连杆 9 个 (['vega_1p_L_arm_l1', 'L_arm_l2', 'L_arm_l3', 'L_arm_l4', 'L_arm_l5', 'vega_1p_L_arm_l6', 'L_arm_l7', 'L_arm_l8', 'L_ee']) | 需避让 16 个 (躯干/头/另一臂)
[collide] 外壳口径臂罚开启: 8 节连杆 × ≤96 表面点 (余量 1cm)
[prior] 零位校准参考数 (静态 FK: 垫->物体表面, 阈值 1.5cm): 不校准 ['2.4', '2.1', '2.5', '1.7', '2.9']cm (0 垫); 校准后 ['3.3', '1.2', '1.3', '0.9', '2.2']cm (3 垫)  ⚠仅供参考, 不作判据 (见下)
[prior] 模板参与指 5/5: ['thumb', 'index', 'middle', 'ring', 'pinky'] (逐指最近接触点 ['2.9', '2.1', '2.5', '2.2', '2.1']cm) | 判据随之: min_pads=4 verify_min_pads=3 cent 归一 /5
[prior] fixed_attached_tools: 保留任务给定的重建物体首帧位姿
[prior] 物体 yaw **钉死** 0° (来自 Gate 1 的 best_yaw, 与视频一致) | 该角 IK err 0.12cm
[finger_gate] 自标定基准 d_g=16.6cm (GraspPose 处腕-物体距离) | 放开 <20.7cm | 冻结 >41.5cm
[prior]   抬升斜坡: 第 4 级实际抬 9.84mm (要求 10mm) | IK 直解失败 0/20 级
[prior] GraspPose 已接入: /home/lyh/Project/RL_Correction_clean_rel/tasks/pregrasp/priors/Clean3_plate_left.npz
[prior]   IK grasp err 0.12cm | pregrasp err 0.20cm | pre->grasp 最大关节差 0.0°
[prior]   臂外壳离桌余量(指令位形估计): 抓握位 +5.5cm | 预抓位 +5.5cm
[approach] 开: 参考 gs=1 (0.1s) | 预算 121 步 | 切换 <3.00cm & <15.0° 保持2步 | 直接抓取起步比例 0.50
[score] 接触分数图已开: 512 个表面点; 只在 verify 斜坡到顶取快照, 按力占比加权
[pregrasp] v2 稳定抓握+微抬升验证: 起点=PreGrasp(帧1) | 合拢参考 0.025/步 | 候选 ≥4垫 向心≥0.3 保持4步 | 验证升 10mm (4级) | episode ≤ 153 步
[HoldProbe] right: 用母带 T_oh 覆写 (沉降锚) pos=[0.0495, 0.0402, -0.0998]
[HoldProbe] left: 用母带 T_oh 覆写 (沉降锚) pos=[-0.1461, 0.0608, -0.0497]
[HoldProbe] rows=424 dt=0.00417 n_sub=12 prof_r=[0.2, 0.7, 1.3, 1.8, 2.3, 2.7, 3.2, 3.8, 4.3, 4.7, 5.2, 5.8, 6.2, 6.8, 7.2, 7.8, 8.3, 8.7] face_off=1.93cm
[CleanHoldEnv] squeeze 剂量覆写 right_pinky_CMC: β=0.0
[CleanHoldEnv] squeeze 剂量覆写 right_pinky_MCP_AA: β=0.0
[CleanHoldEnv] grasp 姿相邻指尖 侧向间距(cm)={'left': [2.2899999618530273, 2.049999952316284, 3.8399999141693115], 'right': [2.119999885559082, 3.3499999046325684, 1.690000057220459]} 3D距离(cm)={'left': [2.299999952316284, 2.2300000190734863, 4.199999809265137], 'right': [2.369999885559082, 3.369999885559082, 2.109999895095825]} (罚阈 1.0/1.5cm)
[CleanHoldEnv] N=512 obs=367 act=58 T_EP=110 release=50 sag(deg)=[0.10000000149011612, 0.009999999776482582, 0.10999999940395355, -0.1599999964237213, 0.12999999523162842, -0.009999999776482582, -0.23999999463558197, -0.10999999940395355, 0.019999999552965164, -0.09000000357627869, 0.009999999776482582, 0.09000000357627869, -0.18000000715255737, -0.2199999988079071]
[CleanTaskEnv] 臂每步界 cfg.arm_residual_max×arm_step_scale: R=[0.003800000064074993, 0.003800000064074993, 0.003800000064074993, 0.003800000064074993, 0.003800000064074993, 0.003800000064074993, 0.003800000064074993] 累积≤0.08; 硬钳 ['left_middle_MCP_AA', 'left_ring_MCP_AA', 'right_pinky_CMC', 'right_pinky_MCP_AA']
[CleanTaskEnv] 判据几何: 盘顶面剖面 y∈[-0.75,1.22]cm (18 档) | 海绵擦盘面偏移 1.91cm
[CleanTaskEnv] 母带 424 行: 档位 绿236/黄110/红78; psc_ref z∈[2.61,2.94]cm; T_EP=661
[CleanTaskEnv] ★CLEAN_S2_HAND_REF=1 (W=1.0): 人手指姿增量 中位=5.59° 最大=42.71°, 首行=0.000° (应 0); 只进指列, 认证后生效
[CleanTaskEnv] 候选旗: clock_needs_contact=False reanchor=False soft_rel=True (W=0.5) gate_hold=False push=False (p=0.02, 8行, (0.5, 1.5)×mg, m={'left': 0.3, 'right': 0.05}) (fixed_base=True, jac_bid=38, dq_max=0.15)
[CleanTaskEnv] N=512 obs=364 act=58 T_EP=661 release=50 cert=1.0cm/5°×10 die=3cm/20° gate n/xy=1/5cm
[v3net] separate critic ON (priv 22 raw -> critic; actor embeds first 8)
RunningMeanStd:  (364,)
RunningMeanStd:  (1,)
[train_task] N=512 obs=364 act=58 logs=/home/lyh/Project/RL_Correction_clean_rel/logs/Clean3_ablBase_s42_20M_c50 release=50 课程键=sr/cert T_EP=661
[warmup] critic-only 前 10 epoch (actor 冻结, lr 调度暂停)
save current best reward: 0.00
Agent Steps: 0000M | FPS: 2389.5 | Last FPS: 1194.8 | Collect Time: 0.2 min | Train RL Time: 0.0 min | Mean Rewards: 0.00 | Current Best: 0.00
Agent Steps: 0000M | FPS: 1758.4 | Last FPS: 1150.6 | Collect Time: 0.5 min | Train RL Time: 0.0 min | Mean Rewards: -9.12 | Current Best: 0.00
save current best reward: 5.10
Agent Steps: 0000M | FPS: 1536.7 | Last FPS: 1115.0 | Collect Time: 0.7 min | Train RL Time: 0.0 min | Mean Rewards: 5.10 | Current Best: 5.10
Agent Steps: 0000M | FPS: 1430.4 | Last FPS: 1120.4 | Collect Time: 1.0 min | Train RL Time: 0.0 min | Mean Rewards: -0.48 | Current Best: 5.10
Agent Steps: 0000M | FPS: 1365.3 | Last FPS: 1111.9 | Collect Time: 1.2 min | Train RL Time: 0.0 min | Mean Rewards: -2.62 | Current Best: 5.10
Agent Steps: 0000M | FPS: 1323.2 | Last FPS: 1116.7 | Collect Time: 1.4 min | Train RL Time: 0.0 min | Mean Rewards: 0.79 | Current Best: 5.10
Agent Steps: 0000M | FPS: 1292.6 | Last FPS: 1112.6 | Collect Time: 1.7 min | Train RL Time: 0.0 min | Mean Rewards: -0.89 | Current Best: 5.10
Agent Steps: 0000M | FPS: 1271.4 | Last FPS: 1123.7 | Collect Time: 1.9 min | Train RL Time: 0.0 min | Mean Rewards: -3.18 | Current Best: 5.10
Agent Steps: 0000M | FPS: 1253.5 | Last FPS: 1112.6 | Collect Time: 2.2 min | Train RL Time: 0.0 min | Mean Rewards: -5.68 | Current Best: 5.10
Agent Steps: 0000M | FPS: 1239.1 | Last FPS: 1111.4 | Collect Time: 2.4 min | Train RL Time: 0.0 min | Mean Rewards: -8.21 | Current Best: 5.10
[warmup] 结束 @epoch 11, actor 解冻, lr=3.00e-04
Agent Steps: 0000M | FPS: 1226.3 | Last FPS: 1101.8 | Collect Time: 2.7 min | Train RL Time: 0.0 min | Mean Rewards: -9.18 | Current Best: 5.10
Agent Steps: 0000M | FPS: 1216.3 | Last FPS: 1107.7 | Collect Time: 2.9 min | Train RL Time: 0.0 min | Mean Rewards: -9.82 | Current Best: 5.10
Agent Steps: 0000M | FPS: 1207.1 | Last FPS: 1098.7 | Collect Time: 3.2 min | Train RL Time: 0.0 min | Mean Rewards: -7.06 | Current Best: 5.10
Agent Steps: 0000M | FPS: 1199.0 | Last FPS: 1095.8 | Collect Time: 3.4 min | Train RL Time: 0.0 min | Mean Rewards: -13.70 | Current Best: 5.10
Agent Steps: 0000M | FPS: 1191.1 | Last FPS: 1083.6 | Collect Time: 3.7 min | Train RL Time: 0.0 min | Mean Rewards: -18.25 | Current Best: 5.10
Agent Steps: 0000M | FPS: 1183.0 | Last FPS: 1067.0 | Collect Time: 3.9 min | Train RL Time: 0.0 min | Mean Rewards: -10.98 | Current Best: 5.10
Agent Steps: 0000M | FPS: 1175.6 | Last FPS: 1062.7 | Collect Time: 4.2 min | Train RL Time: 0.0 min | Mean Rewards: -12.01 | Current Best: 5.10
Agent Steps: 0000M | FPS: 1168.7 | Last FPS: 1058.0 | Collect Time: 4.4 min | Train RL Time: 0.0 min | Mean Rewards: 2.44 | Current Best: 5.10
Agent Steps: 0000M | FPS: 1162.3 | Last FPS: 1051.9 | Collect Time: 4.7 min | Train RL Time: 0.0 min | Mean Rewards: -1.02 | Current Best: 5.10
Agent Steps: 0000M | FPS: 1156.2 | Last FPS: 1046.6 | Collect Time: 4.9 min | Train RL Time: 0.0 min | Mean Rewards: 4.79 | Current Best: 5.10
Agent Steps: 0000M | FPS: 1151.1 | Last FPS: 1054.5 | Collect Time: 5.2 min | Train RL Time: 0.0 min | Mean Rewards: -3.20 | Current Best: 5.10
Agent Steps: 0000M | FPS: 1146.1 | Last FPS: 1046.3 | Collect Time: 5.5 min | Train RL Time: 0.0 min | Mean Rewards: -0.26 | Current Best: 5.10
Agent Steps: 0000M | FPS: 1142.3 | Last FPS: 1059.9 | Collect Time: 5.7 min | Train RL Time: 0.0 min | Mean Rewards: 4.22 | Current Best: 5.10
save current best reward: 7.32
Agent Steps: 0000M | FPS: 1137.7 | Last FPS: 1037.2 | Collect Time: 6.0 min | Train RL Time: 0.0 min | Mean Rewards: 7.32 | Current Best: 7.32
save current best reward: 10.66
Agent Steps: 0000M | FPS: 1132.8 | Last FPS: 1024.1 | Collect Time: 6.3 min | Train RL Time: 0.0 min | Mean Rewards: 10.66 | Current Best: 10.66
save current best reward: 11.28
Agent Steps: 0000M | FPS: 1128.4 | Last FPS: 1023.6 | Collect Time: 6.5 min | Train RL Time: 0.0 min | Mean Rewards: 11.28 | Current Best: 11.28
save current best reward: 15.55
Agent Steps: 0000M | FPS: 1125.1 | Last FPS: 1044.4 | Collect Time: 6.8 min | Train RL Time: 0.0 min | Mean Rewards: 15.55 | Current Best: 15.55
save current best reward: 15.72
Agent Steps: 0000M | FPS: 1121.7 | Last FPS: 1033.1 | Collect Time: 7.0 min | Train RL Time: 0.0 min | Mean Rewards: 15.72 | Current Best: 15.72
Agent Steps: 0000M | FPS: 1118.7 | Last FPS: 1037.6 | Collect Time: 7.3 min | Train RL Time: 0.0 min | Mean Rewards: 15.33 | Current Best: 15.72
Agent Steps: 0000M | FPS: 1115.7 | Last FPS: 1034.4 | Collect Time: 7.6 min | Train RL Time: 0.0 min | Mean Rewards: 13.19 | Current Best: 15.72
Agent Steps: 0000M | FPS: 1113.2 | Last FPS: 1040.2 | Collect Time: 7.8 min | Train RL Time: 0.0 min | Mean Rewards: 15.40 | Current Best: 15.72
Agent Steps: 0000M | FPS: 1110.7 | Last FPS: 1035.0 | Collect Time: 8.1 min | Train RL Time: 0.0 min | Mean Rewards: 14.76 | Current Best: 15.72
save current best reward: 16.14
Agent Steps: 0000M | FPS: 1108.2 | Last FPS: 1031.2 | Collect Time: 8.4 min | Train RL Time: 0.0 min | Mean Rewards: 16.14 | Current Best: 16.14
save current best reward: 17.87
Agent Steps: 0000M | FPS: 1105.8 | Last FPS: 1032.3 | Collect Time: 8.6 min | Train RL Time: 0.0 min | Mean Rewards: 17.87 | Current Best: 17.87
save current best reward: 19.01
Agent Steps: 0000M | FPS: 1103.7 | Last FPS: 1034.5 | Collect Time: 8.9 min | Train RL Time: 0.0 min | Mean Rewards: 19.01 | Current Best: 19.01
save current best reward: 20.18
Agent Steps: 0000M | FPS: 1101.6 | Last FPS: 1030.4 | Collect Time: 9.1 min | Train RL Time: 0.0 min | Mean Rewards: 20.18 | Current Best: 20.18
save current best reward: 21.28
Agent Steps: 0000M | FPS: 1099.6 | Last FPS: 1030.1 | Collect Time: 9.4 min | Train RL Time: 0.0 min | Mean Rewards: 21.28 | Current Best: 21.28
Agent Steps: 0000M | FPS: 1097.5 | Last FPS: 1022.9 | Collect Time: 9.7 min | Train RL Time: 0.0 min | Mean Rewards: 20.89 | Current Best: 21.28
save current best reward: 22.22
Agent Steps: 0000M | FPS: 1095.9 | Last FPS: 1036.1 | Collect Time: 9.9 min | Train RL Time: 0.0 min | Mean Rewards: 22.22 | Current Best: 22.22
save current best reward: 22.86
Agent Steps: 0000M | FPS: 1094.3 | Last FPS: 1035.6 | Collect Time: 10.2 min | Train RL Time: 0.0 min | Mean Rewards: 22.86 | Current Best: 22.86
save current best reward: 24.56
Agent Steps: 0000M | FPS: 1093.0 | Last FPS: 1041.4 | Collect Time: 10.5 min | Train RL Time: 0.0 min | Mean Rewards: 24.56 | Current Best: 24.56
save current best reward: 26.88
Agent Steps: 0000M | FPS: 1091.5 | Last FPS: 1033.1 | Collect Time: 10.7 min | Train RL Time: 0.0 min | Mean Rewards: 26.88 | Current Best: 26.88
save current best reward: 29.62
Agent Steps: 0000M | FPS: 1090.0 | Last FPS: 1030.6 | Collect Time: 11.0 min | Train RL Time: 0.0 min | Mean Rewards: 29.62 | Current Best: 29.62
[课程] release_row -> 45 @ 0.74M
save current best reward: 32.30
Agent Steps: 0000M | FPS: 1088.4 | Last FPS: 1021.6 | Collect Time: 11.3 min | Train RL Time: 0.0 min | Mean Rewards: 32.30 | Current Best: 32.30
save current best reward: 35.09
Agent Steps: 0000M | FPS: 1086.9 | Last FPS: 1021.2 | Collect Time: 11.5 min | Train RL Time: 0.0 min | Mean Rewards: 35.09 | Current Best: 35.09
save current best reward: 37.90
Agent Steps: 0000M | FPS: 1085.4 | Last FPS: 1021.0 | Collect Time: 11.8 min | Train RL Time: 0.0 min | Mean Rewards: 37.90 | Current Best: 37.90
save current best reward: 41.27
Agent Steps: 0000M | FPS: 1083.9 | Last FPS: 1016.8 | Collect Time: 12.1 min | Train RL Time: 0.0 min | Mean Rewards: 41.27 | Current Best: 41.27
Agent Steps: 0000M | FPS: 1082.3 | Last FPS: 1011.7 | Collect Time: 12.3 min | Train RL Time: 0.0 min | Mean Rewards: 40.70 | Current Best: 41.27
save current best reward: 41.65
Agent Steps: 0000M | FPS: 1080.8 | Last FPS: 1014.8 | Collect Time: 12.6 min | Train RL Time: 0.0 min | Mean Rewards: 41.65 | Current Best: 41.65
save current best reward: 42.56
Agent Steps: 0000M | FPS: 1079.3 | Last FPS: 1006.9 | Collect Time: 12.9 min | Train RL Time: 0.0 min | Mean Rewards: 42.56 | Current Best: 42.56
Agent Steps: 0000M | FPS: 1077.9 | Last FPS: 1009.8 | Collect Time: 13.1 min | Train RL Time: 0.0 min | Mean Rewards: 41.50 | Current Best: 42.56
save current best reward: 44.16
Agent Steps: 0000M | FPS: 1076.4 | Last FPS: 1006.3 | Collect Time: 13.4 min | Train RL Time: 0.0 min | Mean Rewards: 44.16 | Current Best: 44.16
save current best reward: 47.32
Agent Steps: 0000M | FPS: 1075.0 | Last FPS: 1006.0 | Collect Time: 13.7 min | Train RL Time: 0.0 min | Mean Rewards: 47.32 | Current Best: 47.32
save current best reward: 47.78
Agent Steps: 0000M | FPS: 1073.6 | Last FPS: 1002.0 | Collect Time: 13.9 min | Train RL Time: 0.0 min | Mean Rewards: 47.78 | Current Best: 47.78
Agent Steps: 0000M | FPS: 1072.2 | Last FPS: 1001.1 | Collect Time: 14.2 min | Train RL Time: 0.0 min | Mean Rewards: 46.23 | Current Best: 47.78
Agent Steps: 0000M | FPS: 1070.9 | Last FPS: 999.5 | Collect Time: 14.5 min | Train RL Time: 0.0 min | Mean Rewards: 47.60 | Current Best: 47.78
Agent Steps: 0000M | FPS: 1069.5 | Last FPS: 998.8 | Collect Time: 14.8 min | Train RL Time: 0.0 min | Mean Rewards: 46.33 | Current Best: 47.78
save current best reward: 49.56
Agent Steps: 0000M | FPS: 1068.3 | Last FPS: 1000.2 | Collect Time: 15.0 min | Train RL Time: 0.0 min | Mean Rewards: 49.56 | Current Best: 49.56
Agent Steps: 0000M | FPS: 1067.0 | Last FPS: 997.0 | Collect Time: 15.3 min | Train RL Time: 0.0 min | Mean Rewards: 47.74 | Current Best: 49.56
Agent Steps: 0000M | FPS: 1065.9 | Last FPS: 1005.6 | Collect Time: 15.6 min | Train RL Time: 0.0 min | Mean Rewards: 48.36 | Current Best: 49.56
save current best reward: 52.80
Agent Steps: 0001M | FPS: 1064.9 | Last FPS: 1007.9 | Collect Time: 15.9 min | Train RL Time: 0.0 min | Mean Rewards: 52.80 | Current Best: 52.80
Agent Steps: 0001M | FPS: 1063.9 | Last FPS: 1002.2 | Collect Time: 16.1 min | Train RL Time: 0.0 min | Mean Rewards: 50.35 | Current Best: 52.80
save current best reward: 56.19
Agent Steps: 0001M | FPS: 1062.9 | Last FPS: 1002.3 | Collect Time: 16.4 min | Train RL Time: 0.0 min | Mean Rewards: 56.19 | Current Best: 56.19
Agent Steps: 0001M | FPS: 1061.9 | Last FPS: 1003.5 | Collect Time: 16.7 min | Train RL Time: 0.0 min | Mean Rewards: 53.46 | Current Best: 56.19
Agent Steps: 0001M | FPS: 1061.1 | Last FPS: 1010.7 | Collect Time: 16.9 min | Train RL Time: 0.0 min | Mean Rewards: 49.97 | Current Best: 56.19
Agent Steps: 0001M | FPS: 1060.2 | Last FPS: 1003.1 | Collect Time: 17.2 min | Train RL Time: 0.0 min | Mean Rewards: 50.81 | Current Best: 56.19
Agent Steps: 0001M | FPS: 1059.3 | Last FPS: 1006.2 | Collect Time: 17.5 min | Train RL Time: 0.0 min | Mean Rewards: 49.66 | Current Best: 56.19
Agent Steps: 0001M | FPS: 1058.5 | Last FPS: 1007.6 | Collect Time: 17.7 min | Train RL Time: 0.0 min | Mean Rewards: 48.33 | Current Best: 56.19
Agent Steps: 0001M | FPS: 1057.7 | Last FPS: 1000.2 | Collect Time: 18.0 min | Train RL Time: 0.0 min | Mean Rewards: 47.31 | Current Best: 56.19
Agent Steps: 0001M | FPS: 1056.7 | Last FPS: 996.1 | Collect Time: 18.3 min | Train RL Time: 0.0 min | Mean Rewards: 47.94 | Current Best: 56.19
Agent Steps: 0001M | FPS: 1056.0 | Last FPS: 1003.2 | Collect Time: 18.6 min | Train RL Time: 0.0 min | Mean Rewards: 47.51 | Current Best: 56.19
Agent Steps: 0001M | FPS: 1055.1 | Last FPS: 999.8 | Collect Time: 18.8 min | Train RL Time: 0.0 min | Mean Rewards: 50.19 | Current Best: 56.19
Agent Steps: 0001M | FPS: 1054.3 | Last FPS: 997.1 | Collect Time: 19.1 min | Train RL Time: 0.0 min | Mean Rewards: 47.42 | Current Best: 56.19
Agent Steps: 0001M | FPS: 1053.6 | Last FPS: 1000.9 | Collect Time: 19.4 min | Train RL Time: 0.0 min | Mean Rewards: 52.01 | Current Best: 56.19
Agent Steps: 0001M | FPS: 1052.8 | Last FPS: 995.8 | Collect Time: 19.7 min | Train RL Time: 0.0 min | Mean Rewards: 52.14 | Current Best: 56.19
Agent Steps: 0001M | FPS: 1052.1 | Last FPS: 1007.2 | Collect Time: 19.9 min | Train RL Time: 0.0 min | Mean Rewards: 52.86 | Current Best: 56.19
Agent Steps: 0001M | FPS: 1051.3 | Last FPS: 991.2 | Collect Time: 20.2 min | Train RL Time: 0.1 min | Mean Rewards: 53.67 | Current Best: 56.19
Agent Steps: 0001M | FPS: 1050.8 | Last FPS: 1009.7 | Collect Time: 20.5 min | Train RL Time: 0.1 min | Mean Rewards: 55.78 | Current Best: 56.19
save current best reward: 56.69
Agent Steps: 0001M | FPS: 1050.2 | Last FPS: 1004.6 | Collect Time: 20.7 min | Train RL Time: 0.1 min | Mean Rewards: 56.69 | Current Best: 56.69
save current best reward: 59.88
Agent Steps: 0001M | FPS: 1049.5 | Last FPS: 997.3 | Collect Time: 21.0 min | Train RL Time: 0.1 min | Mean Rewards: 59.88 | Current Best: 59.88
save current best reward: 63.72
Agent Steps: 0001M | FPS: 1048.8 | Last FPS: 994.6 | Collect Time: 21.3 min | Train RL Time: 0.1 min | Mean Rewards: 63.72 | Current Best: 63.72
save current best reward: 64.16
Agent Steps: 0001M | FPS: 1048.2 | Last FPS: 999.9 | Collect Time: 21.6 min | Train RL Time: 0.1 min | Mean Rewards: 64.16 | Current Best: 64.16
save current best reward: 67.59
Agent Steps: 0001M | FPS: 1047.6 | Last FPS: 1000.8 | Collect Time: 21.8 min | Train RL Time: 0.1 min | Mean Rewards: 67.59 | Current Best: 67.59
Agent Steps: 0001M | FPS: 1047.0 | Last FPS: 998.3 | Collect Time: 22.1 min | Train RL Time: 0.1 min | Mean Rewards: 66.56 | Current Best: 67.59
Agent Steps: 0001M | FPS: 1046.4 | Last FPS: 1000.3 | Collect Time: 22.4 min | Train RL Time: 0.1 min | Mean Rewards: 66.74 | Current Best: 67.59
[课程] release_row -> 40 @ 1.43M
save current best reward: 72.67
Agent Steps: 0001M | FPS: 1045.7 | Last FPS: 991.0 | Collect Time: 22.7 min | Train RL Time: 0.1 min | Mean Rewards: 72.67 | Current Best: 72.67
save current best reward: 75.70
Agent Steps: 0001M | FPS: 1045.2 | Last FPS: 998.8 | Collect Time: 22.9 min | Train RL Time: 0.1 min | Mean Rewards: 75.70 | Current Best: 75.70
save current best reward: 80.13
Agent Steps: 0001M | FPS: 1044.5 | Last FPS: 992.5 | Collect Time: 23.2 min | Train RL Time: 0.1 min | Mean Rewards: 80.13 | Current Best: 80.13
Agent Steps: 0001M | FPS: 1044.0 | Last FPS: 994.9 | Collect Time: 23.5 min | Train RL Time: 0.1 min | Mean Rewards: 77.69 | Current Best: 80.13
save current best reward: 80.34
Agent Steps: 0001M | FPS: 1043.4 | Last FPS: 995.0 | Collect Time: 23.7 min | Train RL Time: 0.1 min | Mean Rewards: 80.34 | Current Best: 80.34
save current best reward: 82.47
Agent Steps: 0001M | FPS: 1042.8 | Last FPS: 989.0 | Collect Time: 24.0 min | Train RL Time: 0.1 min | Mean Rewards: 82.47 | Current Best: 82.47
save current best reward: 84.23
Agent Steps: 0001M | FPS: 1042.2 | Last FPS: 989.2 | Collect Time: 24.3 min | Train RL Time: 0.1 min | Mean Rewards: 84.23 | Current Best: 84.23
Agent Steps: 0001M | FPS: 1041.5 | Last FPS: 986.4 | Collect Time: 24.6 min | Train RL Time: 0.1 min | Mean Rewards: 84.10 | Current Best: 84.23
Agent Steps: 0001M | FPS: 1040.9 | Last FPS: 984.3 | Collect Time: 24.9 min | Train RL Time: 0.1 min | Mean Rewards: 81.56 | Current Best: 84.23
save current best reward: 84.77
Agent Steps: 0001M | FPS: 1040.3 | Last FPS: 984.5 | Collect Time: 25.1 min | Train RL Time: 0.1 min | Mean Rewards: 84.77 | Current Best: 84.77
Agent Steps: 0001M | FPS: 1039.6 | Last FPS: 979.5 | Collect Time: 25.4 min | Train RL Time: 0.1 min | Mean Rewards: 83.89 | Current Best: 84.77
save current best reward: 84.92
Agent Steps: 0001M | FPS: 1039.0 | Last FPS: 979.3 | Collect Time: 25.7 min | Train RL Time: 0.1 min | Mean Rewards: 84.92 | Current Best: 84.92
Agent Steps: 0001M | FPS: 1038.3 | Last FPS: 980.0 | Collect Time: 26.0 min | Train RL Time: 0.1 min | Mean Rewards: 83.57 | Current Best: 84.92
Agent Steps: 0001M | FPS: 1037.7 | Last FPS: 977.4 | Collect Time: 26.2 min | Train RL Time: 0.1 min | Mean Rewards: 82.84 | Current Best: 84.92
Agent Steps: 0001M | FPS: 1037.1 | Last FPS: 978.9 | Collect Time: 26.5 min | Train RL Time: 0.1 min | Mean Rewards: 80.80 | Current Best: 84.92
Agent Steps: 0001M | FPS: 1036.5 | Last FPS: 979.0 | Collect Time: 26.8 min | Train RL Time: 0.1 min | Mean Rewards: 77.95 | Current Best: 84.92
Agent Steps: 0001M | FPS: 1035.9 | Last FPS: 980.6 | Collect Time: 27.1 min | Train RL Time: 0.1 min | Mean Rewards: 76.79 | Current Best: 84.92
Agent Steps: 0001M | FPS: 1035.3 | Last FPS: 980.6 | Collect Time: 27.4 min | Train RL Time: 0.1 min | Mean Rewards: 77.40 | Current Best: 84.92
Agent Steps: 0001M | FPS: 1034.8 | Last FPS: 986.3 | Collect Time: 27.6 min | Train RL Time: 0.1 min | Mean Rewards: 74.55 | Current Best: 84.92
Agent Steps: 0001M | FPS: 1034.4 | Last FPS: 986.3 | Collect Time: 27.9 min | Train RL Time: 0.1 min | Mean Rewards: 73.99 | Current Best: 84.92
Agent Steps: 0001M | FPS: 1033.8 | Last FPS: 980.8 | Collect Time: 28.2 min | Train RL Time: 0.1 min | Mean Rewards: 76.34 | Current Best: 84.92
Agent Steps: 0001M | FPS: 1033.3 | Last FPS: 983.6 | Collect Time: 28.5 min | Train RL Time: 0.1 min | Mean Rewards: 76.78 | Current Best: 84.92
Agent Steps: 0001M | FPS: 1032.9 | Last FPS: 982.4 | Collect Time: 28.7 min | Train RL Time: 0.1 min | Mean Rewards: 77.35 | Current Best: 84.92
Agent Steps: 0001M | FPS: 1032.4 | Last FPS: 982.5 | Collect Time: 29.0 min | Train RL Time: 0.1 min | Mean Rewards: 79.12 | Current Best: 84.92
Agent Steps: 0001M | FPS: 1031.9 | Last FPS: 979.7 | Collect Time: 29.3 min | Train RL Time: 0.1 min | Mean Rewards: 80.45 | Current Best: 84.92
Agent Steps: 0001M | FPS: 1031.4 | Last FPS: 979.6 | Collect Time: 29.6 min | Train RL Time: 0.1 min | Mean Rewards: 79.45 | Current Best: 84.92
Agent Steps: 0001M | FPS: 1031.0 | Last FPS: 985.9 | Collect Time: 29.8 min | Train RL Time: 0.1 min | Mean Rewards: 81.37 | Current Best: 84.92
Agent Steps: 0001M | FPS: 1030.5 | Last FPS: 981.3 | Collect Time: 30.1 min | Train RL Time: 0.1 min | Mean Rewards: 80.24 | Current Best: 84.92
Agent Steps: 0001M | FPS: 1030.1 | Last FPS: 988.4 | Collect Time: 30.4 min | Train RL Time: 0.1 min | Mean Rewards: 79.53 | Current Best: 84.92
Agent Steps: 0001M | FPS: 1029.7 | Last FPS: 985.5 | Collect Time: 30.7 min | Train RL Time: 0.1 min | Mean Rewards: 79.56 | Current Best: 84.92
Agent Steps: 0001M | FPS: 1029.3 | Last FPS: 985.3 | Collect Time: 31.0 min | Train RL Time: 0.1 min | Mean Rewards: 79.82 | Current Best: 84.92
Agent Steps: 0001M | FPS: 1029.0 | Last FPS: 989.3 | Collect Time: 31.2 min | Train RL Time: 0.1 min | Mean Rewards: 80.63 | Current Best: 84.92
Agent Steps: 0001M | FPS: 1028.6 | Last FPS: 988.4 | Collect Time: 31.5 min | Train RL Time: 0.1 min | Mean Rewards: 82.01 | Current Best: 84.92
[课程] release_row -> 35 @ 1.97M
Agent Steps: 0001M | FPS: 1028.3 | Last FPS: 991.1 | Collect Time: 31.8 min | Train RL Time: 0.1 min | Mean Rewards: 83.39 | Current Best: 84.92
Agent Steps: 0001M | FPS: 1028.0 | Last FPS: 989.9 | Collect Time: 32.1 min | Train RL Time: 0.1 min | Mean Rewards: 84.02 | Current Best: 84.92
save current best reward: 85.98
Agent Steps: 0001M | FPS: 1027.7 | Last FPS: 991.6 | Collect Time: 32.3 min | Train RL Time: 0.1 min | Mean Rewards: 85.98 | Current Best: 85.98
Agent Steps: 0002M | FPS: 1027.3 | Last FPS: 991.1 | Collect Time: 32.6 min | Train RL Time: 0.1 min | Mean Rewards: 83.83 | Current Best: 85.98
Agent Steps: 0002M | FPS: 1027.1 | Last FPS: 994.1 | Collect Time: 32.9 min | Train RL Time: 0.1 min | Mean Rewards: 79.01 | Current Best: 85.98
Agent Steps: 0002M | FPS: 1026.7 | Last FPS: 988.1 | Collect Time: 33.2 min | Train RL Time: 0.1 min | Mean Rewards: 76.28 | Current Best: 85.98
Agent Steps: 0002M | FPS: 1026.5 | Last FPS: 1000.2 | Collect Time: 33.4 min | Train RL Time: 0.1 min | Mean Rewards: 78.62 | Current Best: 85.98
Agent Steps: 0002M | FPS: 1026.3 | Last FPS: 997.2 | Collect Time: 33.7 min | Train RL Time: 0.1 min | Mean Rewards: 79.21 | Current Best: 85.98
Agent Steps: 0002M | FPS: 1026.1 | Last FPS: 997.3 | Collect Time: 34.0 min | Train RL Time: 0.1 min | Mean Rewards: 79.06 | Current Best: 85.98
Agent Steps: 0002M | FPS: 1025.8 | Last FPS: 999.2 | Collect Time: 34.2 min | Train RL Time: 0.1 min | Mean Rewards: 76.45 | Current Best: 85.98
Agent Steps: 0002M | FPS: 1025.6 | Last FPS: 996.0 | Collect Time: 34.5 min | Train RL Time: 0.1 min | Mean Rewards: 80.01 | Current Best: 85.98
Agent Steps: 0002M | FPS: 1025.4 | Last FPS: 995.3 | Collect Time: 34.8 min | Train RL Time: 0.1 min | Mean Rewards: 81.24 | Current Best: 85.98
Agent Steps: 0002M | FPS: 1025.1 | Last FPS: 993.2 | Collect Time: 35.1 min | Train RL Time: 0.1 min | Mean Rewards: 76.09 | Current Best: 85.98
Agent Steps: 0002M | FPS: 1024.9 | Last FPS: 994.7 | Collect Time: 35.3 min | Train RL Time: 0.1 min | Mean Rewards: 81.33 | Current Best: 85.98
Agent Steps: 0002M | FPS: 1024.7 | Last FPS: 999.7 | Collect Time: 35.6 min | Train RL Time: 0.1 min | Mean Rewards: 79.51 | Current Best: 85.98
Agent Steps: 0002M | FPS: 1024.5 | Last FPS: 997.5 | Collect Time: 35.9 min | Train RL Time: 0.1 min | Mean Rewards: 80.38 | Current Best: 85.98
Agent Steps: 0002M | FPS: 1024.3 | Last FPS: 998.7 | Collect Time: 36.2 min | Train RL Time: 0.1 min | Mean Rewards: 79.44 | Current Best: 85.98
Agent Steps: 0002M | FPS: 1024.1 | Last FPS: 1005.5 | Collect Time: 36.4 min | Train RL Time: 0.1 min | Mean Rewards: 77.20 | Current Best: 85.98
Agent Steps: 0002M | FPS: 1024.0 | Last FPS: 1007.3 | Collect Time: 36.7 min | Train RL Time: 0.1 min | Mean Rewards: 76.43 | Current Best: 85.98
Agent Steps: 0002M | FPS: 1023.8 | Last FPS: 994.2 | Collect Time: 37.0 min | Train RL Time: 0.1 min | Mean Rewards: 77.12 | Current Best: 85.98
Agent Steps: 0002M | FPS: 1023.6 | Last FPS: 1000.3 | Collect Time: 37.2 min | Train RL Time: 0.1 min | Mean Rewards: 78.35 | Current Best: 85.98
Agent Steps: 0002M | FPS: 1023.5 | Last FPS: 1003.3 | Collect Time: 37.5 min | Train RL Time: 0.1 min | Mean Rewards: 78.35 | Current Best: 85.98
Agent Steps: 0002M | FPS: 1023.3 | Last FPS: 1001.4 | Collect Time: 37.8 min | Train RL Time: 0.1 min | Mean Rewards: 77.78 | Current Best: 85.98
Agent Steps: 0002M | FPS: 1023.2 | Last FPS: 1002.7 | Collect Time: 38.1 min | Train RL Time: 0.1 min | Mean Rewards: 78.52 | Current Best: 85.98
Agent Steps: 0002M | FPS: 1023.0 | Last FPS: 1001.2 | Collect Time: 38.3 min | Train RL Time: 0.1 min | Mean Rewards: 79.20 | Current Best: 85.98
Agent Steps: 0002M | FPS: 1022.9 | Last FPS: 998.6 | Collect Time: 38.6 min | Train RL Time: 0.1 min | Mean Rewards: 79.89 | Current Best: 85.98
Agent Steps: 0002M | FPS: 1022.7 | Last FPS: 999.7 | Collect Time: 38.9 min | Train RL Time: 0.1 min | Mean Rewards: 76.03 | Current Best: 85.98
Agent Steps: 0002M | FPS: 1022.5 | Last FPS: 1001.6 | Collect Time: 39.1 min | Train RL Time: 0.1 min | Mean Rewards: 77.70 | Current Best: 85.98
Agent Steps: 0002M | FPS: 1022.4 | Last FPS: 999.9 | Collect Time: 39.4 min | Train RL Time: 0.1 min | Mean Rewards: 72.17 | Current Best: 85.98
Agent Steps: 0002M | FPS: 1022.2 | Last FPS: 999.8 | Collect Time: 39.7 min | Train RL Time: 0.1 min | Mean Rewards: 71.39 | Current Best: 85.98
Agent Steps: 0002M | FPS: 1022.0 | Last FPS: 992.9 | Collect Time: 40.0 min | Train RL Time: 0.1 min | Mean Rewards: 70.52 | Current Best: 85.98
Agent Steps: 0002M | FPS: 1021.8 | Last FPS: 994.8 | Collect Time: 40.2 min | Train RL Time: 0.1 min | Mean Rewards: 73.57 | Current Best: 85.98
Agent Steps: 0002M | FPS: 1021.7 | Last FPS: 995.7 | Collect Time: 40.5 min | Train RL Time: 0.1 min | Mean Rewards: 74.26 | Current Best: 85.98
[课程] release_row -> 30 @ 2.51M
Agent Steps: 0002M | FPS: 1021.5 | Last FPS: 998.0 | Collect Time: 40.8 min | Train RL Time: 0.1 min | Mean Rewards: 75.06 | Current Best: 85.98
Agent Steps: 0002M | FPS: 1021.3 | Last FPS: 995.7 | Collect Time: 41.1 min | Train RL Time: 0.1 min | Mean Rewards: 75.49 | Current Best: 85.98
Agent Steps: 0002M | FPS: 1021.2 | Last FPS: 993.0 | Collect Time: 41.3 min | Train RL Time: 0.1 min | Mean Rewards: 75.37 | Current Best: 85.98
Agent Steps: 0002M | FPS: 1021.0 | Last FPS: 990.8 | Collect Time: 41.6 min | Train RL Time: 0.1 min | Mean Rewards: 76.41 | Current Best: 85.98
Agent Steps: 0002M | FPS: 1020.8 | Last FPS: 991.4 | Collect Time: 41.9 min | Train RL Time: 0.1 min | Mean Rewards: 75.31 | Current Best: 85.98
Agent Steps: 0002M | FPS: 1020.6 | Last FPS: 992.4 | Collect Time: 42.2 min | Train RL Time: 0.1 min | Mean Rewards: 80.58 | Current Best: 85.98
Agent Steps: 0002M | FPS: 1020.4 | Last FPS: 992.4 | Collect Time: 42.4 min | Train RL Time: 0.1 min | Mean Rewards: 81.05 | Current Best: 85.98
Agent Steps: 0002M | FPS: 1020.2 | Last FPS: 989.8 | Collect Time: 42.7 min | Train RL Time: 0.1 min | Mean Rewards: 85.55 | Current Best: 85.98
save current best reward: 86.61
Agent Steps: 0002M | FPS: 1020.0 | Last FPS: 996.4 | Collect Time: 43.0 min | Train RL Time: 0.1 min | Mean Rewards: 86.61 | Current Best: 86.61
Agent Steps: 0002M | FPS: 1019.9 | Last FPS: 993.1 | Collect Time: 43.3 min | Train RL Time: 0.1 min | Mean Rewards: 85.50 | Current Best: 86.61
Agent Steps: 0002M | FPS: 1019.7 | Last FPS: 990.4 | Collect Time: 43.5 min | Train RL Time: 0.1 min | Mean Rewards: 85.84 | Current Best: 86.61
Agent Steps: 0002M | FPS: 1019.5 | Last FPS: 996.3 | Collect Time: 43.8 min | Train RL Time: 0.1 min | Mean Rewards: 84.61 | Current Best: 86.61
save current best reward: 86.92
Agent Steps: 0002M | FPS: 1019.4 | Last FPS: 993.6 | Collect Time: 44.1 min | Train RL Time: 0.1 min | Mean Rewards: 86.92 | Current Best: 86.92
save current best reward: 87.41
Agent Steps: 0002M | FPS: 1019.2 | Last FPS: 986.9 | Collect Time: 44.4 min | Train RL Time: 0.1 min | Mean Rewards: 87.41 | Current Best: 87.41
save current best reward: 87.96
Agent Steps: 0002M | FPS: 1019.0 | Last FPS: 993.7 | Collect Time: 44.6 min | Train RL Time: 0.1 min | Mean Rewards: 87.96 | Current Best: 87.96
save current best reward: 90.28
Agent Steps: 0002M | FPS: 1018.8 | Last FPS: 990.4 | Collect Time: 44.9 min | Train RL Time: 0.1 min | Mean Rewards: 90.28 | Current Best: 90.28
save current best reward: 92.59
Agent Steps: 0002M | FPS: 1018.7 | Last FPS: 992.9 | Collect Time: 45.2 min | Train RL Time: 0.1 min | Mean Rewards: 92.59 | Current Best: 92.59
save current best reward: 92.76
Agent Steps: 0002M | FPS: 1018.5 | Last FPS: 994.6 | Collect Time: 45.4 min | Train RL Time: 0.1 min | Mean Rewards: 92.76 | Current Best: 92.76
save current best reward: 93.66
Agent Steps: 0002M | FPS: 1018.4 | Last FPS: 991.1 | Collect Time: 45.7 min | Train RL Time: 0.1 min | Mean Rewards: 93.66 | Current Best: 93.66
Agent Steps: 0002M | FPS: 1018.2 | Last FPS: 995.1 | Collect Time: 46.0 min | Train RL Time: 0.1 min | Mean Rewards: 92.95 | Current Best: 93.66
save current best reward: 98.32
Agent Steps: 0002M | FPS: 1018.1 | Last FPS: 988.3 | Collect Time: 46.3 min | Train RL Time: 0.1 min | Mean Rewards: 98.32 | Current Best: 98.32
save current best reward: 100.80
Agent Steps: 0002M | FPS: 1017.9 | Last FPS: 990.8 | Collect Time: 46.5 min | Train RL Time: 0.1 min | Mean Rewards: 100.80 | Current Best: 100.80
save current best reward: 105.03
Agent Steps: 0002M | FPS: 1017.8 | Last FPS: 999.9 | Collect Time: 46.8 min | Train RL Time: 0.1 min | Mean Rewards: 105.03 | Current Best: 105.03
save current best reward: 107.76
Agent Steps: 0002M | FPS: 1017.6 | Last FPS: 991.9 | Collect Time: 47.1 min | Train RL Time: 0.1 min | Mean Rewards: 107.76 | Current Best: 107.76
save current best reward: 110.03
Agent Steps: 0002M | FPS: 1017.5 | Last FPS: 999.8 | Collect Time: 47.4 min | Train RL Time: 0.1 min | Mean Rewards: 110.03 | Current Best: 110.03
save current best reward: 110.24
Agent Steps: 0002M | FPS: 1017.4 | Last FPS: 997.8 | Collect Time: 47.6 min | Train RL Time: 0.1 min | Mean Rewards: 110.24 | Current Best: 110.24
save current best reward: 111.75
Agent Steps: 0002M | FPS: 1017.3 | Last FPS: 997.7 | Collect Time: 47.9 min | Train RL Time: 0.1 min | Mean Rewards: 111.75 | Current Best: 111.75
save current best reward: 111.96
Agent Steps: 0002M | FPS: 1017.2 | Last FPS: 996.8 | Collect Time: 48.2 min | Train RL Time: 0.1 min | Mean Rewards: 111.96 | Current Best: 111.96
save current best reward: 113.49
Agent Steps: 0002M | FPS: 1017.1 | Last FPS: 991.2 | Collect Time: 48.5 min | Train RL Time: 0.1 min | Mean Rewards: 113.49 | Current Best: 113.49
Agent Steps: 0002M | FPS: 1016.9 | Last FPS: 993.0 | Collect Time: 48.7 min | Train RL Time: 0.1 min | Mean Rewards: 112.38 | Current Best: 113.49
save current best reward: 114.64
Agent Steps: 0002M | FPS: 1016.8 | Last FPS: 990.3 | Collect Time: 49.0 min | Train RL Time: 0.1 min | Mean Rewards: 114.64 | Current Best: 114.64
save current best reward: 116.79
Agent Steps: 0003M | FPS: 1016.6 | Last FPS: 995.4 | Collect Time: 49.3 min | Train RL Time: 0.1 min | Mean Rewards: 116.79 | Current Best: 116.79
save current best reward: 121.97
Agent Steps: 0003M | FPS: 1016.5 | Last FPS: 998.8 | Collect Time: 49.6 min | Train RL Time: 0.1 min | Mean Rewards: 121.97 | Current Best: 121.97
[课程] release_row -> 25 @ 3.05M
save current best reward: 124.08
Agent Steps: 0003M | FPS: 1016.4 | Last FPS: 993.9 | Collect Time: 49.8 min | Train RL Time: 0.1 min | Mean Rewards: 124.08 | Current Best: 124.08
save current best reward: 125.95
Agent Steps: 0003M | FPS: 1016.3 | Last FPS: 996.6 | Collect Time: 50.1 min | Train RL Time: 0.1 min | Mean Rewards: 125.95 | Current Best: 125.95
Agent Steps: 0003M | FPS: 1016.2 | Last FPS: 994.3 | Collect Time: 50.4 min | Train RL Time: 0.1 min | Mean Rewards: 125.56 | Current Best: 125.95
save current best reward: 128.23
Agent Steps: 0003M | FPS: 1016.1 | Last FPS: 989.3 | Collect Time: 50.7 min | Train RL Time: 0.1 min | Mean Rewards: 128.23 | Current Best: 128.23
Agent Steps: 0003M | FPS: 1015.9 | Last FPS: 991.8 | Collect Time: 50.9 min | Train RL Time: 0.1 min | Mean Rewards: 127.99 | Current Best: 128.23
Agent Steps: 0003M | FPS: 1015.8 | Last FPS: 1002.2 | Collect Time: 51.2 min | Train RL Time: 0.1 min | Mean Rewards: 127.85 | Current Best: 128.23
Agent Steps: 0003M | FPS: 1015.7 | Last FPS: 993.1 | Collect Time: 51.5 min | Train RL Time: 0.1 min | Mean Rewards: 127.65 | Current Best: 128.23
save current best reward: 128.99
Agent Steps: 0003M | FPS: 1015.6 | Last FPS: 1000.8 | Collect Time: 51.7 min | Train RL Time: 0.1 min | Mean Rewards: 128.99 | Current Best: 128.99
save current best reward: 131.05
Agent Steps: 0003M | FPS: 1015.6 | Last FPS: 999.0 | Collect Time: 52.0 min | Train RL Time: 0.1 min | Mean Rewards: 131.05 | Current Best: 131.05
save current best reward: 131.88
Agent Steps: 0003M | FPS: 1015.4 | Last FPS: 992.8 | Collect Time: 52.3 min | Train RL Time: 0.1 min | Mean Rewards: 131.88 | Current Best: 131.88
Agent Steps: 0003M | FPS: 1015.3 | Last FPS: 993.7 | Collect Time: 52.6 min | Train RL Time: 0.1 min | Mean Rewards: 128.75 | Current Best: 131.88
Agent Steps: 0003M | FPS: 1015.2 | Last FPS: 990.0 | Collect Time: 52.8 min | Train RL Time: 0.1 min | Mean Rewards: 129.21 | Current Best: 131.88
save current best reward: 132.73
Agent Steps: 0003M | FPS: 1015.1 | Last FPS: 996.1 | Collect Time: 53.1 min | Train RL Time: 0.1 min | Mean Rewards: 132.73 | Current Best: 132.73
save current best reward: 136.34
Agent Steps: 0003M | FPS: 1015.0 | Last FPS: 991.8 | Collect Time: 53.4 min | Train RL Time: 0.1 min | Mean Rewards: 136.34 | Current Best: 136.34
save current best reward: 137.60
Agent Steps: 0003M | FPS: 1014.9 | Last FPS: 990.5 | Collect Time: 53.7 min | Train RL Time: 0.1 min | Mean Rewards: 137.60 | Current Best: 137.60
Agent Steps: 0003M | FPS: 1014.7 | Last FPS: 989.9 | Collect Time: 53.9 min | Train RL Time: 0.1 min | Mean Rewards: 136.39 | Current Best: 137.60
save current best reward: 141.09
Agent Steps: 0003M | FPS: 1014.6 | Last FPS: 993.5 | Collect Time: 54.2 min | Train RL Time: 0.1 min | Mean Rewards: 141.09 | Current Best: 141.09
save current best reward: 142.11
Agent Steps: 0003M | FPS: 1014.5 | Last FPS: 996.9 | Collect Time: 54.5 min | Train RL Time: 0.1 min | Mean Rewards: 142.11 | Current Best: 142.11
Agent Steps: 0003M | FPS: 1014.4 | Last FPS: 994.9 | Collect Time: 54.8 min | Train RL Time: 0.1 min | Mean Rewards: 139.50 | Current Best: 142.11
save current best reward: 142.58
Agent Steps: 0003M | FPS: 1014.3 | Last FPS: 995.2 | Collect Time: 55.0 min | Train RL Time: 0.1 min | Mean Rewards: 142.58 | Current Best: 142.58
Agent Steps: 0003M | FPS: 1014.2 | Last FPS: 990.4 | Collect Time: 55.3 min | Train RL Time: 0.1 min | Mean Rewards: 141.69 | Current Best: 142.58
save current best reward: 144.60
Agent Steps: 0003M | FPS: 1014.1 | Last FPS: 981.5 | Collect Time: 55.6 min | Train RL Time: 0.1 min | Mean Rewards: 144.60 | Current Best: 144.60
save current best reward: 144.61
Agent Steps: 0003M | FPS: 1013.9 | Last FPS: 983.6 | Collect Time: 55.9 min | Train RL Time: 0.1 min | Mean Rewards: 144.61 | Current Best: 144.61
Agent Steps: 0003M | FPS: 1013.8 | Last FPS: 986.7 | Collect Time: 56.1 min | Train RL Time: 0.1 min | Mean Rewards: 144.07 | Current Best: 144.61
save current best reward: 144.82
Agent Steps: 0003M | FPS: 1013.6 | Last FPS: 989.4 | Collect Time: 56.4 min | Train RL Time: 0.1 min | Mean Rewards: 144.82 | Current Best: 144.82
Agent Steps: 0003M | FPS: 1013.5 | Last FPS: 986.3 | Collect Time: 56.7 min | Train RL Time: 0.1 min | Mean Rewards: 144.16 | Current Best: 144.82
Agent Steps: 0003M | FPS: 1013.4 | Last FPS: 986.1 | Collect Time: 57.0 min | Train RL Time: 0.1 min | Mean Rewards: 140.43 | Current Best: 144.82
Agent Steps: 0003M | FPS: 1013.3 | Last FPS: 1000.1 | Collect Time: 57.2 min | Train RL Time: 0.1 min | Mean Rewards: 140.39 | Current Best: 144.82
Agent Steps: 0003M | FPS: 1013.2 | Last FPS: 989.7 | Collect Time: 57.5 min | Train RL Time: 0.1 min | Mean Rewards: 136.30 | Current Best: 144.82
Agent Steps: 0003M | FPS: 1013.1 | Last FPS: 984.4 | Collect Time: 57.8 min | Train RL Time: 0.1 min | Mean Rewards: 133.53 | Current Best: 144.82
Agent Steps: 0003M | FPS: 1013.0 | Last FPS: 988.7 | Collect Time: 58.1 min | Train RL Time: 0.1 min | Mean Rewards: 136.48 | Current Best: 144.82
Agent Steps: 0003M | FPS: 1012.8 | Last FPS: 989.9 | Collect Time: 58.3 min | Train RL Time: 0.1 min | Mean Rewards: 137.08 | Current Best: 144.82
Agent Steps: 0003M | FPS: 1012.7 | Last FPS: 987.2 | Collect Time: 58.6 min | Train RL Time: 0.1 min | Mean Rewards: 140.03 | Current Best: 144.82
[课程] release_row -> 20 @ 3.59M
Agent Steps: 0003M | FPS: 1012.6 | Last FPS: 990.2 | Collect Time: 58.9 min | Train RL Time: 0.1 min | Mean Rewards: 139.95 | Current Best: 144.82
Agent Steps: 0003M | FPS: 1012.5 | Last FPS: 988.7 | Collect Time: 59.2 min | Train RL Time: 0.1 min | Mean Rewards: 144.31 | Current Best: 144.82
Agent Steps: 0003M | FPS: 1012.4 | Last FPS: 988.5 | Collect Time: 59.4 min | Train RL Time: 0.1 min | Mean Rewards: 142.46 | Current Best: 144.82
Agent Steps: 0003M | FPS: 1012.3 | Last FPS: 989.0 | Collect Time: 59.7 min | Train RL Time: 0.1 min | Mean Rewards: 144.69 | Current Best: 144.82
save current best reward: 146.95
Agent Steps: 0003M | FPS: 1012.2 | Last FPS: 995.9 | Collect Time: 60.0 min | Train RL Time: 0.1 min | Mean Rewards: 146.95 | Current Best: 146.95
save current best reward: 147.72
Agent Steps: 0003M | FPS: 1012.1 | Last FPS: 989.0 | Collect Time: 60.3 min | Train RL Time: 0.1 min | Mean Rewards: 147.72 | Current Best: 147.72
Agent Steps: 0003M | FPS: 1012.0 | Last FPS: 991.0 | Collect Time: 60.5 min | Train RL Time: 0.2 min | Mean Rewards: 147.63 | Current Best: 147.72
save current best reward: 149.45
Agent Steps: 0003M | FPS: 1011.9 | Last FPS: 991.7 | Collect Time: 60.8 min | Train RL Time: 0.2 min | Mean Rewards: 149.45 | Current Best: 149.45
save current best reward: 149.51
Agent Steps: 0003M | FPS: 1011.8 | Last FPS: 995.2 | Collect Time: 61.1 min | Train RL Time: 0.2 min | Mean Rewards: 149.51 | Current Best: 149.51
Agent Steps: 0003M | FPS: 1011.8 | Last FPS: 995.9 | Collect Time: 61.4 min | Train RL Time: 0.2 min | Mean Rewards: 149.11 | Current Best: 149.51
Agent Steps: 0003M | FPS: 1011.7 | Last FPS: 998.6 | Collect Time: 61.6 min | Train RL Time: 0.2 min | Mean Rewards: 146.96 | Current Best: 149.51
Agent Steps: 0003M | FPS: 1011.7 | Last FPS: 997.5 | Collect Time: 61.9 min | Train RL Time: 0.2 min | Mean Rewards: 144.12 | Current Best: 149.51
Agent Steps: 0003M | FPS: 1011.6 | Last FPS: 999.5 | Collect Time: 62.2 min | Train RL Time: 0.2 min | Mean Rewards: 143.54 | Current Best: 149.51
Agent Steps: 0003M | FPS: 1011.5 | Last FPS: 997.5 | Collect Time: 62.5 min | Train RL Time: 0.2 min | Mean Rewards: 144.13 | Current Best: 149.51
Agent Steps: 0003M | FPS: 1011.5 | Last FPS: 998.3 | Collect Time: 62.7 min | Train RL Time: 0.2 min | Mean Rewards: 146.16 | Current Best: 149.51
Agent Steps: 0003M | FPS: 1011.4 | Last FPS: 998.4 | Collect Time: 63.0 min | Train RL Time: 0.2 min | Mean Rewards: 148.74 | Current Best: 149.51
Agent Steps: 0003M | FPS: 1011.4 | Last FPS: 998.1 | Collect Time: 63.3 min | Train RL Time: 0.2 min | Mean Rewards: 147.97 | Current Best: 149.51
save current best reward: 150.30
Agent Steps: 0003M | FPS: 1011.3 | Last FPS: 998.7 | Collect Time: 63.5 min | Train RL Time: 0.2 min | Mean Rewards: 150.30 | Current Best: 150.30
Agent Steps: 0003M | FPS: 1011.2 | Last FPS: 995.5 | Collect Time: 63.8 min | Train RL Time: 0.2 min | Mean Rewards: 149.91 | Current Best: 150.30
Agent Steps: 0003M | FPS: 1011.2 | Last FPS: 1004.1 | Collect Time: 64.1 min | Train RL Time: 0.2 min | Mean Rewards: 148.45 | Current Best: 150.30
Agent Steps: 0003M | FPS: 1011.2 | Last FPS: 1000.1 | Collect Time: 64.4 min | Train RL Time: 0.2 min | Mean Rewards: 148.84 | Current Best: 150.30
save current best reward: 152.45
Agent Steps: 0003M | FPS: 1011.1 | Last FPS: 1001.7 | Collect Time: 64.6 min | Train RL Time: 0.2 min | Mean Rewards: 152.45 | Current Best: 152.45
Agent Steps: 0003M | FPS: 1011.1 | Last FPS: 1003.3 | Collect Time: 64.9 min | Train RL Time: 0.2 min | Mean Rewards: 149.66 | Current Best: 152.45
Agent Steps: 0003M | FPS: 1011.0 | Last FPS: 995.3 | Collect Time: 65.2 min | Train RL Time: 0.2 min | Mean Rewards: 151.18 | Current Best: 152.45
save current best reward: 154.02
Agent Steps: 0003M | FPS: 1011.0 | Last FPS: 1001.3 | Collect Time: 65.5 min | Train RL Time: 0.2 min | Mean Rewards: 154.02 | Current Best: 154.02
save current best reward: 154.20
Agent Steps: 0003M | FPS: 1011.0 | Last FPS: 1003.9 | Collect Time: 65.7 min | Train RL Time: 0.2 min | Mean Rewards: 154.20 | Current Best: 154.20
Agent Steps: 0004M | FPS: 1010.9 | Last FPS: 1005.5 | Collect Time: 66.0 min | Train RL Time: 0.2 min | Mean Rewards: 151.53 | Current Best: 154.20
Agent Steps: 0004M | FPS: 1010.9 | Last FPS: 1007.5 | Collect Time: 66.3 min | Train RL Time: 0.2 min | Mean Rewards: 150.78 | Current Best: 154.20
Agent Steps: 0004M | FPS: 1010.9 | Last FPS: 1005.1 | Collect Time: 66.5 min | Train RL Time: 0.2 min | Mean Rewards: 149.23 | Current Best: 154.20
Agent Steps: 0004M | FPS: 1010.9 | Last FPS: 1004.7 | Collect Time: 66.8 min | Train RL Time: 0.2 min | Mean Rewards: 151.91 | Current Best: 154.20
Agent Steps: 0004M | FPS: 1010.9 | Last FPS: 1009.1 | Collect Time: 67.1 min | Train RL Time: 0.2 min | Mean Rewards: 153.66 | Current Best: 154.20
Agent Steps: 0004M | FPS: 1010.9 | Last FPS: 1008.8 | Collect Time: 67.3 min | Train RL Time: 0.2 min | Mean Rewards: 152.77 | Current Best: 154.20
Agent Steps: 0004M | FPS: 1010.8 | Last FPS: 1007.9 | Collect Time: 67.6 min | Train RL Time: 0.2 min | Mean Rewards: 153.70 | Current Best: 154.20
[课程] release_row -> 15 @ 4.13M
Agent Steps: 0004M | FPS: 1010.8 | Last FPS: 1008.2 | Collect Time: 67.9 min | Train RL Time: 0.2 min | Mean Rewards: 153.79 | Current Best: 154.20
Agent Steps: 0004M | FPS: 1010.8 | Last FPS: 1007.3 | Collect Time: 68.2 min | Train RL Time: 0.2 min | Mean Rewards: 151.34 | Current Best: 154.20
Agent Steps: 0004M | FPS: 1010.8 | Last FPS: 1009.2 | Collect Time: 68.4 min | Train RL Time: 0.2 min | Mean Rewards: 151.85 | Current Best: 154.20
Agent Steps: 0004M | FPS: 1010.8 | Last FPS: 1014.8 | Collect Time: 68.7 min | Train RL Time: 0.2 min | Mean Rewards: 148.97 | Current Best: 154.20
Agent Steps: 0004M | FPS: 1010.8 | Last FPS: 1007.2 | Collect Time: 69.0 min | Train RL Time: 0.2 min | Mean Rewards: 146.06 | Current Best: 154.20
Agent Steps: 0004M | FPS: 1010.8 | Last FPS: 1011.8 | Collect Time: 69.2 min | Train RL Time: 0.2 min | Mean Rewards: 143.89 | Current Best: 154.20
Agent Steps: 0004M | FPS: 1010.8 | Last FPS: 1012.8 | Collect Time: 69.5 min | Train RL Time: 0.2 min | Mean Rewards: 140.74 | Current Best: 154.20
Agent Steps: 0004M | FPS: 1010.8 | Last FPS: 1010.7 | Collect Time: 69.8 min | Train RL Time: 0.2 min | Mean Rewards: 137.49 | Current Best: 154.20
Agent Steps: 0004M | FPS: 1010.8 | Last FPS: 1011.7 | Collect Time: 70.0 min | Train RL Time: 0.2 min | Mean Rewards: 139.00 | Current Best: 154.20
Agent Steps: 0004M | FPS: 1010.9 | Last FPS: 1021.7 | Collect Time: 70.3 min | Train RL Time: 0.2 min | Mean Rewards: 136.48 | Current Best: 154.20
Agent Steps: 0004M | FPS: 1010.9 | Last FPS: 1012.1 | Collect Time: 70.6 min | Train RL Time: 0.2 min | Mean Rewards: 130.41 | Current Best: 154.20
Agent Steps: 0004M | FPS: 1010.9 | Last FPS: 1017.6 | Collect Time: 70.8 min | Train RL Time: 0.2 min | Mean Rewards: 128.17 | Current Best: 154.20
Agent Steps: 0004M | FPS: 1010.9 | Last FPS: 1016.2 | Collect Time: 71.1 min | Train RL Time: 0.2 min | Mean Rewards: 129.62 | Current Best: 154.20
Agent Steps: 0004M | FPS: 1011.0 | Last FPS: 1019.5 | Collect Time: 71.4 min | Train RL Time: 0.2 min | Mean Rewards: 131.69 | Current Best: 154.20
Agent Steps: 0004M | FPS: 1011.0 | Last FPS: 1016.2 | Collect Time: 71.6 min | Train RL Time: 0.2 min | Mean Rewards: 133.37 | Current Best: 154.20
Agent Steps: 0004M | FPS: 1011.0 | Last FPS: 1016.3 | Collect Time: 71.9 min | Train RL Time: 0.2 min | Mean Rewards: 137.23 | Current Best: 154.20
Agent Steps: 0004M | FPS: 1011.0 | Last FPS: 1015.0 | Collect Time: 72.2 min | Train RL Time: 0.2 min | Mean Rewards: 139.84 | Current Best: 154.20
Agent Steps: 0004M | FPS: 1011.0 | Last FPS: 1014.2 | Collect Time: 72.5 min | Train RL Time: 0.2 min | Mean Rewards: 141.31 | Current Best: 154.20
Agent Steps: 0004M | FPS: 1011.0 | Last FPS: 1013.6 | Collect Time: 72.7 min | Train RL Time: 0.2 min | Mean Rewards: 143.82 | Current Best: 154.20
Agent Steps: 0004M | FPS: 1011.0 | Last FPS: 1010.9 | Collect Time: 73.0 min | Train RL Time: 0.2 min | Mean Rewards: 141.79 | Current Best: 154.20
Agent Steps: 0004M | FPS: 1011.0 | Last FPS: 1013.3 | Collect Time: 73.3 min | Train RL Time: 0.2 min | Mean Rewards: 144.26 | Current Best: 154.20
Agent Steps: 0004M | FPS: 1011.0 | Last FPS: 1013.2 | Collect Time: 73.5 min | Train RL Time: 0.2 min | Mean Rewards: 146.79 | Current Best: 154.20
Agent Steps: 0004M | FPS: 1011.0 | Last FPS: 1003.4 | Collect Time: 73.8 min | Train RL Time: 0.2 min | Mean Rewards: 148.66 | Current Best: 154.20
Agent Steps: 0004M | FPS: 1011.0 | Last FPS: 1007.9 | Collect Time: 74.1 min | Train RL Time: 0.2 min | Mean Rewards: 149.31 | Current Best: 154.20
Agent Steps: 0004M | FPS: 1011.0 | Last FPS: 1009.0 | Collect Time: 74.3 min | Train RL Time: 0.2 min | Mean Rewards: 148.82 | Current Best: 154.20
Agent Steps: 0004M | FPS: 1011.0 | Last FPS: 1005.9 | Collect Time: 74.6 min | Train RL Time: 0.2 min | Mean Rewards: 150.08 | Current Best: 154.20
Agent Steps: 0004M | FPS: 1011.0 | Last FPS: 1005.5 | Collect Time: 74.9 min | Train RL Time: 0.2 min | Mean Rewards: 150.01 | Current Best: 154.20
Agent Steps: 0004M | FPS: 1010.9 | Last FPS: 1001.1 | Collect Time: 75.2 min | Train RL Time: 0.2 min | Mean Rewards: 153.32 | Current Best: 154.20
save current best reward: 154.71
Agent Steps: 0004M | FPS: 1010.9 | Last FPS: 1000.9 | Collect Time: 75.4 min | Train RL Time: 0.2 min | Mean Rewards: 154.71 | Current Best: 154.71
Agent Steps: 0004M | FPS: 1010.9 | Last FPS: 1007.6 | Collect Time: 75.7 min | Train RL Time: 0.2 min | Mean Rewards: 152.91 | Current Best: 154.71
Agent Steps: 0004M | FPS: 1010.8 | Last FPS: 1001.1 | Collect Time: 76.0 min | Train RL Time: 0.2 min | Mean Rewards: 150.44 | Current Best: 154.71
Agent Steps: 0004M | FPS: 1010.8 | Last FPS: 1003.4 | Collect Time: 76.2 min | Train RL Time: 0.2 min | Mean Rewards: 151.10 | Current Best: 154.71
Agent Steps: 0004M | FPS: 1010.8 | Last FPS: 1002.6 | Collect Time: 76.5 min | Train RL Time: 0.2 min | Mean Rewards: 153.24 | Current Best: 154.71
[课程] release_row -> 10 @ 4.67M
Agent Steps: 0004M | FPS: 1010.7 | Last FPS: 999.9 | Collect Time: 76.8 min | Train RL Time: 0.2 min | Mean Rewards: 153.26 | Current Best: 154.71
save current best reward: 157.14
Agent Steps: 0004M | FPS: 1010.7 | Last FPS: 1001.6 | Collect Time: 77.1 min | Train RL Time: 0.2 min | Mean Rewards: 157.14 | Current Best: 157.14
save current best reward: 158.52
Agent Steps: 0004M | FPS: 1010.7 | Last FPS: 1002.9 | Collect Time: 77.3 min | Train RL Time: 0.2 min | Mean Rewards: 158.52 | Current Best: 158.52
save current best reward: 158.72
Agent Steps: 0004M | FPS: 1010.7 | Last FPS: 1001.1 | Collect Time: 77.6 min | Train RL Time: 0.2 min | Mean Rewards: 158.72 | Current Best: 158.72
Agent Steps: 0004M | FPS: 1010.6 | Last FPS: 1001.2 | Collect Time: 77.9 min | Train RL Time: 0.2 min | Mean Rewards: 156.39 | Current Best: 158.72
Agent Steps: 0004M | FPS: 1010.6 | Last FPS: 1002.3 | Collect Time: 78.1 min | Train RL Time: 0.2 min | Mean Rewards: 156.31 | Current Best: 158.72
Agent Steps: 0004M | FPS: 1010.6 | Last FPS: 1006.3 | Collect Time: 78.4 min | Train RL Time: 0.2 min | Mean Rewards: 152.84 | Current Best: 158.72
Agent Steps: 0004M | FPS: 1010.6 | Last FPS: 1004.2 | Collect Time: 78.7 min | Train RL Time: 0.2 min | Mean Rewards: 155.61 | Current Best: 158.72
Agent Steps: 0004M | FPS: 1010.5 | Last FPS: 999.9 | Collect Time: 79.0 min | Train RL Time: 0.2 min | Mean Rewards: 150.92 | Current Best: 158.72
Agent Steps: 0004M | FPS: 1010.5 | Last FPS: 1009.6 | Collect Time: 79.2 min | Train RL Time: 0.2 min | Mean Rewards: 144.93 | Current Best: 158.72
Agent Steps: 0004M | FPS: 1010.5 | Last FPS: 1016.3 | Collect Time: 79.5 min | Train RL Time: 0.2 min | Mean Rewards: 148.75 | Current Best: 158.72
Agent Steps: 0004M | FPS: 1010.5 | Last FPS: 1007.9 | Collect Time: 79.8 min | Train RL Time: 0.2 min | Mean Rewards: 148.29 | Current Best: 158.72
Agent Steps: 0004M | FPS: 1010.6 | Last FPS: 1017.8 | Collect Time: 80.0 min | Train RL Time: 0.2 min | Mean Rewards: 150.99 | Current Best: 158.72
Agent Steps: 0004M | FPS: 1010.5 | Last FPS: 1009.2 | Collect Time: 80.3 min | Train RL Time: 0.2 min | Mean Rewards: 155.77 | Current Best: 158.72
Agent Steps: 0004M | FPS: 1010.5 | Last FPS: 1007.2 | Collect Time: 80.6 min | Train RL Time: 0.2 min | Mean Rewards: 155.38 | Current Best: 158.72
Agent Steps: 0004M | FPS: 1010.5 | Last FPS: 1009.3 | Collect Time: 80.8 min | Train RL Time: 0.2 min | Mean Rewards: 154.67 | Current Best: 158.72
Agent Steps: 0004M | FPS: 1010.5 | Last FPS: 1014.1 | Collect Time: 81.1 min | Train RL Time: 0.2 min | Mean Rewards: 156.38 | Current Best: 158.72
Agent Steps: 0004M | FPS: 1010.6 | Last FPS: 1012.9 | Collect Time: 81.4 min | Train RL Time: 0.2 min | Mean Rewards: 156.81 | Current Best: 158.72
Agent Steps: 0004M | FPS: 1010.5 | Last FPS: 1009.9 | Collect Time: 81.7 min | Train RL Time: 0.2 min | Mean Rewards: 157.57 | Current Best: 158.72
Agent Steps: 0004M | FPS: 1010.5 | Last FPS: 1002.8 | Collect Time: 81.9 min | Train RL Time: 0.2 min | Mean Rewards: 156.93 | Current Best: 158.72
Agent Steps: 0004M | FPS: 1010.5 | Last FPS: 1011.0 | Collect Time: 82.2 min | Train RL Time: 0.2 min | Mean Rewards: 157.68 | Current Best: 158.72
save current best reward: 159.56
Agent Steps: 0005M | FPS: 1010.5 | Last FPS: 1005.3 | Collect Time: 82.5 min | Train RL Time: 0.2 min | Mean Rewards: 159.56 | Current Best: 159.56
Agent Steps: 0005M | FPS: 1010.5 | Last FPS: 999.3 | Collect Time: 82.7 min | Train RL Time: 0.2 min | Mean Rewards: 157.60 | Current Best: 159.56
save current best reward: 163.80
Agent Steps: 0005M | FPS: 1010.5 | Last FPS: 1006.5 | Collect Time: 83.0 min | Train RL Time: 0.2 min | Mean Rewards: 163.80 | Current Best: 163.80
Agent Steps: 0005M | FPS: 1010.4 | Last FPS: 1004.2 | Collect Time: 83.3 min | Train RL Time: 0.2 min | Mean Rewards: 161.99 | Current Best: 163.80
Agent Steps: 0005M | FPS: 1010.4 | Last FPS: 1003.5 | Collect Time: 83.5 min | Train RL Time: 0.2 min | Mean Rewards: 158.22 | Current Best: 163.80
Agent Steps: 0005M | FPS: 1010.4 | Last FPS: 1006.8 | Collect Time: 83.8 min | Train RL Time: 0.2 min | Mean Rewards: 160.38 | Current Best: 163.80
Agent Steps: 0005M | FPS: 1010.4 | Last FPS: 1009.1 | Collect Time: 84.1 min | Train RL Time: 0.2 min | Mean Rewards: 160.82 | Current Best: 163.80
Agent Steps: 0005M | FPS: 1010.4 | Last FPS: 1004.8 | Collect Time: 84.4 min | Train RL Time: 0.2 min | Mean Rewards: 155.53 | Current Best: 163.80
Agent Steps: 0005M | FPS: 1010.4 | Last FPS: 1004.2 | Collect Time: 84.6 min | Train RL Time: 0.2 min | Mean Rewards: 159.80 | Current Best: 163.80
Agent Steps: 0005M | FPS: 1010.4 | Last FPS: 1009.1 | Collect Time: 84.9 min | Train RL Time: 0.2 min | Mean Rewards: 157.92 | Current Best: 163.80
Agent Steps: 0005M | FPS: 1010.3 | Last FPS: 1003.8 | Collect Time: 85.2 min | Train RL Time: 0.2 min | Mean Rewards: 157.85 | Current Best: 163.80
Agent Steps: 0005M | FPS: 1010.3 | Last FPS: 1000.6 | Collect Time: 85.4 min | Train RL Time: 0.2 min | Mean Rewards: 155.37 | Current Best: 163.80
Agent Steps: 0005M | FPS: 1010.3 | Last FPS: 1000.1 | Collect Time: 85.7 min | Train RL Time: 0.2 min | Mean Rewards: 155.76 | Current Best: 163.80
Agent Steps: 0005M | FPS: 1010.2 | Last FPS: 1001.0 | Collect Time: 86.0 min | Train RL Time: 0.2 min | Mean Rewards: 153.85 | Current Best: 163.80
Agent Steps: 0005M | FPS: 1010.2 | Last FPS: 999.8 | Collect Time: 86.3 min | Train RL Time: 0.2 min | Mean Rewards: 150.28 | Current Best: 163.80
Agent Steps: 0005M | FPS: 1010.2 | Last FPS: 999.7 | Collect Time: 86.5 min | Train RL Time: 0.2 min | Mean Rewards: 152.08 | Current Best: 163.80
Agent Steps: 0005M | FPS: 1010.1 | Last FPS: 996.3 | Collect Time: 86.8 min | Train RL Time: 0.2 min | Mean Rewards: 152.26 | Current Best: 163.80
Agent Steps: 0005M | FPS: 1010.1 | Last FPS: 997.7 | Collect Time: 87.1 min | Train RL Time: 0.2 min | Mean Rewards: 151.47 | Current Best: 163.80
Agent Steps: 0005M | FPS: 1010.1 | Last FPS: 1001.5 | Collect Time: 87.4 min | Train RL Time: 0.2 min | Mean Rewards: 150.53 | Current Best: 163.80
Agent Steps: 0005M | FPS: 1010.0 | Last FPS: 997.6 | Collect Time: 87.6 min | Train RL Time: 0.2 min | Mean Rewards: 147.14 | Current Best: 163.80
Agent Steps: 0005M | FPS: 1010.0 | Last FPS: 996.8 | Collect Time: 87.9 min | Train RL Time: 0.2 min | Mean Rewards: 141.39 | Current Best: 163.80
Agent Steps: 0005M | FPS: 1009.9 | Last FPS: 996.5 | Collect Time: 88.2 min | Train RL Time: 0.2 min | Mean Rewards: 138.89 | Current Best: 163.80
Agent Steps: 0005M | FPS: 1009.9 | Last FPS: 1002.7 | Collect Time: 88.4 min | Train RL Time: 0.2 min | Mean Rewards: 138.50 | Current Best: 163.80
Agent Steps: 0005M | FPS: 1009.9 | Last FPS: 1001.4 | Collect Time: 88.7 min | Train RL Time: 0.2 min | Mean Rewards: 142.83 | Current Best: 163.80
Agent Steps: 0005M | FPS: 1009.9 | Last FPS: 998.5 | Collect Time: 89.0 min | Train RL Time: 0.2 min | Mean Rewards: 141.39 | Current Best: 163.80
Agent Steps: 0005M | FPS: 1009.8 | Last FPS: 1000.6 | Collect Time: 89.3 min | Train RL Time: 0.2 min | Mean Rewards: 144.62 | Current Best: 163.80
Agent Steps: 0005M | FPS: 1009.8 | Last FPS: 1007.6 | Collect Time: 89.5 min | Train RL Time: 0.2 min | Mean Rewards: 147.51 | Current Best: 163.80
Agent Steps: 0005M | FPS: 1009.8 | Last FPS: 1004.5 | Collect Time: 89.8 min | Train RL Time: 0.2 min | Mean Rewards: 148.56 | Current Best: 163.80
Agent Steps: 0005M | FPS: 1009.8 | Last FPS: 1010.0 | Collect Time: 90.1 min | Train RL Time: 0.2 min | Mean Rewards: 150.10 | Current Best: 163.80
Agent Steps: 0005M | FPS: 1009.8 | Last FPS: 1007.5 | Collect Time: 90.3 min | Train RL Time: 0.2 min | Mean Rewards: 149.28 | Current Best: 163.80
Agent Steps: 0005M | FPS: 1009.8 | Last FPS: 1007.8 | Collect Time: 90.6 min | Train RL Time: 0.2 min | Mean Rewards: 152.71 | Current Best: 163.80
Agent Steps: 0005M | FPS: 1009.8 | Last FPS: 1008.1 | Collect Time: 90.9 min | Train RL Time: 0.2 min | Mean Rewards: 155.10 | Current Best: 163.80
Agent Steps: 0005M | FPS: 1009.8 | Last FPS: 1004.2 | Collect Time: 91.2 min | Train RL Time: 0.2 min | Mean Rewards: 156.34 | Current Best: 163.80
Agent Steps: 0005M | FPS: 1009.8 | Last FPS: 1005.5 | Collect Time: 91.4 min | Train RL Time: 0.2 min | Mean Rewards: 158.05 | Current Best: 163.80
Agent Steps: 0005M | FPS: 1009.8 | Last FPS: 1006.2 | Collect Time: 91.7 min | Train RL Time: 0.2 min | Mean Rewards: 159.84 | Current Best: 163.80
Agent Steps: 0005M | FPS: 1009.7 | Last FPS: 1005.8 | Collect Time: 92.0 min | Train RL Time: 0.2 min | Mean Rewards: 160.34 | Current Best: 163.80
Agent Steps: 0005M | FPS: 1009.7 | Last FPS: 1004.9 | Collect Time: 92.2 min | Train RL Time: 0.2 min | Mean Rewards: 159.87 | Current Best: 163.80
Agent Steps: 0005M | FPS: 1009.7 | Last FPS: 1004.9 | Collect Time: 92.5 min | Train RL Time: 0.2 min | Mean Rewards: 163.22 | Current Best: 163.80
save current best reward: 164.23
Agent Steps: 0005M | FPS: 1009.7 | Last FPS: 1013.8 | Collect Time: 92.8 min | Train RL Time: 0.2 min | Mean Rewards: 164.23 | Current Best: 164.23
save current best reward: 165.58
Agent Steps: 0005M | FPS: 1009.7 | Last FPS: 1001.7 | Collect Time: 93.0 min | Train RL Time: 0.2 min | Mean Rewards: 165.58 | Current Best: 165.58
save current best reward: 168.77
Agent Steps: 0005M | FPS: 1009.7 | Last FPS: 1005.0 | Collect Time: 93.3 min | Train RL Time: 0.2 min | Mean Rewards: 168.77 | Current Best: 168.77
save current best reward: 172.13
Agent Steps: 0005M | FPS: 1009.7 | Last FPS: 1005.6 | Collect Time: 93.6 min | Train RL Time: 0.2 min | Mean Rewards: 172.13 | Current Best: 172.13
save current best reward: 174.17
Agent Steps: 0005M | FPS: 1009.7 | Last FPS: 1005.5 | Collect Time: 93.9 min | Train RL Time: 0.2 min | Mean Rewards: 174.17 | Current Best: 174.17
save current best reward: 175.71
Agent Steps: 0005M | FPS: 1009.7 | Last FPS: 1004.9 | Collect Time: 94.1 min | Train RL Time: 0.2 min | Mean Rewards: 175.71 | Current Best: 175.71
Agent Steps: 0005M | FPS: 1009.6 | Last FPS: 1000.9 | Collect Time: 94.4 min | Train RL Time: 0.2 min | Mean Rewards: 173.48 | Current Best: 175.71
Agent Steps: 0005M | FPS: 1009.6 | Last FPS: 1009.8 | Collect Time: 94.7 min | Train RL Time: 0.2 min | Mean Rewards: 174.96 | Current Best: 175.71
save current best reward: 176.13
Agent Steps: 0005M | FPS: 1009.6 | Last FPS: 1010.8 | Collect Time: 94.9 min | Train RL Time: 0.2 min | Mean Rewards: 176.13 | Current Best: 176.13
Agent Steps: 0005M | FPS: 1009.6 | Last FPS: 1015.5 | Collect Time: 95.2 min | Train RL Time: 0.2 min | Mean Rewards: 174.15 | Current Best: 176.13
Agent Steps: 0005M | FPS: 1009.7 | Last FPS: 1012.0 | Collect Time: 95.5 min | Train RL Time: 0.2 min | Mean Rewards: 173.94 | Current Best: 176.13
save current best reward: 176.35
Agent Steps: 0005M | FPS: 1009.7 | Last FPS: 1009.4 | Collect Time: 95.7 min | Train RL Time: 0.2 min | Mean Rewards: 176.35 | Current Best: 176.35
save current best reward: 177.44
Agent Steps: 0005M | FPS: 1009.7 | Last FPS: 1008.9 | Collect Time: 96.0 min | Train RL Time: 0.2 min | Mean Rewards: 177.44 | Current Best: 177.44
Agent Steps: 0005M | FPS: 1009.7 | Last FPS: 1009.3 | Collect Time: 96.3 min | Train RL Time: 0.2 min | Mean Rewards: 176.68 | Current Best: 177.44
save current best reward: 177.86
Agent Steps: 0005M | FPS: 1009.6 | Last FPS: 1008.1 | Collect Time: 96.6 min | Train RL Time: 0.2 min | Mean Rewards: 177.86 | Current Best: 177.86
save current best reward: 179.72
Agent Steps: 0005M | FPS: 1009.6 | Last FPS: 1006.9 | Collect Time: 96.8 min | Train RL Time: 0.2 min | Mean Rewards: 179.72 | Current Best: 179.72
Agent Steps: 0005M | FPS: 1009.6 | Last FPS: 1008.4 | Collect Time: 97.1 min | Train RL Time: 0.2 min | Mean Rewards: 178.36 | Current Best: 179.72
Agent Steps: 0005M | FPS: 1009.6 | Last FPS: 1012.5 | Collect Time: 97.4 min | Train RL Time: 0.2 min | Mean Rewards: 176.66 | Current Best: 179.72
Agent Steps: 0005M | FPS: 1009.6 | Last FPS: 1009.5 | Collect Time: 97.6 min | Train RL Time: 0.2 min | Mean Rewards: 177.87 | Current Best: 179.72
Agent Steps: 0005M | FPS: 1009.7 | Last FPS: 1015.3 | Collect Time: 97.9 min | Train RL Time: 0.2 min | Mean Rewards: 177.92 | Current Best: 179.72
Agent Steps: 0005M | FPS: 1009.7 | Last FPS: 1008.3 | Collect Time: 98.2 min | Train RL Time: 0.2 min | Mean Rewards: 179.14 | Current Best: 179.72
Agent Steps: 0005M | FPS: 1009.7 | Last FPS: 1008.4 | Collect Time: 98.4 min | Train RL Time: 0.2 min | Mean Rewards: 177.62 | Current Best: 179.72
Agent Steps: 0005M | FPS: 1009.6 | Last FPS: 1006.8 | Collect Time: 98.7 min | Train RL Time: 0.2 min | Mean Rewards: 176.27 | Current Best: 179.72
Agent Steps: 0006M | FPS: 1009.6 | Last FPS: 1006.7 | Collect Time: 99.0 min | Train RL Time: 0.2 min | Mean Rewards: 178.72 | Current Best: 179.72
Agent Steps: 0006M | FPS: 1009.6 | Last FPS: 1008.6 | Collect Time: 99.3 min | Train RL Time: 0.2 min | Mean Rewards: 179.50 | Current Best: 179.72
Agent Steps: 0006M | FPS: 1009.6 | Last FPS: 1013.3 | Collect Time: 99.5 min | Train RL Time: 0.2 min | Mean Rewards: 177.98 | Current Best: 179.72
save current best reward: 183.32
Agent Steps: 0006M | FPS: 1009.6 | Last FPS: 1009.1 | Collect Time: 99.8 min | Train RL Time: 0.2 min | Mean Rewards: 183.32 | Current Best: 183.32
Agent Steps: 0006M | FPS: 1009.6 | Last FPS: 1007.4 | Collect Time: 100.1 min | Train RL Time: 0.2 min | Mean Rewards: 182.11 | Current Best: 183.32
Agent Steps: 0006M | FPS: 1009.6 | Last FPS: 1013.2 | Collect Time: 100.3 min | Train RL Time: 0.3 min | Mean Rewards: 182.64 | Current Best: 183.32
save current best reward: 185.44
Agent Steps: 0006M | FPS: 1009.6 | Last FPS: 1002.2 | Collect Time: 100.6 min | Train RL Time: 0.3 min | Mean Rewards: 185.44 | Current Best: 185.44
Agent Steps: 0006M | FPS: 1009.6 | Last FPS: 1007.0 | Collect Time: 100.9 min | Train RL Time: 0.3 min | Mean Rewards: 184.79 | Current Best: 185.44
Agent Steps: 0006M | FPS: 1009.6 | Last FPS: 1008.8 | Collect Time: 101.1 min | Train RL Time: 0.3 min | Mean Rewards: 182.36 | Current Best: 185.44
Agent Steps: 0006M | FPS: 1009.6 | Last FPS: 1006.4 | Collect Time: 101.4 min | Train RL Time: 0.3 min | Mean Rewards: 183.34 | Current Best: 185.44
save current best reward: 185.52
Agent Steps: 0006M | FPS: 1009.6 | Last FPS: 1009.5 | Collect Time: 101.7 min | Train RL Time: 0.3 min | Mean Rewards: 185.52 | Current Best: 185.52
save current best reward: 188.34
Agent Steps: 0006M | FPS: 1009.6 | Last FPS: 1009.3 | Collect Time: 102.0 min | Train RL Time: 0.3 min | Mean Rewards: 188.34 | Current Best: 188.34
Agent Steps: 0006M | FPS: 1009.6 | Last FPS: 1011.8 | Collect Time: 102.2 min | Train RL Time: 0.3 min | Mean Rewards: 184.36 | Current Best: 188.34
Agent Steps: 0006M | FPS: 1009.6 | Last FPS: 1008.2 | Collect Time: 102.5 min | Train RL Time: 0.3 min | Mean Rewards: 184.11 | Current Best: 188.34
Agent Steps: 0006M | FPS: 1009.6 | Last FPS: 1011.7 | Collect Time: 102.8 min | Train RL Time: 0.3 min | Mean Rewards: 183.76 | Current Best: 188.34
Agent Steps: 0006M | FPS: 1009.6 | Last FPS: 1007.7 | Collect Time: 103.0 min | Train RL Time: 0.3 min | Mean Rewards: 183.03 | Current Best: 188.34
Agent Steps: 0006M | FPS: 1009.6 | Last FPS: 1007.3 | Collect Time: 103.3 min | Train RL Time: 0.3 min | Mean Rewards: 184.20 | Current Best: 188.34
Agent Steps: 0006M | FPS: 1009.6 | Last FPS: 1005.1 | Collect Time: 103.6 min | Train RL Time: 0.3 min | Mean Rewards: 185.44 | Current Best: 188.34
Agent Steps: 0006M | FPS: 1009.6 | Last FPS: 1006.4 | Collect Time: 103.8 min | Train RL Time: 0.3 min | Mean Rewards: 185.42 | Current Best: 188.34
Agent Steps: 0006M | FPS: 1009.6 | Last FPS: 1014.9 | Collect Time: 104.1 min | Train RL Time: 0.3 min | Mean Rewards: 185.34 | Current Best: 188.34
Agent Steps: 0006M | FPS: 1009.6 | Last FPS: 1013.6 | Collect Time: 104.4 min | Train RL Time: 0.3 min | Mean Rewards: 182.27 | Current Best: 188.34
Agent Steps: 0006M | FPS: 1009.6 | Last FPS: 1010.4 | Collect Time: 104.7 min | Train RL Time: 0.3 min | Mean Rewards: 183.36 | Current Best: 188.34
Agent Steps: 0006M | FPS: 1009.6 | Last FPS: 1011.1 | Collect Time: 104.9 min | Train RL Time: 0.3 min | Mean Rewards: 182.90 | Current Best: 188.34
Agent Steps: 0006M | FPS: 1009.6 | Last FPS: 1009.5 | Collect Time: 105.2 min | Train RL Time: 0.3 min | Mean Rewards: 181.80 | Current Best: 188.34
Agent Steps: 0006M | FPS: 1009.6 | Last FPS: 1010.3 | Collect Time: 105.5 min | Train RL Time: 0.3 min | Mean Rewards: 177.91 | Current Best: 188.34
Agent Steps: 0006M | FPS: 1009.6 | Last FPS: 1014.6 | Collect Time: 105.7 min | Train RL Time: 0.3 min | Mean Rewards: 180.11 | Current Best: 188.34
Agent Steps: 0006M | FPS: 1009.6 | Last FPS: 1018.0 | Collect Time: 106.0 min | Train RL Time: 0.3 min | Mean Rewards: 181.03 | Current Best: 188.34
Agent Steps: 0006M | FPS: 1009.7 | Last FPS: 1010.9 | Collect Time: 106.3 min | Train RL Time: 0.3 min | Mean Rewards: 179.78 | Current Best: 188.34
Agent Steps: 0006M | FPS: 1009.6 | Last FPS: 1007.7 | Collect Time: 106.5 min | Train RL Time: 0.3 min | Mean Rewards: 175.18 | Current Best: 188.34
Agent Steps: 0006M | FPS: 1009.7 | Last FPS: 1015.6 | Collect Time: 106.8 min | Train RL Time: 0.3 min | Mean Rewards: 177.88 | Current Best: 188.34
Agent Steps: 0006M | FPS: 1009.7 | Last FPS: 1016.6 | Collect Time: 107.1 min | Train RL Time: 0.3 min | Mean Rewards: 178.09 | Current Best: 188.34
Agent Steps: 0006M | FPS: 1009.7 | Last FPS: 1012.8 | Collect Time: 107.3 min | Train RL Time: 0.3 min | Mean Rewards: 181.12 | Current Best: 188.34
Agent Steps: 0006M | FPS: 1009.7 | Last FPS: 1014.0 | Collect Time: 107.6 min | Train RL Time: 0.3 min | Mean Rewards: 182.03 | Current Best: 188.34
Agent Steps: 0006M | FPS: 1009.7 | Last FPS: 1016.1 | Collect Time: 107.9 min | Train RL Time: 0.3 min | Mean Rewards: 178.10 | Current Best: 188.34
Agent Steps: 0006M | FPS: 1009.7 | Last FPS: 1013.4 | Collect Time: 108.1 min | Train RL Time: 0.3 min | Mean Rewards: 182.42 | Current Best: 188.34
Agent Steps: 0006M | FPS: 1009.7 | Last FPS: 1010.6 | Collect Time: 108.4 min | Train RL Time: 0.3 min | Mean Rewards: 185.48 | Current Best: 188.34
Agent Steps: 0006M | FPS: 1009.7 | Last FPS: 1008.8 | Collect Time: 108.7 min | Train RL Time: 0.3 min | Mean Rewards: 185.37 | Current Best: 188.34
Agent Steps: 0006M | FPS: 1009.7 | Last FPS: 1007.2 | Collect Time: 109.0 min | Train RL Time: 0.3 min | Mean Rewards: 181.19 | Current Best: 188.34
Agent Steps: 0006M | FPS: 1009.7 | Last FPS: 1003.9 | Collect Time: 109.2 min | Train RL Time: 0.3 min | Mean Rewards: 183.73 | Current Best: 188.34
Agent Steps: 0006M | FPS: 1009.7 | Last FPS: 1005.7 | Collect Time: 109.5 min | Train RL Time: 0.3 min | Mean Rewards: 186.04 | Current Best: 188.34
Agent Steps: 0006M | FPS: 1009.7 | Last FPS: 1000.1 | Collect Time: 109.8 min | Train RL Time: 0.3 min | Mean Rewards: 182.76 | Current Best: 188.34
Agent Steps: 0006M | FPS: 1009.7 | Last FPS: 1003.6 | Collect Time: 110.0 min | Train RL Time: 0.3 min | Mean Rewards: 177.89 | Current Best: 188.34
Agent Steps: 0006M | FPS: 1009.6 | Last FPS: 1002.4 | Collect Time: 110.3 min | Train RL Time: 0.3 min | Mean Rewards: 175.18 | Current Best: 188.34
Agent Steps: 0006M | FPS: 1009.6 | Last FPS: 998.5 | Collect Time: 110.6 min | Train RL Time: 0.3 min | Mean Rewards: 176.95 | Current Best: 188.34
Agent Steps: 0006M | FPS: 1009.6 | Last FPS: 999.1 | Collect Time: 110.9 min | Train RL Time: 0.3 min | Mean Rewards: 175.01 | Current Best: 188.34
Agent Steps: 0006M | FPS: 1009.6 | Last FPS: 1004.7 | Collect Time: 111.1 min | Train RL Time: 0.3 min | Mean Rewards: 173.74 | Current Best: 188.34
Agent Steps: 0006M | FPS: 1009.6 | Last FPS: 1006.8 | Collect Time: 111.4 min | Train RL Time: 0.3 min | Mean Rewards: 177.21 | Current Best: 188.34
Agent Steps: 0006M | FPS: 1009.5 | Last FPS: 1000.9 | Collect Time: 111.7 min | Train RL Time: 0.3 min | Mean Rewards: 175.85 | Current Best: 188.34
Agent Steps: 0006M | FPS: 1009.5 | Last FPS: 1003.7 | Collect Time: 111.9 min | Train RL Time: 0.3 min | Mean Rewards: 177.52 | Current Best: 188.34
Agent Steps: 0006M | FPS: 1009.5 | Last FPS: 1008.2 | Collect Time: 112.2 min | Train RL Time: 0.3 min | Mean Rewards: 179.63 | Current Best: 188.34
Agent Steps: 0006M | FPS: 1009.5 | Last FPS: 1006.5 | Collect Time: 112.5 min | Train RL Time: 0.3 min | Mean Rewards: 179.41 | Current Best: 188.34
Agent Steps: 0006M | FPS: 1009.5 | Last FPS: 1006.2 | Collect Time: 112.8 min | Train RL Time: 0.3 min | Mean Rewards: 180.67 | Current Best: 188.34
Agent Steps: 0006M | FPS: 1009.5 | Last FPS: 999.8 | Collect Time: 113.0 min | Train RL Time: 0.3 min | Mean Rewards: 181.35 | Current Best: 188.34
Agent Steps: 0006M | FPS: 1009.5 | Last FPS: 1007.0 | Collect Time: 113.3 min | Train RL Time: 0.3 min | Mean Rewards: 182.49 | Current Best: 188.34
Agent Steps: 0006M | FPS: 1009.5 | Last FPS: 1006.2 | Collect Time: 113.6 min | Train RL Time: 0.3 min | Mean Rewards: 185.17 | Current Best: 188.34
Agent Steps: 0006M | FPS: 1009.5 | Last FPS: 1006.5 | Collect Time: 113.8 min | Train RL Time: 0.3 min | Mean Rewards: 184.29 | Current Best: 188.34
Agent Steps: 0006M | FPS: 1009.4 | Last FPS: 1003.4 | Collect Time: 114.1 min | Train RL Time: 0.3 min | Mean Rewards: 180.17 | Current Best: 188.34
Agent Steps: 0006M | FPS: 1009.4 | Last FPS: 1001.3 | Collect Time: 114.4 min | Train RL Time: 0.3 min | Mean Rewards: 181.95 | Current Best: 188.34
Agent Steps: 0006M | FPS: 1009.4 | Last FPS: 998.1 | Collect Time: 114.7 min | Train RL Time: 0.3 min | Mean Rewards: 182.46 | Current Best: 188.34
Agent Steps: 0006M | FPS: 1009.4 | Last FPS: 995.0 | Collect Time: 114.9 min | Train RL Time: 0.3 min | Mean Rewards: 182.37 | Current Best: 188.34
Agent Steps: 0006M | FPS: 1009.3 | Last FPS: 992.6 | Collect Time: 115.2 min | Train RL Time: 0.3 min | Mean Rewards: 181.96 | Current Best: 188.34
Agent Steps: 0007M | FPS: 1009.3 | Last FPS: 991.1 | Collect Time: 115.5 min | Train RL Time: 0.3 min | Mean Rewards: 185.13 | Current Best: 188.34
Agent Steps: 0007M | FPS: 1009.2 | Last FPS: 992.9 | Collect Time: 115.8 min | Train RL Time: 0.3 min | Mean Rewards: 186.67 | Current Best: 188.34
Agent Steps: 0007M | FPS: 1009.2 | Last FPS: 991.1 | Collect Time: 116.0 min | Train RL Time: 0.3 min | Mean Rewards: 185.72 | Current Best: 188.34
Agent Steps: 0007M | FPS: 1009.2 | Last FPS: 991.1 | Collect Time: 116.3 min | Train RL Time: 0.3 min | Mean Rewards: 184.68 | Current Best: 188.34
Agent Steps: 0007M | FPS: 1009.1 | Last FPS: 989.1 | Collect Time: 116.6 min | Train RL Time: 0.3 min | Mean Rewards: 180.49 | Current Best: 188.34
Agent Steps: 0007M | FPS: 1009.1 | Last FPS: 992.5 | Collect Time: 116.9 min | Train RL Time: 0.3 min | Mean Rewards: 180.85 | Current Best: 188.34
Agent Steps: 0007M | FPS: 1009.0 | Last FPS: 989.4 | Collect Time: 117.1 min | Train RL Time: 0.3 min | Mean Rewards: 181.72 | Current Best: 188.34
Agent Steps: 0007M | FPS: 1009.0 | Last FPS: 984.7 | Collect Time: 117.4 min | Train RL Time: 0.3 min | Mean Rewards: 181.56 | Current Best: 188.34
Agent Steps: 0007M | FPS: 1008.9 | Last FPS: 982.7 | Collect Time: 117.7 min | Train RL Time: 0.3 min | Mean Rewards: 177.67 | Current Best: 188.34
Agent Steps: 0007M | FPS: 1008.9 | Last FPS: 990.7 | Collect Time: 118.0 min | Train RL Time: 0.3 min | Mean Rewards: 179.33 | Current Best: 188.34
Agent Steps: 0007M | FPS: 1008.8 | Last FPS: 993.6 | Collect Time: 118.2 min | Train RL Time: 0.3 min | Mean Rewards: 179.17 | Current Best: 188.34
Agent Steps: 0007M | FPS: 1008.8 | Last FPS: 991.0 | Collect Time: 118.5 min | Train RL Time: 0.3 min | Mean Rewards: 178.59 | Current Best: 188.34
Agent Steps: 0007M | FPS: 1008.7 | Last FPS: 990.2 | Collect Time: 118.8 min | Train RL Time: 0.3 min | Mean Rewards: 177.69 | Current Best: 188.34
Agent Steps: 0007M | FPS: 1008.7 | Last FPS: 991.2 | Collect Time: 119.1 min | Train RL Time: 0.3 min | Mean Rewards: 172.89 | Current Best: 188.34
Agent Steps: 0007M | FPS: 1008.7 | Last FPS: 989.8 | Collect Time: 119.3 min | Train RL Time: 0.3 min | Mean Rewards: 170.97 | Current Best: 188.34
Agent Steps: 0007M | FPS: 1008.6 | Last FPS: 990.1 | Collect Time: 119.6 min | Train RL Time: 0.3 min | Mean Rewards: 173.86 | Current Best: 188.34
Agent Steps: 0007M | FPS: 1008.6 | Last FPS: 992.2 | Collect Time: 119.9 min | Train RL Time: 0.3 min | Mean Rewards: 170.80 | Current Best: 188.34
Agent Steps: 0007M | FPS: 1008.5 | Last FPS: 993.4 | Collect Time: 120.2 min | Train RL Time: 0.3 min | Mean Rewards: 171.32 | Current Best: 188.34
Agent Steps: 0007M | FPS: 1008.5 | Last FPS: 992.2 | Collect Time: 120.4 min | Train RL Time: 0.3 min | Mean Rewards: 173.33 | Current Best: 188.34
Agent Steps: 0007M | FPS: 1008.5 | Last FPS: 995.5 | Collect Time: 120.7 min | Train RL Time: 0.3 min | Mean Rewards: 176.80 | Current Best: 188.34
Agent Steps: 0007M | FPS: 1008.4 | Last FPS: 989.3 | Collect Time: 121.0 min | Train RL Time: 0.3 min | Mean Rewards: 176.62 | Current Best: 188.34
Agent Steps: 0007M | FPS: 1008.4 | Last FPS: 990.2 | Collect Time: 121.3 min | Train RL Time: 0.3 min | Mean Rewards: 176.34 | Current Best: 188.34
Agent Steps: 0007M | FPS: 1008.4 | Last FPS: 994.1 | Collect Time: 121.5 min | Train RL Time: 0.3 min | Mean Rewards: 178.89 | Current Best: 188.34
Agent Steps: 0007M | FPS: 1008.3 | Last FPS: 988.7 | Collect Time: 121.8 min | Train RL Time: 0.3 min | Mean Rewards: 181.77 | Current Best: 188.34
Agent Steps: 0007M | FPS: 1008.3 | Last FPS: 988.3 | Collect Time: 122.1 min | Train RL Time: 0.3 min | Mean Rewards: 178.71 | Current Best: 188.34
Agent Steps: 0007M | FPS: 1008.2 | Last FPS: 985.1 | Collect Time: 122.4 min | Train RL Time: 0.3 min | Mean Rewards: 180.55 | Current Best: 188.34
Agent Steps: 0007M | FPS: 1008.2 | Last FPS: 989.3 | Collect Time: 122.6 min | Train RL Time: 0.3 min | Mean Rewards: 175.68 | Current Best: 188.34
Agent Steps: 0007M | FPS: 1008.1 | Last FPS: 984.6 | Collect Time: 122.9 min | Train RL Time: 0.3 min | Mean Rewards: 180.15 | Current Best: 188.34
Agent Steps: 0007M | FPS: 1008.1 | Last FPS: 978.6 | Collect Time: 123.2 min | Train RL Time: 0.3 min | Mean Rewards: 184.22 | Current Best: 188.34
Agent Steps: 0007M | FPS: 1008.0 | Last FPS: 981.0 | Collect Time: 123.5 min | Train RL Time: 0.3 min | Mean Rewards: 183.35 | Current Best: 188.34
Agent Steps: 0007M | FPS: 1007.9 | Last FPS: 983.3 | Collect Time: 123.7 min | Train RL Time: 0.3 min | Mean Rewards: 181.36 | Current Best: 188.34
Agent Steps: 0007M | FPS: 1007.9 | Last FPS: 974.7 | Collect Time: 124.0 min | Train RL Time: 0.3 min | Mean Rewards: 174.91 | Current Best: 188.34
Agent Steps: 0007M | FPS: 1007.8 | Last FPS: 967.7 | Collect Time: 124.3 min | Train RL Time: 0.3 min | Mean Rewards: 166.62 | Current Best: 188.34
Agent Steps: 0007M | FPS: 1007.7 | Last FPS: 987.5 | Collect Time: 124.6 min | Train RL Time: 0.3 min | Mean Rewards: 170.84 | Current Best: 188.34
Agent Steps: 0007M | FPS: 1007.7 | Last FPS: 977.4 | Collect Time: 124.9 min | Train RL Time: 0.3 min | Mean Rewards: 169.52 | Current Best: 188.34
Agent Steps: 0007M | FPS: 1007.6 | Last FPS: 963.4 | Collect Time: 125.1 min | Train RL Time: 0.3 min | Mean Rewards: 170.35 | Current Best: 188.34
Agent Steps: 0007M | FPS: 1007.5 | Last FPS: 980.8 | Collect Time: 125.4 min | Train RL Time: 0.3 min | Mean Rewards: 167.01 | Current Best: 188.34
Agent Steps: 0007M | FPS: 1007.4 | Last FPS: 974.5 | Collect Time: 125.7 min | Train RL Time: 0.3 min | Mean Rewards: 165.84 | Current Best: 188.34
Agent Steps: 0007M | FPS: 1007.3 | Last FPS: 967.8 | Collect Time: 126.0 min | Train RL Time: 0.3 min | Mean Rewards: 170.23 | Current Best: 188.34
Agent Steps: 0007M | FPS: 1007.3 | Last FPS: 976.2 | Collect Time: 126.3 min | Train RL Time: 0.3 min | Mean Rewards: 175.73 | Current Best: 188.34
Agent Steps: 0007M | FPS: 1007.2 | Last FPS: 982.2 | Collect Time: 126.5 min | Train RL Time: 0.3 min | Mean Rewards: 171.43 | Current Best: 188.34
Agent Steps: 0007M | FPS: 1007.1 | Last FPS: 972.2 | Collect Time: 126.8 min | Train RL Time: 0.3 min | Mean Rewards: 172.72 | Current Best: 188.34
Agent Steps: 0007M | FPS: 1007.1 | Last FPS: 972.7 | Collect Time: 127.1 min | Train RL Time: 0.3 min | Mean Rewards: 172.38 | Current Best: 188.34
Agent Steps: 0007M | FPS: 1007.0 | Last FPS: 971.3 | Collect Time: 127.4 min | Train RL Time: 0.3 min | Mean Rewards: 167.90 | Current Best: 188.34
Agent Steps: 0007M | FPS: 1006.9 | Last FPS: 969.8 | Collect Time: 127.7 min | Train RL Time: 0.3 min | Mean Rewards: 173.17 | Current Best: 188.34
Agent Steps: 0007M | FPS: 1006.8 | Last FPS: 979.1 | Collect Time: 127.9 min | Train RL Time: 0.3 min | Mean Rewards: 170.84 | Current Best: 188.34
Agent Steps: 0007M | FPS: 1006.8 | Last FPS: 971.0 | Collect Time: 128.2 min | Train RL Time: 0.3 min | Mean Rewards: 174.08 | Current Best: 188.34
Agent Steps: 0007M | FPS: 1006.7 | Last FPS: 976.2 | Collect Time: 128.5 min | Train RL Time: 0.3 min | Mean Rewards: 176.61 | Current Best: 188.34
Agent Steps: 0007M | FPS: 1006.6 | Last FPS: 980.9 | Collect Time: 128.8 min | Train RL Time: 0.3 min | Mean Rewards: 176.29 | Current Best: 188.34
Agent Steps: 0007M | FPS: 1006.5 | Last FPS: 961.1 | Collect Time: 129.1 min | Train RL Time: 0.3 min | Mean Rewards: 174.72 | Current Best: 188.34
Agent Steps: 0007M | FPS: 1006.5 | Last FPS: 969.6 | Collect Time: 129.3 min | Train RL Time: 0.3 min | Mean Rewards: 177.18 | Current Best: 188.34
Agent Steps: 0007M | FPS: 1006.4 | Last FPS: 983.9 | Collect Time: 129.6 min | Train RL Time: 0.3 min | Mean Rewards: 176.80 | Current Best: 188.34
Agent Steps: 0007M | FPS: 1006.4 | Last FPS: 979.0 | Collect Time: 129.9 min | Train RL Time: 0.3 min | Mean Rewards: 180.66 | Current Best: 188.34
Agent Steps: 0007M | FPS: 1006.3 | Last FPS: 978.5 | Collect Time: 130.2 min | Train RL Time: 0.3 min | Mean Rewards: 179.61 | Current Best: 188.34
Agent Steps: 0007M | FPS: 1006.2 | Last FPS: 971.6 | Collect Time: 130.4 min | Train RL Time: 0.3 min | Mean Rewards: 179.96 | Current Best: 188.34
Agent Steps: 0007M | FPS: 1006.2 | Last FPS: 971.7 | Collect Time: 130.7 min | Train RL Time: 0.3 min | Mean Rewards: 181.23 | Current Best: 188.34
Agent Steps: 0007M | FPS: 1006.1 | Last FPS: 972.9 | Collect Time: 131.0 min | Train RL Time: 0.3 min | Mean Rewards: 181.68 | Current Best: 188.34
Agent Steps: 0007M | FPS: 1006.0 | Last FPS: 976.2 | Collect Time: 131.3 min | Train RL Time: 0.3 min | Mean Rewards: 180.54 | Current Best: 188.34
Agent Steps: 0007M | FPS: 1006.0 | Last FPS: 981.0 | Collect Time: 131.6 min | Train RL Time: 0.3 min | Mean Rewards: 182.30 | Current Best: 188.34
Agent Steps: 0007M | FPS: 1005.9 | Last FPS: 976.7 | Collect Time: 131.8 min | Train RL Time: 0.3 min | Mean Rewards: 181.12 | Current Best: 188.34
Agent Steps: 0007M | FPS: 1005.8 | Last FPS: 977.7 | Collect Time: 132.1 min | Train RL Time: 0.3 min | Mean Rewards: 184.15 | Current Best: 188.34
Agent Steps: 0008M | FPS: 1005.8 | Last FPS: 977.3 | Collect Time: 132.4 min | Train RL Time: 0.3 min | Mean Rewards: 185.04 | Current Best: 188.34
Agent Steps: 0008M | FPS: 1005.7 | Last FPS: 973.0 | Collect Time: 132.7 min | Train RL Time: 0.3 min | Mean Rewards: 186.29 | Current Best: 188.34
Agent Steps: 0008M | FPS: 1005.6 | Last FPS: 972.6 | Collect Time: 133.0 min | Train RL Time: 0.3 min | Mean Rewards: 185.08 | Current Best: 188.34
Agent Steps: 0008M | FPS: 1005.6 | Last FPS: 977.2 | Collect Time: 133.2 min | Train RL Time: 0.3 min | Mean Rewards: 184.40 | Current Best: 188.34
Agent Steps: 0008M | FPS: 1005.5 | Last FPS: 970.0 | Collect Time: 133.5 min | Train RL Time: 0.3 min | Mean Rewards: 179.23 | Current Best: 188.34
Agent Steps: 0008M | FPS: 1005.4 | Last FPS: 975.2 | Collect Time: 133.8 min | Train RL Time: 0.3 min | Mean Rewards: 182.36 | Current Best: 188.34
Agent Steps: 0008M | FPS: 1005.4 | Last FPS: 979.7 | Collect Time: 134.1 min | Train RL Time: 0.3 min | Mean Rewards: 182.88 | Current Best: 188.34
Agent Steps: 0008M | FPS: 1005.3 | Last FPS: 975.4 | Collect Time: 134.4 min | Train RL Time: 0.3 min | Mean Rewards: 182.53 | Current Best: 188.34
Agent Steps: 0008M | FPS: 1005.3 | Last FPS: 979.9 | Collect Time: 134.6 min | Train RL Time: 0.3 min | Mean Rewards: 183.50 | Current Best: 188.34
Agent Steps: 0008M | FPS: 1005.2 | Last FPS: 971.6 | Collect Time: 134.9 min | Train RL Time: 0.3 min | Mean Rewards: 182.12 | Current Best: 188.34
Agent Steps: 0008M | FPS: 1005.1 | Last FPS: 973.5 | Collect Time: 135.2 min | Train RL Time: 0.3 min | Mean Rewards: 180.49 | Current Best: 188.34
Agent Steps: 0008M | FPS: 1005.1 | Last FPS: 972.8 | Collect Time: 135.5 min | Train RL Time: 0.3 min | Mean Rewards: 179.63 | Current Best: 188.34
Agent Steps: 0008M | FPS: 1005.0 | Last FPS: 975.3 | Collect Time: 135.8 min | Train RL Time: 0.3 min | Mean Rewards: 174.96 | Current Best: 188.34
Agent Steps: 0008M | FPS: 1005.0 | Last FPS: 981.7 | Collect Time: 136.0 min | Train RL Time: 0.3 min | Mean Rewards: 175.93 | Current Best: 188.34
Agent Steps: 0008M | FPS: 1004.9 | Last FPS: 980.3 | Collect Time: 136.3 min | Train RL Time: 0.3 min | Mean Rewards: 177.32 | Current Best: 188.34
Agent Steps: 0008M | FPS: 1004.9 | Last FPS: 986.6 | Collect Time: 136.6 min | Train RL Time: 0.3 min | Mean Rewards: 172.07 | Current Best: 188.34
Agent Steps: 0008M | FPS: 1004.8 | Last FPS: 985.6 | Collect Time: 136.9 min | Train RL Time: 0.3 min | Mean Rewards: 173.74 | Current Best: 188.34
Agent Steps: 0008M | FPS: 1004.8 | Last FPS: 982.3 | Collect Time: 137.1 min | Train RL Time: 0.3 min | Mean Rewards: 175.81 | Current Best: 188.34
Agent Steps: 0008M | FPS: 1004.7 | Last FPS: 977.0 | Collect Time: 137.4 min | Train RL Time: 0.3 min | Mean Rewards: 181.35 | Current Best: 188.34
Agent Steps: 0008M | FPS: 1004.7 | Last FPS: 984.1 | Collect Time: 137.7 min | Train RL Time: 0.3 min | Mean Rewards: 182.96 | Current Best: 188.34
Agent Steps: 0008M | FPS: 1004.7 | Last FPS: 984.2 | Collect Time: 138.0 min | Train RL Time: 0.3 min | Mean Rewards: 184.23 | Current Best: 188.34
Agent Steps: 0008M | FPS: 1004.6 | Last FPS: 983.7 | Collect Time: 138.2 min | Train RL Time: 0.3 min | Mean Rewards: 185.16 | Current Best: 188.34
Agent Steps: 0008M | FPS: 1004.6 | Last FPS: 983.6 | Collect Time: 138.5 min | Train RL Time: 0.3 min | Mean Rewards: 184.96 | Current Best: 188.34
Agent Steps: 0008M | FPS: 1004.5 | Last FPS: 975.9 | Collect Time: 138.8 min | Train RL Time: 0.3 min | Mean Rewards: 180.88 | Current Best: 188.34
Agent Steps: 0008M | FPS: 1004.5 | Last FPS: 980.2 | Collect Time: 139.1 min | Train RL Time: 0.3 min | Mean Rewards: 183.64 | Current Best: 188.34
Agent Steps: 0008M | FPS: 1004.4 | Last FPS: 983.3 | Collect Time: 139.4 min | Train RL Time: 0.3 min | Mean Rewards: 182.82 | Current Best: 188.34
Agent Steps: 0008M | FPS: 1004.4 | Last FPS: 983.3 | Collect Time: 139.6 min | Train RL Time: 0.3 min | Mean Rewards: 183.04 | Current Best: 188.34
Agent Steps: 0008M | FPS: 1004.3 | Last FPS: 987.6 | Collect Time: 139.9 min | Train RL Time: 0.4 min | Mean Rewards: 180.94 | Current Best: 188.34
Agent Steps: 0008M | FPS: 1004.3 | Last FPS: 984.5 | Collect Time: 140.2 min | Train RL Time: 0.4 min | Mean Rewards: 182.22 | Current Best: 188.34
Agent Steps: 0008M | FPS: 1004.3 | Last FPS: 991.3 | Collect Time: 140.5 min | Train RL Time: 0.4 min | Mean Rewards: 183.71 | Current Best: 188.34
Agent Steps: 0008M | FPS: 1004.3 | Last FPS: 991.1 | Collect Time: 140.7 min | Train RL Time: 0.4 min | Mean Rewards: 185.44 | Current Best: 188.34
Agent Steps: 0008M | FPS: 1004.2 | Last FPS: 987.0 | Collect Time: 141.0 min | Train RL Time: 0.4 min | Mean Rewards: 184.41 | Current Best: 188.34
Agent Steps: 0008M | FPS: 1004.2 | Last FPS: 989.3 | Collect Time: 141.3 min | Train RL Time: 0.4 min | Mean Rewards: 183.93 | Current Best: 188.34
Agent Steps: 0008M | FPS: 1004.2 | Last FPS: 984.6 | Collect Time: 141.6 min | Train RL Time: 0.4 min | Mean Rewards: 184.42 | Current Best: 188.34
Agent Steps: 0008M | FPS: 1004.1 | Last FPS: 986.0 | Collect Time: 141.8 min | Train RL Time: 0.4 min | Mean Rewards: 187.99 | Current Best: 188.34
save current best reward: 191.81
Agent Steps: 0008M | FPS: 1004.1 | Last FPS: 985.0 | Collect Time: 142.1 min | Train RL Time: 0.4 min | Mean Rewards: 191.81 | Current Best: 191.81
save current best reward: 192.58
Agent Steps: 0008M | FPS: 1004.1 | Last FPS: 989.3 | Collect Time: 142.4 min | Train RL Time: 0.4 min | Mean Rewards: 192.58 | Current Best: 192.58
Agent Steps: 0008M | FPS: 1004.0 | Last FPS: 986.0 | Collect Time: 142.7 min | Train RL Time: 0.4 min | Mean Rewards: 191.58 | Current Best: 192.58
Agent Steps: 0008M | FPS: 1004.0 | Last FPS: 981.9 | Collect Time: 142.9 min | Train RL Time: 0.4 min | Mean Rewards: 185.78 | Current Best: 192.58
Agent Steps: 0008M | FPS: 1003.9 | Last FPS: 976.1 | Collect Time: 143.2 min | Train RL Time: 0.4 min | Mean Rewards: 180.90 | Current Best: 192.58
Agent Steps: 0008M | FPS: 1003.9 | Last FPS: 978.4 | Collect Time: 143.5 min | Train RL Time: 0.4 min | Mean Rewards: 185.32 | Current Best: 192.58
Agent Steps: 0008M | FPS: 1003.8 | Last FPS: 975.5 | Collect Time: 143.8 min | Train RL Time: 0.4 min | Mean Rewards: 186.39 | Current Best: 192.58
Agent Steps: 0008M | FPS: 1003.8 | Last FPS: 983.0 | Collect Time: 144.1 min | Train RL Time: 0.4 min | Mean Rewards: 185.57 | Current Best: 192.58
Agent Steps: 0008M | FPS: 1003.7 | Last FPS: 987.4 | Collect Time: 144.3 min | Train RL Time: 0.4 min | Mean Rewards: 186.00 | Current Best: 192.58
Agent Steps: 0008M | FPS: 1003.7 | Last FPS: 974.9 | Collect Time: 144.6 min | Train RL Time: 0.4 min | Mean Rewards: 181.26 | Current Best: 192.58
Agent Steps: 0008M | FPS: 1003.6 | Last FPS: 968.2 | Collect Time: 144.9 min | Train RL Time: 0.4 min | Mean Rewards: 186.34 | Current Best: 192.58
Agent Steps: 0008M | FPS: 1003.6 | Last FPS: 979.3 | Collect Time: 145.2 min | Train RL Time: 0.4 min | Mean Rewards: 177.51 | Current Best: 192.58
Agent Steps: 0008M | FPS: 1003.5 | Last FPS: 979.3 | Collect Time: 145.5 min | Train RL Time: 0.4 min | Mean Rewards: 178.85 | Current Best: 192.58
Agent Steps: 0008M | FPS: 1003.5 | Last FPS: 989.8 | Collect Time: 145.7 min | Train RL Time: 0.4 min | Mean Rewards: 182.43 | Current Best: 192.58
Agent Steps: 0008M | FPS: 1003.5 | Last FPS: 981.0 | Collect Time: 146.0 min | Train RL Time: 0.4 min | Mean Rewards: 180.51 | Current Best: 192.58
Agent Steps: 0008M | FPS: 1003.4 | Last FPS: 982.7 | Collect Time: 146.3 min | Train RL Time: 0.4 min | Mean Rewards: 179.52 | Current Best: 192.58
Agent Steps: 0008M | FPS: 1003.4 | Last FPS: 986.9 | Collect Time: 146.6 min | Train RL Time: 0.4 min | Mean Rewards: 177.52 | Current Best: 192.58
Agent Steps: 0008M | FPS: 1003.4 | Last FPS: 982.3 | Collect Time: 146.8 min | Train RL Time: 0.4 min | Mean Rewards: 171.11 | Current Best: 192.58
Agent Steps: 0008M | FPS: 1003.3 | Last FPS: 990.0 | Collect Time: 147.1 min | Train RL Time: 0.4 min | Mean Rewards: 177.92 | Current Best: 192.58
Agent Steps: 0008M | FPS: 1003.3 | Last FPS: 990.5 | Collect Time: 147.4 min | Train RL Time: 0.4 min | Mean Rewards: 187.07 | Current Best: 192.58
Agent Steps: 0008M | FPS: 1003.3 | Last FPS: 992.8 | Collect Time: 147.7 min | Train RL Time: 0.4 min | Mean Rewards: 186.35 | Current Best: 192.58
Agent Steps: 0008M | FPS: 1003.3 | Last FPS: 988.6 | Collect Time: 147.9 min | Train RL Time: 0.4 min | Mean Rewards: 189.49 | Current Best: 192.58
Agent Steps: 0008M | FPS: 1003.2 | Last FPS: 993.0 | Collect Time: 148.2 min | Train RL Time: 0.4 min | Mean Rewards: 192.12 | Current Best: 192.58
Agent Steps: 0008M | FPS: 1003.2 | Last FPS: 994.4 | Collect Time: 148.5 min | Train RL Time: 0.4 min | Mean Rewards: 190.78 | Current Best: 192.58
Agent Steps: 0008M | FPS: 1003.2 | Last FPS: 992.1 | Collect Time: 148.8 min | Train RL Time: 0.4 min | Mean Rewards: 189.07 | Current Best: 192.58
Agent Steps: 0008M | FPS: 1003.2 | Last FPS: 998.0 | Collect Time: 149.0 min | Train RL Time: 0.4 min | Mean Rewards: 187.66 | Current Best: 192.58
Agent Steps: 0009M | FPS: 1003.2 | Last FPS: 993.9 | Collect Time: 149.3 min | Train RL Time: 0.4 min | Mean Rewards: 182.79 | Current Best: 192.58
Agent Steps: 0009M | FPS: 1003.2 | Last FPS: 993.3 | Collect Time: 149.6 min | Train RL Time: 0.4 min | Mean Rewards: 187.39 | Current Best: 192.58
Agent Steps: 0009M | FPS: 1003.1 | Last FPS: 991.8 | Collect Time: 149.9 min | Train RL Time: 0.4 min | Mean Rewards: 185.40 | Current Best: 192.58
Agent Steps: 0009M | FPS: 1003.1 | Last FPS: 993.4 | Collect Time: 150.1 min | Train RL Time: 0.4 min | Mean Rewards: 187.95 | Current Best: 192.58
Agent Steps: 0009M | FPS: 1003.1 | Last FPS: 993.1 | Collect Time: 150.4 min | Train RL Time: 0.4 min | Mean Rewards: 177.33 | Current Best: 192.58
Agent Steps: 0009M | FPS: 1003.1 | Last FPS: 993.7 | Collect Time: 150.7 min | Train RL Time: 0.4 min | Mean Rewards: 171.50 | Current Best: 192.58
Agent Steps: 0009M | FPS: 1003.1 | Last FPS: 1000.0 | Collect Time: 150.9 min | Train RL Time: 0.4 min | Mean Rewards: 175.91 | Current Best: 192.58
Agent Steps: 0009M | FPS: 1003.1 | Last FPS: 998.8 | Collect Time: 151.2 min | Train RL Time: 0.4 min | Mean Rewards: 170.74 | Current Best: 192.58
Agent Steps: 0009M | FPS: 1003.1 | Last FPS: 1002.2 | Collect Time: 151.5 min | Train RL Time: 0.4 min | Mean Rewards: 173.10 | Current Best: 192.58
Agent Steps: 0009M | FPS: 1003.1 | Last FPS: 1004.6 | Collect Time: 151.8 min | Train RL Time: 0.4 min | Mean Rewards: 168.89 | Current Best: 192.58
Agent Steps: 0009M | FPS: 1003.1 | Last FPS: 1007.4 | Collect Time: 152.0 min | Train RL Time: 0.4 min | Mean Rewards: 171.16 | Current Best: 192.58
Agent Steps: 0009M | FPS: 1003.1 | Last FPS: 1009.9 | Collect Time: 152.3 min | Train RL Time: 0.4 min | Mean Rewards: 171.75 | Current Best: 192.58
Agent Steps: 0009M | FPS: 1003.1 | Last FPS: 1007.5 | Collect Time: 152.6 min | Train RL Time: 0.4 min | Mean Rewards: 174.85 | Current Best: 192.58
Agent Steps: 0009M | FPS: 1003.1 | Last FPS: 1007.7 | Collect Time: 152.8 min | Train RL Time: 0.4 min | Mean Rewards: 174.99 | Current Best: 192.58
Agent Steps: 0009M | FPS: 1003.1 | Last FPS: 1009.5 | Collect Time: 153.1 min | Train RL Time: 0.4 min | Mean Rewards: 178.22 | Current Best: 192.58
Agent Steps: 0009M | FPS: 1003.1 | Last FPS: 1012.0 | Collect Time: 153.4 min | Train RL Time: 0.4 min | Mean Rewards: 172.26 | Current Best: 192.58
Agent Steps: 0009M | FPS: 1003.1 | Last FPS: 1011.6 | Collect Time: 153.7 min | Train RL Time: 0.4 min | Mean Rewards: 175.02 | Current Best: 192.58
Agent Steps: 0009M | FPS: 1003.2 | Last FPS: 1011.4 | Collect Time: 153.9 min | Train RL Time: 0.4 min | Mean Rewards: 176.39 | Current Best: 192.58
Agent Steps: 0009M | FPS: 1003.2 | Last FPS: 1014.0 | Collect Time: 154.2 min | Train RL Time: 0.4 min | Mean Rewards: 177.42 | Current Best: 192.58
Agent Steps: 0009M | FPS: 1003.2 | Last FPS: 1009.7 | Collect Time: 154.5 min | Train RL Time: 0.4 min | Mean Rewards: 180.42 | Current Best: 192.58
Agent Steps: 0009M | FPS: 1003.2 | Last FPS: 1008.8 | Collect Time: 154.7 min | Train RL Time: 0.4 min | Mean Rewards: 186.62 | Current Best: 192.58
Agent Steps: 0009M | FPS: 1003.2 | Last FPS: 1014.6 | Collect Time: 155.0 min | Train RL Time: 0.4 min | Mean Rewards: 190.26 | Current Best: 192.58
Agent Steps: 0009M | FPS: 1003.2 | Last FPS: 1016.0 | Collect Time: 155.3 min | Train RL Time: 0.4 min | Mean Rewards: 187.93 | Current Best: 192.58
Agent Steps: 0009M | FPS: 1003.3 | Last FPS: 1020.3 | Collect Time: 155.5 min | Train RL Time: 0.4 min | Mean Rewards: 192.44 | Current Best: 192.58
save current best reward: 200.41
Agent Steps: 0009M | FPS: 1003.3 | Last FPS: 1026.5 | Collect Time: 155.8 min | Train RL Time: 0.4 min | Mean Rewards: 200.41 | Current Best: 200.41
save current best reward: 203.47
Agent Steps: 0009M | FPS: 1003.4 | Last FPS: 1026.6 | Collect Time: 156.1 min | Train RL Time: 0.4 min | Mean Rewards: 203.47 | Current Best: 203.47
save current best reward: 203.55
Agent Steps: 0009M | FPS: 1003.4 | Last FPS: 1024.4 | Collect Time: 156.3 min | Train RL Time: 0.4 min | Mean Rewards: 203.55 | Current Best: 203.55
save current best reward: 203.72
Agent Steps: 0009M | FPS: 1003.4 | Last FPS: 1021.2 | Collect Time: 156.6 min | Train RL Time: 0.4 min | Mean Rewards: 203.72 | Current Best: 203.72
save current best reward: 207.55
Agent Steps: 0009M | FPS: 1003.5 | Last FPS: 1024.2 | Collect Time: 156.9 min | Train RL Time: 0.4 min | Mean Rewards: 207.55 | Current Best: 207.55
save current best reward: 209.64
Agent Steps: 0009M | FPS: 1003.5 | Last FPS: 1025.0 | Collect Time: 157.1 min | Train RL Time: 0.4 min | Mean Rewards: 209.64 | Current Best: 209.64
Agent Steps: 0009M | FPS: 1003.5 | Last FPS: 1022.6 | Collect Time: 157.4 min | Train RL Time: 0.4 min | Mean Rewards: 206.21 | Current Best: 209.64
Agent Steps: 0009M | FPS: 1003.6 | Last FPS: 1022.6 | Collect Time: 157.7 min | Train RL Time: 0.4 min | Mean Rewards: 203.81 | Current Best: 209.64
Agent Steps: 0009M | FPS: 1003.6 | Last FPS: 1018.1 | Collect Time: 157.9 min | Train RL Time: 0.4 min | Mean Rewards: 208.73 | Current Best: 209.64
Agent Steps: 0009M | FPS: 1003.6 | Last FPS: 1018.4 | Collect Time: 158.2 min | Train RL Time: 0.4 min | Mean Rewards: 209.43 | Current Best: 209.64
Agent Steps: 0009M | FPS: 1003.6 | Last FPS: 1020.4 | Collect Time: 158.5 min | Train RL Time: 0.4 min | Mean Rewards: 207.90 | Current Best: 209.64
Agent Steps: 0009M | FPS: 1003.7 | Last FPS: 1016.8 | Collect Time: 158.7 min | Train RL Time: 0.4 min | Mean Rewards: 203.37 | Current Best: 209.64
Agent Steps: 0009M | FPS: 1003.7 | Last FPS: 1007.8 | Collect Time: 159.0 min | Train RL Time: 0.4 min | Mean Rewards: 208.49 | Current Best: 209.64
Agent Steps: 0009M | FPS: 1003.7 | Last FPS: 1012.2 | Collect Time: 159.3 min | Train RL Time: 0.4 min | Mean Rewards: 208.54 | Current Best: 209.64
save current best reward: 214.56
Agent Steps: 0009M | FPS: 1003.7 | Last FPS: 1011.3 | Collect Time: 159.5 min | Train RL Time: 0.4 min | Mean Rewards: 214.56 | Current Best: 214.56
Agent Steps: 0009M | FPS: 1003.7 | Last FPS: 1009.4 | Collect Time: 159.8 min | Train RL Time: 0.4 min | Mean Rewards: 211.29 | Current Best: 214.56
Agent Steps: 0009M | FPS: 1003.7 | Last FPS: 1001.6 | Collect Time: 160.1 min | Train RL Time: 0.4 min | Mean Rewards: 213.37 | Current Best: 214.56
save current best reward: 215.60
Agent Steps: 0009M | FPS: 1003.7 | Last FPS: 1002.9 | Collect Time: 160.4 min | Train RL Time: 0.4 min | Mean Rewards: 215.60 | Current Best: 215.60
save current best reward: 219.08
Agent Steps: 0009M | FPS: 1003.7 | Last FPS: 1004.4 | Collect Time: 160.6 min | Train RL Time: 0.4 min | Mean Rewards: 219.08 | Current Best: 219.08
Agent Steps: 0009M | FPS: 1003.7 | Last FPS: 997.0 | Collect Time: 160.9 min | Train RL Time: 0.4 min | Mean Rewards: 218.74 | Current Best: 219.08
save current best reward: 219.59
Agent Steps: 0009M | FPS: 1003.7 | Last FPS: 999.6 | Collect Time: 161.2 min | Train RL Time: 0.4 min | Mean Rewards: 219.59 | Current Best: 219.59
save current best reward: 221.15
Agent Steps: 0009M | FPS: 1003.7 | Last FPS: 1008.3 | Collect Time: 161.4 min | Train RL Time: 0.4 min | Mean Rewards: 221.15 | Current Best: 221.15
Agent Steps: 0009M | FPS: 1003.7 | Last FPS: 1007.4 | Collect Time: 161.7 min | Train RL Time: 0.4 min | Mean Rewards: 217.90 | Current Best: 221.15
Agent Steps: 0009M | FPS: 1003.7 | Last FPS: 1008.3 | Collect Time: 162.0 min | Train RL Time: 0.4 min | Mean Rewards: 218.11 | Current Best: 221.15
Agent Steps: 0009M | FPS: 1003.7 | Last FPS: 997.3 | Collect Time: 162.3 min | Train RL Time: 0.4 min | Mean Rewards: 216.43 | Current Best: 221.15
Agent Steps: 0009M | FPS: 1003.7 | Last FPS: 1000.4 | Collect Time: 162.5 min | Train RL Time: 0.4 min | Mean Rewards: 210.77 | Current Best: 221.15
Agent Steps: 0009M | FPS: 1003.7 | Last FPS: 998.3 | Collect Time: 162.8 min | Train RL Time: 0.4 min | Mean Rewards: 206.40 | Current Best: 221.15
Agent Steps: 0009M | FPS: 1003.7 | Last FPS: 996.9 | Collect Time: 163.1 min | Train RL Time: 0.4 min | Mean Rewards: 205.49 | Current Best: 221.15
Agent Steps: 0009M | FPS: 1003.7 | Last FPS: 1004.0 | Collect Time: 163.3 min | Train RL Time: 0.4 min | Mean Rewards: 201.77 | Current Best: 221.15
Agent Steps: 0009M | FPS: 1003.7 | Last FPS: 1006.3 | Collect Time: 163.6 min | Train RL Time: 0.4 min | Mean Rewards: 201.59 | Current Best: 221.15
Agent Steps: 0009M | FPS: 1003.7 | Last FPS: 1005.6 | Collect Time: 163.9 min | Train RL Time: 0.4 min | Mean Rewards: 201.70 | Current Best: 221.15
Agent Steps: 0009M | FPS: 1003.7 | Last FPS: 1002.4 | Collect Time: 164.2 min | Train RL Time: 0.4 min | Mean Rewards: 201.72 | Current Best: 221.15
Agent Steps: 0009M | FPS: 1003.7 | Last FPS: 1006.0 | Collect Time: 164.4 min | Train RL Time: 0.4 min | Mean Rewards: 200.82 | Current Best: 221.15
Agent Steps: 0009M | FPS: 1003.7 | Last FPS: 1004.1 | Collect Time: 164.7 min | Train RL Time: 0.4 min | Mean Rewards: 207.02 | Current Best: 221.15
Agent Steps: 0009M | FPS: 1003.7 | Last FPS: 1003.6 | Collect Time: 165.0 min | Train RL Time: 0.4 min | Mean Rewards: 211.67 | Current Best: 221.15
Agent Steps: 0009M | FPS: 1003.7 | Last FPS: 1004.6 | Collect Time: 165.2 min | Train RL Time: 0.4 min | Mean Rewards: 214.89 | Current Best: 221.15
Agent Steps: 0009M | FPS: 1003.7 | Last FPS: 1003.5 | Collect Time: 165.5 min | Train RL Time: 0.4 min | Mean Rewards: 217.32 | Current Best: 221.15
Agent Steps: 0010M | FPS: 1003.7 | Last FPS: 1007.2 | Collect Time: 165.8 min | Train RL Time: 0.4 min | Mean Rewards: 218.26 | Current Best: 221.15
Agent Steps: 0010M | FPS: 1003.7 | Last FPS: 1006.1 | Collect Time: 166.1 min | Train RL Time: 0.4 min | Mean Rewards: 214.09 | Current Best: 221.15
Agent Steps: 0010M | FPS: 1003.7 | Last FPS: 1002.1 | Collect Time: 166.3 min | Train RL Time: 0.4 min | Mean Rewards: 211.26 | Current Best: 221.15
Agent Steps: 0010M | FPS: 1003.7 | Last FPS: 1005.2 | Collect Time: 166.6 min | Train RL Time: 0.4 min | Mean Rewards: 211.63 | Current Best: 221.15
Agent Steps: 0010M | FPS: 1003.7 | Last FPS: 1006.6 | Collect Time: 166.9 min | Train RL Time: 0.4 min | Mean Rewards: 211.27 | Current Best: 221.15
Agent Steps: 0010M | FPS: 1003.7 | Last FPS: 1004.2 | Collect Time: 167.1 min | Train RL Time: 0.4 min | Mean Rewards: 210.32 | Current Best: 221.15
Agent Steps: 0010M | FPS: 1003.7 | Last FPS: 1006.7 | Collect Time: 167.4 min | Train RL Time: 0.4 min | Mean Rewards: 212.41 | Current Best: 221.15
Agent Steps: 0010M | FPS: 1003.7 | Last FPS: 1010.3 | Collect Time: 167.7 min | Train RL Time: 0.4 min | Mean Rewards: 215.39 | Current Best: 221.15
Agent Steps: 0010M | FPS: 1003.7 | Last FPS: 1013.8 | Collect Time: 167.9 min | Train RL Time: 0.4 min | Mean Rewards: 212.29 | Current Best: 221.15
Agent Steps: 0010M | FPS: 1003.7 | Last FPS: 1008.1 | Collect Time: 168.2 min | Train RL Time: 0.4 min | Mean Rewards: 216.16 | Current Best: 221.15
Agent Steps: 0010M | FPS: 1003.7 | Last FPS: 1013.7 | Collect Time: 168.5 min | Train RL Time: 0.4 min | Mean Rewards: 213.03 | Current Best: 221.15
Agent Steps: 0010M | FPS: 1003.8 | Last FPS: 1027.5 | Collect Time: 168.7 min | Train RL Time: 0.4 min | Mean Rewards: 210.35 | Current Best: 221.15
Agent Steps: 0010M | FPS: 1003.8 | Last FPS: 1035.0 | Collect Time: 169.0 min | Train RL Time: 0.4 min | Mean Rewards: 213.29 | Current Best: 221.15
Agent Steps: 0010M | FPS: 1003.9 | Last FPS: 1029.3 | Collect Time: 169.3 min | Train RL Time: 0.4 min | Mean Rewards: 209.83 | Current Best: 221.15
Agent Steps: 0010M | FPS: 1003.9 | Last FPS: 1037.8 | Collect Time: 169.5 min | Train RL Time: 0.4 min | Mean Rewards: 209.91 | Current Best: 221.15
Agent Steps: 0010M | FPS: 1004.0 | Last FPS: 1041.3 | Collect Time: 169.8 min | Train RL Time: 0.4 min | Mean Rewards: 205.60 | Current Best: 221.15
Agent Steps: 0010M | FPS: 1004.0 | Last FPS: 1036.3 | Collect Time: 170.1 min | Train RL Time: 0.4 min | Mean Rewards: 201.91 | Current Best: 221.15
Agent Steps: 0010M | FPS: 1004.1 | Last FPS: 1042.5 | Collect Time: 170.3 min | Train RL Time: 0.4 min | Mean Rewards: 207.15 | Current Best: 221.15
Agent Steps: 0010M | FPS: 1004.2 | Last FPS: 1047.0 | Collect Time: 170.6 min | Train RL Time: 0.4 min | Mean Rewards: 206.40 | Current Best: 221.15
Agent Steps: 0010M | FPS: 1004.2 | Last FPS: 1051.7 | Collect Time: 170.8 min | Train RL Time: 0.4 min | Mean Rewards: 205.60 | Current Best: 221.15
Agent Steps: 0010M | FPS: 1004.3 | Last FPS: 1045.7 | Collect Time: 171.1 min | Train RL Time: 0.4 min | Mean Rewards: 204.77 | Current Best: 221.15
Agent Steps: 0010M | FPS: 1004.3 | Last FPS: 1039.8 | Collect Time: 171.4 min | Train RL Time: 0.4 min | Mean Rewards: 208.10 | Current Best: 221.15
Agent Steps: 0010M | FPS: 1004.4 | Last FPS: 1039.8 | Collect Time: 171.6 min | Train RL Time: 0.4 min | Mean Rewards: 208.30 | Current Best: 221.15
Agent Steps: 0010M | FPS: 1004.5 | Last FPS: 1040.2 | Collect Time: 171.9 min | Train RL Time: 0.4 min | Mean Rewards: 208.59 | Current Best: 221.15
Agent Steps: 0010M | FPS: 1004.5 | Last FPS: 1029.1 | Collect Time: 172.2 min | Train RL Time: 0.4 min | Mean Rewards: 215.77 | Current Best: 221.15
Agent Steps: 0010M | FPS: 1004.5 | Last FPS: 1022.6 | Collect Time: 172.4 min | Train RL Time: 0.4 min | Mean Rewards: 212.07 | Current Best: 221.15
Agent Steps: 0010M | FPS: 1004.5 | Last FPS: 1025.6 | Collect Time: 172.7 min | Train RL Time: 0.4 min | Mean Rewards: 213.91 | Current Best: 221.15
Agent Steps: 0010M | FPS: 1004.6 | Last FPS: 1029.6 | Collect Time: 172.9 min | Train RL Time: 0.4 min | Mean Rewards: 212.94 | Current Best: 221.15
Agent Steps: 0010M | FPS: 1004.6 | Last FPS: 1030.6 | Collect Time: 173.2 min | Train RL Time: 0.4 min | Mean Rewards: 209.45 | Current Best: 221.15
Agent Steps: 0010M | FPS: 1004.7 | Last FPS: 1020.4 | Collect Time: 173.5 min | Train RL Time: 0.4 min | Mean Rewards: 211.31 | Current Best: 221.15
Agent Steps: 0010M | FPS: 1004.7 | Last FPS: 1022.2 | Collect Time: 173.7 min | Train RL Time: 0.4 min | Mean Rewards: 212.38 | Current Best: 221.15
Agent Steps: 0010M | FPS: 1004.7 | Last FPS: 1021.0 | Collect Time: 174.0 min | Train RL Time: 0.4 min | Mean Rewards: 213.15 | Current Best: 221.15
Agent Steps: 0010M | FPS: 1004.7 | Last FPS: 1020.1 | Collect Time: 174.3 min | Train RL Time: 0.4 min | Mean Rewards: 215.81 | Current Best: 221.15
Agent Steps: 0010M | FPS: 1004.8 | Last FPS: 1036.7 | Collect Time: 174.5 min | Train RL Time: 0.4 min | Mean Rewards: 217.67 | Current Best: 221.15
Agent Steps: 0010M | FPS: 1004.8 | Last FPS: 1034.9 | Collect Time: 174.8 min | Train RL Time: 0.4 min | Mean Rewards: 219.18 | Current Best: 221.15
Agent Steps: 0010M | FPS: 1004.9 | Last FPS: 1033.2 | Collect Time: 175.1 min | Train RL Time: 0.4 min | Mean Rewards: 216.34 | Current Best: 221.15
Agent Steps: 0010M | FPS: 1004.9 | Last FPS: 1034.8 | Collect Time: 175.3 min | Train RL Time: 0.4 min | Mean Rewards: 216.42 | Current Best: 221.15
Agent Steps: 0010M | FPS: 1004.9 | Last FPS: 1028.5 | Collect Time: 175.6 min | Train RL Time: 0.4 min | Mean Rewards: 216.16 | Current Best: 221.15
Agent Steps: 0010M | FPS: 1005.0 | Last FPS: 1024.4 | Collect Time: 175.9 min | Train RL Time: 0.4 min | Mean Rewards: 216.49 | Current Best: 221.15
Agent Steps: 0010M | FPS: 1005.0 | Last FPS: 1027.1 | Collect Time: 176.1 min | Train RL Time: 0.4 min | Mean Rewards: 217.02 | Current Best: 221.15
Agent Steps: 0010M | FPS: 1005.0 | Last FPS: 1028.9 | Collect Time: 176.4 min | Train RL Time: 0.4 min | Mean Rewards: 213.27 | Current Best: 221.15
Agent Steps: 0010M | FPS: 1005.1 | Last FPS: 1028.5 | Collect Time: 176.7 min | Train RL Time: 0.4 min | Mean Rewards: 211.92 | Current Best: 221.15
Agent Steps: 0010M | FPS: 1005.1 | Last FPS: 1028.7 | Collect Time: 176.9 min | Train RL Time: 0.4 min | Mean Rewards: 215.26 | Current Best: 221.15
Agent Steps: 0010M | FPS: 1005.1 | Last FPS: 1024.1 | Collect Time: 177.2 min | Train RL Time: 0.4 min | Mean Rewards: 213.47 | Current Best: 221.15
Agent Steps: 0010M | FPS: 1005.2 | Last FPS: 1018.9 | Collect Time: 177.5 min | Train RL Time: 0.4 min | Mean Rewards: 213.84 | Current Best: 221.15
Agent Steps: 0010M | FPS: 1005.2 | Last FPS: 1021.5 | Collect Time: 177.7 min | Train RL Time: 0.4 min | Mean Rewards: 214.53 | Current Best: 221.15
Agent Steps: 0010M | FPS: 1005.2 | Last FPS: 1020.5 | Collect Time: 178.0 min | Train RL Time: 0.4 min | Mean Rewards: 216.56 | Current Best: 221.15
Agent Steps: 0010M | FPS: 1005.2 | Last FPS: 1020.0 | Collect Time: 178.3 min | Train RL Time: 0.4 min | Mean Rewards: 211.81 | Current Best: 221.15
Agent Steps: 0010M | FPS: 1005.3 | Last FPS: 1021.4 | Collect Time: 178.5 min | Train RL Time: 0.4 min | Mean Rewards: 211.94 | Current Best: 221.15
Agent Steps: 0010M | FPS: 1005.3 | Last FPS: 1027.3 | Collect Time: 178.8 min | Train RL Time: 0.4 min | Mean Rewards: 213.45 | Current Best: 221.15
Agent Steps: 0010M | FPS: 1005.3 | Last FPS: 1027.3 | Collect Time: 179.1 min | Train RL Time: 0.5 min | Mean Rewards: 211.72 | Current Best: 221.15
Agent Steps: 0010M | FPS: 1005.3 | Last FPS: 1025.0 | Collect Time: 179.3 min | Train RL Time: 0.5 min | Mean Rewards: 213.77 | Current Best: 221.15
Agent Steps: 0010M | FPS: 1005.4 | Last FPS: 1026.9 | Collect Time: 179.6 min | Train RL Time: 0.5 min | Mean Rewards: 214.08 | Current Best: 221.15
Agent Steps: 0010M | FPS: 1005.4 | Last FPS: 1023.4 | Collect Time: 179.8 min | Train RL Time: 0.5 min | Mean Rewards: 215.66 | Current Best: 221.15
Agent Steps: 0010M | FPS: 1005.4 | Last FPS: 1029.5 | Collect Time: 180.1 min | Train RL Time: 0.5 min | Mean Rewards: 216.03 | Current Best: 221.15
Agent Steps: 0010M | FPS: 1005.5 | Last FPS: 1026.7 | Collect Time: 180.4 min | Train RL Time: 0.5 min | Mean Rewards: 217.16 | Current Best: 221.15
Agent Steps: 0010M | FPS: 1005.5 | Last FPS: 1032.9 | Collect Time: 180.6 min | Train RL Time: 0.5 min | Mean Rewards: 216.86 | Current Best: 221.15
Agent Steps: 0010M | FPS: 1005.6 | Last FPS: 1033.7 | Collect Time: 180.9 min | Train RL Time: 0.5 min | Mean Rewards: 214.74 | Current Best: 221.15
Agent Steps: 0010M | FPS: 1005.6 | Last FPS: 1023.0 | Collect Time: 181.2 min | Train RL Time: 0.5 min | Mean Rewards: 214.04 | Current Best: 221.15
Agent Steps: 0010M | FPS: 1005.6 | Last FPS: 1027.8 | Collect Time: 181.4 min | Train RL Time: 0.5 min | Mean Rewards: 216.29 | Current Best: 221.15
Agent Steps: 0010M | FPS: 1005.6 | Last FPS: 1026.3 | Collect Time: 181.7 min | Train RL Time: 0.5 min | Mean Rewards: 216.78 | Current Best: 221.15
Agent Steps: 0011M | FPS: 1005.7 | Last FPS: 1030.6 | Collect Time: 182.0 min | Train RL Time: 0.5 min | Mean Rewards: 214.00 | Current Best: 221.15
Agent Steps: 0011M | FPS: 1005.7 | Last FPS: 1033.3 | Collect Time: 182.2 min | Train RL Time: 0.5 min | Mean Rewards: 214.26 | Current Best: 221.15
Agent Steps: 0011M | FPS: 1005.8 | Last FPS: 1029.7 | Collect Time: 182.5 min | Train RL Time: 0.5 min | Mean Rewards: 214.05 | Current Best: 221.15
Agent Steps: 0011M | FPS: 1005.8 | Last FPS: 1028.4 | Collect Time: 182.8 min | Train RL Time: 0.5 min | Mean Rewards: 207.99 | Current Best: 221.15
Agent Steps: 0011M | FPS: 1005.8 | Last FPS: 1028.8 | Collect Time: 183.0 min | Train RL Time: 0.5 min | Mean Rewards: 207.76 | Current Best: 221.15
Agent Steps: 0011M | FPS: 1005.9 | Last FPS: 1030.6 | Collect Time: 183.3 min | Train RL Time: 0.5 min | Mean Rewards: 212.05 | Current Best: 221.15
Agent Steps: 0011M | FPS: 1005.9 | Last FPS: 1034.0 | Collect Time: 183.6 min | Train RL Time: 0.5 min | Mean Rewards: 213.06 | Current Best: 221.15
Agent Steps: 0011M | FPS: 1005.9 | Last FPS: 1030.4 | Collect Time: 183.8 min | Train RL Time: 0.5 min | Mean Rewards: 214.63 | Current Best: 221.15
Agent Steps: 0011M | FPS: 1006.0 | Last FPS: 1029.8 | Collect Time: 184.1 min | Train RL Time: 0.5 min | Mean Rewards: 215.01 | Current Best: 221.15
Agent Steps: 0011M | FPS: 1006.0 | Last FPS: 1026.6 | Collect Time: 184.3 min | Train RL Time: 0.5 min | Mean Rewards: 211.48 | Current Best: 221.15
Agent Steps: 0011M | FPS: 1006.0 | Last FPS: 1025.4 | Collect Time: 184.6 min | Train RL Time: 0.5 min | Mean Rewards: 211.23 | Current Best: 221.15
Agent Steps: 0011M | FPS: 1006.1 | Last FPS: 1025.1 | Collect Time: 184.9 min | Train RL Time: 0.5 min | Mean Rewards: 213.79 | Current Best: 221.15
Agent Steps: 0011M | FPS: 1006.1 | Last FPS: 1024.8 | Collect Time: 185.1 min | Train RL Time: 0.5 min | Mean Rewards: 213.14 | Current Best: 221.15
Agent Steps: 0011M | FPS: 1006.1 | Last FPS: 1018.2 | Collect Time: 185.4 min | Train RL Time: 0.5 min | Mean Rewards: 212.96 | Current Best: 221.15
Agent Steps: 0011M | FPS: 1006.1 | Last FPS: 1018.9 | Collect Time: 185.7 min | Train RL Time: 0.5 min | Mean Rewards: 212.87 | Current Best: 221.15
Agent Steps: 0011M | FPS: 1006.1 | Last FPS: 1018.5 | Collect Time: 185.9 min | Train RL Time: 0.5 min | Mean Rewards: 215.53 | Current Best: 221.15
Agent Steps: 0011M | FPS: 1006.1 | Last FPS: 1016.7 | Collect Time: 186.2 min | Train RL Time: 0.5 min | Mean Rewards: 216.18 | Current Best: 221.15
Agent Steps: 0011M | FPS: 1006.2 | Last FPS: 1018.5 | Collect Time: 186.5 min | Train RL Time: 0.5 min | Mean Rewards: 214.11 | Current Best: 221.15
Agent Steps: 0011M | FPS: 1006.2 | Last FPS: 1014.3 | Collect Time: 186.7 min | Train RL Time: 0.5 min | Mean Rewards: 212.98 | Current Best: 221.15
Agent Steps: 0011M | FPS: 1006.2 | Last FPS: 1016.9 | Collect Time: 187.0 min | Train RL Time: 0.5 min | Mean Rewards: 209.54 | Current Best: 221.15
Agent Steps: 0011M | FPS: 1006.2 | Last FPS: 1017.5 | Collect Time: 187.3 min | Train RL Time: 0.5 min | Mean Rewards: 207.20 | Current Best: 221.15
Agent Steps: 0011M | FPS: 1006.2 | Last FPS: 1011.8 | Collect Time: 187.6 min | Train RL Time: 0.5 min | Mean Rewards: 206.28 | Current Best: 221.15
Agent Steps: 0011M | FPS: 1006.2 | Last FPS: 1016.6 | Collect Time: 187.8 min | Train RL Time: 0.5 min | Mean Rewards: 204.05 | Current Best: 221.15
Agent Steps: 0011M | FPS: 1006.2 | Last FPS: 1006.6 | Collect Time: 188.1 min | Train RL Time: 0.5 min | Mean Rewards: 203.73 | Current Best: 221.15
Agent Steps: 0011M | FPS: 1006.2 | Last FPS: 1007.4 | Collect Time: 188.4 min | Train RL Time: 0.5 min | Mean Rewards: 199.01 | Current Best: 221.15
Agent Steps: 0011M | FPS: 1006.2 | Last FPS: 998.5 | Collect Time: 188.6 min | Train RL Time: 0.5 min | Mean Rewards: 198.68 | Current Best: 221.15
Agent Steps: 0011M | FPS: 1006.2 | Last FPS: 998.9 | Collect Time: 188.9 min | Train RL Time: 0.5 min | Mean Rewards: 192.05 | Current Best: 221.15
Agent Steps: 0011M | FPS: 1006.2 | Last FPS: 1006.4 | Collect Time: 189.2 min | Train RL Time: 0.5 min | Mean Rewards: 193.26 | Current Best: 221.15
Agent Steps: 0011M | FPS: 1006.2 | Last FPS: 1006.1 | Collect Time: 189.4 min | Train RL Time: 0.5 min | Mean Rewards: 194.37 | Current Best: 221.15
Agent Steps: 0011M | FPS: 1006.2 | Last FPS: 1014.1 | Collect Time: 189.7 min | Train RL Time: 0.5 min | Mean Rewards: 199.91 | Current Best: 221.15
Agent Steps: 0011M | FPS: 1006.2 | Last FPS: 1010.0 | Collect Time: 190.0 min | Train RL Time: 0.5 min | Mean Rewards: 203.64 | Current Best: 221.15
Agent Steps: 0011M | FPS: 1006.2 | Last FPS: 1012.2 | Collect Time: 190.3 min | Train RL Time: 0.5 min | Mean Rewards: 206.78 | Current Best: 221.15
Agent Steps: 0011M | FPS: 1006.2 | Last FPS: 1005.1 | Collect Time: 190.5 min | Train RL Time: 0.5 min | Mean Rewards: 209.92 | Current Best: 221.15
Agent Steps: 0011M | FPS: 1006.2 | Last FPS: 1005.3 | Collect Time: 190.8 min | Train RL Time: 0.5 min | Mean Rewards: 208.35 | Current Best: 221.15
Agent Steps: 0011M | FPS: 1006.2 | Last FPS: 1002.7 | Collect Time: 191.1 min | Train RL Time: 0.5 min | Mean Rewards: 212.12 | Current Best: 221.15
Agent Steps: 0011M | FPS: 1006.2 | Last FPS: 1005.8 | Collect Time: 191.3 min | Train RL Time: 0.5 min | Mean Rewards: 214.17 | Current Best: 221.15
Agent Steps: 0011M | FPS: 1006.2 | Last FPS: 1008.2 | Collect Time: 191.6 min | Train RL Time: 0.5 min | Mean Rewards: 214.99 | Current Best: 221.15
Agent Steps: 0011M | FPS: 1006.2 | Last FPS: 1009.2 | Collect Time: 191.9 min | Train RL Time: 0.5 min | Mean Rewards: 214.72 | Current Best: 221.15
Agent Steps: 0011M | FPS: 1006.2 | Last FPS: 1008.1 | Collect Time: 192.2 min | Train RL Time: 0.5 min | Mean Rewards: 214.47 | Current Best: 221.15
Agent Steps: 0011M | FPS: 1006.2 | Last FPS: 999.7 | Collect Time: 192.4 min | Train RL Time: 0.5 min | Mean Rewards: 211.94 | Current Best: 221.15
Agent Steps: 0011M | FPS: 1006.2 | Last FPS: 998.2 | Collect Time: 192.7 min | Train RL Time: 0.5 min | Mean Rewards: 210.00 | Current Best: 221.15
Agent Steps: 0011M | FPS: 1006.2 | Last FPS: 1002.7 | Collect Time: 193.0 min | Train RL Time: 0.5 min | Mean Rewards: 212.25 | Current Best: 221.15
Agent Steps: 0011M | FPS: 1006.2 | Last FPS: 1006.4 | Collect Time: 193.2 min | Train RL Time: 0.5 min | Mean Rewards: 214.62 | Current Best: 221.15
Agent Steps: 0011M | FPS: 1006.2 | Last FPS: 1005.3 | Collect Time: 193.5 min | Train RL Time: 0.5 min | Mean Rewards: 214.49 | Current Best: 221.15
Agent Steps: 0011M | FPS: 1006.2 | Last FPS: 1010.1 | Collect Time: 193.8 min | Train RL Time: 0.5 min | Mean Rewards: 214.10 | Current Best: 221.15
Agent Steps: 0011M | FPS: 1006.2 | Last FPS: 999.9 | Collect Time: 194.1 min | Train RL Time: 0.5 min | Mean Rewards: 214.21 | Current Best: 221.15
Agent Steps: 0011M | FPS: 1006.2 | Last FPS: 1004.5 | Collect Time: 194.3 min | Train RL Time: 0.5 min | Mean Rewards: 212.78 | Current Best: 221.15
Agent Steps: 0011M | FPS: 1006.2 | Last FPS: 996.7 | Collect Time: 194.6 min | Train RL Time: 0.5 min | Mean Rewards: 213.44 | Current Best: 221.15
Agent Steps: 0011M | FPS: 1006.2 | Last FPS: 994.1 | Collect Time: 194.9 min | Train RL Time: 0.5 min | Mean Rewards: 214.51 | Current Best: 221.15
Agent Steps: 0011M | FPS: 1006.2 | Last FPS: 993.0 | Collect Time: 195.1 min | Train RL Time: 0.5 min | Mean Rewards: 212.24 | Current Best: 221.15
Agent Steps: 0011M | FPS: 1006.2 | Last FPS: 1006.2 | Collect Time: 195.4 min | Train RL Time: 0.5 min | Mean Rewards: 210.40 | Current Best: 221.15
Agent Steps: 0011M | FPS: 1006.2 | Last FPS: 1007.7 | Collect Time: 195.7 min | Train RL Time: 0.5 min | Mean Rewards: 210.96 | Current Best: 221.15
Agent Steps: 0011M | FPS: 1006.2 | Last FPS: 1006.2 | Collect Time: 196.0 min | Train RL Time: 0.5 min | Mean Rewards: 213.69 | Current Best: 221.15
Agent Steps: 0011M | FPS: 1006.2 | Last FPS: 1004.1 | Collect Time: 196.2 min | Train RL Time: 0.5 min | Mean Rewards: 215.66 | Current Best: 221.15
Agent Steps: 0011M | FPS: 1006.2 | Last FPS: 1006.6 | Collect Time: 196.5 min | Train RL Time: 0.5 min | Mean Rewards: 216.82 | Current Best: 221.15
Agent Steps: 0011M | FPS: 1006.1 | Last FPS: 993.7 | Collect Time: 196.8 min | Train RL Time: 0.5 min | Mean Rewards: 219.19 | Current Best: 221.15
Agent Steps: 0011M | FPS: 1006.1 | Last FPS: 997.9 | Collect Time: 197.0 min | Train RL Time: 0.5 min | Mean Rewards: 219.37 | Current Best: 221.15
Agent Steps: 0011M | FPS: 1006.1 | Last FPS: 992.4 | Collect Time: 197.3 min | Train RL Time: 0.5 min | Mean Rewards: 220.82 | Current Best: 221.15
Agent Steps: 0011M | FPS: 1006.1 | Last FPS: 986.9 | Collect Time: 197.6 min | Train RL Time: 0.5 min | Mean Rewards: 220.02 | Current Best: 221.15
Agent Steps: 0011M | FPS: 1006.1 | Last FPS: 989.5 | Collect Time: 197.9 min | Train RL Time: 0.5 min | Mean Rewards: 219.58 | Current Best: 221.15
Agent Steps: 0011M | FPS: 1006.0 | Last FPS: 992.3 | Collect Time: 198.1 min | Train RL Time: 0.5 min | Mean Rewards: 219.47 | Current Best: 221.15
Agent Steps: 0012M | FPS: 1006.0 | Last FPS: 990.8 | Collect Time: 198.4 min | Train RL Time: 0.5 min | Mean Rewards: 219.63 | Current Best: 221.15
Agent Steps: 0012M | FPS: 1006.0 | Last FPS: 981.7 | Collect Time: 198.7 min | Train RL Time: 0.5 min | Mean Rewards: 219.96 | Current Best: 221.15
Agent Steps: 0012M | FPS: 1006.0 | Last FPS: 991.2 | Collect Time: 199.0 min | Train RL Time: 0.5 min | Mean Rewards: 219.68 | Current Best: 221.15
Agent Steps: 0012M | FPS: 1005.9 | Last FPS: 990.9 | Collect Time: 199.2 min | Train RL Time: 0.5 min | Mean Rewards: 220.67 | Current Best: 221.15
Agent Steps: 0012M | FPS: 1005.9 | Last FPS: 993.6 | Collect Time: 199.5 min | Train RL Time: 0.5 min | Mean Rewards: 220.29 | Current Best: 221.15
Agent Steps: 0012M | FPS: 1005.9 | Last FPS: 1004.0 | Collect Time: 199.8 min | Train RL Time: 0.5 min | Mean Rewards: 220.40 | Current Best: 221.15
save current best reward: 221.70
Agent Steps: 0012M | FPS: 1005.9 | Last FPS: 1002.6 | Collect Time: 200.1 min | Train RL Time: 0.5 min | Mean Rewards: 221.70 | Current Best: 221.70
save current best reward: 222.00
Agent Steps: 0012M | FPS: 1005.9 | Last FPS: 1005.8 | Collect Time: 200.3 min | Train RL Time: 0.5 min | Mean Rewards: 222.00 | Current Best: 222.00
save current best reward: 222.44
Agent Steps: 0012M | FPS: 1005.9 | Last FPS: 1005.9 | Collect Time: 200.6 min | Train RL Time: 0.5 min | Mean Rewards: 222.44 | Current Best: 222.44
Agent Steps: 0012M | FPS: 1005.9 | Last FPS: 1001.5 | Collect Time: 200.9 min | Train RL Time: 0.5 min | Mean Rewards: 221.82 | Current Best: 222.44
Agent Steps: 0012M | FPS: 1005.9 | Last FPS: 998.4 | Collect Time: 201.1 min | Train RL Time: 0.5 min | Mean Rewards: 221.96 | Current Best: 222.44
Agent Steps: 0012M | FPS: 1005.9 | Last FPS: 1003.6 | Collect Time: 201.4 min | Train RL Time: 0.5 min | Mean Rewards: 222.36 | Current Best: 222.44
Agent Steps: 0012M | FPS: 1005.9 | Last FPS: 1000.4 | Collect Time: 201.7 min | Train RL Time: 0.5 min | Mean Rewards: 220.60 | Current Best: 222.44
Agent Steps: 0012M | FPS: 1005.9 | Last FPS: 1011.0 | Collect Time: 202.0 min | Train RL Time: 0.5 min | Mean Rewards: 218.53 | Current Best: 222.44
Agent Steps: 0012M | FPS: 1005.9 | Last FPS: 1014.0 | Collect Time: 202.2 min | Train RL Time: 0.5 min | Mean Rewards: 216.83 | Current Best: 222.44
Agent Steps: 0012M | FPS: 1005.9 | Last FPS: 1017.3 | Collect Time: 202.5 min | Train RL Time: 0.5 min | Mean Rewards: 215.67 | Current Best: 222.44
Agent Steps: 0012M | FPS: 1005.9 | Last FPS: 1014.3 | Collect Time: 202.8 min | Train RL Time: 0.5 min | Mean Rewards: 216.13 | Current Best: 222.44
Agent Steps: 0012M | FPS: 1005.9 | Last FPS: 1007.4 | Collect Time: 203.0 min | Train RL Time: 0.5 min | Mean Rewards: 216.09 | Current Best: 222.44
Agent Steps: 0012M | FPS: 1005.9 | Last FPS: 1007.1 | Collect Time: 203.3 min | Train RL Time: 0.5 min | Mean Rewards: 215.94 | Current Best: 222.44
Agent Steps: 0012M | FPS: 1005.9 | Last FPS: 1008.1 | Collect Time: 203.6 min | Train RL Time: 0.5 min | Mean Rewards: 218.67 | Current Best: 222.44
Agent Steps: 0012M | FPS: 1006.0 | Last FPS: 1012.2 | Collect Time: 203.8 min | Train RL Time: 0.5 min | Mean Rewards: 218.30 | Current Best: 222.44
Agent Steps: 0012M | FPS: 1006.0 | Last FPS: 1023.4 | Collect Time: 204.1 min | Train RL Time: 0.5 min | Mean Rewards: 218.05 | Current Best: 222.44
Agent Steps: 0012M | FPS: 1006.0 | Last FPS: 1020.9 | Collect Time: 204.4 min | Train RL Time: 0.5 min | Mean Rewards: 217.18 | Current Best: 222.44
Agent Steps: 0012M | FPS: 1006.0 | Last FPS: 1022.4 | Collect Time: 204.6 min | Train RL Time: 0.5 min | Mean Rewards: 215.88 | Current Best: 222.44
Agent Steps: 0012M | FPS: 1006.0 | Last FPS: 1023.6 | Collect Time: 204.9 min | Train RL Time: 0.5 min | Mean Rewards: 215.92 | Current Best: 222.44
Agent Steps: 0012M | FPS: 1006.0 | Last FPS: 1013.4 | Collect Time: 205.2 min | Train RL Time: 0.5 min | Mean Rewards: 213.91 | Current Best: 222.44
Agent Steps: 0012M | FPS: 1006.1 | Last FPS: 1011.4 | Collect Time: 205.5 min | Train RL Time: 0.5 min | Mean Rewards: 212.60 | Current Best: 222.44
Agent Steps: 0012M | FPS: 1006.1 | Last FPS: 1016.8 | Collect Time: 205.7 min | Train RL Time: 0.5 min | Mean Rewards: 213.74 | Current Best: 222.44
Agent Steps: 0012M | FPS: 1006.1 | Last FPS: 1019.2 | Collect Time: 206.0 min | Train RL Time: 0.5 min | Mean Rewards: 213.29 | Current Best: 222.44
Agent Steps: 0012M | FPS: 1006.1 | Last FPS: 1027.2 | Collect Time: 206.3 min | Train RL Time: 0.5 min | Mean Rewards: 215.24 | Current Best: 222.44
Agent Steps: 0012M | FPS: 1006.1 | Last FPS: 1025.9 | Collect Time: 206.5 min | Train RL Time: 0.5 min | Mean Rewards: 214.66 | Current Best: 222.44
Agent Steps: 0012M | FPS: 1006.2 | Last FPS: 1029.5 | Collect Time: 206.8 min | Train RL Time: 0.5 min | Mean Rewards: 215.12 | Current Best: 222.44
Agent Steps: 0012M | FPS: 1006.2 | Last FPS: 1025.5 | Collect Time: 207.0 min | Train RL Time: 0.5 min | Mean Rewards: 214.53 | Current Best: 222.44
Agent Steps: 0012M | FPS: 1006.2 | Last FPS: 1012.5 | Collect Time: 207.3 min | Train RL Time: 0.5 min | Mean Rewards: 213.58 | Current Best: 222.44
Agent Steps: 0012M | FPS: 1006.2 | Last FPS: 1000.7 | Collect Time: 207.6 min | Train RL Time: 0.5 min | Mean Rewards: 212.80 | Current Best: 222.44
Agent Steps: 0012M | FPS: 1006.2 | Last FPS: 1008.8 | Collect Time: 207.9 min | Train RL Time: 0.5 min | Mean Rewards: 214.69 | Current Best: 222.44
Agent Steps: 0012M | FPS: 1006.2 | Last FPS: 1014.5 | Collect Time: 208.1 min | Train RL Time: 0.5 min | Mean Rewards: 213.75 | Current Best: 222.44
Agent Steps: 0012M | FPS: 1006.2 | Last FPS: 1019.6 | Collect Time: 208.4 min | Train RL Time: 0.5 min | Mean Rewards: 213.34 | Current Best: 222.44
Agent Steps: 0012M | FPS: 1006.2 | Last FPS: 1018.7 | Collect Time: 208.7 min | Train RL Time: 0.5 min | Mean Rewards: 213.25 | Current Best: 222.44
Agent Steps: 0012M | FPS: 1006.3 | Last FPS: 1024.8 | Collect Time: 208.9 min | Train RL Time: 0.5 min | Mean Rewards: 214.71 | Current Best: 222.44
Agent Steps: 0012M | FPS: 1006.3 | Last FPS: 1020.4 | Collect Time: 209.2 min | Train RL Time: 0.5 min | Mean Rewards: 215.39 | Current Best: 222.44
Agent Steps: 0012M | FPS: 1006.3 | Last FPS: 1018.0 | Collect Time: 209.5 min | Train RL Time: 0.5 min | Mean Rewards: 216.07 | Current Best: 222.44
Agent Steps: 0012M | FPS: 1006.3 | Last FPS: 1012.8 | Collect Time: 209.7 min | Train RL Time: 0.5 min | Mean Rewards: 213.41 | Current Best: 222.44
Agent Steps: 0012M | FPS: 1006.3 | Last FPS: 1017.3 | Collect Time: 210.0 min | Train RL Time: 0.5 min | Mean Rewards: 212.81 | Current Best: 222.44
Agent Steps: 0012M | FPS: 1006.3 | Last FPS: 1021.1 | Collect Time: 210.3 min | Train RL Time: 0.5 min | Mean Rewards: 213.33 | Current Best: 222.44
Agent Steps: 0012M | FPS: 1006.4 | Last FPS: 1030.2 | Collect Time: 210.5 min | Train RL Time: 0.5 min | Mean Rewards: 214.03 | Current Best: 222.44
Agent Steps: 0012M | FPS: 1006.4 | Last FPS: 1028.4 | Collect Time: 210.8 min | Train RL Time: 0.5 min | Mean Rewards: 213.22 | Current Best: 222.44
Agent Steps: 0012M | FPS: 1006.4 | Last FPS: 1023.3 | Collect Time: 211.1 min | Train RL Time: 0.5 min | Mean Rewards: 211.47 | Current Best: 222.44
Agent Steps: 0012M | FPS: 1006.4 | Last FPS: 1022.7 | Collect Time: 211.3 min | Train RL Time: 0.5 min | Mean Rewards: 212.77 | Current Best: 222.44
Agent Steps: 0012M | FPS: 1006.5 | Last FPS: 1018.8 | Collect Time: 211.6 min | Train RL Time: 0.5 min | Mean Rewards: 210.10 | Current Best: 222.44
Agent Steps: 0012M | FPS: 1006.5 | Last FPS: 1025.8 | Collect Time: 211.9 min | Train RL Time: 0.5 min | Mean Rewards: 210.87 | Current Best: 222.44
Agent Steps: 0012M | FPS: 1006.5 | Last FPS: 1025.3 | Collect Time: 212.1 min | Train RL Time: 0.5 min | Mean Rewards: 211.68 | Current Best: 222.44
Agent Steps: 0012M | FPS: 1006.5 | Last FPS: 1032.1 | Collect Time: 212.4 min | Train RL Time: 0.5 min | Mean Rewards: 208.18 | Current Best: 222.44
Agent Steps: 0012M | FPS: 1006.6 | Last FPS: 1034.7 | Collect Time: 212.7 min | Train RL Time: 0.5 min | Mean Rewards: 207.18 | Current Best: 222.44
Agent Steps: 0012M | FPS: 1006.6 | Last FPS: 1034.8 | Collect Time: 212.9 min | Train RL Time: 0.5 min | Mean Rewards: 206.14 | Current Best: 222.44
Agent Steps: 0012M | FPS: 1006.6 | Last FPS: 1024.1 | Collect Time: 213.2 min | Train RL Time: 0.5 min | Mean Rewards: 207.31 | Current Best: 222.44
Agent Steps: 0012M | FPS: 1006.6 | Last FPS: 1024.4 | Collect Time: 213.4 min | Train RL Time: 0.5 min | Mean Rewards: 208.95 | Current Best: 222.44
Agent Steps: 0012M | FPS: 1006.7 | Last FPS: 1026.4 | Collect Time: 213.7 min | Train RL Time: 0.5 min | Mean Rewards: 213.79 | Current Best: 222.44
Agent Steps: 0012M | FPS: 1006.7 | Last FPS: 1023.5 | Collect Time: 214.0 min | Train RL Time: 0.5 min | Mean Rewards: 213.59 | Current Best: 222.44
Agent Steps: 0012M | FPS: 1006.7 | Last FPS: 1033.7 | Collect Time: 214.2 min | Train RL Time: 0.5 min | Mean Rewards: 214.92 | Current Best: 222.44
Agent Steps: 0012M | FPS: 1006.8 | Last FPS: 1034.5 | Collect Time: 214.5 min | Train RL Time: 0.5 min | Mean Rewards: 216.30 | Current Best: 222.44
Agent Steps: 0013M | FPS: 1006.8 | Last FPS: 1032.1 | Collect Time: 214.8 min | Train RL Time: 0.5 min | Mean Rewards: 217.13 | Current Best: 222.44
Agent Steps: 0013M | FPS: 1006.8 | Last FPS: 1030.1 | Collect Time: 215.0 min | Train RL Time: 0.5 min | Mean Rewards: 218.62 | Current Best: 222.44
Agent Steps: 0013M | FPS: 1006.8 | Last FPS: 1027.6 | Collect Time: 215.3 min | Train RL Time: 0.5 min | Mean Rewards: 219.72 | Current Best: 222.44
Agent Steps: 0013M | FPS: 1006.9 | Last FPS: 1027.3 | Collect Time: 215.6 min | Train RL Time: 0.5 min | Mean Rewards: 218.10 | Current Best: 222.44
Agent Steps: 0013M | FPS: 1006.9 | Last FPS: 1027.6 | Collect Time: 215.8 min | Train RL Time: 0.5 min | Mean Rewards: 219.58 | Current Best: 222.44
Agent Steps: 0013M | FPS: 1006.9 | Last FPS: 1028.5 | Collect Time: 216.1 min | Train RL Time: 0.5 min | Mean Rewards: 219.51 | Current Best: 222.44
Agent Steps: 0013M | FPS: 1007.0 | Last FPS: 1035.5 | Collect Time: 216.4 min | Train RL Time: 0.5 min | Mean Rewards: 220.94 | Current Best: 222.44
Agent Steps: 0013M | FPS: 1007.0 | Last FPS: 1034.2 | Collect Time: 216.6 min | Train RL Time: 0.5 min | Mean Rewards: 219.03 | Current Best: 222.44
Agent Steps: 0013M | FPS: 1007.0 | Last FPS: 1029.7 | Collect Time: 216.9 min | Train RL Time: 0.5 min | Mean Rewards: 217.26 | Current Best: 222.44
Agent Steps: 0013M | FPS: 1007.0 | Last FPS: 1031.3 | Collect Time: 217.1 min | Train RL Time: 0.5 min | Mean Rewards: 218.27 | Current Best: 222.44
Agent Steps: 0013M | FPS: 1007.1 | Last FPS: 1015.1 | Collect Time: 217.4 min | Train RL Time: 0.5 min | Mean Rewards: 216.92 | Current Best: 222.44
Agent Steps: 0013M | FPS: 1007.1 | Last FPS: 1014.2 | Collect Time: 217.7 min | Train RL Time: 0.5 min | Mean Rewards: 218.70 | Current Best: 222.44
Agent Steps: 0013M | FPS: 1007.1 | Last FPS: 1013.1 | Collect Time: 218.0 min | Train RL Time: 0.5 min | Mean Rewards: 220.83 | Current Best: 222.44
save current best reward: 222.69
Agent Steps: 0013M | FPS: 1007.1 | Last FPS: 1020.7 | Collect Time: 218.2 min | Train RL Time: 0.5 min | Mean Rewards: 222.69 | Current Best: 222.69
Agent Steps: 0013M | FPS: 1007.1 | Last FPS: 1022.3 | Collect Time: 218.5 min | Train RL Time: 0.6 min | Mean Rewards: 221.55 | Current Best: 222.69
Agent Steps: 0013M | FPS: 1007.1 | Last FPS: 1018.5 | Collect Time: 218.8 min | Train RL Time: 0.6 min | Mean Rewards: 219.96 | Current Best: 222.69
Agent Steps: 0013M | FPS: 1007.1 | Last FPS: 1027.7 | Collect Time: 219.0 min | Train RL Time: 0.6 min | Mean Rewards: 221.06 | Current Best: 222.69
Agent Steps: 0013M | FPS: 1007.2 | Last FPS: 1025.6 | Collect Time: 219.3 min | Train RL Time: 0.6 min | Mean Rewards: 221.82 | Current Best: 222.69
Agent Steps: 0013M | FPS: 1007.2 | Last FPS: 1023.4 | Collect Time: 219.5 min | Train RL Time: 0.6 min | Mean Rewards: 222.33 | Current Best: 222.69
save current best reward: 223.35
Agent Steps: 0013M | FPS: 1007.2 | Last FPS: 1020.8 | Collect Time: 219.8 min | Train RL Time: 0.6 min | Mean Rewards: 223.35 | Current Best: 223.35
Agent Steps: 0013M | FPS: 1007.2 | Last FPS: 1020.1 | Collect Time: 220.1 min | Train RL Time: 0.6 min | Mean Rewards: 222.68 | Current Best: 223.35
save current best reward: 224.41
Agent Steps: 0013M | FPS: 1007.2 | Last FPS: 1025.1 | Collect Time: 220.3 min | Train RL Time: 0.6 min | Mean Rewards: 224.41 | Current Best: 224.41
Agent Steps: 0013M | FPS: 1007.3 | Last FPS: 1024.4 | Collect Time: 220.6 min | Train RL Time: 0.6 min | Mean Rewards: 222.50 | Current Best: 224.41
Agent Steps: 0013M | FPS: 1007.3 | Last FPS: 1030.8 | Collect Time: 220.9 min | Train RL Time: 0.6 min | Mean Rewards: 222.86 | Current Best: 224.41
Agent Steps: 0013M | FPS: 1007.3 | Last FPS: 1030.4 | Collect Time: 221.1 min | Train RL Time: 0.6 min | Mean Rewards: 221.55 | Current Best: 224.41
Agent Steps: 0013M | FPS: 1007.3 | Last FPS: 1026.9 | Collect Time: 221.4 min | Train RL Time: 0.6 min | Mean Rewards: 220.29 | Current Best: 224.41
Agent Steps: 0013M | FPS: 1007.4 | Last FPS: 1023.1 | Collect Time: 221.7 min | Train RL Time: 0.6 min | Mean Rewards: 221.88 | Current Best: 224.41
Agent Steps: 0013M | FPS: 1007.4 | Last FPS: 1020.4 | Collect Time: 221.9 min | Train RL Time: 0.6 min | Mean Rewards: 221.04 | Current Best: 224.41
Agent Steps: 0013M | FPS: 1007.4 | Last FPS: 1027.4 | Collect Time: 222.2 min | Train RL Time: 0.6 min | Mean Rewards: 219.29 | Current Best: 224.41
Agent Steps: 0013M | FPS: 1007.4 | Last FPS: 1021.0 | Collect Time: 222.5 min | Train RL Time: 0.6 min | Mean Rewards: 218.99 | Current Best: 224.41
Agent Steps: 0013M | FPS: 1007.4 | Last FPS: 1029.8 | Collect Time: 222.7 min | Train RL Time: 0.6 min | Mean Rewards: 219.17 | Current Best: 224.41
Agent Steps: 0013M | FPS: 1007.5 | Last FPS: 1036.4 | Collect Time: 223.0 min | Train RL Time: 0.6 min | Mean Rewards: 217.21 | Current Best: 224.41
Agent Steps: 0013M | FPS: 1007.5 | Last FPS: 1030.6 | Collect Time: 223.3 min | Train RL Time: 0.6 min | Mean Rewards: 214.85 | Current Best: 224.41
Agent Steps: 0013M | FPS: 1007.5 | Last FPS: 1028.1 | Collect Time: 223.5 min | Train RL Time: 0.6 min | Mean Rewards: 219.48 | Current Best: 224.41
Agent Steps: 0013M | FPS: 1007.5 | Last FPS: 1018.1 | Collect Time: 223.8 min | Train RL Time: 0.6 min | Mean Rewards: 220.28 | Current Best: 224.41
Agent Steps: 0013M | FPS: 1007.6 | Last FPS: 1022.0 | Collect Time: 224.1 min | Train RL Time: 0.6 min | Mean Rewards: 221.93 | Current Best: 224.41
Agent Steps: 0013M | FPS: 1007.6 | Last FPS: 1019.8 | Collect Time: 224.3 min | Train RL Time: 0.6 min | Mean Rewards: 222.23 | Current Best: 224.41
save current best reward: 224.44
Agent Steps: 0013M | FPS: 1007.6 | Last FPS: 1015.1 | Collect Time: 224.6 min | Train RL Time: 0.6 min | Mean Rewards: 224.44 | Current Best: 224.44
Agent Steps: 0013M | FPS: 1007.6 | Last FPS: 1008.1 | Collect Time: 224.9 min | Train RL Time: 0.6 min | Mean Rewards: 222.50 | Current Best: 224.44
Agent Steps: 0013M | FPS: 1007.6 | Last FPS: 1019.4 | Collect Time: 225.1 min | Train RL Time: 0.6 min | Mean Rewards: 222.78 | Current Best: 224.44
Agent Steps: 0013M | FPS: 1007.6 | Last FPS: 1014.4 | Collect Time: 225.4 min | Train RL Time: 0.6 min | Mean Rewards: 221.41 | Current Best: 224.44
Agent Steps: 0013M | FPS: 1007.6 | Last FPS: 1010.0 | Collect Time: 225.7 min | Train RL Time: 0.6 min | Mean Rewards: 217.56 | Current Best: 224.44
Agent Steps: 0013M | FPS: 1007.6 | Last FPS: 1006.1 | Collect Time: 225.9 min | Train RL Time: 0.6 min | Mean Rewards: 223.61 | Current Best: 224.44
save current best reward: 225.46
Agent Steps: 0013M | FPS: 1007.6 | Last FPS: 1015.3 | Collect Time: 226.2 min | Train RL Time: 0.6 min | Mean Rewards: 225.46 | Current Best: 225.46
save current best reward: 228.45
Agent Steps: 0013M | FPS: 1007.6 | Last FPS: 1018.0 | Collect Time: 226.5 min | Train RL Time: 0.6 min | Mean Rewards: 228.45 | Current Best: 228.45
Agent Steps: 0013M | FPS: 1007.6 | Last FPS: 1020.0 | Collect Time: 226.7 min | Train RL Time: 0.6 min | Mean Rewards: 226.45 | Current Best: 228.45
Agent Steps: 0013M | FPS: 1007.7 | Last FPS: 1022.2 | Collect Time: 227.0 min | Train RL Time: 0.6 min | Mean Rewards: 227.01 | Current Best: 228.45
Agent Steps: 0013M | FPS: 1007.7 | Last FPS: 1022.8 | Collect Time: 227.3 min | Train RL Time: 0.6 min | Mean Rewards: 226.98 | Current Best: 228.45
Agent Steps: 0013M | FPS: 1007.7 | Last FPS: 1015.5 | Collect Time: 227.5 min | Train RL Time: 0.6 min | Mean Rewards: 227.40 | Current Best: 228.45
Agent Steps: 0013M | FPS: 1007.7 | Last FPS: 1022.0 | Collect Time: 227.8 min | Train RL Time: 0.6 min | Mean Rewards: 227.02 | Current Best: 228.45
save current best reward: 229.32
Agent Steps: 0013M | FPS: 1007.7 | Last FPS: 1021.2 | Collect Time: 228.1 min | Train RL Time: 0.6 min | Mean Rewards: 229.32 | Current Best: 229.32
save current best reward: 232.68
Agent Steps: 0013M | FPS: 1007.7 | Last FPS: 1021.0 | Collect Time: 228.3 min | Train RL Time: 0.6 min | Mean Rewards: 232.68 | Current Best: 232.68
save current best reward: 233.41
Agent Steps: 0013M | FPS: 1007.7 | Last FPS: 1020.1 | Collect Time: 228.6 min | Train RL Time: 0.6 min | Mean Rewards: 233.41 | Current Best: 233.41
Agent Steps: 0013M | FPS: 1007.8 | Last FPS: 1016.2 | Collect Time: 228.9 min | Train RL Time: 0.6 min | Mean Rewards: 233.03 | Current Best: 233.41
save current best reward: 233.94
Agent Steps: 0013M | FPS: 1007.8 | Last FPS: 1020.8 | Collect Time: 229.1 min | Train RL Time: 0.6 min | Mean Rewards: 233.94 | Current Best: 233.94
Agent Steps: 0013M | FPS: 1007.8 | Last FPS: 1020.5 | Collect Time: 229.4 min | Train RL Time: 0.6 min | Mean Rewards: 230.72 | Current Best: 233.94
Agent Steps: 0013M | FPS: 1007.8 | Last FPS: 1019.1 | Collect Time: 229.7 min | Train RL Time: 0.6 min | Mean Rewards: 231.86 | Current Best: 233.94
Agent Steps: 0013M | FPS: 1007.8 | Last FPS: 1019.1 | Collect Time: 229.9 min | Train RL Time: 0.6 min | Mean Rewards: 227.96 | Current Best: 233.94
Agent Steps: 0013M | FPS: 1007.8 | Last FPS: 1013.5 | Collect Time: 230.2 min | Train RL Time: 0.6 min | Mean Rewards: 228.22 | Current Best: 233.94
Agent Steps: 0013M | FPS: 1007.8 | Last FPS: 1013.6 | Collect Time: 230.5 min | Train RL Time: 0.6 min | Mean Rewards: 228.36 | Current Best: 233.94
Agent Steps: 0013M | FPS: 1007.8 | Last FPS: 1018.3 | Collect Time: 230.8 min | Train RL Time: 0.6 min | Mean Rewards: 228.05 | Current Best: 233.94
Agent Steps: 0014M | FPS: 1007.9 | Last FPS: 1020.3 | Collect Time: 231.0 min | Train RL Time: 0.6 min | Mean Rewards: 230.55 | Current Best: 233.94
Agent Steps: 0014M | FPS: 1007.9 | Last FPS: 1019.0 | Collect Time: 231.3 min | Train RL Time: 0.6 min | Mean Rewards: 228.12 | Current Best: 233.94
Agent Steps: 0014M | FPS: 1007.9 | Last FPS: 1022.0 | Collect Time: 231.6 min | Train RL Time: 0.6 min | Mean Rewards: 228.40 | Current Best: 233.94
Agent Steps: 0014M | FPS: 1007.9 | Last FPS: 1022.2 | Collect Time: 231.8 min | Train RL Time: 0.6 min | Mean Rewards: 227.69 | Current Best: 233.94
Agent Steps: 0014M | FPS: 1007.9 | Last FPS: 1018.7 | Collect Time: 232.1 min | Train RL Time: 0.6 min | Mean Rewards: 227.47 | Current Best: 233.94
Agent Steps: 0014M | FPS: 1007.9 | Last FPS: 1018.9 | Collect Time: 232.4 min | Train RL Time: 0.6 min | Mean Rewards: 229.21 | Current Best: 233.94
Agent Steps: 0014M | FPS: 1007.9 | Last FPS: 1018.9 | Collect Time: 232.6 min | Train RL Time: 0.6 min | Mean Rewards: 228.83 | Current Best: 233.94
Agent Steps: 0014M | FPS: 1007.9 | Last FPS: 1016.5 | Collect Time: 232.9 min | Train RL Time: 0.6 min | Mean Rewards: 227.46 | Current Best: 233.94
Agent Steps: 0014M | FPS: 1008.0 | Last FPS: 1017.4 | Collect Time: 233.2 min | Train RL Time: 0.6 min | Mean Rewards: 228.84 | Current Best: 233.94
Agent Steps: 0014M | FPS: 1008.0 | Last FPS: 1018.3 | Collect Time: 233.4 min | Train RL Time: 0.6 min | Mean Rewards: 225.87 | Current Best: 233.94
Agent Steps: 0014M | FPS: 1008.0 | Last FPS: 1016.6 | Collect Time: 233.7 min | Train RL Time: 0.6 min | Mean Rewards: 222.94 | Current Best: 233.94
Agent Steps: 0014M | FPS: 1008.0 | Last FPS: 1021.3 | Collect Time: 234.0 min | Train RL Time: 0.6 min | Mean Rewards: 220.96 | Current Best: 233.94
Agent Steps: 0014M | FPS: 1008.0 | Last FPS: 1021.3 | Collect Time: 234.2 min | Train RL Time: 0.6 min | Mean Rewards: 225.18 | Current Best: 233.94
Agent Steps: 0014M | FPS: 1008.0 | Last FPS: 1018.4 | Collect Time: 234.5 min | Train RL Time: 0.6 min | Mean Rewards: 228.07 | Current Best: 233.94
Agent Steps: 0014M | FPS: 1008.0 | Last FPS: 1018.1 | Collect Time: 234.8 min | Train RL Time: 0.6 min | Mean Rewards: 226.16 | Current Best: 233.94
Agent Steps: 0014M | FPS: 1008.0 | Last FPS: 1019.0 | Collect Time: 235.0 min | Train RL Time: 0.6 min | Mean Rewards: 228.45 | Current Best: 233.94
Agent Steps: 0014M | FPS: 1008.1 | Last FPS: 1021.3 | Collect Time: 235.3 min | Train RL Time: 0.6 min | Mean Rewards: 229.16 | Current Best: 233.94
Agent Steps: 0014M | FPS: 1008.1 | Last FPS: 1027.0 | Collect Time: 235.6 min | Train RL Time: 0.6 min | Mean Rewards: 230.13 | Current Best: 233.94
Agent Steps: 0014M | FPS: 1008.1 | Last FPS: 1027.6 | Collect Time: 235.8 min | Train RL Time: 0.6 min | Mean Rewards: 228.35 | Current Best: 233.94
Agent Steps: 0014M | FPS: 1008.1 | Last FPS: 1024.6 | Collect Time: 236.1 min | Train RL Time: 0.6 min | Mean Rewards: 227.38 | Current Best: 233.94
Agent Steps: 0014M | FPS: 1008.1 | Last FPS: 1026.2 | Collect Time: 236.4 min | Train RL Time: 0.6 min | Mean Rewards: 227.28 | Current Best: 233.94
Agent Steps: 0014M | FPS: 1008.2 | Last FPS: 1028.0 | Collect Time: 236.6 min | Train RL Time: 0.6 min | Mean Rewards: 228.50 | Current Best: 233.94
Agent Steps: 0014M | FPS: 1008.2 | Last FPS: 1033.2 | Collect Time: 236.9 min | Train RL Time: 0.6 min | Mean Rewards: 224.24 | Current Best: 233.94
Agent Steps: 0014M | FPS: 1008.2 | Last FPS: 1031.9 | Collect Time: 237.2 min | Train RL Time: 0.6 min | Mean Rewards: 225.67 | Current Best: 233.94
Agent Steps: 0014M | FPS: 1008.2 | Last FPS: 1022.4 | Collect Time: 237.4 min | Train RL Time: 0.6 min | Mean Rewards: 224.12 | Current Best: 233.94
Agent Steps: 0014M | FPS: 1008.3 | Last FPS: 1025.8 | Collect Time: 237.7 min | Train RL Time: 0.6 min | Mean Rewards: 224.24 | Current Best: 233.94
Agent Steps: 0014M | FPS: 1008.3 | Last FPS: 1025.6 | Collect Time: 237.9 min | Train RL Time: 0.6 min | Mean Rewards: 225.38 | Current Best: 233.94
Agent Steps: 0014M | FPS: 1008.3 | Last FPS: 1028.0 | Collect Time: 238.2 min | Train RL Time: 0.6 min | Mean Rewards: 226.41 | Current Best: 233.94
Agent Steps: 0014M | FPS: 1008.3 | Last FPS: 1028.1 | Collect Time: 238.5 min | Train RL Time: 0.6 min | Mean Rewards: 223.89 | Current Best: 233.94
Agent Steps: 0014M | FPS: 1008.3 | Last FPS: 1035.3 | Collect Time: 238.7 min | Train RL Time: 0.6 min | Mean Rewards: 226.24 | Current Best: 233.94
Agent Steps: 0014M | FPS: 1008.4 | Last FPS: 1033.3 | Collect Time: 239.0 min | Train RL Time: 0.6 min | Mean Rewards: 223.68 | Current Best: 233.94
Agent Steps: 0014M | FPS: 1008.4 | Last FPS: 1026.0 | Collect Time: 239.3 min | Train RL Time: 0.6 min | Mean Rewards: 224.05 | Current Best: 233.94
Agent Steps: 0014M | FPS: 1008.4 | Last FPS: 1030.3 | Collect Time: 239.5 min | Train RL Time: 0.6 min | Mean Rewards: 222.46 | Current Best: 233.94
Agent Steps: 0014M | FPS: 1008.4 | Last FPS: 1031.5 | Collect Time: 239.8 min | Train RL Time: 0.6 min | Mean Rewards: 223.68 | Current Best: 233.94
Agent Steps: 0014M | FPS: 1008.5 | Last FPS: 1039.3 | Collect Time: 240.1 min | Train RL Time: 0.6 min | Mean Rewards: 223.15 | Current Best: 233.94
Agent Steps: 0014M | FPS: 1008.5 | Last FPS: 1032.8 | Collect Time: 240.3 min | Train RL Time: 0.6 min | Mean Rewards: 224.09 | Current Best: 233.94
Agent Steps: 0014M | FPS: 1008.5 | Last FPS: 1027.1 | Collect Time: 240.6 min | Train RL Time: 0.6 min | Mean Rewards: 222.75 | Current Best: 233.94
Agent Steps: 0014M | FPS: 1008.5 | Last FPS: 1026.0 | Collect Time: 240.9 min | Train RL Time: 0.6 min | Mean Rewards: 221.11 | Current Best: 233.94
Agent Steps: 0014M | FPS: 1008.6 | Last FPS: 1027.5 | Collect Time: 241.1 min | Train RL Time: 0.6 min | Mean Rewards: 217.97 | Current Best: 233.94
Agent Steps: 0014M | FPS: 1008.6 | Last FPS: 1029.0 | Collect Time: 241.4 min | Train RL Time: 0.6 min | Mean Rewards: 219.28 | Current Best: 233.94
Agent Steps: 0014M | FPS: 1008.6 | Last FPS: 1040.0 | Collect Time: 241.6 min | Train RL Time: 0.6 min | Mean Rewards: 221.16 | Current Best: 233.94
Agent Steps: 0014M | FPS: 1008.7 | Last FPS: 1040.7 | Collect Time: 241.9 min | Train RL Time: 0.6 min | Mean Rewards: 221.75 | Current Best: 233.94
Agent Steps: 0014M | FPS: 1008.7 | Last FPS: 1035.1 | Collect Time: 242.2 min | Train RL Time: 0.6 min | Mean Rewards: 225.52 | Current Best: 233.94
Agent Steps: 0014M | FPS: 1008.7 | Last FPS: 1028.9 | Collect Time: 242.4 min | Train RL Time: 0.6 min | Mean Rewards: 227.08 | Current Best: 233.94
Agent Steps: 0014M | FPS: 1008.7 | Last FPS: 1028.1 | Collect Time: 242.7 min | Train RL Time: 0.6 min | Mean Rewards: 230.31 | Current Best: 233.94
Agent Steps: 0014M | FPS: 1008.7 | Last FPS: 1026.1 | Collect Time: 243.0 min | Train RL Time: 0.6 min | Mean Rewards: 231.70 | Current Best: 233.94
Agent Steps: 0014M | FPS: 1008.8 | Last FPS: 1026.1 | Collect Time: 243.2 min | Train RL Time: 0.6 min | Mean Rewards: 230.08 | Current Best: 233.94
Agent Steps: 0014M | FPS: 1008.8 | Last FPS: 1021.0 | Collect Time: 243.5 min | Train RL Time: 0.6 min | Mean Rewards: 231.07 | Current Best: 233.94
Agent Steps: 0014M | FPS: 1008.8 | Last FPS: 1028.7 | Collect Time: 243.8 min | Train RL Time: 0.6 min | Mean Rewards: 227.03 | Current Best: 233.94
Agent Steps: 0014M | FPS: 1008.8 | Last FPS: 1028.0 | Collect Time: 244.0 min | Train RL Time: 0.6 min | Mean Rewards: 227.25 | Current Best: 233.94
Agent Steps: 0014M | FPS: 1008.8 | Last FPS: 1031.1 | Collect Time: 244.3 min | Train RL Time: 0.6 min | Mean Rewards: 224.79 | Current Best: 233.94
Agent Steps: 0014M | FPS: 1008.9 | Last FPS: 1028.7 | Collect Time: 244.6 min | Train RL Time: 0.6 min | Mean Rewards: 223.48 | Current Best: 233.94
Agent Steps: 0014M | FPS: 1008.9 | Last FPS: 1029.1 | Collect Time: 244.8 min | Train RL Time: 0.6 min | Mean Rewards: 224.14 | Current Best: 233.94
Agent Steps: 0014M | FPS: 1008.9 | Last FPS: 1023.3 | Collect Time: 245.1 min | Train RL Time: 0.6 min | Mean Rewards: 222.88 | Current Best: 233.94
Agent Steps: 0014M | FPS: 1008.9 | Last FPS: 1025.6 | Collect Time: 245.4 min | Train RL Time: 0.6 min | Mean Rewards: 222.59 | Current Best: 233.94
Agent Steps: 0014M | FPS: 1009.0 | Last FPS: 1034.7 | Collect Time: 245.6 min | Train RL Time: 0.6 min | Mean Rewards: 225.13 | Current Best: 233.94
Agent Steps: 0014M | FPS: 1009.0 | Last FPS: 1038.9 | Collect Time: 245.9 min | Train RL Time: 0.6 min | Mean Rewards: 229.85 | Current Best: 233.94
Agent Steps: 0014M | FPS: 1009.0 | Last FPS: 1034.1 | Collect Time: 246.1 min | Train RL Time: 0.6 min | Mean Rewards: 233.04 | Current Best: 233.94
Agent Steps: 0014M | FPS: 1009.0 | Last FPS: 1028.6 | Collect Time: 246.4 min | Train RL Time: 0.6 min | Mean Rewards: 231.37 | Current Best: 233.94
Agent Steps: 0014M | FPS: 1009.1 | Last FPS: 1028.0 | Collect Time: 246.7 min | Train RL Time: 0.6 min | Mean Rewards: 233.51 | Current Best: 233.94
save current best reward: 234.86
Agent Steps: 0014M | FPS: 1009.1 | Last FPS: 1026.7 | Collect Time: 246.9 min | Train RL Time: 0.6 min | Mean Rewards: 234.86 | Current Best: 234.86
Agent Steps: 0015M | FPS: 1009.1 | Last FPS: 1033.1 | Collect Time: 247.2 min | Train RL Time: 0.6 min | Mean Rewards: 233.99 | Current Best: 234.86
Agent Steps: 0015M | FPS: 1009.1 | Last FPS: 1026.7 | Collect Time: 247.5 min | Train RL Time: 0.6 min | Mean Rewards: 233.37 | Current Best: 234.86
Agent Steps: 0015M | FPS: 1009.1 | Last FPS: 1029.9 | Collect Time: 247.7 min | Train RL Time: 0.6 min | Mean Rewards: 233.65 | Current Best: 234.86
Agent Steps: 0015M | FPS: 1009.2 | Last FPS: 1036.7 | Collect Time: 248.0 min | Train RL Time: 0.6 min | Mean Rewards: 233.04 | Current Best: 234.86
Agent Steps: 0015M | FPS: 1009.2 | Last FPS: 1037.3 | Collect Time: 248.3 min | Train RL Time: 0.6 min | Mean Rewards: 231.38 | Current Best: 234.86
Agent Steps: 0015M | FPS: 1009.2 | Last FPS: 1034.0 | Collect Time: 248.5 min | Train RL Time: 0.6 min | Mean Rewards: 231.83 | Current Best: 234.86
Agent Steps: 0015M | FPS: 1009.3 | Last FPS: 1034.7 | Collect Time: 248.8 min | Train RL Time: 0.6 min | Mean Rewards: 231.28 | Current Best: 234.86
Agent Steps: 0015M | FPS: 1009.3 | Last FPS: 1036.7 | Collect Time: 249.0 min | Train RL Time: 0.6 min | Mean Rewards: 230.82 | Current Best: 234.86
Agent Steps: 0015M | FPS: 1009.3 | Last FPS: 1031.8 | Collect Time: 249.3 min | Train RL Time: 0.6 min | Mean Rewards: 230.34 | Current Best: 234.86
Agent Steps: 0015M | FPS: 1009.3 | Last FPS: 1034.6 | Collect Time: 249.6 min | Train RL Time: 0.6 min | Mean Rewards: 231.35 | Current Best: 234.86
Agent Steps: 0015M | FPS: 1009.4 | Last FPS: 1036.5 | Collect Time: 249.8 min | Train RL Time: 0.6 min | Mean Rewards: 229.65 | Current Best: 234.86
Agent Steps: 0015M | FPS: 1009.4 | Last FPS: 1042.0 | Collect Time: 250.1 min | Train RL Time: 0.6 min | Mean Rewards: 228.57 | Current Best: 234.86
Agent Steps: 0015M | FPS: 1009.4 | Last FPS: 1040.8 | Collect Time: 250.4 min | Train RL Time: 0.6 min | Mean Rewards: 226.91 | Current Best: 234.86
Agent Steps: 0015M | FPS: 1009.5 | Last FPS: 1038.9 | Collect Time: 250.6 min | Train RL Time: 0.6 min | Mean Rewards: 225.61 | Current Best: 234.86
Agent Steps: 0015M | FPS: 1009.5 | Last FPS: 1035.4 | Collect Time: 250.9 min | Train RL Time: 0.6 min | Mean Rewards: 227.20 | Current Best: 234.86
Agent Steps: 0015M | FPS: 1009.5 | Last FPS: 1028.8 | Collect Time: 251.1 min | Train RL Time: 0.6 min | Mean Rewards: 225.24 | Current Best: 234.86
Agent Steps: 0015M | FPS: 1009.5 | Last FPS: 1028.5 | Collect Time: 251.4 min | Train RL Time: 0.6 min | Mean Rewards: 226.16 | Current Best: 234.86
Agent Steps: 0015M | FPS: 1009.6 | Last FPS: 1039.9 | Collect Time: 251.7 min | Train RL Time: 0.6 min | Mean Rewards: 226.77 | Current Best: 234.86
Agent Steps: 0015M | FPS: 1009.6 | Last FPS: 1036.8 | Collect Time: 251.9 min | Train RL Time: 0.6 min | Mean Rewards: 227.88 | Current Best: 234.86
Agent Steps: 0015M | FPS: 1009.6 | Last FPS: 1050.2 | Collect Time: 252.2 min | Train RL Time: 0.6 min | Mean Rewards: 229.43 | Current Best: 234.86
Agent Steps: 0015M | FPS: 1009.7 | Last FPS: 1043.4 | Collect Time: 252.5 min | Train RL Time: 0.6 min | Mean Rewards: 231.24 | Current Best: 234.86
Agent Steps: 0015M | FPS: 1009.7 | Last FPS: 1031.7 | Collect Time: 252.7 min | Train RL Time: 0.6 min | Mean Rewards: 231.75 | Current Best: 234.86
Agent Steps: 0015M | FPS: 1009.7 | Last FPS: 1035.0 | Collect Time: 253.0 min | Train RL Time: 0.6 min | Mean Rewards: 232.06 | Current Best: 234.86
Agent Steps: 0015M | FPS: 1009.7 | Last FPS: 1026.5 | Collect Time: 253.2 min | Train RL Time: 0.6 min | Mean Rewards: 231.20 | Current Best: 234.86
Agent Steps: 0015M | FPS: 1009.7 | Last FPS: 1027.2 | Collect Time: 253.5 min | Train RL Time: 0.6 min | Mean Rewards: 233.11 | Current Best: 234.86
save current best reward: 235.04
Agent Steps: 0015M | FPS: 1009.8 | Last FPS: 1033.2 | Collect Time: 253.8 min | Train RL Time: 0.6 min | Mean Rewards: 235.04 | Current Best: 235.04
Agent Steps: 0015M | FPS: 1009.8 | Last FPS: 1030.6 | Collect Time: 254.0 min | Train RL Time: 0.6 min | Mean Rewards: 234.23 | Current Best: 235.04
Agent Steps: 0015M | FPS: 1009.8 | Last FPS: 1030.7 | Collect Time: 254.3 min | Train RL Time: 0.6 min | Mean Rewards: 231.70 | Current Best: 235.04
Agent Steps: 0015M | FPS: 1009.8 | Last FPS: 1029.8 | Collect Time: 254.6 min | Train RL Time: 0.6 min | Mean Rewards: 233.10 | Current Best: 235.04
Agent Steps: 0015M | FPS: 1009.9 | Last FPS: 1024.9 | Collect Time: 254.8 min | Train RL Time: 0.6 min | Mean Rewards: 233.20 | Current Best: 235.04
Agent Steps: 0015M | FPS: 1009.9 | Last FPS: 1020.8 | Collect Time: 255.1 min | Train RL Time: 0.6 min | Mean Rewards: 232.17 | Current Best: 235.04
Agent Steps: 0015M | FPS: 1009.9 | Last FPS: 1017.6 | Collect Time: 255.4 min | Train RL Time: 0.6 min | Mean Rewards: 232.23 | Current Best: 235.04
Agent Steps: 0015M | FPS: 1009.9 | Last FPS: 1015.1 | Collect Time: 255.6 min | Train RL Time: 0.6 min | Mean Rewards: 231.93 | Current Best: 235.04
Agent Steps: 0015M | FPS: 1009.9 | Last FPS: 1015.0 | Collect Time: 255.9 min | Train RL Time: 0.6 min | Mean Rewards: 232.20 | Current Best: 235.04
Agent Steps: 0015M | FPS: 1009.9 | Last FPS: 1025.2 | Collect Time: 256.2 min | Train RL Time: 0.6 min | Mean Rewards: 230.30 | Current Best: 235.04
Agent Steps: 0015M | FPS: 1009.9 | Last FPS: 1030.1 | Collect Time: 256.4 min | Train RL Time: 0.6 min | Mean Rewards: 229.67 | Current Best: 235.04
Agent Steps: 0015M | FPS: 1009.9 | Last FPS: 1030.3 | Collect Time: 256.7 min | Train RL Time: 0.6 min | Mean Rewards: 230.14 | Current Best: 235.04
Agent Steps: 0015M | FPS: 1010.0 | Last FPS: 1025.2 | Collect Time: 257.0 min | Train RL Time: 0.6 min | Mean Rewards: 229.30 | Current Best: 235.04
Agent Steps: 0015M | FPS: 1010.0 | Last FPS: 1022.2 | Collect Time: 257.2 min | Train RL Time: 0.7 min | Mean Rewards: 227.38 | Current Best: 235.04
Agent Steps: 0015M | FPS: 1010.0 | Last FPS: 1012.3 | Collect Time: 257.5 min | Train RL Time: 0.7 min | Mean Rewards: 226.42 | Current Best: 235.04
Agent Steps: 0015M | FPS: 1010.0 | Last FPS: 1021.9 | Collect Time: 257.8 min | Train RL Time: 0.7 min | Mean Rewards: 225.02 | Current Best: 235.04
Agent Steps: 0015M | FPS: 1010.0 | Last FPS: 1028.9 | Collect Time: 258.0 min | Train RL Time: 0.7 min | Mean Rewards: 223.90 | Current Best: 235.04
Agent Steps: 0015M | FPS: 1010.0 | Last FPS: 1037.5 | Collect Time: 258.3 min | Train RL Time: 0.7 min | Mean Rewards: 222.59 | Current Best: 235.04
Agent Steps: 0015M | FPS: 1010.1 | Last FPS: 1035.7 | Collect Time: 258.6 min | Train RL Time: 0.7 min | Mean Rewards: 221.66 | Current Best: 235.04
Agent Steps: 0015M | FPS: 1010.1 | Last FPS: 1038.8 | Collect Time: 258.8 min | Train RL Time: 0.7 min | Mean Rewards: 217.66 | Current Best: 235.04
Agent Steps: 0015M | FPS: 1010.1 | Last FPS: 1031.8 | Collect Time: 259.1 min | Train RL Time: 0.7 min | Mean Rewards: 215.16 | Current Best: 235.04
Agent Steps: 0015M | FPS: 1010.1 | Last FPS: 1031.4 | Collect Time: 259.3 min | Train RL Time: 0.7 min | Mean Rewards: 215.92 | Current Best: 235.04
Agent Steps: 0015M | FPS: 1010.1 | Last FPS: 1029.9 | Collect Time: 259.6 min | Train RL Time: 0.7 min | Mean Rewards: 218.52 | Current Best: 235.04
Agent Steps: 0015M | FPS: 1010.2 | Last FPS: 1032.5 | Collect Time: 259.9 min | Train RL Time: 0.7 min | Mean Rewards: 216.50 | Current Best: 235.04
Agent Steps: 0015M | FPS: 1010.2 | Last FPS: 1032.2 | Collect Time: 260.1 min | Train RL Time: 0.7 min | Mean Rewards: 218.36 | Current Best: 235.04
Agent Steps: 0015M | FPS: 1010.2 | Last FPS: 1031.0 | Collect Time: 260.4 min | Train RL Time: 0.7 min | Mean Rewards: 218.08 | Current Best: 235.04
Agent Steps: 0015M | FPS: 1010.2 | Last FPS: 1035.5 | Collect Time: 260.7 min | Train RL Time: 0.7 min | Mean Rewards: 221.66 | Current Best: 235.04
Agent Steps: 0015M | FPS: 1010.3 | Last FPS: 1031.8 | Collect Time: 260.9 min | Train RL Time: 0.7 min | Mean Rewards: 224.11 | Current Best: 235.04
Agent Steps: 0015M | FPS: 1010.3 | Last FPS: 1027.2 | Collect Time: 261.2 min | Train RL Time: 0.7 min | Mean Rewards: 226.52 | Current Best: 235.04
Agent Steps: 0015M | FPS: 1010.3 | Last FPS: 1026.3 | Collect Time: 261.5 min | Train RL Time: 0.7 min | Mean Rewards: 227.63 | Current Best: 235.04
Agent Steps: 0015M | FPS: 1010.3 | Last FPS: 1027.5 | Collect Time: 261.7 min | Train RL Time: 0.7 min | Mean Rewards: 228.03 | Current Best: 235.04
Agent Steps: 0015M | FPS: 1010.3 | Last FPS: 1024.6 | Collect Time: 262.0 min | Train RL Time: 0.7 min | Mean Rewards: 230.05 | Current Best: 235.04
Agent Steps: 0015M | FPS: 1010.3 | Last FPS: 1025.8 | Collect Time: 262.3 min | Train RL Time: 0.7 min | Mean Rewards: 229.58 | Current Best: 235.04
Agent Steps: 0015M | FPS: 1010.4 | Last FPS: 1028.0 | Collect Time: 262.5 min | Train RL Time: 0.7 min | Mean Rewards: 229.16 | Current Best: 235.04
Agent Steps: 0015M | FPS: 1010.4 | Last FPS: 1030.6 | Collect Time: 262.8 min | Train RL Time: 0.7 min | Mean Rewards: 229.68 | Current Best: 235.04
Agent Steps: 0015M | FPS: 1010.4 | Last FPS: 1034.3 | Collect Time: 263.0 min | Train RL Time: 0.7 min | Mean Rewards: 230.46 | Current Best: 235.04
Agent Steps: 0016M | FPS: 1010.4 | Last FPS: 1028.3 | Collect Time: 263.3 min | Train RL Time: 0.7 min | Mean Rewards: 229.93 | Current Best: 235.04
Agent Steps: 0016M | FPS: 1010.4 | Last FPS: 1023.1 | Collect Time: 263.6 min | Train RL Time: 0.7 min | Mean Rewards: 229.48 | Current Best: 235.04
Agent Steps: 0016M | FPS: 1010.5 | Last FPS: 1026.0 | Collect Time: 263.8 min | Train RL Time: 0.7 min | Mean Rewards: 230.85 | Current Best: 235.04
Agent Steps: 0016M | FPS: 1010.5 | Last FPS: 1020.8 | Collect Time: 264.1 min | Train RL Time: 0.7 min | Mean Rewards: 230.76 | Current Best: 235.04
Agent Steps: 0016M | FPS: 1010.5 | Last FPS: 1026.3 | Collect Time: 264.4 min | Train RL Time: 0.7 min | Mean Rewards: 231.04 | Current Best: 235.04
Agent Steps: 0016M | FPS: 1010.5 | Last FPS: 1028.9 | Collect Time: 264.6 min | Train RL Time: 0.7 min | Mean Rewards: 232.85 | Current Best: 235.04
Agent Steps: 0016M | FPS: 1010.5 | Last FPS: 1027.6 | Collect Time: 264.9 min | Train RL Time: 0.7 min | Mean Rewards: 232.14 | Current Best: 235.04
Agent Steps: 0016M | FPS: 1010.5 | Last FPS: 1030.1 | Collect Time: 265.2 min | Train RL Time: 0.7 min | Mean Rewards: 232.92 | Current Best: 235.04
Agent Steps: 0016M | FPS: 1010.5 | Last FPS: 1024.3 | Collect Time: 265.4 min | Train RL Time: 0.7 min | Mean Rewards: 233.71 | Current Best: 235.04
Agent Steps: 0016M | FPS: 1010.6 | Last FPS: 1021.1 | Collect Time: 265.7 min | Train RL Time: 0.7 min | Mean Rewards: 233.80 | Current Best: 235.04
Agent Steps: 0016M | FPS: 1010.6 | Last FPS: 1024.8 | Collect Time: 266.0 min | Train RL Time: 0.7 min | Mean Rewards: 233.34 | Current Best: 235.04
Agent Steps: 0016M | FPS: 1010.6 | Last FPS: 1020.8 | Collect Time: 266.2 min | Train RL Time: 0.7 min | Mean Rewards: 233.92 | Current Best: 235.04
Agent Steps: 0016M | FPS: 1010.6 | Last FPS: 1022.3 | Collect Time: 266.5 min | Train RL Time: 0.7 min | Mean Rewards: 233.16 | Current Best: 235.04
Agent Steps: 0016M | FPS: 1010.6 | Last FPS: 1027.7 | Collect Time: 266.8 min | Train RL Time: 0.7 min | Mean Rewards: 232.05 | Current Best: 235.04
Agent Steps: 0016M | FPS: 1010.6 | Last FPS: 1024.4 | Collect Time: 267.0 min | Train RL Time: 0.7 min | Mean Rewards: 231.99 | Current Best: 235.04
Agent Steps: 0016M | FPS: 1010.6 | Last FPS: 1025.6 | Collect Time: 267.3 min | Train RL Time: 0.7 min | Mean Rewards: 231.45 | Current Best: 235.04
Agent Steps: 0016M | FPS: 1010.7 | Last FPS: 1023.6 | Collect Time: 267.6 min | Train RL Time: 0.7 min | Mean Rewards: 231.11 | Current Best: 235.04
Agent Steps: 0016M | FPS: 1010.7 | Last FPS: 1032.2 | Collect Time: 267.8 min | Train RL Time: 0.7 min | Mean Rewards: 233.63 | Current Best: 235.04
Agent Steps: 0016M | FPS: 1010.7 | Last FPS: 1029.6 | Collect Time: 268.1 min | Train RL Time: 0.7 min | Mean Rewards: 232.95 | Current Best: 235.04
Agent Steps: 0016M | FPS: 1010.7 | Last FPS: 1026.1 | Collect Time: 268.4 min | Train RL Time: 0.7 min | Mean Rewards: 231.16 | Current Best: 235.04
Agent Steps: 0016M | FPS: 1010.7 | Last FPS: 1026.8 | Collect Time: 268.6 min | Train RL Time: 0.7 min | Mean Rewards: 232.77 | Current Best: 235.04
Agent Steps: 0016M | FPS: 1010.7 | Last FPS: 1030.1 | Collect Time: 268.9 min | Train RL Time: 0.7 min | Mean Rewards: 230.53 | Current Best: 235.04
Agent Steps: 0016M | FPS: 1010.8 | Last FPS: 1038.3 | Collect Time: 269.2 min | Train RL Time: 0.7 min | Mean Rewards: 234.28 | Current Best: 235.04
Agent Steps: 0016M | FPS: 1010.8 | Last FPS: 1030.7 | Collect Time: 269.4 min | Train RL Time: 0.7 min | Mean Rewards: 230.44 | Current Best: 235.04
Agent Steps: 0016M | FPS: 1010.8 | Last FPS: 1033.5 | Collect Time: 269.7 min | Train RL Time: 0.7 min | Mean Rewards: 232.76 | Current Best: 235.04
Agent Steps: 0016M | FPS: 1010.8 | Last FPS: 1033.2 | Collect Time: 269.9 min | Train RL Time: 0.7 min | Mean Rewards: 234.09 | Current Best: 235.04
save current best reward: 237.52
Agent Steps: 0016M | FPS: 1010.9 | Last FPS: 1030.1 | Collect Time: 270.2 min | Train RL Time: 0.7 min | Mean Rewards: 237.52 | Current Best: 237.52
Agent Steps: 0016M | FPS: 1010.9 | Last FPS: 1029.2 | Collect Time: 270.5 min | Train RL Time: 0.7 min | Mean Rewards: 235.40 | Current Best: 237.52
Agent Steps: 0016M | FPS: 1010.9 | Last FPS: 1028.8 | Collect Time: 270.7 min | Train RL Time: 0.7 min | Mean Rewards: 235.54 | Current Best: 237.52
Agent Steps: 0016M | FPS: 1010.9 | Last FPS: 1030.3 | Collect Time: 271.0 min | Train RL Time: 0.7 min | Mean Rewards: 237.14 | Current Best: 237.52
Agent Steps: 0016M | FPS: 1010.9 | Last FPS: 1027.3 | Collect Time: 271.3 min | Train RL Time: 0.7 min | Mean Rewards: 234.53 | Current Best: 237.52
Agent Steps: 0016M | FPS: 1010.9 | Last FPS: 1030.5 | Collect Time: 271.5 min | Train RL Time: 0.7 min | Mean Rewards: 232.24 | Current Best: 237.52
Agent Steps: 0016M | FPS: 1011.0 | Last FPS: 1029.2 | Collect Time: 271.8 min | Train RL Time: 0.7 min | Mean Rewards: 233.63 | Current Best: 237.52
Agent Steps: 0016M | FPS: 1011.0 | Last FPS: 1024.1 | Collect Time: 272.1 min | Train RL Time: 0.7 min | Mean Rewards: 233.06 | Current Best: 237.52
Agent Steps: 0016M | FPS: 1011.0 | Last FPS: 1030.4 | Collect Time: 272.3 min | Train RL Time: 0.7 min | Mean Rewards: 232.50 | Current Best: 237.52
Agent Steps: 0016M | FPS: 1011.0 | Last FPS: 1028.7 | Collect Time: 272.6 min | Train RL Time: 0.7 min | Mean Rewards: 230.72 | Current Best: 237.52
Agent Steps: 0016M | FPS: 1011.0 | Last FPS: 1028.2 | Collect Time: 272.9 min | Train RL Time: 0.7 min | Mean Rewards: 230.88 | Current Best: 237.52
Agent Steps: 0016M | FPS: 1011.0 | Last FPS: 1029.0 | Collect Time: 273.1 min | Train RL Time: 0.7 min | Mean Rewards: 229.36 | Current Best: 237.52
Agent Steps: 0016M | FPS: 1011.1 | Last FPS: 1027.0 | Collect Time: 273.4 min | Train RL Time: 0.7 min | Mean Rewards: 225.57 | Current Best: 237.52
Agent Steps: 0016M | FPS: 1011.1 | Last FPS: 1026.8 | Collect Time: 273.6 min | Train RL Time: 0.7 min | Mean Rewards: 227.55 | Current Best: 237.52
Agent Steps: 0016M | FPS: 1011.1 | Last FPS: 1024.3 | Collect Time: 273.9 min | Train RL Time: 0.7 min | Mean Rewards: 228.25 | Current Best: 237.52
Agent Steps: 0016M | FPS: 1011.1 | Last FPS: 1028.5 | Collect Time: 274.2 min | Train RL Time: 0.7 min | Mean Rewards: 227.61 | Current Best: 237.52
Agent Steps: 0016M | FPS: 1011.1 | Last FPS: 1024.5 | Collect Time: 274.4 min | Train RL Time: 0.7 min | Mean Rewards: 229.76 | Current Best: 237.52
Agent Steps: 0016M | FPS: 1011.1 | Last FPS: 1023.0 | Collect Time: 274.7 min | Train RL Time: 0.7 min | Mean Rewards: 232.12 | Current Best: 237.52
Agent Steps: 0016M | FPS: 1011.1 | Last FPS: 1016.3 | Collect Time: 275.0 min | Train RL Time: 0.7 min | Mean Rewards: 228.10 | Current Best: 237.52
Agent Steps: 0016M | FPS: 1011.1 | Last FPS: 1016.3 | Collect Time: 275.2 min | Train RL Time: 0.7 min | Mean Rewards: 229.10 | Current Best: 237.52
Agent Steps: 0016M | FPS: 1011.2 | Last FPS: 1026.0 | Collect Time: 275.5 min | Train RL Time: 0.7 min | Mean Rewards: 229.63 | Current Best: 237.52
Agent Steps: 0016M | FPS: 1011.2 | Last FPS: 1026.3 | Collect Time: 275.8 min | Train RL Time: 0.7 min | Mean Rewards: 231.67 | Current Best: 237.52
Agent Steps: 0016M | FPS: 1011.2 | Last FPS: 1032.0 | Collect Time: 276.0 min | Train RL Time: 0.7 min | Mean Rewards: 229.09 | Current Best: 237.52
Agent Steps: 0016M | FPS: 1011.2 | Last FPS: 1030.8 | Collect Time: 276.3 min | Train RL Time: 0.7 min | Mean Rewards: 227.31 | Current Best: 237.52
Agent Steps: 0016M | FPS: 1011.2 | Last FPS: 1028.0 | Collect Time: 276.6 min | Train RL Time: 0.7 min | Mean Rewards: 227.31 | Current Best: 237.52
Agent Steps: 0016M | FPS: 1011.2 | Last FPS: 1022.0 | Collect Time: 276.8 min | Train RL Time: 0.7 min | Mean Rewards: 222.09 | Current Best: 237.52
Agent Steps: 0016M | FPS: 1011.2 | Last FPS: 1023.0 | Collect Time: 277.1 min | Train RL Time: 0.7 min | Mean Rewards: 224.15 | Current Best: 237.52
Agent Steps: 0016M | FPS: 1011.3 | Last FPS: 1023.9 | Collect Time: 277.4 min | Train RL Time: 0.7 min | Mean Rewards: 223.90 | Current Best: 237.52
Agent Steps: 0016M | FPS: 1011.3 | Last FPS: 1028.2 | Collect Time: 277.6 min | Train RL Time: 0.7 min | Mean Rewards: 221.75 | Current Best: 237.52
Agent Steps: 0016M | FPS: 1011.3 | Last FPS: 1028.1 | Collect Time: 277.9 min | Train RL Time: 0.7 min | Mean Rewards: 223.87 | Current Best: 237.52
Agent Steps: 0016M | FPS: 1011.3 | Last FPS: 1037.2 | Collect Time: 278.2 min | Train RL Time: 0.7 min | Mean Rewards: 222.79 | Current Best: 237.52
Agent Steps: 0016M | FPS: 1011.3 | Last FPS: 1033.3 | Collect Time: 278.4 min | Train RL Time: 0.7 min | Mean Rewards: 225.12 | Current Best: 237.52
Agent Steps: 0016M | FPS: 1011.3 | Last FPS: 1027.1 | Collect Time: 278.7 min | Train RL Time: 0.7 min | Mean Rewards: 228.77 | Current Best: 237.52
Agent Steps: 0016M | FPS: 1011.4 | Last FPS: 1030.6 | Collect Time: 279.0 min | Train RL Time: 0.7 min | Mean Rewards: 230.34 | Current Best: 237.52
Agent Steps: 0016M | FPS: 1011.4 | Last FPS: 1024.2 | Collect Time: 279.2 min | Train RL Time: 0.7 min | Mean Rewards: 232.30 | Current Best: 237.52
Agent Steps: 0017M | FPS: 1011.4 | Last FPS: 1026.2 | Collect Time: 279.5 min | Train RL Time: 0.7 min | Mean Rewards: 233.83 | Current Best: 237.52
Agent Steps: 0017M | FPS: 1011.4 | Last FPS: 1032.6 | Collect Time: 279.8 min | Train RL Time: 0.7 min | Mean Rewards: 229.74 | Current Best: 237.52
Agent Steps: 0017M | FPS: 1011.4 | Last FPS: 1030.7 | Collect Time: 280.0 min | Train RL Time: 0.7 min | Mean Rewards: 231.86 | Current Best: 237.52
Agent Steps: 0017M | FPS: 1011.5 | Last FPS: 1040.6 | Collect Time: 280.3 min | Train RL Time: 0.7 min | Mean Rewards: 230.72 | Current Best: 237.52
Agent Steps: 0017M | FPS: 1011.5 | Last FPS: 1035.9 | Collect Time: 280.5 min | Train RL Time: 0.7 min | Mean Rewards: 229.23 | Current Best: 237.52
Agent Steps: 0017M | FPS: 1011.5 | Last FPS: 1027.1 | Collect Time: 280.8 min | Train RL Time: 0.7 min | Mean Rewards: 230.45 | Current Best: 237.52
Agent Steps: 0017M | FPS: 1011.5 | Last FPS: 1018.5 | Collect Time: 281.1 min | Train RL Time: 0.7 min | Mean Rewards: 229.39 | Current Best: 237.52
Agent Steps: 0017M | FPS: 1011.5 | Last FPS: 1021.3 | Collect Time: 281.3 min | Train RL Time: 0.7 min | Mean Rewards: 230.24 | Current Best: 237.52
Agent Steps: 0017M | FPS: 1011.5 | Last FPS: 1022.7 | Collect Time: 281.6 min | Train RL Time: 0.7 min | Mean Rewards: 231.30 | Current Best: 237.52
Agent Steps: 0017M | FPS: 1011.5 | Last FPS: 1023.0 | Collect Time: 281.9 min | Train RL Time: 0.7 min | Mean Rewards: 230.55 | Current Best: 237.52
Agent Steps: 0017M | FPS: 1011.5 | Last FPS: 1030.2 | Collect Time: 282.1 min | Train RL Time: 0.7 min | Mean Rewards: 232.45 | Current Best: 237.52
Agent Steps: 0017M | FPS: 1011.6 | Last FPS: 1029.5 | Collect Time: 282.4 min | Train RL Time: 0.7 min | Mean Rewards: 230.86 | Current Best: 237.52
Agent Steps: 0017M | FPS: 1011.6 | Last FPS: 1032.5 | Collect Time: 282.7 min | Train RL Time: 0.7 min | Mean Rewards: 227.42 | Current Best: 237.52
Agent Steps: 0017M | FPS: 1011.6 | Last FPS: 1024.6 | Collect Time: 282.9 min | Train RL Time: 0.7 min | Mean Rewards: 226.95 | Current Best: 237.52
Agent Steps: 0017M | FPS: 1011.6 | Last FPS: 1025.2 | Collect Time: 283.2 min | Train RL Time: 0.7 min | Mean Rewards: 227.22 | Current Best: 237.52
Agent Steps: 0017M | FPS: 1011.6 | Last FPS: 1028.7 | Collect Time: 283.5 min | Train RL Time: 0.7 min | Mean Rewards: 227.18 | Current Best: 237.52
Agent Steps: 0017M | FPS: 1011.6 | Last FPS: 1028.5 | Collect Time: 283.7 min | Train RL Time: 0.7 min | Mean Rewards: 228.65 | Current Best: 237.52
Agent Steps: 0017M | FPS: 1011.7 | Last FPS: 1026.7 | Collect Time: 284.0 min | Train RL Time: 0.7 min | Mean Rewards: 227.78 | Current Best: 237.52
Agent Steps: 0017M | FPS: 1011.7 | Last FPS: 1030.9 | Collect Time: 284.3 min | Train RL Time: 0.7 min | Mean Rewards: 228.55 | Current Best: 237.52
Agent Steps: 0017M | FPS: 1011.7 | Last FPS: 1032.9 | Collect Time: 284.5 min | Train RL Time: 0.7 min | Mean Rewards: 229.37 | Current Best: 237.52
Agent Steps: 0017M | FPS: 1011.7 | Last FPS: 1030.4 | Collect Time: 284.8 min | Train RL Time: 0.7 min | Mean Rewards: 227.20 | Current Best: 237.52
Agent Steps: 0017M | FPS: 1011.7 | Last FPS: 1033.4 | Collect Time: 285.0 min | Train RL Time: 0.7 min | Mean Rewards: 228.17 | Current Best: 237.52
Agent Steps: 0017M | FPS: 1011.7 | Last FPS: 1026.0 | Collect Time: 285.3 min | Train RL Time: 0.7 min | Mean Rewards: 226.27 | Current Best: 237.52
Agent Steps: 0017M | FPS: 1011.8 | Last FPS: 1024.8 | Collect Time: 285.6 min | Train RL Time: 0.7 min | Mean Rewards: 228.29 | Current Best: 237.52
Agent Steps: 0017M | FPS: 1011.8 | Last FPS: 1028.0 | Collect Time: 285.8 min | Train RL Time: 0.7 min | Mean Rewards: 225.80 | Current Best: 237.52
Agent Steps: 0017M | FPS: 1011.8 | Last FPS: 1028.8 | Collect Time: 286.1 min | Train RL Time: 0.7 min | Mean Rewards: 228.03 | Current Best: 237.52
Agent Steps: 0017M | FPS: 1011.8 | Last FPS: 1028.1 | Collect Time: 286.4 min | Train RL Time: 0.7 min | Mean Rewards: 227.92 | Current Best: 237.52
Agent Steps: 0017M | FPS: 1011.8 | Last FPS: 1031.6 | Collect Time: 286.6 min | Train RL Time: 0.7 min | Mean Rewards: 227.59 | Current Best: 237.52
Agent Steps: 0017M | FPS: 1011.8 | Last FPS: 1035.4 | Collect Time: 286.9 min | Train RL Time: 0.7 min | Mean Rewards: 227.92 | Current Best: 237.52
Agent Steps: 0017M | FPS: 1011.9 | Last FPS: 1030.7 | Collect Time: 287.2 min | Train RL Time: 0.7 min | Mean Rewards: 228.03 | Current Best: 237.52
Agent Steps: 0017M | FPS: 1011.9 | Last FPS: 1025.1 | Collect Time: 287.4 min | Train RL Time: 0.7 min | Mean Rewards: 222.37 | Current Best: 237.52
Agent Steps: 0017M | FPS: 1011.9 | Last FPS: 1025.4 | Collect Time: 287.7 min | Train RL Time: 0.7 min | Mean Rewards: 224.33 | Current Best: 237.52
Agent Steps: 0017M | FPS: 1011.9 | Last FPS: 1033.8 | Collect Time: 288.0 min | Train RL Time: 0.7 min | Mean Rewards: 225.92 | Current Best: 237.52
Agent Steps: 0017M | FPS: 1011.9 | Last FPS: 1029.7 | Collect Time: 288.2 min | Train RL Time: 0.7 min | Mean Rewards: 226.69 | Current Best: 237.52
Agent Steps: 0017M | FPS: 1011.9 | Last FPS: 1035.3 | Collect Time: 288.5 min | Train RL Time: 0.7 min | Mean Rewards: 225.86 | Current Best: 237.52
Agent Steps: 0017M | FPS: 1012.0 | Last FPS: 1037.3 | Collect Time: 288.7 min | Train RL Time: 0.7 min | Mean Rewards: 222.89 | Current Best: 237.52
Agent Steps: 0017M | FPS: 1012.0 | Last FPS: 1040.2 | Collect Time: 289.0 min | Train RL Time: 0.7 min | Mean Rewards: 223.46 | Current Best: 237.52
Agent Steps: 0017M | FPS: 1012.0 | Last FPS: 1039.1 | Collect Time: 289.3 min | Train RL Time: 0.7 min | Mean Rewards: 223.55 | Current Best: 237.52
Agent Steps: 0017M | FPS: 1012.0 | Last FPS: 1031.3 | Collect Time: 289.5 min | Train RL Time: 0.7 min | Mean Rewards: 223.53 | Current Best: 237.52
Agent Steps: 0017M | FPS: 1012.1 | Last FPS: 1032.8 | Collect Time: 289.8 min | Train RL Time: 0.7 min | Mean Rewards: 226.21 | Current Best: 237.52
Agent Steps: 0017M | FPS: 1012.1 | Last FPS: 1036.7 | Collect Time: 290.1 min | Train RL Time: 0.7 min | Mean Rewards: 227.10 | Current Best: 237.52
Agent Steps: 0017M | FPS: 1012.1 | Last FPS: 1032.8 | Collect Time: 290.3 min | Train RL Time: 0.7 min | Mean Rewards: 225.02 | Current Best: 237.52
Agent Steps: 0017M | FPS: 1012.1 | Last FPS: 1028.6 | Collect Time: 290.6 min | Train RL Time: 0.7 min | Mean Rewards: 225.36 | Current Best: 237.52
Agent Steps: 0017M | FPS: 1012.1 | Last FPS: 1031.9 | Collect Time: 290.9 min | Train RL Time: 0.7 min | Mean Rewards: 225.14 | Current Best: 237.52
Agent Steps: 0017M | FPS: 1012.1 | Last FPS: 1036.9 | Collect Time: 291.1 min | Train RL Time: 0.7 min | Mean Rewards: 222.46 | Current Best: 237.52
Agent Steps: 0017M | FPS: 1012.2 | Last FPS: 1034.3 | Collect Time: 291.4 min | Train RL Time: 0.7 min | Mean Rewards: 220.92 | Current Best: 237.52
Agent Steps: 0017M | FPS: 1012.2 | Last FPS: 1044.3 | Collect Time: 291.6 min | Train RL Time: 0.7 min | Mean Rewards: 221.99 | Current Best: 237.52
Agent Steps: 0017M | FPS: 1012.2 | Last FPS: 1036.7 | Collect Time: 291.9 min | Train RL Time: 0.7 min | Mean Rewards: 222.38 | Current Best: 237.52
Agent Steps: 0017M | FPS: 1012.2 | Last FPS: 1039.6 | Collect Time: 292.2 min | Train RL Time: 0.7 min | Mean Rewards: 223.23 | Current Best: 237.52
Agent Steps: 0017M | FPS: 1012.3 | Last FPS: 1035.3 | Collect Time: 292.4 min | Train RL Time: 0.7 min | Mean Rewards: 223.03 | Current Best: 237.52
Agent Steps: 0017M | FPS: 1012.3 | Last FPS: 1032.0 | Collect Time: 292.7 min | Train RL Time: 0.7 min | Mean Rewards: 225.06 | Current Best: 237.52
Agent Steps: 0017M | FPS: 1012.3 | Last FPS: 1028.4 | Collect Time: 293.0 min | Train RL Time: 0.7 min | Mean Rewards: 226.49 | Current Best: 237.52
Agent Steps: 0017M | FPS: 1012.3 | Last FPS: 1031.9 | Collect Time: 293.2 min | Train RL Time: 0.7 min | Mean Rewards: 230.13 | Current Best: 237.52
Agent Steps: 0017M | FPS: 1012.3 | Last FPS: 1035.0 | Collect Time: 293.5 min | Train RL Time: 0.7 min | Mean Rewards: 231.25 | Current Best: 237.52
Agent Steps: 0017M | FPS: 1012.4 | Last FPS: 1032.6 | Collect Time: 293.7 min | Train RL Time: 0.7 min | Mean Rewards: 232.06 | Current Best: 237.52
Agent Steps: 0017M | FPS: 1012.4 | Last FPS: 1034.5 | Collect Time: 294.0 min | Train RL Time: 0.7 min | Mean Rewards: 229.47 | Current Best: 237.52
Agent Steps: 0017M | FPS: 1012.4 | Last FPS: 1023.0 | Collect Time: 294.3 min | Train RL Time: 0.7 min | Mean Rewards: 232.48 | Current Best: 237.52
Agent Steps: 0017M | FPS: 1012.4 | Last FPS: 1021.8 | Collect Time: 294.5 min | Train RL Time: 0.7 min | Mean Rewards: 233.90 | Current Best: 237.52
Agent Steps: 0017M | FPS: 1012.4 | Last FPS: 1025.2 | Collect Time: 294.8 min | Train RL Time: 0.7 min | Mean Rewards: 235.30 | Current Best: 237.52
Agent Steps: 0017M | FPS: 1012.4 | Last FPS: 1024.7 | Collect Time: 295.1 min | Train RL Time: 0.7 min | Mean Rewards: 232.17 | Current Best: 237.52
Agent Steps: 0017M | FPS: 1012.4 | Last FPS: 1027.7 | Collect Time: 295.3 min | Train RL Time: 0.7 min | Mean Rewards: 234.28 | Current Best: 237.52
Agent Steps: 0018M | FPS: 1012.4 | Last FPS: 1031.2 | Collect Time: 295.6 min | Train RL Time: 0.8 min | Mean Rewards: 236.46 | Current Best: 237.52
Agent Steps: 0018M | FPS: 1012.5 | Last FPS: 1030.2 | Collect Time: 295.9 min | Train RL Time: 0.8 min | Mean Rewards: 234.86 | Current Best: 237.52
Agent Steps: 0018M | FPS: 1012.5 | Last FPS: 1026.3 | Collect Time: 296.1 min | Train RL Time: 0.8 min | Mean Rewards: 232.65 | Current Best: 237.52
Agent Steps: 0018M | FPS: 1012.5 | Last FPS: 1020.1 | Collect Time: 296.4 min | Train RL Time: 0.8 min | Mean Rewards: 234.16 | Current Best: 237.52
Agent Steps: 0018M | FPS: 1012.5 | Last FPS: 1015.3 | Collect Time: 296.7 min | Train RL Time: 0.8 min | Mean Rewards: 234.75 | Current Best: 237.52
Agent Steps: 0018M | FPS: 1012.5 | Last FPS: 1016.0 | Collect Time: 296.9 min | Train RL Time: 0.8 min | Mean Rewards: 233.56 | Current Best: 237.52
Agent Steps: 0018M | FPS: 1012.5 | Last FPS: 1010.5 | Collect Time: 297.2 min | Train RL Time: 0.8 min | Mean Rewards: 234.14 | Current Best: 237.52
Agent Steps: 0018M | FPS: 1012.5 | Last FPS: 1021.4 | Collect Time: 297.5 min | Train RL Time: 0.8 min | Mean Rewards: 235.34 | Current Best: 237.52
Agent Steps: 0018M | FPS: 1012.5 | Last FPS: 1020.0 | Collect Time: 297.7 min | Train RL Time: 0.8 min | Mean Rewards: 237.23 | Current Best: 237.52
Agent Steps: 0018M | FPS: 1012.5 | Last FPS: 1021.0 | Collect Time: 298.0 min | Train RL Time: 0.8 min | Mean Rewards: 237.01 | Current Best: 237.52
Agent Steps: 0018M | FPS: 1012.5 | Last FPS: 1014.8 | Collect Time: 298.3 min | Train RL Time: 0.8 min | Mean Rewards: 237.25 | Current Best: 237.52
Agent Steps: 0018M | FPS: 1012.5 | Last FPS: 1017.4 | Collect Time: 298.5 min | Train RL Time: 0.8 min | Mean Rewards: 237.51 | Current Best: 237.52
save current best reward: 238.73
Agent Steps: 0018M | FPS: 1012.5 | Last FPS: 1013.2 | Collect Time: 298.8 min | Train RL Time: 0.8 min | Mean Rewards: 238.73 | Current Best: 238.73
save current best reward: 239.66
Agent Steps: 0018M | FPS: 1012.5 | Last FPS: 1018.2 | Collect Time: 299.1 min | Train RL Time: 0.8 min | Mean Rewards: 239.66 | Current Best: 239.66
save current best reward: 240.88
Agent Steps: 0018M | FPS: 1012.5 | Last FPS: 1021.2 | Collect Time: 299.3 min | Train RL Time: 0.8 min | Mean Rewards: 240.88 | Current Best: 240.88
Agent Steps: 0018M | FPS: 1012.5 | Last FPS: 1014.7 | Collect Time: 299.6 min | Train RL Time: 0.8 min | Mean Rewards: 239.02 | Current Best: 240.88
Agent Steps: 0018M | FPS: 1012.5 | Last FPS: 1017.0 | Collect Time: 299.9 min | Train RL Time: 0.8 min | Mean Rewards: 238.49 | Current Best: 240.88
Agent Steps: 0018M | FPS: 1012.5 | Last FPS: 1017.7 | Collect Time: 300.1 min | Train RL Time: 0.8 min | Mean Rewards: 236.64 | Current Best: 240.88
Agent Steps: 0018M | FPS: 1012.5 | Last FPS: 1015.9 | Collect Time: 300.4 min | Train RL Time: 0.8 min | Mean Rewards: 235.38 | Current Best: 240.88
Agent Steps: 0018M | FPS: 1012.5 | Last FPS: 1019.4 | Collect Time: 300.7 min | Train RL Time: 0.8 min | Mean Rewards: 233.29 | Current Best: 240.88
Agent Steps: 0018M | FPS: 1012.5 | Last FPS: 1017.8 | Collect Time: 301.0 min | Train RL Time: 0.8 min | Mean Rewards: 232.27 | Current Best: 240.88
Agent Steps: 0018M | FPS: 1012.6 | Last FPS: 1014.9 | Collect Time: 301.2 min | Train RL Time: 0.8 min | Mean Rewards: 232.28 | Current Best: 240.88
Agent Steps: 0018M | FPS: 1012.6 | Last FPS: 1018.7 | Collect Time: 301.5 min | Train RL Time: 0.8 min | Mean Rewards: 234.74 | Current Best: 240.88
Agent Steps: 0018M | FPS: 1012.6 | Last FPS: 1019.0 | Collect Time: 301.8 min | Train RL Time: 0.8 min | Mean Rewards: 235.72 | Current Best: 240.88
Agent Steps: 0018M | FPS: 1012.6 | Last FPS: 1021.1 | Collect Time: 302.0 min | Train RL Time: 0.8 min | Mean Rewards: 234.36 | Current Best: 240.88
Agent Steps: 0018M | FPS: 1012.6 | Last FPS: 1019.6 | Collect Time: 302.3 min | Train RL Time: 0.8 min | Mean Rewards: 233.99 | Current Best: 240.88
Agent Steps: 0018M | FPS: 1012.6 | Last FPS: 1018.5 | Collect Time: 302.6 min | Train RL Time: 0.8 min | Mean Rewards: 233.12 | Current Best: 240.88
Agent Steps: 0018M | FPS: 1012.6 | Last FPS: 1013.2 | Collect Time: 302.8 min | Train RL Time: 0.8 min | Mean Rewards: 233.67 | Current Best: 240.88
Agent Steps: 0018M | FPS: 1012.6 | Last FPS: 1019.3 | Collect Time: 303.1 min | Train RL Time: 0.8 min | Mean Rewards: 233.68 | Current Best: 240.88
Agent Steps: 0018M | FPS: 1012.6 | Last FPS: 1018.9 | Collect Time: 303.4 min | Train RL Time: 0.8 min | Mean Rewards: 232.90 | Current Best: 240.88
Agent Steps: 0018M | FPS: 1012.6 | Last FPS: 1023.4 | Collect Time: 303.6 min | Train RL Time: 0.8 min | Mean Rewards: 232.27 | Current Best: 240.88
Agent Steps: 0018M | FPS: 1012.6 | Last FPS: 1020.2 | Collect Time: 303.9 min | Train RL Time: 0.8 min | Mean Rewards: 229.63 | Current Best: 240.88
Agent Steps: 0018M | FPS: 1012.6 | Last FPS: 1019.6 | Collect Time: 304.2 min | Train RL Time: 0.8 min | Mean Rewards: 231.51 | Current Best: 240.88
Agent Steps: 0018M | FPS: 1012.6 | Last FPS: 1021.8 | Collect Time: 304.4 min | Train RL Time: 0.8 min | Mean Rewards: 231.28 | Current Best: 240.88
Agent Steps: 0018M | FPS: 1012.6 | Last FPS: 1021.7 | Collect Time: 304.7 min | Train RL Time: 0.8 min | Mean Rewards: 229.38 | Current Best: 240.88
Agent Steps: 0018M | FPS: 1012.6 | Last FPS: 1019.2 | Collect Time: 305.0 min | Train RL Time: 0.8 min | Mean Rewards: 230.04 | Current Best: 240.88
Agent Steps: 0018M | FPS: 1012.6 | Last FPS: 1018.2 | Collect Time: 305.2 min | Train RL Time: 0.8 min | Mean Rewards: 229.45 | Current Best: 240.88
Agent Steps: 0018M | FPS: 1012.6 | Last FPS: 1019.8 | Collect Time: 305.5 min | Train RL Time: 0.8 min | Mean Rewards: 229.14 | Current Best: 240.88
Agent Steps: 0018M | FPS: 1012.7 | Last FPS: 1025.1 | Collect Time: 305.8 min | Train RL Time: 0.8 min | Mean Rewards: 232.02 | Current Best: 240.88
Agent Steps: 0018M | FPS: 1012.7 | Last FPS: 1021.1 | Collect Time: 306.0 min | Train RL Time: 0.8 min | Mean Rewards: 230.68 | Current Best: 240.88
Agent Steps: 0018M | FPS: 1012.7 | Last FPS: 1018.1 | Collect Time: 306.3 min | Train RL Time: 0.8 min | Mean Rewards: 230.08 | Current Best: 240.88
Agent Steps: 0018M | FPS: 1012.7 | Last FPS: 1019.4 | Collect Time: 306.6 min | Train RL Time: 0.8 min | Mean Rewards: 230.19 | Current Best: 240.88
Agent Steps: 0018M | FPS: 1012.7 | Last FPS: 1020.6 | Collect Time: 306.8 min | Train RL Time: 0.8 min | Mean Rewards: 230.25 | Current Best: 240.88
Agent Steps: 0018M | FPS: 1012.7 | Last FPS: 1021.5 | Collect Time: 307.1 min | Train RL Time: 0.8 min | Mean Rewards: 223.22 | Current Best: 240.88
Agent Steps: 0018M | FPS: 1012.7 | Last FPS: 1012.1 | Collect Time: 307.4 min | Train RL Time: 0.8 min | Mean Rewards: 227.04 | Current Best: 240.88
Agent Steps: 0018M | FPS: 1012.7 | Last FPS: 1022.4 | Collect Time: 307.6 min | Train RL Time: 0.8 min | Mean Rewards: 223.76 | Current Best: 240.88
Agent Steps: 0018M | FPS: 1012.7 | Last FPS: 1025.9 | Collect Time: 307.9 min | Train RL Time: 0.8 min | Mean Rewards: 228.86 | Current Best: 240.88
Agent Steps: 0018M | FPS: 1012.7 | Last FPS: 1020.3 | Collect Time: 308.2 min | Train RL Time: 0.8 min | Mean Rewards: 228.53 | Current Best: 240.88
Agent Steps: 0018M | FPS: 1012.7 | Last FPS: 1020.8 | Collect Time: 308.4 min | Train RL Time: 0.8 min | Mean Rewards: 230.22 | Current Best: 240.88
Agent Steps: 0018M | FPS: 1012.7 | Last FPS: 1019.6 | Collect Time: 308.7 min | Train RL Time: 0.8 min | Mean Rewards: 232.21 | Current Best: 240.88
Agent Steps: 0018M | FPS: 1012.7 | Last FPS: 1026.7 | Collect Time: 309.0 min | Train RL Time: 0.8 min | Mean Rewards: 233.61 | Current Best: 240.88
Agent Steps: 0018M | FPS: 1012.7 | Last FPS: 1014.2 | Collect Time: 309.2 min | Train RL Time: 0.8 min | Mean Rewards: 233.71 | Current Best: 240.88
Agent Steps: 0018M | FPS: 1012.7 | Last FPS: 1014.2 | Collect Time: 309.5 min | Train RL Time: 0.8 min | Mean Rewards: 231.60 | Current Best: 240.88
Agent Steps: 0018M | FPS: 1012.7 | Last FPS: 1013.3 | Collect Time: 309.8 min | Train RL Time: 0.8 min | Mean Rewards: 233.22 | Current Best: 240.88
Agent Steps: 0018M | FPS: 1012.7 | Last FPS: 1009.4 | Collect Time: 310.0 min | Train RL Time: 0.8 min | Mean Rewards: 235.61 | Current Best: 240.88
Agent Steps: 0018M | FPS: 1012.7 | Last FPS: 1011.5 | Collect Time: 310.3 min | Train RL Time: 0.8 min | Mean Rewards: 234.13 | Current Best: 240.88
Agent Steps: 0018M | FPS: 1012.7 | Last FPS: 1014.0 | Collect Time: 310.6 min | Train RL Time: 0.8 min | Mean Rewards: 231.90 | Current Best: 240.88
Agent Steps: 0018M | FPS: 1012.7 | Last FPS: 1006.5 | Collect Time: 310.8 min | Train RL Time: 0.8 min | Mean Rewards: 233.47 | Current Best: 240.88
Agent Steps: 0018M | FPS: 1012.7 | Last FPS: 1011.6 | Collect Time: 311.1 min | Train RL Time: 0.8 min | Mean Rewards: 231.93 | Current Best: 240.88
Agent Steps: 0018M | FPS: 1012.7 | Last FPS: 1011.3 | Collect Time: 311.4 min | Train RL Time: 0.8 min | Mean Rewards: 230.49 | Current Best: 240.88
Agent Steps: 0018M | FPS: 1012.7 | Last FPS: 1009.2 | Collect Time: 311.7 min | Train RL Time: 0.8 min | Mean Rewards: 231.42 | Current Best: 240.88
Agent Steps: 0019M | FPS: 1012.7 | Last FPS: 1013.7 | Collect Time: 311.9 min | Train RL Time: 0.8 min | Mean Rewards: 231.46 | Current Best: 240.88
Agent Steps: 0019M | FPS: 1012.7 | Last FPS: 1018.7 | Collect Time: 312.2 min | Train RL Time: 0.8 min | Mean Rewards: 232.94 | Current Best: 240.88
Agent Steps: 0019M | FPS: 1012.7 | Last FPS: 1016.6 | Collect Time: 312.5 min | Train RL Time: 0.8 min | Mean Rewards: 234.55 | Current Best: 240.88
Agent Steps: 0019M | FPS: 1012.7 | Last FPS: 1017.6 | Collect Time: 312.7 min | Train RL Time: 0.8 min | Mean Rewards: 234.05 | Current Best: 240.88
Agent Steps: 0019M | FPS: 1012.7 | Last FPS: 1016.5 | Collect Time: 313.0 min | Train RL Time: 0.8 min | Mean Rewards: 234.80 | Current Best: 240.88
Agent Steps: 0019M | FPS: 1012.7 | Last FPS: 1011.2 | Collect Time: 313.3 min | Train RL Time: 0.8 min | Mean Rewards: 233.92 | Current Best: 240.88
Agent Steps: 0019M | FPS: 1012.7 | Last FPS: 1011.0 | Collect Time: 313.5 min | Train RL Time: 0.8 min | Mean Rewards: 235.59 | Current Best: 240.88
Agent Steps: 0019M | FPS: 1012.7 | Last FPS: 1004.4 | Collect Time: 313.8 min | Train RL Time: 0.8 min | Mean Rewards: 236.63 | Current Best: 240.88
Agent Steps: 0019M | FPS: 1012.7 | Last FPS: 1003.7 | Collect Time: 314.1 min | Train RL Time: 0.8 min | Mean Rewards: 235.59 | Current Best: 240.88
Agent Steps: 0019M | FPS: 1012.7 | Last FPS: 1003.0 | Collect Time: 314.3 min | Train RL Time: 0.8 min | Mean Rewards: 233.01 | Current Best: 240.88
Agent Steps: 0019M | FPS: 1012.7 | Last FPS: 1006.9 | Collect Time: 314.6 min | Train RL Time: 0.8 min | Mean Rewards: 234.17 | Current Best: 240.88
Agent Steps: 0019M | FPS: 1012.7 | Last FPS: 1008.9 | Collect Time: 314.9 min | Train RL Time: 0.8 min | Mean Rewards: 236.17 | Current Best: 240.88
Agent Steps: 0019M | FPS: 1012.7 | Last FPS: 1003.1 | Collect Time: 315.2 min | Train RL Time: 0.8 min | Mean Rewards: 236.26 | Current Best: 240.88
Agent Steps: 0019M | FPS: 1012.7 | Last FPS: 1007.9 | Collect Time: 315.4 min | Train RL Time: 0.8 min | Mean Rewards: 236.48 | Current Best: 240.88
Agent Steps: 0019M | FPS: 1012.7 | Last FPS: 1001.7 | Collect Time: 315.7 min | Train RL Time: 0.8 min | Mean Rewards: 236.93 | Current Best: 240.88
Agent Steps: 0019M | FPS: 1012.7 | Last FPS: 1007.5 | Collect Time: 316.0 min | Train RL Time: 0.8 min | Mean Rewards: 238.57 | Current Best: 240.88
Agent Steps: 0019M | FPS: 1012.7 | Last FPS: 993.1 | Collect Time: 316.2 min | Train RL Time: 0.8 min | Mean Rewards: 239.53 | Current Best: 240.88
save current best reward: 241.55
Agent Steps: 0019M | FPS: 1012.7 | Last FPS: 1009.9 | Collect Time: 316.5 min | Train RL Time: 0.8 min | Mean Rewards: 241.55 | Current Best: 241.55
Agent Steps: 0019M | FPS: 1012.7 | Last FPS: 1004.5 | Collect Time: 316.8 min | Train RL Time: 0.8 min | Mean Rewards: 241.40 | Current Best: 241.55
save current best reward: 242.11
Agent Steps: 0019M | FPS: 1012.7 | Last FPS: 1011.1 | Collect Time: 317.1 min | Train RL Time: 0.8 min | Mean Rewards: 242.11 | Current Best: 242.11
save current best reward: 243.67
Agent Steps: 0019M | FPS: 1012.7 | Last FPS: 1003.8 | Collect Time: 317.3 min | Train RL Time: 0.8 min | Mean Rewards: 243.67 | Current Best: 243.67
save current best reward: 244.27
Agent Steps: 0019M | FPS: 1012.6 | Last FPS: 1004.2 | Collect Time: 317.6 min | Train RL Time: 0.8 min | Mean Rewards: 244.27 | Current Best: 244.27
Agent Steps: 0019M | FPS: 1012.6 | Last FPS: 1004.0 | Collect Time: 317.9 min | Train RL Time: 0.8 min | Mean Rewards: 242.76 | Current Best: 244.27
Agent Steps: 0019M | FPS: 1012.6 | Last FPS: 1004.0 | Collect Time: 318.1 min | Train RL Time: 0.8 min | Mean Rewards: 241.32 | Current Best: 244.27
Agent Steps: 0019M | FPS: 1012.6 | Last FPS: 1007.9 | Collect Time: 318.4 min | Train RL Time: 0.8 min | Mean Rewards: 244.09 | Current Best: 244.27
save current best reward: 244.94
Agent Steps: 0019M | FPS: 1012.6 | Last FPS: 1010.9 | Collect Time: 318.7 min | Train RL Time: 0.8 min | Mean Rewards: 244.94 | Current Best: 244.94
save current best reward: 247.09
Agent Steps: 0019M | FPS: 1012.6 | Last FPS: 1011.9 | Collect Time: 318.9 min | Train RL Time: 0.8 min | Mean Rewards: 247.09 | Current Best: 247.09
Agent Steps: 0019M | FPS: 1012.6 | Last FPS: 1012.3 | Collect Time: 319.2 min | Train RL Time: 0.8 min | Mean Rewards: 245.14 | Current Best: 247.09
Agent Steps: 0019M | FPS: 1012.6 | Last FPS: 1013.3 | Collect Time: 319.5 min | Train RL Time: 0.8 min | Mean Rewards: 241.91 | Current Best: 247.09
Agent Steps: 0019M | FPS: 1012.6 | Last FPS: 1013.8 | Collect Time: 319.8 min | Train RL Time: 0.8 min | Mean Rewards: 236.37 | Current Best: 247.09
Agent Steps: 0019M | FPS: 1012.6 | Last FPS: 1014.1 | Collect Time: 320.0 min | Train RL Time: 0.8 min | Mean Rewards: 237.68 | Current Best: 247.09
Agent Steps: 0019M | FPS: 1012.6 | Last FPS: 1007.3 | Collect Time: 320.3 min | Train RL Time: 0.8 min | Mean Rewards: 237.99 | Current Best: 247.09
Agent Steps: 0019M | FPS: 1012.6 | Last FPS: 1015.8 | Collect Time: 320.6 min | Train RL Time: 0.8 min | Mean Rewards: 239.76 | Current Best: 247.09
Agent Steps: 0019M | FPS: 1012.6 | Last FPS: 1014.3 | Collect Time: 320.8 min | Train RL Time: 0.8 min | Mean Rewards: 238.33 | Current Best: 247.09
Agent Steps: 0019M | FPS: 1012.6 | Last FPS: 1010.9 | Collect Time: 321.1 min | Train RL Time: 0.8 min | Mean Rewards: 235.50 | Current Best: 247.09
Agent Steps: 0019M | FPS: 1012.6 | Last FPS: 1010.1 | Collect Time: 321.4 min | Train RL Time: 0.8 min | Mean Rewards: 235.48 | Current Best: 247.09
Agent Steps: 0019M | FPS: 1012.6 | Last FPS: 1009.5 | Collect Time: 321.6 min | Train RL Time: 0.8 min | Mean Rewards: 236.99 | Current Best: 247.09
Agent Steps: 0019M | FPS: 1012.6 | Last FPS: 1012.1 | Collect Time: 321.9 min | Train RL Time: 0.8 min | Mean Rewards: 239.75 | Current Best: 247.09
Agent Steps: 0019M | FPS: 1012.6 | Last FPS: 1016.1 | Collect Time: 322.2 min | Train RL Time: 0.8 min | Mean Rewards: 239.95 | Current Best: 247.09
Agent Steps: 0019M | FPS: 1012.6 | Last FPS: 1009.2 | Collect Time: 322.4 min | Train RL Time: 0.8 min | Mean Rewards: 240.04 | Current Best: 247.09
Agent Steps: 0019M | FPS: 1012.6 | Last FPS: 1011.6 | Collect Time: 322.7 min | Train RL Time: 0.8 min | Mean Rewards: 240.92 | Current Best: 247.09
Agent Steps: 0019M | FPS: 1012.6 | Last FPS: 1013.1 | Collect Time: 323.0 min | Train RL Time: 0.8 min | Mean Rewards: 244.11 | Current Best: 247.09
Agent Steps: 0019M | FPS: 1012.6 | Last FPS: 1009.8 | Collect Time: 323.3 min | Train RL Time: 0.8 min | Mean Rewards: 241.99 | Current Best: 247.09
Agent Steps: 0019M | FPS: 1012.6 | Last FPS: 1013.0 | Collect Time: 323.5 min | Train RL Time: 0.8 min | Mean Rewards: 243.61 | Current Best: 247.09
Agent Steps: 0019M | FPS: 1012.6 | Last FPS: 1010.7 | Collect Time: 323.8 min | Train RL Time: 0.8 min | Mean Rewards: 243.62 | Current Best: 247.09
Agent Steps: 0019M | FPS: 1012.6 | Last FPS: 1013.9 | Collect Time: 324.1 min | Train RL Time: 0.8 min | Mean Rewards: 241.27 | Current Best: 247.09
Agent Steps: 0019M | FPS: 1012.6 | Last FPS: 1008.4 | Collect Time: 324.3 min | Train RL Time: 0.8 min | Mean Rewards: 243.05 | Current Best: 247.09
Agent Steps: 0019M | FPS: 1012.6 | Last FPS: 1015.1 | Collect Time: 324.6 min | Train RL Time: 0.8 min | Mean Rewards: 241.30 | Current Best: 247.09
Agent Steps: 0019M | FPS: 1012.6 | Last FPS: 1010.1 | Collect Time: 324.9 min | Train RL Time: 0.8 min | Mean Rewards: 241.70 | Current Best: 247.09
Agent Steps: 0019M | FPS: 1012.6 | Last FPS: 1008.1 | Collect Time: 325.1 min | Train RL Time: 0.8 min | Mean Rewards: 243.81 | Current Best: 247.09
Agent Steps: 0019M | FPS: 1012.6 | Last FPS: 1015.4 | Collect Time: 325.4 min | Train RL Time: 0.8 min | Mean Rewards: 242.91 | Current Best: 247.09
Agent Steps: 0019M | FPS: 1012.6 | Last FPS: 1011.3 | Collect Time: 325.7 min | Train RL Time: 0.8 min | Mean Rewards: 240.88 | Current Best: 247.09
Agent Steps: 0019M | FPS: 1012.6 | Last FPS: 1014.4 | Collect Time: 325.9 min | Train RL Time: 0.8 min | Mean Rewards: 241.81 | Current Best: 247.09
Agent Steps: 0019M | FPS: 1012.6 | Last FPS: 1007.6 | Collect Time: 326.2 min | Train RL Time: 0.8 min | Mean Rewards: 242.61 | Current Best: 247.09
Agent Steps: 0019M | FPS: 1012.6 | Last FPS: 1014.7 | Collect Time: 326.5 min | Train RL Time: 0.8 min | Mean Rewards: 242.84 | Current Best: 247.09
Agent Steps: 0019M | FPS: 1012.6 | Last FPS: 1011.2 | Collect Time: 326.8 min | Train RL Time: 0.8 min | Mean Rewards: 242.22 | Current Best: 247.09
Agent Steps: 0019M | FPS: 1012.6 | Last FPS: 1016.1 | Collect Time: 327.0 min | Train RL Time: 0.8 min | Mean Rewards: 242.81 | Current Best: 247.09
Agent Steps: 0019M | FPS: 1012.6 | Last FPS: 998.0 | Collect Time: 327.3 min | Train RL Time: 0.8 min | Mean Rewards: 243.69 | Current Best: 247.09
Agent Steps: 0019M | FPS: 1012.6 | Last FPS: 1015.6 | Collect Time: 327.6 min | Train RL Time: 0.8 min | Mean Rewards: 242.53 | Current Best: 247.09
Agent Steps: 0019M | FPS: 1012.6 | Last FPS: 1015.9 | Collect Time: 327.8 min | Train RL Time: 0.8 min | Mean Rewards: 240.15 | Current Best: 247.09
Agent Steps: 0019M | FPS: 1012.6 | Last FPS: 1011.6 | Collect Time: 328.1 min | Train RL Time: 0.8 min | Mean Rewards: 241.81 | Current Best: 247.09
Agent Steps: 0020M | FPS: 1012.6 | Last FPS: 1010.0 | Collect Time: 328.4 min | Train RL Time: 0.8 min | Mean Rewards: 243.25 | Current Best: 247.09
max steps achieved
