env,step,row,release_row,released,certified,k,gate_ok,can,contact,reward,r_adv,r_leash,r_bonus,r_act,r_soft,e_n_cm,e_xy_cm,dp_plate_cm,dr_plate_deg,dp_sponge_cm,dr_sponge_deg,within,plate_tilt_deg,gap_mm,coverage,travel_cm,success,died,die_kind,cross_any,dq_re_deg,done,F_L_thumb,F_L_index,F_L_middle,F_L_ring,F_L_pinky,F_R_thumb,F_R_index,F_R_middle,F_R_ring,F_R_pinky
0,0,1.0,10.0,0.0,0.0,0.0,0.0,0.0,1.0,-0.00014810727,0.0,-0.0,0.0,-0.00014810727,-0.0,0.08434653,0.37599233,0.0,0.0,0.0,0.0,1.0,0.0,-3.513961,0.31944445,0.0,0.0,0.0,0.0,0.0,0.0,0,0.0,0.0,0.0,0.0,0.0,0.0,0.0,0.0,0.0,0.0
1,0,1.0,10.0,0.0,0.0,0.0,0.0,0.0,1.0,-0.00014826428,0.0,-0.0,0.0,-0.00014826428,-0.0,0.094348006,0.33494592,0.0,0.0,0.0,0.0,1.0,0.0,-3.6205873,0.3101852,0.0,0.0,0.0,0.0,0.0,0.0,0,0.0,0.0,0.0,0.0,0.0,0.0,0.0,0.0,1.5050147,0.0
2,0,1.0,10.0,0.0,0.0,0.0,0.0,0.0,1.0,-0.00014823904,0.0,-0.0,0.0,-0.00014823904,-0.0,0.10059457,0.31560612,0.0,0.0,0.0,0.0,1.0,0.0,-2.512942,0.30092594,0.0,0.0,0.0,0.0,0.0,0.0,0,0.0,0.0,0.0,0.0,0.0,0.0,0.0,0.0,3.917089,0.0
3,0,1.0,10.0,0.0,0.0,0.0,0.0,0.0,1.0,-0.00014822224,0.0,-0.0,0.0,-0.00014822224,-0.0,0.097543,0.35311222,0.0,0.0,0.0,0.0,1.0,0.0,-2.9750803,0.30092594,0.0,0.0,0.0,0.0,0.0,0.0,0,0.0,0.0,0.0,0.0,0.0,0.0,0.0,0.0,2.3047118,0.0
0,1,2.0,10.0,0.0,0.0,0.0,0.0,0.0,1.0,-0.0001413357,0.0,-0.0,0.0,-0.0001413357,-0.0,0.05949959,0.18287309,0.0,0.0,0.0,0.0,1.0,0.027976453,-2.2894022,0.35185185,0.19851702,0.0,0.0,0.0,0.0,0.0,0,0.0,0.0,0.0,0.0,2.9965231,0.0,0.0,0.0,2.991341,0.0
1,1,2.0,10.0,0.0,0.0,0.0,0.0,0.0,1.0,-0.00013096524,0.0,-0.0,0.0,-0.00013096524,-0.0,0.061493926,0.16225895,0.0,0.0,0.0,0.0,1.0,0.0,-2.4983082,0.3472222,0.17568345,0.0,0.0,0.0,0.0,0.0,0,0.0,0.0,0.0,0.0,0.0,0.0,0.0,0.0,2.8309693,0.0
2,1,2.0,10.0,0.0,0.0,0.0,0.0,0.0,1.0,-0.0001259102,0.0,-0.0,0.0,-0.0001259102,-0.0,0.04437715,0.15303251,0.0,0.0,0.0,0.0,1.0,0.0,-2.447461,0.36574075,0.16279204,0.0,0.0,0.0,0.0,0.0,0,0.0,0.0,0.0,0.0,0.0,0.0,0.0,0.0,4.7060523,0.0
3,1,2.0,10.0,0.0,0.0,0.0,0.0,0.0,1.0,-0.00013200616,0.0,-0.0,0.0,-0.00013200616,-0.0,0.052791648,0.17901838,0.0,0.0,0.0,0.0,1.0,0.0,-2.4595315,0.3425926,0.17475739,0.0,0.0,0.0,0.0,0.0,0,0.0,0.0,0.0,0.0,0.0,0.0,0.0,0.0,2.0646253,0.0
0,2,3.0,10.0,0.0,0.0,0.0,0.0,0.0,1.0,-0.000120722696,0.0,-0.0,0.0,-0.000120722696,-0.0,0.05339384,0.13508253,0.0,0.0,0.0,0.0,1.0,0.69012153,-3.3726032,0.36574075,0.2937835,0.0,0.0,0.0,0.0,0.0,0,2.84158,0.0,0.0,0.0,11.242415,0.0,0.0,0.077246,0.7185321,0.0
1,2,3.0,10.0,0.0,0.0,0.0,0.0,0.0,1.0,-0.000118309305,0.0,-0.0,0.0,-0.000118309305,-0.0,0.04863832,0.1522944,0.0,0.0,0.0,0.0,1.0,0.52339333,-3.0285466,0.3611111,0.24224404,0.0,0.0,0.0,0.0,0.0,0,1.6511366,0.0,0.0,0.2918614,7.5283422,0.0,0.0,0.0,0.008790047,0.0
2,2,3.0,10.0,0.0,0.0,0.0,0.0,0.0,1.0,-0.00011960831,0.0,-0.0,0.0,-0.00011960831,-0.0,0.067213364,0.14604391,0.0,0.0,0.0,0.0,1.0,0.68299633,-2.8107064,0.375,0.23773018,0.0,0.0,0.0,0.0,0.0,0,2.654036,0.0,0.0,0.28989515,8.731392,0.0,0.0,0.8470071,0.0,0.0
3,2,3.0,10.0,0.0,0.0,0.0,0.0,0.0,1.0,-0.00010973078,0.0,-0.0,0.0,-0.00010973078,-0.0,0.059710443,0.15337591,0.0,0.0,0.0,0.0,1.0,0.6516207,-3.3623922,0.35185185,0.23813762,0.0,0.0,0.0,0.0,0.0,0,2.1066658,0.0,0.0,0.42048743,9.277368,0.0,0.0,0.0,1.1305242,0.0
0,3,4.0,10.0,0.0,0.0,0.0,0.0,0.0,1.0,-0.00012185222,0.0,-0.0,0.0,-0.00012185222,-0.0,0.029709563,0.032282192,0.0,0.0,0.0,0.0,1.0,0.45067394,-2.128862,0.3935185,0.3968681,0.0,0.0,0.0,0.0,0.0,0,4.099391,0.0,0.0,1.05225,10.36006,1.5771892,0.0,0.7703419,2.69531,0.0
1,3,4.0,10.0,0.0,0.0,0.0,0.0,0.0,1.0,-0.00012697787,0.0,-0.0,0.0,-0.00012697787,-0.0,0.025225058,0.049625225,0.0,0.0,0.0,0.0,1.0,0.3789758,-2.370932,0.3888889,0.34492117,0.0,0.0,0.0,0.0,0.0,0,2.9649904,0.0,0.0,0.058862414,10.396471,1.5295473,0.0,0.13735019,0.92723507,0.0
2,3,4.0,10.0,0.0,0.0,0.0,0.0,0.0,1.0,-0.00012841368,0.0,-0.0,0.0,-0.00012841368,-0.0,0.039038062,0.06263784,0.0,0.0,0.0,0.0,1.0,0.5377761,-2.1460671,0.38425925,0.3402045,0.0,0.0,0.0,0.0,0.0,0,3.121367,0.0,0.0,0.5750449,9.895636,2.312712,0.0,0.7651472,3.7416673,0.0
3,3,4.0,10.0,0.0,0.0,0.0,0.0,0.0,1.0,-0.00012504235,0.0,-0.0,0.0,-0.00012504235,-0.0,0.031757355,0.052135456,0.0,0.0,0.0,0.0,1.0,0.5661368,-2.4539251,0.36574075,0.34033796,0.0,0.0,0.0,0.0,0.0,0,4.1420317,0.0,0.0,0.33782881,10.021887,2.7133646,0.0,0.53730124,2.7037342,0.0
0,4,5.0,10.0,0.0,0.0,0.0,0.0,0.0,1.0,-0.00012236045,0.0,-0.0,0.0,-0.00012236045,-0.0,0.033487752,0.08993703,0.0,0.0,0.0,0.0,1.0,0.43205383,-2.6833146,0.41666666,0.4932583,0.0,0.0,0.0,0.0,0.0,0,6.029649,0.0,0.0,0.17670663,13.395891,2.0388856,0.1712171,2.3048666,4.4331255,0.0
1,4,5.0,10.0,0.0,0.0,0.0,0.0,0.0,1.0,-0.00012349016,0.0,-0.0,0.0,-0.00012349016,-0.0,0.020277873,0.0809407,0.0,0.0,0.0,0.0,1.0,0.4311471,-2.6926863,0.41203704,0.4360059,0.0,0.0,0.0,0.0,0.0,0,5.5929413,0.0,0.0,0.34817347,12.353585,1.9721711,0.094366826,1.5086324,2.2826216,0.0
2,4,5.0,10.0,0.0,0.0,0.0,0.0,0.0,1.0,-0.00013466197,0.0,-0.0,0.0,-0.00013466197,-0.0,0.009473786,0.06806422,0.0,0.0,0.0,0.0,1.0,0.46730018,-2.6622257,0.4027778,0.44632518,0.0,0.0,0.0,0.0,0.0,0,5.274422,0.0,0.0,0.25556922,13.66378,2.1549253,0.79333705,1.8677902,4.1742525,0.0
3,4,5.0,10.0,0.0,0.0,0.0,0.0,0.0,1.0,-0.00012992117,0.0,-0.0,0.0,-0.00012992117,-0.0,0.010074489,0.07575713,0.0,0.0,0.0,0.0,1.0,0.46478102,-2.358889,0.4074074,0.41777903,0.0,0.0,0.0,0.0,0.0,0,5.0351353,0.0,0.0,0.4243372,12.030358,2.7645113,0.0,1.7826743,2.2438288,0.0
0,5,6.0,10.0,0.0,0.0,0.0,0.0,0.0,1.0,-0.00013082447,0.0,-0.0,0.0,-0.00013082447,-0.0,0.04327949,0.120299906,0.0,0.0,0.0,0.0,1.0,0.38714877,-3.0481117,0.4212963,0.5265446,0.0,0.0,0.0,0.0,0.0,0,3.7285497,0.0,0.0,0.0,9.3385935,4.575792,0.796548,0.4846118,2.7028904,0.0
1,5,6.0,10.0,0.0,0.0,0.0,0.0,0.0,1.0,-0.00012410244,0.0,-0.0,0.0,-0.00012410244,-0.0,0.039411336,0.113495685,0.0,0.0,0.0,0.0,1.0,0.44631106,-2.7366261,0.4212963,0.47440344,0.0,0.0,0.0,0.0,0.0,0,6.8081717,0.0,0.0,3.099365,12.665872,3.8595083,0.107953,1.3933764,2.8827372,0.0
2,5,6.0,10.0,0.0,0.0,0.0,0.0,0.0,1.0,-0.00012200981,0.0,-0.0,0.0,-0.00012200981,-0.0,0.04734993,0.081686735,0.0,0.0,0.0,0.0,1.0,0.53704786,-3.1190133,0.41666666,0.4628457,0.0,0.0,0.0,0.0,0.0,0,6.185027,0.0,0.0,0.771189,17.21265,4.5215387,0.4411677,2.344966,4.939588,0.0
3,5,6.0,10.0,0.0,0.0,0.0,0.0,0.0,1.0,-0.00013136338,0.0,-0.0,0.0,-0.00013136338,-0.0,0.042170286,0.09976949,0.0,0.0,0.0,0.0,1.0,0.513962,-2.7868328,0.41666666,0.44835705,0.0,0.0,0.0,0.0,0.0,0,6.057988,0.0,0.0,0.85229206,13.339805,4.310527,0.05715202,1.9111321,3.0689197,0.0
0,6,7.0,10.0,0.0,0.0,0.0,0.0,0.0,1.0,-0.000117747,0.0,-0.0,0.0,-0.000117747,-0.0,0.06715227,0.14520738,0.0,0.0,0.0,0.0,1.0,0.80113024,-3.6824317,0.4212963,0.5619808,0.0,0.0,0.0,0.0,0.0,0,6.6775675,0.0,0.0,0.5695084,15.231514,5.4853888,0.43503535,0.15409203,4.457857,0.0
1,6,7.0,10.0,0.0,0.0,0.0,0.0,0.0,1.0,-0.00012453142,0.0,-0.0,0.0,-0.00012453142,-0.0,0.017668866,0.09808283,0.0,0.0,0.0,0.0,1.0,0.49928525,-2.308446,0.42592594,0.5002123,0.0,0.0,0.0,0.0,0.0,0,2.0102935,0.0,0.0,2.3833106,18.936281,5.627367,0.31229112,3.299755,4.5698705,0.0
2,6,7.0,10.0,0.0,0.0,0.0,0.0,0.0,1.0,-0.00011490354,0.0,-0.0,0.0,-0.00011490354,-0.0,0.044542924,0.08889018,0.0,0.0,0.0,0.0,1.0,0.749649,-3.7119408,0.41666666,0.47012115,0.0,0.0,0.0,0.0,0.0,0,2.4803746,0.0,0.0,4.945736,12.3769655,5.4688754,0.8327313,1.4096545,4.5357456,0.0
3,6,7.0,10.0,0.0,0.0,0.0,0.0,0.0,1.0,-0.00013452479,0.0,-0.0,0.0,-0.00013452479,-0.0,0.025942922,0.04003247,0.0,0.0,0.0,0.0,1.0,0.633656,-2.9165995,0.41666666,0.5083871,0.0,0.0,0.0,0.0,0.0,0,3.103576,0.0,0.0,2.0933237,14.335907,5.414023,0.19448076,1.1589552,4.21264,0.0
0,7,8.0,10.0,0.0,0.0,0.0,0.0,0.0,1.0,-0.00012289656,0.0,-0.0,0.0,-0.00012289656,-0.0,0.07220507,0.12996444,0.0,0.0,0.0,0.0,1.0,1.088944,-4.3789062,0.4212963,0.5774069,0.0,0.0,0.0,0.0,0.0,0,3.0106263,0.0,0.0,0.5752742,16.100996,6.4273686,0.33144552,1.3558763,5.0936103,1.2134813
1,7,8.0,10.0,0.0,0.0,0.0,0.0,0.0,1.0,-0.00010295591,0.0,-0.0,0.0,-0.00010295591,-0.0,0.011085533,0.04218695,0.0,0.0,0.0,0.0,1.0,0.62526274,-2.7070177,0.42592594,0.55892575,0.0,0.0,0.0,0.0,0.0,0,2.9518104,0.0,0.0,2.1350708,15.802311,6.4010463,0.0,1.9889841,4.6105123,0.47912773
2,7,8.0,10.0,0.0,0.0,0.0,0.0,0.0,1.0,-9.211531e-05,0.0,-0.0,0.0,-9.211531e-05,-0.0,0.044372864,0.08392479,0.0,0.0,0.0,0.0,1.0,1.0618312,-4.2494283,0.41666666,0.48596966,0.0,0.0,0.0,0.0,0.0,0,3.005382,0.0,0.0,3.542078,15.532301,6.1024237,0.3732664,1.387997,3.9490445,1.6963819
3,7,8.0,10.0,0.0,0.0,0.0,0.0,0.0,1.0,-0.00010415008,0.0,-0.0,0.0,-0.00010415008,-0.0,0.036752224,0.05161152,0.0,0.0,0.0,0.0,1.0,0.8369664,-3.6606603,0.41666666,0.5213285,0.0,0.0,0.0,0.0,0.0,0,3.0140483,0.0,0.0,2.0412085,14.563149,6.428386,0.0,1.7291158,4.7662835,0.57332575
0,8,9.0,10.0,0.0,0.0,0.0,0.0,0.0,1.0,-0.000110544126,0.0,-0.0,0.0,-0.000110544126,-0.0,0.078867935,0.11768842,0.0,0.0,0.0,0.0,1.0,1.1069447,-4.498172,0.4212963,0.5956768,0.0,0.0,0.0,0.0,0.0,0,3.6035635,0.0,0.0,1.2148743,17.104958,7.7963247,0.17057374,1.6151874,5.839817,2.0596504
1,8,9.0,10.0,0.0,0.0,0.0,0.0,0.0,1.0,-0.00010012682,0.0,-0.0,0.0,-0.00010012682,-0.0,0.038893707,0.038611326,0.0,0.0,0.0,0.0,1.0,0.9052541,-3.5763764,0.42592594,0.57731104,0.0,0.0,0.0,0.0,0.0,0,3.969513,0.0,0.0,1.096453,16.872318,6.7907124,0.0,1.3089101,5.6056023,0.95710415
2,8,9.0,10.0,0.0,0.0,0.0,0.0,0.0,1.0,-8.770101e-05,0.0,-0.0,0.0,-8.770101e-05,-0.0,0.033081695,0.082841896,0.0,0.0,0.0,0.0,1.0,0.9835744,-3.5168993,0.41666666,0.5014936,0.0,0.0,0.0,0.0,0.0,0,4.0734873,0.0,0.0,0.6945535,15.890847,7.244147,0.0,1.612608,3.126608,0.7280253
3,8,9.0,10.0,0.0,0.0,0.0,0.0,0.0,1.0,-9.6839576e-05,0.0,-0.0,0.0,-9.6839576e-05,-0.0,0.022388622,0.08591596,0.0,0.0,0.0,0.0,1.0,1.0930692,-3.6574714,0.41666666,0.5563375,0.0,0.0,0.0,0.0,0.0,0,3.5478933,0.0,0.0,1.6930478,13.735791,7.4035325,0.0,1.5562941,3.1730626,0.99980646
0,9,10.0,10.0,0.0,0.0,0.0,0.0,0.0,1.0,-9.4438095e-05,0.0,-0.0,0.0,-9.4438095e-05,-0.0,0.056507066,0.11959577,0.0,0.0,0.0,0.0,1.0,1.2202904,-4.292609,0.4212963,0.63016874,0.0,0.0,0.0,0.0,0.0,0,6.148306,0.0,0.0,0.51515996,15.495708,9.335702,0.0,1.2999388,6.122605,1.2133142
1,9,10.0,10.0,0.0,0.0,0.0,0.0,0.0,1.0,-0.000102853715,0.0,-0.0,0.0,-0.000102853715,-0.0,0.013704412,0.0804459,0.0,0.0,0.0,0.0,1.0,0.7527747,-2.6089401,0.42592594,0.6340592,0.0,0.0,0.0,0.0,0.0,0,4.2601576,0.0,0.0,0.45355222,11.183809,9.127658,0.0,2.0915718,5.4826035,1.6771324
2,9,10.0,10.0,0.0,0.0,0.0,0.0,0.0,1.0,-9.173098e-05,0.0,-0.0,0.0,-9.173098e-05,-0.0,0.004831329,0.12591863,0.0,0.0,0.0,0.0,1.0,1.0596174,-2.8111002,0.41666666,0.5823644,0.0,0.0,0.0,0.0,0.0,0,4.840562,0.0,0.0,1.033569,11.6437025,6.05603,0.0,1.6030334,3.030494,0.9240943
3,9,10.0,10.0,0.0,0.0,0.0,0.0,0.0,1.0,-8.22512e-05,0.0,-0.0,0.0,-8.22512e-05,-0.0,0.004720129,0.08695959,0.0,0.0,0.0,0.0,1.0,1.0424893,-3.100832,0.41666666,0.6269032,0.0,0.0,0.0,0.0,0.0,0,3.1863427,0.0,0.0,0.84707093,11.530452,10.068157,0.0,2.7177823,3.982428,3.8449223
0,10,11.0,10.0,1.0,0.0,0.0,0.0,0.0,1.0,-8.3498584e-05,0.0,-0.0,0.0,-8.3498584e-05,-0.0,0.00018607825,0.19466929,0.0,0.09691328,0.0,0.055952907,1.0,2.6703446,-4.113391,0.42592594,0.76394325,0.0,0.0,0.0,0.0,0.0,0,4.9045544,3.1225252,0.0,5.27811,3.3191288,11.453007,0.0,1.4225403,5.5345902,0.8252687
1,10,11.0,10.0,1.0,0.0,0.0,0.0,0.0,1.0,-9.1870446e-05,0.0,-0.0,0.0,-9.1870446e-05,-0.0,0.041406415,0.06544807,0.0,0.055952907,0.0,0.07912936,1.0,2.3533492,-4.063277,0.42592594,0.7082668,0.0,0.0,0.0,0.0,0.0,0,4.76633,0.0,0.0,5.3991866,3.6989129,10.02994,0.0,1.5221422,5.5027194,1.2453022
2,10,11.0,10.0,1.0,0.0,0.0,0.0,0.0,1.0,-8.975603e-05,0.0,-0.0,0.0,-8.975603e-05,-0.0,0.02211947,0.17639479,0.0,0.0,0.0,0.09691328,1.0,2.9906151,-3.9045243,0.41666666,0.6621238,0.0,0.0,0.0,0.0,0.0,0,3.8269658,0.0,0.0,5.1706667,3.9380252,10.792879,0.0,0.87649953,4.9481883,0.5198123
3,10,11.0,10.0,1.0,0.0,0.0,0.0,0.0,1.0,-0.00010321119,0.0,-0.0,0.0,-0.00010321119,-0.0,0.06876886,0.13477927,0.0,0.0,0.0,0.03956468,1.0,3.5462987,-6.373587,0.4212963,0.79194534,0.0,0.0,0.0,0.0,0.0,0,4.1367273,0.0,0.0,4.5300593,3.6441152,9.947008,0.0,0.9664112,3.278398,0.7444806
0,11,12.0,10.0,1.0,0.0,0.0,0.0,0.0,1.0,-6.194129e-05,0.0,-0.0,0.0,-6.194129e-05,-0.0,0.04512407,0.15736602,0.038850218,0.45799458,0.043915525,0.80502385,1.0,2.988258,-2.9843924,0.42592594,0.8415191,0.0,0.0,0.0,0.0,0.0,0,6.2454534,0.0,0.0,6.466152,4.103404,10.368176,0.0,1.7093657,5.9368258,1.0312201
1,11,12.0,10.0,1.0,0.0,0.0,0.0,0.0,1.0,-5.795326e-05,0.0,-0.0,0.0,-5.795326e-05,-0.0,0.029659085,0.035057247,0.053630367,0.75898355,0.060943507,0.39167053,1.0,2.778899,-3.8164556,0.42592594,0.80024785,0.0,0.0,0.0,0.0,0.0,0,4.982666,0.0,0.0,5.8804297,4.331704,9.717222,0.0,1.6954383,6.1575246,0.67086655
2,11,12.0,10.0,1.0,0.0,0.0,0.0,0.0,1.0,-7.022896e-05,0.0,-0.0,0.0,-7.022896e-05,-0.0,0.045903213,0.1950775,0.06310066,1.1371021,0.047747254,0.7423005,1.0,4.254318,-4.1389427,0.41666666,0.68780774,0.0,0.0,0.0,0.0,0.0,0,4.131497,0.0,0.0,5.533215,3.9266598,10.36741,0.0,1.4016268,5.1125255,0.7283116
3,11,12.0,10.0,1.0,0.0,0.0,0.0,0.0,1.0,-7.091204e-05,0.0,-0.0,0.0,-7.091204e-05,-0.0,0.13052431,0.07416811,0.06327837,0.9236492,0.05595682,0.50667554,1.0,4.2420087,-7.1363997,0.4212963,0.8549101,0.0,0.0,0.0,0.0,0.0,0,5.3208437,0.0,0.0,6.534947,4.07693,9.348707,0.0,1.421687,3.6724102,0.67567194
0,12,13.0,10.0,1.0,0.0,0.0,0.0,0.0,1.0,-6.383224e-05,0.0,-0.0,0.0,-6.383224e-05,-0.0,0.038245134,0.14645337,0.042091083,0.36261645,0.02373213,0.7099639,1.0,3.1848137,-3.300868,0.43055555,0.94344455,0.0,0.0,0.0,1.0,0.0,0,5.4193907,0.0,0.0,5.880674,3.749092,10.722097,0.0,2.1093445,6.445851,1.0366107
1,12,13.0,10.0,1.0,0.0,0.0,0.0,0.0,1.0,-7.506433e-05,0.0,-0.0,0.0,-7.506433e-05,-0.0,0.01105275,0.07153534,0.039184045,1.3791084,0.0957309,0.4334096,1.0,3.465206,-4.175433,0.42592594,0.84239066,0.0,0.0,0.0,1.0,0.0,0,4.631693,0.0,0.0,5.24095,6.758716,9.520644,0.0,2.3395436,7.524969,0.034318067
2,12,13.0,10.0,1.0,0.0,0.0,0.0,0.0,1.0,-7.0155846e-05,0.0,-0.0,0.0,-7.0155846e-05,-0.0,0.082583725,0.1264351,0.11044146,1.5086657,0.037806187,0.72090393,1.0,4.7643175,-3.9341757,0.41666666,0.7647377,0.0,0.0,0.0,0.0,0.0,0,4.4342356,0.0,0.0,4.2161217,3.6659331,10.149652,0.0,1.9561414,5.535614,0.3705301
3,12,13.0,10.0,1.0,0.0,0.0,0.0,0.0,1.0,-8.5354826e-05,0.0,-0.0,0.0,-8.5354826e-05,-0.0,0.029371306,0.091483854,0.07171421,0.3262588,0.09234659,0.6795467,1.0,3.6834452,-6.2845836,0.42592594,0.9825782,0.0,0.0,0.0,1.0,0.0,0,4.5471277,0.0,0.0,4.2533484,3.870331,8.14821,0.0,1.9295465,6.0670676,0.46321654
0,13,14.0,10.0,1.0,0.0,0.0,0.0,0.0,1.0,-6.704572e-05,0.0,-0.0,0.0,-6.704572e-05,-0.0,0.043303706,0.23738134,0.07239367,0.25022906,0.027282659,0.6428508,1.0,3.296456,-3.6590445,0.43055555,1.0822779,0.0,0.0,0.0,1.0,0.0,0,5.013434,0.0,0.0,5.331267,3.839425,10.632305,0.0,2.6726139,7.9258437,0.78551424
1,13,14.0,10.0,1.0,0.0,0.0,0.0,0.0,1.0,-8.897955e-05,0.0,-0.0,0.0,-8.897955e-05,-0.0,7.50646e-05,0.12658519,0.031936422,1.6061637,0.118094325,0.41116843,1.0,3.941139,-4.367543,0.42592594,0.9011959,0.0,0.0,0.0,1.0,0.0,0,4.2629805,0.0,0.0,5.6263995,5.4205647,9.534371,0.0,2.7648876,7.8849673,0.31335378
2,13,14.0,10.0,1.0,0.0,0.0,0.0,0.0,1.0,-8.375113e-05,0.0,-0.0,0.0,-8.375113e-05,-0.0,0.06152466,0.087483235,0.10906859,1.880072,0.03941487,0.9585791,1.0,5.275295,-4.466164,0.41666666,0.8434574,0.0,0.0,0.0,1.0,0.0,0,5.2592344,0.0,0.0,5.654791,3.547324,10.224934,0.0,2.506105,6.5276217,0.39936003
3,13,14.0,10.0,1.0,0.0,0.0,0.0,0.0,1.0,-8.2321225e-05,0.0,-0.0,0.0,-8.2321225e-05,-0.0,0.088083744,0.15887149,0.06991424,0.51128876,0.11549311,0.8494916,1.0,4.5186534,-7.388284,0.42592594,1.0515075,0.0,0.0,0.0,1.0,0.0,0,4.8223906,0.0,0.0,4.9636245,3.8183687,8.710044,0.0,2.9734788,7.879599,0.44473866
0,14,15.0,10.0,1.0,0.0,0.0,0.0,0.0,1.0,-6.904669e-05,0.0,-0.0,0.0,-6.904669e-05,-0.0,0.04475396,0.30254266,0.105520085,0.36690792,0.037723076,0.64163214,1.0,3.3174138,-3.4668567,0.43055555,1.220932,0.0,0.0,0.0,1.0,0.0,0,3.9243407,0.0,0.0,4.091001,3.388752,11.257376,0.0,2.9408014,8.856914,1.2461995
1,14,15.0,10.0,1.0,0.0,0.0,0.0,0.0,1.0,-9.374644e-05,0.0,-0.0,0.0,-9.374644e-05,-0.0,0.078058615,0.25438577,0.14271106,0.8308601,0.11847563,0.48778653,1.0,3.790184,-3.7408442,0.42592594,1.0472351,0.0,0.0,0.0,1.0,0.0,0,4.2766705,0.0,0.0,4.0148506,3.5752032,10.272796,0.0,3.7291028,9.029721,2.2414005
2,14,15.0,10.0,1.0,0.0,0.0,0.0,0.0,1.0,-8.847171e-05,0.0,-0.0,0.0,-8.847171e-05,-0.0,0.14985669,0.2930177,0.1817861,1.1643096,0.05440569,1.312219,1.0,4.9403453,-3.7533576,0.4212963,1.0940969,0.0,0.0,0.0,1.0,0.0,0,3.6613169,0.0,0.0,3.3947964,3.9115555,10.143882,0.0,2.3648465,5.9702573,2.0385528
3,14,15.0,10.0,1.0,0.0,0.0,0.0,0.0,1.0,-9.2216214e-05,0.0,-0.0,0.0,-9.2216214e-05,-0.0,0.049360655,0.31124648,0.16498153,0.8204324,0.12934706,0.8127646,1.0,4.061968,-6.150358,0.43055555,1.324458,0.0,0.0,0.0,1.0,0.0,0,3.6571136,0.0,0.0,3.8372877,3.493291,8.7670145,0.0,2.8707967,8.404475,0.9878425
0,15,16.0,10.0,1.0,0.0,0.0,0.0,0.0,1.0,-7.671651e-05,0.0,-0.0,0.0,-7.671651e-05,-0.0,0.111961365,0.4294224,0.08750818,0.4261249,0.031111509,0.6129341,1.0,3.6473336,-2.9739606,0.43055555,1.3542156,0.0,0.0,0.0,1.0,0.0,0,4.1003923,0.0,0.0,4.3868465,3.075794,10.406433,0.0,3.5402637,9.503778,1.7103212
1,15,16.0,10.0,1.0,0.0,0.0,0.0,0.0,1.0,-8.1938204e-05,0.0,-0.0,0.0,-8.1938204e-05,-0.0,0.11116285,0.4332296,0.20183697,0.40348235,0.11257873,0.5814803,1.0,3.7498796,-3.57592,0.43055555,1.2361251,0.0,0.0,0.0,1.0,0.0,0,3.6078863,0.0,0.0,3.606194,3.4545867,10.224649,0.0,5.148739,9.804079,3.2762816
2,15,16.0,10.0,1.0,0.0,0.0,0.0,0.0,1.0,-7.197824e-05,0.0,-0.0,0.0,-7.197824e-05,-0.0,0.17269515,0.34077826,0.20631687,1.0542372,0.07330065,1.4429003,1.0,5.083612,-3.445723,0.4212963,1.2840332,0.0,0.0,0.0,1.0,0.0,0,3.7820275,0.0,0.0,3.5368366,3.5793715,9.935218,0.0,2.8142564,6.8469234,2.315529
3,15,16.0,10.0,1.0,0.0,0.0,0.0,0.0,1.0,-9.318996e-05,0.0,-0.0,0.0,-9.318996e-05,-0.0,0.008814782,0.39916328,0.18859833,0.71763945,0.12799871,0.71216536,1.0,4.4905634,-6.4648314,0.43055555,1.5240806,0.0,0.0,0.0,1.0,0.0,0,3.7952774,0.0,0.0,3.716084,3.6329591,9.256467,0.0,3.748883,8.535179,2.293171
0,16,17.0,10.0,1.0,0.0,0.0,0.0,0.0,1.0,-6.9467096e-05,0.0,-0.0,0.0,-6.9467096e-05,-0.0,0.2423618,0.62783664,0.09215396,0.79916894,0.01579447,0.6525183,1.0,3.9910083,-1.8421663,0.4351852,1.55263,0.0,0.0,0.0,1.0,0.0,0,4.568732,0.0,0.0,4.0340433,3.9880445,11.020074,0.0,2.110081,8.622228,2.8686118
1,16,17.0,10.0,1.0,0.0,0.0,0.0,0.0,1.0,-6.390991e-05,0.0,-0.0,0.0,-6.390991e-05,-0.0,0.1968719,0.6006291,0.20173717,0.6026319,0.0896414,0.8722216,1.0,4.04254,-2.9292238,0.44444445,1.4129804,0.0,0.0,0.0,1.0,0.0,0,4.1731687,0.0,0.0,3.82012,4.0900416,10.682054,0.0,2.1238244,8.663057,2.894863
2,16,17.0,10.0,1.0,0.0,0.0,0.0,0.0,1.0,-6.468279e-05,0.0,-0.0,0.0,-6.468279e-05,-0.0,0.2477143,0.5487856,0.21410465,1.1308903,0.09071799,1.7685189,1.0,5.1795616,-2.5942287,0.43055555,1.4923702,0.0,0.0,0.0,1.0,0.0,0,4.109863,0.0,0.0,3.6841192,3.823997,10.61493,0.0,1.6756023,6.246779,2.9616446
3,16,17.0,10.0,1.0,0.0,0.0,0.0,0.0,1.0,-7.215349e-05,0.0,-0.0,0.0,-7.215349e-05,-0.0,0.26348567,0.6758349,0.23424257,1.3056415,0.10061529,0.45799458,1.0,4.4567633,-4.348913,0.44907406,1.8289683,0.0,0.0,0.0,1.0,0.0,0,4.099317,0.0,0.0,4.079286,3.406002,9.682412,0.0,2.022501,8.162826,3.3186586
0,17,18.0,10.0,1.0,0.0,0.0,0.0,0.0,1.0,-6.482479e-05,0.0,-0.0,0.0,-6.482479e-05,-0.0,0.27519464,0.8050496,0.18090975,1.1357247,0.023957623,0.8961226,1.0,4.153175,-0.0788169,0.44444445,1.7329324,0.0,0.0,0.0,1.0,0.0,0,4.363726,0.0,0.0,4.456646,3.292421,10.927604,0.0,2.198382,8.763644,2.7905717
1,17,18.0,10.0,1.0,0.0,0.0,0.0,0.0,1.0,-6.301085e-05,0.0,-0.0,0.0,-6.301085e-05,-0.0,0.22187307,0.74714667,0.23032856,1.071177,0.066889346,1.3026407,1.0,4.217329,-1.7403066,0.44907406,1.5701115,0.0,0.0,0.0,1.0,0.0,0,3.953691,0.0,0.0,3.6376724,3.936846,10.656216,0.0,2.1812873,8.848693,2.8355503
2,17,18.0,10.0,1.0,0.0,0.0,0.0,0.0,1.0,-6.6435605e-05,0.0,-0.0,0.0,-6.6435605e-05,-0.0,0.31689817,0.68467826,0.23945335,1.2648392,0.0954181,1.8439207,1.0,5.3064413,-1.300118,0.43055555,1.7009314,0.0,0.0,0.0,1.0,0.0,0,3.7273755,0.0,0.0,3.4595525,3.7135847,10.595492,0.0,1.7708935,6.2801566,2.8715959
3,17,18.0,10.0,1.0,0.0,0.0,0.0,0.0,1.0,-8.0794765e-05,0.0,-0.0,0.0,-8.0794765e-05,-0.0,0.15704818,0.7708785,0.24596246,1.3080373,0.073384516,0.5539061,1.0,4.7570753,-3.790806,0.4537037,2.0835361,0.0,0.0,0.0,1.0,0.0,0,3.8413312,0.0,0.0,3.7505796,3.0721323,9.827233,0.0,2.1640613,8.484072,3.059811
0,18,19.0,10.0,1.0,0.0,0.0,0.0,0.0,1.0,-6.19473e-05,0.0,-0.0,0.0,-6.19473e-05,-0.0,0.2831694,1.0351727,0.3424015,2.1890008,0.050626595,1.2309698,1.0,4.437075,-0.55099654,0.46296296,1.980711,0.0,0.0,0.0,1.0,0.0,0,3.9492552,0.0,0.0,4.004544,3.0024502,10.944806,0.0,1.5799196,8.563044,2.4977791
1,18,19.0,10.0,1.0,0.0,0.0,0.0,0.0,1.0,-6.244772e-05,0.0,-0.0,0.0,-6.244772e-05,-0.0,0.27752146,0.9618249,0.30900383,1.7799888,0.04592669,1.80618,1.0,4.4039326,-1.5466716,0.45833334,1.7851568,0.0,0.0,0.0,1.0,0.0,0,4.0711346,0.0,0.0,3.9873214,3.2461567,10.648001,0.0,1.1707472,8.053817,2.4306247
2,18,19.0,10.0,1.0,0.0,0.0,0.0,0.0,1.0,-5.7812176e-05,0.0,-0.0,0.0,-5.7812176e-05,-0.0,0.31336212,0.85111827,0.2915549,1.7273216,0.101374954,1.9912726,1.0,5.4968286,0.05577877,0.4351852,1.8914719,0.0,0.0,0.0,1.0,0.0,0,3.9079578,0.0,0.0,3.3122473,3.9703894,10.675757,0.0,1.0739359,6.2372656,2.3386033
3,18,19.0,10.0,1.0,0.0,0.0,0.0,0.0,1.0,-6.8954185e-05,0.0,-0.0,0.0,-6.8954185e-05,-0.0,0.42281413,1.0602665,0.34546158,2.2879577,0.055477425,1.0791845,1.0,4.639583,-2.939811,0.46296296,2.4637613,0.0,0.0,0.0,1.0,0.0,0,4.1087956,0.0,0.0,3.7529943,3.9281855,10.139159,0.0,1.3040317,7.766134,2.9567099
0,19,20.0,10.0,1.0,1.0,1.0,1.0,1.0,1.0,5.9999466,1.0,-0.0,5.0,-5.3555e-05,-0.0,0.25977677,1.2566261,0.4768861,3.208749,0.08045575,1.4961625,1.0,5.1072206,-1.2301933,0.46296296,2.2108924,0.0,0.0,0.0,1.0,0.0,0,4.272802,0.0,0.0,4.430971,3.192371,10.870786,0.0,1.3942407,8.342523,2.4833708
1,19,20.0,10.0,1.0,1.0,1.0,1.0,1.0,1.0,5.999945,1.0,-0.0,5.0,-5.502506e-05,-0.0,0.29262602,1.1710579,0.39279503,2.504841,0.048709143,2.249315,1.0,4.7934628,-1.9443221,0.46296296,2.0048344,0.0,0.0,0.0,1.0,0.0,0,3.988045,0.0,0.0,3.850361,3.4085326,10.631037,0.0,1.316583,8.146764,2.3748262
2,19,20.0,10.0,1.0,1.0,1.0,1.0,1.0,1.0,5.999951,1.0,-0.0,5.0,-4.9066588e-05,-0.0,0.36261714,1.0419333,0.3798237,2.3603659,0.104939766,2.0516763,1.0,5.673573,0.13713446,0.4351852,2.086163,0.0,0.0,0.0,1.0,0.0,0,3.8311021,0.0,0.0,3.393651,3.8263168,10.695368,0.0,1.0244904,6.3215203,2.214411
3,19,20.0,10.0,1.0,1.0,1.0,1.0,1.0,1.0,5.9999175,1.0,-0.0,5.0,-8.241951e-05,-0.0,0.22167116,1.1535692,0.363524,2.3467302,0.05996605,1.5676925,1.0,5.159512,-2.9108422,0.46296296,2.8352365,0.0,0.0,0.0,1.0,0.0,0,3.9008129,0.0,0.0,3.6095417,3.4689317,10.054784,0.0,1.3442956,7.8014836,2.6199987
0,20,21.0,10.0,1.0,1.0,2.0,1.0,1.0,1.0,0.9999487,1.0,-0.0,0.0,-5.133907e-05,-0.0,0.31487644,1.5414321,0.5948408,4.131087,0.12207811,1.8156887,1.0,5.372974,-2.46293,0.4722222,2.5021343,0.0,0.0,0.0,1.0,0.0,0,4.363174,0.0,0.0,4.4871154,3.25015,10.161046,0.0,1.3925898,8.138309,2.5349214
1,20,21.0,10.0,1.0,1.0,2.0,1.0,1.0,1.0,0.9999454,1.0,-0.0,0.0,-5.4606193e-05,-0.0,0.3476981,1.4684479,0.4916042,3.316004,0.08216074,2.670896,1.0,5.0937376,-1.5639411,0.4675926,2.257895,0.0,0.0,0.0,1.0,0.0,0,4.0922666,0.0,0.0,4.016145,3.2177699,10.663458,0.0,0.9240348,7.9022565,2.3666623
2,20,21.0,10.0,1.0,1.0,2.0,1.0,1.0,1.0,0.9999405,1.0,-0.0,0.0,-5.9457907e-05,-0.0,0.28071702,1.2713944,0.43729016,2.8277702,0.1179215,2.0876048,1.0,5.9253616,-1.2683961,0.4537037,2.2957945,0.0,0.0,0.0,1.0,0.0,0,3.8472242,0.0,0.0,3.3690426,3.7561758,10.574675,0.0,0.71161747,6.239088,2.094289
3,20,21.0,10.0,1.0,1.0,2.0,1.0,1.0,1.0,0.9999305,1.0,-0.0,0.0,-6.950825e-05,-0.0,0.5464889,1.5750384,0.5128672,3.6349385,0.105495214,2.1423774,1.0,5.05249,-1.7575045,0.47685185,3.4000173,0.0,0.0,0.0,1.0,0.0,0,4.3484874,0.0,0.0,3.8464246,4.0906744,10.247682,0.0,0.97885466,7.3523893,2.9865658
0,21,22.0,10.0,1.0,1.0,3.0,1.0,1.0,1.0,0.9999389,1.0,-0.0,0.0,-6.108305e-05,-0.0,0.24109967,1.7605269,0.66863394,4.6541758,0.1537773,1.9527721,1.0,5.469057,-3.404649,0.47685185,2.6677387,0.0,0.0,0.0,1.0,0.0,0,4.328806,0.0,0.0,4.3353543,3.3496318,10.143945,0.0,0.9578393,7.4706235,2.519497
1,21,22.0,10.0,1.0,1.0,3.0,1.0,1.0,1.0,0.9999403,1.0,-0.0,0.0,-5.974853e-05,-0.0,0.32936966,1.7179883,0.55120856,3.772118,0.122132,3.0673115,1.0,5.2964616,-1.59154,0.47685185,2.4472008,0.0,0.0,0.0,1.0,0.0,0,4.1316056,0.0,0.0,3.9947333,3.3420262,10.569062,0.0,0.89855003,7.852767,2.4326546
2,21,22.0,10.0,1.0,1.0,3.0,1.0,1.0,1.0,0.99994653,1.0,-0.0,0.0,-5.3476186e-05,-0.0,0.40855294,1.6176051,0.5270572,3.5789452,0.13620487,2.1872125,1.0,6.1643696,-0.25244895,0.45833334,2.6201386,0.0,0.0,0.0,1.0,0.0,0,4.0741687,0.0,0.0,3.7245183,3.7861803,10.671477,0.0,0.5578364,6.9771867,2.5297985
3,21,22.0,10.0,1.0,1.0,3.0,1.0,1.0,1.0,0.9998957,1.0,-0.0,0.0,-0.00010432357,-0.0,0.22989064,1.6564181,0.5302773,3.6469789,0.1459511,2.6426117,1.0,5.588371,-4.06324,0.47685185,3.7830815,0.0,0.0,0.0,1.0,0.0,0,3.9858596,0.0,0.0,3.7664127,3.2384386,10.084538,0.0,0.734994,7.351641,2.5554621
0,22,23.0,10.0,1.0,1.0,4.0,1.0,1.0,1.0,0.9957197,1.0,-0.0,0.0,-5.559645e-05,-0.0042246995,0.4045617,2.1103768,0.748184,5.2534814,0.17671545,2.0182126,0.0,5.654785,-1.9414806,0.4861111,3.031265,0.0,0.0,0.0,1.0,0.0,0,4.514806,0.0,0.0,4.711955,3.1600082,10.002407,0.0,0.0,7.311313,2.3795772
1,22,23.0,10.0,1.0,1.0,4.0,1.0,1.0,1.0,0.9999442,1.0,-0.0,0.0,-5.5773606e-05,-0.0,0.43064058,2.0414672,0.640452,4.446159,0.14920421,3.249234,1.0,5.4506803,-0.60462487,0.4814815,2.7444715,0.0,0.0,0.0,1.0,0.0,0,4.3169465,0.0,0.0,3.842548,3.8850677,10.311311,0.0,0.0,7.5592175,2.033699
2,22,23.0,10.0,1.0,1.0,4.0,1.0,1.0,1.0,0.9999354,1.0,-0.0,0.0,-6.461641e-05,-0.0,0.3004197,1.7842267,0.554094,3.8111396,0.1583876,2.330665,1.0,6.520982,-1.3909321,0.46296296,2.7986941,0.0,0.0,0.0,1.0,0.0,0,4.141364,0.0,0.0,3.659647,3.7646158,10.499089,0.0,0.3289046,7.3251534,2.116984
3,22,23.0,10.0,1.0,1.0,4.0,1.0,1.0,1.0,0.99985856,1.0,-0.0,0.0,-7.9359124e-05,-6.2112034e-05,0.64379126,2.1780725,0.6930799,5.0037265,0.18896677,3.1484134,0.0,5.491014,-0.0077132136,0.49074075,4.4972086,0.0,0.0,0.0,1.0,0.0,0,4.4295397,0.0,0.0,3.9379199,4.1732016,10.246195,0.0,0.76903665,7.111742,3.2716556
0,23,24.0,10.0,1.0,1.0,5.0,1.0,1.0,1.0,0.99117506,1.0,-0.0,0.0,-6.0515886e-05,-0.0087644635,0.26273543,2.2547314,0.79547465,5.5258675,0.19986527,2.1332238,0.0,5.7472634,-3.5302975,0.49074075,3.1999404,0.0,0.0,0.0,1.0,0.0,0,4.2568426,0.0,0.0,4.213001,3.2845604,9.884932,0.0,0.38524446,7.455363,1.9930749
1,23,24.0,10.0,1.0,1.0,5.0,1.0,1.0,1.0,0.9999461,1.0,-0.0,0.0,-5.389937e-05,-0.0,0.37126356,2.2383108,0.70045483,4.842954,0.1706394,3.3465517,1.0,5.556966,-1.0656985,0.4861111,2.8912265,0.0,0.0,0.0,1.0,0.0,0,4.421568,0.0,0.0,3.7458537,4.1000357,10.390166,0.0,0.3311393,7.1361628,2.4673312
2,23,24.0,10.0,1.0,1.0,5.0,1.0,1.0,1.0,0.9999445,1.0,-0.0,0.0,-5.549062e-05,-0.0,0.49939156,2.175088,0.6584479,4.583153,0.17866522,2.4508224,1.0,6.5186963,0.8886084,0.47685185,3.1984913,0.0,0.0,0.0,1.0,0.0,0,4.177233,0.0,0.0,3.8407588,3.804504,10.701569,0.0,0.2896384,6.794827,2.7434273
3,23,24.0,10.0,1.0,1.0,5.0,1.0,1.0,1.0,0.99987847,1.0,-0.0,0.0,-0.00012154988,-0.0,0.20407438,2.1219168,0.70714325,4.9565635,0.2305037,3.5091472,1.0,5.7674847,-4.60193,0.49074075,5.026505,0.0,0.0,0.0,1.0,0.0,0,4.0294633,0.0,0.0,3.8380287,2.8703706,10.093943,0.0,0.39543125,7.096938,2.2775831
0,24,25.0,10.0,1.0,1.0,6.0,1.0,1.0,1.0,0.97300255,1.0,-0.0,0.0,-5.76568e-05,-0.026939832,0.43510383,2.3171294,0.93087286,6.6163893,0.21953863,2.2241192,0.0,5.990997,-2.3535554,0.49074075,3.3114939,0.0,0.0,0.0,1.0,0.0,0,4.630805,0.0,0.0,4.2326756,3.921815,10.037228,0.0,0.28875998,7.024973,2.461927
1,24,25.0,10.0,1.0,1.0,6.0,1.0,1.0,1.0,0.9858803,1.0,-0.0,0.0,-5.0308223e-05,-0.014069407,0.42277947,2.2306361,0.83111787,5.844164,0.1906968,3.423101,0.0,5.72139,-1.3480233,0.4861111,2.9823103,0.0,0.0,0.0,1.0,0.0,0,4.159709,0.0,0.0,3.7768073,3.637013,10.324038,0.0,0.20260377,6.852181,2.5389063
2,24,25.0,10.0,1.0,1.0,6.0,1.0,1.0,1.0,0.999926,1.0,-0.0,0.0,-7.404477e-05,-0.0,0.2141986,1.9133998,0.7096111,4.917234,0.20029931,2.651188,1.0,6.621816,-2.6323273,0.47685185,3.7546072,0.0,0.0,0.0,1.0,0.0,0,4.005251,0.0,0.0,3.5240514,3.4224634,10.15896,0.0,0.06468993,7.2033534,2.2470763
3,24,25.0,10.0,1.0,1.0,6.0,1.0,1.0,1.0,0.9743264,1.0,-0.0,0.0,-9.1452835e-05,-0.025582168,0.60212725,2.352967,0.8942869,6.5349298,0.26616022,3.9196913,0.0,5.751116,-0.47109368,0.49537036,5.491562,0.0,0.0,0.0,1.0,0.0,0,4.1843176,0.0,0.0,3.87411,3.780388,10.272673,0.0,0.50613594,6.9900265,3.1074219
0,25,26.0,10.0,1.0,1.0,7.0,1.0,1.0,1.0,0.96277237,1.0,-0.0,0.0,-7.6034674e-05,-0.03715156,0.17491654,2.488023,1.0135638,7.229093,0.24444255,2.1982782,0.0,6.5177937,-5.9834356,0.49074075,3.5488346,0.0,0.0,0.0,1.0,0.0,0,4.347991,0.0,0.0,4.118482,3.2518718,9.881267,0.0,0.0,7.1695457,2.2150216
1,25,26.0,10.0,1.0,1.0,7.0,1.0,1.0,1.0,0.97646546,1.0,-0.0,0.0,-5.367622e-05,-0.02348081,0.37762448,2.504986,0.9099682,6.4088483,0.21414919,3.4118772,0.0,6.0056705,-1.9378504,0.49074075,3.1930745,0.0,0.0,0.0,1.0,0.0,0,4.4194565,0.0,0.0,4.0044775,3.6182935,10.393404,0.0,0.0,7.2277684,2.168843
2,25,26.0,10.0,1.0,1.0,7.0,1.0,1.0,1.0,0.9845948,1.0,-0.0,0.0,-6.231476e-05,-0.015342867,0.5926922,2.4898858,0.83913493,5.920572,0.2123959,2.764503,0.0,6.7155104,0.6990274,0.4861111,4.477551,0.0,0.0,0.0,1.0,0.0,0,4.481684,0.0,0.0,3.9842548,4.103167,10.8659,0.0,0.0,6.978044,2.7198136
3,25,26.0,10.0,1.0,1.0,7.0,1.0,1.0,1.0,0.9814986,1.0,-0.0,0.0,-0.00014500433,-0.018356403,0.15373734,2.2872913,0.86473346,6.1013837,0.30016768,4.050521,0.0,6.071571,-5.480952,0.49537036,6.121189,0.0,0.0,0.0,1.0,0.0,0,4.2358813,0.0,0.0,3.914047,3.0188835,9.985038,0.0,0.0,7.0187273,2.2359903
0,26,27.0,10.0,1.0,1.0,8.0,1.0,1.0,1.0,0.94267416,1.0,-0.0,0.0,-7.536028e-05,-0.057250503,0.4639864,3.0112414,1.1581846,8.43503,0.256997,2.1678011,0.0,6.8833604,-2.8345613,0.5092593,4.2246428,0.0,0.0,0.0,1.0,0.0,0,4.491836,0.0,0.0,4.465303,3.118331,10.391909,0.0,0.0,6.6320047,2.820126
1,26,27.0,10.0,1.0,1.0,8.0,1.0,1.0,1.0,0.96047485,1.0,-0.0,0.0,-4.3320822e-05,-0.039481837,0.48002785,2.8894844,1.0315713,7.36891,0.23201522,3.3481889,0.0,6.3035665,-1.5885774,0.5046296,3.5858884,0.0,0.0,0.0,1.0,0.0,0,4.2367554,0.0,0.0,3.9322348,3.4220815,10.353073,0.0,0.0,6.8209295,2.726153
2,26,27.0,10.0,1.0,1.0,8.0,1.0,1.0,1.0,0.98107684,1.0,-0.0,0.0,-0.00010578476,-0.018817384,0.10967553,2.4172246,0.8734919,6.1290426,0.23542997,2.7898698,0.0,6.8719816,-4.393136,0.4861111,5.0208516,0.0,0.0,0.0,1.0,0.0,0,4.1954775,0.0,0.0,3.647666,3.3298123,10.06537,0.0,0.0,6.9669805,2.4147456
3,26,27.0,10.0,1.0,1.0,8.0,1.0,1.0,1.0,0.9533934,1.0,-0.0,0.0,-0.00011303274,-0.046493582,0.63261724,2.9094317,1.0592465,7.789614,0.32439452,4.3347125,0.0,6.408237,-0.9338753,0.5092593,7.118212,0.0,0.0,0.0,1.0,0.0,0,4.660614,0.0,0.0,4.266357,3.892726,10.472874,0.0,0.0,6.7821136,3.240408
0,27,28.0,10.0,1.0,1.0,9.0,1.0,1.0,1.0,0.9557458,1.0,-0.0,0.0,-0.00011304907,-0.04414109,0.021730177,2.7875438,1.0882478,7.648465,0.27853173,2.0151076,0.0,6.1610293,-7.241288,0.5138889,4.9272323,0.0,0.0,0.0,1.0,0.0,0,4.416084,0.0,0.0,3.9791503,3.3371458,9.559956,0.0,0.0,6.69347,2.3436205
1,27,28.0,10.0,1.0,1.0,9.0,1.0,1.0,1.0,0.96025735,1.0,-0.0,0.0,-4.841009e-05,-0.039694227,0.24523847,2.90286,1.0448152,7.3816533,0.25029358,3.163791,0.0,6.2731986,-3.469769,0.5092593,3.8465023,0.0,0.0,0.0,1.0,0.0,0,4.2070374,0.0,0.0,3.8374548,3.208216,10.039191,0.0,0.0,6.6383023,2.5156147
2,27,28.0,10.0,1.0,1.0,9.0,1.0,1.0,1.0,0.95966697,1.0,-0.0,0.0,-9.707277e-05,-0.040235948,0.58205986,3.0543602,1.0300645,7.4141564,0.24208264,2.812226,0.0,7.1458635,-0.1908876,0.49537036,5.933597,0.0,0.0,0.0,1.0,0.0,0,4.287539,0.0,0.0,4.2044234,3.4384058,10.653158,0.0,0.0,6.493527,3.0624356
3,27,28.0,10.0,1.0,1.0,9.0,1.0,1.0,1.0,0.96654624,1.0,-0.0,0.0,-0.00015750644,-0.03329624,0.055827387,2.5933921,0.9870082,6.9977736,0.3653882,4.356332,0.0,6.457646,-6.8816404,0.5092593,8.047706,0.0,0.0,0.0,1.0,0.0,0,4.173807,0.0,0.0,3.9389517,2.6805148,9.803388,0.0,0.0,6.7447147,2.373841
0,28,29.0,10.0,1.0,1.0,10.0,1.0,1.0,1.0,0.9250128,1.0,-0.0,0.0,-0.00013474002,-0.074852414,0.4796438,3.4496863,1.2741714,9.491144,0.28369263,1.9742979,0.0,7.0903296,-2.9041815,0.5231481,6.0514054,0.0,0.0,0.0,1.0,0.0,0,4.1594796,0.0,0.0,4.2093134,3.1114106,10.247553,0.0,0.0,6.366798,2.9213552
1,28,29.0,10.0,1.0,1.0,10.0,1.0,1.0,1.0,0.9441671,1.0,-0.0,0.0,-6.695822e-05,-0.05576599,0.51498526,3.3542757,1.1499531,8.345959,0.26033983,2.9745474,0.0,6.296751,-1.4580656,0.5185185,4.4930496,0.0,0.0,0.0,1.0,0.0,0,4.1226606,0.0,0.0,3.8108718,3.3478491,10.2729,0.0,0.0,6.342079,2.979414
2,28,29.0,10.0,1.0,1.0,10.0,1.0,1.0,1.0,0.9715828,1.0,-0.0,0.0,-0.00015960055,-0.028257595,0.055691227,2.5768476,0.9475822,6.695455,0.26031256,2.6470513,0.0,6.9259715,-6.381328,0.49537036,6.8806133,0.0,0.0,0.0,1.0,0.0,0,4.1140947,0.0,0.0,3.627404,2.8677099,9.891431,0.0,0.0,6.7688966,2.5070841
3,28,29.0,10.0,1.0,1.0,10.0,1.0,1.0,1.0,0.9331142,1.0,-0.0,0.0,-0.00014170537,-0.06674418,0.5973749,3.2134116,1.1970179,9.00465,0.3872217,4.5617504,0.0,6.7674103,-1.5045106,0.5138889,9.194726,0.0,0.0,0.0,1.0,0.0,0,4.1949067,0.0,0.0,4.005457,3.3742862,10.369711,0.0,0.0,6.5192304,3.6803486
0,29,30.0,10.0,1.0,1.0,11.0,1.0,1.0,1.0,0.9536614,1.0,-0.0,0.0,-0.00018739815,-0.046151232,0.07178709,2.9114249,1.0956285,7.7690735,0.30221388,1.699916,0.0,6.0572186,-8.263574,0.5324074,7.322959,0.0,0.0,0.0,1.0,0.0,0,4.413341,0.0,0.0,4.141312,2.633802,9.346259,0.0,0.0,6.3073335,2.6975265
1,29,30.0,10.0,1.0,1.0,11.0,1.0,1.0,1.0,0.9590379,1.0,-0.0,0.0,-0.000109711094,-0.040852387,0.079772994,3.0249412,1.0470265,7.451143,0.28235492,2.6032195,0.0,5.8027887,-5.325934,0.5185185,5.339534,0.0,0.0,0.0,1.0,0.0,0,4.3533807,0.0,0.0,4.0421762,2.9377801,9.909041,0.0,0.0,6.1312904,3.0237064
2,29,30.0,10.0,1.0,1.0,11.0,1.0,1.0,1.0,0.9485486,1.0,-0.0,0.0,-0.00014320084,-0.051308166,0.5805675,3.3122783,1.1111053,8.078489,0.2659287,2.6664965,0.0,7.009946,0.12961495,0.5,7.9856267,0.0,0.0,0.0,1.0,0.0,0,4.3834143,0.0,0.0,4.0846934,3.3349185,10.612816,0.0,0.0,6.449869,3.202751
3,29,30.0,10.0,1.0,1.0,11.0,1.0,1.0,1.0,0.961115,1.0,-0.0,0.0,-0.00019934046,-0.03868565,0.009609386,2.725704,1.023349,7.3211384,0.4167671,4.4565353,0.0,6.521673,-7.103076,0.5138889,10.448376,0.0,0.0,0.0,1.0,0.0,0,4.4957566,0.0,0.0,4.0823507,2.8626955,9.643576,0.0,0.0,6.619331,2.4322608
0,30,31.0,10.0,1.0,1.0,12.0,1.0,1.0,1.0,0.9200135,1.0,-0.0,0.0,-0.00018622319,-0.0798003,0.422585,3.3963132,1.3102219,9.788017,0.3130665,1.6551237,0.0,7.0737658,-3.4074514,0.5324074,8.382676,0.0,0.0,0.0,1.0,0.0,0,4.608632,0.0,0.0,4.37225,3.7616026,10.331638,0.0,0.0,5.912789,3.965056
1,30,31.0,10.0,1.0,1.0,12.0,1.0,1.0,1.0,0.935846,1.0,-0.0,0.0,-0.0001538971,-0.06400011,0.48908442,3.480839,1.208317,8.840006,0.2841452,2.4581573,0.0,6.103035,-1.2247237,0.5231481,6.240161,0.0,0.0,0.0,1.0,0.0,0,4.40667,0.0,0.0,4.1890597,3.361627,10.372356,0.0,0.0,5.805052,3.6687632
2,30,31.0,10.0,1.0,1.0,12.0,1.0,1.0,1.0,0.97369903,1.0,-0.0,0.0,-0.00019677718,-0.026104193,0.15121159,2.5116148,0.9144073,6.5662513,0.29998958,2.1918597,0.0,7.085376,-7.080939,0.5,9.42604,0.0,0.0,0.0,1.0,0.0,0,3.3392549,0.0,0.0,11.995694,6.9945493,9.457083,0.0,0.0,8.362675,2.7683227
3,30,31.0,10.0,1.0,1.0,12.0,1.0,1.0,1.0,0.9297087,1.0,-0.0,0.0,-0.00015711837,-0.07013415,0.4996825,3.1405778,1.2293423,9.208048,0.4274048,4.581615,0.0,6.852603,-2.2697375,0.5138889,11.409863,0.0,0.0,0.0,1.0,0.0,0,4.977106,0.0,0.0,4.483593,4.064413,10.176381,0.0,0.0,6.3626738,3.7851043
0,31,32.0,10.0,1.0,1.0,13.0,1.0,1.0,1.0,0.9510359,1.0,-0.0,0.0,-0.00018781939,-0.048776243,0.05833637,2.8862052,1.1002074,7.926574,0.33328193,1.394909,0.0,5.803599,-7.572342,0.5324074,9.558697,0.0,0.0,0.0,1.0,0.0,0,4.5718603,0.0,0.0,4.1873713,3.0210042,9.494181,0.0,0.0,6.060009,3.495924
1,31,32.0,10.0,1.0,1.0,13.0,1.0,1.0,1.0,0.9604177,1.0,-0.0,0.0,-0.00019082532,-0.039391465,0.034800917,2.9398794,1.0153782,7.3634872,0.31074148,1.9691374,0.0,5.633255,-6.4484563,0.5277778,7.394836,0.0,0.0,0.0,1.0,0.0,0,4.2940497,0.0,0.0,3.8257203,2.7159748,9.93105,0.0,0.0,6.044456,3.572427
2,31,32.0,10.0,1.0,1.0,13.0,1.0,1.0,1.0,0.95408785,1.0,-0.0,0.0,-0.0001968765,-0.04571528,0.7214993,3.2366078,1.0712609,7.742916,0.3068116,2.1678011,0.0,7.1375675,1.1568265,0.5,10.780704,0.0,0.0,0.0,1.0,0.0,0,4.9558287,0.0,0.0,4.3975997,4.1001296,10.401824,0.0,0.0,5.9534492,3.4504657
3,31,32.0,10.0,1.0,1.0,13.0,1.0,1.0,1.0,0.957659,1.0,-0.0,0.0,-0.000193672,-0.04214733,0.0031445175,2.7155943,1.0445538,7.5288396,0.45120934,4.422324,0.0,6.6323504,-6.5435266,0.5138889,12.485192,0.0,0.0,0.0,1.0,0.0,0,4.571524,0.0,0.0,4.2062345,2.8342924,9.556214,0.0,0.0,6.563405,2.5951123
0,32,33.0,10.0,1.0,1.0,14.0,1.0,1.0,1.0,0.9165046,1.0,-0.0,0.0,-0.00019386581,-0.0833015,0.46428478,3.60249,1.315272,9.998089,0.33800244,1.3937864,0.0,7.0837975,-2.8993888,0.5324074,10.815779,0.0,0.0,0.0,1.0,0.0,0,4.296127,0.0,0.0,4.550272,2.867078,9.952251,0.0,0.0,5.695188,3.8334947
1,32,33.0,10.0,1.0,1.0,14.0,1.0,1.0,1.0,0.9281983,1.0,-0.0,0.0,-0.0002066959,-0.07159502,0.5470488,3.6966405,1.2424368,9.295701,0.32000813,1.9253231,0.0,6.2285976,-0.38011187,0.5277778,8.677683,0.0,0.0,0.0,1.0,0.0,0,4.2116375,0.0,0.0,4.2566366,3.0089438,10.499481,0.0,0.0,5.442323,4.4492545
2,32,33.0,10.0,1.0,1.0,14.0,1.0,1.0,1.0,0.9801436,1.0,-0.0,0.0,-0.0001886678,-0.019667722,0.14430992,2.606274,0.8447165,6.180063,0.3320591,1.7694038,0.0,7.1333885,-6.13851,0.5,12.257268,0.0,0.0,0.0,1.0,0.0,0,5.2517686,0.0,0.0,8.915045,7.386954,7.527291,0.0,0.0,7.3247333,3.5334644
3,32,33.0,10.0,1.0,1.0,14.0,1.0,1.0,1.0,0.92591256,1.0,-0.0,0.0,-0.0001720707,-0.073915355,0.5561739,3.3327737,1.247043,9.43492,0.46469146,4.50615,0.0,7.0105896,-1.7553773,0.5138889,13.663822,0.0,0.0,0.0,1.0,0.0,0,4.247405,0.0,0.0,4.1629233,3.0236583,9.330901,0.0,0.0,5.840787,3.8931968
0,33,34.0,10.0,1.0,1.0,15.0,1.0,1.0,1.0,0.95016116,1.0,-0.0,0.0,-0.00018924425,-0.04964957,0.14730674,2.8879745,1.0977411,7.9789734,0.35460675,1.1507862,0.0,5.937358,-8.685786,0.5324074,12.131705,0.0,0.0,0.0,1.0,0.0,0,4.1057353,0.0,0.0,4.9402685,3.1264262,8.816704,0.0,0.0,5.7767644,4.534238
1,33,34.0,10.0,1.0,1.0,15.0,1.0,1.0,1.0,0.9569868,1.0,-0.0,0.0,-0.00018973945,-0.042823464,0.13104919,2.931572,1.0270587,7.5694075,0.3444218,1.5636932,0.0,5.4953666,-7.397431,0.537037,10.060698,0.0,0.0,0.0,1.0,0.0,0,4.4319444,0.0,0.0,3.8815973,2.964094,9.878696,0.0,0.0,5.5124884,4.330197
2,33,34.0,10.0,1.0,1.0,15.0,1.0,1.0,1.0,0.9461746,1.0,-0.0,0.0,-0.00021135318,-0.05361401,0.5080693,3.1201808,1.0938511,8.21684,0.3371136,1.7551913,0.0,7.588221,-2.0362651,0.5092593,13.673311,0.0,0.0,0.0,1.0,0.0,0,4.1037765,0.0,0.0,3.8494172,3.165345,9.876955,0.0,0.0,5.5061574,3.8188913
3,33,34.0,10.0,1.0,1.0,15.0,1.0,1.0,1.0,0.9558278,1.0,-0.0,0.0,-0.00018655916,-0.04398568,0.10887645,2.7152634,1.0507712,7.63914,0.48412126,4.360104,0.0,6.639266,-7.1891184,0.5138889,14.899296,0.0,0.0,0.0,1.0,0.0,0,4.287101,0.0,0.0,4.094249,2.5291889,9.556976,0.0,0.0,6.367648,2.9164424
0,34,35.0,10.0,1.0,1.0,16.0,1.0,1.0,1.0,0.94296443,1.0,-0.0,0.0,-0.00016637426,-0.05686921,0.5691446,3.3954844,1.1274397,8.412152,0.37178698,1.1466982,0.0,6.393318,-0.82494223,0.5324074,13.387004,0.0,0.0,0.0,1.0,0.0,0,4.6100235,0.0,0.0,4.5800242,3.686705,9.941807,0.0,0.0,5.4070086,4.8186426
1,34,35.0,10.0,1.0,1.0,16.0,1.0,1.0,1.0,0.92616767,1.0,-0.0,0.0,-0.00020237129,-0.07362997,0.5463805,3.6698909,1.236719,9.417797,0.3587671,1.5333661,0.0,6.3983765,-1.023598,0.537037,11.347334,0.0,0.0,0.0,1.0,0.0,0,4.2441897,0.0,0.0,4.1834607,3.3941483,10.462786,0.0,0.0,5.239374,4.974769
2,34,35.0,10.0,1.0,1.0,16.0,1.0,1.0,1.0,0.98819524,1.0,-0.0,0.0,-0.00016393764,-0.011640848,0.18011537,2.4812758,0.789567,5.6984506,0.35623083,1.4590832,0.0,7.362659,-6.1087275,0.5092593,15.171264,0.0,0.0,0.0,1.0,0.0,0,6.4878354,0.0,0.0,6.8065352,4.274133,8.359996,0.0,0.0,6.201471,4.106181
3,34,35.0,10.0,1.0,1.0,16.0,1.0,1.0,1.0,0.91982514,1.0,-0.0,0.0,-0.00017453467,-0.080000326,0.54026693,3.3615794,1.2701119,9.800019,0.4964134,4.394443,0.0,7.1670537,-2.0658755,0.5138889,16.158245,0.0,0.0,0.0,1.0,0.0,0,4.7461243,0.0,0.0,4.4593396,3.35421,9.953148,0.0,0.0,6.1381826,4.5655284
0,35,36.0,10.0,1.0,1.0,17.0,1.0,1.0,1.0,0.9708877,1.0,-0.0,0.0,-0.00017836457,-0.02893394,0.10604672,2.8203278,0.92546374,6.736036,0.3855032,1.0172081,0.0,6.0927796,-7.162533,0.5324074,14.655102,0.0,0.0,0.0,1.0,0.0,0,4.7168784,0.0,0.0,4.4918475,3.0221546,9.131091,0.0,0.0,5.445695,4.4492354
1,35,36.0,10.0,1.0,1.0,17.0,1.0,1.0,1.0,0.96008384,1.0,-0.0,0.0,-0.00019539133,-0.039720766,0.137496,2.9682434,0.98891675,7.3832455,0.3727559,1.2929913,0.0,5.543442,-7.3893023,0.537037,12.738174,0.0,0.0,0.0,1.0,0.0,0,4.553946,0.0,0.0,4.109028,2.901478,9.7378845,0.0,0.0,5.170189,4.7143307
2,35,36.0,10.0,1.0,1.0,17.0,1.0,1.0,1.0,0.96681273,1.0,-0.0,0.0,-0.00015056002,-0.03303668,0.41355824,2.9293027,0.9232494,6.9822,0.36006021,1.5963877,0.0,7.2723536,-2.5851214,0.5092593,16.479666,0.0,0.0,0.0,1.0,0.0,0,4.5565286,0.0,0.0,4.5113964,2.8467286,9.844428,0.0,0.0,5.269436,3.9801831
3,35,36.0,10.0,1.0,1.0,17.0,1.0,1.0,1.0,0.9579696,1.0,-0.0,0.0,-0.00018858151,-0.041841794,0.08658301,2.781203,1.0221175,7.510507,0.5091776,4.294979,0.0,6.6585855,-6.1948633,0.5138889,17.482553,0.0,0.0,0.0,1.0,0.0,0,4.7602735,0.0,0.0,4.2277446,3.2061856,9.512494,0.0,0.0,6.172218,3.3234103
0,36,37.0,10.0,1.0,1.0,18.0,1.0,1.0,1.0,0.9242416,1.0,-0.0,0.0,-0.00017430412,-0.075584136,0.41920507,3.5589643,1.2250179,9.535048,0.3928035,1.0377754,0.0,7.7056603,-3.767996,0.5324074,15.970341,0.0,0.0,0.0,1.0,0.0,0,4.5222344,0.0,0.0,4.5972404,3.2820277,9.845347,0.0,0.0,5.1847696,4.886362
1,36,37.0,10.0,1.0,1.0,18.0,1.0,1.0,1.0,0.93402773,1.0,-0.0,0.0,-0.00020574666,-0.06576651,0.5576756,3.6420908,1.1634598,8.94599,0.38789922,1.3068398,0.0,6.18694,-0.5915426,0.537037,14.062837,0.0,0.0,0.0,1.0,0.0,0,4.391581,0.0,0.0,4.133675,3.721572,10.3653555,0.0,0.0,4.9347425,5.2217917
2,36,37.0,10.0,1.0,1.0,18.0,1.0,1.0,1.0,0.9998725,1.0,-0.0,0.0,-0.00012747986,-0.0,0.07860381,2.3740048,0.53299713,4.4178967,0.37105218,1.5435413,1.0,6.7439823,-3.5936255,0.5092593,17.697598,0.0,0.0,0.0,1.0,0.0,0,7.004845,0.0,0.0,5.3488073,3.9582891,8.613146,0.0,0.0,5.9972444,4.528901
3,36,37.0,10.0,1.0,1.0,18.0,1.0,1.0,1.0,0.92074734,1.0,-0.0,0.0,-0.00017185001,-0.07908084,0.52788556,3.3827245,1.2490683,9.74485,0.51963466,4.313712,0.0,7.27675,-2.1285367,0.5138889,18.793646,0.0,0.0,0.0,1.0,0.0,0,4.4813113,0.0,0.0,4.3181167,3.4711993,9.96382,0.0,0.0,5.928133,4.8990498
0,37,38.0,10.0,1.0,1.0,19.0,1.0,1.0,1.0,0.9580546,1.0,-0.0,0.0,-0.00018705727,-0.04175834,0.14599022,2.9084039,1.0095979,7.5055,0.40565822,0.83929545,0.0,6.6602054,-8.752348,0.5324074,17.268831,0.0,0.0,0.0,1.0,0.0,0,4.835041,0.0,0.0,4.659376,2.7226174,8.923925,0.0,0.0,5.159336,4.807063
1,37,38.0,10.0,1.0,1.0,19.0,1.0,1.0,1.0,0.96911335,1.0,-0.0,0.0,-0.00019925772,-0.030687414,0.11756346,2.9307277,0.9062605,6.841244,0.39556915,1.1301979,0.0,5.5337825,-6.903272,0.537037,15.459697,0.0,0.0,0.0,1.0,0.0,0,4.5414834,0.0,0.0,4.1089263,2.6950202,9.771081,0.0,0.0,5.113271,5.2758837
2,37,38.0,10.0,1.0,1.0,19.0,1.0,1.0,1.0,0.989265,1.0,-0.0,0.0,-0.00012573524,-0.010609283,0.5961292,2.993162,0.7521243,5.6365566,0.37629926,1.5566697,0.0,6.7899494,0.59624857,0.5092593,18.876465,0.0,0.0,0.0,1.0,0.0,0,4.8378696,0.0,0.0,4.5786476,3.01887,9.6052885,0.0,0.0,4.978045,3.9863923
3,37,38.0,10.0,1.0,1.0,19.0,1.0,1.0,1.0,0.9604264,1.0,-0.0,0.0,-0.00018567489,-0.039387923,0.08816607,2.7610059,0.99237674,7.3632746,0.5316248,4.1991267,0.0,6.756157,-5.9855103,0.5138889,20.110294,0.0,0.0,0.0,1.0,0.0,0,4.768287,0.0,0.0,4.0963736,3.2698061,9.505392,0.0,0.0,5.9790635,3.7239265
0,38,39.0,10.0,1.0,1.0,20.0,1.0,1.0,1.0,0.9513593,1.0,-0.0,0.0,-0.00019097593,-0.048449732,0.5560756,3.3978593,1.0424271,7.9069834,0.41612363,0.87042505,0.0,6.264316,-0.72938764,0.5324074,18.473372,0.0,0.0,0.0,1.0,0.0,0,4.803394,0.0,0.0,4.64618,3.5812936,9.71293,0.0,0.0,4.7479935,5.212149
1,38,39.0,10.0,1.0,1.0,20.0,1.0,1.0,1.0,0.9360955,1.0,-0.0,0.0,-0.00019869192,-0.06370587,0.42910948,3.574741,1.1216099,8.822351,0.4058876,1.1823207,0.0,6.0114775,-1.6835742,0.537037,16.781399,0.0,0.0,0.0,1.0,0.0,0,4.3066235,0.0,0.0,3.9979234,3.2235372,10.297128,0.0,0.0,4.795657,5.7031026
2,38,39.0,10.0,1.0,1.0,20.0,1.0,1.0,1.0,0.9998535,1.0,-0.0,0.0,-0.00014647852,-0.0,0.1087822,2.4142334,0.55123204,4.6422176,0.38216746,1.4633683,1.0,6.716591,-5.0117636,0.5138889,19.927206,0.0,0.0,0.0,1.0,0.0,0,4.8764157,0.0,0.0,4.3092504,2.9673955,9.05506,0.0,0.0,5.162273,4.1813507
3,38,39.0,10.0,1.0,1.0,20.0,1.0,1.0,1.0,0.9262512,1.0,-0.0,0.0,-0.00017705924,-0.07357171,0.46408772,3.3252795,1.1941905,9.414302,0.53944844,4.1929703,0.0,6.879142,-2.1751142,0.5138889,21.395748,0.0,0.0,0.0,1.0,0.0,0,4.551796,0.0,0.0,4.1734433,3.5920804,9.946272,0.0,0.0,5.662165,5.3442254
0,39,40.0,10.0,1.0,1.0,21.0,1.0,1.0,1.0,0.982035,1.0,-0.0,0.0,-0.00016417692,-0.017800895,0.120778754,2.73839,0.81157863,6.0680532,0.42218542,0.7813413,0.0,5.8601646,-2.1450174,0.5324074,20.102543,0.0,0.0,0.0,1.0,0.0,0,4.810727,0.0,0.0,4.1876197,3.2847886,8.824385,0.0,0.0,4.7687726,5.266094
1,39,40.0,10.0,1.0,1.0,21.0,1.0,1.0,1.0,0.96674377,1.0,-0.0,0.0,-0.00018590626,-0.033070326,0.056887046,2.8844352,0.9091182,6.984219,0.41459262,1.0355103,0.0,5.5613017,-3.060596,0.537037,18.45784,0.0,0.0,0.0,1.0,0.0,0,4.477129,0.0,0.0,4.4531293,2.755646,9.561942,0.0,0.0,4.7813635,5.57193
2,39,40.0,10.0,1.0,1.0,21.0,1.0,1.0,1.0,0.9922077,1.0,-0.0,0.0,-0.0001588839,-0.0076334123,0.886764,2.8053677,0.68718314,5.4580045,0.3926086,1.4956392,0.0,6.8385634,4.374369,0.5138889,20.76254,0.0,0.0,0.0,1.0,0.0,0,4.8559384,0.0,0.0,4.767723,3.6462164,9.619924,0.0,0.0,4.6996837,4.587086
3,39,40.0,10.0,1.0,1.0,21.0,1.0,1.0,1.0,0.9600401,1.0,-0.0,0.0,-0.00017376634,-0.03978615,0.10083895,2.7237659,0.97172207,7.3871684,0.55089605,4.027651,0.0,6.4917173,-2.4772463,0.5138889,23.02166,0.0,0.0,0.0,1.0,0.0,0,4.7086205,0.0,0.0,4.2312713,3.4069922,9.345637,0.0,0.0,5.475852,3.8407643
0,40,41.0,10.0,1.0,1.0,22.0,1.0,1.0,1.0,0.9417159,1.0,-0.0,0.0,-0.00018482092,-0.058099296,0.59681606,3.4400008,1.057785,8.485957,0.42911297,0.8030769,0.0,6.964269,-1.2794379,0.5324074,21.658718,0.0,0.0,0.0,1.0,0.0,0,4.3908215,0.0,0.0,4.4562955,3.019541,9.860383,0.0,0.0,4.493881,5.671249
1,40,41.0,10.0,1.0,1.0,22.0,1.0,1.0,1.0,0.93585366,1.0,-0.0,0.0,-0.00018315513,-0.06396317,0.56971014,3.548197,1.0988965,8.83779,0.4248191,1.0835273,0.0,6.1138825,-0.47645345,0.537037,19.902525,0.0,0.0,0.0,1.0,0.0,0,4.497428,0.0,0.0,4.441092,3.6440382,10.162779,0.0,0.0,4.556852,6.0087814
2,40,41.0,10.0,1.0,1.0,22.0,1.0,1.0,1.0,0.99982816,1.0,-0.0,0.0,-0.00017186893,-0.0,0.06040111,2.3622723,0.43219876,4.665936,0.39909267,1.3904129,1.0,7.173511,-1.7417576,0.5138889,21.83329,0.0,0.0,0.0,1.0,0.0,0,5.2063007,0.0,0.0,4.8807163,3.0171566,8.862447,0.0,0.0,4.762425,4.5441146
3,40,41.0,10.0,1.0,1.0,22.0,1.0,1.0,1.0,0.92605984,1.0,-0.0,0.0,-0.00016605188,-0.07377411,0.5855613,3.3282745,1.1774524,9.426446,0.5591666,4.020258,0.0,6.8657846,-0.7825401,0.5138889,24.458792,0.0,0.0,0.0,1.0,0.0,0,4.7306833,0.0,0.0,4.2863617,3.3278337,9.540385,0.0,0.0,5.183592,5.345005
0,41,42.0,10.0,1.0,1.0,23.0,1.0,1.0,1.0,0.9770802,1.0,-0.0,0.0,-0.0001705575,-0.022749247,0.007931888,2.7861931,0.8261498,6.3649545,0.43563354,0.8011254,0.0,6.1180816,-4.765747,0.5324074,22.984543,0.0,0.0,0.0,1.0,0.0,0,5.485353,0.0,0.0,4.8636155,3.1042943,9.11579,0.0,0.0,4.5671577,6.075093
1,41,42.0,10.0,1.0,1.0,23.0,1.0,1.0,1.0,0.967862,1.0,-0.0,0.0,-0.0001699197,-0.031968076,0.0155562535,2.9083996,0.8771496,6.918084,0.43414062,0.9739692,0.0,5.4103727,-4.3646793,0.537037,21.183784,0.0,0.0,0.0,1.0,0.0,0,4.7591224,0.0,0.0,4.227392,3.1735473,9.4645815,0.0,0.0,4.4900203,6.0333195
2,41,42.0,10.0,1.0,1.0,23.0,1.0,1.0,1.0,0.97876984,1.0,-0.0,0.0,-0.00016544978,-0.021064715,0.7366799,3.0119908,0.75282913,6.2638826,0.40362003,1.4750884,0.0,6.869498,2.02538,0.5138889,23.144407,0.0,0.0,0.0,1.0,0.0,0,4.799739,0.0,0.0,5.05634,3.206653,9.628485,0.0,0.0,4.5303373,4.9439025
3,41,42.0,10.0,1.0,1.0,23.0,1.0,1.0,1.0,0.9605789,1.0,-0.0,0.0,-0.00015738567,-0.039263755,0.032176077,2.752196,0.95047987,7.355825,0.5732857,3.7725332,0.0,6.4917173,-3.7372167,0.5138889,25.671247,0.0,0.0,0.0,1.0,0.0,0,5.4058905,0.0,0.0,4.286132,3.4288719,9.630105,0.0,0.0,5.5173974,5.1950946
0,42,43.0,10.0,1.0,1.0,24.0,1.0,1.0,1.0,0.9515756,1.0,-0.0,0.0,-0.00019284365,-0.04823161,0.5546503,3.362653,0.9679334,7.893896,0.4472837,0.87132376,0.0,6.4557333,-1.316552,0.5324074,24.288574,0.0,0.0,0.0,1.0,0.0,0,4.615765,0.0,0.0,4.33008,3.3598807,9.862055,0.0,0.0,4.44229,6.4146886
1,42,43.0,10.0,1.0,1.0,24.0,1.0,1.0,1.0,0.94174445,1.0,-0.0,0.0,-0.00019933458,-0.05805621,0.55059123,3.5192475,1.0350655,8.483372,0.44698063,0.98356533,0.0,5.9179473,-0.5904399,0.537037,22.5178,0.0,0.0,0.0,1.0,0.0,0,4.4278407,0.0,0.0,4.057785,3.5609932,9.986475,0.0,0.0,4.2857122,6.5137663
2,42,43.0,10.0,1.0,1.0,24.0,1.0,1.0,1.0,0.9976894,1.0,-0.0,0.0,-0.0001672923,-0.0021432848,0.023115054,2.3421848,0.5109935,5.128597,0.40841135,1.3387911,0.0,7.0096655,-2.8267243,0.5138889,24.41346,0.0,0.0,0.0,1.0,0.0,0,5.107496,0.0,0.0,4.6691947,3.0384374,8.828516,0.0,0.0,4.480884,4.791856
3,42,43.0,10.0,1.0,1.0,24.0,1.0,1.0,1.0,0.9315634,1.0,-0.0,0.0,-0.00018459752,-0.06825204,0.5584024,3.3119485,1.111473,9.095122,0.5860876,3.7498472,0.0,6.5850215,-0.9786589,0.5138889,26.974615,0.0,0.0,0.0,1.0,0.0,0,4.814189,0.0,0.0,4.2204742,3.566998,9.707177,0.0,0.0,5.0751963,6.109145
0,43,44.0,10.0,1.0,1.0,25.0,1.0,1.0,1.0,0.98822844,1.0,-0.0,0.0,-0.00016277921,-0.011608781,0.06670933,2.7016823,0.72178274,5.6965265,0.45634377,1.0133535,0.0,5.8430476,-3.815499,0.5324074,25.564306,0.0,0.0,0.0,1.0,0.0,0,4.826275,0.0,0.0,4.6556935,2.7968302,8.639552,0.0,0.0,4.4314504,6.3006363
1,43,44.0,10.0,1.0,1.0,25.0,1.0,1.0,1.0,0.9698583,1.0,-0.0,0.0,-0.00018160771,-0.029960098,0.031656027,2.894807,0.84418786,6.7976055,0.45674345,1.0009192,0.0,5.5798774,-4.7991657,0.537037,23.818565,0.0,0.0,0.0,1.0,0.0,0,5.0177975,0.0,0.0,4.8262134,3.1686702,9.55781,0.0,0.0,4.506719,7.271658
2,43,44.0,10.0,1.0,1.0,25.0,1.0,1.0,1.0,0.9659194,1.0,-0.0,0.0,-0.00018158706,-0.03389904,0.6256912,3.0157084,0.827478,7.0339417,0.41144812,1.3960308,0.0,7.2440796,-0.20094681,0.5138889,25.72748,0.0,0.0,0.0,1.0,0.0,0,4.9837313,0.0,0.0,4.902566,3.5356984,9.290517,0.0,0.0,4.258678,5.349357
3,43,44.0,10.0,1.0,1.0,25.0,1.0,1.0,1.0,0.9624886,1.0,-0.0,0.0,-0.00016862444,-0.037342805,0.07612873,2.7283435,0.9049629,7.2405677,0.5977388,3.5313842,0.0,6.3754134,-3.5730424,0.5138889,28.236034,0.0,0.0,0.0,1.0,0.0,0,5.1564536,0.0,0.0,4.940939,3.1018608,9.556351,0.0,0.0,5.269124,5.7740993
0,44,45.0,10.0,1.0,1.0,26.0,1.0,1.0,1.0,0.9594772,1.0,-0.0,0.0,-0.00017773754,-0.040345058,0.7943876,3.2664013,0.8845584,7.420703,0.46621966,1.071177,0.0,6.265004,1.1941278,0.5324074,26.640686,0.0,0.0,0.0,1.0,0.0,0,4.763888,0.0,0.0,4.5785127,1.8808742,10.0724945,0.0,0.0,4.082437,6.5376434
1,44,45.0,10.0,1.0,1.0,26.0,1.0,1.0,1.0,0.9435964,1.0,-0.0,0.0,-0.0001971237,-0.05620645,0.7816613,3.425934,0.9949843,8.372387,0.46981812,1.0806341,0.0,6.0952244,1.2286938,0.537037,24.883968,0.0,0.0,0.0,1.0,0.0,0,4.6953845,0.0,0.0,4.545071,3.5017974,9.874835,0.0,0.0,4.0210586,6.992893
2,44,45.0,10.0,1.0,1.0,26.0,1.0,1.0,1.0,0.9990077,1.0,-0.0,0.0,-0.00016181466,-0.00083048694,0.16696267,2.3061767,0.52010125,5.049829,0.42707276,1.2284238,0.0,6.9262834,0.09877421,0.5138889,27.253004,0.0,0.0,0.0,1.0,0.0,0,5.369322,0.0,0.0,5.022062,3.1187055,8.793995,0.0,0.0,4.2542353,5.6999702
3,44,45.0,10.0,1.0,1.0,26.0,1.0,1.0,1.0,0.93217295,1.0,-0.0,0.0,-0.00017921903,-0.067647815,0.7926196,3.2374566,1.0679754,9.058868,0.6087857,3.520728,0.0,6.500079,1.2063487,0.5138889,29.282427,0.0,0.0,0.0,1.0,0.0,0,4.3994083,0.0,0.0,4.188736,0.28343624,9.641571,0.0,0.0,4.7559633,6.4730268
0,45,46.0,10.0,1.0,1.0,27.0,1.0,1.0,1.0,0.998138,1.0,-0.0,0.0,-0.00015490534,-0.0017070777,0.11827182,2.708253,0.6224351,5.102424,0.47178996,1.2710122,0.0,5.4656878,-2.6412773,0.5324074,27.683231,0.0,0.0,0.0,1.0,0.0,0,5.728668,0.0,0.0,2.7734811,0.0,8.4027605,0.0,0.0,3.9021912,6.2373815
1,45,46.0,10.0,1.0,1.0,27.0,1.0,1.0,1.0,0.9789764,1.0,-0.0,0.0,-0.00016948991,-0.020854061,0.09573009,2.8971367,0.7572683,6.251243,0.48131248,1.2123904,0.0,5.372536,-3.3980598,0.537037,25.959217,0.0,0.0,0.0,1.0,0.0,0,4.8562474,0.0,0.0,4.2942767,3.1972694,9.333557,0.0,0.0,4.0506697,7.2439575
2,45,46.0,10.0,1.0,1.0,27.0,1.0,1.0,1.0,0.9747756,1.0,-0.0,0.0,-0.00016269869,-0.02506165,0.7569138,3.0268192,0.74230593,6.5036983,0.44347128,1.2586358,0.0,6.924046,1.8722489,0.5138889,28.713394,0.0,0.0,0.0,1.0,0.0,0,5.1757884,0.0,0.0,5.067909,3.7026067,9.384946,0.0,0.0,4.163431,6.011463
3,45,46.0,10.0,1.0,1.0,27.0,1.0,1.0,1.0,0.96963644,1.0,-0.0,0.0,-0.00016175763,-0.03020178,0.11857934,2.7389016,0.7898581,6.812106,0.61785245,3.344446,0.0,5.50139,-2.3083835,0.5138889,30.325123,0.0,0.0,0.0,1.0,0.0,0,5.588161,0.0,0.0,2.7811499,3.97775,9.310438,0.0,0.0,4.7445273,6.3177886
0,46,47.0,10.0,1.0,1.0,28.0,1.0,1.0,1.0,0.98222095,1.0,-0.0,0.0,-0.00018271014,-0.01759636,0.7493127,3.2476883,0.7218275,6.0557814,0.47869006,1.2373118,0.0,5.5740447,1.8649809,0.5324074,28.84956,0.0,0.0,0.0,1.0,0.0,0,4.873368,0.0,0.0,4.6909323,2.9321256,9.607982,0.0,0.0,3.7579422,6.5410857
1,46,47.0,10.0,1.0,1.0,28.0,1.0,1.0,1.0,0.94863385,1.0,-0.0,0.0,-0.00020507051,-0.051161032,0.7444136,3.5103664,0.9324843,8.069661,0.4923136,1.2309698,0.0,5.9797306,1.0136478,0.537037,27.194723,0.0,0.0,0.0,1.0,0.0,0,4.4579024,0.0,0.0,4.3817353,3.1533887,9.724924,0.0,0.0,3.5069551,6.487057
2,46,47.0,10.0,1.0,1.0,28.0,1.0,1.0,1.0,0.99964327,1.0,-0.0,0.0,-0.0001538943,-0.00020282104,0.12861732,2.3329167,0.46018666,5.012169,0.45481342,1.2561458,0.0,6.840342,-0.41873938,0.5138889,30.078638,0.0,0.0,0.0,1.0,0.0,0,5.2370176,0.0,0.0,5.057057,2.8939977,8.481223,0.0,0.0,4.1898723,6.238688
3,46,47.0,10.0,1.0,1.0,28.0,1.0,1.0,1.0,0.9474342,1.0,-0.0,0.0,-0.00017271683,-0.052393056,0.82273597,3.3364263,0.9241695,8.143583,0.6270885,3.2954025,0.0,5.4733915,2.842715,0.5138889,31.52212,0.0,0.0,0.0,1.0,0.0,0,4.85465,0.0,0.0,4.742656,2.9171388,9.527098,0.0,0.0,4.210309,6.9466085
0,47,48.0,10.0,1.0,1.0,29.0,1.0,1.0,1.0,0.9998289,1.0,-0.0,0.0,-0.00017113541,-0.0,0.18720292,2.6735675,0.51514924,4.408139,0.48746812,1.3785408,1.0,5.32086,-1.3065217,0.5324074,30.056126,0.0,0.0,0.0,1.0,0.0,0,5.2278657,0.0,0.0,4.7871194,2.893532,9.067552,0.0,0.0,4.057803,6.032303
1,47,48.0,10.0,1.0,1.0,29.0,1.0,1.0,1.0,0.9816227,1.0,-0.0,0.0,-0.0001707021,-0.018206567,0.10517854,2.9230165,0.7218612,6.0923934,0.50492954,1.3682827,0.0,5.4638233,-3.2978356,0.537037,28.423456,0.0,0.0,0.0,1.0,0.0,0,4.8940306,0.0,0.0,4.4233246,2.8901253,9.281524,0.0,0.0,3.7645125,6.930168
2,47,48.0,10.0,1.0,1.0,29.0,1.0,1.0,1.0,0.9699694,1.0,-0.0,0.0,-0.0001857805,-0.029844832,0.6909963,3.0783453,0.7596911,6.7906895,0.4616443,1.2869235,0.0,6.9801645,0.5823849,0.5138889,31.53885,0.0,0.0,0.0,1.0,0.0,0,5.1094913,0.0,0.0,5.2323623,3.48263,9.061455,0.0,0.0,3.7624927,6.532613
3,47,48.0,10.0,1.0,1.0,29.0,1.0,1.0,1.0,0.96838355,1.0,-0.0,0.0,-0.00017974734,-0.03143667,0.15257317,2.8161223,0.78240466,6.8862,0.6359486,3.1948135,0.0,5.7622833,-2.5205286,0.5138889,32.638554,0.0,0.0,0.0,1.0,0.0,0,4.980566,0.0,0.0,4.4892797,3.0574303,9.024824,0.0,0.0,4.1572423,6.328043
0,48,49.0,10.0,1.0,1.0,30.0,1.0,1.0,1.0,0.97858953,1.0,-0.0,0.0,-0.00016255214,-0.021247901,0.76942706,3.299321,0.7319962,6.2748737,0.49105528,1.312219,0.0,5.8462,1.811197,0.5324074,31.242218,0.0,0.0,0.0,1.0,0.0,0,4.8796034,0.0,0.0,5.194453,2.7562115,9.596892,0.0,0.0,3.726137,6.570331
1,48,49.0,10.0,1.0,1.0,30.0,1.0,1.0,1.0,0.9534185,1.0,-0.0,0.0,-0.0001835077,-0.046398014,0.7554498,3.5148592,0.8786125,7.78388,0.51288265,1.3020397,0.0,5.9279084,1.4368566,0.537037,29.670181,0.0,0.0,0.0,1.0,0.0,0,4.9946737,0.0,0.0,4.58644,3.4780548,9.743785,0.0,0.0,3.4792545,6.8858047
2,48,49.0,10.0,1.0,1.0,30.0,1.0,1.0,1.0,0.99983317,1.0,-0.0,0.0,-0.00016683855,-0.0,0.16692393,2.3543684,0.47473088,4.7658763,0.46564564,1.3440427,1.0,6.8280005,-1.1157877,0.5138889,32.918213,0.0,0.0,0.0,1.0,0.0,0,5.5327883,0.0,0.0,5.2243485,3.0941372,8.2309885,0.0,0.0,3.8130114,6.5248704
3,48,49.0,10.0,1.0,1.0,30.0,1.0,1.0,1.0,0.92980003,1.0,-0.0,0.0,-0.000179268,-0.07002065,0.74608326,3.4702134,1.0134716,9.201239,0.6417736,3.183277,0.0,6.418845,0.6975392,0.5138889,33.88285,0.0,0.0,0.0,1.0,0.0,0,5.5125947,0.0,0.0,4.7280564,3.0955923,9.516299,0.0,0.0,3.9282937,7.2245064
0,49,50.0,10.0,1.0,1.0,31.0,1.0,1.0,1.0,0.99984455,1.0,-0.0,0.0,-0.00015543787,-0.0,0.22104494,2.706815,0.5348038,4.710855,0.49678868,1.4374657,1.0,5.276446,-0.97355616,0.5324074,32.474113,0.0,0.0,0.0,1.0,0.0,0,5.192116,0.0,0.0,4.6480346,2.9110625,8.499077,0.0,0.0,3.7580945,5.8449388
1,49,50.0,10.0,1.0,1.0,31.0,1.0,1.0,1.0,0.99045396,1.0,-0.0,0.0,-0.00016023978,-0.009385825,0.24206303,2.9040172,0.64558595,5.563149,0.52327317,1.4199346,0.0,5.245795,-1.0905293,0.537037,30.997034,0.0,0.0,0.0,1.0,0.0,0,5.0178814,0.0,0.0,4.4923887,3.232557,9.141098,0.0,0.0,3.5575566,7.12083
2,49,50.0,10.0,1.0,1.0,31.0,1.0,1.0,1.0,0.9778478,1.0,-0.0,0.0,-0.0001685245,-0.021983689,0.8456606,2.971461,0.68707967,6.3190207,0.47963876,1.3648462,0.0,6.874093,2.7130852,0.5138889,34.09881,0.0,0.0,0.0,1.0,0.0,0,5.2833624,0.0,0.0,5.11498,3.7739313,9.1328535,0.0,0.0,3.5790668,7.062812
3,49,50.0,10.0,1.0,1.0,31.0,1.0,1.0,1.0,0.96329886,1.0,-0.0,0.0,-0.00018684466,-0.036514275,0.17000474,2.8532336,0.7984767,7.190856,0.6496713,3.0293064,0.0,5.8849306,-2.420297,0.5138889,35.24585,0.0,0.0,0.0,1.0,0.0,0,4.808447,0.0,0.0,4.5976768,2.4514534,8.823356,0.0,0.0,4.196607,6.988102
0,50,51.0,10.0,1.0,1.0,32.0,1.0,1.0,1.0,0.9750829,1.0,-0.0,0.0,-0.00018504959,-0.024732029,0.6533679,3.355719,0.72732687,6.483921,0.50175005,1.3311694,0.0,5.711961,0.6662253,0.5324074,33.869873,0.0,0.0,0.0,1.0,0.0,0,5.044353,0.0,0.0,4.818718,2.770425,9.536316,0.0,0.0,3.6211987,6.5419083
1,50,51.0,10.0,1.0,1.0,32.0,1.0,1.0,1.0,0.9613095,1.0,-0.0,0.0,-0.00018688173,-0.038503654,0.68989956,3.5035744,0.81018794,7.310219,0.5301805,1.3486934,0.0,5.8045444,1.1799363,0.537037,32.37696,0.0,0.0,0.0,1.0,0.0,0,4.458729,0.0,0.0,4.4523506,3.4030476,9.615243,0.0,0.0,3.3081331,6.834097
2,50,51.0,10.0,1.0,1.0,32.0,1.0,1.0,1.0,0.9998527,1.0,-0.0,0.0,-0.00014730007,-0.0,0.04797429,2.305543,0.39636135,4.4784403,0.486256,1.499298,1.0,6.6483874,-1.8474376,0.5138889,35.247505,0.0,0.0,0.0,1.0,0.0,0,5.344014,0.0,0.0,4.9705615,2.8207748,8.374099,0.0,0.0,3.7933962,7.084016
3,50,51.0,10.0,1.0,1.0,32.0,1.0,1.0,1.0,0.93363726,1.0,-0.0,0.0,-0.00020700185,-0.06615573,0.6741196,3.428315,0.9592998,8.969343,0.6622086,2.9882007,0.0,6.1480966,-0.00041443855,0.5138889,36.637726,0.0,0.0,0.0,1.0,0.0,0,5.069723,0.0,0.0,4.795249,3.1186588,9.0661955,0.0,0.0,3.69517,7.7900796
0,51,52.0,10.0,1.0,1.0,33.0,1.0,1.0,1.0,0.9998375,1.0,-0.0,0.0,-0.00016246752,-0.0,0.16722679,2.7096794,0.5264477,4.6995406,0.5066998,1.4320102,1.0,5.3823023,-1.8935101,0.5324074,35.16451,0.0,0.0,0.0,1.0,0.0,0,5.350503,0.0,0.0,4.921915,3.2885509,8.459214,0.0,0.0,3.7665455,5.936476
1,51,52.0,10.0,1.0,1.0,33.0,1.0,1.0,1.0,0.98974156,1.0,-0.0,0.0,-0.00016457128,-0.010093888,0.14932919,2.901386,0.6361875,5.605633,0.5401904,1.499298,0.0,5.573903,-2.663793,0.537037,33.632416,0.0,0.0,0.0,1.0,0.0,0,4.8321905,0.0,0.0,4.41412,2.6985033,8.834619,0.0,0.0,3.366672,6.8236275
2,51,52.0,10.0,1.0,1.0,33.0,1.0,1.0,1.0,0.97408515,1.0,-0.0,0.0,-0.00018497136,-0.02572987,0.68529063,3.0403874,0.69592917,6.543792,0.49473667,1.4982536,0.0,6.9189444,0.12507103,0.5138889,36.633682,0.0,0.0,0.0,1.0,0.0,0,5.0737214,0.0,0.0,4.879528,3.7925744,9.042692,0.0,0.0,3.4832346,7.378699
3,51,52.0,10.0,1.0,1.0,33.0,1.0,1.0,1.0,0.96918637,1.0,-0.0,0.0,-0.00016059144,-0.03065307,0.21465495,2.8239152,0.7396473,6.839184,0.67074376,2.9015472,0.0,5.8430476,-1.9416186,0.5138889,37.964214,0.0,0.0,0.0,1.0,0.0,0,5.3718286,0.0,0.0,5.1537447,2.8460953,8.603073,0.0,0.0,3.8333225,7.4445033
0,52,53.0,10.0,1.0,1.0,34.0,1.0,1.0,1.0,0.9773492,1.0,-0.0,0.0,-0.00016845777,-0.022482336,0.76457113,3.3409066,0.69752437,6.34894,0.5105697,1.3370361,0.0,5.648716,1.9899728,0.5324074,36.362854,0.0,0.0,0.0,1.0,0.0,0,5.660156,0.0,0.0,5.0967994,3.1352892,9.548845,0.0,0.0,3.6281807,6.360206
1,52,53.0,10.0,1.0,1.0,34.0,1.0,1.0,1.0,0.9607966,1.0,-0.0,0.0,-0.0001705574,-0.03903285,0.72052515,3.4862049,0.7817325,7.3419704,0.5460297,1.4088671,0.0,6.0207963,1.3247095,0.537037,34.87184,0.0,0.0,0.0,1.0,0.0,0,5.1910357,0.0,0.0,4.7851543,3.424462,9.642858,0.0,0.0,2.9706326,6.6536727
2,52,53.0,10.0,1.0,1.0,34.0,1.0,1.0,1.0,0.9998391,1.0,-0.0,0.0,-0.00016089437,-0.0,0.1827348,2.3364208,0.41559818,4.307901,0.4993239,1.6360983,1.0,6.5925813,-1.1163735,0.5138889,38.014297,0.0,0.0,0.0,1.0,0.0,0,5.7371135,0.0,0.0,5.428999,2.8312902,8.173134,0.0,0.0,3.403652,7.5280256
3,52,53.0,10.0,1.0,1.0,34.0,1.0,1.0,1.0,0.94316244,1.0,-0.0,0.0,-0.00016403118,-0.05667351,0.78947544,3.3944666,0.8970678,8.40041,0.67555743,2.9515643,0.0,6.0910735,1.3955059,0.5138889,39.148964,0.0,0.0,0.0,1.0,0.0,0,5.6532335,0.0,0.0,5.3834915,3.702073,9.117344,0.0,0.0,3.3473687,7.0981874
0,53,54.0,10.0,1.0,1.0,35.0,1.0,1.0,1.0,0.99984866,1.0,-0.0,0.0,-0.00015134015,-0.0,0.15712175,2.6940455,0.48924828,4.5033693,0.515114,1.441815,1.0,5.1390786,-1.3382174,0.5324074,37.56852,0.0,0.0,0.0,1.0,0.0,0,5.3624763,0.0,0.0,4.8500266,3.4086688,8.6991825,0.0,0.0,3.8165894,5.9143047
1,53,54.0,10.0,1.0,1.0,35.0,1.0,1.0,1.0,0.9998515,1.0,-0.0,0.0,-0.00014848089,-0.0,0.11554621,2.875916,0.5529665,4.9955835,0.5538954,1.5210661,1.0,5.248072,-2.2905953,0.537037,36.11169,0.0,0.0,0.0,1.0,0.0,0,4.741387,0.0,0.0,4.2513494,2.698341,9.0255,0.0,0.0,2.993165,7.6119723
2,53,54.0,10.0,1.0,1.0,35.0,1.0,1.0,1.0,0.98859453,1.0,-0.0,0.0,-0.0001570378,-0.011248425,0.7820681,2.9316132,0.58517563,5.674905,0.5052389,1.6032372,0.0,6.596685,2.1227999,0.5138889,39.21098,0.0,0.0,0.0,1.0,0.0,0,5.5024934,0.0,0.0,5.544371,3.7099261,9.183346,0.0,0.0,3.7347765,7.7836094
3,53,54.0,10.0,1.0,1.0,35.0,1.0,1.0,1.0,0.972885,1.0,-0.0,0.0,-0.00015546149,-0.026959553,0.12362264,2.8397055,0.70386434,6.617573,0.6824582,2.9539502,0.0,5.765174,-2.6669958,0.5138889,40.29711,0.0,0.0,0.0,1.0,0.0,0,5.2515545,0.0,0.0,4.9601526,2.9128184,8.458642,0.0,0.0,3.4997478,6.2331767
0,54,55.0,10.0,1.0,1.0,36.0,1.0,1.0,1.0,0.97084814,1.0,-0.0,0.0,-0.00018306063,-0.02896881,0.7300906,3.3989017,0.70019567,6.738128,0.5191819,1.3527496,0.0,5.964862,1.1834121,0.5324074,38.937492,0.0,0.0,0.0,1.0,0.0,0,4.9407263,0.0,0.0,4.858946,2.9543073,9.894511,0.0,0.0,4.063419,6.479849
1,54,55.0,10.0,1.0,1.0,36.0,1.0,1.0,1.0,0.96857893,1.0,-0.0,0.0,-0.00016274145,-0.03125836,0.73362774,3.4743469,0.7037558,6.875501,0.557214,1.426534,0.0,5.8986044,1.883842,0.537037,37.41491,0.0,0.0,0.0,1.0,0.0,0,4.883106,0.0,0.0,4.536713,3.7082548,9.679464,0.0,0.0,3.073979,7.1466775
2,54,55.0,10.0,1.0,1.0,36.0,1.0,1.0,1.0,0.99985594,1.0,-0.0,0.0,-0.00014403879,-0.0,0.14677438,2.2991965,0.36105412,3.9942756,0.5116304,1.7711723,1.0,6.554935,-1.1656228,0.5138889,40.37147,0.0,0.0,0.0,1.0,0.0,0,5.601806,0.0,0.0,5.300825,3.0578992,8.369073,0.0,0.0,3.747339,7.413678
3,54,55.0,10.0,1.0,1.0,36.0,1.0,1.0,1.0,0.9317542,1.0,-0.0,0.0,-0.00018917545,-0.06805664,0.6737411,3.4707792,0.9199691,9.083398,0.6836935,2.9745474,0.0,6.704375,-0.5204845,0.5138889,41.686188,0.0,0.0,0.0,1.0,0.0,0,5.2799664,0.0,0.0,5.1248193,3.60854,9.1074095,0.0,0.0,3.710386,6.5190463
0,55,56.0,10.0,1.0,1.0,37.0,1.0,1.0,1.0,0.9998423,1.0,-0.0,0.0,-0.00015771626,-0.0,0.06012954,2.7204518,0.51100665,4.7368755,0.5213079,1.4336491,1.0,4.9859767,-3.0890768,0.5324074,40.224564,0.0,0.0,0.0,1.0,0.0,0,5.2825646,0.0,0.0,4.716776,3.1146376,9.032388,0.0,0.0,4.097255,6.3225718
1,55,56.0,10.0,1.0,1.0,37.0,1.0,1.0,1.0,0.9998484,1.0,-0.0,0.0,-0.00015156243,-0.0,0.016560033,2.8160412,0.47604424,4.3383236,0.5601542,1.5303004,1.0,5.043409,-2.9688468,0.537037,38.671566,0.0,0.0,0.0,1.0,0.0,0,4.6497097,0.0,0.0,4.393319,2.269463,8.909739,0.0,0.0,3.1341276,7.2013364
2,55,56.0,10.0,1.0,1.0,37.0,1.0,1.0,1.0,0.9895912,1.0,-0.0,0.0,-0.0001776765,-0.010231139,0.64766073,2.9688733,0.5691328,5.6138678,0.5182625,1.6911452,0.0,6.527414,0.35273936,0.5138889,41.76059,0.0,0.0,0.0,1.0,0.0,0,4.998319,0.0,0.0,5.205674,2.8305867,9.078805,0.0,0.0,3.561983,7.553455
3,55,56.0,10.0,1.0,1.0,37.0,1.0,1.0,1.0,0.97404325,1.0,-0.0,0.0,-0.00016307455,-0.025793668,0.064433925,2.8254123,0.67390454,6.54762,0.6894963,3.0166183,0.0,5.919007,-3.8607473,0.5185185,43.015923,0.0,0.0,0.0,1.0,0.0,0,5.5015683,0.0,0.0,5.3138824,2.8547342,8.368212,0.0,0.0,3.4016738,6.315102
0,56,57.0,10.0,1.0,1.0,38.0,1.0,1.0,1.0,0.96693873,1.0,-0.0,0.0,-0.00016861255,-0.032892648,0.6871026,3.3812628,0.7071042,6.9735584,0.52638346,1.3463701,0.0,6.194794,0.43677446,0.5324074,41.48218,0.0,0.0,0.0,1.0,0.0,0,5.2212114,0.0,0.0,5.111681,3.044569,10.074556,0.0,0.0,0.61444986,7.311472
1,56,57.0,10.0,1.0,1.0,38.0,1.0,1.0,1.0,0.9652702,1.0,-0.0,0.0,-0.00016455835,-0.034565195,0.64167976,3.441131,0.691123,7.073911,0.56276524,1.4633683,0.0,6.242181,0.6343564,0.537037,39.986877,0.0,0.0,0.0,1.0,0.0,0,4.747623,0.0,0.0,4.570762,3.4427965,9.64437,0.0,0.0,3.187688,7.07516
2,56,57.0,10.0,1.0,1.0,38.0,1.0,1.0,1.0,0.9998464,1.0,-0.0,0.0,-0.00015359743,-0.0,0.19104257,2.3325682,0.3919571,3.8690352,0.5261017,1.778229,1.0,6.612333,-1.7903242,0.5138889,43.0655,0.0,0.0,0.0,1.0,0.0,0,5.9813704,0.0,0.0,5.3515806,3.5679777,8.229329,0.0,0.0,3.616973,7.344185
3,56,57.0,10.0,1.0,1.0,38.0,1.0,1.0,1.0,0.94450337,1.0,-0.0,0.0,-0.00016310495,-0.055333555,0.70714986,3.3722534,0.8268143,8.320013,0.6909719,3.043228,0.0,6.472144,0.18846336,0.5185185,44.221188,0.0,0.0,0.0,1.0,0.0,0,5.436667,0.0,0.0,5.44863,3.728809,9.195808,0.0,0.0,2.5586936,6.537609
0,57,58.0,10.0,1.0,1.0,39.0,1.0,1.0,1.0,0.99983495,1.0,-0.0,0.0,-0.00016507204,-0.0,0.10537151,2.7743597,0.49588895,4.553333,0.53137296,1.3728513,1.0,5.069911,-2.3577595,0.5324074,42.806824,0.0,0.0,0.0,1.0,0.0,0,5.4583178,0.0,0.0,5.073598,2.8871443,9.3552885,0.0,0.0,0.0,6.766943
1,57,58.0,10.0,1.0,1.0,39.0,1.0,1.0,1.0,0.999847,1.0,-0.0,0.0,-0.00015299638,-0.0,0.035458244,2.8771014,0.47230887,4.384098,0.5661906,1.5825998,1.0,5.228434,-3.1603434,0.537037,41.28944,0.0,0.0,0.0,1.0,0.0,0,4.8974433,0.0,0.0,4.915582,1.9847339,8.949034,0.0,0.0,3.2384243,7.5520515
2,57,58.0,10.0,1.0,1.0,39.0,1.0,1.0,1.0,0.9998527,1.0,-0.0,0.0,-0.00014728823,-0.0,0.79830027,2.8917074,0.49625114,4.9290023,0.5298315,1.6758022,1.0,6.488485,2.3354144,0.5138889,44.173542,0.0,0.0,0.0,1.0,0.0,0,5.5355964,0.0,0.0,5.6188145,3.3114703,9.337716,0.0,0.0,4.017356,7.6894774
3,57,58.0,10.0,1.0,1.0,39.0,1.0,1.0,1.0,0.9849945,1.0,-0.0,0.0,-0.00014654103,-0.014858942,0.09423774,2.8619661,0.5948781,5.891536,0.6979251,3.0680768,0.0,5.742726,-2.5443537,0.5185185,45.46805,0.0,0.0,0.0,1.0,0.0,0,5.803293,0.0,0.0,5.433174,2.9156055,8.597896,0.0,0.0,2.092053,6.4298134
0,58,59.0,10.0,1.0,1.0,40.0,1.0,1.0,1.0,0.98212045,1.0,-0.0,0.0,-0.00014535841,-0.017734187,0.6521922,3.2907975,0.6200755,6.0640507,0.53167534,1.4877687,0.0,5.5227575,1.0804217,0.5324074,44.114857,0.0,0.0,0.0,1.0,0.0,0,5.044869,0.0,0.0,5.157952,3.0327153,10.373316,0.0,0.0,0.0,6.913799
1,58,59.0,10.0,1.0,1.0,40.0,1.0,1.0,1.0,0.9723841,1.0,-0.0,0.0,-0.00016046298,-0.02745546,0.5823605,3.4281235,0.6453025,6.647327,0.5684305,1.5231229,0.0,5.790379,0.6989408,0.537037,42.614452,0.0,0.0,0.0,1.0,0.0,0,4.703628,0.0,0.0,4.4722505,3.46963,9.778496,0.0,0.0,3.408749,7.281979
2,58,59.0,10.0,1.0,1.0,40.0,1.0,1.0,1.0,0.99986047,1.0,-0.0,0.0,-0.00013951084,-0.0,0.10111928,2.25324,0.3495335,3.5064692,0.5331405,1.759645,1.0,6.517102,-1.9063195,0.5138889,45.262505,0.0,0.0,0.0,1.0,0.0,0,5.415097,0.0,0.0,5.0390563,2.9246333,8.501202,0.0,0.0,4.098161,7.058267
3,58,59.0,10.0,1.0,1.0,40.0,1.0,1.0,1.0,0.95081556,1.0,-0.0,0.0,-0.00016629804,-0.049018133,0.6397348,3.390936,0.77097106,7.9410872,0.69877857,3.0815692,0.0,6.083892,0.12520514,0.5185185,46.831093,0.0,0.0,0.0,1.0,0.0,0,5.524533,0.0,0.0,5.831215,3.4436243,9.289304,0.0,0.0,2.4695306,7.0712795
0,59,60.0,10.0,1.0,1.0,41.0,1.0,1.0,1.0,0.99984545,1.0,-0.0,0.0,-0.0001545478,-0.0,0.123276,2.7296638,0.4754466,4.20453,0.5338093,1.4819704,1.0,5.118028,-1.9613355,0.5324074,45.37839,0.0,0.0,0.0,1.0,0.0,0,5.411022,0.0,0.0,4.8784337,3.2932203,9.596574,0.0,0.0,0.0,6.8983903
1,59,60.0,10.0,1.0,1.0,41.0,1.0,1.0,1.0,0.9998511,1.0,-0.0,0.0,-0.00014889543,-0.0,0.03781356,2.8931367,0.45490125,4.1191306,0.56769085,1.6003052,1.0,4.9948106,-3.0072126,0.537037,43.885906,0.0,0.0,0.0,1.0,0.0,0,4.8245153,0.0,0.0,4.5415015,2.3348687,9.0019655,0.0,0.0,3.316794,7.4671535
2,59,60.0,10.0,1.0,1.0,41.0,1.0,1.0,1.0,0.99051714,1.0,-0.0,0.0,-0.00016980973,-0.009313077,0.69246554,2.9889631,0.56037253,5.558784,0.53723,1.6465895,0.0,6.8076906,0.33275875,0.5138889,46.600864,0.0,0.0,0.0,1.0,0.0,0,5.1421895,0.0,0.0,5.157272,3.2571373,9.391341,0.0,0.0,3.6990528,7.6550875
3,59,60.0,10.0,1.0,1.0,41.0,1.0,1.0,1.0,0.98508626,1.0,-0.0,0.0,-0.00014346676,-0.014770298,0.09099357,2.9079368,0.57782024,5.8862176,0.7027837,3.0762303,0.0,5.753978,-3.139616,0.5185185,48.11762,0.0,0.0,0.0,1.0,0.0,0,5.6912727,0.0,0.0,5.921258,2.287502,8.652926,0.0,0.0,2.4270825,5.927243
0,60,61.0,10.0,1.0,1.0,42.0,1.0,1.0,1.0,0.98231083,1.0,-0.0,0.0,-0.00013810715,-0.017551089,0.72907954,3.4975,0.60996646,6.053065,0.529023,1.6085985,0.0,5.8157787,1.8849475,0.537037,47.088245,0.0,0.0,0.0,1.0,0.0,0,5.442831,0.0,0.0,5.0597057,3.4532843,10.97755,0.0,0.0,0.0,8.155852
1,60,61.0,10.0,1.0,1.0,42.0,1.0,1.0,1.0,0.9799795,1.0,-0.0,0.0,-0.00015233073,-0.019868152,0.71136284,3.651644,0.59749186,6.1920886,0.5699561,1.5374442,0.0,5.3357177,2.927292,0.5416667,45.586338,0.0,0.0,0.0,1.0,0.0,0,4.919026,0.0,0.0,4.765434,3.1936414,9.947673,0.0,0.0,3.4881637,7.4249916
2,60,61.0,10.0,1.0,1.0,42.0,1.0,1.0,1.0,0.99984705,1.0,-0.0,0.0,-0.00015296874,-0.0,0.25280192,2.444793,0.39089328,3.3460839,0.5392316,1.7008367,1.0,6.53678,-3.3601522,0.5138889,47.498302,0.0,0.0,0.0,1.0,0.0,0,5.800094,0.0,0.0,5.3892345,2.8685203,8.70301,0.0,0.0,3.3409133,7.441493
3,60,61.0,10.0,1.0,1.0,42.0,1.0,1.0,1.0,0.951988,1.0,-0.0,0.0,-0.00016132623,-0.047850683,0.73295385,3.585397,0.739652,7.8710403,0.7034665,3.0970256,0.0,6.151316,0.9133983,0.5231481,49.791824,0.0,0.0,0.0,1.0,0.0,0,5.7303486,0.0,0.0,5.460416,4.022988,9.664787,0.0,0.0,2.710246,6.7582407
0,61,62.0,10.0,1.0,1.0,43.0,1.0,1.0,1.0,0.99984,1.0,-0.0,0.0,-0.00015995363,-0.0,0.026030093,2.570434,0.49017537,4.2578163,0.51677305,1.662673,1.0,5.105686,-4.884556,0.537037,48.584763,0.0,0.0,0.0,1.0,0.0,0,5.1391873,0.0,0.0,4.766347,2.8006387,9.686429,0.0,0.0,0.0,7.2738905
1,61,62.0,10.0,1.0,1.0,43.0,1.0,1.0,1.0,0.9998418,1.0,-0.0,0.0,-0.00015819487,-0.0,0.0855973,2.7537696,0.43428954,3.5974886,0.5700798,1.6729974,1.0,4.449902,-2.6352088,0.5416667,47.115253,0.0,0.0,0.0,1.0,0.0,0,4.659529,0.0,0.0,4.6966014,0.0,8.971868,0.0,0.0,3.2200348,7.751031
2,61,62.0,10.0,1.0,1.0,43.0,1.0,1.0,1.0,0.9998656,1.0,-0.0,0.0,-0.00013439821,-0.0,0.7720914,2.864217,0.44900966,4.260206,0.545789,1.538462,1.0,6.1760306,2.178574,0.5138889,48.39462,0.0,0.0,0.0,1.0,0.0,0,5.489861,0.0,0.0,5.3184175,3.517932,9.655495,0.0,0.0,0.27468133,7.104119
3,61,62.0,10.0,1.0,1.0,43.0,1.0,1.0,1.0,0.9923337,1.0,-0.0,0.0,-0.00014528933,-0.007520963,0.038704835,2.7261202,0.53692514,5.451257,0.70634013,3.0690973,0.0,5.5107503,-4.631021,0.5231481,51.288544,0.0,0.0,0.0,1.0,0.0,0,5.705489,0.0,0.0,5.348582,2.4140375,8.709293,0.0,0.0,2.5422363,6.0594106
0,62,63.0,10.0,1.0,1.0,44.0,1.0,1.0,1.0,0.9727176,1.0,-0.0,0.0,-0.00015727522,-0.027125107,0.64174384,3.349543,0.6368942,6.627506,0.5126442,1.6622021,0.0,6.454731,-0.23770425,0.5416667,49.97057,0.0,0.0,0.0,1.0,0.0,0,5.0524325,0.0,0.0,5.1208787,2.9401577,11.089647,0.0,0.0,0.0,8.15251
1,62,63.0,10.0,1.0,1.0,44.0,1.0,1.0,1.0,0.9998595,1.0,-0.0,0.0,-0.00014050097,-0.0,0.7497314,3.358966,0.4896258,4.713181,0.57394415,1.5097029,1.0,4.8720226,3.6846707,0.5416667,48.39579,0.0,0.0,0.0,1.0,0.0,0,4.5316124,0.0,0.0,4.8006454,2.4060311,9.956625,0.0,0.0,2.0345638,7.9813566
2,62,63.0,10.0,1.0,1.0,44.0,1.0,1.0,1.0,0.99986625,1.0,-0.0,0.0,-0.00013372996,-0.0,0.19861795,2.2595513,0.3893528,2.9910805,0.5487449,1.5676925,1.0,6.5069838,-2.3829303,0.5138889,49.474266,0.0,0.0,0.0,1.0,0.0,0,6.077211,0.0,0.0,5.715107,3.4988484,9.906881,0.0,0.0,0.0,7.3879986
3,62,63.0,10.0,1.0,1.0,44.0,1.0,1.0,1.0,0.95030886,1.0,-0.0,0.0,-0.00017574649,-0.04951534,0.6370891,3.4220326,0.71556705,7.97092,0.7071942,3.0858846,0.0,6.3762746,-0.4551476,0.5277778,52.682186,0.0,0.0,0.0,1.0,0.0,0,5.7168064,0.0,0.0,5.420095,3.3482125,9.602691,0.0,0.0,1.5083065,6.656927
0,63,64.0,10.0,1.0,1.0,45.0,1.0,1.0,1.0,0.99982804,1.0,-0.0,0.0,-0.0001719419,-0.0,0.04366003,2.6036036,0.50232047,4.5124,0.50605494,1.6781359,1.0,5.6013317,-7.0009565,0.5416667,51.265263,0.0,0.0,0.0,1.0,0.0,0,4.939807,0.0,0.0,4.7160926,2.566546,9.812889,0.0,0.0,0.0,7.4768863
1,63,64.0,10.0,1.0,1.0,45.0,1.0,1.0,1.0,0.9998108,1.0,-0.0,0.0,-0.00018918424,-0.0,0.059530884,2.7212024,0.43299788,2.8136172,0.5725825,1.5013847,1.0,4.2926774,-1.903235,0.5416667,49.65491,0.0,0.0,0.0,1.0,0.0,0,5.268135,0.0,0.0,4.7607055,2.2200582,9.083578,0.0,0.0,0.83632934,7.344549
2,63,64.0,10.0,1.0,1.0,45.0,1.0,1.0,1.0,0.99985653,1.0,-0.0,0.0,-0.00014346837,-0.0,0.7108264,2.9474447,0.4853088,4.5378323,0.54398996,1.6100576,1.0,6.208767,2.0691698,0.5138889,50.79168,0.0,0.0,0.0,1.0,0.0,0,5.2813997,0.0,0.0,5.0111203,3.6284437,10.2901945,0.0,0.0,0.0,7.5928254
3,63,64.0,10.0,1.0,1.0,45.0,1.0,1.0,1.0,0.99266964,1.0,-0.0,0.0,-0.00015719411,-0.0071731927,0.0013418496,2.7517178,0.519126,5.4303913,0.70620394,3.0499086,0.0,5.6778555,-5.9070234,0.5277778,54.012234,0.0,0.0,0.0,1.0,0.0,0,5.514297,0.0,0.0,5.115775,2.5258527,8.941591,0.0,0.0,0.59064865,6.352085
0,64,65.0,10.0,1.0,1.0,46.0,1.0,1.0,1.0,0.9644859,1.0,-0.0,0.0,-0.00015267044,-0.0353615,0.55942905,3.3357925,0.6622062,7.1216893,0.501336,1.66126,0.0,6.9220624,-1.70701,0.5416667,52.59321,0.0,0.0,0.0,1.0,0.0,0,5.030622,0.0,0.0,5.0606494,2.935828,11.26295,0.0,0.0,0.0,8.396679
1,64,65.0,10.0,1.0,1.0,46.0,1.0,1.0,1.0,0.9998485,1.0,-0.0,0.0,-0.00015150257,-0.0,0.65592754,3.4216297,0.5034646,4.9693413,0.57622176,1.3175764,1.0,4.8988495,2.6320956,0.5416667,50.98558,0.0,0.0,0.0,1.0,0.0,0,4.9402647,0.0,0.0,4.7393804,3.3127944,9.998845,0.0,0.0,0.0,8.184266
2,64,65.0,10.0,1.0,1.0,46.0,1.0,1.0,1.0,0.9998643,1.0,-0.0,0.0,-0.00013574868,-0.0,0.19989572,2.2430058,0.41843382,2.816676,0.53773296,1.6818631,1.0,6.41689,-2.9330664,0.5138889,52.03921,0.0,0.0,0.0,1.0,0.0,0,5.676357,0.0,0.0,5.4141164,2.840486,9.358091,0.0,0.0,0.0,7.5266404
3,64,65.0,10.0,1.0,1.0,46.0,1.0,1.0,1.0,0.9540727,1.0,-0.0,0.0,-0.00014285339,-0.045784395,0.6049447,3.3440783,0.6890996,7.747063,0.704064,3.0657794,0.0,6.4880915,-1.0728464,0.5324074,55.19867,0.0,0.0,0.0,1.0,0.0,0,5.5259247,0.0,0.0,5.4660892,3.579651,9.830895,0.0,0.0,0.0,7.0117364
0,65,66.0,10.0,1.0,1.0,47.0,1.0,1.0,1.0,0.99984246,1.0,-0.0,0.0,-0.00015752156,-0.0,0.113514066,2.5218043,0.4988455,4.4768667,0.49634483,1.6851175,1.0,5.6235056,-7.971017,0.5416667,53.84445,0.0,0.0,0.0,1.0,0.0,0,4.572269,0.0,0.0,4.3785505,2.3352015,9.839136,0.0,0.0,0.0,7.569984
1,65,66.0,10.0,1.0,1.0,47.0,1.0,1.0,1.0,0.99984163,1.0,-0.0,0.0,-0.00015838901,-0.0,0.016426668,2.6904945,0.4366499,2.939606,0.57022995,1.3550621,1.0,4.3092985,-3.5335162,0.5416667,52.259655,0.0,0.0,0.0,1.0,0.0,0,4.917251,0.0,0.0,4.510405,3.0450735,9.177047,0.0,0.0,0.0,8.125924
2,65,66.0,10.0,1.0,1.0,47.0,1.0,1.0,1.0,0.9998846,1.0,-0.0,0.0,-0.000115415896,-0.0,0.70640075,2.8464406,0.44891393,3.8815596,0.5296879,1.7458013,1.0,6.0824103,2.2386582,0.5138889,53.201378,0.0,0.0,0.0,1.0,0.0,0,5.592369,0.0,0.0,5.0246234,3.8114724,10.608792,0.0,0.0,0.0,8.2189665
3,65,66.0,10.0,1.0,1.0,47.0,1.0,1.0,1.0,0.9998547,1.0,-0.0,0.0,-0.00014531787,-0.0,0.08285083,2.6491022,0.4874726,4.941059,0.7033986,2.9902954,1.0,5.276743,-6.4018826,0.5324074,56.3999,0.0,0.0,0.0,1.0,0.0,0,5.598126,0.0,0.0,5.05002,2.6495364,9.376493,0.0,0.0,0.0,7.0940685
0,66,67.0,10.0,1.0,1.0,48.0,1.0,1.0,1.0,0.9661732,1.0,-0.0,0.0,-0.00015627868,-0.03367057,0.54607725,3.3397484,0.6390234,7.0202336,0.4992262,1.6144269,0.0,6.783736,-1.1672163,0.5416667,55.19884,0.0,0.0,0.0,1.0,0.0,0,4.765498,0.0,0.0,4.800769,3.1410098,11.473021,0.0,0.0,0.0,8.680564
1,66,67.0,10.0,1.0,1.0,48.0,1.0,1.0,1.0,0.99812466,1.0,-0.0,0.0,-0.00014779918,-0.0017275398,0.62821096,3.3344734,0.5133752,5.103652,0.5581933,1.3875953,0.0,4.8855553,2.2028909,0.5416667,53.504997,0.0,0.0,0.0,1.0,0.0,0,4.899909,0.0,0.0,5.0281963,3.0227249,10.173448,0.0,0.0,0.0,8.091739
2,66,67.0,10.0,1.0,1.0,48.0,1.0,1.0,1.0,0.9998621,1.0,-0.0,0.0,-0.00013789948,-0.0,0.12239255,2.1493268,0.43196324,2.5463705,0.52985203,1.7341053,1.0,6.3222017,-3.0326703,0.5138889,54.29256,0.0,0.0,0.0,1.0,0.0,0,5.7358537,0.0,0.0,5.3708982,2.8980482,9.561704,0.0,0.0,0.0,7.79661
3,66,67.0,10.0,1.0,1.0,48.0,1.0,1.0,1.0,0.9570279,1.0,-0.0,0.0,-0.00015548881,-0.042816576,0.5612716,3.3064659,0.6462601,7.568994,0.6954033,2.9913423,0.0,6.188715,-1.2760218,0.5324074,57.73643,0.0,0.0,0.0,1.0,0.0,0,5.561801,0.0,0.0,6.0499415,3.536562,10.27235,0.0,0.0,0.0,7.9408917
0,67,68.0,10.0,1.0,1.0,49.0,1.0,1.0,1.0,0.9998428,1.0,-0.0,0.0,-0.00015716962,-0.0,0.045082346,2.4648921,0.4994764,4.2218103,0.48919377,1.6332254,1.0,5.391869,-6.741289,0.5416667,56.447433,0.0,0.0,0.0,1.0,0.0,0,4.6389136,0.0,0.0,4.601693,2.0355408,9.6752,0.0,0.0,0.0,8.030729
1,67,68.0,10.0,1.0,1.0,49.0,1.0,1.0,1.0,0.9998335,1.0,-0.0,0.0,-0.00016647797,-0.0,0.013367273,2.5206976,0.4593192,2.7943554,0.54180515,1.5091844,1.0,4.4466,-3.3339403,0.5416667,54.79573,0.0,0.0,0.0,1.0,0.0,0,5.199381,0.0,0.0,4.748561,3.055358,9.477054,0.0,0.0,0.0,7.876728
2,67,68.0,10.0,1.0,1.0,49.0,1.0,1.0,1.0,0.99986506,1.0,-0.0,0.0,-0.00013492732,-0.0,0.6232616,2.945071,0.46465626,3.8948474,0.52447885,1.7350079,1.0,5.8774652,1.3166033,0.5138889,55.627502,0.0,0.0,0.0,1.0,0.0,0,5.2024736,0.0,0.0,5.1820626,3.3131742,10.533744,0.0,0.0,0.0,8.376087
3,67,68.0,10.0,1.0,1.0,49.0,1.0,1.0,1.0,0.99984795,1.0,-0.0,0.0,-0.00015202533,-0.0,0.02138894,2.5081778,0.46537897,4.579906,0.6890797,2.9629462,1.0,5.3542314,-6.1134343,0.5324074,59.047882,0.0,0.0,0.0,1.0,0.0,0,5.5433774,0.0,0.0,5.1061087,2.9256868,9.526708,0.0,0.0,0.0,7.5982165
0,68,69.0,10.0,1.0,1.0,50.0,1.0,1.0,1.0,0.983016,1.0,-0.0,0.0,-0.00013385023,-0.016850097,0.78103316,3.1638687,0.5767677,6.0110054,0.4959275,1.4729645,0.0,6.218296,1.3641752,0.5416667,57.475506,0.0,0.0,0.0,1.0,0.0,0,4.882264,0.0,0.0,4.989919,3.125697,11.522466,0.0,0.0,0.0,8.62267
1,68,69.0,10.0,1.0,1.0,50.0,1.0,1.0,1.0,0.99987787,1.0,-0.0,0.0,-0.00012211657,-0.0,0.80517644,3.1061113,0.49900696,4.5016303,0.53260803,1.5496144,1.0,4.973269,3.862191,0.5416667,55.77253,0.0,0.0,0.0,1.0,0.0,0,5.1560655,0.0,0.0,5.032526,3.1628377,10.365577,0.0,0.0,0.0,8.173404
2,68,69.0,10.0,1.0,1.0,50.0,1.0,1.0,1.0,0.9998657,1.0,-0.0,0.0,-0.00013427257,-0.0,0.30439234,2.0480955,0.44987375,2.353059,0.5207423,1.6980734,1.0,6.254763,-1.6472107,0.5138889,57.130684,0.0,0.0,0.0,1.0,0.0,0,5.626328,0.0,0.0,5.406113,2.7806008,9.489306,0.0,0.0,0.0,7.600406
3,68,69.0,10.0,1.0,1.0,50.0,1.0,1.0,1.0,0.9716152,1.0,-0.0,0.0,-0.0001291433,-0.028255645,0.7737901,3.044551,0.579534,6.6953382,0.6687737,2.896417,0.0,5.982942,0.7591685,0.5324074,60.023792,0.0,0.0,0.0,1.0,0.0,0,4.990033,0.0,0.0,5.2604537,3.1548355,10.476555,0.0,0.0,0.0,7.841629
0,69,70.0,10.0,1.0,1.0,51.0,1.0,1.0,1.0,0.9998243,1.0,-0.0,0.0,-0.00017571822,-0.0,0.016685575,2.3355403,0.50096923,3.448164,0.48660588,1.5425268,1.0,5.1964817,-5.306512,0.5416667,58.56499,0.0,0.0,0.0,1.0,0.0,0,4.9908032,0.0,0.0,4.8384385,2.4627192,10.658833,0.0,0.0,0.0,8.272224
1,69,70.0,10.0,1.0,1.0,51.0,1.0,1.0,1.0,0.9998245,1.0,-0.0,0.0,-0.00017547884,-0.0,0.07775966,2.406081,0.47712278,2.7156537,0.5241516,1.5914772,1.0,4.6879687,-4.134615,0.5416667,56.791092,0.0,0.0,0.0,1.0,0.0,0,4.6872053,0.0,0.0,4.5030017,1.8905504,9.092743,0.0,0.0,0.0,7.720297
2,69,70.0,10.0,1.0,1.0,51.0,1.0,1.0,1.0,0.9998927,1.0,-0.0,0.0,-0.0001072636,-0.0,0.6584808,2.8092012,0.44033659,3.262697,0.5160709,1.6897559,1.0,5.7896338,2.022299,0.5138889,58.42441,0.0,0.0,0.0,1.0,0.0,0,5.291896,0.0,0.0,5.651435,2.773608,10.774751,0.0,0.0,0.0,8.336774
3,69,70.0,10.0,1.0,1.0,51.0,1.0,1.0,1.0,0.99984103,1.0,-0.0,0.0,-0.00015897726,-0.0,0.062390976,2.3272297,0.4460877,3.8359134,0.6588072,2.840475,1.0,5.2912426,-6.0420537,0.5324074,61.04625,0.0,0.0,0.0,1.0,0.0,0,5.4929514,0.0,0.0,5.0607324,2.7943804,9.761918,0.0,0.0,0.0,7.0440917
0,70,71.0,10.0,1.0,1.0,52.0,1.0,1.0,1.0,0.9931116,1.0,-0.0,0.0,-0.0001463705,-0.0067420155,0.9065449,3.1311898,0.54756373,5.4045205,0.48267666,1.4622982,0.0,5.8877287,3.1772695,0.5416667,59.57261,0.0,0.0,0.0,1.0,0.0,0,4.915938,0.0,0.0,5.0045857,3.2303703,11.324799,0.0,0.0,0.0,8.79926
1,70,71.0,10.0,1.0,1.0,52.0,1.0,1.0,1.0,0.99519897,1.0,-0.0,0.0,-0.00016006663,-0.0046410067,0.8799765,3.102569,0.5394016,5.27846,0.5220893,1.5944253,0.0,5.679926,3.6401896,0.5416667,57.806908,0.0,0.0,0.0,1.0,0.0,0,4.8206563,0.0,0.0,5.149974,3.4477997,10.289872,0.0,0.0,0.0,8.22355
2,70,71.0,10.0,1.0,1.0,52.0,1.0,1.0,1.0,0.9998802,1.0,-0.0,0.0,-0.00011980581,-0.0,0.34109503,1.9796675,0.4687331,2.2545288,0.5231042,1.6365767,1.0,6.1692653,-0.57029724,0.5138889,59.827625,0.0,0.0,0.0,1.0,0.0,0,5.688175,0.0,0.0,5.331514,2.8737838,9.726772,0.0,0.0,0.0,7.935402
3,70,71.0,10.0,1.0,1.0,52.0,1.0,1.0,1.0,0.9745542,1.0,-0.0,0.0,-0.00014762366,-0.025298195,0.84733963,3.027482,0.5556112,6.5178914,0.6312041,2.7562795,0.0,5.987888,1.1746353,0.5324074,62.06983,0.0,0.0,0.0,1.0,0.0,0,5.005605,0.0,0.0,5.319452,3.535746,10.513061,0.0,0.0,0.0,7.5915074
0,71,72.0,10.0,1.0,1.0,53.0,1.0,1.0,1.0,0.9998311,1.0,-0.0,0.0,-0.00016892675,-0.0,0.009382144,2.2560143,0.52593553,3.1702173,0.47557092,1.4617629,1.0,5.3280735,-4.522399,0.5416667,60.746216,0.0,0.0,0.0,1.0,0.0,0,5.097859,0.0,0.0,4.793931,2.7382228,10.1719475,0.0,0.0,0.0,8.250399
1,71,72.0,10.0,1.0,1.0,53.0,1.0,1.0,1.0,0.9998167,1.0,-0.0,0.0,-0.0001833076,-0.0,0.0037832186,2.3125973,0.48909876,2.6351964,0.5111656,1.6551237,1.0,4.983265,-2.2491002,0.5416667,59.035213,0.0,0.0,0.0,1.0,0.0,0,5.1123104,0.0,0.0,4.8551283,2.4819531,9.538837,0.0,0.0,0.0,7.8476896
2,71,72.0,10.0,1.0,1.0,53.0,1.0,1.0,1.0,0.9998844,1.0,-0.0,0.0,-0.00011555753,-0.0,0.55770206,2.90016,0.46559474,3.3996956,0.51986754,1.6051888,1.0,5.718237,1.0064374,0.5138889,61.222233,0.0,0.0,0.0,1.0,0.0,0,5.008828,0.0,0.0,4.7853928,3.2922754,10.088542,0.0,0.0,0.0,8.223238
3,71,72.0,10.0,1.0,1.0,53.0,1.0,1.0,1.0,0.9998395,1.0,-0.0,0.0,-0.00016052311,-0.0,0.048233382,2.2385514,0.45235687,3.5344863,0.6176137,2.7434702,1.0,5.515372,-5.107263,0.5324074,63.223885,0.0,0.0,0.0,1.0,0.0,0,5.448306,0.0,0.0,5.1232657,2.1293218,9.823899,0.0,0.0,0.0,6.8691354
0,72,73.0,10.0,1.0,1.0,54.0,1.0,1.0,1.0,0.9990465,1.0,-0.0,0.0,-0.00013850202,-0.00081499096,0.81986004,2.962191,0.5381131,5.048899,0.46785837,1.4088671,0.0,5.9562454,2.6333156,0.5416667,61.60252,0.0,0.0,0.0,1.0,0.0,0,5.0198126,0.0,0.0,5.061185,3.1580188,11.257754,0.0,0.0,0.0,8.641223
1,72,73.0,10.0,1.0,1.0,54.0,1.0,1.0,1.0,0.99987614,1.0,-0.0,0.0,-0.00012386487,-0.0,0.81908554,2.8678308,0.52273417,4.848286,0.50766295,1.661731,1.0,5.590089,2.7827787,0.5416667,59.829777,0.0,0.0,0.0,1.0,0.0,0,5.0368032,0.0,0.0,5.087195,3.7724092,10.378448,0.0,0.0,0.0,8.289413
2,72,73.0,10.0,1.0,1.0,54.0,1.0,1.0,1.0,0.9998727,1.0,-0.0,0.0,-0.0001273277,-0.0,0.24370365,1.9338465,0.4814095,2.2014804,0.52462447,1.5895087,1.0,6.177522,-0.10538101,0.5138889,62.867672,0.0,0.0,0.0,1.0,0.0,0,5.548653,0.0,0.0,5.353087,2.645359,9.64486,0.0,0.0,0.0,7.844664
3,72,73.0,10.0,1.0,1.0,54.0,1.0,1.0,1.0,0.9777378,1.0,-0.0,0.0,-0.00013407203,-0.022128168,0.75866467,2.8286018,0.5411155,6.3276896,0.5934305,2.685218,0.0,6.04708,-0.66392964,0.5324074,64.04195,0.0,0.0,0.0,1.0,0.0,0,5.3137193,0.0,0.0,5.666412,3.8066463,10.65895,0.0,0.0,0.0,7.319287
0,73,74.0,10.0,1.0,1.0,55.0,1.0,1.0,1.0,0.9998328,1.0,-0.0,0.0,-0.0001671635,-0.0,0.012419373,2.099148,0.5447787,2.8836873,0.4534631,1.5338764,1.0,5.52368,-1.7306311,0.5416667,62.918808,0.0,0.0,0.0,1.0,0.0,0,4.930673,0.0,0.0,4.7758164,2.5340471,10.211236,0.0,0.0,0.0,8.053664
1,73,74.0,10.0,1.0,1.0,55.0,1.0,1.0,1.0,0.9998427,1.0,-0.0,0.0,-0.00015731077,-0.0,0.00034105033,2.1820302,0.51470965,2.4657876,0.5057585,1.7227843,1.0,5.0672054,-1.8662168,0.5416667,61.03707,0.0,0.0,0.0,1.0,0.0,0,5.281774,0.0,0.0,4.7303295,2.6548126,9.1770525,0.0,0.0,0.0,7.9578047
2,73,74.0,10.0,1.0,1.0,55.0,1.0,1.0,1.0,0.99988884,1.0,-0.0,0.0,-0.00011115743,-0.0,0.61961,2.7148292,0.46897292,3.409582,0.53396267,1.370569,1.0,5.8414035,1.3073571,0.5138889,63.98237,0.0,0.0,0.0,1.0,0.0,0,5.194438,0.0,0.0,5.8268943,2.6591222,10.533748,0.0,0.0,0.0,8.653967
3,73,74.0,10.0,1.0,1.0,55.0,1.0,1.0,1.0,0.99983996,1.0,-0.0,0.0,-0.00016004987,-0.0,0.102575496,2.0819335,0.4607824,3.1506505,0.5865662,2.6644409,1.0,5.383686,-3.583285,0.5324074,65.30028,0.0,0.0,0.0,1.0,0.0,0,5.177528,0.0,0.0,5.0585275,1.9171516,9.9088955,0.0,0.0,0.0,6.2686906
0,74,75.0,10.0,1.0,1.0,56.0,1.0,1.0,1.0,0.99986506,1.0,-0.0,0.0,-0.00013492162,-0.0,0.6901935,2.9540708,0.5341289,4.6385055,0.45541722,1.4033005,1.0,5.968312,1.9562076,0.5416667,64.068016,0.0,0.0,0.0,1.0,0.0,0,4.8423,0.0,0.0,4.9720736,3.3027058,11.017288,0.0,0.0,0.0,7.7985296
1,74,75.0,10.0,1.0,1.0,56.0,1.0,1.0,1.0,0.99986285,1.0,-0.0,0.0,-0.00013714792,-0.0,0.7251721,2.960406,0.5317148,4.841014,0.5014448,1.7511733,1.0,5.6379504,2.1391857,0.5416667,62.244236,0.0,0.0,0.0,1.0,0.0,0,5.0214734,0.0,0.0,5.0241027,3.8352442,10.358006,0.0,0.0,0.0,8.655424
2,74,75.0,10.0,1.0,1.0,56.0,1.0,1.0,1.0,0.99988234,1.0,-0.0,0.0,-0.00011767529,-0.0,0.11992715,1.9361384,0.50201184,1.9439338,0.53367686,1.518491,1.0,5.9986486,-0.5517509,0.5138889,65.19271,0.0,0.0,0.0,1.0,0.0,0,5.68304,0.0,0.0,5.172934,2.7879882,9.7584505,0.0,0.0,0.0,7.4739475
3,74,75.0,10.0,1.0,1.0,56.0,1.0,1.0,1.0,0.97929186,1.0,-0.0,0.0,-0.00015098843,-0.020557176,0.6426856,2.8883271,0.53279036,6.23343,0.581686,2.7026517,0.0,5.784249,-1.3192538,0.5324074,66.52774,0.0,0.0,0.0,1.0,0.0,0,5.430903,0.0,0.0,5.185138,4.0416317,10.629295,0.0,0.0,0.0,6.4965796
0,75,76.0,10.0,1.0,1.0,57.0,1.0,1.0,1.0,0.99984,1.0,-0.0,0.0,-0.00015997059,-0.0,0.050063245,1.9709806,0.5772428,2.5432951,0.44169062,1.5097029,1.0,5.714877,-1.3621897,0.5416667,65.53281,0.0,0.0,0.0,1.0,0.0,0,5.0520945,0.0,0.0,4.9290347,2.3707013,10.05905,0.0,0.0,0.0,7.009293
1,75,76.0,10.0,1.0,1.0,57.0,1.0,1.0,1.0,0.99983984,1.0,-0.0,0.0,-0.00016016592,-0.0,0.10830313,2.1392639,0.5268645,2.469594,0.48936298,1.8264341,1.0,5.409069,-0.81704277,0.5416667,63.676174,0.0,0.0,0.0,1.0,0.0,0,5.170064,0.0,0.0,4.873386,2.399306,9.483045,0.0,0.0,0.0,8.184307
2,75,76.0,10.0,1.0,1.0,57.0,1.0,1.0,1.0,0.99988717,1.0,-0.0,0.0,-0.00011284737,-0.0,0.58147836,2.7328095,0.50858605,3.4265294,0.5325826,1.4021846,1.0,5.862238,0.58528036,0.5138889,66.238174,0.0,0.0,0.0,1.0,0.0,0,5.0203857,0.0,0.0,5.2482333,2.9186223,10.562889,0.0,0.0,0.0,7.179882
3,75,76.0,10.0,1.0,1.0,57.0,1.0,1.0,1.0,0.9998484,1.0,-0.0,0.0,-0.00015158225,-0.0,0.07756036,1.9978096,0.48494735,2.9085531,0.5822413,2.754291,1.0,5.3526945,-1.3683214,0.5324074,67.980194,0.0,0.0,0.0,1.0,0.0,0,5.112157,0.0,0.0,5.2559404,1.6270074,9.954193,0.0,0.0,0.0,5.8186235
0,76,77.0,10.0,1.0,1.0,58.0,1.0,1.0,1.0,0.9998873,1.0,-0.0,0.0,-0.00011269224,-0.0,0.6790303,2.8276188,0.53455985,3.9602246,0.4411824,1.441272,1.0,5.9041185,1.8772715,0.5416667,66.61597,0.0,0.0,0.0,1.0,0.0,0,4.992525,0.0,0.0,5.081708,3.30039,10.939802,0.0,0.0,0.0,6.97664
1,76,77.0,10.0,1.0,1.0,58.0,1.0,1.0,1.0,0.99988794,1.0,-0.0,0.0,-0.00011208472,-0.0,0.733985,2.8240967,0.51703376,4.221625,0.4836026,1.8591394,1.0,5.6676283,2.6524868,0.5416667,64.69215,0.0,0.0,0.0,1.0,0.0,0,5.316853,0.0,0.0,5.232291,3.9443774,10.378073,0.0,0.0,0.0,8.6988
2,76,77.0,10.0,1.0,1.0,58.0,1.0,1.0,1.0,0.99989223,1.0,-0.0,0.0,-0.000107786975,-0.0,0.17889701,1.9136552,0.5481714,1.8066133,0.52813506,1.4569359,1.0,6.185768,-0.10983832,0.5138889,67.47473,0.0,0.0,0.0,1.0,0.0,0,5.5151153,0.0,0.0,5.275122,2.6269498,9.737551,0.0,0.0,0.0,6.2602563
3,76,77.0,10.0,1.0,1.0,58.0,1.0,1.0,1.0,0.99989617,1.0,-0.0,0.0,-0.00010384842,-0.0,0.73158777,2.6796687,0.48217815,4.50476,0.5749201,2.8470812,1.0,5.3226647,1.6290284,0.5324074,68.9432,0.0,0.0,0.0,1.0,0.0,0,5.6589856,0.0,0.0,5.609763,3.8737562,10.742551,0.0,0.0,0.0,6.6145916
0,77,78.0,10.0,1.0,1.0,59.0,1.0,1.0,1.0,0.9998524,1.0,-0.0,0.0,-0.00014756838,-0.0,0.09063147,1.99032,0.59008473,2.545141,0.43282536,1.5148785,1.0,5.955324,-0.7848991,0.5416667,67.943634,0.0,0.0,0.0,1.0,0.0,0,5.369933,0.0,0.0,5.291693,2.5908318,9.888138,0.0,0.0,0.0,6.307062
1,77,78.0,10.0,1.0,1.0,59.0,1.0,1.0,1.0,0.9998516,1.0,-0.0,0.0,-0.00014842172,-0.0,0.112386234,2.1410334,0.5364495,2.3870757,0.4855419,1.9118601,1.0,5.4447093,-1.3124896,0.5416667,65.94845,0.0,0.0,0.0,1.0,0.0,0,6.863235,0.0,0.0,4.9805493,3.4495032,8.268822,0.0,0.0,0.0,7.5983663
2,77,78.0,10.0,1.0,1.0,59.0,1.0,1.0,1.0,0.99990654,1.0,-0.0,0.0,-9.3480354e-05,-0.0,0.6784804,2.6966057,0.52352417,3.1414442,0.526162,1.3898499,1.0,6.1174407,1.5165061,0.5138889,68.3526,0.0,0.0,0.0,1.0,0.0,0,5.578597,0.0,0.0,5.6383915,3.3516495,10.8139925,0.43103462,0.0,0.0036798192,6.4147468
3,77,78.0,10.0,1.0,1.0,59.0,1.0,1.0,1.0,20.999857,1.0,-0.0,20.0,-0.00014297395,-0.0,0.10690633,1.9403387,0.5474693,2.0717974,0.5877089,2.861342,1.0,5.716626,-0.6721979,0.5324074,70.186676,1.0,0.0,0.0,1.0,0.0,0,7.475814,0.0,0.0,5.6309514,3.2973173,9.046934,0.0,0.0,0.0,5.5825024
0,78,79.0,10.0,1.0,1.0,60.0,1.0,1.0,1.0,0.99988616,1.0,-0.0,0.0,-0.00011383701,-0.0,0.5903088,2.8371592,0.5393337,3.6966531,0.42473483,1.5551605,1.0,5.805591,1.556322,0.5416667,69.080505,0.0,0.0,0.0,1.0,0.0,0,4.9614296,0.0,0.0,5.2148848,3.071263,11.007814,0.0,0.0,0.0,6.921961
1,78,79.0,10.0,1.0,1.0,60.0,1.0,1.0,1.0,0.99986833,1.0,-0.0,0.0,-0.00013169143,-0.0,0.5900931,2.9352531,0.53883743,4.894892,0.48273644,1.9358642,1.0,5.690475,1.4964762,0.5416667,67.19776,0.0,0.0,0.0,1.0,0.0,0,4.742803,0.0,0.0,4.462562,2.9748766,10.220342,0.0,0.0,0.0,8.952366
2,78,79.0,10.0,1.0,1.0,60.0,1.0,1.0,1.0,0.99988794,1.0,-0.0,0.0,-0.00011202918,-0.0,0.054573268,1.8392967,0.59378195,1.4177281,0.52385086,1.6776693,1.0,6.0499,-1.4081243,0.5138889,69.44348,0.0,0.0,0.0,1.0,0.0,0,6.040209,0.0,0.0,4.5434213,2.5951176,9.4067955,0.91245157,0.0,0.3037911,5.2983546
3,78,79.0,10.0,1.0,1.0,60.0,1.0,1.0,1.0,0.9959204,1.0,-0.0,0.0,-0.00012604335,-0.003953534,0.61452353,2.8116293,0.5225491,5.2372117,0.5869716,3.0259454,0.0,5.7180314,0.335861,0.5324074,71.45748,1.0,0.0,0.0,1.0,0.0,0,4.4966946,0.0,0.0,4.7426853,3.194657,10.468687,0.0,0.0,0.0,6.6699076
0,79,80.0,10.0,1.0,1.0,61.0,1.0,1.0,1.0,20.999859,1.0,-0.0,20.0,-0.00014051977,-0.0,0.12747161,1.9882752,0.5842571,2.5884442,0.42054942,1.6012831,1.0,6.1762843,-0.60302204,0.5416667,70.36452,1.0,0.0,0.0,1.0,0.0,0,5.2633014,0.0,0.0,5.2532916,2.3830805,9.69212,0.0,0.0,0.0,6.330971
1,79,80.0,10.0,1.0,1.0,61.0,1.0,1.0,1.0,0.9998689,1.0,-0.0,0.0,-0.0001310461,-0.0,0.1598034,2.1347332,0.5428107,3.136956,0.4774875,1.9877318,1.0,5.8032274,-1.5836339,0.5416667,68.52982,0.0,0.0,0.0,1.0,0.0,0,4.8552756,0.0,0.0,4.931259,2.0956776,9.394912,0.0,0.0,0.0,8.735216
2,79,80.0,10.0,1.0,1.0,61.0,1.0,1.0,1.0,20.99988,1.0,-0.0,20.0,-0.00012032692,-0.0,0.6398007,2.8419435,0.57808363,3.724291,0.5310984,1.710931,1.0,6.1096163,0.7534446,0.5138889,70.530876,1.0,0.0,0.0,1.0,0.0,0,5.406401,0.0,0.0,5.2708964,3.425715,10.505176,0.29601905,0.0,0.0,5.784105
3,79,80.0,10.0,1.0,1.0,61.0,1.0,1.0,1.0,0.99987566,1.0,-0.0,0.0,-0.00012434876,-0.0,0.21118261,1.9684358,0.5335175,3.574568,0.59016836,3.0355017,1.0,6.000609,-0.83085567,0.5324074,72.83234,1.0,0.0,0.0,1.0,0.0,0,4.563888,0.0,0.0,4.6481524,2.1004753,8.880465,0.0,0.0,0.0,5.9953003
0,80,81.0,10.0,1.0,1.0,62.0,1.0,1.0,1.0,0.9998893,1.0,-0.0,0.0,-0.00011068587,-0.0,0.6483644,2.8328424,0.53795713,4.1663733,0.41466296,1.6437349,1.0,6.2153,3.7142336,0.5416667,71.352554,1.0,0.0,0.0,1.0,0.0,0,5.1002264,0.0,0.0,5.050192,3.297078,11.029866,0.21397819,0.0,0.0,6.7744074
1,80,81.0,10.0,1.0,1.0,62.0,1.0,1.0,1.0,0.999895,1.0,-0.0,0.0,-0.00010501956,-0.0,0.6939024,2.8287709,0.5280119,4.286038,0.4766662,1.9928443,1.0,5.6810994,3.9306953,0.5416667,69.44956,0.0,0.0,0.0,1.0,0.0,0,5.123423,0.0,0.0,5.1651273,3.2695081,10.200749,0.0,0.0,0.0,9.003347
2,80,81.0,10.0,1.0,1.0,62.0,1.0,1.0,1.0,0.99988276,1.0,-0.0,0.0,-0.00011725076,-0.0,0.23763403,1.8528793,0.6388098,1.4331031,0.5299003,1.8139634,1.0,6.2662253,0.09199511,0.5138889,71.84608,1.0,0.0,0.0,1.0,0.0,0,5.5490704,0.0,0.0,5.5528045,2.624387,9.527996,1.3793856,0.0,0.0,5.71186
3,80,81.0,10.0,1.0,1.0,62.0,1.0,1.0,1.0,0.99993706,1.0,-0.0,0.0,-6.2915344e-05,-0.0,0.59108806,2.4349513,0.50605977,4.429046,0.5783264,3.1161757,1.0,5.7262177,2.7747135,0.5324074,73.45951,1.0,0.0,0.0,1.0,0.0,0,5.175219,0.0,0.0,5.217128,3.264072,10.337699,0.0,0.0,0.0,7.0422735
0,81,82.0,10.0,1.0,1.0,63.0,1.0,1.0,1.0,0.99987453,1.0,-0.0,0.0,-0.00012546849,-0.0,0.0039527193,2.0823228,0.5924055,2.4603848,0.41369802,1.7168678,1.0,5.985301,-2.0095744,0.5416667,72.25471,1.0,0.0,0.0,1.0,0.0,0,5.332284,0.0,0.0,5.2106247,2.5227518,9.912351,0.7167341,0.0,0.0,6.2483587
1,81,82.0,10.0,1.0,1.0,63.0,1.0,1.0,1.0,20.99988,1.0,-0.0,20.0,-0.000120848934,-0.0,0.059152022,2.1366334,0.5886345,1.8191339,0.47746626,2.0543451,1.0,5.3299484,-1.9884073,0.5416667,70.29088,1.0,0.0,0.0,1.0,0.0,0,5.1314116,0.0,0.0,4.9155354,2.2309825,9.276594,0.0,0.0,0.0,7.1640925
2,81,82.0,10.0,1.0,1.0,63.0,1.0,1.0,1.0,0.99991226,1.0,-0.0,0.0,-8.771023e-05,-0.0,0.5875975,2.7855232,0.58805424,2.1975658,0.52966934,1.7214208,1.0,5.8900247,2.8547738,0.5138889,72.92784,1.0,0.0,0.0,1.0,0.0,0,5.2323785,0.0,0.0,5.331055,3.1406407,10.580662,0.2945406,0.0,0.21752863,6.1423807
3,81,82.0,10.0,1.0,1.0,63.0,1.0,1.0,1.0,0.99993217,1.0,-0.0,0.0,-6.785851e-05,-0.0,0.1973249,1.9961333,0.5693628,2.044415,0.585639,3.1955485,1.0,5.594119,0.0028256327,0.5324074,73.972534,1.0,0.0,0.0,1.0,0.0,0,5.1070213,0.0,0.0,5.0732737,2.7383778,9.910435,0.0,0.0,0.0,6.7355585
0,82,83.0,10.0,1.0,1.0,64.0,1.0,1.0,1.0,0.9998735,1.0,-0.0,0.0,-0.00012646616,-0.0,0.66835696,2.760325,0.5421844,3.840604,0.41531712,1.676736,1.0,5.7020354,3.9160466,0.5416667,72.9543,1.0,0.0,0.0,1.0,0.0,0,4.981845,0.0,0.0,4.931801,3.326276,10.828627,0.685467,0.0,0.0,6.1590295
1,82,83.0,10.0,1.0,1.0,64.0,1.0,1.0,1.0,0.9998872,1.0,-0.0,0.0,-0.000112783964,-0.0,0.7512134,2.7783413,0.54374284,3.1103926,0.47549298,2.0352054,1.0,4.956419,4.92674,0.5416667,70.994255,1.0,0.0,0.0,1.0,0.0,0,4.949002,0.0,0.0,4.921442,3.2271423,9.880241,0.0,0.0,0.0,7.7519946
2,82,83.0,10.0,1.0,1.0,64.0,1.0,1.0,1.0,0.9998952,1.0,-0.0,0.0,-0.00010477737,-0.0,0.31297207,1.6521255,0.71989995,1.3370361,0.54498774,1.8362643,1.0,6.243908,1.4090677,0.5138889,74.35022,1.0,0.0,0.0,1.0,0.0,0,6.2367845,0.0,0.0,5.0397434,2.883926,8.755267,1.3572694,0.0,0.67628604,5.4410157
3,82,83.0,10.0,1.0,1.0,64.0,1.0,1.0,1.0,0.99995124,1.0,-0.0,0.0,-4.874584e-05,-0.0,0.65963936,2.3270977,0.55143714,2.2507064,0.60192454,3.618967,1.0,5.254043,4.564396,0.5324074,74.2925,1.0,0.0,0.0,1.0,0.0,0,5.384,0.0,0.0,5.404369,3.2457285,10.07212,0.0,0.0,0.0,8.058856
0,83,84.0,10.0,1.0,1.0,65.0,1.0,1.0,1.0,0.99987274,1.0,-0.0,0.0,-0.00012724778,-0.0,0.061725266,2.0796533,0.6011259,2.3232648,0.4143502,1.7773485,1.0,5.925428,-2.0822537,0.5416667,73.80651,1.0,0.0,0.0,1.0,0.0,0,5.259615,0.0,0.0,5.3320117,2.265045,9.906757,1.1764659,0.0,0.0,5.419021
1,83,84.0,10.0,1.0,1.0,65.0,1.0,1.0,1.0,0.999878,1.0,-0.0,0.0,-0.000121983074,-0.0,0.15888363,2.1952736,0.62232226,1.6851175,0.4690039,2.0394316,1.0,5.458728,-0.56402755,0.5416667,71.75039,1.0,0.0,0.0,1.0,0.0,0,5.7081995,0.0,0.0,5.3191075,3.0737278,9.488466,0.3681481,0.0,0.0,7.4179854
2,83,84.0,10.0,1.0,1.0,65.0,1.0,1.0,1.0,0.99994034,1.0,-0.0,0.0,-5.965489e-05,-0.0,0.48890188,2.7995734,0.64500993,1.6607888,0.5297549,1.8417971,1.0,5.77275,2.7555163,0.5138889,75.5932,1.0,0.0,0.0,1.0,0.0,0,5.249974,0.0,0.0,5.1520014,3.134151,9.95366,0.24545643,0.0,0.011604719,5.5196185
3,83,84.0,10.0,1.0,1.0,65.0,1.0,1.0,1.0,0.9999523,1.0,-0.0,0.0,-4.766327e-05,-0.0,0.3590338,2.191579,0.62639076,1.5190063,0.6061876,3.8552518,1.0,6.1343055,1.6636355,0.5324074,74.46522,1.0,0.0,0.0,1.0,0.0,0,5.6920557,0.0,0.0,5.4859443,3.5223284,9.733391,0.0,0.0,0.0,7.893718
0,84,85.0,10.0,1.0,1.0,66.0,1.0,1.0,0.0,0.9998845,1.0,-0.0,0.0,-0.00011548402,-0.0,0.8112967,2.6486695,0.54317135,3.7270226,0.41711113,1.7883242,1.0,5.8640437,5.162445,0.5416667,73.80651,1.0,0.0,0.0,1.0,0.0,0,5.258203,0.0,0.0,5.5156646,3.736313,10.878975,1.2680684,0.0,0.0,5.709778
1,84,85.0,10.0,1.0,1.0,66.0,1.0,1.0,0.0,0.9999178,1.0,-0.0,0.0,-8.219282e-05,-0.0,0.84979683,2.6102467,0.55681187,2.5845096,0.46196437,2.0804687,1.0,5.3425074,6.298353,0.5416667,71.75039,1.0,0.0,0.0,1.0,0.0,0,5.3028927,0.0,0.0,5.218702,3.3505597,10.027256,0.65578383,0.0,0.0,7.8423986
2,84,85.0,10.0,1.0,1.0,66.0,1.0,1.0,1.0,0.99993414,1.0,-0.0,0.0,-6.589095e-05,-0.0,0.47789365,1.8598193,0.6818578,0.8695254,0.53100514,1.8608228,1.0,5.960358,2.73377,0.5138889,76.78098,1.0,0.0,0.0,1.0,0.0,0,5.261773,0.0,0.0,5.1294317,2.7436092,9.100011,1.3297094,0.0,0.058457863,5.609289
3,84,85.0,10.0,1.0,1.0,66.0,1.0,1.0,0.0,0.99996203,1.0,-0.0,0.0,-3.7963022e-05,-0.0,0.8462176,2.396303,0.54907656,2.2405987,0.59781975,3.9390159,1.0,5.689993,6.4951115,0.5324074,74.46522,1.0,0.0,0.0,1.0,0.0,0,5.2497377,0.0,0.0,5.2851424,3.239828,9.892384,0.0,0.0,0.0,7.858698
0,85,86.0,10.0,1.0,1.0,67.0,1.0,1.0,1.0,0.9998327,1.0,-0.0,0.0,-0.00016733575,-0.0,0.023541786,1.8601425,0.64479876,2.0018575,0.43049365,1.9571761,1.0,6.0656266,-2.7091932,0.5416667,74.69616,1.0,0.0,0.0,1.0,0.0,0,8.688259,0.0,0.09367605,7.675924,3.733414,9.456182,1.559964,0.0,0.17663735,4.8661566
1,85,86.0,10.0,1.0,1.0,67.0,1.0,1.0,1.0,0.99982774,1.0,-0.0,0.0,-0.00017227084,-0.0,0.028429553,2.0397792,0.65336895,1.7127599,0.4833762,2.024408,1.0,5.9441223,-2.1396606,0.5416667,72.39725,1.0,0.0,0.0,1.0,0.0,0,9.137384,0.0,0.0,8.531482,3.7300386,9.139978,0.95146245,0.0,0.0,6.7122183
2,85,86.0,10.0,1.0,1.0,67.0,1.0,1.0,1.0,0.9999431,1.0,-0.0,0.0,-5.690069e-05,-0.0,0.54174477,2.6231825,0.6353591,0.96589977,0.5254502,1.7751452,1.0,5.736682,3.6344397,0.5138889,77.6343,1.0,0.0,0.0,1.0,0.0,0,5.812976,0.0,0.0,5.522604,3.4098058,10.104052,0.35434386,0.0,0.3102084,6.2091064
3,85,86.0,10.0,1.0,1.0,67.0,1.0,1.0,1.0,0.9998901,1.0,-0.0,0.0,-0.00010988668,-0.0,0.14463124,2.0142548,0.6034945,1.4385542,0.5907611,3.97049,1.0,6.0138903,-0.79432315,0.5324074,74.89378,1.0,0.0,0.0,1.0,0.0,0,5.336255,0.0,0.0,4.8525705,2.8630989,9.111573,0.0,0.0,0.0,6.758035
0,86,87.0,10.0,1.0,1.0,68.0,1.0,1.0,1.0,0.99986285,1.0,-0.0,0.0,-0.00013714284,-0.0,0.6657131,2.741982,0.56793463,4.4890914,0.4308246,2.089104,1.0,6.0525565,2.706878,0.5416667,75.63956,1.0,0.0,0.0,1.0,0.0,0,5.056269,0.0,0.4585213,4.6376696,3.5914192,10.743554,1.2162532,0.0,0.0,4.5750775
1,86,87.0,10.0,1.0,1.0,68.0,1.0,1.0,1.0,0.9904285,1.0,-0.0,0.0,-0.00015988294,-0.009411624,0.6954279,2.9595346,0.63607025,5.564697,0.4644951,2.1627405,0.0,6.637937,3.5036905,0.5416667,73.426384,1.0,0.0,0.0,1.0,0.0,0,4.645804,0.0,0.0,4.987343,3.1515925,9.797861,0.92987317,0.0,0.0,6.7644043
2,86,87.0,10.0,1.0,1.0,68.0,1.0,1.0,1.0,0.99994266,1.0,-0.0,0.0,-5.7364752e-05,-0.0,0.50149333,1.9728237,0.7337355,1.5666935,0.53261477,1.8742346,1.0,6.3266654,3.1561685,0.5138889,78.48455,1.0,0.0,0.0,1.0,0.0,0,5.717363,0.0,0.0,5.491712,3.040641,9.196474,1.2411026,0.0,0.3756856,5.621064
3,86,87.0,10.0,1.0,1.0,68.0,1.0,1.0,1.0,0.9999219,1.0,-0.0,0.0,-7.8086596e-05,-0.0,0.6763637,2.6116993,0.52954227,2.9597743,0.58430725,4.0597873,1.0,5.4071846,4.1631165,0.5324074,75.535515,1.0,0.0,0.0,1.0,0.0,0,5.020366,0.0,0.0,5.022663,3.1469643,10.106317,0.0,0.0,0.0,7.4159656
0,87,88.0,10.0,1.0,1.0,69.0,1.0,1.0,1.0,0.9998979,1.0,-0.0,0.0,-0.00010209817,-0.0,0.032024644,1.9165099,0.61080414,2.8213964,0.42785794,2.2597308,1.0,5.8328743,-3.8509285,0.5416667,76.539505,1.0,0.0,0.0,1.0,0.0,0,5.272198,0.0,0.5766755,4.724176,2.1421795,9.513863,2.3548632,0.0,0.0,4.478082
1,87,88.0,10.0,1.0,1.0,69.0,1.0,1.0,1.0,0.9998853,1.0,-0.0,0.0,-0.00011466988,-0.0,0.052491017,2.0782466,0.6363019,4.4131093,0.46121892,2.2625,1.0,6.649921,-3.676802,0.5416667,74.43415,1.0,0.0,0.0,1.0,0.0,0,4.6927648,0.0,0.0,4.751348,1.9361279,8.974755,1.4268805,0.0,0.0,6.728781
2,87,88.0,10.0,1.0,1.0,69.0,1.0,1.0,1.0,0.9999557,1.0,-0.0,0.0,-4.4277895e-05,-0.0,0.4754819,2.8489075,0.6355849,0.9495549,0.52904457,1.7711723,1.0,5.679167,2.5674515,0.5138889,79.454575,1.0,0.0,0.0,1.0,0.0,0,5.6087213,0.0,0.0,5.408535,3.1242719,9.789393,0.23680834,0.0,0.32323927,6.2555175
3,87,88.0,10.0,1.0,1.0,69.0,1.0,1.0,1.0,0.99991906,1.0,-0.0,0.0,-8.095822e-05,-0.0,0.17136,2.0063174,0.6182584,1.4309167,0.5848591,4.0429764,1.0,5.9411535,-0.9397063,0.5324074,76.15914,1.0,0.0,0.0,1.0,0.0,0,5.0152817,0.0,0.0,4.81632,2.7808104,9.623248,0.0,0.0,0.0,6.8394847
0,88,89.0,10.0,1.0,1.0,70.0,1.0,1.0,1.0,0.99988323,1.0,-0.0,0.0,-0.000116779906,-0.0,0.7174149,2.6668386,0.5460029,3.9683204,0.42754588,2.1721299,1.0,5.292094,3.2326672,0.5416667,77.379585,1.0,0.0,0.0,1.0,0.0,0,5.3925867,0.0,0.15042974,5.4076552,3.419738,10.719409,1.0173596,0.0,0.0,5.194222
1,88,89.0,10.0,1.0,1.0,70.0,1.0,1.0,1.0,0.9870164,1.0,-0.0,0.0,-0.00012989095,-0.01285374,0.6977331,2.8020604,0.58893585,5.771224,0.46624136,2.1950712,0.0,6.3071117,2.8568609,0.5416667,75.28865,1.0,0.0,0.0,1.0,0.0,0,5.015901,0.0,0.0,4.9525394,3.6410952,10.003926,0.91149044,0.0,0.0,6.7004685
2,88,89.0,10.0,1.0,1.0,70.0,1.0,1.0,1.0,0.9999618,1.0,-0.0,0.0,-3.822705e-05,-0.0,0.61444455,2.2358139,0.6774842,0.855002,0.53339493,1.7891994,1.0,6.1754594,3.7218788,0.5138889,80.146194,1.0,0.0,0.0,1.0,0.0,0,5.584128,0.0,0.0,5.4028144,2.900038,8.9150505,1.4753381,0.0,0.52072626,6.346572
3,88,89.0,10.0,1.0,1.0,70.0,1.0,1.0,0.0,0.99992764,1.0,-0.0,0.0,-7.237982e-05,-0.0,0.8148339,2.6006355,0.56905586,2.1750107,0.5811305,4.098554,1.0,5.415116,5.8257513,0.5324074,76.15914,1.0,0.0,0.0,1.0,0.0,0,5.370998,0.0,0.0,5.2972507,3.3949673,9.969904,0.0,0.0,0.0,7.2538495
0,89,90.0,10.0,1.0,1.0,71.0,1.0,1.0,1.0,0.9999119,1.0,-0.0,0.0,-8.8123976e-05,-0.0,0.03138166,1.7971618,0.68759096,1.0871332,0.4242836,2.154037,1.0,4.846584,-2.8119926,0.5416667,78.296425,1.0,0.0,0.0,1.0,0.0,0,4.9110174,0.0,0.0,4.6717286,1.4303644,8.317418,2.4998274,0.0,0.026437525,4.9882417
1,89,90.0,10.0,1.0,1.0,71.0,1.0,1.0,1.0,0.9999107,1.0,-0.0,0.0,-8.929608e-05,-0.0,0.015576184,1.9349985,0.619035,2.083852,0.46969917,2.1950712,1.0,5.040728,-3.0204878,0.5416667,76.225815,1.0,0.0,0.0,1.0,0.0,0,4.7902913,0.0,0.0,4.462903,1.6539125,8.962333,1.4457345,0.0,0.0,6.235414
2,89,90.0,10.0,1.0,1.0,71.0,1.0,1.0,1.0,0.9999609,1.0,-0.0,0.0,-3.9122984e-05,-0.0,0.46200716,2.5998392,0.6600409,1.3169823,0.5319109,1.7711723,1.0,6.0919747,2.7559278,0.5138889,80.559456,1.0,0.0,0.0,1.0,0.0,0,6.2938075,0.0,0.0,5.7779555,3.2918222,9.745513,0.26707086,0.0,0.40315673,6.5448246
3,89,90.0,10.0,1.0,1.0,71.0,1.0,1.0,1.0,0.99988675,1.0,-0.0,0.0,-0.00011326932,-0.0,0.13599637,1.8281145,0.6980715,1.2802159,0.57773536,4.1061873,1.0,6.5248,-0.6923303,0.5324074,76.995865,1.0,0.0,0.0,1.0,0.0,0,6.719825,0.0,0.0,5.4577117,3.6031241,8.949777,0.0,0.0,0.0,6.363973
0,90,91.0,10.0,1.0,1.0,72.0,1.0,1.0,0.0,0.9998992,1.0,-0.0,0.0,-0.00010080979,-0.0,0.7743925,2.8031616,0.5865864,2.5908623,0.422566,2.023635,1.0,4.119036,5.015509,0.5416667,78.296425,1.0,0.0,0.0,1.0,0.0,0,4.3690143,0.0,0.05469435,4.8257084,2.8767812,9.398234,0.47174388,0.0,0.0,5.4932623
1,90,91.0,10.0,1.0,1.0,72.0,1.0,1.0,1.0,0.9998981,1.0,-0.0,0.0,-0.000101906415,-0.0,0.75773597,2.9442618,0.5645786,4.1435757,0.47449207,2.1623785,1.0,4.848079,3.9872582,0.5416667,77.40461,1.0,0.0,0.0,1.0,0.0,0,4.83143,0.0,0.0,5.0838013,3.1468294,9.856824,1.3195256,0.0,0.0,6.31463
2,90,91.0,10.0,1.0,1.0,72.0,1.0,1.0,1.0,0.999969,1.0,-0.0,0.0,-3.102186e-05,-0.0,0.57071596,2.3910322,0.685549,0.82423955,0.5376146,1.8439207,1.0,6.0293536,3.3989484,0.5138889,80.7249,1.0,0.0,0.0,1.0,0.0,0,5.878599,0.0,0.0,5.6028676,3.2292166,9.848014,1.0640174,0.0,0.13510136,6.862036
3,90,91.0,10.0,1.0,1.0,72.0,1.0,1.0,1.0,0.99992037,1.0,-0.0,0.0,-7.963761e-05,-0.0,0.73603165,2.7635715,0.5650524,3.968518,0.5675136,4.189047,1.0,5.800829,4.1438046,0.5324074,78.082565,1.0,0.0,0.0,1.0,0.0,0,4.3454885,0.0,0.0,4.9025493,2.511588,10.306929,0.0,0.0,0.0,7.153564
0,91,92.0,10.0,1.0,1.0,73.0,1.0,1.0,1.0,0.9998172,1.0,-0.0,0.0,-0.00018280046,-0.0,0.09948425,1.6056497,0.7547234,1.304442,0.42087618,2.0528207,1.0,4.7775393,-1.4935713,0.5416667,79.50678,1.0,0.0,0.0,1.0,0.0,0,4.5485997,0.0,0.0,4.5881143,1.7940272,8.375522,2.3843403,0.0,0.0,6.1472383
1,91,92.0,10.0,1.0,1.0,73.0,1.0,1.0,1.0,0.9998588,1.0,-0.0,0.0,-0.00014122944,-0.0,0.14444607,1.8763525,0.65288514,1.1253396,0.46958783,2.1258729,1.0,4.646839,-1.207604,0.5416667,78.46327,1.0,0.0,0.0,1.0,0.0,0,5.620153,0.0,0.0,5.773193,2.434554,8.994095,2.1097672,0.0,0.0,7.123097
2,91,92.0,10.0,1.0,1.0,73.0,1.0,1.0,1.0,0.9999784,1.0,-0.0,0.0,-2.1600084e-05,-0.0,0.40706322,2.72328,0.6660245,0.77125907,0.53856075,1.7449045,1.0,5.7950144,1.8850257,0.5138889,81.18623,1.0,0.0,0.0,1.0,0.0,0,5.890054,0.0,0.0,5.6137023,3.1596491,9.60483,0.33782414,0.0,0.358995,7.09588
3,91,92.0,10.0,1.0,1.0,73.0,1.0,1.0,1.0,0.999897,1.0,-0.0,0.0,-0.00010298723,-0.0,0.06800629,1.8352708,0.6373744,2.3533916,0.5682925,4.179131,1.0,5.867184,-2.9501998,0.5324074,78.945694,1.0,0.0,0.0,1.0,0.0,0,5.267344,0.0,0.0,4.8025427,2.915855,9.5286255,0.0,0.0,0.0,6.7713666
0,92,93.0,10.0,1.0,1.0,74.0,1.0,1.0,0.0,0.9999179,1.0,-0.0,0.0,-8.2050814e-05,-0.0,0.7241454,2.4774222,0.6894668,1.4782686,0.4183908,1.9932371,1.0,4.5008893,5.1356096,0.5416667,79.50678,1.0,0.0,0.0,1.0,0.0,0,5.7541685,0.0,0.0,5.6456647,4.5275536,9.562156,1.0756669,0.0,0.0,6.7011404
1,92,93.0,10.0,1.0,1.0,74.0,1.0,1.0,0.0,0.9999009,1.0,-0.0,0.0,-9.911384e-05,-0.0,0.7808089,2.7626896,0.60226643,1.6664346,0.46698275,2.094343,1.0,4.229618,5.5580587,0.5416667,78.46327,1.0,0.0,0.0,1.0,0.0,0,5.9874287,0.0,0.0,5.656183,4.5909915,9.990207,1.705095,0.0,0.0,7.3486123
2,92,93.0,10.0,1.0,1.0,74.0,1.0,1.0,1.0,0.9999852,1.0,-0.0,0.0,-1.48069985e-05,-0.0,0.6350923,2.6709569,0.7023512,0.96589977,0.5388141,1.7507262,1.0,6.011445,4.452765,0.5138889,81.51068,1.0,0.0,0.0,1.0,0.0,0,6.0823665,0.0,0.0,5.66685,3.267817,9.384368,0.79507315,0.0,0.3527271,7.781378
3,92,93.0,10.0,1.0,1.0,74.0,1.0,1.0,1.0,0.9999189,1.0,-0.0,0.0,-8.112945e-05,-0.0,0.67526287,2.8038692,0.5881794,3.095256,0.56770325,4.209368,1.0,5.3428006,3.3940654,0.5324074,80.04128,1.0,0.0,0.0,1.0,0.0,0,5.294423,0.0,0.0,5.448814,3.0377297,10.287835,0.0,0.0,0.0,7.1651797
0,93,94.0,10.0,1.0,1.0,75.0,1.0,1.0,1.0,0.9998597,1.0,-0.0,0.0,-0.00014030721,-0.0,0.1129251,1.5451703,0.79689014,1.7104735,0.43090823,2.0928473,1.0,5.1481442,-1.2468761,0.5416667,80.36891,1.0,0.0,0.0,1.0,0.0,0,4.9866614,0.0,0.4883205,4.638862,2.2728043,7.7549453,2.8708935,0.0,0.4618302,5.7705917
1,93,94.0,10.0,1.0,1.0,75.0,1.0,1.0,1.0,0.99983156,1.0,-0.0,0.0,-0.00016842173,-0.0,0.064778514,1.6695662,0.73801863,0.77732414,0.4654008,2.0710418,1.0,4.9515944,-1.835172,0.5416667,79.54781,1.0,0.0,0.0,1.0,0.0,0,5.5268497,0.0,0.0,5.406311,2.5401237,8.57326,2.5789583,0.0,0.0,7.710228
2,93,94.0,10.0,1.0,1.0,75.0,1.0,1.0,1.0,0.999988,1.0,-0.0,0.0,-1.1994164e-05,-0.0,0.39478803,2.6041164,0.68759465,0.913424,0.5391854,1.8035779,1.0,5.847742,2.0310142,0.5138889,81.629074,1.0,0.0,0.0,1.0,0.0,0,5.7449503,0.0,0.0,5.4704003,3.1474745,9.467174,0.56233674,0.0,0.32094616,7.7841415
3,93,94.0,10.0,1.0,1.0,75.0,1.0,1.0,1.0,0.99992746,1.0,-0.0,0.0,-7.256249e-05,-0.0,0.2565626,1.8486557,0.709064,0.6691004,0.5671692,4.1922235,1.0,5.9096603,0.029382296,0.5324074,80.88473,1.0,0.0,0.0,1.0,0.0,0,5.3441978,0.0,0.0,5.2877073,2.9427986,9.48955,0.15692958,0.0,0.0,7.135658
0,94,95.0,10.0,1.0,1.0,76.0,1.0,1.0,1.0,0.9999179,1.0,-0.0,0.0,-8.206668e-05,-0.0,0.67512167,2.5944068,0.6790625,1.0601599,0.42421886,1.9607722,1.0,4.1831985,4.2621837,0.5416667,81.611404,1.0,0.0,0.0,1.0,0.0,0,5.3750834,0.0,0.0,5.264615,3.6200213,8.945592,1.4440558,0.0,0.1520807,6.9667187
1,94,95.0,10.0,1.0,1.0,76.0,1.0,1.0,1.0,0.999895,1.0,-0.0,0.0,-0.00010502557,-0.0,0.6820835,2.7950108,0.6104591,1.6645548,0.45914856,1.9147239,1.0,4.2452397,4.3532605,0.5416667,80.928925,1.0,0.0,0.0,1.0,0.0,0,5.569114,0.0,0.0,5.545524,3.891551,9.612778,1.656899,0.0,0.0,7.9821844
2,94,95.0,10.0,1.0,1.0,76.0,1.0,1.0,1.0,0.9999854,1.0,-0.0,0.0,-1.4613408e-05,-0.0,0.66564083,2.958052,0.69423544,0.67839396,0.5395147,1.8070464,1.0,5.7418046,4.440192,0.5138889,82.1199,1.0,0.0,0.0,1.0,0.0,0,5.8035927,0.0,0.0,5.6075096,3.0442555,9.445566,0.6001311,0.0,0.2708915,7.942514
3,94,95.0,10.0,1.0,1.0,76.0,1.0,1.0,0.0,0.99995935,1.0,-0.0,0.0,-4.0662835e-05,-0.0,0.8513119,2.6665025,0.69940686,0.5553173,0.56441045,4.223294,1.0,5.9481115,6.4842877,0.5324074,80.88473,1.0,0.0,0.0,1.0,0.0,0,6.015529,0.0,0.0,5.9947567,3.609228,10.178427,0.07964554,0.0,0.0,7.314152
0,95,96.0,10.0,1.0,1.0,77.0,1.0,1.0,1.0,0.9999249,1.0,-0.0,0.0,-7.511562e-05,-0.0,0.2608415,1.6429441,0.7710481,1.2026677,0.43414724,1.9671488,1.0,4.794893,-0.055141747,0.5416667,82.44339,1.0,0.0,0.0,1.0,0.0,0,5.383757,0.0,0.6608802,4.6543484,2.659809,7.894447,2.9629934,0.0,0.8184699,6.7338614
1,95,96.0,10.0,1.0,1.0,77.0,1.0,1.0,1.0,0.9999075,1.0,-0.0,0.0,-9.252937e-05,-0.0,0.17720163,1.7079989,0.7063072,0.6205485,0.46141472,1.9999015,1.0,4.759463,-1.268657,0.5416667,81.92659,1.0,0.0,0.0,1.0,0.0,0,5.802655,0.0,0.4826836,5.3204803,2.568126,8.803225,2.8469193,0.0,0.0,8.185514
2,95,96.0,10.0,1.0,1.0,77.0,1.0,1.0,1.0,0.99998474,1.0,-0.0,0.0,-1.5256985e-05,-0.0,0.3665656,2.651246,0.7067864,0.63550365,0.535938,1.8667021,1.0,5.9085326,1.152087,0.5138889,82.28502,1.0,0.0,0.0,1.0,0.0,0,5.781434,0.0,0.0,5.5515995,3.0918796,8.993977,0.98897725,0.0,0.40453893,7.9056063
3,95,96.0,10.0,1.0,1.0,77.0,1.0,1.0,1.0,0.9998833,1.0,-0.0,0.0,-0.00011671958,-0.0,0.19912049,1.8080212,0.74365616,0.24389313,0.561863,4.217172,1.0,6.234198,-0.64986014,0.5324074,81.598366,1.0,0.0,0.0,1.0,0.0,0,5.0239167,0.0,0.0,4.874913,3.0001435,9.35649,0.810874,0.0,0.0,6.8724313
0,96,97.0,10.0,1.0,1.0,78.0,1.0,1.0,0.0,0.99993926,1.0,-0.0,0.0,-6.0754945e-05,-0.0,0.779289,2.47282,0.7322907,1.6370547,0.4325058,1.9007744,1.0,4.825641,5.8905697,0.5416667,82.44339,1.0,0.0,0.0,1.0,0.0,0,5.7948294,0.0,0.0,5.807302,3.7118385,8.835027,1.5328435,0.0,0.41367227,7.4042583
1,96,97.0,10.0,1.0,1.0,78.0,1.0,1.0,1.0,0.9999235,1.0,-0.0,0.0,-7.647628e-05,-0.0,0.6425742,2.6789968,0.63797146,1.6139419,0.4608438,1.9727116,1.0,4.0954814,3.6506188,0.5416667,83.116684,1.0,0.0,0.0,1.0,0.0,0,5.7225733,0.0,0.0,5.440544,5.194836,9.325379,1.858371,0.0,0.0,7.7396207
2,96,97.0,10.0,1.0,1.0,78.0,1.0,1.0,1.0,0.9999775,1.0,-0.0,0.0,-2.2445272e-05,-0.0,0.73847437,3.2630703,0.6783764,0.5035766,0.53464806,1.8875511,1.0,5.7322726,4.053794,0.5138889,83.05658,1.0,0.0,0.0,1.0,0.0,0,6.1710186,0.0,0.0,5.5521355,3.367634,9.694851,0.39150396,0.0,0.26993296,8.056718
3,96,97.0,10.0,1.0,1.0,78.0,1.0,1.0,1.0,0.99992204,1.0,-0.0,0.0,-7.7956014e-05,-0.0,0.6511379,2.9134986,0.63925904,2.1536736,0.5582112,4.243266,1.0,5.480476,2.7666483,0.5324074,82.87833,1.0,0.0,0.0,1.0,0.0,0,5.261019,0.0,0.0,5.236544,3.2428548,10.235763,0.68897885,0.0,0.0,7.07761
0,97,98.0,10.0,1.0,1.0,79.0,1.0,1.0,1.0,0.99990296,1.0,-0.0,0.0,-9.702938e-05,-0.0,0.17992966,1.5133182,0.78720766,1.4835539,0.4372821,1.9330318,1.0,4.9970064,-1.0059252,0.5416667,83.26543,1.0,0.0,0.0,1.0,0.0,0,5.367862,0.0,0.74800646,4.4322057,2.764642,7.5383615,3.5675108,0.0,1.0821387,7.0326786
1,97,98.0,10.0,1.0,1.0,79.0,1.0,1.0,1.0,0.9999221,1.0,-0.0,0.0,-7.7899094e-05,-0.0,0.15394258,1.6829228,0.71893054,0.8740145,0.4630617,1.9487596,1.0,4.3589616,-1.5122983,0.5416667,83.977905,1.0,0.0,0.0,1.0,0.0,0,5.3391986,0.0,0.0,5.3047547,2.8095808,8.129684,3.3105593,0.0,0.0,7.934957
2,97,98.0,10.0,1.0,1.0,79.0,1.0,1.0,1.0,0.9999548,1.0,-0.0,0.0,-4.5157947e-05,-0.0,0.34203604,2.4558225,0.7260375,0.74440634,0.5341648,1.9723146,1.0,5.9718246,0.6431853,0.5185185,83.68943,1.0,0.0,0.0,1.0,0.0,0,5.764446,0.0,0.0,5.4939404,2.9315262,8.557201,1.5600032,0.0,0.27245075,7.9398947
3,97,98.0,10.0,1.0,1.0,79.0,1.0,1.0,1.0,0.9999135,1.0,-0.0,0.0,-8.646849e-05,-0.0,0.16800258,1.8438559,0.7258709,1.4966855,0.56213915,4.1937165,1.0,5.7056785,-2.1518543,0.537037,83.78433,1.0,0.0,0.0,1.0,0.0,0,5.18165,0.0,0.0,5.021853,2.777923,9.174097,0.9509043,0.0,0.0,6.667566
0,98,99.0,10.0,1.0,1.0,80.0,1.0,1.0,1.0,0.99992484,1.0,-0.0,0.0,-7.515799e-05,-0.0,0.637101,2.657258,0.6912047,0.8559169,0.43729335,1.8733991,1.0,4.128961,3.7374907,0.5416667,84.67518,1.0,0.0,0.0,1.0,0.0,0,5.47133,0.0,0.0,5.422033,3.8420558,8.625333,1.7687589,0.0,0.6630694,7.4319644
1,98,99.0,10.0,1.0,1.0,80.0,1.0,1.0,1.0,0.9999291,1.0,-0.0,0.0,-7.092776e-05,-0.0,0.5934156,2.7163894,0.6817199,1.4601556,0.45011348,1.8139634,1.0,3.8155177,3.295932,0.5416667,85.28802,1.0,0.0,0.0,1.0,0.0,0,5.688006,0.0,0.0,5.5235906,5.2950816,9.21962,1.9477103,0.0,0.0,8.40087
2,98,99.0,10.0,1.0,1.0,80.0,1.0,1.0,1.0,0.9999474,1.0,-0.0,0.0,-5.2544383e-05,-0.0,0.7562909,3.5155847,0.67568624,0.54822487,0.52575815,1.9224753,1.0,5.5762944,4.7233896,0.5185185,84.93788,1.0,0.0,0.0,1.0,0.0,0,6.4240227,0.0,0.0,5.67013,3.520369,9.754923,0.234259,0.0,0.3072736,8.10672
3,98,99.0,10.0,1.0,1.0,80.0,1.0,1.0,1.0,0.99993205,1.0,-0.0,0.0,-6.795406e-05,-0.0,0.64686984,2.9293048,0.65001196,2.0668802,0.5627225,4.1757574,1.0,5.2049212,2.5702744,0.537037,85.075554,1.0,0.0,0.0,1.0,0.0,0,5.708382,0.0,0.0,5.744771,3.2470698,9.968312,0.64860576,0.0,0.0,7.1590996
0,99,100.0,10.0,1.0,1.0,81.0,1.0,1.0,1.0,0.9999288,1.0,-0.0,0.0,-7.124406e-05,-0.0,0.24666637,1.5387789,0.7772299,0.9429378,0.44471735,1.8796558,1.0,4.5803933,-0.6125402,0.5416667,85.64452,1.0,0.0,0.0,1.0,0.0,0,5.4021096,0.0,0.30235955,4.967421,2.7231426,7.2593665,3.5214372,0.0,1.1396346,7.0921965
1,99,100.0,10.0,1.0,1.0,81.0,1.0,1.0,1.0,0.9999232,1.0,-0.0,0.0,-7.678198e-05,-0.0,0.18109642,1.6307496,0.7759887,0.9404443,0.46334267,1.8809044,1.0,4.1178,-1.2672617,0.5416667,86.22081,1.0,0.0,0.0,1.0,0.0,0,5.397103,0.0,0.0,5.3414016,2.9442768,7.9117517,3.4262877,0.0,0.0,8.390304
2,99,100.0,10.0,1.0,1.0,81.0,1.0,1.0,1.0,0.99993616,1.0,-0.0,0.0,-6.385036e-05,-0.0,0.37637913,2.4154296,0.7478124,0.78334224,0.5337367,2.031356,1.0,5.987659,-0.3449926,0.5185185,85.84217,1.0,0.0,0.0,1.0,0.0,0,5.6768923,0.0,0.0,5.454191,2.9212039,8.182252,1.8280966,0.0,0.54408157,7.9408054
3,99,100.0,10.0,1.0,1.0,81.0,1.0,1.0,1.0,0.99994326,1.0,-0.0,0.0,-5.6748013e-05,-0.0,0.35712495,1.8497888,0.72636193,0.88292414,0.567835,4.103517,1.0,5.714431,0.09331666,0.5416667,85.96283,1.0,0.0,0.0,1.0,0.0,0,5.4293847,0.0,0.0,5.2984543,3.0217268,9.13964,0.68489283,0.0,0.03168852,7.266024
0,100,101.0,10.0,1.0,1.0,82.0,1.0,1.0,1.0,0.9999443,1.0,-0.0,0.0,-5.5673765e-05,-0.0,0.67173654,2.5383716,0.6954357,0.83649313,0.44680777,1.8221434,1.0,4.096964,3.998113,0.5416667,86.94584,1.0,0.0,0.0,1.0,0.0,0,6.2933517,0.0,0.0,5.841825,4.596131,8.850233,2.0882573,0.0,0.8572666,7.728962
1,100,101.0,10.0,1.0,1.0,82.0,1.0,1.0,1.0,0.99993485,1.0,-0.0,0.0,-6.516463e-05,-0.0,0.6129336,2.7327907,0.69012374,1.6231301,0.44916117,1.7592002,1.0,3.6644185,3.3478885,0.5416667,87.659294,1.0,0.0,0.0,1.0,0.0,0,5.437171,0.0,0.0,5.304146,4.437778,8.773886,2.0820823,0.0,0.0,8.01516
2,100,101.0,10.0,1.0,1.0,82.0,1.0,1.0,1.0,0.9999475,1.0,-0.0,0.0,-5.2492756e-05,-0.0,0.79130197,3.527926,0.6968926,0.26244244,0.5417932,1.9940221,1.0,5.5259147,4.6257024,0.5185185,87.1785,1.0,0.0,0.0,1.0,0.0,0,5.9325185,0.0,0.0,5.6447406,3.188465,9.57707,0.51003945,0.0,0.5764145,7.644613
3,100,101.0,10.0,1.0,1.0,82.0,1.0,1.0,1.0,0.99996746,1.0,-0.0,0.0,-3.2525902e-05,-0.0,0.7773675,2.7365599,0.687584,0.8232894,0.567997,4.084587,1.0,5.5566483,4.543533,0.5416667,87.08869,1.0,0.0,0.0,1.0,0.0,0,5.9631925,0.0,0.0,5.8104277,3.4912019,9.87262,0.50383186,0.0,0.0,7.5830007
0,101,102.0,10.0,1.0,1.0,83.0,1.0,1.0,1.0,0.9999478,1.0,-0.0,0.0,-5.2231284e-05,-0.0,0.18442757,1.7374879,0.84650683,2.3286493,0.4551702,1.8217138,1.0,5.027261,-0.7738806,0.5462963,87.5991,1.0,0.0,0.0,1.0,0.0,0,5.534884,0.0,0.0,5.344865,2.721688,7.2755175,3.5197344,0.0,0.81908906,7.340876
1,101,102.0,10.0,1.0,1.0,83.0,1.0,1.0,1.0,0.99992543,1.0,-0.0,0.0,-7.4564196e-05,-0.0,0.11951178,1.8007191,0.8486844,1.5611885,0.45838425,1.7983625,1.0,4.473739,-1.1649942,0.5462963,88.46151,1.0,0.0,0.0,1.0,0.0,0,5.7280006,0.0,0.0,5.397591,2.8825915,7.873695,3.4687552,0.0,0.0,8.439498
2,101,102.0,10.0,1.0,1.0,83.0,1.0,1.0,1.0,0.9999429,1.0,-0.0,0.0,-5.713002e-05,-0.0,0.25009587,2.6014488,0.8249463,1.9265423,0.5491017,1.9643617,1.0,6.265662,-0.9259088,0.5185185,87.90553,1.0,0.0,0.0,1.0,0.0,0,5.6574926,0.0,0.0,5.3422084,2.5814135,8.241809,1.8861368,0.0,0.27997932,7.4711432
3,101,102.0,10.0,1.0,1.0,83.0,1.0,1.0,1.0,0.9999499,1.0,-0.0,0.0,-5.010178e-05,-0.0,0.23592822,2.1033657,0.7720405,0.630558,0.5731,4.0354176,1.0,6.202986,-1.1266294,0.5416667,87.53721,1.0,0.0,0.0,1.0,0.0,0,5.486388,0.0,0.0,5.2038927,2.8872828,9.050606,0.7879467,0.0,0.12066053,8.277466
0,102,103.0,10.0,1.0,1.0,84.0,1.0,1.0,1.0,0.999932,1.0,-0.0,0.0,-6.803122e-05,-0.0,0.4092533,2.4597316,0.65007937,1.422138,0.4573054,1.759645,1.0,3.8669033,0.15574229,0.5509259,88.618774,1.0,0.0,0.0,1.0,0.0,0,5.1519217,0.0,0.0,4.9218636,4.093566,8.100017,1.4729038,0.0,0.7149163,7.158934
1,102,103.0,10.0,1.0,1.0,84.0,1.0,1.0,1.0,0.9999329,1.0,-0.0,0.0,-6.711147e-05,-0.0,0.4289128,2.5538704,0.67809355,1.55365,0.44437423,1.7091001,1.0,3.791682,1.2244927,0.5462963,89.53928,1.0,0.0,0.0,1.0,0.0,0,5.460153,0.0,0.0,5.233129,4.170881,8.795229,2.265137,0.0,0.20943798,8.071276
2,102,103.0,10.0,1.0,1.0,84.0,1.0,1.0,1.0,0.9999305,1.0,-0.0,0.0,-6.952701e-05,-0.0,0.35271084,3.4310706,0.65635276,2.1151683,0.53890616,1.7631999,1.0,5.6417727,-1.3813665,0.5277778,88.95846,1.0,0.0,0.0,1.0,0.0,0,5.710766,0.0,0.0,5.2988334,3.3488295,9.356772,0.53722805,0.0,0.8931841,7.2544746
3,102,103.0,10.0,1.0,1.0,84.0,1.0,1.0,1.0,0.99992895,1.0,-0.0,0.0,-7.1078466e-05,-0.0,0.4033547,2.9337292,0.6077178,3.749012,0.574478,4.02201,1.0,5.468161,-1.243581,0.5416667,88.622894,1.0,0.0,0.0,1.0,0.0,0,4.6116095,0.0,0.0,4.559457,2.95411,9.663773,0.62531585,0.0,0.031696238,8.652628
0,103,104.0,10.0,1.0,1.0,85.0,1.0,1.0,1.0,0.9999274,1.0,-0.0,0.0,-7.257393e-05,-0.0,0.23107678,1.7044291,0.77075565,1.1120464,0.4618335,1.7631999,1.0,4.0498004,-1.8777698,0.5509259,89.16794,1.0,0.0,0.0,1.0,0.0,0,5.4698515,0.0,0.0,5.3416066,2.9520967,7.0820575,3.400735,0.0,0.74105626,7.222012
1,103,104.0,10.0,1.0,1.0,85.0,1.0,1.0,1.0,0.99991786,1.0,-0.0,0.0,-8.2147024e-05,-0.0,0.27270055,1.8343678,0.7824179,1.0087086,0.45200944,1.7498317,1.0,4.136969,-1.0555722,0.5462963,90.047165,1.0,0.0,0.0,1.0,0.0,0,5.6803937,0.0,0.0,5.519903,3.1144454,7.6723027,3.5968428,0.0,0.0,8.527475
2,103,104.0,10.0,1.0,1.0,85.0,1.0,1.0,1.0,0.9999202,1.0,-0.0,0.0,-7.9825186e-05,-0.0,0.15811008,2.671438,0.73399067,1.8557683,0.5455481,1.773822,1.0,5.670187,-4.4427013,0.5416667,89.49776,1.0,0.0,0.0,1.0,0.0,0,5.6000924,0.0,0.0,5.2979426,2.5397968,8.0199995,1.7932135,0.0,0.8264545,7.0927043
3,103,104.0,10.0,1.0,1.0,85.0,1.0,1.0,1.0,0.99991244,1.0,-0.0,0.0,-8.757004e-05,-0.0,0.1787845,2.1262386,0.6585217,3.1894186,0.58011043,3.956862,1.0,5.544785,-5.215673,0.5555556,89.222244,1.0,0.0,0.0,1.0,0.0,0,5.4349704,0.0,0.0,5.2622576,2.539823,8.902949,0.43816894,0.0,0.0824576,8.361958
0,104,105.0,10.0,1.0,1.0,86.0,1.0,1.0,1.0,0.99993414,1.0,-0.0,0.0,-6.586603e-05,-0.0,0.5324617,2.2333057,0.69626063,1.241732,0.4629204,1.670188,1.0,3.562329,2.173694,0.5509259,89.976326,1.0,0.0,0.0,1.0,0.0,0,5.4100337,0.0,0.0,5.2879496,3.856784,7.580384,1.9524304,0.0,0.81783557,6.8921313
1,104,105.0,10.0,1.0,1.0,86.0,1.0,1.0,1.0,0.9999359,1.0,-0.0,0.0,-6.404748e-05,-0.0,0.5450111,2.377258,0.69123363,1.0950241,0.45073545,1.75162,1.0,3.7494094,2.631207,0.5462963,90.86037,1.0,0.0,0.0,1.0,0.0,0,6.1290503,0.0,0.0,5.8811398,4.3240943,8.888518,3.005272,0.0,0.065909125,8.64842
2,104,105.0,10.0,1.0,1.0,86.0,1.0,1.0,1.0,0.9999326,1.0,-0.0,0.0,-6.741902e-05,-0.0,0.42343363,3.2152104,0.65120524,2.3673196,0.5505447,1.6265022,1.0,5.105341,-0.63968354,0.5416667,90.26584,1.0,0.0,0.0,1.0,0.0,0,5.649875,0.0,0.0,5.7326374,2.8661566,9.27233,0.5136801,0.0,1.1113282,7.0662107
3,104,105.0,10.0,1.0,1.0,86.0,1.0,1.0,1.0,0.9999313,1.0,-0.0,0.0,-6.87426e-05,-0.0,0.432726,2.6708226,0.5629537,4.1282434,0.5808561,3.941996,1.0,4.9586325,-1.1207908,0.5648148,90.010086,1.0,0.0,0.0,1.0,0.0,0,5.477653,0.0,0.0,5.2533402,3.5489578,9.693225,0.37732887,0.0,0.11279058,8.86263
0,105,106.0,10.0,1.0,1.0,87.0,1.0,1.0,1.0,0.99994904,1.0,-0.0,0.0,-5.0989172e-05,-0.0,0.27817786,1.5286762,0.9328094,3.0914602,0.47068858,1.676736,1.0,4.688512,0.2881335,0.5509259,90.50716,1.0,0.0,0.0,1.0,0.0,0,5.7521496,0.0,0.0,5.4905324,2.8418505,7.173785,3.3921945,0.0,0.81586975,7.2793636
1,105,106.0,10.0,1.0,1.0,87.0,1.0,1.0,1.0,0.99995303,1.0,-0.0,0.0,-4.6992314e-05,-0.0,0.30071026,1.680643,0.88442665,2.344728,0.45983264,1.7600898,1.0,4.6234264,0.84175265,0.5462963,91.38843,1.0,0.0,0.0,1.0,0.0,0,5.8551407,0.0,0.0,5.721058,3.0323563,7.7799106,3.6194007,0.0,0.034422636,8.623289
2,105,106.0,10.0,1.0,1.0,87.0,1.0,1.0,1.0,0.9999479,1.0,-0.0,0.0,-5.208116e-05,-0.0,0.2318278,2.4246197,0.8117726,1.38081,0.55914986,1.6598461,1.0,4.983658,-1.6254653,0.5416667,90.85033,1.0,0.0,0.0,1.0,0.0,0,5.664135,0.0,0.0,6.0733366,2.328066,8.517888,1.3911752,0.0,1.1308472,7.1117496
3,105,106.0,10.0,1.0,1.0,87.0,1.0,1.0,1.0,0.99995005,1.0,-0.0,0.0,-4.992024e-05,-0.0,0.22601113,1.963782,0.6877555,1.1134531,0.58740115,3.8872025,1.0,5.0731177,-2.089182,0.5648148,90.5279,1.0,0.0,0.0,1.0,0.0,0,5.0347757,0.0,0.0,4.9248776,1.9334978,9.301223,0.5267188,0.0,0.1454669,8.795073
0,106,107.0,10.0,1.0,1.0,88.0,1.0,1.0,1.0,0.9999513,1.0,-0.0,0.0,-4.869601e-05,-0.0,0.48714802,2.2928832,0.7721715,1.5611885,0.47049475,1.5924604,1.0,3.569193,2.2165737,0.5555556,91.53058,1.0,0.0,0.0,1.0,0.0,0,5.299124,0.0,0.0,5.3248196,3.6583278,7.7974825,1.5749087,0.0,0.71492434,7.1731567
1,106,107.0,10.0,1.0,1.0,88.0,1.0,1.0,1.0,0.9999552,1.0,-0.0,0.0,-4.482324e-05,-0.0,0.5013354,2.358466,0.77092314,1.2143255,0.456986,1.7426602,1.0,3.7835135,2.7293217,0.5462963,92.34077,1.0,0.0,0.0,1.0,0.0,0,5.509003,0.0,0.0,5.436793,3.8387868,8.373954,2.749865,0.0,0.091651075,8.277436
2,106,107.0,10.0,1.0,1.0,88.0,1.0,1.0,1.0,0.99996346,1.0,-0.0,0.0,-3.650808e-05,-0.0,0.51943547,3.1028912,0.75790274,1.2703964,0.5622859,1.4320102,1.0,4.402064,2.4903958,0.5416667,91.73557,1.0,0.0,0.0,1.0,0.0,0,5.7120514,0.0,0.0,5.70384,3.196446,9.171902,0.12512955,0.0,1.4516015,6.725102
3,106,107.0,10.0,1.0,1.0,88.0,1.0,1.0,1.0,0.99996674,1.0,-0.0,0.0,-3.3283333e-05,-0.0,0.54395163,2.6671152,0.6211686,1.9439338,0.588452,3.8702488,1.0,4.5418715,2.0295615,0.5648148,91.459366,1.0,0.0,0.0,1.0,0.0,0,5.5282655,0.0,0.0,5.4180937,3.3553915,9.676187,0.40418625,0.0,0.13039513,9.134417
0,107,108.0,10.0,1.0,1.0,89.0,1.0,1.0,1.0,0.99994284,1.0,-0.0,0.0,-5.716912e-05,-0.0,0.36203152,1.6393962,0.87767,2.1110938,0.4718697,1.5636932,1.0,4.208497,0.26134217,0.5555556,91.99527,1.0,0.0,0.0,1.0,0.0,0,5.42355,0.0,0.0,5.360802,3.0088787,6.854945,3.4338932,0.0,1.1155068,7.111274
1,107,108.0,10.0,1.0,1.0,89.0,1.0,1.0,1.0,0.9999507,1.0,-0.0,0.0,-4.9291557e-05,-0.0,0.42237565,1.6967071,0.88752425,2.030585,0.46057972,1.7764676,1.0,4.4793835,1.6280496,0.5462963,92.81547,1.0,0.0,0.0,1.0,0.0,0,5.589892,0.0,0.0,5.462177,3.2921562,7.6713924,3.1385233,0.0,0.15474865,8.03726
2,107,108.0,10.0,1.0,1.0,89.0,1.0,1.0,1.0,0.9999224,1.0,-0.0,0.0,-7.760722e-05,-0.0,0.4474111,2.4456666,0.8692357,2.27664,0.5581057,1.3965914,1.0,5.211204,1.6304748,0.5416667,92.20474,1.0,0.0,0.0,1.0,0.0,0,5.8478975,0.0,0.0,5.739355,3.032882,8.385658,0.88315797,0.0,1.87591,6.249534
3,107,108.0,10.0,1.0,1.0,89.0,1.0,1.0,1.0,0.9999354,1.0,-0.0,0.0,-6.4588225e-05,-0.0,0.4545856,2.0603695,0.7342242,1.2020167,0.58595383,3.8446782,1.0,5.4865155,1.3350686,0.5648148,91.87686,1.0,0.0,0.0,1.0,0.0,0,5.717344,0.0,0.0,5.6363325,3.1251533,9.209425,0.34160596,0.0,0.41577932,8.83594
0,108,109.0,10.0,1.0,1.0,90.0,1.0,1.0,1.0,0.99994904,1.0,-0.0,0.0,-5.0981456e-05,-0.0,0.62938,2.0458283,0.8222691,2.0026393,0.46920812,1.4628334,1.0,4.1764984,3.8207555,0.5555556,92.62291,1.0,0.0,0.0,1.0,0.0,0,5.718805,0.0,0.0,5.606293,3.8613062,7.6565194,2.2671628,0.0,1.1724607,6.9757977
1,108,109.0,10.0,1.0,1.0,90.0,1.0,1.0,1.0,0.9999569,1.0,-0.0,0.0,-4.3070162e-05,-0.0,0.6472968,2.0316796,0.8435592,1.9503655,0.4579971,1.7729392,1.0,4.4571147,4.44837,0.5462963,93.37254,1.0,0.0,0.0,1.0,0.0,0,5.999693,0.0,0.0,5.8244033,4.473785,8.321457,2.8409667,0.0,0.32295945,8.009179
2,108,109.0,10.0,1.0,1.0,90.0,1.0,1.0,1.0,0.9999439,1.0,-0.0,0.0,-5.6092787e-05,-0.0,0.63727313,2.977251,0.77660674,1.4966855,0.55284166,1.2753156,1.0,4.829212,3.6621187,0.5416667,92.932076,1.0,0.0,0.0,1.0,0.0,0,5.7813706,0.0,0.0,5.656384,3.2347078,9.1443405,0.34216523,0.0,2.1634438,6.3259077
3,108,109.0,10.0,1.0,1.0,90.0,1.0,1.0,1.0,0.99995106,1.0,-0.0,0.0,-4.896151e-05,-0.0,0.64071864,2.5711806,0.6480446,1.3943479,0.5808559,3.8657959,1.0,5.115654,3.05474,0.5648148,92.591515,1.0,0.0,0.0,1.0,0.0,0,5.590711,0.0,0.0,5.5400257,3.3611212,9.789949,0.39828268,0.0,0.4728094,8.878768
0,109,110.0,10.0,1.0,1.0,91.0,1.0,1.0,1.0,0.99995637,1.0,-0.0,0.0,-4.364854e-05,-0.0,0.4249759,1.5952623,0.9377081,2.8918192,0.47531933,1.4824984,1.0,4.7897835,1.589682,0.5555556,92.9598,1.0,0.0,0.0,1.0,0.0,0,5.395609,0.0,0.0,5.3681655,3.3045893,6.8905263,3.4984875,0.0,1.2619543,7.0799384
1,109,110.0,10.0,1.0,1.0,91.0,1.0,1.0,1.0,0.99996215,1.0,-0.0,0.0,-3.786265e-05,-0.0,0.3890194,1.6344031,0.93304497,2.562611,0.46563372,1.7623118,1.0,4.8309965,1.5184413,0.5462963,93.68192,1.0,0.0,0.0,1.0,0.0,0,5.396656,0.0,0.0,5.3142085,3.506076,7.8413982,2.872474,0.0,0.12552361,7.9321404
2,109,110.0,10.0,1.0,1.0,91.0,1.0,1.0,1.0,0.99994475,1.0,-0.0,0.0,-5.5277345e-05,-0.0,0.34448057,2.4882815,0.8577248,1.986156,0.55551726,1.3463701,1.0,5.1237674,0.18446055,0.5416667,93.30318,1.0,0.0,0.0,1.0,0.0,0,5.4654717,0.0,0.0,5.2876186,2.729836,8.336489,0.9387617,0.0,1.9609444,6.246178
3,109,110.0,10.0,1.0,1.0,91.0,1.0,1.0,1.0,0.9999524,1.0,-0.0,0.0,-4.761322e-05,-0.0,0.3528949,2.0903108,0.7292042,0.95612645,0.5839274,3.831012,1.0,5.412654,-0.26523507,0.5694444,92.95105,1.0,0.0,0.0,1.0,0.0,0,5.3192115,0.0,0.0,5.190918,2.9260244,9.375766,0.31666058,0.0,0.4799649,8.94215
0,110,111.0,10.0,1.0,1.0,92.0,1.0,1.0,1.0,0.99996364,1.0,-0.0,0.0,-3.635513e-05,-0.0,0.651034,2.0872703,0.87644327,2.2555702,0.47770724,1.428727,1.0,4.2655363,4.0540733,0.5555556,93.61538,1.0,0.0,0.0,1.0,0.0,0,5.69329,0.0,0.0,5.7738156,3.907068,7.4001613,2.040465,0.0,1.1546998,6.9654455
1,110,111.0,10.0,1.0,1.0,92.0,1.0,1.0,1.0,0.99996775,1.0,-0.0,0.0,-3.2226235e-05,-0.0,0.5975831,2.0904543,0.86296976,1.7386131,0.45590633,1.7702883,1.0,4.099305,3.2685258,0.5462963,94.30306,1.0,0.0,0.0,1.0,0.0,0,5.8825474,0.0,0.0,5.9718876,4.2064934,8.213876,2.7211337,0.0,0.23840156,7.971209
2,110,111.0,10.0,1.0,1.0,92.0,1.0,1.0,1.0,0.99995685,1.0,-0.0,0.0,-4.317984e-05,-0.0,0.5608655,3.0128856,0.77999324,1.3971517,0.5587063,1.2942014,1.0,4.4961867,2.6156027,0.5416667,94.02398,1.0,0.0,0.0,1.0,0.0,0,5.864283,0.0,0.0,5.6553245,3.4471536,8.865365,0.4874154,0.0,2.0933366,6.3588734
3,110,111.0,10.0,1.0,1.0,92.0,1.0,1.0,1.0,0.9999581,1.0,-0.0,0.0,-4.1920648e-05,-0.0,0.58779716,2.6133,0.66719043,1.7861344,0.5834818,3.8385653,1.0,4.849372,2.637961,0.5694444,93.642914,1.0,0.0,0.0,1.0,0.0,0,5.8924527,0.0,0.0,5.7672296,3.6046083,9.752723,0.2845402,0.0,0.2806278,9.035212
0,111,112.0,10.0,1.0,1.0,93.0,1.0,1.0,1.0,0.999966,1.0,-0.0,0.0,-3.3971446e-05,-0.0,0.45586303,1.7084639,0.94986206,2.8349583,0.4738309,1.4177281,1.0,4.8466244,1.7806189,0.5555556,93.94778,1.0,0.0,0.0,1.0,0.0,0,5.196612,0.0,0.0,5.195668,3.2226017,6.7668686,3.065134,0.0,1.3143641,6.7560225
1,111,112.0,10.0,1.0,1.0,93.0,1.0,1.0,1.0,0.9999633,1.0,-0.0,0.0,-3.6692498e-05,-0.0,0.43782443,1.66288,0.93333197,2.5463705,0.45391008,1.8260055,1.0,4.744829,1.7770631,0.5462963,94.6561,1.0,0.0,0.0,1.0,0.0,0,5.5778775,0.0,0.0,5.4129047,3.605142,7.603609,3.2915065,0.0,0.4789514,7.621773
2,111,112.0,10.0,1.0,1.0,93.0,1.0,1.0,1.0,0.9999542,1.0,-0.0,0.0,-4.578948e-05,-0.0,0.40249154,2.499769,0.8584468,2.055107,0.5570717,1.3240948,1.0,5.094007,0.89433974,0.5416667,94.43996,1.0,0.0,0.0,1.0,0.0,0,5.6837564,0.0,0.0,5.5818615,2.977751,8.249413,1.0098938,0.0,2.1953537,6.0410724
3,111,112.0,10.0,1.0,1.0,93.0,1.0,1.0,1.0,0.99995947,1.0,-0.0,0.0,-4.0505325e-05,-0.0,0.40342435,2.0922434,0.7491319,1.077733,0.5828531,3.8242629,1.0,5.3826666,0.4016068,0.5694444,94.06585,1.0,0.0,0.0,1.0,0.0,0,5.4085174,0.0,0.0,5.312162,3.0847352,9.424794,0.28957024,0.0,0.580367,8.88203
0,112,113.0,10.0,1.0,1.0,94.0,1.0,1.0,1.0,0.99996567,1.0,-0.0,0.0,-3.4322857e-05,-0.0,0.55315757,2.110256,0.9139713,2.4241688,0.47274214,1.3842069,1.0,4.575387,2.9042037,0.5555556,94.53161,1.0,0.0,0.0,1.0,0.0,0,5.593246,0.0,0.0,5.497832,3.4844165,7.2493606,2.3324163,0.0,1.4637864,6.896968
1,112,113.0,10.0,1.0,1.0,94.0,1.0,1.0,1.0,0.99996805,1.0,-0.0,0.0,-3.1927244e-05,-0.0,0.56541115,2.0198321,0.92224795,2.3903527,0.4523566,1.8345584,1.0,4.677971,3.4107044,0.5462963,95.21183,1.0,0.0,0.0,1.0,0.0,0,5.7097845,0.0,0.0,5.563174,4.1063495,8.081031,2.9796343,0.0,0.6067822,7.6443887
2,112,113.0,10.0,1.0,1.0,94.0,1.0,1.0,1.0,0.99996597,1.0,-0.0,0.0,-3.401009e-05,-0.0,0.5380757,2.9786632,0.8290357,1.7022167,0.5584656,1.3151982,1.0,4.8821855,2.5038328,0.5462963,95.075645,1.0,0.0,0.0,1.0,0.0,0,5.6905103,0.0,0.0,5.5908237,3.1463811,8.824751,0.50916517,0.0,2.1971016,6.2193985
3,112,113.0,10.0,1.0,1.0,94.0,1.0,1.0,1.0,0.99996835,1.0,-0.0,0.0,-3.1624808e-05,-0.0,0.51885843,2.556991,0.72953403,1.1480625,0.5812339,3.8410113,1.0,5.079871,1.9176686,0.5694444,94.696915,1.0,0.0,0.0,1.0,0.0,0,5.3241863,0.0,0.0,5.243792,3.1867862,9.878103,0.26183158,0.0,0.45560324,9.003182
0,113,114.0,10.0,1.0,1.0,95.0,1.0,1.0,1.0,0.99996245,1.0,-0.0,0.0,-3.7558835e-05,-0.0,0.5012352,1.4049442,0.9813544,2.969807,0.4749213,1.4088671,1.0,4.9882164,1.7682267,0.5555556,95.11926,1.0,0.0,0.0,1.0,0.0,0,5.4119897,0.0,0.0,5.3629446,3.445967,6.4414268,3.7151701,0.0,1.6128224,6.9155636
1,113,114.0,10.0,1.0,1.0,95.0,1.0,1.0,1.0,0.9999609,1.0,-0.0,0.0,-3.909388e-05,-0.0,0.49005264,1.3474264,0.9875094,2.8939836,0.4532948,1.8022755,1.0,5.002257,1.740194,0.5462963,95.768585,1.0,0.0,0.0,1.0,0.0,0,5.436548,0.0,0.0,5.328581,3.6882179,7.1959977,3.6303387,0.0,0.5684034,7.8177295
2,113,114.0,10.0,1.0,1.0,95.0,1.0,1.0,1.0,0.99995375,1.0,-0.0,0.0,-4.62532e-05,-0.0,0.42025447,2.2194214,0.8862948,2.0290427,0.56265223,1.3915383,1.0,5.1353025,0.5451087,0.5462963,95.71725,1.0,0.0,0.0,1.0,0.0,0,5.705478,0.0,0.0,5.5806623,2.9663897,8.144303,1.1114784,0.0,1.9803417,6.399824
3,113,114.0,10.0,1.0,1.0,95.0,1.0,1.0,1.0,0.9999603,1.0,-0.0,0.0,-3.9695056e-05,-0.0,0.3934756,1.8030958,0.7945885,1.0377754,0.5849422,3.8140142,1.0,5.3101325,-0.12988597,0.5694444,95.3348,1.0,0.0,0.0,1.0,0.0,0,5.1689215,0.0,0.0,5.086121,2.9547098,9.431679,0.141741,0.0,0.51485324,8.962425
0,114,115.0,10.0,1.0,1.0,96.0,1.0,1.0,1.0,0.9999649,1.0,-0.0,0.0,-3.511999e-05,-0.0,0.58151895,2.3007867,0.84497666,1.5122929,0.47491315,1.3596752,1.0,4.6516843,2.6048627,0.5601852,96.126816,1.0,0.0,0.0,1.0,0.0,0,5.7981763,0.0,0.0,6.04146,3.8701155,7.368221,2.2474704,0.0,1.4873769,6.904254
1,114,115.0,10.0,1.0,1.0,96.0,1.0,1.0,1.0,0.9999655,1.0,-0.0,0.0,-3.4504144e-05,-0.0,0.558535,2.279177,0.8655576,1.7054324,0.45927587,1.8178428,1.0,4.605981,2.1276865,0.5509259,96.8118,1.0,0.0,0.0,1.0,0.0,0,5.596347,0.0,0.0,5.9365544,3.641367,8.0349865,3.0503142,0.0,0.49112302,7.9265103
2,114,115.0,10.0,1.0,1.0,96.0,1.0,1.0,1.0,0.99996024,1.0,-0.0,0.0,-3.978186e-05,-0.0,0.48072562,3.1875997,0.77433854,1.5621908,0.5663517,1.370569,1.0,4.612186,1.4508628,0.5509259,96.79907,1.0,0.0,0.0,1.0,0.0,0,5.5400653,0.0,0.0,5.562814,3.4429815,8.960307,0.37995148,0.0,2.1908264,6.26774
3,114,115.0,10.0,1.0,1.0,96.0,1.0,1.0,1.0,0.999963,1.0,-0.0,0.0,-3.703775e-05,-0.0,0.47869086,2.760175,0.69270205,2.444106,0.5844279,3.8234437,1.0,4.911192,1.0530912,0.5787037,96.40153,1.0,0.0,0.0,1.0,0.0,0,5.277569,0.0,0.0,5.613546,3.6065907,10.162698,0.0,0.0,0.36947662,8.984132
0,115,116.0,10.0,1.0,1.0,97.0,1.0,1.0,1.0,0.9999696,1.0,-0.0,0.0,-3.0387104e-05,-0.0,0.6395366,1.4157034,0.97377867,3.2569342,0.47676408,1.3943479,1.0,5.677786,3.0619912,0.5601852,96.92131,1.0,0.0,0.0,1.0,0.0,0,5.666433,0.0,0.0,5.6095223,3.570709,6.45924,3.8641143,0.0,1.5441949,6.9133844
1,115,116.0,10.0,1.0,1.0,97.0,1.0,1.0,1.0,0.9999727,1.0,-0.0,0.0,-2.7316524e-05,-0.0,0.6243266,1.3491883,0.99072987,3.1830308,0.46066973,1.8234316,1.0,5.5452447,2.8953803,0.5509259,97.65176,1.0,0.0,0.0,1.0,0.0,0,5.7579074,0.0,0.0,5.718934,3.688467,7.0944457,3.6867285,0.0,0.67032474,7.885736
2,115,116.0,10.0,1.0,1.0,97.0,1.0,1.0,1.0,0.99995494,1.0,-0.0,0.0,-4.504406e-05,-0.0,0.57630724,2.1258156,0.91064787,2.5854182,0.56341463,1.4809138,1.0,5.396047,2.2126288,0.5509259,97.76806,1.0,0.0,0.0,1.0,0.0,0,6.228292,0.0,0.0,6.17217,3.1982696,8.095782,1.3404608,0.0,1.722681,6.443429
3,115,116.0,10.0,1.0,1.0,97.0,1.0,1.0,1.0,0.99996346,1.0,-0.0,0.0,-3.6562345e-05,-0.0,0.5203236,1.718529,0.8301551,1.2728583,0.58653766,3.8136034,1.0,5.591421,1.2932261,0.5787037,97.35038,1.0,0.0,0.0,1.0,0.0,0,5.5774436,0.0,0.0,5.4047422,3.1471424,9.598196,0.16500545,0.0,0.54428715,9.074614
0,116,117.0,10.0,1.0,1.0,98.0,1.0,1.0,1.0,0.9999681,1.0,-0.0,0.0,-3.186013e-05,-0.0,0.33073574,2.4879234,0.89094985,2.0344362,0.47861162,1.3909757,1.0,4.9233036,0.4741447,0.5648148,98.11594,1.0,0.0,0.0,1.0,0.0,0,5.5328174,0.0,0.0,5.4167466,4.0864964,7.292191,1.9296612,0.0,1.3893535,6.8159523
1,116,117.0,10.0,1.0,1.0,98.0,1.0,1.0,1.0,0.99997264,1.0,-0.0,0.0,-2.7329743e-05,-0.0,0.36750138,2.373568,0.9365972,2.4322278,0.46188062,1.8035779,1.0,5.0506682,0.5637351,0.5601852,98.80514,1.0,0.0,0.0,1.0,0.0,0,5.651369,0.0,0.0,5.519632,4.150793,7.953907,3.018532,0.0,0.5320743,7.8740683
2,116,117.0,10.0,1.0,1.0,98.0,1.0,1.0,1.0,0.99996734,1.0,-0.0,0.0,-3.263862e-05,-0.0,0.30365735,3.2755158,0.839186,1.5958973,0.56662303,1.4385542,1.0,4.8320913,0.2982002,0.5555556,99.03549,1.0,0.0,0.0,1.0,0.0,0,5.5700984,0.0,0.0,5.487077,3.1419294,8.826564,0.3333723,0.0,2.2504635,6.1366386
3,116,117.0,10.0,1.0,1.0,98.0,1.0,1.0,1.0,0.99996966,1.0,-0.0,0.0,-3.0352452e-05,-0.0,0.27666017,2.8733428,0.77193046,1.3229121,0.58555263,3.8332596,1.0,4.8840714,-0.2101129,0.5972222,98.62996,1.0,0.0,0.0,1.0,0.0,0,5.1227026,0.0,0.0,5.1157966,3.2784503,10.339981,0.0,0.0,0.34203607,9.01562
0,117,118.0,10.0,1.0,1.0,99.0,1.0,1.0,1.0,0.99996275,1.0,-0.0,0.0,-3.7261852e-05,-0.0,0.69724435,1.6145116,0.86353785,1.4719013,0.47975317,1.426534,1.0,5.1899543,1.897038,0.5648148,98.90435,1.0,0.0,0.0,1.0,0.0,0,5.8397436,0.0,0.0,5.8639116,3.5475326,6.2276926,3.4951258,0.0,1.7265154,6.887488
1,117,118.0,10.0,1.0,1.0,99.0,1.0,1.0,1.0,0.99997073,1.0,-0.0,0.0,-2.9261895e-05,-0.0,0.7619757,1.5151346,0.9516867,2.2958128,0.46254337,1.8105083,1.0,5.1159606,3.0127065,0.5601852,99.57488,1.0,0.0,0.0,1.0,0.0,0,5.454557,0.0,0.0,5.7133174,3.1628122,7.120264,3.0290313,0.0,0.5719432,7.4602995
2,117,118.0,10.0,1.0,1.0,99.0,1.0,1.0,1.0,0.999952,1.0,-0.0,0.0,-4.7965445e-05,-0.0,0.6158784,2.3509943,0.8350043,1.5475928,0.56868225,1.5138447,1.0,5.1683903,1.5449402,0.5555556,99.86964,1.0,0.0,0.0,1.0,0.0,0,5.410316,0.0,0.0,5.552714,3.1684718,7.6212387,1.270762,0.0,2.241637,5.839637
3,117,118.0,10.0,1.0,1.0,99.0,1.0,1.0,1.0,0.9999548,1.0,-0.0,0.0,-4.5182725e-05,-0.0,0.5991641,1.9245801,0.7825772,2.0924733,0.58827424,3.8088796,1.0,5.2642517,0.8080294,0.6018519,99.49615,1.0,0.0,0.0,1.0,0.0,0,5.157174,0.0,0.0,5.226867,3.3997438,9.569908,0.028174136,0.0,0.6274053,8.900975
0,118,119.0,10.0,1.0,1.0,100.0,1.0,1.0,1.0,0.99996173,1.0,-0.0,0.0,-3.8251907e-05,-0.0,0.48043355,2.1747077,0.9019459,2.8711736,0.47741285,1.4055299,1.0,5.757553,1.7108908,0.5648148,99.60693,1.0,0.0,0.0,1.0,0.0,0,6.4399137,0.0,0.0,6.0605636,4.4737163,7.273459,2.637754,0.0,1.7211581,6.8160224
1,118,119.0,10.0,1.0,1.0,100.0,1.0,1.0,1.0,0.99996996,1.0,-0.0,0.0,-3.002889e-05,-0.0,0.5015187,2.0452478,0.9959024,3.582443,0.45620367,1.7926958,1.0,5.961641,1.7881765,0.5601852,100.24116,1.0,0.0,0.0,1.0,0.0,0,6.3499513,0.0,0.0,5.9142475,4.6391473,8.095775,0.31772614,0.0,0.44095203,7.07867
2,118,119.0,10.0,1.0,1.0,100.0,1.0,1.0,1.0,0.99996513,1.0,-0.0,0.0,-3.488325e-05,-0.0,0.46334714,3.0014563,0.8585297,2.2213018,0.5698065,1.5112574,1.0,5.4687705,1.7453637,0.5601852,100.63195,1.0,0.0,0.0,1.0,0.0,0,6.553337,0.0,0.0,6.1453333,3.692296,8.617111,0.6443412,0.0,2.2728317,5.999947
3,118,119.0,10.0,1.0,1.0,100.0,1.0,1.0,1.0,0.9999644,1.0,-0.0,0.0,-3.56027e-05,-0.0,0.47850645,2.5741956,0.8117181,1.1507862,0.58412015,3.8469174,1.0,5.644169,1.7182641,0.6018519,100.269005,1.0,0.0,0.0,1.0,0.0,0,6.175326,0.0,0.0,5.8394346,3.7901633,10.457494,0.050959103,0.0,0.5835542,8.92795
0,119,120.0,10.0,1.0,1.0,101.0,1.0,1.0,1.0,0.9999782,1.0,-0.0,0.0,-2.179751e-05,-0.0,0.5744014,1.8379924,0.9361828,2.3626862,0.48390323,1.439642,1.0,5.551497,1.4816784,0.5648148,99.93793,1.0,0.0,0.0,1.0,0.0,0,5.4242606,0.0,0.0,5.4243064,3.8622613,6.7800093,3.320858,0.0,1.5963463,7.0013213
1,119,120.0,10.0,1.0,1.0,101.0,1.0,1.0,1.0,0.9999855,1.0,-0.0,0.0,-1.4495038e-05,-0.0,0.5813971,1.8371744,0.97875905,2.5823889,0.45504075,1.7791091,1.0,5.2244225,1.5127537,0.5601852,100.447784,1.0,0.0,0.0,1.0,0.0,0,5.1966214,0.0,0.0,5.0603614,3.6562018,7.747076,2.8614187,0.0,0.7434244,7.491241
2,119,120.0,10.0,1.0,1.0,101.0,1.0,1.0,1.0,0.9999799,1.0,-0.0,0.0,-2.0104231e-05,-0.0,0.49441195,2.610987,0.879742,1.64754,0.5765139,1.5646939,1.0,5.3842316,0.9063277,0.5648148,100.99538,1.0,0.0,0.0,1.0,0.0,0,5.197592,0.0,0.0,5.1374273,2.9693315,8.228361,1.2717588,0.0,2.2601635,6.0933423
3,119,120.0,10.0,1.0,1.0,101.0,1.0,1.0,1.0,0.99998015,1.0,-0.0,0.0,-1.9850057e-05,-0.0,0.4756171,2.1449833,0.8424292,0.91084963,0.58802086,3.8291724,1.0,5.451651,0.6574094,0.6018519,100.66045,1.0,0.0,0.0,1.0,0.0,0,4.940899,0.0,0.0,4.824105,3.1510236,9.977116,0.23275036,0.0,0.6970118,9.022723
0,120,121.0,10.0,1.0,1.0,102.0,1.0,1.0,1.0,0.99998856,1.0,-0.0,0.0,-1.1451175e-05,-0.0,0.3929835,2.3694851,0.87396854,1.538462,0.48814985,1.4719013,1.0,5.499359,-0.33959466,0.5787037,100.557365,1.0,0.0,0.0,1.0,0.0,0,6.1340065,0.0,0.0,6.353572,4.054316,6.841312,2.9178631,0.0,1.5033886,7.2479234
1,120,121.0,10.0,1.0,1.0,102.0,1.0,1.0,1.0,0.99998754,1.0,-0.0,0.0,-1.2466519e-05,-0.0,0.3855951,2.203411,0.9217525,2.1398184,0.4510998,1.832851,1.0,5.275778,-0.7253271,0.5694444,100.91124,1.0,0.0,0.0,1.0,0.0,0,5.644444,0.0,0.0,5.952052,3.6601567,7.7681065,2.2583215,0.0,1.0112243,7.257934
2,120,121.0,10.0,1.0,1.0,102.0,1.0,1.0,1.0,0.99998826,1.0,-0.0,0.0,-1.1760585e-05,-0.0,0.28950348,3.1836362,0.8029135,1.44561,0.58171314,1.6284258,1.0,5.3789883,-1.0335101,0.6064815,101.64778,1.0,0.0,0.0,1.0,0.0,0,5.518359,0.0,0.0,5.667033,3.3997946,8.396299,0.72103643,0.0,2.167878,6.079889
3,120,121.0,10.0,1.0,1.0,102.0,1.0,1.0,1.0,0.9999869,1.0,-0.0,0.0,-1.3132548e-05,-0.0,0.2952736,2.778385,0.7707164,2.8418524,0.5898634,3.835301,1.0,5.272322,-1.0985248,0.6296296,101.371704,1.0,0.0,0.0,1.0,0.0,0,4.796268,0.0,0.0,4.7229033,3.7018523,10.256857,0.0,0.0,0.44092935,9.06483
0,121,122.0,10.0,1.0,1.0,103.0,1.0,1.0,1.0,0.99998325,1.0,-0.0,0.0,-1.6741504e-05,-0.0,0.78270435,1.9228852,0.9160837,2.8288774,0.48977077,1.4851359,1.0,6.1624293,3.6268587,0.5787037,100.95993,1.0,0.0,0.0,1.0,0.0,0,6.255428,0.0,0.0,6.0554194,4.1414614,6.6511188,3.350176,0.0,1.5975846,6.908728
1,121,122.0,10.0,1.0,1.0,103.0,1.0,1.0,1.0,0.99998426,1.0,-0.0,0.0,-1.5753196e-05,-0.0,0.84224117,1.903583,0.95764565,3.166264,0.4541317,1.874652,1.0,6.0944843,3.932437,0.5694444,101.17445,1.0,0.0,0.0,1.0,0.0,0,6.2401495,0.0,0.0,5.9804263,4.523735,7.7970805,2.564141,0.0,0.69578844,7.38881
2,121,122.0,10.0,1.0,1.0,103.0,1.0,1.0,1.0,0.999979,1.0,-0.0,0.0,-2.098977e-05,-0.0,0.66216516,2.5685213,0.8482622,1.7282276,0.5824503,1.6446869,1.0,5.6948133,2.8014247,0.6064815,102.20896,1.0,0.0,0.0,1.0,0.0,0,6.1454797,0.0,0.0,5.9486713,3.0905852,8.042408,1.1446004,0.0,2.2969127,6.0003867
3,121,122.0,10.0,1.0,1.0,103.0,1.0,1.0,1.0,0.9999753,1.0,-0.0,0.0,-2.4686877e-05,-0.0,0.63851476,2.071188,0.8305947,0.9445964,0.58895886,3.841419,1.0,5.586336,2.3883572,0.6296296,102.030205,1.0,0.0,0.0,1.0,0.0,0,5.9206276,0.0,0.0,5.9334364,3.499382,9.929652,0.26987267,0.0,0.7447885,8.961843
0,122,123.0,10.0,1.0,1.0,104.0,1.0,1.0,1.0,0.9999801,1.0,-0.0,0.0,-1.9901792e-05,-0.0,0.26533902,2.3593097,0.9359777,2.6965625,0.49042976,1.4719013,1.0,6.0818944,-1.1773463,0.6111111,101.562,1.0,0.0,0.0,1.0,0.0,0,5.4511776,0.0,0.0,5.3812823,3.9482987,7.0518293,2.6350484,0.0,1.5470364,6.825437
1,122,123.0,10.0,1.0,1.0,104.0,1.0,1.0,1.0,0.9999842,1.0,-0.0,0.0,-1.5818243e-05,-0.0,0.2301924,2.2955341,0.9768042,2.904244,0.4586739,1.8637648,1.0,5.841538,-1.6376655,0.6111111,101.72992,1.0,0.0,0.0,1.0,0.0,0,5.1909347,0.0,0.0,4.9955125,4.063599,7.96231,2.568596,0.0,0.71219635,7.411996
2,122,123.0,10.0,1.0,1.0,104.0,1.0,1.0,1.0,0.999979,1.0,-0.0,0.0,-2.0990916e-05,-0.0,0.26377106,3.1040041,0.8486554,1.6832587,0.5844218,1.6499137,1.0,5.728168,-0.8526901,0.6157407,102.88696,1.0,0.0,0.0,1.0,0.0,0,5.9082603,0.0,0.0,5.8372464,3.321271,8.718737,0.7663394,0.0,2.482653,6.064509
3,122,123.0,10.0,1.0,1.0,104.0,1.0,1.0,1.0,0.9999782,1.0,-0.0,0.0,-2.1803746e-05,-0.0,0.23884103,2.660406,0.8245119,0.89437413,0.5851274,3.8582964,1.0,5.4385147,-0.9531844,0.6388889,102.755066,1.0,0.0,0.0,1.0,0.0,0,5.022616,0.0,0.0,4.9789076,3.3306518,10.5939455,0.23270376,0.0,0.81412166,8.867419
0,123,124.0,10.0,1.0,1.0,105.0,1.0,1.0,1.0,0.99998194,1.0,-0.0,0.0,-1.8055764e-05,-0.0,0.74651766,2.14283,0.8881364,1.7671907,0.49576917,1.518491,1.0,5.5858097,2.4015167,0.6157407,101.72708,1.0,0.0,0.0,1.0,0.0,0,5.254235,0.0,0.0,5.5484214,2.9348853,6.614002,3.0500107,0.0,1.3967183,6.9579067
1,123,124.0,10.0,1.0,1.0,105.0,1.0,1.0,1.0,0.9999803,1.0,-0.0,0.0,-1.9744397e-05,-0.0,0.7752165,2.2733302,0.8864995,2.1062682,0.46147284,1.880072,1.0,5.223297,2.673001,0.6111111,101.79094,1.0,0.0,0.0,1.0,0.0,0,5.0488553,0.0,0.0,5.294277,2.8972712,7.8064847,2.5653145,0.0,0.6758528,7.657644
2,123,124.0,10.0,1.0,1.0,105.0,1.0,1.0,1.0,0.99997526,1.0,-0.0,0.0,-2.4731764e-05,-0.0,0.70608145,2.7108972,0.8308245,1.1301979,0.58712864,1.7462496,1.0,5.6377764,2.5698674,0.6157407,103.239395,1.0,0.0,0.0,1.0,0.0,0,5.4040027,0.0,0.0,5.795859,3.0820956,8.189399,1.1354766,0.0,2.2249,6.023576
3,123,124.0,10.0,1.0,1.0,105.0,1.0,1.0,1.0,0.9999772,1.0,-0.0,0.0,-2.2804217e-05,-0.0,0.7275242,2.2451427,0.8154263,2.020151,0.5881506,3.8532207,1.0,5.427478,2.423946,0.6388889,103.13254,1.0,0.0,0.0,1.0,0.0,0,4.823591,0.0,0.0,5.2154646,3.188498,10.192383,0.13541314,0.0,0.83935714,8.92124
0,124,125.0,10.0,1.0,1.0,106.0,1.0,1.0,1.0,0.999968,1.0,-0.0,0.0,-3.202314e-05,-0.0,0.3025703,2.1978085,0.93225855,3.2289338,0.48977792,1.5323448,1.0,6.418449,-0.5536182,0.625,102.04717,1.0,0.0,0.0,1.0,0.0,0,6.2526126,0.0,0.0,6.222958,3.4925961,6.9910107,2.2650833,0.0,1.6162456,7.0050726
1,124,125.0,10.0,1.0,1.0,106.0,1.0,1.0,1.0,0.9999654,1.0,-0.0,0.0,-3.457466e-05,-0.0,0.36308056,2.109627,0.92979586,3.27228,0.4588894,1.9204382,1.0,6.3137918,-0.105833635,0.6157407,102.15322,1.0,0.0,0.0,1.0,0.0,0,6.0718637,0.0,0.0,6.166659,3.3003807,7.8572035,2.6717353,0.0,0.682861,7.4961014
2,124,125.0,10.0,1.0,1.0,106.0,1.0,1.0,1.0,0.9999723,1.0,-0.0,0.0,-2.7722548e-05,-0.0,0.33804104,2.8863354,0.861286,2.2800756,0.5829991,1.783942,1.0,6.1482563,-0.14479086,0.6157407,103.55892,1.0,0.0,0.0,1.0,0.0,0,6.3280063,0.0,0.0,6.2067504,3.2789652,8.281706,0.89420384,0.0,2.274695,6.1830297
3,124,125.0,10.0,1.0,1.0,106.0,1.0,1.0,1.0,0.9999731,1.0,-0.0,0.0,-2.6889686e-05,-0.0,0.3712274,2.4286957,0.85354877,1.1466982,0.5846805,3.882366,1.0,6.0229125,0.058577396,0.6388889,103.46472,1.0,0.0,0.0,1.0,0.0,0,5.7717285,0.0,0.0,5.7414374,3.5663013,10.485135,0.24203908,0.0,0.77701944,8.800738
0,125,126.0,10.0,1.0,1.0,107.0,1.0,1.0,1.0,0.99997497,1.0,-0.0,0.0,-2.5010706e-05,-0.0,0.62878615,2.5077527,0.88049555,1.8135321,0.49492013,1.5117753,1.0,5.8069077,1.9443045,0.625,102.38872,1.0,0.0,0.0,1.0,0.0,0,5.350809,0.0,0.0,5.402936,3.6942544,7.148231,2.5125737,0.0,1.7560791,7.0691237
1,125,126.0,10.0,1.0,1.0,107.0,1.0,1.0,1.0,0.9999739,1.0,-0.0,0.0,-2.6135986e-05,-0.0,0.67769474,2.4562469,0.8686221,1.8268625,0.4618609,1.9245099,1.0,5.450501,2.481427,0.6157407,102.52482,1.0,0.0,0.0,1.0,0.0,0,4.963244,0.0,0.0,5.150192,3.195418,8.302902,2.5609443,0.0,0.74402153,7.5633087
2,125,126.0,10.0,1.0,1.0,107.0,1.0,1.0,1.0,0.99998075,1.0,-0.0,0.0,-1.9259678e-05,-0.0,0.58986956,3.0834882,0.80884147,0.75691825,0.5894294,1.7542992,1.0,5.757655,1.7280234,0.6157407,103.790245,1.0,0.0,0.0,1.0,0.0,0,5.362324,0.0,0.0,5.343009,3.302877,8.737852,0.73025537,0.0,2.3659525,6.1499767
3,125,126.0,10.0,1.0,1.0,107.0,1.0,1.0,1.0,0.99998474,1.0,-0.0,0.0,-1.525833e-05,-0.0,0.5745381,2.6216416,0.802386,1.3590994,0.5866522,3.878533,1.0,5.499502,1.461585,0.6388889,103.68854,1.0,0.0,0.0,1.0,0.0,0,4.634256,0.0,0.0,4.7652626,2.9558053,10.588072,0.25680423,0.0,0.81039226,8.963063
0,126,127.0,10.0,1.0,1.0,108.0,1.0,1.0,1.0,0.9999587,1.0,-0.0,0.0,-4.127996e-05,-0.0,0.10847133,2.0774863,0.9549479,2.7949157,0.49407715,1.5751637,1.0,6.294883,-3.543539,0.6296296,102.92678,1.0,0.0,0.0,1.0,0.0,0,5.820355,0.0,0.0,5.74602,3.3090713,6.517492,2.8121145,0.0,1.6472795,6.8775516
1,126,127.0,10.0,1.0,1.0,108.0,1.0,1.0,1.0,0.99995595,1.0,-0.0,0.0,-4.4062774e-05,-0.0,0.09968653,2.0501924,0.93912166,2.6423156,0.46589914,1.9503655,1.0,5.871326,-3.3669229,0.6203704,103.063354,1.0,0.0,0.0,1.0,0.0,0,5.2470264,0.0,0.0,5.249415,3.0752132,7.4040327,3.1200786,0.0,0.76655555,7.808799
2,126,127.0,10.0,1.0,1.0,108.0,1.0,1.0,1.0,0.99996525,1.0,-0.0,0.0,-3.47629e-05,-0.0,0.11205543,2.6330519,0.8626456,1.5973679,0.5925746,1.8900373,1.0,6.0476637,-3.0402215,0.6296296,104.32858,1.0,0.0,0.0,1.0,0.0,0,5.8362703,0.0,0.0,5.727459,2.8989344,7.7555404,1.2905283,0.0,1.9779923,6.2299194
3,126,127.0,10.0,1.0,1.0,108.0,1.0,1.0,1.0,0.99997514,1.0,-0.0,0.0,-2.487891e-05,-0.0,0.1387652,2.2582686,0.8458914,0.7187293,0.5890912,3.8900208,1.0,5.7735643,-3.275561,0.662037,104.15212,1.0,0.0,0.0,1.0,0.0,0,5.2142425,0.0,0.0,5.095992,2.9464817,10.247304,0.2364805,0.0,0.76420486,8.94984
0,127,128.0,10.0,1.0,1.0,109.0,1.0,1.0,1.0,0.9999485,1.0,-0.0,0.0,-5.1502204e-05,-0.0,0.84390455,2.719986,0.7719477,1.0118077,0.49641407,1.4835539,1.0,5.364981,4.032746,0.6296296,103.57877,1.0,0.0,0.0,1.0,0.0,0,5.4253025,0.0,0.0,5.5932126,3.7602012,7.2539744,1.7092142,0.0,1.6180528,6.7395267
1,127,128.0,10.0,1.0,1.0,109.0,1.0,1.0,1.0,0.9999446,1.0,-0.0,0.0,-5.536472e-05,-0.0,0.8454077,2.721769,0.7746795,1.2844886,0.46769324,1.9595743,1.0,4.990454,4.072367,0.6203704,103.75185,1.0,0.0,0.0,1.0,0.0,0,5.151776,0.0,0.0,5.4257793,3.630737,8.282411,2.1102104,0.0,0.67038995,7.6120224
2,127,128.0,10.0,1.0,1.0,109.0,1.0,1.0,1.0,0.9999482,1.0,-0.0,0.0,-5.1790328e-05,-0.0,0.8205291,3.2853525,0.7134191,1.604701,0.6000539,1.8426468,1.0,5.211617,4.4213805,0.6296296,104.96731,1.0,0.0,0.0,1.0,0.0,0,4.8720503,0.0,0.0,5.095892,3.4879417,8.47274,0.4319748,0.0,2.4290466,5.8930087
3,127,128.0,10.0,1.0,1.0,109.0,1.0,1.0,1.0,0.999966,1.0,-0.0,0.0,-3.397224e-05,-0.0,0.85703915,2.7716777,0.7393547,2.6623838,0.5897361,3.8948474,1.0,5.247624,3.8769982,0.662037,104.64454,1.0,0.0,0.0,1.0,0.0,0,4.823035,0.0,0.0,4.8999825,3.7310302,10.749024,0.25724378,0.0,0.7379922,8.664878
0,128,129.0,10.0,1.0,1.0,110.0,1.0,1.0,1.0,0.9999514,1.0,-0.0,0.0,-4.858157e-05,-0.0,0.35418272,1.905364,0.9318332,3.6739252,0.48981854,1.5328555,1.0,6.802647,-0.6221775,0.6388889,104.60016,1.0,0.0,0.0,1.0,0.0,0,5.9382515,0.0,0.0,5.762178,3.4528859,6.799676,2.01628,0.0,1.4724225,6.4735885
1,128,129.0,10.0,1.0,1.0,110.0,1.0,1.0,1.0,0.9999507,1.0,-0.0,0.0,-4.9265334e-05,-0.0,0.37443414,1.8647197,0.9270084,3.5668952,0.46807173,1.9893061,1.0,6.4833145,-0.31908786,0.625,104.82072,1.0,0.0,0.0,1.0,0.0,0,5.6938443,0.0,0.0,5.3226113,3.5484154,7.388059,2.9773688,0.0,0.78392994,7.681403
2,128,129.0,10.0,1.0,1.0,110.0,1.0,1.0,1.0,0.99993896,1.0,-0.0,0.0,-6.102971e-05,-0.0,0.36431998,2.3553925,0.86869013,2.6485293,0.59479964,1.9758831,1.0,6.288713,-0.3494462,0.6388889,106.05763,1.0,0.0,0.0,1.0,0.0,0,6.025164,0.0,0.0,5.905009,3.0831497,7.961139,1.2259727,0.0,2.1905816,6.1456594
3,128,129.0,10.0,1.0,1.0,110.0,1.0,1.0,1.0,0.9999563,1.0,-0.0,0.0,-4.367842e-05,-0.0,0.38915688,1.9884752,0.88353086,1.5081468,0.5905156,3.9238832,1.0,6.3341303,-0.43957308,0.6666667,105.60281,1.0,0.0,0.0,1.0,0.0,0,5.476547,0.0,0.0,5.268681,2.975574,10.402174,0.37356102,0.0,0.7747127,8.911872
0,129,130.0,10.0,1.0,1.0,111.0,1.0,1.0,1.0,0.99996436,1.0,-0.0,0.0,-3.5656853e-05,-0.0,0.7161174,2.7293162,0.7837819,1.0579429,0.49039388,1.440729,1.0,5.5169353,2.9480662,0.6388889,105.432724,1.0,0.0,0.0,1.0,0.0,0,5.0891366,0.0,0.0,5.4925303,2.9662948,7.632069,0.7846218,0.0,1.5278115,6.289056
1,129,130.0,10.0,1.0,1.0,111.0,1.0,1.0,1.0,0.99995875,1.0,-0.0,0.0,-4.126024e-05,-0.0,0.75073206,2.7067668,0.8091612,1.1895804,0.47010505,1.9837902,1.0,5.1744523,3.4356322,0.625,105.665085,1.0,0.0,0.0,1.0,0.0,0,4.8996162,0.0,0.0,5.1334,3.2233381,8.305557,2.0816991,0.0,0.72931445,7.650514
2,129,130.0,10.0,1.0,1.0,111.0,1.0,1.0,1.0,0.99995816,1.0,-0.0,0.0,-4.183733e-05,-0.0,0.7412549,3.27513,0.72290546,0.846723,0.59997165,1.9515692,1.0,5.221721,3.809262,0.6388889,106.95914,1.0,0.0,0.0,1.0,0.0,0,5.3167005,0.0,0.0,5.1124296,3.6204505,9.098813,0.4177399,0.0,2.1787803,6.2047195
3,129,130.0,10.0,1.0,1.0,111.0,1.0,1.0,1.0,0.99996656,1.0,-0.0,0.0,-3.342193e-05,-0.0,0.70562214,2.8599286,0.75584084,1.7983625,0.591414,3.9348407,1.0,5.263246,2.347595,0.6666667,106.44852,1.0,0.0,0.0,1.0,0.0,0,4.5697136,0.0,0.0,4.7608633,2.8724194,10.972051,0.36042234,0.0,0.719251,8.860315
0,130,131.0,10.0,1.0,1.0,112.0,1.0,1.0,1.0,0.99994874,1.0,-0.0,0.0,-5.127732e-05,-0.0,0.15946478,1.9948689,0.86447483,2.2896676,0.47670016,1.5097029,1.0,6.1307573,-3.1501875,0.6481481,106.33519,1.0,0.0,0.0,1.0,0.0,0,5.44693,0.0,0.0,5.4565516,3.0392609,6.707392,1.259085,0.0,1.3119898,6.318144
1,130,131.0,10.0,1.0,1.0,112.0,1.0,1.0,1.0,0.999942,1.0,-0.0,0.0,-5.7986897e-05,-0.0,0.19155666,1.932431,0.9001308,2.3851075,0.4724403,2.0143306,1.0,5.7787905,-2.6445053,0.6388889,106.62749,1.0,0.0,0.0,1.0,0.0,0,5.046294,0.0,0.0,5.1061063,2.9104133,7.188398,2.794753,0.0,0.7708009,7.4809923
2,130,131.0,10.0,1.0,1.0,112.0,1.0,1.0,1.0,0.9999338,1.0,-0.0,0.0,-6.6235305e-05,-0.0,0.174997,2.3813837,0.8098155,1.5825998,0.5954399,2.18757,1.0,5.6766124,-3.2053645,0.6435185,107.9976,1.0,0.0,0.0,1.0,0.0,0,5.383564,0.0,0.0,5.335003,2.7042646,8.119642,1.4133353,0.0,1.531488,6.4366875
3,130,131.0,10.0,1.0,1.0,112.0,1.0,1.0,1.0,0.99994576,1.0,-0.0,0.0,-5.4257125e-05,-0.0,0.18772073,2.0116603,0.83114475,0.8001477,0.5965793,3.9566643,1.0,5.6708436,-3.9669015,0.6712963,107.43345,1.0,0.0,0.0,1.0,0.0,0,4.9697633,0.0,0.0,4.9142118,2.7520761,10.1968565,0.50791734,0.0,0.7682709,8.980247
0,131,132.0,10.0,1.0,1.0,113.0,1.0,1.0,1.0,0.999957,1.0,-0.0,0.0,-4.2986172e-05,-0.0,0.7188015,2.7496316,0.7442783,0.9827693,0.47451624,1.4055299,1.0,5.669496,2.7303202,0.6481481,107.09146,1.0,0.0,0.0,1.0,0.0,0,5.5490823,0.0,0.0,5.763651,3.7303097,7.7246313,0.37341055,0.0,1.7623734,6.144756
1,131,132.0,10.0,1.0,1.0,113.0,1.0,1.0,1.0,0.99994427,1.0,-0.0,0.0,-5.5737408e-05,-0.0,0.7420257,2.7162447,0.7740859,0.92787653,0.4679074,1.9940221,1.0,5.005116,3.1946375,0.6388889,107.4272,1.0,0.0,0.0,1.0,0.0,0,4.915403,0.0,0.0,5.194825,2.905679,8.39468,0.79363,0.0,0.48219994,7.1075463
2,131,132.0,10.0,1.0,1.0,113.0,1.0,1.0,1.0,0.9999374,1.0,-0.0,0.0,-6.257046e-05,-0.0,0.73402596,3.3311758,0.69891125,0.9445964,0.5959587,2.1703272,1.0,5.1008105,3.6098669,0.6435185,108.917786,1.0,0.0,0.0,1.0,0.0,0,5.315458,0.0,0.0,5.415927,2.7647717,9.198339,0.27050415,0.0,2.4155965,6.3142605
3,131,132.0,10.0,1.0,1.0,113.0,1.0,1.0,1.0,0.9999399,1.0,-0.0,0.0,-6.0086262e-05,-0.0,0.76470304,2.889893,0.7374936,1.8566116,0.5997678,3.9372272,1.0,5.1140065,2.960031,0.6712963,108.275185,1.0,0.0,0.0,1.0,0.0,0,5.0335193,0.0,0.0,5.0669613,3.3985553,10.883076,0.35944992,0.0,0.6912458,8.887178
0,132,133.0,10.0,1.0,1.0,114.0,1.0,1.0,1.0,0.99995106,1.0,-0.0,0.0,-4.8913484e-05,-0.0,0.20765178,1.9062543,0.85290194,2.7811584,0.46966755,1.4515537,1.0,6.4619565,-2.7129846,0.6481481,108.11709,1.0,0.0,0.0,1.0,0.0,0,5.453255,0.0,0.0,5.534246,3.2449083,6.8943644,1.0093815,0.0,1.6053913,5.8969364
1,132,133.0,10.0,1.0,1.0,114.0,1.0,1.0,1.0,0.9999514,1.0,-0.0,0.0,-4.8574424e-05,-0.0,0.1814887,1.8294206,0.89610314,2.7457519,0.45843565,2.0014665,1.0,5.7957253,-2.7008243,0.6435185,108.53581,1.0,0.0,0.0,1.0,0.0,0,4.97663,0.0,0.0,5.147606,3.0303347,7.6004276,0.0,0.0,0.41525197,6.595658
2,132,133.0,10.0,1.0,1.0,114.0,1.0,1.0,1.0,0.99993736,1.0,-0.0,0.0,-6.263633e-05,-0.0,0.22541173,2.258229,0.8181794,1.9924517,0.59724146,2.3188808,1.0,5.865447,-2.7724226,0.6481481,110.13364,1.0,0.0,0.0,1.0,0.0,0,5.298236,0.0,0.0,5.3150463,2.7709978,7.8615527,0.7099499,0.0,2.1606922,5.7274785
3,132,133.0,10.0,1.0,1.0,114.0,1.0,1.0,1.0,0.9999429,1.0,-0.0,0.0,-5.7096328e-05,-0.0,0.23612306,1.840549,0.8628656,0.85774386,0.604662,3.9294653,1.0,5.9179134,-3.4422343,0.6805556,109.4759,1.0,0.0,0.0,1.0,0.0,0,4.9732304,0.0,0.0,4.991696,2.9939532,10.111933,0.4668959,0.0,0.8049016,8.890412
0,133,134.0,10.0,1.0,1.0,115.0,1.0,1.0,1.0,0.9999558,1.0,-0.0,0.0,-4.425498e-05,-0.0,0.7136416,2.824571,0.7408768,1.0645804,0.4666971,1.3802431,1.0,5.4741793,2.780499,0.6481481,109.04553,1.0,0.0,0.0,1.0,0.0,0,5.403818,0.0,0.0,5.4686203,3.139437,7.847931,0.35360944,0.0,1.8502569,6.039613
1,133,134.0,10.0,1.0,1.0,115.0,1.0,1.0,1.0,0.9999668,1.0,-0.0,0.0,-3.3223936e-05,-0.0,0.67504346,2.689487,0.7623281,0.92449623,0.45436093,2.0034208,1.0,4.891246,2.5205455,0.6435185,109.441605,1.0,0.0,0.0,1.0,0.0,0,5.197261,0.0,0.0,5.2188406,3.3893402,8.483713,0.52117395,0.0,0.61987835,6.8069663
2,133,134.0,10.0,1.0,1.0,115.0,1.0,1.0,1.0,0.9999522,1.0,-0.0,0.0,-4.782101e-05,-0.0,0.7302977,3.2465649,0.70531166,1.160269,0.59698886,2.3413875,1.0,5.167215,2.9639733,0.6481481,111.102936,1.0,0.0,0.0,1.0,0.0,0,5.3751326,0.0,0.0,5.3996553,3.0761602,9.35047,0.22772262,0.0,2.5489345,6.3243966
3,133,134.0,10.0,1.0,1.0,115.0,1.0,1.0,1.0,0.99995565,1.0,-0.0,0.0,-4.4368626e-05,-0.0,0.71903694,2.8144023,0.74094075,1.9853677,0.6075865,3.9144952,1.0,5.1426992,2.2031553,0.6805556,110.440865,1.0,0.0,0.0,1.0,0.0,0,4.8286486,0.0,0.0,4.7915263,3.1330214,10.885886,0.34164575,0.0,0.658386,8.891723
0,134,135.0,10.0,1.0,1.0,116.0,1.0,1.0,1.0,0.9999402,1.0,-0.0,0.0,-5.98048e-05,-0.0,0.2712533,1.9574043,0.83370197,2.5439105,0.46438342,1.4133044,1.0,6.2710414,-2.0441394,0.6574074,110.06177,1.0,0.0,0.0,1.0,0.0,0,5.3031073,0.0,0.0,5.4271307,3.0491633,6.929044,0.6481928,0.0,1.7102783,5.6582727
1,134,135.0,10.0,1.0,1.0,116.0,1.0,1.0,1.0,0.99994683,1.0,-0.0,0.0,-5.3179643e-05,-0.0,0.30638948,1.9505546,0.84105515,2.5232108,0.44594598,2.04824,1.0,5.897375,-1.3709655,0.6527778,110.3528,1.0,0.0,0.0,1.0,0.0,0,5.1728225,0.0,0.0,5.4039316,3.2289987,7.753484,0.8768859,0.0,0.7772401,6.3024745
2,134,135.0,10.0,1.0,1.0,116.0,1.0,1.0,1.0,0.99993074,1.0,-0.0,0.0,-6.9284506e-05,-0.0,0.26867464,2.2538993,0.812828,2.0991957,0.5948354,2.4746597,1.0,5.9090304,-2.4477086,0.6527778,112.23494,1.0,0.0,0.0,1.0,0.0,0,5.3630323,0.0,0.0,5.3859806,2.831425,8.38927,0.6625164,0.0,2.328496,5.95461
3,134,135.0,10.0,1.0,1.0,116.0,1.0,1.0,1.0,0.9999431,1.0,-0.0,0.0,-5.6929443e-05,-0.0,0.3026791,1.867676,0.8168005,0.9851556,0.61126685,3.9028788,1.0,5.7386627,-3.4459634,0.6805556,111.50998,1.0,0.0,0.0,1.0,0.0,0,5.050046,0.0,0.0,5.028502,2.895837,10.038626,0.5410605,0.0,0.81718576,8.885689
0,135,136.0,10.0,1.0,1.0,117.0,1.0,1.0,1.0,0.99995214,1.0,-0.0,0.0,-4.7862846e-05,-0.0,0.7253822,2.8525097,0.70324105,1.0392826,0.46303853,1.3370361,1.0,5.6129355,2.7258835,0.6574074,110.955086,1.0,0.0,0.0,1.0,0.0,0,5.2958426,0.0,0.0,5.600185,3.1148834,7.9880614,0.321062,0.0,2.223842,5.748065
1,135,136.0,10.0,1.0,1.0,117.0,1.0,1.0,1.0,0.9999597,1.0,-0.0,0.0,-4.0278966e-05,-0.0,0.73719287,2.779904,0.7304477,1.1253396,0.443599,2.0558686,1.0,5.2976084,2.9916978,0.6527778,111.19372,1.0,0.0,0.0,1.0,0.0,0,4.9634366,0.0,0.0,5.557847,2.7927072,8.555517,0.4991384,0.0,0.843618,6.726295
2,135,136.0,10.0,1.0,1.0,117.0,1.0,1.0,1.0,0.9999415,1.0,-0.0,0.0,-5.8480404e-05,-0.0,0.73515546,3.2747223,0.6825929,1.2277867,0.5848938,2.5089002,1.0,5.1865554,2.7859733,0.6527778,113.24116,1.0,0.0,0.0,1.0,0.0,0,5.5083632,0.0,0.0,5.1913047,3.9335084,9.584585,0.1557349,0.0,2.5399678,6.2623744
3,135,136.0,10.0,1.0,1.0,117.0,1.0,1.0,1.0,0.9999496,1.0,-0.0,0.0,-5.0418446e-05,-0.0,0.76626575,2.8185058,0.7192243,1.8871363,0.61375517,3.8767157,1.0,5.171574,2.2504413,0.6805556,112.431656,1.0,0.0,0.0,1.0,0.0,0,5.0756917,0.0,0.0,5.1027517,3.5962024,10.837159,0.41954976,0.0,0.6702496,8.85681
0,136,137.0,10.0,1.0,1.0,118.0,1.0,1.0,1.0,0.99994415,1.0,-0.0,0.0,-5.586878e-05,-0.0,0.3612671,2.2296503,0.8160856,2.5760157,0.46210173,1.3819431,1.0,6.3297024,-1.2452602,0.6574074,111.66064,1.0,0.0,0.0,1.0,0.0,0,5.2118654,0.0,0.0,5.339363,2.9559524,7.0937166,0.712558,0.0,1.9831173,5.4892497
1,136,137.0,10.0,1.0,1.0,118.0,1.0,1.0,1.0,0.9999454,1.0,-0.0,0.0,-5.458047e-05,-0.0,0.37546718,2.2443268,0.80502033,2.2360525,0.44118086,2.0950902,1.0,5.8601646,-0.90482736,0.6527778,111.80202,1.0,0.0,0.0,1.0,0.0,0,4.9242606,0.0,0.0,5.0697913,2.9326909,7.753718,0.9371008,0.0,0.947889,6.29064
2,136,137.0,10.0,1.0,1.0,118.0,1.0,1.0,1.0,0.99992365,1.0,-0.0,0.0,-7.633172e-05,-0.0,0.3433388,2.4183254,0.7931404,2.022087,0.57297057,2.746607,1.0,5.8537393,-2.0401478,0.6527778,114.16721,1.0,0.0,0.0,1.0,0.0,0,5.3664155,0.0,0.0,5.3344,2.7618632,8.804328,0.8012482,0.0,1.838285,6.165056
3,136,137.0,10.0,1.0,1.0,118.0,1.0,1.0,1.0,0.9999373,1.0,-0.0,0.0,-6.268383e-05,-0.0,0.39745456,2.0674918,0.81982434,1.0791845,0.61804277,3.8696418,1.0,5.793256,-2.095474,0.6805556,113.25047,1.0,0.0,0.0,1.0,0.0,0,4.9173474,0.0,0.0,4.925308,2.769416,10.065343,0.64009607,0.0,0.82787853,8.862949
0,137,138.0,10.0,1.0,1.0,119.0,1.0,1.0,1.0,0.9999536,1.0,-0.0,0.0,-4.6348036e-05,-0.0,0.6524179,2.93576,0.6837973,1.139852,0.46353927,1.3428774,1.0,5.563557,2.115257,0.6574074,112.3198,1.0,0.0,0.0,1.0,0.0,0,5.277153,0.0,0.0,5.40204,3.338982,7.953354,0.30258223,0.0,2.3023124,5.6886363
1,137,138.0,10.0,1.0,1.0,119.0,1.0,1.0,1.0,0.99995446,1.0,-0.0,0.0,-4.5526733e-05,-0.0,0.65171385,2.9089801,0.68778783,0.97557527,0.44182992,2.126241,1.0,5.2319183,2.1936948,0.6527778,112.41894,1.0,0.0,0.0,1.0,0.0,0,5.2155776,0.0,0.0,5.397201,3.2547672,8.510056,0.52019423,0.0,0.9192015,6.82771
2,137,138.0,10.0,1.0,1.0,119.0,1.0,1.0,1.0,0.9999352,1.0,-0.0,0.0,-6.479148e-05,-0.0,0.6640628,3.216856,0.6832777,1.4461514,0.57642806,2.6381652,1.0,4.956419,2.1542766,0.6527778,114.91319,1.0,0.0,0.0,1.0,0.0,0,5.081597,0.0,0.0,5.049289,3.2608066,9.429745,0.17151816,0.0,2.5786655,6.339988
3,137,138.0,10.0,1.0,1.0,119.0,1.0,1.0,1.0,0.9999392,1.0,-0.0,0.0,-6.0811795e-05,-0.0,0.69197303,2.816186,0.70283365,2.1225564,0.6205445,3.8454928,1.0,5.060163,1.4252225,0.6805556,113.9456,1.0,0.0,0.0,1.0,0.0,0,4.9081054,0.0,0.0,5.1540747,2.8008018,10.675212,0.5742107,0.0,0.593435,8.83505
0,138,139.0,10.0,1.0,1.0,120.0,1.0,1.0,1.0,0.99995214,1.0,-0.0,0.0,-4.785169e-05,-0.0,0.507414,2.4669905,0.77531683,2.3583753,0.46193415,1.3960308,1.0,6.3382144,0.16187876,0.6574074,112.86714,1.0,0.0,0.0,1.0,0.0,0,5.2277684,0.0,0.0,5.4109993,3.0540419,7.3040357,0.6372528,0.0,2.1164732,5.4919767
1,138,139.0,10.0,1.0,1.0,120.0,1.0,1.0,1.0,0.9999583,1.0,-0.0,0.0,-4.1721283e-05,-0.0,0.5082369,2.4931185,0.7717808,2.142012,0.44179842,2.1634643,1.0,5.962068,0.44112092,0.6527778,112.92036,1.0,0.0,0.0,1.0,0.0,0,5.1315045,0.0,0.0,5.1894746,3.1167967,7.9318476,0.84547484,0.0,1.0372587,6.4051647
2,138,139.0,10.0,1.0,1.0,120.0,1.0,1.0,1.0,0.99993145,1.0,-0.0,0.0,-6.856472e-05,-0.0,0.45854038,2.562249,0.7873611,2.042883,0.57667446,2.7596853,1.0,5.692197,-0.83000773,0.6574074,115.64356,1.0,0.0,0.0,1.0,0.0,0,5.2402415,0.0,0.0,5.3294373,2.809389,8.681226,0.54428124,0.0,2.445769,5.806561
3,138,139.0,10.0,1.0,1.0,120.0,1.0,1.0,1.0,0.99994403,1.0,-0.0,0.0,-5.595136e-05,-0.0,0.5177226,2.2112737,0.7952801,1.1064013,0.6259822,3.823649,1.0,5.7435107,-0.9124847,0.6851852,114.61972,1.0,0.0,0.0,1.0,0.0,0,5.0529203,0.0,0.0,5.0836725,2.7821262,9.963699,0.7433767,0.0,0.75370747,8.87126
0,139,140.0,10.0,1.0,1.0,121.0,1.0,1.0,1.0,0.99996376,1.0,-0.0,0.0,-3.6261616e-05,-0.0,0.66335166,3.067197,0.6889755,1.665495,0.46506616,1.3751299,1.0,5.919503,2.137468,0.6574074,113.436844,1.0,0.0,0.0,1.0,0.0,0,5.475049,0.0,0.0,5.686162,3.348391,8.036677,0.32879993,0.0,2.362987,5.67581
1,139,140.0,10.0,1.0,1.0,121.0,1.0,1.0,1.0,0.99996644,1.0,-0.0,0.0,-3.3562894e-05,-0.0,0.6473001,3.078284,0.6831406,1.3619757,0.44551763,2.1721299,1.0,5.5006065,2.2648628,0.6527778,113.48612,1.0,0.0,0.0,1.0,0.0,0,5.2236943,0.0,0.0,5.4328895,3.1230705,8.446516,0.46000028,0.0,1.0751678,6.5997095
2,139,140.0,10.0,1.0,1.0,121.0,1.0,1.0,1.0,0.99995065,1.0,-0.0,0.0,-4.9380338e-05,-0.0,0.6829239,3.2950938,0.6887685,1.7200562,0.5801051,2.677628,1.0,5.2437396,2.38082,0.6574074,116.346886,1.0,0.0,0.0,1.0,0.0,0,5.5177097,0.0,0.0,5.498598,3.1704724,9.662154,0.123618275,0.0,2.5578387,6.1443715
3,139,140.0,10.0,1.0,1.0,121.0,1.0,1.0,1.0,0.9999529,1.0,-0.0,0.0,-4.710549e-05,-0.0,0.7176917,2.8592727,0.72329134,1.6607888,0.6296069,3.7946715,1.0,5.4209023,1.7845333,0.6851852,115.22796,1.0,0.0,0.0,1.0,0.0,0,5.176382,0.0,0.0,5.141988,3.1638942,10.555268,0.61506194,0.0,0.6241516,8.809572
0,140,141.0,10.0,1.0,1.0,122.0,1.0,1.0,1.0,0.9999657,1.0,-0.0,0.0,-3.424565e-05,-0.0,0.40380543,2.679721,0.75096095,2.102921,0.46450704,1.4450686,1.0,6.236556,-0.91371965,0.6666667,113.92015,1.0,0.0,0.0,1.0,0.0,0,5.0728927,0.0,0.0,5.1777196,2.9448433,7.476064,0.7342743,0.0,2.2551203,5.7032595
1,140,141.0,10.0,1.0,1.0,122.0,1.0,1.0,1.0,0.99997085,1.0,-0.0,0.0,-2.9149414e-05,-0.0,0.43644756,2.6858234,0.7438625,1.8113726,0.44560897,2.18757,1.0,5.8245344,-0.25374442,0.6574074,113.97271,1.0,0.0,0.0,1.0,0.0,0,4.9942274,0.0,0.0,4.9758854,2.8908966,8.043304,0.77497816,0.0,1.0350314,6.5440784
2,140,141.0,10.0,1.0,1.0,122.0,1.0,1.0,1.0,0.99994797,1.0,-0.0,0.0,-5.2016498e-05,-0.0,0.38124436,2.7107632,0.7760856,1.9837902,0.5741718,2.8588789,1.0,5.7389364,-1.7294176,0.6574074,117.02223,1.0,0.0,0.0,1.0,0.0,0,5.187549,0.0,0.0,5.234196,2.7980955,8.857981,0.4664504,0.0,2.1738527,5.907888
3,140,141.0,10.0,1.0,1.0,122.0,1.0,1.0,1.0,0.9999578,1.0,-0.0,0.0,-4.2176038e-05,-0.0,0.45988858,2.357718,0.80042034,1.0490273,0.63638806,3.7712884,1.0,5.809878,-1.4275498,0.6851852,115.81448,1.0,0.0,0.0,1.0,0.0,0,4.918522,0.0,0.0,4.9213767,2.7995107,10.00741,0.7603745,0.0,0.680154,8.9349375
0,141,142.0,10.0,1.0,1.0,123.0,1.0,1.0,1.0,0.9999699,1.0,-0.0,0.0,-3.0075586e-05,-0.0,0.6661892,2.850812,0.6801844,1.4298222,0.46835324,1.4697727,1.0,5.6616774,2.044388,0.6666667,114.03779,1.0,0.0,0.0,1.0,0.0,0,5.3565006,0.0,0.0,5.5150666,3.2216578,7.9387107,0.3394423,0.0,2.2359555,6.0102897
1,141,142.0,10.0,1.0,1.0,123.0,1.0,1.0,1.0,0.99997234,1.0,-0.0,0.0,-2.764812e-05,-0.0,0.6772671,2.7924252,0.69111335,1.2660761,0.44935057,2.2230628,1.0,5.325756,2.2870805,0.6574074,114.01507,1.0,0.0,0.0,1.0,0.0,0,5.203025,0.0,0.0,5.2573824,3.103141,8.312146,0.5829493,0.0,1.0087086,7.0485106
2,141,142.0,10.0,1.0,1.0,123.0,1.0,1.0,1.0,0.999962,1.0,-0.0,0.0,-3.8053757e-05,-0.0,0.6826904,3.0024676,0.6898513,1.3711398,0.5753927,2.8047006,1.0,5.3099113,1.2018448,0.6574074,117.26793,1.0,0.0,0.0,1.0,0.0,0,5.3372555,0.0,0.0,5.412791,3.1095343,9.678438,0.12905031,0.0,2.3977535,6.189938
3,141,142.0,10.0,1.0,1.0,123.0,1.0,1.0,1.0,0.9999591,1.0,-0.0,0.0,-4.0868756e-05,-0.0,0.73537713,2.6074739,0.7218323,1.7435583,0.6409244,3.740232,1.0,5.3838677,1.3042083,0.6851852,116.01902,1.0,0.0,0.0,1.0,0.0,0,5.1284003,0.0,0.0,5.0913024,2.9376142,10.176182,0.68693894,0.0,0.29326963,9.013319
0,142,143.0,10.0,1.0,1.0,124.0,1.0,1.0,1.0,0.99997234,1.0,-0.0,0.0,-2.7656812e-05,-0.0,0.43819958,2.6760387,0.76299554,2.3198934,0.46731898,1.531323,1.0,6.186814,-0.6611748,0.6666667,114.31069,1.0,0.0,0.0,1.0,0.0,0,5.1733227,0.0,0.0,5.221439,3.0997024,7.631645,0.60057455,0.0,2.054041,5.8089657
1,142,143.0,10.0,1.0,1.0,124.0,1.0,1.0,1.0,0.9999771,1.0,-0.0,0.0,-2.2866567e-05,-0.0,0.4266482,2.7203622,0.76733446,2.060812,0.45077422,2.254876,1.0,5.723753,-0.5647596,0.6574074,114.20026,1.0,0.0,0.0,1.0,0.0,0,5.0661664,0.0,0.0,4.9887056,3.027629,8.135826,0.8056412,0.0,1.0083207,6.9903493
2,142,143.0,10.0,1.0,1.0,124.0,1.0,1.0,1.0,0.9999566,1.0,-0.0,0.0,-4.3370506e-05,-0.0,0.41682982,2.6842256,0.7837112,1.9916656,0.5718339,2.9380076,1.0,5.833042,-1.4114687,0.6574074,117.67739,1.0,0.0,0.0,1.0,0.0,0,5.2554593,0.0,0.0,5.2848463,2.8150582,9.253033,0.41047457,0.0,2.142732,5.9571476
3,142,143.0,10.0,1.0,1.0,124.0,1.0,1.0,1.0,0.9999676,1.0,-0.0,0.0,-3.243558e-05,-0.0,0.53062177,2.350695,0.7961207,1.0935937,0.64616436,3.724291,1.0,5.904749,-1.2804595,0.6851852,116.35641,1.0,0.0,0.0,1.0,0.0,0,5.1335516,0.0,0.0,5.1629295,2.9789937,9.794922,0.9201028,0.0,0.54826057,8.990518
0,143,144.0,10.0,1.0,1.0,125.0,1.0,1.0,1.0,0.9999706,1.0,-0.0,0.0,-2.9405302e-05,-0.0,0.6827999,3.3613193,0.645082,0.74018866,0.47040698,1.5343866,1.0,5.305814,2.3617604,0.6666667,114.91797,1.0,0.0,0.0,1.0,0.0,0,4.9076853,0.0,0.0,5.39625,2.8975117,8.139105,0.3143288,0.0,2.2295358,6.0080514
1,143,144.0,10.0,1.0,1.0,125.0,1.0,1.0,1.0,0.99997395,1.0,-0.0,0.0,-2.6036234e-05,-0.0,0.66202134,3.3805046,0.66828805,0.5595296,0.4536041,2.2855616,1.0,4.942327,2.2990155,0.6574074,114.78216,1.0,0.0,0.0,1.0,0.0,0,4.7307544,0.0,0.0,5.207371,2.73828,8.491806,0.35947502,0.0,0.88550824,6.9536724
2,143,144.0,10.0,1.0,1.0,125.0,1.0,1.0,1.0,0.9999635,1.0,-0.0,0.0,-3.6471418e-05,-0.0,0.7016886,3.4929123,0.6644189,1.4138583,0.57353383,2.872264,1.0,5.108717,1.9652321,0.6574074,118.40774,1.0,0.0,0.0,1.0,0.0,0,5.017151,0.0,0.0,5.168365,3.174577,9.936923,0.17030112,0.0,2.4414573,6.293182
3,143,144.0,10.0,1.0,1.0,125.0,1.0,1.0,1.0,0.9999678,1.0,-0.0,0.0,-3.219629e-05,-0.0,0.7741835,3.0317256,0.687131,2.18757,0.6509394,3.6913555,1.0,5.309506,1.391774,0.6851852,116.96049,1.0,0.0,0.0,1.0,0.0,0,4.827331,0.0,0.0,5.1385427,2.9647257,10.19438,0.65744096,0.0,0.1936354,8.9989605
0,144,145.0,10.0,1.0,1.0,126.0,1.0,1.0,1.0,0.99995816,1.0,-0.0,0.0,-4.186127e-05,-0.0,0.57514495,2.2658114,0.7877701,2.7411869,0.4676068,1.6110295,1.0,6.380885,0.23109838,0.6712963,116.14234,1.0,0.0,0.0,1.0,0.0,0,5.5743523,0.0,0.0,5.5320573,3.1993463,7.5225706,0.8018027,0.0,1.9838994,5.8862624
1,144,145.0,10.0,1.0,1.0,126.0,1.0,1.0,1.0,0.99996406,1.0,-0.0,0.0,-3.5921337e-05,-0.0,0.5754605,2.3576016,0.8001889,2.7525852,0.44359797,2.3620234,1.0,6.120068,0.52876586,0.662037,115.92774,1.0,0.0,0.0,1.0,0.0,0,5.44229,0.0,0.0,5.2372537,3.1929095,7.9465785,0.76012653,0.0,0.9065581,6.743554
2,144,145.0,10.0,1.0,1.0,126.0,1.0,1.0,1.0,0.99994963,1.0,-0.0,0.0,-5.0369625e-05,-0.0,0.5715035,2.2806122,0.7972097,2.2964945,0.5638579,3.1419425,1.0,6.0575094,-0.7575946,0.6574074,119.72671,1.0,0.0,0.0,1.0,0.0,0,5.5129976,0.0,0.0,5.72044,2.8775475,9.312478,0.8015292,0.0,1.555396,6.4537177
3,144,145.0,10.0,1.0,1.0,126.0,1.0,1.0,1.0,0.9999616,1.0,-0.0,0.0,-3.837797e-05,-0.0,0.65593386,1.9390821,0.78990775,1.2629814,0.656984,3.6845632,1.0,6.05615,-0.32511446,0.6851852,118.15021,1.0,0.0,0.0,1.0,0.0,0,5.3851647,0.0,0.0,5.405713,2.9077256,9.6312275,0.80028063,0.0,0.18148,9.253343
0,145,146.0,10.0,1.0,1.0,127.0,1.0,1.0,1.0,0.9999624,1.0,-0.0,0.0,-3.7602185e-05,-0.0,0.6052535,3.340742,0.66918164,1.1439646,0.46816483,1.6032372,1.0,5.485015,1.327726,0.6712963,117.16889,1.0,0.0,0.0,1.0,0.0,0,5.0725427,0.0,0.0,5.3322005,2.884933,8.376511,0.28954476,0.0,2.151323,6.1504636
1,145,146.0,10.0,1.0,1.0,127.0,1.0,1.0,1.0,0.9999673,1.0,-0.0,0.0,-3.272853e-05,-0.0,0.5875647,3.3951387,0.69199544,1.1756821,0.43119708,2.4267504,1.0,5.2439632,1.1871643,0.662037,116.90923,1.0,0.0,0.0,1.0,0.0,0,5.093457,0.0,0.0,5.1680875,3.1317554,8.7630625,0.32766777,0.0,0.72923535,7.2887506
2,145,146.0,10.0,1.0,1.0,127.0,1.0,1.0,1.0,0.9999513,1.0,-0.0,0.0,-4.8686976e-05,-0.0,0.6457977,3.4575782,0.6851027,1.4867162,0.5670302,3.0747032,1.0,5.360121,1.318899,0.6574074,120.832695,1.0,0.0,0.0,1.0,0.0,0,5.2924495,0.0,0.0,5.3001556,3.2105398,10.262643,0.13416582,0.0,2.3971195,6.6166835
3,145,146.0,10.0,1.0,1.0,127.0,1.0,1.0,1.0,0.99996275,1.0,-0.0,0.0,-3.7241964e-05,-0.0,0.6846029,3.0382674,0.68383986,1.9979438,0.66091394,3.6589792,1.0,5.434009,0.74893606,0.6851852,119.17165,1.0,0.0,0.0,1.0,0.0,0,5.281838,0.0,0.0,5.2505207,3.2790308,10.285979,0.68937165,0.0,0.0,9.011758
0,146,147.0,10.0,1.0,1.0,128.0,1.0,1.0,1.0,0.9999591,1.0,-0.0,0.0,-4.0863335e-05,-0.0,0.47544464,2.3426373,0.76549697,1.9245099,0.46774507,1.6897559,1.0,6.0349436,-1.3192482,0.6712963,118.314804,1.0,0.0,0.0,1.0,0.0,0,5.100625,0.0,0.0,5.163225,2.8306625,7.4544086,0.73847604,0.0,1.7829814,5.8868937
1,146,147.0,10.0,1.0,1.0,128.0,1.0,1.0,1.0,0.9999586,1.0,-0.0,0.0,-4.1399777e-05,-0.0,0.43486542,2.493726,0.7721762,1.716412,0.42452756,2.5126412,1.0,5.639514,-1.7622467,0.662037,117.95319,1.0,0.0,0.0,1.0,0.0,0,5.0168934,0.0,0.0,4.879954,2.9646823,7.999096,0.7079229,0.0,0.90727776,6.7216363
2,146,147.0,10.0,1.0,1.0,128.0,1.0,1.0,1.0,0.9999462,1.0,-0.0,0.0,-5.3804775e-05,-0.0,0.45723504,2.3287375,0.7788612,1.7259617,0.5557241,3.3472536,1.0,5.9129105,-2.3433092,0.6574074,122.09008,1.0,0.0,0.0,1.0,0.0,0,5.1568327,0.0,0.0,5.2139845,2.7313437,9.487617,0.6343457,0.0,1.4425846,6.3900394
3,146,147.0,10.0,1.0,1.0,128.0,1.0,1.0,1.0,0.99995816,1.0,-0.0,0.0,-4.1868276e-05,-0.0,0.57320964,2.0084045,0.74705756,1.2473922,0.6681738,3.6424685,1.0,5.964698,-2.16135,0.6851852,120.31897,1.0,0.0,0.0,1.0,0.0,0,5.274663,0.0,0.0,5.270449,2.774819,9.318008,1.0393224,0.0,0.0,9.356897
0,147,148.0,10.0,1.0,1.0,129.0,1.0,1.0,1.0,0.9999641,1.0,-0.0,0.0,-3.590145e-05,-0.0,0.52068233,3.4600005,0.69931436,1.5169438,0.46537194,1.6888294,1.0,5.2768545,0.48694575,0.6712963,119.3035,1.0,0.0,0.0,1.0,0.0,0,4.9626293,0.0,0.0,4.9076786,2.9237297,8.302135,0.26530343,0.0,2.104023,6.0313296
1,147,148.0,10.0,1.0,1.0,129.0,1.0,1.0,1.0,0.999964,1.0,-0.0,0.0,-3.6024096e-05,-0.0,0.4469864,3.5882998,0.7098789,1.3688545,0.3872621,2.7537222,1.0,4.892327,-0.2990337,0.6666667,118.91806,1.0,0.0,0.0,1.0,0.0,0,4.949505,0.0,0.0,4.6944723,3.0482008,8.767876,0.2928723,0.0,0.84655744,7.2319117
2,147,148.0,10.0,1.0,1.0,129.0,1.0,1.0,1.0,0.9999513,1.0,-0.0,0.0,-4.8719805e-05,-0.0,0.5450047,3.5358758,0.71035963,1.5060694,0.5564397,3.2758665,1.0,5.264549,-0.07738359,0.662037,123.165115,1.0,0.0,0.0,1.0,0.0,0,5.1716475,0.0,0.0,5.0865464,2.9820402,10.4866495,0.051005535,0.0,2.2967713,6.603069
3,147,148.0,10.0,1.0,1.0,129.0,1.0,1.0,1.0,0.9999554,1.0,-0.0,0.0,-4.4605724e-05,-0.0,0.6520517,3.1011934,0.69005764,1.8549246,0.6711697,3.6159375,1.0,5.2701664,0.7997807,0.6851852,121.2812,1.0,0.0,0.0,1.0,0.0,0,5.0821023,0.0,0.0,4.9965186,2.857655,10.025498,0.7570737,0.0,0.0,8.936247
0,148,149.0,10.0,1.0,1.0,130.0,1.0,1.0,1.0,0.99995923,1.0,-0.0,0.0,-4.074509e-05,-0.0,0.44948274,2.3083656,0.7942089,1.7694038,0.4632656,1.8096434,1.0,5.7464786,-2.4783573,0.6712963,120.636734,1.0,0.0,0.0,1.0,0.0,0,4.9999523,0.0,0.0,5.1253242,2.789963,7.4444065,0.70836663,0.0,1.7268548,5.7696195
1,148,149.0,10.0,1.0,1.0,130.0,1.0,1.0,1.0,0.99996257,1.0,-0.0,0.0,-3.7412414e-05,-0.0,0.39028078,2.4775326,0.7981794,1.6869744,0.38420993,2.8597002,1.0,5.3651633,-2.7042086,0.6666667,120.21073,1.0,0.0,0.0,1.0,0.0,0,4.9524894,0.0,0.0,4.9361134,2.9514036,8.110691,0.6947241,0.0,0.92563146,6.8188877
2,148,149.0,10.0,1.0,1.0,130.0,1.0,1.0,1.0,0.9999418,1.0,-0.0,0.0,-5.815446e-05,-0.0,0.46011806,2.2421777,0.8107489,1.6598461,0.5509697,3.5278358,1.0,5.88593,-3.5073748,0.662037,124.6236,1.0,0.0,0.0,1.0,0.0,0,5.1731324,0.0,0.0,5.310992,2.7519813,9.531571,0.6101178,0.0,1.321971,6.327584
3,148,149.0,10.0,1.0,1.0,130.0,1.0,1.0,1.0,0.99994856,1.0,-0.0,0.0,-5.146432e-05,-0.0,0.5676281,1.8806077,0.7623132,1.1723486,0.6798622,3.590301,1.0,5.7847233,-2.0741336,0.6851852,122.65582,1.0,0.0,0.0,1.0,0.0,0,5.1018686,0.0,0.0,5.2116365,2.8801718,9.124163,0.9930772,0.0,0.0,9.411072
0,149,150.0,10.0,1.0,1.0,131.0,1.0,1.0,1.0,0.9999647,1.0,-0.0,0.0,-3.5306934e-05,-0.0,0.6630845,2.950909,0.69311386,1.5726774,0.43531245,2.0135534,1.0,5.390852,0.64346564,0.6712963,121.232666,1.0,0.0,0.0,1.0,0.0,0,5.4198327,0.0,0.0,5.6138425,2.961239,8.7428255,0.22949344,0.0,1.9843277,6.1306562
1,149,150.0,10.0,1.0,1.0,131.0,1.0,1.0,1.0,0.9999675,1.0,-0.0,0.0,-3.2490054e-05,-0.0,0.6178599,3.1040664,0.7105145,1.5348967,0.37650993,2.9467866,1.0,5.1022696,0.093665905,0.6666667,120.7932,1.0,0.0,0.0,1.0,0.0,0,5.3148594,0.0,0.0,5.4052444,3.0984385,9.003184,0.40066552,0.0,1.5902666,6.768073
2,149,150.0,10.0,1.0,1.0,131.0,1.0,1.0,1.0,0.9999584,1.0,-0.0,0.0,-4.1579326e-05,-0.0,0.7203959,2.986762,0.7123689,1.7475939,0.5533143,3.472596,1.0,5.58072,0.63241273,0.662037,125.30047,1.0,0.0,0.0,1.0,0.0,0,5.6486244,0.0,0.0,5.6502633,3.2754776,10.617074,0.08395562,0.0,2.2173405,6.5389476
3,149,150.0,10.0,1.0,1.0,131.0,1.0,1.0,1.0,0.9999541,1.0,-0.0,0.0,-4.5917943e-05,-0.0,0.9047169,2.613088,0.73567426,1.5374442,0.6811303,3.5653584,1.0,5.7804523,2.8420818,0.6851852,123.27408,1.0,0.0,0.0,1.0,0.0,0,5.8767624,0.0,0.0,5.8764496,3.460215,10.066633,0.7460287,0.0,0.0664692,9.134136
0,150,151.0,10.0,1.0,1.0,132.0,1.0,1.0,1.0,0.99995965,1.0,-0.0,0.0,-4.0373052e-05,-0.0,0.22975206,2.623514,0.8195569,2.7440407,0.43529034,2.124768,1.0,5.782927,-4.069266,0.6712963,121.93954,1.0,0.0,0.0,1.0,0.0,0,4.4222035,0.0,0.0,4.385824,2.5825775,8.128082,0.6815097,0.0,1.9503403,5.8744416
1,150,151.0,10.0,1.0,1.0,132.0,1.0,1.0,1.0,0.99996364,1.0,-0.0,0.0,-3.6332553e-05,-0.0,0.24498142,2.7843843,0.8403253,3.003095,0.38826558,2.9063993,1.0,5.6623006,-3.294464,0.6666667,121.483574,1.0,0.0,0.0,1.0,0.0,0,4.5375156,0.0,0.0,4.4968376,2.679669,9.079868,0.6417985,0.0,1.8709992,6.770888
2,150,151.0,10.0,1.0,1.0,132.0,1.0,1.0,1.0,0.99994844,1.0,-0.0,0.0,-5.1531864e-05,-0.0,0.22969656,2.567819,0.8254028,2.4141386,0.55493635,3.6435428,1.0,5.761705,-5.098732,0.662037,126.04336,1.0,0.0,0.0,1.0,0.0,0,4.2989035,0.0,0.0,4.3209,2.4904907,9.931672,0.31201923,0.0,1.8969861,6.25252
3,150,151.0,10.0,1.0,1.0,132.0,1.0,1.0,1.0,0.99995023,1.0,-0.0,0.0,-4.9775455e-05,-0.0,0.4040491,2.2087297,0.86357605,1.8070464,0.6860953,3.5278358,1.0,6.7896895,-2.5210214,0.6851852,123.99998,1.0,0.0,0.0,1.0,0.0,0,4.6862974,0.0,0.0,7.5815377,0.56332475,9.241009,0.9706113,0.0,0.6425741,4.3521194
0,151,152.0,10.0,1.0,1.0,133.0,1.0,1.0,1.0,0.9999576,1.0,-0.0,0.0,-4.2358326e-05,-0.0,0.5725581,3.1423807,0.70239145,0.68983483,0.42848945,2.2241192,1.0,4.8654237,-1.0413108,0.6712963,122.46283,1.0,0.0,0.0,1.0,0.0,0,4.7669735,0.0,0.0,5.10157,2.8783906,9.106438,0.21782704,0.0,1.9975605,6.1682014
1,151,152.0,10.0,1.0,1.0,133.0,1.0,1.0,1.0,0.99996006,1.0,-0.0,0.0,-3.9925395e-05,-0.0,0.62557906,3.237347,0.74825585,1.0309652,0.38669416,2.8988483,1.0,4.7348685,-0.023895875,0.6666667,121.932076,1.0,0.0,0.0,1.0,0.0,0,4.864661,0.0,0.0,4.9799833,3.1819072,8.165355,0.27159593,0.0,1.7445986,6.8844523
2,151,152.0,10.0,1.0,1.0,133.0,1.0,1.0,1.0,0.999954,1.0,-0.0,0.0,-4.6038564e-05,-0.0,0.81186444,3.0440397,0.78177035,1.616365,0.54276896,3.7414873,1.0,5.5129194,1.3090903,0.662037,126.49262,1.0,0.0,0.0,1.0,0.0,0,5.5360518,0.0,0.0,5.746827,3.2907367,10.5663,0.05645124,0.0,1.9658105,6.633499
3,151,152.0,10.0,1.0,1.0,133.0,1.0,1.0,1.0,0.9999757,1.0,-0.0,0.0,-2.4325778e-05,-0.0,0.6591063,2.5898082,0.80654055,0.7793353,0.69101125,3.5144968,1.0,6.1949215,-0.31900313,0.6851852,124.349724,1.0,0.0,0.0,1.0,0.0,0,5.228047,0.0,0.0,5.621244,3.254067,9.639767,0.9176261,0.0,0.0,9.155569
0,152,153.0,10.0,1.0,1.0,134.0,1.0,1.0,1.0,0.99994737,1.0,-0.0,0.0,-5.26456e-05,-0.0,0.23081936,2.5328104,0.7986221,2.7537222,0.41710976,2.360034,1.0,5.6191125,-4.6189165,0.6712963,123.3604,1.0,0.0,0.0,1.0,0.0,0,4.8790298,0.0,0.0,4.762569,2.6370177,8.539168,0.7108348,0.0,1.5182474,5.8961015
1,152,153.0,10.0,1.0,1.0,134.0,1.0,1.0,1.0,0.99995273,1.0,-0.0,0.0,-4.7246063e-05,-0.0,0.25102124,2.6714473,0.8658634,3.5069158,0.38923177,2.905591,1.0,5.9366317,-3.9192736,0.6666667,122.804245,1.0,0.0,0.0,1.0,0.0,0,4.5055313,0.0,0.0,4.512456,2.253101,7.9412,0.5687925,0.0,1.7529019,6.462917
2,152,153.0,10.0,1.0,1.0,134.0,1.0,1.0,1.0,0.99992794,1.0,-0.0,0.0,-7.206084e-05,-0.0,0.2667505,2.3992484,0.87327904,3.1179335,0.54136825,3.8191419,1.0,6.284471,-4.826909,0.662037,127.399185,1.0,0.0,0.0,1.0,0.0,0,4.7064066,0.0,0.0,4.7214746,2.4737306,9.671143,0.34547368,0.0,1.7133695,6.265755
3,152,153.0,10.0,1.0,1.0,134.0,1.0,1.0,1.0,0.9999799,1.0,-0.0,0.0,-2.0095005e-05,-0.0,0.40689445,2.339605,0.7795552,0.9899111,0.6971203,3.4752998,1.0,6.4262333,-4.1930685,0.6851852,124.81692,1.0,0.0,0.0,1.0,0.0,0,4.882856,0.0,0.0,6.85769,1.2360816,8.762588,1.3175219,0.0,1.3041649,5.9338794
0,153,154.0,10.0,1.0,1.0,135.0,1.0,1.0,1.0,0.999951,1.0,-0.0,0.0,-4.900305e-05,-0.0,0.6308999,3.16502,0.6778037,1.0689826,0.40833437,2.3978722,1.0,4.7178345,-0.9843223,0.6712963,123.88606,1.0,0.0,0.0,1.0,0.0,0,4.822805,0.0,0.0,5.2717733,2.7846196,9.587153,0.21369442,0.0,2.1963446,6.356859
1,153,154.0,10.0,1.0,1.0,135.0,1.0,1.0,1.0,0.99995345,1.0,-0.0,0.0,-4.6528985e-05,-0.0,0.6757207,3.285231,0.73974174,1.2366792,0.38737395,2.8227832,1.0,4.785364,0.10150578,0.6666667,123.33277,1.0,0.0,0.0,1.0,0.0,0,4.840001,0.0,0.0,5.00935,3.0345385,8.053189,0.18859948,0.0,1.6528195,6.894362
2,153,154.0,10.0,1.0,1.0,135.0,1.0,1.0,1.0,0.99993426,1.0,-0.0,0.0,-6.576031e-05,-0.0,0.75885916,3.101938,0.72562265,1.2524018,0.53819776,3.7234504,1.0,5.250946,-0.40458795,0.662037,127.985016,1.0,0.0,0.0,1.0,0.0,0,5.3515697,0.0,0.0,5.2397614,3.3269765,10.6545515,0.05529604,0.0,2.1008224,6.772916
3,153,154.0,10.0,1.0,1.0,135.0,1.0,1.0,1.0,0.99998283,1.0,-0.0,0.0,-1.7141925e-05,-0.0,0.6956693,2.5830328,0.738616,1.1723486,0.6999763,3.4592702,1.0,6.2169714,-1.279125,0.6851852,124.99745,1.0,0.0,0.0,1.0,0.0,0,5.457692,0.0,0.0,5.641585,3.206664,9.286063,1.2971103,0.0,0.38687664,9.048394
0,154,155.0,10.0,1.0,1.0,136.0,1.0,1.0,1.0,0.9999297,1.0,-0.0,0.0,-7.027986e-05,-0.0,0.20045005,2.5304554,0.8481917,3.2689292,0.40816274,2.4916816,1.0,5.7373652,-5.277764,0.6759259,124.84629,1.0,0.0,0.0,1.0,0.0,0,4.5189633,0.0,0.0,4.6012125,2.189873,8.525767,0.7321004,0.0,1.9199275,5.9522924
1,154,155.0,10.0,1.0,1.0,136.0,1.0,1.0,1.0,0.99992496,1.0,-0.0,0.0,-7.503622e-05,-0.0,0.20059086,2.6112547,0.89266187,3.6401038,0.38782418,2.868446,1.0,5.932668,-4.826957,0.6712963,124.32548,1.0,0.0,0.0,1.0,0.0,0,4.4983163,0.0,0.0,4.3263907,2.4483066,7.8246617,0.6334526,0.0,1.7020458,6.5013423
2,154,155.0,10.0,1.0,1.0,136.0,1.0,1.0,1.0,0.9999103,1.0,-0.0,0.0,-8.972416e-05,-0.0,0.19469075,2.3681662,0.87781763,2.9459898,0.5345816,3.9356363,1.0,6.0139556,-6.2691402,0.6666667,128.99838,1.0,0.0,0.0,1.0,0.0,0,4.4888034,0.0,0.0,4.759407,2.3634255,9.447867,0.34138516,0.0,1.8896129,6.5823197
3,154,155.0,10.0,1.0,1.0,136.0,1.0,1.0,1.0,0.99997866,1.0,-0.0,0.0,-2.1322137e-05,-0.0,0.38521105,2.321116,0.7880615,1.2710122,0.70687217,3.4214997,1.0,6.7351947,-3.9330301,0.6851852,125.50304,1.0,0.0,0.0,1.0,0.0,0,4.8917828,0.0,0.0,7.832631,0.39308247,8.598827,1.4640759,0.0,0.7945775,6.8653626
0,155,156.0,10.0,1.0,1.0,137.0,1.0,1.0,1.0,0.99994093,1.0,-0.0,0.0,-5.9074107e-05,-0.0,0.7712282,3.21364,0.72519875,1.7534065,0.40472347,2.4828703,1.0,4.845937,0.91815645,0.6759259,125.479576,1.0,0.0,0.0,1.0,0.0,0,5.0445547,0.0,0.0,5.685777,2.4863613,9.527652,0.16744491,0.0,1.9006152,6.5498886
1,155,156.0,10.0,1.0,1.0,137.0,1.0,1.0,1.0,0.9999406,1.0,-0.0,0.0,-5.9434904e-05,-0.0,0.8293044,3.2220812,0.8039057,2.5303357,0.38680026,2.7951956,1.0,5.417901,2.3200243,0.6712963,124.86644,1.0,0.0,0.0,1.0,0.0,0,5.46974,0.0,0.0,5.5863714,3.4778655,8.056462,0.11492199,0.0,1.587179,6.8505087
2,155,156.0,10.0,1.0,1.0,137.0,1.0,1.0,1.0,0.9999344,1.0,-0.0,0.0,-6.560093e-05,-0.0,0.62030184,3.1775255,0.79515976,1.5924604,0.53448105,3.7977648,1.0,5.2686415,-0.82365984,0.6666667,129.6478,1.0,0.0,0.0,1.0,0.0,0,5.489178,0.0,0.0,5.6663866,3.3822188,10.260432,0.08004817,0.0,2.0952032,6.885462
3,155,156.0,10.0,1.0,1.0,137.0,1.0,1.0,1.0,0.99997383,1.0,-0.0,0.0,-2.617379e-05,-0.0,0.6747022,2.722584,0.728552,1.2130358,0.709623,3.3925498,1.0,6.3417096,-1.1879988,0.6851852,125.78367,1.0,0.0,0.0,1.0,0.0,0,5.3302937,0.0,0.0,5.5817423,3.0415933,9.131146,1.3003414,0.0,0.37490037,9.073965
0,156,157.0,10.0,1.0,1.0,138.0,1.0,1.0,1.0,0.999932,1.0,-0.0,0.0,-6.8007466e-05,-0.0,0.25046617,2.570836,0.89158845,3.9811227,0.4050019,2.5432951,1.0,6.1203885,-4.094027,0.6759259,126.43839,1.0,0.0,0.0,1.0,0.0,0,4.506961,0.0,0.0,4.6482234,2.1716535,8.483353,0.60890573,0.0,1.8091382,6.151339
1,156,157.0,10.0,1.0,1.0,138.0,1.0,1.0,1.0,0.9999325,1.0,-0.0,0.0,-6.744456e-05,-0.0,0.24865158,2.6002722,0.97290426,4.985229,0.38820347,2.8429542,1.0,6.772104,-3.497961,0.6759259,125.81734,1.0,0.0,0.0,1.0,0.0,0,4.243572,0.0,0.0,4.323197,2.2363014,7.7300377,0.5763464,0.0,1.5343229,6.7543445
2,156,157.0,10.0,1.0,1.0,138.0,1.0,1.0,1.0,0.99994993,1.0,-0.0,0.0,-5.005086e-05,-0.0,0.31116122,2.6899836,0.9203341,3.0090837,0.5402542,3.7706654,1.0,6.249181,-4.5134134,0.6666667,130.40364,1.0,0.0,0.0,1.0,0.0,0,4.9224544,0.0,0.0,4.924933,2.5910652,9.750133,0.30897927,0.0,2.222222,6.5003514
3,156,157.0,10.0,1.0,1.0,138.0,1.0,1.0,1.0,0.9999808,1.0,-0.0,0.0,-1.9183788e-05,-0.0,0.3826868,2.4739966,0.7683477,1.0572028,0.71629137,3.368003,1.0,6.7941656,-4.7137637,0.6851852,126.251854,1.0,0.0,0.0,1.0,0.0,0,4.5307527,0.0,0.0,7.1838474,0.4149749,8.776777,1.2322321,0.0,0.386085,6.167404
0,157,158.0,10.0,1.0,1.0,139.0,1.0,1.0,1.0,0.99994105,1.0,-0.0,0.0,-5.8952697e-05,-0.0,0.6473578,3.2723148,0.6752641,1.4617629,0.40196618,2.5089002,1.0,4.569647,-1.5817546,0.6759259,127.11122,1.0,0.0,0.0,1.0,0.0,0,4.5634427,0.0,0.0,5.225038,2.2319844,9.694079,0.1611237,0.0,1.9881734,6.711342
1,157,158.0,10.0,1.0,1.0,139.0,1.0,1.0,1.0,0.9999455,1.0,-0.0,0.0,-5.4462103e-05,-0.0,0.6705422,3.2791338,0.75174916,1.7049733,0.3851362,2.7491705,1.0,4.6209264,-0.31849277,0.6759259,126.498665,1.0,0.0,0.0,1.0,0.0,0,4.4775352,0.0,0.0,4.8158255,3.0366132,8.305775,0.13655937,0.0,1.468032,6.7533865
2,157,158.0,10.0,1.0,1.0,139.0,1.0,1.0,1.0,0.9999667,1.0,-0.0,0.0,-3.334303e-05,-0.0,0.5784705,3.0993397,0.743467,1.3677105,0.5372091,3.7944653,1.0,5.121931,-3.9143515,0.6666667,130.85294,1.0,0.0,0.0,1.0,0.0,0,4.8975587,0.0,0.0,5.259377,2.6149206,10.1309395,0.07480886,0.0,2.3250434,6.812915
3,157,158.0,10.0,1.0,1.0,139.0,1.0,1.0,1.0,0.9999748,1.0,-0.0,0.0,-2.5232193e-05,-0.0,0.62587225,2.8124304,0.724424,1.2850978,0.71974057,3.3460839,1.0,6.45962,-1.5386055,0.6851852,126.48557,1.0,0.0,0.0,1.0,0.0,0,5.464816,0.0,0.0,5.702286,2.9926183,9.092944,1.1771214,0.0,0.0834651,9.162444
0,158,159.0,10.0,1.0,1.0,140.0,1.0,1.0,1.0,0.999929,1.0,-0.0,0.0,-7.100453e-05,-0.0,0.22278242,2.5736458,0.81822145,3.0537555,0.40306723,2.6334136,1.0,5.3805184,-6.1662345,0.6759259,128.06296,1.0,0.0,0.0,1.0,0.0,0,4.489066,0.0,0.0,4.636761,2.1115246,8.628563,0.6952854,0.0,2.0147483,6.0141997
1,158,159.0,10.0,1.0,1.0,140.0,1.0,1.0,1.0,0.9999276,1.0,-0.0,0.0,-7.240517e-05,-0.0,0.18127449,2.6211798,0.8687102,3.442484,0.385394,2.8150082,1.0,5.431845,-5.5315037,0.6805556,127.42559,1.0,0.0,0.0,1.0,0.0,0,3.9452353,0.0,0.0,4.1207395,2.0502384,7.691502,0.5562152,0.0,1.5386834,6.144431
2,158,159.0,10.0,1.0,1.0,140.0,1.0,1.0,1.0,0.9999511,1.0,-0.0,0.0,-4.8884103e-05,-0.0,0.23698285,2.769176,0.8071851,2.2096426,0.5451509,3.8528142,1.0,5.5342073,-6.5029564,0.6712963,131.4177,1.0,0.0,0.0,1.0,0.0,0,4.9679623,0.0,0.0,7.338423,0.6639313,9.429888,0.29049727,0.0,2.1246026,4.7575755
3,158,159.0,10.0,1.0,1.0,140.0,1.0,1.0,1.0,0.9999856,1.0,-0.0,0.0,-1.4418997e-05,-0.0,0.3713444,2.5352798,0.7677175,1.0210481,0.7273998,3.3202505,1.0,6.753805,-5.2265964,0.6851852,126.96271,1.0,0.0,0.0,1.0,0.0,0,4.3061433,0.0,0.6638774,6.986162,0.429006,7.936007,1.1500514,0.0,0.7990314,6.8140244
0,159,160.0,10.0,1.0,1.0,141.0,1.0,1.0,1.0,0.9999359,1.0,-0.0,0.0,-6.407608e-05,-0.0,0.75535625,3.260574,0.68903065,2.022087,0.40306464,2.6393516,1.0,4.5732465,-0.09429455,0.6759259,128.69398,1.0,0.0,0.0,1.0,0.0,0,5.067181,0.0,0.0,5.459334,2.727288,9.681549,0.16944413,0.0,2.0096307,6.5736427
1,159,160.0,10.0,1.0,1.0,141.0,1.0,1.0,1.0,0.99991804,1.0,-0.0,0.0,-8.1930586e-05,-0.0,0.8161936,3.3958983,0.79743767,2.3403842,0.38570023,2.8030255,1.0,5.0163765,1.8246696,0.6805556,128.11835,1.0,0.0,0.0,1.0,0.0,0,5.4125977,0.0,0.0,5.7132297,3.123095,8.359662,0.2059711,0.0,1.4604846,6.8935523
2,159,160.0,10.0,1.0,1.0,141.0,1.0,1.0,1.0,0.9999665,1.0,-0.0,0.0,-3.348241e-05,-0.0,0.6757423,3.2864995,0.7593075,1.9547752,0.5536189,3.6176693,1.0,5.419131,-0.8626543,0.6712963,131.82213,1.0,0.0,0.0,1.0,0.0,0,5.617467,0.0,0.0,5.950045,3.1829617,10.110908,0.10262913,0.0,2.5116193,7.2524667
3,159,160.0,10.0,1.0,1.0,141.0,1.0,1.0,1.0,0.9999759,1.0,-0.0,0.0,-2.4064717e-05,-0.0,0.6712966,2.8423898,0.73154366,1.2258725,0.72566056,3.2732368,1.0,6.372245,-2.1178863,0.6851852,127.147125,1.0,0.0,0.0,1.0,0.0,0,5.1717086,0.0,0.0356442,5.3576465,2.7664883,8.290545,1.1555734,0.0,0.13269569,8.454516
0,160,161.0,10.0,1.0,1.0,142.0,1.0,1.0,1.0,0.9999376,1.0,-0.0,0.0,-6.241433e-05,-0.0,0.12756494,2.9491258,0.8933286,4.009339,0.40498167,2.7130582,1.0,5.957957,-5.4968743,0.6759259,129.28455,1.0,0.0,0.0,1.0,0.0,0,4.6432633,0.0,0.0,4.7545633,2.4013846,8.918581,0.5686528,0.0,1.8884542,6.2412763
1,160,161.0,10.0,1.0,1.0,142.0,1.0,1.0,1.0,0.9999355,1.0,-0.0,0.0,-6.44886e-05,-0.0,0.17036088,3.0852373,0.962769,4.4924035,0.38866767,2.8714461,1.0,6.2657866,-4.438627,0.6851852,128.70435,1.0,0.0,0.0,1.0,0.0,0,4.288812,0.0,0.0,4.4401255,2.2784612,8.251081,0.7488967,0.0,1.3156676,7.0009623
2,160,161.0,10.0,1.0,1.0,142.0,1.0,1.0,1.0,0.99996233,1.0,-0.0,0.0,-3.764767e-05,-0.0,0.19209981,3.1060696,0.88515663,3.2870781,0.5603306,3.64612,1.0,6.3913865,-5.219572,0.6712963,132.2026,1.0,0.0,0.0,1.0,0.0,0,5.060877,0.0,0.0,5.087381,2.5442655,9.778349,0.32290837,0.0,2.4304342,6.9472055
3,160,161.0,10.0,1.0,1.0,142.0,1.0,1.0,1.0,0.99997514,1.0,-0.0,0.0,-2.4882103e-05,-0.0,0.30853415,2.768315,0.86383736,1.7747042,0.73590875,3.237166,1.0,7.266334,-4.372337,0.6851852,127.43517,1.0,0.0,0.0,1.0,0.0,0,6.6205964,0.0,0.0,6.0688467,3.6853998,8.671718,1.3187191,0.0,0.6780943,7.8611126
0,161,162.0,10.0,1.0,1.0,143.0,1.0,1.0,1.0,0.99994034,1.0,-0.0,0.0,-5.969216e-05,-0.0,0.94077253,3.1556797,0.77397335,2.3577113,0.39009625,2.7915528,1.0,5.0551267,1.7620027,0.6759259,129.58807,1.0,0.0,0.0,1.0,0.0,0,5.085769,0.0,0.0,5.3317027,2.9273958,9.8961315,0.18247235,0.0,2.2852767,6.424337
1,161,162.0,10.0,1.0,1.0,143.0,1.0,1.0,1.0,0.99994403,1.0,-0.0,0.0,-5.5978686e-05,-0.0,0.8206919,3.3016403,0.77160704,1.8396713,0.3873053,2.8277702,1.0,4.39788,0.7347306,0.6851852,129.11966,1.0,0.0,0.0,1.0,0.0,0,4.386277,0.0,0.0,4.8208117,2.7334538,8.2037525,0.1626629,0.0,1.3958442,6.8390274
2,161,162.0,10.0,1.0,1.0,143.0,1.0,1.0,1.0,0.99995685,1.0,-0.0,0.0,-4.313546e-05,-0.0,0.8867227,3.2186112,0.7317774,1.5496144,0.56527215,3.5273921,1.0,5.2758517,-0.29533264,0.6712963,132.4858,1.0,0.0,0.0,1.0,0.0,0,5.186619,0.0,0.0,5.687175,2.4109433,9.7543545,0.061676934,0.0,2.7253547,7.355644
3,161,162.0,10.0,1.0,1.0,143.0,1.0,1.0,1.0,0.9999725,1.0,-0.0,0.0,-2.7486441e-05,-0.0,0.6344933,2.7509127,0.77863955,0.749645,0.7413936,3.1896641,1.0,6.514062,-1.9219425,0.6851852,127.62286,1.0,0.0,0.0,1.0,0.0,0,5.2499323,0.0,0.19498594,5.2424684,2.9694629,8.340677,1.5613335,0.0,1.0617627,8.756265
0,162,163.0,10.0,1.0,1.0,144.0,1.0,1.0,1.0,0.999922,1.0,-0.0,0.0,-7.802823e-05,-0.0,0.32702124,2.748779,0.8718322,3.1803246,0.38827112,2.891007,1.0,5.6699452,-4.927804,0.6851852,130.1126,1.0,0.0,0.0,1.0,0.0,0,4.827754,0.0,0.0,5.031207,2.4859324,8.846026,0.6454031,0.0,2.014207,6.2429743
1,162,163.0,10.0,1.0,1.0,144.0,1.0,1.0,1.0,0.9999297,1.0,-0.0,0.0,-7.028989e-05,-0.0,0.27247852,2.9104993,0.8482623,2.6679637,0.3860554,2.902896,1.0,4.911072,-5.389957,0.6851852,129.62267,1.0,0.0,0.0,1.0,0.0,0,4.8077655,0.0,0.0,4.8267326,2.5490649,8.062128,0.57859164,0.0,1.3158962,6.832752
2,162,163.0,10.0,1.0,1.0,144.0,1.0,1.0,1.0,0.99994427,1.0,-0.0,0.0,-5.5733453e-05,-0.0,0.37990993,2.9504201,0.81933427,2.52228,0.57106763,3.540019,1.0,6.035593,-4.5516305,0.6712963,132.85822,1.0,0.0,0.0,1.0,0.0,0,5.4439006,0.0,0.0,5.587144,2.5700178,9.635608,0.37133947,0.0,2.6186323,7.0663633
3,162,163.0,10.0,1.0,1.0,144.0,1.0,1.0,1.0,0.99997926,1.0,-0.0,0.0,-2.0756352e-05,-0.0,0.4373014,2.9974806,0.76698226,0.93460035,0.74405617,3.153382,1.0,6.5152054,-4.4633904,0.6851852,127.79391,1.0,0.0,0.0,1.0,0.0,0,5.1228013,0.0,0.06501156,5.2495537,2.5167694,8.215986,1.6912864,0.0,1.1278323,8.797696
0,163,164.0,10.0,1.0,1.0,145.0,1.0,1.0,1.0,0.99993163,1.0,-0.0,0.0,-6.836901e-05,-0.0,0.65173393,3.3317447,0.7223911,2.3198934,0.38755447,2.8523002,1.0,4.4767156,-1.36647,0.6851852,130.68501,1.0,0.0,0.0,1.0,0.0,0,4.613347,0.0,0.0,4.559743,2.398264,9.957133,0.2030695,0.0,2.313424,6.359751
1,163,164.0,10.0,1.0,1.0,145.0,1.0,1.0,1.0,0.9999389,1.0,-0.0,0.0,-6.109061e-05,-0.0,0.62893367,3.4341638,0.74449927,2.4721282,0.3899483,2.8277702,1.0,4.0745797,-0.43796095,0.6851852,130.12506,1.0,0.0,0.0,1.0,0.0,0,4.6368666,0.0,0.0,4.462921,2.6789324,8.210845,0.17183414,0.0,1.5382564,6.814116
2,163,164.0,10.0,1.0,1.0,145.0,1.0,1.0,1.0,0.9999548,1.0,-0.0,0.0,-4.518462e-05,-0.0,0.6402355,3.327962,0.7407824,2.2800756,0.57951045,3.3682353,1.0,5.3207126,-1.5508552,0.6712963,133.20195,1.0,0.0,0.0,1.0,0.0,0,4.751845,0.0,0.0,4.8416867,2.3878005,10.1435,0.16378474,0.0,2.989011,7.4617815
3,163,164.0,10.0,1.0,1.0,145.0,1.0,1.0,1.0,0.99998564,1.0,-0.0,0.0,-1.4353572e-05,-0.0,0.5493641,2.8285484,0.7667208,0.77429754,0.7453806,3.132461,1.0,6.287559,-2.6212242,0.6851852,128.03146,1.0,0.0,0.0,1.0,0.0,0,4.976877,0.0,0.0,4.9103436,2.2302806,8.401176,1.6684058,0.0,0.9426469,9.080926
0,164,165.0,10.0,1.0,1.0,146.0,1.0,1.0,1.0,0.99994165,1.0,-0.0,0.0,-5.8376438e-05,-0.0,0.371499,2.910551,0.77415884,1.7232386,0.38801843,2.9868903,1.0,4.757158,-5.9065323,0.6851852,131.17859,1.0,0.0,0.0,1.0,0.0,0,4.74253,0.0,0.0,5.2116027,2.2255201,9.257266,0.6458069,0.0,2.0603273,6.0009794
1,164,165.0,10.0,1.0,1.0,146.0,1.0,1.0,1.0,0.9999506,1.0,-0.0,0.0,-4.9399885e-05,-0.0,0.34826323,3.099492,0.8017308,1.8608228,0.3922076,2.878797,1.0,4.2239184,-5.2766204,0.6851852,130.53159,1.0,0.0,0.0,1.0,0.0,0,4.7044525,0.0,0.0,4.91129,2.5579016,8.100745,0.4813809,0.0,1.4029647,6.5858855
2,164,165.0,10.0,1.0,1.0,146.0,1.0,1.0,1.0,0.9999468,1.0,-0.0,0.0,-5.3218515e-05,-0.0,0.3318321,3.0763605,0.7500416,1.4998199,0.58541155,3.5196161,1.0,5.3008256,-6.557799,0.6712963,133.5065,1.0,0.0,0.0,1.0,0.0,0,4.995174,0.0,0.0,5.273271,2.4884806,9.999073,0.56213236,0.0,2.6018264,7.340751
3,164,165.0,10.0,1.0,1.0,146.0,1.0,1.0,1.0,0.9999729,1.0,-0.0,0.0,-2.714102e-05,-0.0,0.44577682,3.048453,0.75450486,0.907406,0.75328773,3.0792823,1.0,5.776687,-3.1913333,0.6851852,128.20792,1.0,0.0,0.0,1.0,0.0,0,5.9462304,0.0,0.0,5.6866255,3.4619074,8.446527,1.6649435,0.0,1.0194701,9.47653
0,165,166.0,10.0,1.0,1.0,147.0,1.0,1.0,1.0,0.99995965,1.0,-0.0,0.0,-4.035602e-05,-0.0,0.6368298,3.337135,0.77673554,2.8161201,0.39746323,2.9443948,1.0,5.1403365,-1.3421141,0.6851852,131.62595,1.0,0.0,0.0,1.0,0.0,0,5.5598354,0.0,0.0,5.8926926,2.6970546,9.874738,0.22656697,0.0,2.0478847,6.2472444
1,165,166.0,10.0,1.0,1.0,147.0,1.0,1.0,1.0,0.99997,1.0,-0.0,0.0,-2.9978417e-05,-0.0,0.6072942,3.4708233,0.7932319,2.6131232,0.39778334,2.8490052,1.0,4.5371256,-0.63763463,0.6851852,130.93063,1.0,0.0,0.0,1.0,0.0,0,5.318288,0.0,0.0,5.474318,2.8285804,8.317702,0.19233416,0.0,1.6348376,6.6885257
2,165,166.0,10.0,1.0,1.0,147.0,1.0,1.0,1.0,0.9999441,1.0,-0.0,0.0,-5.593761e-05,-0.0,0.590384,3.606614,0.7352346,2.2759523,0.596017,3.4042976,1.0,4.8620405,-0.86900127,0.6712963,134.04659,1.0,0.0,0.0,1.0,0.0,0,5.4532666,0.0,0.0,5.495618,2.7000766,10.21277,0.20082697,0.0,2.984033,7.5891027
3,165,166.0,10.0,1.0,1.0,147.0,1.0,1.0,1.0,0.999983,1.0,-0.0,0.0,-1.6988433e-05,-0.0,0.39363688,3.08822,0.80711275,0.96427786,0.7604332,3.0344698,1.0,6.1174088,-2.9902356,0.6851852,128.24486,1.0,0.0,0.0,1.0,0.0,0,5.2703342,0.0,0.0,5.5356693,2.771172,8.378017,1.6957865,0.0,1.0863191,9.219165
0,166,167.0,10.0,1.0,1.0,148.0,1.0,1.0,1.0,0.99997395,1.0,-0.0,0.0,-2.6069869e-05,-0.0,0.76684916,2.8762898,0.8346086,2.8094413,0.40585434,2.965059,1.0,5.5271206,-0.55895376,0.6851852,132.13806,1.0,0.0,0.0,1.0,0.0,0,5.0207424,0.0,0.0,5.2785463,2.7792797,9.458987,0.5271661,0.0,2.0318177,6.210352
1,166,167.0,10.0,1.0,1.0,148.0,1.0,1.0,1.0,0.99997663,1.0,-0.0,0.0,-2.3348295e-05,-0.0,0.75008535,2.9925334,0.85819846,2.9372082,0.404433,2.878797,1.0,5.0739284,0.16951934,0.6851852,131.45738,1.0,0.0,0.0,1.0,0.0,0,4.869974,0.0,0.0,5.039517,2.797772,8.055065,0.5083159,0.0,1.8357943,6.8155513
2,166,167.0,10.0,1.0,1.0,148.0,1.0,1.0,1.0,0.9999685,1.0,-0.0,0.0,-3.146838e-05,-0.0,0.7733535,2.9312973,0.829442,2.668257,0.6066103,3.3421047,1.0,5.709593,0.15161651,0.6712963,134.75859,1.0,0.0,0.0,1.0,0.0,0,5.3302355,0.0,0.0,5.641531,2.9226105,9.651799,0.47194088,0.0,3.1254084,7.609191
3,166,167.0,10.0,1.0,1.0,148.0,1.0,1.0,1.0,0.99998605,1.0,-0.0,0.0,-1.3942848e-05,-0.0,0.7505841,3.0899453,0.7410234,1.3181703,0.7639101,3.000748,1.0,5.534349,-0.598277,0.6851852,128.3393,1.0,0.0,0.0,1.0,0.0,0,5.0533013,0.0,0.0,5.335418,2.5962927,8.522442,1.6820428,0.0,1.0871961,9.26513
0,167,168.0,10.0,1.0,1.0,149.0,1.0,1.0,1.0,0.999972,1.0,-0.0,0.0,-2.8017876e-05,-0.0,0.35732502,3.4648385,0.8517121,3.1684883,0.40830168,2.888569,1.0,5.461204,-3.3455799,0.6851852,132.7814,1.0,0.0,0.0,1.0,0.0,0,4.8809814,0.0,0.0,4.747426,2.5094898,9.963746,0.21335311,0.0,2.2743897,6.1939626
1,167,168.0,10.0,1.0,1.0,149.0,1.0,1.0,1.0,0.99997497,1.0,-0.0,0.0,-2.5056106e-05,-0.0,0.38753003,3.529577,0.90843916,3.8783314,0.4059467,2.7929544,1.0,5.5303817,-1.7117653,0.6851852,132.03133,1.0,0.0,0.0,1.0,0.0,0,4.7372913,0.0,0.0,4.6288986,2.5636468,8.144068,0.16853921,0.0,1.7024364,6.7791715
2,167,168.0,10.0,1.0,1.0,149.0,1.0,1.0,1.0,0.9999731,1.0,-0.0,0.0,-2.6904292e-05,-0.0,0.3425125,3.4805264,0.86223584,3.2386165,0.60910237,3.2856488,1.0,5.657557,-2.571173,0.6712963,135.34778,1.0,0.0,0.0,1.0,0.0,0,4.6644826,0.0,0.0,4.623908,2.4275098,10.032198,0.19936,0.0,3.310653,7.781905
3,167,168.0,10.0,1.0,1.0,149.0,1.0,1.0,1.0,0.99998766,1.0,-0.0,0.0,-1.2319818e-05,-0.0,0.2777297,3.1601596,0.8606945,2.0589123,0.76812834,2.9721782,1.0,6.767208,-3.124469,0.6851852,128.43472,1.0,0.0,0.0,1.0,0.0,0,5.8935184,0.0,0.0,6.7647276,0.94516003,7.3773446,1.8630706,0.0,1.367798,8.987164
0,168,169.0,10.0,1.0,1.0,150.0,1.0,1.0,1.0,0.9999701,1.0,-0.0,0.0,-2.991951e-05,-0.0,0.42726025,3.2489917,0.7193463,1.2411015,0.40835822,2.9624176,1.0,4.661234,-6.222117,0.6851852,132.97252,1.0,0.0,0.0,1.0,0.0,0,4.4707923,0.0,0.0,5.0798206,2.055267,9.488083,0.5328409,0.0,2.1870387,6.077984
1,168,169.0,10.0,1.0,1.0,150.0,1.0,1.0,1.0,0.99997294,1.0,-0.0,0.0,-2.703708e-05,-0.0,0.46872944,3.3226094,0.8061629,1.506589,0.40943095,2.808884,1.0,4.2800665,-4.001378,0.6851852,132.21451,1.0,0.0,0.0,1.0,0.0,0,4.3462915,0.0,0.0,4.861329,2.321474,7.939054,0.38282543,0.0,1.757311,6.581486
2,168,169.0,10.0,1.0,1.0,150.0,1.0,1.0,1.0,0.9999645,1.0,-0.0,0.0,-3.553295e-05,-0.0,0.39192662,3.273124,0.7499951,2.4341578,0.61569446,3.3556619,1.0,4.580436,-6.1050525,0.6712963,135.52124,1.0,0.0,0.0,1.0,0.0,0,4.3136983,0.0,0.0,4.729963,2.3965101,9.714543,0.53312373,0.0,3.1446579,7.7013345
3,168,169.0,10.0,1.0,1.0,150.0,1.0,1.0,1.0,0.9999818,1.0,-0.0,0.0,-1.8164023e-05,-0.0,0.34715122,3.4262094,0.7858205,0.87042505,0.7651936,2.955275,1.0,5.985334,-2.6442688,0.6851852,128.7316,1.0,0.0,0.0,1.0,0.0,0,5.3265676,0.0,0.0,5.379745,3.2489893,7.6950097,1.7449714,0.0,1.4445524,8.973422
0,169,170.0,10.0,1.0,1.0,151.0,1.0,1.0,1.0,0.99997,1.0,-0.0,0.0,-2.9979296e-05,-0.0,0.8610446,3.3411796,0.736923,2.05663,0.41491172,2.9787552,1.0,4.8260064,-0.14239363,0.6851852,133.30084,1.0,0.0,0.0,1.0,0.0,0,5.542791,0.0,0.0,5.65372,2.744357,10.065101,0.37781405,0.0,2.197961,6.4165707
1,169,170.0,10.0,1.0,1.0,151.0,1.0,1.0,1.0,0.9999735,1.0,-0.0,0.0,-2.6551113e-05,-0.0,0.8603983,3.3714035,0.8167527,2.335027,0.41669258,2.780877,1.0,4.720823,1.2834827,0.6851852,132.53825,1.0,0.0,0.0,1.0,0.0,0,5.3706074,0.0,0.0,5.258717,2.9437976,8.341933,0.3715044,0.0,1.8919582,6.7121387
2,169,170.0,10.0,1.0,1.0,151.0,1.0,1.0,1.0,0.9999674,1.0,-0.0,0.0,-3.2586293e-05,-0.0,0.80833584,3.447506,0.74025434,2.2531397,0.6263278,3.2650955,1.0,4.371704,0.0853315,0.6712963,135.9023,1.0,0.0,0.0,1.0,0.0,0,5.191094,0.0,0.0,5.3255754,2.5229995,10.07139,0.41305062,0.0,3.4824452,7.7297583
3,169,170.0,10.0,1.0,1.0,151.0,1.0,1.0,1.0,0.99997514,1.0,-0.0,0.0,-2.4858513e-05,-0.0,0.69626755,3.2908573,0.7840163,0.7651459,0.7641653,2.9449267,1.0,5.8804994,-0.87244064,0.6851852,128.96906,1.0,0.0,0.0,1.0,0.0,0,5.0324388,0.0,0.0,5.347962,2.2342932,7.74694,1.9158822,0.0,1.6040395,8.99501
0,170,171.0,10.0,1.0,1.0,152.0,1.0,1.0,1.0,0.99996674,1.0,-0.0,0.0,-3.3236523e-05,-0.0,0.43511802,3.0716603,0.87541014,3.1399488,0.42004824,3.0132432,1.0,5.643544,-3.5722973,0.6851852,133.68147,1.0,0.0,0.0,1.0,0.0,0,5.279612,0.0,0.0,5.3529367,2.9733503,9.78435,0.7578395,0.0,2.226804,6.3880663
1,170,171.0,10.0,1.0,1.0,152.0,1.0,1.0,1.0,0.9999779,1.0,-0.0,0.0,-2.208799e-05,-0.0,0.47143435,3.2053444,0.8897674,2.856962,0.42311406,2.7647862,1.0,5.099273,-2.5599291,0.6851852,132.79193,1.0,0.0,0.0,1.0,0.0,0,4.8742332,0.0,0.0,4.876051,2.8590882,8.493609,0.74389446,0.0,2.0252593,6.7978992
2,170,171.0,10.0,1.0,1.0,152.0,1.0,1.0,1.0,0.99997383,1.0,-0.0,0.0,-2.6184876e-05,-0.0,0.46103597,3.0872583,0.88559985,3.0274973,0.6373386,3.2301457,1.0,5.445824,-2.3151412,0.6712963,136.33614,1.0,0.0,0.0,1.0,0.0,0,5.1402955,0.0,0.0,5.500208,2.542426,10.075871,0.6374682,0.0,3.476428,7.8482203
3,170,171.0,10.0,1.0,1.0,152.0,1.0,1.0,1.0,0.9999844,1.0,-0.0,0.0,-1.5622656e-05,-0.0,0.40387437,3.1502173,0.78618926,0.7692267,0.7629227,2.9284005,1.0,5.800322,-3.363669,0.6851852,129.1018,1.0,0.0,0.0,1.0,0.0,0,5.108971,0.0,0.0,5.2869124,2.3630216,7.7631526,1.7354153,0.0,1.4837363,8.975643
0,171,172.0,10.0,1.0,1.0,153.0,1.0,1.0,1.0,0.99997026,1.0,-0.0,0.0,-2.9762949e-05,-0.0,0.68020153,3.4612947,0.7950953,1.9261359,0.42458746,2.996571,1.0,4.8437133,-0.96499455,0.6851852,134.18225,1.0,0.0,0.0,1.0,0.0,0,4.9337816,0.0,0.0,5.3286705,2.3840826,10.089006,0.48937422,0.0,2.2661178,6.2446156
1,171,172.0,10.0,1.0,1.0,153.0,1.0,1.0,1.0,0.99997616,1.0,-0.0,0.0,-2.3840377e-05,-0.0,0.6564673,3.4761317,0.84634453,1.9830009,0.42633954,2.7531538,1.0,4.443956,-0.4351428,0.6851852,133.13904,1.0,0.0,0.0,1.0,0.0,0,4.7368407,0.0,0.0,4.900506,2.6992993,8.553894,0.5432839,0.0,1.9316268,6.809168
2,171,172.0,10.0,1.0,1.0,153.0,1.0,1.0,1.0,0.9999777,1.0,-0.0,0.0,-2.2307673e-05,-0.0,0.6411344,3.4102256,0.8400223,2.3693027,0.6482994,3.1746588,1.0,4.915418,0.045726076,0.6712963,136.74838,1.0,0.0,0.0,1.0,0.0,0,4.9139943,0.0,0.0,5.236083,2.72923,9.892697,0.383983,0.0,3.4829538,7.9106784
3,171,172.0,10.0,1.0,1.0,153.0,1.0,1.0,1.0,0.99997437,1.0,-0.0,0.0,-2.5640427e-05,-0.0,0.46796465,3.3506677,0.7553976,1.1856263,0.7669244,2.8996582,1.0,5.2063136,-2.1272507,0.6851852,129.34384,1.0,0.0,0.0,1.0,0.0,0,5.051616,0.0,0.0,5.3165936,2.3526585,7.9490952,1.8107839,0.0,1.5425273,9.136144
0,172,173.0,10.0,1.0,1.0,154.0,1.0,1.0,1.0,0.99994886,1.0,-0.0,0.0,-5.1158204e-05,-0.0,0.52538145,3.2082982,0.8848368,3.2908862,0.42775887,3.0158398,1.0,5.9746146,-2.5135148,0.6851852,134.44801,1.0,0.0,0.0,1.0,0.0,0,5.381037,0.0,0.0,5.2377167,2.8686655,9.330031,0.85416454,0.0,2.34918,6.277581
1,172,173.0,10.0,1.0,1.0,154.0,1.0,1.0,1.0,0.9999668,1.0,-0.0,0.0,-3.320354e-05,-0.0,0.5071856,3.422143,0.8951162,3.2085052,0.43113595,2.767333,1.0,5.4261417,-1.2357384,0.6851852,133.37866,1.0,0.0,0.0,1.0,0.0,0,5.032046,0.0,0.0,4.8173904,2.789369,8.323792,0.6414425,0.0,2.1612325,6.756626
2,172,173.0,10.0,1.0,1.0,154.0,1.0,1.0,1.0,0.9999589,1.0,-0.0,0.0,-4.1129417e-05,-0.0,0.48714912,3.265612,0.8846003,2.829984,0.65590286,3.0987942,1.0,5.625248,-1.8021911,0.6712963,136.98547,1.0,0.0,0.0,1.0,0.0,0,5.046243,0.0,0.0,5.1313434,2.6379864,9.455819,0.59111476,0.0,3.5783103,7.774728
3,172,173.0,10.0,1.0,1.0,154.0,1.0,1.0,1.0,0.99998534,1.0,-0.0,0.0,-1.4637429e-05,-0.0,0.39871037,3.4606338,0.8392011,1.1453322,0.772977,2.874171,1.0,5.9726787,-1.8631499,0.6851852,129.62851,1.0,0.0,0.0,1.0,0.0,0,5.160334,0.0,0.0,5.1988053,2.601037,7.796323,1.8850374,0.0,1.5870248,9.103507
0,173,174.0,10.0,1.0,1.0,155.0,1.0,1.0,1.0,0.99994534,1.0,-0.0,0.0,-5.4636883e-05,-0.0,0.47693515,3.4286726,0.7655025,1.5190063,0.4296022,2.9719148,1.0,4.9842477,-3.631588,0.6851852,134.70578,1.0,0.0,0.0,1.0,0.0,0,4.8607254,0.0,0.0,5.1251984,2.5137608,10.135632,0.3582828,0.0,2.401544,6.339138
1,173,174.0,10.0,1.0,1.0,155.0,1.0,1.0,1.0,0.9999573,1.0,-0.0,0.0,-4.2654367e-05,-0.0,0.45051724,3.5469592,0.8133554,1.5909853,0.43037394,2.7320337,1.0,4.516529,-2.892864,0.6851852,133.5291,1.0,0.0,0.0,1.0,0.0,0,4.7500772,0.0,0.0,4.825783,2.883159,8.193447,0.34269026,0.0,2.0913935,6.89718
2,173,174.0,10.0,1.0,1.0,155.0,1.0,1.0,1.0,0.9999427,1.0,-0.0,0.0,-5.7274417e-05,-0.0,0.48449636,3.4745111,0.7961223,1.7874486,0.65980846,3.0111642,1.0,4.856114,-2.3851151,0.6712963,137.22485,1.0,0.0,0.0,1.0,0.0,0,4.707937,0.0,0.0,4.955709,2.5638013,9.435557,0.29778868,0.0,3.66175,8.10266
3,173,174.0,10.0,1.0,1.0,155.0,1.0,1.0,1.0,0.999975,1.0,-0.0,0.0,-2.4991296e-05,-0.0,0.38922095,3.6192849,0.7587882,1.4237881,0.7715737,2.8479056,1.0,5.11642,-3.2727606,0.6851852,129.82504,1.0,0.0,0.0,1.0,0.0,0,4.9043317,0.0,0.0,5.261257,2.3231235,7.7437806,1.8223872,0.0,1.4955691,9.147911
0,174,175.0,10.0,1.0,1.0,156.0,1.0,1.0,1.0,0.99993706,1.0,-0.0,0.0,-6.295263e-05,-0.0,0.4050296,2.871346,0.8299995,1.6255394,0.42914665,3.101572,1.0,5.2047706,-5.839506,0.6851852,135.30011,1.0,0.0,0.0,1.0,0.0,0,5.03816,0.0,0.0,5.177353,2.5072105,9.083119,0.9686893,0.0,2.1414754,5.9319797
1,174,175.0,10.0,1.0,1.0,156.0,1.0,1.0,1.0,0.99994504,1.0,-0.0,0.0,-5.494627e-05,-0.0,0.36367363,3.0303743,0.86580783,1.6187843,0.42856103,2.7943554,1.0,4.5551786,-5.407564,0.6851852,134.06993,1.0,0.0,0.0,1.0,0.0,0,4.7082477,0.0,0.0,4.702284,2.6528494,8.017051,0.9464366,0.0,2.049936,6.6642637
2,174,175.0,10.0,1.0,1.0,156.0,1.0,1.0,1.0,0.99993706,1.0,-0.0,0.0,-6.296714e-05,-0.0,0.44156724,2.8064811,0.8862298,2.257998,0.6627893,3.0980365,1.0,5.364652,-3.7372224,0.6712963,137.9242,1.0,0.0,0.0,1.0,0.0,0,5.085653,0.0,0.0,5.3072624,2.6109478,9.008332,0.8140739,0.0,3.4298599,7.685361
3,174,175.0,10.0,1.0,1.0,156.0,1.0,1.0,1.0,0.9999661,1.0,-0.0,0.0,-3.390438e-05,-0.0,0.44395775,3.1292148,0.82008725,0.92787653,0.76976097,2.8060958,1.0,5.5182495,-2.9714406,0.6851852,130.33661,1.0,0.0,0.0,1.0,0.0,0,5.23732,0.0,0.0,5.492068,2.5084531,7.5384126,1.8555915,0.0,1.7348137,8.894339
0,175,176.0,10.0,1.0,1.0,157.0,1.0,1.0,1.0,0.99995124,1.0,-0.0,0.0,-4.8727583e-05,-0.0,0.55824745,3.453364,0.79030776,1.8396713,0.43853065,3.070882,1.0,5.0921216,-2.4083974,0.6851852,135.90793,1.0,0.0,0.0,1.0,0.0,0,5.3810596,0.0,0.0,5.57871,2.822905,10.153553,0.61950314,0.0,2.5865908,6.045348
1,175,176.0,10.0,1.0,1.0,157.0,1.0,1.0,1.0,0.9999511,1.0,-0.0,0.0,-4.8865e-05,-0.0,0.5275592,3.6108131,0.7938193,1.5701867,0.43686572,2.7735488,1.0,4.220625,-1.9970946,0.6851852,134.67593,1.0,0.0,0.0,1.0,0.0,0,4.9844103,0.0,0.0,4.957309,2.888226,8.43565,0.47462037,0.0,2.0531058,6.8021364
2,175,176.0,10.0,1.0,1.0,157.0,1.0,1.0,1.0,0.9999553,1.0,-0.0,0.0,-4.4678156e-05,-0.0,0.56476223,3.3977787,0.83631176,2.3880591,0.67276084,2.9144678,1.0,5.3206763,-0.28121936,0.6712963,138.53052,1.0,0.0,0.0,1.0,0.0,0,5.155353,0.0,0.0,5.357249,2.954027,9.462441,0.4483863,0.0,3.5504797,7.841242
3,175,176.0,10.0,1.0,1.0,157.0,1.0,1.0,1.0,0.9999674,1.0,-0.0,0.0,-3.25807e-05,-0.0,0.53586066,3.5926003,0.8053353,0.9851556,0.7767096,2.797715,1.0,5.494404,-0.58127755,0.6851852,130.80112,1.0,0.0,0.0,1.0,0.0,0,5.051389,0.0,0.0,5.394371,2.7193763,7.790847,1.6086333,0.0,1.7645681,8.991445
0,176,177.0,10.0,1.0,1.0,158.0,1.0,1.0,1.0,0.99997354,1.0,-0.0,0.0,-2.645269e-05,-0.0,0.46187752,3.1320326,0.9078976,2.5358975,0.44472373,3.1201923,1.0,5.7936273,-4.037803,0.6851852,136.33363,1.0,0.0,0.0,1.0,0.0,0,5.3336554,0.0,0.0,5.3706784,3.0401573,9.696233,0.9952816,0.0,2.356101,6.007254
1,176,177.0,10.0,1.0,1.0,158.0,1.0,1.0,1.0,0.9999701,1.0,-0.0,0.0,-2.9941291e-05,-0.0,0.46068168,3.1972344,0.91118246,2.4215846,0.4412065,2.8177876,1.0,5.015908,-3.3224132,0.6851852,135.18677,1.0,0.0,0.0,1.0,0.0,0,5.131392,0.0,0.0,4.9490967,3.1079984,8.3193445,1.0076269,0.0,2.020516,6.7686353
2,176,177.0,10.0,1.0,1.0,158.0,1.0,1.0,1.0,0.9999672,1.0,-0.0,0.0,-3.276384e-05,-0.0,0.45704916,3.0505595,0.914124,2.379193,0.67498165,2.9026265,1.0,5.6925416,-3.0070617,0.6712963,138.94583,1.0,0.0,0.0,1.0,0.0,0,4.890004,0.0,0.0,5.1026206,2.8863282,8.837604,0.83092594,0.0,3.564346,7.790016
3,176,177.0,10.0,1.0,1.0,158.0,1.0,1.0,1.0,0.9999734,1.0,-0.0,0.0,-2.6607153e-05,-0.0,0.42750612,3.3243082,0.8807439,0.8232894,0.7812946,2.7503092,1.0,5.6743336,-2.3883219,0.6851852,131.14835,1.0,0.0,0.0,1.0,0.0,0,4.763184,0.0,0.0,5.2093167,2.3443222,7.574055,0.72069335,0.0,1.6594445,8.605347
0,177,178.0,10.0,1.0,1.0,159.0,1.0,1.0,1.0,0.9999804,1.0,-0.0,0.0,-1.9583631e-05,-0.0,0.56056714,3.4898274,0.8740235,2.15549,0.44828945,3.137455,1.0,5.525738,-2.3516965,0.6851852,136.73111,1.0,0.0,0.0,1.0,0.0,0,5.306425,0.0,0.0,5.389647,2.8945048,9.876236,0.5754957,0.0,2.4384115,6.0840425
1,177,178.0,10.0,1.0,1.0,159.0,1.0,1.0,1.0,0.9999804,1.0,-0.0,0.0,-1.9609628e-05,-0.0,0.55770946,3.5775776,0.86809534,2.3606975,0.44390294,2.8247237,1.0,4.901489,-1.2529976,0.6851852,135.61115,1.0,0.0,0.0,1.0,0.0,0,5.2383695,0.0,0.0,5.2110705,2.9669268,8.245641,0.55874705,0.0,2.0574033,6.661319
2,177,178.0,10.0,1.0,1.0,159.0,1.0,1.0,1.0,0.9999753,1.0,-0.0,0.0,-2.4690833e-05,-0.0,0.5842093,3.473484,0.86422664,2.2021914,0.67798525,2.8465314,1.0,5.441793,-0.4978599,0.6712963,139.39487,1.0,0.0,0.0,1.0,0.0,0,5.076148,0.0,0.0,5.2545094,2.8603706,8.951332,0.38299865,0.0,3.4973717,7.792037
3,177,178.0,10.0,1.0,1.0,159.0,1.0,1.0,1.0,0.99998385,1.0,-0.0,0.0,-1.6173512e-05,-0.0,0.53984225,3.6347303,0.8470103,0.8952488,0.7832703,2.7165182,1.0,5.4690213,-0.9148745,0.6851852,131.48723,1.0,0.0,0.0,1.0,0.0,0,5.1195927,0.0,0.0,5.4323945,2.430001,7.4383984,0.5791319,0.0,1.6924632,8.579707
0,178,179.0,10.0,1.0,1.0,160.0,1.0,1.0,1.0,0.9999812,1.0,-0.0,0.0,-1.8748466e-05,-0.0,0.50981677,2.984722,0.88031656,2.0178246,0.45159757,3.1874545,1.0,5.58202,-3.8905497,0.6851852,137.36076,1.0,0.0,0.0,1.0,0.0,0,5.207897,0.0,0.0,5.2452955,2.8381891,9.354398,0.7058714,0.0,2.2998712,6.032116
1,178,179.0,10.0,1.0,1.0,160.0,1.0,1.0,1.0,0.9999848,1.0,-0.0,0.0,-1.5203589e-05,-0.0,0.50384253,3.1247072,0.867961,1.9727116,0.44571358,2.8700826,1.0,4.8347664,-3.0830288,0.6851852,136.18515,1.0,0.0,0.0,1.0,0.0,0,4.9742084,0.0,0.0,4.93533,2.935875,7.779759,0.6744749,0.0,1.9243609,6.678825
2,178,179.0,10.0,1.0,1.0,160.0,1.0,1.0,1.0,0.999975,1.0,-0.0,0.0,-2.4979447e-05,-0.0,0.5488891,2.8300953,0.8950119,2.2451353,0.68091214,2.847631,1.0,5.7163515,-2.11435,0.6712963,140.15169,1.0,0.0,0.0,1.0,0.0,0,5.0260878,0.0,0.0,5.1686244,2.93055,8.493689,0.7811599,0.0,3.6700284,7.7652082
3,178,179.0,10.0,1.0,1.0,160.0,1.0,1.0,1.0,0.9999865,1.0,-0.0,0.0,-1.344389e-05,-0.0,0.5377296,3.1737301,0.8751098,0.84487224,0.78513074,2.7017827,1.0,5.820899,-1.5969723,0.6851852,132.08414,1.0,0.0,0.0,1.0,0.0,0,5.04834,0.0,0.0,5.364535,2.6562061,7.11559,2.5457032,0.0,1.6309725,8.097138
0,179,180.0,10.0,1.0,1.0,161.0,1.0,1.0,1.0,0.9999755,1.0,-0.0,0.0,-2.447026e-05,-0.0,0.6105691,3.4249406,0.8614578,1.897477,0.45424002,3.1798325,1.0,5.484158,-2.0774333,0.6851852,137.81207,1.0,0.0,0.0,1.0,0.0,0,5.365608,0.0,0.0,5.371123,2.95098,10.149942,0.35387978,0.0,2.4456797,6.0910506
1,179,180.0,10.0,1.0,1.0,161.0,1.0,1.0,1.0,0.9999785,1.0,-0.0,0.0,-2.1535843e-05,-0.0,0.5792197,3.5699837,0.84462565,1.730943,0.4443217,2.8136172,1.0,4.6828685,-1.5227729,0.6851852,136.64787,1.0,0.0,0.0,1.0,0.0,0,5.1086326,0.0,0.0,5.036441,2.9635968,7.9728336,0.27783903,0.0,2.030062,6.69176
2,179,180.0,10.0,1.0,1.0,161.0,1.0,1.0,1.0,0.99997264,1.0,-0.0,0.0,-2.7370084e-05,-0.0,0.6331634,3.362088,0.8836125,2.3560507,0.68371177,2.7752416,1.0,5.725601,-0.06859191,0.6712963,140.68279,1.0,0.0,0.0,1.0,0.0,0,5.137227,0.0,0.0,5.152048,3.0484304,9.017004,0.38486925,0.0,3.6833658,7.7467694
3,179,180.0,10.0,1.0,1.0,161.0,1.0,1.0,1.0,0.9999836,1.0,-0.0,0.0,-1.6412614e-05,-0.0,0.5959436,3.5195544,0.88793135,0.947905,0.7837355,2.689878,1.0,5.899236,-0.029381365,0.6851852,132.43091,1.0,0.0,0.0,1.0,0.0,0,4.930888,0.0,0.0,5.2062697,2.615746,7.1550694,2.9029982,0.0,1.8315372,8.730194
0,180,181.0,10.0,1.0,1.0,162.0,1.0,1.0,1.0,0.9999678,1.0,-0.0,0.0,-3.2206146e-05,-0.0,0.32543987,3.3587317,0.89531255,2.0108304,0.44896328,3.3204863,1.0,5.400549,-5.95048,0.6851852,138.10428,1.0,0.0,0.0,1.0,0.0,0,4.9731073,0.0,0.0,4.910394,2.7029412,9.492767,0.8417615,0.0,2.3254402,5.8820467
1,180,181.0,10.0,1.0,1.0,162.0,1.0,1.0,1.0,0.9999741,1.0,-0.0,0.0,-2.5916917e-05,-0.0,0.3148809,3.5145917,0.8645529,1.7132169,0.4419143,2.879341,1.0,4.578896,-4.7495394,0.6851852,136.92198,1.0,0.0,0.0,1.0,0.0,0,4.797561,0.0,0.0,4.641671,2.7465303,7.822021,0.93954414,0.0,1.279595,6.794643
2,180,181.0,10.0,1.0,1.0,162.0,1.0,1.0,1.0,0.9999659,1.0,-0.0,0.0,-3.4088192e-05,-0.0,0.35096073,3.2894745,0.90606856,2.200769,0.6796831,2.8950655,1.0,5.5211964,-4.258614,0.6712963,140.9724,1.0,0.0,0.0,1.0,0.0,0,4.6193595,0.0,0.0,4.6020393,2.7915957,8.171972,0.72645456,0.0,3.4758976,7.6244073
3,180,181.0,10.0,1.0,1.0,162.0,1.0,1.0,1.0,0.9999758,1.0,-0.0,0.0,-2.4184013e-05,-0.0,0.38869494,3.5951712,0.8874188,0.8127646,0.78777325,2.6372747,1.0,5.6479874,-2.778598,0.6851852,132.65732,1.0,0.0,0.0,1.0,0.0,0,4.3896813,0.0,0.0,5.726653,1.7331005,6.6835847,2.9902315,0.0,1.9572093,6.481319
0,181,182.0,10.0,1.0,1.0,163.0,1.0,1.0,1.0,0.9999686,1.0,-0.0,0.0,-3.1403895e-05,-0.0,0.44864938,3.4966583,0.85815966,1.2360461,0.45417258,3.315768,1.0,4.9079595,-4.114681,0.6851852,138.25905,1.0,0.0,0.0,1.0,0.0,0,4.950843,0.0,0.0,5.321317,2.5486836,9.873538,0.5443318,0.0,2.3669062,6.144507
1,181,182.0,10.0,1.0,1.0,163.0,1.0,1.0,1.0,0.999971,1.0,-0.0,0.0,-2.9002107e-05,-0.0,0.41832143,3.6363368,0.85939586,1.2935965,0.44595093,2.8470812,1.0,4.1601005,-3.5093064,0.6851852,137.11359,1.0,0.0,0.0,1.0,0.0,0,4.7310147,0.0,0.0,4.86527,2.8135326,7.9745774,0.33345735,0.0,2.026157,6.642348
2,181,182.0,10.0,1.0,1.0,163.0,1.0,1.0,1.0,0.9999675,1.0,-0.0,0.0,-3.2467597e-05,-0.0,0.46870446,3.412531,0.88443446,1.919623,0.6852405,2.7926743,1.0,5.218831,-1.926098,0.6712963,141.11183,1.0,0.0,0.0,1.0,0.0,0,4.8981667,0.0,0.0,5.054812,2.8363178,8.675232,0.3756102,0.0,3.486948,7.7411375
3,181,182.0,10.0,1.0,1.0,163.0,1.0,1.0,1.0,0.9999812,1.0,-0.0,0.0,-1.880153e-05,-0.0,0.46170354,3.501969,0.92011076,1.1967962,0.7950816,2.6435006,1.0,6.0634613,-1.0643797,0.6851852,132.89716,1.0,0.0,0.0,1.0,0.0,0,5.2691097,0.0,0.0,5.492038,2.904278,7.0201025,3.3641903,0.0,2.0274208,8.57972
0,182,183.0,10.0,1.0,1.0,164.0,1.0,1.0,1.0,0.9999712,1.0,-0.0,0.0,-2.8805898e-05,-0.0,0.5308628,3.236723,0.92846656,2.2749202,0.4565096,3.3939342,1.0,5.6992507,-3.7530725,0.6851852,138.5457,1.0,0.0,0.0,1.0,0.0,0,5.445207,0.0,0.0,5.498024,3.067604,9.565565,0.8311993,0.0,2.1897688,5.9987817
1,182,183.0,10.0,1.0,1.0,164.0,1.0,1.0,1.0,0.9999665,1.0,-0.0,0.0,-3.3468325e-05,-0.0,0.51292145,3.3113236,0.9393003,2.2811053,0.44833118,2.9104362,1.0,5.0171967,-2.9700613,0.6851852,137.4679,1.0,0.0,0.0,1.0,0.0,0,5.2332883,0.0,0.0,5.1580877,3.0738957,7.9049172,0.8232839,0.0,1.9277687,6.5160694
2,182,183.0,10.0,1.0,1.0,164.0,1.0,1.0,1.0,0.99996525,1.0,-0.0,0.0,-3.4761473e-05,-0.0,0.56333095,3.1050577,0.9477496,2.689296,0.6844796,2.828047,1.0,6.0556,-1.5905555,0.6712963,141.4521,1.0,0.0,0.0,1.0,0.0,0,5.3776507,0.0,0.0,5.3656106,3.318942,8.296274,0.76167506,0.0,3.5999305,7.448919
3,182,183.0,10.0,1.0,1.0,164.0,1.0,1.0,1.0,0.99998343,1.0,-0.0,0.0,-1.6587803e-05,-0.0,0.52491426,3.3853188,0.9316277,1.2284238,0.7996442,2.6387584,1.0,6.1868777,-0.986672,0.6851852,133.02403,1.0,0.0,0.0,1.0,0.0,0,5.136403,0.0,0.0,5.300675,2.7650359,7.016176,3.3911726,0.0,1.9165986,8.393371
0,183,184.0,10.0,1.0,1.0,165.0,1.0,1.0,1.0,0.99997896,1.0,-0.0,0.0,-2.101205e-05,-0.0,0.40254778,3.321068,0.92898893,2.6505973,0.4593878,3.365678,1.0,5.82036,-4.013802,0.6851852,138.71207,1.0,0.0,0.0,1.0,0.0,0,5.448706,0.0,0.0,5.358146,3.240263,10.148802,0.4841369,0.0,2.4659925,5.893845
1,183,184.0,10.0,1.0,1.0,165.0,1.0,1.0,1.0,0.9999798,1.0,-0.0,0.0,-2.0200598e-05,-0.0,0.41189456,3.4171422,0.9135034,2.7348971,0.45388645,2.873354,1.0,5.2556086,-2.6591122,0.6851852,137.62073,1.0,0.0,0.0,1.0,0.0,0,5.32482,0.0,0.0,5.220339,3.0847452,7.9793205,0.4609031,0.0,2.0381126,6.545735
2,183,184.0,10.0,1.0,1.0,165.0,1.0,1.0,1.0,0.99997604,1.0,-0.0,0.0,-2.3936396e-05,-0.0,0.40971524,3.203312,0.91756356,2.768747,0.6880178,2.727733,1.0,5.993745,-2.6048543,0.6712963,141.61127,1.0,0.0,0.0,1.0,0.0,0,5.180784,0.0,0.0,5.0528674,3.2346413,8.396687,0.49184948,0.0,3.6382992,7.5062118
3,183,184.0,10.0,1.0,1.0,165.0,1.0,1.0,1.0,0.99998814,1.0,-0.0,0.0,-1.1853595e-05,-0.0,0.41401908,3.3657393,0.89458776,1.0445411,0.8028166,2.6214972,1.0,5.9083667,-2.087837,0.6898148,133.20631,1.0,0.0,0.0,1.0,0.0,0,5.0762115,0.0,0.0,5.1556435,2.7087803,6.7836204,3.3714788,0.0,1.859513,8.553858
0,184,185.0,10.0,1.0,1.0,166.0,1.0,1.0,1.0,0.9999804,1.0,-0.0,0.0,-1.9595485e-05,-0.0,0.49978495,3.31388,0.91768044,1.7209661,0.45875353,3.4520214,1.0,5.3026733,-4.4326286,0.6898148,138.73376,1.0,0.0,0.0,1.0,0.0,0,4.8876576,0.0,0.0,5.0533743,2.8361578,9.83938,0.59413576,0.0,2.199896,5.785721
1,184,185.0,10.0,1.0,1.0,166.0,1.0,1.0,1.0,0.99998224,1.0,-0.0,0.0,-1.7773742e-05,-0.0,0.5166221,3.413058,0.9194677,2.1950712,0.45808223,2.9053218,1.0,5.0096545,-2.3405411,0.6851852,137.65215,1.0,0.0,0.0,1.0,0.0,0,4.913942,0.0,0.0,4.9203534,2.9919984,7.8193593,0.53761566,0.0,2.1151812,6.3614464
2,184,185.0,10.0,1.0,1.0,166.0,1.0,1.0,1.0,0.99997586,1.0,-0.0,0.0,-2.4113224e-05,-0.0,0.50369203,3.1997495,0.9038425,1.8396713,0.6861205,2.7887473,1.0,5.434081,-3.1917877,0.6712963,141.63823,1.0,0.0,0.0,1.0,0.0,0,4.5275397,0.0,0.0,4.6774287,2.8462207,8.117366,0.6615274,0.0,3.4415183,7.342433
3,184,185.0,10.0,1.0,1.0,166.0,1.0,1.0,1.0,0.9999868,1.0,-0.0,0.0,-1.3181851e-05,-0.0,0.5211186,3.3767886,0.89820224,1.0362657,0.8050314,2.5763195,1.0,5.732341,-1.2845732,0.6898148,133.24268,1.0,0.0,0.0,1.0,0.0,0,5.092427,0.0,0.0,5.2058415,2.674703,6.8786445,3.1032145,0.0,1.6364447,8.020319
0,185,186.0,10.0,1.0,1.0,167.0,1.0,1.0,1.0,0.99998385,1.0,-0.0,0.0,-1.6155414e-05,-0.0,0.37726313,3.3844023,0.9153411,2.1196043,0.4596783,3.4597228,1.0,5.4947248,-4.455071,0.6898148,138.92735,1.0,0.0,0.0,1.0,0.0,0,5.2961817,0.0,0.0,5.311321,3.0693996,9.787622,0.3767413,0.0,2.2433128,5.740106
1,185,186.0,10.0,1.0,1.0,167.0,1.0,1.0,1.0,0.99998647,1.0,-0.0,0.0,-1.3547022e-05,-0.0,0.366706,3.5014596,0.90338045,2.2514024,0.45957038,2.8758047,1.0,5.0501633,-3.3439398,0.6851852,137.82893,1.0,0.0,0.0,1.0,0.0,0,5.1094947,0.0,0.0,5.0358076,2.9441988,7.9036503,0.35788557,0.0,2.1854415,6.4754634
2,185,186.0,10.0,1.0,1.0,167.0,1.0,1.0,1.0,0.99998236,1.0,-0.0,0.0,-1.763727e-05,-0.0,0.35598576,3.3058648,0.91266686,2.3913348,0.6912106,2.7153654,1.0,5.74334,-2.7940366,0.6712963,141.85239,1.0,0.0,0.0,1.0,0.0,0,5.27989,0.0,0.0,5.1297765,3.1614294,8.457823,0.4181993,0.0,3.486026,7.4672065
3,185,186.0,10.0,1.0,1.0,167.0,1.0,1.0,1.0,0.99999046,1.0,-0.0,0.0,-9.539661e-06,-0.0,0.34452713,3.3459682,0.93192387,1.5143617,0.8079011,2.521659,1.0,6.21448,-2.506067,0.6898148,133.49779,1.0,0.0,0.0,1.0,0.0,0,5.329655,0.0,0.0,5.2807508,2.989468,6.7558312,0.5105594,0.0,1.7029328,7.4414325
0,186,187.0,10.0,1.0,1.0,168.0,1.0,1.0,1.0,0.99999124,1.0,-0.0,0.0,-8.765309e-06,-0.0,0.5699646,3.3439682,0.9299161,2.084603,0.45835698,3.4492989,1.0,5.5290346,-2.8441222,0.6898148,138.98071,1.0,0.0,0.0,1.0,0.0,0,5.1283092,0.0,0.0,5.1863194,3.0529816,10.000281,0.46882823,0.0,2.3066878,5.713691
1,186,187.0,10.0,1.0,1.0,168.0,1.0,1.0,1.0,0.9999928,1.0,-0.0,0.0,-7.1845493e-06,-0.0,0.54218245,3.5236232,0.8880352,1.8294313,0.45895964,2.8961468,1.0,4.86973,-1.9803438,0.6851852,137.87187,1.0,0.0,0.0,1.0,0.0,0,4.9790382,0.0,0.0,4.963706,3.0308688,7.987731,0.37193123,0.0,2.2166336,6.383578
2,186,187.0,10.0,1.0,1.0,168.0,1.0,1.0,1.0,0.9999918,1.0,-0.0,0.0,-8.2476045e-06,-0.0,0.55379903,3.2614014,0.9260002,2.3507292,0.6932742,2.6863837,1.0,5.85799,-1.2538601,0.6712963,141.90565,1.0,0.0,0.0,1.0,0.0,0,5.1059275,0.0,0.0,5.061643,3.2817914,8.472831,0.5844203,0.0,3.686482,7.337517
3,186,187.0,10.0,1.0,1.0,168.0,1.0,1.0,1.0,0.99999076,1.0,-0.0,0.0,-9.26503e-06,-0.0,0.5411502,3.337374,0.9223574,1.2411015,0.80684537,2.445387,1.0,5.9253287,-1.172985,0.6898148,133.51825,1.0,0.0,0.0,1.0,0.0,0,5.155675,0.0,0.0,5.2346544,2.8704796,6.911001,0.5006926,0.0,1.5589914,7.145157
0,187,188.0,10.0,1.0,1.0,169.0,1.0,1.0,1.0,0.99999,1.0,-0.0,0.0,-1.003041e-05,-0.0,0.41258967,3.4500875,0.9207616,1.7905111,0.45160273,3.5360363,1.0,5.1997614,-4.1479187,0.6898148,139.4315,1.0,0.0,0.0,1.0,0.0,0,4.716094,0.0,0.0,4.831061,3.1042182,9.664611,0.6523361,0.0,2.3537974,5.401848
1,187,188.0,10.0,1.0,1.0,169.0,1.0,1.0,1.0,0.9999914,1.0,-0.0,0.0,-8.60821e-06,-0.0,0.3936842,3.6148753,0.8748831,1.515395,0.454269,2.9090912,1.0,4.5662165,-3.8443422,0.6898148,138.31184,1.0,0.0,0.0,1.0,0.0,0,4.608566,0.0,0.0,4.7432137,3.0097296,7.8079596,0.51256317,0.0,1.9594992,6.2207713
2,187,188.0,10.0,1.0,1.0,169.0,1.0,1.0,1.0,0.9999925,1.0,-0.0,0.0,-7.5088965e-06,-0.0,0.41555727,3.418449,0.9102811,2.0321264,0.6948375,2.6793816,1.0,5.534101,-2.2984083,0.6759259,142.34917,1.0,0.0,0.0,1.0,0.0,0,4.736413,0.0,0.0,4.744065,3.241798,8.414005,0.50593185,0.0,3.5664704,7.280838
3,187,188.0,10.0,1.0,1.0,169.0,1.0,1.0,1.0,0.99999255,1.0,-0.0,0.0,-7.437651e-06,-0.0,0.4075635,3.448967,0.892588,1.2162576,0.80891067,2.4144628,1.0,5.6512136,-2.398654,0.6990741,133.91832,1.0,0.0,0.0,1.0,0.0,0,4.9383416,0.0,0.0,5.2392282,2.8570802,6.757033,0.61325556,0.0,1.6714994,7.080432
0,188,189.0,10.0,1.0,1.0,170.0,1.0,1.0,1.0,0.9999849,1.0,-0.0,0.0,-1.5092186e-05,-0.0,0.5837321,3.490799,0.9630205,2.6077259,0.45550153,3.52606,1.0,5.747707,-1.4549559,0.6898148,139.52579,1.0,0.0,0.0,1.0,0.0,0,5.458063,0.0,0.0,5.405883,3.2074199,9.764961,0.57713586,0.0,2.2858043,5.873775
1,188,189.0,10.0,1.0,1.0,170.0,1.0,1.0,1.0,0.9999904,1.0,-0.0,0.0,-9.609621e-06,-0.0,0.56038535,3.610085,0.9051411,2.0589123,0.45981315,2.900468,1.0,4.903127,-1.4878736,0.6898148,138.3546,1.0,0.0,0.0,1.0,0.0,0,5.1568427,0.0,0.0,5.0728974,3.0166516,8.078337,0.39493033,0.0,1.9801,6.3435183
2,188,189.0,10.0,1.0,1.0,170.0,1.0,1.0,1.0,0.99999213,1.0,-0.0,0.0,-7.8769e-06,-0.0,0.5700398,3.3524194,0.9403485,2.3726041,0.696171,2.6612074,1.0,5.743204,-0.25887787,0.6759259,142.37892,1.0,0.0,0.0,1.0,0.0,0,5.1961937,0.0,0.0,5.0988865,3.272986,8.239171,0.5123078,0.0,3.493189,7.2973948
3,188,189.0,10.0,1.0,1.0,170.0,1.0,1.0,1.0,0.99999195,1.0,-0.0,0.0,-8.072986e-06,-0.0,0.60784405,3.4042895,0.9336695,1.7435583,0.8107392,2.3870757,1.0,6.30254,0.3628293,0.6990741,133.94621,1.0,0.0,0.0,1.0,0.0,0,5.483535,0.0,0.0,5.391177,3.2563355,6.918839,0.6196653,0.0,1.6077979,6.9778676
0,189,190.0,10.0,1.0,1.0,171.0,1.0,1.0,1.0,0.9999883,1.0,-0.0,0.0,-1.1674016e-05,-0.0,0.35172963,3.5215263,0.93733203,2.3467302,0.45158815,3.5131605,1.0,5.6865816,-4.0480895,0.6944444,139.72195,1.0,0.0,0.0,1.0,0.0,0,5.265976,0.0,0.0,5.2618694,3.2387722,9.675187,0.42166355,0.0,2.271593,5.7583365
1,189,190.0,10.0,1.0,1.0,171.0,1.0,1.0,1.0,0.9999915,1.0,-0.0,0.0,-8.519865e-06,-0.0,0.35029614,3.6125069,0.8937667,2.185422,0.46418682,2.820564,1.0,5.092468,-3.42507,0.6944444,138.56046,1.0,0.0,0.0,1.0,0.0,0,5.165736,0.0,0.0,5.115709,3.0826178,8.229335,0.3948204,0.0,2.2626493,6.249028
2,189,190.0,10.0,1.0,1.0,171.0,1.0,1.0,1.0,0.9999906,1.0,-0.0,0.0,-9.391696e-06,-0.0,0.34119153,3.4403703,0.9046955,2.2848766,0.69539064,2.6435006,1.0,5.78313,-2.8581936,0.6805556,142.59134,1.0,0.0,0.0,1.0,0.0,0,5.218991,0.0,0.0,5.083612,3.3420336,8.303981,0.45803547,0.0,3.5871608,7.2672567
3,189,190.0,10.0,1.0,1.0,171.0,1.0,1.0,1.0,0.99998915,1.0,-0.0,0.0,-1.086212e-05,-0.0,0.363411,3.369256,0.90564305,1.4601556,0.804617,2.3659966,1.0,6.066306,-2.630799,0.712963,134.15448,1.0,0.0,0.0,1.0,0.0,0,5.2037725,0.0,0.0,5.111046,3.0145454,6.743819,0.59847546,0.0,1.4808797,7.391028
0,190,191.0,10.0,1.0,1.0,172.0,1.0,1.0,1.0,0.99999106,1.0,-0.0,0.0,-8.943962e-06,-0.0,0.56226516,3.5280037,0.89178056,1.637533,0.44537485,3.5488532,1.0,5.263991,-2.6482697,0.6944444,139.79019,1.0,0.0,0.0,1.0,0.0,0,5.0116997,0.0,0.0,5.105175,2.9596503,9.571037,0.3258957,0.0,2.2773232,5.907797
1,190,191.0,10.0,1.0,1.0,172.0,1.0,1.0,1.0,0.99999285,1.0,-0.0,0.0,-7.1486074e-06,-0.0,0.5842712,3.6519732,0.87650216,2.0088832,0.466044,2.8448808,1.0,5.023792,-1.1726068,0.6944444,138.65091,1.0,0.0,0.0,1.0,0.0,0,5.0410957,0.0,0.0,5.018948,3.04692,8.223177,0.38975123,0.0,2.3326561,6.3439565
2,190,191.0,10.0,1.0,1.0,172.0,1.0,1.0,1.0,0.99999154,1.0,-0.0,0.0,-8.48992e-06,-0.0,0.5513344,3.3925877,0.8842879,1.8434961,0.69432485,2.665322,1.0,5.507727,-1.460529,0.6805556,142.60222,1.0,0.0,0.0,1.0,0.0,0,4.843811,0.0,0.0,4.8316746,3.136102,8.240927,0.48341933,0.0,3.5835874,7.149833
3,190,191.0,10.0,1.0,1.0,172.0,1.0,1.0,1.0,0.99999046,1.0,-0.0,0.0,-9.565921e-06,-0.0,0.5506769,3.4603364,0.8546925,1.0907271,0.8074885,2.3507292,1.0,5.579421,-1.0575056,0.712963,134.30617,1.0,0.0,0.0,1.0,0.0,0,5.0858197,0.0,0.0,5.0594378,2.8949296,6.8378167,0.4325529,0.0,1.4697243,6.952066
0,191,192.0,10.0,1.0,1.0,173.0,1.0,1.0,1.0,0.9999885,1.0,-0.0,0.0,-1.1482277e-05,-0.0,0.31193644,3.5364444,0.8990127,1.9106315,0.43568015,3.6245866,1.0,5.3722076,-5.048384,0.6990741,140.01585,1.0,0.0,0.0,1.0,0.0,0,5.1480064,0.0,0.0,5.1220903,3.030757,9.512186,0.4713475,0.0,2.1898649,5.937951
1,191,192.0,10.0,1.0,1.0,173.0,1.0,1.0,1.0,0.9999898,1.0,-0.0,0.0,-1.0183392e-05,-0.0,0.33728555,3.6397312,0.8837263,2.0928473,0.4721826,2.861342,1.0,5.1113243,-3.7342775,0.6944444,138.86864,1.0,0.0,0.0,1.0,0.0,0,4.980442,0.0,0.0,4.911762,3.0130584,8.047437,0.39560354,0.0,2.263264,6.308315
2,191,192.0,10.0,1.0,1.0,173.0,1.0,1.0,1.0,0.99998957,1.0,-0.0,0.0,-1.043767e-05,-0.0,0.31756872,3.3983324,0.88095963,1.9539742,0.6934499,2.7049677,1.0,5.51935,-3.712125,0.6805556,142.80998,1.0,0.0,0.0,1.0,0.0,0,4.9771113,0.0,0.0,4.8636475,3.1448667,8.1463175,0.5157044,0.0,3.475203,7.10457
3,191,192.0,10.0,1.0,1.0,173.0,1.0,1.0,1.0,0.99998784,1.0,-0.0,0.0,-1.2159839e-05,-0.0,0.3482688,3.405799,0.8566151,1.0835273,0.8101699,2.3543892,1.0,5.6718116,-3.2789688,0.7175926,134.50838,1.0,0.0,0.0,1.0,0.0,0,5.162524,0.0,0.0,5.085156,2.9776993,6.787404,0.5210548,0.0,1.5730351,6.8391275
0,192,193.0,10.0,1.0,1.0,174.0,1.0,1.0,1.0,0.99998796,1.0,-0.0,0.0,-1.2041035e-05,-0.0,0.5540613,3.632348,0.8838525,1.8477372,0.43705115,3.5872471,1.0,5.3260508,-2.4133167,0.6990741,140.15118,1.0,0.0,0.0,1.0,0.0,0,5.1644115,0.0,0.0,5.189657,3.1055348,9.857271,0.34640932,0.0,2.1630306,5.968886
1,192,193.0,10.0,1.0,1.0,174.0,1.0,1.0,1.0,0.9999893,1.0,-0.0,0.0,-1.0740799e-05,-0.0,0.5943481,3.7641473,0.8512939,1.7676336,0.47680852,2.7825654,1.0,4.909077,-0.6390093,0.6944444,139.03659,1.0,0.0,0.0,1.0,0.0,0,4.9727874,0.0,0.0,4.968286,3.0297585,8.219676,0.33595946,0.0,2.4590461,6.2402515
2,192,193.0,10.0,1.0,1.0,174.0,1.0,1.0,1.0,0.9999854,1.0,-0.0,0.0,-1.459555e-05,-0.0,0.5513847,3.5400987,0.8562998,1.880072,0.69562566,2.6676705,1.0,5.43455,-1.053066,0.6805556,142.98178,1.0,0.0,0.0,1.0,0.0,0,4.980914,0.0,0.0,4.908284,3.232723,8.219557,0.53302383,0.0,3.5055916,7.094557
3,192,193.0,10.0,1.0,1.0,174.0,1.0,1.0,1.0,0.9999894,1.0,-0.0,0.0,-1.0635667e-05,-0.0,0.57370776,3.476708,0.8271708,1.0407878,0.8146422,2.344728,1.0,5.647571,-0.81548375,0.7175926,134.62393,1.0,0.0,0.0,1.0,0.0,0,5.1618714,0.0,0.0,5.0878053,3.092084,7.033989,0.48925814,0.0,1.4757795,6.8064065
0,193,194.0,10.0,1.0,1.0,175.0,1.0,1.0,1.0,0.99998105,1.0,-0.0,0.0,-1.8967052e-05,-0.0,0.35126692,3.493115,0.9086529,2.0950902,0.42840946,3.7116582,1.0,5.4908714,-4.8030224,0.7037037,140.42856,1.0,0.0,0.0,1.0,0.0,0,5.1403055,0.0,0.0,5.1266713,3.1124108,9.692596,0.6151544,0.0,2.0694857,5.819697
1,193,194.0,10.0,1.0,1.0,175.0,1.0,1.0,1.0,0.99998266,1.0,-0.0,0.0,-1.7337248e-05,-0.0,0.36341363,3.6188378,0.88032216,2.146757,0.48040432,2.807769,1.0,5.194332,-3.2437713,0.6944444,139.3316,1.0,0.0,0.0,1.0,0.0,0,4.9816294,0.0,0.0,4.911587,3.0294824,8.281187,0.58624667,0.0,2.1420293,6.3256435
2,193,194.0,10.0,1.0,1.0,175.0,1.0,1.0,1.0,0.9999836,1.0,-0.0,0.0,-1.6367332e-05,-0.0,0.35708433,3.4030178,0.88601774,2.124031,0.69126433,2.74033,1.0,5.6840305,-3.1706533,0.6898148,143.25513,1.0,0.0,0.0,1.0,0.0,0,5.06893,0.0,0.0,4.9227123,3.3088481,7.9873347,0.54281205,0.0,3.477952,7.1022196
3,193,194.0,10.0,1.0,1.0,175.0,1.0,1.0,1.0,0.9999862,1.0,-0.0,0.0,-1.38206615e-05,-0.0,0.3756404,3.4064724,0.84859645,1.1092275,0.8155902,2.3370376,1.0,5.7406435,-3.0758111,0.7222222,134.85933,1.0,0.0,0.0,1.0,0.0,0,5.0331426,0.0,0.0,4.9649086,3.0748582,6.9122415,0.5562955,0.0,1.5501869,6.8314376
0,194,195.0,10.0,1.0,1.0,176.0,1.0,1.0,1.0,0.9999819,1.0,-0.0,0.0,-1.8096234e-05,-0.0,0.5681701,3.7457018,0.87284344,1.919623,0.42607743,3.7835152,1.0,5.299901,-1.6548121,0.7037037,140.7246,1.0,0.0,0.0,1.0,0.0,0,5.1163244,0.0,0.0,5.1360908,3.0622013,9.775005,0.39471954,0.0,2.1506522,6.0349216
1,194,195.0,10.0,1.0,1.0,176.0,1.0,1.0,1.0,0.9999851,1.0,-0.0,0.0,-1.4910339e-05,-0.0,0.5730584,3.860167,0.84768695,1.8833996,0.47894236,2.8222284,1.0,4.98413,-0.3358936,0.6944444,139.6101,1.0,0.0,0.0,1.0,0.0,0,4.969684,0.0,0.0,4.954756,3.012759,8.410512,0.3296799,0.0,2.246965,6.230883
2,194,195.0,10.0,1.0,1.0,176.0,1.0,1.0,1.0,0.9999889,1.0,-0.0,0.0,-1.1063157e-05,-0.0,0.5529069,3.599306,0.8462398,1.896239,0.69399315,2.6927865,1.0,5.4190226,-1.007379,0.6898148,143.48564,1.0,0.0,0.0,1.0,0.0,0,4.9263253,0.0,0.0,4.8535094,3.219796,8.017549,0.44349357,0.0,3.4772606,7.1944957
3,194,195.0,10.0,1.0,1.0,176.0,1.0,1.0,1.0,0.9999902,1.0,-0.0,0.0,-9.795863e-06,-0.0,0.5717885,3.562548,0.82303184,1.0660499,0.8166494,2.30941,1.0,5.6612277,-0.59995985,0.7222222,135.05539,1.0,0.0,0.0,1.0,0.0,0,5.0779343,0.0,0.0,5.004495,3.140456,6.9649773,0.5432529,0.0,1.4245524,6.5889626
0,195,196.0,10.0,1.0,1.0,177.0,1.0,1.0,1.0,0.9999857,1.0,-0.0,0.0,-1.4310704e-05,-0.0,0.45333058,3.4725976,0.9104664,2.164911,0.417589,3.8819625,1.0,5.546305,-3.7071528,0.7037037,141.01228,1.0,0.0,0.0,1.0,0.0,0,5.147749,0.0,0.0,5.1150417,3.1473625,9.54822,0.4481975,0.0,1.8603834,5.7106247
1,195,196.0,10.0,1.0,1.0,177.0,1.0,1.0,1.0,0.999981,1.0,-0.0,0.0,-1.8984967e-05,-0.0,0.44075364,3.5486276,0.8805111,2.0604324,0.4715425,2.9414692,1.0,5.2567644,-2.7708783,0.6944444,139.93541,1.0,0.0,0.0,1.0,0.0,0,4.970888,0.0,0.0,4.935461,3.0464392,8.161924,0.6182748,0.0,1.9616754,6.154615
2,195,196.0,10.0,1.0,1.0,177.0,1.0,1.0,1.0,0.9999871,1.0,-0.0,0.0,-1.2889703e-05,-0.0,0.46222955,3.3613167,0.86649257,1.9849732,0.6932375,2.7124813,1.0,5.599372,-2.121998,0.6898148,143.73235,1.0,0.0,0.0,1.0,0.0,0,4.98868,0.0,0.0,4.8682814,3.288026,7.983719,0.56791085,0.0,3.4858828,7.0576077
3,195,196.0,10.0,1.0,1.0,177.0,1.0,1.0,1.0,0.99999017,1.0,-0.0,0.0,-9.825446e-06,-0.0,0.493937,3.3855155,0.8448374,1.087853,0.81707203,2.3070364,1.0,5.8546762,-1.7782301,0.7222222,135.23946,1.0,0.0,0.0,1.0,0.0,0,5.0146623,0.0,0.0,4.9656706,3.1700358,6.940389,0.5516945,0.0,1.3849171,6.4671187
0,196,197.0,10.0,1.0,1.0,178.0,1.0,1.0,1.0,0.99998945,1.0,-0.0,0.0,-1.0553771e-05,-0.0,0.5316131,3.5350878,0.88846225,1.7250545,0.40923363,3.8819625,1.0,5.3154807,-2.79665,0.7037037,141.15344,1.0,0.0,0.0,1.0,0.0,0,5.217808,0.0,0.0,5.5732684,2.9121807,9.755876,0.27170193,0.0,2.0860133,5.8685083
1,196,197.0,10.0,1.0,1.0,178.0,1.0,1.0,1.0,0.99998295,1.0,-0.0,0.0,-1.7071246e-05,-0.0,0.5369551,3.710466,0.8557015,1.6313072,0.4760493,2.7876244,1.0,5.056561,-0.9857155,0.6944444,140.12524,1.0,0.0,0.0,1.0,0.0,0,5.1700697,0.0,0.0,5.4451246,2.9469674,8.323772,0.3153875,0.0,2.1740608,6.2265706
2,196,197.0,10.0,1.0,1.0,178.0,1.0,1.0,1.0,0.9999888,1.0,-0.0,0.0,-1.1203741e-05,-0.0,0.5295701,3.4313605,0.8589433,1.7799888,0.6929829,2.708438,1.0,5.4180098,-1.5314314,0.6898148,143.89673,1.0,0.0,0.0,1.0,0.0,0,4.835287,0.0,0.0,4.799621,3.2078698,8.248564,0.4917825,0.0,3.5866344,7.2319956
3,196,197.0,10.0,1.0,1.0,178.0,1.0,1.0,1.0,0.9999923,1.0,-0.0,0.0,-7.716174e-06,-0.0,0.5508162,3.3907673,0.830053,1.0993043,0.815877,2.2951307,1.0,5.730905,-1.114335,0.7268519,135.39334,1.0,0.0,0.0,1.0,0.0,0,5.1242633,0.0,0.0,5.126977,3.1124885,6.982304,0.53202283,0.0,1.4798301,6.501955
0,197,198.0,10.0,1.0,1.0,179.0,1.0,1.0,1.0,0.99998623,1.0,-0.0,0.0,-1.3777226e-05,-0.0,0.5976968,3.389299,0.8746407,2.174651,0.39902768,3.9878027,1.0,5.608884,-2.3382585,0.7083333,141.34361,1.0,0.0,0.0,1.0,0.0,0,5.383643,0.0,0.0,5.310896,3.3332255,9.598815,0.3599833,0.0,1.9703783,5.6180897
1,197,198.0,10.0,1.0,1.0,179.0,1.0,1.0,1.0,0.9999786,1.0,-0.0,0.0,-2.1419604e-05,-0.0,0.60595644,3.460245,0.84890705,1.9731082,0.47401005,2.858605,1.0,5.374688,-1.1473838,0.6944444,140.41707,1.0,0.0,0.0,1.0,0.0,0,5.2060375,0.0,0.0,5.1402955,3.1435387,8.112074,0.5069216,0.0,2.0618064,6.081663
2,197,198.0,10.0,1.0,1.0,179.0,1.0,1.0,1.0,0.9999802,1.0,-0.0,0.0,-1.976766e-05,-0.0,0.611382,3.2293537,0.837588,1.9631658,0.6923341,2.7653522,1.0,5.6425023,-0.7264083,0.6898148,144.13779,1.0,0.0,0.0,1.0,0.0,0,5.1975307,0.0,0.0,5.025387,3.4196608,7.8710823,0.58017707,0.0,3.4066765,6.9384837
3,197,198.0,10.0,1.0,1.0,179.0,1.0,1.0,1.0,0.9999874,1.0,-0.0,0.0,-1.2550828e-05,-0.0,0.6285422,3.2497616,0.8198877,1.4210367,0.8129064,2.2920594,1.0,6.2240944,-0.060818158,0.7268519,135.57582,1.0,0.0,0.0,1.0,0.0,0,5.2080374,0.0,0.0,5.110257,3.255299,6.742852,0.5854015,0.0,1.4124036,6.599642
0,198,199.0,10.0,1.0,1.0,180.0,1.0,1.0,1.0,0.9999873,1.0,-0.0,0.0,-1.2670261e-05,-0.0,0.5278505,3.6944377,0.8763082,1.9098121,0.39101174,3.9348407,1.0,5.3438277,-1.8450413,0.7083333,141.65181,1.0,0.0,0.0,1.0,0.0,0,5.0024796,0.0,0.0,4.946991,3.1275713,9.5141325,0.17195046,0.0,1.9227403,5.995149
1,198,199.0,10.0,1.0,1.0,180.0,1.0,1.0,1.0,0.9999819,1.0,-0.0,0.0,-1.8100063e-05,-0.0,0.5412787,3.8324509,0.85319346,2.1036654,0.4680939,2.7633703,1.0,5.4419007,0.032506883,0.6944444,140.79161,1.0,0.0,0.0,1.0,0.0,0,5.047074,0.0,0.0,4.9511075,3.1025631,8.247758,0.25255796,0.0,2.162194,6.348025
2,198,199.0,10.0,1.0,1.0,180.0,1.0,1.0,1.0,0.9999824,1.0,-0.0,0.0,-1.756214e-05,-0.0,0.51153076,3.611958,0.83592135,1.9731082,0.6910868,2.736042,1.0,5.5479655,-0.40677097,0.6898148,144.51595,1.0,0.0,0.0,1.0,0.0,0,4.9800596,0.0,0.0,4.761822,3.3075137,7.873944,0.4186341,0.0,3.415904,7.195539
3,198,199.0,10.0,1.0,1.0,180.0,1.0,1.0,1.0,0.9999871,1.0,-0.0,0.0,-1.2848841e-05,-0.0,0.56496036,3.53033,0.8419187,1.5343866,0.8169274,2.2865891,1.0,6.395373,0.49255043,0.7268519,135.85353,1.0,0.0,0.0,1.0,0.0,0,4.936076,0.0,0.0,4.8424196,3.074237,6.841716,0.6549948,0.0,1.5018251,6.3866463
0,199,200.0,10.0,1.0,1.0,181.0,1.0,1.0,1.0,0.99998593,1.0,-0.0,0.0,-1.40542725e-05,-0.0,0.46803504,3.550218,0.8636879,1.4215873,0.38650626,3.9639783,1.0,5.1490583,-3.3857887,0.712963,141.96513,1.0,0.0,0.0,1.0,0.0,0,5.021906,0.0,0.0,5.067835,3.027377,9.497339,0.24950849,0.0,1.8732232,5.4504848
1,199,200.0,10.0,1.0,1.0,181.0,1.0,1.0,1.0,0.99997896,1.0,-0.0,0.0,-2.106228e-05,-0.0,0.459772,3.5974364,0.86202854,1.4972085,0.4689398,2.8200088,1.0,5.2831264,-2.0680735,0.6990741,141.19322,1.0,0.0,0.0,1.0,0.0,0,4.978373,0.0,0.0,4.978066,3.1188288,7.833144,0.44868213,0.0,2.0522988,6.0934434
2,199,200.0,10.0,1.0,1.0,181.0,1.0,1.0,1.0,0.99998236,1.0,-0.0,0.0,-1.7635375e-05,-0.0,0.4668817,3.409532,0.84011173,1.4930204,0.6859869,2.8393724,1.0,5.2925014,-2.8761635,0.6944444,144.86975,1.0,0.0,0.0,1.0,0.0,0,4.713299,0.0,0.0,4.7122436,3.1827579,7.6949406,0.46106815,0.0,3.3970015,7.1029253
3,199,200.0,10.0,1.0,1.0,181.0,1.0,1.0,1.0,0.9999839,1.0,-0.0,0.0,-1.6091251e-05,-0.0,0.51973534,3.36372,0.8378531,1.0608981,0.8231623,2.2876158,1.0,6.1951747,-1.0072784,0.7314815,136.18553,1.0,0.0,0.0,1.0,0.0,0,4.9788246,0.0,0.0,4.9605117,3.1260023,6.6392517,0.87087256,0.0,1.3997505,6.329603
0,200,201.0,10.0,1.0,1.0,182.0,1.0,1.0,1.0,0.9999882,1.0,-0.0,0.0,-1.1779567e-05,-0.0,0.594835,3.7378025,0.83928984,1.5934432,0.38368136,3.8593106,1.0,5.350937,-1.0404531,0.712963,142.15918,1.0,0.0,0.0,1.0,0.0,0,5.3698263,0.0,0.0,5.3197365,3.3133147,9.567189,0.13911824,0.0,1.9875076,5.755785
1,200,201.0,10.0,1.0,1.0,182.0,1.0,1.0,1.0,0.99998814,1.0,-0.0,0.0,-1.1890919e-05,-0.0,0.5975939,3.812414,0.82067496,1.4105327,0.46820933,2.7363281,1.0,5.3406734,0.09569153,0.6990741,141.42967,1.0,0.0,0.0,1.0,0.0,0,5.2199163,0.0,0.0,5.2336097,3.0889795,8.135967,0.3037193,0.0,2.2087693,6.092438
2,200,201.0,10.0,1.0,1.0,182.0,1.0,1.0,1.0,0.99999076,1.0,-0.0,0.0,-9.2328855e-06,-0.0,0.5957652,3.6071181,0.80247307,1.422138,0.6896039,2.7932348,1.0,5.3645062,-0.66928566,0.6944444,145.07204,1.0,0.0,0.0,1.0,0.0,0,5.090554,0.0,0.0,4.935735,3.3110847,8.049467,0.45307302,0.0,3.5823617,7.2377133
3,200,201.0,10.0,1.0,1.0,182.0,1.0,1.0,1.0,0.9999878,1.0,-0.0,0.0,-1.2214387e-05,-0.0,0.6542247,3.5666437,0.80716926,1.0842496,0.8216588,2.2735438,1.0,6.340287,1.1698846,0.7314815,136.39417,1.0,0.0,0.0,1.0,0.0,0,5.089,0.0,0.0,5.007932,3.1988413,6.5237517,1.0794291,0.0,1.3524244,6.1502457
0,201,202.0,10.0,1.0,1.0,183.0,1.0,1.0,1.0,0.99998766,1.0,-0.0,0.0,-1.2363052e-05,-0.0,0.47928208,3.6500294,0.8473059,1.5050296,0.37401292,3.9527054,1.0,5.281086,-2.9811087,0.7175926,142.30824,1.0,0.0,0.0,1.0,0.0,0,5.122878,0.0,0.0,5.055338,3.2292957,9.484916,0.22159457,0.0,1.9216421,5.619298
1,201,202.0,10.0,1.0,1.0,183.0,1.0,1.0,1.0,0.9999868,1.0,-0.0,0.0,-1.3184691e-05,-0.0,0.4873,3.7023108,0.8254936,1.2623615,0.46428987,2.837718,1.0,5.302008,-1.945476,0.6990741,141.5982,1.0,0.0,0.0,1.0,0.0,0,5.025758,0.0,0.0,4.9642653,3.1498,7.9736795,0.53115475,0.0,1.962241,6.262355
2,201,202.0,10.0,1.0,1.0,183.0,1.0,1.0,1.0,0.9999902,1.0,-0.0,0.0,-9.779532e-06,-0.0,0.48602298,3.5283356,0.81167686,1.4341949,0.6894447,2.8393724,1.0,5.3482265,-2.2692652,0.6944444,145.2181,1.0,0.0,0.0,1.0,0.0,0,4.901972,0.0,0.0,4.7437744,3.2975276,7.8685575,0.5185046,0.0,3.4710577,7.100745
3,201,202.0,10.0,1.0,1.0,183.0,1.0,1.0,1.0,0.9999882,1.0,-0.0,0.0,-1.1808951e-05,-0.0,0.5313307,3.4683664,0.819624,1.0210481,0.8186069,2.280762,1.0,6.3464994,-0.77651256,0.7314815,136.55983,1.0,0.0,0.0,1.0,0.0,0,4.9201803,0.0,0.0,4.859128,3.1434078,6.4333944,1.2253487,0.0,1.3906868,6.5841613
0,202,203.0,10.0,1.0,1.0,184.0,1.0,1.0,1.0,0.99999,1.0,-0.0,0.0,-1.0032968e-05,-0.0,0.5425401,3.8545735,0.8145379,1.1106379,0.37412575,3.9048843,1.0,4.995281,-1.6319659,0.7175926,142.50485,1.0,0.0,0.0,1.0,0.0,0,5.134251,0.0,0.0,5.103923,3.117233,9.624414,0.2337679,0.0,1.5892111,5.8935814
1,202,203.0,10.0,1.0,1.0,184.0,1.0,1.0,1.0,0.9999886,1.0,-0.0,0.0,-1.1362259e-05,-0.0,0.53498447,3.9505641,0.80209374,1.0497732,0.46804813,2.8202863,1.0,5.123079,-1.1751075,0.6990741,141.83023,1.0,0.0,0.0,1.0,0.0,0,5.0865774,0.0,0.0,5.02363,3.1266198,8.015135,0.33200386,0.0,1.847517,6.345478
2,202,203.0,10.0,1.0,1.0,184.0,1.0,1.0,1.0,0.9999913,1.0,-0.0,0.0,-8.6894415e-06,-0.0,0.5322594,3.750352,0.79414594,1.4021846,0.6893577,2.837718,1.0,5.1309896,-0.81433356,0.6944444,145.41681,1.0,0.0,0.0,1.0,0.0,0,4.852381,0.0,0.0,4.744364,3.239488,7.715714,0.42943305,0.0,3.2618728,7.3118443
3,202,203.0,10.0,1.0,1.0,184.0,1.0,1.0,1.0,0.9999925,1.0,-0.0,0.0,-7.527631e-06,-0.0,0.5577084,3.6517096,0.79487574,0.84487224,0.8264998,2.2893257,1.0,6.209114,0.20868424,0.7314815,136.72826,1.0,0.0,0.0,1.0,0.0,0,5.0067997,0.0,0.0,4.954168,3.1688824,6.4542294,1.2133363,0.0,1.4021152,6.5238748
0,203,204.0,10.0,1.0,1.0,185.0,1.0,1.0,1.0,0.9999886,1.0,-0.0,0.0,-1.1393684e-05,-0.0,0.5027879,3.6788034,0.8170408,1.2605002,0.35830954,3.9854467,1.0,5.2228093,-2.6133013,0.7175926,142.84071,1.0,0.0,0.0,1.0,0.0,0,5.386836,0.0,0.0,5.2651668,3.2955081,9.495823,0.3034978,0.0,1.2252638,5.915258
1,203,204.0,10.0,1.0,1.0,185.0,1.0,1.0,1.0,0.9999878,1.0,-0.0,0.0,-1.223219e-05,-0.0,0.53398275,3.7312129,0.81438404,1.1071086,0.4740682,2.7988338,1.0,5.358183,-1.1496842,0.6990741,142.19507,1.0,0.0,0.0,1.0,0.0,0,5.139712,0.0,0.0,5.1037073,3.2009358,7.921086,0.42281583,0.0,1.9918842,6.090093
2,203,204.0,10.0,1.0,1.0,185.0,1.0,1.0,1.0,0.99998903,1.0,-0.0,0.0,-1.09383245e-05,-0.0,0.5341843,3.5245585,0.8035778,1.3830756,0.68950874,2.8616157,1.0,5.2892056,-1.6908162,0.6944444,145.79027,1.0,0.0,0.0,1.0,0.0,0,4.968269,0.0,0.0,4.837935,3.3545506,7.9349427,0.5312013,0.0,3.286271,7.154151
3,203,204.0,10.0,1.0,1.0,185.0,1.0,1.0,1.0,0.99999076,1.0,-0.0,0.0,-9.217424e-06,-0.0,0.5674068,3.5053759,0.79215485,0.7077556,0.8332183,2.298198,1.0,6.3075776,-0.3821291,0.7314815,137.03326,1.0,0.0,0.0,1.0,0.0,0,5.0358434,0.0,0.0,5.0024843,3.2446811,6.378739,1.3308146,0.0,1.2652855,6.34876
0,204,205.0,10.0,1.0,1.0,186.0,1.0,1.0,1.0,0.9999901,1.0,-0.0,0.0,-9.922834e-06,-0.0,0.57026035,3.9280984,0.78912115,1.0210481,0.3498841,3.9124944,1.0,5.1318674,-1.4420496,0.7175926,143.09726,1.0,0.0,0.0,1.0,0.0,0,5.3413258,0.0,0.0,5.2597847,3.2865322,9.31843,0.12405997,0.0,1.8225411,5.825715
1,204,205.0,10.0,1.0,1.0,186.0,1.0,1.0,1.0,0.99999124,1.0,-0.0,0.0,-8.744409e-06,-0.0,0.615263,3.940267,0.7931155,1.1763476,0.47319704,2.7537222,1.0,5.478008,-0.07488858,0.6990741,142.41248,1.0,0.0,0.0,1.0,0.0,0,5.2751365,0.0,0.0,5.219673,3.253411,8.103844,0.3273435,0.0,2.021328,6.1933045
2,204,205.0,10.0,1.0,1.0,186.0,1.0,1.0,1.0,0.9999894,1.0,-0.0,0.0,-1.0601653e-05,-0.0,0.6011605,3.8182247,0.7772385,1.3463701,0.68939805,2.8539464,1.0,5.2976823,0.36913157,0.6944444,146.08238,1.0,0.0,0.0,1.0,0.0,0,5.043767,0.0,0.0,4.8706145,3.3877683,7.9512806,0.4325192,0.0,3.3337913,7.2323813
3,204,205.0,10.0,1.0,1.0,186.0,1.0,1.0,1.0,0.9999917,1.0,-0.0,0.0,-8.307433e-06,-0.0,0.64693207,3.700288,0.77809083,0.7099639,0.8332893,2.2841914,1.0,6.410287,1.0844897,0.7314815,137.22835,1.0,0.0,0.0,1.0,0.0,0,5.1264253,0.0,0.0,5.055247,3.3442972,6.195088,1.2187375,0.0,1.2519311,6.315712
0,205,206.0,10.0,1.0,1.0,187.0,1.0,1.0,1.0,0.9999872,1.0,-0.0,0.0,-1.283872e-05,-0.0,0.41442925,3.4226522,0.8196329,1.4590832,0.34161705,3.979549,1.0,5.3124566,-4.6192975,0.7314815,143.61978,1.0,0.0,0.0,1.0,0.0,0,5.312386,0.0,0.0,5.1333175,3.1103826,9.230393,0.21742922,0.0,1.72655,5.7373405
1,205,206.0,10.0,1.0,1.0,187.0,1.0,1.0,1.0,0.9999885,1.0,-0.0,0.0,-1.151484e-05,-0.0,0.45248455,3.467769,0.83571076,1.7852578,0.4703963,2.8250008,1.0,5.816284,-2.9261177,0.7083333,142.90169,1.0,0.0,0.0,1.0,0.0,0,5.1339116,0.0,0.0,5.0165353,2.9324734,7.9094024,0.47744748,0.0,2.0464208,6.4499173
2,205,206.0,10.0,1.0,1.0,187.0,1.0,1.0,1.0,0.99998796,1.0,-0.0,0.0,-1.2047115e-05,-0.0,0.45127606,3.2817018,0.82096404,1.6337047,0.6892054,2.894254,1.0,5.553967,-2.6003542,0.6944444,146.63533,1.0,0.0,0.0,1.0,0.0,0,5.0139575,0.0,0.0,4.826661,3.0661485,7.697498,0.47980404,0.0,3.1373925,7.0280056
3,205,206.0,10.0,1.0,1.0,187.0,1.0,1.0,1.0,0.99999124,1.0,-0.0,0.0,-8.791098e-06,-0.0,0.47645196,3.2585635,0.8078815,1.2747018,0.8335719,2.2930837,1.0,6.811954,-1.7792825,0.7407407,137.68727,1.0,0.0,0.0,1.0,0.0,0,5.143592,0.0,0.0,4.901187,3.549613,6.141174,1.352249,0.0,1.2388247,6.253393
0,206,207.0,10.0,1.0,1.0,188.0,1.0,1.0,1.0,0.9999848,1.0,-0.0,0.0,-1.5185658e-05,-0.0,0.52973217,3.8292046,0.7147714,0.87042505,0.3380233,3.8662014,1.0,4.787083,-2.4054832,0.7314815,144.04832,1.0,0.0,0.0,1.0,0.0,0,5.2196918,0.0,0.0,5.2542987,3.1984637,9.434574,0.10105232,0.0,1.873695,6.0342193
1,206,207.0,10.0,1.0,1.0,188.0,1.0,1.0,1.0,0.9999878,1.0,-0.0,0.0,-1.224828e-05,-0.0,0.5675051,3.8465905,0.73456377,0.8011254,0.46922117,2.7797508,1.0,5.2118435,-0.8600997,0.7083333,143.3021,1.0,0.0,0.0,1.0,0.0,0,5.1668425,0.0,0.0,5.163824,3.2424371,8.185253,0.32177803,0.0,2.1051693,6.3815694
2,206,207.0,10.0,1.0,1.0,188.0,1.0,1.0,1.0,0.99998826,1.0,-0.0,0.0,-1.1717813e-05,-0.0,0.56926197,3.6703784,0.7248792,1.3791084,0.68902874,2.8934429,1.0,5.017743,-1.2356322,0.6944444,147.04143,1.0,0.0,0.0,1.0,0.0,0,4.8675284,0.0,0.0,4.759895,3.385992,7.8800554,0.39128515,0.0,3.1650338,7.241093
3,206,207.0,10.0,1.0,1.0,188.0,1.0,1.0,1.0,0.999987,1.0,-0.0,0.0,-1.2982254e-05,-0.0,0.58297926,3.596092,0.69882154,0.83929545,0.8338756,2.3043206,1.0,6.065368,-0.6400663,0.7407407,138.04468,1.0,0.0,0.0,1.0,0.0,0,5.0415697,0.0,0.0,5.0684204,3.311788,6.1037674,1.3534523,0.0,1.1824962,6.3632445
0,207,208.0,10.0,1.0,1.0,189.0,1.0,1.0,1.0,0.9999843,1.0,-0.0,0.0,-1.566038e-05,-0.0,0.48505104,3.6920156,0.78462344,1.1085217,0.34087992,3.8404005,1.0,5.115616,-2.8905067,0.7314815,144.22635,1.0,0.0,0.0,1.0,0.0,0,5.21163,0.0,0.0,5.1124663,3.2348645,9.521989,0.2131651,0.0,1.7991028,5.870933
1,207,208.0,10.0,1.0,1.0,189.0,1.0,1.0,1.0,0.99998623,1.0,-0.0,0.0,-1.3791321e-05,-0.0,0.5182866,3.734584,0.79062784,0.96183956,0.478178,2.7517319,1.0,5.4051185,-1.5400155,0.7083333,143.43567,1.0,0.0,0.0,1.0,0.0,0,4.965744,0.0,0.0,4.904929,3.1766639,7.8499007,0.49019116,0.0,2.2245054,6.3140283
2,207,208.0,10.0,1.0,1.0,189.0,1.0,1.0,1.0,0.999987,1.0,-0.0,0.0,-1.299893e-05,-0.0,0.504579,3.5421207,0.7928839,1.4237881,0.68964183,2.912587,1.0,5.220145,-1.9124597,0.6944444,147.21353,1.0,0.0,0.0,1.0,0.0,0,4.7376666,0.0,0.0,4.5793667,3.2413735,7.8277774,0.49626356,0.0,3.1017375,7.0823083
3,207,208.0,10.0,1.0,1.0,189.0,1.0,1.0,1.0,0.9999873,1.0,-0.0,0.0,-1.2670561e-05,-0.0,0.52702165,3.503016,0.7525471,0.70331824,0.8362517,2.3127968,1.0,6.283847,-1.3286266,0.7407407,138.16656,1.0,0.0,0.0,1.0,0.0,0,4.89141,0.0,0.0,4.815365,3.3110542,6.1477284,1.5104562,0.0,1.2195369,6.731272
0,208,209.0,10.0,1.0,1.0,190.0,1.0,1.0,1.0,0.9999914,1.0,-0.0,0.0,-8.593257e-06,-0.0,0.5630605,3.737194,0.74728864,1.0645804,0.34208217,3.7719107,1.0,5.1244173,-1.7149719,0.7314815,144.36377,1.0,0.0,0.0,1.0,0.0,0,5.3884664,0.0,0.0,5.3663077,3.2863007,9.686757,0.16796227,0.0,1.9883142,5.857569
1,208,209.0,10.0,1.0,1.0,190.0,1.0,1.0,1.0,0.9999917,1.0,-0.0,0.0,-8.282089e-06,-0.0,0.5722452,3.7632313,0.7632916,0.9312446,0.48769003,2.6670835,1.0,5.4594097,-0.61423516,0.7083333,143.54424,1.0,0.0,0.0,1.0,0.0,0,5.128367,0.0,0.0,5.272379,3.0940413,7.924451,0.44496152,0.0,2.3435721,6.336476
2,208,209.0,10.0,1.0,1.0,190.0,1.0,1.0,1.0,0.9999924,1.0,-0.0,0.0,-7.645834e-06,-0.0,0.5735017,3.5767918,0.7667763,1.441815,0.6900377,2.9020867,1.0,5.2806783,-0.76750016,0.6944444,147.32158,1.0,0.0,0.0,1.0,0.0,0,5.042236,0.0,0.0,4.8995037,3.423669,7.980403,0.5340667,0.0,3.1436954,7.148509
3,208,209.0,10.0,1.0,1.0,190.0,1.0,1.0,1.0,0.99999094,1.0,-0.0,0.0,-9.042752e-06,-0.0,0.58945864,3.5526738,0.7214264,0.8731185,0.84471804,2.3165169,1.0,6.4318457,-0.08235406,0.7407407,138.28394,1.0,0.0,0.0,1.0,0.0,0,5.2262216,0.0,0.0,5.124274,3.5587223,6.199164,1.4802874,0.0,1.2506303,6.6213017
0,209,210.0,10.0,1.0,1.0,191.0,1.0,1.0,1.0,0.9999894,1.0,-0.0,0.0,-1.0637656e-05,-0.0,0.6831609,4.0050106,0.7375124,1.1595943,0.34111628,3.7360437,1.0,5.2440753,-0.30147377,0.7314815,144.74309,1.0,0.0,0.0,1.0,0.0,0,5.387352,0.0,0.0,5.300018,3.3603268,9.749679,0.18846337,0.0,2.1700552,6.150555
1,209,210.0,10.0,1.0,1.0,191.0,1.0,1.0,1.0,0.99999,1.0,-0.0,0.0,-9.999194e-06,-0.0,0.7180177,4.0307903,0.7600122,1.063109,0.496572,2.6017156,1.0,5.60822,0.7849354,0.7083333,143.92006,1.0,0.0,0.0,1.0,0.0,0,5.233005,0.0,0.0,5.1869397,3.3184772,8.144158,0.43430838,0.0,2.379419,6.4434786
2,209,210.0,10.0,1.0,1.0,191.0,1.0,1.0,1.0,0.9999896,1.0,-0.0,0.0,-1.0375568e-05,-0.0,0.6998468,3.8300793,0.76345044,1.5174598,0.68888265,2.9037046,1.0,5.4474797,1.9007567,0.6944444,147.67082,1.0,0.0,0.0,1.0,0.0,0,4.9899087,0.0,0.0,4.834314,3.3993213,8.000566,0.5258738,0.0,3.3824253,7.5016646
3,209,210.0,10.0,1.0,1.0,191.0,1.0,1.0,1.0,0.99998873,1.0,-0.0,0.0,-1.1250415e-05,-0.0,0.7488418,3.7837322,0.72596896,0.950379,0.8443904,2.303641,1.0,6.6404185,2.251177,0.7407407,138.61743,1.0,0.0,0.0,1.0,0.0,0,5.1307387,0.0,0.0,5.1080866,3.5820172,5.8170667,1.537868,0.0,1.3124526,7.5475416
0,210,211.0,10.0,1.0,1.0,192.0,1.0,1.0,1.0,0.9999902,1.0,-0.0,0.0,-9.794618e-06,-0.0,0.5525999,3.7680836,0.73007596,0.9739692,0.3416875,3.73206,1.0,5.2388797,-1.6294737,0.7314815,144.93756,1.0,0.0,0.0,1.0,0.0,0,5.347222,0.0,0.0,5.2637415,3.3519034,9.647341,0.26848564,0.0,2.0481231,6.1167636
1,210,211.0,10.0,1.0,1.0,192.0,1.0,1.0,1.0,0.9999898,1.0,-0.0,0.0,-1.0175255e-05,-0.0,0.5710315,3.7658367,0.75795966,0.9512022,0.50158346,2.6107259,1.0,5.631759,-0.38426742,0.7083333,144.14261,1.0,0.0,0.0,1.0,0.0,0,5.205448,0.0,0.0,5.1520815,3.2972665,8.012533,0.642685,0.0,2.114605,6.5870423
2,210,211.0,10.0,1.0,1.0,192.0,1.0,1.0,1.0,0.99999136,1.0,-0.0,0.0,-8.636048e-06,-0.0,0.56373405,3.6195145,0.7623625,1.4761492,0.6880528,2.897768,1.0,5.5344553,0.08504465,0.6944444,147.84137,1.0,0.0,0.0,1.0,0.0,0,4.9915624,0.0,0.0,4.836183,3.3890266,7.7458477,0.49730784,0.0,3.2858164,7.3801208
3,210,211.0,10.0,1.0,1.0,192.0,1.0,1.0,1.0,0.999991,1.0,-0.0,0.0,-9.0250805e-06,-0.0,0.55054355,3.5585756,0.71805215,0.86138606,0.8472928,2.3198934,1.0,6.631523,-0.42927358,0.7407407,138.81908,1.0,0.0,0.0,1.0,0.0,0,5.1325836,0.0,0.0,5.094277,3.5541768,6.081482,1.5958339,0.0,1.2318362,7.180195
0,211,212.0,10.0,1.0,1.0,193.0,1.0,1.0,1.0,0.9999904,1.0,-0.0,0.0,-9.602261e-06,-0.0,0.61546564,3.9711945,0.7410827,1.1816585,0.3189579,3.9838746,1.0,5.4072933,-1.2147241,0.7314815,145.53151,1.0,0.0,0.0,1.0,0.0,0,5.461727,0.0,0.0,5.466874,3.113041,9.875911,0.33880794,0.0,1.3377415,7.0054417
1,211,212.0,10.0,1.0,1.0,193.0,1.0,1.0,1.0,0.99998826,1.0,-0.0,0.0,-1.17448535e-05,-0.0,0.66558945,4.0843663,0.76987976,1.2710122,0.50983465,2.5300264,1.0,5.8851976,0.5874122,0.7083333,144.81438,1.0,0.0,0.0,1.0,0.0,0,5.3652835,0.0,0.0,5.3364205,3.1065001,8.361924,0.4070347,0.0,2.158974,6.6708765
2,211,212.0,10.0,1.0,1.0,193.0,1.0,1.0,1.0,0.9999918,1.0,-0.0,0.0,-8.223258e-06,-0.0,0.6534424,3.7743096,0.7759023,1.6418291,0.68778294,2.8920898,1.0,5.8654804,1.1530602,0.6944444,148.39655,1.0,0.0,0.0,1.0,0.0,0,5.279425,0.0,0.0,5.091256,3.2876992,7.8033204,0.44409397,0.0,3.3196034,7.41708
3,211,212.0,10.0,1.0,1.0,193.0,1.0,1.0,1.0,0.9999902,1.0,-0.0,0.0,-9.791984e-06,-0.0,0.6871566,3.8124356,0.6911893,0.9859497,0.85551804,2.2995603,1.0,6.626612,1.2492938,0.7407407,139.49535,1.0,0.0,0.0,1.0,0.0,0,5.3724704,0.0,0.0,5.309581,3.3764548,6.3372755,1.7187151,0.0,1.1500636,7.0072093
0,212,213.0,10.0,1.0,1.0,194.0,1.0,1.0,1.0,0.9999885,1.0,-0.0,0.0,-1.1525137e-05,-0.0,0.43239033,3.7626185,0.7026961,0.8175654,0.3024843,4.077873,1.0,5.2304196,-3.5730722,0.7314815,145.72089,1.0,0.0,0.0,1.0,0.0,0,5.268114,0.0,0.0,5.1747494,3.3323903,9.737553,0.31072786,0.0,1.568832,6.0202985
1,212,213.0,10.0,1.0,1.0,194.0,1.0,1.0,1.0,0.99998647,1.0,-0.0,0.0,-1.3550983e-05,-0.0,0.49437767,3.7653918,0.75042266,0.50821793,0.5048602,2.5890486,1.0,5.6861687,-1.6170833,0.7083333,145.09868,1.0,0.0,0.0,1.0,0.0,0,5.0412583,0.0,0.0,4.9929786,3.3221834,7.981272,0.5997022,0.0,2.248517,6.4819465
2,212,213.0,10.0,1.0,1.0,194.0,1.0,1.0,1.0,0.9999884,1.0,-0.0,0.0,-1.1638664e-05,-0.0,0.5140271,3.5316277,0.73984545,1.2385764,0.6868391,2.9001982,1.0,5.639688,-1.0444549,0.6944444,148.60324,1.0,0.0,0.0,1.0,0.0,0,4.815057,0.0,0.0,4.687751,3.3836856,7.825962,0.5876861,0.0,3.3876605,7.426304
3,212,213.0,10.0,1.0,1.0,194.0,1.0,1.0,1.0,0.99998486,1.0,-0.0,0.0,-1.51389995e-05,-0.0,0.4992295,3.5072646,0.6575304,0.9056793,0.8609117,2.3232648,1.0,6.26904,-1.838048,0.7407407,139.78221,1.0,0.0,0.0,1.0,0.0,0,4.96911,0.0,0.0,4.9327493,3.4681664,6.1209755,1.7252337,0.0,1.3598922,7.1952877
0,213,214.0,10.0,1.0,1.0,195.0,1.0,1.0,1.0,0.9999888,1.0,-0.0,0.0,-1.1214119e-05,-0.0,0.67315626,4.240403,0.70778596,0.7252338,0.29582408,4.159603,1.0,5.21808,-1.2929207,0.7314815,146.46793,1.0,0.0,0.0,1.0,0.0,0,5.370647,0.0,0.0,5.2450643,3.3814976,10.101693,0.3027454,0.0,1.545262,6.195817
1,213,214.0,10.0,1.0,1.0,195.0,1.0,1.0,1.0,0.99999005,1.0,-0.0,0.0,-9.940458e-06,-0.0,0.7050402,4.327644,0.7519524,0.3995839,0.5029767,2.6235862,1.0,5.609827,0.36591756,0.7083333,145.91956,1.0,0.0,0.0,1.0,0.0,0,5.2375665,0.0,0.0,5.1329145,3.3441212,8.241306,0.5055818,0.0,2.1782923,6.6458592
2,213,214.0,10.0,1.0,1.0,195.0,1.0,1.0,1.0,0.9999892,1.0,-0.0,0.0,-1.0793583e-05,-0.0,0.7179823,4.061058,0.75535023,1.1876049,0.687166,2.9026265,1.0,5.536261,0.9612413,0.6944444,149.37656,1.0,0.0,0.0,1.0,0.0,0,4.8472276,0.0,0.0,4.6907153,3.3633628,7.8730855,0.5694757,0.0,3.3769405,7.709769
3,213,214.0,10.0,1.0,1.0,195.0,1.0,1.0,1.0,0.9999878,1.0,-0.0,0.0,-1.219796e-05,-0.0,0.75351226,4.107004,0.6600189,0.93794435,0.8697725,2.2947898,1.0,6.1547575,1.1270931,0.7407407,140.64766,1.0,0.0,0.0,1.0,0.0,0,5.200722,0.0,0.0,5.128429,3.5206192,6.4707584,1.8389337,0.0,1.2753296,6.901035
0,214,215.0,10.0,1.0,1.0,196.0,1.0,1.0,1.0,0.99997365,1.0,-0.0,0.0,-2.6349839e-05,-0.0,0.45994446,3.8280554,0.7073792,0.75691825,0.2981188,4.2390203,1.0,5.3917603,-3.71804,0.7314815,146.79884,1.0,0.0,0.0,1.0,0.0,0,5.434081,0.0,0.0,5.2917404,3.3606672,9.732245,0.64381105,0.0,1.5257697,6.5304666
1,214,215.0,10.0,1.0,1.0,196.0,1.0,1.0,1.0,0.99997765,1.0,-0.0,0.0,-2.233697e-05,-0.0,0.5010452,3.9406567,0.7627581,0.25640848,0.5083656,2.70381,1.0,5.7156997,-2.2370937,0.7083333,146.22032,1.0,0.0,0.0,1.0,0.0,0,5.2463613,0.0,0.0,5.1440563,3.3592372,7.8932514,1.0286394,0.0,2.1424656,6.8679857
2,214,215.0,10.0,1.0,1.0,196.0,1.0,1.0,1.0,0.99998,1.0,-0.0,0.0,-2.003715e-05,-0.0,0.5133856,3.6927195,0.7547776,1.0828049,0.68666327,2.9321406,1.0,5.6000366,-1.3569882,0.6944444,149.65973,1.0,0.0,0.0,1.0,0.0,0,4.9284897,0.0,0.0,4.7813168,3.384638,7.529938,0.77596104,0.0,3.292833,7.7183185
3,214,215.0,10.0,1.0,1.0,196.0,1.0,1.0,1.0,0.99997497,1.0,-0.0,0.0,-2.5041163e-05,-0.0,0.5181301,3.6518562,0.6724783,0.8166075,0.8738788,2.3252854,1.0,6.304842,-1.9077314,0.7407407,141.03156,1.0,0.0,0.0,1.0,0.0,0,5.212897,0.0,0.0,5.1285887,3.5282795,6.1968274,1.851118,0.0,1.1987925,7.1311088
0,215,216.0,10.0,1.0,1.0,197.0,1.0,1.0,1.0,0.99997306,1.0,-0.0,0.0,-2.6949509e-05,-0.0,0.55502725,4.1367974,0.69943285,1.3387911,0.29628003,4.2541375,1.0,5.6682167,-1.9880077,0.7314815,147.41309,1.0,0.0,0.0,1.0,0.0,0,5.637191,0.0,0.0,5.7177835,3.043255,10.203764,0.37195438,0.0,1.8459308,6.7349215
1,215,216.0,10.0,1.0,1.0,197.0,1.0,1.0,1.0,0.99998283,1.0,-0.0,0.0,-1.7158496e-05,-0.0,0.5976591,4.169643,0.75902534,1.0355103,0.514448,2.6670835,1.0,6.100497,-0.4177345,0.7083333,146.77019,1.0,0.0,0.0,1.0,0.0,0,5.568418,0.0,0.0,5.4796896,3.3160713,8.071614,0.6209287,0.0,2.2923865,6.6990185
2,215,216.0,10.0,1.0,1.0,197.0,1.0,1.0,1.0,0.9999834,1.0,-0.0,0.0,-1.6649929e-05,-0.0,0.56272,3.8892844,0.7283293,1.3625503,0.6870984,2.8972278,1.0,5.8600307,-0.3877133,0.6944444,150.18747,1.0,0.0,0.0,1.0,0.0,0,5.324736,0.0,0.0,5.1758256,3.0003483,7.5456657,0.6286938,0.0,3.0501337,7.7498374
3,215,216.0,10.0,1.0,1.0,197.0,1.0,1.0,1.0,0.9999795,1.0,-0.0,0.0,-2.0495361e-05,-0.0,0.60437584,3.8994572,0.6297821,1.1575676,0.8744834,2.3198934,1.0,6.3543735,-0.3167754,0.7407407,141.63762,1.0,0.0,0.0,1.0,0.0,0,5.627266,0.0,0.0,4.9365234,4.3171644,5.9894032,1.8293048,0.0,1.12769,6.995206
0,216,217.0,10.0,1.0,1.0,198.0,1.0,1.0,1.0,0.9999678,1.0,-0.0,0.0,-3.2194464e-05,-0.0,0.41031206,3.72904,0.7145333,0.62557334,0.30303976,4.319878,1.0,5.567993,-4.8725085,0.7314815,147.80841,1.0,0.0,0.0,1.0,0.0,0,5.1201115,0.0,0.0,5.0468082,3.3317823,9.740633,0.59548104,0.0,1.630521,5.8932896
1,216,217.0,10.0,1.0,1.0,198.0,1.0,1.0,1.0,0.99997413,1.0,-0.0,0.0,-2.5893258e-05,-0.0,0.45352167,3.8060565,0.777391,0.33571756,0.5163047,2.805538,1.0,5.9659796,-3.0608485,0.7083333,147.11945,1.0,0.0,0.0,1.0,0.0,0,5.0424705,0.0,0.0,4.980782,3.357385,7.702819,0.80057913,0.0,2.012583,6.849304
2,216,217.0,10.0,1.0,1.0,198.0,1.0,1.0,1.0,0.9999784,1.0,-0.0,0.0,-2.1576341e-05,-0.0,0.44569784,3.5828485,0.73080945,1.0202813,0.68686795,2.9080148,1.0,5.633255,-2.3454726,0.6944444,150.46825,1.0,0.0,0.0,1.0,0.0,0,4.669308,0.0,0.0,4.575882,3.3242486,7.3837023,0.61961865,0.0,2.9303641,7.4662538
3,216,217.0,10.0,1.0,1.0,198.0,1.0,1.0,1.0,0.99997663,1.0,-0.0,0.0,-2.3342156e-05,-0.0,0.43331945,3.557828,0.6554046,1.1974499,0.87996703,2.3320084,1.0,6.0568624,-3.3074133,0.7407407,141.99084,1.0,0.0,0.0,1.0,0.0,0,4.84328,0.0,0.0,4.8227286,3.47115,5.429498,1.9600333,0.0,1.0728893,6.7151003
0,217,218.0,10.0,1.0,1.0,199.0,1.0,1.0,1.0,0.99998266,1.0,-0.0,0.0,-1.7347826e-05,-0.0,0.6599568,4.3098474,0.67856723,0.8722216,0.29690927,4.439286,1.0,5.358622,-0.85710454,0.7314815,148.69374,1.0,0.0,0.0,1.0,0.0,0,5.470815,0.0,0.0,5.2993135,3.3429153,10.143764,0.33442208,0.0,1.5618533,6.616795
1,217,218.0,10.0,1.0,1.0,199.0,1.0,1.0,1.0,0.9999875,1.0,-0.0,0.0,-1.2529711e-05,-0.0,0.71649665,4.3374443,0.74457496,0.38154814,0.5236462,2.7701602,1.0,5.8072457,0.85596836,0.7083333,147.94528,1.0,0.0,0.0,1.0,0.0,0,5.377941,0.0,0.0,5.29444,3.3105433,8.055466,0.6732122,0.0,2.3825877,6.8611555
2,217,218.0,10.0,1.0,1.0,199.0,1.0,1.0,1.0,0.9999901,1.0,-0.0,0.0,-9.873636e-06,-0.0,0.6807662,4.0549216,0.70636815,1.1391652,0.6880703,2.9037046,1.0,5.545209,0.63847566,0.6944444,151.22739,1.0,0.0,0.0,1.0,0.0,0,5.008216,0.0,0.0,4.804357,3.3714602,7.4054065,0.54280037,0.0,3.0158167,7.9300528
3,217,218.0,10.0,1.0,1.0,199.0,1.0,1.0,1.0,0.99998444,1.0,-0.0,0.0,-1.5528285e-05,-0.0,0.742355,4.106741,0.6261765,1.3619757,0.89075017,2.2831633,1.0,5.8963113,0.81367695,0.7407407,142.83917,1.0,0.0,0.0,1.0,0.0,0,5.332596,0.0,0.0,5.200409,3.508513,6.268255,1.9197098,0.0,1.1291076,7.017172
0,218,219.0,10.0,1.0,1.0,200.0,1.0,1.0,1.0,0.99998486,1.0,-0.0,0.0,-1.51395225e-05,-0.0,0.3725171,3.7755873,0.70310533,0.6772392,0.30290136,4.452142,1.0,5.584863,-5.0145583,0.7314815,149.25926,1.0,0.0,0.0,1.0,0.0,0,5.4124813,0.0,0.0,5.278314,3.4105067,9.354124,0.6111763,0.0,1.5636786,6.367579
1,218,219.0,10.0,1.0,1.0,200.0,1.0,1.0,1.0,0.99998677,1.0,-0.0,0.0,-1.3233269e-05,-0.0,0.4455261,3.825355,0.76485306,0.4261249,0.5336876,2.805538,1.0,6.016106,-3.010611,0.7083333,148.47342,1.0,0.0,0.0,1.0,0.0,0,5.3503757,0.0,0.0,5.22069,3.4464266,7.658419,0.9776075,0.0,2.3071854,6.8442903
2,218,219.0,10.0,1.0,1.0,200.0,1.0,1.0,1.0,0.9999889,1.0,-0.0,0.0,-1.106194e-05,-0.0,0.44509584,3.588606,0.7188801,1.0324825,0.68770677,2.9107053,1.0,5.7381167,-2.2877073,0.6944444,151.71342,1.0,0.0,0.0,1.0,0.0,0,4.982482,0.0,0.0,4.814974,3.416466,7.029277,0.7231979,0.0,2.9025712,7.9514246
3,218,219.0,10.0,1.0,1.0,200.0,1.0,1.0,1.0,0.9999852,1.0,-0.0,0.0,-1.4753548e-05,-0.0,0.44688696,3.5986972,0.6566265,0.9899111,0.8944722,2.3259587,1.0,6.163415,-2.7970252,0.7407407,143.4144,1.0,0.0,0.0,1.0,0.0,0,5.262374,0.0,0.0,5.1560016,3.6255488,5.8343883,1.9593301,0.0,1.1553771,7.335548
0,219,220.0,10.0,1.0,1.0,201.0,1.0,1.0,1.0,0.99998605,1.0,-0.0,0.0,-1.3922904e-05,-0.0,0.6433703,4.1898823,0.7377391,1.2284238,0.30649596,4.474068,1.0,6.042507,-0.96769166,0.7314815,150.04771,1.0,0.0,0.0,1.0,0.0,0,5.582479,0.0,0.0,5.5964804,3.2094486,10.352883,0.3856274,0.0,1.6605542,6.7719064
1,219,220.0,10.0,1.0,1.0,201.0,1.0,1.0,1.0,0.9999895,1.0,-0.0,0.0,-1.049811e-05,-0.0,0.69555455,4.182303,0.7821005,1.2020167,0.5407379,2.810277,1.0,6.475234,0.8535888,0.7083333,149.20653,1.0,0.0,0.0,1.0,0.0,0,5.8001585,0.0,0.0,5.620386,3.3182058,8.102393,0.7121608,0.0,2.2327735,6.904447
2,219,220.0,10.0,1.0,1.0,201.0,1.0,1.0,1.0,0.999991,1.0,-0.0,0.0,-8.970526e-06,-0.0,0.69296956,3.8946574,0.7244474,1.6322665,0.68892115,2.9182255,1.0,6.263878,1.4224331,0.6944444,152.4131,1.0,0.0,0.0,1.0,0.0,0,5.6545467,0.0,0.0,5.3685064,3.4485896,7.208955,0.61048585,0.0,2.871377,7.9353514
3,219,220.0,10.0,1.0,1.0,201.0,1.0,1.0,1.0,0.99998766,1.0,-0.0,0.0,-1.2318365e-05,-0.0,0.68462527,3.9703898,0.6818695,1.0820817,0.8970089,2.3360326,1.0,6.7659616,0.7101903,0.7407407,144.16566,1.0,0.0,0.0,1.0,0.0,0,5.638277,0.0,0.0,5.5096297,3.437652,5.8143463,1.9318155,0.0,1.1038253,7.012653
0,220,221.0,10.0,1.0,1.0,202.0,1.0,1.0,1.0,0.9999699,1.0,-0.0,0.0,-3.0105466e-05,-0.0,0.3236603,3.6991873,0.7641752,0.545362,0.31309873,4.532654,1.0,5.976058,-5.9134874,0.7314815,150.58087,1.0,0.0,0.0,1.0,0.0,0,5.1317787,0.0,0.0,4.991131,3.2845378,9.398306,0.5830888,0.0,1.506069,6.4500504
1,220,221.0,10.0,1.0,1.0,202.0,1.0,1.0,1.0,0.999977,1.0,-0.0,0.0,-2.3032613e-05,-0.0,0.41160172,3.800959,0.80407894,0.6584884,0.5453988,2.946521,1.0,6.301109,-3.4691823,0.7083333,149.6149,1.0,0.0,0.0,1.0,0.0,0,5.131319,0.0,0.0,5.0227456,3.4641712,7.4909663,0.8080215,0.0,2.2284842,6.6378436
2,220,221.0,10.0,1.0,1.0,202.0,1.0,1.0,1.0,0.9999852,1.0,-0.0,0.0,-1.4782545e-05,-0.0,0.4476413,3.595011,0.7419057,1.0601599,0.68793094,2.927866,1.0,6.012489,-2.1828945,0.6944444,152.73997,1.0,0.0,0.0,1.0,0.0,0,4.714027,0.0,0.0,4.5896845,3.322278,6.7550592,0.5986545,0.0,2.6395752,7.736544
3,220,221.0,10.0,1.0,1.0,202.0,1.0,1.0,1.0,0.9999777,1.0,-0.0,0.0,-2.2317254e-05,-0.0,0.38115382,3.5932183,0.7206476,0.5188863,0.8987779,2.366658,1.0,6.516289,-3.5349977,0.7407407,144.6113,1.0,0.0,0.0,1.0,0.0,0,4.921131,0.0,0.0,4.8279333,3.5620713,4.9336905,1.924054,0.0,1.2493502,7.3447614
0,221,222.0,10.0,1.0,1.0,203.0,1.0,1.0,1.0,0.9999755,1.0,-0.0,0.0,-2.4501649e-05,-0.0,0.5765908,4.0499463,0.72720385,0.6549129,0.3106867,4.5663815,1.0,5.7285104,-2.059266,0.7314815,151.03078,1.0,0.0,0.0,1.0,0.0,0,5.523775,0.0,0.0,5.371848,3.379757,10.0317135,0.35876885,0.0,1.7414869,6.795941
1,221,222.0,10.0,1.0,1.0,203.0,1.0,1.0,1.0,0.9999865,1.0,-0.0,0.0,-1.3481785e-05,-0.0,0.61540043,4.032079,0.78580165,0.5855044,0.5458596,2.965059,1.0,6.1862435,-0.23125485,0.7083333,149.93022,1.0,0.0,0.0,1.0,0.0,0,5.5218396,0.0,0.0,5.3666453,3.5509167,7.8525043,0.63120013,0.0,2.223098,6.748574
2,221,222.0,10.0,1.0,1.0,203.0,1.0,1.0,1.0,0.9999909,1.0,-0.0,0.0,-9.132829e-06,-0.0,0.5965375,3.7669237,0.7277677,1.0885721,0.6892233,2.9053218,1.0,5.8775654,-0.32541063,0.6944444,152.98349,1.0,0.0,0.0,1.0,0.0,0,5.0296516,0.0,0.0,4.8312464,3.4287221,6.826457,0.5825027,0.0,2.8392951,7.7465086
3,221,222.0,10.0,1.0,1.0,203.0,1.0,1.0,1.0,0.9999833,1.0,-0.0,0.0,-1.6683913e-05,-0.0,0.6094638,3.8365834,0.7016252,0.6667568,0.90552837,2.3026214,1.0,6.376336,-0.7635001,0.7407407,144.92531,1.0,0.0,0.0,1.0,0.0,0,5.3372283,0.0,0.0,5.259072,3.6892152,5.255938,1.8024884,0.0,1.229336,7.0660367
0,222,223.0,10.0,1.0,1.0,204.0,1.0,1.0,1.0,0.99996835,1.0,-0.0,0.0,-3.1659074e-05,-0.0,0.6145906,3.852745,0.7928817,0.926188,0.32241812,4.5764856,1.0,6.1695514,-2.4521239,0.7314815,151.19614,1.0,0.0,0.0,1.0,0.0,0,5.3345714,0.0,0.0,5.331649,3.3122373,9.634503,0.6507057,0.0,1.7595571,6.56091
1,222,223.0,10.0,1.0,1.0,204.0,1.0,1.0,1.0,0.9999824,1.0,-0.0,0.0,-1.7601216e-05,-0.0,0.68880355,3.9384503,0.8185638,0.8686248,0.55267924,3.0491383,1.0,6.4602876,0.05807914,0.7083333,150.0293,1.0,0.0,0.0,1.0,0.0,0,5.4267898,0.0,0.0,5.2967634,3.5522802,7.622564,0.85430235,0.0,2.2600923,6.833722
2,222,223.0,10.0,1.0,1.0,204.0,1.0,1.0,1.0,0.9999869,1.0,-0.0,0.0,-1.3101692e-05,-0.0,0.7516295,3.7640874,0.74709046,1.1049857,0.6911498,2.9507685,1.0,6.109937,1.2497073,0.6944444,153.13475,1.0,0.0,0.0,1.0,0.0,0,5.0121865,0.0,0.0,4.8405395,3.446519,6.7153673,0.74385786,0.0,2.768282,7.6614957
3,222,223.0,10.0,1.0,1.0,204.0,1.0,1.0,1.0,0.99998313,1.0,-0.0,0.0,-1.6850274e-05,-0.0,0.68224335,3.764356,0.75927544,0.4334096,0.90522784,2.335027,1.0,6.8302984,-0.20820275,0.7407407,144.9859,1.0,0.0,0.0,1.0,0.0,0,5.1766768,0.0,0.0,5.195368,3.6783118,5.490376,1.9800353,0.0,1.408672,7.094836
0,223,224.0,10.0,1.0,1.0,205.0,1.0,1.0,1.0,0.99998033,1.0,-0.0,0.0,-1.9692321e-05,-0.0,0.4822515,3.8762956,0.8273943,2.2659569,0.32382727,4.5783668,1.0,6.753253,-2.7443619,0.7314815,151.37236,1.0,0.0,0.0,1.0,0.0,0,5.572266,0.0,0.0,5.456397,3.248584,10.229928,0.50037444,0.0,1.893624,6.4964366
1,223,224.0,10.0,1.0,1.0,205.0,1.0,1.0,1.0,0.9999888,1.0,-0.0,0.0,-1.1185044e-05,-0.0,0.5016085,3.8478568,0.8458118,2.1416464,0.5554992,3.0499086,1.0,7.05263,-1.2257434,0.7083333,150.13283,1.0,0.0,0.0,1.0,0.0,0,5.743265,0.0,0.0,5.4246902,3.6220415,7.97118,0.74862933,0.0,2.2349143,6.894476
2,223,224.0,10.0,1.0,1.0,205.0,1.0,1.0,1.0,0.9999896,1.0,-0.0,0.0,-1.0363908e-05,-0.0,0.50748736,3.6076584,0.76543015,2.0717974,0.6905724,2.9876764,1.0,6.739212,-0.83516634,0.6944444,153.27258,1.0,0.0,0.0,1.0,0.0,0,5.2906194,0.0,0.0,5.0939527,2.9898791,6.878191,0.73989046,0.0,2.9436631,8.266448
3,223,224.0,10.0,1.0,1.0,205.0,1.0,1.0,1.0,0.9999903,1.0,-0.0,0.0,-9.720241e-06,-0.0,0.4513353,3.6265504,0.7586685,1.4088671,0.9051306,2.3303294,1.0,7.290972,-1.9099387,0.7407407,145.13132,1.0,0.0,0.0,1.0,0.0,0,5.363578,0.0,0.0,5.217329,3.4423225,5.4524484,1.8332767,0.0,1.5759588,6.9165587
0,224,225.0,10.0,1.0,1.0,206.0,1.0,1.0,1.0,0.9999801,1.0,-0.0,0.0,-1.992486e-05,-0.0,0.45146084,3.9006069,0.82555187,0.9691356,0.32565504,4.666607,1.0,6.351596,-3.777912,0.7314815,151.45773,1.0,0.0,0.0,1.0,0.0,0,5.158015,0.0,0.0,5.051575,3.388203,9.816756,0.43749017,0.0,1.6015797,6.339033
1,224,225.0,10.0,1.0,1.0,206.0,1.0,1.0,1.0,0.99998415,1.0,-0.0,0.0,-1.5878672e-05,-0.0,0.5310919,3.9195294,0.8854338,1.1575676,0.5613365,3.1068673,1.0,6.6504807,-1.573869,0.7083333,150.24341,1.0,0.0,0.0,1.0,0.0,0,4.9599137,0.0,0.0,4.96189,3.5720935,7.610098,0.7473602,0.0,2.2281578,6.6168475
2,224,225.0,10.0,1.0,1.0,206.0,1.0,1.0,1.0,0.99998724,1.0,-0.0,0.0,-1.2757086e-05,-0.0,0.55371,3.767667,0.770301,0.8439454,0.6929013,3.0059605,1.0,6.074541,-0.8765673,0.6944444,153.43895,1.0,0.0,0.0,1.0,0.0,0,4.614626,0.0,0.0,4.543182,3.377698,6.549752,0.6189136,0.0,2.9635768,7.912742
3,224,225.0,10.0,1.0,1.0,206.0,1.0,1.0,1.0,0.9999845,1.0,-0.0,0.0,-1.5477857e-05,-0.0,0.46681762,3.739557,0.76433325,0.51737577,0.9050251,2.31212,1.0,6.4251657,-3.0888162,0.7407407,145.25221,1.0,0.0,0.0,1.0,0.0,0,4.7815385,0.0,0.0,4.742524,3.5863554,5.551391,1.7681901,0.0,1.2129346,6.4974966
0,225,226.0,10.0,1.0,1.0,207.0,1.0,1.0,1.0,0.99999195,1.0,-0.0,0.0,-8.036538e-06,-0.0,0.4616704,3.8227022,0.8444185,1.1649816,0.32807264,4.6768293,1.0,6.5431066,-3.8126073,0.7314815,151.55104,1.0,0.0,0.0,1.0,0.0,0,5.517454,0.0,0.0,5.3220334,3.4316344,10.0452585,0.44024208,0.0,1.8419908,6.1605434
1,225,226.0,10.0,1.0,1.0,207.0,1.0,1.0,1.0,0.99999034,1.0,-0.0,0.0,-9.649092e-06,-0.0,0.504097,3.8171113,0.90644825,1.5215805,0.5661137,3.144433,1.0,6.8782005,-1.7660084,0.7083333,150.35526,1.0,0.0,0.0,1.0,0.0,0,5.528214,0.0,0.0,5.2808156,3.6498053,7.355172,0.8844914,0.0,2.2141066,6.7545056
2,225,226.0,10.0,1.0,1.0,207.0,1.0,1.0,1.0,0.99998945,1.0,-0.0,0.0,-1.0575754e-05,-0.0,0.45785642,3.6255639,0.78556854,0.85774386,0.6948472,3.0313728,1.0,6.218454,-2.3484967,0.6944444,153.59729,1.0,0.0,0.0,1.0,0.0,0,5.045515,0.0,0.0,4.8673215,3.390285,6.40953,0.6982174,0.0,3.0176256,7.890303
3,225,226.0,10.0,1.0,1.0,207.0,1.0,1.0,1.0,0.9999905,1.0,-0.0,0.0,-9.475158e-06,-0.0,0.4375782,3.603696,0.77239585,0.14803748,0.9065158,2.327977,1.0,6.6102266,-3.213766,0.7407407,145.40578,1.0,0.0,0.0,1.0,0.0,0,5.2770333,0.0,0.0,5.1319175,3.6841733,5.45806,1.7952614,0.0,1.2167395,6.649134
0,226,227.0,10.0,1.0,1.0,208.0,1.0,1.0,1.0,0.9999912,1.0,-0.0,0.0,-8.823631e-06,-0.0,0.5344156,3.896035,0.8184147,1.1049857,0.33768496,4.5761433,1.0,6.5002604,-2.8422046,0.7314815,151.60172,1.0,0.0,0.0,1.0,0.0,0,5.4827037,0.0,0.0,5.338592,3.5330985,10.312597,0.44656816,0.0,1.9703156,6.4205227
1,226,227.0,10.0,1.0,1.0,208.0,1.0,1.0,1.0,0.99998736,1.0,-0.0,0.0,-1.2645702e-05,-0.0,0.5867455,3.967889,0.878996,1.4281791,0.5764138,3.0815692,1.0,6.830183,-0.59687346,0.7083333,150.48877,1.0,0.0,0.0,1.0,0.0,0,5.5904045,0.0,0.0,5.443239,3.7650788,7.8144,0.8288215,0.0,2.5111053,6.785929
2,226,227.0,10.0,1.0,1.0,208.0,1.0,1.0,1.0,0.99998593,1.0,-0.0,0.0,-1.4076451e-05,-0.0,0.5724851,3.8317745,0.77122855,0.7380708,0.6973177,3.0491383,1.0,6.0457506,-0.6316695,0.6944444,153.78535,1.0,0.0,0.0,1.0,0.0,0,5.071771,0.0,0.0,4.8925657,3.5611885,6.5762124,0.6474994,0.0,3.0123403,8.017558
3,226,227.0,10.0,1.0,1.0,208.0,1.0,1.0,1.0,0.9999875,1.0,-0.0,0.0,-1.2488094e-05,-0.0,0.52111673,3.7266817,0.76214516,0.20935662,0.90359414,2.3387115,1.0,6.6683273,-2.123057,0.7407407,145.5104,1.0,0.0,0.0,1.0,0.0,0,5.3675346,0.0,0.0,5.292482,3.8314118,5.6692905,1.8103294,0.0,1.1703817,7.1641335
0,227,228.0,10.0,1.0,1.0,209.0,1.0,1.0,1.0,0.99998784,1.0,-0.0,0.0,-1.2137079e-05,-0.0,0.52827823,3.6392217,0.85526437,1.6158806,0.341673,4.6046257,1.0,6.695418,-3.59305,0.7314815,152.11139,1.0,0.0,0.0,1.0,0.0,0,5.397545,0.0,0.0,5.229677,3.4597948,10.040108,0.54510957,0.0,2.1012158,6.198905
1,227,228.0,10.0,1.0,1.0,209.0,1.0,1.0,1.0,0.99998033,1.0,-0.0,0.0,-1.968895e-05,-0.0,0.5415514,3.6100495,0.91427004,1.8204246,0.5809124,3.2405496,1.0,7.012967,-1.9121999,0.7083333,151.09909,1.0,0.0,0.0,1.0,0.0,0,5.4810815,0.0,0.0,5.295423,3.6685932,7.0713806,0.8831262,0.0,2.1632776,6.9953504
2,227,228.0,10.0,1.0,1.0,209.0,1.0,1.0,1.0,0.99998057,1.0,-0.0,0.0,-1.9449248e-05,-0.0,0.58026385,3.4790106,0.8177178,1.0118077,0.6976859,3.1063635,1.0,6.158834,-1.2865961,0.6944444,154.39816,1.0,0.0,0.0,1.0,0.0,0,4.944236,0.0,0.0,4.725184,3.4053438,6.1429663,0.6021542,0.0,2.8448992,7.884628
3,227,228.0,10.0,1.0,1.0,209.0,1.0,1.0,1.0,0.9999855,1.0,-0.0,0.0,-1.45015965e-05,-0.0,0.54068714,3.5110667,0.8051567,0.6943584,0.9026183,2.3483973,1.0,6.993472,-2.0895674,0.7407407,146.00766,1.0,0.0,0.0,1.0,0.0,0,5.290743,0.0,0.0,5.211602,3.8002703,4.595901,1.3052164,0.0,1.2246125,6.9654007
0,228,229.0,10.0,1.0,1.0,210.0,1.0,1.0,1.0,0.9999896,1.0,-0.0,0.0,-1.0357622e-05,-0.0,0.623079,3.968899,0.8430617,1.4038581,0.33958134,4.6925387,1.0,6.543886,-1.9067377,0.7314815,152.4356,1.0,0.0,0.0,1.0,0.0,0,5.4083896,0.0,0.0,5.2686143,3.4485686,9.921333,0.49222705,0.0,2.0781093,6.6927295
1,228,229.0,10.0,1.0,1.0,210.0,1.0,1.0,1.0,0.9999896,1.0,-0.0,0.0,-1.035986e-05,-0.0,0.6632913,4.0446835,0.8883209,1.5308118,0.5933659,3.1840146,1.0,6.8242373,0.45518112,0.7083333,151.55634,1.0,0.0,0.0,1.0,0.0,0,5.5219336,0.0,0.0,5.3569584,3.6668613,7.4564853,0.5483115,0.0,2.4802105,6.8561125
2,228,229.0,10.0,1.0,1.0,210.0,1.0,1.0,1.0,0.9999877,1.0,-0.0,0.0,-1.2258464e-05,-0.0,0.6238334,3.9462895,0.79426765,0.9739692,0.6995735,3.0701172,1.0,6.0246377,0.16938709,0.6944444,154.87418,1.0,0.0,0.0,1.0,0.0,0,5.0802536,0.0,0.0,4.867785,3.4955382,6.315329,0.52077687,0.0,2.9553905,7.8121605
3,228,229.0,10.0,1.0,1.0,210.0,1.0,1.0,1.0,0.99999326,1.0,-0.0,0.0,-6.7575793e-06,-0.0,0.65999556,3.8190148,0.799986,0.7055404,0.90986043,2.2896676,1.0,7.0322685,-0.18387195,0.7407407,146.34358,1.0,0.0,0.0,1.0,0.0,0,5.3478518,0.0,0.0,5.3063655,3.825299,4.9276276,1.0462865,0.0,1.1795447,6.5699024
0,229,230.0,10.0,1.0,1.0,211.0,1.0,1.0,1.0,0.99998796,1.0,-0.0,0.0,-1.2069654e-05,-0.0,0.3949724,3.587804,0.84839433,1.3943479,0.34008807,4.7593,1.0,6.7076507,-5.119917,0.7314815,153.02335,1.0,0.0,0.0,1.0,0.0,0,5.513006,0.0,0.0,5.3751025,3.4907382,10.030621,0.61104196,0.0,1.4135745,6.297017
1,229,230.0,10.0,1.0,1.0,211.0,1.0,1.0,1.0,0.9999863,1.0,-0.0,0.0,-1.3679653e-05,-0.0,0.4477948,3.5652008,0.9025733,1.662673,0.6041914,3.2075293,1.0,7.028641,-2.9125223,0.7083333,152.25902,1.0,0.0,0.0,1.0,0.0,0,5.55404,0.0,0.0,5.387573,3.7159684,7.2953286,0.72837055,0.0,2.4536557,6.9001565
2,229,230.0,10.0,1.0,1.0,211.0,1.0,1.0,1.0,0.99999005,1.0,-0.0,0.0,-9.959172e-06,-0.0,0.47947168,3.497674,0.81762654,0.99621636,0.7000296,3.0980365,1.0,6.1812663,-2.1427674,0.6944444,155.56119,1.0,0.0,0.0,1.0,0.0,0,5.0245824,0.0,0.0,4.845893,3.4860513,5.9285684,0.48376727,0.0,2.795686,7.5924172
3,229,230.0,10.0,1.0,1.0,211.0,1.0,1.0,1.0,0.9999902,1.0,-0.0,0.0,-9.763245e-06,-0.0,0.51970255,3.443627,0.81177,1.0362657,0.9125211,2.3046603,1.0,7.3133,-1.9348832,0.7407407,146.96684,1.0,0.0,0.0,1.0,0.0,0,5.364776,0.0,0.0,5.272421,3.8632832,4.8830566,1.2490709,0.0,1.3117105,6.887588
0,230,231.0,10.0,1.0,1.0,212.0,1.0,1.0,1.0,0.99998254,1.0,-0.0,0.0,-1.7464155e-05,-0.0,0.5944438,4.0573335,0.82072234,1.2271489,0.3385449,4.7013726,1.0,6.6494193,-2.3873765,0.7314815,153.50491,1.0,0.0,0.0,1.0,0.0,0,5.5746365,0.0,0.0,5.429411,3.5408707,10.966799,0.20323423,0.0,0.32409042,6.429511
1,230,231.0,10.0,1.0,1.0,212.0,1.0,1.0,1.0,0.99998564,1.0,-0.0,0.0,-1.4356542e-05,-0.0,0.63960963,4.0149155,0.87549615,1.5292771,0.6084663,3.147916,1.0,6.9670568,-0.5516857,0.7083333,152.72516,1.0,0.0,0.0,1.0,0.0,0,5.685175,0.0,0.0,5.5131826,3.7768207,8.040136,0.44625136,0.0,2.4299424,6.966034
2,230,231.0,10.0,1.0,1.0,212.0,1.0,1.0,1.0,0.999994,1.0,-0.0,0.0,-6.0363886e-06,-0.0,0.6289151,3.8660667,0.79822624,0.9930687,0.7018474,3.0805533,1.0,6.187226,-0.41090882,0.6944444,155.93878,1.0,0.0,0.0,1.0,0.0,0,5.161229,0.0,0.0,4.96124,3.5555465,6.29932,0.40436384,0.0,3.0128038,7.67165
3,230,231.0,10.0,1.0,1.0,212.0,1.0,1.0,1.0,0.9999879,1.0,-0.0,0.0,-1.2109428e-05,-0.0,0.6699208,3.8369803,0.78620434,0.78931445,0.9193983,2.2680285,1.0,7.171295,0.03439281,0.7407407,147.39178,1.0,0.0,0.0,1.0,0.0,0,5.3533397,0.0,0.0,5.292853,3.8745103,5.2437043,0.8763005,0.0,1.290353,6.5984826
0,231,232.0,10.0,1.0,1.0,213.0,1.0,1.0,1.0,0.99997014,1.0,-0.0,0.0,-2.9853249e-05,-0.0,0.3083147,3.3775907,0.8713355,1.4038581,0.33234844,4.834055,1.0,6.878714,-7.2527227,0.7314815,154.43425,1.0,0.0,0.0,1.0,0.0,0,5.3638897,0.0,0.0,5.196858,3.4476726,9.395373,0.25232872,0.0,0.21542826,6.3268647
1,231,232.0,10.0,1.0,1.0,213.0,1.0,1.0,1.0,0.9999693,1.0,-0.0,0.0,-3.067864e-05,-0.0,0.35410598,3.3658583,0.9133121,1.612001,0.6202567,3.2804034,1.0,7.042415,-4.808626,0.7083333,153.60977,1.0,0.0,0.0,1.0,0.0,0,5.416669,0.0,0.0,5.2400374,3.623081,7.166738,0.84963703,0.0,2.3088,7.056805
2,231,232.0,10.0,1.0,1.0,213.0,1.0,1.0,1.0,0.99998957,1.0,-0.0,0.0,-1.0443551e-05,-0.0,0.4418023,3.429744,0.8176106,1.1176629,0.6997747,3.1553674,1.0,6.297374,-2.4252768,0.6944444,156.61298,1.0,0.0,0.0,1.0,0.0,0,5.0114274,0.0,0.0,4.8013506,3.456493,5.9113626,0.46850276,0.0,3.0346856,7.6982694
3,231,232.0,10.0,1.0,1.0,213.0,1.0,1.0,1.0,0.9999836,1.0,-0.0,0.0,-1.640947e-05,-0.0,0.45241043,3.377495,0.8113143,0.54822487,0.9222609,2.2590377,1.0,7.1098914,-3.369987,0.7407407,148.10303,1.0,0.0,0.0,1.0,0.0,0,5.205693,0.0,0.0,5.07534,3.8489032,4.546266,1.1279832,0.0,1.3611928,6.670945
0,232,233.0,10.0,1.0,1.0,214.0,1.0,1.0,1.0,0.99997926,1.0,-0.0,0.0,-2.0726675e-05,-0.0,0.60384274,4.0090017,0.81708086,0.90394926,0.33885968,4.7789993,1.0,6.503095,-2.527428,0.7314815,155.11118,1.0,0.0,0.0,1.0,0.0,0,5.457758,0.0,0.0,5.3104706,3.5327568,11.134032,0.19449762,0.0,0.38919586,6.3272643
1,232,233.0,10.0,1.0,1.0,214.0,1.0,1.0,1.0,0.9999752,1.0,-0.0,0.0,-2.4793044e-05,-0.0,0.6480649,4.0391192,0.8805257,1.0791845,0.6296433,3.1751518,1.0,6.6610885,-0.6803367,0.7083333,154.31752,1.0,0.0,0.0,1.0,0.0,0,5.4544516,0.0,0.0,5.314326,3.8086028,7.760538,0.51464885,0.0,2.4571936,7.0598826
2,232,233.0,10.0,1.0,1.0,214.0,1.0,1.0,1.0,0.99999225,1.0,-0.0,0.0,-7.761872e-06,-0.0,0.60612077,3.8423102,0.80858535,1.0835273,0.701895,3.1334603,1.0,6.1912804,-0.52922124,0.6944444,157.0401,1.0,0.0,0.0,1.0,0.0,0,5.0381346,0.0,0.0,4.855706,3.5340245,6.3925834,0.4629988,0.0,3.0081873,7.660386
3,232,233.0,10.0,1.0,1.0,214.0,1.0,1.0,1.0,0.99998766,1.0,-0.0,0.0,-1.2330632e-05,-0.0,0.63411,3.8636458,0.7766083,0.15323335,0.9267522,2.2117672,1.0,6.862956,-0.58353597,0.7407407,148.64952,1.0,0.0,0.0,1.0,0.0,0,5.364123,0.0,0.0,5.304681,3.8781679,4.975508,0.8710771,0.0,1.223462,6.24135
0,233,234.0,10.0,1.0,1.0,215.0,1.0,1.0,1.0,0.99996907,1.0,-0.0,0.0,-3.0956886e-05,-0.0,0.28042382,3.3870862,0.89130104,1.7773485,0.35296136,4.7553506,1.0,7.0676622,-7.0907373,0.7314815,155.96422,1.0,0.0,0.0,1.0,0.0,0,5.503281,0.0,0.0,5.361209,3.4236665,9.829918,0.35043287,0.0,0.44461748,6.211878
1,233,234.0,10.0,1.0,1.0,215.0,1.0,1.0,1.0,0.99996674,1.0,-0.0,0.0,-3.328713e-05,-0.0,0.31306222,3.3967874,0.97409815,1.9040658,0.6446247,3.2128937,1.0,7.1473184,-4.9049964,0.7083333,155.21184,1.0,0.0,0.0,1.0,0.0,0,5.4266906,0.0,0.0,5.160526,3.8445258,8.929633,0.8637907,0.0,2.596731,7.0662174
2,233,234.0,10.0,1.0,1.0,215.0,1.0,1.0,1.0,0.999987,1.0,-0.0,0.0,-1.2980802e-05,-0.0,0.38752145,3.4281611,0.84108496,1.351592,0.69743276,3.2506793,1.0,6.4208307,-3.011685,0.6944444,157.65486,1.0,0.0,0.0,1.0,0.0,0,5.0053635,0.0,0.0,4.8083363,3.4836977,6.0982995,0.5439959,0.0,3.233242,8.359605
3,233,234.0,10.0,1.0,1.0,215.0,1.0,1.0,1.0,0.9999873,1.0,-0.0,0.0,-1.2718124e-05,-0.0,0.39829874,3.432912,0.81814414,0.47969663,0.92469996,2.2367523,1.0,7.138777,-3.7348988,0.7453704,149.302,1.0,0.0,0.0,1.0,0.0,0,5.391711,0.0,0.0,5.2517524,3.9570193,4.794805,0.9784368,0.0,1.2855763,6.5338006
0,234,235.0,10.0,1.0,1.0,216.0,1.0,1.0,1.0,0.99998415,1.0,-0.0,0.0,-1.5832904e-05,-0.0,0.6412424,3.8413868,0.8661895,1.7136737,0.36124638,4.620241,1.0,7.0307064,-2.1563945,0.7314815,156.50125,1.0,0.0,0.0,1.0,0.0,0,5.5490413,0.0,0.0,5.3905487,3.5869396,11.3468075,0.21320759,0.0,1.3260357,6.0441775
1,234,235.0,10.0,1.0,1.0,216.0,1.0,1.0,1.0,0.99998164,1.0,-0.0,0.0,-1.8338538e-05,-0.0,0.6467897,3.86689,0.9505244,1.8139634,0.65151364,3.0957618,1.0,7.12951,-0.27490687,0.7083333,155.758,1.0,0.0,0.0,1.0,0.0,0,5.6700106,0.0,0.0,5.450535,3.969268,9.522487,0.35486212,0.0,2.5743454,6.7695904
2,234,235.0,10.0,1.0,1.0,216.0,1.0,1.0,1.0,0.9999888,1.0,-0.0,0.0,-1.1192077e-05,-0.0,0.58488846,3.818886,0.8133203,1.3038418,0.69988495,3.2031333,1.0,6.341864,-0.4846491,0.6944444,158.0871,1.0,0.0,0.0,1.0,0.0,0,5.1404114,0.0,0.0,4.941918,3.5929193,6.5955296,0.49195424,0.0,3.3322191,8.259
3,234,235.0,10.0,1.0,1.0,216.0,1.0,1.0,1.0,0.99998915,1.0,-0.0,0.0,-1.0828452e-05,-0.0,0.6277882,3.7551727,0.7870315,0.22381166,0.9284011,2.2021914,1.0,7.021521,-0.793512,0.7453704,149.69931,1.0,0.0,0.0,1.0,0.0,0,5.5103807,0.0,0.0,5.404434,3.9991672,5.293936,0.6148376,0.0,1.2947758,6.190355
0,235,236.0,10.0,1.0,1.0,217.0,1.0,1.0,1.0,0.99996036,1.0,-0.0,0.0,-3.9647464e-05,-0.0,0.27514845,3.28748,0.9160633,2.2824774,0.3743115,4.5297165,1.0,7.517316,-6.607515,0.7314815,157.21988,1.0,0.0,0.0,1.0,0.0,0,5.5176945,0.0,0.0,5.3817058,3.5830579,10.164624,0.3103112,0.0,1.2610102,5.921557
1,235,236.0,10.0,1.0,1.0,217.0,1.0,1.0,1.0,0.99895674,1.0,-0.0,0.0,-3.7179667e-05,-0.0010060729,0.29555187,3.2977347,1.0080485,2.4050431,0.66275686,3.1790938,0.0,7.5560594,-5.0337696,0.712963,156.50513,1.0,0.0,0.0,1.0,0.0,0,5.518641,0.0,0.0,5.346152,3.8397036,8.855946,0.72579306,0.0,2.5621343,6.8635964
2,235,236.0,10.0,1.0,1.0,217.0,1.0,1.0,1.0,0.9999837,1.0,-0.0,0.0,-1.629388e-05,-0.0,0.34465492,3.4410625,0.84370244,1.4352859,0.6989332,3.256213,1.0,6.5378904,-3.2245088,0.6944444,158.61859,1.0,0.0,0.0,1.0,0.0,0,4.991061,0.0,0.0,4.80876,3.5052621,6.263284,0.5287331,0.0,3.2756312,8.254802
3,235,236.0,10.0,1.0,1.0,217.0,1.0,1.0,1.0,0.9999846,1.0,-0.0,0.0,-1.5390437e-05,-0.0,0.33699572,3.4316459,0.8119787,0.2712418,0.93181,2.1936445,1.0,7.026436,-4.4655976,0.75,150.19637,1.0,0.0,0.0,1.0,0.0,0,5.3016024,0.0,0.0,5.170883,3.9130433,4.441177,0.6870486,0.0,1.3338675,6.26706
0,236,237.0,10.0,1.0,1.0,218.0,1.0,1.0,1.0,0.99997044,1.0,-0.0,0.0,-2.9570507e-05,-0.0,0.87064207,3.8000512,0.82492816,0.6549129,0.38348284,4.282749,1.0,6.9748235,-0.2383031,0.7314815,157.80571,1.0,0.0,0.0,1.0,0.0,0,5.8011127,0.0,0.0,5.771581,3.9369535,11.218962,0.19242252,0.0,1.4615859,5.9878163
1,236,237.0,10.0,1.0,1.0,218.0,1.0,1.0,1.0,0.9999761,1.0,-0.0,0.0,-2.3883202e-05,-0.0,0.87279713,3.7447398,0.91736454,0.99149114,0.66697174,3.056574,1.0,6.8938956,1.3910271,0.712963,157.02618,1.0,0.0,0.0,1.0,0.0,0,5.783918,0.0,0.0,5.7895355,4.1343374,9.544516,0.306215,0.0,2.6580803,6.7953005
2,236,237.0,10.0,1.0,1.0,218.0,1.0,1.0,1.0,0.9999873,1.0,-0.0,0.0,-1.2687595e-05,-0.0,0.8038815,3.8075492,0.7760123,1.0586824,0.70006,3.2102125,1.0,5.838484,0.9289589,0.6944444,159.0352,1.0,0.0,0.0,1.0,0.0,0,5.143698,0.0,0.0,5.1538672,4.0227923,6.6101,0.42969707,0.0,3.416212,8.135795
3,236,237.0,10.0,1.0,1.0,218.0,1.0,1.0,1.0,0.9999865,1.0,-0.0,0.0,-1.3483924e-05,-0.0,0.7998422,3.800632,0.7348215,1.7614233,0.93465185,2.142012,1.0,6.221826,0.045480207,0.75,150.64684,1.0,0.0,0.0,1.0,0.0,0,5.831075,0.0,0.0,5.5394697,4.1814146,5.111018,0.443079,0.0,1.2778809,6.0947003
0,237,238.0,10.0,1.0,1.0,219.0,1.0,1.0,1.0,0.99994165,1.0,-0.0,0.0,-5.8356276e-05,-0.0,0.5381126,3.0537171,0.9243886,2.9203703,0.38862187,4.2900543,1.0,8.019001,-3.6095464,0.7314815,158.61212,1.0,0.0,0.0,1.0,0.0,0,5.7021995,0.0,0.0,5.418573,3.5135064,9.901842,0.52160126,0.0,1.4762368,5.882964
1,237,238.0,10.0,1.0,1.0,219.0,1.0,1.0,1.0,0.99995077,1.0,-0.0,0.0,-4.9228234e-05,-0.0,0.5790401,3.0773015,0.9883521,2.9171524,0.67381716,3.0820773,1.0,7.9919047,-1.7288066,0.712963,157.7466,1.0,0.0,0.0,1.0,0.0,0,5.907035,0.0,0.0,5.52539,3.91479,9.013828,0.79565394,0.0,2.7775466,6.7199607
2,237,238.0,10.0,1.0,1.0,219.0,1.0,1.0,1.0,0.9999741,1.0,-0.0,0.0,-2.5949104e-05,-0.0,0.6202474,3.3497713,0.8178593,1.8788227,0.6977521,3.3108065,1.0,6.7394447,-0.29261038,0.6944444,159.53633,1.0,0.0,0.0,1.0,0.0,0,5.314685,0.0,0.0,4.9864693,3.479877,6.4433355,0.60061085,0.0,3.6154406,8.320878
3,237,238.0,10.0,1.0,1.0,219.0,1.0,1.0,1.0,0.99997556,1.0,-0.0,0.0,-2.4423052e-05,-0.0,0.65191835,3.321623,0.75909567,0.37949124,0.9344168,2.1893582,1.0,7.0266314,-1.2636361,0.75,151.15831,1.0,0.0,0.0,1.0,0.0,0,5.812221,0.0,0.0,5.488994,4.016939,5.1189675,0.79854596,0.0,1.3729322,6.3774524
0,238,239.0,10.0,1.0,1.0,220.0,1.0,1.0,1.0,0.99996054,1.0,-0.0,0.0,-3.9432554e-05,-0.0,0.34937784,3.6997263,0.8279595,1.737262,0.39654905,3.9748254,1.0,7.4332366,-4.435764,0.7314815,159.27649,1.0,0.0,0.0,1.0,0.0,0,5.593737,0.0,0.0,5.546722,3.6193511,11.135318,0.16795206,0.0,1.8486466,5.644787
1,238,239.0,10.0,1.0,1.0,220.0,1.0,1.0,1.0,0.9999719,1.0,-0.0,0.0,-2.8068025e-05,-0.0,0.36878735,3.577339,0.91898173,2.1099813,0.6781802,2.8503785,1.0,7.595252,-2.6505086,0.712963,158.2643,1.0,0.0,0.0,1.0,0.0,0,5.7475195,0.0,0.0,5.6409836,4.007017,9.527013,0.2988268,0.0,2.9747655,6.837509
2,238,239.0,10.0,1.0,1.0,220.0,1.0,1.0,1.0,0.9999807,1.0,-0.0,0.0,-1.932893e-05,-0.0,0.2876181,3.7427285,0.77257925,1.2826592,0.6981042,3.2349887,1.0,6.405483,-3.4157271,0.6944444,159.94722,1.0,0.0,0.0,1.0,0.0,0,5.139813,0.0,0.0,4.97052,3.6540358,6.709703,0.41331396,0.0,3.4186187,8.195008
3,238,239.0,10.0,1.0,1.0,220.0,1.0,1.0,1.0,0.9999784,1.0,-0.0,0.0,-2.1557933e-05,-0.0,0.3207676,3.7274857,0.7107282,0.6608614,0.9368314,2.1562161,1.0,6.5793004,-3.8978243,0.7546296,151.58525,1.0,0.0,0.0,1.0,0.0,0,5.4397054,0.0,0.0,5.3684344,3.9329712,5.2962976,0.60362345,0.0,1.4193039,6.2065454
0,239,240.0,10.0,1.0,1.0,221.0,1.0,1.0,1.0,0.99994487,1.0,-0.0,0.0,-5.511261e-05,-0.0,0.51951146,3.2070556,0.89127666,1.4777391,0.4072604,3.981516,1.0,7.697761,-4.904233,0.7314815,159.79256,1.0,0.0,0.0,1.0,0.0,0,5.47353,0.0,0.0,5.4591446,3.4767332,10.003908,0.237133,0.0,1.7197422,5.5115013
1,239,240.0,10.0,1.0,1.0,221.0,1.0,1.0,1.0,0.999954,1.0,-0.0,0.0,-4.600377e-05,-0.0,0.62644297,3.2052677,0.9705408,1.8413721,0.6784843,2.9289353,1.0,7.6639056,-2.3051631,0.712963,158.64479,1.0,0.0,0.0,1.0,0.0,0,5.628001,0.0,0.0,5.2780156,3.9841301,9.292898,0.67940664,0.0,3.0303752,6.632469
2,239,240.0,10.0,1.0,1.0,221.0,1.0,1.0,1.0,0.9999731,1.0,-0.0,0.0,-2.6857411e-05,-0.0,0.58258957,3.4964395,0.80416405,0.85865587,0.697688,3.3032322,1.0,6.3142886,-1.2194346,0.6944444,160.18794,1.0,0.0,0.0,1.0,0.0,0,4.8653197,0.0,0.0,4.7631936,3.4943926,6.283396,0.40461174,0.0,3.4543984,7.822308
3,239,240.0,10.0,1.0,1.0,221.0,1.0,1.0,1.0,0.9999761,1.0,-0.0,0.0,-2.3901972e-05,-0.0,0.6026145,3.5263062,0.7531943,1.1000162,0.9379291,2.1605678,1.0,6.514393,-2.0024133,0.7546296,151.78294,1.0,0.0,0.0,1.0,0.0,0,5.25572,0.0,0.0,5.159935,3.8874168,4.9687014,0.5991479,0.0,1.3958429,5.977985
0,240,241.0,10.0,1.0,1.0,222.0,1.0,1.0,1.0,0.9999765,1.0,-0.0,0.0,-2.3482968e-05,-0.0,0.7611796,3.4907799,0.77655333,0.52039254,0.41605258,3.8702488,1.0,7.2070436,-2.6238132,0.7314815,160.10977,1.0,0.0,0.0,1.0,0.0,0,6.1433973,0.0,0.0,5.8856196,4.0538874,10.810978,0.23284616,0.0,1.9809012,5.685649
1,240,241.0,10.0,1.0,1.0,222.0,1.0,1.0,1.0,0.9999779,1.0,-0.0,0.0,-2.2112647e-05,-0.0,0.79417115,3.4039438,0.887155,0.8622942,0.6748809,2.9230494,1.0,7.200235,-0.6911438,0.712963,158.86102,1.0,0.0,0.0,1.0,0.0,0,5.838626,0.0,0.0,5.5935497,4.3636756,9.652771,0.45061624,0.0,2.9609988,6.7809415
2,240,241.0,10.0,1.0,1.0,222.0,1.0,1.0,1.0,0.9999861,1.0,-0.0,0.0,-1.3916672e-05,-0.0,0.72307885,3.6130695,0.74921006,1.3205433,0.69847727,3.2837424,1.0,5.936566,-0.21649338,0.6944444,160.31427,1.0,0.0,0.0,1.0,0.0,0,5.097035,0.0,0.0,5.0685906,3.9278898,6.6783314,0.468427,0.0,3.6823847,8.02973
3,240,241.0,10.0,1.0,1.0,222.0,1.0,1.0,1.0,0.9999874,1.0,-0.0,0.0,-1.2605187e-05,-0.0,0.73756164,3.6619544,0.67979765,2.3198934,0.9385029,2.1576676,1.0,6.14462,-0.85905194,0.7546296,151.94226,1.0,0.0,0.0,1.0,0.0,0,5.9639974,0.0,0.0,5.631188,4.1872396,4.9221826,0.7022825,0.0,1.3720638,6.028401
0,241,242.0,10.0,1.0,1.0,223.0,1.0,1.0,1.0,0.9999822,1.0,-0.0,0.0,-1.7833338e-05,-0.0,0.22031963,3.2795494,0.80210453,1.2169011,0.42552167,3.8783314,1.0,7.444895,-7.631774,0.7314815,160.47234,1.0,0.0,0.0,1.0,0.0,0,5.809611,0.0,0.0,5.4819255,3.6432772,10.676632,0.3648124,0.0,1.7560062,5.9022875
1,241,242.0,10.0,1.0,1.0,223.0,1.0,1.0,1.0,0.9999863,1.0,-0.0,0.0,-1.36841645e-05,-0.0,0.3602546,3.256794,0.9067828,1.4708374,0.68448436,2.9112432,1.0,7.5431147,-4.584579,0.712963,159.14517,1.0,0.0,0.0,1.0,0.0,0,6.0959654,0.0,0.0,5.9355955,3.9400864,9.565119,0.73934215,0.0,2.8249335,6.9814806
2,241,242.0,10.0,1.0,1.0,223.0,1.0,1.0,1.0,0.9999888,1.0,-0.0,0.0,-1.1224999e-05,-0.0,0.2725091,3.5370398,0.7485342,0.92956203,0.69719934,3.316476,1.0,6.2777596,-3.913342,0.6944444,160.56468,1.0,0.0,0.0,1.0,0.0,0,5.341976,0.0,0.0,5.0260134,3.5549948,6.722106,0.62335354,0.0,3.8269534,8.343856
3,241,242.0,10.0,1.0,1.0,223.0,1.0,1.0,1.0,0.99999124,1.0,-0.0,0.0,-8.772335e-06,-0.0,0.3175959,3.5887513,0.67096907,0.9739692,0.93788236,2.18578,1.0,6.5025826,-4.1303663,0.7592593,152.18358,1.0,0.0,0.0,1.0,0.0,0,5.9637866,0.0,0.0,5.6116557,4.120818,4.850405,0.7315535,0.0,1.3103132,6.340985
0,242,243.0,10.0,1.0,1.0,224.0,1.0,1.0,1.0,0.99998456,1.0,-0.0,0.0,-1.5419551e-05,-0.0,0.5729493,3.6167736,0.7673265,0.48132548,0.4361992,3.7748153,1.0,7.134186,-3.499114,0.7314815,160.86322,1.0,0.0,0.0,1.0,0.0,0,5.529346,0.0,0.0,5.4286904,3.5931919,11.110746,0.21907558,0.0,1.7064435,5.8374467
1,242,243.0,10.0,1.0,1.0,224.0,1.0,1.0,1.0,0.9999871,1.0,-0.0,0.0,-1.2859476e-05,-0.0,0.6075207,3.5268295,0.87990034,0.85316914,0.6854871,2.8923604,1.0,7.1954646,-1.7112056,0.712963,159.45056,1.0,0.0,0.0,1.0,0.0,0,5.625033,0.0,0.0,5.489767,3.9692984,9.7115345,0.570026,0.0,1.9083892,7.0150924
2,242,243.0,10.0,1.0,1.0,224.0,1.0,1.0,1.0,0.9999884,1.0,-0.0,0.0,-1.1627021e-05,-0.0,0.523448,3.7484486,0.736566,0.89699554,0.6983472,3.2337787,1.0,5.947452,-2.0190551,0.6944444,160.79633,1.0,0.0,0.0,1.0,0.0,0,4.9796214,0.0,0.0,4.8559628,3.5971496,6.6847343,0.40868223,0.0,3.4508429,8.157945
3,242,243.0,10.0,1.0,1.0,224.0,1.0,1.0,1.0,0.99998987,1.0,-0.0,0.0,-1.0119586e-05,-0.0,0.5713325,3.778934,0.6683403,1.6446869,0.9370524,2.1569421,1.0,6.181837,-1.9664708,0.7592593,152.39752,1.0,0.0,0.0,1.0,0.0,0,5.415006,0.0,0.0,5.3617463,3.9240963,4.5527506,0.26450208,0.0,1.2015781,6.2806973
0,243,244.0,10.0,1.0,1.0,225.0,1.0,1.0,1.0,0.9999682,1.0,-0.0,0.0,-3.1849853e-05,-0.0,0.68100023,3.2493656,0.7871284,1.1656532,0.44165185,3.7154524,1.0,7.4339757,-4.7702594,0.7314815,161.2735,1.0,0.0,0.0,1.0,0.0,0,5.7966347,0.0,0.0,5.524948,3.9333472,10.492917,0.26271373,0.0,1.8673664,5.6093864
1,243,244.0,10.0,1.0,1.0,225.0,1.0,1.0,1.0,0.9999827,1.0,-0.0,0.0,-1.7288585e-05,-0.0,0.74189866,3.3544688,0.8930104,1.5681916,0.67694366,3.0478544,1.0,7.2499,-2.5720074,0.712963,159.65479,1.0,0.0,0.0,1.0,0.0,0,5.637963,0.0,0.0,5.487047,4.036856,9.318285,0.5523442,0.0,2.3252547,6.816099
2,243,244.0,10.0,1.0,1.0,225.0,1.0,1.0,1.0,0.9999852,1.0,-0.0,0.0,-1.4791236e-05,-0.0,0.6924801,3.570154,0.75608605,1.874652,0.6986317,3.2643762,1.0,5.9793043,-0.8095773,0.6944444,160.9942,1.0,0.0,0.0,1.0,0.0,0,4.7365637,0.0,0.0,5.036007,3.617814,6.673476,0.47095525,0.0,3.5652425,8.054072
3,243,244.0,10.0,1.0,1.0,225.0,1.0,1.0,1.0,0.99998665,1.0,-0.0,0.0,-1.3356361e-05,-0.0,0.7330388,3.6196423,0.6854933,2.7098827,0.9360759,2.1724901,1.0,6.251628,-1.142106,0.7592593,152.58023,1.0,0.0,0.0,1.0,0.0,0,5.60506,0.0,0.0,5.612187,3.8820274,4.4134917,0.52716124,0.0,1.3825924,6.3755174
0,244,245.0,10.0,1.0,1.0,226.0,1.0,1.0,1.0,0.99997234,1.0,-0.0,0.0,-2.762998e-05,-0.0,0.28208232,3.4811888,0.74739367,0.9819725,0.44745374,3.583972,1.0,7.4875245,-6.0959926,0.7314815,161.49957,1.0,0.0,0.0,1.0,0.0,0,6.158995,0.0,0.0,5.786909,3.612917,11.651416,0.33340833,0.0,2.0461562,5.9994826
1,244,245.0,10.0,1.0,1.0,226.0,1.0,1.0,1.0,0.99998343,1.0,-0.0,0.0,-1.6565959e-05,-0.0,0.33128673,3.4651864,0.84615016,0.9843608,0.6825811,2.9326744,1.0,7.414497,-4.237009,0.712963,159.77412,1.0,0.0,0.0,1.0,0.0,0,6.155143,0.0,0.0,5.859117,3.9793794,9.762301,0.42266947,0.0,2.6229758,6.8321633
2,244,245.0,10.0,1.0,1.0,226.0,1.0,1.0,1.0,0.9999824,1.0,-0.0,0.0,-1.756293e-05,-0.0,0.23620985,3.6342137,0.7029002,0.8908667,0.6987093,3.239825,1.0,6.285563,-4.577631,0.6990741,161.11017,1.0,0.0,0.0,1.0,0.0,0,5.573013,0.0,0.0,5.2136087,3.657142,7.1661606,0.6069814,0.0,3.8364863,8.371854
3,244,245.0,10.0,1.0,1.0,226.0,1.0,1.0,1.0,0.9999805,1.0,-0.0,0.0,-1.946468e-05,-0.0,0.28468594,3.7304864,0.62220544,1.3157932,0.9352402,2.1932876,1.0,6.5047836,-4.353787,0.7592593,152.71329,1.0,0.0,0.0,1.0,0.0,0,6.228474,0.0,0.0,5.7659497,4.1648088,4.967084,0.6347861,0.0,1.4041145,6.6273785
0,245,246.0,10.0,1.0,1.0,227.0,1.0,1.0,1.0,0.99997836,1.0,-0.0,0.0,-2.162707e-05,-0.0,0.50130004,3.4167686,0.759756,0.62180847,0.46207422,3.5420086,1.0,7.384001,-4.7954974,0.7314815,161.61548,1.0,0.0,0.0,1.0,0.0,0,5.4659266,0.0,0.0,5.2998056,3.599533,11.233696,0.47253504,0.0,1.8426768,5.75654
1,245,246.0,10.0,1.0,1.0,227.0,1.0,1.0,1.0,0.9999842,1.0,-0.0,0.0,-1.5792855e-05,-0.0,0.62631035,3.4617906,0.87237686,0.8722216,0.687387,2.9259937,1.0,7.209004,-1.9185199,0.712963,159.82806,1.0,0.0,0.0,1.0,0.0,0,5.4665895,0.0,0.0,5.455418,3.884951,9.631488,0.45891368,0.0,2.6543736,6.6973696
2,245,246.0,10.0,1.0,1.0,227.0,1.0,1.0,1.0,0.9999854,1.0,-0.0,0.0,-1.4583279e-05,-0.0,0.51558167,3.7394106,0.7171979,0.8632014,0.69915056,3.2033777,1.0,6.0861797,-2.2196825,0.6990741,161.20827,1.0,0.0,0.0,1.0,0.0,0,4.980272,0.0,0.0,4.854627,3.587567,6.9165635,0.4358121,0.0,3.5750978,8.172533
3,245,246.0,10.0,1.0,1.0,227.0,1.0,1.0,1.0,0.99998516,1.0,-0.0,0.0,-1.4864112e-05,-0.0,0.53289086,3.8374498,0.6528848,2.165634,0.93566406,2.1947145,1.0,6.125991,-2.7948682,0.7592593,152.81558,1.0,0.0,0.0,1.0,0.0,0,5.2236967,0.0,0.0,5.1804733,3.8309045,4.969739,0.4574189,0.0,1.3083639,6.251169
0,246,247.0,10.0,1.0,1.0,228.0,1.0,1.0,1.0,0.9999924,1.0,-0.0,0.0,-7.613769e-06,-0.0,0.74519515,3.497296,0.7396863,1.5621908,0.472591,3.4743986,1.0,7.3820076,-3.3076415,0.7314815,161.7292,1.0,0.0,0.0,1.0,0.0,0,5.929463,0.0,0.0,6.0136094,3.8611124,11.3204,0.41947258,0.0,1.8413984,5.833864
1,246,247.0,10.0,1.0,1.0,228.0,1.0,1.0,1.0,0.99999183,1.0,-0.0,0.0,-8.139431e-06,-0.0,0.77642983,3.4237542,0.87176424,1.7354589,0.69079494,2.9096293,1.0,7.303232,-1.8135822,0.712963,159.87209,1.0,0.0,0.0,1.0,0.0,0,5.999014,0.0,0.0,5.9495463,4.328958,9.4593725,0.52452576,0.0,2.6760929,6.778159
2,246,247.0,10.0,1.0,1.0,228.0,1.0,1.0,1.0,0.9999871,1.0,-0.0,0.0,-1.284791e-05,-0.0,0.70287585,3.6153183,0.74494994,2.0665014,0.6994984,3.2153292,1.0,6.1482563,-1.1962056,0.6990741,161.33992,1.0,0.0,0.0,1.0,0.0,0,5.0899396,0.0,0.0,5.034038,3.9538863,6.9125514,0.4741241,0.0,3.5663521,8.092115
3,246,247.0,10.0,1.0,1.0,228.0,1.0,1.0,1.0,0.9999888,1.0,-0.0,0.0,-1.1215361e-05,-0.0,0.6883752,3.7041159,0.6610137,3.6191835,0.93614215,2.212121,1.0,6.0505157,-2.2990322,0.7592593,152.95377,1.0,0.0,0.0,1.0,0.0,0,5.7557974,0.0,0.0,5.7220516,4.371594,4.9354315,0.47727686,0.0,1.2942036,6.2472005
0,247,248.0,10.0,1.0,1.0,229.0,1.0,1.0,1.0,0.99998367,1.0,-0.0,0.0,-1.6313403e-05,-0.0,0.18180273,3.3835049,0.71525586,0.96589977,0.47654974,3.3999257,1.0,7.5177593,-7.3251843,0.7314815,161.96805,1.0,0.0,0.0,1.0,0.0,0,6.010507,0.0,0.0,5.65947,3.6813285,11.470812,0.69516367,0.0,1.9543415,6.669422
1,247,248.0,10.0,1.0,1.0,229.0,1.0,1.0,1.0,0.99998647,1.0,-0.0,0.0,-1.3541018e-05,-0.0,0.27818644,3.4883451,0.828306,0.92956203,0.69802326,2.76705,1.0,7.458983,-4.1609983,0.7175926,160.03323,1.0,0.0,0.0,1.0,0.0,0,6.1290016,0.0,0.0,5.7957325,3.9717646,9.6618595,0.5415565,0.0,2.6854804,7.176512
2,247,248.0,10.0,1.0,1.0,229.0,1.0,1.0,1.0,0.99998254,1.0,-0.0,0.0,-1.7454438e-05,-0.0,0.17426126,3.6618147,0.6864215,0.8439454,0.6992602,3.1790938,1.0,6.4086037,-5.253576,0.7037037,161.50902,1.0,0.0,0.0,1.0,0.0,0,5.5211897,0.0,0.0,5.1402674,3.5685916,7.315887,0.6267796,0.0,3.8663106,8.509934
3,247,248.0,10.0,1.0,1.0,229.0,1.0,1.0,1.0,0.99998134,1.0,-0.0,0.0,-1.8680965e-05,-0.0,0.20858943,3.754543,0.56788206,1.9192154,0.93566346,2.2409477,1.0,6.2710414,-5.360406,0.7592593,153.11539,1.0,0.0,0.0,1.0,0.0,0,6.386644,0.0,0.0,5.905962,4.2414384,5.130864,0.5801753,0.0,1.2991894,6.764695
0,248,249.0,10.0,1.0,1.0,230.0,1.0,1.0,1.0,0.9999812,1.0,-0.0,0.0,-1.8787148e-05,-0.0,0.5510617,3.654845,0.70129377,0.98037714,0.4883403,3.2511606,1.0,7.3292723,-3.0355575,0.7314815,162.25749,1.0,0.0,0.0,1.0,0.0,0,5.58338,0.0,0.0,5.414839,3.6347992,11.915202,0.29425177,0.0,1.9429405,6.1964483
1,248,249.0,10.0,1.0,1.0,230.0,1.0,1.0,1.0,0.9999869,1.0,-0.0,0.0,-1.31176985e-05,-0.0,0.62109494,3.5683367,0.8370373,0.9091295,0.7049153,2.68376,1.0,7.3286295,-1.5432649,0.7175926,160.12517,1.0,0.0,0.0,1.0,0.0,0,5.6518483,0.0,0.0,5.4969535,4.0641346,9.992875,0.40499663,0.0,2.7075024,6.6849275
2,248,249.0,10.0,1.0,1.0,230.0,1.0,1.0,1.0,0.99998516,1.0,-0.0,0.0,-1.48389245e-05,-0.0,0.51047355,3.783318,0.7120925,0.91084963,0.7002884,3.11718,1.0,6.239039,-2.3364117,0.7037037,161.64183,1.0,0.0,0.0,1.0,0.0,0,4.9472547,0.0,0.0,4.828772,3.6049414,7.1535144,0.4369191,0.0,3.673425,8.268144
3,248,249.0,10.0,1.0,1.0,230.0,1.0,1.0,1.0,0.9999863,1.0,-0.0,0.0,-1.3702892e-05,-0.0,0.52640027,3.8677912,0.58687156,2.3043206,0.9365757,2.2276354,1.0,6.0997896,-2.624848,0.7638889,153.24309,1.0,0.0,0.0,0.0,0.0,0,5.5442343,0.0,0.0,5.4305234,3.9772897,5.1970687,0.36118042,0.0,1.2667629,6.3561187
0,249,250.0,10.0,1.0,1.0,231.0,1.0,1.0,1.0,0.9999636,1.0,-0.0,0.0,-3.6425907e-05,-0.0,0.39911455,3.2843883,0.73988014,1.8027097,0.49002412,3.3275511,1.0,7.6988316,-7.4402456,0.7314815,162.67937,1.0,0.0,0.0,1.0,0.0,0,5.8632736,0.0,0.0,5.7926974,4.016312,11.235023,0.54964006,0.0,1.8068067,6.181724
1,249,250.0,10.0,1.0,1.0,231.0,1.0,1.0,1.0,0.9999853,1.0,-0.0,0.0,-1.4731782e-05,-0.0,0.46657324,3.4087033,0.84661174,1.8268625,0.7050057,2.6927865,1.0,7.459088,-4.1328816,0.7175926,160.32503,1.0,0.0,0.0,1.0,0.0,0,5.93324,0.0,0.0,6.0247135,4.297799,9.134773,0.40154725,0.0,2.8431573,6.86347
2,249,250.0,10.0,1.0,1.0,231.0,1.0,1.0,1.0,0.99998295,1.0,-0.0,0.0,-1.7019329e-05,-0.0,0.3868196,3.6010942,0.7424555,2.0800927,0.69954973,3.1476676,1.0,6.3400087,-4.662457,0.7083333,161.87105,1.0,0.0,0.0,1.0,0.0,0,5.025673,0.0,0.0,5.064325,3.8225622,7.090747,0.5264756,0.0,3.8325112,8.322865
3,249,250.0,10.0,1.0,1.0,231.0,1.0,1.0,1.0,0.99998575,1.0,-0.0,0.0,-1.4239221e-05,-0.0,0.39152986,3.7191153,0.6219891,3.407515,0.93557256,2.2430427,1.0,6.2187376,-5.053828,0.7638889,153.44644,1.0,0.0,0.0,0.0,0.0,0,5.788099,0.0,0.0,5.8903112,4.2570977,5.231128,0.46831578,0.0,1.2487838,6.5207424
0,250,251.0,10.0,1.0,1.0,232.0,1.0,1.0,1.0,0.9999658,1.0,-0.0,0.0,-3.4195862e-05,-0.0,0.67125595,3.6391172,0.66906035,1.1750162,0.5002939,3.2016666,1.0,7.4047794,-1.8901852,0.7314815,163.07118,1.0,0.0,0.0,1.0,0.0,0,5.9946837,0.0,0.0,5.649942,3.4865599,12.055144,0.49883646,0.0,1.9592558,6.3743763
1,250,251.0,10.0,1.0,1.0,232.0,1.0,1.0,1.0,0.99998397,1.0,-0.0,0.0,-1.6039548e-05,-0.0,0.70610714,3.516335,0.7759154,0.8494916,0.71095324,2.5975003,1.0,7.3725657,-0.50735754,0.7175926,160.4642,1.0,0.0,0.0,1.0,0.0,0,6.1058984,0.0,0.0,5.7617836,4.104053,10.311918,0.5468656,0.0,3.0048513,7.1827703
2,250,251.0,10.0,1.0,1.0,232.0,1.0,1.0,1.0,0.9999822,1.0,-0.0,0.0,-1.7794928e-05,-0.0,0.60170776,3.735,0.6623186,1.0040423,0.70004416,3.080299,1.0,6.4126105,-0.9917766,0.7083333,162.0344,1.0,0.0,0.0,1.0,0.0,0,5.532705,0.0,0.0,5.203622,3.6358106,7.1436286,0.49488774,0.0,3.796425,8.325524
3,250,251.0,10.0,1.0,1.0,232.0,1.0,1.0,1.0,0.9999827,1.0,-0.0,0.0,-1.7295071e-05,-0.0,0.61974,3.7998364,0.5292846,2.1699665,0.9361156,2.2576513,1.0,6.341091,-1.2206621,0.7638889,153.56274,1.0,0.0,0.0,0.0,0.0,0,6.387006,0.0,0.0,5.8491225,4.3564878,5.241137,0.5166402,0.0,1.2789375,6.6484184
0,251,252.0,10.0,1.0,1.0,233.0,1.0,1.0,1.0,0.999977,1.0,-0.0,0.0,-2.3004413e-05,-0.0,0.2936639,3.4578788,0.70966375,1.0009192,0.51155573,3.1845062,1.0,7.576575,-5.441685,0.7314815,163.41327,1.0,0.0,0.0,1.0,0.0,0,5.5891204,0.0,0.0,5.3510013,3.5674508,11.678102,0.5938954,0.0,1.8911141,6.2585726
1,251,252.0,10.0,1.0,1.0,233.0,1.0,1.0,1.0,0.999986,1.0,-0.0,0.0,-1.4020265e-05,-0.0,0.31583422,3.527916,0.8021719,0.90826815,0.7134364,2.570236,1.0,7.423489,-4.590327,0.7222222,160.71054,1.0,0.0,0.0,1.0,0.0,0,5.6946783,0.0,0.0,5.4451427,4.040289,9.562057,0.46105224,0.0,2.9446042,7.064156
2,251,252.0,10.0,1.0,1.0,233.0,1.0,1.0,1.0,0.99998665,1.0,-0.0,0.0,-1.3378658e-05,-0.0,0.25461948,3.702439,0.687445,0.8251886,0.69875807,3.0344698,1.0,6.517553,-4.6979403,0.712963,162.27571,1.0,0.0,0.0,1.0,0.0,0,5.0520353,0.0,0.0,4.8707266,3.5744565,7.4082265,0.50634557,0.0,3.736536,8.386216
3,251,252.0,10.0,1.0,1.0,233.0,1.0,1.0,1.0,0.9999879,1.0,-0.0,0.0,-1.2117678e-05,-0.0,0.22569783,3.8753667,0.5572673,2.3782058,0.9359192,2.2419956,1.0,6.1835814,-5.6365395,0.7777778,153.79659,1.0,0.0,0.0,0.0,0.0,0,5.4476247,0.0,0.0,5.239623,3.9581425,5.3488884,0.47238147,0.0,1.2189745,6.4935102
0,252,253.0,10.0,1.0,1.0,234.0,1.0,1.0,1.0,0.9999862,1.0,-0.0,0.0,-1.3801608e-05,-0.0,0.62067956,3.686981,0.6742144,1.1743499,0.5218123,3.1161757,1.0,7.4154496,-2.5540423,0.7314815,163.72972,1.0,0.0,0.0,1.0,0.0,0,5.7084737,0.0,0.0,5.4499,3.5348477,11.8680935,0.2930229,0.0,1.9055411,6.218574
1,252,253.0,10.0,1.0,1.0,234.0,1.0,1.0,1.0,0.99999005,1.0,-0.0,0.0,-9.937776e-06,-0.0,0.640307,3.5914369,0.7929711,1.0964527,0.71790737,2.508588,1.0,7.2831635,-1.6304338,0.7222222,160.85995,1.0,0.0,0.0,1.0,0.0,0,5.6638627,0.0,0.0,5.4819894,3.9854345,9.994453,0.34124333,0.0,2.6387105,6.853486
2,252,253.0,10.0,1.0,1.0,234.0,1.0,1.0,1.0,0.99999136,1.0,-0.0,0.0,-8.668679e-06,-0.0,0.54869765,3.7716582,0.6587698,1.1568913,0.70060104,2.9640026,1.0,6.356872,-1.7830656,0.712963,162.43398,1.0,0.0,0.0,1.0,0.0,0,5.1310096,0.0,0.0,4.9619346,3.5918021,7.232958,0.33825806,0.0,3.6205747,8.181271
3,252,253.0,10.0,1.0,1.0,234.0,1.0,1.0,1.0,0.99999005,1.0,-0.0,0.0,-9.933685e-06,-0.0,0.53427815,3.8837817,0.56184804,2.9289353,0.9379314,2.213536,1.0,6.0289636,-2.962578,0.7777778,153.90182,1.0,0.0,0.0,1.0,0.0,0,5.421051,0.0,0.0,5.359582,3.7878091,5.5058155,0.26856914,0.0,1.140507,6.2090006
0,253,254.0,10.0,1.0,1.0,235.0,1.0,1.0,1.0,0.99997205,1.0,-0.0,0.0,-2.7969145e-05,-0.0,0.5059708,3.3728216,0.70442396,1.9285728,0.5315051,3.0790281,1.0,7.7460017,-4.76442,0.7314815,164.10509,1.0,0.0,0.0,1.0,0.0,0,6.054764,0.0,0.0,5.621036,3.9431148,11.426557,0.58437735,0.0,2.0149727,6.3589807
1,253,254.0,10.0,1.0,1.0,235.0,1.0,1.0,1.0,0.9999848,1.0,-0.0,0.0,-1.5211821e-05,-0.0,0.53927076,3.485005,0.79466945,1.9778628,0.72035897,2.4888527,1.0,7.462823,-3.3689766,0.7222222,161.03212,1.0,0.0,0.0,1.0,0.0,0,5.9870915,0.0,0.0,6.035425,4.3021274,9.777606,0.54022336,0.0,3.100906,7.189508
2,253,254.0,10.0,1.0,1.0,235.0,1.0,1.0,1.0,0.9999875,1.0,-0.0,0.0,-1.2496702e-05,-0.0,0.49797744,3.6519732,0.66928196,1.9179915,0.7009299,2.9289353,1.0,6.3824215,-3.0876575,0.712963,162.60562,1.0,0.0,0.0,1.0,0.0,0,5.1400347,0.0,0.0,5.120884,3.8905222,6.510169,0.4820572,0.0,3.982707,8.334976
3,253,254.0,10.0,1.0,1.0,235.0,1.0,1.0,1.0,0.9999879,1.0,-0.0,0.0,-1.2098391e-05,-0.0,0.45775995,3.8060892,0.55768585,3.5129373,0.93683916,2.2329,1.0,6.122758,-4.1287794,0.7777778,154.04808,1.0,0.0,0.0,1.0,0.0,0,5.931675,0.0,0.0,5.998728,4.231499,5.5547934,0.44036928,0.0,1.2755665,6.858613
0,254,255.0,10.0,1.0,1.0,236.0,1.0,1.0,1.0,0.9999769,1.0,-0.0,0.0,-2.3133947e-05,-0.0,0.69427526,3.6191072,0.65991205,1.3335192,0.5403215,2.9923887,1.0,7.7104225,-1.4525373,0.7314815,164.37888,1.0,0.0,0.0,1.0,0.0,0,6.1279,0.0,0.0,5.7032194,3.6934454,12.068942,0.49854657,0.0,2.1127555,6.487729
1,254,255.0,10.0,1.0,1.0,236.0,1.0,1.0,1.0,0.999985,1.0,-0.0,0.0,-1.4999339e-05,-0.0,0.71787536,3.5729725,0.73953956,1.0791845,0.7263125,2.371284,1.0,7.5252476,-0.14059153,0.7222222,161.14172,1.0,0.0,0.0,1.0,0.0,0,6.1781006,0.0,0.0,5.8174124,4.1652217,10.20067,0.48717666,0.0,2.8709178,7.14394
2,254,255.0,10.0,1.0,1.0,236.0,1.0,1.0,1.0,0.99998987,1.0,-0.0,0.0,-1.010981e-05,-0.0,0.6507829,3.6486301,0.6137662,1.3921007,0.7014356,2.8646228,1.0,6.7104564,-0.21534133,0.712963,162.62509,1.0,0.0,0.0,1.0,0.0,0,5.566589,0.0,0.0,5.2030807,3.7275627,6.594152,0.51004815,0.0,4.0466433,8.386785
3,254,255.0,10.0,1.0,1.0,236.0,1.0,1.0,1.0,0.9999899,1.0,-0.0,0.0,-1.0098487e-05,-0.0,0.6406635,3.7962806,0.48690954,2.4543328,0.93687207,2.244438,1.0,6.351503,-0.98703706,0.7777778,154.06644,1.0,0.0,0.0,1.0,0.0,0,6.144986,0.0,0.0,5.84095,4.1315556,5.781118,0.41448116,0.0,1.0575464,6.850996
0,255,256.0,10.0,1.0,1.0,237.0,1.0,1.0,1.0,0.999973,1.0,-0.0,0.0,-2.7003824e-05,-0.0,0.5966771,3.3832357,0.7076211,1.1776778,0.55000293,3.0509348,1.0,7.83371,-2.9286797,0.7314815,164.64462,1.0,0.0,0.0,1.0,0.0,0,5.5727835,0.0,0.0,5.2589474,3.6525302,11.445138,0.5776303,0.0,1.9552754,6.2205563
1,255,256.0,10.0,1.0,1.0,237.0,1.0,1.0,1.0,0.99998146,1.0,-0.0,0.0,-1.8521821e-05,-0.0,0.61200076,3.439121,0.7800767,1.0943092,0.71930975,2.4787683,1.0,7.555514,-1.8076142,0.7222222,161.30133,1.0,0.0,0.0,1.0,0.0,0,5.5932217,0.0,0.0,5.4144235,3.9503505,10.203805,0.8325939,0.0,1.9501548,7.5439644
2,255,256.0,10.0,1.0,1.0,237.0,1.0,1.0,1.0,0.99998814,1.0,-0.0,0.0,-1.1880044e-05,-0.0,0.5381279,3.6353045,0.64336795,1.1315821,0.70026356,2.8432295,1.0,6.630103,-1.546261,0.712963,162.70758,1.0,0.0,0.0,1.0,0.0,0,5.0219555,0.0,0.0,4.834997,3.578612,6.41837,0.45843026,0.0,3.8228645,8.376286
3,255,256.0,10.0,1.0,1.0,237.0,1.0,1.0,1.0,0.9999894,1.0,-0.0,0.0,-1.0581319e-05,-0.0,0.52544475,3.7727208,0.5190704,2.6372747,0.9358582,2.244438,1.0,6.170155,-2.7108798,0.7777778,154.12143,1.0,0.0,0.0,1.0,0.0,0,5.3743906,0.0,0.0,5.2606616,3.849501,5.7591248,0.37561786,0.0,0.9515461,6.6064973
0,256,257.0,10.0,1.0,1.0,238.0,1.0,1.0,1.0,0.99998045,1.0,-0.0,0.0,-1.9526804e-05,-0.0,0.41815078,3.8304324,0.67417574,1.4401857,0.5477708,3.0455422,1.0,7.5603957,-4.747213,0.7407407,165.09413,1.0,0.0,0.0,1.0,0.0,0,5.7154202,0.0,0.0,5.3831234,3.5323954,11.768465,0.30487233,0.0,2.411785,6.477635
1,256,257.0,10.0,1.0,1.0,238.0,1.0,1.0,1.0,0.99998343,1.0,-0.0,0.0,-1.656202e-05,-0.0,0.37209803,3.8252528,0.74849826,1.3032414,0.7264326,2.3333504,1.0,7.3391166,-3.648755,0.7314815,161.6947,1.0,0.0,0.0,1.0,0.0,0,5.7777047,0.0,0.0,5.497378,3.9999578,9.91139,0.37442982,0.0,2.5172195,7.1341844
2,256,257.0,10.0,1.0,1.0,238.0,1.0,1.0,1.0,0.99999386,1.0,-0.0,0.0,-6.135949e-06,-0.0,0.3620606,3.8191993,0.6368687,1.2442508,0.70147634,2.8130608,1.0,6.502824,-3.0172765,0.7222222,162.9239,1.0,0.0,0.0,1.0,0.0,0,5.1075015,0.0,0.0,4.9303613,3.5763404,6.2976623,0.4242417,0.0,3.6835601,8.397826
3,256,257.0,10.0,1.0,1.0,238.0,1.0,1.0,1.0,0.9999927,1.0,-0.0,0.0,-7.2926555e-06,-0.0,0.36505127,3.9977763,0.50972176,2.8520257,0.93717647,2.216363,1.0,6.0623946,-2.974498,0.7824074,154.37509,1.0,0.0,0.0,1.0,0.0,0,5.5132856,0.0,0.0,5.3877616,3.825195,5.824278,0.39853925,0.0,1.0798935,6.72174
0,257,258.0,10.0,1.0,1.0,239.0,1.0,1.0,1.0,0.99997675,1.0,-0.0,0.0,-2.3252469e-05,-0.0,0.55062175,3.5286183,0.69572115,1.8079126,0.55001426,3.0904472,1.0,7.7641993,-4.3304963,0.7407407,165.41664,1.0,0.0,0.0,1.0,0.0,0,5.5761514,0.0,0.0,5.3421497,3.5880558,11.283195,0.3695962,0.0,2.4235172,6.028532
1,257,258.0,10.0,1.0,1.0,239.0,1.0,1.0,1.0,0.9999838,1.0,-0.0,0.0,-1.6189613e-05,-0.0,0.5980421,3.6274335,0.7770229,1.6692505,0.7287952,2.3577113,1.0,7.5341334,-2.4282737,0.7314815,161.9022,1.0,0.0,0.0,1.0,0.0,0,5.638712,0.0,0.0,5.440222,4.023376,10.278658,0.49763203,0.0,2.6268413,6.8965273
2,257,258.0,10.0,1.0,1.0,239.0,1.0,1.0,1.0,0.999992,1.0,-0.0,0.0,-7.969434e-06,-0.0,0.558383,3.7552767,0.6263952,1.361401,0.70360196,2.8216739,1.0,6.5719647,-1.7278148,0.7222222,162.99196,1.0,0.0,0.0,1.0,0.0,0,5.137412,0.0,0.0,4.9609733,3.6078517,6.316489,0.4952829,0.0,3.8379009,8.29132
3,257,258.0,10.0,1.0,1.0,239.0,1.0,1.0,1.0,0.9999924,1.0,-0.0,0.0,-7.6089823e-06,-0.0,0.5472917,3.8958244,0.5095934,2.676166,0.93843424,2.2075164,1.0,6.243657,-1.5898412,0.7824074,154.487,1.0,0.0,0.0,1.0,0.0,0,5.6898456,0.0,0.0,5.507004,4.015144,5.7984967,0.439274,0.0,1.1037349,6.60794
0,258,259.0,10.0,1.0,1.0,240.0,1.0,1.0,1.0,0.9999841,1.0,-0.0,0.0,-1.5900227e-05,-0.0,0.5179696,3.716714,0.66702235,1.6394438,0.55159855,3.1063635,1.0,7.698527,-4.3295603,0.7407407,165.61166,1.0,0.0,0.0,1.0,0.0,0,5.793721,0.0,0.0,5.424416,3.5788107,11.438744,0.4667562,0.0,2.5014133,6.539481
1,258,259.0,10.0,1.0,1.0,240.0,1.0,1.0,1.0,0.9999894,1.0,-0.0,0.0,-1.0636953e-05,-0.0,0.55212605,3.6518779,0.74584687,1.531323,0.7290538,2.3923166,1.0,7.5109177,-2.797951,0.7314815,161.95062,1.0,0.0,0.0,1.0,0.0,0,5.8522305,0.0,0.0,5.5466413,4.036014,10.177605,0.6038409,0.0,2.6059196,7.1091943
2,258,259.0,10.0,1.0,1.0,240.0,1.0,1.0,1.0,0.99999195,1.0,-0.0,0.0,-8.031688e-06,-0.0,0.50487256,3.76359,0.6139493,1.3323448,0.7043435,2.8509276,1.0,6.6376114,-2.1613576,0.7222222,162.9954,1.0,0.0,0.0,1.0,0.0,0,5.1552334,0.0,0.0,4.927858,3.5691347,6.326346,0.54866296,0.0,3.8923576,8.442251
3,258,259.0,10.0,1.0,1.0,240.0,1.0,1.0,1.0,0.9999932,1.0,-0.0,0.0,-6.8163013e-06,-0.0,0.49864167,3.9248984,0.4973011,2.6005118,0.93860936,2.1922169,1.0,6.299366,-1.9377089,0.7824074,154.51582,1.0,0.0,0.0,1.0,0.0,0,5.725384,0.0,0.0,5.4598308,4.0449085,5.9313703,0.47674015,0.0,1.0790128,6.6649575
0,259,260.0,10.0,1.0,1.0,241.0,1.0,1.0,1.0,0.9999765,1.0,-0.0,0.0,-2.3476867e-05,-0.0,0.51916057,3.5624206,0.6937676,1.7931322,0.54632735,3.2269938,1.0,7.5624714,-4.855367,0.7407407,165.81029,1.0,0.0,0.0,1.0,0.0,0,5.46821,0.0,0.0,5.217128,3.4555616,10.9204035,0.5655177,0.0,2.08454,6.549364
1,259,260.0,10.0,1.0,1.0,241.0,1.0,1.0,1.0,0.99998647,1.0,-0.0,0.0,-1.3518479e-05,-0.0,0.5579673,3.702435,0.7553208,1.6943818,0.7292305,2.4309404,1.0,7.2218094,-2.8247266,0.7314815,162.00467,1.0,0.0,0.0,1.0,0.0,0,5.5868115,0.0,0.0,5.3309445,3.962563,9.922761,0.5232306,0.0,2.3521526,7.28883
2,259,260.0,10.0,1.0,1.0,241.0,1.0,1.0,1.0,0.9999908,1.0,-0.0,0.0,-9.191931e-06,-0.0,0.5254812,3.8047779,0.61836654,1.3791084,0.7056182,2.8961468,1.0,6.4502635,-1.9177469,0.7222222,163.01945,1.0,0.0,0.0,1.0,0.0,0,5.026859,0.0,0.0,4.831405,3.5567431,6.1380906,0.5411002,0.0,3.6126552,8.516779
3,259,260.0,10.0,1.0,1.0,241.0,1.0,1.0,1.0,0.9999915,1.0,-0.0,0.0,-8.5443635e-06,-0.0,0.52477384,3.9448857,0.5066278,2.8010702,0.9392593,2.1932876,1.0,6.139226,-1.958482,0.7824074,154.52477,1.0,0.0,0.0,1.0,0.0,0,5.3816004,0.0,0.0,5.292309,3.8244936,5.9198117,0.51865596,0.0,1.1909184,6.6617265
0,260,261.0,10.0,1.0,1.0,242.0,1.0,1.0,1.0,0.9999839,1.0,-0.0,0.0,-1.6113956e-05,-0.0,0.48076248,3.886586,0.6676538,1.8379683,0.5474494,3.1933432,1.0,7.3254433,-4.711499,0.7407407,166.11783,1.0,0.0,0.0,1.0,0.0,0,5.7181225,0.0,0.0,5.3811035,3.5044744,11.037257,0.29595575,0.0,2.2440794,7.2333813
1,260,261.0,10.0,1.0,1.0,242.0,1.0,1.0,1.0,0.9999917,1.0,-0.0,0.0,-8.29761e-06,-0.0,0.50878936,3.7681353,0.7577244,1.6800005,0.7310916,2.4546518,1.0,7.1834316,-3.1955066,0.7314815,162.04706,1.0,0.0,0.0,1.0,0.0,0,5.7096047,0.0,0.0,5.4448905,3.956537,9.9458275,0.4696702,0.0,2.188059,7.4860697
2,260,261.0,10.0,1.0,1.0,242.0,1.0,1.0,1.0,0.99999285,1.0,-0.0,0.0,-7.133602e-06,-0.0,0.47692692,3.8789556,0.61539215,1.4171759,0.7059879,2.9565988,1.0,6.4271493,-2.130827,0.7222222,163.06679,1.0,0.0,0.0,1.0,0.0,0,5.151079,0.0,0.0,4.942931,3.5781763,5.955439,0.44166785,0.0,3.3843248,8.836381
3,260,261.0,10.0,1.0,1.0,242.0,1.0,1.0,1.0,0.9999925,1.0,-0.0,0.0,-7.514059e-06,-0.0,0.47986135,4.0443683,0.49822074,2.678213,0.9410214,2.174651,1.0,6.1606474,-1.6710236,0.7824074,154.59619,1.0,0.0,0.0,1.0,0.0,0,5.64213,0.0,0.0,5.4240522,3.9580412,5.9305663,0.4979829,0.2427452,1.2162519,6.6382813
0,261,262.0,10.0,1.0,1.0,243.0,1.0,1.0,1.0,0.9999886,1.0,-0.0,0.0,-1.1411652e-05,-0.0,0.53031594,3.5955858,0.6887388,1.9147239,0.5486281,3.2854106,1.0,7.499335,-4.7445054,0.7407407,166.53734,1.0,0.0,0.0,1.0,0.0,0,5.659562,0.0,0.0,5.4018297,3.5186565,10.714236,0.30804813,0.0,2.4571936,7.05817
1,261,262.0,10.0,1.0,1.0,243.0,1.0,1.0,1.0,0.9999957,1.0,-0.0,0.0,-4.2989022e-06,-0.0,0.59132427,3.6845655,0.7501107,1.737262,0.73275083,2.4648352,1.0,7.2232227,-2.4633267,0.7314815,162.25266,1.0,0.0,0.0,1.0,0.0,0,5.7451386,0.0,0.0,5.5141063,3.9831362,9.616637,0.30205408,0.0,2.1614678,7.253204
2,261,262.0,10.0,1.0,1.0,243.0,1.0,1.0,1.0,0.9999954,1.0,-0.0,0.0,-4.5891416e-06,-0.0,0.5386121,3.786078,0.6159755,1.5097029,0.70677733,3.0137625,1.0,6.46141,-2.0730598,0.7222222,163.29419,1.0,0.0,0.0,1.0,0.0,0,5.142672,0.0,0.0,4.970032,3.6098316,5.8781433,0.46734688,0.0,3.3648825,8.754506
3,261,262.0,10.0,1.0,1.0,243.0,1.0,1.0,1.0,0.99999505,1.0,-0.0,0.0,-4.9273604e-06,-0.0,0.541275,3.9326365,0.5071637,2.7026517,0.94281894,2.1529465,1.0,6.2335687,-1.6446636,0.7824074,154.85284,1.0,0.0,0.0,1.0,0.0,0,5.5961876,0.0,0.0,5.433212,3.9541717,5.9449368,0.4934843,0.30666167,1.3004705,6.3057647
0,262,263.0,10.0,1.0,1.0,244.0,1.0,1.0,1.0,0.9999942,1.0,-0.0,0.0,-5.8047567e-06,-0.0,0.58199465,3.8714328,0.6637944,1.8654441,0.55235183,3.2318418,1.0,7.4090967,-3.8423743,0.7407407,166.80319,1.0,0.0,0.0,1.0,0.0,0,5.7724547,0.0,0.0,5.453364,3.506758,11.0706005,0.2507641,0.0,2.394218,7.219769
1,262,263.0,10.0,1.0,1.0,244.0,1.0,1.0,1.0,0.9999944,1.0,-0.0,0.0,-5.5813116e-06,-0.0,0.62853134,3.799553,0.74066365,1.5806202,0.73465085,2.4790843,1.0,7.2394195,-1.891978,0.7314815,162.33812,1.0,0.0,0.0,1.0,0.0,0,5.7659807,0.0,0.0,5.5127015,4.001182,10.064466,0.39082032,0.0,2.3574579,7.5173483
2,262,263.0,10.0,1.0,1.0,244.0,1.0,1.0,1.0,0.99999475,1.0,-0.0,0.0,-5.2690443e-06,-0.0,0.56672466,3.9197059,0.60974735,1.5726774,0.7080148,3.0769935,1.0,6.472266,-1.486864,0.7222222,163.40228,1.0,0.0,0.0,1.0,0.0,0,5.1658335,0.0,0.0,4.964988,3.6046886,5.9194136,0.44543052,0.017378515,3.3757696,8.85687
3,262,263.0,10.0,1.0,1.0,244.0,1.0,1.0,1.0,0.99999475,1.0,-0.0,0.0,-5.261253e-06,-0.0,0.5786396,4.0549283,0.50098735,2.7803142,0.9434135,2.1814787,1.0,6.2791033,-1.0679941,0.7824074,154.95879,1.0,0.0,0.0,1.0,0.0,0,5.6123743,0.0,0.0,5.4379287,3.9423194,6.2851424,0.35234228,0.36692077,1.195328,6.7783184
0,263,264.0,10.0,1.0,1.0,245.0,1.0,1.0,1.0,0.99999213,1.0,-0.0,0.0,-7.847787e-06,-0.0,0.5005967,3.7961216,0.66946006,1.7636439,0.5543839,3.2554917,1.0,7.368067,-4.6450477,0.7407407,166.94029,1.0,0.0,0.0,1.0,0.0,0,5.688943,0.0,0.0,5.38413,3.5172813,10.580941,0.27001932,0.0,2.4652898,7.194641
1,263,264.0,10.0,1.0,1.0,245.0,1.0,1.0,1.0,0.99999565,1.0,-0.0,0.0,-4.372775e-06,-0.0,0.5820625,3.8511894,0.7341614,1.3745606,0.7346697,2.5029655,1.0,7.23885,-2.110364,0.7314815,162.35172,1.0,0.0,0.0,1.0,0.0,0,5.7735105,0.0,0.0,5.4960656,4.019714,9.780678,0.4161034,0.0,2.2493029,7.643506
2,263,264.0,10.0,1.0,1.0,245.0,1.0,1.0,1.0,0.9999951,1.0,-0.0,0.0,-4.866597e-06,-0.0,0.50400865,3.9713054,0.60407174,1.6022605,0.7096904,3.0907006,1.0,6.433675,-2.0180306,0.7222222,163.41414,1.0,0.0,0.0,1.0,0.0,0,5.1498284,0.0,0.0,4.9413056,3.5911648,5.85077,0.51413286,0.5695386,3.3179865,8.822174
3,263,264.0,10.0,1.0,1.0,245.0,1.0,1.0,1.0,0.9999952,1.0,-0.0,0.0,-4.857452e-06,-0.0,0.51061326,4.124483,0.4951988,2.842128,0.94468313,2.2036126,1.0,6.2898345,-1.6146991,0.7824074,154.98656,1.0,0.0,0.0,1.0,0.0,0,5.59038,0.0,0.0,5.5443263,3.8104622,5.9966006,0.51508725,0.24023959,1.3083245,6.8805003
0,264,265.0,10.0,1.0,1.0,246.0,1.0,1.0,1.0,0.9999946,1.0,-0.0,0.0,-5.4261923e-06,-0.0,0.5559411,3.9789639,0.66645706,1.6948436,0.55685365,3.1972628,1.0,7.3066707,-3.782288,0.7407407,167.09178,1.0,0.0,0.0,1.0,0.0,0,5.7009816,0.0,0.0,5.4056435,3.5305443,10.711333,0.27773276,0.0,2.5149064,7.382877
1,264,265.0,10.0,1.0,1.0,246.0,1.0,1.0,1.0,0.9999933,1.0,-0.0,0.0,-6.6522857e-06,-0.0,0.61934364,3.8779707,0.73552465,1.3631247,0.7350416,2.5272403,1.0,7.2134376,-1.7325878,0.7314815,162.36641,1.0,0.0,0.0,1.0,0.0,0,5.6966085,0.0,0.0,5.458314,3.9927497,9.818883,0.4648545,0.0,2.2670627,7.708705
2,264,265.0,10.0,1.0,1.0,246.0,1.0,1.0,1.0,0.99999386,1.0,-0.0,0.0,-6.146901e-06,-0.0,0.5309999,4.078366,0.6047348,1.716412,0.7144,3.0220625,1.0,6.2953806,-1.4186865,0.7222222,163.48386,1.0,0.0,0.0,1.0,0.0,0,5.0884113,0.0,0.0,4.9100804,3.567559,5.8054123,0.5359492,1.049288,3.3275301,8.46936
3,264,265.0,10.0,1.0,1.0,246.0,1.0,1.0,1.0,0.9999942,1.0,-0.0,0.0,-5.7788207e-06,-0.0,0.5193081,4.219635,0.4894086,3.0184343,0.94690424,2.164911,1.0,6.2286606,-1.3994184,0.7824074,155.0483,1.0,0.0,0.0,1.0,0.0,0,5.583013,0.0,0.0,5.413512,3.88807,6.065158,0.4689158,0.38083786,1.0812931,6.6448455
0,265,266.0,10.0,1.0,1.0,247.0,1.0,1.0,1.0,0.99998856,1.0,-0.0,0.0,-1.14484e-05,-0.0,0.56773126,3.8441432,0.67482233,1.4385542,0.55620617,3.2412739,1.0,7.3683333,-3.6553023,0.7407407,167.27673,1.0,0.0,0.0,1.0,0.0,0,5.7017307,0.0,0.0,5.4148417,3.530119,10.669917,0.2997689,0.0,2.377645,7.3964396
1,265,266.0,10.0,1.0,1.0,247.0,1.0,1.0,1.0,0.9999941,1.0,-0.0,0.0,-5.8777787e-06,-0.0,0.59327555,3.929521,0.7237626,1.2517766,0.7362483,2.5414476,1.0,7.2464356,-1.7614868,0.7314815,162.38504,1.0,0.0,0.0,1.0,0.0,0,5.772103,0.0,0.0,5.5058594,4.015144,10.116811,0.5390557,0.0,2.3073792,7.8795133
2,265,266.0,10.0,1.0,1.0,247.0,1.0,1.0,1.0,0.9999936,1.0,-0.0,0.0,-6.375881e-06,-0.0,0.51179194,4.111651,0.6023376,1.6911452,0.7191585,2.947849,1.0,6.2681646,-1.5095761,0.7222222,163.49316,1.0,0.0,0.0,1.0,0.0,0,5.149263,0.0,0.0,4.952493,3.5719476,5.710164,0.5702358,1.3417363,3.515645,8.246295
3,265,266.0,10.0,1.0,1.0,247.0,1.0,1.0,1.0,0.99999404,1.0,-0.0,0.0,-5.9437366e-06,-0.0,0.5120274,4.2147136,0.490604,3.0858846,0.949042,2.1438382,1.0,6.2880893,-1.9031177,0.7824074,155.0966,1.0,0.0,0.0,1.0,0.0,0,5.562004,0.0,0.0,5.4127297,3.856206,6.011212,0.4938315,0.37384352,1.1112279,6.5380416
0,266,267.0,10.0,1.0,1.0,248.0,1.0,1.0,1.0,0.9999927,1.0,-0.0,0.0,-7.258907e-06,-0.0,0.8852404,3.6904156,0.6553508,1.3258669,0.5605616,3.175398,1.0,7.289168,-0.04499033,0.7407407,167.47177,1.0,0.0,0.0,1.0,0.0,0,5.772613,0.0,0.0,5.4645047,3.553006,10.75137,0.2992093,0.0,2.5304456,7.671753
1,266,267.0,10.0,1.0,1.0,248.0,1.0,1.0,1.0,0.999994,1.0,-0.0,0.0,-6.0031552e-06,-0.0,0.9147242,3.687372,0.719507,1.2567688,0.7368822,2.5432951,1.0,7.2338343,1.4827391,0.7314815,162.6726,1.0,0.0,0.0,1.0,0.0,0,5.75007,0.0,0.0,5.497091,4.0366087,9.767797,0.44548142,0.0,2.2913854,7.8180995
2,266,267.0,10.0,1.0,1.0,248.0,1.0,1.0,1.0,0.9999946,1.0,-0.0,0.0,-5.441181e-06,-0.0,0.8288555,3.86587,0.59476167,1.6962285,0.7232747,2.8558655,1.0,6.2336006,1.0199007,0.7222222,163.78275,1.0,0.0,0.0,1.0,0.0,0,5.1778064,0.0,0.0,4.991535,3.6013198,5.275695,0.52070236,1.3682587,3.3561225,8.107815
3,266,267.0,10.0,1.0,1.0,248.0,1.0,1.0,1.0,0.99999523,1.0,-0.0,0.0,-4.769755e-06,-0.0,0.82426405,3.9568868,0.4781275,3.1058593,0.9509418,2.1335907,1.0,6.2979655,0.11415407,0.7824074,155.39883,1.0,0.0,0.0,1.0,0.0,0,5.6517334,0.0,0.0,5.4644017,3.9186687,5.983257,0.5391746,0.36631376,1.1295502,6.5228996
0,267,268.0,10.0,1.0,1.0,249.0,1.0,1.0,1.0,0.9999859,1.0,-0.0,0.0,-1.4141211e-05,-0.0,0.61618686,3.7929814,0.6715116,1.2239558,0.5589578,3.2250528,1.0,7.4011483,-2.6661744,0.7407407,167.53479,1.0,0.0,0.0,1.0,0.0,0,5.765212,0.0,0.0,5.2680025,3.6860602,10.736468,0.30861476,0.0,2.4472754,7.4763846
1,267,268.0,10.0,1.0,1.0,249.0,1.0,1.0,1.0,0.9999911,1.0,-0.0,0.0,-8.864987e-06,-0.0,0.6472636,3.8674202,0.7248579,1.2442508,0.73760927,2.5432951,1.0,7.2955723,-1.0699239,0.7314815,162.82579,1.0,0.0,0.0,1.0,0.0,0,5.744962,0.0,0.0,5.4652557,3.9992418,9.717482,0.5291868,0.0,2.4798708,8.005951
2,267,268.0,10.0,1.0,1.0,249.0,1.0,1.0,1.0,0.99999124,1.0,-0.0,0.0,-8.76812e-06,-0.0,0.56155473,4.073733,0.59799725,1.6484897,0.72791773,2.76167,1.0,6.2081356,-1.2479769,0.7222222,163.95882,1.0,0.0,0.0,1.0,0.0,0,5.1902103,0.0,0.0,4.978721,3.5745149,5.2525063,0.5361327,1.6666182,3.5131757,8.006023
3,267,268.0,10.0,1.0,1.0,249.0,1.0,1.0,1.0,0.99999213,1.0,-0.0,0.0,-7.863035e-06,-0.0,0.55064446,4.207203,0.47996193,3.103338,0.9508664,2.1129467,1.0,6.2741985,-1.723527,0.7824074,155.61798,1.0,0.0,0.0,1.0,0.0,0,5.6098905,0.0,0.0,5.379659,3.9030874,5.350336,0.6001264,0.52762014,0.30130705,6.469195
0,268,269.0,10.0,1.0,1.0,250.0,1.0,1.0,1.0,0.9999911,1.0,-0.0,0.0,-8.903555e-06,-0.0,0.61413574,3.976978,0.6591086,1.5973679,0.5624856,3.1531339,1.0,7.324398,-2.7754633,0.7407407,167.7045,1.0,0.0,0.0,1.0,0.0,0,5.783728,0.0,0.0,5.513475,3.5639517,10.4689455,0.2729995,0.14204367,2.614536,7.681048
1,268,269.0,10.0,1.0,1.0,250.0,1.0,1.0,1.0,0.9999916,1.0,-0.0,0.0,-8.39152e-06,-0.0,0.6360494,4.0434985,0.7171564,1.6265022,0.7393252,2.508588,1.0,7.151599,-1.2816359,0.7314815,162.97878,1.0,0.0,0.0,1.0,0.0,0,5.7463093,0.0,0.0,5.4966216,4.0232086,9.571966,0.26691672,0.0,2.5215967,7.812007
2,268,269.0,10.0,1.0,1.0,250.0,1.0,1.0,1.0,0.9999924,1.0,-0.0,0.0,-7.612752e-06,-0.0,0.5544599,4.2084174,0.59909075,2.0539641,0.7321565,2.6508925,1.0,6.0254183,-1.0552089,0.7222222,164.07057,1.0,0.0,0.0,1.0,0.0,0,5.1796393,0.0,0.0,5.0104613,3.6235535,4.831388,0.560301,1.6798806,3.7797863,7.812127
3,268,269.0,10.0,1.0,1.0,250.0,1.0,1.0,1.0,0.9999921,1.0,-0.0,0.0,-7.923571e-06,-0.0,0.5624887,4.3427324,0.49755037,3.534265,0.9519974,2.0505316,1.0,6.1481924,-1.4684703,0.7824074,155.73004,1.0,0.0,0.0,1.0,0.0,0,5.4836783,0.0,0.0,5.3805594,3.799747,5.9783044,0.20218526,0.8685594,0.22173738,6.561642
0,269,270.0,10.0,1.0,1.0,251.0,1.0,1.0,1.0,0.9999905,1.0,-0.0,0.0,-9.481592e-06,-0.0,0.33658558,3.595882,0.70181495,1.1301979,0.5632854,3.1672528,1.0,7.560966,-4.6067405,0.7407407,168.11676,1.0,0.0,0.0,1.0,0.0,0,5.8240104,0.0,0.0,5.424078,3.0526218,10.607587,0.30717617,0.2284741,2.5907915,7.575717
1,269,270.0,10.0,1.0,1.0,251.0,1.0,1.0,1.0,0.9999897,1.0,-0.0,0.0,-1.03137245e-05,-0.0,0.37757456,3.6579902,0.7377998,1.1507862,0.74019444,2.534045,1.0,7.4274793,-3.2940302,0.7314815,163.39261,1.0,0.0,0.0,1.0,0.0,0,5.6582932,0.0,0.0,5.1475263,3.840697,9.436125,0.39602444,0.032928776,2.5103676,7.9578576
2,269,270.0,10.0,1.0,1.0,251.0,1.0,1.0,1.0,0.9999924,1.0,-0.0,0.0,-7.612029e-06,-0.0,0.27875865,3.8745284,0.6126072,1.2162576,0.7338275,2.6137223,1.0,6.2516904,-3.6012232,0.7361111,164.43394,1.0,0.0,0.0,1.0,0.0,0,4.9474893,0.0,0.0,4.571683,3.0311878,4.2616167,0.541653,1.7350382,3.638798,7.902185
3,269,270.0,10.0,1.0,1.0,251.0,1.0,1.0,1.0,0.9999894,1.0,-0.0,0.0,-1.0610305e-05,-0.0,0.27077273,3.9939098,0.48291317,2.6559079,0.9538424,2.0352054,1.0,6.285906,-4.770491,0.7824074,156.10626,1.0,0.0,0.0,1.0,0.0,0,5.510492,0.0,0.0,4.992572,3.502854,5.885897,0.5087266,0.6057277,0.0,6.7609463
0,270,271.0,10.0,1.0,1.0,252.0,1.0,1.0,1.0,0.9999844,1.0,-0.0,0.0,-1.5607318e-05,-0.0,0.8917462,3.7177417,0.66475505,2.0665014,0.57093436,3.1134114,1.0,7.2313943,0.16117561,0.7407407,168.33836,1.0,0.0,0.0,1.0,0.0,0,5.412399,0.0,0.0,5.3262515,3.4782777,10.674077,0.2583539,0.63943875,2.9828322,6.976897
1,270,271.0,10.0,1.0,1.0,252.0,1.0,1.0,1.0,0.9999873,1.0,-0.0,0.0,-1.26705845e-05,-0.0,0.8718338,3.7652395,0.7063889,2.393625,0.7418872,2.5485218,1.0,6.960494,0.3715949,0.7314815,163.63576,1.0,0.0,0.0,1.0,0.0,0,5.5663385,0.0,0.0,5.6220465,3.7819297,9.241734,0.29552057,0.2970818,2.8665023,7.5992413
2,270,271.0,10.0,1.0,1.0,252.0,1.0,1.0,1.0,0.99998754,1.0,-0.0,0.0,-1.2481137e-05,-0.0,0.80129653,3.9682264,0.62836653,2.509524,0.73944473,2.5463705,1.0,5.7227254,0.57280904,0.7361111,164.62764,1.0,0.0,0.0,1.0,0.0,0,4.987808,0.0,0.0,4.914514,3.6961899,4.1304145,0.49668625,1.8860064,3.9652233,7.4892273
3,270,271.0,10.0,1.0,1.0,252.0,1.0,1.0,1.0,0.9999791,1.0,-0.0,0.0,-2.0908343e-05,-0.0,0.7579017,4.166265,0.4959213,4.558145,0.9547967,1.9615703,1.0,5.7563276,-1.0987642,0.7824074,156.3995,1.0,0.0,0.0,1.0,0.0,0,5.37534,0.0,0.0,5.3962827,3.6396084,6.2175946,0.62447584,0.6297249,0.0,6.9299483
0,271,272.0,10.0,1.0,1.0,253.0,1.0,1.0,1.0,0.9999639,1.0,-0.0,0.0,-3.6122892e-05,-0.0,0.48180148,3.4117937,0.7185899,0.9544878,0.5639999,3.2386165,1.0,7.348228,-3.9639127,0.7407407,168.68207,1.0,0.0,0.0,1.0,0.0,0,5.5980544,0.0,0.0,5.307531,3.32221,9.786104,0.7037821,0.4931466,2.828078,7.6701126
1,271,272.0,10.0,1.0,1.0,253.0,1.0,1.0,1.0,0.9999723,1.0,-0.0,0.0,-2.7731985e-05,-0.0,0.48145056,3.5619066,0.7171105,1.55365,0.7349424,2.6962724,1.0,6.9214954,-2.3360307,0.7314815,163.86601,1.0,0.0,0.0,1.0,0.0,0,5.607753,0.0,0.0,5.2341013,3.752426,8.809812,0.6504124,0.34069827,2.4463148,8.233154
2,271,272.0,10.0,1.0,1.0,253.0,1.0,1.0,1.0,0.99997264,1.0,-0.0,0.0,-2.7354341e-05,-0.0,0.42798555,3.7575562,0.6429874,1.3694261,0.73832494,2.6348994,1.0,5.8980403,-2.4953206,0.7361111,164.87479,1.0,0.0,0.0,1.0,0.0,0,5.090227,0.0,0.0,4.8056803,3.2899575,4.21892,0.8215279,1.854919,3.9931655,8.18826
3,271,272.0,10.0,1.0,1.0,253.0,1.0,1.0,1.0,0.999977,1.0,-0.0,0.0,-2.3009778e-05,-0.0,0.39741546,4.0061245,0.4853594,3.538692,0.9557846,1.9940221,1.0,5.8111596,-4.0273247,0.7824074,156.603,1.0,0.0,0.0,1.0,0.0,0,5.365285,0.0,0.0,5.298396,3.5472827,5.3669143,0.53390086,0.6265562,0.0,6.6861477
0,272,273.0,10.0,1.0,1.0,254.0,1.0,1.0,1.0,0.9999709,1.0,-0.0,0.0,-2.9064282e-05,-0.0,0.5955905,3.9148836,0.6736621,1.5616897,0.5686059,3.0962675,1.0,7.017553,-2.5383196,0.7407407,169.20616,1.0,0.0,0.0,1.0,0.0,0,5.701707,0.0,0.0,5.483217,3.6278033,10.741442,0.5185367,1.279419,3.2904112,7.575892
1,272,273.0,10.0,1.0,1.0,254.0,1.0,1.0,1.0,0.9999779,1.0,-0.0,0.0,-2.2128357e-05,-0.0,0.59301627,3.995619,0.69994974,2.2230628,0.74351007,2.575104,1.0,6.6527805,-1.8724315,0.7314815,164.32253,1.0,0.0,0.0,1.0,0.0,0,5.795218,0.0,0.0,5.5374002,4.004101,9.402572,0.4844992,0.91711086,2.7347102,8.179863
2,272,273.0,10.0,1.0,1.0,254.0,1.0,1.0,1.0,0.99997914,1.0,-0.0,0.0,-2.0867985e-05,-0.0,0.5219344,4.1494513,0.61309904,1.944739,0.74327105,2.584207,1.0,5.634333,-1.3550073,0.7361111,165.28923,1.0,0.0,0.0,1.0,0.0,0,5.301224,0.0,0.0,5.1292934,3.6584194,4.3776298,0.8422156,2.5303736,3.8710122,8.241083
3,272,273.0,10.0,1.0,1.0,254.0,1.0,1.0,1.0,0.9999802,1.0,-0.0,0.0,-1.9787429e-05,-0.0,0.5460214,4.379185,0.46608746,3.6888099,0.96079344,1.898302,1.0,5.680064,-1.1742599,0.7824074,157.00047,1.0,0.0,0.0,1.0,0.0,0,5.6761518,0.0,0.0,5.5787716,3.9109726,8.190293,0.71059114,1.0809704,0.0,6.559164
0,273,274.0,10.0,1.0,1.0,255.0,1.0,1.0,1.0,0.9999746,1.0,-0.0,0.0,-2.5394384e-05,-0.0,0.59088284,3.550478,0.7334909,1.0748242,0.5695374,3.1252058,1.0,7.452088,-2.0509017,0.7407407,169.57481,1.0,0.0,0.0,1.0,0.0,0,5.794455,0.0,0.0,5.6356015,3.5858274,9.969179,0.5951728,1.2607181,3.2515166,7.326045
1,273,274.0,10.0,1.0,1.0,255.0,1.0,1.0,1.0,0.99998,1.0,-0.0,0.0,-2.0053227e-05,-0.0,0.5869422,3.650779,0.732908,1.64754,0.7417474,2.66679,1.0,6.95305,-1.863731,0.7314815,164.66595,1.0,0.0,0.0,1.0,0.0,0,5.7623954,0.0,0.0,5.503201,3.9023762,9.339364,0.7139514,0.81237674,2.780302,8.028084
2,273,274.0,10.0,1.0,1.0,255.0,1.0,1.0,1.0,0.99998105,1.0,-0.0,0.0,-1.8981205e-05,-0.0,0.5141664,3.8673713,0.64084405,1.64754,0.7434356,2.6331162,1.0,5.8526344,-1.6244752,0.7361111,165.56764,1.0,0.0,0.0,1.0,0.0,0,5.206022,0.0,0.0,5.031122,3.5190513,4.1405535,0.89874595,2.4926841,4.0427804,7.9096217
3,273,274.0,10.0,1.0,1.0,255.0,1.0,1.0,1.0,0.9999799,1.0,-0.0,0.0,-2.0080666e-05,-0.0,0.53189766,4.034004,0.47812635,2.9090912,0.9606558,1.9358642,1.0,6.147363,-1.8822625,0.7824074,157.35529,1.0,0.0,0.0,1.0,0.0,0,5.843353,0.0,0.0,5.6241813,3.9859977,7.895725,0.75492615,0.990782,0.0,6.538409
0,274,275.0,10.0,1.0,1.0,256.0,1.0,1.0,1.0,0.9999837,1.0,-0.0,0.0,-1.6278758e-05,-0.0,0.60989296,3.8183386,0.6925867,1.1643096,0.5701072,3.0769935,1.0,7.308979,-1.9991891,0.7407407,169.90535,1.0,0.0,0.0,1.0,0.0,0,5.9803476,0.0,0.0,5.6030774,3.688176,10.430603,0.4047138,1.6408573,3.4532073,6.8340697
1,274,275.0,10.0,1.0,1.0,256.0,1.0,1.0,1.0,0.9999843,1.0,-0.0,0.0,-1.5655874e-05,-0.0,0.6247651,3.9140131,0.68651223,1.5081468,0.74493986,2.6241832,1.0,6.8512287,-0.9210389,0.7314815,164.98175,1.0,0.0,0.0,1.0,0.0,0,6.001903,0.0,0.0,5.603219,4.100832,9.474329,0.6118179,1.4399661,2.7547355,8.180623
2,274,275.0,10.0,1.0,1.0,256.0,1.0,1.0,1.0,0.9999893,1.0,-0.0,0.0,-1.0740719e-05,-0.0,0.51259327,4.0706263,0.59508395,1.8388197,0.7468084,2.570236,1.0,5.7322726,-1.2241788,0.7361111,165.82916,1.0,0.0,0.0,1.0,0.0,0,5.4031954,0.0,0.0,5.1672525,3.5825555,3.7887099,0.6937985,2.5614765,4.2509775,7.6739726
3,274,275.0,10.0,1.0,1.0,256.0,1.0,1.0,1.0,0.99998903,1.0,-0.0,0.0,-1.0983504e-05,-0.0,0.5219072,4.250887,0.4421773,3.1189377,0.9629395,1.8817366,1.0,6.058286,-1.1426545,0.7824074,157.62491,1.0,0.0,0.0,1.0,0.0,0,5.819735,0.0,0.0,5.5551524,4.016324,8.308859,0.5659821,1.1627992,0.0,6.372869
0,275,276.0,10.0,1.0,1.0,257.0,1.0,1.0,1.0,0.9999843,1.0,-0.0,0.0,-1.5701758e-05,-0.0,0.59776753,3.59242,0.7101347,1.3235036,0.57279223,3.043228,1.0,7.340186,-2.1533053,0.7407407,170.10861,1.0,0.0,0.0,1.0,0.0,0,5.685167,0.0,0.0,5.4307485,3.6076615,9.521681,0.72227246,1.6444542,3.8070312,6.7728276
1,275,276.0,10.0,1.0,1.0,257.0,1.0,1.0,1.0,0.9999867,1.0,-0.0,0.0,-1.3294333e-05,-0.0,0.59737676,3.7047923,0.71891457,1.5055494,0.74131775,2.7331796,1.0,6.9099803,-1.5530577,0.7314815,165.17778,1.0,0.0,0.0,1.0,0.0,0,5.679165,0.0,0.0,5.429303,3.98081,8.991962,0.65989715,1.3653839,2.4581437,8.417212
2,275,276.0,10.0,1.0,1.0,257.0,1.0,1.0,1.0,0.99998915,1.0,-0.0,0.0,-1.0847871e-05,-0.0,0.5219478,3.9253154,0.6146031,1.9735047,0.7494225,2.5950885,1.0,5.6801333,-1.4243107,0.7361111,165.94557,1.0,0.0,0.0,1.0,0.0,0,5.1373377,0.0,0.0,4.9663754,3.5164526,3.6356134,0.8473581,2.6719935,3.9455123,7.943002
3,275,276.0,10.0,1.0,1.0,257.0,1.0,1.0,1.0,0.99998516,1.0,-0.0,0.0,-1.48424415e-05,-0.0,0.52342045,4.097178,0.4818052,3.409123,0.9639591,1.908172,1.0,5.984351,-2.2617447,0.7824074,157.75043,1.0,0.0,0.0,1.0,0.0,0,5.4343667,0.0,0.0,5.3392315,3.8036072,7.781345,0.70190763,1.0845333,0.0,6.377252
0,276,277.0,10.0,1.0,1.0,258.0,1.0,1.0,1.0,0.99998814,1.0,-0.0,0.0,-1.1871844e-05,-0.0,0.7062625,3.8874779,0.72422886,1.2511512,0.57643527,2.9661148,1.0,7.651809,-0.22435468,0.7407407,170.58679,1.0,0.0,0.0,1.0,0.0,0,5.6181054,0.0,0.0,5.414266,3.1300404,9.860553,0.5594429,1.6045337,3.6584928,7.148027
1,276,277.0,10.0,1.0,1.0,258.0,1.0,1.0,1.0,0.99999064,1.0,-0.0,0.0,-9.36427e-06,-0.0,0.73427856,4.0084023,0.71274817,1.1723486,0.7494317,2.6146207,1.0,7.2070436,1.0800548,0.7314815,165.66116,1.0,0.0,0.0,1.0,0.0,0,5.8541374,0.0,0.0,5.11261,4.0350575,9.354473,0.54802966,1.5515995,2.8319192,7.9917536
2,276,277.0,10.0,1.0,1.0,258.0,1.0,1.0,1.0,0.9999926,1.0,-0.0,0.0,-7.399503e-06,-0.0,0.6273482,4.133483,0.5884556,1.3544844,0.75335056,2.594485,1.0,6.067049,1.0048877,0.7361111,166.34885,1.0,0.0,0.0,1.0,0.0,0,5.108279,0.0,0.0,4.9854684,2.752316,3.9019785,0.9133963,2.8644137,4.3061857,7.7368517
3,276,277.0,10.0,1.0,1.0,258.0,1.0,1.0,1.0,0.99999124,1.0,-0.0,0.0,-8.756587e-06,-0.0,0.59381986,4.362436,0.44469047,2.7985542,0.9674457,1.8667021,1.0,6.1561594,0.18042606,0.787037,158.2131,1.0,0.0,0.0,1.0,0.0,0,5.88023,0.0,0.0,5.143982,4.0163975,8.106319,0.7915102,1.1613703,0.0,6.610862
0,277,278.0,10.0,1.0,1.0,259.0,1.0,1.0,1.0,0.9999858,1.0,-0.0,0.0,-1.4180608e-05,-0.0,0.5675137,3.6742382,0.73171574,1.8405218,0.58138967,2.8812432,1.0,7.3926854,-3.1474233,0.7407407,170.73727,1.0,0.0,0.0,1.0,0.0,0,5.2647166,0.0,0.0,5.193752,3.4103835,9.176326,0.8250985,1.7765713,2.936991,6.8514466
1,277,278.0,10.0,1.0,1.0,259.0,1.0,1.0,1.0,0.99998903,1.0,-0.0,0.0,-1.099666e-05,-0.0,0.57251304,3.765389,0.7466551,1.8388197,0.7482989,2.6155186,1.0,6.9423504,-1.9831489,0.7314815,165.84294,1.0,0.0,0.0,1.0,0.0,0,5.445527,0.0,0.0,5.2542996,3.9984536,7.764469,0.5711966,1.4718754,2.9170532,7.589747
2,277,278.0,10.0,1.0,1.0,259.0,1.0,1.0,1.0,0.99999106,1.0,-0.0,0.0,-8.949389e-06,-0.0,0.47971123,3.969641,0.62126213,2.1409154,0.75323826,2.6011138,1.0,5.6326637,-1.9745212,0.7361111,166.44698,1.0,0.0,0.0,1.0,0.0,0,4.9412203,0.0,0.0,4.8347936,3.545269,4.190699,0.9179584,2.7439556,3.9704566,7.7787642
3,277,278.0,10.0,1.0,1.0,259.0,1.0,1.0,1.0,0.9999887,1.0,-0.0,0.0,-1.1321702e-05,-0.0,0.44876003,4.210424,0.5440372,4.4230328,0.96980065,1.8708905,1.0,5.884398,-3.474922,0.787037,158.30307,1.0,0.0,0.0,1.0,0.0,0,5.148063,0.0,0.0,5.012704,3.7799082,7.757588,0.7688152,1.1917856,0.0,6.1807384
0,278,279.0,10.0,1.0,1.0,260.0,1.0,1.0,1.0,0.9999892,1.0,-0.0,0.0,-1.0805651e-05,-0.0,0.64979607,4.09609,0.72191703,1.4851359,0.58436257,2.8588789,1.0,7.3288174,-1.4992002,0.7407407,171.29393,1.0,0.0,0.0,1.0,0.0,0,5.9429107,0.0,0.0,5.616799,3.649192,9.366885,0.86984193,2.0127373,1.7305671,6.946017
1,278,279.0,10.0,1.0,1.0,260.0,1.0,1.0,1.0,0.9999913,1.0,-0.0,0.0,-8.684128e-06,-0.0,0.65110624,4.2002583,0.7188933,1.8277192,0.75551647,2.5537379,1.0,6.777518,-0.020729378,0.7314815,166.42126,1.0,0.0,0.0,1.0,0.0,0,5.94292,0.0,0.0,5.58072,3.983683,8.222335,0.64857584,1.7261568,2.9630425,7.9265537
2,278,279.0,10.0,1.0,1.0,260.0,1.0,1.0,1.0,0.99999243,1.0,-0.0,0.0,-7.5840408e-06,-0.0,0.58959687,4.2916527,0.5964442,2.1452982,0.7580558,2.62627,1.0,5.577981,0.39331055,0.7361111,166.91548,1.0,0.0,0.0,1.0,0.0,0,5.391317,0.0,0.0,5.1392193,3.5461266,4.681367,1.0947863,2.8560295,4.434054,7.749605
3,278,279.0,10.0,1.0,1.0,260.0,1.0,1.0,1.0,0.999992,1.0,-0.0,0.0,-7.976573e-06,-0.0,0.54750776,4.4912877,0.4970891,4.0295935,0.9709534,1.9024206,1.0,5.7594934,-1.4118245,0.787037,158.72462,1.0,0.0,0.0,1.0,0.0,0,5.799506,0.0,0.0,5.532738,3.8194423,7.3635345,0.8325783,1.2223936,0.0,6.528306
0,279,280.0,10.0,1.0,1.0,261.0,1.0,1.0,1.0,0.9999849,1.0,-0.0,0.0,-1.5106172e-05,-0.0,0.58356893,3.6826556,0.7239119,1.5164279,0.58959395,2.7650692,1.0,7.4907465,-2.3148265,0.7407407,171.61835,1.0,0.0,0.0,1.0,0.0,0,6.0108695,0.0,0.0,5.6989346,3.8376603,8.714753,1.190501,1.8803201,1.369094,7.209365
1,279,280.0,10.0,1.0,1.0,261.0,1.0,1.0,1.0,0.9999879,1.0,-0.0,0.0,-1.2077671e-05,-0.0,0.58447236,3.7889016,0.7326252,1.9583757,0.7585111,2.568408,1.0,6.8468757,-1.7213198,0.7314815,166.74443,1.0,0.0,0.0,1.0,0.0,0,5.8817,0.0,0.0,5.542647,4.0508814,8.053274,0.912058,1.6997149,2.973293,8.05229
2,279,280.0,10.0,1.0,1.0,261.0,1.0,1.0,1.0,0.99998915,1.0,-0.0,0.0,-1.0829942e-05,-0.0,0.5192138,3.9343686,0.5902952,2.058152,0.75696504,2.6758738,1.0,5.699664,-0.89108574,0.7361111,167.18059,1.0,0.0,0.0,1.0,0.0,0,5.4186363,0.0,0.0,5.177427,3.6306164,3.970254,1.1619227,2.5465674,4.037962,8.136865
3,279,280.0,10.0,1.0,1.0,261.0,1.0,1.0,1.0,0.9999876,1.0,-0.0,0.0,-1.2372616e-05,-0.0,0.52149034,4.1502533,0.47901,3.4308672,0.9718322,1.9591748,1.0,5.964665,-1.148453,0.787037,158.99623,1.0,0.0,0.0,1.0,0.0,0,5.8876543,0.0,0.0,5.6708837,4.025752,7.464475,0.8675214,1.1178042,0.0,6.7750726
0,280,281.0,10.0,1.0,1.0,262.0,1.0,1.0,1.0,0.9999867,1.0,-0.0,0.0,-1.3311271e-05,-0.0,0.58209336,4.1833715,0.7346463,1.427631,0.5916075,2.7440407,1.0,7.8191385,-1.1962103,0.7407407,172.40671,1.0,0.0,0.0,1.0,0.0,0,6.4994097,0.0,0.0,6.279891,3.6592107,9.432827,0.9703256,1.9744178,1.192095,6.8760996
1,280,281.0,10.0,1.0,1.0,262.0,1.0,1.0,1.0,0.9999899,1.0,-0.0,0.0,-1.004945e-05,-0.0,0.5875863,4.2783947,0.73856306,1.5241504,0.7636099,2.5352802,1.0,7.1313534,-0.27942565,0.7314815,167.5071,1.0,0.0,0.0,1.0,0.0,0,6.323098,0.0,0.0,5.888237,4.1727567,8.427529,0.70062584,1.870781,3.114487,7.9827743
2,280,281.0,10.0,1.0,1.0,262.0,1.0,1.0,1.0,0.9999917,1.0,-0.0,0.0,-8.281715e-06,-0.0,0.5261563,4.362128,0.61017305,1.5455685,0.76095605,2.6933677,1.0,6.0898824,-0.1424225,0.7361111,167.87608,1.0,0.0,0.0,1.0,0.0,0,5.569742,0.0,0.0,5.6491895,3.2935917,4.605646,1.2598184,3.0562062,4.3397512,8.050802
3,280,281.0,10.0,1.0,1.0,262.0,1.0,1.0,1.0,0.9999913,1.0,-0.0,0.0,-8.727704e-06,-0.0,0.51052386,4.4988704,0.48342305,2.7963157,0.9733263,1.9503655,1.0,6.4003987,-0.7683709,0.787037,159.62029,1.0,0.0,0.0,1.0,0.0,0,6.1895704,0.0,0.0,5.888157,4.0487065,7.484735,0.76511925,1.2411242,0.0,6.688821
0,281,282.0,10.0,1.0,1.0,263.0,1.0,1.0,1.0,0.999975,1.0,-0.0,0.0,-2.4986286e-05,-0.0,0.5105689,4.0084496,0.72833925,2.1032932,0.5931526,2.7434702,1.0,7.6255,-2.5589027,0.7407407,172.44771,1.0,0.0,0.0,1.0,0.0,0,5.565281,0.0,0.0,5.308964,3.5819077,8.216323,1.1899999,1.6120826,1.1166486,7.2963643
1,281,282.0,10.0,1.0,1.0,263.0,1.0,1.0,1.0,0.9999805,1.0,-0.0,0.0,-1.9481979e-05,-0.0,0.522593,4.09421,0.75441074,1.8451936,0.76208615,2.6077259,1.0,7.0957785,-1.421027,0.7314815,167.5904,1.0,0.0,0.0,1.0,0.0,0,5.739897,0.0,0.0,5.4127936,4.0575624,7.514681,0.8217988,1.8606919,3.0028908,8.126768
2,281,282.0,10.0,1.0,1.0,263.0,1.0,1.0,1.0,0.9999831,1.0,-0.0,0.0,-1.6943219e-05,-0.0,0.46078414,4.221928,0.6205872,1.8587183,0.7596,2.7514477,1.0,5.990375,-1.2821611,0.7361111,167.9422,1.0,0.0,0.0,1.0,0.0,0,5.2149944,0.0,0.0,5.0000086,3.571433,3.8625922,1.2730854,2.673976,4.1396217,8.087436
3,281,282.0,10.0,1.0,1.0,263.0,1.0,1.0,1.0,0.9999871,1.0,-0.0,0.0,-1.289669e-05,-0.0,0.45093745,4.4576583,0.50388026,3.5428925,0.97418827,1.9885192,1.0,6.1681533,-2.157461,0.7916667,159.74821,1.0,0.0,0.0,1.0,0.0,0,5.433642,0.0,0.0,5.291032,3.8877096,7.2005153,0.89825416,1.1004246,0.0,6.443643
0,282,283.0,10.0,1.0,1.0,264.0,1.0,1.0,1.0,0.999982,1.0,-0.0,0.0,-1.7993061e-05,-0.0,0.5288724,4.3103685,0.7126641,1.8307143,0.5980412,2.6752887,1.0,7.5046706,-1.6397061,0.7453704,172.95453,1.0,0.0,0.0,1.0,0.0,0,6.1058435,0.0,0.0,5.68574,3.8362894,8.641349,1.2077543,1.9790424,0.0,6.747598
1,282,283.0,10.0,1.0,1.0,264.0,1.0,1.0,1.0,0.9999857,1.0,-0.0,0.0,-1.4279758e-05,-0.0,0.54431444,4.411351,0.7393243,1.846466,0.7685815,2.5561883,1.0,6.9588313,-0.62763876,0.7314815,168.12003,1.0,0.0,0.0,1.0,0.0,0,6.0673366,0.0,0.0,5.647343,4.165719,8.130213,0.77011997,2.1332328,3.427979,7.7166915
2,282,283.0,10.0,1.0,1.0,264.0,1.0,1.0,1.0,0.9999889,1.0,-0.0,0.0,-1.1070344e-05,-0.0,0.46074465,4.4824457,0.609153,1.9655567,0.7622163,2.7873435,1.0,5.8842316,-0.35113376,0.7361111,168.41281,1.0,0.0,0.0,1.0,0.0,0,5.447946,0.0,0.0,5.148454,3.6108315,4.29758,1.9149677,3.1292658,4.313595,8.507957
3,282,283.0,10.0,1.0,1.0,264.0,1.0,1.0,1.0,0.9999918,1.0,-0.0,0.0,-8.243128e-06,-0.0,0.44175312,4.642794,0.49901354,3.3943956,0.9764744,1.9735047,1.0,6.1384273,-1.0657758,0.7916667,160.13286,1.0,0.0,0.0,1.0,0.0,0,5.7720222,0.0,0.0,5.485518,4.0124335,7.419794,1.0531751,1.153199,0.0,6.5124016
0,283,284.0,10.0,1.0,1.0,265.0,1.0,1.0,1.0,0.9999765,1.0,-0.0,0.0,-2.3496787e-05,-0.0,0.6177649,3.9471202,0.76165205,1.897477,0.5971152,2.6956918,1.0,7.9640512,-1.195875,0.7453704,173.23524,1.0,0.0,0.0,1.0,0.0,0,6.3692794,0.0,0.0,6.0897813,3.9535255,7.9758267,1.2349777,1.5927037,0.0,6.735256
1,283,284.0,10.0,1.0,1.0,265.0,1.0,1.0,1.0,0.9999781,1.0,-0.0,0.0,-2.1875725e-05,-0.0,0.6284669,4.03063,0.7936521,2.0570104,0.76615864,2.6559079,1.0,7.416614,-0.66537035,0.7314815,168.407,1.0,0.0,0.0,1.0,0.0,0,6.342084,0.0,0.0,6.0398383,4.309209,7.5340147,1.0351145,2.0065694,3.077757,7.9550786
2,283,284.0,10.0,1.0,1.0,265.0,1.0,1.0,1.0,0.99998325,1.0,-0.0,0.0,-1.6754006e-05,-0.0,0.5658653,4.154655,0.64282596,1.9179915,0.7603955,2.8864002,1.0,6.2506866,-0.48810428,0.7361111,168.70221,1.0,0.0,0.0,1.0,0.0,0,6.0325823,0.0,0.0,5.8746824,3.5618207,3.5419326,2.305866,2.9577966,4.089204,8.642165
3,283,284.0,10.0,1.0,1.0,265.0,1.0,1.0,1.0,0.9999862,1.0,-0.0,0.0,-1.383126e-05,-0.0,0.56871027,4.368901,0.53047556,3.2875543,0.97698605,2.03828,1.0,6.5713086,-0.18810761,0.7916667,160.41153,1.0,0.0,0.0,1.0,0.0,0,6.2650523,0.0,0.0,6.058435,4.236589,6.85703,1.147524,1.1150045,0.0,6.5663486
0,284,285.0,10.0,1.0,1.0,266.0,1.0,1.0,1.0,0.9999873,1.0,-0.0,0.0,-1.2699095e-05,-0.0,0.52010083,4.2475386,0.7082464,1.4563985,0.5980314,2.6526637,1.0,7.820118,-0.60266817,0.7453704,173.7783,1.0,0.0,0.0,1.0,0.0,0,6.319261,0.0,0.0,5.784549,4.0254874,8.113048,1.2407832,1.7422025,0.0,6.551214
1,284,285.0,10.0,1.0,1.0,266.0,1.0,1.0,1.0,0.99998575,1.0,-0.0,0.0,-1.4244539e-05,-0.0,0.54792166,4.357074,0.7372076,1.4138583,0.7716228,2.6023173,1.0,7.322898,0.23244041,0.7314815,168.9689,1.0,0.0,0.0,1.0,0.0,0,6.3004293,0.0,0.0,5.680014,4.3638096,7.7447476,0.90105724,2.1770804,3.1609132,7.8081045
2,284,285.0,10.0,1.0,1.0,266.0,1.0,1.0,1.0,0.9999884,1.0,-0.0,0.0,-1.1623114e-05,-0.0,0.48352295,4.440537,0.6014897,1.3264571,0.76256275,2.9085531,1.0,6.377443,0.0944566,0.7361111,169.21623,1.0,0.0,0.0,1.0,0.0,0,5.582047,0.0,0.0,5.162496,3.7167547,4.1208234,2.256022,3.3427389,4.1419516,8.395289
3,284,285.0,10.0,1.0,1.0,266.0,1.0,1.0,1.0,0.99998987,1.0,-0.0,0.0,-1.0147004e-05,-0.0,0.45358688,4.5980372,0.48435503,3.0059605,0.9779218,2.05663,1.0,6.5058985,-0.8371845,0.7916667,160.8693,1.0,0.0,0.0,1.0,0.0,0,5.9552336,0.0,0.0,5.537964,4.213044,6.7738976,1.2453666,1.182205,0.0,6.5748906
0,285,286.0,10.0,1.0,1.0,267.0,1.0,1.0,1.0,0.9999877,1.0,-0.0,0.0,-1.2295085e-05,-0.0,0.4478317,4.3370147,0.74869454,2.076326,0.60181487,2.6375718,1.0,7.7493205,-1.8910868,0.7546296,174.10297,1.0,0.0,0.0,1.0,0.0,0,5.8123646,0.0,0.0,5.2689433,3.9198425,8.219634,1.3611088,1.8972085,0.0,6.4469876
1,285,286.0,10.0,1.0,1.0,267.0,1.0,1.0,1.0,0.9999856,1.0,-0.0,0.0,-1.4453622e-05,-0.0,0.5010858,4.350331,0.80230767,1.7922591,0.77406913,2.6452763,1.0,7.2735405,-0.7878272,0.7314815,169.1838,1.0,0.0,0.0,1.0,0.0,0,5.756522,0.0,0.0,5.2763853,4.282659,7.0872855,1.0797554,2.3675385,3.0105767,7.6512504
2,285,286.0,10.0,1.0,1.0,267.0,1.0,1.0,1.0,0.9999878,1.0,-0.0,0.0,-1.2203236e-05,-0.0,0.43962076,4.4448214,0.65324914,1.475619,0.76325554,2.9518294,1.0,6.253007,-0.8076718,0.7361111,169.44534,1.0,0.0,0.0,1.0,0.0,0,5.190998,0.0,0.0,5.0404887,3.5412638,3.602876,2.4337025,3.3897934,3.9251616,8.252695
3,285,286.0,10.0,1.0,1.0,267.0,1.0,1.0,1.0,0.9999895,1.0,-0.0,0.0,-1.05056415e-05,-0.0,0.37375167,4.7008505,0.5477802,3.5682113,0.9805108,2.075949,1.0,6.3386173,-1.3848878,0.7962963,161.20316,1.0,0.0,0.0,1.0,0.0,0,5.3721457,0.0,0.0,5.3419356,3.8055544,6.970482,1.2973717,1.3721656,0.0,6.3467593
0,286,287.0,10.0,1.0,1.0,268.0,1.0,1.0,1.0,0.9999898,1.0,-0.0,0.0,-1.0208379e-05,-0.0,0.62844867,4.113879,0.762696,2.3626862,0.6040149,2.6316297,1.0,8.164236,-0.35512075,0.7546296,174.52818,1.0,0.0,0.0,1.0,0.0,0,6.643569,0.0,0.0,6.412293,3.9418018,7.5839458,1.3814853,1.8649124,0.0,6.520095
1,286,287.0,10.0,1.0,1.0,268.0,1.0,1.0,1.0,0.9999921,1.0,-0.0,0.0,-7.920475e-06,-0.0,0.62427187,4.19293,0.8096841,2.2423449,0.7803585,2.6346023,1.0,7.63512,0.16585737,0.7314815,169.6485,1.0,0.0,0.0,1.0,0.0,0,6.7082677,0.0,0.0,6.394465,4.440108,7.215481,0.954335,2.2994616,3.0996492,7.561197
2,286,287.0,10.0,1.0,1.0,268.0,1.0,1.0,1.0,0.99999213,1.0,-0.0,0.0,-7.850259e-06,-0.0,0.6167758,4.2287307,0.63502455,1.5666935,0.7640406,3.0267212,1.0,6.5989137,1.2362338,0.7361111,169.90318,1.0,0.0,0.0,1.0,0.0,0,6.175149,0.0,0.0,6.237002,3.9528475,3.6930728,2.3131201,3.4359386,3.6978495,8.209536
3,286,287.0,10.0,1.0,1.0,268.0,1.0,1.0,1.0,0.99999094,1.0,-0.0,0.0,-9.035202e-06,-0.0,0.5352184,4.44244,0.559977,3.7070153,0.9826791,2.1255045,1.0,6.8385634,0.10386016,0.7962963,161.62172,1.0,0.0,0.0,1.0,0.0,0,6.6183667,0.0,0.0,6.392887,4.3537426,6.3493094,1.236132,1.2084024,0.0,6.4509416
0,287,288.0,10.0,1.0,1.0,269.0,1.0,1.0,1.0,0.9999821,1.0,-0.0,0.0,-1.7890372e-05,-0.0,0.6199967,4.2332315,0.7347255,1.5914772,0.6067856,2.557413,1.0,8.37862,1.2519108,0.7546296,174.86632,1.0,0.0,0.0,1.0,0.0,0,6.514923,0.0,0.0,6.00927,4.069449,7.7260637,1.7565877,1.9649991,0.0,6.9767647
1,287,288.0,10.0,1.0,1.0,269.0,1.0,1.0,1.0,0.99999017,1.0,-0.0,0.0,-9.842066e-06,-0.0,0.59022605,4.3123226,0.7759763,1.4358312,0.78259873,2.6363842,1.0,7.7435184,1.4181677,0.7314815,169.98564,1.0,0.0,0.0,1.0,0.0,0,6.3046923,0.0,0.0,5.6615524,4.4209375,7.3528633,1.0843872,2.1914263,3.0853386,7.73666
2,287,288.0,10.0,1.0,1.0,269.0,1.0,1.0,1.0,0.9999886,1.0,-0.0,0.0,-1.1402018e-05,-0.0,0.60383904,4.3102136,0.60416806,1.3452067,0.762216,3.0318892,1.0,7.2138457,2.370445,0.7361111,170.2006,1.0,0.0,0.0,1.0,0.0,0,5.583522,0.0,0.0,5.4210496,3.6530151,3.3554027,2.4498281,3.4146981,3.822164,8.410934
3,287,288.0,10.0,1.0,1.0,269.0,1.0,1.0,1.0,0.99998826,1.0,-0.0,0.0,-1.1749293e-05,-0.0,0.48095322,4.5857077,0.47221828,2.8462563,0.9840366,2.169245,1.0,6.903931,0.2653338,0.7962963,161.9857,1.0,0.0,0.0,1.0,0.0,0,5.9499955,0.0,0.0,5.7767615,4.601328,6.986047,1.4288478,1.2670463,0.0,6.549153
0,288,289.0,10.0,1.0,1.0,270.0,1.0,1.0,1.0,0.9999863,1.0,-0.0,0.0,-1.372777e-05,-0.0,0.4890427,4.352514,0.76581055,1.6245761,0.6066947,2.5476003,1.0,8.205664,-0.22438633,0.7546296,175.19655,1.0,0.0,0.0,1.0,0.0,0,6.0569835,0.0,0.0,5.4863954,4.1351786,7.6127853,1.6182964,2.1793647,0.0,6.5863295
1,288,289.0,10.0,1.0,1.0,270.0,1.0,1.0,1.0,0.9999906,1.0,-0.0,0.0,-9.397537e-06,-0.0,0.49408263,4.3749766,0.82390606,1.5676925,0.7833633,2.6635594,1.0,7.6360965,0.23572055,0.7314815,170.2522,1.0,0.0,0.0,1.0,0.0,0,5.7743335,0.0,0.0,5.577453,4.1341743,6.9606204,1.0719757,2.273688,3.059726,7.426075
2,288,289.0,10.0,1.0,1.0,270.0,1.0,1.0,1.0,0.99999034,1.0,-0.0,0.0,-9.665562e-06,-0.0,0.49340576,4.395477,0.6443225,0.95694476,0.76341873,3.068587,1.0,7.0868983,1.1050767,0.7361111,170.49023,1.0,0.0,0.0,1.0,0.0,0,5.464377,0.0,0.0,5.148674,3.6765733,3.6885788,2.5060666,3.8099325,3.634075,8.359271
3,288,289.0,10.0,1.0,1.0,270.0,1.0,1.0,1.0,0.9999892,1.0,-0.0,0.0,-1.0775546e-05,-0.0,0.30416846,4.695125,0.55325234,3.4791267,0.9849017,2.2195392,1.0,6.5887423,-1.3575693,0.7962963,162.30156,1.0,0.0,0.0,1.0,0.0,0,5.358857,0.0,0.0,5.1275716,3.9653146,6.3373218,1.6245823,1.6440092,0.0,6.5329947
0,289,290.0,10.0,1.0,1.0,271.0,1.0,1.0,1.0,0.999986,1.0,-0.0,0.0,-1.3993397e-05,-0.0,0.6113477,4.128611,0.7895548,2.7653522,0.60716885,2.6092262,1.0,8.419138,0.07455889,0.7546296,175.6256,1.0,0.0,0.0,1.0,0.0,0,6.466574,0.0,0.0,6.463739,3.7847636,7.3169703,1.818736,2.2617457,0.0,6.3317084
1,289,290.0,10.0,1.0,1.0,271.0,1.0,1.0,1.0,0.99998957,1.0,-0.0,0.0,-1.04051405e-05,-0.0,0.6389711,4.1499934,0.84521306,2.4399393,0.7860207,2.709016,1.0,7.8521304,1.1044023,0.7314815,170.67438,1.0,0.0,0.0,1.0,0.0,0,6.7420774,0.0,0.0,6.465755,4.474117,6.8510203,1.0569578,2.2926853,2.9175694,7.521655
2,289,290.0,10.0,1.0,1.0,271.0,1.0,1.0,1.0,0.99999034,1.0,-0.0,0.0,-9.681445e-06,-0.0,0.6644633,4.1297665,0.66703314,1.0527514,0.7644049,3.103338,1.0,7.1371827,2.2861893,0.7361111,170.89018,1.0,0.0,0.0,1.0,0.0,0,6.1743197,0.0,0.0,6.148717,4.077184,3.3426163,2.549022,3.7799947,3.6455894,8.096092
3,289,290.0,10.0,1.0,1.0,271.0,1.0,1.0,1.0,0.99998736,1.0,-0.0,0.0,-1.2610745e-05,-0.0,0.50850624,4.4211335,0.58207965,4.238282,0.98783493,2.2597308,1.0,6.9093556,-0.054431148,0.7962963,162.72969,1.0,0.0,0.0,1.0,0.0,0,6.523434,0.0,0.0,6.36612,4.381792,6.203927,1.3791218,1.4666252,0.0,6.403974
0,290,291.0,10.0,1.0,1.0,272.0,1.0,1.0,1.0,0.9999827,1.0,-0.0,0.0,-1.727355e-05,-0.0,0.5640682,4.2186303,0.74292135,1.7068087,0.60652566,2.6417232,1.0,8.520371,0.97119063,0.7546296,175.90096,1.0,0.0,0.0,1.0,0.0,0,6.621598,0.0,0.0,5.947881,4.240968,7.4022074,1.3872128,2.3491452,0.0,6.49763
1,290,291.0,10.0,1.0,1.0,272.0,1.0,1.0,1.0,0.99998754,1.0,-0.0,0.0,-1.2434138e-05,-0.0,0.5902741,4.2460403,0.790326,1.4867162,0.78843606,2.7265844,1.0,8.02414,2.0635948,0.7314815,170.95361,1.0,0.0,0.0,1.0,0.0,0,6.5184317,0.0,0.0,5.858801,4.5597043,7.171936,1.1794864,2.2208169,3.0637045,7.685159
2,290,291.0,10.0,1.0,1.0,272.0,1.0,1.0,1.0,0.99998707,1.0,-0.0,0.0,-1.2932084e-05,-0.0,0.62033796,4.200247,0.65079236,1.8515455,0.7626265,3.116678,1.0,8.005427,2.9430547,0.7361111,171.14151,1.0,0.0,0.0,1.0,0.0,0,5.9714413,0.0,0.0,5.5255003,4.1789384,3.1960886,2.9984715,3.5321734,3.7873528,8.397477
3,290,291.0,10.0,1.0,1.0,272.0,1.0,1.0,1.0,0.9999841,1.0,-0.0,0.0,-1.5892516e-05,-0.0,0.506692,4.4824343,0.4684604,2.684635,0.9876061,2.3273041,1.0,7.0848217,1.2165709,0.7962963,162.97212,1.0,0.0,0.0,1.0,0.0,0,5.341181,0.0,0.0,5.9547095,5.135949,6.170851,1.4935884,1.3368353,0.0,6.465758
0,291,292.0,10.0,1.0,1.0,273.0,1.0,1.0,1.0,0.9999883,1.0,-0.0,0.0,-1.1709674e-05,-0.0,0.40991753,4.355434,0.7836825,1.9208459,0.6067111,2.6585588,1.0,8.276496,-0.7863995,0.7546296,176.21094,1.0,0.0,0.0,1.0,0.0,0,5.9045367,0.0,0.0,5.539152,3.9315856,7.259965,1.8245761,2.6730866,0.0,6.4324665
1,291,292.0,10.0,1.0,1.0,273.0,1.0,1.0,1.0,0.9999903,1.0,-0.0,0.0,-9.7132715e-06,-0.0,0.4651826,4.3451896,0.84384817,1.5988374,0.78983104,2.7483165,1.0,7.8553786,0.7146243,0.7361111,171.22227,1.0,0.0,0.0,1.0,0.0,0,5.760759,0.0,0.0,5.551894,4.1620207,6.905049,1.3574846,2.4816086,2.9736369,7.4323163
2,291,292.0,10.0,1.0,1.0,273.0,1.0,1.0,1.0,0.9999898,1.0,-0.0,0.0,-1.0176275e-05,-0.0,0.483441,4.3360105,0.710749,1.1336552,0.76114416,3.136956,1.0,7.701253,1.5827185,0.7361111,171.4428,1.0,0.0,0.0,1.0,0.0,0,5.5220613,0.0,0.0,5.176286,4.0539126,2.85833,3.1766427,3.8564184,3.714707,8.508558
3,291,292.0,10.0,1.0,1.0,273.0,1.0,1.0,1.0,0.99998873,1.0,-0.0,0.0,-1.1236151e-05,-0.0,0.28292537,4.637208,0.5567436,3.2720408,0.9894575,2.3772182,1.0,6.739328,-1.4352957,0.7962963,163.29659,1.0,0.0,0.0,1.0,0.0,0,5.2826023,0.0,0.0,5.0392466,3.8667903,6.269026,1.7026875,1.7798501,0.0,6.4968834
0,292,293.0,10.0,1.0,1.0,274.0,1.0,1.0,1.0,0.9999849,1.0,-0.0,0.0,-1.50754895e-05,-0.0,0.53894407,4.0871406,0.8013166,3.132211,0.60764825,2.7508783,1.0,8.458072,-0.91932994,0.7546296,176.5574,1.0,0.0,0.0,1.0,0.0,0,6.563138,0.0,0.0,6.3923926,4.1291666,7.1070065,1.7684907,2.6355715,0.0,6.1000834
1,292,293.0,10.0,1.0,1.0,274.0,1.0,1.0,1.0,0.99998957,1.0,-0.0,0.0,-1.0411763e-05,-0.0,0.56730473,4.1197867,0.85667384,2.699174,0.792782,2.7988338,1.0,7.9018183,1.0837475,0.7361111,171.57852,1.0,0.0,0.0,1.0,0.0,0,6.7717953,0.0,0.0,6.4967413,4.49234,6.682782,1.316143,2.47542,2.891408,7.377164
2,292,293.0,10.0,1.0,1.0,274.0,1.0,1.0,1.0,0.9999879,1.0,-0.0,0.0,-1.2093403e-05,-0.0,0.5884849,4.064457,0.72373086,1.077733,0.76298404,3.173179,1.0,7.5011916,1.9625797,0.7361111,171.76328,1.0,0.0,0.0,1.0,0.0,0,6.5107985,0.0,0.0,6.3305955,4.488912,2.8741274,3.2723114,4.1230326,3.8212624,8.391693
3,292,293.0,10.0,1.0,1.0,274.0,1.0,1.0,1.0,0.99998415,1.0,-0.0,0.0,-1.5840169e-05,-0.0,0.46978965,4.3462963,0.59098184,4.5044117,0.99083453,2.4572017,1.0,6.8748918,-0.7126247,0.7962963,163.66962,1.0,0.0,0.0,1.0,0.0,0,6.488897,0.0,0.0,6.265069,4.796865,5.223018,1.5495832,1.6908067,0.0,5.9624004
0,293,294.0,10.0,1.0,1.0,275.0,1.0,1.0,1.0,0.9999809,1.0,-0.0,0.0,-1.9071482e-05,-0.0,0.6005809,4.115433,0.75979006,1.7751452,0.60650694,2.7797508,1.0,8.731989,1.7249472,0.7546296,176.77495,1.0,0.0,0.0,1.0,0.0,0,6.9403467,0.0,0.0,6.081104,4.5569167,7.15239,2.0999413,2.0511906,0.0,6.648679
1,293,294.0,10.0,1.0,1.0,275.0,1.0,1.0,1.0,0.9999876,1.0,-0.0,0.0,-1.2389823e-05,-0.0,0.5479548,4.1726756,0.7957315,1.515395,0.79502815,2.81473,1.0,8.073703,1.5970869,0.7361111,171.79921,1.0,0.0,0.0,1.0,0.0,0,6.6233635,0.0,0.0,5.9238725,4.5945926,6.885269,1.2919608,2.3125563,3.0126085,7.57882
2,293,294.0,10.0,1.0,1.0,275.0,1.0,1.0,1.0,0.9999872,1.0,-0.0,0.0,-1.2809894e-05,-0.0,0.5524054,4.13424,0.68566173,1.6827936,0.76044863,3.2272365,1.0,8.194242,2.2386508,0.7361111,171.99509,1.0,0.0,0.0,1.0,0.0,0,6.3286114,0.0,0.0,5.820922,4.471248,2.685948,3.353428,3.596531,3.7895174,8.618773
3,293,294.0,10.0,1.0,1.0,275.0,1.0,1.0,1.0,0.9999826,1.0,-0.0,0.0,-1.7379387e-05,-0.0,0.49034393,4.332299,0.4378812,2.8252778,0.9916253,2.5392907,1.0,7.0265484,1.4895117,0.7962963,163.82117,1.0,0.0,0.0,1.0,0.0,0,5.386015,0.0,0.0,5.8019867,5.3389587,6.3153443,1.5973161,1.5758013,0.0,6.544905
0,294,295.0,10.0,1.0,1.0,276.0,1.0,1.0,1.0,0.9999867,1.0,-0.0,0.0,-1.3314048e-05,-0.0,0.44672564,4.202661,0.7910155,1.710931,0.6036548,2.8294306,1.0,8.581902,0.09551365,0.7592593,177.02295,1.0,0.0,0.0,1.0,0.0,0,6.3594565,0.0,0.0,5.70476,4.450139,6.89108,2.1430736,2.5723042,0.0,6.3171034
1,294,295.0,10.0,1.0,1.0,276.0,1.0,1.0,1.0,0.9999905,1.0,-0.0,0.0,-9.495748e-06,-0.0,0.40987656,4.2329097,0.8485051,1.6226479,0.79596543,2.8462563,1.0,7.9334035,0.6470801,0.7361111,172.02756,1.0,0.0,0.0,1.0,0.0,0,5.8113165,0.0,0.0,5.5637145,4.2138624,6.413767,1.3777759,2.6312847,3.0583344,7.434448
2,294,295.0,10.0,1.0,1.0,276.0,1.0,1.0,1.0,0.9999897,1.0,-0.0,0.0,-1.0308241e-05,-0.0,0.377208,4.2162538,0.7389953,0.93460035,0.7579695,3.2789712,1.0,7.7764235,0.8049654,0.7407407,172.24211,1.0,0.0,0.0,1.0,0.0,0,5.630227,0.0,0.0,5.1668277,4.3504324,2.16312,2.634535,3.582969,3.4642847,8.275873
3,294,295.0,10.0,1.0,1.0,276.0,1.0,1.0,1.0,0.9999891,1.0,-0.0,0.0,-1.0924418e-05,-0.0,0.22619776,4.4838367,0.520888,3.441574,0.9937073,2.5999098,1.0,6.63173,-1.9857166,0.7962963,164.13048,1.0,0.0,0.0,1.0,0.0,0,5.180394,0.0,0.0,4.8696175,4.005064,6.547875,1.9427204,2.1252046,0.0,6.488127
0,295,296.0,10.0,1.0,1.0,277.0,1.0,1.0,1.0,0.99998677,1.0,-0.0,0.0,-1.3234501e-05,-0.0,0.5175557,4.059308,0.7969424,3.010124,0.6045053,2.874171,1.0,8.486907,-1.081529,0.7592593,177.29309,1.0,0.0,0.0,1.0,0.0,0,6.627781,0.0,0.0,6.6041527,4.143204,7.1944723,2.180945,2.751983,0.0,6.0439367
1,295,296.0,10.0,1.0,1.0,277.0,1.0,1.0,1.0,0.9999898,1.0,-0.0,0.0,-1.0211728e-05,-0.0,0.5143914,4.075978,0.8651126,2.867081,0.7973875,2.9275987,1.0,7.8909554,0.16696471,0.7361111,172.27592,1.0,0.0,0.0,1.0,0.0,0,6.7471333,0.0,0.0,6.3605003,4.6075625,6.4059725,1.4621546,2.7755508,2.982104,7.385216
2,295,296.0,10.0,1.0,1.0,277.0,1.0,1.0,1.0,0.9999899,1.0,-0.0,0.0,-1.0094187e-05,-0.0,0.44914,4.049026,0.7417546,1.6869744,0.75693923,3.2789712,1.0,7.4221935,0.8903481,0.7407407,172.48944,1.0,0.0,0.0,1.0,0.0,0,6.60542,0.0,0.0,6.1654215,4.666776,1.9687021,2.996525,3.7575471,3.6829221,8.400425
3,295,296.0,10.0,1.0,1.0,277.0,1.0,1.0,1.0,0.9999842,1.0,-0.0,0.0,-1.5790032e-05,-0.0,0.38888603,4.257517,0.58921605,4.8518376,0.9957762,2.6609132,1.0,6.8521447,-2.0467796,0.7962963,164.36554,1.0,0.0,0.0,1.0,0.0,0,6.4876175,0.0,0.0,7.0967073,4.284563,6.0265293,1.7046413,1.9062006,0.0,6.262492
0,296,297.0,10.0,1.0,1.0,278.0,1.0,1.0,1.0,0.9999835,1.0,-0.0,0.0,-1.6527989e-05,-0.0,0.6871715,3.688511,0.7546612,1.7569741,0.59844273,2.9724417,1.0,8.707435,2.3715124,0.7592593,177.59128,1.0,0.0,0.0,1.0,0.0,0,6.9420133,0.0,0.0,5.9898863,4.6867156,6.704893,2.5704021,2.1001544,0.0,6.3290834
1,296,297.0,10.0,1.0,1.0,278.0,1.0,1.0,1.0,0.999987,1.0,-0.0,0.0,-1.29721475e-05,-0.0,0.6893676,3.72332,0.80627614,1.4750884,0.79754406,2.9900334,1.0,8.134942,2.8522758,0.7361111,172.54059,1.0,0.0,0.0,1.0,0.0,0,6.705914,0.0,0.0,5.94073,4.5352607,6.193404,1.4217806,2.7305894,3.0913656,7.5281157
2,296,297.0,10.0,1.0,1.0,278.0,1.0,1.0,1.0,0.99998987,1.0,-0.0,0.0,-1.01578735e-05,-0.0,0.6181624,3.709654,0.69652987,1.2335106,0.7522385,3.3371825,1.0,7.9890304,2.6253712,0.7407407,172.74854,1.0,0.0,0.0,1.0,0.0,0,6.500261,0.0,0.0,5.729455,4.5732355,1.6226773,3.2535222,3.3807683,3.660928,8.5116005
3,296,297.0,10.0,1.0,1.0,278.0,1.0,1.0,1.0,0.99998134,1.0,-0.0,0.0,-1.866826e-05,-0.0,0.6591711,3.908142,0.44295472,2.8429542,0.9953921,2.7545753,1.0,7.0248165,3.0696244,0.7962963,164.63419,1.0,0.0,0.0,1.0,0.0,0,5.219793,0.0,0.0,5.9589415,5.344715,6.1538877,1.7292429,1.6099067,0.0,6.6396847
0,297,298.0,10.0,1.0,1.0,279.0,1.0,1.0,1.0,0.99998957,1.0,-0.0,0.0,-1.0418358e-05,-0.0,0.21396242,4.279504,0.7796695,1.7896367,0.5980474,2.950238,1.0,8.414473,-2.1626735,0.7592593,178.33203,1.0,0.0,0.0,1.0,0.0,0,6.303588,0.0,0.0,5.621178,4.441356,6.6682177,2.9013531,2.6411493,0.0,6.6407137
1,297,298.0,10.0,1.0,1.0,279.0,1.0,1.0,1.0,0.9999917,1.0,-0.0,0.0,-8.274574e-06,-0.0,0.26763415,4.2648425,0.8331289,1.4846088,0.79919875,3.0023127,1.0,7.960871,-0.5915426,0.7453704,173.23193,1.0,0.0,0.0,1.0,0.0,0,6.0706034,0.0,0.0,5.5259304,4.4516344,5.9868116,1.3852721,3.1521866,3.0165384,7.440634
2,297,298.0,10.0,1.0,1.0,279.0,1.0,1.0,1.0,0.99999195,1.0,-0.0,0.0,-8.046294e-06,-0.0,0.20703636,4.243557,0.74822843,0.8686248,0.7493705,3.3390582,1.0,7.774935,-0.8401871,0.7453704,173.43097,1.0,0.0,0.0,1.0,0.0,0,5.8611083,0.0,0.0,5.354491,4.4073863,1.719174,2.1980562,3.2222226,3.4334972,8.351191
3,297,298.0,10.0,1.0,1.0,279.0,1.0,1.0,1.0,0.999989,1.0,-0.0,0.0,-1.1009588e-05,-0.0,0.08340627,4.475887,0.50106853,3.2908862,0.996322,2.7921135,1.0,6.7076797,-3.2555916,0.7962963,165.352,1.0,0.0,0.0,1.0,0.0,0,5.336463,0.0,0.0,5.051937,3.9909048,5.620593,1.9894042,2.025248,0.0,6.6474214
0,298,299.0,10.0,1.0,1.0,280.0,1.0,1.0,1.0,0.9999817,1.0,-0.0,0.0,-1.8303155e-05,-0.0,0.610413,3.707395,0.81183034,3.5309408,0.5916399,3.1541266,1.0,8.352799,-1.1319304,0.7592593,178.76427,1.0,0.0,0.0,1.0,0.0,0,6.2230396,0.0,0.0,6.2268233,4.0524716,5.997716,2.5992765,2.543971,0.0,5.893701
1,298,299.0,10.0,1.0,1.0,280.0,1.0,1.0,1.0,0.9999867,1.0,-0.0,0.0,-1.330586e-05,-0.0,0.6614048,3.7085063,0.85605484,3.0295649,0.8001912,3.1030858,1.0,7.8458276,1.075388,0.7453704,173.65038,1.0,0.0,0.0,1.0,0.0,0,6.596372,0.0,0.0,6.272156,4.9193807,5.850986,1.4136093,3.1054108,2.899094,7.3187165
2,298,299.0,10.0,1.0,1.0,280.0,1.0,1.0,1.0,0.9999876,1.0,-0.0,0.0,-1.2404344e-05,-0.0,0.59538895,3.6791704,0.7497263,1.8833996,0.7470193,3.3638167,1.0,7.3331265,2.0852377,0.7453704,173.85342,1.0,0.0,0.0,1.0,0.0,0,6.550941,0.0,0.0,6.1903462,4.784372,0.5876496,2.4546466,3.176699,3.4737656,8.203673
3,298,299.0,10.0,1.0,1.0,280.0,1.0,1.0,1.0,0.9973466,1.0,-0.0,0.0,-1.791776e-05,-0.0026354783,0.54024684,3.9387007,0.59578466,5.1581283,0.9991419,2.8618891,0.0,6.7968206,-1.1161072,0.7962963,165.75076,1.0,0.0,0.0,1.0,0.0,0,6.3203382,0.0,0.0,6.178321,4.406088,5.3844895,1.944544,2.06129,0.0,6.080069
0,299,300.0,10.0,1.0,1.0,281.0,1.0,1.0,1.0,0.9999808,1.0,-0.0,0.0,-1.9183184e-05,-0.0,0.42864048,3.9718602,0.7520188,1.8169816,0.59554845,3.098289,1.0,8.822962,0.5460819,0.7592593,179.17941,1.0,0.0,0.0,1.0,0.0,0,7.2870784,0.0,0.0,6.0858955,4.88056,6.7245984,2.9219322,1.876989,0.0,6.8887997
1,299,300.0,10.0,1.0,1.0,281.0,1.0,1.0,1.0,0.9999858,1.0,-0.0,0.0,-1.4169425e-05,-0.0,0.33696258,4.0288353,0.7899722,1.4088671,0.8028713,3.13396,1.0,8.121488,0.16388577,0.7453704,174.11084,1.0,0.0,0.0,1.0,0.0,0,6.657444,0.0,0.0,5.844635,4.6259775,6.0943127,1.4237306,2.3964987,3.104481,7.799476
2,299,300.0,10.0,1.0,1.0,281.0,1.0,1.0,1.0,0.99998784,1.0,-0.0,0.0,-1.2162088e-05,-0.0,0.27758554,4.0144486,0.6858254,1.2832693,0.73778033,3.345382,1.0,8.013491,-0.07320102,0.7453704,174.32562,1.0,0.0,0.0,1.0,0.0,0,6.648224,0.0,0.0,5.8568826,4.7084394,0.8340983,2.150581,2.6312785,3.5343244,8.436244
3,299,300.0,10.0,1.0,1.0,281.0,1.0,1.0,1.0,0.99998045,1.0,-0.0,0.0,-1.9564712e-05,-0.0,0.30212104,4.1804147,0.42868623,2.900468,0.9980043,2.9597743,1.0,7.01663,-0.24124327,0.7962963,166.1404,1.0,0.0,0.0,1.0,0.0,0,5.340741,0.0,0.0,5.9039288,5.502785,5.619036,2.5124183,1.8141787,0.0,7.564465
0,300,301.0,10.0,1.0,1.0,282.0,1.0,1.0,1.0,0.99998724,1.0,-0.0,0.0,-1.2769186e-05,-0.0,0.5904741,3.6831472,0.7703832,1.6673738,0.5916853,3.1677473,1.0,8.607039,1.3752328,0.7592593,179.41696,1.0,0.0,0.0,1.0,0.0,0,6.462275,0.0,0.0,5.778513,4.6023417,6.3573017,3.159622,2.2820837,0.0,6.3640447
1,300,301.0,10.0,1.0,1.0,282.0,1.0,1.0,1.0,0.9999906,1.0,-0.0,0.0,-9.406721e-06,-0.0,0.54823196,3.7248838,0.81983876,1.4639031,0.80104786,3.2175195,1.0,7.8470783,1.6135583,0.7453704,174.35744,1.0,0.0,0.0,1.0,0.0,0,5.9726195,0.0,0.0,5.453387,4.500081,5.603458,1.4277977,2.777857,2.888429,7.3018413
2,300,301.0,10.0,1.0,1.0,282.0,1.0,1.0,1.0,0.9999907,1.0,-0.0,0.0,-9.279719e-06,-0.0,0.47965682,3.728276,0.7290079,0.6726005,0.7346482,3.3093877,1.0,7.6425447,1.6054846,0.7453704,174.58086,1.0,0.0,0.0,1.0,0.0,0,5.880289,0.0,0.0,5.468233,4.4467907,0.7001141,2.232784,2.8893435,3.6955106,8.329001
3,300,301.0,10.0,1.0,1.0,282.0,1.0,1.0,1.0,0.99998844,1.0,-0.0,0.0,-1.1535006e-05,-0.0,0.3953669,3.976724,0.4969616,3.485421,0.9995781,3.0393672,1.0,6.670209,-0.95941776,0.7962963,166.30685,1.0,0.0,0.0,1.0,0.0,0,5.4407783,0.0,0.0,5.139827,4.0487943,5.807645,2.1497421,2.153595,0.0,6.666707
0,301,302.0,10.0,1.0,1.0,283.0,1.0,1.0,1.0,0.9999895,1.0,-0.0,0.0,-1.0507266e-05,-0.0,0.00349693,3.9233525,0.7553636,2.1122057,0.5905255,3.2607772,1.0,8.163707,-5.576509,0.7592593,179.77325,1.0,0.0,0.0,1.0,0.0,0,6.2148857,0.0,0.0,5.6097546,3.9813654,6.136937,2.675557,2.3277144,0.0,6.136152
1,301,302.0,10.0,1.0,1.0,283.0,1.0,1.0,1.0,0.9999914,1.0,-0.0,0.0,-8.6014215e-06,-0.0,0.077862665,3.905893,0.8095201,1.5870446,0.8027521,3.2854106,1.0,7.7413635,-3.2301984,0.7453704,174.6523,1.0,0.0,0.0,1.0,0.0,0,6.158482,0.0,0.0,5.5897884,4.3930025,5.7502666,1.5073476,2.6407092,2.938873,7.6031036
2,301,302.0,10.0,1.0,1.0,283.0,1.0,1.0,1.0,0.9999915,1.0,-0.0,0.0,-8.53119e-06,-0.0,0.017543323,3.927394,0.7109093,0.6852814,0.73240346,3.3327224,1.0,7.4514813,-2.7553225,0.7453704,174.8978,1.0,0.0,0.0,1.0,0.0,0,6.092865,0.0,0.0,5.5631933,4.389596,1.1533381,1.8990921,2.723153,3.6316319,8.310883
3,301,302.0,10.0,1.0,1.0,283.0,1.0,1.0,1.0,0.9998027,1.0,-0.0,0.0,-1.3750866e-05,-0.0001835404,0.0066617504,4.091199,0.5053412,3.6465495,1.0014683,3.116427,0.0,6.6838965,-5.1751256,0.7962963,166.54587,1.0,0.0,0.0,1.0,0.0,0,5.8477407,0.0,0.0,5.4400706,4.096296,5.819052,2.3868155,2.1501923,0.0,6.952964
0,302,303.0,10.0,1.0,1.0,284.0,1.0,1.0,1.0,0.9999834,1.0,-0.0,0.0,-1.6637867e-05,-0.0,0.5812384,3.7718215,0.78713626,3.8736856,0.5892562,3.4160044,1.0,8.031232,-1.6598431,0.7592593,179.83134,1.0,0.0,0.0,1.0,0.0,0,6.0341825,0.0,0.0,6.2918644,3.8838224,6.1419086,2.435941,2.2348664,0.0,6.036999
1,302,303.0,10.0,1.0,1.0,284.0,1.0,1.0,1.0,0.9999906,1.0,-0.0,0.0,-9.419719e-06,-0.0,0.6091058,3.7779384,0.8300581,3.508255,0.80530906,3.3334272,1.0,7.523917,0.20702648,0.7453704,174.7563,1.0,0.0,0.0,1.0,0.0,0,6.622512,0.0,0.0,6.539238,4.8117967,5.721599,1.2760382,2.5853066,3.0383484,7.3089466
2,302,303.0,10.0,1.0,1.0,284.0,1.0,1.0,1.0,0.9999905,1.0,-0.0,0.0,-9.476639e-06,-0.0,0.5383905,3.7532072,0.7284615,2.6694305,0.7345817,3.3530948,1.0,7.089417,0.91089404,0.7453704,174.99881,1.0,0.0,0.0,1.0,0.0,0,6.66443,0.0,0.0,6.119716,4.756494,1.1479013,2.11222,2.7458518,3.6770658,8.263954
3,302,303.0,10.0,1.0,1.0,284.0,1.0,1.0,1.0,0.9996308,1.0,-0.0,0.0,-1.1813797e-05,-0.00035739504,0.6431527,3.9625087,0.5328386,4.5328264,1.0028591,3.1647804,0.0,6.687504,0.5233968,0.7962963,166.59282,1.0,0.0,0.0,1.0,0.0,0,6.614914,0.0,0.0,6.582044,4.7575383,5.8264565,2.139546,1.7753174,0.0,6.7355895
0,303,304.0,10.0,1.0,1.0,285.0,1.0,1.0,1.0,0.9999748,1.0,-0.0,0.0,-2.5201434e-05,-0.0,0.5235076,3.5791495,0.7605272,2.2046778,0.5888127,3.3987744,1.0,9.12772,1.752899,0.7592593,180.2358,1.0,0.0,0.0,1.0,0.0,0,7.294447,0.0,0.0,6.0679646,4.7364774,5.9133115,3.2050743,1.7219236,0.0,6.9895315
1,303,304.0,10.0,1.0,1.0,285.0,1.0,1.0,1.0,0.99998045,1.0,-0.0,0.0,-1.9577936e-05,-0.0,0.3486432,3.6137483,0.7741747,1.2000616,0.8017745,3.460175,1.0,8.063604,0.19258353,0.7453704,175.08968,1.0,0.0,0.0,1.0,0.0,0,6.6857767,0.0,0.0,5.823212,4.653155,5.950065,1.2674098,0.0,2.784379,8.00889
2,303,304.0,10.0,1.0,1.0,285.0,1.0,1.0,1.0,0.99998474,1.0,-0.0,0.0,-1.527323e-05,-0.0,0.30752087,3.6550732,0.6828017,1.2850978,0.7303385,3.4547415,1.0,8.043469,0.14506839,0.7453704,175.28908,1.0,0.0,0.0,1.0,0.0,0,6.566379,0.0,0.0,5.881968,4.514715,1.2762367,1.8970646,1.9283134,3.7244139,8.202512
3,303,304.0,10.0,1.0,1.0,285.0,1.0,1.0,1.0,0.9999634,1.0,-0.0,0.0,-2.2768494e-05,-1.3841782e-05,0.305029,3.8289871,0.431963,2.682593,1.0001107,3.2837424,0.0,7.220832,-0.6558923,0.7962963,166.90666,1.0,0.0,0.0,1.0,0.0,0,4.3976917,0.0,0.0,5.7598286,5.148387,5.763225,2.0797906,1.472108,0.0,7.3000846
0,304,305.0,10.0,1.0,1.0,286.0,1.0,1.0,1.0,0.9999847,1.0,-0.0,0.0,-1.530006e-05,-0.0,0.6943587,3.5739255,0.7516836,1.8687975,0.5876408,3.3911653,1.0,8.89024,3.1104732,0.7592593,180.31125,1.0,0.0,0.0,1.0,0.0,0,6.615775,0.0,0.0,5.9257917,4.706231,5.670248,3.0749037,1.5438088,0.0,6.7615347
1,304,305.0,10.0,1.0,1.0,286.0,1.0,1.0,1.0,0.999987,1.0,-0.0,0.0,-1.2981934e-05,-0.0,0.5864095,3.6253703,0.7811257,1.2429922,0.80576444,3.4114182,1.0,7.9534945,2.2083716,0.7453704,175.18022,1.0,0.0,0.0,1.0,0.0,0,6.2376823,0.0,0.0,5.6950636,4.684696,6.222187,1.3999768,1.9382933,2.8808894,7.623254
2,304,305.0,10.0,1.0,1.0,286.0,1.0,1.0,1.0,0.9999898,1.0,-0.0,0.0,-1.0189543e-05,-0.0,0.55959225,3.6326602,0.6917331,0.96427786,0.7305339,3.443848,1.0,7.8512297,2.5951917,0.7453704,175.35605,1.0,0.0,0.0,1.0,0.0,0,6.0995054,0.0,0.0,5.624646,4.615821,1.5143332,1.7363092,2.1509337,3.5209513,8.311521
3,304,305.0,10.0,1.0,1.0,286.0,1.0,1.0,1.0,0.99961185,1.0,-0.0,0.0,-1.3263315e-05,-0.00037483405,0.380826,3.9555855,0.49701524,3.7864113,1.0029986,3.3032322,0.0,6.593027,-1.5756907,0.7962963,167.11847,1.0,0.0,0.0,1.0,0.0,0,5.4734497,0.0,0.0,4.983568,4.1994286,5.940496,2.072825,2.2244503,0.0,6.6689334
0,305,306.0,10.0,1.0,1.0,287.0,1.0,1.0,1.0,0.99998885,1.0,-0.0,0.0,-1.1164119e-05,-0.0,0.08500628,3.6322877,0.7358645,1.7241467,0.58565944,3.4637933,1.0,8.256591,-4.5663147,0.7592593,180.44193,1.0,0.0,0.0,1.0,0.0,0,6.3216615,0.0,0.0,5.660173,4.289735,5.523685,2.4568317,1.6643271,0.0,6.1675715
1,305,306.0,10.0,1.0,1.0,287.0,1.0,1.0,1.0,0.99998856,1.0,-0.0,0.0,-1.1463238e-05,-0.0,0.116418675,3.5814383,0.7875611,1.4021846,0.8049991,3.4831746,1.0,7.841774,-3.1300998,0.7453704,175.30412,1.0,0.0,0.0,1.0,0.0,0,6.1540074,0.0,0.0,5.5893574,4.4423413,5.9990034,1.3605484,2.1024804,2.7509103,7.6665926
2,305,306.0,10.0,1.0,1.0,287.0,1.0,1.0,1.0,0.99998975,1.0,-0.0,0.0,-1.027972e-05,-0.0,0.120411254,3.6014304,0.6859584,0.7671891,0.73117137,3.4890127,1.0,7.6724534,-1.9331799,0.7453704,175.47008,1.0,0.0,0.0,1.0,0.0,0,6.2038155,0.0,0.0,5.5960364,4.528105,1.322547,1.9501188,2.0766835,3.8121734,8.668065
3,305,306.0,10.0,1.0,1.0,287.0,1.0,1.0,1.0,0.99946856,1.0,-0.0,0.0,-1.8777768e-05,-0.0005126465,0.0010022894,3.7886176,0.51445246,3.6525552,1.0041012,3.4024575,0.0,6.700395,-5.6749406,0.7962963,167.37001,1.0,0.0,0.0,1.0,0.0,0,5.811324,0.0,0.0,5.369312,4.1003222,5.5236,2.2191596,1.8863177,0.0,7.1376896
0,306,307.0,10.0,1.0,1.0,288.0,1.0,1.0,1.0,0.99998415,1.0,-0.0,0.0,-1.587114e-05,-0.0,0.47072992,3.7891197,0.771581,3.8863966,0.5842725,3.5820062,1.0,7.8751435,-2.8632944,0.7592593,180.6549,1.0,0.0,0.0,1.0,0.0,0,5.9952188,0.0,0.0,5.87587,4.013558,5.757613,2.1384087,1.8532802,0.0,6.3831286
1,306,307.0,10.0,1.0,1.0,288.0,1.0,1.0,1.0,0.9999886,1.0,-0.0,0.0,-1.1388796e-05,-0.0,0.5330447,3.753929,0.78259695,3.5064692,0.81096226,3.4556475,1.0,7.40454,-0.54109377,0.7453704,175.57007,1.0,0.0,0.0,1.0,0.0,0,6.966338,0.0,0.0,6.582153,5.1861954,6.0056257,0.98163146,2.058696,2.7186537,7.386115
2,306,307.0,10.0,1.0,1.0,288.0,1.0,1.0,1.0,0.9999906,1.0,-0.0,0.0,-9.417492e-06,-0.0,0.5204868,3.7278123,0.6949102,2.4866505,0.73374975,3.4851964,1.0,7.087009,0.7875161,0.7453704,175.6685,1.0,0.0,0.0,1.0,0.0,0,6.267961,0.0,0.0,5.9998975,4.7351203,1.7021329,1.4213135,1.98739,3.5969129,8.372052
3,306,307.0,10.0,1.0,1.0,288.0,1.0,1.0,1.0,0.9993792,1.0,-0.0,0.0,-1.4454522e-05,-0.0006063143,0.64835364,3.9389086,0.5032246,4.409915,1.0048505,3.4461203,0.0,6.455308,0.72113705,0.7962963,167.58575,1.0,0.0,0.0,1.0,0.0,0,6.013401,0.0,0.0,6.1525693,4.6948857,4.7355766,1.7244768,1.6675711,0.0,6.3846264
0,307,308.0,10.0,1.0,1.0,289.0,1.0,1.0,1.0,0.99997365,1.0,-0.0,0.0,-2.6371521e-05,-0.0,0.66608226,3.287765,0.7384069,1.5556637,0.5776197,3.7049031,1.0,8.596491,1.7267885,0.7592593,181.20085,1.0,0.0,0.0,1.0,0.0,0,7.1667175,0.0,0.0,6.1331615,4.745626,5.286359,2.9765887,1.3511153,0.0,6.923632
1,307,308.0,10.0,1.0,1.0,289.0,1.0,1.0,1.0,0.99998486,1.0,-0.0,0.0,-1.5139364e-05,-0.0,0.54134613,3.3064735,0.6993494,1.64754,0.8100572,3.568431,1.0,7.6897006,0.8469345,0.7453704,176.00171,1.0,0.0,0.0,1.0,0.0,0,6.730978,0.0,0.0,5.906247,4.5217156,5.7452474,1.3248575,1.4708539,2.8651981,7.8195305
2,307,308.0,10.0,1.0,1.0,289.0,1.0,1.0,1.0,0.9999844,1.0,-0.0,0.0,-1.5627205e-05,-0.0,0.5805593,3.3269453,0.6626007,1.000137,0.7313603,3.5636015,1.0,7.805748,2.6937509,0.7453704,176.07268,1.0,0.0,0.0,1.0,0.0,0,6.3076763,0.0,0.0,5.5768194,4.5666647,1.4229585,1.5155795,1.297176,3.7230563,8.27779
3,307,308.0,10.0,1.0,1.0,289.0,1.0,1.0,1.0,0.9996696,1.0,-0.0,0.0,-2.7794276e-05,-0.00030259835,0.61694753,3.464616,0.4207319,2.786501,1.0024208,3.5693083,0.0,7.0908275,1.889688,0.7962963,168.07831,1.0,0.0,0.0,1.0,0.0,0,3.8351555,0.0,0.0,5.9290733,5.2808065,5.1898246,1.8686225,1.4711198,0.0,7.035395
0,308,309.0,10.0,1.0,1.0,290.0,1.0,1.0,1.0,0.99998194,1.0,-0.0,0.0,-1.8052822e-05,-0.0,0.21720342,3.5817463,0.71824634,1.5621908,0.5796292,3.6911438,1.0,8.4160595,-2.553529,0.7592593,181.51796,1.0,0.0,0.0,1.0,0.0,0,6.723425,0.0,0.0,5.94344,4.715076,6.0274734,2.6537461,1.3714827,0.0,6.942429
1,308,309.0,10.0,1.0,1.0,290.0,1.0,1.0,1.0,0.99999064,1.0,-0.0,0.0,-9.362158e-06,-0.0,0.12215618,3.5778005,0.6864424,2.024408,0.8123173,3.5521603,1.0,7.4689727,-3.3490946,0.7453704,176.29724,1.0,0.0,0.0,1.0,0.0,0,6.284056,0.0,0.0,5.7027183,4.4881787,6.1196647,1.3251008,1.8145989,2.7617633,7.993244
2,308,309.0,10.0,1.0,1.0,290.0,1.0,1.0,1.0,0.99998873,1.0,-0.0,0.0,-1.1251072e-05,-0.0,0.19564256,3.5809727,0.6525217,1.0791845,0.73033166,3.5618439,1.0,7.766524,-0.9225989,0.7453704,176.36514,1.0,0.0,0.0,1.0,0.0,0,6.308173,0.0,0.0,5.7379527,4.643593,1.5402029,1.5505443,1.4281354,3.564811,8.682148
3,308,309.0,10.0,1.0,1.0,290.0,1.0,1.0,1.0,0.9996033,1.0,-0.0,0.0,-1.3762308e-05,-0.00038297148,0.056411885,3.892498,0.4606439,3.828559,1.0030638,3.547309,0.0,6.454579,-4.686714,0.7962963,168.5181,1.0,0.0,0.0,1.0,0.0,0,5.2115836,0.0,0.0,5.4151053,4.268742,5.680713,1.9914016,2.2165997,0.0,6.857794
0,309,310.0,10.0,1.0,1.0,291.0,1.0,1.0,1.0,0.9999836,1.0,-0.0,0.0,-1.6373911e-05,-0.0,0.31033045,3.5233073,0.73855084,2.3676503,0.5780629,3.7987952,1.0,7.880402,-3.7194667,0.7592593,181.61612,1.0,0.0,0.0,1.0,0.0,0,6.013252,0.0,0.0,5.5327597,4.004298,5.642088,2.3039215,1.7705593,0.0,6.249152
1,309,310.0,10.0,1.0,1.0,291.0,1.0,1.0,1.0,0.99998444,1.0,-0.0,0.0,-1.5554413e-05,-0.0,0.32665843,3.4519427,0.7166934,2.670603,0.81410605,3.6289036,1.0,7.2431316,-2.398408,0.7453704,176.43561,1.0,0.0,0.0,1.0,0.0,0,6.0994563,0.0,0.0,5.5714006,4.2819915,5.918833,1.1080925,1.9386439,2.5969265,7.7479024
2,309,310.0,10.0,1.0,1.0,291.0,1.0,1.0,1.0,0.9999882,1.0,-0.0,0.0,-1.1776037e-05,-0.0,0.39321816,3.4708068,0.6690665,0.96589977,0.733216,3.57982,1.0,7.4655037,0.63043183,0.7453704,176.48065,1.0,0.0,0.0,1.0,0.0,0,6.07267,0.0,0.0,5.5313854,4.4433494,1.5591167,1.5884864,1.4080094,3.746434,8.489105
3,309,310.0,10.0,1.0,1.0,291.0,1.0,1.0,1.0,0.9993078,1.0,-0.0,0.0,-2.063455e-05,-0.00067158835,0.31506532,3.6819403,0.50559574,4.078833,1.0053726,3.6055307,0.0,6.477233,-3.0598147,0.7962963,168.74643,1.0,0.0,0.0,1.0,0.0,0,5.2540307,0.0,0.0,5.5822086,4.2871556,5.123995,1.6718262,1.9318098,0.0,6.5405545
0,310,311.0,10.0,1.0,1.0,292.0,1.0,1.0,1.0,0.9999892,1.0,-0.0,0.0,-1.0770665e-05,-0.0,0.2726458,3.5061452,0.71503574,2.3470638,0.5762122,3.9060867,1.0,7.8040123,-4.127129,0.7592593,181.6733,1.0,0.0,0.0,1.0,0.0,0,6.5186663,0.0,0.0,5.8677607,4.229143,5.668808,2.3748965,1.7765377,0.0,6.57073
1,310,311.0,10.0,1.0,1.0,292.0,1.0,1.0,1.0,0.99999154,1.0,-0.0,0.0,-8.483567e-06,-0.0,0.29222593,3.48716,0.6857815,2.5035906,0.8157409,3.666673,1.0,7.169407,-2.461112,0.7453704,176.48456,1.0,0.0,0.0,1.0,0.0,0,6.413319,0.0,0.0,5.809236,4.3738194,5.871088,1.2566302,1.8057619,2.6421294,8.016769
2,310,311.0,10.0,1.0,1.0,292.0,1.0,1.0,1.0,0.9999923,1.0,-0.0,0.0,-7.661529e-06,-0.0,0.28412676,3.466988,0.64258647,1.2423623,0.7345028,3.5990117,1.0,7.3473735,-0.70474577,0.7453704,176.54056,1.0,0.0,0.0,1.0,0.0,0,6.330955,0.0,0.0,5.6989183,4.5087733,1.5933924,1.5286459,1.3566347,3.7320068,8.593309
3,310,311.0,10.0,1.0,1.0,292.0,1.0,1.0,1.0,0.99910736,1.0,-0.0,0.0,-1.1140677e-05,-0.0008814968,0.35773778,3.6917899,0.44462094,3.4059067,1.007052,3.6420386,0.0,6.6257834,-1.6878871,0.7962963,168.7654,1.0,0.0,0.0,1.0,0.0,0,4.402735,0.0,0.0,5.9474964,5.0627604,5.5798116,1.8768756,1.6263672,0.0,7.060524
0,311,312.0,10.0,1.0,1.0,293.0,1.0,1.0,1.0,0.9999906,1.0,-0.0,0.0,-9.3978915e-06,-0.0,0.5278945,3.7433407,0.7358908,2.524141,0.57602644,3.9728553,1.0,7.6155863,-1.6557863,0.7592593,181.92137,1.0,0.0,0.0,1.0,0.0,0,6.2825885,0.0,0.0,5.8811526,4.3234196,5.6692944,2.585854,1.6119127,0.0,6.6018043
1,311,312.0,10.0,1.0,1.0,293.0,1.0,1.0,1.0,0.9999933,1.0,-0.0,0.0,-6.6597895e-06,-0.0,0.44418573,3.711562,0.699638,3.4470286,0.81822246,3.6996167,1.0,6.909441,-1.5827855,0.7453704,176.67755,1.0,0.0,0.0,1.0,0.0,0,6.500565,0.0,0.0,5.695838,4.8205433,6.0571322,1.1631402,1.9026452,2.650602,8.081625
2,311,312.0,10.0,1.0,1.0,293.0,1.0,1.0,1.0,0.99999267,1.0,-0.0,0.0,-7.3358387e-06,-0.0,0.41701084,3.7547,0.6683161,2.3333504,0.73692733,3.6198323,1.0,6.934095,-0.3750315,0.7453704,176.78746,1.0,0.0,0.0,1.0,0.0,0,6.0433016,0.0,0.0,5.717082,4.3621593,1.8284719,1.4026066,1.4462595,3.593963,8.606307
3,311,312.0,10.0,1.0,1.0,293.0,1.0,1.0,1.0,0.9991688,1.0,-0.0,0.0,-8.434627e-06,-0.00082273036,0.48101842,3.9227467,0.5077789,4.1978216,1.0065818,3.7097595,0.0,6.4301076,-1.4525977,0.7962963,168.98534,1.0,0.0,0.0,1.0,0.0,0,5.102134,0.0,0.0,5.9243884,4.3697424,4.9415436,1.8974252,1.8729404,0.0,6.64296
0,312,313.0,10.0,1.0,1.0,294.0,1.0,1.0,1.0,0.9999775,1.0,-0.0,0.0,-2.247805e-05,-0.0,0.51869565,3.0630975,0.71788025,1.3756989,0.5715369,4.0140224,1.0,8.34819,-0.06846804,0.7592593,182.74963,1.0,0.0,0.0,1.0,0.0,0,7.108837,0.0,0.0,6.1617208,4.6994915,4.7756004,2.8589761,1.4359605,0.0,7.153634
1,312,313.0,10.0,1.0,1.0,294.0,1.0,1.0,1.0,0.99998564,1.0,-0.0,0.0,-1.4369311e-05,-0.0,0.42150542,3.0615609,0.63886166,1.9334368,0.8146721,3.8446782,1.0,7.1123466,-0.72309095,0.7453704,177.44116,1.0,0.0,0.0,1.0,0.0,0,6.711591,0.0,0.0,5.753969,4.612722,5.7215934,1.3392307,1.8326373,2.4598873,8.471255
2,312,313.0,10.0,1.0,1.0,294.0,1.0,1.0,1.0,0.9999868,1.0,-0.0,0.0,-1.3171207e-05,-0.0,0.38027242,3.124992,0.63550645,1.1021488,0.7354319,3.6943233,1.0,7.467817,-0.36059135,0.7453704,177.55594,1.0,0.0,0.0,1.0,0.0,0,6.6600556,0.0,0.0,5.9007726,4.5571203,1.5547092,1.5145924,1.1229018,3.6713119,8.904349
3,312,313.0,10.0,1.0,1.0,294.0,1.0,1.0,1.0,0.9992298,1.0,-0.0,0.0,-1.4326654e-05,-0.0007559196,0.3735829,3.3535295,0.4528966,3.2581356,1.0060474,3.75256,0.0,6.6704445,-1.7457632,0.7962963,169.68642,1.0,0.0,0.0,1.0,0.0,0,3.9919443,0.0,0.0,5.9333143,4.983758,4.9775686,1.9173981,1.8070383,0.0,7.1072326
0,313,314.0,10.0,1.0,1.0,295.0,1.0,1.0,1.0,0.999988,1.0,-0.0,0.0,-1.1958981e-05,-0.0,0.47524458,3.6253736,0.6852168,1.5231229,0.57557654,3.9876063,1.0,7.905618,-0.81894267,0.7592593,183.28079,1.0,0.0,0.0,1.0,0.0,0,6.6123476,0.0,0.0,5.8858027,4.6380854,5.9279857,2.7359726,1.8953943,0.0,7.0497274
1,313,314.0,10.0,1.0,1.0,295.0,1.0,1.0,1.0,0.9999899,1.0,-0.0,0.0,-1.00966345e-05,-0.0,0.47824198,3.5792005,0.61309177,1.9762793,0.8190145,3.796734,1.0,7.025738,0.5529011,0.7453704,177.88104,1.0,0.0,0.0,1.0,0.0,0,6.4026175,0.0,0.0,5.752404,4.420435,6.0772,1.0883621,1.9374192,2.6640792,8.290704
2,313,314.0,10.0,1.0,1.0,295.0,1.0,1.0,1.0,0.99999017,1.0,-0.0,0.0,-9.853912e-06,-0.0,0.45703763,3.5747528,0.6196912,1.221395,0.73787,3.675416,1.0,7.438172,1.364762,0.7453704,177.93991,1.0,0.0,0.0,1.0,0.0,0,6.3788447,0.0,0.0,5.7537694,4.6088376,1.9222221,1.3329414,1.4536103,3.6086502,8.924596
3,313,314.0,10.0,1.0,1.0,295.0,1.0,1.0,1.0,0.99884665,1.0,-0.0,0.0,-9.627177e-06,-0.0011437223,0.33696032,3.8636355,0.4676019,3.7979708,1.0091498,3.7167168,0.0,6.4009504,-2.2164109,0.7962963,170.13849,1.0,0.0,0.0,1.0,0.0,0,4.60629,0.0,0.0,5.682864,4.5502357,5.4901586,1.8456585,2.1113093,0.0,6.9356785
0,314,315.0,10.0,1.0,1.0,296.0,1.0,1.0,1.0,0.99998844,1.0,-0.0,0.0,-1.1534461e-05,-0.0,0.4142266,3.0818396,0.71255517,2.3640108,0.57460356,4.0771055,1.0,7.5861,-3.1469903,0.7592593,183.967,1.0,0.0,0.0,1.0,0.0,0,6.054924,0.0,0.0,5.5537167,3.986878,5.647218,2.4064655,2.0862584,0.0,6.546616
1,314,315.0,10.0,1.0,1.0,296.0,1.0,1.0,1.0,0.99998957,1.0,-0.0,0.0,-1.04174205e-05,-0.0,0.49908608,2.9786415,0.6328038,2.065365,0.8174372,3.8499687,1.0,7.0194817,-0.24625194,0.7453704,178.6229,1.0,0.0,0.0,1.0,0.0,0,6.223145,0.0,0.0,5.6067505,4.2981324,5.447247,1.161018,2.082085,2.6970363,8.177579
2,314,315.0,10.0,1.0,1.0,296.0,1.0,1.0,1.0,0.9999901,1.0,-0.0,0.0,-9.882888e-06,-0.0,0.49425736,3.0287738,0.637884,1.1521457,0.73722446,3.7049031,1.0,7.3719544,0.65908486,0.7453704,178.63991,1.0,0.0,0.0,1.0,0.0,0,6.256688,0.0,0.0,5.6523495,4.4874325,1.5457495,1.3384616,1.4281383,3.553243,8.730447
3,314,315.0,10.0,1.0,1.0,296.0,1.0,1.0,1.0,0.99907994,1.0,-0.0,0.0,-1.0689411e-05,-0.0009093899,0.42160004,3.287131,0.4926678,3.881761,1.0072751,3.7756448,0.0,6.447648,-2.232815,0.7962963,170.87071,1.0,0.0,0.0,1.0,0.0,0,4.660899,0.0,0.0,5.7596955,4.5160975,4.7090125,2.310706,2.2380404,0.0,6.936602
0,315,316.0,10.0,1.0,1.0,297.0,1.0,1.0,1.0,0.9999883,1.0,-0.0,0.0,-1.1662921e-05,-0.0,0.5280871,3.2851837,0.688902,2.0493863,0.5772151,4.097408,1.0,7.4786606,-1.2290803,0.7592593,184.14598,1.0,0.0,0.0,1.0,0.0,0,6.5704045,0.0,0.0,5.9139104,4.2677464,5.665181,2.453389,2.2900271,0.0,6.719926
1,315,316.0,10.0,1.0,1.0,297.0,1.0,1.0,1.0,0.9999908,1.0,-0.0,0.0,-9.184361e-06,-0.0,0.51257277,3.2503114,0.61444515,2.1986341,0.82123995,3.7685888,1.0,6.842148,0.35570377,0.7453704,178.86862,1.0,0.0,0.0,1.0,0.0,0,6.3230305,0.0,0.0,5.656082,4.3028398,5.803366,0.9576383,2.0434315,2.7717137,8.119121
2,315,316.0,10.0,1.0,1.0,297.0,1.0,1.0,1.0,0.99999213,1.0,-0.0,0.0,-7.867913e-06,-0.0,0.4811656,3.226259,0.6142315,1.348113,0.7401298,3.6749904,1.0,7.1882915,0.6707031,0.7453704,178.85635,1.0,0.0,0.0,1.0,0.0,0,6.3642097,0.0,0.0,5.694699,4.489399,1.8363711,1.2213231,1.6518704,3.457321,8.927697
3,315,316.0,10.0,1.0,1.0,297.0,1.0,1.0,1.0,0.9988661,1.0,-0.0,0.0,-8.270902e-06,-0.0011256547,0.46958476,3.4574568,0.4582876,3.588556,1.0090052,3.7481766,0.0,6.3920918,-0.8999081,0.7962963,171.03311,1.0,0.0,0.0,1.0,0.0,0,4.277071,0.0,0.0,5.885317,4.8283777,4.764051,2.1952088,2.3346436,0.0,7.025953
0,316,317.0,10.0,1.0,1.0,298.0,1.0,1.0,1.0,0.99998623,1.0,-0.0,0.0,-1.3739719e-05,-0.0,0.556536,3.0419316,0.711842,1.4526316,0.575415,4.1580977,1.0,7.6310573,-0.6951438,0.7592593,184.589,1.0,0.0,0.0,1.0,0.0,0,6.5039244,0.0,0.0,5.9133368,4.379075,5.5140834,2.5813339,2.1101742,0.0,6.737469
1,316,317.0,10.0,1.0,1.0,298.0,1.0,1.0,1.0,0.99999064,1.0,-0.0,0.0,-9.36136e-06,-0.0,0.4615519,3.0138636,0.6400183,2.2944486,0.8211473,3.7917824,1.0,6.753892,-1.1884785,0.7453704,179.2869,1.0,0.0,0.0,1.0,0.0,0,6.1462216,0.0,0.0,5.4951496,4.2221756,5.601843,1.2087804,2.0421598,2.7644787,8.217473
2,316,317.0,10.0,1.0,1.0,298.0,1.0,1.0,1.0,0.99999255,1.0,-0.0,0.0,-7.4648556e-06,-0.0,0.4700575,3.0797892,0.63204926,1.4429003,0.7400451,3.708071,1.0,7.0064187,0.0052042305,0.7453704,179.19247,1.0,0.0,0.0,1.0,0.0,0,6.2318387,0.0,0.0,5.605877,4.434562,1.8911868,1.1327609,1.7474481,3.336915,8.968151
3,316,317.0,10.0,1.0,1.0,298.0,1.0,1.0,1.0,0.99876297,1.0,-0.0,0.0,-9.929084e-06,-0.0012270524,0.46857223,3.3007762,0.48243952,3.6692343,1.0098164,3.6636834,0.0,6.3624525,-1.359961,0.7962963,171.38028,1.0,0.0,0.0,1.0,0.0,0,4.446033,0.0,0.0,5.6174517,4.598555,4.1092296,1.4916074,0.0,0.0,6.6999474
0,317,318.0,10.0,1.0,1.0,299.0,1.0,1.0,1.0,0.99999154,1.0,-0.0,0.0,-8.470966e-06,-0.0,0.3488723,3.3669884,0.71004945,1.2411015,0.5758329,4.189421,1.0,7.427638,-2.0407653,0.7592593,184.94629,1.0,0.0,0.0,1.0,0.0,0,6.229063,0.0,0.0,5.3201547,4.4457626,5.6889668,2.4431424,2.2951658,0.0,6.972405
1,317,318.0,10.0,1.0,1.0,299.0,1.0,1.0,1.0,0.99999267,1.0,-0.0,0.0,-7.3432916e-06,-0.0,0.32789037,3.3464808,0.59921044,2.0950902,0.8235475,3.738976,1.0,6.4389753,-1.8909266,0.7453704,179.61969,1.0,0.0,0.0,1.0,0.0,0,6.1051674,0.0,0.0,5.2547703,4.3019123,4.8639727,1.0682899,2.0794058,1.6679087,7.907873
2,317,318.0,10.0,1.0,1.0,299.0,1.0,1.0,1.0,0.99999404,1.0,-0.0,0.0,-5.970135e-06,-0.0,0.3055215,3.3304882,0.61691135,1.2691635,0.74009395,3.7021554,1.0,6.9122796,-1.2780242,0.7453704,179.52559,1.0,0.0,0.0,1.0,0.0,0,5.961501,0.0,0.0,5.125814,4.478362,2.1399732,1.3743913,1.8717041,3.4155672,8.939362
3,317,318.0,10.0,1.0,1.0,299.0,1.0,1.0,1.0,0.9986316,1.0,-0.0,0.0,-7.1668574e-06,-0.001361256,0.22679903,3.5468693,0.45423886,3.5282795,1.01089,3.5682113,0.0,6.095996,-3.1213062,0.7962963,171.69885,1.0,0.0,0.0,1.0,0.0,0,4.1513433,0.0,0.0,5.212366,4.5426817,4.722306,1.8559945,2.2537248,0.0,6.9836736
0,318,319.0,10.0,1.0,1.0,300.0,1.0,1.0,1.0,0.9999919,1.0,-0.0,0.0,-8.081871e-06,-0.0,0.33252016,3.2632551,0.76309645,2.2472262,0.57636356,4.2449265,1.0,7.187172,-3.6547828,0.7592593,185.13208,1.0,0.0,0.0,1.0,0.0,0,5.9828496,0.0,0.0,5.6438355,4.05244,5.6592627,2.099269,2.5452526,0.0,6.5483427
1,318,319.0,10.0,1.0,1.0,300.0,1.0,1.0,1.0,0.9999921,1.0,-0.0,0.0,-7.954183e-06,-0.0,0.34141207,3.1657186,0.66368616,2.3467302,0.829997,3.6989822,1.0,6.453212,-2.722726,0.7453704,179.92082,1.0,0.0,0.0,1.0,0.0,0,5.9908624,0.0,0.0,5.433614,4.246712,5.367652,1.2975882,2.1681533,1.835315,7.9278903
2,318,319.0,10.0,1.0,1.0,300.0,1.0,1.0,1.0,0.99999416,1.0,-0.0,0.0,-5.842228e-06,-0.0,0.32962784,3.2277,0.66055816,1.5516334,0.740964,3.7021554,1.0,6.7249074,-1.9803513,0.7453704,179.72476,1.0,0.0,0.0,1.0,0.0,0,6.2555556,0.0,0.0,5.6002326,4.343695,2.1583903,1.3454015,2.0108187,3.4282157,8.712485
3,318,319.0,10.0,1.0,1.0,300.0,1.0,1.0,1.0,0.9986151,1.0,-0.0,0.0,-6.9586154e-06,-0.0013779616,0.2732411,3.4815438,0.5236316,4.1535764,1.0110236,3.525616,0.0,6.098922,-3.5345023,0.7962963,171.85477,1.0,0.0,0.0,1.0,0.0,0,5.0930815,0.0,0.0,5.645967,4.264211,4.0701733,1.5393202,2.2693827,0.0,6.6597
0,319,320.0,10.0,1.0,1.0,301.0,1.0,1.0,1.0,0.9999918,1.0,-0.0,0.0,-8.215576e-06,-0.0,0.43351948,3.1664822,0.7183358,1.3469512,0.5769399,4.2889595,1.0,7.514836,-1.6633673,0.7592593,185.36435,1.0,0.0,0.0,1.0,0.0,0,6.970625,0.0,0.0,6.2015133,4.55529,5.460913,2.2244465,2.421423,0.0,6.908913
1,319,320.0,10.0,1.0,1.0,301.0,1.0,1.0,1.0,0.9999924,1.0,-0.0,0.0,-7.652637e-06,-0.0,0.36617145,3.1760068,0.6223685,2.027499,0.8336181,3.6630418,1.0,6.567696,-2.1004725,0.7453704,180.10655,1.0,0.0,0.0,1.0,0.0,0,6.4928584,0.0,0.0,5.8541284,4.3249097,5.7801547,1.6848712,2.0988228,1.8811752,8.39835
2,319,320.0,10.0,1.0,1.0,301.0,1.0,1.0,1.0,0.9999931,1.0,-0.0,0.0,-6.925056e-06,-0.0,0.3574647,3.1416614,0.61865914,1.3909757,0.7405113,3.7247117,1.0,6.8848705,-1.7423713,0.7453704,179.93114,1.0,0.0,0.0,1.0,0.0,0,6.6133866,0.0,0.0,5.8869405,4.567225,2.3014052,1.07268,1.9629503,3.3141415,9.038477
3,319,320.0,10.0,1.0,1.0,301.0,1.0,1.0,1.0,0.99832225,1.0,-0.0,0.0,-8.930437e-06,-0.0016688253,0.35922602,3.3279285,0.4589484,3.4872174,1.0133506,3.5044596,0.0,6.310468,-2.2408626,0.7962963,172.12897,1.0,0.0,0.0,1.0,0.0,0,4.1690826,0.0,0.0,6.082893,5.0389476,4.8912106,1.6269319,1.7683847,0.0,6.8184905
0,320,321.0,10.0,1.0,1.0,302.0,1.0,1.0,1.0,0.99999243,1.0,-0.0,0.0,-7.5763896e-06,-0.0,0.40793493,3.090342,0.72617686,1.0241097,0.5794244,4.26865,1.0,7.7140365,-1.2929803,0.7592593,185.84714,1.0,0.0,0.0,1.0,0.0,0,6.70486,0.0,0.0,5.87669,4.6632066,5.5419655,2.0436122,2.2200239,0.0,6.59364
1,320,321.0,10.0,1.0,1.0,302.0,1.0,1.0,1.0,0.99999446,1.0,-0.0,0.0,-5.5673677e-06,-0.0,0.3468424,3.0834742,0.6329285,1.7250545,0.838055,3.622426,1.0,6.648329,-2.4591284,0.7453704,180.59634,1.0,0.0,0.0,1.0,0.0,0,6.2634416,0.0,0.0,5.6386123,4.331922,5.5914245,1.2602313,2.04956,1.9453688,8.036015
2,320,321.0,10.0,1.0,1.0,302.0,1.0,1.0,1.0,0.9999941,1.0,-0.0,0.0,-5.8946907e-06,-0.0,0.3688,3.0899348,0.6311094,1.139852,0.739902,3.722609,1.0,7.072656,-1.3582511,0.7453704,180.39897,1.0,0.0,0.0,1.0,0.0,0,6.3513203,0.0,0.0,5.6995845,4.5503826,2.4020922,1.0731882,2.0243986,3.303473,8.88339
3,320,321.0,10.0,1.0,1.0,302.0,1.0,1.0,1.0,0.9982003,1.0,-0.0,0.0,-7.5257076e-06,-0.0017922139,0.28743222,3.3320765,0.45983967,3.3807619,1.0143377,3.464697,0.0,6.2683835,-2.978432,0.7962963,172.567,1.0,0.0,0.0,1.0,0.0,0,4.198947,0.0,0.0,5.721373,4.797473,4.664482,1.9034506,2.1793025,0.0,6.9463606
0,321,322.0,10.0,1.0,1.0,303.0,1.0,1.0,1.0,0.999993,1.0,-0.0,0.0,-6.9774746e-06,-0.0,0.3741849,3.0840034,0.7200718,1.4341949,0.5811275,4.288229,1.0,7.391597,-2.3963964,0.7592593,186.1938,1.0,0.0,0.0,1.0,0.0,0,6.2871842,0.0,0.0,5.706121,4.2573705,5.3333325,2.278974,2.685221,0.0,6.5247135
1,321,322.0,10.0,1.0,1.0,303.0,1.0,1.0,1.0,0.99999464,1.0,-0.0,0.0,-5.360124e-06,-0.0,0.39861387,3.0663276,0.63262737,1.7377125,0.8421735,3.5514991,1.0,6.67212,-1.900563,0.7453704,180.97331,1.0,0.0,0.0,1.0,0.0,0,6.3029294,0.0,0.0,5.7064137,4.314761,5.458414,1.4787385,2.204544,0.5422828,7.655757
2,321,322.0,10.0,1.0,1.0,303.0,1.0,1.0,1.0,0.9999938,1.0,-0.0,0.0,-6.200358e-06,-0.0,0.41272566,3.027901,0.63241005,1.128812,0.7393246,3.720085,1.0,7.166314,-0.86166245,0.7453704,180.80183,1.0,0.0,0.0,1.0,0.0,0,6.3760986,0.0,0.0,5.7518134,4.5451365,2.4793506,1.0947502,2.1262233,3.3132598,8.642025
3,321,322.0,10.0,1.0,1.0,303.0,1.0,1.0,1.0,0.99774295,1.0,-0.0,0.0,-7.796449e-06,-0.0022492604,0.3094796,3.2821264,0.4883423,3.772118,1.017994,3.4242444,0.0,6.2036495,-3.349403,0.7962963,172.95982,1.0,0.0,0.0,1.0,0.0,0,4.757045,0.0,0.0,5.715479,4.5165358,4.6693215,1.8823612,2.1734962,0.0,6.5494847
0,322,323.0,10.0,1.0,1.0,304.0,1.0,1.0,1.0,0.9999929,1.0,-0.0,0.0,-7.0680144e-06,-0.0,0.538994,3.0131955,0.70917404,1.5399877,0.58487046,4.2502713,1.0,7.3832307,-0.87878203,0.7592593,186.43459,1.0,0.0,0.0,1.0,0.0,0,6.4744015,0.0,0.0,5.8432713,4.3061438,5.3750935,2.0825915,2.6277301,0.0,6.3084073
1,322,323.0,10.0,1.0,1.0,304.0,1.0,1.0,1.0,0.999994,1.0,-0.0,0.0,-6.001074e-06,-0.0,0.5594611,2.9766624,0.6265527,1.7498317,0.8456369,3.530054,1.0,6.7429357,-0.24705008,0.7453704,181.24348,1.0,0.0,0.0,1.0,0.0,0,6.3412495,0.0,0.0,5.725207,4.335273,5.3726935,1.2505945,2.138791,0.43784058,7.2537313
2,322,323.0,10.0,1.0,1.0,304.0,1.0,1.0,1.0,0.9999936,1.0,-0.0,0.0,-6.3847892e-06,-0.0,0.572098,2.9584284,0.6210132,1.1981034,0.7393281,3.7065933,1.0,7.2144713,0.79785657,0.7453704,181.04665,1.0,0.0,0.0,1.0,0.0,0,6.426546,0.0,0.0,5.7883267,4.5843954,2.632384,0.9999803,2.1303322,3.3062525,8.375723
3,322,323.0,10.0,1.0,1.0,304.0,1.0,1.0,1.0,0.99758816,1.0,-0.0,0.0,-6.457616e-06,-0.002405385,0.49788356,3.2050333,0.47236377,3.5501764,1.019243,3.4042976,0.0,6.2820373,-1.262241,0.7962963,173.23048,1.0,0.0,0.0,1.0,0.0,0,4.324794,0.0,0.0,5.8993382,4.9022255,3.6745193,1.7871271,2.0467515,0.0,6.1929097
0,323,324.0,10.0,1.0,1.0,305.0,1.0,1.0,1.0,0.9999937,1.0,-0.0,0.0,-6.308614e-06,-0.0,0.3141828,3.1294491,0.70371574,1.2863152,0.5839114,4.287499,1.0,7.826114,-1.5466688,0.7592593,186.84433,1.0,0.0,0.0,1.0,0.0,0,6.283898,0.0,0.0,5.304258,4.314921,5.343694,2.1918738,2.6762733,0.0,6.300592
1,323,324.0,10.0,1.0,1.0,305.0,1.0,1.0,1.0,0.9999943,1.0,-0.0,0.0,-5.739845e-06,-0.0,0.32929555,3.1173131,0.60470927,1.7026765,0.8486061,3.4836237,1.0,7.060275,-1.7851171,0.75,181.62672,1.0,0.0,0.0,1.0,0.0,0,6.202278,0.0,0.0,5.20409,4.0931463,5.516279,1.6096588,2.1802812,0.6411954,7.274986
2,323,324.0,10.0,1.0,1.0,305.0,1.0,1.0,1.0,0.9999942,1.0,-0.0,0.0,-5.8021847e-06,-0.0,0.30342042,3.1088102,0.62925786,1.701757,0.73653877,3.7025778,1.0,7.524647,-1.4247792,0.7453704,181.43867,1.0,0.0,0.0,1.0,0.0,0,6.0849066,0.0,0.0,5.1636014,4.1725793,2.441135,0.9727291,2.222285,3.1488612,8.663294
3,323,324.0,10.0,1.0,1.0,305.0,1.0,1.0,1.0,0.9972768,1.0,-0.0,0.0,-6.1344504e-06,-0.002717087,0.18982552,3.3665366,0.4479827,3.0085635,1.0217366,3.3731124,0.0,6.14012,-4.029656,0.7962963,173.62494,1.0,0.0,0.0,1.0,0.0,0,3.4670055,0.0,0.0,4.428838,4.7004814,4.270699,1.9795166,2.2811754,0.0,6.4297113
0,324,325.0,10.0,1.0,1.0,306.0,1.0,1.0,1.0,0.9999918,1.0,-0.0,0.0,-8.1964745e-06,-0.0,0.37092453,3.1439338,0.7452456,2.2545288,0.5876159,4.296619,1.0,6.9896007,-3.198604,0.7592593,186.9621,1.0,0.0,0.0,1.0,0.0,0,5.7353754,0.0,0.0,5.495136,3.989168,5.319122,2.0122633,2.9216447,0.0,5.957407
1,324,325.0,10.0,1.0,1.0,306.0,1.0,1.0,1.0,0.99999255,1.0,-0.0,0.0,-7.4384284e-06,-0.0,0.4037127,3.1110198,0.6659704,2.3393807,0.852595,3.434972,1.0,6.4780498,-2.2039664,0.75,181.7894,1.0,0.0,0.0,1.0,0.0,0,5.9207287,0.0,0.0,5.4327826,4.241337,5.387314,1.5908675,2.3530927,0.0,6.9122963
2,324,325.0,10.0,1.0,1.0,306.0,1.0,1.0,1.0,0.99999124,1.0,-0.0,0.0,-8.777394e-06,-0.0,0.3225036,3.1434908,0.6761117,2.265266,0.73969054,3.662828,1.0,6.550266,-2.7401075,0.75,181.55371,1.0,0.0,0.0,1.0,0.0,0,5.8636594,0.0,0.0,5.1772532,4.3663116,2.7880952,0.81858665,2.3499174,3.2704298,7.945739
3,324,325.0,10.0,1.0,1.0,306.0,1.0,1.0,1.0,0.99526316,1.0,-0.0,0.0,-1.128361e-05,-0.0047255834,0.26426464,3.383572,0.6007907,5.0936704,1.0253152,3.3465517,0.0,5.9983544,-4.606455,0.7962963,173.76202,1.0,0.0,0.0,1.0,0.0,0,5.4163504,0.0,0.0,5.306309,4.0408616,3.6875145,1.6935978,2.800434,0.0,6.0754857
0,325,326.0,10.0,1.0,1.0,307.0,1.0,1.0,1.0,0.9999872,1.0,-0.0,0.0,-1.28276715e-05,-0.0,0.5597439,2.8851523,0.70233834,1.3921007,0.5872409,4.3714013,1.0,7.4156084,-0.76737905,0.7592593,187.32228,1.0,0.0,0.0,1.0,0.0,0,6.925743,0.0,0.0,6.186908,4.497673,4.983715,2.202651,2.5281336,0.0,6.053954
1,325,326.0,10.0,1.0,1.0,307.0,1.0,1.0,1.0,0.9999901,1.0,-0.0,0.0,-9.868675e-06,-0.0,0.47222412,2.9570775,0.632615,2.3798509,0.85467696,3.4492989,1.0,6.5646796,-1.410814,0.75,182.05171,1.0,0.0,0.0,1.0,0.0,0,6.5100765,0.0,0.0,5.785862,4.346378,5.2385116,1.5744681,2.180263,0.0,7.0786705
2,325,326.0,10.0,1.0,1.0,307.0,1.0,1.0,1.0,0.9999885,1.0,-0.0,0.0,-1.1498325e-05,-0.0,0.42050928,2.9436605,0.6303914,2.2205968,0.7400406,3.6994052,1.0,6.6151495,-1.7380985,0.75,181.8439,1.0,0.0,0.0,1.0,0.0,0,6.6253552,0.0,0.0,5.914675,4.4664707,2.9103365,0.99649113,2.2600262,3.276881,8.078975
3,325,326.0,10.0,1.0,1.0,307.0,1.0,1.0,1.0,0.99697155,1.0,-0.0,0.0,-1.2090692e-05,-0.0030163326,0.5093921,3.1113086,0.5008809,3.7696269,1.0241306,3.380067,0.0,6.2049136,-1.4192733,0.7962963,174.1616,1.0,0.0,0.0,1.0,0.0,0,4.7355766,0.0,0.0,6.3030257,5.300278,3.5511184,1.852672,2.1308322,0.0,6.105149
0,326,327.0,10.0,1.0,1.0,308.0,1.0,1.0,1.0,0.9999884,1.0,-0.0,0.0,-1.1620204e-05,-0.0,0.36822408,3.0672553,0.6935402,1.9044769,0.58884376,4.358308,1.0,8.272035,-0.46709833,0.7592593,187.72665,1.0,0.0,0.0,1.0,0.0,0,6.7554336,0.0,0.0,5.531838,4.66859,5.3027363,2.238774,2.2754292,0.0,6.2775445
1,326,327.0,10.0,1.0,1.0,308.0,1.0,1.0,1.0,0.99999225,1.0,-0.0,0.0,-7.731349e-06,-0.0,0.27646983,3.1486232,0.60111296,1.5159116,0.8573169,3.4079745,1.0,6.786424,-2.5394819,0.75,182.46675,1.0,0.0,0.0,1.0,0.0,0,6.168163,0.0,0.0,5.235132,4.239946,5.2816625,1.5896591,2.0550337,0.0,7.0976915
2,326,327.0,10.0,1.0,1.0,308.0,1.0,1.0,1.0,0.9999922,1.0,-0.0,0.0,-7.794862e-06,-0.0,0.28460696,3.1250496,0.6240371,1.2524018,0.7399104,3.6820126,1.0,7.1049786,-1.9387473,0.75,182.27304,1.0,0.0,0.0,1.0,0.0,0,6.199081,0.0,0.0,5.3920827,4.3378577,3.1536202,0.91817194,2.2232914,3.2821317,8.093957
3,326,327.0,10.0,1.0,1.0,308.0,1.0,1.0,1.0,0.99721336,1.0,-0.0,0.0,-1.28282045e-05,-0.0027738162,0.22347867,3.3275068,0.44595817,2.9058604,1.0221905,3.3617215,0.0,6.151699,-3.6391206,0.7962963,174.5624,1.0,0.0,0.0,1.0,0.0,0,3.01658,0.0,0.0,4.736933,4.7885704,3.9403515,1.544435,1.7542704,0.0,6.1466484
0,327,328.0,10.0,1.0,1.0,309.0,1.0,1.0,1.0,0.9999876,1.0,-0.0,0.0,-1.2413976e-05,-0.0,0.3999684,3.1044064,0.7208694,1.9591748,0.594864,4.2706676,1.0,7.0738487,-2.5179527,0.7592593,187.86275,1.0,0.0,0.0,1.0,0.0,0,5.865367,0.0,0.0,5.7627225,3.9661903,4.9632487,1.9546788,2.6283023,0.0,5.841123
1,327,328.0,10.0,1.0,1.0,309.0,1.0,1.0,1.0,0.99999017,1.0,-0.0,0.0,-9.863428e-06,-0.0,0.3549762,3.1444848,0.6759114,2.831643,0.8610024,3.3761277,1.0,6.3989587,-2.9281323,0.75,182.61618,1.0,0.0,0.0,1.0,0.0,0,5.9645724,0.0,0.0,5.34249,4.287609,5.014744,1.3913946,2.1542394,0.0,6.6799765
2,327,328.0,10.0,1.0,1.0,309.0,1.0,1.0,1.0,0.9999903,1.0,-0.0,0.0,-9.705108e-06,-0.0,0.38146377,3.0856895,0.6618761,1.9869442,0.74105036,3.6641102,1.0,6.498178,-2.0469017,0.75,182.41513,1.0,0.0,0.0,1.0,0.0,0,6.118374,0.0,0.0,5.6261363,4.2849216,3.1713872,0.6852079,2.4047062,3.633575,7.61994
3,327,328.0,10.0,1.0,1.0,309.0,1.0,1.0,1.0,0.9883415,1.0,-0.0,0.0,-1.519071e-05,-0.011643266,0.24034977,3.408099,0.62185776,5.5167913,1.0242405,3.3334272,0.0,6.0248656,-5.1561584,0.7962963,174.73868,1.0,0.0,0.0,1.0,0.0,0,5.2650023,0.0,0.0,5.035903,3.7679045,4.109512,1.2372422,2.5491529,0.0,6.0475607
0,328,329.0,10.0,1.0,1.0,310.0,1.0,1.0,1.0,0.9999857,1.0,-0.0,0.0,-1.4276687e-05,-0.0,0.5106408,2.979824,0.6783907,1.709558,0.5987611,4.2441883,1.0,7.3709426,-1.2399266,0.7592593,187.98926,1.0,0.0,0.0,1.0,0.0,0,6.976735,0.0,0.0,6.2160583,4.4924083,4.7944875,2.0480578,2.2496119,0.0,5.9306455
1,328,329.0,10.0,1.0,1.0,310.0,1.0,1.0,1.0,0.9999878,1.0,-0.0,0.0,-1.221024e-05,-0.0,0.44096187,3.060145,0.6318125,2.6173136,0.86287475,3.3976226,1.0,6.601766,-1.8948913,0.75,182.7393,1.0,0.0,0.0,1.0,0.0,0,6.775874,0.0,0.0,5.8766084,4.5227127,4.9074373,1.689463,1.909094,0.0,7.0689397
2,328,329.0,10.0,1.0,1.0,310.0,1.0,1.0,1.0,0.9999887,1.0,-0.0,0.0,-1.130702e-05,-0.0,0.49180463,2.9790924,0.6055651,1.7900741,0.7412054,3.6671002,1.0,6.7062173,-0.7277662,0.75,182.5176,1.0,0.0,0.0,1.0,0.0,0,6.6318846,0.0,0.0,5.999763,4.151299,3.1773965,0.7246248,2.1908512,3.6838014,7.709295
3,328,329.0,10.0,1.0,1.0,310.0,1.0,1.0,1.0,0.9970363,1.0,-0.0,0.0,-1.3447696e-05,-0.0029502437,0.47179347,3.1932845,0.49924785,4.1524453,1.0236019,3.3470194,0.0,6.1336985,-1.8100739,0.7962963,174.9499,1.0,0.0,0.0,1.0,0.0,0,4.503647,0.0,0.0,5.926757,5.5925503,4.1014338,1.3848977,1.8952981,0.0,5.8165507
0,329,330.0,10.0,1.0,1.0,311.0,1.0,1.0,1.0,0.99998903,1.0,-0.0,0.0,-1.0991984e-05,-0.0,0.31318143,3.190671,0.658809,1.6178169,0.60101753,4.2368035,1.0,8.098684,-0.89507085,0.7592593,188.49365,1.0,0.0,0.0,1.0,0.0,0,6.6178327,0.0,0.0,5.0255184,4.9156103,5.4111285,2.119992,2.1619139,0.0,6.0533834
1,329,330.0,10.0,1.0,1.0,311.0,1.0,1.0,1.0,0.99999034,1.0,-0.0,0.0,-9.651118e-06,-0.0,0.24728328,3.251354,0.5954816,1.551129,0.86302906,3.3353055,1.0,6.9704347,-1.7156518,0.75,183.24544,1.0,0.0,0.0,1.0,0.0,0,6.2906322,0.0,0.0,5.237435,4.1669436,4.44566,1.4118654,1.6611955,0.0,7.021006
2,329,330.0,10.0,1.0,1.0,311.0,1.0,1.0,1.0,0.9999917,1.0,-0.0,0.0,-8.255948e-06,-0.0,0.28477088,3.1783767,0.61056376,1.4569359,0.7408059,3.637522,1.0,7.217924,-0.8023065,0.75,183.02226,1.0,0.0,0.0,1.0,0.0,0,6.1115456,0.0,0.0,5.4213552,4.4786763,3.3639162,0.7065883,2.262318,3.7559373,7.62511
3,329,330.0,10.0,1.0,1.0,311.0,1.0,1.0,1.0,0.9972178,1.0,-0.0,0.0,-1.1528907e-05,-0.0027707312,0.1675455,3.4125383,0.4394339,3.2102125,1.0221658,3.3324878,0.0,5.9683447,-3.492441,0.7962963,175.44157,1.0,0.0,0.0,1.0,0.0,0,2.9174774,0.0,0.0,4.5931425,4.9862604,4.194254,1.2461509,1.8496077,0.0,5.923648
0,330,331.0,10.0,1.0,1.0,312.0,1.0,1.0,1.0,0.9999861,1.0,-0.0,0.0,-1.3881318e-05,-0.0,0.33392048,3.2166884,0.70751363,2.582995,0.60280234,4.2719502,1.0,7.0788665,-3.629598,0.7592593,188.70743,1.0,0.0,0.0,1.0,0.0,0,6.000343,0.0,0.0,5.5156937,4.3808293,4.9961567,1.9763802,2.495108,0.0,5.7056108
1,330,331.0,10.0,1.0,1.0,312.0,1.0,1.0,1.0,0.9999879,1.0,-0.0,0.0,-1.2114827e-05,-0.0,0.33788532,3.238136,0.65458935,2.7411869,0.86611795,3.3423388,1.0,6.561483,-1.972367,0.75,183.42099,1.0,0.0,0.0,1.0,0.0,0,6.161153,0.0,0.0,5.766755,4.371563,4.7374883,1.4530338,1.9159636,0.0,6.7721844
2,330,331.0,10.0,1.0,1.0,312.0,1.0,1.0,1.0,0.99998826,1.0,-0.0,0.0,-1.1723153e-05,-0.0,0.34335142,3.1933188,0.64855534,2.456246,0.7417344,3.6103046,1.0,6.433919,-1.6925279,0.75,183.22878,1.0,0.0,0.0,1.0,0.0,0,6.228848,0.0,0.0,5.641092,4.556879,3.2329912,0.5962087,2.4154055,3.68271,7.3720756
3,330,331.0,10.0,1.0,1.0,312.0,1.0,1.0,1.0,0.99709773,1.0,-0.0,0.0,-1.7536171e-05,-0.00288476,0.32728463,3.42662,0.56971747,4.9063954,1.0230781,3.305601,0.0,6.010271,-3.6232798,0.7962963,175.66315,1.0,0.0,0.0,1.0,0.0,0,4.770067,0.0,0.0,5.493459,4.147051,3.6764762,0.81513214,2.1950374,0.0,5.567194
0,331,332.0,10.0,1.0,1.0,313.0,1.0,1.0,1.0,0.99998474,1.0,-0.0,0.0,-1.523512e-05,-0.0,0.46856964,3.0964139,0.66706467,2.199346,0.60573864,4.2681003,1.0,7.3630056,-2.0239716,0.7592593,188.80379,1.0,0.0,0.0,1.0,0.0,0,7.0461106,0.0,0.0,6.285068,4.5468826,4.687473,1.98919,1.9341007,0.0,5.8112364
1,331,332.0,10.0,1.0,1.0,313.0,1.0,1.0,1.0,0.99998564,1.0,-0.0,0.0,-1.4338501e-05,-0.0,0.43279642,3.1478946,0.5974261,2.5860236,0.86778885,3.383308,1.0,6.7277064,-0.8714497,0.75,183.5122,1.0,0.0,0.0,1.0,0.0,0,6.8831844,0.0,0.0,6.0345345,4.6452093,5.0574527,1.8374292,1.242769,0.0,7.0816584
2,331,332.0,10.0,1.0,1.0,313.0,1.0,1.0,1.0,0.9999864,1.0,-0.0,0.0,-1.3607733e-05,-0.0,0.4223399,3.0770347,0.5940231,2.4948213,0.7460387,3.630629,1.0,6.527684,-0.88878626,0.75,183.305,1.0,0.0,0.0,1.0,0.0,0,6.8261027,0.0,0.0,6.042641,4.7442074,3.2977169,0.70061445,2.0298257,3.8848658,7.4776945
3,331,332.0,10.0,1.0,1.0,313.0,1.0,1.0,1.0,0.99745166,1.0,-0.0,0.0,-1.7764876e-05,-0.0025305548,0.4400462,3.1993296,0.4884338,4.005627,1.0202444,3.3809934,0.0,6.1939397,-1.7567976,0.7962963,175.79211,1.0,0.0,0.0,1.0,0.0,0,3.9195404,0.0,0.0,5.716777,5.417977,3.6764913,1.2755834,1.4343505,0.0,6.1777897
0,332,333.0,10.0,1.0,1.0,314.0,1.0,1.0,1.0,0.9999886,1.0,-0.0,0.0,-1.1366017e-05,-0.0,0.29071793,3.2819304,0.6394099,1.3665655,0.6081496,4.2669997,1.0,7.883141,-1.7572148,0.7592593,189.3065,1.0,0.0,0.0,1.0,0.0,0,6.5367904,0.0,0.0,5.4516134,4.4070663,5.269943,2.128052,1.8592107,0.0,5.9262986
1,332,333.0,10.0,1.0,1.0,314.0,1.0,1.0,1.0,0.99998933,1.0,-0.0,0.0,-1.0666991e-05,-0.0,0.24863333,3.3267827,0.56518143,1.7063501,0.8685711,3.3668404,1.0,6.9536147,-1.2853453,0.75,184.01718,1.0,0.0,0.0,1.0,0.0,0,6.2942266,0.0,0.0,5.2374415,4.309488,5.0157022,1.7592443,1.456124,0.0,7.0288086
2,332,333.0,10.0,1.0,1.0,314.0,1.0,1.0,1.0,0.9999907,1.0,-0.0,0.0,-9.286665e-06,-0.0,0.2414763,3.2642074,0.5851658,1.2978249,0.7462917,3.6250186,1.0,6.7805843,-1.1186488,0.75,183.81439,1.0,0.0,0.0,1.0,0.0,0,6.210769,0.0,0.0,5.2873025,4.4665384,3.5050483,0.6186826,2.1330316,3.8956828,7.396209
3,332,333.0,10.0,1.0,1.0,314.0,1.0,1.0,1.0,0.9975756,1.0,-0.0,0.0,-1.3680079e-05,-0.0024106936,0.12603644,3.5109088,0.44512478,3.7002518,1.0192856,3.365678,0.0,5.848111,-3.9904463,0.7962963,176.34799,1.0,0.0,0.0,1.0,0.0,0,3.161361,0.0,0.0,4.2610292,4.40018,3.9469213,1.2142447,1.4887322,0.0,6.0024357
0,333,334.0,10.0,1.0,1.0,315.0,1.0,1.0,1.0,0.9999863,1.0,-0.0,0.0,-1.3697321e-05,-0.0,0.28303003,3.320238,0.7112215,3.3291974,0.61157274,4.245111,1.0,7.0656357,-4.634268,0.7592593,189.5425,1.0,0.0,0.0,1.0,0.0,0,5.9808164,0.0,0.0,5.6584277,3.7902493,4.5682063,1.9088628,2.0052269,0.0,5.6193094
1,333,334.0,10.0,1.0,1.0,315.0,1.0,1.0,1.0,0.99998754,1.0,-0.0,0.0,-1.2431344e-05,-0.0,0.2927713,3.3225873,0.6390322,3.2691686,0.87053794,3.3886251,1.0,6.550655,-2.785028,0.75,184.19814,1.0,0.0,0.0,1.0,0.0,0,6.432444,0.0,0.0,5.5695853,4.7225733,4.8087926,1.6988791,1.5559607,0.0,6.732415
2,333,334.0,10.0,1.0,1.0,315.0,1.0,1.0,1.0,0.9999883,1.0,-0.0,0.0,-1.1685574e-05,-0.0,0.2937112,3.2525222,0.6505927,3.1548712,0.74726653,3.6435428,1.0,6.4008584,-2.3334389,0.75,184.00296,1.0,0.0,0.0,1.0,0.0,0,6.4182754,0.0,0.0,5.8294125,4.529956,3.4465797,0.5375317,2.2823687,3.8005602,7.2784166
3,333,334.0,10.0,1.0,1.0,315.0,1.0,1.0,1.0,0.9974307,1.0,-0.0,0.0,-1.8854224e-05,-0.0025504618,0.3719531,3.4018538,0.49419314,4.8569984,1.0204036,3.317892,0.0,6.0009356,-2.8205764,0.7962963,176.44572,1.0,0.0,0.0,1.0,0.0,0,5.300535,0.0,0.0,5.6613503,4.7270517,3.7754977,0.7343838,1.596339,0.0,5.594999
0,334,335.0,10.0,1.0,1.0,316.0,1.0,1.0,1.0,0.99998385,1.0,-0.0,0.0,-1.6129665e-05,-0.0,0.4344806,3.2070215,0.65064526,2.6541388,0.61437815,4.2916965,1.0,7.3274784,-2.6137726,0.7592593,189.63232,1.0,0.0,0.0,1.0,0.0,0,7.146324,0.0,0.0,6.5124593,4.61096,5.1397986,1.827885,1.4715514,0.0,5.734387
1,334,335.0,10.0,1.0,1.0,316.0,1.0,1.0,1.0,0.9999853,1.0,-0.0,0.0,-1.4749477e-05,-0.0,0.35203323,3.2922573,0.59323645,3.3976226,0.871128,3.434972,1.0,6.615742,-2.2381012,0.75,184.35367,1.0,0.0,0.0,1.0,0.0,0,6.944942,0.0,0.0,6.017252,4.665414,5.121436,1.9598699,1.1643355,0.0,6.9362354
2,334,335.0,10.0,1.0,1.0,316.0,1.0,1.0,1.0,0.99998665,1.0,-0.0,0.0,-1.3322078e-05,-0.0,0.38890356,3.17698,0.5845738,3.0158398,0.7478144,3.6790352,1.0,6.443116,-1.156046,0.75,184.13235,1.0,0.0,0.0,1.0,0.0,0,7.054606,0.0,0.0,6.109373,4.912938,3.644441,0.6328759,1.8670884,3.9772546,7.395158
3,334,335.0,10.0,1.0,1.0,316.0,1.0,1.0,1.0,0.9977562,1.0,-0.0,0.0,-1.4855018e-05,-0.0022290042,0.46069697,3.291303,0.42753822,4.04317,1.017832,3.3967009,0.0,6.2151427,-1.0557575,0.7962963,176.5741,1.0,0.0,0.0,1.0,0.0,0,4.060083,0.0,0.0,5.7669954,5.440396,3.655697,1.1998899,1.407359,0.0,6.2912135
0,335,336.0,10.0,1.0,1.0,317.0,1.0,1.0,1.0,0.99998844,1.0,-0.0,0.0,-1.1556496e-05,-0.0,0.33120924,3.3725433,0.6163649,1.370569,0.6167662,4.2909665,1.0,7.6987805,-1.5266454,0.7592593,190.13799,1.0,0.0,0.0,1.0,0.0,0,6.4930863,0.0,0.0,5.404423,4.5522094,5.2549615,1.9197539,1.2882438,0.0,5.880001
1,335,336.0,10.0,1.0,1.0,317.0,1.0,1.0,1.0,0.99998915,1.0,-0.0,0.0,-1.0871943e-05,-0.0,0.20042956,3.4770145,0.5367316,2.3440602,0.8694656,3.4292698,1.0,6.4734774,-2.195197,0.75,184.86082,1.0,0.0,0.0,1.0,0.0,0,6.5134563,0.0,0.0,5.4493203,4.3695493,4.423309,1.9241189,1.1457331,0.0,6.821358
2,335,336.0,10.0,1.0,1.0,317.0,1.0,1.0,1.0,0.9999906,1.0,-0.0,0.0,-9.440072e-06,-0.0,0.24582483,3.3536725,0.57218355,1.6800005,0.74801373,3.6917794,1.0,6.5446353,-1.3709664,0.75,184.65013,1.0,0.0,0.0,1.0,0.0,0,6.4345455,0.0,0.0,5.3514476,4.5681167,3.7716634,0.9160052,1.9599682,4.065828,7.434517
3,335,336.0,10.0,1.0,1.0,317.0,1.0,1.0,1.0,0.9979158,1.0,-0.0,0.0,-1.2302123e-05,-0.002071925,0.1679914,3.5760236,0.41439623,3.979746,1.0165753,3.4038374,0.0,5.871125,-3.43844,0.7962963,177.12901,1.0,0.0,0.0,1.0,0.0,0,3.3720613,0.0,0.0,4.328972,4.627663,3.8827674,1.1572276,1.47731,0.0,6.1762543
0,336,337.0,10.0,1.0,1.0,318.0,1.0,1.0,1.0,0.9999871,1.0,-0.0,0.0,-1.2847174e-05,-0.0,0.3155645,3.1603665,0.6901189,3.3235495,0.6208014,4.282932,1.0,6.9155984,-4.1355743,0.7592593,190.27382,1.0,0.0,0.0,1.0,0.0,0,6.2499576,0.0,0.0,5.897975,4.302866,4.198559,1.8714933,1.474456,0.0,5.819181
1,336,337.0,10.0,1.0,1.0,318.0,1.0,1.0,1.0,0.9999881,1.0,-0.0,0.0,-1.1926486e-05,-0.0,0.25743693,3.2187395,0.63478994,4.093011,0.87030596,3.4665036,1.0,6.4811974,-3.7362156,0.75,185.0135,1.0,0.0,0.0,1.0,0.0,0,6.388479,0.0,0.0,6.013713,4.2047734,4.2660704,1.8691622,1.2089158,0.0,6.6032867
2,336,337.0,10.0,1.0,1.0,318.0,1.0,1.0,1.0,0.9999882,1.0,-0.0,0.0,-1.1820598e-05,-0.0,0.3002353,3.1046376,0.63395387,3.4696639,0.7488373,3.71798,1.0,6.366057,-2.462347,0.75,184.78568,1.0,0.0,0.0,1.0,0.0,0,6.629467,0.0,0.0,5.9696007,4.577177,3.6960027,0.7414802,2.02716,3.9809074,7.3276124
3,336,337.0,10.0,1.0,1.0,318.0,1.0,1.0,1.0,0.99763,1.0,-0.0,0.0,-1.716062e-05,-0.0023528584,0.35031325,3.2812455,0.50400925,4.8900914,1.0188228,3.4162338,0.0,6.0181594,-3.0192835,0.7962963,177.28828,1.0,0.0,0.0,1.0,0.0,0,5.439882,0.0,0.0,5.612923,4.7920794,3.8970401,1.2028121,1.5263269,0.0,5.865393
0,337,338.0,10.0,1.0,1.0,319.0,1.0,1.0,1.0,0.999985,1.0,-0.0,0.0,-1.4993447e-05,-0.0,0.40988252,3.9904323,0.62678766,2.8379939,0.6274894,4.243082,1.0,7.0795593,-2.0517511,0.7592593,191.9133,1.0,0.0,0.0,1.0,0.0,0,7.284745,0.0,0.0,6.498824,4.7342663,5.2484922,1.562091,0.96152955,0.0,6.2808504
1,337,338.0,10.0,1.0,1.0,319.0,1.0,1.0,1.0,0.9999848,1.0,-0.0,0.0,-1.5198659e-05,-0.0,0.29046202,4.07988,0.5683021,3.7762666,0.8719125,3.4845226,1.0,6.384357,-2.2554035,0.75,186.68144,1.0,0.0,0.0,1.0,0.0,0,7.1983275,0.0,0.0,6.1322947,4.8149753,4.919724,1.7600648,0.90155846,0.0,7.07534
2,337,338.0,10.0,1.0,1.0,319.0,1.0,1.0,1.0,0.9999865,1.0,-0.0,0.0,-1.3495292e-05,-0.0,0.3219962,3.9206512,0.56728125,3.3008614,0.75092685,3.7419057,1.0,6.3628526,-1.3334742,0.75,186.4354,1.0,0.0,0.0,1.0,0.0,0,7.2663174,0.0,0.0,6.1986213,4.9625063,4.220842,0.8301409,1.5197774,4.4103856,7.5774565
3,337,338.0,10.0,1.0,1.0,319.0,1.0,1.0,1.0,0.99761564,1.0,-0.0,0.0,-1.4002661e-05,-0.002370379,0.42975694,4.033327,0.4223898,4.21513,1.018963,3.4615324,0.0,6.1596293,-0.72745883,0.7962963,178.86517,1.0,0.0,0.0,1.0,0.0,0,4.357102,0.0,0.0,5.759544,5.452046,4.3977075,1.1511639,1.0303506,0.0,6.638709
0,338,339.0,10.0,1.0,1.0,320.0,1.0,1.0,1.0,0.99998736,1.0,-0.0,0.0,-1.2657636e-05,-0.0,0.33834463,3.7907119,0.61449844,2.5154433,0.6310468,4.1565914,1.0,7.2033954,-2.6578484,0.7592593,192.46426,1.0,0.0,0.0,1.0,0.0,0,7.245323,0.0,0.0,6.3822093,4.9729238,5.00362,1.8485712,0.9013322,0.0,6.2973647
1,338,339.0,10.0,1.0,1.0,320.0,1.0,1.0,1.0,0.9999887,1.0,-0.0,0.0,-1.1330078e-05,-0.0,0.19327141,3.8601022,0.5616348,3.6046624,0.86965764,3.5273921,1.0,6.4520264,-3.4876158,0.75,187.22801,1.0,0.0,0.0,1.0,0.0,0,6.959374,0.0,0.0,6.062538,4.8032045,4.6154566,2.020394,0.9412467,0.0,6.894641
2,338,339.0,10.0,1.0,1.0,320.0,1.0,1.0,1.0,0.9999905,1.0,-0.0,0.0,-9.487252e-06,-0.0,0.21683872,3.7225358,0.5690131,3.2894585,0.7494835,3.7884774,1.0,6.376797,-2.7529178,0.75,186.99777,1.0,0.0,0.0,1.0,0.0,0,6.9920573,0.0,0.0,6.1264296,4.9771504,4.132707,0.97190374,1.465479,4.584767,7.5172524
3,338,339.0,10.0,1.0,1.0,320.0,1.0,1.0,1.0,0.99790084,1.0,-0.0,0.0,-1.30301305e-05,-0.0020860927,0.23192205,3.9041147,0.45139748,4.5877624,1.0166887,3.5196161,0.0,6.1093597,-3.4366577,0.7962963,179.48564,1.0,0.0,0.0,1.0,0.0,0,4.7218776,0.0,0.0,5.4408145,5.002068,4.278088,1.2495774,1.1919061,0.0,6.427887
0,339,340.0,10.0,1.0,1.0,321.0,1.0,1.0,1.0,0.99999017,1.0,-0.0,0.0,-9.863683e-06,-0.0,0.3570825,3.8759425,0.61625737,2.8858578,0.63095456,4.1550837,1.0,7.0367303,-2.8397505,0.7592593,193.3451,1.0,0.0,0.0,1.0,0.0,0,6.959774,0.0,0.0,6.275857,4.6761928,4.941875,1.9856244,1.095373,0.0,6.2974863
1,339,340.0,10.0,1.0,1.0,321.0,1.0,1.0,1.0,0.99999136,1.0,-0.0,0.0,-8.633676e-06,-0.0,0.25307313,3.9000347,0.55636495,3.613339,0.8686522,3.5646994,1.0,6.407809,-2.9501162,0.75,188.06323,1.0,0.0,0.0,1.0,0.0,0,6.942019,0.0,0.0,6.061071,4.752237,4.653603,1.9683536,0.9485895,0.0,6.8697367
2,339,340.0,10.0,1.0,1.0,321.0,1.0,1.0,1.0,0.9999918,1.0,-0.0,0.0,-8.242078e-06,-0.0,0.26701614,3.7642484,0.5621834,3.375432,0.7488643,3.852408,1.0,6.3085723,-2.3483086,0.75,187.84102,1.0,0.0,0.0,1.0,0.0,0,7.017653,0.0,0.0,6.1597166,4.928559,4.2257943,1.1344622,1.3474375,4.574876,7.6552243
3,339,340.0,10.0,1.0,1.0,321.0,1.0,1.0,1.0,0.9979453,1.0,-0.0,0.0,-1.048612e-05,-0.0020442298,0.24959445,3.9616857,0.46867594,4.884004,1.0163538,3.553262,0.0,6.1153255,-3.659631,0.7962963,180.34523,1.0,0.0,0.0,1.0,0.0,0,5.248964,0.0,0.0,5.5351644,4.839854,4.3255568,1.239643,1.1333323,0.0,6.309613
0,340,341.0,10.0,1.0,1.0,322.0,1.0,1.0,0.0,0.9999907,1.0,-0.0,0.0,-9.274565e-06,-0.0,0.3339544,3.8210366,0.60617316,2.9324076,0.6317177,4.1937165,1.0,6.971476,-3.2156138,0.7592593,193.3451,1.0,0.0,0.0,1.0,0.0,0,7.0164013,0.0,0.0,6.332742,4.674226,5.3508534,2.2478514,1.2430686,0.0,6.348777
1,340,341.0,10.0,1.0,1.0,322.0,1.0,1.0,1.0,0.9999911,1.0,-0.0,0.0,-8.869829e-06,-0.0,0.2323091,3.8387663,0.54135484,3.5462053,0.86794424,3.6144218,1.0,6.3594007,-3.1529655,0.75,188.79016,1.0,0.0,0.0,1.0,0.0,0,6.9480696,0.0,0.0,6.0639615,4.76338,4.666743,2.131423,1.1712413,0.0,6.7511168
2,340,341.0,10.0,1.0,1.0,322.0,1.0,1.0,1.0,0.9999923,1.0,-0.0,0.0,-7.667061e-06,-0.0,0.23844913,3.707454,0.5477783,3.368003,0.74847645,3.9104931,1.0,6.2563615,-2.6977146,0.75,188.57648,1.0,0.0,0.0,1.0,0.0,0,7.035387,0.0,0.0,6.1628056,4.9535913,4.2837887,1.0464369,1.2764083,4.810929,7.5921397
3,340,341.0,10.0,1.0,1.0,322.0,1.0,1.0,1.0,0.9979849,1.0,-0.0,0.0,-8.973881e-06,-0.0020061038,0.2731502,3.8919654,0.44198734,4.6156635,1.0160488,3.596401,0.0,6.1409817,-3.2223454,0.7962963,181.05437,1.0,0.0,0.0,1.0,0.0,0,4.8982368,0.0,0.0,5.633952,5.1297746,4.4158173,1.344305,1.2465262,0.0,6.400849
0,341,342.0,10.0,1.0,1.0,323.0,1.0,1.0,0.0,0.99997914,1.0,-0.0,0.0,-2.084657e-05,-0.0,0.31809732,3.411305,0.57111496,1.9687399,0.6224046,4.3645906,1.0,7.0449214,-3.0319216,0.7592593,193.3451,1.0,0.0,0.0,1.0,0.0,0,6.8910975,0.0,0.0,5.730813,4.711068,4.9615335,2.3881764,0.8154201,0.0,6.674941
1,341,342.0,10.0,1.0,1.0,323.0,1.0,1.0,1.0,0.9999914,1.0,-0.0,0.0,-8.558554e-06,-0.0,0.28323346,3.5311074,0.48610508,2.7411869,0.865881,3.6482663,1.0,6.252756,-1.8626554,0.75,188.94617,1.0,0.0,0.0,1.0,0.0,0,6.6667113,0.0,0.0,5.6633615,4.481953,4.7165933,2.088801,0.9077013,0.0,6.6655607
2,341,342.0,10.0,1.0,1.0,323.0,1.0,1.0,1.0,0.99999285,1.0,-0.0,0.0,-7.1797863e-06,-0.0,0.2589602,3.4293845,0.50228274,2.6023173,0.74759525,3.967334,1.0,6.1535153,-1.8999828,0.75,188.72025,1.0,0.0,0.0,1.0,0.0,0,6.802402,0.0,0.0,5.759805,4.7186227,4.4547443,1.0718387,1.4141707,4.4694,7.6984596
3,341,342.0,10.0,1.0,1.0,323.0,1.0,1.0,1.0,0.9981879,1.0,-0.0,0.0,-8.811885e-06,-0.0018032617,0.19039288,3.6646955,0.41142106,4.2464013,1.0144261,3.6271777,0.0,5.951472,-3.8378713,0.7962963,181.23196,1.0,0.0,0.0,1.0,0.0,0,3.8254366,0.0,0.0,4.5066075,4.6421714,4.4724107,1.3763332,1.103292,0.0,6.2557735
0,342,343.0,10.0,1.0,1.0,324.0,1.0,1.0,0.0,0.99997926,1.0,-0.0,0.0,-2.073268e-05,-0.0,0.27250612,3.3896074,0.6150103,3.303469,0.6105775,4.6053057,1.0,6.672149,-5.1856294,0.7592593,193.3451,1.0,0.0,0.0,1.0,0.0,0,6.5102468,0.0,0.0,6.2057195,4.2181263,4.7149973,2.5647645,0.8432862,0.0,6.845052
1,342,343.0,10.0,1.0,1.0,324.0,1.0,1.0,1.0,0.9999925,1.0,-0.0,0.0,-7.530333e-06,-0.0,0.31647757,3.4936917,0.5269735,3.5336003,0.86645114,3.6683807,1.0,6.1912174,-2.6111612,0.75,189.26904,1.0,0.0,0.0,1.0,0.0,0,6.7595906,0.0,0.0,5.830564,4.7340713,5.0218353,2.0105355,1.3318385,0.0,6.4808073
2,342,343.0,10.0,1.0,1.0,324.0,1.0,1.0,1.0,0.9999921,1.0,-0.0,0.0,-7.917723e-06,-0.0,0.2151724,3.4255602,0.51301235,4.0615225,0.7484058,3.9974103,1.0,6.058642,-3.748971,0.75,189.15768,1.0,0.0,0.0,1.0,0.0,0,6.861143,0.0,0.0,6.1805625,4.81157,4.490859,0.6872907,1.6871107,4.183032,7.703422
3,342,343.0,10.0,1.0,1.0,324.0,1.0,1.0,1.0,0.9932354,1.0,-0.0,0.0,-1.0545009e-05,-0.006754029,0.20922758,3.631215,0.4971698,5.2769766,1.017102,3.6016204,0.0,5.99623,-4.9240394,0.7962963,181.58319,1.0,0.0,0.0,1.0,0.0,0,6.03594,0.0,0.0,5.338206,4.470723,4.787148,1.3106866,1.4139833,0.0,6.0399013
0,343,344.0,10.0,1.0,1.0,325.0,1.0,1.0,0.0,0.99997175,1.0,-0.0,0.0,-2.8264285e-05,-0.0,0.46565795,3.0534384,0.56492674,2.17609,0.5963199,4.889131,1.0,6.9991918,-2.854637,0.7592593,193.3451,1.0,0.0,0.0,1.0,0.0,0,7.159364,0.0,0.0,6.5721097,4.635901,4.81012,3.1722684,0.95934355,0.0,7.0658994
1,343,344.0,10.0,1.0,1.0,325.0,1.0,1.0,0.0,0.99999195,1.0,-0.0,0.0,-8.019356e-06,-0.0,0.41990206,3.343098,0.48274738,3.2569342,0.86569625,3.7023666,1.0,6.22929,-1.2817187,0.75,189.26904,1.0,0.0,0.0,1.0,0.0,0,7.106655,0.0,0.0,6.2327065,4.634726,5.17902,1.9015986,1.4132919,0.0,6.4659934
2,343,344.0,10.0,1.0,1.0,325.0,1.0,1.0,1.0,0.9999921,1.0,-0.0,0.0,-7.929682e-06,-0.0,0.23516454,3.2999306,0.470554,4.3473372,0.74936223,4.0383267,1.0,5.968903,-3.7530801,0.75,189.4596,1.0,0.0,0.0,1.0,0.0,0,6.9953876,0.0,0.0,6.27086,4.733094,4.7078013,0.8683687,1.8544112,4.1470675,7.7157593
3,343,344.0,10.0,1.0,1.0,325.0,1.0,1.0,0.0,0.99797016,1.0,-0.0,0.0,-9.22557e-06,-0.0020205742,0.49498641,3.3991375,0.3985376,4.289872,1.0161645,3.613339,0.0,6.1678033,-1.0325601,0.7962963,181.58319,1.0,0.0,0.0,1.0,0.0,0,4.6521063,0.0,0.0,5.756205,5.343364,4.914947,1.2032709,1.648512,0.0,6.108527
0,344,345.0,10.0,1.0,1.0,326.0,1.0,1.0,0.0,0.9975263,1.0,-0.0,0.0,-2.5609828e-05,-0.0024480608,0.5152229,3.0250068,0.54579747,1.6322665,0.5800249,5.146883,0.0,7.3253903,-1.8576095,0.7592593,193.3451,1.0,0.0,0.0,1.0,0.0,0,7.214944,0.0,0.0,6.394553,4.8374443,4.774827,3.1405094,0.8740013,0.0,7.3502655
1,344,345.0,10.0,1.0,1.0,326.0,1.0,1.0,0.0,0.9999829,1.0,-0.0,0.0,-1.707891e-05,-0.0,0.4375171,3.1679525,0.4834445,2.9144678,0.86261344,3.8037376,1.0,6.3580437,-1.1965456,0.75,189.26904,1.0,0.0,0.0,1.0,0.0,0,6.8705387,0.0,0.0,6.0008655,4.6916676,5.3001857,2.282968,1.1675433,0.0,6.7495584
2,344,345.0,10.0,1.0,1.0,326.0,1.0,1.0,1.0,0.99999315,1.0,-0.0,0.0,-6.8319855e-06,-0.0,0.2913013,3.2866552,0.45565864,4.260757,0.75025207,4.060559,1.0,5.803498,-3.025529,0.75,189.70355,1.0,0.0,0.0,1.0,0.0,0,7.004848,0.0,0.0,6.096962,4.7403836,4.820172,1.0587544,2.1161067,4.1104927,7.731997
3,344,345.0,10.0,1.0,1.0,326.0,1.0,1.0,0.0,0.9983534,1.0,-0.0,0.0,-2.0597105e-05,-0.0016259728,0.4886273,3.2455351,0.39031446,4.007972,1.0130078,3.709548,0.0,6.2618427,-1.1218144,0.7962963,181.58319,1.0,0.0,0.0,1.0,0.0,0,4.4929113,0.0,0.0,5.4527917,5.1405444,5.0445156,1.5209776,1.3484498,0.0,6.534694
0,345,346.0,10.0,1.0,1.0,327.0,1.0,1.0,0.0,0.9932641,1.0,-0.0,0.0,-1.8045648e-05,-0.006717868,0.26951805,3.0524619,0.5614209,1.8641846,0.5681269,5.403072,0.0,7.0223308,-5.0632052,0.7592593,193.3451,1.0,0.0,0.0,1.0,0.0,0,6.2504125,0.0,0.0,5.3098135,4.514258,5.3012967,2.6674826,0.9725403,0.0,6.8767705
1,345,346.0,10.0,1.0,1.0,327.0,1.0,1.0,0.0,0.9999796,1.0,-0.0,0.0,-2.0358339e-05,-0.0,0.349674,3.1677485,0.4608587,2.6479383,0.85866714,3.944775,1.0,6.231933,-1.6865311,0.75,189.26904,1.0,0.0,0.0,1.0,0.0,0,6.628422,0.0,0.0,5.557166,4.5045285,5.1730266,2.234109,0.9043011,0.0,6.7963667
2,345,346.0,10.0,1.0,1.0,327.0,1.0,1.0,1.0,0.99999386,1.0,-0.0,0.0,-6.120571e-06,-0.0,0.33296162,3.2743845,0.42451486,3.5640407,0.7508668,4.0872693,1.0,5.584687,-1.7850744,0.75,189.88754,1.0,0.0,0.0,1.0,0.0,0,6.4972854,0.0,0.0,5.5263195,4.345558,4.9689536,0.94180775,2.2664888,4.081578,7.5406933
3,345,346.0,10.0,1.0,1.0,327.0,1.0,1.0,1.0,0.9987669,1.0,-0.0,0.0,-1.8780487e-05,-0.0012143515,0.25877208,3.3611279,0.394062,4.2973475,1.0097148,3.7959094,0.0,6.029158,-3.7132828,0.7962963,181.80968,1.0,0.0,0.0,1.0,0.0,0,4.349445,0.0,0.0,4.8025436,4.2972846,5.351752,1.5901158,1.4572526,0.0,6.5689282
0,346,347.0,10.0,1.0,1.0,328.0,1.0,1.0,1.0,0.98860073,1.0,-0.0,0.0,-1.067415e-05,-0.011388601,0.21455288,2.950943,0.5907018,2.7383296,0.55692035,5.6833158,0.0,6.765816,-6.980787,0.7592593,193.61177,1.0,0.0,0.0,1.0,0.0,0,6.5939865,0.0,0.0,6.317137,4.133457,5.473677,2.4857497,1.1421657,0.0,6.8202276
1,346,347.0,10.0,1.0,1.0,328.0,1.0,1.0,1.0,0.9999845,1.0,-0.0,0.0,-1.548214e-05,-0.0,0.2306655,3.0033422,0.50312144,3.2775385,0.853088,4.149428,1.0,6.1474586,-4.180784,0.75,189.47275,1.0,0.0,0.0,1.0,0.0,0,6.7292647,0.0,0.0,5.9475284,4.540481,5.0566416,2.3180654,0.9167872,0.0,6.915465
2,346,347.0,10.0,1.0,1.0,328.0,1.0,1.0,0.0,0.9999946,1.0,-0.0,0.0,-5.4289635e-06,-0.0,0.4190229,3.1519756,0.42158744,3.6609044,0.7524386,4.081711,1.0,5.7025175,-1.1437899,0.75,189.88754,1.0,0.0,0.0,1.0,0.0,0,7.2658525,0.0,0.0,6.452273,4.942873,5.1769843,1.1570756,2.4883816,2.3549511,7.4421754
3,346,347.0,10.0,1.0,1.0,328.0,1.0,1.0,1.0,0.99896586,1.0,-0.0,0.0,-1.0950961e-05,-0.001023151,0.22967607,3.3239982,0.4503631,4.785221,1.0081851,3.7952905,0.0,6.031239,-4.66369,0.7962963,182.0085,1.0,0.0,0.0,1.0,0.0,0,5.3501554,0.0,0.0,5.2413836,4.313075,5.316328,1.0740515,1.8098563,0.0,5.9400697
0,347,348.0,10.0,1.0,1.0,329.0,1.0,1.0,0.0,0.98666835,1.0,-0.0,0.0,-1.09675175e-05,-0.01332069,0.5174026,2.8417685,0.538522,1.6776693,0.54858947,5.799241,0.0,7.3380747,-2.7004657,0.7592593,193.61177,1.0,0.0,0.0,1.0,0.0,0,7.2535133,0.0,0.0,6.5361524,4.7253795,5.359819,2.4552338,1.3787863,0.0,6.8648453
1,347,348.0,10.0,1.0,1.0,329.0,1.0,1.0,1.0,0.999989,1.0,-0.0,0.0,-1.1014531e-05,-0.0,0.23486838,3.0402975,0.47453552,3.3930116,0.84934783,4.224591,1.0,6.0526857,-4.011414,0.75,189.73479,1.0,0.0,0.0,1.0,0.0,0,6.931717,0.0,0.0,6.0337915,4.577045,5.5447526,2.445921,1.4590359,0.0,7.025662
2,347,348.0,10.0,1.0,1.0,329.0,1.0,1.0,0.0,0.99998146,1.0,-0.0,0.0,-1.8546443e-05,-0.0,0.50945807,2.8424053,0.39061755,3.2243242,0.7509893,4.1909156,1.0,5.933461,-0.16893354,0.75,189.88754,1.0,0.0,0.0,1.0,0.0,0,7.2565355,0.0,0.0,6.242189,4.809886,5.0832677,1.1546938,2.0598836,2.5108297,7.4957223
3,347,348.0,10.0,1.0,1.0,329.0,1.0,1.0,0.0,0.9990681,1.0,-0.0,0.0,-8.707388e-06,-0.0009232084,0.41684473,3.1571481,0.388706,4.162614,1.0073856,3.79075,0.0,6.2129655,-2.0730746,0.7962963,182.0085,1.0,0.0,0.0,1.0,0.0,0,4.858703,0.0,0.0,5.6294985,5.1475143,5.6934037,1.3184115,1.7692134,0.0,6.1549478
0,348,349.0,10.0,1.0,1.0,330.0,1.0,1.0,0.0,0.9844763,1.0,-0.0,0.0,-2.0016569e-05,-0.01550364,0.51423275,2.6196516,0.55076855,1.4110875,0.5394217,5.9302177,0.0,7.7000294,-2.646518,0.7592593,193.61177,1.0,0.0,0.0,1.0,0.0,0,7.0428376,0.0,0.0,6.1817813,4.7768908,5.2010665,2.2966847,0.9603839,0.0,6.6910152
1,348,349.0,10.0,1.0,1.0,330.0,1.0,1.0,1.0,0.9999933,1.0,-0.0,0.0,-6.674163e-06,-0.0,0.23430623,2.9626954,0.4850023,3.27228,0.84746915,4.2543216,1.0,5.992698,-4.034116,0.75,189.85904,1.0,0.0,0.0,1.0,0.0,0,6.723128,0.0,0.0,5.851525,4.5258927,5.6451383,1.9835382,1.6969607,0.0,6.802198
2,348,349.0,10.0,1.0,1.0,330.0,1.0,1.0,0.0,0.99998224,1.0,-0.0,0.0,-1.7775694e-05,-0.0,0.48725158,2.8187585,0.38750803,2.9997041,0.74874914,4.3167963,1.0,6.0164647,-0.28681102,0.75,189.88754,1.0,0.0,0.0,1.0,0.0,0,7.191231,0.0,0.0,6.212415,4.8436947,5.139258,1.4244227,1.8037354,2.365947,7.6866674
3,348,349.0,10.0,1.0,1.0,330.0,1.0,1.0,0.0,0.9994198,1.0,-0.0,0.0,-1.4361248e-05,-0.00056582503,0.36983564,3.0048966,0.385011,4.044332,1.0045266,3.855861,0.0,6.306801,-2.7621026,0.7962963,182.0085,1.0,0.0,0.0,1.0,0.0,0,4.912348,0.0,0.0,5.4533496,4.987483,5.8277445,1.4752257,1.6206566,0.0,6.3778243
0,349,350.0,10.0,1.0,1.0,331.0,1.0,1.0,1.0,0.9822799,1.0,-0.0,0.0,-1.3913339e-05,-0.017706212,0.33630878,2.6253555,0.5441475,1.7716143,0.53089505,6.062372,0.0,7.2273765,-5.4698353,0.7592593,193.88051,1.0,0.0,0.0,1.0,0.0,0,6.578781,0.0,0.0,6.1026373,4.2780533,5.4984174,2.3107839,1.0568149,0.0,6.622204
1,349,350.0,10.0,1.0,1.0,331.0,1.0,1.0,1.0,0.9999945,1.0,-0.0,0.0,-5.457045e-06,-0.0,0.322954,2.9064703,0.47676408,3.0726657,0.8484546,4.231997,1.0,5.999466,-2.9550931,0.7546296,190.08241,1.0,0.0,0.0,1.0,0.0,0,6.831037,0.0,0.0,5.955224,4.538989,5.8795314,1.8326643,1.6357768,0.0,6.4999013
2,349,350.0,10.0,1.0,1.0,331.0,1.0,1.0,1.0,0.99998283,1.0,-0.0,0.0,-1.7165059e-05,-0.0,0.36948323,2.6401596,0.40494388,3.003095,0.74626344,4.5113583,1.0,5.982451,-2.0856402,0.75,190.13127,1.0,0.0,0.0,1.0,0.0,0,7.0364566,0.0,0.0,6.0836616,4.705829,4.9493356,1.4432625,1.7404383,2.0695212,7.6872563
3,349,350.0,10.0,1.0,1.0,331.0,1.0,1.0,1.0,0.9997515,1.0,-0.0,0.0,-1.5067539e-05,-0.000233436,0.3362071,2.9315493,0.39443368,4.159603,1.0018674,3.9300628,0.0,6.293917,-3.4665232,0.7962963,182.22649,1.0,0.0,0.0,1.0,0.0,0,5.368335,0.0,0.0,5.432228,4.7824445,5.9304113,1.4992977,1.4754891,0.0,6.3082557
0,350,351.0,10.0,1.0,1.0,332.0,1.0,1.0,1.0,0.9804879,1.0,-0.0,0.0,-1.1408324e-05,-0.019500758,0.26087314,2.6876042,0.5456632,1.8053129,0.52277195,6.170045,0.0,7.103736,-6.194218,0.7592593,193.93518,1.0,0.0,0.0,1.0,0.0,0,6.6710377,0.0,0.0,6.1674414,4.2670445,5.5857925,2.1662714,1.6608993,0.0,6.739494
1,350,351.0,10.0,1.0,1.0,332.0,1.0,1.0,1.0,0.9999946,1.0,-0.0,0.0,-5.403612e-06,-0.0,0.3284905,2.8438156,0.46505216,2.6485293,0.8464568,4.242344,1.0,6.08415,-2.4646697,0.7546296,190.17001,1.0,0.0,0.0,1.0,0.0,0,6.844877,0.0,0.0,5.9638033,4.568717,5.8956056,1.8343211,1.7522457,0.0,6.6576858
2,350,351.0,10.0,1.0,1.0,332.0,1.0,1.0,1.0,0.9999906,1.0,-0.0,0.0,-9.398306e-06,-0.0,0.2058547,2.8220923,0.3972197,3.4979756,0.7458818,4.537659,1.0,5.79224,-3.9462755,0.75,190.31143,1.0,0.0,0.0,1.0,0.0,0,7.1308866,0.0,0.0,6.152623,4.7154303,5.181855,1.9265128,2.2621944,0.31062335,7.62716
3,350,351.0,10.0,1.0,1.0,332.0,1.0,1.0,1.0,0.99999076,1.0,-0.0,0.0,-9.2505825e-06,-0.0,0.28683618,2.9715655,0.38325945,3.9276714,0.99992734,3.9160943,1.0,6.2943845,-3.5152426,0.7962963,182.27942,1.0,0.0,0.0,1.0,0.0,0,5.1984468,0.0,0.0,5.4624224,4.913702,5.8727307,1.4359202,1.7349875,0.0,6.1658173
0,351,352.0,10.0,1.0,1.0,333.0,1.0,1.0,1.0,0.981535,1.0,-0.0,0.0,-8.092987e-06,-0.018456886,0.32276362,2.3396015,0.5526937,1.400509,0.5223578,6.107413,0.0,7.3926325,-5.1088605,0.7592593,194.76219,1.0,0.0,0.0,1.0,0.0,0,6.912487,0.0,0.0,6.264111,4.498684,5.2027464,1.7926755,1.7028269,0.0,6.316283
1,351,352.0,10.0,1.0,1.0,333.0,1.0,1.0,1.0,0.99999416,1.0,-0.0,0.0,-5.816872e-06,-0.0,0.3373474,2.5111187,0.46638805,2.4193208,0.8485365,4.232737,1.0,6.159852,-2.3202755,0.7546296,190.97656,1.0,0.0,0.0,1.0,0.0,0,6.7998567,0.0,0.0,5.956018,4.556025,5.921531,1.8525251,1.966455,0.0,6.203091
2,351,352.0,10.0,1.0,1.0,333.0,1.0,1.0,1.0,0.99999344,1.0,-0.0,0.0,-6.531786e-06,-0.0,0.08268729,2.4520752,0.4238016,3.9196913,0.74334955,4.601053,1.0,5.7193336,-5.972055,0.75,191.15189,1.0,0.0,0.0,1.0,0.0,0,6.9022245,0.0,0.0,5.994206,4.5627894,4.9440236,2.055104,2.4540138,0.58294505,7.675636
3,351,352.0,10.0,1.0,1.0,333.0,1.0,1.0,1.0,0.9999931,1.0,-0.0,0.0,-6.9235284e-06,-0.0,0.25346726,2.635482,0.3888928,3.855861,0.999255,3.8815596,1.0,6.3221397,-3.999415,0.7962963,183.08601,1.0,0.0,0.0,1.0,0.0,0,5.213722,0.0,0.0,5.480052,4.859644,5.867029,1.2841185,1.700521,0.0,5.779633
0,352,353.0,10.0,1.0,1.0,334.0,1.0,1.0,1.0,0.9832104,1.0,-0.0,0.0,-6.8587333e-06,-0.01678277,0.42371714,2.3742642,0.56260276,1.2740875,0.5253001,6.0069656,0.0,7.596338,-3.666197,0.7592593,195.24352,1.0,0.0,0.0,1.0,0.0,0,6.9453335,0.0,0.0,6.240249,4.616932,5.366106,1.851165,1.7491814,0.0,5.994764
1,352,353.0,10.0,1.0,1.0,334.0,1.0,1.0,1.0,0.999994,1.0,-0.0,0.0,-6.024522e-06,-0.0,0.41182563,2.573332,0.4793288,2.2262294,0.8484163,4.2294064,1.0,6.251659,-1.2984359,0.7546296,191.48453,1.0,0.0,0.0,1.0,0.0,0,6.7575803,0.0,0.0,5.903897,4.580962,6.170065,1.3706143,1.7986197,0.0,5.959536
2,352,353.0,10.0,1.0,1.0,334.0,1.0,1.0,1.0,0.99999326,1.0,-0.0,0.0,-6.7441565e-06,-0.0,0.17035082,2.5769017,0.42161396,4.1365786,0.7442506,4.6400247,1.0,5.66147,-5.1199894,0.75,191.5584,1.0,0.0,0.0,1.0,0.0,0,7.0877595,0.0,0.0,6.074095,4.659697,5.4036193,1.9342484,2.489052,0.6874376,7.4347878
3,352,353.0,10.0,1.0,1.0,334.0,1.0,1.0,1.0,0.9998505,1.0,-0.0,0.0,-6.8523773e-06,-0.0001426437,0.33721292,2.6662242,0.3776532,3.8377495,1.0011411,3.814219,0.0,6.362237,-2.9506748,0.7962963,183.54654,1.0,0.0,0.0,1.0,0.0,0,5.3578863,0.0,0.0,5.564618,4.905036,6.045411,1.0933521,1.8318882,0.0,5.3996434
0,353,354.0,10.0,1.0,1.0,335.0,1.0,1.0,1.0,0.9855313,1.0,-0.0,0.0,-7.1221634e-06,-0.014461631,0.338408,2.3495798,0.56262684,1.2863152,0.52990615,5.8676972,0.0,7.5075984,-4.4740915,0.7592593,195.7771,1.0,0.0,0.0,1.0,0.0,0,6.8573017,0.0,0.0,6.1772614,4.527613,5.2686715,1.9465514,2.0802026,0.0,5.7685723
1,353,354.0,10.0,1.0,1.0,335.0,1.0,1.0,1.0,0.999993,1.0,-0.0,0.0,-6.950959e-06,-0.0,0.3736552,2.5490334,0.48346603,2.1188657,0.8473455,4.208624,1.0,6.3589997,-1.5429808,0.7546296,192.05325,1.0,0.0,0.0,1.0,0.0,0,6.8275204,0.0,0.0,5.979823,4.5986643,5.9780707,1.6821886,2.0087526,0.0,6.13444
2,353,354.0,10.0,1.0,1.0,335.0,1.0,1.0,1.0,0.9999944,1.0,-0.0,0.0,-5.5824025e-06,-0.0,0.15649366,2.5313044,0.4322224,4.122171,0.7441602,4.6853595,1.0,5.707258,-5.401128,0.75,192.1563,1.0,0.0,0.0,1.0,0.0,0,6.975659,0.0,0.0,5.955578,4.733417,5.480752,1.721964,2.522292,0.70611423,7.4073906
3,353,354.0,10.0,1.0,1.0,335.0,1.0,1.0,1.0,0.9999933,1.0,-0.0,0.0,-6.670704e-06,-0.0,0.32867044,2.6165178,0.37468526,3.8020911,0.9999383,3.815656,1.0,6.43401,-3.0149026,0.7962963,184.11328,1.0,0.0,0.0,1.0,0.0,0,5.339953,0.0,0.0,5.589665,4.9067674,6.1802616,0.82135206,1.5489006,0.0,5.644177
0,354,355.0,10.0,1.0,1.0,336.0,1.0,1.0,1.0,0.9879121,1.0,-0.0,0.0,-8.36696e-06,-0.012079538,0.35933256,2.5073445,0.57179934,1.6124865,0.5332223,5.724772,0.0,7.142733,-4.301117,0.7592593,196.37651,1.0,0.0,0.0,1.0,0.0,0,6.516411,0.0,0.0,5.7515407,4.4924192,5.2338758,2.1962566,2.048646,0.0,5.9861965
1,354,355.0,10.0,1.0,1.0,336.0,1.0,1.0,1.0,0.99999285,1.0,-0.0,0.0,-7.1623886e-06,-0.0,0.39357728,2.6881115,0.49642128,2.5101478,0.8470663,4.1768823,1.0,6.1594696,-1.529484,0.7546296,192.66621,1.0,0.0,0.0,1.0,0.0,0,6.6354556,0.0,0.0,5.4469457,4.836709,5.6283236,1.5856041,2.056487,0.0,5.5983214
2,354,355.0,10.0,1.0,1.0,336.0,1.0,1.0,1.0,0.9999941,1.0,-0.0,0.0,-5.880434e-06,-0.0,0.25591254,2.6627681,0.4537669,4.45636,0.74486625,4.688366,1.0,5.5466933,-4.427089,0.75,192.78,1.0,0.0,0.0,1.0,0.0,0,6.8929853,0.0,0.0,5.918753,4.8947673,5.613585,1.7786257,2.6227894,0.93934,7.112296
3,354,355.0,10.0,1.0,1.0,336.0,1.0,1.0,1.0,0.9997994,1.0,-0.0,0.0,-7.5194694e-06,-0.0001930981,0.3727749,2.7629259,0.39550593,4.1365786,1.0015447,3.7485945,0.0,6.334811,-2.674288,0.7962963,184.72635,1.0,0.0,0.0,1.0,0.0,0,5.122417,0.0,0.0,5.24693,4.9019613,6.24161,0.917789,1.6006896,0.0,5.4727597
0,355,356.0,10.0,1.0,1.0,337.0,1.0,1.0,0.0,0.9903641,1.0,-0.0,0.0,-8.818798e-06,-0.009627123,0.5650245,2.694407,0.56520975,1.2524018,0.53791606,5.5776267,0.0,7.6977353,-1.2623695,0.7592593,196.37651,1.0,0.0,0.0,1.0,0.0,0,7.5591917,0.0,0.0,6.590705,4.88956,5.233303,2.3625712,1.7529873,0.0,6.1985
1,355,356.0,10.0,1.0,1.0,337.0,1.0,1.0,1.0,0.9999918,1.0,-0.0,0.0,-8.233058e-06,-0.0,0.5122054,2.9020064,0.48929346,2.3016014,0.8467799,4.1783814,1.0,6.443268,-0.056951307,0.7546296,192.95253,1.0,0.0,0.0,1.0,0.0,0,7.1588626,0.0,0.0,6.151797,4.7737546,5.689637,1.611858,1.6014811,0.0,5.7820415
2,355,356.0,10.0,1.0,1.0,337.0,1.0,1.0,1.0,0.9999935,1.0,-0.0,0.0,-6.5104014e-06,-0.0,0.43980703,2.8710861,0.41269735,3.7448332,0.74460495,4.6987076,1.0,5.7216635,-1.8487749,0.75,193.05978,1.0,0.0,0.0,1.0,0.0,0,7.597527,0.0,0.0,6.808866,4.894232,5.71769,2.0719748,2.4187093,0.94795847,7.447273
3,355,356.0,10.0,1.0,1.0,337.0,1.0,1.0,1.0,0.99985296,1.0,-0.0,0.0,-8.265939e-06,-0.00013874378,0.50186515,2.9809296,0.3788159,3.9738405,1.00111,3.7335281,0.0,6.4526343,-0.9777164,0.7962963,185.03998,1.0,0.0,0.0,1.0,0.0,0,4.647921,0.0,0.0,5.7438483,5.205097,6.3633995,0.7707035,1.598854,0.0,5.6833982
0,356,357.0,10.0,1.0,1.0,338.0,1.0,1.0,1.0,0.99043363,1.0,-0.0,0.0,-1.65228e-05,-0.009549885,0.45179093,2.6617599,0.54595184,1.3887231,0.5336704,5.572993,0.0,7.6622663,-2.7619405,0.7592593,196.76195,1.0,0.0,0.0,1.0,0.0,0,7.2800684,0.0,0.0,6.3409104,4.811187,5.2150955,2.554075,1.0953513,0.0,6.6305118
1,356,357.0,10.0,1.0,1.0,338.0,1.0,1.0,1.0,0.9999912,1.0,-0.0,0.0,-8.842247e-06,-0.0,0.44843704,2.9983077,0.47223303,2.393298,0.8446405,4.17332,1.0,6.4999886,-0.6676828,0.7546296,193.36354,1.0,0.0,0.0,1.0,0.0,0,7.026867,0.0,0.0,6.127284,4.7003126,5.599389,1.4823164,1.26151,0.0,5.8303456
2,356,357.0,10.0,1.0,1.0,338.0,1.0,1.0,1.0,0.9999928,1.0,-0.0,0.0,-7.22148e-06,-0.0,0.46683586,2.9204295,0.3844996,3.3143513,0.74364305,4.665936,1.0,5.8525,-1.0985053,0.75,193.42896,1.0,0.0,0.0,1.0,0.0,0,7.532613,0.0,0.0,6.650504,4.977494,5.798224,1.751585,2.32691,0.98540086,7.2296896
3,356,357.0,10.0,1.0,1.0,338.0,1.0,1.0,1.0,0.99999154,1.0,-0.0,0.0,-8.4569865e-06,-0.0,0.42138582,3.0694823,0.3763157,4.1927834,0.99899536,3.7103925,1.0,6.371568,-1.8823063,0.7962963,185.46233,1.0,0.0,0.0,1.0,0.0,0,4.9215136,0.0,0.0,5.577052,4.9883614,6.3440166,0.616791,1.4980558,0.0,5.6960273
0,357,358.0,10.0,1.0,1.0,339.0,1.0,1.0,1.0,0.9910072,1.0,-0.0,0.0,-1.3639907e-05,-0.008979116,0.29945523,2.799958,0.5395539,1.7961851,0.5327732,5.5387464,0.0,7.1568637,-4.6828604,0.7592593,197.11694,1.0,0.0,0.0,1.0,0.0,0,6.998482,0.0,0.0,6.184072,4.502921,5.6577115,2.3146434,1.2132454,0.0,6.5212946
1,357,358.0,10.0,1.0,1.0,339.0,1.0,1.0,1.0,0.9999924,1.0,-0.0,0.0,-7.602423e-06,-0.0,0.31996518,2.9997578,0.48256987,2.6805499,0.84099567,4.1765075,1.0,6.338586,-2.2905161,0.7546296,193.63953,1.0,0.0,0.0,1.0,0.0,0,6.871167,0.0,0.0,5.9752426,4.6231565,5.502839,1.4995089,1.2079825,0.0,5.988516
2,357,358.0,10.0,1.0,1.0,339.0,1.0,1.0,1.0,0.99999404,1.0,-0.0,0.0,-5.9563504e-06,-0.0,0.42733848,2.8905542,0.38716397,3.1553674,0.74238807,4.617529,1.0,5.8699236,-1.341491,0.75,193.68068,1.0,0.0,0.0,1.0,0.0,0,7.393888,0.0,0.0,6.5585513,4.9333405,5.842003,1.814678,2.3991363,1.0133343,7.179512
3,357,358.0,10.0,1.0,1.0,339.0,1.0,1.0,1.0,0.9999918,1.0,-0.0,0.0,-8.203586e-06,-0.0,0.36060587,3.0613325,0.38442174,4.2401285,0.996104,3.6981356,1.0,6.296658,-2.5105076,0.7962963,185.7292,1.0,0.0,0.0,1.0,0.0,0,5.0276113,0.0,0.0,5.587688,4.9340906,6.058007,0.5957394,1.4584371,0.0,5.8563623
0,358,359.0,10.0,1.0,1.0,340.0,1.0,1.0,1.0,0.9918616,1.0,-0.0,0.0,-1.1456073e-05,-0.008126993,0.29882157,2.763058,0.55557597,1.9774671,0.5340546,5.487619,0.0,6.9564066,-4.875415,0.7592593,197.38652,1.0,0.0,0.0,1.0,0.0,0,7.0388093,0.0,0.0,6.2888527,4.4452085,5.602162,2.635089,1.4568692,0.0,6.501272
1,358,359.0,10.0,1.0,1.0,340.0,1.0,1.0,1.0,0.99999213,1.0,-0.0,0.0,-7.850133e-06,-0.0,0.2659835,3.0210264,0.4889523,3.1379538,0.84049106,4.165246,1.0,6.167549,-3.1948323,0.7546296,193.9655,1.0,0.0,0.0,1.0,0.0,0,6.8903503,0.0,0.0,5.993401,4.5839643,5.390275,1.5029745,1.1842005,0.0,5.9160867
2,358,359.0,10.0,1.0,1.0,340.0,1.0,1.0,1.0,0.99999446,1.0,-0.0,0.0,-5.5415394e-06,-0.0,0.4023701,2.8982136,0.38519758,3.3112795,0.741166,4.5792217,1.0,5.8164186,-1.6885912,0.75,193.98322,1.0,0.0,0.0,1.0,0.0,0,7.377199,0.0,0.0,6.5152054,4.9093294,5.8095284,1.849963,2.3527126,1.0777794,7.2416487
3,358,359.0,10.0,1.0,1.0,340.0,1.0,1.0,1.0,0.99999124,1.0,-0.0,0.0,-8.777933e-06,-0.0,0.40483847,3.0468452,0.37600905,4.1706924,0.99424666,3.6645377,1.0,6.306583,-1.8671294,0.7962963,186.02399,1.0,0.0,0.0,1.0,0.0,0,5.0481515,0.0,0.0,5.7183433,5.024685,6.071838,0.56351876,1.588399,0.0,5.8929915
0,359,360.0,10.0,1.0,1.0,341.0,1.0,1.0,1.0,0.9935537,1.0,-0.0,0.0,-9.076988e-06,-0.006437268,0.4312787,2.7691407,0.5343361,1.5297887,0.53679764,5.3862357,0.0,7.277451,-2.6403842,0.7592593,197.6808,1.0,0.0,0.0,1.0,0.0,0,7.557325,0.0,0.0,6.5815387,4.8347535,5.710136,2.8254263,1.4443313,0.0,6.7461185
1,359,360.0,10.0,1.0,1.0,341.0,1.0,1.0,1.0,0.9999922,1.0,-0.0,0.0,-7.800609e-06,-0.0,0.23656599,3.028648,0.48398235,3.252605,0.8388119,4.1738825,1.0,6.0545635,-3.435797,0.7546296,194.25952,1.0,0.0,0.0,1.0,0.0,0,6.948348,0.0,0.0,6.0241127,4.59128,5.7273088,1.4767532,1.1325201,0.0,6.123405
2,359,360.0,10.0,1.0,1.0,341.0,1.0,1.0,1.0,0.9999947,1.0,-0.0,0.0,-5.2801365e-06,-0.0,0.34688786,2.9059365,0.3819909,3.4786768,0.7400303,4.552817,1.0,5.7306995,-2.3091576,0.75,194.2705,1.0,0.0,0.0,1.0,0.0,0,7.359955,0.0,0.0,6.4419966,4.878196,5.827252,2.2083383,2.6008084,0.0,7.1852393
3,359,360.0,10.0,1.0,1.0,341.0,1.0,1.0,1.0,0.99999166,1.0,-0.0,0.0,-8.354597e-06,-0.0,0.42005366,3.0376263,0.35977092,4.02454,0.9915623,3.629766,1.0,6.3393908,-1.3387734,0.7962963,186.30576,1.0,0.0,0.0,1.0,0.0,0,4.9253516,0.0,0.0,5.7218018,5.090011,6.221262,0.5367439,1.5365212,0.0,5.938253
0,360,361.0,10.0,1.0,1.0,342.0,1.0,1.0,1.0,0.9943915,1.0,-0.0,0.0,-8.59345e-06,-0.005599937,0.43071806,2.7613125,0.5214693,1.5338764,0.53760123,5.3359957,0.0,7.3271565,-2.4533746,0.7592593,197.972,1.0,0.0,0.0,1.0,0.0,0,7.4232454,0.0,0.0,6.44149,4.851235,5.9003415,2.8222234,1.4440492,0.0,6.6978846
1,360,361.0,10.0,1.0,1.0,342.0,1.0,1.0,1.0,0.99999213,1.0,-0.0,0.0,-7.869372e-06,-0.0,0.26330167,3.019467,0.47970176,3.203622,0.8387355,4.164494,1.0,5.9655523,-3.033123,0.7546296,194.53934,1.0,0.0,0.0,1.0,0.0,0,6.9478936,0.0,0.0,6.0342975,4.5934668,5.667532,1.5404433,1.1684978,0.0,6.090733
2,360,361.0,10.0,1.0,1.0,342.0,1.0,1.0,1.0,0.9999942,1.0,-0.0,0.0,-5.790389e-06,-0.0,0.30363017,2.9221435,0.38353977,3.7091262,0.73910475,4.546278,1.0,5.60427,-2.8560786,0.75,194.55476,1.0,0.0,0.0,1.0,0.0,0,7.3291206,0.0,0.0,6.397748,4.835896,6.006612,2.3021858,2.4417388,0.0,7.34243
3,360,361.0,10.0,1.0,1.0,342.0,1.0,1.0,1.0,0.9999917,1.0,-0.0,0.0,-8.267989e-06,-0.0,0.42034537,3.0459144,0.35500458,4.021231,0.9892599,3.5889926,1.0,6.3029757,-1.1718823,0.7962963,186.59218,1.0,0.0,0.0,1.0,0.0,0,5.0525904,0.0,0.0,5.706212,4.9980927,6.291429,0.62216944,1.7361404,0.0,6.013318
0,361,362.0,10.0,1.0,1.0,343.0,1.0,1.0,1.0,0.9961315,1.0,-0.0,0.0,-7.2071402e-06,-0.0038612909,0.363316,2.8027096,0.51564085,1.8540803,0.54131544,5.231677,0.0,7.0064187,-3.3987603,0.7592593,198.29666,1.0,0.0,0.0,1.0,0.0,0,7.1705046,0.0,0.0,6.3062854,4.602394,6.0275335,2.9016776,1.6284744,0.0,6.707861
1,361,362.0,10.0,1.0,1.0,343.0,1.0,1.0,1.0,0.9999926,1.0,-0.0,0.0,-7.40904e-06,-0.0,0.31231865,2.99632,0.46833596,2.9634745,0.83762574,4.1498055,1.0,5.9457054,-2.2120616,0.7546296,194.81296,1.0,0.0,0.0,1.0,0.0,0,6.998433,0.0,0.0,6.081321,4.6092043,5.6777897,1.5702866,1.1793624,0.0,6.169691
2,361,362.0,10.0,1.0,1.0,343.0,1.0,1.0,1.0,0.99999416,1.0,-0.0,0.0,-5.864354e-06,-0.0,0.28033182,2.9163735,0.3818555,3.8491554,0.738843,4.5521293,1.0,5.4940114,-3.135412,0.75,194.83453,1.0,0.0,0.0,1.0,0.0,0,7.3336716,0.0,0.0,6.3123064,4.8287134,6.106429,2.582722,2.6099982,0.0,7.4028096
3,361,362.0,10.0,1.0,1.0,343.0,1.0,1.0,1.0,0.99999243,1.0,-0.0,0.0,-7.542879e-06,-0.0,0.42729044,3.040776,0.3470768,3.975219,0.9867789,3.5457637,1.0,6.3063035,-0.9036614,0.7962963,186.87437,1.0,0.0,0.0,1.0,0.0,0,5.072037,0.0,0.0,5.7520266,5.0071917,6.4033933,0.5091265,1.721154,0.0,5.979205
0,362,363.0,10.0,1.0,1.0,344.0,1.0,1.0,1.0,0.9975906,1.0,-0.0,0.0,-6.9832836e-06,-0.0024024195,0.47529787,2.666711,0.5566117,2.5926743,0.5446787,5.1441445,0.0,6.7197437,-2.9735928,0.7592593,198.6074,1.0,0.0,0.0,1.0,0.0,0,7.285907,0.0,0.0,6.471445,4.684004,6.1044593,2.965479,1.7118094,0.0,6.7478504
1,362,363.0,10.0,1.0,1.0,344.0,1.0,1.0,1.0,0.9999929,1.0,-0.0,0.0,-7.081321e-06,-0.0,0.44137016,2.851728,0.50502264,3.5049062,0.8363938,4.1183705,1.0,5.9820576,-1.5255203,0.7546296,195.11143,1.0,0.0,0.0,1.0,0.0,0,7.1357927,0.0,0.0,6.0510406,4.923328,5.697719,1.5321107,1.1706542,0.0,6.176016
2,362,363.0,10.0,1.0,1.0,344.0,1.0,1.0,1.0,0.99999446,1.0,-0.0,0.0,-5.5379787e-06,-0.0,0.34843907,2.789838,0.43695405,4.8218927,0.737917,4.5679245,1.0,5.595835,-3.383848,0.75,195.14197,1.0,0.0,0.0,1.0,0.0,0,7.2784815,0.0,0.0,6.693021,4.7700853,6.1573505,2.4689558,2.4721298,0.0,7.510611
3,362,363.0,10.0,1.0,1.0,344.0,1.0,1.0,1.0,0.9999926,1.0,-0.0,0.0,-7.409706e-06,-0.0,0.5392015,2.9007106,0.39606848,4.408139,0.9845979,3.5118232,1.0,6.337411,-0.46326128,0.7962963,187.17836,1.0,0.0,0.0,1.0,0.0,0,6.756538,0.0,0.0,6.15733,4.8156023,6.5408783,0.5548569,1.791751,0.0,6.0710745
0,363,364.0,10.0,1.0,1.0,345.0,1.0,1.0,0.0,0.998588,1.0,-0.0,0.0,-9.788095e-06,-0.0014022094,0.7082429,2.5847857,0.50666875,1.5983477,0.5454804,5.084132,0.0,7.6741924,1.276561,0.7592593,198.6074,1.0,0.0,0.0,1.0,0.0,0,7.962516,0.0,0.0,6.698579,5.2590756,6.2469463,2.8397064,1.388016,0.0,6.861883
1,363,364.0,10.0,1.0,1.0,345.0,1.0,1.0,0.0,0.99999005,1.0,-0.0,0.0,-9.9720055e-06,-0.0,0.687515,2.7584808,0.4567177,2.089853,0.8335407,4.1206512,1.0,6.5689206,2.747518,0.7546296,195.11143,1.0,0.0,0.0,1.0,0.0,0,7.376627,0.0,0.0,6.0523434,5.0124626,5.72382,1.5144197,1.0474502,0.0,6.370474
2,363,364.0,10.0,1.0,1.0,345.0,1.0,1.0,1.0,0.999992,1.0,-0.0,0.0,-8.005822e-06,-0.0,0.5673468,2.7081485,0.3814968,3.1786013,0.7363279,4.5923676,1.0,5.6134944,0.42805913,0.75,195.29945,1.0,0.0,0.0,1.0,0.0,0,7.739304,0.0,0.0,6.730736,4.989931,6.2208033,2.483718,2.326824,0.0,7.7124114
3,363,364.0,10.0,1.0,1.0,345.0,1.0,1.0,0.0,0.99998885,1.0,-0.0,0.0,-1.1125502e-05,-0.0,0.6914824,2.839235,0.30552432,3.6875365,0.98087674,3.5064692,1.0,6.8099093,2.5896122,0.7962963,187.17836,1.0,0.0,0.0,1.0,0.0,0,4.995268,0.0,0.0,6.254241,5.7188816,6.534679,0.5574315,1.6806848,0.0,6.2367663
0,364,365.0,10.0,1.0,1.0,346.0,1.0,1.0,1.0,0.998227,1.0,-0.0,0.0,-1.47822875e-05,-0.0017582116,0.38807318,2.6266403,0.5075761,1.91595,0.5422973,5.105492,0.0,7.0788665,-2.8918507,0.7592593,198.79137,1.0,0.0,0.0,1.0,0.0,0,7.017867,0.0,0.0,5.9531956,4.6637383,6.0990176,2.9688995,1.3499588,0.0,6.928337
1,364,365.0,10.0,1.0,1.0,346.0,1.0,1.0,1.0,0.99998033,1.0,-0.0,0.0,-1.967143e-05,-0.0,0.61113274,2.701884,0.4985441,1.7209661,0.8280916,4.209368,1.0,6.8487086,2.1305914,0.7546296,195.21078,1.0,0.0,0.0,1.0,0.0,0,7.0112414,0.0,0.0,6.082065,4.745544,5.499979,1.677293,0.9829109,0.0,6.763708
2,364,365.0,10.0,1.0,1.0,346.0,1.0,1.0,1.0,0.99999,1.0,-0.0,0.0,-1.0023266e-05,-0.0,0.5589403,2.7790987,0.4142768,2.6440926,0.73521066,4.57409,1.0,5.760276,0.9619156,0.75,195.39413,1.0,0.0,0.0,1.0,0.0,0,7.4678683,0.0,0.0,6.518509,4.932927,6.54678,2.670293,2.5437286,0.0,7.6858335
3,364,365.0,10.0,1.0,1.0,346.0,1.0,1.0,1.0,0.99998784,1.0,-0.0,0.0,-1.2130532e-05,-0.0,0.40366054,2.8883407,0.34639803,4.1297607,0.97744966,3.5598652,1.0,6.3630996,-1.2627943,0.7962963,187.34508,1.0,0.0,0.0,1.0,0.0,0,5.9522953,0.0,0.0,5.58808,4.5584908,6.4800253,0.8166475,1.6323724,0.0,6.3929205
0,365,366.0,10.0,1.0,1.0,347.0,1.0,1.0,1.0,0.9981143,1.0,-0.0,0.0,-1.257981e-05,-0.0018731509,0.1405321,2.7928948,0.5404967,3.0805533,0.5417221,5.1123886,0.0,6.3641777,-6.393465,0.7592593,198.937,1.0,0.0,0.0,1.0,0.0,0,6.5703316,0.0,0.0,5.7692666,4.3090043,6.423329,2.874461,1.8027447,0.0,6.8639226
1,365,366.0,10.0,1.0,1.0,347.0,1.0,1.0,1.0,0.99998945,1.0,-0.0,0.0,-1.0572903e-05,-0.0,0.41319802,2.8179402,0.4839125,1.9889128,0.82556677,4.1866174,1.0,6.6185875,-0.09626057,0.7546296,195.30595,1.0,0.0,0.0,1.0,0.0,0,7.057958,0.0,0.0,6.105499,4.67656,5.560606,1.497855,1.0132521,0.0,6.5838585
2,365,366.0,10.0,1.0,1.0,347.0,1.0,1.0,1.0,0.99999326,1.0,-0.0,0.0,-6.7293854e-06,-0.0,0.44907182,2.7682133,0.4104203,2.76167,0.7329674,4.5373144,1.0,5.7428966,-0.25603083,0.75,195.43933,1.0,0.0,0.0,1.0,0.0,0,7.483806,0.0,0.0,6.5518675,4.9009233,6.348772,2.543213,2.5020278,0.0,7.6071515
3,365,366.0,10.0,1.0,1.0,347.0,1.0,1.0,1.0,0.9999907,1.0,-0.0,0.0,-9.313531e-06,-0.0,0.3370531,2.975402,0.35552615,4.3086276,0.9765458,3.556565,1.0,6.2770414,-1.9592,0.7962963,187.38449,1.0,0.0,0.0,1.0,0.0,0,6.133673,0.0,0.0,5.934511,4.788606,6.64958,0.7045774,1.746748,0.0,6.2347145
0,366,367.0,10.0,1.0,1.0,348.0,1.0,1.0,1.0,0.9985115,1.0,-0.0,0.0,-9.366271e-06,-0.0014791628,0.4036296,2.7324424,0.5387082,2.699754,0.54213136,5.0887494,0.0,6.482498,-3.468453,0.7592593,199.23712,1.0,0.0,0.0,1.0,0.0,0,7.301822,0.0,0.0,6.3858933,4.5154276,5.9117727,3.1033082,1.7998265,0.0,6.8845453
1,366,367.0,10.0,1.0,1.0,348.0,1.0,1.0,1.0,0.99999267,1.0,-0.0,0.0,-7.3491965e-06,-0.0,0.3979683,2.874322,0.4891567,2.6679637,0.82574004,4.1817527,1.0,6.256706,-1.1948076,0.7546296,195.6812,1.0,0.0,0.0,1.0,0.0,0,6.9676514,0.0,0.0,6.057404,4.5384364,5.799443,1.5150675,1.1795418,0.0,6.3359637
2,366,367.0,10.0,1.0,1.0,348.0,1.0,1.0,1.0,0.999994,1.0,-0.0,0.0,-6.0416346e-06,-0.0,0.5037967,2.838132,0.39874947,3.1790938,0.73156923,4.515175,1.0,5.5840206,-0.10032859,0.75,195.82883,1.0,0.0,0.0,1.0,0.0,0,7.4248343,0.0,0.0,6.3416185,4.8635054,6.245033,2.6073756,2.490472,0.0,7.650322
3,366,367.0,10.0,1.0,1.0,348.0,1.0,1.0,1.0,0.9999924,1.0,-0.0,0.0,-7.605098e-06,-0.0,0.54400265,2.9368954,0.34385303,4.0703793,0.9759029,3.553262,1.0,6.377996,0.37580448,0.7962963,187.71004,1.0,0.0,0.0,1.0,0.0,0,5.844343,0.0,0.0,6.054187,5.026784,6.7387056,1.297192,1.7429782,0.0,6.347167
0,367,368.0,10.0,1.0,1.0,349.0,1.0,1.0,1.0,0.9990626,1.0,-0.0,0.0,-8.7354265e-06,-0.00092862826,0.38593486,2.6980696,0.49950448,1.9044769,0.5420946,5.0557175,0.0,6.993248,-2.4524283,0.7592593,199.32222,1.0,0.0,0.0,1.0,0.0,0,7.812295,0.0,0.0,6.564082,5.0373497,6.161629,3.0857098,1.5304992,0.0,7.0647597
1,367,368.0,10.0,1.0,1.0,349.0,1.0,1.0,1.0,0.99999356,1.0,-0.0,0.0,-6.4355854e-06,-0.0,0.1380423,2.8627498,0.48627308,2.9834816,0.8263534,4.1825013,1.0,6.0842147,-3.960884,0.7592593,195.71417,1.0,0.0,0.0,1.0,0.0,0,7.1321163,0.0,0.0,6.1869283,4.499482,6.576699,1.5528462,1.2311753,0.0,6.6455836
2,367,368.0,10.0,1.0,1.0,349.0,1.0,1.0,1.0,0.9999944,1.0,-0.0,0.0,-5.62632e-06,-0.0,0.201606,2.8201697,0.4003121,3.574568,0.7300496,4.5077133,1.0,5.392196,-3.3743148,0.75,195.88234,1.0,0.0,0.0,1.0,0.0,0,7.3315477,0.0,0.0,6.164355,4.788342,6.2805357,2.628601,2.4664807,0.0,7.7784657
3,367,368.0,10.0,1.0,1.0,349.0,1.0,1.0,1.0,0.99999285,1.0,-0.0,0.0,-7.1701616e-06,-0.0,0.3543988,2.9245136,0.32806,3.981909,0.97212595,3.5673337,1.0,6.399541,-1.1482341,0.7962963,187.77374,1.0,0.0,0.0,1.0,0.0,0,5.7887287,0.0,0.0,5.989209,4.990265,6.645153,1.1849898,1.7534963,0.0,6.5450554
0,368,369.0,10.0,1.0,1.0,350.0,1.0,1.0,1.0,0.999992,1.0,-0.0,0.0,-7.985412e-06,-0.0,0.5249027,2.7295134,0.4966849,2.199346,0.54587835,4.9765835,1.0,6.7280564,-1.3837135,0.7592593,199.67128,1.0,0.0,0.0,1.0,0.0,0,7.313628,0.0,0.0,6.2608514,4.7214427,6.1579957,3.2120836,1.7171661,0.0,7.0320735
1,368,369.0,10.0,1.0,1.0,350.0,1.0,1.0,1.0,0.99999183,1.0,-0.0,0.0,-8.1404105e-06,-0.0,0.35306364,2.9106295,0.49294844,3.1610682,0.8280526,4.1974487,1.0,5.9735975,-2.0162306,0.7592593,196.04114,1.0,0.0,0.0,1.0,0.0,0,7.173075,0.0,0.0,6.2645874,4.5175657,6.716337,1.6012627,1.2837942,0.0,6.435699
2,368,369.0,10.0,1.0,1.0,350.0,1.0,1.0,1.0,0.9999932,1.0,-0.0,0.0,-6.8235204e-06,-0.0,0.32119155,2.8980975,0.4110748,4.2236648,0.73088807,4.499891,1.0,5.243366,-2.7036881,0.75,196.24675,1.0,0.0,0.0,1.0,0.0,0,7.200372,0.0,0.0,6.139464,4.646933,6.6875954,2.4396875,2.8447878,0.0,7.5269217
3,368,369.0,10.0,1.0,1.0,350.0,1.0,1.0,0.0,0.99999213,1.0,-0.0,0.0,-7.838082e-06,-0.0,0.54311454,2.964428,0.33843723,4.0979815,0.9718625,3.5289452,1.0,6.306645,0.5810009,0.7962963,187.77374,1.0,0.0,0.0,1.0,0.0,0,6.188789,0.0,0.0,5.9749246,4.8001456,6.9142056,1.1585582,2.0384793,0.0,6.3877244
0,369,370.0,10.0,1.0,1.0,351.0,1.0,1.0,1.0,0.9999938,1.0,-0.0,0.0,-6.1913597e-06,-0.0,0.24080388,2.7251632,0.49311924,2.4857056,0.54552776,4.961931,1.0,6.501346,-4.373399,0.7638889,199.70592,1.0,0.0,0.0,1.0,0.0,0,7.2741857,0.0,0.0,6.25493,4.577129,6.2732515,3.1250863,2.00538,0.0,7.0317855
1,369,370.0,10.0,1.0,1.0,351.0,1.0,1.0,1.0,0.9999938,1.0,-0.0,0.0,-6.1957844e-06,-0.0,0.23687445,2.790064,0.4779348,2.709594,0.8264658,4.2556095,1.0,6.0600977,-2.718865,0.7638889,196.19034,1.0,0.0,0.0,1.0,0.0,0,7.3696084,0.0,0.0,6.41072,4.564673,6.6587605,2.0856104,1.3689367,0.0,6.7675896
2,369,370.0,10.0,1.0,1.0,351.0,1.0,1.0,1.0,0.9999947,1.0,-0.0,0.0,-5.3057265e-06,-0.0,0.15926379,2.79977,0.40375748,4.033672,0.7307162,4.498151,1.0,5.176232,-4.0766215,0.75,196.37656,1.0,0.0,0.0,1.0,0.0,0,7.3841004,0.0,0.0,6.3287673,4.6914873,6.839483,2.550788,2.8582227,0.0,7.598994
3,369,370.0,10.0,1.0,1.0,351.0,1.0,1.0,1.0,0.99998355,1.0,-0.0,0.0,-1.6454482e-05,-0.0,0.31306148,2.7636514,0.3319344,3.9921193,0.9671552,3.6572678,1.0,6.425654,-1.8508351,0.7962963,188.0351,1.0,0.0,0.0,1.0,0.0,0,6.0836067,0.0,0.0,6.077422,4.9233003,6.944161,1.237186,1.5816813,0.29529428,6.8105235
0,370,371.0,10.0,1.0,1.0,352.0,1.0,1.0,1.0,0.9999926,1.0,-0.0,0.0,-7.410037e-06,-0.0,0.44479743,2.7841735,0.50219595,2.655318,0.54938656,4.894892,1.0,6.34341,-2.3757899,0.7638889,199.95448,1.0,0.0,0.0,1.0,0.0,0,7.2530265,0.0,0.0,6.3334675,4.517389,6.2857695,3.207577,2.0314322,0.0,7.029377
1,370,371.0,10.0,1.0,1.0,352.0,1.0,1.0,1.0,0.99999267,1.0,-0.0,0.0,-7.3338397e-06,-0.0,0.5103368,2.8404121,0.48338756,2.4434655,0.82817495,4.2541375,1.0,6.1570826,0.28489622,0.7638889,196.41612,1.0,0.0,0.0,1.0,0.0,0,7.157052,0.0,0.0,6.55495,4.3547153,6.6444316,2.0778391,1.4140953,0.0,6.6057243
2,370,371.0,10.0,1.0,1.0,352.0,1.0,1.0,1.0,0.9999937,1.0,-0.0,0.0,-6.329679e-06,-0.0,0.4302971,2.8301194,0.40207487,3.8275366,0.7316382,4.4894404,1.0,5.106914,-1.1204789,0.75,196.61368,1.0,0.0,0.0,1.0,0.0,0,7.4230337,0.0,0.0,6.50054,4.7361236,6.966225,2.438795,3.0591078,0.0,7.357501
3,370,371.0,10.0,1.0,1.0,352.0,1.0,1.0,1.0,0.999988,1.0,-0.0,0.0,-1.199643e-05,-0.0,0.4940558,2.912345,0.3298703,4.072879,0.9686646,3.652984,1.0,6.325271,0.11161063,0.7962963,188.35373,1.0,0.0,0.0,1.0,0.0,0,6.2382555,0.0,0.0,6.05217,4.863574,7.8053513,1.3826907,1.7876011,0.0,6.8334017
0,371,372.0,10.0,1.0,1.0,353.0,1.0,1.0,1.0,0.999994,1.0,-0.0,0.0,-6.0238417e-06,-0.0,0.33390856,2.7107472,0.4872259,2.2700984,0.5487017,4.8936124,1.0,6.5734267,-3.0575292,0.7638889,200.0752,1.0,0.0,0.0,1.0,0.0,0,7.631042,0.0,0.0,6.5228095,4.760383,6.3119493,3.2253075,2.0092502,0.0,7.0773945
1,371,372.0,10.0,1.0,1.0,353.0,1.0,1.0,1.0,0.9999932,1.0,-0.0,0.0,-6.8227237e-06,-0.0,0.40025002,2.7453537,0.49850294,1.957576,0.8242281,4.2820177,1.0,6.350762,-0.29285717,0.7638889,196.5674,1.0,0.0,0.0,1.0,0.0,0,7.3487163,0.0,0.0,6.3792725,4.6574445,6.113222,2.2875905,1.3086591,0.0,6.896626
2,371,372.0,10.0,1.0,1.0,353.0,1.0,1.0,1.0,0.9999944,1.0,-0.0,0.0,-5.590314e-06,-0.0,0.32452607,2.7371173,0.39792797,3.3809934,0.7308241,4.4689903,1.0,5.158296,-1.6954905,0.75,196.74509,1.0,0.0,0.0,1.0,0.0,0,7.5479746,0.0,0.0,6.5233164,4.825867,6.9339514,2.70043,3.068676,0.0,7.4431453
3,371,372.0,10.0,1.0,1.0,353.0,1.0,1.0,1.0,0.9999925,1.0,-0.0,0.0,-7.491982e-06,-0.0,0.2971083,2.8308077,0.3367606,4.0109005,0.9661448,3.6972888,1.0,6.3112445,-1.8758988,0.7962963,188.50241,1.0,0.0,0.0,1.0,0.0,0,6.351278,0.0,0.0,6.041968,4.7941732,8.029594,1.175407,2.078379,0.24126211,6.876051
0,372,373.0,10.0,1.0,1.0,354.0,1.0,1.0,1.0,0.99999344,1.0,-0.0,0.0,-6.538995e-06,-0.0,0.51067436,2.7436552,0.48331732,2.3946056,0.5514957,4.844409,1.0,6.459225,-1.3072388,0.7638889,200.29442,1.0,0.0,0.0,1.0,0.0,0,7.449043,0.0,0.0,6.430185,4.67651,6.279124,3.4451487,2.101934,0.0,7.1341324
1,372,373.0,10.0,1.0,1.0,354.0,1.0,1.0,0.0,0.99999297,1.0,-0.0,0.0,-7.0548303e-06,-0.0,0.60013795,2.7851138,0.5039656,1.8641846,0.8211904,4.2541375,1.0,6.381469,1.913744,0.7638889,196.5674,1.0,0.0,0.0,1.0,0.0,0,7.313277,0.0,0.0,6.3760223,4.6620336,5.9149723,2.3071527,1.367108,0.0,6.948688
2,372,373.0,10.0,1.0,1.0,354.0,1.0,1.0,1.0,0.999994,1.0,-0.0,0.0,-6.0195052e-06,-0.0,0.49412027,2.7699344,0.39476693,3.4456658,0.7297822,4.4547787,1.0,5.093353,0.027657486,0.75,196.95744,1.0,0.0,0.0,1.0,0.0,0,7.433237,0.0,0.0,6.453999,4.7607255,6.8081164,2.7259119,3.2184677,0.0,7.4120045
3,372,373.0,10.0,1.0,1.0,354.0,1.0,1.0,1.0,0.9999928,1.0,-0.0,0.0,-7.194856e-06,-0.0,0.5219661,2.847605,0.3299437,4.018115,0.96621376,3.6815875,1.0,6.3226976,0.51386374,0.7962963,188.73732,1.0,0.0,0.0,1.0,0.0,0,6.452668,0.0,0.0,6.166536,4.8358426,8.126514,1.4436477,2.065075,0.40226823,6.6749635
0,373,374.0,10.0,1.0,1.0,355.0,1.0,1.0,1.0,0.99999416,1.0,-0.0,0.0,-5.861064e-06,-0.0,0.3060121,2.7273839,0.47985786,2.4584754,0.54980624,4.860705,1.0,6.3919992,-3.373298,0.7638889,200.35103,1.0,0.0,0.0,1.0,0.0,0,7.458555,0.0,0.0,6.408761,4.6373963,6.1140018,3.308883,1.3269722,0.0,7.3082113
1,373,374.0,10.0,1.0,1.0,355.0,1.0,1.0,1.0,0.99998176,1.0,-0.0,0.0,-1.8234614e-05,-0.0,0.37387943,2.6033185,0.5160516,1.7764676,0.81648046,4.3848124,1.0,6.4808946,-0.69599503,0.7638889,196.80103,1.0,0.0,0.0,1.0,0.0,0,7.3252144,0.0,0.0,6.3764935,4.6338334,5.575128,2.1889272,1.0291922,0.12672727,7.216516
2,373,374.0,10.0,1.0,1.0,355.0,1.0,1.0,1.0,0.99999475,1.0,-0.0,0.0,-5.246145e-06,-0.0,0.3122356,2.7423906,0.394217,3.4588175,0.7288259,4.4198456,1.0,5.0632596,-1.7235307,0.75,197.02084,1.0,0.0,0.0,1.0,0.0,0,7.41389,0.0,0.0,6.433922,4.7119913,6.781879,2.8855498,3.281508,0.0,7.3674755
3,373,374.0,10.0,1.0,1.0,355.0,1.0,1.0,1.0,0.99999386,1.0,-0.0,0.0,-6.1365677e-06,-0.0,0.38287342,2.8048954,0.32136476,3.8688323,0.96554255,3.685413,1.0,6.410409,-0.61471295,0.7962963,188.83185,1.0,0.0,0.0,1.0,0.0,0,6.267639,0.0,0.0,6.155352,4.9182825,8.191025,1.4967589,2.0012777,0.597684,6.6611075
0,374,375.0,10.0,1.0,1.0,356.0,1.0,1.0,1.0,0.9999934,1.0,-0.0,0.0,-6.598277e-06,-0.0,0.33424273,2.8399298,0.48422673,2.7311742,0.5487415,4.8791924,1.0,6.185071,-3.232249,0.7638889,200.43681,1.0,0.0,0.0,1.0,0.0,0,7.322194,0.0,0.0,6.3877034,4.5203342,6.1746836,3.3058214,1.4279466,0.0,7.407426
1,374,375.0,10.0,1.0,1.0,356.0,1.0,1.0,1.0,0.9999893,1.0,-0.0,0.0,-1.0724974e-05,-0.0,0.37170684,2.8062992,0.50443,2.1199737,0.814746,4.3896303,1.0,6.235361,-0.81419665,0.7638889,196.98813,1.0,0.0,0.0,1.0,0.0,0,7.29175,0.0,0.0,6.3190517,4.702684,5.9523697,2.24084,1.1421093,0.024065092,7.389391
2,374,375.0,10.0,1.0,1.0,356.0,1.0,1.0,1.0,0.9999943,1.0,-0.0,0.0,-5.718252e-06,-0.0,0.36467946,2.8212912,0.41167304,3.5393553,0.7286983,4.3821335,1.0,5.009185,-1.2434098,0.75,197.07222,1.0,0.0,0.0,1.0,0.0,0,7.279878,0.0,0.0,6.3892193,4.654001,6.9297023,2.5953002,3.311021,0.0,7.151108
3,374,375.0,10.0,1.0,1.0,356.0,1.0,1.0,1.0,0.9999941,1.0,-0.0,0.0,-5.929612e-06,-0.0,0.45610482,2.8653274,0.32267064,3.9344428,0.9654358,3.6769066,1.0,6.352151,0.08001085,0.7962963,188.86792,1.0,0.0,0.0,1.0,0.0,0,6.5891066,0.0,0.0,6.129275,4.7482963,8.078899,1.5976031,2.2046628,0.6189789,6.505848
0,375,376.0,10.0,1.0,1.0,357.0,1.0,1.0,1.0,0.9999944,1.0,-0.0,0.0,-5.608682e-06,-0.0,0.45831317,2.692112,0.48334733,2.6638532,0.5495696,4.8788714,1.0,6.208704,-2.037189,0.7638889,200.66206,1.0,0.0,0.0,1.0,0.0,0,7.4791565,0.0,0.0,6.483025,4.5865803,5.826569,3.0430403,1.2515473,0.0,7.3637466
1,375,376.0,10.0,1.0,1.0,357.0,1.0,1.0,1.0,0.9999924,1.0,-0.0,0.0,-7.628949e-06,-0.0,0.35652965,2.654334,0.52654254,2.6220942,0.8142315,4.4240947,1.0,6.01138,-1.7454354,0.7638889,197.20975,1.0,0.0,0.0,1.0,0.0,0,6.685658,0.0,0.0,6.2072816,4.29003,5.829935,2.2970738,1.2495368,0.021581568,7.200345
2,375,376.0,10.0,1.0,1.0,357.0,1.0,1.0,1.0,0.9999945,1.0,-0.0,0.0,-5.5114165e-06,-0.0,0.5049601,2.666745,0.4185708,3.3740404,0.7282234,4.3789163,1.0,5.0429425,0.14959368,0.75,197.30048,1.0,0.0,0.0,1.0,0.0,0,7.421523,0.0,0.0,6.4931273,4.7157702,7.031132,2.8607476,3.4796321,0.0,7.216653
3,375,376.0,10.0,1.0,1.0,357.0,1.0,1.0,1.0,0.9999945,1.0,-0.0,0.0,-5.494029e-06,-0.0,0.5773481,2.7092538,0.31852463,3.8744938,0.96548396,3.6698742,1.0,6.407319,1.2636157,0.7962963,189.10248,1.0,0.0,0.0,1.0,0.0,0,6.5763564,0.0,0.0,6.1910267,4.80393,7.786311,1.6801796,2.378569,0.40073654,6.467605
0,376,377.0,10.0,1.0,1.0,358.0,1.0,1.0,1.0,0.999994,1.0,-0.0,0.0,-6.026667e-06,-0.0,0.3310129,2.7787373,0.47342396,2.5732794,0.54760814,4.9063954,1.0,6.2043133,-3.055579,0.7638889,200.72124,1.0,0.0,0.0,1.0,0.0,0,7.5281224,0.0,0.0,6.4869366,4.6400948,5.9491754,3.1581411,1.2422754,0.0,7.563006
1,376,377.0,10.0,1.0,1.0,358.0,1.0,1.0,1.0,0.9999938,1.0,-0.0,0.0,-6.1819596e-06,-0.0,0.20041652,2.7685654,0.5279288,2.81473,0.81283385,4.431167,1.0,5.784926,-3.164663,0.7638889,197.30342,1.0,0.0,0.0,1.0,0.0,0,7.177271,0.0,0.0,6.249556,4.5396895,6.077917,2.2495792,1.264958,0.13179882,7.5189385
2,376,377.0,10.0,1.0,1.0,358.0,1.0,1.0,1.0,0.99999404,1.0,-0.0,0.0,-5.937469e-06,-0.0,0.38632303,2.7315485,0.41978484,3.1605728,0.72730553,4.3435535,1.0,5.048573,-0.63693243,0.75,197.34218,1.0,0.0,0.0,1.0,0.0,0,7.521398,0.0,0.0,6.5322676,4.7685432,7.1675234,2.7814388,3.3469887,0.0,7.1633925
3,376,377.0,10.0,1.0,1.0,358.0,1.0,1.0,1.0,0.99999374,1.0,-0.0,0.0,-6.286334e-06,-0.0,0.43347925,2.7870696,0.3140482,3.8246722,0.9646993,3.659407,1.0,6.4044414,0.12288708,0.7962963,189.15016,1.0,0.0,0.0,1.0,0.0,0,6.5734544,0.0,0.0,6.1723585,4.8033733,7.77979,1.7994379,2.430494,0.48528245,6.5047693
0,377,378.0,10.0,1.0,1.0,359.0,1.0,1.0,1.0,0.99999374,1.0,-0.0,0.0,-6.2726326e-06,-0.0,0.34975523,2.8094327,0.48794308,2.7491705,0.54820067,4.911499,1.0,6.0632024,-3.064758,0.7638889,200.73943,1.0,0.0,0.0,1.0,0.0,0,7.3307743,0.0,0.0,6.3456383,4.548659,5.8854585,3.1729422,1.2598252,0.0,7.5136
1,377,378.0,10.0,1.0,1.0,359.0,1.0,1.0,1.0,0.99999315,1.0,-0.0,0.0,-6.8282197e-06,-0.0,0.2604965,2.7615194,0.5392621,2.918762,0.8128105,4.4445744,1.0,5.660016,-2.680353,0.7638889,197.34105,1.0,0.0,0.0,1.0,0.0,0,7.1603208,0.0,0.0,6.2487226,4.5486374,6.0928125,2.2950146,1.3079323,0.14376421,7.4387093
2,377,378.0,10.0,1.0,1.0,359.0,1.0,1.0,1.0,0.99999386,1.0,-0.0,0.0,-6.1450223e-06,-0.0,0.40520614,2.7477038,0.42342445,3.3211937,0.7271048,4.316252,1.0,4.982675,-0.6188629,0.75,197.3515,1.0,0.0,0.0,1.0,0.0,0,7.371757,0.0,0.0,6.475083,4.674485,7.1221566,2.6380782,3.409412,0.0,6.970852
3,377,378.0,10.0,1.0,1.0,359.0,1.0,1.0,1.0,0.9999932,1.0,-0.0,0.0,-6.7682217e-06,-0.0,0.46637654,2.7974942,0.3213,3.8781295,0.9646747,3.642683,1.0,6.3486624,0.31098443,0.7962963,189.16795,1.0,0.0,0.0,1.0,0.0,0,6.858105,0.0,0.0,6.184869,4.686004,7.7097006,1.7233921,2.5041091,0.56793225,6.346574
0,378,379.0,10.0,1.0,1.0,360.0,1.0,1.0,1.0,0.9999945,1.0,-0.0,0.0,-5.4860006e-06,-0.0,0.33285284,2.8179631,0.48589846,2.7026517,0.54753685,4.931226,1.0,6.0450697,-3.1643054,0.7638889,200.75603,1.0,0.0,0.0,1.0,0.0,0,7.4403663,0.0,0.0,6.4474826,4.5699553,5.9216413,3.2316387,1.273777,0.0,7.571972
1,378,379.0,10.0,1.0,1.0,360.0,1.0,1.0,1.0,0.9999944,1.0,-0.0,0.0,-5.6318036e-06,-0.0,0.2978083,2.740035,0.5318104,2.722275,0.81222093,4.463557,1.0,5.637359,-2.082211,0.7638889,197.38152,1.0,0.0,0.0,1.0,0.0,0,7.2857165,0.0,0.0,6.357837,4.5690928,6.182423,2.3551571,1.3060787,0.16105448,7.5887146
2,378,379.0,10.0,1.0,1.0,360.0,1.0,1.0,1.0,0.9999947,1.0,-0.0,0.0,-5.301303e-06,-0.0,0.36958382,2.7463703,0.419872,3.3460839,0.72594833,4.299715,1.0,4.9801188,-0.9749709,0.75,197.37167,1.0,0.0,0.0,1.0,0.0,0,7.4550285,0.0,0.0,6.5501122,4.666596,7.0592737,2.877066,3.4647954,0.0,7.143797
3,378,379.0,10.0,1.0,1.0,360.0,1.0,1.0,1.0,0.9999946,1.0,-0.0,0.0,-5.405596e-06,-0.0,0.45851395,2.7828383,0.31511098,3.8246722,0.9651335,3.6314914,1.0,6.4123964,0.3341334,0.7962963,189.20383,1.0,0.0,0.0,1.0,0.0,0,6.8128796,0.0,0.0,6.2711897,4.784598,7.8296857,1.8008463,2.508836,0.60109115,6.2834115
0,379,380.0,10.0,1.0,1.0,361.0,1.0,1.0,1.0,0.9999942,1.0,-0.0,0.0,-5.7767966e-06,-0.0,0.34325087,2.8480797,0.4852041,2.714212,0.54764634,4.9451776,1.0,5.978386,-3.008957,0.7638889,200.77328,1.0,0.0,0.0,1.0,0.0,0,7.4152155,0.0,0.0,6.4302707,4.556802,5.9384575,3.2278905,1.2860395,0.0,7.5892596
1,379,380.0,10.0,1.0,1.0,361.0,1.0,1.0,1.0,0.99999416,1.0,-0.0,0.0,-5.83918e-06,-0.0,0.35835057,2.7512658,0.52963084,2.5060906,0.8117105,4.4698663,1.0,5.6196704,-1.192919,0.7638889,197.39465,1.0,0.0,0.0,1.0,0.0,0,7.2736807,0.0,0.0,6.3562756,4.5820146,6.2450166,2.4219878,1.371067,0.12871836,7.573271
2,379,380.0,10.0,1.0,1.0,361.0,1.0,1.0,1.0,0.9999945,1.0,-0.0,0.0,-5.498168e-06,-0.0,0.3773883,2.7711,0.4346683,3.303706,0.72592294,4.264063,1.0,4.9849553,-0.87062734,0.75,197.40472,1.0,0.0,0.0,1.0,0.0,0,7.3167195,0.0,0.0,6.5286546,4.6278453,7.1561294,2.590314,3.5103424,0.0,6.8406043
3,379,380.0,10.0,1.0,1.0,361.0,1.0,1.0,1.0,0.9999947,1.0,-0.0,0.0,-5.3269764e-06,-0.0,0.46788788,2.797337,0.31165627,3.8475277,0.9652258,3.612255,1.0,6.3881335,0.5005421,0.7962963,189.21075,1.0,0.0,0.0,1.0,0.0,0,6.895654,0.0,0.0,6.2432785,4.7227445,7.8434415,1.7212976,2.6157079,0.5876956,6.15553
0,380,381.0,10.0,1.0,1.0,362.0,1.0,1.0,1.0,0.9999943,1.0,-0.0,0.0,-5.7440957e-06,-0.0,0.33731425,2.844681,0.48385766,2.7497401,0.5482187,4.9597216,1.0,5.916953,-3.076787,0.7638889,200.78859,1.0,0.0,0.0,1.0,0.0,0,7.414485,0.0,0.0,6.4446855,4.528172,5.9386363,3.2492814,1.2918617,0.0,7.6032066
1,380,381.0,10.0,1.0,1.0,362.0,1.0,1.0,1.0,0.9999943,1.0,-0.0,0.0,-5.6996755e-06,-0.0,0.3954124,2.732188,0.5294834,2.2903514,0.81117845,4.4603987,1.0,5.650069,-0.57432336,0.7638889,197.42836,1.0,0.0,0.0,1.0,0.0,0,7.2988744,0.0,0.0,6.386174,4.5825167,6.4348736,2.2041752,1.4894087,0.8043342,7.5906234
2,380,381.0,10.0,1.0,1.0,362.0,1.0,1.0,1.0,0.99999434,1.0,-0.0,0.0,-5.648742e-06,-0.0,0.4007656,2.7465272,0.44322562,3.1652749,0.7252575,4.236619,1.0,4.996457,-0.5005924,0.75,197.45021,1.0,0.0,0.0,1.0,0.0,0,7.477131,0.0,0.0,6.6164393,4.711834,7.2795315,2.1202013,3.470249,0.0,6.7540746
3,380,381.0,10.0,1.0,1.0,362.0,1.0,1.0,1.0,0.9999945,1.0,-0.0,0.0,-5.463683e-06,-0.0,0.46624655,2.7758443,0.31237584,3.818322,0.96582574,3.605748,1.0,6.396998,0.50735193,0.7962963,189.24449,1.0,0.0,0.0,1.0,0.0,0,6.954827,0.0,0.0,6.239069,4.6731687,7.6870484,2.0442078,2.8395376,0.70003015,6.1731443
0,381,382.0,10.0,1.0,1.0,363.0,1.0,1.0,1.0,0.9999942,1.0,-0.0,0.0,-5.7771695e-06,-0.0,0.33493116,2.8521202,0.48115635,2.799393,0.5488172,4.973751,1.0,5.8494844,-3.0981443,0.7638889,200.79616,1.0,0.0,0.0,1.0,0.0,0,7.4197884,0.0,0.0,6.4594827,4.5063205,5.9746995,3.2872417,1.3032103,0.0,7.637363
1,381,382.0,10.0,1.0,1.0,363.0,1.0,1.0,1.0,0.99999475,1.0,-0.0,0.0,-5.274263e-06,-0.0,0.4260201,2.7224646,0.5291438,2.1620164,0.8109982,4.4424596,1.0,5.667974,-0.10371115,0.7638889,197.43988,1.0,0.0,0.0,1.0,0.0,0,7.313381,0.0,0.0,6.402026,4.5919595,6.482009,2.1103537,1.6096294,1.0614724,7.469627
2,381,382.0,10.0,1.0,1.0,363.0,1.0,1.0,1.0,0.9999944,1.0,-0.0,0.0,-5.62168e-06,-0.0,0.4130509,2.7353594,0.44438317,3.089687,0.7246219,4.2028537,1.0,5.003902,-0.2603,0.75,197.46385,1.0,0.0,0.0,1.0,0.0,0,7.531201,0.0,0.0,6.6503997,4.7460837,7.378276,2.1190004,3.5528257,0.0,6.7361355
3,381,382.0,10.0,1.0,1.0,363.0,1.0,1.0,1.0,0.9999946,1.0,-0.0,0.0,-5.4375337e-06,-0.0,0.4673589,2.7647064,0.3103579,3.7954967,0.9660241,3.5881197,1.0,6.4149346,0.5926071,0.7962963,189.25533,1.0,0.0,0.0,1.0,0.0,0,7.014051,0.0,0.0,6.267793,4.687389,7.7639456,1.8836524,2.876764,0.71203,6.0421357
0,382,383.0,10.0,1.0,1.0,364.0,1.0,1.0,1.0,0.9999942,1.0,-0.0,0.0,-5.7902903e-06,-0.0,0.5726386,2.6263378,0.49191406,2.7971551,0.5511098,4.980201,1.0,5.8290424,-0.87437314,0.7638889,201.02199,1.0,0.0,0.0,1.0,0.0,0,7.354757,0.0,0.0,6.442411,4.48937,5.798289,3.1974068,1.2205684,0.0,7.6628413
1,382,383.0,10.0,1.0,1.0,364.0,1.0,1.0,1.0,0.9999949,1.0,-0.0,0.0,-5.119769e-06,-0.0,0.656572,2.4887328,0.52871484,2.1398184,0.811092,4.4194913,1.0,5.641321,2.083837,0.7638889,197.68207,1.0,0.0,0.0,1.0,0.0,0,7.3053555,0.0,0.0,6.3986993,4.5793576,6.611399,2.431712,1.7107219,1.3603896,7.263298
2,382,383.0,10.0,1.0,1.0,364.0,1.0,1.0,1.0,0.9999946,1.0,-0.0,0.0,-5.4298753e-06,-0.0,0.6310862,2.4990435,0.4426697,3.1571035,0.724738,4.169191,1.0,4.964161,1.7084042,0.75,197.71082,1.0,0.0,0.0,1.0,0.0,0,7.483007,0.0,0.0,6.627644,4.6917524,7.5963693,2.0148046,3.5355752,0.0,6.558667
3,382,383.0,10.0,1.0,1.0,364.0,1.0,1.0,0.0,0.9999945,1.0,-0.0,0.0,-5.507048e-06,-0.0,0.69215333,2.5143554,0.31262416,3.7876508,0.9665935,3.5776327,1.0,6.414598,2.664485,0.7962963,189.25533,1.0,0.0,0.0,1.0,0.0,0,7.2123365,0.0,0.0,6.276597,4.6235723,7.860471,1.9021866,2.8399978,0.38413993,6.043815
0,383,384.0,10.0,1.0,1.0,365.0,1.0,1.0,1.0,0.99981195,1.0,-0.0,0.0,-6.0725215e-06,-0.00018198186,0.3703084,2.7262325,0.48823845,2.7046783,0.5503872,5.0109186,0.0,5.847876,-2.6143258,0.7638889,201.12901,1.0,0.0,0.0,1.0,0.0,0,7.5243535,0.0,0.0,6.529761,4.557654,5.8408475,3.349948,1.2339871,0.0,7.923469
1,383,384.0,10.0,1.0,1.0,365.0,1.0,1.0,1.0,0.99999446,1.0,-0.0,0.0,-5.5545174e-06,-0.0,0.42791888,2.5839636,0.5287934,2.1663563,0.8103272,4.3939085,1.0,5.5759773,0.0074012205,0.7638889,197.78429,1.0,0.0,0.0,1.0,0.0,0,7.316852,0.0,0.0,6.3890004,4.570104,6.655209,2.3466177,1.8207141,1.3084027,7.3179092
2,383,384.0,10.0,1.0,1.0,365.0,1.0,1.0,1.0,0.9999946,1.0,-0.0,0.0,-5.4498123e-06,-0.0,0.409146,2.5922976,0.4414959,3.1687353,0.7240168,4.1365786,1.0,4.931931,-0.2802247,0.75,197.81142,1.0,0.0,0.0,1.0,0.0,0,7.5206995,0.0,0.0,6.6579156,4.691798,7.718014,2.002074,3.5700943,0.0,6.5244603
3,383,384.0,10.0,1.0,1.0,365.0,1.0,1.0,1.0,0.9999865,1.0,-0.0,0.0,-1.3497927e-05,-0.0,0.4430201,2.482484,0.31478557,3.7590213,0.9655583,3.6495535,1.0,6.4340405,0.09389315,0.7962963,189.28703,1.0,0.0,0.0,1.0,0.0,0,7.7728744,0.0,0.0,6.70032,4.8915243,8.289478,2.5738115,2.7442198,1.2366512,6.7278967
0,384,385.0,10.0,1.0,1.0,366.0,1.0,1.0,1.0,0.9997959,1.0,-0.0,0.0,-6.489521e-06,-0.00019761303,0.34621543,2.7562885,0.49507874,3.0825853,0.55130106,5.0118566,0.0,5.632977,-3.109309,0.7638889,201.17068,1.0,0.0,0.0,1.0,0.0,0,7.323413,0.0,0.0,6.4551916,4.3976297,5.8283095,3.2190063,1.2479349,0.0,7.913205
1,384,385.0,10.0,1.0,1.0,366.0,1.0,1.0,1.0,0.99999446,1.0,-0.0,0.0,-5.5236505e-06,-0.0,0.39112493,2.6044254,0.52984136,2.6095262,0.8105386,4.368535,1.0,5.3452206,-0.6758021,0.7638889,197.81744,1.0,0.0,0.0,1.0,0.0,0,7.24265,0.0,0.0,6.347932,4.5411687,6.588336,2.5840278,2.0613384,1.2472584,7.152691
2,384,385.0,10.0,1.0,1.0,366.0,1.0,1.0,1.0,0.99999416,1.0,-0.0,0.0,-5.841801e-06,-0.0,0.4039865,2.5952394,0.4416889,3.3930116,0.72337925,4.102754,1.0,4.8557906,-0.49211738,0.75,197.82462,1.0,0.0,0.0,1.0,0.0,0,7.434913,0.0,0.0,6.6251073,4.6613865,7.6691957,1.9815673,3.655583,0.0,6.4021964
3,384,385.0,10.0,1.0,1.0,366.0,1.0,1.0,1.0,0.9999906,1.0,-0.0,0.0,-9.402415e-06,-0.0,0.40003693,2.588364,0.3250966,4.0628715,0.9648919,3.6486955,1.0,6.1501694,-0.57851803,0.7962963,189.41386,1.0,0.0,0.0,1.0,0.0,0,7.2013984,0.0,0.0,6.279413,4.6188273,7.84874,2.1441216,2.86335,1.0020393,6.132443
0,385,386.0,10.0,1.0,1.0,367.0,1.0,1.0,1.0,0.9996613,1.0,-0.0,0.0,-5.7733614e-06,-0.00033288635,0.32316035,2.7218363,0.4955153,3.1367064,0.5528576,5.019973,0.0,5.5894575,-3.3612428,0.7638889,201.19633,1.0,0.0,0.0,1.0,0.0,0,7.4288106,0.0,0.0,6.5398808,4.415132,5.8755984,3.2550564,1.2621138,0.0,8.040198
1,385,386.0,10.0,1.0,1.0,367.0,1.0,1.0,1.0,0.99999493,1.0,-0.0,0.0,-5.0378617e-06,-0.0,0.31378454,2.5671265,0.52922535,2.9483802,0.8111825,4.354534,1.0,5.197688,-1.7144783,0.7638889,197.84067,1.0,0.0,0.0,1.0,0.0,0,7.263386,0.0,0.0,6.3617587,4.5121384,6.6438065,2.6050436,2.1920664,1.2060032,7.08016
2,385,386.0,10.0,1.0,1.0,367.0,1.0,1.0,1.0,0.99999464,1.0,-0.0,0.0,-5.3639055e-06,-0.0,0.4000101,2.5385854,0.44217935,3.3100972,0.7227392,4.077873,1.0,4.8880005,-0.46046358,0.75,197.8691,1.0,0.0,0.0,1.0,0.0,0,7.5750794,0.0,0.0,6.769165,4.685315,7.713704,1.982944,3.633629,0.015740078,6.400755
3,385,386.0,10.0,1.0,1.0,367.0,1.0,1.0,1.0,0.9999937,1.0,-0.0,0.0,-6.309814e-06,-0.0,0.31930542,2.5155616,0.34518898,4.2504554,0.96563035,3.6486955,1.0,5.9529533,-1.7470112,0.7962963,189.47937,1.0,0.0,0.0,1.0,0.0,0,7.2116666,0.0,0.0,6.2331133,4.612259,7.852979,2.003957,2.8608263,0.83556056,5.9268928
0,386,387.0,10.0,1.0,1.0,368.0,1.0,1.0,1.0,0.99946386,1.0,-0.0,0.0,-5.9399804e-06,-0.00053020765,0.33527762,2.7327354,0.49867508,3.0698624,0.55378366,5.031812,0.0,5.5924025,-3.1256871,0.7638889,201.2294,1.0,0.0,0.0,1.0,0.0,0,7.3387194,0.0,0.0,6.517219,4.4554124,5.9116373,3.242862,1.255344,0.0,8.120358
1,386,387.0,10.0,1.0,1.0,368.0,1.0,1.0,1.0,0.9999948,1.0,-0.0,0.0,-5.1724323e-06,-0.0,0.27916318,2.5789099,0.5445001,3.2206807,0.81183004,4.341571,1.0,5.0659676,-2.2320142,0.7638889,197.87181,1.0,0.0,0.0,1.0,0.0,0,7.07747,0.0,0.0,6.2415576,4.454919,6.7397356,2.6884632,2.392267,1.1638783,7.0380244
2,386,387.0,10.0,1.0,1.0,368.0,1.0,1.0,1.0,0.99999464,1.0,-0.0,0.0,-5.390234e-06,-0.0,0.41634887,2.5254996,0.4461274,3.1864722,0.72217596,4.056701,1.0,4.9213533,-0.12672785,0.75,197.87949,1.0,0.0,0.0,1.0,0.0,0,7.7297106,0.0,0.0,6.533438,4.9973288,7.645555,2.0555334,3.6827264,0.41701588,6.4195657
3,386,387.0,10.0,1.0,1.0,368.0,1.0,1.0,1.0,0.99999434,1.0,-0.0,0.0,-5.6724302e-06,-0.0,0.3105741,2.5323892,0.34504825,4.4242716,0.96618736,3.6446168,1.0,5.85183,-1.8891273,0.7962963,189.53262,1.0,0.0,0.0,1.0,0.0,0,7.0696993,0.0,0.0,6.401103,4.293804,7.8544517,2.279108,3.1999102,0.9102562,5.992058
0,387,388.0,10.0,1.0,1.0,369.0,1.0,1.0,1.0,0.99919987,1.0,-0.0,0.0,-5.8675905e-06,-0.0007943083,0.3398236,2.7041655,0.5021586,3.0511913,0.5549859,5.047658,0.0,5.5576005,-3.0279076,0.7638889,201.25809,1.0,0.0,0.0,1.0,0.0,0,7.468364,0.0,0.0,6.5309157,4.501666,5.8235865,3.24826,1.2451602,0.0,8.195539
1,387,388.0,10.0,1.0,1.0,369.0,1.0,1.0,1.0,0.9999948,1.0,-0.0,0.0,-5.1713555e-06,-0.0,0.29342657,2.5266368,0.5539633,3.2706048,0.8127158,4.3354354,1.0,4.939909,-2.0777128,0.7638889,197.91568,1.0,0.0,0.0,1.0,0.0,0,7.215017,0.0,0.0,6.314384,4.5260854,6.786183,2.7490597,2.4842248,1.1491338,6.963676
2,387,388.0,10.0,1.0,1.0,369.0,1.0,1.0,1.0,0.9999943,1.0,-0.0,0.0,-5.744459e-06,-0.0,0.41927695,2.4859748,0.4634021,3.1043468,0.72152895,4.0293994,1.0,4.922945,-0.035815872,0.75,197.92804,1.0,0.0,0.0,1.0,0.0,0,7.5739603,0.0,0.0,6.7627993,4.7344074,7.627757,1.9901177,3.48127,0.15102874,6.3011646
3,387,388.0,10.0,1.0,1.0,369.0,1.0,1.0,1.0,0.99999446,1.0,-0.0,0.0,-5.551439e-06,-0.0,0.33990258,2.4671986,0.3400687,4.3935523,0.96708226,3.6405337,1.0,5.798903,-1.5271707,0.7962963,189.58263,1.0,0.0,0.0,1.0,0.0,0,7.184416,0.0,0.0,6.324892,4.558378,7.861717,2.3855162,3.3559742,1.0082915,5.938841
0,388,389.0,10.0,1.0,1.0,370.0,1.0,1.0,1.0,0.99932635,1.0,-0.0,0.0,-6.051735e-06,-0.00066754426,0.33221766,2.7010536,0.49849656,3.1008146,0.5571692,5.0400524,0.0,5.4981475,-3.0518072,0.7638889,201.27068,1.0,0.0,0.0,1.0,0.0,0,7.472622,0.0,0.0,6.5373163,4.4824653,5.9700456,3.2470598,1.3580598,0.0,8.214289
1,388,389.0,10.0,1.0,1.0,370.0,1.0,1.0,1.0,0.99999493,1.0,-0.0,0.0,-5.0764775e-06,-0.0,0.33148342,2.4945471,0.55265903,3.1289606,0.8133996,4.320784,1.0,4.885074,-1.5042993,0.7638889,197.93379,1.0,0.0,0.0,1.0,0.0,0,7.3025637,0.0,0.0,6.384005,4.5469675,6.829493,2.6073925,2.6174343,1.1233941,6.8588777
2,388,389.0,10.0,1.0,1.0,370.0,1.0,1.0,1.0,0.99999446,1.0,-0.0,0.0,-5.5633272e-06,-0.0,0.41076764,2.4683692,0.46429154,3.088927,0.7206292,4.0058227,1.0,4.915139,-0.039591454,0.75,197.93217,1.0,0.0,0.0,1.0,0.0,0,7.6228704,0.0,0.0,6.8173275,4.735553,7.6396985,1.9828106,3.4743268,0.45064747,6.3378453
3,388,389.0,10.0,1.0,1.0,370.0,1.0,1.0,1.0,0.9999948,1.0,-0.0,0.0,-5.1808297e-06,-0.0,0.38951075,2.426801,0.32688257,4.261492,0.96762383,3.6349385,1.0,5.8374767,-0.78405344,0.7962963,189.60768,1.0,0.0,0.0,1.0,0.0,0,7.2819977,0.0,0.0,6.4053144,4.579628,7.923702,2.4958527,3.501046,1.0440375,5.922782
0,389,390.0,10.0,1.0,1.0,371.0,1.0,1.0,1.0,0.99950534,1.0,-0.0,0.0,-5.979396e-06,-0.00048870716,0.31575933,2.6928723,0.4964351,3.2410324,0.56016266,5.029322,0.0,5.3911786,-3.2345383,0.7638889,201.27338,1.0,0.0,0.0,1.0,0.0,0,7.3188305,0.0,0.0,6.414566,4.3521194,6.002578,3.3205206,1.4750518,0.0,8.222493
1,389,390.0,10.0,1.0,1.0,371.0,1.0,1.0,1.0,0.9999949,1.0,-0.0,0.0,-5.1109764e-06,-0.0,0.36583468,2.4563444,0.5527253,3.0023127,0.81426203,4.3053555,1.0,4.8532486,-1.0143677,0.7638889,197.96455,1.0,0.0,0.0,1.0,0.0,0,7.310753,0.0,0.0,6.397884,4.553311,6.8151126,2.834925,2.7862687,1.115637,6.767351
2,389,390.0,10.0,1.0,1.0,371.0,1.0,1.0,1.0,0.99999446,1.0,-0.0,0.0,-5.536525e-06,-0.0,0.3915161,2.4507823,0.46317187,3.1716983,0.72007,3.986625,1.0,4.8811016,-0.27378184,0.75,197.93974,1.0,0.0,0.0,1.0,0.0,0,7.593901,0.0,0.0,6.8133817,4.704006,7.716995,1.9091649,3.4572458,0.9832274,6.308323
3,389,390.0,10.0,1.0,1.0,371.0,1.0,1.0,1.0,0.9999947,1.0,-0.0,0.0,-5.3252293e-06,-0.0,0.4198771,2.3943794,0.31935522,4.1603565,0.96803147,3.6291192,1.0,5.8674183,-0.29342157,0.7962963,189.63249,1.0,0.0,0.0,1.0,0.0,0,7.296819,0.0,0.0,6.4072227,4.5884943,7.98056,2.432225,3.5169742,1.1078529,5.8159595
0,390,391.0,10.0,1.0,1.0,372.0,1.0,1.0,1.0,0.99988765,1.0,-0.0,0.0,-5.9254176e-06,-0.00010643712,0.31614378,2.6892378,0.4912927,3.3020468,0.56442964,5.006386,0.0,5.3222227,-3.1592577,0.7638889,201.27776,1.0,0.0,0.0,1.0,0.0,0,7.436378,0.0,0.0,6.5463524,4.4265933,5.99556,3.31086,1.4380425,0.0,8.356641
1,390,391.0,10.0,1.0,1.0,372.0,1.0,1.0,1.0,0.99999493,1.0,-0.0,0.0,-5.089157e-06,-0.0,0.38659757,2.4356833,0.5508721,2.9026265,0.8149418,4.284028,1.0,4.8282385,-0.66235197,0.7638889,197.98206,1.0,0.0,0.0,1.0,0.0,0,7.33101,0.0,0.0,6.4262223,4.551241,6.7779465,2.808029,2.933632,1.1004057,6.633722
2,390,391.0,10.0,1.0,1.0,372.0,1.0,1.0,1.0,0.9999949,1.0,-0.0,0.0,-5.150146e-06,-0.0,0.3840763,2.4228137,0.46113342,3.238858,0.7201773,3.959433,1.0,4.8616776,-0.4169466,0.75,197.96384,1.0,0.0,0.0,1.0,0.0,0,7.6104755,0.0,0.0,6.8445916,4.6847057,7.90946,1.1988995,3.1542857,1.0071862,6.2544055
3,390,391.0,10.0,1.0,1.0,372.0,1.0,1.0,1.0,0.9999947,1.0,-0.0,0.0,-5.2925534e-06,-0.0,0.4291974,2.378138,0.31420043,4.129002,0.9685711,3.6168036,1.0,5.8626723,-0.08397456,0.7962963,189.64612,1.0,0.0,0.0,1.0,0.0,0,7.2895823,0.0,0.0,6.407443,4.5762424,8.104582,2.2926192,3.5695648,1.0161145,5.68569
0,391,392.0,10.0,1.0,1.0,373.0,1.0,1.0,1.0,0.99999404,1.0,-0.0,0.0,-5.9871973e-06,-0.0,0.3303405,2.6870496,0.48541427,3.3018098,0.5686864,4.9846005,1.0,5.262055,-2.8798423,0.7638889,201.28355,1.0,0.0,0.0,1.0,0.0,0,7.4619884,0.0,0.0,6.5332446,4.4557476,5.984803,3.2655544,1.456688,0.0,8.349302
1,391,392.0,10.0,1.0,1.0,373.0,1.0,1.0,1.0,0.9999948,1.0,-0.0,0.0,-5.1583265e-06,-0.0,0.3887925,2.4244416,0.54995406,2.9012775,0.8142856,4.2406826,1.0,4.7866335,-0.5726153,0.7638889,197.99654,1.0,0.0,0.0,1.0,0.0,0,7.3305573,0.0,0.0,6.425671,4.557719,6.807006,2.8803763,3.0607328,1.1162672,6.570101
2,391,392.0,10.0,1.0,1.0,373.0,1.0,1.0,1.0,0.99999505,1.0,-0.0,0.0,-4.9381742e-06,-0.0,0.38349444,2.4097831,0.45988533,3.2458591,0.7214177,3.9340448,1.0,4.8548226,-0.43096113,0.75,197.97984,1.0,0.0,0.0,1.0,0.0,0,7.6488876,0.0,0.0,6.883285,4.6902647,8.038323,1.0469992,3.3784387,0.93898076,6.0874896
3,391,392.0,10.0,1.0,1.0,373.0,1.0,1.0,1.0,0.9999947,1.0,-0.0,0.0,-5.2848095e-06,-0.0,0.42341536,2.3756652,0.31333524,4.1573443,0.96925956,3.6035764,1.0,5.807077,-0.11903327,0.7962963,189.6532,1.0,0.0,0.0,1.0,0.0,0,7.2633243,0.0,0.0,6.383858,4.55881,8.108973,2.2294817,3.6501577,1.0619434,5.5628395
0,392,393.0,10.0,1.0,1.0,374.0,1.0,1.0,1.0,0.99999404,1.0,-0.0,0.0,-5.9563836e-06,-0.0,0.34492725,2.6994684,0.49360657,3.2250528,0.57329583,4.9565635,1.0,5.264921,-2.604439,0.7638889,201.312,1.0,0.0,0.0,1.0,0.0,0,7.478468,0.0,0.0,6.5225043,4.5035787,6.029096,3.4067755,1.5592487,0.0,8.383781
1,392,393.0,10.0,1.0,1.0,374.0,1.0,1.0,1.0,0.9999948,1.0,-0.0,0.0,-5.1865113e-06,-0.0,0.37768,2.4232376,0.5481246,2.982957,0.8145036,4.200432,1.0,4.7202005,-0.6879931,0.7638889,198.00732,1.0,0.0,0.0,1.0,0.0,0,7.332657,0.0,0.0,6.4291,4.550277,6.803383,2.870559,3.19985,1.107942,6.447375
2,392,393.0,10.0,1.0,1.0,374.0,1.0,1.0,1.0,0.9999951,1.0,-0.0,0.0,-4.868536e-06,-0.0,0.39139205,2.3858066,0.44621024,3.2827888,0.7217563,3.9120944,1.0,4.818816,-0.28584805,0.75,198.0228,1.0,0.0,0.0,1.0,0.0,0,7.703578,0.0,0.0,6.923501,4.7179947,8.148619,1.0469943,3.466952,0.9355768,6.0284343
3,392,393.0,10.0,1.0,1.0,374.0,1.0,1.0,1.0,0.99999475,1.0,-0.0,0.0,-5.2500063e-06,-0.0,0.4097756,2.379619,0.31344876,4.208996,0.96993643,3.5959654,1.0,5.7325115,-0.27041417,0.7962963,189.66116,1.0,0.0,0.0,1.0,0.0,0,7.250271,0.0,0.0,6.373609,4.538565,8.071151,2.379548,3.8988633,0.0,5.733047
0,393,394.0,10.0,1.0,1.0,375.0,1.0,1.0,1.0,0.999994,1.0,-0.0,0.0,-6.0205716e-06,-0.0,0.2378378,2.7482312,0.48142487,2.1070113,0.5781645,4.930114,1.0,5.5792103,-2.4496346,0.7685185,201.45555,1.0,0.0,0.0,1.0,0.0,0,7.315325,0.0,0.0,6.05212,4.264484,5.9824405,3.2250512,1.5050435,0.0,8.428069
1,393,394.0,10.0,1.0,1.0,375.0,1.0,1.0,1.0,0.99999475,1.0,-0.0,0.0,-5.2175697e-06,-0.0,0.27367288,2.451211,0.57140094,1.698995,0.81479603,4.1742578,1.0,4.991122,-0.58434063,0.7638889,198.18375,1.0,0.0,0.0,1.0,0.0,0,6.927434,0.0,0.0,5.7768235,4.3018684,6.8011723,2.7705421,3.1232896,1.1972442,6.3418927
2,393,394.0,10.0,1.0,1.0,375.0,1.0,1.0,1.0,0.9999952,1.0,-0.0,0.0,-4.811214e-06,-0.0,0.26995355,2.4069083,0.48730123,2.3236017,0.7226234,3.8940434,1.0,4.9892764,-0.35561156,0.75,198.19348,1.0,0.0,0.0,1.0,0.0,0,7.2405915,0.0,0.0,6.2194724,4.502127,8.23256,0.76467234,3.3396738,0.8512514,5.919657
3,393,394.0,10.0,1.0,1.0,375.0,1.0,1.0,1.0,0.99999416,1.0,-0.0,0.0,-5.814622e-06,-0.0,0.2876047,2.4361765,0.3042198,3.495961,0.97016704,3.5905187,1.0,6.1509657,-0.26123506,0.7962963,189.81816,1.0,0.0,0.0,1.0,0.0,0,6.9911103,0.0,0.0,5.79816,4.3374805,7.975861,2.3382552,3.937507,0.0,5.675152
0,394,395.0,10.0,1.0,1.0,376.0,1.0,1.0,1.0,0.9999922,1.0,-0.0,0.0,-7.818123e-06,-0.0,0.09045862,2.831601,0.5048048,4.0396833,0.58529943,4.8910527,1.0,4.7200756,-5.3564897,0.7731481,201.5851,1.0,0.0,0.0,1.0,0.0,0,6.7683873,0.0,0.0,6.140276,4.1402254,6.125147,3.342697,1.6343374,0.0,8.33085
1,394,395.0,10.0,1.0,1.0,376.0,1.0,1.0,1.0,0.9999937,1.0,-0.0,0.0,-6.3229286e-06,-0.0,0.16924255,2.5260885,0.57461673,3.448164,0.8160684,4.138282,1.0,4.419338,-2.975394,0.7731481,198.27927,1.0,0.0,0.0,1.0,0.0,0,6.9379063,0.0,0.0,6.2005434,4.4586987,6.810819,2.9220183,3.387256,1.1569442,6.2214384
2,394,395.0,10.0,1.0,1.0,376.0,1.0,1.0,1.0,0.99999404,1.0,-0.0,0.0,-5.9399185e-06,-0.0,0.07781237,2.4985147,0.4608906,4.2368035,0.7242965,3.880349,1.0,4.4810886,-4.1146436,0.7592593,198.33765,1.0,0.0,0.0,1.0,0.0,0,7.028932,0.0,0.0,6.205163,4.5813823,8.291757,0.77342206,3.316743,0.7957835,6.0176
3,394,395.0,10.0,1.0,1.0,376.0,1.0,1.0,1.0,0.99999297,1.0,-0.0,0.0,-7.0408087e-06,-0.0,0.15740824,2.5153186,0.35999644,4.645757,0.9711173,3.583754,1.0,5.2163153,-3.1512427,0.7962963,189.91797,1.0,0.0,0.0,1.0,0.0,0,6.7380915,0.0,0.0,5.98999,4.5375195,8.077554,2.3257253,3.7711012,0.0,5.673452
0,395,396.0,10.0,1.0,1.0,377.0,1.0,1.0,1.0,0.999992,1.0,-0.0,0.0,-7.978736e-06,-0.0,0.61513335,2.5221584,0.4802838,3.3812249,0.59557927,4.863764,1.0,4.946131,0.23645627,0.7731481,201.9295,1.0,0.0,0.0,1.0,0.0,0,7.5545692,0.0,0.0,6.682505,4.3712683,5.97231,3.2572796,1.6135328,0.0,8.34883
1,395,396.0,10.0,1.0,1.0,377.0,1.0,1.0,1.0,0.9999928,1.0,-0.0,0.0,-7.240282e-06,-0.0,0.6219592,2.2226942,0.5586178,3.0452852,0.81598425,4.172382,1.0,4.562225,1.5200013,0.7731481,198.62984,1.0,0.0,0.0,1.0,0.0,0,7.3606653,0.0,0.0,6.6136093,4.452321,7.04527,2.105147,2.491291,1.2143091,6.262676
2,395,396.0,10.0,1.0,1.0,377.0,1.0,1.0,1.0,0.99999255,1.0,-0.0,0.0,-7.4464765e-06,-0.0,0.6011847,2.1780796,0.45963278,3.590083,0.7252988,3.890423,1.0,4.629397,1.2973984,0.7592593,198.69627,1.0,0.0,0.0,1.0,0.0,0,7.718696,0.0,0.0,7.044515,4.5885878,8.299999,0.76282555,3.0269186,0.73722917,6.1780233
3,395,396.0,10.0,1.0,1.0,377.0,1.0,1.0,1.0,0.9999921,1.0,-0.0,0.0,-7.903198e-06,-0.0,0.6034173,2.2121809,0.33731908,4.429046,0.9715273,3.592481,1.0,5.330169,1.3356423,0.7962963,190.25868,1.0,0.0,0.0,1.0,0.0,0,7.28684,0.0,0.0,6.4187093,4.4818063,8.055469,2.634205,3.7152495,0.0,5.8500304
0,396,397.0,10.0,1.0,1.0,378.0,1.0,1.0,1.0,0.99999094,1.0,-0.0,0.0,-9.035906e-06,-0.0,0.45435613,2.6406107,0.4686801,2.5659688,0.60057884,4.843763,1.0,5.3406734,-0.29769447,0.7731481,202.02737,1.0,0.0,0.0,1.0,0.0,0,7.816714,0.0,0.0,6.754504,4.7132297,6.0782228,3.4590805,1.6922612,0.0,8.644758
1,396,397.0,10.0,1.0,1.0,378.0,1.0,1.0,1.0,0.99999285,1.0,-0.0,0.0,-7.1738186e-06,-0.0,0.40256864,2.343521,0.55694574,2.559249,0.8160825,4.1567793,1.0,4.7296114,-0.04051719,0.7731481,198.72408,1.0,0.0,0.0,1.0,0.0,0,7.508234,0.0,0.0,6.5613346,4.693772,6.9245358,2.8871913,2.9821289,1.5011715,6.384631
2,396,397.0,10.0,1.0,1.0,378.0,1.0,1.0,1.0,0.9999926,1.0,-0.0,0.0,-7.3972283e-06,-0.0,0.4787326,2.262225,0.48819292,2.7003338,0.7242253,3.8702488,1.0,4.9344726,1.2362646,0.7592593,198.78052,1.0,0.0,0.0,1.0,0.0,0,8.073316,0.0,0.0,7.1882424,4.983623,8.349508,0.72916794,3.0911763,0.7682,6.2105775
3,396,397.0,10.0,1.0,1.0,378.0,1.0,1.0,1.0,0.9999926,1.0,-0.0,0.0,-7.404186e-06,-0.0,0.42988694,2.3330503,0.32071546,3.9631884,0.9698129,3.601838,1.0,5.612028,0.4855478,0.7962963,190.35234,1.0,0.0,0.0,1.0,0.0,0,7.439914,0.0,0.0,6.4942226,4.619595,8.236255,2.4259353,3.7881744,0.30129966,5.907994
0,397,398.0,10.0,1.0,1.0,379.0,1.0,1.0,1.0,0.9999923,1.0,-0.0,0.0,-7.661493e-06,-0.0,0.42354465,2.7201993,0.46740165,3.0373063,0.6047574,4.810351,1.0,5.07609,-0.8680029,0.7731481,202.08585,1.0,0.0,0.0,1.0,0.0,0,7.393481,0.0,0.0,6.5110583,4.440631,5.9462423,3.2353551,1.5705692,0.0,8.748463
1,397,398.0,10.0,1.0,1.0,379.0,1.0,1.0,1.0,0.9999936,1.0,-0.0,0.0,-6.3770453e-06,-0.0,0.4127186,2.4049478,0.5554147,2.8366144,0.81578475,4.1471634,1.0,4.628254,-0.08965563,0.7731481,198.75998,1.0,0.0,0.0,1.0,0.0,0,7.3575377,0.0,0.0,6.4660287,4.62445,6.9688826,2.4207597,2.6031046,1.6106489,6.3476276
2,397,398.0,10.0,1.0,1.0,379.0,1.0,1.0,1.0,0.9999933,1.0,-0.0,0.0,-6.6588887e-06,-0.0,0.47578588,2.3187356,0.48381573,2.9117808,0.72309196,3.8389733,1.0,4.8177996,1.0714912,0.7592593,198.8136,1.0,0.0,0.0,1.0,0.0,0,7.7382283,0.0,0.0,6.9797926,4.780824,8.239542,0.67790455,3.2106934,0.7609896,6.092089
3,397,398.0,10.0,1.0,1.0,379.0,1.0,1.0,1.0,0.99999213,1.0,-0.0,0.0,-7.884182e-06,-0.0,0.48334187,2.3641613,0.3208062,3.944775,0.96904665,3.5985763,1.0,5.623471,1.1153883,0.7962963,190.3567,1.0,0.0,0.0,1.0,0.0,0,7.3760943,0.0,0.0,6.4795446,4.5795,8.299502,2.3047729,3.7494159,0.22032237,5.7756553
0,398,399.0,10.0,1.0,1.0,380.0,1.0,1.0,1.0,0.9999938,1.0,-0.0,0.0,-6.206048e-06,-0.0,0.3369305,2.7437866,0.46795797,3.397853,0.61176634,4.7671895,1.0,4.9303417,-1.9424101,0.7731481,202.09396,1.0,0.0,0.0,1.0,0.0,0,7.363006,0.0,0.0,6.535631,4.3259583,6.1014285,2.697928,1.3185935,0.0,8.495889
1,398,399.0,10.0,1.0,1.0,380.0,1.0,1.0,1.0,0.9999943,1.0,-0.0,0.0,-5.714113e-06,-0.0,0.33711642,2.3995237,0.547642,3.109386,0.8162125,4.1235,1.0,4.5819325,-1.0930774,0.7731481,198.79437,1.0,0.0,0.0,1.0,0.0,0,7.3631663,0.0,0.0,6.4755783,4.5791163,6.9721637,2.7013457,3.0043306,1.5503976,6.1858363
2,398,399.0,10.0,1.0,1.0,380.0,1.0,1.0,1.0,0.99999475,1.0,-0.0,0.0,-5.2416112e-06,-0.0,0.34853554,2.3326,0.46310508,3.3514605,0.7225065,3.8203714,1.0,4.700113,-0.6734421,0.7592593,198.84583,1.0,0.0,0.0,1.0,0.0,0,7.6256533,0.0,0.0,6.946897,4.620503,8.318864,0.63198066,3.3569233,0.75379866,6.03083
3,398,399.0,10.0,1.0,1.0,380.0,1.0,1.0,1.0,0.9999937,1.0,-0.0,0.0,-6.327519e-06,-0.0,0.42154378,2.3714457,0.31706962,4.0361943,0.96783674,3.5909548,1.0,5.5972013,0.44034886,0.7962963,190.377,1.0,0.0,0.0,1.0,0.0,0,7.345064,0.0,0.0,6.458574,4.56105,8.322991,2.5112572,3.9250312,0.4247638,5.8416095
0,399,400.0,10.0,1.0,1.0,381.0,1.0,1.0,1.0,0.999994,1.0,-0.0,0.0,-6.0445245e-06,-0.0,0.34283847,2.801959,0.46811345,3.3331923,0.61981064,4.663586,1.0,4.938243,-1.6668355,0.7731481,202.12912,1.0,0.0,0.0,1.0,0.0,0,7.4833894,0.0,0.0,6.616406,4.4030485,6.2476945,2.3941739,1.3274632,0.0,8.415454
1,399,400.0,10.0,1.0,1.0,381.0,1.0,1.0,1.0,0.9999946,1.0,-0.0,0.0,-5.4537095e-06,-0.0,0.31090975,2.4627705,0.54385924,3.2523644,0.81637365,4.093776,1.0,4.5267525,-1.3923244,0.7731481,198.83607,1.0,0.0,0.0,1.0,0.0,0,7.338929,0.0,0.0,6.478927,4.5594735,6.9886975,2.7406242,3.148412,1.5528568,6.1166615
2,399,400.0,10.0,1.0,1.0,381.0,1.0,1.0,1.0,0.9999952,1.0,-0.0,0.0,-4.8515767e-06,-0.0,0.29479265,2.3908515,0.45672017,3.6252346,0.72269595,3.7975585,1.0,4.6339636,-1.4243563,0.7592593,198.88657,1.0,0.0,0.0,1.0,0.0,0,7.6012626,0.0,0.0,6.9709177,4.574133,8.372598,0.5752332,3.4963048,0.71446264,5.9550915
3,399,400.0,10.0,1.0,1.0,381.0,1.0,1.0,1.0,0.9999941,1.0,-0.0,0.0,-5.925532e-06,-0.0,0.37249848,2.4290621,0.32173184,4.1712556,0.9665428,3.5736918,1.0,5.4671216,-0.113558955,0.7962963,190.41382,1.0,0.0,0.0,1.0,0.0,0,7.2639017,0.0,0.0,6.389864,4.5277596,8.392504,2.4072397,3.94091,0.6008746,5.77552
0,400,401.0,10.0,1.0,1.0,382.0,1.0,1.0,1.0,0.9999939,1.0,-0.0,0.0,-6.0723273e-06,-0.0,0.41047817,2.4528081,0.46643013,3.2277215,0.62841445,4.5754595,1.0,4.990415,-0.92669857,0.7731481,202.56345,1.0,0.0,0.0,1.0,0.0,0,7.5659246,0.0,0.0,6.67997,4.449162,5.9958997,2.5500014,1.3041071,0.0,8.157138
1,400,401.0,10.0,1.0,1.0,382.0,1.0,1.0,1.0,0.99999434,1.0,-0.0,0.0,-5.6670992e-06,-0.0,0.37961453,2.0846882,0.5416583,3.3015728,0.8168773,4.097408,1.0,4.517266,-0.92842895,0.7731481,199.28064,1.0,0.0,0.0,1.0,0.0,0,7.370277,0.0,0.0,6.524986,4.56077,7.00947,2.872798,3.0078042,1.6674578,6.1463304
2,400,401.0,10.0,1.0,1.0,382.0,1.0,1.0,1.0,0.9999949,1.0,-0.0,0.0,-5.1133175e-06,-0.0,0.37897265,2.0113811,0.4603637,3.6020555,0.72401094,3.7944653,1.0,4.6519794,-0.77067035,0.7592593,199.33382,1.0,0.0,0.0,1.0,0.0,0,7.714255,0.0,0.0,7.0765567,4.624324,8.484043,0.6582481,3.0475914,0.56024855,6.0431542
3,400,401.0,10.0,1.0,1.0,382.0,1.0,1.0,1.0,0.99999404,1.0,-0.0,0.0,-5.9845715e-06,-0.0,0.39272085,2.0817897,0.32820308,4.3329067,0.9661315,3.5796015,1.0,5.3485928,-0.26824418,0.7962963,190.85101,1.0,0.0,0.0,1.0,0.0,0,7.2680974,0.0,0.0,6.400128,4.513737,8.335564,2.2429342,3.7455695,0.48080942,5.8965583
0,401,402.0,10.0,1.0,1.0,383.0,1.0,1.0,1.0,0.999994,1.0,-0.0,0.0,-6.0257607e-06,-0.0,0.4050758,2.6702664,0.45874655,3.1578474,0.63818324,4.4667125,1.0,5.0218806,-0.49209875,0.7731481,202.81233,1.0,0.0,0.0,1.0,0.0,0,7.6205544,0.0,0.0,6.7118144,4.484185,6.479773,2.521676,1.3774401,0.0,8.572062
1,401,402.0,10.0,1.0,1.0,383.0,1.0,1.0,1.0,0.99999464,1.0,-0.0,0.0,-5.37224e-06,-0.0,0.39850026,2.3001738,0.5356872,3.0655243,0.81691194,4.097599,1.0,4.566774,-0.28351414,0.7731481,199.51709,1.0,0.0,0.0,1.0,0.0,0,7.5387754,0.0,0.0,6.6318116,4.6613936,7.3192053,2.7287557,3.0430079,1.7649729,6.1772094
2,401,402.0,10.0,1.0,1.0,383.0,1.0,1.0,1.0,0.99999523,1.0,-0.0,0.0,-4.787775e-06,-0.0,0.4072923,2.2102237,0.4633776,3.342573,0.7236469,3.7785463,1.0,4.7088566,0.029618852,0.7592593,199.55151,1.0,0.0,0.0,1.0,0.0,0,7.9112034,0.0,0.0,7.199207,4.744155,8.378456,0.66021645,3.1095943,0.49733764,5.987222
3,401,402.0,10.0,1.0,1.0,383.0,1.0,1.0,1.0,0.9999939,1.0,-0.0,0.0,-6.0858542e-06,-0.0,0.38471594,2.292578,0.32368213,4.3383236,0.9659067,3.6003163,1.0,5.3052964,-0.002658926,0.7962963,191.10432,1.0,0.0,0.0,1.0,0.0,0,7.322061,0.0,0.0,6.4267178,4.533587,8.263189,2.1557226,3.5519392,0.6565307,5.375636
0,402,403.0,10.0,1.0,1.0,384.0,1.0,1.0,1.0,0.9999938,1.0,-0.0,0.0,-6.169432e-06,-0.0,0.33521092,2.6290581,0.45830962,3.3108065,0.6442305,4.3780227,1.0,4.973781,-1.241439,0.7731481,202.85835,1.0,0.0,0.0,1.0,0.0,0,7.5517316,0.0,0.0,6.6906295,4.4295964,6.4476533,2.6740384,1.3804433,0.0,8.427273
1,402,403.0,10.0,1.0,1.0,384.0,1.0,1.0,1.0,0.99999446,1.0,-0.0,0.0,-5.5476994e-06,-0.0,0.3545437,2.2365575,0.52807635,3.1098893,0.81643397,4.0671086,1.0,4.578468,-0.77113044,0.7731481,199.58368,1.0,0.0,0.0,1.0,0.0,0,7.470425,0.0,0.0,6.6165385,4.651889,7.033412,2.835879,3.1375828,1.826934,6.060421
2,402,403.0,10.0,1.0,1.0,384.0,1.0,1.0,1.0,0.9999939,1.0,-0.0,0.0,-6.054779e-06,-0.0,0.34813398,2.159066,0.46221614,3.378214,0.7229015,3.7669263,1.0,4.7240996,-0.6113155,0.7592593,199.60973,1.0,0.0,0.0,1.0,0.0,0,7.854942,0.0,0.0,7.1679,4.7267447,8.404637,0.54949164,2.8617115,0.3383849,6.0516577
3,402,403.0,10.0,1.0,1.0,384.0,1.0,1.0,1.0,0.99999386,1.0,-0.0,0.0,-6.123674e-06,-0.0,0.35218298,2.2076266,0.32540265,4.3482375,0.9657665,3.6155045,1.0,5.302895,-0.43551904,0.7962963,191.19844,1.0,0.0,0.0,1.0,0.0,0,7.3540063,0.0,0.0,6.462605,4.541485,8.302383,2.2525027,3.6391006,0.6259579,5.5542636
0,403,404.0,10.0,1.0,1.0,385.0,1.0,1.0,1.0,0.999994,1.0,-0.0,0.0,-6.0017273e-06,-0.0,0.37142372,2.8538725,0.5040519,3.577195,0.6491675,4.308991,1.0,5.1105957,-1.1858112,0.7731481,203.1078,1.0,0.0,0.0,1.0,0.0,0,7.5392857,0.0,0.0,6.8760614,5.130779,6.2991433,2.6395655,1.4150805,0.0,8.458614
1,403,404.0,10.0,1.0,1.0,385.0,1.0,1.0,1.0,0.99999464,1.0,-0.0,0.0,-5.3514386e-06,-0.0,0.38327163,2.4532263,0.5392749,3.3645148,0.8166572,4.0319242,1.0,4.8247476,-0.8864319,0.7731481,199.83669,1.0,0.0,0.0,1.0,0.0,0,7.763459,0.0,0.0,7.1627374,4.617892,7.022538,2.887203,3.2388408,1.8390291,5.972862
2,403,404.0,10.0,1.0,1.0,385.0,1.0,1.0,1.0,0.99999446,1.0,-0.0,0.0,-5.5625624e-06,-0.0,0.3590025,2.3870697,0.44983485,3.6964414,0.72207636,3.759854,1.0,4.9699984,-0.99182594,0.7592593,199.89024,1.0,0.0,0.0,1.0,0.0,0,7.9463553,0.0,0.0,7.5045285,4.8408523,8.525868,0.49477246,2.694921,0.7360825,6.0649204
3,403,404.0,10.0,1.0,1.0,385.0,1.0,1.0,1.0,0.99999446,1.0,-0.0,0.0,-5.527338e-06,-0.0,0.42767972,2.416739,0.3207821,4.485951,0.9654934,3.6033592,1.0,5.529283,0.09934511,0.7962963,191.4805,1.0,0.0,0.0,1.0,0.0,0,8.114148,0.0,0.0,6.62696,4.811247,8.43379,2.1608584,3.6936057,0.5374503,5.494778
0,404,405.0,10.0,1.0,1.0,386.0,1.0,1.0,1.0,0.99999005,1.0,-0.0,0.0,-9.9715535e-06,-0.0,0.11768211,2.6070044,0.5139925,2.8197312,0.6537424,4.255977,1.0,5.3518524,-3.152323,0.7777778,203.51227,1.0,0.0,0.0,1.0,0.0,0,7.627443,0.0,0.0,6.564353,4.5473332,6.4903965,2.5005004,1.3738948,0.0,7.918577
1,404,405.0,10.0,1.0,1.0,386.0,1.0,1.0,1.0,0.99999154,1.0,-0.0,0.0,-8.450759e-06,-0.0,0.11032261,2.1885293,0.564861,2.6632657,0.81566006,4.0155816,1.0,4.9863305,-3.2368405,0.7731481,200.25284,1.0,0.0,0.0,1.0,0.0,0,7.4570584,0.0,0.0,6.6043663,4.535746,6.8590856,2.6903439,2.8279896,2.2771854,5.563858
2,404,405.0,10.0,1.0,1.0,386.0,1.0,1.0,1.0,0.9999926,1.0,-0.0,0.0,-7.403433e-06,-0.0,0.092911534,2.1000214,0.4926251,3.2050877,0.7205173,3.7851698,1.0,5.0273786,-3.4284136,0.7592593,200.31657,1.0,0.0,0.0,1.0,0.0,0,7.7136216,0.0,0.0,6.933794,4.699509,8.483589,0.7569978,2.2795188,2.1779501,6.0930977
3,404,405.0,10.0,1.0,1.0,386.0,1.0,1.0,1.0,0.9999909,1.0,-0.0,0.0,-9.103407e-06,-0.0,0.19350238,2.1809845,0.33846676,3.734786,0.96477836,3.6144218,1.0,5.81844,-1.6284035,0.7962963,191.91435,1.0,0.0,0.0,1.0,0.0,0,7.2410426,0.0,0.0,6.341568,4.4637747,7.921785,2.3137345,3.6093745,0.7300498,5.29149
0,405,406.0,10.0,1.0,1.0,387.0,1.0,1.0,1.0,0.99998987,1.0,-0.0,0.0,-1.0140384e-05,-0.0,0.27133077,2.696884,0.5050302,3.6998284,0.6614899,4.1718187,1.0,5.0494657,-2.146716,0.7777778,203.72603,1.0,0.0,0.0,1.0,0.0,0,7.4676247,0.0,0.0,6.699965,4.304984,6.583082,2.565926,1.4029009,0.0,8.296945
1,405,406.0,10.0,1.0,1.0,387.0,1.0,1.0,1.0,0.99999094,1.0,-0.0,0.0,-9.056854e-06,-0.0,0.25665537,2.2982478,0.54937494,3.593352,0.81976205,4.006213,1.0,4.8080716,-2.444881,0.7731481,200.4754,1.0,0.0,0.0,1.0,0.0,0,7.38409,0.0,0.0,6.6926894,4.5182085,8.549504,2.9294355,3.1682093,2.2813535,5.9333444
2,405,406.0,10.0,1.0,1.0,387.0,1.0,1.0,1.0,0.99999255,1.0,-0.0,0.0,-7.4738364e-06,-0.0,0.244556,2.2130222,0.46459916,3.8446782,0.7206209,3.7897174,1.0,4.938005,-2.3849244,0.7592593,200.53506,1.0,0.0,0.0,1.0,0.0,0,7.7351074,0.0,0.0,7.1420574,4.6257925,8.549839,0.5944218,2.5429132,1.9560508,6.042353
3,405,406.0,10.0,1.0,1.0,387.0,1.0,1.0,1.0,0.9999921,1.0,-0.0,0.0,-7.910295e-06,-0.0,0.39536953,2.243928,0.33046305,4.1244493,0.96531624,3.615288,1.0,5.620926,0.06899517,0.7962963,192.09941,1.0,0.0,0.0,1.0,0.0,0,7.4240484,0.0,0.0,6.5647125,4.652097,8.040458,2.2798247,3.724631,0.7166977,5.460463
0,406,407.0,10.0,1.0,1.0,388.0,1.0,1.0,1.0,0.9999925,1.0,-0.0,0.0,-7.483636e-06,-0.0,0.24649315,2.5497868,0.5003448,3.3779821,0.67024976,4.114377,1.0,5.158258,-2.1408079,0.7777778,203.84886,1.0,0.0,0.0,1.0,0.0,0,7.6956983,0.0,0.0,6.7858863,4.5863967,6.1226377,2.5356915,1.5455046,0.0,8.321955
1,406,407.0,10.0,1.0,1.0,388.0,1.0,1.0,1.0,0.9999933,1.0,-0.0,0.0,-6.686202e-06,-0.0,0.19784793,2.1494334,0.54769534,3.4497528,0.8201417,4.0089483,1.0,4.8557105,-3.0881605,0.7731481,200.59146,1.0,0.0,0.0,1.0,0.0,0,7.494097,0.0,0.0,6.744718,4.5234237,8.626546,2.9446197,3.175444,2.3525343,5.879674
2,406,407.0,10.0,1.0,1.0,388.0,1.0,1.0,1.0,0.9999942,1.0,-0.0,0.0,-5.7692087e-06,-0.0,0.19790046,2.067585,0.47031826,3.7042692,0.7214424,3.7990015,1.0,4.9753566,-2.885624,0.7592593,200.64978,1.0,0.0,0.0,1.0,0.0,0,7.7835894,0.0,0.0,7.128971,4.6727586,8.599517,0.573672,2.296678,1.9843494,6.0098424
3,406,407.0,10.0,1.0,1.0,388.0,1.0,1.0,1.0,0.99999386,1.0,-0.0,0.0,-6.1127034e-06,-0.0,0.30911863,2.117077,0.32616004,4.0960703,0.9653421,3.6107378,1.0,5.6400704,-0.8541951,0.7962963,192.19516,1.0,0.0,0.0,1.0,0.0,0,7.3458366,0.0,0.0,6.462051,4.573086,8.181869,2.006162,3.602035,0.7067038,5.3642955
0,407,408.0,10.0,1.0,1.0,389.0,1.0,1.0,1.0,0.99999267,1.0,-0.0,0.0,-7.322662e-06,-0.0,0.3399089,2.5371313,0.489402,3.2311146,0.67817205,4.0354176,1.0,5.177594,-0.8417582,0.7777778,203.89192,1.0,0.0,0.0,1.0,0.0,0,7.7850723,0.0,0.0,6.8552904,4.6807876,6.283801,2.51941,1.5721399,0.0,8.439696
1,407,408.0,10.0,1.0,1.0,389.0,1.0,1.0,1.0,0.9999936,1.0,-0.0,0.0,-6.3766315e-06,-0.0,0.2866067,2.124479,0.53962225,3.3472536,0.8201929,4.009729,1.0,4.840436,-2.0393999,0.7731481,200.62666,1.0,0.0,0.0,1.0,0.0,0,7.606966,0.0,0.0,6.853418,4.614652,8.695951,2.8282502,3.0523958,2.4682968,5.8314643
2,407,408.0,10.0,1.0,1.0,389.0,1.0,1.0,1.0,0.9999946,1.0,-0.0,0.0,-5.415287e-06,-0.0,0.28535053,2.0353227,0.46723965,3.5605247,0.7215804,3.7959094,1.0,4.962266,-1.7829416,0.7592593,200.67932,1.0,0.0,0.0,1.0,0.0,0,7.948517,0.0,0.0,7.2626357,4.7584915,8.568273,0.570096,2.2839386,2.016418,5.987401
3,407,408.0,10.0,1.0,1.0,389.0,1.0,1.0,1.0,0.9999937,1.0,-0.0,0.0,-6.331705e-06,-0.0,0.33779258,2.103997,0.3234833,4.256713,0.96547407,3.6068337,1.0,5.500535,-0.59373957,0.7962963,192.24356,1.0,0.0,0.0,1.0,0.0,0,7.352107,0.0,0.0,6.458393,4.5878825,8.140503,2.1247785,3.7492814,1.1990925,5.3793287
0,408,409.0,10.0,1.0,1.0,390.0,1.0,1.0,1.0,0.9999927,1.0,-0.0,0.0,-7.2489715e-06,-0.0,0.08688979,2.932343,0.5420322,4.7322454,0.690575,3.9152946,1.0,5.0984664,-4.1071763,0.787037,204.36227,1.0,0.0,0.0,1.0,0.0,0,7.5241084,0.0,0.0,7.121574,4.623483,6.777366,2.0363917,1.6954539,0.0,8.374836
1,408,409.0,10.0,1.0,1.0,390.0,1.0,1.0,1.0,0.9999935,1.0,-0.0,0.0,-6.5106974e-06,-0.0,0.035322644,2.49875,0.55495596,4.937255,0.81880426,4.0109005,1.0,5.007777,-5.3908315,0.7777778,201.08607,1.0,0.0,0.0,1.0,0.0,0,7.510173,0.0,0.0,7.4396086,4.4459367,8.172292,2.8758929,2.8296251,2.6749816,5.8618755
2,408,409.0,10.0,1.0,1.0,390.0,1.0,1.0,1.0,0.9986461,1.0,-0.0,0.0,-5.626323e-06,-0.0013482935,0.008685142,2.4379368,0.44997796,5.0808973,0.72148174,3.8463068,0.0,5.308878,-5.6573815,0.7638889,201.17047,1.0,0.0,0.0,1.0,0.0,0,7.8795557,0.0,0.0,7.8543663,4.6935134,8.789173,0.5649568,1.7954503,2.2346096,5.6153917
3,408,409.0,10.0,1.0,1.0,390.0,1.0,1.0,1.0,0.98205525,1.0,-0.0,0.0,-6.2955683e-06,-0.017938446,0.007549487,2.5105603,0.40481254,6.0763063,0.9651455,3.6059654,0.0,5.2042055,-5.394324,0.7962963,192.76558,1.0,0.0,0.0,1.0,0.0,0,7.8001804,0.0,0.0,7.101608,5.188886,8.2588825,2.1072776,3.7593505,1.2030439,5.485927
0,409,410.0,10.0,1.0,1.0,391.0,1.0,1.0,1.0,0.99998695,1.0,-0.0,0.0,-1.3061492e-05,-0.0,0.6294631,2.4909725,0.53691435,1.5865514,0.69766545,3.814835,1.0,6.388225,3.6695683,0.787037,204.81903,1.0,0.0,0.0,1.0,0.0,0,8.009649,0.0,0.0,6.5962343,5.0622225,6.027076,1.3091217,1.660199,0.0,7.042281
1,409,410.0,10.0,1.0,1.0,391.0,1.0,1.0,1.0,0.9999887,1.0,-0.0,0.0,-1.1320678e-05,-0.0,0.6024606,2.0164154,0.5731416,1.472433,0.81712186,4.0050406,1.0,5.858894,2.600684,0.7777778,201.56148,1.0,0.0,0.0,1.0,0.0,0,8.522474,0.0,0.0,7.14183,5.2249684,7.8973985,2.7260177,2.3932576,3.434974,5.8668494
2,409,410.0,10.0,1.0,1.0,391.0,1.0,1.0,1.0,0.9999903,1.0,-0.0,0.0,-9.719371e-06,-0.0,0.48754364,1.9739485,0.50200593,2.431906,0.7187186,3.8859937,1.0,5.6783037,1.0926621,0.7638889,201.61717,1.0,0.0,0.0,1.0,0.0,0,8.99703,0.0,0.0,7.9273224,4.89222,8.80123,0.27710107,1.2482408,2.2817144,5.8571854
3,409,410.0,10.0,1.0,1.0,391.0,1.0,1.0,1.0,0.99999076,1.0,-0.0,0.0,-9.2388755e-06,-0.0,0.41263476,2.110481,0.32654086,3.889618,0.96344066,3.6215615,1.0,5.906542,0.48708263,0.7962963,193.17673,1.0,0.0,0.0,1.0,0.0,0,7.612919,0.0,0.0,6.5504017,4.4866977,8.063187,2.1607873,3.6367984,1.132789,5.6207294
0,410,411.0,10.0,1.0,1.0,392.0,1.0,1.0,1.0,0.9999898,1.0,-0.0,0.0,-1.0167304e-05,-0.0,0.20404235,2.7440598,0.49640927,2.3212426,0.6913153,3.831625,1.0,5.9289994,-1.0902649,0.787037,205.26927,1.0,0.0,0.0,1.0,0.0,0,8.05095,0.0,0.0,6.660792,5.250817,6.9171233,1.225698,1.6287632,1.685369,7.0046434
1,410,411.0,10.0,1.0,1.0,392.0,1.0,1.0,1.0,0.9999902,1.0,-0.0,0.0,-9.761335e-06,-0.0,0.32123214,2.2604737,0.5544004,1.552642,0.8153296,3.9724612,1.0,5.9002995,0.03205333,0.7777778,201.95746,1.0,0.0,0.0,1.0,0.0,0,8.06908,0.0,0.0,7.10419,5.1123643,7.5923176,2.7324317,2.3501062,3.4741297,5.7180257
2,410,411.0,10.0,1.0,1.0,392.0,1.0,1.0,1.0,0.999992,1.0,-0.0,0.0,-7.97934e-06,-0.0,0.041809864,2.2472055,0.44941238,3.2366822,0.7203125,3.874696,1.0,5.358439,-3.9237878,0.7638889,202.0607,1.0,0.0,0.0,1.0,0.0,0,8.065533,0.0,0.0,7.2379622,4.939042,8.901255,0.48813975,1.7878207,2.6749907,5.7174067
3,410,411.0,10.0,1.0,1.0,392.0,1.0,1.0,1.0,0.9999923,1.0,-0.0,0.0,-7.681102e-06,-0.0,0.20042919,2.326604,0.32944214,3.7853768,0.961286,3.6482663,1.0,5.97596,-1.2274822,0.7962963,193.53378,1.0,0.0,0.0,1.0,0.0,0,7.548371,0.0,0.0,6.559885,4.78673,8.246552,2.0229948,3.5573385,1.0906886,5.565263
0,411,412.0,10.0,1.0,1.0,393.0,1.0,1.0,1.0,0.9998922,1.0,-0.0,0.0,-9.251404e-06,-9.861086e-05,0.17994456,2.6935894,0.5459107,5.005916,0.6829056,3.8708553,0.0,5.221609,-3.8328757,0.787037,205.29019,1.0,0.0,0.0,1.0,0.0,0,7.007667,0.0,0.0,6.5888605,4.0657744,7.290758,1.0404242,1.4127394,1.8129964,6.6031275
1,411,412.0,10.0,1.0,1.0,393.0,1.0,1.0,1.0,0.9999926,1.0,-0.0,0.0,-7.385329e-06,-0.0,0.33261663,2.2256866,0.5464383,3.851392,0.8129782,3.880147,1.0,5.3167343,-2.015586,0.7777778,202.00484,1.0,0.0,0.0,1.0,0.0,0,7.4738994,0.0,0.0,7.0229034,4.473139,6.971821,2.4356613,2.3769794,3.37589,5.491685
2,411,412.0,10.0,1.0,1.0,393.0,1.0,1.0,1.0,0.9905197,1.0,-0.0,0.0,-7.743045e-06,-0.0094725685,0.09850096,2.2101562,0.46171853,5.5683537,0.7206366,3.8609333,0.0,5.6881666,-5.7010493,0.7638889,202.08096,1.0,0.0,0.0,1.0,0.0,0,7.7038913,0.0,0.0,7.2007666,4.6931915,8.981071,0.41135764,2.172965,2.7371266,5.54379
3,411,412.0,10.0,1.0,1.0,393.0,1.0,1.0,1.0,0.99999225,1.0,-0.0,0.0,-7.7432405e-06,-0.0,0.39994454,2.2558873,0.36797377,4.927096,0.9593825,3.6444023,1.0,5.4388394,-0.58920217,0.7962963,193.61494,1.0,0.0,0.0,1.0,0.0,0,7.4495907,0.0,0.0,6.6269703,5.189617,8.042854,2.0877476,3.6961584,1.0490417,5.66866
0,412,413.0,10.0,1.0,1.0,394.0,1.0,1.0,1.0,0.999989,1.0,-0.0,0.0,-1.1029115e-05,-0.0,0.2541479,2.6466815,0.4986899,2.7537222,0.6885759,3.7793748,1.0,5.7873316,-1.1846302,0.787037,205.52296,1.0,0.0,0.0,1.0,0.0,0,8.670957,0.0,0.0,7.3938336,5.173364,7.1833963,1.304119,2.0439253,2.9464142,7.254512
1,412,413.0,10.0,1.0,1.0,394.0,1.0,1.0,1.0,0.99999106,1.0,-0.0,0.0,-8.9188925e-06,-0.0,0.2106253,2.2449958,0.5383633,2.4740272,0.8127613,3.8613389,1.0,5.5595045,-2.1327426,0.7824074,202.28671,1.0,0.0,0.0,1.0,0.0,0,8.22163,0.0,0.0,7.0599046,5.006813,7.1907644,2.6289244,2.3420904,3.4255662,5.736696
2,412,413.0,10.0,1.0,1.0,394.0,1.0,1.0,1.0,0.9999899,1.0,-0.0,0.0,-1.0049561e-05,-0.0,0.11746939,2.1679208,0.45626232,3.6176693,0.7205377,3.9276714,1.0,5.5112844,-4.0154543,0.7685185,202.29205,1.0,0.0,0.0,1.0,0.0,0,8.638664,0.0,0.0,7.4359035,4.946383,9.19608,0.41950464,1.585218,3.4720964,5.903744
3,412,413.0,10.0,1.0,1.0,394.0,1.0,1.0,1.0,0.9999905,1.0,-0.0,0.0,-9.47601e-06,-0.0,0.37045664,2.2350588,0.330795,3.5209503,0.957021,3.676055,1.0,6.2905207,0.732475,0.8009259,193.87091,1.0,0.0,0.0,1.0,0.0,0,7.721941,0.0,0.0,6.71593,4.717801,7.9716706,2.2199306,3.6394308,0.6263928,5.9137716
0,413,414.0,10.0,1.0,1.0,395.0,1.0,1.0,1.0,0.9999903,1.0,-0.0,0.0,-9.720968e-06,-0.0,0.09849612,2.6224294,0.48594028,2.9539502,0.69336087,3.7002518,1.0,5.6465645,-2.737674,0.7962963,205.67117,1.0,0.0,0.0,1.0,0.0,0,8.066907,0.0,0.0,7.024553,4.8210135,7.9230647,1.1199876,2.129113,0.4358626,7.114093
1,413,414.0,10.0,1.0,1.0,395.0,1.0,1.0,1.0,0.9999911,1.0,-0.0,0.0,-8.8706265e-06,-0.0,0.01325123,2.249851,0.519996,3.1486619,0.80996805,3.8064125,1.0,5.2656283,-4.7607393,0.787037,202.45729,1.0,0.0,0.0,1.0,0.0,0,7.5875893,0.0,0.0,6.6923113,4.790195,7.0794783,2.4698,2.4893274,3.2846665,5.7958035
2,413,414.0,10.0,1.0,1.0,395.0,1.0,1.0,1.0,0.9999923,1.0,-0.0,0.0,-7.698834e-06,-0.0,0.02799593,2.1533747,0.45579788,3.8218057,0.72025216,3.9212883,1.0,5.4180455,-5.595735,0.7731481,202.42122,1.0,0.0,0.0,1.0,0.0,0,8.302498,0.0,0.0,7.074937,4.7482743,9.190628,0.4505743,1.9298271,3.1914716,5.788189
3,413,414.0,10.0,1.0,1.0,395.0,1.0,1.0,1.0,0.9999905,1.0,-0.0,0.0,-9.487144e-06,-0.0,0.23862459,2.2274845,0.33533904,3.513606,0.9531351,3.6685944,1.0,6.216436,-0.50426555,0.8009259,193.98358,1.0,0.0,0.0,1.0,0.0,0,7.293015,0.0,0.0,6.4674983,4.743562,7.7793174,2.075285,3.7224014,0.5422753,5.964154
0,414,415.0,10.0,1.0,1.0,396.0,1.0,1.0,1.0,0.9999895,1.0,-0.0,0.0,-1.0503375e-05,-0.0,0.1545392,2.657525,0.55710876,4.812792,0.69828093,3.6692343,1.0,5.3236957,-3.8209586,0.8009259,205.80511,1.0,0.0,0.0,1.0,0.0,0,7.3098083,0.0,0.0,7.060343,3.9148703,7.894458,1.0725183,1.92347,0.7869266,7.0873904
1,414,415.0,10.0,1.0,1.0,396.0,1.0,1.0,1.0,0.9994641,1.0,-0.0,0.0,-1.0936154e-05,-0.000525021,0.06397609,2.2616937,0.5734399,5.031501,0.81088495,3.7874446,0.0,5.330684,-5.5848165,0.787037,202.587,1.0,0.0,0.0,1.0,0.0,0,6.9168453,0.0,0.0,6.404541,4.6805024,6.9455876,2.3440561,2.7768922,2.9341362,5.8580327
2,414,415.0,10.0,1.0,1.0,396.0,1.0,1.0,1.0,0.9903946,1.0,-0.0,0.0,-8.730657e-06,-0.0095967,0.04186686,2.1900918,0.49624714,5.5758014,0.7208781,3.9212883,0.0,5.843115,-6.586836,0.7731481,202.56645,1.0,0.0,0.0,1.0,0.0,0,7.47991,0.0,0.0,7.006989,4.4513154,9.380763,0.44921926,2.5185957,3.0569143,5.7054944
3,414,415.0,10.0,1.0,1.0,396.0,1.0,1.0,1.0,0.9999908,1.0,-0.0,0.0,-9.168888e-06,-0.0,0.25340056,2.274704,0.39556375,4.931861,0.95194083,3.6617594,1.0,5.5183206,-2.1702023,0.8055556,194.12573,1.0,0.0,0.0,1.0,0.0,0,7.223434,0.0,0.0,6.1729684,4.9483685,7.714161,1.9721035,3.777201,0.41085374,5.838789
0,415,416.0,10.0,1.0,1.0,397.0,1.0,1.0,1.0,0.9999887,1.0,-0.0,0.0,-1.133198e-05,-0.0,0.514777,2.343418,0.542143,2.1394525,0.69860256,3.6215615,1.0,6.2260475,1.8119729,0.8009259,206.18546,1.0,0.0,0.0,1.0,0.0,0,9.347373,0.0,0.0,7.557883,5.5037374,8.04129,1.0993301,2.1215312,2.4795096,6.693801
1,415,416.0,10.0,1.0,1.0,397.0,1.0,1.0,1.0,0.9999898,1.0,-0.0,0.0,-1.0181432e-05,-0.0,0.46608484,1.9383559,0.5664918,1.9758831,0.80891335,3.7872376,1.0,5.8006263,0.6155456,0.787037,202.95483,1.0,0.0,0.0,1.0,0.0,0,8.571753,0.0,0.0,7.1724014,5.3193445,7.1591196,2.4399767,2.3654659,2.7889993,6.1384525
2,415,416.0,10.0,1.0,1.0,397.0,1.0,1.0,1.0,0.9999916,1.0,-0.0,0.0,-8.382313e-06,-0.0,0.29200947,1.8857915,0.48604125,3.4793518,0.7204627,3.921488,1.0,5.592157,-2.5266027,0.7731481,202.88556,1.0,0.0,0.0,1.0,0.0,0,9.319182,0.0,0.0,7.3926105,5.1199837,9.561802,0.46176434,2.1346173,3.1399055,5.8671336
3,415,416.0,10.0,1.0,1.0,397.0,1.0,1.0,1.0,0.99999076,1.0,-0.0,0.0,-9.238306e-06,-0.0,0.3746692,2.023867,0.33575508,3.7983828,0.9497174,3.6673136,1.0,6.076412,0.26531425,0.8055556,194.4016,1.0,0.0,0.0,1.0,0.0,0,7.904187,0.0,0.0,6.5871797,4.583827,7.9470677,1.7469808,3.60038,0.2926306,6.047286
0,416,417.0,10.0,1.0,1.0,398.0,1.0,1.0,1.0,0.99998933,1.0,-0.0,0.0,-1.0690729e-05,-0.0,0.58462393,2.0695896,0.52241766,2.3593707,0.6954724,3.571939,1.0,6.06902,2.1642716,0.8009259,207.00986,1.0,0.0,0.0,1.0,0.0,0,7.711931,0.0,0.0,6.4217186,4.803373,6.6935425,1.0056053,1.9121925,2.2428226,5.8984904
1,416,417.0,10.0,1.0,1.0,398.0,1.0,1.0,1.0,0.9999883,1.0,-0.0,0.0,-1.1667677e-05,-0.0,0.6544925,1.6404461,0.5622926,1.6902192,0.8055673,3.783101,1.0,5.99538,2.6310413,0.787037,203.80443,1.0,0.0,0.0,1.0,0.0,0,8.120654,0.0,0.0,7.0962524,5.107546,6.6562514,2.6248984,2.426918,2.6443138,5.9714975
2,416,417.0,10.0,1.0,1.0,398.0,1.0,1.0,1.0,0.99999297,1.0,-0.0,0.0,-7.050251e-06,-0.0,0.40988773,1.6263995,0.4758852,3.9028788,0.71968466,3.9038815,1.0,5.482978,-1.9743508,0.7731481,203.68745,1.0,0.0,0.0,1.0,0.0,0,8.395934,0.0,0.0,6.8848324,4.584864,9.48148,0.44733658,2.3248398,2.9811442,5.8424444
3,416,417.0,10.0,1.0,1.0,398.0,1.0,1.0,1.0,0.9999906,1.0,-0.0,0.0,-9.3966e-06,-0.0,0.50061756,1.7653592,0.34037915,3.9066877,0.9464527,3.6683807,1.0,5.937061,1.1740503,0.8055556,195.22328,1.0,0.0,0.0,1.0,0.0,0,7.51917,0.0,0.0,6.3727155,4.687404,7.4470625,1.7334541,3.4188168,0.19007513,6.0310593
0,417,418.0,10.0,1.0,1.0,399.0,1.0,1.0,1.0,0.99999136,1.0,-0.0,0.0,-8.663883e-06,-0.0,0.36107302,2.0296137,0.4980747,3.3707907,0.69518083,3.54775,1.0,5.5126705,-0.85010284,0.8009259,207.58234,1.0,0.0,0.0,1.0,0.0,0,7.7303486,0.0,0.0,6.55684,4.592943,7.344844,1.0914378,1.8733187,2.5273714,6.254096
1,417,418.0,10.0,1.0,1.0,399.0,1.0,1.0,1.0,0.9999915,1.0,-0.0,0.0,-8.494909e-06,-0.0,0.49664044,1.6007699,0.531768,2.1732106,0.80447185,3.7270226,1.0,5.7035823,0.73289406,0.787037,204.3805,1.0,0.0,0.0,1.0,0.0,0,7.82732,0.0,0.0,6.7941256,4.914697,6.590628,2.2687285,2.7522132,2.5709205,5.672408
2,417,418.0,10.0,1.0,1.0,399.0,1.0,1.0,1.0,0.99999386,1.0,-0.0,0.0,-6.1597943e-06,-0.0,0.34828335,1.5708463,0.47118565,4.258184,0.71942705,3.9002705,1.0,5.4083443,-2.7531376,0.7731481,204.2818,1.0,0.0,0.0,1.0,0.0,0,7.9223995,0.0,0.0,6.8420844,4.3785715,9.505328,0.42374837,2.527644,2.9748194,5.685901
3,417,418.0,10.0,1.0,1.0,399.0,1.0,1.0,1.0,0.9999911,1.0,-0.0,0.0,-8.858864e-06,-0.0,0.45164263,1.6822543,0.33719492,3.9618053,0.9448563,3.6050966,1.0,5.824501,0.80849975,0.8055556,195.84442,1.0,0.0,0.0,1.0,0.0,0,7.5791698,0.0,0.0,6.3927274,4.595375,7.8263483,1.310426,3.621924,0.1373279,5.618293
0,418,419.0,10.0,1.0,1.0,400.0,1.0,1.0,1.0,0.9999918,1.0,-0.0,0.0,-8.246755e-06,-0.0,0.29886848,2.0035152,0.5037838,4.181378,0.69394517,3.5675533,1.0,5.244748,-2.1340837,0.8009259,208.14374,1.0,0.0,0.0,1.0,0.0,0,7.624604,0.0,0.0,6.6230907,4.3521023,7.209551,1.0093125,1.8125521,2.2877877,7.013959
1,418,419.0,10.0,1.0,1.0,400.0,1.0,1.0,1.0,0.9999926,1.0,-0.0,0.0,-7.379821e-06,-0.0,0.34389758,1.626694,0.50342804,3.3994653,0.80519646,3.6405337,1.0,5.252849,-1.6966844,0.787037,204.89638,1.0,0.0,0.0,1.0,0.0,0,7.378205,0.0,0.0,6.5351257,4.5776453,6.741458,1.791365,2.8422,2.1604054,5.8842616
2,418,419.0,10.0,1.0,1.0,400.0,1.0,1.0,1.0,0.99999374,1.0,-0.0,0.0,-6.270713e-06,-0.0,0.42187944,1.5363127,0.47312528,4.362617,0.71916926,3.8950484,1.0,5.3529873,-2.001905,0.7731481,204.85538,1.0,0.0,0.0,1.0,0.0,0,7.9281607,0.0,0.0,6.910029,4.3858433,9.591129,0.4082721,2.597561,2.6801574,6.056589
3,418,419.0,10.0,1.0,1.0,400.0,1.0,1.0,1.0,0.99999106,1.0,-0.0,0.0,-8.92625e-06,-0.0,0.45105106,1.649128,0.33687863,4.2062054,0.9424433,3.5767572,1.0,5.6133895,0.05558692,0.8055556,196.41252,1.0,0.0,0.0,1.0,0.0,0,7.51734,0.0,0.0,6.3562098,4.5888596,7.86729,1.3294175,3.4385557,0.14687714,5.982587
0,419,420.0,10.0,1.0,1.0,401.0,1.0,1.0,1.0,0.9999926,1.0,-0.0,0.0,-7.419773e-06,-0.0,0.4160058,1.8425577,0.49978238,3.9396124,0.6957085,3.5247278,1.0,5.2411976,-1.2736144,0.8009259,209.0143,1.0,0.0,0.0,1.0,0.0,0,8.090751,0.0,0.0,6.8451734,4.5890317,7.2780995,1.0532932,2.0459955,2.223611,6.7497473
1,419,420.0,10.0,1.0,1.0,401.0,1.0,1.0,1.0,0.99999297,1.0,-0.0,0.0,-7.0603264e-06,-0.0,0.3521856,1.5027436,0.50432986,3.8659983,0.8056535,3.5765383,1.0,5.1391544,-2.0733066,0.787037,205.71718,1.0,0.0,0.0,1.0,0.0,0,7.42192,0.0,0.0,6.60399,4.527551,6.8598075,1.8380011,3.169812,1.9853456,5.890988
2,419,420.0,10.0,1.0,1.0,401.0,1.0,1.0,1.0,0.9999938,1.0,-0.0,0.0,-6.2235454e-06,-0.0,0.5532615,1.3653545,0.4819616,3.980336,0.71824867,3.8916302,1.0,5.2797127,-0.32976177,0.7731481,205.7321,1.0,0.0,0.0,1.0,0.0,0,8.295742,0.0,0.0,7.0505714,4.538819,9.677376,0.32996574,2.6961405,2.6972902,6.081768
3,419,420.0,10.0,1.0,1.0,401.0,1.0,1.0,1.0,0.999992,1.0,-0.0,0.0,-7.996603e-06,-0.0,0.46936497,1.5109861,0.33639833,4.3135304,0.9397722,3.544439,1.0,5.4998937,-0.27503726,0.8055556,197.2653,1.0,0.0,0.0,1.0,0.0,0,7.552715,0.0,0.0,6.36132,4.57062,7.6836224,1.4152452,3.552387,0.17457788,6.0320354
0,420,421.0,10.0,1.0,1.0,402.0,1.0,1.0,1.0,0.99999166,1.0,-0.0,0.0,-8.338731e-06,-0.0,0.49737468,1.8051826,0.49068913,3.5324926,0.6960792,3.5055761,1.0,5.3112764,-0.89914817,0.8009259,209.74434,1.0,0.0,0.0,1.0,0.0,0,8.331432,0.0,0.0,6.986641,4.879112,7.2997565,1.0764607,2.1049945,2.1710124,6.949039
1,420,421.0,10.0,1.0,1.0,402.0,1.0,1.0,1.0,0.99999225,1.0,-0.0,0.0,-7.734162e-06,-0.0,0.4536245,1.4815563,0.5024529,3.4676328,0.8055947,3.5236173,1.0,5.112474,-1.6719662,0.787037,206.43176,1.0,0.0,0.0,1.0,0.0,0,7.7724423,0.0,0.0,6.8416457,4.75454,6.8578014,1.759538,3.2579792,1.9059952,6.0420394
2,420,421.0,10.0,1.0,1.0,402.0,1.0,1.0,1.0,0.9999932,1.0,-0.0,0.0,-6.778522e-06,-0.0,0.5827043,1.3563756,0.4813874,3.9080906,0.71740055,3.8839788,1.0,5.212144,-0.6820541,0.7731481,206.43297,1.0,0.0,0.0,1.0,0.0,0,8.249029,0.0,0.0,6.9860163,4.509031,9.778599,0.34022012,2.7063303,2.6654317,6.250834
3,420,421.0,10.0,1.0,1.0,402.0,1.0,1.0,1.0,0.99999136,1.0,-0.0,0.0,-8.635466e-06,-0.0,0.47557876,1.49756,0.33551413,4.392661,0.937248,3.5131605,1.0,5.3815017,-1.4225701,0.8055556,197.96516,1.0,0.0,0.0,1.0,0.0,0,7.566139,0.0,0.0,6.3596196,4.565145,7.6112404,1.3529665,3.5707397,0.19259347,6.173627
0,421,422.0,10.0,1.0,1.0,403.0,1.0,1.0,1.0,0.99999166,1.0,-0.0,0.0,-8.339704e-06,-0.0,0.48901066,1.7735813,0.48354125,3.439299,0.6956676,3.477101,1.0,5.308066,-1.7010738,0.8009259,210.46817,1.0,0.0,0.0,1.0,0.0,0,8.385376,0.0,0.0,6.9263773,4.837509,7.158897,1.0740066,2.143613,2.1400664,7.1020217
1,421,422.0,10.0,1.0,1.0,403.0,1.0,1.0,1.0,0.9999915,1.0,-0.0,0.0,-8.533655e-06,-0.0,0.5129062,1.4360895,0.5012098,2.9104362,0.80464715,3.4831746,1.0,5.205674,-2.1060045,0.787037,207.17265,1.0,0.0,0.0,1.0,0.0,0,7.991321,0.0,0.0,6.9359407,4.9441996,6.8174047,1.7533896,3.3737526,1.8789657,6.198321
2,421,422.0,10.0,1.0,1.0,403.0,1.0,1.0,1.0,0.9999936,1.0,-0.0,0.0,-6.369505e-06,-0.0,0.5627159,1.3422568,0.4794078,4.035806,0.7172956,3.8751004,1.0,5.151987,-2.135764,0.7731481,207.13962,1.0,0.0,0.0,1.0,0.0,0,8.103647,0.0,0.0,6.910054,4.424985,9.684396,0.36462682,2.721441,2.6317856,6.214782
3,421,422.0,10.0,1.0,1.0,403.0,1.0,1.0,1.0,0.99999094,1.0,-0.0,0.0,-9.070487e-06,-0.0,0.4659269,1.4656861,0.33442873,4.350937,0.9341575,3.4890127,1.0,5.3430576,-2.000196,0.8055556,198.69102,1.0,0.0,0.0,1.0,0.0,0,7.58998,0.0,0.0,6.3876143,4.5638895,7.594991,1.3845842,3.521546,0.22568166,6.3500476
0,422,423.0,10.0,1.0,1.0,404.0,1.0,1.0,1.0,0.99999267,1.0,-0.0,0.0,-7.3190067e-06,-0.0,0.46153218,1.7799351,0.4858939,3.6576955,0.69596106,3.4433935,1.0,5.1947846,-2.9877918,0.8009259,211.1515,1.0,0.0,0.0,1.0,0.0,0,8.589749,0.0,0.0,6.790643,4.717733,7.2653236,1.0641208,2.1902196,2.0932148,7.3417754
1,422,423.0,10.0,1.0,1.0,404.0,1.0,1.0,1.0,0.99999255,1.0,-0.0,0.0,-7.469806e-06,-0.0,0.5086992,1.4395823,0.49461415,2.9144678,0.8036731,3.4383883,1.0,5.1916156,-2.5789049,0.787037,207.8612,1.0,0.0,0.0,1.0,0.0,0,7.9574275,0.0,0.0,6.9127088,4.84887,6.8546276,1.7487354,3.545104,1.7939688,6.366185
2,422,423.0,10.0,1.0,1.0,404.0,1.0,1.0,1.0,0.9999942,1.0,-0.0,0.0,-5.8005567e-06,-0.0,0.5716413,1.3331918,0.4818515,4.109427,0.71636003,3.8580935,1.0,5.0870404,-2.7294672,0.7731481,207.84135,1.0,0.0,0.0,1.0,0.0,0,8.096618,0.0,0.0,6.915995,4.406345,9.793443,0.31692728,2.3924456,2.597167,6.516716
3,422,423.0,10.0,1.0,1.0,404.0,1.0,1.0,1.0,0.99999136,1.0,-0.0,0.0,-8.644287e-06,-0.0,0.47310108,1.442688,0.3336992,4.293702,0.9310255,3.4721448,1.0,5.328331,-2.0940733,0.8055556,199.40613,1.0,0.0,0.0,1.0,0.0,0,7.6036854,0.0,0.0,6.4006386,4.564305,7.6246967,1.3876598,3.5700724,0.22361712,6.5500264
0,423,424.0,10.0,1.0,1.0,405.0,1.0,1.0,1.0,0.99999297,1.0,-0.0,0.0,-7.0537276e-06,-0.0,0.43276584,1.7822623,0.4750827,3.9495354,0.69643503,3.4118772,1.0,5.015986,-3.9620855,0.8009259,211.83781,1.0,0.0,0.0,1.0,0.0,0,8.692902,0.0,0.0,6.829589,4.5119267,7.3070154,1.0496573,2.2416117,2.0247624,7.5323906
1,423,424.0,10.0,1.0,1.0,405.0,1.0,1.0,1.0,0.9999932,1.0,-0.0,0.0,-6.7988844e-06,-0.0,0.4691042,1.4595733,0.47629577,3.2887447,0.8028713,3.3976226,1.0,5.0168843,-3.5920618,0.787037,208.53365,1.0,0.0,0.0,1.0,0.0,0,7.7036066,0.0,0.0,6.7405105,4.699806,6.890688,1.835114,3.887002,1.7321383,6.5557275
2,423,424.0,10.0,1.0,1.0,405.0,1.0,1.0,1.0,0.9999941,1.0,-0.0,0.0,-5.873037e-06,-0.0,0.58885217,1.3194294,0.48718277,4.053226,0.7153082,3.8505788,1.0,5.0145407,-3.0780983,0.7731481,208.54822,1.0,0.0,0.0,1.0,0.0,0,8.163941,0.0,0.0,6.9528704,4.428949,9.843467,0.31438497,2.481667,2.566608,6.6873136
3,423,424.0,10.0,1.0,1.0,405.0,1.0,1.0,1.0,0.99999136,1.0,-0.0,0.0,-8.643241e-06,-0.0,0.46936387,1.425853,0.3267735,4.25156,0.92817956,3.4565537,1.0,5.379644,-2.1949894,0.8055556,200.11371,1.0,0.0,0.0,1.0,0.0,0,7.7099,0.0,0.0,6.454915,4.5766964,7.6323223,1.3452634,3.5862675,0.268627,6.7775583
0,424,425.0,10.0,1.0,1.0,406.0,1.0,1.0,1.0,0.9999929,1.0,-0.0,0.0,-7.118707e-06,-0.0,0.4623942,1.8572288,0.46937218,4.0315366,0.6981755,3.377287,1.0,4.8910456,-3.7106817,0.8009259,212.45218,1.0,0.0,0.0,1.0,0.0,0,8.797562,0.0,0.0,6.853933,4.554159,7.4937234,1.0443089,2.3615167,1.9212047,7.805318
1,424,425.0,10.0,1.0,1.0,406.0,1.0,1.0,1.0,0.9999932,1.0,-0.0,0.0,-6.8081918e-06,-0.0,0.48434883,1.555847,0.46824777,3.4660523,0.8015214,3.3549619,1.0,4.8808208,-3.8881145,0.787037,209.13167,1.0,0.0,0.0,1.0,0.0,0,7.6931953,0.0,0.0,6.746533,4.6651273,6.858838,1.8555195,3.8988297,1.547541,6.8432465
2,424,425.0,10.0,1.0,1.0,406.0,1.0,1.0,1.0,0.9999941,1.0,-0.0,0.0,-5.8979845e-06,-0.0,0.63572675,1.3755342,0.49030977,4.036582,0.7142161,3.8428457,1.0,4.941336,-3.098337,0.7731481,209.18385,1.0,0.0,0.0,1.0,0.0,0,8.182068,0.0,0.0,6.9489036,4.432406,9.896182,0.30089658,2.5110095,2.5588806,6.976608
3,424,425.0,10.0,1.0,1.0,406.0,1.0,1.0,1.0,0.9999916,1.0,-0.0,0.0,-8.399544e-06,-0.0,0.49753523,1.4828259,0.31948578,4.247876,0.9253217,3.4377053,1.0,5.421156,-1.9618906,0.8055556,200.74046,1.0,0.0,0.0,1.0,0.0,0,7.720904,0.0,0.0,6.422535,4.583017,7.6283712,1.4828796,3.5313332,0.28568658,7.0594296
0,425,426.0,10.0,1.0,1.0,407.0,1.0,1.0,1.0,0.9999932,1.0,-0.0,0.0,-6.815033e-06,-0.0,0.4862927,1.787627,0.46434495,3.943386,0.69817287,3.3535619,1.0,4.823448,-3.7195551,0.8009259,213.22313,1.0,0.0,0.0,1.0,0.0,0,8.940925,0.0,0.0,6.916611,4.6910973,7.333456,1.0277923,2.377041,1.8576742,7.8606567
1,425,426.0,10.0,1.0,1.0,407.0,1.0,1.0,1.0,0.9999934,1.0,-0.0,0.0,-6.590566e-06,-0.0,0.5121678,1.4905995,0.46638027,3.3470194,0.8015964,3.3263748,1.0,4.832537,-3.712534,0.787037,209.89366,1.0,0.0,0.0,1.0,0.0,0,7.810401,0.0,0.0,6.828956,4.7390313,7.057874,1.7923063,4.164382,1.4689047,6.8852344
2,425,426.0,10.0,1.0,1.0,407.0,1.0,1.0,1.0,0.9999943,1.0,-0.0,0.0,-5.7078546e-06,-0.0,0.66506493,1.2902817,0.49214718,4.054771,0.7131214,3.843253,1.0,4.878693,-3.209289,0.7731481,209.96805,1.0,0.0,0.0,1.0,0.0,0,8.166811,0.0,0.0,6.9468412,4.4149604,9.859355,0.303198,2.5665915,2.545893,7.052496
3,425,426.0,10.0,1.0,1.0,407.0,1.0,1.0,1.0,0.999992,1.0,-0.0,0.0,-7.992689e-06,-0.0,0.49084798,1.4272321,0.3142766,4.2673664,0.9221738,3.434288,1.0,5.436533,-1.9891895,0.8055556,201.50537,1.0,0.0,0.0,1.0,0.0,0,7.7532673,0.0,0.0,6.4059863,4.580412,7.5872035,1.4265698,3.6182451,0.29521886,7.1292815
0,426,427.0,10.0,1.0,1.0,408.0,1.0,1.0,1.0,0.9999926,1.0,-0.0,0.0,-7.3925717e-06,-0.0,0.22264011,2.3322384,0.457186,3.8185267,0.701554,3.2918375,1.0,4.760986,-5.1898527,0.8055556,213.87006,1.0,0.0,0.0,1.0,0.0,0,9.067149,0.0,0.0,6.940436,4.825921,7.8077745,1.0713919,2.6310227,1.868484,8.145855
1,426,427.0,10.0,1.0,1.0,408.0,1.0,1.0,1.0,0.99999297,1.0,-0.0,0.0,-7.0074043e-06,-0.0,0.25436655,2.0591216,0.46378174,3.1800785,0.8012549,3.3126974,1.0,4.804444,-4.9308276,0.7916667,210.53323,1.0,0.0,0.0,1.0,0.0,0,7.8862734,0.0,0.0,6.8532085,4.811894,7.2123737,2.0892906,4.1376925,1.5872176,7.285086
2,426,427.0,10.0,1.0,1.0,408.0,1.0,1.0,1.0,0.99999386,1.0,-0.0,0.0,-6.1141714e-06,-0.0,0.36957562,1.8321441,0.49241596,4.0528398,0.71223795,3.8365257,1.0,4.810882,-4.823069,0.7731481,210.59523,1.0,0.0,0.0,1.0,0.0,0,8.23936,0.0,0.0,6.9495163,4.4346557,10.414798,0.2768066,2.5764956,2.747818,7.546125
3,426,427.0,10.0,1.0,1.0,408.0,1.0,1.0,1.0,0.99999154,1.0,-0.0,0.0,-8.46773e-06,-0.0,0.25456622,1.9249309,0.30871788,4.290237,0.91997844,3.4274433,1.0,5.4431252,-3.3380947,0.8055556,202.15085,1.0,0.0,0.0,1.0,0.0,0,7.7882895,0.0,0.0,6.381131,4.587545,7.6887946,1.6851444,3.6340916,0.42972162,7.532893
0,427,428.0,10.0,1.0,1.0,409.0,1.0,1.0,1.0,0.99999225,1.0,-0.0,0.0,-7.75814e-06,-0.0,0.35240018,2.0076518,0.5178772,4.8291936,0.70305496,3.2672524,1.0,4.6201634,-5.4533014,0.8055556,214.57825,1.0,0.0,0.0,1.0,0.0,1,8.8886,0.0,0.0,6.943853,4.756534,7.4430118,1.1758337,2.7051847,1.8052032,7.8622046
1,427,428.0,10.0,1.0,1.0,409.0,1.0,1.0,1.0,0.99999225,1.0,-0.0,0.0,-7.737372e-06,-0.0,0.39804727,1.7333789,0.48501784,4.1002727,0.80147153,3.3093877,1.0,4.748791,-5.026334,0.7916667,211.22548,1.0,0.0,0.0,1.0,0.0,1,7.309713,0.0,0.0,6.998077,4.436864,7.061149,2.212689,3.9239562,1.6348363,7.1134396
2,427,428.0,10.0,1.0,1.0,409.0,1.0,1.0,1.0,0.99720913,1.0,-0.0,0.0,-6.2878453e-06,-0.002784604,0.51526654,1.5020262,0.47406456,5.1670756,0.711796,3.841419,0.0,5.0801415,-5.090831,0.7731481,211.26701,1.0,0.0,0.0,1.0,0.0,1,8.4004965,0.0,0.0,7.5052085,4.802152,10.180375,0.34629947,2.4779127,2.7055376,7.295889
3,427,428.0,10.0,1.0,1.0,409.0,1.0,1.0,1.0,0.9947877,1.0,-0.0,0.0,-9.396562e-06,-0.005202875,0.34879968,1.6225284,0.3466375,5.312172,0.91821265,3.4269862,0.0,4.8727064,-4.0446587,0.8055556,202.82986,1.0,0.0,0.0,1.0,0.0,1,7.429145,0.0,0.0,6.695217,4.717256,7.715263,1.5066302,3.475815,0.473306,7.114736
