env,step,row,release_row,released,certified,k,gate_ok,can,contact,reward,r_adv,r_leash,r_bonus,r_act,r_soft,e_n_cm,e_xy_cm,dp_plate_cm,dr_plate_deg,dp_sponge_cm,dr_sponge_deg,within,plate_tilt_deg,gap_mm,coverage,travel_cm,success,died,die_kind,cross_any,dq_re_deg,done,F_L_thumb,F_L_index,F_L_middle,F_L_ring,F_L_pinky,F_R_thumb,F_R_index,F_R_middle,F_R_ring,F_R_pinky
0,0,1.0,10.0,0.0,0.0,0.0,0.0,0.0,1.0,-0.0001603568,0.0,-0.0,0.0,-0.0001603568,-0.0,0.016930327,0.14462182,0.0,0.0,0.0,0.0,1.0,0.5478693,-2.2480786,0.097222224,0.0,0.0,0.0,0.0,0.0,0.0,0,0.0,0.0,1.0341538,0.0,4.427473,0.0,0.0,0.0,0.0,0.0
1,0,1.0,10.0,0.0,0.0,0.0,0.0,0.0,1.0,-0.00016035618,0.0,-0.0,0.0,-0.00016035618,-0.0,0.010919198,0.13979578,0.0,0.0,0.0,0.0,1.0,0.54067916,-2.111163,0.10185185,0.0,0.0,0.0,0.0,0.0,0.0,0,0.0,0.0,0.95877546,0.0,4.482589,0.0,0.0,0.0,0.0,0.0
2,0,1.0,10.0,0.0,0.0,0.0,0.0,0.0,1.0,-0.00016050086,0.0,-0.0,0.0,-0.00016050086,-0.0,0.011608191,0.14213966,0.0,0.0,0.0,0.0,1.0,0.54536355,-2.1187105,0.10185185,0.0,0.0,0.0,0.0,0.0,0.0,0,0.0,0.0,1.0670873,0.0,4.408734,0.0,0.0,0.0,0.0,0.0
3,0,1.0,10.0,0.0,0.0,0.0,0.0,0.0,1.0,-0.00016027922,0.0,-0.0,0.0,-0.00016027922,-0.0,0.01843758,0.14866278,0.0,0.0,0.0,0.0,1.0,0.5322902,-2.2738316,0.10185185,0.0,0.0,0.0,0.0,0.0,0.0,0,0.0,0.0,1.1458495,0.0,4.7475004,0.0,0.0,0.0,0.0,0.0
0,1,2.0,10.0,0.0,0.0,0.0,0.0,0.0,1.0,-0.000106862455,0.0,-0.0,0.0,-0.000106862455,-0.0,0.056909956,0.1722753,0.0,0.0,0.0,0.0,1.0,2.0289295,-2.4375095,0.097222224,0.059393164,0.0,0.0,0.0,0.0,0.0,0,0.0,4.9092393,0.16138162,1.5492041,7.426556,0.0,0.0,0.5957844,0.0,0.0
1,1,2.0,10.0,0.0,0.0,0.0,0.0,0.0,1.0,-0.000106919455,0.0,-0.0,0.0,-0.000106919455,-0.0,0.06501377,0.17885207,0.0,0.0,0.0,0.0,1.0,1.9747677,-2.346525,0.10185185,0.08216283,0.0,0.0,0.0,0.0,0.0,0,0.0,2.842823,1.7874769,1.5968444,2.5260928,0.0,0.0,0.5932858,0.0,0.0
2,1,2.0,10.0,0.0,0.0,0.0,0.0,0.0,1.0,-0.00010981475,0.0,-0.0,0.0,-0.00010981475,-0.0,0.07449351,0.24773732,0.0,0.0,0.0,0.0,1.0,1.91121,-2.010774,0.10185185,0.13526441,0.0,0.0,0.0,0.0,0.0,0,0.0,3.9464133,2.0935602,1.9327106,2.2446594,0.0,0.0,0.62859875,0.0,0.0
3,1,2.0,10.0,0.0,0.0,0.0,0.0,0.0,1.0,-0.00010666047,0.0,-0.0,0.0,-0.00010666047,-0.0,0.069517456,0.20130344,0.0,0.0,0.0,0.0,1.0,1.9510384,-2.222091,0.10185185,0.081985205,0.0,0.0,0.0,0.0,0.0,0,0.0,2.9078765,2.3694906,1.862936,3.2627797,0.0,0.0,0.6449478,0.0,0.0
0,2,3.0,10.0,0.0,0.0,0.0,0.0,0.0,1.0,-0.00010912613,0.0,-0.0,0.0,-0.00010912613,-0.0,0.05484689,0.34251487,0.0,0.0,0.0,0.0,1.0,1.2116002,-2.3334866,0.11111111,0.23033531,0.0,0.0,0.0,0.0,0.0,0,0.0,2.1770577,1.2033416,0.89912164,1.7502095,1.5070072,0.0,0.3401358,0.0,0.0
1,2,3.0,10.0,0.0,0.0,0.0,0.0,0.0,1.0,-0.000113788556,0.0,-0.0,0.0,-0.000113788556,-0.0,0.037951022,0.3011856,0.0,0.0,0.0,0.0,1.0,1.0952152,-2.4324079,0.11574074,0.2045128,0.0,0.0,0.0,0.0,0.0,0,0.0,2.3337905,1.1407801,0.9547479,2.259377,1.6218175,0.049723122,0.4703532,0.0,0.0
2,2,3.0,10.0,0.0,0.0,0.0,0.0,0.0,1.0,-0.0001208949,0.0,-0.0,0.0,-0.0001208949,-0.0,0.09224266,0.3667303,0.0,0.0,0.0,0.0,1.0,1.8162844,-2.1264963,0.11111111,0.25481465,0.0,0.0,0.0,0.0,0.0,0,0.0,4.376114,0.67598283,0.14922175,3.3808696,1.7361981,0.17913428,0.5272914,0.0,0.0
3,2,3.0,10.0,0.0,0.0,0.0,0.0,0.0,1.0,-0.000114956834,0.0,-0.0,0.0,-0.000114956834,-0.0,0.030989572,0.3337178,0.0,0.0,0.0,0.0,1.0,0.9069817,-2.4652164,0.11574074,0.21545838,0.0,0.0,0.0,0.0,0.0,0,0.0,2.1469631,1.208069,0.82867116,1.7000704,1.5039335,0.0,0.34865877,0.0,0.0
0,3,4.0,10.0,0.0,0.0,0.0,0.0,0.0,1.0,-0.00011057161,0.0,-0.0,0.0,-0.00011057161,-0.0,0.0069448724,0.2476419,0.0,0.0,0.0,0.0,1.0,0.76463854,-1.9723885,0.12037037,0.3482149,0.0,0.0,0.0,0.0,0.0,0,0.0,2.6374857,1.1991537,0.916799,1.6729583,3.889178,0.0,0.78395075,0.0,0.0
1,3,4.0,10.0,0.0,0.0,0.0,0.0,0.0,1.0,-0.00012001007,0.0,-0.0,0.0,-0.00012001007,-0.0,0.039304607,0.2265799,0.0,0.0,0.0,0.0,1.0,1.5604724,-1.7172024,0.11574074,0.29242775,0.0,0.0,0.0,0.0,0.0,0,0.0,2.9961364,1.1864586,1.351547,2.7819674,3.409568,0.0,0.8064927,0.0,0.0
2,3,4.0,10.0,0.0,0.0,0.0,0.0,0.0,1.0,-0.00012779192,0.0,-0.0,0.0,-0.00012779192,-0.0,0.04677549,0.23213711,0.0,0.0,0.0,0.0,1.0,1.5780557,-2.6068742,0.11111111,0.39701667,0.0,0.0,0.0,0.0,0.0,0,0.0,3.0285401,1.0284735,1.3399953,1.9529481,4.3840795,1.1540241,1.3003871,0.0,0.0
3,3,4.0,10.0,0.0,0.0,0.0,0.0,0.0,1.0,-0.000113723,0.0,-0.0,0.0,-0.000113723,-0.0,0.045188516,0.23122852,0.0,0.0,0.0,0.0,1.0,1.512067,-2.132939,0.11574074,0.32059368,0.0,0.0,0.0,0.0,0.0,0,0.0,3.1399403,1.1829238,1.5325559,2.9067142,3.3487318,0.0,0.80388486,0.0,0.0
0,4,5.0,10.0,0.0,0.0,0.0,0.0,0.0,1.0,-0.00011630586,0.0,-0.0,0.0,-0.00011630586,-0.0,0.0060088933,0.1301167,0.0,0.0,0.0,0.0,1.0,1.2577217,-3.0295887,0.12037037,0.46902,0.0,0.0,0.0,0.0,0.0,0,1.7770298,3.986465,1.3325613,1.6974264,2.459709,4.424119,0.50036705,1.3120723,0.0,0.0
1,4,5.0,10.0,0.0,0.0,0.0,0.0,0.0,1.0,-0.00012988556,0.0,-0.0,0.0,-0.00012988556,-0.0,0.013514236,0.050324306,0.0,0.0,0.0,0.0,1.0,1.2699536,-3.1968877,0.11574074,0.46874252,0.0,0.0,0.0,0.0,0.0,0,2.5338683,4.4166346,1.0911233,1.4971482,2.5740345,3.6545682,0.39075375,1.2032208,0.0,0.0
2,4,5.0,10.0,0.0,0.0,0.0,0.0,0.0,1.0,-0.00013593222,0.0,-0.0,0.0,-0.00013593222,-0.0,0.028468296,0.0982406,0.0,0.0,0.0,0.0,1.0,1.3095537,-2.1413136,0.11574074,0.56616986,0.0,0.0,0.0,0.0,0.0,0,2.3270152,3.9488897,1.1008881,1.4699137,2.5157354,5.330694,0.6137852,1.0326827,0.0,0.0
3,4,5.0,10.0,0.0,0.0,0.0,0.0,0.0,1.0,-0.00013339103,0.0,-0.0,0.0,-0.00013339103,-0.0,0.024903193,0.11052044,0.0,0.0,0.0,0.0,1.0,1.3292794,-3.1099656,0.12037037,0.44452026,0.0,0.0,0.0,0.0,0.0,0,2.046119,3.9478564,1.1614248,1.5905013,2.8973184,3.9497948,0.21749166,1.245201,0.0,0.0
0,5,6.0,10.0,0.0,0.0,0.0,0.0,0.0,1.0,-8.0846505e-05,0.0,-0.0,0.0,-8.0846505e-05,-0.0,0.040313415,0.046529938,0.0,0.0,0.0,0.0,1.0,1.0817322,-3.0313637,0.12037037,0.56004155,0.0,0.0,0.0,0.0,0.0,0,3.896402,4.2937074,1.331323,1.705881,2.4157484,5.461955,0.43601224,0.41169137,0.0,0.0
1,5,6.0,10.0,0.0,0.0,0.0,0.0,0.0,1.0,-7.764428e-05,0.0,-0.0,0.0,-7.764428e-05,-0.0,0.04371237,0.09892774,0.0,0.0,0.0,0.0,1.0,1.0688112,-3.3554752,0.11574074,0.61535186,0.0,0.0,0.0,0.0,0.0,0,4.0378685,4.545557,1.2363769,1.5089715,2.1851141,5.503388,0.61823297,0.48230547,0.0,0.0
2,5,6.0,10.0,0.0,0.0,0.0,0.0,0.0,1.0,-0.0001001752,0.0,-0.0,0.0,-0.0001001752,-0.0,0.03785938,0.1086983,0.0,0.0,0.0,0.0,1.0,1.2985994,-1.8366892,0.11574074,0.5805814,0.0,0.0,0.0,0.0,0.0,0,4.5754538,4.2361984,1.4853647,1.6926885,2.967421,6.245909,0.43328327,0.4338202,0.7266229,0.0
3,5,6.0,10.0,0.0,0.0,0.0,0.0,0.0,1.0,-8.943815e-05,0.0,-0.0,0.0,-8.943815e-05,-0.0,0.046272576,0.045544554,0.0,0.0,0.0,0.0,1.0,1.3135822,-2.5783424,0.12037037,0.5216241,0.0,0.0,0.0,0.0,0.0,0,3.7067456,4.2716904,1.5279802,2.0281081,3.1534326,6.036791,0.65481365,0.6787483,0.0,0.0
0,6,7.0,10.0,0.0,0.0,0.0,0.0,0.0,1.0,-7.9320365e-05,0.0,-0.0,0.0,-7.9320365e-05,-0.0,0.0049484894,0.10037216,0.0,0.0,0.0,0.0,1.0,1.0353318,-3.9646552,0.12037037,0.6515331,0.0,0.0,0.0,0.0,0.0,0,5.7795653,5.1768937,1.5457212,1.9999942,2.4093134,7.5281463,0.3191846,0.20932612,0.0,0.0
1,6,7.0,10.0,0.0,0.0,0.0,0.0,0.0,1.0,-9.152913e-05,0.0,-0.0,0.0,-9.152913e-05,-0.0,0.064436905,0.1265979,0.0,0.0,0.0,0.0,1.0,0.9557254,-4.467057,0.11574074,0.66236085,0.0,0.0,0.0,0.0,0.0,0,5.759934,5.2479177,1.4103271,2.0502243,2.1754355,7.3409157,0.6322179,0.35613525,0.0,0.0
2,6,7.0,10.0,0.0,0.0,0.0,0.0,0.0,1.0,-7.318357e-05,0.0,-0.0,0.0,-7.318357e-05,-0.0,0.03473852,0.13844767,0.0,0.0,0.0,0.0,1.0,1.2948266,-2.232639,0.11574074,0.6660024,0.0,0.0,0.0,0.0,0.0,0,5.235816,4.654351,1.3930898,1.8616687,2.5846615,7.953293,0.56231105,0.33774927,1.2167999,0.0
3,6,7.0,10.0,0.0,0.0,0.0,0.0,0.0,1.0,-0.000105198145,0.0,-0.0,0.0,-0.000105198145,-0.0,0.04535746,0.08452978,0.0,0.0,0.0,0.0,1.0,1.068445,-3.4431367,0.12037037,0.62222946,0.0,0.0,0.0,0.0,0.0,0,5.342448,4.7986884,1.1691114,1.8310748,2.55354,7.4277825,0.93693566,0.6700554,0.0,0.0
0,7,8.0,10.0,0.0,0.0,0.0,0.0,0.0,1.0,-9.671752e-05,0.0,-0.0,0.0,-9.671752e-05,-0.0,0.021476857,0.051797427,0.0,0.0,0.0,0.0,1.0,1.2401733,-2.8489287,0.12037037,0.743058,0.0,0.0,0.0,0.0,0.0,0,6.7500224,6.5625796,1.6245477,2.2291691,2.7169812,14.038214,2.9476128,3.8384688,1.936364,0.0
1,7,8.0,10.0,0.0,0.0,0.0,0.0,0.0,1.0,-9.2990515e-05,0.0,-0.0,0.0,-9.2990515e-05,-0.0,0.05093068,0.22909977,0.0,0.0,0.0,0.0,1.0,1.313135,-2.9376075,0.11574074,0.7755651,0.0,0.0,0.0,0.0,0.0,0,7.2580853,7.164113,1.521901,2.0159297,2.6623652,10.420641,0.5183356,0.44726613,2.5543244,0.0
2,7,8.0,10.0,0.0,0.0,0.0,0.0,0.0,1.0,-9.740546e-05,0.0,-0.0,0.0,-9.740546e-05,-0.0,0.07559974,0.06389942,0.0,0.0,0.0,0.0,1.0,1.3038629,-1.8223468,0.11574074,0.864399,0.0,0.0,0.0,0.0,0.0,0,6.66999,5.9142356,1.4470395,2.1378179,2.5915337,6.775973,1.0952443,0.9171588,2.095147,0.0
3,7,8.0,10.0,0.0,0.0,0.0,0.0,0.0,1.0,-9.766963e-05,0.0,-0.0,0.0,-9.766963e-05,-0.0,0.04179105,0.19394691,0.0,0.0,0.0,0.0,1.0,1.2500746,-2.7318168,0.12037037,0.76030314,0.0,0.0,0.0,0.0,0.0,0,8.638591,6.373162,1.4800129,2.1949606,2.5246348,9.075844,0.23608789,0.028928358,1.4793165,0.0
0,8,9.0,10.0,0.0,0.0,0.0,0.0,0.0,1.0,-0.000116994146,0.0,-0.0,0.0,-0.000116994146,-0.0,0.048628077,0.36171636,0.0,0.0,0.0,0.0,1.0,1.3514708,-3.2430346,0.12037037,1.0540018,0.0,0.0,0.0,0.0,0.0,0,9.879896,6.3015876,2.1290524,2.3420613,2.7996778,13.020142,0.30075517,0.0,4.1854515,0.0
1,8,9.0,10.0,0.0,0.0,0.0,0.0,0.0,1.0,-0.00010807762,0.0,-0.0,0.0,-0.00010807762,-0.0,0.0255581,0.5378452,0.0,0.0,0.0,0.0,1.0,1.488326,-3.6100745,0.12037037,1.0861956,0.0,0.0,0.0,0.0,0.0,0,10.749155,7.6243806,2.139002,2.2303267,2.4643877,12.121299,0.738718,0.0,2.6293614,0.0
2,8,9.0,10.0,0.0,0.0,0.0,0.0,0.0,1.0,-8.8697634e-05,0.0,-0.0,0.0,-8.8697634e-05,-0.0,0.045361742,0.45606965,0.0,0.0,0.0,0.0,1.0,1.3456664,-4.187666,0.11574074,1.3619779,0.0,0.0,0.0,0.0,0.0,0,11.366617,7.996608,1.3042037,2.0451796,2.5254624,12.026097,0.39829853,0.07662272,3.4609892,0.0
3,8,9.0,10.0,0.0,0.0,0.0,0.0,0.0,1.0,-0.000107468826,0.0,-0.0,0.0,-0.000107468826,-0.0,0.0018989667,0.43251687,0.0,0.0,0.0,0.0,1.0,1.1730316,-4.084637,0.12037037,1.0158533,0.0,0.0,0.0,0.0,0.0,0,14.590295,7.4763265,1.6088547,1.9010224,2.1040325,11.9303,0.48646694,0.0,2.015216,0.0
0,9,10.0,10.0,0.0,0.0,0.0,0.0,0.0,1.0,-9.979853e-05,0.0,-0.0,0.0,-9.979853e-05,-0.0,0.08201506,0.42230138,0.0,0.0,0.0,0.0,1.0,1.4180312,-4.0853543,0.12037037,1.1157892,0.0,0.0,0.0,0.0,0.0,0,14.014349,9.066708,2.2012212,2.4648187,3.0968964,14.710015,1.2981321,0.0,6.562742,0.0
1,9,10.0,10.0,0.0,0.0,0.0,0.0,0.0,1.0,-9.987013e-05,0.0,-0.0,0.0,-9.987013e-05,-0.0,0.049128197,0.46214586,0.0,0.0,0.0,0.0,1.0,1.4874054,-4.0316005,0.125,1.271326,0.0,0.0,0.0,0.0,0.0,0,13.943603,9.241136,2.780918,1.8234203,2.7104902,11.556574,2.4756882,1.9304986,10.976543,0.0
2,9,10.0,10.0,0.0,0.0,0.0,0.0,0.0,1.0,-0.00011097327,0.0,-0.0,0.0,-0.00011097327,-0.0,0.04350152,0.5980486,0.0,0.0,0.0,0.0,1.0,1.5112903,-4.518941,0.12037037,1.5504886,0.0,0.0,0.0,0.0,0.0,0,12.911515,7.8565373,2.6411188,2.193042,2.5017798,9.977664,2.2986221,1.158912,7.353098,0.0
3,9,10.0,10.0,0.0,0.0,0.0,0.0,0.0,1.0,-0.00010931254,0.0,-0.0,0.0,-0.00010931254,-0.0,0.07437449,0.32385933,0.0,0.0,0.0,0.0,1.0,0.39614186,-4.160745,0.12037037,1.1246037,0.0,0.0,0.0,0.0,0.0,0,13.981367,7.228548,2.9893153,2.2237327,2.1991394,13.636158,1.2677017,0.0,5.9126244,0.0
0,10,11.0,10.0,1.0,0.0,0.0,0.0,0.0,1.0,-0.00011005857,0.0,-0.0,0.0,-0.00011005857,-0.0,0.16343892,1.0938041,0.0,0.07912936,0.0,0.09691328,1.0,4.6289735,-7.15966,0.13425925,1.7875701,0.0,0.0,0.0,0.0,0.0,0,16.14791,10.208129,2.467704,1.7436117,2.2027895,15.539927,0.9206275,0.0,8.280045,0.0
1,10,11.0,10.0,1.0,0.0,0.0,0.0,0.0,1.0,-0.00013691468,0.0,-0.0,0.0,-0.00013691468,-0.0,0.18598959,1.0233405,0.0,0.03956468,0.0,0.0,1.0,4.319014,-5.6759305,0.1388889,1.8970321,0.0,0.0,0.0,0.0,0.0,0,15.232341,10.480907,2.4171817,3.001854,2.0550826,12.030342,0.92860854,0.5677783,9.886001,3.3723755
2,10,11.0,10.0,1.0,0.0,0.0,0.0,0.0,1.0,-0.0001222783,0.0,-0.0,0.0,-0.0001222783,-0.0,0.19795373,1.0034688,0.0,0.055952907,0.0,0.0,1.0,3.9250073,-6.4788704,0.13425925,2.043129,0.0,0.0,0.0,0.0,0.0,0,14.572564,9.89261,2.7439947,3.3680015,2.714793,11.77478,0.6913272,0.50333214,7.3143444,2.3913069
3,10,11.0,10.0,1.0,0.0,0.0,0.0,0.0,1.0,-0.000108203385,0.0,-0.0,0.0,-0.000108203385,-0.0,0.12282077,0.94993114,0.0,0.11190581,0.0,0.0,1.0,4.7973437,-7.0159307,0.13425925,1.7589258,0.0,0.0,0.0,0.0,0.0,0,18.02022,11.877493,1.9535565,3.5482836,2.150519,13.525185,0.502189,0.0,8.001963,1.0016459
0,11,12.0,10.0,1.0,0.0,0.0,0.0,0.0,1.0,-0.000105311185,0.0,-0.0,0.0,-0.000105311185,-0.0,0.22688359,1.2087755,0.07677668,0.54103935,0.043312684,0.3538774,1.0,5.2386923,-7.2776175,0.13425925,1.9346461,0.0,0.0,0.0,0.0,0.0,0,14.84904,8.866022,2.6804276,4.4483533,4.802748,15.115713,0.21404512,0.0,8.567649,1.276751
1,11,12.0,10.0,1.0,0.0,0.0,0.0,0.0,1.0,-8.78705e-05,0.0,-0.0,0.0,-8.78705e-05,-0.0,0.28585196,1.2344869,0.04508566,0.45799458,0.058244564,0.49732068,1.0,4.592949,-5.259208,0.1388889,2.1208124,0.0,0.0,0.0,0.0,0.0,0,15.199235,8.773662,2.6278882,4.257201,4.557045,12.414144,0.7155024,0.6644728,10.091922,1.3766291
2,11,12.0,10.0,1.0,0.0,0.0,0.0,0.0,1.0,-7.4175754e-05,0.0,-0.0,0.0,-7.4175754e-05,-0.0,0.26536137,1.1539057,0.05165999,0.46980488,0.058569033,0.22381166,1.0,4.189607,-6.2925143,0.13425925,2.1966252,0.0,0.0,0.0,0.0,0.0,0,15.177691,8.674353,2.6850445,4.1271434,4.292213,13.498767,0.81379825,0.44847673,8.786234,1.098494
3,11,12.0,10.0,1.0,0.0,0.0,0.0,0.0,1.0,-8.902777e-05,0.0,-0.0,0.0,-8.902777e-05,-0.0,0.19298866,1.0951245,0.08881072,0.6489098,0.0488464,0.74860024,1.0,5.441793,-7.115036,0.13425925,1.9142522,0.0,0.0,0.0,0.0,0.0,0,17.333101,12.244575,1.9097998,4.0586853,3.7319818,14.229596,0.25820732,0.0,8.301394,2.0780828
0,12,13.0,10.0,1.0,0.0,0.0,0.0,0.0,1.0,-8.4425155e-05,0.0,-0.0,0.0,-8.4425155e-05,-0.0,0.2695635,1.2579714,0.1189164,0.6667568,0.10049246,0.49732068,1.0,5.764188,-7.2550645,0.13425925,2.1017625,0.0,0.0,0.0,0.0,0.0,0,15.199124,8.860146,2.1014278,4.3143644,4.413026,15.219999,0.0,0.0,8.474862,0.67727184
1,12,13.0,10.0,1.0,0.0,0.0,0.0,0.0,1.0,-7.8938305e-05,0.0,-0.0,0.0,-7.8938305e-05,-0.0,0.3543362,1.3853761,0.07927955,0.62306595,0.12264154,0.7295379,1.0,5.0995426,-5.436223,0.1388889,2.3014805,0.0,0.0,0.0,0.0,0.0,0,14.321969,8.309678,2.568951,3.3931005,4.8299904,12.612311,0.8852719,0.039423235,10.742857,0.49215528
2,12,13.0,10.0,1.0,0.0,0.0,0.0,0.0,1.0,-5.7068453e-05,0.0,-0.0,0.0,-5.7068453e-05,-0.0,0.32966882,1.265583,0.078347296,0.64163214,0.11574405,0.4334096,1.0,4.789006,-6.5269785,0.13425925,2.346144,0.0,0.0,0.0,0.0,0.0,0,14.32376,8.7422,2.332265,3.75038,3.8194063,13.248556,0.7744683,0.18589689,8.268512,1.037934
3,12,13.0,10.0,1.0,0.0,0.0,0.0,0.0,1.0,-9.099538e-05,0.0,-0.0,0.0,-9.099538e-05,-0.0,0.23486614,1.1644062,0.116864346,0.67839396,0.09279284,1.1750162,1.0,5.542558,-6.939031,0.1388889,2.070259,0.0,0.0,0.0,0.0,0.0,0,18.152824,12.871012,1.9986854,3.0524602,4.3225837,14.404148,0.15824337,0.0,8.596183,1.3418152
0,13,14.0,10.0,1.0,0.0,0.0,0.0,0.0,1.0,-4.782315e-05,0.0,-0.0,0.0,-4.782315e-05,-0.0,0.3134802,1.3415676,0.15298203,0.7066489,0.14785239,0.6477026,1.0,6.105026,-7.253261,0.1388889,2.2613616,0.0,0.0,0.0,0.0,0.0,0,14.314913,11.1877165,1.7751265,3.2357278,4.4769464,14.734666,0.0,0.0,8.547335,1.0216331
1,13,14.0,10.0,1.0,0.0,0.0,0.0,0.0,1.0,-4.9303093e-05,0.0,-0.0,0.0,-4.9303093e-05,-0.0,0.41183496,1.4966267,0.09014606,0.6549129,0.17720936,0.9354375,1.0,5.499466,-5.4658184,0.1388889,2.4834816,0.0,0.0,0.0,0.0,0.0,0,14.678972,8.743648,2.4035077,3.210321,5.255437,13.20985,0.44117546,0.0036712207,11.170555,0.0
2,13,14.0,10.0,1.0,0.0,0.0,0.0,0.0,1.0,-4.572432e-05,0.0,-0.0,0.0,-4.572432e-05,-0.0,0.39126426,1.4096404,0.09888949,0.9091295,0.17543633,0.72415376,1.0,5.385578,-6.6259446,0.13425925,2.526608,0.0,0.0,0.0,0.0,0.0,0,14.28293,8.49866,2.4762237,3.6228387,4.652906,13.660147,0.56956786,0.25499704,8.315406,0.61821073
3,13,14.0,10.0,1.0,0.0,0.0,0.0,0.0,1.0,-4.865348e-05,0.0,-0.0,0.0,-4.865348e-05,-0.0,0.29224867,1.2492596,0.13742253,0.813727,0.13090119,1.4105327,1.0,5.8436174,-6.849365,0.1388889,2.193504,0.0,0.0,0.0,0.0,0.0,0,16.46213,10.798442,1.6952443,3.3953185,4.2384653,13.940474,0.0,0.0,7.940177,1.9400512
0,14,15.0,10.0,1.0,0.0,0.0,0.0,0.0,1.0,-3.8522707e-05,0.0,-0.0,0.0,-3.8522707e-05,-0.0,0.35326332,1.4228158,0.15080936,0.7066489,0.18584989,0.7793353,1.0,6.3351207,-7.2607155,0.1388889,2.3726974,0.0,0.0,0.0,0.0,0.0,0,14.862984,9.187659,2.3376436,3.406038,5.108141,15.871611,0.0,0.0,9.645667,0.0
1,14,15.0,10.0,1.0,0.0,0.0,0.0,0.0,1.0,-4.297452e-05,0.0,-0.0,0.0,-4.297452e-05,-0.0,0.4427079,1.5907934,0.10242652,0.7630973,0.24161282,1.1329646,1.0,5.832236,-5.17544,0.1388889,2.6383395,0.0,0.0,0.0,0.0,0.0,0,13.96984,9.220215,2.255439,3.0947533,5.3166227,12.819083,0.3057235,0.0,10.332251,1.275784
2,14,15.0,10.0,1.0,0.0,0.0,0.0,0.0,1.0,-4.4781496e-05,0.0,-0.0,0.0,-4.4781496e-05,-0.0,0.42369664,1.5125694,0.105041206,0.8838102,0.23522083,1.1021488,1.0,5.619984,-6.3016768,0.1388889,2.6709046,0.0,0.0,0.0,0.0,0.0,0,14.731605,9.514497,2.5419827,3.380098,4.7591577,13.405776,0.37269196,0.21025293,7.382921,0.0
3,14,15.0,10.0,1.0,0.0,0.0,0.0,0.0,1.0,-3.3771983e-05,0.0,-0.0,0.0,-3.3771983e-05,-0.0,0.34489667,1.3645881,0.14316463,0.87132376,0.15901512,1.6389662,1.0,6.0275974,-6.731259,0.1388889,2.3172417,0.0,0.0,0.0,0.0,0.0,0,16.157997,10.830106,2.1422179,3.0485432,4.9801893,14.805562,0.0,0.0,8.525887,0.94323623
0,15,16.0,10.0,1.0,0.0,0.0,0.0,0.0,1.0,-3.198593e-05,0.0,-0.0,0.0,-3.198593e-05,-0.0,0.3771104,1.506405,0.14967707,0.73381674,0.21196264,0.9985705,1.0,6.5558615,-7.1767178,0.1388889,2.4878702,0.0,0.0,0.0,0.0,0.0,0,14.560894,9.435769,1.9949813,2.993926,5.0968065,15.550936,0.0,0.0,9.0583935,0.45266944
1,15,16.0,10.0,1.0,0.0,0.0,0.0,0.0,1.0,-3.791838e-05,0.0,-0.0,0.0,-3.791838e-05,-0.0,0.47009403,1.6454872,0.0978297,0.69548464,0.26742995,1.4542472,1.0,5.9702163,-4.8184376,0.14814815,2.7402308,0.0,0.0,0.0,0.0,0.0,0,14.669952,9.47985,2.216379,3.2033253,5.4201765,12.544992,0.16897985,0.0,8.702407,0.50423056
2,15,16.0,10.0,1.0,0.0,0.0,0.0,0.0,1.0,-3.672668e-05,0.0,-0.0,0.0,-3.672668e-05,-0.0,0.45510232,1.6052177,0.11116736,0.92195284,0.28460613,1.5455685,1.0,5.7646976,-5.716592,0.1388889,2.8004534,0.0,0.0,0.0,0.0,0.0,0,14.85277,10.793173,2.586069,2.694505,5.3480144,13.398888,0.36519605,0.36170098,7.221731,0.68647236
3,15,16.0,10.0,1.0,0.0,0.0,0.0,0.0,1.0,-3.21351e-05,0.0,-0.0,0.0,-3.21351e-05,-0.0,0.38127863,1.4884299,0.13696283,0.8864629,0.18858609,1.8307143,1.0,6.164974,-6.6022034,0.1388889,2.444688,0.0,0.0,0.0,0.0,0.0,0,15.844499,10.705606,1.9582611,2.8912709,5.3292656,14.767237,0.0,0.0,8.560712,0.28295943
0,16,17.0,10.0,1.0,0.0,0.0,0.0,0.0,1.0,-3.0828312e-05,0.0,-0.0,0.0,-3.0828312e-05,-0.0,0.39220566,1.5659441,0.14216314,0.7022046,0.22624487,1.1669954,1.0,6.6924295,-7.0934987,0.1388889,2.5771685,0.0,0.0,0.0,0.0,0.0,0,14.9341345,9.411451,2.2097416,3.418963,5.711092,15.757942,0.0,0.0,9.40075,0.2954977
1,16,17.0,10.0,1.0,0.0,0.0,0.0,0.0,1.0,-3.4845576e-05,0.0,-0.0,0.0,-3.4845576e-05,-0.0,0.48841685,1.7113475,0.090692975,0.6795467,0.29802543,1.7118458,1.0,6.115069,-4.667463,0.14814815,2.8377135,0.0,0.0,0.0,0.0,0.0,0,14.148464,9.158643,2.1108534,3.1982703,5.7514114,12.816186,0.0,0.0,8.095952,0.5328852
2,16,17.0,10.0,1.0,0.0,0.0,0.0,0.0,1.0,-3.6246885e-05,0.0,-0.0,0.0,-3.6246885e-05,-0.0,0.4718259,1.6731381,0.11135621,0.92787653,0.31109455,1.9663528,1.0,5.9877567,-5.3153486,0.14814815,2.8932312,0.0,0.0,0.0,0.0,0.0,0,14.817255,9.86349,1.9216771,3.5236173,4.9542875,13.447292,0.16081621,0.18286087,7.3344426,0.9116883
3,16,17.0,10.0,1.0,0.0,0.0,0.0,0.0,1.0,-3.128488e-05,0.0,-0.0,0.0,-3.128488e-05,-0.0,0.40331668,1.5553027,0.12463157,0.85133237,0.20934005,2.053202,1.0,6.2275586,-6.2593055,0.14351852,2.5347528,0.0,0.0,0.0,0.0,0.0,0,15.779365,10.823518,1.9714266,3.0799012,5.372366,14.866326,0.0,0.0,8.725448,0.34972626
0,17,18.0,10.0,1.0,0.0,0.0,0.0,0.0,1.0,-3.2213717e-05,0.0,-0.0,0.0,-3.2213717e-05,-0.0,0.41331685,1.6312463,0.12165791,0.6167531,0.22934829,1.1948326,1.0,6.687387,-7.0134325,0.14814815,2.6758647,0.0,0.0,0.0,0.0,0.0,0,15.651271,9.459315,2.0916119,3.3864655,7.041777,16.478958,0.0,0.0,10.229179,0.0
1,17,18.0,10.0,1.0,0.0,0.0,0.0,0.0,1.0,-3.1202308e-05,0.0,-0.0,0.0,-3.1202308e-05,-0.0,0.50073117,1.7441336,0.09060643,0.78334224,0.32272854,2.0950902,1.0,6.3156233,-4.631609,0.14814815,2.901606,0.0,0.0,0.0,0.0,0.0,0,15.326273,9.5564785,2.2150793,3.4884841,6.09888,13.926817,0.0,0.0,8.317162,0.0
2,17,18.0,10.0,1.0,0.0,0.0,0.0,0.0,1.0,-3.1681157e-05,0.0,-0.0,0.0,-3.1681157e-05,-0.0,0.48907846,1.7364796,0.12314889,1.2033184,0.34626752,2.385764,1.0,6.43398,-4.9970207,0.14814815,2.9861479,0.0,0.0,0.0,0.0,0.0,0,15.007669,9.394774,1.5886213,3.885868,5.985037,13.545961,0.0,0.0,7.1642528,0.0
3,17,18.0,10.0,1.0,0.0,0.0,0.0,0.0,1.0,-3.0471123e-05,0.0,-0.0,0.0,-3.0471123e-05,-0.0,0.4218787,1.6230295,0.11235461,0.8811494,0.23284377,2.319556,1.0,6.309971,-5.8552847,0.14814815,2.6192935,0.0,0.0,0.0,0.0,0.0,0,15.592339,10.496157,1.9231188,2.8853414,5.8829274,14.8194065,0.0,0.0,8.937298,0.26843646
0,18,19.0,10.0,1.0,0.0,0.0,0.0,0.0,1.0,-3.143676e-05,0.0,-0.0,0.0,-3.143676e-05,-0.0,0.42989925,1.6737485,0.091149524,0.72307205,0.2281406,1.2765424,1.0,6.594187,-6.793596,0.14814815,2.7628589,0.0,0.0,0.0,0.0,0.0,0,14.643596,9.719665,2.6876454,3.1362293,6.6007147,16.424528,0.0,0.0,10.411678,0.0
1,18,19.0,10.0,1.0,0.0,0.0,0.0,0.0,1.0,-3.1726526e-05,0.0,-0.0,0.0,-3.1726526e-05,-0.0,0.49205422,1.7810864,0.10296878,0.8559169,0.35216105,2.5045285,1.0,6.55293,-4.5355334,0.14814815,2.9765043,0.0,0.0,0.0,0.0,0.0,0,14.169207,9.550046,2.3238235,2.9661329,5.8380713,13.256902,0.0,0.0,8.019511,0.11055953
2,18,19.0,10.0,1.0,0.0,0.0,0.0,0.0,1.0,-3.121701e-05,0.0,-0.0,0.0,-3.121701e-05,-0.0,0.49413627,1.7763397,0.1280911,1.2881395,0.3728704,2.872264,1.0,6.661648,-4.683046,0.14814815,3.048922,0.0,0.0,0.0,0.0,0.0,0,14.170378,9.098214,2.1250274,3.120762,5.6588435,13.342959,0.0,0.0,6.8069487,0.40822303
3,18,19.0,10.0,1.0,0.0,0.0,0.0,0.0,1.0,-2.9294652e-05,0.0,-0.0,0.0,-2.9294652e-05,-0.0,0.44827574,1.653017,0.10359037,1.0645804,0.23690562,2.4428248,1.0,6.3267274,-5.5048075,0.14814815,2.6810107,0.0,0.0,0.0,0.0,0.0,0,15.504954,10.447131,1.9137875,3.2521992,5.9366193,15.291163,0.0,0.0,9.408331,0.0
0,19,20.0,10.0,1.0,1.0,1.0,1.0,1.0,1.0,5.9999695,1.0,-0.0,5.0,-3.029265e-05,-0.0,0.44526494,1.7219622,0.07786878,0.89174485,0.22821634,1.38081,1.0,6.625872,-6.644506,0.14814815,2.845256,0.0,0.0,0.0,0.0,0.0,0,14.544982,9.348621,2.4474964,3.1404579,7.028858,16.821823,0.0,0.0,10.637776,0.0
1,19,20.0,10.0,1.0,1.0,1.0,1.0,1.0,1.0,5.999969,1.0,-0.0,5.0,-3.0794235e-05,-0.0,0.49355403,1.8186871,0.103172705,0.92871964,0.3674953,2.7825654,1.0,6.734379,-4.5002065,0.14814815,3.054914,0.0,0.0,0.0,0.0,0.0,0,14.232111,9.554192,2.3298736,2.8934283,6.4481907,14.142046,0.0,0.0,9.044963,0.0
2,19,20.0,10.0,1.0,1.0,1.0,1.0,1.0,1.0,5.999969,1.0,-0.0,5.0,-3.0836e-05,-0.0,0.5014714,1.8189552,0.13648377,1.334106,0.37997648,3.1421916,1.0,6.8487663,-4.524922,0.14814815,3.1280496,0.0,0.0,0.0,0.0,0.0,0,14.560337,9.826919,2.3035812,2.961809,5.440563,13.766087,0.0,0.0,8.056507,0.5072254
3,19,20.0,10.0,1.0,1.0,1.0,1.0,1.0,1.0,5.999971,1.0,-0.0,5.0,-2.9083843e-05,-0.0,0.47028586,1.6917473,0.09098041,1.0820817,0.23260452,2.558637,1.0,6.3842645,-5.34768,0.14814815,2.7541957,0.0,0.0,0.0,0.0,0.0,0,15.148239,10.504911,1.9334255,3.0659723,6.6802278,15.983366,0.0,0.0,9.375351,0.0
0,20,21.0,10.0,1.0,1.0,2.0,1.0,1.0,1.0,0.999974,1.0,-0.0,0.0,-2.5961186e-05,-0.0,0.5797673,1.6266879,0.09300254,1.4363762,0.24114424,1.5998161,1.0,7.4870005,-6.4520574,0.15277778,3.5987284,0.0,0.0,0.0,0.0,0.0,0,16.04858,8.380323,2.185439,3.9484081,8.095772,16.702972,0.0,0.0,11.482297,0.0
1,20,21.0,10.0,1.0,1.0,2.0,1.0,1.0,1.0,0.9999733,1.0,-0.0,0.0,-2.6704312e-05,-0.0,0.5496573,1.8407822,0.181865,2.2454839,0.3952836,2.9467866,1.0,8.180117,-4.4967065,0.14814815,3.7828841,0.0,0.0,0.0,0.0,0.0,0,16.754318,9.705259,2.1686912,3.4260108,7.612304,13.558568,0.0,0.0,8.730657,0.0
2,20,21.0,10.0,1.0,1.0,2.0,1.0,1.0,1.0,0.99997306,1.0,-0.0,0.0,-2.6963551e-05,-0.0,0.5056072,1.8027399,0.23398168,2.8321958,0.41612196,3.601838,1.0,8.743927,-5.9840436,0.15277778,3.8240812,0.0,0.0,0.0,0.0,0.0,0,16.031555,8.863029,1.8770524,3.2188575,7.022025,13.655954,0.0,0.0,7.853467,0.0
3,20,21.0,10.0,1.0,1.0,2.0,1.0,1.0,1.0,0.9999732,1.0,-0.0,0.0,-2.6844966e-05,-0.0,0.5646415,1.659488,0.111925125,1.4601556,0.24539933,2.453376,1.0,7.4209514,-5.614569,0.15277778,3.491699,0.0,0.0,0.0,0.0,0.0,0,18.222397,11.108638,1.7526338,3.5437002,8.178539,15.172228,0.0,0.0,9.564678,0.0
0,21,22.0,10.0,1.0,1.0,3.0,1.0,1.0,1.0,0.9999816,1.0,-0.0,0.0,-1.8433957e-05,-0.0,0.5673092,1.7223259,0.1334738,1.4542472,0.26614052,2.0398154,1.0,7.5881443,-6.91041,0.15277778,4.1670537,0.0,0.0,0.0,0.0,0.0,0,15.021531,8.862187,2.3671536,3.4515228,6.7393456,16.706305,0.0,0.0,11.16661,0.0
1,21,22.0,10.0,1.0,1.0,3.0,1.0,1.0,1.0,0.99998,1.0,-0.0,0.0,-2.0033855e-05,-0.0,0.48167592,1.9863514,0.2455544,2.8250008,0.422642,2.8382695,1.0,8.796182,-6.179653,0.15277778,4.363134,0.0,0.0,0.0,0.0,0.0,0,15.405471,9.105863,2.227265,3.318576,7.801303,13.649247,0.0,0.0,8.585193,0.0
2,21,22.0,10.0,1.0,1.0,3.0,1.0,1.0,1.0,0.999977,1.0,-0.0,0.0,-2.3028777e-05,-0.0,0.46006554,1.8818756,0.28456756,3.0256867,0.42620966,3.550397,1.0,8.944107,-6.730104,0.15277778,4.3842,0.0,0.0,0.0,0.0,0.0,0,14.12181,8.141256,2.4913301,3.7573943,5.659301,13.848345,0.0,0.0,8.030374,0.0
3,21,22.0,10.0,1.0,1.0,3.0,1.0,1.0,1.0,0.99998,1.0,-0.0,0.0,-2.0039428e-05,-0.0,0.5082253,1.8453783,0.17834955,2.089853,0.26285866,2.560472,1.0,8.039246,-6.7618175,0.15277778,4.072006,0.0,0.0,0.0,0.0,0.0,0,15.559749,9.262883,1.876686,3.9193068,7.224657,15.008466,0.0,0.0,8.852973,0.0
0,22,23.0,10.0,1.0,1.0,4.0,1.0,1.0,1.0,0.99998516,1.0,-0.0,0.0,-1.4844501e-05,-0.0,0.51046795,1.6363878,0.15682723,1.849854,0.28514323,2.4619753,1.0,8.266882,-8.107772,0.15277778,4.6876535,0.0,0.0,0.0,0.0,0.0,0,14.106323,8.223962,2.2223682,4.0995793,7.405697,17.430746,0.0,0.0,11.39654,0.0
1,22,23.0,10.0,1.0,1.0,4.0,1.0,1.0,1.0,0.99998325,1.0,-0.0,0.0,-1.6724272e-05,-0.0,0.42825228,1.9442996,0.27853042,3.5313842,0.43544322,2.9929118,1.0,9.487879,-7.2086005,0.16203703,4.865087,0.0,0.0,0.0,0.0,0.0,0,14.3874655,10.339669,2.43658,3.2836514,6.544347,14.558597,0.0,0.0,8.34469,0.0
2,22,23.0,10.0,1.0,1.0,4.0,1.0,1.0,1.0,0.99998564,1.0,-0.0,0.0,-1.4379576e-05,-0.0,0.43405032,1.7653188,0.31191733,3.401537,0.42644092,3.6717935,1.0,9.444251,-7.5052214,0.1574074,4.863394,0.0,0.0,0.0,0.0,0.0,0,13.258715,10.050995,2.4611526,2.9150558,5.1558046,14.537631,0.0,0.0,9.147115,0.0
3,22,23.0,10.0,1.0,1.0,4.0,1.0,1.0,1.0,0.9999854,1.0,-0.0,0.0,-1.4584096e-05,-0.0,0.454827,1.8096348,0.22728339,2.847631,0.26560432,2.9230494,1.0,8.662541,-7.6557436,0.1574074,4.581354,0.0,0.0,0.0,0.0,0.0,0,15.312159,9.801245,2.0077026,3.6822715,8.375332,15.1732235,0.0,0.0,8.76998,0.0
0,23,24.0,10.0,1.0,1.0,5.0,1.0,1.0,1.0,0.99998474,1.0,-0.0,0.0,-1.5231106e-05,-0.0,0.49526393,1.5878544,0.18970561,2.476873,0.28404266,2.8993883,1.0,8.974369,-8.452134,0.15277778,5.110226,0.0,0.0,0.0,0.0,0.0,0,11.47487,8.118463,2.244451,3.0842988,6.8761487,16.609837,0.0,0.0,11.154736,0.0
1,23,24.0,10.0,1.0,1.0,5.0,1.0,1.0,1.0,0.99998635,1.0,-0.0,0.0,-1.3626809e-05,-0.0,0.39303675,1.8258902,0.30748054,3.7768881,0.43101558,2.9198344,1.0,9.828633,-8.138354,0.16203703,5.3459516,0.0,0.0,0.0,0.0,0.0,0,14.690875,8.790516,2.5704021,3.586264,6.8555727,14.179975,0.0,0.0,8.337472,0.006839902
2,23,24.0,10.0,1.0,1.0,5.0,1.0,1.0,1.0,0.9999883,1.0,-0.0,0.0,-1.166593e-05,-0.0,0.40720552,1.7267708,0.35462454,4.044332,0.4265367,3.7143989,1.0,10.176257,-8.266802,0.1574074,5.3240185,0.0,0.0,0.0,0.0,0.0,0,13.233863,8.358284,2.2849412,3.5658197,6.331324,13.989103,0.0,0.0,8.621194,1.0416032
3,23,24.0,10.0,1.0,1.0,5.0,1.0,1.0,1.0,0.9999854,1.0,-0.0,0.0,-1.4611987e-05,-0.0,0.39831102,1.6624432,0.24709117,3.0119438,0.26915154,3.1670055,1.0,9.068738,-8.25276,0.1574074,5.0526776,0.0,0.0,0.0,0.0,0.0,0,14.217361,9.306261,2.3486493,3.1971626,7.2172236,15.29369,0.0,0.0,8.59909,0.0
0,24,25.0,10.0,1.0,1.0,6.0,1.0,1.0,1.0,0.9999865,1.0,-0.0,0.0,-1.3457989e-05,-0.0,0.498816,1.7421482,0.24181324,2.7712903,0.28063512,3.143935,1.0,8.847398,-8.527338,0.16203703,5.4865947,0.0,0.0,0.0,0.0,0.0,0,12.902375,8.8438225,2.058258,3.1707935,5.002674,16.246925,0.0,0.0,11.233188,0.0
1,24,25.0,10.0,1.0,1.0,6.0,1.0,1.0,1.0,0.9999841,1.0,-0.0,0.0,-1.5934145e-05,-0.0,0.4215855,1.8647283,0.3416958,3.3381205,0.41455013,2.7291672,1.0,9.221002,-8.257848,0.16203703,5.650277,0.0,0.0,0.0,0.0,0.0,0,12.716417,9.1301775,2.1220193,2.7821646,5.207326,13.317543,0.0,0.0,9.700975,0.1383795
2,24,25.0,10.0,1.0,1.0,6.0,1.0,1.0,1.0,0.9999823,1.0,-0.0,0.0,-1.7687898e-05,-0.0,0.4444089,1.8009812,0.37562937,3.7190328,0.4012454,3.4285848,1.0,9.438839,-7.9868445,0.1574074,5.6614604,0.0,0.0,0.0,0.0,0.0,0,11.855741,8.88863,2.2795205,2.793758,3.2419431,13.968754,0.0,0.0,8.918035,1.7585056
3,24,25.0,10.0,1.0,1.0,6.0,1.0,1.0,1.0,0.9999855,1.0,-0.0,0.0,-1.4503525e-05,-0.0,0.42155683,1.7877074,0.2818316,3.0808072,0.26993942,3.3561285,1.0,8.897506,-8.439486,0.16203703,5.405541,0.0,0.0,0.0,0.0,0.0,0,12.979676,9.781598,2.4819405,2.7332895,6.111113,15.097327,0.0,0.0,8.068515,1.5561495
0,25,26.0,10.0,1.0,1.0,7.0,1.0,1.0,1.0,0.99998593,1.0,-0.0,0.0,-1.4090454e-05,-0.0,0.48197395,1.6669581,0.23451431,2.9417353,0.2772074,3.5340433,1.0,9.00045,-8.408502,0.16203703,5.8458266,0.0,0.0,0.0,0.0,0.0,0,13.395876,8.832205,2.6708457,3.8868353,6.782883,17.623207,0.0,0.0,11.640011,0.0
1,25,26.0,10.0,1.0,1.0,7.0,1.0,1.0,1.0,0.9999868,1.0,-0.0,0.0,-1.3148578e-05,-0.0,0.42901373,1.7597884,0.31730452,3.0601575,0.41640955,2.7265844,1.0,9.034853,-8.30215,0.16203703,6.055519,0.0,0.0,0.0,0.0,0.0,0,12.887957,9.294316,2.7606597,3.2651565,5.324491,13.946222,0.0,0.0,9.075609,2.1138163
2,25,26.0,10.0,1.0,1.0,7.0,1.0,1.0,1.0,0.99998677,1.0,-0.0,0.0,-1.3239319e-05,-0.0,0.43049717,1.6808819,0.35974306,3.464019,0.39236498,3.3122249,1.0,9.335193,-8.328285,0.1574074,6.1174994,0.0,0.0,0.0,0.0,0.0,0,11.853148,9.03673,2.7848353,3.1731253,3.8440757,13.80735,0.0,0.0,8.555279,2.234586
3,25,26.0,10.0,1.0,1.0,7.0,1.0,1.0,1.0,0.9999838,1.0,-0.0,0.0,-1.6223821e-05,-0.0,0.44021344,1.6561545,0.2510326,2.8539464,0.283747,3.6185346,1.0,8.7499895,-8.268348,0.16203703,5.7991586,0.0,0.0,0.0,0.0,0.0,0,12.104128,9.682144,2.803627,3.2127411,6.046494,15.43432,0.0,0.0,7.6943126,2.992805
0,26,27.0,10.0,1.0,1.0,8.0,1.0,1.0,1.0,0.99997777,1.0,-0.0,0.0,-2.2216736e-05,-0.0,0.5310141,1.6326809,0.25832525,2.2759523,0.26707086,3.407745,1.0,8.570726,-8.092997,0.16203703,6.190158,0.0,0.0,0.0,0.0,0.0,0,12.863218,9.1830015,1.9020807,2.9846306,4.71644,15.971956,0.0,0.0,10.309414,0.5583109
1,26,27.0,10.0,1.0,1.0,8.0,1.0,1.0,1.0,0.99998105,1.0,-0.0,0.0,-1.8946863e-05,-0.0,0.526835,1.8938501,0.33371913,3.2260232,0.40461123,2.66679,1.0,8.953373,-7.8286138,0.16203703,6.353177,0.0,0.0,0.0,0.0,0.0,0,11.132534,8.701794,1.677819,2.8952541,4.7628717,12.273442,0.0,0.0,8.310144,2.8171272
2,26,27.0,10.0,1.0,1.0,8.0,1.0,1.0,1.0,0.9999845,1.0,-0.0,0.0,-1.5502168e-05,-0.0,0.51435864,1.7786462,0.40389913,3.6441875,0.36726418,3.3010986,1.0,9.26094,-7.871705,0.1574074,6.3845863,0.0,0.0,0.0,0.0,0.0,0,11.761164,9.239146,1.8465339,3.1336992,3.0103867,14.185594,0.0,0.0,8.485556,1.8390548
3,26,27.0,10.0,1.0,1.0,8.0,1.0,1.0,1.0,0.9999806,1.0,-0.0,0.0,-1.9380972e-05,-0.0,0.5058747,1.694577,0.23127832,2.3613605,0.2629455,3.5011075,1.0,8.228339,-7.5896883,0.16203703,6.1029067,0.0,0.0,0.0,0.0,0.0,0,12.850414,9.793379,2.320105,2.67945,4.385611,15.674009,0.0,0.0,7.7021174,1.6686107
0,27,28.0,10.0,1.0,1.0,9.0,1.0,1.0,1.0,0.999986,1.0,-0.0,0.0,-1.4031917e-05,-0.0,0.54017234,1.5056411,0.26922715,2.1387205,0.28195858,3.5468674,1.0,8.617849,-8.432248,0.16666667,6.600845,0.0,0.0,0.0,0.0,0.0,0,10.558393,9.039681,2.3277602,2.9395096,4.007778,16.648262,0.0,0.0,9.945484,1.9123042
1,27,28.0,10.0,1.0,1.0,9.0,1.0,1.0,1.0,0.9999864,1.0,-0.0,0.0,-1.3606828e-05,-0.0,0.5259875,1.7502755,0.2956161,2.949442,0.39168265,2.5896533,1.0,8.825991,-8.215087,0.17592593,6.8018847,0.0,0.0,0.0,0.0,0.0,0,10.998266,9.459817,2.5698469,3.1975706,4.5419273,13.829397,0.0,0.0,9.069776,3.5183737
2,27,28.0,10.0,1.0,1.0,9.0,1.0,1.0,1.0,0.99998724,1.0,-0.0,0.0,-1.2743353e-05,-0.0,0.57347417,1.6923599,0.3630544,3.31506,0.37408257,3.3065479,1.0,9.041919,-7.020372,0.17592593,6.7911386,0.0,0.0,0.0,0.0,0.0,0,11.564809,8.974862,2.614293,3.1533885,3.6418898,13.667577,0.0,0.0,8.075548,2.089833
3,27,28.0,10.0,1.0,1.0,9.0,1.0,1.0,1.0,0.99998534,1.0,-0.0,0.0,-1.4670504e-05,-0.0,0.531815,1.5231954,0.19870509,2.105525,0.27907956,3.5677726,1.0,8.105324,-7.351837,0.1712963,6.5599947,0.0,0.0,0.0,0.0,0.0,0,11.5161085,9.784493,2.4400215,2.8179243,4.5487933,15.388143,0.0,0.0,7.7730865,2.4294162
0,28,29.0,10.0,1.0,1.0,10.0,1.0,1.0,1.0,0.9999851,1.0,-0.0,0.0,-1.4883105e-05,-0.0,0.60810816,1.7176026,0.32311922,2.6167154,0.26854578,3.2243242,1.0,9.075842,-8.514535,0.1712963,6.8573713,0.0,0.0,0.0,0.0,0.0,0,13.784615,10.269785,1.815951,3.4487157,4.241452,18.137987,0.0,0.0,10.709053,0.0
1,28,29.0,10.0,1.0,1.0,10.0,1.0,1.0,1.0,0.99998206,1.0,-0.0,0.0,-1.7927126e-05,-0.0,0.60183257,1.9628795,0.31355008,3.193833,0.37983406,2.4587939,1.0,8.94896,-7.7928295,0.17592593,7.074384,0.0,0.0,0.0,0.0,0.0,0,11.028181,9.366227,1.7897557,2.6381114,3.8184228,13.207447,0.0,0.0,8.261498,3.143465
2,28,29.0,10.0,1.0,1.0,10.0,1.0,1.0,1.0,0.9999841,1.0,-0.0,0.0,-1.589263e-05,-0.0,0.6444868,1.8362045,0.37090912,3.4694383,0.3476735,3.1434371,1.0,9.176288,-6.357143,0.17592593,7.0609756,0.0,0.0,0.0,0.0,0.0,0,11.548057,9.427387,1.6694163,2.867191,2.649576,14.067413,0.0,0.0,8.074197,1.0928929
3,28,29.0,10.0,1.0,1.0,10.0,1.0,1.0,1.0,0.99998355,1.0,-0.0,0.0,-1.6450109e-05,-0.0,0.59342015,1.6916093,0.24567959,2.3603659,0.26982838,2.9251912,1.0,8.377916,-7.1593804,0.1712963,6.799592,0.0,0.0,0.0,0.0,0.0,0,10.897921,9.281594,1.7309794,2.5033035,4.2041616,15.529097,0.0,0.0,8.523248,1.8058033
0,29,30.0,10.0,1.0,1.0,11.0,1.0,1.0,1.0,0.9999834,1.0,-0.0,0.0,-1.6635962e-05,-0.0,0.5644899,1.6614987,0.34237236,2.787063,0.2818195,3.0957618,1.0,9.492828,-8.5082655,0.1712963,7.137329,0.0,0.0,0.0,0.0,0.0,0,10.633931,9.407621,2.1880295,2.8328636,3.4335318,16.314156,0.0,0.0,9.226179,1.6254438
1,29,30.0,10.0,1.0,1.0,11.0,1.0,1.0,1.0,0.9999857,1.0,-0.0,0.0,-1.4322773e-05,-0.0,0.564253,1.9423351,0.33775532,3.5605247,0.39598703,2.3127968,1.0,9.569121,-8.080665,0.17592593,7.350732,0.0,0.0,0.0,0.0,0.0,0,10.927191,9.737141,2.2278292,2.6933575,4.0040655,13.68718,0.0,0.0,8.764493,2.1970153
2,29,30.0,10.0,1.0,1.0,11.0,1.0,1.0,1.0,0.9999853,1.0,-0.0,0.0,-1.475085e-05,-0.0,0.63322747,1.8611352,0.38026717,3.8381572,0.35620996,3.109386,1.0,9.672395,-6.122738,0.17592593,7.2932425,0.0,0.0,0.0,0.0,0.0,0,10.815022,9.333468,2.280166,2.8229299,3.452842,13.667182,0.0,0.0,7.306937,1.8975015
3,29,30.0,10.0,1.0,1.0,11.0,1.0,1.0,1.0,0.99998426,1.0,-0.0,0.0,-1.5737718e-05,-0.0,0.61243623,1.7535491,0.27520922,2.9074762,0.3010833,2.854769,1.0,9.0149765,-6.8408594,0.1712963,7.046599,0.0,0.0,0.0,0.0,0.0,0,11.04597,10.085991,2.5450792,2.6084292,4.1759076,15.205662,0.0,0.0,8.037868,2.3705413
0,30,31.0,10.0,1.0,1.0,12.0,1.0,1.0,1.0,0.9999844,1.0,-0.0,0.0,-1.5630796e-05,-0.0,0.6002199,1.8172901,0.42601308,3.8944457,0.30029714,2.719398,1.0,10.788172,-8.571705,0.1712963,7.347112,0.0,0.0,0.0,0.0,0.0,0,9.8379135,9.51413,1.9470869,2.996115,3.2601962,16.887115,0.0,0.0,9.396464,1.7825254
1,30,31.0,10.0,1.0,1.0,12.0,1.0,1.0,1.0,0.9999818,1.0,-0.0,0.0,-1.8160523e-05,-0.0,0.53147113,1.8845459,0.378764,3.9629908,0.4077979,2.218481,1.0,10.315226,-7.800747,0.17592593,7.6442323,0.0,0.0,0.0,0.0,0.0,0,10.82188,9.857852,1.7998685,2.3783314,3.8478677,13.65904,0.0,0.0,8.776199,2.3696022
2,30,31.0,10.0,1.0,1.0,12.0,1.0,1.0,1.0,0.9999817,1.0,-0.0,0.0,-1.8273679e-05,-0.0,0.6008111,1.8488017,0.41860333,4.359027,0.36158097,2.9997041,1.0,10.46813,-6.062832,0.17592593,7.5478024,0.0,0.0,0.0,0.0,0.0,0,10.329159,9.72409,1.6760026,2.3457582,2.9841607,13.31089,0.0,0.0,6.962325,1.9481821
3,30,31.0,10.0,1.0,1.0,12.0,1.0,1.0,1.0,0.99998325,1.0,-0.0,0.0,-1.6762038e-05,-0.0,0.58869195,1.7210763,0.31227466,3.3364785,0.31614563,2.4520996,1.0,9.744491,-6.5852256,0.1712963,7.3153443,0.0,0.0,0.0,0.0,0.0,0,9.989068,10.10066,1.5702993,2.160488,3.8178043,15.372909,0.0,0.0,7.598491,2.7895691
0,31,32.0,10.0,1.0,1.0,13.0,1.0,1.0,1.0,0.9999838,1.0,-0.0,0.0,-1.6222208e-05,-0.0,0.5460277,1.9378314,0.4702415,3.9096928,0.30684406,2.3965662,1.0,10.8663645,-8.297478,0.18518518,7.674919,0.0,0.0,0.0,0.0,0.0,0,7.96453,9.134505,1.4773964,1.9221171,1.9043823,16.645626,0.0,0.0,8.721308,2.9044995
1,31,32.0,10.0,1.0,1.0,13.0,1.0,1.0,1.0,0.9999834,1.0,-0.0,0.0,-1.6631027e-05,-0.0,0.50227046,2.0237272,0.3958399,3.8988655,0.3951007,2.1925738,1.0,10.172913,-6.5975275,0.17592593,7.9702153,0.0,0.0,0.0,0.0,0.0,0,9.836391,9.479044,1.3164849,2.1982284,3.1422575,13.283115,0.0,0.0,8.39236,2.719434
2,31,32.0,10.0,1.0,1.0,13.0,1.0,1.0,1.0,0.9999843,1.0,-0.0,0.0,-1.5660997e-05,-0.0,0.5683765,2.002742,0.43956098,4.266266,0.35132086,3.2434468,1.0,10.263891,-4.8962536,0.17592593,7.8616395,0.0,0.0,0.0,0.0,0.0,0,11.393707,9.382686,1.5572007,2.4801512,3.0102174,12.775169,0.0,0.0,7.0821056,2.5317955
3,31,32.0,10.0,1.0,1.0,13.0,1.0,1.0,1.0,0.99998343,1.0,-0.0,0.0,-1.6589698e-05,-0.0,0.5957521,1.9834528,0.3340294,3.61702,0.31357482,1.8850615,1.0,9.791713,-5.681257,0.17592593,7.6760917,0.0,0.0,0.0,0.0,0.0,0,8.293583,10.30511,1.2245642,3.0638494,3.1750402,14.790277,0.0,0.0,7.626814,4.9724884
0,32,33.0,10.0,1.0,1.0,14.0,1.0,1.0,1.0,0.99998385,1.0,-0.0,0.0,-1.6155342e-05,-0.0,0.49454385,1.988003,0.5178292,4.6104026,0.34932953,2.5905597,1.0,11.813362,-8.477885,0.18518518,7.9577036,0.0,0.0,0.0,0.0,0.0,0,8.516349,10.051744,1.3131906,1.9807261,1.7382778,15.006884,0.0,0.0,7.826748,3.9464638
1,32,33.0,10.0,1.0,1.0,14.0,1.0,1.0,1.0,0.99998504,1.0,-0.0,0.0,-1.4951232e-05,-0.0,0.5008701,2.168016,0.42355233,4.579564,0.41262245,2.2762961,1.0,10.982361,-6.002063,0.17592593,8.235346,0.0,0.0,0.0,0.0,0.0,0,10.624644,9.483928,1.5724953,2.3232508,3.7800453,13.538205,0.0,0.0,8.558267,2.535147
2,32,33.0,10.0,1.0,1.0,14.0,1.0,1.0,1.0,0.99998367,1.0,-0.0,0.0,-1.6355621e-05,-0.0,0.55205595,2.1237164,0.46848342,4.8700376,0.3634664,3.6907194,1.0,11.00471,-4.2290874,0.17592593,8.113512,0.0,0.0,0.0,0.0,0.0,0,11.560777,9.843535,1.7061495,2.5421033,2.2384815,13.063036,0.0,0.0,6.9290004,1.2237325
3,32,33.0,10.0,1.0,1.0,14.0,1.0,1.0,1.0,0.99998164,1.0,-0.0,0.0,-1.835023e-05,-0.0,0.5352676,1.966959,0.3274688,3.6024904,0.334628,1.6551237,1.0,9.9703455,-5.1129208,0.17592593,7.914321,0.0,0.0,0.0,0.0,0.0,0,8.917866,10.042664,2.0120056,2.9334137,2.3852372,14.692187,0.0,0.0,8.244685,4.34003
0,33,34.0,10.0,1.0,1.0,15.0,1.0,1.0,1.0,0.9999836,1.0,-0.0,0.0,-1.6386355e-05,-0.0,0.43342486,2.065364,0.5331782,4.645757,0.39150333,2.9020867,1.0,12.023884,-8.331715,0.19907407,8.217389,0.0,0.0,0.0,0.0,0.0,0,10.408171,9.696864,1.9440751,2.386613,2.030217,15.822859,0.0,0.0,8.499816,1.9382867
1,33,34.0,10.0,1.0,1.0,15.0,1.0,1.0,1.0,0.99998313,1.0,-0.0,0.0,-1.6869062e-05,-0.0,0.45861936,2.178968,0.3991135,4.36477,0.43273732,2.3387115,1.0,10.919386,-4.9608254,0.18518518,8.512152,0.0,0.0,0.0,0.0,0.0,0,11.08712,9.147787,1.8747503,1.9799721,3.3499293,13.075616,0.0,0.0,8.368676,0.9860331
2,33,34.0,10.0,1.0,1.0,15.0,1.0,1.0,1.0,0.99998516,1.0,-0.0,0.0,-1.484142e-05,-0.0,0.5154509,2.135375,0.4516892,4.6499686,0.37840617,4.478091,1.0,11.035136,-2.8106122,0.17592593,8.351657,0.0,0.0,0.0,0.0,0.0,0,11.18743,10.203511,1.9339098,2.2457025,1.619819,13.775681,0.0,0.0,7.121803,1.298567
3,33,34.0,10.0,1.0,1.0,15.0,1.0,1.0,1.0,0.9999833,1.0,-0.0,0.0,-1.6668677e-05,-0.0,0.49701893,2.0260077,0.31580207,3.5209503,0.37019604,1.7870107,1.0,10.034013,-4.451667,0.18981482,8.16907,0.0,0.0,0.0,0.0,0.0,0,8.851388,9.617344,1.709037,2.4852545,2.3064628,14.29213,0.0,0.0,7.525609,3.717663
0,34,35.0,10.0,1.0,1.0,16.0,1.0,1.0,1.0,0.99998075,1.0,-0.0,0.0,-1.925182e-05,-0.0,0.42587072,2.146431,0.51865345,4.5607204,0.40796182,3.060669,1.0,12.0378275,-7.4021425,0.19907407,8.4531355,0.0,0.0,0.0,0.0,0.0,0,9.356124,9.392696,1.904113,2.0276942,1.6431607,15.292776,0.0,0.0,8.498935,2.2008212
1,34,35.0,10.0,1.0,1.0,16.0,1.0,1.0,1.0,0.99998194,1.0,-0.0,0.0,-1.8070432e-05,-0.0,0.45655036,2.2599256,0.38057166,4.3624377,0.45094714,2.6805499,1.0,10.9407835,-3.868105,0.18981482,8.772593,0.0,0.0,0.0,0.0,0.0,0,10.176614,9.197155,1.9301063,2.3186374,2.9713476,13.01149,0.0,0.0,8.267023,2.458551
2,34,35.0,10.0,1.0,1.0,16.0,1.0,1.0,1.0,0.99998313,1.0,-0.0,0.0,-1.6848953e-05,-0.0,0.49096608,2.2194448,0.43884796,4.5802474,0.39212456,4.917234,1.0,11.055991,-1.9940231,0.18518518,8.596706,0.0,0.0,0.0,0.0,0.0,0,11.555647,10.252354,1.9244124,2.4796762,2.7364848,14.054167,0.0,0.0,7.516014,2.256252
3,34,35.0,10.0,1.0,1.0,16.0,1.0,1.0,1.0,0.9999825,1.0,-0.0,0.0,-1.7497894e-05,-0.0,0.49729759,2.1021702,0.3053788,3.4716938,0.39648688,1.9833955,1.0,10.051228,-3.534129,0.18981482,8.425546,0.0,0.0,0.0,0.0,0.0,0,9.624683,9.388946,1.9016054,2.4356048,1.2496804,14.578287,0.0,0.0,7.7497673,2.14031
0,35,36.0,10.0,1.0,1.0,17.0,1.0,1.0,1.0,0.99998266,1.0,-0.0,0.0,-1.7362774e-05,-0.0,0.41377172,2.1956413,0.4992871,4.328568,0.4377817,3.314115,1.0,11.956634,-7.234241,0.2037037,8.703536,0.0,0.0,0.0,0.0,0.0,0,9.923335,9.505435,1.8451325,1.918688,2.0747116,15.55412,0.0,0.0,8.841762,1.960099
1,35,36.0,10.0,1.0,1.0,17.0,1.0,1.0,1.0,0.9999841,1.0,-0.0,0.0,-1.5939997e-05,-0.0,0.45791233,2.3452861,0.34541154,4.1297607,0.47629765,3.0049186,1.0,10.782002,-3.0262926,0.18981482,9.017313,0.0,0.0,0.0,0.0,0.0,0,10.18228,9.002834,1.9124812,2.2203436,3.0259302,12.687353,0.0,0.0,7.694326,1.9539137
2,35,36.0,10.0,1.0,1.0,17.0,1.0,1.0,1.0,0.9940539,1.0,-0.0,0.0,-1.9063316e-05,-0.005927039,0.48963353,2.3028004,0.40307468,4.173507,0.40935948,5.355622,0.0,10.786621,-0.9275163,0.18981482,8.8055725,0.0,0.0,0.0,0.0,0.0,0,11.078812,9.702743,2.4806952,2.2677093,2.4521782,13.359336,0.0,0.0,7.429065,2.092033
3,35,36.0,10.0,1.0,1.0,17.0,1.0,1.0,1.0,0.99998426,1.0,-0.0,0.0,-1.5752821e-05,-0.0,0.5030625,2.147472,0.2353126,2.859974,0.41817683,2.3232648,1.0,9.522538,-2.1645799,0.18981482,8.62131,0.0,0.0,0.0,0.0,0.0,0,9.751401,9.814652,2.4062028,2.6778896,2.57695,14.467338,0.0,0.0,7.588274,3.2171266
0,36,37.0,10.0,1.0,1.0,18.0,1.0,1.0,1.0,0.9999828,1.0,-0.0,0.0,-1.7222392e-05,-0.0,0.3690604,2.1657665,0.4350422,2.914199,0.46056518,3.0861382,1.0,10.925586,-6.392313,0.20833333,8.893394,0.0,0.0,0.0,0.0,0.0,0,10.555424,10.239657,1.7575208,1.7665455,2.655736,15.006625,0.0,0.0,8.853701,2.068161
1,36,37.0,10.0,1.0,1.0,18.0,1.0,1.0,1.0,0.99998367,1.0,-0.0,0.0,-1.6310152e-05,-0.0,0.40398613,2.2494555,0.2293752,2.3483973,0.49316236,2.9558046,1.0,9.449369,-1.6910732,0.18981482,9.227917,0.0,0.0,0.0,0.0,0.0,0,11.346456,9.4569235,2.0662122,1.7623351,3.6954808,13.064676,0.0,0.0,8.183166,1.7087134
2,36,37.0,10.0,1.0,1.0,18.0,1.0,1.0,1.0,0.99063146,1.0,-0.0,0.0,-1.555853e-05,-0.009352969,0.44875965,2.2989392,0.3207178,2.7391872,0.43687284,5.5611777,0.0,9.577704,0.6148666,0.18981482,8.94532,0.0,0.0,0.0,0.0,0.0,0,11.12246,9.702866,2.2796588,2.0395103,2.8591292,13.456363,0.0,0.0,7.3247986,1.6226845
3,36,37.0,10.0,1.0,1.0,18.0,1.0,1.0,1.0,0.99998194,1.0,-0.0,0.0,-1.8061382e-05,-0.0,0.45670122,2.160013,0.17007999,1.8578758,0.44545066,2.093595,1.0,8.409594,-1.3056471,0.18981482,8.786524,0.0,0.0,0.0,0.0,0.0,0,11.119699,10.308474,2.3957605,1.8674325,2.8933172,14.584672,0.0,0.0,7.228746,1.7109432
0,37,38.0,10.0,1.0,1.0,19.0,1.0,1.0,1.0,0.9999838,1.0,-0.0,0.0,-1.623248e-05,-0.0,0.31860358,2.2479203,0.3814078,2.309071,0.5008386,2.9020867,1.0,10.331425,-6.961787,0.20833333,8.912947,0.0,0.0,0.0,0.0,0.0,0,10.827198,9.269984,2.2948933,1.8577344,2.7521381,15.060994,0.0,0.0,8.238594,1.3968875
1,37,38.0,10.0,1.0,1.0,19.0,1.0,1.0,1.0,0.99998236,1.0,-0.0,0.0,-1.7649974e-05,-0.0,0.3725402,2.3641858,0.19140027,2.1811202,0.5117174,2.9098983,1.0,9.03418,-1.5065362,0.18981482,9.320878,0.0,0.0,0.0,0.0,0.0,0,11.376778,8.77612,2.6079957,1.6991247,3.1891894,12.700188,0.0,0.0,7.932665,1.3111731
2,37,38.0,10.0,1.0,1.0,19.0,1.0,1.0,1.0,0.9953318,1.0,-0.0,0.0,-1.7260329e-05,-0.0046509034,0.40481463,2.3798037,0.2779978,2.3765597,0.45544022,5.2790537,0.0,9.08214,0.6692996,0.18981482,9.0060005,0.0,0.0,0.0,0.0,0.0,0,11.256019,9.074144,2.7116284,1.7741129,2.8428152,12.960638,0.0,0.0,6.939511,1.2085466
3,37,38.0,10.0,1.0,1.0,19.0,1.0,1.0,1.0,0.99998343,1.0,-0.0,0.0,-1.6582513e-05,-0.0,0.4047215,2.240141,0.14685945,1.9106315,0.47456607,1.7200562,1.0,8.041248,-1.5881462,0.18981482,8.847835,0.0,0.0,0.0,0.0,0.0,0,10.975839,9.446476,2.830105,1.5369846,2.697797,14.546994,0.0,0.0,7.9120264,1.219494
0,38,39.0,10.0,1.0,1.0,20.0,1.0,1.0,1.0,0.9999863,1.0,-0.0,0.0,-1.3681817e-05,-0.0,0.30018985,2.2935991,0.35848454,2.0947165,0.525464,2.7774973,1.0,10.224584,-7.284866,0.20833333,8.9296665,0.0,0.0,0.0,0.0,0.0,0,10.948341,8.814137,2.041947,2.0369568,2.6734385,14.905817,0.0,0.0,8.089621,1.211447
1,38,39.0,10.0,1.0,1.0,20.0,1.0,1.0,1.0,0.9999883,1.0,-0.0,0.0,-1.1666247e-05,-0.0,0.38875267,2.427021,0.17111123,2.1434731,0.5284589,2.8379939,1.0,9.012513,-1.4240183,0.18981482,9.341016,0.0,0.0,0.0,0.0,0.0,0,11.271035,8.302786,2.2838335,1.944534,3.0982962,12.493626,0.0,0.0,7.6394377,1.3004156
2,38,39.0,10.0,1.0,1.0,20.0,1.0,1.0,1.0,0.99998844,1.0,-0.0,0.0,-1.1580774e-05,-0.0,0.42351896,2.4498196,0.25147682,2.217775,0.47183186,4.9386816,1.0,9.032984,0.62710047,0.18981482,9.025522,0.0,0.0,0.0,0.0,0.0,0,11.595287,8.638975,2.484034,1.9756628,2.9068465,12.818614,0.0,0.0,6.782263,1.2730898
3,38,39.0,10.0,1.0,1.0,20.0,1.0,1.0,1.0,0.99998736,1.0,-0.0,0.0,-1.2642703e-05,-0.0,0.40069407,2.2984521,0.13657299,1.91595,0.49497676,1.538462,1.0,7.9764404,-1.6013552,0.18981482,8.870977,0.0,0.0,0.0,0.0,0.0,0,10.668541,8.654775,2.2874992,1.9368763,2.632288,14.1083975,0.0,0.0,7.513252,1.0228646
0,39,40.0,10.0,1.0,1.0,21.0,1.0,1.0,1.0,0.9999859,1.0,-0.0,0.0,-1.4130939e-05,-0.0,0.32669604,2.0942667,0.35238543,1.7817469,0.548199,2.484446,1.0,10.343035,-7.0160575,0.20833333,9.175496,0.0,0.0,0.0,0.0,0.0,0,11.891441,9.543149,2.346146,1.2263688,1.7855449,14.201092,0.0,0.0,8.46092,1.3400298
1,39,40.0,10.0,1.0,1.0,21.0,1.0,1.0,1.0,0.99998724,1.0,-0.0,0.0,-1.2760281e-05,-0.0,0.40703565,2.347387,0.17799252,2.091725,0.5688127,2.7153654,1.0,9.423499,-1.709342,0.18981482,9.49652,0.0,0.0,0.0,0.0,0.0,0,11.231579,9.210914,2.894841,1.6309693,1.1381365,12.441596,0.0,0.0,7.556647,1.9899691
2,39,40.0,10.0,1.0,1.0,21.0,1.0,1.0,1.0,0.9999881,1.0,-0.0,0.0,-1.1930862e-05,-0.0,0.45105106,2.3601778,0.2415962,2.0135534,0.51804,4.4880447,1.0,9.208804,0.49701706,0.18981482,9.19538,0.0,0.0,0.0,0.0,0.0,0,11.356053,9.095159,3.017268,1.5221173,1.2693481,12.580149,0.0,0.0,6.6251035,1.7868083
3,39,40.0,10.0,1.0,1.0,21.0,1.0,1.0,1.0,0.9999863,1.0,-0.0,0.0,-1.36924e-05,-0.0,0.40927753,2.185747,0.14377713,1.8473135,0.5573991,1.1204605,1.0,8.421424,-2.3623724,0.18981482,9.085159,0.0,0.0,0.0,0.0,0.0,0,10.87605,8.940023,2.2305908,1.6855792,1.1678185,13.610472,0.0,0.0,7.8463635,1.5666313
0,40,41.0,10.0,1.0,1.0,22.0,1.0,1.0,1.0,0.99998707,1.0,-0.0,0.0,-1.2944203e-05,-0.0,0.31588858,2.0091245,0.32016885,1.267312,0.572354,2.426428,1.0,9.650581,-6.8628817,0.20833333,9.209889,0.0,0.0,0.0,0.0,0.0,0,10.612703,7.8897867,2.0874047,1.4598119,2.9968472,14.753195,0.0,0.0,6.9230146,0.82551944
1,40,41.0,10.0,1.0,1.0,22.0,1.0,1.0,1.0,0.9999877,1.0,-0.0,0.0,-1.22561105e-05,-0.0,0.3872853,2.23512,0.15835796,1.7154996,0.5808046,2.689878,1.0,8.719134,-1.3388405,0.18981482,9.535704,0.0,0.0,0.0,0.0,0.0,0,11.156216,8.427204,2.7694597,1.2517968,2.4378047,12.565689,0.0,0.0,7.456216,0.9178968
2,40,41.0,10.0,1.0,1.0,22.0,1.0,1.0,1.0,0.99998873,1.0,-0.0,0.0,-1.1241555e-05,-0.0,0.4465595,2.2414434,0.22619598,1.5195215,0.5372798,4.181378,1.0,8.418205,1.0751505,0.18981482,9.242297,0.0,0.0,0.0,0.0,0.0,0,10.943624,8.225419,2.607055,1.7016294,2.744737,12.791431,0.0,0.0,6.249434,1.0749086
3,40,41.0,10.0,1.0,1.0,22.0,1.0,1.0,1.0,0.9999884,1.0,-0.0,0.0,-1.1624454e-05,-0.0,0.40562898,2.1087117,0.16254857,1.9411134,0.5748452,0.7099639,1.0,7.7860594,-2.140737,0.18981482,9.10195,0.0,0.0,0.0,0.0,0.0,0,10.601864,8.461244,2.3962336,1.3098183,2.9861774,13.954481,0.0,0.0,6.9729834,0.6360408
0,41,42.0,10.0,1.0,1.0,23.0,1.0,1.0,1.0,0.99998325,1.0,-0.0,0.0,-1.6737578e-05,-0.0,0.2034694,2.187308,0.2837235,1.5551605,0.61126804,2.4524188,1.0,9.341318,-8.337735,0.20833333,9.530989,0.0,0.0,0.0,0.0,0.0,0,10.479878,8.240005,4.2856536,1.9407192,1.5770624,14.302913,0.0,0.0,8.915504,2.0029404
1,41,42.0,10.0,1.0,1.0,23.0,1.0,1.0,1.0,0.9999851,1.0,-0.0,0.0,-1.490893e-05,-0.0,0.36933458,2.523666,0.13869227,1.8629246,0.61118215,2.6423156,1.0,8.734734,-2.3272476,0.19444445,9.979403,0.0,0.0,0.0,0.0,0.0,0,11.578685,8.15018,4.5362053,1.476784,2.6218088,12.368105,0.0,0.0,7.4651246,2.058948
2,41,42.0,10.0,1.0,1.0,23.0,1.0,1.0,1.0,0.9999855,1.0,-0.0,0.0,-1.4456375e-05,-0.0,0.41663462,2.55635,0.20720455,1.6202343,0.5617966,3.844271,1.0,8.389043,-0.24933088,0.18981482,9.719238,0.0,0.0,0.0,0.0,0.0,0,11.46501,7.9539294,4.644963,1.9452822,1.8801061,12.466393,0.0,0.0,6.431233,1.9338272
3,41,42.0,10.0,1.0,1.0,23.0,1.0,1.0,1.0,0.9999835,1.0,-0.0,0.0,-1.6482889e-05,-0.0,0.34056306,2.347996,0.16804162,2.6470513,0.60278225,0.6026319,1.0,7.549798,-3.1850915,0.19444445,9.487147,0.0,0.0,0.0,0.0,0.0,0,11.630783,8.270925,3.271374,2.0552485,1.9323411,13.368745,0.0,0.0,6.9525924,0.98833877
0,42,43.0,10.0,1.0,1.0,24.0,1.0,1.0,1.0,0.9999838,1.0,-0.0,0.0,-1.6201127e-05,-0.0,0.14412664,2.0053961,0.40651882,2.1768093,0.66163635,3.35846,1.0,8.021816,-8.813515,0.21296297,9.615099,0.0,0.0,0.0,0.0,0.0,0,11.263098,8.343661,2.2308595,1.4803977,2.337414,14.310336,0.0,0.0,9.612347,0.075722516
1,42,43.0,10.0,1.0,1.0,24.0,1.0,1.0,1.0,0.9999853,1.0,-0.0,0.0,-1.4718755e-05,-0.0,0.33469015,2.2937443,0.27286935,2.339046,0.6055292,2.6143215,1.0,7.5284023,-1.5850123,0.19444445,10.076913,0.0,0.0,0.0,0.0,0.0,0,11.299158,8.059858,2.8414183,1.3879883,2.4257824,12.391219,0.0,0.0,7.5840564,1.1512309
2,42,43.0,10.0,1.0,1.0,24.0,1.0,1.0,1.0,0.99998754,1.0,-0.0,0.0,-1.2456735e-05,-0.0,0.38556606,2.3223727,0.3454786,2.284534,0.5647971,3.4791267,1.0,6.9450903,0.62811744,0.18981482,9.820041,0.0,0.0,0.0,0.0,0.0,0,11.584779,8.56857,2.589422,1.3247415,2.580052,12.526167,0.0,0.0,6.2455125,0.8884155
3,42,43.0,10.0,1.0,1.0,24.0,1.0,1.0,1.0,0.9999864,1.0,-0.0,0.0,-1.3618431e-05,-0.0,0.29210746,2.1010778,0.3517234,3.818937,0.61573803,0.63550365,1.0,6.412825,-2.4275537,0.19444445,9.587279,0.0,0.0,0.0,0.0,0.0,0,11.328645,8.6708975,2.0318954,1.309734,2.32019,13.514608,0.0,0.0,7.244682,0.6538226
0,43,44.0,10.0,1.0,1.0,25.0,1.0,1.0,1.0,0.9999788,1.0,-0.0,0.0,-2.1214571e-05,-0.0,0.1901105,1.8527368,0.39599124,2.174291,0.6809363,3.6471937,1.0,8.444479,-8.816096,0.21296297,9.773988,0.0,0.0,0.0,0.0,0.0,0,11.179754,8.490119,3.1381679,1.2865995,2.6784234,14.614128,0.0,0.0,10.404367,0.35134166
1,43,44.0,10.0,1.0,1.0,25.0,1.0,1.0,1.0,0.9999824,1.0,-0.0,0.0,-1.7590115e-05,-0.0,0.26481485,2.2600784,0.20688048,1.9971598,0.6431215,2.1485794,1.0,8.720666,-4.2375,0.19444445,10.329155,0.0,0.0,0.0,0.0,0.0,0,11.336891,8.900897,4.44422,1.4895257,1.6975466,12.036174,0.0,0.0,7.8178105,1.7772115
2,43,44.0,10.0,1.0,1.0,25.0,1.0,1.0,1.0,0.9999826,1.0,-0.0,0.0,-1.741229e-05,-0.0,0.30377358,2.2955303,0.27529097,1.6522838,0.60646164,2.7494555,1.0,8.167506,-2.5010471,0.19444445,10.0787115,0.0,0.0,0.0,0.0,0.0,0,11.167103,8.872367,4.3877482,1.3928604,1.6487284,12.0055065,0.0,0.0,6.3000846,1.7511806
3,43,44.0,10.0,1.0,1.0,25.0,1.0,1.0,1.0,0.99998206,1.0,-0.0,0.0,-1.7939188e-05,-0.0,0.22548288,2.0706224,0.28308505,3.3563616,0.6485361,1.0993043,1.0,7.522378,-4.9194207,0.19444445,9.848835,0.0,0.0,0.0,0.0,0.0,0,10.899721,8.921186,3.832707,1.3777828,1.4005347,13.186383,0.0,0.0,7.5827703,1.3603626
0,44,45.0,10.0,1.0,1.0,26.0,1.0,1.0,1.0,0.9999831,1.0,-0.0,0.0,-1.6952043e-05,-0.0,0.19751936,1.5665703,0.3982001,1.263601,0.6923313,3.9689126,1.0,9.400151,-9.484358,0.21296297,10.212948,0.0,0.0,0.0,0.0,0.0,0,10.692824,8.205059,1.2216868,1.1468307,3.4024904,14.160004,0.0,0.0,9.824856,0.23608334
1,44,45.0,10.0,1.0,1.0,26.0,1.0,1.0,1.0,0.9999821,1.0,-0.0,0.0,-1.7884358e-05,-0.0,0.2960708,1.8645889,0.2510131,1.1021488,0.62933743,2.042883,1.0,9.386928,-4.3788853,0.19444445,10.802172,0.0,0.0,0.0,0.0,0.0,0,10.596861,8.393602,2.0778942,0.68952054,2.947799,12.107308,0.0,0.0,8.27521,0.5421549
2,44,45.0,10.0,1.0,1.0,26.0,1.0,1.0,1.0,0.9999844,1.0,-0.0,0.0,-1.5620366e-05,-0.0,0.34617,1.8492804,0.33332267,1.2033184,0.58899724,2.6779203,1.0,8.462251,-1.8369164,0.19444445,10.591825,0.0,0.0,0.0,0.0,0.0,0,10.782425,8.933278,1.7677842,0.82982486,2.6680014,12.089408,0.0,0.0,6.3934836,0.7069283
3,44,45.0,10.0,1.0,1.0,26.0,1.0,1.0,1.0,0.9999846,1.0,-0.0,0.0,-1.5381775e-05,-0.0,0.25495923,1.6468588,0.32794234,2.7067034,0.64760953,1.267312,1.0,8.02091,-4.850015,0.19444445,10.3405695,0.0,0.0,0.0,0.0,0.0,0,10.63458,9.157255,1.0925026,1.2513955,2.3885934,13.423995,0.0,0.0,7.875085,0.4416156
0,45,46.0,10.0,1.0,1.0,27.0,1.0,1.0,1.0,0.99998426,1.0,-0.0,0.0,-1.5743735e-05,-0.0,0.36649257,1.9327357,0.49167037,2.1073828,0.66417724,3.7946715,1.0,8.422053,-8.539374,0.2175926,11.1594,0.0,0.0,0.0,0.0,0.0,0,11.066892,8.001422,2.2186413,1.5579176,3.31014,14.368822,0.0,0.0,10.372136,0.95840603
1,45,46.0,10.0,1.0,1.0,27.0,1.0,1.0,1.0,0.99998367,1.0,-0.0,0.0,-1.635396e-05,-0.0,0.4256841,2.4225,0.24320851,1.2511512,0.5948383,2.1986341,1.0,9.239376,-4.756557,0.2037037,11.914403,0.0,0.0,0.0,0.0,0.0,0,11.331689,8.937808,3.1552699,2.0449433,1.8583127,12.42054,0.0,0.0,8.342765,1.9933715
2,45,46.0,10.0,1.0,1.0,27.0,1.0,1.0,1.0,0.9999847,1.0,-0.0,0.0,-1.5306978e-05,-0.0,0.50528085,2.4013038,0.33007604,1.2881395,0.5318194,3.2145987,1.0,8.2356615,-1.459972,0.19907407,11.69202,0.0,0.0,0.0,0.0,0.0,0,11.636702,8.600893,3.4699,2.2009752,1.8323971,12.599205,0.0,0.0,6.7686734,1.9548006
3,45,46.0,10.0,1.0,1.0,27.0,1.0,1.0,1.0,0.99998426,1.0,-0.0,0.0,-1.5719668e-05,-0.0,0.40823632,2.2150052,0.32675347,2.8019085,0.60463005,1.0179772,1.0,7.813941,-4.805115,0.2037037,11.456306,0.0,0.0,0.0,0.0,0.0,0,11.12232,8.675596,2.3841896,2.046289,1.3284262,13.742927,0.0,0.0,8.1092,1.2651896
0,46,47.0,10.0,1.0,1.0,28.0,1.0,1.0,1.0,0.9999829,1.0,-0.0,0.0,-1.7110746e-05,-0.0,0.29320717,1.6290745,0.6447595,3.9038815,0.6568343,3.844271,1.0,7.0956397,-8.441536,0.24074075,11.492796,0.0,0.0,0.0,0.0,0.0,0,10.358222,7.6549106,2.5382903,1.3623277,3.1114256,14.083748,0.0,0.0,10.683942,1.1172647
1,46,47.0,10.0,1.0,1.0,28.0,1.0,1.0,1.0,0.99998415,1.0,-0.0,0.0,-1.5875508e-05,-0.0,0.37847424,2.234527,0.3250382,2.2666476,0.6091615,1.908992,1.0,8.339506,-5.0702596,0.22222222,12.325172,0.0,0.0,0.0,0.0,0.0,0,11.229922,7.942579,3.0907183,1.9917209,1.932413,12.131689,0.0,0.0,8.705667,1.4836335
2,46,47.0,10.0,1.0,1.0,28.0,1.0,1.0,1.0,0.9999862,1.0,-0.0,0.0,-1.383419e-05,-0.0,0.45635477,2.1584435,0.45104656,2.9603033,0.5164971,2.8360624,1.0,7.139629,-1.6693939,0.21296297,12.02444,0.0,0.0,0.0,0.0,0.0,0,11.417417,8.352572,3.3358872,2.0188992,1.9913374,12.324204,0.0,0.0,7.381004,1.4088736
3,46,47.0,10.0,1.0,1.0,28.0,1.0,1.0,1.0,0.9999851,1.0,-0.0,0.0,-1.4891543e-05,-0.0,0.40865058,1.9640015,0.50305766,4.33706,0.59707606,1.1710128,1.0,6.647355,-4.151824,0.2175926,11.788734,0.0,0.0,0.0,0.0,0.0,0,9.925887,8.218263,2.2384622,1.1388109,2.856416,12.997268,0.0,0.0,8.884982,2.2731912
0,47,48.0,10.0,1.0,1.0,29.0,1.0,1.0,1.0,0.9999858,1.0,-0.0,0.0,-1.4157017e-05,-0.0,0.4008394,1.6084406,0.69155467,4.016752,0.6645773,4.078641,1.0,7.0910215,-8.416043,0.24074075,12.030827,0.0,0.0,0.0,0.0,0.0,0,10.117742,7.8606744,2.0499084,0.9804243,2.727968,14.092341,0.0,0.0,10.502941,0.75319993
1,47,48.0,10.0,1.0,1.0,29.0,1.0,1.0,1.0,0.9999882,1.0,-0.0,0.0,-1.1788476e-05,-0.0,0.4222043,2.179386,0.364133,1.8156887,0.58509123,1.9715208,1.0,8.543138,-5.6270566,0.2361111,12.827206,0.0,0.0,0.0,0.0,0.0,0,8.7596445,8.395066,2.3602538,1.1328572,2.203065,11.642597,0.0,0.0,9.182313,4.271065
2,47,48.0,10.0,1.0,1.0,29.0,1.0,1.0,1.0,0.9999902,1.0,-0.0,0.0,-9.771629e-06,-0.0,0.50482005,2.1382067,0.43708095,2.5337362,0.50742584,2.9353423,1.0,7.417963,-2.4072807,0.2175926,12.567164,0.0,0.0,0.0,0.0,0.0,0,10.957714,8.312668,3.3864336,2.2052653,1.7420628,12.372332,0.0,0.0,7.3987923,1.7540292
3,47,48.0,10.0,1.0,1.0,29.0,1.0,1.0,1.0,0.99998665,1.0,-0.0,0.0,-1.3339968e-05,-0.0,0.4461158,1.9150512,0.49686182,4.1501822,0.5977301,1.3642725,1.0,6.768338,-5.112908,0.22222222,12.323259,0.0,0.0,0.0,0.0,0.0,0,9.969616,8.722376,1.6909274,1.204207,1.3777783,13.062399,0.0,0.0,8.080699,1.6563945
0,48,49.0,10.0,1.0,1.0,30.0,1.0,1.0,1.0,0.9999875,1.0,-0.0,0.0,-1.2543602e-05,-0.0,0.3673088,1.4449241,0.7375801,4.895852,0.6307126,3.6943233,1.0,6.356872,-8.283127,0.2685185,12.445547,0.0,0.0,0.0,0.0,0.0,0,11.343557,8.045769,2.204859,2.2562244,2.946099,13.793025,0.0,0.0,10.193757,0.68962455
1,48,49.0,10.0,1.0,1.0,30.0,1.0,1.0,1.0,0.99998796,1.0,-0.0,0.0,-1.2054059e-05,-0.0,0.2694972,2.2812839,0.29164812,0.6180208,0.52316856,3.1518922,1.0,9.847141,-7.465562,0.25462964,13.494129,0.0,0.0,0.0,0.0,0.0,0,11.066166,8.272302,1.6537359,0.9830892,3.3225343,12.033997,0.0,0.0,9.518961,0.0
2,48,49.0,10.0,1.0,1.0,30.0,1.0,1.0,1.0,0.99999195,1.0,-0.0,0.0,-8.025019e-06,-0.0,0.37591457,2.216452,0.42466176,1.6734651,0.4826069,2.96717,1.0,7.9934273,-4.799733,0.25,13.197635,0.0,0.0,0.0,0.0,0.0,0,9.439807,8.62456,1.7920866,1.2851558,2.3299584,11.795465,0.0,0.0,7.64465,3.8382869
3,48,49.0,10.0,1.0,1.0,30.0,1.0,1.0,1.0,0.9999886,1.0,-0.0,0.0,-1.1370251e-05,-0.0,0.4375659,1.9491192,0.5203687,3.8890142,0.5832132,1.3335192,1.0,6.801292,-5.8473053,0.24074075,12.911399,0.0,0.0,0.0,0.0,0.0,0,10.422043,8.652904,1.6833187,1.1390705,2.872117,13.413828,0.0,0.0,9.305281,1.1482441
0,49,50.0,10.0,1.0,1.0,31.0,1.0,1.0,1.0,0.998859,1.0,-0.0,0.0,-1.3863692e-05,-0.0011271306,0.40415788,1.344088,0.7712857,5.0676274,0.6368858,4.021816,0.0,6.395281,-8.198877,0.2685185,12.750973,0.0,0.0,0.0,0.0,0.0,0,10.987428,7.7840943,2.115579,1.868066,2.8830462,14.573471,0.0,0.0,10.884815,0.53046095
1,49,50.0,10.0,1.0,1.0,31.0,1.0,1.0,1.0,0.9999844,1.0,-0.0,0.0,-1.5591684e-05,-0.0,0.1777146,1.9983802,0.31247854,0.80210173,0.4992625,3.7266026,1.0,9.90264,-7.3970666,0.27314815,13.833658,0.0,0.0,0.0,0.0,0.0,0,11.320119,8.129079,2.3603985,1.2970928,3.1781883,12.028774,0.0,0.0,9.39264,0.0
2,49,50.0,10.0,1.0,1.0,31.0,1.0,1.0,1.0,0.9999888,1.0,-0.0,0.0,-1.1191704e-05,-0.0,0.20081326,2.0222583,0.38669842,0.6391879,0.45153442,3.3074949,1.0,9.030221,-7.2094703,0.2638889,13.552242,0.0,0.0,0.0,0.0,0.0,0,11.109191,8.690432,1.2652013,0.8442983,3.5179763,12.207422,0.0,0.0,8.476352,0.0
3,49,50.0,10.0,1.0,1.0,31.0,1.0,1.0,1.0,0.9999845,1.0,-0.0,0.0,-1.5475629e-05,-0.0,0.26551187,1.8286453,0.4370133,3.1129084,0.5370275,1.0907271,1.0,7.683904,-7.6096635,0.2685185,13.325209,0.0,0.0,0.0,0.0,0.0,0,11.666675,8.600358,1.9234982,1.7562708,2.6029215,13.497576,0.0,0.0,8.918522,0.61081356
0,50,51.0,10.0,1.0,1.0,32.0,1.0,1.0,1.0,0.9999897,1.0,-0.0,0.0,-1.028375e-05,-0.0,0.4705224,1.4483942,0.7599947,4.7300944,0.6236593,4.0966434,1.0,6.6490955,-8.219611,0.2685185,13.234197,0.0,0.0,0.0,0.0,0.0,0,11.135637,7.975392,2.3487887,1.8750776,2.9606776,14.686196,0.0,0.0,11.058916,0.5017763
1,50,51.0,10.0,1.0,1.0,32.0,1.0,1.0,1.0,0.999989,1.0,-0.0,0.0,-1.10135925e-05,-0.0,0.20574294,2.021432,0.33095887,0.8722216,0.47506186,3.8613389,1.0,10.077589,-7.063376,0.2824074,14.22982,0.0,0.0,0.0,0.0,0.0,0,11.044029,8.266674,2.0888104,1.0259203,3.2398925,11.694654,0.0,0.0,9.796911,0.0
2,50,51.0,10.0,1.0,1.0,32.0,1.0,1.0,1.0,0.9999867,1.0,-0.0,0.0,-1.3276213e-05,-0.0,0.13028197,2.0247304,0.35429835,0.20558414,0.42560574,4.670632,1.0,9.565627,-6.889524,0.2824074,13.945919,0.0,0.0,0.0,0.0,0.0,0,11.522159,8.157138,2.3593657,1.7122822,3.0927076,11.807009,0.0,0.0,7.631447,0.0
3,50,51.0,10.0,1.0,1.0,32.0,1.0,1.0,1.0,0.99998826,1.0,-0.0,0.0,-1.1743961e-05,-0.0,0.31073874,1.8574765,0.43305376,2.6787972,0.5041907,1.0993043,1.0,8.019051,-7.2417502,0.27314815,13.729781,0.0,0.0,0.0,0.0,0.0,0,11.010445,8.493888,1.4296408,1.4257814,2.8355968,13.45372,0.0,0.0,9.353444,0.6441153
0,51,52.0,10.0,1.0,1.0,33.0,1.0,1.0,1.0,0.9929117,1.0,-0.0,0.0,-1.1271889e-05,-0.007077022,0.37349874,1.3852098,0.76542765,5.424621,0.6005285,4.2208834,0.0,6.1484156,-8.139854,0.2685185,13.390226,0.0,0.0,0.0,0.0,0.0,0,10.757459,7.8928833,3.2903876,1.6044612,3.040086,14.784352,0.0,0.0,11.401406,1.3348134
1,51,52.0,10.0,1.0,1.0,33.0,1.0,1.0,1.0,0.9999887,1.0,-0.0,0.0,-1.1347427e-05,-0.0,0.07592477,1.8427166,0.34003085,1.5343866,0.4432002,4.2955256,1.0,9.479132,-6.9322085,0.28703704,14.426145,0.0,0.0,0.0,0.0,0.0,0,10.519475,7.727238,3.1552787,0.97002465,3.459899,11.789228,0.0,0.0,10.1657,0.0
2,51,52.0,10.0,1.0,1.0,33.0,1.0,1.0,1.0,0.9935573,1.0,-0.0,0.0,-1.5140724e-05,-0.0064275777,0.03389325,1.7135022,0.40353125,1.4352859,0.39441642,5.3856544,0.0,8.953328,-6.7768564,0.33333334,14.251761,0.0,0.0,0.0,0.0,0.0,0,10.359668,7.448135,3.3062477,1.2869325,3.227733,11.457067,0.0,0.0,7.8225584,0.66283494
3,51,52.0,10.0,1.0,1.0,33.0,1.0,1.0,1.0,0.9999873,1.0,-0.0,0.0,-1.2715577e-05,-0.0,0.21870472,1.6949502,0.47921735,3.7072268,0.48539522,1.215614,1.0,7.3011637,-7.159911,0.27314815,13.903562,0.0,0.0,0.0,0.0,0.0,0,10.351558,7.894952,2.799711,1.289921,3.1593752,13.266433,0.0,0.0,9.868533,1.5745037
0,52,53.0,10.0,1.0,1.0,34.0,1.0,1.0,1.0,0.98842984,1.0,-0.0,0.0,-9.501869e-06,-0.0115606645,0.32835454,1.3610753,0.7516496,5.6936393,0.50513184,3.7270226,0.0,6.2104406,-8.147765,0.2685185,13.656887,0.0,0.0,0.0,0.0,0.0,0,10.836602,8.390986,2.6663294,1.5826173,2.7135599,15.114022,0.0,0.0,11.410808,1.8870559
1,52,53.0,10.0,1.0,1.0,34.0,1.0,1.0,1.0,0.99998885,1.0,-0.0,0.0,-1.1131538e-05,-0.0,0.040357374,1.7059183,0.36893997,2.4254603,0.389452,4.2258883,1.0,9.07032,-6.952718,0.28703704,14.694918,0.0,0.0,0.0,0.0,0.0,0,10.789423,8.314816,2.2745686,0.7614687,3.327975,11.907379,0.0,0.0,10.90645,0.0
2,52,53.0,10.0,1.0,1.0,34.0,1.0,1.0,1.0,0.9960832,1.0,-0.0,0.0,-2.3095716e-05,-0.003893713,0.056829304,1.6830697,0.3754507,2.4128416,0.35453334,5.2336226,0.0,8.410668,-6.727468,0.33796296,14.433725,0.0,0.0,0.0,0.0,0.0,0,11.085891,8.137954,3.1815505,1.2050098,3.3320897,11.207443,0.0,0.0,7.9418464,3.0213687
3,52,53.0,10.0,1.0,1.0,34.0,1.0,1.0,1.0,0.99998957,1.0,-0.0,0.0,-1.0409435e-05,-0.0,0.1933448,1.550732,0.525441,4.375697,0.40639234,1.267312,1.0,7.0325756,-7.1596913,0.27314815,14.192639,0.0,0.0,0.0,0.0,0.0,0,9.550088,7.852381,2.2034361,0.7866225,2.9491231,12.507635,0.0,0.0,10.212588,2.2020338
0,53,54.0,10.0,1.0,1.0,35.0,1.0,1.0,1.0,0.986016,1.0,-0.0,0.0,-1.5142978e-05,-0.013968861,0.32617265,1.4632471,0.7169114,5.8381314,0.42325658,3.5699658,0.0,6.069052,-8.164883,0.2685185,13.915831,0.0,0.0,0.0,0.0,0.0,0,11.22856,8.503341,2.333165,1.5207579,3.153941,15.686387,0.0,0.0,11.168564,2.8821073
1,53,54.0,10.0,1.0,1.0,35.0,1.0,1.0,1.0,0.9999841,1.0,-0.0,0.0,-1.593251e-05,-0.0,0.07850714,1.8674951,0.30937722,2.8755322,0.33617708,3.9706872,1.0,8.883629,-6.7418013,0.29166666,14.97217,0.0,0.0,0.0,0.0,0.0,0,10.26277,8.191246,2.1262848,0.63507366,3.5982726,11.733914,0.0,0.0,10.969636,0.0
2,53,54.0,10.0,1.0,1.0,35.0,1.0,1.0,1.0,0.9999736,1.0,-0.0,0.0,-2.6389094e-05,-0.0,0.019847788,1.8354329,0.29648128,2.7156537,0.28921315,4.9153233,1.0,8.241215,-6.5255427,0.33796296,14.70599,0.0,0.0,0.0,0.0,0.0,0,12.172046,8.393751,2.620944,1.3274132,3.7418766,11.896808,0.0,0.0,9.186819,1.8202467
3,53,54.0,10.0,1.0,1.0,35.0,1.0,1.0,1.0,0.99998367,1.0,-0.0,0.0,-1.6312542e-05,-0.0,0.2394408,1.6826637,0.49375105,4.584348,0.3752934,1.5246638,1.0,6.901971,-7.048376,0.2777778,14.419465,0.0,0.0,0.0,0.0,0.0,0,10.772152,8.380589,2.4280126,1.0779139,3.917276,13.566774,0.0,0.0,11.114366,2.5558214
0,54,55.0,10.0,1.0,1.0,36.0,1.0,1.0,1.0,0.9852855,1.0,-0.0,0.0,-2.399949e-05,-0.0146904485,0.3882054,1.676126,0.7077039,5.8814263,0.39210367,3.8767157,0.0,6.0787673,-8.286351,0.2685185,14.173792,0.0,0.0,0.0,0.0,0.0,0,10.901507,7.944431,2.3977067,1.4661543,3.5702722,14.0234,0.0,0.0,11.668926,4.0975604
1,54,55.0,10.0,1.0,1.0,36.0,1.0,1.0,1.0,0.9999738,1.0,-0.0,0.0,-2.6245576e-05,-0.0,0.14727283,2.1001225,0.2701479,3.3188355,0.28592974,3.680737,1.0,8.866806,-6.7111273,0.29166666,15.208471,0.0,0.0,0.0,0.0,0.0,0,10.513391,8.240825,1.8969479,0.6708639,3.9696012,11.320493,0.0,0.0,11.424819,1.2846174
2,54,55.0,10.0,1.0,1.0,36.0,1.0,1.0,1.0,0.9999699,1.0,-0.0,0.0,-3.0104698e-05,-0.0,0.040987693,2.0628147,0.23542842,3.0259454,0.25716427,4.7640686,1.0,8.351318,-6.494224,0.33796296,14.924306,0.0,0.0,0.0,0.0,0.0,0,11.901425,8.682665,2.5227602,1.3011369,4.0412593,12.142938,0.0,0.0,9.562839,3.2318733
3,54,55.0,10.0,1.0,1.0,36.0,1.0,1.0,1.0,0.99997765,1.0,-0.0,0.0,-2.2325296e-05,-0.0,0.30290747,1.7957678,0.4955651,4.7814565,0.32577482,1.718235,1.0,6.9384785,-6.9211965,0.2777778,14.711139,0.0,0.0,0.0,0.0,0.0,0,10.412788,8.578238,2.3749692,0.7468779,3.5270026,13.019996,0.0,0.0,12.212755,4.111093
0,55,56.0,10.0,1.0,1.0,37.0,1.0,1.0,1.0,0.98239577,1.0,-0.0,0.0,-2.2922663e-05,-0.017581277,0.4241612,1.9246333,0.6753436,6.0548763,0.3749983,4.1641183,0.0,6.092747,-8.36777,0.2685185,14.378553,0.0,0.0,0.0,0.0,0.0,0,11.266024,8.648796,2.3780148,1.2444596,3.652346,13.606351,0.0,0.0,11.443389,5.2142134
1,55,56.0,10.0,1.0,1.0,37.0,1.0,1.0,1.0,0.99997544,1.0,-0.0,0.0,-2.4573668e-05,-0.0,0.20008795,2.3164124,0.25701085,3.6370916,0.26068643,3.6193995,1.0,8.998987,-6.5493603,0.29166666,15.412262,0.0,0.0,0.0,0.0,0.0,0,10.537171,8.402722,1.7151129,0.73557454,3.864431,11.159226,0.0,0.0,11.725797,2.1750393
2,55,56.0,10.0,1.0,1.0,37.0,1.0,1.0,1.0,0.99997115,1.0,-0.0,0.0,-2.882192e-05,-0.0,0.100171566,2.29827,0.19563022,3.3962398,0.22880915,4.590151,1.0,8.515968,-6.3522515,0.33796296,15.134626,0.0,0.0,0.0,0.0,0.0,0,12.165077,8.673487,2.0912569,1.2254832,4.4426827,11.751195,0.0,0.0,10.052538,2.528558
3,55,56.0,10.0,1.0,1.0,37.0,1.0,1.0,1.0,0.9975576,1.0,-0.0,0.0,-2.224245e-05,-0.0024201707,0.3571123,1.8806434,0.5357741,5.14521,0.30651304,2.1343246,0.0,6.791278,-6.7849216,0.2777778,14.949936,0.0,0.0,0.0,0.0,0.0,0,8.767892,7.472932,1.9903764,0.6012946,3.0568705,11.275293,0.0,0.0,11.316109,4.773615
0,56,57.0,10.0,1.0,1.0,38.0,1.0,1.0,1.0,0.9807599,1.0,-0.0,0.0,-1.8916266e-05,-0.01922117,0.44355726,2.163955,0.65583694,6.15327,0.3692848,4.454603,0.0,6.1714263,-8.5815115,0.2685185,14.6046505,0.0,0.0,0.0,0.0,0.0,0,11.236463,8.194846,2.6012917,1.3372769,3.7528827,13.841892,0.0,0.0,11.3205595,6.0558414
1,56,57.0,10.0,1.0,1.0,38.0,1.0,1.0,1.0,0.9999796,1.0,-0.0,0.0,-2.0404721e-05,-0.0,0.2341181,2.5301933,0.26307142,3.8908255,0.25898638,3.8916302,1.0,9.140714,-6.478561,0.29166666,15.628381,0.0,0.0,0.0,0.0,0.0,0,10.219589,7.927771,2.2936556,0.58929116,3.5577843,10.48862,0.0,0.0,9.219179,1.8118466
2,56,57.0,10.0,1.0,1.0,38.0,1.0,1.0,1.0,0.9999756,1.0,-0.0,0.0,-2.4377956e-05,-0.0,0.14918633,2.5216863,0.19385529,3.6943233,0.22505464,4.4747677,1.0,8.658459,-6.245369,0.33796296,15.335674,0.0,0.0,0.0,0.0,0.0,0,12.066629,8.292412,2.457522,1.4919995,4.3358407,11.5870285,0.0,0.0,10.210756,3.0395732
3,56,57.0,10.0,1.0,1.0,38.0,1.0,1.0,1.0,0.99517906,1.0,-0.0,0.0,-1.6898382e-05,-0.0048040207,0.38910246,1.9950923,0.5563081,5.288241,0.30305037,2.4079704,0.0,6.744099,-6.8192983,0.2777778,15.220304,0.0,0.0,0.0,0.0,0.0,0,11.386718,8.448469,2.2535784,0.71031004,3.7611663,14.514415,0.0,0.0,12.937499,6.0978928
0,57,58.0,10.0,1.0,1.0,39.0,1.0,1.0,1.0,0.9797571,1.0,-0.0,0.0,-1.4963944e-05,-0.020227939,0.48302934,2.4077854,0.6481319,6.213676,0.3665563,4.6860275,0.0,6.209083,-8.501129,0.2685185,14.827369,0.0,0.0,0.0,0.0,0.0,0,11.345973,8.0861635,2.7229831,1.2371043,4.082732,14.185496,0.0,0.0,11.303028,6.3940234
1,57,58.0,10.0,1.0,1.0,39.0,1.0,1.0,1.0,0.9999822,1.0,-0.0,0.0,-1.7818298e-05,-0.0,0.27402824,2.7744265,0.25283158,4.1288123,0.2643679,4.3921266,1.0,9.442274,-6.476972,0.29166666,15.863037,0.0,0.0,0.0,0.0,0.0,0,11.074911,8.1978035,1.8493185,0.78253406,4.1628137,10.852695,0.0,0.0,11.921054,2.788049
2,57,58.0,10.0,1.0,1.0,39.0,1.0,1.0,1.0,0.99998134,1.0,-0.0,0.0,-1.865329e-05,-0.0,0.19387789,2.7424824,0.20761713,4.0740323,0.23783475,4.3462563,1.0,8.674618,-6.1992035,0.33796296,15.552312,0.0,0.0,0.0,0.0,0.0,0,12.196874,8.330958,2.0568388,1.415719,3.92505,11.900294,0.0,0.0,9.777758,2.8142786
3,57,58.0,10.0,1.0,1.0,39.0,1.0,1.0,1.0,0.99567765,1.0,-0.0,0.0,-1.5760203e-05,-0.0043066335,0.39373899,2.1593544,0.5637976,5.2583976,0.28841692,2.4115434,0.0,6.8194933,-6.830451,0.2777778,15.475313,0.0,0.0,0.0,0.0,0.0,0,11.838301,8.563569,2.327629,0.74285126,4.1705036,14.515284,0.0,0.0,13.272395,6.624423
0,58,59.0,10.0,1.0,1.0,40.0,1.0,1.0,1.0,0.9798467,1.0,-0.0,0.0,-1.565648e-05,-0.02013759,0.49001873,2.6875618,0.6099221,6.208255,0.35904998,4.799271,0.0,6.430077,-8.592495,0.2685185,15.016969,0.0,0.0,0.0,0.0,0.0,0,11.360629,8.546625,3.016634,1.2279563,3.4981055,14.630118,0.0,0.0,11.516029,6.705058
1,58,59.0,10.0,1.0,1.0,40.0,1.0,1.0,1.0,0.9999848,1.0,-0.0,0.0,-1.5222683e-05,-0.0,0.33194423,2.9314637,0.2733073,4.2269993,0.2831897,4.1206512,1.0,9.356118,-6.35767,0.29166666,16.094488,0.0,0.0,0.0,0.0,0.0,0,10.504429,7.9422145,2.302026,0.6892901,3.8502138,11.561715,0.0,0.0,11.774795,6.4079957
2,58,59.0,10.0,1.0,1.0,40.0,1.0,1.0,1.0,0.99998426,1.0,-0.0,0.0,-1.5738016e-05,-0.0,0.23564547,2.976061,0.22647661,4.3171587,0.2575401,4.238836,1.0,8.870483,-6.2633753,0.33796296,15.724208,0.0,0.0,0.0,0.0,0.0,0,12.59745,7.9205403,2.8939104,1.2506856,4.081206,12.440087,0.0,0.0,9.686462,4.878912
3,58,59.0,10.0,1.0,1.0,40.0,1.0,1.0,1.0,0.9923879,1.0,-0.0,0.0,-1.935263e-05,-0.007592758,0.36985055,2.4029567,0.5602957,5.455565,0.27688372,2.3782058,0.0,6.894948,-7.0291758,0.2777778,15.69323,0.0,0.0,0.0,0.0,0.0,0,10.307659,8.013325,2.3849316,0.5813322,3.3160372,13.65235,0.0,0.0,12.8272,6.590866
0,59,60.0,10.0,1.0,1.0,41.0,1.0,1.0,1.0,0.9842905,1.0,-0.0,0.0,-1.4600455e-05,-0.015694914,0.5016584,2.925766,0.5787658,5.9416943,0.34374842,4.7520576,0.0,6.777373,-8.575465,0.27314815,15.192292,0.0,0.0,0.0,0.0,0.0,0,12.169192,8.167778,3.23574,1.0468585,3.432016,14.768151,0.0,0.0,12.00312,7.146397
1,59,60.0,10.0,1.0,1.0,41.0,1.0,1.0,1.0,0.9999872,1.0,-0.0,0.0,-1.2839832e-05,-0.0,0.3593955,3.0419064,0.28156006,4.3814187,0.30383596,3.8185267,1.0,9.27254,-6.4015446,0.29166666,16.337673,0.0,0.0,0.0,0.0,0.0,0,10.673045,7.677487,2.5886457,0.5633466,3.3760574,11.880456,0.0,0.0,11.49763,6.4236155
2,59,60.0,10.0,1.0,1.0,41.0,1.0,1.0,1.0,0.9999843,1.0,-0.0,0.0,-1.5700158e-05,-0.0,0.29725468,3.1394377,0.24160378,4.512053,0.26287833,3.9232843,1.0,8.911649,-6.240057,0.33796296,15.935106,0.0,0.0,0.0,0.0,0.0,0,10.801632,7.749591,2.9960098,1.0045242,4.2479258,12.102698,0.0,0.0,10.032457,4.237399
3,59,60.0,10.0,1.0,1.0,41.0,1.0,1.0,1.0,0.996264,1.0,-0.0,0.0,-1.4531673e-05,-0.0037214996,0.3834877,2.5785127,0.5713004,5.2232895,0.26832557,2.3975458,0.0,7.125574,-7.098751,0.2777778,15.916547,0.0,0.0,0.0,0.0,0.0,0,10.337063,8.034264,2.4558346,0.5398976,3.0346413,13.788939,0.0,0.0,12.761253,7.1070566
0,60,61.0,10.0,1.0,1.0,42.0,1.0,1.0,1.0,0.988518,1.0,-0.0,0.0,-1.5375464e-05,-0.011466643,0.51828027,3.1582427,0.5513333,5.6879983,0.3322519,4.8457017,0.0,7.103073,-8.560814,0.27314815,15.328916,0.0,0.0,0.0,0.0,0.0,0,12.103925,7.756003,3.3067958,1.1397727,3.922717,14.278007,0.0,0.19177622,10.216129,7.918831
1,60,61.0,10.0,1.0,1.0,42.0,1.0,1.0,1.0,0.9999874,1.0,-0.0,0.0,-1.2549988e-05,-0.0,0.38428754,3.179196,0.29024252,4.4458065,0.3214349,3.7416966,1.0,9.373915,-6.369447,0.29166666,16.54153,0.0,0.0,0.0,0.0,0.0,0,10.421265,7.506329,2.4093518,0.4300193,3.619421,11.85198,0.0,0.0,11.331913,7.311924
2,60,61.0,10.0,1.0,1.0,42.0,1.0,1.0,1.0,0.99998724,1.0,-0.0,0.0,-1.2755217e-05,-0.0,0.3397364,3.210153,0.23818153,4.515869,0.2785159,3.728073,1.0,8.844978,-6.07997,0.33796296,16.200554,0.0,0.0,0.0,0.0,0.0,0,11.196407,8.506754,2.3865585,0.63923186,4.1301737,12.179289,0.0,0.0,10.036824,5.9645276
3,60,61.0,10.0,1.0,1.0,42.0,1.0,1.0,1.0,0.9999863,1.0,-0.0,0.0,-1.37216575e-05,-0.0,0.41133538,2.7701864,0.54812026,4.976269,0.2576583,2.433193,1.0,7.4305434,-7.083241,0.2777778,16.087704,0.0,0.0,0.0,0.0,0.0,0,10.273554,7.9366198,2.4024148,0.48978022,3.6475236,13.599315,0.0,0.0,12.457759,7.9033356
0,61,62.0,10.0,1.0,1.0,43.0,1.0,1.0,1.0,0.9901035,1.0,-0.0,0.0,-1.473372e-05,-0.009881796,0.53326786,3.3616846,0.5111251,5.5929074,0.32109126,4.9033623,0.0,7.3425384,-8.549392,0.27314815,15.458155,0.0,0.0,0.0,0.0,0.0,0,12.66266,9.328388,2.909244,0.88846415,4.0100775,14.230394,0.0,0.18773061,9.863273,8.828628
1,61,62.0,10.0,1.0,1.0,43.0,1.0,1.0,1.0,0.9999876,1.0,-0.0,0.0,-1.23978825e-05,-0.0,0.37474856,3.238147,0.30660284,4.572036,0.33201945,3.6202648,1.0,9.22294,-6.30448,0.29166666,16.81857,0.0,0.0,0.0,0.0,0.0,0,10.928777,7.6002316,3.318374,0.48295245,3.2928388,12.0764885,0.0,0.0,11.054758,7.6665196
2,61,62.0,10.0,1.0,1.0,43.0,1.0,1.0,1.0,0.9999871,1.0,-0.0,0.0,-1.2858847e-05,-0.0,0.36418885,3.2656531,0.23858163,4.3898087,0.2978429,3.5946589,1.0,8.827126,-5.9068894,0.33796296,16.45709,0.0,0.0,0.0,0.0,0.0,0,10.224924,7.3810015,2.757417,0.5358204,3.3578398,12.377339,0.0,0.0,9.698756,7.2900014
3,61,62.0,10.0,1.0,1.0,43.0,1.0,1.0,1.0,0.9999855,1.0,-0.0,0.0,-1.4477695e-05,-0.0,0.42543,2.95805,0.5325495,4.8772664,0.24393108,2.4654703,1.0,7.680533,-7.1184096,0.2777778,16.233988,0.0,0.0,0.0,0.0,0.0,0,10.747673,7.9954066,2.4993045,0.55276346,3.654113,13.696916,0.0,0.0,11.624102,8.991061
0,62,63.0,10.0,1.0,1.0,44.0,1.0,1.0,1.0,0.99588495,1.0,-0.0,0.0,-1.4653293e-05,-0.0041004117,0.55963135,3.532305,0.46071154,5.246024,0.31034738,4.906076,0.0,7.8380437,-8.5988455,0.27314815,15.56041,0.0,0.0,0.0,0.0,0.0,0,12.435804,8.885568,3.554453,1.0997732,4.044809,14.306595,0.0,0.1143313,9.568842,9.975211
1,62,63.0,10.0,1.0,1.0,44.0,1.0,1.0,1.0,0.9999877,1.0,-0.0,0.0,-1.2252539e-05,-0.0,0.38686097,3.3548243,0.29096287,4.5085816,0.33765304,3.600099,1.0,9.738193,-6.537797,0.29166666,16.983963,0.0,0.0,0.0,0.0,0.0,0,11.177033,7.9920287,2.1541524,0.43211755,3.6942365,12.293331,0.0,0.0,10.372636,9.494675
2,62,63.0,10.0,1.0,1.0,44.0,1.0,1.0,1.0,0.9999871,1.0,-0.0,0.0,-1.2888396e-05,-0.0,0.3391642,3.346838,0.21957651,4.274515,0.30999708,3.5785077,1.0,9.186326,-6.4053593,0.33796296,16.732653,0.0,0.0,0.0,0.0,0.0,0,10.520974,7.5760612,2.640612,0.6332991,3.374093,12.51829,0.0,0.0,9.68127,8.212372
3,62,63.0,10.0,1.0,1.0,44.0,1.0,1.0,1.0,0.99998486,1.0,-0.0,0.0,-1.512976e-05,-0.0,0.4797481,3.1166496,0.5071485,4.4120445,0.23574337,2.562611,1.0,8.182756,-7.2180424,0.2777778,16.344618,0.0,0.0,0.0,0.0,0.0,0,10.540031,8.030892,2.2916026,0.4587092,3.6479843,14.310038,0.0,0.0,11.313926,10.089139
0,63,64.0,10.0,1.0,1.0,45.0,1.0,1.0,1.0,0.9999849,1.0,-0.0,0.0,-1.5052043e-05,-0.0,0.6302618,3.708719,0.39703846,4.46829,0.29210997,4.619733,1.0,8.8065605,-8.730615,0.27314815,15.615516,0.0,0.0,0.0,0.0,0.0,0,12.045988,8.894133,3.366695,0.9999631,3.297752,14.538117,0.0,0.0,9.972997,11.11021
1,63,64.0,10.0,1.0,1.0,45.0,1.0,1.0,1.0,0.9999849,1.0,-0.0,0.0,-1.5089894e-05,-0.0,0.4409969,3.5576322,0.26518998,4.36477,0.34560224,3.5868108,1.0,10.557506,-6.8002176,0.29166666,17.074612,0.0,0.0,0.0,0.0,0.0,0,11.461106,8.426836,2.3238363,0.50159895,3.54717,12.144343,0.0,0.0,9.644095,10.557508
2,63,64.0,10.0,1.0,1.0,45.0,1.0,1.0,1.0,0.9999895,1.0,-0.0,0.0,-1.0486527e-05,-0.0,0.39093494,3.552841,0.18239802,4.159039,0.3205922,3.587029,1.0,10.168947,-6.823273,0.33796296,16.913282,0.0,0.0,0.0,0.0,0.0,0,11.012214,7.8714337,2.2283351,0.6810395,3.3936949,12.822779,0.0,0.0,9.871198,9.35572
3,63,64.0,10.0,1.0,1.0,45.0,1.0,1.0,1.0,0.9999846,1.0,-0.0,0.0,-1.534918e-05,-0.0,0.546309,3.3584814,0.47513968,3.8361175,0.22588228,2.508276,1.0,8.955807,-7.4553194,0.2777778,16.465147,0.0,0.0,0.0,0.0,0.0,0,11.054312,8.284014,2.7416196,0.5729496,3.3724844,14.704571,0.0,0.0,10.538022,11.252182
0,64,65.0,10.0,1.0,1.0,46.0,1.0,1.0,1.0,0.99839073,1.0,-0.0,0.0,-1.4761257e-05,-0.0015944792,0.54591036,3.7587214,0.42145067,5.0956683,0.29191527,4.3539953,0.0,8.358745,-8.648562,0.27314815,15.72358,0.0,0.0,0.0,0.0,0.0,0,12.62607,8.696082,3.9882846,1.4841869,3.949936,14.570557,0.0,0.0,8.892955,11.915056
1,64,65.0,10.0,1.0,1.0,46.0,1.0,1.0,1.0,0.9999791,1.0,-0.0,0.0,-2.0930536e-05,-0.0,0.3700979,3.5705512,0.3239149,4.7136793,0.3615851,3.495737,1.0,9.796752,-6.647762,0.29166666,17.21699,0.0,0.0,0.0,0.0,0.0,0,11.121766,8.528209,2.3305438,0.65873855,3.9484422,12.043434,0.0,0.0,9.255458,10.823363
2,64,65.0,10.0,1.0,1.0,46.0,1.0,1.0,1.0,0.99998623,1.0,-0.0,0.0,-1.3790534e-05,-0.0,0.32252485,3.5293388,0.23546939,4.359925,0.34067583,3.5073621,1.0,9.410726,-6.5760856,0.33796296,17.080606,0.0,0.0,0.0,0.0,0.0,0,12.285685,8.363489,3.4472294,1.0442305,3.9366481,13.683525,0.0,0.0,9.987565,10.907647
3,64,65.0,10.0,1.0,1.0,46.0,1.0,1.0,1.0,0.99998134,1.0,-0.0,0.0,-1.8664843e-05,-0.0,0.48117116,3.368522,0.5267545,4.665097,0.22473177,2.5120182,1.0,8.243239,-7.408828,0.2777778,16.607914,0.0,0.0,0.0,0.0,0.0,0,10.679877,8.41385,3.6345751,0.6548243,3.8376,14.57794,0.0,0.0,10.163417,12.193053
0,65,66.0,10.0,1.0,1.0,47.0,1.0,1.0,1.0,0.99998647,1.0,-0.0,0.0,-1.3506588e-05,-0.0,0.6474417,3.8365033,0.37121513,4.332184,0.28980842,4.115709,1.0,9.245223,-8.741909,0.27314815,15.745224,0.0,0.0,0.0,0.0,0.0,0,11.806797,9.328588,3.4871838,0.8682174,3.6011035,13.639948,0.0,0.0,8.2832155,12.627355
1,65,66.0,10.0,1.0,1.0,47.0,1.0,1.0,1.0,0.99998784,1.0,-0.0,0.0,-1.2180924e-05,-0.0,0.433192,3.6874156,0.30536488,4.468115,0.3670296,3.401537,1.0,10.459706,-6.993331,0.29166666,17.392525,0.0,0.0,0.0,0.0,0.0,0,10.854709,8.76175,2.1125813,0.39836532,3.7769039,11.941608,0.0,0.0,8.591061,11.353348
2,65,66.0,10.0,1.0,1.0,47.0,1.0,1.0,1.0,0.99998444,1.0,-0.0,0.0,-1.5570107e-05,-0.0,0.396828,3.6869693,0.21511763,4.16487,0.35515043,3.375432,1.0,10.286483,-6.9735403,0.33796296,17.229431,0.0,0.0,0.0,0.0,0.0,0,10.383679,8.497577,2.6209142,0.5568338,3.4892693,12.174006,0.0,0.0,9.275784,10.946945
3,65,66.0,10.0,1.0,1.0,47.0,1.0,1.0,1.0,0.99998885,1.0,-0.0,0.0,-1.1120435e-05,-0.0,0.55733436,3.511539,0.50245833,3.9697015,0.22397326,2.471495,1.0,9.047871,-7.90349,0.2777778,16.748932,0.0,0.0,0.0,0.0,0.0,0,10.539468,8.845489,2.920555,0.52142006,3.602927,14.241931,0.0,0.0,9.759325,12.803049
0,66,67.0,10.0,1.0,1.0,48.0,1.0,1.0,1.0,0.9999875,1.0,-0.0,0.0,-1.2541453e-05,-0.0,0.5581014,3.819916,0.3921128,4.320966,0.2814781,3.7421153,1.0,9.232567,-8.878966,0.27314815,16.106846,0.0,0.0,0.0,0.0,0.0,0,11.522804,9.572273,4.233572,1.007781,3.942793,13.941464,0.0,0.0,8.005413,13.559445
1,66,67.0,10.0,1.0,1.0,48.0,1.0,1.0,1.0,0.9999862,1.0,-0.0,0.0,-1.3831783e-05,-0.0,0.3911823,3.610225,0.32696542,4.421262,0.37570474,3.432464,1.0,10.258754,-7.1649904,0.29166666,17.728912,0.0,0.0,0.0,0.0,0.0,0,10.713005,9.111395,1.9779205,0.41319177,3.936681,11.506248,0.0,0.0,7.9545403,11.929471
2,66,67.0,10.0,1.0,1.0,48.0,1.0,1.0,1.0,0.9999852,1.0,-0.0,0.0,-1.4755914e-05,-0.0,0.37583077,3.6733315,0.23348813,4.126726,0.3755799,3.3322527,1.0,10.211011,-7.1595592,0.33796296,17.592325,0.0,0.0,0.0,0.0,0.0,0,10.135364,8.241623,2.97116,0.58300775,3.907407,12.153327,0.0,0.0,8.730963,11.642408
3,66,67.0,10.0,1.0,1.0,48.0,1.0,1.0,1.0,0.9999866,1.0,-0.0,0.0,-1.3400754e-05,-0.0,0.5070645,3.4928412,0.5185016,3.8847847,0.22220397,2.3593707,1.0,9.107742,-8.246294,0.2777778,17.05838,0.0,0.0,0.0,0.0,0.0,0,10.287099,8.921365,3.1359355,0.60925496,3.8811042,14.230963,0.0,0.0,9.275501,13.540125
0,67,68.0,10.0,1.0,1.0,49.0,1.0,1.0,1.0,0.9999847,1.0,-0.0,0.0,-1.5301985e-05,-0.0,0.6208993,3.7929747,0.4336348,4.1701293,0.286504,3.7025778,1.0,9.38833,-8.898852,0.27314815,16.172722,0.0,0.0,0.0,0.0,0.0,0,11.487349,9.292937,4.0120926,0.98853785,3.9688756,13.613215,0.0,0.0,7.4212723,13.744875
1,67,68.0,10.0,1.0,1.0,49.0,1.0,1.0,1.0,0.9999889,1.0,-0.0,0.0,-1.111024e-05,-0.0,0.42157805,3.616662,0.3454331,4.2831144,0.37862077,3.4474828,1.0,10.338259,-7.1968327,0.29166666,17.778696,0.0,0.0,0.0,0.0,0.0,0,11.072217,9.01859,1.8750564,0.5775827,3.972036,11.5313635,0.0,0.0,7.3836045,11.357335
2,67,68.0,10.0,1.0,1.0,49.0,1.0,1.0,1.0,0.9999852,1.0,-0.0,0.0,-1.4759066e-05,-0.0,0.41649377,3.702834,0.25180393,4.0659533,0.3867658,3.1859808,1.0,10.314444,-7.1929507,0.33796296,17.671635,0.0,0.0,0.0,0.0,0.0,0,10.07378,8.158651,3.1020555,0.61594003,3.815322,12.102687,0.0,0.0,8.175085,12.025584
3,67,68.0,10.0,1.0,1.0,49.0,1.0,1.0,1.0,0.999986,1.0,-0.0,0.0,-1.4034573e-05,-0.0,0.55552423,3.5051928,0.54576856,3.8572822,0.22195148,2.4683259,1.0,9.181833,-8.280178,0.2777778,17.138172,0.0,0.0,0.0,0.0,0.0,0,10.415417,8.704412,3.3601432,0.752755,3.9705155,14.170602,0.0,0.0,8.879366,13.918592
0,68,69.0,10.0,1.0,1.0,50.0,1.0,1.0,1.0,0.9999895,1.0,-0.0,0.0,-1.0469322e-05,-0.0,0.5933795,3.9099593,0.37706953,3.5196161,0.2776453,3.2419987,1.0,10.409833,-8.9677515,0.27314815,16.663877,0.0,0.0,0.0,0.0,0.0,0,11.379531,9.6482,3.3271677,1.1006182,3.6297133,13.667045,0.0,0.0,7.2522078,14.541359
1,68,69.0,10.0,1.0,1.0,50.0,1.0,1.0,1.0,0.9999896,1.0,-0.0,0.0,-1.0378487e-05,-0.0,0.44685268,3.6158893,0.3269624,4.0493617,0.37079638,3.5309408,1.0,10.702264,-7.2602434,0.29166666,18.344488,0.0,0.0,0.0,0.0,0.0,0,10.599303,9.073148,1.6460009,0.4422646,2.5801115,11.235776,0.0,0.0,7.0398803,11.18096
2,68,69.0,10.0,1.0,1.0,50.0,1.0,1.0,1.0,0.9999896,1.0,-0.0,0.0,-1.03655275e-05,-0.0,0.41251296,3.7671912,0.22960599,3.976007,0.39366013,3.1538785,1.0,10.960254,-7.7519007,0.33796296,18.296383,0.0,0.0,0.0,0.0,0.0,0,10.1227865,8.59656,2.4786139,0.83013546,2.5563562,11.945748,0.0,0.0,7.60301,12.51293
3,68,69.0,10.0,1.0,1.0,50.0,1.0,1.0,1.0,0.9999887,1.0,-0.0,0.0,-1.13024535e-05,-0.0,0.5277935,3.6371126,0.5060786,3.3626528,0.22158694,2.4296517,1.0,10.0570755,-8.56149,0.2777778,17.72214,0.0,0.0,0.0,0.0,0.0,0,10.326445,9.022658,2.3158653,0.86054265,3.4188645,13.852913,0.0,0.0,8.371635,14.498782
0,69,70.0,10.0,1.0,1.0,51.0,1.0,1.0,1.0,0.99998397,1.0,-0.0,0.0,-1.6048729e-05,-0.0,0.58726037,3.666012,0.46793106,3.9950595,0.28861785,3.2540486,1.0,9.566963,-8.858665,0.27314815,16.849379,0.0,0.0,0.0,0.0,0.0,0,12.126257,8.83776,3.2300231,1.1461048,4.142358,12.927502,0.0,0.0,6.446789,14.461769
1,69,70.0,10.0,1.0,1.0,51.0,1.0,1.0,1.0,0.9999908,1.0,-0.0,0.0,-9.15048e-06,-0.0,0.360056,3.425689,0.37684387,3.9927073,0.37324286,3.6364458,1.0,10.259616,-7.787247,0.29166666,18.494406,0.0,0.0,0.0,0.0,0.0,0,10.628876,8.980048,1.7311682,0.9126504,3.4258013,10.604161,0.0,0.0,6.6663127,11.323003
2,69,70.0,10.0,1.0,1.0,51.0,1.0,1.0,1.0,0.99999213,1.0,-0.0,0.0,-7.882279e-06,-0.0,0.3647197,3.5687995,0.29577264,3.842438,0.40816,3.2315996,1.0,10.517244,-7.811775,0.33796296,18.459337,0.0,0.0,0.0,0.0,0.0,0,9.470923,8.417286,3.0371716,0.995093,3.4913995,11.495835,0.0,0.0,7.3378277,12.964774
3,69,70.0,10.0,1.0,1.0,51.0,1.0,1.0,1.0,0.9999891,1.0,-0.0,0.0,-1.0919986e-05,-0.0,0.49624705,3.4153168,0.5857443,3.9218872,0.22193587,2.4897962,1.0,9.28764,-8.48513,0.2777778,17.86679,0.0,0.0,0.0,0.0,0.0,0,10.795441,8.607353,3.54769,0.82421285,3.8875327,13.499454,0.0,0.0,8.140795,14.644354
0,70,71.0,10.0,1.0,1.0,52.0,1.0,1.0,1.0,0.9999887,1.0,-0.0,0.0,-1.133447e-05,-0.0,0.6124899,3.6296737,0.4234781,3.3296678,0.27958003,2.7043889,1.0,10.389893,-8.74247,0.27314815,17.109638,0.0,0.0,0.0,0.0,0.0,0,12.264081,9.684901,2.9908075,1.1774802,3.3030376,13.428122,0.0,0.0,7.1604443,14.418544
1,70,71.0,10.0,1.0,1.0,52.0,1.0,1.0,1.0,0.999991,1.0,-0.0,0.0,-9.019452e-06,-0.0,0.41438043,3.3758688,0.3309719,3.6137722,0.37355202,3.7171378,1.0,10.94404,-7.7664666,0.29166666,18.798279,0.0,0.0,0.0,0.0,0.0,0,11.225754,9.441678,1.3231664,0.48162496,2.1727126,10.467581,0.0,0.0,6.645657,11.317067
2,70,71.0,10.0,1.0,1.0,52.0,1.0,1.0,1.0,0.99999,1.0,-0.0,0.0,-9.991256e-06,-0.0,0.4426446,3.5243146,0.26910663,3.556565,0.41636643,3.3067849,1.0,10.970255,-7.250023,0.33796296,18.766521,0.0,0.0,0.0,0.0,0.0,0,9.765157,8.925964,2.6303298,0.6924001,2.046696,11.287139,0.0,0.0,7.3050227,12.994737
3,70,71.0,10.0,1.0,1.0,52.0,1.0,1.0,1.0,0.99998885,1.0,-0.0,0.0,-1.1173968e-05,-0.0,0.50952697,3.4412532,0.52975005,3.2689292,0.21977474,2.2014804,1.0,10.190687,-8.594783,0.2777778,18.21817,0.0,0.0,0.0,0.0,0.0,0,11.086895,9.358353,3.271141,1.5377364,3.2780735,13.916865,0.0,0.0,7.902776,14.878737
0,71,72.0,10.0,1.0,1.0,53.0,1.0,1.0,1.0,0.99998677,1.0,-0.0,0.0,-1.325949e-05,-0.0,0.5949128,3.7242193,0.4218386,3.1667585,0.28031105,2.1044095,1.0,10.521193,-8.675895,0.27314815,17.562185,0.0,0.0,0.0,0.0,0.0,0,12.736817,10.166327,2.5666738,1.3864349,3.4561787,14.045086,0.0,0.0,5.9027295,14.405562
1,71,72.0,10.0,1.0,1.0,53.0,1.0,1.0,1.0,0.9999905,1.0,-0.0,0.0,-9.457531e-06,-0.0,0.4218858,3.4954283,0.38531503,3.3955483,0.38286418,3.766303,1.0,10.589499,-7.124096,0.29166666,19.288038,0.0,0.0,0.0,0.0,0.0,0,8.484004,9.702395,1.0586239,0.60715604,2.6695304,10.038584,0.0,0.0,6.1849427,10.750228
2,71,72.0,10.0,1.0,1.0,53.0,1.0,1.0,1.0,0.99999005,1.0,-0.0,0.0,-9.942521e-06,-0.0,0.45026952,3.673869,0.31011504,3.2104564,0.4347207,3.3256686,1.0,10.848378,-6.972442,0.33796296,19.279348,0.0,0.0,0.0,0.0,0.0,0,9.980972,9.544538,2.3607557,0.87760067,1.4322363,11.277238,0.0,0.0,7.163936,12.620286
3,71,72.0,10.0,1.0,1.0,53.0,1.0,1.0,1.0,0.9999896,1.0,-0.0,0.0,-1.0348995e-05,-0.0,0.5191911,3.5847821,0.52297467,3.1943238,0.22120452,1.8804884,1.0,10.280553,-8.474973,0.2777778,18.719357,0.0,0.0,0.0,0.0,0.0,0,12.083146,9.794826,3.2671185,1.3989528,3.1902044,13.455775,0.0,0.0,7.6578803,15.0260935
0,72,73.0,10.0,1.0,1.0,54.0,1.0,1.0,1.0,0.99998814,1.0,-0.0,0.0,-1.18345215e-05,-0.0,0.6052915,3.5993464,0.48827007,3.638813,0.2924614,2.1893582,1.0,9.743461,-8.500747,0.27314815,17.93683,0.0,0.0,0.0,0.0,0.0,0,13.486139,10.146641,3.0407152,1.7460648,2.7354214,13.319756,0.0,0.0,5.953926,14.028088
1,72,73.0,10.0,1.0,1.0,54.0,1.0,1.0,1.0,0.99998206,1.0,-0.0,0.0,-1.7956792e-05,-0.0,0.48226416,3.3554473,0.371372,3.4070556,0.39259088,3.8258998,1.0,10.402175,-7.0886927,0.29166666,19.848652,0.0,0.0,0.0,0.0,0.0,0,10.981385,9.502579,1.2094146,0.815066,2.1976113,11.101879,0.0,0.0,6.235151,11.684497
2,72,73.0,10.0,1.0,1.0,54.0,1.0,1.0,1.0,0.9999856,1.0,-0.0,0.0,-1.4446382e-05,-0.0,0.4851874,3.5366688,0.33303764,3.121697,0.45462996,3.266294,1.0,10.400851,-6.837496,0.33796296,19.776125,0.0,0.0,0.0,0.0,0.0,0,10.081533,8.957182,2.5260556,1.3222933,2.5426898,11.54537,0.0,0.0,6.178972,13.375425
3,72,73.0,10.0,1.0,1.0,54.0,1.0,1.0,1.0,0.9999901,1.0,-0.0,0.0,-9.902469e-06,-0.0,0.5435593,3.438484,0.5536058,3.3925498,0.23318492,1.8388197,1.0,9.857718,-8.512159,0.2777778,19.147718,0.0,0.0,0.0,0.0,0.0,0,12.213739,10.018071,3.8166935,1.2539002,3.1511457,13.223615,0.0,0.0,7.5816917,15.181926
0,73,74.0,10.0,1.0,1.0,55.0,1.0,1.0,1.0,0.9999879,1.0,-0.0,0.0,-1.2075398e-05,-0.0,0.6435227,3.444678,0.533576,3.9799428,0.30032662,2.1058967,1.0,9.297157,-8.476769,0.27314815,18.431849,0.0,0.0,0.0,0.0,0.0,0,13.363876,10.396707,1.4543695,1.612996,3.4804506,13.130165,0.0,0.0,5.761701,13.840815
1,73,74.0,10.0,1.0,1.0,55.0,1.0,1.0,1.0,0.9999832,1.0,-0.0,0.0,-1.6787199e-05,-0.0,0.4335031,3.3183653,0.38158605,3.6185346,0.4101065,4.03406,1.0,10.411778,-7.440636,0.29166666,20.46048,0.0,0.0,0.0,0.0,0.0,0,12.580902,9.778789,1.5009375,1.1816628,3.6187756,10.895836,0.0,0.0,5.474129,11.130827
2,73,74.0,10.0,1.0,1.0,55.0,1.0,1.0,1.0,0.9999839,1.0,-0.0,0.0,-1.6101993e-05,-0.0,0.41032955,3.4367216,0.34968233,3.0251691,0.47264263,3.2792099,1.0,10.409531,-7.8073516,0.33796296,20.316124,0.0,0.0,0.0,0.0,0.0,0,13.152056,9.540478,2.9735062,1.2626038,4.106277,11.22816,0.0,0.0,5.826895,13.029609
3,73,74.0,10.0,1.0,1.0,55.0,1.0,1.0,1.0,0.99998844,1.0,-0.0,0.0,-1.1585642e-05,-0.0,0.5926546,3.3269615,0.5897456,3.6200488,0.25117058,1.8208544,1.0,9.573372,-8.280385,0.2777778,19.654327,0.0,0.0,0.0,0.0,0.0,0,12.586385,9.726732,3.6517231,1.4262809,3.0524843,12.581564,0.0,0.0,7.141959,14.854753
0,74,75.0,10.0,1.0,1.0,56.0,1.0,1.0,1.0,0.99997777,1.0,-0.0,0.0,-2.2212154e-05,-0.0,0.6336313,3.2722228,0.5493673,4.068841,0.31316096,1.9326268,1.0,9.067027,-8.296279,0.27314815,18.908459,0.0,0.0,0.0,0.0,0.0,0,13.605012,10.892625,1.6298069,1.5239694,3.2027502,13.542117,0.0,0.0,5.9950466,13.396973
1,74,75.0,10.0,1.0,1.0,56.0,1.0,1.0,1.0,0.99996823,1.0,-0.0,0.0,-3.1745465e-05,-0.0,0.3920801,3.1802554,0.42264646,3.6129057,0.42494094,4.483507,1.0,10.193427,-7.546747,0.29166666,20.942816,0.0,0.0,0.0,0.0,0.0,0,12.236645,10.014725,1.4250156,0.839415,3.258626,11.338168,0.0,0.0,4.556152,10.250455
2,74,75.0,10.0,1.0,1.0,56.0,1.0,1.0,1.0,0.9999757,1.0,-0.0,0.0,-2.4331288e-05,-0.0,0.37212744,3.270981,0.42125577,3.070372,0.5003117,3.779996,1.0,10.193484,-7.6629577,0.33796296,20.768637,0.0,0.0,0.0,0.0,0.0,0,12.354022,9.687106,2.62784,1.848915,3.7243974,11.796705,0.0,0.0,5.511682,12.11447
3,74,75.0,10.0,1.0,1.0,56.0,1.0,1.0,1.0,0.99998313,1.0,-0.0,0.0,-1.6893457e-05,-0.0,0.59051514,3.1734571,0.6228924,3.7633917,0.2659878,1.9028319,1.0,9.324702,-8.192431,0.2777778,20.118307,0.0,0.0,0.0,0.0,0.0,0,12.559699,10.439823,2.5362895,1.1946521,2.6230552,13.2852125,0.0,0.0,6.7260466,14.77157
0,75,76.0,10.0,1.0,1.0,57.0,1.0,1.0,1.0,0.99997526,1.0,-0.0,0.0,-2.4718962e-05,-0.0,0.52165204,3.3101842,0.6221536,4.5921974,0.33579907,1.8070464,1.0,8.496875,-8.188893,0.2824074,19.475649,0.0,0.0,0.0,0.0,0.0,0,13.445367,10.875998,1.926347,1.3263897,3.6854157,13.790505,0.0,0.0,5.412231,13.745296
1,75,76.0,10.0,1.0,1.0,57.0,1.0,1.0,1.0,0.9999808,1.0,-0.0,0.0,-1.9214007e-05,-0.0,0.32112524,3.282316,0.49777743,3.7897174,0.44441083,4.7625895,1.0,9.496369,-7.5286274,0.29166666,21.60744,0.0,0.0,0.0,0.0,0.0,0,12.223537,10.480091,1.2238142,0.93070525,2.59575,11.450019,0.0,0.0,4.1906548,10.51033
2,75,76.0,10.0,1.0,1.0,57.0,1.0,1.0,1.0,0.999985,1.0,-0.0,0.0,-1.504164e-05,-0.0,0.30703098,3.3286598,0.53336245,3.316476,0.52107346,4.0460734,1.0,9.362775,-7.5332727,0.33796296,21.372267,0.0,0.0,0.0,0.0,0.0,0,11.9629,10.148519,1.256906,1.1650022,3.041688,12.151295,0.0,0.0,5.2834024,12.144025
3,75,76.0,10.0,1.0,1.0,57.0,1.0,1.0,1.0,0.999977,1.0,-0.0,0.0,-2.2984152e-05,-0.0,0.51560813,3.2001295,0.69152343,4.4675894,0.2762151,2.0558686,1.0,8.539527,-8.140689,0.2777778,20.680155,0.0,0.0,0.0,0.0,0.0,0,12.667881,10.710213,1.6197957,0.9476796,3.365989,13.2374935,0.0,0.0,6.284464,14.740016
0,76,77.0,10.0,1.0,1.0,58.0,1.0,1.0,1.0,0.9999784,1.0,-0.0,0.0,-2.1586115e-05,-0.0,0.56104213,3.109997,0.5979497,4.014217,0.36514515,2.2248228,1.0,8.878033,-8.175255,0.2824074,19.800493,0.0,0.0,0.0,0.0,0.0,0,12.317466,10.714553,2.1186001,1.02898,3.0164597,13.362199,0.0,0.0,5.2256727,13.5293665
1,76,77.0,10.0,1.0,1.0,58.0,1.0,1.0,1.0,0.9999818,1.0,-0.0,0.0,-1.8181341e-05,-0.0,0.42252505,3.040826,0.48886016,3.3063114,0.46209717,4.803347,1.0,9.716991,-7.1515107,0.29166666,21.905241,0.0,0.0,0.0,0.0,0.0,0,11.239994,9.977596,1.080358,0.42211154,2.1443896,10.642462,0.0,0.0,4.0521603,8.688647
2,76,77.0,10.0,1.0,1.0,58.0,1.0,1.0,1.0,0.99998325,1.0,-0.0,0.0,-1.6740669e-05,-0.0,0.37375018,3.0742412,0.5343915,3.1566076,0.5356969,3.9942756,1.0,9.65386,-7.4536595,0.33796296,21.672623,0.0,0.0,0.0,0.0,0.0,0,10.805333,9.775669,1.024588,0.59456086,2.0683563,11.379394,0.0,0.0,5.0764847,10.876059
3,76,77.0,10.0,1.0,1.0,58.0,1.0,1.0,1.0,0.99998057,1.0,-0.0,0.0,-1.9444864e-05,-0.0,0.56751853,3.008109,0.7057269,4.0553503,0.2947729,2.4632466,1.0,8.682924,-8.140961,0.2777778,21.005974,0.0,0.0,0.0,0.0,0.0,0,11.9213705,10.265665,1.3943316,0.801717,3.9231749,13.395026,0.0,0.0,6.1626277,14.187886
0,77,78.0,10.0,1.0,1.0,59.0,1.0,1.0,1.0,0.9999783,1.0,-0.0,0.0,-2.1710843e-05,-0.0,0.56057274,2.9830208,0.61853355,4.020842,0.3881487,2.6735322,1.0,8.837579,-8.147737,0.2824074,20.175133,0.0,0.0,0.0,0.0,0.0,0,12.302573,10.588372,2.2511833,1.1572983,3.1304193,13.281109,0.0,0.0,4.6884756,13.437575
1,77,78.0,10.0,1.0,1.0,59.0,1.0,1.0,1.0,0.9999863,1.0,-0.0,0.0,-1.3730615e-05,-0.0,0.36616808,2.97485,0.4987739,3.2756274,0.477718,4.829518,1.0,9.744733,-7.6483135,0.29166666,22.33908,0.0,0.0,0.0,0.0,0.0,0,11.6806555,10.243293,1.4560791,0.7587506,3.4672472,11.609719,0.0,0.0,3.895829,7.9065456
2,77,78.0,10.0,1.0,1.0,59.0,1.0,1.0,1.0,0.99998444,1.0,-0.0,0.0,-1.5565947e-05,-0.0,0.35643762,3.0200338,0.55971986,3.2318418,0.5544262,4.0292053,1.0,9.510517,-7.575767,0.33796296,22.112366,0.0,0.0,0.0,0.0,0.0,0,11.616524,10.039886,1.5257788,0.72299,3.4769704,12.1393175,0.0,0.0,4.3467255,10.900871
3,77,78.0,10.0,1.0,1.0,59.0,1.0,1.0,1.0,0.9999819,1.0,-0.0,0.0,-1.8111423e-05,-0.0,0.5702656,2.9187717,0.7420956,4.4480953,0.31691268,2.8335772,1.0,8.4097805,-8.129696,0.2777778,21.41372,0.0,0.0,0.0,0.0,0.0,0,12.088711,10.16534,2.1429815,0.7644839,3.4110036,13.142175,0.0,0.0,5.2250614,14.622732
0,78,79.0,10.0,1.0,1.0,60.0,1.0,1.0,1.0,0.9999835,1.0,-0.0,0.0,-1.650611e-05,-0.0,0.54099,3.0434961,0.6584128,3.9838746,0.39426982,3.123953,1.0,8.578606,-8.050211,0.28703704,20.716717,0.0,0.0,0.0,0.0,0.0,0,12.215759,10.256426,1.490343,1.0411698,3.1863413,12.211922,0.0,0.0,4.775457,13.081539
1,78,79.0,10.0,1.0,1.0,60.0,1.0,1.0,1.0,0.9999801,1.0,-0.0,0.0,-1.9900957e-05,-0.0,0.3421478,3.0046382,0.52092874,3.1389515,0.4752054,4.969499,1.0,9.498231,-7.3558407,0.2962963,22.83673,0.0,0.0,0.0,0.0,0.0,0,11.062811,9.798106,1.0281876,0.3131246,1.417215,10.433653,0.0,0.0,3.9585447,7.599954
2,78,79.0,10.0,1.0,1.0,60.0,1.0,1.0,1.0,0.9999837,1.0,-0.0,0.0,-1.628052e-05,-0.0,0.30885786,3.1115701,0.5878859,3.3865454,0.5554091,4.1884866,1.0,9.34952,-7.6201463,0.3425926,22.678148,0.0,0.0,0.0,0.0,0.0,0,12.172646,10.368235,1.0033302,0.7900488,3.1407838,11.90535,0.0,0.0,4.0857806,10.105353
3,78,79.0,10.0,1.0,1.0,60.0,1.0,1.0,1.0,0.9999837,1.0,-0.0,0.0,-1.6300284e-05,-0.0,0.54330754,2.9800398,0.77780575,4.48787,0.31435198,3.2306302,1.0,8.081212,-8.087954,0.2777778,21.957962,0.0,0.0,0.0,0.0,0.0,0,11.643574,10.296438,1.104325,0.67588145,2.7692127,12.184833,0.0,0.0,5.212221,13.733733
0,79,80.0,10.0,1.0,1.0,61.0,1.0,1.0,1.0,0.9999861,1.0,-0.0,0.0,-1.38779205e-05,-0.0,0.5327232,2.84,0.6781294,3.798177,0.4048926,3.2813578,1.0,8.756834,-7.9560113,0.29166666,20.976505,0.0,0.0,0.0,0.0,0.0,0,12.094014,10.860871,1.8563082,0.80133605,2.8538146,12.963448,0.0,0.0,4.8130827,13.110284
1,79,80.0,10.0,1.0,1.0,61.0,1.0,1.0,1.0,0.99904084,1.0,-0.0,0.0,-1.5006444e-05,-0.00094411,0.32390022,2.8414195,0.5224078,2.901008,0.46737996,5.0566463,0.0,9.657667,-7.6605177,0.30555555,23.12445,0.0,0.0,0.0,0.0,0.0,0,10.969944,9.905468,1.3595158,0.3331484,2.223297,10.277617,0.0,0.0,4.1097245,7.872239
2,79,80.0,10.0,1.0,1.0,61.0,1.0,1.0,1.0,0.99998295,1.0,-0.0,0.0,-1.7024098e-05,-0.0,0.2859261,2.9184391,0.61444163,3.4297264,0.5558064,4.3714013,1.0,9.334267,-7.616211,0.3472222,22.921839,0.0,0.0,0.0,0.0,0.0,0,11.3294935,10.175627,1.6206542,0.67554134,2.992657,11.655163,0.0,0.0,3.8535068,9.64491
3,79,80.0,10.0,1.0,1.0,61.0,1.0,1.0,1.0,0.9999832,1.0,-0.0,0.0,-1.6784332e-05,-0.0,0.539469,2.7566981,0.79710037,4.332184,0.3068567,3.134959,1.0,8.146012,-8.026587,0.2824074,22.194948,0.0,0.0,0.0,0.0,0.0,0,11.618862,10.412024,1.8904513,0.5695569,3.0684748,12.335768,0.0,0.0,5.064081,13.442201
0,80,81.0,10.0,1.0,1.0,62.0,1.0,1.0,1.0,0.99998504,1.0,-0.0,0.0,-1.4934205e-05,-0.0,0.50215197,2.8437881,0.7052321,3.84366,0.40806037,3.3502924,1.0,8.781228,-7.9634094,0.30092594,21.410559,0.0,0.0,0.0,0.0,0.0,0,11.903637,9.857352,1.7037104,0.9586975,3.0624428,12.340088,0.0,0.0,4.518518,11.978392
1,80,81.0,10.0,1.0,1.0,62.0,1.0,1.0,1.0,0.99754894,1.0,-0.0,0.0,-1.5685117e-05,-0.0024353892,0.35229808,2.7933197,0.5408297,2.767333,0.4609031,5.146123,0.0,9.582731,-6.9461427,0.30555555,23.488718,0.0,0.0,0.0,0.0,0.0,0,10.486169,9.584195,1.0777905,0.24868128,2.024948,10.194392,0.0,0.0,3.883161,8.566922
2,80,81.0,10.0,1.0,1.0,62.0,1.0,1.0,1.0,0.9999858,1.0,-0.0,0.0,-1.4191643e-05,-0.0,0.27960873,2.9576716,0.648082,3.5926986,0.55376685,4.5170817,1.0,9.424146,-7.6874847,0.3472222,23.384377,0.0,0.0,0.0,0.0,0.0,0,10.023109,9.276904,0.9193258,0.32696792,2.116758,10.747804,0.0,0.0,3.773906,9.563945
3,80,81.0,10.0,1.0,1.0,62.0,1.0,1.0,1.0,0.9999841,1.0,-0.0,0.0,-1.5929269e-05,-0.0,0.5223073,2.752072,0.8083549,4.2598386,0.3039478,2.979806,1.0,8.189928,-7.979639,0.28703704,22.620903,0.0,0.0,0.0,0.0,0.0,0,11.835182,9.929603,1.4397035,0.59143144,3.4542353,12.055644,0.0,0.0,4.7427793,12.70817
0,81,82.0,10.0,1.0,1.0,63.0,1.0,1.0,1.0,0.9999822,1.0,-0.0,0.0,-1.7845432e-05,-0.0,0.48765504,2.6542895,0.716664,3.6781838,0.4004365,3.3596253,1.0,8.957343,-7.987855,0.30092594,21.64652,0.0,0.0,0.0,0.0,0.0,0,11.399827,9.6914625,1.6954232,0.6329444,3.0559638,11.920371,0.0,0.0,4.990261,11.79492
1,81,82.0,10.0,1.0,1.0,63.0,1.0,1.0,1.0,0.9963732,1.0,-0.0,0.0,-1.531291e-05,-0.0036115053,0.3700234,2.6991358,0.5329923,2.5950885,0.45619267,5.21669,0.0,9.646525,-6.698359,0.30555555,23.771053,0.0,0.0,0.0,0.0,0.0,0,10.71008,9.519984,1.2371424,0.25357357,2.4604006,10.040383,0.0,0.0,3.899897,8.835107
2,81,82.0,10.0,1.0,1.0,63.0,1.0,1.0,1.0,0.999985,1.0,-0.0,0.0,-1.504166e-05,-0.0,0.34592932,2.8153045,0.6816873,3.725552,0.5479363,4.577683,1.0,9.265332,-6.7793336,0.3472222,23.63426,0.0,0.0,0.0,0.0,0.0,0,10.144788,9.230906,1.2745724,0.43021828,2.6301274,10.666547,0.0,0.0,3.8465383,9.774375
3,81,82.0,10.0,1.0,1.0,63.0,1.0,1.0,1.0,0.9999836,1.0,-0.0,0.0,-1.6365218e-05,-0.0,0.49833953,2.5752065,0.8276419,4.1594157,0.2945671,2.842128,1.0,8.247645,-7.9804826,0.29166666,22.861538,0.0,0.0,0.0,0.0,0.0,0,11.143659,9.674702,1.5714192,0.35362807,3.1367695,11.671378,0.0,0.0,4.219531,12.952514
0,82,83.0,10.0,1.0,1.0,64.0,1.0,1.0,1.0,0.9999872,1.0,-0.0,0.0,-1.2840773e-05,-0.0,0.4742313,2.6704612,0.71836483,3.6163707,0.39427894,3.3603241,1.0,9.048979,-8.075893,0.30092594,22.00019,0.0,0.0,0.0,0.0,0.0,0,11.1245165,9.258074,1.9784582,0.7150159,2.6852658,11.522685,0.0,0.0,4.6652226,11.524225
1,82,83.0,10.0,1.0,1.0,64.0,1.0,1.0,1.0,0.9935507,1.0,-0.0,0.0,-1.2053524e-05,-0.006437268,0.34293944,2.72048,0.52943623,2.4781368,0.44900677,5.3862357,0.0,9.781568,-6.944584,0.30555555,24.086353,0.0,0.0,0.0,0.0,0.0,0,10.414029,9.191341,1.064884,0.16122036,2.1676042,10.232285,0.0,0.0,4.125966,8.703052
2,82,83.0,10.0,1.0,1.0,64.0,1.0,1.0,1.0,0.99998665,1.0,-0.0,0.0,-1.3371099e-05,-0.0,0.3551293,2.872282,0.6747918,3.7314308,0.53370756,4.5679245,1.0,9.195392,-6.7091866,0.3472222,23.99266,0.0,0.0,0.0,0.0,0.0,0,10.291494,9.334988,0.7420216,0.40541264,2.803083,10.762348,0.0,0.0,4.031605,9.860288
3,82,83.0,10.0,1.0,1.0,64.0,1.0,1.0,1.0,0.9999879,1.0,-0.0,0.0,-1.2124333e-05,-0.0,0.47887826,2.6015668,0.8415484,4.1567793,0.2906667,2.8294306,1.0,8.271963,-8.018868,0.29166666,23.209835,0.0,0.0,0.0,0.0,0.0,0,11.616012,9.771852,1.6871475,0.40135002,4.0697193,11.375172,0.0,0.0,4.1670732,12.522966
0,83,84.0,10.0,1.0,1.0,65.0,1.0,1.0,1.0,0.99998695,1.0,-0.0,0.0,-1.3080004e-05,-0.0,0.43913686,2.5400724,0.7509474,3.7706654,0.38334265,3.3731124,1.0,9.02713,-8.06444,0.30092594,22.143724,0.0,0.0,0.0,0.0,0.0,0,10.657894,9.321879,1.5750557,0.4772362,3.1480207,11.24758,0.0,0.0,4.651016,11.501403
1,83,84.0,10.0,1.0,1.0,65.0,1.0,1.0,1.0,0.9915363,1.0,-0.0,0.0,-1.147442e-05,-0.008452202,0.31598583,2.6296852,0.5492026,2.49921,0.4462219,5.5071316,0.0,9.787596,-7.034715,0.30555555,24.22291,0.0,0.0,0.0,0.0,0.0,0,10.288702,8.937472,1.2206991,0.18494685,2.5987709,9.786384,0.0,0.0,3.410828,9.341887
2,83,84.0,10.0,1.0,1.0,65.0,1.0,1.0,1.0,0.99998736,1.0,-0.0,0.0,-1.2651849e-05,-0.0,0.28036162,2.7869895,0.7012458,3.8469174,0.5208149,4.621088,1.0,9.281162,-7.403534,0.3472222,24.147549,0.0,0.0,0.0,0.0,0.0,0,10.176687,8.985556,1.1598545,0.37009457,2.9147952,10.465599,0.0,0.0,3.4949503,10.515594
3,83,84.0,10.0,1.0,1.0,65.0,1.0,1.0,1.0,0.999987,1.0,-0.0,0.0,-1.301561e-05,-0.0,0.44630653,2.4369469,0.88831323,4.252665,0.2805359,2.8219512,1.0,8.2790575,-7.973874,0.2962963,23.33367,0.0,0.0,0.0,0.0,0.0,0,10.69955,9.512697,1.3663675,0.23932706,3.4084492,11.055099,0.0,0.0,4.0984983,12.356951
0,84,85.0,10.0,1.0,1.0,66.0,1.0,1.0,1.0,0.99998695,1.0,-0.0,0.0,-1.3038504e-05,-0.0,0.4112687,2.4095032,0.77644944,3.9246807,0.37122977,3.4993181,1.0,9.085234,-8.081866,0.30092594,22.291409,0.0,0.0,0.0,0.0,0.0,0,10.482437,9.1549,1.7055382,0.396779,2.9326315,10.691586,0.0,0.0,4.6223464,11.417705
1,84,85.0,10.0,1.0,1.0,66.0,1.0,1.0,1.0,0.98905206,1.0,-0.0,0.0,-1.2772816e-05,-0.010935169,0.3530152,2.534613,0.5722067,2.610126,0.44068867,5.65611,0.0,9.645569,-6.3003654,0.30555555,24.387571,0.0,0.0,0.0,0.0,0.0,0,10.218406,8.939737,1.224916,0.10479125,2.247867,9.712404,0.0,0.0,3.3206055,9.772699
2,84,85.0,10.0,1.0,1.0,66.0,1.0,1.0,1.0,0.9999879,1.0,-0.0,0.0,-1.210208e-05,-0.0,0.2964061,2.6749887,0.7262336,4.0257063,0.5043466,4.75568,1.0,9.228927,-6.9542623,0.3472222,24.264297,0.0,0.0,0.0,0.0,0.0,0,9.990107,8.7759695,1.1467137,0.32633448,2.5690522,9.921007,0.0,0.0,3.5418224,10.741875
3,84,85.0,10.0,1.0,1.0,66.0,1.0,1.0,1.0,0.9999895,1.0,-0.0,0.0,-1.0485391e-05,-0.0,0.4397273,2.3167384,0.909614,4.183437,0.2722078,2.7805958,1.0,8.48612,-8.00957,0.2962963,23.4927,0.0,0.0,0.0,0.0,0.0,0,11.003806,9.523889,1.588128,0.21402954,3.068516,11.166512,0.0,0.0,4.0261526,12.198192
0,85,86.0,10.0,1.0,1.0,67.0,1.0,1.0,1.0,0.99998516,1.0,-0.0,0.0,-1.4838306e-05,-0.0,0.40703827,2.4561517,0.81857944,4.176132,0.36000496,3.3112795,1.0,9.2094,-8.126681,0.30092594,22.486881,0.0,0.0,0.0,0.0,0.0,0,10.804882,9.296091,1.515132,0.6322544,3.2252834,11.175012,0.0,0.0,4.485655,11.233262
1,85,86.0,10.0,1.0,1.0,67.0,1.0,1.0,1.0,0.98678327,1.0,-0.0,0.0,-1.5363908e-05,-0.013201347,0.39276892,2.5660393,0.6094645,2.8222284,0.43919635,5.7920804,0.0,9.44194,-5.732505,0.30555555,24.616169,0.0,0.0,0.0,0.0,0.0,0,10.326273,8.988247,1.2790304,0.32782075,2.5128303,9.718742,0.0,0.0,3.5821471,10.093688
2,85,86.0,10.0,1.0,1.0,67.0,1.0,1.0,1.0,0.9999823,1.0,-0.0,0.0,-1.768021e-05,-0.0,0.37835652,2.7249186,0.75655204,4.1866174,0.49468902,4.8779087,1.0,9.02676,-5.8705153,0.3472222,24.499685,0.0,0.0,0.0,0.0,0.0,0,9.984397,8.770876,1.1634516,0.50073314,2.506355,9.599314,0.0,0.0,3.7506804,10.14628
3,85,86.0,10.0,1.0,1.0,67.0,1.0,1.0,1.0,0.9999857,1.0,-0.0,0.0,-1.4325737e-05,-0.0,0.43193734,2.3722844,0.93426526,4.187365,0.26744577,2.6977236,1.0,8.693053,-8.039478,0.2962963,23.699802,0.0,0.0,0.0,0.0,0.0,0,10.678183,9.243871,1.2936313,0.25941104,3.392599,10.669516,0.0,0.0,4.122325,11.585299
0,86,87.0,10.0,1.0,1.0,68.0,1.0,1.0,1.0,0.9999855,1.0,-0.0,0.0,-1.4495341e-05,-0.0,0.36058015,2.4227622,0.85872877,4.500587,0.35945886,3.3126974,1.0,8.91848,-8.100709,0.30092594,22.689993,0.0,0.0,0.0,0.0,0.0,0,9.6740055,8.911412,1.6319745,0.22112736,3.1347501,10.070086,0.0,0.0,4.513045,10.690668
1,86,87.0,10.0,1.0,1.0,68.0,1.0,1.0,1.0,0.9855207,1.0,-0.0,0.0,-1.3154495e-05,-0.014466085,0.3281865,2.556025,0.6624124,3.1219478,0.44301352,5.8679647,0.0,9.230715,-5.9565306,0.30555555,24.7868,0.0,0.0,0.0,0.0,0.0,0,10.238519,8.728613,1.3355386,0.073360085,2.4582899,9.956563,0.0,0.0,3.7574675,9.772086
2,86,87.0,10.0,1.0,1.0,68.0,1.0,1.0,1.0,0.99998724,1.0,-0.0,0.0,-1.27418625e-05,-0.0,0.3424164,2.7103221,0.79762095,4.4401684,0.49588153,4.9477096,1.0,8.806271,-5.780304,0.3472222,24.712915,0.0,0.0,0.0,0.0,0.0,0,10.265779,8.656994,1.2540923,0.3055211,2.7143524,9.51502,0.0,0.0,3.50938,10.128682
3,86,87.0,10.0,1.0,1.0,68.0,1.0,1.0,1.0,0.9999865,1.0,-0.0,0.0,-1.3498513e-05,-0.0,0.37553126,2.3148038,0.98457944,4.6017337,0.27006048,2.8202863,1.0,8.374563,-7.9767647,0.2962963,23.889364,0.0,0.0,0.0,0.0,0.0,0,10.292104,8.918139,1.3496103,0.1280802,3.3930674,10.301612,0.0,0.0,4.124342,11.537625
0,87,88.0,10.0,1.0,1.0,69.0,1.0,1.0,1.0,0.99998677,1.0,-0.0,0.0,-1.3231109e-05,-0.0,0.5650915,2.4350688,0.88934964,4.702372,0.3622758,2.9819067,1.0,8.860844,-6.563816,0.30092594,22.77008,0.0,0.0,0.0,0.0,0.0,0,9.341169,8.148081,1.6061147,0.024846794,2.362868,9.8974085,0.0,0.0,4.891587,10.023936
1,87,88.0,10.0,1.0,1.0,69.0,1.0,1.0,1.0,0.98423356,1.0,-0.0,0.0,-1.444376e-05,-0.01575201,0.59383625,2.5217402,0.71989524,3.482725,0.4298477,5.9451203,0.0,8.851106,-2.8729792,0.30555555,24.877033,0.0,0.0,0.0,0.0,0.0,0,9.898506,8.620112,1.7571361,0.084409736,2.9986565,9.872728,0.0,0.0,3.1970625,10.299315
2,87,88.0,10.0,1.0,1.0,69.0,1.0,1.0,1.0,0.99973166,1.0,-0.0,0.0,-1.3481238e-05,-0.00025487278,0.6140448,2.7054758,0.85364693,4.826599,0.5065463,5.015292,0.0,8.470068,-2.7584023,0.3472222,24.74852,0.0,0.0,0.0,0.0,0.0,0,9.580242,8.325412,1.3369616,0.27092344,3.018976,8.933417,0.0,0.0,3.599128,9.648245
3,87,88.0,10.0,1.0,1.0,69.0,1.0,1.0,1.0,0.9999873,1.0,-0.0,0.0,-1.2678263e-05,-0.0,0.45778528,2.3776145,0.94878757,4.235695,0.2796664,2.946521,1.0,9.42523,-8.168878,0.2962963,23.957432,0.0,0.0,0.0,0.0,0.0,0,10.265399,9.047121,1.4069071,0.096726246,2.966327,10.464364,0.0,0.0,3.9033628,11.002461
0,88,89.0,10.0,1.0,1.0,70.0,1.0,1.0,1.0,0.999981,1.0,-0.0,0.0,-1.8996961e-05,-0.0,0.5067266,2.506603,0.89140224,4.7030377,0.3627385,2.7800324,1.0,8.785008,-7.3813124,0.30092594,22.955807,0.0,0.0,0.0,0.0,0.0,0,9.673809,8.454865,1.6409765,0.16322131,2.6227117,9.956122,0.0,0.0,4.505063,9.901914
1,88,89.0,10.0,1.0,1.0,70.0,1.0,1.0,1.0,0.9832499,1.0,-0.0,0.0,-1.9486688e-05,-0.01673062,0.5116474,2.5940502,0.7416698,3.6641102,0.4184962,6.0038366,0.0,8.637495,-3.1590183,0.30555555,24.988024,0.0,0.0,0.0,0.0,0.0,0,10.030104,8.4938135,1.446299,0.0,2.6849453,9.319743,0.0,0.0,3.2493374,9.566728
2,88,89.0,10.0,1.0,1.0,70.0,1.0,1.0,1.0,0.9987779,1.0,-0.0,0.0,-2.286292e-05,-0.0011992033,0.54125935,2.7546272,0.87333816,4.937889,0.5106381,5.071952,0.0,8.31732,-3.0535982,0.3472222,24.884464,0.0,0.0,0.0,0.0,0.0,0,10.061711,8.432354,1.3119986,0.29982263,2.9029388,8.737175,0.0,0.0,3.5682044,9.457817
3,88,89.0,10.0,1.0,1.0,70.0,1.0,1.0,1.0,0.9999817,1.0,-0.0,0.0,-1.8327952e-05,-0.0,0.43150222,2.4320395,0.96080005,4.316071,0.2918956,3.023875,1.0,9.266074,-8.155363,0.2962963,24.11648,0.0,0.0,0.0,0.0,0.0,0,9.894859,8.79811,0.9843117,0.0014118863,3.6003969,9.838141,0.0,0.0,4.0671325,10.863368
0,89,90.0,10.0,1.0,1.0,71.0,1.0,1.0,1.0,0.9999825,1.0,-0.0,0.0,-1.7543354e-05,-0.0,0.23684688,2.5557911,0.9118577,4.9734364,0.42657322,3.2751493,1.0,7.692584,-7.809898,0.32407406,23.043234,0.0,0.0,0.0,0.0,0.0,0,10.804794,9.111022,2.75356,0.67030334,3.1305585,10.560606,0.0,0.0,4.3070335,9.471434
1,89,90.0,10.0,1.0,1.0,71.0,1.0,1.0,1.0,0.97557664,1.0,-0.0,0.0,-1.7966506e-05,-0.024405446,0.017225742,2.6087132,0.76281476,3.7710807,0.4240867,6.4643264,0.0,8.532073,-7.4159503,0.32407406,25.106928,0.0,0.0,0.0,0.0,0.0,0,10.286407,8.734975,1.9320961,0.0,3.1427119,9.849674,0.0,0.0,3.2412786,9.37132
2,89,90.0,10.0,1.0,1.0,71.0,1.0,1.0,1.0,0.9957659,1.0,-0.0,0.0,-1.9323754e-05,-0.0042147604,0.02180878,2.7529733,0.88908386,4.9159603,0.5125815,5.2528853,0.0,8.06667,-7.4930825,0.3472222,25.021952,0.0,0.0,0.0,0.0,0.0,0,10.611405,9.322871,0.93053406,0.32683805,3.3384805,9.162274,0.0,0.0,3.4871397,9.279354
3,89,90.0,10.0,1.0,1.0,71.0,1.0,1.0,1.0,0.9953128,1.0,-0.0,0.0,-1.7274378e-05,-0.004669931,0.25064424,2.4414086,1.0373595,5.1613145,0.32311457,2.9332082,0.0,7.3258452,-7.7093077,0.3148148,24.264843,0.0,0.0,0.0,0.0,0.0,0,11.157037,9.479084,1.2077205,0.3088027,3.270472,9.743218,0.0,0.0,4.09123,10.587904
0,90,91.0,10.0,1.0,1.0,72.0,1.0,1.0,1.0,0.99998343,1.0,-0.0,0.0,-1.6567843e-05,-0.0,0.6778445,2.723785,0.90660334,4.8448935,0.39936182,2.9085531,1.0,8.163444,-4.693853,0.32407406,23.180185,0.0,0.0,0.0,0.0,0.0,0,8.997089,8.222086,1.908393,0.06086095,2.941839,9.161133,0.0,0.0,4.5226846,8.979962
1,90,91.0,10.0,1.0,1.0,72.0,1.0,1.0,1.0,0.97921777,1.0,-0.0,0.0,-1.5938203e-05,-0.020766336,0.6279495,2.7246888,0.8055086,4.041621,0.40174803,6.24598,0.0,8.0495205,-0.9873789,0.32407406,25.249577,0.0,0.0,0.0,0.0,0.0,0,9.56984,8.384929,1.897535,0.0,3.5832498,8.815619,0.0,0.0,2.8806667,9.100789
2,90,91.0,10.0,1.0,1.0,72.0,1.0,1.0,1.0,0.9981774,1.0,-0.0,0.0,-1.7468577e-05,-0.0018051548,0.70112646,2.870643,0.91657937,5.0127935,0.49055633,5.0955153,0.0,7.5073113,-0.65076536,0.3472222,25.162464,0.0,0.0,0.0,0.0,0.0,0,10.6201315,8.935457,1.0244676,0.31661144,3.557899,8.327485,0.0,0.0,3.1553528,8.673994
3,90,91.0,10.0,1.0,1.0,72.0,1.0,1.0,1.0,0.9997293,1.0,-0.0,0.0,-1.3844905e-05,-0.00025688205,0.6232225,2.616588,1.002055,4.5521293,0.31930164,2.9090912,0.0,8.272295,-5.361561,0.3148148,24.362404,0.0,0.0,0.0,1.0,0.0,0,9.922363,8.749682,1.0206667,0.0,3.4893074,9.328366,0.0,0.0,4.194916,10.033374
0,91,92.0,10.0,1.0,1.0,73.0,1.0,1.0,1.0,0.9922852,1.0,-0.0,0.0,-2.1641705e-05,-0.007693162,0.26487783,2.6251345,0.9824009,5.4615893,0.40092468,2.826386,0.0,7.0217724,-7.68666,0.32407406,23.58736,0.0,0.0,0.0,1.0,0.0,0,10.485249,8.289351,3.0132675,0.43614408,3.1598597,9.491359,0.0,0.0,4.5296607,9.117806
1,91,92.0,10.0,1.0,1.0,73.0,1.0,1.0,1.0,0.9808802,1.0,-0.0,0.0,-2.3862745e-05,-0.01909595,0.049170107,2.7313833,0.8046993,4.053612,0.3861884,6.1457567,0.0,7.9960303,-6.3677206,0.3287037,25.597399,0.0,0.0,0.0,0.0,0.0,0,9.952155,8.451356,1.3429371,0.0,2.9957747,8.602513,0.0,0.0,2.9165962,8.742353
2,91,92.0,10.0,1.0,1.0,73.0,1.0,1.0,1.0,0.99970466,1.0,-0.0,0.0,-2.4831726e-05,-0.0002704755,0.10099299,2.8848448,0.904169,4.9584584,0.47419593,5.016228,0.0,7.6203,-6.2906723,0.3472222,25.49913,0.0,0.0,0.0,1.0,0.0,0,10.304943,8.9384575,0.6593398,0.11673906,3.501097,7.938183,0.0,0.0,2.8975801,8.76479
3,91,92.0,10.0,1.0,1.0,73.0,1.0,1.0,1.0,0.9942254,1.0,-0.0,0.0,-2.1361693e-05,-0.0057533034,0.25967324,2.5392683,1.0460263,5.106566,0.3308197,2.9462552,0.0,7.2037215,-7.576836,0.3148148,24.756622,0.0,0.0,0.0,1.0,0.0,0,10.996672,9.365711,1.1943274,0.0,3.5577743,9.42485,0.0,0.0,3.9594502,10.318577
0,92,93.0,10.0,1.0,1.0,74.0,1.0,1.0,1.0,0.9999744,1.0,-0.0,0.0,-2.5562287e-05,-0.0,0.41434392,2.622486,0.9165479,4.8046513,0.38540187,2.4095953,1.0,8.0131235,-7.7957606,0.32407406,23.944763,0.0,0.0,0.0,1.0,0.0,0,8.896617,8.667079,1.9095973,0.0,3.040619,9.428753,0.0,0.0,4.6387067,8.371423
1,92,93.0,10.0,1.0,1.0,74.0,1.0,1.0,1.0,0.9853492,1.0,-0.0,0.0,-2.252166e-05,-0.014628294,0.2782628,2.600707,0.810197,3.9572582,0.37190408,5.877697,0.0,8.147891,-4.41245,0.3287037,26.079151,0.0,0.0,0.0,0.0,0.0,0,9.340111,8.503951,1.7160321,0.0,3.6543953,8.556703,0.0,0.0,3.0530071,8.075136
2,92,93.0,10.0,1.0,1.0,74.0,1.0,1.0,1.0,0.9999767,1.0,-0.0,0.0,-2.328601e-05,-0.0,0.30073076,2.7383347,0.8795773,4.596627,0.451535,4.827248,1.0,7.758636,-4.801428,0.3472222,26.01259,0.0,0.0,0.0,1.0,0.0,0,10.393879,9.189211,0.88714916,0.0,3.5117722,7.836752,0.0,0.0,3.0124176,8.167071
3,92,93.0,10.0,1.0,1.0,74.0,1.0,1.0,1.0,0.9976838,1.0,-0.0,0.0,-2.477598e-05,-0.0022913911,0.40374473,2.4614775,1.018331,4.7038703,0.3133018,2.6206012,0.0,7.788454,-7.299563,0.3148148,25.197052,0.0,0.0,0.0,1.0,0.0,0,10.185598,9.102872,1.0150489,0.0,3.480348,9.199293,0.0,0.0,4.3125753,9.32836
0,93,94.0,10.0,1.0,1.0,75.0,1.0,1.0,1.0,0.9999758,1.0,-0.0,0.0,-2.421694e-05,-0.0,0.4237078,2.6405656,0.8635484,4.438581,0.4093931,2.2978573,1.0,7.838444,-7.7592826,0.32407406,24.361826,0.0,0.0,0.0,1.0,0.0,0,10.041815,8.877249,1.7853543,0.0,3.3576348,9.058321,0.0,0.0,4.5882497,8.168251
1,93,94.0,10.0,1.0,1.0,75.0,1.0,1.0,1.0,0.98772216,1.0,-0.0,0.0,-2.2938682e-05,-0.012254903,0.22960827,2.6565742,0.7650522,3.5785077,0.36910033,5.735294,0.0,8.581191,-5.533861,0.3287037,26.480335,0.0,0.0,0.0,1.0,0.0,0,9.57564,8.2872095,0.9692507,0.0,2.8813038,8.196719,0.0,0.0,3.0560315,7.852781
2,93,94.0,10.0,1.0,1.0,75.0,1.0,1.0,1.0,0.9999762,1.0,-0.0,0.0,-2.37875e-05,-0.0,0.1782354,2.7687023,0.81822455,4.0964527,0.43648368,4.3889165,1.0,8.457074,-7.2915926,0.3472222,26.433044,0.0,0.0,0.0,1.0,0.0,0,9.43066,8.399263,0.37229908,0.0,2.748305,7.338224,0.0,0.0,2.909753,7.6295424
3,93,94.0,10.0,1.0,1.0,75.0,1.0,1.0,1.0,0.99997663,1.0,-0.0,0.0,-2.3383905e-05,-0.0,0.3879279,2.4671264,0.97948664,4.530062,0.32337633,2.4001563,1.0,7.840272,-7.809518,0.3148148,25.639853,0.0,0.0,0.0,1.0,0.0,0,10.591382,9.19641,0.8692523,0.0,3.524881,9.165113,0.0,0.0,4.366109,9.523945
0,94,95.0,10.0,1.0,1.0,76.0,1.0,1.0,1.0,0.99997574,1.0,-0.0,0.0,-2.4274232e-05,-0.0,0.42123124,2.6666791,0.879296,4.682685,0.39984387,2.2304447,1.0,7.3892875,-7.8965406,0.32407406,24.811443,0.0,0.0,0.0,1.0,0.0,0,9.108406,8.355124,1.6281685,0.0,3.8030033,9.022447,0.0,0.0,4.7596726,7.975811
1,94,95.0,10.0,1.0,1.0,76.0,1.0,1.0,1.0,0.98975885,1.0,-0.0,0.0,-2.1655404e-05,-0.010219514,0.25201702,2.744481,0.73670375,3.3598583,0.35894358,5.6131706,0.0,8.508077,-5.1786413,0.3287037,26.885805,0.0,0.0,0.0,1.0,0.0,0,9.462308,8.272152,0.80478096,0.0,3.795549,7.8974867,0.0,0.0,3.032675,7.506923
2,94,95.0,10.0,1.0,1.0,76.0,1.0,1.0,1.0,0.9999776,1.0,-0.0,0.0,-2.2438124e-05,-0.0,0.20220205,2.8459578,0.77066195,3.6966531,0.41839927,4.0489745,1.0,8.332793,-7.0323477,0.3472222,26.834366,0.0,0.0,0.0,1.0,0.0,0,10.092691,9.110769,0.39200768,0.0,3.8153114,7.8350487,0.0,0.0,3.0225205,7.379839
3,94,95.0,10.0,1.0,1.0,76.0,1.0,1.0,1.0,0.9999778,1.0,-0.0,0.0,-2.2194481e-05,-0.0,0.40459073,2.5075471,0.98183835,4.871163,0.31576982,2.3527265,1.0,7.344676,-7.2732754,0.3148148,26.084412,0.0,0.0,0.0,1.0,0.0,0,10.309628,8.931711,0.9496551,0.0,3.7757142,8.957304,0.0,0.0,4.4024177,8.830498
0,95,96.0,10.0,1.0,1.0,77.0,1.0,1.0,1.0,0.9999823,1.0,-0.0,0.0,-1.7676337e-05,-0.0,0.42122936,2.66062,0.8677706,4.7982917,0.40772957,2.2057428,1.0,7.367561,-7.870391,0.32407406,25.356201,0.0,0.0,0.0,1.0,0.0,0,9.4815,8.536628,1.6547536,0.0,4.434792,8.873836,0.0,0.0,5.089004,7.5015306
1,95,96.0,10.0,1.0,1.0,77.0,1.0,1.0,1.0,0.9925077,1.0,-0.0,0.0,-1.6803093e-05,-0.007475471,0.18549673,2.7707715,0.6979594,3.075976,0.35333988,5.448528,0.0,8.952669,-6.5436,0.3287037,27.399937,0.0,0.0,0.0,1.0,0.0,0,9.166926,8.184538,0.59457797,0.0,3.6234958,7.5229406,0.0,0.0,2.7780662,7.6941504
2,95,96.0,10.0,1.0,1.0,77.0,1.0,1.0,1.0,0.9999827,1.0,-0.0,0.0,-1.7291206e-05,-0.0,0.22703484,2.8239515,0.75345093,3.5793827,0.4097589,3.6822252,1.0,7.9981656,-6.640844,0.3472222,27.386576,0.0,0.0,0.0,1.0,0.0,0,10.4279175,9.4357,0.48247242,0.0,3.2696457,7.546044,0.0,0.0,3.1601362,7.3951273
3,95,96.0,10.0,1.0,1.0,77.0,1.0,1.0,1.0,0.9932662,1.0,-0.0,0.0,-1.5923873e-05,-0.006717868,0.39291233,2.4598038,0.99806684,5.403072,0.30667707,2.4164073,0.0,7.1170897,-7.202117,0.3148148,26.665915,0.0,0.0,0.0,1.0,0.0,0,10.293877,8.94717,0.93134135,0.0,3.9149578,8.833216,0.0,0.0,4.2431984,8.372738
0,96,97.0,10.0,1.0,1.0,78.0,1.0,1.0,1.0,0.9999833,1.0,-0.0,0.0,-1.670694e-05,-0.0,0.43286234,2.713493,0.86204875,4.9140487,0.40428397,2.272166,1.0,7.0707426,-7.813013,0.32407406,25.921553,0.0,0.0,0.0,1.0,0.0,0,9.101151,8.464872,1.3483182,0.0,4.150726,8.667196,0.0,0.0,5.1521716,7.24243
1,96,97.0,10.0,1.0,1.0,78.0,1.0,1.0,1.0,0.9974658,1.0,-0.0,0.0,-1.5173479e-05,-0.0025190236,0.1645904,2.8315513,0.6889634,3.0228395,0.34541163,5.151141,0.0,8.928607,-6.8895435,0.3287037,27.931911,0.0,0.0,0.0,1.0,0.0,0,8.932653,7.869444,0.6170148,0.0,3.931429,7.231248,0.0,0.0,2.8274224,7.438313
2,96,97.0,10.0,1.0,1.0,78.0,1.0,1.0,1.0,0.99998546,1.0,-0.0,0.0,-1.4517577e-05,-0.0,0.22107586,2.8678942,0.7578474,3.6050966,0.40047368,3.3663754,1.0,7.8933673,-6.682391,0.3472222,27.907837,0.0,0.0,0.0,1.0,0.0,0,10.010342,9.060906,0.34130347,0.0,3.4245389,7.35412,0.0,0.0,3.1510684,7.161819
3,96,97.0,10.0,1.0,1.0,78.0,1.0,1.0,1.0,0.9920161,1.0,-0.0,0.0,-1.3978749e-05,-0.007969906,0.3895473,2.4947722,0.99410945,5.4781938,0.29657826,2.483816,0.0,6.942915,-7.187277,0.3148148,27.240505,0.0,0.0,0.0,1.0,0.0,0,10.001346,8.747856,0.63229823,0.0,4.1235237,8.344612,0.0,0.0,4.261858,8.113366
0,97,98.0,10.0,1.0,1.0,79.0,1.0,1.0,1.0,0.9977568,1.0,-0.0,0.0,-1.851274e-05,-0.002224671,0.47217757,2.7802014,0.8543995,5.1334796,0.3987698,2.5166876,0.0,6.806452,-8.083854,0.32407406,26.439259,0.0,0.0,0.0,1.0,0.0,0,9.110952,8.115788,1.6770093,0.0,4.5554323,8.812219,0.0,0.0,5.1326213,6.9783926
1,97,98.0,10.0,1.0,1.0,79.0,1.0,1.0,1.0,0.9999833,1.0,-0.0,0.0,-1.669873e-05,-0.0,0.28878152,2.9844859,0.63850605,2.746607,0.3519178,4.6582108,1.0,8.692126,-6.0332036,0.3287037,28.44702,0.0,0.0,0.0,1.0,0.0,0,9.444938,8.485334,0.5636932,0.0,3.6480954,7.033982,0.0,0.0,3.4081352,6.45177
2,97,98.0,10.0,1.0,1.0,79.0,1.0,1.0,1.0,0.99998444,1.0,-0.0,0.0,-1.552786e-05,-0.0,0.42021012,2.8949776,0.76959056,4.2574487,0.3944613,2.720549,1.0,6.8612695,-4.326012,0.3472222,28.442045,0.0,0.0,0.0,1.0,0.0,0,10.595197,9.765215,0.34285015,0.0,3.5859048,7.302939,0.0,0.0,3.1065855,7.0024967
3,97,98.0,10.0,1.0,1.0,79.0,1.0,1.0,1.0,0.9922838,1.0,-0.0,0.0,-1.5849708e-05,-0.007700327,0.45226663,2.6080198,0.95459723,5.462019,0.30947062,2.4273958,0.0,6.949862,-7.018132,0.3148148,27.771297,0.0,0.0,0.0,1.0,0.0,0,10.136898,8.793909,0.57685864,0.0,3.950525,8.642581,0.0,0.0,4.641464,7.530851
0,98,99.0,10.0,1.0,1.0,80.0,1.0,1.0,1.0,0.9815441,1.0,-0.0,0.0,-1.3991249e-05,-0.018441938,0.5055584,2.7705123,0.8717953,6.106516,0.398602,2.5457559,0.0,6.2617803,-7.8150034,0.32407406,26.99956,0.0,0.0,0.0,1.0,0.0,0,9.04856,8.068969,1.518999,0.0,4.7101173,8.530783,0.0,0.0,5.0736794,6.628139
1,98,99.0,10.0,1.0,1.0,80.0,1.0,1.0,1.0,0.9999872,1.0,-0.0,0.0,-1.282212e-05,-0.0,0.45758152,2.9337313,0.696633,3.9629908,0.36947194,4.7814565,1.0,7.601038,-3.3222315,0.3287037,29.018997,0.0,0.0,0.0,1.0,0.0,0,9.726311,8.295134,0.6710883,0.0,4.275447,6.9066815,0.0,0.0,3.773118,5.9080505
2,98,99.0,10.0,1.0,1.0,80.0,1.0,1.0,1.0,0.9842264,1.0,-0.0,0.0,-1.2800289e-05,-0.015760783,0.52203536,2.7976587,0.8621224,5.9456463,0.38806146,2.4131656,0.0,5.8221116,-2.5547585,0.3472222,29.08277,0.0,0.0,0.0,1.0,0.0,0,11.649122,10.458307,0.56368816,0.0,3.6420891,7.073003,0.0,0.0,3.3264604,7.0469365
3,98,99.0,10.0,1.0,1.0,80.0,1.0,1.0,1.0,0.97508246,1.0,-0.0,0.0,-1.2530459e-05,-0.024905004,0.43683535,2.6027558,0.9840013,6.4943,0.31865364,2.947318,0.0,6.506261,-7.520221,0.3148148,28.320568,0.0,0.0,0.0,1.0,0.0,0,9.646216,8.419327,0.77978355,0.0,4.302782,9.212471,0.0,0.0,4.79262,7.3685718
0,99,100.0,10.0,1.0,1.0,81.0,1.0,1.0,1.0,0.97614026,1.0,-0.0,0.0,-1.0993641e-05,-0.02384878,0.4644122,2.6992137,0.89333355,6.4309263,0.38182092,2.9813817,0.0,6.235361,-8.399564,0.32407406,27.584484,0.0,0.0,0.0,1.0,0.0,0,8.84699,8.334252,1.1796972,0.0,4.3195386,8.564285,0.0,0.0,5.350456,6.250881
1,99,100.0,10.0,1.0,1.0,81.0,1.0,1.0,1.0,0.9999884,1.0,-0.0,0.0,-1.163201e-05,-0.0,0.47622436,2.8099208,0.74889797,4.6719723,0.35646784,4.304992,1.0,7.2802267,-2.9470568,0.3287037,29.640871,0.0,0.0,0.0,1.0,0.0,0,8.915818,8.017487,0.67605674,0.0,4.469032,7.076216,0.0,0.0,3.4820788,5.658803
2,99,100.0,10.0,1.0,1.0,81.0,1.0,1.0,1.0,0.9867552,1.0,-0.0,0.0,-1.1892555e-05,-0.013232887,0.43685323,2.772112,0.861532,5.793973,0.3783246,2.042883,0.0,6.0781865,-4.071272,0.3472222,29.638237,0.0,0.0,0.0,1.0,0.0,0,10.669331,9.585145,0.508797,0.0,3.6005483,7.4739833,0.0,0.0,2.9886658,6.7205014
3,99,100.0,10.0,1.0,1.0,81.0,1.0,1.0,1.0,0.9727465,1.0,-0.0,0.0,-1.0327149e-05,-0.027243204,0.40626583,2.5903275,0.9788732,6.634592,0.31842694,3.3077316,0.0,6.6044984,-8.1281395,0.3148148,28.8516,0.0,0.0,0.0,1.0,0.0,0,9.232837,8.197869,0.3787478,0.0,4.5028076,8.925717,0.0,0.0,4.663079,6.991862
0,100,101.0,10.0,1.0,1.0,82.0,1.0,1.0,1.0,0.98185647,1.0,-0.0,0.0,-1.4105596e-05,-0.018129421,0.5346596,2.7388737,0.882465,6.0877647,0.36790684,3.1610682,0.0,6.18976,-8.096057,0.32407406,28.086359,0.0,0.0,0.0,1.0,0.0,0,8.427691,7.702881,0.7900235,0.0,4.791494,8.228159,0.0,0.0,5.392104,6.057545
1,100,101.0,10.0,1.0,1.0,82.0,1.0,1.0,1.0,0.99998665,1.0,-0.0,0.0,-1.33700005e-05,-0.0,0.5049411,2.8560803,0.7107371,4.12995,0.34362796,3.977188,1.0,7.5333524,-3.4544635,0.3287037,30.153873,0.0,0.0,0.0,1.0,0.0,0,8.815128,8.012899,0.4463654,0.0,4.2304754,6.7018957,0.0,0.0,3.7772856,5.7109513
2,100,101.0,10.0,1.0,1.0,82.0,1.0,1.0,1.0,0.9991363,1.0,-0.0,0.0,-1.5064601e-05,-0.00084857986,0.49674883,2.8117416,0.80910397,5.0509143,0.3624504,1.8053129,0.0,6.413681,-4.540395,0.3472222,30.183147,0.0,0.0,0.0,1.0,0.0,0,10.500292,9.430146,0.40930673,0.0,3.611429,7.3663106,0.0,0.0,3.2276309,6.4488344
3,100,101.0,10.0,1.0,1.0,82.0,1.0,1.0,1.0,0.97955287,1.0,-0.0,0.0,-9.379605e-06,-0.020437762,0.45309886,2.651331,0.9314389,6.2262654,0.30809873,3.3058376,0.0,6.7068315,-8.006875,0.3148148,29.315624,0.0,0.0,0.0,1.0,0.0,0,8.69896,7.941144,0.41139674,0.0,4.326539,8.83532,0.0,0.0,4.8778534,6.8840523
0,101,102.0,10.0,1.0,1.0,83.0,1.0,1.0,1.0,0.99004203,1.0,-0.0,0.0,-1.3195069e-05,-0.009944777,0.631889,2.842124,0.8361428,5.5966864,0.35443088,3.6033592,0.0,6.2120504,-7.732707,0.32407406,28.586712,0.0,0.0,0.0,1.0,0.0,0,8.655768,7.919801,0.676344,0.0,4.3893704,7.8184237,0.0,0.0,5.2563663,6.0297604
1,101,102.0,10.0,1.0,1.0,83.0,1.0,1.0,1.0,0.9999862,1.0,-0.0,0.0,-1.3848055e-05,-0.0,0.5451143,2.9899743,0.6455003,3.4178374,0.3277994,3.7112365,1.0,7.8880944,-3.9200895,0.3287037,30.630306,0.0,0.0,0.0,1.0,0.0,0,8.834299,7.9985037,0.4064833,0.0,3.9402642,6.3925595,0.0,0.0,3.7241023,5.7952447
2,101,102.0,10.0,1.0,1.0,83.0,1.0,1.0,1.0,0.9999845,1.0,-0.0,0.0,-1.5468024e-05,-0.0,0.5735528,2.9154513,0.7605371,4.402808,0.3456955,1.7390631,1.0,6.5544257,-4.546527,0.3472222,30.628687,0.0,0.0,0.0,1.0,0.0,0,9.96945,9.217897,0.27069682,0.0,3.9774883,7.208485,0.0,0.0,3.307029,6.3944907
3,101,102.0,10.0,1.0,1.0,83.0,1.0,1.0,1.0,0.9859874,1.0,-0.0,0.0,-1.019613e-05,-0.014002393,0.5607065,2.7305944,0.8949038,5.840143,0.29721776,3.7091262,0.0,6.6633844,-7.383412,0.3148148,29.7783,0.0,0.0,0.0,1.0,0.0,0,8.87581,7.968593,0.35329857,0.0,4.3312373,8.6837635,0.0,0.0,5.009814,6.880588
0,102,103.0,10.0,1.0,1.0,84.0,1.0,1.0,1.0,0.99110436,1.0,-0.0,0.0,-1.3152791e-05,-0.008882462,0.6578606,2.8328521,0.84236366,5.532947,0.3482654,4.2853074,0.0,6.1346254,-7.801097,0.32407406,28.945232,0.0,0.0,0.0,1.0,0.0,0,8.521661,7.628681,0.6401527,0.0,4.2892175,7.826362,0.0,0.0,5.0053196,6.533323
1,102,103.0,10.0,1.0,1.0,84.0,1.0,1.0,1.0,0.99998826,1.0,-0.0,0.0,-1.1752199e-05,-0.0,0.51701105,2.9868824,0.606921,3.1548712,0.3137729,3.3188355,1.0,8.106996,-4.7641573,0.3287037,30.983845,0.0,0.0,0.0,1.0,0.0,0,8.87693,7.936308,0.4163432,0.0,4.0602546,6.3686438,0.0,0.0,3.5093217,6.30027
2,102,103.0,10.0,1.0,1.0,84.0,1.0,1.0,1.0,0.99998796,1.0,-0.0,0.0,-1.2041302e-05,-0.0,0.50008523,2.9026096,0.71131414,3.9050844,0.3305513,1.7905111,1.0,6.939383,-5.8323426,0.3472222,30.985239,0.0,0.0,0.0,1.0,0.0,0,9.778389,9.099414,0.18931065,0.0,3.8807988,6.996315,0.0,0.0,2.8960829,6.8625455
3,102,103.0,10.0,1.0,1.0,84.0,1.0,1.0,1.0,0.99749255,1.0,-0.0,0.0,-1.1176751e-05,-0.0024962206,0.5483847,2.7523532,0.84265697,5.1497726,0.28732714,4.053612,0.0,6.992799,-8.222036,0.3148148,30.120024,0.0,0.0,0.0,1.0,0.0,0,8.550148,7.6405206,0.26659608,0.0,4.0352206,8.631041,0.0,0.0,4.9656105,7.3085623
0,103,104.0,10.0,1.0,1.0,85.0,1.0,1.0,1.0,0.9961298,1.0,-0.0,0.0,-8.881334e-06,-0.0038612909,0.6648444,2.7980404,0.83891565,5.231677,0.3366698,4.7441425,0.0,6.323504,-7.9272437,0.32407406,29.235966,0.0,0.0,0.0,1.0,0.0,0,8.609075,7.7414446,0.5637763,0.0,3.7917442,7.442041,0.0,0.0,4.748594,6.9996495
1,103,104.0,10.0,1.0,1.0,85.0,1.0,1.0,1.0,0.9999907,1.0,-0.0,0.0,-9.3183035e-06,-0.0,0.5229652,2.9649024,0.57308257,3.014282,0.2986221,3.020508,1.0,8.187746,-4.8468795,0.3287037,31.270975,0.0,0.0,0.0,1.0,0.0,0,8.723881,7.6691766,0.4794325,0.0,3.951518,6.0929275,0.0,0.0,3.1124449,6.7580686
2,103,104.0,10.0,1.0,1.0,85.0,1.0,1.0,1.0,0.9999918,1.0,-0.0,0.0,-8.253591e-06,-0.0,0.4602991,2.912526,0.6537023,3.2650955,0.31936535,1.9802358,1.0,7.446925,-6.923887,0.3472222,31.239164,0.0,0.0,0.0,1.0,0.0,0,9.933815,8.913131,0.23050065,0.0,3.8701577,6.953437,0.0,0.0,3.166395,7.2424083
3,103,104.0,10.0,1.0,1.0,85.0,1.0,1.0,1.0,0.9981648,1.0,-0.0,0.0,-8.039178e-06,-0.0018271966,0.6119866,2.7389061,0.8117924,5.1096315,0.27885568,4.3144383,0.0,7.0032825,-7.444121,0.3148148,30.399359,0.0,0.0,0.0,1.0,0.0,0,8.446597,7.313628,0.43641692,0.0,4.1258106,8.557822,0.0,0.0,4.663356,7.8260136
0,104,105.0,10.0,1.0,1.0,86.0,1.0,1.0,1.0,0.999279,1.0,-0.0,0.0,-9.421507e-06,-0.0007115421,0.68983173,2.9889793,0.7800129,4.4887424,0.32835612,5.042692,0.0,6.860641,-8.510401,0.32407406,29.313513,0.0,0.0,0.0,1.0,0.0,0,8.219366,7.597445,0.6492418,0.0,4.207863,7.0317903,0.0,0.0,4.4083014,7.5622554
1,104,105.0,10.0,1.0,1.0,86.0,1.0,1.0,1.0,0.99999076,1.0,-0.0,0.0,-9.265267e-06,-0.0,0.60036296,3.1307359,0.5277816,2.8250008,0.28591615,2.8845015,1.0,8.228482,-4.2677317,0.3287037,31.346153,0.0,0.0,0.0,1.0,0.0,0,8.766878,7.7363496,0.42391744,0.0,4.1599584,5.826196,0.0,0.0,2.8499446,7.1852593
2,104,105.0,10.0,1.0,1.0,86.0,1.0,1.0,1.0,0.99999124,1.0,-0.0,0.0,-8.773513e-06,-0.0,0.5145632,3.1121044,0.5730145,2.5439105,0.310018,2.1103523,1.0,7.88909,-7.2226396,0.3472222,31.356842,0.0,0.0,0.0,1.0,0.0,0,9.951401,8.99933,0.09350541,0.0,4.019701,6.822954,0.0,0.0,2.6669288,7.6194863
3,104,105.0,10.0,1.0,1.0,86.0,1.0,1.0,1.0,0.9999917,1.0,-0.0,0.0,-8.2888655e-06,-0.0,0.7273328,2.902033,0.76855385,4.849255,0.26724365,4.492055,1.0,7.063053,-6.43964,0.3148148,30.453655,0.0,0.0,0.0,1.0,0.0,0,8.278921,7.27261,0.29986474,0.0,4.17083,8.424351,0.0,0.0,4.374113,8.311046
0,105,106.0,10.0,1.0,1.0,87.0,1.0,1.0,1.0,0.99308866,1.0,-0.0,0.0,-9.606719e-06,-0.006901735,0.60429573,2.7938957,0.7727011,5.052929,0.33025885,5.3611746,0.0,6.1094875,-8.438554,0.32407406,29.606937,0.0,0.0,0.0,1.0,0.0,0,8.24731,7.6913114,0.8239555,0.0,4.5797186,7.2283506,0.0,0.0,4.3321285,7.7185082
1,105,106.0,10.0,1.0,1.0,87.0,1.0,1.0,1.0,0.9999889,1.0,-0.0,0.0,-1.1102053e-05,-0.0,0.34240484,2.9874313,0.47693262,2.6820097,0.27413908,2.7443259,1.0,8.38012,-7.091657,0.3287037,31.60534,0.0,0.0,0.0,1.0,0.0,0,8.926687,8.015377,0.59085447,0.0,4.130866,5.8416843,0.0,0.0,2.4999814,7.5484257
2,105,106.0,10.0,1.0,1.0,87.0,1.0,1.0,1.0,0.9999905,1.0,-0.0,0.0,-9.497193e-06,-0.0,0.415178,2.8910804,0.5822274,3.2177625,0.30110547,2.1125762,1.0,7.329111,-7.1475263,0.3472222,31.668404,0.0,0.0,0.0,1.0,0.0,0,10.42016,9.302407,0.4969741,0.0,4.195636,6.6753197,0.0,0.0,2.366815,7.8996806
3,105,106.0,10.0,1.0,1.0,87.0,1.0,1.0,1.0,0.9973717,1.0,-0.0,0.0,-1.0576448e-05,-0.0026177624,0.53292143,2.7046442,0.7565325,5.1570654,0.2628597,4.7875113,0.0,6.8812795,-7.967485,0.3148148,30.746958,0.0,0.0,0.0,1.0,0.0,0,8.247374,7.0630784,0.72308785,0.0,4.3630905,8.424193,0.0,0.0,3.9815445,8.742586
0,106,107.0,10.0,1.0,1.0,88.0,1.0,1.0,1.0,0.98966026,1.0,-0.0,0.0,-8.67913e-06,-0.010331038,0.7062495,2.7592204,0.7238203,4.5357614,0.32195517,5.6198616,0.0,6.498933,-8.662996,0.32407406,29.655338,0.0,0.0,0.0,1.0,0.0,0,8.3028145,7.667043,0.6502825,0.0,4.3314724,6.916395,0.0,0.0,3.8230135,7.690176
1,106,107.0,10.0,1.0,1.0,88.0,1.0,1.0,1.0,0.9999919,1.0,-0.0,0.0,-8.111803e-06,-0.0,0.4415292,3.0032425,0.40417337,2.2437406,0.26562396,2.6354935,1.0,8.964425,-7.593883,0.3287037,31.70495,0.0,0.0,0.0,1.0,0.0,0,8.777737,7.869281,0.3524915,0.0,4.246162,5.8436284,0.0,0.0,2.647264,7.46963
2,106,107.0,10.0,1.0,1.0,88.0,1.0,1.0,1.0,0.999992,1.0,-0.0,0.0,-8.003006e-06,-0.0,0.6166514,2.7727377,0.590621,3.5073621,0.2938987,2.1850638,1.0,7.2183323,-5.5173745,0.3472222,31.756544,0.0,0.0,0.0,1.0,0.0,0,10.007981,9.177477,0.1640273,0.05139749,4.188544,6.66289,0.0,0.0,2.3482187,7.920625
3,106,107.0,10.0,1.0,1.0,88.0,1.0,1.0,1.0,0.9998746,1.0,-0.0,0.0,-8.518989e-06,-0.00011686027,0.69022626,2.6785753,0.6907693,4.6615715,0.25782892,5.0070114,0.0,7.2115893,-7.67499,0.3148148,30.83288,0.0,0.0,0.0,1.0,0.0,0,8.215328,7.2850733,0.22398026,0.0,4.135813,8.18045,0.0,0.0,3.7968569,8.737685
0,107,108.0,10.0,1.0,1.0,89.0,1.0,1.0,1.0,0.994513,1.0,-0.0,0.0,-7.983141e-06,-0.0054790284,0.55925137,2.5152245,0.7279533,5.0224676,0.31417933,5.3062735,0.0,6.061392,-8.610251,0.32407406,30.19165,0.0,0.0,0.0,1.0,0.0,0,8.776112,7.2834263,1.1899501,0.0,4.812129,7.146952,0.0,0.0,3.2715704,8.160267
1,107,108.0,10.0,1.0,1.0,89.0,1.0,1.0,1.0,0.99999124,1.0,-0.0,0.0,-8.741473e-06,-0.0,0.28395447,2.7814221,0.38352993,2.4312623,0.26324508,2.6635594,1.0,8.770708,-8.155714,0.3287037,32.19606,0.0,0.0,0.0,1.0,0.0,0,9.333354,8.051063,0.77176434,0.0,4.460118,6.1608515,0.0,0.0,2.4267974,7.573564
2,107,108.0,10.0,1.0,1.0,89.0,1.0,1.0,1.0,0.9999906,1.0,-0.0,0.0,-9.3975295e-06,-0.0,0.2913313,2.6427298,0.48400807,2.6840515,0.29504156,1.5963877,1.0,7.893095,-8.3185835,0.3472222,32.20822,0.0,0.0,0.0,1.0,0.0,0,10.657902,9.414358,0.30488583,0.0,4.684453,7.155263,0.0,0.0,2.1665316,7.9476295
3,107,108.0,10.0,1.0,1.0,89.0,1.0,1.0,1.0,0.9958252,1.0,-0.0,0.0,-9.143663e-06,-0.004165718,0.5007759,2.4833624,0.6637329,5.1905093,0.25233644,5.059433,0.0,7.1758347,-8.619665,0.3148148,31.29965,0.0,0.0,0.0,1.0,0.0,0,8.708746,7.389176,0.65758806,0.0,4.372602,8.20879,0.0,0.0,3.3950171,9.203054
0,108,109.0,10.0,1.0,1.0,90.0,1.0,1.0,1.0,0.9962171,1.0,-0.0,0.0,-8.249773e-06,-0.0037746967,0.5744904,2.487742,0.70628226,5.0252724,0.3085872,5.2012086,0.0,6.147076,-8.616993,0.32407406,30.457092,0.0,0.0,0.0,1.0,0.0,0,9.066404,7.140493,0.72662336,0.0,4.630315,7.5990005,0.0,0.0,3.4300005,7.688483
1,108,109.0,10.0,1.0,1.0,90.0,1.0,1.0,1.0,0.99999315,1.0,-0.0,0.0,-6.826457e-06,-0.0,0.3095558,2.7487643,0.36167687,2.5312636,0.25519043,2.6405377,1.0,8.828795,-8.123404,0.3287037,32.444603,0.0,0.0,0.0,1.0,0.0,0,9.403147,7.8385606,0.60812217,0.0,4.605048,6.0036926,0.0,0.0,2.5772667,7.529516
2,108,109.0,10.0,1.0,1.0,90.0,1.0,1.0,1.0,0.99999315,1.0,-0.0,0.0,-6.8253466e-06,-0.0,0.34101737,2.6119952,0.46649888,2.7537222,0.28808206,1.6337047,1.0,8.016014,-8.345165,0.35185185,32.42007,0.0,0.0,0.0,1.0,0.0,0,10.8660345,9.311969,0.3846894,0.20353954,4.408473,7.167834,0.0,0.0,2.0992148,7.6239657
3,108,109.0,10.0,1.0,1.0,90.0,1.0,1.0,1.0,0.99076873,1.0,-0.0,0.0,-7.537298e-06,-0.009223779,0.5269125,2.4470496,0.6493146,5.387108,0.25440305,5.166318,0.0,7.2695203,-8.643523,0.3148148,31.568817,0.0,0.0,0.0,1.0,0.0,0,8.74792,7.3583574,0.56061566,0.0,4.3904085,8.389711,0.0,0.0,3.4630706,9.079409
0,109,110.0,10.0,1.0,1.0,91.0,1.0,1.0,1.0,0.99563557,1.0,-0.0,0.0,-1.0665486e-05,-0.0043537687,0.55825114,2.3093417,0.764598,5.2612257,0.29789528,4.8907323,0.0,5.8229527,-8.540454,0.3287037,30.747742,0.0,0.0,0.0,1.0,0.0,0,9.153212,8.766218,0.9092754,0.0,3.6677244,7.702582,0.344774,0.0,3.1922278,7.806413
1,109,110.0,10.0,1.0,1.0,91.0,1.0,1.0,1.0,0.9999917,1.0,-0.0,0.0,-8.266128e-06,-0.0,0.31542462,2.6440418,0.34301254,2.604422,0.2538415,2.671775,1.0,8.799063,-8.0841255,0.3287037,32.717506,0.0,0.0,0.0,1.0,0.0,0,9.888401,8.169623,0.71260506,0.0,4.6010203,6.140669,0.0,0.0,1.9244195,7.5659537
2,109,110.0,10.0,1.0,1.0,91.0,1.0,1.0,1.0,0.99999285,1.0,-0.0,0.0,-7.1659606e-06,-0.0,0.33290106,2.4965117,0.46031144,2.9160788,0.28641322,1.3463701,1.0,8.022404,-8.318578,0.3564815,32.740585,0.0,0.0,0.0,1.0,0.0,0,11.057545,9.488409,0.54945874,0.4791684,3.8869517,7.427545,0.0,0.0,2.2633026,7.509247
3,109,110.0,10.0,1.0,1.0,91.0,1.0,1.0,1.0,0.98569995,1.0,-0.0,0.0,-9.732923e-06,-0.014290335,0.5293358,2.2875006,0.6792953,5.6634417,0.25524884,5.193978,0.0,7.026911,-8.610019,0.3287037,31.86147,0.0,0.0,0.0,1.0,0.0,0,9.295362,7.6093135,0.5745581,0.0,4.3879566,8.499213,0.0,0.0,3.1598988,8.879786
0,110,111.0,10.0,1.0,1.0,92.0,1.0,1.0,1.0,0.9999927,1.0,-0.0,0.0,-7.290924e-06,-0.0,0.89052653,2.5224442,0.67362285,3.57982,0.2887839,4.920736,1.0,6.807403,-6.564728,0.3287037,31.278128,0.0,0.0,0.0,1.0,0.0,0,9.021073,8.152011,0.60868645,0.0,4.1549363,6.900404,0.9048615,0.0,3.302704,8.5046015
1,110,111.0,10.0,1.0,1.0,92.0,1.0,1.0,1.0,0.99999315,1.0,-0.0,0.0,-6.866998e-06,-0.0,0.6871257,2.8404462,0.26033613,1.8468899,0.24879524,2.3151646,1.0,9.332835,-5.339427,0.3287037,33.182922,0.0,0.0,0.0,1.0,0.0,0,8.829016,8.188403,0.6539768,0.0,3.7881253,6.2742524,0.0,0.0,1.9318761,7.850076
2,110,111.0,10.0,1.0,1.0,92.0,1.0,1.0,1.0,0.9999936,1.0,-0.0,0.0,-6.403844e-06,-0.0,0.7436391,2.603482,0.41237426,1.3654195,0.27649868,1.4144117,1.0,8.295808,-4.90868,0.3564815,33.15,0.0,0.0,0.0,1.0,0.0,0,10.340575,9.7231655,0.21260126,0.109816894,3.1632817,6.88502,0.0,0.0,2.131176,8.187011
3,110,111.0,10.0,1.0,1.0,92.0,1.0,1.0,1.0,0.99237293,1.0,-0.0,0.0,-7.96022e-06,-0.007619069,0.95423687,2.404787,0.6014629,4.634622,0.26987773,5.457144,0.0,7.135506,-4.746748,0.3287037,32.29597,0.0,0.0,0.0,1.0,0.0,0,8.916493,8.035231,0.65383136,0.0,3.9282615,8.2534685,0.0,0.0,3.3574157,9.216922
0,111,112.0,10.0,1.0,1.0,93.0,1.0,1.0,1.0,0.9999825,1.0,-0.0,0.0,-1.752676e-05,-0.0,0.691174,2.59641,0.56133276,2.7101715,0.29641354,4.7148423,1.0,7.926795,-8.760612,0.3287037,31.675282,0.0,0.0,0.0,1.0,0.0,0,9.43279,7.7335343,0.3981322,0.0,4.8073444,7.7564893,0.3168885,0.0,2.8129575,7.983653
1,111,112.0,10.0,1.0,1.0,93.0,1.0,1.0,1.0,0.99998367,1.0,-0.0,0.0,-1.6323058e-05,-0.0,0.5540229,2.8469176,0.19580516,2.1110938,0.24860078,2.1062682,1.0,9.860552,-6.4322968,0.3287037,33.550922,0.0,0.0,0.0,1.0,0.0,0,8.763443,8.078786,0.49071354,0.0,4.4320087,6.302238,0.0,0.0,1.7679226,8.026254
2,111,112.0,10.0,1.0,1.0,93.0,1.0,1.0,1.0,0.99998426,1.0,-0.0,0.0,-1.5741833e-05,-0.0,0.6432735,2.571019,0.35024157,1.2990305,0.27699932,1.3671381,1.0,8.676157,-5.3744054,0.3564815,33.49847,0.0,0.0,0.0,1.0,0.0,0,10.177625,9.441669,0.16069846,0.07785208,4.3525844,7.223845,0.0,0.0,2.201685,8.000221
3,111,112.0,10.0,1.0,1.0,93.0,1.0,1.0,1.0,0.9892636,1.0,-0.0,0.0,-1.8375347e-05,-0.010718039,0.9049397,2.3534796,0.5721824,4.9073524,0.29033163,5.643082,0.0,7.360207,-4.264592,0.3287037,32.613216,0.0,0.0,0.0,1.0,0.0,0,8.528119,7.4439783,0.68983406,0.0,4.2570887,8.277107,0.0,0.0,2.871331,9.448368
0,112,113.0,10.0,1.0,1.0,94.0,1.0,1.0,1.0,0.99998397,1.0,-0.0,0.0,-1.6029806e-05,-0.0,0.8344632,2.4576073,0.6699517,3.3577607,0.29306072,4.6231203,1.0,7.086926,-4.7717476,0.3287037,32.27499,0.0,0.0,0.0,1.0,0.0,0,8.771178,7.3460555,0.87658185,0.0,4.424516,7.330614,0.7025308,0.0,3.261089,8.531946
1,112,113.0,10.0,1.0,1.0,94.0,1.0,1.0,1.0,0.999989,1.0,-0.0,0.0,-1.1040625e-05,-0.0,0.5447242,2.8447895,0.1651678,2.2437406,0.2524441,1.9374808,1.0,10.073607,-5.59219,0.3287037,34.101273,0.0,0.0,0.0,1.0,0.0,0,9.290022,8.297411,0.7715627,0.0,5.031941,6.9293137,0.0,0.0,1.4923251,8.138762
2,112,113.0,10.0,1.0,1.0,94.0,1.0,1.0,1.0,0.9999892,1.0,-0.0,0.0,-1.0762227e-05,-0.0,0.5787022,2.6329834,0.27056393,1.0102593,0.27410576,1.2808272,1.0,9.614926,-5.8928065,0.3564815,34.038036,0.0,0.0,0.0,1.0,0.0,0,9.581811,8.634851,0.03597995,0.0,4.0685973,6.9096556,0.0,0.0,2.0450842,7.790091
3,112,113.0,10.0,1.0,1.0,94.0,1.0,1.0,1.0,0.9893188,1.0,-0.0,0.0,-1.1737509e-05,-0.01066946,0.7888749,2.4289422,0.4701396,3.3943956,0.3100301,5.640167,0.0,8.0281515,-5.53919,0.3287037,33.177795,0.0,0.0,0.0,1.0,0.0,0,8.8670845,7.738281,0.3398967,0.0,4.597874,8.268776,0.3037342,0.0,2.901472,9.398194
0,113,114.0,10.0,1.0,1.0,95.0,1.0,1.0,1.0,0.99998987,1.0,-0.0,0.0,-1.01458545e-05,-0.0,0.7098004,2.3751256,0.60503495,2.7710078,0.2953622,4.525221,1.0,7.912295,-5.5871167,0.3287037,32.73826,0.0,0.0,0.0,1.0,0.0,0,8.782302,7.8468165,0.53083616,0.0,4.2957277,7.5033545,0.5960122,0.0,3.0874505,8.314418
1,113,114.0,10.0,1.0,1.0,95.0,1.0,1.0,1.0,0.9999882,1.0,-0.0,0.0,-1.18219e-05,-0.0,0.5071051,2.7512498,0.1566231,2.2804189,0.26104954,1.8247188,1.0,10.107893,-4.724866,0.3287037,34.527187,0.0,0.0,0.0,1.0,0.0,0,9.504865,8.197678,0.36364305,0.0,3.8914335,6.226175,0.0,0.0,1.4348159,7.9084997
2,113,114.0,10.0,1.0,1.0,95.0,1.0,1.0,1.0,0.9999874,1.0,-0.0,0.0,-1.2593157e-05,-0.0,0.38767233,2.6272163,0.18835272,2.2170691,0.27446002,1.2611208,1.0,10.90869,-8.099667,0.3564815,34.49895,0.0,0.0,0.0,1.0,0.0,0,9.707708,8.823604,0.034537632,0.0,4.11193,7.2641373,0.0,0.0,1.4758645,8.428715
3,113,114.0,10.0,1.0,1.0,95.0,1.0,1.0,1.0,0.9898352,1.0,-0.0,0.0,-1.50794085e-05,-0.010149746,0.6412942,2.3552139,0.4111182,2.870901,0.32510173,5.6089845,0.0,8.662859,-6.4990315,0.3287037,33.60248,0.0,0.0,0.0,1.0,0.0,0,8.575931,7.3538103,0.71685225,0.0,4.344712,8.361872,0.2019919,0.0,2.5218124,9.476479
0,114,115.0,10.0,1.0,1.0,96.0,1.0,1.0,1.0,0.9999881,1.0,-0.0,0.0,-1.1920948e-05,-0.0,0.55719316,2.628077,0.5231375,2.6523685,0.29935426,4.3084455,1.0,9.153324,-8.361544,0.3287037,33.33318,0.0,0.0,0.0,1.0,0.0,0,9.3748455,8.162966,0.5642549,0.0,3.201365,7.606438,0.34159264,0.0,3.0246823,8.195891
1,114,115.0,10.0,1.0,1.0,96.0,1.0,1.0,1.0,0.99998885,1.0,-0.0,0.0,-1.1162552e-05,-0.0,0.4923664,2.8522096,0.16840889,2.2021914,0.26848167,1.7870107,1.0,9.852891,-4.194011,0.3287037,35.04836,0.0,0.0,0.0,1.0,0.0,0,9.089879,7.9377875,0.59099585,0.0,4.4824834,6.47298,0.0,0.0,1.2379469,8.217789
2,114,115.0,10.0,1.0,1.0,96.0,1.0,1.0,1.0,0.9999886,1.0,-0.0,0.0,-1.1368075e-05,-0.0,0.4218098,2.7022295,0.2925459,1.9987271,0.26322857,0.82233816,1.0,10.481054,-6.6237626,0.3564815,34.96559,0.0,0.0,0.0,1.0,0.0,0,9.424932,8.675167,0.05753971,0.0,4.980205,7.1141925,0.0,0.0,1.3942425,8.398528
3,114,115.0,10.0,1.0,1.0,96.0,1.0,1.0,1.0,0.99152666,1.0,-0.0,0.0,-1.1636597e-05,-0.008461687,0.6298762,2.4871156,0.4003601,2.1947145,0.33779448,5.507701,0.0,8.79607,-6.875298,0.3287037,34.113464,0.0,0.0,0.0,1.0,0.0,0,8.910051,7.4572463,0.5097137,0.0,4.2557817,8.187526,0.21051854,0.0,2.1982913,9.799869
0,115,116.0,10.0,1.0,1.0,97.0,1.0,1.0,1.0,0.99682593,1.0,-0.0,0.0,-1.1494836e-05,-0.003162591,0.7017713,2.2031064,0.9696305,5.189755,0.28670835,3.9897656,0.0,6.8022146,-3.1190832,0.3287037,33.70134,0.0,0.0,0.0,1.0,0.0,0,9.586696,7.3198614,1.3711537,0.6993654,4.077971,7.495767,0.38361126,0.0,2.813892,8.511161
1,115,116.0,10.0,1.0,1.0,97.0,1.0,1.0,1.0,0.99998635,1.0,-0.0,0.0,-1.3645783e-05,-0.0,0.4259847,2.7933688,0.1686048,2.21495,0.26774013,1.9094021,1.0,9.892051,-4.104795,0.3287037,35.403553,0.0,0.0,0.0,1.0,0.0,0,9.251575,8.07678,0.51292205,0.0,3.9432766,6.4871106,0.0,0.0,1.4435585,8.1669
2,115,116.0,10.0,1.0,1.0,97.0,1.0,1.0,1.0,0.9999865,1.0,-0.0,0.0,-1.3472803e-05,-0.0,0.4867904,2.5672164,0.28198326,1.0892909,0.26162177,0.50821793,1.0,9.868963,-4.2806425,0.3564815,35.352905,0.0,0.0,0.0,1.0,0.0,0,9.931638,9.247075,0.114070736,0.0,4.1613746,7.1050897,0.0,0.0,1.3899381,8.217365
3,115,116.0,10.0,1.0,1.0,97.0,1.0,1.0,1.0,0.99564976,1.0,-0.0,0.0,-1.1408607e-05,-0.0043388847,0.62559694,2.3937843,0.4309683,3.043228,0.34467518,5.2603326,0.0,8.651833,-5.8736978,0.3287037,34.478157,0.0,0.0,0.0,1.0,0.0,0,8.797243,7.3291516,0.8823037,0.0,4.3377366,8.5635605,0.25592795,0.0,2.1650727,9.958115
0,116,117.0,10.0,1.0,1.0,98.0,1.0,1.0,1.0,0.98628914,1.0,-0.0,0.0,-1.0605928e-05,-0.01370025,0.818263,2.2816496,1.0377634,5.8220143,0.29547158,3.7122908,0.0,5.9117165,-0.84741414,0.3287037,34.225906,0.0,0.0,0.0,1.0,0.0,0,9.268199,7.8325477,0.578144,0.0,4.213862,7.475122,0.5034241,0.0,2.275374,9.039628
1,116,117.0,10.0,1.0,1.0,98.0,1.0,1.0,1.0,0.9999891,1.0,-0.0,0.0,-1.08978675e-05,-0.0,0.43094718,2.9135673,0.19353592,2.0894785,0.2800784,1.7525135,1.0,9.664749,-4.00987,0.3287037,35.885235,0.0,0.0,0.0,1.0,0.0,0,9.37532,8.129916,0.5733418,0.0,4.211427,6.809712,0.0,0.0,1.211815,8.63952
2,116,117.0,10.0,1.0,1.0,98.0,1.0,1.0,1.0,0.99998945,1.0,-0.0,0.0,-1.0538499e-05,-0.0,0.49200022,2.6295054,0.29583842,0.9930687,0.26228437,1.0102593,1.0,9.652659,-3.5047932,0.3564815,35.824436,0.0,0.0,0.0,1.0,0.0,0,9.657537,9.144621,0.0,0.0,4.364857,7.265668,0.0,0.0,1.3481331,8.216773
3,116,117.0,10.0,1.0,1.0,98.0,1.0,1.0,1.0,0.99986243,1.0,-0.0,0.0,-1.0311572e-05,-0.0001272763,0.7073548,2.4307265,0.49703562,3.5785077,0.34876,5.007636,0.0,8.142131,-4.312001,0.3287037,34.923107,0.0,0.0,0.0,1.0,0.0,0,8.834192,7.3121347,0.6405931,0.0,4.25497,8.686577,0.26049006,0.0,1.8656963,10.178395
0,117,118.0,10.0,1.0,1.0,99.0,1.0,1.0,1.0,0.9999823,1.0,-0.0,0.0,-1.7682132e-05,-0.0,0.66523516,2.3423371,0.9079963,4.808886,0.30426508,3.5131605,1.0,6.844269,-3.2376144,0.3287037,34.642212,0.0,0.0,0.0,1.0,0.0,0,9.043767,7.6510468,0.60026574,0.0,4.19195,7.623264,0.60444176,0.0,2.0554852,9.287067
1,117,118.0,10.0,1.0,1.0,99.0,1.0,1.0,1.0,0.99998474,1.0,-0.0,0.0,-1.5235286e-05,-0.0,0.47401935,2.8462799,0.21853748,2.0096622,0.27912953,1.7804285,1.0,9.471477,-3.1478052,0.3287037,36.250774,0.0,0.0,0.0,1.0,0.0,0,8.939887,7.6988316,0.7869986,0.0,4.5440288,6.60278,0.0,0.0,1.1532714,8.602327
2,117,118.0,10.0,1.0,1.0,99.0,1.0,1.0,1.0,0.99998647,1.0,-0.0,0.0,-1.3556748e-05,-0.0,0.47945902,2.5973923,0.25280735,1.3648462,0.2584086,1.5954068,1.0,10.012135,-3.555311,0.3564815,36.210823,0.0,0.0,0.0,1.0,0.0,0,9.418488,8.971242,0.11887514,0.0,4.327029,7.1532145,0.0,0.0,1.169785,8.260401
3,117,118.0,10.0,1.0,1.0,99.0,1.0,1.0,1.0,0.9999873,1.0,-0.0,0.0,-1.2718863e-05,-0.0,0.79126173,2.31428,0.5392832,4.4817605,0.35032487,4.7560096,1.0,7.979048,-2.5218017,0.3287037,35.287598,0.0,0.0,0.0,1.0,0.0,0,8.581334,6.9365735,1.2086992,0.0,4.317248,8.543241,0.38986173,0.0,1.77029,10.306908
0,118,119.0,10.0,1.0,1.0,100.0,1.0,1.0,1.0,0.99997884,1.0,-0.0,0.0,-2.1169699e-05,-0.0,0.42569375,2.578513,0.80901414,4.239759,0.31198627,3.4470286,1.0,8.038635,-7.3574214,0.3287037,35.19823,0.0,0.0,0.0,1.0,0.0,0,9.489191,8.240658,0.3434147,0.0,4.280476,7.643789,0.5250895,0.0,1.8091097,9.220654
1,118,119.0,10.0,1.0,1.0,100.0,1.0,1.0,1.0,0.99998665,1.0,-0.0,0.0,-1.3348452e-05,-0.0,0.34729874,2.9714053,0.2350606,1.9869442,0.29011413,1.5676925,1.0,9.362691,-4.9807067,0.3287037,36.7398,0.0,0.0,0.0,1.0,0.0,0,9.34759,8.335574,0.6890941,0.0,3.2995288,6.590003,0.0,0.0,1.0370545,8.474848
2,118,119.0,10.0,1.0,1.0,100.0,1.0,1.0,1.0,0.99998677,1.0,-0.0,0.0,-1.3260234e-05,-0.0,0.3779363,2.754495,0.25784218,1.4149649,0.256542,2.0336666,1.0,10.114857,-4.9112067,0.3564815,36.703884,0.0,0.0,0.0,1.0,0.0,0,9.376943,8.989018,0.0,0.0,4.2944503,7.163112,0.0,0.0,1.0884585,8.076668
3,118,119.0,10.0,1.0,1.0,100.0,1.0,1.0,1.0,0.9999861,1.0,-0.0,0.0,-1.3860534e-05,-0.0,0.70425534,2.4368901,0.56550753,4.382669,0.35261634,4.520027,1.0,7.7057123,-3.600912,0.3287037,35.757423,0.0,0.0,0.0,1.0,0.0,0,8.64873,7.156472,0.4716787,0.0,4.432842,8.648494,0.3955071,0.0,1.6690446,10.250891
0,119,120.0,10.0,1.0,1.0,101.0,1.0,1.0,1.0,0.9999853,1.0,-0.0,0.0,-1.4712067e-05,-0.0,0.48225522,2.604084,0.7709858,3.944775,0.30217177,2.9692798,1.0,8.298956,-6.995134,0.3287037,35.53221,0.0,0.0,0.0,1.0,0.0,0,9.322522,7.8833575,0.6067439,0.0,4.1777744,7.647025,0.69511306,0.0,2.051526,8.822217
1,119,120.0,10.0,1.0,1.0,101.0,1.0,1.0,1.0,0.99998885,1.0,-0.0,0.0,-1.11304125e-05,-0.0,0.44340158,2.9383998,0.26244694,1.9334368,0.2889344,1.6341836,1.0,9.14643,-3.9342875,0.3287037,37.03028,0.0,0.0,0.0,1.0,0.0,0,8.939688,7.86687,0.7392579,0.0,4.520016,6.3722706,0.0,0.0,0.90918607,8.33606
2,119,120.0,10.0,1.0,1.0,101.0,1.0,1.0,1.0,0.99998736,1.0,-0.0,0.0,-1.2651735e-05,-0.0,0.39900467,2.7817667,0.2192746,1.8557683,0.25629732,2.471495,1.0,10.491468,-5.1415257,0.3611111,37.04791,0.0,0.0,0.0,1.0,0.0,0,9.206983,8.819498,0.0012225547,0.0,4.412311,7.166063,0.0,0.0,0.86936,7.5804195
3,119,120.0,10.0,1.0,1.0,101.0,1.0,1.0,1.0,0.9999868,1.0,-0.0,0.0,-1.3170678e-05,-0.0,0.6689448,2.449417,0.52527165,3.8127825,0.35295025,4.3097177,1.0,8.003318,-4.708836,0.3287037,36.08782,0.0,0.0,0.0,1.0,0.0,0,8.51536,6.922438,0.99632615,0.0,4.345642,8.499888,0.488953,0.0,1.6127551,10.16824
0,120,121.0,10.0,1.0,1.0,102.0,1.0,1.0,1.0,0.99998647,1.0,-0.0,0.0,-1.3518186e-05,-0.0,0.45978874,2.7491693,0.7907382,4.0274568,0.30508852,2.9171524,1.0,7.983205,-7.499304,0.3287037,35.964878,0.0,0.0,0.0,1.0,0.0,0,9.286451,7.943009,0.5017675,0.0,4.2531695,7.503796,0.6339989,0.0,1.5655322,8.887109
1,120,121.0,10.0,1.0,1.0,102.0,1.0,1.0,1.0,0.9999873,1.0,-0.0,0.0,-1.267077e-05,-0.0,0.3593225,3.0603383,0.28425545,1.8692163,0.29259527,1.7368115,1.0,8.953306,-4.7835913,0.3287037,37.462143,0.0,0.0,0.0,1.0,0.0,0,9.411006,8.06713,0.48158878,0.0,3.0282993,6.3476176,0.0,0.0,0.7436594,8.249658
2,120,121.0,10.0,1.0,1.0,102.0,1.0,1.0,1.0,0.9999869,1.0,-0.0,0.0,-1.309787e-05,-0.0,0.3426209,2.9022167,0.23711924,1.607138,0.26560292,2.5580251,1.0,10.184488,-5.894931,0.3611111,37.480743,0.0,0.0,0.0,1.0,0.0,0,9.374381,8.861769,0.0,0.0,4.5883374,7.16531,0.0,0.0,0.7786937,7.428915
3,120,121.0,10.0,1.0,1.0,102.0,1.0,1.0,1.0,0.99998647,1.0,-0.0,0.0,-1.3534614e-05,-0.0,0.5618658,2.6150227,0.5267,3.3091514,0.35758674,4.1577206,1.0,7.950507,-6.6661816,0.33333334,36.541298,0.0,0.0,0.0,1.0,0.0,0,8.596613,7.1382923,0.42063987,0.0,4.66067,8.588207,0.48407862,0.0,1.767974,9.886385
0,121,122.0,10.0,1.0,1.0,103.0,1.0,1.0,1.0,0.9999891,1.0,-0.0,0.0,-1.0924108e-05,-0.0,0.5092293,2.7878675,0.7610954,3.7573547,0.30836695,2.8393724,1.0,8.205448,-7.5114107,0.33333334,36.207916,0.0,0.0,0.0,1.0,0.0,0,9.428517,7.7978854,0.63483536,0.0,4.097622,7.5417414,0.6497793,0.0,1.7760907,8.418607
1,121,122.0,10.0,1.0,1.0,103.0,1.0,1.0,1.0,0.9999894,1.0,-0.0,0.0,-1.0622064e-05,-0.0,0.43423697,3.0808182,0.3152423,1.8515455,0.3050914,1.601772,1.0,8.666214,-3.8234239,0.3287037,37.68165,0.0,0.0,0.0,1.0,0.0,0,8.894741,7.658463,0.9531007,0.0,4.4436197,6.327763,0.0,0.0,0.64757955,7.8912783
2,121,122.0,10.0,1.0,1.0,103.0,1.0,1.0,1.0,0.9999871,1.0,-0.0,0.0,-1.2892986e-05,-0.0,0.37990922,2.9625793,0.21654636,1.8022755,0.27052817,2.7599692,1.0,10.293576,-5.6510067,0.3611111,37.749573,0.0,0.0,0.0,1.0,0.0,0,9.105655,8.667555,0.003111902,0.0,4.513227,7.0653796,0.0,0.0,0.6689132,7.1897717
3,121,122.0,10.0,1.0,1.0,103.0,1.0,1.0,1.0,0.9999879,1.0,-0.0,0.0,-1.2072944e-05,-0.0,0.5616747,2.710128,0.49264678,2.736042,0.36242622,3.9995644,1.0,8.296045,-7.374738,0.33333334,36.832993,0.0,0.0,0.0,1.0,0.0,0,8.561312,6.8850136,0.9650289,0.0,4.4388494,8.423107,0.5005692,0.0,1.5857974,9.69964
0,122,123.0,10.0,1.0,1.0,104.0,1.0,1.0,1.0,0.99998844,1.0,-0.0,0.0,-1.1540129e-05,-0.0,0.40117353,2.5644774,0.7426514,3.4010768,0.31109384,2.7101715,1.0,8.1156845,-8.136412,0.33333334,36.272953,0.0,0.0,0.0,1.0,0.0,0,9.196506,7.7588444,0.5832919,0.0,4.138159,7.485391,0.71099067,0.0,1.7303376,8.262985
1,122,123.0,10.0,1.0,1.0,104.0,1.0,1.0,1.0,0.99998856,1.0,-0.0,0.0,-1.1415034e-05,-0.0,0.2111271,2.8626716,0.31436208,1.9289786,0.31668192,1.716412,1.0,8.769409,-5.8611298,0.33796296,37.739193,0.0,0.0,0.0,1.0,0.0,0,9.14476,8.111289,0.8601412,0.0,4.2071695,6.4243555,0.0,0.0,0.56425583,7.5170717
2,122,123.0,10.0,1.0,1.0,104.0,1.0,1.0,1.0,0.99998736,1.0,-0.0,0.0,-1.2633012e-05,-0.0,0.23831949,2.705912,0.23733182,1.4320102,0.27722022,2.8820581,1.0,9.960617,-6.256556,0.3611111,37.835304,0.0,0.0,0.0,1.0,0.0,0,8.946751,8.32779,0.21570723,0.0,4.481915,6.9629297,0.0,0.0,0.620031,6.9929743
3,122,123.0,10.0,1.0,1.0,104.0,1.0,1.0,1.0,0.9999884,1.0,-0.0,0.0,-1.1610476e-05,-0.0,0.40637478,2.4673734,0.5150367,3.1459262,0.3618622,3.6469789,1.0,8.206812,-8.265157,0.33333334,36.915638,0.0,0.0,0.0,1.0,0.0,0,8.467317,6.667454,1.1961709,0.0,4.425105,8.217826,0.5262023,0.0,1.3978198,9.473661
0,123,124.0,10.0,1.0,1.0,105.0,1.0,1.0,1.0,0.9999891,1.0,-0.0,0.0,-1.09118655e-05,-0.0,0.7435918,2.8871858,0.785575,3.6411788,0.31521645,2.579356,1.0,7.445238,-4.7430553,0.33333334,36.77521,0.0,0.0,0.0,1.0,0.0,0,9.42582,8.001725,0.5238501,0.0,3.641724,7.329441,0.48047835,0.0,1.2243682,7.9148583
1,123,124.0,10.0,1.0,1.0,105.0,1.0,1.0,1.0,0.99999064,1.0,-0.0,0.0,-9.36438e-06,-0.0,0.43904558,3.2001295,0.33463275,1.8337048,0.33977836,1.4531704,1.0,8.526639,-3.6417525,0.33796296,38.25792,0.0,0.0,0.0,1.0,0.0,0,9.643523,8.209476,0.6055628,0.0,2.426892,6.178257,0.0,0.0,0.49056223,6.6917996
2,123,124.0,10.0,1.0,1.0,105.0,1.0,1.0,1.0,0.9999891,1.0,-0.0,0.0,-1.0890675e-05,-0.0,0.61427057,2.992338,0.28501192,1.3056415,0.28490973,3.259817,1.0,9.293986,-1.447456,0.3611111,38.302143,0.0,0.0,0.0,1.0,0.0,0,10.285775,9.283506,0.0,0.0,4.451203,7.282422,0.0,0.0,1.4723908,5.881664
3,123,124.0,10.0,1.0,1.0,105.0,1.0,1.0,1.0,0.999989,1.0,-0.0,0.0,-1.1019516e-05,-0.0,0.7268574,2.7278416,0.57414174,3.3747363,0.36323205,3.302521,1.0,7.677875,-4.9624405,0.33333334,37.372063,0.0,0.0,0.0,1.0,0.0,0,8.513159,7.37614,0.5833427,0.0,3.7291608,7.9480786,0.45447916,0.0,1.3302494,8.925947
0,124,125.0,10.0,1.0,1.0,106.0,1.0,1.0,1.0,0.99998456,1.0,-0.0,0.0,-1.5466598e-05,-0.0,0.42037332,2.838521,0.70295537,3.0168777,0.3145593,2.2947898,1.0,7.9187427,-8.176198,0.33333334,36.93704,0.0,0.0,0.0,1.0,0.0,0,9.365241,7.881442,0.7635425,0.0,4.169661,7.2863517,0.49197203,0.0,1.4931009,7.438836
1,124,125.0,10.0,1.0,1.0,106.0,1.0,1.0,1.0,0.9999899,1.0,-0.0,0.0,-1.0083704e-05,-0.0,0.25023296,3.0984128,0.35503244,1.93546,0.35523525,1.4374657,1.0,8.178173,-4.8433805,0.3425926,38.380703,0.0,0.0,0.0,1.0,0.0,0,9.511633,7.837364,0.8757987,0.0,4.725139,5.9910455,0.0,0.0,0.41737893,6.329714
2,124,125.0,10.0,1.0,1.0,106.0,1.0,1.0,1.0,0.99998295,1.0,-0.0,0.0,-1.7053913e-05,-0.0,0.29385835,2.8896408,0.27191868,1.3971517,0.29618692,2.8893821,1.0,9.244521,-4.5723114,0.3611111,38.43605,0.0,0.0,0.0,1.0,0.0,0,9.524318,8.36907,0.48804122,0.0,4.7175527,6.659616,0.0,0.0,0.5668399,6.4267974
3,124,125.0,10.0,1.0,1.0,106.0,1.0,1.0,1.0,0.99998224,1.0,-0.0,0.0,-1.7754928e-05,-0.0,0.39148146,2.705852,0.53238934,2.7411869,0.36335477,2.9957874,1.0,7.8803015,-8.186026,0.33333334,37.563614,0.0,0.0,0.0,1.0,0.0,0,8.428118,6.820719,1.1165657,0.0,4.6276784,7.772418,0.34029284,0.0,1.2306417,8.465026
0,125,126.0,10.0,1.0,1.0,107.0,1.0,1.0,1.0,0.99998915,1.0,-0.0,0.0,-1.0872131e-05,-0.0,0.66037923,2.9324358,0.69877887,2.9703343,0.3216076,2.3185432,1.0,7.7437215,-5.9965773,0.33333334,37.167885,0.0,0.0,0.0,1.0,0.0,0,9.460101,7.8792806,0.38644683,0.0,4.386,6.879485,0.85374576,0.0,1.4729108,7.7111883
1,125,126.0,10.0,1.0,1.0,107.0,1.0,1.0,1.0,0.9999883,1.0,-0.0,0.0,-1.16984065e-05,-0.0,0.40761495,3.2573383,0.33755985,2.0112195,0.35936224,1.5272285,1.0,8.4465475,-3.847087,0.3425926,38.672848,0.0,0.0,0.0,1.0,0.0,0,9.851601,8.08613,0.5858073,0.0,3.8787827,5.7061934,0.0,0.0,0.37497482,6.059695
2,125,126.0,10.0,1.0,1.0,107.0,1.0,1.0,1.0,0.9999876,1.0,-0.0,0.0,-1.23696545e-05,-0.0,0.5152427,2.9960148,0.28096622,1.7363607,0.2979446,2.6770434,1.0,9.170568,-2.518203,0.3611111,38.672672,0.0,0.0,0.0,1.0,0.0,0,9.593257,8.445701,0.37345755,0.0,4.518368,6.5199957,0.0,0.0,0.5638858,6.179915
3,125,126.0,10.0,1.0,1.0,107.0,1.0,1.0,1.0,0.9999895,1.0,-0.0,0.0,-1.0477228e-05,-0.0,0.6865609,2.8093317,0.55278593,3.4644709,0.37235558,2.9963102,1.0,7.8660417,-5.2295904,0.33333334,37.80441,0.0,0.0,0.0,1.0,0.0,0,8.536754,6.7531805,1.0838517,0.0,4.369726,7.377832,0.42192262,0.0,1.1165726,8.524058
0,126,127.0,10.0,1.0,1.0,108.0,1.0,1.0,1.0,0.9999862,1.0,-0.0,0.0,-1.3832153e-05,-0.0,0.44188762,2.7512357,0.648825,2.5497499,0.3177709,1.834985,1.0,7.977892,-8.056119,0.33333334,37.245674,0.0,0.0,0.0,1.0,0.0,0,9.392093,7.7719035,0.88255554,0.0,4.0909553,6.596644,0.8968117,0.0,1.2295061,7.3827996
1,126,127.0,10.0,1.0,1.0,108.0,1.0,1.0,1.0,0.99998784,1.0,-0.0,0.0,-1.2135302e-05,-0.0,0.15779696,3.0388408,0.34252933,1.9987271,0.3715801,1.4160708,1.0,8.372617,-6.080877,0.3472222,38.792603,0.0,0.0,0.0,1.0,0.0,0,9.661892,7.848575,0.8774522,0.0,4.2335033,5.4027777,0.0,0.0,0.34123898,5.677994
2,126,127.0,10.0,1.0,1.0,108.0,1.0,1.0,1.0,0.99998665,1.0,-0.0,0.0,-1.3366182e-05,-0.0,0.20467117,2.8833401,0.26017487,1.4303696,0.3064659,2.303641,1.0,9.46286,-6.4639544,0.36574075,38.716347,0.0,0.0,0.0,1.0,0.0,0,9.658611,8.387046,0.10407478,0.0,4.7978606,6.1302934,0.0,0.0,0.5130999,5.829481
3,126,127.0,10.0,1.0,1.0,108.0,1.0,1.0,1.0,0.99998754,1.0,-0.0,0.0,-1.2466379e-05,-0.0,0.43674707,2.6806467,0.5290907,2.7946353,0.3736054,2.880428,1.0,8.09689,-8.056355,0.33333334,37.8463,0.0,0.0,0.0,1.0,0.0,0,8.412364,6.819761,0.8086633,0.0,4.5901957,7.2538266,0.35737294,0.0,1.0642924,7.7665877
0,127,128.0,10.0,1.0,1.0,109.0,1.0,1.0,1.0,0.9999876,1.0,-0.0,0.0,-1.2378991e-05,-0.0,0.52952653,3.0094883,0.63096803,2.3533916,0.3298593,1.9463483,1.0,8.096576,-7.502744,0.33333334,37.59831,0.0,0.0,0.0,1.0,0.0,0,9.4303465,7.913239,0.5623589,0.0,4.161944,6.383451,0.7879267,0.0,1.4506729,7.0448017
1,127,128.0,10.0,1.0,1.0,109.0,1.0,1.0,1.0,0.9999889,1.0,-0.0,0.0,-1.1070962e-05,-0.0,0.30787513,3.3303018,0.33478892,2.0463283,0.377847,1.4697727,1.0,8.4333315,-5.0405803,0.3472222,39.177574,0.0,0.0,0.0,1.0,0.0,0,10.045619,8.947248,1.0456594,0.0,3.890914,5.586511,0.0,0.0,0.353102,5.4778595
2,127,128.0,10.0,1.0,1.0,109.0,1.0,1.0,1.0,0.9999882,1.0,-0.0,0.0,-1.1778979e-05,-0.0,0.28644985,3.183259,0.22776155,1.6971512,0.30496478,2.2454839,1.0,9.618259,-6.0402155,0.36574075,39.11369,0.0,0.0,0.0,1.0,0.0,0,10.079371,8.706782,0.2735651,0.0,4.5989823,5.976488,0.0,0.0,0.5302302,5.657171
3,127,128.0,10.0,1.0,1.0,109.0,1.0,1.0,1.0,0.9999888,1.0,-0.0,0.0,-1.12353055e-05,-0.0,0.6110035,2.9717784,0.5271873,3.2184925,0.37914288,2.8823297,1.0,8.043031,-5.9696455,0.33333334,38.235443,0.0,0.0,0.0,1.0,0.0,0,8.53914,6.851357,1.0269611,0.0,4.571358,6.901445,0.5881191,0.0,1.3835524,7.8646054
0,128,129.0,10.0,1.0,1.0,110.0,1.0,1.0,1.0,0.9999878,1.0,-0.0,0.0,-1.22178135e-05,-0.0,0.47474802,2.8348358,0.598029,2.1394525,0.33372808,1.7218754,1.0,8.11699,-7.923808,0.33333334,37.714424,0.0,0.0,0.0,1.0,0.0,0,9.384285,7.7948213,0.8529542,0.0,4.4094744,6.1746316,0.6945212,0.0,1.3939631,6.715371
1,128,129.0,10.0,1.0,1.0,110.0,1.0,1.0,1.0,0.99998987,1.0,-0.0,0.0,-1.0110998e-05,-0.0,0.231269,3.1468005,0.3461417,2.0474756,0.38986012,1.5389708,1.0,8.307682,-5.6597357,0.3472222,39.302185,0.0,0.0,0.0,1.0,0.0,0,9.083481,7.834467,0.8280127,0.0,4.0055237,4.8432097,0.0,0.0,0.27503318,5.022703
2,128,129.0,10.0,1.0,1.0,110.0,1.0,1.0,1.0,0.99998915,1.0,-0.0,0.0,-1.0836495e-05,-0.0,0.1617184,2.9933481,0.21436094,1.762756,0.30905437,2.4923098,1.0,9.727809,-7.2470384,0.36574075,39.24797,0.0,0.0,0.0,1.0,0.0,0,9.867185,8.476893,0.25186822,0.0,4.5914526,5.687323,0.0,0.0,0.45540082,5.3770785
3,128,129.0,10.0,1.0,1.0,110.0,1.0,1.0,1.0,0.9999892,1.0,-0.0,0.0,-1.0788778e-05,-0.0,0.46877488,2.745834,0.51471174,3.1189377,0.38987052,2.9528902,1.0,8.138344,-7.676454,0.33333334,38.401875,0.0,0.0,0.0,1.0,0.0,0,8.410568,6.720064,0.7381169,0.0,4.680686,6.621709,0.50394636,0.0,1.1433978,7.6878276
0,129,130.0,10.0,1.0,1.0,111.0,1.0,1.0,1.0,0.99998987,1.0,-0.0,0.0,-1.0111211e-05,-0.0,0.5002297,2.7323928,0.56129664,1.8528136,0.34292534,1.8813206,1.0,8.328928,-8.013563,0.33333334,37.807144,0.0,0.0,0.0,1.0,0.0,0,9.574225,8.029315,0.46938065,0.0,4.371574,6.0358634,0.554538,0.0,1.3435649,6.457697
1,129,130.0,10.0,1.0,1.0,111.0,1.0,1.0,1.0,0.9999891,1.0,-0.0,0.0,-1.0933359e-05,-0.0,0.30366665,3.0557432,0.3511198,2.1236625,0.39563155,1.7209661,1.0,8.256616,-4.6249685,0.3472222,39.36848,0.0,0.0,0.0,1.0,0.0,0,9.906832,7.850973,0.8192455,0.0,4.5621867,5.0144053,0.0,0.0,0.36001584,4.8915715
2,129,130.0,10.0,1.0,1.0,111.0,1.0,1.0,1.0,0.9999895,1.0,-0.0,0.0,-1.046161e-05,-0.0,0.29573217,2.9003708,0.21449924,1.9224753,0.31807035,2.398525,1.0,9.517398,-5.629137,0.36574075,39.320267,0.0,0.0,0.0,1.0,0.0,0,10.210905,8.7474985,0.11898549,0.0,4.655739,5.555408,0.0,0.0,0.4749277,5.1511545
3,129,130.0,10.0,1.0,1.0,111.0,1.0,1.0,1.0,0.9999903,1.0,-0.0,0.0,-9.728492e-06,-0.0,0.5344335,2.6734564,0.4916883,3.0858846,0.3999271,2.9316065,1.0,8.295548,-7.066889,0.33333334,38.447563,0.0,0.0,0.0,1.0,0.0,0,8.64566,6.945167,0.6888203,0.0,4.5192676,6.6605597,0.5163336,0.0,1.308542,7.400215
0,130,131.0,10.0,1.0,1.0,112.0,1.0,1.0,1.0,0.9999886,1.0,-0.0,0.0,-1.1365148e-05,-0.0,0.43766648,3.1384575,0.58279276,2.4273958,0.33744112,1.5164279,1.0,7.8171306,-7.49013,0.33333334,38.36928,0.0,0.0,0.0,1.0,0.0,0,9.6790285,7.7450614,0.9546027,0.0,4.481439,5.9269443,0.56634825,0.0,1.3599684,6.3724227
1,130,131.0,10.0,1.0,1.0,112.0,1.0,1.0,1.0,0.99998975,1.0,-0.0,0.0,-1.0273385e-05,-0.0,0.12566131,3.5602899,0.35440117,2.1394525,0.40322492,1.9607722,1.0,8.224019,-6.189324,0.3472222,40.00293,0.0,0.0,0.0,1.0,0.0,0,10.077418,8.249657,0.6671496,0.0,4.2294807,5.074044,0.0,0.0,0.44431216,4.928237
2,130,131.0,10.0,1.0,1.0,112.0,1.0,1.0,1.0,0.99998957,1.0,-0.0,0.0,-1.0420365e-05,-0.0,0.13036671,3.4033968,0.22023743,1.9318167,0.3193149,2.9388068,1.0,9.451428,-6.9800725,0.36574075,39.970123,0.0,0.0,0.0,1.0,0.0,0,9.843735,9.022422,0.13446055,0.0,4.4195304,5.5520024,0.0,0.0,0.4551782,5.1186957
3,130,131.0,10.0,1.0,1.0,112.0,1.0,1.0,1.0,0.9999894,1.0,-0.0,0.0,-1.0606301e-05,-0.0,0.45364535,3.22974,0.48975417,3.3693972,0.4046971,2.7571313,1.0,8.27111,-7.4856935,0.33333334,39.14318,0.0,0.0,0.0,1.0,0.0,0,8.868097,7.089409,0.8291836,0.0,4.4173546,6.6550574,0.45614016,0.0,1.3546246,7.392771
0,131,132.0,10.0,1.0,1.0,113.0,1.0,1.0,1.0,0.999989,1.0,-0.0,0.0,-1.1046016e-05,-0.0,0.39320216,2.4879692,0.58538157,2.6612074,0.36293125,1.5287651,1.0,7.872401,-7.963795,0.33333334,38.98857,0.0,0.0,0.0,1.0,0.0,0,9.514541,8.05197,0.7441012,0.0,4.548298,5.609804,0.6873425,0.0,1.2540246,6.1804957
1,131,132.0,10.0,1.0,1.0,113.0,1.0,1.0,1.0,0.9999895,1.0,-0.0,0.0,-1.04876235e-05,-0.0,0.07411875,2.9304032,0.39355555,2.152583,0.4314439,1.6683123,1.0,8.161086,-6.7069483,0.35185185,40.59553,0.0,0.0,0.0,1.0,0.0,0,10.003073,8.107039,0.7814503,0.0,4.7458425,4.9573793,0.0,0.0,0.26018786,4.573274
2,131,132.0,10.0,1.0,1.0,113.0,1.0,1.0,1.0,0.9999881,1.0,-0.0,0.0,-1.1926636e-05,-0.0,0.096953474,2.709,0.26548463,2.036359,0.34953952,2.5294075,1.0,9.258159,-6.9249644,0.375,40.63535,0.0,0.0,0.0,1.0,0.0,0,10.343778,9.560338,0.19917454,0.0,3.7840378,5.1615157,0.0,0.0,0.59856147,4.7861333
3,131,132.0,10.0,1.0,1.0,113.0,1.0,1.0,1.0,0.99998945,1.0,-0.0,0.0,-1.0539832e-05,-0.0,0.4188858,2.56164,0.53959537,3.829377,0.41939193,2.6849265,1.0,8.044177,-7.364882,0.33333334,39.773014,0.0,0.0,0.0,1.0,0.0,0,8.516307,6.74439,0.90391725,0.0,4.1637588,6.371927,0.5410361,0.0,1.2893249,7.231919
0,132,133.0,10.0,1.0,1.0,114.0,1.0,1.0,1.0,0.99998957,1.0,-0.0,0.0,-1.0433578e-05,-0.0,0.34113452,2.7651455,0.5735709,2.6529589,0.35007507,0.85133237,1.0,7.8149705,-7.6001415,0.33333334,39.29327,0.0,0.0,0.0,1.0,0.0,0,10.121797,8.374781,0.4950169,0.0,4.212677,5.714974,0.56275004,0.0,1.5724565,5.7232943
1,132,133.0,10.0,1.0,1.0,114.0,1.0,1.0,1.0,0.99998945,1.0,-0.0,0.0,-1.0564778e-05,-0.0,0.026134588,3.2583158,0.38478887,2.135058,0.42971033,2.238152,1.0,8.144976,-6.8343205,0.35185185,40.94157,0.0,0.0,0.0,1.0,0.0,0,9.9827385,8.549387,0.5010253,0.0,4.3287506,4.9761367,0.0,0.0,0.635972,4.553679
2,132,133.0,10.0,1.0,1.0,114.0,1.0,1.0,1.0,0.9999885,1.0,-0.0,0.0,-1.1507425e-05,-0.0,0.03523901,3.0208812,0.28735533,1.6687815,0.3491283,3.198242,1.0,9.052343,-7.0161986,0.375,40.971897,0.0,0.0,0.0,1.0,0.0,0,9.945568,9.083972,0.0,0.0,4.365976,5.355151,0.0,0.0,0.62320924,4.799656
3,132,133.0,10.0,1.0,1.0,114.0,1.0,1.0,1.0,0.99998945,1.0,-0.0,0.0,-1.0544645e-05,-0.0,0.35625213,2.8121536,0.54181993,3.8851876,0.42571718,2.3633485,1.0,7.947371,-7.5635443,0.33333334,40.038506,0.0,0.0,0.0,1.0,0.0,0,9.045844,7.44641,0.5122619,0.0,4.280415,6.5359097,0.5062864,0.0,1.507204,7.107447
0,133,134.0,10.0,1.0,1.0,115.0,1.0,1.0,1.0,0.9999871,1.0,-0.0,0.0,-1.2895717e-05,-0.0,0.47645307,2.732993,0.49858278,1.6729974,0.38336635,1.0332402,1.0,8.5155525,-7.05754,0.33333334,39.42564,0.0,0.0,0.0,1.0,0.0,0,10.1477,8.5543585,0.644872,0.0,3.5268939,5.4419565,0.8369473,0.0,1.7154249,5.6329007
1,133,134.0,10.0,1.0,1.0,115.0,1.0,1.0,1.0,0.99999034,1.0,-0.0,0.0,-9.675698e-06,-0.0,0.38737208,3.150702,0.4370576,2.3910072,0.4463296,2.042883,1.0,7.635042,-2.7509873,0.35185185,41.13235,0.0,0.0,0.0,1.0,0.0,0,9.640396,8.115477,1.0772537,0.0,5.4285088,4.93398,0.0,0.0,0.37470734,4.4860015
2,133,134.0,10.0,1.0,1.0,115.0,1.0,1.0,1.0,0.99998826,1.0,-0.0,0.0,-1.173409e-05,-0.0,0.22402443,3.037241,0.24907064,1.6916078,0.39405915,2.6381652,1.0,9.187459,-5.684289,0.375,41.103294,0.0,0.0,0.0,1.0,0.0,0,9.479253,8.869915,0.0,0.0,4.2997837,5.114039,0.0,0.0,0.7390784,4.6919327
3,133,134.0,10.0,1.0,1.0,115.0,1.0,1.0,1.0,0.9999894,1.0,-0.0,0.0,-1.06192565e-05,-0.0,0.5124297,2.7648387,0.5083647,3.2782552,0.45586562,2.330665,1.0,8.192228,-6.323587,0.33333334,40.187584,0.0,0.0,0.0,1.0,0.0,0,8.824253,7.3759828,0.95162886,0.0,4.7267685,6.2866855,0.6843062,0.0,1.4658263,7.0365615
0,134,135.0,10.0,1.0,1.0,116.0,1.0,1.0,1.0,0.9999896,1.0,-0.0,0.0,-1.039767e-05,-0.0,0.454358,2.7178347,0.44877684,1.1763476,0.38348335,0.8749095,1.0,8.971501,-7.8398566,0.33333334,39.504158,0.0,0.0,0.0,1.0,0.0,0,10.334777,8.632352,0.048032667,0.0,4.1270027,5.520138,0.2909011,0.0,1.569402,4.9399247
1,134,135.0,10.0,1.0,1.0,116.0,1.0,1.0,1.0,0.9999885,1.0,-0.0,0.0,-1.1521954e-05,-0.0,0.29468352,3.0776846,0.39203003,2.3286493,0.44347048,2.1173875,1.0,8.027052,-4.224929,0.35185185,41.27055,0.0,0.0,0.0,1.0,0.0,0,10.744112,9.111995,0.05608453,0.0,3.3538043,4.649363,0.0,0.0,0.5401777,4.425244
2,134,135.0,10.0,1.0,1.0,116.0,1.0,1.0,1.0,0.9999912,1.0,-0.0,0.0,-8.840696e-06,-0.0,0.34431517,2.9499266,0.27951172,2.0123866,0.40325487,2.6503022,1.0,8.925152,-4.05383,0.375,41.246387,0.0,0.0,0.0,1.0,0.0,0,9.894022,8.912702,0.0,0.0,4.72252,5.111939,0.0,0.0,0.5405316,4.765069
3,134,135.0,10.0,1.0,1.0,116.0,1.0,1.0,1.0,0.9999903,1.0,-0.0,0.0,-9.730952e-06,-0.0,0.55469126,2.6499596,0.52642477,3.556785,0.46254364,2.3171926,1.0,8.102344,-5.8316717,0.33333334,40.346542,0.0,0.0,0.0,1.0,0.0,0,9.069725,7.5907397,0.2675625,0.0,4.6236916,6.2232556,0.7091748,0.0,1.5508846,6.9568095
0,135,136.0,10.0,1.0,1.0,117.0,1.0,1.0,1.0,0.9999841,1.0,-0.0,0.0,-1.5911402e-05,-0.0,0.32490677,2.9239066,0.47112498,2.1343246,0.35419744,0.43700644,1.0,8.375643,-7.3205547,0.33333334,39.81353,0.0,0.0,0.0,1.0,0.0,0,10.055768,8.441282,0.70904803,0.0,4.661649,4.983218,0.93233764,0.0,1.4313595,5.515972
1,135,136.0,10.0,1.0,1.0,117.0,1.0,1.0,1.0,0.9999911,1.0,-0.0,0.0,-8.892179e-06,-0.0,0.013709627,3.345737,0.4048614,2.3991776,0.43193707,2.3171926,1.0,7.8091674,-6.791927,0.35185185,41.631287,0.0,0.0,0.0,1.0,0.0,0,10.582095,8.807318,0.51748234,0.0,5.2277513,4.813325,0.0,0.0,0.3999636,4.456746
2,135,136.0,10.0,1.0,1.0,117.0,1.0,1.0,1.0,0.9999897,1.0,-0.0,0.0,-1.0339768e-05,-0.0,0.01427494,3.1912532,0.2644384,2.065744,0.38307443,2.9090912,1.0,8.842245,-6.9688864,0.375,41.5538,0.0,0.0,0.0,1.0,0.0,0,10.0297575,9.053757,0.0,0.0,4.74468,4.832686,0.0,0.0,0.5364069,4.574403
3,135,136.0,10.0,1.0,1.0,117.0,1.0,1.0,1.0,0.9999887,1.0,-0.0,0.0,-1.1330394e-05,-0.0,0.30102617,2.8600686,0.543999,3.938619,0.43566072,2.2357025,1.0,7.915346,-7.409718,0.33333334,40.64281,0.0,0.0,0.0,1.0,0.0,0,9.047127,7.375562,0.9033878,0.0,5.2748437,5.7799997,0.9084979,0.0,1.4958107,6.9184484
0,136,137.0,10.0,1.0,1.0,118.0,1.0,1.0,1.0,0.99998885,1.0,-0.0,0.0,-1.1125138e-05,-0.0,0.61105824,2.5604825,0.4554415,1.9826059,0.34251648,0.6280706,1.0,8.675887,-5.4965878,0.33333334,40.190132,0.0,0.0,0.0,1.0,0.0,0,9.810747,8.382632,0.42123717,0.0,4.1482844,4.6478024,0.9619694,0.0,1.9324602,4.6176686
1,136,137.0,10.0,1.0,1.0,118.0,1.0,1.0,1.0,0.9999886,1.0,-0.0,0.0,-1.136169e-05,-0.0,0.3882751,2.995128,0.44600052,2.6396482,0.4289927,2.0748177,1.0,7.5563197,-2.80206,0.35185185,42.002922,0.0,0.0,0.0,1.0,0.0,0,9.999908,8.35742,0.51167566,0.0,5.5631676,4.1645617,0.0,0.0,0.30267125,3.9242826
2,136,137.0,10.0,1.0,1.0,118.0,1.0,1.0,1.0,0.99999034,1.0,-0.0,0.0,-9.63862e-06,-0.0,0.33986533,2.8547828,0.28424978,2.0348208,0.38429496,2.1591184,1.0,8.78682,-4.2272825,0.375,41.91184,0.0,0.0,0.0,1.0,0.0,0,9.817849,8.76607,0.0,0.0,5.128749,4.479969,0.0,0.0,0.54525864,4.147779
3,136,137.0,10.0,1.0,1.0,118.0,1.0,1.0,1.0,0.999989,1.0,-0.0,0.0,-1.1039222e-05,-0.0,0.582093,2.496345,0.54676837,3.544439,0.421744,2.555576,1.0,7.992003,-5.565321,0.33333334,41.021393,0.0,0.0,0.0,1.0,0.0,0,8.787795,7.6311717,0.7746207,0.0,4.123262,5.384827,1.0060503,0.0,1.7155848,6.3194113
0,137,138.0,10.0,1.0,1.0,119.0,1.0,1.0,1.0,0.9999864,1.0,-0.0,0.0,-1.356528e-05,-0.0,0.4776541,2.5095212,0.40805084,1.394909,0.32245147,1.0993043,1.0,9.086206,-7.820515,0.33333334,40.242702,0.0,0.0,0.0,1.0,0.0,0,10.290419,8.377049,0.0,0.0,3.86636,4.4033284,0.78305674,0.0,1.4366331,4.96233
1,137,138.0,10.0,1.0,1.0,119.0,1.0,1.0,1.0,0.99998623,1.0,-0.0,0.0,-1.3756039e-05,-0.0,0.27433336,2.9449809,0.4047257,2.5225902,0.41717455,1.8599812,1.0,7.9076786,-4.8739657,0.35185185,42.05698,0.0,0.0,0.0,1.0,0.0,0,10.832295,9.362408,0.0,0.0,3.3029356,3.864822,0.0,0.0,0.36421975,3.7081728
2,137,138.0,10.0,1.0,1.0,119.0,1.0,1.0,1.0,0.99998856,1.0,-0.0,0.0,-1.1424982e-05,-0.0,0.33828318,2.8067994,0.2935395,2.1151683,0.3719193,1.7551913,1.0,8.625686,-4.680229,0.375,41.96855,0.0,0.0,0.0,1.0,0.0,0,9.72499,8.753535,0.0,0.0,4.799286,4.2587385,0.0,0.0,0.67194736,3.9718285
3,137,138.0,10.0,1.0,1.0,119.0,1.0,1.0,1.0,0.9999858,1.0,-0.0,0.0,-1.4169482e-05,-0.0,0.55827534,2.4343917,0.5407577,3.4470286,0.3960458,2.861342,1.0,7.9667125,-6.181104,0.33333334,41.07772,0.0,0.0,0.0,1.0,0.0,0,9.01549,7.6969795,0.028702393,0.0,4.617681,5.1437316,0.86183417,0.0,1.4902141,6.2294545
0,138,139.0,10.0,1.0,1.0,120.0,1.0,1.0,1.0,0.99998736,1.0,-0.0,0.0,-1.26537225e-05,-0.0,0.3859583,2.731202,0.40344116,1.917175,0.28174025,1.6943818,1.0,8.74981,-7.376695,0.33333334,40.661068,0.0,0.0,0.0,1.0,0.0,0,10.3373,8.720208,0.0,0.0,4.2929907,4.1431155,0.89601505,0.0,1.693698,4.5735908
1,138,139.0,10.0,1.0,1.0,120.0,1.0,1.0,1.0,0.9999903,1.0,-0.0,0.0,-9.694343e-06,-0.0,0.10598544,3.1687407,0.4195355,2.6226912,0.40850443,1.6389662,1.0,7.7235713,-7.075606,0.35185185,42.423973,0.0,0.0,0.0,1.0,0.0,0,10.612861,9.02871,0.067462526,0.0,4.8158736,3.8671832,0.0,0.0,0.722844,3.7287626
2,138,139.0,10.0,1.0,1.0,120.0,1.0,1.0,1.0,0.9999884,1.0,-0.0,0.0,-1.1651199e-05,-0.0,0.13254192,3.0589893,0.2638946,2.2385015,0.34488297,1.6303474,1.0,8.684327,-7.0955257,0.375,42.379265,0.0,0.0,0.0,1.0,0.0,0,10.949125,9.51382,0.0,0.0,4.7731895,4.0638638,0.0,0.0,0.89759433,3.794642
3,138,139.0,10.0,1.0,1.0,120.0,1.0,1.0,1.0,0.9999888,1.0,-0.0,0.0,-1.1209947e-05,-0.0,0.40905774,2.6415682,0.53440493,3.7070153,0.36170706,2.9734948,1.0,7.959342,-7.2240124,0.33333334,41.415104,0.0,0.0,0.0,1.0,0.0,0,9.507028,8.0609,0.24168006,0.0,4.732084,4.9687085,0.8895866,0.0,1.6690787,6.0130024
0,139,140.0,10.0,1.0,1.0,121.0,1.0,1.0,1.0,0.99999046,1.0,-0.0,0.0,-9.551572e-06,-0.0,0.6082617,2.4761393,0.40983376,2.0691512,0.28097636,1.6758022,1.0,8.625617,-5.599113,0.33333334,40.86378,0.0,0.0,0.0,1.0,0.0,0,10.560433,8.7028885,0.0,0.0,4.049461,3.9483976,0.5920842,0.0,1.602811,4.0869365
1,139,140.0,10.0,1.0,1.0,121.0,1.0,1.0,1.0,0.99999034,1.0,-0.0,0.0,-9.679076e-06,-0.0,0.32348335,2.9063354,0.42683855,2.6770434,0.3883233,1.6551237,1.0,7.741922,-5.367334,0.35185185,42.63147,0.0,0.0,0.0,1.0,0.0,0,10.6692505,8.9668045,0.052019496,0.0,4.478379,3.5472782,0.0,0.0,0.35747552,3.5535605
2,139,140.0,10.0,1.0,1.0,121.0,1.0,1.0,1.0,0.9999905,1.0,-0.0,0.0,-9.495834e-06,-0.0,0.38723573,2.818973,0.28266644,2.475925,0.33875936,1.027924,1.0,8.5447235,-5.079923,0.375,42.571823,0.0,0.0,0.0,1.0,0.0,0,10.602225,9.105501,0.0,0.0,4.9407773,3.8955564,0.0,0.0,0.47211087,3.6223166
3,139,140.0,10.0,1.0,1.0,121.0,1.0,1.0,1.0,0.9999896,1.0,-0.0,0.0,-1.0359767e-05,-0.0,0.5965508,2.3432095,0.5350948,3.6165872,0.33736083,3.1008146,1.0,7.9472475,-5.9234314,0.33333334,41.662678,0.0,0.0,0.0,1.0,0.0,0,9.171894,7.8152533,0.0,0.0,4.863142,4.599926,0.4581006,0.0,1.3086443,5.6518474
0,140,141.0,10.0,1.0,1.0,122.0,1.0,1.0,1.0,0.9999872,1.0,-0.0,0.0,-1.2792818e-05,-0.0,0.469419,2.4993193,0.3393753,1.2808272,0.28538948,1.3486934,1.0,9.160599,-7.9307575,0.33333334,40.99341,0.0,0.0,0.0,1.0,0.0,0,10.617768,8.840477,0.0,0.0,3.8175623,3.8429198,0.0,0.0,1.1348262,3.3605144
1,140,141.0,10.0,1.0,1.0,122.0,1.0,1.0,1.0,0.99998695,1.0,-0.0,0.0,-1.3057621e-05,-0.0,0.31601226,2.8208795,0.43558627,2.7145004,0.37181982,1.6332254,1.0,7.685232,-5.9722366,0.35185185,42.687668,0.0,0.0,0.0,1.0,0.0,0,10.786319,8.993884,0.08281182,0.0,4.4374785,3.4103594,0.0,0.0,0.14575925,3.4952877
2,140,141.0,10.0,1.0,1.0,122.0,1.0,1.0,1.0,0.9999876,1.0,-0.0,0.0,-1.23868895e-05,-0.0,0.25504047,2.8193514,0.22405043,2.319556,0.30975294,1.0317241,1.0,8.872898,-7.271735,0.375,42.66027,0.0,0.0,0.0,1.0,0.0,0,11.02735,9.219503,0.0,0.0,4.633876,3.7645524,0.0,0.0,0.06567263,3.4592261
3,140,141.0,10.0,1.0,1.0,122.0,1.0,1.0,1.0,0.99998474,1.0,-0.0,0.0,-1.5241443e-05,-0.0,0.47574937,2.3578625,0.48311344,2.6152194,0.30087388,2.9936962,1.0,8.378386,-8.073846,0.33333334,41.78188,0.0,0.0,0.0,1.0,0.0,0,9.341914,8.01704,0.0,0.0,4.599738,4.6229277,0.0,0.0,0.9986846,4.697408
0,141,142.0,10.0,1.0,1.0,123.0,1.0,1.0,1.0,0.9999839,1.0,-0.0,0.0,-1.606723e-05,-0.0,0.47734678,2.7362332,0.39576596,2.1014318,0.3021237,1.0914444,1.0,8.764928,-7.6409225,0.33333334,41.457245,0.0,0.0,0.0,1.0,0.0,0,10.876967,9.097491,0.32327214,0.0,3.1997187,3.4490476,0.0,0.0,1.294039,3.3968418
1,141,142.0,10.0,1.0,1.0,123.0,1.0,1.0,1.0,0.9735306,1.0,-0.026454715,0.0,-1.4725315e-05,-0.0,0.25625378,3.079364,0.4435129,2.810834,0.34948844,1.6664346,1.0,7.717419,-7.2606335,0.35185185,43.11675,0.0,0.0,0.0,1.0,0.0,0,10.905222,9.0483265,0.22952868,0.0,4.5060487,3.3865552,0.0,0.0,0.0,3.6042342
2,141,142.0,10.0,1.0,1.0,123.0,1.0,1.0,1.0,0.9999835,1.0,-0.0,0.0,-1.6520213e-05,-0.0,0.29462948,2.9390736,0.30803654,2.9520946,0.3035817,1.1099329,1.0,8.349413,-7.2860775,0.375,43.026,0.0,0.0,0.0,1.0,0.0,0,12.016292,10.257988,0.0,0.0,4.5099044,3.4084437,0.0,0.0,0.0,3.6248307
3,141,142.0,10.0,1.0,1.0,123.0,1.0,1.0,1.0,0.999984,1.0,-0.0,0.0,-1.5948273e-05,-0.0,0.49946532,2.644431,0.5120851,3.3048906,0.29546767,2.8481805,1.0,8.196614,-7.6542664,0.33333334,42.264378,0.0,0.0,0.0,1.0,0.0,0,9.440445,7.9456544,0.2093799,0.0,4.8217573,4.649176,0.0,0.0,0.9191719,4.7175627
0,142,143.0,10.0,1.0,1.0,124.0,1.0,1.0,1.0,0.9999843,1.0,-0.0,0.0,-1.568936e-05,-0.0,0.4400395,2.2219303,0.42600423,2.385764,0.31536284,0.9512022,1.0,8.614498,-8.004771,0.33333334,41.8824,0.0,0.0,0.0,1.0,0.0,0,10.497063,8.718218,0.40487197,0.0,3.736951,3.2336793,0.0,0.0,1.0469922,2.9711611
1,142,143.0,10.0,1.0,1.0,124.0,1.0,1.0,1.0,0.9999846,1.0,-0.0,0.0,-1.5401145e-05,-0.0,0.1965262,2.5017238,0.45450047,2.8681731,0.3093517,1.6303474,1.0,7.8123083,-7.3240495,0.35185185,43.594967,0.0,0.0,0.0,1.0,0.0,0,10.746506,7.9844093,0.4606872,0.0,5.1036124,3.681913,0.0,0.0,0.0,3.651779
2,142,143.0,10.0,1.0,1.0,124.0,1.0,1.0,1.0,0.99998266,1.0,-0.0,0.0,-1.7338998e-05,-0.0,0.23013912,2.3284235,0.36833888,2.9356086,0.29846048,0.9985705,1.0,8.062655,-7.3648934,0.375,43.535213,0.0,0.0,0.0,1.0,0.0,0,10.243295,8.700739,0.0,0.0,5.518313,3.3054576,0.0,0.0,0.0,3.231558
3,142,143.0,10.0,1.0,1.0,124.0,1.0,1.0,1.0,0.9999851,1.0,-0.0,0.0,-1.4883666e-05,-0.0,0.43263584,2.1110263,0.5395228,3.1950586,0.2618987,2.3192184,1.0,8.064189,-8.101985,0.33333334,42.71105,0.0,0.0,0.0,1.0,0.0,0,8.819677,7.479403,0.2633721,0.0,4.910905,4.481337,0.0,0.0,0.7899579,4.1719913
0,143,144.0,10.0,1.0,1.0,125.0,1.0,1.0,1.0,0.9999828,1.0,-0.0,0.0,-1.7251574e-05,-0.0,0.4971236,2.5319645,0.4193874,2.3022814,0.3278947,1.5013847,1.0,8.55141,-7.558899,0.33333334,42.3374,0.0,0.0,0.0,1.0,0.0,0,11.098537,8.935473,0.2286053,0.0,3.5350707,3.1399274,0.0,0.0,0.70471185,2.8546295
1,143,144.0,10.0,1.0,1.0,125.0,1.0,1.0,1.0,0.9999824,1.0,-0.0,0.0,-1.7590526e-05,-0.0,0.2928257,2.784885,0.44209188,2.9369419,0.30831903,1.6022605,1.0,7.8737974,-7.3788586,0.3564815,44.01734,0.0,0.0,0.0,1.0,0.0,0,11.048032,9.303022,0.29389724,0.0,3.7485266,3.3663557,0.0,0.0,0.0,3.7855055
2,143,144.0,10.0,1.0,1.0,125.0,1.0,1.0,1.0,0.99998116,1.0,-0.0,0.0,-1.885834e-05,-0.0,0.30963683,2.6095548,0.36968225,2.8812432,0.29216078,1.2808272,1.0,8.002509,-7.1867695,0.375,43.96922,0.0,0.0,0.0,1.0,0.0,0,10.712724,9.439046,0.0,0.0,3.949583,3.2180033,0.0,0.0,0.0,3.3848884
3,143,144.0,10.0,1.0,1.0,125.0,1.0,1.0,1.0,0.9999836,1.0,-0.0,0.0,-1.6406537e-05,-0.0,0.51547885,2.4014938,0.5365595,3.316004,0.29337594,2.7727022,1.0,8.088351,-7.8514013,0.33333334,43.143402,0.0,0.0,0.0,1.0,0.0,0,9.612201,7.9955854,0.21201985,0.0,4.607084,4.2307143,0.0,0.0,0.51216686,4.293011
0,144,145.0,10.0,1.0,1.0,126.0,1.0,1.0,1.0,0.99998355,1.0,-0.0,0.0,-1.6456732e-05,-0.0,0.45801288,2.3642256,0.42855585,2.2896676,0.3369716,1.8473135,1.0,8.267476,-7.5062404,0.33333334,42.412533,0.0,0.0,0.0,1.0,0.0,0,11.102305,8.831812,0.6293088,0.0,3.6576996,2.8664155,0.0,0.0,0.55231285,2.7904654
1,144,145.0,10.0,1.0,1.0,126.0,1.0,1.0,1.0,0.99998534,1.0,-0.0,0.0,-1.4650273e-05,-0.0,0.26920736,2.5612953,0.45413813,2.939606,0.30507696,1.5934432,1.0,7.609605,-7.3264847,0.3564815,44.106434,0.0,0.0,0.0,1.0,0.0,0,11.02685,8.953777,0.31245652,0.0,4.1756363,3.2746072,0.0,0.0,0.0,3.6619935
2,144,145.0,10.0,1.0,1.0,126.0,1.0,1.0,1.0,0.99998283,1.0,-0.0,0.0,-1.7140006e-05,-0.0,0.24738275,2.4033613,0.3660407,2.8202863,0.28730825,1.1134531,1.0,7.8713536,-7.261805,0.375,44.044193,0.0,0.0,0.0,1.0,0.0,0,10.805644,9.607396,0.0,0.0,4.3417406,3.0333939,0.0,0.0,0.0,3.014668
3,144,145.0,10.0,1.0,1.0,126.0,1.0,1.0,1.0,0.999985,1.0,-0.0,0.0,-1.50473725e-05,-0.0,0.4939493,2.2095284,0.55130863,3.3791406,0.30757773,3.147916,1.0,7.855079,-7.853467,0.33333334,43.224678,0.0,0.0,0.0,1.0,0.0,0,9.366804,7.662778,0.62737334,0.0,5.0220823,3.9745653,0.0,0.0,0.50927335,3.9463458
0,145,146.0,10.0,1.0,1.0,127.0,1.0,1.0,1.0,0.9999856,1.0,-0.0,0.0,-1.4441747e-05,-0.0,0.55618215,2.6736004,0.44289267,2.4280405,0.35539716,2.9832191,1.0,8.160003,-7.380603,0.33333334,42.889923,0.0,0.0,0.0,1.0,0.0,0,10.978165,8.613383,0.5289648,0.0,3.7698288,2.7802749,0.0,0.0,0.45445052,2.464403
1,145,146.0,10.0,1.0,1.0,127.0,1.0,1.0,1.0,0.9999857,1.0,-0.0,0.0,-1.4333164e-05,-0.0,0.36592335,2.8175304,0.46131724,3.0586221,0.2973177,1.4772093,1.0,7.612132,-6.3652062,0.3564815,44.52763,0.0,0.0,0.0,1.0,0.0,0,10.926126,8.90154,0.35286173,0.0,3.9579413,3.3969955,0.0,0.0,0.0,3.7682223
2,145,146.0,10.0,1.0,1.0,127.0,1.0,1.0,1.0,0.9999847,1.0,-0.0,0.0,-1.5296528e-05,-0.0,0.4192911,2.57288,0.43486208,3.5116003,0.3397805,3.4932733,1.0,7.638126,-7.186802,0.375,44.401966,0.0,0.0,0.0,1.0,0.0,0,10.76269,9.51801,0.0,0.0,4.6172047,3.007709,0.0,0.0,0.0,3.077602
3,145,146.0,10.0,1.0,1.0,127.0,1.0,1.0,1.0,0.9999855,1.0,-0.0,0.0,-1.44726955e-05,-0.0,0.60045606,2.5190141,0.5628213,3.5618439,0.34738785,4.189608,1.0,7.863096,-7.7161937,0.33333334,43.69998,0.0,0.0,0.0,1.0,0.0,0,9.570584,7.9570236,0.28310734,0.0,4.2523127,4.0211315,0.0,0.0,0.36183962,3.5679626
0,146,147.0,10.0,1.0,1.0,128.0,1.0,1.0,1.0,0.9999805,1.0,-0.0,0.0,-1.9482815e-05,-0.0,0.3792796,2.1752386,0.49594128,3.2720408,0.35273203,2.2631917,1.0,8.039075,-7.4636955,0.33333334,43.2599,0.0,0.0,0.0,1.0,0.0,0,10.785645,8.209035,0.925477,0.0,3.4422636,2.5623875,0.0,0.0,0.3386532,2.2728527
1,146,147.0,10.0,1.0,1.0,128.0,1.0,1.0,1.0,0.99998105,1.0,-0.0,0.0,-1.8969717e-05,-0.0,0.09240564,2.2547667,0.4780029,3.2060645,0.26014176,2.3316724,1.0,7.6556554,-7.1782694,0.3564815,44.930344,0.0,0.0,0.0,1.0,0.0,0,10.190992,8.122586,0.48758873,0.0,4.392389,3.4593318,0.0,0.0,0.0,3.4506767
2,146,147.0,10.0,1.0,1.0,128.0,1.0,1.0,1.0,0.99998194,1.0,-0.0,0.0,-1.8080693e-05,-0.0,0.15083495,1.9993799,0.4855348,3.840604,0.28949258,1.4188318,1.0,7.5112314,-7.2629805,0.375,44.81673,0.0,0.0,0.0,1.0,0.0,0,10.067685,8.505383,0.0,0.0,4.1168165,2.894845,0.0,0.0,0.0,2.8403254
3,146,147.0,10.0,1.0,1.0,128.0,1.0,1.0,1.0,0.9999814,1.0,-0.0,0.0,-1.8599154e-05,-0.0,0.33951253,2.021599,0.5859139,3.3816879,0.24413562,1.3498535,1.0,7.8055468,-7.510802,0.33333334,44.039524,0.0,0.0,0.0,1.0,0.0,0,9.211582,7.5591416,0.3330609,0.0,4.759276,3.767336,0.0,0.0,0.24707694,3.4462962
0,147,148.0,10.0,1.0,1.0,129.0,1.0,1.0,1.0,0.99998516,1.0,-0.0,0.0,-1.4864178e-05,-0.0,0.49968362,2.6821005,0.48293754,3.089687,0.35480434,2.7814398,1.0,8.010527,-7.0441494,0.33333334,43.957993,0.0,0.0,0.0,1.0,0.0,0,11.435359,8.584833,0.5516027,0.0,3.2581072,2.4696126,0.0,0.0,0.35946423,1.9677497
1,147,148.0,10.0,1.0,1.0,129.0,1.0,1.0,1.0,0.9999842,1.0,-0.0,0.0,-1.5772966e-05,-0.0,0.20927675,2.719884,0.466922,3.2376494,0.25904247,2.0505316,1.0,7.6887307,-6.412523,0.3564815,45.586273,0.0,0.0,0.0,1.0,0.0,0,11.163197,9.013274,0.2641585,0.0,3.6541548,3.1128225,0.0,0.0,0.0,3.5324504
2,147,148.0,10.0,1.0,1.0,129.0,1.0,1.0,1.0,0.99998266,1.0,-0.0,0.0,-1.7326394e-05,-0.0,0.275119,2.424363,0.4716119,3.874292,0.30829242,1.8341317,1.0,7.570693,-6.8187637,0.37962964,45.4373,0.0,0.0,0.0,1.0,0.0,0,10.825581,9.216673,0.0,0.0,4.021019,2.7415557,0.0,0.0,0.0,2.850496
3,147,148.0,10.0,1.0,1.0,129.0,1.0,1.0,1.0,0.9999855,1.0,-0.0,0.0,-1.4481368e-05,-0.0,0.43910816,2.4844224,0.58821225,3.2209237,0.26293218,1.7489369,1.0,7.778696,-7.0097055,0.33333334,44.69236,0.0,0.0,0.0,1.0,0.0,0,10.020476,7.999769,0.44812047,0.0,5.0015793,3.731473,0.0,0.0,0.38220504,3.3310673
0,148,149.0,10.0,1.0,1.0,130.0,1.0,1.0,1.0,0.99998033,1.0,-0.0,0.0,-1.9641542e-05,-0.0,0.5213227,2.869799,0.5022302,3.198242,0.35524994,2.8357863,1.0,7.7106,-6.678473,0.33333334,44.357525,0.0,0.0,0.0,1.0,0.0,0,11.557872,8.513945,0.99624443,0.0,3.367751,2.228282,0.0,0.0,0.28034455,2.077565
1,148,149.0,10.0,1.0,1.0,130.0,1.0,1.0,1.0,0.99998146,1.0,-0.0,0.0,-1.8558609e-05,-0.0,0.21249168,2.8514214,0.48238918,3.273715,0.26600274,1.9479562,1.0,7.3699837,-6.3649883,0.3564815,45.927776,0.0,0.0,0.0,1.0,0.0,0,10.886787,8.3960705,0.44209027,0.0,4.0596857,3.138246,0.0,0.0,0.0,3.167257
2,148,149.0,10.0,1.0,1.0,130.0,1.0,1.0,1.0,0.99998116,1.0,-0.0,0.0,-1.882492e-05,-0.0,0.26253498,2.553524,0.4677063,3.8367295,0.31528062,1.6555966,1.0,7.548186,-6.9232483,0.37962964,45.781593,0.0,0.0,0.0,1.0,0.0,0,11.496691,9.544936,0.0,0.0,3.7280617,2.5851474,0.0,0.0,0.0,2.6073477
3,148,149.0,10.0,1.0,1.0,130.0,1.0,1.0,1.0,0.99998075,1.0,-0.0,0.0,-1.9269106e-05,-0.0,0.43932274,2.6728966,0.61359847,3.142939,0.27053472,1.870472,1.0,7.448927,-6.5831523,0.33333334,45.08583,0.0,0.0,0.0,1.0,0.0,0,9.689323,7.68267,0.8258512,0.0,4.946566,3.4658415,0.0,0.0,0.21412906,3.2873113
0,149,150.0,10.0,1.0,1.0,131.0,1.0,1.0,1.0,0.9999884,1.0,-0.0,0.0,-1.1644441e-05,-0.0,0.49798304,2.7810485,0.5330255,3.7950838,0.35790172,2.9007378,1.0,7.5763683,-6.349515,0.33333334,44.537148,0.0,0.0,0.0,1.0,0.0,0,11.519904,8.302398,1.0715234,0.0,3.482793,2.2974253,0.0,0.0,0.22757322,2.078555
1,149,150.0,10.0,1.0,1.0,131.0,1.0,1.0,1.0,0.9999878,1.0,-0.0,0.0,-1.2200701e-05,-0.0,0.14769939,2.7066896,0.50686574,3.5545838,0.25701216,2.4816089,1.0,7.418413,-6.1737633,0.3564815,46.087364,0.0,0.0,0.0,1.0,0.0,0,10.970734,8.498865,0.7726783,0.0,4.180143,3.1306272,0.0,0.0,0.0,3.1848073
2,149,150.0,10.0,1.0,1.0,131.0,1.0,1.0,1.0,0.9999875,1.0,-0.0,0.0,-1.2533793e-05,-0.0,0.27736014,2.3823662,0.5296078,4.670967,0.334629,1.884646,1.0,7.593366,-6.4432936,0.37962964,45.975315,0.0,0.0,0.0,1.0,0.0,0,11.531459,9.253576,0.0,0.0,3.9505074,2.602622,0.0,0.0,0.0,2.6401167
3,149,150.0,10.0,1.0,1.0,131.0,1.0,1.0,1.0,0.99998796,1.0,-0.0,0.0,-1.2051501e-05,-0.0,0.44625437,2.5967073,0.6676441,3.8910267,0.29455608,2.4309404,1.0,7.278744,-6.634632,0.33333334,45.29177,0.0,0.0,0.0,1.0,0.0,0,9.475768,7.5437055,0.919644,0.0,4.619796,3.4752855,0.0,0.0,0.38591596,3.1108816
0,150,151.0,10.0,1.0,1.0,132.0,1.0,1.0,1.0,0.99998295,1.0,-0.0,0.0,-1.7071758e-05,-0.0,0.43892786,2.606786,0.47520548,3.2111876,0.35440162,2.3547218,1.0,7.8330083,-6.299825,0.33333334,44.58153,0.0,0.0,0.0,1.0,0.0,0,11.583974,8.371833,0.65998757,0.0,3.0144064,2.1128533,0.0,0.0,0.07194039,1.9408442
1,150,151.0,10.0,1.0,1.0,132.0,1.0,1.0,1.0,0.99998176,1.0,-0.0,0.0,-1.822914e-05,-0.0,0.1461735,2.470025,0.49789128,3.5512788,0.26640415,2.4186735,1.0,7.423066,-6.2864313,0.3564815,46.171917,0.0,0.0,0.0,1.0,0.0,0,10.955546,8.673254,0.4297814,0.0,3.3507347,2.8288834,0.0,0.0,0.0,3.0665722
2,150,151.0,10.0,1.0,1.0,132.0,1.0,1.0,1.0,0.99998325,1.0,-0.0,0.0,-1.671929e-05,-0.0,0.19070879,2.15112,0.47098213,4.1153283,0.32398278,1.6100576,1.0,7.639128,-6.722506,0.37962964,46.08118,0.0,0.0,0.0,1.0,0.0,0,11.707665,9.32641,0.0,0.0,3.5219178,2.5168889,0.0,0.0,0.0,2.4271727
3,150,151.0,10.0,1.0,1.0,132.0,1.0,1.0,1.0,0.99998355,1.0,-0.0,0.0,-1.6476019e-05,-0.0,0.40230638,2.409348,0.66096455,3.454968,0.2860002,2.029814,1.0,7.223793,-6.5693913,0.33333334,45.361507,0.0,0.0,0.0,1.0,0.0,0,10.054039,7.6868744,0.46038657,0.0,4.4190416,3.3840194,0.0,0.0,0.017894683,3.1392272
0,151,152.0,10.0,1.0,1.0,133.0,1.0,1.0,1.0,0.99998754,1.0,-0.0,0.0,-1.2449026e-05,-0.0,0.46287328,3.2343462,0.4491649,2.9587162,0.35184312,2.126241,1.0,7.8639445,-5.5576153,0.33333334,45.353767,0.0,0.0,0.0,1.0,0.0,0,11.452475,8.5132265,0.9351953,0.0,3.1917827,2.1003544,0.0,0.0,0.0,2.2777677
1,151,152.0,10.0,1.0,1.0,133.0,1.0,1.0,1.0,0.999988,1.0,-0.0,0.0,-1.1982389e-05,-0.0,0.2601683,3.067216,0.5222248,3.7051141,0.28733742,2.0174367,1.0,7.263985,-5.338397,0.3564815,46.92204,0.0,0.0,0.0,1.0,0.0,0,10.893078,8.537276,0.44420025,0.0,4.012075,2.9084756,0.0,0.0,0.0,3.1890676
2,151,152.0,10.0,1.0,1.0,133.0,1.0,1.0,1.0,0.99998754,1.0,-0.0,0.0,-1.2467895e-05,-0.0,0.28453505,2.6924243,0.4870655,4.313349,0.3397536,1.7913852,1.0,7.6597304,-5.7866907,0.37962964,46.786613,0.0,0.0,0.0,1.0,0.0,0,12.048687,9.770856,0.0,0.0,3.796498,2.6231248,0.0,0.0,0.0,2.7089505
3,151,152.0,10.0,1.0,1.0,133.0,1.0,1.0,1.0,0.999988,1.0,-0.0,0.0,-1.200815e-05,-0.0,0.44728404,2.992154,0.682286,3.575006,0.29524624,1.984579,1.0,7.057607,-5.733774,0.33333334,46.091045,0.0,0.0,0.0,1.0,0.0,0,10.122123,7.8055596,0.8466893,0.0,4.7941694,3.436133,0.0,0.0,0.0,3.406781
0,152,153.0,10.0,1.0,1.0,134.0,1.0,1.0,1.0,0.9999813,1.0,-0.0,0.0,-1.872522e-05,-0.0,0.4676085,3.0571985,0.4395443,2.9816442,0.35265934,2.1750107,1.0,7.955741,-5.696492,0.33333334,45.426476,0.0,0.0,0.0,1.0,0.0,0,11.404866,8.5081005,0.7192764,0.0,2.929127,2.0091856,0.0,0.0,0.0,2.0720727
1,152,153.0,10.0,1.0,1.0,134.0,1.0,1.0,1.0,0.9999823,1.0,-0.0,0.0,-1.7697468e-05,-0.0,0.32512283,2.7929015,0.5537049,4.0161667,0.29289913,2.4047177,1.0,7.23275,-3.9254081,0.3564815,47.09004,0.0,0.0,0.0,1.0,0.0,0,11.055074,8.611724,0.39259487,0.0,3.7619364,2.807078,0.0,0.0,0.0,2.9880204
2,152,153.0,10.0,1.0,1.0,134.0,1.0,1.0,1.0,0.9999837,1.0,-0.0,0.0,-1.6249167e-05,-0.0,0.32151008,2.4377172,0.51570076,4.5473113,0.3802293,2.024408,1.0,7.707291,-5.590556,0.37962964,46.936546,0.0,0.0,0.0,1.0,0.0,0,11.348641,9.033502,0.0,0.0,3.7457118,2.5643368,0.0,0.0,0.0,2.5229287
3,152,153.0,10.0,1.0,1.0,134.0,1.0,1.0,1.0,0.9999812,1.0,-0.0,0.0,-1.8763401e-05,-0.0,0.47428086,2.7899418,0.71176094,3.8306034,0.3329052,2.5564947,1.0,7.043195,-5.89192,0.33333334,46.18489,0.0,0.0,0.0,1.0,0.0,0,10.175127,7.9512773,0.68425494,0.0,4.2020383,3.314436,0.0,0.0,0.0,3.2872343
0,153,154.0,10.0,1.0,1.0,135.0,1.0,1.0,1.0,0.99998796,1.0,-0.0,0.0,-1.20460445e-05,-0.0,0.40378237,3.4465666,0.40468365,2.9467866,0.3544643,3.1214461,1.0,8.42879,-5.0252967,0.33333334,46.006004,0.0,0.0,0.0,1.0,0.0,0,11.601256,8.7837105,0.95697916,0.0,2.2501202,2.063197,0.0,0.0,0.0,2.3394504
1,153,154.0,10.0,1.0,1.0,135.0,1.0,1.0,1.0,0.9999879,1.0,-0.0,0.0,-1.2078064e-05,-0.0,0.3055129,3.0695758,0.58915883,4.317884,0.30167702,2.4831855,1.0,7.3235145,-4.289372,0.3564815,47.630028,0.0,0.0,0.0,1.0,0.0,0,11.015589,8.505207,0.5831181,0.0,3.835379,2.8054352,0.0,0.0,0.0,3.444465
2,153,154.0,10.0,1.0,1.0,135.0,1.0,1.0,1.0,0.9999879,1.0,-0.0,0.0,-1.2113744e-05,-0.0,0.24455413,2.7368238,0.49226052,4.429046,0.3489182,2.5460632,1.0,7.91475,-5.4466677,0.37962964,47.455143,0.0,0.0,0.0,1.0,0.0,0,11.579071,9.570852,0.0,0.0,3.228691,2.6930282,0.0,0.0,0.0,2.7276566
3,153,154.0,10.0,1.0,1.0,135.0,1.0,1.0,1.0,0.9999876,1.0,-0.0,0.0,-1.2406388e-05,-0.0,0.41404143,3.168999,0.71286166,3.7700422,0.29174376,1.7689614,1.0,7.338609,-5.3980575,0.33333334,46.768948,0.0,0.0,0.0,1.0,0.0,0,9.907821,8.522905,0.7337427,0.0,4.189602,3.5017657,0.0,0.0,0.0,3.561112
0,154,155.0,10.0,1.0,1.0,136.0,1.0,1.0,1.0,0.9999773,1.0,-0.0,0.0,-2.2694918e-05,-0.0,0.40110052,3.2465453,0.41181824,3.0550373,0.35118985,2.993958,1.0,8.41062,-5.0998235,0.33333334,46.127792,0.0,0.0,0.0,1.0,0.0,0,11.6232605,8.47291,0.512891,0.0,2.435016,1.952823,0.0,0.0,0.0,2.073915
1,154,155.0,10.0,1.0,1.0,136.0,1.0,1.0,1.0,0.9999793,1.0,-0.0,0.0,-2.0671512e-05,-0.0,0.31693354,2.8138347,0.6050754,4.6182075,0.3213546,2.3252854,1.0,7.3995037,-4.219846,0.3564815,47.816742,0.0,0.0,0.0,1.0,0.0,0,10.794327,8.463276,0.1243187,0.0,3.2425969,2.6234827,0.0,0.0,0.0,2.9755933
2,154,155.0,10.0,1.0,1.0,136.0,1.0,1.0,1.0,0.9999797,1.0,-0.0,0.0,-2.0333904e-05,-0.0,0.24332032,2.4608748,0.51562333,4.6796746,0.3909198,2.49921,1.0,7.9083,-5.449771,0.37962964,47.65758,0.0,0.0,0.0,1.0,0.0,0,11.3218155,9.01743,0.0,0.0,3.092273,2.5511267,0.0,0.0,0.0,2.5468013
3,154,155.0,10.0,1.0,1.0,136.0,1.0,1.0,1.0,0.9999771,1.0,-0.0,0.0,-2.2880957e-05,-0.0,0.39116368,2.9425235,0.7329288,3.8884103,0.31978002,1.8426468,1.0,7.3077717,-5.6225286,0.33333334,46.92295,0.0,0.0,0.0,1.0,0.0,0,10.456787,8.092159,0.42555994,0.0,3.8905172,3.360578,0.0,0.0,0.0,3.346302
0,155,156.0,10.0,1.0,1.0,137.0,1.0,1.0,1.0,0.99998814,1.0,-0.0,0.0,-1.1884827e-05,-0.0,0.34284368,3.7001178,0.40889657,3.0823312,0.34914878,3.7961156,1.0,8.282473,-4.664747,0.33333334,46.674686,0.0,0.0,0.0,1.0,0.0,0,11.647993,8.538924,0.56383705,0.0,2.5733817,1.9951689,0.0,0.0,0.0,2.2263455
1,155,156.0,10.0,1.0,1.0,137.0,1.0,1.0,1.0,0.9999861,1.0,-0.0,0.0,-1.3906522e-05,-0.0,0.24114996,3.265193,0.60683435,4.5809317,0.3284566,2.4335148,1.0,7.4239397,-5.0107017,0.3564815,48.36319,0.0,0.0,0.0,1.0,0.0,0,11.127314,8.710248,0.17927644,0.0,3.803438,2.5057132,0.0,0.0,0.0,3.3519113
2,155,156.0,10.0,1.0,1.0,137.0,1.0,1.0,1.0,0.9999874,1.0,-0.0,0.0,-1.2573348e-05,-0.0,0.2209954,2.8895447,0.50423175,4.61261,0.38313177,3.3491237,1.0,7.959787,-4.7891235,0.37962964,48.182392,0.0,0.0,0.0,1.0,0.0,0,11.696345,9.090669,0.0,0.0,3.8541265,2.5295353,0.0,0.0,0.0,2.7864654
3,155,156.0,10.0,1.0,1.0,137.0,1.0,1.0,1.0,0.9999879,1.0,-0.0,0.0,-1.2115735e-05,-0.0,0.33077413,3.3914163,0.7465204,3.8906245,0.3078458,2.1757305,1.0,7.288092,-4.8999906,0.33333334,47.4636,0.0,0.0,0.0,1.0,0.0,0,10.582167,8.172912,0.54391795,0.0,3.9800916,3.387831,0.0,0.0,0.0,3.403438
0,156,157.0,10.0,1.0,1.0,138.0,1.0,1.0,1.0,0.9999784,1.0,-0.0,0.0,-2.1569118e-05,-0.0,0.45254752,3.5682971,0.4363762,3.5042362,0.35163042,2.6363842,1.0,8.2464075,-4.9593763,0.33333334,46.781395,0.0,0.0,0.0,1.0,0.0,0,11.247058,8.2313385,0.4950265,0.0,2.4764097,1.9112324,0.0,0.0,0.0,1.9903952
1,156,157.0,10.0,1.0,1.0,138.0,1.0,1.0,1.0,0.99998164,1.0,-0.0,0.0,-1.8350245e-05,-0.0,0.38091952,3.108268,0.64179784,4.91118,0.3435758,2.3296573,1.0,7.4562464,-3.5645692,0.3564815,48.49072,0.0,0.0,0.0,1.0,0.0,0,10.633076,8.200948,0.11712837,0.0,3.7734199,2.3538213,0.0,0.0,0.0,3.0030982
2,156,157.0,10.0,1.0,1.0,138.0,1.0,1.0,1.0,0.99998283,1.0,-0.0,0.0,-1.715339e-05,-0.0,0.29346532,2.7638204,0.51616704,4.6771646,0.4247339,2.9316065,1.0,8.000938,-4.7293196,0.37962964,48.275406,0.0,0.0,0.0,1.0,0.0,0,11.336696,8.795959,0.0,0.0,3.3692968,2.4544084,0.0,0.0,0.0,2.5709498
3,156,157.0,10.0,1.0,1.0,138.0,1.0,1.0,1.0,0.99997944,1.0,-0.0,0.0,-2.0536536e-05,-0.0,0.45220926,3.2564492,0.7897342,4.372834,0.38478604,2.1313887,1.0,7.348736,-5.1577435,0.33333334,47.57134,0.0,0.0,0.0,1.0,0.0,0,10.377513,7.967428,0.4492936,0.0,4.118625,3.122669,0.0,0.0,0.0,3.3552935
0,157,158.0,10.0,1.0,1.0,139.0,1.0,1.0,1.0,0.99998754,1.0,-0.0,0.0,-1.24452245e-05,-0.0,0.31162536,3.7133195,0.45836306,3.8855906,0.3485632,3.7114472,1.0,8.17445,-4.649773,0.33333334,47.093414,0.0,0.0,0.0,1.0,0.0,0,11.105605,8.133924,0.6000869,0.0,2.7879822,1.987986,0.0,0.0,0.0,2.2307088
1,157,158.0,10.0,1.0,1.0,139.0,1.0,1.0,1.0,0.99805266,1.0,-0.0,0.0,-1.295195e-05,-0.0019343878,0.1861114,3.2274702,0.6663748,5.1160626,0.3420639,2.6414268,0.0,7.3653502,-5.0124917,0.3564815,48.796688,0.0,0.0,0.0,1.0,0.0,0,10.938795,8.253361,0.15159844,0.0,3.8472505,2.356807,0.0,0.0,0.0,3.1865847
2,157,158.0,10.0,1.0,1.0,139.0,1.0,1.0,1.0,0.99998724,1.0,-0.0,0.0,-1.2774888e-05,-0.0,0.15897974,2.9266744,0.5247097,4.715672,0.3879326,4.0356126,1.0,8.000987,-4.5915537,0.37962964,48.59367,0.0,0.0,0.0,1.0,0.0,0,11.612914,8.754941,0.0,0.0,3.4415371,2.4195518,0.0,0.0,0.0,2.9068358
3,157,158.0,10.0,1.0,1.0,139.0,1.0,1.0,1.0,0.999988,1.0,-0.0,0.0,-1.1986453e-05,-0.0,0.29071832,3.4623754,0.820051,4.504934,0.3410557,2.4325495,1.0,7.2576346,-4.9145865,0.33333334,47.90954,0.0,0.0,0.0,1.0,0.0,0,10.6284685,8.080665,0.61955625,0.0,3.9064155,3.1734211,0.0,0.0,0.0,3.763118
0,158,159.0,10.0,1.0,1.0,140.0,1.0,1.0,1.0,0.9999835,1.0,-0.0,0.0,-1.6516764e-05,-0.0,0.37397707,3.6964278,0.47800374,4.1061873,0.35547087,3.0795364,1.0,8.0725355,-4.7313786,0.33333334,47.308044,0.0,0.0,0.0,1.0,0.0,0,11.034193,7.869651,0.50997186,0.0,2.608705,1.9207374,0.0,0.0,0.0,2.1441963
1,158,159.0,10.0,1.0,1.0,140.0,1.0,1.0,1.0,0.9942698,1.0,-0.0,0.0,-1.5375155e-05,-0.005714805,0.22150837,3.1210287,0.6950557,5.342888,0.36186114,2.3759007,0.0,7.3547406,-4.8219485,0.3564815,49.020683,0.0,0.0,0.0,1.0,0.0,0,10.814712,8.140045,0.091355056,0.0,3.4252114,2.3337307,0.0,0.0,0.0,3.2555773
2,158,159.0,10.0,1.0,1.0,140.0,1.0,1.0,1.0,0.9999854,1.0,-0.0,0.0,-1.4596973e-05,-0.0,0.24088435,2.9452243,0.5227396,4.6968746,0.4060829,3.8209865,1.0,8.1683,-4.3869753,0.37962964,48.802887,0.0,0.0,0.0,1.0,0.0,0,12.0612755,8.832283,0.0,0.0,3.1979382,2.397446,0.0,0.0,0.0,2.8505082
3,158,159.0,10.0,1.0,1.0,140.0,1.0,1.0,1.0,0.9999835,1.0,-0.0,0.0,-1.6533906e-05,-0.0,0.38596764,3.465812,0.8565237,4.7163367,0.38562855,2.2145963,1.0,7.2067437,-4.7587667,0.33333334,48.10584,0.0,0.0,0.0,1.0,0.0,0,10.648094,8.003791,0.5785945,0.0,3.121163,2.999821,0.0,0.0,0.0,3.6573763
0,159,160.0,10.0,1.0,1.0,141.0,1.0,1.0,1.0,0.9999855,1.0,-0.0,0.0,-1.4494765e-05,-0.0,0.34328288,3.695729,0.49796164,4.362976,0.3594561,3.443848,1.0,7.9861307,-4.4479175,0.33333334,47.50517,0.0,0.0,0.0,1.0,0.0,0,11.017374,7.9528866,0.5095818,0.0,2.5163083,2.031137,0.0,0.0,0.0,2.2479856
1,159,160.0,10.0,1.0,1.0,141.0,1.0,1.0,1.0,0.99240065,1.0,-0.0,0.0,-1.3758065e-05,-0.0075855865,0.16129854,3.0887458,0.7151456,5.455135,0.35818258,2.713635,0.0,7.3333406,-4.869935,0.3564815,49.234943,0.0,0.0,0.0,1.0,0.0,0,11.073797,8.111059,0.0950094,0.0,3.579969,2.593041,0.0,0.0,0.0,3.1930318
2,159,160.0,10.0,1.0,1.0,141.0,1.0,1.0,1.0,0.99998504,1.0,-0.0,0.0,-1.4942567e-05,-0.0,0.19367412,3.0677323,0.4971739,4.479315,0.39382064,4.285672,1.0,8.152156,-4.531823,0.37962964,49.03231,0.0,0.0,0.0,1.0,0.0,0,11.765217,8.5537405,0.0,0.0,2.985489,2.455781,0.0,0.0,0.0,3.0362573
3,159,160.0,10.0,1.0,1.0,141.0,1.0,1.0,1.0,0.9999865,1.0,-0.0,0.0,-1.3490697e-05,-0.0,0.42751208,3.579795,0.894166,4.999656,0.42332503,2.3131354,1.0,7.1477304,-4.797874,0.33333334,48.376118,0.0,0.0,0.0,1.0,0.0,0,10.381299,7.9517746,0.5613089,0.0,3.1624732,3.0119588,0.0,0.0,0.0,3.7010002
0,160,161.0,10.0,1.0,1.0,142.0,1.0,1.0,1.0,0.9999845,1.0,-0.0,0.0,-1.5491147e-05,-0.0,0.30652732,3.6488023,0.5306969,4.6783357,0.36521792,3.764016,1.0,7.9082003,-4.277928,0.33333334,47.730965,0.0,0.0,0.0,1.0,0.0,0,10.997227,7.8701673,0.5796859,0.0,1.8334564,2.1176674,0.0,0.0,0.0,2.412237
1,160,161.0,10.0,1.0,1.0,142.0,1.0,1.0,1.0,0.98796695,1.0,-0.0,0.0,-1.5063205e-05,-0.012017974,0.1717966,3.078806,0.74888384,5.721078,0.37339708,2.5522046,0.0,7.3829646,-4.738192,0.3564815,49.460182,0.0,0.0,0.0,1.0,0.0,0,11.064065,8.049406,0.07001765,0.0,3.3469841,2.8048968,0.0,0.0,0.0,3.1979709
2,160,161.0,10.0,1.0,1.0,142.0,1.0,1.0,1.0,0.9999859,1.0,-0.0,0.0,-1.410843e-05,-0.0,0.2479218,3.148149,0.5246933,4.646432,0.41200632,3.963386,1.0,8.161134,-4.4184933,0.37962964,49.288185,0.0,0.0,0.0,1.0,0.0,0,11.75677,8.344316,0.0,0.0,2.978213,2.531482,0.0,0.0,0.0,3.150676
3,160,161.0,10.0,1.0,1.0,142.0,1.0,1.0,1.0,0.9932336,1.0,-0.0,0.0,-1.47334185e-05,-0.0067516775,0.4749838,3.647607,0.94538665,5.4051003,0.45177498,2.4778209,0.0,7.0978513,-4.564018,0.33333334,48.613247,0.0,0.0,0.0,1.0,0.0,0,10.1261215,7.511812,0.5055721,0.0,2.6568477,2.739429,0.0,0.0,0.0,3.9042974
0,161,162.0,10.0,1.0,1.0,143.0,1.0,1.0,1.0,0.99998575,1.0,-0.0,0.0,-1.4274697e-05,-0.0,0.29591954,3.6242337,0.5680978,4.9690266,0.3754563,3.811756,1.0,7.743619,-4.2229733,0.33333334,47.99441,0.0,0.0,0.0,1.0,0.0,0,11.148807,7.5691953,0.47302732,0.0,1.7218927,2.2444909,0.0,0.0,0.0,2.5772614
1,161,162.0,10.0,1.0,1.0,143.0,1.0,1.0,1.0,0.9854396,1.0,-0.0,0.0,-1.4288411e-05,-0.014546119,0.17450191,3.0918195,0.77302873,5.8727665,0.37734422,2.713635,0.0,7.4358497,-4.4974127,0.3564815,49.738388,0.0,0.0,0.0,1.0,0.0,0,11.168791,7.9067116,0.06057494,0.0,3.4562926,2.9572217,0.0,0.0,0.0,3.5927024
2,161,162.0,10.0,1.0,1.0,143.0,1.0,1.0,1.0,0.99998665,1.0,-0.0,0.0,-1.3361731e-05,-0.0,0.26674345,3.133707,0.5631482,4.9391575,0.4223527,3.8807523,1.0,8.14871,-4.44468,0.37962964,49.561333,0.0,0.0,0.0,1.0,0.0,0,12.034053,8.524552,0.0,0.0,2.85462,2.6085355,0.0,0.0,0.0,3.2621107
3,161,162.0,10.0,1.0,1.0,143.0,1.0,1.0,1.0,0.9865331,1.0,-0.0,0.0,-1.3525807e-05,-0.013453366,0.48153102,3.6492288,0.99716455,5.8072014,0.45962265,2.5123296,0.0,7.0204873,-4.156857,0.33333334,48.889824,0.0,0.0,0.0,1.0,0.0,0,10.754607,7.865697,0.6207654,0.0,2.4437158,3.0366368,0.0,0.0,0.0,4.1865597
0,162,163.0,10.0,1.0,1.0,144.0,1.0,1.0,1.0,0.9925835,1.0,-0.0,0.0,-1.532459e-05,-0.007401193,0.34197384,3.5772793,0.6224525,5.4440713,0.3956395,3.4669557,0.0,7.727737,-4.2633853,0.33333334,48.318016,0.0,0.0,0.0,1.0,0.0,0,11.192545,7.558474,0.6537243,0.0,2.120192,2.337224,0.0,0.0,0.0,2.6984854
1,162,163.0,10.0,1.0,1.0,144.0,1.0,1.0,1.0,0.98523295,1.0,-0.0,0.0,-1.449721e-05,-0.014752561,0.16802363,3.0867012,0.7743076,5.8851533,0.37853688,2.9640026,0.0,7.5282717,-4.348233,0.3564815,50.045925,0.0,0.0,0.0,1.0,0.0,0,11.320516,7.998659,0.0,0.0,3.3792977,2.9948516,0.0,0.0,0.0,3.6757216
2,162,163.0,10.0,1.0,1.0,144.0,1.0,1.0,1.0,0.9975429,1.0,-0.0,0.0,-1.407367e-05,-0.002442995,0.24534613,3.0763113,0.59196955,5.1465793,0.4246566,4.0346417,0.0,8.100478,-4.463179,0.37962964,49.877247,0.0,0.0,0.0,1.0,0.0,0,11.873511,8.119539,0.0,0.0,2.827059,2.6075978,0.0,0.0,0.0,3.5868506
3,162,163.0,10.0,1.0,1.0,144.0,1.0,1.0,1.0,0.9809822,1.0,-0.0,0.0,-1.3217746e-05,-0.019004602,0.45508072,3.6051433,1.040945,6.1402755,0.46990597,2.5616946,0.0,6.965311,-4.1605496,0.33333334,49.206863,0.0,0.0,0.0,1.0,0.0,0,10.433827,7.615805,0.525548,0.0,1.8907932,2.9666615,0.0,0.0,0.0,4.3653584
0,163,164.0,10.0,1.0,1.0,145.0,1.0,1.0,1.0,0.9864262,1.0,-0.0,0.0,-1.4928558e-05,-0.013558929,0.3836375,3.5663626,0.6738545,5.813535,0.4223705,3.1548712,0.0,7.5696044,-4.3588963,0.33333334,48.642002,0.0,0.0,0.0,1.0,0.0,0,11.404967,7.796073,0.59205836,0.0,1.7168106,2.4686065,0.0,0.0,0.0,2.840837
1,163,164.0,10.0,1.0,1.0,145.0,1.0,1.0,1.0,0.9870577,1.0,-0.0,0.0,-1.4012639e-05,-0.012928331,0.15252754,3.0939276,0.7645702,5.7756996,0.38307065,3.474173,0.0,7.61672,-4.2816696,0.3564815,50.355774,0.0,0.0,0.0,1.0,0.0,0,11.033049,7.6434026,0.0,0.0,3.7211163,3.3271284,0.0,0.0,0.0,3.8015
2,163,164.0,10.0,1.0,1.0,145.0,1.0,1.0,1.0,0.99728525,1.0,-0.0,0.0,-1.3505371e-05,-0.002701226,0.24194233,3.062536,0.59691894,5.162073,0.43744528,4.2578163,0.0,8.063971,-4.4260397,0.37962964,50.18627,0.0,0.0,0.0,1.0,0.0,0,11.878573,8.450092,0.0,0.0,2.9210036,2.7340562,0.0,0.0,0.0,3.6813529
3,163,164.0,10.0,1.0,1.0,145.0,1.0,1.0,1.0,0.9759909,1.0,-0.0,0.0,-1.2290438e-05,-0.02399683,0.4685551,3.57053,1.0797616,6.4398093,0.48942542,2.695111,0.0,6.9553914,-3.7436905,0.33333334,49.519363,0.0,0.0,0.0,1.0,0.0,0,10.946252,7.7753425,0.649893,0.0,1.8819599,3.267963,0.0,0.0,0.0,4.369342
0,164,165.0,10.0,1.0,1.0,146.0,1.0,1.0,1.0,0.9794677,1.0,-0.0,0.0,-1.4902343e-05,-0.020517383,0.4090026,3.5834796,0.72942525,6.2310424,0.45225573,3.0277557,0.0,7.4101562,-4.37247,0.33333334,48.95468,0.0,0.0,0.0,1.0,0.0,0,11.496555,7.3917365,0.5338625,0.0,1.2101827,2.4842298,0.0,0.0,0.0,2.9009304
1,164,165.0,10.0,1.0,1.0,146.0,1.0,1.0,1.0,0.98803174,1.0,-0.0,0.0,-1.4178202e-05,-0.011954076,0.14021266,3.129881,0.75665295,5.717244,0.40946683,3.86296,0.0,7.6852584,-4.3564076,0.3564815,50.678677,0.0,0.0,0.0,1.0,0.0,0,11.046278,7.9970207,0.0,0.0,3.5856779,3.562081,0.0,0.0,0.0,3.7409308
2,164,165.0,10.0,1.0,1.0,146.0,1.0,1.0,1.0,0.99950856,1.0,-0.0,0.0,-1.30964045e-05,-0.0004783267,0.20515807,3.0944653,0.580894,5.0286994,0.45238408,4.8236785,0.0,8.108157,-4.5462165,0.37962964,50.521683,0.0,0.0,0.0,1.0,0.0,0,11.851019,9.01034,0.0,0.0,2.7545614,3.168938,0.0,0.0,0.0,3.6205935
3,164,165.0,10.0,1.0,1.0,146.0,1.0,1.0,1.0,0.9713118,1.0,-0.0,0.0,-1.2266058e-05,-0.02867593,0.48891044,3.5851505,1.1177248,6.7205553,0.5150274,2.820564,0.0,6.9779725,-3.1282203,0.33333334,49.84235,0.0,0.0,0.0,1.0,0.0,0,10.716683,7.467318,0.72518224,0.0,1.7434472,3.296881,0.0,0.0,0.0,4.1341558
0,165,166.0,10.0,1.0,1.0,147.0,1.0,1.0,1.0,0.97900975,1.0,-0.0,0.0,-1.5147094e-05,-0.020975083,0.19499324,3.4823968,0.7364392,6.2585044,0.40064844,4.989781,0.0,7.563069,-4.124281,0.33333334,49.096935,0.0,0.0,0.0,1.0,0.0,0,11.949627,6.637268,0.0,0.0,0.71682334,2.3153086,0.0,0.0,0.0,2.7246897
1,165,166.0,10.0,1.0,1.0,147.0,1.0,1.0,1.0,0.97051024,1.0,-0.0,0.0,-1.4610393e-05,-0.029475141,0.06314721,3.0732484,0.7506504,5.6346116,0.38948423,6.133896,0.0,7.92023,-4.301965,0.3564815,50.82157,0.0,0.0,0.0,1.0,0.0,0,11.985293,8.853987,0.0,0.0,3.352524,3.6126845,0.0,0.0,0.0,3.8349588
2,165,166.0,10.0,1.0,1.0,147.0,1.0,1.0,1.0,0.9551053,1.0,-0.0,0.0,-1.3265918e-05,-0.0448814,0.09590443,3.030829,0.5387622,4.65182,0.39412072,7.6928835,0.0,8.206309,-4.365966,0.38425925,50.6295,0.0,0.0,0.0,1.0,0.0,0,12.628552,9.420541,0.0,0.0,2.684719,3.606738,0.0,0.0,0.0,3.78487
3,165,166.0,10.0,1.0,1.0,147.0,1.0,1.0,1.0,0.9684839,1.0,-0.0,0.0,-1.3108908e-05,-0.03150299,0.22800341,3.481047,1.139221,6.8901787,0.5087073,3.4265294,0.0,7.099648,-4.1318674,0.33333334,50.015938,0.0,0.0,0.0,1.0,0.0,0,10.587752,7.7317333,0.6100049,0.0,0.5288413,3.4579484,0.0,0.0,0.0,3.9983735
0,166,167.0,10.0,1.0,1.0,148.0,1.0,1.0,1.0,0.97822255,1.0,-0.0,0.0,-1.7023367e-05,-0.021760391,0.3203768,3.5873213,0.7526637,6.305623,0.4592677,3.9532995,0.0,7.6494236,-4.3121295,0.33333334,49.49024,0.0,0.0,0.0,1.0,0.0,0,11.603029,7.4166713,0.67024726,0.0,1.4392678,2.3544343,0.0,0.0,0.0,2.6276426
1,166,167.0,10.0,1.0,1.0,148.0,1.0,1.0,1.0,0.9802522,1.0,-0.0,0.0,-1.670742e-05,-0.019731121,0.058868155,3.2189038,0.7407272,5.5531473,0.47238585,5.630719,0.0,8.070807,-4.317007,0.3564815,51.24338,0.0,0.0,0.0,1.0,0.0,0,11.151416,8.623301,0.0,0.0,3.4559815,3.07527,0.0,0.0,0.0,3.3431425
2,166,167.0,10.0,1.0,1.0,148.0,1.0,1.0,1.0,0.94395584,1.0,-0.0,0.0,-1.5595768e-05,-0.056028567,0.08156877,3.2270074,0.48752517,4.317703,0.4271955,8.361713,0.0,8.268354,-4.2397957,0.38425925,51.034134,0.0,0.0,0.0,1.0,0.0,0,12.375725,9.433509,0.0,0.0,2.8982594,3.1650107,0.0,0.0,0.0,3.4089482
3,166,167.0,10.0,1.0,1.0,148.0,1.0,1.0,1.0,0.9655856,1.0,-0.0,0.0,-1.9096087e-05,-0.03439532,0.37186408,3.5867908,1.1677799,7.0637183,0.6188762,2.979806,0.0,7.227594,-4.5264306,0.33333334,50.422054,0.0,0.0,0.0,1.0,0.0,0,11.0962715,7.815258,0.5280315,0.0,1.480652,3.6207535,0.0,0.0,0.0,3.88165
0,167,168.0,10.0,1.0,1.0,149.0,1.0,1.0,1.0,0.9668869,1.0,-0.0,0.0,-2.1441505e-05,-0.03309166,0.11061821,3.500861,0.7416351,6.160392,0.42679837,5.825107,0.0,7.8877463,-4.0991807,0.33333334,49.662556,0.0,0.0,0.0,1.0,0.0,0,11.73877,7.8773036,0.28199366,0.0,0.23564422,2.2512019,0.0,0.0,0.0,2.3120058
1,167,168.0,10.0,1.0,1.0,149.0,1.0,1.0,1.0,0.951266,1.0,-0.0,0.0,-1.9351204e-05,-0.04871461,0.14275816,3.1560237,0.72510254,5.4061136,0.48862743,7.516762,0.0,8.305082,-4.179256,0.3564815,51.406788,0.0,0.0,0.0,1.0,0.0,0,11.718091,9.060791,0.0,0.0,2.8419428,3.0475428,0.0,0.0,0.0,3.15831
2,167,168.0,10.0,1.0,1.0,149.0,1.0,1.0,1.0,0.9130875,1.0,-0.0,0.0,-2.0481444e-05,-0.086892016,0.27893966,3.1551194,0.47259828,4.19409,0.43634987,10.21352,0.0,8.533707,-5.5198426,0.38425925,51.211445,0.0,0.0,0.0,1.0,0.0,0,11.407722,7.315962,0.0,0.0,1.4928901,2.6723642,0.0,0.0,0.0,2.6783803
3,167,168.0,10.0,1.0,1.0,149.0,1.0,1.0,1.0,0.9621098,1.0,-0.0,0.0,-2.2093423e-05,-0.03786809,0.20711087,3.5083122,1.201455,7.2720847,0.60744876,3.4390714,0.0,7.429355,-4.3208766,0.33333334,50.611298,0.0,0.0,0.0,1.0,0.0,0,12.590034,8.731808,0.4033984,0.0,0.79661834,3.7040923,0.0,0.0,0.0,3.7809856
0,168,169.0,10.0,1.0,1.0,150.0,1.0,1.0,1.0,0.980202,1.0,-0.0,0.0,-2.4720153e-05,-0.019773262,0.39083064,3.8365717,0.7502525,6.186395,0.5720395,3.2104564,0.0,7.9893494,-4.85046,0.33333334,50.17318,0.0,0.0,0.0,1.0,0.0,0,12.373915,8.313426,0.7464814,0.0,1.0163879,1.9123982,0.0,0.0,0.0,2.177558
1,168,169.0,10.0,1.0,1.0,150.0,1.0,1.0,1.0,0.9849055,1.0,-0.0,0.0,-2.3541925e-05,-0.015070976,0.19747801,3.4582362,0.73209196,5.4260635,0.6198441,5.4781938,0.0,8.464989,-3.6487486,0.3564815,51.908936,0.0,0.0,0.0,1.0,0.0,0,10.899416,8.809152,0.0,0.0,3.3268173,2.4363708,0.0,0.0,0.0,2.81707
2,168,169.0,10.0,1.0,1.0,150.0,1.0,1.0,1.0,0.94780815,1.0,-0.0,0.0,-2.3399887e-05,-0.052168414,0.035127625,3.4826007,0.47501692,4.194837,0.5740355,8.130104,0.0,8.581238,-4.0383525,0.38425925,51.73365,0.0,0.0,0.0,1.0,0.0,0,12.241935,8.816724,0.0,0.0,2.2802472,2.358895,0.0,0.0,0.0,2.6180828
3,168,169.0,10.0,1.0,1.0,150.0,1.0,1.0,1.0,0.9619062,1.0,-0.0,0.0,-2.1257987e-05,-0.03807254,0.47750473,3.8236313,1.2087165,7.284352,0.7636604,3.150402,0.0,7.646575,-5.026704,0.33333334,51.118397,0.0,0.0,0.0,1.0,0.0,0,11.774176,8.253585,0.7474471,0.0,1.8073065,3.223487,0.0,0.0,0.0,3.439538
0,169,170.0,10.0,1.0,1.0,151.0,1.0,1.0,1.0,0.98097783,1.0,-0.0,0.0,-2.6018157e-05,-0.018996093,0.25266707,3.9182253,0.7449445,6.1397653,0.59055686,4.4354053,0.0,8.179132,-4.6600084,0.33333334,50.47566,0.0,0.0,0.0,1.0,0.0,0,12.3356085,8.521382,0.5347324,0.0,0.06202527,2.1552095,0.0,0.0,0.0,1.2341294
1,169,170.0,10.0,1.0,1.0,151.0,1.0,1.0,1.0,0.9706432,1.0,-0.0,0.0,-2.4155983e-05,-0.02933261,0.09045489,3.4781418,0.76519036,5.7587285,0.6714504,6.001227,0.0,8.811578,-4.150888,0.3564815,52.21454,0.0,0.0,0.0,1.0,0.0,0,11.391387,8.795557,0.0,0.0,3.8482785,3.1830742,0.0,0.0,0.0,1.5548316
2,169,170.0,10.0,1.0,1.0,151.0,1.0,1.0,1.0,0.92481333,1.0,-0.0,0.0,-2.631634e-05,-0.07516034,0.11229515,3.575335,0.47252393,4.161109,0.61105794,9.50962,0.0,8.674278,-3.7320013,0.3888889,52.04139,0.0,0.0,0.0,1.0,0.0,0,12.55808,8.3616495,0.0,0.0,1.6160166,2.7013361,0.0,0.0,0.0,1.2157397
3,169,170.0,10.0,1.0,1.0,151.0,1.0,1.0,1.0,0.96555746,1.0,-0.0,0.0,-2.5054867e-05,-0.034417488,0.30715764,3.9135547,1.1882035,7.0650487,0.7559868,2.9834816,0.0,7.8207207,-4.8038473,0.33333334,51.422863,0.0,0.0,0.0,1.0,0.0,0,12.553587,8.807116,0.45747706,0.0,0.5023796,3.073893,0.0,0.0,0.0,3.395877
0,170,171.0,10.0,1.0,1.0,152.0,1.0,1.0,1.0,0.9793599,1.0,-0.0,0.0,-3.0548243e-05,-0.020609505,0.41018093,4.0313125,0.76264846,6.23657,0.7231009,2.6834683,0.0,8.287805,-5.556211,0.33333334,50.915188,0.0,0.0,0.0,1.0,0.0,0,12.662612,9.096965,1.0283209,0.0,1.4405428,1.5981922,0.0,0.0,0.0,1.7843316
1,170,171.0,10.0,1.0,1.0,152.0,1.0,1.0,1.0,0.98887897,1.0,-0.0,0.0,-2.6826589e-05,-0.011094233,0.24309419,3.5953872,0.76189107,5.6656537,0.77341044,4.4542513,0.0,8.991386,-4.5212007,0.3564815,52.659817,0.0,0.0,0.0,1.0,0.0,0,11.168787,10.597508,0.0,0.0,4.08547,2.8252306,0.0,0.0,0.0,1.7820398
2,170,171.0,10.0,1.0,1.0,152.0,1.0,1.0,1.0,0.95444816,1.0,-0.0,0.0,-2.893299e-05,-0.04552294,0.08054245,3.6879077,0.4829353,4.1635537,0.7152358,7.7313757,0.0,8.817973,-4.119415,0.3888889,52.495926,0.0,0.0,0.0,1.0,0.0,0,12.92242,9.904156,0.0,0.0,2.241204,2.282894,0.0,0.0,0.0,1.6899155
3,170,171.0,10.0,1.0,1.0,152.0,1.0,1.0,1.0,0.9650011,1.0,-0.0,0.0,-2.4708721e-05,-0.03497413,0.4576385,4.0305653,1.1983993,7.0984473,0.8749674,3.4499798,0.0,8.163683,-5.668234,0.33333334,51.856346,0.0,0.0,0.0,1.0,0.0,0,12.206929,8.69659,1.0869852,0.0,1.4143367,2.7869232,0.0,0.0,0.0,2.9920285
0,171,172.0,10.0,1.0,1.0,153.0,1.0,1.0,1.0,0.97690475,1.0,-0.0,0.0,-2.6608872e-05,-0.023068644,0.28849876,4.0145173,0.78369725,6.384118,0.75651854,3.110141,0.0,8.389043,-5.1551557,0.33333334,51.0865,0.0,0.0,0.0,1.0,0.0,0,12.149008,7.6620893,0.20960997,0.0,1.4535071,1.9589185,0.0,0.0,0.0,0.8691778
1,171,172.0,10.0,1.0,1.0,153.0,1.0,1.0,1.0,0.9685067,1.0,-0.0,0.0,-2.4047775e-05,-0.031469278,0.12763423,3.5783145,0.77513534,5.7836924,0.81663954,6.104463,0.0,9.377081,-4.198352,0.3564815,52.84102,0.0,0.0,0.0,1.0,0.0,0,11.244326,10.099032,0.0,0.0,3.0885124,3.2229912,0.0,0.0,0.0,1.1980855
2,171,172.0,10.0,1.0,1.0,153.0,1.0,1.0,1.0,0.9569808,1.0,-0.0,0.0,-2.5098585e-05,-0.04299408,0.06959364,3.6385932,0.5375587,4.604115,0.7625338,7.579644,0.0,9.004335,-4.0732307,0.3888889,52.642227,0.0,0.0,0.0,1.0,0.0,0,13.374555,9.269631,0.0,0.0,3.3959785,2.6596723,0.0,0.0,0.0,0.8830094
3,171,172.0,10.0,1.0,1.0,153.0,1.0,1.0,1.0,0.9584625,1.0,-0.0,0.0,-2.6418496e-05,-0.04151113,0.41860864,3.9903235,1.2292562,7.4906673,0.91416204,2.7323203,0.0,8.547343,-5.634034,0.33333334,52.01453,0.0,0.0,0.0,1.0,0.0,0,13.134508,8.833941,0.41339305,0.0,2.7890384,3.4016776,0.0,0.0,0.0,1.4109827
0,172,173.0,10.0,1.0,1.0,154.0,1.0,1.0,1.0,0.9757969,1.0,-0.0,0.0,-2.403981e-05,-0.024179075,0.43598413,4.0472565,0.7934467,6.450744,0.8510314,1.5034686,0.0,8.481144,-6.1185064,0.33333334,51.356052,0.0,0.0,0.0,1.0,0.0,0,12.416869,8.239318,0.8497582,0.0,1.412102,1.4072624,0.0,0.0,0.0,1.2445076
1,172,173.0,10.0,1.0,1.0,154.0,1.0,1.0,1.0,0.9863855,1.0,-0.0,0.0,-2.4135394e-05,-0.0135903545,0.28737372,3.6510653,0.7780678,5.8154206,0.9087839,4.312986,0.0,9.491546,-4.825542,0.3564815,53.138214,0.0,0.0,0.0,1.0,0.0,0,10.870351,9.763473,0.0,0.0,4.2159886,2.4669287,0.0,0.0,0.0,1.669247
2,172,173.0,10.0,1.0,1.0,154.0,1.0,1.0,1.0,0.9816199,1.0,-0.0,0.0,-2.374907e-05,-0.018356403,0.20377673,3.6997046,0.529636,4.5788803,0.8368883,6.1013837,0.0,9.1036415,-4.495157,0.3888889,52.95513,0.0,0.0,0.0,1.0,0.0,0,12.359519,8.957671,0.0,0.0,3.2221508,2.4481595,0.0,0.0,0.0,1.194023
3,172,173.0,10.0,1.0,1.0,154.0,1.0,1.0,1.0,0.96248823,1.0,-0.0,0.0,-2.2979206e-05,-0.037488744,0.51388776,4.0354624,1.2168144,7.2493243,0.9645557,3.6521268,0.0,8.711225,-6.333785,0.33333334,52.304245,0.0,0.0,0.0,1.0,0.0,0,12.56527,9.330446,1.363329,0.0,1.8842918,2.7209952,0.0,0.0,0.0,1.5799627
0,173,174.0,10.0,1.0,1.0,155.0,1.0,1.0,1.0,0.9729009,1.0,-0.0,0.0,-2.5193918e-05,-0.027073888,0.31164214,3.990482,0.8127446,6.6244326,0.8663328,2.562,0.0,8.56105,-5.593764,0.33333334,51.45443,0.0,0.0,0.0,1.0,0.0,0,12.457068,7.9020295,0.21847586,0.0,1.064742,1.6449894,0.0,0.0,0.0,0.7404267
1,173,174.0,10.0,1.0,1.0,155.0,1.0,1.0,1.0,0.97819066,1.0,-0.0,0.0,-2.3759321e-05,-0.021785557,0.23144,3.6352441,0.79672265,6.0095725,0.9547066,5.29756,0.0,9.82391,-4.6507883,0.3564815,53.24803,0.0,0.0,0.0,1.0,0.0,0,11.205441,9.485754,0.0,0.0,3.0533187,2.6066928,0.0,0.0,0.0,1.5336162
2,173,174.0,10.0,1.0,1.0,155.0,1.0,1.0,1.0,0.9632937,1.0,-0.0,0.0,-2.518176e-05,-0.036681175,0.09430125,3.6626737,0.53922355,4.729101,0.8598069,7.20087,0.0,9.250429,-4.0507426,0.3888889,53.035206,0.0,0.0,0.0,1.0,0.0,0,13.799964,9.319646,0.0,0.0,3.2187743,2.966774,0.0,0.0,0.0,0.49116585
3,173,174.0,10.0,1.0,1.0,155.0,1.0,1.0,1.0,0.9505995,1.0,-0.0,0.0,-2.282543e-05,-0.049377684,0.48948154,3.9255977,1.2749178,7.962661,0.99367684,3.3745043,0.0,9.426085,-6.191166,0.33333334,52.317184,0.0,0.0,0.0,1.0,0.0,0,12.684152,8.466915,0.7559824,0.0,2.2474103,3.23455,0.0,0.0,0.0,1.40478
0,174,175.0,10.0,1.0,1.0,156.0,1.0,1.0,1.0,0.97049683,1.0,-0.0,0.0,-2.4126875e-05,-0.02947904,0.3313493,3.9384787,0.8354932,6.768742,0.9178963,2.4338365,0.0,8.716971,-5.728753,0.33333334,51.48414,0.0,0.0,0.0,1.0,0.0,0,13.283003,9.445093,1.2188152,0.0,1.954731,1.7455527,0.0,0.0,0.0,0.73963165
1,174,175.0,10.0,1.0,1.0,156.0,1.0,1.0,1.0,0.97998106,1.0,-0.0,0.0,-2.439702e-05,-0.019994533,0.26889965,3.5991113,0.8159168,6.1996713,0.99965084,4.9605103,0.0,10.07839,-4.8230124,0.3564815,53.299202,0.0,0.0,0.0,1.0,0.0,0,11.496485,9.697253,0.029528214,0.0,5.554782,2.892804,0.0,0.0,0.0,1.1766843
2,174,175.0,10.0,1.0,1.0,156.0,1.0,1.0,1.0,0.94457805,1.0,-0.0,0.0,-2.2486161e-05,-0.05539945,0.020474754,3.640217,0.5141931,4.6200714,0.87808126,8.323966,0.0,9.288972,-3.7436225,0.3888889,53.095978,0.0,0.0,0.0,1.0,0.0,0,13.657414,9.828244,0.0,0.0,3.2133825,2.8041763,0.0,0.0,0.0,0.27963504
3,174,175.0,10.0,1.0,1.0,156.0,1.0,1.0,1.0,0.9400692,1.0,-0.0,0.0,-2.380646e-05,-0.059907008,0.5483531,3.8708608,1.2995943,8.258491,1.0447905,4.2019224,0.0,9.813737,-6.4467916,0.33333334,52.36505,0.0,0.0,0.0,1.0,0.0,0,12.763419,8.49365,1.0592796,0.0,3.4618328,3.209984,0.0,0.0,0.0,1.2701807
0,175,176.0,10.0,1.0,1.0,157.0,1.0,1.0,1.0,0.969753,1.0,-0.0,0.0,-2.2212029e-05,-0.030224768,0.4523687,4.022323,0.836325,6.8134856,0.97277534,2.4241688,0.0,8.9335785,-6.258266,0.33333334,51.669567,0.0,0.0,0.0,1.0,0.0,0,13.26962,8.364238,0.6553205,0.0,0.0,1.1248462,0.0,0.0,0.0,1.3036537
1,175,176.0,10.0,1.0,1.0,157.0,1.0,1.0,1.0,0.97886795,1.0,-0.0,0.0,-2.0740248e-05,-0.021111289,0.3346715,3.7037232,0.7919144,5.9405084,1.0434891,4.836969,0.0,10.1606655,-5.195094,0.3564815,53.483845,0.0,0.0,0.0,1.0,0.0,0,12.02267,9.130312,0.0,0.0,3.7421415,2.610157,0.0,0.0,0.0,1.5395947
2,175,176.0,10.0,1.0,1.0,157.0,1.0,1.0,1.0,0.9630191,1.0,-0.0,0.0,-2.0914065e-05,-0.036960002,0.09385124,3.7345622,0.5113698,4.590151,0.9381546,7.2176,0.0,9.377166,-4.115453,0.3888889,53.249924,0.0,0.0,0.0,1.0,0.0,0,13.609274,9.868073,0.0,0.0,3.0625343,2.9388726,0.0,0.0,0.0,1.2283883
3,175,176.0,10.0,1.0,1.0,157.0,1.0,1.0,1.0,0.94530225,1.0,-0.0,0.0,-2.2339316e-05,-0.0546754,0.56142396,3.994343,1.2694271,7.7377563,1.072369,4.5663815,0.0,9.666905,-6.7359247,0.33333334,52.5582,0.0,0.0,0.0,1.0,0.0,0,12.860567,9.13134,0.42428762,0.0,2.5548804,3.3099086,0.0,0.0,0.0,1.5510836
0,176,177.0,10.0,1.0,1.0,158.0,1.0,1.0,1.0,0.96406186,1.0,-0.0,0.0,-2.6893824e-05,-0.035911277,0.46077037,4.105434,0.86928874,7.05784,1.0129114,2.8288774,0.0,9.180826,-6.636394,0.33333334,51.752125,0.0,0.0,0.0,1.0,0.0,0,13.711647,8.8906555,1.2781054,0.0,2.2430305,1.8837383,0.0,0.0,0.0,0.9716915
1,176,177.0,10.0,1.0,1.0,158.0,1.0,1.0,1.0,0.9667016,1.0,-0.0,0.0,-1.9499617e-05,-0.033278864,0.31613186,3.7291393,0.8371648,6.423981,1.0763667,5.009825,0.0,10.439841,-5.1418076,0.3564815,53.507076,0.0,0.0,0.0,1.0,0.0,0,14.10879,9.265849,0.0,0.0,7.3283696,2.6155846,0.0,0.0,0.0,1.0471982
2,176,177.0,10.0,1.0,1.0,158.0,1.0,1.0,1.0,0.95794886,1.0,-0.0,0.0,-2.000683e-05,-0.04203112,0.041289255,3.807601,0.5288401,4.777853,0.97291905,7.521867,0.0,9.46936,-3.911255,0.3888889,53.31811,0.0,0.0,0.0,1.0,0.0,0,14.518966,10.082999,0.0,0.0,4.997956,3.013782,0.0,0.0,0.0,0.6969797
3,176,177.0,10.0,1.0,1.0,158.0,1.0,1.0,1.0,0.9338746,1.0,-0.0,0.0,-1.8083812e-05,-0.06610733,0.5605012,4.0214963,1.3055844,8.227129,1.0985746,5.0727234,0.0,10.0896635,-6.769674,0.33333334,52.580254,0.0,0.0,0.0,1.0,0.0,0,13.715429,8.329638,1.1908336,0.0,5.2515106,3.093507,0.0,0.0,0.0,1.1225654
0,177,178.0,10.0,1.0,1.0,159.0,1.0,1.0,1.0,0.9601202,1.0,-0.0,0.0,-2.0540036e-05,-0.039859213,0.57848465,3.9440832,0.87117124,7.06516,1.043519,3.5040128,0.0,9.307361,-6.068563,0.33333334,52.11377,0.0,0.0,0.0,1.0,0.0,0,12.445611,8.427124,0.7209269,0.0,0.0,1.5156013,0.0,0.0,0.0,0.82262295
1,177,178.0,10.0,1.0,1.0,159.0,1.0,1.0,1.0,0.96308035,1.0,-0.0,0.0,-1.8952254e-05,-0.03690069,0.3676433,3.5723858,0.817261,6.316294,1.1196995,5.2953434,0.0,10.723998,-5.092649,0.3564815,53.78546,0.0,0.0,0.0,1.0,0.0,0,13.275991,8.480018,0.0,0.0,3.3405082,2.9712455,0.0,0.0,0.0,1.182038
2,177,178.0,10.0,1.0,1.0,159.0,1.0,1.0,1.0,0.9846968,1.0,-0.0,0.0,-1.9842408e-05,-0.01528333,0.21288544,3.6799417,0.54919386,4.871645,1.062192,5.9169993,0.0,9.836112,-4.55934,0.3888889,53.59534,0.0,0.0,0.0,1.0,0.0,0,12.81956,8.908234,0.0,0.0,2.643704,3.0224636,0.0,0.0,0.0,1.12733
3,177,178.0,10.0,1.0,1.0,159.0,1.0,1.0,1.0,0.9378951,1.0,-0.0,0.0,-1.9947875e-05,-0.06208494,0.5782023,3.9231155,1.2812263,7.748681,1.1301886,5.164651,0.0,10.0464325,-6.4629335,0.33333334,52.86377,0.0,0.0,0.0,1.0,0.0,0,12.2516775,8.944662,0.38147348,0.0,1.7485174,3.4438748,0.0,0.0,0.0,1.4409653
0,178,179.0,10.0,1.0,1.0,160.0,1.0,1.0,1.0,0.9482745,1.0,-0.0,0.0,-2.4809933e-05,-0.051700726,0.6692249,3.9642453,0.89485466,7.2545085,1.1130046,4.64306,0.0,9.457022,-6.6786947,0.33333334,52.270252,0.0,0.0,0.0,1.0,0.0,0,13.909017,9.278033,1.1533548,0.0,1.6006321,2.033679,0.0,0.0,0.0,0.60445946
1,178,179.0,10.0,1.0,1.0,160.0,1.0,1.0,1.0,0.954692,1.0,-0.0,0.0,-1.81297e-05,-0.04528986,0.35282522,3.5285547,0.836633,6.4769125,1.165397,5.551314,0.0,10.851154,-4.88168,0.3564815,53.989315,0.0,0.0,0.0,1.0,0.0,0,14.059901,8.313242,0.0268434,0.0,6.3544908,2.9825606,0.0,0.0,0.0,1.3606331
2,178,179.0,10.0,1.0,1.0,160.0,1.0,1.0,1.0,0.98316705,1.0,-0.0,0.0,-1.979957e-05,-0.016813187,0.19231252,3.718365,0.5420239,4.8123035,1.1027012,6.0087905,0.0,9.775535,-4.468024,0.3888889,53.731644,0.0,0.0,0.0,1.0,0.0,0,14.612305,9.923185,0.0,0.0,5.190725,3.1187172,0.0,0.0,0.0,1.0006967
3,178,179.0,10.0,1.0,1.0,160.0,1.0,1.0,1.0,0.9335567,1.0,-0.0,0.0,-1.7404245e-05,-0.066425905,0.57927597,3.9362404,1.2883801,7.7468615,1.165159,5.334234,0.0,10.18217,-6.208496,0.33333334,53.02475,0.0,0.0,0.0,1.0,0.0,0,13.947963,8.405502,0.75255704,0.0,5.03501,3.4177527,0.0,0.0,0.0,1.0767171
0,179,180.0,10.0,1.0,1.0,161.0,1.0,1.0,1.0,0.95016974,1.0,-0.0,0.0,-1.7073387e-05,-0.04981323,0.51206833,3.946432,0.90999466,7.433357,1.0740582,4.306265,0.0,9.604248,-5.598748,0.33333334,52.64514,0.0,0.0,0.0,1.0,0.0,0,14.101594,9.7586155,0.75124824,0.0,0.7836838,1.787307,0.0,0.0,0.0,0.7727228
1,179,180.0,10.0,1.0,1.0,161.0,1.0,1.0,1.0,0.9303565,1.0,-0.0,0.0,-1.6929374e-05,-0.06962656,0.11318289,3.4850068,0.8356922,6.530255,1.1696048,7.647338,0.0,10.913652,-4.0724015,0.3564815,54.346306,0.0,0.0,0.0,1.0,0.0,0,13.976844,8.530434,0.0,0.0,4.694826,2.3334663,0.0,0.0,0.0,1.2561727
2,179,180.0,10.0,1.0,1.0,161.0,1.0,1.0,1.0,0.96894914,1.0,-0.0,0.0,-1.7498234e-05,-0.031033318,0.13457555,3.6192133,0.6066206,5.3716793,1.1238558,6.4903193,0.0,10.212687,-4.191734,0.3888889,54.097397,0.0,0.0,0.0,1.0,0.0,0,13.790308,9.600707,0.0,0.0,4.1065907,3.150703,0.0,0.0,0.0,1.2214717
3,179,180.0,10.0,1.0,1.0,161.0,1.0,1.0,1.0,0.9290747,1.0,-0.0,0.0,-1.8083534e-05,-0.07090726,0.45994893,3.9046419,1.308382,8.012283,1.1656201,5.104265,0.0,10.598341,-5.394878,0.33333334,53.355747,0.0,0.0,0.0,1.0,0.0,0,14.56749,8.852379,0.46039554,0.0,4.2736344,3.4230025,0.0,0.0,0.0,1.4387012
0,180,181.0,10.0,1.0,1.0,162.0,1.0,1.0,1.0,0.9463791,1.0,-0.0,0.0,-1.7535247e-05,-0.053603325,0.5715989,4.036692,0.91618466,7.477167,1.0985376,4.7168345,0.0,9.801267,-5.5284314,0.33333334,52.764534,0.0,0.0,0.0,1.0,0.0,0,13.62331,9.303915,0.9694298,0.0,0.8177187,2.1159763,0.0,0.0,0.0,0.76538885
1,180,181.0,10.0,1.0,1.0,162.0,1.0,1.0,1.0,0.92629445,1.0,-0.0,0.0,-1.8100447e-05,-0.073687404,0.054179505,3.5665624,0.81882876,6.3234806,1.1957716,8.097762,0.0,10.829582,-3.893314,0.3564815,54.47822,0.0,0.0,0.0,1.0,0.0,0,14.009651,9.425637,0.0,0.0,3.3339365,2.7911284,0.0,0.0,0.0,2.076272
2,180,181.0,10.0,1.0,1.0,162.0,1.0,1.0,1.0,0.9642107,1.0,-0.0,0.0,-1.7181708e-05,-0.035772163,0.0818152,3.72633,0.58478343,5.220891,1.1410701,6.925438,0.0,10.09475,-4.051106,0.3888889,54.20371,0.0,0.0,0.0,1.0,0.0,0,14.366852,10.787005,0.0,0.0,3.3007042,3.2928185,0.0,0.0,0.0,1.3610561
3,180,181.0,10.0,1.0,1.0,162.0,1.0,1.0,1.0,0.9338756,1.0,-0.0,0.0,-1.6960286e-05,-0.066107415,0.39269254,4.0023346,1.2940967,7.7002106,1.1688311,5.2075267,0.0,10.4048605,-5.0419736,0.33333334,53.474968,0.0,0.0,0.0,1.0,0.0,0,13.868214,8.853572,1.0384818,0.0,3.4777896,3.7154486,0.0,0.0,0.0,1.2093848
0,181,182.0,10.0,1.0,1.0,163.0,1.0,1.0,1.0,0.9453558,1.0,-0.0,0.0,-1.8158797e-05,-0.054626077,0.51290804,3.8095784,0.9345174,7.65962,1.0823926,4.954193,0.0,9.928144,-4.5794044,0.33333334,53.407677,0.0,0.0,0.0,1.0,0.0,0,14.313095,8.898855,0.9099978,0.0,2.0676405,2.177412,0.0,0.0,0.0,1.061453
1,181,182.0,10.0,1.0,1.0,163.0,1.0,1.0,1.0,0.91433585,1.0,-0.0,0.0,-2.0558455e-05,-0.08564357,0.041564927,3.3000789,0.83116525,6.524016,1.2231144,8.614597,0.0,10.968262,-3.8391483,0.3564815,55.166252,0.0,0.0,0.0,1.0,0.0,0,14.924282,9.138253,0.0,0.0,4.785565,2.814526,0.0,0.0,0.0,2.0198805
2,181,182.0,10.0,1.0,1.0,163.0,1.0,1.0,1.0,0.9542421,1.0,-0.0,0.0,-1.8456301e-05,-0.0457394,0.0018522143,3.477516,0.6179564,5.463453,1.1696861,7.2809105,0.0,10.17761,-4.0047235,0.3888889,54.859276,0.0,0.0,0.0,1.0,0.0,0,14.992065,10.125908,0.0,0.0,5.2156706,3.3876097,0.0,0.0,0.0,1.8926774
3,181,182.0,10.0,1.0,1.0,163.0,1.0,1.0,1.0,0.9343985,1.0,-0.0,0.0,-1.896744e-05,-0.065582566,0.24568737,3.7034917,1.3089267,7.780357,1.1539462,5.88635,0.0,10.440237,-4.168557,0.33333334,54.170895,0.0,0.0,0.0,1.0,0.0,0,14.874287,8.81044,0.8704495,0.0,3.5694077,3.7401757,0.0,0.0,0.0,1.4658499
0,182,183.0,10.0,1.0,1.0,164.0,1.0,1.0,1.0,0.9410209,1.0,-0.0,0.0,-1.513673e-05,-0.058963962,0.45313948,3.8632114,0.9588993,7.8628764,1.0899947,5.34655,0.0,10.144391,-4.2019887,0.33333334,53.734432,0.0,0.0,0.0,1.0,0.0,0,14.360451,9.204834,0.90696275,0.0,2.3491023,2.8408546,0.0,0.0,0.0,1.3930537
1,182,183.0,10.0,1.0,1.0,164.0,1.0,1.0,1.0,0.90370965,1.0,-0.0,0.0,-1.7158714e-05,-0.096273154,0.15498437,3.338707,0.8330358,6.514887,1.2359555,9.261501,0.0,11.011811,-3.9881263,0.3564815,55.539936,0.0,0.0,0.0,1.0,0.0,0,14.789728,9.33032,0.0,0.0,5.1637235,3.1863396,0.0,0.0,0.0,2.0875099
2,182,183.0,10.0,1.0,1.0,164.0,1.0,1.0,1.0,0.94608605,1.0,-0.0,0.0,-1.6444865e-05,-0.053897485,0.106969476,3.4560454,0.6344971,5.6000423,1.1779872,7.6338058,0.0,10.2673025,-4.149166,0.3888889,55.25222,0.0,0.0,0.0,1.0,0.0,0,14.898545,10.326561,0.0,0.0,4.856722,3.5930076,0.0,0.0,0.0,2.0424743
3,182,183.0,10.0,1.0,1.0,164.0,1.0,1.0,1.0,0.92848456,1.0,-0.0,0.0,-1.7839413e-05,-0.071497604,0.15497804,3.7142959,1.3147712,7.81391,1.1506811,6.4759455,0.0,10.525342,-3.9102435,0.33333334,54.534172,0.0,0.0,0.0,1.0,0.0,0,14.813021,8.468916,0.7440179,0.0,3.3298233,4.243044,0.0,0.0,0.0,1.9043918
0,183,184.0,10.0,1.0,1.0,165.0,1.0,1.0,1.0,0.92934847,1.0,-0.0,0.0,-1.8471555e-05,-0.070633024,0.22653304,3.670431,0.97467077,8.067428,1.0798963,6.1705527,0.0,10.084515,-4.1888094,0.33333334,54.309315,0.0,0.0,0.0,1.0,0.0,0,15.523933,10.329748,0.6313743,0.0,2.4919732,3.0016453,0.0,0.0,0.0,1.6614349
1,183,184.0,10.0,1.0,1.0,165.0,1.0,1.0,1.0,0.8886446,1.0,-0.0,0.0,-2.0966256e-05,-0.11133442,0.3008228,3.1492858,0.8667168,6.8215265,1.244626,9.858538,0.0,11.045355,-5.2246227,0.3564815,56.119526,0.0,0.0,0.0,1.0,0.0,0,14.678574,9.767645,0.16689558,0.0,5.9833765,3.016313,0.0,0.0,0.0,2.146192
2,183,184.0,10.0,1.0,1.0,165.0,1.0,1.0,1.0,0.93062085,1.0,-0.0,0.0,-1.9450426e-05,-0.069359705,0.28491354,3.2401662,0.6754789,5.961824,1.1869724,8.199758,0.0,10.243325,-4.5224895,0.3888889,55.85576,0.0,0.0,0.0,1.0,0.0,0,15.357845,10.346219,0.0,0.0,6.389244,3.5340502,0.0,0.0,0.0,2.2636654
3,183,184.0,10.0,1.0,1.0,165.0,1.0,1.0,1.0,0.908888,1.0,-0.0,0.0,-2.1653015e-05,-0.09109035,0.064115226,3.4746566,1.328896,8.042923,1.1405152,7.422497,0.0,10.478295,-4.329445,0.33796296,55.161995,0.0,0.0,0.0,1.0,0.0,0,14.824987,8.7771845,0.60452694,0.0,3.8226492,4.210761,0.0,0.0,0.0,1.8137667
0,184,185.0,10.0,1.0,1.0,166.0,1.0,1.0,1.0,0.938627,1.0,-0.0,0.0,-1.7637636e-05,-0.061355323,0.27778298,3.8069613,0.93047076,7.678004,1.1082883,6.0033145,0.0,10.199214,-4.6153145,0.33333334,54.627983,0.0,0.0,0.0,1.0,0.0,0,14.122302,10.152409,1.0498707,0.0,0.5199992,2.6664398,0.0,0.0,0.0,1.7597024
1,184,185.0,10.0,1.0,1.0,166.0,1.0,1.0,1.0,0.9033651,1.0,-0.0,0.0,-2.2367403e-05,-0.09661256,0.27471426,3.3262556,0.78091085,6.1402755,1.2480397,9.656477,0.0,10.883633,-4.643375,0.3564815,56.487076,0.0,0.0,0.0,1.0,0.0,0,14.920718,9.451488,0.0,0.0,4.914504,3.492181,0.0,0.0,0.0,2.9995239
2,184,185.0,10.0,1.0,1.0,166.0,1.0,1.0,1.0,0.94631565,1.0,-0.0,0.0,-1.9532099e-05,-0.05366483,0.23640059,3.390931,0.6268177,5.5604744,1.2099015,7.659415,0.0,10.3865595,-4.726365,0.3888889,56.16989,0.0,0.0,0.0,1.0,0.0,0,14.891143,10.689978,0.0,0.0,4.029435,3.4879167,0.0,0.0,0.0,2.1433337
3,184,185.0,10.0,1.0,1.0,166.0,1.0,1.0,1.0,0.9170307,1.0,-0.0,0.0,-2.1564672e-05,-0.08294771,0.023436546,3.6282341,1.2785618,7.535079,1.1641637,7.4417825,0.0,10.447415,-4.5424027,0.33796296,55.51495,0.0,0.0,0.0,1.0,0.0,0,13.787899,9.59899,0.52088153,0.0,3.182219,4.240462,0.4225535,0.0,0.0,2.0668714
0,185,186.0,10.0,1.0,1.0,167.0,1.0,1.0,1.0,0.9296848,1.0,-0.0,0.0,-1.8991212e-05,-0.07029617,0.11710264,3.7542574,0.95985305,8.056742,1.1011183,6.1610274,0.0,10.323271,-4.9873924,0.33333334,55.167274,0.0,0.0,0.0,1.0,0.0,0,15.6880455,10.178341,0.6724917,0.0,3.076419,3.4025886,0.0,0.0,0.0,2.2512538
1,185,186.0,10.0,1.0,1.0,167.0,1.0,1.0,1.0,0.9036974,1.0,-0.0,0.0,-2.21494e-05,-0.096280485,0.32823756,3.2905948,0.8258444,6.489475,1.2672802,9.2873535,0.0,11.175119,-5.0354657,0.3564815,56.973797,0.0,0.0,0.0,1.0,0.0,0,13.915059,9.773709,0.009331376,0.0,5.953094,2.9582136,0.0,0.0,0.0,3.779953
2,185,186.0,10.0,1.0,1.0,167.0,1.0,1.0,1.0,0.93333906,1.0,-0.0,0.0,-1.8960536e-05,-0.06664201,0.3717482,3.2916439,0.6742037,5.893795,1.2170633,8.104724,0.0,10.590576,-5.2857494,0.3888889,56.6984,0.0,0.0,0.0,1.0,0.0,0,15.178051,10.782096,0.0,0.0,5.450947,3.4581766,0.0,0.0,0.0,2.461474
3,185,186.0,10.0,1.0,1.0,167.0,1.0,1.0,1.0,0.9041931,1.0,-0.0,0.0,-2.2680482e-05,-0.09578419,0.14331117,3.5612247,1.3014582,7.8670583,1.1683097,7.8799915,0.0,10.693066,-5.037726,0.3472222,56.04093,0.0,0.0,0.0,1.0,0.0,0,14.388859,9.45423,0.79503244,0.0,4.1740093,4.6387386,0.075513445,0.0,0.0,2.2985368
0,186,187.0,10.0,1.0,1.0,168.0,1.0,1.0,1.0,0.91641766,1.0,-0.0,0.0,-1.7320934e-05,-0.083565004,0.046211295,3.3119342,0.9894091,8.411965,1.0996948,6.6019335,0.0,10.410078,-5.6401043,0.3472222,56.28726,0.0,0.0,0.0,1.0,0.0,0,13.636892,10.622916,1.383773,0.0,1.0895115,3.3491557,0.11995225,0.0,0.0,2.3184466
1,186,187.0,10.0,1.0,1.0,168.0,1.0,1.0,1.0,0.91425633,1.0,-0.0,0.0,-2.010025e-05,-0.08572355,0.3811054,2.9936938,0.84842247,6.677418,1.2950613,8.465993,0.0,11.312348,-5.5979695,0.3611111,57.962776,0.0,0.0,0.0,1.0,0.0,0,12.815144,9.778192,0.0,0.0,3.265026,3.4108644,0.0,0.0,0.0,4.0411234
2,186,187.0,10.0,1.0,1.0,168.0,1.0,1.0,1.0,0.9350428,1.0,-0.0,0.0,-1.9392597e-05,-0.06493783,0.43470824,2.952118,0.7372595,6.3035116,1.2553535,7.592757,0.0,10.887231,-5.66501,0.3888889,57.710922,0.0,0.0,0.0,1.0,0.0,0,14.690063,11.047148,0.0,0.0,3.1158526,3.4329689,0.0,0.0,0.0,2.5475237
3,186,187.0,10.0,1.0,1.0,168.0,1.0,1.0,1.0,0.89454865,1.0,-0.0,0.0,-2.199976e-05,-0.10542932,0.2193734,3.1389627,1.3346574,8.424622,1.1912636,7.901137,0.0,11.139152,-5.6261234,0.3611111,57.14195,0.0,0.0,0.0,1.0,0.0,0,15.497795,10.088161,0.76108664,0.0,2.732994,4.918585,0.48441738,0.0,0.0,2.6915138
0,187,188.0,10.0,1.0,1.0,169.0,1.0,1.0,1.0,0.9137639,1.0,-0.0,0.0,-1.9409652e-05,-0.0862167,0.105409324,3.284826,0.9877478,8.364805,1.1111146,6.8081965,0.0,10.420411,-6.2180066,0.36574075,56.99889,0.0,0.0,0.0,1.0,0.0,0,14.625154,10.047148,1.1615088,0.0,1.5188837,3.5943816,0.4410199,0.0,0.0,2.6387246
1,187,188.0,10.0,1.0,1.0,169.0,1.0,1.0,1.0,0.92849576,1.0,-0.0,0.0,-2.0472433e-05,-0.071483806,0.4159391,3.0213788,0.83871883,6.5457063,1.3139583,7.743321,0.0,11.250954,-5.978467,0.375,58.65776,0.0,0.0,0.0,1.0,0.0,0,12.571988,9.628916,0.0,0.0,2.933316,3.4779665,0.0,0.0,0.0,4.2196198
2,187,188.0,10.0,1.0,1.0,169.0,1.0,1.0,1.0,0.9417498,1.0,-0.0,0.0,-1.911445e-05,-0.058231026,0.4655136,2.995636,0.7320883,6.1908236,1.2764586,7.3030367,0.0,10.897588,-6.0553765,0.39814815,58.37255,0.0,0.0,0.0,1.0,0.0,0,14.432034,10.882349,0.0,0.0,3.1480594,3.4001126,0.0,0.0,0.0,2.8329499
3,187,188.0,10.0,1.0,1.0,169.0,1.0,1.0,1.0,0.8978097,1.0,-0.0,0.0,-2.0104766e-05,-0.10217021,0.2611002,3.1378257,1.3345675,8.383047,1.2091502,7.7471647,0.0,11.172793,-6.06825,0.38425925,57.84541,0.0,0.0,0.0,1.0,0.0,0,14.20475,9.897837,0.74649274,0.0,2.2291243,5.0159135,0.54069245,0.0,0.0,3.0826244
0,188,189.0,10.0,1.0,1.0,170.0,1.0,1.0,1.0,0.92340803,1.0,-0.0,0.0,-1.9231007e-05,-0.076572746,0.061916374,3.3362691,0.9224145,7.72935,1.1252197,6.8650136,0.0,10.250831,-6.6477637,0.37037036,57.616364,0.0,0.0,0.0,1.0,0.0,0,13.281583,9.8968,0.94959366,0.0,0.0,3.4157212,1.060045,0.0,0.0,2.5771606
1,188,189.0,10.0,1.0,1.0,170.0,1.0,1.0,1.0,0.9428295,1.0,-0.0,0.0,-2.0066569e-05,-0.057150412,0.42518264,3.089794,0.7384802,5.6988626,1.3115687,7.7301607,0.0,10.818418,-7.017539,0.37962964,59.309082,0.0,0.0,0.0,1.0,0.0,0,13.771626,10.072182,0.0,0.0,3.179597,3.9795852,0.0,0.0,0.0,4.1765914
2,188,189.0,10.0,1.0,1.0,170.0,1.0,1.0,1.0,0.9572893,1.0,-0.0,0.0,-1.8797347e-05,-0.042691946,0.4585672,3.1009002,0.6251738,5.3146772,1.2921596,7.246839,0.0,10.482406,-7.0215893,0.39814815,59.003777,0.0,0.0,0.0,1.0,0.0,0,13.730619,11.70908,0.0,0.0,4.3578362,3.6032166,0.0,0.0,0.0,3.5854063
3,188,189.0,10.0,1.0,1.0,170.0,1.0,1.0,1.0,0.92119765,1.0,-0.0,0.0,-2.1749052e-05,-0.0787806,0.21341406,3.2177448,1.2453392,7.2092385,1.230722,7.5175962,0.0,10.668392,-7.0266685,0.3935185,58.47396,0.0,0.0,0.0,1.0,0.0,0,13.556345,9.071228,1.1016521,0.0,2.2108934,4.9738297,0.91464627,0.0,0.0,3.4382596
0,189,190.0,10.0,1.0,1.0,171.0,1.0,1.0,1.0,0.9184915,1.0,-0.0,0.0,-2.2786136e-05,-0.08148575,0.20711832,3.2142942,0.93557024,7.8213243,1.1275667,7.067819,0.0,10.279942,-7.5766287,0.38425925,58.468483,0.0,0.0,0.0,1.0,0.0,0,14.526669,10.214827,1.3138177,0.0,2.0404527,4.099394,0.6992054,0.0,0.0,2.7110655
1,189,190.0,10.0,1.0,1.0,171.0,1.0,1.0,1.0,0.9455415,1.0,-0.0,0.0,-1.986025e-05,-0.054438636,0.42448938,3.2129667,0.72373027,5.4618764,1.3739256,7.0961304,0.0,11.015976,-7.3636303,0.38425925,59.896423,0.0,0.0,0.0,1.0,0.0,0,12.503272,9.709405,0.0,0.0,2.0346837,4.8500504,0.0,0.0,0.0,4.8338556
2,189,190.0,10.0,1.0,1.0,171.0,1.0,1.0,1.0,0.9494869,1.0,-0.0,0.0,-2.1346712e-05,-0.050491743,0.4188407,3.2970555,0.641979,5.110857,1.3891529,6.768279,0.0,10.730932,-7.3064322,0.39814815,59.521175,0.0,0.0,0.0,1.0,0.0,0,15.350096,13.453894,0.0,0.0,2.6136248,5.2090187,0.0,0.0,0.0,6.2216487
3,189,190.0,10.0,1.0,1.0,171.0,1.0,1.0,1.0,0.92345846,1.0,-0.0,0.0,-1.9884932e-05,-0.076521605,0.3357526,3.0880651,1.2380024,7.1621537,1.2402917,7.4291415,0.0,10.580333,-7.5160227,0.39814815,59.361942,0.0,0.0,0.0,1.0,0.0,0,13.799057,9.521571,0.6273262,0.0,1.8279474,4.9763517,0.5711943,0.0,0.0,3.709397
0,190,191.0,10.0,1.0,1.0,172.0,1.0,1.0,1.0,0.923357,1.0,-0.0,0.0,-1.7145328e-05,-0.07662582,0.1705762,3.405834,0.88931143,7.318035,1.1417795,7.279513,0.0,10.677649,-7.597422,0.38425925,58.71101,0.0,0.0,0.0,1.0,0.0,0,13.033817,10.009953,0.8206063,0.0,0.0,4.9255877,0.40332842,0.0,0.0,2.9549274
1,190,191.0,10.0,1.0,1.0,172.0,1.0,1.0,1.0,0.9427391,1.0,-0.0,0.0,-1.7900233e-05,-0.05724297,0.35288072,3.4128773,0.7364713,5.4237547,1.401443,6.7973742,0.0,11.5437765,-6.339431,0.38425925,60.09906,0.0,0.0,0.0,1.0,0.0,0,10.579844,10.118512,0.0,0.0,2.2100737,6.965952,0.0,0.0,0.0,6.1657133
2,190,191.0,10.0,1.0,1.0,172.0,1.0,1.0,1.0,0.9316737,1.0,-0.0,0.0,-1.7283495e-05,-0.06830901,0.30431265,3.5056102,0.72759074,5.7264132,1.4496169,6.6155605,0.0,11.465663,-6.1102753,0.39814815,59.779964,0.0,0.0,0.0,1.0,0.0,0,11.693381,14.67536,0.0,0.0,2.3524988,6.4472494,0.0,0.0,0.0,7.674357
3,190,191.0,10.0,1.0,1.0,172.0,1.0,1.0,1.0,0.92469716,1.0,-0.0,0.0,-2.0448404e-05,-0.07528242,0.32418147,3.2609854,1.2148829,7.091493,1.2681432,7.425451,0.0,10.890323,-7.428891,0.39814815,59.660236,0.0,0.0,0.0,1.0,0.0,0,13.945562,11.4453125,0.69817877,0.0,1.0337472,4.967021,0.976555,0.0,0.0,3.4809036
0,191,192.0,10.0,1.0,1.0,173.0,1.0,1.0,1.0,0.9250922,1.0,-0.0,0.0,-2.3334625e-05,-0.074884504,0.13710186,3.5247781,0.87568474,7.0339417,1.1759636,7.459127,0.0,11.145514,-7.5570893,0.3888889,59.04029,0.0,0.0,0.0,1.0,0.0,0,12.070077,11.246529,0.9353782,0.0,0.0,5.9174724,0.6291033,0.0,0.0,2.9154134
1,191,192.0,10.0,1.0,1.0,173.0,1.0,1.0,1.0,0.9331782,1.0,-0.0,0.0,-1.9581792e-05,-0.0668022,0.25437605,3.477798,0.7773914,5.6389174,1.4492285,6.497916,0.0,12.307285,-5.0190806,0.38425925,60.435368,0.0,0.0,0.0,1.0,0.0,0,10.66201,11.063497,0.007984035,0.0,1.9027297,7.0199966,0.0,0.0,0.0,6.3509817
2,191,192.0,10.0,1.0,1.0,173.0,1.0,1.0,1.0,0.9302522,1.0,-0.0,0.0,-1.722512e-05,-0.06973057,0.24485402,3.5489857,0.7229599,5.5644155,1.4825891,6.4715905,0.0,11.884167,-5.823437,0.39814815,60.22219,0.0,0.0,0.0,1.0,0.0,0,11.684565,13.854141,0.0,0.0,1.6424767,5.6072226,0.0,0.0,0.0,6.931281
3,191,192.0,10.0,1.0,1.0,173.0,1.0,1.0,1.0,0.9295039,1.0,-0.0,0.0,-1.8892719e-05,-0.070477195,0.31115448,3.3694143,1.1883241,6.7724433,1.3001188,7.4561877,0.0,11.088694,-7.41328,0.4027778,60.062397,0.0,0.0,0.0,1.0,0.0,0,13.419316,12.059384,0.7425879,0.0,1.1292887,5.7795773,0.9773165,0.0,0.0,3.7691643
0,192,193.0,10.0,1.0,1.0,174.0,1.0,1.0,1.0,0.9123283,1.0,-0.0,0.0,-2.0152649e-05,-0.087651536,0.121960044,3.684487,0.9180435,7.36976,1.1509706,7.889331,0.0,11.965993,-7.4040804,0.3888889,59.076332,0.0,0.0,0.0,1.0,0.0,0,10.243977,10.830287,0.81410134,0.0,0.20392081,5.770397,1.2015301,0.0,0.0,3.2148554
1,192,193.0,10.0,1.0,1.0,174.0,1.0,1.0,1.0,0.91585124,1.0,-0.0,0.0,-1.8797813e-05,-0.084130004,0.23544766,3.5488837,0.85133445,6.7055063,1.4456391,6.4829555,0.0,13.726152,-4.8942995,0.3888889,60.56351,0.0,0.0,0.0,1.0,0.0,0,7.7646837,10.711897,0.5066093,0.0,1.4328861,7.879272,0.0,0.0,0.0,6.125477
2,192,193.0,10.0,1.0,1.0,174.0,1.0,1.0,1.0,0.92392313,1.0,-0.0,0.0,-1.7049853e-05,-0.07605982,0.27132,3.7075632,0.7690218,5.9996614,1.4751903,6.4953847,0.0,12.852908,-7.195798,0.4027778,60.242355,0.0,0.0,0.0,1.0,0.0,0,8.488142,11.835845,0.0,0.0,1.6747885,4.8789563,0.0,0.0,0.0,6.088282
3,192,193.0,10.0,1.0,1.0,174.0,1.0,1.0,1.0,0.9247971,1.0,-0.0,0.0,-1.847418e-05,-0.0751844,0.29646027,3.5284493,1.1893065,7.0874057,1.3053151,7.423657,0.0,11.912143,-7.431845,0.4027778,60.109486,0.0,0.0,0.0,1.0,0.0,0,11.141723,10.798426,0.4570706,0.0,0.44381687,4.653794,1.4754269,0.0,0.0,4.1962113
0,193,194.0,10.0,1.0,1.0,175.0,1.0,1.0,1.0,0.904797,1.0,-0.0,0.0,-2.0132873e-05,-0.09518281,0.16241539,3.4686756,0.90519625,7.283277,1.1685216,8.4276905,0.0,12.017129,-7.5589137,0.3935185,59.583355,0.0,0.0,0.0,1.0,0.0,0,8.331333,11.342009,1.6380378,0.0,0.0,10.116794,1.450211,0.0,0.0,1.805865
1,193,194.0,10.0,1.0,1.0,175.0,1.0,1.0,1.0,0.92778057,1.0,-0.0,0.0,-1.961022e-05,-0.07219983,0.35157594,3.4041147,0.7384242,5.8045044,1.4703313,6.5352893,0.0,13.535199,-7.05301,0.39814815,61.025738,0.0,0.0,0.0,1.0,0.0,0,8.648854,12.147036,0.0,0.0,0.64292,10.306376,0.0,0.0,0.0,9.390151
2,193,194.0,10.0,1.0,1.0,175.0,1.0,1.0,1.0,0.9110197,1.0,-0.0,0.0,-1.752103e-05,-0.08896279,0.2787782,3.47729,0.76857215,6.4625087,1.5167011,6.9488072,0.0,13.510034,-7.679138,0.42592594,60.760235,0.0,0.0,0.0,1.0,0.0,0,9.286626,12.973348,0.0,0.0,0.91573596,6.129154,0.0,0.0,0.0,7.907639
3,193,194.0,10.0,1.0,1.0,175.0,1.0,1.0,1.0,0.92794013,1.0,-0.0,0.0,-2.0343685e-05,-0.072039545,0.32789987,3.3761516,1.1632859,6.7724433,1.3170449,7.5499287,0.0,11.939181,-7.424686,0.41666666,60.55747,0.0,0.0,0.0,1.0,0.0,0,7.8577094,11.119128,1.1220611,0.0,0.035297226,11.095393,1.617098,0.0,0.0,3.3453012
0,194,195.0,10.0,1.0,1.0,176.0,1.0,1.0,1.0,0.9039707,1.0,-0.0,0.0,-2.890899e-05,-0.0960004,0.14002118,3.6280591,0.8840792,7.0545096,1.1844676,8.705514,0.0,12.325185,-7.5298567,0.3935185,59.797997,0.0,0.0,0.0,1.0,0.0,0,10.351856,10.676182,0.85169446,0.0,0.0,7.1767063,1.5214798,0.0,0.0,3.1800792
1,194,195.0,10.0,1.0,1.0,176.0,1.0,1.0,1.0,0.9218689,1.0,-0.0,0.0,-2.1850075e-05,-0.07810919,0.34075752,3.566512,0.7513909,5.9387946,1.4997008,6.466627,0.0,14.038204,-7.1995482,0.39814815,61.18834,0.0,0.0,0.0,1.0,0.0,0,6.742302,10.729814,0.0,0.0,0.80476683,9.20363,0.0,0.0,0.0,7.6567025
2,194,195.0,10.0,1.0,1.0,176.0,1.0,1.0,1.0,0.9090788,1.0,-0.0,0.0,-2.2768096e-05,-0.09089844,0.26410782,3.6182892,0.75796217,6.383995,1.5426548,6.632112,0.0,13.930518,-7.7875695,0.42592594,60.989178,0.0,0.0,0.0,1.0,0.0,0,8.325272,11.921899,0.0,0.0,0.8602806,6.4201074,0.0,0.0,0.0,7.6117115
3,194,195.0,10.0,1.0,1.0,176.0,1.0,1.0,1.0,0.93002164,1.0,-0.0,0.0,-3.0561212e-05,-0.069947794,0.2991423,3.5902302,1.1380936,6.583403,1.3364303,7.613464,0.0,12.161957,-7.4425244,0.41666666,60.741966,0.0,0.0,0.0,1.0,0.0,0,10.787656,10.618054,0.6668957,0.0,2.1255848,7.560111,1.3485377,0.0,0.0,4.4049063
0,195,196.0,10.0,1.0,1.0,177.0,1.0,1.0,1.0,0.8945581,1.0,-0.0,0.0,-1.928473e-05,-0.105422616,0.19140336,3.3031828,0.878344,7.067155,1.2038025,9.258201,0.0,12.500946,-7.9734716,0.39814815,60.379375,0.0,0.0,0.0,1.0,0.0,0,5.5291076,10.059203,1.1391734,0.0,0.0,9.237786,1.484324,0.0,0.0,2.409589
1,195,196.0,10.0,1.0,1.0,177.0,1.0,1.0,1.0,0.9117535,1.0,-0.0,0.0,-1.731663e-05,-0.088229164,0.37906858,3.3144088,0.7299092,6.290579,1.533756,6.6218314,0.0,14.577395,-7.988279,0.4074074,61.702198,0.0,0.0,0.0,1.0,0.0,0,4.7931657,13.607602,0.0,0.0,0.23265009,10.849939,0.0,0.0,0.0,10.054403
2,195,196.0,10.0,1.0,1.0,177.0,1.0,1.0,1.0,0.89765704,1.0,-0.0,0.0,-1.5789703e-05,-0.102327146,0.2927117,3.3903692,0.7392546,6.9123077,1.5636427,6.6466203,0.0,14.7359295,-8.220207,0.45833334,61.466934,0.0,0.0,0.0,1.0,0.0,0,4.4757204,12.784782,0.0,0.0,0.0,9.475335,0.0,0.0,0.0,9.346295
3,195,196.0,10.0,1.0,1.0,177.0,1.0,1.0,1.0,0.91225386,1.0,-0.0,0.0,-1.7331662e-05,-0.08772877,0.28017646,3.4173932,1.1375853,6.8637586,1.4533288,7.225625,0.0,12.649318,-7.8583612,0.41666666,61.22663,0.0,0.0,0.0,1.0,0.0,0,6.833789,11.294748,1.1424905,0.0,0.0,9.2608,1.009742,0.0,0.0,6.2050285
0,196,197.0,10.0,1.0,1.0,178.0,1.0,1.0,1.0,0.8954831,1.0,-0.0,0.0,-3.0207862e-05,-0.10448672,0.19942597,3.321267,0.818217,6.709943,1.2030038,9.559259,0.0,12.395987,-8.249476,0.4074074,60.66947,0.0,0.0,0.0,1.0,0.0,0,8.735398,10.823455,0.8775554,0.0,0.0,7.9635873,1.4241639,0.0,0.0,2.2053616
1,196,197.0,10.0,1.0,1.0,178.0,1.0,1.0,1.0,0.9124899,1.0,-0.0,0.0,-2.8073247e-05,-0.087482065,0.375746,3.3214312,0.69254476,6.1578493,1.5454766,6.810956,0.0,14.615461,-8.097097,0.42592594,61.975616,0.0,0.0,0.0,1.0,0.0,0,7.016974,11.548448,0.0,0.0,1.648655,7.6830926,0.0,0.0,0.0,7.766558
2,196,197.0,10.0,1.0,1.0,178.0,1.0,1.0,1.0,0.8993241,1.0,-0.0,0.0,-3.1514992e-05,-0.10064434,0.2983421,3.4009402,0.71664333,6.7328963,1.5741018,6.8014064,0.0,14.740535,-8.486267,0.4675926,61.73761,0.0,0.0,0.0,1.0,0.0,0,7.0987124,12.683079,0.0,0.0,1.560044,8.917326,0.0,0.0,0.0,8.597331
3,196,197.0,10.0,1.0,1.0,178.0,1.0,1.0,1.0,0.90630925,1.0,-0.0,0.0,-2.5073623e-05,-0.093665674,0.2616234,3.4266262,1.1310154,6.8127956,1.5076193,7.1029696,0.0,12.556314,-7.9354143,0.41666666,61.542397,0.0,0.0,0.0,1.0,0.0,0,7.8040605,9.530832,0.39547285,0.0,1.55891,9.946939,1.1775886,0.0,0.0,3.9035356
0,197,198.0,10.0,1.0,1.0,179.0,1.0,1.0,1.0,0.9048476,1.0,-0.0,0.0,-2.600157e-05,-0.09512638,0.31279606,3.2465928,0.67948234,5.8715663,1.2521554,9.836016,0.0,12.968658,-10.821525,0.4212963,60.958046,0.0,0.0,0.0,1.0,0.0,0,6.3798475,11.748985,0.39656213,0.0,0.0,7.953378,1.1197418,0.0,0.0,2.5241885
1,197,198.0,10.0,1.0,1.0,179.0,1.0,1.0,1.0,0.9135709,1.0,-0.0,0.0,-1.7923501e-05,-0.08641117,0.3772903,3.3301017,0.651775,5.88156,1.573748,6.771634,0.0,14.623011,-8.523732,0.44907406,62.201523,0.0,0.0,0.0,1.0,0.0,0,5.252564,10.13488,0.0,0.0,0.5747544,7.0212417,0.0,0.0,0.0,7.1908703
2,197,198.0,10.0,1.0,1.0,179.0,1.0,1.0,1.0,0.90395826,1.0,-0.0,0.0,-1.828877e-05,-0.09602342,0.35051072,3.3525836,0.6628096,6.398086,1.5817758,7.0153227,0.0,14.738842,-9.721978,0.49537036,62.031227,0.0,0.0,0.0,1.0,0.0,0,4.372008,10.866603,0.0,0.0,0.914249,7.638318,0.0,0.0,0.0,8.308043
3,197,198.0,10.0,1.0,1.0,179.0,1.0,1.0,1.0,0.9111598,1.0,-0.0,0.0,-2.316655e-05,-0.088816985,0.30792767,3.3500173,1.0834829,6.31741,1.5348811,6.6945195,0.0,12.377631,-8.545531,0.4398148,61.93017,0.0,0.0,0.0,1.0,0.0,0,7.045061,10.3571205,0.70301163,0.0,0.0,9.715075,1.5290735,0.0,0.0,4.361341
0,198,199.0,10.0,1.0,1.0,180.0,1.0,1.0,1.0,0.90364677,1.0,-0.0055090217,0.0,-3.1526408e-05,-0.09081267,0.25719368,3.016527,0.73688334,6.0357056,1.3079361,9.4130535,0.0,12.079595,-6.7926407,0.4398148,61.469383,0.0,0.0,0.0,1.0,0.0,0,5.5432906,9.042814,1.08896,0.0,0.0,10.724242,1.4369339,0.0,0.0,5.79995
1,198,199.0,10.0,1.0,1.0,180.0,1.0,1.0,1.0,0.84200245,1.0,-0.07418599,0.0,-1.7392655e-05,-0.08379418,0.49097574,3.222558,0.5454548,5.467607,1.6080058,6.0310335,0.0,14.37259,-10.823906,0.49074075,62.575413,0.0,0.0,0.0,1.0,0.0,0,4.023682,10.703134,0.0,0.0,0.0,10.998215,0.0,0.0,0.0,9.209594
2,198,199.0,10.0,1.0,1.0,180.0,1.0,1.0,1.0,0.8017876,1.0,-0.10431539,0.0,-2.067512e-05,-0.09387629,0.44926238,3.312946,0.5401057,5.9786115,1.6205287,6.739058,0.0,14.361937,-12.007045,0.5231481,62.369774,0.0,0.0,0.0,1.0,0.0,0,5.3931766,11.342724,0.0,0.0,0.0,9.533274,0.0,0.0,0.0,10.22435
3,198,199.0,10.0,1.0,1.0,180.0,1.0,1.0,1.0,0.81851315,1.0,-0.09682421,0.0,-2.261357e-05,-0.08464005,0.26294944,3.2904725,1.0600412,5.8519297,1.5635297,5.7284636,0.0,11.220088,-7.4441514,0.4398148,62.27457,0.0,0.0,0.0,1.0,0.0,0,12.065301,7.4099145,0.18561228,0.0,0.17124039,6.1350846,1.0443779,0.0,0.0,6.8296127
0,199,200.0,10.0,1.0,1.0,181.0,1.0,1.0,1.0,0.89338255,1.0,-0.01636967,0.0,-3.2735577e-05,-0.09021503,0.46803242,3.049109,0.6491925,5.7903223,1.3115797,9.622579,0.0,13.55073,-8.739832,0.49537036,61.597656,0.0,0.0,0.0,1.0,0.0,0,5.077299,8.745384,0.2530873,0.0,0.0,6.601275,2.1465116,0.0,0.0,6.2957673
1,199,200.0,10.0,1.0,1.0,181.0,1.0,1.0,1.0,0.821125,1.0,-0.0783269,0.0,-2.3551309e-05,-0.100524604,0.456487,3.2349806,0.6782962,6.4988804,1.604346,5.966419,0.0,15.450188,-9.818107,0.5,62.708103,0.0,0.0,0.0,1.0,0.0,0,4.6255684,10.626758,0.0,0.0,0.9445025,9.450151,0.0,0.0,0.0,6.593332
2,199,200.0,10.0,1.0,1.0,181.0,1.0,1.0,1.0,0.75858223,1.0,-0.1218291,0.0,-2.114009e-05,-0.11956753,0.43662563,3.3654873,0.6750623,7.1953197,1.6638309,6.876868,0.0,15.657633,-12.076786,0.537037,62.465755,0.0,0.0,0.0,1.0,0.0,0,3.6409092,13.382877,0.0,0.0,0.0,8.9230585,0.0,0.0,0.0,8.004848
3,199,200.0,10.0,1.0,1.0,181.0,1.0,1.0,1.0,0.84375906,1.0,-0.08921481,0.0,-2.3552546e-05,-0.0670026,0.53401256,3.2676444,0.8490112,5.056492,1.5284885,5.976123,0.0,12.498643,-10.124941,0.49074075,62.5062,0.0,0.0,0.0,1.0,0.0,0,8.681694,9.29464,0.2132988,0.0,0.0,5.988524,1.4948399,0.0,0.0,6.6553664
0,200,201.0,10.0,1.0,1.0,182.0,1.0,1.0,1.0,0.9283676,1.0,-0.0,0.0,-2.7051645e-05,-0.07160535,0.14251806,2.6745331,0.89428437,6.065859,1.3590913,8.230461,0.0,11.431303,-0.8834377,0.5,62.18093,0.0,0.0,0.0,1.0,0.0,0,15.624438,8.489259,1.3712802,0.0,2.0578325,5.5588646,1.0183944,0.0,0.0,6.724683
1,200,201.0,10.0,1.0,1.0,182.0,1.0,1.0,1.0,0.88887393,1.0,-0.0,0.0,-2.2997476e-05,-0.11110303,0.30893087,2.8428006,0.7296361,6.632348,1.6711777,4.7670255,0.0,15.219437,-4.2022586,0.5092593,63.227886,0.0,0.0,0.0,1.0,0.0,0,4.0249715,10.655078,0.0,0.0,0.43861917,10.599619,0.0,0.0,0.0,11.2347145
2,200,201.0,10.0,1.0,1.0,182.0,1.0,1.0,1.0,0.8826556,1.0,-0.0,0.0,-2.1721282e-05,-0.11732265,0.43135995,2.9479141,0.6879571,6.7605224,1.7038448,6.563389,0.0,15.028174,-8.621246,0.5462963,63.028328,0.0,0.0,0.0,1.0,0.0,0,2.266907,9.778183,0.0,0.0,0.0,10.925814,0.0,0.0,0.0,12.719484
3,200,201.0,10.0,1.0,1.0,182.0,1.0,1.0,1.0,0.8828125,1.0,-0.04128348,0.0,-1.835274e-05,-0.07588565,0.22114143,3.1238503,0.9754234,4.8881702,1.6070852,4.9886827,0.0,11.069483,-4.655908,0.49074075,62.763428,0.0,0.0,0.0,1.0,0.0,0,17.770878,9.94209,1.2445245,0.0,0.51413685,5.390457,1.072844,0.0,0.0,7.7258806
0,201,202.0,10.0,1.0,1.0,183.0,1.0,1.0,1.0,0.94657403,1.0,-0.0,0.0,-2.3532042e-05,-0.053402424,0.45675153,2.8008914,0.6924911,5.2775702,1.3473265,7.926574,0.0,12.81401,-5.012403,0.5277778,62.315815,0.0,0.0,0.0,1.0,0.0,0,5.417739,9.005571,0.35449815,0.0,0.0,6.09841,2.0246606,0.0,0.0,6.8667283
1,201,202.0,10.0,1.0,1.0,183.0,1.0,1.0,1.0,0.92831254,1.0,-0.0,0.0,-2.6690775e-05,-0.07166076,0.61511415,2.9539893,0.77677643,5.076426,1.5630958,5.0088873,0.0,14.267349,-7.8292313,0.5324074,63.342976,0.0,0.0,0.0,1.0,0.0,0,5.0422316,9.861871,0.0,0.0,2.1352293,9.964139,0.0,0.0,0.0,4.7188044
2,201,202.0,10.0,1.0,1.0,183.0,1.0,1.0,1.0,0.9011183,1.0,-0.0,0.0,-3.2048934e-05,-0.09884967,0.5304717,2.998236,0.7657171,6.416175,1.6019739,6.5238957,0.0,14.834917,-9.065113,0.5555556,63.068443,0.0,0.0,0.0,1.0,0.0,0,3.7125149,10.291201,0.0,0.0,1.0350033,8.767449,0.0,0.0,0.0,5.3022547
3,201,202.0,10.0,1.0,1.0,183.0,1.0,1.0,1.0,0.8392861,1.0,-0.08795069,0.0,-1.7405318e-05,-0.07274579,0.54943,3.2638521,0.8046102,4.65283,1.5819663,4.6609,0.0,12.2870655,-10.516044,0.5138889,62.88256,0.0,0.0,0.0,1.0,0.0,0,9.438239,11.014888,0.6408929,0.0,0.0,7.8381157,0.97702396,0.0,0.0,7.0239034
0,202,203.0,10.0,1.0,1.0,184.0,1.0,1.0,1.0,0.9416547,1.0,-0.0,0.0,-3.082985e-05,-0.058314532,0.17355308,2.614871,0.7556197,4.6893673,1.4665163,6.4444284,0.0,12.09393,-1.3304138,0.5277778,62.477463,0.0,0.0,0.0,1.0,0.0,0,12.691404,7.2404466,0.7247532,0.0,0.0,5.258226,1.824952,0.0,0.0,6.1146755
1,202,203.0,10.0,1.0,1.0,184.0,1.0,1.0,1.0,0.9124329,1.0,-0.0,0.0,-2.5533029e-05,-0.087541595,0.4509054,2.7690408,0.78761,5.0182567,1.6978985,3.4692128,0.0,14.200877,-5.789352,0.5416667,63.538586,0.0,0.0,0.0,1.0,0.0,0,10.187805,8.931491,0.0,0.0,1.134833,5.0789967,0.0,0.0,0.0,9.355984
2,202,203.0,10.0,1.0,1.0,184.0,1.0,1.0,1.0,0.8854027,1.0,-0.0,0.0,-2.829611e-05,-0.11456899,0.46931002,2.7851746,0.7250743,6.3827686,1.7321827,5.8468432,0.0,14.730197,-7.4016805,0.5787037,63.375217,0.0,0.0,0.0,1.0,0.0,0,9.041758,9.974106,0.0,0.0,0.10412843,6.577666,0.0,0.0,0.0,11.401721
3,202,203.0,10.0,1.0,1.0,184.0,1.0,1.0,1.0,0.8867557,1.0,-0.023320628,0.0,-2.2409444e-05,-0.089901246,0.1611188,3.0699618,0.88555413,4.217172,1.7192099,4.544211,0.0,11.350708,-6.2178507,0.5138889,63.0782,0.0,0.0,0.0,1.0,0.0,0,14.382876,8.409835,0.48572147,0.0,0.0,5.1760387,0.9848928,0.0,0.0,8.02567
0,203,204.0,10.0,1.0,1.0,185.0,1.0,1.0,1.0,0.94475484,1.0,-0.0,0.0,-1.6511654e-05,-0.055228673,0.36696607,2.849064,0.7278075,4.936145,1.4418293,6.07102,0.0,12.211962,-10.083404,0.5277778,62.974728,0.0,0.0,0.0,1.0,0.0,0,5.631414,8.564717,0.16921544,0.0,0.0,6.4612474,1.7057809,0.0,0.0,7.62581
1,203,204.0,10.0,1.0,1.0,185.0,1.0,1.0,1.0,0.92765635,1.0,-0.0,0.0,-1.5275564e-05,-0.072328374,0.6049555,2.8165202,0.75951105,4.9842863,1.578627,4.2867684,0.0,14.121786,-10.6874485,0.5509259,63.782757,0.0,0.0,0.0,1.0,0.0,0,6.474501,10.7677965,0.0,0.0,4.4765306,9.33448,0.0,0.0,0.0,5.1812043
2,203,204.0,10.0,1.0,1.0,185.0,1.0,1.0,1.0,0.9040208,1.0,-0.0,0.0,-1.7755308e-05,-0.09596148,0.4958529,2.8583844,0.740689,6.2048483,1.6070453,6.2243786,0.0,14.412666,-10.757082,0.5787037,63.666187,0.0,0.0,0.0,1.0,0.0,0,5.1245174,9.461204,0.0,0.0,5.191318,9.2677355,0.0,0.0,0.0,6.9264145
3,203,204.0,10.0,1.0,1.0,185.0,1.0,1.0,1.0,0.8389621,1.0,-0.084078126,0.0,-1.6266275e-05,-0.076943494,0.34131408,3.2522342,0.9137228,4.3242254,1.6155479,3.9618053,0.0,10.755025,-9.4195385,0.5185185,63.511562,0.0,0.0,0.0,1.0,0.0,0,7.33498,10.26624,0.25241297,0.0,2.0509996,5.942798,0.7678015,0.0,0.0,5.660691
0,204,205.0,10.0,1.0,1.0,186.0,1.0,1.0,1.0,0.9394887,1.0,-0.0,0.0,-2.239348e-05,-0.060488902,0.34196788,2.7232137,0.7117122,4.7271137,1.4839112,5.084132,0.0,12.142944,-11.820694,0.537037,63.153805,0.0,0.0,0.0,1.0,0.0,0,9.447898,7.89769,0.23840113,0.0,0.0,6.493944,1.0933048,0.0,0.0,8.1520195
1,204,205.0,10.0,1.0,1.0,186.0,1.0,1.0,1.0,0.9242395,1.0,-0.0,0.0,-2.2687707e-05,-0.075737804,0.50197077,2.7137496,0.79155284,4.9922915,1.6059024,3.4903586,0.0,13.997726,-10.795323,0.5509259,63.942295,0.0,0.0,0.0,1.0,0.0,0,6.7695637,8.561493,0.0,0.0,3.51797,8.386305,0.0,0.0,0.0,7.7245197
2,204,205.0,10.0,1.0,1.0,186.0,1.0,1.0,1.0,0.90186363,1.0,-0.0,0.0,-2.3716802e-05,-0.09811266,0.45624655,2.7433782,0.78652745,6.1458836,1.6321168,5.8331666,0.0,14.222201,-11.875376,0.5787037,63.797443,0.0,0.0,0.0,1.0,0.0,0,5.2990336,7.419441,0.0,0.0,3.3601978,7.637553,0.0,0.0,0.0,7.709967
3,204,205.0,10.0,1.0,1.0,186.0,1.0,1.0,1.0,0.87521785,1.0,-0.0477414,0.0,-2.3712997e-05,-0.077017024,0.31791443,3.1432242,0.887586,3.317892,1.6161362,3.812372,0.0,9.951016,-9.138411,0.5185185,63.683563,0.0,0.0,0.0,1.0,0.0,0,11.6534815,7.539704,0.0,0.0,0.09087269,7.893467,0.45688465,0.0,0.0,8.426756
0,205,206.0,10.0,1.0,1.0,187.0,1.0,1.0,1.0,0.94224834,1.0,-0.0,0.0,-1.6481386e-05,-0.05773514,0.24521872,2.4857838,0.77999437,4.643903,1.4618812,4.2725005,0.0,11.310746,-10.597761,0.537037,63.214302,0.0,0.0,0.0,1.0,0.0,0,7.516465,8.446154,0.527139,0.0,0.0,6.6722,0.82094556,0.0,0.0,8.04487
1,205,206.0,10.0,1.0,1.0,187.0,1.0,1.0,1.0,0.92067635,1.0,-0.0,0.0,-1.5154591e-05,-0.079308495,0.5194787,2.4677422,0.8317956,4.8870487,1.634468,3.5060227,0.0,13.86339,-11.991623,0.5509259,63.983406,0.0,0.0,0.0,1.0,0.0,0,5.869834,8.421444,0.0,0.0,6.0187864,9.871085,0.0,0.0,0.0,8.0149355
2,205,206.0,10.0,1.0,1.0,187.0,1.0,1.0,1.0,0.90253615,1.0,-0.0,0.0,-1.9483428e-05,-0.09744436,0.41905642,2.4997284,0.8773724,5.901231,1.6593907,5.755464,0.0,14.061794,-11.456139,0.5787037,63.843227,0.0,0.0,0.0,1.0,0.0,0,3.2194219,8.645106,0.0,0.0,4.035247,8.709293,0.0,0.0,0.0,8.379969
3,205,206.0,10.0,1.0,1.0,187.0,1.0,1.0,1.0,0.92120266,1.0,-0.0,0.0,-1.4056725e-05,-0.07878325,0.26891473,2.9959018,0.8971519,3.5238392,1.630266,3.8791382,0.0,9.626901,-8.878506,0.5185185,63.871777,0.0,0.0,0.0,1.0,0.0,0,11.846332,7.827635,0.0,0.0,1.1554787,7.809613,0.33957547,0.0,0.0,7.980568
0,206,207.0,10.0,1.0,1.0,188.0,1.0,1.0,1.0,0.95317405,1.0,-0.0,0.0,-2.2632637e-05,-0.046803277,0.21103752,2.2988138,0.82165885,4.3651285,1.3744262,4.9628778,0.0,10.7613735,-10.882964,0.537037,63.381607,0.0,0.0,0.0,1.0,0.0,0,9.993799,6.275309,0.0,0.0,0.0,7.1201406,0.55925167,0.0,0.0,7.216644
1,206,207.0,10.0,1.0,1.0,188.0,1.0,1.0,1.0,0.92445636,1.0,-0.0,0.0,-2.0694111e-05,-0.07552295,0.41615105,2.2720952,0.96224815,4.797476,1.6041836,4.0389085,0.0,13.39378,-11.347082,0.5509259,64.2422,0.0,0.0,0.0,1.0,0.0,0,7.9916854,9.812881,0.0,0.0,0.999415,7.656258,0.0,0.0,0.0,7.1687307
2,206,207.0,10.0,1.0,1.0,188.0,1.0,1.0,1.0,0.9051941,1.0,-0.0,0.0,-2.8739776e-05,-0.09477719,0.34293646,2.2762728,1.02873,5.9817543,1.6273168,6.5349298,0.0,13.795783,-11.691396,0.5787037,64.09298,0.0,0.0,0.0,1.0,0.0,0,5.7750535,10.046771,0.0,0.0,0.8552359,7.3679347,0.0,0.0,0.0,7.2076435
3,206,207.0,10.0,1.0,1.0,188.0,1.0,1.0,1.0,0.925121,1.0,-0.0,0.0,-9.595816e-06,-0.07486942,0.12894198,2.9826052,0.88990957,3.4637933,1.5989553,4.1607323,0.0,9.299524,-8.260279,0.5185185,64.24965,0.0,0.0,0.0,1.0,0.0,0,10.959103,7.0447054,0.0,0.0,1.4124386,9.123059,0.4238602,0.0,0.0,8.068893
0,207,208.0,10.0,1.0,1.0,189.0,1.0,1.0,1.0,0.9529941,1.0,-0.0,0.0,-1.8788227e-05,-0.046987146,0.1479542,2.3126667,0.9025734,4.3924828,1.3758972,4.746782,0.0,10.185686,-7.5800557,0.537037,63.843773,0.0,0.0,0.0,1.0,0.0,0,9.606385,7.0964775,0.0,0.0,0.3658678,7.629597,0.42787242,0.0,0.0,8.61606
1,207,208.0,10.0,1.0,1.0,189.0,1.0,1.0,1.0,0.9108191,1.0,-0.0,0.0,-2.3472821e-05,-0.0891574,0.28636009,1.9793864,1.1077257,5.211885,1.6055335,5.5489154,0.0,13.126029,-10.666285,0.5509259,64.35446,0.0,0.0,0.0,1.0,0.0,0,10.86331,8.062884,0.0,0.0,2.2916803,7.1047254,0.0,0.0,0.0,7.410749
2,207,208.0,10.0,1.0,1.0,189.0,1.0,1.0,1.0,0.9057791,1.0,-0.0,0.0,-2.5830805e-05,-0.094195046,0.2762215,2.0130172,1.1529158,6.2097683,1.5922579,7.309254,0.0,13.610796,-11.363627,0.5787037,64.19556,0.0,0.0,0.0,1.0,0.0,0,8.075273,8.971945,0.0,0.0,1.6420475,5.5177064,0.0,0.0,0.0,7.9442506
3,207,208.0,10.0,1.0,1.0,189.0,1.0,1.0,1.0,0.9216418,1.0,-0.0,0.0,-1.307052e-05,-0.07834511,0.03616698,3.1042802,0.81579834,2.6855097,1.6267608,3.980336,0.0,9.164695,-8.056481,0.5185185,64.8166,0.0,0.0,0.0,1.0,0.0,0,11.100664,7.0471997,0.0,0.0,0.0,8.281193,0.67527866,0.0,0.0,8.29678
0,208,209.0,10.0,1.0,1.0,190.0,1.0,1.0,1.0,0.94862187,1.0,-0.0,0.0,-1.4362637e-05,-0.05136379,0.09743199,2.4123583,0.9015449,4.9049582,1.4109102,3.9463627,0.0,10.005257,-8.097429,0.537037,64.316345,0.0,0.0,0.0,1.0,0.0,0,9.816128,7.181616,0.0,0.0,1.6805922,8.141323,0.07575497,0.0,0.0,7.7368584
1,208,209.0,10.0,1.0,1.0,190.0,1.0,1.0,1.0,0.8906101,1.0,-0.0,0.0,-1.8526132e-05,-0.10937138,0.24284534,1.7450173,1.2715148,6.3045053,1.6034563,5.881027,0.0,13.363952,-9.720082,0.5509259,64.44816,0.0,0.0,0.0,1.0,0.0,0,8.6585245,7.0899076,0.0,0.0,3.1076632,6.746879,0.0,0.0,0.0,7.365664
2,208,209.0,10.0,1.0,1.0,190.0,1.0,1.0,1.0,0.88635904,1.0,-0.0,0.0,-1.7078932e-05,-0.11362385,0.21515283,1.7982731,1.3442732,7.043288,1.5647175,8.172389,0.0,13.871796,-11.075754,0.5787037,64.26581,0.0,0.0,0.0,1.0,0.0,0,7.308355,8.02055,0.0,0.0,1.5898914,5.523777,0.0,0.0,0.0,7.476312
3,208,209.0,10.0,1.0,1.0,190.0,1.0,1.0,1.0,0.9215354,1.0,-0.0,0.0,-1.6068088e-05,-0.078448564,0.006839633,2.9653034,0.88161397,3.7864113,1.6275885,3.9681232,0.0,9.0273695,-8.003902,0.5185185,65.0561,0.0,0.0,0.0,1.0,0.0,0,11.117886,7.149978,0.0,0.0,1.545038,8.447944,0.16052447,0.0,0.0,8.054219
0,209,210.0,10.0,1.0,1.0,191.0,1.0,1.0,1.0,0.9443568,1.0,-0.0,0.0,-1.1234087e-05,-0.055631995,0.22285879,2.3704984,0.8627252,4.666943,1.445056,3.6926277,0.0,9.763056,-8.171897,0.537037,64.65257,0.0,0.0,0.0,1.0,0.0,0,9.023021,6.974075,0.0,0.0,0.0,7.8699856,0.7400053,0.0,0.0,7.4054275
1,209,210.0,10.0,1.0,1.0,191.0,1.0,1.0,1.0,0.9112749,1.0,-0.0,0.0,-1.867478e-05,-0.088706404,0.17940626,1.9166212,1.1759249,4.420908,1.5337262,4.8748584,0.0,12.78242,-8.011726,0.5509259,65.13003,0.0,0.0,0.0,1.0,0.0,0,10.331315,7.8857756,0.0,0.0,1.8649354,8.852702,0.0,0.0,0.0,7.1993127
2,209,210.0,10.0,1.0,1.0,191.0,1.0,1.0,1.0,0.8746374,1.0,-0.0,0.0,-2.0676025e-05,-0.12534189,0.17213151,1.6977873,1.4367479,6.7502046,1.5115912,9.244904,0.0,13.147125,-11.008835,0.5787037,64.37287,0.0,0.0,0.0,1.0,0.0,0,8.411005,7.4893646,0.0,0.0,1.5419242,6.888371,0.0,0.0,0.0,7.172076
3,209,210.0,10.0,1.0,1.0,191.0,1.0,1.0,1.0,0.9223422,1.0,-0.0,0.0,-1.4170389e-05,-0.07764362,0.15796237,2.988586,0.82085764,2.8929017,1.621149,3.978369,0.0,8.588239,-8.030279,0.5185185,65.56711,0.0,0.0,0.0,1.0,0.0,0,10.450709,6.9946117,0.0,0.0,0.5203485,8.417338,0.18916632,0.0,0.0,7.4359775
0,210,211.0,10.0,1.0,1.0,192.0,1.0,1.0,1.0,0.93653035,1.0,-0.0,0.0,-9.513019e-06,-0.06346013,0.18753633,2.304867,0.9485634,5.4844794,1.4430836,3.666673,0.0,9.55053,-8.124672,0.537037,64.91378,0.0,0.0,0.0,1.0,0.0,0,9.27352,6.8437557,0.0,0.0,1.2582462,7.7411346,0.36352354,0.0,0.0,6.6907096
1,210,211.0,10.0,1.0,1.0,192.0,1.0,1.0,1.0,0.89279044,1.0,-0.0,0.0,-1.6252176e-05,-0.107193284,0.13333559,1.938656,1.2222335,4.848125,1.6353127,3.6871119,0.0,12.623434,-7.9575524,0.5509259,65.43191,0.0,0.0,0.0,1.0,0.0,0,9.569353,7.5237837,0.0,0.0,2.551709,8.640739,0.0,0.0,0.0,8.513714
2,210,211.0,10.0,1.0,1.0,192.0,1.0,1.0,1.0,0.80170643,1.0,-0.0,0.0,-2.543238e-05,-0.19826815,0.028308108,1.5428122,1.7911133,9.038175,1.6092889,10.962739,0.0,13.976942,-10.15434,0.5787037,64.52009,0.0,0.0,0.0,1.0,0.0,0,8.603532,6.27439,0.0,0.0,1.1989352,7.142743,0.0,0.0,0.0,6.9682035
3,210,211.0,10.0,1.0,1.0,192.0,1.0,1.0,1.0,0.92400306,1.0,-0.0,0.0,-8.469287e-06,-0.07598845,0.12716651,2.9110322,0.8742796,3.8361175,1.6079075,3.8831723,0.0,8.603593,-7.98543,0.5185185,65.855865,0.0,0.0,0.0,1.0,0.0,0,10.889239,7.2865214,0.0,0.0,1.1618109,8.529866,0.24675371,0.0,0.0,7.8852167
0,211,212.0,10.0,1.0,1.0,193.0,1.0,1.0,1.0,0.94274545,1.0,-0.0,0.0,-1.1199773e-05,-0.05724336,0.3853429,2.3361018,0.8548727,4.6729774,1.4579469,3.6555545,0.0,9.27735,-8.238587,0.537037,65.37004,0.0,0.0,0.0,1.0,0.0,0,8.808743,6.708997,0.0,0.0,0.0,8.008722,1.0672071,0.0,0.0,7.0741425
1,211,212.0,10.0,1.0,1.0,193.0,1.0,1.0,1.0,0.8854233,1.0,-0.0,0.0,-2.0552003e-05,-0.11455611,0.0053364784,1.9485168,1.2217728,4.3667426,1.694676,3.3006244,0.0,12.274317,-7.9807444,0.5509259,65.9439,0.0,0.0,0.0,1.0,0.0,0,9.351149,7.8966274,0.0,0.0,1.0229567,9.676204,0.0,0.0,0.0,7.5279365
2,211,212.0,10.0,1.0,1.0,193.0,1.0,1.0,1.0,0.8327608,1.0,-0.0,0.0,-2.7313143e-05,-0.16721192,0.10197759,1.6697338,1.6993394,6.818311,1.6383559,8.286804,0.0,12.76186,-8.61808,0.5787037,65.073,0.0,0.0,0.0,1.0,0.0,0,9.702272,7.7425666,0.0,0.0,2.0425093,8.782155,0.0,0.0,0.0,8.263737
3,211,212.0,10.0,1.0,1.0,193.0,1.0,1.0,1.0,0.92418087,1.0,-0.0,0.0,-1.0214529e-05,-0.07580891,0.26570594,2.8663948,0.8148061,3.023875,1.6064713,3.8936412,0.0,8.126176,-8.001596,0.5185185,66.201965,0.0,0.0,0.0,1.0,0.0,0,10.486579,6.8756504,0.0,0.0,0.28680718,8.032309,0.4152561,0.0,0.0,6.958377
0,212,213.0,10.0,1.0,1.0,194.0,1.0,1.0,1.0,0.93328094,1.0,-0.0,0.0,-1.8296503e-05,-0.066700764,0.38857645,2.298892,0.8725035,5.670903,1.4441522,3.89545,0.0,9.766217,-8.270338,0.537037,65.65175,0.0,0.0,0.0,1.0,0.0,0,8.987767,7.793936,0.0,0.0,0.0,8.399678,0.52411044,0.0,0.0,5.685189
1,212,213.0,10.0,1.0,1.0,194.0,1.0,1.0,1.0,0.88218665,1.0,-0.0,0.0,-1.4871324e-05,-0.11779848,0.036052614,2.0233076,1.2234015,4.379095,1.7189863,3.1647804,0.0,12.1273,-7.986824,0.5509259,66.347435,0.0,0.0,0.0,1.0,0.0,0,9.048325,7.878566,0.0,0.0,1.0835117,9.011869,0.0,0.0,0.0,8.343459
2,212,213.0,10.0,1.0,1.0,194.0,1.0,1.0,1.0,0.8306112,1.0,-0.0,0.0,-1.5830814e-05,-0.16937295,0.0033542514,1.8076917,1.698541,5.9858108,1.6564425,6.819919,0.0,12.104569,-8.203415,0.5787037,65.4424,0.0,0.0,0.0,1.0,0.0,0,8.983515,6.7525973,0.0,0.0,2.804055,10.10868,0.0,0.0,0.0,8.259916
3,212,213.0,10.0,1.0,1.0,194.0,1.0,1.0,1.0,0.9266176,1.0,-0.0,0.0,-1.9190858e-05,-0.073363215,0.24007745,2.8215084,0.81595045,3.6989822,1.5869057,3.812372,0.0,8.426109,-7.857261,0.5185185,66.526535,0.0,0.0,0.0,1.0,0.0,0,10.343039,7.372119,0.0,0.0,0.0,8.3253765,0.41743064,0.0,0.0,6.9207234
0,213,214.0,10.0,1.0,1.0,195.0,1.0,1.0,1.0,0.9423272,1.0,-0.0,0.0,-1.2093726e-05,-0.05766069,0.5274184,2.277729,0.81995445,5.059742,1.4533198,4.26865,0.0,9.075669,-8.257711,0.537037,65.90082,0.0,0.0,0.0,1.0,0.0,0,8.562099,7.1352296,0.0,0.0,0.16128181,8.28493,0.6464745,0.0,0.0,5.2856207
1,213,214.0,10.0,1.0,1.0,195.0,1.0,1.0,1.0,0.89241767,1.0,-0.0,0.0,-1.8117466e-05,-0.10756423,0.22415929,2.0953991,1.1308444,3.5675533,1.7296695,3.1766307,0.0,12.126016,-8.025184,0.5509259,66.78942,0.0,0.0,0.0,1.0,0.0,0,8.981227,7.5102944,0.0,0.0,0.7631275,9.203706,0.0,0.0,0.0,8.031019
2,213,214.0,10.0,1.0,1.0,195.0,1.0,1.0,1.0,0.82432,1.0,-0.0,0.0,-1.6297674e-05,-0.17566371,0.12040846,1.7713646,1.6778605,5.3847823,1.7274492,7.066157,0.0,11.718369,-8.258709,0.5787037,65.741325,0.0,0.0,0.0,1.0,0.0,0,8.822588,7.2982564,0.0,0.0,1.3158919,10.036084,0.0,0.0,0.0,9.906731
3,213,214.0,10.0,1.0,1.0,195.0,1.0,1.0,1.0,0.9249913,1.0,-0.0,0.0,-1.299705e-05,-0.07499568,0.37024692,2.845319,0.7618212,3.024134,1.5999655,4.011876,0.0,7.8925223,-7.735146,0.5185185,66.880554,0.0,0.0,0.0,1.0,0.0,0,10.451651,7.5095444,0.0,0.0,0.2430732,8.257737,0.7064787,0.0,0.0,5.871982
0,214,215.0,10.0,1.0,1.0,196.0,1.0,1.0,1.0,0.92750823,1.0,-0.0,0.0,-1.4664455e-05,-0.07247709,0.47602206,2.1800232,0.84413373,6.005662,1.4457283,4.4871726,0.0,9.901349,-8.271639,0.537037,65.98413,0.0,0.0,0.0,1.0,0.0,0,8.884033,7.7175198,0.0,0.0,0.0,8.39689,0.6639506,0.0,0.0,5.0259404
1,214,215.0,10.0,1.0,1.0,196.0,1.0,1.0,1.0,0.88977283,1.0,-0.0,0.0,-1.3882249e-05,-0.110213295,0.13748184,2.045796,1.1447113,4.0595946,1.736995,3.14717,0.0,12.063345,-7.9052196,0.5509259,66.966324,0.0,0.0,0.0,1.0,0.0,0,9.039108,7.6498446,0.0,0.0,1.2941939,8.793649,0.0,0.0,0.0,8.69627
2,214,215.0,10.0,1.0,1.0,196.0,1.0,1.0,1.0,0.829834,1.0,-0.0,0.0,-1.2749448e-05,-0.17015329,0.077273324,1.8381069,1.6544445,5.405824,1.7067817,6.8288703,0.0,11.72647,-8.190284,0.5787037,66.02936,0.0,0.0,0.0,1.0,0.0,0,8.712412,7.653315,0.0,0.0,0.0,10.591536,0.0,0.0,0.0,8.557141
3,214,215.0,10.0,1.0,1.0,196.0,1.0,1.0,1.0,0.92368096,1.0,-0.0,0.0,-1.5787704e-05,-0.076303236,0.32900646,2.7264676,0.7833913,4.1614857,1.6104258,4.2364345,0.0,8.686725,-7.4173493,0.5185185,66.9523,0.0,0.0,0.0,1.0,0.0,0,10.917803,8.146038,0.0,0.0,0.0,7.8208766,0.6505873,0.045885917,0.0,5.964525
0,215,216.0,10.0,1.0,1.0,197.0,1.0,1.0,1.0,0.9189034,1.0,-0.0,0.0,-1.6356958e-05,-0.08108028,0.36207512,2.1318305,0.9249843,6.668499,1.4261756,4.6754904,0.0,9.317619,-8.146477,0.537037,66.12768,0.0,0.0,0.0,1.0,0.0,0,9.1377535,7.0132127,0.0,0.0,0.018729862,8.146838,1.0509982,0.0,0.0,5.0441594
1,215,216.0,10.0,1.0,1.0,197.0,1.0,1.0,1.0,0.8921646,1.0,-0.0,0.0,-1.8120292e-05,-0.10781731,0.05864501,1.9931052,1.1428691,4.251192,1.7196692,3.1159244,0.0,11.885542,-7.639678,0.5509259,67.16525,0.0,0.0,0.0,1.0,0.0,0,9.099115,7.067493,0.0,0.0,2.1334162,8.979934,0.0,0.20411572,0.0,8.430009
2,215,216.0,10.0,1.0,1.0,197.0,1.0,1.0,1.0,0.83154917,1.0,-0.0,0.0,-3.3974764e-05,-0.16841686,0.059420057,1.7518334,1.6336521,5.1126947,1.7136827,6.7394066,0.0,11.342151,-8.090217,0.5787037,66.42546,0.0,0.0,0.0,1.0,0.0,0,8.706461,7.4589953,0.0,0.0,1.1936989,10.00792,0.0,0.3443976,0.0,9.209896
3,215,216.0,10.0,1.0,1.0,197.0,1.0,1.0,1.0,0.9241297,1.0,-0.0,0.0,-1.613965e-05,-0.07585412,0.2291441,2.6492558,0.87290525,5.036944,1.601907,4.463031,0.0,8.312904,-7.2050886,0.5185185,67.10819,0.0,0.0,0.0,1.0,0.0,0,10.658019,7.1760454,0.0,0.0,0.0,7.79553,0.9380469,0.3744252,0.0,6.590786
0,216,217.0,10.0,1.0,1.0,198.0,1.0,1.0,1.0,0.9428514,1.0,-0.0,0.0,-2.0414558e-05,-0.05712819,0.7328354,2.294861,0.6995227,5.292385,1.4180408,4.7658763,0.0,8.60131,-7.333094,0.537037,66.41103,0.0,0.0,0.0,1.0,0.0,0,8.818238,6.4428644,0.0,0.0,0.0,8.329744,1.5830799,0.0,0.0,5.542762
1,216,217.0,10.0,1.0,1.0,198.0,1.0,1.0,1.0,0.9071117,1.0,-0.0,0.0,-2.4195553e-05,-0.0928641,0.5161706,2.0869937,1.0246704,3.247306,1.7182424,3.2223816,0.0,11.598089,-5.372176,0.5509259,67.3706,0.0,0.0,0.0,1.0,0.0,0,9.044539,7.722009,0.0,0.0,0.9074068,8.759065,0.0,0.23791106,0.0,8.561438
2,216,217.0,10.0,1.0,1.0,198.0,1.0,1.0,1.0,0.849085,1.0,-0.0,0.0,-3.606349e-05,-0.150879,0.5594358,1.8988926,1.4899654,3.556565,1.7170665,6.7249823,0.0,11.190493,-5.852416,0.5787037,66.748314,0.0,0.0,0.0,1.0,0.0,0,8.854664,7.4295573,0.0,0.0,2.1475015,9.880299,0.0,0.6059934,0.0,9.578845
3,216,217.0,10.0,1.0,1.0,198.0,1.0,1.0,1.0,0.92643404,1.0,-0.0,0.0,-2.3197244e-05,-0.073542796,0.5096901,2.8035977,0.66867864,3.203622,1.5883423,4.5811024,0.0,7.4560885,-7.430002,0.5185185,67.38003,0.0,0.0,0.0,1.0,0.0,0,10.311819,6.0351877,0.0,0.0,0.0,7.4378247,1.0942072,0.73026234,0.0,6.306961
0,217,218.0,10.0,1.0,1.0,199.0,1.0,1.0,1.0,0.9211351,1.0,-0.0,0.0,-2.0034375e-05,-0.07884484,0.4866842,2.2411804,0.7118289,6.832883,1.3863742,5.0795097,0.0,9.5941305,-8.173362,0.537037,66.53482,0.0,0.0,0.0,1.0,0.0,0,9.238124,7.8078346,0.0,0.0,0.0,8.033507,1.3419694,0.0,0.0,4.7545166
1,217,218.0,10.0,1.0,1.0,199.0,1.0,1.0,1.0,0.9146661,1.0,-0.0,0.0,-2.1396194e-05,-0.08531248,0.1738485,2.1232865,0.9750985,3.7053254,1.6824998,3.4031475,0.0,11.618693,-7.5160413,0.5509259,67.56149,0.0,0.0,0.0,1.0,0.0,0,9.294557,7.2025127,0.0,0.0,0.0,9.125133,0.0,0.30001667,0.0,8.392204
2,217,218.0,10.0,1.0,1.0,199.0,1.0,1.0,1.0,0.8670983,1.0,-0.0,0.0,-2.216183e-05,-0.13287954,0.21059178,1.9689354,1.3886199,4.351297,1.6744164,6.588159,0.0,11.557523,-8.203804,0.5787037,67.05035,0.0,0.0,0.0,1.0,0.0,0,8.834054,7.670218,0.0,0.0,0.0,9.819812,0.0,0.0,0.0,9.186314
3,217,218.0,10.0,1.0,1.0,199.0,1.0,1.0,1.0,0.9298094,1.0,-0.0,0.0,-2.0057996e-05,-0.070170544,0.32588542,2.6870365,0.70405644,4.5983305,1.5613643,4.7688317,0.0,8.666916,-7.4104776,0.5185185,67.53871,0.0,0.0,0.0,1.0,0.0,0,10.57778,8.051228,0.0,0.0,0.0,8.013361,1.1021692,0.69749683,0.0,6.6358333
0,218,219.0,10.0,1.0,1.0,200.0,1.0,1.0,1.0,0.92767614,1.0,-0.0,0.0,-1.5250291e-05,-0.0723086,0.5226087,2.2679267,0.6987432,6.488268,1.3800329,5.128291,0.0,8.31843,-8.326462,0.537037,66.91392,0.0,0.0,0.0,1.0,0.0,0,9.0405855,6.930082,0.0,0.0,1.3875132,7.109382,1.1687131,0.25402236,0.0,4.4654627
1,218,219.0,10.0,1.0,1.0,200.0,1.0,1.0,1.0,0.91404027,1.0,-0.0,0.0,-2.2273569e-05,-0.08593742,0.39597824,2.1325533,0.9134923,3.6258821,1.6874993,3.4930491,0.0,11.451102,-6.1698947,0.5509259,67.684975,0.0,0.0,0.0,1.0,0.0,0,9.181215,7.707543,0.0,0.0,1.1522511,9.331078,0.0,0.7419083,0.0,8.507009
2,218,219.0,10.0,1.0,1.0,200.0,1.0,1.0,1.0,0.8771883,1.0,-0.0,0.0,-2.0064925e-05,-0.12279161,0.3821768,1.9846609,1.3184835,3.563382,1.6638494,6.553836,0.0,11.052251,-7.292902,0.5787037,67.2639,0.0,0.0,0.0,1.0,0.0,0,8.754301,7.6570973,0.0,0.0,1.4656856,9.72949,0.0,0.80620664,0.0,9.061896
3,218,219.0,10.0,1.0,1.0,200.0,1.0,1.0,1.0,0.93248385,1.0,-0.0,0.0,-1.3059924e-05,-0.06750309,0.37060007,2.6469781,0.70156336,4.0941586,1.5400246,4.940267,0.0,7.5357227,-7.7574253,0.5185185,67.96499,0.0,0.0,0.0,1.0,0.0,0,10.379932,7.302079,0.0,0.0,0.0,8.071264,1.3966596,1.098116,0.0,6.639839
0,219,220.0,10.0,1.0,1.0,201.0,1.0,1.0,1.0,0.9191281,1.0,-0.0,0.0,-1.4539888e-05,-0.08085732,0.4417345,2.1418636,0.68412113,7.2070656,1.352583,5.0795097,0.0,9.632535,-8.342709,0.537037,67.093315,0.0,0.0,0.0,1.0,0.0,0,8.721835,7.909389,0.0,0.0,0.0,7.6699634,1.3979353,0.6194648,0.0,5.0469923
1,219,220.0,10.0,1.0,1.0,201.0,1.0,1.0,1.0,0.91900676,1.0,-0.0,0.0,-2.2290264e-05,-0.08097096,0.19393638,2.2278626,0.83647984,4.0398774,1.6477677,3.7940526,0.0,11.284232,-7.5507145,0.5509259,67.83533,0.0,0.0,0.0,1.0,0.0,0,10.360156,7.6772,0.0,0.0,2.4788232,8.984916,0.0,0.40446338,0.0,7.64113
2,219,220.0,10.0,1.0,1.0,201.0,1.0,1.0,1.0,0.89678717,1.0,-0.0,0.0,-2.1399912e-05,-0.10319146,0.2511546,1.9999093,1.2135229,4.6605635,1.6120087,6.537805,0.0,11.598429,-8.301821,0.5787037,67.38776,0.0,0.0,0.0,1.0,0.0,0,8.641758,7.4651704,0.0,0.0,0.0,10.10989,0.0,0.4634256,0.0,8.349492
3,219,220.0,10.0,1.0,1.0,201.0,1.0,1.0,1.0,0.93584764,1.0,-0.0,0.0,-1.5441463e-05,-0.06413689,0.31147227,2.5185955,0.66922796,4.7896366,1.5130951,5.1298175,0.0,8.724427,-7.7635665,0.5185185,68.11669,0.0,0.0,0.0,1.0,0.0,0,10.071114,7.877029,0.0,0.0,0.0,8.125224,1.4320368,1.3868468,0.0,6.4000874
0,220,221.0,10.0,1.0,1.0,202.0,1.0,1.0,1.0,0.9201648,1.0,-0.0,0.0,-1.2113092e-05,-0.07982306,0.39012358,2.1592102,0.7542841,7.21977,1.3426151,4.9644547,0.0,8.451615,-8.09423,0.537037,67.568214,0.0,0.0,0.0,1.0,0.0,0,9.085452,7.347256,0.0,0.0,0.0,7.5436945,1.3983555,0.8809651,0.0,4.856576
1,220,221.0,10.0,1.0,1.0,202.0,1.0,1.0,1.0,0.9198661,1.0,-0.0,0.0,-1.6551181e-05,-0.08011733,0.19962452,2.141577,0.7951578,4.407962,1.6409386,3.8633657,0.0,11.434817,-7.945908,0.5509259,68.236374,0.0,0.0,0.0,1.0,0.0,0,9.643863,8.122429,0.0,0.0,1.1390872,9.104293,0.0,0.4704305,0.0,8.4770565
2,220,221.0,10.0,1.0,1.0,202.0,1.0,1.0,1.0,0.90677154,1.0,-0.0,0.0,-1.8828208e-05,-0.093209624,0.29007196,2.0652766,1.1341851,4.573919,1.6114918,6.381787,0.0,11.233489,-8.408662,0.5787037,67.61676,0.0,0.0,0.0,1.0,0.0,0,8.396748,8.293528,0.0,0.0,0.32137394,10.280519,0.0,0.85601276,0.0,9.305617
3,220,221.0,10.0,1.0,1.0,202.0,1.0,1.0,1.0,0.9383464,1.0,-0.0,0.0,-1.2416173e-05,-0.061641227,0.25828815,2.4840486,0.7509524,4.9576693,1.4931297,5.304207,0.0,7.4724407,-7.890543,0.5185185,68.591286,0.0,0.0,0.0,1.0,0.0,0,11.140833,7.9156303,0.0,0.0,0.0,9.304725,1.3429837,1.7735592,0.0,6.526956
0,221,222.0,10.0,1.0,1.0,203.0,1.0,1.0,1.0,0.91570294,1.0,-0.0,0.0,-1.1790228e-05,-0.08428523,0.31216517,2.0365405,0.75292814,7.572097,1.3313355,4.733734,0.0,9.242608,-8.107792,0.537037,67.713554,0.0,0.0,0.0,1.0,0.0,0,9.352903,8.55589,0.0,0.0,0.0,7.938581,1.3697369,1.2397357,0.0,4.6381636
1,221,222.0,10.0,1.0,1.0,203.0,1.0,1.0,1.0,0.92189014,1.0,-0.0,0.0,-1.6050515e-05,-0.07809384,0.07882863,2.0780835,0.76819456,4.655521,1.6247507,4.1153283,0.0,11.028783,-7.920909,0.5509259,68.4494,0.0,0.0,0.0,1.0,0.0,0,9.613804,8.227067,0.0,0.0,2.3300352,9.589494,0.0,0.82311,0.0,8.042211
2,221,222.0,10.0,1.0,1.0,203.0,1.0,1.0,1.0,0.9177918,1.0,-0.0,0.0,-2.3706067e-05,-0.08218451,0.2626814,2.0518966,1.0280883,5.542845,1.5850967,6.4419975,0.0,11.44871,-8.355204,0.5787037,67.65173,0.0,0.0,0.0,1.0,0.0,0,8.625627,7.6716313,0.0,0.0,0.0,10.546591,0.0,0.82471585,0.0,8.249813
3,221,222.0,10.0,1.0,1.0,203.0,1.0,1.0,1.0,0.93048674,1.0,-0.0,0.0,-1.3316902e-05,-0.069499984,0.17024726,2.3784988,0.750508,5.5788903,1.4788145,5.184925,0.0,8.19254,-7.945955,0.5185185,68.781296,0.0,0.0,0.0,1.0,0.0,0,12.16373,8.770617,0.0,0.0,0.0,9.463081,1.7795458,2.1683037,0.0,6.6787186
0,222,223.0,10.0,1.0,1.0,204.0,1.0,1.0,1.0,0.92272,1.0,-0.0,0.0,-1.5111517e-05,-0.07726487,0.27328357,2.1398542,0.78370905,7.233317,1.3203433,4.472493,0.0,8.2512865,-7.9280863,0.537037,68.089905,0.0,0.0,0.0,1.0,0.0,0,10.314121,8.138055,0.0,0.0,1.415208,6.955842,1.13269,1.2505189,0.0,4.721404
1,222,223.0,10.0,1.0,1.0,204.0,1.0,1.0,1.0,0.9228282,1.0,-0.0,0.0,-1.2333599e-05,-0.07715945,0.08760765,2.069788,0.72931564,4.927731,1.6172756,4.313167,0.0,11.0324955,-7.8629775,0.5509259,68.8689,0.0,0.0,0.0,1.0,0.0,0,10.206873,9.049505,0.0,0.0,1.4539771,9.751887,0.0,1.1450423,0.0,8.620112
2,222,223.0,10.0,1.0,1.0,204.0,1.0,1.0,1.0,0.90752536,1.0,-0.0,0.0,-2.0321366e-05,-0.092454314,0.29359722,2.1582098,0.95047325,6.0332403,1.6018691,6.3202605,0.0,11.497523,-8.242197,0.5787037,67.9253,0.0,0.0,0.0,1.0,0.0,0,9.627873,8.841943,0.0,0.0,2.064436,10.615524,0.0,1.2504082,0.0,9.103415
3,222,223.0,10.0,1.0,1.0,204.0,1.0,1.0,1.0,0.93331724,1.0,-0.0,0.0,-1.4653064e-05,-0.066668086,0.13867952,2.4124777,0.7960816,5.4874763,1.4683478,5.2775702,0.0,7.504985,-7.758733,0.5185185,69.13666,0.0,0.0,0.0,1.0,0.0,0,12.870694,8.039786,0.0,0.0,1.1026824,9.573847,1.5646712,2.2673373,0.0,6.579472
0,223,224.0,10.0,1.0,1.0,205.0,1.0,1.0,1.0,0.9238012,1.0,-0.0,0.0,-1.4124553e-05,-0.076184675,0.19551516,2.0815525,0.80924946,7.183665,1.3183221,4.4024525,0.0,8.302552,-7.7822504,0.537037,68.40735,0.0,0.0,0.0,1.0,0.0,0,10.52693,8.388013,0.0,0.0,0.74151003,7.1003466,1.516522,1.3539563,0.0,4.4233503
1,223,224.0,10.0,1.0,1.0,205.0,1.0,1.0,1.0,0.92292404,1.0,-0.0,0.0,-1.6377975e-05,-0.077059574,0.05329773,2.0373456,0.71601737,5.000283,1.6164389,4.529025,0.0,10.931225,-7.91609,0.5509259,69.187004,0.0,0.0,0.0,1.0,0.0,0,10.029106,9.046391,0.0,0.0,1.0322351,10.048807,0.0,1.1892033,0.0,8.846499
2,223,224.0,10.0,1.0,1.0,205.0,1.0,1.0,1.0,0.90205103,1.0,-0.0,0.0,-2.3128765e-05,-0.097925864,0.23775324,2.0979698,0.9237827,6.3453617,1.6040252,6.321499,0.0,11.667327,-8.242279,0.5787037,68.245056,0.0,0.0,0.0,1.0,0.0,0,9.483399,9.053479,0.0,0.0,1.1311035,10.636691,0.0,0.9930959,0.0,9.097678
3,223,224.0,10.0,1.0,1.0,205.0,1.0,1.0,1.0,0.9314173,1.0,-0.0,0.0,-1.6336684e-05,-0.06856639,0.064063445,2.3454704,0.83299017,5.5687757,1.4726943,5.1635895,0.0,7.45522,-7.6181965,0.5185185,69.47863,0.0,0.0,0.0,1.0,0.0,0,12.892536,7.9897027,0.0,0.0,0.787533,9.856253,1.8034711,2.2393665,0.0,6.930523
0,224,225.0,10.0,1.0,1.0,206.0,1.0,1.0,1.0,0.9196272,1.0,-0.0,0.0,-1.0105569e-05,-0.08036266,0.12115985,1.9710401,0.78914064,7.4808316,1.3121237,4.34121,0.0,8.950892,-7.6931314,0.537037,68.727585,0.0,0.0,0.0,1.0,0.0,0,10.472897,9.130013,0.0,0.0,0.0,7.563055,1.186966,1.0642464,0.0,5.0533175
1,224,225.0,10.0,1.0,1.0,206.0,1.0,1.0,1.0,0.9119166,1.0,-0.0,0.0,-1.2012683e-05,-0.08807133,0.028731301,2.0469117,0.6395264,5.6148443,1.6225914,4.5894685,0.0,10.687744,-7.7747965,0.5509259,69.40744,0.0,0.0,0.0,1.0,0.0,0,9.84158,9.231684,0.0,0.0,2.0096397,10.026538,0.0,0.8002881,0.0,8.366735
2,224,225.0,10.0,1.0,1.0,206.0,1.0,1.0,1.0,0.8856336,1.0,-0.0,0.0,-1.5097132e-05,-0.1143513,0.12706071,2.021389,0.7992751,7.343036,1.6024055,6.401757,0.0,11.413214,-8.06739,0.5787037,68.60035,0.0,0.0,0.0,1.0,0.0,0,10.389977,8.95895,0.0,0.0,2.8457556,10.415779,0.0,1.0478718,0.0,8.926597
3,224,225.0,10.0,1.0,1.0,206.0,1.0,1.0,1.0,0.92335075,1.0,-0.0,0.0,-1.4085623e-05,-0.0766352,0.050897524,2.2317839,0.86015576,6.0347977,1.4751085,5.111776,0.0,7.8731246,-7.5024266,0.5185185,69.8002,0.0,0.0,0.0,1.0,0.0,0,12.918738,9.157706,0.0,0.0,0.0,8.349891,1.3551395,1.5632362,0.0,5.582755
0,225,226.0,10.0,1.0,1.0,207.0,1.0,1.0,1.0,0.9215403,1.0,-0.0,0.0,-1.4875789e-05,-0.078444794,0.0068683177,2.030865,0.8332555,7.4540854,1.3003469,4.4705667,0.0,8.493661,-7.6348734,0.537037,69.18825,0.0,0.0,0.0,1.0,0.0,0,10.777419,9.845224,0.0,0.0,1.1258444,6.4789667,1.6134259,1.3625832,0.0,4.308768
1,225,226.0,10.0,1.0,1.0,207.0,1.0,1.0,1.0,0.90321565,1.0,-0.0,0.0,-1.77287e-05,-0.09676668,0.07923208,2.0443745,0.6062125,5.969568,1.6448576,4.5352435,0.0,10.9936495,-7.6111126,0.5509259,69.940506,0.0,0.0,0.0,1.0,0.0,0,10.094092,10.277872,0.0,0.0,1.7604042,10.753184,0.0,1.270937,0.0,9.344759
2,225,226.0,10.0,1.0,1.0,207.0,1.0,1.0,1.0,0.87038374,1.0,-0.0,0.0,-1.5051107e-05,-0.1296012,0.06944612,2.0554264,0.7429412,8.055282,1.6294386,6.420567,0.0,11.411125,-7.9168773,0.5787037,69.05353,0.0,0.0,0.0,1.0,0.0,0,9.084396,10.967957,0.0,0.0,0.0,11.082416,0.0,0.63802177,0.0,10.064647
3,225,226.0,10.0,1.0,1.0,207.0,1.0,1.0,1.0,20.921522,1.0,-0.0,20.0,-1.4895905e-05,-0.07846197,0.12972039,2.2245624,0.8918469,6.130959,1.4769012,5.258844,0.0,8.073434,-7.309719,0.5185185,70.2806,1.0,0.0,0.0,1.0,0.0,0,13.0478115,9.240834,0.0,0.0,0.5675648,8.927152,1.8378175,1.9370359,0.0,5.863273
0,226,227.0,10.0,1.0,1.0,208.0,1.0,1.0,1.0,0.91693085,1.0,-0.0,0.0,-1.5204491e-05,-0.08305393,0.0103622675,2.0320444,0.7935647,7.715149,1.3024116,4.542488,0.0,9.250706,-7.666448,0.537037,69.39859,0.0,0.0,0.0,1.0,0.0,0,11.940815,10.040666,0.0,0.0,0.0,7.9557605,1.6709204,1.3209624,0.0,4.968429
1,226,227.0,10.0,1.0,1.0,208.0,1.0,1.0,1.0,20.895395,1.0,-0.0,20.0,-1.7896788e-05,-0.10458816,0.10214113,2.0787604,0.56935245,6.3752804,1.6533345,4.6982083,0.0,11.234225,-7.5686407,0.5509259,70.16208,1.0,0.0,0.0,1.0,0.0,0,10.924078,10.307645,0.0,0.0,2.1217606,10.912647,0.0,1.242301,0.0,9.844492
2,226,227.0,10.0,1.0,1.0,208.0,1.0,1.0,1.0,0.854739,1.0,-0.0,0.0,-1.5766214e-05,-0.14524518,0.048149936,2.0984192,0.6555691,8.935299,1.6372548,6.624905,0.0,11.415922,-7.8537016,0.5787037,69.28718,0.0,0.0,0.0,1.0,0.0,0,10.005876,10.668755,0.0,0.0,2.3939512,10.788124,0.0,0.7522928,0.0,9.480587
3,226,227.0,10.0,1.0,1.0,208.0,1.0,1.0,1.0,0.9199147,1.0,-0.0,0.0,-1.1835426e-05,-0.0800734,0.19769594,2.2891016,0.906574,6.1842427,1.4826881,5.312172,0.0,8.436685,-7.3448,0.5185185,70.54063,1.0,0.0,0.0,1.0,0.0,0,13.278246,9.091747,0.10023062,0.051346183,0.45283705,8.824545,1.7633035,1.7356186,0.0,5.620751
0,227,228.0,10.0,1.0,1.0,209.0,1.0,1.0,1.0,0.9167361,1.0,-0.0,0.0,-1.6523389e-05,-0.08324736,0.047568418,1.9360954,0.7836415,7.657164,1.3116902,4.629044,0.0,9.357547,-7.6184793,0.5416667,69.74067,0.0,0.0,0.0,1.0,0.0,0,10.848421,9.769882,7.361421e-05,0.0,0.0,7.152979,2.3409858,1.4827851,0.0,3.934977
1,227,228.0,10.0,1.0,1.0,209.0,1.0,1.0,1.0,0.88360673,1.0,-0.0,0.0,-1.692701e-05,-0.11637634,0.14313869,2.0359159,0.5094769,7.01242,1.662688,4.8447323,0.0,11.234507,-7.6672163,0.5509259,70.50932,1.0,0.0,0.0,1.0,0.0,0,9.163557,10.032008,0.0,0.0,2.2321339,11.000787,0.0,1.2203058,0.0,9.544652
2,227,228.0,10.0,1.0,1.0,209.0,1.0,1.0,1.0,0.8407944,1.0,-0.0,0.0,-1.998615e-05,-0.15918565,0.006252341,2.0060406,0.63920134,9.468579,1.6776744,6.422031,0.0,11.62622,-7.9932985,0.5787037,69.66459,0.0,0.0,0.0,1.0,0.0,0,7.966729,12.852681,0.0,0.0,0.74169004,11.673948,0.0,0.8363797,0.0,10.663813
3,227,228.0,10.0,1.0,1.0,209.0,1.0,1.0,1.0,0.9250197,1.0,-0.0,0.0,-1.6792757e-05,-0.07496349,0.24548694,2.265477,0.88792753,5.8187857,1.4905365,5.0899806,0.0,8.3025055,-7.2948093,0.5185185,70.883064,1.0,0.0,0.0,1.0,0.0,0,13.740591,8.678406,0.31771386,0.0,0.8095602,9.901096,1.9013436,1.9047052,0.0,5.792082
0,228,229.0,10.0,1.0,1.0,210.0,1.0,1.0,1.0,20.919935,1.0,-0.0,20.0,-1.1020225e-05,-0.08005397,0.09060465,2.0140572,0.8014017,7.4915037,1.3082311,4.7599587,0.0,10.186071,-7.676161,0.5416667,70.042656,1.0,0.0,0.0,1.0,0.0,0,12.034403,9.513575,0.08524261,0.0,0.0,7.787565,2.0378432,1.4109423,0.6790133,4.1443295
1,228,229.0,10.0,1.0,1.0,210.0,1.0,1.0,1.0,0.8754143,1.0,-0.0,0.0,-1.43217885e-05,-0.12457136,0.17258674,2.091978,0.5091085,7.4360967,1.6717579,5.0933633,0.0,11.991957,-7.713103,0.5509259,70.88682,1.0,0.0,0.0,1.0,0.0,0,10.279572,10.695559,0.0,0.0,1.4713663,10.790275,0.0,0.98730266,0.0,9.820731
2,228,229.0,10.0,1.0,1.0,210.0,1.0,1.0,1.0,20.828114,1.0,-0.0,20.0,-1.7281542e-05,-0.17186934,0.041911006,2.0373893,0.6325764,10.119165,1.6923991,6.6542745,0.0,12.205082,-8.009684,0.5787037,70.06523,1.0,0.0,0.0,1.0,0.0,0,8.215045,12.03219,0.0,0.0,0.72787964,11.291664,0.0,0.37326506,0.0,10.834083
3,228,229.0,10.0,1.0,1.0,210.0,1.0,1.0,1.0,0.9300768,1.0,-0.0,0.0,-1.993483e-05,-0.06990332,0.3517626,2.3921688,0.87221444,5.538181,1.4874691,4.977685,0.0,8.823519,-7.234512,0.5185185,71.16523,1.0,0.0,0.0,1.0,0.0,0,12.906462,11.426666,0.307385,0.0,0.0,8.992439,2.401098,2.1946807,0.0,4.7975416
0,229,230.0,10.0,1.0,1.0,211.0,1.0,1.0,1.0,0.92613584,1.0,-0.0,0.0,-1.24566395e-05,-0.07385169,0.17004609,1.8532885,0.7849594,7.0699244,1.3148235,4.889131,0.0,10.756708,-8.184753,0.5416667,70.61639,1.0,0.0,0.0,1.0,0.0,0,10.989956,9.150894,0.33338746,0.0,0.0,8.159199,2.6210659,1.3044587,1.109333,3.2493517
1,229,230.0,10.0,1.0,1.0,211.0,1.0,1.0,1.0,0.87113464,1.0,-0.0,0.0,-1.3217814e-05,-0.12885213,0.21730326,1.9793792,0.55820256,7.646211,1.6779889,5.1383576,0.0,12.250567,-7.772333,0.5509259,71.41413,1.0,0.0,0.0,1.0,0.0,0,9.923462,9.711807,0.0,0.0,0.0,10.735151,0.0,1.2045572,0.0,9.533389
2,229,230.0,10.0,1.0,1.0,211.0,1.0,1.0,1.0,0.8223857,1.0,-0.0,0.0,-1.5578407e-05,-0.17759871,0.101312995,1.8633468,0.67892927,10.444493,1.6948571,6.7652698,0.0,12.535121,-8.29846,0.5787037,70.64091,1.0,0.0,0.0,1.0,0.0,0,8.0924015,11.742048,0.0,0.0,0.6172404,11.707866,0.0,0.6267496,0.0,10.927044
3,229,230.0,10.0,1.0,1.0,211.0,1.0,1.0,1.0,0.93703187,1.0,-0.0,0.0,-1.6079535e-05,-0.062952064,0.3544271,2.3790464,0.8346535,4.839882,1.5036165,4.8487706,0.0,8.720983,-7.3191967,0.5185185,71.606865,1.0,0.0,0.0,1.0,0.0,0,13.580436,11.35263,0.59205306,0.0,0.0,9.702583,2.4927332,2.3946378,0.45634186,5.280723
0,230,231.0,10.0,1.0,1.0,212.0,1.0,1.0,1.0,0.933998,1.0,-0.0,0.0,-1.2507909e-05,-0.06598951,0.27577728,1.9604074,0.73867303,6.598849,1.3147361,5.33805,0.0,11.972844,-8.708026,0.5416667,70.96469,1.0,0.0,0.0,1.0,0.0,0,13.05054,8.142974,0.17073831,0.0,0.0,8.410871,2.8037245,1.1507797,1.6724156,3.8452284
1,230,231.0,10.0,1.0,1.0,212.0,1.0,1.0,1.0,0.8583133,1.0,-0.0,0.0,-1.2877489e-05,-0.1416738,0.27897525,2.0238254,0.6086469,8.3055,1.692657,5.3728456,0.0,13.535126,-8.694739,0.5555556,71.8436,1.0,0.0,0.0,1.0,0.0,0,10.372208,8.684128,0.0,0.0,0.0,10.327878,0.0,0.91705495,0.0,9.035623
2,230,231.0,10.0,1.0,1.0,212.0,1.0,1.0,1.0,0.8147962,1.0,-0.0,0.0,-1.1000795e-05,-0.18519276,0.16815215,1.9709626,0.71826917,10.814587,1.7062638,7.044067,0.0,13.292355,-9.077758,0.5833333,70.99651,1.0,0.0,0.0,1.0,0.0,0,7.7291255,9.967642,0.0,0.0,0.0,10.626233,0.0,0.13454366,0.0,9.346906
3,230,231.0,10.0,1.0,1.0,212.0,1.0,1.0,1.0,0.93606734,1.0,-0.0,0.0,-1.8261659e-05,-0.063914396,0.4006453,2.5550463,0.8315035,4.8867283,1.5113151,4.7770333,0.0,9.610428,-7.809862,0.5185185,71.89894,1.0,0.0,0.0,1.0,0.0,0,14.190253,7.952968,0.17427917,0.0,0.0,8.602382,2.3291278,1.6370196,0.8083419,5.588061
0,231,232.0,10.0,1.0,1.0,213.0,1.0,1.0,1.0,0.94160986,1.0,-0.0,0.0,-1.0981512e-05,-0.058379203,0.32484922,1.9751674,0.80251116,5.994961,1.334372,5.399448,0.0,12.48914,-4.9506893,0.5416667,71.50804,1.0,0.0,0.0,1.0,0.0,0,12.579276,7.722945,0.36048973,0.0,0.0,8.444744,3.1982508,1.0737505,2.2195597,4.0254045
1,231,232.0,10.0,1.0,1.0,213.0,1.0,1.0,1.0,0.84632814,1.0,-0.0,0.0,-1.15713865e-05,-0.15366027,0.29531866,1.9868268,0.67021585,8.820931,1.7198246,5.148252,0.0,14.211912,-6.8309026,0.5555556,72.433784,1.0,0.0,0.0,1.0,0.0,0,9.162872,8.605752,0.0,0.0,0.0,9.873047,0.0,0.6111792,0.0,9.486341
2,231,232.0,10.0,1.0,1.0,213.0,1.0,1.0,1.0,0.80556154,1.0,-0.0,0.0,-9.813108e-06,-0.19442861,0.35237297,1.8822534,0.8228746,11.132537,1.7377572,7.3156805,0.0,14.226538,-9.27614,0.587963,71.61694,1.0,0.0,0.0,1.0,0.0,0,8.233705,8.750626,0.0,0.0,0.0,11.197421,0.0,0.5604359,0.0,10.216923
3,231,232.0,10.0,1.0,1.0,213.0,1.0,1.0,1.0,0.9327482,1.0,-0.0,0.0,-1.554251e-05,-0.067236274,0.453341,2.6154237,0.6985575,3.7232406,1.5378902,4.598671,0.0,10.961025,-8.658718,0.5231481,72.416245,1.0,0.0,0.0,1.0,0.0,0,13.543837,9.049966,0.435885,0.0,0.0,8.473816,2.293481,1.1970183,1.3269948,5.5753055
0,232,233.0,10.0,1.0,1.0,214.0,1.0,1.0,1.0,0.94447285,1.0,-0.0,0.0,-1.2839745e-05,-0.05551435,0.27295762,2.2886178,0.9532159,5.437739,1.3857495,5.3025827,0.0,12.9971,-3.119622,0.5416667,72.008125,1.0,0.0,0.0,1.0,0.0,0,13.7693405,7.5425143,0.3193028,0.0,0.0,8.815388,3.1428356,0.7106185,2.8191435,4.4410586
1,232,233.0,10.0,1.0,1.0,214.0,1.0,1.0,1.0,0.8418885,1.0,-0.0,0.0,-1.362845e-05,-0.15809785,0.35075155,2.257084,0.77019036,8.661847,1.7765363,4.8758216,0.0,14.7516985,-5.5710187,0.5555556,72.886246,1.0,0.0,0.0,1.0,0.0,0,9.8805685,7.861004,0.0,0.0,0.0,10.068008,0.0,0.49458963,0.0,10.01205
2,232,233.0,10.0,1.0,1.0,214.0,1.0,1.0,1.0,0.814732,1.0,-0.0,0.0,-1.5591431e-05,-0.18525237,0.4878603,2.061435,0.9272041,10.376057,1.7652113,7.343464,0.0,13.993152,-5.456443,0.6111111,72.04927,1.0,0.0,0.0,1.0,0.0,0,9.226755,8.710902,0.0,0.0,0.0,9.746837,0.0,0.15484416,0.0,9.440743
3,232,233.0,10.0,1.0,1.0,214.0,1.0,1.0,1.0,0.92044425,1.0,-0.00053228193,0.0,-1.2402767e-05,-0.07901108,0.4746169,3.0015967,0.7167363,4.4394627,1.6320887,3.796734,0.0,12.592989,-9.583385,0.5277778,72.940216,1.0,0.0,0.0,1.0,0.0,0,12.997177,9.381259,0.23230805,0.0,0.0,8.086173,2.648953,1.0905763,1.7780756,6.300717
0,233,234.0,10.0,1.0,1.0,215.0,1.0,1.0,1.0,0.9376075,1.0,-0.0,0.0,-1.3450427e-05,-0.062378973,0.17889068,2.317007,1.1060238,5.446372,1.393008,5.6318316,0.0,13.612406,-1.3133883,0.5416667,72.45828,1.0,0.0,0.0,1.0,0.0,0,14.455574,7.622318,0.36188385,0.0,0.0,9.381239,3.148412,0.6805001,3.645197,3.1338565
1,233,234.0,10.0,1.0,1.0,215.0,1.0,1.0,1.0,0.8335474,1.0,-0.0,0.0,-1.558885e-05,-0.16643696,0.3820859,2.4271517,0.8955052,8.93898,1.8062981,4.684691,0.0,15.653519,-2.877617,0.5601852,73.3601,1.0,0.0,0.0,1.0,0.0,0,9.773931,8.274164,0.0,0.0,0.0,9.72664,0.0,0.40768164,0.0,9.696016
2,233,234.0,10.0,1.0,1.0,215.0,1.0,1.0,1.0,0.81208897,1.0,-0.0,0.0,-1.3368352e-05,-0.18789771,0.5353656,2.1797483,0.97742605,10.362528,1.7881778,7.3394094,0.0,14.344455,-4.254753,0.625,72.37452,1.0,0.0,0.0,1.0,0.0,0,9.814776,8.581008,0.0,0.0,0.0,10.478779,0.0,0.39416924,0.0,10.271745
3,233,234.0,10.0,1.0,1.0,215.0,1.0,1.0,1.0,0.8598959,1.0,-0.054676645,0.0,-1.2259973e-05,-0.08541518,0.55899096,3.1640298,0.8202971,4.859899,1.6833214,3.5576653,0.0,12.759679,-7.0041113,0.537037,73.298065,1.0,0.0,0.0,1.0,0.0,0,12.865306,8.027697,0.28330475,0.0,0.0,6.6369886,2.395615,1.3193319,1.5918404,5.1098247
0,234,235.0,10.0,1.0,1.0,216.0,1.0,1.0,1.0,0.93096155,1.0,-0.0,0.0,-1.3812624e-05,-0.06902462,0.09862855,2.268313,1.1660215,5.842824,1.3861755,6.006183,0.0,14.276119,0.17329492,0.5416667,72.708496,1.0,0.0,0.0,1.0,0.0,0,15.474132,7.883382,0.70848054,0.0,0.0,9.294836,3.1463237,0.89562714,4.0551004,3.7469165
1,234,235.0,10.0,1.0,1.0,216.0,1.0,1.0,1.0,0.8365851,1.0,-0.0,0.0,-1.454605e-05,-0.16340035,0.33661127,2.508527,0.8840998,8.352339,1.8602241,4.2550573,0.0,14.131217,-1.2298734,0.5740741,73.45333,1.0,0.0,0.0,1.0,0.0,0,10.225399,9.585429,0.0,0.0,0.0,8.705477,0.0,0.8128386,0.0,10.044396
2,234,235.0,10.0,1.0,1.0,216.0,1.0,1.0,1.0,0.81347036,1.0,-0.0,0.0,-1.350644e-05,-0.1865161,0.56673586,2.257244,1.0536379,10.191552,1.7999219,6.975916,0.0,14.566738,-4.280497,0.625,72.527054,1.0,0.0,0.0,1.0,0.0,0,8.255939,10.597945,0.0,0.0,0.0,11.39712,0.0,0.37971357,0.17732286,9.69139
3,234,235.0,10.0,1.0,1.0,216.0,1.0,1.0,1.0,0.85404223,1.0,-0.0453931,0.0,-1.5559519e-05,-0.1005491,0.4163131,3.1361792,0.8815681,5.7632136,1.7026309,3.476426,0.0,13.523827,-4.1040425,0.5416667,73.518936,1.0,0.0,0.0,1.0,0.0,0,14.040939,8.16311,0.60153425,0.0,0.0,6.5185633,2.5114279,1.1715689,1.9873911,5.9423795
0,235,236.0,10.0,1.0,1.0,217.0,1.0,1.0,1.0,0.9046121,1.0,-0.0,0.0,-1.28830125e-05,-0.095375,0.061867014,2.6897628,1.2889894,6.360154,1.4740105,5.799511,0.0,14.947993,0.085489824,0.5462963,73.23066,1.0,0.0,0.0,1.0,0.0,0,12.877935,6.8066835,0.5128651,0.0,0.0,9.918171,3.1040761,0.62320787,3.7081861,5.362133
1,235,236.0,10.0,1.0,1.0,217.0,1.0,1.0,1.0,0.81889594,1.0,-0.0,0.0,-1.7381692e-05,-0.18108663,0.40664822,2.8340874,1.0814435,9.152401,1.8950396,4.8791924,0.0,16.028114,-3.109951,0.5787037,74.06479,1.0,0.0,0.0,1.0,0.0,0,9.779318,7.9103494,0.0,0.0,0.0,10.613655,0.0,0.7163273,0.0,10.85855
2,235,236.0,10.0,1.0,1.0,217.0,1.0,1.0,1.0,0.817191,1.0,-0.0,0.0,-1.33836975e-05,-0.18279557,0.4906807,2.5771642,1.1126852,9.938893,1.8038454,7.2404604,0.0,14.686926,-3.2243211,0.6296296,72.971504,1.0,0.0,0.0,1.0,0.0,0,11.72252,9.503906,0.0,0.0,0.0,9.6859865,0.0,0.55372006,0.71073025,11.65208
3,235,236.0,10.0,1.0,1.0,217.0,1.0,1.0,1.0,0.7035256,1.0,-0.17855534,0.0,-1.3239487e-05,-0.11790577,0.34007132,3.535666,0.96277446,6.5322933,1.7389404,4.014802,0.0,14.260586,-1.6732895,0.5462963,74.061745,1.0,0.0,0.0,1.0,0.0,0,12.045915,8.26267,0.34652293,0.0,0.0,7.0869055,2.1738074,1.5715379,2.1794958,7.5428185
0,236,237.0,10.0,1.0,1.0,218.0,1.0,1.0,1.0,0.8898319,1.0,-0.0,0.0,-1.38170835e-05,-0.110154286,0.010476261,2.4577966,1.3813308,6.8153243,1.4999034,5.605074,0.0,15.363186,0.5681189,0.5462963,73.46863,1.0,0.0,0.0,1.0,0.0,0,16.539217,9.658663,0.7744667,0.0,0.0,9.193281,3.5205169,1.092814,5.5850396,4.607889
1,236,237.0,10.0,1.0,1.0,218.0,1.0,1.0,1.0,0.818733,1.0,-0.0,0.0,-1.961727e-05,-0.18124741,0.33678895,2.7273004,1.0443592,8.961915,1.9217238,4.6119304,0.0,15.154765,-1.8218611,0.5787037,74.17408,1.0,0.0,0.0,1.0,0.0,0,11.70727,9.043405,0.0,0.0,0.0,9.851239,0.0,0.7629521,0.0,11.834281
2,236,237.0,10.0,1.0,1.0,218.0,1.0,1.0,1.0,0.81238186,1.0,-0.0,0.0,-2.2406624e-05,-0.18759574,0.52670187,2.5564542,1.1438226,10.006943,1.8331734,6.98534,0.0,14.7638035,-3.8733058,0.6296296,73.01953,1.0,0.0,0.0,1.0,0.0,0,8.233455,9.251449,0.0,0.0,0.0,10.419408,0.0,0.6180836,1.1194236,11.523314
3,236,237.0,10.0,1.0,1.0,218.0,1.0,1.0,1.0,0.75265056,1.0,-0.12788606,0.0,-1.1662514e-05,-0.11945171,0.3240112,3.3836582,0.97046363,6.5166893,1.7533884,3.960027,0.0,14.19716,-1.6213977,0.5462963,74.225136,1.0,0.0,0.0,1.0,0.0,0,14.820586,8.531967,0.8246131,0.0,0.0,6.2068496,2.6072192,1.4976181,3.257094,6.830969
0,237,238.0,10.0,1.0,1.0,219.0,1.0,1.0,1.0,0.86465156,1.0,-0.0,0.0,-1.4592318e-05,-0.1353338,0.09739008,2.8476787,1.5094459,6.792534,1.5732245,5.117593,0.0,15.377991,-1.1918852,0.5462963,73.78328,1.0,0.0,0.0,1.0,0.0,0,14.6795635,8.923026,0.5896962,0.0,0.0,8.798149,2.9863873,0.82621914,4.775999,6.148363
1,237,238.0,10.0,1.0,1.0,219.0,1.0,1.0,1.0,0.7679332,1.0,-0.03599748,0.0,-1.714698e-05,-0.19605212,0.3875386,3.1079924,1.1726474,9.607175,1.954127,4.7081957,0.0,16.365356,-3.4351203,0.5833333,74.60771,1.0,0.0,0.0,1.0,0.0,0,10.228556,8.307617,0.0,0.0,0.0,11.476883,0.0,0.7753817,0.0,11.568086
2,237,238.0,10.0,1.0,1.0,219.0,1.0,1.0,1.0,0.80337197,1.0,-0.0,0.0,-1.5415942e-05,-0.19661258,0.46954155,2.921578,1.1710039,10.127757,1.8891996,6.697443,0.0,15.036614,-3.8536978,0.6388889,73.30231,1.0,0.0,0.0,1.0,0.0,0,9.798906,9.177066,0.0,0.0,0.0,12.841056,0.0,0.5279791,0.5759955,13.133513
3,237,238.0,10.0,1.0,1.0,219.0,1.0,1.0,1.0,0.6081111,1.0,-0.25141197,0.0,-1.8576866e-05,-0.14045836,0.24468991,3.7542357,1.0556015,7.50143,1.7901428,4.2279253,0.0,15.028661,-0.7744296,0.5601852,74.62618,1.0,0.0,0.0,1.0,0.0,0,13.011105,7.350981,0.25390312,0.0,0.0,9.279693,1.8591777,0.8519197,2.2184184,8.670705
0,238,239.0,10.0,1.0,1.0,220.0,1.0,1.0,1.0,0.84674394,1.0,-0.0,0.0,-1.5456497e-05,-0.15324059,0.036252104,2.786882,1.608084,8.135882,1.6178406,4.7737546,0.0,16.668951,-1.2103739,0.5601852,74.1258,1.0,0.0,0.0,1.0,0.0,0,15.061245,8.212134,0.64906955,0.0,0.0,9.597047,2.786911,0.66891044,5.54552,5.6362915
1,238,239.0,10.0,1.0,1.0,220.0,1.0,1.0,1.0,0.7717781,1.0,-0.036584277,0.0,-1.6246106e-05,-0.19162133,0.15206821,3.1097527,1.1643827,9.084951,1.9883103,4.439286,0.0,15.396538,-0.56775475,0.5972222,74.84251,1.0,0.0,0.0,1.0,0.0,0,10.687571,9.405637,0.0,0.0,0.6917909,9.314498,0.0,0.7602465,0.0,12.473375
2,238,239.0,10.0,1.0,1.0,220.0,1.0,1.0,1.0,0.80186236,1.0,-0.0,0.0,-1.591538e-05,-0.19812173,0.49475506,2.9444542,1.2531011,9.933766,1.9271383,6.690073,0.0,14.985441,-4.3539557,0.6481481,73.54879,1.0,0.0,0.0,1.0,0.0,0,11.465319,6.8408556,0.0,0.0,0.0103848195,12.520511,0.0,0.78204745,1.5800737,12.314531
3,238,239.0,10.0,1.0,1.0,220.0,1.0,1.0,1.0,0.6008102,1.0,-0.23831011,0.0,-1.8214067e-05,-0.16086145,0.20712018,3.7149303,1.1204793,8.453955,1.8263642,4.1881127,0.0,15.698931,-1.2236997,0.5694444,74.95122,1.0,0.0,0.0,1.0,0.0,0,13.34041,7.842519,0.93902266,0.0,0.0,7.4085574,2.4573562,1.1807742,3.1038196,7.89707
0,239,240.0,10.0,1.0,1.0,221.0,1.0,1.0,1.0,0.8321978,1.0,-0.0,0.0,-1.608621e-05,-0.16778612,0.008802861,2.9823349,1.6517954,8.258017,1.6904936,4.4145284,0.0,16.72749,-1.9993213,0.5648148,74.257225,1.0,0.0,0.0,1.0,0.0,0,15.756664,9.239664,0.59450084,0.0,0.0,9.076227,2.825002,0.826145,5.6716185,6.473542
1,239,240.0,10.0,1.0,1.0,221.0,1.0,1.0,1.0,0.676881,1.0,-0.11400351,0.0,-1.4180803e-05,-0.20910126,0.38699657,3.3420105,1.2902888,9.74485,2.0401633,4.5870795,0.0,16.22491,-4.4765453,0.6018519,75.07969,1.0,0.0,0.0,1.0,0.0,0,10.499675,8.969399,0.0,0.0,0.0,8.51865,0.0,0.84526205,0.0,11.898547
2,239,240.0,10.0,1.0,1.0,221.0,1.0,1.0,1.0,0.7644189,1.0,-0.026975138,0.0,-1.6637165e-05,-0.20858932,0.37534666,3.0809255,1.2891963,10.24218,1.9697571,6.628687,0.0,15.638945,-4.0309725,0.6527778,73.76184,1.0,0.0,0.0,1.0,0.0,0,11.321371,9.015505,0.0,0.0,0.0,11.922642,0.0,0.76824653,1.352971,12.625347
3,239,240.0,10.0,1.0,1.0,221.0,1.0,1.0,1.0,0.5329394,1.0,-0.2852253,0.0,-2.0086562e-05,-0.18181525,0.24246164,3.855676,1.2655218,9.537594,1.8495094,4.515348,0.0,16.572996,-2.6596146,0.5787037,75.29659,1.0,0.0,0.0,1.0,0.0,0,11.131798,8.924214,1.1092381,0.0,0.0,8.41684,2.240868,0.8427547,3.0642722,9.4996805
0,240,241.0,10.0,1.0,1.0,222.0,1.0,1.0,1.0,0.7496117,1.0,-0.06406649,0.0,-1.4592512e-05,-0.18630725,0.104675815,3.1921995,1.710636,8.963313,1.7798219,4.3235016,0.0,17.370169,-1.6822209,0.5694444,74.58159,1.0,0.0,0.0,1.0,0.0,0,15.769471,9.444738,0.53630626,0.0,0.0,10.056627,2.5453095,0.97292024,5.5052805,8.058803
1,240,241.0,10.0,1.0,1.0,222.0,1.0,1.0,1.0,0.620859,1.0,-0.1657427,0.0,-1.2414396e-05,-0.21338591,0.17948076,3.4972281,1.3359545,10.143222,2.0213242,5.4851933,0.0,16.792719,-3.3993711,0.6018519,75.476906,1.0,0.0,0.0,1.0,0.0,0,11.387067,8.560206,0.0,0.0,0.0,10.538414,0.0,0.70752984,0.0,14.434082
2,240,241.0,10.0,1.0,1.0,222.0,1.0,1.0,1.0,0.68205404,1.0,-0.10875023,0.0,-1.6467437e-05,-0.20917928,0.25799274,3.3262506,1.3398845,10.261903,1.971847,7.3733726,0.0,15.749427,-3.123079,0.6527778,74.13575,1.0,0.0,0.0,1.0,0.0,0,10.33277,9.542698,0.0,0.0,4.1260214,12.811905,0.0,0.7789519,1.4065664,13.892947
3,240,241.0,10.0,1.0,1.0,222.0,1.0,1.0,1.0,0.43964922,1.0,-0.367758,0.0,-1.304001e-05,-0.19257967,0.1529634,4.103274,1.3142825,10.028612,1.8701557,5.2028637,0.0,16.713432,-2.138878,0.5833333,75.60052,1.0,0.0,0.0,1.0,0.0,0,12.404812,7.375094,0.5310608,0.0,0.0,9.301539,2.1340632,0.56984097,2.7356632,10.547073
0,241,242.0,10.0,1.0,1.0,223.0,1.0,1.0,1.0,0.67918885,1.0,-0.10956284,0.0,-1.7549355e-05,-0.21123081,0.13644788,3.3286884,1.8208894,9.827887,1.868957,4.7835846,0.0,18.094938,-2.6819544,0.5787037,74.907036,1.0,0.0,0.0,1.0,0.0,0,16.325472,10.328494,0.60283655,0.0,0.0,10.803506,2.452965,0.9425066,7.811755,11.071627
1,241,242.0,10.0,1.0,1.0,223.0,1.0,1.0,1.0,0.59182566,1.0,-0.18735757,0.0,-1.8327755e-05,-0.22079849,0.039487332,3.5620728,1.400766,10.739308,2.0011466,6.251118,0.0,17.587772,-2.931241,0.6111111,75.86147,1.0,0.0,0.0,1.0,0.0,0,13.04099,7.947902,0.0,0.0,0.0,11.046088,0.0,1.3935571,1.0748625,16.447248
2,241,242.0,10.0,1.0,1.0,223.0,1.0,1.0,1.0,0.620942,1.0,-0.16228315,0.0,-1.7022956e-05,-0.21675774,0.24309643,3.4868493,1.405771,10.392587,2.0150504,8.052462,0.0,15.9067,-3.462664,0.6666667,74.4347,1.0,0.0,0.0,1.0,0.0,0,12.0149765,9.489637,0.0,0.0,7.344786,12.447487,0.0,1.0841348,2.2794402,15.538869
3,241,242.0,10.0,1.0,1.0,223.0,1.0,1.0,1.0,0.39269838,1.0,-0.39293712,0.0,-1.720299e-05,-0.21434727,0.048930943,4.178811,1.4053078,11.013178,1.9130211,5.8671637,0.0,17.41516,-2.2993228,0.5972222,75.964554,1.0,0.0,0.0,1.0,0.0,0,13.880849,7.8421392,0.6706295,0.0,0.0,6.968413,1.857762,1.004812,3.6647973,11.049319
0,242,243.0,10.0,1.0,1.0,224.0,1.0,1.0,1.0,0.635921,1.0,-0.14175816,0.0,-1.6994169e-05,-0.22230388,0.17708987,3.4252744,1.8993981,10.292254,1.8790329,5.5315323,0.0,18.48474,-3.1356294,0.5833333,75.180115,1.0,0.0,0.0,1.0,0.0,0,16.872942,10.960205,0.681556,0.0,0.0,11.003966,2.1729996,1.1079998,8.899727,12.324615
1,242,243.0,10.0,1.0,1.0,224.0,1.0,1.0,1.0,0.54330856,1.0,-0.22246608,0.0,-1.8348637e-05,-0.23420699,0.05831942,3.6673982,1.508466,11.4978,2.0072825,6.7762585,0.0,18.56704,-4.167271,0.6203704,76.189896,1.0,0.0,0.0,1.0,0.0,0,14.006133,7.839331,0.0,0.0,0.0,10.920626,0.0,1.631692,1.8954852,17.808846
2,242,243.0,10.0,1.0,1.0,224.0,1.0,1.0,1.0,0.58750564,1.0,-0.19809511,0.0,-1.737286e-05,-0.21438193,0.27473122,3.5942852,1.4699733,10.49816,1.9819673,8.716935,0.0,16.154015,-3.6368022,0.6759259,74.689125,1.0,0.0,0.0,1.0,0.0,0,12.060549,8.943356,0.0,0.0,1.6676528,6.9375205,0.0,0.9629325,2.5745497,15.3924265
3,242,243.0,10.0,1.0,1.0,224.0,1.0,1.0,1.0,0.36224568,1.0,-0.40853366,0.0,-1.741455e-05,-0.22920322,0.020143948,4.2256007,1.5204384,11.769596,1.9310127,6.470743,0.0,17.878273,-2.6365788,0.6111111,76.28117,1.0,0.0,0.0,1.0,0.0,0,13.805578,7.341055,0.7412487,0.0,0.0,6.436189,1.5085472,0.874136,4.0180984,12.296287
0,243,244.0,10.0,1.0,1.0,225.0,1.0,1.0,1.0,0.6057441,1.0,-0.16333206,0.0,-1.7267723e-05,-0.23090658,0.21492355,3.4899962,1.9705998,10.753896,1.8766528,6.3467193,0.0,18.897377,-3.6158426,0.5833333,75.41264,1.0,0.0,0.0,1.0,0.0,0,15.522362,10.855322,0.8975627,0.0,0.0,10.511528,2.0361655,1.3314037,9.978481,14.5500765
1,243,244.0,10.0,1.0,1.0,225.0,1.0,1.0,1.0,0.5391928,1.0,-0.23626816,0.0,-1.8738316e-05,-0.22452033,0.039393455,3.7088044,1.4417512,10.637963,2.044434,7.9536047,0.0,17.55389,-3.2996218,0.6203704,76.36287,1.0,0.0,0.0,1.0,0.0,0,16.536793,8.518838,0.0,0.0,0.0,11.301049,0.0,2.019855,2.2220378,18.461954
2,243,244.0,10.0,1.0,1.0,225.0,1.0,1.0,1.0,0.5868823,1.0,-0.19949867,0.0,-1.783977e-05,-0.21360123,0.22899583,3.598496,1.5643839,10.477685,1.9784517,9.3375845,0.0,16.338097,-3.916731,0.6759259,74.95737,1.0,0.0,0.0,1.0,0.0,0,13.584518,8.849459,0.0,0.0,0.5484648,11.351741,0.0,2.0358217,3.1794987,16.442818
3,243,244.0,10.0,1.0,1.0,225.0,1.0,1.0,1.0,0.34760135,1.0,-0.4102171,0.0,-1.746812e-05,-0.24216408,0.013107061,4.2306514,1.6255462,12.569754,1.9280121,7.0400624,0.0,18.333103,-2.588637,0.6157407,76.55417,1.0,0.0,0.0,1.0,0.0,0,14.402298,8.280262,0.8200759,0.0,0.0,5.1463385,1.3016924,0.89204395,4.916088,14.745082
0,244,245.0,10.0,1.0,1.0,226.0,1.0,1.0,1.0,0.77287626,1.0,-0.0,0.0,-1.766238e-05,-0.2271061,0.2606172,3.5164752,1.9553632,10.936968,1.8614856,7.2219386,0.0,19.180325,-5.7247505,0.587963,75.58177,1.0,0.0,0.0,1.0,0.0,0,13.514408,8.2777605,0.7509042,0.0,0.0,10.683217,1.790744,1.4684898,10.359913,15.950864
1,244,245.0,10.0,1.0,1.0,226.0,1.0,1.0,1.0,0.7602309,1.0,-0.0,0.0,-2.1275959e-05,-0.23974785,0.0074625015,3.753643,1.4868164,11.70098,2.0245187,9.041814,0.0,18.820326,-4.667711,0.625,76.59369,1.0,0.0,0.0,1.0,0.0,0,13.777814,8.888193,0.0,0.0,0.0,12.607341,0.0,1.7443095,2.0822172,20.016773
2,244,245.0,10.0,1.0,1.0,226.0,1.0,1.0,1.0,0.7801434,1.0,-0.0,0.0,-1.7439203e-05,-0.21983914,0.17024261,3.645907,1.6312726,11.004775,1.9580762,9.816797,0.0,17.137009,-4.401059,0.6851852,75.16623,1.0,0.0,0.0,1.0,0.0,0,13.62738,9.595074,0.0,0.0,0.0,12.695013,0.0,1.9598194,4.1157336,18.920221
3,244,245.0,10.0,1.0,1.0,226.0,1.0,1.0,1.0,0.752483,1.0,-0.0,0.0,-1.888622e-05,-0.24749812,0.054070726,4.235556,1.6912209,13.066959,1.9043902,7.66657,0.0,18.73158,-2.8207889,0.6203704,76.768196,1.0,0.0,0.0,1.0,0.0,0,15.559377,9.51656,0.87218916,0.0,0.0,5.515297,1.0119334,1.1990359,5.2204432,17.086073
0,245,246.0,10.0,1.0,1.0,227.0,1.0,1.0,1.0,0.60201395,1.0,-0.16376941,0.0,-1.6719981e-05,-0.2341999,0.28562248,3.4913082,1.9922075,11.1199255,1.8813915,8.041949,0.0,19.416794,-8.377078,0.5925926,75.78417,1.0,0.0,0.0,1.0,0.0,0,12.408506,8.934624,1.1304992,0.0,0.0,9.812032,1.7306302,1.2206914,10.158984,15.404285
1,245,246.0,10.0,1.0,1.0,227.0,1.0,1.0,1.0,0.5119118,1.0,-0.24969833,0.0,-2.0428657e-05,-0.23836939,0.023402274,3.749095,1.5324863,11.533068,2.0358794,10.383684,0.0,18.832094,-5.5954766,0.6342593,76.77659,1.0,0.0,0.0,1.0,0.0,0,13.565233,9.565918,0.0,0.0,0.0,11.990455,0.0,2.0599015,2.3680222,20.574099
2,245,246.0,10.0,1.0,1.0,227.0,1.0,1.0,1.0,0.5458765,1.0,-0.22672087,0.0,-2.017954e-05,-0.22738242,0.18812306,3.6801624,1.6945882,11.733701,1.9212325,10.496667,0.0,18.070646,-6.43252,0.6898148,75.31638,1.0,0.0,0.0,1.0,0.0,0,13.596912,8.902703,0.0,0.0,0.0,14.624932,0.0,1.5080496,5.170912,20.53797
3,245,246.0,10.0,1.0,1.0,227.0,1.0,1.0,1.0,0.32587442,1.0,-0.42104205,0.0,-1.7966622e-05,-0.25306556,0.02788268,4.263126,1.7043207,13.265117,1.9225088,8.374258,0.0,18.996668,-5.037093,0.625,76.90854,1.0,0.0,0.0,1.0,0.0,0,14.160626,8.125547,1.1733594,0.0,0.0,7.7436943,1.2030314,1.3850079,4.754517,15.517961
0,246,247.0,10.0,1.0,1.0,228.0,1.0,1.0,1.0,0.5964066,1.0,-0.17283466,0.0,-1.9779503e-05,-0.23073897,0.28313324,3.518504,1.9914949,11.23655,1.8544167,9.195446,0.0,19.392813,-9.091635,0.5972222,75.96601,1.0,0.0,0.0,1.0,0.0,0,11.727858,8.099663,0.8001595,0.0,0.0,11.90227,1.8815238,1.0407656,11.711551,17.499641
1,246,247.0,10.0,1.0,1.0,228.0,1.0,1.0,1.0,0.49075386,1.0,-0.25310102,0.0,-2.1921358e-05,-0.25612321,0.006400794,3.7593029,1.5292354,12.908306,1.9945446,11.33083,0.0,20.317682,-9.030506,0.6388889,76.93499,1.0,0.0,0.0,1.0,0.0,0,13.961525,9.8153305,0.0,0.0,0.0,11.882714,0.0,1.643845,2.1406791,14.00317
2,246,247.0,10.0,1.0,1.0,228.0,1.0,1.0,1.0,0.5550419,1.0,-0.2240625,0.0,-2.129674e-05,-0.22087431,0.13958961,3.6721873,1.7663422,11.314213,1.9250993,11.229292,0.0,17.825735,-7.610731,0.6898148,75.48915,1.0,0.0,0.0,1.0,0.0,0,12.867852,8.923809,0.0,0.0,0.0,14.03233,0.0,1.8916935,5.4853387,21.60053
3,246,247.0,10.0,1.0,1.0,228.0,1.0,1.0,1.0,0.33501872,1.0,-0.40918782,0.0,-2.0435951e-05,-0.25577304,0.108063035,4.2275634,1.7347739,13.519858,1.9102031,9.120499,0.0,19.381857,-5.6460433,0.6296296,77.111885,1.0,0.0,0.0,1.0,0.0,0,14.856885,6.1863713,1.1826779,0.0,0.0,10.613801,0.8013459,1.1336032,6.302079,17.16579
0,247,248.0,10.0,1.0,1.0,229.0,1.0,1.0,1.0,0.5961015,1.0,-0.17542312,0.0,-2.2192418e-05,-0.22845313,0.3739871,3.5262692,1.9793198,11.398089,1.8483052,10.038922,0.0,19.612492,-8.981556,0.6111111,76.19298,1.0,0.0,0.0,1.0,0.0,0,10.2239485,6.9083104,0.90727264,0.0,0.0,9.497115,1.6951107,0.8609059,10.826997,18.139036
1,247,248.0,10.0,1.0,1.0,229.0,1.0,1.0,1.0,0.47901905,1.0,-0.25615078,0.0,-2.4503946e-05,-0.26480567,0.055406615,3.7684522,1.4631022,13.018186,1.9786487,12.870152,0.0,20.39864,-9.532442,0.6435185,77.12257,1.0,0.0,0.0,1.0,0.0,0,11.629443,9.440864,0.0,0.0,0.0,8.847865,0.0,1.9499291,2.6954172,14.735175
2,247,248.0,10.0,1.0,1.0,229.0,1.0,1.0,1.0,0.5445024,1.0,-0.22231795,0.0,-2.0459209e-05,-0.23315924,0.05464945,3.6669538,1.7685169,12.311745,1.8903745,11.49398,0.0,19.077892,-9.061118,0.6898148,75.66308,1.0,0.0,0.0,1.0,0.0,0,11.616328,9.583214,0.0,0.0,0.0,13.79355,0.0,1.1635824,5.614389,19.0466
3,247,248.0,10.0,1.0,1.0,229.0,1.0,1.0,1.0,0.32125515,1.0,-0.41145378,0.0,-1.914131e-05,-0.26727194,0.12773144,4.234361,1.8172519,14.336351,1.8933285,9.857504,0.0,20.0948,-9.003668,0.6342593,77.27333,1.0,0.0,0.0,1.0,0.0,0,12.297539,8.526959,1.6098167,0.0,0.0,8.989242,1.4819713,1.5518497,5.9800525,20.231283
0,248,249.0,10.0,1.0,1.0,230.0,1.0,1.0,1.0,0.58879364,1.0,-0.18338977,0.0,-2.655562e-05,-0.22778997,0.4357569,3.5501692,1.9467188,11.571751,1.7861048,11.567007,0.0,19.701962,-8.790155,0.625,76.43897,1.0,0.0,0.0,1.0,0.0,0,9.074624,7.5053263,0.69236195,0.0,0.0,9.551604,2.0741663,1.4023215,10.813797,17.428978
1,248,249.0,10.0,1.0,1.0,230.0,1.0,1.0,1.0,0.44718882,1.0,-0.2656257,0.0,-2.4715551e-05,-0.28716072,0.13941117,3.796877,1.4072821,13.188611,1.9324198,14.04103,0.0,20.45932,-9.483396,0.6435185,77.305374,1.0,0.0,0.0,1.0,0.0,0,10.913284,10.544268,0.0,0.0,0.0,6.739399,0.0,2.7105718,3.5912926,15.806353
2,248,249.0,10.0,1.0,1.0,230.0,1.0,1.0,1.0,0.5145061,1.0,-0.24083537,0.0,-2.2358245e-05,-0.24463616,0.017055124,3.722506,1.7275777,12.829563,1.8623056,11.848605,0.0,19.577961,-9.4612255,0.6944444,75.805115,1.0,0.0,0.0,1.0,0.0,0,12.982352,9.433209,0.0,0.0,0.0,14.573505,0.0,1.0586358,6.8485246,18.88986
3,248,249.0,10.0,1.0,1.0,230.0,1.0,1.0,1.0,0.33310068,1.0,-0.41422865,0.0,-2.3025796e-05,-0.25264764,0.22448674,4.242686,1.7773848,13.900626,1.8344309,10.987952,0.0,20.094048,-9.253293,0.6342593,77.50558,1.0,0.0,0.0,1.0,0.0,0,8.003891,7.752312,1.7190713,0.0,0.0,9.154312,0.9935675,1.5845796,6.918329,15.857332
0,249,250.0,10.0,1.0,1.0,231.0,1.0,1.0,1.0,0.54468834,1.0,-0.20223317,0.0,-3.1599116e-05,-0.25304684,0.50779766,3.6066995,1.893352,11.241503,1.7168939,13.482671,0.0,19.40361,-8.256501,0.6296296,76.695114,1.0,0.0,0.0,1.0,0.0,0,5.641122,7.153233,0.35447937,0.0,0.0,8.230128,2.3354752,1.3482739,10.872492,14.584198
1,249,250.0,10.0,1.0,1.0,231.0,1.0,1.0,1.0,0.40741152,1.0,-0.28541505,0.0,-2.8079803e-05,-0.30714536,0.1999814,3.856245,1.3715723,13.292467,1.8968765,15.136253,0.0,20.499586,-9.981993,0.6481481,77.46257,1.0,0.0,0.0,1.0,0.0,0,10.4233265,10.047513,0.0,0.0,0.0,6.4203863,0.0,1.9459587,4.3247476,16.529129
2,249,250.0,10.0,1.0,1.0,231.0,1.0,1.0,1.0,0.48602524,1.0,-0.26261503,0.0,-2.5230973e-05,-0.25133452,0.0852406,3.787845,1.6768217,12.913896,1.8595114,12.166174,0.0,19.588108,-9.417481,0.6990741,75.958015,1.0,0.0,0.0,1.0,0.0,0,14.396351,9.3770485,0.0,0.0,0.0,13.38063,0.0,1.14828,6.307147,15.554431
3,249,250.0,10.0,1.0,1.0,231.0,1.0,1.0,1.0,0.33424145,1.0,-0.41120705,0.0,-3.1236697e-05,-0.25452024,0.39024317,4.233621,1.7356198,13.28562,1.7924488,11.985592,0.0,19.934315,-8.076794,0.6388889,77.8114,1.0,0.0,0.0,1.0,0.0,0,7.7502303,5.6671925,0.6491891,0.0,0.0,7.8194027,1.1211503,1.6076022,8.020802,13.517779
0,250,251.0,10.0,1.0,1.0,232.0,1.0,1.0,1.0,0.48055196,1.0,-0.23812659,0.0,-3.4179146e-05,-0.2812873,0.5802326,3.7143798,1.7715517,10.17693,1.7211199,16.0906,0.0,18.401598,-8.126968,0.6342593,77.0186,1.0,0.0,0.0,1.0,0.0,0,5.679119,5.6569676,0.21233335,0.0,0.0,9.142894,2.6249318,2.8050306,9.166737,18.539644
1,250,251.0,10.0,1.0,1.0,232.0,1.0,1.0,1.0,0.3519411,1.0,-0.30680293,0.0,-3.2621032e-05,-0.34122336,0.27131885,3.9204087,1.2860804,13.879274,1.8425424,16.594126,0.0,20.801174,-10.133173,0.6527778,77.62022,1.0,0.0,0.0,1.0,0.0,0,10.525575,9.844754,0.0,0.0,0.0,5.356249,0.0,2.6138227,5.4759283,17.426361
2,250,251.0,10.0,1.0,1.0,232.0,1.0,1.0,1.0,0.4402015,1.0,-0.28179407,0.0,-2.6152193e-05,-0.27797827,0.16834977,3.8453822,1.5337584,13.592661,1.8183643,13.086034,0.0,19.899828,-9.405144,0.6990741,76.119415,1.0,0.0,0.0,1.0,0.0,0,13.734016,9.64073,0.0,0.0,0.0,11.5459795,0.0,1.9922143,5.977411,13.076615
3,250,251.0,10.0,1.0,1.0,232.0,1.0,1.0,1.0,0.28638884,1.0,-0.43736356,0.0,-3.023935e-05,-0.27621737,0.48076212,4.3120904,1.621023,12.763246,1.7338538,13.809794,0.0,19.675322,-7.9558005,0.6435185,78.094795,1.0,0.0,0.0,1.0,0.0,0,7.2972813,4.715576,0.0,0.0,0.0,7.0248723,2.2937088,2.2479882,9.932595,15.252003
0,251,252.0,10.0,1.0,1.0,233.0,1.0,1.0,1.0,-9.254593,1.0,-0.254554,-10.0,-3.912989e-05,-0.0,0.55060834,3.7636619,1.6808854,8.355622,1.7037952,20.989876,0.0,16.54944,-7.824177,0.6435185,77.35121,1.0,1.0,1.0,1.0,0.0,1,6.720128,6.0694127,0.61625916,0.0,0.0,3.609293,1.379641,1.5023906,4.401397,19.821243
1,251,252.0,10.0,1.0,1.0,233.0,1.0,1.0,1.0,0.3211317,1.0,-0.30441228,0.0,-3.6531936e-05,-0.3744195,0.42772144,3.9132369,1.1994666,13.5792055,1.8265266,18.885963,0.0,19.855001,-8.212394,0.6574074,77.850006,1.0,0.0,0.0,1.0,0.0,0,7.5486593,11.474693,0.0,0.0,1.8749925,6.241807,0.0,2.4804287,5.910008,29.953234
2,251,252.0,10.0,1.0,1.0,233.0,1.0,1.0,1.0,0.40314454,1.0,-0.28721374,0.0,-3.0180592e-05,-0.30961156,0.26437902,3.8616412,1.4102111,13.955888,1.7773582,14.620805,0.0,19.741743,-9.747679,0.7083333,76.32883,1.0,0.0,0.0,1.0,0.0,0,9.995854,11.21073,0.0,0.0,0.0,9.043939,0.0,3.7211716,8.21365,16.102657
3,251,252.0,10.0,1.0,1.0,233.0,1.0,1.0,1.0,0.23955467,1.0,-0.46197766,0.0,-3.4031884e-05,-0.29843363,0.56654066,4.385933,1.4767344,11.837881,1.6600245,16.068134,0.0,19.165653,-8.260991,0.6435185,78.3405,1.0,0.0,0.0,1.0,0.0,0,5.938904,4.6761565,0.11842415,0.0,0.0,6.383711,2.6284342,2.2025821,12.41961,16.036394
1,252,253.0,10.0,1.0,1.0,234.0,1.0,1.0,1.0,-9.308746,1.0,-0.3087062,-10.0,-4.05143e-05,-0.0,0.40886962,3.9261184,0.9995452,15.296742,1.7586046,23.212616,0.0,20.231005,-8.397616,0.6574074,78.03232,1.0,1.0,1.0,1.0,0.0,1,6.030187,13.038062,0.0,0.0,4.7438846,4.3110867,0.0,1.6474446,3.680322,13.878053
2,252,253.0,10.0,1.0,1.0,234.0,1.0,1.0,1.0,0.35958105,1.0,-0.2995483,0.0,-3.3953034e-05,-0.3408367,0.33644402,3.898645,1.2599053,14.385585,1.732852,16.064615,0.0,19.383894,-9.776726,0.7083333,76.50745,1.0,0.0,0.0,1.0,0.0,0,9.642858,10.650215,0.0,0.0,0.0,7.985289,0.0,4.2005367,9.059577,15.799746
3,252,253.0,10.0,1.0,1.0,234.0,1.0,1.0,1.0,0.19750112,1.0,-0.4848255,0.0,-3.736852e-05,-0.317636,0.60743165,4.4544764,1.4068627,10.646359,1.6094278,18.4118,0.0,18.37541,-8.19891,0.6435185,78.55457,1.0,0.0,0.0,1.0,0.0,0,5.8167157,5.8493686,0.26225615,0.0,0.0,2.494363,1.2469956,2.5680864,11.450446,16.414026
2,253,254.0,10.0,1.0,1.0,235.0,1.0,1.0,1.0,0.6329757,1.0,-0.0,0.0,-3.6258694e-05,-0.36698806,0.36583656,3.9366505,1.0405093,14.026941,1.69328,17.99234,0.0,17.48455,-8.35372,0.712963,76.810875,1.0,0.0,0.0,1.0,0.0,0,3.4644043,7.487435,0.0,0.0,5.9902325,6.7721305,0.0,5.626567,9.541889,18.433903
3,253,254.0,10.0,1.0,1.0,235.0,1.0,1.0,1.0,-9.000038,1.0,-0.0,-10.0,-3.8461938e-05,-0.0,0.64866614,4.4474354,1.3696128,8.493063,1.592711,22.258636,0.0,16.676058,-8.025132,0.6481481,78.858406,1.0,1.0,1.0,1.0,0.0,1,7.640153,4.829484,0.32407773,0.0,0.0,6.74718,2.705499,1.779435,5.6340513,16.18357
2,254,255.0,10.0,1.0,1.0,236.0,1.0,1.0,1.0,-9.283246,1.0,-0.28319675,-10.0,-4.9427308e-05,-0.0,0.3066525,3.8495903,0.71996844,15.720149,1.6534867,21.288029,0.0,16.545938,-8.307,0.7175926,77.19042,1.0,1.0,1.0,1.0,0.0,1,6.0087066,12.247477,0.0,0.0,6.717023,4.7994285,0.0,6.248876,6.6599894,13.062686
