env,step,row,release_row,pinned,released,reward,r_contact,r_hold,r_bonus,r_act,r_cross,cross,cross_any,c_plate,c_sponge,dp_plate_cm,dr_plate_deg,dp_sponge_cm,dr_sponge_deg,within,plate_ok,sponge_ok,cert,cert_run,new_cert,dropped,drop_plate,drop_sponge,new_drop,success,done,act_abs_mean,res_arm_max_rad,res_fin_max_rad,F_L_thumb,F_L_index,F_L_middle,F_L_ring,F_L_pinky,F_R_thumb,F_R_index,F_R_middle,F_R_ring,F_R_pinky,gapL_idx_mid_cm,gapL_mid_ring_cm,gapL_ring_pinky_cm,d3L_idx_mid_cm,d3L_mid_ring_cm,d3L_ring_pinky_cm,gapR_idx_mid_cm,gapR_mid_ring_cm,gapR_ring_pinky_cm,d3R_idx_mid_cm,d3R_mid_ring_cm,d3R_ring_pinky_cm
0,0,1,31,1,0.0,-5.8634538e-05,0.0,0.0,0.0,-5.8634538e-05,-0.0,0.0,0.0,0.0,0.0,0.017035007,0.055952907,0.017035007,0.03956468,1.0,0.0,0.0,0.0,0.0,0.0,0.0,0.0,0.0,0.0,0.0,0,0.18915269,0.0018109615,0.018558975,0.0,0.0,0.0,0.0,0.0,0.0,0.0,0.0,0.0,0.0,2.2565062,2.0627275,3.7762272,2.2612178,2.2441058,4.125465,2.1209457,3.3154867,1.7449989,2.37035,3.3364937,2.155764
1,0,1,33,1,0.0,-5.873772e-05,0.0,0.0,0.0,-5.873772e-05,-0.0,0.0,0.0,0.0,0.0,0.017035007,0.055952907,0.017035007,0.03956468,1.0,0.0,0.0,0.0,0.0,0.0,0.0,0.0,0.0,0.0,0.0,0,0.1893266,0.0018126363,0.018579658,0.0,0.0,0.0,0.0,0.0,0.0,0.0,0.0,0.0,0.0,2.256446,2.0627265,3.7761981,2.261157,2.2441113,4.125444,2.1209433,3.3154407,1.7450608,2.3703227,3.3364542,2.155871
2,0,1,33,1,0.0,-5.8721576e-05,0.0,0.0,0.0,-5.8721576e-05,-0.0,0.0,0.0,0.0,0.0,0.017035007,0.055952907,0.01703501,0.03956468,1.0,0.0,0.0,0.0,0.0,0.0,0.0,0.0,0.0,0.0,0.0,0,0.18931092,0.00181213,0.018578278,0.0,0.0,0.0,0.0,0.0,0.0,0.0,0.0,0.0,0.0,2.2564702,2.062729,3.7762046,2.2611818,2.244107,4.1254487,2.1209664,3.3154159,1.7450757,2.3703494,3.3364263,2.1558824
3,0,1,32,1,0.0,-5.8694826e-05,0.0,0.0,0.0,-5.8694826e-05,-0.0,0.0,0.0,0.0,0.0,0.017035007,0.055952907,0.01703501,0.03956468,1.0,0.0,0.0,0.0,0.0,0.0,0.0,0.0,0.0,0.0,0.0,0,0.18924813,0.0018120708,0.01857007,0.0,0.0,0.0,0.0,0.0,0.0,0.0,0.0,0.0,0.0,2.2564735,2.0627103,3.7762072,2.2611845,2.2440908,4.125447,2.1209538,3.315462,1.7450266,2.3703363,3.3364718,2.1558223
0,1,2,31,1,0.0,0.033267472,0.033333335,0.0,0.0,-6.586366e-05,-0.0,0.0,0.0,0.33333334,0.0,0.014953567,0.055952907,0.017035007,0.03956468,1.0,0.0,0.0,0.0,0.0,0.0,0.0,0.0,0.0,0.0,0.0,0,0.20082304,0.0036162473,0.038155153,0.0,0.0,0.0,0.0,1.615564,0.0,0.0,0.0,0.0,0.0,2.188031,2.0838528,3.7269156,2.191159,2.263221,4.0937943,2.1244802,3.2312684,1.8301024,2.3608994,3.2522008,2.2417228
1,1,2,33,1,0.0,0.033267356,0.033333335,0.0,0.0,-6.5978944e-05,-0.0,0.0,0.0,0.33333334,0.0,0.014772747,0.055952907,0.017035007,0.03956468,1.0,0.0,0.0,0.0,0.0,0.0,0.0,0.0,0.0,0.0,0.0,0,0.2009861,0.0036197966,0.03819705,0.0,0.0,0.0,0.0,1.6425332,0.0,0.0,0.0,0.0,0.0,2.187911,2.0839155,3.726803,2.1910365,2.2632875,4.0937896,2.1244526,3.2311537,1.8302649,2.3608313,3.2520983,2.241957
2,1,2,33,1,0.0,0.03326736,0.033333335,0.0,0.0,-6.597666e-05,-0.0,0.0,0.0,0.33333334,0.0,0.014806125,0.055952907,0.01703501,0.03956468,1.0,0.0,0.0,0.0,0.0,0.0,0.0,0.0,0.0,0.0,0.0,0,0.20098126,0.0036192613,0.03819546,0.0,0.0,0.0,0.0,1.6311151,0.0,0.0,0.0,0.0,0.0,2.1879454,2.0838897,3.7268107,2.1910732,2.263266,4.0937843,2.1244965,3.231141,1.8302665,2.3608813,3.2520852,2.241985
3,1,2,32,1,0.0,0.033267412,0.033333335,0.0,0.0,-6.592205e-05,-0.0,0.0,0.0,0.33333334,0.0,0.01487875,0.055952907,0.01703501,0.03956468,1.0,0.0,0.0,0.0,0.0,0.0,0.0,0.0,0.0,0.0,0.0,0,0.2009063,0.0036182995,0.03817689,0.0,0.0,0.0,0.0,1.6234671,0.0,0.0,0.0,0.0,0.0,2.1879666,2.0838947,3.7268531,2.1910937,2.26326,4.093772,2.1244526,3.2312214,1.8301636,2.3608449,3.252158,2.2418199
0,2,3,31,1,0.0,0.21994048,0.22000001,0.0,0.0,-5.9535138e-05,-0.0,0.0,0.0,2.0,0.2,0.00931743,0.23069976,0.05864377,0.9337625,1.0,1.0,0.0,0.0,0.0,0.0,0.0,0.0,0.0,0.0,0.0,0,0.19521329,0.005298448,0.055889282,2.4255185,1.7075429,0.84025866,0.0,3.6933582,0.86010605,0.0,0.21203317,0.0,0.0,2.1106799,2.122814,3.6754768,2.113101,2.3020048,4.057899,2.1181867,3.1348438,1.9309044,2.36238,3.148998,2.3444672
1,2,3,33,1,0.0,0.21994025,0.22000001,0.0,0.0,-5.9771337e-05,-0.0,0.0,0.0,2.0,0.2,0.0035278397,0.20935662,0.057608932,0.94376755,1.0,1.0,0.0,0.0,0.0,0.0,0.0,0.0,0.0,0.0,0.0,0,0.19558811,0.0053063678,0.05597271,1.6228052,1.0717466,0.5891098,0.0,3.7300305,0.88780296,0.0,0.2328832,0.0,0.0,2.1154263,2.1233447,3.6786356,2.1178637,2.3023405,4.059554,2.1181247,3.1346738,1.9312396,2.3627596,3.1487372,2.3448923
2,2,3,33,1,0.0,0.21994025,0.22000001,0.0,0.0,-5.976954e-05,-0.0,0.0,0.0,2.0,0.2,0.009283193,0.23069976,0.05755996,0.9462521,1.0,1.0,0.0,0.0,0.0,0.0,0.0,0.0,0.0,0.0,0.0,0,0.19558416,0.005305836,0.055970933,2.333726,1.6768801,0.8646333,0.0,3.7293775,0.8592237,0.0,0.2282742,0.0,0.0,2.1101944,2.122895,3.6752708,2.1126118,2.3020954,4.0579176,2.118092,3.1347296,1.9312643,2.3628762,3.148769,2.344933
3,2,3,32,1,0.0,0.21994035,0.22000001,0.0,0.0,-5.9657432e-05,-0.0,0.0,0.0,2.0,0.2,0.0040490245,0.19382657,0.05555331,0.947905,1.0,1.0,0.0,0.0,0.0,0.0,0.0,0.0,0.0,0.0,0.0,0,0.19540794,0.0053027784,0.055932455,1.8332075,1.1891123,0.6594856,0.0,3.6371427,0.9283034,0.0,0.2537126,0.0,0.0,2.1154091,2.1235745,3.6786919,2.1178484,2.302525,4.059216,2.1178536,3.135059,1.931052,2.3633866,3.148957,2.3446548
0,3,4,31,1,0.0,0.2399552,0.24000001,0.0,0.0,-4.4807486e-05,-0.0,0.0,0.0,2.0,0.4,0.021072144,0.259443,0.083561786,1.0422908,1.0,1.0,0.0,0.0,0.0,0.0,0.0,0.0,0.0,0.0,0.0,0,0.1733208,0.006584181,0.07014727,4.321582,2.6770833,2.9083126,0.0,5.1651535,2.1794014,0.0,0.346704,1.6263614,0.0,2.0258644,2.1854753,3.6294036,2.0278246,2.3673532,4.039802,2.1020637,3.068196,2.0041056,2.3825617,3.0756743,2.4533336
1,3,4,33,1,0.0,0.23995525,0.24000001,0.0,0.0,-4.475789e-05,-0.0,0.0,0.0,2.0,0.4,0.022718612,0.27976462,0.08378837,1.0294456,1.0,1.0,0.0,0.0,0.0,0.0,0.0,0.0,0.0,0.0,0.0,0,0.17296538,0.0066026556,0.070222646,4.077702,3.108372,1.2169753,0.0,5.6436043,2.2246606,0.0,0.43496746,1.7057987,0.0,2.0420156,2.1838892,3.635284,2.044152,2.3649645,4.047359,2.1019473,3.0673325,2.0052717,2.3821232,3.075006,2.4561214
2,3,4,33,1,0.0,0.25995505,0.26,0.0,0.0,-4.4950993e-05,-0.0,0.0,0.0,2.0,0.6,0.019076854,0.26244244,0.073642984,1.0118077,1.0,1.0,1.0,0.0,0.0,0.0,0.0,0.0,0.0,0.0,0.0,0,0.17355926,0.0065935557,0.070257865,4.5826964,2.961845,2.15316,0.0,5.285833,1.8752586,0.0,0.56739247,1.9079754,0.0,2.0243897,2.1854737,3.6284766,2.0263445,2.366968,4.03966,2.1013358,3.0669227,2.0062938,2.3839095,3.0742314,2.456059
3,3,4,32,1,0.0,0.23995502,0.24000001,0.0,0.0,-4.4993314e-05,-0.0,0.0,0.0,2.0,0.4,0.019554872,0.3494259,0.07964474,0.9811752,1.0,1.0,0.0,0.0,0.0,0.0,0.0,0.0,0.0,0.0,0.0,0,0.173459,0.0066021243,0.07018408,3.347656,2.4748383,1.4063113,0.0,5.413689,1.9717331,0.0,0.47423682,1.7223026,0.0,2.0525825,2.1729403,3.631673,2.0540543,2.3575919,4.040224,2.1018476,3.0663757,2.0062425,2.3820999,3.073947,2.4557993
0,4,5,31,1,0.0,0.25996047,0.26,0.0,0.0,-3.9526945e-05,-0.0,0.0,0.0,2.0,0.6,0.020098323,0.35827357,0.09501415,0.813727,1.0,1.0,1.0,0.0,0.0,0.0,0.0,0.0,0.0,0.0,0.0,0,0.16400683,0.007751736,0.082754955,4.616099,2.6137402,5.0821724,0.0,4.2455626,5.257912,0.0,1.3135313,3.3255067,0.0,1.9729979,2.2246246,3.5776143,1.9748924,2.417126,4.010191,2.0697415,3.0460813,2.0501204,2.3630955,3.055017,2.5953994
1,4,5,33,1,0.0,0.2599622,0.26,0.0,0.0,-3.7774702e-05,-0.0,0.0,0.0,2.0,0.6,0.01963802,0.2017411,0.098082885,0.85133237,1.0,1.0,1.0,0.0,0.0,0.0,0.0,0.0,0.0,0.0,0.0,0,0.16086498,0.007698917,0.08272374,7.2238503,4.70882,3.3585489,0.0,5.257896,5.8347077,0.0,2.5907207,5.6863165,0.0,1.9777682,2.236245,3.5876293,1.9807206,2.4218183,4.025929,2.066999,3.0503466,2.0478635,2.3612359,3.0591984,2.5926015
2,4,5,33,1,0.0,0.25996125,0.26,0.0,0.0,-3.8736205e-05,-0.0,0.0,0.0,2.0,0.6,0.013858368,0.17693864,0.10237978,0.78633404,1.0,1.0,1.0,0.0,0.0,0.0,0.0,0.0,0.0,0.0,0.0,0,0.1624907,0.0077352193,0.08272322,5.593702,3.44113,4.3655224,0.0,5.3680625,4.2751894,0.0,1.1242198,2.8805583,0.0,1.9532197,2.240926,3.5829291,1.9559532,2.42965,4.0179467,2.0700433,3.0400403,2.053944,2.3684258,3.04911,2.5968323
3,4,5,32,1,0.0,0.25996158,0.26,0.0,0.0,-3.841227e-05,-0.0,0.0,0.0,2.0,0.6,0.041636474,0.3896671,0.10777458,0.8232894,1.0,1.0,1.0,0.0,0.0,0.0,0.0,0.0,0.0,0.0,0.0,0,0.16218983,0.0077175503,0.082799606,5.227554,4.386255,2.3943415,0.0,6.562456,4.4113727,0.0,1.2649813,3.257055,0.0,1.9740567,2.2319536,3.5867517,1.9757818,2.4188547,4.02772,2.074372,3.0306473,2.0586147,2.3657866,3.0404665,2.6031706
0,5,6,31,1,0.0,0.2599644,0.26,0.0,0.0,-3.5572473e-05,-0.0,0.0,0.0,2.0,0.6,0.040831782,0.5814803,0.15083633,1.5364258,1.0,1.0,1.0,0.0,0.0,0.0,0.0,0.0,0.0,0.0,0.0,0,0.15722834,0.008764918,0.09446585,5.9616733,2.4140372,6.303973,0.0,5.3557777,3.433624,0.0,1.641455,4.890908,0.0,1.9512378,2.2543993,3.5304692,1.954436,2.4602485,3.984293,2.044914,3.0106776,2.097357,2.350113,3.0200255,2.707036
1,5,6,33,1,0.0,0.25996426,0.26,0.0,0.0,-3.5744783e-05,-0.0,0.0,0.0,2.0,0.6,0.028815078,0.3262588,0.16006638,1.6139419,1.0,1.0,1.0,0.0,0.0,0.0,0.0,0.0,0.0,0.0,0.0,0,0.15748978,0.008731426,0.09459719,7.0115833,4.3156867,4.867857,0.0,6.5881977,3.0463922,0.0,1.4599854,4.2700887,0.0,1.9404311,2.2654195,3.5380337,1.9437723,2.4633555,4.0009146,2.0483718,2.9979422,2.1032705,2.3535137,3.007741,2.7197957
2,5,6,33,1,0.0,0.2799654,0.28,0.0,0.0,-3.460849e-05,-0.0,0.0,0.0,2.0,0.8,0.025969712,0.33102196,0.0686793,1.0024819,1.0,1.0,1.0,0.0,0.0,0.0,0.0,0.0,0.0,0.0,0.0,0,0.15502472,0.0087430645,0.09426465,7.755862,5.914622,1.9671111,0.0,7.177857,9.445763,3.1872592,4.8645067,6.006142,0.0,1.8962864,2.2822797,3.5355682,1.899163,2.4797478,3.9977438,2.0545774,3.0039213,2.1058342,2.336016,3.011488,2.7300909
3,5,6,32,1,0.0,0.25996527,0.26,0.0,0.0,-3.4711e-05,-0.0,0.0,0.0,2.0,0.6,0.028959697,0.24708138,0.1638401,1.716412,1.0,1.0,1.0,0.0,0.0,0.0,0.0,0.0,0.0,0.0,0.0,0,0.15606917,0.0087012,0.094508715,7.0412683,4.2905107,8.188707,0.0,5.7545724,1.9021728,0.0,1.4559351,4.284403,0.0,1.8986274,2.2898846,3.5412617,1.9028862,2.4858286,4.0086293,2.046589,2.9967704,2.1054819,2.351903,3.0070949,2.7179093
0,6,7,31,1,0.0,0.27996862,0.28,0.0,0.0,-3.138277e-05,-0.0,0.0,0.0,2.0,0.8,0.05103691,0.75380975,0.030054536,0.34034836,1.0,1.0,1.0,0.0,0.0,0.0,0.0,0.0,0.0,0.0,0.0,0,0.14932199,0.009652119,0.10503358,7.0101967,3.9417212,5.182308,0.0,6.03554,7.648417,0.5677244,3.0184543,5.1748314,0.0,1.9369293,2.2804036,3.4869041,1.9420835,2.4994144,3.9623492,1.9990593,3.060601,2.110613,2.2866278,3.0671754,2.8491092
1,6,7,33,1,0.0,0.27997017,0.28,0.0,0.0,-2.9828745e-05,-0.0,0.0,0.0,2.0,0.8,0.029301224,0.2825484,0.041568283,0.344917,1.0,1.0,1.0,0.0,0.0,0.0,0.0,0.0,0.0,0.0,0.0,0,0.14623001,0.00958229,0.104706205,7.381066,4.5632772,9.897735,0.112684935,6.283221,7.11142,0.6421241,2.9561546,5.5347166,0.0,1.8673967,2.3156867,3.4965682,1.8746508,2.5258338,3.9848971,2.0021312,3.0656054,2.1040938,2.285567,3.0725927,2.8452826
2,6,7,33,1,0.0,0.2599673,0.26,0.0,0.0,-3.2683427e-05,-0.0,0.0,0.0,2.0,0.6,0.02872589,0.28530505,0.07352999,0.61928594,1.0,1.0,1.0,0.0,0.0,0.0,0.0,0.0,0.0,0.0,0.0,0,0.15367238,0.009657293,0.1052942,8.817228,5.077605,7.9267015,0.04207005,6.4780116,6.0202456,0.39667925,2.3812268,5.4703407,0.0,1.8496268,2.321425,3.4943402,1.8554175,2.525657,3.984776,2.017145,2.9884875,2.158139,2.3113618,2.997321,2.8813374
3,6,7,32,1,0.0,0.25996962,0.26,0.0,0.0,-3.0362547e-05,-0.0,0.0,0.0,2.0,0.6,0.027100379,0.3013157,0.0778313,0.5496506,1.0,1.0,1.0,0.0,0.0,0.0,0.0,0.0,0.0,0.0,0.0,0,0.14629944,0.009580991,0.10452259,7.7044926,5.1007404,5.9268355,0.119081445,6.463631,6.164686,0.21471961,2.0946684,4.863374,0.0,1.8438346,2.3349118,3.499129,1.8509097,2.541275,3.98244,2.0163834,2.9870093,2.1556005,2.3085947,2.995983,2.8846908
0,7,8,31,1,0.0,0.27997062,0.28,0.0,0.0,-2.9384997e-05,-0.0,0.0,0.0,2.0,0.8,0.060798705,0.7359469,0.026633501,0.31898075,1.0,1.0,1.0,0.0,0.0,0.0,0.0,0.0,0.0,0.0,0.0,0,0.14709266,0.010457294,0.11535265,9.512172,3.3042688,7.5079536,0.061814412,6.7806625,8.371907,0.6498523,3.3689005,6.783272,0.0,1.9438524,2.2932482,3.450901,1.9552069,2.5259626,3.9480488,1.9711964,3.037264,2.1722593,2.2550473,3.0452902,2.9988575
1,7,8,33,1,0.0,0.27997202,0.28,0.0,0.0,-2.798249e-05,-0.0,0.0,0.0,2.0,0.8,0.04922398,0.41871345,0.04788956,0.6501149,1.0,1.0,1.0,0.0,0.0,0.0,0.0,0.0,0.0,0.0,0.0,0,0.14199346,0.010330855,0.11408736,10.071755,5.320276,8.900737,0.24890041,7.9313254,8.369588,0.80492884,2.7111375,6.0867634,0.0,1.8277172,2.356143,3.4582477,1.8391058,2.5741887,3.967337,1.9766986,3.014359,2.1974535,2.2673965,3.0219789,2.999675
2,7,8,33,1,0.0,0.25997213,0.26,0.0,0.0,-2.7875016e-05,-0.0,0.0,0.0,2.0,0.6,0.042963244,0.395647,0.02289633,0.1046783,1.0,1.0,1.0,0.0,0.0,0.0,0.0,0.0,0.0,0.0,0.0,0,0.1419248,0.010413343,0.114532,9.577345,7.672816,3.1333468,0.25397128,7.514745,6.969968,0.4430634,3.6694164,5.871383,0.0,1.8207997,2.3538146,3.4582186,1.829814,2.5641823,3.9664078,1.9933552,3.0113735,2.183775,2.272167,3.0195904,3.0055256
3,7,8,32,1,0.0,0.27997315,0.28,0.0,0.0,-2.6839922e-05,-0.0,0.0,0.0,2.0,0.8,0.039998792,0.4261249,0.025403561,0.265408,1.0,1.0,1.0,0.0,0.0,0.0,0.0,0.0,0.0,0.0,0.0,0,0.13986136,0.01033134,0.11411813,9.218515,6.0061946,6.2666774,0.17789377,7.500732,7.3418474,0.57794446,3.4151669,6.1295056,0.0,1.8266327,2.3632474,3.4618475,1.838183,2.5778408,3.9699066,1.9911885,3.005764,2.1892414,2.2712166,3.0138693,3.0103672
0,8,9,31,1,0.0,0.27997366,0.28,0.0,0.0,-2.633884e-05,-0.0,0.0,0.0,2.0,0.8,0.09680318,0.92025346,0.065035306,0.60780483,1.0,1.0,1.0,0.0,0.0,0.0,0.0,0.0,0.0,0.0,0.0,0,0.14049722,0.011134047,0.12464145,9.841751,5.6993012,8.040965,0.29389137,7.570838,8.829514,0.78086954,3.8550928,7.2342286,0.0,1.93398,2.3032744,3.4197216,1.9531857,2.5460434,3.9421308,1.9451387,2.9984415,2.2683136,2.225147,3.0073264,3.1342604
1,8,9,33,1,0.0,0.2799765,0.28,0.0,0.0,-2.3514129e-05,-0.0,0.0,0.0,2.0,0.8,0.047399145,0.46309304,0.09099885,0.89349854,1.0,1.0,1.0,0.0,0.0,0.0,0.0,0.0,0.0,0.0,0.0,0,0.13160056,0.010920544,0.1222164,11.595736,6.8638687,9.849993,0.35416603,6.681547,9.3958025,1.2403164,3.0912802,6.5302258,0.0,1.750413,2.3995824,3.4202423,1.7707461,2.6252177,3.9507303,1.950404,2.9918215,2.2789695,2.2395759,3.0008535,3.134887
2,8,9,33,1,0.0,0.27997777,0.28,0.0,0.0,-2.2244027e-05,-0.0,0.0,0.0,2.0,0.8,0.047524307,0.4334096,0.07089334,0.58416617,1.0,1.0,1.0,0.0,0.0,0.0,0.0,0.0,0.0,0.0,0.0,0,0.12878802,0.011024715,0.12292957,12.642365,9.92832,7.215081,0.6680947,8.664245,7.7491684,0.7610283,2.6366389,6.2154393,0.0,1.7749716,2.3928068,3.4286487,1.7864933,2.5975785,3.9708138,1.9470536,2.9673853,2.288864,2.2284827,2.9769127,3.148102
3,8,9,32,1,0.0,0.2799759,0.28,0.0,0.0,-2.410587e-05,-0.0,0.0,0.0,2.0,0.8,0.036705334,0.38154814,0.06298152,0.4441127,1.0,1.0,1.0,0.0,0.0,0.0,0.0,0.0,0.0,0.0,0.0,0,0.13440841,0.010982253,0.12280376,12.269269,9.8210745,4.086443,0.42008808,8.681005,8.422195,1.1971165,2.7867637,6.408144,0.0,1.755099,2.4214878,3.4316752,1.7699383,2.6341372,3.971186,1.9639708,2.9605992,2.2890024,2.2471337,2.9703248,3.1555665
0,9,10,31,1,0.0,0.27997756,0.28,0.0,0.0,-2.2431159e-05,-0.0,0.0,0.0,2.0,0.8,0.067246884,0.56786054,0.13031584,1.2284238,1.0,1.0,1.0,0.0,0.0,0.0,0.0,0.0,0.0,0.0,0.0,0,0.13089599,0.0118156485,0.13274637,12.11029,8.704377,12.607248,0.74889153,8.130296,9.121168,0.755793,3.9430735,10.0149555,0.0,1.8149323,2.3839393,3.3906012,1.8424947,2.6215034,3.9436872,1.9177451,2.9605963,2.3605301,2.2020802,2.9712179,3.284826
1,9,10,33,1,0.0,0.27997878,0.28,0.0,0.0,-2.1208381e-05,-0.0,0.0,0.0,2.0,0.8,0.039143175,0.37114978,0.13492689,1.4466926,1.0,1.0,1.0,0.0,0.0,0.0,0.0,0.0,0.0,0.0,0.0,0,0.12608775,0.011646447,0.1295698,11.549143,11.2718725,5.360488,0.43201008,10.204999,9.880318,1.9295728,4.534291,12.334069,0.0,1.7012789,2.4421434,3.3951056,1.7197665,2.657832,3.9595182,1.928296,2.9735372,2.3569956,2.2237637,2.9824483,3.268628
2,9,10,33,1,0.0,0.27997896,0.28,0.0,0.0,-2.1051332e-05,-0.0,0.0,0.0,2.0,0.8,0.036096606,0.29073992,0.12861376,1.0102593,1.0,1.0,1.0,0.0,0.0,0.0,0.0,0.0,0.0,0.0,0.0,0,0.12667136,0.011702495,0.13027759,14.179761,11.754706,6.395894,0.5893333,8.579956,7.753935,1.652548,3.9598603,10.408755,0.0,1.6875197,2.453725,3.3983066,1.7082363,2.6563606,3.9629166,1.9305818,2.9383652,2.3708768,2.2157779,2.9495933,3.2845654
3,9,10,32,1,0.0,0.27998006,0.28,0.0,0.0,-1.9923355e-05,-0.0,0.0,0.0,2.0,0.8,0.037305348,0.33102196,0.11137929,1.0032624,1.0,1.0,1.0,0.0,0.0,0.0,0.0,0.0,0.0,0.0,0.0,0,0.123066716,0.011628828,0.13016927,12.948523,9.317708,6.9900413,0.45287147,7.8489847,8.438801,0.73144656,3.780916,8.379949,0.0,1.7110639,2.445542,3.3973613,1.7329663,2.6592798,3.9604466,1.9187145,2.9172375,2.3872488,2.1982422,2.9282517,3.2926667
0,10,11,31,1,0.0,0.27997905,0.28,0.0,0.0,-2.0964035e-05,-0.0,0.0,0.0,2.0,0.8,0.051360816,0.39167053,0.17917056,1.6971512,1.0,1.0,1.0,0.0,0.0,0.0,0.0,0.0,0.0,0.0,0.0,0,0.12541555,0.012635788,0.14005412,14.124632,11.723642,3.602721,0.7397784,10.041112,9.82665,0.6308874,4.3769774,10.847319,0.0,1.7523166,2.4455838,3.3689828,1.7775522,2.6703436,3.9471548,1.8817939,2.9369779,2.4475753,2.1648939,2.9475214,3.4195375
1,10,11,33,1,0.0,0.2799799,0.28,0.0,0.0,-2.0090494e-05,-0.0,0.0,0.0,2.0,0.8,0.04437818,0.27976462,0.16613978,1.8208544,1.0,1.0,1.0,0.0,0.0,0.0,0.0,0.0,0.0,0.0,0.0,0,0.12317047,0.012526549,0.13667442,12.4878025,10.250372,12.432161,0.9846931,8.506806,9.104617,1.8623548,4.632315,11.464561,0.0,1.6589448,2.4854944,3.3661206,1.6941568,2.699034,3.9471264,1.9027345,2.9837892,2.4101257,2.194807,2.9926736,3.3687894
2,10,11,33,1,0.0,0.2799807,0.28,0.0,0.0,-1.9317735e-05,-0.0,0.0,0.0,2.0,0.8,0.01994073,0.23069976,0.16563839,1.5379533,1.0,1.0,1.0,0.0,0.0,0.0,0.0,0.0,0.0,0.0,0.0,0,0.120777525,0.012539728,0.13718411,13.525661,12.179954,8.989794,0.69742316,7.6040764,7.468519,1.4704947,3.9566743,10.447438,0.0,1.6580843,2.4783802,3.3703594,1.686228,2.6865053,3.95368,1.904241,2.90339,2.4607368,2.1936033,2.9148843,3.427742
3,10,11,32,1,0.0,0.27998072,0.28,0.0,0.0,-1.9288555e-05,-0.0,0.0,0.0,2.0,0.8,0.054215536,0.37949124,0.1625428,1.5399877,1.0,1.0,1.0,0.0,0.0,0.0,0.0,0.0,0.0,0.0,0.0,0,0.12056841,0.012448803,0.13688008,12.666256,11.164024,8.584987,0.7417422,8.422535,7.6352544,1.5656368,3.527822,10.392064,0.0,1.6737703,2.4773252,3.370746,1.701943,2.6882832,3.9574735,1.9042001,2.8918126,2.462258,2.1924064,2.9031358,3.4265258
0,11,12,31,1,0.0,0.27998087,0.28,0.0,0.0,-1.9133802e-05,-0.0,0.0,0.0,2.0,0.8,0.024653874,0.2017411,0.19502145,2.149308,1.0,1.0,1.0,0.0,0.0,0.0,0.0,0.0,0.0,0.0,0.0,0,0.12001998,0.013468058,0.14710632,12.524453,9.27793,6.086577,0.9536879,7.7670283,8.268428,1.0636331,2.9099858,9.9579,0.0,1.752292,2.457922,3.344987,1.7821531,2.6858633,3.9421632,1.8629514,2.9021993,2.5112681,2.1530795,2.9126253,3.5234318
1,11,12,33,1,0.0,0.27997926,0.28,0.0,0.0,-2.0746931e-05,-0.0,0.0,0.0,2.0,0.8,0.030010203,0.24708138,0.19549412,2.1006868,1.0,1.0,1.0,0.0,0.0,0.0,0.0,0.0,0.0,0.0,0.0,0,0.123786725,0.0133992145,0.14344847,14.120466,11.907036,6.9213367,0.6907805,7.8263936,9.108038,1.5454396,3.8779728,9.458096,0.0,1.6472827,2.49759,3.3486724,1.6801642,2.7136133,3.9510553,1.8754088,2.9762247,2.457557,2.164734,2.9851534,3.4483426
2,11,12,33,1,0.0,0.27997962,0.28,0.0,0.0,-2.0381805e-05,-0.0,0.0,0.0,2.0,0.8,0.033984724,0.28530505,0.1902333,1.9948072,1.0,1.0,1.0,0.0,0.0,0.0,0.0,0.0,0.0,0.0,0.0,0,0.12312681,0.013357615,0.14401013,14.884593,13.19752,3.7277799,0.6392069,8.224402,7.211992,0.7082271,3.7513149,9.53288,0.0,1.6471281,2.4903286,3.3514116,1.6757611,2.7014802,3.9553604,1.8733658,2.8804734,2.5274315,2.1612937,2.8927212,3.53367
3,11,12,32,1,0.0,0.27998123,0.28,0.0,0.0,-1.8776722e-05,-0.0,0.0,0.0,2.0,0.8,0.017323105,0.19382657,0.18553805,1.9253231,1.0,1.0,1.0,0.0,0.0,0.0,0.0,0.0,0.0,0.0,0.0,0,0.118458204,0.013250803,0.14336373,12.822998,11.1164465,7.381626,0.8220222,6.514381,7.6107774,0.91844857,4.1617665,9.943333,0.0,1.6670793,2.4976215,3.35174,1.6987066,2.7110155,3.9516006,1.8849075,2.8638422,2.5226264,2.1719143,2.8752918,3.5207975
0,12,13,31,1,0.0,0.27998117,0.28,0.0,0.0,-1.8846495e-05,-0.0,0.0,0.0,2.0,0.8,0.027009219,0.18557483,0.17908382,2.2014804,1.0,1.0,1.0,0.0,0.0,0.0,0.0,0.0,0.0,0.0,0.0,0,0.11763125,0.014249606,0.15337163,12.352659,9.202545,6.2798295,0.667303,7.5874543,7.971694,1.2167755,3.9898243,10.616683,0.0,1.7521464,2.4584017,3.3253052,1.7847501,2.6942832,3.9353669,1.8458233,2.891334,2.5394835,2.1284833,2.9035218,3.579457
1,12,13,33,1,0.0,0.2799808,0.28,0.0,0.0,-1.92066e-05,-0.0,0.0,0.0,2.0,0.8,0.030279769,0.19382657,0.20159052,2.34239,1.0,1.0,1.0,0.0,0.0,0.0,0.0,0.0,0.0,0.0,0.0,0,0.11883946,0.014185646,0.15271772,11.649585,10.187155,7.9020724,0.91425997,7.1113343,8.143797,1.2344021,3.8848581,9.407862,0.0,1.6424432,2.508359,3.3304067,1.6810066,2.7313738,3.9470263,1.8499382,2.9490716,2.5042176,2.135533,2.9590435,3.5262327
2,12,13,33,1,0.0,0.27998084,0.28,0.0,0.0,-1.9173372e-05,-0.0,0.0,0.0,2.0,0.8,0.028365156,0.22381166,0.17519128,2.2339513,1.0,1.0,1.0,0.0,0.0,0.0,0.0,0.0,0.0,0.0,0.0,0,0.11939027,0.014145256,0.1509357,14.62765,11.998245,3.94148,0.85403943,7.943527,8.172569,1.2153745,4.0061245,10.588844,0.0,1.6633745,2.4781504,3.3340144,1.6936179,2.6955836,3.9552581,1.8561847,2.8683648,2.533716,2.1397882,2.8800075,3.5623698
3,12,13,32,1,0.0,0.27998108,0.28,0.0,0.0,-1.8911753e-05,-0.0,0.0,0.0,2.0,0.8,0.028981365,0.23406784,0.18721178,2.1786065,1.0,1.0,1.0,0.0,0.0,0.0,0.0,0.0,0.0,0.0,0.0,0,0.118224815,0.01404999,0.15099563,12.699941,10.292268,7.1113634,0.85811716,8.782866,7.814414,1.214279,3.2140288,9.956317,0.0,1.6561575,2.5124245,3.332917,1.691398,2.7317474,3.947771,1.8593282,2.864635,2.5459409,2.1477542,2.875846,3.577047
0,13,14,31,1,0.0,0.27998146,0.28,0.0,0.0,-1.8522773e-05,-0.0,0.0,0.0,2.0,0.8,0.026270602,0.18557483,0.19567034,2.3049998,1.0,1.0,1.0,0.0,0.0,0.0,0.0,0.0,0.0,0.0,0.0,0,0.11652763,0.015056634,0.16083884,12.00711,9.28187,5.7514343,0.85952675,7.988901,8.280158,1.3712438,3.2263136,10.027369,0.0,1.7484605,2.459415,3.3093512,1.7830256,2.7048762,3.934814,1.8309795,2.8692715,2.571974,2.1113935,2.8829267,3.6361728
1,13,14,33,1,0.0,0.2799815,0.28,0.0,0.0,-1.850498e-05,-0.0,0.0,0.0,2.0,0.8,0.028480327,0.16785873,0.21743374,2.225878,1.0,1.0,1.0,0.0,0.0,0.0,0.0,0.0,0.0,0.0,0.0,0,0.116947874,0.014953561,0.16253088,11.445668,10.85451,6.9428525,0.72020096,8.597263,7.8037367,0.56551325,3.636317,8.136338,0.0,1.6338606,2.5204566,3.3189223,1.6752757,2.752652,3.9386153,1.8336773,2.8888674,2.5582254,2.1130342,2.9023263,3.6083038
2,13,14,33,1,0.0,0.27998146,0.28,0.0,0.0,-1.8543164e-05,-0.0,0.0,0.0,2.0,0.8,0.027492134,0.15825874,0.19591716,2.3772182,1.0,1.0,1.0,0.0,0.0,0.0,0.0,0.0,0.0,0.0,0.0,0,0.11660844,0.014938937,0.1596956,13.1463175,11.046283,3.7464542,1.0095444,8.256463,6.6035194,0.77738315,3.8837526,8.54839,0.0,1.6770068,2.4742846,3.320666,1.707034,2.6988654,3.9519417,1.8333607,2.8496704,2.5501416,2.111776,2.8635287,3.6343977
3,13,14,32,1,0.0,0.27998185,0.28,0.0,0.0,-1.8161074e-05,-0.0,0.0,0.0,2.0,0.8,0.023637576,0.22381166,0.19119109,2.260077,1.0,1.0,1.0,0.0,0.0,0.0,0.0,0.0,0.0,0.0,0.0,0,0.11576854,0.014808148,0.1606145,15.242489,11.888876,4.585374,0.8970795,8.393158,7.6572156,0.7057613,4.098849,11.601631,0.0,1.6458929,2.5185094,3.3199792,1.6834503,2.7468565,3.9425302,1.8323153,2.8635077,2.5499501,2.1132922,2.8781674,3.6229432
0,14,15,31,1,0.0,0.27998134,0.28,0.0,0.0,-1.8652028e-05,-0.0,0.0,0.0,2.0,0.8,0.0135007445,0.1251145,0.20005819,2.7602527,1.0,1.0,1.0,0.0,0.0,0.0,0.0,0.0,0.0,0.0,0.0,0,0.116934896,0.015827712,0.16995323,12.707524,9.982566,3.5620718,0.7215084,7.6476974,7.2780027,1.1100907,3.5853252,10.001784,0.0,1.7423991,2.4574552,3.2988281,1.77442,2.7121158,3.930772,1.81721,2.8360388,2.599816,2.0980859,2.8497288,3.7013047
1,14,15,33,1,0.0,0.29998225,0.3,0.0,0.0,-1.7757093e-05,-0.0,0.0,0.0,2.0,1.0,0.026324473,0.24389313,0.22377153,2.6140218,1.0,1.0,1.0,0.0,0.0,0.0,0.0,0.0,0.0,0.0,0.0,0,0.11456674,0.015673835,0.1717269,12.313637,11.518325,5.6881437,0.96171486,7.088703,7.5443244,0.86269087,5.2695336,9.405929,1.1736487,1.626566,2.5043833,3.3057675,1.6653194,2.7448733,3.9414,1.8142991,2.8501234,2.5780587,2.0869088,2.8648684,3.6697183
2,14,15,33,1,0.0,0.27998248,0.28,0.0,0.0,-1.7514714e-05,-0.0,0.0,0.0,2.0,0.8,0.021210771,0.18557483,0.14267379,0.97717845,1.0,1.0,1.0,0.0,0.0,0.0,0.0,0.0,0.0,0.0,0.0,0,0.11418581,0.015628617,0.16800982,13.195867,11.471035,3.0603406,1.0873668,7.023349,5.048629,5.9591494,4.5706162,8.91147,0.14619853,1.6825974,2.4645615,3.307314,1.7119113,2.6986792,3.9474924,1.8263012,2.821713,2.587451,2.0896428,2.835379,3.7127943
3,14,15,32,1,0.0,0.27998397,0.28,0.0,0.0,-1.6048456e-05,-0.0,0.0,0.0,2.0,0.8,0.02444025,0.18130817,0.20924471,2.6372747,1.0,1.0,1.0,0.0,0.0,0.0,0.0,0.0,0.0,0.0,0.0,0,0.10814767,0.015565088,0.16903505,12.264601,12.300916,3.245343,0.78948367,7.5315933,8.132868,0.57230264,2.8645437,8.638387,0.20406052,1.6454391,2.490578,3.3074114,1.6763825,2.7257035,3.9499004,1.8153399,2.8298683,2.5899491,2.0952892,2.8444352,3.6833227
0,15,16,31,1,0.0,0.2999827,0.3,0.0,0.0,-1.7321106e-05,-0.0,0.0,0.0,2.0,1.0,0.014351921,0.14803748,0.1881589,3.1025813,1.0,1.0,1.0,0.0,0.0,0.0,0.0,0.0,0.0,0.0,0.0,0,0.11296866,0.016589828,0.17826521,12.935665,9.671987,3.0319614,1.4254217,5.9949675,8.153098,0.72959375,4.437205,10.676606,1.0793853,1.7375458,2.4317183,3.2776043,1.7662218,2.6964989,3.9245038,1.7981045,2.8090677,2.619844,2.073515,2.8261318,3.748817
1,15,16,33,1,0.0,0.29998267,0.3,0.0,0.0,-1.7343913e-05,-0.0,0.0,0.0,2.0,1.0,0.01876901,0.18557483,0.15993208,1.502427,1.0,1.0,1.0,0.0,0.0,0.0,0.0,0.0,0.0,0.0,0.0,0,0.113860816,0.016316082,0.18075804,13.003982,13.458443,4.0030656,0.80519646,6.1273594,6.98084,1.4315908,2.334253,7.0600777,0.9839861,1.6301755,2.4866753,3.2973115,1.6656535,2.7376614,3.9423778,1.8264704,2.8050184,2.6228971,2.0969758,2.8140345,3.8108487
2,15,16,33,1,0.0,0.29998198,0.3,0.0,0.0,-1.8042081e-05,-0.0,0.0,0.0,2.0,1.0,0.029434491,0.13705608,0.14619203,1.6240942,1.0,1.0,1.0,0.0,0.0,0.0,0.0,0.0,0.0,0.0,0.0,0,0.11587291,0.016343996,0.17645045,13.274018,11.339868,2.8077745,0.97452486,7.2340527,7.494675,2.0965838,2.2463481,8.311806,1.1021934,1.6891525,2.442693,3.303484,1.7184047,2.6860917,3.9516103,1.8437766,2.747082,2.6549869,2.1252406,2.7583134,3.86712
3,15,16,32,1,0.0,0.27998337,0.28,0.0,0.0,-1.664167e-05,-0.0,0.0,0.0,2.0,0.8,0.015887551,0.1046783,0.14637147,1.2207541,1.0,1.0,1.0,0.0,0.0,0.0,0.0,0.0,0.0,0.0,0.0,0,0.11128592,0.0162664,0.17729326,13.185431,11.988682,3.571373,1.1009697,6.794152,5.527695,6.2179976,4.1798253,9.369061,0.45679706,1.6553361,2.4724953,3.2942393,1.6869187,2.7177482,3.9459274,1.8176212,2.8010793,2.6016898,2.086739,2.814093,3.714315
0,16,17,31,1,0.0,0.29998416,0.3,0.0,0.0,-1.5866379e-05,-0.0,0.0,0.0,2.0,1.0,0.015977487,0.15323335,0.16078383,0.9859497,1.0,1.0,1.0,0.0,0.0,0.0,0.0,0.0,0.0,0.0,0.0,0,0.10907725,0.017247532,0.18634251,12.370256,11.936014,3.1039755,1.2428572,5.394213,8.112594,1.1457188,4.7427044,9.839119,1.4654012,1.7116222,2.421664,3.2658398,1.7406291,2.6938617,3.9191604,1.7982192,2.7833552,2.6633515,2.0578892,2.7990396,3.82967
1,16,17,33,1,0.0,0.2799851,0.28,0.0,0.0,-1.4915792e-05,-0.0,0.0,0.0,2.0,0.8,0.014259662,0.07912936,0.16926116,1.6827936,1.0,1.0,1.0,0.0,0.0,0.0,0.0,0.0,0.0,0.0,0.0,0,0.10286626,0.017000882,0.18896714,14.4003,13.611337,3.8341427,1.517481,5.389848,7.5436993,1.8252412,3.4845672,9.446695,0.22819957,1.6306326,2.4659142,3.2857702,1.666614,2.725957,3.9374583,1.8255041,2.7550101,2.6491747,2.100741,2.766566,3.833451
2,16,17,33,1,0.0,0.29998532,0.3,0.0,0.0,-1.4688159e-05,-0.0,0.0,0.0,2.0,1.0,0.015143928,0.16312936,0.16339424,1.9411134,1.0,1.0,1.0,0.0,0.0,0.0,0.0,0.0,0.0,0.0,0.0,0,0.10239045,0.0170084,0.18457355,13.546898,11.335991,3.0817995,1.6324041,5.346187,6.985983,1.9297471,3.3726285,9.414393,1.2984191,1.6835634,2.4205081,3.2901173,1.7107583,2.6808956,3.9437885,1.8496051,2.7183309,2.673926,2.135748,2.7310197,3.8729086
3,16,17,32,1,0.0,0.27998266,0.28,0.0,0.0,-1.7348942e-05,-0.0,0.0,0.0,2.0,0.8,0.018270498,0.13122122,0.1647131,1.7667476,1.0,1.0,1.0,0.0,0.0,0.0,0.0,0.0,0.0,0.0,0.0,0,0.11342187,0.01695764,0.18551198,14.664186,12.396872,2.910296,1.201278,6.8114433,8.490934,2.169269,2.1413364,8.464963,0.056011304,1.6550455,2.4433448,3.2886658,1.6863492,2.698141,3.944958,1.8355548,2.7267947,2.6695588,2.115417,2.7396274,3.8634949
0,17,18,31,1,0.0,0.29998648,0.3,0.0,0.0,-1.3518632e-05,-0.0,0.0,0.0,2.0,1.0,0.020877875,0.1426525,0.18812892,1.3110256,1.0,1.0,1.0,0.0,0.0,0.0,0.0,0.0,0.0,0.0,0.0,0,0.09882871,0.017911196,0.19379905,11.81693,11.105331,2.958084,1.8332708,5.1728625,8.230805,0.8731108,4.5753856,9.528946,1.5115861,1.6992759,2.4127326,3.254164,1.7293774,2.6924763,3.9131835,1.7543293,2.7759352,2.675858,2.012967,2.7927547,3.8347561
1,17,18,33,1,0.0,0.27998608,0.28,0.0,0.0,-1.3904794e-05,-0.0,0.0,0.0,2.0,0.8,0.019920958,0.11190581,0.18433882,1.8966516,1.0,1.0,1.0,0.0,0.0,0.0,0.0,0.0,0.0,0.0,0.0,0,0.097922556,0.017760785,0.19591275,13.358681,10.9993515,1.790927,0.765549,5.263571,7.2696195,1.7071116,3.6240354,9.672897,0.13676769,1.642304,2.4224977,3.2859347,1.6736528,2.6922996,3.9350443,1.8202186,2.7460673,2.6453004,2.0977952,2.7587523,3.8178213
2,17,18,33,1,0.0,0.29998663,0.3,0.0,0.0,-1.3381244e-05,-0.0,0.0,0.0,2.0,1.0,0.01662481,0.11190581,0.15739836,1.7987978,1.0,1.0,1.0,0.0,0.0,0.0,0.0,0.0,0.0,0.0,0.0,0,0.09683171,0.017701283,0.19221614,13.556462,11.573763,4.0861897,1.6179016,4.7634134,7.013366,0.9795898,2.1607046,6.6042447,0.70268476,1.681916,2.403189,3.2797344,1.7104102,2.6755457,3.9341424,1.8433616,2.6200554,2.7426436,2.1285949,2.6406975,3.952933
3,17,18,32,1,0.0,0.299985,0.3,0.0,0.0,-1.5033343e-05,-0.0,0.0,0.0,2.0,1.0,0.04072515,0.13122122,0.18879564,1.9739013,1.0,1.0,1.0,0.0,0.0,0.0,0.0,0.0,0.0,0.0,0.0,0,0.10294173,0.01770893,0.19294505,13.268416,12.102406,3.062029,0.724098,4.6333723,7.97167,1.5817417,2.9623625,9.280848,0.51681757,1.6569353,2.4149537,3.2912478,1.687072,2.6751347,3.9463346,1.8386759,2.7000368,2.684062,2.121663,2.7151647,3.8740191
0,18,19,31,1,0.0,0.2799873,0.28,0.0,0.0,-1.2690022e-05,-0.0,0.0,0.0,2.0,0.8,0.015115642,0.19782342,0.18749905,2.3854356,1.0,1.0,1.0,0.0,0.0,0.0,0.0,0.0,0.0,0.0,0.0,0,0.0951419,0.018520344,0.20047669,11.858577,13.934662,2.6305664,2.3075807,4.1976256,8.214522,0.93683594,2.4779277,6.993616,0.13865654,1.6769704,2.4083197,3.2415874,1.7055871,2.6930225,3.9006536,1.7519064,2.7048924,2.6999302,2.0266397,2.7217126,3.8784597
1,18,19,33,1,0.0,0.27998698,0.28,0.0,0.0,-1.3011602e-05,-0.0,0.0,0.0,2.0,0.8,0.03672432,0.15825874,0.16662396,1.9731082,1.0,1.0,1.0,0.0,0.0,0.0,0.0,0.0,0.0,0.0,0.0,0,0.095264286,0.01842395,0.20188515,13.492145,10.508407,1.2641021,0.5388703,5.1514482,7.552662,1.006737,2.311231,7.051846,0.0,1.6403205,2.3864691,3.2981038,1.6695088,2.6552238,3.940995,1.8272675,2.6472821,2.698972,2.1137578,2.665869,3.8899593
2,18,19,33,1,0.0,0.29998767,0.3,0.0,0.0,-1.2330119e-05,-0.0,0.0,0.0,2.0,1.0,0.035059888,0.15825874,0.17078064,2.0774565,1.0,1.0,1.0,0.0,0.0,0.0,0.0,0.0,0.0,0.0,0.0,0,0.09311123,0.018313434,0.19921973,13.305023,13.258545,3.2034407,1.373822,5.0702796,6.464748,1.3726755,2.7700267,8.03815,0.66035825,1.6656563,2.383393,3.283292,1.6932851,2.665155,3.938508,1.8361956,2.5927105,2.7603738,2.124599,2.6152582,3.9651997
3,18,19,32,1,0.0,0.27998632,0.28,0.0,0.0,-1.3686995e-05,-0.0,0.0,0.0,2.0,0.8,0.061150484,0.3013157,0.1879477,2.073308,1.0,1.0,1.0,0.0,0.0,0.0,0.0,0.0,0.0,0.0,0.0,0,0.09725023,0.018385,0.20027086,13.541649,10.158607,1.3653562,0.53842086,5.8292856,8.392477,1.6668313,3.3722112,9.757984,0.0,1.6438733,2.3917322,3.292761,1.6690668,2.6498969,3.9373853,1.8303074,2.6934967,2.6810825,2.1197095,2.710111,3.8565404
0,19,20,31,1,0.0,0.29998812,0.3,0.0,0.0,-1.1902133e-05,-0.0,0.0,0.0,2.0,1.0,0.020645311,0.15825874,0.18335974,2.2346518,1.0,1.0,1.0,0.0,0.0,0.0,0.0,0.0,0.0,0.0,0.0,0,0.0900937,0.019167034,0.20622122,11.923128,12.601536,2.190645,2.2433872,3.7189832,8.26946,0.89149207,2.3142648,6.576367,0.6576099,1.6711991,2.3971171,3.23437,1.6999049,2.6846454,3.8890963,1.7776347,2.5901518,2.759342,2.0590081,2.616002,3.9537158
1,19,20,33,1,0.0,0.27998838,0.28,0.0,0.0,-1.1630837e-05,-0.0,0.0,0.0,2.0,0.8,0.060114235,0.35608226,0.15848848,2.1014318,1.0,1.0,1.0,0.0,0.0,0.0,0.0,0.0,0.0,0.0,0.0,0,0.08979168,0.019168157,0.20718707,12.462254,9.494774,1.4282607,0.72101176,5.282284,6.8969145,1.3271816,3.0133111,8.23807,0.0,1.6390916,2.3498535,3.3043227,1.665385,2.6178923,3.9459207,1.8209845,2.6083083,2.7140625,2.1073947,2.6289463,3.9085758
2,19,20,33,1,0.0,0.279988,0.28,0.0,0.0,-1.20049235e-05,-0.0,0.0,0.0,2.0,0.8,0.03530038,0.26244244,0.16463897,2.0417333,1.0,1.0,1.0,0.0,0.0,0.0,0.0,0.0,0.0,0.0,0.0,0,0.09097439,0.018958064,0.20568949,12.030733,13.301463,1.6551557,0.9454553,5.103625,6.553442,1.45385,2.8875484,8.398359,0.08737461,1.6572107,2.3700707,3.2938957,1.6824541,2.6515086,3.9392438,1.8332839,2.5854678,2.7524562,2.1235933,2.6091847,3.9403684
3,19,20,32,1,0.0,0.27998835,0.28,0.0,0.0,-1.16555675e-05,-0.0,0.0,0.0,2.0,0.8,0.10567024,0.68069744,0.17779548,2.4280405,1.0,1.0,1.0,0.0,0.0,0.0,0.0,0.0,0.0,0.0,0.0,0,0.08903224,0.019049365,0.20586266,15.280456,9.126003,1.4184662,0.28312474,6.7116303,7.991169,0.8749149,2.4292946,6.839019,0.0,1.6444676,2.3668818,3.2973318,1.6718155,2.6203806,3.9260938,1.8263019,2.5918722,2.729649,2.1200671,2.6129663,3.9371622
0,20,21,31,1,0.0,0.27998814,0.28,0.0,0.0,-1.1870809e-05,-0.0,0.0,0.0,2.0,0.8,0.010637023,0.14803748,0.15135023,2.0623307,1.0,1.0,1.0,0.0,0.0,0.0,0.0,0.0,0.0,0.0,0.0,0,0.09089725,0.019865997,0.21225636,12.3627405,13.414841,2.4287605,2.317586,3.0006378,8.376415,0.7529693,3.119817,7.515383,0.3165133,1.6834364,2.373255,3.2367826,1.7103837,2.669478,3.8828242,1.7884158,2.5360584,2.7709112,2.0700715,2.5628674,3.9620943
1,20,21,33,1,0.0,0.2999892,0.3,0.0,0.0,-1.0819114e-05,-0.0,0.0,0.0,2.0,1.0,0.07472407,1.1967962,0.16440062,1.9619691,1.0,1.0,1.0,0.0,0.0,0.0,0.0,0.0,0.0,0.0,0.0,0,0.08573098,0.020018464,0.21204536,15.573147,9.868492,2.5826304,0.0,5.568854,7.2308006,1.5262585,3.3487506,8.782078,1.3010504,1.6282313,2.3357503,3.3040853,1.6530758,2.5868514,3.8875813,1.8158667,2.6040711,2.713345,2.106172,2.6253593,3.8861532
2,20,21,33,1,0.0,0.27998918,0.28,0.0,0.0,-1.0814493e-05,-0.0,0.0,0.0,2.0,0.8,0.05421214,0.40734354,0.15395498,1.9106315,1.0,1.0,1.0,0.0,0.0,0.0,0.0,0.0,0.0,0.0,0.0,0,0.086272344,0.019587776,0.21096994,12.547324,9.263387,2.1355467,0.776921,5.9633756,6.7481837,0.8348479,2.2581923,6.0251436,0.0,1.6266395,2.3479204,3.3084235,1.6514268,2.6206443,3.936398,1.8323653,2.5186546,2.7737238,2.121228,2.5480828,3.974976
3,20,21,32,1,0.0,0.27998993,0.28,0.0,0.0,-1.0070132e-05,-0.0,0.0,0.0,2.0,0.8,0.09469189,0.5395908,0.17233197,2.4781368,1.0,1.0,1.0,0.0,0.0,0.0,0.0,0.0,0.0,0.0,0.0,0,0.083250605,0.019764248,0.21017943,12.389424,9.705783,1.9269775,0.642448,1.1734463,7.395227,1.2544171,2.800285,8.021359,0.0,1.6473055,2.3420267,3.302215,1.6752982,2.5943367,3.9278626,1.8152393,2.5651097,2.7508757,2.1106791,2.587709,3.951854
0,21,22,31,1,0.0,0.27998897,0.28,0.0,0.0,-1.1034111e-05,-0.0,0.0,0.0,2.0,0.8,0.047004737,0.2017411,0.15028574,1.5835887,1.0,1.0,1.0,0.0,0.0,0.0,0.0,0.0,0.0,0.0,0.0,0,0.08693494,0.020793686,0.21755415,12.287061,13.312464,2.096241,1.4498382,3.5944524,8.244709,0.8018257,2.3649101,5.390039,0.023475945,1.6766082,2.3379698,3.261558,1.7020259,2.639088,3.9057486,1.804708,2.4555728,2.8065562,2.0816545,2.4905827,4.021826
1,21,22,33,1,0.0,0.27998856,0.28,0.0,0.0,-1.1448212e-05,-0.0,0.0,0.0,2.0,0.8,0.05963933,1.3636987,0.13685983,1.9971598,1.0,1.0,1.0,0.0,0.0,0.0,0.0,0.0,0.0,0.0,0.0,0,0.08810546,0.020811178,0.21718487,11.628051,9.320778,2.5189881,0.48292476,2.582819,7.5057864,0.6830737,2.5891216,6.672615,0.004443989,1.6140833,2.331564,3.300652,1.6431448,2.5772398,3.8723474,1.8294945,2.5111735,2.7300217,2.1251938,2.5369956,3.9327343
2,21,22,33,1,0.0,0.2799897,0.28,0.0,0.0,-1.0312268e-05,-0.0,0.0,0.0,2.0,0.8,0.10972495,0.6477026,0.13693099,2.1423774,1.0,1.0,1.0,0.0,0.0,0.0,0.0,0.0,0.0,0.0,0.0,0,0.08577181,0.020117383,0.21593323,13.040371,9.915182,1.4911505,0.90649354,3.905081,6.350793,0.8518163,2.2858474,6.673536,0.0,1.6311351,2.3101788,3.3219688,1.6562686,2.582593,3.9410748,1.8267705,2.4768896,2.7863173,2.1196282,2.5070024,3.9956548
3,21,22,32,1,0.0,0.25999036,0.26,0.0,0.0,-9.6355e-06,-0.0,0.0,0.0,2.0,0.6,0.062390767,1.0241097,0.17427288,1.731395,1.0,1.0,1.0,0.0,0.0,0.0,0.0,0.0,0.0,0.0,0.0,0,0.08192342,0.020619096,0.214879,16.069736,9.943453,2.0401635,0.23788491,2.8305266,6.9875884,0.066322185,0.6168547,5.793467,0.27618942,1.628479,2.3357284,3.2969608,1.6557498,2.5759752,3.885119,1.81709,2.5449224,2.7367995,2.1015797,2.573518,3.9264362
0,22,23,31,1,0.0,0.27999008,0.28,0.0,0.0,-9.915928e-06,-0.0,0.0,0.0,2.0,0.8,0.082630165,0.47477645,0.1338393,0.7753077,1.0,1.0,1.0,0.0,0.0,0.0,0.0,0.0,0.0,0.0,0.0,0,0.083142124,0.02159143,0.22259332,13.70176,11.001694,1.1615927,0.5983628,2.7790995,4.97408,2.5977652,3.1700974,6.1705813,0.0,1.6367267,2.3166108,3.2831125,1.6621675,2.602618,3.892704,1.81171,2.4157882,2.8227196,2.0791268,2.4476755,4.071067
1,22,23,33,1,0.0,0.27998924,0.28,0.0,0.0,-1.0765645e-05,-0.0,0.0,0.0,2.0,0.8,0.06085871,1.3217283,0.14452341,1.1967962,1.0,1.0,1.0,0.0,0.0,0.0,0.0,0.0,0.0,0.0,0.0,0,0.08634265,0.021697389,0.22257647,12.618181,9.792624,2.3413672,0.65758467,2.1991196,6.1016946,1.1847942,2.386225,6.8047857,0.23270258,1.6113415,2.3210003,3.2977202,1.6412536,2.5685792,3.8627944,1.8356256,2.4515793,2.780213,2.112005,2.4795716,3.9962456
2,22,23,33,1,0.0,0.27999055,0.28,0.0,0.0,-9.443018e-06,-0.0,0.0,0.0,2.0,0.8,0.033709414,1.2429922,0.115577504,0.61548275,1.0,1.0,1.0,0.0,0.0,0.0,0.0,0.0,0.0,0.0,0.0,0,0.0805982,0.020914799,0.22009557,12.520877,8.935492,2.8930242,0.4966585,1.7762853,5.786936,0.9393233,2.3521922,6.934242,0.0,1.5942283,2.305223,3.328649,1.6271604,2.562243,3.9586968,1.8278465,2.4393394,2.788206,2.0963964,2.4767785,4.0010204
3,22,23,32,1,0.0,0.27998984,0.28,0.0,0.0,-1.0166208e-05,-0.0,0.0,0.0,2.0,0.8,0.058135822,0.9270326,0.1369273,0.93794435,1.0,1.0,1.0,0.0,0.0,0.0,0.0,0.0,0.0,0.0,0.0,0,0.084804386,0.021473799,0.21949032,15.853338,9.548418,1.5130699,0.39477444,3.6975248,4.9307714,3.8129249,2.658965,5.773409,0.056167815,1.6318455,2.3162153,3.2948108,1.6598837,2.5572102,3.8644319,1.8234648,2.4659038,2.7641037,2.0966756,2.4923897,3.9781637
0,23,24,31,1,0.0,0.27999023,0.28,0.0,0.0,-9.773413e-06,-0.0,0.0,0.0,2.0,0.8,0.07636264,1.0601599,0.16173771,1.3682827,1.0,1.0,1.0,0.0,0.0,0.0,0.0,0.0,0.0,0.0,0.0,0,0.08334318,0.022382164,0.22734988,17.473288,7.311042,1.6585734,0.0,1.2516029,7.188647,1.1931803,2.250802,6.601327,0.0,1.6256087,2.300597,3.2998078,1.6568946,2.5583093,3.862688,1.8054746,2.3963027,2.8516986,2.07693,2.430604,4.0819516
1,23,24,33,1,0.0,0.27998945,0.28,0.0,0.0,-1.0541316e-05,-0.0,0.0,0.0,2.0,0.8,0.058065757,1.332932,0.13630664,1.2592574,1.0,1.0,1.0,0.0,0.0,0.0,0.0,0.0,0.0,0.0,0.0,0,0.08507128,0.022586495,0.22722903,12.186409,9.819332,2.7228572,0.1923339,1.1990814,6.1916537,1.0227524,2.3594096,7.271565,0.3582639,1.615369,2.3042996,3.2931745,1.6434958,2.5527022,3.8422306,1.8201374,2.4380894,2.7897,2.095388,2.470554,4.01333
2,23,24,33,1,0.0,0.27998948,0.28,0.0,0.0,-1.0506283e-05,-0.0,0.0,0.0,2.0,0.8,0.06323072,1.4210367,0.12518117,0.906543,1.0,1.0,1.0,0.0,0.0,0.0,0.0,0.0,0.0,0.0,0.0,0,0.08738407,0.021767601,0.22595063,13.368076,9.752625,2.5559056,0.5972832,1.2552145,6.040575,1.0648838,2.285814,5.567322,0.0,1.5823491,2.2902977,3.3283114,1.6142849,2.5404897,3.9084613,1.8235207,2.401352,2.8032713,2.0966258,2.4372923,4.0085135
3,23,24,32,1,0.0,0.27998906,0.28,0.0,0.0,-1.0943604e-05,-0.0,0.0,0.0,2.0,0.8,0.061460946,0.9683277,0.1583155,1.2679294,1.0,1.0,1.0,0.0,0.0,0.0,0.0,0.0,0.0,0.0,0.0,0,0.08911572,0.02237193,0.22475027,15.445235,9.545582,1.895503,0.48617774,3.3040338,6.4461308,1.1417255,2.3314154,6.3305316,0.24311718,1.6396977,2.2908416,3.2993236,1.668224,2.535763,3.8643494,1.8224962,2.41038,2.8149917,2.0961025,2.440345,4.030868
0,24,25,31,1,0.0,0.2799891,0.28,0.0,0.0,-1.0892881e-05,-0.0,0.0,0.0,2.0,0.8,0.061894666,1.4259852,0.14459386,1.1521457,1.0,1.0,1.0,0.0,0.0,0.0,0.0,0.0,0.0,0.0,0.0,0,0.086794645,0.023217505,0.23187545,12.11995,9.187003,2.1392963,0.2130619,1.2744974,7.026921,1.0554478,2.1749475,6.195388,0.47287267,1.6289066,2.2748966,3.3076837,1.658751,2.5320816,3.851831,1.7970569,2.3852654,2.836901,2.069902,2.4229617,4.0667934
1,24,25,33,1,0.0,0.29998997,0.3,0.0,0.0,-1.0048035e-05,-0.0,0.0,0.0,2.0,1.0,0.06638838,1.428727,0.13075265,1.1941773,1.0,1.0,1.0,0.0,0.0,0.0,0.0,0.0,0.0,0.0,0.0,0,0.082074985,0.023452288,0.23168273,12.48782,10.279575,2.4720922,0.46298528,1.1950548,6.298416,1.1441203,2.3773599,6.972781,0.567506,1.627142,2.2850235,3.2925975,1.6541157,2.538335,3.8330894,1.811929,2.4192638,2.7902617,2.0883496,2.4538033,4.022405
2,24,25,33,1,0.0,0.2799898,0.28,0.0,0.0,-1.0200832e-05,-0.0,0.0,0.0,2.0,0.8,0.060885813,1.4010677,0.12074695,1.0302058,1.0,1.0,1.0,0.0,0.0,0.0,0.0,0.0,0.0,0.0,0.0,0,0.08521241,0.022566956,0.23133224,13.70783,9.464792,2.267257,0.81818247,1.3810195,5.946999,1.0276152,2.230006,5.739677,0.0,1.5859246,2.2748635,3.3324168,1.6166426,2.5259142,3.8823872,1.8181727,2.3731701,2.811765,2.0932534,2.409301,4.0192823
3,24,25,32,1,0.0,0.27998868,0.28,0.0,0.0,-1.1338575e-05,-0.0,0.0,0.0,2.0,0.8,0.06498331,0.99149114,0.16458641,1.5328555,1.0,1.0,1.0,0.0,0.0,0.0,0.0,0.0,0.0,0.0,0.0,0,0.08959017,0.023235116,0.23001768,14.131917,9.210357,1.5197582,0.30789828,2.3811524,6.727485,1.0576941,2.314063,6.1688113,0.11475858,1.6478274,2.2678628,3.3001661,1.6758548,2.5161388,3.85728,1.8135511,2.379033,2.8228388,2.0944505,2.4112983,4.0455246
0,25,26,31,1,0.0,0.27999023,0.28,0.0,0.0,-9.789309e-06,-0.0,0.0,0.0,2.0,0.8,0.060589384,1.3836412,0.13183644,0.92195284,1.0,1.0,1.0,0.0,0.0,0.0,0.0,0.0,0.0,0.0,0.0,0,0.081508555,0.024010045,0.23624408,11.505003,8.973441,2.2887263,0.49961343,1.2127992,7.1130967,1.0624522,2.2948713,6.1752753,0.3004502,1.638725,2.2516682,3.3228617,1.6699533,2.5106096,3.8564167,1.7940313,2.373951,2.8195062,2.0635166,2.4128718,4.0511427
1,25,26,33,1,0.0,0.27999043,0.28,0.0,0.0,-9.555175e-06,-0.0,0.0,0.0,2.0,0.8,0.060334656,1.3352789,0.12048,1.2078627,1.0,1.0,1.0,0.0,0.0,0.0,0.0,0.0,0.0,0.0,0.0,0,0.08083728,0.024157863,0.2364118,12.398076,10.002361,2.5382233,0.28785753,1.2741426,6.1597414,1.1248577,2.4305074,7.1129127,0.46365613,1.637825,2.266033,3.294578,1.6645327,2.5210862,3.83047,1.8049405,2.4029686,2.7887554,2.081868,2.4392037,4.035341
2,25,26,33,1,0.0,0.2799901,0.28,0.0,0.0,-9.881754e-06,-0.0,0.0,0.0,2.0,0.8,0.06184907,1.4188318,0.101394966,0.6103749,1.0,1.0,1.0,0.0,0.0,0.0,0.0,0.0,0.0,0.0,0.0,0,0.083286114,0.023377065,0.23628634,12.73383,9.388598,2.3654375,0.9450606,1.252726,5.3538213,0.73974925,2.2243338,5.8039713,0.0,1.5960708,2.2556548,3.3377302,1.6259553,2.5121589,3.8739462,1.817239,2.347619,2.8078146,2.0837865,2.3907905,4.0328836
3,25,26,32,1,0.0,0.23998931,0.24000001,0.0,0.0,-1.0701986e-05,-0.0,0.0,0.0,2.0,0.4,0.06086338,0.9056793,0.12567239,0.5510728,1.0,1.0,0.0,0.0,0.0,0.0,0.0,0.0,0.0,0.0,0.0,0,0.08675052,0.024071565,0.23514697,13.9646015,9.799184,1.2999368,0.015724692,1.1584171,4.6045575,0.0,0.25589642,6.906994,0.39480525,1.6537235,2.2479138,3.295982,1.6803294,2.4932027,3.8363495,1.8129193,2.3511739,2.8164425,2.068582,2.3914142,4.0654387
0,26,27,31,1,0.0,0.27999073,0.28,0.0,0.0,-9.270521e-06,-0.0,0.0,0.0,2.0,0.8,0.05764565,1.3475323,0.09862692,0.51586074,1.0,1.0,1.0,0.0,0.0,0.0,0.0,0.0,0.0,0.0,0.0,0,0.07984426,0.024832873,0.24026036,11.915402,8.781838,2.19279,0.60650706,1.1480309,6.6268883,0.92879015,2.2821174,6.7206655,0.105204694,1.6470804,2.2265482,3.3333726,1.6785489,2.4894617,3.8642778,1.7944247,2.3615196,2.7985327,2.0585501,2.400703,4.0507693
1,26,27,33,1,0.0,0.27999088,0.28,0.0,0.0,-9.131431e-06,-0.0,0.0,0.0,2.0,0.8,0.05381483,1.3229121,0.08928412,1.0385293,1.0,1.0,1.0,0.0,0.0,0.0,0.0,0.0,0.0,0.0,0.0,0,0.07908545,0.024989072,0.24073048,12.685968,9.238974,1.6616144,0.2714941,1.2031448,5.425028,1.0104584,1.9172662,7.5120683,0.0,1.6319022,2.2479649,3.3013134,1.6604893,2.503635,3.832572,1.8062844,2.3880699,2.761998,2.083768,2.4267147,4.033937
2,26,27,33,1,0.0,0.2799904,0.28,0.0,0.0,-9.586279e-06,-0.0,0.0,0.0,2.0,0.8,0.05458043,1.3299929,0.082122415,0.4861793,1.0,1.0,1.0,0.0,0.0,0.0,0.0,0.0,0.0,0.0,0.0,0,0.081417926,0.024213873,0.2407984,13.289691,9.240716,2.3129916,0.61331993,1.203736,4.5368075,0.64595425,2.3361795,5.7032185,0.0,1.6089939,2.2369947,3.3382258,1.6392626,2.495117,3.8670347,1.8154584,2.3308768,2.8140955,2.0827084,2.3754926,4.078263
3,26,27,32,1,0.0,0.27999076,0.28,0.0,0.0,-9.227577e-06,-0.0,0.0,0.0,2.0,0.8,0.043003686,0.9867433,0.112721056,0.5128173,1.0,1.0,1.0,0.0,0.0,0.0,0.0,0.0,0.0,0.0,0.0,0,0.08140579,0.024892712,0.24003182,15.69555,9.705311,1.3935441,0.06900035,1.4846314,5.500316,1.26459,2.8216264,6.1313176,0.17624666,1.6645063,2.224654,3.2962196,1.6887052,2.4720478,3.8227513,1.8201627,2.3246064,2.803009,2.081321,2.3629932,4.0470567
0,27,28,31,1,0.0,0.279991,0.28,0.0,0.0,-8.988212e-06,-0.0,0.0,0.0,2.0,0.8,0.0601959,1.3830756,0.08224883,0.33804092,1.0,1.0,1.0,0.0,0.0,0.0,0.0,0.0,0.0,0.0,0.0,0,0.07936863,0.025660615,0.24415906,11.858517,8.85047,2.1033535,0.5967852,1.0779049,6.4348392,0.9320924,2.550428,5.909261,0.0,1.6542226,2.19991,3.3428073,1.68561,2.4681227,3.8751454,1.7980084,2.3387306,2.8053575,2.0606291,2.3802032,4.0810905
1,27,28,33,1,0.0,0.2799909,0.28,0.0,0.0,-9.079761e-06,-0.0,0.0,0.0,2.0,0.8,0.06369859,1.3954701,0.06282909,0.69096845,1.0,1.0,1.0,0.0,0.0,0.0,0.0,0.0,0.0,0.0,0.0,0,0.08054592,0.025785545,0.24516726,13.699867,9.08535,1.916003,0.25534815,1.205864,5.6920023,0.8398526,3.1086817,7.1322703,0.0,1.6414185,2.2169764,3.3105466,1.6705954,2.4782455,3.8421397,1.8137895,2.365713,2.753137,2.0884156,2.402105,4.048063
2,27,28,33,1,0.0,0.2999904,0.3,0.0,0.0,-9.635159e-06,-0.0,0.0,0.0,2.0,1.0,0.056814775,1.3240948,0.075383574,0.50821793,1.0,1.0,1.0,0.0,0.0,0.0,0.0,0.0,0.0,0.0,0.0,0,0.08229887,0.025090532,0.24524698,13.574127,9.32557,2.2431235,0.7059864,1.2448783,4.51737,0.76895493,2.3795273,5.260254,0.6816162,1.6166009,2.2116172,3.3459787,1.6479287,2.4739244,3.872302,1.8157349,2.310749,2.8311477,2.08272,2.3564446,4.1225348
3,27,28,32,1,0.0,0.27999017,0.28,0.0,0.0,-9.847096e-06,-0.0,0.0,0.0,2.0,0.8,0.049322214,0.9938565,0.115661204,0.5322888,1.0,1.0,1.0,0.0,0.0,0.0,0.0,0.0,0.0,0.0,0.0,0,0.08515566,0.025778191,0.24467188,14.961101,9.368184,1.4544357,0.07509053,1.5352896,5.4481077,0.98413384,2.8300843,6.0268455,0.2735823,1.6718384,2.191223,3.3062105,1.698437,2.4412558,3.8261566,1.8216007,2.2976234,2.8114178,2.084987,2.3347971,4.056648
0,28,29,31,1,0.0,0.27999085,0.28,0.0,0.0,-9.158059e-06,-0.0,0.0,0.0,2.0,0.8,0.061501343,1.3971517,0.07907713,0.4545639,1.0,1.0,1.0,0.0,0.0,0.0,0.0,0.0,0.0,0.0,0.0,0,0.080267906,0.026502063,0.2478136,11.777527,8.206471,1.801445,0.16403362,1.080239,6.35656,0.9455132,2.604838,5.9074893,0.049226172,1.6671151,2.1745615,3.3509274,1.7002393,2.443533,3.8798702,1.8006861,2.3151383,2.8186321,2.0680146,2.356235,4.1062927
1,28,29,33,1,0.0,0.279991,0.28,0.0,0.0,-9.009897e-06,-0.0,0.0,0.0,2.0,0.8,0.05946188,1.4493952,0.07229489,0.8146883,1.0,1.0,1.0,0.0,0.0,0.0,0.0,0.0,0.0,0.0,0.0,0,0.08063477,0.026566086,0.24982908,13.009807,9.130562,2.055149,0.25973558,1.0948361,5.8430443,1.912913,2.5073156,5.9465437,0.0,1.6490303,2.1888025,3.321211,1.6798162,2.456692,3.8551266,1.8172867,2.323983,2.7923658,2.0905132,2.3615427,4.0758843
2,28,29,33,1,0.0,0.27999076,0.28,0.0,0.0,-9.246531e-06,-0.0,0.0,0.0,2.0,0.8,0.05980765,1.3739911,0.07117782,0.3896671,1.0,1.0,1.0,0.0,0.0,0.0,0.0,0.0,0.0,0.0,0.0,0,0.079716876,0.025816742,0.24980476,12.996176,9.10329,2.142348,0.45667782,1.0540533,3.9649346,0.7850289,2.9326584,5.9805956,0.101085566,1.6296576,2.1848004,3.3568513,1.6609387,2.452739,3.8809254,1.8160157,2.2934935,2.844923,2.0833273,2.3382125,4.136279
3,28,29,32,1,0.0,0.27999085,0.28,0.0,0.0,-9.1453985e-06,-0.0,0.0,0.0,2.0,0.8,0.0579422,1.1329646,0.10776859,0.6584884,1.0,1.0,1.0,0.0,0.0,0.0,0.0,0.0,0.0,0.0,0.0,0,0.08080554,0.026578013,0.24883392,16.163326,8.275417,1.391038,0.05775785,1.3532388,5.2386856,1.0899714,2.9462938,6.5382376,0.0,1.6722109,2.1651354,3.3166926,1.7013987,2.419318,3.828815,1.8205934,2.2811034,2.808436,2.0865088,2.319345,4.067709
0,29,30,31,1,0.0,0.29999122,0.3,0.0,0.0,-8.80303e-06,-0.0,0.0,0.0,2.0,1.0,0.06363089,1.7012968,0.08411537,0.65967596,1.0,1.0,1.0,0.0,0.0,0.0,0.0,0.0,0.0,0.0,0.0,0,0.078869246,0.027279444,0.25198635,11.396875,8.430437,2.7359464,0.0,0.9852103,6.2331796,1.0616806,2.853679,5.7731853,0.8308547,1.6662519,2.14979,3.3649988,1.7026911,2.4224784,3.8913364,1.8029742,2.28946,2.8330417,2.0704873,2.329947,4.114798
1,29,30,33,1,0.0,0.27999112,0.28,0.0,0.0,-8.895897e-06,-0.0,0.0,0.0,2.0,0.8,0.063625015,1.4867162,0.078998305,0.926188,1.0,1.0,1.0,0.0,0.0,0.0,0.0,0.0,0.0,0.0,0.0,0,0.07992664,0.027316095,0.25438753,13.361491,8.44365,1.9723843,0.22169434,1.213897,5.382805,1.6320102,3.1239543,7.4053245,0.2750833,1.6593933,2.1613195,3.3333375,1.6918089,2.4320667,3.8634262,1.8137537,2.3196175,2.7869403,2.0934925,2.3587835,4.0658298
2,29,30,33,1,0.0,0.279991,0.28,0.0,0.0,-9.001236e-06,-0.0,0.0,0.0,2.0,0.8,0.060975596,1.4580098,0.07940788,0.47969663,1.0,1.0,1.0,0.0,0.0,0.0,0.0,0.0,0.0,0.0,0.0,0,0.079146795,0.026653653,0.25376737,12.252275,9.090299,2.1729922,0.57829094,1.0948724,4.810069,0.9160125,2.7037826,5.5075755,0.12617086,1.6451671,2.15328,3.3692327,1.67699,2.428165,3.8940258,1.8174566,2.2772386,2.8419166,2.0838494,2.3245816,4.125174
3,29,30,32,1,0.0,0.2799908,0.28,0.0,0.0,-9.22129e-06,-0.0,0.0,0.0,2.0,0.8,0.07091608,1.1948326,0.11216284,0.74018866,1.0,1.0,1.0,0.0,0.0,0.0,0.0,0.0,0.0,0.0,0.0,0,0.08206947,0.027428653,0.25281513,15.377674,7.6071653,1.4061162,0.102901846,1.4260241,4.9888997,1.1737226,3.0076628,5.3821096,0.0,1.6780641,2.1293263,3.3319838,1.7116297,2.3852055,3.8417544,1.8194602,2.2558093,2.8319545,2.0848277,2.2921686,4.1070013
0,30,31,31,1,0.0,0.29999158,0.3,0.0,0.0,-8.44185e-06,-0.0,0.0,0.0,2.0,1.0,0.06221544,1.6216829,0.07661332,0.8722216,1.0,1.0,1.0,0.0,0.0,0.0,0.0,0.0,0.0,0.0,0.0,0,0.07567991,0.027951172,0.25580838,11.399655,7.1832657,1.4576685,0.1679959,1.3564978,4.7335954,2.742501,2.7998683,4.7130446,0.6304454,1.6650985,2.1152794,3.378886,1.7030077,2.3964274,3.9069195,1.8033303,2.2695384,2.8389425,2.069924,2.3095284,4.12572
1,30,31,33,1,0.0,0.27999136,0.28,0.0,0.0,-8.641963e-06,-0.0,0.0,0.0,2.0,0.8,0.054126203,1.5811154,0.093436636,1.0324825,1.0,1.0,1.0,0.0,0.0,0.0,0.0,0.0,0.0,0.0,0.0,0,0.07720611,0.028108263,0.2587719,12.947249,6.3281083,2.4023163,0.0,1.0735137,5.7203183,1.7076061,3.0174625,7.365447,0.3468899,1.673292,2.135545,3.3473961,1.7082068,2.4094539,3.8722925,1.8148236,2.3156486,2.772306,2.094537,2.3566487,4.0284677
2,30,31,33,1,0.0,0.27999124,0.28,0.0,0.0,-8.758851e-06,-0.0,0.0,0.0,2.0,0.8,0.06367342,1.5354066,0.08791436,0.62931556,1.0,1.0,1.0,0.0,0.0,0.0,0.0,0.0,0.0,0.0,0.0,0,0.077272646,0.02745148,0.25744334,12.894393,8.973986,2.0453656,0.29792476,1.1982143,4.5017467,0.84736407,2.6875143,5.4430747,0.11384011,1.6396843,2.1293852,3.38057,1.6751071,2.406212,3.9000583,1.8187337,2.261722,2.8405979,2.0884728,2.3098857,4.1180315
3,30,31,32,1,0.0,0.2799914,0.28,0.0,0.0,-8.6233385e-06,-0.0,0.0,0.0,2.0,0.8,0.07058048,1.2207541,0.10729823,0.8374283,1.0,1.0,1.0,0.0,0.0,0.0,0.0,0.0,0.0,0.0,0.0,0,0.07930325,0.028196821,0.25693324,14.939028,8.802765,1.2935805,0.07043999,1.0465773,4.816302,1.2658656,2.9788516,5.4950857,0.17394336,1.6840742,2.0916262,3.3547103,1.7195241,2.3562586,3.864091,1.8170781,2.2372544,2.8464117,2.0829306,2.2734497,4.122396
0,31,32,31,0,1.0,0.33209872,0.3,0.03210646,0.0,-7.755727e-06,-0.0,0.0,0.0,2.0,1.0,0.08545226,1.5596837,0.06024224,1.0697145,1.0,1.0,1.0,0.0,1.0,0.0,0.0,0.0,0.0,0.0,0.0,0,0.07123194,0.028574156,0.25911385,13.03496,8.798813,1.8834382,1.0876828,1.4452938,4.179758,1.4666587,3.5095572,5.2378902,2.138436,1.6781642,2.0746834,3.392789,1.7147346,2.377949,3.9392126,1.8017516,2.2618308,2.8330967,2.0649714,2.3028164,4.123525
1,31,32,33,1,0.0,0.27999088,0.28,0.0,0.0,-9.110332e-06,-0.0,0.0,0.0,2.0,0.8,0.050355762,1.499298,0.105628915,1.1197618,1.0,1.0,1.0,0.0,0.0,0.0,0.0,0.0,0.0,0.0,0.0,0,0.07984382,0.02888058,0.2627805,13.496701,7.6185412,2.1537056,0.0,1.128294,5.3923607,1.6857151,3.2613947,7.1991806,0.21943271,1.6551931,2.117796,3.3512459,1.6978244,2.3884969,3.8713698,1.8127575,2.315112,2.7650847,2.0950196,2.356982,4.0126877
2,31,32,33,1,0.0,0.27999142,0.28,0.0,0.0,-8.577897e-06,-0.0,0.0,0.0,2.0,0.8,0.068854235,1.6207173,0.0962636,0.7187293,1.0,1.0,1.0,0.0,0.0,0.0,0.0,0.0,0.0,0.0,0.0,0,0.07686044,0.028236602,0.2609781,14.215162,7.8755546,2.1198227,0.14912042,1.2549971,4.516142,0.75402606,2.6326835,5.4135375,0.08290794,1.656929,2.0989313,3.384614,1.6955459,2.3790822,3.8997967,1.8204242,2.2448487,2.8452024,2.0928986,2.2944126,4.117678
3,31,32,32,1,0.0,0.2799915,0.28,0.0,0.0,-8.478816e-06,-0.0,0.0,0.0,2.0,0.8,0.07864765,1.3002349,0.0983555,0.97957844,1.0,1.0,1.0,0.0,0.0,0.0,0.0,0.0,0.0,0.0,0.0,0,0.07721985,0.02894755,0.2606305,16.357908,8.611251,1.7075071,0.0,4.343693,4.505815,1.312767,2.8810172,5.13296,0.19092092,1.6700588,2.0547755,3.3790157,1.7141187,2.3287654,3.8924005,1.815363,2.2209368,2.855593,2.0823417,2.2574267,4.1403747
0,32,33,31,0,1.0,0.31352866,0.3,0.013538271,0.0,-9.613226e-06,-0.0,0.0,0.0,2.0,1.0,0.115189165,1.6541777,0.06375556,1.180333,1.0,1.0,1.0,0.0,2.0,0.0,0.0,0.0,0.0,0.0,0.0,0,0.08118161,0.029329712,0.2633059,12.7624235,8.403746,2.8424025,0.99660474,2.0737495,3.8067608,1.4654875,3.4921682,5.359479,1.8089583,1.6819626,2.0474222,3.4102068,1.7206075,2.358916,3.9635487,1.8018216,2.2623599,2.8344147,2.0655165,2.3063953,4.1287656
1,32,33,33,1,0.0,0.2999914,0.3,0.0,0.0,-8.621272e-06,-0.0,0.0,0.0,2.0,1.0,0.059404925,1.5003417,0.11775434,1.3038418,1.0,1.0,1.0,0.0,0.0,0.0,0.0,0.0,0.0,0.0,0.0,0,0.07754644,0.029634867,0.2670429,13.280126,7.9825907,1.8148593,0.0,1.414827,4.045955,1.8167659,3.3610547,6.9664083,1.0647595,1.6583565,2.0873978,3.3556256,1.7038773,2.3613946,3.8744543,1.8096954,2.3141265,2.771233,2.0952127,2.3568141,4.0122643
2,32,33,33,1,0.0,0.27999154,0.28,0.0,0.0,-8.469304e-06,-0.0,0.0,0.0,2.0,0.8,0.07134493,1.6720614,0.09845135,0.8961226,1.0,1.0,1.0,0.0,0.0,0.0,0.0,0.0,0.0,0.0,0.0,0,0.07705025,0.029010585,0.2647295,13.830815,7.8849916,1.9662509,0.07117266,1.2114394,4.2237105,0.86523765,3.004332,5.7034335,0.16653119,1.676647,2.0681658,3.3882716,1.71709,2.3542788,3.9026299,1.8228128,2.2289321,2.8453283,2.0976238,2.280855,4.1270595
3,32,33,32,0,1.0,0.30466798,0.3,0.0046770275,0.0,-9.0498415e-06,-0.0,0.0,0.0,2.0,1.0,0.1193019,1.7913852,0.079900414,1.1190627,1.0,1.0,1.0,0.0,1.0,0.0,0.0,0.0,0.0,0.0,0.0,0,0.078517385,0.029707763,0.26358157,14.865556,8.475235,2.1250718,1.2348293,1.8711244,5.058872,1.3581619,3.0810215,4.8411927,2.6412737,1.6772039,2.0242605,3.3993769,1.7200328,2.3251867,3.9302225,1.8118963,2.21612,2.8347836,2.0753617,2.2572904,4.1173663
0,33,34,31,0,1.0,0.31347135,0.3,0.013481393,0.0,-1.00321195e-05,-0.0,0.0,0.0,2.0,1.0,0.117917895,1.6341836,0.05640078,1.224595,1.0,1.0,1.0,0.0,3.0,0.0,0.0,0.0,0.0,0.0,0.0,0,0.08361769,0.030007923,0.26765075,12.848389,8.055403,3.0017667,0.9352278,1.9462073,3.7280107,1.443944,3.5442817,5.2546163,1.6258537,1.6834944,2.0237494,3.4297392,1.7254895,2.3424544,3.9871018,1.8014319,2.263046,2.8307133,2.0661716,2.3075995,4.132396
1,33,34,33,0,1.0,0.32372695,0.3,0.023735091,0.0,-8.166992e-06,-0.0,0.0,0.0,2.0,1.0,0.09755334,1.5581774,0.071639046,1.121159,1.0,1.0,1.0,0.0,1.0,0.0,0.0,0.0,0.0,0.0,0.0,0,0.07342347,0.030255156,0.2710548,14.181041,8.916615,1.9757216,1.1715218,1.4920601,3.317443,1.7941151,3.0134447,6.395587,2.2821312,1.6587403,2.0516305,3.3749712,1.7036805,2.3540902,3.913504,1.8147588,2.2999854,2.760519,2.0965977,2.342908,4.014141
2,33,34,33,0,1.0,0.3430802,0.3,0.04308875,0.0,-8.564903e-06,-0.0,0.0,0.0,2.0,1.0,0.07736354,1.518491,0.057167474,0.9470789,1.0,1.0,1.0,0.0,1.0,0.0,0.0,0.0,0.0,0.0,0.0,0,0.0763363,0.029784182,0.26838806,13.947649,8.90726,2.358053,1.958923,1.0434139,3.1710036,1.4563024,3.386103,5.2496805,2.0489001,1.6885747,2.0317435,3.3984802,1.7282058,2.3479128,3.9374876,1.8254943,2.227632,2.830422,2.09911,2.2786427,4.1170163
3,33,34,32,0,1.0,0.29070398,0.3,-0.009286135,0.0,-9.883086e-06,-0.0,0.0,0.0,2.0,1.0,0.1487729,1.8549246,0.07503777,1.2117447,1.0,1.0,1.0,0.0,2.0,0.0,0.0,0.0,0.0,0.0,0.0,0,0.08216335,0.030445723,0.26853248,15.054843,7.848161,2.378113,1.134082,2.2972996,4.611109,1.4887282,3.3658388,4.952236,1.7362219,1.6772375,2.009854,3.4116898,1.7225027,2.3144567,3.9446123,1.813148,2.216033,2.838254,2.0758958,2.2580178,4.1207957
0,34,35,31,0,1.0,0.3082239,0.3,0.008233935,0.0,-1.0043544e-05,-0.0,0.0,0.0,2.0,1.0,0.12979765,1.6100576,0.06092948,1.2716279,1.0,1.0,1.0,0.0,4.0,0.0,0.0,0.0,0.0,0.0,0.0,0,0.083488055,0.030703451,0.2721309,12.735555,7.695762,3.7697148,0.7700575,2.1556604,3.3437161,1.2410374,4.0984497,5.4927683,1.7265323,1.6861916,2.0060186,3.4409637,1.7327987,2.336882,4.0040565,1.8076584,2.2553704,2.8283253,2.0726128,2.3007796,4.133927
1,34,35,33,0,1.0,0.31280175,0.3,0.012811139,0.0,-9.400578e-06,-0.0,0.0,0.0,2.0,1.0,0.13179696,1.5786383,0.07602381,1.126035,1.0,1.0,1.0,0.0,2.0,0.0,0.0,0.0,0.0,0.0,0.0,0,0.07990847,0.03101765,0.2754482,14.033527,8.084151,2.6620934,1.024738,1.9325029,3.2030685,1.6675749,3.181003,6.395524,1.6150382,1.6590729,2.0250196,3.39147,1.7075013,2.3332212,3.932467,1.8193669,2.3018227,2.7594812,2.0990183,2.3442495,4.022309
2,34,35,33,0,1.0,0.31925398,0.3,0.01926358,0.0,-9.593568e-06,-0.0,0.0,0.0,2.0,1.0,0.123386644,1.6795346,0.055946246,1.0385293,1.0,1.0,1.0,0.0,2.0,0.0,0.0,0.0,0.0,0.0,0.0,0,0.08055126,0.030539155,0.27279598,13.853372,8.312175,2.879072,1.6074548,2.1363378,3.0278003,1.4756246,3.4002664,5.1588955,1.6013153,1.6926292,2.0077088,3.4100862,1.7349846,2.3323724,3.9565985,1.8264339,2.2290595,2.826974,2.0997758,2.2799726,4.1135826
3,34,35,32,0,1.0,0.29669994,0.3,-0.0032899976,0.0,-1.0087998e-05,-0.0,0.0,0.0,2.0,1.0,0.14906113,1.7081839,0.07298365,1.2473922,1.0,1.0,1.0,0.0,3.0,0.0,0.0,0.0,0.0,0.0,0.0,0,0.08373293,0.031145811,0.2730044,14.32898,7.4242144,2.5822861,1.2341439,1.6463729,4.6158504,1.520952,3.374619,4.7899756,2.0874403,1.6786121,1.9938614,3.4273415,1.7273251,2.3028963,3.9607372,1.8129088,2.2167556,2.8416185,2.0763268,2.2590623,4.1306033
0,35,36,31,0,1.0,0.30797145,0.3,0.007981464,0.0,-1.0058246e-05,-0.0,0.0,0.0,2.0,1.0,0.12428926,1.612001,0.06412165,1.2863152,1.0,1.0,1.0,0.0,5.0,0.0,0.0,0.0,0.0,0.0,0.0,0,0.08351142,0.03140112,0.2765441,12.414575,7.1042304,3.9404776,0.7421841,1.5278943,3.4113917,1.0998958,4.302962,5.62445,1.6293665,1.6928624,1.9878898,3.4545925,1.7469982,2.3338103,4.022308,1.821962,2.2467217,2.8324814,2.0883446,2.2951102,4.1368666
1,35,36,33,0,1.0,0.3092992,0.3,0.009309024,0.0,-9.834477e-06,-0.0,0.0,0.0,2.0,1.0,0.14136973,1.5045093,0.09459125,1.1295053,1.0,1.0,1.0,0.0,3.0,0.0,0.0,0.0,0.0,0.0,0.0,0,0.08258891,0.031728607,0.27953237,14.007816,7.8501306,2.9045029,0.80823344,1.5067266,3.104562,1.4237149,3.733142,6.7719927,2.024584,1.661409,2.0087686,3.405792,1.7143289,2.3243265,3.947109,1.8291391,2.2938602,2.7546697,2.1073477,2.3364003,4.022684
2,35,36,33,0,1.0,0.318416,0.3,0.018425792,0.0,-9.817151e-06,-0.0,0.0,0.0,2.0,1.0,0.12616734,1.6149116,0.07095412,1.0309652,1.0,1.0,1.0,0.0,3.0,0.0,0.0,0.0,0.0,0.0,0.0,0,0.08221865,0.031247951,0.27690804,13.47585,7.7902064,3.4290648,1.5804145,1.6383024,2.9402444,0.87454283,3.7409058,5.634653,1.9830945,1.6989987,1.9905366,3.4219754,1.7470247,2.3260694,3.9723608,1.8347956,2.22132,2.8253875,2.1063476,2.2733245,4.1148787
3,35,36,32,0,1.0,0.29057133,0.3,-0.009418711,0.0,-9.961178e-06,-0.0,0.0,0.0,2.0,1.0,0.16013919,1.7507262,0.076161206,1.2561458,1.0,1.0,1.0,0.0,4.0,0.0,0.0,0.0,0.0,0.0,0.0,0,0.08277605,0.03184627,0.2775927,14.39009,6.7467422,3.3401275,1.1089354,1.9876311,4.505828,1.0452048,3.852217,5.2503133,1.9697905,1.6837336,1.970049,3.4493883,1.7379748,2.288145,3.987111,1.8213742,2.206979,2.8414993,2.0836856,2.2535534,4.134461
0,36,37,31,0,1.0,0.30926156,0.3,0.009271547,0.0,-1.0005068e-05,-0.0,0.0,0.0,2.0,1.0,0.11824424,1.5726774,0.07323637,1.2844886,1.0,1.0,1.0,0.0,6.0,0.0,0.0,0.0,0.0,0.0,0.0,0,0.08313337,0.032088608,0.28085816,12.557319,7.363447,3.438506,1.121948,1.4597666,3.4241252,0.93884784,4.4722443,5.8594656,1.4252722,1.6955383,1.9457337,3.4846172,1.7553272,2.3087454,4.053035,1.8380866,2.2424533,2.8327613,2.1069937,2.2944193,4.138206
1,36,37,33,0,1.0,0.30329278,0.3,0.003302589,0.0,-9.8054325e-06,-0.0,0.0,0.0,2.0,1.0,0.15116082,1.4835539,0.10205697,1.184305,1.0,1.0,1.0,0.0,4.0,0.0,0.0,0.0,0.0,0.0,0.0,0,0.082227886,0.03244418,0.2838497,13.525615,7.6979246,3.8441885,0.6981373,1.2991644,2.9115207,1.2133607,4.3297477,7.125159,2.1062958,1.6652786,1.988795,3.4213781,1.7244889,2.3183491,3.9691892,1.8440641,2.2863872,2.7522042,2.1210113,2.3289611,4.0242443
2,36,37,33,0,1.0,0.3140771,0.3,0.014086887,0.0,-9.790847e-06,-0.0,0.0,0.0,2.0,1.0,0.13455006,1.552642,0.082157604,1.0820817,1.0,1.0,1.0,0.0,4.0,0.0,0.0,0.0,0.0,0.0,0.0,0,0.0816938,0.031964183,0.28116927,13.319949,7.2558093,3.8038216,1.5752542,1.4363863,2.6874888,0.9949035,4.3031397,5.592356,1.7774153,1.7071888,1.9627948,3.4407356,1.7618113,2.3140233,3.995338,1.8488027,2.2109642,2.828434,2.1198387,2.2654946,4.1225896
3,36,37,32,0,1.0,0.29496923,0.3,-0.005020842,0.0,-9.937571e-06,-0.0,0.0,0.0,2.0,1.0,0.15688461,1.6589026,0.07993991,1.2573915,1.0,1.0,1.0,0.0,5.0,0.0,0.0,0.0,0.0,0.0,0.0,0,0.08262381,0.032544255,0.28213856,14.095065,6.25018,4.1417236,1.394017,1.8980404,4.506118,1.0223962,4.2235956,5.51989,2.393674,1.6829517,1.941663,3.4737673,1.7426565,2.2739828,4.0150714,1.8351429,2.1993837,2.8383448,2.0991075,2.2470164,4.13205
0,37,38,31,0,1.0,0.29640162,0.3,-0.0035884678,0.0,-9.924065e-06,-0.0,0.0,0.0,2.0,1.0,0.121116176,1.6408752,0.08019513,1.4243377,1.0,1.0,1.0,0.0,7.0,0.0,0.0,0.0,0.0,0.0,0.0,0,0.08263976,0.032759145,0.2850738,12.257768,7.8445077,3.0032036,2.2614264,1.7965127,3.2087207,0.98945254,4.963543,5.87351,1.4336759,1.6949266,1.8875704,3.5346172,1.7586933,2.2614813,4.096272,1.856827,2.238836,2.8288736,2.1267493,2.2905393,4.135528
1,37,38,33,0,1.0,0.3010069,0.3,0.0010165423,0.0,-9.6497415e-06,-0.0,0.0,0.0,2.0,1.0,0.14320762,1.4352859,0.10962582,1.2802159,1.0,1.0,1.0,0.0,5.0,0.0,0.0,0.0,0.0,0.0,0.0,0,0.080953695,0.033119816,0.28818238,13.566213,7.2412663,4.1385636,1.0419981,1.8417934,2.78756,1.2007082,4.489754,6.9168687,1.7544421,1.668125,1.9493173,3.452578,1.7339525,2.2990112,4.0062857,1.8628322,2.2774844,2.750153,2.142017,2.3196528,4.022667
2,37,38,33,0,1.0,0.30847466,0.3,0.008484423,0.0,-9.763723e-06,-0.0,0.0,0.0,2.0,1.0,0.13282998,1.5241504,0.09167347,1.1836439,1.0,1.0,1.0,0.0,5.0,0.0,0.0,0.0,0.0,0.0,0.0,0,0.08163217,0.03266021,0.2853227,13.447579,7.0841465,3.4560373,1.873872,1.70605,2.5093327,0.92953396,4.6280885,5.7880554,1.7307643,1.7156605,1.923336,3.4715335,1.7767258,2.2888575,4.027222,1.8653884,2.2062294,2.8273008,2.1365108,2.260849,4.120297
3,37,38,32,0,1.0,0.2936448,0.3,-0.0063454956,0.0,-9.728438e-06,-0.0,0.0,0.0,2.0,1.0,0.15842465,1.6560693,0.08426516,1.2573915,1.0,1.0,1.0,0.0,6.0,0.0,0.0,0.0,0.0,0.0,0.0,0,0.08113694,0.03320947,0.28671384,14.166669,6.8114386,2.987831,1.9574511,2.2117677,4.4489,0.90525186,4.3832912,5.7387652,2.4388273,1.6886834,1.9023083,3.509457,1.7544014,2.244418,4.050354,1.8496261,2.1932647,2.8387942,2.1171105,2.2460964,4.1416607
0,38,39,31,0,1.0,0.2884334,0.3,-0.011556789,0.0,-9.806409e-06,-0.0,0.0,0.0,2.0,1.0,0.12544712,1.6897559,0.08338711,1.4972085,1.0,1.0,1.0,0.0,8.0,0.0,0.0,0.0,0.0,0.0,0.0,0,0.08197763,0.033380195,0.28916225,12.04238,7.581227,3.3206766,2.5203292,1.8084389,3.0402818,0.9601492,5.1032968,5.824323,1.4974645,1.6970598,1.8337425,3.5814643,1.7642504,2.220733,4.1421056,1.8761568,2.2312024,2.8275602,2.1500797,2.2863789,4.142537
1,38,39,33,0,1.0,0.2942479,0.3,-0.005742416,0.0,-9.684218e-06,-0.0,0.0,0.0,2.0,1.0,0.14671281,1.4450686,0.11244493,1.3739911,1.0,1.0,1.0,0.0,6.0,0.0,0.0,0.0,0.0,0.0,0.0,0,0.08098928,0.033776347,0.29238266,13.65242,7.3067083,3.8037004,1.8730274,2.0818553,2.6887286,1.0148311,4.7629,6.9964676,1.9857323,1.6735193,1.8929504,3.4997025,1.7462522,2.2571542,4.052206,1.8829048,2.2658057,2.7457728,2.1638825,2.3077238,4.0231185
2,38,39,33,0,1.0,0.3028359,0.3,0.0028455406,0.0,-9.615027e-06,-0.0,0.0,0.0,2.0,1.0,0.13781512,1.5220948,0.097282104,1.2455082,1.0,1.0,1.0,0.0,6.0,0.0,0.0,0.0,0.0,0.0,0.0,0,0.080589704,0.033304617,0.28942916,13.203786,7.191071,3.6616561,2.847876,1.9270953,2.339472,0.76322615,4.6691036,5.965231,1.7762487,1.7195244,1.8714924,3.51718,1.7868778,2.2483397,4.0708303,1.8823073,2.2010088,2.8258345,2.1545799,2.2597606,4.130568
3,38,39,32,0,1.0,0.28971788,0.3,-0.010272577,0.0,-9.569312e-06,-0.0,0.0,0.0,2.0,1.0,0.1623618,1.6860464,0.08979197,1.2586358,1.0,1.0,1.0,0.0,7.0,0.0,0.0,0.0,0.0,0.0,0.0,0,0.08031028,0.0338503,0.29105288,14.015457,6.7904058,3.3187597,2.4242623,2.2094433,4.4383335,0.7307211,4.5586905,5.760844,2.5156777,1.692956,1.8524956,3.554704,1.7636038,2.2061877,4.0956883,1.8660545,2.1869936,2.8386228,2.1361861,2.2447011,4.148494
0,39,40,31,0,1.0,0.2838749,0.3,-0.016115353,0.0,-9.735755e-06,-0.0,0.0,0.0,2.0,1.0,0.12677366,1.718235,0.0845221,1.5475928,1.0,1.0,1.0,0.0,9.0,0.0,0.0,0.0,0.0,0.0,0.0,0,0.08146988,0.033982243,0.2931471,12.285389,7.5092463,3.4529269,2.5839672,1.451347,2.8096304,1.0170192,5.0376453,5.6472335,1.215479,1.6978714,1.775974,3.6307764,1.7687408,2.174712,4.1855984,1.8969178,2.2191741,2.8252237,2.1768417,2.2751744,4.142303
1,39,40,33,0,1.0,0.2898872,0.3,-0.010103121,0.0,-9.710578e-06,-0.0,0.0,0.0,2.0,1.0,0.1470683,1.4835539,0.11397246,1.4133044,1.0,1.0,1.0,0.0,7.0,0.0,0.0,0.0,0.0,0.0,0.0,0,0.0809956,0.034407686,0.296535,13.7899475,7.1857543,4.0665965,2.167341,2.2285163,2.558153,0.8563079,5.0311966,6.954955,1.6576637,1.6771857,1.8376957,3.5486825,1.7553668,2.2194083,4.102074,1.9018636,2.2539601,2.7403383,2.1865816,2.2963614,4.021639
2,39,40,33,0,1.0,0.2989414,0.3,-0.0010489672,0.0,-9.624082e-06,-0.0,0.0,0.0,2.0,1.0,0.14019042,1.5415117,0.10002696,1.2783806,1.0,1.0,1.0,0.0,7.0,0.0,0.0,0.0,0.0,0.0,0.0,0,0.080573805,0.03393499,0.29349938,13.249101,7.039176,3.8114595,3.0896847,1.9410895,2.2858105,0.70923996,5.0374413,5.9474587,1.7400758,1.7230872,1.8234127,3.5614595,1.7963288,2.2139018,4.1128845,1.9004219,2.1960876,2.8193035,2.1763399,2.2559254,4.1286063
3,39,40,32,0,1.0,0.28905216,0.3,-0.010938376,0.0,-9.481547e-06,-0.0,0.0,0.0,2.0,1.0,0.1623296,1.6284258,0.097382754,1.29178,1.0,1.0,1.0,0.0,8.0,0.0,0.0,0.0,0.0,0.0,0.0,0,0.07964848,0.034487613,0.2952506,14.154985,6.819034,3.515824,2.2204165,2.5485482,4.185109,1.0832362,4.359571,5.609328,2.0754201,1.6903933,1.7996118,3.6024902,1.7643412,2.1667702,4.1410594,1.8846326,2.181732,2.8363824,2.1614668,2.2413871,4.149913
0,40,41,31,0,1.0,5.2739334,0.3,-0.026057258,5.0,-9.63542e-06,-0.0,0.0,0.0,2.0,1.0,0.13374586,1.7799888,0.08851195,1.6298672,1.0,1.0,1.0,1.0,10.0,1.0,0.0,0.0,0.0,0.0,0.0,0,0.08077899,0.034574162,0.2969535,11.942256,7.4486876,3.4024394,3.8451257,1.8656105,2.5919266,0.8458998,4.877874,5.527218,1.0658838,1.6988204,1.7273028,3.6740315,1.7723686,2.145984,4.230393,1.918684,2.2039561,2.8199031,2.2029324,2.263198,4.14571
1,40,41,33,0,1.0,0.27073133,0.28,-0.00925903,0.0,-9.646002e-06,-0.0,0.0,0.0,2.0,0.8,0.14555725,1.5097029,0.11921986,1.351592,1.0,1.0,1.0,0.0,8.0,0.0,0.0,0.0,0.0,0.0,0.0,0,0.08048993,0.035033718,0.3004892,13.830581,7.244217,4.107904,2.1994724,2.2284176,2.7111504,0.46208432,3.7285013,6.3172994,1.6545676,1.6796619,1.7815213,3.5986543,1.7632054,2.1801178,4.1495442,1.9150906,2.232249,2.750317,2.2046623,2.2838068,4.043355
2,40,41,33,0,1.0,0.29663077,0.3,-0.0033596754,0.0,-9.555136e-06,-0.0,0.0,0.0,2.0,1.0,0.13951981,1.5425268,0.106573224,1.2942014,1.0,1.0,1.0,0.0,8.0,0.0,0.0,0.0,0.0,0.0,0.0,0,0.08003244,0.034554683,0.29741052,13.563916,7.0788198,3.755883,3.1062074,2.0051565,2.0539594,0.63820326,4.76561,5.83604,1.1284475,1.7219827,1.7680697,3.6098533,1.7994385,2.1718438,4.154668,1.9196666,2.1865592,2.81417,2.2019374,2.247891,4.12634
3,40,41,32,0,1.0,0.27840868,0.3,-0.021581918,0.0,-9.425056e-06,-0.0,0.0,0.0,2.0,1.0,0.16541418,1.7368115,0.10416086,1.3469512,1.0,1.0,1.0,0.0,9.0,0.0,0.0,0.0,0.0,0.0,0.0,0,0.079345115,0.03511447,0.29928967,13.816993,7.0763974,3.4784017,3.2695086,2.506577,3.921385,1.0739732,4.2669463,5.511777,1.9598384,1.689459,1.7454703,3.6520898,1.7666665,2.1303494,4.190018,1.9037485,2.1712236,2.8331175,2.186726,2.2321835,4.145964
0,41,42,31,0,1.0,0.26850152,0.3,-0.0314887,0.0,-9.783799e-06,-0.0,0.0,0.0,2.0,1.0,0.13934493,1.8027097,0.08867302,1.6869744,1.0,1.0,1.0,1.0,11.0,0.0,0.0,0.0,0.0,0.0,0.0,0,0.08096185,0.03512284,0.30017966,12.150643,7.158241,3.9791746,4.486922,1.2890493,2.184452,1.2117537,5.346843,5.602428,0.8895051,1.7008677,1.6869512,3.7064314,1.7789915,2.1260922,4.263722,1.9216895,2.1920338,2.8134563,2.2076554,2.2530527,4.148794
1,41,42,33,0,1.0,0.28302318,0.3,-0.016967729,0.0,-9.134155e-06,-0.0,0.0,0.0,2.0,1.0,0.14580078,1.6813976,0.11885208,1.3346926,1.0,1.0,1.0,0.0,9.0,0.0,0.0,0.0,0.0,0.0,0.0,0,0.077750504,0.035641316,0.30423528,13.41878,7.0701776,4.2222643,3.2696388,2.1087995,2.4973333,0.97825027,4.649,6.688551,1.5512329,1.6842737,1.724865,3.6503012,1.773223,2.1440923,4.2005677,1.9163042,2.2214391,2.7491846,2.2094953,2.2766287,4.0428867
2,41,42,33,0,1.0,0.287476,0.3,-0.012514517,0.0,-9.473864e-06,-0.0,0.0,0.0,2.0,1.0,0.14803189,1.6692505,0.10921481,1.294806,1.0,1.0,1.0,0.0,9.0,0.0,0.0,0.0,0.0,0.0,0.0,0,0.07948324,0.03517214,0.30107638,13.276576,6.7310534,4.028837,4.5012164,2.1590738,1.8726898,1.2921455,4.479946,5.9335246,1.2551862,1.7301526,1.7190609,3.6537838,1.8134737,2.1448243,4.2004337,1.9216001,2.1765814,2.811838,2.20766,2.2436163,4.1306195
3,41,42,32,0,1.0,5.2665367,0.3,-0.033454016,5.0,-9.388086e-06,-0.0,0.0,0.0,2.0,1.0,0.16918157,1.8713087,0.11060652,1.3988314,1.0,1.0,1.0,1.0,10.0,1.0,0.0,0.0,0.0,0.0,0.0,0,0.07885385,0.035737894,0.30316162,13.920627,7.7540636,4.0203404,3.8573,1.8034608,3.8332543,1.2534374,4.4093213,5.613961,1.6745569,1.6912215,1.6959198,3.6946132,1.7718067,2.1055603,4.2357497,1.9159652,2.1602757,2.8290243,2.2025495,2.2231648,4.139607
0,42,43,31,0,1.0,0.26648113,0.3,-0.03350912,0.0,-9.744577e-06,-0.0,0.0,0.0,2.0,1.0,0.1365435,1.8767384,0.08763934,1.6725295,1.0,1.0,1.0,1.0,12.0,0.0,0.0,0.0,0.0,0.0,0.0,0,0.08038246,0.035673242,0.3032794,12.288084,6.9420047,4.3001127,5.431043,1.3618065,2.1385264,1.2460217,4.9863577,5.4956536,0.6450318,1.7024997,1.6473163,3.7403252,1.7862741,2.1076245,4.2975283,1.9222773,2.179414,2.807033,2.2114892,2.245408,4.155352
1,42,43,33,0,1.0,5.27209,0.3,-0.02790077,5.0,-9.397925e-06,-0.0,0.0,0.0,2.0,1.0,0.1544908,1.6929954,0.12863417,1.4493952,1.0,1.0,1.0,1.0,10.0,1.0,0.0,0.0,0.0,0.0,0.0,0,0.07859732,0.036267895,0.3078187,13.773543,7.8911934,4.7904024,4.9295926,1.1179773,2.2323053,1.0903786,4.5283594,6.3217783,1.5174453,1.6888496,1.6831096,3.682895,1.7817594,2.1282125,4.2370534,1.9181504,2.2108502,2.7458608,2.2104943,2.2663932,4.0422363
2,42,43,33,0,1.0,5.275882,0.3,-0.024108961,5.0,-9.517975e-06,-0.0,0.0,0.0,2.0,1.0,0.15830995,1.701757,0.11935439,1.3921007,1.0,1.0,1.0,1.0,10.0,1.0,0.0,0.0,0.0,0.0,0.0,0,0.07921813,0.035798937,0.30462486,13.559116,8.036922,4.1667943,4.48467,1.4603904,2.7527275,1.4652035,4.5211487,5.747361,0.8383312,1.7295231,1.6754951,3.691168,1.816329,2.1220596,4.2375197,1.9218475,2.1658607,2.8071046,2.207394,2.238538,4.1405225
3,42,43,32,0,1.0,0.25970283,0.3,-0.040287778,0.0,-9.394798e-06,-0.0,0.0,0.0,2.0,1.0,0.17501858,1.9114507,0.11624042,1.4380099,1.0,1.0,1.0,1.0,11.0,0.0,0.0,0.0,0.0,0.0,0.0,0,0.078757666,0.03633088,0.30640337,14.157231,7.6646495,4.849123,4.800358,1.4474168,3.9348695,1.4357927,4.487152,5.54217,1.025049,1.6906537,1.6597189,3.725456,1.7755857,2.0950935,4.270407,1.9160814,2.1530888,2.8286085,2.2037697,2.222123,4.1472874
0,43,44,31,0,1.0,0.26391694,0.3,-0.036073312,0.0,-9.739481e-06,-0.0,0.0,0.0,2.0,1.0,0.12495567,1.9739013,0.087162435,1.6869744,1.0,1.0,1.0,1.0,13.0,0.0,0.0,0.0,0.0,0.0,0.0,0,0.08024683,0.03622723,0.30620384,13.045105,8.712604,4.443239,4.2609744,1.127053,2.8072867,1.4009553,5.002036,5.2725544,0.54586345,1.6958125,1.6021628,3.7793915,1.7823597,2.0866756,4.3375297,1.923529,2.1670856,2.7951689,2.2156327,2.2349422,4.1529527
1,43,44,33,0,1.0,0.2613078,0.3,-0.038682684,0.0,-9.497273e-06,-0.0,0.0,0.0,2.0,1.0,0.15675609,1.7821862,0.12849855,1.5651941,1.0,1.0,1.0,1.0,11.0,0.0,0.0,0.0,0.0,0.0,0.0,0,0.07907675,0.03685803,0.31085947,13.487038,7.2745476,5.0813613,4.5870266,1.6872078,1.801829,1.0855743,4.6347523,6.381725,0.93173146,1.6882823,1.6446673,3.717029,1.7859349,2.1165588,4.2733526,1.9200549,2.2028372,2.7372115,2.2135763,2.258378,4.0403376
2,43,44,33,0,1.0,0.26671243,0.3,-0.033278093,0.0,-9.475025e-06,-0.0,0.0,0.0,2.0,1.0,0.1640626,1.745353,0.12379645,1.4809138,1.0,1.0,1.0,1.0,11.0,0.0,0.0,0.0,0.0,0.0,0.0,0,0.07923215,0.036372013,0.30757666,13.866052,7.837331,4.626459,4.8422046,0.99215955,2.6091266,1.4261413,4.461768,5.542742,0.746754,1.7308049,1.6315236,3.7283638,1.8222293,2.1014278,4.2746353,1.921717,2.151958,2.8031945,2.2074862,2.229969,4.1508045
3,43,44,32,0,1.0,0.25143304,0.3,-0.04855749,0.0,-9.469264e-06,-0.0,0.0,0.0,2.0,1.0,0.18250044,1.9687399,0.1236013,1.4719013,1.0,1.0,1.0,1.0,12.0,0.0,0.0,0.0,0.0,0.0,0.0,0,0.07881012,0.03693209,0.3094629,13.934696,6.993644,5.237286,4.997512,1.4813716,4.036118,1.4676079,4.9943466,5.607782,1.094971,1.6909901,1.6194682,3.7613115,1.7823596,2.0793014,4.306125,1.9168891,2.1410503,2.8222642,2.20461,2.2164621,4.154072
0,44,45,31,0,1.0,0.24161606,0.28,-0.0383745,0.0,-9.443591e-06,-0.0,0.0,0.0,2.0,0.8,0.1174465,2.089104,0.08730049,1.6546507,1.0,1.0,1.0,1.0,14.0,0.0,0.0,0.0,0.0,0.0,0.0,0,0.07916378,0.036770888,0.30897498,13.022952,6.947153,5.088307,3.9280994,1.2312613,2.3964615,1.0204344,5.551607,5.3504777,0.0,1.697192,1.5575569,3.8189788,1.7908618,2.0620112,4.3718667,1.9245849,2.1534436,2.7854934,2.2187731,2.2272024,4.158135
1,44,45,33,0,1.0,0.2286553,0.28,-0.0513352,0.0,-9.508294e-06,-0.0,0.0,0.0,2.0,0.8,0.16030107,1.8950005,0.12948081,1.6827936,1.0,1.0,1.0,1.0,12.0,0.0,0.0,0.0,0.0,0.0,0.0,0,0.079035826,0.03743218,0.31374374,13.797863,7.734248,4.999832,4.755723,1.2706866,2.5239282,1.0189673,4.6825733,6.1917114,0.41647235,1.68727,1.5979264,3.757918,1.7881529,2.094903,4.3130884,1.9222773,2.1902242,2.7273655,2.2173648,2.24695,4.0401597
2,44,45,33,0,1.0,0.23490298,0.28,-0.04508756,0.0,-9.460088e-06,-0.0,0.0,0.0,2.0,0.8,0.16473886,1.9192154,0.12306004,1.5435413,1.0,1.0,1.0,1.0,12.0,0.0,0.0,0.0,0.0,0.0,0.0,0,0.07897854,0.036934912,0.31050885,13.796807,7.2295723,4.8629565,5.3191895,1.3712237,2.390895,1.4961272,4.321768,5.53689,0.21924463,1.7289426,1.5862927,3.767622,1.8241901,2.0800345,4.312356,1.9225776,2.1408587,2.7916327,2.2113783,2.2210846,4.148966
3,44,45,32,0,1.0,0.24200374,0.3,-0.0579869,0.0,-9.377657e-06,-0.0,0.0,0.0,2.0,1.0,0.1821457,2.0486221,0.123557486,1.5825998,1.0,1.0,1.0,1.0,13.0,0.0,0.0,0.0,0.0,0.0,0.0,0,0.0783945,0.03751433,0.31245944,14.475056,7.663127,5.121818,4.8587766,1.3110365,3.7215514,1.484483,4.8212805,5.3100777,0.6562323,1.6876224,1.5776455,3.797987,1.7835487,2.060677,4.341234,1.9174598,2.1293626,2.8151064,2.2071168,2.2060952,4.156186
0,45,46,31,0,1.0,0.23660235,0.28,-0.043388575,0.0,-9.075646e-06,-0.0,0.0,0.0,2.0,0.8,0.11445408,2.1609302,0.090541534,1.6818631,1.0,1.0,1.0,1.0,15.0,0.0,0.0,0.0,0.0,0.0,0.0,0,0.07771552,0.037425295,0.31088224,13.145539,7.745416,4.6931143,4.251079,0.991221,2.4114454,0.8543874,5.1181417,4.9540305,0.0,1.6935419,1.5077035,3.8635209,1.7907673,2.035482,4.4118896,1.9248642,2.1358378,2.777376,2.22203,2.2152297,4.160455
1,45,46,33,0,1.0,0.21435098,0.28,-0.06563987,0.0,-9.152879e-06,-0.0,0.0,0.0,2.0,0.8,0.16539884,2.0604324,0.13172448,1.7667476,1.0,1.0,1.0,1.0,13.0,0.0,0.0,0.0,0.0,0.0,0.0,0,0.07784036,0.03809134,0.3157953,14.068303,7.385544,5.242222,4.5698586,1.3168662,2.3057857,0.8085122,4.998554,6.199376,0.07070253,1.6930186,1.5568852,3.7935388,1.7988216,2.0731418,4.343764,1.924216,2.1792903,2.7173252,2.2210462,2.2377188,4.037986
2,45,46,33,0,1.0,0.21482663,0.28,-0.06516428,0.0,-9.093558e-06,-0.0,0.0,0.0,2.0,0.8,0.17798732,2.000293,0.13434875,1.7413123,1.0,1.0,1.0,1.0,13.0,0.0,0.0,0.0,0.0,0.0,0.0,0,0.077668816,0.037595134,0.31254613,14.296678,7.7407436,4.894515,4.4809937,1.8295795,3.5427127,1.3674647,4.2240567,5.354592,0.0,1.7289013,1.5428685,3.806885,1.8284265,2.056616,4.3472652,1.9237638,2.1295764,2.7778878,2.219747,2.212726,4.1505327
3,45,46,32,0,1.0,0.20874469,0.28,-0.07124601,0.0,-9.297768e-06,-0.0,0.0,0.0,2.0,0.8,0.18794295,2.1847057,0.1250329,1.675335,1.0,1.0,1.0,1.0,14.0,0.0,0.0,0.0,0.0,0.0,0.0,0,0.0780401,0.038091954,0.31525216,14.518262,7.2417626,5.374567,3.9985425,1.2967243,3.2629912,1.3032233,4.6940007,5.07837,0.1957474,1.6914606,1.5377585,3.8327997,1.793467,2.03836,4.3706617,1.918041,2.1147072,2.8088064,2.2077284,2.1970384,4.1654587
0,46,47,31,0,1.0,0.2283318,0.28,-0.05165918,0.0,-9.022586e-06,-0.0,0.0,0.0,2.0,0.8,0.11819694,2.225878,0.09240426,1.7542992,1.0,1.0,1.0,1.0,16.0,0.0,0.0,0.0,0.0,0.0,0.0,0,0.07745243,0.038072564,0.31258005,13.375961,8.163035,4.737569,4.463847,1.0149051,2.449476,0.73295027,5.0782495,4.614615,0.0,1.6940765,1.4570717,3.9071317,1.795525,2.0084615,4.451319,1.9253247,2.1179101,2.770547,2.224773,2.202621,4.1657577
1,46,47,33,0,1.0,0.20513813,0.28,-0.07485272,0.0,-9.150405e-06,-0.0,0.0,0.0,2.0,0.8,0.16937974,2.2021914,0.13245358,1.785696,1.0,1.0,1.0,1.0,14.0,0.0,0.0,0.0,0.0,0.0,0.0,0,0.077812046,0.038753916,0.31765315,14.331748,7.6079803,5.250103,4.215083,1.1853036,2.1653004,0.7856713,5.1103325,6.0146637,0.0,1.7001506,1.513939,3.8307667,1.8110162,2.0469954,4.372672,1.9248254,2.1642334,2.7126305,2.2255275,2.2289786,4.046606
2,46,47,33,0,1.0,0.19440475,0.28,-0.085586295,0.0,-8.949911e-06,-0.0,0.0,0.0,2.0,0.8,0.19992565,1.9631658,0.14847755,2.006544,1.0,1.0,1.0,1.0,14.0,0.0,0.0,0.0,0.0,0.0,0.0,0,0.0770975,0.038236007,0.31432235,14.186061,7.3935294,5.1286902,4.731159,1.5059652,3.3721337,1.2580861,4.609557,5.224303,0.0,1.7323781,1.4955673,3.8465624,1.8360714,2.0277946,4.381167,1.9255191,2.115324,2.7635024,2.226497,2.202511,4.1468954
3,46,47,32,0,1.0,0.19668409,0.28,-0.08330707,0.0,-8.838118e-06,-0.0,0.0,0.0,2.0,0.8,0.1936742,2.322591,0.12776367,1.7363607,1.0,1.0,1.0,1.0,15.0,0.0,0.0,0.0,0.0,0.0,0.0,0,0.076423444,0.038767084,0.31731665,14.418012,7.3617034,5.258048,4.331368,1.6056845,3.3187063,1.3574631,4.5976133,4.9610906,0.10897279,1.6978506,1.4897962,3.8749642,1.8061589,2.0069938,4.4043007,1.9192315,2.1000824,2.803494,2.208457,2.1883166,4.173982
0,47,48,31,0,1.0,0.19878311,0.26,-0.061208054,0.0,-8.827846e-06,-0.0,0.0,0.0,2.0,0.6,0.12314102,2.3127968,0.09341675,1.8285756,1.0,1.0,1.0,1.0,17.0,0.0,0.0,0.0,0.0,0.0,0.0,0,0.07661497,0.038705133,0.3141567,13.40348,7.363024,4.794541,4.8759375,1.0686158,2.0430946,0.20583381,4.603081,4.481056,0.0,1.6977947,1.4056262,3.9500623,1.8030664,1.98226,4.4905005,1.925686,2.0983377,2.765335,2.226751,2.1899707,4.1704364
1,47,48,33,0,1.0,0.19816881,0.28,-0.08182223,0.0,-8.95636e-06,-0.0,0.0,0.0,2.0,0.8,0.17547488,2.2590377,0.13241276,1.8379683,1.0,1.0,1.0,1.0,15.0,0.0,0.0,0.0,0.0,0.0,0.0,0,0.07712232,0.039400253,0.31936187,14.775105,7.927783,4.5314527,4.8263493,1.4568393,2.2901313,0.8295312,4.593231,5.6113963,0.0,1.7074022,1.4673464,3.8691576,1.8209063,2.0187268,4.4051366,1.9257002,2.1459088,2.7074895,2.2292325,2.2168999,4.052638
2,47,48,33,0,1.0,0.16902739,0.28,-0.110963896,0.0,-8.719149e-06,-0.0,0.0,0.0,2.0,0.8,0.22033843,2.0785868,0.15961027,2.2409477,1.0,1.0,1.0,1.0,15.0,0.0,0.0,0.0,0.0,0.0,0.0,0,0.07614718,0.038862247,0.31586835,14.435245,7.2410836,4.83364,4.903319,1.6539652,3.366522,0.6482061,4.3860345,5.000423,0.0,1.7419178,1.4508926,3.882777,1.8504219,2.0005388,4.41233,1.9268609,2.0988026,2.7519345,2.2294343,2.1942189,4.163701
3,47,48,32,0,1.0,0.18060994,0.28,-0.09938116,0.0,-8.894533e-06,-0.0,0.0,0.0,2.0,0.8,0.19711019,2.5479074,0.124946676,1.8294313,1.0,1.0,1.0,1.0,16.0,0.0,0.0,0.0,0.0,0.0,0.0,0,0.07674087,0.039429855,0.31923115,15.106332,7.5871387,4.868365,4.727918,1.6844678,3.1777217,1.6145672,4.1671352,4.7297306,0.0,1.6996261,1.4449999,3.914425,1.8108774,1.9805616,4.437384,1.9187226,2.0838828,2.7986333,2.2118819,2.1784291,4.1832623
0,48,49,31,0,1.0,0.18434463,0.26,-0.07564686,0.0,-8.49478e-06,-0.0,0.0,0.0,2.0,0.6,0.13072233,2.476557,0.09271054,1.9192154,1.0,1.0,1.0,1.0,18.0,0.0,0.0,0.0,0.0,0.0,0.0,0,0.075082205,0.03932622,0.3153861,12.826419,7.727827,3.856919,4.9984193,1.4171587,1.6853211,0.46522832,4.8703637,4.3611264,0.0,1.7089169,1.332228,4.010374,1.8190463,1.9368954,4.5406,1.9265555,2.0812757,2.757126,2.2283168,2.1798525,4.1751094
1,48,49,33,0,1.0,0.18353009,0.28,-0.09646119,0.0,-8.721545e-06,-0.0,0.0,0.0,2.0,0.8,0.18512034,2.402438,0.12872152,1.957576,1.0,1.0,1.0,1.0,16.0,0.0,0.0,0.0,0.0,0.0,0.0,0,0.07614497,0.04002809,0.32077,14.726561,8.773019,4.575828,4.629293,1.0791702,1.9808087,0.9168397,4.7420907,5.4896617,0.0,1.72006,1.4122807,3.9112833,1.837232,1.9852355,4.4402623,1.9266665,2.1290927,2.7010128,2.2324636,2.2019715,4.050827
2,48,49,33,0,1.0,0.1560657,0.28,-0.12392573,0.0,-8.573819e-06,-0.0,0.0,0.0,2.0,0.8,0.23833025,1.9085821,0.17095216,2.5235207,1.0,1.0,1.0,1.0,16.0,0.0,0.0,0.0,0.0,0.0,0.0,0,0.07572283,0.03947343,0.3171517,14.747346,8.174911,4.650436,5.638371,1.6525576,3.2428613,1.1783772,4.2947493,4.747872,0.0,1.7445356,1.3994492,3.923098,1.8555549,1.9739721,4.4535904,1.9267037,2.0825937,2.735196,2.2337964,2.1836665,4.168651
3,48,49,32,0,1.0,0.1668847,0.28,-0.113106474,0.0,-8.82629e-06,-0.0,0.0,0.0,2.0,0.8,0.20594671,2.671189,0.12281081,1.9471526,1.0,1.0,1.0,1.0,17.0,0.0,0.0,0.0,0.0,0.0,0.0,0,0.076710306,0.040083304,0.3210261,15.263422,7.4805465,4.949916,6.044977,1.3595842,2.7523174,1.3835156,4.9373255,4.7404633,0.0,1.7114673,1.4019731,3.9472234,1.8287824,1.9570706,4.4649596,1.9201531,2.0707092,2.790735,2.2142236,2.1672904,4.180703
0,49,50,31,0,1.0,0.17652285,0.28,-0.10346882,0.0,-8.32878e-06,-0.0,0.0,0.0,2.0,0.8,0.1464126,2.8424034,0.095416926,2.0178246,1.0,1.0,1.0,1.0,19.0,0.0,0.0,0.0,0.0,0.0,0.0,0,0.074346974,0.039904602,0.3163498,12.523929,8.619775,3.783152,5.520787,1.9594345,1.709093,0.591153,4.994612,4.15896,0.0,1.7193724,1.2500886,4.084178,1.8351173,1.8893768,4.6021504,1.9271746,2.0662448,2.7475872,2.2292552,2.1699452,4.175186
1,49,50,33,0,1.0,0.14671743,0.26,-0.11327402,0.0,-8.539241e-06,-0.0,0.0,0.0,2.0,0.6,0.20022719,2.4835007,0.12623431,2.149672,1.0,1.0,1.0,1.0,17.0,0.0,0.0,0.0,0.0,0.0,0.0,0,0.07534407,0.04063711,0.3220251,14.649117,8.919198,4.4369545,5.0497904,1.5372356,1.872865,0.042267203,3.5943038,4.6449676,0.0,1.7305672,1.3554792,3.9560776,1.8508399,1.9532704,4.4800086,1.9280828,2.1066375,2.6964574,2.2362916,2.1832538,4.0605683
2,49,50,33,0,1.0,0.1404134,0.28,-0.13957824,0.0,-8.36343e-06,-0.0,0.0,0.0,2.0,0.8,0.2541494,1.8148263,0.18440396,2.7839715,1.0,1.0,1.0,1.0,17.0,0.0,0.0,0.0,0.0,0.0,0.0,0,0.07477843,0.04005644,0.31811512,14.872234,8.384919,4.535372,5.18024,2.4050975,3.3502102,1.098603,4.078372,4.4725347,0.0,1.7540623,1.3486117,3.9628077,1.8693546,1.9473993,4.4925175,1.9267247,2.065944,2.719882,2.2371762,2.173721,4.17727
3,49,50,32,0,1.0,0.16035832,0.28,-0.119632855,0.0,-8.821206e-06,-0.0,0.0,0.0,2.0,0.8,0.21482338,2.668257,0.12025566,2.049004,1.0,1.0,1.0,1.0,18.0,0.0,0.0,0.0,0.0,0.0,0.0,0,0.07688228,0.04073691,0.32261303,15.457222,8.138451,4.7201214,5.110066,1.9108372,3.2139735,1.2226115,4.8719635,4.317332,0.0,1.7232322,1.3561971,3.9829195,1.8477144,1.9297577,4.496686,1.9211345,2.0529404,2.779574,2.216052,2.1559966,4.1843657
0,50,51,31,0,1.0,0.113332205,0.26,-0.1466593,0.0,-8.483509e-06,-0.0,0.0,0.0,2.0,0.6,0.16178226,3.4622107,0.10196888,2.1522193,1.0,1.0,1.0,1.0,20.0,0.0,0.0,0.0,0.0,0.0,0.0,0,0.07515399,0.040500045,0.3172998,12.434521,7.873689,3.8405318,5.9182425,2.4982624,1.6463408,0.40705815,5.3475523,3.9264297,0.0,1.730635,1.180268,4.1473656,1.85118,1.8573185,4.6576705,1.9281901,2.050352,2.7400367,2.232174,2.1595705,4.1760283
1,50,51,33,0,1.0,0.12994517,0.26,-0.13004659,0.0,-8.230097e-06,-0.0,0.0,0.0,2.0,0.6,0.21190564,2.7130582,0.11922928,2.2321985,1.0,1.0,1.0,1.0,18.0,0.0,0.0,0.0,0.0,0.0,0.0,0,0.07410643,0.041224297,0.32301715,14.511321,8.597033,4.2684374,5.006659,1.5716333,1.609645,0.18040706,4.487521,4.8662105,0.0,1.7419289,1.2863063,4.014634,1.867424,1.9105645,4.5255904,1.927805,2.0862117,2.693838,2.238778,2.1708846,4.071749
2,50,51,33,0,1.0,0.11233639,0.28,-0.16765551,0.0,-8.098128e-06,-0.0,0.0,0.0,2.0,0.8,0.2747201,1.9249165,0.20093676,3.0499086,1.0,1.0,1.0,1.0,18.0,0.0,0.0,0.0,0.0,0.0,0.0,0,0.07342294,0.04060463,0.31883207,14.701039,8.565089,4.33258,6.4668064,1.8387827,3.133421,0.7030462,3.9934194,4.3398786,0.0,1.7654773,1.2868441,4.012435,1.8866751,1.9110477,4.5358896,1.9269533,2.04916,2.7039125,2.2380424,2.1652727,4.1919627
3,50,51,32,0,1.0,0.14261582,0.28,-0.13737564,0.0,-8.545069e-06,-0.0,0.0,0.0,2.0,0.8,0.22658026,2.8105555,0.12652937,2.1714091,1.0,1.0,1.0,1.0,19.0,0.0,0.0,0.0,0.0,0.0,0.0,0,0.075674854,0.041359194,0.32402045,14.548834,7.7157035,4.3126216,4.8721733,2.3567963,2.9199283,1.1318365,5.3157525,4.6474724,0.0,1.7221723,1.2682226,4.060096,1.850464,1.8725929,4.5609245,1.9237988,2.0432062,2.7690814,2.2186573,2.152605,4.191764
0,51,52,31,0,1.0,0.10273283,0.26,-0.1572588,0.0,-8.364744e-06,-0.0,0.0,0.0,2.0,0.6,0.1785828,3.4538348,0.11296505,2.2336009,1.0,1.0,1.0,1.0,21.0,0.0,0.0,0.0,0.0,0.0,0.0,0,0.07508308,0.041098475,0.31799966,12.1292305,8.448641,3.8637238,3.6813025,2.5067513,1.5767847,0.2028528,5.344979,3.76904,0.0,1.7355893,1.0885246,4.2303104,1.8620306,1.8028431,4.725141,1.9283607,2.0331078,2.732686,2.2335157,2.150663,4.1777554
1,51,52,33,0,1.0,0.1005045,0.26,-0.15948741,0.0,-8.076232e-06,-0.0,0.0,0.0,2.0,0.6,0.2294061,3.056062,0.120966345,2.3818235,1.0,1.0,1.0,1.0,19.0,0.0,0.0,0.0,0.0,0.0,0.0,0,0.07339734,0.041783113,0.32382378,14.04334,8.246284,4.153591,5.494009,2.929458,2.2749887,0.0,4.662023,4.729129,0.0,1.750765,1.1936654,4.099905,1.8818382,1.8558385,4.5969615,1.9286007,2.068591,2.6864634,2.2410302,2.159702,4.0787807
2,51,52,33,0,1.0,0.0764685,0.28,-0.20352341,0.0,-8.088516e-06,-0.0,0.0,0.0,2.0,0.8,0.29283038,2.2398999,0.2149634,3.2915998,1.0,1.0,1.0,1.0,19.0,0.0,0.0,0.0,0.0,0.0,0.0,0,0.073428325,0.041136943,0.3193333,13.852011,7.7068386,4.0962462,5.596023,3.0619981,3.1649086,0.60468155,4.0619845,4.1420093,0.0,1.7778132,1.2019277,4.086537,1.9049846,1.8582923,4.5979257,1.9269191,2.0349607,2.6888244,2.239525,2.1578033,4.1977086
3,51,52,32,0,1.0,0.11404091,0.28,-0.16595064,0.0,-8.445511e-06,-0.0,0.0,0.0,2.0,0.8,0.24797872,3.0398824,0.13531016,2.3626862,1.0,1.0,1.0,1.0,20.0,0.0,0.0,0.0,0.0,0.0,0.0,0,0.07540121,0.04195499,0.32525155,13.675132,7.452228,4.2404118,4.953373,3.356492,3.7697897,0.8019324,5.9844313,4.584297,0.0,1.7267108,1.1764575,4.145651,1.8607382,1.8225468,4.6391373,1.9267775,2.031576,2.7565784,2.2240543,2.1467078,4.198713
0,52,53,31,0,1.0,0.09407292,0.26,-0.16555329,0.0,-8.043636e-06,-0.00036573038,0.00036573038,1.0,2.0,0.6,0.19654277,3.3846955,0.12239681,2.3316724,1.0,1.0,1.0,1.0,22.0,0.0,0.0,0.0,0.0,0.0,0.0,0,0.07318138,0.041648302,0.31862772,12.181948,7.9263926,4.038928,3.9968615,2.7427108,1.3911939,0.21876755,4.8546925,3.5103695,0.0,1.7416798,0.9978056,4.3129044,1.8751945,1.7541806,4.7932997,1.9289181,2.0165286,2.722703,2.2355347,2.1421313,4.180614
1,52,53,33,0,1.0,0.056982398,0.26,-0.20300953,0.0,-8.062541e-06,-0.0,0.0,0.0,2.0,0.6,0.25802958,3.3823824,0.14335285,2.670896,1.0,1.0,1.0,1.0,20.0,0.0,0.0,0.0,0.0,0.0,0.0,0,0.073571354,0.04233972,0.3244203,13.758897,8.397011,4.0244036,4.593304,2.615852,2.3862226,0.04915391,5.3496723,4.8038564,0.0,1.7533194,1.1041198,4.182193,1.8891997,1.8105791,4.669901,1.9297049,2.0548992,2.6725411,2.2451713,2.1526222,4.0879087
2,52,53,33,0,1.0,0.027947139,0.28,-0.25204492,0.0,-7.945476e-06,-0.0,0.0,0.0,2.0,0.8,0.30355567,2.9001982,0.2208834,3.5185041,1.0,1.0,1.0,1.0,20.0,0.0,0.0,0.0,0.0,0.0,0.0,0,0.07279756,0.04164492,0.3196285,13.849891,8.164234,3.9855597,5.9836535,3.412629,3.0383449,1.1110913,4.3111873,3.8522801,0.0,1.7936487,1.1303709,4.1541677,1.9271573,1.8274089,4.6585793,1.9263134,2.0193896,2.6840658,2.2426784,2.1503572,4.20278
3,52,53,32,0,1.0,0.08565715,0.28,-0.19433446,0.0,-8.388377e-06,-0.0,0.0,0.0,2.0,0.8,0.27580318,3.116929,0.15390895,2.6211984,1.0,1.0,1.0,1.0,21.0,0.0,0.0,0.0,0.0,0.0,0.0,0,0.075369984,0.042538345,0.3262824,13.332934,7.416409,4.589891,3.9412527,3.5246553,3.7423265,0.943194,5.1761727,3.8870118,0.0,1.7294414,1.0800228,4.236205,1.8705407,1.772363,4.722159,1.9279726,2.01647,2.7381048,2.2314568,2.1408324,4.212042
0,53,54,31,0,1.0,0.06350975,0.26,-0.18163495,0.0,-7.8770445e-06,-0.014847424,0.014847424,1.0,2.0,0.6,0.23813078,3.0455422,0.15220185,2.6354935,1.0,1.0,1.0,1.0,23.0,0.0,0.0,0.0,0.0,0.0,0.0,0,0.07244636,0.042200685,0.32257304,12.507322,8.00729,3.6139188,3.5417864,2.946996,2.4117277,0.32919192,5.5350313,3.5707471,0.0,1.7408658,0.91091543,4.390159,1.8825477,1.7037323,4.8566794,1.930657,2.0025418,2.7041814,2.240892,2.134756,4.1880317
1,53,54,33,0,1.0,0.027404245,0.26,-0.23258783,0.0,-7.915995e-06,-0.0,0.0,0.0,2.0,0.6,0.28464696,3.482725,0.16982189,2.896687,1.0,1.0,1.0,1.0,21.0,0.0,0.0,0.0,0.0,0.0,0.0,0,0.07297911,0.04288434,0.32483652,13.322131,8.051075,4.1600275,3.8233953,3.0552816,2.4886262,0.19328222,5.0032706,4.3357472,0.0,1.7546259,1.0114521,4.2665834,1.8961631,1.7654655,4.744322,1.9306018,2.0402722,2.6598797,2.2493677,2.1474001,4.100905
2,53,54,33,0,1.0,-0.0050441474,0.28,-0.28503615,0.0,-8.001698e-06,-0.0,0.0,0.0,2.0,0.8,0.31634435,3.249475,0.23393942,3.6998284,1.0,1.0,1.0,1.0,21.0,0.0,0.0,0.0,0.0,0.0,0.0,0,0.073180445,0.042168606,0.31977844,13.923826,7.8300505,3.9625769,4.8259454,3.4009593,4.3899384,0.90697014,4.470234,3.659449,0.0,1.7949297,1.0502216,4.224994,1.9316893,1.7876277,4.7187824,1.9265734,2.003777,2.6796975,2.244837,2.1409583,4.204442
3,53,54,32,0,1.0,0.053223673,0.28,-0.22570448,0.0,-8.188589e-06,-0.0010636635,0.0010636635,1.0,2.0,0.8,0.30823195,3.113914,0.18276453,2.9451926,1.0,1.0,1.0,1.0,22.0,0.0,0.0,0.0,0.0,0.0,0.0,0,0.074394494,0.043094333,0.32724115,13.710011,7.2644134,4.584955,4.205128,4.214166,3.9159944,0.5215088,6.0050063,4.1539254,0.0,1.7309636,0.993618,4.316406,1.8808922,1.7303798,4.796524,1.9290566,2.0022483,2.7103975,2.232789,2.1361938,4.221254
0,54,55,31,0,1.0,0.029669141,0.26,-0.20246135,0.0,-7.529451e-06,-0.027861973,0.027861973,1.0,2.0,0.6,0.27163666,2.9128556,0.18451916,2.8555913,1.0,1.0,1.0,1.0,24.0,0.0,0.0,0.0,0.0,0.0,0.0,0,0.07040887,0.0426909,0.32704303,12.3853655,8.481938,3.529454,2.8229601,3.173479,2.3129728,0.30942008,5.296052,3.2562227,0.0,1.7413788,0.83282816,4.4603453,1.8892789,1.6600957,4.915073,1.9294888,2.0004482,2.6794643,2.2411752,2.1418412,4.1964846
1,54,55,33,0,1.0,-0.0070990073,0.26,-0.25572652,0.0,-7.769257e-06,-0.011364712,0.011364712,1.0,2.0,0.6,0.31180722,3.4970806,0.1920248,3.098289,1.0,1.0,1.0,1.0,22.0,0.0,0.0,0.0,0.0,0.0,0.0,0,0.07209474,0.043398187,0.32579994,13.356085,7.8900666,4.254653,3.9444332,3.4342394,2.2417593,0.2603844,4.5468025,4.2689843,0.0,1.76276,0.9318117,4.339861,1.9124517,1.7276821,4.806268,1.931712,2.0269296,2.644083,2.2517605,2.1424305,4.1138234
2,54,55,33,0,1.0,-0.018686427,0.28,-0.29049528,0.0,-7.899606e-06,-0.008183252,0.008183252,1.0,2.0,0.8,0.34062576,3.0719016,0.24630967,3.8033261,1.0,1.0,1.0,1.0,22.0,0.0,0.0,0.0,0.0,0.0,0.0,0,0.0726419,0.042668372,0.32382962,13.620048,7.961237,4.2220917,3.9470818,3.4485795,5.5869765,0.7568571,4.8814025,3.8678005,0.0,1.7942913,0.95090044,4.3155074,1.9366745,1.7339747,4.793181,1.9273483,1.9950539,2.6763186,2.2439644,2.140995,4.215523
3,54,55,32,0,1.0,0.009323989,0.28,-0.2559747,0.0,-8.042837e-06,-0.014693259,0.014693259,1.0,2.0,0.8,0.3385351,3.1416934,0.2110441,3.2299035,1.0,1.0,1.0,1.0,23.0,0.0,0.0,0.0,0.0,0.0,0.0,0,0.07394309,0.043654293,0.32789183,13.5124445,8.079903,4.237535,3.5581114,3.5779634,3.721689,0.6730754,5.4330397,3.3757029,0.0,1.7300364,0.91184044,4.3915186,1.8852651,1.6901125,4.861408,1.9295655,1.9870951,2.6879265,2.2373,2.1282372,4.2276664
0,55,56,31,0,1.0,0.0033223443,0.26,-0.21500869,0.0,-7.322768e-06,-0.04166163,0.04166163,1.0,2.0,0.6,0.3109881,2.5941834,0.210906,3.0965202,1.0,1.0,1.0,1.0,25.0,0.0,0.0,0.0,0.0,0.0,0.0,0,0.06965535,0.04315048,0.3313011,12.230195,8.357949,3.7791803,2.8624427,3.0314481,2.5301654,0.25563312,4.8573933,2.26373,0.0,1.740437,0.7500302,4.53604,1.8941975,1.6238468,4.9788656,1.9277483,2.007862,2.6497543,2.242265,2.157266,4.193686
1,55,56,33,0,1.0,-0.042365454,0.26,-0.27757573,0.0,-7.687336e-06,-0.024782028,0.024782028,1.0,2.0,0.6,0.34145725,3.4465747,0.21472657,3.3240206,1.0,1.0,1.0,1.0,23.0,0.0,0.0,0.0,0.0,0.0,0.0,0,0.07177685,0.043911856,0.33022505,13.217465,7.83015,4.192169,3.6528032,3.58727,2.248804,0.31317723,5.523625,4.1443095,0.0,1.7681248,0.8513078,4.412834,1.9266782,1.6881943,4.8665924,1.9318237,2.01457,2.629736,2.2525878,2.137779,4.1236343
2,55,56,33,0,1.0,-0.048324585,0.28,-0.30585343,0.0,-7.629837e-06,-0.02246353,0.02246353,1.0,2.0,0.8,0.35844427,3.1126568,0.2543566,3.9404073,1.0,1.0,1.0,1.0,23.0,0.0,0.0,0.0,0.0,0.0,0.0,0,0.07150894,0.04314207,0.3283094,13.62759,8.365574,3.914686,3.461429,3.4924319,6.525041,1.0429398,4.714394,2.7346025,0.0,1.7945092,0.86521876,4.3936925,1.9421307,1.6926117,4.855868,1.9278169,1.9935973,2.666141,2.2458823,2.144481,4.2198715
3,55,56,32,0,1.0,-0.026274772,0.28,-0.2784456,0.0,-7.80509e-06,-0.027821368,0.027821368,1.0,2.0,0.8,0.3615666,3.2583756,0.23216645,3.3418703,1.0,1.0,1.0,1.0,24.0,0.0,0.0,0.0,0.0,0.0,0.0,0,0.07257212,0.044180788,0.3323019,13.54873,8.223679,4.22378,3.5287035,3.4814181,3.6029506,1.3552735,4.2070074,2.7620268,0.0,1.7286755,0.83307177,4.461715,1.8873237,1.6535271,4.9183407,1.9264162,1.9971259,2.65902,2.2301912,2.1462305,4.180517
0,56,57,31,0,1.0,-0.029220622,0.26,-0.23613946,0.0,-7.0928772e-06,-0.05307406,0.05307406,1.0,2.0,0.6,0.33994716,2.5796595,0.22722718,3.3072584,1.0,1.0,1.0,1.0,26.0,0.0,0.0,0.0,0.0,0.0,0.0,0,0.06917132,0.043582864,0.3353812,12.310582,8.267772,3.830259,2.8421898,3.77932,2.5965562,0.4048508,4.729225,1.430014,0.0,1.7440941,0.6815556,4.6002665,1.9036133,1.5974486,5.0327134,1.9264348,2.015853,2.6272707,2.2419806,2.1722999,4.1885366
1,56,57,33,0,1.0,-0.07621454,0.26,-0.29881972,0.0,-7.5129574e-06,-0.037387293,0.037387293,1.0,2.0,0.6,0.36973843,3.4247012,0.23180073,3.543997,1.0,1.0,1.0,1.0,24.0,0.0,0.0,0.0,0.0,0.0,0.0,0,0.071496636,0.04439974,0.3345264,13.05649,8.235664,4.176179,2.8138053,3.714468,2.2939172,0.33830673,5.797987,4.1939173,0.0,1.774225,0.77567625,4.481899,1.9408207,1.6526377,4.923207,1.9316412,2.0033464,2.619683,2.2542377,2.132303,4.1269155
2,56,57,33,0,1.0,-0.0719385,0.28,-0.31602055,0.0,-7.429678e-06,-0.03591053,0.03591053,1.0,2.0,0.8,0.36820468,3.215816,0.25763088,3.9754162,1.0,1.0,1.0,1.0,24.0,0.0,0.0,0.0,0.0,0.0,0.0,0,0.07091015,0.04358024,0.3327186,13.59469,8.5730095,3.8172717,3.3381288,3.3897011,5.378011,0.69611275,4.362661,1.9049022,0.0,1.7968208,0.78453684,4.465142,1.9500275,1.6548355,4.911153,1.9269466,2.0009048,2.6484349,2.2446203,2.1583421,4.212542
3,56,57,32,0,1.0,-0.07187296,0.26,-0.2898094,0.0,-7.650372e-06,-0.04205589,0.04205589,1.0,2.0,0.6,0.38511845,3.0370486,0.25557262,3.5556846,1.0,1.0,1.0,1.0,25.0,0.0,0.0,0.0,0.0,0.0,0.0,0,0.07143297,0.04468801,0.33698517,13.543043,8.185882,4.116475,2.974384,4.2359257,3.394695,0.35528567,4.4499865,1.572984,0.0,1.7255373,0.74766463,4.535353,1.8932106,1.617571,4.981277,1.9271023,2.0039155,2.618762,2.2263591,2.160129,4.1629825
0,57,58,31,0,1.0,-0.06100908,0.26,-0.2582618,0.0,-6.9528915e-06,-0.06274032,0.06274032,1.0,2.0,0.6,0.36331332,2.6405377,0.23948464,3.5107086,1.0,1.0,1.0,1.0,27.0,0.0,0.0,0.0,0.0,0.0,0.0,0,0.06911063,0.043988485,0.33924383,12.563718,8.600431,4.069491,2.720827,3.5454745,2.6356683,0.4347938,4.492621,1.4462019,0.0,1.748383,0.6235581,4.654857,1.9143529,1.582264,5.0786777,1.9255168,2.0252519,2.6068463,2.2416382,2.1877055,4.1766977
1,57,58,33,0,1.0,-0.09115134,0.26,-0.3003556,0.0,-7.320279e-06,-0.050788403,0.050788403,1.0,2.0,0.6,0.40876675,3.0344698,0.23968531,3.730382,1.0,1.0,1.0,1.0,25.0,0.0,0.0,0.0,0.0,0.0,0.0,0,0.07080678,0.044850837,0.33862662,13.093649,8.533635,3.8692002,3.0016658,3.534026,2.3333373,0.44617033,5.0619745,3.4339957,0.0,1.7733104,0.6952696,4.5529537,1.9474338,1.6168354,4.982556,1.9323044,1.9980274,2.6096127,2.255801,2.1326613,4.127543
2,57,58,33,0,1.0,-0.08403298,0.28,-0.31405842,0.0,-7.2685557e-06,-0.04996729,0.04996729,1.0,2.0,0.8,0.38732284,3.0153208,0.2617171,4.0206475,1.0,1.0,1.0,1.0,25.0,0.0,0.0,0.0,0.0,0.0,0.0,0,0.070592895,0.044010073,0.33690736,13.3563385,8.572918,4.0793962,2.6772127,3.5776823,4.8420353,0.758395,4.3081007,1.4339135,0.0,1.797973,0.70019627,4.5407224,1.9569665,1.619496,4.970933,1.9256688,2.010295,2.6295743,2.242773,2.1748228,4.20045
3,57,58,32,0,1.0,-0.0987308,0.26,-0.30465776,0.0,-7.303491e-06,-0.05406573,0.05406573,1.0,2.0,0.6,0.41334474,2.9020867,0.275317,3.7477586,1.0,1.0,1.0,1.0,26.0,0.0,0.0,0.0,0.0,0.0,0.0,0,0.06964328,0.04514189,0.341276,13.441852,8.140755,4.41061,2.9936078,4.0823517,5.4738307,0.40748572,4.4070525,1.251245,0.0,1.7267313,0.6756056,4.59892,1.9030833,1.5900251,5.035144,1.9268737,2.0130715,2.5903358,2.2279701,2.175855,4.1558514
0,58,59,31,0,1.0,-0.087962724,0.26,-0.27622867,0.0,-6.841687e-06,-0.07172721,0.07172721,1.0,2.0,0.6,0.38442948,2.6735322,0.24593994,3.6991935,1.0,1.0,1.0,1.0,28.0,0.0,0.0,0.0,0.0,0.0,0.0,0,0.06913068,0.044377368,0.34289315,12.376427,8.364884,4.218766,2.9111807,3.5003355,2.7434201,0.41202968,4.5822115,1.2174654,0.0,1.7529242,0.56963676,4.7049904,1.9251387,1.5694367,5.119057,1.9247398,2.0325847,2.589555,2.2421277,2.1999412,4.159859
1,58,59,33,0,1.0,-0.11075767,0.26,-0.30906528,0.0,-7.062863e-06,-0.061685316,0.061685316,1.0,2.0,0.6,0.4357347,2.8812432,0.24695814,3.886598,1.0,1.0,1.0,1.0,26.0,0.0,0.0,0.0,0.0,0.0,0.0,0,0.069902666,0.045270797,0.34264952,13.478797,9.137527,4.21755,2.6726587,3.4637268,3.474297,0.22259893,4.136323,2.3894541,0.0,1.7728283,0.6298881,4.6129303,1.9522597,1.5927205,5.0316257,1.9309983,2.0053022,2.593573,2.2554982,2.147315,4.1279054
2,58,59,33,0,1.0,-0.09654909,0.28,-0.3144669,0.0,-7.03191e-06,-0.062075164,0.062075164,1.0,2.0,0.8,0.40392166,2.9053218,0.26327983,4.048008,1.0,1.0,1.0,1.0,26.0,0.0,0.0,0.0,0.0,0.0,0.0,0,0.06968575,0.044396885,0.3409166,13.464643,8.584996,4.1179895,2.741174,3.545064,4.564093,0.92215556,4.099271,1.248698,0.0,1.8016871,0.627549,4.6075625,1.9677179,1.595463,5.023838,1.9242429,2.0194411,2.6110866,2.2404985,2.1897244,4.182826
3,58,59,32,0,1.0,-0.09986942,0.28,-0.3158055,0.0,-7.094384e-06,-0.064056836,0.064056836,1.0,2.0,0.8,0.4325864,2.8654428,0.28272882,3.87409,1.0,1.0,1.0,1.0,27.0,0.0,0.0,0.0,0.0,0.0,0.0,0,0.06907384,0.04556994,0.34541065,13.508417,8.22445,4.549461,2.977882,4.0212817,4.3043823,0.7806132,4.1471124,1.1592349,0.0,1.7293814,0.615659,4.6529455,1.9128845,1.5725181,5.079559,1.924441,2.0232878,2.565807,2.226783,2.1927073,4.14057
0,59,60,31,0,1.0,-0.11508729,0.26,-0.29399174,0.0,-6.7440233e-06,-0.081088796,0.081088796,1.0,2.0,0.6,0.4018627,2.7483165,0.25416246,3.851392,1.0,1.0,1.0,1.0,29.0,0.0,0.0,0.0,0.0,0.0,0.0,0,0.06909048,0.04474485,0.34640062,12.234655,8.230657,4.0711226,2.827357,3.6013386,4.335175,0.3516501,4.3354025,1.3911927,0.0,1.7590754,0.5134672,4.7569447,1.9393815,1.5555115,5.159833,1.9234552,2.0414696,2.5706432,2.2414327,2.2137034,4.1413083
1,59,60,33,0,1.0,-0.13248463,0.26,-0.32160008,0.0,-6.8251184e-06,-0.070877716,0.070877716,1.0,2.0,0.6,0.45406297,2.9085531,0.2541661,3.9823022,1.0,1.0,1.0,1.0,27.0,0.0,0.0,0.0,0.0,0.0,0.0,0,0.06894492,0.045649372,0.34648862,13.251705,8.498188,4.288622,2.9419389,3.732102,3.4489524,0.21565841,3.3559082,1.7397648,0.0,1.7759274,0.5747337,4.6625733,1.9623127,1.5792879,5.07182,1.9275665,2.0162597,2.5712252,2.2519214,2.1659706,4.114349
2,59,60,33,0,1.0,-0.10630062,0.28,-0.3139273,0.0,-6.857904e-06,-0.07236647,0.07236647,1.0,2.0,0.8,0.42045075,2.7571313,0.2645797,4.0962615,1.0,1.0,1.0,1.0,27.0,0.0,0.0,0.0,0.0,0.0,0.0,0,0.06932212,0.044766176,0.344829,13.606381,8.661808,4.072474,2.8111584,3.6653297,4.9151363,0.5430361,3.9950764,1.2437967,0.0,1.8070973,0.5658012,4.6623707,1.9795448,1.5766746,5.0672836,1.9236244,2.0277648,2.5926352,2.23994,2.2030602,4.1710625
3,59,60,32,0,1.0,-0.13547254,0.26,-0.32204223,0.0,-7.0273704e-06,-0.07342327,0.07342327,1.0,2.0,0.6,0.44614547,2.8580575,0.2824098,3.9400098,1.0,1.0,1.0,1.0,28.0,0.0,0.0,0.0,0.0,0.0,0.0,0,0.069006786,0.045981146,0.34959885,13.638335,8.253956,4.5443435,3.0092642,4.0633364,4.60572,0.4731479,3.8045318,1.3601977,0.0,1.7336954,0.5594604,4.704305,1.92387,1.5583649,5.120497,1.9239306,2.0319045,2.5463753,2.2260098,2.2057152,4.1195765
0,60,61,31,0,1.0,-0.13811062,0.26,-0.3077467,0.0,-6.6452994e-06,-0.09035726,0.09035726,1.0,2.0,0.6,0.41838273,2.7971551,0.25927207,3.969504,1.0,1.0,1.0,1.0,30.0,0.0,0.0,0.0,0.0,0.0,0.0,0,0.06870955,0.045090333,0.3497542,12.176501,8.197494,3.9846842,2.880656,3.6423275,4.3619676,0.17561337,4.205179,1.1700411,0.0,1.7660428,0.45785642,4.808492,1.95393,1.5410331,5.1994843,1.9241296,2.0483584,2.553299,2.2433858,2.2234137,4.1235933
1,60,61,33,0,1.0,-0.15077151,0.26,-0.33114135,0.0,-6.758578e-06,-0.07962339,0.07962339,1.0,2.0,0.6,0.47081858,2.9284005,0.25695792,4.0555434,1.0,1.0,1.0,1.0,28.0,0.0,0.0,0.0,0.0,0.0,0.0,0,0.0688802,0.04600931,0.35011372,13.324808,8.52805,4.275959,2.9846425,3.9237766,3.7870164,0.29635805,3.3705711,1.397015,0.0,1.7804023,0.5222596,4.7104487,1.9739751,1.5677767,5.110159,1.9251965,2.0273447,2.5489435,2.2481506,2.1841798,4.097619
2,60,61,33,0,1.0,-0.117790624,0.28,-0.31634802,0.0,-6.6741563e-06,-0.08143593,0.08143593,1.0,2.0,0.8,0.43833357,2.659442,0.26607713,4.1454644,1.0,1.0,1.0,1.0,28.0,0.0,0.0,0.0,0.0,0.0,0.0,0,0.06859044,0.045103565,0.34862003,13.671641,8.84087,3.9549413,2.8301525,3.50485,4.246887,0.71379924,3.7756402,1.4087586,0.0,1.8114276,0.51138437,4.7115,1.9906098,1.5633894,5.1057725,1.9230813,2.035632,2.5749326,2.238991,2.2142618,4.1553726
3,60,61,32,0,1.0,-0.13040066,0.28,-0.32712805,0.0,-6.757157e-06,-0.083265856,0.083265856,1.0,2.0,0.8,0.4575383,2.8385453,0.27594838,4.036582,1.0,1.0,1.0,1.0,29.0,0.0,0.0,0.0,0.0,0.0,0.0,0,0.06837636,0.046365947,0.3533251,13.477349,8.311841,4.3910174,2.9653983,4.0328374,4.167724,1.0168965,4.035224,1.1030896,0.0,1.738198,0.50040483,4.7590146,1.935651,1.5425048,5.1628346,1.9232333,2.037923,2.5305212,2.2255177,2.216423,4.1044436
0,61,62,31,0,1.0,-0.16241741,0.26,-0.3235138,0.0,-6.5421254e-06,-0.098897055,0.098897055,1.0,2.0,0.6,0.4307502,2.9219782,0.27186435,4.035224,1.0,1.0,1.0,1.0,31.0,0.0,0.0,0.0,0.0,0.0,0.0,0,0.06843358,0.04541619,0.353007,12.399996,8.388697,3.9358373,2.7260134,3.9006732,3.5907042,0.29797384,3.8777745,0.77618474,0.0,1.7718147,0.40661767,4.8559327,1.9666109,1.531152,5.238029,1.9236438,2.057343,2.525662,2.244748,2.2347434,4.092573
1,61,62,33,0,1.0,-0.16812882,0.26,-0.33896267,0.0,-6.6083944e-06,-0.08915952,0.08915952,1.0,2.0,0.6,0.48854184,2.905591,0.26133865,4.124259,1.0,1.0,1.0,1.0,29.0,0.0,0.0,0.0,0.0,0.0,0.0,0,0.0684451,0.046345193,0.35359403,13.322454,8.849435,3.5946968,2.9513438,3.7469683,3.317725,0.40064794,3.247714,1.184892,0.0,1.783416,0.4650429,4.7622313,1.9838469,1.5523696,5.1518207,1.924567,2.0379922,2.5197945,2.246142,2.2000864,4.0797224
2,61,62,33,0,1.0,-0.13068008,0.28,-0.31996042,0.0,-6.5242393e-06,-0.09071314,0.09071314,1.0,2.0,0.8,0.45462352,2.5938814,0.26945493,4.184934,1.0,1.0,1.0,1.0,29.0,0.0,0.0,0.0,0.0,0.0,0.0,0,0.067875214,0.045410927,0.3523396,13.6729355,8.915726,3.818481,2.737151,3.5687795,4.351754,0.6868002,3.792154,0.9977719,0.0,1.8145998,0.45572108,4.7623506,1.9998183,1.5480248,5.1456394,1.9232466,2.0421007,2.5592513,2.2398143,2.224515,4.143762
3,61,62,32,0,1.0,-0.14600205,0.28,-0.33314115,0.0,-6.7151136e-06,-0.092854194,0.092854194,1.0,2.0,0.8,0.4676453,2.862436,0.27360007,4.0941586,1.0,1.0,1.0,1.0,30.0,0.0,0.0,0.0,0.0,0.0,0.0,0,0.06812914,0.046725117,0.35726795,13.453154,8.352216,4.1619306,3.0424027,4.009258,3.794369,0.90575963,3.8732708,1.0724747,0.0,1.7435302,0.4428748,4.8124313,1.9477788,1.5272844,5.204091,1.9231372,2.0439954,2.515708,2.225789,2.2258577,4.088169
0,62,63,31,0,1.0,-0.182495,0.26,-0.33544952,0.0,-6.4760056e-06,-0.10703899,0.10703899,1.0,2.0,0.6,0.44447923,3.006221,0.2814988,4.072879,1.0,1.0,1.0,1.0,32.0,0.0,0.0,0.0,0.0,0.0,0.0,0,0.06846567,0.04573001,0.35603684,12.48302,8.430246,3.786287,2.723556,4.086453,3.4235933,0.10905286,3.888224,1.1610079,0.0,1.7770592,0.3577661,4.901568,1.9777564,1.5220189,5.274729,1.9231803,2.0659015,2.5014133,2.2449832,2.2443354,4.060765
1,62,63,33,0,1.0,-0.18411513,0.26,-0.34593695,0.0,-6.4925207e-06,-0.09817167,0.09817167,1.0,2.0,0.6,0.50500154,2.901008,0.2647063,4.169191,1.0,1.0,1.0,1.0,30.0,0.0,0.0,0.0,0.0,0.0,0.0,0,0.06806591,0.046651013,0.35698467,13.4542885,8.950037,3.8899739,2.7919276,3.6437767,3.4355283,0.27294976,3.2894847,1.374935,0.0,1.7883025,0.4109699,4.8127565,1.9945475,1.5385263,5.1913958,1.9243479,2.046954,2.4999044,2.2457507,2.211991,4.0573215
2,62,63,33,0,1.0,-0.14820749,0.28,-0.3281682,0.0,-6.3730117e-06,-0.100032896,0.100032896,1.0,2.0,0.8,0.4681197,2.653549,0.27189517,4.20974,1.0,1.0,1.0,1.0,30.0,0.0,0.0,0.0,0.0,0.0,0.0,0,0.06701805,0.04568727,0.35596052,13.587174,8.774903,3.568459,2.9053686,3.9593024,4.402601,0.6545567,4.1022553,0.9714378,0.0,1.8189732,0.39980263,4.8156047,2.0094583,1.5347215,5.1880956,1.923991,2.049876,2.539303,2.2420034,2.23451,4.1261773
3,62,63,32,0,1.0,-0.16134654,0.28,-0.3392707,0.0,-6.570583e-06,-0.10206926,0.10206926,1.0,2.0,0.8,0.4807709,2.8610685,0.27168834,4.1620493,1.0,1.0,1.0,1.0,31.0,0.0,0.0,0.0,0.0,0.0,0.0,0,0.067461036,0.047063574,0.3611032,13.546834,8.380622,4.0459323,3.0515273,3.9660294,3.6923487,0.8944235,3.8264482,1.2845094,0.0,1.7485906,0.38758442,4.8640227,1.9585904,1.5131412,5.2441463,1.9228294,2.0509005,2.5008805,2.2260456,2.236147,4.0708685
0,63,64,31,0,1.0,-0.20121166,0.26,-0.34570062,0.0,-6.39226e-06,-0.115504645,0.115504645,1.0,2.0,0.6,0.45871156,3.0808072,0.28779832,4.100655,1.0,1.0,1.0,1.0,33.0,0.0,0.0,0.0,0.0,0.0,0.0,0,0.068123564,0.04602732,0.35893473,11.88616,8.269859,3.3636374,2.4901047,4.4546056,3.468186,0.17601593,3.9624152,0.9588202,0.0,1.7811809,0.30697212,4.95057,1.9872123,1.5165745,5.315465,1.9237674,2.072166,2.4820268,2.2448816,2.2524269,4.0449085
1,63,64,33,0,1.0,-0.19889349,0.26,-0.35194474,0.0,-6.362155e-06,-0.10694238,0.10694238,1.0,2.0,0.6,0.51932037,2.9163473,0.26536357,4.1991267,1.0,1.0,1.0,1.0,31.0,0.0,0.0,0.0,0.0,0.0,0.0,0,0.06748616,0.046937324,0.36025247,13.357624,8.891511,3.5127988,3.0746546,3.9735446,3.171573,0.41270855,3.6197243,1.0180244,0.0,1.7922971,0.35834575,4.8627453,2.004234,1.5265176,5.2303424,1.9238405,2.0531847,2.4852448,2.2448208,2.2215497,4.04373
2,63,64,33,0,1.0,-0.16549033,0.28,-0.33687782,0.0,-6.2892796e-06,-0.10860621,0.10860621,1.0,2.0,0.8,0.48474953,2.7124813,0.2753472,4.224591,1.0,1.0,1.0,1.0,31.0,0.0,0.0,0.0,0.0,0.0,0.0,0,0.06668366,0.04594282,0.35948843,13.742141,8.865002,3.6108968,2.6931522,4.2163672,4.1894193,0.6177934,4.231782,1.0808719,0.0,1.8246605,0.34836268,4.8656735,2.019835,1.5222585,5.228215,1.9238747,2.057443,2.5207021,2.2426274,2.24347,4.105017
3,63,64,32,0,1.0,-0.17378142,0.28,-0.34285742,0.0,-6.437922e-06,-0.11091757,0.11091757,1.0,2.0,0.8,0.49058875,2.8864002,0.27024874,4.166561,1.0,1.0,1.0,1.0,32.0,0.0,0.0,0.0,0.0,0.0,0.0,0,0.06689174,0.04737888,0.3648366,13.651693,8.447967,3.8439116,3.0722077,4.164977,3.9129207,0.96349317,3.6924708,0.8880539,0.0,1.7535727,0.33449456,4.914112,1.9689571,1.501978,5.283187,1.923646,2.0575128,2.4805584,2.2287498,2.2439451,4.045365
0,64,65,31,0,1.0,-0.21863353,0.26,-0.3557552,0.0,-6.29772e-06,-0.122872025,0.122872025,1.0,2.0,0.6,0.47690544,3.1209447,0.29173884,4.1509376,1.0,1.0,1.0,1.0,34.0,0.0,0.0,0.0,0.0,0.0,0.0,0,0.06752177,0.04629792,0.36176842,12.319103,8.768386,3.414549,2.6858559,4.7536077,3.7468228,0.1694619,3.880576,0.77673537,0.0,1.7865877,0.26276782,4.9934616,1.9971589,1.5120056,5.350128,1.9252346,2.07732,2.466145,2.2469258,2.258952,4.0316525
1,64,65,33,0,1.0,-0.21123493,0.26,-0.3561185,0.0,-6.268452e-06,-0.115110144,0.115110144,1.0,2.0,0.6,0.53087884,2.9198344,0.26563692,4.2199564,1.0,1.0,1.0,1.0,32.0,0.0,0.0,0.0,0.0,0.0,0.0,0,0.06702997,0.04719742,0.363481,13.765459,8.90155,3.5226598,2.8884342,4.131241,3.2209165,0.24730138,3.7379847,0.9420315,0.0,1.7965592,0.30933917,4.9088187,2.014197,1.516522,5.2666235,1.9242778,2.0595834,2.4700344,2.2455828,2.2303143,4.0305014
2,64,65,33,0,1.0,-0.18273167,0.28,-0.34610766,0.0,-6.193199e-06,-0.11661782,0.11661782,1.0,2.0,0.8,0.5044593,2.768464,0.279731,4.232737,1.0,1.0,1.0,1.0,32.0,0.0,0.0,0.0,0.0,0.0,0.0,0,0.06629184,0.04618391,0.36293662,13.705819,9.086847,3.3769877,2.6771853,4.2653003,4.18058,0.56987375,4.05232,1.0877417,0.0,1.8295027,0.30029303,4.913003,2.0291257,1.5136158,5.2663527,1.924897,2.0642884,2.4988742,2.244741,2.2496085,4.077764
3,64,65,32,0,1.0,-0.19072378,0.28,-0.35000598,0.0,-6.3247603e-06,-0.120711476,0.120711476,1.0,2.0,0.8,0.5063718,2.9096293,0.2700757,4.2082524,1.0,1.0,1.0,1.0,33.0,0.0,0.0,0.0,0.0,0.0,0.0,0,0.066295326,0.04766925,0.36848795,13.574416,8.70594,3.7000124,2.891572,4.64204,3.3961763,1.085686,3.7991872,1.0195985,0.0,1.7568395,0.28063357,4.9672313,1.9760437,1.4926463,5.3269897,1.9237213,2.0649037,2.4602666,2.2301207,2.2526226,4.0208387
0,65,66,31,0,1.0,-0.23108344,0.26,-0.36484075,0.0,-6.2164277e-06,-0.12623647,0.12623647,1.0,2.0,0.6,0.49794424,3.1459262,0.29032275,4.2095537,1.0,1.0,1.0,1.0,35.0,0.0,0.0,0.0,0.0,0.0,0.0,0,0.067215614,0.04655613,0.36452484,12.432946,8.6666155,3.452398,2.446468,4.795996,3.5524971,0.14685455,4.4181056,0.78177345,0.0,1.7907515,0.24258122,5.012516,2.006124,1.5145197,5.36498,1.9270434,2.0814815,2.457308,2.2483933,2.2644436,4.0273676
1,65,66,33,0,1.0,-0.22200742,0.26,-0.35881692,0.0,-6.1512014e-06,-0.12318434,0.12318434,1.0,2.0,0.6,0.5507589,2.8352344,0.26744422,4.2500873,1.0,1.0,1.0,1.0,33.0,0.0,0.0,0.0,0.0,0.0,0.0,0,0.06638147,0.047437724,0.36660582,13.645412,9.193248,3.0777335,2.7567933,4.508591,3.6604414,0.27169746,3.702153,0.83761334,0.0,1.7977751,0.260894,4.9553733,2.020443,1.5072434,5.304048,1.9252449,2.0655155,2.4557748,2.2463536,2.2373385,4.020053
2,65,66,33,0,1.0,-0.2003898,0.28,-0.35566306,0.0,-6.089954e-06,-0.12472065,0.12472065,1.0,2.0,0.8,0.5226737,2.8200088,0.28327417,4.263512,1.0,1.0,1.0,1.0,33.0,0.0,0.0,0.0,0.0,0.0,0.0,0,0.06592142,0.046407532,0.36630154,14.168482,9.069145,3.3143914,2.5861177,4.228602,4.199945,0.56859404,4.5643673,1.0603868,0.0,1.8342991,0.25167614,4.9595084,2.0391188,1.506748,5.304552,1.925899,2.0700805,2.4813712,2.2456627,2.2559304,4.065942
3,65,66,32,0,1.0,-0.20176508,0.28,-0.35747004,0.0,-6.192125e-06,-0.12428885,0.12428885,1.0,2.0,0.8,0.52411777,2.9414692,0.2718463,4.228111,1.0,1.0,1.0,1.0,34.0,0.0,0.0,0.0,0.0,0.0,0.0,0,0.0657611,0.047937926,0.37205032,13.660324,8.640949,3.8954604,2.8247945,4.7284403,3.4298093,1.0274227,4.002934,0.950685,0.0,1.7604653,0.2566479,4.9915795,1.9841065,1.4964285,5.3475223,1.9246422,2.071099,2.439823,2.2324643,2.2582033,3.99668
0,66,67,31,0,1.0,-0.24326555,0.26,-0.37398213,0.0,-6.1254605e-06,-0.12927729,0.12927729,1.0,2.0,0.6,0.5220244,3.1528857,0.2897436,4.2679167,1.0,1.0,1.0,1.0,36.0,0.0,0.0,0.0,0.0,0.0,0.0,0,0.06672494,0.04679128,0.36727616,12.134023,8.896753,3.097265,2.682445,5.1090817,3.4566247,0.13479748,4.634989,0.73682314,0.0,1.7942134,0.22433624,5.0318346,2.0141845,1.5180068,5.38026,1.928658,2.0844147,2.4525306,2.2504508,2.268204,4.0257134
1,66,67,33,0,1.0,-0.2359946,0.26,-0.36666995,0.0,-5.980134e-06,-0.12931865,0.12931865,1.0,2.0,0.6,0.5719838,2.8553174,0.26507428,4.292791,1.0,1.0,1.0,1.0,34.0,0.0,0.0,0.0,0.0,0.0,0.0,0,0.0651315,0.04763532,0.36970618,13.419302,9.41953,3.0585093,2.9297233,4.552984,3.424259,0.17735307,4.0514307,1.0550736,0.0,1.8012758,0.22408813,4.993188,2.0268836,1.5064088,5.3353286,1.9259728,2.0718112,2.442699,2.2482917,2.244766,4.005116
2,66,67,33,0,1.0,-0.21541955,0.28,-0.36532313,0.0,-6.0231628e-06,-0.1300904,0.1300904,1.0,2.0,0.8,0.54626083,2.8618891,0.2883004,4.271767,1.0,1.0,1.0,1.0,34.0,0.0,0.0,0.0,0.0,0.0,0.0,0,0.06571344,0.046613004,0.3696326,13.768475,9.175969,3.06917,2.6184952,4.589198,4.1252112,0.5665804,4.191887,0.81414616,0.0,1.8376436,0.2194576,4.9911375,2.0460095,1.5068669,5.330845,1.926694,2.075617,2.4633594,2.2493734,2.2599194,4.0444546
3,66,67,32,0,1.0,-0.21136332,0.28,-0.3642314,0.0,-6.1020546e-06,-0.12712581,0.12712581,1.0,2.0,0.8,0.54216295,2.9876764,0.2729765,4.221254,1.0,1.0,1.0,1.0,35.0,0.0,0.0,0.0,0.0,0.0,0.0,0,0.06559561,0.048197888,0.3755887,13.717918,8.800761,3.712289,2.8154898,4.6372757,3.075008,0.9293197,3.7066984,0.8223595,0.0,1.7646157,0.23724511,5.011343,1.9932932,1.5023997,5.3631344,1.9258037,2.0776181,2.4174123,2.236493,2.2629879,3.966213
0,67,68,31,0,1.0,-0.25563198,0.26,-0.38318747,0.0,-6.049118e-06,-0.13243845,0.13243845,1.0,2.0,0.6,0.54392165,3.1746588,0.29723698,4.283297,1.0,1.0,1.0,1.0,37.0,0.0,0.0,0.0,0.0,0.0,0.0,0,0.06610238,0.04700052,0.37005204,12.223565,8.926227,3.226947,2.469979,4.7794642,3.611056,0.020002596,4.1677537,0.6649007,0.0,1.7984818,0.2053693,5.0518894,2.023019,1.5205071,5.3956094,1.9299365,2.090372,2.4380655,2.257632,2.2713912,3.997828
1,67,68,33,0,1.0,-0.24751838,0.26,-0.37480932,0.0,-5.9158383e-06,-0.13270313,0.13270313,1.0,2.0,0.6,0.5891662,2.896687,0.26144615,4.3464365,1.0,1.0,1.0,1.0,35.0,0.0,0.0,0.0,0.0,0.0,0.0,0,0.06487169,0.047822297,0.37277025,13.839617,9.343706,3.2316878,2.5747113,4.51178,3.299645,0.13895544,4.2626433,1.0337119,0.0,1.8064727,0.2037812,5.0138936,2.036543,1.5100847,5.352187,1.9276812,2.0759165,2.4325342,2.2518218,2.2488537,3.9945965
2,67,68,33,0,1.0,-0.2283304,0.28,-0.37505132,0.0,-5.923414e-06,-0.13327317,0.13327317,1.0,2.0,0.8,0.5646317,2.9171524,0.29099908,4.3057194,1.0,1.0,1.0,1.0,35.0,0.0,0.0,0.0,0.0,0.0,0.0,0,0.065190725,0.046807118,0.3729119,13.5009575,9.349659,2.851855,2.8213923,4.9358277,3.684373,0.5136467,4.5386496,0.96400315,0.0,1.8412344,0.20036101,5.010279,2.054356,1.5124067,5.3468223,1.9278914,2.0814857,2.4454622,2.2518687,2.265317,4.0250053
3,67,68,32,0,1.0,-0.2218351,0.28,-0.37159032,0.0,-5.9998806e-06,-0.1302388,0.1302388,1.0,2.0,0.8,0.5606567,3.0236163,0.27266014,4.2416053,1.0,1.0,1.0,1.0,36.0,0.0,0.0,0.0,0.0,0.0,0.0,0,0.06516899,0.048438564,0.37903142,13.703218,8.984022,3.3862426,2.8332496,4.8455553,2.897272,0.95407206,3.9722612,0.81751966,0.0,1.7676674,0.21856725,5.0300636,2.0002406,1.5058537,5.3779764,1.9265301,2.0832531,2.3990102,2.2380927,2.2691278,3.9445448
0,68,69,31,0,1.0,-0.26750284,0.26,-0.3919062,0.0,-5.9652493e-06,-0.13559067,0.13559067,1.0,2.0,0.6,0.56773496,3.1761377,0.30057788,4.320421,1.0,1.0,1.0,1.0,38.0,0.0,0.0,0.0,0.0,0.0,0.0,0,0.06552421,0.04718996,0.37273255,12.444241,8.98711,3.0803354,2.463591,5.1092477,3.431694,0.01123421,4.649689,0.73856884,0.0,1.8024832,0.186456,5.0697746,2.031032,1.5230124,5.4094744,1.9320204,2.095268,2.4233296,2.2604659,2.2755604,3.9800398
1,68,69,33,0,1.0,-0.26083162,0.26,-0.38497496,0.0,-5.835604e-06,-0.13585082,0.13585082,1.0,2.0,0.6,0.6103193,2.9454584,0.25847003,4.410093,1.0,1.0,1.0,1.0,36.0,0.0,0.0,0.0,0.0,0.0,0.0,0,0.06431776,0.04798725,0.375782,13.766137,9.452915,2.9966195,2.6637127,4.4478507,3.0224967,0.17858887,4.242417,0.93911916,0.0,1.810427,0.1848951,5.033565,2.0445182,1.5139457,5.36795,1.928693,2.0791755,2.4251685,2.2529373,2.2533267,3.9893289
2,68,69,33,0,1.0,-0.24146554,0.28,-0.38497835,0.0,-5.8780065e-06,-0.13648131,0.13648131,1.0,2.0,0.8,0.5876646,2.9481146,0.29543036,4.335977,1.0,1.0,1.0,1.0,36.0,0.0,0.0,0.0,0.0,0.0,0.0,0,0.0648266,0.046984702,0.37613752,13.730683,9.380069,2.9942465,2.5747433,5.0423284,3.8526561,0.5308225,4.6071815,0.7006814,0.0,1.845539,0.18111207,5.029604,2.0637848,1.516384,5.3632126,1.9288622,2.085878,2.4313555,2.25334,2.2691555,4.013294
3,68,69,32,0,1.0,-0.23233074,0.28,-0.37899828,0.0,-5.905003e-06,-0.13332656,0.13332656,1.0,2.0,0.8,0.5810187,3.060669,0.27418724,4.243266,1.0,1.0,1.0,1.0,37.0,0.0,0.0,0.0,0.0,0.0,0.0,0,0.064578444,0.048658952,0.38243556,13.654526,9.114089,3.491477,2.9343338,4.692874,2.90252,0.7721842,4.082664,0.7623849,0.0,1.7718226,0.20004064,5.0489573,2.0085926,1.5102816,5.3931446,1.9277804,2.0891137,2.3779273,2.2416337,2.273642,3.915513
0,69,70,31,0,1.0,-0.27901572,0.26,-0.40026617,0.0,-5.8810474e-06,-0.13874364,0.13874364,1.0,2.0,0.6,0.58860314,3.1884367,0.29959875,4.375876,1.0,1.0,1.0,1.0,39.0,0.0,0.0,0.0,0.0,0.0,0.0,0,0.06472456,0.047354612,0.3754057,12.624073,9.262255,3.0851967,2.0717745,5.213858,3.3151453,0.024951292,4.83498,0.64157295,0.0,1.8063661,0.16753823,5.089478,2.039874,1.5265206,5.4253306,1.9336067,2.0979896,2.4190984,2.262751,2.2789032,3.9780188
1,69,70,33,0,1.0,-0.27264678,0.26,-0.39362007,0.0,-5.762186e-06,-0.13902092,0.13902092,1.0,2.0,0.6,0.63188857,2.9840062,0.2601933,4.427985,1.0,1.0,1.0,1.0,37.0,0.0,0.0,0.0,0.0,0.0,0.0,0,0.06374372,0.04813232,0.37873796,13.811672,9.679987,2.8081675,2.5458152,4.3865066,2.824224,0.12686288,4.136233,1.084157,0.0,1.8153157,0.16587451,5.0533347,2.0536308,1.5191642,5.383471,1.9296325,2.0851455,2.408766,2.2559426,2.2583582,3.964442
2,69,70,33,0,1.0,-0.27346948,0.26,-0.3938412,0.0,-5.7859966e-06,-0.13962248,0.13962248,1.0,2.0,0.6,0.60650504,2.9882007,0.29909095,4.360643,1.0,1.0,1.0,1.0,37.0,0.0,0.0,0.0,0.0,0.0,0.0,0,0.064156644,0.047143396,0.37937388,13.698628,9.432803,2.96102,2.702889,4.9797125,3.5135365,0.46031892,4.708283,0.76749974,0.0,1.8493738,0.16226508,5.0481286,2.0726998,1.5221117,5.378009,1.9304528,2.0915031,2.4103732,2.25655,2.2731814,3.985858
3,69,70,32,0,1.0,-0.24437416,0.28,-0.38795596,0.0,-5.8301434e-06,-0.13641235,0.13641235,1.0,2.0,0.8,0.6000174,3.1073713,0.2741479,4.2809205,1.0,1.0,1.0,1.0,38.0,0.0,0.0,0.0,0.0,0.0,0.0,0,0.06411,0.04886294,0.38577026,13.868526,9.020168,3.405125,2.637631,5.109196,2.9156837,0.937662,4.230254,0.6159449,0.0,1.7751168,0.18152595,5.0685296,2.015677,1.5122062,5.409599,1.9286745,2.0938337,2.3626118,2.242575,2.2788992,3.9025106
0,70,71,31,0,1.0,-0.29067189,0.26,-0.4089535,0.0,-5.7790817e-06,-0.14171262,0.14171262,1.0,2.0,0.6,0.60900193,3.218736,0.30179211,4.406363,1.0,1.0,1.0,1.0,40.0,0.0,0.0,0.0,0.0,0.0,0.0,0,0.06388055,0.047496,0.3780577,12.34195,9.299592,2.6628463,2.4245434,5.328748,2.8239386,0.04352407,4.436458,0.8469664,0.0,1.8097606,0.14972426,5.108188,2.048051,1.5318863,5.440079,1.9342661,2.102997,2.4078622,2.2669108,2.2832332,3.9620676
1,70,71,33,0,1.0,-0.28452736,0.26,-0.4023245,0.0,-5.699216e-06,-0.14219716,0.14219716,1.0,2.0,0.6,0.6494628,3.033438,0.2592442,4.4695163,1.0,1.0,1.0,1.0,38.0,0.0,0.0,0.0,0.0,0.0,0.0,0,0.063129984,0.048258733,0.38163593,13.894866,9.654525,2.902992,2.418111,4.6322756,2.6334605,0.046518527,4.6212616,0.9076858,0.0,1.8191774,0.14681704,5.0728,2.0628192,1.5236849,5.3996,1.9305266,2.0894573,2.3994572,2.2566903,2.2644718,3.9587638
2,70,71,33,0,1.0,-0.28537965,0.26,-0.40267372,0.0,-5.722156e-06,-0.1427002,0.1427002,1.0,2.0,0.6,0.62782514,3.0318892,0.29863688,4.389274,1.0,1.0,1.0,1.0,38.0,0.0,0.0,0.0,0.0,0.0,0.0,0,0.06352169,0.047278985,0.38220844,14.027202,9.524696,2.7939458,2.486589,4.9196863,3.498605,0.47741583,4.612497,0.5917841,0.0,1.8531773,0.14379881,5.0673275,2.0816064,1.5270491,5.3937545,1.9312725,2.0958967,2.3970566,2.258089,2.2766058,3.9727147
3,70,71,32,0,1.0,-0.2548759,0.28,-0.39537197,0.0,-5.74407e-06,-0.13949819,0.13949819,1.0,2.0,0.8,0.6211799,3.127459,0.2757111,4.2955256,1.0,1.0,1.0,1.0,39.0,0.0,0.0,0.0,0.0,0.0,0.0,0,0.06350016,0.049049053,0.38908508,13.915115,9.308361,3.227871,2.5181715,5.07523,2.7058854,0.82590854,4.3112187,0.7268629,0.0,1.7788373,0.16301088,5.0879335,2.0233586,1.5166093,5.425453,1.9298159,2.0997376,2.3426197,2.2462204,2.2825058,3.8743317
0,71,72,31,0,1.0,-0.30288637,0.26,-0.4181221,0.0,-5.7359102e-06,-0.1447585,0.1447585,1.0,2.0,0.6,0.629283,3.2540486,0.3063742,4.4301066,1.0,1.0,1.0,1.0,41.0,0.0,0.0,0.0,0.0,0.0,0.0,0,0.06325008,0.047616664,0.3806409,12.352722,9.358119,2.790797,2.5984209,5.3893824,2.7694473,0.04359616,4.3778973,0.5919331,0.0,1.814323,0.1314491,5.126915,2.0579648,1.537639,5.4551234,1.9353293,2.1075308,2.3934715,2.267666,2.2877417,3.9447083
1,71,72,33,0,1.0,-0.29624394,0.26,-0.4109705,0.0,-5.627739e-06,-0.14526778,0.14526778,1.0,2.0,0.6,0.6668724,3.092726,0.25660893,4.509276,1.0,1.0,1.0,1.0,39.0,0.0,0.0,0.0,0.0,0.0,0.0,0,0.062456984,0.048368167,0.38448644,13.857691,9.79855,2.855139,2.3800483,4.636036,2.4052453,0.079832576,4.474714,0.934366,0.0,1.8232338,0.12839325,5.0921855,2.0720012,1.5298318,5.4154973,1.9307964,2.0929143,2.392847,2.2581503,2.2686372,3.9519236
2,71,72,33,0,1.0,-0.29699227,0.26,-0.41114962,0.0,-5.6360254e-06,-0.14583701,0.14583701,1.0,2.0,0.6,0.64558715,3.0856311,0.3000441,4.409205,1.0,1.0,1.0,1.0,39.0,0.0,0.0,0.0,0.0,0.0,0.0,0,0.0627824,0.047394957,0.38499835,13.981895,9.596197,2.7982066,2.3160264,5.097328,2.724994,0.4153528,4.747255,0.77519965,0.0,1.8571082,0.1249779,5.0867243,2.0910945,1.5320232,5.409312,1.932019,2.1010869,2.3809366,2.260268,2.2809331,3.952339
3,71,72,32,0,1.0,-0.25834516,0.28,-0.39581138,0.0,-5.6408217e-06,-0.14252815,0.14252815,1.0,2.0,0.8,0.64962316,3.0917134,0.27560312,4.1983814,1.0,1.0,1.0,1.0,40.0,0.0,0.0,0.0,0.0,0.0,0.0,0,0.0627816,0.049216393,0.3923695,13.433869,9.756356,3.0431638,3.0391302,4.3396387,4.8741713,1.1299844,3.169492,0.57045454,0.0,1.7844372,0.14483109,5.1075883,2.0301447,1.5211112,5.4394755,1.930616,2.1063082,2.321148,2.2487397,2.2854283,3.8307595
0,72,73,31,0,1.0,-0.31412268,0.26,-0.42634672,0.0,-5.6903773e-06,-0.14777026,0.14777026,1.0,2.0,0.6,0.6478549,3.2904105,0.3078968,4.457765,1.0,1.0,1.0,1.0,42.0,0.0,0.0,0.0,0.0,0.0,0.0,0,0.06264557,0.04772006,0.3831892,12.412035,9.321048,2.7208335,2.385909,5.431248,2.9459884,0.11380893,4.3954844,0.6377938,0.0,1.8186052,0.113378465,5.1456866,2.0679572,1.5420358,5.4700017,1.9366086,2.1115332,2.3820617,2.271339,2.2912257,3.9299767
1,72,73,33,0,1.0,-0.30568486,0.26,-0.41739398,0.0,-5.5850687e-06,-0.14828527,0.14828527,1.0,2.0,0.6,0.6869957,3.131961,0.26029003,4.4794893,1.0,1.0,1.0,1.0,40.0,0.0,0.0,0.0,0.0,0.0,0.0,0,0.06199834,0.048462182,0.38727522,13.911754,10.0218,2.666525,2.3490925,4.4127297,2.475629,0.11452649,3.935855,0.9075119,0.0,1.82698,0.11028834,5.1110435,2.080463,1.5353507,5.430175,1.9317024,2.0994396,2.3737445,2.2633975,2.2726557,3.9207082
2,72,73,33,0,1.0,-0.3081715,0.26,-0.41933924,0.0,-5.580993e-06,-0.14882669,0.14882669,1.0,2.0,0.6,0.6618156,3.1406968,0.30215845,4.4262176,1.0,1.0,1.0,1.0,40.0,0.0,0.0,0.0,0.0,0.0,0.0,0,0.062288005,0.04749725,0.38771048,13.56465,9.657462,2.7702646,2.2587442,5.011409,2.6565616,0.3665502,4.4178395,0.6088996,0.0,1.8599838,0.107039884,5.105634,2.1007972,1.5407553,5.424888,1.9332573,2.106025,2.3638458,2.2646363,2.2838666,3.9292164
3,72,73,32,0,1.0,-0.28987414,0.26,-0.40439993,0.0,-5.4743614e-06,-0.14546871,0.14546871,1.0,2.0,0.6,0.6634115,3.1962833,0.29239875,4.112664,1.0,1.0,1.0,1.0,41.0,0.0,0.0,0.0,0.0,0.0,0.0,0,0.061398633,0.049351867,0.39579743,13.816388,9.55327,2.8902178,2.980611,5.1717267,2.735466,0.7189632,3.6855698,0.33154228,0.0,1.7867423,0.12718774,5.1249285,2.0366142,1.5245447,5.4544806,1.93263,2.1154902,2.2842095,2.2509315,2.2904344,3.7858586
0,73,74,31,0,1.0,-0.34484047,0.24000001,-0.43408602,0.0,-5.615261e-06,-0.15074882,0.15074882,1.0,2.0,0.4,0.666523,3.3204863,0.3157526,4.4498553,1.0,1.0,0.0,1.0,0.0,0.0,0.0,0.0,0.0,0.0,0.0,0,0.06187618,0.047805674,0.3856926,12.6720295,9.641301,2.8720613,1.9606376,5.2148743,2.9573503,0.012376738,4.0467362,0.44479933,0.0,1.8201507,0.09550713,5.164875,2.0750875,1.5482991,5.4851556,1.9373573,2.117221,2.3646348,2.2763505,2.2944183,3.9024472
1,73,74,33,0,1.0,-0.31743735,0.26,-0.42614174,0.0,-5.5103606e-06,-0.15129009,0.15129009,1.0,2.0,0.6,0.7025079,3.1997101,0.25838867,4.5186415,1.0,1.0,1.0,1.0,41.0,0.0,0.0,0.0,0.0,0.0,0.0,0,0.06121383,0.048539277,0.38998678,14.097492,9.980797,2.8093402,2.329059,4.7212243,2.176847,0.16827188,4.3870583,0.82952493,0.0,1.8304385,0.09225942,5.129892,2.0902874,1.5430546,5.4458356,1.9320704,2.1037624,2.3622653,2.2639399,2.278642,3.909872
2,73,74,33,0,1.0,-0.31819874,0.26,-0.4266178,0.0,-5.535615e-06,-0.15157539,0.15157539,1.0,2.0,0.6,0.67401314,3.2075293,0.303871,4.4354053,1.0,1.0,1.0,1.0,41.0,0.0,0.0,0.0,0.0,0.0,0.0,0,0.061722293,0.047581587,0.39037755,13.363245,9.687741,2.997946,2.6482937,5.2178397,2.5252626,0.3691481,4.126485,0.56700915,0.0,1.8606703,0.09054765,5.1243877,2.1097791,1.5514559,5.44013,1.9339845,2.1105886,2.3490295,2.2670684,2.2882986,3.9101171
3,73,74,32,0,1.0,-0.29994866,0.26,-0.41147828,0.0,-5.543336e-06,-0.14846483,0.14846483,1.0,2.0,0.6,0.6726197,3.283504,0.2937931,4.1139965,1.0,1.0,1.0,1.0,42.0,0.0,0.0,0.0,0.0,0.0,0.0,0,0.061710402,0.04949362,0.39925992,14.067824,9.513967,2.8722482,2.7729437,5.312429,2.1704698,0.7759742,4.079013,0.48403963,0.0,1.7897438,0.10921098,5.1439395,2.0453277,1.5298389,5.471917,1.9332439,2.1210275,2.2650175,2.2534568,2.2961745,3.7662442
0,74,75,31,0,1.0,-0.3532742,0.24000001,-0.4398198,0.0,-5.674428e-06,-0.15344872,0.15344872,1.0,2.0,0.4,0.6786242,3.3500586,0.3178968,4.463732,1.0,1.0,0.0,1.0,0.0,0.0,0.0,0.0,0.0,0.0,0.0,0,0.06289834,0.04785878,0.38855588,12.704939,9.36937,3.05949,2.0471258,5.487333,2.3335443,0.029357625,4.1138883,0.4322462,0.0,1.8215735,0.079307705,5.1834235,2.0856998,1.5569803,5.5005407,1.938314,2.1215208,2.3528569,2.2795427,2.2984076,3.887932
1,74,75,33,0,1.0,-0.32877707,0.26,-0.43463695,0.0,-5.470936e-06,-0.15413466,0.15413466,1.0,2.0,0.6,0.718864,3.2521236,0.2564284,4.5641522,1.0,1.0,1.0,1.0,42.0,0.0,0.0,0.0,0.0,0.0,0.0,0,0.060658753,0.048601765,0.39265338,14.169529,10.001904,2.884276,2.2585042,4.8571415,2.134183,0.11427439,4.6303897,0.91749436,0.0,1.8328272,0.075192004,5.149261,2.1001453,1.5510173,5.462023,1.9331098,2.107264,2.354996,2.2647426,2.2824478,3.9049613
2,74,75,33,0,1.0,-0.32840288,0.26,-0.43414325,0.0,-5.5066703e-06,-0.15425412,0.15425412,1.0,2.0,0.6,0.6927428,3.2448947,0.30523187,4.4480953,1.0,1.0,1.0,1.0,42.0,0.0,0.0,0.0,0.0,0.0,0.0,0,0.061198432,0.047657155,0.3929726,13.623829,9.715646,3.1524892,2.367584,5.330149,2.43788,0.35017914,4.6868033,0.5354286,0.0,1.8615044,0.07447526,5.1443996,2.1186807,1.5596933,5.4565043,1.935038,2.1152868,2.3320332,2.267623,2.2923808,3.8891428
3,74,75,32,0,1.0,-0.3101471,0.26,-0.41874093,0.0,-5.504631e-06,-0.15140069,0.15140069,1.0,2.0,0.6,0.6906326,3.3103335,0.2996173,4.1132355,1.0,1.0,1.0,1.0,43.0,0.0,0.0,0.0,0.0,0.0,0.0,0,0.061260905,0.049612775,0.4026076,14.2771435,9.667789,2.7813342,2.5194166,5.1780143,2.415723,0.80275655,3.9283063,0.42481485,0.0,1.7931156,0.09159595,5.164056,2.054356,1.5349585,5.4893775,1.9343883,2.1269946,2.2439883,2.2570703,2.2996335,3.7379675
0,75,76,31,0,1.0,-0.34094113,0.26,-0.4450097,0.0,-5.63813e-06,-0.15592578,0.15592578,1.0,2.0,0.6,0.6945589,3.3577607,0.3209356,4.4649596,1.0,1.0,1.0,1.0,1.0,0.0,0.0,0.0,0.0,0.0,0.0,0,0.062040012,0.047871485,0.39124173,12.729626,9.381678,3.2184732,1.9942697,5.581003,1.9443144,0.0,4.3228498,0.57360476,0.0,1.8221866,0.06444529,5.2022185,2.0951703,1.5646037,5.5156384,1.9391149,2.1261387,2.336444,2.2799075,2.302623,3.864836
1,75,76,33,0,1.0,-0.33883965,0.26,-0.44210333,0.0,-5.41524e-06,-0.15673089,0.15673089,1.0,2.0,0.6,0.7344409,3.2927885,0.2582375,4.5858846,1.0,1.0,1.0,1.0,43.0,0.0,0.0,0.0,0.0,0.0,0.0,0,0.06022857,0.048651367,0.39531478,13.896837,10.095181,3.0598338,2.6263523,4.7241745,2.062755,0.09994274,4.1804824,0.5889254,0.0,1.833402,0.059614703,5.168401,2.1099296,1.5623012,5.4779544,1.9348688,2.110962,2.34226,2.2701077,2.2849689,3.8914409
2,75,76,33,0,1.0,-0.33740652,0.26,-0.44051784,0.0,-5.432955e-06,-0.15688324,0.15688324,1.0,2.0,0.6,0.70766926,3.3048906,0.30920705,4.421085,1.0,1.0,1.0,1.0,43.0,0.0,0.0,0.0,0.0,0.0,0.0,0,0.06043687,0.047718093,0.39554858,13.726866,9.793701,3.2234137,2.1234977,5.019418,2.2476408,0.37753257,4.030677,0.63077164,0.0,1.8625747,0.058700517,5.164088,2.1275277,1.5681341,5.472623,1.9363449,2.1206782,2.3127766,2.2740984,2.2938755,3.8569763
3,75,76,32,0,1.0,-0.31799126,0.26,-0.42370898,0.0,-5.4080692e-06,-0.15427685,0.15427685,1.0,2.0,0.6,0.7016831,3.3582268,0.30206373,4.0972166,1.0,1.0,1.0,1.0,44.0,0.0,0.0,0.0,0.0,0.0,0.0,0,0.060431495,0.04972238,0.40592322,14.108143,9.66091,2.876355,2.857372,5.259299,1.8766962,0.88307333,4.0203753,0.4631218,0.0,1.7956297,0.07433891,5.1834683,2.0637264,1.5433593,5.5057406,1.9352638,2.1323442,2.2231214,2.2625113,2.3039937,3.7107558
0,76,77,31,0,1.0,-0.36456907,0.24000001,-0.44605273,0.0,-5.5021706e-06,-0.15851083,0.15851083,1.0,2.0,0.4,0.7216674,3.259817,0.33201215,4.3928394,1.0,1.0,0.0,1.0,0.0,0.0,0.0,0.0,0.0,0.0,0.0,0,0.060925536,0.04786225,0.393696,12.854621,9.702679,2.8528576,2.5245621,5.2758026,2.1734936,0.1047503,3.721217,0.355518,0.0,1.8189632,0.04893504,5.2201157,2.1002269,1.5683932,5.5277395,1.939813,2.1316738,2.3170776,2.283107,2.3044333,3.823528
1,76,77,33,0,1.0,-0.34761196,0.26,-0.4483394,0.0,-5.38044e-06,-0.15926719,0.15926719,1.0,2.0,0.6,0.7523625,3.3195434,0.2629531,4.570666,1.0,1.0,1.0,1.0,44.0,0.0,0.0,0.0,0.0,0.0,0.0,0,0.059934657,0.048685797,0.39790714,14.093681,10.102264,3.3216412,2.585639,4.9267597,1.9420304,0.07998235,4.5479608,0.8042444,0.0,1.8336545,0.044396892,5.188488,2.1195314,1.5726168,5.494282,1.9363172,2.1168575,2.321507,2.273175,2.2885764,3.861893
2,76,77,33,0,1.0,-0.34695488,0.26,-0.44746387,0.0,-5.374056e-06,-0.15948561,0.15948561,1.0,2.0,0.6,0.71885747,3.3642821,0.30996677,4.4408736,1.0,1.0,1.0,1.0,44.0,0.0,0.0,0.0,0.0,0.0,0.0,0,0.060109776,0.047768034,0.39804834,13.86976,9.779047,3.2458189,2.064456,5.5240617,1.930871,0.3677723,4.293268,0.652892,0.0,1.863255,0.043086335,5.1835084,2.135698,1.5768645,5.488868,1.9373,2.1250002,2.296453,2.2769625,2.29779,3.8356214
3,76,77,32,0,1.0,-0.32575065,0.26,-0.42857248,0.0,-5.3722906e-06,-0.15717277,0.15717277,1.0,2.0,0.6,0.71533614,3.4013069,0.30480874,4.0694175,1.0,1.0,1.0,1.0,45.0,0.0,0.0,0.0,0.0,0.0,0.0,0,0.060102746,0.049822595,0.40916613,14.552395,9.778358,2.9126077,2.5270267,4.6239715,1.6322125,0.7857327,3.7112532,0.33625445,0.0,1.7984155,0.056963414,5.2032557,2.0736225,1.5509081,5.5220313,1.936347,2.1381617,2.20183,2.2666345,2.3079062,3.6792066
0,77,78,31,0,1.0,-0.3526867,0.26,-0.45113713,0.0,-5.4632446e-06,-0.16154408,0.16154408,1.0,2.0,0.6,0.74023235,3.2530863,0.3388814,4.374087,1.0,1.0,1.0,1.0,1.0,0.0,0.0,0.0,0.0,0.0,0.0,0,0.061034713,0.04785179,0.39639848,12.929804,9.669244,2.0807579,2.3410666,5.7395453,1.7812498,0.013624677,4.0231495,0.62231797,0.0,1.8153068,0.030735508,5.2341433,2.1006658,1.5617943,5.5389395,1.9401193,2.1369874,2.2997937,2.2853584,2.309283,3.8060951
1,77,78,33,0,1.0,-0.356531,0.26,-0.4547935,0.0,-5.326965e-06,-0.16173215,0.16173215,1.0,2.0,0.6,0.76411194,3.3728802,0.26354817,4.5846896,1.0,1.0,1.0,1.0,45.0,0.0,0.0,0.0,0.0,0.0,0.0,0,0.0594759,0.048706766,0.4004805,14.31962,10.010268,3.3309727,2.4163332,4.9101677,1.6289557,0.10506127,4.4956965,0.6453447,0.0,1.8332101,0.029607117,5.208512,2.1285658,1.5813779,5.510839,1.9369199,2.1202729,2.3102686,2.2768173,2.2912395,3.84844
2,77,78,33,0,1.0,-0.3765986,0.24000001,-0.45453113,0.0,-5.3266936e-06,-0.16206214,0.16206214,1.0,2.0,0.4,0.73237896,3.4098115,0.31121197,4.4628553,1.0,1.0,0.0,1.0,0.0,0.0,0.0,0.0,0.0,0.0,0.0,0,0.059632465,0.047802165,0.40046445,13.841009,10.17267,3.2006774,1.9259266,5.270597,2.0194838,0.276328,4.239727,0.3921128,0.0,1.8617381,0.027627125,5.2024164,2.141198,1.5855204,5.50489,1.9378066,2.1283178,2.2880383,2.2801914,2.3007123,3.8280056
3,77,78,32,0,1.0,-0.33168674,0.26,-0.43181556,0.0,-5.299013e-06,-0.15986584,0.15986584,1.0,2.0,0.6,0.7268994,3.4210422,0.30647555,4.0483947,1.0,1.0,1.0,1.0,46.0,0.0,0.0,0.0,0.0,0.0,0.0,0,0.059614405,0.049915824,0.41230315,14.303094,9.921224,3.0238967,2.882444,4.866405,1.5938443,0.7217087,3.7314484,0.24846707,0.0,1.8006634,0.040804967,5.2230062,2.0829442,1.559065,5.537979,1.9372516,2.1430216,2.1821797,2.2728336,2.310908,3.6500733
0,78,79,31,0,1.0,-0.38101178,0.24000001,-0.4569347,0.0,-5.345466e-06,-0.16407175,0.16407175,1.0,2.0,0.4,0.75480145,3.2777774,0.34331635,4.370326,1.0,1.0,0.0,1.0,0.0,0.0,0.0,0.0,0.0,0.0,0.0,0,0.05988513,0.047785673,0.39883706,13.004546,9.794139,2.2898567,2.0845256,5.5814657,1.7095681,0.0022036778,3.9465947,0.38756308,0.0,1.8173944,0.015569478,5.252323,2.104828,1.5585698,5.554987,1.9404843,2.1407156,2.289889,2.2881877,2.3129787,3.7967231
1,78,79,33,0,1.0,-0.3654346,0.26,-0.4612409,0.0,-5.272221e-06,-0.16418841,0.16418841,1.0,2.0,0.6,0.77358985,3.434744,0.26407805,4.6017337,1.0,1.0,1.0,1.0,46.0,0.0,0.0,0.0,0.0,0.0,0.0,0,0.05906064,0.048717644,0.4029971,14.452339,10.306525,3.2937105,2.2896743,4.929943,1.3941073,0.09967562,4.487919,0.7132975,0.0,1.8309463,0.014869496,5.227606,2.134188,1.5914729,5.527004,1.9378655,2.1241255,2.2985532,2.2801557,2.2942538,3.8348033
2,78,79,33,0,1.0,-0.38172674,0.24000001,-0.45742494,0.0,-5.465398e-06,-0.16429633,0.16429633,1.0,2.0,0.4,0.7427968,3.434288,0.31593436,4.4205537,1.0,1.0,0.0,1.0,0.0,0.0,0.0,0.0,0.0,0.0,0.0,0,0.0614117,0.047812514,0.40327185,13.529271,9.867116,3.956367,2.3714395,5.2055154,1.7185819,0.2927889,4.0001917,0.4029354,0.0,1.8601398,0.014222041,5.2201533,2.150347,1.5997318,5.5192432,1.9383557,2.1334126,2.269221,2.2822874,2.304507,3.797438
3,78,79,32,0,1.0,-0.3377964,0.26,-0.43539745,0.0,-5.252437e-06,-0.16239369,0.16239369,1.0,2.0,0.6,0.7363351,3.4671814,0.30745512,4.021816,1.0,1.0,1.0,1.0,47.0,0.0,0.0,0.0,0.0,0.0,0.0,0,0.059313044,0.049996387,0.4153503,14.53774,9.946468,3.5186746,2.4738996,4.7626653,1.3469816,0.590444,3.5444431,0.29811412,0.0,1.796781,0.02563782,5.2436533,2.0881305,1.5711682,5.554727,1.9380145,2.148205,2.1628625,2.275268,2.3154225,3.6198025
0,79,80,31,0,1.0,-0.38782015,0.24000001,-0.46153277,0.0,-5.3665162e-06,-0.16628203,0.16628203,1.0,2.0,0.4,0.76901627,3.2846959,0.3484779,4.3584876,1.0,1.0,0.0,1.0,0.0,0.0,0.0,0.0,0.0,0.0,0.0,0,0.060150027,0.047734372,0.40145677,12.972854,10.456859,2.2364986,2.2409315,5.5603275,1.7724184,0.079369254,3.8159633,0.3464759,0.0,1.8155344,0.0023078173,5.2697,2.1051373,1.5567024,5.570615,1.9414656,2.1447613,2.277022,2.2900422,2.3161454,3.7815704
1,79,80,33,0,1.0,-0.37400305,0.26,-0.46734542,0.0,-5.2299406e-06,-0.16665238,0.16665238,1.0,2.0,0.6,0.78723866,3.4710174,0.27120626,4.583665,1.0,1.0,1.0,1.0,47.0,0.0,0.0,0.0,0.0,0.0,0.0,0,0.05867627,0.048716187,0.40543965,14.497111,10.301712,3.33321,2.35212,5.0967946,1.4132402,0.09579247,4.2991905,0.7206987,0.0,1.8313907,8.568168e-05,5.2465277,2.1436672,1.6005371,5.5430436,1.9392796,2.1294475,2.2788153,2.2832713,2.2967181,3.8055255
2,79,80,33,0,1.0,-0.3863445,0.24000001,-0.4596724,0.0,-5.435324e-06,-0.16666667,0.16666667,1.0,2.0,0.4,0.77491784,3.3207219,0.31871012,4.404586,1.0,1.0,0.0,1.0,0.0,0.0,0.0,0.0,0.0,0.0,0.0,0,0.06057256,0.047790628,0.40590763,14.564512,10.399907,2.4957225,2.2618484,5.1151314,1.5071131,0.22950386,4.310629,0.49085474,0.0,1.8544961,-0.0050429255,5.234488,2.1492465,1.5934488,5.5293617,1.9388325,2.1381407,2.2522933,2.283277,2.308429,3.7725027
3,79,80,32,0,1.0,-0.34342086,0.26,-0.4387415,0.0,-5.1777683e-06,-0.1646742,0.1646742,1.0,2.0,0.6,0.74556416,3.5100393,0.30885223,3.9927073,1.0,1.0,1.0,1.0,48.0,0.0,0.0,0.0,0.0,0.0,0.0,0,0.058862496,0.050073802,0.41829747,13.88096,9.990632,3.5774186,2.7740865,4.65053,1.2740041,0.8080667,3.7504604,0.37177712,0.0,1.7954793,0.011954829,5.2646084,2.0972857,1.5843296,5.5721016,1.9385182,2.1533766,2.1428063,2.2774665,2.3198063,3.58999
0,80,81,31,0,1.0,-0.390746,0.24000001,-0.46407396,0.0,-5.372897e-06,-0.16666667,0.16666667,1.0,2.0,0.4,0.77942616,3.2842193,0.3522167,4.3390455,1.0,1.0,0.0,1.0,0.0,0.0,0.0,0.0,0.0,0.0,0.0,0,0.0598456,0.047648013,0.40402567,12.90784,10.471525,2.513356,2.0624769,5.667159,1.2888525,0.0,4.041219,0.44114587,0.0,1.8085368,-0.011878088,5.2858763,2.1008887,1.5620855,5.584727,1.9422762,2.1490006,2.2588983,2.2943282,2.3182003,3.7533686
1,80,81,33,0,1.0,-0.37927493,0.26,-0.47260308,0.0,-5.172181e-06,-0.16666667,0.16666667,1.0,2.0,0.6,0.79588574,3.5211728,0.2715455,4.5937314,1.0,1.0,1.0,1.0,48.0,0.0,0.0,0.0,0.0,0.0,0.0,0,0.058366526,0.04870032,0.40786326,14.602597,10.2598915,3.6103878,2.3276904,5.1275263,1.0767498,0.10712608,4.3855376,0.7538424,0.0,1.8307246,-0.013498589,5.265679,2.1544242,1.6141369,5.5590897,1.93986,2.1334283,2.265232,2.2865717,2.3002586,3.7888653
2,80,81,33,0,1.0,-0.3578839,0.26,-0.45121187,0.0,-5.343688e-06,-0.16666667,0.16666667,1.0,2.0,0.6,0.7875312,3.2882686,0.32218957,4.187365,1.0,1.0,1.0,1.0,1.0,0.0,0.0,0.0,0.0,0.0,0.0,0,0.059771076,0.04771998,0.40852758,14.001728,10.628181,2.1816034,2.3929346,4.805995,1.5462604,0.35198176,3.7616663,0.5254719,0.0,1.8564324,-0.019954517,5.2498384,2.1509585,1.589367,5.53949,1.9391738,2.1446922,2.2271254,2.2839897,2.311414,3.7251885
3,80,81,32,0,1.0,-0.35052437,0.26,-0.44385254,0.0,-5.1367783e-06,-0.16666667,0.16666667,1.0,2.0,0.6,0.7526146,3.5688696,0.30942193,3.9979978,1.0,1.0,1.0,1.0,49.0,0.0,0.0,0.0,0.0,0.0,0.0,0,0.05860774,0.050139572,0.4212366,14.196228,9.945921,3.5789378,2.34765,5.075031,0.9454071,0.878559,3.7341428,0.33086774,0.0,1.794691,-0.0026367605,5.2854156,2.1060905,1.5927389,5.5897684,1.9391574,2.1574,2.1258621,2.2822626,2.3231106,3.565465
0,81,82,31,0,1.0,-0.39414924,0.24000001,-0.46747726,0.0,-5.319436e-06,-0.16666667,0.16666667,1.0,2.0,0.4,0.78629404,3.3070216,0.35526812,4.3347125,1.0,1.0,0.0,1.0,0.0,0.0,0.0,0.0,0.0,0.0,0.0,0,0.059384592,0.04755738,0.4065526,13.24827,10.47892,1.8684541,2.2145772,5.747442,0.9833658,0.0,3.9338632,0.39532074,0.0,1.8072181,-0.024399534,5.3021,2.103142,1.5624567,5.5988517,1.9428097,2.152142,2.248419,2.2980175,2.3207307,3.7409523
1,81,82,33,0,1.0,-0.38483715,0.26,-0.47816533,0.0,-5.123595e-06,-0.16666667,0.16666667,1.0,2.0,0.6,0.8076708,3.56448,0.27120334,4.6044555,1.0,1.0,1.0,1.0,49.0,0.0,0.0,0.0,0.0,0.0,0.0,0,0.057991035,0.048671056,0.41020554,14.60503,10.443162,3.2439668,2.487986,5.2173524,0.81722903,0.11998853,4.1828456,0.6122362,0.0,1.8334482,-0.028724223,5.2834654,2.161712,1.6176479,5.575021,1.9405149,2.1365755,2.2554226,2.2901123,2.3027968,3.7773829
2,81,82,33,0,1.0,-0.3628073,0.26,-0.45613545,0.0,-5.163944e-06,-0.16666667,0.16666667,1.0,2.0,0.6,0.79793817,3.3112795,0.32983357,4.1725698,1.0,1.0,1.0,1.0,2.0,0.0,0.0,0.0,0.0,0.0,0.0,0,0.058564138,0.047615547,0.41104573,14.086515,10.421183,2.315908,2.5209935,5.059507,1.1679058,0.34550938,3.8337626,0.5293745,0.0,1.858335,-0.034650788,5.2664695,2.1557007,1.5878012,5.554275,1.9398496,2.1487482,2.2118278,2.2884657,2.3143065,3.705306
3,81,82,32,0,1.0,-0.35406077,0.26,-0.447389,0.0,-5.062491e-06,-0.16666667,0.16666667,1.0,2.0,0.6,0.76246303,3.6031418,0.31027928,3.980926,1.0,1.0,1.0,1.0,50.0,0.0,0.0,0.0,0.0,0.0,0.0,0,0.05802452,0.050199166,0.424078,13.951474,10.023758,3.617909,2.5544176,4.958268,0.97591275,0.7324022,3.456067,0.2017975,0.0,1.7939727,-0.016577914,5.3056145,2.1148965,1.6024189,5.6071258,1.9391901,2.1614432,2.1148815,2.2852852,2.326755,3.5503738
0,82,83,31,0,1.0,-0.37647521,0.26,-0.46980327,0.0,-5.27089e-06,-0.16666667,0.16666667,1.0,2.0,0.6,0.7947822,3.3240206,0.3631866,4.2822003,1.0,1.0,1.0,1.0,1.0,0.0,0.0,0.0,0.0,0.0,0.0,0,0.05902029,0.047452297,0.4089987,13.61696,10.73753,2.3974724,1.7737275,5.4240623,0.5520611,0.0,3.771294,0.5024401,0.0,1.8062509,-0.03909543,5.318726,2.1071053,1.564617,5.613627,1.9428625,2.1566682,2.2303023,2.3001628,2.323885,3.712748
1,82,83,33,0,1.0,-0.38960642,0.26,-0.48293465,0.0,-5.08135e-06,-0.16666667,0.16666667,1.0,2.0,0.6,0.82340336,3.5981414,0.27488205,4.5691237,1.0,1.0,1.0,1.0,50.0,0.0,0.0,0.0,0.0,0.0,0.0,0,0.057663206,0.048622977,0.41249704,14.724767,10.562705,3.018808,2.0478806,4.973248,0.74261254,0.11178049,4.103764,0.8089405,0.0,1.8372357,-0.044760108,5.301362,2.1689441,1.6169395,5.5900593,1.9413925,2.141466,2.240379,2.2915785,2.3058467,3.7528408
2,82,83,33,0,1.0,-0.3859331,0.24000001,-0.45926136,0.0,-5.0640992e-06,-0.16666667,0.16666667,1.0,2.0,0.4,0.8076705,3.314115,0.33357787,4.16487,1.0,1.0,0.0,1.0,0.0,0.0,0.0,0.0,0.0,0.0,0.0,0,0.057894774,0.04751375,0.41352433,14.273571,10.780924,1.8416729,2.0431507,5.1779075,1.152873,0.30351833,3.8700955,0.38574412,0.0,1.8607448,-0.0494726,5.2838264,2.1613038,1.5859709,5.5698733,1.9399226,2.1519623,2.2031405,2.2916262,2.3171475,3.6957173
3,82,83,32,0,1.0,-0.3558116,0.26,-0.4491399,0.0,-5.0207436e-06,-0.16666667,0.16666667,1.0,2.0,0.6,0.7704213,3.6358,0.30815998,3.9540915,1.0,1.0,1.0,1.0,51.0,0.0,0.0,0.0,0.0,0.0,0.0,0,0.057599142,0.050249152,0.4268903,13.994645,10.227527,4.07423,2.646079,4.6224904,0.6158701,0.72046465,3.5035949,0.3387342,0.0,1.7914157,-0.029225275,5.3260355,2.1230817,1.6165199,5.623296,1.9393839,2.1658049,2.0978928,2.2873425,2.3311844,3.520393
0,83,84,31,0,1.0,-0.3978321,0.24000001,-0.4711603,0.0,-5.1220445e-06,-0.16666667,0.16666667,1.0,2.0,0.4,0.79981124,3.3223715,0.3661852,4.2708507,1.0,1.0,0.0,1.0,0.0,0.0,0.0,0.0,0.0,0.0,0.0,0,0.057968426,0.047328103,0.41116664,13.702592,10.710767,2.0104296,2.2245793,5.2889357,0.40134126,0.0,3.79802,0.5458199,0.0,1.8072281,-0.052183494,5.3335843,2.1139219,1.5695999,5.627094,1.9432776,2.1597788,2.2209973,2.302819,2.3264632,3.70021
1,83,84,33,0,1.0,-0.41670054,0.24000001,-0.49002886,0.0,-5.0237563e-06,-0.16666667,0.16666667,1.0,2.0,0.4,0.8505022,3.609003,0.2755656,4.561235,1.0,1.0,0.0,1.0,0.0,0.0,0.0,0.0,0.0,0.0,0.0,0,0.057234056,0.048560042,0.41476297,14.511217,10.855365,2.0208795,2.6717107,5.097809,0.49350616,0.13402791,4.1497765,0.8111054,0.0,1.8344969,-0.063144416,5.3156376,2.170663,1.6139438,5.6010413,1.9422449,2.144555,2.2255988,2.2962162,2.3071768,3.728828
2,83,84,33,0,1.0,-0.367032,0.26,-0.46036017,0.0,-5.143132e-06,-0.16666667,0.16666667,1.0,2.0,0.6,0.8174279,3.302758,0.34127083,4.1109505,1.0,1.0,1.0,1.0,1.0,0.0,0.0,0.0,0.0,0.0,0.0,0,0.058400474,0.047407314,0.4161766,14.354188,10.806411,1.7698731,2.242864,5.071772,0.819869,0.31151673,3.8205802,0.53316003,0.0,1.8631816,-0.06427318,5.2995005,2.1683073,1.5879067,5.5834813,1.9402258,2.1568232,2.1842673,2.2937508,2.3203588,3.6646883
3,83,84,32,0,1.0,-0.3597765,0.26,-0.45310485,0.0,-4.9681016e-06,-0.16666667,0.16666667,1.0,2.0,0.6,0.78104,3.6688077,0.3094567,3.9408047,1.0,1.0,1.0,1.0,52.0,0.0,0.0,0.0,0.0,0.0,0.0,0,0.05712667,0.05029616,0.4295742,14.1713915,10.324927,3.4802966,2.590627,4.6893487,0.7849927,0.8686097,3.4857178,0.21257271,0.0,1.7931703,-0.04445426,5.345662,2.1306813,1.6219335,5.640911,1.9395306,2.1703973,2.082681,2.289196,2.3351145,3.497392
0,84,85,31,0,1.0,-0.39970925,0.24000001,-0.47303742,0.0,-5.166868e-06,-0.16666667,0.16666667,1.0,2.0,0.4,0.8055968,3.356828,0.3741321,4.2052746,1.0,1.0,0.0,1.0,0.0,0.0,0.0,0.0,0.0,0.0,0.0,0,0.05886646,0.04722229,0.4134677,13.861226,10.509523,2.718223,1.6692895,5.7291203,0.11450029,0.0,3.6308985,0.63286513,0.0,1.8073275,-0.06562509,5.35099,2.122838,1.5748528,5.64201,1.9434512,2.1638758,2.2040339,2.3059647,2.3286607,3.6712706
1,84,85,33,0,1.0,-0.42060864,0.24000001,-0.49393672,0.0,-5.2559976e-06,-0.16666667,0.16666667,1.0,2.0,0.4,0.86018306,3.622426,0.28051504,4.552817,1.0,1.0,0.0,1.0,0.0,0.0,0.0,0.0,0.0,0.0,0.0,0,0.059957333,0.04846246,0.41739517,14.507604,10.900664,1.7810793,2.5585597,5.4815435,0.20253144,0.12159708,3.9316504,0.65262973,0.0,1.8354759,-0.07781498,5.3317432,2.1736958,1.6102681,5.6159987,1.9426905,2.1471732,2.2159085,2.2998981,2.3091998,3.7173364
2,84,85,33,0,1.0,-0.36943892,0.26,-0.46276718,0.0,-5.0573603e-06,-0.16666667,0.16666667,1.0,2.0,0.6,0.8254846,3.308678,0.3438321,4.1000814,1.0,1.0,1.0,1.0,2.0,0.0,0.0,0.0,0.0,0.0,0.0,0,0.057472073,0.04725861,0.418572,14.251712,10.841886,1.7116334,2.530434,5.192853,0.52302694,0.31274816,3.8312848,0.59355146,0.0,1.8654625,-0.07848553,5.3153286,2.175194,1.5906284,5.597636,1.9400634,2.159971,2.1737554,2.2959707,2.3229594,3.6495879
3,84,85,32,0,1.0,-0.3836124,0.24000001,-0.45694083,0.0,-4.893629e-06,-0.16666667,0.16666667,1.0,2.0,0.4,0.7881621,3.7021554,0.3104529,3.9435844,1.0,1.0,0.0,1.0,0.0,0.0,0.0,0.0,0.0,0.0,0.0,0,0.056608472,0.05032564,0.43227187,14.579988,10.203904,3.349266,2.3591726,4.810812,0.27209523,0.9291515,3.7702353,0.35549167,0.0,1.7956197,-0.059782714,5.364402,2.1367936,1.622456,5.6580014,1.9402511,2.1734455,2.0670733,2.292469,2.3379977,3.4750066
0,85,86,31,0,1.0,-0.39942956,0.24000001,-0.47275788,0.0,-5.015593e-06,-0.16666667,0.16666667,1.0,2.0,0.4,0.81679195,3.3072584,0.37774852,4.175195,1.0,1.0,0.0,1.0,0.0,0.0,0.0,0.0,0.0,0.0,0.0,0,0.05812761,0.04712606,0.4156808,13.617883,10.541183,1.8547264,2.319789,5.515662,0.629499,0.05337554,3.5237043,0.39977682,0.0,1.8064488,-0.07924475,5.364365,2.1299927,1.5776359,5.6538486,1.9439787,2.1665125,2.1943026,2.3085113,2.3301923,3.6569378
1,85,86,33,0,1.0,-0.42225915,0.24000001,-0.4955873,0.0,-5.1860584e-06,-0.16666667,0.16666667,1.0,2.0,0.4,0.8706758,3.6398883,0.28905696,4.473193,1.0,1.0,0.0,1.0,0.0,0.0,0.0,0.0,0.0,0.0,0.0,0,0.059181023,0.04834647,0.4199436,15.296256,10.981032,2.4325473,2.1238105,5.6987853,0.0,0.11170996,4.0640163,0.6761924,0.0,1.8380866,-0.09262636,5.3482556,2.1784317,1.6066825,5.6314425,1.9425459,2.1515117,2.2012703,2.3023307,2.311875,3.6846378
2,85,86,33,0,1.0,-0.41109204,0.22000001,-0.46442044,0.0,-4.9404252e-06,-0.16666667,0.16666667,1.0,2.0,0.2,0.8330239,3.3065479,0.34620082,4.0857368,1.0,1.0,0.0,1.0,0.0,0.0,0.0,0.0,0.0,0.0,0.0,0,0.05683817,0.047116928,0.42097402,14.29667,10.894552,1.5728817,2.5493636,5.2447667,0.49015397,0.31868908,3.7536893,0.41832563,0.0,1.8677824,-0.09255819,5.331134,2.182647,1.5925007,5.611638,1.9399471,2.1623142,2.166611,2.298642,2.3247936,3.640216
3,85,86,32,0,1.0,-0.35799664,0.26,-0.45132488,0.0,-5.0816057e-06,-0.16666667,0.16666667,1.0,2.0,0.6,0.80520266,3.623723,0.30804726,3.8365257,1.0,1.0,1.0,1.0,1.0,0.0,0.0,0.0,0.0,0.0,0.0,0,0.059221946,0.050338123,0.4352015,14.09284,10.738356,2.4549634,2.3342626,3.8270385,1.8846825,1.2183305,2.7380996,0.39259133,0.0,1.799871,-0.07530227,5.382833,2.1424358,1.6206986,5.6734986,1.9402527,2.177918,2.0517669,2.2950284,2.3410575,3.441525
0,86,87,31,0,1.0,-0.39466476,0.24000001,-0.46799308,0.0,-5.0081157e-06,-0.16666667,0.16666667,1.0,2.0,0.4,0.84082115,3.1342096,0.3763124,4.139984,1.0,1.0,0.0,1.0,0.0,0.0,0.0,0.0,0.0,0.0,0.0,0,0.0575899,0.04699381,0.4180772,13.616355,10.897328,1.2507795,2.2921717,5.425675,0.0,0.0009779942,3.5774803,0.86934954,0.0,1.806439,-0.095482916,5.376194,2.1329036,1.5710281,5.6609025,1.94415,2.1703243,2.1784782,2.311008,2.333336,3.6280591
1,86,87,33,0,1.0,-0.42322958,0.24000001,-0.49655777,0.0,-5.123583e-06,-0.16666667,0.16666667,1.0,2.0,0.4,0.88007134,3.6405337,0.29468617,4.416833,1.0,1.0,0.0,1.0,0.0,0.0,0.0,0.0,0.0,0.0,0.0,0,0.058820657,0.048227612,0.4224301,14.685057,11.216621,1.8133668,2.249182,5.692653,0.0,0.2471049,3.4486861,0.5129004,0.0,1.8392619,-0.105626136,5.363455,2.1829002,1.6079032,5.6458006,1.9427754,2.1545126,2.191604,2.3053126,2.313011,3.6650193
2,86,87,33,0,1.0,-0.4102994,0.22000001,-0.46362764,0.0,-5.096109e-06,-0.16666667,0.16666667,1.0,2.0,0.2,0.83898056,3.2999127,0.35641763,3.9956472,1.0,1.0,0.0,1.0,0.0,0.0,0.0,0.0,0.0,0.0,0.0,0,0.059045766,0.046998758,0.42363808,14.640386,11.014209,1.5226332,2.5824625,5.090231,0.10946573,0.34669805,3.5866992,0.40674004,0.0,1.8701096,-0.10587424,5.3461785,2.1899726,1.5950531,5.6251016,1.9405134,2.1668174,2.1471202,2.3027349,2.3267972,3.6076148
3,86,87,32,0,1.0,-0.35605043,0.26,-0.44937885,0.0,-4.8894776e-06,-0.16666667,0.16666667,1.0,2.0,0.6,0.83757657,3.608786,0.32550508,3.563382,1.0,1.0,1.0,1.0,2.0,0.0,0.0,0.0,0.0,0.0,0.0,0,0.056535732,0.05031699,0.43802878,14.2256,10.988473,2.2067258,2.6080108,3.9481645,2.2543075,0.9250495,2.816212,0.12877402,0.0,1.7964635,-0.09352155,5.397749,2.139198,1.6133392,5.682854,1.9426621,2.1874719,2.0231113,2.2888198,2.3482828,3.3695593
0,87,88,31,0,1.0,-0.39262682,0.24000001,-0.46595508,0.0,-5.062587e-06,-0.16666667,0.16666667,1.0,2.0,0.4,0.84468263,3.1174314,0.38411796,4.0576663,1.0,1.0,0.0,1.0,0.0,0.0,0.0,0.0,0.0,0.0,0.0,0,0.058092766,0.046813555,0.4203338,14.177317,10.959447,1.2715204,1.8852885,5.3653893,0.0,0.0,3.2680745,0.5580368,0.0,1.8095925,-0.10875352,5.3903127,2.1403632,1.5712924,5.6726317,1.9438996,2.1736264,2.164463,2.314722,2.3352401,3.5998027
1,87,88,33,0,1.0,-0.423661,0.24000001,-0.4969892,0.0,-5.1142297e-06,-0.16666667,0.16666667,1.0,2.0,0.4,0.88637036,3.623723,0.29709834,4.398717,1.0,1.0,0.0,1.0,0.0,0.0,0.0,0.0,0.0,0.0,0.0,0,0.059025165,0.04809188,0.42494473,15.106253,11.089557,1.6792269,2.268902,5.9237285,0.0,0.14619261,3.7932563,0.9068176,0.0,1.842143,-0.119248405,5.3779407,2.190012,1.6093861,5.6587396,1.9424759,2.1585054,2.1761158,2.3064353,2.3168623,3.6388283
2,87,88,33,0,1.0,-0.39187852,0.24000001,-0.4652068,0.0,-5.0498793e-06,-0.16666667,0.16666667,1.0,2.0,0.4,0.84253913,3.2908862,0.3620792,3.9901578,1.0,1.0,0.0,1.0,0.0,0.0,0.0,0.0,0.0,0.0,0.0,0,0.05872006,0.046872415,0.42620203,14.906503,10.92518,1.4674417,2.114814,5.3389874,0.0,0.35953102,3.6520932,0.63656974,0.0,1.8720336,-0.11955835,5.361477,2.1973975,1.5956489,5.639378,1.9414499,2.1692529,2.1340973,2.3049483,2.3282187,3.5892506
3,87,88,32,0,1.0,-0.35383987,0.26,-0.4471684,0.0,-4.7870867e-06,-0.16666667,0.16666667,1.0,2.0,0.6,0.84169257,3.6068337,0.324231,3.5069158,1.0,1.0,1.0,1.0,3.0,0.0,0.0,0.0,0.0,0.0,0.0,0,0.055684805,0.050245907,0.44109648,14.374508,11.142105,2.0060885,2.7067358,3.9674616,1.4220494,0.7602461,2.6244557,0.41153988,0.0,1.7977934,-0.10749549,5.4143157,2.1406376,1.610493,5.696485,1.9436791,2.1905794,2.0220735,2.2904525,2.3510342,3.346689
0,88,89,31,0,1.0,-0.39098528,0.24000001,-0.4643137,0.0,-4.92779e-06,-0.16666667,0.16666667,1.0,2.0,0.4,0.8457851,3.1149194,0.39116055,3.986625,1.0,1.0,0.0,1.0,0.0,0.0,0.0,0.0,0.0,0.0,0.0,0,0.05737675,0.046646606,0.42254275,14.585382,11.2335005,1.7892874,1.6077787,5.2370534,0.0,0.023868658,3.2131333,0.67096984,0.0,1.8104304,-0.12252629,5.403876,2.1475105,1.5752163,5.685041,1.9445293,2.1767154,2.1474638,2.3161702,2.3368375,3.572858
1,88,89,33,0,1.0,-0.42010242,0.24000001,-0.49343067,0.0,-5.0783156e-06,-0.16666667,0.16666667,1.0,2.0,0.4,0.88979036,3.6211295,0.3046568,4.275248,1.0,1.0,0.0,1.0,0.0,0.0,0.0,0.0,0.0,0.0,0.0,0,0.05863503,0.04794295,0.42741293,15.225969,11.15023,1.6252084,2.2434223,5.8424506,0.0,0.14513688,3.035267,0.76539236,0.0,1.8443093,-0.13237707,5.392451,2.1968,1.6112728,5.6718054,1.9416578,2.1623418,2.1618054,2.3110135,2.319185,3.6079683
2,88,89,33,0,1.0,-0.39209652,0.24000001,-0.4654249,0.0,-4.9453997e-06,-0.16666667,0.16666667,1.0,2.0,0.4,0.85198265,3.236924,0.3689441,3.9669394,1.0,1.0,0.0,1.0,0.0,0.0,0.0,0.0,0.0,0.0,0.0,0,0.057819307,0.046720404,0.4285961,15.253271,11.686059,1.3046888,2.2367425,4.922232,0.0,0.16269392,3.7551272,0.5220919,0.0,1.870104,-0.13131872,5.375274,2.20074,1.5983393,5.6517525,1.941751,2.1720655,2.1224425,2.306213,2.3298416,3.5712864
3,88,89,32,0,1.0,-0.35273868,0.26,-0.44606727,0.0,-4.7130125e-06,-0.16666667,0.16666667,1.0,2.0,0.6,0.8456161,3.587029,0.31906065,3.5109313,1.0,1.0,1.0,1.0,4.0,0.0,0.0,0.0,0.0,0.0,0.0,0,0.055340834,0.05016377,0.44414887,14.479313,11.187823,2.1592672,2.602831,4.1714215,1.1609993,0.8864298,2.6439183,0.44206953,0.0,1.8006907,-0.12240633,5.432392,2.1472552,1.6125953,5.712799,1.9431293,2.1933765,2.0218225,2.2901886,2.354544,3.3359885
0,89,90,31,0,1.0,-0.4086026,0.22000001,-0.46193105,0.0,-4.8809125e-06,-0.16666667,0.16666667,1.0,2.0,0.2,0.84888506,3.0818233,0.39965525,3.9140952,1.0,1.0,0.0,1.0,0.0,0.0,0.0,0.0,0.0,0.0,0.0,0,0.05690223,0.04647479,0.4247158,14.419664,11.844898,1.4105765,2.0058107,5.276492,0.0,0.036012936,3.2161667,0.4282638,0.0,1.806454,-0.13351105,5.415682,2.1483712,1.5792627,5.6952944,1.9441873,2.1795354,2.1314971,2.3194258,2.338225,3.5434186
1,89,90,33,0,1.0,-0.41022825,0.24000001,-0.48355657,0.0,-5.0231192e-06,-0.16666667,0.16666667,1.0,2.0,0.4,0.8943447,3.5977063,0.31901923,4.006604,1.0,1.0,0.0,1.0,0.0,0.0,0.0,0.0,0.0,0.0,0.0,0,0.058235377,0.04779033,0.42980674,15.262092,11.2102,1.4565494,2.3095937,5.7340064,0.0,0.11621233,2.853111,0.7416986,0.0,1.8462532,-0.1451049,5.4065256,2.2030566,1.6130302,5.683284,1.9413978,2.1671274,2.1343663,2.312676,2.320935,3.5574832
2,89,90,33,0,1.0,-0.3924619,0.24000001,-0.46579033,0.0,-4.8831216e-06,-0.16666667,0.16666667,1.0,2.0,0.4,0.85001755,3.2607772,0.37565345,3.926675,1.0,1.0,0.0,1.0,0.0,0.0,0.0,0.0,0.0,0.0,0.0,0,0.057411212,0.04656425,0.43104196,15.076439,11.85835,1.1603167,2.2769742,5.2169623,0.0,0.35057613,3.5449412,0.73594064,0.0,1.8654038,-0.14250651,5.387625,2.2011209,1.6020722,5.663433,1.9417927,2.1747105,2.1073632,2.3105109,2.331128,3.5438676
3,89,90,32,0,1.0,-0.3510809,0.26,-0.44440955,0.0,-4.6469404e-06,-0.16666667,0.16666667,1.0,2.0,0.6,0.84819233,3.5763195,0.31952733,3.4732718,1.0,1.0,1.0,1.0,5.0,0.0,0.0,0.0,0.0,0.0,0.0,0,0.055223145,0.05007085,0.4472215,14.306936,10.816812,2.092248,2.434414,4.1796117,1.0341638,0.88568723,2.5512667,0.43627304,0.0,1.8019159,-0.13618134,5.450333,2.1519942,1.6109222,5.728978,1.943542,2.195908,2.0203187,2.2918508,2.3567367,3.325675
0,90,91,31,0,1.0,-0.38158107,0.24000001,-0.4549095,0.0,-4.8900683e-06,-0.16666667,0.16666667,1.0,2.0,0.4,0.85409105,3.0132432,0.41046953,3.762144,1.0,1.0,0.0,1.0,0.0,0.0,0.0,0.0,0.0,0.0,0.0,0,0.056976557,0.04631162,0.4270255,14.658665,11.311767,1.3117987,1.9849671,5.3867126,0.0,0.021378456,3.0482106,0.8051464,0.0,1.8031464,-0.14419444,5.4275327,2.1479578,1.5798306,5.703914,1.9428931,2.1837347,2.111885,2.3186722,2.3405855,3.5107403
1,90,91,33,0,1.0,-0.4234665,0.22000001,-0.4767949,0.0,-4.940154e-06,-0.16666667,0.16666667,1.0,2.0,0.2,0.8942935,3.5944412,0.33928362,3.7735705,1.0,1.0,0.0,1.0,0.0,0.0,0.0,0.0,0.0,0.0,0.0,0,0.057554033,0.047628496,0.4321569,14.999876,11.24339,1.4013938,2.3118849,5.791233,0.0,0.33161137,2.7895434,0.37672535,0.0,1.8483639,-0.15764907,5.419637,2.2099204,1.6149545,5.694789,1.9407928,2.171378,2.10926,2.3155723,2.3227487,3.5140853
2,90,91,33,0,1.0,-0.3913557,0.24000001,-0.4646842,0.0,-4.8557504e-06,-0.16666667,0.16666667,1.0,2.0,0.4,0.8542887,3.2294188,0.38051963,3.890222,1.0,1.0,0.0,1.0,0.0,0.0,0.0,0.0,0.0,0.0,0.0,0,0.05714914,0.046402328,0.43344927,15.397501,11.5332,1.4263418,1.960868,5.106207,0.0,0.39177722,3.3607686,0.64366394,0.0,1.8652551,-0.15547946,5.4002748,2.20854,1.6059386,5.6744328,1.9416378,2.1774917,2.0945714,2.311199,2.3328063,3.5202708
3,90,91,32,0,1.0,-0.3260044,0.28,-0.43933314,0.0,-4.566502e-06,-0.16666667,0.16666667,1.0,2.0,0.8,0.84623665,3.563382,0.31188104,3.432692,1.0,1.0,1.0,1.0,6.0,0.0,0.0,0.0,0.0,0.0,0.0,0,0.054883327,0.049970612,0.45032218,14.738435,11.410704,1.4516057,2.6082118,3.8712864,0.6427218,0.834101,2.4553068,0.58090234,0.0,1.8038899,-0.14942847,5.4676576,2.1575549,1.6144086,5.7445755,1.9436605,2.1975973,2.019561,2.2947576,2.3587623,3.315473
0,91,92,31,0,1.0,-0.37961784,0.24000001,-0.45294636,0.0,-4.8119496e-06,-0.16666667,0.16666667,1.0,2.0,0.4,0.85407656,3.0122037,0.42377183,3.6574817,1.0,1.0,0.0,1.0,0.0,0.0,0.0,0.0,0.0,0.0,0.0,0,0.055916272,0.046104927,0.4291295,14.881684,11.347217,1.237738,1.7925595,5.5498075,0.0,0.07973324,2.6826348,0.7507242,0.0,1.8048525,-0.15538558,5.440352,2.154438,1.5797198,5.7149625,1.9417837,2.1867723,2.0957775,2.3215926,2.3421113,3.4829512
1,91,92,33,0,1.0,-0.39713192,0.24000001,-0.47046036,0.0,-4.9128944e-06,-0.16666667,0.16666667,1.0,2.0,0.4,0.89195144,3.6027076,0.35220432,3.5857193,1.0,1.0,0.0,1.0,0.0,0.0,0.0,0.0,0.0,0.0,0.0,0,0.05753398,0.04748583,0.4346382,15.449056,11.304143,1.2750541,2.2080667,5.8636003,0.0,0.12085803,2.5453765,0.5262547,0.0,1.8502612,-0.16914718,5.432272,2.2169,1.6175324,5.705858,1.9398391,2.1750786,2.0840168,2.3180196,2.3250809,3.467888
2,91,92,33,0,1.0,-0.39331245,0.24000001,-0.466641,0.0,-4.7779236e-06,-0.16666667,0.16666667,1.0,2.0,0.4,0.86422384,3.1975076,0.383467,3.896857,1.0,1.0,0.0,1.0,0.0,0.0,0.0,0.0,0.0,0.0,0.0,0,0.056444593,0.0462329,0.43584868,15.748492,11.3874855,1.613861,2.5012944,4.4474573,0.0,0.37996864,3.7234027,1.0180246,0.0,1.8598195,-0.16668588,5.409911,2.2139843,1.6089804,5.682513,1.9418501,2.1795778,2.081579,2.31315,2.3340461,3.495437
3,91,92,32,0,1.0,-0.3531962,0.26,-0.4465251,0.0,-4.405355e-06,-0.16666667,0.16666667,1.0,2.0,0.6,0.8753419,3.550838,0.31592494,3.4233294,1.0,1.0,1.0,1.0,7.0,0.0,0.0,0.0,0.0,0.0,0.0,0,0.05388684,0.04984588,0.45320478,15.05701,11.124241,1.7919536,2.4475467,3.831676,0.6987681,0.91417253,2.4684691,0.40419015,0.0,1.8006514,-0.1672782,5.4837613,2.1626046,1.614257,5.7589235,1.9446805,2.2005625,2.0182207,2.2934084,2.36136,3.3123143
0,92,93,31,0,1.0,-0.37464523,0.24000001,-0.4479739,0.0,-4.6794767e-06,-0.16666667,0.16666667,1.0,2.0,0.4,0.8549846,3.000226,0.4387939,3.4903586,1.0,1.0,0.0,1.0,0.0,0.0,0.0,0.0,0.0,0.0,0.0,0,0.05532597,0.045909792,0.4312063,15.063676,11.827215,1.1710324,1.7345734,5.3305864,0.0,0.055625927,2.6051528,0.7142807,0.0,1.8027682,-0.16585477,5.452519,2.1563168,1.5810612,5.7255135,1.9411303,2.189979,2.0753078,2.3224232,2.3435006,3.4426525
1,92,93,33,0,1.0,-0.39525202,0.24000001,-0.46858054,0.0,-4.810803e-06,-0.16666667,0.16666667,1.0,2.0,0.4,0.89496905,3.585938,0.3635109,3.4932733,1.0,1.0,0.0,1.0,0.0,0.0,0.0,0.0,0.0,0.0,0.0,0,0.05626579,0.04731871,0.43679285,15.631091,11.738824,2.031207,1.916847,5.2767735,0.0,0.17335668,2.7192845,0.5352586,0.0,1.8502381,-0.1812797,5.445815,2.2226567,1.6209025,5.718822,1.9388721,2.1785169,2.0687685,2.3178964,2.3280075,3.4430437
2,92,93,33,0,1.0,-0.3904394,0.24000001,-0.463768,0.0,-4.7417752e-06,-0.16666667,0.16666667,1.0,2.0,0.4,0.86876017,3.1642857,0.39184326,3.8080568,1.0,1.0,0.0,1.0,0.0,0.0,0.0,0.0,0.0,0.0,0.0,0,0.05612038,0.046054065,0.43826073,16.09453,11.9907875,1.220929,2.0819058,4.983306,0.0,0.32648268,3.129957,0.5807975,0.0,1.8579185,-0.17785728,5.422008,2.2177582,1.6107231,5.6923623,1.9412949,2.1826572,2.0667455,2.3178258,2.335596,3.4674077
3,92,93,32,0,1.0,-0.34939247,0.26,-0.44272143,0.0,-4.3521277e-06,-0.16666667,0.16666667,1.0,2.0,0.6,0.8723487,3.572158,0.30878678,3.3765914,1.0,1.0,1.0,1.0,8.0,0.0,0.0,0.0,0.0,0.0,0.0,0,0.053753782,0.04972797,0.45634383,15.309926,11.885825,1.1739563,2.3479743,3.7216783,0.2961484,0.84672374,2.3488286,0.59980285,0.0,1.799192,-0.17985329,5.500622,2.1631758,1.6158313,5.7749968,1.9448824,2.201914,2.0176806,2.2958472,2.3626916,3.3034072
0,93,94,31,0,1.0,-0.37182984,0.24000001,-0.44515854,0.0,-4.6348664e-06,-0.16666667,0.16666667,1.0,2.0,0.4,0.8516688,2.979806,0.45163903,3.4068258,1.0,1.0,0.0,1.0,0.0,0.0,0.0,0.0,0.0,0.0,0.0,0,0.0551006,0.045714125,0.43324104,15.120462,12.248504,1.4196478,1.8849902,4.8594165,0.0,0.0,2.448972,0.88541776,0.0,1.794532,-0.17557405,5.4621277,2.1544733,1.5873352,5.7336645,1.9402921,2.1927826,2.0565941,2.3245904,2.345267,3.4070954
1,93,94,33,0,1.0,-0.4115597,0.22000001,-0.4648884,0.0,-4.6618243e-06,-0.16666667,0.16666667,1.0,2.0,0.2,0.89508694,3.5353723,0.37048894,3.4345157,1.0,1.0,0.0,1.0,0.0,0.0,0.0,0.0,0.0,0.0,0.0,0,0.055597797,0.04717122,0.43892586,15.992966,12.414017,1.6451322,1.775027,5.4325266,0.0,0.18051043,2.630201,0.4279531,0.0,1.844256,-0.19177087,5.457202,2.2215772,1.6276089,5.7291975,1.9377679,2.1812036,2.0545244,2.318854,2.3300965,3.4162
2,93,94,33,0,1.0,-0.3893674,0.24000001,-0.46269602,0.0,-4.713542e-06,-0.16666667,0.16666667,1.0,2.0,0.4,0.8672489,3.1822932,0.40457615,3.7125013,1.0,1.0,0.0,1.0,0.0,0.0,0.0,0.0,0.0,0.0,0.0,0,0.05595808,0.045856606,0.44060078,16.61114,12.185785,1.2032559,1.8382205,5.132696,0.0,0.19123384,3.1242962,0.8416809,0.0,1.8549595,-0.18761903,5.434008,2.2193377,1.612365,5.703598,1.9418001,2.1860495,2.0440414,2.31948,2.3374808,3.4308128
3,93,94,32,0,1.0,-0.34534508,0.26,-0.4386741,0.0,-4.3231507e-06,-0.16666667,0.16666667,1.0,2.0,0.6,0.8709707,3.5609643,0.30691683,3.3230786,1.0,1.0,1.0,1.0,9.0,0.0,0.0,0.0,0.0,0.0,0.0,0,0.054384828,0.04958931,0.45937166,15.477107,11.93003,1.2758025,2.3054316,3.9168527,0.5674664,0.7765894,2.343168,0.27086774,0.0,1.7988123,-0.19233488,5.5176506,2.166852,1.6183413,5.7908206,1.9451298,2.2036948,2.0169995,2.2970092,2.3645368,3.2973151
0,94,95,31,0,1.0,-0.37445426,0.24000001,-0.44778305,0.0,-4.5403335e-06,-0.16666667,0.16666667,1.0,2.0,0.4,0.86514765,2.9842684,0.46230432,3.3341315,1.0,1.0,0.0,1.0,0.0,0.0,0.0,0.0,0.0,0.0,0.0,0,0.054524947,0.045524243,0.43516737,15.655835,12.045679,1.8006506,1.9190813,3.7638526,0.0,0.0,2.4326432,0.934964,0.0,1.7818779,-0.1862172,5.471662,2.151957,1.5865339,5.7408733,1.9399248,2.1950603,2.0403414,2.3262608,2.3466208,3.3785357
1,94,95,33,0,1.0,-0.40814054,0.22000001,-0.46146917,0.0,-4.69145e-06,-0.16666667,0.16666667,1.0,2.0,0.2,0.8971337,3.480027,0.38202515,3.3535619,1.0,1.0,0.0,1.0,0.0,0.0,0.0,0.0,0.0,0.0,0.0,0,0.055955723,0.047028985,0.4411947,15.84165,12.429725,1.3097271,1.9996518,5.52397,0.0,0.036780242,2.5548844,0.41777498,0.0,1.8373247,-0.20112246,5.467366,2.219411,1.6304168,5.737932,1.937291,2.1834598,2.037371,2.3217528,2.3308456,3.3843052
2,94,95,33,0,1.0,-0.38833904,0.24000001,-0.46166772,0.0,-4.677238e-06,-0.16666667,0.16666667,1.0,2.0,0.4,0.86360425,3.193833,0.41774294,3.6327844,1.0,1.0,0.0,1.0,0.0,0.0,0.0,0.0,0.0,0.0,0.0,0,0.05567293,0.04565837,0.44286302,16.997232,12.748748,1.1861738,1.7470063,5.243703,0.0,0.24305557,3.0771759,0.8750634,0.0,1.8480439,-0.19654408,5.444386,2.216739,1.6158035,5.713493,1.942072,2.188693,2.025222,2.321866,2.338807,3.4011881
3,94,95,32,0,1.0,-0.34043267,0.26,-0.43376178,0.0,-4.2164775e-06,-0.16666667,0.16666667,1.0,2.0,0.6,0.8692372,3.5868108,0.3005792,3.2393413,1.0,1.0,1.0,1.0,10.0,0.0,0.0,0.0,0.0,0.0,0.0,0,0.0534551,0.04946781,0.462459,15.769531,11.719439,1.7075993,2.11308,3.724606,0.0,0.50076294,2.3034663,0.5945956,0.0,1.7973013,-0.20480826,5.5355816,2.1709216,1.624934,5.807391,1.9463457,2.2046685,2.0162077,2.3007264,2.365035,3.2881927
0,95,96,31,0,1.0,-0.37396938,0.24000001,-0.44729823,0.0,-4.4762937e-06,-0.16666667,0.16666667,1.0,2.0,0.4,0.8671085,2.954215,0.4717335,3.2975395,1.0,1.0,0.0,1.0,0.0,0.0,0.0,0.0,0.0,0.0,0.0,0,0.054233942,0.04532395,0.43699074,15.627185,12.192459,1.6640183,1.6837534,4.7324505,0.0,0.0,2.4325247,1.0208011,0.0,1.7765406,-0.19549988,5.482096,2.153046,1.5898095,5.7491913,1.9399017,2.1974444,2.0273275,2.3275797,2.3482556,3.3557563
1,95,96,33,0,1.0,-0.38159207,0.24000001,-0.4549207,0.0,-4.6916844e-06,-0.16666667,0.16666667,1.0,2.0,0.4,0.8966484,3.4281282,0.39133126,3.230388,1.0,1.0,0.0,1.0,0.0,0.0,0.0,0.0,0.0,0.0,0.0,0,0.05595827,0.04687043,0.4434176,16.443977,12.428823,1.7284613,1.7394031,5.161793,0.0,0.0,2.3753433,0.82277465,0.0,1.8342875,-0.21134801,5.4776726,2.222143,1.6333457,5.746465,1.9374423,2.1851392,2.0280235,2.3228784,2.3308537,3.3599622
2,95,96,33,0,1.0,-0.3870172,0.24000001,-0.46034592,0.0,-4.615319e-06,-0.16666667,0.16666667,1.0,2.0,0.4,0.872574,3.1721919,0.42698672,3.536922,1.0,1.0,0.0,1.0,0.0,0.0,0.0,0.0,0.0,0.0,0.0,0,0.055408213,0.045459744,0.44509003,16.197601,12.010402,1.4356142,2.1473172,4.9658227,0.0,0.24557734,2.6244226,0.9754163,0.0,1.8430125,-0.20553805,5.4532113,2.2200522,1.6183813,5.7205143,1.9415855,2.190742,2.0184598,2.3253946,2.3392076,3.3804438
3,95,96,32,0,1.0,-0.33824348,0.26,-0.43157262,0.0,-4.184161e-06,-0.16666667,0.16666667,1.0,2.0,0.6,0.8703409,3.5959654,0.30300936,3.1687353,1.0,1.0,1.0,1.0,11.0,0.0,0.0,0.0,0.0,0.0,0.0,0,0.053838056,0.049334385,0.4653899,15.549696,11.967242,1.2291845,2.4866588,3.8381002,0.0,0.5498713,2.1554313,0.6325201,0.0,1.79386,-0.21566413,5.551496,2.172565,1.6320351,5.8226714,1.9475348,2.2058241,2.015584,2.3022385,2.3651621,3.2852392
0,96,97,31,0,1.0,-0.37015474,0.24000001,-0.44348365,0.0,-4.420429e-06,-0.16666667,0.16666667,1.0,2.0,0.4,0.8707654,2.9101672,0.4834483,3.1884367,1.0,1.0,0.0,1.0,0.0,0.0,0.0,0.0,0.0,0.0,0.0,0,0.053845316,0.045115594,0.43881792,15.908078,12.808265,1.2602226,1.6372764,4.463144,0.0,0.0,2.3140814,0.8501111,0.0,1.7744348,-0.20349026,5.492008,2.1565595,1.591451,5.7568913,1.9402422,2.1995566,2.0162768,2.3287213,2.3491132,3.3336618
1,96,97,33,0,1.0,-0.3795049,0.24000001,-0.4528337,0.0,-4.520512e-06,-0.16666667,0.16666667,1.0,2.0,0.4,0.9122819,3.3717196,0.39886674,3.129211,1.0,1.0,0.0,1.0,0.0,0.0,0.0,0.0,0.0,0.0,0.0,0,0.054401405,0.046699848,0.4453872,16.826176,12.37809,1.214614,1.9567062,5.3609743,0.0,0.0,2.0377524,1.0697995,0.0,1.8255461,-0.22161417,5.486651,2.2208261,1.6322976,5.7527347,1.9369535,2.1854043,2.0287626,2.3240018,2.3296616,3.3509064
2,96,97,33,0,1.0,-0.38056946,0.24000001,-0.45389825,0.0,-4.548313e-06,-0.16666667,0.16666667,1.0,2.0,0.4,0.87600124,3.1354582,0.4307213,3.408893,1.0,1.0,0.0,1.0,0.0,0.0,0.0,0.0,0.0,0.0,0.0,0,0.055092007,0.0452596,0.4473392,16.636099,12.051354,1.2850055,1.9480416,4.998199,0.0,0.21990934,2.1441896,1.1538585,0.0,1.8434398,-0.21456704,5.4640045,2.225921,1.6192399,5.7295213,1.9408427,2.1914706,2.0188167,2.325337,2.3388627,3.372785
3,96,97,32,0,1.0,-0.37677476,0.22000001,-0.43010408,0.0,-4.0210575e-06,-0.16666667,0.16666667,1.0,2.0,0.2,0.8717121,3.5876834,0.30632675,3.1242034,1.0,1.0,0.0,1.0,0.0,0.0,0.0,0.0,0.0,0.0,0.0,0,0.052896217,0.04922351,0.4683814,15.781337,11.825143,1.6814647,2.2210116,3.6131768,0.0,0.4137339,2.234232,0.46385708,0.0,1.7946671,-0.22694133,5.5680246,2.180873,1.6372396,5.8380785,1.9483417,2.2067382,2.0154536,2.3027833,2.3653972,3.282263
0,97,98,31,0,1.0,-0.3676773,0.24000001,-0.44100624,0.0,-4.395506e-06,-0.16666667,0.16666667,1.0,2.0,0.4,0.8734857,2.8393724,0.4869443,3.1786013,1.0,1.0,0.0,1.0,0.0,0.0,0.0,0.0,0.0,0.0,0.0,0,0.05378783,0.044903588,0.44068298,16.015594,13.3196745,1.4860483,1.6432571,3.9893963,0.0,0.0,2.5380595,0.66443914,0.0,1.7695115,-0.21077432,5.501296,2.155246,1.5915118,5.7650166,1.9399434,2.2003524,2.0164995,2.3308084,2.3493924,3.3262584
1,97,98,33,0,1.0,-0.3735913,0.24000001,-0.44692022,0.0,-4.403511e-06,-0.16666667,0.16666667,1.0,2.0,0.4,0.91441435,3.3334272,0.40185785,3.0236163,1.0,1.0,0.0,1.0,0.0,0.0,0.0,0.0,0.0,0.0,0.0,0,0.054008424,0.046518676,0.4474373,16.906153,12.5106735,1.2921257,1.8413059,5.552918,0.0,0.0,1.9098521,1.0790277,0.0,1.8266238,-0.23051389,5.497678,2.2269075,1.632534,5.762292,1.9371085,2.1848826,2.0300434,2.3232565,2.327784,3.3460433
2,97,98,33,0,1.0,-0.3727677,0.24000001,-0.44609654,0.0,-4.4947506e-06,-0.16666667,0.16666667,1.0,2.0,0.4,0.8790302,3.1103926,0.43938425,3.2194653,1.0,1.0,0.0,1.0,0.0,0.0,0.0,0.0,0.0,0.0,0.0,0,0.05492613,0.04504986,0.44958663,16.182047,12.218948,1.17717,2.4771187,5.0765824,0.0,0.15672356,2.0901194,0.72750115,0.0,1.8417705,-0.22258386,5.4746118,2.2297509,1.6210856,5.73888,1.9402854,2.1914952,2.019298,2.3238995,2.337419,3.3697884
3,97,98,32,0,1.0,-0.35184628,0.24000001,-0.42517513,0.0,-4.49881e-06,-0.16666667,0.16666667,1.0,2.0,0.4,0.86758184,3.5752249,0.30013612,3.089687,1.0,1.0,0.0,1.0,0.0,0.0,0.0,0.0,0.0,0.0,0.0,0,0.05673434,0.04911268,0.47140932,15.905061,12.348024,1.8326963,2.0606377,3.8160334,0.0,0.4274463,2.0599566,0.71689415,0.0,1.7879624,-0.23681596,5.5845466,2.1808906,1.6435788,5.854401,1.9478284,2.2083201,2.0148888,2.304959,2.3673487,3.2760653
0,98,99,31,0,1.0,-0.36371094,0.24000001,-0.4370399,0.0,-4.3707623e-06,-0.16666667,0.16666667,1.0,2.0,0.4,0.8792624,2.768747,0.49005657,3.125456,1.0,1.0,0.0,1.0,0.0,0.0,0.0,0.0,0.0,0.0,0.0,0,0.053880375,0.04468779,0.44256422,15.842942,13.382989,1.4061059,1.9900962,3.805383,0.0,0.0,2.2385504,0.7207546,0.0,1.7640975,-0.21635592,5.508499,2.155175,1.5917168,5.769159,1.94057,2.2003822,2.0168588,2.3335662,2.3483033,3.3184602
1,98,99,33,0,1.0,-0.36875662,0.24000001,-0.44208556,0.0,-4.401047e-06,-0.16666667,0.16666667,1.0,2.0,0.4,0.9173958,3.293264,0.40613237,2.9308052,1.0,1.0,0.0,1.0,0.0,0.0,0.0,0.0,0.0,0.0,0.0,0,0.054132845,0.046323176,0.44952226,17.023264,12.461636,1.1155455,2.0418184,5.6075993,0.0,0.0,1.8135895,1.1028229,0.0,1.8264197,-0.23782775,5.5073185,2.2325654,1.633998,5.7705913,1.9366838,2.1855845,2.0306475,2.3215072,2.32777,3.3437545
2,98,99,33,0,1.0,-0.36998764,0.24000001,-0.44331652,0.0,-4.4577373e-06,-0.16666667,0.16666667,1.0,2.0,0.4,0.8759438,3.0944972,0.44418168,3.1712048,1.0,1.0,0.0,1.0,0.0,0.0,0.0,0.0,0.0,0.0,0.0,0,0.054976195,0.044833995,0.45195138,16.864214,12.590621,1.2530777,1.933864,5.223398,0.0,0.1557938,1.7473048,1.1766684,0.0,1.8379678,-0.2303604,5.4853616,2.2301543,1.6205577,5.748526,1.9392662,2.1914258,2.01993,2.325429,2.3363702,3.36343
3,98,99,32,0,1.0,-0.34767455,0.24000001,-0.4210034,0.0,-4.4813755e-06,-0.16666667,0.16666667,1.0,2.0,0.4,0.86133647,3.5985763,0.29984552,3.0155802,1.0,1.0,0.0,1.0,0.0,0.0,0.0,0.0,0.0,0.0,0.0,0,0.05588506,0.048957612,0.4741542,16.052952,12.27939,1.2437996,2.1025145,3.880981,0.0,0.37186468,2.053996,0.7134779,0.0,1.7821726,-0.24598986,5.5993867,2.1805227,1.6492745,5.8696256,1.9481785,2.2090712,2.0142295,2.3086264,2.3677645,3.270726
0,99,100,31,0,1.0,-0.36174303,0.24000001,-0.435072,0.0,-4.345314e-06,-0.16666667,0.16666667,1.0,2.0,0.4,0.8750361,2.7763698,0.4924458,3.0876598,1.0,1.0,0.0,1.0,0.0,0.0,0.0,0.0,0.0,0.0,0.0,0,0.053800315,0.044452347,0.4444761,15.974575,13.205108,0.9812033,2.285987,4.250905,0.0,0.0,1.7267176,1.3184216,0.0,1.7605592,-0.22248663,5.5147357,2.1572423,1.5904089,5.7735257,1.9409932,2.1994681,2.017571,2.3373008,2.345968,3.309671
1,99,100,33,0,1.0,-0.3664726,0.24000001,-0.43980157,0.0,-4.381646e-06,-0.16666667,0.16666667,1.0,2.0,0.4,0.9129377,3.279926,0.409812,2.9023564,1.0,1.0,0.0,1.0,0.0,0.0,0.0,0.0,0.0,0.0,0.0,0,0.054172333,0.046113312,0.4516792,17.293974,12.972713,1.1560246,1.8563646,5.4744654,0.0,0.0,1.8072193,1.372373,0.0,1.8249177,-0.24552234,5.5174003,2.236765,1.6358031,5.7802906,1.9371495,2.184811,2.031096,2.3246,2.3260155,3.3368692
2,99,100,33,0,1.0,-0.36458075,0.24000001,-0.43790966,0.0,-4.411188e-06,-0.16666667,0.16666667,1.0,2.0,0.4,0.874866,3.078011,0.45175368,3.047084,1.0,1.0,0.0,1.0,0.0,0.0,0.0,0.0,0.0,0.0,0.0,0,0.054575082,0.044614445,0.4542309,17.12266,12.704888,1.1014899,1.9694123,5.1016493,0.0,0.12209367,1.8860813,1.0597193,0.0,1.8326149,-0.23622774,5.494259,2.2295063,1.6223613,5.7564893,1.9394301,2.1909282,2.0208545,2.3240762,2.3345098,3.3642795
3,99,100,32,0,1.0,-0.34655815,0.24000001,-0.41988713,0.0,-4.362865e-06,-0.16666667,0.16666667,1.0,2.0,0.4,0.8624646,3.5977063,0.30564043,2.9595096,1.0,1.0,0.0,1.0,0.0,0.0,0.0,0.0,0.0,0.0,0.0,0,0.0553587,0.048819363,0.47691792,15.935714,12.182669,1.3881658,2.2699397,3.9388795,0.0,0.39037693,1.9829147,0.85675347,0.0,1.781043,-0.25445372,5.614404,2.1867726,1.6537256,5.8838763,1.9488775,2.2092633,2.0149007,2.3088334,2.3665142,3.2675076
0,100,101,31,0,1.0,-0.35803425,0.24000001,-0.43136328,0.0,-4.3252126e-06,-0.16666667,0.16666667,1.0,2.0,0.4,0.8770371,2.7743955,0.502482,2.955275,1.0,1.0,0.0,1.0,0.0,0.0,0.0,0.0,0.0,0.0,0.0,0,0.053614732,0.044202592,0.44638175,16.026205,13.269559,1.2999758,2.0742261,4.3057055,0.0,0.08070749,1.9244672,0.6115402,0.0,1.7609607,-0.22911355,5.5236197,2.1624227,1.5893499,5.7811847,1.9417174,2.1982684,2.019269,2.337546,2.3430207,3.3156567
1,100,101,33,0,1.0,-0.36091787,0.24000001,-0.43424684,0.0,-4.376571e-06,-0.16666667,0.16666667,1.0,2.0,0.4,0.91387534,3.2497156,0.41750038,2.7783425,1.0,1.0,0.0,1.0,0.0,0.0,0.0,0.0,0.0,0.0,0.0,0,0.054179855,0.04590399,0.45380872,17.209545,12.764788,1.3269247,1.8514515,5.549585,0.0,0.0,1.835106,1.2821923,0.0,1.8220875,-0.25253817,5.526557,2.2416835,1.639542,5.788466,1.9379861,2.183973,2.0325265,2.324288,2.3236792,3.3404787
2,100,101,33,0,1.0,-0.35939196,0.24000001,-0.4327209,0.0,-4.392402e-06,-0.16666667,0.16666667,1.0,2.0,0.4,0.87768435,3.0483682,0.46041715,2.915542,1.0,1.0,0.0,1.0,0.0,0.0,0.0,0.0,0.0,0.0,0.0,0,0.05452308,0.044388115,0.45653996,17.064444,12.667793,1.0950218,2.2085063,4.9652944,0.0,0.18267013,1.7079092,1.2807758,0.0,1.8276916,-0.24215207,5.5025077,2.2288265,1.6257197,5.7641106,1.9397364,2.190274,2.0218334,2.3235495,2.3321729,3.3680427
3,100,101,32,0,1.0,-0.34274483,0.24000001,-0.41607386,0.0,-4.3133764e-06,-0.16666667,0.16666667,1.0,2.0,0.4,0.8612179,3.5578856,0.30635497,2.9257264,1.0,1.0,0.0,1.0,0.0,0.0,0.0,0.0,0.0,0.0,0.0,0,0.05512933,0.04868501,0.47971898,16.393456,12.262587,1.1870445,2.2063203,3.912136,0.0,0.18590695,1.9327133,0.6956108,0.0,1.7804455,-0.2627246,5.6288266,2.1916971,1.6555371,5.8978868,1.9485034,2.2100582,2.014623,2.31103,2.3675966,3.2636802
0,101,102,31,0,1.0,-0.3539315,0.24000001,-0.42726052,0.0,-4.3132936e-06,-0.16666667,0.16666667,1.0,2.0,0.4,0.8738468,2.7656353,0.5091435,2.8646228,1.0,1.0,0.0,1.0,0.0,0.0,0.0,0.0,0.0,0.0,0.0,0,0.053773884,0.043938182,0.44837156,16.428532,13.799769,1.4325418,1.4879422,4.2120957,0.0,0.061185967,1.9085882,0.6320295,0.0,1.7591897,-0.23539513,5.5332246,2.1650057,1.5889254,5.789997,1.942271,2.1977148,2.0201511,2.3381653,2.3412342,3.3152018
1,101,102,33,0,1.0,-0.35639596,0.24000001,-0.429725,0.0,-4.321147e-06,-0.16666667,0.16666667,1.0,2.0,0.4,0.91335887,3.2337787,0.42766252,2.655613,1.0,1.0,0.0,1.0,0.0,0.0,0.0,0.0,0.0,0.0,0.0,0,0.05389563,0.045687914,0.4559838,17.46304,13.141339,1.2443744,1.7779621,5.4097543,0.0,0.0,1.8436705,1.2210428,0.0,1.8187165,-0.25882983,5.5351505,2.24377,1.6415102,5.796542,1.938767,2.1833293,2.0337648,2.3237264,2.3216364,3.3435874
2,101,102,33,0,1.0,-0.36634982,0.24000001,-0.4396788,0.0,-4.3525547e-06,-0.16666667,0.16666667,1.0,2.0,0.4,0.8983019,3.1494076,0.470653,2.799393,1.0,1.0,0.0,1.0,0.0,0.0,0.0,0.0,0.0,0.0,0.0,0,0.054431424,0.04415608,0.45891312,17.317663,12.944497,1.2248542,1.8561127,5.1583214,0.0,0.17092127,1.8511723,1.1908008,0.0,1.8153801,-0.25044566,5.5116367,2.2263668,1.6217424,5.771146,1.9403778,2.1895795,2.0227752,2.3228674,2.3301108,3.3733726
3,101,102,32,0,1.0,-0.34695435,0.24000001,-0.42028338,0.0,-4.2993606e-06,-0.16666667,0.16666667,1.0,2.0,0.4,0.87284946,3.6191835,0.31070343,2.8687189,1.0,1.0,0.0,1.0,0.0,0.0,0.0,0.0,0.0,0.0,0.0,0,0.05500132,0.04854486,0.48247516,16.514002,12.072527,2.0460434,2.1532788,4.169523,0.0,0.39707026,1.9476578,0.7446789,0.0,1.7724354,-0.27274603,5.642932,2.1944876,1.6567359,5.911615,1.9495778,2.209278,2.0160258,2.3111966,2.3650215,3.2635324
0,102,103,31,0,1.0,-0.36348963,0.24000001,-0.43681866,0.0,-4.2895385e-06,-0.16666667,0.16666667,1.0,2.0,0.4,0.88226426,2.9342756,0.51138467,2.8338535,1.0,1.0,0.0,1.0,0.0,0.0,0.0,0.0,0.0,0.0,0.0,0,0.053595204,0.04367284,0.45033002,16.436262,13.243181,1.5020676,1.9930578,4.5678625,0.0,0.0,1.5690604,1.2166668,0.0,1.754006,-0.24116896,5.543603,2.1679516,1.5861965,5.798741,1.9425266,2.197741,2.0207376,2.3397167,2.3405633,3.3094451
1,102,103,33,0,1.0,-0.35242248,0.24000001,-0.4257515,0.0,-4.303751e-06,-0.16666667,0.16666667,1.0,2.0,0.4,0.911386,3.2289338,0.43435055,2.557413,1.0,1.0,0.0,1.0,0.0,0.0,0.0,0.0,0.0,0.0,0.0,0,0.053974245,0.04546593,0.45821065,17.34196,12.775965,1.3748384,2.007865,5.3161316,0.0,0.0,1.9824795,1.0768057,0.0,1.8169787,-0.26480332,5.5426974,2.2508488,1.6431911,5.8027377,1.9395441,2.1829896,2.0347774,2.322774,2.320227,3.3475604
2,102,103,33,0,1.0,-0.36275667,0.24000001,-0.43608564,0.0,-4.3667924e-06,-0.16666667,0.16666667,1.0,2.0,0.4,0.89528775,3.1716983,0.47441646,2.701493,1.0,1.0,0.0,1.0,0.0,0.0,0.0,0.0,0.0,0.0,0.0,0,0.05462861,0.043905847,0.46131268,17.181118,12.776489,1.2322307,2.0746143,5.103028,0.0,0.16915086,1.8836792,1.1100931,0.0,1.8140975,-0.25595203,5.520034,2.2306466,1.6248816,5.7792287,1.9402616,2.1902435,2.0234592,2.3203208,2.3302224,3.379231
3,102,103,32,0,1.0,-0.3291039,0.26,-0.42243296,0.0,-4.260715e-06,-0.16666667,0.16666667,1.0,2.0,0.6,0.8758348,3.6280406,0.3127469,2.877709,1.0,1.0,1.0,1.0,1.0,0.0,0.0,0.0,0.0,0.0,0.0,0,0.05498531,0.04841045,0.4852939,16.354143,12.640937,1.4713899,2.4081976,4.0707574,0.0,0.5121725,2.002649,0.8475466,0.0,1.7699887,-0.27962998,5.658333,2.1976647,1.6612105,5.9268637,1.9500256,2.2090905,2.0176344,2.3096037,2.3634992,3.2643836
0,103,104,31,0,1.0,-0.35797697,0.24000001,-0.43130606,0.0,-4.2533734e-06,-0.16666667,0.16666667,1.0,2.0,0.4,0.87974286,2.9176888,0.5138774,2.74033,1.0,1.0,0.0,1.0,0.0,0.0,0.0,0.0,0.0,0.0,0.0,0,0.05320562,0.043469787,0.45224866,16.52293,13.390941,1.3459362,1.9776405,4.429075,0.0,0.0,1.695155,1.3118391,0.0,1.7553892,-0.24636611,5.5548406,2.1736677,1.5886134,5.8095512,1.9432306,2.1973953,2.021999,2.338911,2.3391752,3.3104663
1,103,104,33,0,1.0,-0.351732,0.24000001,-0.42506105,0.0,-4.2763418e-06,-0.16666667,0.16666667,1.0,2.0,0.4,0.9098697,3.2138681,0.43489546,2.5635269,1.0,1.0,0.0,1.0,0.0,0.0,0.0,0.0,0.0,0.0,0.0,0,0.053930566,0.045237985,0.46050614,17.13378,12.787363,1.210059,2.0165927,5.4149766,0.0,0.0,1.6654569,1.3574545,0.0,1.8157684,-0.27012005,5.5508432,2.2557926,1.6435179,5.809965,1.9393421,2.1838686,2.0350828,2.3238366,2.3211646,3.3447456
2,103,104,33,0,1.0,-0.36006892,0.24000001,-0.4333979,0.0,-4.387136e-06,-0.16666667,0.16666667,1.0,2.0,0.4,0.8937625,3.1771233,0.48076206,2.6182106,1.0,1.0,0.0,1.0,0.0,0.0,0.0,0.0,0.0,0.0,0.0,0,0.054820947,0.043804683,0.4638018,17.268515,12.896967,1.2201458,1.9178059,5.2102094,0.0,0.14043847,2.0211456,0.90670323,0.0,1.8140845,-0.26158208,5.528696,2.2330832,1.6234481,5.7879186,1.9405053,2.190914,2.0235777,2.3190758,2.3305686,3.3809264
3,103,104,32,0,1.0,-0.34629384,0.24000001,-0.41962296,0.0,-4.217811e-06,-0.16666667,0.16666667,1.0,2.0,0.4,0.8718456,3.6053138,0.31897837,2.8330247,1.0,1.0,0.0,1.0,0.0,0.0,0.0,0.0,0.0,0.0,0.0,0,0.054571077,0.048278302,0.48848507,16.527208,12.092999,1.4607004,2.430138,4.2147913,0.0,0.330439,1.8639708,0.905289,0.0,1.7672758,-0.28654933,5.671216,2.199796,1.662616,5.9401097,1.9497186,2.2102468,2.0175667,2.3112855,2.3649776,3.2624402
0,104,105,31,0,1.0,-0.35403794,0.24000001,-0.42736703,0.0,-4.236842e-06,-0.16666667,0.16666667,1.0,2.0,0.4,0.88019323,2.9101672,0.5203209,2.6346023,1.0,1.0,0.0,1.0,0.0,0.0,0.0,0.0,0.0,0.0,0.0,0,0.05312154,0.043645345,0.45418355,16.820955,13.600746,1.2791027,1.6508814,4.4775896,0.0,0.059635755,1.706208,1.3509401,0.0,1.7562538,-0.25122577,5.5646744,2.1757758,1.5858667,5.819284,1.9439764,2.1967902,2.0232677,2.339357,2.3374305,3.313254
1,104,105,33,0,1.0,-0.35416532,0.24000001,-0.42749435,0.0,-4.3039886e-06,-0.16666667,0.16666667,1.0,2.0,0.4,0.91439754,3.2918375,0.4439278,2.4664223,1.0,1.0,0.0,1.0,0.0,0.0,0.0,0.0,0.0,0.0,0.0,0,0.054054707,0.045001205,0.46285716,17.833876,13.236792,1.5384424,2.1161454,4.7803135,0.0,0.0,1.7602593,1.4684134,0.0,1.808035,-0.2754934,5.5575514,2.2581887,1.6429579,5.815691,1.94026,2.1838896,2.035716,2.3235037,2.320244,3.347097
2,104,105,33,0,1.0,-0.3577763,0.24000001,-0.43110526,0.0,-4.394533e-06,-0.16666667,0.16666667,1.0,2.0,0.4,0.88621366,3.1953037,0.48115537,2.5899556,1.0,1.0,0.0,1.0,0.0,0.0,0.0,0.0,0.0,0.0,0.0,0,0.0549332,0.043983106,0.4663602,17.3652,12.858962,1.3283429,2.2085443,5.1907454,0.0,0.22811408,2.1037526,1.4178071,0.0,1.8120401,-0.26628262,5.538482,2.2357314,1.6270597,5.79757,1.9403249,2.1920779,2.0236201,2.3189094,2.331659,3.3753884
3,104,105,32,0,1.0,-0.34661597,0.24000001,-0.41994506,0.0,-4.2302477e-06,-0.16666667,0.16666667,1.0,2.0,0.4,0.8703295,3.618967,0.32510772,2.8027463,1.0,1.0,0.0,1.0,0.0,0.0,0.0,0.0,0.0,0.0,0.0,0,0.054810394,0.048146483,0.49139193,16.676565,13.074633,1.4100211,2.3538558,4.2163353,0.0,0.46978527,1.8097502,0.9690396,0.0,1.7604642,-0.29286557,5.684726,2.1969478,1.6663693,5.954156,1.9507773,2.2097774,2.01858,2.311013,2.362947,3.2657795
0,105,106,31,0,1.0,-0.34965956,0.24000001,-0.4229887,0.0,-4.2037045e-06,-0.16666667,0.16666667,1.0,2.0,0.4,0.87629724,2.8937132,0.5251262,2.558943,1.0,1.0,0.0,1.0,0.0,0.0,0.0,0.0,0.0,0.0,0.0,0,0.052907787,0.043816384,0.45614117,16.88407,13.668213,1.3308371,1.705244,4.657119,0.0,0.04557236,1.737139,1.2269543,0.0,1.7573066,-0.25576168,5.5740337,2.1814516,1.5881107,5.8282022,1.9444823,2.1962538,2.0247273,2.3392203,2.3359885,3.315772
1,105,106,33,0,1.0,-0.3534976,0.24000001,-0.42682666,0.0,-4.284029e-06,-0.16666667,0.16666667,1.0,2.0,0.4,0.9173837,3.3474872,0.45295087,2.3373723,1.0,1.0,0.0,1.0,0.0,0.0,0.0,0.0,0.0,0.0,0.0,0,0.053974792,0.044763975,0.46520168,17.662186,12.946238,1.2540923,2.14834,5.387194,0.0,0.0,1.7795541,1.4282839,0.0,1.8038772,-0.28055125,5.5635104,2.2611938,1.6433203,5.8209157,1.9410923,2.1832287,2.0371392,2.3222177,2.3183436,3.3529084
2,105,106,33,0,1.0,-0.35447708,0.24000001,-0.42780608,0.0,-4.3419022e-06,-0.16666667,0.16666667,1.0,2.0,0.4,0.88408685,3.1786013,0.48263526,2.5439105,1.0,1.0,0.0,1.0,0.0,0.0,0.0,0.0,0.0,0.0,0.0,0,0.05452956,0.044163182,0.4689191,17.44638,12.9661255,1.4683226,1.8936965,5.328882,0.0,0.1755244,2.1265662,0.98014456,0.0,1.8127646,-0.27174577,5.549394,2.241074,1.6284992,5.808269,1.940824,2.1923938,2.0241232,2.3190281,2.3316658,3.3771825
3,105,106,32,0,1.0,-0.34436062,0.24000001,-0.41768974,0.0,-4.212512e-06,-0.16666667,0.16666667,1.0,2.0,0.4,0.8645475,3.6250186,0.33222824,2.7448964,1.0,1.0,0.0,1.0,0.0,0.0,0.0,0.0,0.0,0.0,0.0,0,0.054812066,0.048014056,0.49434662,16.95594,13.018916,1.8283767,1.9748204,4.2654095,0.0,0.3182966,1.7442746,0.96202844,0.0,1.75074,-0.2989542,5.697569,2.1923962,1.6702434,5.967734,1.950913,2.2099838,2.0186625,2.3134706,2.3629766,3.2637568
0,106,107,31,0,1.0,-0.34597465,0.24000001,-0.41930383,0.0,-4.1524536e-06,-0.16666667,0.16666667,1.0,2.0,0.4,0.87635314,2.8880272,0.527061,2.480978,1.0,1.0,0.0,1.0,0.0,0.0,0.0,0.0,0.0,0.0,0.0,0,0.05258607,0.04398461,0.45811367,16.662605,13.769951,1.2151201,2.0719235,4.593612,0.0,0.085610256,1.8344363,1.0490942,0.0,1.7574232,-0.25895125,5.5809903,2.1833546,1.5872577,5.835311,1.9450412,2.1965795,2.0258307,2.3379977,2.3360293,3.319443
1,106,107,33,0,1.0,-0.35534906,0.24000001,-0.4286781,0.0,-4.28458e-06,-0.16666667,0.16666667,1.0,2.0,0.4,0.91383934,3.3675382,0.4562881,2.3553863,1.0,1.0,0.0,1.0,0.0,0.0,0.0,0.0,0.0,0.0,0.0,0,0.053905737,0.044754773,0.46761456,17.952415,13.175385,1.1946858,1.995056,5.0474024,0.0,0.0,1.6886815,1.5698134,0.0,1.80277,-0.28533673,5.5695286,2.263517,1.6419122,5.8269076,1.9410901,2.18383,2.0372906,2.3233008,2.3190367,3.3499534
2,106,107,33,0,1.0,-0.35157627,0.24000001,-0.4249053,0.0,-4.3276013e-06,-0.16666667,0.16666667,1.0,2.0,0.4,0.87943923,3.1667585,0.48455122,2.5113947,1.0,1.0,0.0,1.0,0.0,0.0,0.0,0.0,0.0,0.0,0.0,0,0.054472644,0.044339746,0.47150213,17.521711,12.813193,1.4550062,2.2427297,5.1246686,0.0,0.11579091,1.8460393,1.3944501,0.0,1.8118504,-0.27566925,5.5589347,2.2449253,1.6322815,5.8171372,1.9407995,2.191831,2.0253189,2.3210695,2.3303099,3.3729646
3,106,107,32,0,1.0,-0.34734333,0.24000001,-0.42067248,0.0,-4.172356e-06,-0.16666667,0.16666667,1.0,2.0,0.4,0.8626019,3.6632557,0.33646506,2.7548592,1.0,1.0,0.0,1.0,0.0,0.0,0.0,0.0,0.0,0.0,0.0,0,0.05448316,0.047893118,0.4972201,16.749659,13.311848,1.3356807,2.4201314,4.2417135,0.0,0.4441092,1.7871015,1.0385873,0.0,1.7426465,-0.30460432,5.710918,2.1898448,1.6762761,5.981252,1.951667,2.2093608,2.0204484,2.3114057,2.3609421,3.2680387
0,107,108,31,0,1.0,-0.34227437,0.24000001,-0.41560358,0.0,-4.136435e-06,-0.16666667,0.16666667,1.0,2.0,0.4,0.870378,2.867354,0.52591616,2.4632466,1.0,1.0,0.0,1.0,0.0,0.0,0.0,0.0,0.0,0.0,0.0,0,0.05261815,0.044151876,0.46021757,17.072477,13.797624,1.3543353,1.6021036,4.4498196,0.0,0.034330536,1.5284123,1.5607674,0.0,1.7589811,-0.26411527,5.590868,2.189357,1.5884942,5.844635,1.9451611,2.1961331,2.0271049,2.3394837,2.3349988,3.3151288
1,107,108,33,0,1.0,-0.34943718,0.24000001,-0.4227662,0.0,-4.306492e-06,-0.16666667,0.16666667,1.0,2.0,0.4,0.9098989,3.3652127,0.46287742,2.2262294,1.0,1.0,0.0,1.0,0.0,0.0,0.0,0.0,0.0,0.0,0.0,0,0.053934336,0.04491789,0.47001597,17.855658,13.120405,1.3193556,2.2239647,5.25419,0.0,0.0,1.6992593,1.6527746,0.0,1.8022404,-0.2890054,5.5770926,2.267496,1.6443071,5.8340764,1.9419312,2.182655,2.0391636,2.3235326,2.3164654,3.3543017
2,107,108,33,0,1.0,-0.34760374,0.24000001,-0.42093283,0.0,-4.258682e-06,-0.16666667,0.16666667,1.0,2.0,0.4,0.8762995,3.1610682,0.48961002,2.4280405,1.0,1.0,0.0,1.0,0.0,0.0,0.0,0.0,0.0,0.0,0.0,0,0.05390493,0.044519424,0.47406095,17.764612,12.886389,1.386002,2.0111244,5.1892357,0.0,0.099570975,1.9358884,1.3623598,0.0,1.8116511,-0.28041825,5.5687346,2.2492228,1.6344447,5.8268113,1.9416497,2.1909215,2.0270705,2.3203204,2.3282046,3.3759992
3,107,108,32,0,1.0,-0.3464555,0.24000001,-0.41978472,0.0,-4.1304997e-06,-0.16666667,0.16666667,1.0,2.0,0.4,0.86072356,3.6435428,0.35109138,2.693077,1.0,1.0,0.0,1.0,0.0,0.0,0.0,0.0,0.0,0.0,0.0,0,0.05425536,0.047778882,0.5001931,17.078531,12.609693,1.6489327,2.454405,4.2920012,0.0,0.19249035,1.4948843,1.2282051,0.0,1.735976,-0.3097184,5.7225237,2.1907928,1.6814871,5.9925976,1.9519471,2.209188,2.0206592,2.3143518,2.3602364,3.2686307
0,108,109,31,0,1.0,-0.33772373,0.24000001,-0.411053,0.0,-4.0824616e-06,-0.16666667,0.16666667,1.0,2.0,0.4,0.86908126,2.8459814,0.5293726,2.3828092,1.0,1.0,0.0,1.0,0.0,0.0,0.0,0.0,0.0,0.0,0.0,0,0.0520473,0.0443186,0.46223074,16.871191,13.678006,1.5184631,1.949064,4.3968225,0.0,0.0062173354,1.5766071,1.4909115,0.0,1.7604344,-0.26766843,5.5991535,2.1948307,1.59179,5.852429,1.9458264,2.195076,2.0291083,2.3389428,2.3329134,3.317503
1,108,109,33,0,1.0,-0.34536487,0.24000001,-0.41869396,0.0,-4.263039e-06,-0.16666667,0.16666667,1.0,2.0,0.4,0.90686065,3.3670728,0.4701367,2.1218188,1.0,1.0,0.0,1.0,0.0,0.0,0.0,0.0,0.0,0.0,0.0,0,0.05371061,0.045074236,0.47247347,18.019835,13.246785,1.4560832,1.9893937,5.2339215,0.0,0.0,1.771022,1.5946234,0.0,1.8012892,-0.2930209,5.585665,2.2712984,1.64578,5.842649,1.9428097,2.1816492,2.041038,2.3223245,2.314287,3.3601756
2,108,109,33,0,1.0,-0.34443215,0.24000001,-0.41776127,0.0,-4.223264e-06,-0.16666667,0.16666667,1.0,2.0,0.4,0.87384385,3.1513956,0.4953797,2.3577113,1.0,1.0,0.0,1.0,0.0,0.0,0.0,0.0,0.0,0.0,0.0,0,0.053649522,0.044697136,0.47662973,18.036293,12.902611,1.5928935,1.7872505,5.4046187,0.0,0.045844506,1.8052931,1.469899,0.0,1.811453,-0.28465205,5.5780077,2.2535415,1.6364787,5.8361864,1.9419603,2.1906219,2.0288222,2.3189802,2.327051,3.3796246
3,108,109,32,0,1.0,-0.3465082,0.24000001,-0.41983747,0.0,-4.065227e-06,-0.16666667,0.16666667,1.0,2.0,0.4,0.8557682,3.6749904,0.35964656,2.6446846,1.0,1.0,0.0,1.0,0.0,0.0,0.0,0.0,0.0,0.0,0.0,0,0.053801168,0.04767136,0.5031253,16.817898,13.464609,1.4071062,2.4126556,4.035283,0.0,0.33821088,1.6996331,1.2425336,0.0,1.7328601,-0.31458622,5.733322,2.1945236,1.6838409,6.0033255,1.9539446,2.2071562,2.0229414,2.3133912,2.356058,3.2749777
0,109,110,31,0,1.0,19.666916,0.24000001,-0.4064136,20.0,-4.0122045e-06,-0.16666667,0.16666667,1.0,2.0,0.4,0.86506635,2.833301,0.5343563,2.2978573,1.0,1.0,0.0,1.0,0.0,0.0,0.0,0.0,0.0,0.0,1.0,1,0.051601417,0.0,0.0,17.107134,14.682321,1.5143007,1.5964326,4.4667907,0.0,0.00024620045,1.6353976,1.4562199,0.0,nan,nan,nan,nan,nan,nan,nan,nan,nan,nan,nan,nan
1,109,110,33,0,1.0,19.656128,0.24000001,-0.41720164,20.0,-4.239777e-06,-0.16666667,0.16666667,1.0,2.0,0.4,0.903936,3.3670728,0.47363508,2.089104,1.0,1.0,0.0,1.0,0.0,0.0,0.0,0.0,0.0,0.0,1.0,1,0.053497236,0.0,0.0,17.955477,13.379623,1.3824081,1.9603713,5.3696404,0.0,0.113914065,1.8753713,1.1837295,0.0,nan,nan,nan,nan,nan,nan,nan,nan,nan,nan,nan,nan
2,109,110,33,0,1.0,19.659327,0.24000001,-0.4140036,20.0,-4.1903068e-06,-0.16666667,0.16666667,1.0,2.0,0.4,0.8693837,3.1803246,0.5044768,2.2304447,1.0,1.0,0.0,1.0,0.0,0.0,0.0,0.0,0.0,0.0,1.0,1,0.05340033,0.0,0.0,17.700861,12.948742,1.2310525,2.4028924,5.223398,0.0,0.14887576,1.6833127,1.5514479,0.0,nan,nan,nan,nan,nan,nan,nan,nan,nan,nan,nan,nan
3,109,110,32,0,1.0,19.648659,0.24000001,-0.42467052,20.0,-4.0243317e-06,-0.16666667,0.16666667,1.0,2.0,0.4,0.85750866,3.6771197,0.36783212,2.689587,1.0,1.0,0.0,1.0,0.0,0.0,0.0,0.0,0.0,0.0,1.0,1,0.05353964,0.0,0.0,16.908112,13.083123,1.2631534,2.3404388,4.173429,0.0,0.43757147,1.803676,1.1756275,0.0,nan,nan,nan,nan,nan,nan,nan,nan,nan,nan,nan,nan
