env,step,row,release_row,pinned,released,reward,r_contact,r_hold,r_bonus,r_act,r_cross,cross,cross_any,c_plate,c_sponge,dp_plate_cm,dr_plate_deg,dp_sponge_cm,dr_sponge_deg,within,plate_ok,sponge_ok,cert,cert_run,new_cert,dropped,drop_plate,drop_sponge,new_drop,success,done,act_abs_mean,res_arm_max_rad,res_fin_max_rad,F_L_thumb,F_L_index,F_L_middle,F_L_ring,F_L_pinky,F_R_thumb,F_R_index,F_R_middle,F_R_ring,F_R_pinky,gapL_idx_mid_cm,gapL_mid_ring_cm,gapL_ring_pinky_cm,d3L_idx_mid_cm,d3L_mid_ring_cm,d3L_ring_pinky_cm,gapR_idx_mid_cm,gapR_mid_ring_cm,gapR_ring_pinky_cm,d3R_idx_mid_cm,d3R_mid_ring_cm,d3R_ring_pinky_cm
0,0,1,48,1,0.0,-5.9501723e-05,0.0,0.0,0.0,-5.9501723e-05,-0.0,0.0,0.0,0.0,0.0,0.017035007,0.055952907,0.017035007,0.03956468,1.0,0.0,0.0,0.0,0.0,0.0,0.0,0.0,0.0,0.0,0.0,0,0.19060645,0.0018249531,0.018731741,0.0,0.0,0.0,0.0,0.0,0.0,0.0,0.0,0.0,0.0,2.2561603,2.0628076,3.7759256,2.2608674,2.24422,4.1252203,2.1208725,3.315164,1.7454937,2.3701031,3.3362122,2.1565235
1,0,1,50,1,0.0,-5.9602407e-05,0.0,0.0,0.0,-5.9602407e-05,-0.0,0.0,0.0,0.0,0.0,0.017035007,0.055952907,0.017035007,0.03956468,1.0,0.0,0.0,0.0,0.0,0.0,0.0,0.0,0.0,0.0,0.0,0,0.1907741,0.0018265669,0.018751636,0.0,0.0,0.0,0.0,0.0,0.0,0.0,0.0,0.0,0.0,2.2561285,2.062822,3.7758875,2.2608345,2.2442374,4.125194,2.1208599,3.3151143,1.7455697,2.370077,3.3361645,2.156618
2,0,1,49,1,0.0,-5.9535934e-05,0.0,0.0,0.0,-5.9535934e-05,-0.0,0.0,0.0,0.0,0.0,0.017035007,0.055952907,0.01703501,0.03956468,1.0,0.0,0.0,0.0,0.0,0.0,0.0,0.0,0.0,0.0,0.0,0,0.19067484,0.0018252596,0.018740382,0.0,0.0,0.0,0.0,0.0,0.0,0.0,0.0,0.0,0.0,2.256153,2.0628057,3.7759266,2.2608614,2.244209,4.125222,2.1208584,3.3151479,1.7455413,2.3700776,3.3361983,2.156597
3,0,1,48,1,0.0,-5.9510432e-05,0.0,0.0,0.0,-5.9510432e-05,-0.0,0.0,0.0,0.0,0.0,0.017035007,0.055952907,0.01703501,0.03956468,1.0,0.0,0.0,0.0,0.0,0.0,0.0,0.0,0.0,0.0,0.0,0,0.19061483,0.001825222,0.018732456,0.0,0.0,0.0,0.0,0.0,0.0,0.0,0.0,0.0,0.0,2.2561595,2.062808,3.7759333,2.2608674,2.2442105,4.125228,2.1208673,3.315162,1.7454766,2.370095,3.336209,2.1565137
0,1,2,48,1,0.0,0.033266496,0.033333335,0.0,0.0,-6.683847e-05,-0.0,0.0,0.0,0.33333334,0.0,0.013829773,0.06852804,0.017035007,0.03956468,1.0,0.0,0.0,0.0,0.0,0.0,0.0,0.0,0.0,0.0,0.0,0,0.20219253,0.003646098,0.03850632,0.0,0.0,0.0,0.0,1.7591013,0.0,0.0,0.0,0.0,0.0,2.1870651,2.084307,3.726828,2.1901765,2.2637627,4.0945463,2.1244361,3.230247,1.8315778,2.3604176,3.2512743,2.243744
1,1,2,50,1,0.0,0.033266384,0.033333335,0.0,0.0,-6.6951274e-05,-0.0,0.0,0.0,0.33333334,0.0,0.01368763,0.06852804,0.017035007,0.03956468,1.0,0.0,0.0,0.0,0.0,0.0,0.0,0.0,0.0,0.0,0.0,0,0.20234993,0.0036495328,0.038546667,0.0,0.0,0.0,0.0,1.780702,0.0,0.0,0.0,0.0,0.0,2.1869562,2.0843406,3.726659,2.1900625,2.2638054,4.0944037,2.124422,3.2301455,1.8317327,2.3603563,3.2511826,2.2439559
2,1,2,49,1,0.0,0.033266444,0.033333335,0.0,0.0,-6.689246e-05,-0.0,0.0,0.0,0.33333334,0.0,0.013557138,0.055952907,0.01703501,0.03956468,1.0,0.0,0.0,0.0,0.0,0.0,0.0,0.0,0.0,0.0,0.0,0,0.20226629,0.0036472823,0.038524948,0.0,0.0,0.0,0.0,1.8088814,0.0,0.0,0.0,0.0,0.0,2.1870348,2.0843174,3.7266896,2.190144,2.2637718,4.094436,2.1244586,3.2301857,1.8316783,2.3604295,3.2512188,2.243882
3,1,2,48,1,0.0,0.033266496,0.033333335,0.0,0.0,-6.683896e-05,-0.0,0.0,0.0,0.33333334,0.0,0.013853607,0.055952907,0.01703501,0.03956468,1.0,0.0,0.0,0.0,0.0,0.0,0.0,0.0,0.0,0.0,0.0,0,0.20219424,0.003646365,0.03850698,0.0,0.0,0.0,0.0,1.7583102,0.0,0.0,0.0,0.0,0.0,2.1870456,2.0843122,3.7267997,2.190156,2.263772,4.0945225,2.124425,3.2302551,1.8315442,2.3604062,3.251281,2.2437017
0,2,3,48,1,0.0,0.21993919,0.22000001,0.0,0.0,-6.0830374e-05,-0.0,0.0,0.0,2.0,0.2,0.006726296,0.25022906,0.05852729,0.9337625,1.0,1.0,0.0,0.0,0.0,0.0,0.0,0.0,0.0,0.0,0.0,0,0.19709527,0.0053506214,0.056462623,2.0991423,1.4529026,0.53647316,0.0,3.862789,0.86315805,0.0,0.21930027,0.0,0.0,2.1134882,2.1239183,3.6782973,2.1159074,2.3030114,4.062033,2.1179378,3.1331792,1.9336939,2.3638134,3.1469874,2.348107
1,2,3,50,1,0.0,0.18660572,0.18666668,0.0,0.0,-6.095339e-05,-0.0,0.0,0.0,1.6666667,0.2,0.010186079,0.23069976,0.058188505,0.9553074,1.0,1.0,0.0,0.0,0.0,0.0,0.0,0.0,0.0,0.0,0.0,0,0.19727546,0.005355914,0.056526266,2.4818385,1.8075615,0.33677927,0.0,3.3878613,0.89635825,0.0,0.24507879,0.0,0.0,2.111753,2.122322,3.6761894,2.1141703,2.3015573,4.0608115,2.1177895,3.1331353,1.9340187,2.3634787,3.1469817,2.348526
2,2,3,49,1,0.0,0.1866058,0.18666668,0.0,0.0,-6.088701e-05,-0.0,0.0,0.0,1.6666667,0.2,0.011860895,0.25022906,0.057595555,0.9470789,1.0,1.0,0.0,0.0,0.0,0.0,0.0,0.0,0.0,0.0,0.0,0,0.19718711,0.0053520007,0.056494527,2.5066347,1.8053658,0.27708635,0.0,3.3223007,0.8639274,0.0,0.23151849,0.0,0.0,2.1116219,2.121909,3.6756673,2.114025,2.3012211,4.0600886,2.1178126,3.133201,1.933866,2.36406,3.1469417,2.348352
3,2,3,48,1,0.0,0.21993919,0.22000001,0.0,0.0,-6.0830356e-05,-0.0,0.0,0.0,2.0,0.2,0.007236701,0.22381166,0.056021202,0.9602107,1.0,1.0,0.0,0.0,0.0,0.0,0.0,0.0,0.0,0.0,0.0,0,0.19709621,0.005350825,0.056463756,2.216865,1.6692258,0.7709685,0.0,3.640124,0.9338168,0.0,0.26607603,0.0,0.0,2.1118622,2.1228735,3.6763835,2.1143143,2.3019748,4.0613184,2.1175413,3.1335943,1.9336715,2.3641782,3.147265,2.3480778
0,3,4,48,1,0.0,0.2399543,0.24000001,0.0,0.0,-4.571497e-05,-0.0,0.0,0.0,2.0,0.4,0.026740782,0.32142508,0.084758095,1.0202813,1.0,1.0,0.0,0.0,0.0,0.0,0.0,0.0,0.0,0.0,0.0,0,0.17478965,0.0066604633,0.070928335,3.777959,2.962884,1.1369331,0.0,5.869016,2.4311051,0.0,0.30366203,1.7490983,0.0,2.0419855,2.1845214,3.6350415,2.044003,2.3658495,4.0502105,2.1018744,3.0661561,2.0077474,2.3830557,3.073546,2.4578896
1,3,4,50,1,0.0,0.23995358,0.24000001,0.0,0.0,-4.6428464e-05,-0.0,0.0,0.0,2.0,0.4,0.014570304,0.29607502,0.08478333,1.0400355,1.0,1.0,0.0,0.0,0.0,0.0,0.0,0.0,0.0,0.0,0.0,0,0.1757709,0.0067019965,0.07134066,4.039659,2.9382508,2.0869694,0.0,5.360619,2.396275,0.0,0.3328529,1.7181509,0.0,2.0400112,2.1822858,3.6296346,2.042292,2.362909,4.045922,2.1026106,3.0632892,2.0111337,2.3840036,3.0710082,2.4650826
2,3,4,49,1,0.0,0.23995358,0.24000001,0.0,0.0,-4.6431014e-05,-0.0,0.0,0.0,2.0,0.4,0.022024661,0.29607502,0.08416725,1.0210481,1.0,1.0,0.0,0.0,0.0,0.0,0.0,0.0,0.0,0.0,0.0,0,0.17583387,0.006700737,0.0712735,5.0383067,3.1088743,2.156881,0.0,5.448209,1.9962755,0.0,0.47958553,1.6525662,0.0,2.025356,2.186195,3.6288202,2.0272431,2.3675077,4.046451,2.1029525,3.0624993,2.0115442,2.3828676,3.0700932,2.462337
3,3,4,48,1,0.0,0.2399544,0.24000001,0.0,0.0,-4.5615117e-05,-0.0,0.0,0.0,2.0,0.4,0.017497376,0.3115327,0.084550954,0.97155553,1.0,1.0,0.0,0.0,0.0,0.0,0.0,0.0,0.0,0.0,0.0,0,0.17457281,0.0066500306,0.07092363,4.182575,2.9488137,2.2014115,0.0,5.354075,2.0212436,0.0,0.42794374,1.6199102,0.0,2.0360384,2.1822321,3.6291957,2.0381403,2.3631134,4.0466266,2.1021194,3.064029,2.0095468,2.3815737,3.0715115,2.4586248
0,4,5,48,1,0.0,0.2599611,0.26,0.0,0.0,-3.889836e-05,-0.0,0.0,0.0,2.0,0.6,0.029238224,0.25640848,0.096803196,0.913424,1.0,1.0,1.0,0.0,0.0,0.0,0.0,0.0,0.0,0.0,0.0,0,0.16316916,0.0077803144,0.08371161,6.146906,4.266253,3.909832,0.0,6.42028,5.3936157,0.0,1.7126534,3.8938518,0.0,1.9690235,2.2439876,3.587473,1.9716631,2.430207,4.030257,2.0685575,3.0447066,2.0539262,2.36274,3.0537195,2.601756
1,4,5,50,1,0.0,0.25996086,0.26,0.0,0.0,-3.913022e-05,-0.0,0.0,0.0,2.0,0.6,0.02500042,0.23738812,0.100443125,0.88026077,1.0,1.0,1.0,0.0,0.0,0.0,0.0,0.0,0.0,0.0,0.0,0,0.16347043,0.007828446,0.08411345,5.981566,4.751522,3.0338373,0.0,6.192429,5.53459,0.0,1.6327058,4.069305,0.0,1.9727763,2.239714,3.5818155,1.9758996,2.4240932,4.025422,2.0698197,3.0399778,2.0591953,2.3652375,3.0494967,2.6150358
2,4,5,49,1,0.0,0.2599599,0.26,0.0,0.0,-4.0094827e-05,-0.0,0.0,0.0,2.0,0.6,0.022755677,0.23738812,0.09837567,0.86410767,1.0,1.0,1.0,0.0,0.0,0.0,0.0,0.0,0.0,0.0,0.0,0,0.16513048,0.007873283,0.08410797,6.599035,4.482186,4.1187515,0.0,6.270945,4.6366644,0.080755666,0.9241015,2.4881108,0.0,1.9468293,2.2450237,3.5807378,1.9495302,2.4308305,4.0266166,2.0750701,3.0237033,2.0690024,2.3800366,3.0326133,2.6230273
3,4,5,48,1,0.0,0.2599606,0.26,0.0,0.0,-3.9386934e-05,-0.0,0.0,0.0,2.0,0.6,0.016613439,0.26834074,0.114189275,0.80599546,1.0,1.0,1.0,0.0,0.0,0.0,0.0,0.0,0.0,0.0,0.0,0,0.16411977,0.007782925,0.083664864,6.6135974,4.6601315,2.043548,0.0,6.103403,4.745953,0.0,1.0114864,2.9617639,0.0,1.971022,2.2373552,3.5813186,1.9736327,2.4219813,4.0278745,2.074711,3.0267797,2.0635173,2.3654873,3.0372753,2.6139276
0,5,6,48,1,0.0,0.259964,0.26,0.0,0.0,-3.599822e-05,-0.0,0.0,0.0,2.0,0.6,0.029358562,0.34034836,0.15662485,1.6432587,1.0,1.0,1.0,0.0,0.0,0.0,0.0,0.0,0.0,0.0,0.0,0,0.15860334,0.008797598,0.09565152,7.7937775,4.1592183,4.475493,0.0,6.201673,3.239759,0.0,1.1139697,4.514972,0.0,1.9221637,2.2725105,3.5350814,1.9252911,2.4709187,4.001123,2.043759,3.0044615,2.1054604,2.3500109,3.0140524,2.7181816
1,5,6,50,1,0.0,0.25996378,0.26,0.0,0.0,-3.6211062e-05,-0.0,0.0,0.0,2.0,0.6,0.025443671,0.27976462,0.15548979,1.701757,1.0,1.0,1.0,0.0,0.0,0.0,0.0,0.0,0.0,0.0,0.0,0,0.15914088,0.008851832,0.09614341,6.718889,4.156706,7.028299,0.0,7.7583227,3.1175125,0.0,1.1632433,4.2045465,0.0,1.9197736,2.2834578,3.537074,1.9241897,2.477813,4.0048814,2.0492382,2.990067,2.1155744,2.3594067,2.9995606,2.7337272
2,5,6,49,1,0.0,0.259964,0.26,0.0,0.0,-3.6009184e-05,-0.0,0.0,0.0,2.0,0.6,0.03226137,0.39167053,0.15983121,1.6962285,1.0,1.0,1.0,0.0,0.0,0.0,0.0,0.0,0.0,0.0,0.0,0,0.15812935,0.008909704,0.095947206,6.752431,4.080391,4.408512,0.0,7.020219,1.7274014,0.0,1.9885602,4.701293,0.0,1.9026488,2.2823465,3.5329635,1.9058138,2.4790077,4.001606,2.0478516,2.9894142,2.1187782,2.3547356,3.0001757,2.7394063
3,5,6,48,1,0.0,0.259965,0.26,0.0,0.0,-3.4994504e-05,-0.0,0.0,0.0,2.0,0.6,0.030673718,0.45799458,0.16344517,1.7791091,1.0,1.0,1.0,0.0,0.0,0.0,0.0,0.0,0.0,0.0,0.0,0,0.15675406,0.008777195,0.09538934,6.8885713,4.5292807,1.939595,0.0,7.990742,1.9050466,0.0,1.326358,4.202955,0.0,1.9133084,2.2788749,3.5348084,1.9157948,2.471374,4.006915,2.0477147,2.9903464,2.112861,2.3546314,3.0008106,2.7280521
0,6,7,48,1,0.0,0.2799688,0.28,0.0,0.0,-3.1196534e-05,-0.0,0.0,0.0,2.0,0.8,0.049336396,0.48456672,0.13328567,1.4750884,1.0,1.0,1.0,0.0,0.0,0.0,0.0,0.0,0.0,0.0,0.0,0,0.14913012,0.009697551,0.106173724,7.899758,3.8212957,7.040359,0.10971598,7.2417293,8.091823,3.0833645,7.662275,11.062616,0.0,1.8883433,2.302489,3.4896266,1.8935617,2.5155864,3.9822404,2.018559,3.0544736,2.09964,2.2858293,3.063273,2.8013985
1,6,7,50,1,0.0,0.27996865,0.28,0.0,0.0,-3.1357005e-05,-0.0,0.0,0.0,2.0,0.8,0.034291282,0.3262588,0.093062066,1.3977118,1.0,1.0,1.0,0.0,0.0,0.0,0.0,0.0,0.0,0.0,0.0,0,0.14922415,0.009755097,0.10653985,8.22738,5.0985827,6.995661,0.08991162,6.727534,5.1235657,0.852407,6.981868,9.30048,0.0,1.8658932,2.3245718,3.4965124,1.8716755,2.5303636,3.990144,2.0143695,3.0520737,2.1085896,2.2836494,3.0609407,2.8342164
2,6,7,49,1,0.0,0.2599697,0.26,0.0,0.0,-3.026605e-05,-0.0,0.0,0.0,2.0,0.6,0.05023973,0.43521175,0.070909046,0.5539061,1.0,1.0,1.0,0.0,0.0,0.0,0.0,0.0,0.0,0.0,0.0,0,0.14724644,0.0097788535,0.106299475,7.5323353,4.7751904,10.762671,0.23502268,8.459996,5.989033,0.43391207,2.3252454,5.249298,0.0,1.8485672,2.3291063,3.4917684,1.8560969,2.538793,3.9870028,2.0143003,2.9929585,2.1607406,2.3072655,3.0020456,2.8974266
3,6,7,48,1,0.0,0.2799704,0.28,0.0,0.0,-2.9588742e-05,-0.0,0.0,0.0,2.0,0.8,0.04942507,0.55249125,0.02845217,0.4242842,1.0,1.0,1.0,0.0,0.0,0.0,0.0,0.0,0.0,0.0,0.0,0,0.14598872,0.00963904,0.10566201,10.85152,7.2601385,1.7485725,0.32893303,8.305377,6.795138,0.70637333,2.9835598,5.536305,0.0,1.8562089,2.3190987,3.4981594,1.8592888,2.5131493,4.009261,2.017384,2.9901185,2.157779,2.296252,2.9984748,2.8974826
0,7,8,48,1,0.0,0.27996916,0.28,0.0,0.0,-3.084723e-05,-0.0,0.0,0.0,2.0,0.8,0.056046404,0.35827357,0.05254252,0.4893884,1.0,1.0,1.0,0.0,0.0,0.0,0.0,0.0,0.0,0.0,0.0,0,0.15028493,0.010501126,0.11627952,9.592571,4.5895233,12.428234,0.23282081,7.1563144,8.6110325,0.66712683,3.7227943,6.665176,0.0,1.8110778,2.3649845,3.458162,1.8238816,2.585037,3.971094,1.9611671,3.0676715,2.1470933,2.2448173,3.0755823,2.9690173
1,7,8,50,1,0.0,0.279971,0.28,0.0,0.0,-2.8994627e-05,-0.0,0.0,0.0,2.0,0.8,0.04637274,0.5308164,0.049435552,0.46478003,1.0,1.0,1.0,0.0,0.0,0.0,0.0,0.0,0.0,0.0,0.0,0,0.14550386,0.010504507,0.116579115,9.654104,5.5645905,7.253153,0.18743342,6.9840245,8.161588,0.6629886,3.9764948,6.9705186,0.0,1.8363405,2.3509457,3.454003,1.845185,2.5667977,3.9702482,1.9611955,3.0571601,2.163467,2.2447078,3.0653281,2.9889717
2,7,8,49,1,0.0,0.27997318,0.28,0.0,0.0,-2.6813426e-05,-0.0,0.0,0.0,2.0,0.8,0.054414272,0.4242842,0.03226778,0.37114978,1.0,1.0,1.0,0.0,0.0,0.0,0.0,0.0,0.0,0.0,0.0,0,0.13931605,0.010469551,0.11547815,9.195049,7.3902273,9.541089,0.4266355,9.299224,7.2106843,0.6750609,3.712072,6.4777064,0.0,1.7969247,2.3805408,3.4554977,1.8099715,2.5957367,3.9743376,1.982183,3.020458,2.1921186,2.2633607,3.0288403,3.0178099
3,7,8,48,1,0.0,0.27997115,0.28,0.0,0.0,-2.8846207e-05,-0.0,0.0,0.0,2.0,0.8,0.041527573,0.4613998,0.04176761,0.5337572,1.0,1.0,1.0,0.0,0.0,0.0,0.0,0.0,0.0,0.0,0.0,0,0.14516097,0.01048898,0.11568093,11.243684,9.805737,2.050713,0.53721523,8.322084,7.4958262,0.84363246,3.344793,7.073446,0.0,1.8028498,2.3502185,3.4538045,1.8077112,2.542922,3.9899669,1.9802763,2.9838548,2.2179575,2.2661839,2.9929435,3.0326173
0,8,9,48,1,0.0,0.27997622,0.28,0.0,0.0,-2.3777524e-05,-0.0,0.0,0.0,2.0,0.8,0.041868895,0.40734354,0.08949064,0.7903054,1.0,1.0,1.0,0.0,0.0,0.0,0.0,0.0,0.0,0.0,0.0,0,0.13149402,0.011046545,0.124082536,11.35144,6.323729,10.535713,0.23644829,7.1431975,8.521489,0.7730425,4.034942,7.704144,0.0,1.7378856,2.4018402,3.4204981,1.7588208,2.6315982,3.9549704,1.9389324,3.0294924,2.257783,2.223268,3.0385184,3.1347845
1,8,9,50,1,0.0,0.2799748,0.28,0.0,0.0,-2.521335e-05,-0.0,0.0,0.0,2.0,0.8,0.041517753,0.41116843,0.090103135,0.8261366,1.0,1.0,1.0,0.0,0.0,0.0,0.0,0.0,0.0,0.0,0.0,0,0.13707724,0.011150761,0.12533177,11.584108,8.887714,8.388555,0.6827401,8.847679,8.367668,1.2831078,4.194168,7.92209,0.0,1.7477747,2.415888,3.423838,1.7654551,2.6356232,3.9667044,1.9344062,3.0308545,2.2677615,2.2200084,3.0397367,3.1480722
2,8,9,49,1,0.0,0.2799754,0.28,0.0,0.0,-2.4583627e-05,-0.0,0.0,0.0,2.0,0.8,0.044485375,0.39366376,0.07538693,0.64163214,1.0,1.0,1.0,0.0,0.0,0.0,0.0,0.0,0.0,0.0,0.0,0,0.13527153,0.011103683,0.124250755,10.599666,8.32649,7.311916,0.44910255,9.941831,7.907333,1.1665131,2.9135075,5.7120805,0.0,1.7473016,2.4265096,3.4223008,1.7638525,2.6357057,3.972255,1.9527986,2.974461,2.299104,2.2392173,2.9840844,3.1721103
3,8,9,48,1,0.0,0.27997592,0.28,0.0,0.0,-2.4092938e-05,-0.0,0.0,0.0,2.0,0.8,0.039604325,0.5395908,0.07924138,0.7763166,1.0,1.0,1.0,0.0,0.0,0.0,0.0,0.0,0.0,0.0,0.0,0,0.13481885,0.011209858,0.124563426,12.174091,10.015809,2.7886038,0.6395293,7.8006845,7.8135138,0.94945323,3.9525294,7.5169487,0.0,1.7608027,2.3802805,3.416805,1.7685477,2.5753026,3.9727356,1.9508176,2.9765315,2.2913873,2.235652,2.9865947,3.1591282
0,9,10,48,1,0.0,0.27997735,0.28,0.0,0.0,-2.2655246e-05,-0.0,0.0,0.0,2.0,0.8,0.06178477,0.37534365,0.14837874,1.5195215,1.0,1.0,1.0,0.0,0.0,0.0,0.0,0.0,0.0,0.0,0.0,0,0.1305682,0.011874264,0.13179722,11.382152,11.548471,3.8214142,0.5459113,10.237516,8.530236,2.3562593,4.709308,11.99894,0.0,1.6975105,2.4478767,3.397959,1.7169657,2.6680365,3.961664,1.9152052,3.0049882,2.356711,2.2076051,3.013546,3.2830744
1,9,10,50,1,0.0,0.27997842,0.28,0.0,0.0,-2.1565196e-05,-0.0,0.0,0.0,2.0,0.8,0.038831793,0.3013157,0.15011084,1.168336,1.0,1.0,1.0,0.0,0.0,0.0,0.0,0.0,0.0,0.0,0.0,0,0.12775674,0.011889353,0.1330036,12.648098,9.691831,7.37594,0.44506004,8.317916,8.226623,1.4617702,3.752037,7.3397574,0.0,1.7143518,2.451288,3.3946254,1.7386562,2.6683712,3.9627104,1.9165553,2.976107,2.3891568,2.2033503,2.986704,3.3286293
2,9,10,49,1,0.0,0.27997845,0.28,0.0,0.0,-2.1547638e-05,-0.0,0.0,0.0,2.0,0.8,0.034424532,0.2741122,0.12203944,1.1568913,1.0,1.0,1.0,0.0,0.0,0.0,0.0,0.0,0.0,0.0,0.0,0,0.12771532,0.011829721,0.13202333,11.693607,9.61549,7.529218,0.44636592,8.286399,8.0325985,1.1197296,4.3013334,11.00906,0.0,1.7082118,2.468358,3.393156,1.732609,2.678289,3.961422,1.92834,2.9389992,2.3821263,2.2135441,2.9501958,3.3143234
3,9,10,48,1,0.0,0.27997977,0.28,0.0,0.0,-2.0222331e-05,-0.0,0.0,0.0,2.0,0.8,0.03508794,0.44057387,0.12303928,1.1967962,1.0,1.0,1.0,0.0,0.0,0.0,0.0,0.0,0.0,0.0,0.0,0,0.12463398,0.011828354,0.1321973,13.798486,12.051192,2.2611957,0.7942896,8.734884,8.13399,0.8371677,3.988792,7.777168,0.0,1.7509639,2.3986616,3.3902657,1.7618768,2.5949175,3.9655075,1.9161023,2.9646113,2.375959,2.1999137,2.975896,3.302145
0,10,11,48,1,0.0,0.2799805,0.28,0.0,0.0,-1.9497991e-05,-0.0,0.0,0.0,2.0,0.8,0.02499636,0.30646676,0.17402877,1.7547452,1.0,1.0,1.0,0.0,0.0,0.0,0.0,0.0,0.0,0.0,0.0,0,0.121715136,0.012720467,0.13911545,15.44912,12.526591,4.6259575,0.6986058,10.37156,8.461643,1.7124505,4.10551,8.975423,0.0,1.6759329,2.483483,3.3736434,1.7001666,2.6991208,3.9545088,1.8968731,3.00569,2.4117217,2.187988,3.0142438,3.389422
1,10,11,50,1,0.0,0.27997917,0.28,0.0,0.0,-2.0821128e-05,-0.0,0.0,0.0,2.0,0.8,0.032019913,0.3115327,0.17591393,1.8234316,1.0,1.0,1.0,0.0,0.0,0.0,0.0,0.0,0.0,0.0,0.0,0,0.12495254,0.012733507,0.14019819,14.185956,12.0255375,7.4092655,0.6422914,8.8928795,8.835144,2.0379379,4.6811304,10.671571,0.0,1.6782902,2.484677,3.3677943,1.7076826,2.6999307,3.9590259,1.8899165,3.0034385,2.4277904,2.1824276,3.0118158,3.4086266
2,10,11,49,1,0.0,0.27998045,0.28,0.0,0.0,-1.9560775e-05,-0.0,0.0,0.0,2.0,0.8,0.034524348,0.314035,0.16057505,1.8156887,1.0,1.0,1.0,0.0,0.0,0.0,0.0,0.0,0.0,0.0,0.0,0,0.120539725,0.012641165,0.13893376,14.774236,12.375408,7.572552,0.96808314,8.905307,7.3229485,1.5343307,3.4140804,10.855142,0.0,1.6753588,2.5008671,3.3616695,1.7050097,2.7107923,3.9511945,1.8970155,2.9335961,2.453938,2.1875598,2.9440584,3.438027
3,10,11,48,1,0.0,0.27998173,0.28,0.0,0.0,-1.8271743e-05,-0.0,0.0,0.0,2.0,0.8,0.027434278,0.43700644,0.15410843,1.6003052,1.0,1.0,1.0,0.0,0.0,0.0,0.0,0.0,0.0,0.0,0.0,0,0.117400385,0.012625361,0.13890508,11.9761305,11.959715,4.026878,0.43229064,9.094989,7.2381186,1.1744239,3.6744108,8.100412,0.0,1.741203,2.413385,3.3758733,1.7572227,2.6124172,3.960052,1.8871427,2.941729,2.4600723,2.1720865,2.9540372,3.4465823
0,11,12,48,1,0.0,0.2799809,0.28,0.0,0.0,-1.9103483e-05,-0.0,0.0,0.0,2.0,0.8,0.01212832,0.1426525,0.1995095,1.9707267,1.0,1.0,1.0,0.0,0.0,0.0,0.0,0.0,0.0,0.0,0.0,0,0.11944425,0.0135455225,0.14609307,13.791088,13.246766,4.0417233,1.0309182,8.4282465,7.853856,1.7660596,4.4207354,9.483225,0.0,1.6777158,2.4745173,3.3484123,1.7015077,2.6898181,3.948234,1.8787377,2.975937,2.4779572,2.1698394,2.985064,3.4837694
1,11,12,50,1,0.0,0.27997917,0.28,0.0,0.0,-2.083274e-05,-0.0,0.0,0.0,2.0,0.8,0.03845961,0.29870686,0.20052746,1.995984,1.0,1.0,1.0,0.0,0.0,0.0,0.0,0.0,0.0,0.0,0.0,0,0.12452622,0.013581869,0.14734398,12.983904,10.686463,8.0113535,0.75159466,8.690322,7.80357,1.8226986,4.6013145,9.855021,0.0,1.6580031,2.5133047,3.3465118,1.6943209,2.7312207,3.9537005,1.8695905,2.977156,2.4896882,2.1581042,2.9860783,3.5018961
2,11,12,49,1,0.0,0.27997977,0.28,0.0,0.0,-2.0238798e-05,-0.0,0.0,0.0,2.0,0.8,0.029719828,0.19382657,0.16915406,1.9865502,1.0,1.0,1.0,0.0,0.0,0.0,0.0,0.0,0.0,0.0,0.0,0,0.12286706,0.01346656,0.14593187,13.836036,11.533521,2.7465317,0.7079817,9.524109,7.2211595,0.80281985,3.3606079,7.510538,0.0,1.6657274,2.5042367,3.3398197,1.693718,2.7148871,3.9505694,1.8759117,2.8957322,2.5146112,2.1624315,2.9084866,3.5412128
3,11,12,48,1,0.0,0.2799811,0.28,0.0,0.0,-1.8894978e-05,-0.0,0.0,0.0,2.0,0.8,0.031886615,0.4423468,0.17390366,1.7786691,1.0,1.0,1.0,0.0,0.0,0.0,0.0,0.0,0.0,0.0,0.0,0,0.11852153,0.013419084,0.14549308,13.310509,12.96234,2.4308114,0.7192079,7.898333,9.209353,0.7918488,4.1817718,8.904476,0.0,1.7267373,2.4295037,3.351006,1.7456565,2.635569,3.9512548,1.8573344,2.9171846,2.5205479,2.1373239,2.930933,3.5447624
0,12,13,48,1,0.0,0.27998158,0.28,0.0,0.0,-1.8420138e-05,-0.0,0.0,0.0,2.0,0.8,0.0140028875,0.14803748,0.19476576,2.1416464,1.0,1.0,1.0,0.0,0.0,0.0,0.0,0.0,0.0,0.0,0.0,0,0.11650836,0.014315842,0.15264909,12.377494,10.824291,5.8142138,0.86878544,7.8703246,6.4929523,1.1987251,3.4139574,7.377283,0.0,1.6715218,2.476256,3.3305616,1.7004428,2.6971014,3.9425898,1.857835,2.94758,2.5190413,2.1397543,2.9585028,3.5569184
1,12,13,50,1,0.0,0.27997956,0.28,0.0,0.0,-2.0441423e-05,-0.0,0.0,0.0,2.0,0.8,0.022354703,0.23406784,0.20001891,2.271477,1.0,1.0,1.0,0.0,0.0,0.0,0.0,0.0,0.0,0.0,0.0,0,0.123200946,0.014403418,0.1543668,14.371783,11.729893,6.197063,0.6849111,9.091445,6.1612782,1.33484,4.5719957,9.531783,0.0,1.6359944,2.531314,3.327695,1.6734743,2.753757,3.9489894,1.8483013,2.9440203,2.5367365,2.1324103,2.9536428,3.5852625
2,12,13,49,1,0.0,0.2799811,0.28,0.0,0.0,-1.8897443e-05,-0.0,0.0,0.0,2.0,0.8,0.02120863,0.2017411,0.18602781,2.0053735,1.0,1.0,1.0,0.0,0.0,0.0,0.0,0.0,0.0,0.0,0.0,0,0.11856243,0.014271646,0.15266585,13.167143,11.264315,4.1495147,0.8310854,8.357714,5.3826084,0.75464433,4.2187495,8.390511,0.0,1.6671784,2.4988928,3.3189454,1.697792,2.7169113,3.9431348,1.8535607,2.8586164,2.5678859,2.1298015,2.8724153,3.6343951
3,12,13,48,1,0.0,0.27998233,0.28,0.0,0.0,-1.7663673e-05,-0.0,0.0,0.0,2.0,0.8,0.03317127,0.3115327,0.19886592,2.2735438,1.0,1.0,1.0,0.0,0.0,0.0,0.0,0.0,0.0,0.0,0.0,0,0.11442135,0.014207984,0.15196013,13.099849,12.509983,2.8036382,0.90144914,8.218948,8.92701,0.73800874,3.4283113,8.405323,0.0,1.7126813,2.4334896,3.3291254,1.733478,2.6463544,3.949809,1.8344581,2.9017918,2.5458784,2.1147342,2.9159043,3.6039174
0,13,14,48,1,0.0,0.27998152,0.28,0.0,0.0,-1.8478091e-05,-0.0,0.0,0.0,2.0,0.8,0.012772039,0.11190581,0.20507379,2.150036,1.0,1.0,1.0,0.0,0.0,0.0,0.0,0.0,0.0,0.0,0.0,0,0.11732616,0.01507574,0.16105813,13.771584,10.905027,3.6876895,1.047559,8.059461,7.545771,0.7602757,3.8840559,7.930112,0.0,1.6723953,2.4657178,3.3230062,1.7014043,2.69386,3.9483058,1.8432744,2.876886,2.5753253,2.1220624,2.8911254,3.6414237
1,13,14,50,1,0.0,0.27998075,0.28,0.0,0.0,-1.9245092e-05,-0.0,0.0,0.0,2.0,0.8,0.031067766,0.2406626,0.20884028,2.1463923,1.0,1.0,1.0,0.0,0.0,0.0,0.0,0.0,0.0,0.0,0.0,0,0.11987698,0.015214857,0.1626253,13.860783,9.781768,6.2480025,0.8008277,7.4848647,6.1231327,0.66199386,3.4502714,6.7878737,0.43170863,1.6297244,2.5165997,3.3112693,1.6693674,2.748214,3.9488115,1.8285781,2.8886676,2.586209,2.1062155,2.9024289,3.6627576
2,13,14,49,1,0.0,0.27998194,0.28,0.0,0.0,-1.8045426e-05,-0.0,0.0,0.0,2.0,0.8,0.023780547,0.17693864,0.17669724,2.0977037,1.0,1.0,1.0,0.0,0.0,0.0,0.0,0.0,0.0,0.0,0.0,0,0.1158173,0.015017559,0.1608664,12.648586,11.388168,5.383038,0.9239527,8.23882,5.46158,0.7599158,3.8797655,7.951804,0.0,1.6590446,2.4959042,3.303063,1.6917825,2.721754,3.9375882,1.8273741,2.8406284,2.5904484,2.099995,2.854759,3.6924686
3,13,14,48,1,0.0,0.25998226,0.26,0.0,0.0,-1.77376e-05,-0.0,0.0,0.0,2.0,0.6,0.029229356,0.32142508,0.22991893,2.4740272,1.0,1.0,1.0,0.0,0.0,0.0,0.0,0.0,0.0,0.0,0.0,0,0.114839934,0.014973704,0.15819712,13.943952,14.367203,3.9724097,0.9282764,7.9807014,8.191774,0.47576723,3.5434093,8.062874,0.37031674,1.6863194,2.4420037,3.31327,1.7091237,2.6633258,3.9471183,1.8112041,2.8693564,2.5710084,2.0838687,2.8881378,3.6671445
0,14,15,48,1,0.0,0.279982,0.28,0.0,0.0,-1.8012213e-05,-0.0,0.0,0.0,2.0,0.8,0.009551128,0.1251145,0.2113584,2.2430427,1.0,1.0,1.0,0.0,0.0,0.0,0.0,0.0,0.0,0.0,0.0,0,0.11518974,0.015841987,0.17004468,13.101073,11.895252,3.2777276,1.2055377,6.9265447,7.540412,0.64964306,3.6958015,8.207244,0.15491161,1.6748585,2.451433,3.3097312,1.7028295,2.6910365,3.942645,1.8206193,2.8528385,2.582699,2.094066,2.8693027,3.65971
1,14,15,50,1,0.0,0.29998165,0.3,0.0,0.0,-1.8358358e-05,-0.0,0.0,0.0,2.0,1.0,0.022177901,0.13705608,0.19572082,2.1587558,1.0,1.0,1.0,0.0,0.0,0.0,0.0,0.0,0.0,0.0,0.0,0,0.117243946,0.015959868,0.1721409,13.369561,12.732413,2.436952,0.8347835,8.24566,5.733512,1.1380576,3.950988,8.324187,0.6605578,1.6318668,2.4961486,3.2981997,1.6660522,2.7367818,3.9502695,1.8041342,2.8930106,2.5820687,2.0744615,2.9059238,3.6626744
2,14,15,49,1,0.0,0.29998317,0.3,0.0,0.0,-1.6842529e-05,-0.0,0.0,0.0,2.0,1.0,0.02197265,0.15825874,0.1654423,1.9603728,1.0,1.0,1.0,0.0,0.0,0.0,0.0,0.0,0.0,0.0,0.0,0,0.112322085,0.015716268,0.16934845,14.075342,12.557143,2.2111213,0.8525236,8.55608,5.428745,0.84292585,3.9678793,7.8363214,0.57268906,1.6666323,2.48458,3.2971666,1.6947676,2.7169712,3.9416916,1.8067807,2.8284929,2.6162677,2.072499,2.8435128,3.7399888
3,14,15,48,1,0.0,0.2999833,0.3,0.0,0.0,-1.6708458e-05,-0.0,0.0,0.0,2.0,1.0,0.023147456,0.32142508,0.22575317,2.4089456,1.0,1.0,1.0,0.0,0.0,0.0,0.0,0.0,0.0,0.0,0.0,0,0.11124426,0.015642477,0.16560672,13.312803,15.127938,3.3098078,0.844724,7.5111175,8.356085,0.5519119,3.504836,8.660103,0.67745656,1.6658823,2.4433594,3.300722,1.6903943,2.6748862,3.9463296,1.7894,2.8464072,2.583444,2.0582595,2.8655808,3.6949039
0,15,16,48,1,0.0,0.29998222,0.3,0.0,0.0,-1.780452e-05,-0.0,0.0,0.0,2.0,1.0,0.018899359,0.1426525,0.14956835,0.8749095,1.0,1.0,1.0,0.0,0.0,0.0,0.0,0.0,0.0,0.0,0.0,0,0.11458716,0.016565403,0.17861082,14.583142,10.212987,1.614132,0.73467475,6.6583138,6.8044996,1.935425,4.9744925,9.558213,0.7803324,1.6748712,2.4298263,3.3018966,1.7037219,2.6779306,3.9392552,1.8312633,2.8393536,2.598118,2.0953639,2.85284,3.7559052
1,15,16,50,1,0.0,0.2999835,0.3,0.0,0.0,-1.6515274e-05,-0.0,0.0,0.0,2.0,1.0,0.012088882,0.16785873,0.14831099,1.1636372,1.0,1.0,1.0,0.0,0.0,0.0,0.0,0.0,0.0,0.0,0.0,0,0.110938184,0.016601177,0.18127707,13.652579,12.427743,3.5262806,1.444753,6.7466407,5.158022,5.3966894,6.452389,14.061243,1.3997129,1.6370665,2.4734583,3.2802467,1.671801,2.7256255,3.9442856,1.8036842,2.8839052,2.5876284,2.0637364,2.8990273,3.7500389
2,15,16,49,1,0.0,0.29998395,0.3,0.0,0.0,-1.6054628e-05,-0.0,0.0,0.0,2.0,1.0,0.020866932,0.18974556,0.13724431,1.048281,1.0,1.0,1.0,0.0,0.0,0.0,0.0,0.0,0.0,0.0,0.0,0,0.11078411,0.016355054,0.17792629,13.346805,14.10932,2.6201258,0.79125327,6.92595,6.3598223,1.3983349,2.280825,6.509738,1.6561756,1.6599871,2.4596486,3.2956011,1.6881071,2.7000682,3.9508529,1.8238723,2.7970903,2.6421652,2.0901344,2.8100827,3.8365014
3,15,16,48,1,0.0,0.29998288,0.3,0.0,0.0,-1.7131983e-05,-0.0,0.0,0.0,2.0,1.0,0.021424467,0.14803748,0.10180743,0.5128173,1.0,1.0,1.0,0.0,0.0,0.0,0.0,0.0,0.0,0.0,0.0,0,0.11424581,0.016257647,0.17426425,14.486731,13.932917,1.6507286,0.7403258,7.614906,8.101433,2.2120404,4.213063,10.228586,0.94427043,1.6779472,2.4195697,3.2986312,1.7020854,2.6613195,3.954589,1.8239789,2.8337984,2.606813,2.0784612,2.848423,3.8065925
0,16,17,48,1,0.0,0.2799853,0.28,0.0,0.0,-1.4706562e-05,-0.0,0.0,0.0,2.0,0.8,0.020036194,0.19382657,0.1801854,2.256611,1.0,1.0,1.0,0.0,0.0,0.0,0.0,0.0,0.0,0.0,0.0,0,0.10463746,0.01719734,0.18600205,15.343153,11.785991,1.7289786,0.48985973,6.2560983,8.08457,1.1174754,2.7728164,7.330967,0.08591558,1.6822196,2.379171,3.3090239,1.7087235,2.639995,3.9545488,1.8494583,2.7139597,2.6690915,2.1452942,2.7275743,3.8435473
1,16,17,50,1,0.0,0.2799838,0.28,0.0,0.0,-1.62016e-05,-0.0,0.0,0.0,2.0,0.8,0.009776248,0.11190581,0.17902975,1.9924517,1.0,1.0,1.0,0.0,0.0,0.0,0.0,0.0,0.0,0.0,0.0,0,0.11029538,0.017303823,0.18956679,13.279999,14.483538,3.1760204,1.2249941,6.206565,7.627092,1.5793898,2.2392247,8.438002,0.15552458,1.6440027,2.449084,3.272773,1.6758293,2.7121768,3.944078,1.8216364,2.7485132,2.6766956,2.1022284,2.7645297,3.8667884
2,16,17,49,1,0.0,0.2999861,0.3,0.0,0.0,-1.3918055e-05,-0.0,0.0,0.0,2.0,1.0,0.017724577,0.1251145,0.17805353,2.1398184,1.0,1.0,1.0,0.0,0.0,0.0,0.0,0.0,0.0,0.0,0.0,0,0.10069607,0.017009564,0.18593003,12.617568,12.679776,2.9783316,1.1816807,6.746842,7.270929,2.5412288,2.1247323,8.497392,1.0392377,1.6619623,2.440966,3.2923884,1.691501,2.6913428,3.954939,1.8337793,2.712746,2.6951656,2.1216762,2.728549,3.8799171
3,16,17,48,1,0.0,0.29998517,0.3,0.0,0.0,-1.4850369e-05,-0.0,0.0,0.0,2.0,1.0,0.027275272,0.22728181,0.12866102,1.3853374,1.0,1.0,1.0,0.0,0.0,0.0,0.0,0.0,0.0,0.0,0.0,0,0.10535896,0.01693436,0.18207349,14.351152,12.9363165,2.043459,0.96675193,6.7050776,8.477764,2.1108105,2.130819,9.067638,0.99748117,1.6854663,2.4011683,3.2912657,1.7088245,2.6542873,3.956126,1.8358029,2.7263172,2.676452,2.115836,2.7416956,3.8920612
0,17,18,48,1,0.0,0.2799862,0.28,0.0,0.0,-1.3806194e-05,-0.0,0.0,0.0,2.0,0.8,0.02101592,0.22028685,0.16779488,2.0857291,1.0,1.0,1.0,0.0,0.0,0.0,0.0,0.0,0.0,0.0,0.0,0,0.0982902,0.017936084,0.19280607,15.215902,11.141503,1.6458907,0.5010324,4.964048,7.771931,0.90756863,2.3054466,6.8689084,0.3232858,1.6923387,2.3335502,3.3111944,1.7189171,2.606314,3.9475777,1.8405445,2.6173666,2.7336948,2.1332827,2.6388905,3.9084413
1,17,18,50,1,0.0,0.29998535,0.3,0.0,0.0,-1.4652797e-05,-0.0,0.0,0.0,2.0,1.0,0.016312877,0.15323335,0.1805612,2.028657,1.0,1.0,1.0,0.0,0.0,0.0,0.0,0.0,0.0,0.0,0.0,0,0.10096658,0.018072303,0.19672534,14.185858,12.726959,2.5328617,1.5442247,5.7443657,7.0510864,1.621216,3.2857623,9.8006,1.1097951,1.6455401,2.4343758,3.2590117,1.6769236,2.701027,3.9232163,1.8279411,2.7054615,2.6931129,2.1099749,2.7243207,3.873674
2,17,18,49,1,0.0,0.27998668,0.28,0.0,0.0,-1.33291405e-05,-0.0,0.0,0.0,2.0,0.8,0.012387716,0.11190581,0.16856499,2.0332816,1.0,1.0,1.0,0.0,0.0,0.0,0.0,0.0,0.0,0.0,0.0,0,0.09730175,0.017693045,0.19322377,15.067803,13.011962,1.5962583,0.9491928,5.843203,7.2340956,1.0291772,2.3423288,6.419244,0.31047612,1.6668339,2.4104905,3.2854228,1.6929815,2.671146,3.9511647,1.8355861,2.6082537,2.7610078,2.123594,2.6330683,3.9538498
3,17,18,48,1,0.0,0.29998678,0.3,0.0,0.0,-1.3245691e-05,-0.0,0.0,0.0,2.0,1.0,0.0269477,0.24389313,0.15433574,1.7560829,1.0,1.0,1.0,0.0,0.0,0.0,0.0,0.0,0.0,0.0,0.0,0,0.09770005,0.017587475,0.18948826,13.325752,12.680968,2.412975,1.0100985,6.5049534,8.431371,2.0072114,3.3959045,9.645911,0.9488141,1.6884826,2.3903518,3.2918696,1.7120099,2.6529253,3.9564104,1.8431253,2.693855,2.6983268,2.1292357,2.7104297,3.8951974
0,18,19,48,1,0.0,0.2999868,0.3,0.0,0.0,-1.3210408e-05,-0.0,0.0,0.0,2.0,1.0,0.030555768,0.3538774,0.17925358,2.2635376,1.0,1.0,1.0,0.0,0.0,0.0,0.0,0.0,0.0,0.0,0.0,0,0.09663653,0.018636484,0.1986708,14.022687,9.941394,1.5875986,0.32121748,5.448907,7.5075903,0.7706135,3.6356237,8.150859,0.7091812,1.6887083,2.3064873,3.3095434,1.7182331,2.580059,3.9399195,1.8193111,2.5829792,2.7536557,2.109069,2.6070063,3.922958
1,18,19,50,1,0.0,0.29998615,0.3,0.0,0.0,-1.3872051e-05,-0.0,0.0,0.0,2.0,1.0,0.026550181,0.17693864,0.17238338,1.9245099,1.0,1.0,1.0,0.0,0.0,0.0,0.0,0.0,0.0,0.0,0.0,0,0.09900685,0.018734317,0.20349565,14.988478,11.658187,1.3889892,0.4437708,5.0617704,7.408211,0.87303245,2.3745723,6.391854,0.5144803,1.6289108,2.3857062,3.2671127,1.6578691,2.6580746,3.9298873,1.8163741,2.661462,2.710475,2.0993845,2.6861765,3.8996365
2,18,19,49,1,0.0,0.2999879,0.3,0.0,0.0,-1.2097661e-05,-0.0,0.0,0.0,2.0,1.0,0.015497389,0.15825874,0.17698756,2.456246,1.0,1.0,1.0,0.0,0.0,0.0,0.0,0.0,0.0,0.0,0.0,0,0.091793686,0.018397633,0.1993738,14.790814,11.224431,1.9544743,1.3927143,4.7090397,6.983088,1.858961,2.1081984,7.574166,0.93345934,1.6960807,2.362255,3.2790668,1.7214019,2.6374996,3.9371848,1.8389449,2.5659463,2.7765162,2.1381974,2.5926766,3.9680574
3,18,19,48,1,0.0,0.27998748,0.28,0.0,0.0,-1.2512485e-05,-0.0,0.0,0.0,2.0,0.8,0.035395764,0.2167047,0.14837222,1.8970644,1.0,1.0,1.0,0.0,0.0,0.0,0.0,0.0,0.0,0.0,0.0,0,0.093788035,0.01824048,0.19647793,13.413352,12.400389,1.7599993,1.0445375,5.6199512,7.716204,0.8801692,2.173869,7.252172,0.009096056,1.6971279,2.369608,3.2914448,1.7191267,2.6394584,3.9561894,1.8305749,2.6063464,2.7561388,2.1158917,2.6299644,3.969207
0,19,20,48,1,0.0,0.2799867,0.28,0.0,0.0,-1.32908335e-05,-0.0,0.0,0.0,2.0,0.8,0.036416728,0.5337572,0.16954301,2.148215,1.0,1.0,1.0,0.0,0.0,0.0,0.0,0.0,0.0,0.0,0.0,0,0.097683646,0.019272896,0.20503421,14.126026,11.330371,1.876976,0.37064424,4.497112,7.9789395,0.7728847,2.3621256,6.5780563,0.26797095,1.6731102,2.2882628,3.30435,1.703616,2.5587077,3.9281662,1.8255264,2.5054648,2.781281,2.1179793,2.5365543,3.9504867
1,19,20,50,1,0.0,0.29998702,0.3,0.0,0.0,-1.2985099e-05,-0.0,0.0,0.0,2.0,1.0,0.023560308,0.2017411,0.16708165,2.2145963,1.0,1.0,1.0,0.0,0.0,0.0,0.0,0.0,0.0,0.0,0.0,0,0.09573243,0.01935693,0.20997643,14.412897,11.90957,1.6787248,0.54523027,4.307703,7.184927,0.7342436,3.5802622,8.290676,0.9005809,1.6365014,2.3270228,3.2835436,1.6670032,2.6093512,3.9361987,1.8046349,2.599962,2.7395844,2.0900688,2.6255543,3.924791
2,19,20,49,1,0.0,0.29998747,0.3,0.0,0.0,-1.2550563e-05,-0.0,0.0,0.0,2.0,1.0,0.015727686,0.07912936,0.16970205,2.5668836,1.0,1.0,1.0,0.0,0.0,0.0,0.0,0.0,0.0,0.0,0.0,0,0.094615966,0.019011717,0.2055124,14.324074,10.359434,1.8504279,1.6757336,3.8688526,6.596534,2.029805,2.1330583,7.753626,0.5302481,1.7064393,2.323311,3.2791839,1.7303562,2.6108553,3.9313679,1.8473096,2.5450647,2.7736046,2.152401,2.5733147,3.9568803
3,19,20,48,1,0.0,0.27998832,0.28,0.0,0.0,-1.1669023e-05,-0.0,0.0,0.0,2.0,0.8,0.048641387,0.34034836,0.15148738,1.9591748,1.0,1.0,1.0,0.0,0.0,0.0,0.0,0.0,0.0,0.0,0.0,0,0.08981361,0.018931728,0.20224155,13.047678,12.441928,1.5044599,0.98937386,4.92283,7.798115,1.315702,2.832806,8.472219,0.014458196,1.7131779,2.3439307,3.2893882,1.7338512,2.618241,3.9497838,1.8224247,2.5874608,2.7610242,2.1106062,2.6141052,3.9764352
0,20,21,48,1,0.0,0.2799869,0.28,0.0,0.0,-1.3125514e-05,-0.0,0.0,0.0,2.0,0.8,0.03597247,0.542484,0.18404973,2.7397587,1.0,1.0,1.0,0.0,0.0,0.0,0.0,0.0,0.0,0.0,0.0,0,0.095280655,0.020184712,0.211279,13.848132,11.126929,1.7179644,0.43997505,4.3732996,7.540825,0.77514637,2.341749,6.608826,0.19254534,1.6696885,2.2730134,3.2987156,1.6996351,2.5445704,3.918659,1.8282443,2.4504066,2.8027086,2.133977,2.4834118,3.9864461
1,20,21,50,1,0.0,0.27998725,0.28,0.0,0.0,-1.2743392e-05,-0.0,0.0,0.0,2.0,0.8,0.018224083,0.23069976,0.16203661,2.298198,1.0,1.0,1.0,0.0,0.0,0.0,0.0,0.0,0.0,0.0,0.0,0,0.095147856,0.019995326,0.21602486,14.31895,12.046081,1.7278067,0.5603176,3.824567,7.061793,0.64300436,2.2919664,6.4816594,0.234586,1.6408529,2.2803068,3.300033,1.66958,2.570903,3.9432492,1.8142767,2.5057137,2.7838497,2.107963,2.537639,3.9715562
2,20,21,49,1,0.0,0.27998775,0.28,0.0,0.0,-1.22629735e-05,-0.0,0.0,0.0,2.0,0.8,0.011097206,0.1251145,0.15348153,1.9655567,1.0,1.0,1.0,0.0,0.0,0.0,0.0,0.0,0.0,0.0,0.0,0,0.0933237,0.019628335,0.2116546,14.31161,11.478865,1.366028,1.192918,5.075475,6.6843295,0.6080945,2.3631368,6.824213,0.038021624,1.689801,2.296514,3.2929573,1.7117299,2.5886018,3.9390855,1.8438056,2.483818,2.789326,2.1367555,2.5226247,3.9991033
3,20,21,48,1,0.0,0.2799887,0.28,0.0,0.0,-1.1282115e-05,-0.0,0.0,0.0,2.0,0.8,0.073956706,0.40734354,0.14270711,1.7489369,1.0,1.0,1.0,0.0,0.0,0.0,0.0,0.0,0.0,0.0,0.0,0,0.08849272,0.019584173,0.20754625,11.577081,13.450216,1.5757976,0.788843,5.4219747,7.608646,0.79246557,2.2808797,6.104305,0.0,1.7206911,2.3247817,3.2922716,1.7404456,2.5994892,3.951161,1.802405,2.5565908,2.774614,2.0852127,2.5875673,3.99574
0,21,22,48,1,0.0,0.27998668,0.28,0.0,0.0,-1.3312739e-05,-0.0,0.0,0.0,2.0,0.8,0.03760214,0.5395908,0.15537016,2.4794,1.0,1.0,1.0,0.0,0.0,0.0,0.0,0.0,0.0,0.0,0.0,0,0.096069,0.021122064,0.21752359,13.947421,11.906243,1.656887,0.4420482,3.299857,7.36647,0.7969462,2.2724924,6.8889523,0.100152485,1.6586025,2.2612545,3.2912984,1.6870829,2.5355644,3.9040453,1.8293105,2.4199002,2.8002403,2.1337972,2.4551103,3.9943311
1,21,22,50,1,0.0,0.27998748,0.28,0.0,0.0,-1.2521282e-05,-0.0,0.0,0.0,2.0,0.8,0.021595359,0.259443,0.1431889,0.9859497,1.0,1.0,1.0,0.0,0.0,0.0,0.0,0.0,0.0,0.0,0.0,0,0.093955845,0.020914972,0.22179706,14.644366,12.14265,1.5107216,0.6055986,3.475657,5.831727,4.2860017,3.264436,6.053634,0.06972816,1.6403507,2.250821,3.3078141,1.6679155,2.5446076,3.9460382,1.8235557,2.4419718,2.8077922,2.0920622,2.480857,4.002927
2,21,22,49,1,0.0,0.27998805,0.28,0.0,0.0,-1.1960885e-05,-0.0,0.0,0.0,2.0,0.8,0.017752565,0.13705608,0.15053669,2.319556,1.0,1.0,1.0,0.0,0.0,0.0,0.0,0.0,0.0,0.0,0.0,0,0.09251589,0.02044537,0.21726012,13.875037,12.416324,1.4446645,0.73464596,3.3727758,6.4097075,0.6794822,2.3540664,5.8598967,0.25076246,1.6688659,2.26265,3.3120797,1.6888161,2.5589914,3.9467223,1.8385417,2.4349227,2.8063946,2.1358745,2.4720783,4.0152335
3,21,22,48,1,0.0,0.27998897,0.28,0.0,0.0,-1.1038505e-05,-0.0,0.0,0.0,2.0,0.8,0.08333212,1.196142,0.13654257,2.2107053,1.0,1.0,1.0,0.0,0.0,0.0,0.0,0.0,0.0,0.0,0.0,0,0.08837031,0.020213988,0.21311873,12.508475,9.874781,1.4065295,0.0,5.648705,7.392978,0.709932,2.3737755,6.4587564,0.0,1.6783092,2.3292072,3.2895856,1.7017242,2.5878983,3.8975637,1.7995924,2.4971075,2.7952046,2.090453,2.5277274,4.0248103
0,22,23,48,1,0.0,0.27998725,0.28,0.0,0.0,-1.276386e-05,-0.0,0.0,0.0,2.0,0.8,0.038852673,0.58416617,0.1662506,1.3446248,1.0,1.0,1.0,0.0,0.0,0.0,0.0,0.0,0.0,0.0,0.0,0,0.093644306,0.022069406,0.22361779,13.497044,11.249568,1.9287935,0.5865688,3.1055892,6.4573474,1.2108247,2.438281,6.803661,0.18722719,1.6598258,2.2501662,3.283984,1.6881231,2.5277405,3.8917668,1.8246263,2.38143,2.8489113,2.0993242,2.4205205,4.0430036
1,22,23,50,1,0.0,0.27998742,0.28,0.0,0.0,-1.2580608e-05,-0.0,0.0,0.0,2.0,0.8,0.029755265,0.27976462,0.1543205,1.1487441,1.0,1.0,1.0,0.0,0.0,0.0,0.0,0.0,0.0,0.0,0.0,0,0.09496825,0.021872124,0.22690715,14.197507,11.862219,1.6340652,0.84015936,2.422215,6.238231,0.9467967,2.3149807,6.6450644,0.22245577,1.6360663,2.2260084,3.316066,1.6614109,2.5233626,3.940994,1.8222504,2.3916283,2.8538606,2.0955644,2.432839,4.0535674
2,22,23,49,1,0.0,0.2799881,0.28,0.0,0.0,-1.1886707e-05,-0.0,0.0,0.0,2.0,0.8,0.023453705,0.15825874,0.122694686,0.77125907,1.0,1.0,1.0,0.0,0.0,0.0,0.0,0.0,0.0,0.0,0.0,0,0.09255552,0.021348868,0.22282031,14.59617,12.921978,1.4301906,0.7053026,2.6689625,4.914556,4.279934,2.5108094,5.6221848,0.17676388,1.6656563,2.228344,3.3282921,1.6863283,2.52789,3.951458,1.838778,2.4078794,2.802725,2.1144438,2.4441526,4.013846
3,22,23,48,1,0.0,0.279987,0.28,0.0,0.0,-1.3004496e-05,-0.0,0.0,0.0,2.0,0.8,0.052377135,1.0497732,0.121096894,0.7412453,1.0,1.0,1.0,0.0,0.0,0.0,0.0,0.0,0.0,0.0,0.0,0,0.09521358,0.020957964,0.21824645,14.502187,8.788624,2.5332363,0.3988303,3.2067933,6.1099586,1.0881088,2.4377327,6.4173403,0.27505612,1.6462524,2.3306317,3.2858052,1.6767832,2.5784626,3.8723693,1.7965161,2.4569318,2.8015056,2.059689,2.4911623,4.018364
0,23,24,48,1,0.0,0.2799875,0.28,0.0,0.0,-1.2478891e-05,-0.0,0.0,0.0,2.0,0.8,0.0464015,0.6039293,0.16531402,1.3796759,1.0,1.0,1.0,0.0,0.0,0.0,0.0,0.0,0.0,0.0,0.0,0,0.09293273,0.022974424,0.22945447,16.49137,11.227811,1.6521451,0.2569594,2.9310942,6.882618,1.0507865,2.411199,6.76151,0.29415405,1.6605486,2.2366292,3.2818604,1.6878827,2.5187438,3.8852565,1.8082172,2.368693,2.848251,2.0843773,2.4116018,4.0541844
1,23,24,50,1,0.0,0.27998805,0.28,0.0,0.0,-1.1936841e-05,-0.0,0.0,0.0,2.0,0.8,0.02821848,0.3426403,0.15378255,1.2085106,1.0,1.0,1.0,0.0,0.0,0.0,0.0,0.0,0.0,0.0,0.0,0,0.09103547,0.022762187,0.23215567,13.925162,11.482549,1.7694943,0.78929704,2.2618804,6.5249205,0.81687677,2.3364525,6.3884835,0.21107808,1.6360909,2.1989777,3.3246307,1.661456,2.500345,3.936839,1.8136144,2.3676543,2.8552577,2.090555,2.411438,4.057262
2,23,24,49,1,0.0,0.27998823,0.28,0.0,0.0,-1.1774456e-05,-0.0,0.0,0.0,2.0,0.8,0.015710698,0.14803748,0.1504764,1.2290609,1.0,1.0,1.0,0.0,0.0,0.0,0.0,0.0,0.0,0.0,0.0,0,0.09271079,0.022249345,0.2279761,14.384285,13.018568,1.6624962,1.2234882,1.7273573,6.296736,1.1695904,2.3317068,6.278936,0.07510992,1.6638924,2.1939564,3.3383536,1.683311,2.5045679,3.953929,1.8217609,2.3867867,2.841776,2.0977468,2.4250875,4.066082
3,23,24,48,1,0.0,0.2799881,0.28,0.0,0.0,-1.1902152e-05,-0.0,0.0,0.0,2.0,0.8,0.06758029,1.0907271,0.13289581,1.2296975,1.0,1.0,1.0,0.0,0.0,0.0,0.0,0.0,0.0,0.0,0.0,0,0.09265945,0.021854987,0.22419046,14.067378,8.982806,2.1994357,0.42538416,3.3768213,6.9252768,1.0173981,2.327457,6.352704,0.17228138,1.6427256,2.315233,3.2854135,1.674214,2.5655103,3.8660028,1.7851763,2.4149604,2.8304577,2.0560358,2.4506168,4.058709
0,24,25,48,1,0.0,0.2799874,0.28,0.0,0.0,-1.259362e-05,-0.0,0.0,0.0,2.0,0.8,0.04712796,0.68756187,0.1578641,1.3175764,1.0,1.0,1.0,0.0,0.0,0.0,0.0,0.0,0.0,0.0,0.0,0,0.09313913,0.023880797,0.23536451,16.42078,11.550666,1.8187544,0.45348498,1.9039185,6.959774,0.9871692,1.7588575,6.943263,0.33745608,1.6452942,2.2133179,3.2867794,1.6747307,2.4984515,3.8821075,1.797337,2.352351,2.838678,2.0724638,2.3976238,4.0415807
1,24,25,50,1,0.0,0.27998838,0.28,0.0,0.0,-1.1628587e-05,-0.0,0.0,0.0,2.0,0.8,0.031241003,0.3426403,0.14344989,1.1656532,1.0,1.0,1.0,0.0,0.0,0.0,0.0,0.0,0.0,0.0,0.0,0,0.08976834,0.023625776,0.23750219,13.908763,12.325278,1.8040947,0.9349049,1.1709613,6.580263,1.0095092,2.3479946,6.396561,0.14856833,1.6307082,2.176435,3.334634,1.6547989,2.4814625,3.9344053,1.806093,2.348654,2.8526664,2.0829341,2.3941743,4.0609756
2,24,25,49,1,0.0,0.2799884,0.28,0.0,0.0,-1.1590056e-05,-0.0,0.0,0.0,2.0,0.8,0.028133342,0.2167047,0.14949018,1.2777681,1.0,1.0,1.0,0.0,0.0,0.0,0.0,0.0,0.0,0.0,0.0,0,0.09057165,0.023099203,0.23349552,14.054037,11.738059,1.4004728,0.85835123,1.2296498,6.3882318,1.1736475,2.3333788,5.9534984,0.13580105,1.6641792,2.1638978,3.3519096,1.6822681,2.478844,3.9540656,1.8043644,2.3743525,2.847062,2.0783846,2.4155562,4.067242
3,24,25,48,1,0.0,0.2799884,0.28,0.0,0.0,-1.1597817e-05,-0.0,0.0,0.0,2.0,0.8,0.06461491,1.1049857,0.13743033,1.4846088,1.0,1.0,1.0,0.0,0.0,0.0,0.0,0.0,0.0,0.0,0.0,0,0.09049471,0.022723723,0.22954993,13.179286,8.892098,1.8659525,0.22914022,2.7278285,6.7148814,1.3584131,2.2351353,6.3168416,0.32944742,1.6499236,2.2961252,3.283102,1.6809683,2.5514548,3.859802,1.7730548,2.3843021,2.8398044,2.0461755,2.4217002,4.068044
0,25,26,48,1,0.0,0.27998787,0.28,0.0,0.0,-1.2139537e-05,-0.0,0.0,0.0,2.0,0.8,0.05213021,0.71436006,0.14278302,1.078459,1.0,1.0,1.0,0.0,0.0,0.0,0.0,0.0,0.0,0.0,0.0,0,0.091446765,0.024770096,0.24125169,15.423092,11.372119,1.6806262,0.45501262,1.5083889,6.5739517,1.0076277,1.965532,6.7096467,0.11014787,1.6418233,2.1961741,3.2892606,1.6720357,2.483314,3.8762047,1.7889097,2.3394055,2.8278515,2.062107,2.3845463,4.0330186
1,25,26,50,1,0.0,0.27998853,0.28,0.0,0.0,-1.1467441e-05,-0.0,0.0,0.0,2.0,0.8,0.03316109,0.41116843,0.13040562,1.0601599,1.0,1.0,1.0,0.0,0.0,0.0,0.0,0.0,0.0,0.0,0.0,0,0.089261144,0.024481831,0.2427675,13.925499,11.8747,1.8067701,0.82939756,1.307914,6.3142014,0.98559123,2.3573742,6.2186346,0.09341201,1.6306415,2.1466322,3.3499074,1.6559078,2.4584436,3.9420307,1.8011584,2.330515,2.8446362,2.0769029,2.37654,4.0607243
2,25,26,49,1,0.0,0.27998915,0.28,0.0,0.0,-1.0841268e-05,-0.0,0.0,0.0,2.0,0.8,0.023569182,0.24708138,0.14035226,1.2271489,1.0,1.0,1.0,0.0,0.0,0.0,0.0,0.0,0.0,0.0,0.0,0,0.08750367,0.02394525,0.23879865,12.738927,10.9890785,1.5924668,1.7071157,1.6474502,6.1212525,1.1280004,2.3603451,5.8839517,0.0048103845,1.6598307,2.1418653,3.3640244,1.6780006,2.46117,3.9568214,1.7939024,2.3608134,2.844163,2.0673916,2.4033613,4.0751185
3,25,26,48,1,0.0,0.27998894,0.28,0.0,0.0,-1.1066366e-05,-0.0,0.0,0.0,2.0,0.8,0.037812497,1.1446487,0.115714185,0.8659174,1.0,1.0,1.0,0.0,0.0,0.0,0.0,0.0,0.0,0.0,0.0,0,0.0879203,0.023573706,0.23489706,12.586115,8.831908,2.7274737,0.4784263,1.9572469,6.5679994,0.8875368,2.537637,5.950224,0.14348029,1.6370393,2.2842486,3.278878,1.6693015,2.5421267,3.8525436,1.7698742,2.3519068,2.8321638,2.0374444,2.3964536,4.047428
0,26,27,48,1,0.0,0.27998874,0.28,0.0,0.0,-1.1261921e-05,-0.0,0.0,0.0,2.0,0.8,0.056789517,0.62557334,0.11432794,0.3876533,1.0,1.0,1.0,0.0,0.0,0.0,0.0,0.0,0.0,0.0,0.0,0,0.08782921,0.025601966,0.24708012,15.889177,11.16298,1.5672735,0.63978976,1.2577331,5.541875,0.77778924,2.4146974,6.680166,0.15107583,1.645064,2.1831799,3.2961528,1.6738484,2.470394,3.8721652,1.7923676,2.309666,2.8216221,2.0550318,2.3599026,4.0629354
1,26,27,50,1,0.0,0.279989,0.28,0.0,0.0,-1.1004836e-05,-0.0,0.0,0.0,2.0,0.8,0.036933053,0.3995839,0.100111835,0.3516587,1.0,1.0,1.0,0.0,0.0,0.0,0.0,0.0,0.0,0.0,0.0,0,0.08732423,0.025318585,0.24791265,13.537258,12.467656,1.5294092,0.43565387,1.094285,5.0943418,0.55971456,2.2049649,6.296405,0.110038325,1.6349577,2.1276622,3.3588762,1.6599404,2.44227,3.9464183,1.802741,2.307725,2.8325326,2.0665417,2.3618073,4.080045
2,26,27,49,1,0.0,0.25998998,0.26,0.0,0.0,-1.00266325e-05,-0.0,0.0,0.0,2.0,0.6,0.028725943,0.2167047,0.11516103,0.46478003,1.0,1.0,1.0,0.0,0.0,0.0,0.0,0.0,0.0,0.0,0.0,0,0.0834157,0.024715316,0.24355017,13.659515,12.581798,1.3433914,0.8155113,0.3240996,5.0280023,0.076204665,2.2930958,5.858361,0.2967337,1.6478434,2.1070726,3.3880062,1.6651455,2.4353611,3.9780173,1.7892182,2.344756,2.8342924,2.0512066,2.3958597,4.077099
3,26,27,48,1,0.0,0.27998963,0.28,0.0,0.0,-1.0373911e-05,-0.0,0.0,0.0,2.0,0.8,0.045693006,1.2000616,0.092661716,0.75173026,1.0,1.0,1.0,0.0,0.0,0.0,0.0,0.0,0.0,0.0,0.0,0,0.08620145,0.02442716,0.24053441,13.829363,9.252749,1.9525461,0.45749184,1.1818115,5.739176,0.7909733,2.784076,6.5199027,0.0,1.6232483,2.2686079,3.2768774,1.655856,2.527992,3.8414142,1.7778859,2.3179784,2.8214328,2.0401037,2.3639097,4.0713725
0,27,28,48,1,0.0,0.27998945,0.28,0.0,0.0,-1.0535651e-05,-0.0,0.0,0.0,2.0,0.8,0.06354749,0.5934708,0.09713569,0.48294884,1.0,1.0,1.0,0.0,0.0,0.0,0.0,0.0,0.0,0.0,0.0,0,0.08563428,0.026460623,0.2522248,15.774485,11.786624,1.5481743,0.5142548,1.1491665,6.719556,1.1211351,3.1743064,5.4967055,0.0010872514,1.6521286,2.1643004,3.3092828,1.6806648,2.4543178,3.8818543,1.7921641,2.278886,2.8487437,2.0542154,2.3266013,4.1310983
1,27,28,50,1,0.0,0.27998933,0.28,0.0,0.0,-1.0655445e-05,-0.0,0.0,0.0,2.0,0.8,0.037528988,0.47477645,0.08564542,0.33102196,1.0,1.0,1.0,0.0,0.0,0.0,0.0,0.0,0.0,0.0,0.0,0,0.08721698,0.026163692,0.25306857,13.136272,11.116518,2.0839396,1.0948583,0.85113937,5.8821774,0.9449421,2.7312987,5.4149866,0.18057884,1.6315963,2.1051698,3.374533,1.65829,2.4268723,3.9579158,1.8039197,2.2791295,2.8453574,2.0653138,2.3319094,4.1187344
2,27,28,49,1,0.0,0.2799909,0.28,0.0,0.0,-9.102009e-06,-0.0,0.0,0.0,2.0,0.8,0.025765328,0.18557483,0.09998714,0.25022906,1.0,1.0,1.0,0.0,0.0,0.0,0.0,0.0,0.0,0.0,0.0,0,0.080092214,0.025496025,0.2475588,13.3830805,12.850051,1.3993229,1.4896647,1.3835765,4.998706,0.8922845,2.4911122,5.679265,0.2983099,1.6484394,2.0713475,3.4101658,1.6680576,2.4080336,4.000935,1.7895505,2.3324819,2.8209262,2.045724,2.3842108,4.081339
3,27,28,48,1,0.0,0.29998985,0.3,0.0,0.0,-1.0162404e-05,-0.0,0.0,0.0,2.0,1.0,0.05199551,1.2143255,0.075482376,0.69660914,1.0,1.0,1.0,0.0,0.0,0.0,0.0,0.0,0.0,0.0,0.0,0,0.08498718,0.025281452,0.24547867,13.508618,8.895614,2.0065548,0.1603252,1.1980667,4.9591665,0.743184,2.6379473,5.692224,1.0630004,1.6309198,2.2459388,3.2763705,1.6635097,2.5066934,3.8298428,1.7828047,2.279713,2.8496644,2.0452197,2.3219469,4.1212187
0,28,29,48,1,0.0,0.2799897,0.28,0.0,0.0,-1.0319446e-05,-0.0,0.0,0.0,2.0,0.8,0.05934438,0.71436006,0.08168666,0.7252338,1.0,1.0,1.0,0.0,0.0,0.0,0.0,0.0,0.0,0.0,0.0,0,0.08524911,0.02728063,0.25681728,15.399596,11.161056,1.4090939,0.64003164,0.875685,6.0514965,1.3125576,2.7198393,5.361795,0.065542586,1.6417917,2.141442,3.3242702,1.6731358,2.4346411,3.893815,1.7882459,2.2485867,2.8592257,2.0498655,2.2961044,4.146948
1,28,29,50,1,0.0,0.27998966,0.28,0.0,0.0,-1.0349427e-05,-0.0,0.0,0.0,2.0,0.8,0.039635114,0.576071,0.07809901,0.52039254,1.0,1.0,1.0,0.0,0.0,0.0,0.0,0.0,0.0,0.0,0.0,0,0.085434355,0.026978523,0.25788236,13.551216,11.4002075,2.2624629,1.8340901,1.1565682,5.7454805,0.9794727,2.6688554,5.527263,0.41180682,1.6370326,2.0775816,3.3881187,1.6658273,2.4125717,3.9768987,1.8014036,2.2576406,2.848053,2.0666885,2.3096306,4.117874
2,28,29,49,1,0.0,0.2799899,0.28,0.0,0.0,-1.0100689e-05,-0.0,0.0,0.0,2.0,0.8,0.04941169,0.2406626,0.0952104,0.34034836,1.0,1.0,1.0,0.0,0.0,0.0,0.0,0.0,0.0,0.0,0.0,0,0.08595163,0.026290677,0.25204757,13.046429,10.751554,1.6574266,0.4422528,1.2245578,4.89234,0.97252166,2.668269,5.305613,0.0,1.6416162,2.0426524,3.4328454,1.6623551,2.3859665,4.0195293,1.7877593,2.3133292,2.8274908,2.0456202,2.3629785,4.103745
3,28,29,48,1,0.0,0.29999027,0.3,0.0,0.0,-9.7532875e-06,-0.0,0.0,0.0,2.0,1.0,0.047318153,1.1922094,0.05747311,0.5097557,1.0,1.0,1.0,0.0,0.0,0.0,0.0,0.0,0.0,0.0,0.0,0,0.08270722,0.025983138,0.25125104,12.936325,8.4478245,2.0188398,0.15971659,1.1659093,4.105255,2.9413958,3.5381947,6.608351,1.0449425,1.6405861,2.225595,3.279974,1.6744262,2.4883485,3.8260155,1.7822936,2.2677348,2.8533466,2.0414762,2.3096359,4.1354933
0,29,30,48,1,0.0,0.27999,0.28,0.0,0.0,-1.0015374e-05,-0.0,0.0,0.0,2.0,0.8,0.058892988,0.78931445,0.07779537,0.89437413,1.0,1.0,1.0,0.0,0.0,0.0,0.0,0.0,0.0,0.0,0.0,0,0.08341635,0.028072646,0.26144275,20.032537,10.711645,1.496423,0.524241,0.7854255,5.9791436,1.3257711,2.5841875,5.474785,0.20994225,1.6474769,2.1085844,3.3445568,1.6782774,2.410408,3.9157913,1.7783158,2.231619,2.8675206,2.0414274,2.281331,4.1682343
1,29,30,50,1,0.0,0.29998955,0.3,0.0,0.0,-1.0462241e-05,-0.0,0.0,0.0,2.0,1.0,0.045072585,0.6525183,0.07931905,0.66322577,1.0,1.0,1.0,0.0,0.0,0.0,0.0,0.0,0.0,0.0,0.0,0,0.08553153,0.027795767,0.26259163,11.982109,9.738568,1.9182587,1.1516359,0.79038817,5.544953,1.0043993,2.9199977,5.2650313,0.5269951,1.6429856,2.0544643,3.4003608,1.675169,2.392626,3.9917834,1.7987281,2.2362947,2.8626533,2.0663035,2.2892308,4.1452994
2,29,30,49,1,0.0,0.27999032,0.28,0.0,0.0,-9.691021e-06,-0.0,0.0,0.0,2.0,0.8,0.03585045,0.29607502,0.09122061,0.44936863,1.0,1.0,1.0,0.0,0.0,0.0,0.0,0.0,0.0,0.0,0.0,0,0.08388419,0.027061649,0.25612938,13.304848,12.086289,1.4126986,1.6739054,0.7736224,4.28842,0.881697,2.6537044,5.550056,0.21683659,1.6393896,2.0042148,3.4612243,1.6646849,2.358577,4.050494,1.7850064,2.2988758,2.8294542,2.042967,2.34702,4.0980506
3,29,30,48,1,0.0,0.2799901,0.28,0.0,0.0,-9.88191e-06,-0.0,0.0,0.0,2.0,0.8,0.050141882,1.1535037,0.07515826,0.6103749,1.0,1.0,1.0,0.0,0.0,0.0,0.0,0.0,0.0,0.0,0.0,0,0.08313077,0.026676947,0.2567992,13.370646,8.412435,1.7029197,0.11796306,1.1117855,5.6626825,1.4157231,3.5631077,6.395421,0.17292479,1.6475744,2.2015452,3.290164,1.6829293,2.4668665,3.8314466,1.7770499,2.2662647,2.8693697,2.0404851,2.3073175,4.1315055
0,30,31,48,1,0.0,0.27999023,0.28,0.0,0.0,-9.760713e-06,-0.0,0.0,0.0,2.0,0.8,0.06138024,0.64163214,0.08215879,0.99228024,1.0,1.0,1.0,0.0,0.0,0.0,0.0,0.0,0.0,0.0,0.0,0,0.08157592,0.028870963,0.26606795,17.67338,10.571017,2.0756695,0.532651,0.98544115,5.6424413,1.4119109,2.7581806,5.379224,0.06852366,1.6639482,2.0743568,3.368877,1.6989062,2.3909528,3.9475362,1.7696812,2.2227585,2.8753445,2.0339777,2.274679,4.1824985
1,30,31,50,1,0.0,0.29998967,0.3,0.0,0.0,-1.0332314e-05,-0.0,0.0,0.0,2.0,1.0,0.0456733,0.60651577,0.0802952,0.88292414,1.0,1.0,1.0,0.0,0.0,0.0,0.0,0.0,0.0,0.0,0.0,0,0.08466446,0.02847874,0.2676873,12.439241,10.470416,1.954147,0.97720623,1.1722878,4.2473803,2.1517403,2.651106,3.6931558,0.73159325,1.6341057,2.0166664,3.427883,1.6689887,2.3669887,4.025131,1.7957531,2.2179961,2.875983,2.059248,2.2728262,4.164865
2,30,31,49,1,0.0,0.27999055,0.28,0.0,0.0,-9.443049e-06,-0.0,0.0,0.0,2.0,0.8,0.046134666,0.33571756,0.08569913,0.5895011,1.0,1.0,1.0,0.0,0.0,0.0,0.0,0.0,0.0,0.0,0.0,0,0.08152637,0.027799511,0.25987986,13.295463,10.9298725,1.3206142,1.3972797,0.48525283,4.327416,1.3090688,3.0183706,4.573189,0.0,1.6369298,1.9583977,3.49745,1.6658802,2.3283427,4.091335,1.7812603,2.2860317,2.8378143,2.040669,2.3350995,4.124922
3,30,31,48,1,0.0,0.2799906,0.28,0.0,0.0,-9.402258e-06,-0.0,0.0,0.0,2.0,0.8,0.05530749,1.1941773,0.091103025,0.71106553,1.0,1.0,1.0,0.0,0.0,0.0,0.0,0.0,0.0,0.0,0.0,0,0.08143063,0.027490152,0.26144728,13.621048,7.804427,1.5000683,0.1291689,1.1384789,5.4256535,1.585794,3.2494905,6.2141523,0.26032653,1.6647242,2.1690626,3.3042848,1.7016115,2.4406183,3.8441918,1.7779462,2.2481368,2.877868,2.0386214,2.2944734,4.1301026
0,31,32,48,1,0.0,0.2799905,0.28,0.0,0.0,-9.517828e-06,-0.0,0.0,0.0,2.0,0.8,0.06250538,0.67143583,0.08881663,1.0719074,1.0,1.0,1.0,0.0,0.0,0.0,0.0,0.0,0.0,0.0,0.0,0,0.0804577,0.02961152,0.27045283,18.683672,10.369588,1.7145865,0.65976614,0.7770007,5.6463494,1.1778059,3.340276,5.440398,0.23298089,1.6558375,2.0400043,3.3875294,1.6950091,2.3673048,3.96806,1.7651386,2.217181,2.8709188,2.0308278,2.2684987,4.167493
1,31,32,50,1,0.0,0.2799898,0.28,0.0,0.0,-1.0179203e-05,-0.0,0.0,0.0,2.0,0.8,0.046238083,0.64406717,0.0721871,1.0309652,1.0,1.0,1.0,0.0,0.0,0.0,0.0,0.0,0.0,0.0,0.0,0,0.084087595,0.029106982,0.27243054,12.886811,11.062597,1.588913,1.7670193,0.7821323,4.0537796,1.8202732,3.2102215,4.9738045,0.1883724,1.6362432,1.9877181,3.4452553,1.6731217,2.3500988,4.0487146,1.7891996,2.2096694,2.8990045,2.0574248,2.2656965,4.1854587
2,31,32,49,1,0.0,0.27999112,0.28,0.0,0.0,-8.89298e-06,-0.0,0.0,0.0,2.0,0.8,0.06169472,0.33102196,0.089394234,0.8011254,1.0,1.0,1.0,0.0,0.0,0.0,0.0,0.0,0.0,0.0,0.0,0,0.07752623,0.028486602,0.2630621,13.56859,10.798501,1.137739,1.4565161,1.1255594,3.7243283,1.2643906,2.9570985,3.752979,0.0,1.6460247,1.922936,3.517586,1.6788874,2.3042815,4.110157,1.7785594,2.2585645,2.8767526,2.0357022,2.310886,4.172985
3,31,32,48,1,0.0,0.29999053,0.3,0.0,0.0,-9.4666875e-06,-0.0,0.0,0.0,2.0,1.0,0.058402773,1.263601,0.10662364,0.8439454,1.0,1.0,1.0,0.0,0.0,0.0,0.0,0.0,0.0,0.0,0.0,0,0.081309095,0.028301198,0.26586854,13.085921,7.3214483,1.275598,0.13635074,1.0670784,5.333063,1.5530283,3.6679254,6.443783,0.6459657,1.6896881,2.1313143,3.314528,1.7283788,2.412851,3.8535569,1.7758377,2.2442415,2.8740726,2.039017,2.2920392,4.108547
0,32,33,48,1,0.0,0.27999076,0.28,0.0,0.0,-9.242166e-06,-0.0,0.0,0.0,2.0,0.8,0.07130482,0.6620446,0.09799424,1.1562146,1.0,1.0,1.0,0.0,0.0,0.0,0.0,0.0,0.0,0.0,0.0,0,0.079450674,0.030352635,0.2743562,18.17484,9.327331,1.5015442,0.6169452,0.82487214,4.2592587,1.2542083,3.928186,5.4475956,0.0398777,1.6518198,1.9995849,3.4127972,1.6970764,2.3338196,3.9919052,1.760643,2.2146814,2.871555,2.027726,2.2662404,4.168162
1,32,33,50,1,0.0,0.27999008,0.28,0.0,0.0,-9.925225e-06,-0.0,0.0,0.0,2.0,0.8,0.04645474,0.47477645,0.073622346,1.0505185,1.0,1.0,1.0,0.0,0.0,0.0,0.0,0.0,0.0,0.0,0.0,0,0.08214775,0.029857535,0.27644232,13.057351,10.669477,1.4588878,0.92733264,1.6584338,3.8014066,1.9387728,3.2303987,4.745057,0.06360176,1.6354922,1.9390095,3.4806154,1.6770946,2.3178303,4.0882363,1.7893397,2.2101984,2.909518,2.0575657,2.2662253,4.20869
2,32,33,49,1,0.0,0.27999136,0.28,0.0,0.0,-8.640359e-06,-0.0,0.0,0.0,2.0,0.8,0.08282626,0.48778653,0.09015842,0.9610255,1.0,1.0,1.0,0.0,0.0,0.0,0.0,0.0,0.0,0.0,0.0,0,0.07751897,0.029201332,0.2661149,13.175447,8.200477,1.7420725,1.113979,1.106962,3.4216826,1.362215,3.0332384,4.264953,0.0,1.6403161,1.8811717,3.5474296,1.6809175,2.2736046,4.140069,1.775673,2.241084,2.8952637,2.0366728,2.2949908,4.1995792
3,32,33,48,1,0.0,0.29999045,0.3,0.0,0.0,-9.571696e-06,-0.0,0.0,0.0,2.0,1.0,0.05563398,1.2580138,0.113863334,1.0071555,1.0,1.0,1.0,0.0,0.0,0.0,0.0,0.0,0.0,0.0,0.0,0,0.081040956,0.028976137,0.27051598,12.630557,7.030995,1.320417,0.014974811,1.1239481,5.4529963,1.6786213,3.983087,6.5415173,0.6726509,1.6830295,2.103819,3.3233464,1.7274659,2.3893995,3.8592033,1.7729841,2.2437975,2.8687642,2.0389187,2.2933667,4.0929103
0,33,34,48,1,0.0,0.27999094,0.28,0.0,0.0,-9.065363e-06,-0.0,0.0,0.0,2.0,0.8,0.07178643,0.6829933,0.10314359,1.2796044,1.0,1.0,1.0,0.0,0.0,0.0,0.0,0.0,0.0,0.0,0.0,0,0.079064436,0.031100769,0.2780065,19.449009,9.950451,1.6768258,1.0512434,0.7960418,3.8427353,1.2030531,3.62616,5.3312097,0.16199303,1.6497109,1.9563608,3.4393482,1.7016791,2.3011622,4.018152,1.7561958,2.2153802,2.8671734,2.023635,2.2674863,4.157678
1,33,34,50,1,0.0,0.27999032,0.28,0.0,0.0,-9.6947415e-06,-0.0,0.0,0.0,2.0,0.8,0.062283587,0.61548275,0.08474514,1.1391652,1.0,1.0,1.0,0.0,0.0,0.0,0.0,0.0,0.0,0.0,0.0,0,0.08137535,0.03057642,0.28015056,13.631116,10.716949,1.6429223,1.3654431,0.79699826,3.7492938,1.8018304,3.4460151,4.8156466,0.10658938,1.6158905,1.8895586,3.517256,1.6639652,2.2724566,4.1137586,1.7852492,2.2095182,2.90728,2.0569055,2.2671773,4.1922646
2,33,34,49,1,0.0,0.27999175,0.28,0.0,0.0,-8.24423e-06,-0.0,0.0,0.0,2.0,0.8,0.09748517,0.5188863,0.084200956,1.0900093,1.0,1.0,1.0,0.0,0.0,0.0,0.0,0.0,0.0,0.0,0.0,0,0.07494498,0.029820828,0.2687056,13.883042,10.475074,1.2629886,1.8757137,0.9248081,3.3397238,1.4261477,3.078091,4.223266,0.0,1.64086,1.838297,3.5739734,1.6863246,2.243234,4.169126,1.773367,2.231022,2.8960607,2.0379755,2.2854245,4.204773
3,33,34,48,1,0.0,0.27999085,0.28,0.0,0.0,-9.146064e-06,-0.0,0.0,0.0,2.0,0.8,0.054507628,1.3074386,0.11989971,1.1078153,1.0,1.0,1.0,0.0,0.0,0.0,0.0,0.0,0.0,0.0,0.0,0,0.07858631,0.029667944,0.27510348,13.708115,7.796709,1.5514269,0.0,1.1342903,5.3402963,1.7793057,4.0530195,6.553948,0.35113135,1.6753151,2.074096,3.3376818,1.724902,2.3635333,3.8702083,1.7702103,2.2508116,2.8542273,2.0383337,2.3008146,4.0644917
0,34,35,48,1,0.0,0.2799914,0.28,0.0,0.0,-8.612804e-06,-0.0,0.0,0.0,2.0,0.8,0.083672665,0.7391305,0.102175504,1.1548599,1.0,1.0,1.0,0.0,0.0,0.0,0.0,0.0,0.0,0.0,0.0,0,0.07677956,0.03180739,0.2814279,17.211342,8.717719,2.019759,0.57259864,1.2382069,3.8426123,1.4471569,3.0425265,3.3741765,0.03408378,1.6469263,1.8989373,3.4836416,1.7064899,2.252712,4.0556054,1.7551459,2.2032878,2.8910265,2.0205178,2.2627664,4.196534
1,34,35,50,1,0.0,0.27999067,0.28,0.0,0.0,-9.330664e-06,-0.0,0.0,0.0,2.0,0.8,0.07410444,0.6655819,0.069753446,1.1790062,1.0,1.0,1.0,0.0,0.0,0.0,0.0,0.0,0.0,0.0,0.0,0,0.07969996,0.031257074,0.28370193,13.539781,10.026663,1.7490709,1.4787601,0.5026562,3.7229135,1.9594777,3.393253,4.763337,0.0,1.6137756,1.8325355,3.5586004,1.664746,2.228464,4.15405,1.7861224,2.2116437,2.9102094,2.058371,2.2690785,4.2069945
2,34,35,49,1,0.0,0.2799921,0.28,0.0,0.0,-7.896245e-06,-0.0,0.0,0.0,2.0,0.8,0.119063586,0.71216536,0.09833669,0.9739692,1.0,1.0,1.0,0.0,0.0,0.0,0.0,0.0,0.0,0.0,0.0,0,0.07177789,0.030405281,0.27073088,12.670937,6.2969484,1.8190311,1.9392493,0.48289654,3.4367163,1.0821729,2.8928673,3.8596148,0.0,1.6385604,1.7981026,3.6024804,1.7017862,2.2125368,4.1938615,1.7720058,2.210451,2.9290655,2.0353136,2.2773712,4.235919
3,34,35,48,1,0.0,0.29999092,0.3,0.0,0.0,-9.07557e-06,-0.0,0.0,0.0,2.0,1.0,0.05899175,1.3960308,0.13245,1.1439646,1.0,1.0,1.0,0.0,0.0,0.0,0.0,0.0,0.0,0.0,0.0,0,0.078586996,0.03050062,0.2787486,14.294898,6.085094,1.4660658,0.0,1.6376473,4.2874722,0.66343784,5.7506614,10.559015,0.71302366,1.6601994,2.0363634,3.3550463,1.7203504,2.3303633,3.8843207,1.7849289,2.2422538,2.846168,2.050589,2.2966383,4.0537677
0,35,36,48,1,0.0,0.2799916,0.28,0.0,0.0,-8.409925e-06,-0.0,0.0,0.0,2.0,0.8,0.09593236,0.74018866,0.10228031,1.3717105,1.0,1.0,1.0,0.0,0.0,0.0,0.0,0.0,0.0,0.0,0.0,0,0.075883836,0.032484036,0.28483477,18.971758,8.762591,1.9387099,0.9144273,0.9811076,3.694892,1.2307367,3.3504,4.229864,0.0,1.6423348,1.844576,3.528771,1.7104241,2.2080028,4.091809,1.7659492,2.1710925,2.903839,2.0384042,2.230979,4.2096252
1,35,36,50,1,0.0,0.2999912,0.3,0.0,0.0,-8.833967e-06,-0.0,0.0,0.0,2.0,1.0,0.08660209,0.40348235,0.1135021,1.2104521,1.0,1.0,1.0,0.0,0.0,0.0,0.0,0.0,0.0,0.0,0.0,0,0.07745525,0.031920996,0.28693184,13.96105,9.452358,1.760147,1.5510747,1.0673939,3.7444754,1.3508314,3.0091903,2.3762772,1.0040144,1.6286333,1.7817423,3.5984912,1.6886005,2.1956482,4.1949325,1.7952114,2.1651766,2.9602914,2.0598032,2.238813,4.2525134
2,35,36,49,1,0.0,0.27999258,0.28,0.0,0.0,-7.411741e-06,-0.0,0.0,0.0,2.0,0.8,0.17475736,0.7316804,0.08629188,1.1616175,1.0,1.0,1.0,0.0,0.0,0.0,0.0,0.0,0.0,0.0,0.0,0,0.069844596,0.03092768,0.2725389,11.718107,5.6281185,1.574004,1.457282,1.8643798,3.1507277,1.324316,3.1720428,3.5757997,0.0,1.6358271,1.7735835,3.6250076,1.7163122,2.153938,4.1740627,1.7794937,2.1930814,2.9261298,2.0460541,2.259682,4.2360053
3,35,36,48,1,0.0,0.29999128,0.3,0.0,0.0,-8.721361e-06,-0.0,0.0,0.0,2.0,1.0,0.060629584,1.4325566,0.1242001,1.3457885,1.0,1.0,1.0,0.0,0.0,0.0,0.0,0.0,0.0,0.0,0.0,0,0.07737268,0.031202884,0.28269467,13.989115,6.378751,1.4084245,0.0,1.3967844,4.4894457,2.540545,4.697905,4.058882,0.8328057,1.653374,2.0029862,3.3686173,1.722757,2.29869,3.8968604,1.7934434,2.2163012,2.8610044,2.0622604,2.265476,4.0745196
0,36,37,48,1,0.0,0.27999192,0.28,0.0,0.0,-8.068886e-06,-0.0,0.0,0.0,2.0,0.8,0.10447088,0.6977318,0.10961046,1.4215873,1.0,1.0,1.0,0.0,0.0,0.0,0.0,0.0,0.0,0.0,0.0,0,0.0746374,0.03316987,0.28775257,18.848969,8.266627,1.8702321,1.4008878,1.5952711,3.7834277,1.2655022,3.8353307,4.845703,0.0,1.6471416,1.7903466,3.572229,1.7183574,2.1695142,4.1355867,1.7722152,2.1635764,2.9053264,2.0467932,2.2243133,4.214394
1,36,37,50,1,0.0,0.27999207,0.28,0.0,0.0,-7.927755e-06,-0.0,0.0,0.0,2.0,0.8,0.11940049,0.7753077,0.11273001,1.1981034,1.0,1.0,1.0,0.0,0.0,0.0,0.0,0.0,0.0,0.0,0.0,0,0.07279382,0.032443468,0.29042962,13.263295,6.2926435,2.231952,1.1791937,2.4967482,3.589801,0.96826005,2.6741283,2.1320405,0.45874378,1.6139593,1.7632507,3.620079,1.6959863,2.1499069,4.184364,1.8030964,2.1047928,3.0229337,2.0746567,2.2010036,4.3235598
2,36,37,49,1,0.0,0.27999368,0.28,0.0,0.0,-6.3237344e-06,-0.0,0.0,0.0,2.0,0.8,0.106505826,1.7979273,0.088004716,1.1568913,1.0,1.0,1.0,0.0,0.0,0.0,0.0,0.0,0.0,0.0,0.0,0,0.06533343,0.03137582,0.2751467,11.172705,7.381554,2.2679253,0.0,1.5838567,3.163314,1.2592214,3.1663153,3.4405296,0.0,1.616411,1.7789334,3.639321,1.7024593,2.0875492,4.12563,1.7924749,2.1608822,2.949521,2.059318,2.2413173,4.247329
3,36,37,48,1,0.0,0.29999104,0.3,0.0,0.0,-8.961485e-06,-0.0,0.0,0.0,2.0,1.0,0.065541446,1.4499351,0.13227756,1.5716815,1.0,1.0,1.0,0.0,0.0,0.0,0.0,0.0,0.0,0.0,0.0,0,0.0784796,0.031833768,0.28679273,13.931461,5.1509995,1.324296,0.0,1.1016625,4.1348395,1.5027922,6.1600375,6.7381577,0.8688386,1.650197,1.9670877,3.3865373,1.730454,2.2685704,3.9153793,1.802908,2.1936998,2.8698304,2.0688672,2.2435303,4.0634365
0,37,38,48,1,0.0,0.27999225,0.28,0.0,0.0,-7.734955e-06,-0.0,0.0,0.0,2.0,0.8,0.11852959,0.7651459,0.12381248,1.4434427,1.0,1.0,1.0,0.0,0.0,0.0,0.0,0.0,0.0,0.0,0.0,0,0.07255628,0.03378416,0.29031703,17.64661,6.498371,1.8926212,1.4369383,1.6712923,4.250807,1.7877858,4.949563,4.84036,0.46933922,1.6495075,1.7412554,3.6152964,1.729008,2.1313374,4.176696,1.7909176,2.1570966,2.9231973,2.0644948,2.2169952,4.2102265
1,37,38,50,1,0.0,0.27999234,0.28,0.0,0.0,-7.652791e-06,-0.0,0.0,0.0,2.0,0.8,0.12297504,0.8430175,0.10992823,1.2555226,1.0,1.0,1.0,0.0,0.0,0.0,0.0,0.0,0.0,0.0,0.0,0,0.0717815,0.033042565,0.29336008,13.010723,7.2051187,2.1492784,1.4653476,1.5547819,3.2371795,0.81059784,2.478719,2.2208114,0.0,1.5795767,1.7180015,3.6604383,1.6787959,2.1078851,4.216931,1.8150046,2.068492,3.0373363,2.0903313,2.1737492,4.3370442
2,37,38,49,1,0.0,0.29999292,0.3,0.0,0.0,-7.090312e-06,-0.0,0.0,0.0,2.0,1.0,0.07777907,1.7417617,0.0974112,1.1616175,1.0,1.0,1.0,0.0,0.0,0.0,0.0,0.0,0.0,0.0,0.0,0,0.0703071,0.03193771,0.27811974,13.016538,6.5956755,1.6979694,0.32793158,1.4382868,3.1229353,1.171554,2.932773,3.2396035,0.57065773,1.6202043,1.7425348,3.664092,1.7129359,2.0461996,4.1324744,1.8052012,2.1254532,2.960225,2.0755706,2.2223172,4.2256827
3,37,38,48,1,0.0,0.29999155,0.3,0.0,0.0,-8.465555e-06,-0.0,0.0,0.0,2.0,1.0,0.07038463,1.5262032,0.1355245,1.6489644,1.0,1.0,1.0,0.0,0.0,0.0,0.0,0.0,0.0,0.0,0.0,0,0.07647144,0.032462664,0.29059708,13.803812,5.080387,1.4064038,0.0,1.2497365,4.097774,1.3932931,6.5972714,6.95752,0.5061935,1.670511,1.9252409,3.4094458,1.7568251,2.2368817,3.9383166,1.8151187,2.1901891,2.8627076,2.081471,2.2403424,4.0453086
0,38,39,48,1,0.0,0.27999252,0.28,0.0,0.0,-7.484396e-06,-0.0,0.0,0.0,2.0,0.8,0.15418582,0.6090912,0.15069757,1.5410038,1.0,1.0,1.0,0.0,0.0,0.0,0.0,0.0,0.0,0.0,0.0,0,0.071419306,0.03435696,0.29276562,17.671608,6.6098356,1.6281065,1.4398029,2.705465,4.6155105,1.2218511,4.5594163,4.820817,0.037073735,1.6280555,1.697671,3.6620274,1.728954,2.0896256,4.2156568,1.8104427,2.1546788,2.9367237,2.084616,2.214183,4.199126
1,38,39,50,1,0.0,0.27999237,0.28,0.0,0.0,-7.638425e-06,-0.0,0.0,0.0,2.0,0.8,0.13871497,0.9004792,0.11648058,1.2666943,1.0,1.0,1.0,0.0,0.0,0.0,0.0,0.0,0.0,0.0,0.0,0,0.072453775,0.033561345,0.2961675,12.690071,7.3488855,2.0391247,1.8568103,1.7285297,3.2295084,1.0297501,2.7298064,2.0233984,0.0,1.5595745,1.669978,3.7030802,1.6700653,2.068452,4.255903,1.8249094,2.0353332,3.0526505,2.1043518,2.1592128,4.3651605
2,38,39,49,1,0.0,0.2999926,0.3,0.0,0.0,-7.4110385e-06,-0.0,0.0,0.0,2.0,1.0,0.07983699,1.7542992,0.10408444,1.1487441,1.0,1.0,1.0,0.0,0.0,0.0,0.0,0.0,0.0,0.0,0.0,0,0.07127934,0.032494888,0.28266925,11.662493,6.250829,1.9721383,0.75053257,1.1898229,2.8629959,0.9718868,2.4870267,1.9224641,0.84621817,1.6372021,1.6897529,3.6948926,1.7338842,2.0138726,4.169565,1.8190182,2.086664,2.991236,2.0888703,2.2049098,4.2581463
3,38,39,48,1,0.0,0.2999913,0.3,0.0,0.0,-8.691989e-06,-0.0,0.0,0.0,2.0,1.0,0.0722836,1.4766794,0.15014759,1.7026765,1.0,1.0,1.0,0.0,0.0,0.0,0.0,0.0,0.0,0.0,0.0,0,0.07748019,0.03312267,0.2947655,14.515999,5.173499,1.3799305,0.0,1.1063372,4.0427365,1.175296,7.1884727,7.319406,0.7684488,1.6836092,1.8909384,3.4263704,1.7780209,2.2091813,3.9544642,1.8299304,2.1858692,2.8540268,2.0963852,2.2364197,4.0228734
0,39,40,48,1,0.0,0.2999925,0.3,0.0,0.0,-7.52099e-06,-0.0,0.0,0.0,2.0,1.0,0.09082642,1.6265022,0.1552316,1.8379683,1.0,1.0,1.0,0.0,0.0,0.0,0.0,0.0,0.0,0.0,0.0,0,0.07183096,0.034847982,0.29539168,11.837231,7.541781,1.0820711,0.0,1.1866027,4.0547924,0.84658384,2.2952063,2.038215,1.3908195,1.6135342,1.6735837,3.6901019,1.7235124,2.0392766,4.2105184,1.8203236,2.1102138,2.9429436,2.0889783,2.1965868,4.1554685
1,39,40,50,1,0.0,0.27999267,0.28,0.0,0.0,-7.320375e-06,-0.0,0.0,0.0,2.0,0.8,0.16711767,0.89349854,0.11600347,1.3014385,1.0,1.0,1.0,0.0,0.0,0.0,0.0,0.0,0.0,0.0,0.0,0,0.070421994,0.034050114,0.29889923,13.026888,7.151654,1.7970785,1.2723293,2.2437282,3.1035452,1.0668544,2.7753356,1.95446,0.0,1.5441849,1.6067758,3.767262,1.6604211,2.0262005,4.3234577,1.8364065,2.0147905,3.0491903,2.1202688,2.149744,4.365813
2,39,40,49,1,0.0,0.29999286,0.3,0.0,0.0,-7.152284e-06,-0.0,0.0,0.0,2.0,1.0,0.08442761,1.8139634,0.09982356,1.1763476,1.0,1.0,1.0,0.0,0.0,0.0,0.0,0.0,0.0,0.0,0.0,0,0.070355214,0.033005923,0.2866325,12.274217,6.845381,1.8649988,0.80449724,1.8072425,2.4677083,1.054615,2.658613,1.8651687,0.5675809,1.6503029,1.6447123,3.7214212,1.7505093,1.980531,4.2020073,1.8315747,2.0499685,3.0171604,2.1070805,2.1864896,4.304507
3,39,40,48,1,0.0,0.2999916,0.3,0.0,0.0,-8.417459e-06,-0.0,0.0,0.0,2.0,1.0,0.073534444,1.4803851,0.16019705,1.6795346,1.0,1.0,1.0,0.0,0.0,0.0,0.0,0.0,0.0,0.0,0.0,0,0.07586839,0.033690494,0.29870677,14.182113,4.881969,1.2975134,0.0,1.0080465,3.8268313,1.0941716,6.211529,5.665055,0.7688072,1.6922526,1.8598139,3.4414356,1.7933465,2.1864603,3.9691834,1.8416755,2.1253905,2.9044166,2.1111505,2.1967254,4.083128
0,40,41,48,1,0.0,0.29999313,0.3,0.0,0.0,-6.8755367e-06,-0.0,0.0,0.0,2.0,1.0,0.08243587,1.6418291,0.1426424,1.4038581,1.0,1.0,1.0,0.0,0.0,0.0,0.0,0.0,0.0,0.0,0.0,0,0.06723623,0.035274703,0.29907554,12.614542,7.314383,1.4470128,0.988401,1.1704829,3.8012695,1.1741828,2.7706192,1.988037,1.3277559,1.6200416,1.6468085,3.7122927,1.7277924,1.9979672,4.221674,1.8268645,2.0568647,2.9755154,2.1049964,2.1728222,4.2074676
1,40,41,50,1,0.0,0.2799931,0.28,0.0,0.0,-6.912896e-06,-0.0,0.0,0.0,2.0,0.8,0.20053606,1.0172081,0.11639247,1.4819704,1.0,1.0,1.0,0.0,0.0,0.0,0.0,0.0,0.0,0.0,0.0,0,0.06810488,0.03450321,0.30144623,11.732975,5.0878572,1.2313157,1.393625,2.195022,3.0254614,1.1324128,3.0097656,1.9177966,0.0,1.5636485,1.5548624,3.8132281,1.6870538,2.0024502,4.3723636,1.8497043,2.0017228,3.0370467,2.1354802,2.1417487,4.36006
2,40,41,49,1,0.0,0.27999285,0.28,0.0,0.0,-7.1537697e-06,-0.0,0.0,0.0,2.0,0.8,0.09179195,1.8131003,0.11172405,1.184305,1.0,1.0,1.0,0.0,0.0,0.0,0.0,0.0,0.0,0.0,0.0,0,0.07059094,0.033524115,0.29042903,12.859743,6.5949626,1.9810742,1.8649058,1.7345854,2.1391008,0.8547314,3.118643,1.9638134,0.18077973,1.6596324,1.5966843,3.7542338,1.7622269,1.9500117,4.2454696,1.8465862,2.0191238,3.0294902,2.1314416,2.165162,4.347712
3,40,41,48,1,0.0,0.2999916,0.3,0.0,0.0,-8.395641e-06,-0.0,0.0,0.0,2.0,1.0,0.07586148,1.5210661,0.17157796,1.5875378,1.0,1.0,1.0,0.0,0.0,0.0,0.0,0.0,0.0,0.0,0.0,0,0.07581224,0.03427593,0.30299693,14.765646,6.1449814,1.357343,0.0,1.6542174,3.7090142,0.9280296,5.724275,5.378468,1.2419294,1.6800947,1.8230371,3.4653127,1.7891064,2.1629932,3.9988968,1.8540382,2.0853155,2.9300199,2.1277237,2.1752295,4.1005707
0,41,42,48,1,0.0,0.27999264,0.28,0.0,0.0,-7.3613214e-06,-0.0,0.0,0.0,2.0,0.8,0.08696511,1.726415,0.13728406,1.5825998,1.0,1.0,1.0,0.0,0.0,0.0,0.0,0.0,0.0,0.0,0.0,0,0.07010364,0.03578144,0.30267778,12.776916,7.292414,2.002599,1.690828,2.0918183,3.6327906,1.1525043,2.6741936,1.9700764,0.20713831,1.6342368,1.583818,3.7595336,1.7434795,1.9572085,4.279851,1.8356516,2.0247772,2.9814138,2.1183853,2.149775,4.2320347
1,41,42,50,1,0.0,0.27999434,0.28,0.0,0.0,-5.6638332e-06,-0.0,0.0,0.0,2.0,0.8,0.120836146,1.8238609,0.10895116,1.5475928,1.0,1.0,1.0,0.0,0.0,0.0,0.0,0.0,0.0,0.0,0.0,0,0.061454587,0.03479559,0.30367324,9.131582,5.7859817,1.4186265,0.024231328,2.0930686,2.7127388,0.9655063,2.7273366,1.8452669,0.0,1.5750762,1.5528649,3.832816,1.6969883,1.940463,4.3476477,1.8633865,1.9927456,3.0176044,2.151306,2.1391695,4.3370748
2,41,42,49,1,0.0,0.25999272,0.26,0.0,0.0,-7.2805487e-06,-0.0,0.0,0.0,2.0,0.6,0.100582115,1.9036547,0.13671428,1.0460387,1.0,1.0,1.0,0.0,0.0,0.0,0.0,0.0,0.0,0.0,0.0,0,0.07015466,0.0342058,0.29382262,13.289598,6.193876,1.8207881,0.9544329,1.7650249,1.9674717,0.4070996,3.5625892,2.5721598,0.4712934,1.6751535,1.5425037,3.7917216,1.7796772,1.9240193,4.2954593,1.8647864,2.0017757,3.02573,2.159607,2.1600132,4.3414187
3,41,42,48,1,0.0,0.27999175,0.28,0.0,0.0,-8.253248e-06,-0.0,0.0,0.0,2.0,0.8,0.20169753,0.932924,0.18312316,1.422138,1.0,1.0,1.0,0.0,0.0,0.0,0.0,0.0,0.0,0.0,0.0,0,0.07467892,0.034855176,0.30724517,11.743236,4.1648483,1.3580401,0.47210762,1.0733894,3.5565608,1.5269675,3.4048712,2.2747781,0.0,1.681469,1.7616827,3.5123641,1.7983541,2.1324406,4.0595245,1.8627152,2.0545125,2.971992,2.1540008,2.1506605,4.1919017
0,42,43,48,1,0.0,0.2999925,0.3,0.0,0.0,-7.5236826e-06,-0.0,0.0,0.0,2.0,1.0,0.09633309,1.7948774,0.14106303,0.8952488,1.0,1.0,1.0,0.0,0.0,0.0,0.0,0.0,0.0,0.0,0.0,0,0.07092397,0.036419336,0.30577976,13.135168,7.068995,2.0276,0.0,1.8436147,4.8350587,1.0122955,1.8305851,2.3502162,0.5022788,1.6483977,1.5249352,3.8036678,1.7599009,1.920359,4.3348756,1.8463261,2.000095,2.9935696,2.129587,2.1424012,4.2303267
1,42,43,50,1,0.0,0.27999318,0.28,0.0,0.0,-6.8123036e-06,-0.0,0.0,0.0,2.0,0.8,0.11442786,1.8105083,0.1336704,1.3694261,1.0,1.0,1.0,0.0,0.0,0.0,0.0,0.0,0.0,0.0,0.0,0,0.06845021,0.03526833,0.30718502,9.564974,6.186457,1.686188,0.0,1.7583889,3.8933964,0.9178206,3.714901,1.8539953,0.0,1.6004786,1.5151385,3.8589635,1.7235359,1.9055065,4.3718023,1.8776648,1.9765698,3.0305414,2.1803324,2.1361842,4.322637
2,42,43,49,1,0.0,0.2999928,0.3,0.0,0.0,-7.225999e-06,-0.0,0.0,0.0,2.0,1.0,0.10391567,1.9003624,0.11855053,1.0241097,1.0,1.0,1.0,0.0,0.0,0.0,0.0,0.0,0.0,0.0,0.0,0,0.06973412,0.034884866,0.29712743,13.555874,6.6407456,1.8995818,0.0,1.6282943,4.7748947,1.3455474,3.617385,4.5179687,0.66541004,1.688395,1.4950458,3.822224,1.7979171,1.8949094,4.3326983,1.8822656,2.0137713,3.0157425,2.1692014,2.161128,4.2408895
3,42,43,48,1,0.0,0.27999368,0.28,0.0,0.0,-6.323675e-06,-0.0,0.0,0.0,2.0,0.8,0.09742814,1.8608228,0.13646397,1.1856263,1.0,1.0,1.0,0.0,0.0,0.0,0.0,0.0,0.0,0.0,0.0,0,0.06493345,0.035213362,0.31000164,11.686742,5.140697,1.5170883,0.0,1.5435655,3.840801,0.99519604,2.274759,2.1798537,0.0,1.690257,1.7630805,3.514183,1.8095905,2.0979471,4.040037,1.8611059,1.9714468,3.0278065,2.1496396,2.1003268,4.218961
0,43,44,48,1,0.0,0.27999267,0.28,0.0,0.0,-7.3394076e-06,-0.0,0.0,0.0,2.0,0.8,0.11079089,1.7241467,0.14652579,0.83368134,1.0,1.0,1.0,0.0,0.0,0.0,0.0,0.0,0.0,0.0,0.0,0,0.070396364,0.03698039,0.3091811,12.850278,7.3817496,1.5272632,0.0,1.3023982,4.868583,0.6482673,2.3542762,2.2126133,0.0,1.6658618,1.4740742,3.846468,1.7800735,1.8933101,4.3794475,1.8624253,1.989115,2.9869444,2.1468575,2.129903,4.2206635
1,43,44,50,1,0.0,0.27999273,0.28,0.0,0.0,-7.27787e-06,-0.0,0.0,0.0,2.0,0.8,0.12281326,1.779549,0.13913201,1.6813976,1.0,1.0,1.0,0.0,0.0,0.0,0.0,0.0,0.0,0.0,0.0,0,0.07079618,0.03587427,0.310541,9.610499,6.373664,1.7161236,0.0,1.6853472,4.137696,1.4733107,2.3194296,1.9031788,0.0,1.6110443,1.4738064,3.8892038,1.7328067,1.8746877,4.4051466,1.8865936,1.9723438,3.026671,2.18489,2.130576,4.3040714
2,43,44,49,1,0.0,0.27999243,0.28,0.0,0.0,-7.5687344e-06,-0.0,0.0,0.0,2.0,0.8,0.11051849,1.8591394,0.13239023,0.96589977,1.0,1.0,1.0,0.0,0.0,0.0,0.0,0.0,0.0,0.0,0.0,0,0.07237771,0.03546531,0.30140516,13.602387,6.389024,2.0163085,0.7320762,1.8076376,4.657207,1.0664688,2.2901049,2.3802102,0.03181315,1.707394,1.4479895,3.8547173,1.8208921,1.8731492,4.3725653,1.8926017,2.0127387,3.0043416,2.1826136,2.1555207,4.2403007
3,43,44,48,1,0.0,0.27999276,0.28,0.0,0.0,-7.247099e-06,-0.0,0.0,0.0,2.0,0.8,0.07720364,1.8582971,0.12644207,1.1162614,1.0,1.0,1.0,0.0,0.0,0.0,0.0,0.0,0.0,0.0,0.0,0,0.07049656,0.035721987,0.3132924,11.43585,5.6069307,1.3432783,0.0,1.2240195,3.5438063,1.400047,2.370494,2.2900538,0.16857417,1.6969151,1.699647,3.5585952,1.8187437,2.0447414,4.0790715,1.866278,1.9497991,3.0258887,2.1582143,2.088633,4.226755
0,44,45,48,1,0.0,0.2599931,0.26,0.0,0.0,-6.8720296e-06,-0.0,0.0,0.0,2.0,0.6,0.11737181,1.7764676,0.14908214,0.71763945,1.0,1.0,1.0,0.0,0.0,0.0,0.0,0.0,0.0,0.0,0.0,0,0.06832605,0.037594818,0.31168255,12.923079,7.203829,1.9050447,3.0443888,1.412231,4.651245,0.0,0.90680456,2.6147323,0.0,1.676431,1.4195453,3.890703,1.7916152,1.8624014,4.422887,1.8780358,1.9786566,2.9738135,2.1663573,2.119534,4.194591
1,44,45,50,1,0.0,0.27999267,0.28,0.0,0.0,-7.33986e-06,-0.0,0.0,0.0,2.0,0.8,0.12565264,1.7444558,0.13910875,1.7852578,1.0,1.0,1.0,0.0,0.0,0.0,0.0,0.0,0.0,0.0,0.0,0,0.070803106,0.03644908,0.31411004,9.357342,6.442142,1.4562362,0.0,1.2484735,4.04963,1.425871,2.143727,1.8515059,0.0,1.6292751,1.4211998,3.92717,1.7517653,1.8431411,4.4439063,1.894363,1.9793675,2.992098,2.1970317,2.1401422,4.2624145
2,44,45,49,1,0.0,0.27999306,0.28,0.0,0.0,-6.9567063e-06,-0.0,0.0,0.0,2.0,0.8,0.12253889,1.8490076,0.11992107,0.9421074,1.0,1.0,1.0,0.0,0.0,0.0,0.0,0.0,0.0,0.0,0.0,0,0.068872996,0.0360664,0.3048525,11.944143,7.8714385,1.7048748,3.052677,1.3514616,4.3432455,0.97352207,2.1439424,2.4007516,0.0,1.7132543,1.4061242,3.8910215,1.8229768,1.8499779,4.410318,1.9019492,1.99368,3.0027792,2.1948972,2.1444392,4.2513494
3,44,45,48,1,0.0,0.2799927,0.28,0.0,0.0,-7.3108063e-06,-0.0,0.0,0.0,2.0,0.8,0.08470037,1.9040658,0.114953555,1.0437915,1.0,1.0,1.0,0.0,0.0,0.0,0.0,0.0,0.0,0.0,0.0,0,0.07176196,0.036334336,0.31671983,11.080335,5.8269525,1.521476,0.7287189,1.3143212,3.2684662,1.2793809,1.8210044,2.581971,0.07421063,1.6935415,1.6174783,3.621361,1.8173684,1.996192,4.146302,1.878135,1.9562237,2.9995658,2.174358,2.09131,4.209502
0,45,46,48,1,0.0,0.2599936,0.26,0.0,0.0,-6.3777857e-06,-0.0,0.0,0.0,2.0,0.6,0.12800889,1.8379683,0.14439869,0.716548,1.0,1.0,1.0,0.0,0.0,0.0,0.0,0.0,0.0,0.0,0.0,0,0.066244125,0.038137022,0.31370416,15.564735,6.917351,1.469884,3.1012952,1.8306353,4.5538282,0.0,1.5980374,2.5676532,0.0,1.6685199,1.3652049,3.9381757,1.793281,1.8171871,4.4605656,1.898212,1.9766778,2.950851,2.1937482,2.1118364,4.1546097
1,45,46,50,1,0.0,0.27999297,0.28,0.0,0.0,-7.0401024e-06,-0.0,0.0,0.0,2.0,0.8,0.13525558,1.7444558,0.14592917,1.8255765,1.0,1.0,1.0,0.0,0.0,0.0,0.0,0.0,0.0,0.0,0.0,0,0.06974813,0.03701489,0.3173303,9.535894,6.792748,1.4994663,0.42075843,1.3060533,3.8212519,1.7905577,1.8897855,1.7278699,0.0,1.6433626,1.3705183,3.967713,1.7630068,1.8144462,4.4830027,1.8891178,1.9883342,2.957146,2.1871288,2.1494746,4.2180023
2,45,46,49,1,0.0,0.27999333,0.28,0.0,0.0,-6.6752204e-06,-0.0,0.0,0.0,2.0,0.8,0.13259555,1.8633447,0.10685939,0.92195284,1.0,1.0,1.0,0.0,0.0,0.0,0.0,0.0,0.0,0.0,0.0,0,0.06752379,0.036640212,0.30753857,12.996747,6.779985,1.520777,2.149458,1.1118954,4.0105147,1.0390283,2.0106592,2.346204,0.0,1.721723,1.3544954,3.9339666,1.8288758,1.8160738,4.4508533,1.9009113,1.977238,2.9952428,2.1975691,2.1329203,4.247695
3,45,46,48,1,0.0,0.27999243,0.28,0.0,0.0,-7.5643993e-06,-0.0,0.0,0.0,2.0,0.8,0.092120185,1.8987142,0.1046648,0.93627375,1.0,1.0,1.0,0.0,0.0,0.0,0.0,0.0,0.0,0.0,0.0,0,0.07199132,0.036957186,0.3200314,11.234776,5.819036,1.6189226,1.3579243,1.4426814,4.4163103,1.3252089,2.6008217,2.3812995,0.0,1.7085094,1.5490651,3.6694806,1.8351542,1.9572072,4.2044163,1.8843591,1.9627534,2.9840508,2.1796937,2.0929494,4.22109
0,46,47,48,1,0.0,0.25999364,0.26,0.0,0.0,-6.3431976e-06,-0.0,0.0,0.0,2.0,0.6,0.14444502,1.878406,0.1363489,0.72307205,1.0,1.0,1.0,0.0,0.0,0.0,0.0,0.0,0.0,0.0,0.0,0,0.065387115,0.038641978,0.3163205,15.500246,7.8314567,1.7500207,1.631354,1.3519454,4.4238887,0.0,1.8905882,2.330846,0.0,1.6650647,1.3135407,3.977896,1.7956065,1.7791109,4.4979625,1.9097954,1.9699358,2.9294736,2.2099035,2.1045668,4.124672
1,46,47,50,1,0.0,0.27999324,0.28,0.0,0.0,-6.762522e-06,-0.0,0.0,0.0,2.0,0.8,0.14461817,1.7395133,0.14149159,1.8311418,1.0,1.0,1.0,0.0,0.0,0.0,0.0,0.0,0.0,0.0,0.0,0,0.06803189,0.03753703,0.3204624,9.206529,7.2939577,1.5436538,3.0089843,1.5430955,3.4970913,1.6158767,2.1610706,1.7970538,0.0,1.6500477,1.3144083,4.0138383,1.7690854,1.7723818,4.524299,1.8840432,1.9957371,2.92475,2.1859956,2.1578157,4.1770406
2,46,47,49,1,0.0,0.27999339,0.28,0.0,0.0,-6.6253106e-06,-0.0,0.0,0.0,2.0,0.8,0.14243716,1.9318167,0.09747175,0.8494916,1.0,1.0,1.0,0.0,0.0,0.0,0.0,0.0,0.0,0.0,0.0,0,0.06695823,0.03718543,0.31023976,12.934329,7.6428294,1.4890804,2.6241572,1.4070997,3.827957,1.1245396,1.9718986,1.9138443,0.0,1.7271652,1.3072096,3.968009,1.8362265,1.7812802,4.4843,1.8968761,1.9736946,2.978231,2.1952262,2.134762,4.2330623
3,46,47,48,1,0.0,0.25999242,0.26,0.0,0.0,-7.5729727e-06,-0.0,0.0,0.0,2.0,0.6,0.10062684,1.9423226,0.09789758,0.82991755,1.0,1.0,1.0,0.0,0.0,0.0,0.0,0.0,0.0,0.0,0.0,0,0.0719932,0.037573393,0.3231944,11.456946,6.0169053,1.5245221,1.3868772,1.4290485,4.248133,0.0,1.744861,2.2697988,0.013408597,1.7240796,1.4932413,3.7065327,1.8541896,1.9205276,4.2441907,1.8860079,1.9673064,2.9621422,2.18315,2.095073,4.219741
0,47,48,48,1,0.0,0.23999387,0.24000001,0.0,0.0,-6.145974e-06,-0.0,0.0,0.0,2.0,0.4,0.1466833,1.9635646,0.13512675,0.62432086,1.0,1.0,0.0,0.0,0.0,0.0,0.0,0.0,0.0,0.0,0.0,0,0.06435988,0.039168727,0.3184255,14.96437,7.474178,1.8435436,1.2482376,1.270159,5.4538274,0.0,0.47239158,2.9493887,0.0,1.6743541,1.2565557,4.021638,1.8104395,1.7451165,4.5385556,1.911284,1.9673355,2.9082327,2.2081265,2.1058233,4.0968604
1,47,48,50,1,0.0,0.27999318,0.28,0.0,0.0,-6.8145378e-06,-0.0,0.0,0.0,2.0,0.8,0.15923415,1.7547452,0.14252032,1.8070464,1.0,1.0,1.0,0.0,0.0,0.0,0.0,0.0,0.0,0.0,0.0,0,0.06801222,0.0380224,0.32347664,10.143996,6.7269287,1.475249,0.0,1.1054797,3.199013,1.7684639,2.0983405,1.7522693,0.0,1.6642839,1.2621384,4.051025,1.7854003,1.7417328,4.5613656,1.8793397,2.001922,2.897089,2.184236,2.1672873,4.1377172
2,47,48,49,1,0.0,0.2799936,0.28,0.0,0.0,-6.4050505e-06,-0.0,0.0,0.0,2.0,0.8,0.14787783,1.9228823,0.09021686,0.8411585,1.0,1.0,1.0,0.0,0.0,0.0,0.0,0.0,0.0,0.0,0.0,0,0.06624077,0.037749544,0.3127564,11.578585,6.3336453,1.455791,1.283342,1.1787896,3.6685028,1.1498741,2.2154646,2.0494678,0.0,1.745278,1.2594845,4.001719,1.858261,1.749356,4.5142727,1.8916309,1.9771464,2.9573693,2.1952121,2.1339803,4.204204
3,47,48,48,1,0.0,0.25999287,0.26,0.0,0.0,-7.132527e-06,-0.0,0.0,0.0,2.0,0.6,0.108179346,1.975487,0.090890415,0.7630973,1.0,1.0,1.0,0.0,0.0,0.0,0.0,0.0,0.0,0.0,0.0,0,0.069935106,0.038168073,0.32612804,11.061045,6.3594513,1.6800385,1.7836707,1.3471398,4.4126334,0.0,2.6739995,2.0446372,0.0,1.7387226,1.4369979,3.7459083,1.8725137,1.8868327,4.2858763,1.8902808,1.970362,2.9342384,2.1876044,2.0975287,4.202589
0,48,49,48,0,1.0,0.16611207,0.28,-0.11388175,0.0,-6.189108e-06,-0.0,0.0,0.0,2.0,0.8,0.2454773,3.2026443,0.1081528,1.3068398,1.0,1.0,1.0,0.0,1.0,0.0,0.0,0.0,0.0,0.0,0.0,0,0.06554167,0.03976383,0.32066527,13.012175,9.352052,3.1499274,1.9327883,2.361062,4.586714,0.18337677,2.671348,2.8013048,3.242748,1.7001398,1.2171146,4.0650964,1.8223109,1.7240832,4.587693,1.911918,1.9718707,2.8751261,2.200183,2.1137097,4.0962334
1,48,49,50,1,0.0,0.27999353,0.28,0.0,0.0,-6.463369e-06,-0.0,0.0,0.0,2.0,0.8,0.16003664,1.7671907,0.14649267,1.779549,1.0,1.0,1.0,0.0,0.0,0.0,0.0,0.0,0.0,0.0,0.0,0,0.06584098,0.03856745,0.32608283,9.205446,6.887434,1.575265,2.5095701,1.1915798,3.1068363,1.7911267,1.9209663,1.7194955,0.0,1.6793623,1.2069795,4.0910525,1.8038319,1.707639,4.600137,1.8755562,2.0067744,2.8731682,2.1832948,2.1753511,4.1010284
2,48,49,49,1,0.0,0.25999382,0.26,0.0,0.0,-6.1751307e-06,-0.0,0.0,0.0,2.0,0.6,0.2631595,1.436921,0.08791524,0.7873287,1.0,1.0,1.0,0.0,0.0,0.0,0.0,0.0,0.0,0.0,0.0,0,0.065067284,0.03828139,0.31501454,11.051236,4.788615,0.8074286,0.8946954,0.0,4.485704,0.474089,2.447101,1.922566,0.0,1.7730438,1.1938353,4.0329766,1.8980645,1.7605307,4.567939,1.8880472,1.9811087,2.9344945,2.1886835,2.1376286,4.1807065
3,48,49,48,0,1.0,0.17895037,0.28,-0.101042196,0.0,-7.4369477e-06,-0.0,0.0,0.0,2.0,0.8,0.22888798,3.1144166,0.05695565,1.4772093,1.0,1.0,1.0,0.0,1.0,0.0,0.0,0.0,0.0,0.0,0.0,0,0.07148688,0.03878796,0.32913855,13.704781,7.6655455,2.6903198,2.4505258,1.993231,3.4311607,0.0,3.0845091,2.632896,2.7418761,1.7679825,1.4154289,3.767348,1.8873295,1.8930962,4.319808,1.8935062,1.9782729,2.8650649,2.1791916,2.1058478,4.1164217
0,49,50,48,0,1.0,0.14110027,0.28,-0.13889168,0.0,-8.05033e-06,-0.0,0.0,0.0,2.0,0.8,0.29172406,3.1869633,0.10337072,1.6153961,1.0,1.0,1.0,0.0,2.0,0.0,0.0,0.0,0.0,0.0,0.0,0,0.073521756,0.04040768,0.32471943,13.144581,8.291606,2.97385,3.2106042,2.1428204,4.366329,0.30924603,3.6308925,2.1836104,2.881943,1.698434,1.201684,4.0933323,1.8213053,1.7085346,4.618068,1.913131,1.9738555,2.8597512,2.1950192,2.1226742,4.102815
1,49,50,50,1,0.0,0.27999368,0.28,0.0,0.0,-6.318461e-06,-0.0,0.0,0.0,2.0,0.8,0.16398369,1.8182733,0.117490254,0.9176984,1.0,1.0,1.0,0.0,0.0,0.0,0.0,0.0,0.0,0.0,0.0,0,0.06554604,0.0391032,0.32812735,11.129895,6.9601536,1.70313,2.1534722,1.3514165,5.0666547,1.0524033,2.0216055,1.7064098,0.0,1.6935498,1.1416647,4.1439643,1.8208314,1.6652164,4.6450276,1.8814087,2.004274,2.8454385,2.1733036,2.1759062,4.076339
2,49,50,49,0,1.0,0.16669847,0.26,-0.093296155,0.0,-5.371601e-06,-0.0,0.0,0.0,2.0,0.6,0.35265753,2.5207276,0.12287769,0.9675191,1.0,1.0,1.0,0.0,1.0,0.0,0.0,0.0,0.0,0.0,0.0,0,0.05929992,0.038663473,0.31591105,13.304341,9.939034,2.4201975,2.709477,2.2229636,3.7616274,0.022735577,1.8972665,2.442521,0.0,1.7990063,1.165631,4.071544,1.9020762,1.7362044,4.612559,1.894825,1.9840956,2.9168546,2.1941376,2.1409392,4.1875935
3,49,50,48,0,1.0,0.16702266,0.28,-0.11296879,0.0,-8.560065e-06,-0.0,0.0,0.0,2.0,0.8,0.26307496,3.0662906,0.062803484,1.5636932,1.0,1.0,1.0,0.0,2.0,0.0,0.0,0.0,0.0,0.0,0.0,0,0.07599039,0.03945174,0.33319062,13.659092,6.946273,2.8858721,2.4112966,1.3841722,3.8623712,0.19759984,3.5351636,2.5187232,2.261269,1.7696865,1.4063526,3.786226,1.8909177,1.8928934,4.342808,1.8960223,1.9819751,2.8460941,2.1785502,2.113645,4.093009
0,50,51,48,0,1.0,0.13196155,0.28,-0.1480302,0.0,-8.237263e-06,-0.0,0.0,0.0,2.0,0.8,0.29989415,3.1593342,0.10887589,1.7574196,1.0,1.0,1.0,0.0,3.0,0.0,0.0,0.0,0.0,0.0,0.0,0,0.07444293,0.040990286,0.32860202,13.062565,8.425744,2.8914964,3.4197319,2.0708768,4.2794585,0.28282866,4.0731683,2.0308683,2.6846752,1.697804,1.1876978,4.1173997,1.821495,1.6944537,4.637852,1.914195,1.9817836,2.8410063,2.1939335,2.1347961,4.0962005
1,50,51,50,0,1.0,0.18052974,0.3,-0.119464144,0.0,-6.125609e-06,-0.0,0.0,0.0,2.0,1.0,0.24883151,3.3381205,0.09387673,1.3376215,1.0,1.0,1.0,0.0,1.0,0.0,0.0,0.0,0.0,0.0,0.0,0,0.0645137,0.039627917,0.3302849,13.229162,9.023203,2.4098036,3.333178,2.3389108,5.7027116,0.924897,2.7726336,1.6181976,3.1266153,1.7253559,1.1073467,4.1715226,1.840717,1.6585413,4.6818376,1.891829,2.0042658,2.7960227,2.176134,2.1716862,4.0624404
2,50,51,49,0,1.0,0.14312719,0.28,-0.1368659,0.0,-6.9116845e-06,-0.0,0.0,0.0,2.0,0.8,0.32497245,3.642683,0.08221792,1.0586824,1.0,1.0,1.0,0.0,2.0,0.0,0.0,0.0,0.0,0.0,0.0,0,0.06722913,0.039157722,0.31855756,13.228972,9.36935,3.0976396,3.3187115,2.1250348,3.5813003,0.0,2.0655859,2.2846377,0.524727,1.8046286,1.1408557,4.098315,1.899761,1.7200782,4.6422844,1.898665,1.9889213,2.8980234,2.200142,2.1494858,4.16432
3,50,51,48,0,1.0,0.16596934,0.28,-0.11402197,0.0,-8.680562e-06,-0.0,0.0,0.0,2.0,0.8,0.2640086,3.000748,0.073732585,1.5909853,1.0,1.0,1.0,0.0,3.0,0.0,0.0,0.0,0.0,0.0,0.0,0,0.0765934,0.040026575,0.33722562,13.509828,6.622863,3.751234,2.6564205,1.1660656,4.007727,0.32255203,4.149602,2.5692782,1.7991785,1.7764072,1.3923455,3.804667,1.9033518,1.8913517,4.363425,1.8996351,1.9846611,2.8283768,2.1808808,2.1191607,4.078771
0,51,52,48,0,1.0,0.1160656,0.28,-0.1639262,0.0,-8.205786e-06,-0.0,0.0,0.0,2.0,0.8,0.32495156,3.2240815,0.11242874,1.8675405,1.0,1.0,1.0,0.0,4.0,0.0,0.0,0.0,0.0,0.0,0.0,0,0.07400723,0.041589092,0.33250028,12.626318,7.8986382,4.097543,3.598087,1.9557359,4.105681,0.15669179,3.7755332,2.3215137,2.757262,1.7017875,1.158766,4.151305,1.8300997,1.6816713,4.6704135,1.9142509,1.9906133,2.8185277,2.1919634,2.146261,4.078491
1,51,52,50,0,1.0,0.13777126,0.3,-0.1622207,0.0,-8.043838e-06,-0.0,0.0,0.0,2.0,1.0,0.32456803,3.4606276,0.09796418,1.671125,1.0,1.0,1.0,0.0,2.0,0.0,0.0,0.0,0.0,0.0,0.0,0,0.07388692,0.040292427,0.33401638,13.218302,9.028408,2.8256047,4.49764,2.1941028,4.3681293,0.60342807,3.4957833,1.7409242,2.3707037,1.7256979,1.0921825,4.19193,1.8410472,1.6432891,4.7054777,1.9014015,2.011033,2.7609327,2.1823378,2.1710038,4.032119
2,51,52,49,0,1.0,0.123097725,0.26,-0.13689436,0.0,-7.908755e-06,-0.0,0.0,0.0,2.0,0.6,0.3076383,3.6504118,0.10457668,1.0264,1.0,1.0,1.0,0.0,3.0,0.0,0.0,0.0,0.0,0.0,0.0,0,0.07218136,0.03971345,0.32216117,13.350664,8.967242,3.0018034,4.1619687,2.0728168,3.3523252,0.0,2.076896,2.1332242,0.48037446,1.8029965,1.1287235,4.118138,1.8990176,1.7069721,4.6584435,1.9015521,1.9915856,2.8769515,2.2024374,2.1550875,4.1558695
3,51,52,48,0,1.0,0.16039664,0.28,-0.11959468,0.0,-8.68961e-06,-0.0,0.0,0.0,2.0,0.8,0.28458577,3.065269,0.08025366,1.502427,1.0,1.0,1.0,0.0,4.0,0.0,0.0,0.0,0.0,0.0,0.0,0,0.07615751,0.040629536,0.34130025,13.742114,6.5139213,3.8639243,2.0244648,1.4852711,3.719338,0.3821076,4.2828875,2.309978,1.8029078,1.7824657,1.3746403,3.8270395,1.9156651,1.8880697,4.385112,1.9027426,1.9854784,2.8115644,2.1855683,2.1228354,4.0654454
0,52,53,48,0,1.0,0.106147386,0.28,-0.17384426,0.0,-8.355774e-06,-0.0,0.0,0.0,2.0,0.8,0.33437827,3.352161,0.114302404,1.8813206,1.0,1.0,1.0,0.0,5.0,0.0,0.0,0.0,0.0,0.0,0.0,0,0.07439954,0.042193756,0.33652237,12.460308,8.002652,3.5257087,4.31404,2.0257792,5.303042,0.3286411,4.194518,1.8409593,2.348936,1.7055094,1.1303947,4.1874247,1.8429273,1.6725782,4.701172,1.915674,1.9974977,2.7944348,2.193757,2.15633,4.0610433
1,52,53,50,0,1.0,0.10441067,0.28,-0.17558073,0.0,-8.606366e-06,-0.0,0.0,0.0,2.0,0.8,0.33224607,3.4574592,0.109461285,1.8456178,1.0,1.0,1.0,0.0,3.0,0.0,0.0,0.0,0.0,0.0,0.0,0,0.07648535,0.040912684,0.33777928,12.977762,8.57866,3.307307,4.609249,2.273847,4.1017323,0.345368,4.1655517,1.9494075,2.6206832,1.7287154,1.0734577,4.217073,1.8471307,1.6307514,4.7284813,1.9066222,2.01943,2.7262993,2.1851492,2.1741831,3.9882638
2,52,53,49,0,1.0,0.10908276,0.26,-0.15090959,0.0,-7.643814e-06,-0.0,0.0,0.0,2.0,0.6,0.33673638,3.7266026,0.091152206,1.1521457,1.0,1.0,1.0,0.0,4.0,0.0,0.0,0.0,0.0,0.0,0.0,0,0.071643054,0.0403876,0.3250064,13.175792,8.859722,2.8836439,4.5841765,2.3443239,3.2508965,0.0,2.1062827,2.516115,0.3663494,1.8049762,1.1132877,4.1394024,1.9041415,1.6975183,4.6747575,1.9046948,1.996506,2.8599658,2.2055635,2.158773,4.1374464
3,52,53,48,0,1.0,0.17389049,0.3,-0.12610088,0.0,-8.63803e-06,-0.0,0.0,0.0,2.0,1.0,0.29099554,3.1913815,0.08000789,1.475619,1.0,1.0,1.0,0.0,5.0,0.0,0.0,0.0,0.0,0.0,0.0,0,0.07577816,0.041220497,0.34533343,13.480398,6.012706,4.429524,2.4327197,1.5229177,3.3405783,0.6241464,4.6118717,2.581505,1.8684381,1.7888341,1.358677,3.8475897,1.9300046,1.8911753,4.407887,1.9041405,1.9897282,2.792316,2.1864245,2.1304734,4.0405536
0,53,54,48,0,1.0,0.10164506,0.28,-0.17834656,0.0,-8.3794275e-06,-0.0,0.0,0.0,2.0,0.8,0.34380114,3.3930116,0.11480194,1.8809044,1.0,1.0,1.0,0.0,6.0,0.0,0.0,0.0,0.0,0.0,0.0,0,0.07440661,0.04280588,0.34040534,12.518735,7.498664,4.0443144,4.7591248,1.9960849,5.165594,0.25223976,4.5456576,1.7321236,2.3026752,1.7113228,1.0984793,4.2225733,1.8584973,1.6598728,4.7324476,1.9181288,2.0008764,2.7761831,2.1976101,2.1619263,4.0532093
1,53,54,50,0,1.0,0.08215862,0.28,-0.19783299,0.0,-8.399719e-06,-0.0,0.0,0.0,2.0,0.8,0.35737315,3.6826503,0.118511155,1.8945873,1.0,1.0,1.0,0.0,4.0,0.0,0.0,0.0,0.0,0.0,0.0,0,0.07479551,0.041544437,0.34170932,12.97351,8.21963,3.5804362,4.552621,2.1970246,4.96428,0.453427,3.9960644,1.653989,2.7657096,1.7330836,1.0502107,4.2462425,1.8559774,1.6195837,4.7514863,1.9092605,2.024389,2.7026205,2.1886992,2.1793933,3.965579
2,53,54,49,0,1.0,0.094099484,0.26,-0.16589262,0.0,-7.887753e-06,-0.0,0.0,0.0,2.0,0.6,0.35892203,3.8041492,0.09122226,1.2629814,1.0,1.0,1.0,0.0,5.0,0.0,0.0,0.0,0.0,0.0,0.0,0,0.07263308,0.04108034,0.3278974,13.0009775,8.588776,3.2386045,4.330418,2.255429,3.2022145,0.0,1.6100289,1.8012402,0.37684423,1.8100821,1.0904793,4.164367,1.9146922,1.686985,4.693674,1.9079655,1.9999981,2.8391757,2.2081542,2.1643677,4.1210113
3,53,54,48,0,1.0,0.16513216,0.3,-0.13485889,0.0,-8.960762e-06,-0.0,0.0,0.0,2.0,1.0,0.30556762,3.1608202,0.08856504,1.5656941,1.0,1.0,1.0,0.0,6.0,0.0,0.0,0.0,0.0,0.0,0.0,0,0.07718646,0.041836392,0.3494648,13.58585,6.026224,4.377213,2.2100132,1.6763642,3.3453014,0.71976703,4.5523705,2.2860427,1.4387224,1.7942034,1.3344761,3.8732715,1.9412282,1.8852785,4.434348,1.9060634,1.9915051,2.7684064,2.1849668,2.134396,4.0242114
0,54,55,48,0,1.0,0.09207484,0.28,-0.18791674,0.0,-8.4188105e-06,-0.0,0.0,0.0,2.0,0.8,0.35498524,3.5205057,0.116399616,1.8809044,1.0,1.0,1.0,0.0,7.0,0.0,0.0,0.0,0.0,0.0,0.0,0,0.074317805,0.043425705,0.34421855,12.541981,7.263375,4.2483068,4.8151264,2.1151626,4.9488173,0.0,5.161045,1.9978281,2.4485807,1.7179027,1.0655712,4.2585754,1.8741895,1.6462516,4.761092,1.920104,2.005581,2.7555995,2.2008405,2.1680436,4.0383277
1,54,55,50,0,1.0,0.08210338,0.3,-0.21788822,0.0,-8.414762e-06,-0.0,0.0,0.0,2.0,1.0,0.36847436,3.7312212,0.13114454,2.1284487,1.0,1.0,1.0,0.0,5.0,0.0,0.0,0.0,0.0,0.0,0.0,0,0.07481692,0.042172525,0.34559572,12.715388,7.865088,4.161101,4.5726085,2.6753566,4.9405675,0.58662105,3.9061222,1.4361458,2.0137954,1.7389052,1.0187454,4.281791,1.8689837,1.6121593,4.786786,1.9123577,2.0319932,2.6686044,2.1875243,2.183044,3.9277601
2,54,55,49,0,1.0,0.07651968,0.26,-0.18347241,0.0,-7.89623e-06,-0.0,0.0,0.0,2.0,0.6,0.3844609,3.818937,0.09275375,1.4644376,1.0,1.0,1.0,0.0,6.0,0.0,0.0,0.0,0.0,0.0,0.0,0,0.07244226,0.04176373,0.33086833,12.645463,8.238896,3.4670227,4.178263,2.2422352,3.1861873,0.0,3.160322,1.9457598,0.41814455,1.8142592,1.0590122,4.196701,1.924683,1.6715107,4.7188997,1.9113355,2.0061255,2.8117678,2.204738,2.1697023,4.0993495
3,54,55,48,0,1.0,0.15814705,0.3,-0.14184402,0.0,-8.939546e-06,-0.0,0.0,0.0,2.0,1.0,0.31559005,3.0810611,0.09734457,1.6911452,1.0,1.0,1.0,0.0,7.0,0.0,0.0,0.0,0.0,0.0,0.0,0,0.07684045,0.042449106,0.35353386,13.472885,6.473584,4.338246,2.4897366,0.9956177,3.267645,0.84649396,5.2175007,2.2363212,1.5527585,1.7950296,1.3040583,3.905087,1.947384,1.878457,4.4668803,1.9089438,1.9920304,2.7556725,2.1856909,2.1361146,4.0159116
0,55,56,48,0,1.0,0.07931892,0.28,-0.20067267,0.0,-8.41286e-06,-0.0,0.0,0.0,2.0,0.8,0.3681405,3.6295505,0.121709876,1.934651,1.0,1.0,1.0,0.0,8.0,0.0,0.0,0.0,0.0,0.0,0.0,0,0.074199975,0.04404549,0.3479665,12.583787,7.1596193,4.307626,5.149423,2.8015735,5.005507,0.0,5.0872173,1.7632741,1.9522923,1.7240014,1.0296206,4.2993965,1.8905852,1.633421,4.7950172,1.9211389,2.0113528,2.731125,2.20161,2.1747944,4.0172133
1,55,56,50,0,1.0,0.06610481,0.3,-0.23173134,0.0,-8.814345e-06,-0.0021550495,0.0021550495,1.0,2.0,1.0,0.37783948,3.8012674,0.14106219,2.238851,1.0,1.0,1.0,0.0,6.0,0.0,0.0,0.0,0.0,0.0,0.0,0,0.07637337,0.042837083,0.3495952,12.365395,7.85668,4.0599475,4.707255,2.2130833,4.425623,0.67316616,4.3381114,1.6912096,1.7634206,1.7453753,0.98706967,4.318168,1.8858396,1.6039318,4.8171535,1.913476,2.036898,2.6463807,2.1840372,2.1883488,3.9056096
2,55,56,49,0,1.0,0.060965102,0.26,-0.19902699,0.0,-7.900844e-06,-0.0,0.0,0.0,2.0,0.6,0.40192744,3.8946462,0.093628906,1.6081119,1.0,1.0,1.0,0.0,7.0,0.0,0.0,0.0,0.0,0.0,0.0,0,0.0722479,0.042446624,0.3338594,12.542014,7.839576,3.726019,4.0235906,2.5465465,3.8401902,0.0,3.3396525,1.8298079,0.074726306,1.8211536,1.0206699,4.234105,1.9404808,1.658104,4.748938,1.9143164,2.0091674,2.795591,2.2047162,2.173391,4.09313
3,55,56,48,0,1.0,0.117817655,0.28,-0.16217346,0.0,-8.8783345e-06,-0.0,0.0,0.0,2.0,0.8,0.33067548,3.1058593,0.105171315,1.9583757,1.0,1.0,1.0,0.0,8.0,0.0,0.0,0.0,0.0,0.0,0.0,0,0.0763207,0.043043595,0.3575433,13.122091,6.5490475,4.7864327,2.8081524,1.6304317,3.268224,0.39771634,5.3601165,2.2852254,1.4517885,1.7969214,1.2552812,3.9512706,1.9558476,1.8589307,4.5101724,1.9103028,1.9967996,2.7331443,2.1830044,2.1437502,4.0038977
0,56,57,48,0,1.0,0.06463384,0.28,-0.21216123,0.0,-8.482462e-06,-0.0031964544,0.0031964544,1.0,2.0,0.8,0.3820874,3.7938464,0.12435317,1.917175,1.0,1.0,1.0,0.0,9.0,0.0,0.0,0.0,0.0,0.0,0.0,0,0.07450935,0.044680964,0.3515952,11.771275,7.0075903,4.198685,4.4543395,1.9646091,4.4933167,0.27347985,5.9791822,1.8383712,1.8809433,1.7297168,0.98082125,4.3535476,1.9053761,1.6076572,4.8352675,1.9230306,2.0159445,2.7139761,2.2030058,2.180805,4.0000844
1,56,57,50,0,1.0,0.028144196,0.28,-0.2412441,0.0,-8.8861325e-06,-0.010602828,0.010602828,1.0,2.0,0.8,0.37328786,3.9106936,0.14753217,2.310088,1.0,1.0,1.0,0.0,7.0,0.0,0.0,0.0,0.0,0.0,0.0,0,0.076408945,0.043502536,0.3536811,12.035979,7.38566,3.9276686,4.447917,1.7383461,4.444468,0.41231325,4.9509544,1.7821523,2.111101,1.7514322,0.936383,4.371029,1.90138,1.5783248,4.860218,1.914718,2.0420828,2.6281,2.1813982,2.1961255,3.8882997
2,56,57,49,0,1.0,0.049830813,0.26,-0.20716403,0.0,-7.989086e-06,-0.0029971513,0.0029971513,1.0,2.0,0.6,0.4123387,3.8972588,0.09928513,1.6879022,1.0,1.0,1.0,0.0,8.0,0.0,0.0,0.0,0.0,0.0,0.0,0,0.07252027,0.043126248,0.33684325,12.287063,7.801122,3.548599,4.324121,2.5808198,3.5234482,0.0,4.0207834,2.2812557,0.0,1.8256899,0.98201704,4.2725487,1.9549052,1.6442416,4.7787895,1.9182734,2.0103426,2.7875385,2.2070615,2.1761324,4.0927076
3,56,57,48,0,1.0,0.10805032,0.28,-0.17194103,0.0,-8.6543805e-06,-0.0,0.0,0.0,2.0,0.8,0.33886728,3.1945686,0.111807264,1.9908794,1.0,1.0,1.0,0.0,9.0,0.0,0.0,0.0,0.0,0.0,0.0,0,0.074855216,0.043634497,0.36153808,13.178113,6.739894,4.926133,3.6599913,1.4850274,3.09048,0.2907724,5.7506456,2.162722,0.94168055,1.7989795,1.2099485,3.9947093,1.9656498,1.8443635,4.5519466,1.9128039,1.9984275,2.7206912,2.1849992,2.1479437,3.9999611
0,57,58,48,0,1.0,5.0401173,0.28,-0.22830646,5.0,-8.381504e-06,-0.011567492,0.011567492,1.0,2.0,0.8,0.38281295,3.9915311,0.1299405,2.0108304,1.0,1.0,1.0,1.0,10.0,1.0,0.0,0.0,0.0,0.0,0.0,0,0.073970355,0.045304563,0.3551938,11.862408,6.968389,3.8048437,4.5847187,3.0402286,4.563689,0.041879855,5.4576173,1.985397,1.5882552,1.7351757,0.93059504,4.409047,1.9186345,1.5816078,4.879219,1.9236147,2.0192735,2.6983738,2.2024138,2.1832573,3.978345
1,57,58,50,0,1.0,0.0075125787,0.28,-0.25404066,0.0,-8.533287e-06,-0.018438231,0.018438231,1.0,2.0,0.8,0.37804753,4.0165567,0.15081014,2.419968,1.0,1.0,1.0,0.0,8.0,0.0,0.0,0.0,0.0,0.0,0.0,0,0.07462556,0.04415545,0.35760006,12.193684,7.1666636,3.72429,4.7142153,2.4798326,4.419452,0.2807761,5.039813,1.613611,2.1665337,1.7585982,0.88937056,4.419539,1.9183695,1.5581222,4.902277,1.9168347,2.0462863,2.6013963,2.1795764,2.2028391,3.8716056
2,57,58,49,0,1.0,0.034170393,0.26,-0.21595816,0.0,-8.013282e-06,-0.00986342,0.00986342,1.0,2.0,0.6,0.42538998,3.8843822,0.10812816,1.7671907,1.0,1.0,1.0,0.0,9.0,0.0,0.0,0.0,0.0,0.0,0.0,0,0.07273828,0.043803774,0.33975798,12.210788,7.637459,3.432362,4.4875016,2.6414518,3.3843424,0.0,4.353947,2.1504233,0.0,1.8314239,0.94081944,4.3124256,1.9694014,1.6248885,4.808111,1.922512,2.011101,2.7761877,2.2111201,2.177422,4.0887914
3,57,58,48,0,1.0,5.09511,0.28,-0.18488167,5.0,-8.721034e-06,-0.0,0.0,0.0,2.0,0.8,0.35023758,3.3329573,0.12092108,2.0088832,1.0,1.0,1.0,1.0,10.0,1.0,0.0,0.0,0.0,0.0,0.0,0,0.07485572,0.044227865,0.3653557,13.200577,7.736195,5.230194,4.1669083,1.1782401,2.8379443,0.40726933,7.0558133,2.2729802,0.7968971,1.7972175,1.1685066,4.0361414,1.9707665,1.8361827,4.5921454,1.9159704,2.001296,2.709362,2.1879942,2.1535635,3.9889178
0,58,59,48,0,1.0,0.028665759,0.3,-0.2510165,0.0,-8.497493e-06,-0.020309258,0.020309258,1.0,2.0,1.0,0.40368629,4.0644126,0.1385398,2.2447865,1.0,1.0,1.0,1.0,11.0,0.0,0.0,0.0,0.0,0.0,0.0,0,0.07456387,0.04588942,0.35829863,11.690879,6.7941885,4.2364182,4.621232,2.230795,4.8365726,0.5383837,4.865436,1.4717644,0.9942372,1.7448376,0.87814444,4.4632783,1.9359022,1.55518,4.921664,1.9250922,2.029074,2.6594558,2.197679,2.1935663,3.9488032
1,58,59,50,0,1.0,0.0003358964,0.3,-0.2736106,0.0,-8.4340845e-06,-0.02604509,0.02604509,1.0,2.0,1.0,0.39690173,4.022594,0.16337503,2.6482337,1.0,1.0,1.0,0.0,9.0,0.0,0.0,0.0,0.0,0.0,0.0,0,0.07432357,0.044806242,0.36141667,12.091018,7.5260205,3.8605003,4.570848,1.9667978,4.57202,0.5010665,4.438854,1.5345557,1.4164886,1.763076,0.84372944,4.4691005,1.930673,1.5358876,4.942607,1.9207776,2.052894,2.5809653,2.1814952,2.204887,3.8483262
2,58,59,49,0,1.0,5.0167117,0.26,-0.22427265,5.0,-7.94203e-06,-0.019007519,0.019007519,1.0,2.0,0.6,0.43738908,3.868023,0.11824783,1.8392454,1.0,1.0,1.0,1.0,10.0,1.0,0.0,0.0,0.0,0.0,0.0,0,0.07233832,0.044464752,0.3425742,12.116438,7.6286488,3.5345752,3.8353422,2.76016,3.2629628,0.0,4.66185,2.0373154,0.0,1.8332527,0.88595486,4.363071,1.9791303,1.5988564,4.8472924,1.9266055,2.0120158,2.7646244,2.2154186,2.1787703,4.084061
3,58,59,48,0,1.0,0.10684849,0.3,-0.19314279,0.0,-8.732408e-06,-0.0,0.0,0.0,2.0,1.0,0.35586637,3.439299,0.13059045,1.9912726,1.0,1.0,1.0,1.0,11.0,0.0,0.0,0.0,0.0,0.0,0.0,0,0.074757524,0.044778053,0.3686287,12.516179,8.072978,3.6407106,2.1064835,1.8250077,2.9151452,1.1349573,6.6072164,2.1367095,0.7733103,1.7912484,1.0934554,4.112356,1.9708134,1.7940259,4.657769,1.9176469,2.0032623,2.7007446,2.1892614,2.158235,3.9870996
0,59,60,48,0,1.0,-0.015426997,0.28,-0.26626086,0.0,-8.754722e-06,-0.029157382,0.029157382,1.0,2.0,0.8,0.4115874,4.1369576,0.14460048,2.40732,1.0,1.0,1.0,1.0,12.0,0.0,0.0,0.0,0.0,0.0,0.0,0,0.075495474,0.046489,0.36152208,11.703842,6.9358764,3.4708216,4.660263,2.4308374,4.453093,0.34254158,5.420693,1.6475064,1.7109035,1.7421577,0.8250557,4.517573,1.9419491,1.5291636,4.9691405,1.9269891,2.038422,2.6270502,2.1943862,2.2032008,3.9263823
1,59,60,50,0,1.0,4.982949,0.3,-0.28278083,5.0,-8.785337e-06,-0.034261774,0.034261774,1.0,2.0,1.0,0.4099472,3.965558,0.17143875,2.7831278,1.0,1.0,1.0,1.0,10.0,1.0,0.0,0.0,0.0,0.0,0.0,0,0.0754864,0.045463942,0.3653343,12.058093,7.1951632,3.79184,4.6483364,2.3738601,4.4951434,0.6012601,4.8828354,1.7512196,0.5744777,1.7678655,0.7944293,4.5205398,1.9439869,1.5150738,4.9861717,1.9226134,2.0611367,2.5524669,2.180112,2.2132428,3.8248534
2,59,60,49,0,1.0,0.004084667,0.26,-0.22866015,0.0,-7.87163e-06,-0.0272473,0.0272473,1.0,2.0,0.6,0.44761854,3.8129878,0.12147965,1.9147239,1.0,1.0,1.0,1.0,11.0,0.0,0.0,0.0,0.0,0.0,0.0,0,0.07195683,0.04505179,0.34484977,11.95405,7.6416554,3.1296096,4.0684905,2.4733644,3.2768924,0.0,4.818045,2.2004426,0.0,1.8371593,0.83651614,4.410992,1.9905164,1.5741769,4.883804,1.9297808,2.0153,2.7478046,2.2205138,2.1806462,4.069812
3,59,60,48,0,1.0,0.08008885,0.28,-0.19990222,0.0,-8.929688e-06,-0.0,0.0,0.0,2.0,0.8,0.3686716,3.4019973,0.13974491,2.0539641,1.0,1.0,1.0,1.0,12.0,0.0,0.0,0.0,0.0,0.0,0.0,0,0.07526185,0.045262016,0.37198937,12.350064,7.5944796,2.916186,5.4362607,2.1687427,2.8276749,1.2166146,6.1494746,2.2764168,0.40841112,1.7862644,1.002514,4.203355,1.9658847,1.7368383,4.737347,1.9190848,2.0101838,2.683062,2.1908288,2.167671,3.972216
0,60,61,48,0,1.0,-0.034455147,0.28,-0.27583164,0.0,-8.295197e-06,-0.03861521,0.03861521,1.0,2.0,0.8,0.4118459,4.1614857,0.15225095,2.5346627,1.0,1.0,1.0,1.0,13.0,0.0,0.0,0.0,0.0,0.0,0.0,0,0.07350909,0.04704154,0.36472252,11.605959,7.0413356,3.4001193,4.522104,2.6423492,4.6600704,0.2987522,6.1187873,1.4042974,1.8009634,1.7402735,0.7683087,4.573821,1.9461604,1.5053594,5.0186353,1.930011,2.043718,2.611941,2.196676,2.209163,3.9236088
1,60,61,50,0,1.0,-0.024835339,0.3,-0.2808662,0.0,-8.923579e-06,-0.04396022,0.04396022,1.0,2.0,1.0,0.41398928,3.939215,0.16782643,2.7690299,1.0,1.0,1.0,1.0,11.0,0.0,0.0,0.0,0.0,0.0,0.0,0,0.07578921,0.04607619,0.37133095,11.738417,7.149122,3.205726,4.70383,2.7847872,4.3250356,0.8291368,5.541527,1.3398235,0.6752245,1.7682616,0.7420685,4.5765057,1.9517757,1.4912552,5.0337296,1.9228674,2.060029,2.5464325,2.1804998,2.2140927,3.8271286
2,60,61,49,0,1.0,-0.009533277,0.26,-0.23397364,0.0,-7.7240875e-06,-0.035551906,0.035551906,1.0,2.0,0.6,0.4592509,3.7221887,0.12187057,2.0516763,1.0,1.0,1.0,1.0,12.0,0.0,0.0,0.0,0.0,0.0,0.0,0,0.07114652,0.045617715,0.3489745,11.995927,7.5667634,2.9400508,4.0507784,2.5716686,3.2662208,0.0,4.556948,1.8528873,0.0,1.8406249,0.78668857,4.457383,2.001089,1.5500287,4.920917,1.9307189,2.0205424,2.7260125,2.2195292,2.1859121,4.0537076
3,60,61,48,0,1.0,0.047345802,0.28,-0.22217928,0.0,-8.623544e-06,-0.010466296,0.010466296,1.0,2.0,0.8,0.3849379,3.6572678,0.14722468,2.1255045,1.0,1.0,1.0,1.0,13.0,0.0,0.0,0.0,0.0,0.0,0.0,0,0.07537312,0.045890808,0.37458462,12.01331,7.6053786,3.350211,4.9875727,2.4489973,2.6681962,1.6246608,6.333489,1.757298,0.0,1.7859929,0.9372022,4.2700233,1.968923,1.7120265,4.796835,1.919546,2.013231,2.6658363,2.1904993,2.174196,3.9685938
0,61,62,48,0,1.0,-0.049171366,0.28,-0.27678353,0.0,-8.167643e-06,-0.052379675,0.052379675,1.0,2.0,0.8,0.41544437,4.1183705,0.14984296,2.5908623,1.0,1.0,1.0,1.0,14.0,0.0,0.0,0.0,0.0,0.0,0.0,0,0.072967626,0.047583785,0.3676999,11.937259,7.4078217,2.64239,4.475616,2.6335254,4.7554073,0.26978782,5.411468,1.3783014,1.7741606,1.7346531,0.70481,4.6394696,1.9460032,1.4713678,5.0742927,1.931122,2.0510569,2.5898352,2.1980567,2.2158754,3.9090137
1,61,62,50,0,1.0,-0.0855949,0.26,-0.28771323,0.0,-8.815943e-06,-0.057872843,0.057872843,1.0,2.0,0.6,0.42904758,3.9330494,0.16693512,2.8413017,1.0,1.0,1.0,1.0,12.0,0.0,0.0,0.0,0.0,0.0,0.0,0,0.07526602,0.046662297,0.37739885,11.480249,7.3431535,2.6430874,4.1063576,2.6834955,4.520358,0.41798013,5.556952,1.2914089,0.085041665,1.7688327,0.67769176,4.6441307,1.9588388,1.4626067,5.0911427,1.9263059,2.0667276,2.5202951,2.1851118,2.2183228,3.8054137
2,61,62,49,0,1.0,-0.01985312,0.26,-0.2359737,0.0,-7.5644675e-06,-0.043871846,0.043871846,1.0,2.0,0.6,0.4672513,3.6107378,0.11934975,2.1757305,1.0,1.0,1.0,1.0,13.0,0.0,0.0,0.0,0.0,0.0,0.0,0,0.070264176,0.046155013,0.35409963,12.030833,7.473501,3.0972166,4.039151,2.3969433,3.3591776,0.0,4.837065,1.8269227,0.0,1.8436912,0.7367689,4.5039573,2.0106483,1.5271374,4.958659,1.9316063,2.025523,2.7041361,2.219632,2.1899626,4.035266
3,61,62,48,0,1.0,0.029290842,0.28,-0.22910105,0.0,-8.783234e-06,-0.021599328,0.021599328,1.0,2.0,0.8,0.39996612,3.6922038,0.15823269,2.0988226,1.0,1.0,1.0,1.0,14.0,0.0,0.0,0.0,0.0,0.0,0.0,0,0.07576688,0.046510167,0.3770441,11.808233,7.87848,2.821357,4.9274774,2.5859818,2.665264,1.8301228,6.389101,2.1283803,0.0,1.7880507,0.870404,4.339328,1.9760631,1.6809751,4.857916,1.920005,2.0207152,2.6454554,2.1907275,2.1859653,3.9506078
0,62,63,48,0,1.0,-0.07045724,0.28,-0.28663588,0.0,-8.0096825e-06,-0.06381336,0.06381336,1.0,2.0,0.8,0.4293927,4.2112274,0.1475095,2.6369781,1.0,1.0,1.0,1.0,15.0,0.0,0.0,0.0,0.0,0.0,0.0,0,0.07235143,0.048125766,0.37165457,11.620941,7.308711,2.5853457,4.2841353,2.3447022,4.8762746,0.12016518,5.5213246,1.4643093,1.2342758,1.7344396,0.6513458,4.6956115,1.9502189,1.4486611,5.1211014,1.93239,2.059745,2.5549464,2.2030997,2.2202013,3.8792007
1,62,63,50,0,1.0,-0.10518639,0.26,-0.29463172,0.0,-8.164852e-06,-0.07054649,0.07054649,1.0,2.0,0.6,0.4442427,3.9184926,0.16597566,2.9230494,1.0,1.0,1.0,1.0,13.0,0.0,0.0,0.0,0.0,0.0,0.0,0,0.073651776,0.047308452,0.38267985,11.492831,7.3333397,2.7041893,4.0904207,3.1113782,4.8914332,0.49560368,5.1207595,1.1875027,0.2619898,1.7731607,0.6176237,4.705622,1.9683248,1.4386461,5.1441994,1.929389,2.0717256,2.499795,2.1883695,2.222196,3.7898314
2,62,63,49,0,1.0,-0.027239455,0.26,-0.23260944,0.0,-7.4718605e-06,-0.05462254,0.05462254,1.0,2.0,0.6,0.46713176,3.4508874,0.11083985,2.3114429,1.0,1.0,1.0,1.0,14.0,0.0,0.0,0.0,0.0,0.0,0.0,0,0.069678694,0.046670012,0.35921943,11.923287,8.093277,2.2461765,3.3947523,2.2931588,3.3191593,0.0,4.389568,1.8324244,0.0,1.8399175,0.67226475,4.565865,2.0116227,1.5009449,5.0108852,1.9324787,2.0335464,2.6757457,2.2187943,2.195369,4.0021634
3,62,63,48,0,1.0,0.01574869,0.28,-0.23149888,0.0,-8.64815e-06,-0.03274378,0.03274378,1.0,2.0,0.8,0.41094357,3.7406502,0.1730148,1.9695349,1.0,1.0,1.0,1.0,15.0,0.0,0.0,0.0,0.0,0.0,0.0,0,0.07525177,0.047127016,0.38050044,11.939091,7.3645444,2.9729698,4.3935785,2.383582,2.7189667,1.7067541,6.307386,1.4236706,0.0,1.7871767,0.8035373,4.403724,1.9805374,1.6530778,4.912693,1.9220315,2.024314,2.6243188,2.1961834,2.191324,3.9323926
0,63,64,48,0,1.0,-0.08362542,0.28,-0.2896679,0.0,-7.901025e-06,-0.07394961,0.07394961,1.0,2.0,0.8,0.43579015,4.230702,0.14780419,2.6446846,1.0,1.0,1.0,1.0,16.0,0.0,0.0,0.0,0.0,0.0,0.0,0,0.0720858,0.04866435,0.37704045,11.673899,6.8457837,3.1616433,4.1232457,3.0446944,4.9307246,0.09448626,5.8502045,1.1316867,1.3062689,1.7417454,0.5980838,4.749676,1.9692723,1.4373277,5.1667285,1.9334465,2.0627835,2.5380597,2.2061741,2.2245557,3.8693197
1,63,64,50,0,1.0,-0.11988938,0.26,-0.29938674,0.0,-8.132827e-06,-0.0804945,0.0804945,1.0,2.0,0.6,0.4566624,3.9284694,0.16312988,2.9603033,1.0,1.0,1.0,1.0,14.0,0.0,0.0,0.0,0.0,0.0,0.0,0,0.07294594,0.047951188,0.38795775,11.571503,7.127512,2.5764174,4.3954463,3.2005796,4.7645593,0.44741073,5.2787285,1.0728656,0.0,1.7765839,0.5660988,4.7579217,1.9807119,1.4264011,5.188674,1.9317031,2.0795233,2.4668083,2.1932337,2.22813,3.762724
2,63,64,49,0,1.0,-0.037669636,0.26,-0.23053275,0.0,-7.2512853e-06,-0.06712963,0.06712963,1.0,2.0,0.6,0.46698344,3.3230786,0.105891764,2.4232004,1.0,1.0,1.0,1.0,15.0,0.0,0.0,0.0,0.0,0.0,0.0,0,0.068546206,0.04715391,0.36430222,12.082707,8.0901985,2.196928,3.4547062,2.3145258,2.9930153,0.0,5.41575,1.4847267,0.0,1.8379436,0.6101802,4.6232266,2.0152693,1.4805629,5.0601563,1.9342303,2.0391426,2.6500442,2.2174482,2.2016883,3.9785597
3,63,64,48,0,1.0,0.009270176,0.28,-0.22586562,0.0,-8.453802e-06,-0.044855755,0.044855755,1.0,2.0,0.8,0.42011583,3.611605,0.18567786,1.8767384,1.0,1.0,1.0,1.0,16.0,0.0,0.0,0.0,0.0,0.0,0.0,0,0.07455419,0.04772562,0.3861861,11.884879,7.9513993,2.2045124,4.4835706,3.1046734,2.8273795,1.6473904,6.1836667,1.550152,0.0,1.7854866,0.7308655,4.474132,1.9830005,1.6161873,4.9722996,1.923693,2.0311713,2.5972524,2.1993804,2.1998792,3.9038255
0,64,65,48,0,1.0,-0.101236016,0.28,-0.29701227,0.0,-7.75818e-06,-0.08421599,0.08421599,1.0,2.0,0.8,0.44666967,4.2768955,0.15029918,2.6785052,1.0,1.0,1.0,1.0,17.0,0.0,0.0,0.0,0.0,0.0,0.0,0,0.07135695,0.049189772,0.3823565,11.415462,6.4566627,3.1084723,3.9845996,2.714712,4.616539,0.09751971,6.135616,1.3097159,0.8332216,1.7479457,0.54296106,4.8079267,1.9855129,1.4276145,5.2168565,1.9365118,2.0673475,2.5151207,2.207632,2.22979,3.8489923
1,64,65,50,0,1.0,-0.11497808,0.28,-0.30469567,0.0,-8.030908e-06,-0.090274386,0.090274386,1.0,2.0,0.8,0.46653804,3.9182928,0.1621563,3.0321474,1.0,1.0,1.0,1.0,15.0,0.0,0.0,0.0,0.0,0.0,0.0,0,0.07251184,0.048577055,0.39324793,11.364769,6.9410524,2.958351,4.2813263,2.986631,4.690699,0.61617255,5.2851615,0.77433217,0.0,1.7844688,0.51342773,4.8088427,1.9976186,1.4173889,5.23276,1.9342847,2.084861,2.4411871,2.19555,2.2324383,3.7422423
2,64,65,49,0,1.0,-0.046800204,0.26,-0.2289669,0.0,-7.024422e-06,-0.07782626,0.07782626,1.0,2.0,0.6,0.46613845,3.2070408,0.105170034,2.5157545,1.0,1.0,1.0,1.0,16.0,0.0,0.0,0.0,0.0,0.0,0.0,0,0.06756431,0.04762782,0.36935377,12.315829,8.07334,2.4002323,3.2425864,2.1649694,2.9695075,0.0,5.3536816,1.3286682,0.0,1.8354774,0.55685824,4.671856,2.0175154,1.4642762,5.103333,1.9351863,2.0462677,2.6196487,2.2176263,2.207767,3.9463773
3,64,65,48,0,1.0,-0.0027852096,0.28,-0.22655381,0.0,-8.22994e-06,-0.05622317,0.05622317,1.0,2.0,0.8,0.42814755,3.5380282,0.19720541,1.8662829,1.0,1.0,1.0,1.0,17.0,0.0,0.0,0.0,0.0,0.0,0.0,0,0.07352844,0.048317052,0.39178565,12.352044,7.640753,1.8038833,4.261586,2.178615,2.7407856,1.403858,5.133044,1.709058,0.0,1.7859306,0.66266096,4.5376697,1.989014,1.585459,5.024755,1.9255235,2.0394592,2.5558465,2.2031152,2.2045598,3.850896
0,65,66,48,0,1.0,-0.12053945,0.28,-0.3060189,0.0,-7.664293e-06,-0.094512895,0.094512895,1.0,2.0,0.8,0.46220696,4.296254,0.15478036,2.7391872,1.0,1.0,1.0,1.0,18.0,0.0,0.0,0.0,0.0,0.0,0.0,0,0.07093228,0.049707986,0.38763577,11.133794,6.456095,3.1812944,3.8824239,3.0972188,4.542415,0.0,6.9123287,1.0927876,0.809386,1.7544385,0.48792398,4.8669004,2.0022328,1.4174979,5.2687597,1.9381821,2.0681098,2.5052674,2.2086787,2.2321658,3.8468792
1,65,66,50,0,1.0,-0.14670336,0.26,-0.30704004,0.0,-8.186866e-06,-0.09965514,0.09965514,1.0,2.0,0.6,0.4741779,3.9455695,0.15869673,3.0308566,1.0,1.0,1.0,1.0,16.0,0.0,0.0,0.0,0.0,0.0,0.0,0,0.07303339,0.049191207,0.39879873,11.395372,6.583325,3.161736,4.4815903,2.7321339,4.1266785,0.46583766,6.29242,1.0350285,0.0,1.7910738,0.46107584,4.860751,2.0134976,1.4114901,5.276773,1.9360735,2.0899997,2.410429,2.1965199,2.2385502,3.7186594
2,65,66,49,0,1.0,-0.05458503,0.26,-0.22762309,0.0,-6.9014036e-06,-0.086955026,0.086955026,1.0,2.0,0.6,0.46695074,3.1454287,0.10542768,2.545141,1.0,1.0,1.0,1.0,17.0,0.0,0.0,0.0,0.0,0.0,0.0,0,0.066916846,0.04809418,0.37434462,12.482331,8.252607,1.6474565,3.7350433,2.4421442,2.8190868,0.0,5.9320006,1.4499958,0.0,1.8326952,0.50858593,4.7173643,2.0203779,1.4545258,5.144213,1.9361354,2.052892,2.5962532,2.2198398,2.212873,3.9171078
3,65,66,48,0,1.0,-0.009964049,0.28,-0.22094257,0.0,-7.958594e-06,-0.06901352,0.06901352,1.0,2.0,0.8,0.43168458,3.398544,0.20717564,1.8260055,1.0,1.0,1.0,1.0,18.0,0.0,0.0,0.0,0.0,0.0,0.0,0,0.07255834,0.04888972,0.39720201,11.646376,7.9149575,1.6710399,3.6966684,2.3320448,2.7985144,1.6560622,6.100738,1.460017,0.0,1.7860215,0.5859189,4.6083803,1.9953523,1.555734,5.0837927,1.9267656,2.0452938,2.5225685,2.2050407,2.2109396,3.8164763
0,66,67,48,0,1.0,-0.16392724,0.26,-0.317124,0.0,-7.568014e-06,-0.10679565,0.10679565,1.0,2.0,0.6,0.48348674,4.3376017,0.15671615,2.8038633,1.0,1.0,1.0,1.0,19.0,0.0,0.0,0.0,0.0,0.0,0.0,0,0.07020523,0.05020364,0.39289746,10.588153,6.472236,2.5529993,3.1324084,2.8197746,4.4764214,0.0244055,6.3807425,1.3713403,0.2674222,1.7603774,0.42315647,4.935772,2.0169187,1.4041044,5.329354,1.9384288,2.0770164,2.4741464,2.2104669,2.238898,3.817196
1,66,67,50,0,1.0,-0.14676133,0.28,-0.31577092,0.0,-7.82259e-06,-0.11098258,0.11098258,1.0,2.0,0.8,0.48604077,3.9677289,0.15850607,3.1249552,1.0,1.0,1.0,1.0,17.0,0.0,0.0,0.0,0.0,0.0,0.0,0,0.07168469,0.049790826,0.40401408,11.038202,6.839879,2.5016565,3.657194,3.0703428,4.085458,0.52450085,5.4032702,1.0056956,0.0,1.7944634,0.4012022,4.9214287,2.0250711,1.3993534,5.329077,1.9377007,2.09739,2.3794613,2.198546,2.2436862,3.6871378
2,66,67,49,0,1.0,-0.06468465,0.26,-0.22847663,0.0,-6.759432e-06,-0.096201256,0.096201256,1.0,2.0,0.6,0.47186357,3.125957,0.109672055,2.5358975,1.0,1.0,1.0,1.0,18.0,0.0,0.0,0.0,0.0,0.0,0.0,0,0.06622635,0.04855115,0.37932032,12.525368,8.2985115,1.4609694,3.9945793,2.2966316,2.900959,0.0,5.615291,1.082502,0.0,1.8323343,0.46197474,4.762579,2.025995,1.4412266,5.182867,1.936692,2.0577402,2.5761983,2.2246926,2.2169979,3.8961642
3,66,67,48,0,1.0,-0.020327687,0.28,-0.21907221,0.0,-7.793073e-06,-0.08124769,0.08124769,1.0,2.0,0.8,0.4334317,3.2511606,0.22138685,1.8561898,1.0,1.0,1.0,1.0,19.0,0.0,0.0,0.0,0.0,0.0,0.0,0,0.07179556,0.04944615,0.40255022,12.006681,7.735823,2.0342367,3.7887301,2.0606985,2.5793006,1.6113368,5.5343804,1.1176058,0.0,1.7833438,0.5125139,4.675726,1.9983673,1.5342782,5.141897,1.9279375,2.0534403,2.4837322,2.2072332,2.2171237,3.767042
0,67,68,48,0,1.0,-0.1847449,0.26,-0.32694125,0.0,-7.2172543e-06,-0.117796406,0.117796406,1.0,2.0,0.6,0.49816865,4.3390455,0.15889348,2.9144678,1.0,1.0,1.0,1.0,20.0,0.0,0.0,0.0,0.0,0.0,0.0,0,0.06942663,0.050782558,0.39763707,10.607839,6.055247,3.1088042,3.3267753,2.3113248,4.71402,0.23885232,5.4807615,0.9480478,0.0,1.7688439,0.36212206,4.9982862,2.0349662,1.3966492,5.382839,1.9387841,2.0849698,2.4466865,2.213017,2.2442205,3.7876234
1,67,68,50,0,1.0,-0.1657626,0.28,-0.32303375,0.0,-7.869926e-06,-0.12272098,0.12272098,1.0,2.0,0.8,0.4968884,3.9550815,0.15917106,3.2252953,1.0,1.0,1.0,1.0,18.0,0.0,0.0,0.0,0.0,0.0,0.0,0,0.07147188,0.05036696,0.40945393,10.900228,6.835405,2.1413732,3.5391896,3.327649,4.0698786,0.5506623,5.1146774,0.77127886,0.0,1.7976489,0.3365293,4.9864464,2.0351527,1.3907171,5.386253,1.9392155,2.1049955,2.3479679,2.2003267,2.249605,3.6552296
2,67,68,49,0,1.0,-0.07537035,0.26,-0.22759314,0.0,-6.705056e-06,-0.107770495,0.107770495,1.0,2.0,0.6,0.47494572,3.121697,0.1106819,2.5020268,1.0,1.0,1.0,1.0,19.0,0.0,0.0,0.0,0.0,0.0,0.0,0,0.065899126,0.048997592,0.3842618,12.52965,8.488585,1.2323087,3.4787927,2.1354654,2.7510476,0.0,6.1767416,1.2564814,0.0,1.8299057,0.4025899,4.818757,2.0299883,1.4261806,5.231044,1.9374348,2.064319,2.5488362,2.2254164,2.2239332,3.8615112
3,67,68,48,0,1.0,-0.04006052,0.28,-0.22872497,0.0,-7.65811e-06,-0.09132789,0.09132789,1.0,2.0,0.8,0.43624216,3.1773698,0.2378383,2.0267267,1.0,1.0,1.0,1.0,20.0,0.0,0.0,0.0,0.0,0.0,0.0,0,0.07122239,0.05000635,0.4077543,12.596484,9.030466,1.6790448,3.526131,1.8468224,2.9270918,1.6199337,5.5039587,1.2897432,0.0,1.775423,0.4520327,4.731964,1.9977376,1.5256101,5.19251,1.9298285,2.0631113,2.4341226,2.207277,2.2210908,3.698847
0,68,69,48,0,1.0,-0.20180643,0.26,-0.3346489,0.0,-7.262664e-06,-0.12715024,0.12715024,1.0,2.0,0.6,0.50691867,4.3737288,0.16376081,2.9658508,1.0,1.0,1.0,1.0,21.0,0.0,0.0,0.0,0.0,0.0,0.0,0,0.069341026,0.051360738,0.40237445,10.285089,6.2973337,2.4674528,3.373814,3.4244523,4.3431096,0.0022501873,6.7672443,1.1504474,0.0,1.7717172,0.30613542,5.0582023,2.0470827,1.3964448,5.4357233,1.9404106,2.0887718,2.4285345,2.2124696,2.2503014,3.772211
1,68,69,50,0,1.0,-0.20392203,0.26,-0.33013666,0.0,-7.697966e-06,-0.13377766,0.13377766,1.0,2.0,0.6,0.5051735,3.9622002,0.15968488,3.31624,1.0,1.0,1.0,1.0,19.0,0.0,0.0,0.0,0.0,0.0,0.0,0,0.07043967,0.050922684,0.4148824,10.788027,6.9425783,1.7830285,3.4911196,3.811385,3.8445091,0.4626181,5.1951327,0.93710977,0.0,1.8007953,0.27298108,5.050493,2.045062,1.3865294,5.4426303,1.9404106,2.1130576,2.3149648,2.1991026,2.2573266,3.6201413
2,68,69,49,0,1.0,-0.09556335,0.26,-0.23763691,0.0,-6.5193126e-06,-0.117919914,0.117919914,1.0,2.0,0.6,0.4869419,3.1923625,0.110964164,2.570845,1.0,1.0,1.0,1.0,20.0,0.0,0.0,0.0,0.0,0.0,0.0,0,0.0649611,0.049436525,0.38911405,12.10987,8.260968,1.3428679,3.4072602,2.2408476,3.0415025,0.0,5.12451,1.4954515,0.0,1.8322028,0.34627616,4.8754873,2.039661,1.4193065,5.279071,1.936885,2.075769,2.508992,2.2298043,2.228944,3.8029325
3,68,69,48,0,1.0,-0.0622921,0.28,-0.24166118,0.0,-7.510016e-06,-0.100623414,0.100623414,1.0,2.0,0.8,0.4400005,3.2055762,0.25537604,2.1507642,1.0,1.0,1.0,1.0,21.0,0.0,0.0,0.0,0.0,0.0,0.0,0,0.07059295,0.05057108,0.4128988,12.529243,8.143097,1.7390459,3.8789167,2.0485737,2.724642,1.9320724,5.4191647,1.3487729,0.0,1.7741282,0.3962595,4.783723,2.0046093,1.5235101,5.2371407,1.9320176,2.0704978,2.3927479,2.2080157,2.2255046,3.6428616
0,69,70,48,0,1.0,-0.2171013,0.26,-0.34407943,0.0,-7.099479e-06,-0.13301477,0.13301477,1.0,2.0,0.6,0.5232693,4.392305,0.15954489,3.0752122,1.0,1.0,1.0,1.0,22.0,0.0,0.0,0.0,0.0,0.0,0.0,0,0.06841536,0.05191843,0.40713078,10.043993,6.1654086,2.1737378,3.2540593,3.2735322,4.283797,0.092979915,6.029657,1.0963496,0.0,1.7756816,0.26802903,5.0999084,2.0588772,1.4008235,5.4750037,1.9412004,2.0974762,2.394133,2.2140167,2.2554235,3.732356
1,69,70,50,0,1.0,-0.20989516,0.26,-0.33370394,0.0,-7.367188e-06,-0.13618384,0.13618384,1.0,2.0,0.6,0.5118712,3.983482,0.15754612,3.3435097,1.0,1.0,1.0,1.0,20.0,0.0,0.0,0.0,0.0,0.0,0.0,0,0.068791345,0.05145196,0.42001903,10.580876,6.7864833,2.0777156,3.809374,3.6279325,3.5680194,0.35098583,6.2749734,0.88537633,0.0,1.8037833,0.24901628,5.0719757,2.0570867,1.400821,5.4651823,1.9411855,2.1179936,2.290804,2.1985,2.2641723,3.598802
2,69,70,49,0,1.0,-0.11417214,0.26,-0.24696247,0.0,-6.4628975e-06,-0.1272032,0.1272032,1.0,2.0,0.6,0.49756467,3.2746713,0.11639357,2.594787,1.0,1.0,1.0,1.0,21.0,0.0,0.0,0.0,0.0,0.0,0.0,0,0.064557336,0.04987154,0.3938713,12.015462,7.948448,1.89312,3.312741,2.1598635,2.730257,0.0,5.4814644,1.0549048,0.0,1.8373244,0.29254928,4.932856,2.053755,1.4163474,5.3261585,1.9372016,2.0819573,2.4762704,2.2307189,2.2358656,3.77189
3,69,70,48,0,1.0,-0.092358954,0.28,-0.26315445,0.0,-7.462889e-06,-0.10919704,0.10919704,1.0,2.0,0.8,0.44622627,3.2429643,0.26904145,2.443786,1.0,1.0,1.0,1.0,22.0,0.0,0.0,0.0,0.0,0.0,0.0,0,0.07042299,0.051140614,0.41793877,12.15797,8.072636,1.7684519,3.724468,1.9647989,2.9379735,1.7293408,4.8240685,0.74058294,0.0,1.7760653,0.3448177,4.8334513,2.0148723,1.5139923,5.278312,1.9337847,2.0786853,2.348739,2.2060933,2.2304165,3.5860267
0,70,71,48,0,1.0,-0.22900608,0.26,-0.35369092,0.0,-7.001176e-06,-0.13530815,0.13530815,1.0,2.0,0.6,0.53439194,4.3921266,0.15567482,3.231357,1.0,1.0,1.0,1.0,23.0,0.0,0.0,0.0,0.0,0.0,0.0,0,0.06775691,0.052473377,0.41185644,10.853231,7.8838296,2.4332664,2.958837,3.3829699,4.751613,0.31334344,5.5404086,0.68166524,0.0,1.777738,0.24602003,5.1228495,2.0690496,1.4131966,5.497031,1.9418485,2.106283,2.3583539,2.2155633,2.2608812,3.6956358
1,70,71,50,0,1.0,-0.20510498,0.28,-0.34655118,0.0,-7.2787593e-06,-0.13854651,0.13854651,1.0,2.0,0.8,0.522715,4.000738,0.16137862,3.5098164,1.0,1.0,1.0,1.0,21.0,0.0,0.0,0.0,0.0,0.0,0.0,0,0.06851641,0.051992852,0.42510846,10.556214,6.6881113,1.5531449,3.5076137,3.546769,3.5277822,0.64208037,3.1266732,0.6448801,0.0,1.8065081,0.2285175,5.0925865,2.0669053,1.4103051,5.484948,1.9426048,2.1290393,2.237238,2.201794,2.2698143,3.5396342
2,70,71,49,0,1.0,-0.13143879,0.26,-0.25512516,0.0,-6.344774e-06,-0.13630727,0.13630727,1.0,2.0,0.6,0.50777125,3.3385894,0.12154857,2.6173136,1.0,1.0,1.0,1.0,22.0,0.0,0.0,0.0,0.0,0.0,0.0,0,0.06399203,0.05029986,0.39850223,11.930553,8.060123,1.675355,3.097169,2.599311,2.8613627,0.0,6.1937127,1.0113496,0.0,1.840584,0.23730993,4.993449,2.0652819,1.4172697,5.377302,1.937943,2.0860837,2.4593427,2.2368135,2.2386854,3.7474144
3,70,71,48,0,1.0,-0.113528475,0.28,-0.27367866,0.0,-7.4427635e-06,-0.11984237,0.11984237,1.0,2.0,0.8,0.45099682,3.305601,0.27969548,2.5145094,1.0,1.0,1.0,1.0,23.0,0.0,0.0,0.0,0.0,0.0,0.0,0,0.0701916,0.05170905,0.4229251,11.895249,8.466012,1.6421732,3.3247445,2.044873,2.797462,1.9428613,5.1637764,0.9108896,0.0,1.7771211,0.28094575,4.897165,2.0250468,1.5068936,5.3302283,1.9342475,2.0852797,2.3179278,2.205942,2.2368193,3.5431814
0,71,72,48,0,1.0,-0.23766255,0.26,-0.36110967,0.0,-6.829367e-06,-0.13654605,0.13654605,1.0,2.0,0.6,0.5339521,4.497454,0.15077597,3.3010986,1.0,1.0,1.0,1.0,24.0,0.0,0.0,0.0,0.0,0.0,0.0,0,0.066733696,0.05300199,0.41657102,10.036893,6.4840326,2.2342296,3.3966045,3.2740319,4.25675,0.2562966,5.784777,0.98329747,0.0,1.7771218,0.22532605,5.143614,2.0756676,1.4330964,5.5183196,1.9432299,2.1160767,2.3143783,2.2148886,2.2694252,3.6450896
1,71,72,50,0,1.0,-0.24067065,0.26,-0.36024332,0.0,-7.3288625e-06,-0.14041999,0.14041999,1.0,2.0,0.6,0.5277735,4.0165567,0.17072703,3.6958063,1.0,1.0,1.0,1.0,22.0,0.0,0.0,0.0,0.0,0.0,0.0,0,0.06807791,0.052514292,0.4303915,10.614464,6.666712,1.7325971,3.6484957,3.6310716,3.495185,0.47272402,2.9637575,0.58097994,0.0,1.8077217,0.20758994,5.1129665,2.0772414,1.4248351,5.5056853,1.944799,2.1397858,2.178958,2.1965492,2.2787793,3.4741454
2,71,72,49,0,1.0,-0.15152408,0.26,-0.26793307,0.0,-6.21666e-06,-0.14358479,0.14358479,1.0,2.0,0.6,0.5214764,3.4429388,0.12479942,2.6843436,1.0,1.0,1.0,1.0,23.0,0.0,0.0,0.0,0.0,0.0,0.0,0,0.063288376,0.05072011,0.40306857,11.516143,8.095653,1.2755398,3.1523755,2.545425,3.1517034,0.0,5.1423287,0.6767182,0.0,1.8434644,0.19028261,5.0464044,2.0762515,1.4223131,5.423232,1.936902,2.0959406,2.4261222,2.241385,2.2458963,3.7003272
3,71,72,48,0,1.0,-0.13951367,0.28,-0.28987467,0.0,-7.297144e-06,-0.1296317,0.1296317,1.0,2.0,0.8,0.4611944,3.3740404,0.29693225,2.632819,1.0,1.0,1.0,1.0,24.0,0.0,0.0,0.0,0.0,0.0,0.0,0,0.06957372,0.052272122,0.4278557,11.742488,8.332518,1.426188,3.344908,2.4532576,2.6119983,1.5676523,4.559129,0.6343763,0.0,1.7817657,0.22220984,4.959392,2.0390732,1.5055171,5.380751,1.9352652,2.0931735,2.2828958,2.2050986,2.2437239,3.4926817
0,72,73,48,0,1.0,-0.24883689,0.26,-0.36992055,0.0,-6.824171e-06,-0.1389095,0.1389095,1.0,2.0,0.6,0.54503447,4.508929,0.1490194,3.4192111,1.0,1.0,1.0,1.0,25.0,0.0,0.0,0.0,0.0,0.0,0.0,0,0.066660345,0.05353838,0.42123225,9.898002,6.3785176,1.9796191,3.0725288,3.3182862,4.1362977,0.18034822,5.6709075,0.6394246,0.0,1.7804,0.2059821,5.166488,2.0876744,1.4408412,5.539631,1.9439168,2.1234653,2.2904544,2.2159371,2.2754655,3.6134324
1,72,73,50,0,1.0,-0.26680315,0.26,-0.38468218,0.0,-7.1054856e-06,-0.14211383,0.14211383,1.0,2.0,0.6,0.5276534,4.06133,0.19530319,4.017531,1.0,1.0,1.0,1.0,23.0,0.0,0.0,0.0,0.0,0.0,0.0,0,0.067027226,0.053015463,0.43541896,10.694713,8.091293,1.6865093,3.3933122,3.041153,4.962965,0.759869,2.6770957,0.21345422,0.0,1.8074304,0.18795319,5.134227,2.0858428,1.4390457,5.5256596,1.9467272,2.151794,2.1238341,2.1902092,2.2894132,3.4005463
2,72,73,49,0,1.0,-0.1699004,0.26,-0.28426564,0.0,-6.126187e-06,-0.14562863,0.14562863,1.0,2.0,0.6,0.5354207,3.5245059,0.12859055,2.8407507,1.0,1.0,1.0,1.0,24.0,0.0,0.0,0.0,0.0,0.0,0.0,0,0.062655896,0.051141582,0.40751705,11.541256,7.8878427,1.89145,2.8425684,2.5077782,3.257721,0.0,5.135175,0.54142356,0.0,1.8471371,0.16996004,5.0712743,2.088697,1.4344022,5.4467807,1.9362472,2.1067522,2.384574,2.2425232,2.2538767,3.6427724
3,72,73,48,0,1.0,-0.16597474,0.28,-0.30968404,0.0,-7.1863988e-06,-0.13628352,0.13628352,1.0,2.0,0.8,0.47104242,3.4997654,0.3105526,2.785939,1.0,1.0,1.0,1.0,25.0,0.0,0.0,0.0,0.0,0.0,0.0,0,0.06884565,0.05283023,0.43268713,11.066718,8.331364,1.0546058,3.550267,2.4058795,2.4839542,1.7143162,4.947517,1.2132676,0.0,1.784759,0.18229894,5.0038533,2.050869,1.514789,5.4177527,1.9367188,2.1019108,2.235236,2.2033286,2.2515883,3.4335792
0,73,74,48,0,1.0,-0.27950653,0.24000001,-0.37877804,0.0,-6.7164174e-06,-0.14072178,0.14072178,1.0,2.0,0.4,0.5568491,4.502326,0.14926325,3.5426714,1.0,1.0,0.0,1.0,0.0,0.0,0.0,0.0,0.0,0.0,0.0,0,0.06596402,0.054058384,0.42589638,10.109825,6.3176336,2.2344832,3.342126,4.0225725,4.3010793,0.31303647,5.542026,0.39702228,0.0,1.7848082,0.18618107,5.1897154,2.1013265,1.4542323,5.5611777,1.9445121,2.1292613,2.2689588,2.2186487,2.280087,3.590697
1,73,74,50,0,1.0,-0.30697587,0.24000001,-0.40320677,0.0,-7.2780545e-06,-0.14376184,0.14376184,1.0,2.0,0.4,0.5247106,4.090907,0.21243493,4.287499,1.0,1.0,0.0,1.0,0.0,0.0,0.0,0.0,0.0,0.0,0.0,0,0.06776596,0.05351086,0.44082806,10.489261,6.8556256,1.8971837,3.5183141,3.072218,4.606095,0.30231,2.2686555,0.32099584,0.0,1.8042494,0.16865917,5.15606,2.0886374,1.4531546,5.546484,1.9504912,2.1633365,2.078849,2.1815817,2.2997344,3.329256
2,73,74,49,0,1.0,-0.18313006,0.26,-0.29594618,0.0,-6.0542807e-06,-0.14717782,0.14717782,1.0,2.0,0.6,0.5485357,3.5649192,0.13322653,2.9451926,1.0,1.0,1.0,1.0,25.0,0.0,0.0,0.0,0.0,0.0,0.0,0,0.062316466,0.051558714,0.4118437,11.671704,8.092254,1.6321383,3.1906867,3.067604,2.9285333,0.09694681,5.098576,0.8926231,0.0,1.8491145,0.15190691,5.093973,2.0992727,1.4475393,5.468788,1.9360297,2.1146812,2.347354,2.2426934,2.2614832,3.601239
3,73,74,48,0,1.0,-0.18682654,0.28,-0.32722753,0.0,-7.082554e-06,-0.13959193,0.13959193,1.0,2.0,0.8,0.47913378,3.5622833,0.32748425,2.9491765,1.0,1.0,1.0,1.0,26.0,0.0,0.0,0.0,0.0,0.0,0.0,0,0.06833981,0.053401843,0.43744987,11.337761,8.165539,0.99489045,3.272678,2.5791876,2.3853312,1.5717355,4.8166003,1.1372397,0.0,1.7871436,0.16244836,5.0246105,2.064606,1.5304265,5.44044,1.9396796,2.108609,2.196075,2.2043428,2.25618,3.3764877
0,74,75,48,0,1.0,-0.27577543,0.26,-0.39267784,0.0,-6.695367e-06,-0.1430909,0.1430909,1.0,2.0,0.6,0.5661827,4.572036,0.13998495,3.750682,1.0,1.0,1.0,1.0,1.0,0.0,0.0,0.0,0.0,0.0,0.0,0,0.06620993,0.054528505,0.4308461,10.321635,6.4681354,2.2836854,3.1311328,3.233711,3.8659513,0.6542757,3.0596755,0.47298712,0.0,1.7875459,0.1663845,5.2120223,2.1114788,1.4626051,5.5816455,1.946795,2.143289,2.19495,2.2153494,2.288102,3.4974616
1,74,75,50,0,1.0,-0.31786132,0.24000001,-0.4127987,0.0,-6.964007e-06,-0.14505568,0.14505568,1.0,2.0,0.4,0.5225451,4.06345,0.21922328,4.4836817,1.0,1.0,0.0,1.0,0.0,0.0,0.0,0.0,0.0,0.0,0.0,0,0.06713312,0.053964354,0.4460553,10.797242,7.592965,1.7085639,3.2506297,3.032117,4.4769087,0.10013539,2.0894303,0.21403624,0.0,1.7988268,0.15091524,5.178995,2.091372,1.4681259,5.568565,1.952672,2.1706133,2.072233,2.177222,2.3086748,3.3112042
2,74,75,49,0,1.0,-0.20217055,0.26,-0.31323826,0.0,-5.9685567e-06,-0.14892632,0.14892632,1.0,2.0,0.6,0.5633267,3.6068337,0.14256757,3.1284602,1.0,1.0,1.0,1.0,26.0,0.0,0.0,0.0,0.0,0.0,0.0,0,0.06189961,0.051975727,0.41613337,11.358965,8.226314,1.3021451,3.159981,2.602491,3.0760057,0.112305604,4.3908,0.79850954,0.0,1.8507656,0.13377368,5.118111,2.10908,1.4590026,5.490807,1.9367307,2.1240563,2.3121915,2.246731,2.2681615,3.5503976
3,74,75,48,0,1.0,-0.22663234,0.26,-0.34383464,0.0,-6.971747e-06,-0.14279072,0.14279072,1.0,2.0,0.6,0.48646602,3.6159375,0.34577468,3.0995522,1.0,1.0,1.0,1.0,27.0,0.0,0.0,0.0,0.0,0.0,0.0,0,0.06757758,0.05396695,0.4421206,10.887813,8.096132,1.624009,3.352939,2.3705482,2.8227978,1.3591478,4.262573,0.4626901,0.0,1.7894555,0.14325567,5.0459847,2.0793579,1.5459217,5.4602513,1.9420475,2.1157556,2.1502235,2.206006,2.26165,3.3215754
0,75,76,48,0,1.0,-0.31094587,0.24000001,-0.40580314,0.0,-6.6271036e-06,-0.14513612,0.14513612,1.0,2.0,0.4,0.57264286,4.592538,0.14267053,3.9469578,1.0,1.0,0.0,1.0,0.0,0.0,0.0,0.0,0.0,0.0,0.0,0,0.06556586,0.05498719,0.43588278,10.585476,6.484698,2.1773925,3.478021,4.1237144,3.5412846,0.22593358,2.9641578,0.34455052,0.0,1.7904739,0.14730357,5.2333465,2.121194,1.4728194,5.601853,1.9492037,2.1540768,2.134435,2.2101033,2.2967935,3.4213846
1,75,76,50,0,1.0,-0.29496574,0.26,-0.4086576,0.0,-6.7438286e-06,-0.14630136,0.14630136,1.0,2.0,0.6,0.5226997,4.001325,0.20981035,4.509276,1.0,1.0,1.0,1.0,1.0,0.0,0.0,0.0,0.0,0.0,0.0,0,0.06631059,0.054404344,0.45118546,10.503253,7.00682,1.5165573,3.4967847,3.259519,4.1600866,0.19305801,2.043387,0.8108998,0.0,1.7974548,0.13399199,5.1995983,2.0997992,1.4822998,5.5893216,1.9524843,2.1738834,2.069872,2.1768913,2.3143039,3.3140037
2,75,76,49,0,1.0,-0.20869498,0.28,-0.33812106,0.0,-5.89081e-06,-0.15056804,0.15056804,1.0,2.0,0.8,0.57742184,3.675629,0.15298769,3.434744,1.0,1.0,1.0,1.0,27.0,0.0,0.0,0.0,0.0,0.0,0.0,0,0.061610315,0.052378893,0.42039412,11.232192,8.082488,1.6759429,3.0607145,2.5525718,3.4580557,0.6516362,2.809783,0.7359753,0.0,1.8542178,0.1156088,5.1432815,2.1218739,1.4714745,5.5124316,1.940243,2.1370263,2.2475579,2.2434225,2.2780142,3.4778044
3,75,76,48,0,1.0,-0.22771749,0.28,-0.36200052,0.0,-7.0974543e-06,-0.14570986,0.14570986,1.0,2.0,0.8,0.4918789,3.6966531,0.35605127,3.303706,1.0,1.0,1.0,1.0,28.0,0.0,0.0,0.0,0.0,0.0,0.0,0,0.06793186,0.054534018,0.44682118,10.991068,8.201788,1.1357379,3.4006693,2.4445913,7.2389445,1.5076802,2.525603,0.65035266,0.0,1.7910156,0.12574084,5.067323,2.0905035,1.5619371,5.4813147,1.9436226,2.1280289,2.093576,2.202955,2.2717404,3.2448628
0,76,77,48,0,1.0,-0.3240258,0.24000001,-0.41684765,0.0,-6.4022975e-06,-0.14717178,0.14717178,1.0,2.0,0.4,0.57737625,4.610233,0.14334357,4.1231203,1.0,1.0,0.0,1.0,0.0,0.0,0.0,0.0,0.0,0.0,0.0,0,0.06447702,0.055419,0.44065678,10.248807,6.53314,1.7289957,3.312778,3.5278409,3.5536263,0.3495628,2.7605934,0.0,0.0,1.7930374,0.12874752,5.2557263,2.1316805,1.4823327,5.622554,1.9505769,2.1664612,2.0770006,2.2060246,2.3068504,3.343612
1,76,77,50,0,1.0,-0.29947013,0.26,-0.411416,0.0,-6.479007e-06,-0.14804764,0.14804764,1.0,2.0,0.6,0.53450155,3.9300628,0.2084167,4.583665,1.0,1.0,1.0,1.0,2.0,0.0,0.0,0.0,0.0,0.0,0.0,0,0.06447921,0.054827966,0.45619246,10.510867,7.0513153,1.3798695,3.2552493,3.4010375,3.0164058,0.1486571,2.1624088,0.7191563,0.0,1.7971687,0.11672974,5.222004,2.1100166,1.4924767,5.6110134,1.9537642,2.1783106,2.0658665,2.175722,2.3202279,3.3148124
2,76,77,49,0,1.0,-0.24984989,0.26,-0.357624,0.0,-5.992164e-06,-0.15221989,0.15221989,1.0,2.0,0.6,0.58762604,3.7146096,0.16870837,3.6561966,1.0,1.0,1.0,1.0,28.0,0.0,0.0,0.0,0.0,0.0,0.0,0,0.0614229,0.05279159,0.42491522,11.319115,8.114398,1.5081104,3.0482218,2.6976085,3.3971457,0.553026,2.6502492,0.37492314,0.0,1.8565311,0.09831712,5.16761,2.1330194,1.4825453,5.5334406,1.9438095,2.1468923,2.1896937,2.2404158,2.287212,3.4192364
3,76,77,48,0,1.0,-0.24712038,0.28,-0.37847465,0.0,-6.79279e-06,-0.14863893,0.14863893,1.0,2.0,0.8,0.5014168,3.6883852,0.36888257,3.5296106,1.0,1.0,1.0,1.0,29.0,0.0,0.0,0.0,0.0,0.0,0.0,0,0.06655826,0.055072647,0.45138273,11.228713,8.200725,1.1794888,3.1128607,2.467489,7.374177,1.2700486,2.535562,0.8256919,0.0,1.7921653,0.10816641,5.088025,2.1033523,1.575713,5.502045,1.9467033,2.1331809,2.0881646,2.2009225,2.2774477,3.2313895
0,77,78,48,0,1.0,-0.3266721,0.24000001,-0.417454,0.0,-6.3444913e-06,-0.14921176,0.14921176,1.0,2.0,0.4,0.58506304,4.5713506,0.13859971,4.1594157,1.0,1.0,0.0,1.0,0.0,0.0,0.0,0.0,0.0,0.0,0.0,0,0.064060606,0.055845715,0.4454159,10.056357,6.574438,1.494615,3.3564713,3.6707807,3.2977166,0.0,2.6535723,0.38992852,0.0,1.793481,0.11149235,5.2803607,2.140112,1.4898556,5.644351,1.9504778,2.1697686,2.0736358,2.202915,2.312063,3.3376377
1,77,78,50,0,1.0,-0.3177574,0.24000001,-0.40758824,0.0,-6.4596675e-06,-0.1501627,0.1501627,1.0,2.0,0.4,0.5393398,3.8653913,0.20099683,4.5846896,1.0,1.0,0.0,1.0,0.0,0.0,0.0,0.0,0.0,0.0,0.0,0,0.06406632,0.055258553,0.46123186,10.61445,6.9048915,1.9867876,3.172312,2.8206015,3.0323215,0.077166006,2.115385,0.28742835,0.0,1.7963376,0.099023804,5.241797,2.1211631,1.5060047,5.6326704,1.953689,2.1819851,2.0628371,2.1759403,2.3266006,3.3183675
2,77,78,49,0,1.0,-0.29097956,0.24000001,-0.37732178,0.0,-6.053718e-06,-0.15365173,0.15365173,1.0,2.0,0.4,0.593282,3.7893038,0.1787327,3.8970578,1.0,1.0,0.0,1.0,0.0,0.0,0.0,0.0,0.0,0.0,0.0,0,0.06169589,0.053199835,0.42952344,11.321306,8.196429,1.4798338,3.1570597,2.5642161,3.518774,0.48182127,2.5564492,0.2905081,0.0,1.8586706,0.079714134,5.1890264,2.1456356,1.4975631,5.5550857,1.9465059,2.1561809,2.1430044,2.237457,2.2965343,3.366112
3,77,78,48,0,1.0,-0.26168984,0.28,-0.39022338,0.0,-6.743476e-06,-0.15145972,0.15145972,1.0,2.0,0.8,0.5161452,3.640319,0.3791771,3.6875365,1.0,1.0,1.0,1.0,30.0,0.0,0.0,0.0,0.0,0.0,0.0,0,0.06607868,0.055613883,0.45599163,10.988773,7.9917746,1.5465808,3.1849,2.62767,7.562931,1.1756296,2.5165966,1.0383172,0.0,1.7929792,0.09124167,5.1099105,2.1154213,1.5883691,5.5224133,1.9494854,2.1373436,2.0832493,2.200718,2.2825918,3.2371747
0,78,79,48,0,1.0,-0.33501196,0.24000001,-0.4235807,0.0,-6.236582e-06,-0.15142502,0.15142502,1.0,2.0,0.4,0.5934626,4.553849,0.13893174,4.255793,1.0,1.0,0.0,1.0,0.0,0.0,0.0,0.0,0.0,0.0,0.0,0,0.06353226,0.056258738,0.45018566,10.616444,6.436596,2.1329992,3.153774,3.828143,3.2054949,0.3194064,2.1618137,0.28080952,0.0,1.795379,0.092987716,5.3024426,2.1513152,1.4976933,5.6662006,1.9518375,2.1753907,2.069582,2.2001822,2.3194788,3.3268135
1,78,79,50,0,1.0,-0.3147828,0.24000001,-0.4019847,0.0,-6.5806034e-06,-0.15279151,0.15279151,1.0,2.0,0.4,0.54150563,3.7934334,0.19244921,4.5764856,1.0,1.0,0.0,1.0,0.0,0.0,0.0,0.0,0.0,0.0,0.0,0,0.06525013,0.055674154,0.46631953,10.6997385,6.93373,1.5294662,3.287014,3.1879134,3.0121932,0.04527551,2.0364027,0.32297137,0.0,1.7948531,0.083250925,5.262065,2.1308613,1.5189661,5.6541405,1.9541867,2.1864839,2.0592153,2.1770248,2.3341098,3.3186693
2,78,79,49,0,1.0,-0.29224858,0.26,-0.39592034,0.0,-5.824893e-06,-0.1563224,0.1563224,1.0,2.0,0.6,0.60257447,3.7950838,0.19160075,4.1524453,1.0,1.0,1.0,1.0,1.0,0.0,0.0,0.0,0.0,0.0,0.0,0,0.062010277,0.05356078,0.43393365,11.087817,8.086042,1.7010068,2.803919,2.5455718,3.638232,0.30870244,2.7681882,0.5818767,0.0,1.8601849,0.06206557,5.21108,2.1572647,1.507914,5.577865,1.9487255,2.166333,2.1005206,2.2321305,2.3060641,3.3040218
3,78,79,48,0,1.0,-0.26491937,0.28,-0.3908348,0.0,-6.7026267e-06,-0.15407786,0.15407786,1.0,2.0,0.8,0.5216829,3.6325688,0.37920776,3.6796732,1.0,1.0,1.0,1.0,31.0,0.0,0.0,0.0,0.0,0.0,0.0,0,0.065656535,0.0561395,0.4606383,10.923467,8.25473,1.0494752,3.4562953,2.700415,7.596365,1.2197545,2.5273626,0.8873603,0.0,1.7930068,0.07553287,5.1317673,2.1263294,1.6020236,5.5426803,1.9512922,2.1389232,2.0799665,2.2044892,2.2856975,3.2377522
0,79,80,48,0,1.0,-0.32848728,0.26,-0.4345129,0.0,-6.182138e-06,-0.15396816,0.15396816,1.0,2.0,0.6,0.6052749,4.54266,0.14460805,4.3981824,1.0,1.0,1.0,1.0,1.0,0.0,0.0,0.0,0.0,0.0,0.0,0,0.063279286,0.05666806,0.4549049,9.894032,6.493451,1.4058665,3.1417418,3.6720035,3.004406,0.21055776,2.075055,0.5224283,0.0,1.7957989,0.07619113,5.325112,2.1603215,1.5076594,5.6873612,1.9538813,2.1822407,2.064456,2.1963813,2.3283577,3.3159416
1,79,80,50,0,1.0,-0.29896003,0.26,-0.40348136,0.0,-6.41173e-06,-0.15547223,0.15547223,1.0,2.0,0.6,0.5501192,3.7259722,0.18952763,4.6454206,1.0,1.0,1.0,1.0,1.0,0.0,0.0,0.0,0.0,0.0,0.0,0,0.06430806,0.056059226,0.47130606,10.771582,6.71727,1.9335288,3.2329144,3.0815437,3.0160015,0.19555084,1.9619365,0.67003626,0.0,1.7930005,0.06716661,5.2826576,2.1408336,1.5318576,5.676222,1.9556493,2.1919742,2.0549037,2.1772296,2.3425405,3.3261132
2,79,80,49,0,1.0,-0.3344407,0.24000001,-0.41545534,0.0,-5.489087e-06,-0.15897991,0.15897991,1.0,2.0,0.4,0.6132867,3.7897174,0.20825307,4.4116898,1.0,1.0,0.0,1.0,0.0,0.0,0.0,0.0,0.0,0.0,0.0,0,0.060391624,0.053906005,0.43814224,11.32401,8.098688,1.3939588,2.9192486,2.9300153,4.166175,0.40076375,2.1822011,0.44607356,0.0,1.8612024,0.046120584,5.2332735,2.1680684,1.5199097,5.5991187,1.9516037,2.1758475,2.0619414,2.2240431,2.315992,3.2471056
3,79,80,48,0,1.0,-0.26549748,0.28,-0.3886758,0.0,-6.5884797e-06,-0.15681508,0.15681508,1.0,2.0,0.8,0.5281844,3.609654,0.37592235,3.6433277,1.0,1.0,1.0,1.0,32.0,0.0,0.0,0.0,0.0,0.0,0.0,0,0.065003626,0.056645084,0.46528086,11.212134,8.069157,0.9678422,3.4693441,2.7660897,7.9517093,1.3535362,2.5597987,0.5710085,0.0,1.7936282,0.059109554,5.1519623,2.1379201,1.6145438,5.563171,1.9520812,2.1415272,2.076909,2.2079442,2.2903216,3.2353375
0,80,81,48,0,1.0,-0.3597446,0.24000001,-0.44289678,0.0,-5.9214894e-06,-0.1568419,0.1568419,1.0,2.0,0.4,0.6147628,4.511706,0.14995791,4.522625,1.0,1.0,0.0,1.0,0.0,0.0,0.0,0.0,0.0,0.0,0.0,0,0.061553128,0.05705714,0.45954514,10.5978,6.6145935,1.8923781,3.57683,4.298002,3.6110942,0.28033754,1.9701253,0.06521529,0.0,1.796877,0.05894862,5.3483973,2.1709323,1.5184861,5.7091546,1.9553035,2.1874144,2.061461,2.1932878,2.3357658,3.31708
1,80,81,50,0,1.0,-0.3210701,0.24000001,-0.4029886,0.0,-6.169713e-06,-0.15807533,0.15807533,1.0,2.0,0.4,0.5540934,3.6786094,0.18730874,4.6741505,1.0,1.0,0.0,1.0,0.0,0.0,0.0,0.0,0.0,0.0,0.0,0,0.06259474,0.05643644,0.47616285,10.510096,6.849768,2.1827006,3.3399925,3.0336287,2.9655633,0.22608012,1.6371118,0.0,0.0,1.7900493,0.05154796,5.302853,2.1492946,1.5449458,5.6977625,1.9557967,2.1969297,2.0517871,2.1775446,2.3508599,3.3318975
2,80,81,49,0,1.0,-0.34650034,0.24000001,-0.42484498,0.0,-5.6139324e-06,-0.16164976,0.16164976,1.0,2.0,0.4,0.62065053,3.787858,0.22051851,4.503196,1.0,1.0,0.0,1.0,0.0,0.0,0.0,0.0,0.0,0.0,0.0,0,0.060955193,0.05425977,0.44254738,11.269129,8.234484,1.2122866,2.6165051,2.6095142,5.916681,0.2354647,1.9796743,0.34891436,0.0,1.8588357,0.030101463,5.256974,2.1731627,1.5311615,5.6206646,1.9526638,2.183003,2.054976,2.2188067,2.3253298,3.242213
3,80,81,48,0,1.0,-0.27061823,0.28,-0.3910963,0.0,-6.4684446e-06,-0.15951547,0.15951547,1.0,2.0,0.8,0.54213053,3.598359,0.3757672,3.6340775,1.0,1.0,1.0,1.0,33.0,0.0,0.0,0.0,0.0,0.0,0.0,0,0.064267986,0.057134658,0.4698721,10.858571,8.102918,1.0573997,3.4795845,2.5839329,7.9950156,1.4017439,2.5216527,1.0465649,0.0,1.7943591,0.04290715,5.174393,2.149062,1.6272124,5.5834384,1.9528971,2.1452866,2.0729086,2.210002,2.296676,3.2360055
0,81,82,48,0,1.0,-0.35032094,0.26,-0.4506985,0.0,-6.1068004e-06,-0.1596163,0.1596163,1.0,2.0,0.6,0.6239937,4.502326,0.15195121,4.6319184,1.0,1.0,1.0,1.0,1.0,0.0,0.0,0.0,0.0,0.0,0.0,0,0.06271356,0.057453994,0.46433976,10.176024,6.413662,2.0963237,3.0389392,3.4554715,3.2637086,0.14511867,1.9815258,0.60544336,0.0,1.7974536,0.04230216,5.3719597,2.180881,1.5283886,5.730695,1.9563661,2.1920607,2.0583012,2.1904867,2.342813,3.3170645
1,81,82,50,0,1.0,-0.32114178,0.24000001,-0.40064913,0.0,-6.3398884e-06,-0.16048634,0.16048634,1.0,2.0,0.4,0.5586836,3.6111717,0.18153699,4.7007065,1.0,1.0,0.0,1.0,0.0,0.0,0.0,0.0,0.0,0.0,0.0,0,0.06396944,0.05680743,0.48113897,10.54697,6.8584275,1.6820393,3.471623,3.095333,2.8967617,0.093731955,1.8431416,0.114245705,0.0,1.7867048,0.037081912,5.3229866,2.157103,1.5587467,5.7191043,1.9568458,2.2022903,2.0475843,2.1773016,2.3595266,3.3300533
2,81,82,49,0,1.0,-0.3530872,0.24000001,-0.42872316,0.0,-5.5113132e-06,-0.16435854,0.16435854,1.0,2.0,0.4,0.62907386,3.766511,0.22426012,4.5412817,1.0,1.0,0.0,1.0,0.0,0.0,0.0,0.0,0.0,0.0,0.0,0,0.060540233,0.054582566,0.44693467,11.2779,8.27755,1.5083824,3.0176735,2.6250086,6.600843,0.23978114,1.9375787,0.3553923,0.0,1.8601913,0.013848767,5.2794876,2.1852217,1.5439973,5.642529,1.9531399,2.1881156,2.050768,2.2165024,2.332408,3.247151
3,81,82,48,0,1.0,-0.27364722,0.28,-0.39138746,0.0,-6.381185e-06,-0.16225338,0.16225338,1.0,2.0,0.8,0.5516977,3.5793827,0.37470132,3.6163707,1.0,1.0,1.0,1.0,34.0,0.0,0.0,0.0,0.0,0.0,0.0,0,0.063691474,0.057614923,0.47443187,10.876781,8.06958,1.3911662,3.3538082,2.5737567,8.055952,1.4272146,2.4911308,1.0210621,0.0,1.7948608,0.026479736,5.195535,2.1610987,1.6407348,5.6044126,1.9535221,2.1489859,2.0692103,2.2118092,2.3033736,3.2379794
0,82,83,48,0,1.0,-0.3774105,0.24000001,-0.45514005,0.0,-5.841021e-06,-0.16226462,0.16226462,1.0,2.0,0.4,0.6300928,4.499891,0.1530832,4.68703,1.0,1.0,0.0,1.0,0.0,0.0,0.0,0.0,0.0,0.0,0.0,0,0.06122041,0.0578301,0.46897125,10.601493,6.50818,1.8611461,3.4594498,3.999915,3.0403793,0.0,1.8906072,0.1181525,0.0,1.7962657,0.026412308,5.3937,2.1907094,1.5410033,5.752377,1.957079,2.1973171,2.054619,2.1891317,2.3508995,3.3133996
1,82,83,50,0,1.0,-0.32545245,0.24000001,-0.40249532,0.0,-6.2156037e-06,-0.16295093,0.16295093,1.0,2.0,0.4,0.56426233,3.5572252,0.17968696,4.7729344,1.0,1.0,0.0,1.0,0.0,0.0,0.0,0.0,0.0,0.0,0.0,0,0.063313715,0.057158366,0.48602995,10.543735,6.8075385,1.9882994,3.3990533,2.8961442,2.8774378,0.04263894,1.7821378,0.0,0.0,1.7833478,0.022294372,5.34283,2.1647491,1.5714295,5.740359,1.9583807,2.2067077,2.0443625,2.1771352,2.3674715,3.3416862
2,82,83,49,0,1.0,-0.35630736,0.24000001,-0.42963523,0.0,-5.4745965e-06,-0.16666667,0.16666667,1.0,2.0,0.4,0.63475066,3.77025,0.22282928,4.5345535,1.0,1.0,0.0,1.0,0.0,0.0,0.0,0.0,0.0,0.0,0.0,0,0.060291626,0.054901022,0.45135882,11.112255,8.36438,1.1633183,2.9454083,2.5501113,6.832555,0.17859218,1.9840574,0.11749043,0.0,1.8613123,-0.0016562641,5.30195,2.196062,1.554522,5.664542,1.9537098,2.1910295,2.0480924,2.2177672,2.3369422,3.2448933
3,82,83,48,0,1.0,-0.27862862,0.28,-0.3936265,0.0,-6.292249e-06,-0.16499582,0.16499582,1.0,2.0,0.8,0.5652469,3.5732536,0.37445801,3.6007514,1.0,1.0,1.0,1.0,35.0,0.0,0.0,0.0,0.0,0.0,0.0,0,0.063220315,0.05808335,0.47894529,11.027735,7.997746,1.4581969,2.9905775,2.4351816,8.091171,1.5019494,2.4751947,0.9709874,0.0,1.7969329,0.010025129,5.2179737,2.1731946,1.6520724,5.6249733,1.9541993,2.1526575,2.0658634,2.2135007,2.3100421,3.241013
0,83,84,48,0,1.0,-0.3898868,0.24000001,-0.46496308,0.0,-6.0039665e-06,-0.1649177,0.1649177,1.0,2.0,0.4,0.637985,4.4842057,0.15834482,4.833407,1.0,1.0,0.0,1.0,0.0,0.0,0.0,0.0,0.0,0.0,0.0,0,0.062397525,0.058212277,0.47373867,10.254886,6.4696317,1.7752272,3.4404325,4.2137675,3.0008998,0.00060163107,1.7990842,0.0,0.0,1.7953708,0.01049377,5.4157968,2.1998923,1.5516024,5.7742095,1.9589745,2.2030048,2.0502217,2.185527,2.3592775,3.3168874
1,83,84,50,0,1.0,-0.32811862,0.24000001,-0.40290052,0.0,-6.169264e-06,-0.16521195,0.16521195,1.0,2.0,0.4,0.56731504,3.504683,0.17867953,4.823354,1.0,1.0,0.0,1.0,0.0,0.0,0.0,0.0,0.0,0.0,0.0,0,0.06311473,0.05750401,0.49088404,10.424615,6.970137,1.7834643,3.627904,3.168331,2.8373334,0.050386284,1.7188867,0.0,0.0,1.7802701,0.008728355,5.3627,2.1713984,1.5823247,5.761449,1.9592271,2.2105322,2.0418599,2.1765509,2.3749692,3.3512995
2,83,84,49,0,1.0,-0.35719576,0.24000001,-0.4305237,0.0,-5.4055845e-06,-0.16666667,0.16666667,1.0,2.0,0.4,0.64008045,3.7723258,0.2189823,4.542833,1.0,1.0,0.0,1.0,0.0,0.0,0.0,0.0,0.0,0.0,0.0,0,0.059968237,0.05520433,0.45576835,11.461178,8.386223,1.5402915,3.0158398,2.553483,7.2527065,0.2757335,2.049994,0.4196103,0.0,1.8611752,-0.016917288,5.323862,2.2058823,1.5662911,5.6859894,1.9543946,2.1938906,2.0455487,2.2192845,2.3412871,3.2448714
3,83,84,48,0,1.0,-0.28112054,0.28,-0.39444768,0.0,-6.184936e-06,-0.16666667,0.16666667,1.0,2.0,0.8,0.5737645,3.5391345,0.37522343,3.6048794,1.0,1.0,1.0,1.0,36.0,0.0,0.0,0.0,0.0,0.0,0.0,0,0.06260648,0.05853871,0.48341677,11.328622,7.8644114,1.4550796,2.884491,2.945316,8.416041,1.2017678,2.3942115,0.79696286,0.0,1.7958157,-0.005343184,5.237318,2.1858861,1.6692033,5.6458178,1.9556947,2.1562479,2.0625086,2.2149496,2.317355,3.2474592
0,84,85,48,0,1.0,-0.39708507,0.24000001,-0.4704125,0.0,-5.9323766e-06,-0.16666667,0.16666667,1.0,2.0,0.4,0.6435728,4.4565353,0.16154136,4.9261427,1.0,1.0,0.0,1.0,0.0,0.0,0.0,0.0,0.0,0.0,0.0,0,0.06213027,0.05857124,0.4784694,10.305366,6.2516923,1.8684237,2.8248997,4.028675,2.9104502,0.0,1.8171659,0.0,0.0,1.7947525,-0.0045381486,5.4394298,2.2105446,1.5629001,5.7966814,1.9599825,2.208145,2.0465114,2.1832156,2.3670645,3.321921
1,84,85,50,0,1.0,-0.32587197,0.24000001,-0.3991992,0.0,-6.1186875e-06,-0.16666667,0.16666667,1.0,2.0,0.4,0.56711584,3.4714684,0.17315426,4.8111644,1.0,1.0,0.0,1.0,0.0,0.0,0.0,0.0,0.0,0.0,0.0,0,0.06283798,0.05783263,0.49573967,10.584057,6.9163437,1.8426689,3.4600954,3.3201091,2.615961,0.0,1.6580676,0.0,0.0,1.7757539,-0.0048317015,5.3814697,2.1788554,1.5957441,5.782952,1.9596286,2.2136264,2.0401418,2.1774187,2.381796,3.3597534
2,84,85,49,0,1.0,-0.3385714,0.26,-0.43189937,0.0,-5.3509298e-06,-0.16666667,0.16666667,1.0,2.0,0.6,0.64674276,3.788891,0.21685664,4.5310984,1.0,1.0,1.0,1.0,1.0,0.0,0.0,0.0,0.0,0.0,0.0,0,0.05967766,0.055508148,0.46014658,11.31428,8.531874,1.1916033,2.9728122,2.4526775,5.4491425,0.08568947,1.7318217,0.9126626,0.0,1.8618624,-0.03182888,5.3461423,2.215886,1.5765992,5.707878,1.9553177,2.1960146,2.0439239,2.2221355,2.344733,3.2448385
3,84,85,48,0,1.0,-0.2813781,0.28,-0.39470536,0.0,-6.0651614e-06,-0.16666667,0.16666667,1.0,2.0,0.8,0.5841973,3.5149426,0.37431705,3.5865924,1.0,1.0,1.0,1.0,37.0,0.0,0.0,0.0,0.0,0.0,0.0,0,0.061830018,0.058979712,0.48784685,11.212704,7.962472,0.9838141,3.2193506,2.8765512,8.649668,1.4921257,2.396334,0.8862079,0.0,1.7930723,-0.019648299,5.2573333,2.1942108,1.6834142,5.6662693,1.9564271,2.159465,2.0598054,2.2172186,2.3237114,3.251089
0,85,86,48,0,1.0,-0.40264094,0.24000001,-0.47596842,0.0,-5.8646287e-06,-0.16666667,0.16666667,1.0,2.0,0.4,0.64825445,4.465661,0.16343294,4.99527,1.0,1.0,0.0,1.0,0.0,0.0,0.0,0.0,0.0,0.0,0.0,0,0.06186047,0.058927603,0.48317543,9.925912,6.520778,1.4773073,3.4027803,3.729938,2.720755,0.0,1.7884582,0.3010133,0.0,1.7926313,-0.019841269,5.459854,2.2208366,1.5776064,5.8186336,1.9611955,2.2128792,2.0432801,2.1820118,2.374399,3.323918
1,85,86,50,0,1.0,-0.32784414,0.24000001,-0.40117145,0.0,-6.030936e-06,-0.16666667,0.16666667,1.0,2.0,0.4,0.574653,3.400156,0.17275171,4.8862476,1.0,1.0,0.0,1.0,0.0,0.0,0.0,0.0,0.0,0.0,0.0,0,0.062437337,0.05816376,0.50052726,10.893604,6.747576,2.0405262,3.0035224,3.2358463,2.6041503,0.0,1.6530029,0.0,0.0,1.7718811,-0.018019602,5.399837,2.1863065,1.6063617,5.803954,1.9615151,2.2156148,2.0392053,2.1774518,2.3878264,3.3790596
2,85,86,49,0,1.0,-0.36601037,0.24000001,-0.43933862,0.0,-5.09375e-06,-0.16666667,0.16666667,1.0,2.0,0.4,0.6591957,3.7851698,0.22013138,4.6049657,1.0,1.0,0.0,1.0,0.0,0.0,0.0,0.0,0.0,0.0,0.0,0,0.058363732,0.05579426,0.4643198,11.358868,8.482963,1.0800279,2.614827,2.530674,6.7182093,0.06197363,1.8939363,0.30984715,0.0,1.8629693,-0.0464309,5.369906,2.225294,1.5845118,5.729205,1.956483,2.20033,2.041354,2.2204523,2.3514094,3.249158
3,85,86,48,0,1.0,-0.2821703,0.28,-0.39549762,0.0,-6.000337e-06,-0.16666667,0.16666667,1.0,2.0,0.8,0.59385186,3.4795768,0.37503546,3.585938,1.0,1.0,1.0,1.0,38.0,0.0,0.0,0.0,0.0,0.0,0.0,0,0.06143015,0.059399784,0.49230194,10.60451,7.9503045,1.1916906,3.3264635,2.5835717,8.306363,1.4761881,2.2599618,0.710037,0.0,1.7906133,-0.033262745,5.27728,2.202817,1.6976049,5.6866465,1.9573427,2.1631062,2.0569184,2.2189147,2.3306868,3.257564
0,86,87,48,0,1.0,-0.60833675,0.24000001,-0.6816643,0.0,-5.8253986e-06,-0.16666667,0.16666667,1.0,2.0,0.4,0.6525437,4.4646087,0.16593723,5.076272,0.0,1.0,0.0,1.0,0.0,0.0,0.0,0.0,0.0,0.0,0.0,0,0.06153512,0.05927882,0.48790663,10.16032,6.4025273,1.8845401,3.349904,3.9450393,2.644217,0.0,1.7657963,0.0,0.0,1.7894827,-0.034588948,5.480691,2.2312539,1.5912693,5.840998,1.9623346,2.217669,2.0399072,2.180312,2.381801,3.3252478
1,86,87,50,0,1.0,-0.32953352,0.24000001,-0.40286088,0.0,-5.991915e-06,-0.16666667,0.16666667,1.0,2.0,0.4,0.5797423,3.3357747,0.17260161,4.9597216,1.0,1.0,0.0,1.0,0.0,0.0,0.0,0.0,0.0,0.0,0.0,0,0.06233822,0.058486413,0.505294,10.6531925,6.800955,1.630299,3.2519982,2.935674,2.5163457,0.0,1.6166357,0.0,0.0,1.7677535,-0.031072274,5.419172,2.1919174,1.6170231,5.825018,1.9629889,2.2174551,2.038572,2.1777227,2.3939147,3.3984158
2,86,87,49,0,1.0,-0.34792697,0.26,-0.4412551,0.0,-5.219157e-06,-0.16666667,0.16666667,1.0,2.0,0.6,0.6627682,3.8057952,0.21785846,4.6161723,1.0,1.0,1.0,1.0,1.0,0.0,0.0,0.0,0.0,0.0,0.0,0,0.059068933,0.056089297,0.46868956,11.568347,8.449038,1.3069263,2.926364,2.5661814,7.028184,0.28703374,1.9612325,0.65449595,0.0,1.8638577,-0.061215833,5.3910904,2.2369485,1.5977932,5.7506104,1.9572891,2.202803,2.0393267,2.2216163,2.3553495,3.2516627
3,86,87,48,0,1.0,-0.28205553,0.28,-0.39538294,0.0,-5.9112035e-06,-0.16666667,0.16666667,1.0,2.0,0.8,0.60232115,3.4637933,0.3737754,3.563382,1.0,1.0,1.0,1.0,39.0,0.0,0.0,0.0,0.0,0.0,0.0,0,0.060906697,0.059802648,0.4967322,11.203326,8.595616,1.3244739,3.0286329,2.5011425,8.681207,1.6026537,2.3512826,0.5523037,0.0,1.784869,-0.04698299,5.2984,2.2061067,1.7095653,5.7076907,1.9582562,2.1668406,2.0544066,2.2210617,2.3374212,3.2593749
0,87,88,48,0,1.0,-0.6124164,0.24000001,-0.6857439,0.0,-5.818903e-06,-0.16666667,0.16666667,1.0,2.0,0.4,0.6555739,4.4660115,0.16890757,5.1264586,0.0,1.0,0.0,1.0,0.0,0.0,0.0,0.0,0.0,0.0,0.0,0,0.061510097,0.059631366,0.4926387,9.883996,6.3102384,1.5490601,3.3605666,3.9361284,2.4838417,0.0,1.658248,0.0,0.0,1.7870493,-0.048809126,5.501787,2.2407436,1.6033113,5.8628135,1.9636683,2.2215202,2.0373225,2.1794033,2.388479,3.3299348
1,87,88,50,0,1.0,-0.5321483,0.24000001,-0.60547566,0.0,-5.9891213e-06,-0.16666667,0.16666667,1.0,2.0,0.4,0.58122087,3.3254335,0.17035358,5.0262074,0.0,1.0,0.0,1.0,0.0,0.0,0.0,0.0,0.0,0.0,0.0,0,0.06237977,0.0587915,0.5100735,10.600903,6.739208,2.1146798,3.094766,2.753669,2.2881777,0.0,1.5516789,0.0,0.0,1.7633733,-0.04422702,5.4391475,2.1982367,1.6279902,5.8461947,1.9647553,2.2197895,2.0380385,2.1770422,2.400557,3.4147668
2,87,88,49,0,1.0,-0.3504393,0.26,-0.4437676,0.0,-5.0304507e-06,-0.16666667,0.16666667,1.0,2.0,0.6,0.6698851,3.817707,0.21847713,4.6158333,1.0,1.0,1.0,1.0,2.0,0.0,0.0,0.0,0.0,0.0,0.0,0,0.057912752,0.056354858,0.47292435,11.432751,8.502176,1.6128389,2.9128976,2.4935434,7.6710315,0.3823085,1.8572682,0.5851361,0.0,1.8640294,-0.07561669,5.4131994,2.246789,1.6082432,5.772299,1.958514,2.2050276,2.0376272,2.2244985,2.35895,3.2539506
3,87,88,48,0,1.0,-0.28447133,0.28,-0.39779884,0.0,-5.816672e-06,-0.16666667,0.16666667,1.0,2.0,0.8,0.61348355,3.4592702,0.37384048,3.560085,1.0,1.0,1.0,1.0,40.0,0.0,0.0,0.0,0.0,0.0,0.0,0,0.060309146,0.060196284,0.501112,10.900279,8.767479,1.0023781,3.4661875,2.6178832,8.726288,1.5827568,2.3248615,0.684489,0.0,1.7821643,-0.059535727,5.3194203,2.2131221,1.7216382,5.7272596,1.9593679,2.170737,2.0517058,2.2230527,2.344196,3.2616825
0,88,89,48,0,1.0,-0.6158016,0.24000001,-0.6891291,0.0,-5.776978e-06,-0.16666667,0.16666667,1.0,2.0,0.4,0.6587818,4.469166,0.1712741,5.1631346,0.0,1.0,0.0,1.0,0.0,0.0,0.0,0.0,0.0,0.0,0.0,0,0.061249085,0.059976492,0.49735886,10.301165,6.2915335,1.5781555,2.886725,3.777483,2.249057,0.0,1.6518968,0.0,0.0,1.7849445,-0.06256141,5.5241394,2.2488317,1.6111346,5.884534,1.9651532,2.2246585,2.035839,2.178771,2.3944168,3.3370166
1,88,89,50,0,1.0,-0.53951234,0.24000001,-0.6128397,0.0,-5.9589447e-06,-0.16666667,0.16666667,1.0,2.0,0.4,0.5849056,3.3112795,0.16899526,5.176008,0.0,1.0,0.0,1.0,0.0,0.0,0.0,0.0,0.0,0.0,0.0,0,0.062296342,0.059097465,0.5147957,10.619287,7.036016,1.524615,3.4634025,3.099887,2.262411,0.0,1.4391613,0.0,0.0,1.7587136,-0.056365505,5.4571724,2.2032154,1.6404759,5.8664556,1.9679785,2.2217295,2.0378418,2.175037,2.4070272,3.4388742
2,88,89,49,0,1.0,-0.3544399,0.26,-0.44776827,0.0,-4.9734203e-06,-0.16666667,0.16666667,1.0,2.0,0.6,0.6761782,3.8446782,0.21717851,4.643903,1.0,1.0,1.0,1.0,3.0,0.0,0.0,0.0,0.0,0.0,0.0,0,0.057522487,0.05663496,0.47717437,11.558145,8.567544,1.6950079,2.9428132,2.6524315,8.272716,0.39103702,2.0423484,0.7269159,0.0,1.8626053,-0.088966265,5.4352903,2.2556732,1.6203904,5.7944384,1.9594312,2.2072494,2.036231,2.2258396,2.3626418,3.2538204
3,88,89,48,0,1.0,-0.28803614,0.28,-0.40136373,0.0,-5.746985e-06,-0.16666667,0.16666667,1.0,2.0,0.8,0.61888784,3.4732718,0.37402686,3.589429,1.0,1.0,1.0,1.0,41.0,0.0,0.0,0.0,0.0,0.0,0.0,0,0.059807803,0.060576748,0.50550336,11.249699,8.618106,1.2375891,3.1524622,2.4333346,7.3732443,1.2983842,2.0046434,0.5363961,0.0,1.7786145,-0.07316768,5.338644,2.2200503,1.737226,5.7482057,1.9617729,2.1739564,2.0501473,2.2263594,2.351246,3.2636333
0,89,90,48,0,1.0,-0.62673396,0.24000001,-0.70006156,0.0,-5.7233515e-06,-0.16666667,0.16666667,1.0,2.0,0.4,0.66253823,4.4435167,0.17925522,5.3487463,0.0,1.0,0.0,1.0,0.0,0.0,0.0,0.0,0.0,0.0,0.0,0,0.06111601,0.060322847,0.5020211,10.841242,7.027203,1.9111365,3.3717396,4.281865,2.6299307,0.0,1.559964,0.0,0.0,1.7741829,-0.075326115,5.54562,2.2477417,1.6294966,5.907311,1.9670055,2.2267864,2.034761,2.1771247,2.4002197,3.3733082
1,89,90,50,0,1.0,-0.5465969,0.24000001,-0.6199243,0.0,-5.9085087e-06,-0.16666667,0.16666667,1.0,2.0,0.4,0.58534056,3.298489,0.16834034,5.331592,0.0,1.0,0.0,1.0,0.0,0.0,0.0,0.0,0.0,0.0,0.0,0,0.06188516,0.05939519,0.5195384,10.4384985,6.990199,1.835586,3.514524,2.7152588,2.227806,0.0,1.3653424,0.0,0.0,1.7536618,-0.06859563,5.476464,2.2093086,1.651231,5.8875117,1.9709282,2.2235832,2.0376205,2.1721675,2.413865,3.460871
2,89,90,49,0,1.0,-0.35756236,0.26,-0.45089072,0.0,-4.9602477e-06,-0.16666667,0.16666667,1.0,2.0,0.6,0.68377054,3.8698444,0.21923672,4.6329327,1.0,1.0,1.0,1.0,4.0,0.0,0.0,0.0,0.0,0.0,0.0,0,0.057262614,0.056919325,0.48144445,11.615679,8.486285,1.3802656,2.5990386,2.6067617,8.37281,0.2968679,2.0538955,0.6901311,0.0,1.8621132,-0.102388114,5.457331,2.2643223,1.6297253,5.816703,1.9608229,2.2092083,2.0345263,2.2289116,2.3659525,3.2535598
3,89,90,48,0,1.0,-0.3268539,0.26,-0.42018157,0.0,-5.641952e-06,-0.16666667,0.16666667,1.0,2.0,0.6,0.6347477,3.4606276,0.37931773,3.8726752,1.0,1.0,1.0,1.0,42.0,0.0,0.0,0.0,0.0,0.0,0.0,0,0.059111204,0.06095502,0.5097803,11.258411,8.691492,1.2342409,3.0460281,2.4790728,7.355121,1.2383275,2.0849383,0.03457858,0.0,1.7767261,-0.08672811,5.360042,2.2279787,1.74833,5.768484,1.9658096,2.1810255,2.0459995,2.2227836,2.3620992,3.2716293
0,90,91,48,0,1.0,-0.62904197,0.24000001,-0.7023696,0.0,-5.7089073e-06,-0.16666667,0.16666667,1.0,2.0,0.4,0.66374165,4.4561844,0.1832582,5.356207,0.0,1.0,0.0,1.0,0.0,0.0,0.0,0.0,0.0,0.0,0.0,0,0.0610516,0.060664527,0.50673926,11.27473,8.634809,1.3205866,2.6417067,3.4827516,2.3409183,0.0,1.6377878,0.0,0.0,1.7683525,-0.08829273,5.569277,2.2483566,1.6390284,5.930086,1.9673489,2.229382,2.0336554,2.177036,2.4060597,3.3828492
1,90,91,50,0,1.0,-0.5538618,0.24000001,-0.62718916,0.0,-5.9652366e-06,-0.16666667,0.16666667,1.0,2.0,0.4,0.5872488,3.2854106,0.16675921,5.4883323,0.0,1.0,0.0,1.0,0.0,0.0,0.0,0.0,0.0,0.0,0.0,0,0.06229083,0.05969134,0.5242899,10.620328,6.999878,1.4823188,3.4262516,3.0264614,2.1251578,0.0,1.3642845,0.0,0.0,1.7494586,-0.081138685,5.4948936,2.214848,1.6629149,5.9088783,1.9739702,2.2251115,2.0374045,2.1710067,2.4203339,3.4864082
2,90,91,49,0,1.0,-0.36317158,0.26,-0.4565,0.0,-4.9198825e-06,-0.16666667,0.16666667,1.0,2.0,0.6,0.6927696,3.901073,0.22480828,4.6410365,1.0,1.0,1.0,1.0,5.0,0.0,0.0,0.0,0.0,0.0,0.0,0,0.057003535,0.05719256,0.4856734,11.677464,8.7356,1.4505801,2.8805692,2.721973,8.381508,0.4050297,2.084557,0.6233276,0.0,1.860813,-0.11493489,5.4808164,2.271574,1.6405447,5.8383245,1.962471,2.211225,2.0327904,2.2315016,2.3694558,3.2584548
3,90,91,48,0,1.0,-0.3349375,0.26,-0.42826504,0.0,-5.796065e-06,-0.16666667,0.16666667,1.0,2.0,0.6,0.64080626,3.4406645,0.3804589,4.01831,1.0,1.0,1.0,1.0,43.0,0.0,0.0,0.0,0.0,0.0,0.0,0,0.06003018,0.061324347,0.51420486,11.210319,8.75262,0.9501767,3.0259087,2.5441582,8.238764,1.5420177,2.158994,0.0,0.0,1.7735355,-0.09944588,5.379739,2.2353508,1.7602246,5.78889,1.9682609,2.1856322,2.0427384,2.2237346,2.369457,3.2735639
0,91,92,48,0,1.0,-0.6364127,0.24000001,-0.70974046,0.0,-5.57774e-06,-0.16666667,0.16666667,1.0,2.0,0.4,0.67004335,4.4761677,0.18933818,5.421733,0.0,1.0,0.0,1.0,0.0,0.0,0.0,0.0,0.0,0.0,0.0,0,0.06069952,0.061004594,0.5114145,11.025918,7.053817,1.9569323,2.6984084,3.3006265,2.3354383,0.0,1.4940792,0.0,0.0,1.7521486,-0.10243207,5.590165,2.2430305,1.6544117,5.9512067,1.9690365,2.2311203,2.0330706,2.1768382,2.4110925,3.4032378
1,91,92,50,0,1.0,-0.5595842,0.24000001,-0.6329116,0.0,-5.9319113e-06,-0.16666667,0.16666667,1.0,2.0,0.4,0.58254075,3.2751493,0.16798756,5.6304407,0.0,1.0,0.0,1.0,0.0,0.0,0.0,0.0,0.0,0.0,0.0,0,0.06207629,0.059981626,0.5290404,10.837997,7.5432725,1.5992413,3.2471998,2.8575945,2.0075192,0.0,1.280625,0.0,0.0,1.7366983,-0.0930652,5.5132976,2.208223,1.6786939,5.9315295,1.9766703,2.2272885,2.037347,2.1692772,2.4270768,3.5050313
2,91,92,49,0,1.0,-0.367794,0.26,-0.46112245,0.0,-4.8696834e-06,-0.16666667,0.16666667,1.0,2.0,0.6,0.70369583,3.914695,0.22846754,4.646937,1.0,1.0,1.0,1.0,6.0,0.0,0.0,0.0,0.0,0.0,0.0,0,0.05661687,0.057468597,0.48988938,11.494091,8.678657,1.1747289,2.654355,2.7433746,8.661264,0.29149583,2.192745,0.52706546,0.0,1.8603239,-0.1280792,5.5047784,2.2776396,1.6476936,5.8604646,1.9642837,2.2131064,2.031356,2.2346292,2.3727174,3.2586608
3,91,92,48,0,1.0,-0.3408705,0.26,-0.43419808,0.0,-5.7354423e-06,-0.16666667,0.16666667,1.0,2.0,0.6,0.64523727,3.4461203,0.37998837,4.1117125,1.0,1.0,1.0,1.0,44.0,0.0,0.0,0.0,0.0,0.0,0.0,0,0.059725214,0.06167008,0.5186515,11.057934,8.740786,1.175811,3.2812304,2.6149323,9.010128,1.448071,1.9596791,0.0,0.0,1.770414,-0.11262223,5.400523,2.241586,1.7722187,5.8102374,1.9699626,2.1903098,2.0398424,2.2247846,2.3764825,3.2720692
0,92,93,48,0,1.0,-0.64254415,0.24000001,-0.71587193,0.0,-5.5849164e-06,-0.16666667,0.16666667,1.0,2.0,0.4,0.675329,4.4686403,0.19650732,5.4896164,0.0,1.0,0.0,1.0,0.0,0.0,0.0,0.0,0.0,0.0,0.0,0,0.06059464,0.061344948,0.5160141,10.688169,8.532154,1.3824617,3.0314322,3.2098675,2.1282372,0.0,1.4488151,0.0,0.0,1.7436697,-0.11327341,5.61156,2.2455091,1.6658114,5.9711213,1.970391,2.2326708,2.0326815,2.1770554,2.4162965,3.4227357
1,92,93,50,0,1.0,-0.5702316,0.24000001,-0.64355904,0.0,-5.920857e-06,-0.16666667,0.16666667,1.0,2.0,0.4,0.5817423,3.2727585,0.17071813,5.836119,0.0,1.0,0.0,1.0,0.0,0.0,0.0,0.0,0.0,0.0,0.0,0,0.06217224,0.060271516,0.53377676,10.995236,6.9617414,1.8842552,3.1371078,2.525486,2.2226763,0.0,1.2609376,0.0,0.0,1.7308388,-0.10502413,5.5322437,2.2136276,1.689537,5.952286,1.9811176,2.2278137,2.0373442,2.1666465,2.433169,3.5348978
2,92,93,49,0,1.0,-0.39212263,0.24000001,-0.46545112,0.0,-4.822539e-06,-0.16666667,0.16666667,1.0,2.0,0.4,0.7103556,3.9538934,0.23222652,4.6422176,1.0,1.0,0.0,1.0,0.0,0.0,0.0,0.0,0.0,0.0,0.0,0,0.056230538,0.05774107,0.49409112,11.536186,8.704814,1.1752096,2.64819,2.7625794,8.541565,0.114516616,2.034163,0.27468657,0.0,1.8588632,-0.14097951,5.5264344,2.2854247,1.6585125,5.882681,1.9660629,2.2154093,2.029386,2.2382698,2.376518,3.2608695
3,92,93,48,0,1.0,-0.34215352,0.26,-0.43548113,0.0,-5.7109964e-06,-0.16666667,0.16666667,1.0,2.0,0.6,0.65056854,3.443848,0.38131055,4.106378,1.0,1.0,1.0,1.0,45.0,0.0,0.0,0.0,0.0,0.0,0.0,0,0.059654877,0.062011566,0.52311945,11.366828,8.651312,1.1891173,2.8911994,2.6647866,9.133083,1.4319987,2.024292,0.0,0.0,1.768098,-0.12625009,5.421246,2.2509792,1.7850968,5.8313837,1.971148,2.1929278,2.037392,2.227456,2.382226,3.2764506
0,93,94,48,0,1.0,-0.64865077,0.24000001,-0.7219786,0.0,-5.5078835e-06,-0.16666667,0.16666667,1.0,2.0,0.4,0.67394227,4.5144815,0.20027724,5.5539927,0.0,1.0,0.0,1.0,0.0,0.0,0.0,0.0,0.0,0.0,0.0,0,0.06032439,0.061675705,0.520647,10.749591,7.477291,1.6897272,3.1129332,3.4225557,2.1004503,0.0,1.4459052,0.0,0.0,1.7312381,-0.12425296,5.6305895,2.2422223,1.6813852,5.993396,1.9728802,2.2334821,2.03228,2.1774924,2.4207864,3.445052
1,93,94,50,0,1.0,-0.5796453,0.24000001,-0.65297264,0.0,-5.996175e-06,-0.16666667,0.16666667,1.0,2.0,0.4,0.5901295,3.2559726,0.17055574,6.0000534,0.0,1.0,0.0,1.0,0.0,0.0,0.0,0.0,0.0,0.0,0.0,0,0.06268089,0.060558014,0.5385338,10.94261,7.0841694,1.6979848,3.1484592,2.040248,1.9853519,0.0,1.3343683,0.0,0.0,1.7171446,-0.11761598,5.547463,2.2131875,1.7005688,5.9714246,1.9849651,2.2282474,2.0369797,2.1655736,2.4395912,3.5639505
2,93,94,49,0,1.0,-0.37715065,0.26,-0.47047895,0.0,-5.0044355e-06,-0.16666667,0.16666667,1.0,2.0,0.6,0.71292216,3.9929037,0.23484626,4.6778336,1.0,1.0,1.0,1.0,1.0,0.0,0.0,0.0,0.0,0.0,0.0,0,0.05838418,0.058004938,0.4984278,11.564998,8.715571,1.2326374,2.6082244,2.774515,9.10405,0.17228404,2.2480564,0.7685835,0.0,1.8579133,-0.15422069,5.5477405,2.2942705,1.6701446,5.904695,1.9673609,2.2170172,2.028831,2.2401888,2.3792727,3.2569733
3,93,94,48,0,1.0,-0.3440881,0.26,-0.43741578,0.0,-5.6447825e-06,-0.16666667,0.16666667,1.0,2.0,0.6,0.6529372,3.4610798,0.383921,4.102945,1.0,1.0,1.0,1.0,46.0,0.0,0.0,0.0,0.0,0.0,0.0,0,0.059239626,0.062345482,0.5275392,11.424476,8.682882,1.2126464,3.0463314,2.346837,7.563913,1.2400249,1.9625193,0.0,0.0,1.764771,-0.13912842,5.441462,2.2597992,1.7992817,5.8519573,1.9724712,2.195155,2.0357893,2.230854,2.3881938,3.2786171
0,94,95,48,0,1.0,-0.6547373,0.24000001,-0.72806513,0.0,-5.511842e-06,-0.16666667,0.16666667,1.0,2.0,0.4,0.67819995,4.512053,0.21231258,5.5966864,0.0,1.0,0.0,1.0,0.0,0.0,0.0,0.0,0.0,0.0,0.0,0,0.060221903,0.062020794,0.5252345,10.870533,7.4523973,1.562149,2.6159725,3.2950692,1.9455434,0.0,1.4346508,0.0,0.0,1.7299451,-0.13602674,5.6527367,2.249648,1.6873205,6.01382,1.9745231,2.2355459,2.0318918,2.1766336,2.4259443,3.456603
1,94,95,50,0,1.0,-0.5847057,0.24000001,-0.6580331,0.0,-5.969354e-06,-0.16666667,0.16666667,1.0,2.0,0.4,0.5878356,3.243688,0.16870318,6.134279,0.0,1.0,0.0,1.0,0.0,0.0,0.0,0.0,0.0,0.0,0.0,0,0.06260866,0.060836382,0.54325014,11.154911,7.1532764,2.0990827,3.1919138,2.0994034,1.9351999,0.0,1.1166224,0.0,0.0,1.7088308,-0.12838878,5.5603485,2.2186782,1.713569,5.9921255,1.9869066,2.230113,2.0369515,2.1650229,2.4468622,3.5900202
2,94,95,49,0,1.0,-0.4147862,0.24000001,-0.48811477,0.0,-4.756661e-06,-0.16666667,0.16666667,1.0,2.0,0.4,0.71978664,4.040458,0.24467508,4.8995285,1.0,1.0,0.0,1.0,0.0,0.0,0.0,0.0,0.0,0.0,0.0,0,0.056839097,0.058243506,0.502568,11.603599,8.731217,1.3319693,2.6665485,2.475567,7.3749185,0.079075985,1.437046,0.0,0.0,1.8567268,-0.1669921,5.5707965,2.3026738,1.6819127,5.9264154,1.969646,2.2229216,2.025587,2.2333064,2.3888123,3.2760906
3,94,95,48,0,1.0,-0.3606844,0.26,-0.45401216,0.0,-5.5628257e-06,-0.16666667,0.16666667,1.0,2.0,0.6,0.668627,3.407745,0.38438663,4.4074287,1.0,1.0,1.0,1.0,47.0,0.0,0.0,0.0,0.0,0.0,0.0,0,0.059012257,0.06268345,0.5318628,11.09396,8.87678,0.7764313,3.3057983,2.692195,8.278477,1.3639317,1.508251,0.0,0.0,1.7617841,-0.15188567,5.4612885,2.266966,1.8111225,5.872979,1.9758254,2.198214,2.0350308,2.22472,2.3968627,3.2995079
0,95,96,48,0,1.0,-0.66009235,0.24000001,-0.73342025,0.0,-5.4574048e-06,-0.16666667,0.16666667,1.0,2.0,0.4,0.68157864,4.51188,0.22066613,5.6453013,0.0,1.0,0.0,1.0,0.0,0.0,0.0,0.0,0.0,0.0,0.0,0,0.060046278,0.062360935,0.5297931,10.564845,7.589271,1.3787361,3.2434444,3.1960492,1.8901358,0.0,1.3942237,0.0,0.0,1.7264552,-0.14678054,5.673589,2.2552235,1.6966177,6.0334706,1.9764215,2.2371254,2.0315692,2.1761787,2.4308238,3.4706903
1,95,96,50,0,1.0,-0.58880025,0.24000001,-0.66212755,0.0,-6.0104085e-06,-0.16666667,0.16666667,1.0,2.0,0.4,0.58695793,3.2099686,0.16710716,6.262257,0.0,1.0,0.0,1.0,0.0,0.0,0.0,0.0,0.0,0.0,0.0,0,0.06291576,0.061115924,0.54794794,10.75846,6.8817706,1.6857553,2.846854,2.2285354,1.7251105,0.0,1.2877363,0.0,0.0,1.7016519,-0.13861619,5.5753975,2.222559,1.725975,6.0111423,1.9903712,2.2306547,2.0366945,2.164639,2.4533515,3.6107328
2,95,96,49,0,1.0,-0.631562,0.24000001,-0.7048904,0.0,-4.9490736e-06,-0.16666667,0.16666667,1.0,2.0,0.4,0.72390276,4.0609446,0.25263372,5.1541805,0.0,1.0,0.0,1.0,0.0,0.0,0.0,0.0,0.0,0.0,0.0,0,0.058307283,0.058507692,0.50688595,11.797969,9.117975,1.4759822,2.2018557,2.6298726,8.057697,0.0,1.529393,0.0,0.0,1.8549714,-0.18028542,5.592185,2.309623,1.6928041,5.948861,1.9724876,2.2291563,2.0218267,2.2202258,2.4007006,3.2965991
3,95,96,48,0,1.0,-0.36783212,0.26,-0.46115988,0.0,-5.542404e-06,-0.16666667,0.16666667,1.0,2.0,0.6,0.6714438,3.3983135,0.38679457,4.53369,1.0,1.0,1.0,1.0,48.0,0.0,0.0,0.0,0.0,0.0,0.0,0,0.058680877,0.06300404,0.53630036,11.6683445,8.762147,1.1738539,3.2684681,2.0253997,8.425611,1.594251,1.7150097,0.0,0.0,1.7576565,-0.16454607,5.4788904,2.2791262,1.8302606,5.8934903,1.9781023,2.2000923,2.0343945,2.2232416,2.4029427,3.3113797
0,96,97,48,0,1.0,-0.66753936,0.24000001,-0.74086726,0.0,-5.4399784e-06,-0.16666667,0.16666667,1.0,2.0,0.4,0.6830436,4.5324807,0.22941239,5.7225833,0.0,1.0,0.0,1.0,0.0,0.0,0.0,0.0,0.0,0.0,0.0,0,0.060000412,0.062699765,0.53436285,10.881033,7.4124327,1.7915868,2.51818,3.119546,2.109919,0.0,1.2151968,0.0,0.0,1.7252554,-0.15954897,5.693009,2.265054,1.7057406,6.0546775,1.9784794,2.2389264,2.0313158,2.1741889,2.4360006,3.4847085
1,96,97,50,0,1.0,-0.5959032,0.24000001,-0.6692306,0.0,-5.9711792e-06,-0.16666667,0.16666667,1.0,2.0,0.4,0.5861083,3.1815553,0.1682689,6.4311695,0.0,1.0,0.0,1.0,0.0,0.0,0.0,0.0,0.0,0.0,0.0,0,0.06279424,0.061387673,0.55262655,11.746905,7.4674,2.1286354,3.1076877,1.3738647,1.7367417,0.08684252,1.4021313,0.0,0.0,1.6930252,-0.14842935,5.5906754,2.2260056,1.7394826,6.029978,1.9939609,2.2312403,2.036763,2.1643894,2.4606342,3.6418188
2,96,97,49,0,1.0,-0.6484888,0.24000001,-0.72181726,0.0,-4.8854276e-06,-0.16666667,0.16666667,1.0,2.0,0.4,0.7221149,4.129381,0.26832888,5.3547444,0.0,1.0,0.0,1.0,0.0,0.0,0.0,0.0,0.0,0.0,0.0,0,0.05821811,0.05876502,0.51110315,11.856309,8.959514,1.5399455,2.3935935,2.3845346,6.615312,0.0,1.1722397,0.0,0.0,1.8478348,-0.192336,5.614364,2.3108692,1.70622,5.9709044,1.9751512,2.2332408,2.0192854,2.211361,2.4102182,3.3271973
3,96,97,48,0,1.0,-0.37255138,0.26,-0.46587914,0.0,-5.538946e-06,-0.16666667,0.16666667,1.0,2.0,0.6,0.6721614,3.3563616,0.38830605,4.658883,1.0,1.0,1.0,1.0,49.0,0.0,0.0,0.0,0.0,0.0,0.0,0,0.058559597,0.06332419,0.54077566,11.704536,8.761293,1.1446898,3.169966,2.1944313,8.891704,1.5635158,1.6640915,0.0,0.0,1.7548773,-0.17807893,5.4940076,2.2911398,1.8467165,5.9134946,1.9803673,2.2012672,2.034071,2.222933,2.4095812,3.3294327
0,97,98,48,0,1.0,-0.6722664,0.24000001,-0.7455943,0.0,-5.446381e-06,-0.16666667,0.16666667,1.0,2.0,0.4,0.6823183,4.548,0.23822398,5.761175,0.0,1.0,0.0,1.0,0.0,0.0,0.0,0.0,0.0,0.0,0.0,0,0.06020839,0.0630358,0.53891844,10.703787,7.3070116,1.638452,2.8257108,3.972078,2.7827697,0.0,1.4023308,0.0,0.0,1.7207723,-0.17100312,5.7079086,2.272431,1.717997,6.0746517,1.9824654,2.2390604,2.0309582,2.1742432,2.440769,3.5019505
1,97,98,50,0,1.0,-0.59879804,0.24000001,-0.6721254,0.0,-5.957548e-06,-0.16666667,0.16666667,1.0,2.0,0.4,0.5832259,3.1667585,0.16616078,6.5288157,0.0,1.0,0.0,1.0,0.0,0.0,0.0,0.0,0.0,0.0,0.0,0,0.062659815,0.061667353,0.55724543,11.312242,7.477761,1.691179,3.1652288,0.42400774,1.5268309,0.040066842,1.3035301,0.0,0.0,1.6842421,-0.15808307,5.6058693,2.2279112,1.7515253,6.048144,1.9958161,2.2327394,2.0366066,2.164964,2.4670026,3.6578934
2,97,98,49,0,1.0,-0.65317637,0.24000001,-0.7265048,0.0,-4.9090736e-06,-0.16666667,0.16666667,1.0,2.0,0.4,0.73107433,4.0939674,0.283712,5.362197,0.0,1.0,0.0,1.0,0.0,0.0,0.0,0.0,0.0,0.0,0.0,0,0.0585411,0.05903979,0.51530844,11.92121,9.211394,1.1817403,2.691191,2.9737203,5.414137,0.0,1.202176,0.0,0.0,1.8447359,-0.20376034,5.634431,2.315842,1.7162488,5.9927793,1.9770466,2.2361383,2.0175323,2.2094815,2.4178717,3.3469696
3,97,98,48,0,1.0,-0.3838426,0.26,-0.4771704,0.0,-5.5056607e-06,-0.16666667,0.16666667,1.0,2.0,0.6,0.6755204,3.366608,0.39461702,4.8261123,1.0,1.0,1.0,1.0,50.0,0.0,0.0,0.0,0.0,0.0,0.0,0,0.05840878,0.06364066,0.54526997,11.42274,8.849706,1.0712727,3.1982703,2.301898,5.9229846,1.161319,1.1652178,0.0,0.0,1.7520077,-0.19152127,5.5109787,2.3019898,1.8624938,5.934302,1.9838833,2.2031486,2.0339496,2.22267,2.4211078,3.3599932
0,98,99,48,0,1.0,-0.6778437,0.24000001,-0.7511716,0.0,-5.4379684e-06,-0.16666667,0.16666667,1.0,2.0,0.4,0.6846703,4.5393844,0.23556066,5.8828907,0.0,1.0,0.0,1.0,0.0,0.0,0.0,0.0,0.0,0.0,0.0,0,0.06018128,0.06337571,0.54349244,11.394575,7.2577677,1.5892868,2.7335176,3.7183776,3.5731444,0.0,1.2499425,0.0,0.44778255,1.7151378,-0.18320307,5.719746,2.280414,1.7327415,6.095751,1.9861176,2.2394724,2.0309343,2.1730852,2.4459057,3.5337095
1,98,99,50,0,1.0,-0.6002518,0.24000001,-0.67357916,0.0,-5.9978647e-06,-0.16666667,0.16666667,1.0,2.0,0.4,0.57876444,3.1289606,0.1646133,6.625733,0.0,1.0,0.0,1.0,0.0,0.0,0.0,0.0,0.0,0.0,0.0,0,0.062832765,0.061943505,0.56178147,11.389058,7.5082498,1.8178256,2.975137,0.0,1.3965788,0.0,1.2853689,0.0,0.0,1.67367,-0.16777106,5.618222,2.2286496,1.7620027,6.064877,1.9976869,2.2340589,2.0365164,2.1645617,2.4737453,3.676119
2,98,99,49,0,1.0,-0.65931994,0.24000001,-0.7326484,0.0,-4.876941e-06,-0.16666667,0.16666667,1.0,2.0,0.4,0.73328865,4.132414,0.29960996,5.3560605,0.0,1.0,0.0,1.0,0.0,0.0,0.0,0.0,0.0,0.0,0.0,0,0.058430146,0.059319407,0.51948917,11.778797,9.306433,1.316351,2.6850228,2.7020917,4.682692,0.0,1.1670372,0.0,0.0,1.8437855,-0.21580793,5.654489,2.3248065,1.7275566,6.0139546,1.9790255,2.2377424,2.016261,2.2106216,2.424095,3.3703117
3,98,99,48,0,1.0,-0.3902203,0.26,-0.4835481,0.0,-5.527016e-06,-0.16666667,0.16666667,1.0,2.0,0.6,0.67785877,3.330138,0.40463275,4.9283667,1.0,1.0,1.0,1.0,51.0,0.0,0.0,0.0,0.0,0.0,0.0,0,0.058755647,0.06396355,0.5496743,11.74105,8.68565,1.2524841,2.88384,1.4897703,5.49573,1.2604142,0.9095712,0.0,0.0,1.7494705,-0.20375922,5.527036,2.314619,1.8799074,5.954856,1.9852571,2.2057095,2.0338893,2.2211971,2.4338272,3.4019284
0,99,100,48,0,1.0,-0.6573228,0.26,-0.75065064,0.0,-5.487322e-06,-0.16666667,0.16666667,1.0,2.0,0.6,0.68230623,4.4922295,0.24157771,5.9013634,0.0,1.0,1.0,1.0,0.0,0.0,0.0,0.0,0.0,0.0,0.0,0,0.06041411,0.06370917,0.54806167,11.126006,7.3905454,1.4332795,3.111048,4.280189,3.5969884,0.0,1.3349034,0.0,0.6126547,1.708477,-0.19556284,5.733508,2.286651,1.7473614,6.1161766,1.9870989,2.2402742,2.029176,2.1745083,2.4507957,3.5489023
1,99,100,50,0,1.0,-0.6040604,0.24000001,-0.6773878,0.0,-5.9785048e-06,-0.16666667,0.16666667,1.0,2.0,0.4,0.5769643,3.1126568,0.16419742,6.7292895,0.0,1.0,0.0,1.0,0.0,0.0,0.0,0.0,0.0,0.0,0.0,0,0.06284876,0.062210698,0.5662748,11.3991785,7.657325,1.4146023,3.1103058,0.0,1.245144,0.0,1.2415903,0.0,0.0,1.6636372,-0.17731078,5.632065,2.2278347,1.772212,6.0824394,1.9996755,2.2353568,2.036486,2.163787,2.481145,3.6935554
2,99,100,49,0,1.0,-0.6663183,0.24000001,-0.7396468,0.0,-4.867513e-06,-0.16666667,0.16666667,1.0,2.0,0.4,0.72537434,4.2331066,0.3223604,5.321155,0.0,1.0,0.0,1.0,0.0,0.0,0.0,0.0,0.0,0.0,0.0,0,0.058536053,0.05961396,0.523615,12.157133,9.164266,1.3640275,2.2783327,2.67376,4.0883775,0.0,1.1399751,0.0,0.0,1.8428352,-0.22743419,5.675396,2.3341677,1.7390959,6.035262,1.9811802,2.2379503,2.0151682,2.2127013,2.4298282,3.4072676
3,99,100,48,0,1.0,-0.3879799,0.26,-0.4813077,0.0,-5.523407e-06,-0.16666667,0.16666667,1.0,2.0,0.6,0.67842674,3.2999127,0.4092514,4.88785,1.0,1.0,1.0,1.0,52.0,0.0,0.0,0.0,0.0,0.0,0.0,0,0.05879097,0.0642753,0.5540489,11.73866,9.0607605,1.4138836,2.8860748,0.8846828,4.091673,1.0481836,0.83035296,0.0,0.0,1.7446879,-0.21605715,5.543658,2.3251839,1.896131,5.9760365,1.9865513,2.2074475,2.0336463,2.2238982,2.4457123,3.4259293
0,100,101,48,0,1.0,-0.67610294,0.24000001,-0.7494305,0.0,-5.8075225e-06,-0.16666667,0.16666667,1.0,2.0,0.4,0.67744714,4.4689903,0.24612415,5.901761,0.0,1.0,0.0,1.0,0.0,0.0,0.0,0.0,0.0,0.0,0.0,0,0.06157399,0.06394809,0.55304384,11.149463,7.424737,1.5593896,3.0563538,3.6676962,3.7133484,0.0,1.4007024,0.0,0.49014363,1.7031629,-0.20694174,5.752762,2.2929375,1.75895,6.137462,1.9872136,2.2423334,2.0281248,2.1741881,2.456658,3.557272
1,100,101,50,0,1.0,-0.60760903,0.24000001,-0.6809364,0.0,-5.966194e-06,-0.16666667,0.16666667,1.0,2.0,0.4,0.5726,3.0998049,0.16504346,6.8307047,0.0,1.0,0.0,1.0,0.0,0.0,0.0,0.0,0.0,0.0,0.0,0,0.06290091,0.06246442,0.5707446,11.516688,7.610952,1.6387426,3.1095033,0.0,1.0710696,0.0,1.2444795,0.0,0.0,1.652746,-0.18599108,5.6463466,2.2287416,1.7841913,6.100073,2.0018444,2.2364519,2.0365052,2.1629984,2.4885166,3.7110162
2,100,101,49,0,1.0,-0.6769053,0.24000001,-0.75023377,0.0,-4.8545917e-06,-0.16666667,0.16666667,1.0,2.0,0.4,0.72466004,4.3660254,0.3432621,5.299038,0.0,1.0,0.0,1.0,0.0,0.0,0.0,0.0,0.0,0.0,0.0,0,0.058487035,0.0599155,0.52765626,12.401232,9.28864,1.0331038,2.4012785,3.3553061,3.2242029,0.014650857,1.0125903,0.0,0.0,1.8409021,-0.23844652,5.6963468,2.340896,1.7481692,6.0572853,1.983478,2.238114,2.0146809,2.2147923,2.4353426,3.4333217
3,100,101,48,0,1.0,-0.38895875,0.26,-0.48228663,0.0,-5.4303623e-06,-0.16666667,0.16666667,1.0,2.0,0.6,0.6822677,3.249234,0.41965422,4.886888,1.0,1.0,1.0,1.0,53.0,0.0,0.0,0.0,0.0,0.0,0.0,0,0.058490627,0.06460469,0.5582394,11.809789,9.153236,1.2850724,2.9423118,0.21405846,3.9090843,1.148937,0.81013024,0.0,0.0,1.7405372,-0.22807606,5.5596313,2.3345668,1.9107841,5.9961534,1.9890212,2.2080154,2.0339391,2.2274525,2.4567199,3.4619157
0,101,102,48,0,1.0,-0.6823832,0.24000001,-0.7557111,0.0,-5.4453767e-06,-0.16666667,0.16666667,1.0,2.0,0.4,0.680877,4.430814,0.25310862,6.0134797,0.0,1.0,0.0,1.0,0.0,0.0,0.0,0.0,0.0,0.0,0.0,0,0.060238954,0.06427507,0.5575751,10.894833,7.4714947,1.4504339,3.2032025,3.358415,3.5471056,0.0,1.2809783,0.0,0.08487939,1.6998522,-0.21858662,5.7752647,2.2981644,1.7670062,6.158768,1.9885637,2.2437327,2.025342,2.174558,2.4616463,3.5745225
1,101,102,50,0,1.0,-0.61682814,0.24000001,-0.6901555,0.0,-5.963045e-06,-0.16666667,0.16666667,1.0,2.0,0.4,0.57039845,3.1129084,0.16949774,6.99072,0.0,1.0,0.0,1.0,0.0,0.0,0.0,0.0,0.0,0.0,0.0,0,0.06296609,0.06271406,0.5751949,11.450608,7.584681,1.6232584,2.9783356,0.0,1.0508618,0.44520324,0.99409723,0.0,0.0,1.643619,-0.19542985,5.661541,2.227926,1.7932818,6.118255,2.004496,2.2376835,2.036812,2.163506,2.4960072,3.7347238
2,101,102,49,0,1.0,-0.67881787,0.24000001,-0.75214636,0.0,-4.813485e-06,-0.16666667,0.16666667,1.0,2.0,0.4,0.72565496,4.4660115,0.3611428,5.1429267,0.0,1.0,0.0,1.0,0.0,0.0,0.0,0.0,0.0,0.0,0.0,0,0.05841968,0.060242392,0.53160024,12.6029215,9.136912,1.6627958,2.324612,3.2736092,2.8976517,0.0,1.1034611,0.0,0.0,1.8393986,-0.25003886,5.71641,2.3547502,1.7646873,6.080019,1.984556,2.2385948,2.013991,2.2210045,2.4401453,3.45204
3,101,102,48,0,1.0,-0.39045507,0.26,-0.48378295,0.0,-5.43593e-06,-0.16666667,0.16666667,1.0,2.0,0.6,0.6872237,3.199221,0.43007746,4.8899317,1.0,1.0,1.0,1.0,54.0,0.0,0.0,0.0,0.0,0.0,0.0,0,0.058454055,0.064938456,0.5623112,11.949512,9.17215,0.9640213,3.1021774,0.0,3.3390443,1.1914252,0.82402635,0.0,0.0,1.7367203,-0.24017543,5.5755525,2.3443158,1.9243442,6.0168076,1.9923531,2.2072449,2.0342455,2.2321103,2.4665399,3.4987905
0,102,103,48,0,1.0,-0.6637949,0.26,-0.75712276,0.0,-5.42102e-06,-0.16666667,0.16666667,1.0,2.0,0.6,0.6805331,4.3767705,0.2641401,6.0423183,0.0,1.0,1.0,1.0,0.0,0.0,0.0,0.0,0.0,0.0,0.0,0,0.060075216,0.064612105,0.5621785,11.108327,7.6153574,1.593988,3.0693002,3.1658425,3.9833612,0.0,1.0878927,0.0,0.7084484,1.6951885,-0.22979565,5.793657,2.303926,1.7775145,6.177913,1.9916906,2.2441015,2.0204902,2.1732488,2.4688866,3.579943
1,102,103,50,0,1.0,-0.6181308,0.24000001,-0.69145817,0.0,-5.971259e-06,-0.16666667,0.16666667,1.0,2.0,0.4,0.5680196,3.1553674,0.17283686,6.9695134,0.0,1.0,0.0,1.0,0.0,0.0,0.0,0.0,0.0,0.0,0.0,0,0.06315395,0.06295751,0.5796318,11.430832,7.696212,1.6583058,3.0097442,0.0,0.737319,0.32800323,1.1560105,0.0,0.0,1.6372193,-0.20551942,5.679581,2.2288027,1.8025806,6.137923,2.0046391,2.2401252,2.0366774,2.162778,2.5033524,3.7369695
2,102,103,49,0,1.0,-0.68508226,0.24000001,-0.7584108,0.0,-4.7753488e-06,-0.16666667,0.16666667,1.0,2.0,0.4,0.725197,4.566896,0.381356,5.0685544,0.0,1.0,0.0,1.0,0.0,0.0,0.0,0.0,0.0,0.0,0.0,0,0.05824459,0.06059808,0.53538924,12.4575615,9.120203,1.7775728,2.3182886,2.8728776,2.5265863,0.0,0.96299225,0.0,0.0,1.8392261,-0.26203656,5.736479,2.367477,1.7783234,6.100751,1.9856379,2.238895,2.0133913,2.2249825,2.444787,3.4674351
3,102,103,48,0,1.0,-0.38639483,0.26,-0.47972274,0.0,-5.411797e-06,-0.16666667,0.16666667,1.0,2.0,0.6,0.68860364,3.163296,0.43581823,4.8090487,1.0,1.0,1.0,1.0,55.0,0.0,0.0,0.0,0.0,0.0,0.0,0,0.05846569,0.065267384,0.56633335,11.844517,9.142002,1.294857,2.9152362,0.0,3.3347068,0.82678545,0.74726874,0.0,0.0,1.733477,-0.25210118,5.5925446,2.3553665,1.9378234,6.0371633,1.9933313,2.2087455,2.034109,2.2349944,2.4762387,3.5156767
0,103,104,48,0,1.0,-0.6655186,0.26,-0.75884616,0.0,-5.7421416e-06,-0.16666667,0.16666667,1.0,2.0,0.6,0.68048847,4.3426523,0.26896688,6.0869927,0.0,1.0,1.0,1.0,0.0,0.0,0.0,0.0,0.0,0.0,0.0,0,0.061450012,0.064854406,0.5670737,11.0061865,7.705727,1.893912,3.2165973,3.4309871,3.3644912,0.057554696,1.0578378,0.0,0.7240807,1.6901381,-0.24071708,5.8140297,2.3084497,1.7875788,6.198023,1.9950509,2.244255,2.0160756,2.174684,2.4770424,3.5918767
1,103,104,50,0,1.0,-0.6255877,0.24000001,-0.69891506,0.0,-5.9514223e-06,-0.16666667,0.16666667,1.0,2.0,0.4,0.56832623,3.1984868,0.17746754,7.050845,0.0,1.0,0.0,1.0,0.0,0.0,0.0,0.0,0.0,0.0,0.0,0,0.06316454,0.063379206,0.58401895,11.517068,7.745668,1.7460643,2.9683404,0.0,0.6191228,0.4192981,1.1393378,0.0,0.0,1.6297653,-0.21509379,5.6981945,2.228866,1.8119912,6.157581,2.0070047,2.2413752,2.0367682,2.1634834,2.5100439,3.7513998
2,103,104,49,0,1.0,-0.6897113,0.24000001,-0.7630398,0.0,-4.7742587e-06,-0.16666667,0.16666667,1.0,2.0,0.4,0.7343927,4.5328264,0.40042955,5.0538583,0.0,1.0,0.0,1.0,0.0,0.0,0.0,0.0,0.0,0.0,0.0,0,0.058278356,0.060972825,0.539099,12.438732,9.089179,1.7650698,2.45876,3.1314034,2.6324852,0.21500981,0.92459476,0.0,0.34874484,1.8397644,-0.27411953,5.75408,2.3818069,1.7919841,6.1206603,1.9874885,2.2388651,2.0097322,2.227805,2.450073,3.4925454
3,103,104,48,0,1.0,-0.38356102,0.26,-0.47688895,0.0,-5.370625e-06,-0.16666667,0.16666667,1.0,2.0,0.6,0.6918432,3.1227,0.44578278,4.7269483,1.0,1.0,1.0,1.0,56.0,0.0,0.0,0.0,0.0,0.0,0.0,0,0.058506727,0.06559728,0.57028276,11.923838,9.287524,1.2497398,2.9015749,0.0,3.188774,0.7044177,0.6967972,0.0,0.0,1.729402,-0.26382244,5.609855,2.3642871,1.9509938,6.0574584,1.9942403,2.2090018,2.0339928,2.2395427,2.4855292,3.537567
0,104,105,48,0,1.0,-0.6873676,0.24000001,-0.7606952,0.0,-5.6935346e-06,-0.16666667,0.16666667,1.0,2.0,0.4,0.68121517,4.2900543,0.27685234,6.1335125,0.0,1.0,0.0,1.0,0.0,0.0,0.0,0.0,0.0,0.0,0.0,0,0.061212666,0.065094315,0.5718306,11.019232,7.6722794,1.349633,3.1396437,3.7211752,2.4962342,0.0,0.97910947,0.0,0.4645603,1.6853992,-0.2512917,5.8339996,2.3122454,1.7965585,6.21929,1.9991324,2.243199,2.0115635,2.1731532,2.4874623,3.607355
1,104,105,50,0,1.0,-0.63322395,0.24000001,-0.7065514,0.0,-5.94476e-06,-0.16666667,0.16666667,1.0,2.0,0.4,0.5690329,3.2211668,0.18116443,7.158873,0.0,1.0,0.0,1.0,0.0,0.0,0.0,0.0,0.0,0.0,0.0,0,0.0631327,0.063980885,0.588391,11.378934,7.7124763,1.4619683,3.032309,0.0,1.1340241,0.28519982,1.038626,0.0,0.0,1.6243964,-0.22510886,5.717769,2.229237,1.8199977,6.1772594,2.008865,2.2429326,2.0368428,2.1630113,2.517888,3.7678323
2,104,105,49,0,1.0,-0.69740546,0.24000001,-0.770734,0.0,-4.7541284e-06,-0.16666667,0.16666667,1.0,2.0,0.4,0.74884456,4.446159,0.4167917,5.1403384,0.0,1.0,0.0,1.0,0.0,0.0,0.0,0.0,0.0,0.0,0.0,0,0.058165297,0.06134293,0.54278666,12.675089,9.277125,1.2065344,2.2964609,3.3579302,2.2558603,0.22952323,0.77803177,0.0,0.43135482,1.8398196,-0.2854485,5.771475,2.393336,1.7999841,6.140155,1.990705,2.2386625,2.0002267,2.2274406,2.4550416,3.517178
3,104,105,48,0,1.0,-0.38200706,0.26,-0.47533506,0.0,-5.3054296e-06,-0.16666667,0.16666667,1.0,2.0,0.6,0.6968224,3.0841084,0.45726457,4.652157,1.0,1.0,1.0,1.0,57.0,0.0,0.0,0.0,0.0,0.0,0.0,0,0.058379687,0.0659268,0.5741463,11.977929,9.306568,1.267829,2.744538,0.0,2.9851964,0.7244487,0.69866955,0.0,0.0,1.7263606,-0.27552283,5.627571,2.373912,1.963422,6.0776787,1.9949697,2.2093625,2.034001,2.243971,2.4943843,3.5577874
0,105,106,48,0,1.0,-0.6700555,0.26,-0.7633835,0.0,-5.3089907e-06,-0.16666667,0.16666667,1.0,2.0,0.6,0.68662834,4.229036,0.28650597,6.1729627,0.0,1.0,1.0,1.0,0.0,0.0,0.0,0.0,0.0,0.0,0.0,0,0.06002346,0.06543351,0.5761097,11.044224,7.6814733,1.3719026,3.1375213,3.7056189,1.9375138,0.3638174,1.0369211,0.0,0.7346906,1.6821485,-0.26262254,5.8541,2.3168118,1.803713,6.240762,2.0037315,2.2420764,2.0051866,2.1749816,2.4969258,3.6196516
1,105,106,50,0,1.0,-0.63997036,0.24000001,-0.7132978,0.0,-5.9275444e-06,-0.16666667,0.16666667,1.0,2.0,0.4,0.56814754,3.231357,0.18871303,7.2502956,0.0,1.0,0.0,1.0,0.0,0.0,0.0,0.0,0.0,0.0,0.0,0,0.063023835,0.06458395,0.59274507,11.662621,7.8707566,1.9825583,2.6711357,0.0,1.2626497,0.25742012,1.045431,0.0,0.0,1.6152002,-0.23412183,5.7276278,2.2305706,1.8304434,6.19395,2.0113282,2.2438982,2.036927,2.1619592,2.5260274,3.784299
2,105,106,49,0,1.0,-0.7018838,0.24000001,-0.7752124,0.0,-4.728287e-06,-0.16666667,0.16666667,1.0,2.0,0.4,0.75735384,4.4095597,0.4332727,5.1415567,0.0,1.0,0.0,1.0,0.0,0.0,0.0,0.0,0.0,0.0,0.0,0,0.057990637,0.06170547,0.54651535,12.444595,9.333492,1.304495,2.7030797,3.3431387,1.872718,0.48077074,0.7370312,0.0,0.34997442,1.8386464,-0.2959676,5.788318,2.4055443,1.8109776,6.15924,1.9929051,2.2390099,1.9939065,2.2298555,2.4602811,3.5300076
3,105,106,48,0,1.0,-0.38533866,0.26,-0.47866672,0.0,-5.2437363e-06,-0.16666667,0.16666667,1.0,2.0,0.6,0.71666586,3.063992,0.46922126,4.579906,1.0,1.0,1.0,1.0,58.0,0.0,0.0,0.0,0.0,0.0,0.0,0,0.05827252,0.066255406,0.5779371,12.188611,9.28586,1.1863585,2.7169867,0.0,2.4114401,0.7106268,0.64971465,0.0,0.0,1.7159178,-0.289575,5.6466556,2.3772721,1.9697737,6.098564,1.9956715,2.209662,2.034074,2.248814,2.503056,3.5760853
0,106,107,48,0,1.0,-0.6722839,0.26,-0.7656116,0.0,-5.597755e-06,-0.16666667,0.16666667,1.0,2.0,0.6,0.69005626,4.1641183,0.2971588,6.2120376,0.0,1.0,1.0,1.0,0.0,0.0,0.0,0.0,0.0,0.0,0.0,0,0.06103098,0.06569761,0.58073765,11.313163,7.599698,1.5350733,3.0660007,3.6891725,1.6561238,0.4489091,1.0500431,0.0,0.7986698,1.674927,-0.27194953,5.873789,2.326436,1.8207034,6.26248,2.006954,2.2420168,1.9997432,2.1760263,2.5070357,3.6439512
1,106,107,50,0,1.0,-0.649424,0.24000001,-0.72275144,0.0,-5.8959927e-06,-0.16666667,0.16666667,1.0,2.0,0.4,0.56723565,3.3124611,0.19542491,7.3292637,0.0,1.0,0.0,1.0,0.0,0.0,0.0,0.0,0.0,0.0,0.0,0,0.06290709,0.06519677,0.59705406,11.460113,7.4569097,1.7790087,2.5689776,0.0,0.9920305,0.15887123,1.0408306,0.0,0.0,1.6079307,-0.24371594,5.737397,2.2316613,1.8421295,6.21225,2.0135186,2.2449799,2.0370445,2.1624634,2.5332613,3.8012195
2,106,107,49,0,1.0,-0.702847,0.24000001,-0.7761756,0.0,-4.724975e-06,-0.16666667,0.16666667,1.0,2.0,0.4,0.7638051,4.3667426,0.44896844,5.092902,0.0,1.0,0.0,1.0,0.0,0.0,0.0,0.0,0.0,0.0,0.0,0,0.057984024,0.062070422,0.5502728,12.760506,9.414162,1.5577389,2.6330907,3.2796116,0.60728383,0.41961172,0.7283535,0.0,0.42587236,1.8374331,-0.30667222,5.8059053,2.4169016,1.8215038,6.1783514,1.994776,2.2392483,1.9886099,2.2339962,2.4652524,3.5403616
3,106,107,48,0,1.0,-0.39159477,0.26,-0.4849229,0.0,-5.1920883e-06,-0.16666667,0.16666667,1.0,2.0,0.6,0.7224711,3.092473,0.47742665,4.6064954,1.0,1.0,1.0,1.0,59.0,0.0,0.0,0.0,0.0,0.0,0.0,0,0.058342293,0.06657579,0.58163977,12.166029,9.239735,1.407737,2.5256524,0.0,1.7589972,1.7856009,0.85652906,0.0,0.0,1.7111645,-0.30073747,5.665398,2.3844285,1.9803785,6.1190395,1.9988768,2.2088058,2.0348668,2.2551787,2.5108259,3.6068623
0,107,108,48,0,1.0,-0.65463513,0.28,-0.76796293,0.0,-5.5573864e-06,-0.16666667,0.16666667,1.0,2.0,0.8,0.69539994,4.103517,0.305249,6.252496,0.0,1.0,1.0,1.0,0.0,0.0,0.0,0.0,0.0,0.0,0.0,0,0.06077633,0.06596609,0.5852555,11.360573,7.554473,1.8873134,2.9812396,3.8326547,1.3071376,1.0976269,0.89954746,0.0,0.8871775,1.671113,-0.28288627,5.893291,2.336149,1.832721,6.28419,2.0103774,2.2416196,1.9942939,2.1795394,2.5164504,3.6647332
1,107,108,50,0,1.0,-0.63777953,0.26,-0.7311069,0.0,-5.961802e-06,-0.16666667,0.16666667,1.0,2.0,0.6,0.5679964,3.3675382,0.20243914,7.4024205,0.0,1.0,1.0,1.0,0.0,0.0,0.0,0.0,0.0,0.0,0.0,0,0.063378654,0.06580907,0.6,11.394385,7.6559386,1.4311942,2.7835531,0.0,1.0185574,0.67559355,0.9543455,0.0,0.0,1.6038723,-0.25346166,5.7479362,2.2337654,1.8514806,6.2317333,2.0154476,2.246195,2.0371034,2.1629915,2.5410476,3.816973
2,107,108,49,0,1.0,-0.70761263,0.24000001,-0.78094125,0.0,-4.6878254e-06,-0.16666667,0.16666667,1.0,2.0,0.4,0.77572155,4.306992,0.4672963,5.096744,0.0,1.0,0.0,1.0,0.0,0.0,0.0,0.0,0.0,0.0,0.0,0,0.057758223,0.06244145,0.55395114,12.714503,9.356025,1.8109527,2.5467446,3.251938,0.0,0.5699595,0.6157389,0.0,0.4816742,1.8363022,-0.31692013,5.824666,2.4279447,1.8299682,6.197198,1.9969277,2.239377,1.9803941,2.2358513,2.469822,3.5597577
3,107,108,48,0,1.0,-0.398233,0.26,-0.49156117,0.0,-5.147849e-06,-0.16666667,0.16666667,1.0,2.0,0.6,0.7269734,3.1289606,0.48902413,4.622274,1.0,1.0,1.0,1.0,60.0,0.0,0.0,0.0,0.0,0.0,0.0,0,0.058084242,0.066901565,0.5853171,12.4397745,9.936518,1.326401,2.8774772,0.0,1.1879588,2.1278791,0.5241474,0.0,0.0,1.7071177,-0.31203404,5.684871,2.3912368,1.9917816,6.1398487,1.99885,2.2082314,2.0355992,2.2618642,2.520737,3.634433
0,108,109,48,0,1.0,-0.6547568,0.28,-0.7680845,0.0,-5.6136387e-06,-0.16666667,0.16666667,1.0,2.0,0.8,0.6962296,4.072302,0.3172,6.2222395,0.0,1.0,1.0,1.0,0.0,0.0,0.0,0.0,0.0,0.0,0.0,0,0.06101807,0.066249765,0.5899689,11.254426,7.630125,2.2489004,2.8380263,3.7906466,0.8617478,0.9797725,1.083404,0.0,0.84613836,1.6675658,-0.29339975,5.9160953,2.3449476,1.8424492,6.306035,2.013357,2.2413776,1.9907639,2.1831536,2.5258093,3.6758647
1,108,109,50,0,1.0,-0.64562345,0.26,-0.7389507,0.0,-6.0571333e-06,-0.16666667,0.16666667,1.0,2.0,0.6,0.58058256,3.3551953,0.21013138,7.470249,0.0,1.0,1.0,1.0,0.0,0.0,0.0,0.0,0.0,0.0,0.0,0,0.0638721,0.066419885,0.6,11.453773,7.9109464,1.9987596,2.2754831,0.0,1.0628103,0.7478859,1.0081561,0.0,0.0,1.5980889,-0.26302302,5.745118,2.2360568,1.8602524,6.247903,2.017942,2.2473335,2.0371602,2.163188,2.5486417,3.834621
2,108,109,49,0,1.0,-0.7115225,0.24000001,-0.7848512,0.0,-4.6618356e-06,-0.16666667,0.16666667,1.0,2.0,0.4,0.7847594,4.253033,0.48927796,5.0738034,0.0,1.0,0.0,1.0,0.0,0.0,0.0,0.0,0.0,0.0,0.0,0,0.05718863,0.06284076,0.5579393,12.861656,9.2734375,1.1510775,2.6236906,3.3400156,0.0,0.5410482,0.6353505,0.0,0.49574426,1.8325362,-0.32643414,5.840994,2.4362953,1.8416077,6.215382,1.9987978,2.2393732,1.9750462,2.2386293,2.4749727,3.5722163
3,108,109,48,0,1.0,-0.47669393,0.2,-0.5100221,0.0,-5.1167067e-06,-0.16666667,0.16666667,1.0,2.0,0.0,0.71833646,3.2758665,0.5115651,4.775066,1.0,1.0,0.0,1.0,0.0,0.0,0.0,0.0,0.0,0.0,0.0,0,0.058009196,0.06724045,0.58894074,12.439684,9.506549,1.0121702,2.603597,0.0,0.0,0.3287881,0.029950334,0.0,0.0,1.7039348,-0.32327658,5.700452,2.4002302,2.0043564,6.158076,2.0000794,2.20405,2.0359025,2.2710402,2.5372486,3.6638222
0,109,110,48,0,1.0,-0.67961276,0.26,-0.77294046,0.0,-5.575384e-06,-0.16666667,0.16666667,1.0,2.0,0.6,0.7052754,4.082478,0.33291423,6.1853824,0.0,1.0,1.0,1.0,0.0,0.0,0.0,0.0,0.0,0.0,0.0,1,0.060898986,0.0,0.0,11.560618,7.499154,2.196924,2.8103278,3.3955061,0.23308812,0.8336837,0.9578439,0.0,0.8930801,nan,nan,nan,nan,nan,nan,nan,nan,nan,nan,nan,nan
1,109,110,50,0,1.0,-0.707693,0.26,-0.8010204,0.0,-5.9025106e-06,-0.16666667,0.16666667,1.0,2.0,0.6,0.67497075,3.7748153,0.22190684,7.761205,0.0,1.0,1.0,1.0,0.0,0.0,0.0,0.0,0.0,0.0,0.0,1,0.062893644,0.0,0.0,11.834249,7.759971,3.9200013,2.291894,0.0,1.451513,1.1856356,0.7985808,0.0,0.39838663,nan,nan,nan,nan,nan,nan,nan,nan,nan,nan,nan,nan
2,109,110,49,0,1.0,-0.75402015,0.22000001,-0.80734885,0.0,-4.641504e-06,-0.16666667,0.16666667,1.0,2.0,0.2,0.7973338,4.179131,0.541493,5.273711,0.0,1.0,0.0,1.0,0.0,0.0,0.0,0.0,0.0,0.0,0.0,1,0.05705965,0.0,0.0,12.992982,9.220177,1.816733,2.5792484,3.0174522,0.0,0.45525753,0.3244972,0.0,0.5929211,nan,nan,nan,nan,nan,nan,nan,nan,nan,nan,nan,nan
3,109,110,48,0,1.0,-0.70457464,0.22000001,-0.757903,0.0,-4.998079e-06,-0.16666667,0.16666667,1.0,2.0,0.2,0.7207942,3.2361984,0.57226413,5.4565697,0.0,1.0,0.0,1.0,0.0,0.0,0.0,0.0,0.0,0.0,0.0,1,0.059731573,0.0,0.0,12.245084,9.839388,1.0381972,2.7817502,0.0,0.0,0.5514004,0.079699874,0.0,0.4956186,nan,nan,nan,nan,nan,nan,nan,nan,nan,nan,nan,nan
