env,step,row,release_row,released,certified,k,gate_ok,can,contact,reward,r_adv,r_leash,r_bonus,r_act,r_soft,e_n_cm,e_xy_cm,dp_plate_cm,dr_plate_deg,dp_sponge_cm,dr_sponge_deg,within,plate_tilt_deg,gap_mm,coverage,travel_cm,success,died,die_kind,cross_any,dq_re_deg,done,F_L_thumb,F_L_index,F_L_middle,F_L_ring,F_L_pinky,F_R_thumb,F_R_index,F_R_middle,F_R_ring,F_R_pinky
0,0,1.0,10.0,0.0,0.0,0.0,0.0,0.0,1.0,-0.00013390195,0.0,-0.0,0.0,-0.00013390195,-0.0,0.13553259,0.49365577,0.0,0.0,0.0,0.0,1.0,0.1266688,-3.6664884,0.2824074,0.0,0.0,0.0,0.0,0.0,0.0,0,0.0,0.0,0.0,0.0,5.4427037,0.0,0.0,0.0,2.5983133,0.0
1,0,1.0,10.0,0.0,0.0,0.0,0.0,0.0,1.0,-0.00013396882,0.0,-0.0,0.0,-0.00013396882,-0.0,0.12812671,0.4809801,0.0,0.0,0.0,0.0,1.0,0.132704,-3.7472796,0.2962963,0.0,0.0,0.0,0.0,0.0,0.0,0,0.0,0.0,0.0,0.0,5.3256483,0.0,0.0,0.0,4.1915727,0.0
2,0,1.0,10.0,0.0,0.0,0.0,0.0,0.0,1.0,-0.00013395847,0.0,-0.0,0.0,-0.00013395847,-0.0,0.140284,0.5057102,0.0,0.0,0.0,0.0,1.0,0.11869406,-3.461254,0.2685185,0.0,0.0,0.0,0.0,0.0,0.0,0,0.0,0.0,0.0,0.0,5.2978787,0.0,0.0,0.0,2.8532958,0.0
3,0,1.0,10.0,0.0,0.0,0.0,0.0,0.0,1.0,-0.00013395061,0.0,-0.0,0.0,-0.00013395061,-0.0,0.14287066,0.49752694,0.0,0.0,0.0,0.0,1.0,0.10279207,-3.339367,0.2685185,0.0,0.0,0.0,0.0,0.0,0.0,0,0.0,0.0,0.0,0.0,4.7315655,0.0,0.0,0.0,2.1257892,0.0
0,1,2.0,10.0,0.0,0.0,0.0,0.0,0.0,1.0,-0.00012251709,0.0,-0.0,0.0,-0.00012251709,-0.0,0.082096644,0.40058425,0.0,0.0,0.0,0.0,1.0,0.21028928,-3.5907514,0.33333334,0.093955435,0.0,0.0,0.0,0.0,0.0,0,0.0,0.3980238,0.0,0.0,3.6869757,0.0,0.55289686,0.0,0.0,0.0
1,1,2.0,10.0,0.0,0.0,0.0,0.0,0.0,1.0,-0.00012825332,0.0,-0.0,0.0,-0.00012825332,-0.0,0.08623861,0.37687,0.0,0.0,0.0,0.0,1.0,0.21028928,-3.4729633,0.3287037,0.10417524,0.0,0.0,0.0,0.0,0.0,0,0.0,0.8150232,0.0,0.0,2.9654613,0.0,0.5973836,0.0,0.0,0.0
2,1,2.0,10.0,0.0,0.0,0.0,0.0,0.0,1.0,-0.00011431426,0.0,-0.0,0.0,-0.00011431426,-0.0,0.0912616,0.41772193,0.0,0.0,0.0,0.0,1.0,0.14803751,-3.4813144,0.3287037,0.09024113,0.0,0.0,0.0,0.0,0.0,0,0.0,0.47203213,0.0,0.0,4.100313,0.0,0.4079274,0.0,0.0,0.0
3,1,2.0,10.0,0.0,0.0,0.0,0.0,0.0,1.0,-0.0001304902,0.0,-0.0,0.0,-0.0001304902,-0.0,0.09447057,0.414272,0.0,0.0,0.0,0.0,1.0,0.17017418,-3.432935,0.32407406,0.08558669,0.0,0.0,0.0,0.0,0.0,0,0.0,1.318024,0.0,0.0,2.5506778,0.0,0.094719306,0.0,0.0,0.0
0,2,3.0,10.0,0.0,0.0,0.0,0.0,0.0,1.0,-0.00014752125,0.0,-0.0,0.0,-0.00014752125,-0.0,0.057292357,0.4189416,0.0,0.0,0.0,0.0,1.0,0.18345396,-3.513557,0.3564815,0.13059871,0.0,0.0,0.0,0.0,0.0,0,3.4582574,1.2140881,4.8289585,0.0,4.3362203,0.0,0.3271693,0.34898573,0.0,0.0
1,2,3.0,10.0,0.0,0.0,0.0,0.0,0.0,1.0,-0.00014409481,0.0,-0.0,0.0,-0.00014409481,-0.0,0.06706696,0.42727458,0.0,0.0,0.0,0.0,1.0,0.21760587,-3.6690485,0.3472222,0.16670802,0.0,0.0,0.0,0.0,0.0,0,3.8184319,1.0500227,5.329067,0.0,4.837571,0.0,0.4383036,0.21041086,0.3605386,0.0
2,2,3.0,10.0,0.0,0.0,0.0,0.0,0.0,1.0,-0.00014170993,0.0,-0.0,0.0,-0.00014170993,-0.0,0.058596022,0.4084015,0.0,0.0,0.0,0.0,1.0,0.20653379,-3.5749497,0.3564815,0.13260189,0.0,0.0,0.0,0.0,0.0,0,3.4580483,1.0888952,5.619506,0.0,4.012382,0.0,0.24740411,0.49128222,0.26362294,0.0
3,2,3.0,10.0,0.0,0.0,0.0,0.0,0.0,1.0,-0.00013944587,0.0,-0.0,0.0,-0.00013944587,-0.0,0.05561933,0.4150697,0.0,0.0,0.0,0.0,1.0,0.16668901,-3.7071872,0.3564815,0.12415633,0.0,0.0,0.0,0.0,0.0,0,3.694059,1.4423845,4.423524,0.0,5.13143,0.0,0.7556947,0.6033736,0.0,0.0
0,3,4.0,10.0,0.0,0.0,0.0,0.0,0.0,1.0,-0.00018534031,0.0,-0.0,0.0,-0.00018534031,-0.0,0.06338954,0.42234758,0.0,0.0,0.0,0.0,1.0,0.6746368,-3.9377873,0.36574075,0.1378053,0.0,0.0,0.0,0.0,0.0,0,5.3842983,2.5550754,2.0619056,0.19075838,6.860141,0.0,0.45397267,0.8276916,0.0,0.0
1,3,4.0,10.0,0.0,0.0,0.0,0.0,0.0,1.0,-0.00016724363,0.0,-0.0,0.0,-0.00016724363,-0.0,0.06841812,0.4371918,0.0,0.0,0.0,0.0,1.0,0.7058211,-4.2384834,0.37037036,0.18128575,0.0,0.0,0.0,0.0,0.0,0,6.158968,1.5777918,2.670728,0.0,10.829147,0.0,0.69740087,0.79008913,0.0,0.0
2,3,4.0,10.0,0.0,0.0,0.0,0.0,0.0,1.0,-0.00018504634,0.0,-0.0,0.0,-0.00018504634,-0.0,0.06441064,0.41335365,0.0,0.0,0.0,0.0,1.0,0.84371924,-4.0706573,0.3611111,0.13964662,0.0,0.0,0.0,0.0,0.0,0,5.288624,1.9095091,1.8598987,0.38743967,9.151509,0.0,0.60190696,0.8913974,0.0,0.0
3,3,4.0,10.0,0.0,0.0,0.0,0.0,0.0,1.0,-0.0001481423,0.0,-0.0,0.0,-0.0001481423,-0.0,0.06449688,0.44311145,0.0,0.0,0.0,0.0,1.0,0.78134584,-4.0900354,0.3611111,0.15291451,0.0,0.0,0.0,0.0,0.0,0,6.125585,2.6449819,6.503062,0.0,3.4740553,0.0,0.9789357,1.0107733,0.0,0.0
0,4,5.0,10.0,0.0,0.0,0.0,0.0,0.0,1.0,-0.00018044822,0.0,-0.0,0.0,-0.00018044822,-0.0,0.0770729,0.45397174,0.0,0.0,0.0,0.0,1.0,1.2647038,-4.6198416,0.37037036,0.17913912,0.0,0.0,0.0,0.0,0.0,0,5.934713,3.448278,1.3555186,1.8517345,4.9752727,0.9886858,0.0,0.023881964,0.0,0.0
1,4,5.0,10.0,0.0,0.0,0.0,0.0,0.0,1.0,-0.00016566993,0.0,-0.0,0.0,-0.00016566993,-0.0,0.10440331,0.3962747,0.0,0.0,0.0,0.0,1.0,1.4327214,-4.966866,0.37037036,0.22492856,0.0,0.0,0.0,0.0,0.0,0,8.066396,2.3835332,3.9796515,1.2916613,9.040157,1.2721821,0.99019647,0.0,0.0,0.0
2,4,5.0,10.0,0.0,0.0,0.0,0.0,0.0,1.0,-0.0001735935,0.0,-0.0,0.0,-0.0001735935,-0.0,0.051297434,0.41854313,0.0,0.0,0.0,0.0,1.0,1.1783576,-4.603236,0.3611111,0.18851632,0.0,0.0,0.0,0.0,0.0,0,11.077575,2.5879831,1.2381457,0.0,19.797224,1.0584711,1.1247951,0.20319112,0.0,0.0
3,4,5.0,10.0,0.0,0.0,0.0,0.0,0.0,1.0,-0.00019509545,0.0,-0.0,0.0,-0.00019509545,-0.0,0.06883573,0.47109416,0.0,0.0,0.0,0.0,1.0,1.1806803,-5.3409133,0.37037036,0.19097961,0.0,0.0,0.0,0.0,0.0,0,6.1600995,2.6199093,2.0212388,0.0,12.187086,0.8924557,0.18151356,0.0,0.0,0.0
0,5,6.0,10.0,0.0,0.0,0.0,0.0,0.0,1.0,-0.00012356295,0.0,-0.0,0.0,-0.00012356295,-0.0,0.06013103,0.46239886,0.0,0.0,0.0,0.0,1.0,1.2340043,-4.95057,0.37037036,0.22976555,0.0,0.0,0.0,0.0,0.0,0,9.767233,3.1510463,3.5450993,2.0578346,9.879186,1.5798398,0.0,0.24067919,0.0,0.0
1,5,6.0,10.0,0.0,0.0,0.0,0.0,0.0,1.0,-0.00012639193,0.0,-0.0,0.0,-0.00012639193,-0.0,0.060542673,0.46671325,0.0,0.0,0.0,0.0,1.0,1.0779265,-4.7883577,0.375,0.29567075,0.0,0.0,0.0,0.0,0.0,0,9.509383,3.6484315,3.8728852,1.5372112,10.031178,1.8365605,0.0,0.0,0.0,0.0
2,5,6.0,10.0,0.0,0.0,0.0,0.0,0.0,1.0,-0.00013373437,0.0,-0.0,0.0,-0.00013373437,-0.0,0.041836314,0.40992442,0.0,0.0,0.0,0.0,1.0,0.95940375,-4.238123,0.3611111,0.19964513,0.0,0.0,0.0,0.0,0.0,0,7.210004,2.8839371,5.555468,1.9880148,3.934924,2.9756389,0.0,0.35188788,0.0,0.0
3,5,6.0,10.0,0.0,0.0,0.0,0.0,0.0,1.0,-0.000120777,0.0,-0.0,0.0,-0.000120777,-0.0,0.04298836,0.4630958,0.0,0.0,0.0,0.0,1.0,1.0649595,-4.6131544,0.37037036,0.22044094,0.0,0.0,0.0,0.0,0.0,0,7.078028,3.0561922,4.53022,0.9543145,9.971709,2.6639302,0.0,0.0,0.0,0.0
0,6,7.0,10.0,0.0,0.0,0.0,0.0,0.0,1.0,-0.00011100102,0.0,-0.0,0.0,-0.00011100102,-0.0,0.05240012,0.4756511,0.0,0.0,0.0,0.0,1.0,1.2901331,-5.0409594,0.37037036,0.2438405,0.0,0.0,0.0,0.0,0.0,0,13.0276,4.46273,6.552627,0.47262776,9.00271,2.4735115,0.0,0.05445262,0.0,0.0
1,6,7.0,10.0,0.0,0.0,0.0,0.0,0.0,1.0,-9.944117e-05,0.0,-0.0,0.0,-9.944117e-05,-0.0,0.04466772,0.4567741,0.0,0.0,0.0,0.0,1.0,1.0212499,-5.027147,0.375,0.31262073,0.0,0.0,0.0,0.0,0.0,0,10.130442,4.2211466,6.726111,2.2937195,2.0998938,3.3663194,0.0,0.0,0.0,0.0
2,6,7.0,10.0,0.0,0.0,0.0,0.0,0.0,1.0,-9.313224e-05,0.0,-0.0,0.0,-9.313224e-05,-0.0,0.015798584,0.39816326,0.0,0.0,0.0,0.0,1.0,0.81445324,-4.3983526,0.375,0.22772841,0.0,0.0,0.0,0.0,0.0,0,9.715858,3.1338942,6.9278154,1.0346906,8.85513,3.8325162,0.0,0.023411237,0.0,0.0
3,6,7.0,10.0,0.0,0.0,0.0,0.0,0.0,1.0,-9.7129756e-05,0.0,-0.0,0.0,-9.7129756e-05,-0.0,0.025061704,0.37935364,0.0,0.0,0.0,0.0,1.0,0.7080354,-4.718622,0.4074074,0.30464792,0.0,0.0,0.0,0.0,0.0,0,7.805523,2.8934376,6.658743,0.0,9.387991,5.76917,0.0,0.0,0.0,0.0
0,7,8.0,10.0,0.0,0.0,0.0,0.0,0.0,1.0,-9.306942e-05,0.0,-0.0,0.0,-9.306942e-05,-0.0,0.04451163,0.4374437,0.0,0.0,0.0,0.0,1.0,1.3083577,-5.225678,0.375,0.28271046,0.0,0.0,0.0,0.0,0.0,0,14.836349,4.11363,8.472263,0.74078876,10.787496,3.484702,0.0,0.0036699665,0.0,0.0
1,7,8.0,10.0,0.0,0.0,0.0,0.0,0.0,1.0,-0.00010624125,0.0,-0.0,0.0,-0.00010624125,-0.0,0.031024031,0.446004,0.0,0.0,0.0,0.0,1.0,1.1153978,-5.2869673,0.37962964,0.33204213,0.0,0.0,0.0,0.0,0.0,0,13.799528,3.930933,8.084077,0.57918876,11.929578,4.7365804,0.0,0.0,0.0,0.0
2,7,8.0,10.0,0.0,0.0,0.0,0.0,0.0,1.0,-9.8920085e-05,0.0,-0.0,0.0,-9.8920085e-05,-0.0,0.005988963,0.37982127,0.0,0.0,0.0,0.0,1.0,0.9489448,-4.5193677,0.38425925,0.24795395,0.0,0.0,0.0,0.0,0.0,0,12.237301,3.8797684,6.8590093,0.30040225,15.201718,5.1454415,0.0,0.0,0.0,0.0
3,7,8.0,10.0,0.0,0.0,0.0,0.0,0.0,1.0,-9.687018e-05,0.0,-0.0,0.0,-9.687018e-05,-0.0,0.090277195,0.41850656,0.0,0.0,0.0,0.0,1.0,0.42243612,-6.067544,0.41203704,0.34394217,0.0,0.0,0.0,0.0,0.0,0,10.100779,2.9898362,11.106445,0.0,9.294997,5.58644,0.0,0.0,0.0,0.0
0,8,9.0,10.0,0.0,0.0,0.0,0.0,0.0,1.0,-0.000121596044,0.0,-0.0,0.0,-0.000121596044,-0.0,0.02905801,0.41542095,0.0,0.0,0.0,0.0,1.0,1.0869654,-4.9570827,0.38425925,0.32107776,0.0,0.0,0.0,0.0,0.0,0,17.61163,4.0731077,9.952927,0.18191631,22.055494,4.86223,0.0,0.0,0.0,0.0
1,8,9.0,10.0,0.0,0.0,0.0,0.0,0.0,1.0,-0.0001041298,0.0,-0.0,0.0,-0.0001041298,-0.0,0.014092773,0.47358713,0.0,0.0,0.0,0.0,1.0,1.0693603,-5.4314575,0.38425925,0.36976358,0.0,0.0,0.0,0.0,0.0,0,14.647932,5.4947433,10.549498,0.20185761,14.173663,5.877003,0.0,0.0,0.0,0.0
2,8,9.0,10.0,0.0,0.0,0.0,0.0,0.0,1.0,-0.000102843376,0.0,-0.0,0.0,-0.000102843376,-0.0,0.0047879294,0.39466435,0.0,0.0,0.0,0.0,1.0,0.7351526,-4.5807333,0.3888889,0.29261574,0.0,0.0,0.0,0.0,0.0,0,12.546956,3.8436363,11.583133,0.064426176,10.65297,6.748055,0.0,0.039027557,0.28373247,0.0
3,8,9.0,10.0,0.0,0.0,0.0,0.0,0.0,1.0,-0.00011425743,0.0,-0.0,0.0,-0.00011425743,-0.0,0.10061301,0.38138217,0.0,0.0,0.0,0.0,1.0,0.10653117,-5.855346,0.41203704,0.41248965,0.0,0.0,0.0,0.0,0.0,0,10.353783,4.7484374,9.3019495,3.9455514,10.265602,7.534535,0.0,0.03517462,0.0,0.2747277
0,9,10.0,10.0,0.0,0.0,0.0,0.0,0.0,1.0,-9.135703e-05,0.0,-0.0,0.0,-9.135703e-05,-0.0,0.017393753,0.4486267,0.0,0.0,0.0,0.0,1.0,0.891971,-4.622194,0.3888889,0.40411493,0.0,0.0,0.0,0.0,0.0,0,15.263359,5.5433583,12.550525,3.151448,1.678571,5.8769236,0.0,0.0806476,1.7279078,0.46875247
1,9,10.0,10.0,0.0,0.0,0.0,0.0,0.0,1.0,-0.00010049736,0.0,-0.0,0.0,-0.00010049736,-0.0,0.0134225935,0.4123664,0.0,0.0,0.0,0.0,1.0,0.91364545,-5.00085,0.38425925,0.4406801,0.0,0.0,0.0,0.0,0.0,0,18.48578,6.0132704,12.771101,0.0,17.148645,7.373862,0.0,0.0,2.0837686,0.5991988
2,9,10.0,10.0,0.0,0.0,0.0,0.0,0.0,1.0,-0.00010336925,0.0,-0.0,0.0,-0.00010336925,-0.0,0.010317005,0.41655424,0.0,0.0,0.0,0.0,1.0,0.4881886,-4.2503767,0.3935185,0.39233094,0.0,0.0,0.0,0.0,0.0,0,14.174499,5.62688,12.28992,0.3280956,8.095126,7.7395134,0.0,0.3049393,1.9640917,0.6634692
3,9,10.0,10.0,0.0,0.0,0.0,0.0,0.0,1.0,-8.5836735e-05,0.0,-0.0,0.0,-8.5836735e-05,-0.0,0.07206537,0.3716506,0.0,0.0,0.0,0.0,1.0,0.23239002,-4.757206,0.41203704,0.4809979,0.0,0.0,0.0,0.0,0.0,0,11.023278,6.174569,13.767454,0.59654343,5.5051427,9.21992,0.0,0.0,1.2222437,0.83814675
0,10,11.0,10.0,1.0,0.0,0.0,0.0,0.0,1.0,-9.025738e-05,0.0,-0.0,0.0,-9.025738e-05,-0.0,0.3972372,0.4579993,0.0,0.0,0.0,0.09691328,1.0,0.83063,-12.048738,0.4074074,0.47518724,0.0,0.0,0.0,0.0,0.0,0,14.441205,8.590026,12.227639,5.312403,5.471803,6.9763417,0.0,0.92904,5.965523,2.2250218
1,10,11.0,10.0,1.0,0.0,0.0,0.0,0.0,1.0,-7.1236915e-05,0.0,-0.0,0.0,-7.1236915e-05,-0.0,0.29700008,0.3847362,0.0,0.0,0.0,0.1046783,1.0,0.43879458,-9.039457,0.41666666,0.5051816,0.0,0.0,0.0,0.0,0.0,0,12.601995,10.12556,10.917676,0.0,15.409751,10.205783,0.0,0.5456768,7.2093654,2.342311
2,10,11.0,10.0,1.0,0.0,0.0,0.0,0.0,1.0,-7.030894e-05,0.0,-0.0,0.0,-7.030894e-05,-0.0,0.23479983,0.3814546,0.0,0.0,0.0,0.07912936,1.0,0.07132625,-7.3559785,0.41666666,0.42911345,0.0,0.0,0.0,0.0,0.0,0,10.750543,7.9516864,13.745502,0.0,4.929047,10.437337,0.072744295,1.0027386,7.578439,2.377764
3,10,11.0,10.0,1.0,0.0,0.0,0.0,0.0,1.0,-7.549099e-05,0.0,-0.0,0.0,-7.549099e-05,-0.0,0.181631,0.39903432,0.0,0.055952907,0.0,0.0,1.0,1.289678,-6.4468355,0.41666666,0.5087485,0.0,0.0,0.0,0.0,0.0,0,11.319679,8.459351,13.386079,0.0,4.3175874,8.389246,0.0,0.3334402,6.3069496,2.0856318
0,11,12.0,10.0,1.0,0.0,0.0,0.0,0.0,1.0,-4.6822748e-05,0.0,-0.0,0.0,-4.6822748e-05,-0.0,0.37330928,0.457991,0.03523994,0.3262588,0.05473443,0.50667554,1.0,0.76744837,-11.259101,0.41203704,0.4786707,0.0,0.0,0.0,0.0,0.0,0,12.595524,10.424103,14.08463,2.7356637,4.8872795,7.4713106,0.0,1.0116758,5.7078233,0.97982377
1,11,12.0,10.0,1.0,0.0,0.0,0.0,0.0,1.0,-5.3104097e-05,0.0,-0.0,0.0,-5.3104097e-05,-0.0,0.2685884,0.37361747,0.08880709,0.82708347,0.040659927,0.82708347,1.0,0.931042,-8.304695,0.41666666,0.52113146,0.0,0.0,0.0,0.0,0.0,0,11.007632,6.967717,14.588123,0.0,6.4808297,10.296353,0.0,0.0,7.621345,2.7342553
2,11,12.0,10.0,1.0,0.0,0.0,0.0,0.0,1.0,-4.9126058e-05,0.0,-0.0,0.0,-4.9126058e-05,-0.0,0.23285262,0.40393072,0.037618633,0.17693864,0.01590899,0.39167053,1.0,0.29475054,-7.291441,0.41666666,0.45897827,0.0,0.0,0.0,0.0,0.0,0,10.752397,8.097977,13.152058,0.0,5.511609,9.944356,0.12608743,0.7391211,7.557093,1.7643214
3,11,12.0,10.0,1.0,0.0,0.0,0.0,0.0,1.0,-5.56737e-05,0.0,-0.0,0.0,-5.56737e-05,-0.0,0.16780123,0.40382972,0.073484406,0.48778653,0.01949507,0.69885266,1.0,1.5948321,-6.396284,0.41666666,0.52506727,0.0,0.0,0.0,1.0,0.0,0,11.316139,8.706885,14.2120075,0.0,4.274102,8.150323,0.0,0.20880528,6.251325,1.628378
0,12,13.0,10.0,1.0,0.0,0.0,0.0,0.0,1.0,-4.248185e-05,0.0,-0.0,0.0,-4.248185e-05,-0.0,0.37291235,0.46926326,0.16009507,1.0339975,0.06810026,0.56786054,1.0,0.7758167,-11.23811,0.41203704,0.5158537,0.0,0.0,0.0,0.0,0.0,0,12.750306,9.165252,14.62229,0.0,5.4842997,7.0618343,0.0,1.0381645,5.7743797,1.1259029
1,12,13.0,10.0,1.0,0.0,0.0,0.0,0.0,1.0,-3.969409e-05,0.0,-0.0,0.0,-3.969409e-05,-0.0,0.33073947,0.3947379,0.1772385,1.6265022,0.09830095,0.90394926,1.0,1.8094835,-10.049123,0.41666666,0.55001205,0.0,0.0,0.0,1.0,0.0,0,9.253681,0.0,18.238766,0.0,4.8017583,8.827856,0.0,0.0,7.7635818,2.7929761
2,12,13.0,10.0,1.0,0.0,0.0,0.0,0.0,1.0,-4.1098563e-05,0.0,-0.0,0.0,-4.1098563e-05,-0.0,0.2707593,0.41897067,0.16107056,0.9602107,0.07290296,0.6549129,1.0,0.5598809,-8.308459,0.41666666,0.4948709,0.0,0.0,0.0,1.0,0.0,0,10.437736,7.9195914,14.742088,0.0,5.4262757,8.325009,0.9642895,0.37841454,7.424205,1.7809272
3,12,13.0,10.0,1.0,0.0,0.0,0.0,0.0,1.0,-3.643688e-05,0.0,-0.0,0.0,-3.643688e-05,-0.0,0.21663997,0.46011066,0.13799505,0.87580365,0.063005,0.84022754,1.0,1.670701,-7.0234175,0.41666666,0.58415514,0.0,0.0,0.0,1.0,0.0,0,10.805304,4.7544208,12.852732,0.0,5.184278,6.8010907,0.17359182,0.1954806,5.261361,0.7490634
0,13,14.0,10.0,1.0,0.0,0.0,0.0,0.0,1.0,-3.6957503e-05,0.0,-0.0,0.0,-3.6957503e-05,-0.0,0.3879426,0.51282024,0.3072153,1.9523712,0.09696976,0.6679296,1.0,1.0640404,-11.608766,0.41666666,0.5664012,0.0,0.0,0.0,1.0,0.0,0,12.9055605,8.011833,14.838774,0.0,5.8101325,6.7421303,0.0,0.90124094,5.9805183,1.3528279
1,13,14.0,10.0,1.0,0.0,0.0,0.0,0.0,1.0,-3.6233123e-05,0.0,-0.0,0.0,-3.6233123e-05,-0.0,0.38685316,0.44289523,0.29362127,2.3377073,0.14393923,1.0645804,1.0,2.5151281,-11.650784,0.41666666,0.60323477,0.0,0.0,0.0,1.0,0.0,0,7.6204834,0.0,12.099607,0.2671367,5.257636,7.483454,0.4761362,0.08308283,7.0879517,2.614198
2,13,14.0,10.0,1.0,0.0,0.0,0.0,0.0,1.0,-3.751009e-05,0.0,-0.0,0.0,-3.751009e-05,-0.0,0.32379422,0.54261154,0.24280313,1.7520669,0.11274812,0.96427786,1.0,1.3123899,-9.732847,0.42592594,0.6189696,0.0,0.0,0.0,1.0,0.0,0,7.8255215,0.0,14.744382,0.0,4.4821396,7.7201195,1.1095202,0.40391156,7.7074795,1.3126833
3,13,14.0,10.0,1.0,0.0,0.0,0.0,0.0,1.0,-3.495181e-05,0.0,-0.0,0.0,-3.495181e-05,-0.0,0.32700115,0.5795631,0.21224573,1.5581774,0.18229795,1.5179754,1.0,2.1543138,-9.98899,0.41666666,0.7176294,0.0,0.0,0.0,1.0,0.0,0,7.9877853,0.0,12.705362,0.0,4.7896843,6.244527,0.2979535,0.00617721,5.2367263,1.0504957
0,14,15.0,10.0,1.0,0.0,0.0,0.0,0.0,1.0,-3.4186225e-05,0.0,-0.0,0.0,-3.4186225e-05,-0.0,0.4526861,0.8009171,0.37672982,2.6348994,0.11542071,1.3533281,1.0,2.3560925,-12.530168,0.42592594,0.8597183,0.0,0.0,0.0,1.0,0.0,0,7.700647,0.0,13.979168,0.0,4.397914,5.9578533,0.0,0.7183505,5.4243693,1.6805263
1,14,15.0,10.0,1.0,0.0,0.0,0.0,0.0,1.0,-2.9496128e-05,0.0,-0.0,0.0,-2.9496128e-05,-0.0,0.40516108,0.5218809,0.3234492,2.4648352,0.16231965,1.1902382,1.0,2.6424913,-12.02472,0.4212963,0.6917822,0.0,0.0,0.0,1.0,0.0,0,7.281508,0.0,13.972473,0.0,5.362795,7.735959,0.51748794,0.0,6.955722,2.4502163
2,14,15.0,10.0,1.0,0.0,0.0,0.0,0.0,1.0,-3.8704875e-05,0.0,-0.0,0.0,-3.8704875e-05,-0.0,0.3888834,0.69640446,0.3398946,2.4683259,0.1659988,1.4325566,1.0,2.144571,-11.371886,0.42592594,0.77448446,0.0,0.0,0.0,1.0,0.0,0,6.488914,0.0,12.98084,0.0,3.9975612,7.6146693,1.5113674,0.1249719,7.041884,2.0856318
3,14,15.0,10.0,1.0,0.0,0.0,0.0,0.0,1.0,-3.3844153e-05,0.0,-0.0,0.0,-3.3844153e-05,-0.0,0.37515795,0.7282953,0.28450483,1.9102219,0.23517494,1.9833955,1.0,2.4766223,-10.873887,0.4212963,0.8690441,0.0,0.0,0.0,1.0,0.0,0,10.331128,0.0,14.572485,0.0,4.252183,6.601411,0.4333964,0.066924155,5.744932,1.9789627
0,15,16.0,10.0,1.0,0.0,0.0,0.0,0.0,1.0,-3.3967404e-05,0.0,-0.0,0.0,-3.3967404e-05,-0.0,0.44982788,0.95639807,0.43962774,3.0555496,0.11421768,1.8574544,1.0,2.7648458,-11.78511,0.4351852,1.0155557,0.0,0.0,0.0,1.0,0.0,0,7.530773,0.0,13.028683,0.0,5.014381,6.1767836,0.0,0.97333354,4.863026,1.7289681
1,15,16.0,10.0,1.0,0.0,0.0,0.0,0.0,1.0,-2.7073484e-05,0.0,-0.0,0.0,-2.7073484e-05,-0.0,0.40398872,0.5971967,0.3739416,2.5863264,0.16588634,1.3104285,1.0,2.557649,-11.880663,0.4212963,0.7707233,0.0,0.0,0.0,1.0,0.0,0,8.276989,0.0,10.409372,0.0,6.9115734,7.604859,0.47741497,0.7225146,7.1120634,2.1738894
2,15,16.0,10.0,1.0,0.0,0.0,0.0,0.0,1.0,-2.9385332e-05,0.0,-0.0,0.0,-2.9385332e-05,-0.0,0.42171627,0.8065035,0.3965815,2.9037046,0.20518266,1.8083454,1.0,2.4175942,-11.754636,0.42592594,0.8847298,0.0,0.0,0.0,1.0,0.0,0,7.5280113,0.0,12.506536,0.0,4.1361604,7.5962634,1.8701906,0.45375276,7.1122303,1.859135
3,15,16.0,10.0,1.0,0.0,0.0,0.0,0.0,1.0,-3.5808353e-05,0.0,-0.0,0.0,-3.5808353e-05,-0.0,0.39363468,0.868644,0.29601097,2.0642276,0.2568352,2.252445,1.0,2.608495,-10.812273,0.42592594,1.0104245,0.0,0.0,0.0,1.0,0.0,0,8.023461,0.0,12.175376,0.0,4.550326,6.306991,0.84331447,0.39461488,5.1303077,1.5526308
0,16,17.0,10.0,1.0,0.0,0.0,0.0,0.0,1.0,-2.8417848e-05,0.0,-0.0,0.0,-2.8417848e-05,-0.0,0.44369772,1.0208135,0.49169743,3.132461,0.118385196,2.0034208,1.0,2.7133205,-11.926806,0.4398148,1.0808506,0.0,0.0,0.0,1.0,0.0,0,9.070394,0.0,12.035392,0.0,5.956848,5.2926536,0.0,1.0074971,5.0003963,1.7156919
1,16,17.0,10.0,1.0,0.0,0.0,0.0,0.0,1.0,-2.9996598e-05,0.0,-0.0,0.0,-2.9996598e-05,-0.0,0.42162722,0.788262,0.38326922,2.6443884,0.17922656,1.294806,1.0,2.5896676,-11.624465,0.42592594,0.97305906,0.0,0.0,0.0,1.0,0.0,0,7.477245,0.0,11.528859,0.0,4.5841985,7.2807083,0.0,0.37206912,7.1009693,2.0549672
2,16,17.0,10.0,1.0,0.0,0.0,0.0,0.0,1.0,-2.7196109e-05,0.0,-0.0,0.0,-2.7196109e-05,-0.0,0.43903348,0.9282869,0.45147374,3.2497156,0.23867513,2.0026393,1.0,2.517306,-11.683524,0.4351852,1.0066134,0.0,0.0,0.0,1.0,0.0,0,7.4025917,0.0,10.643764,0.0,5.810304,7.2080183,2.0109007,0.7037847,6.4305716,1.6705847
3,16,17.0,10.0,1.0,0.0,0.0,0.0,0.0,1.0,-2.5772832e-05,0.0,-0.0,0.0,-2.5772832e-05,-0.0,0.40112007,0.99387777,0.35205758,2.2430427,0.29925656,2.5073397,1.0,2.8152204,-11.214514,0.4351852,1.135663,0.0,0.0,0.0,1.0,0.0,0,8.178802,0.0,9.944985,0.0,6.134748,5.893942,0.71264374,0.3143648,4.80025,1.4767139
0,17,18.0,10.0,1.0,0.0,0.0,0.0,0.0,1.0,-2.6721624e-05,0.0,-0.0,0.0,-2.6721624e-05,-0.0,0.40278023,1.1272484,0.5521475,3.3458502,0.11917761,2.0706637,1.0,2.655054,-11.208677,0.4398148,1.1890516,0.0,0.0,0.0,1.0,0.0,0,8.028607,0.0,9.70261,0.0,4.462414,4.815237,0.0,0.6311219,4.724484,1.4777224
1,17,18.0,10.0,1.0,0.0,0.0,0.0,0.0,1.0,-2.7862583e-05,0.0,-0.0,0.0,-2.7862583e-05,-0.0,0.41310322,0.90840775,0.42847973,2.8047006,0.19360714,1.222676,1.0,2.491829,-10.974081,0.4398148,1.0940639,0.0,0.0,0.0,1.0,0.0,0,6.8687053,0.0,9.852231,0.0,5.229714,7.144849,0.0,0.2301657,7.200991,2.0799942
2,17,18.0,10.0,1.0,0.0,0.0,0.0,0.0,1.0,-2.8746219e-05,0.0,-0.0,0.0,-2.8746219e-05,-0.0,0.40642786,1.0395479,0.5183319,3.561404,0.24335265,2.1463923,1.0,2.494812,-11.311828,0.44444445,1.1181675,0.0,0.0,0.0,1.0,0.0,0,6.850202,0.0,9.719541,0.0,7.316027,7.7365794,1.5935395,0.84947985,6.8200145,1.4340643
3,17,18.0,10.0,1.0,0.0,0.0,0.0,0.0,1.0,-2.5432028e-05,0.0,-0.0,0.0,-2.5432028e-05,-0.0,0.38819146,1.1616418,0.3587854,2.3060184,0.301858,2.4409013,1.0,2.8782082,-11.356218,0.44444445,1.3091805,0.0,0.0,0.0,1.0,0.0,0,8.203476,0.0,10.90001,0.0,5.374093,6.948617,1.0310261,0.19337028,5.3768954,1.9096045
0,18,19.0,10.0,1.0,0.0,0.0,0.0,0.0,1.0,-2.5748817e-05,0.0,-0.0,0.0,-2.5748817e-05,-0.0,0.367493,1.3503802,0.5367235,3.4292698,0.114388615,2.1188657,1.0,2.8887308,-10.753177,0.4537037,1.4305612,0.0,0.0,0.0,1.0,0.0,0,7.288509,0.0,10.52921,0.0,6.0067525,6.7565575,0.0,0.892297,5.2978606,1.6967713
1,18,19.0,10.0,1.0,0.0,0.0,0.0,0.0,1.0,-2.600971e-05,0.0,-0.0,0.0,-2.600971e-05,-0.0,0.3819771,1.0597188,0.47734752,3.0795364,0.20639801,1.1106379,1.0,2.5913298,-10.9622755,0.44444445,1.245826,0.0,0.0,0.0,1.0,0.0,0,8.694813,0.0,10.044588,0.0,5.32293,7.4272413,0.0,0.0,7.4406366,1.370988
2,18,19.0,10.0,1.0,0.0,0.0,0.0,0.0,1.0,-2.913222e-05,0.0,-0.0,0.0,-2.913222e-05,-0.0,0.39807224,1.214349,0.49131668,3.4683099,0.23994896,2.0528207,1.0,2.6606512,-11.375465,0.46296296,1.3038255,0.0,0.0,0.0,1.0,0.0,0,7.5324264,0.0,9.761316,0.0,7.351277,6.5216937,1.5763885,0.4506356,6.670868,1.188105
3,18,19.0,10.0,1.0,0.0,0.0,0.0,0.0,1.0,-2.7047816e-05,0.0,-0.0,0.0,-2.7047816e-05,-0.0,0.36067832,1.3035048,0.34514335,2.2831633,0.27003652,2.1518557,1.0,2.9527376,-10.854743,0.45833334,1.4677697,0.0,0.0,0.0,1.0,0.0,0,7.004331,0.0,10.740306,0.0,4.8956423,7.064853,0.7518075,0.0,5.3977604,1.9062243
0,19,20.0,10.0,1.0,1.0,1.0,1.0,1.0,1.0,5.999972,1.0,-0.0,5.0,-2.812926e-05,-0.0,0.37866887,1.5501823,0.5476395,3.599664,0.12088501,2.029814,1.0,3.1392462,-11.035767,0.47685185,1.6343038,0.0,0.0,0.0,1.0,0.0,0,6.8814406,0.0,10.183747,0.0,6.4134417,6.7626195,0.0,0.89651215,5.7637377,1.3530146
1,19,20.0,10.0,1.0,1.0,1.0,1.0,1.0,1.0,5.9999723,1.0,-0.0,5.0,-2.7775428e-05,-0.0,0.36656576,1.2404652,0.4604612,3.0550373,0.21408983,0.8722216,1.0,2.5707784,-10.787125,0.45833334,1.433732,0.0,0.0,0.0,1.0,0.0,0,9.617461,0.0,10.457807,0.0,5.5482044,5.8108783,0.0,0.0,6.7352138,1.3220708
2,19,20.0,10.0,1.0,1.0,1.0,1.0,1.0,1.0,5.999973,1.0,-0.0,5.0,-2.7093298e-05,-0.0,0.39128456,1.2822596,0.51726806,3.4538348,0.22817962,2.0405827,1.0,2.4208305,-10.99159,0.46296296,1.3784673,0.0,0.0,0.0,1.0,0.0,0,7.9734583,0.0,9.835865,0.0,5.529339,6.7880855,1.4114062,0.020282997,6.106387,0.9970147
3,19,20.0,10.0,1.0,1.0,1.0,1.0,1.0,1.0,5.9999723,1.0,-0.0,5.0,-2.761196e-05,-0.0,0.36766213,1.4758344,0.33276513,2.4095953,0.25950664,1.9979438,1.0,3.2528124,-11.0500145,0.4675926,1.646165,0.0,0.0,0.0,1.0,0.0,0,9.650146,0.0,10.687991,0.0,5.012012,7.192769,0.6690997,0.0,5.452771,1.0686666
0,20,21.0,10.0,1.0,1.0,2.0,1.0,1.0,1.0,0.9999726,1.0,-0.0,0.0,-2.7411108e-05,-0.0,0.38602558,1.7970241,0.5146359,3.7485945,0.12889527,1.8536582,1.0,3.5370665,-10.525809,0.49074075,1.8663585,0.0,0.0,0.0,1.0,0.0,0,6.7156386,0.0,8.779802,0.0,5.0456233,6.318778,0.0,0.20301712,5.4938865,0.389506
1,20,21.0,10.0,1.0,1.0,2.0,1.0,1.0,1.0,0.99997485,1.0,-0.0,0.0,-2.514402e-05,-0.0,0.37741548,1.5550897,0.4109068,3.5433345,0.21474934,0.8127646,1.0,3.3530452,-11.074031,0.47685185,1.7276604,0.0,0.0,0.0,1.0,0.0,0,7.562813,0.0,9.308645,0.0,5.370803,7.0131865,0.0,0.0,6.8755264,0.5742691
2,20,21.0,10.0,1.0,1.0,2.0,1.0,1.0,1.0,0.99997437,1.0,-0.0,0.0,-2.561571e-05,-0.0,0.38179046,1.6332186,0.4803803,3.890222,0.19901286,1.6274643,1.0,3.2977028,-10.930212,0.49074075,1.6919624,0.0,0.0,0.0,1.0,0.0,0,8.30172,0.0,9.919908,0.0,5.286985,6.9989963,0.72700304,0.0,7.1784506,0.0
3,20,21.0,10.0,1.0,1.0,2.0,1.0,1.0,1.0,0.9999733,1.0,-0.0,0.0,-2.669238e-05,-0.0,0.34187996,1.6997566,0.32158387,2.40992,0.2452338,1.7399633,1.0,3.3371844,-10.170784,0.49074075,1.8336452,0.0,0.0,0.0,1.0,0.0,0,7.365052,0.0,10.0868635,0.0,4.992817,6.860752,0.44470605,0.0,4.973981,0.08683147
0,21,22.0,10.0,1.0,1.0,3.0,1.0,1.0,1.0,0.999973,1.0,-0.0,0.0,-2.7012875e-05,-0.0,0.39395428,1.9325944,0.50836676,3.4056768,0.1502759,1.5968778,1.0,3.2196612,-10.708689,0.49074075,1.971111,0.0,0.0,0.0,1.0,0.0,0,6.640683,0.0,10.041282,0.0,6.3419847,7.010642,0.0,0.2604737,5.2061305,0.4378195
1,21,22.0,10.0,1.0,1.0,3.0,1.0,1.0,1.0,0.9999751,1.0,-0.0,0.0,-2.4893943e-05,-0.0,0.3749864,1.7331164,0.3693988,3.5020015,0.20963128,0.62682325,1.0,3.4012213,-10.652035,0.4814815,1.87263,0.0,0.0,0.0,1.0,0.0,0,7.1673007,0.0,9.936275,0.0,5.1591907,6.916694,0.0,0.0,6.583058,0.5226013
2,21,22.0,10.0,1.0,1.0,3.0,1.0,1.0,1.0,0.99997425,1.0,-0.0,0.0,-2.5774401e-05,-0.0,0.3583677,1.7969329,0.44997764,3.6572678,0.17412208,1.3819431,1.0,3.2230039,-9.932517,0.49537036,1.8145767,0.0,0.0,0.0,1.0,0.0,0,7.349494,0.0,9.776435,0.0,4.7488847,6.569086,0.810345,0.0,6.6792765,0.30779204
3,21,22.0,10.0,1.0,1.0,3.0,1.0,1.0,1.0,0.9999753,1.0,-0.0,0.0,-2.4647032e-05,-0.0,0.3122164,1.8334051,0.30633307,2.1782472,0.22764124,1.4740268,1.0,3.1472182,-9.074062,0.49074075,1.9291967,0.0,0.0,0.0,1.0,0.0,0,7.108803,0.0,9.551331,0.0,4.3924046,6.0984564,0.31562227,0.0,4.8875422,0.16478963
0,22,23.0,10.0,1.0,1.0,4.0,1.0,1.0,1.0,0.999974,1.0,-0.0,0.0,-2.5999727e-05,-0.0,0.3837889,2.069089,0.5080909,3.332018,0.17088939,1.3092334,1.0,3.035381,-10.447033,0.5,2.0755844,0.0,0.0,0.0,1.0,0.0,0,6.3640537,0.0,10.764484,0.0,5.2358775,5.9060845,0.0,0.02040427,5.0341897,0.2134308
1,22,23.0,10.0,1.0,1.0,4.0,1.0,1.0,1.0,0.9999741,1.0,-0.0,0.0,-2.5934083e-05,-0.0,0.34520942,1.9002793,0.34235457,3.407745,0.19879413,0.44057387,1.0,3.262548,-9.909777,0.5046296,2.003591,0.0,0.0,0.0,1.0,0.0,0,6.962018,0.0,9.681093,0.0,4.350345,6.72357,0.0,0.0,6.4355927,0.22522873
2,22,23.0,10.0,1.0,1.0,4.0,1.0,1.0,1.0,0.9999758,1.0,-0.0,0.0,-2.4206323e-05,-0.0,0.3169097,1.9400693,0.43056384,3.5526013,0.15956847,1.1364136,1.0,3.157713,-9.026831,0.49537036,1.9163307,0.0,0.0,0.0,1.0,0.0,0,7.4489264,0.0,10.283837,0.0,4.4445333,6.62162,0.17395893,0.0,6.9831624,0.84922683
3,22,23.0,10.0,1.0,1.0,4.0,1.0,1.0,1.0,0.99997604,1.0,-0.0,0.0,-2.3950379e-05,-0.0,0.29017812,1.975534,0.2868622,1.9691374,0.22291648,1.3452067,1.0,3.0380886,-8.804312,0.5,2.030293,0.0,0.0,0.0,1.0,0.0,0,8.116875,0.0,10.983871,0.0,4.906842,7.028514,0.09150274,0.0,5.2847095,0.15549138
0,23,24.0,10.0,1.0,1.0,5.0,1.0,1.0,1.0,0.9999748,1.0,-0.0,0.0,-2.5200503e-05,-0.0,0.3896801,2.1397526,0.5456185,3.0673115,0.19517669,1.0385293,1.0,2.7373812,-10.413268,0.5046296,2.1108513,0.0,0.0,0.0,1.0,0.0,0,5.8048306,0.0,9.488799,0.0,3.727213,6.5034137,0.0,0.0,5.384325,0.3893113
1,23,24.0,10.0,1.0,1.0,5.0,1.0,1.0,1.0,0.99997437,1.0,-0.0,0.0,-2.5617386e-05,-0.0,0.314012,1.998421,0.32966256,3.2209237,0.19155766,0.4224354,1.0,3.0723689,-9.180353,0.5092593,2.0659397,0.0,0.0,0.0,1.0,0.0,0,7.8096113,0.0,9.337113,0.0,4.0828114,7.0523615,0.0,0.0,6.8794503,1.1704116
2,23,24.0,10.0,1.0,1.0,5.0,1.0,1.0,1.0,0.99997395,1.0,-0.0,0.0,-2.6070335e-05,-0.0,0.2865471,2.0615535,0.4133319,3.3619545,0.1580951,0.907406,1.0,3.0574224,-8.305711,0.5,1.996436,0.0,0.0,0.0,1.0,0.0,0,7.561824,0.0,8.515687,0.0,4.716596,6.746804,0.0,0.0,7.109535,0.95305765
3,23,24.0,10.0,1.0,1.0,5.0,1.0,1.0,1.0,0.999976,1.0,-0.0,0.0,-2.4032077e-05,-0.0,0.24586059,2.0336776,0.27867746,1.6971512,0.2094164,1.0377754,1.0,2.7884624,-8.063007,0.5,2.0591362,0.0,0.0,0.0,1.0,0.0,0,8.259672,0.0,11.202611,0.0,3.2846146,6.6681113,0.0,0.0,5.1829867,0.0
0,24,25.0,10.0,1.0,1.0,6.0,1.0,1.0,1.0,0.99997467,1.0,-0.0,0.0,-2.5313857e-05,-0.0,0.3815679,2.1585383,0.44232452,2.9910805,0.22324191,1.1902382,1.0,3.0380886,-10.454824,0.5092593,2.1911237,0.0,0.0,0.0,1.0,0.0,0,7.5175314,0.0,10.056497,0.0,4.5986385,7.127418,0.0,0.0,5.433474,2.372703
1,24,25.0,10.0,1.0,1.0,6.0,1.0,1.0,1.0,0.99997395,1.0,-0.0,0.0,-2.6055755e-05,-0.0,0.29201174,2.030201,0.23701449,3.548412,0.19117166,0.5218944,1.0,3.4019694,-8.929454,0.5092593,2.1278698,0.0,0.0,0.0,1.0,0.0,0,7.087474,0.0,9.350749,0.0,4.475999,7.5572987,0.0,0.0,7.0099382,2.196624
2,24,25.0,10.0,1.0,1.0,6.0,1.0,1.0,1.0,0.99997336,1.0,-0.0,0.0,-2.666643e-05,-0.0,0.23739785,2.0186234,0.34447438,3.5236173,0.16704263,1.0148971,1.0,3.4492924,-7.8514833,0.5046296,2.1170678,0.0,0.0,0.0,1.0,0.0,0,7.1108246,0.0,9.25978,0.0,4.068632,7.1849775,0.0,0.0,7.6800137,1.8413543
3,24,25.0,10.0,1.0,1.0,6.0,1.0,1.0,1.0,0.99997497,1.0,-0.0,0.0,-2.5021765e-05,-0.0,0.22249353,2.0524483,0.19446595,1.9407102,0.2001158,1.3440427,1.0,3.1545498,-7.748937,0.5,2.1234016,0.0,0.0,0.0,1.0,0.0,0,9.692102,0.0,10.413257,0.0,4.506496,7.2727337,0.0,0.0,5.4933243,2.4333928
0,25,26.0,10.0,1.0,1.0,7.0,1.0,1.0,1.0,0.99997276,1.0,-0.0,0.0,-2.7228461e-05,-0.0,0.37667716,2.2080958,0.4848766,2.9782295,0.24028432,0.9899111,1.0,2.9757853,-10.192749,0.5138889,2.231894,0.0,0.0,0.0,1.0,0.0,0,4.51118,0.0,8.529735,0.0,4.838413,5.774445,0.0,0.0,5.652843,1.2841542
1,25,26.0,10.0,1.0,1.0,7.0,1.0,1.0,1.0,0.9999725,1.0,-0.0,0.0,-2.7450602e-05,-0.0,0.27445984,2.088921,0.2311459,3.4214997,0.20219575,0.3732526,1.0,3.2797844,-8.415562,0.5092593,2.2139144,0.0,0.0,0.0,1.0,0.0,0,8.211695,0.0,9.0076275,0.0,3.8496928,6.737194,0.0,0.0,7.0104356,0.8132025
2,25,26.0,10.0,1.0,1.0,7.0,1.0,1.0,1.0,0.99997324,1.0,-0.0,0.0,-2.6757561e-05,-0.0,0.20586476,2.1344938,0.332098,3.5521603,0.16973728,0.68983483,1.0,3.5433161,-7.8123307,0.5046296,2.2231421,0.0,0.0,0.0,1.0,0.0,0,6.8729057,0.0,9.402544,0.0,1.5371743,6.447598,0.0,0.0,7.52494,1.4145159
3,25,26.0,10.0,1.0,1.0,7.0,1.0,1.0,1.0,0.9999746,1.0,-0.0,0.0,-2.5417308e-05,-0.0,0.19764918,2.1527593,0.19083196,1.8148263,0.1853274,1.0549794,1.0,3.0730696,-7.7730827,0.5,2.1921086,0.0,0.0,0.0,1.0,0.0,0,7.1817694,0.0,9.880149,0.0,2.8722508,6.629957,0.0,0.0,5.38155,0.07726947
0,26,27.0,10.0,1.0,1.0,8.0,1.0,1.0,1.0,0.9999752,1.0,-0.0,0.0,-2.4823412e-05,-0.0,0.35869423,2.221623,0.52630997,3.0067415,0.26119605,0.9883284,1.0,2.7239046,-9.584999,0.5138889,2.2556727,0.0,0.0,0.0,1.0,0.0,0,8.439152,0.0,8.942771,0.0,5.949424,7.1464763,0.0,0.0,6.142822,0.0
1,26,27.0,10.0,1.0,1.0,8.0,1.0,1.0,1.0,0.9999731,1.0,-0.0,0.0,-2.6903315e-05,-0.0,0.22057891,2.15765,0.20360695,3.341402,0.19953914,0.69660914,1.0,3.132441,-7.507894,0.5092593,2.2503474,0.0,0.0,0.0,1.0,0.0,0,6.0815635,0.0,9.097895,0.0,3.6848493,5.6650963,0.0,0.0,6.7743945,1.1045018
2,26,27.0,10.0,1.0,1.0,8.0,1.0,1.0,1.0,0.99997526,1.0,-0.0,0.0,-2.4742696e-05,-0.0,0.17823595,2.1883824,0.34021088,3.4370222,0.16281836,0.5719805,1.0,3.4217665,-7.761091,0.5046296,2.2409964,0.0,0.0,0.0,1.0,0.0,0,6.796272,0.0,8.040202,0.0,3.186703,6.3004923,0.0,0.0,6.9004326,1.1167852
3,26,27.0,10.0,1.0,1.0,8.0,1.0,1.0,1.0,0.9999762,1.0,-0.0,0.0,-2.378626e-05,-0.0,0.13946071,2.1829443,0.20646168,2.0061538,0.16129993,0.8996095,1.0,3.229618,-7.507889,0.5,2.2180002,0.0,0.0,0.0,1.0,0.0,0,7.4512973,0.0,10.455032,0.0,4.0677857,6.580808,0.0,0.0,5.4055223,0.7205783
0,27,28.0,10.0,1.0,1.0,9.0,1.0,1.0,1.0,0.99997336,1.0,-0.0,0.0,-2.6614145e-05,-0.0,0.3451798,2.2783237,0.56035894,2.9910805,0.28000537,0.8146883,1.0,2.664988,-9.3231945,0.5138889,2.2789018,0.0,0.0,0.0,1.0,0.0,0,6.3352127,0.0,8.963288,0.0,3.6130018,5.9493656,0.0,0.0,4.997698,0.38105044
1,27,28.0,10.0,1.0,1.0,9.0,1.0,1.0,1.0,0.99997276,1.0,-0.0,0.0,-2.7267062e-05,-0.0,0.15480947,2.257546,0.22597086,3.631276,0.19050229,1.2893542,1.0,3.3796818,-7.4313,0.5092593,2.3163078,0.0,0.0,0.0,1.0,0.0,0,6.6519365,0.0,8.230924,0.0,3.3512888,5.564023,0.0,0.0,5.5061774,1.625826
2,27,28.0,10.0,1.0,1.0,9.0,1.0,1.0,1.0,0.99997485,1.0,-0.0,0.0,-2.516812e-05,-0.0,0.12680963,2.303303,0.3426289,3.7057478,0.15998404,0.63550365,1.0,3.6920996,-7.621076,0.5138889,2.3197484,0.0,0.0,0.0,1.0,0.0,0,6.6111326,0.0,8.615206,0.0,3.4459908,6.030342,0.0,0.0,6.9836664,1.4460387
3,27,28.0,10.0,1.0,1.0,9.0,1.0,1.0,1.0,0.9999757,1.0,-0.0,0.0,-2.4303336e-05,-0.0,0.09723827,2.2750444,0.22741607,2.2472262,0.15078,1.0542372,1.0,3.4705696,-7.5818057,0.5,2.2773314,0.0,0.0,0.0,1.0,0.0,0,7.7421217,0.0,9.871581,0.0,2.689744,6.230639,0.0,0.0,4.624463,1.8417891
0,28,29.0,10.0,1.0,1.0,10.0,1.0,1.0,1.0,0.99997556,1.0,-0.0,0.0,-2.445694e-05,-0.0,0.33056754,2.3715909,0.522771,3.2415154,0.30228296,0.8430175,1.0,3.1170292,-9.3940525,0.5185185,2.3435082,0.0,0.0,0.0,1.0,0.0,0,6.800103,0.0,9.364344,0.0,4.1423364,5.4223204,0.0,0.0,4.9875393,0.7054811
1,28,29.0,10.0,1.0,1.0,10.0,1.0,1.0,1.0,0.99997526,1.0,-0.0,0.0,-2.4762247e-05,-0.0,0.12534373,2.374941,0.22537515,3.89766,0.1712616,1.5097029,1.0,3.5642521,-7.5090265,0.5092593,2.4090846,0.0,0.0,0.0,1.0,0.0,0,7.026016,0.0,9.592653,0.0,3.010645,6.2535195,0.0,0.0,5.6600604,2.0111837
2,28,29.0,10.0,1.0,1.0,10.0,1.0,1.0,1.0,0.9999748,1.0,-0.0,0.0,-2.5219033e-05,-0.0,0.09443294,2.4042473,0.33960068,3.8910267,0.15421626,0.947905,1.0,3.9099612,-7.608442,0.5138889,2.4234111,0.0,0.0,0.0,1.0,0.0,0,6.8628545,0.0,9.09497,0.0,4.07544,6.569801,0.0,0.0,6.555269,1.4682766
3,28,29.0,10.0,1.0,1.0,10.0,1.0,1.0,1.0,0.9999751,1.0,-0.0,0.0,-2.489383e-05,-0.0,0.07850956,2.3433313,0.19930324,2.506715,0.14204732,1.3086355,1.0,3.660837,-7.5235844,0.5046296,2.3150415,0.0,0.0,0.0,1.0,0.0,0,7.5584273,0.0,10.158448,0.0,3.6322265,6.543746,0.0,0.0,4.5075326,1.2296259
0,29,30.0,10.0,1.0,1.0,11.0,1.0,1.0,1.0,0.9999749,1.0,-0.0,0.0,-2.5111513e-05,-0.0,0.30057615,2.3727767,0.60229397,3.7623518,0.313004,0.8280292,1.0,3.385181,-8.995336,0.5185185,2.371692,0.0,0.0,0.0,1.0,0.0,0,8.326867,0.0,9.375611,0.0,3.705563,5.926085,0.0,0.0,4.9875135,0.9250597
1,29,30.0,10.0,1.0,1.0,11.0,1.0,1.0,1.0,0.9999727,1.0,-0.0,0.0,-2.7319844e-05,-0.0,0.08204989,2.4021316,0.2711576,4.002303,0.16038537,1.8405218,1.0,3.654895,-7.5097113,0.5092593,2.4321012,0.0,0.0,0.0,1.0,0.0,0,6.5397253,0.0,10.736512,0.0,2.7881572,6.0351095,0.0,0.0,5.8423586,1.7684634
2,29,30.0,10.0,1.0,1.0,11.0,1.0,1.0,1.0,0.99997354,1.0,-0.0,0.0,-2.6467183e-05,-0.0,0.04216656,2.4558575,0.3801674,4.2153153,0.15216713,1.3264571,1.0,4.144489,-7.4871807,0.5138889,2.4499552,0.0,0.0,0.0,1.0,0.0,0,7.011812,0.0,9.897646,0.0,4.403646,6.2096715,0.0,0.0,6.6012497,1.7876557
3,29,30.0,10.0,1.0,1.0,11.0,1.0,1.0,1.0,0.99997383,1.0,-0.0,0.0,-2.6185977e-05,-0.0,0.04662145,2.3808653,0.25610855,2.7457519,0.14259271,1.5850706,1.0,3.9189656,-7.6227674,0.5046296,2.3266137,0.0,0.0,0.0,1.0,0.0,0,7.279104,0.0,10.65302,0.0,3.1128397,6.472037,0.0,0.0,4.432234,0.6928534
0,30,31.0,10.0,1.0,1.0,12.0,1.0,1.0,1.0,0.99997747,1.0,-0.0,0.0,-2.2517575e-05,-0.0,0.2938846,2.3975768,0.5562577,3.8827689,0.3335263,1.0549794,1.0,3.6007607,-9.033382,0.5185185,2.4283278,0.0,0.0,0.0,1.0,0.0,0,8.0495615,0.0,10.140041,0.0,5.925816,6.344707,0.0,0.0,4.9218993,1.97895
1,30,31.0,10.0,1.0,1.0,12.0,1.0,1.0,1.0,0.99997395,1.0,-0.0,0.0,-2.6045049e-05,-0.0,0.04649833,2.3908148,0.28310117,4.4067183,0.15435983,1.9151324,1.0,3.911714,-7.7845893,0.5092593,2.494401,0.0,0.0,0.0,1.0,0.0,0,7.7631574,0.0,10.854583,0.0,4.991611,6.368621,0.0,0.0,5.8165927,1.65676
2,30,31.0,10.0,1.0,1.0,12.0,1.0,1.0,1.0,0.999975,1.0,-0.0,0.0,-2.4957239e-05,-0.0,0.003965944,2.4208376,0.384746,4.479839,0.16511789,1.4461514,1.0,4.299789,-7.337233,0.5185185,2.5416207,0.0,0.0,0.0,1.0,0.0,0,8.264997,0.0,10.393161,0.0,4.186091,6.2106605,0.0,0.0,6.8947444,1.5919197
3,30,31.0,10.0,1.0,1.0,12.0,1.0,1.0,1.0,0.9999759,1.0,-0.0,0.0,-2.4083973e-05,-0.0,0.011835434,2.3952048,0.2380047,3.2366822,0.12617669,1.6408752,1.0,4.1973133,-7.760177,0.5046296,2.3580096,0.0,0.0,0.0,1.0,0.0,0,8.36289,0.0,11.108022,0.0,5.02009,6.545473,0.0,0.0,4.4684577,1.5511382
0,31,32.0,10.0,1.0,1.0,13.0,1.0,1.0,1.0,0.99997354,1.0,-0.0,0.0,-2.644622e-05,-0.0,0.26609245,2.4051826,0.61811924,4.34121,0.3276015,0.92871964,1.0,3.9172666,-8.650373,0.5185185,2.4523926,0.0,0.0,0.0,1.0,0.0,0,7.3163385,0.0,10.911355,0.0,4.4016013,8.063865,0.0,0.0,5.028015,1.3274059
1,31,32.0,10.0,1.0,1.0,13.0,1.0,1.0,1.0,0.9999694,1.0,-0.0,0.0,-3.060355e-05,-0.0,0.0160316,2.4099033,0.35402578,4.578538,0.14175686,2.2213018,1.0,4.120747,-7.8661666,0.5092593,2.5069375,0.0,0.0,0.0,1.0,0.0,0,6.8922358,0.0,11.757852,0.0,3.773372,6.654647,0.0,0.0,5.176116,1.289627
2,31,32.0,10.0,1.0,1.0,13.0,1.0,1.0,1.0,0.9999714,1.0,-0.0,0.0,-2.8595488e-05,-0.0,0.029999949,2.4533305,0.44565195,4.8150687,0.16420476,1.6465895,1.0,4.6194,-7.2847085,0.5185185,2.5667536,0.0,0.0,0.0,1.0,0.0,0,7.100111,0.0,10.769855,0.0,3.002014,7.010854,0.0,0.0,5.5332894,2.3202736
3,31,32.0,10.0,1.0,1.0,13.0,1.0,1.0,1.0,0.9999727,1.0,-0.0,0.0,-2.7322287e-05,-0.0,0.006093085,2.4102025,0.29944244,3.3254335,0.12058659,1.8599812,1.0,4.3764505,-7.8517795,0.5046296,2.3698797,0.0,0.0,0.0,1.0,0.0,0,9.023748,0.0,10.983009,0.0,3.846465,6.1106634,0.0,0.0,4.0731287,1.2511158
0,32,33.0,10.0,1.0,1.0,14.0,1.0,1.0,1.0,0.9999726,1.0,-0.0,0.0,-2.7433833e-05,-0.0,0.24030226,2.4160292,0.66096216,4.7424917,0.3212693,0.90999,1.0,4.168988,-8.292938,0.5185185,2.469293,0.0,0.0,0.0,1.0,0.0,0,7.6851897,0.0,11.163284,0.0,3.459264,7.5430193,0.0,0.0,4.8041587,1.1111225
1,32,33.0,10.0,1.0,1.0,14.0,1.0,1.0,1.0,0.99997014,1.0,-0.0,0.0,-2.9866207e-05,-0.0,0.025596656,2.4298706,0.39826414,4.7706375,0.13769925,2.623288,1.0,4.2665462,-7.8749843,0.5092593,2.5166457,0.0,0.0,0.0,1.0,0.0,0,7.650328,0.0,12.317832,0.0,4.405157,6.618828,0.0,0.0,5.1816792,1.6730009
2,32,33.0,10.0,1.0,1.0,14.0,1.0,1.0,1.0,0.9999709,1.0,-0.0,0.0,-2.909407e-05,-0.0,0.032389536,2.455158,0.51025313,4.977842,0.17099622,1.6598461,1.0,4.6811113,-7.512494,0.5185185,2.5979948,0.0,0.0,0.0,1.0,0.0,0,7.8525867,0.0,11.189747,0.0,4.7557096,7.6045895,0.0,0.0,5.9926515,1.155569
3,32,33.0,10.0,1.0,1.0,14.0,1.0,1.0,1.0,0.9999706,1.0,-0.0,0.0,-2.9399147e-05,-0.0,0.035407767,2.4215872,0.3410997,3.4689872,0.11108079,1.984579,1.0,4.498321,-7.853819,0.5046296,2.3864145,0.0,0.0,0.0,1.0,0.0,0,8.151621,0.0,12.382162,0.0,4.7530246,5.7784395,0.0,0.0,4.0569286,1.0191303
0,33,34.0,10.0,1.0,1.0,15.0,1.0,1.0,1.0,0.999974,1.0,-0.0,0.0,-2.6009777e-05,-0.0,0.23002364,2.4951317,0.64516264,4.70753,0.30920574,0.846723,1.0,4.331557,-8.246058,0.5231481,2.5425944,0.0,0.0,0.0,1.0,0.0,0,7.9484506,0.0,11.061506,0.0,4.5796995,7.10484,0.0,0.0,5.0263424,0.92305285
1,33,34.0,10.0,1.0,1.0,15.0,1.0,1.0,1.0,0.99939317,1.0,-0.0,0.0,-2.7373095e-05,-0.0005794704,0.06564837,2.4831164,0.42476627,5.0347676,0.14973699,2.9624176,0.0,4.5524683,-7.815809,0.5092593,2.561279,0.0,0.0,0.0,1.0,0.0,0,7.553826,0.0,12.023602,0.0,4.0975194,6.519945,0.0,0.0,4.9965525,1.9524162
2,33,34.0,10.0,1.0,1.0,15.0,1.0,1.0,1.0,0.9954208,1.0,-0.0,0.0,-2.7217435e-05,-0.0045519653,0.04491117,2.5438004,0.52164626,5.2731175,0.1732252,1.619751,0.0,5.0267935,-7.6115932,0.5185185,2.6848903,0.0,0.0,0.0,1.0,0.0,0,8.158336,0.0,10.900736,0.0,4.1555624,7.183442,0.0,0.0,5.932331,2.0393143
3,33,34.0,10.0,1.0,1.0,15.0,1.0,1.0,1.0,0.9999728,1.0,-0.0,0.0,-2.7196531e-05,-0.0,0.05581267,2.479377,0.35274485,3.8340762,0.10737127,1.9782585,1.0,4.8784122,-7.9404974,0.5046296,2.4293785,0.0,0.0,0.0,1.0,0.0,0,7.993642,0.0,12.30083,0.0,3.7428,5.645524,0.0,0.0,3.9829247,0.8863514
0,34,35.0,10.0,1.0,1.0,16.0,1.0,1.0,1.0,0.99828345,1.0,-0.0,0.0,-2.4806262e-05,-0.0016917383,0.21017212,2.5089312,0.69239855,5.101504,0.29855484,0.86682075,0.0,4.549929,-8.19,0.5231481,2.5569556,0.0,0.0,0.0,0.0,0.0,0,7.821362,0.0,10.805942,0.0,3.6834388,7.1768227,0.0,0.0,4.897234,1.0252166
1,34,35.0,10.0,1.0,1.0,16.0,1.0,1.0,1.0,0.998039,1.0,-0.0,0.0,-2.6602576e-05,-0.0019343878,0.07700659,2.499218,0.47086492,5.1160626,0.1596299,2.98558,0.0,4.5702896,-7.7690744,0.5092593,2.5639603,0.0,0.0,0.0,1.0,0.0,0,7.501267,0.0,12.083604,0.0,4.663792,6.3236036,0.0,0.0,4.7540326,1.2056748
2,34,35.0,10.0,1.0,1.0,16.0,1.0,1.0,1.0,0.9923087,1.0,-0.0,0.0,-2.6848775e-05,-0.0076644896,0.052798912,2.578776,0.5668384,5.459869,0.17760754,1.6855819,0.0,5.079679,-7.626086,0.5185185,2.701127,0.0,0.0,0.0,1.0,0.0,0,7.9304013,0.0,11.488115,0.0,4.1709986,6.9883204,0.0,0.0,5.8977876,1.5776758
3,34,35.0,10.0,1.0,1.0,16.0,1.0,1.0,1.0,0.99997425,1.0,-0.0,0.0,-2.5741701e-05,-0.0,0.06514881,2.4919307,0.39660558,3.9278708,0.106746934,2.0505316,1.0,4.9354253,-7.959716,0.5046296,2.435854,0.0,0.0,0.0,1.0,0.0,0,7.7802186,0.0,12.679613,0.0,4.2139316,5.577779,0.0,0.0,3.699734,0.791512
0,35,36.0,10.0,1.0,1.0,17.0,1.0,1.0,1.0,0.9932142,1.0,-0.0,0.0,-2.4509874e-05,-0.006761332,0.20395108,2.5141625,0.7497278,5.4056797,0.2904328,0.98753625,0.0,4.6432962,-8.18142,0.5231481,2.5734215,0.0,0.0,0.0,0.0,0.0,0,8.541255,0.0,10.769972,0.0,3.9745476,6.984271,0.0,0.0,4.562339,1.2814462
1,35,36.0,10.0,1.0,1.0,17.0,1.0,1.0,1.0,0.9966153,1.0,-0.0,0.0,-2.6246615e-05,-0.0033584966,0.08686483,2.5077379,0.51911825,5.2015095,0.17512622,2.9819067,0.0,4.610019,-7.7097025,0.5092593,2.573858,0.0,0.0,0.0,1.0,0.0,0,7.499187,0.0,11.830077,0.0,4.0871935,6.152562,0.0,0.0,4.661153,1.2033857
2,35,36.0,10.0,1.0,1.0,17.0,1.0,1.0,1.0,0.9914584,1.0,-0.0,0.0,-2.5473551e-05,-0.008516157,0.05267635,2.6070733,0.6076972,5.510969,0.18358584,1.6823285,0.0,5.076322,-7.6591716,0.5185185,2.7214332,0.0,0.0,0.0,0.0,0.0,0,8.120969,0.0,11.224775,0.0,3.7139633,6.8201404,0.0,0.0,5.6760855,1.2535186
3,35,36.0,10.0,1.0,1.0,17.0,1.0,1.0,1.0,0.99997526,1.0,-0.0,0.0,-2.4725916e-05,-0.0,0.07402301,2.4974709,0.43102676,3.9408047,0.11126045,2.05663,1.0,4.941178,-7.9313936,0.5046296,2.4484308,0.0,0.0,0.0,1.0,0.0,0,8.252569,0.0,12.405086,0.0,4.192677,5.4673624,0.0,0.0,3.9606905,0.63516825
0,36,37.0,10.0,1.0,1.0,18.0,1.0,1.0,1.0,0.9932062,1.0,-0.0,0.0,-2.5192747e-05,-0.006768568,0.20959583,2.5441453,0.78093016,5.4061136,0.2801387,1.0467867,0.0,4.625333,-8.208522,0.5231481,2.5849533,0.0,0.0,0.0,0.0,0.0,0,8.338886,0.0,10.627435,0.0,4.0200267,6.675976,0.0,0.0,4.5684056,0.90257365
1,36,37.0,10.0,1.0,1.0,18.0,1.0,1.0,1.0,0.99930406,1.0,-0.0,0.0,-2.5837177e-05,-0.00067012693,0.07795431,2.5217733,0.55108494,5.0402074,0.18384781,2.8842301,0.0,4.428724,-7.675812,0.5092593,2.594444,0.0,0.0,0.0,0.0,0.0,0,7.7394147,0.0,11.957794,0.0,3.9001331,5.970306,0.0,0.0,4.731579,0.5618108
2,36,37.0,10.0,1.0,1.0,18.0,1.0,1.0,1.0,0.9896667,1.0,-0.0,0.0,-2.5520307e-05,-0.010307816,0.059898943,2.629471,0.6391684,5.6184683,0.19099768,1.7426602,0.0,5.1126657,-7.641092,0.5185185,2.7289572,0.0,0.0,0.0,0.0,0.0,0,7.446426,0.0,11.943198,0.0,4.8929663,6.676786,0.0,0.0,5.649125,1.8432078
3,36,37.0,10.0,1.0,1.0,18.0,1.0,1.0,1.0,0.99997526,1.0,-0.0,0.0,-2.476257e-05,-0.0,0.06731171,2.513736,0.4683191,3.8932393,0.11168539,2.0906022,1.0,4.8701324,-7.9449415,0.5046296,2.4613824,0.0,0.0,0.0,1.0,0.0,0,8.160407,0.0,12.674799,0.0,3.6987278,5.2838674,0.0,0.0,3.6873903,0.24537988
0,37,38.0,10.0,1.0,1.0,19.0,1.0,1.0,1.0,0.9934604,1.0,-0.0,0.0,-2.4824649e-05,-0.0065147625,0.20400956,2.5564337,0.79399645,5.3908854,0.26421437,1.0505185,0.0,4.5525975,-8.211731,0.5231481,2.600438,0.0,0.0,0.0,0.0,0.0,0,7.5072446,0.0,10.229103,0.0,4.2155137,6.0850534,0.0,0.0,4.3526826,0.80975264
1,37,38.0,10.0,1.0,1.0,19.0,1.0,1.0,1.0,0.99997354,1.0,-0.0,0.0,-2.6463067e-05,-0.0,0.078534335,2.5178308,0.58459675,4.9677653,0.19220637,2.8366144,1.0,4.307844,-7.624339,0.5092593,2.6162329,0.0,0.0,0.0,0.0,0.0,0,6.9640403,0.0,11.113481,0.0,4.0033765,5.659779,0.0,0.0,4.434742,0.90432733
2,37,38.0,10.0,1.0,1.0,19.0,1.0,1.0,1.0,0.9908052,1.0,-0.0,0.0,-2.5039808e-05,-0.009169764,0.059746206,2.6444864,0.6690898,5.550185,0.20345484,1.8208544,0.0,4.995242,-7.618137,0.5185185,2.7318127,0.0,0.0,0.0,0.0,0.0,0,7.4447446,0.0,10.997852,0.0,4.06969,6.350074,0.0,0.0,5.655034,0.88491803
3,37,38.0,10.0,1.0,1.0,19.0,1.0,1.0,1.0,0.9999745,1.0,-0.0,0.0,-2.550502e-05,-0.0,0.061938725,2.5299287,0.47212112,3.6358,0.12157818,2.030585,1.0,4.642073,-7.8052106,0.5046296,2.4637609,0.0,0.0,0.0,0.0,0.0,0,8.257921,0.0,12.294123,0.0,3.7369328,5.334131,0.0,0.0,4.1144753,0.0
0,38,39.0,10.0,1.0,1.0,20.0,1.0,1.0,1.0,0.9999029,1.0,-0.0,0.0,-2.4555446e-05,-7.25423e-05,0.22843517,2.5830684,0.76573414,5.004352,0.25319883,1.1895804,0.0,4.238914,-8.236056,0.5231481,2.6115777,0.0,0.0,0.0,0.0,0.0,0,7.193815,0.0,10.589691,0.0,3.718229,5.815507,0.0,0.0,4.436872,0.49359268
1,38,39.0,10.0,1.0,1.0,20.0,1.0,1.0,1.0,0.9999738,1.0,-0.0,0.0,-2.623945e-05,-0.0,0.05358979,2.5323014,0.56087583,4.3971148,0.1979017,2.6485293,1.0,3.9221625,-7.505534,0.5092593,2.6365352,0.0,0.0,0.0,0.0,0.0,0,6.8666453,0.0,11.06046,0.0,3.5706532,5.8153267,0.0,0.0,5.1679287,0.0
2,38,39.0,10.0,1.0,1.0,20.0,1.0,1.0,1.0,0.99997467,1.0,-0.0,0.0,-2.5348088e-05,-0.0,0.046129897,2.6603057,0.63828284,4.9489756,0.2151988,1.9631658,1.0,4.586419,-7.4998856,0.5185185,2.7445269,0.0,0.0,0.0,0.0,0.0,0,7.0414186,0.0,10.398948,0.0,3.7597466,6.206769,0.0,0.0,5.5166597,0.4551087
3,38,39.0,10.0,1.0,1.0,20.0,1.0,1.0,1.0,0.9999751,1.0,-0.0,0.0,-2.4939049e-05,-0.0,0.031895563,2.5392873,0.4443014,2.9206386,0.13094133,1.984579,1.0,4.042734,-7.6190224,0.5046296,2.49055,0.0,0.0,0.0,0.0,0.0,0,8.209161,0.0,11.91706,0.0,2.9441948,5.429519,0.0,0.0,3.9535728,0.0
0,39,40.0,10.0,1.0,1.0,21.0,1.0,1.0,1.0,0.9921024,1.0,-0.0,0.0,-2.5460487e-05,-0.007872191,0.18310659,2.4161053,0.7945099,5.472331,0.2650297,1.5726774,0.0,4.6061935,-7.848685,0.5231481,2.8497126,0.0,0.0,0.0,0.0,0.0,0,8.603032,0.0,9.604535,0.0,3.2691479,6.4445696,0.0,0.0,5.0538316,1.5267271
1,39,40.0,10.0,1.0,1.0,21.0,1.0,1.0,1.0,0.9999736,1.0,-0.0,0.0,-2.6390779e-05,-0.0,0.086417794,2.402065,0.61074185,4.770473,0.21667074,2.5266209,1.0,4.225031,-7.246121,0.5092593,2.8061862,0.0,0.0,0.0,0.0,0.0,0,7.449598,0.0,10.218518,0.0,4.7318077,6.0359044,0.0,0.0,5.2622056,2.5766318
2,39,40.0,10.0,1.0,1.0,21.0,1.0,1.0,1.0,0.9975214,1.0,-0.0,0.0,-2.5428053e-05,-0.0024531407,0.09497274,2.476536,0.6636275,5.147188,0.2323746,2.1634643,0.0,4.750276,-7.2390633,0.5231481,2.9768598,0.0,0.0,0.0,0.0,0.0,0,7.034753,0.0,9.989521,0.0,4.0776596,6.172398,0.0,0.0,5.589802,1.8315349
3,39,40.0,10.0,1.0,1.0,21.0,1.0,1.0,1.0,0.999976,1.0,-0.0,0.0,-2.4042485e-05,-0.0,0.06404538,2.409236,0.5025676,3.2617373,0.15236902,2.024795,1.0,4.337431,-7.6527095,0.5092593,2.649219,0.0,0.0,0.0,0.0,0.0,0,8.97128,0.0,10.272219,0.0,3.5108812,6.246916,0.0,0.0,3.418664,2.2190554
0,40,41.0,10.0,1.0,1.0,22.0,1.0,1.0,1.0,0.99537814,1.0,-0.0,0.0,-2.5414465e-05,-0.004596497,0.22616369,2.495702,0.7811032,5.2757893,0.25389865,1.7799888,0.0,4.3621507,-8.263457,0.5231481,2.9210799,0.0,0.0,0.0,0.0,0.0,0,7.610956,0.0,8.30447,0.0,2.9558306,5.799326,0.0,0.0,4.1894326,0.0
1,40,41.0,10.0,1.0,1.0,22.0,1.0,1.0,1.0,0.9999752,1.0,-0.0,0.0,-2.4795141e-05,-0.0,0.04999768,2.4510665,0.6051621,4.2748814,0.2262741,2.5887463,1.0,3.7501404,-7.3939266,0.5092593,2.8372586,0.0,0.0,0.0,0.0,0.0,0,6.922714,0.0,8.811469,0.0,3.1899624,5.3604174,0.0,0.0,5.071692,0.0
2,40,41.0,10.0,1.0,1.0,22.0,1.0,1.0,1.0,0.99997556,1.0,-0.0,0.0,-2.4461428e-05,-0.0,0.053202175,2.5922966,0.6418333,4.6280293,0.24404886,2.1379886,1.0,4.347354,-7.0310273,0.5231481,3.0795634,0.0,0.0,0.0,0.0,0.0,0,6.919045,0.0,8.273921,0.0,4.230993,6.2352123,0.0,0.0,5.1260915,1.2266891
3,40,41.0,10.0,1.0,1.0,22.0,1.0,1.0,1.0,0.9999751,1.0,-0.0,0.0,-2.4896459e-05,-0.0,0.038919784,2.4185805,0.51462615,2.5735836,0.15588629,2.1110938,1.0,3.6501775,-7.4773507,0.5092593,2.6600616,0.0,0.0,0.0,0.0,0.0,0,8.477945,0.0,9.55768,0.0,4.1219954,5.4469104,0.0,0.0,3.362816,0.10626551
0,41,42.0,10.0,1.0,1.0,23.0,1.0,1.0,1.0,0.9938341,1.0,-0.0,0.0,-2.7116326e-05,-0.0061387746,0.22857822,2.4696014,0.8143082,5.368326,0.25488347,1.996376,0.0,4.298058,-8.214802,0.5231481,2.9657142,0.0,0.0,0.0,0.0,0.0,0,8.5737295,0.0,8.163867,0.0,0.4102804,6.225258,0.0,0.0,4.395768,0.64473194
1,41,42.0,10.0,1.0,1.0,23.0,1.0,1.0,1.0,0.99997276,1.0,-0.0,0.0,-2.7252321e-05,-0.0,0.060309097,2.4369202,0.6342519,4.413819,0.24287906,2.5763195,1.0,3.8319054,-7.3187556,0.5092593,2.8679876,0.0,0.0,0.0,0.0,0.0,0,6.6645184,0.0,10.105886,0.0,4.118243,5.422117,0.0,0.0,4.9398713,0.67859626
2,41,42.0,10.0,1.0,1.0,23.0,1.0,1.0,1.0,0.99997437,1.0,-0.0,0.0,-2.5621492e-05,-0.0,0.035679527,2.6057074,0.6376043,4.3053555,0.25997815,2.15549,1.0,4.1260195,-6.997102,0.5231481,3.084028,0.0,0.0,0.0,0.0,0.0,0,7.663717,0.0,8.059979,0.0,4.484186,5.67721,0.0,0.0,5.0891194,0.90488106
3,41,42.0,10.0,1.0,1.0,23.0,1.0,1.0,1.0,0.99997365,1.0,-0.0,0.0,-2.6373431e-05,-0.0,0.046635233,2.4212713,0.52273905,2.5866287,0.1703092,2.120712,1.0,3.68403,-7.427655,0.5092593,2.6735938,0.0,0.0,0.0,0.0,0.0,0,7.5696383,0.0,10.372413,0.0,3.6321063,5.8621693,0.0,0.0,3.556814,0.38351366
0,42,43.0,10.0,1.0,1.0,24.0,1.0,1.0,1.0,0.99976426,1.0,-0.0,0.0,-2.5095907e-05,-0.00021062596,0.26231483,2.4845185,0.8099056,5.012637,0.2534564,2.456883,0.0,3.90921,-8.160517,0.5231481,2.9822242,0.0,0.0,0.0,0.0,0.0,0,6.6803966,0.0,9.999605,0.0,3.027825,5.9858546,0.0,0.0,3.8022332,0.5639021
1,42,43.0,10.0,1.0,1.0,24.0,1.0,1.0,1.0,0.99997604,1.0,-0.0,0.0,-2.3936305e-05,-0.0,0.044163316,2.4561296,0.62688017,4.0124617,0.2527629,2.5632217,1.0,3.5935762,-7.1557536,0.5092593,2.8794158,0.0,0.0,0.0,0.0,0.0,0,7.106746,0.0,9.16769,0.0,3.9976566,4.8455276,0.0,0.0,4.801654,0.0
2,42,43.0,10.0,1.0,1.0,24.0,1.0,1.0,1.0,0.9999758,1.0,-0.0,0.0,-2.4221677e-05,-0.0,0.0104460865,2.6426284,0.6347732,3.9627936,0.2733783,2.2085798,1.0,3.8975708,-6.96694,0.5231481,3.1106968,0.0,0.0,0.0,0.0,0.0,0,5.806482,0.0,7.954602,0.0,5.6453943,5.760066,0.0,0.0,4.8836756,0.0
3,42,43.0,10.0,1.0,1.0,24.0,1.0,1.0,1.0,0.999976,1.0,-0.0,0.0,-2.4010622e-05,-0.0,0.02424065,2.4303055,0.52668303,2.2510545,0.17700706,2.3520606,1.0,3.4439528,-7.365131,0.5092593,2.6864336,0.0,0.0,0.0,0.0,0.0,0,7.4119635,0.0,10.186054,0.0,3.693731,5.672394,0.0,0.0,3.1946368,0.30651006
0,43,44.0,10.0,1.0,1.0,25.0,1.0,1.0,1.0,0.99962723,1.0,-0.0,0.0,-2.4269371e-05,-0.00034848193,0.2758244,2.5303462,0.819147,5.0209084,0.25960302,2.8344061,0.0,3.9057016,-8.335018,0.5231481,3.0149481,0.0,0.0,0.0,0.0,0.0,0,6.9301224,0.0,8.638125,0.0,4.937423,5.407897,0.0,0.0,3.573235,0.3105079
1,43,44.0,10.0,1.0,1.0,25.0,1.0,1.0,1.0,0.9999755,1.0,-0.0,0.0,-2.4489585e-05,-0.0,0.04043989,2.4829657,0.63751775,3.9324527,0.2700609,2.5402155,1.0,3.5019636,-7.123612,0.5092593,2.8907423,0.0,0.0,0.0,0.0,0.0,0,6.391423,0.0,9.234125,0.0,5.1559496,4.8530383,0.0,0.0,4.57763,0.0
2,43,44.0,10.0,1.0,1.0,25.0,1.0,1.0,1.0,0.99997807,1.0,-0.0,0.0,-2.1936088e-05,-0.0,0.0038120896,2.6640341,0.6628514,4.135254,0.28034222,2.3593707,1.0,3.9665964,-7.059321,0.5231481,3.1210716,0.0,0.0,0.0,0.0,0.0,0,6.585252,0.0,7.9618225,0.0,4.3096266,5.779284,0.0,0.0,4.8789506,0.7835934
3,43,44.0,10.0,1.0,1.0,25.0,1.0,1.0,1.0,0.9999765,1.0,-0.0,0.0,-2.3473665e-05,-0.0,0.01763776,2.4547763,0.54455656,2.238152,0.1875069,2.471495,1.0,3.385181,-7.350141,0.5092593,2.6981068,0.0,0.0,0.0,0.0,0.0,0,7.56238,0.0,9.568037,0.0,3.7173588,5.6866016,0.0,0.0,3.1537914,0.19057931
0,44,45.0,10.0,1.0,1.0,26.0,1.0,1.0,1.0,0.9968419,1.0,-0.0,0.0,-2.3191975e-05,-0.0031349286,0.26680082,2.4641008,0.8056406,5.188095,0.26422676,2.9401383,0.0,4.2205787,-8.253448,0.5231481,3.1715717,0.0,0.0,0.0,0.0,0.0,0,6.3895817,0.0,8.755298,0.0,4.8012705,5.175508,0.0,0.0,3.2261217,0.31882042
1,44,45.0,10.0,1.0,1.0,26.0,1.0,1.0,1.0,0.99997765,1.0,-0.0,0.0,-2.2380616e-05,-0.0,0.033908524,2.4679785,0.65233946,4.224591,0.2779902,2.5117066,1.0,3.784859,-7.1921077,0.5092593,2.9686456,0.0,0.0,0.0,0.0,0.0,0,6.955805,0.0,8.387721,0.0,4.3098927,4.835877,0.0,0.0,4.111043,0.30371025
2,44,45.0,10.0,1.0,1.0,26.0,1.0,1.0,1.0,0.99997854,1.0,-0.0,0.0,-2.143649e-05,-0.0,0.020805001,2.6075163,0.70444334,4.4703918,0.28814748,2.5207276,1.0,4.214402,-6.9599447,0.5231481,3.216068,0.0,0.0,0.0,0.0,0.0,0,6.0067077,0.0,8.018797,0.0,4.9110937,5.728258,0.0,0.0,4.3854814,1.1336942
3,44,45.0,10.0,1.0,1.0,26.0,1.0,1.0,1.0,0.9999762,1.0,-0.0,0.0,-2.3808907e-05,-0.0,0.029118732,2.3922682,0.63365775,2.6823015,0.20432274,2.584207,1.0,3.598476,-7.4183464,0.5092593,2.7778156,0.0,0.0,0.0,0.0,0.0,0,8.101242,0.0,8.17643,0.0,3.6199708,6.14779,0.0,0.0,3.3020778,0.9210819
0,45,46.0,10.0,1.0,1.0,27.0,1.0,1.0,1.0,0.99997675,1.0,-0.0,0.0,-2.3218035e-05,-0.0,0.28205234,2.5654738,0.787384,4.9669776,0.2630825,3.1224494,1.0,4.0882554,-8.4961405,0.5231481,3.2661073,0.0,0.0,0.0,0.0,0.0,0,6.1552196,0.0,8.774322,0.0,5.258769,4.6809635,0.0,0.0,2.686986,0.0
1,45,46.0,10.0,1.0,1.0,27.0,1.0,1.0,1.0,0.9999728,1.0,-0.0,0.0,-2.7160075e-05,-0.0,0.025909208,2.5599544,0.64379203,3.978172,0.28823733,2.5805695,1.0,3.6404552,-6.8915234,0.5092593,3.0505729,0.0,0.0,0.0,0.0,0.0,0,5.5466175,0.0,8.573432,0.0,5.774351,4.6295376,0.0,0.0,3.6720746,0.0
2,45,46.0,10.0,1.0,1.0,27.0,1.0,1.0,1.0,0.9999743,1.0,-0.0,0.0,-2.5695112e-05,-0.0,0.008680858,2.6949005,0.7188518,4.4452786,0.2991742,2.6363842,1.0,4.17692,-7.209943,0.5277778,3.2925513,0.0,0.0,0.0,0.0,0.0,0,6.4082737,0.0,7.6021714,0.0,1.2917563,4.7718086,0.0,0.0,4.402638,0.065196626
3,45,46.0,10.0,1.0,1.0,27.0,1.0,1.0,1.0,0.99997634,1.0,-0.0,0.0,-2.3686835e-05,-0.0,0.01657512,2.45634,0.66666996,2.860795,0.2020778,2.6758738,1.0,3.5652409,-7.4656315,0.5092593,2.8287735,0.0,0.0,0.0,0.0,0.0,0,7.530093,0.0,8.388541,0.0,3.5731733,5.564688,0.0,0.0,2.8189352,0.018764004
0,46,47.0,10.0,1.0,1.0,28.0,1.0,1.0,1.0,0.9999766,1.0,-0.0,0.0,-2.344393e-05,-0.0,0.29504505,2.567291,0.7743015,4.7499146,0.26919326,3.238133,1.0,4.112803,-8.599849,0.5231481,3.3243287,0.0,0.0,0.0,0.0,0.0,0,7.126897,0.0,9.101622,0.0,4.2953544,4.9071436,0.0,0.0,2.825576,0.0
1,46,47.0,10.0,1.0,1.0,28.0,1.0,1.0,1.0,0.99997544,1.0,-0.0,0.0,-2.4569545e-05,-0.0,0.010609813,2.5597415,0.6657517,3.9499319,0.30249375,2.6817179,1.0,3.6712518,-6.8950357,0.5092593,3.0827894,0.0,0.0,0.0,0.0,0.0,0,5.466607,0.0,9.268387,0.0,5.2578154,6.799635,0.0,0.0,3.6453133,0.0
2,46,47.0,10.0,1.0,1.0,28.0,1.0,1.0,1.0,0.99997675,1.0,-0.0,0.0,-2.3227676e-05,-0.0,0.011999533,2.6440172,0.7724682,4.500065,0.3271333,2.5962944,1.0,4.194746,-7.1255064,0.5277778,3.3525548,0.0,0.0,0.0,0.0,0.0,0,6.3408456,0.0,7.8017955,0.0,1.5333159,4.6753163,0.0,0.0,4.1028433,0.0
3,46,47.0,10.0,1.0,1.0,28.0,1.0,1.0,1.0,0.99997646,1.0,-0.0,0.0,-2.3558065e-05,-0.0,0.0025197864,2.4273148,0.6888197,2.6933677,0.21280079,2.6956918,1.0,3.4671829,-7.4129467,0.5092593,2.8706503,0.0,0.0,0.0,0.0,0.0,0,7.9703145,0.0,9.261414,0.0,3.1676133,4.975291,0.0,0.0,2.6349764,0.20685035
0,47,48.0,10.0,1.0,1.0,29.0,1.0,1.0,1.0,0.99997854,1.0,-0.0,0.0,-2.14759e-05,-0.0,0.29824674,2.5791247,0.7881009,4.71866,0.27218392,3.4452114,1.0,3.9947355,-8.587829,0.5231481,3.3414922,0.0,0.0,0.0,0.0,0.0,0,6.4770417,0.0,8.815692,0.0,6.376389,4.333582,0.0,0.0,2.8717465,0.0
1,47,48.0,10.0,1.0,1.0,29.0,1.0,1.0,1.0,0.9999779,1.0,-0.0,0.0,-2.213442e-05,-0.0,0.013771281,2.558452,0.67291933,3.7561047,0.30618697,2.7337523,1.0,3.4724872,-6.6844516,0.5092593,3.088248,0.0,0.0,0.0,0.0,0.0,0,5.298446,0.0,8.800943,0.0,5.892203,6.893622,0.0,0.0,3.2824137,0.0
2,47,48.0,10.0,1.0,1.0,29.0,1.0,1.0,1.0,0.9999782,1.0,-0.0,0.0,-2.1826869e-05,-0.0,0.012213737,2.6752775,0.77018464,4.398717,0.3391533,2.61492,1.0,4.1205096,-7.017932,0.5277778,3.3847413,0.0,0.0,0.0,0.0,0.0,0,5.6265435,0.0,7.9697595,0.0,5.8995457,5.144054,0.0,0.0,4.289214,0.0
3,47,48.0,10.0,1.0,1.0,29.0,1.0,1.0,1.0,0.9999783,1.0,-0.0,0.0,-2.1712085e-05,-0.0,0.010220334,2.4468126,0.7140371,2.9230494,0.22289827,2.7026517,1.0,3.5196977,-7.30173,0.5092593,2.8884506,0.0,0.0,0.0,0.0,0.0,0,6.947088,0.0,9.018952,0.0,3.5378478,5.2208176,0.0,0.0,2.8081646,0.0
0,48,49.0,10.0,1.0,1.0,30.0,1.0,1.0,1.0,0.9999778,1.0,-0.0,0.0,-2.2180438e-05,-0.0,0.2964558,2.571,0.79953754,4.7545276,0.27524796,3.5362577,1.0,4.0348306,-8.535167,0.5231481,3.352593,0.0,0.0,0.0,0.0,0.0,0,5.769437,0.0,8.480803,0.0,5.953178,4.2109876,0.0,0.0,2.5125585,0.0
1,48,49.0,10.0,1.0,1.0,30.0,1.0,1.0,1.0,0.9999775,1.0,-0.0,0.0,-2.2481545e-05,-0.0,0.0093391165,2.563676,0.6843313,3.7698348,0.31120232,2.7960355,1.0,3.5001738,-6.6780906,0.5092593,3.094689,0.0,0.0,0.0,0.0,0.0,0,5.6131744,0.0,8.510613,0.0,6.1158175,6.649381,0.0,0.0,3.062893,0.0
2,48,49.0,10.0,1.0,1.0,30.0,1.0,1.0,1.0,0.9999777,1.0,-0.0,0.0,-2.2262493e-05,-0.0,0.006817654,2.6895063,0.76423043,4.3878465,0.3556763,2.7262976,1.0,4.2078915,-6.992598,0.5277778,3.4053676,0.0,0.0,0.0,0.0,0.0,0,6.185982,0.0,7.85863,0.0,6.2605853,4.9697685,0.0,0.0,3.9708862,0.0
3,48,49.0,10.0,1.0,1.0,30.0,1.0,1.0,1.0,0.9999768,1.0,-0.0,0.0,-2.3204628e-05,-0.0,0.007959828,2.438079,0.7280349,2.787063,0.23599076,2.6600306,1.0,3.3762043,-7.109464,0.5092593,2.8980267,0.0,0.0,0.0,0.0,0.0,0,6.907859,0.0,9.139665,0.0,3.8174696,5.137546,0.0,0.0,2.5721748,0.0
0,49,50.0,10.0,1.0,1.0,31.0,1.0,1.0,1.0,0.9999792,1.0,-0.0,0.0,-2.0808657e-05,-0.0,0.2909517,2.544505,0.8414131,4.958932,0.2873422,3.8136034,1.0,4.062402,-8.591823,0.5231481,3.4128177,0.0,0.0,0.0,0.0,0.0,0,5.798287,0.0,8.296014,0.0,5.688328,4.536386,0.0,0.0,1.984322,0.0
1,49,50.0,10.0,1.0,1.0,31.0,1.0,1.0,1.0,0.99997866,1.0,-0.0,0.0,-2.136658e-05,-0.0,0.009962171,2.5560205,0.7296621,4.073647,0.31210387,2.8847728,1.0,3.6601949,-6.8501782,0.5092593,3.127838,0.0,0.0,0.0,0.0,0.0,0,5.3021936,0.0,8.464469,0.0,5.738754,5.8527946,0.0,0.0,2.717001,0.113623045
2,49,50.0,10.0,1.0,1.0,31.0,1.0,1.0,1.0,0.9999785,1.0,-0.0,0.0,-2.1545715e-05,-0.0,0.012713857,2.6851733,0.7805439,4.6393495,0.36019966,2.8700826,1.0,4.397791,-7.1912947,0.5277778,3.4783616,0.0,0.0,0.0,0.0,0.0,0,5.19396,0.0,8.410388,0.0,5.5970116,4.8598423,0.0,0.0,3.537229,0.0
3,49,50.0,10.0,1.0,1.0,31.0,1.0,1.0,1.0,0.99997944,1.0,-0.0,0.0,-2.0586487e-05,-0.0,0.0048825517,2.428137,0.7695634,3.0805533,0.24315462,2.6304398,1.0,3.5958087,-7.115556,0.5092593,2.9399195,0.0,0.0,0.0,0.0,0.0,0,7.7580304,0.0,7.9832234,0.0,4.4793725,5.439303,0.0,0.0,2.1286323,0.0
0,50,51.0,10.0,1.0,1.0,32.0,1.0,1.0,1.0,0.99997854,1.0,-0.0,0.0,-2.1448255e-05,-0.0,0.3185708,2.5307016,0.81505615,4.4833326,0.29678118,4.2067637,1.0,3.8003483,-8.78209,0.5231481,3.4237227,0.0,0.0,0.0,0.0,0.0,0,4.9998016,0.0,9.523648,0.0,6.7145977,4.0589304,0.0,0.0,1.9155215,0.50221205
1,50,51.0,10.0,1.0,1.0,32.0,1.0,1.0,1.0,0.9999783,1.0,-0.0,0.0,-2.1723445e-05,-0.0,0.011492334,2.554078,0.699558,3.582443,0.32377088,3.0295649,1.0,3.467409,-6.561363,0.5092593,3.1338878,0.0,0.0,0.0,0.0,0.0,0,5.410353,0.0,9.129021,0.0,6.184189,6.0560865,0.0,0.0,2.6225677,0.0
2,50,51.0,10.0,1.0,1.0,32.0,1.0,1.0,1.0,0.9999787,1.0,-0.0,0.0,-2.1271057e-05,-0.0,0.025101006,2.6727214,0.75096893,4.106569,0.37361935,3.048625,1.0,4.0999265,-7.015571,0.5324074,3.485253,0.0,0.0,0.0,0.0,0.0,0,4.9053535,0.0,8.702881,0.0,4.640233,4.8024664,0.0,0.0,3.496516,0.0
3,50,51.0,10.0,1.0,1.0,32.0,1.0,1.0,1.0,0.99997723,1.0,-0.0,0.0,-2.2796567e-05,-0.0,0.0024348497,2.3981616,0.7321703,2.4828703,0.25506878,2.7707253,1.0,3.244858,-6.570765,0.5092593,2.963948,0.0,0.0,0.0,0.0,0.0,0,6.394027,0.0,10.484048,0.0,4.857316,4.9129853,0.0,0.0,1.9429545,0.0
0,51,52.0,10.0,1.0,1.0,33.0,1.0,1.0,1.0,0.99997824,1.0,-0.0,0.0,-2.17758e-05,-0.0,0.30867383,2.5033891,0.8541165,4.6950407,0.30369395,4.245848,1.0,3.840277,-8.493762,0.5231481,3.4445763,0.0,0.0,0.0,0.0,0.0,0,5.198352,0.0,7.9054446,0.0,6.0277267,4.041214,0.0,0.0,1.7851902,0.59108365
1,51,52.0,10.0,1.0,1.0,33.0,1.0,1.0,1.0,0.999978,1.0,-0.0,0.0,-2.202068e-05,-0.0,0.010973401,2.540408,0.72791314,3.7996194,0.3340726,3.0409122,1.0,3.566833,-6.597612,0.5092593,3.1369877,0.0,0.0,0.0,0.0,0.0,0,5.2512546,0.0,8.37495,0.0,6.3533273,5.94116,0.0,0.0,2.2381942,0.0
2,51,52.0,10.0,1.0,1.0,33.0,1.0,1.0,1.0,0.9999787,1.0,-0.0,0.0,-2.12821e-05,-0.0,0.034960732,2.654306,0.7879139,4.30481,0.3810266,3.1630485,1.0,4.121745,-7.130295,0.5324074,3.4944005,0.0,0.0,0.0,0.0,0.0,0,5.8705583,0.0,8.345665,0.0,6.234825,4.615747,0.0,0.0,3.1370087,0.0
3,51,52.0,10.0,1.0,1.0,33.0,1.0,1.0,1.0,0.99997836,1.0,-0.0,0.0,-2.1666045e-05,-0.0,0.0069936737,2.369512,0.7824585,2.687549,0.26341385,2.769595,1.0,3.1744082,-6.550151,0.5092593,2.9822035,0.0,0.0,0.0,0.0,0.0,0,6.4785514,0.0,9.420381,0.0,4.262407,4.724196,0.0,0.0,1.8329448,0.0
0,52,53.0,10.0,1.0,1.0,34.0,1.0,1.0,1.0,0.99997973,1.0,-0.0,0.0,-2.0236801e-05,-0.0,0.31271037,2.4691653,0.8778112,4.7080293,0.31275636,4.3157077,1.0,3.7913203,-8.617143,0.5231481,3.4812093,0.0,0.0,0.0,0.0,0.0,0,5.820464,0.0,7.7832036,0.0,5.8383675,3.8386512,0.0,0.0,1.5313064,0.433505
1,52,53.0,10.0,1.0,1.0,34.0,1.0,1.0,1.0,0.999979,1.0,-0.0,0.0,-2.0986257e-05,-0.0,0.008815527,2.5167892,0.7425937,3.8299904,0.34468466,3.0473409,1.0,3.5502717,-6.5202947,0.5092593,3.1447597,0.0,0.0,0.0,0.0,0.0,0,5.673689,0.0,8.133168,0.0,6.818125,5.694262,0.0,0.0,2.022646,0.0
2,52,53.0,10.0,1.0,1.0,34.0,1.0,1.0,1.0,0.99997914,1.0,-0.0,0.0,-2.0853247e-05,-0.0,0.03414303,2.6394362,0.7990713,4.345896,0.38390717,3.253327,1.0,4.140613,-7.108477,0.5324074,3.4980848,0.0,0.0,0.0,0.0,0.0,0,5.464416,0.0,8.074047,0.0,6.328769,4.70037,0.0,0.0,2.703184,0.0
3,52,53.0,10.0,1.0,1.0,34.0,1.0,1.0,1.0,0.9999781,1.0,-0.0,0.0,-2.1846081e-05,-0.0,0.01901444,2.345426,0.81070495,2.7457519,0.26514545,2.9587162,1.0,3.0724323,-6.6377463,0.5092593,2.9916215,0.0,0.0,0.0,0.0,0.0,0,6.680495,0.0,9.732503,0.0,4.410946,4.5736985,0.0,0.0,1.3950077,0.0
0,53,54.0,10.0,1.0,1.0,35.0,1.0,1.0,1.0,0.9999793,1.0,-0.0,0.0,-2.0663192e-05,-0.0,0.3058724,2.4384391,0.8861858,4.853773,0.31894466,4.3071737,1.0,3.8718126,-8.640662,0.5231481,3.5196927,0.0,0.0,0.0,0.0,0.0,0,5.1744323,0.0,7.6172523,0.0,6.2846165,3.86537,0.0,0.0,1.4374282,0.93623745
1,53,54.0,10.0,1.0,1.0,35.0,1.0,1.0,1.0,0.99997896,1.0,-0.0,0.0,-2.1042408e-05,-0.0,0.011085719,2.4962804,0.75600755,3.9064872,0.3532923,3.060669,1.0,3.567931,-6.5239305,0.5092593,3.1471443,0.0,0.0,0.0,0.0,0.0,0,6.183797,0.0,8.073207,0.0,6.6908283,5.607637,0.0,0.0,1.9080973,0.0
2,53,54.0,10.0,1.0,1.0,35.0,1.0,1.0,1.0,0.99997824,1.0,-0.0,0.0,-2.1734044e-05,-0.0,0.032673404,2.6149836,0.8084516,4.3760552,0.38940477,3.323785,1.0,4.1375847,-7.064283,0.5324074,3.5039384,0.0,0.0,0.0,0.0,0.0,0,5.751567,0.0,8.175236,0.0,6.5752583,4.464478,0.0,0.0,2.1345673,0.0
3,53,54.0,10.0,1.0,1.0,35.0,1.0,1.0,1.0,0.9999799,1.0,-0.0,0.0,-2.0076219e-05,-0.0,0.023950078,2.3263288,0.82513297,2.7991135,0.26692358,3.0800447,1.0,3.0730696,-6.6988106,0.5092593,2.9933257,0.0,0.0,0.0,0.0,0.0,0,6.667428,0.0,9.5912695,0.0,4.7399817,3.8588667,0.0,0.0,1.4923496,0.0
0,54,55.0,10.0,1.0,1.0,36.0,1.0,1.0,1.0,0.99998003,1.0,-0.0,0.0,-1.9957859e-05,-0.0,0.30666327,2.421192,0.8888417,4.867304,0.32431057,4.3008075,1.0,3.8719137,-8.717646,0.5231481,3.5704634,0.0,0.0,0.0,0.0,0.0,0,6.053286,0.0,7.242647,0.0,5.8432217,3.7100375,0.0,0.0,1.2528412,1.2502582
1,54,55.0,10.0,1.0,1.0,36.0,1.0,1.0,1.0,0.9999794,1.0,-0.0,0.0,-2.0636986e-05,-0.0,0.020375475,2.4675295,0.77410966,4.006213,0.36329338,3.1179335,1.0,3.5588646,-6.5846043,0.5092593,3.1558049,0.0,0.0,0.0,0.0,0.0,0,5.2547045,0.0,7.689676,0.0,6.5321903,5.4902067,0.0,0.0,1.6726463,0.0
2,54,55.0,10.0,1.0,1.0,36.0,1.0,1.0,1.0,0.99997866,1.0,-0.0,0.0,-2.1333095e-05,-0.0,0.029829517,2.5907512,0.81921613,4.4422836,0.39630973,3.3540287,1.0,4.13119,-7.0196095,0.5324074,3.5103257,0.0,0.0,0.0,0.0,0.0,0,5.7209954,0.0,7.936497,0.0,6.5677223,4.4308996,0.0,0.0,2.2032075,0.0
3,54,55.0,10.0,1.0,1.0,36.0,1.0,1.0,1.0,0.9999787,1.0,-0.0,0.0,-2.1259075e-05,-0.0,0.038444996,2.274414,0.8635466,2.922782,0.27157137,3.1800785,1.0,2.87916,-6.823783,0.5092593,3.02463,0.0,0.0,0.0,0.0,0.0,0,7.3808603,0.0,9.552003,0.0,4.464833,3.8921154,0.0,0.0,1.3252938,0.0
0,55,56.0,10.0,1.0,1.0,37.0,1.0,1.0,1.0,0.999979,1.0,-0.0,0.0,-2.0983562e-05,-0.0,0.32523704,2.3948083,0.8623883,4.544211,0.33264932,4.3724756,1.0,3.7074478,-8.764393,0.5231481,3.5780907,0.0,0.0,0.0,0.0,0.0,0,5.747768,0.0,7.843235,0.0,5.7579684,3.725076,0.0,0.0,1.230734,1.2548302
1,55,56.0,10.0,1.0,1.0,37.0,1.0,1.0,1.0,0.99998015,1.0,-0.0,0.0,-1.9829256e-05,-0.0,0.03616512,2.4469945,0.75725836,3.9507241,0.37498885,3.3399959,1.0,3.5959723,-6.7092013,0.5092593,3.1579304,0.0,0.0,0.0,0.0,0.0,0,5.001261,0.0,7.7722726,0.0,6.212278,4.6098022,0.0,0.0,1.5220634,0.0
2,55,56.0,10.0,1.0,1.0,37.0,1.0,1.0,1.0,0.9999783,1.0,-0.0,0.0,-2.1721477e-05,-0.0,0.029914081,2.5689204,0.78251046,4.0958796,0.41112486,3.4694383,1.0,4.028273,-6.8292227,0.5324074,3.5137277,0.0,0.0,0.0,0.0,0.0,0,5.3042483,0.0,8.561856,0.0,6.6091647,4.3499937,0.0,0.0,2.072875,0.0
3,55,56.0,10.0,1.0,1.0,37.0,1.0,1.0,1.0,0.99997985,1.0,-0.0,0.0,-2.0140209e-05,-0.0,0.03947392,2.249485,0.8168447,2.671775,0.27499673,3.3638167,1.0,2.8843906,-6.7614856,0.5092593,3.030739,0.0,0.0,0.0,0.0,0.0,0,6.9927,0.0,9.016463,0.0,5.415113,3.645441,0.0,0.0,1.2354336,0.0
0,56,57.0,10.0,1.0,1.0,38.0,1.0,1.0,1.0,0.99997884,1.0,-0.0,0.0,-2.1189171e-05,-0.0,0.329417,2.348886,0.8670063,4.5846896,0.34028026,4.360284,1.0,3.6281178,-9.155531,0.5231481,3.6745172,0.0,0.0,0.0,0.0,0.0,0,4.8922224,0.0,6.8707795,0.0,5.541571,4.418496,0.0,0.0,1.1367905,1.3999892
1,56,57.0,10.0,1.0,1.0,38.0,1.0,1.0,1.0,0.9999803,1.0,-0.0,0.0,-1.971783e-05,-0.0,0.04865993,2.4073927,0.7928176,4.059016,0.38502118,3.3819194,1.0,3.4246266,-6.7960677,0.5092593,3.1765428,0.0,0.0,0.0,0.0,0.0,0,5.2499704,0.0,7.3400807,0.0,6.2908797,4.464505,0.0,0.0,1.4903781,0.0
2,56,57.0,10.0,1.0,1.0,38.0,1.0,1.0,1.0,0.99997836,1.0,-0.0,0.0,-2.165528e-05,-0.0,0.024499185,2.534597,0.79876447,4.230147,0.42663655,3.4551945,1.0,3.986344,-6.777022,0.5324074,3.5397232,0.0,0.0,0.0,0.0,0.0,0,5.3379183,0.0,7.584438,0.0,6.7643104,4.028359,0.0,0.0,2.393782,0.0
3,56,57.0,10.0,1.0,1.0,38.0,1.0,1.0,1.0,0.9999773,1.0,-0.0,0.0,-2.2719385e-05,-0.0,0.0498347,2.165015,0.85204315,2.7943554,0.28179398,3.4150877,1.0,2.6562333,-6.7772183,0.5092593,3.095834,0.0,0.0,0.0,0.0,0.0,0,7.522503,0.0,8.381835,0.0,5.987686,3.5561578,0.0,0.0,0.9575422,0.42155802
0,57,58.0,10.0,1.0,1.0,39.0,1.0,1.0,1.0,0.99998003,1.0,-0.0,0.0,-1.9988891e-05,-0.0,0.3246747,2.31556,0.8569168,4.5352435,0.34080434,4.3267593,1.0,3.5872502,-8.956325,0.5231481,3.7601516,0.0,0.0,0.0,0.0,0.0,0,4.914144,0.0,6.4000793,0.0,5.9206367,2.4081714,0.0,0.0,0.77771544,1.7791308
1,57,58.0,10.0,1.0,1.0,39.0,1.0,1.0,1.0,0.9999802,1.0,-0.0,0.0,-1.9817862e-05,-0.0,0.05564224,2.3687537,0.803018,4.1263466,0.3937131,3.4283564,1.0,3.3405852,-6.8660855,0.5092593,3.2143044,0.0,0.0,0.0,0.0,0.0,0,5.6153045,0.0,7.026359,0.0,6.441392,4.209707,0.0,0.0,1.5112456,0.0
2,57,58.0,10.0,1.0,1.0,39.0,1.0,1.0,1.0,0.99997956,1.0,-0.0,0.0,-2.0437426e-05,-0.0,0.027848408,2.4905958,0.8051754,4.2710342,0.4320492,3.5424504,1.0,3.907306,-6.830957,0.5324074,3.5934646,0.0,0.0,0.0,0.0,0.0,0,5.5572467,0.0,7.320194,0.0,6.701911,3.810344,0.0,0.0,1.8564837,0.0
3,57,58.0,10.0,1.0,1.0,39.0,1.0,1.0,1.0,0.9999784,1.0,-0.0,0.0,-2.158767e-05,-0.0,0.03693737,2.1321516,0.8494717,2.8272166,0.28539526,3.3763595,1.0,2.6645477,-6.610498,0.5092593,3.1167238,0.0,0.0,0.0,0.0,0.0,0,6.9677024,0.0,8.221809,0.0,6.34574,3.811571,0.0,0.0,1.3117429,0.0
0,58,59.0,10.0,1.0,1.0,40.0,1.0,1.0,1.0,0.9999802,1.0,-0.0,0.0,-1.9781106e-05,-0.0,0.31598097,2.2817419,0.81792074,4.175945,0.3454143,4.1746325,1.0,3.4241118,-8.519274,0.5231481,3.791533,0.0,0.0,0.0,0.0,0.0,0,5.033975,0.0,5.9663525,0.0,5.740061,2.4252849,0.0,0.0,0.6435748,2.113156
1,58,59.0,10.0,1.0,1.0,40.0,1.0,1.0,1.0,0.99997985,1.0,-0.0,0.0,-2.012888e-05,-0.0,0.0562042,2.3263874,0.78002506,4.020258,0.4020386,3.602925,1.0,3.29604,-6.8913403,0.5092593,3.2388632,0.0,0.0,0.0,0.0,0.0,0,5.8067317,0.0,6.6707754,0.0,6.35287,3.9635632,0.0,0.0,1.051394,0.0
2,58,59.0,10.0,1.0,1.0,40.0,1.0,1.0,1.0,0.99997973,1.0,-0.0,0.0,-2.0269343e-05,-0.0,0.021935627,2.4625237,0.7686324,4.078065,0.43110597,3.7754376,1.0,3.9048493,-6.816516,0.5324074,3.6124196,0.0,0.0,0.0,0.0,0.0,0,5.001617,0.0,7.015399,0.0,6.171065,3.5741837,0.0,0.0,1.6877208,0.0
3,58,59.0,10.0,1.0,1.0,40.0,1.0,1.0,1.0,0.99997616,1.0,-0.0,0.0,-2.3821782e-05,-0.0,0.05274173,2.0705214,0.83992285,2.7791877,0.30075136,3.4144,1.0,2.5114677,-6.6758647,0.5092593,3.1578834,0.0,0.0,0.0,0.0,0.0,0,7.934115,0.0,8.647322,0.0,5.83437,4.0733414,0.0,0.0,0.8817415,0.0
0,59,60.0,10.0,1.0,1.0,41.0,1.0,1.0,1.0,0.99998116,1.0,-0.0,0.0,-1.8828114e-05,-0.0,0.31177643,2.2963037,0.800874,4.1567793,0.35119608,3.9663475,1.0,3.350475,-8.395754,0.5231481,3.938847,0.0,0.0,0.0,0.0,0.0,0,5.7474055,0.0,6.1530695,0.0,4.9781027,2.5552344,0.0,0.0,0.61307174,2.3050263
1,59,60.0,10.0,1.0,1.0,41.0,1.0,1.0,1.0,0.99997973,1.0,-0.0,0.0,-2.0258578e-05,-0.0,0.05492661,2.2759078,0.7783972,3.9689126,0.41115704,3.6792476,1.0,3.147467,-6.862234,0.5092593,3.3159595,0.0,0.0,0.0,0.0,0.0,0,5.381239,0.0,6.4122853,0.0,6.806435,3.868257,0.0,0.0,1.2838635,0.0
2,59,60.0,10.0,1.0,1.0,41.0,1.0,1.0,1.0,0.9999795,1.0,-0.0,0.0,-2.0497953e-05,-0.0,0.026935898,2.4107063,0.76518625,4.027651,0.4355432,4.017141,1.0,3.7831514,-6.887991,0.5324074,3.6994836,0.0,0.0,0.0,0.0,0.0,0,5.8303766,0.0,6.6641636,0.0,6.5170255,3.5936644,0.0,0.0,1.5943522,0.0
3,59,60.0,10.0,1.0,1.0,41.0,1.0,1.0,1.0,0.9999796,1.0,-0.0,0.0,-2.0374977e-05,-0.0,0.061208755,2.0471334,0.8434767,2.8481805,0.2865402,3.684138,1.0,2.4098096,-6.6546845,0.5092593,3.1721961,0.0,0.0,0.0,0.0,0.0,0,7.2482696,0.0,7.999224,0.0,5.8403697,3.949214,0.0,0.0,0.7843004,0.0
0,60,61.0,10.0,1.0,1.0,42.0,1.0,1.0,1.0,0.99997926,1.0,-0.0,0.0,-2.0739219e-05,-0.0,0.26635304,2.6885889,0.75122756,4.2681003,0.36094186,3.7739859,1.0,3.687058,-7.68225,0.5416667,4.322504,0.0,0.0,0.0,0.0,0.0,0,6.2466283,0.0,4.8068366,0.0,4.707245,2.8073826,0.0,0.0,0.5116221,2.1994944
1,60,61.0,10.0,1.0,1.0,42.0,1.0,1.0,1.0,0.99997914,1.0,-0.0,0.0,-2.0860312e-05,-0.0,0.010207109,2.5713701,0.7147722,3.855861,0.4116627,3.738976,1.0,3.2601466,-6.5679,0.5231481,3.613045,0.0,0.0,0.0,0.0,0.0,0,6.0456753,0.0,4.387602,0.0,5.2725587,3.651921,0.0,0.0,0.8279879,0.0
2,60,61.0,10.0,1.0,1.0,42.0,1.0,1.0,1.0,0.99998,1.0,-0.0,0.0,-1.9998373e-05,-0.0,0.0070689246,2.7120914,0.7109371,4.021231,0.42445943,4.205647,1.0,3.9116635,-6.944082,0.5324074,3.998354,0.0,0.0,0.0,0.0,0.0,0,6.328232,0.0,4.033222,0.0,4.235454,3.2428432,0.0,0.0,1.0639896,0.0
3,60,61.0,10.0,1.0,1.0,42.0,1.0,1.0,1.0,0.9999751,1.0,-0.0,0.0,-2.4909712e-05,-0.0,0.07502269,2.2365406,0.6972974,1.9611713,0.2594151,4.7520576,1.0,2.4086723,-6.8751054,0.5092593,3.3848863,0.0,0.0,0.0,0.0,0.0,0,7.114961,0.0,7.280159,0.0,4.659388,3.827327,0.0,0.0,0.51057076,0.0
0,61,62.0,10.0,1.0,1.0,43.0,1.0,1.0,1.0,0.9999744,1.0,-0.0,0.0,-2.557164e-05,-0.0,0.26908386,2.5974684,0.6736365,3.808263,0.37872574,3.6349385,1.0,3.758746,-7.441208,0.5416667,4.509358,0.0,0.0,0.0,0.0,0.0,0,5.180116,0.0,6.487608,0.0,5.315857,2.7599561,0.0,0.0,0.9787973,2.5119398
1,61,62.0,10.0,1.0,1.0,43.0,1.0,1.0,1.0,0.9999778,1.0,-0.0,0.0,-2.214911e-05,-0.0,0.030102022,2.457362,0.6858535,3.8375454,0.43314987,3.9144952,1.0,3.4947436,-6.937893,0.5231481,3.7486143,0.0,0.0,0.0,0.0,0.0,0,5.2198544,0.0,5.770007,0.0,6.771112,3.5605412,0.0,0.0,0.98665154,0.0
2,61,62.0,10.0,1.0,1.0,43.0,1.0,1.0,1.0,0.9999765,1.0,-0.0,0.0,-2.3486959e-05,-0.0,0.015599281,2.581975,0.65791106,3.7070153,0.43875036,4.4186053,1.0,4.04864,-7.0420494,0.5324074,4.144754,0.0,0.0,0.0,0.0,0.0,0,6.3011837,0.0,5.6356826,0.0,4.8194785,3.5091789,0.0,0.0,1.0709184,0.0
3,61,62.0,10.0,1.0,1.0,43.0,1.0,1.0,1.0,0.9999751,1.0,-0.0,0.0,-2.494328e-05,-0.0,0.04653819,2.2164545,0.6154024,1.5904932,0.2700505,4.7100244,1.0,2.605567,-6.5681806,0.5092593,3.4073784,0.0,0.0,0.0,0.0,0.0,0,8.472901,0.0,8.19557,0.0,6.2186685,3.315561,0.0,0.0,0.88055056,0.0
0,62,63.0,10.0,1.0,1.0,44.0,1.0,1.0,1.0,0.99997634,1.0,-0.0,0.0,-2.3667875e-05,-0.0,0.24242327,2.6329744,0.6604715,3.7289126,0.3850265,3.5304976,1.0,3.6463668,-7.0186014,0.5416667,4.647423,0.0,0.0,0.0,0.0,0.0,0,4.7959733,0.0,4.6181736,0.0,4.877179,2.9991343,0.0,0.0,0.40935883,2.4822092
1,62,63.0,10.0,1.0,1.0,44.0,1.0,1.0,1.0,0.99997824,1.0,-0.0,0.0,-2.1749343e-05,-0.0,0.0022925436,2.4157524,0.65575826,3.543997,0.43537623,4.109808,1.0,3.2683036,-6.5442824,0.5231481,3.853817,0.0,0.0,0.0,0.0,0.0,0,4.6840262,0.0,5.5813446,0.0,7.0027213,3.3130636,0.0,0.0,0.7398597,0.0
2,62,63.0,10.0,1.0,1.0,44.0,1.0,1.0,1.0,0.9931313,1.0,-0.0,0.0,-2.2966478e-05,-0.0068457774,0.017286092,2.530616,0.6309003,3.2894585,0.40259817,5.410746,0.0,3.8434877,-7.1538396,0.5324074,4.224625,0.0,0.0,0.0,0.0,0.0,0,5.269585,0.0,7.057905,0.0,4.736184,2.5803003,0.0,0.0,0.86270416,0.0
3,62,63.0,10.0,1.0,1.0,44.0,1.0,1.0,1.0,0.9999714,1.0,-0.0,0.0,-2.8613951e-05,-0.0,0.04126616,2.096722,0.62581474,1.7218754,0.28338844,4.663922,1.0,2.484277,-6.245182,0.5092593,3.5693395,0.0,0.0,0.0,0.0,0.0,0,6.553115,0.0,8.088474,0.0,5.990645,3.9197073,0.0,0.0,0.4158718,0.0
0,63,64.0,10.0,1.0,1.0,45.0,1.0,1.0,1.0,0.9999765,1.0,-0.0,0.0,-2.3508797e-05,-0.0,0.22575763,2.6344507,0.6527899,3.4242444,0.40516165,3.6185346,1.0,3.5397775,-6.5521197,0.5462963,4.6805544,0.0,0.0,0.0,0.0,0.0,0,4.393051,0.0,5.0929174,0.0,3.920388,2.976137,0.0,0.0,0.5509182,3.3618982
1,63,64.0,10.0,1.0,1.0,45.0,1.0,1.0,1.0,0.99997824,1.0,-0.0,0.0,-2.1769803e-05,-0.0,0.008898228,2.36628,0.61931473,3.4208133,0.43832397,4.4533725,1.0,3.3808982,-6.7145824,0.5231481,3.9399245,0.0,0.0,0.0,0.0,0.0,0,5.019244,0.0,5.5583534,0.0,7.2646003,3.2156777,0.0,0.0,0.65765,0.0
2,63,64.0,10.0,1.0,1.0,45.0,1.0,1.0,1.0,0.98481065,1.0,-0.0,0.0,-2.51903e-05,-0.015164151,0.010043383,2.4920127,0.584055,3.084616,0.40737408,5.9098487,0.0,4.0615826,-6.9630647,0.5324074,4.2886496,0.0,0.0,0.0,0.0,0.0,0,5.5754747,0.0,7.0367937,0.0,4.1990595,2.5458417,0.0,0.0,0.79219395,0.0
3,63,64.0,10.0,1.0,1.0,45.0,1.0,1.0,1.0,0.99997485,1.0,-0.0,0.0,-2.5149458e-05,-0.0,0.02036225,2.1216226,0.5782178,1.609085,0.28762293,4.719489,1.0,2.6936264,-6.178258,0.5092593,3.5827205,0.0,0.0,0.0,0.0,0.0,0,7.471861,0.0,7.607415,0.0,6.662572,3.9645782,0.0,0.0,0.5276407,0.0
0,64,65.0,10.0,1.0,1.0,46.0,1.0,1.0,1.0,0.9999795,1.0,-0.0,0.0,-2.0506437e-05,-0.0,0.19884035,2.6277447,0.6421133,3.3171842,0.41422564,3.4456658,1.0,3.4835207,-6.094345,0.5462963,4.768397,0.0,0.0,0.0,0.0,0.0,0,4.0111327,0.0,4.8727226,0.0,4.1571436,3.3249397,0.0,0.0,0.3728263,3.5574877
1,64,65.0,10.0,1.0,1.0,46.0,1.0,1.0,1.0,0.99879926,1.0,-0.0,0.0,-1.9554875e-05,-0.0011811887,0.0006314367,2.3606968,0.58522785,3.0716467,0.40850848,5.070871,0.0,3.3425188,-6.7125616,0.5231481,4.0037537,0.0,0.0,0.0,0.0,0.0,0,4.5186324,0.0,6.6085896,0.0,7.183022,3.2361407,0.0,0.0,0.550985,0.0
2,64,65.0,10.0,1.0,1.0,46.0,1.0,1.0,1.0,0.9827759,1.0,-0.0,0.0,-2.2903148e-05,-0.017201206,0.042127445,2.4512677,0.57753235,3.086899,0.4159185,6.032072,0.0,4.1409907,-6.7070565,0.5324074,4.4028077,0.0,0.0,0.0,0.0,0.0,0,5.155386,0.0,7.5626373,0.0,4.805567,2.8420775,0.0,0.0,0.502686,0.0
3,64,65.0,10.0,1.0,1.0,46.0,1.0,1.0,1.0,0.9999727,1.0,-0.0,0.0,-2.7302038e-05,-0.0,0.003502518,2.0562034,0.59380686,1.794005,0.3093296,4.3462563,1.0,2.7034914,-5.7542996,0.5092593,3.6957324,0.0,0.0,0.0,0.0,0.0,0,7.144406,0.0,7.5611854,0.0,6.787771,4.3475304,0.0,0.0,0.5653381,0.0
0,65,66.0,10.0,1.0,1.0,47.0,1.0,1.0,1.0,0.99998206,1.0,-0.0,0.0,-1.7950511e-05,-0.0,0.17689541,2.6201746,0.6274538,3.0127234,0.42839023,3.4856458,1.0,3.453774,-5.5176,0.5462963,4.8041744,0.0,0.0,0.0,0.0,0.0,0,4.3599663,0.0,5.551902,0.0,4.7131577,3.520666,0.0,0.0,0.488825,3.8302586
1,65,66.0,10.0,1.0,1.0,47.0,1.0,1.0,1.0,0.9919908,1.0,-0.0,0.0,-2.0193886e-05,-0.007988966,0.024054758,2.3638954,0.5379661,2.907207,0.40539536,5.4793377,0.0,3.5706735,-6.5498567,0.5231481,4.0319014,0.0,0.0,0.0,0.0,0.0,0,4.9239078,0.0,6.662637,0.0,7.047843,3.2982447,0.0,0.0,0.5391115,0.0
2,65,66.0,10.0,1.0,1.0,47.0,1.0,1.0,1.0,0.9832355,1.0,-0.0,0.0,-2.088175e-05,-0.016743654,0.08203499,2.4619524,0.5533737,3.0119438,0.43320715,6.0046186,0.0,4.230034,-6.4102726,0.5324074,4.431785,0.0,0.0,0.0,0.0,0.0,0,5.701488,0.0,7.1761727,0.0,6.5753775,3.2398493,0.0,0.0,0.4900464,0.0
3,65,66.0,10.0,1.0,1.0,47.0,1.0,1.0,1.0,0.9999768,1.0,-0.0,0.0,-2.3192693e-05,-0.0,0.0133395195,2.1477005,0.5555344,1.6056763,0.31396845,4.236065,1.0,2.7722697,-5.849858,0.5092593,3.762668,0.0,0.0,0.0,0.0,0.0,0,7.335847,0.0,7.250591,0.0,6.0770397,4.2989016,0.0,0.0,0.41593012,0.0
0,66,67.0,10.0,1.0,1.0,48.0,1.0,1.0,1.0,0.9999807,1.0,-0.0,0.0,-1.9331872e-05,-0.0,0.15653464,2.6135616,0.6185098,3.059646,0.43726075,3.2980144,1.0,3.4781208,-5.2186522,0.5462963,4.8872967,0.0,0.0,0.0,0.0,0.0,0,3.9621797,0.0,4.974193,0.0,4.4811826,4.012072,0.0,0.0,0.3496951,4.110019
1,66,67.0,10.0,1.0,1.0,48.0,1.0,1.0,1.0,0.9901121,1.0,-0.0,0.0,-2.2424574e-05,-0.009865468,0.05393531,2.3467097,0.5280508,2.8798845,0.4111603,5.5919275,0.0,3.6842957,-6.253517,0.5231481,4.105065,0.0,0.0,0.0,0.0,0.0,0,4.7512493,0.0,7.00562,0.0,7.6416445,3.6685374,0.0,0.0,0.57605827,0.0
2,66,67.0,10.0,1.0,1.0,48.0,1.0,1.0,1.0,0.98671055,1.0,-0.0,0.0,-2.2742255e-05,-0.01326666,0.109381974,2.4209054,0.54621387,3.0629697,0.44697332,5.795999,0.0,4.289939,-6.0515394,0.5324074,4.5542316,0.0,0.0,0.0,0.0,0.0,0,5.891098,0.0,8.132805,0.0,6.754815,3.52034,0.0,0.0,0.3740033,0.0
3,66,67.0,10.0,1.0,1.0,48.0,1.0,1.0,1.0,0.9999717,1.0,-0.0,0.0,-2.8327899e-05,-0.0,0.0342492,2.1104558,0.5516126,1.7063501,0.3401415,3.8694398,1.0,2.798693,-5.501879,0.5092593,3.8640394,0.0,0.0,0.0,0.0,0.0,0,6.969783,0.0,8.076158,0.0,6.458056,5.505545,0.0,0.0,0.30654275,0.22751679
0,67,68.0,10.0,1.0,1.0,49.0,1.0,1.0,1.0,0.99998194,1.0,-0.0,0.0,-1.8084249e-05,-0.0,0.1430925,2.6060624,0.62018836,3.0070019,0.44553685,3.1874545,1.0,3.481272,-4.9672284,0.5462963,4.921806,0.0,0.0,0.0,0.0,0.0,0,4.5903864,0.0,4.551795,0.0,3.5671718,3.8480053,0.0,0.0,0.36875078,4.4179144
1,67,68.0,10.0,1.0,1.0,49.0,1.0,1.0,1.0,0.9903427,1.0,-0.0,0.0,-2.0885636e-05,-0.009636479,0.09450633,2.3563633,0.49781096,2.965059,0.43053818,5.5781884,0.0,3.9360676,-5.917641,0.5231481,4.1400747,0.0,0.0,0.0,0.0,0.0,0,5.86589,0.0,6.74424,0.0,7.0540786,3.734879,0.0,0.0,0.4079885,0.0
2,67,68.0,10.0,1.0,1.0,49.0,1.0,1.0,1.0,0.98990613,1.0,-0.0,0.0,-2.0917125e-05,-0.010072928,0.14154688,2.4436104,0.5178242,3.2116752,0.4604337,5.6043754,0.0,4.503804,-5.8429966,0.5324074,4.57669,0.0,0.0,0.0,0.0,0.0,0,6.7885118,0.0,7.852179,0.0,5.5182767,3.628567,0.0,0.0,0.3632086,0.0
3,67,68.0,10.0,1.0,1.0,49.0,1.0,1.0,1.0,0.99997467,1.0,-0.0,0.0,-2.5320234e-05,-0.0,0.050149113,2.18186,0.51552284,1.5425268,0.34232977,3.5937874,1.0,2.828816,-5.361734,0.5092593,3.908392,0.0,0.0,0.0,0.0,0.0,0,7.106415,0.0,7.5246496,0.0,5.9803634,4.8517976,0.0,0.0,0.31835392,1.028984
0,68,69.0,10.0,1.0,1.0,50.0,1.0,1.0,1.0,0.9999817,1.0,-0.0,0.0,-1.8280918e-05,-0.0,0.11042021,2.4780219,0.61861694,3.1837687,0.44763693,2.9558046,1.0,3.476826,-4.715859,0.5462963,5.3059597,0.0,0.0,0.0,0.0,0.0,0,4.406993,0.0,3.532383,0.0,3.4910767,4.2968864,0.0,0.0,0.3197347,5.1008663
1,68,69.0,10.0,1.0,1.0,50.0,1.0,1.0,1.0,0.9968986,1.0,-0.0,0.0,-2.183455e-05,-0.0030795757,0.12016203,2.2725883,0.50224423,3.023875,0.45161402,5.184774,0.0,3.8794417,-5.7857995,0.5231481,4.454426,0.0,0.0,0.0,0.0,0.0,0,5.9201727,0.0,8.309791,0.0,5.5000677,4.0094004,0.0,0.0,0.29728764,0.0
2,68,69.0,10.0,1.0,1.0,50.0,1.0,1.0,1.0,0.9986082,1.0,-0.0,0.0,-2.3008653e-05,-0.0013688339,0.15487912,2.32558,0.5172026,3.2197082,0.4749571,5.0821295,0.0,4.412907,-5.7453036,0.5324074,4.8744855,0.0,0.0,0.0,0.0,0.0,0,7.507609,0.0,9.44279,0.0,5.6729236,4.0628138,0.0,0.0,0.29587466,0.0
3,68,69.0,10.0,1.0,1.0,50.0,1.0,1.0,1.0,0.9999731,1.0,-0.0,0.0,-2.6870668e-05,-0.0,0.026821718,2.0850413,0.558698,1.747146,0.36651626,3.0662906,1.0,2.3574212,-5.7036076,0.5092593,4.1762924,0.0,0.0,0.0,0.0,0.0,0,6.0250373,0.0,8.445786,0.0,5.0747633,6.0125113,0.0,0.0,0.29163077,2.0147266
0,69,70.0,10.0,1.0,1.0,51.0,1.0,1.0,1.0,0.999983,1.0,-0.0,0.0,-1.7002729e-05,-0.0,0.10347068,2.5312228,0.6100419,3.071137,0.43820348,2.8983083,1.0,3.5899785,-4.4796925,0.5462963,5.4628243,0.0,0.0,0.0,0.0,0.0,0,4.6801453,0.0,3.9648674,0.0,3.4050107,4.2636695,0.0,0.0,0.32276353,5.5143957
1,69,70.0,10.0,1.0,1.0,51.0,1.0,1.0,1.0,0.9999262,1.0,-0.0,0.0,-2.212858e-05,-5.1681764e-05,0.15407465,2.3362975,0.47070822,2.9550102,0.45288187,5.0031004,0.0,4.143733,-5.4962187,0.5231481,4.4887414,0.0,0.0,0.0,0.0,0.0,0,5.91671,0.0,6.3599896,0.0,4.894581,4.226382,0.0,0.0,0.21829227,0.0
2,69,70.0,10.0,1.0,1.0,51.0,1.0,1.0,1.0,0.9999778,1.0,-0.0,0.0,-2.215261e-05,-0.0,0.18602647,2.3826218,0.4962831,3.2552514,0.4788461,4.78473,1.0,4.6524844,-5.46919,0.5324074,4.903086,0.0,0.0,0.0,0.0,0.0,0,7.903272,0.0,7.865288,0.0,4.7299867,4.196294,0.0,0.0,0.26201016,0.0
3,69,70.0,10.0,1.0,1.0,51.0,1.0,1.0,1.0,0.9999736,1.0,-0.0,0.0,-2.6428006e-05,-0.0,0.091200136,2.1821864,0.49346402,1.4429003,0.36176547,2.737186,1.0,2.7383108,-4.8602915,0.5092593,4.241695,0.0,0.0,0.0,0.0,0.0,0,8.436345,0.0,7.935082,0.0,6.900334,4.985359,0.0,0.0,0.2701577,3.3945684
0,70,71.0,10.0,1.0,1.0,52.0,1.0,1.0,1.0,0.99998003,1.0,-0.0,0.0,-1.9968234e-05,-0.0,0.02603475,2.4402504,0.5954445,3.0744486,0.44520086,2.743185,1.0,3.6326478,-3.0712876,0.5509259,5.9723463,0.0,0.0,0.0,0.0,0.0,0,4.9086537,0.0,3.8621736,0.0,4.7719707,4.3008714,0.0,0.0,0.22250505,4.004301
1,70,71.0,10.0,1.0,1.0,52.0,1.0,1.0,1.0,0.99997735,1.0,-0.0,0.0,-2.2621629e-05,-0.0,0.1256643,2.3750215,0.53874743,3.280642,0.48121282,4.601394,1.0,3.5113435,-5.8403893,0.5231481,4.918822,0.0,0.0,0.0,0.0,0.0,0,8.070914,0.0,8.531296,0.0,4.11904,4.7277927,0.0,0.0,0.27310622,0.0
2,70,71.0,10.0,1.0,1.0,52.0,1.0,1.0,1.0,0.9999766,1.0,-0.0,0.0,-2.3407496e-05,-0.0,0.1376912,2.415725,0.54166687,3.3395274,0.501476,4.2666326,1.0,3.8185441,-5.6764026,0.5324074,5.295312,0.0,0.0,0.0,0.0,0.0,0,8.445212,0.0,9.400289,0.0,4.80142,4.7573233,0.0,0.0,0.28899348,0.0
3,70,71.0,10.0,1.0,1.0,52.0,1.0,1.0,1.0,0.9999741,1.0,-0.0,0.0,-2.592329e-05,-0.0,0.0090440735,2.1810985,0.54950744,1.9192154,0.38127798,2.307715,1.0,2.0508046,-6.040156,0.5138889,4.696782,0.0,0.0,0.0,0.0,0.0,0,4.2638917,0.0,10.084031,0.0,4.085132,5.390592,0.0,0.0,0.9645777,3.817204
0,71,72.0,10.0,1.0,1.0,53.0,1.0,1.0,1.0,0.9999825,1.0,-0.0,0.0,-1.7524218e-05,-0.0,0.043080375,2.4581246,0.576158,3.0331802,0.4533377,2.6146207,1.0,3.8586404,-3.5155275,0.5509259,6.131767,0.0,0.0,0.0,0.0,0.0,0,5.1515207,0.0,5.0048046,0.0,5.1542697,4.5671206,0.0,0.0,0.20938039,4.236719
1,71,72.0,10.0,1.0,1.0,53.0,1.0,1.0,1.0,0.99997634,1.0,-0.0,0.0,-2.3664099e-05,-0.0,0.15220828,2.4661906,0.51001275,2.918762,0.49170676,4.643735,1.0,3.554846,-5.3665767,0.5277778,5.0759916,0.0,0.0,0.0,0.0,0.0,0,6.728629,0.0,6.991392,0.0,5.4861784,4.838038,0.0,0.0,0.24248756,0.0
2,71,72.0,10.0,1.0,1.0,53.0,1.0,1.0,1.0,0.9999777,1.0,-0.0,0.0,-2.2267388e-05,-0.0,0.1527952,2.4487388,0.5133998,2.915542,0.5027191,4.273416,1.0,3.9162169,-5.255876,0.5324074,5.362811,0.0,0.0,0.0,0.0,0.0,0,7.894752,0.0,8.173886,0.0,5.198212,4.71785,0.0,0.0,0.20721276,0.0
3,71,72.0,10.0,1.0,1.0,53.0,1.0,1.0,1.0,0.9999718,1.0,-0.0,0.0,-2.8175438e-05,-0.0,0.089089386,2.3039649,0.4925555,0.8185222,0.38276306,1.9519705,1.0,1.9460162,-4.5592775,0.5138889,4.8601284,0.0,0.0,0.0,0.0,0.0,0,7.5309634,0.0,6.2365327,0.0,5.72111,4.7894287,0.0,0.0,0.17276539,4.0639367
0,72,73.0,10.0,1.0,1.0,54.0,1.0,1.0,1.0,0.9999781,1.0,-0.0,0.0,-2.1871869e-05,-0.0,0.048789382,2.376011,0.58173215,3.0655243,0.4748779,2.3567152,1.0,3.6166584,-3.6033309,0.5509259,6.70044,0.0,0.0,0.0,0.0,0.0,0,5.300586,0.0,3.5348904,0.0,4.382096,6.1432877,0.0,0.0,0.17354879,5.098994
1,72,73.0,10.0,1.0,1.0,54.0,1.0,1.0,1.0,0.99997514,1.0,-0.0,0.0,-2.4842515e-05,-0.0,0.08197762,2.3398416,0.58440566,3.29659,0.51879746,4.583494,1.0,2.5680358,-5.8560066,0.5277778,5.5867205,0.0,0.0,0.0,0.0,0.0,0,5.632089,0.0,10.682945,0.0,4.179776,5.746211,0.0,0.0,0.6689148,0.0
2,72,73.0,10.0,1.0,1.0,54.0,1.0,1.0,1.0,0.99997616,1.0,-0.0,0.0,-2.3831246e-05,-0.0,0.07875841,2.383505,0.5755543,3.0881667,0.53089124,4.0034766,1.0,2.7539923,-5.6219893,0.5324074,5.804307,0.0,0.0,0.0,0.0,0.0,0,7.869557,0.0,10.304115,0.0,5.283684,5.312771,0.0,0.0,0.5794318,0.0
3,72,73.0,10.0,1.0,1.0,54.0,1.0,1.0,1.0,0.9999753,1.0,-0.0,0.0,-2.4698711e-05,-0.0,0.0033413991,2.2043884,0.5847712,2.1576676,0.40702233,1.8247188,1.0,1.5454768,-5.5988646,0.5138889,5.376262,0.0,0.0,0.0,0.0,0.0,0,5.060577,0.0,10.3518305,0.0,4.880918,6.122988,0.0,0.0,0.9914891,6.5029306
0,73,74.0,10.0,1.0,1.0,55.0,1.0,1.0,1.0,0.999983,1.0,-0.0,0.0,-1.6979066e-05,-0.0,0.042807497,2.4278474,0.57139194,3.2026443,0.4802382,2.152583,1.0,3.8912358,-3.468114,0.5509259,6.80018,0.0,0.0,0.0,0.0,0.0,0,4.980042,0.0,3.8134096,0.0,4.7908516,7.65992,0.0,0.0,0.18277739,5.2923923
1,73,74.0,10.0,1.0,1.0,55.0,1.0,1.0,1.0,0.99997944,1.0,-0.0,0.0,-2.0590043e-05,-0.0,0.07294137,2.4881742,0.6092566,3.436339,0.52181727,4.528679,1.0,2.3709981,-5.5868597,0.5277778,5.7015553,0.0,0.0,0.0,0.0,0.0,0,5.5639515,0.0,7.3834634,0.0,4.249803,6.1477675,0.0,0.0,0.17228046,0.0
2,73,74.0,10.0,1.0,1.0,55.0,1.0,1.0,1.0,0.99997634,1.0,-0.0,0.0,-2.36428e-05,-0.0,0.06552469,2.4806724,0.5909777,3.1913815,0.5274543,3.8799455,1.0,2.4926145,-5.594366,0.5324074,5.8687654,0.0,0.0,0.0,0.0,0.0,0,6.573039,0.0,8.653431,0.0,5.302631,5.1859984,0.0,0.0,0.20541526,0.0
3,73,74.0,10.0,1.0,1.0,55.0,1.0,1.0,1.0,0.9999747,1.0,-0.0,0.0,-2.5255744e-05,-0.0,0.030372664,2.2983246,0.56148773,1.846042,0.41356593,1.665965,1.0,1.5086983,-4.752469,0.5138889,5.4355917,0.0,0.0,0.0,0.0,0.0,0,6.803369,0.0,7.8397717,0.0,5.9853244,5.2283597,0.0,0.0,0.2350336,6.560807
0,74,75.0,10.0,1.0,1.0,56.0,1.0,1.0,1.0,0.99997854,1.0,-0.0,0.0,-2.1474567e-05,-0.0,0.049021468,2.377513,0.56895334,3.1481647,0.4870553,2.018988,1.0,3.6619596,-3.4968584,0.5509259,7.16595,0.0,0.0,0.0,0.0,0.0,0,4.618491,0.0,4.5038657,0.0,4.5145674,8.18137,0.0,0.0,0.14570689,5.546333
1,74,75.0,10.0,1.0,1.0,56.0,1.0,1.0,1.0,0.99998,1.0,-0.0,0.0,-2.0028056e-05,-0.0,0.053352676,2.4716294,0.6393687,4.059402,0.540994,4.5809317,1.0,2.2097456,-5.8709764,0.5277778,5.9315705,0.0,0.0,0.0,0.0,0.0,0,6.097371,0.0,8.430962,0.0,5.8723803,6.531228,0.0,0.0,0.17315166,0.0
2,74,75.0,10.0,1.0,1.0,56.0,1.0,1.0,1.0,0.9999776,1.0,-0.0,0.0,-2.241209e-05,-0.0,0.048871897,2.5051687,0.6281627,3.8430493,0.54162246,3.8361175,1.0,2.2588875,-5.865236,0.5324074,6.0400248,0.0,0.0,0.0,0.0,0.0,0,7.3152575,0.0,8.694612,0.0,5.752136,5.6288667,0.0,0.0,0.10919849,0.0
3,74,75.0,10.0,1.0,1.0,56.0,1.0,1.0,1.0,0.999977,1.0,-0.0,0.0,-2.299548e-05,-0.0,0.029908493,2.3253508,0.6373068,3.150402,0.4333186,1.8204246,1.0,1.8203745,-5.495557,0.5138889,5.6847506,0.0,0.0,0.0,0.0,0.0,0,6.0206676,0.0,8.210422,0.0,4.508156,6.411346,0.0,0.0,0.26409456,7.5135446
0,75,76.0,10.0,1.0,1.0,57.0,1.0,1.0,1.0,0.9999809,1.0,-0.0,0.0,-1.9078645e-05,-0.0,0.06687362,2.40214,0.5844128,3.2415154,0.49749646,2.0263407,1.0,3.4546242,-3.7805996,0.5509259,7.178369,0.0,0.0,0.0,0.0,0.0,0,4.8630395,0.0,3.2776937,0.0,4.7711134,7.8367887,0.0,0.0,0.16781622,5.64253
1,75,76.0,10.0,1.0,1.0,57.0,1.0,1.0,1.0,0.99997854,1.0,-0.0,0.0,-2.1430953e-05,-0.0,0.043463707,2.543999,0.67162883,4.4412255,0.55438036,4.578196,1.0,2.3294415,-6.023149,0.5277778,6.0052233,0.0,0.0,0.0,0.0,0.0,0,5.78427,0.0,7.733189,0.0,4.5732274,6.3795867,0.0,0.0,0.14816606,0.0
2,75,76.0,10.0,1.0,1.0,57.0,1.0,1.0,1.0,0.9999776,1.0,-0.0,0.0,-2.2405498e-05,-0.0,0.04156977,2.5482786,0.66162616,4.2768955,0.54932743,3.8172965,1.0,2.3222046,-5.998253,0.5324074,6.112735,0.0,0.0,0.0,0.0,0.0,0,6.493104,0.0,8.284653,0.0,4.814605,5.3428416,0.0,0.0,0.10705601,0.0
3,75,76.0,10.0,1.0,1.0,57.0,1.0,1.0,1.0,0.99997514,1.0,-0.0,0.0,-2.4863817e-05,-0.0,0.018030219,2.3278556,0.6097678,2.9981382,0.4353293,2.018988,1.0,1.6144669,-5.403971,0.5138889,5.7458715,0.0,0.0,0.0,0.0,0.0,0,5.791078,0.0,8.196862,0.0,5.0929303,6.1005387,0.0,0.0,0.25893676,5.8756127
0,76,77.0,10.0,1.0,1.0,58.0,1.0,1.0,1.0,0.99997795,1.0,-0.0,0.0,-2.2069373e-05,-0.0,0.03731344,2.3651435,0.5680841,3.116929,0.50296956,1.9774671,1.0,3.473333,-3.2291012,0.5509259,7.4986577,0.0,0.0,0.0,0.0,0.0,0,5.6151567,0.0,3.7533627,0.0,5.2290034,8.1693945,0.0,0.0,0.12807313,6.138155
1,76,77.0,10.0,1.0,1.0,58.0,1.0,1.0,1.0,0.99997795,1.0,-0.0,0.0,-2.2036931e-05,-0.0,0.015815906,2.5123827,0.6737255,4.7322454,0.558691,4.6471057,1.0,2.1549497,-6.0599456,0.5277778,6.23762,0.0,0.0,0.0,0.0,0.0,0,4.2101355,0.0,7.2009377,0.0,3.197133,7.111552,0.0,0.0,0.12607564,0.0
2,76,77.0,10.0,1.0,1.0,58.0,1.0,1.0,1.0,0.9999771,1.0,-0.0,0.0,-2.2860786e-05,-0.0,0.02653692,2.514104,0.6686903,4.6024146,0.5573497,4.0551567,1.0,2.1593049,-6.205552,0.5324074,6.352291,0.0,0.0,0.0,0.0,0.0,0,5.66525,0.0,7.790478,0.0,5.0924497,7.369707,0.0,0.0,0.1059202,0.90988106
3,76,77.0,10.0,1.0,1.0,58.0,1.0,1.0,1.0,0.9999769,1.0,-0.0,0.0,-2.310829e-05,-0.0,0.05134493,2.266377,0.6296392,3.5953119,0.4423207,2.1114645,1.0,1.8303453,-5.858001,0.5185185,6.0661764,0.0,0.0,0.0,0.0,0.0,0,5.5761266,0.0,8.906842,0.0,3.2241137,6.8338723,0.0,0.0,0.34516898,6.6769357
0,77,78.0,10.0,1.0,1.0,59.0,1.0,1.0,1.0,0.9999792,1.0,-0.0,0.0,-2.0794614e-05,-0.0,0.06983671,2.4468775,0.5603015,2.9826941,0.5092102,1.8354115,1.0,3.553524,-1.6654981,0.5555556,7.6317587,0.0,0.0,0.0,0.0,0.0,0,5.197823,0.0,3.2698913,0.0,4.832541,8.21005,0.0,0.0,0.18914418,8.594121
1,77,78.0,10.0,1.0,1.0,59.0,1.0,1.0,1.0,0.99997705,1.0,-0.0,0.0,-2.2936927e-05,-0.0,0.025215559,2.4931204,0.6473735,4.655185,0.5497991,4.7528806,1.0,1.8955815,-5.829469,0.5277778,6.421879,0.0,0.0,0.0,0.0,0.0,0,3.5778744,0.0,7.0884247,0.0,3.9423175,7.5332866,0.0,0.0,0.17989801,0.44454813
2,77,78.0,10.0,1.0,1.0,59.0,1.0,1.0,1.0,0.9999755,1.0,-0.0,0.0,-2.448722e-05,-0.0,0.0062223524,2.5233471,0.6746961,4.8589325,0.5490894,4.212157,1.0,2.046697,-6.295477,0.5324074,6.495371,0.0,0.0,0.0,0.0,0.0,0,3.9201143,0.0,7.6445274,0.0,3.480155,7.158601,0.0,0.0,0.17750703,1.0194788
3,77,78.0,10.0,1.0,1.0,59.0,1.0,1.0,1.0,0.9999728,1.0,-0.0,0.0,-2.7156979e-05,-0.0,0.011718273,2.2901778,0.5793142,3.0378218,0.43901512,2.2241192,1.0,1.2452124,-4.9374394,0.5185185,6.233138,0.0,0.0,0.0,0.0,0.0,0,4.769106,0.0,6.448917,0.0,5.4797726,6.6247425,0.0,0.0,0.2173942,6.9337926
0,78,79.0,10.0,1.0,1.0,60.0,1.0,1.0,1.0,0.99997425,1.0,-0.0,0.0,-2.5730751e-05,-0.0,0.018921867,2.2789168,0.53738755,2.6700168,0.5077754,1.5556637,1.0,3.8169541,-2.2989726,0.5555556,7.909745,0.0,0.0,0.0,0.0,0.0,0,4.7070785,0.0,4.4944296,0.0,2.2799356,8.084843,0.0,0.0,0.19194041,8.935584
1,78,79.0,10.0,1.0,1.0,60.0,1.0,1.0,1.0,0.9999775,1.0,-0.0,0.0,-2.2451179e-05,-0.0,0.01252722,2.37651,0.6117489,4.3053555,0.5498797,4.866339,1.0,1.4370855,-5.97909,0.5277778,6.635895,0.0,0.0,0.0,0.0,0.0,0,4.107396,0.0,6.760473,0.0,3.7426848,7.2920966,0.0,0.0,0.16957885,1.2988393
2,78,79.0,10.0,1.0,1.0,60.0,1.0,1.0,1.0,0.99997675,1.0,-0.0,0.0,-2.3238541e-05,-0.0,0.003953092,2.3979366,0.62629807,4.3946214,0.5469076,4.325674,1.0,1.5058419,-6.016144,0.5324074,6.7145967,0.0,0.0,0.0,0.0,0.0,0,4.713187,0.0,8.224761,0.0,3.4962854,7.0945063,0.0,0.0,0.124976985,0.95189875
3,78,79.0,10.0,1.0,1.0,60.0,1.0,1.0,1.0,0.9999753,1.0,-0.0,0.0,-2.4685974e-05,-0.0,0.05470477,2.151036,0.5529727,2.995526,0.43791473,2.3613605,1.0,0.9727718,-5.53169,0.5185185,6.4745774,0.0,0.0,0.0,0.0,0.0,0,3.9723735,0.0,6.758581,0.0,3.853018,6.4149632,0.0,0.0,0.24138919,6.7595553
0,79,80.0,10.0,1.0,1.0,61.0,1.0,1.0,1.0,0.99997735,1.0,-0.0,0.0,-2.2657376e-05,-0.0,0.20147637,2.3323843,0.5455741,2.5219693,0.5070381,1.4930204,1.0,4.0770307,-0.36873204,0.5555556,8.050869,0.0,0.0,0.0,0.0,0.0,0,5.3666673,0.0,3.8294015,0.0,3.0478995,8.489088,0.0,0.0,0.2303224,9.692771
1,79,80.0,10.0,1.0,1.0,61.0,1.0,1.0,1.0,0.9999774,1.0,-0.0,0.0,-2.2603323e-05,-0.0,0.08979887,2.3252797,0.51555014,2.9834816,0.54033345,4.9743805,1.0,0.8965661,-4.436671,0.5277778,6.8918324,0.0,0.0,0.0,0.0,0.0,0,3.188104,0.0,6.1278114,0.0,4.1615868,7.5830235,0.0,0.0,0.19865365,2.553173
2,79,80.0,10.0,1.0,1.0,61.0,1.0,1.0,1.0,0.99997526,1.0,-0.0,0.0,-2.4736553e-05,-0.0,0.05546864,2.3451598,0.5678974,3.4831746,0.5392976,4.463557,1.0,0.7994187,-5.1506786,0.5324074,6.981566,0.0,0.0,0.0,0.0,0.0,0,3.5588577,0.0,6.1716824,0.0,4.44095,6.477357,0.0,0.0,0.18171327,2.1361096
3,79,80.0,10.0,1.0,1.0,61.0,1.0,1.0,1.0,0.99997646,1.0,-0.0,0.0,-2.3551947e-05,-0.0,0.10896847,2.1367576,0.46738684,1.7159559,0.43880516,2.4657876,1.0,0.9056863,-2.9691253,0.5185185,6.688012,0.0,0.0,0.0,0.0,0.0,0,4.473549,0.0,5.251277,0.0,5.2474084,6.183349,0.0,0.0,0.27093375,7.8377156
0,80,81.0,10.0,1.0,1.0,62.0,1.0,1.0,1.0,0.99996954,1.0,-0.0,0.0,-3.0433903e-05,-0.0,0.088352524,2.2370374,0.54499257,2.2378023,0.51004446,1.4121965,1.0,4.076646,-1.4955951,0.5555556,8.418343,0.0,0.0,0.0,0.0,0.0,0,4.521716,0.0,3.274172,0.0,0.90591025,7.7735066,0.0,0.0,0.25721347,9.835884
1,80,81.0,10.0,1.0,1.0,62.0,1.0,1.0,1.0,0.99673706,1.0,-0.0,0.0,-2.492904e-05,-0.0032379935,0.16483235,2.2363963,0.45537773,1.9623682,0.5409522,5.194279,0.0,1.6971978,-3.2597008,0.5324074,7.1563773,0.0,0.0,0.0,0.0,0.0,0,3.2272246,0.0,5.297224,0.0,3.8921828,9.300407,0.0,0.0,0.2501401,3.6141632
2,80,81.0,10.0,1.0,1.0,62.0,1.0,1.0,1.0,0.9999754,1.0,-0.0,0.0,-2.460844e-05,-0.0,0.091239624,2.2587376,0.52768725,2.6723611,0.54040486,4.655521,1.0,0.9956363,-4.4698462,0.537037,7.25087,0.0,0.0,0.0,0.0,0.0,0,3.615743,0.0,5.082274,0.0,4.825477,7.209702,0.0,0.0,0.16058853,3.195617
3,80,81.0,10.0,1.0,1.0,62.0,1.0,1.0,1.0,0.99996966,1.0,-0.0,0.0,-3.0359755e-05,-0.0,0.17700344,2.031119,0.43495354,1.665965,0.44170284,2.5629163,1.0,2.1778963,-1.6285405,0.5231481,6.9915338,0.0,0.0,0.0,0.0,0.0,0,3.9437497,0.0,4.707926,0.0,5.611267,7.3728685,0.0,0.0,0.27439415,8.634704
0,81,82.0,10.0,1.0,1.0,63.0,1.0,1.0,1.0,0.9999774,1.0,-0.0,0.0,-2.2564318e-05,-0.0,0.25021845,2.3828459,0.5656282,1.9451413,0.5140083,1.3217283,1.0,4.0805354,-0.07312745,0.5555556,8.734872,0.0,0.0,0.0,0.0,0.0,0,4.804019,0.0,3.075507,0.0,2.469847,8.2261305,0.0,0.0,0.3330964,7.437675
1,81,82.0,10.0,1.0,1.0,63.0,1.0,1.0,1.0,0.9955327,1.0,-0.0,0.0,-1.9291263e-05,-0.0044479687,0.24583042,2.283933,0.4362819,1.3020397,0.53208613,5.2668777,0.0,2.4469662,-1.884385,0.5324074,7.236408,0.0,0.0,0.0,0.0,0.0,0,3.0595472,0.0,3.6591387,0.0,4.2556777,6.397079,0.0,0.0,0.19988342,3.1986632
2,81,82.0,10.0,1.0,1.0,63.0,1.0,1.0,1.0,0.99997854,1.0,-0.0,0.0,-2.1452179e-05,-0.0,0.17590113,2.3226023,0.5138195,2.2262294,0.5361489,4.744967,1.0,1.4802837,-3.2148874,0.537037,7.351515,0.0,0.0,0.0,0.0,0.0,0,3.4306421,0.0,4.0679717,0.0,4.436848,5.9763846,0.0,0.0,0.1593937,3.1430001
3,81,82.0,10.0,1.0,1.0,63.0,1.0,1.0,1.0,0.9999798,1.0,-0.0,0.0,-2.0226258e-05,-0.0,0.26507676,2.1210272,0.45014066,2.1010592,0.4407886,2.6488247,1.0,2.7685955,-0.59973264,0.5231481,7.164076,0.0,0.0,0.0,0.0,0.0,0,4.0783067,0.0,3.521173,0.0,4.985148,6.6798887,0.0,0.0,0.26139873,8.425889
0,82,83.0,10.0,1.0,1.0,64.0,1.0,1.0,1.0,0.99996096,1.0,-0.0,0.0,-3.9014012e-05,-0.0,0.10628067,2.024216,0.569583,2.2527921,0.5129226,1.3602507,1.0,4.421864,-1.6572131,0.5601852,9.5017185,0.0,0.0,0.0,0.0,0.0,0,4.292878,0.0,2.7933536,0.0,1.4720731,7.1406684,0.0,0.0,0.37016985,7.5857778
1,82,83.0,10.0,1.0,1.0,64.0,1.0,1.0,1.0,0.9949546,1.0,-0.0,0.0,-2.4487159e-05,-0.0050209006,0.22182651,1.9574801,0.42335042,1.3264571,0.5270112,5.301254,0.0,3.5640323,-1.4872392,0.5324074,7.82618,0.0,0.0,0.0,0.0,0.0,0,2.006136,0.0,4.6683025,0.0,3.0310023,6.492941,0.0,0.0,0.2850976,4.5806723
2,82,83.0,10.0,1.0,1.0,64.0,1.0,1.0,1.0,0.99997514,1.0,-0.0,0.0,-2.4841955e-05,-0.0,0.1415478,1.9804806,0.4929638,1.6522838,0.53368,4.867304,1.0,2.6515868,-3.0247355,0.537037,7.9614015,0.0,0.0,0.0,0.0,0.0,0,2.030479,0.0,4.7713866,0.0,3.3696823,6.4645042,0.0,0.0,0.19913077,2.8849761
3,82,83.0,10.0,1.0,1.0,64.0,1.0,1.0,1.0,0.99997103,1.0,-0.0,0.0,-2.8983835e-05,-0.0,0.18860176,1.7849181,0.4547935,2.7314606,0.4374932,2.6440926,1.0,3.5686991,-0.89077187,0.5277778,7.8263445,0.0,0.0,0.0,0.0,0.0,0,4.37191,0.0,2.7721593,0.0,4.436296,6.337655,0.0,0.0,0.25507134,9.092141
0,83,84.0,10.0,1.0,1.0,65.0,1.0,1.0,1.0,0.9999694,1.0,-0.0,0.0,-3.060567e-05,-0.0,0.23835227,2.3984628,0.59919834,1.716412,0.51654714,1.3217283,1.0,3.7278833,-0.14737993,0.5601852,10.140538,0.0,0.0,0.0,0.0,0.0,0,4.9058423,0.0,3.3104236,0.0,4.763857,8.147592,0.0,0.0,0.42643356,7.5229335
1,83,84.0,10.0,1.0,1.0,65.0,1.0,1.0,1.0,0.99370414,1.0,-0.0,0.0,-1.8641578e-05,-0.0062772213,0.28362536,2.2321165,0.4402375,1.4060866,0.51631856,5.3766327,0.0,3.31458,-0.70919937,0.5324074,8.183606,0.0,0.0,0.0,0.0,0.0,0,3.8452935,0.0,3.3504753,0.0,4.6799207,5.945972,0.0,0.0,0.19259226,5.0652924
2,83,84.0,10.0,1.0,1.0,65.0,1.0,1.0,1.0,0.9999817,1.0,-0.0,0.0,-1.8293993e-05,-0.0,0.20694807,2.2385294,0.51279736,1.8238609,0.5240103,4.9299555,1.0,2.4575024,-2.333387,0.537037,8.289344,0.0,0.0,0.0,0.0,0.0,0,4.4073267,0.0,3.301437,0.0,5.0516663,5.259894,0.0,0.0,0.095245615,2.9739475
3,83,84.0,10.0,1.0,1.0,65.0,1.0,1.0,1.0,0.9999778,1.0,-0.0,0.0,-2.2147558e-05,-0.0,0.29015616,2.1507473,0.47044432,2.7268715,0.43114516,2.709594,1.0,3.3478444,0.10909513,0.5277778,8.351696,0.0,0.0,0.0,0.0,0.0,0,4.9109344,0.0,3.6351383,0.0,5.0420566,6.8611197,0.0,0.0,0.2813587,9.510469
0,84,85.0,10.0,1.0,1.0,66.0,1.0,1.0,1.0,0.99995625,1.0,-0.0,0.0,-4.375938e-05,-0.0,0.21081865,2.0061293,0.588772,1.9551755,0.514603,1.352171,1.0,3.854477,-0.5392916,0.5601852,10.955295,0.0,0.0,0.0,0.0,0.0,0,4.237507,0.0,2.5970564,0.0,3.1485827,7.470588,0.0,0.0,0.28248996,7.637764
1,84,85.0,10.0,1.0,1.0,66.0,1.0,1.0,1.0,0.99254286,1.0,-0.0,0.0,-2.9574112e-05,-0.00742756,0.30274764,1.8937198,0.431687,1.5656941,0.5128697,5.445653,0.0,3.9125648,-0.33307168,0.537037,8.832085,0.0,0.0,0.0,0.0,0.0,0,4.3478756,0.0,2.8204494,0.0,4.4405212,5.57557,0.0,0.0,0.17114559,6.3897634
2,84,85.0,10.0,1.0,1.0,66.0,1.0,1.0,1.0,0.9997847,1.0,-0.0,0.0,-2.8049166e-05,-0.00018718987,0.27061367,1.9211206,0.49805528,1.6370547,0.5210302,5.011231,0.0,3.2415981,-1.4797179,0.537037,8.897858,0.0,0.0,0.0,0.0,0.0,0,4.37321,0.0,2.7706642,0.0,4.921932,5.892719,0.0,0.0,0.12947372,5.1137
3,84,85.0,10.0,1.0,1.0,66.0,1.0,1.0,1.0,0.9999605,1.0,-0.0,0.0,-3.9508162e-05,-0.0,0.245196,1.7064612,0.4683143,3.0380793,0.42686272,2.7397587,1.0,3.7618704,-0.19052252,0.5277778,9.173237,0.0,0.0,0.0,0.0,0.0,0,4.8618855,0.0,2.8807385,0.0,4.6385245,6.492327,0.0,0.0,0.21434888,9.188901
0,85,86.0,10.0,1.0,1.0,67.0,1.0,1.0,1.0,0.99995965,1.0,-0.0,0.0,-4.0361698e-05,-0.0,0.258258,2.3874898,0.62017727,2.0301995,0.5200023,1.3317572,1.0,3.2856293,0.28636587,0.5601852,11.646625,0.0,0.0,0.0,0.0,0.0,0,5.073928,0.0,3.2496521,0.0,5.3710246,8.923304,0.0,0.0,0.4139335,7.5434213
1,85,86.0,10.0,1.0,1.0,67.0,1.0,1.0,1.0,0.99027777,1.0,-0.0,0.0,-2.4900639e-05,-0.009697289,0.365676,2.262527,0.4368538,1.5415117,0.50573444,5.5818367,0.0,3.774394,-0.09099301,0.537037,9.387969,0.0,0.0,0.0,0.0,0.0,0,4.084819,0.0,2.8057022,0.0,4.6811337,5.653092,0.0,0.0,0.15251355,6.929307
2,85,86.0,10.0,1.0,1.0,67.0,1.0,1.0,1.0,0.9984608,1.0,-0.0,0.0,-2.1519327e-05,-0.0015176253,0.29585326,2.229914,0.5099468,1.7605344,0.5157659,5.0910573,0.0,3.2453406,-1.526772,0.537037,9.396562,0.0,0.0,0.0,0.0,0.0,0,3.980559,0.0,2.7713232,0.0,5.054568,6.0640125,0.0,0.0,0.10642005,5.386939
3,85,86.0,10.0,1.0,1.0,67.0,1.0,1.0,1.0,0.9999618,1.0,-0.0,0.0,-3.8203725e-05,-0.0,0.333409,2.143612,0.47792205,2.7831278,0.42089877,2.7659185,1.0,3.381188,0.51221347,0.5277778,9.83773,0.0,0.0,0.0,0.0,0.0,0,5.1112432,0.0,3.6138268,0.0,5.0011544,6.261652,0.0,0.0,0.26435632,9.293122
0,86,87.0,10.0,1.0,1.0,68.0,1.0,1.0,1.0,0.99994814,1.0,-0.0,0.0,-5.1840507e-05,-0.0,0.14473386,2.0426548,0.6055698,2.1753705,0.51811147,1.3469512,1.0,3.6421223,-1.2006676,0.5601852,12.4133005,0.0,0.0,0.0,0.0,0.0,0,4.243572,0.0,2.6352766,0.0,4.0354495,8.032168,0.0,0.0,0.25334036,7.330255
1,86,87.0,10.0,1.0,1.0,68.0,1.0,1.0,1.0,0.9882083,1.0,-0.0,0.0,-4.5514495e-05,-0.011746139,0.18048324,1.9216517,0.42439947,1.780868,0.49909422,5.7047677,0.0,3.9241095,-1.6245124,0.537037,10.115132,0.0,0.0,0.0,0.0,0.0,0,3.4813128,0.0,2.2540169,0.0,3.7457743,5.5275826,0.0,0.0,0.09443794,8.503605
2,86,87.0,10.0,1.0,1.0,68.0,1.0,1.0,1.0,0.99788517,1.0,-0.0,0.0,-3.2633016e-05,-0.0020822044,0.20910576,1.9509617,0.5057568,1.8182733,0.5110655,5.124932,0.0,3.5130718,-2.0160294,0.5416667,10.0178385,0.0,0.0,0.0,0.0,0.0,0,3.4560356,0.0,2.2219536,0.0,3.977709,6.252555,0.0,0.0,0.032542672,5.998142
3,86,87.0,10.0,1.0,1.0,68.0,1.0,1.0,1.0,0.99994236,1.0,-0.0,0.0,-5.7633286e-05,-0.0,0.17697811,1.7600441,0.4643959,2.9705977,0.41233584,2.7667673,1.0,3.6140587,-0.19288063,0.5277778,10.625413,0.0,0.0,0.0,0.0,0.0,0,3.9436975,0.0,2.2050734,0.0,4.530684,6.0419297,0.0,0.0,0.16949704,8.9617195
0,87,88.0,10.0,1.0,1.0,69.0,1.0,1.0,1.0,0.99994755,1.0,-0.0,0.0,-5.2462787e-05,-0.0,0.19880272,2.4975364,0.64972615,2.912587,0.5188097,1.3358649,1.0,2.620922,0.22930093,0.5601852,13.168977,0.0,0.0,0.0,0.0,0.0,0,4.7946744,0.0,3.2478602,0.0,5.1045766,8.594378,0.0,0.0,0.3141999,7.5026774
1,87,88.0,10.0,1.0,1.0,69.0,1.0,1.0,1.0,0.9858114,1.0,-0.0,0.0,-5.0006383e-05,-0.014138605,0.35034454,2.3608153,0.44030404,1.8908657,0.49114037,5.8483157,0.0,3.3005514,-0.30323583,0.537037,10.788022,0.0,0.0,0.0,0.0,0.0,0,4.930761,0.0,2.7888193,0.0,5.428894,5.759337,0.0,0.0,0.13903862,8.82449
2,87,88.0,10.0,1.0,1.0,69.0,1.0,1.0,1.0,0.9978184,1.0,-0.0,0.0,-3.3185956e-05,-0.002148372,0.30728167,2.300652,0.5169346,1.896239,0.5045983,5.128902,0.0,3.3907282,-1.3399376,0.5416667,10.5765085,0.0,0.0,0.0,0.0,0.0,0,5.612595,0.0,3.045139,0.0,5.402254,6.3424745,0.0,0.0,0.11100383,6.357693
3,87,88.0,10.0,1.0,1.0,69.0,1.0,1.0,1.0,0.9999412,1.0,-0.0,0.0,-5.8812097e-05,-0.0,0.31838006,2.2559988,0.47068334,2.7508783,0.40401053,2.7766514,1.0,2.5395238,0.51903075,0.5277778,11.371134,0.0,0.0,0.0,0.0,0.0,0,4.981748,0.0,3.4603088,0.0,4.488793,5.881414,0.0,0.0,0.23109333,9.145777
0,88,89.0,10.0,1.0,1.0,70.0,1.0,1.0,1.0,0.9999454,1.0,-0.0,0.0,-5.459448e-05,-0.0,0.20883158,2.0768042,0.6096661,2.4325495,0.51040447,1.5460747,1.0,3.0171392,-0.3046375,0.5601852,13.8455,0.0,0.0,0.0,0.0,0.0,0,5.5591683,0.0,3.2061653,0.0,4.496396,7.57788,0.0,0.0,0.19987549,7.68633
1,88,89.0,10.0,1.0,1.0,70.0,1.0,1.0,1.0,0.9849595,1.0,-0.0,0.0,-5.981208e-05,-0.014980704,0.3119912,1.9493796,0.4167363,1.730943,0.4834656,5.898842,0.0,3.502187,-0.39397645,0.537037,11.444958,0.0,0.0,0.0,0.0,0.0,0,3.9209037,0.0,2.313969,0.0,3.758032,5.1739335,0.0,0.0,0.065668754,8.421162
2,88,89.0,10.0,1.0,1.0,70.0,1.0,1.0,1.0,0.99775785,1.0,-0.0,0.0,-4.7999903e-05,-0.0021941555,0.28624648,1.9424915,0.50610846,1.8079126,0.49395403,5.131649,0.0,3.4265695,-1.2862003,0.5416667,11.160083,0.0,0.0,0.0,0.0,0.0,0,4.1669526,0.0,2.3267941,0.0,3.821894,5.9247437,0.0,0.0,0.0,6.6044755
3,88,89.0,10.0,1.0,1.0,70.0,1.0,1.0,1.0,0.99993986,1.0,-0.0,0.0,-6.0121773e-05,-0.0,0.2890244,1.8093789,0.45454568,2.6503022,0.3941729,2.7690299,1.0,3.0458112,1.0906951,0.5277778,12.046822,0.0,0.0,0.0,0.0,0.0,0,5.4854326,0.0,2.9044046,0.0,5.0516977,5.5121593,0.0,0.0,0.09268579,8.756081
0,89,90.0,10.0,1.0,1.0,71.0,1.0,1.0,1.0,0.9999532,1.0,-0.0,0.0,-4.679977e-05,-0.0,0.10084249,2.4593365,0.63464653,2.7262976,0.5090342,1.6748677,1.0,2.5486023,-0.8889716,0.5601852,14.427766,0.0,0.0,0.0,0.0,0.0,0,5.1605954,0.0,3.7901528,0.0,4.4643874,8.0527725,0.0,0.0,0.2977627,7.771074
1,89,90.0,10.0,1.0,1.0,71.0,1.0,1.0,1.0,0.98293245,1.0,-0.0,0.0,-5.9073827e-05,-0.017008467,0.30116105,2.38775,0.4252809,1.8771555,0.47691107,6.0205073,0.0,3.1079087,-0.8952962,0.537037,12.059432,0.0,0.0,0.0,0.0,0.0,0,4.6376114,0.0,3.360108,0.0,3.830788,5.1713676,0.0,0.0,0.13758327,8.682837
2,89,90.0,10.0,1.0,1.0,71.0,1.0,1.0,1.0,0.997381,1.0,-0.0,0.0,-5.1833482e-05,-0.0025671478,0.3093183,2.317396,0.5166674,1.9147239,0.4870312,5.1540284,0.0,3.4065704,-1.1063433,0.5416667,11.69307,0.0,0.0,0.0,0.0,0.0,0,4.619241,0.0,3.0945888,0.0,4.1620297,5.879608,0.0,0.0,0.02507416,7.1066365
3,89,90.0,10.0,1.0,1.0,71.0,1.0,1.0,1.0,0.9999397,1.0,-0.0,0.0,-6.0322363e-05,-0.0,0.2577979,2.2605002,0.4659266,2.5601661,0.38783377,2.7901502,1.0,2.4358225,-0.05986914,0.5277778,12.66827,0.0,0.0,0.0,0.0,0.0,0,5.249817,0.0,3.8509953,0.0,4.124261,5.439525,0.0,0.0,0.25209454,9.087524
0,90,91.0,10.0,1.0,1.0,72.0,1.0,1.0,1.0,0.9999556,1.0,-0.0,0.0,-4.4381984e-05,-0.0,0.21487214,2.233026,0.6148412,2.5920703,0.4943471,1.7332023,1.0,2.5773938,-0.07789116,0.5601852,14.765598,0.0,0.0,0.0,0.0,0.0,0,5.671193,0.0,3.7851422,0.0,3.307609,7.7426963,0.0,0.0,0.18094082,7.741933
1,90,91.0,10.0,1.0,1.0,72.0,1.0,1.0,1.0,0.98287266,1.0,-0.0,0.0,-5.385677e-05,-0.017073473,0.36658382,2.145948,0.41452903,1.8354115,0.46839085,6.024408,0.0,2.847301,-0.08174311,0.537037,12.421353,0.0,0.0,0.0,0.0,0.0,0,4.575701,0.0,2.8083487,0.0,3.9113016,4.9011517,0.0,0.0,0.0,9.229163
2,90,91.0,10.0,1.0,1.0,72.0,1.0,1.0,1.0,0.99656785,1.0,-0.0,0.0,-5.1052335e-05,-0.0033810716,0.37614107,2.095471,0.50918126,1.8850615,0.47574034,5.2028637,0.0,3.1856127,-0.39321092,0.5416667,12.018542,0.0,0.0,0.0,0.0,0.0,0,4.5303764,0.0,2.7408838,0.0,4.3273954,5.5589805,0.0,0.0,0.0,7.48087
3,90,91.0,10.0,1.0,1.0,72.0,1.0,1.0,1.0,0.9999471,1.0,-0.0,0.0,-5.295155e-05,-0.0,0.3393743,1.9842155,0.4481737,2.353059,0.37897643,2.78622,1.0,2.519327,1.6663363,0.5277778,13.0562935,0.0,0.0,0.0,0.0,0.0,0,5.7176266,0.0,3.5085056,0.0,4.897024,5.182932,0.0,0.0,0.118146464,8.741267
0,91,92.0,10.0,1.0,1.0,73.0,1.0,1.0,1.0,0.99996126,1.0,-0.0,0.0,-3.8722654e-05,-0.0,0.14715381,2.387159,0.62427205,2.8005114,0.48773837,1.849854,1.0,2.2540302,-0.43137464,0.5601852,15.179215,0.0,0.0,0.0,0.0,0.0,0,4.3559084,0.0,2.626404,0.0,4.4347825,8.306821,0.0,0.0,0.21454407,7.8224826
1,91,92.0,10.0,1.0,1.0,73.0,1.0,1.0,1.0,0.9817696,1.0,-0.0,0.0,-5.1665385e-05,-0.018178713,0.36227703,2.396715,0.41932097,1.986156,0.46712855,6.090722,0.0,2.6099956,-0.70569384,0.537037,12.914877,0.0,0.0,0.0,0.0,0.0,0,5.4722295,0.0,3.6863394,0.0,4.886254,4.7250605,0.0,0.0,0.16253838,8.505578
2,91,92.0,10.0,1.0,1.0,73.0,1.0,1.0,1.0,0.99528897,1.0,-0.0,0.0,-5.266805e-05,-0.004658317,0.38708335,2.3461108,0.5167211,1.9853677,0.4696669,5.2794986,0.0,2.9199374,-0.88861865,0.5416667,12.515152,0.0,0.0,0.0,0.0,0.0,0,4.9316916,0.0,3.5091627,0.0,4.4799385,5.5133657,0.0,0.0,0.0,8.102868
3,91,92.0,10.0,1.0,1.0,73.0,1.0,1.0,1.0,0.9999513,1.0,-0.0,0.0,-4.8719292e-05,-0.0,0.3043197,2.2415833,0.45611188,2.2742321,0.37185693,2.8283238,1.0,2.0081809,0.34627134,0.5277778,13.555717,0.0,0.0,0.0,0.0,0.0,0,5.2960706,0.0,3.3071358,0.0,4.5229745,5.050925,0.0,0.0,0.24345511,8.933634
0,92,93.0,10.0,1.0,1.0,74.0,1.0,1.0,1.0,0.999958,1.0,-0.0,0.0,-4.2034942e-05,-0.0,0.17124471,2.3245482,0.6055507,2.3732636,0.47579008,1.9487596,1.0,2.8968513,-0.89171433,0.5601852,15.543977,0.0,0.0,0.0,0.0,0.0,0,4.6447954,0.0,3.071558,0.0,1.6635784,8.0307455,0.0,0.0,0.16239876,7.7970552
1,92,93.0,10.0,1.0,1.0,74.0,1.0,1.0,1.0,0.9811696,1.0,-0.0,0.0,-5.13553e-05,-0.01877905,0.36412513,2.2807019,0.40673208,1.9277608,0.46539247,6.1267424,0.0,3.1797078,-0.27847943,0.537037,13.302018,0.0,0.0,0.0,0.0,0.0,0,3.5541208,0.0,2.278288,0.0,3.723366,4.5649757,0.0,0.0,0.03604268,8.415569
2,92,93.0,10.0,1.0,1.0,74.0,1.0,1.0,1.0,0.99498826,1.0,-0.0,0.0,-5.484377e-05,-0.0049568815,0.34903288,2.2235327,0.5039896,2.0034208,0.4682946,5.2974124,0.0,3.338885,-0.6636893,0.5416667,12.920153,0.0,0.0,0.0,0.0,0.0,0,3.5291212,0.0,2.1467927,0.0,4.2874355,5.301448,0.0,0.0,0.0,8.651944
3,92,93.0,10.0,1.0,1.0,74.0,1.0,1.0,1.0,0.99995273,1.0,-0.0,0.0,-4.7248184e-05,-0.0,0.3077101,2.1232855,0.43788338,2.0301995,0.3649631,2.9692798,1.0,2.6461186,0.8825948,0.5277778,13.983923,0.0,0.0,0.0,0.0,0.0,0,5.1844764,0.0,3.2700975,0.0,4.6301875,5.0004025,0.0,0.0,0.10028669,8.837155
0,93,94.0,10.0,1.0,1.0,75.0,1.0,1.0,1.0,0.9999571,1.0,-0.0,0.0,-4.28902e-05,-0.0,0.12566167,2.4226763,0.64638853,3.1176825,0.46644145,2.0535831,1.0,1.9743713,-0.6341962,0.5601852,15.9228115,0.0,0.0,0.0,0.0,0.0,0,4.9711313,0.0,3.2497435,0.0,5.123115,8.317757,0.0,0.0,0.22727731,7.731739
1,93,94.0,10.0,1.0,1.0,75.0,1.0,1.0,1.0,0.980009,1.0,-0.0,0.0,-5.96049e-05,-0.01993136,0.36861038,2.5067894,0.44669113,2.7159417,0.4644243,6.195881,0.0,2.0480351,-0.76096785,0.537037,13.789471,0.0,0.0,0.0,0.0,0.0,0,4.9226604,0.0,3.8474543,0.0,4.4932675,5.5386696,0.0,0.0,0.112427086,8.501889
2,93,94.0,10.0,1.0,1.0,75.0,1.0,1.0,1.0,0.9947122,1.0,-0.0,0.0,-6.040295e-05,-0.0052274354,0.38456172,2.4556153,0.5268626,2.5491357,0.4668299,5.313646,0.0,2.271158,-0.87473446,0.5416667,13.405774,0.0,0.0,0.0,0.0,0.0,0,5.269809,0.0,3.3835208,0.0,4.9737916,5.2519736,0.0,0.0,0.0,8.72685
3,93,94.0,10.0,1.0,1.0,75.0,1.0,1.0,1.0,0.9999498,1.0,-0.0,0.0,-5.0180523e-05,-0.0,0.24203509,2.3483891,0.45009887,2.2700984,0.35967597,3.060669,1.0,1.2109538,-0.28285664,0.5277778,14.447165,0.0,0.0,0.0,0.0,0.0,0,5.667706,0.0,4.0877624,0.0,5.269922,4.9721346,0.0,0.0,0.18663114,8.688478
0,94,95.0,10.0,1.0,1.0,76.0,1.0,1.0,1.0,0.99995977,1.0,-0.0,0.0,-4.0251634e-05,-0.0,0.20630024,2.4654305,0.61538535,2.4702277,0.44843155,2.0112195,1.0,2.32591,-0.020249747,0.5601852,16.261852,0.0,0.0,0.0,0.0,0.0,0,4.9402165,0.0,3.20292,0.0,2.5612147,7.9824786,0.0,0.0,0.0,7.484308
1,94,95.0,10.0,1.0,1.0,76.0,1.0,1.0,1.0,0.97943205,1.0,-0.0,0.0,-5.2692463e-05,-0.020515291,0.40789658,2.4609568,0.4119022,2.0906022,0.45565316,6.230917,0.0,2.6609454,0.025817193,0.537037,14.116051,0.0,0.0,0.0,0.0,0.0,0,4.980679,0.0,3.2646182,0.0,4.3853335,4.4351993,0.0,0.0,0.0,9.092933
2,94,95.0,10.0,1.0,1.0,76.0,1.0,1.0,1.0,0.9940008,1.0,-0.0,0.0,-5.2708e-05,-0.0059465333,0.40223187,2.398303,0.5046876,2.1332238,0.4560933,5.3567915,0.0,2.7609491,-0.30025747,0.5416667,13.71533,0.0,0.0,0.0,0.0,0.0,0,4.1395206,0.0,2.9704776,0.0,4.2946334,5.126944,0.0,0.0,0.0,8.489439
3,94,95.0,10.0,1.0,1.0,76.0,1.0,1.0,1.0,0.9999572,1.0,-0.0,0.0,-4.2793712e-05,-0.0,0.3129598,2.3495135,0.41372794,1.6720614,0.35023388,3.130711,1.0,1.7996148,0.68215185,0.5277778,14.762937,0.0,0.0,0.0,0.0,0.0,0,5.1241827,0.0,3.375182,0.0,4.852736,4.9589806,0.0,0.0,0.04482333,8.297259
0,95,96.0,10.0,1.0,1.0,77.0,1.0,1.0,1.0,0.99995804,1.0,-0.0,0.0,-4.1955944e-05,-0.0,0.09943228,2.4635186,0.6459257,3.305601,0.42833254,2.0026393,1.0,1.4678043,-0.89624894,0.5601852,16.55482,0.0,0.0,0.0,0.0,0.0,0,5.745311,0.0,3.8195598,0.0,4.6236954,7.9740143,0.0,0.0,0.13138206,7.3068037
1,95,96.0,10.0,1.0,1.0,77.0,1.0,1.0,1.0,0.9806203,1.0,-0.0,0.0,-5.2535346e-05,-0.019327158,0.30908138,2.593197,0.45831794,3.2257805,0.4519729,6.159629,0.0,1.2852702,-1.7778808,0.537037,14.522865,0.0,0.0,0.0,0.0,0.0,0,5.115203,0.0,3.5835514,0.0,4.300754,5.179727,0.0,0.0,0.0,9.06522
2,95,96.0,10.0,1.0,1.0,77.0,1.0,1.0,1.0,0.9947968,1.0,-0.0,0.0,-5.437439e-05,-0.0051488173,0.3200829,2.547397,0.54025644,3.1702173,0.44865966,5.3089285,0.0,1.4724634,-1.859597,0.5416667,14.142836,0.0,0.0,0.0,0.0,0.0,0,4.8516235,0.0,3.3439,0.0,4.9207735,4.9181347,0.0,0.0,0.0,8.34706
3,95,96.0,10.0,1.0,1.0,77.0,1.0,1.0,1.0,0.9999541,1.0,-0.0,0.0,-4.5866007e-05,-0.0,0.22079945,2.443254,0.43795183,2.4575202,0.3430895,3.0277557,1.0,0.58983487,-1.0300306,0.5324074,15.113565,0.0,0.0,0.0,0.0,0.0,0,5.707833,0.0,3.9437854,0.0,4.701765,4.844639,0.0,0.0,0.068817414,8.117864
0,96,97.0,10.0,1.0,1.0,78.0,1.0,1.0,1.0,0.9999697,1.0,-0.0,0.0,-3.0301751e-05,-0.0,0.22726059,2.6378865,0.625118,2.699754,0.40621758,1.878406,1.0,1.8324825,0.32342133,0.5601852,16.92371,0.0,0.0,0.0,0.0,0.0,0,5.1089997,0.0,3.4370296,0.0,4.295176,7.6374803,0.0,0.0,0.0,7.158319
1,96,97.0,10.0,1.0,1.0,78.0,1.0,1.0,1.0,0.98323214,1.0,-0.0,0.0,-3.9403953e-05,-0.016728435,0.36638752,2.6565802,0.41363886,2.4641995,0.4427876,6.0037055,0.0,1.9037203,-0.82977396,0.5462963,14.854154,0.0,0.0,0.0,0.0,0.0,0,4.896595,0.0,3.3104172,0.0,4.4056783,5.3536577,0.0,0.0,0.0,8.630058
2,96,97.0,10.0,1.0,1.0,78.0,1.0,1.0,1.0,0.99575514,1.0,-0.0,0.0,-4.252427e-05,-0.004202345,0.37734175,2.5951858,0.5038367,2.5266209,0.43261376,5.25214,0.0,2.2409678,-0.8082716,0.5462963,14.452992,0.0,0.0,0.0,0.0,0.0,0,4.5616107,0.0,2.9362876,0.0,5.133268,4.7968454,0.0,0.0,0.0,7.6844053
3,96,97.0,10.0,1.0,1.0,78.0,1.0,1.0,1.0,0.99996716,1.0,-0.0,0.0,-3.28405e-05,-0.0,0.26429072,2.568913,0.4124456,1.8604021,0.33164746,2.8679001,1.0,0.8702065,-0.39680955,0.5416667,15.468565,0.0,0.0,0.0,0.0,0.0,0,4.9149814,0.0,3.5531788,0.0,4.5839467,4.8211484,0.0,0.0,0.0,7.828577
0,97,98.0,10.0,1.0,1.0,79.0,1.0,1.0,1.0,0.99996835,1.0,-0.0,0.0,-3.1640964e-05,-0.0,0.09046532,2.4868882,0.63752705,3.1476676,0.38953474,1.8277192,1.0,1.2172397,-1.3072761,0.5601852,17.069386,0.0,0.0,0.0,0.0,0.0,0,5.5967493,0.0,3.7235365,0.0,5.5619197,7.633009,0.0,0.0,0.0,6.976445
1,97,98.0,10.0,1.0,1.0,79.0,1.0,1.0,1.0,0.9861829,1.0,-0.0,0.0,-4.2852906e-05,-0.013774193,0.27309135,2.6420288,0.44623888,3.2571745,0.4446869,5.8264513,0.0,1.0730139,-2.3735678,0.5462963,15.11697,0.0,0.0,0.0,0.0,0.0,0,5.2544336,0.0,3.568576,0.0,4.440987,5.637468,0.0,0.0,0.0,8.226253
2,97,98.0,10.0,1.0,1.0,79.0,1.0,1.0,1.0,0.9965797,1.0,-0.0,0.0,-4.4204884e-05,-0.0033760557,0.2884913,2.5925863,0.5304347,3.31057,0.43086103,5.202563,0.0,1.4151301,-2.2989242,0.5509259,14.729412,0.0,0.0,0.0,0.0,0.0,0,4.3954506,0.0,3.2713473,0.0,4.7288876,5.103905,0.0,0.0,0.0,6.9403
3,97,98.0,10.0,1.0,1.0,79.0,1.0,1.0,1.0,0.999963,1.0,-0.0,0.0,-3.7021975e-05,-0.0,0.15304834,2.4784067,0.45317248,2.750594,0.32831928,2.5757117,1.0,0.10279207,-1.9638753,0.5462963,15.691207,0.0,0.0,0.0,0.0,0.0,0,5.557665,0.0,3.347433,0.0,6.1702976,4.468919,0.0,0.0,0.0,7.93548
0,98,99.0,10.0,1.0,1.0,80.0,1.0,1.0,1.0,0.99997467,1.0,-0.0,0.0,-2.5354631e-05,-0.0,0.19738972,2.8144193,0.61904454,2.8244467,0.37457642,1.7341053,1.0,1.4283439,-0.1538787,0.5694444,17.60152,0.0,0.0,0.0,0.0,0.0,0,4.885913,0.0,3.4267144,0.0,3.0609019,7.612112,0.0,0.0,0.0,6.855709
1,98,99.0,10.0,1.0,1.0,80.0,1.0,1.0,1.0,0.99272734,1.0,-0.0,0.0,-3.4621073e-05,-0.007238051,0.3599502,2.8444746,0.40892994,2.681134,0.44385093,5.434283,0.0,1.6111908,-0.84546304,0.5509259,15.537718,0.0,0.0,0.0,1.0,0.0,0,4.211378,0.0,3.046559,0.0,4.096395,5.7043133,0.0,0.0,0.0,8.382622
2,98,99.0,10.0,1.0,1.0,80.0,1.0,1.0,1.0,0.9992674,1.0,-0.0,0.0,-3.6615773e-05,-0.00069601764,0.3830798,2.7435436,0.5144593,2.6758738,0.42692232,5.0417604,0.0,2.1018925,-0.7679416,0.5555556,15.109129,0.0,0.0,0.0,1.0,0.0,0,4.7105947,0.0,3.2662966,0.0,4.7972417,4.6650786,0.0,0.0,0.0,7.301471
3,98,99.0,10.0,1.0,1.0,80.0,1.0,1.0,1.0,0.99997294,1.0,-0.0,0.0,-2.7086722e-05,-0.0,0.27224606,2.7296104,0.42708203,1.9723146,0.32428977,2.2920594,1.0,0.55531895,-0.20920205,0.5555556,16.153425,0.0,0.0,0.0,0.0,0.0,0,4.816381,0.0,3.275457,0.0,5.257254,4.697894,0.0,0.0,0.0,7.6170826
0,99,100.0,10.0,1.0,1.0,81.0,1.0,1.0,1.0,0.9999709,1.0,-0.0,0.0,-2.9089751e-05,-0.0,0.06991122,2.512883,0.63856804,3.3507595,0.3578178,1.7786691,1.0,0.8106001,-1.6861717,0.5740741,17.720158,0.0,0.0,0.0,0.0,0.0,0,5.6682563,0.0,3.1227918,0.0,5.961535,7.058261,0.0,0.0,0.0,6.931836
1,99,100.0,10.0,1.0,1.0,81.0,1.0,1.0,1.0,0.9953707,1.0,-0.0,0.0,-3.779007e-05,-0.004591552,0.24159811,2.68518,0.44081625,3.409582,0.4532875,5.2754927,0.0,0.90005136,-2.4910896,0.5509259,15.671714,0.0,0.0,0.0,1.0,0.0,0,5.0102434,0.0,3.4911077,0.0,4.3775797,5.978566,0.0,0.0,0.0,7.7141533
2,99,100.0,10.0,1.0,1.0,81.0,1.0,1.0,1.0,0.99996084,1.0,-0.0,0.0,-3.9167488e-05,-0.0,0.28969014,2.5848827,0.5407119,3.2009332,0.43681577,4.8523216,1.0,1.5353135,-2.0596263,0.5555556,15.2760315,0.0,0.0,0.0,1.0,0.0,0,4.155421,0.0,3.7308261,0.0,5.6594777,5.5931406,0.0,0.0,0.0,6.4464946
3,99,100.0,10.0,1.0,1.0,81.0,1.0,1.0,1.0,0.9999684,1.0,-0.0,0.0,-3.160531e-05,-0.0,0.14440008,2.4778302,0.43999222,2.4299738,0.3275387,2.223415,1.0,0.23656252,-2.0383606,0.5694444,16.262402,0.0,0.0,0.0,0.0,0.0,0,5.412988,0.0,3.2866213,0.0,6.792882,4.5175924,0.0,0.0,0.0,7.3877187
0,100,101.0,10.0,1.0,1.0,82.0,1.0,1.0,1.0,0.9999791,1.0,-0.0,0.0,-2.094972e-05,-0.0,0.27235672,2.8971949,0.63424945,3.126708,0.35283402,1.7777889,1.0,0.9093518,0.51281226,0.587963,18.363832,0.0,0.0,0.0,0.0,0.0,0,5.6086073,0.0,3.4618864,0.0,5.4353833,7.378858,0.0,0.0,0.0,6.7672305
1,100,101.0,10.0,1.0,1.0,82.0,1.0,1.0,1.0,0.99897784,1.0,-0.0,0.0,-2.6469988e-05,-0.0009957064,0.39919466,2.988612,0.41783023,3.0496519,0.45717227,5.059742,0.0,1.2005671,-0.54241997,0.5555556,16.215263,0.0,0.0,0.0,1.0,0.0,0,4.8693633,0.0,3.3087044,0.0,4.2786875,6.390724,0.0,0.0,0.0,7.856079
2,100,101.0,10.0,1.0,1.0,82.0,1.0,1.0,1.0,0.99996924,1.0,-0.0,0.0,-3.078101e-05,-0.0,0.44096783,2.8751483,0.51063836,2.8440554,0.43725413,4.649463,1.0,1.8441926,-0.32784697,0.5555556,15.800145,0.0,0.0,0.0,1.0,0.0,0,5.148032,0.0,3.2609406,0.0,5.556871,5.369546,0.0,0.0,0.0,6.6033044
3,100,101.0,10.0,1.0,1.0,82.0,1.0,1.0,1.0,0.99997663,1.0,-0.0,0.0,-2.3345032e-05,-0.0,0.34586602,2.8457525,0.42412034,2.0394316,0.33217493,2.0627103,1.0,0.50629044,0.28129014,0.5740741,16.874893,0.0,0.0,0.0,0.0,0.0,0,5.2901297,0.0,3.8772018,0.0,5.5336018,4.718355,0.0,0.0,0.0,7.320552
0,101,102.0,10.0,1.0,1.0,83.0,1.0,1.0,1.0,0.99997526,1.0,-0.0,0.0,-2.4719753e-05,-0.0,0.02474077,2.759366,0.62764704,2.9632103,0.3466379,1.9040658,1.0,0.95736194,-2.5884948,0.6018519,18.462584,0.0,0.0,0.0,0.0,0.0,0,4.2459292,0.0,2.8074894,0.0,2.323968,7.222018,0.0,0.0,0.0,6.614616
1,101,102.0,10.0,1.0,1.0,83.0,1.0,1.0,1.0,0.99910045,1.0,-0.0,0.0,-2.7691298e-05,-0.00087183097,0.23112483,2.9437113,0.41690803,2.7758057,0.48653245,5.0523095,0.0,1.3156661,-1.7648405,0.5740741,16.398584,0.0,0.0,0.0,1.0,0.0,0,3.2287319,0.0,4.597598,0.0,3.4641933,7.9160643,0.0,0.0,0.0,7.5582423
2,101,102.0,10.0,1.0,1.0,83.0,1.0,1.0,1.0,0.9999659,1.0,-0.0,0.0,-3.4083347e-05,-0.0,0.28843617,2.884615,0.4918731,2.6369781,0.461479,4.482634,1.0,1.8104566,-1.3513145,0.5601852,16.033964,0.0,0.0,0.0,1.0,0.0,0,3.4191835,0.0,4.5101533,0.0,3.6143034,6.875081,0.0,0.0,0.0,6.2813516
3,101,102.0,10.0,1.0,1.0,83.0,1.0,1.0,1.0,0.9999739,1.0,-0.0,0.0,-2.6117365e-05,-0.0,0.05836319,2.7527292,0.41050902,1.7150433,0.34231237,1.9535736,1.0,0.43655926,-2.4473863,0.587963,17.009527,0.0,0.0,0.0,0.0,0.0,0,3.9072227,0.0,2.4948108,0.0,3.4954093,4.645183,0.0,0.0,0.0,7.2375264
0,102,103.0,10.0,1.0,1.0,84.0,1.0,1.0,1.0,0.9999804,1.0,-0.0,0.0,-1.9604799e-05,-0.0,0.09311307,2.8536074,0.6814219,4.4362874,0.35119742,1.8950005,1.0,1.5264934,-3.8210013,0.6064815,18.814194,0.0,0.0,0.0,0.0,0.0,0,5.083048,0.0,2.6237123,0.0,6.1821723,7.346991,0.0,0.0,0.0,8.778738
1,102,103.0,10.0,1.0,1.0,84.0,1.0,1.0,1.0,0.9999775,1.0,-0.0,0.0,-2.2452627e-05,-0.0,0.22415519,2.880109,0.4294781,3.1003098,0.47328556,4.6129494,1.0,1.0147142,-1.7273864,0.5787037,16.587616,0.0,0.0,0.0,1.0,0.0,0,5.0349083,0.0,3.4813273,0.0,5.7372365,6.2451215,0.0,0.0,0.0,7.762748
2,102,103.0,10.0,1.0,1.0,84.0,1.0,1.0,1.0,0.99997526,1.0,-0.0,0.0,-2.4736173e-05,-0.0,0.23672059,2.8083348,0.50904083,3.0380793,0.45993236,4.206019,1.0,1.2767155,-1.9200696,0.5787037,16.203773,0.0,0.0,0.0,1.0,0.0,0,4.78558,0.0,3.545596,0.0,5.717693,6.1636286,0.0,0.0,0.0,5.844778
3,102,103.0,10.0,1.0,1.0,84.0,1.0,1.0,1.0,0.9999797,1.0,-0.0,0.0,-2.0299238e-05,-0.0,0.029901043,2.8233202,0.44247875,3.0116837,0.3501084,1.898302,1.0,0.8379011,-3.0712533,0.6018519,17.325642,0.0,0.0,0.0,0.0,0.0,0,4.7478614,0.0,3.066643,0.0,5.62461,4.7205997,0.0,0.0,0.0,7.073192
0,103,104.0,10.0,1.0,1.0,85.0,1.0,1.0,1.0,0.9999834,1.0,-0.0,0.0,-1.6637527e-05,-0.0,0.07677674,2.8694665,0.6438799,3.6037936,0.34867042,2.0950902,1.0,0.79917383,-1.6283495,0.6203704,19.076084,0.0,0.0,0.0,1.0,0.0,0,5.8075924,0.0,3.4623964,0.0,5.5388484,8.236945,0.0,0.0,0.0,8.64562
1,103,104.0,10.0,1.0,1.0,85.0,1.0,1.0,1.0,0.9999786,1.0,-0.0,0.0,-2.142339e-05,-0.0,0.36619604,3.1020296,0.4121931,2.8853154,0.48597744,4.6170206,1.0,1.4941003,-0.33925754,0.5833333,17.075726,0.0,0.0,0.0,1.0,0.0,0,4.937552,0.0,3.1371815,0.0,5.108503,6.5109444,0.0,0.0,0.0,7.0238795
2,103,104.0,10.0,1.0,1.0,85.0,1.0,1.0,1.0,0.99997526,1.0,-0.0,0.0,-2.4740872e-05,-0.0,0.37963092,3.0721388,0.49831596,2.9547448,0.46804082,4.147352,1.0,1.6602432,-0.5874811,0.5787037,16.733109,0.0,0.0,0.0,1.0,0.0,0,4.455271,0.0,2.6681244,0.0,5.2122126,6.109406,0.0,0.0,0.0,6.192668
3,103,104.0,10.0,1.0,1.0,85.0,1.0,1.0,1.0,0.9999819,1.0,-0.0,0.0,-1.8091152e-05,-0.0,0.18177181,2.8911853,0.41459933,2.2430427,0.3641592,1.9220681,1.0,0.26169598,-1.4812229,0.6111111,17.638735,0.0,0.0,0.0,0.0,0.0,0,5.2008677,0.0,3.0791101,0.0,4.247052,5.085808,0.0,0.0,0.0,6.9802866
0,104,105.0,10.0,1.0,1.0,86.0,1.0,1.0,1.0,0.9999798,1.0,-0.0,0.0,-2.018809e-05,-0.0,0.10957532,2.6851962,0.621176,3.0225806,0.3594611,2.156579,1.0,0.86930656,-1.000775,0.6203704,19.139484,0.0,0.0,0.0,1.0,0.0,0,5.4598165,0.0,3.2186198,0.0,2.97761,7.803755,0.0,0.0,0.0,8.838087
1,104,105.0,10.0,1.0,1.0,86.0,1.0,1.0,1.0,0.9999706,1.0,-0.0,0.0,-2.9398765e-05,-0.0,0.26599392,2.7777534,0.4037338,2.7133467,0.5009426,4.6336083,1.0,1.5747038,-1.3162391,0.5833333,17.179928,0.0,0.0,0.0,1.0,0.0,0,4.356589,0.0,4.0016875,0.0,4.213837,7.0965714,0.0,0.0,0.0,6.3040423
2,104,105.0,10.0,1.0,1.0,86.0,1.0,1.0,1.0,0.99996763,1.0,-0.0,0.0,-3.234436e-05,-0.0,0.27323887,2.7314641,0.48066235,2.684635,0.48603597,4.2019224,1.0,1.885125,-1.7140573,0.5833333,16.853706,0.0,0.0,0.0,1.0,0.0,0,4.5693784,0.0,3.9755423,0.0,4.9023156,6.7771125,0.0,0.0,0.0,5.633513
3,104,105.0,10.0,1.0,1.0,86.0,1.0,1.0,1.0,0.9999785,1.0,-0.0,0.0,-2.1530786e-05,-0.0,0.1677297,2.6736162,0.39441884,1.6645548,0.3746571,1.9366727,1.0,0.7162783,-1.6545532,0.6111111,17.670403,0.0,0.0,0.0,0.0,0.0,0,4.894738,0.0,2.8766131,0.0,2.6831415,5.3029075,0.0,0.0,0.0,6.8925047
0,105,106.0,10.0,1.0,1.0,87.0,1.0,1.0,1.0,0.99998295,1.0,-0.0,0.0,-1.7031809e-05,-0.0,0.079357065,2.8500533,0.6251162,3.0818233,0.3715934,2.1893582,1.0,1.1446629,-1.1218796,0.6388889,19.504461,0.0,0.0,0.0,1.0,0.0,0,4.108293,0.0,2.7984521,0.0,0.909354,8.094251,0.0,0.0,0.0,8.676962
1,105,106.0,10.0,1.0,1.0,87.0,1.0,1.0,1.0,0.99997056,1.0,-0.0,0.0,-2.9434745e-05,-0.0,0.32662934,3.0835745,0.40000725,2.6393516,0.5116041,4.6227818,1.0,1.7008835,-0.3312072,0.5833333,17.693064,0.0,0.0,0.0,1.0,0.0,0,4.677533,0.0,3.2798467,0.0,4.081722,6.609156,0.0,0.0,0.0,6.63857
2,105,106.0,10.0,1.0,1.0,87.0,1.0,1.0,1.0,0.99996775,1.0,-0.0,0.0,-3.2249372e-05,-0.0,0.3108099,3.0657716,0.49838707,2.887214,0.4978138,4.132603,1.0,1.7249899,-0.9644134,0.587963,17.39499,0.0,0.0,0.0,1.0,0.0,0,3.9691212,0.0,3.1668346,0.0,4.108059,6.2910933,0.0,0.0,0.0,5.979727
3,105,106.0,10.0,1.0,1.0,87.0,1.0,1.0,1.0,0.9999796,1.0,-0.0,0.0,-2.0356154e-05,-0.0,0.2087012,2.8558168,0.40159407,1.4027426,0.387061,1.9269484,1.0,1.0460496,-0.57856834,0.6111111,18.05715,0.0,0.0,0.0,1.0,0.0,0,3.8607628,0.0,2.3334715,0.0,0.577439,6.1081967,0.0,0.0,0.0,6.781862
0,106,107.0,10.0,1.0,1.0,88.0,1.0,1.0,1.0,0.99998194,1.0,-0.0,0.0,-1.8070641e-05,-0.0,0.06893724,2.7826557,0.64735734,3.7051141,0.3934865,2.3209052,1.0,0.7587299,-2.8564324,0.6435185,19.720247,0.0,0.0,0.0,1.0,0.0,0,5.1352944,0.0,3.0833356,0.0,5.828382,7.1233606,0.0,0.0,0.0,8.882628
1,106,107.0,10.0,1.0,1.0,88.0,1.0,1.0,1.0,0.9999686,1.0,-0.0,0.0,-3.1418964e-05,-0.0,0.1873631,2.8525257,0.41423398,2.941203,0.5268248,4.6427236,1.0,1.2360641,-1.9688392,0.5925926,17.791836,0.0,0.0,0.0,1.0,0.0,0,5.117928,0.0,3.7170186,0.0,5.7983727,6.710024,0.0,0.0,0.0,5.9658165
2,106,107.0,10.0,1.0,1.0,88.0,1.0,1.0,1.0,0.9999671,1.0,-0.0,0.0,-3.2872358e-05,-0.0,0.25183743,2.8130496,0.49897516,2.9742844,0.51607823,4.185495,1.0,1.5485128,-1.7932737,0.5925926,17.490936,0.0,0.0,0.0,1.0,0.0,0,5.621306,0.0,3.1676917,0.0,6.450026,5.997935,0.0,0.0,0.0,5.389051
3,106,107.0,10.0,1.0,1.0,88.0,1.0,1.0,1.0,0.9999786,1.0,-0.0,0.0,-2.1407526e-05,-0.0,0.051471405,2.746728,0.41410136,1.9519705,0.39704585,1.9547752,1.0,0.39016947,-2.6104515,0.6111111,18.234367,0.0,0.0,0.0,1.0,0.0,0,5.624807,0.0,2.6911874,0.0,4.515022,6.4509196,0.0,0.0,0.0,5.9326425
0,107,108.0,10.0,1.0,1.0,89.0,1.0,1.0,1.0,0.99998176,1.0,-0.0,0.0,-1.8261566e-05,-0.0,0.09981692,2.956946,0.6410825,3.523395,0.40800002,2.4066699,1.0,0.6477052,-0.8557197,0.6481481,20.139034,0.0,0.0,0.0,1.0,0.0,0,5.5902176,0.0,3.249016,0.0,4.8402834,7.4845924,0.0,0.0,0.0,8.620992
1,107,108.0,10.0,1.0,1.0,89.0,1.0,1.0,1.0,0.9999669,1.0,-0.0,0.0,-3.305243e-05,-0.0,0.42281002,3.1856132,0.4187766,3.0324059,0.5510507,4.760452,1.0,1.4769751,0.10811631,0.5925926,18.360418,0.0,0.0,0.0,1.0,0.0,0,5.692224,0.0,3.4183135,0.0,5.7010717,6.178173,0.0,0.0,0.0,6.4779897
2,107,108.0,10.0,1.0,1.0,89.0,1.0,1.0,1.0,0.99996686,1.0,-0.0,0.0,-3.3119155e-05,-0.0,0.50615704,3.1364799,0.5014744,2.8487306,0.5376259,4.1291914,1.0,2.1955283,0.7582428,0.5925926,18.051048,0.0,0.0,0.0,1.0,0.0,0,6.1157255,0.0,3.4774647,0.0,6.031618,5.8565,0.0,0.0,0.0,5.911243
3,107,108.0,10.0,1.0,1.0,89.0,1.0,1.0,1.0,0.99997735,1.0,-0.0,0.0,-2.2637261e-05,-0.0,0.21671318,3.0176933,0.41797584,1.9358642,0.41329885,1.9306009,1.0,0.7094159,-1.0593971,0.6157407,18.743479,0.0,0.0,0.0,1.0,0.0,0,5.291129,0.0,2.7364662,0.0,4.025801,6.686169,0.0,0.0,0.0,5.9294825
0,108,109.0,10.0,1.0,1.0,90.0,1.0,1.0,1.0,0.99998015,1.0,-0.0,0.0,-1.9831808e-05,-0.0,0.035399757,2.705455,0.63689744,3.3802986,0.4201731,2.4543328,1.0,0.81035864,-2.212407,0.6481481,20.22751,0.0,0.0,0.0,1.0,0.0,0,4.7825403,0.0,2.8078918,0.0,3.271332,7.172003,0.0,0.0,0.0,8.671578
1,108,109.0,10.0,1.0,1.0,90.0,1.0,1.0,1.0,0.99996257,1.0,-0.0,0.0,-3.7424637e-05,-0.0,0.35145992,2.7998877,0.4212267,2.651188,0.5752375,4.7500796,1.0,1.8862666,-0.32779482,0.5925926,18.569016,0.0,0.0,0.0,1.0,0.0,0,6.7286134,0.0,3.4289672,0.0,7.585269,5.7162924,0.0,0.0,0.0,6.5796347
2,108,109.0,10.0,1.0,1.0,90.0,1.0,1.0,1.0,0.9999587,1.0,-0.0,0.0,-4.1293642e-05,-0.0,0.4727211,2.729082,0.4905717,2.446347,0.56376004,4.0886097,1.0,2.8153596,0.66879296,0.5925926,18.279902,0.0,0.0,0.0,1.0,0.0,0,7.289767,0.0,4.3626394,0.0,7.2546463,5.904221,0.0,0.0,0.0,5.3738227
3,108,109.0,10.0,1.0,1.0,90.0,1.0,1.0,1.0,0.99997604,1.0,-0.0,0.0,-2.397407e-05,-0.0,0.21679215,2.6809876,0.4188463,1.4336491,0.43009406,2.0467107,1.0,1.4372215,-0.87362623,0.6157407,18.906181,0.0,0.0,0.0,1.0,0.0,0,6.1828938,0.0,3.0470643,0.0,3.307364,6.381784,0.0,0.0,0.0,5.973223
0,109,110.0,10.0,1.0,1.0,91.0,1.0,1.0,1.0,0.99998313,1.0,-0.0,0.0,-1.6872687e-05,-0.0,0.09669606,2.860728,0.6512285,3.5985763,0.4375631,2.559249,1.0,0.6723124,-0.86718893,0.6527778,20.594278,0.0,0.0,0.0,1.0,0.0,0,5.3261247,0.0,3.2185266,0.0,5.386836,6.811745,0.0,0.0,0.0,8.672528
1,109,110.0,10.0,1.0,1.0,91.0,1.0,1.0,1.0,0.99996895,1.0,-0.0,0.0,-3.1053434e-05,-0.0,0.4267726,3.147871,0.44200575,3.1608202,0.5847037,4.758313,1.0,1.4034662,0.08065719,0.5925926,19.128325,0.0,0.0,0.0,1.0,0.0,0,5.5485716,0.0,3.4484494,0.0,6.194197,5.7359223,0.0,0.0,0.0,6.0349813
2,109,110.0,10.0,1.0,1.0,91.0,1.0,1.0,1.0,0.99996775,1.0,-0.0,0.0,-3.2266857e-05,-0.0,0.4713837,3.0954945,0.51349425,2.9427996,0.5641827,3.8463068,1.0,2.0279646,0.6462941,0.5925926,18.85451,0.0,0.0,0.0,1.0,0.0,0,5.3842573,0.0,3.1915834,0.0,5.5016165,5.7801557,0.0,0.0,0.0,5.8225827
3,109,110.0,10.0,1.0,1.0,91.0,1.0,1.0,1.0,0.99998015,1.0,-0.0,0.0,-1.9836649e-05,-0.0,0.35279244,2.891959,0.43516117,1.5666935,0.44992095,2.043266,1.0,1.4523913,0.15548058,0.6157407,19.324142,0.0,0.0,0.0,1.0,0.0,0,5.637071,0.0,2.9557877,0.0,3.6844606,6.623706,0.0,0.0,0.0,6.0226073
0,110,111.0,10.0,1.0,1.0,92.0,1.0,1.0,1.0,0.9999828,1.0,-0.0,0.0,-1.7228762e-05,-0.0,0.14256966,2.6955652,0.6485908,3.5857193,0.46412474,2.842128,1.0,1.1099459,-0.3784839,0.6527778,20.861132,0.0,0.0,0.0,1.0,0.0,0,5.2293644,0.0,2.8643231,0.0,3.9098132,6.4725695,0.0,0.0,0.0,8.801423
1,110,111.0,10.0,1.0,1.0,92.0,1.0,1.0,1.0,0.99996644,1.0,-0.0,0.0,-3.3580818e-05,-0.0,0.22050627,2.8314462,0.4952189,3.9807296,0.58972186,4.7487607,1.0,0.81637305,-1.5508411,0.5972222,19.410671,0.0,0.0,0.0,1.0,0.0,0,5.1604953,0.0,3.2036102,0.0,6.737001,5.4064946,0.0,0.0,0.0,5.9988604
2,110,111.0,10.0,1.0,1.0,92.0,1.0,1.0,1.0,0.99996406,1.0,-0.0,0.0,-3.5932004e-05,-0.0,0.3159907,2.779201,0.54105747,3.496185,0.5780125,3.8710577,1.0,1.2561648,-0.7649539,0.5925926,19.161186,0.0,0.0,0.0,1.0,0.0,0,6.228518,0.0,3.8788977,0.0,6.842682,5.783682,0.0,0.0,0.0,4.6546555
3,110,111.0,10.0,1.0,1.0,92.0,1.0,1.0,1.0,0.99997556,1.0,-0.0,0.0,-2.4441897e-05,-0.0,0.17918013,2.740731,0.45641097,2.4594305,0.45952225,2.0271132,1.0,0.63612163,-1.1467477,0.6157407,19.51603,0.0,0.0,0.0,1.0,0.0,0,5.8276663,0.0,3.2345653,0.0,4.342141,6.209729,0.0,0.0,0.0,5.8116117
0,111,112.0,10.0,1.0,1.0,93.0,1.0,1.0,1.0,0.9999827,1.0,-0.0,0.0,-1.7264429e-05,-0.0,0.13081637,2.9097726,0.67353004,3.9483461,0.4934602,3.1081266,1.0,0.868631,-0.46602076,0.6527778,21.394373,0.0,0.0,0.0,1.0,0.0,0,5.1975694,0.0,2.4245596,0.0,6.3900223,6.25082,0.0,0.0,0.0,8.961222
1,111,112.0,10.0,1.0,1.0,93.0,1.0,1.0,1.0,0.9999672,1.0,-0.0,0.0,-3.278736e-05,-0.0,0.244198,3.2596867,0.53615904,4.7474413,0.60056615,4.6764946,1.0,0.5286014,-1.6185334,0.6064815,20.08628,0.0,0.0,0.0,1.0,0.0,0,5.172101,0.0,3.225086,0.0,5.743156,5.489007,0.0,0.0,0.0,6.0654974
2,111,112.0,10.0,1.0,1.0,93.0,1.0,1.0,1.0,0.99996716,1.0,-0.0,0.0,-3.2841133e-05,-0.0,0.33817887,3.2138233,0.5640843,3.998585,0.5938394,3.8057952,1.0,0.8206761,-0.92474276,0.5972222,19.839403,0.0,0.0,0.0,1.0,0.0,0,5.170821,0.0,4.231441,0.0,5.869557,5.708749,0.0,0.0,0.0,4.7569966
3,111,112.0,10.0,1.0,1.0,93.0,1.0,1.0,1.0,0.99997675,1.0,-0.0,0.0,-2.3241637e-05,-0.0,0.18664151,3.0739942,0.4702742,3.160325,0.48758948,2.5132642,1.0,0.2211734,-2.011639,0.625,20.08764,0.0,0.0,0.0,1.0,0.0,0,5.82059,0.0,2.7000139,0.0,5.556032,6.522345,0.0,0.0,0.0,5.8931613
0,112,113.0,10.0,1.0,1.0,94.0,1.0,1.0,1.0,0.9999806,1.0,-0.0,0.0,-1.9372856e-05,-0.0,0.019917265,2.7698786,0.67694575,4.054964,0.52568173,3.31506,1.0,0.8584339,-1.7301887,0.662037,21.47454,0.0,0.0,0.0,1.0,0.0,0,6.2260475,0.0,2.9644735,0.0,6.323751,6.4231353,0.0,0.0,0.0,7.852509
1,112,113.0,10.0,1.0,1.0,94.0,1.0,1.0,1.0,0.99996805,1.0,-0.0,0.0,-3.1938373e-05,-0.0,0.25036818,2.9398837,0.51729715,4.0886097,0.6222099,4.649463,1.0,0.7041557,-1.2445217,0.6064815,20.29194,0.0,0.0,0.0,1.0,0.0,0,7.8244953,0.0,3.656298,0.0,7.9781065,5.036948,0.0,0.0,0.0,5.943716
2,112,113.0,10.0,1.0,1.0,94.0,1.0,1.0,1.0,0.99996454,1.0,-0.0,0.0,-3.547829e-05,-0.0,0.33471102,2.8080328,0.5377834,3.4719193,0.6336315,4.2201414,1.0,1.2370136,-1.0677603,0.5972222,20.129751,0.0,0.0,0.0,1.0,0.0,0,7.334916,0.0,4.5922766,0.0,7.1237497,5.4758167,0.0,0.0,0.0,4.6683793
3,112,113.0,10.0,1.0,1.0,94.0,1.0,1.0,1.0,0.9999759,1.0,-0.0,0.0,-2.406175e-05,-0.0,0.20241961,2.800406,0.47446513,2.6372747,0.50876945,2.628058,1.0,0.5574291,-1.6274369,0.625,20.259169,0.0,0.0,0.0,1.0,0.0,0,7.3943906,0.0,3.1946115,0.0,6.022041,6.3731437,0.0,0.0,0.0,5.782281
0,113,114.0,10.0,1.0,1.0,95.0,1.0,1.0,1.0,0.99998206,1.0,-0.0,0.0,-1.7967825e-05,-0.0,0.1682289,2.7408988,0.6869535,4.263145,0.5538056,3.4768763,1.0,0.8974387,-0.11018757,0.662037,21.541157,0.0,0.0,0.0,1.0,0.0,0,6.0056324,0.0,3.1256688,0.0,5.7653084,6.087471,0.0,0.0,0.0,7.837984
1,113,114.0,10.0,1.0,1.0,95.0,1.0,1.0,1.0,0.9999749,1.0,-0.0,0.0,-2.5086081e-05,-0.0,0.26742816,2.9908936,0.55102885,4.6227818,0.6316879,4.665936,1.0,0.41543004,-1.3340944,0.6064815,20.470215,0.0,0.0,0.0,1.0,0.0,0,5.409987,0.0,2.7648356,0.0,6.0400095,4.7515845,0.0,0.0,0.0,5.501595
2,113,114.0,10.0,1.0,1.0,95.0,1.0,1.0,1.0,0.99997365,1.0,-0.0,0.0,-2.6317202e-05,-0.0,0.34797305,2.9634955,0.55931354,4.077297,0.65272367,4.180255,1.0,0.5341251,-1.2033721,0.5972222,20.401318,0.0,0.0,0.0,1.0,0.0,0,7.8270907,0.0,4.1399226,0.0,6.582482,5.5678377,0.0,0.0,0.0,4.9349146
3,113,114.0,10.0,1.0,1.0,95.0,1.0,1.0,1.0,0.99998176,1.0,-0.0,0.0,-1.8238994e-05,-0.0,0.22829883,2.8347707,0.47555235,3.0059605,0.5235704,2.6331162,1.0,0.14803751,-1.5452421,0.625,20.402782,0.0,0.0,0.0,1.0,0.0,0,5.6949944,0.0,2.724742,0.0,4.296134,6.1965513,0.0,0.0,0.0,5.7390738
0,114,115.0,10.0,1.0,1.0,96.0,1.0,1.0,1.0,0.9999783,1.0,-0.0,0.0,-2.1710186e-05,-0.0,0.21791346,2.794804,0.6865856,4.3442745,0.5860178,3.8129878,1.0,1.1030488,0.42976904,0.662037,21.659077,0.0,0.0,0.0,1.0,0.0,0,7.5335097,0.0,3.3245013,0.0,7.334305,5.779588,0.0,0.0,0.0,8.277675
1,114,115.0,10.0,1.0,1.0,96.0,1.0,1.0,1.0,0.9999697,1.0,-0.0,0.0,-3.028126e-05,-0.0,0.3374446,2.9502597,0.53144574,4.409737,0.6421459,4.599352,1.0,0.7433581,-0.3989497,0.6064815,20.556473,0.0,0.0,0.0,1.0,0.0,0,6.725122,0.0,2.9414227,0.0,7.4317737,4.603664,0.0,0.0,0.0,5.335107
2,114,115.0,10.0,1.0,1.0,96.0,1.0,1.0,1.0,0.99996704,1.0,-0.0,0.0,-3.2955188e-05,-0.0,0.36431253,2.8963633,0.5593916,4.044719,0.6774448,4.3633347,1.0,0.6339647,-1.1265529,0.5972222,20.463917,0.0,0.0,0.0,1.0,0.0,0,7.733576,0.0,3.9927263,0.0,7.616778,4.602765,0.0,0.0,0.0,4.8094506
3,114,115.0,10.0,1.0,1.0,96.0,1.0,1.0,1.0,0.9999781,1.0,-0.0,0.0,-2.1878355e-05,-0.0,0.25564432,2.8833427,0.4841637,3.3600912,0.54902333,2.8172317,1.0,0.5226451,-1.4638109,0.625,20.527681,0.0,0.0,0.0,1.0,0.0,0,7.3208027,0.0,4.043735,0.0,5.9734592,6.0378966,0.0,0.0,0.0,5.7361193
0,115,116.0,10.0,1.0,1.0,97.0,1.0,1.0,1.0,0.99998146,1.0,-0.0,0.0,-1.852056e-05,-0.0,0.44180417,2.5974581,0.6872721,3.9272733,0.62657267,4.0943494,1.0,1.249135,2.530272,0.662037,21.808138,0.0,0.0,0.0,1.0,0.0,0,5.496882,0.0,2.794918,0.0,3.9168692,5.0195794,0.0,0.0,0.0,8.170337
1,115,116.0,10.0,1.0,1.0,97.0,1.0,1.0,1.0,0.9999786,1.0,-0.0,0.0,-2.1408443e-05,-0.0,0.44054314,2.7993176,0.5298817,4.0901413,0.6594322,4.627014,1.0,0.776321,0.67361724,0.6064815,20.667671,0.0,0.0,0.0,1.0,0.0,0,4.7906966,0.0,2.5943952,0.0,5.453916,4.3955846,0.0,0.0,0.0,5.2125263
2,115,116.0,10.0,1.0,1.0,97.0,1.0,1.0,1.0,0.9999738,1.0,-0.0,0.0,-2.6249674e-05,-0.0,0.38811153,2.8461442,0.58084023,4.247876,0.6977146,4.530753,1.0,0.3140353,-1.2169434,0.5972222,20.612467,0.0,0.0,0.0,1.0,0.0,0,5.284133,0.0,2.6465805,0.0,5.757818,4.628992,0.0,0.0,0.0,4.5736923
3,115,116.0,10.0,1.0,1.0,97.0,1.0,1.0,1.0,0.9999823,1.0,-0.0,0.0,-1.7713157e-05,-0.0,0.38384163,2.7084725,0.48567638,3.0173967,0.57600355,2.8929017,1.0,0.37949178,-0.096489675,0.625,20.652863,0.0,0.0,0.0,1.0,0.0,0,5.3264227,0.0,3.1864846,0.0,3.9142244,5.8222003,0.0,0.0,0.0,5.710779
0,116,117.0,10.0,1.0,1.0,98.0,1.0,1.0,1.0,0.99997014,1.0,-0.0,0.0,-2.9885334e-05,-0.0,0.0011481345,2.7874773,0.6938939,4.15998,0.65077555,4.371222,1.0,1.0662448,-1.963335,0.6666667,22.251884,0.0,0.0,0.0,1.0,0.0,0,6.0119457,0.0,2.7204874,0.0,6.5182366,5.560137,0.0,0.0,0.0,8.75139
1,116,117.0,10.0,1.0,1.0,98.0,1.0,1.0,1.0,0.99996644,1.0,-0.0,0.0,-3.3563305e-05,-0.0,0.5691558,2.8284175,0.52714866,2.9721782,0.69213563,4.56998,1.0,2.783052,1.2521548,0.6064815,20.926321,0.0,0.0,0.0,1.0,0.0,0,9.014335,0.0,5.071602,0.0,8.048905,4.2699456,0.0,0.0,0.0,5.2964315
2,116,117.0,10.0,1.0,1.0,98.0,1.0,1.0,1.0,0.9999678,1.0,-0.0,0.0,-3.2181575e-05,-0.0,0.5829357,2.8499591,0.5400684,2.902896,0.7369089,4.6796746,1.0,2.5528996,0.9841826,0.5972222,20.856628,0.0,0.0,0.0,1.0,0.0,0,8.797241,0.0,4.9448705,0.0,7.519476,4.289991,0.0,0.0,0.0,4.8288794
3,116,117.0,10.0,1.0,1.0,98.0,1.0,1.0,1.0,0.999973,1.0,-0.0,0.0,-2.6983102e-05,-0.0,0.4789781,2.8181455,0.5285492,2.4988966,0.6146983,3.0132432,1.0,1.981693,1.2120968,0.625,21.034094,0.0,0.0,0.0,1.0,0.0,0,8.174471,0.0,3.9880757,0.0,5.1043973,5.3765397,0.0,0.0,0.0,6.0698028
0,117,118.0,10.0,1.0,1.0,99.0,1.0,1.0,1.0,0.99997866,1.0,-0.0,0.0,-2.1327663e-05,-0.0,0.58797896,2.705333,0.7098852,4.728605,0.69128776,4.591856,1.0,1.3698794,4.133081,0.6666667,22.426683,0.0,0.0,0.0,1.0,0.0,0,7.964152,0.0,3.4752162,0.0,7.8397775,5.58171,0.0,0.0,0.0,8.478844
1,117,118.0,10.0,1.0,1.0,99.0,1.0,1.0,1.0,0.99998206,1.0,-0.0,0.0,-1.7946799e-05,-0.0,0.76084363,2.7393594,0.532935,3.6803114,0.7008907,4.6122704,1.0,1.5559511,4.034612,0.6064815,21.005106,0.0,0.0,0.0,1.0,0.0,0,6.354072,0.0,2.632318,0.0,7.917631,4.1612535,0.0,0.0,0.0,4.9296722
2,117,118.0,10.0,1.0,1.0,99.0,1.0,1.0,1.0,0.9999811,1.0,-0.0,0.0,-1.8903138e-05,-0.0,0.7142,2.7626274,0.58319926,3.9726582,0.7464714,4.746782,1.0,0.97176564,1.9632512,0.5972222,20.920866,0.0,0.0,0.0,1.0,0.0,0,6.4165773,0.0,2.9988515,0.0,7.6563463,4.177391,0.0,0.0,0.0,4.603339
3,117,118.0,10.0,1.0,1.0,99.0,1.0,1.0,1.0,0.9999863,1.0,-0.0,0.0,-1.3682787e-05,-0.0,0.6815109,2.672558,0.5250427,2.975863,0.63113713,3.0370486,1.0,0.8722279,3.1214962,0.625,21.19487,0.0,0.0,0.0,1.0,0.0,0,7.989154,0.0,3.4345326,0.0,6.694078,5.2510753,0.0,0.0,0.0,5.7363977
0,118,119.0,10.0,1.0,1.0,100.0,1.0,1.0,1.0,0.9999643,1.0,-0.0,0.0,-3.572496e-05,-0.0,0.005666353,2.5893683,0.6842956,3.9548833,0.7174624,4.678838,1.0,1.4755169,-2.2479706,0.6666667,22.63353,0.0,0.0,0.0,1.0,0.0,0,5.245961,0.0,2.3768766,0.0,4.1388626,5.336956,0.0,0.0,0.0,8.479932
1,118,119.0,10.0,1.0,1.0,100.0,1.0,1.0,1.0,0.9999623,1.0,-0.0,0.0,-3.7754293e-05,-0.0,0.5784571,2.5861413,0.58413017,3.0246515,0.73953056,4.628198,1.0,3.3302543,1.1233846,0.6064815,21.277246,0.0,0.0,0.0,1.0,0.0,0,8.632088,0.0,4.367504,0.0,8.653005,3.889671,0.0,0.0,0.0,5.2506356
2,118,119.0,10.0,1.0,1.0,100.0,1.0,1.0,1.0,0.9999676,1.0,-0.0,0.0,-3.2407952e-05,-0.0,0.58721304,2.6244943,0.5979722,2.96717,0.7935183,4.7370405,1.0,2.9077103,1.2078332,0.5972222,21.185886,0.0,0.0,0.0,1.0,0.0,0,10.547915,0.0,5.2428164,0.0,11.1203375,3.9814165,0.0,0.0,0.0,5.306504
3,118,119.0,10.0,1.0,1.0,100.0,1.0,1.0,1.0,0.99997485,1.0,-0.0,0.0,-2.5163661e-05,-0.0,0.4469633,2.6302803,0.5709651,2.606525,0.66791993,3.13396,1.0,2.1463954,0.5304767,0.625,21.494915,0.0,0.0,0.0,1.0,0.0,0,9.561484,0.0,3.619117,0.0,9.102414,5.076276,0.0,0.0,0.0,6.1605053
0,119,120.0,10.0,1.0,1.0,101.0,1.0,1.0,1.0,0.9999622,1.0,-0.0,0.0,-3.7777492e-05,-0.0,0.39602518,2.7217722,0.7014901,4.6047955,0.7407588,4.786366,1.0,1.4408932,1.9881567,0.6666667,22.816946,0.0,0.0,0.0,1.0,0.0,0,5.5893254,0.0,2.802194,0.0,6.073641,5.407214,0.0,0.0,0.0,8.510876
1,119,120.0,10.0,1.0,1.0,101.0,1.0,1.0,1.0,0.9999736,1.0,-0.0,0.0,-2.6411179e-05,-0.0,0.49953276,2.8100462,0.5440264,3.6228585,0.7424083,4.6753225,1.0,1.6442534,1.0114703,0.6064815,21.554733,0.0,0.0,0.0,1.0,0.0,0,5.1966214,0.0,2.3604984,0.0,6.294551,3.8345435,0.0,0.0,0.0,4.7942185
2,119,120.0,10.0,1.0,1.0,101.0,1.0,1.0,1.0,0.9999777,1.0,-0.0,0.0,-2.2286664e-05,-0.0,0.5689025,2.800897,0.608329,3.7456696,0.7925313,4.7189918,1.0,1.4066696,0.767001,0.5972222,21.439674,0.0,0.0,0.0,1.0,0.0,0,5.068388,0.0,2.3324447,0.0,6.2396793,3.7632766,0.0,0.0,0.0,4.667561
3,119,120.0,10.0,1.0,1.0,101.0,1.0,1.0,1.0,0.9999808,1.0,-0.0,0.0,-1.9176588e-05,-0.0,0.50333476,2.742452,0.5410036,3.009604,0.6740408,3.1279597,1.0,0.993078,1.3813609,0.625,21.654636,0.0,0.0,0.0,1.0,0.0,0,6.795992,0.0,2.729368,0.0,7.764774,4.732987,0.0,0.0,0.0,5.614373
0,120,121.0,10.0,1.0,1.0,102.0,1.0,1.0,1.0,0.9996959,1.0,-0.0,0.0,-3.0985244e-05,-0.0002730795,0.13883281,2.6319451,0.70431966,4.6980414,0.77092487,5.016384,0.0,1.8568833,-1.0088738,0.6666667,22.968117,0.0,0.0,0.0,1.0,0.0,0,7.743136,0.0,2.9808059,0.0,8.069745,5.221847,0.0,0.0,0.0,8.274352
1,120,121.0,10.0,1.0,1.0,102.0,1.0,1.0,1.0,0.9966933,1.0,-0.0,0.0,-4.3560445e-05,-0.0032631157,0.460105,2.5714228,0.5230302,3.5990117,0.7859354,5.1957865,0.0,1.8655058,0.7165121,0.6064815,21.779472,0.0,0.0,0.0,1.0,0.0,0,10.117852,0.0,3.9874475,0.0,10.542989,3.6719232,0.0,0.0,0.0,5.006742
2,120,121.0,10.0,1.0,1.0,102.0,1.0,1.0,1.0,0.999961,1.0,-0.0,0.0,-3.897078e-05,-0.0,0.43056235,2.6110504,0.62462485,4.0083623,0.79553753,4.366922,1.0,1.494493,-0.048345886,0.6018519,21.647688,0.0,0.0,0.0,1.0,0.0,0,9.478229,0.0,5.124979,0.0,8.531956,3.5923991,0.0,0.0,0.0,4.993682
3,120,121.0,10.0,1.0,1.0,102.0,1.0,1.0,1.0,0.99997056,1.0,-0.0,0.0,-2.9433435e-05,-0.0,0.3021199,2.654211,0.56399107,3.8843822,0.69560266,3.4551945,1.0,1.5794194,-0.7825578,0.625,21.868416,0.0,0.0,0.0,1.0,0.0,0,10.314412,0.0,4.0919094,0.0,10.2128,4.5900893,0.0,0.0,0.0,5.748544
0,121,122.0,10.0,1.0,1.0,103.0,1.0,1.0,1.0,0.997137,1.0,-0.0,0.0,-3.0397861e-05,-0.002832572,0.6083585,2.6062891,0.6911593,3.942393,0.800212,5.169954,0.0,1.8699065,3.2032309,0.6666667,23.066332,0.0,0.0,0.0,1.0,0.0,0,5.669764,0.0,2.8494446,0.0,4.620839,5.6971965,0.0,0.0,0.0,8.442873
1,121,122.0,10.0,1.0,1.0,103.0,1.0,1.0,1.0,0.9955029,1.0,-0.0,0.0,-2.434932e-05,-0.0044727423,0.43305457,2.6059117,0.5158778,3.8744938,0.7865959,5.268364,0.0,1.4871422,0.41828397,0.6064815,21.818138,0.0,0.0,0.0,1.0,0.0,0,4.815108,0.0,2.496768,0.0,5.3221874,3.9361494,0.0,0.0,0.0,4.947943
2,121,122.0,10.0,1.0,1.0,103.0,1.0,1.0,1.0,0.999977,1.0,-0.0,0.0,-2.3033646e-05,-0.0,0.41095242,2.5987084,0.5966582,3.931457,0.8000905,4.319878,1.0,1.3450844,-0.069062226,0.6018519,21.665043,0.0,0.0,0.0,1.0,0.0,0,4.8513513,0.0,4.233369,0.0,5.2905655,4.1101904,0.0,0.0,0.0,4.5559735
3,121,122.0,10.0,1.0,1.0,103.0,1.0,1.0,1.0,0.9999788,1.0,-0.0,0.0,-2.1219108e-05,-0.0,0.45457035,2.597773,0.5528478,3.6165872,0.7107143,3.550397,1.0,1.5099947,0.9314055,0.625,21.932796,0.0,0.0,0.0,1.0,0.0,0,5.5558057,0.0,2.4443,0.0,6.183678,4.7584605,0.0,0.0,0.0,5.578413
0,122,123.0,10.0,1.0,1.0,104.0,1.0,1.0,1.0,0.99634886,1.0,-0.0,0.0,-3.966577e-05,-0.0036115053,0.14948212,2.513192,0.7126855,3.9554772,0.8283784,5.21669,0.0,2.197667,-1.3496624,0.6666667,23.331291,0.0,0.0,0.0,1.0,0.0,0,6.9868736,0.0,3.1549695,0.0,5.5252223,5.535446,0.0,0.0,0.0,7.902781
1,122,123.0,10.0,1.0,1.0,104.0,1.0,1.0,1.0,0.9880294,1.0,-0.0,0.0,-2.7867502e-05,-0.011942671,0.6419167,2.5045927,0.50523716,2.7727022,0.8456259,5.71656,0.0,3.4263983,1.5029284,0.6064815,22.051414,0.0,0.0,0.0,1.0,0.0,0,9.743428,0.0,4.4740257,0.0,9.008746,4.00839,0.0,0.0,0.0,5.0843935
2,122,123.0,10.0,1.0,1.0,104.0,1.0,1.0,1.0,0.9999699,1.0,-0.0,0.0,-3.0106741e-05,-0.0,0.6533552,2.4570117,0.59737164,3.0324059,0.8410202,4.4880447,1.0,3.8153124,1.7629136,0.6018519,21.922659,0.0,0.0,0.0,1.0,0.0,0,10.23791,0.0,4.6317773,0.0,9.576942,3.9715416,0.0,0.0,0.0,5.2826285
3,122,123.0,10.0,1.0,1.0,104.0,1.0,1.0,1.0,0.9999748,1.0,-0.0,0.0,-2.5220525e-05,-0.0,0.5260669,2.5307233,0.5826961,3.1864722,0.7628267,3.9976063,1.0,2.5667398,1.131069,0.625,22.21255,0.0,0.0,0.0,1.0,0.0,0,9.874981,0.0,4.1086364,0.0,9.051055,4.546691,0.0,0.0,0.0,6.276109
0,123,124.0,10.0,1.0,1.0,105.0,1.0,1.0,0.0,0.9950111,1.0,-0.0,0.0,-2.7125101e-05,-0.0049618124,0.942412,2.6920402,0.6766263,4.057859,0.8427307,5.2977085,0.0,2.3695943,6.2837534,0.6666667,23.331291,0.0,0.0,0.0,1.0,0.0,0,7.817652,0.0,3.212455,0.0,4.740533,5.7529116,0.0,0.0,0.0,8.523237
1,123,124.0,10.0,1.0,1.0,105.0,1.0,1.0,1.0,0.98589015,1.0,-0.0,0.0,-1.5879681e-05,-0.014093967,0.7777613,2.6289918,0.47850502,3.434744,0.84621596,5.845638,0.0,2.097045,3.3338377,0.6064815,22.138094,0.0,0.0,0.0,1.0,0.0,0,7.2508755,0.0,3.1876314,0.0,7.0031586,4.515471,0.0,0.0,0.0,5.784386
2,123,124.0,10.0,1.0,1.0,105.0,1.0,1.0,1.0,0.9999826,1.0,-0.0,0.0,-1.7406292e-05,-0.0,0.77459514,2.5822566,0.59090775,3.4045274,0.82495743,4.4038754,1.0,2.2732253,3.5997536,0.6018519,22.01756,0.0,0.0,0.0,1.0,0.0,0,6.962386,0.0,3.3338556,0.0,7.0563307,4.255032,0.0,0.0,0.0,4.952859
3,123,124.0,10.0,1.0,1.0,105.0,1.0,1.0,1.0,0.99998575,1.0,-0.0,0.0,-1.4265337e-05,-0.0,0.83002895,2.552517,0.56828636,3.611605,0.7738352,4.015192,1.0,2.1949935,4.5391684,0.625,22.248972,0.0,0.0,0.0,1.0,0.0,0,7.180181,0.0,2.896756,0.0,8.635097,5.225813,0.0,0.0,0.0,6.0427938
0,124,125.0,10.0,1.0,1.0,106.0,1.0,1.0,1.0,0.9939482,1.0,-0.0,0.0,-6.872546e-05,-0.0059830607,0.13694726,2.3260968,0.6747197,3.94418,0.8815951,5.358983,0.0,3.1260602,-1.5757922,0.6666667,23.783102,0.0,0.0,0.0,1.0,0.0,0,5.8869443,0.0,6.546415,0.0,0.8114876,8.752828,0.0,0.0,0.0,8.247847
1,124,125.0,10.0,1.0,1.0,106.0,1.0,1.0,1.0,0.9838376,1.0,-0.0,0.0,-3.3566514e-05,-0.016128859,0.7005829,2.3003569,0.53991234,3.040655,0.8807447,5.967731,0.0,4.142835,1.9614081,0.6064815,22.567678,0.0,0.0,0.0,1.0,0.0,0,10.443512,0.0,4.674055,0.0,8.812608,5.0875916,0.0,0.0,0.0,6.1332707
2,124,125.0,10.0,1.0,1.0,106.0,1.0,1.0,1.0,0.99996185,1.0,-0.0,0.0,-3.814732e-05,-0.0,0.6502621,2.2736197,0.63233703,3.1716983,0.87791544,4.8820796,1.0,3.8305252,1.7516325,0.6018519,22.426966,0.0,0.0,0.0,1.0,0.0,0,8.973653,0.0,4.6888447,0.0,9.880775,4.6305757,0.0,0.0,0.0,5.679954
3,124,125.0,10.0,1.0,1.0,106.0,1.0,1.0,1.0,0.99996865,1.0,-0.0,0.0,-3.1381438e-05,-0.0,0.5738255,2.2851558,0.61812985,3.7619357,0.8198367,4.4124,1.0,3.4701746,1.2385342,0.625,22.650106,0.0,0.0,0.0,1.0,0.0,0,9.424382,0.0,3.1592922,0.0,9.595645,5.178683,0.0,0.0,0.0,6.775727
0,125,126.0,10.0,1.0,1.0,107.0,1.0,1.0,1.0,0.99232185,1.0,-0.0,0.0,-4.9546245e-05,-0.007628624,0.6283436,2.8551598,0.6777523,4.4665375,0.8860921,5.457717,0.0,2.6374495,3.2052045,0.6666667,24.306232,0.0,0.0,0.0,1.0,0.0,0,6.219409,0.0,2.838764,0.0,5.8960505,7.082423,0.0,0.0,0.0,8.403376
1,125,126.0,10.0,1.0,1.0,107.0,1.0,1.0,1.0,0.98058754,1.0,-0.0,0.0,-2.599884e-05,-0.019386467,0.57716894,2.6864564,0.48528454,3.3491237,0.87654907,6.1631875,0.0,2.5532062,0.9723147,0.6064815,22.875916,0.0,0.0,0.0,1.0,0.0,0,4.767388,0.0,4.0851474,0.0,5.4269996,5.775672,0.0,0.0,0.0,6.074501
2,125,126.0,10.0,1.0,1.0,107.0,1.0,1.0,1.0,0.9999688,1.0,-0.0,0.0,-3.1164687e-05,-0.0,0.5707573,2.6716335,0.59168524,3.4006166,0.8441173,4.705701,1.0,2.5905743,1.1710693,0.6018519,22.757982,0.0,0.0,0.0,1.0,0.0,0,5.7058873,0.0,4.0996265,0.0,6.3408093,5.3641105,0.0,0.0,0.0,5.4142323
3,125,126.0,10.0,1.0,1.0,107.0,1.0,1.0,1.0,0.9999715,1.0,-0.0,0.0,-2.8469474e-05,-0.0,0.6118942,2.647722,0.56122553,3.7785463,0.82077783,4.4677644,1.0,2.6184564,1.740856,0.625,22.936766,0.0,0.0,0.0,1.0,0.0,0,6.0867453,0.0,2.5792506,0.0,6.8483095,5.6031704,0.0,0.0,0.0,6.351565
0,126,127.0,10.0,1.0,1.0,108.0,1.0,1.0,1.0,0.9911146,1.0,-0.0,0.0,-6.6658264e-05,-0.008818756,0.17001835,2.2660773,0.68739706,4.2519283,0.9306204,5.5291247,0.0,3.7907526,-1.141685,0.6666667,25.038385,0.0,0.0,0.0,1.0,0.0,0,8.475285,0.0,4.2973704,0.0,5.2534113,7.240307,0.0,0.0,0.0,8.44588
1,126,127.0,10.0,1.0,1.0,108.0,1.0,1.0,1.0,0.98363274,1.0,-0.0,0.0,-3.9560906e-05,-0.016327666,0.7203933,2.1909766,0.54928744,3.1491592,0.89253515,5.9796596,0.0,5.003119,2.3425753,0.6064815,23.4773,0.0,0.0,0.0,1.0,0.0,0,10.1453085,0.0,5.8344407,0.0,7.7839723,5.626161,0.0,0.0,0.0,6.12259
2,126,127.0,10.0,1.0,1.0,108.0,1.0,1.0,1.0,0.99604917,1.0,-0.0,0.0,-4.46423e-05,-0.003906178,0.7607788,2.1058302,0.64289284,3.4056768,0.908314,5.23437,0.0,5.240637,2.188923,0.6018519,23.422503,0.0,0.0,0.0,1.0,0.0,0,9.763674,0.0,5.4255366,0.0,10.836134,5.8195806,0.0,0.0,0.0,6.5606484
3,126,127.0,10.0,1.0,1.0,108.0,1.0,1.0,1.0,0.9999608,1.0,-0.0,0.0,-3.9218907e-05,-0.0,0.6100811,2.2101355,0.58665776,3.8662014,0.86054486,4.7588067,1.0,4.06192,1.5824056,0.625,23.471975,0.0,0.0,0.0,1.0,0.0,0,10.545174,0.0,4.078454,0.0,7.850963,5.678367,0.0,0.0,0.0,7.141463
0,127,128.0,10.0,1.0,1.0,109.0,1.0,1.0,0.0,0.98939526,1.0,-0.0,0.0,-4.178489e-05,-0.010562966,0.8248571,2.817357,0.6342427,4.491533,0.91906655,5.6337776,0.0,3.3193018,5.320262,0.6666667,25.038385,0.0,0.0,0.0,1.0,0.0,0,8.256116,0.0,3.4378803,0.0,5.33099,6.007609,0.0,0.0,0.0,8.783125
1,127,128.0,10.0,1.0,1.0,109.0,1.0,1.0,1.0,0.97843,1.0,-0.0,0.0,-2.5066089e-05,-0.021544913,0.77108294,2.6340897,0.46376455,3.252605,0.8798934,6.2926946,0.0,2.8656666,3.056677,0.6064815,23.811867,0.0,0.0,0.0,1.0,0.0,0,7.2636366,0.0,3.2158833,0.0,6.777816,5.7769136,0.0,0.0,0.0,6.5730987
2,127,128.0,10.0,1.0,1.0,109.0,1.0,1.0,1.0,0.99753344,1.0,-0.0,0.0,-3.365784e-05,-0.0024328565,0.78042334,2.5643456,0.57254815,3.2851725,0.85927176,5.145971,0.0,3.0601742,3.0689294,0.6018519,23.777863,0.0,0.0,0.0,1.0,0.0,0,7.397977,0.0,3.1148767,0.0,7.794063,5.416605,0.0,0.0,0.0,5.7833557
3,127,128.0,10.0,1.0,1.0,109.0,1.0,1.0,1.0,0.9999738,1.0,-0.0,0.0,-2.624518e-05,-0.0,0.69081,2.5226367,0.52574927,4.015387,0.8486991,4.801228,1.0,3.0229084,2.8566225,0.625,23.673788,0.0,0.0,0.0,1.0,0.0,0,7.438636,0.0,2.5997338,0.0,8.129295,6.087652,0.0,0.0,0.0,6.9101324
0,128,129.0,10.0,1.0,1.0,110.0,1.0,1.0,1.0,0.98878974,1.0,-0.0,0.0,-6.535797e-05,-0.01114489,0.041814893,2.3460197,0.6573404,4.965086,0.9623141,5.668693,0.0,4.0180025,-2.6279464,0.6666667,25.642973,0.0,0.0,0.0,1.0,0.0,0,7.006313,0.0,2.694658,0.0,7.310331,6.0959826,0.0,0.0,0.0,9.215405
1,128,129.0,10.0,1.0,1.0,110.0,1.0,1.0,1.0,0.980598,1.0,-0.0,0.0,-3.0407147e-05,-0.019371647,0.61085373,2.2465405,0.45817262,2.9139307,0.89174706,6.162298,0.0,3.9234602,1.8258458,0.6064815,24.329107,0.0,0.0,0.0,1.0,0.0,0,10.112277,0.0,5.819611,0.0,7.7901535,6.1686335,0.0,0.0,0.0,6.8589926
2,128,129.0,10.0,1.0,1.0,110.0,1.0,1.0,1.0,0.9913403,1.0,-0.0,0.0,-3.9486258e-05,-0.008620289,0.62741566,2.1641314,0.5727162,3.1687353,0.908601,5.5172167,0.0,3.8324676,1.6503837,0.6018519,24.304583,0.0,0.0,0.0,1.0,0.0,0,10.526311,0.0,5.0493126,0.0,11.656502,6.172992,0.0,0.0,0.0,6.588395
3,128,129.0,10.0,1.0,1.0,110.0,1.0,1.0,1.0,0.99997544,1.0,-0.0,0.0,-2.4584817e-05,-0.0,0.54384583,2.227159,0.5324488,3.8755043,0.86435044,4.876143,1.0,3.6677833,0.96063316,0.625,24.121384,0.0,0.0,0.0,1.0,0.0,0,11.080142,0.0,4.466885,0.0,9.729679,7.8729434,0.0,0.0,0.0,8.305188
0,129,130.0,10.0,1.0,1.0,111.0,1.0,1.0,1.0,0.9602849,1.0,-0.0,0.0,-4.9574923e-05,-0.039665535,0.36905855,3.0313544,0.6819615,5.963268,0.96205586,6.416663,0.0,4.0862427,0.77048874,0.6666667,26.27615,0.0,0.0,0.0,1.0,0.0,0,6.5087237,0.0,2.5649993,0.0,7.390982,7.146573,0.0,0.0,0.0,8.480302
1,129,130.0,10.0,1.0,1.0,111.0,1.0,1.0,1.0,0.9766721,1.0,-0.0,0.0,-2.64747e-05,-0.023301447,0.49658978,2.695211,0.4636252,3.738976,0.8792137,6.398086,0.0,2.9968274,0.89525056,0.6064815,24.67713,0.0,0.0,0.0,1.0,0.0,0,5.6252775,0.0,4.316886,0.0,6.5789804,6.6653123,0.0,0.0,0.0,7.905204
2,129,130.0,10.0,1.0,1.0,111.0,1.0,1.0,1.0,0.99247944,1.0,-0.0,0.0,-3.790618e-05,-0.007482664,0.49672425,2.6676898,0.5809413,3.9811227,0.86795104,5.4489594,0.0,2.9679468,0.55900586,0.6018519,24.698648,0.0,0.0,0.0,1.0,0.0,0,6.6486187,0.0,4.715314,0.0,7.820178,6.3460183,0.0,0.0,0.0,6.3932467
3,129,130.0,10.0,1.0,1.0,111.0,1.0,1.0,1.0,0.9993783,1.0,-0.0,0.0,-2.9243725e-05,-0.0005924264,0.44736713,2.604003,0.5049649,4.125398,0.8490455,5.0355453,0.0,3.158643,-0.01590699,0.625,24.374828,0.0,0.0,0.0,1.0,0.0,0,5.766282,0.0,2.1341972,0.0,6.9925923,6.3279753,0.0,0.0,0.0,7.292392
0,130,131.0,10.0,1.0,1.0,112.0,1.0,1.0,1.0,0.95708007,1.0,-0.0,0.0,-4.1296913e-05,-0.042878605,0.080394186,2.4564166,0.64151615,5.6298842,1.0200782,6.942831,0.0,4.6608973,-2.6453593,0.6712963,27.02057,0.0,0.0,0.0,1.0,0.0,0,7.809337,0.0,3.9392018,0.0,6.0819254,6.966167,0.0,0.0,0.0,9.286447
1,130,131.0,10.0,1.0,1.0,112.0,1.0,1.0,1.0,0.9782414,1.0,-0.0,0.0,-2.5149848e-05,-0.021733476,0.5975079,2.3121514,0.42842594,2.9195664,0.8897303,6.304008,0.0,4.090122,1.5669689,0.6064815,25.197367,0.0,0.0,0.0,1.0,0.0,0,9.713116,0.0,5.433953,0.0,7.5813994,5.957262,0.0,0.0,0.0,6.730594
2,130,131.0,10.0,1.0,1.0,112.0,1.0,1.0,1.0,0.9879423,1.0,-0.0,0.0,-3.065439e-05,-0.012027088,0.60344374,2.2536902,0.54416835,3.2308724,0.9086831,5.721625,0.0,3.9357195,1.3213288,0.6018519,25.242546,0.0,0.0,0.0,1.0,0.0,0,10.800026,0.0,5.6580877,0.0,11.801224,6.9057107,0.0,0.0,0.0,7.0637574
3,130,131.0,10.0,1.0,1.0,112.0,1.0,1.0,1.0,0.9987932,1.0,-0.0,0.0,-2.5614396e-05,-0.0011811887,0.5029913,2.3352125,0.49363333,3.9879992,0.858618,5.070871,0.0,3.553579,0.7247534,0.625,24.783195,0.0,0.0,0.0,1.0,0.0,0,9.33,0.0,3.529682,0.0,8.690427,6.556811,0.0,0.0,0.0,7.6900015
0,131,132.0,10.0,1.0,1.0,113.0,1.0,1.0,1.0,0.95759517,1.0,-0.0,0.0,-3.3661534e-05,-0.04237116,0.38887262,2.920267,0.6339339,5.363949,1.0182245,7.17832,0.0,4.331692,0.8985596,0.6712963,27.40337,0.0,0.0,0.0,1.0,0.0,0,6.00988,0.0,2.3359416,0.0,4.427071,7.609581,0.0,0.0,0.35511264,9.485602
1,131,132.0,10.0,1.0,1.0,113.0,1.0,1.0,1.0,0.97382826,1.0,-0.0,0.0,-2.17961e-05,-0.026149906,0.5599294,2.6954825,0.43259537,3.2337787,0.8747021,6.568994,0.0,3.4451463,1.0344963,0.6064815,25.468613,0.0,0.0,0.0,1.0,0.0,0,5.4354415,0.0,3.7109764,0.0,6.4796534,6.042329,0.0,0.0,0.0,7.0063972
2,131,132.0,10.0,1.0,1.0,113.0,1.0,1.0,1.0,0.9860551,1.0,-0.0,0.0,-2.7456888e-05,-0.013917442,0.59823245,2.5864675,0.5445969,3.3714874,0.8882246,5.8350463,0.0,3.6376035,1.1887476,0.6018519,25.45057,0.0,0.0,0.0,1.0,0.0,0,6.6236024,0.0,5.908163,0.0,8.236647,6.758151,0.0,0.0,0.0,6.627496
3,131,132.0,10.0,1.0,1.0,113.0,1.0,1.0,1.0,0.99654853,1.0,-0.0,0.0,-2.5284284e-05,-0.0034262007,0.48755074,2.5149279,0.49535733,3.9625955,0.84823,5.2055717,0.0,3.5651307,0.53960925,0.625,24.859114,0.0,0.0,0.0,1.0,0.0,0,2.910567,0.0,3.2554824,0.0,4.633186,7.6438413,0.0,0.0,0.0,7.24766
0,132,133.0,10.0,1.0,1.0,114.0,1.0,1.0,1.0,0.957431,1.0,-0.0,0.0,-2.9840738e-05,-0.042539127,0.13884586,2.4991655,0.63057554,5.310698,1.0393565,7.2416487,0.0,4.4626484,-2.219418,0.6712963,27.954617,0.0,0.0,0.0,1.0,0.0,0,6.9771233,0.0,2.0015714,0.0,5.457617,7.0343018,0.0,0.0,0.21836178,9.801338
1,132,133.0,10.0,1.0,1.0,114.0,1.0,1.0,1.0,0.97509736,1.0,-0.0,0.0,-2.576244e-05,-0.024876865,0.5278859,2.3458536,0.40574712,3.0614362,0.8877685,6.4926114,0.0,4.0029626,1.0697497,0.6064815,25.950935,0.0,0.0,0.0,1.0,0.0,0,9.025342,0.0,5.8729863,0.0,7.50082,6.2252,0.0,0.0,0.0,7.1827164
2,132,133.0,10.0,1.0,1.0,114.0,1.0,1.0,1.0,0.9850418,1.0,-0.0,0.0,-2.3935194e-05,-0.014934223,0.6084151,2.2505543,0.54238117,3.2294188,0.90779734,5.896053,0.0,4.09108,1.1327164,0.6018519,25.911062,0.0,0.0,0.0,1.0,0.0,0,9.212059,0.0,6.2117624,0.0,11.851052,7.4078355,0.0,0.0,0.0,7.445085
3,132,133.0,10.0,1.0,1.0,114.0,1.0,1.0,1.0,0.99561006,1.0,-0.0,0.0,-2.1270616e-05,-0.004368646,0.6419763,2.1833334,0.54878557,3.7822733,0.8564992,5.2621183,0.0,4.2489753,1.085179,0.625,25.320307,0.0,0.0,0.0,1.0,0.0,0,2.8614898,0.0,4.354288,0.0,7.631218,7.994171,0.0,0.0,0.0,7.9978843
0,133,134.0,10.0,1.0,1.0,115.0,1.0,1.0,1.0,0.95655566,1.0,-0.0,0.0,-2.2160515e-05,-0.043422144,0.32683462,2.9210572,0.6272356,5.1755543,1.026969,7.4297733,0.0,4.16678,-0.5013663,0.6712963,28.294235,0.0,0.0,0.0,1.0,0.0,0,5.632856,0.0,2.1634376,0.0,4.085105,6.5928817,0.0,0.0,0.16764154,9.281456
1,133,134.0,10.0,1.0,1.0,115.0,1.0,1.0,1.0,0.971743,1.0,-0.0,0.0,-2.285363e-05,-0.028234202,0.5605757,2.6834047,0.411089,3.0501652,0.867921,6.6940517,0.0,3.6677833,1.1530555,0.6064815,26.179218,0.0,0.0,0.0,1.0,0.0,0,6.709888,0.0,4.3468156,0.0,6.8895545,5.695459,0.0,0.0,0.0,7.0064564
2,133,134.0,10.0,1.0,1.0,115.0,1.0,1.0,1.0,0.9815645,1.0,-0.0,0.0,-2.7770999e-05,-0.01840773,0.5587298,2.5650012,0.5473755,3.54024,0.8919413,6.104463,0.0,3.774238,1.0469314,0.6018519,26.111927,0.0,0.0,0.0,1.0,0.0,0,6.415727,0.0,5.5511994,0.0,8.787225,6.698815,0.0,0.0,0.0,6.9242606
3,133,134.0,10.0,1.0,1.0,115.0,1.0,1.0,1.0,0.9935125,1.0,-0.0,0.0,-3.5684316e-05,-0.0064518037,0.60861224,2.3762171,0.5515656,3.794259,0.84710836,5.387108,0.0,4.155108,1.0973383,0.625,25.411633,0.0,0.0,0.0,1.0,0.0,0,0.0,0.0,3.987433,0.0,6.5009127,7.651902,0.0,0.0,0.0,7.6721005
0,134,135.0,10.0,1.0,1.0,116.0,1.0,1.0,1.0,0.955328,1.0,-0.0,0.0,-2.4998391e-05,-0.044647012,0.22112466,2.4458454,0.6084059,4.7343955,1.0423462,7.67882,0.0,4.359546,-1.5125321,0.6712963,28.907923,0.0,0.0,0.0,1.0,0.0,0,7.3334246,0.0,2.304696,0.0,3.567699,6.747546,0.0,0.0,0.15298483,9.573869
1,134,135.0,10.0,1.0,1.0,116.0,1.0,1.0,1.0,0.97145003,1.0,-0.0,0.0,-2.5610107e-05,-0.028524343,0.5720716,2.2715514,0.40848866,2.793515,0.87819415,6.71146,0.0,4.4240775,1.4751526,0.6064815,26.715511,0.0,0.0,0.0,1.0,0.0,0,8.986976,0.0,6.3201833,0.0,8.560782,6.2847676,0.0,0.0,0.0,7.3783193
2,134,135.0,10.0,1.0,1.0,116.0,1.0,1.0,1.0,0.9818347,1.0,-0.0,0.0,-2.3035804e-05,-0.018142285,0.5224887,2.328574,0.53548694,3.6576955,0.90068716,6.0885367,0.0,3.8343067,0.50430745,0.6018519,26.455032,0.0,0.0,0.0,1.0,0.0,0,9.313057,0.0,6.517129,0.0,10.6128645,7.096503,0.0,0.0,0.0,7.4965534
3,134,135.0,10.0,1.0,1.0,116.0,1.0,1.0,1.0,0.99209946,1.0,-0.0,0.0,-4.029558e-05,-0.007860267,0.5757317,2.2551723,0.5262491,3.8291724,0.84643763,5.471616,0.0,4.017954,0.7879343,0.625,25.674686,0.0,0.0,0.0,1.0,0.0,0,0.0,0.0,3.2032473,0.0,7.158319,7.6215496,0.0,0.0,0.0,8.028183
0,135,136.0,10.0,1.0,1.0,117.0,1.0,1.0,1.0,0.95327705,1.0,-0.0,0.0,-2.1742224e-05,-0.04670122,0.4228145,2.7904532,0.60036045,4.407784,1.0304517,7.8020725,0.0,4.1455283,0.20744279,0.6712963,29.197762,0.0,0.0,0.0,1.0,0.0,0,5.5067368,0.0,2.0844526,0.0,2.5238886,6.5423784,0.0,0.0,0.15105501,9.775652
1,135,136.0,10.0,1.0,1.0,117.0,1.0,1.0,1.0,0.967893,1.0,-0.0,0.0,-2.389169e-05,-0.032083098,0.5614221,2.6412194,0.40219718,2.9422674,0.8587457,6.9249854,0.0,3.9277508,1.1140667,0.6064815,27.00307,0.0,0.0,0.0,1.0,0.0,0,5.799508,0.0,4.593837,0.0,6.744122,5.6038103,0.0,0.0,0.0,7.082074
2,135,136.0,10.0,1.0,1.0,117.0,1.0,1.0,1.0,0.97892153,1.0,-0.0,0.0,-2.4205267e-05,-0.021054292,0.5387031,2.492797,0.53994703,3.563821,0.88682634,6.263257,0.0,3.9596786,0.6577661,0.6018519,26.533005,0.0,0.0,0.0,1.0,0.0,0,4.488488,0.0,5.4744477,0.0,7.390072,6.6133523,0.0,0.0,0.0,7.0685215
3,135,136.0,10.0,1.0,1.0,117.0,1.0,1.0,1.0,0.99087477,1.0,-0.0,0.0,-3.308887e-05,-0.009092142,0.56002665,2.281299,0.5981849,4.177257,0.83608913,5.545528,0.0,4.3816385,0.80518705,0.625,25.74411,0.0,0.0,0.0,1.0,0.0,0,3.1598392,0.0,4.014332,0.0,7.6578674,7.4388185,0.0,0.0,0.0,7.640969
0,136,137.0,10.0,1.0,1.0,118.0,1.0,1.0,1.0,0.95209813,1.0,-0.0,0.0,-2.7973305e-05,-0.047873907,0.29345974,2.696617,0.6007804,4.203785,1.0284256,7.8724337,0.0,4.2220635,-1.0922029,0.6712963,29.403135,0.0,0.0,0.0,1.0,0.0,0,5.282147,0.0,2.115113,0.0,3.2579572,6.6088824,0.0,0.0,0.25629428,9.166838
1,136,137.0,10.0,1.0,1.0,118.0,1.0,1.0,1.0,0.9668719,1.0,-0.0,0.0,-2.221396e-05,-0.033105835,0.52005833,2.6250722,0.38700816,3.060669,0.861624,6.9863496,0.0,4.210823,0.95717704,0.6064815,27.117847,0.0,0.0,0.0,1.0,0.0,0,7.482939,0.0,5.8810606,0.0,8.606179,6.531922,0.0,0.0,0.08712593,7.8186183
2,136,137.0,10.0,1.0,1.0,118.0,1.0,1.0,1.0,0.97779006,1.0,-0.0,0.0,-2.1970662e-05,-0.022187961,0.61305726,2.5667574,0.5139935,3.1456776,0.8824371,6.3312774,0.0,4.159018,1.0165442,0.6018519,26.552624,0.0,0.0,0.0,1.0,0.0,0,4.019982,0.0,5.6609077,0.0,9.905908,7.434071,0.0,0.0,0.0,7.426275
3,136,137.0,10.0,1.0,1.0,118.0,1.0,1.0,1.0,0.98976094,1.0,-0.0,0.0,-3.1201074e-05,-0.010207889,0.56409276,2.583157,0.51266485,3.9272733,0.8259844,5.612473,0.0,3.992333,0.65510345,0.625,25.97775,0.0,0.0,0.0,1.0,0.0,0,3.054269,0.0,4.35893,0.0,7.5922403,7.5826283,0.0,0.0,0.0,7.7072906
0,137,138.0,10.0,1.0,1.0,119.0,1.0,1.0,1.0,0.9511724,1.0,-0.0,0.0,-1.8411225e-05,-0.048809186,0.44177473,2.6164258,0.59170735,3.9308596,1.0149907,7.9285507,0.0,4.3496513,0.07352792,0.6712963,29.56612,0.0,0.0,0.0,1.0,0.0,0,5.4241347,0.0,2.0550082,0.0,1.7531574,6.2866144,0.0,0.0,0.2630167,9.853549
1,137,138.0,10.0,1.0,1.0,119.0,1.0,1.0,1.0,0.9644136,1.0,-0.0,0.0,-2.1612097e-05,-0.035564773,0.5560249,2.5997212,0.376496,3.1869633,0.8505273,7.133886,0.0,4.2397003,1.0955688,0.6064815,27.244768,0.0,0.0,0.0,1.0,0.0,0,6.649342,0.0,4.5612473,0.0,7.2106013,5.8516784,0.0,0.0,0.0,7.457858
2,137,138.0,10.0,1.0,1.0,119.0,1.0,1.0,1.0,0.97689253,1.0,-0.0,0.0,-2.8630739e-05,-0.023078868,0.6103817,2.3186,0.5265849,3.3647473,0.88037217,6.384732,0.0,4.5480347,1.2477468,0.6018519,26.873728,0.0,0.0,0.0,1.0,0.0,0,0.0,0.0,5.307394,0.0,8.077703,7.275568,0.0,0.0,0.0,7.715008
3,137,138.0,10.0,1.0,1.0,119.0,1.0,1.0,1.0,0.9883063,1.0,-0.0,0.0,-3.6843776e-05,-0.011656878,0.552487,2.2062101,0.5258998,4.0943494,0.8291367,5.6994123,0.0,4.5525975,0.8361563,0.625,26.448977,0.0,0.0,0.0,1.0,0.0,0,3.956329,0.0,3.537444,0.0,7.8421216,7.2277174,0.0,0.0,0.0,7.730368
0,138,139.0,10.0,1.0,1.0,120.0,1.0,1.0,1.0,0.95064795,1.0,-0.0,0.0,-2.0237678e-05,-0.049331766,0.3409125,2.6409273,0.58939064,3.9352384,1.003279,7.9599056,0.0,4.6899323,-0.5583558,0.6712963,29.64569,0.0,0.0,0.0,1.0,0.0,0,4.3333464,0.0,1.8552377,0.0,2.373675,5.7870226,0.0,0.0,0.21606924,9.207929
1,138,139.0,10.0,1.0,1.0,120.0,1.0,1.0,1.0,0.9627224,1.0,-0.0,0.0,-1.2285862e-05,-0.03726527,0.4941005,2.6940837,0.3829603,3.667954,0.8445167,7.2359157,0.0,4.6075115,0.9296285,0.6064815,27.278372,0.0,0.0,0.0,1.0,0.0,0,6.3256416,0.0,5.0125656,0.0,8.322422,6.259605,0.0,0.0,0.086107574,7.7617197
2,138,139.0,10.0,1.0,1.0,120.0,1.0,1.0,1.0,0.9738112,1.0,-0.0,0.0,-3.6873374e-05,-0.02615189,0.6322659,2.6531098,0.5299717,3.739185,0.86307985,6.569113,0.0,4.5290017,1.3934029,0.6018519,27.207926,0.0,0.0,0.0,1.0,0.0,0,0.0,0.0,4.8848476,0.0,8.102179,7.359231,0.0,0.0,0.0,7.559347
3,138,139.0,10.0,1.0,1.0,120.0,1.0,1.0,1.0,0.98631287,1.0,-0.0,0.0,-3.8435304e-05,-0.013648681,0.56541,2.650367,0.48281872,4.386419,0.81724393,5.8189206,0.0,4.4664655,0.8202679,0.625,26.886272,0.0,0.0,0.0,1.0,0.0,0,2.7253387,0.0,3.5130572,0.0,6.7591467,7.4632926,0.0,0.0,0.0,7.749141
0,139,140.0,10.0,1.0,1.0,121.0,1.0,1.0,1.0,0.94978505,1.0,-0.0,0.0,-1.677234e-05,-0.050198205,0.47709197,2.7327278,0.5824833,3.8164763,0.99242145,8.011891,0.0,5.07937,0.48923212,0.6712963,29.687904,0.0,0.0,0.0,1.0,0.0,0,5.064141,0.0,1.9890795,0.0,0.4462145,5.799767,0.0,0.0,0.27944514,9.844747
1,139,140.0,10.0,1.0,1.0,121.0,1.0,1.0,1.0,0.9612003,1.0,-0.0,0.0,-1.7817914e-05,-0.0387819,0.5377162,2.7358701,0.3514892,3.5697467,0.83500445,7.3269134,0.0,5.0549335,1.211172,0.6064815,27.33171,0.0,0.0,0.0,1.0,0.0,0,6.1181235,0.0,4.4646792,0.0,7.1585355,6.041538,0.0,0.0,0.049434748,7.682204
2,139,140.0,10.0,1.0,1.0,121.0,1.0,1.0,1.0,0.973685,1.0,-0.0,0.0,-4.391224e-05,-0.026271041,0.6070945,2.396554,0.527959,3.994864,0.8641407,6.576262,0.0,5.4761834,1.544429,0.6018519,27.585108,0.0,0.0,0.0,1.0,0.0,0,0.0,0.0,4.836312,0.0,6.7414036,8.019847,0.0,0.0,0.0,8.066584
3,139,140.0,10.0,1.0,1.0,121.0,1.0,1.0,1.0,0.9859474,1.0,-0.0,0.0,-5.0260252e-05,-0.014002393,0.5196147,2.3751118,0.48554707,4.686362,0.8154942,5.840143,0.0,5.2328167,0.89833045,0.625,27.315298,0.0,0.0,0.0,1.0,0.0,0,4.6798596,0.0,4.4586477,0.0,7.554473,7.545529,0.0,0.0,0.0,8.026531
0,140,141.0,10.0,1.0,1.0,122.0,1.0,1.0,1.0,0.9486811,1.0,-0.0,0.0,-2.3648425e-05,-0.051295247,0.40722266,2.6889303,0.5907559,3.93842,0.9878122,8.077714,0.0,5.474322,0.13960712,0.6712963,29.810186,0.0,0.0,0.0,1.0,0.0,0,4.4584374,0.0,1.6488483,0.0,1.3598429,6.078211,0.0,0.0,0.21105915,9.83342
1,140,141.0,10.0,1.0,1.0,122.0,1.0,1.0,1.0,0.9597307,1.0,-0.0,0.0,-1.2287467e-05,-0.040257063,0.5454384,2.7979734,0.33630714,3.8053842,0.82697475,7.4154234,0.0,5.469953,1.3965694,0.6064815,27.3534,0.0,0.0,0.0,1.0,0.0,0,6.3722243,0.0,4.4710746,0.0,6.5530815,6.1285725,0.0,0.0,0.07340176,7.7218447
2,140,141.0,10.0,1.0,1.0,122.0,1.0,1.0,1.0,0.970731,1.0,-0.0,0.0,-5.2486266e-05,-0.029216483,0.7035799,2.7227867,0.51262367,4.0636425,0.83756673,6.7529883,0.0,5.4642177,2.0332766,0.6018519,27.921177,0.0,0.0,0.0,1.0,0.0,0,2.2565591,0.0,4.211614,0.0,7.935214,6.454639,0.0,0.0,0.0,6.6811023
3,140,141.0,10.0,1.0,1.0,122.0,1.0,1.0,1.0,0.9839355,1.0,-0.0,0.0,-4.0693885e-05,-0.016023837,0.5731188,2.7656207,0.45017856,4.944385,0.80095947,5.9614296,0.0,5.2468023,1.1687875,0.625,27.712223,0.0,0.0,0.0,1.0,0.0,0,4.278401,0.0,3.3988159,0.0,6.689062,7.1378565,0.0,0.0,0.0,7.543077
0,141,142.0,10.0,1.0,1.0,123.0,1.0,1.0,1.0,0.94737244,1.0,-0.0,0.0,-1.503619e-05,-0.05261252,0.53275,2.4305604,0.58779335,3.9020767,0.9868852,8.156751,0.0,5.7523084,1.4297236,0.6712963,30.196186,0.0,0.0,0.0,1.0,0.0,0,4.824067,0.0,1.9508336,0.0,0.04263858,6.162878,0.0,0.0,0.24834888,9.800684
1,141,142.0,10.0,1.0,1.0,123.0,1.0,1.0,1.0,0.95816797,1.0,-0.0,0.0,-1.4546329e-05,-0.04181748,0.46623385,2.4613447,0.33630714,4.1278644,0.8224164,7.509048,0.0,5.621484,0.864801,0.6064815,27.85619,0.0,0.0,0.0,1.0,0.0,0,4.8539133,0.0,3.3471222,0.0,7.374645,5.4509478,0.0,0.0,0.007364353,7.1747174
2,141,142.0,10.0,1.0,1.0,123.0,1.0,1.0,1.0,0.9690276,1.0,-0.0,0.0,-5.628048e-05,-0.030916132,0.46825334,2.1157591,0.49399793,4.6866956,0.8269428,6.8549676,0.0,5.7139163,0.57562625,0.6018519,28.780497,0.0,0.0,0.0,1.0,0.0,0,3.6543376,0.0,5.5180883,0.0,7.490166,5.97676,0.0,0.0,0.0,6.4216595
3,141,142.0,10.0,1.0,1.0,123.0,1.0,1.0,1.0,0.9794431,1.0,-0.0,0.0,-4.953014e-05,-0.020507395,0.41791275,2.1154914,0.4305236,5.249605,0.7912728,5.980838,0.0,5.72204,0.15708897,0.6296296,28.620872,0.0,0.0,0.0,1.0,0.0,0,4.737816,0.0,4.060969,0.0,6.0964866,6.642648,0.0,0.0,0.0,7.338436
0,142,143.0,10.0,1.0,1.0,124.0,1.0,1.0,1.0,0.94789255,1.0,-0.0,0.0,-2.8961535e-05,-0.052078456,0.40019453,2.5597925,0.5927602,3.8459,0.9789429,8.124707,0.0,5.831261,0.13055839,0.6712963,30.282057,0.0,0.0,0.0,1.0,0.0,0,4.3197584,0.0,2.0006042,0.0,0.0,5.8299785,0.0,0.0,0.27714226,9.332165
1,142,143.0,10.0,1.0,1.0,124.0,1.0,1.0,1.0,0.9576293,1.0,-0.0,0.0,-1.1988803e-05,-0.0423587,0.5057938,2.7699478,0.34476823,4.26755,0.8063227,7.5415215,0.0,5.638124,1.2243446,0.6064815,28.178236,0.0,0.0,0.0,1.0,0.0,0,5.9614024,0.0,3.881624,0.0,6.108503,5.561374,0.0,0.0,0.02840498,7.4668736
2,142,143.0,10.0,1.0,1.0,124.0,1.0,1.0,1.0,0.9656147,1.0,-0.0,0.0,-5.2863277e-05,-0.034332473,0.5826291,2.690705,0.5133538,4.95119,0.7989327,7.059948,0.0,5.3345423,1.2104539,0.6018519,29.400822,0.0,0.0,0.0,1.0,0.0,0,3.8035982,0.0,3.172289,0.0,7.579893,6.0829964,0.0,0.0,0.0,6.4054914
3,142,143.0,10.0,1.0,1.0,124.0,1.0,1.0,1.0,0.9787369,1.0,-0.0,0.0,-5.1817235e-05,-0.021211337,0.57014227,2.7085495,0.4189299,5.213537,0.7768203,6.059142,0.0,5.376838,1.2282404,0.6296296,29.274296,0.0,0.0,0.0,1.0,0.0,0,4.847297,0.0,2.1960292,0.0,6.279068,7.144891,0.0,0.0,0.0,7.7045426
0,143,144.0,10.0,1.0,1.0,125.0,1.0,1.0,1.0,0.9476626,1.0,-0.0,0.0,-2.133824e-05,-0.05231609,0.5599964,2.598292,0.5930904,3.6126883,0.9720183,8.138965,0.0,5.3121624,1.2400737,0.6712963,30.482813,0.0,0.0,0.0,1.0,0.0,0,5.5061383,0.0,2.0821078,0.0,2.685656,6.2665834,0.0,0.0,0.32325062,10.867735
1,143,144.0,10.0,1.0,1.0,125.0,1.0,1.0,1.0,0.95584035,1.0,-0.0,0.0,-2.5395408e-05,-0.044134263,0.45213515,2.5768003,0.35424197,4.8518376,0.8047465,7.648055,0.0,5.712476,0.31093973,0.6064815,28.44964,0.0,0.0,0.0,1.0,0.0,0,7.5598893,0.0,4.560991,0.0,7.691673,5.8756704,0.0,0.0,0.049032345,7.7170763
2,143,144.0,10.0,1.0,1.0,125.0,1.0,1.0,1.0,0.9574032,1.0,-0.0,0.0,-5.395383e-05,-0.042542845,0.4513964,2.324116,0.53529537,5.449821,0.7880408,7.102749,0.0,5.5832133,0.118600205,0.6018519,29.827425,0.0,0.0,0.0,1.0,0.0,0,5.132829,0.0,4.391486,0.0,8.253862,5.7111287,0.0,0.0,0.0,5.9547462
3,143,144.0,10.0,1.0,1.0,125.0,1.0,1.0,1.0,0.972931,1.0,-0.0,0.0,-5.7052934e-05,-0.02701196,0.41575953,2.3436868,0.43401238,5.547504,0.7624087,6.0732126,0.0,5.5074778,-0.09793136,0.6296296,29.700947,0.0,0.0,0.0,1.0,0.0,0,3.811582,0.0,1.8234289,0.0,7.2886205,6.113674,0.0,0.0,0.0,6.9922504
0,144,145.0,10.0,1.0,1.0,126.0,1.0,1.0,1.0,0.94791985,1.0,-0.0,0.0,-3.8666454e-05,-0.0520415,0.42621866,2.2850032,0.5901502,3.331783,0.9665201,8.12249,0.0,5.199987,0.20088163,0.6712963,31.295124,0.0,0.0,0.0,1.0,0.0,0,4.44405,0.0,1.5522646,0.0,0.76359123,5.9333496,0.0,0.0,0.17704317,10.513877
1,144,145.0,10.0,1.0,1.0,126.0,1.0,1.0,1.0,0.95405453,1.0,-0.0,0.0,-1.6203558e-05,-0.04592924,0.4360404,2.4883366,0.37767875,4.8721275,0.7853209,7.7557535,0.0,5.3627887,0.11995528,0.6064815,28.840902,0.0,0.0,0.0,1.0,0.0,0,5.4139,0.0,2.2388415,0.0,6.084768,5.310589,0.0,0.0,0.0,7.5576515
2,144,145.0,10.0,1.0,1.0,126.0,1.0,1.0,1.0,0.9533085,1.0,-0.0,0.0,-3.5227415e-05,-0.046656266,0.4904974,2.3808546,0.52328587,5.3972726,0.75581765,7.4021025,0.0,5.019695,0.20836386,0.6064815,30.118011,0.0,0.0,0.0,1.0,0.0,0,2.5295548,0.0,3.0248291,0.0,6.1842327,5.3768654,0.0,0.0,0.0,5.7781005
3,144,145.0,10.0,1.0,1.0,126.0,1.0,1.0,1.0,0.9767269,1.0,-0.0,0.0,-3.6224123e-05,-0.0232369,0.59221834,2.3828995,0.41260785,5.272969,0.7476586,6.1212444,0.0,5.0765147,1.4881594,0.6296296,29.977816,0.0,0.0,0.0,1.0,0.0,0,3.936841,0.0,1.9913636,0.0,5.240068,6.522848,0.0,0.0,0.0,7.4740314
0,145,146.0,10.0,1.0,1.0,127.0,1.0,1.0,1.0,0.94672,1.0,-0.0,0.0,-4.150059e-05,-0.053238507,0.5521774,2.7665586,0.5900267,3.1501534,0.9652219,8.19431,0.0,4.6700506,1.3018372,0.6712963,31.867445,0.0,0.0,0.0,1.0,0.0,0,5.62473,0.0,2.3226097,0.0,1.6718482,6.081337,0.0,0.0,0.47554064,10.587927
1,145,146.0,10.0,1.0,1.0,127.0,1.0,1.0,1.0,0.9541144,1.0,-0.0,0.0,-2.0403328e-05,-0.04586526,0.43525285,2.5478542,0.34664795,4.508234,0.77838886,7.751915,0.0,5.5493784,0.2289815,0.6064815,28.85799,0.0,0.0,0.0,1.0,0.0,0,5.4051065,0.0,2.9061508,0.0,6.8229046,5.110962,0.0,0.0,0.0,7.2087564
2,145,146.0,10.0,1.0,1.0,127.0,1.0,1.0,1.0,0.96147776,1.0,-0.0,0.0,-4.1811512e-05,-0.03848043,0.510915,2.3042257,0.46917754,4.677332,0.75587785,7.3088255,0.0,5.2164655,0.51662046,0.6064815,30.338991,0.0,0.0,0.0,1.0,0.0,0,5.7996354,0.0,3.839299,0.0,8.659191,5.688053,0.0,0.0,0.0,5.91041
3,145,146.0,10.0,1.0,1.0,127.0,1.0,1.0,1.0,0.9810224,1.0,-0.0,0.0,-4.6427165e-05,-0.018931128,0.41547382,2.3013756,0.39844164,5.0640726,0.73883826,6.071794,0.0,5.286982,-0.16352254,0.6296296,30.200207,0.0,0.0,0.0,1.0,0.0,0,6.1409364,0.0,2.1734009,0.0,5.683235,6.541536,0.0,0.0,0.0,7.6030464
0,146,147.0,10.0,1.0,1.0,128.0,1.0,1.0,1.0,0.94611645,1.0,-0.0,0.0,-4.4126413e-05,-0.05383945,0.38936996,2.4416113,0.5871105,2.881515,0.9603195,8.230367,0.0,4.4606295,0.060983934,0.6712963,32.656567,0.0,0.0,0.0,1.0,0.0,0,4.7503414,0.0,1.7833915,0.0,1.8623507,5.199628,0.0,0.0,0.15810277,8.979549
1,146,147.0,10.0,1.0,1.0,128.0,1.0,1.0,1.0,0.9531032,1.0,-0.0,0.0,-2.1719527e-05,-0.04687512,0.51100665,2.4424226,0.34303075,4.2794576,0.7618852,7.8125067,0.0,5.2761493,0.9454656,0.6064815,29.21153,0.0,0.0,0.0,1.0,0.0,0,1.377314,0.0,2.1986105,0.0,5.2813187,5.1227827,0.0,0.0,0.0,7.5541425
2,146,147.0,10.0,1.0,1.0,128.0,1.0,1.0,1.0,0.9570911,1.0,-0.0,0.0,-3.0267236e-05,-0.042878646,0.5468674,2.341717,0.4792193,4.55574,0.73054504,7.572718,0.0,4.745985,0.5577048,0.6064815,30.544271,0.0,0.0,0.0,1.0,0.0,0,4.7805796,0.0,2.2494733,0.0,6.4613104,5.6469054,0.0,0.0,0.0,7.046763
3,146,147.0,10.0,1.0,1.0,128.0,1.0,1.0,1.0,0.98150563,1.0,-0.0,0.0,-3.103207e-05,-0.018463302,0.5515229,2.3698606,0.39466944,4.948501,0.724432,6.1077976,0.0,4.9358225,1.0394073,0.6296296,30.391306,0.0,0.0,0.0,1.0,0.0,0,4.4556036,0.0,1.8969455,0.0,4.518337,6.3168344,0.0,0.0,0.0,7.341402
0,147,148.0,10.0,1.0,1.0,129.0,1.0,1.0,1.0,0.94521934,1.0,-0.0,0.0,-4.3124204e-05,-0.054737534,0.37715808,2.8328323,0.6072728,2.9292026,0.95260775,8.284251,0.0,3.8330803,-0.7905634,0.6712963,33.437874,0.0,0.0,0.0,1.0,0.0,0,5.3561096,0.0,1.9006141,0.0,5.5716105,5.181854,0.0,0.0,0.5892119,9.085618
1,147,148.0,10.0,1.0,1.0,129.0,1.0,1.0,1.0,0.9511552,1.0,-0.0,0.0,-1.5850248e-05,-0.048828937,0.3888678,2.4978359,0.3886561,4.719323,0.77084607,7.9297357,0.0,5.379644,-0.5746698,0.6064815,29.620747,0.0,0.0,0.0,1.0,0.0,0,0.0,0.0,2.9567416,0.0,4.0386343,4.7313466,0.0,0.0,0.0,7.1822643
2,147,148.0,10.0,1.0,1.0,129.0,1.0,1.0,1.0,0.9604811,1.0,-0.0,0.0,-2.8188984e-05,-0.03949069,0.4904065,2.282192,0.4571117,4.2710342,0.7340387,7.3694406,0.0,4.68776,0.010278076,0.6064815,30.746264,0.0,0.0,0.0,1.0,0.0,0,5.6130414,0.0,2.6443126,0.0,8.545236,5.423198,0.0,0.0,0.0,5.6332264
3,147,148.0,10.0,1.0,1.0,129.0,1.0,1.0,1.0,0.980842,1.0,-0.0,0.0,-3.4457167e-05,-0.019123554,0.36750957,2.31886,0.3895128,4.8106766,0.72950214,6.147413,0.0,4.75378,-0.9069191,0.6296296,30.614037,0.0,0.0,0.0,1.0,0.0,0,6.4839473,0.0,2.31806,0.0,6.165791,6.181643,0.0,0.0,0.0,7.6271167
0,148,149.0,10.0,1.0,1.0,130.0,1.0,1.0,1.0,0.9443534,1.0,-0.0,0.0,-4.6531557e-05,-0.055600073,0.30677056,2.3659437,0.5966882,2.396893,0.9439352,8.336004,0.0,3.7213118,-1.0636476,0.6712963,34.56302,0.0,0.0,0.0,1.0,0.0,0,5.0359464,0.0,1.953444,0.0,5.0252314,4.8558035,0.0,0.0,0.14194268,8.749993
1,148,149.0,10.0,1.0,1.0,130.0,1.0,1.0,1.0,0.94994134,1.0,-0.0,0.0,-2.0276271e-05,-0.05003842,0.45444554,2.3415213,0.3564127,4.147918,0.7539724,8.002305,0.0,4.5938873,-0.08198246,0.6064815,30.230322,0.0,0.0,0.0,1.0,0.0,0,1.4668856,0.0,2.3319159,0.0,3.6475964,4.8687673,0.0,0.0,0.0,7.254982
2,148,149.0,10.0,1.0,1.0,130.0,1.0,1.0,1.0,0.95259786,1.0,-0.0,0.0,-2.0006415e-05,-0.047382116,0.4949454,2.2136464,0.4647846,4.0319242,0.72724026,7.8429265,0.0,4.136212,-0.4875483,0.6064815,31.159262,0.0,0.0,0.0,1.0,0.0,0,2.8156247,0.0,2.6543717,0.0,7.880259,5.672168,0.0,0.0,0.0,6.0387106
3,148,149.0,10.0,1.0,1.0,130.0,1.0,1.0,1.0,0.98056954,1.0,-0.0,0.0,-2.7087459e-05,-0.019403407,0.51596874,2.2627747,0.39000654,4.469166,0.7152669,6.164204,0.0,4.29286,0.38294587,0.6296296,31.02871,0.0,0.0,0.0,1.0,0.0,0,4.752704,0.0,1.8103584,0.0,4.4948015,5.983248,0.0,0.0,0.0,7.321694
0,149,150.0,10.0,1.0,1.0,131.0,1.0,1.0,1.0,0.9434922,1.0,-0.0,0.0,-4.582863e-05,-0.05646197,0.4960552,2.7447643,0.6022728,2.2756085,0.9346626,8.387718,0.0,3.2482347,0.623147,0.6712963,34.92701,0.0,0.0,0.0,1.0,0.0,0,5.651454,0.0,2.53799,0.0,6.380971,4.7985888,0.0,0.0,0.51841664,9.006239
1,149,150.0,10.0,1.0,1.0,131.0,1.0,1.0,1.0,0.9493745,1.0,-0.0,0.0,-1.5649419e-05,-0.05060984,0.20099282,2.4405885,0.38288647,4.3426523,0.7416152,8.03659,0.0,4.2045393,-3.0097077,0.6111111,30.426233,0.0,0.0,0.0,1.0,0.0,0,1.188299,0.0,1.9845068,0.0,3.8969986,4.7234964,0.0,0.0,0.0,6.9102817
2,149,150.0,10.0,1.0,1.0,131.0,1.0,1.0,1.0,0.9540522,1.0,-0.0,0.0,-2.1929698e-05,-0.045925878,0.42465255,2.2069623,0.46654716,3.482725,0.7126116,7.7555523,0.0,3.9101114,-0.92991626,0.6064815,31.445253,0.0,0.0,0.0,1.0,0.0,0,4.403104,0.0,3.1402473,0.0,8.156575,5.56158,0.0,0.0,0.0,5.9244113
3,149,150.0,10.0,1.0,1.0,131.0,1.0,1.0,1.0,0.98034644,1.0,-0.0,0.0,-2.5982468e-05,-0.019627588,0.24455115,2.2443702,0.38069043,4.1886735,0.697561,6.1776547,0.0,4.060425,-2.2466872,0.6296296,31.345446,0.0,0.0,0.0,1.0,0.0,0,3.3214808,0.0,2.7496405,0.0,4.7876315,5.678051,0.0,0.0,0.0,6.8903546
0,150,151.0,10.0,1.0,1.0,132.0,1.0,1.0,1.0,0.94252527,1.0,-0.0,0.0,-4.7842033e-05,-0.057426862,0.13342015,2.362984,0.58834636,2.264575,0.9253187,8.445611,0.0,3.0654156,-3.7289402,0.6712963,35.393047,0.0,0.0,0.0,1.0,0.0,0,2.7550144,0.0,2.4324787,0.0,5.622306,4.418964,0.0,0.0,0.1327408,7.8129807
1,150,151.0,10.0,1.0,1.0,132.0,1.0,1.0,1.0,0.9484293,1.0,-0.0,0.0,-2.1916618e-05,-0.05154876,0.25561228,2.418724,0.3736421,4.06133,0.7432918,8.092925,0.0,3.5019076,-2.5927732,0.6111111,30.584076,0.0,0.0,0.0,1.0,0.0,0,3.1973069,0.0,2.1340432,0.0,5.385972,4.844273,0.0,0.0,0.0,7.029341
2,150,151.0,10.0,1.0,1.0,132.0,1.0,1.0,1.0,0.9532985,1.0,-0.0,0.0,-2.2075636e-05,-0.046679463,0.48607028,2.2328444,0.45088926,3.282312,0.7187992,7.800767,0.0,3.452583,-0.9505572,0.6064815,31.568066,0.0,0.0,0.0,1.0,0.0,0,4.7922564,0.0,3.0061724,0.0,8.446365,5.2904167,0.0,0.0,0.0,5.8340006
3,150,151.0,10.0,1.0,1.0,132.0,1.0,1.0,1.0,0.9811363,1.0,-0.0,0.0,-2.7095097e-05,-0.018836545,0.34706295,2.3203146,0.37289456,3.8049722,0.6908276,6.1301923,0.0,3.3053527,-1.8499968,0.6296296,31.537903,0.0,0.0,0.0,1.0,0.0,0,4.456393,0.0,2.3245232,0.0,4.5619087,5.561272,0.0,0.0,0.0,6.865489
0,151,152.0,10.0,1.0,1.0,133.0,1.0,1.0,1.0,0.9407493,1.0,-0.0,0.0,-4.17651e-05,-0.05920892,0.54030156,2.6645863,0.5864312,2.1696057,0.91944706,8.552534,0.0,2.9734159,0.83112437,0.6712963,35.633316,0.0,0.0,0.0,1.0,0.0,0,6.961687,0.0,2.8723183,0.0,6.4981813,4.6870193,0.0,0.0,0.4303939,8.831188
1,151,152.0,10.0,1.0,1.0,133.0,1.0,1.0,1.0,0.9475224,1.0,-0.0,0.0,-1.7216898e-05,-0.05246036,0.23995042,2.3497636,0.35761702,3.701098,0.7330248,8.147621,0.0,3.4988868,-2.735557,0.6111111,31.050194,0.0,0.0,0.0,1.0,0.0,0,3.7229118,0.0,2.0715199,0.0,4.177292,4.865703,0.0,0.0,0.0,7.9744062
2,151,152.0,10.0,1.0,1.0,133.0,1.0,1.0,1.0,0.94662565,1.0,-0.0,0.0,-2.916658e-05,-0.05334523,0.31523108,2.108622,0.4555731,3.0650136,0.71314883,8.200713,0.0,3.1482756,-2.616915,0.6064815,32.07204,0.0,0.0,0.0,1.0,0.0,0,2.8917923,0.0,2.9362407,0.0,8.706213,5.523952,0.0,0.0,0.0,5.9144855
3,151,152.0,10.0,1.0,1.0,133.0,1.0,1.0,1.0,0.980347,1.0,-0.0,0.0,-3.387287e-05,-0.019619143,0.23450628,2.1267927,0.36313897,3.512492,0.6733064,6.177148,0.0,3.3023303,-2.5382779,0.6296296,32.137333,0.0,0.0,0.0,1.0,0.0,0,4.509472,0.0,1.8313936,0.0,2.8481405,5.5810018,0.0,0.0,0.0,6.970133
0,152,153.0,10.0,1.0,1.0,134.0,1.0,1.0,1.0,0.9394062,1.0,-0.0,0.0,-4.3133794e-05,-0.060550638,0.06248448,2.3136709,0.58638567,2.2656116,0.9129947,8.633038,0.0,2.7688076,-4.3017983,0.6712963,36.19354,0.0,0.0,0.0,1.0,0.0,0,4.4412274,0.0,1.3869598,0.0,4.718815,4.538787,0.0,0.0,0.1324046,8.538192
1,152,153.0,10.0,1.0,1.0,134.0,1.0,1.0,1.0,0.94922036,1.0,-0.0,0.0,-2.2035141e-05,-0.050757583,0.19932464,2.348475,0.35465,3.6142051,0.73527086,8.045454,0.0,3.2079046,-3.1861625,0.6111111,31.201738,0.0,0.0,0.0,1.0,0.0,0,2.9342194,0.0,1.9488262,0.0,4.4414177,4.945802,0.0,0.0,0.0,7.4928594
2,152,153.0,10.0,1.0,1.0,134.0,1.0,1.0,1.0,0.94603544,1.0,-0.0,0.0,-3.3154367e-05,-0.053931415,0.38950926,2.2511866,0.46533462,3.1692293,0.7065165,8.235885,0.0,2.8031657,-2.2220564,0.6064815,32.250576,0.0,0.0,0.0,1.0,0.0,0,4.2200546,0.0,2.6598601,0.0,7.939271,5.2094345,0.0,0.0,0.0,6.033293
3,152,153.0,10.0,1.0,1.0,134.0,1.0,1.0,1.0,0.9802051,1.0,-0.0,0.0,-3.8515893e-05,-0.019756379,0.23199171,2.3073034,0.37333274,3.631707,0.6632199,6.1853824,0.0,2.7719872,-2.7378054,0.6296296,32.348053,0.0,0.0,0.0,1.0,0.0,0,3.0114121,0.0,1.8859948,0.0,4.1529236,5.3711085,0.0,0.0,0.0,6.4293656
0,153,154.0,10.0,1.0,1.0,135.0,1.0,1.0,1.0,0.9378869,1.0,-0.0,0.0,-4.8890874e-05,-0.06206422,0.48040748,2.661711,0.60471827,3.0670562,0.9070204,8.723853,0.0,2.8144557,0.14874431,0.6712963,36.451424,0.0,0.0,0.0,1.0,0.0,0,6.877092,0.0,2.7023885,0.0,7.0112414,4.5628653,0.0,0.0,0.34100664,8.731795
1,153,154.0,10.0,1.0,1.0,135.0,1.0,1.0,1.0,0.94862986,1.0,-0.0,0.0,-1.9986908e-05,-0.051350188,0.30375904,2.280144,0.35257745,3.4506605,0.72530884,8.081011,0.0,3.4773889,-1.745277,0.6111111,31.626278,0.0,0.0,0.0,1.0,0.0,0,4.4418545,0.0,1.8400974,0.0,4.4101334,5.022728,0.0,0.0,0.0,7.8934402
2,153,154.0,10.0,1.0,1.0,135.0,1.0,1.0,1.0,0.9415272,1.0,-0.0,0.0,-3.2384065e-05,-0.05844045,0.2911359,2.0552335,0.4665532,3.1874545,0.69852203,8.506427,0.0,3.0653517,-3.1311986,0.6064815,32.801563,0.0,0.0,0.0,1.0,0.0,0,3.2930217,0.0,3.3176873,0.0,5.440265,5.2023864,0.0,0.0,0.0,5.9638357
3,153,154.0,10.0,1.0,1.0,135.0,1.0,1.0,1.0,0.97886276,1.0,-0.0,0.0,-3.5025067e-05,-0.02110221,0.26055425,2.089163,0.38173002,3.4390714,0.6470025,6.2661324,0.0,3.0810223,-2.4280083,0.6296296,32.931458,0.0,0.0,0.0,1.0,0.0,0,4.692667,0.0,1.581566,0.0,3.9392035,5.4031405,0.0,0.0,0.0,6.65243
0,154,155.0,10.0,1.0,1.0,136.0,1.0,1.0,1.0,0.93643796,1.0,-0.0,0.0,-3.680803e-05,-0.063525185,0.07622689,2.3511302,0.5926498,3.0944972,0.9046015,8.81151,0.0,3.1734214,-3.9261253,0.6712963,36.927826,0.0,0.0,0.0,1.0,0.0,0,5.0424614,0.0,1.2122763,0.0,5.532268,4.52598,0.0,0.0,0.15705328,8.668934
1,154,155.0,10.0,1.0,1.0,136.0,1.0,1.0,1.0,0.9483244,1.0,-0.0,0.0,-2.2033886e-05,-0.05165356,0.2104614,2.2879882,0.34441888,3.5202835,0.7216538,8.099213,0.0,3.7875996,-2.7249773,0.6111111,31.795502,0.0,0.0,0.0,1.0,0.0,0,3.8875606,0.0,1.5941899,0.0,3.0255754,5.3254747,0.0,0.0,0.0,8.078981
2,154,155.0,10.0,1.0,1.0,136.0,1.0,1.0,1.0,0.93974066,1.0,-0.0,0.0,-3.4240707e-05,-0.060225107,0.2781853,2.2358475,0.48730192,3.6383827,0.6936641,8.613505,0.0,3.248717,-2.989105,0.6064815,33.079205,0.0,0.0,0.0,1.0,0.0,0,3.1407661,0.0,3.1978097,0.0,5.829844,5.154493,0.0,0.0,0.0,6.5936003
3,154,155.0,10.0,1.0,1.0,136.0,1.0,1.0,1.0,0.9783519,1.0,-0.0,0.0,-3.272769e-05,-0.021615406,0.2297271,2.2499459,0.3839679,3.830808,0.6399002,6.296924,0.0,3.3336036,-2.5087047,0.6296296,33.17405,0.0,0.0,0.0,1.0,0.0,0,4.1168275,0.0,1.1441995,0.0,2.7873635,5.6962695,0.0,0.0,0.0,6.696285
0,155,156.0,10.0,1.0,1.0,137.0,1.0,1.0,1.0,0.9343091,1.0,-0.0,0.0,-3.9716975e-05,-0.06565115,0.4099447,2.6403387,0.62892956,4.3997846,0.90539956,8.939069,0.0,3.7133582,-0.21295902,0.6712963,37.12462,0.0,0.0,0.0,1.0,0.0,0,6.5036244,0.0,2.0901806,0.0,7.7001896,4.72374,0.0,0.0,0.40047735,8.81041
1,155,156.0,10.0,1.0,1.0,137.0,1.0,1.0,1.0,0.94692755,1.0,-0.0,0.0,-2.6874592e-05,-0.053045582,0.33916906,2.1651812,0.36606666,3.694959,0.71372867,8.1827345,0.0,4.281256,-0.7905485,0.6111111,32.231308,0.0,0.0,0.0,1.0,0.0,0,4.79091,0.0,1.7755504,0.0,4.4189897,5.3511715,0.0,0.0,0.0,8.111765
2,155,156.0,10.0,1.0,1.0,137.0,1.0,1.0,1.0,0.93547523,1.0,-0.0,0.0,-3.3603093e-05,-0.064491175,0.3117673,2.0070448,0.49856412,3.7259722,0.6800334,8.86947,0.0,3.6948564,-2.3488412,0.6064815,33.650475,0.0,0.0,0.0,1.0,0.0,0,4.9187155,0.0,1.8181689,0.0,6.3938694,5.0247135,0.0,0.0,0.0,7.386989
3,155,156.0,10.0,1.0,1.0,137.0,1.0,1.0,1.0,0.9756548,1.0,-0.0,0.0,-3.469615e-05,-0.024310507,0.32467917,2.0223851,0.42465338,4.068071,0.63573766,6.45863,0.0,4.027495,-1.4377991,0.6296296,33.70467,0.0,0.0,0.0,1.0,0.0,0,4.593097,0.0,1.5274495,0.0,5.317392,5.529855,0.0,0.0,0.0,6.530311
0,156,157.0,10.0,1.0,1.0,138.0,1.0,1.0,1.0,0.9336011,1.0,-0.0,0.0,-2.9302162e-05,-0.06636957,0.10259729,2.358368,0.6217958,4.6420484,0.90729845,8.982174,0.0,4.3799844,-3.5563047,0.6712963,37.559185,0.0,0.0,0.0,1.0,0.0,0,5.1145005,0.0,1.35009,0.0,5.4341655,4.351649,0.0,0.0,0.3102708,8.197748
1,156,157.0,10.0,1.0,1.0,138.0,1.0,1.0,1.0,0.9452799,1.0,-0.0,0.0,-2.5078618e-05,-0.054694988,0.26164317,2.1874096,0.35563096,4.13014,0.7212829,8.281698,0.0,5.0227385,-1.6600443,0.6111111,32.37237,0.0,0.0,0.0,1.0,0.0,0,3.736745,0.0,1.1943656,0.0,3.367367,5.7275095,0.0,0.0,0.0,7.95529
2,156,157.0,10.0,1.0,1.0,138.0,1.0,1.0,1.0,0.9354916,1.0,-0.0,0.0,-3.192508e-05,-0.064476445,0.29180273,2.1491723,0.5065186,4.32169,0.6836712,8.868587,0.0,4.33219,-1.947335,0.6064815,33.86393,0.0,0.0,0.0,1.0,0.0,0,2.7800639,0.0,2.53511,0.0,4.6501603,5.3807564,0.0,0.0,0.0,7.6233845
3,156,157.0,10.0,1.0,1.0,138.0,1.0,1.0,1.0,0.9782294,1.0,-0.0,0.0,-3.096268e-05,-0.021739688,0.2886951,2.1402733,0.42016086,4.7118526,0.6355366,6.304381,0.0,4.6789765,-1.2773554,0.6296296,33.873505,0.0,0.0,0.0,1.0,0.0,0,4.053542,0.0,1.213518,0.0,3.181287,6.089114,0.0,0.0,0.0,7.3154297
0,157,158.0,10.0,1.0,1.0,139.0,1.0,1.0,1.0,0.9221641,1.0,-0.0,0.0,-3.1069176e-05,-0.07780485,0.4097361,2.5727503,0.65571314,5.6525087,0.9055353,9.01578,0.0,4.9840117,-0.2533123,0.6712963,37.676674,0.0,0.0,0.0,1.0,0.0,0,6.89187,0.0,2.2386332,0.0,8.086912,4.1704855,0.0,0.0,0.2919117,7.986298
1,157,158.0,10.0,1.0,1.0,139.0,1.0,1.0,1.0,0.9424211,1.0,-0.0,0.0,-3.1512507e-05,-0.0575474,0.41020697,2.025323,0.3958559,4.417365,0.7246917,8.452844,0.0,5.328037,0.24856254,0.6111111,32.82188,0.0,0.0,0.0,1.0,0.0,0,4.9270453,0.0,1.4961787,0.0,5.1864223,5.7925243,0.0,0.0,0.0,7.8268065
2,157,158.0,10.0,1.0,1.0,139.0,1.0,1.0,1.0,0.9324039,1.0,-0.0,0.0,-3.4825196e-05,-0.0675613,0.37103817,1.9388251,0.5407539,4.543005,0.67771053,9.053678,0.0,4.661696,-0.98247457,0.6064815,34.34844,0.0,0.0,0.0,1.0,0.0,0,5.166834,0.0,1.8519951,0.0,6.709915,5.3007064,0.0,0.0,0.0,7.898756
3,157,158.0,10.0,1.0,1.0,139.0,1.0,1.0,1.0,0.9764155,1.0,-0.0,0.0,-3.665308e-05,-0.023547852,0.41392,1.911712,0.47667384,5.0243382,0.63686,6.388532,0.0,5.1770267,0.28412974,0.6296296,34.364502,0.0,0.0,0.0,1.0,0.0,0,5.1665235,0.0,1.7561536,0.0,5.7610645,6.0686865,0.0,0.0,0.0,8.272563
0,158,159.0,10.0,1.0,1.0,140.0,1.0,1.0,1.0,0.9180097,1.0,-0.0,0.0,-2.8286799e-05,-0.081962004,0.14158823,2.3320694,0.6543327,5.886483,0.90379363,9.031236,0.0,5.501497,-3.0026557,0.6712963,38.045963,0.0,0.0,0.0,1.0,0.0,0,4.6948886,0.0,1.1961293,0.0,5.6056137,4.0711045,0.0,0.0,0.41631657,8.021514
1,158,159.0,10.0,1.0,1.0,140.0,1.0,1.0,1.0,0.94042146,1.0,-0.0,0.0,-2.312454e-05,-0.059555385,0.31789428,2.1168141,0.41154745,5.087365,0.72860897,8.485957,0.0,6.0485063,-0.4072711,0.6111111,32.971252,0.0,0.0,0.0,1.0,0.0,0,3.6328075,0.0,0.9710622,0.0,4.372962,6.3197746,0.0,0.0,0.1064074,7.9609866
2,158,159.0,10.0,1.0,1.0,140.0,1.0,1.0,1.0,0.92725724,1.0,-0.0,0.0,-2.6540309e-05,-0.072716236,0.30525252,2.06451,0.56147027,5.2910533,0.68248284,9.07192,0.0,5.532649,-1.2776405,0.6064815,34.53532,0.0,0.0,0.0,1.0,0.0,0,2.8949184,0.0,2.4411614,0.0,3.665082,5.744915,0.0,0.0,0.0,8.149812
3,158,159.0,10.0,1.0,1.0,140.0,1.0,1.0,1.0,0.9635569,1.0,-0.0,0.0,-2.6129597e-05,-0.03641701,0.34301168,2.067374,0.50737697,5.7305136,0.64807516,6.4545064,0.0,5.821741,-0.26352423,0.6296296,34.546246,0.0,0.0,0.0,1.0,0.0,0,3.778515,0.0,0.95409316,0.0,5.0461297,6.484419,0.0,0.0,0.0,8.515232
0,159,160.0,10.0,1.0,1.0,141.0,1.0,1.0,1.0,0.902141,1.0,-0.0,0.0,-2.6842143e-05,-0.09783219,0.42565763,2.5084798,0.6881067,6.81383,0.90045184,9.0561,0.0,6.206335,-0.14001784,0.6712963,38.12765,0.0,0.0,0.0,1.0,0.0,0,6.3291836,0.0,2.2092535,0.0,7.3252325,4.0684547,0.0,0.0,0.40541577,8.079515
1,159,160.0,10.0,1.0,1.0,141.0,1.0,1.0,1.0,0.92519677,1.0,-0.0,0.0,-3.711634e-05,-0.07476613,0.45487732,1.8475255,0.54087436,5.93774,0.72310925,8.548227,0.0,6.801609,1.1590291,0.6111111,33.41327,0.0,0.0,0.0,1.0,0.0,0,5.418784,0.0,1.718812,0.0,5.6338406,6.218138,0.0,0.0,0.13777925,7.8901315
2,159,160.0,10.0,1.0,1.0,141.0,1.0,1.0,1.0,0.9168057,1.0,-0.0,0.0,-3.8342114e-05,-0.08315599,0.4417859,1.7848283,0.66285956,5.676561,0.67370254,9.312798,0.0,6.0704083,0.39626285,0.6064815,34.99527,0.0,0.0,0.0,1.0,0.0,0,5.0803456,0.0,1.961472,0.0,5.429291,5.5760303,0.0,0.0,0.0,8.821133
3,159,160.0,10.0,1.0,1.0,141.0,1.0,1.0,1.0,0.950813,1.0,-0.0,0.0,-4.087481e-05,-0.04914611,0.46092534,1.7899612,0.62884045,6.4364033,0.64471203,6.512362,0.0,6.5016174,1.2773024,0.6296296,34.99988,0.0,0.0,0.0,1.0,0.0,0,5.400849,0.0,1.6828026,0.0,5.6960344,6.446177,0.0,0.0,0.109695025,8.706636
0,160,161.0,10.0,1.0,1.0,142.0,1.0,1.0,1.0,0.8967396,1.0,-0.0,0.0,-2.5208434e-05,-0.103235185,0.02060812,2.4794765,0.72313166,7.112005,0.89634424,9.082105,0.0,6.662413,-4.1680813,0.6712963,38.315956,0.0,0.0,0.0,1.0,0.0,0,4.086788,0.0,1.6573298,0.0,4.9433937,4.2174544,0.0,0.0,0.4553973,8.222225
1,160,161.0,10.0,1.0,1.0,142.0,1.0,1.0,1.0,0.92191595,1.0,-0.0,0.0,-2.5050282e-05,-0.078059,0.25797004,2.2951612,0.56030196,6.1327467,0.7244617,8.550793,0.0,7.211262,-0.82970035,0.6111111,33.94532,0.0,0.0,0.0,1.0,0.0,0,5.4707527,0.0,1.288864,0.0,5.046588,6.5956974,0.0,0.0,0.28301653,8.025322
2,160,161.0,10.0,1.0,1.0,142.0,1.0,1.0,1.0,0.90958345,1.0,-0.0,0.0,-2.1089987e-05,-0.09039546,0.2884023,2.2399464,0.73632604,6.316294,0.6885532,9.107431,0.0,6.8606124,-0.79499465,0.6064815,35.540382,0.0,0.0,0.0,1.0,0.0,0,2.4889898,0.0,1.7848449,0.0,2.534257,5.8546166,0.0,0.0,0.0,9.500718
3,160,161.0,10.0,1.0,1.0,142.0,1.0,1.0,1.0,0.9487141,1.0,-0.0,0.0,-2.7795882e-05,-0.05125815,0.21165684,2.3133998,0.616876,6.566013,0.64548516,6.509475,0.0,6.580374,-1.3359292,0.6296296,35.5379,0.0,0.0,0.0,1.0,0.0,0,5.3806806,0.0,1.4188347,0.0,5.702405,6.8873262,0.0,0.0,0.29817367,8.758787
0,161,162.0,10.0,1.0,1.0,143.0,1.0,1.0,1.0,0.8860884,1.0,-0.0,0.0,-2.2540451e-05,-0.113889076,0.47754496,2.3694317,0.76491004,7.7484784,0.8954109,9.084865,0.0,6.815868,0.23341551,0.6712963,38.60002,0.0,0.0,0.0,1.0,0.0,0,5.593171,0.0,2.4403458,0.0,6.3309984,4.71261,0.0,0.0,1.1443175,8.555837
1,161,162.0,10.0,1.0,1.0,143.0,1.0,1.0,1.0,0.9176412,1.0,-0.0,0.0,-4.5386118e-05,-0.08231344,0.6524682,1.5473115,0.7223693,6.3592925,0.72102666,8.579513,0.0,7.754562,3.9270492,0.6111111,34.829803,0.0,0.0,0.0,1.0,0.0,0,5.9987864,0.0,1.9769892,0.0,5.721314,6.3414054,0.0,0.0,0.5502061,8.192855
2,161,162.0,10.0,1.0,1.0,143.0,1.0,1.0,1.0,0.90703785,1.0,-0.0,0.0,-4.3310738e-05,-0.09291878,0.5854908,1.5377324,0.84686,6.2221136,0.67864645,9.353012,0.0,7.1083736,2.2916765,0.6064815,36.367153,0.0,0.0,0.0,1.0,0.0,0,5.5881195,0.0,2.346391,0.0,6.3854966,5.6914225,0.0,0.0,0.0,9.131937
3,161,162.0,10.0,1.0,1.0,143.0,1.0,1.0,1.0,0.9407638,1.0,-0.0,0.0,-4.363401e-05,-0.05919259,0.5951785,1.6023076,0.75043005,6.856567,0.64516866,6.6949873,0.0,7.0138903,2.9072762,0.6296296,36.38669,0.0,0.0,0.0,1.0,0.0,0,5.2794275,0.0,1.8612746,0.0,5.5641537,6.551264,0.0,0.0,0.3187784,9.029357
0,162,163.0,10.0,1.0,1.0,144.0,1.0,1.0,1.0,0.8939853,1.0,-0.0,0.0,-2.8250954e-05,-0.10598646,0.21227077,2.3982534,0.775778,7.2621694,0.89509666,9.097017,0.0,6.7131157,-2.2589955,0.6712963,38.615227,0.0,0.0,0.0,1.0,0.0,0,5.1881585,0.0,1.8730567,0.0,5.3102317,4.883776,0.0,0.0,0.7263042,8.561631
1,162,163.0,10.0,1.0,1.0,144.0,1.0,1.0,1.0,0.9192287,1.0,-0.0,0.0,-3.2509528e-05,-0.08073883,0.6748862,2.2195666,0.7581418,6.2454786,0.72267467,8.59885,0.0,7.859501,3.6391475,0.6111111,35.519028,0.0,0.0,0.0,1.0,0.0,0,5.5719647,0.0,2.1124823,0.0,5.861364,6.7318873,0.0,0.0,0.79160786,7.942568
2,162,163.0,10.0,1.0,1.0,144.0,1.0,1.0,1.0,0.90661114,1.0,-0.0,0.0,-2.4728512e-05,-0.09336411,0.43646282,2.2100883,0.8515611,6.0657296,0.67544377,9.536116,0.0,6.8849273,0.22217073,0.6064815,37.01401,0.0,0.0,0.0,1.0,0.0,0,5.5632854,0.0,2.708504,0.0,7.2199197,6.165347,0.0,0.0,0.2674835,9.582923
3,162,163.0,10.0,1.0,1.0,144.0,1.0,1.0,1.0,0.9464475,1.0,-0.0,0.0,-3.0334159e-05,-0.053522166,0.5559124,2.2458632,0.8008427,6.5980177,0.6344357,6.6133113,0.0,6.9792933,2.4310482,0.6296296,37.028873,0.0,0.0,0.0,1.0,0.0,0,5.8124404,0.0,1.7896273,0.0,5.873066,6.8983345,0.0,0.0,0.6489703,8.936662
0,163,164.0,10.0,1.0,1.0,145.0,1.0,1.0,1.0,0.90504426,1.0,-0.0,0.0,-2.4273335e-05,-0.09493146,0.43803677,2.3192008,0.8194324,6.5986114,0.89677775,9.097276,0.0,6.306863,0.7946538,0.6712963,38.744457,0.0,0.0,0.0,1.0,0.0,0,4.054263,0.0,1.3132787,0.0,4.4241834,4.9711914,0.0,0.0,0.84204334,8.376731
1,163,164.0,10.0,1.0,1.0,145.0,1.0,1.0,1.0,0.91293836,1.0,-0.0,0.0,-6.837306e-05,-0.08699329,0.4259739,1.6050779,0.888667,6.6795287,0.7107482,8.540068,0.0,7.979146,1.4168108,0.6111111,36.16873,0.0,0.0,0.0,1.0,0.0,0,3.0218549,0.0,1.3455914,0.0,3.2518015,6.398698,0.0,0.0,0.6091233,8.393299
2,163,164.0,10.0,1.0,1.0,145.0,1.0,1.0,1.0,0.9017255,1.0,-0.0,0.0,-4.6691785e-05,-0.09822787,0.33047423,1.6252234,0.9614539,6.1829767,0.66772234,9.710694,0.0,6.9656773,-0.4105279,0.6064815,37.637817,0.0,0.0,0.0,1.0,0.0,0,3.2211516,0.0,1.4496182,0.0,3.459249,5.5311055,0.36970758,0.0,0.24217021,9.253474
3,163,164.0,10.0,1.0,1.0,145.0,1.0,1.0,1.0,0.93744814,1.0,-0.0,0.0,-6.271077e-05,-0.062489152,0.42873323,1.5994906,0.97530735,6.719973,0.63518506,7.029375,0.0,7.100725,1.1540456,0.6296296,37.709366,0.0,0.0,0.0,1.0,0.0,0,2.407603,0.0,1.1228931,0.0,2.5895915,6.4190755,0.0,0.0,0.4004372,8.979518
0,164,165.0,10.0,1.0,1.0,146.0,1.0,1.0,1.0,0.9005754,1.0,-0.0,0.0,-4.4158824e-05,-0.09938042,0.2770543,2.2716155,0.950729,6.8018665,0.89206874,9.160957,0.0,6.4646573,-0.8264668,0.6712963,38.819633,0.0,0.0,0.0,1.0,0.0,0,5.302339,0.0,2.0563366,0.0,5.686554,4.9326835,0.0,0.0,1.2311152,7.744857
1,164,165.0,10.0,1.0,1.0,146.0,1.0,1.0,1.0,0.9122619,1.0,-0.0,0.0,-7.9009755e-05,-0.08765905,0.618051,2.418378,0.92942697,6.7486963,0.706345,8.510845,0.0,7.4386725,2.950919,0.6111111,36.961426,0.0,0.0,0.0,1.0,0.0,0,0.0,0.0,2.2957864,0.0,6.4573035,6.5688095,0.0,0.0,1.4083428,8.606016
2,164,165.0,10.0,1.0,1.0,146.0,1.0,1.0,1.0,0.90467304,1.0,-0.0,0.0,-4.8738057e-05,-0.095278226,0.48819816,2.3220978,0.9828793,5.9139543,0.6639564,9.802738,0.0,6.5665913,0.6060172,0.6064815,38.306107,0.0,0.0,0.0,1.0,0.0,0,6.237994,0.0,2.9596984,0.0,6.811841,5.9131274,0.6077677,0.0,0.7345605,9.009683
3,164,165.0,10.0,1.0,1.0,146.0,1.0,1.0,1.0,0.9392309,1.0,-0.0,0.0,-7.42213e-05,-0.06069486,0.6180104,2.3950262,0.9337631,6.079012,0.63011944,7.562679,0.0,6.310189,2.591973,0.6296296,38.473305,0.0,0.0,0.0,1.0,0.0,0,4.579197,0.0,2.7972424,0.0,7.8226604,6.15045,0.0,0.0,1.4118433,8.972201
0,165,166.0,10.0,1.0,1.0,147.0,1.0,1.0,1.0,0.90924335,1.0,-0.0,0.0,-3.755734e-05,-0.0907191,0.58928466,2.464354,1.0155573,6.2747493,0.8945909,9.168395,0.0,6.4312363,2.4812446,0.6712963,39.07864,0.0,0.0,0.0,1.0,0.0,0,5.0362916,0.0,1.864681,0.0,4.527338,4.854248,0.0,0.0,1.5493377,7.4589367
1,165,166.0,10.0,1.0,1.0,147.0,1.0,1.0,1.0,0.9168124,1.0,-0.0,0.0,-7.0055205e-05,-0.083117515,0.52414685,1.7629329,1.0508553,6.3332562,0.6987366,8.653793,0.0,8.073434,2.3181682,0.6111111,37.628006,0.0,0.0,0.0,1.0,0.0,0,3.6990373,0.0,2.476598,0.0,4.982674,6.144331,0.0,0.0,1.1939005,8.016703
2,165,166.0,10.0,1.0,1.0,147.0,1.0,1.0,1.0,0.9076853,1.0,-0.0,0.0,-5.6871206e-05,-0.09225786,0.43534225,1.7955502,1.092634,5.610659,0.66077274,9.840715,0.0,7.041412,0.1500342,0.6064815,38.841724,0.0,0.0,0.0,1.0,0.0,0,3.8858523,0.0,2.7582808,0.0,4.146403,5.237184,1.3500147,0.0,0.88904893,8.220268
3,165,166.0,10.0,1.0,1.0,147.0,1.0,1.0,1.0,0.93140703,1.0,-0.0,0.0,-6.8123176e-05,-0.06852482,0.43389946,1.7750336,1.0756848,6.1049767,0.6162289,8.006512,0.0,6.7290187,0.7902374,0.6296296,39.102737,0.0,0.0,0.0,1.0,0.0,0,4.676662,0.0,2.1465971,0.0,4.7793465,5.078369,0.0,0.0,1.552808,8.496313
0,166,167.0,10.0,1.0,1.0,148.0,1.0,1.0,1.0,0.90183306,1.0,-0.0,0.0,-7.4037074e-05,-0.09809293,0.7473886,1.7894762,1.1981525,6.650507,0.8913482,9.235067,0.0,7.1232886,4.759975,0.6712963,39.762516,0.0,0.0,0.0,1.0,0.0,0,3.925211,0.0,1.7462678,0.0,4.4411263,4.206828,0.0,0.0,1.4207492,7.6358447
1,166,167.0,10.0,1.0,1.0,147.0,0.0,0.0,0.0,-0.20644929,0.0,-0.1294015,0.0,-7.608225e-05,-0.076971695,1.1294014,2.1803942,1.0148166,5.635167,0.69875044,8.983133,0.0,7.067634,7.8764653,0.6111111,37.628006,0.0,0.0,0.0,1.0,0.0,0,0.0,0.0,2.4381797,0.0,6.0859985,6.2318754,0.0,0.0,2.1820586,7.0676484
2,166,167.0,10.0,1.0,1.0,147.0,0.0,0.0,0.0,-0.12734163,0.0,-0.036259927,0.0,-6.833265e-05,-0.091013364,1.0362599,2.1465476,1.0713027,4.8408523,0.651107,9.926032,0.0,6.4695687,4.991305,0.6064815,38.841724,0.0,0.0,0.0,1.0,0.0,0,4.6896963,0.0,2.890688,0.0,6.4695215,4.9007864,1.6874044,0.0,1.7996132,7.66201
3,166,167.0,10.0,1.0,1.0,147.0,0.0,0.0,0.0,-0.1103483,0.0,-0.046081655,0.0,-7.4736745e-05,-0.06419191,1.0460817,2.2115757,1.0441527,5.41147,0.6032432,8.440043,0.0,5.9173837,6.1555963,0.6296296,39.102737,0.0,0.0,0.0,1.0,0.0,0,0.37334457,0.0,2.6878877,0.0,6.077493,4.9939637,0.0,0.0,2.3769073,7.758618
0,167,168.0,10.0,1.0,1.0,149.0,1.0,1.0,1.0,0.89772505,1.0,-0.0,0.0,-8.167577e-05,-0.102193296,0.6437235,2.443929,1.2324064,6.365446,0.880304,9.388549,0.0,6.9925747,2.60536,0.6712963,40.53799,0.0,0.0,0.0,1.0,0.0,0,3.2666986,0.0,1.3004261,0.0,3.5945802,3.7482111,0.0,0.0,3.1129687,7.255536
1,167,168.0,10.0,1.0,1.0,148.0,1.0,1.0,1.0,0.90959406,1.0,-0.0,0.0,-0.000107569416,-0.090298384,0.6316669,1.7635252,1.1611779,5.815959,0.6776353,9.209068,0.0,7.4973984,2.9917984,0.6111111,38.04508,0.0,0.0,0.0,1.0,0.0,0,0.89128965,0.0,2.1667569,0.0,5.2861605,5.467957,0.0,0.0,2.005489,7.286998
2,167,168.0,10.0,1.0,1.0,148.0,1.0,1.0,1.0,0.89652836,1.0,-0.0,0.0,-0.00010760942,-0.103364035,0.50613767,1.7617902,1.15885,5.11897,0.6413448,10.010467,0.0,6.661501,0.50157404,0.6064815,39.226486,0.0,0.0,0.0,1.0,0.0,0,2.1491215,0.0,3.3768244,0.0,3.080914,4.95097,2.2717938,0.0,2.0654817,7.383388
3,167,168.0,10.0,1.0,1.0,148.0,1.0,1.0,1.0,0.91662467,1.0,-0.0,0.0,-0.000106308515,-0.08326898,0.5707007,1.8073658,1.1768566,5.6889615,0.5866995,8.669713,0.0,6.375844,1.4958335,0.6296296,39.50911,0.0,0.0,0.0,1.0,0.0,0,2.8174176,0.0,2.4073198,0.0,4.3345275,3.9665651,1.1601858,0.0,2.4501934,7.408188
0,168,169.0,10.0,1.0,1.0,150.0,1.0,1.0,1.0,0.8788663,1.0,-0.0,0.0,-8.9890025e-05,-0.12104377,0.5222347,1.8367821,1.3402145,6.5612397,0.8589505,9.711018,0.0,6.8832746,1.6431557,0.6712963,41.06397,0.0,0.0,0.0,1.0,0.0,0,4.4512596,0.0,2.040939,0.0,4.625476,3.4228892,0.0,0.0,2.8596594,6.400692
1,168,169.0,10.0,1.0,1.0,149.0,1.0,1.0,1.0,0.91231495,1.0,-0.0,0.0,-7.852414e-05,-0.08760654,0.54533964,2.4138548,1.0952264,5.620837,0.6550794,9.542193,0.0,6.565128,1.7265463,0.6111111,38.74117,0.0,0.0,0.0,1.0,0.0,0,0.0,0.0,2.1442142,0.0,5.079655,4.6429276,0.0,0.0,3.3067942,6.2565765
2,168,169.0,10.0,1.0,1.0,149.0,1.0,1.0,1.0,0.9042952,1.0,-0.0,0.0,-8.42875e-05,-0.09562053,0.578342,2.3972008,1.0927747,4.9263015,0.6373296,10.04142,0.0,5.7805877,1.053474,0.6064815,39.90125,0.0,0.0,0.0,1.0,0.0,0,0.0,0.0,2.1207225,0.0,5.040776,4.0548854,2.6713636,0.0,3.0310283,6.171291
3,168,169.0,10.0,1.0,1.0,149.0,1.0,1.0,1.0,0.9224356,1.0,-0.0,0.0,-7.699766e-05,-0.077487424,0.5081173,2.446635,1.1061625,5.3129086,0.5734739,8.853025,0.0,5.494939,0.5871644,0.6296296,40.187435,0.0,0.0,0.0,1.0,0.0,0,0.0,0.0,2.2668543,0.0,5.054927,4.141746,1.6774155,0.0,3.319897,6.358167
0,169,170.0,10.0,1.0,1.0,150.0,0.0,0.0,0.0,-0.27792236,0.0,-0.15024674,0.0,-7.21589e-05,-0.12760346,1.1502467,2.5636268,1.3505545,6.256252,0.8452929,10.027048,0.0,6.637376,6.9344945,0.6712963,41.06397,0.0,0.0,0.0,1.0,0.0,0,5.49232,0.0,2.669191,0.0,6.355715,3.0050468,0.0,0.0,3.8408377,5.7669654
1,169,170.0,10.0,1.0,1.0,150.0,1.0,1.0,1.0,0.8889338,1.0,-0.0,0.0,-6.232609e-05,-0.1110039,0.44010842,1.8425288,1.2367121,5.8964515,0.6358399,9.884892,0.0,6.845042,0.8786367,0.6111111,39.23263,0.0,0.0,0.0,1.0,0.0,0,0.0,0.0,2.5634093,0.0,5.2842064,4.115793,0.0,0.0,2.8366785,5.731645
2,169,170.0,10.0,1.0,1.0,150.0,1.0,1.0,1.0,0.88158166,1.0,-0.0,0.0,-5.9883507e-05,-0.11835841,0.51121044,1.8776556,1.2750942,5.1657124,0.62624615,10.038298,0.0,6.356934,0.7959064,0.6064815,40.35575,0.0,0.0,0.0,1.0,0.0,0,1.6717,0.0,3.1441033,0.0,4.873965,3.1430862,2.7595065,0.0,2.648814,5.827245
3,169,170.0,10.0,1.0,1.0,150.0,1.0,1.0,1.0,0.90205395,1.0,-0.0,0.0,-6.1935636e-05,-0.097884096,0.4319586,1.8605556,1.248203,5.4820523,0.55946237,9.011522,0.0,5.814734,0.20941906,0.6296296,40.69645,0.0,0.0,0.0,1.0,0.0,0,1.7625315,0.0,2.5530798,0.0,5.6622586,2.8019612,2.3995476,0.0,3.1637778,5.818074
0,170,171.0,10.0,1.0,1.0,151.0,1.0,1.0,1.0,0.85553026,1.0,-0.0,0.0,-0.000119305405,-0.14435042,0.4249614,1.9094942,1.4290109,6.644735,0.8193619,10.443442,0.0,6.285719,0.48323256,0.6712963,41.721634,0.0,0.0,0.0,1.0,0.0,0,3.2572062,0.0,1.8005022,0.0,4.1474667,2.5396936,0.0,0.0,2.939453,5.3787184
1,170,171.0,10.0,1.0,1.0,150.0,0.0,0.0,0.0,-0.1604203,0.0,-0.051473267,0.0,-6.583354e-05,-0.1088812,1.0514733,2.514093,1.18772,5.256163,0.62455887,10.124971,0.0,6.2553587,6.244031,0.6111111,39.23263,0.0,0.0,0.0,1.0,0.0,0,0.0,0.0,2.7132175,0.0,5.599181,4.1639886,0.0,0.0,3.7326283,5.1243625
2,170,171.0,10.0,1.0,1.0,150.0,0.0,0.0,1.0,-0.23771286,0.0,-0.11912193,0.0,-6.373309e-05,-0.11852719,1.1191219,2.530045,1.2669431,4.3878465,0.60504156,10.109557,0.0,6.116062,4.8384786,0.6064815,41.125504,0.0,0.0,0.0,1.0,0.0,0,1.2195143,0.0,2.6147583,0.0,6.602064,2.0550752,3.180973,0.0,2.0965118,5.6227818
3,170,171.0,10.0,1.0,1.0,150.0,0.0,0.0,0.0,-0.15596081,0.0,-0.06108936,0.0,-5.9794384e-05,-0.09481166,1.0610893,2.554026,1.206576,4.8366456,0.54811627,9.1393795,0.0,5.193841,5.6151648,0.6296296,40.69645,0.0,0.0,0.0,1.0,0.0,0,0.0,0.0,2.9027689,0.0,6.485315,3.0871222,2.328599,0.0,3.6621907,4.895021
0,171,172.0,10.0,1.0,1.0,152.0,1.0,1.0,1.0,0.8648847,1.0,-0.0,0.0,-9.6970376e-05,-0.13501835,0.6928779,2.556579,1.301307,6.4436994,0.8033166,10.841298,0.0,5.047098,2.853996,0.6712963,42.46732,0.0,0.0,0.0,1.0,0.0,0,4.5428495,0.0,2.2474637,0.0,5.8301134,1.9404925,0.0,0.0,3.4649246,4.483077
1,171,172.0,10.0,1.0,1.0,151.0,1.0,1.0,1.0,0.8704281,1.0,-0.0,0.0,-0.00011187938,-0.12946004,0.4517883,1.8820541,1.3234828,5.435003,0.6072192,10.34148,0.0,6.604766,0.5059969,0.6111111,39.87459,0.0,0.0,0.0,1.0,0.0,0,0.0,0.0,2.3957489,0.0,4.8733177,3.694122,0.6140482,0.0,3.1738248,4.776217
2,171,172.0,10.0,1.0,1.0,151.0,1.0,1.0,1.0,0.85408956,1.0,-0.0,0.0,-0.000106005486,-0.14580445,0.6199684,1.8906225,1.4447418,5.414074,0.6444969,10.4127035,0.0,6.607823,1.7125988,0.6064815,41.789066,0.0,0.0,0.0,1.0,0.0,0,1.5719293,0.0,1.76131,0.0,3.0212138,2.3208036,4.0022073,0.0,2.2356076,5.94452
3,171,172.0,10.0,1.0,1.0,151.0,1.0,1.0,1.0,0.88730675,1.0,-0.0,0.0,-9.487002e-05,-0.112598345,0.500473,1.960564,1.3369032,5.2546735,0.5394839,9.229126,0.0,5.589633,0.67992973,0.6296296,41.303864,0.0,0.0,0.0,1.0,0.0,0,0.73558235,0.0,3.0735471,0.0,3.536697,2.5525515,2.2122362,0.0,3.3566914,4.763123
0,172,173.0,10.0,1.0,1.0,153.0,1.0,1.0,1.0,0.85623336,1.0,-0.0,0.0,-8.149273e-05,-0.14368519,0.34565702,1.8381857,1.3460172,6.488026,0.7859063,11.025982,0.0,5.255646,-0.48538482,0.6712963,43.13221,0.0,0.0,0.0,1.0,0.0,0,4.2015595,0.0,2.4530022,0.0,4.556772,0.9310952,0.0,0.0,2.3935444,3.9528303
1,172,173.0,10.0,1.0,1.0,152.0,1.0,1.0,1.0,0.8801229,1.0,-0.0,0.0,-0.00010239563,-0.11977469,0.67707896,2.5592408,1.223985,5.870499,0.59618235,10.506594,0.0,5.4209385,2.6136794,0.6111111,40.64547,0.0,0.0,0.0,1.0,0.0,0,0.0,0.0,2.6818843,0.0,5.1462226,3.3196325,1.914904,0.0,4.339128,4.000941
2,172,173.0,10.0,1.0,1.0,152.0,1.0,1.0,1.0,0.8630475,1.0,-0.0,0.0,-0.00010696076,-0.13684554,0.858704,2.5693128,1.3621242,5.1409473,0.64399385,10.494801,0.0,5.3794255,3.2225046,0.6064815,42.551346,0.0,0.0,0.0,1.0,0.0,0,0.0,0.0,2.7619238,0.0,5.505867,0.38514096,3.9060407,0.0,2.3187509,5.497953
3,172,173.0,10.0,1.0,1.0,152.0,1.0,1.0,1.0,0.89380646,1.0,-0.0,0.0,-8.2343606e-05,-0.1061112,0.68217146,2.5587902,1.2554535,5.362051,0.52464324,9.45077,0.0,4.6397943,2.2337623,0.6296296,41.99248,0.0,0.0,0.0,1.0,0.0,0,0.0,0.0,2.592022,0.0,6.0751157,2.1705003,3.8194578,0.0,3.7519715,4.0572534
0,173,174.0,10.0,1.0,1.0,154.0,1.0,1.0,1.0,0.86964685,1.0,-0.0,0.0,-8.36699e-05,-0.13026945,0.6040737,2.8407397,1.2392602,6.167125,0.7760662,11.021715,0.0,4.6638384,1.6808835,0.6712963,44.210762,0.0,0.0,0.0,1.0,0.0,0,4.5597696,0.0,2.3891976,0.0,5.3851013,0.1291998,0.0,0.0,3.0988753,3.7737875
1,173,174.0,10.0,1.0,1.0,153.0,1.0,1.0,1.0,0.8794716,1.0,-0.0,0.0,-7.9216334e-05,-0.12044916,0.33116305,1.7826501,1.2219009,5.1941285,0.59070545,10.562692,0.0,5.516011,-0.8103028,0.6111111,41.365284,0.0,0.0,0.0,1.0,0.0,0,2.0659945,0.0,2.6778104,0.0,4.9450793,2.8908408,1.6347224,0.0,3.599518,3.7076464
2,173,174.0,10.0,1.0,1.0,153.0,1.0,1.0,1.0,0.8463433,1.0,-0.0,0.0,-8.511209e-05,-0.15357158,0.5770218,1.96243,1.5346031,5.9527545,0.6540366,10.20477,0.0,6.174221,1.6493639,0.6064815,43.13339,0.0,0.0,0.0,1.0,0.0,0,1.4858544,0.0,2.9420946,0.0,3.4441545,1.3682495,2.9807408,0.0,2.3165102,5.3476343
3,173,174.0,10.0,1.0,1.0,153.0,1.0,1.0,1.0,0.8804206,1.0,-0.0,0.0,-6.209715e-05,-0.11951728,0.46745425,1.8767601,1.3491554,5.031501,0.5271683,9.552371,0.0,4.939909,0.33654833,0.6296296,42.605618,0.0,0.0,0.0,1.0,0.0,0,0.0,0.0,2.7567477,0.0,5.0304832,1.4077018,3.6864452,0.0,3.4235613,3.826595
0,174,175.0,10.0,1.0,1.0,155.0,1.0,1.0,1.0,0.8610378,1.0,-0.0,0.0,-7.411594e-05,-0.13888812,0.19299537,2.2510517,1.2830384,6.529895,0.7621715,11.210498,0.0,4.802976,-2.8000836,0.6712963,44.784363,0.0,0.0,0.0,1.0,0.0,0,4.141775,0.0,2.2766669,0.0,4.7418838,0.0,0.0,0.0,2.4257026,3.0839815
1,174,175.0,10.0,1.0,1.0,154.0,1.0,1.0,1.0,0.88840204,1.0,-0.0,0.0,-7.554546e-05,-0.11152242,0.6127633,2.7189453,1.1495376,5.5714464,0.57950234,10.569813,0.0,5.042127,1.8495619,0.6111111,42.389862,0.0,0.0,0.0,1.0,0.0,0,2.4693801,0.0,2.4449735,0.0,5.456837,3.2330148,1.3034718,0.0,3.0193331,3.5556571
2,174,175.0,10.0,1.0,1.0,154.0,1.0,1.0,1.0,0.8544066,1.0,-0.0,0.0,-8.704873e-05,-0.1455064,0.66866803,2.8607645,1.4608561,5.6248755,0.6567066,10.273962,0.0,5.1286592,1.1607269,0.6064815,44.157757,0.0,0.0,0.0,1.0,0.0,0,2.109301,0.0,2.528093,0.0,5.7208424,0.0,2.2841856,0.0,1.6778132,4.537025
3,174,175.0,10.0,1.0,1.0,154.0,1.0,1.0,1.0,0.88872266,1.0,-0.0,0.0,-7.1368384e-05,-0.11120598,0.7189516,2.761403,1.271275,4.7956805,0.5330883,9.637795,0.0,4.3598604,2.4224193,0.6296296,43.592327,0.0,0.0,0.0,1.0,0.0,0,0.0,0.0,2.6613429,0.0,5.9028563,1.469102,3.6767428,0.0,4.247655,3.579306
0,175,176.0,10.0,1.0,1.0,156.0,1.0,1.0,1.0,0.8620621,1.0,-0.0,0.0,-6.30375e-05,-0.13787486,0.3833663,2.773818,1.2627676,6.3568287,0.75669366,11.301733,0.0,4.100738,-1.6611954,0.6712963,45.31915,0.0,0.0,0.0,1.0,0.0,0,5.3315573,0.0,3.1623945,0.0,5.881302,0.091727205,0.0,0.0,2.3236663,3.1304922
1,175,176.0,10.0,1.0,1.0,155.0,1.0,1.0,1.0,0.87998766,1.0,-0.0,0.0,-6.7285575e-05,-0.11994507,0.24874061,2.1945548,1.2058097,6.102795,0.5726496,10.653131,0.0,5.2251725,-1.9965572,0.6111111,42.892006,0.0,0.0,0.0,1.0,0.0,0,2.634142,0.0,2.6176307,0.0,4.811176,2.713378,0.9525931,0.0,2.2005699,3.204441
2,175,176.0,10.0,1.0,1.0,155.0,1.0,1.0,1.0,0.8374305,1.0,-0.0,0.0,-7.7865865e-05,-0.16249165,0.41378662,2.2218983,1.64647,6.7622595,0.67326266,9.900973,0.0,6.1240387,0.072787516,0.6064815,44.793316,0.0,0.0,0.0,1.0,0.0,0,2.15187,0.0,4.509159,0.0,3.6053765,1.7424566,1.9769968,0.0,1.7312468,4.14244
3,175,176.0,10.0,1.0,1.0,155.0,1.0,1.0,1.0,0.8825861,1.0,-0.0,0.0,-6.714288e-05,-0.117346734,0.338649,2.2384052,1.3344188,5.6098213,0.53600866,9.532663,0.0,4.872505,-1.7572651,0.6296296,44.08519,0.0,0.0,0.0,1.0,0.0,0,0.0,0.0,3.4585538,0.0,4.3883677,2.1212134,3.1642156,0.0,2.9404259,3.5094917
0,176,177.0,10.0,1.0,1.0,157.0,1.0,1.0,1.0,0.8550036,1.0,-0.0,0.0,-6.948978e-05,-0.14492694,0.1598114,2.244029,1.3229346,5.9045467,0.75670415,11.273604,0.0,4.1542115,-3.618044,0.6712963,45.879467,0.0,0.0,0.0,1.0,0.0,0,3.2210214,0.0,3.5746295,0.0,3.6543071,1.1736127,0.0,0.0,2.5610723,3.0927207
1,176,177.0,10.0,1.0,1.0,156.0,1.0,1.0,1.0,0.8765913,1.0,-0.0,0.0,-6.358953e-05,-0.12334508,0.42554623,2.7305632,1.2187215,6.66709,0.5688017,10.733614,0.0,4.847635,-0.9434884,0.6111111,43.433304,0.0,0.0,0.0,1.0,0.0,0,2.6085403,0.0,3.1410172,0.0,4.776142,2.8513143,0.5250291,0.0,2.3283777,2.6992111
2,176,177.0,10.0,1.0,1.0,156.0,1.0,1.0,1.0,0.84732705,1.0,-0.0,0.0,-6.3915046e-05,-0.15260905,0.5582638,2.687493,1.5722831,6.0508657,0.6807125,9.864418,0.0,5.1980653,0.7234737,0.6064815,45.28105,0.0,0.0,0.0,1.0,0.0,0,2.6668143,0.0,3.7271154,0.0,5.364517,0.0,1.3128848,0.0,1.5274917,3.32603
3,176,177.0,10.0,1.0,1.0,156.0,1.0,1.0,1.0,0.88830733,1.0,-0.0,0.0,-6.0632203e-05,-0.11163205,0.48083776,2.7569366,1.2962531,6.070375,0.53958243,9.476024,0.0,4.6092114,-1.1968622,0.6296296,44.60932,0.0,0.0,0.0,1.0,0.0,0,0.0,0.0,2.7819695,0.0,6.1046004,1.3280349,2.4035168,0.0,3.4424562,2.5579276
0,177,178.0,10.0,1.0,1.0,158.0,1.0,1.0,1.0,0.8573304,1.0,-0.0,0.0,-5.9475584e-05,-0.14261013,0.39050615,2.7867506,1.2814693,6.150724,0.7496252,11.445587,0.0,3.8289402,-2.0799887,0.6712963,46.388165,0.0,0.0,0.0,1.0,0.0,0,4.7252793,0.0,2.9950948,0.0,5.533234,0.43734938,0.15058033,0.0,1.8982024,3.0241194
1,177,178.0,10.0,1.0,1.0,157.0,1.0,1.0,1.0,0.8703735,1.0,-0.0,0.0,-5.8973368e-05,-0.12956753,0.29765964,2.2371807,1.2599,5.608007,0.5687864,10.824801,0.0,4.657576,-1.9822521,0.6111111,43.9495,0.0,0.0,0.0,1.0,0.0,0,4.017474,0.0,2.8160365,0.0,4.9158177,2.6328285,0.20667654,0.0,1.9761586,2.44032
2,177,178.0,10.0,1.0,1.0,157.0,1.0,1.0,1.0,0.83130264,1.0,-0.0,0.0,-7.05103e-05,-0.16862683,0.44038743,2.2285585,1.7602633,6.357568,0.7023425,9.415634,0.0,5.9986486,0.65874493,0.6064815,45.7931,0.0,0.0,0.0,1.0,0.0,0,1.8130231,0.0,4.2157817,0.0,3.3621352,1.9928801,0.6774965,0.0,1.1978629,2.8327162
3,177,178.0,10.0,1.0,1.0,157.0,1.0,1.0,1.0,0.88319916,1.0,-0.0,0.0,-4.7065227e-05,-0.11675375,0.3190905,2.3236508,1.3540082,5.466461,0.5427367,9.350163,0.0,4.5267954,-2.5722356,0.6296296,45.055515,0.0,0.0,0.0,1.0,0.0,0,0.0,0.0,2.6074224,0.0,4.7483225,1.3095176,1.9562329,0.0,1.9547789,2.703687
0,178,179.0,10.0,1.0,1.0,159.0,1.0,1.0,1.0,0.85382867,1.0,-0.0,0.0,-5.0422168e-05,-0.1461209,0.14990121,2.4389522,1.3149718,5.8529997,0.74911493,11.404965,0.0,3.8578286,-4.461431,0.6712963,46.800076,0.0,0.0,0.0,1.0,0.0,0,2.9622483,0.0,3.4461622,0.0,3.9636936,0.57196414,0.0,0.0,1.7498575,2.524684
1,178,179.0,10.0,1.0,1.0,158.0,1.0,1.0,1.0,0.87248033,1.0,-0.0,0.0,-5.1984858e-05,-0.12746768,0.51228553,2.7630897,1.2308717,6.164585,0.56973755,10.916522,0.0,4.304387,-0.61610246,0.6111111,44.44018,0.0,0.0,0.0,1.0,0.0,0,3.3213956,0.0,2.9719589,0.0,5.5269465,2.9818628,0.17699753,0.0,2.3674247,2.0417404
2,178,179.0,10.0,1.0,1.0,158.0,1.0,1.0,1.0,0.8367312,1.0,-0.0,0.0,-6.7921086e-05,-0.16320083,0.5461175,2.7226489,1.6703784,5.9641876,0.7020717,9.764211,0.0,5.074431,0.58401656,0.6064815,46.28827,0.0,0.0,0.0,1.0,0.0,0,4.211622,0.0,3.8738806,0.0,5.2391753,0.0,0.20516838,0.0,0.95507354,2.3514805
3,178,179.0,10.0,1.0,1.0,158.0,1.0,1.0,1.0,0.89130104,1.0,-0.0,0.0,-4.4823686e-05,-0.10865415,0.45702344,2.7593172,1.3059157,5.8723664,0.5429034,9.22488,0.0,4.4227495,-1.8938211,0.6296296,45.46053,0.0,0.0,0.0,0.0,0.0,0,0.0,0.0,2.902978,0.0,5.753667,1.6000911,1.3466517,0.0,2.2521067,2.2795117
0,179,180.0,10.0,1.0,1.0,160.0,1.0,1.0,1.0,0.8559912,1.0,-0.0,0.0,-5.3164997e-05,-0.14395565,0.4178606,2.543898,1.2791563,5.800456,0.7451782,11.543666,0.0,3.224765,-2.419415,0.6712963,46.856968,0.0,0.0,0.0,1.0,0.0,0,5.0152373,0.0,2.771192,0.0,5.8763266,0.3655945,0.0,0.0,1.805407,2.5008752
1,179,180.0,10.0,1.0,1.0,159.0,1.0,1.0,1.0,0.86684644,1.0,-0.0,0.0,-4.9612987e-05,-0.133104,0.33232456,2.404564,1.2651073,5.1994014,0.5717733,10.997934,0.0,4.0496063,-2.4466207,0.6111111,44.852238,0.0,0.0,0.0,1.0,0.0,0,4.406488,0.0,2.842781,0.0,4.9975557,2.631849,0.0,0.0,1.1289424,2.581781
2,179,180.0,10.0,1.0,1.0,159.0,1.0,1.0,1.0,0.8317499,1.0,-0.0,0.0,-5.562337e-05,-0.16819447,0.383668,2.3849218,1.8083583,6.4132457,0.7294816,9.02898,0.0,5.8645444,-0.03925897,0.6064815,46.682472,0.0,0.0,0.0,1.0,0.0,0,2.390324,0.0,5.038654,0.0,3.749658,1.9733565,0.0,0.0,1.4223762,2.7482882
3,179,180.0,10.0,1.0,1.0,159.0,1.0,1.0,1.0,0.8886594,1.0,-0.0,0.0,-3.6052283e-05,-0.11130451,0.28266758,2.5163884,1.3414714,5.346257,0.5398971,9.117234,0.0,4.208171,-3.6672475,0.6296296,45.750072,0.0,0.0,0.0,0.0,0.0,0,0.0,0.0,2.6280363,0.0,5.0521345,1.7123797,0.8108703,0.0,1.4814171,2.3693047
0,180,181.0,10.0,1.0,1.0,161.0,1.0,1.0,1.0,0.8509023,1.0,-0.0,0.0,-5.159928e-05,-0.1490461,0.2197463,2.386121,1.3142302,5.188095,0.7431669,11.586038,0.0,3.1986759,-4.1871715,0.6712963,47.104336,0.0,0.0,0.0,1.0,0.0,0,2.867185,0.0,3.2887497,0.0,3.442218,0.8362711,0.0,0.0,1.2397087,3.016642
1,180,181.0,10.0,1.0,1.0,160.0,1.0,1.0,1.0,0.8674469,1.0,-0.0,0.0,-5.660589e-05,-0.13249646,0.5924556,2.5471196,1.2532597,5.760088,0.57105947,11.05034,0.0,3.668744,-0.4343437,0.6111111,44.967533,0.0,0.0,0.0,1.0,0.0,0,3.9558299,0.0,2.9812932,0.0,5.2388725,2.5127897,0.0,0.0,1.4025804,2.6315773
2,180,181.0,10.0,1.0,1.0,160.0,1.0,1.0,1.0,0.8995404,1.0,-0.0,0.0,-5.3011634e-05,-0.1004066,0.53164995,2.5245595,1.7036679,5.791134,0.83735305,5.7468867,0.0,4.789497,0.75091517,0.6064815,46.85543,0.0,0.0,0.0,1.0,0.0,0,5.0778675,0.0,3.8720365,0.0,5.583176,0.0,0.0,0.0,0.0,1.2670459
3,180,181.0,10.0,1.0,1.0,160.0,1.0,1.0,1.0,0.893425,1.0,-0.0,0.0,-4.11151e-05,-0.10653391,0.47155544,2.5048988,1.3077605,5.609961,0.53803915,9.08383,0.0,4.03842,-2.2789528,0.6296296,45.818268,0.0,0.0,0.0,0.0,0.0,0,0.0,0.0,2.7284112,0.0,5.621593,1.9190143,0.6193402,0.0,1.4645779,2.202238
0,181,182.0,10.0,1.0,1.0,162.0,1.0,1.0,1.0,0.85755527,1.0,-0.0,0.0,-5.205e-05,-0.14239272,0.4158303,2.9715142,1.2448381,4.840529,0.7385707,11.707277,0.0,2.6725428,-2.6942482,0.6712963,47.718834,0.0,0.0,0.0,1.0,0.0,0,4.9607143,0.0,3.2579126,0.0,5.7671943,0.7190066,0.0,0.0,1.0953844,3.6894948
1,181,182.0,10.0,1.0,1.0,161.0,1.0,1.0,1.0,0.86012685,1.0,-0.0,0.0,-4.8237096e-05,-0.13982494,0.45311376,2.4043055,1.2988262,4.8304906,0.5690019,11.148299,0.0,3.6358807,-1.6443646,0.6111111,45.185577,0.0,0.0,0.0,1.0,0.0,0,4.8727565,0.0,2.788633,0.0,4.8774424,2.3351507,0.0,0.0,0.8743325,3.1391203
2,181,182.0,10.0,1.0,1.0,161.0,1.0,1.0,1.0,0.8942122,1.0,-0.0,0.0,-4.4648637e-05,-0.10574317,0.3286872,2.633596,1.8010644,6.162425,1.0448809,5.150533,0.0,5.445285,-4.918711,0.6064815,47.16179,0.0,0.0,0.0,1.0,0.0,0,2.6710007,0.0,4.9224634,0.0,3.314622,0.0,0.0,0.0,0.0,3.1987374
3,181,182.0,10.0,1.0,1.0,161.0,1.0,1.0,1.0,0.88820505,1.0,-0.0,0.0,-2.697361e-05,-0.11176795,0.38090384,2.5319111,1.353803,4.710689,0.53539765,9.052553,0.0,3.5869775,-2.9861135,0.6296296,45.85737,0.0,0.0,0.0,0.0,0.0,0,0.0,0.0,2.770071,0.0,5.0143304,2.0120656,0.2683792,0.0,0.86869335,2.772503
0,182,183.0,10.0,1.0,1.0,163.0,1.0,1.0,1.0,0.83718103,1.0,-0.0,0.0,-4.6145007e-05,-0.16277285,0.32756442,2.2032995,1.3901385,4.8000865,0.72697985,11.840331,0.0,3.2705193,-2.7926016,0.6712963,48.578175,0.0,0.0,0.0,1.0,0.0,0,4.0836635,0.0,2.5532556,0.0,4.6125665,1.0828559,0.0,0.0,0.049034122,3.968046
1,182,183.0,10.0,1.0,1.0,162.0,1.0,1.0,1.0,0.8640448,1.0,-0.0,0.0,-5.1118455e-05,-0.13590404,0.553561,3.0384362,1.2464185,5.068091,0.560937,11.306103,0.0,3.1867187,-1.1956421,0.6111111,45.84934,0.0,0.0,0.0,1.0,0.0,0,3.9314625,0.0,2.9214122,0.0,4.305851,2.5951645,0.0,0.0,0.69862086,3.6680768
2,182,183.0,10.0,1.0,1.0,162.0,1.0,1.0,1.0,0.8989375,1.0,-0.0,0.0,-5.0393133e-05,-0.10101211,0.37022942,3.2256155,1.7203755,6.038819,1.0615715,5.657909,0.0,4.943992,-6.6334167,0.6064815,47.719433,0.0,0.0,0.0,1.0,0.0,0,3.6138136,0.0,4.7861247,0.0,4.674044,0.0,0.0,0.0,0.0,2.9689364
3,182,183.0,10.0,1.0,1.0,162.0,1.0,1.0,1.0,0.8930633,1.0,-0.0,0.0,-3.101822e-05,-0.10690569,0.39170906,2.9702535,1.3105278,4.3363385,0.5270045,9.085382,0.0,2.9318464,-3.3524194,0.6296296,46.32973,0.0,0.0,0.0,0.0,0.0,0,0.0,0.0,2.607798,0.0,5.2695255,2.2389247,0.27338874,0.0,0.6687491,3.4029036
0,183,184.0,10.0,1.0,1.0,164.0,1.0,1.0,1.0,0.8422041,1.0,-0.0,0.0,-5.0262915e-05,-0.15774564,0.5687144,2.8791611,1.3133821,4.3057194,0.7114491,12.114372,0.0,2.869967,-0.81365275,0.6712963,49.181202,0.0,0.0,0.0,1.0,0.0,0,4.2841516,0.0,2.7787943,0.0,5.4889007,0.26752025,0.0,0.0,0.21789716,4.26747
1,183,184.0,10.0,1.0,1.0,163.0,1.0,1.0,1.0,0.846171,1.0,-0.0,0.0,-4.8805636e-05,-0.15378016,0.43801332,2.224707,1.3703911,4.3053555,0.5441132,11.448875,0.0,3.7263072,-1.6814089,0.6111111,46.74235,0.0,0.0,0.0,1.0,0.0,0,4.3428574,0.0,2.4537604,0.0,4.9513416,2.2406669,0.0,0.0,0.037442785,4.0173645
2,183,184.0,10.0,1.0,1.0,163.0,1.0,1.0,1.0,0.85242325,1.0,-0.0,0.0,-3.3570086e-05,-0.14754319,0.38628095,2.6582713,1.8916065,6.5150065,1.1519221,7.1655426,0.0,5.894449,-5.0945134,0.6064815,48.40979,0.0,0.0,0.0,1.0,0.0,0,3.7629948,0.0,4.5561643,0.0,4.7177405,0.0,0.0,0.0,0.0,3.8948336
3,183,184.0,10.0,1.0,1.0,163.0,1.0,1.0,1.0,0.8720703,1.0,-0.0,0.0,-2.4856477e-05,-0.12790485,0.42807832,2.4194067,1.4868747,3.7915757,0.51612324,9.022731,0.0,3.229133,-1.8905578,0.6296296,46.975952,0.0,0.0,0.0,0.0,0.0,0,0.0,0.0,2.6320202,0.0,5.2804556,2.031687,0.23315486,0.0,0.14637417,4.158688
0,184,185.0,10.0,1.0,1.0,165.0,1.0,1.0,1.0,0.9074343,1.0,-0.0,0.0,-6.155019e-05,-0.092504136,0.41457117,2.2119799,1.4855875,4.491881,0.780696,6.9083414,0.0,4.0536666,-0.008318573,0.6712963,50.018127,0.0,0.0,0.0,1.0,0.0,0,4.092235,0.0,3.0720403,0.0,4.3718047,1.2173864,0.0,0.0,0.0,4.2274327
1,184,185.0,10.0,1.0,1.0,164.0,1.0,1.0,1.0,0.8507302,1.0,-0.0,0.0,-4.9080627e-05,-0.14922078,0.68543553,2.8765817,1.2950754,3.8696418,0.52218765,11.74018,0.0,3.4455442,0.5281167,0.6111111,47.317104,0.0,0.0,0.0,1.0,0.0,0,5.0208254,0.0,2.8461797,0.0,5.3877606,2.4673915,0.0,0.0,0.11330662,4.5682206
2,184,185.0,10.0,1.0,1.0,164.0,1.0,1.0,1.0,0.85805935,1.0,-0.0,0.0,-4.224512e-05,-0.14189838,0.525387,3.0524998,1.8074572,6.174739,1.1550143,7.457973,0.0,5.640209,-5.873223,0.6064815,48.783894,0.0,0.0,0.0,1.0,0.0,0,4.188184,0.0,4.98864,0.0,4.764891,0.0,0.0,0.0,0.0,3.1783295
3,184,185.0,10.0,1.0,1.0,164.0,1.0,1.0,1.0,0.87018085,1.0,-0.0,0.0,-1.947942e-05,-0.1297997,0.5820062,2.7315784,1.4805734,2.9063993,0.49750772,9.18368,0.0,3.2615275,-0.032396056,0.6296296,47.21637,0.0,0.0,0.0,0.0,0.0,0,1.6991785,0.0,2.9240708,0.0,5.8804564,2.291645,0.053641833,0.0,0.15195191,4.366261
0,185,186.0,10.0,1.0,1.0,166.0,1.0,1.0,1.0,0.9201087,1.0,-0.0,0.0,-7.000795e-05,-0.07982126,0.7142179,2.9395885,1.441326,4.2454796,0.79535246,6.47933,0.0,3.9141161,3.1461267,0.6712963,50.694794,0.0,0.0,0.0,1.0,0.0,0,4.7304606,0.0,2.4100645,0.0,5.845524,0.53779525,0.0,0.0,0.0,3.6033773
1,185,186.0,10.0,1.0,1.0,165.0,1.0,1.0,1.0,0.83514863,1.0,-0.0,0.0,-5.9304e-05,-0.16479206,0.5332105,2.1697786,1.4339759,3.436111,0.51253206,11.632703,0.0,4.52593,0.20024645,0.6111111,48.12548,0.0,0.0,0.0,1.0,0.0,0,4.1798515,0.0,2.1406076,0.0,5.021388,2.1293464,0.0,0.0,0.0,3.879508
2,185,186.0,10.0,1.0,1.0,165.0,1.0,1.0,1.0,0.83509016,1.0,-0.0,0.0,-3.6009405e-05,-0.16487384,0.41549802,2.6506066,1.9661489,6.918989,1.1518577,7.6463137,0.0,6.6665916,-5.8231277,0.6111111,49.36692,0.0,0.0,0.0,0.0,0.0,0,2.4725509,0.0,5.5855584,0.0,3.8447387,0.0,0.0,0.0,0.0,4.5646067
3,185,186.0,10.0,1.0,1.0,165.0,1.0,1.0,1.0,0.8590293,1.0,-0.0,0.0,-3.3498913e-05,-0.14093718,0.51970553,2.319333,1.5899992,3.3913963,0.4886961,9.031236,0.0,3.9586399,-0.24720468,0.6296296,47.773075,0.0,0.0,0.0,0.0,0.0,0,3.0778577,0.0,2.7782323,0.0,4.889105,2.4781907,0.0044621667,0.0,0.027811263,4.2748504
0,186,187.0,10.0,1.0,1.0,167.0,1.0,1.0,1.0,0.88895696,1.0,-0.0,0.0,-9.51905e-05,-0.110947855,0.38223788,2.1236527,1.6816003,5.6666203,0.79717404,6.5448685,0.0,5.441397,-0.48870033,0.6712963,51.613205,0.0,0.0,0.0,1.0,0.0,0,3.2203052,0.0,1.940247,0.0,4.150295,0.9758613,0.0,0.0,0.0,3.2520936
1,186,187.0,10.0,1.0,1.0,166.0,1.0,1.0,1.0,0.83369654,1.0,-0.0,0.0,-6.996663e-05,-0.16623348,0.81695765,2.909859,1.3828045,3.283981,0.48065436,12.102974,0.0,4.396989,1.8614316,0.6111111,48.80308,0.0,0.0,0.0,1.0,0.0,0,5.2524157,0.0,2.7435787,0.0,5.7509365,2.1552458,0.0,0.0,0.0,4.455068
2,186,187.0,10.0,1.0,1.0,166.0,1.0,1.0,1.0,0.83643585,1.0,-0.0,0.0,-5.687945e-05,-0.1635073,0.5503297,3.0936935,1.9537015,6.9082274,1.1503234,7.657676,0.0,6.6635613,-6.833149,0.6111111,49.79814,0.0,0.0,0.0,1.0,0.0,0,3.5538964,0.0,5.2341056,0.0,4.5413294,0.0,0.0,0.0,0.0,3.0314727
3,186,187.0,10.0,1.0,1.0,166.0,1.0,1.0,1.0,0.85684144,1.0,-0.0,0.0,-3.8541042e-05,-0.14311999,0.6426927,2.9037795,1.5581741,3.330138,0.4603955,9.400892,0.0,3.8945053,0.25166756,0.6296296,48.30034,0.0,0.0,0.0,0.0,0.0,0,2.5962472,0.0,2.6202874,0.0,5.4529,2.2251081,0.0,0.0,0.0,4.3601575
0,187,188.0,10.0,1.0,1.0,168.0,1.0,1.0,1.0,0.8935048,1.0,-0.0,0.0,-7.277547e-05,-0.106422424,0.7038411,2.9593186,1.5872055,5.3271847,1.0092837,6.9813027,0.0,4.935941,-1.5573548,0.6712963,52.472973,0.0,0.0,0.0,1.0,0.0,0,4.898512,0.0,2.5372252,0.0,5.739586,0.0,0.0,0.0,0.0,1.0765887
1,187,188.0,10.0,1.0,1.0,167.0,1.0,1.0,1.0,0.8106748,1.0,-0.0,0.0,-9.3869545e-05,-0.18923134,0.4548259,2.113358,1.5950928,4.1541424,0.47578397,11.890684,0.0,5.763746,-0.41601807,0.6111111,49.70752,0.0,0.0,0.0,1.0,0.0,0,3.286312,0.0,1.6384728,0.0,4.7960095,1.8495898,0.0,0.0,0.0,3.6176019
2,187,188.0,10.0,1.0,1.0,167.0,1.0,1.0,1.0,0.79760927,1.0,-0.0,0.0,-6.081164e-05,-0.20232993,0.3335547,2.688267,2.2323236,8.646006,1.145557,7.8973684,0.0,8.641292,-9.093578,0.625,50.488056,0.0,0.0,0.0,0.0,0.0,0,1.1573676,0.0,5.687228,0.0,3.9947474,0.0,0.0,0.0,0.0,4.7854404
3,187,188.0,10.0,1.0,1.0,167.0,1.0,1.0,1.0,0.8407006,1.0,-0.0,0.0,-6.6345434e-05,-0.15923303,0.36290026,2.2430341,1.7332932,4.614646,0.461568,9.054283,0.0,5.2023983,-1.885348,0.6296296,49.092808,0.0,0.0,0.0,0.0,0.0,0,2.889488,0.0,2.1521113,0.0,4.4455633,2.477067,0.0,0.0,0.0,4.158467
0,188,189.0,10.0,1.0,1.0,169.0,1.0,1.0,1.0,0.78221804,1.0,-0.0,0.0,-6.6004926e-05,-0.21771598,0.39875025,2.955311,1.7264565,6.4219093,1.559697,12.614533,0.0,6.0366,-13.230984,0.6805556,53.619488,0.0,0.0,0.0,1.0,0.0,0,3.9961364,0.0,3.3927937,0.0,6.2265263,0.0,0.0,0.0,0.0,1.8064735
1,188,189.0,10.0,1.0,1.0,168.0,1.0,1.0,1.0,0.811575,1.0,-0.0,0.0,-7.739638e-05,-0.18834764,0.7618599,2.8153596,1.504341,3.9026785,0.4318561,12.5183,0.0,5.2782655,1.2300601,0.6111111,50.364704,0.0,0.0,0.0,1.0,0.0,0,5.114845,0.0,2.660243,0.0,5.7347255,1.81719,0.0,0.0,0.0,4.4962707
2,188,189.0,10.0,1.0,1.0,168.0,1.0,1.0,1.0,0.79406476,1.0,-0.0,0.0,-5.2845036e-05,-0.20588237,0.473319,3.0912445,2.1866674,8.409171,1.1730152,8.452936,0.0,8.368958,-10.579118,0.625,50.909595,0.0,0.0,0.0,1.0,0.0,0,3.0421796,0.0,5.450103,0.0,4.8499866,0.0,0.0,0.0,0.0,1.6963133
3,188,189.0,10.0,1.0,1.0,168.0,1.0,1.0,1.0,0.8417822,1.0,-0.0,0.0,-5.4800632e-05,-0.15816303,0.5960744,2.8406625,1.6483091,4.170317,0.42216825,9.627462,0.0,4.780695,0.109876506,0.6296296,49.658596,0.0,0.0,0.0,0.0,0.0,0,5.001986,0.0,2.6426544,0.0,5.5057955,2.147392,0.0,0.0,0.0,4.379653
0,189,190.0,10.0,1.0,1.0,170.0,1.0,1.0,1.0,0.75010985,1.0,-0.0,0.0,-6.356453e-05,-0.2498266,0.54072624,3.2540154,1.748489,6.3917184,1.6622907,14.375927,0.0,6.2501845,-15.195208,0.6851852,53.95811,0.0,0.0,0.0,1.0,0.0,0,4.8756113,0.0,3.4912484,0.0,6.147881,0.0,0.0,0.0,0.0,1.0177835
1,189,190.0,10.0,1.0,1.0,169.0,1.0,1.0,1.0,0.79809225,1.0,-0.0,0.0,-7.505804e-05,-0.20183271,0.4225474,2.3154206,1.6514556,5.250947,0.41701445,12.224045,0.0,6.3498664,-1.30051,0.6111111,51.16704,0.0,0.0,0.0,1.0,0.0,0,2.079968,0.0,2.5642414,0.0,3.8038852,2.1276064,0.0,0.0,0.0,4.3518953
2,189,190.0,10.0,1.0,1.0,169.0,1.0,1.0,1.0,0.77158517,1.0,-0.0,0.0,-5.0729697e-05,-0.2283641,0.32640025,2.9514003,2.2773294,9.255577,1.1710352,9.121874,0.0,9.049239,-13.787594,0.625,51.40804,0.0,0.0,0.0,1.0,0.0,0,3.3851686,0.0,5.19723,0.0,6.0254006,0.0,0.0,0.0,0.0,2.7581828
3,189,190.0,10.0,1.0,1.0,169.0,1.0,1.0,1.0,0.8349682,1.0,-0.0,0.0,-6.520979e-05,-0.16496661,0.31537265,2.4268231,1.7311258,5.352405,0.41797557,9.414552,0.0,5.8087645,-2.6877987,0.6296296,50.389336,0.0,0.0,0.0,0.0,0.0,0,2.62652,0.0,2.7712114,0.0,4.420095,2.6754708,0.0,0.0,0.0,4.56849
0,190,191.0,10.0,1.0,1.0,171.0,1.0,1.0,1.0,0.7399265,1.0,-0.0,0.0,-7.132317e-05,-0.26000214,0.47814474,2.9092264,1.9021156,7.3356733,1.5691445,13.834261,0.0,7.554709,-12.776769,0.6851852,54.341793,0.0,0.0,0.0,1.0,0.0,0,4.018366,0.0,4.1238585,0.0,7.4211373,0.0,0.0,0.0,0.0,3.4761655
1,190,191.0,10.0,1.0,1.0,170.0,1.0,1.0,1.0,0.7945766,1.0,-0.0,0.0,-6.0239836e-05,-0.20536317,0.73559546,2.6735532,1.6000562,4.7500796,0.3784127,12.821368,0.0,6.261248,1.2789136,0.6111111,51.523335,0.0,0.0,0.0,1.0,0.0,0,5.1823726,0.0,2.8690124,0.0,5.6885505,1.6043346,0.0,0.0,0.0,4.4487214
2,190,191.0,10.0,1.0,1.0,170.0,1.0,1.0,1.0,0.761582,1.0,-0.0,0.0,-3.4000353e-05,-0.23838401,0.4102137,2.9710596,2.26594,9.157022,1.1911228,9.808492,0.0,9.140542,-13.905531,0.625,51.478813,0.0,0.0,0.0,1.0,0.0,0,2.5567412,0.0,5.79089,0.0,5.4773207,0.0,0.0,0.0,0.0,2.8216212
3,190,191.0,10.0,1.0,1.0,170.0,1.0,1.0,1.0,0.83247715,1.0,-0.0,0.0,-5.0471153e-05,-0.16747236,0.6409861,2.7311285,1.6820905,4.9499245,0.37760726,9.932661,0.0,5.6829615,0.8861711,0.6296296,50.71323,0.0,0.0,0.0,0.0,0.0,0,5.3132567,0.0,2.7475479,0.0,5.964583,1.9616063,0.0,0.0,0.0,4.464634
0,191,192.0,10.0,1.0,1.0,172.0,1.0,1.0,1.0,0.7579762,1.0,-0.0,0.0,-4.1490912e-05,-0.24198237,0.44921488,2.9708397,1.839664,7.341436,1.5258319,13.221461,0.0,7.311475,-14.094866,0.6851852,54.467373,0.0,0.0,0.0,1.0,0.0,0,4.692189,0.0,4.8483286,0.0,7.118488,0.0,0.0,0.0,0.0,3.0822022
1,191,192.0,10.0,1.0,1.0,171.0,1.0,1.0,1.0,0.79249746,1.0,-0.0,0.0,-7.067674e-05,-0.20743184,0.3510967,2.3552945,1.7026248,5.8304815,0.37818465,12.176224,0.0,7.282922,-1.4267545,0.6157407,52.00561,0.0,0.0,0.0,1.0,0.0,0,2.1706748,0.0,2.8815787,0.0,4.0980535,2.721228,0.0,0.0,0.0,5.1300373
2,191,192.0,10.0,1.0,1.0,171.0,1.0,1.0,1.0,0.7652143,1.0,-0.0,0.0,-3.490893e-05,-0.23475072,0.4274875,2.8361714,2.2796926,9.390719,1.1543067,9.487347,0.0,9.610387,-12.867286,0.625,51.67108,0.0,0.0,0.0,1.0,0.0,0,3.7037382,0.0,6.415755,0.0,6.733033,0.0,0.0,0.0,0.0,3.974595
3,191,192.0,10.0,1.0,1.0,171.0,1.0,1.0,1.0,0.8337133,1.0,-0.0,0.0,-5.886018e-05,-0.16622783,0.27659798,2.4391155,1.7246237,5.6893744,0.37426394,9.538991,0.0,6.3045306,-2.8980682,0.6342593,51.117104,0.0,0.0,0.0,0.0,0.0,0,2.697613,0.0,2.4109383,0.0,3.956949,2.5952077,0.0,0.0,0.0,4.7681475
0,192,193.0,10.0,1.0,1.0,173.0,1.0,1.0,1.0,0.7672888,1.0,-0.0,0.0,-3.4995443e-05,-0.23267621,0.4121393,2.920103,1.8669573,7.7311735,1.4200251,12.458391,0.0,7.9188414,-13.96009,0.6851852,54.537617,0.0,0.0,0.0,1.0,0.0,0,5.4532332,0.0,4.6304736,0.0,9.923487,0.0,0.0,0.0,0.0,3.6013174
1,192,193.0,10.0,1.0,1.0,172.0,1.0,1.0,1.0,0.79663444,1.0,-0.0,0.0,-5.1484956e-05,-0.20331404,0.5725317,2.657592,1.5973221,5.2750473,0.3504791,12.7189245,0.0,6.666533,-0.08780509,0.6157407,52.319412,0.0,0.0,0.0,1.0,0.0,0,4.9698915,0.0,2.7323513,0.0,5.5657187,1.6942807,0.0,0.0,0.0,4.602145
2,192,193.0,10.0,1.0,1.0,172.0,1.0,1.0,1.0,0.76658106,1.0,-0.0,0.0,-3.443571e-05,-0.23338446,0.43890887,2.8393536,2.259218,9.477761,1.1569972,9.558932,0.0,9.44373,-13.502131,0.625,51.719753,0.0,0.0,0.0,1.0,0.0,0,1.9949187,0.0,5.5052204,0.0,6.78168,0.0,0.0,0.0,0.0,3.8277068
3,192,193.0,10.0,1.0,1.0,172.0,1.0,1.0,1.0,0.8391814,1.0,-0.0,0.0,-4.407673e-05,-0.16077451,0.5269296,2.6686773,1.6211225,5.132717,0.34465745,9.988051,0.0,5.716626,-0.5182531,0.6342593,51.37673,0.0,0.0,0.0,0.0,0.0,0,4.871334,0.0,2.3625464,0.0,5.8615537,2.044092,0.0,0.0,0.0,4.6743784
0,193,194.0,10.0,1.0,1.0,174.0,1.0,1.0,1.0,0.7705953,1.0,-0.0,0.0,-2.6422169e-05,-0.22937825,0.39558,2.9056578,1.8559028,7.94158,1.3984151,12.343424,0.0,7.830777,-14.261281,0.6851852,54.54821,0.0,0.0,0.0,1.0,0.0,0,4.828849,0.0,4.484368,0.0,10.416007,0.0,0.0,0.0,0.0,4.4948792
1,193,194.0,10.0,1.0,1.0,173.0,1.0,1.0,1.0,0.7993996,1.0,-0.0,0.0,-4.4361313e-05,-0.20055604,0.28044397,2.5605316,1.6694026,6.060435,0.3546764,12.012842,0.0,7.407401,-2.6798415,0.6157407,52.62693,0.0,0.0,0.0,1.0,0.0,0,2.7261863,0.0,3.1373496,0.0,4.5192423,2.8089125,0.0,0.0,0.0,5.387366
2,193,194.0,10.0,1.0,1.0,173.0,1.0,1.0,1.0,0.7703397,1.0,-0.0,0.0,-2.9536846e-05,-0.22963072,0.45612156,2.8396895,2.2807927,9.818953,1.1205633,9.171899,0.0,9.984182,-12.962907,0.6342593,51.83239,0.0,0.0,0.0,1.0,0.0,0,3.7987978,0.0,6.7014713,0.0,7.1433754,0.0,0.0,0.0,0.0,3.9853985
3,193,194.0,10.0,1.0,1.0,173.0,1.0,1.0,1.0,0.84372747,1.0,-0.0,0.0,-3.53899e-05,-0.15623714,0.24482459,2.570599,1.6430892,5.653617,0.34282255,9.551059,0.0,6.2110085,-3.3943188,0.6342593,51.617146,0.0,0.0,0.0,0.0,0.0,0,3.1222968,0.0,2.3953762,0.0,4.483958,2.617646,0.0,0.0,0.0,5.0904374
0,194,195.0,10.0,1.0,1.0,175.0,1.0,1.0,1.0,0.7833672,1.0,-0.0,0.0,-2.4420086e-05,-0.21660833,0.38369036,2.9252856,1.8718483,8.250425,1.2901063,11.457637,0.0,8.475769,-14.374912,0.6851852,54.59372,0.0,0.0,0.0,1.0,0.0,0,4.64302,0.0,5.0752745,0.0,9.662975,0.0,0.0,0.0,0.0,3.7629054
1,194,195.0,10.0,1.0,1.0,174.0,1.0,1.0,1.0,0.8038216,1.0,-0.0,0.0,-3.730366e-05,-0.19614108,0.44758207,2.6978874,1.5811262,5.3475757,0.3444617,12.410017,0.0,6.8903384,-1.8491633,0.6157407,52.77246,0.0,0.0,0.0,1.0,0.0,0,3.7186909,0.0,2.9783685,0.0,5.4554095,1.9892759,0.0,0.0,0.0,4.8548923
2,194,195.0,10.0,1.0,1.0,174.0,1.0,1.0,1.0,0.76994973,1.0,-0.0,0.0,-2.4386152e-05,-0.2300259,0.46597123,2.7826688,2.3074608,10.073367,1.1242867,8.995597,0.0,9.949634,-12.948851,0.6342593,51.87313,0.0,0.0,0.0,1.0,0.0,0,1.6281705,0.0,5.9086347,0.0,8.339239,0.0,0.0,0.0,0.0,5.5176578
3,194,195.0,10.0,1.0,1.0,174.0,1.0,1.0,1.0,0.84871304,1.0,-0.0,0.0,-3.2972883e-05,-0.151254,0.4578486,2.6781366,1.5615382,5.091211,0.3304627,9.863703,0.0,5.7233763,-1.531003,0.6342593,51.747627,0.0,0.0,0.0,0.0,0.0,0,4.5912557,0.0,2.557496,0.0,5.5350633,2.2927287,0.0,0.0,0.0,5.0201173
0,195,196.0,10.0,1.0,1.0,176.0,1.0,1.0,1.0,0.7846321,1.0,-0.0,0.0,-2.2471313e-05,-0.21534544,0.3774114,2.892394,1.880268,8.560225,1.2882463,11.318716,0.0,8.5368595,-14.245913,0.6851852,54.6237,0.0,0.0,0.0,1.0,0.0,0,3.8484614,0.0,4.3518276,0.0,10.780167,0.0,0.0,0.0,0.0,5.5234003
1,195,196.0,10.0,1.0,1.0,175.0,1.0,1.0,1.0,0.8100982,1.0,-0.0,0.0,-3.3327367e-05,-0.18986852,0.28926954,2.7048388,1.6179972,5.841349,0.3538706,11.757132,0.0,7.417196,-2.8400729,0.6157407,52.9917,0.0,0.0,0.0,1.0,0.0,0,2.958553,0.0,3.2003732,0.0,4.6488566,3.1738243,0.0,0.0,0.0,5.81626
2,195,196.0,10.0,1.0,1.0,175.0,1.0,1.0,1.0,0.77632356,1.0,-0.0,0.0,-2.3085671e-05,-0.2236534,0.49807465,2.8013928,2.2835417,10.19086,1.1038578,8.792642,0.0,10.322528,-12.423803,0.6388889,51.964127,0.0,0.0,0.0,1.0,0.0,0,2.5738828,0.0,7.09335,0.0,7.2036586,0.0,0.0,0.0,0.0,4.7267027
3,195,196.0,10.0,1.0,1.0,175.0,1.0,1.0,1.0,0.85326487,1.0,-0.0,0.0,-2.8947079e-05,-0.14670618,0.27386844,2.6394815,1.5853753,5.441482,0.33431727,9.412055,0.0,6.0981183,-3.4379818,0.6342593,51.936108,0.0,0.0,0.0,1.0,0.0,0,3.552607,0.0,2.4569864,0.0,4.6601253,2.8584368,0.0,0.0,0.0,5.4148455
0,196,197.0,10.0,1.0,1.0,177.0,1.0,1.0,1.0,0.78209734,1.0,-0.0,0.0,-2.2661163e-05,-0.21788004,0.41173214,2.9049513,1.9279433,8.926351,1.2683618,11.113226,0.0,9.023038,-13.882724,0.6851852,54.638332,0.0,0.0,0.0,1.0,0.0,0,3.831142,0.0,4.8284445,0.0,10.824398,0.0,0.0,0.0,0.0,5.20955
1,196,197.0,10.0,1.0,1.0,176.0,1.0,1.0,1.0,0.81769586,1.0,-0.0,0.0,-3.0140565e-05,-0.18227401,0.42745918,2.7458725,1.5306485,5.3665757,0.3547777,11.956576,0.0,7.242481,-1.9563287,0.6157407,53.04366,0.0,0.0,0.0,1.0,0.0,0,3.9124324,0.0,3.6961207,0.0,5.360883,2.747503,0.0,0.0,0.0,5.571523
2,196,197.0,10.0,1.0,1.0,176.0,1.0,1.0,1.0,0.77692366,1.0,-0.0,0.0,-2.5671186e-05,-0.22305068,0.5236387,2.7242928,2.328583,10.659823,1.1153027,8.418668,0.0,10.559052,-11.9536085,0.6388889,52.04402,0.0,0.0,0.0,1.0,0.0,0,1.1565819,0.0,6.335066,0.0,8.466413,0.0,0.0,0.0,0.0,6.232853
3,196,197.0,10.0,1.0,1.0,176.0,1.0,1.0,1.0,0.85803956,1.0,-0.0,0.0,-2.7466373e-05,-0.14193295,0.44280028,2.6833968,1.5172317,5.144753,0.33228594,9.636738,0.0,5.942473,-1.9815425,0.6342593,51.99939,0.0,0.0,0.0,1.0,0.0,0,5.506738,0.0,2.8899133,0.0,5.730197,2.758925,0.0,0.0,0.0,5.456745
0,197,198.0,10.0,1.0,1.0,178.0,1.0,1.0,1.0,0.783754,1.0,-0.0,0.0,-2.1057154e-05,-0.216225,0.43947285,2.672166,1.9037021,9.099772,1.2258874,11.195733,0.0,9.269149,-11.866649,0.6851852,54.883015,0.0,0.0,0.0,1.0,0.0,0,4.470939,0.0,4.774293,0.0,8.491358,0.0,0.0,0.0,0.0,5.4523773
1,197,198.0,10.0,1.0,1.0,177.0,1.0,1.0,1.0,0.82119584,1.0,-0.0,0.0,-2.5579553e-05,-0.17877862,0.41045547,2.7387967,1.5329992,5.6731114,0.36192977,11.729223,0.0,7.722326,-1.8307772,0.6157407,53.06706,0.0,0.0,0.0,1.0,0.0,0,2.9471598,0.0,3.5587897,0.0,4.860666,3.5554147,0.0,0.0,0.0,6.2220583
2,197,198.0,10.0,1.0,1.0,177.0,1.0,1.0,1.0,0.78017074,1.0,-0.0,0.0,-2.7945509e-05,-0.2198013,0.5527042,2.7252963,2.3296382,10.90934,1.1153725,8.215791,0.0,10.869805,-11.703694,0.6388889,52.058846,0.0,0.0,0.0,1.0,0.0,0,1.962468,0.0,6.4794397,0.0,8.931083,0.0,0.0,0.0,0.0,6.2798963
3,197,198.0,10.0,1.0,1.0,177.0,1.0,1.0,1.0,0.8631072,1.0,-0.0,0.0,-2.5888374e-05,-0.13686696,0.39581135,2.6476293,1.513786,5.4813375,0.33697015,9.358623,0.0,6.354435,-1.8338999,0.6342593,52.059563,0.0,0.0,0.0,1.0,0.0,0,3.766987,0.0,3.0974817,0.0,5.1984158,3.6158762,0.0,0.0,0.0,6.1884174
0,198,199.0,10.0,1.0,1.0,179.0,1.0,1.0,1.0,0.79200375,1.0,-0.0,0.0,-2.4437712e-05,-0.20797184,0.44722444,2.7121778,1.8561833,9.019257,1.1963825,11.056935,0.0,9.1526375,-12.06087,0.6851852,54.904373,0.0,0.0,0.0,1.0,0.0,0,3.813141,0.0,4.0791984,0.0,11.439337,0.0,0.0,0.0,0.0,5.346406
1,198,199.0,10.0,1.0,1.0,178.0,1.0,1.0,1.0,0.8280113,1.0,-0.0,0.0,-2.5352483e-05,-0.17196338,0.52748173,2.5145721,1.4633095,5.5086956,0.36872447,11.84298,0.0,7.687225,-0.6056819,0.6157407,53.321953,0.0,0.0,0.0,1.0,0.0,0,5.758838,0.0,3.1568072,0.0,6.253827,2.8728266,0.0,0.0,0.0,5.5505476
2,198,199.0,10.0,1.0,1.0,178.0,1.0,1.0,1.0,0.78158903,1.0,-0.0,0.0,-2.5114514e-05,-0.21838588,0.60136986,2.4742656,2.323795,11.196994,1.1214124,8.174689,0.0,11.162991,-9.970903,0.6388889,52.33493,0.0,0.0,0.0,1.0,0.0,0,3.0851321,0.0,6.5486317,0.0,7.212267,0.0,0.0,0.0,0.0,5.8154874
3,198,199.0,10.0,1.0,1.0,178.0,1.0,1.0,1.0,0.8705914,1.0,-0.0,0.0,-2.5356134e-05,-0.1293833,0.53211635,2.4272327,1.4499041,5.427074,0.3420011,9.388716,0.0,6.3441205,-0.22137073,0.6342593,52.311314,0.0,0.0,0.0,1.0,0.0,0,5.6972337,0.0,2.966812,0.0,6.277031,3.2790864,0.0,0.0,0.0,5.812873
0,199,200.0,10.0,1.0,1.0,180.0,1.0,1.0,1.0,0.790064,1.0,-0.0,0.0,-2.0596379e-05,-0.20991537,0.4795205,2.714274,1.8936161,9.455579,1.1994592,10.8928,0.0,9.577478,-11.449646,0.6851852,54.938538,0.0,0.0,0.0,1.0,0.0,0,3.3507333,0.0,4.363321,0.0,10.858079,0.0,0.0,0.0,0.0,6.5234933
1,199,200.0,10.0,1.0,1.0,179.0,1.0,1.0,1.0,0.8431741,1.0,-0.0,0.0,-2.1275331e-05,-0.15680459,0.53249484,2.5449412,1.3692677,5.6626124,0.37367633,11.638767,0.0,7.9183455,-0.62307435,0.6157407,53.3773,0.0,0.0,0.0,1.0,0.0,0,2.893334,0.0,3.3398027,0.0,4.6235566,3.6923404,0.0,0.0,0.0,6.164147
2,199,200.0,10.0,1.0,1.0,179.0,1.0,1.0,1.0,0.79131234,1.0,-0.0,0.0,-3.111093e-05,-0.20865656,0.5875841,2.541032,2.2571592,11.1674795,1.1139418,8.090698,0.0,11.036296,-10.673861,0.6388889,52.401436,0.0,0.0,0.0,1.0,0.0,0,1.784265,0.0,5.9110737,0.0,9.327668,0.0,0.0,0.0,0.0,6.2674646
3,199,200.0,10.0,1.0,1.0,179.0,1.0,1.0,1.0,0.881852,1.0,-0.0,0.0,-2.0992764e-05,-0.11812704,0.5280424,2.4728227,1.3658999,5.694602,0.3445862,9.343372,0.0,6.5396595,-0.16282499,0.6342593,52.35888,0.0,0.0,0.0,1.0,0.0,0,3.6239283,0.0,3.428768,0.0,5.2844744,3.9038029,0.0,0.0,0.0,6.3908587
0,200,201.0,10.0,1.0,1.0,181.0,1.0,1.0,1.0,0.7988374,1.0,-0.0,0.0,-1.943615e-05,-0.20114312,0.48136413,2.7164524,1.8600123,9.676905,1.1691355,10.618494,0.0,9.919406,-11.365076,0.6851852,55.009396,0.0,0.0,0.0,1.0,0.0,0,3.6318269,0.0,4.351509,0.0,10.200878,0.0,0.0,0.0,0.0,6.541047
1,200,201.0,10.0,1.0,1.0,180.0,1.0,1.0,1.0,0.85265267,1.0,-0.0,0.0,-3.1200012e-05,-0.14731617,0.5711686,2.6401873,1.2786459,5.7069635,0.3767987,11.749126,0.0,7.7401724,-0.47722644,0.6157407,53.44553,0.0,0.0,0.0,1.0,0.0,0,3.686817,0.0,3.4500108,0.0,5.373682,3.978477,0.0,0.0,0.0,6.4192405
2,200,201.0,10.0,1.0,1.0,180.0,1.0,1.0,1.0,0.7892138,1.0,-0.0,0.0,-3.0686577e-05,-0.2107555,0.6109946,2.4975924,2.3107758,11.798141,1.1282725,7.8145113,0.0,11.502799,-9.7804165,0.6388889,52.47947,0.0,0.0,0.0,1.0,0.0,0,1.2078298,0.0,6.7717648,0.0,9.497141,0.0,0.0,0.0,0.0,7.9324017
3,200,201.0,10.0,1.0,1.0,180.0,1.0,1.0,1.0,0.88997054,1.0,-0.0,0.0,-3.377382e-05,-0.10999566,0.61707425,2.608826,1.2926908,5.791134,0.35137752,9.404559,0.0,6.3786416,0.5513504,0.6342593,52.45393,0.0,0.0,0.0,1.0,0.0,0,5.024795,0.0,2.6053588,0.0,5.8287516,3.6993845,0.0,0.0,0.0,6.2154417
0,201,202.0,10.0,1.0,1.0,182.0,1.0,1.0,1.0,0.793396,1.0,-0.0,0.0,-2.0631598e-05,-0.20658338,0.53075254,2.710704,1.921063,10.2490635,1.1772814,10.48703,0.0,10.44182,-10.330842,0.6898148,55.070847,0.0,0.0,0.0,1.0,0.0,0,3.0016682,0.0,4.3378067,0.0,11.60114,0.0,0.0,0.0,0.0,7.5680013
1,201,202.0,10.0,1.0,1.0,181.0,1.0,1.0,1.0,0.8612163,1.0,-0.0,0.0,-2.0224803e-05,-0.13876349,0.49257094,2.698259,1.2361164,6.059142,0.38194478,11.554935,0.0,7.9549017,-1.0359473,0.6157407,53.564507,0.0,0.0,0.0,1.0,0.0,0,4.1476774,0.0,2.6869411,0.0,5.099232,3.8345191,0.0,0.0,0.0,6.2023053
2,201,202.0,10.0,1.0,1.0,181.0,1.0,1.0,1.0,0.79854655,1.0,-0.0,0.0,-3.377495e-05,-0.20141965,0.63134956,2.5638134,2.2407904,11.87782,1.1207218,7.77925,0.0,11.715206,-9.933955,0.6388889,52.552086,0.0,0.0,0.0,1.0,0.0,0,2.0177922,0.0,6.4141855,0.0,8.165669,0.0,0.0,0.0,0.0,7.236974
3,201,202.0,10.0,1.0,1.0,181.0,1.0,1.0,1.0,0.8959219,1.0,-0.0,0.0,-1.935506e-05,-0.10405874,0.4856128,2.6581395,1.255435,6.230666,0.35703385,9.327761,0.0,6.7232156,-1.0004518,0.6342593,52.594894,0.0,0.0,0.0,1.0,0.0,0,4.655942,0.0,2.441123,0.0,5.367323,3.988688,0.0,0.0,0.0,6.3697286
0,202,203.0,10.0,1.0,1.0,183.0,1.0,1.0,1.0,0.7870729,1.0,-0.0,0.0,-2.0350832e-05,-0.21290676,0.591382,2.7088876,1.986537,10.915732,1.1823932,10.375378,0.0,11.143799,-9.164436,0.6898148,55.135475,0.0,0.0,0.0,1.0,0.0,0,3.126317,0.0,4.7564583,0.0,12.169877,0.0,0.0,0.0,0.0,7.9983354
1,202,203.0,10.0,1.0,1.0,182.0,1.0,1.0,1.0,0.8686763,1.0,-0.0,0.0,-2.4144372e-05,-0.13129953,0.5112704,2.6886168,1.163965,6.424713,0.3827834,11.453257,0.0,8.165655,-0.71860754,0.6157407,53.66127,0.0,0.0,0.0,1.0,0.0,0,3.1458821,0.0,3.2228005,0.0,4.7916584,4.5986114,0.0,0.0,0.0,6.921906
2,202,203.0,10.0,1.0,1.0,182.0,1.0,1.0,1.0,0.7961739,1.0,-0.0,0.0,-3.531239e-05,-0.20379084,0.6676685,2.5399702,2.3054578,12.588144,1.1475947,7.4365172,0.0,12.2745905,-8.84425,0.6481481,52.63918,0.0,0.0,0.0,0.0,0.0,0,1.1716895,0.0,6.874939,0.0,11.10292,0.0,0.0,0.0,0.0,9.477744
3,202,203.0,10.0,1.0,1.0,182.0,1.0,1.0,1.0,0.90064234,1.0,-0.0,0.0,-2.3391563e-05,-0.09933428,0.5191647,2.633986,1.2052712,6.624905,0.35894307,9.335151,0.0,6.951075,-0.084209256,0.6342593,52.69789,0.0,0.0,0.0,1.0,0.0,0,4.933429,0.0,2.5190694,0.0,5.596257,4.3250995,0.0,0.0,0.0,6.7311583
0,203,204.0,10.0,1.0,1.0,184.0,1.0,1.0,1.0,0.7776631,1.0,-0.0,0.0,-2.1075233e-05,-0.22231579,0.6376326,2.696673,2.0763488,11.71859,1.1921098,10.266332,0.0,11.832847,-8.056432,0.6898148,55.205708,0.0,0.0,0.0,1.0,0.0,0,2.9778275,0.0,4.6826353,0.0,12.044159,0.0,0.0,0.0,0.0,8.661739
1,203,204.0,10.0,1.0,1.0,183.0,1.0,1.0,1.0,0.8657952,1.0,-0.0,0.0,-1.9459774e-05,-0.13418539,0.51987284,2.7863996,1.1256773,6.773484,0.383018,11.277638,0.0,8.460323,-0.6606961,0.6157407,53.747185,0.0,0.0,0.0,1.0,0.0,0,3.534791,0.0,3.1668825,0.0,5.241631,4.9506965,0.0,0.0,0.0,7.255793
2,203,204.0,10.0,1.0,1.0,183.0,1.0,1.0,1.0,0.7936071,1.0,-0.0,0.0,-2.9182333e-05,-0.20636365,0.7078949,2.5672684,2.3395572,13.170221,1.1447515,7.3351398,0.0,12.82826,-8.260882,0.6481481,52.672623,0.0,0.0,0.0,0.0,0.0,0,1.5016668,0.0,6.9492884,0.0,10.387608,0.0,0.0,0.0,0.0,8.820513
3,203,204.0,10.0,1.0,1.0,183.0,1.0,1.0,1.0,0.8962219,1.0,-0.0,0.0,-1.9063726e-05,-0.103759035,0.53274405,2.7280788,1.1652634,7.0331626,0.3582392,9.192379,0.0,7.248222,-0.021814369,0.6342593,52.796566,0.0,0.0,0.0,1.0,0.0,0,4.815003,0.0,2.594956,0.0,5.742092,4.781432,0.0,0.0,0.0,7.241377
0,204,205.0,10.0,1.0,1.0,185.0,1.0,1.0,1.0,0.7831821,1.0,-0.0,0.0,-2.0580119e-05,-0.21679737,0.62950104,2.651089,2.015277,11.593005,1.2046605,10.393265,0.0,11.679497,-7.6055627,0.6898148,55.29465,0.0,0.0,0.0,1.0,0.0,0,3.5552022,0.0,4.3293347,0.0,13.098586,0.0,0.0,0.0,0.0,8.936948
1,204,205.0,10.0,1.0,1.0,184.0,1.0,1.0,1.0,0.8617798,1.0,-0.0,0.0,-2.2374705e-05,-0.13819784,0.5137228,2.7882366,1.1030744,7.1946673,0.37991726,11.097202,0.0,8.807207,-0.44201687,0.6157407,53.810684,0.0,0.0,0.0,1.0,0.0,0,3.755923,0.0,3.3296218,0.0,5.0556073,5.5087237,0.0,0.0,0.0,7.7075167
2,204,205.0,10.0,1.0,1.0,184.0,1.0,1.0,1.0,0.78898543,1.0,-0.0,0.0,-2.6577985e-05,-0.21098797,0.7381737,2.5696578,2.4056425,13.882552,1.1590517,7.116959,0.0,13.455237,-7.8237166,0.6481481,52.73197,0.0,0.0,0.0,0.0,0.0,0,1.5148046,0.0,7.2543936,0.0,12.280414,0.0,0.0,0.0,0.0,9.657122
3,204,205.0,10.0,1.0,1.0,184.0,1.0,1.0,1.0,0.8907702,1.0,-0.0,0.0,-2.288664e-05,-0.10920693,0.53361505,2.7233522,1.1545924,7.485333,0.3576083,9.067081,0.0,7.6317005,0.060029328,0.6342593,52.86112,0.0,0.0,0.0,1.0,0.0,0,4.600322,0.0,2.4162476,0.0,5.1307864,4.9622245,0.0,0.0,0.0,7.1680694
0,205,206.0,10.0,1.0,1.0,186.0,1.0,1.0,1.0,0.77243966,1.0,-0.0,0.0,-2.2833743e-05,-0.22753751,0.67752826,2.6479752,2.1114006,12.357392,1.209556,10.316745,0.0,12.319793,-7.398324,0.6898148,55.3451,0.0,0.0,0.0,1.0,0.0,0,3.1762547,0.0,4.622342,0.0,12.341655,0.0,0.0,0.0,0.0,9.765655
1,205,206.0,10.0,1.0,1.0,185.0,1.0,1.0,1.0,0.8571567,1.0,-0.0,0.0,-2.2451211e-05,-0.14282084,0.53252465,2.6682186,1.0787549,7.4233403,0.37820727,11.145908,0.0,8.9246025,0.08778274,0.6203704,54.011845,0.0,0.0,0.0,1.0,0.0,0,4.7197375,0.0,2.7614508,0.0,5.2288547,5.1702,0.0,0.0,0.0,7.2575903
2,205,206.0,10.0,1.0,1.0,185.0,1.0,1.0,1.0,0.8029095,1.0,-0.0,0.0,-2.6610653e-05,-0.19706391,0.73628056,2.527879,2.291598,13.642035,1.1775995,7.1368494,0.0,13.10395,-7.8559127,0.6481481,52.823795,0.0,0.0,0.0,0.0,0.0,0,0.8427291,0.0,6.2897725,0.0,11.818402,0.0,0.0,0.0,0.0,9.625317
3,205,206.0,10.0,1.0,1.0,185.0,1.0,1.0,1.0,0.88786286,1.0,-0.0,0.0,-2.198682e-05,-0.11211514,0.58794093,2.5959156,1.1353883,7.76403,0.35763952,8.962877,0.0,7.785908,0.7996736,0.6342593,53.069965,0.0,0.0,0.0,1.0,0.0,0,4.901081,0.0,2.6330395,0.0,5.570975,5.339965,0.0,0.0,0.0,7.5198894
0,206,207.0,10.0,1.0,1.0,187.0,1.0,1.0,1.0,0.7002788,1.0,-0.0,0.0,-1.9664325e-05,-0.2997015,0.8018926,2.525439,2.570637,14.987572,1.2445761,11.202313,0.0,14.611793,-6.713964,0.6990741,55.535572,0.0,0.0,0.0,1.0,0.0,0,3.2461185,0.0,3.995687,0.0,12.351569,0.0,0.0,0.0,0.0,9.368085
1,206,207.0,10.0,1.0,1.0,186.0,1.0,1.0,1.0,0.85347354,1.0,-0.0,0.0,-1.852678e-05,-0.14650789,0.5141657,2.87048,1.0449512,7.59915,0.37509194,11.191321,0.0,8.933666,-0.6092088,0.6203704,54.19308,0.0,0.0,0.0,1.0,0.0,0,4.5001454,0.0,2.5789022,0.0,5.10613,5.3957505,0.0,0.0,0.0,7.6412535
2,206,207.0,10.0,1.0,1.0,186.0,1.0,1.0,1.0,0.78997695,1.0,-0.0,0.0,-2.477135e-05,-0.20999822,0.78126675,2.541367,2.405252,14.45573,1.1790018,7.0605025,0.0,13.8588705,-7.594343,0.6481481,52.87655,0.0,0.0,0.0,0.0,0.0,0,1.8160748,0.0,7.3363442,0.0,13.8360815,0.0,0.0,0.0,0.0,10.224222
3,206,207.0,10.0,1.0,1.0,186.0,1.0,1.0,1.0,0.8870814,1.0,-0.0,0.0,-1.8211458e-05,-0.11290038,0.5956434,2.8433373,1.0933934,7.8780036,0.3575582,8.896018,0.0,7.722046,1.1550523,0.6342593,53.294533,0.0,0.0,0.0,1.0,0.0,0,4.7254763,0.0,2.5213897,0.0,5.2576585,5.59309,0.0,0.0,0.0,7.88911
0,207,208.0,10.0,1.0,1.0,188.0,1.0,1.0,1.0,0.6926979,1.0,-0.0,0.0,-2.9642093e-05,-0.30727252,0.8022431,2.48677,2.602536,15.194173,1.258297,11.417332,0.0,14.555858,-6.688503,0.6990741,55.575603,0.0,0.0,0.0,1.0,0.0,0,2.6252582,0.0,4.2596617,0.0,13.684827,0.0,0.0,0.0,0.0,9.534215
1,207,208.0,10.0,1.0,1.0,187.0,1.0,1.0,1.0,0.85434353,1.0,-0.0,0.0,-2.3392757e-05,-0.14563307,0.43385214,2.637071,1.0155247,7.781967,0.37652227,10.956016,0.0,8.952604,-0.54611826,0.625,54.60291,0.0,0.0,0.0,1.0,0.0,0,4.7560616,0.0,2.5309978,0.0,4.6465364,5.720117,0.0,0.0,0.0,7.766741
2,207,208.0,10.0,1.0,1.0,187.0,1.0,1.0,1.0,0.7443752,1.0,-0.0,0.0,-2.6984215e-05,-0.25559777,0.8516088,2.4419193,2.7328038,16.335493,1.227859,7.339837,0.0,15.543341,-6.852245,0.6481481,53.04984,0.0,0.0,0.0,0.0,0.0,0,1.0307175,0.0,7.1440935,0.0,15.938454,0.0,0.0,0.0,0.0,9.98647
3,207,208.0,10.0,1.0,1.0,187.0,1.0,1.0,1.0,0.8869667,1.0,-0.0,0.0,-2.394106e-05,-0.11300932,0.4008554,2.5883813,1.0610629,7.9606924,0.35822704,8.819865,0.0,7.6332173,-0.49682334,0.6388889,53.72854,0.0,0.0,0.0,1.0,0.0,0,3.8602333,0.0,2.4568222,0.0,4.0547743,5.8367543,0.0,0.0,0.0,7.954435
0,208,209.0,10.0,1.0,1.0,189.0,1.0,1.0,1.0,0.67842287,1.0,-0.0,0.0,-3.1033225e-05,-0.32154608,0.81633556,2.4562025,2.695503,15.599924,1.258674,11.576492,0.0,14.825471,-6.6427326,0.6990741,55.5896,0.0,0.0,0.0,1.0,0.0,0,3.7362807,0.0,4.3717613,0.0,16.688955,0.0,0.0,0.0,0.0,9.439667
1,208,209.0,10.0,1.0,1.0,188.0,1.0,1.0,1.0,0.85544574,1.0,-0.0,0.0,-2.0070234e-05,-0.14453417,0.38922578,2.7702754,0.9689922,7.885258,0.3720913,10.786791,0.0,8.759121,-0.8270433,0.625,54.76203,0.0,0.0,0.0,1.0,0.0,0,3.7306943,0.0,3.0755377,0.0,5.0824165,6.2791505,0.0,0.0,0.0,8.357741
2,208,209.0,10.0,1.0,1.0,188.0,1.0,1.0,1.0,0.74014115,1.0,-0.0,0.0,-3.057904e-05,-0.25982827,0.8476131,2.4275477,2.7583737,16.54179,1.2347484,7.4018917,0.0,15.5547695,-6.83052,0.6481481,53.072506,0.0,0.0,0.0,0.0,0.0,0,1.7021835,0.0,7.468369,0.0,15.781957,0.0,0.0,0.0,0.72471046,11.525935
3,208,209.0,10.0,1.0,1.0,188.0,1.0,1.0,1.0,0.88819945,1.0,-0.0,0.0,-2.0581323e-05,-0.11177996,0.393001,2.7524016,1.0086734,8.008665,0.35546094,8.698131,0.0,7.432999,-0.62292445,0.6388889,53.921276,0.0,0.0,0.0,1.0,0.0,0,4.575473,0.0,2.6335573,0.0,5.3330455,6.3556952,0.0,0.0,0.0,8.435983
0,209,210.0,10.0,1.0,1.0,190.0,1.0,1.0,1.0,0.6474177,1.0,-0.0,0.0,-4.894584e-05,-0.35253334,0.8117944,2.3341372,2.857223,16.212923,1.3039143,12.222826,0.0,15.06108,-6.5742645,0.6990741,55.668564,0.0,0.0,0.0,0.0,0.0,0,2.5388749,0.0,4.2204504,0.0,17.220766,0.0,0.0,0.0,0.74018216,8.736312
1,209,210.0,10.0,1.0,1.0,189.0,1.0,1.0,1.0,0.85456455,1.0,-0.0,0.0,-2.5767291e-05,-0.14540969,0.4819706,2.766917,0.97748095,7.995057,0.36716673,10.729523,0.0,8.925879,-0.0064084306,0.625,54.80084,0.0,0.0,0.0,1.0,0.0,0,4.723975,0.0,2.747291,0.0,5.1328716,6.1673584,0.0,0.0,0.0,8.187115
2,209,210.0,10.0,1.0,1.0,189.0,1.0,1.0,1.0,0.73415834,1.0,-0.0,0.0,-3.126978e-05,-0.26581037,0.85736585,2.4099987,2.8059204,16.83921,1.2370327,7.404219,0.0,15.758456,-6.7319617,0.6481481,53.089844,0.0,0.0,0.0,0.0,0.0,0,1.6969795,0.0,6.5921235,0.0,16.009377,0.0,0.0,0.0,0.50123394,9.244334
3,209,210.0,10.0,1.0,1.0,189.0,1.0,1.0,1.0,0.8874464,1.0,-0.0,0.0,-2.6806953e-05,-0.11252679,0.46785325,2.724606,1.0360552,8.198706,0.3516896,8.5529,0.0,7.6652365,0.16941316,0.6388889,53.938168,0.0,0.0,0.0,1.0,0.0,0,4.7807803,0.0,2.5354085,0.0,5.373912,6.3897996,0.0,0.0,0.0,8.463067
0,210,211.0,10.0,1.0,1.0,191.0,1.0,1.0,1.0,0.6463431,1.0,-0.0,0.0,-3.9130766e-05,-0.3536177,0.78543055,2.3904643,2.9582102,15.910001,1.2603754,11.530484,0.0,14.318228,-6.775346,0.6990741,55.841225,0.0,0.0,0.0,0.0,0.0,0,3.4515986,0.0,3.9026747,0.0,18.266144,0.0,0.0,0.0,0.26277775,8.205595
1,210,211.0,10.0,1.0,1.0,190.0,1.0,1.0,1.0,0.85530293,1.0,-0.0,0.0,-2.2251861e-05,-0.14467487,0.44426322,2.7959192,0.95992136,8.033762,0.3650832,10.6467285,0.0,8.872123,-0.23901835,0.625,54.915874,0.0,0.0,0.0,1.0,0.0,0,4.4833055,0.0,2.6237588,0.0,4.9378843,6.578805,0.0,0.0,0.0,8.415069
2,210,211.0,10.0,1.0,1.0,190.0,1.0,1.0,1.0,0.71621054,1.0,-0.0,0.0,-4.4193006e-05,-0.2837453,0.8673802,2.340708,2.9127047,17.426596,1.2688552,7.6794314,0.0,16.073875,-6.6299067,0.6481481,53.15499,0.0,0.0,0.0,0.0,0.0,0,2.6875808,0.0,7.6520123,0.18881969,18.996225,0.0,0.0,0.0,0.5731683,9.969703
3,210,211.0,10.0,1.0,1.0,190.0,1.0,1.0,1.0,0.8894294,1.0,-0.0,0.0,-2.1906026e-05,-0.11054869,0.4531078,2.7384138,1.0159864,8.217603,0.3520972,8.415318,0.0,7.6044455,0.073342584,0.6388889,54.04001,0.0,0.0,0.0,1.0,0.0,0,4.638466,0.0,2.463158,0.0,5.2250423,6.779065,0.0,0.0,0.0,8.662466
0,211,212.0,10.0,1.0,1.0,192.0,1.0,1.0,1.0,-9.00005,1.0,-0.0,-10.0,-4.963325e-05,-0.0,0.77718383,2.2669322,3.0024536,16.05826,1.3045853,11.817397,0.0,14.181263,-6.758558,0.6990741,55.888783,0.0,1.0,1.0,0.0,0.0,1,4.7282405,0.0,5.3998127,0.0,22.457405,0.0,0.0,0.0,1.107277,7.5898056
1,211,212.0,10.0,1.0,1.0,191.0,1.0,1.0,1.0,0.8596044,1.0,-0.0,0.0,-2.723072e-05,-0.14036836,0.61465466,3.08536,0.9228173,7.8404293,0.37203777,10.581671,0.0,8.408075,1.4851577,0.625,55.31879,0.0,0.0,0.0,1.0,0.0,0,4.3412313,0.0,2.6108298,0.0,4.895444,6.8385925,0.0,0.0,0.0,8.555759
2,211,212.0,10.0,1.0,1.0,191.0,1.0,1.0,1.0,-9.000037,1.0,-0.0,-10.0,-3.6804697e-05,-0.0,0.86538976,2.3577456,3.0444677,17.732683,1.2350224,7.098558,0.0,16.141182,-6.648094,0.6481481,53.267746,0.0,1.0,1.0,0.0,0.0,1,2.9967017,0.0,6.5697126,0.0,20.700563,0.0,0.0,0.0,0.4084789,9.785417
3,211,212.0,10.0,1.0,1.0,191.0,1.0,1.0,1.0,0.8944895,1.0,-0.0,0.0,-2.6090482e-05,-0.105484396,0.637446,3.048886,0.9789639,8.01932,0.36089125,8.309744,0.0,7.2041297,1.7626071,0.6388889,54.4663,0.0,0.0,0.0,1.0,0.0,0,4.676711,0.0,2.5381947,0.0,5.1975913,7.10274,0.0,0.0,0.0,8.855701
1,212,213.0,10.0,1.0,1.0,192.0,1.0,1.0,1.0,0.8655485,1.0,-0.0,0.0,-1.6326563e-05,-0.1344352,0.33983922,2.9025755,0.8778438,7.549825,0.39093775,10.516286,0.0,7.7720575,-1.0469993,0.625,55.380905,0.0,0.0,0.0,1.0,0.0,0,4.5844736,0.0,2.5894191,0.0,4.801635,6.9899564,0.0,0.0,0.0,8.708702
3,212,213.0,10.0,1.0,1.0,192.0,1.0,1.0,1.0,0.8992105,1.0,-0.0,0.0,-1.7299875e-05,-0.1007722,0.38462615,2.8259265,0.94833934,7.8113027,0.37877312,8.235028,0.0,6.8132777,-1.2247636,0.6388889,54.554302,0.0,0.0,0.0,1.0,0.0,0,4.429071,0.0,2.3985732,0.0,4.6882668,7.2986574,0.0,0.0,0.0,8.636703
1,213,214.0,10.0,1.0,1.0,193.0,1.0,1.0,1.0,0.87730926,1.0,-0.0,0.0,-1.745957e-05,-0.12267326,0.38102344,3.240262,0.8550609,7.1153083,0.41319686,10.245086,0.0,7.2245803,-0.7185964,0.625,56.026226,0.0,0.0,0.0,1.0,0.0,0,3.729329,0.0,2.1619978,0.0,4.9936204,7.622962,0.0,0.0,0.0,9.337666
3,213,214.0,10.0,1.0,1.0,193.0,1.0,1.0,1.0,0.9119075,1.0,-0.0,0.0,-1.4743391e-05,-0.0880778,0.44443458,3.1795807,0.92442155,7.310111,0.40829065,7.9745555,0.0,6.351009,-0.35143736,0.6388889,55.20903,0.0,0.0,0.0,1.0,0.0,0,5.362313,0.0,2.4647095,0.0,5.636192,7.6942005,0.0,0.0,0.0,9.715148
1,214,215.0,10.0,1.0,1.0,194.0,1.0,1.0,1.0,0.8872428,1.0,-0.0,0.0,-2.150154e-05,-0.11273566,0.21884777,2.904422,0.8394248,6.921592,0.44445613,9.842546,0.0,6.679846,-2.5383523,0.625,56.180416,0.0,0.0,0.0,1.0,0.0,0,1.3386849,0.0,2.7607677,0.0,4.8467875,7.892045,0.0,0.0,0.0,9.014508
3,214,215.0,10.0,1.0,1.0,194.0,1.0,1.0,1.0,0.9229808,1.0,-0.0,0.0,-2.2855893e-05,-0.07699638,0.21663755,2.826788,0.8722888,7.00169,0.44379532,7.618092,0.0,5.627303,-2.99141,0.6388889,55.369633,0.0,0.0,0.0,1.0,0.0,0,2.6453502,0.0,2.411791,0.0,4.80314,8.070989,0.0,0.0,0.0,9.441655
1,215,216.0,10.0,1.0,1.0,195.0,1.0,1.0,1.0,0.89626575,1.0,-0.0,0.0,-2.0797539e-05,-0.10371345,0.60864985,3.4778092,0.86126775,6.6308136,0.48414385,9.591992,0.0,6.49525,1.7293468,0.625,56.965183,0.0,0.0,0.0,1.0,0.0,0,1.9306058,0.0,2.957302,0.0,5.0579133,8.15796,0.0,0.0,0.0,9.577044
3,215,216.0,10.0,1.0,1.0,195.0,1.0,1.0,1.0,0.93345994,1.0,-0.0,0.0,-1.979307e-05,-0.06652025,0.61129034,3.4238367,0.89060783,6.6956887,0.48013216,7.295525,0.0,5.3976445,1.3884045,0.6388889,56.18125,0.0,0.0,0.0,1.0,0.0,0,3.176677,0.0,3.0765254,0.0,5.8545957,8.353194,0.0,0.0,0.0,10.031041
1,216,217.0,10.0,1.0,1.0,196.0,1.0,1.0,1.0,0.8920984,1.0,-0.0,0.0,-4.2912685e-05,-0.10785864,0.3818404,3.17863,0.8543927,6.5178914,0.56672597,9.953627,0.0,6.1817107,-0.9664828,0.625,57.109814,0.0,0.0,0.0,1.0,0.0,0,1.016566,0.0,2.8450835,0.0,5.407189,7.9966416,0.0,0.0,0.0,9.098594
3,216,217.0,10.0,1.0,1.0,196.0,1.0,1.0,1.0,0.9405241,1.0,-0.0,0.0,-4.1612842e-05,-0.05943427,0.28556174,3.1120636,0.86323005,6.562911,0.52292633,7.0031443,0.0,5.0070724,-2.3287852,0.6388889,56.325294,0.0,0.0,0.0,1.0,0.0,0,1.0667218,0.0,2.0419273,0.0,3.846895,8.485531,0.0,0.0,0.0,9.475472
1,217,218.0,10.0,1.0,1.0,197.0,1.0,1.0,1.0,0.90300834,1.0,-0.0,0.0,-2.2924938e-05,-0.096968725,0.42579472,3.3568003,0.85906154,6.2491136,0.5990329,9.569009,0.0,5.6598773,-0.108404085,0.625,57.631046,0.0,0.0,0.0,1.0,0.0,0,0.6802455,0.0,2.7265553,0.0,5.1310806,8.359706,0.0,0.0,0.0,9.347561
3,217,218.0,10.0,1.0,1.0,197.0,1.0,1.0,1.0,0.9560103,1.0,-0.0,0.0,-2.1551703e-05,-0.043968134,0.36055595,3.309375,0.8707578,5.9365525,0.556732,6.7015343,0.0,4.322096,-1.1357739,0.6388889,56.85731,0.0,0.0,0.0,1.0,0.0,0,1.4046298,0.0,2.5707018,0.0,5.358433,8.711519,0.0,0.0,0.0,9.845389
1,218,219.0,10.0,1.0,1.0,198.0,1.0,1.0,1.0,0.91205716,1.0,-0.0,0.0,-2.0540987e-05,-0.08792228,0.1660375,2.9919276,0.8523127,6.178922,0.63400227,9.096414,0.0,5.365857,-2.8816686,0.625,57.792027,0.0,0.0,0.0,1.0,0.0,0,1.1150593,0.0,2.8422241,0.0,5.0746803,8.489508,0.0,0.0,0.0,8.844769
3,218,219.0,10.0,1.0,1.0,198.0,1.0,1.0,1.0,0.96665394,1.0,-0.0,0.0,-1.96592e-05,-0.03332639,0.10623634,2.908966,0.86381686,5.8365216,0.58220345,6.1630607,0.0,4.0917025,-3.86813,0.6388889,57.048016,0.0,0.0,0.0,1.0,0.0,0,1.2460277,0.0,2.3534029,0.0,4.7039127,8.885973,0.0,0.0,0.0,9.577898
1,219,220.0,10.0,1.0,1.0,199.0,1.0,1.0,1.0,0.92408764,1.0,-0.0,0.0,-2.2662429e-05,-0.07588972,0.56189114,3.4057372,0.8702727,5.947885,0.67280424,8.605497,0.0,5.2687902,1.6050451,0.625,58.417816,0.0,0.0,0.0,1.0,0.0,0,2.15461,0.0,2.8813038,0.0,5.34895,8.558457,0.0,0.0,0.0,9.41475
3,219,220.0,10.0,1.0,1.0,199.0,1.0,1.0,1.0,0.9729192,1.0,-0.0,0.0,-2.0007998e-05,-0.027060725,0.5472057,3.322855,0.8980935,5.64752,0.63172984,5.976123,0.0,4.0503807,1.5177839,0.6388889,57.67101,0.0,0.0,0.0,1.0,0.0,0,3.2762296,0.0,2.8927317,0.0,5.8046927,8.995281,0.0,0.0,0.0,10.464088
1,220,221.0,10.0,1.0,1.0,200.0,1.0,1.0,1.0,0.93227965,1.0,-0.0,0.0,-2.7629436e-05,-0.0676927,0.31296945,2.8836627,0.8716772,5.8408127,0.7112368,8.220748,0.0,5.206201,-1.2228042,0.625,58.766712,0.0,0.0,0.0,1.0,0.0,0,2.808699,0.0,2.7270744,0.0,5.2121725,8.673336,0.0,0.0,0.0,9.112901
3,220,221.0,10.0,1.0,1.0,200.0,1.0,1.0,1.0,0.97718304,1.0,-0.0,0.0,-2.8694327e-05,-0.022788294,0.2578851,2.7768037,0.8987109,5.6087046,0.6721784,5.758592,0.0,3.959184,-2.150001,0.6388889,58.040302,0.0,0.0,0.0,1.0,0.0,0,2.734132,0.0,2.3213708,0.0,4.9269857,8.93099,0.0,0.0,0.0,9.686847
1,221,222.0,10.0,1.0,1.0,201.0,1.0,1.0,1.0,0.94144773,1.0,-0.0,0.0,-1.48789995e-05,-0.058537368,0.56884813,3.408863,0.88333684,5.5704627,0.74584234,7.941778,0.0,4.9823213,2.1922104,0.625,59.524517,0.0,0.0,0.0,1.0,0.0,0,2.4476929,0.0,2.7358007,0.0,5.5301795,8.605455,0.0,0.0,0.0,9.485929
3,221,222.0,10.0,1.0,1.0,201.0,1.0,1.0,1.0,0.97838724,1.0,-0.0,0.0,-1.39974345e-05,-0.021598745,0.61239004,3.351901,0.9376161,5.286612,0.7393854,6.009312,0.0,3.8841836,2.3513632,0.6388889,58.83323,0.0,0.0,0.0,1.0,0.0,0,4.3651,0.0,3.1246033,0.0,5.534289,9.60146,0.0,0.0,0.0,10.931403
1,222,223.0,10.0,1.0,1.0,202.0,1.0,1.0,1.0,0.9500703,1.0,-0.0,0.0,-2.8981547e-05,-0.049900707,0.16830397,3.0272613,0.8785503,5.5950074,0.7972989,7.399034,0.0,4.7580633,-2.5959666,0.625,59.77496,0.0,0.0,0.0,1.0,0.0,0,1.2456977,0.0,2.615913,0.0,4.748722,8.235572,0.0,0.0,0.0,8.640072
3,222,223.0,10.0,1.0,1.0,202.0,1.0,1.0,1.0,0.9886272,1.0,-0.0,0.0,-3.3563563e-05,-0.011339238,0.14168975,2.9004729,0.9227165,5.224788,0.76970726,5.455565,0.0,3.6351805,-3.2043848,0.6388889,59.151257,0.0,0.0,0.0,1.0,0.0,0,2.4699316,0.0,1.976726,0.0,4.303408,8.766514,0.0,0.0,0.0,9.202291
1,223,224.0,10.0,1.0,1.0,203.0,1.0,1.0,1.0,0.9625917,1.0,-0.0,0.0,-1.704779e-05,-0.037391245,0.31563342,3.0371096,0.89271003,5.3958216,0.8516403,6.8476524,0.0,4.6639223,-0.69616365,0.625,59.91296,0.0,0.0,0.0,1.0,0.0,0,1.9960539,0.0,2.8609202,0.0,5.414304,8.104538,0.0,0.0,0.0,8.640316
3,223,224.0,10.0,1.0,1.0,203.0,1.0,1.0,1.0,0.9948919,1.0,-0.0,0.0,-1.6617676e-05,-0.0050915144,0.36923364,2.9406493,0.94977933,5.060361,0.828494,5.245129,0.0,3.603207,-0.29812846,0.6388889,59.308678,0.0,0.0,0.0,1.0,0.0,0,3.955373,0.0,2.9304047,0.0,6.451637,8.975691,0.0,0.0,0.0,9.719626
1,224,225.0,10.0,1.0,1.0,204.0,1.0,1.0,1.0,0.975561,1.0,-0.0,0.0,-2.4220948e-05,-0.024414754,0.44954157,3.203164,0.8945808,5.135462,0.91467977,6.3294225,0.0,4.6227064,0.72580296,0.625,60.17726,0.0,0.0,0.0,1.0,0.0,0,3.2807424,0.0,2.7153246,0.0,5.381655,7.852361,0.0,0.0,0.0,8.405032
3,224,225.0,10.0,1.0,1.0,204.0,1.0,1.0,1.0,0.99997246,1.0,-0.0,0.0,-2.75616e-05,-0.0,0.37503466,3.1199582,0.9359395,4.901286,0.8937289,4.988526,1.0,3.3903818,-0.6830906,0.6388889,59.587894,0.0,0.0,0.0,1.0,0.0,0,1.8419766,0.0,2.046763,0.0,3.9136748,7.589958,0.0,0.0,0.0,8.320446
1,225,226.0,10.0,1.0,1.0,205.0,1.0,1.0,1.0,0.9868256,1.0,-0.0,0.0,-2.040316e-05,-0.013154012,0.25548154,3.0967035,0.8952742,4.765054,0.9797301,5.7892404,0.0,4.1593943,-1.3846643,0.6296296,60.48834,0.0,0.0,0.0,1.0,0.0,0,2.7733676,0.0,2.8980231,0.0,5.1920657,7.6157627,0.0,0.0,0.0,8.033693
3,225,226.0,10.0,1.0,1.0,205.0,1.0,1.0,1.0,0.9999813,1.0,-0.0,0.0,-1.8694025e-05,-0.0,0.16528535,3.0233886,0.9302871,4.479664,0.9239713,4.613967,1.0,2.8878498,-3.0497332,0.6388889,59.870537,0.0,0.0,0.0,1.0,0.0,0,2.9246745,0.0,2.98207,0.0,5.3395677,8.104712,0.0,0.0,0.0,8.610596
1,226,227.0,10.0,1.0,1.0,206.0,1.0,1.0,1.0,0.9911309,1.0,-0.0,0.0,-7.8421335e-06,-0.008861232,0.17000455,3.3685799,0.904022,4.606325,1.0240307,5.5316734,0.0,3.5651307,-2.8372548,0.6342593,60.781677,0.0,0.0,0.0,1.0,0.0,0,0.6030556,0.0,2.82846,0.0,5.203788,7.4093847,0.0,0.0,0.0,7.9406877
3,226,227.0,10.0,1.0,1.0,206.0,1.0,1.0,1.0,0.99999285,1.0,-0.0,0.0,-7.1510112e-06,-0.0,0.104005076,3.241602,0.9241505,4.189608,0.97879285,4.6427236,1.0,2.516295,-4.109918,0.6388889,60.10095,0.0,0.0,0.0,1.0,0.0,0,1.275014,0.0,2.659151,0.0,5.33624,7.9739347,0.0,0.0,0.0,8.643211
1,227,228.0,10.0,1.0,1.0,207.0,1.0,1.0,1.0,0.9906701,1.0,-0.0,0.0,-1.7761684e-05,-0.009312144,0.08005407,3.2689166,0.9336886,4.1200814,1.0744971,5.178277,0.0,3.207599,-3.9152753,0.6342593,60.924988,0.0,0.0,0.0,1.0,0.0,0,1.7633313,0.0,2.8445866,0.0,5.533227,7.181236,0.0,0.0,0.0,7.645301
3,227,228.0,10.0,1.0,1.0,207.0,1.0,1.0,1.0,0.9962087,1.0,-0.0,0.0,-1.4556493e-05,-0.0037767342,0.010937266,3.2070022,0.9374036,3.822625,1.0302138,4.48787,0.0,2.1670854,-5.35054,0.6388889,60.197044,0.0,0.0,0.0,1.0,0.0,0,1.6843994,0.0,2.6930895,0.0,5.493832,7.4531164,0.0,0.0,0.0,7.9493475
1,228,229.0,10.0,1.0,1.0,208.0,1.0,1.0,1.0,0.9848191,1.0,-0.0,0.0,-1.1944614e-05,-0.015168963,0.13179722,3.4251838,0.9391877,3.630198,1.1213517,4.82595,0.0,2.6889718,-3.2183704,0.6342593,61.032265,0.0,0.0,0.0,1.0,0.0,0,0.9385501,0.0,2.9496756,0.0,5.6090584,7.036189,0.0,0.0,0.0,7.5356574
3,228,229.0,10.0,1.0,1.0,208.0,1.0,1.0,1.0,0.99098736,1.0,-0.0,0.0,-1.2441778e-05,-0.009000185,0.021482818,3.3888395,0.94691616,3.517614,1.0720015,4.2701173,0.0,1.9012516,-5.4529123,0.6388889,60.322834,0.0,0.0,0.0,1.0,0.0,0,1.4454619,0.0,2.835593,0.0,5.7175403,7.76264,0.0,0.0,0.0,8.363312
1,229,230.0,10.0,1.0,1.0,209.0,1.0,1.0,1.0,0.9813268,1.0,-0.0,0.0,-1.2691957e-05,-0.018660491,0.13081896,3.0820372,0.95728946,3.0719016,1.1492839,4.6753225,0.0,2.389172,-3.3608768,0.6342593,61.465084,0.0,0.0,0.0,1.0,0.0,0,1.5848968,0.0,2.9506838,0.0,5.5861716,6.7542515,0.0,0.0,0.0,6.953707
3,229,230.0,10.0,1.0,1.0,209.0,1.0,1.0,1.0,0.98627675,1.0,-0.0,0.0,-1.2192129e-05,-0.013711035,0.0019241124,3.0932677,0.9602436,3.1058593,1.1096883,4.132414,0.0,1.4764451,-5.985691,0.6388889,60.709393,0.0,0.0,0.0,1.0,0.0,0,1.7506039,0.0,2.8047063,0.0,5.7564936,7.635145,0.0,0.0,0.0,8.151781
1,230,231.0,10.0,1.0,1.0,210.0,1.0,1.0,1.0,0.97910327,1.0,-0.0,0.0,-9.571582e-06,-0.020887155,0.28695315,3.4888875,0.971406,2.7182465,1.1670972,4.5417986,0.0,2.0331693,-1.4900081,0.6342593,61.756992,0.0,0.0,0.0,1.0,0.0,0,0.90551573,0.0,3.0405982,0.0,5.7688184,6.7081404,0.0,0.0,0.0,7.2742343
3,230,231.0,10.0,1.0,1.0,210.0,1.0,1.0,1.0,0.9833687,1.0,-0.0,0.0,-9.24091e-06,-0.016622094,0.12075957,3.4936726,0.97269446,2.826386,1.1329768,4.0520673,0.0,1.1582584,-4.4015107,0.6388889,60.993748,0.0,0.0,0.0,1.0,0.0,0,1.8496695,0.0,3.0385277,0.0,6.446812,8.526086,0.0,0.0,0.0,9.341801
1,231,232.0,10.0,1.0,1.0,211.0,1.0,1.0,1.0,0.98375297,1.0,-0.0,0.0,-2.048423e-05,-0.016226526,0.010187551,3.0302596,0.99966943,2.4209378,1.1298122,3.6818001,0.0,1.8740883,-5.0246267,0.6342593,62.354404,0.0,0.0,0.0,1.0,0.0,0,0.9155214,0.0,2.9196317,0.0,5.4707603,6.5009604,0.0,0.0,0.0,6.612509
3,231,232.0,10.0,1.0,1.0,211.0,1.0,1.0,1.0,0.9864327,1.0,-0.0,0.0,-1.5762567e-05,-0.013551582,0.08900873,3.0428965,0.99981886,2.3801796,1.1084126,3.8769176,0.0,0.7255072,-6.822129,0.6388889,61.588333,0.0,0.0,0.0,1.0,0.0,0,2.4476352,0.0,2.6574247,0.0,5.537744,7.277687,0.0,0.0,0.0,7.409553
1,232,233.0,10.0,1.0,1.0,212.0,1.0,1.0,1.0,0.9767177,1.0,-0.0,0.0,-1.670083e-05,-0.023265626,0.28715843,3.644873,1.0296967,2.309071,1.1564282,3.3322527,0.0,1.7121222,-1.6467544,0.6342593,62.84296,0.0,0.0,0.0,1.0,0.0,0,1.4058552,0.0,3.0481474,0.0,5.7840858,6.2718773,0.0,0.0,0.0,7.0642557
3,232,233.0,10.0,1.0,1.0,212.0,1.0,1.0,1.0,0.9848818,1.0,-0.0,0.0,-1.2756704e-05,-0.0151054,0.19500181,3.575574,1.0101984,2.1915023,1.1106448,3.7851698,0.0,0.43655926,-3.6557596,0.6388889,61.99279,0.0,0.0,0.0,1.0,0.0,0,2.5006375,0.0,2.8147302,0.0,5.8731537,6.944403,0.0,0.0,0.0,7.7562594
1,233,234.0,10.0,1.0,1.0,213.0,1.0,1.0,1.0,0.97746843,1.0,-0.0,0.0,-2.8704788e-05,-0.022502813,0.07698797,3.0409245,1.0622461,2.0034208,1.1177764,2.9069378,0.0,1.9739745,-6.355199,0.6342593,63.601803,0.0,0.0,0.0,1.0,0.0,0,3.2787268,0.0,2.7529926,0.0,5.254523,6.3028316,0.0,0.0,0.0,6.3869157
3,233,234.0,10.0,1.0,1.0,213.0,1.0,1.0,1.0,0.98709375,1.0,-0.0,0.0,-2.2309318e-05,-0.012883986,0.10313131,2.997931,1.0464654,1.7241467,1.0566064,4.0945406,0.0,0.16902046,-7.308053,0.6388889,62.72863,0.0,0.0,0.0,1.0,0.0,0,4.327677,0.0,2.5789356,0.0,5.472166,7.058058,0.0,0.0,0.0,7.1717086
1,234,235.0,10.0,1.0,1.0,214.0,1.0,1.0,1.0,0.9818714,1.0,-0.0,0.0,-2.3473021e-05,-0.018105062,0.22377782,3.7107182,1.0610877,2.1460278,1.0837528,2.5775347,0.0,1.762586,-3.5119085,0.6342593,64.154526,0.0,0.0,0.0,1.0,0.0,0,2.4226115,0.0,2.9627006,0.0,5.8146005,6.5323625,0.0,0.0,0.0,7.3194833
3,234,235.0,10.0,1.0,1.0,214.0,1.0,1.0,1.0,0.9834819,1.0,-0.0,0.0,-1.8306428e-05,-0.016499847,0.27167982,3.6113777,1.0460244,1.6851175,1.0859742,3.5754437,0.0,0.23239002,-2.470755,0.6388889,63.220894,0.0,0.0,0.0,1.0,0.0,0,3.775039,0.0,2.6861427,0.0,5.81294,6.9951797,0.0,0.0,0.0,7.8304253
1,235,236.0,10.0,1.0,1.0,215.0,1.0,1.0,1.0,0.984937,1.0,-0.0,0.0,-3.3138385e-05,-0.015029847,0.18833038,3.1667676,1.090953,1.8260055,1.0292858,3.1334603,0.0,2.1693423,-9.518115,0.6342593,64.83324,0.0,0.0,0.0,1.0,0.0,0,4.018744,0.0,2.7624965,0.0,5.328756,6.2913365,0.0,0.0,0.0,6.3575315
3,235,236.0,10.0,1.0,1.0,215.0,1.0,1.0,1.0,0.9793468,1.0,-0.0,0.0,-2.870926e-05,-0.020624476,0.02257172,3.0698655,1.0851464,1.3677105,1.0798494,3.6989822,0.0,0.6852845,-5.56319,0.6388889,63.903572,0.0,0.0,0.0,1.0,0.0,0,5.1855445,0.0,2.4664304,0.0,5.262543,6.8637877,0.0,0.0,0.0,6.924458
1,236,237.0,10.0,1.0,1.0,216.0,1.0,1.0,1.0,0.988793,1.0,-0.0,0.0,-2.3648801e-05,-0.01118331,0.118942,3.7391346,1.0894665,2.0562491,0.99315345,3.5066926,0.0,1.9404769,-6.0451117,0.6342593,65.30417,0.0,0.0,0.0,1.0,0.0,0,1.3068937,0.0,3.011856,0.0,5.6424923,5.9202623,0.0,0.0,0.0,6.688169
3,236,237.0,10.0,1.0,1.0,216.0,1.0,1.0,1.0,0.9802011,1.0,-0.0,0.0,-2.0952419e-05,-0.019777915,0.32493696,3.6523278,1.0724,1.4713695,1.0858233,3.308678,0.0,0.3966355,-1.7553829,0.6388889,64.384964,0.0,0.0,0.0,1.0,0.0,0,3.998864,0.0,2.6234682,0.0,5.745946,7.0010996,0.0,0.0,0.0,7.786652
1,237,238.0,10.0,1.0,1.0,217.0,1.0,1.0,1.0,0.98501295,1.0,-0.0,0.0,-2.9568135e-05,-0.014957471,0.21341202,3.296346,1.1196598,1.8169816,0.99525225,3.1702173,0.0,2.1797829,-9.687669,0.6342593,65.85877,0.0,0.0,0.0,1.0,0.0,0,2.5949016,0.0,2.6743073,0.0,5.105927,6.139434,0.0,0.0,0.0,6.313743
3,237,238.0,10.0,1.0,1.0,217.0,1.0,1.0,1.0,0.9767975,1.0,-0.0,0.0,-3.074886e-05,-0.023171736,0.044172443,3.2120385,1.10978,1.1723486,1.075594,3.345616,0.0,0.6151669,-5.550117,0.6388889,64.94236,0.0,0.0,0.0,1.0,0.0,0,5.127411,0.0,2.410747,0.0,5.2449613,6.7160096,0.0,0.0,0.0,6.8558865
1,238,239.0,10.0,1.0,1.0,218.0,1.0,1.0,1.0,0.9809734,1.0,-0.0,0.0,-2.1655178e-05,-0.019004963,0.35573766,3.6761966,1.1520396,2.7165182,0.98373264,2.937475,0.0,1.6317085,-3.2226424,0.6342593,66.20155,0.0,0.0,0.0,1.0,0.0,0,3.632816,0.0,3.305418,0.0,6.797067,6.1199164,0.0,0.0,0.0,6.747988
3,238,239.0,10.0,1.0,1.0,218.0,1.0,1.0,1.0,0.9786452,1.0,-0.0,0.0,-2.2447495e-05,-0.021332316,0.52991843,3.656543,1.0980912,2.2423449,1.0725672,3.034986,0.0,0.5750529,0.07947441,0.6388889,65.33649,0.0,0.0,0.0,1.0,0.0,0,4.5359,0.0,3.0394204,0.0,6.9739885,6.760932,0.0,0.0,0.0,7.4906487
1,239,240.0,10.0,1.0,1.0,219.0,1.0,1.0,1.0,0.9828376,1.0,-0.0,0.0,-3.1336407e-05,-0.017131038,0.09851139,3.506804,1.1370482,2.3463964,0.9712767,2.861342,0.0,1.7729923,-6.2707763,0.6342593,66.479645,0.0,0.0,0.0,1.0,0.0,0,4.2712345,0.0,2.4974768,0.0,4.833977,5.8617077,0.0,0.0,0.0,6.248927
3,239,240.0,10.0,1.0,1.0,219.0,1.0,1.0,1.0,0.9779724,1.0,-0.0,0.0,-3.76719e-05,-0.02198997,0.28042978,3.3848279,1.1236933,1.3393757,1.0522264,2.890736,0.0,0.47188377,-2.0579154,0.6388889,65.71974,0.0,0.0,0.0,1.0,0.0,0,5.2929735,0.0,2.4502885,0.0,5.1233454,6.4642105,0.0,0.0,0.0,6.8189087
1,240,241.0,10.0,1.0,1.0,220.0,1.0,1.0,1.0,0.9812013,1.0,-0.0,0.0,-2.104489e-05,-0.018777663,0.24448392,3.658229,1.1502212,3.2892206,0.9220905,3.1997101,0.0,1.5621017,-10.12317,0.6342593,66.76877,0.0,0.0,0.0,1.0,0.0,0,1.640637,0.0,2.7878122,0.0,5.3808975,5.7814627,0.0,0.0,0.0,6.1936584
3,240,241.0,10.0,1.0,1.0,220.0,1.0,1.0,1.0,0.98483247,1.0,-0.0,0.0,-2.5468205e-05,-0.015142059,0.0128515065,3.6103952,1.0959457,2.677628,1.0251907,2.882601,0.0,1.1959946,-5.7914276,0.6388889,66.06402,0.0,0.0,0.0,1.0,0.0,0,2.7773738,0.0,2.5475433,0.0,5.579068,6.4076085,0.0,0.0,0.0,6.931571
1,241,242.0,10.0,1.0,1.0,221.0,1.0,1.0,1.0,0.9803629,1.0,-0.0,0.0,-1.1469014e-05,-0.019625679,0.037174113,3.6899502,1.1570054,2.677628,0.9297502,2.801629,0.0,1.6174943,-6.793186,0.6342593,66.84659,0.0,0.0,0.0,1.0,0.0,0,3.7469203,0.0,2.8042684,0.0,5.3076334,5.690952,0.0,0.0,0.0,6.1642222
3,241,242.0,10.0,1.0,1.0,221.0,1.0,1.0,1.0,0.9844766,1.0,-0.0,0.0,-1.476906e-05,-0.015508616,0.18400028,3.578068,1.1051441,2.284534,1.0189247,2.9160788,0.0,0.9164255,-3.6254647,0.6388889,66.208824,0.0,0.0,0.0,1.0,0.0,0,4.1088004,0.0,2.5743408,0.0,5.4056582,6.291061,0.0,0.0,0.0,6.763494
1,242,243.0,10.0,1.0,1.0,222.0,1.0,1.0,1.0,0.985392,1.0,-0.0,0.0,-1.4542794e-05,-0.014593488,0.27024412,3.6464782,1.1167479,3.1372054,0.90807706,2.7814398,0.0,1.3572502,-4.206754,0.6342593,66.958496,0.0,0.0,0.0,1.0,0.0,0,5.3424163,0.0,3.4418108,0.0,6.9378605,5.631747,0.0,0.0,0.0,6.0122633
3,242,243.0,10.0,1.0,1.0,222.0,1.0,1.0,1.0,0.99329346,1.0,-0.0,0.0,-1.5687941e-05,-0.0066908426,0.45234895,3.6194813,1.0535268,2.9342756,0.9967384,2.8798845,0.0,1.0495979,-0.9554932,0.6388889,66.29575,0.0,0.0,0.0,1.0,0.0,0,4.973558,0.0,3.1287146,0.0,6.8859787,6.2283525,0.0,0.0,0.0,6.721047
1,243,244.0,10.0,1.0,1.0,223.0,1.0,1.0,1.0,0.99164426,1.0,-0.0,0.0,-1.5083028e-05,-0.008340669,0.116345845,3.5648003,1.0667254,2.7182465,0.8896468,2.6994638,0.0,1.542308,-7.261501,0.6342593,67.10952,0.0,0.0,0.0,1.0,0.0,0,4.9585547,0.0,2.492554,0.0,5.0765276,5.508777,0.0,0.0,0.0,5.888015
3,243,244.0,10.0,1.0,1.0,223.0,1.0,1.0,1.0,0.9950688,1.0,-0.0,0.0,-1.9181693e-05,-0.004911993,0.04364401,3.4401019,1.0392959,2.0317414,0.965481,2.9364085,0.0,0.2825486,-4.613851,0.6388889,66.545876,0.0,0.0,0.0,1.0,0.0,0,5.579867,0.0,2.6115448,0.0,5.4491453,6.063624,0.0,0.0,0.0,6.4747195
1,244,245.0,10.0,1.0,1.0,224.0,1.0,1.0,1.0,0.9976563,1.0,-0.0,0.0,-1.19422275e-05,-0.002331799,0.1492871,3.756098,1.0186543,3.14717,0.88098335,2.5073397,0.0,1.2899814,-3.8691657,0.6342593,67.243996,0.0,0.0,0.0,1.0,0.0,0,4.5699344,0.0,2.677403,0.0,5.497285,5.5508304,0.0,0.0,0.0,6.0319743
3,244,245.0,10.0,1.0,1.0,224.0,1.0,1.0,1.0,0.99998564,1.0,-0.0,0.0,-1.4391728e-05,-0.0,0.2988331,3.709003,0.9876387,2.7150772,0.95112866,3.0468268,1.0,0.59872496,-2.1370566,0.6388889,66.76539,0.0,0.0,0.0,1.0,0.0,0,5.0217137,0.0,2.528788,0.0,5.584682,6.145089,0.0,0.0,0.0,6.6530547
1,245,246.0,10.0,1.0,1.0,225.0,1.0,1.0,1.0,0.99965936,1.0,-0.0,0.0,-1.2624332e-05,-0.0003280118,0.36933535,3.6244187,1.002624,3.1277096,0.8484315,2.5920703,0.0,1.6440152,-2.218985,0.6342593,67.43675,0.0,0.0,0.0,1.0,0.0,0,5.8052335,0.0,3.3631132,0.0,6.620773,5.5475135,0.0,0.0,0.0,5.894681
3,245,246.0,10.0,1.0,1.0,225.0,1.0,1.0,1.0,0.99998456,1.0,-0.0,0.0,-1.5439817e-05,-0.0,0.45151973,3.5408936,0.9778507,2.939606,0.93168545,3.095256,1.0,0.80283815,-0.6444687,0.6388889,67.00242,0.0,0.0,0.0,1.0,0.0,0,6.2367306,0.0,3.059667,0.0,6.5552382,5.982316,0.0,0.0,0.0,6.3934994
1,246,247.0,10.0,1.0,1.0,226.0,1.0,1.0,1.0,0.9999861,1.0,-0.0,0.0,-1.3884893e-05,-0.0,0.045965426,3.5769064,0.93515617,2.706125,0.8019401,2.9573932,1.0,2.5577254,-5.997982,0.6342593,67.57464,0.0,0.0,0.0,1.0,0.0,0,5.4912605,0.0,2.6551983,0.0,5.373327,5.415972,0.0,0.0,0.0,5.751828
3,246,247.0,10.0,1.0,1.0,226.0,1.0,1.0,1.0,0.999986,1.0,-0.0,0.0,-1.3988557e-05,-0.0,0.057807006,3.531493,0.92396736,2.5457559,0.8881286,2.8725362,1.0,0.8494975,-3.9131167,0.6388889,67.144356,0.0,0.0,0.0,1.0,0.0,0,5.3997755,0.0,2.476459,0.0,5.4040747,6.0390983,0.0,0.0,0.0,6.4451833
1,247,248.0,10.0,1.0,1.0,227.0,1.0,1.0,1.0,0.9999888,1.0,-0.0,0.0,-1.1229941e-05,-0.0,0.24813153,3.6983793,0.88573563,3.0899408,0.79492193,2.701493,1.0,2.6168861,-3.090268,0.6342593,67.6442,0.0,0.0,0.0,1.0,0.0,0,5.297334,0.0,2.6943092,0.0,5.341844,5.687629,0.0,0.0,0.0,6.124292
3,247,248.0,10.0,1.0,1.0,227.0,1.0,1.0,1.0,0.9999872,1.0,-0.0,0.0,-1.2820912e-05,-0.0,0.3305983,3.6097958,0.87816685,2.8266628,0.8753892,2.811669,1.0,1.0946791,-0.92528576,0.6388889,67.18561,0.0,0.0,0.0,1.0,0.0,0,5.2624493,0.0,2.4853594,0.0,5.4005485,6.1138697,0.0,0.0,0.0,6.6000133
1,248,249.0,10.0,1.0,1.0,228.0,1.0,1.0,1.0,0.9999887,1.0,-0.0,0.0,-1.13414535e-05,-0.0,0.4443798,3.666573,0.84690994,3.6972888,0.7582395,2.7046783,1.0,2.5719202,-1.6069784,0.6342593,67.78227,0.0,0.0,0.0,1.0,0.0,0,6.838605,0.0,3.212815,0.0,6.863358,5.913263,0.0,0.0,0.0,6.3459964
3,248,249.0,10.0,1.0,1.0,228.0,1.0,1.0,1.0,0.9999882,1.0,-0.0,0.0,-1.1829192e-05,-0.0,0.54032654,3.6058333,0.8309543,3.4013069,0.8358568,2.6907508,1.0,1.2665591,1.1649262,0.6388889,67.2867,0.0,0.0,0.0,1.0,0.0,0,6.862747,0.0,3.192881,0.0,6.781816,6.404225,0.0,0.0,0.0,6.87592
1,249,250.0,10.0,1.0,1.0,229.0,1.0,1.0,1.0,0.99998456,1.0,-0.0,0.0,-1.5445858e-05,-0.0,0.1636183,3.567417,0.7644362,3.9110942,0.6869706,3.0380793,1.0,2.6712973,-7.5601172,0.6342593,67.9613,0.0,0.0,0.0,1.0,0.0,0,5.3758707,0.0,2.6496403,0.0,5.3426914,6.150771,0.0,0.0,0.0,6.51703
3,249,250.0,10.0,1.0,1.0,229.0,1.0,1.0,1.0,0.99998313,1.0,-0.0,0.0,-1.6853855e-05,-0.0,0.041918457,3.474487,0.75357836,3.5974886,0.795889,2.9380076,1.0,1.2866397,-4.721701,0.6388889,67.49788,0.0,0.0,0.0,1.0,0.0,0,5.3879952,0.0,2.3733644,0.0,5.6326456,6.805954,0.0,0.0,0.0,7.2254205
1,250,251.0,10.0,1.0,1.0,230.0,1.0,1.0,1.0,0.9999863,1.0,-0.0,0.0,-1.37298575e-05,-0.0,0.03762059,3.839112,0.7123399,4.95119,0.64300305,2.9112432,1.0,1.831414,-6.0430903,0.6342593,68.16536,0.0,0.0,0.0,1.0,0.0,0,2.5485015,0.0,2.7480366,0.0,5.4151473,6.7440076,0.0,0.0,0.0,7.308291
3,250,251.0,10.0,1.0,1.0,230.0,1.0,1.0,1.0,0.9999847,1.0,-0.0,0.0,-1.5317233e-05,-0.0,0.16817507,3.7303135,0.6633206,4.5590034,0.7674474,3.216546,1.0,1.1162746,-3.1991172,0.6388889,67.68516,0.0,0.0,0.0,1.0,0.0,0,4.282232,0.0,2.5164382,0.0,5.5576615,7.281472,0.0,0.0,0.0,7.8860254
1,251,252.0,10.0,1.0,1.0,231.0,1.0,1.0,1.0,0.9860595,1.0,-0.0,0.0,-1.4128587e-05,-0.013926386,0.13486072,3.7128196,0.7428688,5.8355827,0.59639347,2.737758,0.0,1.9887909,-8.030056,0.6342593,68.361824,0.0,0.0,0.0,1.0,0.0,0,3.468006,0.0,3.4089632,0.0,6.8438997,7.026038,0.0,0.0,0.0,7.4279766
3,251,252.0,10.0,1.0,1.0,231.0,1.0,1.0,1.0,0.9922493,1.0,-0.0,0.0,-1.4546158e-05,-0.0077361637,0.009025261,3.6226933,0.64298725,5.4641695,0.75884944,3.9330494,0.0,1.9108003,-5.63498,0.6388889,67.86907,0.0,0.0,0.0,1.0,0.0,0,4.117535,0.0,3.166821,0.0,6.889083,7.558678,0.0,0.0,0.0,8.080087
1,252,253.0,10.0,1.0,1.0,232.0,1.0,1.0,1.0,0.9805033,1.0,-0.0,0.0,-1.7113893e-05,-0.019479599,0.009255856,3.8183842,0.6680579,6.1687756,0.5579937,2.6310346,0.0,1.4822654,-6.204132,0.6342593,68.5125,0.0,0.0,0.0,1.0,0.0,0,2.10988,0.0,3.0668333,0.0,5.487714,7.253768,0.0,0.0,0.0,7.856511
3,252,253.0,10.0,1.0,1.0,232.0,1.0,1.0,1.0,0.9883259,1.0,-0.0,0.0,-1.722513e-05,-0.011656878,0.15337038,3.7223487,0.5773597,5.6994123,0.73845714,4.1092367,0.0,1.65209,-4.13768,0.6388889,67.97958,0.0,0.0,0.0,1.0,0.0,0,3.8107114,0.0,2.6124601,0.0,5.7321444,7.9757137,0.0,0.0,0.0,8.607732
1,253,254.0,10.0,1.0,1.0,233.0,1.0,1.0,1.0,0.97203463,1.0,-0.0,0.0,-1.6214233e-05,-0.02794917,0.2819283,3.8742461,0.7383902,6.6769495,0.60363275,2.393298,0.0,1.8490678,-8.1309595,0.6342593,68.71868,0.0,0.0,0.0,1.0,0.0,0,3.0142598,0.0,2.85581,0.0,6.5023336,7.4901867,0.0,0.0,0.0,8.18113
3,253,254.0,10.0,1.0,1.0,233.0,1.0,1.0,1.0,0.9896808,1.0,-0.0,0.0,-1.59687e-05,-0.010303177,0.052116252,3.7049503,0.5955353,5.6181903,0.73533815,4.0703793,0.0,1.4767101,-6.234859,0.6388889,68.23379,0.0,0.0,0.0,1.0,0.0,0,7.74617,0.0,4.325904,0.0,8.255202,7.8995442,0.0,0.0,0.0,8.468686
1,254,255.0,10.0,1.0,1.0,234.0,1.0,1.0,1.0,0.9672659,1.0,-0.0,0.0,-1.3787322e-05,-0.032720312,0.121575035,3.931629,0.71936136,6.963218,0.54817575,2.6381652,0.0,1.774206,-6.86924,0.6342593,68.84066,0.0,0.0,0.0,1.0,0.0,0,2.537027,0.0,3.165037,0.0,6.0676866,7.602906,0.0,0.0,0.0,8.161946
3,254,255.0,10.0,1.0,1.0,234.0,1.0,1.0,1.0,0.9688621,1.0,-0.0,0.0,-1.2514947e-05,-0.031125393,0.042919442,3.8610864,0.69244254,6.867523,0.7461395,4.2445574,0.0,3.3020341,-6.544295,0.6388889,68.35906,0.0,0.0,0.0,1.0,0.0,0,2.0110772,0.0,2.5788527,0.0,4.9866457,8.163129,0.0,0.0,0.0,8.819097
1,255,256.0,10.0,1.0,1.0,235.0,1.0,1.0,1.0,0.9525856,1.0,-0.0,0.0,-1.5686575e-05,-0.047398765,0.1684267,3.8711998,0.8071145,7.8439255,0.53151256,2.630737,0.0,2.744594,-8.541142,0.6342593,68.96493,0.0,0.0,0.0,1.0,0.0,0,3.2886217,0.0,3.7398653,0.0,7.0510116,7.5300436,0.0,0.0,0.0,8.095518
3,255,256.0,10.0,1.0,1.0,235.0,1.0,1.0,1.0,0.95862347,1.0,-0.0,0.0,-1.8815837e-05,-0.041357677,0.09850077,3.832727,0.67283267,7.48146,0.6478541,2.386092,0.0,3.5319145,-6.570856,0.6388889,68.45947,0.0,0.0,0.0,1.0,0.0,0,3.7146928,0.0,3.589773,0.0,8.160227,8.183775,0.0,0.0,0.0,8.736474
1,256,257.0,10.0,1.0,1.0,236.0,1.0,1.0,1.0,0.94929,1.0,-0.0,0.0,-1.736264e-05,-0.050692666,0.05624164,3.930203,0.7898264,8.041559,0.5446701,2.4641995,0.0,2.9230864,-7.6326523,0.6342593,69.05844,0.0,0.0,0.0,1.0,0.0,0,4.249054,0.0,2.9779074,0.0,6.0900583,7.76783,0.0,0.0,0.0,8.384433
3,256,257.0,10.0,1.0,1.0,236.0,1.0,1.0,1.0,0.9565855,1.0,-0.0,0.0,-1.8008775e-05,-0.04339646,0.03589932,3.8676996,0.6545006,7.603787,0.6574268,2.238152,0.0,3.5750577,-5.8059134,0.6388889,68.5488,0.0,0.0,0.0,1.0,0.0,0,4.3618236,0.0,2.7635038,0.0,6.175494,8.390302,0.0,0.0,0.0,8.935824
1,257,258.0,10.0,1.0,1.0,237.0,1.0,1.0,1.0,0.9378736,1.0,-0.0,0.0,-1.5782814e-05,-0.062110625,0.18118379,4.029807,0.84552693,8.726637,0.53986603,2.4115434,0.0,3.6710386,-10.021361,0.6342593,69.102905,0.0,0.0,0.0,1.0,0.0,0,2.3196273,0.0,2.7615242,0.0,5.3172956,7.8933334,0.0,0.0,0.0,8.470152
3,257,258.0,10.0,1.0,1.0,237.0,1.0,1.0,1.0,0.9439244,1.0,-0.0,0.0,-1.5819189e-05,-0.05605979,0.17411727,3.9742448,0.7109211,8.363586,0.6586193,2.091725,0.0,4.4489336,-7.5660367,0.6388889,68.60231,0.0,0.0,0.0,1.0,0.0,0,2.5759482,0.0,2.6060357,0.0,5.292445,8.523412,0.0,0.0,0.0,9.078254
1,258,259.0,10.0,1.0,1.0,238.0,1.0,1.0,1.0,0.9377625,1.0,-0.0,0.0,-1.6203632e-05,-0.062221285,0.30819923,3.9414392,0.8209864,8.733276,0.57155424,2.284534,0.0,3.7095597,-11.045164,0.6342593,69.26163,0.0,0.0,0.0,1.0,0.0,0,4.3090844,0.0,2.958341,0.0,5.1429677,7.938965,0.0,0.0,0.0,8.578248
3,258,259.0,10.0,1.0,1.0,238.0,1.0,1.0,1.0,0.9554076,1.0,-0.0,0.0,-1.6806785e-05,-0.044575594,0.22639316,3.838173,0.6213765,7.674535,0.63116294,2.2357025,0.0,3.4769382,-8.5362835,0.6388889,68.82402,0.0,0.0,0.0,1.0,0.0,0,7.1548953,0.0,3.5909367,0.0,5.883199,8.264736,0.0,0.0,0.0,8.827069
1,259,260.0,10.0,1.0,1.0,239.0,1.0,1.0,1.0,0.9375132,1.0,-0.0,0.0,-1.6073658e-05,-0.06247076,0.14220122,3.997424,0.7998223,8.748245,0.5726526,2.2920594,0.0,3.5639226,-9.327724,0.6342593,69.33887,0.0,0.0,0.0,1.0,0.0,0,4.6316514,0.0,1.6906798,1.8862009,5.170011,8.336155,0.0,0.0,0.0,8.974819
3,259,260.0,10.0,1.0,1.0,239.0,1.0,1.0,1.0,0.95230407,1.0,-0.0,0.0,-1.6189664e-05,-0.047679745,0.08491892,3.929102,0.60618865,7.860784,0.66503185,1.7667476,0.0,3.462832,-6.621439,0.6388889,68.94966,0.0,0.0,0.0,1.0,0.0,0,5.1717267,0.0,1.5256591,1.9766467,4.655968,8.697652,0.0,0.0,0.0,9.220373
1,260,261.0,10.0,1.0,1.0,240.0,1.0,1.0,1.0,0.93783414,1.0,-0.0,0.0,-1.6340296e-05,-0.062149514,0.22138134,4.024479,0.7793392,8.728971,0.5696954,2.2687187,0.0,3.376726,-9.906122,0.6342593,69.406815,0.0,0.0,0.0,1.0,0.0,0,4.950451,0.0,1.647012,2.2088203,4.2254634,8.417259,0.0,0.0,0.0,8.995448
3,260,261.0,10.0,1.0,1.0,240.0,1.0,1.0,1.0,0.9476258,1.0,-0.0,0.0,-1.6411586e-05,-0.052357767,0.18968043,3.9717636,0.6285615,8.141465,0.67527646,1.6446869,0.0,3.7923534,-7.4705405,0.6388889,69.01168,0.0,0.0,0.0,1.0,0.0,0,4.927874,0.0,1.1599612,2.4050298,4.3501,9.059997,0.0,0.0,0.0,9.655011
1,261,262.0,10.0,1.0,1.0,241.0,1.0,1.0,1.0,0.9388133,1.0,-0.0,0.0,-1.5716458e-05,-0.061170917,0.16388148,4.075691,0.7454302,8.670255,0.5942721,2.0823488,0.0,3.0194094,-8.728743,0.6342593,69.4808,0.0,0.0,0.0,1.0,0.0,0,5.4715505,0.0,1.4595215,2.7690253,4.1780787,8.657923,0.0,0.0,0.0,9.333851
3,261,262.0,10.0,1.0,1.0,241.0,1.0,1.0,1.0,0.9469902,1.0,-0.0,0.0,-1.6846487e-05,-0.052992932,0.15210304,4.0210996,0.635345,8.179575,0.6875832,1.5641937,0.0,3.8068347,-6.8203006,0.6388889,69.0553,0.0,0.0,0.0,1.0,0.0,0,5.403288,0.0,1.477987,2.1275804,4.555365,9.327354,0.0,0.0,0.0,9.976138
1,262,263.0,10.0,1.0,1.0,242.0,1.0,1.0,1.0,0.94094664,1.0,-0.0,0.0,-1.5556587e-05,-0.05903781,0.17352906,4.100431,0.7045603,8.542268,0.58822846,2.1394525,0.0,2.5642984,-8.4392,0.6342593,69.54935,0.0,0.0,0.0,1.0,0.0,0,5.4147325,0.0,1.3727521,2.0188124,4.324227,8.908436,0.0,0.0,0.0,9.589766
3,262,263.0,10.0,1.0,1.0,242.0,1.0,1.0,1.0,0.94797045,1.0,-0.0,0.0,-1.5407719e-05,-0.05201417,0.16912334,4.0518107,0.6015177,8.12085,0.69511795,1.5303004,0.0,3.4502006,-6.8232136,0.6388889,69.13303,0.0,0.0,0.0,1.0,0.0,0,5.1500177,0.0,1.187081,2.3705974,4.818286,9.6022415,0.0,0.0,0.0,10.208353
1,263,264.0,10.0,1.0,1.0,243.0,1.0,1.0,1.0,0.9428273,1.0,-0.0,0.0,-1.5094202e-05,-0.057157613,0.13812706,3.866805,0.6777121,8.429456,0.5988224,1.9999015,0.0,2.2132854,-6.261723,0.6342593,69.82108,0.0,0.0,0.0,1.0,0.0,0,5.721623,0.0,1.5025146,2.0376325,4.562727,8.904344,0.0,0.0,0.0,9.4422455
3,263,264.0,10.0,1.0,1.0,243.0,1.0,1.0,1.0,0.95043766,1.0,-0.0,0.0,-1.5925947e-05,-0.049546447,0.1197068,3.8123262,0.5711226,7.9727864,0.69536555,1.5003417,0.0,3.0455542,-6.2779403,0.6388889,69.4108,0.0,0.0,0.0,1.0,0.0,0,5.266548,0.0,1.2995056,1.9006476,4.6275034,9.877811,0.0,0.0,0.0,10.253702
1,264,265.0,10.0,1.0,1.0,244.0,1.0,1.0,1.0,0.9456926,1.0,-0.0,0.0,-1.3401231e-05,-0.05429397,0.08766316,3.997241,0.6710413,8.257638,0.6033826,2.0014665,0.0,2.068668,-6.4317284,0.6342593,69.93694,0.0,0.0,0.0,1.0,0.0,0,5.5738907,0.0,1.5973227,1.5191941,4.556123,9.225878,0.0,0.0,0.0,10.073154
3,264,265.0,10.0,1.0,1.0,244.0,1.0,1.0,1.0,0.9525238,1.0,-0.0,0.0,-1.41725895e-05,-0.047461987,0.07107817,3.9485548,0.5620832,7.8477187,0.70711917,1.5303004,0.0,2.8894083,-5.853193,0.6388889,69.5273,0.0,0.0,0.0,1.0,0.0,0,5.265246,0.0,1.393868,1.4268862,4.619559,10.041985,0.0,0.0,0.0,10.651421
1,265,266.0,10.0,1.0,1.0,245.0,1.0,1.0,1.0,0.9475394,1.0,-0.0,0.0,-1.468654e-05,-0.052445933,0.13497564,3.9888234,0.6466356,8.146755,0.59954834,2.0774565,0.0,1.7740957,-6.4729004,0.6342593,69.993004,0.0,0.0,0.0,1.0,0.0,0,5.135291,0.0,1.6065359,1.1361873,4.57541,8.237299,0.0,0.0,0.0,9.475128
3,265,266.0,10.0,1.0,1.0,245.0,1.0,1.0,1.0,0.95521915,1.0,-0.0,0.0,-1.4913432e-05,-0.04476594,0.11274051,3.9321382,0.5342949,7.685956,0.7033203,1.4814421,0.0,2.5687978,-6.2651515,0.6388889,69.59279,0.0,0.0,0.0,1.0,0.0,0,5.2394047,0.0,1.7652729,1.1284009,4.815423,10.239857,0.0,0.0,0.0,10.804054
1,266,267.0,10.0,1.0,1.0,246.0,1.0,1.0,1.0,20.949886,1.0,-0.0,20.0,-1.2877132e-05,-0.05010039,0.10367297,4.019907,0.6314792,8.006022,0.604291,1.9511681,0.0,1.583132,-5.6971016,0.6342593,70.011955,1.0,0.0,0.0,1.0,0.0,0,5.621036,0.0,2.0457938,0.8606842,4.9601026,8.386467,0.0,0.0,0.0,10.127974
3,266,267.0,10.0,1.0,1.0,246.0,1.0,1.0,1.0,0.9568371,1.0,-0.0,0.0,-1.3888757e-05,-0.043148994,0.08650739,3.9737887,0.53036433,7.588939,0.7076184,1.5323448,0.0,2.4991233,-6.080605,0.6388889,69.61731,0.0,0.0,0.0,1.0,0.0,0,5.431587,0.0,1.9337469,0.85501945,4.971659,10.433166,0.0,0.0,0.0,11.120451
1,267,268.0,10.0,1.0,1.0,247.0,1.0,1.0,1.0,0.95062375,1.0,-0.0,0.0,-1.3293377e-05,-0.049362928,0.1260791,4.0211544,0.6165075,7.9617753,0.60205156,1.8692163,0.0,1.4247773,-5.4099393,0.6342593,70.05641,1.0,0.0,0.0,1.0,0.0,0,5.419516,0.0,2.068157,0.69193006,4.914971,8.483779,0.0,0.0,0.0,10.426346
3,267,268.0,10.0,1.0,1.0,247.0,1.0,1.0,1.0,0.9588503,1.0,-0.0,0.0,-1.378428e-05,-0.04113588,0.1002457,3.9681337,0.50531423,7.4681525,0.7086857,1.6012831,0.0,2.2337947,-6.2489753,0.6388889,69.664696,0.0,0.0,0.0,1.0,0.0,0,5.4097447,0.0,1.8615447,0.8360705,4.9296527,10.694768,0.0,0.0,0.0,11.393639
1,268,269.0,10.0,1.0,1.0,248.0,1.0,1.0,1.0,0.9510389,1.0,-0.0,0.0,-1.3646385e-05,-0.048947427,0.23607314,3.8018878,0.589499,7.936845,0.6328412,1.7918223,0.0,1.2018704,-1.6516056,0.6342593,70.47747,1.0,0.0,0.0,1.0,0.0,0,5.5054297,0.0,2.091143,0.7637011,4.984303,9.17794,0.0,0.0,0.0,10.515505
3,268,269.0,10.0,1.0,1.0,248.0,1.0,1.0,1.0,20.960684,1.0,-0.0,20.0,-1.4261985e-05,-0.0393028,0.25452003,3.7401624,0.4691238,7.3581676,0.7177435,1.8970644,0.0,1.8347238,-2.6574824,0.6388889,70.08167,1.0,0.0,0.0,1.0,0.0,0,5.382234,0.0,1.9425324,0.8272032,4.9748964,11.257575,0.0,0.0,0.0,11.334126
1,269,270.0,10.0,1.0,1.0,249.0,1.0,1.0,1.0,0.95100194,1.0,-0.0,0.0,-1.2794544e-05,-0.04898526,0.15507731,3.9499772,0.5499628,7.939115,0.69953144,2.8060958,0.0,0.93397987,-3.0342453,0.6342593,70.64331,1.0,0.0,0.0,1.0,0.0,0,5.182557,0.0,1.906054,1.025798,4.788509,8.86182,0.0,0.0,0.0,11.202192
3,269,270.0,10.0,1.0,1.0,249.0,1.0,1.0,1.0,0.9632061,1.0,-0.0,0.0,-1.3048223e-05,-0.036780823,0.11788923,3.8359177,0.42826796,7.206849,0.72695845,2.4740272,0.0,1.3178952,-4.148579,0.6388889,70.22102,1.0,0.0,0.0,1.0,0.0,0,5.355664,0.0,1.8885115,0.83645284,4.9195867,11.27527,0.0,0.0,0.0,12.145362
1,270,271.0,10.0,1.0,1.0,250.0,1.0,1.0,1.0,0.9543323,1.0,-0.0,0.0,-1.4795074e-05,-0.0456529,0.1841627,3.8916514,0.5117951,7.7391734,0.6789808,2.8972278,0.0,0.9585875,-2.566048,0.6342593,70.69622,1.0,0.0,0.0,1.0,0.0,0,5.109148,0.0,2.075933,0.8072734,4.7936974,8.95951,0.0,0.0,0.0,11.52307
3,270,271.0,10.0,1.0,1.0,250.0,1.0,1.0,1.0,0.9667991,1.0,-0.0,0.0,-1.47747305e-05,-0.033186138,0.16320385,3.7690945,0.391292,6.991168,0.7168479,2.684635,0.0,0.73595065,-3.5632448,0.6388889,70.28198,1.0,0.0,0.0,1.0,0.0,0,5.13621,0.0,1.7764833,0.87486446,4.860144,11.7453165,0.0,0.0,0.0,12.479241
1,271,272.0,10.0,1.0,1.0,251.0,1.0,1.0,1.0,0.9572,1.0,-0.0,0.0,-1.2783521e-05,-0.042787235,0.18779747,3.8000934,0.47459403,7.5672336,0.668966,3.1556153,0.0,0.9829774,-6.3428164,0.6342593,70.89378,1.0,0.0,0.0,1.0,0.0,0,1.8261943,0.0,1.9117666,0.77628255,2.0308664,9.015068,0.0,0.0,0.0,11.329804
3,271,272.0,10.0,1.0,1.0,251.0,1.0,1.0,1.0,0.97072613,1.0,-0.0,0.0,-1.2924184e-05,-0.029260928,0.067871064,3.6740654,0.34295174,6.7556553,0.797493,4.320421,0.0,0.3505445,-6.252318,0.6388889,70.49906,1.0,0.0,0.0,1.0,0.0,0,2.4616828,0.0,1.5190877,0.77643204,2.8081982,11.711499,0.0,0.0,0.0,11.330459
1,272,273.0,10.0,1.0,1.0,252.0,1.0,1.0,1.0,0.9584824,1.0,-0.0,0.0,-1.6918899e-05,-0.041500684,0.32655334,3.793282,0.47160882,7.4900403,0.7066966,4.3710427,0.0,1.0454882,-1.2433221,0.6342593,71.108215,1.0,0.0,0.0,1.0,0.0,0,5.7724795,0.0,2.0444956,1.5025754,5.5067873,8.906644,0.0,0.0,0.0,12.079406
3,272,273.0,10.0,1.0,1.0,252.0,1.0,1.0,1.0,0.97225815,1.0,-0.0,0.0,-1.575599e-05,-0.027726093,0.37149525,3.609129,0.30848145,6.663565,0.7579607,4.4639072,0.0,0.5845029,-1.5246543,0.6388889,70.7095,1.0,0.0,0.0,1.0,0.0,0,6.059473,0.0,1.9036878,1.2203515,5.8796425,10.388763,0.0,0.0,0.0,12.554714
1,273,274.0,10.0,1.0,1.0,253.0,1.0,1.0,1.0,0.96221596,1.0,-0.0,0.0,-2.0058447e-05,-0.03776393,0.19028783,3.7900562,0.4227303,7.2658353,0.68745255,4.8002496,0.0,1.5521734,-2.7413042,0.6342593,71.163864,1.0,0.0,0.0,1.0,0.0,0,4.480878,0.0,1.621968,1.2127815,4.385366,8.87,0.0,0.0,0.0,12.646234
3,273,274.0,10.0,1.0,1.0,253.0,1.0,1.0,1.0,0.9745623,1.0,-0.0,0.0,-1.9436164e-05,-0.02541827,0.2046816,3.6306283,0.28813168,6.525096,0.7331302,4.5915155,0.0,0.9895248,-3.158927,0.6388889,70.79126,1.0,0.0,0.0,1.0,0.0,0,4.123704,0.0,1.2980822,1.2064213,4.307081,10.458463,0.0,0.0,0.0,13.053381
1,274,275.0,10.0,1.0,1.0,254.0,1.0,1.0,1.0,0.9649127,1.0,-0.0,0.0,-1.3902215e-05,-0.035073385,0.20331666,3.7562587,0.39394698,7.1044025,0.66513306,4.936303,0.0,1.9319868,-2.43646,0.6342593,71.22688,1.0,0.0,0.0,1.0,0.0,0,4.6823816,0.0,1.5759962,1.2403766,4.5886073,9.01782,0.0,0.0,0.0,12.847914
3,274,275.0,10.0,1.0,1.0,254.0,1.0,1.0,1.0,0.9776031,1.0,-0.0,0.0,-1.3320222e-05,-0.022383625,0.21996535,3.6177998,0.28942567,6.343017,0.720814,4.7658763,0.0,1.1258749,-3.017813,0.6388889,70.84278,1.0,0.0,0.0,1.0,0.0,0,4.5873895,0.0,1.1496766,1.2470359,4.8515515,10.572368,0.0,0.0,0.0,13.274941
1,275,276.0,10.0,1.0,1.0,255.0,1.0,1.0,1.0,0.96548533,1.0,-0.0,0.0,-1.4142665e-05,-0.034500513,0.21058209,3.680987,0.36659077,6.94892,0.64856696,5.1211104,0.0,2.2400067,-2.267778,0.6342593,71.26137,1.0,0.0,0.0,1.0,0.0,0,4.7650294,0.0,1.2419381,1.905488,4.286593,9.068606,0.0,0.0,0.0,13.059256
3,275,276.0,10.0,1.0,1.0,255.0,1.0,1.0,1.0,0.97984123,1.0,-0.0,0.0,-1.3444927e-05,-0.020145267,0.22365339,3.5553825,0.28487238,6.1996713,0.7136627,5.0090437,0.0,1.250231,-2.9880068,0.6388889,70.86636,1.0,0.0,0.0,1.0,0.0,0,4.3779397,0.0,0.86363804,1.7306185,4.437629,10.608101,0.0,0.0,0.0,13.525329
1,276,277.0,10.0,1.0,1.0,256.0,1.0,1.0,1.0,0.9652177,1.0,-0.0,0.0,-1.28225365e-05,-0.034769498,0.22926293,3.6504257,0.35002026,6.8295584,0.6331714,5.2566104,0.0,2.4562275,-1.9877377,0.6342593,71.30706,1.0,0.0,0.0,1.0,0.0,0,4.6553707,0.0,0.8216601,2.4595187,4.252063,9.166104,0.0,0.0,0.0,13.298774
3,276,277.0,10.0,1.0,1.0,256.0,1.0,1.0,1.0,0.98094785,1.0,-0.0,0.0,-1.2192163e-05,-0.019039927,0.23483038,3.5246198,0.29722247,5.9783497,0.70411,5.164045,0.0,1.2320998,-2.8793764,0.6388889,70.91203,1.0,0.0,0.0,1.0,0.0,0,4.976353,0.0,0.33501884,3.0717285,4.3409657,12.011913,0.0,0.0,0.0,14.7296915
1,277,278.0,10.0,1.0,1.0,257.0,1.0,1.0,1.0,0.96315616,1.0,-0.0,0.0,-1.43881125e-05,-0.03682946,0.24183318,3.56021,0.34305397,6.8033633,0.6222578,5.4064035,0.0,2.559179,-1.8400103,0.6342593,71.337555,1.0,0.0,0.0,1.0,0.0,0,4.4226694,0.0,0.40972522,3.0300074,3.74671,9.189965,0.0,0.0,0.0,13.4313545
3,277,278.0,10.0,1.0,1.0,257.0,1.0,1.0,1.0,0.98033506,1.0,-0.0,0.0,-1.3669125e-05,-0.019651301,0.24973899,3.4723015,0.29720828,5.989473,0.69274396,5.1896043,0.0,1.2592765,-2.716098,0.6388889,70.91988,1.0,0.0,0.0,1.0,0.0,0,4.299075,0.0,0.15011036,2.956888,3.9599583,11.592081,0.0,0.0,0.0,13.912533
1,278,279.0,10.0,1.0,1.0,258.0,1.0,1.0,1.0,0.9635834,1.0,-0.0,0.0,-1.3746297e-05,-0.036402844,0.37425423,3.8724513,0.33311397,6.666385,0.61739385,5.5177846,0.0,2.6475236,0.15392992,0.6342593,71.74441,1.0,0.0,0.0,1.0,0.0,0,2.9894178,0.0,0.37519938,2.2587302,2.5696106,9.352701,0.0,0.0,0.0,13.519718
3,278,279.0,10.0,1.0,1.0,258.0,1.0,1.0,1.0,0.979009,1.0,-0.0,0.0,-1.3957857e-05,-0.020977091,0.36378467,3.7632823,0.2995476,5.9053426,0.69245857,5.353282,0.0,1.3161122,-1.4331704,0.6388889,71.30229,1.0,0.0,0.0,1.0,0.0,0,3.708008,0.0,0.0,2.6387992,2.8819702,11.95883,0.0,0.0,0.0,15.034016
1,279,280.0,10.0,1.0,1.0,259.0,1.0,1.0,1.0,0.96769226,1.0,-0.0,0.0,-1.68095e-05,-0.032290906,0.19926652,3.657735,0.373453,6.370365,0.60745376,5.5670886,0.0,2.2796733,-2.4278815,0.6342593,71.866066,1.0,0.0,0.0,1.0,0.0,0,4.5106235,0.0,0.1239412,3.0097919,4.0929284,9.303935,0.0,0.0,0.0,13.481544
3,279,280.0,10.0,1.0,1.0,259.0,1.0,1.0,1.0,0.98793614,1.0,-0.0,0.0,-1.6533591e-05,-0.01204733,0.21262877,3.5618517,0.32952714,5.383909,0.68423057,5.3389297,0.0,1.0570289,-3.2143686,0.6388889,71.410194,1.0,0.0,0.0,1.0,0.0,0,5.034994,0.0,0.0,3.253272,4.0798793,11.5948515,0.0,0.0,0.0,13.922083
1,280,281.0,10.0,1.0,1.0,260.0,1.0,1.0,1.0,0.96800876,1.0,-0.0,0.0,-1.3837811e-05,-0.031977385,0.40119177,3.9253783,0.35241905,6.3090997,0.5981616,5.609543,0.0,2.6020339,0.43042096,0.6342593,72.33826,1.0,0.0,0.0,1.0,0.0,0,4.523727,0.0,0.0,3.690024,3.821618,9.353124,0.0,0.0,0.0,13.437089
3,280,281.0,10.0,1.0,1.0,260.0,1.0,1.0,1.0,0.99685675,1.0,-0.0,0.0,-1.4618264e-05,-0.0031286392,0.42735898,3.82122,0.33821234,5.058968,0.6668436,5.1287494,0.0,1.5433228,-0.6519528,0.6388889,71.88024,1.0,0.0,0.0,1.0,0.0,0,4.77214,0.0,0.0,3.2872734,4.2324452,11.676465,0.0,0.0,0.0,13.505393
1,281,282.0,10.0,1.0,1.0,261.0,1.0,1.0,1.0,0.95578116,1.0,-0.0,0.0,-2.231433e-05,-0.044196546,0.29644185,3.5681207,0.36103487,6.381787,0.62676376,6.2700047,0.0,2.503193,-1.6129017,0.6342593,72.61192,1.0,0.0,0.0,1.0,0.0,0,4.059302,0.0,0.0,3.4183805,3.4122696,8.939328,0.0,0.0,0.0,12.936216
3,281,282.0,10.0,1.0,1.0,261.0,1.0,1.0,1.0,0.99180096,1.0,-0.0,0.0,-2.2092972e-05,-0.00817691,0.25708526,3.464213,0.33990204,5.1346993,0.6781708,5.355914,0.0,1.3202689,-2.7132556,0.6388889,72.15904,1.0,0.0,0.0,1.0,0.0,0,4.4847803,0.0,0.0,3.1675944,3.9603815,11.314905,0.0,0.0,0.0,13.071719
1,282,283.0,10.0,1.0,1.0,262.0,1.0,1.0,1.0,0.9744357,1.0,-0.0,0.0,-1.4098743e-05,-0.025550215,0.5982969,4.1288214,0.3165319,4.7292666,0.6370186,6.5330124,0.0,3.8094575,2.5071492,0.6342593,73.47413,1.0,0.0,0.0,1.0,0.0,0,4.156325,0.0,0.005676887,4.6698813,4.729299,8.222224,0.0,0.0,0.0,12.890529
3,282,283.0,10.0,1.0,1.0,262.0,1.0,1.0,1.0,0.99122345,1.0,-0.0,0.0,-1.4415442e-05,-0.008762101,0.6270826,3.9871714,0.4693745,3.0119438,0.68725055,5.525726,0.0,3.4277694,2.038314,0.6388889,73.07674,1.0,0.0,0.0,1.0,0.0,0,3.1719434,0.0,0.2910455,3.1522222,4.71074,10.172234,0.0,0.0,0.0,12.820825
1,283,284.0,10.0,1.0,1.0,263.0,1.0,1.0,1.0,0.9591848,1.0,-0.0,0.0,-2.9406603e-05,-0.040785804,0.4369136,3.960127,0.33787596,4.7835846,0.69022584,7.447148,0.0,3.496088,0.23215172,0.6342593,73.64158,1.0,0.0,0.0,1.0,0.0,0,3.049032,0.0,0.0,2.9756866,3.8278482,7.599344,0.0,0.0,0.0,12.161268
3,283,284.0,10.0,1.0,1.0,263.0,1.0,1.0,1.0,0.98490244,1.0,-0.0,0.0,-3.7274214e-05,-0.015060311,0.46762228,3.7393515,0.5519333,2.7423286,0.70745134,5.9036183,0.0,3.5216997,-0.14893618,0.6388889,73.31146,1.0,0.0,0.0,1.0,0.0,0,2.0807092,0.0,0.0,2.2110114,2.7643604,9.509403,0.0,0.0,0.0,11.745732
1,284,285.0,10.0,1.0,1.0,264.0,1.0,1.0,1.0,0.95703185,1.0,-0.0,0.0,-1.708298e-05,-0.042951033,0.4360851,4.112194,0.4075951,4.5559115,0.71119785,7.577061,0.0,3.6089082,-0.12880656,0.6342593,74.150986,1.0,0.0,0.0,1.0,0.0,0,3.3622859,0.0,0.23258094,3.4054751,4.340084,7.1617265,0.0,0.0,0.0,11.721214
3,284,285.0,10.0,1.0,1.0,264.0,1.0,1.0,1.0,0.9875943,1.0,-0.0,0.0,-2.1155016e-05,-0.012384513,0.51900035,3.851621,0.6184605,2.7451818,0.7155183,5.74307,0.0,3.9144657,0.6079748,0.6388889,73.80074,1.0,0.0,0.0,1.0,0.0,0,4.3752975,0.0,0.64987224,2.81468,4.5250616,9.326611,0.0,0.0,0.0,11.400193
1,285,286.0,10.0,1.0,1.0,265.0,1.0,1.0,1.0,0.96108645,1.0,-0.0,0.0,-2.3003184e-05,-0.03889053,0.5220469,4.107601,0.4577966,3.6334312,0.7252531,7.3334312,0.0,4.387446,0.87184364,0.6342593,74.42661,1.0,0.0,0.0,1.0,0.0,0,3.0666099,0.0,1.4533106,2.5967486,5.4695935,7.1259003,0.0,0.0,0.0,11.151117
3,285,286.0,10.0,1.0,1.0,265.0,1.0,1.0,1.0,0.9920134,1.0,-0.0,0.0,-2.6251273e-05,-0.007960379,0.54284966,3.79307,0.7175073,3.0622032,0.72778624,5.4776225,0.0,4.666526,1.2405589,0.6388889,74.0542,1.0,0.0,0.0,1.0,0.0,0,3.7127473,0.0,1.2282693,2.4381447,5.281651,8.982182,0.0,0.0,0.0,10.990587
1,286,287.0,10.0,1.0,1.0,266.0,1.0,1.0,1.0,0.9649676,1.0,-0.0,0.0,-1.7792543e-05,-0.035014573,0.3911566,4.1626344,0.4539965,3.5653584,0.7440204,7.100874,0.0,3.9755712,-0.39191172,0.6342593,74.91367,1.0,0.0,0.0,1.0,0.0,0,2.7440147,0.0,1.4241133,0.95013356,5.1820955,6.8876147,0.0,0.0,0.0,10.553957
3,286,287.0,10.0,1.0,1.0,266.0,1.0,1.0,1.0,0.99768364,1.0,-0.0,0.0,-1.5413298e-05,-0.0023008916,0.40231532,3.9188225,0.7092938,2.9321406,0.74600244,5.138053,0.0,4.1908693,-0.42661095,0.6388889,74.60496,1.0,0.0,0.0,1.0,0.0,0,2.6923022,0.0,1.327826,0.53365165,4.8560033,8.586578,0.0,0.0,0.0,10.616693
1,287,288.0,10.0,1.0,1.0,267.0,1.0,1.0,1.0,0.9666859,1.0,-0.0,0.0,-1.7877124e-05,-0.03329624,0.23807399,4.18902,0.53537893,3.6066163,0.76466703,6.9977736,0.0,3.7450724,-2.250408,0.6388889,75.35638,1.0,0.0,0.0,1.0,0.0,0,3.251247,0.0,2.2758112,0.5383851,5.243949,4.35354,0.0,0.0,0.0,9.655689
3,287,288.0,10.0,1.0,1.0,267.0,1.0,1.0,1.0,0.99997854,1.0,-0.0,0.0,-2.1458873e-05,-0.0,0.2691798,3.9007182,0.7786471,2.950238,0.77018154,4.8184824,1.0,3.9592829,-1.9224687,0.6388889,74.96159,1.0,0.0,0.0,1.0,0.0,0,3.2092707,0.0,1.8165009,0.28481674,5.15458,8.695004,0.0,0.0,0.0,10.278455
1,288,289.0,10.0,1.0,1.0,268.0,1.0,1.0,1.0,0.96836096,1.0,-0.0,0.0,-1.4817711e-05,-0.031624176,0.3904268,4.210356,0.6667136,3.3768232,0.79363996,6.89745,0.0,4.412463,-0.4088357,0.6388889,75.72003,1.0,0.0,0.0,1.0,0.0,0,3.0430672,0.0,2.7342637,1.2927891,7.4703674,4.017815,0.0,0.0,0.0,10.19537
3,288,289.0,10.0,1.0,1.0,268.0,1.0,1.0,1.0,0.9999827,1.0,-0.0,0.0,-1.729014e-05,-0.0,0.53662395,3.9971628,0.88071674,3.4804766,0.806802,4.43717,1.0,4.4843655,0.746022,0.6388889,75.39974,1.0,0.0,0.0,1.0,0.0,0,2.2661145,0.0,2.6702394,1.5603555,7.9983554,7.609695,0.0,0.0,0.0,9.895592
1,289,290.0,10.0,1.0,1.0,269.0,1.0,1.0,1.0,0.9730082,1.0,-0.0,0.0,-1.2526261e-05,-0.026979268,0.18725507,4.257146,0.6666192,3.1416934,0.8324615,6.618756,0.0,3.849851,-2.3585308,0.6527778,76.19313,1.0,0.0,0.0,1.0,0.0,0,1.6926683,0.0,2.393151,0.054596968,5.7883506,3.981745,0.0,0.0,0.0,10.061738
3,289,290.0,10.0,1.0,1.0,269.0,1.0,1.0,1.0,0.9999855,1.0,-0.0,0.0,-1.4508329e-05,-0.0,0.17404594,4.0109262,0.9135763,3.6624005,0.8485228,4.0849705,1.0,4.032695,-2.8214958,0.6481481,75.85345,1.0,0.0,0.0,1.0,0.0,0,0.4244928,0.0,1.6743654,0.019073391,3.6914182,8.191308,0.0,0.0,0.0,9.606891
1,290,291.0,10.0,1.0,1.0,270.0,1.0,1.0,1.0,0.98089814,1.0,-0.0,0.0,-1.6481903e-05,-0.019085335,0.04016552,4.269313,0.76259446,3.5844088,0.86204463,6.1451197,0.0,3.9101114,-4.6283712,0.6666667,76.60291,1.0,0.0,0.0,1.0,0.0,0,2.0517266,0.0,2.151026,0.23812808,5.5546575,3.9386508,0.0,0.0,0.0,9.821267
3,290,291.0,10.0,1.0,1.0,270.0,1.0,1.0,1.0,0.99998575,1.0,-0.0,0.0,-1.4248583e-05,-0.0,0.15785769,4.1237497,0.99313027,3.9134953,0.8987056,3.779789,1.0,3.960865,-3.170195,0.662037,76.37605,1.0,0.0,0.0,1.0,0.0,0,3.2444968,0.0,2.2925706,0.26849145,6.1415677,8.34325,0.0,0.0,0.0,9.779388
1,291,292.0,10.0,1.0,1.0,271.0,1.0,1.0,1.0,0.9960813,1.0,-0.0,0.0,-1.002683e-05,-0.003908668,0.33199415,4.346864,0.8343928,3.7127123,0.88008887,5.2345195,0.0,4.6569877,-2.761608,0.6759259,77.032776,1.0,0.0,0.0,1.0,0.0,0,3.635309,0.0,2.705069,3.466766,7.4794106,3.9342864,0.0,0.0,0.0,9.489596
3,291,292.0,10.0,1.0,1.0,271.0,1.0,1.0,1.0,0.99223447,1.0,-0.0,0.0,-1.7477163e-05,-0.00774808,0.40643847,4.0485168,1.0619847,4.374624,0.9599317,3.6769066,0.0,4.6311736,-1.5299357,0.6759259,76.8039,1.0,0.0,0.0,1.0,0.0,0,6.0239463,0.0,2.2367165,3.7619047,7.57131,8.535789,0.0,0.0,0.0,9.559709
1,292,293.0,10.0,1.0,1.0,272.0,1.0,1.0,1.0,0.9999859,1.0,-0.0,0.0,-1.409756e-05,-0.0,0.10347217,4.346424,0.7785382,3.4219573,0.93642503,4.7693243,1.0,4.4850206,-5.2754636,0.6851852,77.33824,1.0,0.0,0.0,1.0,0.0,0,3.1546712,0.0,1.4734019,2.3573866,4.609896,4.572967,0.0,0.0,0.0,8.867518
3,292,293.0,10.0,1.0,1.0,272.0,1.0,1.0,1.0,0.99689674,1.0,-0.0,0.0,-1.1528749e-05,-0.0030917465,0.18408522,4.1322513,1.0047011,4.1286225,1.0200328,3.6896582,0.0,4.3145223,-3.1941142,0.6805556,77.220215,1.0,0.0,0.0,1.0,0.0,0,3.41966,0.0,1.0468179,2.5410714,4.7532926,8.191211,0.0,0.0,0.0,8.904726
1,293,294.0,10.0,1.0,1.0,273.0,1.0,1.0,1.0,0.999989,1.0,-0.0,0.0,-1.1029402e-05,-0.0,0.076453574,4.3836813,0.8269254,3.4840734,0.96402633,4.8677864,1.0,4.8321724,-6.6994233,0.6898148,77.72202,1.0,0.0,0.0,1.0,0.0,0,4.825412,0.0,1.0817868,2.438797,4.6945963,4.894034,0.0,0.0,0.0,8.770121
3,293,294.0,10.0,1.0,1.0,273.0,1.0,1.0,1.0,0.9883856,1.0,-0.0,0.0,-1.4410406e-05,-0.011599937,0.1230523,4.0912657,1.0496559,4.4880447,1.0431435,4.0597873,0.0,4.536521,-4.730162,0.6851852,77.50445,1.0,0.0,0.0,1.0,0.0,0,4.4296207,0.0,0.8525961,2.638729,4.468456,5.7813015,0.0,0.0,0.0,8.047721
1,294,295.0,10.0,1.0,1.0,274.0,1.0,1.0,1.0,0.9977908,1.0,-0.0,0.0,-1.5035487e-05,-0.0021941555,0.43774432,4.317572,0.87770873,3.7364624,1.0112121,5.131649,0.0,5.8295126,-5.3535767,0.6990741,78.06602,1.0,0.0,0.0,1.0,0.0,0,6.9100466,0.0,1.3715335,5.66013,6.1708345,5.4846005,0.0,0.0,2.0952213,6.5966115
3,294,295.0,10.0,1.0,1.0,274.0,1.0,1.0,1.0,0.98394215,1.0,-0.0,0.0,-1.2901909e-05,-0.016044965,0.48715472,4.0896974,1.0832386,5.028232,1.0451211,4.804488,0.0,5.387579,-3.0292497,0.6898148,77.844406,1.0,0.0,0.0,1.0,0.0,0,3.4857256,0.0,1.9826118,6.135836,6.2627215,4.886329,0.0,0.0,0.0,8.035219
1,295,296.0,10.0,1.0,1.0,275.0,1.0,1.0,1.0,0.9913403,1.0,-0.0,0.0,-1.7273604e-05,-0.008642452,0.27565473,4.2988715,0.81263435,3.7333183,1.0691396,5.304059,0.0,5.8178,-7.026945,0.6990741,78.27758,1.0,0.0,0.0,1.0,0.0,0,3.942274,0.0,0.54538953,2.9671836,3.5485575,6.053362,0.0,0.0,2.404938,5.6796513
3,295,296.0,10.0,1.0,1.0,275.0,1.0,1.0,1.0,0.9815609,1.0,-0.0,0.0,-1.6883128e-05,-0.018422259,0.20011403,4.0608706,1.0346981,5.0127935,1.11268,5.207978,0.0,5.2840905,-5.9680333,0.6990741,78.03709,1.0,0.0,0.0,1.0,0.0,0,2.1661334,0.0,0.74769855,2.7144294,4.0071597,5.6876283,0.0,0.0,0.0,7.4372663
1,296,297.0,10.0,1.0,1.0,276.0,1.0,1.0,1.0,0.9890287,1.0,-0.0,0.0,-1.9973086e-05,-0.010951319,0.16384032,4.2955136,0.8643743,4.041621,1.0787374,5.6570787,0.0,6.037152,-9.2031145,0.7037037,78.58013,1.0,0.0,0.0,1.0,0.0,0,4.440236,0.0,0.7669519,2.7136514,3.962531,5.9957004,0.0,0.0,3.1326234,4.6654515
3,296,297.0,10.0,1.0,1.0,276.0,1.0,1.0,1.0,0.96654165,1.0,-0.0,0.0,-1.4661876e-05,-0.033443708,0.08748006,4.0970507,1.0981989,5.54694,1.1067355,6.27013,0.0,5.5398345,-8.79394,0.7037037,78.388535,1.0,0.0,0.0,1.0,0.0,0,2.8068883,0.0,0.7341726,2.9661474,4.3859224,4.6628914,0.0,0.0,0.0,7.6091146
1,297,298.0,10.0,1.0,1.0,277.0,1.0,1.0,1.0,0.97591925,1.0,-0.0,0.0,-1.9046698e-05,-0.024061667,0.46540275,4.250836,0.9113092,4.466888,1.0828327,6.4436994,0.0,6.8794556,-8.340057,0.7037037,78.7887,1.0,0.0,0.0,1.0,0.0,0,6.5888367,0.0,1.387815,4.4602585,5.7744613,5.7684803,0.0,0.0,3.006451,4.447367
3,297,298.0,10.0,1.0,1.0,277.0,1.0,1.0,1.0,0.9446812,1.0,-0.0,0.0,-1.6795691e-05,-0.05530195,0.3792718,4.0036383,1.1385202,6.0854487,1.1283028,7.232667,0.0,6.331932,-7.8067164,0.7037037,78.62528,1.0,0.0,0.0,1.0,0.0,0,4.741478,0.0,1.3231616,4.9841723,6.228048,4.7109323,0.0,0.0,0.0,7.12622
1,298,299.0,10.0,1.0,1.0,278.0,1.0,1.0,1.0,0.97509307,1.0,-0.0,0.0,-2.2072316e-05,-0.024884904,0.3290683,3.9520495,0.86516494,4.6895347,1.1189812,6.493094,0.0,6.9259152,-9.965281,0.7037037,79.071686,1.0,0.0,0.0,1.0,0.0,0,3.248559,0.0,0.74133605,2.126809,3.0721512,6.1612215,0.0,0.0,3.0055058,3.5737996
3,298,299.0,10.0,1.0,1.0,278.0,1.0,1.0,1.0,0.9363386,1.0,-0.0,0.0,-1.5539164e-05,-0.06364584,0.3562864,3.734547,1.0986812,6.068956,1.1679914,7.7497935,0.0,6.350824,-9.287898,0.7037037,78.855255,1.0,0.0,0.0,1.0,0.0,0,4.848149,0.0,0.86224717,3.102134,4.330468,5.404809,0.0,0.0,0.0,6.655751
1,299,300.0,10.0,1.0,1.0,279.0,1.0,1.0,1.0,0.9765076,1.0,-0.0,0.0,-1.8481473e-05,-0.023473894,0.19903928,4.2252817,0.8828043,5.004352,1.135388,6.404081,0.0,7.2347026,-9.264822,0.7037037,79.753006,1.0,0.0,0.0,1.0,0.0,0,5.2234163,0.0,1.0188159,2.3294792,5.2997074,5.30655,0.0,0.0,1.9981889,4.8410535
3,299,300.0,10.0,1.0,1.0,279.0,1.0,1.0,1.0,0.93880594,1.0,-0.0,0.0,-1.4549154e-05,-0.06117954,0.09880103,3.9825852,1.1372492,6.53469,1.2162975,7.136081,0.0,6.6561995,-10.281317,0.7083333,79.46911,1.0,0.0,0.0,1.0,0.0,0,6.266996,0.0,1.0323517,2.8458512,5.60692,5.992153,0.0,0.0,0.0,6.44121
1,300,301.0,10.0,1.0,1.0,280.0,1.0,1.0,1.0,0.96933603,1.0,-0.0,0.0,-2.2302953e-05,-0.03064165,0.66267365,3.829305,0.92062896,5.455852,1.1518676,6.382646,0.0,7.869135,-6.7016277,0.7037037,80.37126,1.0,0.0,0.0,1.0,0.0,0,6.818128,0.0,1.4096271,3.697917,6.555257,5.548884,0.0,0.0,2.1563017,3.4516454
3,300,301.0,10.0,1.0,1.0,280.0,1.0,1.0,1.0,0.898484,1.0,-0.0,0.0,-1.5022624e-05,-0.101500995,0.50527567,3.6134987,1.1830473,7.146171,1.161519,8.943887,0.0,7.3694253,-10.502233,0.7083333,79.98692,1.0,0.0,0.0,1.0,0.0,0,7.0731883,0.0,1.2970687,3.897954,6.4997096,3.921291,0.0,0.0,0.0,6.1066065
1,301,302.0,10.0,1.0,1.0,281.0,1.0,1.0,1.0,0.9635885,1.0,-0.0,0.0,-1.2643041e-05,-0.036398888,0.19177534,3.9842434,0.910351,5.6818,1.1729481,6.502133,0.0,7.956332,-9.758157,0.7037037,80.9013,1.0,0.0,0.0,1.0,0.0,0,4.886025,0.0,1.2583587,1.891002,4.721469,4.9125843,0.0,0.0,0.7429226,4.944832
3,301,302.0,10.0,1.0,1.0,281.0,1.0,1.0,1.0,0.91936356,1.0,-0.0,0.0,-1.2615499e-05,-0.08062382,0.19518472,3.7701244,1.1362636,7.0102973,1.2672422,7.827131,0.0,7.324586,-10.282584,0.7083333,80.357506,1.0,0.0,0.0,1.0,0.0,0,5.5463953,0.0,0.9849077,2.5201197,5.201133,4.486824,0.0,0.0,0.20367251,6.007201
1,302,303.0,10.0,1.0,1.0,282.0,1.0,1.0,1.0,0.95757866,1.0,-0.0,0.0,-2.2390948e-05,-0.042398915,0.24512038,3.7131152,0.94392896,6.0289555,1.2019972,6.1848764,0.0,7.986106,-9.835732,0.7037037,81.23313,1.0,0.0,0.0,1.0,0.0,0,4.6402183,0.0,1.7408881,1.542677,4.575448,5.0937614,0.0,0.0,0.5346996,4.907336
3,302,303.0,10.0,1.0,1.0,282.0,1.0,1.0,1.0,0.92148054,1.0,-0.0,0.0,-1.8867358e-05,-0.07850057,0.273671,3.5246334,1.1486464,7.3050737,1.2882203,7.404959,0.0,7.4018903,-9.988238,0.7083333,80.66348,1.0,0.0,0.0,1.0,0.0,0,5.3741446,0.0,1.9073232,1.3589698,5.6151686,5.556487,0.0,0.0,0.0,6.0031815
1,303,304.0,10.0,1.0,1.0,283.0,1.0,1.0,1.0,0.95676196,1.0,-0.0,0.0,-1.277329e-05,-0.04322531,0.0062258914,3.7861779,0.9361462,5.977171,1.215513,6.4164195,0.0,8.049765,-9.950183,0.7037037,81.49304,1.0,0.0,0.0,1.0,0.0,0,6.3302264,0.0,2.3497155,0.7302098,6.8852434,4.993668,0.0,0.0,0.0,5.437661
3,303,304.0,10.0,1.0,1.0,283.0,1.0,1.0,1.0,0.9265819,1.0,-0.0,0.0,-1.1517414e-05,-0.07340656,0.11804998,3.5496016,1.1588714,7.3444233,1.2746626,6.9742317,0.0,7.6014256,-9.836732,0.7083333,80.84973,1.0,0.0,0.0,1.0,0.0,0,7.268238,0.0,2.4754386,1.2475059,7.048761,4.0642376,0.0,0.0,0.0,6.258894
1,304,305.0,10.0,1.0,1.0,284.0,1.0,1.0,1.0,0.95133007,1.0,-0.0,0.0,-1.5500838e-05,-0.04865443,0.41401163,3.5534208,0.94262445,5.7938375,1.091246,7.1254277,0.0,7.9132867,-9.333008,0.7037037,81.89458,1.0,0.0,0.0,1.0,0.0,0,7.2225814,0.0,3.2023032,0.0,8.316046,3.7867792,0.0,0.0,0.0,5.4085426
3,304,305.0,10.0,1.0,1.0,284.0,1.0,1.0,1.0,0.9159066,1.0,-0.0,0.0,-1.653067e-05,-0.08407687,0.44973975,3.392233,1.1674488,7.3007836,1.2038789,7.7438273,0.0,7.566337,-10.103163,0.7083333,81.18832,1.0,0.0,0.0,1.0,0.0,0,7.046988,0.0,3.1132815,0.0,8.170741,3.748624,0.0,0.0,0.0,5.692938
1,305,306.0,10.0,1.0,1.0,285.0,1.0,1.0,1.0,0.96973675,1.0,-0.0,0.0,-1.4644345e-05,-0.030248575,0.047433376,3.6188107,0.90422535,5.3652625,1.1701446,6.4496512,0.0,7.5205264,-9.561303,0.7083333,82.03519,1.0,0.0,0.0,1.0,0.0,0,5.136599,0.0,2.1874623,0.0,6.0193267,4.38704,0.0,0.0,0.0,5.17339
3,305,306.0,10.0,1.0,1.0,285.0,1.0,1.0,1.0,0.93926877,1.0,-0.0,0.0,-1.2619702e-05,-0.060718603,0.1317747,3.4078543,1.1228406,6.8325386,1.2414103,6.7939177,0.0,7.1928744,-9.580919,0.7083333,81.30778,1.0,0.0,0.0,1.0,0.0,0,8.001056,0.0,3.366173,0.0,8.489858,3.3745,0.0,0.0,0.0,6.061122
1,306,307.0,10.0,1.0,1.0,286.0,1.0,1.0,1.0,0.98174644,1.0,-0.0,0.0,-1.5402431e-05,-0.018238185,0.06861109,3.6034431,0.8953997,5.0093555,1.1408435,6.0849347,0.0,6.794454,-9.6444025,0.7083333,82.135086,1.0,0.0,0.0,1.0,0.0,0,4.9820266,0.0,2.1897902,0.0,5.9268746,3.9939148,0.0,0.0,0.0,5.560169
3,306,307.0,10.0,1.0,1.0,286.0,1.0,1.0,1.0,0.9412972,1.0,-0.0,0.0,-1.38898395e-05,-0.058688957,0.11939071,3.418598,1.1317413,6.6687336,1.2470137,5.9774327,0.0,6.734758,-9.890387,0.7083333,81.37699,1.0,0.0,0.0,1.0,0.0,0,4.8970776,0.0,2.2697613,0.0,7.0587373,4.714414,0.0,0.0,0.0,6.7128644
1,307,308.0,10.0,1.0,1.0,287.0,1.0,1.0,1.0,0.9815511,1.0,-0.0,0.0,-1.1712516e-05,-0.01843716,0.08982886,3.5879765,0.90390277,4.733238,1.1474973,5.994961,0.0,6.664856,-9.598351,0.7083333,82.276115,1.0,0.0,0.0,1.0,0.0,0,5.6075,0.0,3.8214128,0.0,8.14046,3.8046858,0.0,0.0,0.0,5.7324657
3,307,308.0,10.0,1.0,1.0,287.0,1.0,1.0,1.0,0.95144206,1.0,-0.0,0.0,-1.0872574e-05,-0.048547074,0.016992725,3.397565,1.1115229,6.290952,1.2162496,5.279202,0.0,6.523808,-9.450791,0.7083333,81.50224,1.0,0.0,0.0,1.0,0.0,0,6.869288,0.0,4.219451,0.0,8.807447,3.5232806,0.0,0.0,0.0,6.742608
1,308,309.0,10.0,1.0,1.0,288.0,1.0,1.0,1.0,0.9844482,1.0,-0.0,0.0,-1.074173e-05,-0.01554105,0.16445649,3.5824902,0.92663383,4.7272797,1.060401,5.9324627,0.0,6.312891,-9.421442,0.7083333,82.37753,1.0,0.0,0.0,1.0,0.0,0,7.595628,0.0,3.0371263,0.0,8.066562,2.818083,0.0,0.0,0.0,5.5035734
3,308,309.0,10.0,1.0,1.0,288.0,1.0,1.0,1.0,0.9541969,1.0,-0.0,0.0,-1.1216085e-05,-0.045791928,0.22474155,3.3930373,1.1429207,6.340547,1.1875957,4.8822403,0.0,6.4107146,-7.8774133,0.7083333,81.58821,1.0,0.0,0.0,1.0,0.0,0,2.7932754,0.0,2.8933015,0.0,7.2838836,4.1281476,0.0,0.0,0.0,7.5335946
1,309,310.0,10.0,1.0,1.0,289.0,1.0,1.0,1.0,0.98705345,1.0,-0.0,0.0,-1.2264795e-05,-0.012934243,0.029269233,3.7064705,0.93412876,4.5759726,1.1034739,5.2469196,0.0,5.9899497,-9.696011,0.7083333,82.50341,1.0,0.0,0.0,1.0,0.0,0,4.6336675,0.0,2.121511,0.0,5.7518525,3.754135,0.0,0.0,0.0,5.6892304
3,309,310.0,10.0,1.0,1.0,289.0,1.0,1.0,1.0,0.95856285,1.0,-0.0,0.0,-1.116802e-05,-0.04142598,0.013138726,3.470864,1.1616086,6.21355,1.1696011,4.521066,0.0,6.23316,-9.935512,0.7083333,81.664345,1.0,0.0,0.0,1.0,0.0,0,0.8662715,0.0,1.8526269,0.0,4.486785,4.3761635,0.0,0.0,0.0,7.4857407
1,310,311.0,10.0,1.0,1.0,290.0,1.0,1.0,1.0,0.9849068,1.0,-0.0,0.0,-1.1878023e-05,-0.015081326,0.17124993,3.6136215,0.9102436,4.239205,1.1206505,5.298595,0.0,5.5775237,-9.784835,0.7083333,82.69464,1.0,0.0,0.0,1.0,0.0,0,5.4616747,0.0,5.044914,0.0,7.6585503,3.8076017,0.0,0.0,0.0,6.970004
3,310,311.0,10.0,1.0,1.0,290.0,1.0,1.0,1.0,0.9641157,1.0,-0.0,0.0,-1.3319675e-05,-0.035871044,0.16850829,3.4140284,1.1047868,5.616378,1.1821815,3.908491,0.0,5.6895447,-9.683663,0.7083333,81.82017,1.0,0.0,0.0,1.0,0.0,0,2.9800622,0.0,4.466331,0.0,7.48066,4.6432924,0.0,0.0,0.0,8.669516
1,311,312.0,10.0,1.0,1.0,291.0,1.0,1.0,1.0,0.9899687,1.0,-0.0,0.0,-1.1738577e-05,-0.010019552,0.15173125,3.704039,0.95853156,4.65283,1.0801564,5.316003,0.0,5.579632,-9.919183,0.7083333,82.735916,1.0,0.0,0.0,1.0,0.0,0,3.8237107,0.0,2.4442067,0.0,5.096427,3.4206429,0.0,0.0,0.0,7.2353315
3,311,312.0,10.0,1.0,1.0,291.0,1.0,1.0,1.0,0.9642793,1.0,-0.0,0.0,-1.1634015e-05,-0.035709083,0.12762472,3.5175915,1.143165,5.8840885,1.1425076,3.9082909,0.0,5.8997016,-9.917827,0.7083333,81.86869,1.0,0.0,0.0,1.0,0.0,0,0.0,0.0,2.6405568,0.0,4.9928083,4.242266,0.0,0.0,0.0,9.558163
1,312,313.0,10.0,1.0,1.0,292.0,1.0,1.0,1.0,0.98934305,1.0,-0.0,0.0,-1.229585e-05,-0.010644668,0.21289214,3.7551317,0.9664158,4.731749,1.0851573,5.2178907,0.0,5.4066415,-9.907681,0.7083333,82.765755,1.0,0.0,0.0,1.0,0.0,0,3.8043885,0.0,3.3834853,0.0,5.957609,4.000397,0.0,0.0,0.0,7.580821
3,312,313.0,10.0,1.0,1.0,292.0,1.0,1.0,1.0,0.9641892,1.0,-0.0,0.0,-1.3665625e-05,-0.035797186,0.1666896,3.5774064,1.1488258,5.837461,1.1375517,3.8653913,0.0,5.797922,-9.943098,0.7083333,81.87747,1.0,0.0,0.0,1.0,0.0,0,0.0,0.0,3.7935042,0.0,5.9682536,4.6224594,0.0,0.0,0.0,9.586971
1,313,314.0,10.0,1.0,1.0,293.0,1.0,1.0,1.0,0.9951909,1.0,-0.0,0.0,-1.3385845e-05,-0.0047956943,0.015954487,3.730754,0.9318504,4.4873476,1.0383655,5.107179,0.0,4.7447877,-7.3078547,0.7083333,82.89285,1.0,0.0,0.0,1.0,0.0,0,3.7383473,0.0,4.013947,0.0,6.609218,3.5953844,0.0,0.0,0.0,7.9962993
3,313,314.0,10.0,1.0,1.0,293.0,1.0,1.0,1.0,0.97517425,1.0,-0.0,0.0,-1.3250623e-05,-0.024812493,0.09034835,3.5624628,1.1020075,4.964297,1.0964924,3.7577713,0.0,4.959778,-6.700029,0.7083333,82.00656,1.0,0.0,0.0,1.0,0.0,0,4.119171,0.0,2.995245,0.0,7.0073423,5.0370755,0.0,0.0,0.0,10.243927
1,314,315.0,10.0,1.0,1.0,294.0,1.0,1.0,1.0,0.9943233,1.0,-0.0,0.0,-1.2865563e-05,-0.0056638033,0.23363307,3.5555043,0.9295763,4.6739826,1.0453104,5.015604,0.0,4.827183,-10.362046,0.7083333,83.504456,1.0,0.0,0.0,1.0,0.0,0,2.682441,0.0,2.6587584,0.0,4.9129868,4.354588,0.0,0.0,0.0,7.577
3,314,315.0,10.0,1.0,1.0,294.0,1.0,1.0,1.0,0.9727464,1.0,-0.0,0.0,-1.1281971e-05,-0.02724235,0.12297928,3.3318374,1.1348736,5.031501,1.0830652,3.6155045,0.0,5.1257553,-10.025875,0.7083333,82.55961,1.0,0.0,0.0,1.0,0.0,0,2.6536615,0.0,2.1474633,0.0,4.563673,4.6207223,0.0,0.0,0.0,10.394274
1,315,316.0,10.0,1.0,1.0,295.0,1.0,1.0,1.0,0.9994184,1.0,-0.0,0.0,-1.3748442e-05,-0.00056785066,0.14692955,3.7487335,0.91306216,4.651147,1.0045428,4.973751,0.0,4.481351,-8.23225,0.7083333,83.77877,1.0,0.0,0.0,1.0,0.0,0,2.1514866,0.0,2.929605,0.0,4.7978663,3.7988899,0.0,0.0,0.0,8.402434
3,315,316.0,10.0,1.0,1.0,295.0,1.0,1.0,1.0,0.9738894,1.0,-0.0,0.0,-1.317919e-05,-0.026097393,0.06048549,3.5310502,1.136415,4.915642,1.0723641,3.5874653,0.0,4.919522,-8.18358,0.7083333,82.864586,1.0,0.0,0.0,1.0,0.0,0,2.1887677,0.0,2.9022732,0.0,5.0638266,4.8799915,0.0,0.0,0.0,10.232344
1,316,317.0,10.0,1.0,1.0,296.0,1.0,1.0,1.0,0.9999848,1.0,-0.0,0.0,-1.5201661e-05,-0.0,0.084353425,3.6146476,0.90270424,4.7244635,0.9844601,4.9850717,1.0,4.298377,-9.148593,0.7083333,84.391235,1.0,0.0,0.0,1.0,0.0,0,2.2644186,0.0,2.6598358,0.0,4.3333855,3.8046143,0.0,0.0,0.0,8.369726
3,316,317.0,10.0,1.0,1.0,296.0,1.0,1.0,1.0,0.9741945,1.0,-0.0,0.0,-1.38393525e-05,-0.025791664,0.02506692,3.3977284,1.1380836,4.8931327,1.0682497,3.4397542,0.0,4.908678,-9.061708,0.7083333,83.460464,1.0,0.0,0.0,1.0,0.0,0,0.9133509,0.0,2.4654381,0.0,4.4281526,4.890368,0.0,0.0,0.0,10.44314
1,317,318.0,10.0,1.0,1.0,297.0,1.0,1.0,1.0,0.999988,1.0,-0.0,0.0,-1.19820925e-05,-0.0,0.017013587,3.7526171,0.87262607,4.65283,0.9676032,4.9584584,1.0,3.9455585,-7.8022118,0.7083333,84.59295,1.0,0.0,0.0,1.0,0.0,0,2.197663,0.0,3.0569136,0.0,4.4758472,4.0084853,0.0,0.0,0.0,8.261395
3,317,318.0,10.0,1.0,1.0,297.0,1.0,1.0,1.0,0.9795709,1.0,-0.0,0.0,-1.1184465e-05,-0.020417862,0.105465576,3.527954,1.117195,4.4581165,1.0461478,3.4356554,0.0,4.5420012,-7.7634172,0.7083333,83.64069,1.0,0.0,0.0,1.0,0.0,0,1.4644811,0.0,2.7460868,0.0,4.7266703,5.0678463,0.0,0.0,0.0,9.888409
1,318,319.0,10.0,1.0,1.0,298.0,1.0,1.0,1.0,0.9999846,1.0,-0.0,0.0,-1.540002e-05,-0.0,0.06365124,3.7441492,0.8379992,4.566553,0.9590995,4.986328,1.0,3.565186,-7.1147213,0.7083333,84.90073,1.0,0.0,0.0,1.0,0.0,0,2.3387346,0.0,2.7936828,0.0,4.392899,4.1838946,0.0,0.0,0.0,7.9278874
3,318,319.0,10.0,1.0,1.0,298.0,1.0,1.0,1.0,0.98351085,1.0,-0.0,0.0,-1.5265405e-05,-0.016473863,0.18035322,3.5342085,1.0860721,4.0509076,1.0457188,3.3211937,0.0,4.19736,-6.7721624,0.7083333,83.96153,1.0,0.0,0.0,1.0,0.0,0,1.6620268,0.0,2.5319457,0.0,4.449888,5.096507,0.0,0.0,0.0,10.058373
1,319,320.0,10.0,1.0,1.0,299.0,1.0,1.0,1.0,0.99985397,1.0,-0.0,0.0,-1.354877e-05,-0.00013249855,0.009541586,3.583967,0.73528063,3.835301,0.95133036,5.0079494,0.0,2.677738,-6.845015,0.7083333,85.25728,1.0,0.0,0.0,1.0,0.0,0,2.3379002,0.0,3.3664663,0.0,5.1662025,4.554305,0.0,0.0,0.0,8.305171
3,319,320.0,10.0,1.0,1.0,299.0,1.0,1.0,1.0,0.9934119,1.0,-0.0,0.0,-1.2556301e-05,-0.006575545,0.027007423,3.429485,1.0184503,3.3673058,1.034154,3.283504,0.0,3.5181952,-8.203984,0.7083333,84.27529,1.0,0.0,0.0,1.0,0.0,0,1.6876919,0.0,2.0090742,0.0,3.7133892,5.1072707,0.0,0.0,0.0,10.205885
1,320,321.0,10.0,1.0,1.0,300.0,1.0,1.0,1.0,0.99841756,1.0,-0.0,0.0,-1.1038722e-05,-0.0015714344,0.12456123,3.6871545,0.7296065,4.034254,0.9347421,5.0942855,0.0,2.730221,-5.7460227,0.7083333,85.43334,1.0,0.0,0.0,1.0,0.0,0,2.3842804,0.0,2.8462703,0.0,4.5755363,4.489494,0.0,0.0,0.0,7.7962494
3,320,321.0,10.0,1.0,1.0,300.0,1.0,1.0,1.0,0.995074,1.0,-0.0,0.0,-1.0494776e-05,-0.004915509,0.12398884,3.5139155,1.0209746,3.3216648,1.0183494,3.372648,0.0,3.5865953,-7.1237125,0.7083333,84.45074,1.0,0.0,0.0,1.0,0.0,0,1.5845706,0.0,3.0453882,0.0,4.6098366,5.129198,0.0,0.0,0.0,9.403928
1,321,322.0,10.0,1.0,1.0,301.0,1.0,1.0,1.0,0.9981296,1.0,-0.0,0.0,-1.2603163e-05,-0.0018578399,0.10380577,3.7138848,0.6899959,4.0034766,0.92085797,5.1114697,0.0,2.4996717,-6.1239796,0.7083333,85.70123,1.0,0.0,0.0,1.0,0.0,0,2.7535024,0.0,3.0256171,0.0,5.226272,4.550936,0.0,0.0,0.0,7.9148417
3,321,322.0,10.0,1.0,1.0,301.0,1.0,1.0,1.0,0.9994206,1.0,-0.0,0.0,-1.3403775e-05,-0.0005660346,0.10440033,3.5436645,0.9752928,2.7698777,1.0045283,3.3348355,0.0,3.2178974,-7.211824,0.7083333,84.72465,1.0,0.0,0.0,1.0,0.0,0,2.6395817,0.0,2.671098,0.0,4.6560264,5.38296,0.0,0.0,0.0,9.853029
1,322,323.0,10.0,1.0,1.0,302.0,1.0,1.0,1.0,0.9972492,1.0,-0.0,0.0,-1.4203212e-05,-0.0027366078,0.2047237,3.7166648,0.6763783,3.8064125,0.9090397,5.164196,0.0,2.3665361,-5.066204,0.7083333,86.13904,1.0,0.0,0.0,1.0,0.0,0,2.988936,0.0,3.1688728,0.0,4.63278,4.6442437,0.0,0.0,0.0,8.234026
3,322,323.0,10.0,1.0,1.0,302.0,1.0,1.0,1.0,0.99998593,1.0,-0.0,0.0,-1.4064055e-05,-0.0,0.16062948,3.550593,0.96502817,2.5836008,0.9884844,3.3731124,1.0,2.9983947,-6.5801506,0.7083333,85.15335,1.0,0.0,0.0,1.0,0.0,0,2.0582166,0.0,2.8366573,0.0,4.5868,5.3589215,0.0,0.0,0.0,9.249609
1,323,324.0,10.0,1.0,1.0,303.0,1.0,1.0,1.0,0.99579704,1.0,-0.0,0.0,-8.05051e-06,-0.0041948888,0.2872184,3.8997884,0.5476204,4.3627963,0.89850026,5.251693,0.0,1.8914473,-3.8772914,0.7083333,86.39026,1.0,0.0,0.0,1.0,0.0,0,4.0189457,0.0,1.9008735,0.0,6.169003,4.86477,0.0,0.0,0.0,8.439249
3,323,324.0,10.0,1.0,1.0,303.0,1.0,1.0,1.0,0.9999923,1.0,-0.0,0.0,-7.676915e-06,-0.0,0.2460666,3.6272717,0.91160583,2.1605678,0.97582686,3.4397542,1.0,2.711011,-6.103997,0.7083333,85.50357,1.0,0.0,0.0,1.0,0.0,0,1.0638314,0.0,2.498946,0.0,5.2311335,5.2396154,0.0,0.0,0.0,9.545602
1,324,325.0,10.0,1.0,1.0,304.0,1.0,1.0,1.0,0.99390966,1.0,-0.0,0.0,-9.96561e-06,-0.0060804123,0.41364467,3.812023,0.52200866,4.2973475,0.880503,5.3648243,0.0,2.0527122,-2.8911111,0.7083333,86.74868,1.0,0.0,0.0,1.0,0.0,0,3.955474,0.0,2.3616161,0.0,4.9425383,4.810767,0.0,0.0,0.0,8.228939
3,324,325.0,10.0,1.0,1.0,304.0,1.0,1.0,1.0,0.9999908,1.0,-0.0,0.0,-9.205336e-06,-0.0,0.4236065,3.5577319,0.91065437,1.853236,0.9742706,3.409123,1.0,2.6859853,-4.0842,0.7083333,85.84071,1.0,0.0,0.0,1.0,0.0,0,2.6886125,0.0,2.5426736,0.0,4.6134644,5.1484385,0.0,0.0,0.0,9.983208
1,325,326.0,10.0,1.0,1.0,305.0,1.0,1.0,1.0,0.99018824,1.0,-0.0,0.0,-9.8980245e-06,-0.009801877,0.53164923,3.8837223,0.27776903,5.0933633,0.88167423,5.4947486,0.0,2.5669684,-0.7089721,0.7083333,86.93058,1.0,0.0,0.0,1.0,0.0,0,4.181033,0.0,2.2477527,0.0,6.645614,4.6576567,0.0,0.0,0.0,8.122646
3,325,326.0,10.0,1.0,1.0,305.0,1.0,1.0,1.0,0.9999906,1.0,-0.0,0.0,-9.4201e-06,-0.0,0.45232773,3.6149821,0.71326196,1.1204605,0.96355593,3.57982,1.0,2.179154,-3.0240064,0.7083333,86.03914,1.0,0.0,0.0,1.0,0.0,0,0.0,0.0,1.7249733,0.0,5.310467,5.3878584,0.0,0.0,0.0,10.539743
1,326,327.0,10.0,1.0,1.0,306.0,1.0,1.0,1.0,0.9909289,1.0,-0.0,0.0,-1.3599567e-05,-0.00905755,0.6929677,3.868093,0.26431492,5.0265193,0.8795657,5.516933,0.0,3.5555072,1.0557957,0.7083333,87.24837,1.0,0.0,0.0,1.0,0.0,0,5.994161,0.0,2.4097958,0.59771657,6.2914515,4.471488,0.0,0.0,0.0,8.333527
3,326,327.0,10.0,1.0,1.0,306.0,1.0,1.0,1.0,0.99998903,1.0,-0.0,0.0,-1.0963021e-05,-0.0,0.6374024,3.6263003,0.7071133,1.4515537,0.9698098,3.5499558,1.0,2.9026568,-0.72974616,0.7083333,86.33033,1.0,0.0,0.0,1.0,0.0,0,1.6757641,0.0,2.91004,0.0,5.8686013,5.204304,0.0,0.0,0.0,9.7498
1,327,328.0,10.0,1.0,1.0,307.0,1.0,1.0,1.0,0.98887473,1.0,-0.0,0.0,-1.2760334e-05,-0.011112497,0.7419866,3.9079065,0.23890087,5.104726,0.8816909,5.562023,0.0,3.9068048,0.43595117,0.7083333,87.49762,1.0,0.0,0.0,1.0,0.0,0,4.53539,0.0,1.1153276,1.0324067,7.329006,4.90648,0.0,0.0,0.0,7.177438
3,327,328.0,10.0,1.0,1.0,307.0,1.0,1.0,1.0,0.99998707,1.0,-0.0,0.0,-1.2928327e-05,-0.0,0.713836,3.585428,0.7075543,2.0413496,0.9699096,3.538471,1.0,3.5558372,-0.7749684,0.7083333,86.69654,1.0,0.0,0.0,1.0,0.0,0,4.0277104,0.0,2.0533013,0.4829428,5.4447465,5.373002,0.0,0.0,0.0,8.639432
1,328,329.0,10.0,1.0,1.0,308.0,1.0,1.0,1.0,0.9700393,1.0,-0.0,0.0,-1.5424788e-05,-0.029945279,0.68467,3.9938748,0.22300088,5.6902,0.91212076,6.106516,0.0,3.544863,-0.9675948,0.7083333,87.70494,1.0,0.0,0.0,1.0,0.0,0,2.880714,0.0,0.0,0.8335967,10.251497,5.2043004,0.0,0.0,0.0,7.0282226
3,328,329.0,10.0,1.0,1.0,308.0,1.0,1.0,1.0,0.99998677,1.0,-0.0,0.0,-1.320682e-05,-0.0,0.6490767,3.5486488,0.70390403,2.2064524,0.97993475,3.8377495,1.0,3.4848132,-1.486254,0.7083333,87.034096,1.0,0.0,0.0,1.0,0.0,0,3.8046494,0.0,1.3188912,0.980923,8.266591,5.5740643,0.0,0.0,0.0,8.1427355
1,329,330.0,10.0,1.0,1.0,309.0,1.0,1.0,1.0,0.96795845,1.0,-0.0,0.0,-1.690745e-05,-0.0320246,0.6780472,4.017845,0.2783535,5.529267,0.938792,6.3922086,0.0,4.324226,-2.1881657,0.7083333,87.94059,1.0,0.0,0.0,1.0,0.0,0,4.3988457,0.0,0.0,2.883275,8.18872,4.8415055,0.0,0.0,0.0,6.367171
3,329,330.0,10.0,1.0,1.0,309.0,1.0,1.0,1.0,0.9999805,1.0,-0.0,0.0,-1.9490379e-05,-0.0,0.607425,3.5305016,0.7955214,2.9603033,0.9960131,3.8998692,1.0,4.404644,-2.911509,0.7083333,87.31962,1.0,0.0,0.0,1.0,0.0,0,5.722205,0.0,1.8139939,1.0165498,6.3707023,5.1108174,0.0,0.0,0.0,7.080006
1,330,331.0,10.0,1.0,1.0,310.0,1.0,1.0,1.0,0.9738909,1.0,-0.0,0.0,-1.5655249e-05,-0.026093429,0.63616633,3.8128033,0.3951268,5.0310345,0.9748013,6.5345707,0.0,5.533534,-3.244808,0.7083333,88.40176,1.0,0.0,0.0,1.0,0.0,0,5.0931726,0.0,0.73495406,1.8448477,6.171241,4.7022104,0.0,0.0,0.0,5.8554783
3,330,331.0,10.0,1.0,1.0,310.0,1.0,1.0,1.0,0.99560297,1.0,-0.0,0.0,-1.608937e-05,-0.0043809414,0.54206324,3.5510077,0.81795424,3.5426714,1.0350475,3.9487426,0.0,4.9857016,-4.3520985,0.7083333,87.5456,1.0,0.0,0.0,1.0,0.0,0,5.6368394,0.0,1.6935382,1.3277513,6.051556,5.1143317,0.0,0.0,0.0,6.952677
1,331,332.0,10.0,1.0,1.0,311.0,1.0,1.0,1.0,0.96820456,1.0,-0.0,0.0,-1.4326662e-05,-0.031781133,0.5415373,3.6808863,0.56241953,3.9144952,1.0336899,6.9068675,0.0,5.3130474,-3.3991792,0.712963,88.96799,1.0,0.0,0.0,1.0,0.0,0,2.297491,0.0,0.0,0.0,10.541056,4.381605,0.0,0.0,0.0,5.5259123
3,331,332.0,10.0,1.0,1.0,311.0,1.0,1.0,1.0,0.9881356,1.0,-0.0,0.0,-1.5002258e-05,-0.011849427,0.454247,3.4871438,0.89088994,3.6926277,1.0947953,4.384634,0.0,4.907241,-4.355239,0.7175926,87.95903,1.0,0.0,0.0,1.0,0.0,0,4.002691,0.0,1.8396685,0.0,6.791668,5.2910576,0.0,0.0,0.0,7.0467463
1,332,333.0,10.0,1.0,1.0,312.0,1.0,1.0,1.0,0.96889716,1.0,-0.0,0.0,-2.687666e-05,-0.031075966,0.5095538,3.5432148,0.75306284,4.545761,1.0635129,6.8645573,0.0,6.599181,-4.666345,0.7268519,89.38104,1.0,0.0,0.0,1.0,0.0,0,6.408229,0.0,2.3729255,0.0,10.272014,4.181245,0.0,0.0,0.0,5.1982756
3,332,333.0,10.0,1.0,1.0,312.0,1.0,1.0,1.0,0.9838271,1.0,-0.0,0.0,-1.5061635e-05,-0.016157817,0.36954844,3.5481389,0.94240856,4.3487773,1.1292626,4.517948,0.0,5.56176,-6.230579,0.7314815,88.157394,1.0,0.0,0.0,1.0,0.0,0,5.462097,0.0,2.3252466,0.5069538,6.927003,4.738953,0.0,0.0,0.0,6.1303215
1,333,334.0,10.0,1.0,1.0,313.0,1.0,1.0,1.0,0.9718285,1.0,-0.0,0.0,-1.7242144e-05,-0.028154232,0.37279725,3.5710382,0.7935917,4.917234,1.1051581,6.6892533,0.0,6.826277,-7.04313,0.7314815,89.56014,1.0,0.0,0.0,1.0,0.0,0,6.424821,0.0,2.1370506,0.0,10.034789,3.7899969,0.0,0.0,0.0,4.7648764
3,333,334.0,10.0,1.0,1.0,313.0,1.0,1.0,1.0,0.9795475,1.0,-0.0,0.0,-1.2736941e-05,-0.020439759,0.27054772,3.67387,0.9409969,4.702705,1.1635181,4.4475675,0.0,5.9112854,-8.140883,0.7314815,88.328735,1.0,0.0,0.0,1.0,0.0,0,5.3348207,0.0,2.4443543,0.0,6.427338,4.6266923,0.0,0.0,0.0,6.0193415
1,334,335.0,10.0,1.0,1.0,314.0,1.0,1.0,1.0,0.96598667,1.0,-0.0,0.0,-1.5978294e-05,-0.033997346,0.23084506,3.473962,0.8517171,4.678838,1.1444268,7.03984,0.0,6.395496,-9.214571,0.7453704,89.92511,1.0,0.0,0.0,1.0,0.0,0,3.42243,0.0,1.2477688,0.0,11.464904,3.764288,0.0,0.0,0.0,4.7717743
3,334,335.0,10.0,1.0,1.0,314.0,1.0,1.0,1.0,0.9756872,1.0,-0.0,0.0,-1.850976e-05,-0.024294248,0.16736016,3.636239,0.92328304,4.3615403,1.1943539,4.928208,0.0,5.442009,-9.566225,0.7453704,88.62508,1.0,0.0,0.0,1.0,0.0,0,4.0710607,0.0,2.0997567,0.0,9.198,4.7074494,0.0,0.0,0.0,5.7271066
1,335,336.0,10.0,1.0,1.0,315.0,1.0,1.0,1.0,0.970338,1.0,-0.0,0.0,-1.0529213e-05,-0.029651452,0.24015792,3.4717288,0.94882053,5.008262,1.1729319,6.7708244,0.0,6.8290057,-8.585533,0.7546296,90.19029,1.0,0.0,0.0,1.0,0.0,0,5.9909945,0.0,2.5953677,0.0,10.613269,3.6186285,0.0,0.0,0.0,4.3630896
3,335,336.0,10.0,1.0,1.0,315.0,1.0,1.0,1.0,0.9725584,1.0,-0.0,0.0,-1.1904688e-05,-0.02742972,0.13739169,3.8051353,0.9656343,4.875661,1.2194377,4.7495847,0.0,5.8941836,-10.258139,0.7453704,88.87806,1.0,0.0,0.0,1.0,0.0,0,6.3446307,0.0,2.7670257,0.0,7.530557,4.9078336,0.0,0.0,0.31565467,5.9217076
1,336,337.0,10.0,1.0,1.0,316.0,1.0,1.0,1.0,0.9685261,1.0,-0.0,0.0,-1.07520855e-05,-0.031463176,0.17876364,3.5671995,0.98041975,5.3529897,1.20464,6.37184,0.0,6.966831,-8.729891,0.7592593,90.41878,1.0,0.0,0.0,1.0,0.0,0,5.7382917,0.0,1.9043845,0.0,9.717863,3.6112697,0.0,0.0,0.0,4.671408
3,336,337.0,10.0,1.0,1.0,316.0,1.0,1.0,1.0,0.9690648,1.0,-0.0,0.0,-1.2552403e-05,-0.030922646,0.09493567,3.9616947,0.95623237,5.057885,1.2396631,4.503717,0.0,6.0107603,-10.140516,0.7592593,89.06325,1.0,0.0,0.0,1.0,0.0,0,3.848228,0.0,2.631482,0.0,6.116904,5.21181,0.0,0.0,0.25016478,5.9856267
1,337,338.0,10.0,1.0,1.0,317.0,1.0,1.0,1.0,0.96762025,1.0,-0.0,0.0,-1.5024957e-05,-0.032364696,0.08454509,3.4969878,1.0200193,5.2163897,1.2300656,6.290454,0.0,6.5473013,-9.966458,0.7731481,90.80114,1.0,0.0,0.0,1.0,0.0,0,4.6697893,0.0,2.1420586,0.0,9.357463,3.6109767,0.0,0.0,0.0,5.350882
3,337,338.0,10.0,1.0,1.0,317.0,1.0,1.0,1.0,0.96637607,1.0,-0.0,0.0,-1.5188924e-05,-0.03360873,0.05410798,4.029793,0.86704326,4.420022,1.2688699,4.4163013,0.0,5.2357745,-9.891684,0.7685185,89.36625,1.0,0.0,0.0,1.0,0.0,0,2.5522776,0.0,2.5497704,0.0,5.609041,5.2140374,0.0,0.0,0.61067176,6.0333686
1,338,339.0,10.0,1.0,1.0,318.0,1.0,1.0,1.0,0.9611055,1.0,-0.0,0.0,-1.4720005e-05,-0.03887977,0.08846447,3.5984223,1.0498519,5.318064,1.2611862,5.781255,0.0,6.5704727,-9.817899,0.7731481,90.86516,1.0,0.0,0.0,1.0,0.0,0,5.6111593,0.0,2.3253238,0.0,11.524703,4.3315253,0.0,0.0,0.0,5.2349606
3,338,339.0,10.0,1.0,1.0,318.0,1.0,1.0,1.0,0.96505207,1.0,-0.0,0.0,-1.2241892e-05,-0.0349357,0.03487002,4.0889316,0.93389523,4.738528,1.2794856,4.121791,0.0,5.521728,-10.147039,0.7685185,89.46539,1.0,0.0,0.0,1.0,0.0,0,3.291309,0.0,2.4871838,0.0,8.509406,5.6451497,0.0,0.0,0.8391045,6.1018767
1,339,340.0,10.0,1.0,1.0,319.0,1.0,1.0,1.0,0.9488581,1.0,-0.0,0.0,-1.2927381e-05,-0.05112898,0.31770504,3.925727,1.1134187,5.2849827,1.2956132,5.2028637,0.0,6.8110895,-5.64587,0.7916667,92.38748,1.0,0.0,0.0,1.0,0.0,0,6.2258997,0.0,4.137371,0.0,7.5765686,4.4377503,0.0,0.0,0.37343377,5.7885613
3,339,340.0,10.0,1.0,1.0,319.0,1.0,1.0,1.0,0.96439904,1.0,-0.0,0.0,-1.1290152e-05,-0.035589688,0.25025085,4.3441434,0.98052186,4.4194913,1.2847174,3.9316564,0.0,5.3795347,-5.0718403,0.7824074,90.99248,1.0,0.0,0.0,1.0,0.0,0,6.1847014,0.0,1.4235095,0.0,9.670707,5.3793273,0.0,0.0,0.75174725,6.7101126
1,340,341.0,10.0,1.0,1.0,320.0,1.0,1.0,1.0,0.94530624,1.0,-0.0,0.0,-3.3235978e-05,-0.054660488,0.33813828,3.795376,1.1169747,4.9017653,1.320309,4.78293,0.0,6.308044,-4.703584,0.8009259,92.999794,1.0,0.0,0.0,1.0,0.0,0,7.196244,0.0,3.4915268,0.0,14.891713,4.7899923,0.0,0.0,0.8068411,5.65885
3,340,341.0,10.0,1.0,1.0,320.0,1.0,1.0,1.0,0.9619843,1.0,-0.0,0.0,-3.0243624e-05,-0.037985492,0.33316576,4.2205925,0.95192444,3.6353693,1.3038839,3.6050966,0.0,4.5700755,-3.2979538,0.787037,91.54407,1.0,0.0,0.0,1.0,0.0,0,6.8997016,0.0,2.737976,0.0,11.787087,5.38986,0.0,0.0,0.8405643,6.3842764
1,341,342.0,10.0,1.0,1.0,321.0,1.0,1.0,1.0,0.9409474,1.0,-0.0,0.0,-1.5974896e-05,-0.05903663,0.5414568,3.8540826,1.1365224,4.7819476,1.3357706,4.3901653,0.0,6.460348,-2.0207827,0.8055556,93.84269,1.0,0.0,0.0,1.0,0.0,0,6.5829444,0.0,3.6500525,0.0,15.856331,4.583269,0.0,0.0,0.8201506,5.428411
3,341,342.0,10.0,1.0,1.0,321.0,1.0,1.0,1.0,0.959947,1.0,-0.0,0.0,-1.5725509e-05,-0.04003729,0.29916838,4.374282,0.9407034,3.4551945,1.3202983,3.2545297,0.0,4.4560165,-3.2504117,0.7916667,92.46393,1.0,0.0,0.0,1.0,0.0,0,5.960737,0.0,2.4113812,0.0,10.23906,5.8691525,0.0,0.0,1.3388215,6.820668
1,342,343.0,10.0,1.0,1.0,322.0,1.0,1.0,1.0,0.94019264,1.0,-0.0,0.0,-2.0880152e-05,-0.05978651,0.5841214,3.8168743,1.129552,4.5459332,1.3487401,4.0897584,0.0,6.3741217,-1.1333144,0.8055556,94.48336,1.0,0.0,0.0,1.0,0.0,0,7.6087327,0.0,2.7494237,3.8640764,17.01475,4.640699,0.0,0.0,0.9865968,5.348702
3,342,343.0,10.0,1.0,1.0,322.0,1.0,1.0,1.0,0.9573629,1.0,-0.0,0.0,-2.060386e-05,-0.042616483,0.1044387,4.462175,0.90290916,3.4354277,1.3409319,2.9401383,0.0,4.2661786,-5.222925,0.7916667,93.20805,1.0,0.0,0.0,1.0,0.0,0,3.3416603,0.0,1.88139,0.0,11.248562,5.5249157,0.0,0.0,1.6579416,6.0907493
1,343,344.0,10.0,1.0,1.0,323.0,1.0,1.0,1.0,0.95352066,1.0,-0.0,0.0,-1.7535152e-05,-0.04646181,0.50957614,4.081557,0.75557786,3.3282568,1.3716944,3.8103178,0.0,5.021724,-0.60900205,0.8055556,94.98372,1.0,0.0,0.0,1.0,0.0,0,9.230465,0.0,0.9767689,0.0,17.086123,4.907023,0.0,0.0,1.7367921,5.526426
3,343,344.0,10.0,1.0,1.0,323.0,1.0,1.0,1.0,0.9555215,1.0,-0.0,0.0,-1.5432248e-05,-0.044463016,0.18699989,4.398086,0.68397397,2.1836305,1.3557041,2.7517319,0.0,3.2560608,-3.2346091,0.7916667,93.38688,1.0,0.0,0.0,1.0,0.0,0,2.0114741,0.0,2.6710012,0.0,11.031443,5.33802,0.0,0.0,2.1144323,6.272874
1,344,345.0,10.0,1.0,1.0,324.0,1.0,1.0,1.0,0.95226187,1.0,-0.0,0.0,-1.5672917e-05,-0.04772247,0.3267005,4.452717,0.64300054,3.2999127,1.3817798,3.462889,0.0,4.3652477,-2.3359349,0.8055556,95.50817,1.0,0.0,0.0,1.0,0.0,0,8.710493,0.0,1.5843706,0.0,15.194779,5.2268906,0.0,0.0,1.8706284,5.533248
3,344,345.0,10.0,1.0,1.0,324.0,1.0,1.0,1.0,0.9549565,1.0,-0.0,0.0,-1.056797e-05,-0.045032997,0.08346345,4.4850492,0.77660626,2.8904653,1.360264,2.444106,0.0,3.9002833,-5.0040455,0.7916667,93.66849,1.0,0.0,0.0,1.0,0.0,0,1.8160315,0.0,2.2309208,0.0,9.169446,5.865884,0.0,0.0,1.9804436,6.1382976
1,345,346.0,10.0,1.0,1.0,325.0,1.0,1.0,1.0,0.9528981,1.0,-0.0,0.0,-1.434112e-05,-0.047087576,0.14227349,4.7599854,0.5628625,3.9716728,1.3767006,3.252605,0.0,4.2082644,-4.3671627,0.8055556,95.959915,1.0,0.0,0.0,1.0,0.0,0,5.582899,0.0,0.9814197,0.0,12.3491535,5.404271,0.0,0.0,1.6760025,5.616264
3,345,346.0,10.0,1.0,1.0,325.0,1.0,1.0,1.0,0.9551093,1.0,-0.0,0.0,-1.3575146e-05,-0.044877093,0.032858737,4.4799643,0.867911,3.6448317,1.3590168,2.1786065,0.0,4.5038915,-6.869406,0.7916667,93.84697,1.0,0.0,0.0,1.0,0.0,0,1.3144416,0.0,1.3000307,0.0,7.6534553,5.846701,0.0,0.0,1.650298,6.26545
1,346,347.0,10.0,1.0,1.0,326.0,1.0,1.0,1.0,0.95598984,1.0,-0.0,0.0,-1.3783497e-05,-0.04399638,0.08058082,4.930949,0.5418585,4.4814115,1.351971,2.9787552,0.0,4.3650236,-4.8824873,0.8055556,96.30967,1.0,0.0,0.0,1.0,0.0,0,4.7946587,0.0,1.5689827,0.0,10.935466,4.9495835,0.0,0.0,0.9574012,5.5747023
3,346,347.0,10.0,1.0,1.0,326.0,1.0,1.0,1.0,0.95554006,1.0,-0.0,0.0,-1.178744e-05,-0.04444815,0.068959594,4.460165,0.9487473,4.254505,1.3555852,1.9024206,0.0,4.9511986,-7.3554916,0.7916667,94.14633,1.0,0.0,0.0,1.0,0.0,0,1.5680085,0.0,2.4746246,0.0,5.686716,5.786157,0.0,0.0,1.5266175,7.1991153
1,347,348.0,10.0,1.0,1.0,327.0,1.0,1.0,1.0,0.9581204,1.0,-0.0,0.0,-1.2901446e-05,-0.041866697,0.23621544,4.8563933,0.37278324,4.525221,1.3349335,2.8033047,0.0,4.0667386,-2.0849676,0.8055556,96.38216,1.0,0.0,0.0,1.0,0.0,0,6.1111083,0.0,1.3892081,0.0,8.774446,4.5350084,0.0,0.0,0.64393586,5.4074802
3,347,348.0,10.0,1.0,1.0,327.0,1.0,1.0,1.0,0.9574358,1.0,-0.0,0.0,-1.18632015e-05,-0.042552326,0.090373866,4.300168,0.7886771,2.9117808,1.3404186,1.606651,0.0,3.8848393,-4.2360544,0.7916667,94.19949,1.0,0.0,0.0,1.0,0.0,0,2.6426578,0.0,2.6721656,0.0,8.440199,5.2474165,0.0,0.0,1.218383,6.4276175
1,348,349.0,10.0,1.0,1.0,328.0,1.0,1.0,1.0,0.96389663,1.0,-0.0,0.0,-1.25977285e-05,-0.0360908,0.17388724,4.836918,0.4456348,4.5417986,1.2887263,2.4238462,0.0,4.538636,-3.3848257,0.8101852,96.51204,1.0,0.0,0.0,1.0,0.0,0,6.212474,0.0,1.9880748,0.0,9.083576,3.9771035,0.0,0.0,0.36345023,4.8054056
3,348,349.0,10.0,1.0,1.0,328.0,1.0,1.0,1.0,0.9612824,1.0,-0.0,0.0,-1.1954176e-05,-0.038705662,0.06802566,4.2214856,0.91371655,3.6269617,1.3096453,1.3988314,0.0,4.6403008,-5.0422764,0.7916667,94.27523,1.0,0.0,0.0,1.0,0.0,0,3.733011,0.0,2.5384474,0.0,6.1846895,4.9288125,0.0,0.0,0.88997006,6.371969
1,349,350.0,10.0,1.0,1.0,329.0,1.0,1.0,1.0,0.968936,1.0,-0.0,0.0,-1.4668005e-05,-0.031049328,0.09805374,4.839038,0.48550284,4.6937065,1.2483946,2.265266,0.0,4.7470994,-4.4351397,0.8101852,96.66959,1.0,0.0,0.0,1.0,0.0,0,5.447341,0.0,1.8112395,0.0,8.856089,3.5729485,0.0,0.0,0.30095178,4.1514673
3,349,350.0,10.0,1.0,1.0,329.0,1.0,1.0,1.0,0.9652698,1.0,-0.0,0.0,-1.3850454e-05,-0.034716353,0.07706359,4.192044,0.9583951,3.852408,1.2777308,1.3887231,0.0,4.807297,-4.889802,0.7916667,94.40417,1.0,0.0,0.0,1.0,0.0,0,3.5764778,0.0,2.2741592,0.0,5.7146573,4.645012,0.0,0.0,0.7522364,5.95825
1,350,351.0,10.0,1.0,1.0,330.0,1.0,1.0,1.0,0.9731539,1.0,-0.0,0.0,-1.5782207e-05,-0.026830332,0.08510817,4.800055,0.49014148,4.6813474,1.2146426,2.2995603,0.0,4.8253164,-4.25451,0.8101852,96.7993,1.0,0.0,0.0,1.0,0.0,0,5.7751436,0.0,2.2805643,0.0,8.914787,3.2183337,0.0,0.0,0.29501474,3.643153
3,350,351.0,10.0,1.0,1.0,330.0,1.0,1.0,1.0,0.96980774,1.0,-0.0,0.0,-1.4054236e-05,-0.030178204,0.12207925,4.103378,0.99634725,3.9548833,1.2414256,1.670188,0.0,4.8345637,-4.050714,0.7916667,94.48561,1.0,0.0,0.0,1.0,0.0,0,4.0004344,0.0,2.5110087,0.0,5.9114027,4.2453117,0.0,0.0,0.5488599,5.0908623
1,351,352.0,10.0,1.0,1.0,331.0,1.0,1.0,1.0,0.97737026,1.0,-0.0,0.0,-1.5401863e-05,-0.022614386,0.09464901,4.727196,0.4997169,4.6017337,1.1809151,2.454014,0.0,5.0106707,-3.7723453,0.8101852,96.92691,1.0,0.0,0.0,1.0,0.0,0,6.71984,0.0,1.5049607,0.0,8.862952,2.8882546,0.0,0.0,0.29196772,3.2679477
3,351,352.0,10.0,1.0,1.0,331.0,1.0,1.0,1.0,0.9715155,1.0,-0.0,0.0,-1.2923784e-05,-0.028471615,0.114209205,4.0741773,1.0213692,4.0516806,1.2064037,1.8027097,0.0,4.9268436,-3.9869688,0.7916667,94.6602,1.0,0.0,0.0,1.0,0.0,0,3.9494996,0.0,2.4056292,0.0,5.6980915,4.0071225,0.0,0.0,0.5186118,4.7479014
1,352,353.0,10.0,1.0,1.0,332.0,1.0,1.0,1.0,0.98054135,1.0,-0.0,0.0,-1.5557776e-05,-0.019443106,0.120659545,4.659778,0.46920428,4.517948,1.1555448,2.4794,0.0,4.9629765,-3.0543292,0.8101852,96.97049,1.0,0.0,0.0,1.0,0.0,0,6.073514,0.0,2.110106,0.0,7.0501413,2.9128046,0.0,0.0,0.22263202,3.3578088
3,352,353.0,10.0,1.0,1.0,332.0,1.0,1.0,1.0,0.9731649,1.0,-0.0,0.0,-1.3884965e-05,-0.026821217,0.04529897,3.9852996,1.0300928,4.051294,1.1844769,1.817412,0.0,4.937251,-4.5354843,0.7916667,94.72785,1.0,0.0,0.0,1.0,0.0,0,3.936925,0.0,2.467492,0.0,5.4420657,4.029777,0.0,0.0,0.58325213,4.86592
1,353,354.0,10.0,1.0,1.0,333.0,1.0,1.0,1.0,0.98240966,1.0,-0.0,0.0,-1.3058825e-05,-0.01757727,0.18802695,4.8862753,0.337436,4.7858753,1.1406181,2.6363842,0.0,4.661654,-1.8111123,0.8101852,97.78009,1.0,0.0,0.0,1.0,0.0,0,3.384871,0.0,0.93256253,1.2799649,4.849922,2.9542255,0.0,0.0,0.11926774,3.063623
3,353,354.0,10.0,1.0,1.0,333.0,1.0,1.0,1.0,0.9786363,1.0,-0.0,0.0,-1.1761119e-05,-0.021351932,0.27010852,4.229042,0.8490026,3.1623058,1.1708155,1.9065306,0.0,4.5122333,-1.1870182,0.7916667,95.56486,1.0,0.0,0.0,1.0,0.0,0,2.9638221,0.0,3.1432688,0.0,7.4346566,4.0872273,0.0,0.0,0.32655382,4.63785
1,354,355.0,10.0,1.0,1.0,333.0,0.0,0.0,1.0,-0.033327937,0.0,-0.0,0.0,-1.0579764e-05,-0.033317357,0.23042075,5.299202,0.3310019,6.010615,1.1317902,2.7486012,0.0,4.542044,-1.389808,0.8101852,98.20592,1.0,0.0,0.0,1.0,0.0,0,2.9003286,0.0,0.978844,1.571225,4.9224243,3.0234108,0.0,0.0,0.27974924,3.255558
3,354,355.0,10.0,1.0,1.0,334.0,1.0,1.0,1.0,0.98025507,1.0,-0.0,0.0,-1.2381086e-05,-0.019732537,0.47406965,4.489214,0.69511527,2.8305368,1.1578603,1.9877318,0.0,4.418629,1.4507221,0.7916667,96.06918,1.0,0.0,0.0,1.0,0.0,0,1.9826638,0.0,2.694024,0.0,7.008992,4.0813036,0.0,0.0,0.3223444,4.6620984
1,355,356.0,10.0,1.0,1.0,333.0,0.0,0.0,1.0,-0.030592527,0.0,-0.0,0.0,-1.5470361e-05,-0.030577056,0.2166424,5.317983,0.3301288,5.9314065,1.1204288,2.790431,0.0,4.721279,-1.6422095,0.8101852,98.382774,1.0,0.0,0.0,1.0,0.0,0,4.406725,0.0,0.789595,0.7755346,5.2458425,3.349888,0.0,0.0,0.31689575,3.3763368
3,355,356.0,10.0,1.0,1.0,335.0,1.0,1.0,1.0,0.9815561,1.0,-0.0,0.0,-1.7991375e-05,-0.018425856,0.5836073,4.644439,0.577911,2.9858418,1.1474068,2.1025488,0.0,4.4490657,2.0359793,0.7916667,96.5882,1.0,0.0,0.0,1.0,0.0,0,1.7791791,0.0,2.45097,0.050227154,7.9877086,3.842063,0.0,0.0,0.3785213,4.250593
1,356,357.0,10.0,1.0,1.0,333.0,0.0,0.0,1.0,-0.029749462,0.0,-0.0,0.0,-1.625172e-05,-0.02973321,0.19601956,5.343654,0.31773186,5.96983,1.108555,2.7791877,0.0,4.588896,-1.7684522,0.8101852,98.445595,1.0,0.0,0.0,1.0,0.0,0,4.4679775,0.0,0.95936,1.6630398,5.6579947,3.4340246,0.0,0.0,0.3439279,3.489159
3,356,357.0,10.0,1.0,1.0,336.0,1.0,1.0,1.0,0.9824616,1.0,-0.0,0.0,-1.9226132e-05,-0.017519167,0.6022241,4.742482,0.4500514,3.1933432,1.1401533,2.1471217,0.0,3.7803555,1.8665009,0.7916667,97.048904,1.0,0.0,0.0,1.0,0.0,0,0.5023955,0.0,2.5748472,1.3933477,6.3568053,3.6349773,0.0,0.0,0.4691912,3.8344464
1,357,358.0,10.0,1.0,1.0,333.0,0.0,0.0,1.0,-0.027667157,0.0,-0.0,0.0,-1.2095972e-05,-0.027655061,0.20349808,5.3587327,0.30124718,5.8940606,1.1020323,2.8255548,0.0,4.5948253,-1.5902156,0.8101852,98.46405,1.0,0.0,0.0,1.0,0.0,0,4.758119,0.0,0.95199907,1.2198347,5.89484,3.5805533,0.0,0.0,0.42085156,3.5803964
3,357,358.0,10.0,1.0,1.0,337.0,1.0,1.0,1.0,0.9829348,1.0,-0.0,0.0,-1.9414994e-05,-0.01704581,0.52368045,4.739156,0.5295227,3.1957934,1.1363665,2.1489437,0.0,4.072368,1.2873448,0.7916667,97.337685,1.0,0.0,0.0,1.0,0.0,0,2.0039833,0.0,1.9758612,0.0,9.779265,3.8210378,0.0,0.0,1.0831087,3.674264
1,358,359.0,10.0,1.0,1.0,333.0,0.0,0.0,1.0,-0.028346501,0.0,-0.0,0.0,-1.35334285e-05,-0.028332967,0.16775149,5.427732,0.29381418,5.9693055,1.097423,2.9112432,0.0,4.441222,-1.9156569,0.8101852,98.6013,1.0,0.0,0.0,1.0,0.0,0,4.257455,0.0,0.8234298,1.5993038,5.850482,3.720908,0.0,0.0,0.44144192,3.6774178
3,358,359.0,10.0,1.0,1.0,338.0,1.0,1.0,1.0,0.98483545,1.0,-0.0,0.0,-2.041934e-05,-0.015144108,0.36267936,4.797997,0.59051013,3.2954025,1.1211529,1.9399034,0.0,4.067941,-0.28382334,0.7916667,97.704544,1.0,0.0,0.0,1.0,0.0,0,1.5836709,0.0,0.29363957,0.0,13.784069,3.284247,0.0,0.0,1.2593013,2.9020863
1,359,360.0,10.0,1.0,1.0,333.0,0.0,0.0,1.0,-0.02823535,0.0,-0.0,0.0,-1.2537507e-05,-0.028222812,0.14862287,5.473125,0.29040813,6.0067053,1.091555,3.0215445,0.0,4.4196486,-2.1192255,0.8101852,98.67769,1.0,0.0,0.0,1.0,0.0,0,4.336181,0.0,0.8184069,1.2346627,6.1016364,3.8532271,0.0,0.0,0.44422752,3.796913
3,359,360.0,10.0,1.0,1.0,339.0,1.0,1.0,1.0,0.98687106,1.0,-0.0,0.0,-2.2807533e-05,-0.01310613,0.29950553,4.8366914,0.583586,3.3600912,1.104849,1.8566116,0.0,4.0849004,-0.40365475,0.7916667,98.028915,1.0,0.0,0.0,1.0,0.0,0,2.1105416,0.0,1.9135736,0.0,12.702585,3.019626,0.0,0.0,1.4451568,2.3787866
1,360,361.0,10.0,1.0,1.0,333.0,0.0,0.0,1.0,-0.028307278,0.0,-0.0,0.0,-1.3025806e-05,-0.028294252,0.123058446,5.518365,0.29268348,6.0531945,1.085928,3.1491592,0.0,4.3794928,-2.430101,0.8101852,98.7616,1.0,0.0,0.0,1.0,0.0,0,4.289981,0.0,0.80915695,1.3120275,6.214042,3.96863,0.0,0.0,0.4552461,3.9031193
3,360,361.0,10.0,1.0,1.0,340.0,1.0,1.0,1.0,0.9905087,1.0,-0.0,0.0,-1.9830532e-05,-0.009471481,0.21470971,4.867155,0.5677109,3.3791406,1.0757718,1.772056,0.0,4.0030603,-1.2866249,0.7916667,98.34534,1.0,0.0,0.0,1.0,0.0,0,1.9276325,0.0,1.5001332,0.0,13.650911,2.7725604,0.0,0.0,1.2952921,2.1427925
1,361,362.0,10.0,1.0,1.0,333.0,0.0,0.0,1.0,-0.027962597,0.0,-0.0,0.0,-1.1986568e-05,-0.027950611,0.10550618,5.5564823,0.29321158,6.068698,1.0811118,3.2775385,0.0,4.3673115,-2.6465235,0.8101852,98.82811,1.0,0.0,0.0,1.0,0.0,0,4.263592,0.0,0.98953825,1.5733886,6.0597744,4.081113,0.0,0.0,0.47224233,4.0222077
3,361,362.0,10.0,1.0,1.0,341.0,1.0,1.0,1.0,0.99620503,1.0,-0.0,0.0,-1.7770742e-05,-0.0037771766,0.057691522,4.7921605,0.61313117,3.6630418,1.0302174,1.695767,0.0,4.366055,-3.3270354,0.7916667,98.56231,1.0,0.0,0.0,1.0,0.0,0,1.7173394,0.0,0.46475765,0.0,9.232925,2.3997993,0.0,0.0,1.005642,2.0851977
1,362,363.0,10.0,1.0,1.0,333.0,0.0,0.0,1.0,-0.02834341,0.0,-0.0,0.0,-1.2341391e-05,-0.028331067,0.08904878,5.602183,0.29089174,6.1254644,1.0765865,3.4121065,0.0,4.3175173,-2.7850578,0.8101852,98.90962,1.0,0.0,0.0,1.0,0.0,0,4.214914,0.0,0.8264124,1.2400296,6.264209,4.181586,0.0,0.0,0.48549402,4.1298995
3,362,363.0,10.0,1.0,1.0,342.0,1.0,1.0,1.0,0.9999795,1.0,-0.0,0.0,-2.0526028e-05,-0.0,0.021658652,4.6963487,0.6479774,3.9457676,0.9855285,1.730943,1.0,4.758805,-4.4810762,0.7916667,98.77389,1.0,0.0,0.0,1.0,0.0,0,3.7962534,0.0,2.499859,0.0,6.3341737,2.3294716,0.0,0.0,0.99026525,1.9420543
1,363,364.0,10.0,1.0,1.0,333.0,0.0,0.0,1.0,-0.02843204,0.0,-0.0,0.0,-1.1981847e-05,-0.028420057,0.072127394,5.6410203,0.292796,6.162425,1.0723704,3.5556846,0.0,4.330698,-3.0178585,0.8101852,98.97541,1.0,0.0,0.0,1.0,0.0,0,4.501446,0.0,0.8766483,1.1153427,6.333186,4.3003597,0.0,0.0,0.47897297,4.2580457
3,363,364.0,10.0,1.0,1.0,343.0,1.0,1.0,1.0,0.99998206,1.0,-0.0,0.0,-1.7939108e-05,-0.0,0.06968677,4.60975,0.68336177,4.054771,0.9594121,1.8337048,1.0,4.960449,-5.2833157,0.7916667,98.97827,1.0,0.0,0.0,1.0,0.0,0,4.6856413,0.0,2.2283335,0.0,5.9352098,2.042483,0.0,0.0,1.2044917,1.2926497
1,364,365.0,10.0,1.0,1.0,333.0,0.0,0.0,1.0,-0.029117182,0.0,-0.0,0.0,-1.21919975e-05,-0.029104989,0.053310767,5.6786256,0.29882297,6.229786,1.0688684,3.7038467,0.0,4.3491106,-3.3005486,0.8101852,99.04108,1.0,0.0,0.0,1.0,0.0,0,4.736971,0.0,0.8639252,1.1545162,6.548098,4.3968887,0.0,0.0,0.5009363,4.376246
3,364,365.0,10.0,1.0,1.0,344.0,1.0,1.0,1.0,0.9999822,1.0,-0.0,0.0,-1.7831231e-05,-0.0,0.27621204,4.544718,0.7102161,4.0551567,0.9483197,1.9707267,1.0,5.1785784,-1.7136326,0.7916667,99.22688,1.0,0.0,0.0,1.0,0.0,0,8.517223,0.0,3.669803,0.0,9.318783,1.8499922,0.0,0.0,1.5225343,0.6973052
1,365,366.0,10.0,1.0,1.0,333.0,0.0,0.0,1.0,-0.028776413,0.0,-0.0,0.0,-1.1423015e-05,-0.02876499,0.04796814,5.7177515,0.29260457,6.237072,1.065177,3.8389733,0.0,4.352397,-3.3285794,0.8101852,99.11238,1.0,0.0,0.0,1.0,0.0,0,4.8247766,0.0,0.98995954,1.0995734,6.4139524,4.4611707,0.0,0.0,0.5012683,4.484887
3,365,366.0,10.0,1.0,1.0,345.0,1.0,1.0,1.0,0.99997914,1.0,-0.0,0.0,-2.0837304e-05,-0.0,0.03033802,4.5755277,0.6887404,4.079025,0.93211627,2.3131354,1.0,5.0195,-4.7687097,0.7916667,99.491,1.0,0.0,0.0,1.0,0.0,0,4.224994,0.0,1.8350208,0.0,5.051345,1.6400988,0.0,0.0,1.6113008,0.35524693
1,366,367.0,10.0,1.0,1.0,333.0,0.0,0.0,1.0,-0.0283416,0.0,-0.0,0.0,-1.1194909e-05,-0.028330406,0.03346782,5.752338,0.2911443,6.2867184,1.0550808,3.8682253,0.0,4.377614,-3.5970519,0.8101852,99.17974,1.0,0.0,0.0,1.0,0.0,0,5.078745,0.0,0.9782248,1.0154206,6.416143,4.5285616,0.0,0.0,0.4526169,4.4570017
3,366,367.0,10.0,1.0,1.0,346.0,1.0,1.0,1.0,0.9999783,1.0,-0.0,0.0,-2.171875e-05,-0.0,0.040002353,4.520632,0.6809767,3.9823022,0.9189634,2.7545753,1.0,4.813528,-4.770967,0.7962963,99.699875,1.0,0.0,0.0,1.0,0.0,0,5.7123623,0.0,2.4328752,0.0,6.569722,1.4693164,0.0,0.0,1.6821692,0.26983592
1,367,368.0,10.0,1.0,1.0,333.0,0.0,0.0,1.0,-0.02768864,0.0,-0.0,0.0,-1.2225735e-05,-0.027676413,0.038420036,5.761178,0.2838002,6.266632,1.052527,3.9919236,0.0,4.4440002,-3.6188745,0.8101852,99.214386,1.0,0.0,0.0,1.0,0.0,0,5.5884094,0.0,1.0101908,0.8680067,6.651847,4.549832,0.0,0.0,0.37131518,4.7409635
3,367,368.0,10.0,1.0,1.0,347.0,1.0,1.0,1.0,0.9999816,1.0,-0.0,0.0,-1.8414683e-05,-0.0,0.09950753,4.366924,0.6673665,3.967334,0.91785824,3.104851,1.0,4.808805,-6.271504,0.7962963,99.761566,1.0,0.0,0.0,1.0,0.0,0,4.9446607,0.0,2.1361613,0.0,5.8075185,1.2657367,0.0,0.0,1.5160964,0.17394921
1,368,369.0,10.0,1.0,1.0,333.0,0.0,0.0,1.0,-0.027247848,0.0,-0.0,0.0,-1.1960637e-05,-0.027235888,0.055632554,5.7786508,0.26856527,6.226014,1.0544184,4.1768823,0.0,4.455489,-3.3091762,0.8101852,99.260864,1.0,0.0,0.0,1.0,0.0,0,5.835046,0.0,0.91449726,0.796774,6.696545,4.653229,0.0,0.0,0.40240824,4.8002434
3,368,369.0,10.0,1.0,1.0,348.0,1.0,1.0,1.0,0.99998415,1.0,-0.0,0.0,-1.5842066e-05,-0.0,0.08105803,4.4911556,0.642932,3.947156,0.8747897,4.606155,1.0,4.6986117,-8.003132,0.7962963,100.07528,1.0,0.0,0.0,0.0,0.0,0,5.062793,0.0,2.254932,0.0,6.087971,1.3870476,0.0,0.0,1.6613371,0.22762501
1,369,370.0,10.0,1.0,1.0,333.0,0.0,0.0,1.0,-0.027238287,0.0,-0.0,0.0,-1.1788183e-05,-0.027226498,0.066934526,5.790347,0.2617256,6.210272,1.0564423,4.3785586,0.0,4.518523,-3.1669092,0.8101852,99.29503,1.0,0.0,0.0,1.0,0.0,0,6.293127,0.0,0.95093,0.7650777,6.760578,4.741776,0.0,0.0,0.38298237,4.95038
3,369,370.0,10.0,1.0,1.0,349.0,1.0,1.0,1.0,0.9999803,1.0,-0.0,0.0,-1.9720996e-05,-0.0,0.19076261,4.340676,0.6172245,4.022205,0.8974923,4.000738,1.0,4.6673236,-8.33747,0.7962963,100.16914,1.0,0.0,0.0,0.0,0.0,0,4.627418,0.0,2.2198694,0.0,6.2743964,1.3687214,0.0,0.0,1.4581012,0.37769282
1,370,371.0,10.0,1.0,1.0,333.0,0.0,0.0,1.0,-0.027451318,0.0,-0.0,0.0,-1.1760799e-05,-0.027439557,0.06862935,5.799493,0.26259702,6.198029,1.0597792,4.5476556,0.0,4.560121,-3.1716926,0.8101852,99.31488,1.0,0.0,0.0,1.0,0.0,0,6.630733,0.0,0.95089674,0.6643216,6.987619,4.8077188,0.0,0.0,0.39095944,5.0147285
3,370,371.0,10.0,1.0,1.0,350.0,1.0,1.0,1.0,0.99993813,1.0,-0.0,0.0,-1.5404437e-05,-4.646663e-05,0.0706058,4.4713864,0.629436,4.163742,0.8728418,5.0027876,0.0,4.818694,-8.936248,0.7962963,100.46927,1.0,0.0,0.0,0.0,0.0,0,4.915534,0.0,2.0477593,0.0,5.766915,1.2698698,0.0,0.0,1.5029931,0.23058517
1,371,372.0,10.0,1.0,1.0,333.0,0.0,0.0,1.0,-0.028171064,0.0,-0.0,0.0,-1.168391e-05,-0.02815938,0.07075369,5.8103213,0.26295024,6.1999235,1.0652851,4.7163367,0.0,4.592608,-3.1553721,0.8101852,99.33299,1.0,0.0,0.0,1.0,0.0,0,6.8495326,0.0,0.93754643,0.4632669,7.1216717,4.932853,0.0,0.0,0.36905217,5.093852
3,371,372.0,10.0,1.0,1.0,351.0,1.0,1.0,1.0,0.99998003,1.0,-0.0,0.0,-1.9972267e-05,-0.0,0.188905,4.3681545,0.6017914,4.267733,0.90089625,3.7936401,1.0,4.775734,-8.700003,0.7962963,100.57098,1.0,0.0,0.0,0.0,0.0,0,5.1444097,0.0,2.007885,0.0,6.0754056,1.3006951,0.0,0.0,1.0363877,0.7063974
1,372,373.0,10.0,1.0,1.0,333.0,0.0,0.0,1.0,-0.029105365,0.0,-0.0,0.0,-1.2694678e-05,-0.029092671,0.07927343,5.8288846,0.25609887,6.2368207,1.0678319,4.8589325,0.0,4.5792384,-2.9866593,0.8101852,99.37786,1.0,0.0,0.0,1.0,0.0,0,6.998631,0.0,0.9533908,0.36960393,7.0640965,4.946952,0.0,0.0,0.36960635,5.113442
3,372,373.0,10.0,1.0,1.0,352.0,1.0,1.0,1.0,0.9999843,1.0,-0.0,0.0,-1.5678761e-05,-0.0,0.06621983,4.4662395,0.60583216,4.4219704,0.86672866,4.8113275,1.0,4.905963,-9.185273,0.7962963,100.79539,1.0,0.0,0.0,0.0,0.0,0,4.928199,0.0,2.0106134,0.0,5.7479286,1.0680951,0.0,0.0,1.3107488,0.39245158
1,373,374.0,10.0,1.0,1.0,333.0,0.0,0.0,1.0,-0.029906906,0.0,-0.0,0.0,-1.3028119e-05,-0.029893879,0.08739326,5.8424993,0.25258294,6.2700047,1.069817,5.0127935,0.0,4.5932045,-2.8440888,0.8101852,99.40218,1.0,0.0,0.0,1.0,0.0,0,7.16031,0.0,0.9821214,0.72999895,6.517889,4.9608293,0.0,0.0,0.38067067,5.198666
3,373,374.0,10.0,1.0,1.0,353.0,1.0,1.0,1.0,0.99997956,1.0,-0.0,0.0,-2.0449244e-05,-0.0,0.18129982,4.3773246,0.58210033,4.579906,0.882769,3.5881197,1.0,4.9097157,-9.0006695,0.7962963,100.884735,1.0,0.0,0.0,0.0,0.0,0,5.317621,0.0,1.9750047,0.0,6.292395,1.096727,0.0,0.0,0.82278836,0.9094484
1,374,375.0,10.0,1.0,1.0,333.0,0.0,0.0,1.0,-0.030872472,0.0,-0.0,0.0,-1.2316165e-05,-0.030860156,0.0954004,5.8518577,0.24804386,6.297048,1.0739413,5.203165,0.0,4.614309,-2.6786244,0.8101852,99.4138,1.0,0.0,0.0,1.0,0.0,0,7.5200763,0.0,0.8689611,0.22870238,6.904487,4.9650984,0.0,0.0,0.483831,5.138147
3,374,375.0,10.0,1.0,1.0,354.0,1.0,1.0,1.0,0.9999834,1.0,-0.0,0.0,-1.6611633e-05,-0.0,0.060977787,4.411738,0.60488695,4.7814565,0.8504785,4.517948,1.0,5.1115155,-9.480127,0.7962963,101.01942,1.0,0.0,0.0,0.0,0.0,0,4.608617,0.0,1.8200239,0.0,5.518154,1.0007862,0.0,0.0,0.97847754,0.55014956
1,375,376.0,10.0,1.0,1.0,333.0,0.0,0.0,1.0,-0.031707413,0.0,-0.0,0.0,-1.31583365e-05,-0.031694256,0.10298025,5.869586,0.24375308,6.302642,1.0798683,5.3972726,0.0,4.596871,-2.6631188,0.8101852,99.45718,1.0,0.0,0.0,1.0,0.0,0,7.883804,0.0,0.8588162,0.47452605,6.8673744,5.0411777,0.0,0.0,0.40594482,5.2933598
3,375,376.0,10.0,1.0,1.0,355.0,1.0,1.0,1.0,0.9999806,1.0,-0.0,0.0,-1.937086e-05,-0.0,0.16140938,4.3587418,0.57740134,4.895852,0.85430217,3.5127144,1.0,5.0472536,-9.297899,0.7962963,101.083015,1.0,0.0,0.0,0.0,0.0,0,5.490363,0.0,1.7227765,0.5709328,6.2080665,1.1072997,0.0,0.0,0.62948775,1.2468437
1,376,377.0,10.0,1.0,1.0,333.0,0.0,0.0,1.0,-0.032957293,0.0,-0.0,0.0,-1.3011841e-05,-0.03294428,0.10151863,5.8824067,0.24772075,6.3568287,1.0826436,5.548351,0.0,4.6338797,-2.7220557,0.8101852,99.47267,1.0,0.0,0.0,1.0,0.0,0,8.189523,0.0,0.79092115,0.28863347,6.846345,5.060727,0.0,0.0,0.4237222,5.337755
3,376,377.0,10.0,1.0,1.0,356.0,1.0,1.0,1.0,0.9999757,1.0,-0.0,0.0,-1.7012713e-05,-7.3282235e-06,0.14764704,4.2889686,0.5790156,5.000439,0.83634675,3.56448,0.0,5.0836496,-9.336398,0.7962963,101.10101,1.0,0.0,0.0,0.0,0.0,0,4.564084,0.0,1.70109,0.30742872,5.3263855,1.097629,0.0,0.0,0.6922007,1.2673936
1,377,378.0,10.0,1.0,1.0,333.0,0.0,0.0,1.0,-0.034647457,0.0,-0.0,0.0,-1.323197e-05,-0.034634225,0.11506863,5.8963056,0.2411883,6.351776,1.0863556,5.7262764,0.0,4.626603,-2.6284876,0.8101852,99.50382,1.0,0.0,0.0,1.0,0.0,0,8.106436,0.0,0.79872286,0.17397894,6.9056563,5.0571356,0.0,0.0,0.45777825,5.4426637
3,377,378.0,10.0,1.0,1.0,357.0,1.0,1.0,1.0,0.99735904,1.0,-0.0,0.0,-1.8112967e-05,-0.0026228281,0.09380765,4.352196,0.5895505,5.157369,0.82591456,3.7314308,0.0,5.1627007,-9.115082,0.7962963,101.264725,1.0,0.0,0.0,0.0,0.0,0,5.379028,0.0,1.549562,0.6612279,6.211797,1.1670529,0.0,0.0,0.31332865,1.324426
1,378,379.0,10.0,1.0,1.0,333.0,0.0,0.0,1.0,-0.038361043,0.0,-0.0,0.0,-1.3515384e-05,-0.038347527,0.121113285,5.9120097,0.24016011,6.4034696,1.0929565,5.8973813,0.0,4.653453,-2.590172,0.8101852,99.524254,1.0,0.0,0.0,1.0,0.0,0,8.140436,0.0,0.8845605,0.2331712,6.8369145,5.0724444,0.0,0.0,0.46235406,5.4771557
3,378,379.0,10.0,1.0,1.0,358.0,1.0,1.0,1.0,0.99561256,1.0,-0.0,0.0,-1.8756204e-05,-0.004368646,0.18731523,4.3265743,0.58174247,5.2621183,0.8143668,2.8580575,0.0,5.1490197,-9.022005,0.7962963,101.29072,1.0,0.0,0.0,0.0,0.0,0,5.372934,0.0,1.5006877,0.81034875,6.1026196,1.3437206,0.0,0.0,0.36783573,1.6061431
1,379,380.0,10.0,1.0,1.0,333.0,0.0,0.0,1.0,-0.04179888,0.0,-0.0,0.0,-1.3658781e-05,-0.041785218,0.13803653,5.9264426,0.23053083,6.441511,1.0981205,6.065601,0.0,4.6569877,-2.4141018,0.8101852,99.54863,1.0,0.0,0.0,1.0,0.0,0,8.190531,0.0,0.91571903,0.26297358,6.8716908,5.087627,0.0,0.0,0.42250788,5.562445
3,379,380.0,10.0,1.0,1.0,359.0,1.0,1.0,1.0,0.9936614,1.0,-0.0,0.0,-1.768879e-05,-0.006320899,0.19137785,4.284252,0.5842191,5.3792534,0.81307477,2.8321958,0.0,5.1611824,-8.996205,0.7962963,101.303314,1.0,0.0,0.0,0.0,0.0,0,4.9892817,0.0,1.6429892,0.53363854,5.9187255,1.5974385,0.0,0.0,0.34877878,1.8679684
1,380,381.0,10.0,1.0,1.0,333.0,0.0,0.0,1.0,-0.04653138,0.0,-0.0,0.0,-1.38193545e-05,-0.04651756,0.16181208,5.9455075,0.20945936,6.550968,1.102352,6.240084,0.0,4.6920204,-2.1615272,0.8101852,99.58041,1.0,0.0,0.0,1.0,0.0,0,7.973533,0.0,0.96777976,0.5357522,6.285189,5.0365405,0.0,0.0,0.33998892,5.602105
3,380,381.0,10.0,1.0,1.0,360.0,1.0,1.0,1.0,0.99116665,1.0,-0.0,0.0,-1.6955166e-05,-0.008816401,0.20932612,4.2604246,0.59165037,5.5289836,0.81594956,2.633711,0.0,5.2247972,-8.959192,0.7962963,101.32162,1.0,0.0,0.0,0.0,0.0,0,5.0541406,0.0,1.337778,0.7904564,5.871914,2.056106,0.0,0.0,0.38944215,2.2664018
1,381,382.0,10.0,1.0,1.0,333.0,0.0,0.0,1.0,-0.050207295,0.0,-0.0,0.0,-1.2772425e-05,-0.05019452,0.17750561,5.9562435,0.1982719,6.596594,1.1068988,6.4150763,0.0,4.7421865,-1.9720113,0.8101852,99.5937,1.0,0.0,0.0,1.0,0.0,0,8.005259,0.0,0.8582631,0.31357282,6.5740356,5.123219,0.0,0.0,0.33673993,5.6436057
3,381,382.0,10.0,1.0,1.0,361.0,1.0,1.0,1.0,0.9886682,1.0,-0.0,0.0,-1.6695301e-05,-0.011315091,0.21207444,4.2498045,0.60134405,5.678905,0.8189746,2.5723667,0.0,5.2947598,-8.962464,0.7962963,101.32586,1.0,0.0,0.0,0.0,0.0,0,5.021913,0.0,1.2725827,1.035666,5.71645,2.6532552,0.0,0.0,0.4661709,2.6980295
1,382,383.0,10.0,1.0,1.0,333.0,0.0,0.0,1.0,-0.054591633,0.0,-0.0,0.0,-1.36848175e-05,-0.05457795,0.17715394,5.982868,0.19811778,6.68937,1.112413,6.5853057,0.0,4.742558,-2.105753,0.8101852,99.63787,1.0,0.0,0.0,1.0,0.0,0,8.302957,0.0,1.0274638,0.318398,6.8967533,5.1667047,0.0,0.0,0.39296517,5.6931615
3,382,383.0,10.0,1.0,1.0,362.0,1.0,1.0,1.0,0.9855888,1.0,-0.0,0.0,-1.6347394e-05,-0.014394887,0.21043383,4.2458835,0.61760765,5.8636928,0.8263966,2.4632466,0.0,5.429427,-8.98116,0.7962963,101.333176,1.0,0.0,0.0,0.0,0.0,0,5.3403697,0.0,1.2363697,1.131594,6.218995,3.4025931,0.0,0.0,0.5318232,3.4330971
1,383,384.0,10.0,1.0,1.0,333.0,0.0,0.0,1.0,-0.0581911,0.0,-0.0,0.0,-1.35201835e-05,-0.05817758,0.18779002,6.0008125,0.19296616,6.752061,1.11727,6.738593,0.0,4.765345,-2.0267098,0.8101852,99.664604,1.0,0.0,0.0,1.0,0.0,0,8.270375,0.0,1.0038433,0.20605932,6.9192276,5.183852,0.0,0.0,0.3707883,5.6879196
3,383,384.0,10.0,1.0,1.0,363.0,1.0,1.0,1.0,0.98221207,1.0,-0.0,0.0,-1.5042066e-05,-0.017772928,0.19301623,4.245984,0.6453218,6.0663753,0.83772045,2.4616575,0.0,5.6039896,-9.03708,0.7962963,101.34562,1.0,0.0,0.0,0.0,0.0,0,4.8468466,0.0,0.98884404,1.2933327,5.904112,4.5395217,0.0,0.0,0.8171873,4.115698
1,384,385.0,10.0,1.0,1.0,333.0,0.0,0.0,1.0,-0.06184409,0.0,-0.0,0.0,-1.4034516e-05,-0.06183006,0.1903668,6.017749,0.1938157,6.8137155,1.1232498,6.896087,0.0,4.779466,-2.0060604,0.8101852,99.68459,1.0,0.0,0.0,1.0,0.0,0,8.330987,0.0,0.9276835,0.3307997,6.9627523,5.19187,0.0,0.0,0.45763,5.5101027
3,384,385.0,10.0,1.0,1.0,364.0,1.0,1.0,1.0,0.9775476,1.0,-0.0,0.0,-1.5310263e-05,-0.022437107,0.06147772,4.3280687,0.68341386,6.3462257,0.85808516,2.49827,0.0,5.8625054,-7.0324597,0.7962963,101.529526,1.0,0.0,0.0,0.0,0.0,0,4.3956785,0.0,0.7191397,1.2816036,5.023888,5.2245817,0.0,0.0,0.764707,4.603907
1,385,386.0,10.0,1.0,1.0,333.0,0.0,0.0,1.0,-0.066571064,0.0,-0.0,0.0,-1.3714143e-05,-0.06655735,0.20863824,6.0505023,0.1903582,6.878462,1.1395671,7.114978,0.0,4.7946887,-1.7722389,0.8101852,99.724304,1.0,0.0,0.0,1.0,0.0,0,8.310709,0.0,1.0311716,0.41256022,6.872452,5.08658,0.0,0.0,0.37197062,5.6706796
3,385,386.0,10.0,1.0,1.0,365.0,1.0,1.0,1.0,0.9733519,1.0,-0.0,0.0,-1.6472477e-05,-0.02663166,0.10867864,4.3444033,0.72378206,6.597899,0.8862214,2.8049796,0.0,6.0662413,-9.138377,0.7962963,101.65434,1.0,0.0,0.0,0.0,0.0,0,4.4252634,0.0,0.7708241,1.5513909,4.941706,6.008949,0.0,0.0,1.063344,5.1719165
1,386,387.0,10.0,1.0,1.0,333.0,0.0,0.0,1.0,-0.06931746,0.0,-0.0,0.0,-1.3883247e-05,-0.06930358,0.20721965,6.0738063,0.19722456,6.9108343,1.1516742,7.2473793,0.0,4.801548,-1.8065442,0.8101852,99.74835,1.0,0.0,0.0,1.0,0.0,0,8.251477,0.0,1.0421034,0.002001068,6.9596925,5.1469846,0.0,0.0,0.38424525,5.7685986
3,386,387.0,10.0,1.0,1.0,366.0,1.0,1.0,1.0,0.96959215,1.0,-0.0,0.0,-1.6569542e-05,-0.030391304,0.05012229,4.3398232,0.7645551,6.8234777,0.91268027,2.6095262,0.0,6.265349,-8.624454,0.7962963,101.69292,1.0,0.0,0.0,0.0,0.0,0,4.0594773,0.0,0.80942196,1.9454033,4.0684786,6.744089,0.0,0.0,1.1333513,5.731775
1,387,388.0,10.0,1.0,1.0,333.0,0.0,0.0,1.0,-0.07425125,0.0,-0.0,0.0,-1.3888506e-05,-0.07423736,0.222091,6.106052,0.1894533,7.040508,1.1628693,7.413733,0.0,4.838776,-1.633401,0.8101852,99.78845,1.0,0.0,0.0,1.0,0.0,0,8.482734,0.0,1.0347925,0.0,7.1569667,5.2287107,0.0,0.0,0.48905578,5.794183
3,387,388.0,10.0,1.0,1.0,367.0,1.0,1.0,1.0,0.9649632,1.0,-0.0,0.0,-1.670719e-05,-0.035020094,0.03435649,4.359728,0.80331916,7.1012053,0.95130754,2.913662,0.0,6.446706,-8.832858,0.7962963,101.7005,1.0,0.0,0.0,0.0,0.0,0,4.52221,0.0,0.7518465,1.720683,5.5915847,7.073904,0.0,0.0,1.2474955,5.9834156
1,388,389.0,10.0,1.0,1.0,333.0,0.0,0.0,1.0,-0.079252094,0.0,-0.0,0.0,-1.3977605e-05,-0.07923812,0.24107806,6.1308646,0.18569216,7.1330075,1.1742096,7.6212783,0.0,4.843187,-1.3865772,0.8101852,99.82064,1.0,0.0,0.0,1.0,0.0,0,8.624472,0.0,1.1375577,0.0,7.302254,5.1930084,0.0,0.0,0.45816636,5.750855
3,388,389.0,10.0,1.0,1.0,368.0,1.0,1.0,1.0,0.9606671,1.0,-0.0,0.0,-1.7697022e-05,-0.03931521,2.5331974e-05,4.3852105,0.83319545,7.358912,0.9886834,3.1508987,0.0,6.645142,-8.827127,0.7962963,101.72119,1.0,0.0,0.0,0.0,0.0,0,4.697987,0.0,0.7791594,1.9166286,5.648879,7.5928793,0.0,0.0,1.2632229,6.3096533
1,389,390.0,10.0,1.0,1.0,333.0,0.0,0.0,1.0,-0.08222867,0.0,-0.0,0.0,-1.429836e-05,-0.08221437,0.24528317,6.142709,0.18735752,7.149787,1.1811152,7.7830744,0.0,4.854702,-1.3454967,0.8101852,99.832504,1.0,0.0,0.0,1.0,0.0,0,7.499234,0.0,0.84685326,0.0,6.720022,4.8500075,0.0,0.0,0.44659948,5.344032
3,389,390.0,10.0,1.0,1.0,369.0,1.0,1.0,1.0,0.954695,1.0,-0.0,0.0,-1.9318906e-05,-0.04528573,0.03024824,4.4015536,0.8512349,7.5756135,1.0188706,3.1476676,0.0,6.7975707,-8.594421,0.7962963,101.72998,1.0,0.0,0.0,0.0,0.0,0,4.904586,0.0,0.665298,1.95,6.317709,7.9483533,0.0,0.0,1.3702407,6.614771
1,390,391.0,10.0,1.0,1.0,333.0,0.0,0.0,1.0,-0.08478744,0.0,-0.0,0.0,-1.4753306e-05,-0.08477269,0.25819764,6.147092,0.18053193,7.2117376,1.1808689,7.874623,0.0,4.882426,-1.1918824,0.8101852,99.83986,1.0,0.0,0.0,1.0,0.0,0,8.549111,0.0,1.070849,0.0,7.363319,5.1049833,0.0,0.0,0.75205356,5.178788
3,390,391.0,10.0,1.0,1.0,370.0,1.0,1.0,1.0,0.9481528,1.0,-0.0,0.0,-2.0975905e-05,-0.05182622,0.04923176,4.410861,0.8638008,7.793433,1.0421519,3.2041106,0.0,6.962269,-8.577709,0.7962963,101.73507,1.0,0.0,0.0,0.0,0.0,0,5.471664,0.0,0.871092,1.9157507,7.1203766,8.167101,0.0,0.0,1.4411663,6.698565
1,391,392.0,10.0,1.0,1.0,333.0,0.0,0.0,1.0,-0.08770165,0.0,-0.0,0.0,-1.3763023e-05,-0.08768789,0.2650924,6.146926,0.18069956,7.2318015,1.1796396,8.02947,0.0,4.8876796,-1.0962989,0.8101852,99.84144,1.0,0.0,0.0,1.0,0.0,0,8.764327,0.0,0.9567301,0.0,7.7291484,5.1071224,0.0,0.0,0.8032471,4.887814
3,391,392.0,10.0,1.0,1.0,371.0,1.0,1.0,1.0,0.94190663,1.0,-0.0,0.0,-2.1723781e-05,-0.058071688,0.08395426,4.426349,0.866408,7.9766173,1.0676911,2.9369419,0.0,7.1031837,-7.9636006,0.7962963,101.7562,1.0,0.0,0.0,0.0,0.0,0,6.188613,0.0,1.1393684,1.7890079,8.30203,8.185232,0.0,0.0,1.2476193,6.8825974
1,392,393.0,10.0,1.0,1.0,333.0,0.0,0.0,1.0,-0.091925904,0.0,-0.0,0.0,-1.3859919e-05,-0.091912046,0.27017966,6.145837,0.18079944,7.2422986,1.1722417,8.272424,0.0,4.877006,-1.0010712,0.8101852,99.859825,1.0,0.0,0.0,1.0,0.0,0,8.946235,0.0,0.9397204,0.0,7.928229,5.030981,0.0,0.0,0.75930035,4.617187
3,392,393.0,10.0,1.0,1.0,372.0,1.0,1.0,1.0,0.9370494,1.0,-0.0,0.0,-2.3275017e-05,-0.06292738,0.080877915,4.435686,0.8618867,8.08605,1.0919456,3.093738,0.0,7.1721168,-8.037448,0.7962963,101.78148,1.0,0.0,0.0,0.0,0.0,0,6.9740815,0.0,1.4013174,1.7120117,9.03136,8.284248,0.0,0.0,1.4690055,6.8176713
1,393,394.0,10.0,1.0,1.0,333.0,0.0,0.0,1.0,-0.09605783,0.0,-0.0,0.0,-1.4005533e-05,-0.096043825,0.2712708,6.165381,0.17766993,7.2591496,1.1633947,8.503479,0.0,4.858372,-0.9570494,0.8101852,99.9219,1.0,0.0,0.0,1.0,0.0,0,8.922287,0.0,0.9552733,0.0,7.900483,4.931454,0.0,0.0,0.701252,4.3478727
3,393,394.0,10.0,1.0,1.0,373.0,1.0,1.0,1.0,0.9346819,1.0,-0.0,0.0,-2.3753075e-05,-0.06529431,0.05582329,4.439396,0.85292876,8.121332,1.1061769,3.388394,0.0,7.161878,-8.5847225,0.7962963,101.80669,1.0,0.0,0.0,0.0,0.0,0,7.8493767,0.0,1.490127,1.6054677,9.574914,8.178254,0.0,0.0,1.8607872,6.615918
1,394,395.0,10.0,1.0,1.0,333.0,0.0,0.0,1.0,-0.10015311,0.0,-0.0,0.0,-1.3815065e-05,-0.1001393,0.28118974,6.172918,0.1759621,7.2929497,1.1585991,8.715407,0.0,4.859622,-0.80376863,0.8101852,99.94682,1.0,0.0,0.0,1.0,0.0,0,9.067993,0.0,0.9600076,0.0,8.04044,4.886798,0.0,0.0,0.68088543,4.026515
3,394,395.0,10.0,1.0,1.0,374.0,1.0,1.0,1.0,0.9323154,1.0,-0.0,0.0,-2.3899656e-05,-0.067660674,0.018240325,4.448546,0.8386145,8.107721,1.1269225,3.7795818,0.0,7.089887,-9.14353,0.7962963,101.84309,1.0,0.0,0.0,0.0,0.0,0,8.198098,0.0,1.7696974,1.6538304,9.96163,8.335455,0.0,0.0,1.7068548,6.734134
1,395,396.0,10.0,1.0,1.0,333.0,0.0,0.0,1.0,-0.10303418,0.0,-0.0,0.0,-1.4604897e-05,-0.10301958,0.2847448,6.174586,0.17524514,7.3217807,1.1503294,8.859393,0.0,4.8529663,-0.73570013,0.8101852,99.962746,1.0,0.0,0.0,1.0,0.0,0,9.209922,0.0,0.9454223,0.0,8.206851,4.8189325,0.0,0.0,0.6611604,3.8535008
3,395,396.0,10.0,1.0,1.0,375.0,1.0,1.0,1.0,0.92913365,1.0,-0.0,0.0,-2.5153062e-05,-0.07084118,0.05326718,4.428755,0.81963784,8.209305,1.138822,3.6396732,0.0,6.7827244,-7.9305835,0.7962963,101.85529,1.0,0.0,0.0,0.0,0.0,0,8.985479,0.0,1.7623125,1.0471588,10.891915,8.326721,0.0,0.0,1.8347578,6.666961
1,396,397.0,10.0,1.0,1.0,333.0,0.0,0.0,1.0,-0.105448075,0.0,-0.0,0.0,-1.4507431e-05,-0.10543357,0.28785542,6.1774645,0.17573926,7.350819,1.1423032,8.975194,0.0,4.862604,-0.6833244,0.8101852,99.97881,1.0,0.0,0.0,1.0,0.0,0,9.3383,0.0,0.9410984,0.0,8.359174,4.765414,0.0,0.0,0.64702755,3.69156
3,396,397.0,10.0,1.0,1.0,376.0,1.0,1.0,1.0,0.92788464,1.0,-0.0,0.0,-2.3122791e-05,-0.07209224,0.037662312,4.4275446,0.8084054,8.183597,1.1522583,3.9368298,0.0,6.75212,-8.151155,0.7962963,101.878716,1.0,0.0,0.0,0.0,0.0,0,11.230048,0.0,2.3607545,2.2547777,12.333757,8.308644,0.0,0.0,1.7698904,6.513216
1,397,398.0,10.0,1.0,1.0,333.0,0.0,0.0,1.0,-0.107471116,0.0,-0.0,0.0,-1.4609761e-05,-0.107456505,0.28923267,6.182978,0.17488322,7.3832455,1.1350336,9.064144,0.0,4.8562346,-0.6514602,0.8101852,99.99806,1.0,0.0,0.0,1.0,0.0,0,9.471269,0.0,0.9295501,0.0,8.514351,4.7257113,0.0,0.0,0.64032245,3.5503507
3,397,398.0,10.0,1.0,1.0,377.0,1.0,1.0,1.0,0.9317187,1.0,-0.0,0.0,-2.6650352e-05,-0.06825463,0.0471564,4.442852,0.81946784,7.8061876,1.1718786,4.0866947,0.0,6.4353504,-9.760909,0.7962963,101.98146,1.0,0.0,0.0,0.0,0.0,0,4.514425,0.0,0.88775027,0.7612262,8.668116,7.224054,0.0,0.0,1.1722442,5.774495
1,398,399.0,10.0,1.0,1.0,333.0,0.0,0.0,1.0,-0.10923752,0.0,-0.0,0.0,-1.46213415e-05,-0.109222904,0.28933063,6.186971,0.17582928,7.4119363,1.1279668,9.141437,0.0,4.8569202,-0.6439202,0.8101852,100.01291,1.0,0.0,0.0,1.0,0.0,0,9.618716,0.0,0.9345955,0.0,8.700017,4.69748,0.0,0.0,0.62667036,3.4403293
3,398,399.0,10.0,1.0,1.0,378.0,1.0,1.0,1.0,0.92575586,1.0,-0.0,0.0,-2.9359271e-05,-0.07421473,0.065511465,4.4411497,0.82146645,7.965513,1.198316,4.6423864,0.0,6.4344363,-9.570162,0.7962963,102.097046,1.0,0.0,0.0,0.0,0.0,0,9.355555,0.0,1.6936381,2.1089678,12.113202,7.7890277,0.0,0.0,1.695975,6.0232472
1,399,400.0,10.0,1.0,1.0,333.0,0.0,0.0,1.0,-0.10940807,0.0,-0.0,0.0,-1.4655107e-05,-0.10939342,0.28641447,6.1923604,0.17679213,7.4400983,1.119491,9.123506,0.0,4.856517,-0.6819377,0.8101852,100.02861,1.0,0.0,0.0,1.0,0.0,0,9.787652,0.0,0.96040803,0.0,8.864188,4.7210603,0.0,0.0,0.5658405,3.3758183
3,399,400.0,10.0,1.0,1.0,379.0,1.0,1.0,1.0,0.92510283,1.0,-0.0,0.0,-2.2799553e-05,-0.07487433,0.10886975,4.468171,0.79388905,7.7861943,1.227502,4.653503,0.0,6.1356163,-9.467947,0.7962963,102.14237,1.0,0.0,0.0,0.0,0.0,0,8.516205,0.0,1.9963355,1.6117976,11.887969,7.6414366,0.0,0.0,1.5782143,6.174055
1,400,401.0,10.0,1.0,1.0,333.0,0.0,0.0,1.0,-0.10962382,0.0,-0.0,0.0,-1.474926e-05,-0.10960907,0.28748363,6.198148,0.17901465,7.4734993,1.1131713,9.103044,0.0,4.871862,-0.6817132,0.8101852,100.04308,1.0,0.0,0.0,1.0,0.0,0,10.028882,0.0,1.0635661,0.0,8.899458,4.676867,0.0,0.0,0.58228844,3.3879716
3,400,401.0,10.0,1.0,1.0,380.0,1.0,1.0,1.0,0.9251953,1.0,-0.0,0.0,-2.2587761e-05,-0.074782126,0.15733466,4.4966927,0.7581495,7.567442,1.2559314,4.6803436,0.0,5.723821,-9.327093,0.7962963,102.1775,1.0,0.0,0.0,0.0,0.0,0,7.95748,0.0,1.7584224,1.5790563,10.497964,6.9852076,0.0,0.0,1.1461608,5.727084
1,401,402.0,10.0,1.0,1.0,333.0,0.0,0.0,1.0,-0.110134475,0.0,-0.0,0.0,-1.4547496e-05,-0.110119924,0.28821528,6.2050047,0.18184385,7.4944296,1.1088412,9.112764,0.0,4.869931,-0.6802706,0.8101852,100.0558,1.0,0.0,0.0,1.0,0.0,0,9.996621,0.0,0.9421233,0.0,9.16382,4.714773,0.0,0.0,0.58324146,3.2758346
3,401,402.0,10.0,1.0,1.0,381.0,1.0,1.0,1.0,0.92365944,1.0,-0.0,0.0,-2.2175775e-05,-0.07631838,0.19765851,4.523981,0.7363578,7.428087,1.2868019,4.7166686,0.0,5.4302936,-9.0430975,0.7962963,102.21823,1.0,0.0,0.0,0.0,0.0,0,8.63063,0.0,2.0914626,1.512203,11.393158,7.033785,0.0,0.0,0.85933816,6.1163344
1,402,403.0,10.0,1.0,1.0,333.0,0.0,0.0,1.0,-0.11116485,0.0,-0.0,0.0,-1.4809305e-05,-0.11115004,0.28704143,6.2162604,0.1877983,7.522595,1.1052147,9.146406,0.0,4.857001,-0.6989138,0.8101852,100.07652,1.0,0.0,0.0,1.0,0.0,0,9.742936,0.0,1.0966426,0.0,8.862917,4.6963053,0.0,0.0,0.5871442,3.151633
3,402,403.0,10.0,1.0,1.0,382.0,1.0,1.0,1.0,0.9213356,1.0,-0.0,0.0,-2.0079671e-05,-0.07864434,0.1885319,4.4132624,0.71761626,7.3276615,1.3187999,4.708528,0.0,5.166419,-9.557382,0.7962963,102.52067,1.0,0.0,0.0,0.0,0.0,0,8.512696,0.0,2.2914052,1.1943301,11.560745,6.7565837,0.0,0.0,0.6673196,6.0904803
1,403,404.0,10.0,1.0,1.0,333.0,0.0,0.0,1.0,-0.11855238,0.0,-0.0,0.0,-1.4882579e-05,-0.11853749,0.31613594,6.2422915,0.18840834,7.7111893,1.1164751,9.401059,0.0,4.9043255,-0.3258195,0.8101852,100.10783,1.0,0.0,0.0,1.0,0.0,0,10.274936,0.0,1.0614452,0.0,9.472613,4.6609945,0.0,0.0,0.5563867,3.4504702
3,403,404.0,10.0,1.0,1.0,383.0,1.0,1.0,1.0,0.9202536,1.0,-0.0,0.0,-1.7553695e-05,-0.07972883,0.22807437,4.4344397,0.74147975,7.3179283,1.3287734,4.761932,0.0,5.165053,-9.241068,0.7962963,102.726234,1.0,0.0,0.0,0.0,0.0,0,8.1989565,0.0,2.4757192,0.7507916,11.456681,6.1138773,0.0,0.0,0.67239904,5.7335587
1,404,405.0,10.0,1.0,1.0,333.0,0.0,0.0,1.0,-0.11943925,0.0,-0.0,0.0,-1.5120187e-05,-0.119424134,0.3158629,6.2504888,0.19599277,7.731274,1.115668,9.434173,0.0,4.8953695,-0.33477974,0.8101852,100.11637,1.0,0.0,0.0,1.0,0.0,0,10.469208,0.0,0.8648576,0.0,9.917865,4.6543207,0.0,0.0,0.6901746,3.3280797
3,404,405.0,10.0,1.0,1.0,384.0,1.0,1.0,1.0,0.9213252,1.0,-0.0,0.0,-2.0349384e-05,-0.07865444,0.27159864,4.4556084,0.7118033,7.1466093,1.3430208,4.7742467,0.0,4.8486047,-9.769726,0.7962963,102.73621,1.0,0.0,0.0,0.0,0.0,0,8.568277,0.0,2.6541858,0.36660767,12.063609,5.684463,0.0,0.0,0.505262,5.5235
1,405,406.0,10.0,1.0,1.0,333.0,0.0,0.0,1.0,-0.12044891,0.0,-0.0,0.0,-1.532219e-05,-0.120433584,0.3129989,6.2567687,0.19871202,7.7614074,1.1105905,9.464606,0.0,4.8790145,-0.36982355,0.8101852,100.12821,1.0,0.0,0.0,1.0,0.0,0,10.60989,0.0,0.88324535,0.0,10.081395,4.63391,0.0,0.0,0.67626584,3.340801
3,405,406.0,10.0,1.0,1.0,385.0,1.0,1.0,1.0,0.927072,1.0,-0.0,0.0,-1.9616185e-05,-0.0729084,0.35932922,4.5927634,0.703948,6.8701453,1.3339144,4.5730634,0.0,4.7480483,-10.964605,0.7962963,102.98199,1.0,0.0,0.0,0.0,0.0,0,6.6937346,0.0,2.3025374,0.0,9.697954,4.661912,0.0,0.0,0.17862138,4.8224754
1,406,407.0,10.0,1.0,1.0,333.0,0.0,0.0,1.0,-0.123673186,0.0,-0.0,0.0,-1.4828471e-05,-0.12365836,0.3130801,6.288698,0.19793433,7.8296323,1.1149232,9.589868,0.0,4.847473,-0.36848617,0.8101852,100.17825,1.0,0.0,0.0,1.0,0.0,0,10.843907,0.0,1.003188,0.0,10.140775,4.638686,0.0,0.0,0.7066312,3.3783925
3,406,407.0,10.0,1.0,1.0,386.0,1.0,1.0,1.0,0.92858946,1.0,-0.0,0.0,-2.4065022e-05,-0.07138643,0.3355978,4.3981805,0.7217249,6.8846073,1.3198104,4.7640686,0.0,4.5353117,-10.504541,0.7962963,103.24949,1.0,0.0,0.0,0.0,0.0,0,7.5957365,0.0,2.575349,0.0,11.565185,4.4328694,0.0,0.0,0.1824287,4.7293563
1,407,408.0,10.0,1.0,1.0,333.0,0.0,0.0,1.0,-0.12297116,0.0,-0.0,0.0,-1.4536619e-05,-0.122956626,0.2959121,6.319791,0.2001252,7.857893,1.1126255,9.519503,0.0,4.7447877,-0.6236993,0.8101852,100.22905,1.0,0.0,0.0,1.0,0.0,0,10.670231,0.0,0.56536233,0.0,10.965005,4.639181,0.0,0.0,0.8239423,3.2719078
3,407,408.0,10.0,1.0,1.0,387.0,1.0,1.0,1.0,0.93791133,1.0,-0.0,0.0,-1.803185e-05,-0.062070597,0.36717618,4.336515,0.76262677,6.6179276,1.280841,4.576657,0.0,4.374571,-11.065885,0.7962963,103.37747,1.0,0.0,0.0,0.0,0.0,0,7.5459375,0.0,2.4244385,0.0,11.322323,3.8322387,0.0,0.0,0.0,4.157127
1,408,409.0,10.0,1.0,1.0,333.0,0.0,0.0,1.0,-0.12303109,0.0,-0.0,0.0,-1.5283733e-05,-0.123015806,0.2837859,6.340093,0.20089829,7.8970704,1.1082375,9.483877,0.0,4.713265,-0.8332766,0.8101852,100.26678,1.0,0.0,0.0,1.0,0.0,0,10.763478,0.0,0.69767714,0.0,10.780439,4.626704,0.0,0.0,0.87121665,3.2365353
3,408,409.0,10.0,1.0,1.0,388.0,1.0,1.0,1.0,0.94622344,1.0,-0.0,0.0,-2.2107899e-05,-0.05375447,0.38487315,4.2213273,0.7895827,6.4200797,1.2406918,4.438052,0.0,4.176264,-11.176239,0.7962963,103.498924,1.0,0.0,0.0,1.0,0.0,0,8.866253,0.0,2.7949202,0.0,13.10979,3.4369352,0.0,0.0,0.0,3.7037935
1,409,410.0,10.0,1.0,1.0,333.0,0.0,0.0,1.0,-0.124739565,0.0,-0.0,0.0,-1.5336534e-05,-0.12472423,0.28345698,6.372349,0.1951012,8.046622,1.1028631,9.4368305,0.0,4.700947,-0.8928832,0.8101852,100.32673,1.0,0.0,0.0,1.0,0.0,0,11.25788,0.0,1.3025701,0.0,9.930136,4.594129,0.0,0.0,0.8251267,3.2101502
3,409,410.0,10.0,1.0,1.0,389.0,1.0,1.0,1.0,0.95464545,1.0,-0.0,0.0,-1.7576038e-05,-0.045336965,0.41277725,4.0730224,0.84536654,6.290454,1.1906351,4.260022,0.0,4.2102184,-11.656039,0.7962963,103.64727,1.0,0.0,0.0,1.0,0.0,0,9.447036,0.0,2.81897,0.0,11.692229,3.1448658,0.0,0.0,0.0,3.5297604
1,410,411.0,10.0,1.0,1.0,333.0,0.0,0.0,1.0,-0.12673445,0.0,-0.0,0.0,-1.4704147e-05,-0.12671974,0.2850663,6.396635,0.20005983,8.079072,1.1117334,9.524112,0.0,4.67705,-0.8848356,0.8101852,100.35341,1.0,0.0,0.0,1.0,0.0,0,10.841068,0.0,0.84495306,0.0,10.783326,4.6465054,0.0,0.0,0.8811406,3.274071
3,410,411.0,10.0,1.0,1.0,390.0,1.0,1.0,1.0,0.9651741,1.0,-0.0,0.0,-1.7494902e-05,-0.03480837,0.48973376,3.9550264,0.9174927,6.0303845,1.1410823,4.176132,0.0,4.1519957,-12.335804,0.7962963,104.091194,1.0,0.0,0.0,1.0,0.0,0,11.408292,0.0,4.6881175,0.0,11.897676,2.4028547,0.0,0.0,0.0,3.1984925
1,411,412.0,10.0,1.0,1.0,333.0,0.0,0.0,1.0,-0.12634051,0.0,-0.0,0.0,-1.5003014e-05,-0.1263255,0.27857685,6.412241,0.20052649,8.127599,1.1095265,9.45193,0.0,4.6437187,-0.9293631,0.8101852,100.37335,1.0,0.0,0.0,1.0,0.0,0,11.034413,0.0,0.90866137,0.0,10.959296,4.6780033,0.0,0.0,1.0445682,3.1435351
3,411,412.0,10.0,1.0,1.0,391.0,1.0,1.0,1.0,0.9723952,1.0,-0.0,0.0,-2.031535e-05,-0.0275845,0.49870852,3.7618253,0.98283106,5.8671637,1.1050541,4.062101,0.0,4.139998,-12.740641,0.7962963,104.29919,1.0,0.0,0.0,1.0,0.0,0,4.2562027,0.0,1.6565092,0.0,5.9350443,2.3660796,0.0,0.0,0.0,2.5271578
1,412,413.0,10.0,1.0,1.0,333.0,0.0,0.0,1.0,-0.12577182,0.0,-0.0,0.0,-1.4844039e-05,-0.12575698,0.26265645,6.4344406,0.20327342,8.164717,1.1057945,9.3807,0.0,4.614691,-1.1028554,0.8101852,100.402664,1.0,0.0,0.0,1.0,0.0,0,10.9101515,0.0,0.78413355,0.0,10.929078,4.69456,0.0,0.0,1.1256435,3.0740669
3,412,413.0,10.0,1.0,1.0,392.0,1.0,1.0,1.0,0.97222036,1.0,-0.0,0.0,-1.5653564e-05,-0.027763953,0.49727744,3.798812,1.0426863,6.043226,1.0830148,4.1693788,0.0,4.0397296,-12.322296,0.7962963,104.65101,1.0,0.0,0.0,1.0,0.0,0,12.235493,0.0,3.9001856,0.0,16.907003,2.074041,0.0,0.0,0.0,2.713173
1,413,414.0,10.0,1.0,1.0,333.0,0.0,0.0,1.0,-0.12983252,0.0,-0.0,0.0,-1.48485515e-05,-0.12981768,0.27503148,6.455338,0.20415542,8.244156,1.1137488,9.544904,0.0,4.6126533,-1.0218694,0.8101852,100.43076,1.0,0.0,0.0,1.0,0.0,0,11.45541,0.0,1.0736748,0.0,11.176115,4.720961,0.0,0.0,1.041825,3.2584095
3,413,414.0,10.0,1.0,1.0,393.0,1.0,1.0,1.0,0.98483473,1.0,-0.0,0.0,-2.2162381e-05,-0.015143083,0.6585699,3.5821517,1.0561038,4.384991,1.0650407,4.021816,0.0,3.4150655,-14.385729,0.7962963,104.80162,1.0,0.0,0.0,1.0,0.0,0,7.6457186,0.0,3.4828143,0.0,7.728551,1.8695551,0.0,0.0,0.0,2.3685746
1,414,415.0,10.0,1.0,1.0,333.0,0.0,0.0,1.0,-0.13254005,0.0,-0.0,0.0,-1.5359523e-05,-0.13252468,0.27824715,6.4891033,0.20267314,8.367333,1.11048,9.5841465,0.0,4.553759,-1.0589026,0.8101852,100.49184,1.0,0.0,0.0,1.0,0.0,0,10.963184,0.0,1.0717791,0.0,11.088676,4.602724,0.0,0.0,1.0269749,3.197433
3,414,415.0,10.0,1.0,1.0,394.0,1.0,1.0,1.0,0.98966,1.0,-0.0,0.0,-1.6193144e-05,-0.0103237685,0.7676743,3.8882613,1.0583736,3.537807,1.0242165,4.808234,0.0,3.0227785,-13.329032,0.7962963,105.305466,1.0,0.0,0.0,1.0,0.0,0,11.637618,0.0,3.538964,0.0,16.16587,1.8254797,0.0,0.0,0.0,2.615424
1,415,416.0,10.0,1.0,1.0,333.0,0.0,0.0,1.0,-0.136136,0.0,-0.0,0.0,-1.6060125e-05,-0.13611993,0.2734773,6.5197587,0.19701831,8.535663,1.1048626,9.631532,0.0,4.5648003,-1.1868542,0.8101852,100.5432,1.0,0.0,0.0,1.0,0.0,0,11.893727,0.0,1.2414597,0.0,11.316947,4.981262,0.0,0.0,1.0228636,3.2750356
3,415,416.0,10.0,1.0,1.0,395.0,1.0,1.0,1.0,0.9894198,1.0,-0.0,0.0,-2.4124294e-05,-0.010556065,0.8586565,3.9256406,1.0585335,2.9123182,1.0259149,5.0569563,0.0,2.9277036,-14.0076275,0.7962963,105.47369,1.0,0.0,0.0,1.0,0.0,0,14.607857,0.0,4.961417,0.0,19.460482,2.2338507,0.0,0.0,0.0,2.9416015
1,416,417.0,10.0,1.0,1.0,333.0,0.0,0.0,1.0,-0.14215764,0.0,-0.0,0.0,-1.6325363e-05,-0.14214131,0.27612373,6.511776,0.20272298,8.53713,1.0991566,9.991347,0.0,4.5199533,-1.3192064,0.8101852,100.5517,1.0,0.0,0.0,1.0,0.0,0,11.198574,0.0,0.88622093,0.0,11.209793,4.8392267,0.0,0.0,0.9455845,3.4310024
3,416,417.0,10.0,1.0,1.0,396.0,1.0,1.0,1.0,0.9329672,1.0,-0.0,0.0,-2.3719786e-05,-0.06700909,0.892104,3.9755814,1.1568027,3.395779,1.0186975,7.844525,0.0,4.6528215,-12.452619,0.7962963,105.76259,1.0,0.0,0.0,1.0,0.0,0,9.639253,0.0,5.775881,0.0,10.543535,2.6983073,0.0,0.0,0.0,3.1619625
1,417,418.0,10.0,1.0,1.0,333.0,0.0,0.0,1.0,-0.14597815,0.0,-0.0,0.0,-1.5357236e-05,-0.14596279,0.27613342,6.511878,0.20377888,8.579604,1.0929419,10.178162,0.0,4.500541,-1.4258782,0.8101852,100.56203,1.0,0.0,0.0,1.0,0.0,0,10.558625,0.0,0.6870853,0.0,10.91173,4.626998,0.0,0.0,0.82989997,3.2692864
3,417,418.0,10.0,1.0,1.0,397.0,1.0,1.0,1.0,0.9146353,1.0,-0.0,0.0,-2.2881775e-05,-0.08534178,0.9188604,3.8857925,1.2029847,3.6606905,1.036904,8.598121,0.0,5.2385426,-13.643811,0.7962963,105.791245,1.0,0.0,0.0,1.0,0.0,0,12.635151,0.0,6.314962,2.5295157,12.722572,3.430367,0.0,0.0,0.0,3.7999873
1,418,419.0,10.0,1.0,1.0,333.0,0.0,0.0,1.0,-0.14910172,0.0,-0.0,0.0,-1.5632535e-05,-0.14908609,0.27677828,6.5248966,0.20077854,8.701913,1.0884805,10.24325,0.0,4.4806952,-1.4619566,0.8101852,100.58603,1.0,0.0,0.0,1.0,0.0,0,11.436725,0.0,0.81941843,0.0,11.5582,4.6241846,0.0,0.0,0.8077978,3.3722012
3,418,419.0,10.0,1.0,1.0,398.0,1.0,1.0,1.0,0.9029683,1.0,-0.0,0.0,-2.583422e-05,-0.09700588,0.8651119,3.7714112,1.312546,4.058052,1.08796,8.476257,0.0,5.770135,-12.687164,0.7962963,106.321,1.0,0.0,0.0,1.0,0.0,0,11.771446,0.0,6.514629,5.5559015,14.649428,3.6479125,0.0,0.0,0.0,3.8167455
1,419,420.0,10.0,1.0,1.0,333.0,0.0,0.0,1.0,-0.15372992,0.0,-0.0,0.0,-1.5676242e-05,-0.15371424,0.28334633,6.56369,0.19428706,8.929685,1.0855632,10.293168,0.0,4.4333215,-1.4426383,0.8101852,100.652084,1.0,0.0,0.0,1.0,0.0,0,11.13784,0.0,0.5227897,0.0,11.938488,4.5777707,0.0,0.0,0.7636264,3.368187
3,419,420.0,10.0,1.0,1.0,399.0,1.0,1.0,1.0,0.90181756,1.0,-0.0,0.0,-2.7511169e-05,-0.09815487,0.8608263,3.8184054,1.3608104,4.635466,1.1304879,8.183213,0.0,6.405483,-13.19807,0.7962963,106.77698,1.0,0.0,0.0,1.0,0.0,0,10.725426,0.0,6.4348288,4.814888,10.607428,3.4324682,0.0,0.0,0.0,4.030086
1,420,421.0,10.0,1.0,1.0,333.0,0.0,0.0,1.0,-0.16361962,0.0,-0.0,0.0,-1.6492073e-05,-0.16360313,0.33400208,6.610723,0.19336666,9.456986,1.0819417,10.3592,0.0,4.779343,-0.89114064,0.8101852,100.74178,1.0,0.0,0.0,1.0,0.0,0,10.71825,0.0,0.84141034,0.0,10.255164,4.457295,0.0,0.0,0.66295296,3.3421686
3,420,421.0,10.0,1.0,1.0,400.0,1.0,1.0,1.0,0.90585345,1.0,-0.0,0.0,-2.882567e-05,-0.09411771,0.8278441,3.8737395,1.3802426,5.025117,1.1658045,7.7952423,0.0,6.936301,-13.253725,0.7962963,107.31152,1.0,0.0,0.0,1.0,0.0,0,12.995433,0.0,7.5531383,4.215803,10.341377,4.0567265,0.0,0.0,0.0,4.5539412
1,421,422.0,10.0,1.0,1.0,333.0,0.0,0.0,1.0,-0.16635628,0.0,-0.0,0.0,-1.6816002e-05,-0.16633946,0.34315324,6.612815,0.19844638,9.580467,1.0817703,10.3998995,0.0,4.841488,-0.80157536,0.8101852,100.74522,1.0,0.0,0.0,1.0,0.0,0,11.16781,0.0,0.8046522,0.0,10.67087,4.557032,0.0,0.0,0.7964005,3.302275
3,421,422.0,10.0,1.0,1.0,401.0,1.0,1.0,1.0,0.9088136,1.0,-0.0,0.0,-2.5365931e-05,-0.091161005,0.7488737,3.804773,1.4099956,5.284094,1.2047063,7.394693,0.0,7.263553,-12.516253,0.7962963,107.99484,1.0,0.0,0.0,1.0,0.0,0,8.970806,0.0,7.4601154,5.4263906,8.405418,3.8981793,0.0,0.0,0.0,4.030816
1,422,423.0,10.0,1.0,1.0,333.0,0.0,0.0,1.0,-0.17166111,0.0,-0.0,0.0,-1.7132581e-05,-0.17164397,0.3666457,6.635622,0.20238909,9.860524,1.081847,10.438112,0.0,4.9294276,-0.52152205,0.8101852,100.78288,1.0,0.0,0.0,1.0,0.0,0,10.558276,0.0,0.7625659,0.0,9.9842205,4.495271,0.0,0.0,0.7883901,3.3424323
3,422,423.0,10.0,1.0,1.0,402.0,1.0,1.0,1.0,0.9113792,1.0,-0.0,0.0,-2.7140959e-05,-0.08859365,0.662528,3.8008165,1.4204764,5.3518195,1.2111317,7.1620445,0.0,7.4328675,-11.468273,0.7962963,108.67617,1.0,0.0,0.0,1.0,0.0,0,6.9129925,0.0,7.018767,4.9821978,7.714106,3.778897,0.0,0.0,0.0,4.5850797
1,423,424.0,10.0,1.0,1.0,333.0,0.0,0.0,1.0,-0.17559892,0.0,-0.0,0.0,-1.713923e-05,-0.17558178,0.37679896,6.6473656,0.20367268,10.049221,1.080348,10.485684,0.0,5.0430593,-0.39476994,0.8101852,100.79748,1.0,0.0,0.0,1.0,0.0,0,10.81964,0.0,0.6824237,0.0,10.215584,4.478606,0.0,0.0,0.74793386,3.3955338
3,423,424.0,10.0,1.0,1.0,403.0,1.0,1.0,1.0,0.9131099,1.0,-0.0,0.0,-2.6319009e-05,-0.08686377,0.54811466,3.772666,1.4280181,5.4387474,1.2107332,7.00169,0.0,7.5659223,-10.239799,0.7962963,109.37543,1.0,0.0,0.0,1.0,0.0,0,5.361055,0.0,7.133471,4.886902,5.739662,3.7256656,0.0,0.0,0.0,4.8112993
1,424,425.0,10.0,1.0,1.0,333.0,0.0,0.0,1.0,-0.18154243,0.0,-0.0,0.0,-1.7667802e-05,-0.18152475,0.4106298,6.6840224,0.21530393,10.408864,1.0932771,10.48262,0.0,5.231356,0.12257695,0.8101852,100.83945,1.0,0.0,0.0,1.0,0.0,0,10.973303,0.0,0.8697034,0.0,9.938057,4.2204957,0.0,0.0,0.63172096,3.158251
3,424,425.0,10.0,1.0,1.0,404.0,1.0,1.0,1.0,0.917768,1.0,-0.0,0.0,-2.6716267e-05,-0.08220528,0.43855515,3.7784145,1.4093691,5.4966006,1.214229,6.862047,0.0,7.6629324,-8.691714,0.7962963,110.06593,1.0,0.0,0.0,1.0,0.0,0,3.0876164,0.0,6.742646,4.880057,4.2525897,3.8620877,0.0,0.0,0.0,4.7229404
1,425,426.0,10.0,1.0,1.0,333.0,0.0,0.0,1.0,-0.18354264,0.0,-0.0,0.0,-1.73432e-05,-0.1835253,0.41474104,6.701312,0.22055018,10.522992,1.1013476,10.488525,0.0,5.3248367,0.22557005,0.8101852,100.85796,1.0,0.0,0.0,0.0,0.0,0,10.453714,0.0,0.8042387,0.0,9.219088,4.3035526,0.0,0.0,0.770185,3.1502109
3,425,426.0,10.0,1.0,1.0,405.0,1.0,1.0,1.0,0.91999376,1.0,-0.0,0.0,-2.5307167e-05,-0.07998093,0.3700532,3.7565324,1.40971,5.7286,1.2218608,6.7260303,0.0,7.9197087,-8.062472,0.7962963,110.73666,1.0,0.0,0.0,1.0,0.0,0,0.3945693,0.0,7.038136,4.2041597,2.1217103,3.5483363,0.0,0.0,0.0,4.5445724
1,426,427.0,10.0,1.0,1.0,333.0,0.0,0.0,1.0,-0.18899459,0.0,-0.0,0.0,-1.776129e-05,-0.18897682,0.44313556,6.723588,0.23482007,10.830448,1.1078792,10.50816,0.0,5.4915137,0.6452166,0.8101852,100.88156,1.0,0.0,0.0,0.0,0.0,0,10.696053,0.0,1.1460801,0.0,8.32805,4.049021,0.0,0.0,0.96550703,3.0107946
3,426,427.0,10.0,1.0,1.0,406.0,1.0,1.0,1.0,0.9189855,1.0,-0.0,0.0,-2.9389608e-05,-0.0809851,0.48055258,3.7974522,1.4171084,6.3426466,1.2307723,6.6933494,0.0,8.832153,-8.943318,0.7962963,111.38579,1.0,0.0,0.0,1.0,0.0,0,0.0,0.0,4.7658954,4.32679,8.18142,2.698906,0.0,0.0,0.0,4.2668242
1,427,428.0,10.0,1.0,1.0,333.0,0.0,0.0,1.0,-0.19219477,0.0,-0.0,0.0,-1.7592141e-05,-0.19217718,0.45334285,6.7447796,0.23687246,11.040759,1.1228789,10.48987,0.0,5.635342,0.76299256,0.8101852,100.91648,1.0,0.0,0.0,0.0,0.0,0,10.202108,0.0,0.87433285,0.0,7.3198614,4.19228,0.0,0.0,0.8637301,2.985161
3,427,428.0,10.0,1.0,1.0,407.0,1.0,1.0,1.0,0.90913934,1.0,-0.0,0.0,-2.3809933e-05,-0.09083686,0.29904693,3.653647,1.4841143,6.5415173,1.2425805,6.7060905,0.0,8.876527,-7.3325047,0.7962963,111.952065,1.0,0.0,0.0,1.0,0.0,0,0.0,0.0,4.070778,1.8364791,4.4295444,2.7546408,0.0,0.0,0.0,4.663731
1,428,429.0,10.0,1.0,1.0,333.0,0.0,0.0,1.0,-0.19673476,0.0,-0.0,0.0,-1.7827668e-05,-0.19671693,0.49875677,6.7511187,0.25659963,11.330345,1.137341,10.472671,0.0,5.853906,1.447049,0.8101852,100.93413,1.0,0.0,0.0,0.0,0.0,0,10.461427,0.0,1.1754932,0.0,8.012222,4.0733466,0.0,0.0,0.8618631,2.8825366
3,428,429.0,10.0,1.0,1.0,408.0,1.0,1.0,1.0,0.9120967,1.0,-0.0,0.0,-2.7675633e-05,-0.08787565,0.2869088,3.9758675,1.4452916,6.055264,1.2577136,6.768279,0.0,8.342661,-6.4909606,0.7962963,112.44231,1.0,0.0,0.0,1.0,0.0,0,2.3590386,0.0,4.7893004,4.079887,6.77925,3.533835,0.0,0.0,0.4743338,5.3675456
1,429,430.0,10.0,1.0,1.0,333.0,0.0,0.0,1.0,-0.19947694,0.0,-0.0,0.0,-1.9083736e-05,-0.19945785,0.50521755,6.7733116,0.26746014,11.502436,1.1453562,10.4650345,0.0,5.9675236,1.4762012,0.8101852,100.95637,1.0,0.0,0.0,0.0,0.0,0,9.987974,0.0,0.9540997,0.0,7.256907,4.170851,0.0,0.0,1.0523877,2.8031952
3,429,430.0,10.0,1.0,1.0,409.0,1.0,1.0,1.0,0.90520865,1.0,-0.0,0.0,-2.5590012e-05,-0.0947658,0.53159964,3.918495,1.4883147,7.549618,1.2698116,6.928716,0.0,10.001186,-9.248285,0.7962963,113.0171,1.0,0.0,0.0,1.0,0.0,1,6.519732,0.0,4.873461,5.3329415,6.661378,3.7756217,0.0,0.0,0.6373611,6.0992017
1,430,431.0,10.0,1.0,1.0,333.0,0.0,0.0,1.0,-0.2041796,0.0,-0.0,0.0,-1.9232479e-05,-0.20416036,0.5393512,6.7734537,0.26958495,11.790429,1.1585382,10.459191,0.0,6.196914,1.8172879,0.8101852,100.99072,1.0,0.0,0.0,0.0,0.0,0,10.500035,0.0,1.4521207,0.0,6.5148206,3.9964447,0.0,0.0,0.990922,2.6443236
1,431,432.0,10.0,1.0,1.0,333.0,0.0,0.0,1.0,-0.2069131,0.0,-0.0,0.0,-2.107771e-05,-0.20689201,0.5509954,6.783528,0.28758237,11.956576,1.1686876,10.456943,0.0,6.257114,1.9480418,0.8101852,101.01405,1.0,0.0,0.0,0.0,0.0,0,9.653611,0.0,0.70248336,0.0,7.430001,3.9157882,0.0,0.0,1.0831752,2.534109
1,432,433.0,10.0,1.0,1.0,333.0,0.0,0.0,1.0,-0.21133232,0.0,-0.0,0.0,-2.1431508e-05,-0.2113109,0.56900644,6.7872343,0.29591152,12.232959,1.1765208,10.445694,0.0,6.502673,2.0917532,0.8101852,101.04631,1.0,0.0,0.0,0.0,0.0,0,8.5755825,0.0,0.85434854,0.0,4.7642174,3.7940207,0.0,0.0,1.0327535,2.396712
1,433,434.0,10.0,1.0,1.0,333.0,0.0,0.0,1.0,-0.21576017,0.0,-0.0,0.0,-2.1939362e-05,-0.21573824,0.5959772,6.781962,0.31382042,12.489449,1.1804281,10.454844,0.0,6.701829,2.3640711,0.8101852,101.07091,1.0,0.0,0.0,0.0,0.0,0,9.670596,0.0,1.0970817,0.0,5.4840417,3.913395,0.0,0.0,1.2123058,2.29501
1,434,435.0,10.0,1.0,1.0,333.0,0.0,0.0,1.0,-0.21834417,0.0,-0.0,0.0,-2.1165813e-05,-0.218323,0.6027825,6.805845,0.33018598,12.637641,1.1894898,10.461739,0.0,6.8094196,2.3745737,0.8101852,101.09497,1.0,0.0,0.0,0.0,0.0,0,10.243133,0.0,1.2806978,0.0,5.375867,3.9339116,0.0,0.0,1.3892926,2.2647588
1,435,436.0,10.0,1.0,1.0,333.0,0.0,0.0,1.0,-0.22087274,0.0,-0.0,0.0,-2.1805346e-05,-0.22085094,0.60454345,6.8325377,0.347549,12.774794,1.1954132,10.476262,0.0,6.852832,2.3690042,0.8101852,101.12205,1.0,0.0,0.0,0.0,0.0,0,10.0603485,0.0,1.2363133,0.0,5.0071745,3.7831588,0.0,0.0,1.4083315,2.094004
1,436,437.0,10.0,1.0,1.0,333.0,0.0,0.0,1.0,-0.22459356,0.0,-0.0,0.0,-2.2448663e-05,-0.22457111,0.59743077,6.8455667,0.36689785,12.924642,1.1916491,10.5496235,0.0,6.891192,2.2620597,0.8101852,101.13606,1.0,0.0,0.0,0.0,0.0,0,9.73906,0.0,1.1732085,0.0,4.725759,3.7481914,0.0,0.0,1.3663864,2.1755614
1,437,438.0,10.0,1.0,1.0,333.0,0.0,0.0,1.0,-0.23024976,0.0,-0.0,0.0,-2.2103393e-05,-0.23022766,0.6186627,6.858112,0.3902463,13.199372,1.1951352,10.614285,0.0,7.0324917,2.50329,0.8101852,101.149,1.0,0.0,0.0,0.0,0.0,0,9.88573,0.0,1.4221818,0.0,4.1049786,3.5391834,0.0,0.0,1.3279493,2.063908
1,438,439.0,10.0,1.0,1.0,333.0,0.0,0.0,1.0,-0.23541775,0.0,-0.0,0.0,-2.2533364e-05,-0.23539522,0.6230928,6.857855,0.40756714,13.433415,1.1910484,10.690295,0.0,7.1613855,2.5255308,0.8101852,101.152504,1.0,0.0,0.0,0.0,0.0,0,9.655554,0.0,1.265132,0.0,3.7743623,3.5536842,0.0,0.0,1.3844514,2.0570364
1,439,440.0,10.0,1.0,1.0,333.0,0.0,0.0,1.0,-0.2437478,0.0,-0.0,0.0,-2.3099226e-05,-0.2437247,0.67924076,6.8560133,0.43758145,13.878991,1.1931665,10.744489,0.0,7.564288,3.1089456,0.8101852,101.15769,1.0,0.0,0.0,0.0,0.0,0,9.88909,0.0,1.3812705,0.0,3.953828,3.263253,0.0,0.0,1.3085815,1.8101115
1,440,441.0,10.0,1.0,1.0,333.0,0.0,0.0,1.0,-0.25444204,0.0,-0.0,0.0,-2.3970035e-05,-0.25441808,0.7464998,6.8435097,0.47690523,14.4527445,1.1922731,10.812339,0.0,8.0224285,3.861592,0.8101852,101.17173,1.0,0.0,0.0,0.0,0.0,0,9.05681,0.0,1.1792678,0.0,2.1786308,3.1638954,0.0,0.0,1.3882741,1.746403
1,441,442.0,10.0,1.0,1.0,333.0,0.0,0.0,1.0,-0.2673584,0.0,-0.0,0.0,-2.7006356e-05,-0.2673314,0.83427095,6.845803,0.53607213,15.186732,1.1922868,10.85315,0.0,8.650992,4.8283377,0.8101852,101.19139,1.0,0.0,0.0,0.0,0.0,0,8.379105,0.0,1.3211093,0.0,1.5492818,3.2954352,0.0,0.0,1.4866859,1.6705416
1,442,443.0,10.0,1.0,1.0,333.0,0.0,0.0,0.0,-0.2775547,0.0,-0.0,0.0,-2.8530307e-05,-0.27752617,0.8995116,6.86978,0.6121289,15.765534,1.1948504,10.886034,0.0,9.071749,5.5941873,0.8101852,101.19139,1.0,0.0,0.0,0.0,0.0,0,8.711205,0.0,1.03662,0.0,2.7917507,2.9611275,0.0,0.0,1.5166599,1.2983155
1,443,444.0,10.0,1.0,1.0,333.0,0.0,0.0,0.0,-0.43183467,0.0,-0.11913981,0.0,-3.6134894e-05,-0.31265873,1.1191398,6.918747,0.8208825,17.781849,1.1840396,10.977674,0.0,10.707412,8.148165,0.8101852,101.19139,1.0,0.0,0.0,0.0,0.0,0,9.639997,0.0,1.0949503,0.0,4.4771023,2.9523065,0.0,0.0,1.5661659,1.3228858
1,444,445.0,10.0,1.0,1.0,333.0,0.0,0.0,0.0,-0.6073372,0.0,-0.26691723,0.0,-3.7857244e-05,-0.3403821,1.2669172,6.9646215,0.94292593,19.327913,1.1747328,11.095012,0.0,11.978736,9.385757,0.8101852,101.19139,1.0,0.0,0.0,0.0,0.0,0,8.780454,0.0,0.55364823,0.796334,3.301074,2.7616105,0.0,0.0,1.5463196,1.031132
1,445,446.0,10.0,1.0,1.0,333.0,0.0,0.0,0.0,-0.6432223,0.0,-0.29399115,0.0,-4.1716998e-05,-0.3491894,1.2939911,6.9699874,0.98866296,19.75633,1.1633426,11.195033,0.0,12.296754,9.502492,0.8101852,101.19139,1.0,0.0,0.0,0.0,0.0,0,9.952454,0.0,0.55453724,0.87194514,3.2162805,2.8937435,0.0,0.0,1.7532551,0.953765
1,446,447.0,10.0,1.0,1.0,333.0,0.0,0.0,0.0,-0.67038643,0.0,-0.31502935,0.0,-4.402954e-05,-0.3553131,1.3150294,6.987758,1.0475361,20.26818,1.1528255,11.318785,0.0,12.623372,9.6168,0.8101852,101.19139,1.0,0.0,0.0,0.0,0.0,0,12.086269,0.0,0.63186806,1.3504788,5.115283,2.7640247,0.0,0.0,1.8590468,1.032722
1,447,448.0,10.0,1.0,1.0,333.0,0.0,0.0,0.0,-0.69437087,0.0,-0.3370842,0.0,-4.4058917e-05,-0.35724258,1.3370842,6.9939733,1.0931469,20.683672,1.1434854,11.434555,0.0,12.943145,9.650496,0.8101852,101.19139,1.0,0.0,0.0,0.0,0.0,0,11.873852,0.0,0.6827276,1.4773813,4.8899064,2.4333208,0.0,0.0,1.8226888,0.39305276
1,448,449.0,10.0,1.0,1.0,333.0,0.0,0.0,0.0,-0.70432645,0.0,-0.3438322,0.0,-4.806283e-05,-0.36044618,1.3438321,6.994112,1.1457052,21.118704,1.1320696,11.626771,0.0,13.258551,9.5868025,0.8101852,101.19139,1.0,0.0,0.0,0.0,0.0,0,11.867321,0.0,0.42180413,1.3120914,5.787383,2.3633115,0.0,0.0,1.5764337,0.0
1,449,450.0,10.0,1.0,1.0,333.0,0.0,0.0,0.0,-0.7328317,0.0,-0.37029627,0.0,-5.0014984e-05,-0.36248544,1.3702962,7.0043936,1.205882,21.599977,1.1285108,11.749126,0.0,13.659587,9.688444,0.8101852,101.19139,1.0,0.0,0.0,0.0,0.0,0,12.86571,0.0,0.46496993,2.4417598,5.5769625,2.2655118,0.0,0.0,1.87755,0.7570139
1,450,451.0,10.0,1.0,1.0,333.0,0.0,0.0,0.0,-0.76359534,0.0,-0.3998911,0.0,-5.224524e-05,-0.36365202,1.3998911,7.024458,1.2635708,22.095058,1.1250985,11.819121,0.0,14.064071,9.790795,0.8101852,101.19139,1.0,0.0,0.0,0.0,0.0,0,13.509127,0.0,0.41961715,1.9322298,7.2530875,2.2195835,0.0,0.0,2.00242,0.40439916
1,451,452.0,10.0,1.0,1.0,333.0,0.0,0.0,0.0,-0.76584005,0.0,-0.404015,0.0,-5.38239e-05,-0.3617712,1.404015,7.029679,1.3214059,22.490387,1.1058366,11.706272,0.0,14.376909,9.47387,0.8101852,101.19139,1.0,0.0,0.0,0.0,0.0,0,14.856752,0.0,0.39402413,2.150707,9.061075,1.9870217,0.0,0.0,1.633997,0.0
1,452,453.0,10.0,1.0,1.0,333.0,0.0,0.0,0.0,-0.711447,0.0,-0.3595421,0.0,-5.662178e-05,-0.3518483,1.3595421,7.04917,1.369606,22.85485,1.0795691,11.110898,0.0,14.646638,8.087034,0.8101852,101.19139,1.0,0.0,0.0,0.0,0.0,0,14.2605295,0.0,0.34015515,2.3703425,8.854831,1.7948081,0.0,0.0,1.6292465,0.0
1,453,454.0,10.0,1.0,1.0,333.0,0.0,0.0,1.0,-0.5773231,0.0,-0.2474634,0.0,-5.4015713e-05,-0.32980564,1.2474633,7.0660553,1.4320387,23.376667,1.0469747,9.788338,0.0,15.033324,4.9030685,0.8101852,101.20917,1.0,0.0,0.0,0.0,0.0,0,15.947583,0.0,0.26981005,2.412716,9.114125,1.4881994,0.0,0.0,1.1786761,0.0
1,454,455.0,10.0,1.0,1.0,333.0,0.0,0.0,1.0,-0.30097437,0.0,-0.0044303015,0.0,-5.048558e-05,-0.2964936,1.0044303,7.148896,1.5162306,24.130417,1.0741205,7.789614,0.0,15.536013,-1.3889941,0.8101852,101.302444,1.0,0.0,0.0,0.0,0.0,0,15.970399,0.0,0.2536818,1.5903032,10.690502,1.2668406,0.0,0.0,1.1092317,0.47266385
1,455,456.0,10.0,1.0,1.0,333.0,0.0,0.0,1.0,-0.29873815,0.0,-0.0,0.0,-4.7594513e-05,-0.29869056,0.7567916,7.315772,1.6192913,25.011955,1.2128274,7.9214334,0.0,16.064093,-8.30725,0.8101852,101.482475,1.0,0.0,0.0,0.0,0.0,0,17.00581,0.0,0.351795,0.22207221,11.941733,1.544136,0.0,0.0,1.2985015,0.5397416
1,456,457.0,10.0,1.0,1.0,333.0,0.0,0.0,1.0,-0.30620238,0.0,-0.0,0.0,-4.4255627e-05,-0.30615813,0.7560443,7.45339,1.742471,26.164362,1.2590883,8.369486,0.0,16.63742,-9.853253,0.8101852,101.69362,1.0,0.0,0.0,0.0,0.0,0,17.831707,0.0,0.0,0.6360764,12.507571,1.6797048,0.0,0.0,1.3264009,0.4452483
1,457,458.0,10.0,1.0,1.0,333.0,0.0,0.0,1.0,-0.30278748,0.0,-0.0,0.0,-4.221148e-05,-0.30274528,0.7639047,7.525305,1.7933336,26.6592,1.2422097,8.164717,0.0,16.615698,-10.005287,0.8101852,101.81818,1.0,0.0,0.0,0.0,0.0,0,17.508635,0.0,0.0,0.0,9.68271,1.2095823,0.0,0.0,1.0891551,0.37739348
1,458,459.0,10.0,1.0,1.0,333.0,0.0,0.0,1.0,-0.30154505,0.0,-0.0,0.0,-4.47038e-05,-0.30150035,0.7891614,7.5707145,1.8629315,27.265734,1.2384014,8.09002,0.0,16.82149,-10.102241,0.8101852,101.92322,1.0,0.0,0.0,0.0,0.0,0,15.68827,0.0,0.0,0.0,9.820472,1.1381999,0.0,0.0,1.2752172,0.25211638
1,459,460.0,10.0,1.0,1.0,333.0,0.0,0.0,1.0,-0.29886514,0.0,-0.0,0.0,-4.936617e-05,-0.2988158,0.79010576,7.606745,1.9166138,27.700684,1.2340364,7.928946,0.0,16.857857,-10.15669,0.8101852,101.999344,1.0,0.0,0.0,0.0,0.0,0,16.016521,0.0,0.0,0.0,10.050156,1.0868436,0.0,0.0,1.1294874,0.40219903
1,460,461.0,10.0,1.0,1.0,333.0,0.0,0.0,1.0,-0.29708725,0.0,-0.0,0.0,-4.844969e-05,-0.2970388,0.8139506,7.6527877,1.9901911,28.560158,1.2373754,7.8223267,0.0,17.137924,-10.253049,0.8101852,102.12809,1.0,0.0,0.0,0.0,0.0,0,13.528773,0.0,0.0,0.0,10.070706,1.0669632,0.0,0.0,1.040129,0.43438798
1,461,462.0,10.0,1.0,1.0,333.0,0.0,0.0,1.0,-0.2939942,0.0,-0.0,0.0,-4.952169e-05,-0.29394466,0.8007891,7.66834,2.028235,28.943045,1.2352418,7.6366787,0.0,17.088776,-10.237373,0.8101852,102.18499,1.0,0.0,0.0,0.0,0.0,0,16.38206,0.0,0.0,0.0,10.689522,1.3045518,0.0,0.0,1.0230348,0.68446374
1,462,463.0,10.0,1.0,1.0,333.0,0.0,0.0,1.0,-0.2897684,0.0,-0.0,0.0,-5.1181694e-05,-0.28971723,0.77635384,7.6933527,2.0625474,29.23157,1.2294369,7.383033,0.0,16.931034,-10.20075,0.8101852,102.23959,1.0,0.0,0.0,0.0,0.0,0,17.096283,0.0,0.0,0.0,9.361714,0.92381746,0.0,0.0,0.9211913,0.4448424
1,463,464.0,10.0,1.0,1.0,333.0,0.0,0.0,1.0,-0.2867043,0.0,-0.0,0.0,-4.851226e-05,-0.28665578,0.7698096,7.710098,2.110757,29.647684,1.2334473,7.199347,0.0,16.989664,-10.188954,0.8101852,102.293884,1.0,0.0,0.0,0.0,0.0,0,15.559492,0.0,0.0,0.0,8.1708555,0.7829735,0.0,0.0,0.49862993,0.48936898
1,464,465.0,10.0,1.0,1.0,333.0,0.0,0.0,1.0,-0.28343794,0.0,-0.0,0.0,-5.034204e-05,-0.2833876,0.7485591,7.734996,2.167571,29.950245,1.230097,7.0032554,0.0,16.901787,-10.162398,0.8101852,102.34218,1.0,0.0,0.0,0.0,0.0,0,14.906819,0.0,0.0,0.0,8.092272,0.5250924,0.0,0.0,0.30517069,0.39080998
1,465,466.0,10.0,1.0,1.0,333.0,0.0,0.0,1.0,-0.28164682,0.0,-0.0,0.0,-4.7263515e-05,-0.28159955,0.77092946,7.747998,2.2350945,30.556253,1.2467173,6.895973,0.0,17.215738,-10.190878,0.8101852,102.397224,1.0,0.0,0.0,0.0,0.0,0,13.852617,0.0,0.0,0.0,7.8205786,0.62832725,0.0,0.0,0.3326585,0.53248966
1,466,467.0,10.0,1.0,1.0,333.0,0.0,0.0,1.0,-0.28123382,0.0,-0.0,0.0,-4.9411883e-05,-0.2811844,0.738509,7.755322,2.2685914,30.626963,1.2494754,6.745795,0.0,17.036457,-10.108128,0.8101852,102.409935,1.0,0.0,0.0,0.0,0.0,0,14.585312,0.0,0.0,0.0,8.002142,0.6337364,0.0,0.0,0.3411843,0.51169413
1,467,468.0,10.0,1.0,1.0,333.0,0.0,0.0,1.0,-0.28298753,0.0,-0.0,0.0,-5.1552175e-05,-0.28293598,0.7263131,7.763492,2.327954,31.0558,1.2634879,6.6104684,0.0,17.119638,-10.063154,0.8101852,102.44586,1.0,0.0,0.0,0.0,0.0,0,13.182136,0.0,0.0,0.0,6.546841,0.49538544,0.0,0.0,0.09498256,0.41987413
1,468,469.0,10.0,1.0,1.0,333.0,0.0,0.0,1.0,-0.28554168,0.0,-0.0,0.0,-5.6598805e-05,-0.2854851,0.7270407,7.753756,2.404319,31.465792,1.2838806,6.4909225,0.0,17.291605,-9.990394,0.8101852,102.46603,1.0,0.0,0.0,0.0,0.0,0,13.874645,0.0,0.0,0.0,7.0484395,0.600967,0.0,0.0,0.29304576,0.4415446
1,469,470.0,10.0,1.0,1.0,333.0,0.0,0.0,1.0,-0.2862359,0.0,-0.0,0.0,-5.3637206e-05,-0.28618225,0.68149453,7.7627444,2.4313033,31.513266,1.2894579,6.4117794,0.0,17.066214,-9.861417,0.8101852,102.47512,1.0,0.0,0.0,0.0,0.0,0,13.251962,0.0,0.0,0.0,6.3361707,0.4706556,0.0,0.0,0.12077947,0.5778979
1,470,471.0,10.0,1.0,1.0,333.0,0.0,0.0,1.0,-0.2882342,0.0,-0.0,0.0,-5.7309942e-05,-0.2881769,0.6713331,7.760857,2.4992485,31.867188,1.305415,6.307113,0.0,17.14403,-9.780781,0.8101852,102.4953,1.0,0.0,0.0,0.0,0.0,0,13.107471,0.0,0.0,0.0,5.662274,0.34980366,0.0,0.0,0.03919134,0.48816478
1,471,472.0,10.0,1.0,1.0,333.0,0.0,0.0,1.0,-0.2898456,0.0,-0.0,0.0,-5.693757e-05,-0.28978863,0.641891,7.7654004,2.5536842,32.0944,1.3183091,6.2410884,0.0,17.043846,-9.649956,0.8101852,102.503456,1.0,0.0,0.0,0.0,0.0,0,11.3607,0.0,0.0,0.0,5.458106,0.3577901,0.0,0.0,0.022312827,0.5616592
1,472,473.0,10.0,1.0,1.0,333.0,0.0,0.0,1.0,-0.29138508,0.0,-0.0,0.0,-5.7437966e-05,-0.29132766,0.60584694,7.7695527,2.5942166,32.291084,1.3306211,6.228529,0.0,16.869947,-9.595623,0.8101852,102.50766,1.0,0.0,0.0,0.0,0.0,0,12.420605,0.0,0.0,0.0,5.387672,0.4507385,0.0,0.0,0.0,0.7356637
1,473,474.0,10.0,1.0,1.0,333.0,0.0,0.0,1.0,-0.29169893,0.0,-0.0,0.0,-5.611662e-05,-0.2916428,0.5568646,7.7786236,2.6279209,32.510143,1.3331424,6.219596,0.0,16.576744,-9.6709585,0.8101852,102.52476,1.0,0.0,0.0,0.0,0.0,0,11.146384,0.0,0.0,0.0,4.842048,0.5667126,0.0,0.0,0.0,0.8200078
1,474,475.0,10.0,1.0,1.0,333.0,0.0,0.0,1.0,-0.2918479,0.0,-0.0,0.0,-4.990913e-05,-0.291798,0.4947517,7.783974,2.6165574,32.332325,1.3343838,6.3531322,0.0,16.129005,-9.776355,0.8101852,102.54828,1.0,0.0,0.0,0.0,0.0,0,11.402354,0.0,0.0,0.0,3.5965054,0.51925284,0.0,0.0,0.0,0.9649571
1,475,476.0,10.0,1.0,1.0,333.0,0.0,0.0,1.0,-0.29069597,0.0,-0.0,0.0,-4.8487902e-05,-0.29064748,0.42825565,7.7912173,2.6100771,32.29064,1.3251798,6.5490546,0.0,15.62901,-9.79272,0.8101852,102.55553,1.0,0.0,0.0,0.0,0.0,0,10.67142,0.0,0.0,0.0,1.7156184,0.37665272,0.0,0.0,0.0,0.6134827
1,476,477.0,10.0,1.0,1.0,333.0,0.0,0.0,1.0,-0.2871267,0.0,-0.0,0.0,-5.2559662e-05,-0.28707412,0.3166169,7.794378,2.5814693,31.82324,1.296593,6.8678656,0.0,14.781776,-9.7544365,0.8101852,102.601074,1.0,0.0,0.0,0.0,0.0,0,12.378886,0.0,0.0,0.0,2.598794,0.4188271,0.0,0.0,0.0,0.6952336
1,477,478.0,10.0,1.0,1.0,333.0,0.0,0.0,1.0,-0.2941326,0.0,-0.0,0.0,-5.1269508e-05,-0.29408133,0.15938935,7.807533,2.5282426,31.151361,1.2516114,7.6448793,0.0,13.627765,-9.614999,0.8101852,102.67112,1.0,0.0,0.0,0.0,0.0,0,11.501819,0.0,0.0,0.0,0.75512904,0.4982948,0.0,0.0,0.0,0.8972035
1,478,479.0,10.0,1.0,1.0,333.0,0.0,0.0,1.0,-0.3172747,0.0,-0.0,0.0,-4.689401e-05,-0.31722778,0.099137425,7.806014,2.4286225,29.93597,1.1869693,9.033666,0.0,11.836595,-9.289483,0.8101852,102.778885,1.0,0.0,0.0,0.0,0.0,0,11.141064,0.0,0.0,0.0,0.0,0.6076311,0.0,0.0,0.0,0.9704431
1,479,480.0,10.0,1.0,1.0,333.0,0.0,0.0,1.0,-0.3833925,0.0,-0.0,0.0,-3.742906e-05,-0.38335508,0.52266866,7.832852,2.2159717,27.736696,1.0604143,13.001305,0.0,8.895652,-8.584167,0.8101852,102.886406,1.0,0.0,0.0,0.0,0.0,0,8.622563,0.0,0.0,0.0,0.0,0.2799601,0.0,0.0,0.13292156,0.6828897
1,480,481.0,10.0,1.0,1.0,333.0,0.0,0.0,1.0,-0.35831887,0.0,-0.0,0.0,-3.695461e-05,-0.3582819,0.5429195,7.7471914,2.1802685,27.567497,1.0769264,11.496914,0.0,8.740015,-9.211835,0.8101852,102.97208,1.0,0.0,0.0,0.0,0.0,0,8.708052,0.0,0.0,0.0,0.0,0.2531972,0.058507517,0.0,0.0,0.53782564
1,481,482.0,10.0,1.0,1.0,333.0,0.0,0.0,1.0,-0.3528495,0.0,-0.0,0.0,-4.2932657e-05,-0.35280657,0.5509578,7.716146,2.1860669,27.62626,1.0780681,11.168392,0.0,8.524405,-9.218869,0.8101852,103.00964,1.0,0.0,0.0,0.0,0.0,0,7.131054,0.0,0.0,0.0,0.0,0.4364935,0.23107493,0.0,0.0,0.86274576
1,482,483.0,10.0,1.0,1.0,333.0,0.0,0.0,1.0,-0.34492642,0.0,-0.0,0.0,-4.1727515e-05,-0.3448847,0.54403657,7.701243,2.207124,27.856157,1.0838165,10.693082,0.0,8.501172,-9.219049,0.8101852,103.02458,1.0,0.0,0.0,0.0,0.0,0,6.4617825,0.0,0.0,0.0,0.0,0.4906297,0.8507981,0.0,0.0,0.78238606
1,483,484.0,10.0,1.0,1.0,333.0,0.0,0.0,1.0,-0.3408796,0.0,-0.0,0.0,-4.2998767e-05,-0.34083658,0.53973943,7.694978,2.2572355,28.066355,1.0877281,10.450194,0.0,8.523967,-9.190249,0.8101852,103.03101,1.0,0.0,0.0,0.0,0.0,0,5.6926894,0.0,0.0,0.0,0.0,0.61707956,1.4643527,0.0,0.0,0.93853563
1,484,485.0,10.0,1.0,1.0,333.0,0.0,0.0,1.0,-0.33564082,0.0,-0.0,0.0,-3.766872e-05,-0.33560315,0.5246969,7.6819344,2.287401,28.29646,1.0932928,10.1361885,0.0,8.603639,-9.132784,0.8101852,103.04459,1.0,0.0,0.0,0.0,0.0,0,5.0025,0.0,0.0,0.0,0.0,0.88044965,1.6157495,0.0,0.0,0.92574334
1,485,486.0,10.0,1.0,1.0,333.0,0.0,0.0,1.0,-0.33186358,0.0,-0.0,0.0,-3.694693e-05,-0.33182663,0.5096849,7.6722994,2.3269453,28.525082,1.0954744,9.909596,0.0,8.6962385,-9.039095,0.8101852,103.05468,1.0,0.0,0.0,0.0,0.0,0,4.8280234,0.0,0.0,0.0,0.0,0.9576652,1.3186361,0.0,0.0,0.969811
1,486,487.0,10.0,1.0,1.0,333.0,0.0,0.0,1.0,-0.32731193,0.0,-0.0,0.0,-3.7005946e-05,-0.32727492,0.49288255,7.637915,2.3286417,28.618416,1.1110624,9.636494,0.0,8.701025,-8.840924,0.8101852,103.09336,1.0,0.0,0.0,0.0,0.0,0,4.061788,0.0,0.0,0.0,0.0,1.0560567,1.6316941,0.0,0.0,0.9096244
1,487,488.0,10.0,1.0,1.0,333.0,0.0,0.0,1.0,-0.32370004,0.0,-0.0,0.0,-3.681183e-05,-0.32366323,0.48384443,7.5992427,2.3340578,28.67562,1.123917,9.419793,0.0,8.710954,-8.63936,0.8101852,103.14255,1.0,0.0,0.0,0.0,0.0,0,3.6245563,0.0,0.0,0.0,0.0,1.4738694,1.2950885,0.0,0.0,0.80465186
1,488,489.0,10.0,1.0,1.0,333.0,0.0,0.0,1.0,-0.32183024,0.0,-0.0,0.0,-3.586578e-05,-0.3217944,0.47280324,7.5807223,2.3572593,28.824041,1.1356004,9.307663,0.0,8.836934,-8.563092,0.8101852,103.168335,1.0,0.0,0.0,0.0,0.0,0,3.3755503,0.0,0.0,0.0,0.0,1.654938,0.9939805,0.0,0.0,0.9597682
1,489,490.0,10.0,1.0,1.0,333.0,0.0,0.0,1.0,-0.32121575,0.0,-0.0,0.0,-3.570031e-05,-0.32118005,0.4636176,7.534101,2.3546968,28.748674,1.1481789,9.2708025,0.0,8.788205,-8.407657,0.8101852,103.23472,1.0,0.0,0.0,0.0,0.0,0,2.3076618,0.0,0.0,0.0,0.0,1.6771381,1.2467432,0.0,0.0,1.2040396
1,490,491.0,10.0,1.0,1.0,333.0,0.0,0.0,1.0,-0.32282597,0.0,-0.0,0.0,-3.57887e-05,-0.32279018,0.41416493,7.4590125,2.3334455,28.448072,1.1504073,9.36741,0.0,8.499231,-7.516088,0.8101852,103.311226,1.0,0.0,0.0,0.0,0.0,0,2.7296784,0.0,0.0,0.0,1.3545287,1.782591,1.273284,0.0,0.0,1.3075421
1,491,492.0,10.0,1.0,1.0,333.0,0.0,0.0,1.0,-0.32361588,0.0,-0.0,0.0,-3.7211972e-05,-0.32357866,0.3274184,7.2098045,2.2057188,27.265905,1.1521084,9.414718,0.0,8.325012,-6.4446173,0.8101852,103.56625,1.0,0.0,0.0,0.0,0.0,0,2.6055963,0.0,0.0,0.0,0.9239199,2.033786,1.2834007,0.0,0.0,1.2678598
1,492,493.0,10.0,1.0,1.0,333.0,0.0,0.0,1.0,-0.3239413,0.0,-0.0,0.0,-3.839053e-05,-0.3239029,0.23268479,6.856481,2.0257015,25.583635,1.1555406,9.434173,0.0,8.199846,-5.361947,0.8101852,103.92212,1.0,0.0,0.0,0.0,0.0,0,3.0676792,0.0,0.0,0.0,0.5286681,2.1212313,1.2837498,0.0,0.0,1.2997718
1,493,494.0,10.0,1.0,1.0,333.0,0.0,0.0,1.0,-0.3237959,0.0,-0.0,0.0,-3.704056e-05,-0.32375887,0.09962469,6.437682,1.8243663,23.887108,1.1604943,9.425531,0.0,8.56066,-4.0144715,0.8101852,104.346344,1.0,0.0,0.0,0.0,0.0,0,3.254395,0.0,0.0,0.0,0.5042698,2.1839123,1.3434466,0.0,0.0,1.3938231
1,494,495.0,10.0,1.0,1.0,333.0,0.0,0.0,1.0,-0.3229621,0.0,-0.0,0.0,-3.676911e-05,-0.32292533,0.0077569857,6.048022,1.6408924,22.3191,1.1674197,9.37552,0.0,8.727692,-3.1961277,0.8101852,104.73768,1.0,0.0,0.0,0.0,0.0,0,2.518167,0.0,0.0,0.0,1.4518163,2.2592688,1.4387959,0.0,0.0,1.5905316
1,495,496.0,10.0,1.0,1.0,333.0,0.0,0.0,1.0,-0.32030284,0.0,-0.0,0.0,-3.261742e-05,-0.32027024,0.050149858,5.774407,1.5258763,21.399967,1.183897,9.216213,0.0,9.078354,-2.995086,0.8101852,105.01238,1.0,0.0,0.0,0.0,0.0,0,3.1585817,0.0,0.0,0.0,1.6427187,2.2951112,1.3093135,0.0,0.0,1.4844329
1,496,497.0,10.0,1.0,1.0,333.0,0.0,0.0,1.0,-0.31673506,0.0,-0.0,0.0,-3.145637e-05,-0.3167036,0.12393221,5.470076,1.4282492,21.039167,1.2044481,9.002214,0.0,10.226431,-3.3110445,0.8101852,105.31672,1.0,0.0,0.0,0.0,0.0,0,3.2568262,0.0,0.0,0.0,0.7308723,2.3062565,1.343336,0.0,0.0,1.6182309
1,497,498.0,10.0,1.0,1.0,333.0,0.0,0.0,1.0,-0.3129857,0.0,-0.0,0.0,-3.3619715e-05,-0.31295207,0.19228645,5.0634747,1.3076826,20.715492,1.2252843,8.777123,0.0,11.712954,-4.115372,0.8101852,105.723335,1.0,0.0,0.0,0.0,0.0,0,3.2503953,0.0,0.0,0.0,0.0,2.3313992,1.4732777,0.0,0.0,1.8518106
1,498,499.0,10.0,1.0,1.0,334.0,1.0,1.0,1.0,0.6950866,1.0,-0.0,0.0,-3.5668192e-05,-0.30487773,0.22270307,4.571831,1.2267095,20.531885,1.2576857,8.292663,0.0,13.25581,-4.630029,0.8101852,106.216,1.0,0.0,0.0,0.0,0.0,0,3.0670896,0.0,0.0,0.95479935,0.0,2.1550303,1.4594319,0.0,0.0,1.6102893
1,499,500.0,10.0,1.0,1.0,335.0,1.0,1.0,1.0,0.76762116,1.0,-0.0,0.0,-3.810832e-05,-0.23234072,0.22413395,4.4096804,1.0928392,16.162327,1.3704154,6.3192687,0.0,8.454868,-8.106878,0.8101852,106.992805,1.0,0.0,0.0,0.0,0.0,0,3.208953,0.0,0.0,0.0,6.3467746,1.4421625,2.563646,0.0,0.0,2.043549
1,500,501.0,10.0,1.0,1.0,336.0,1.0,1.0,1.0,0.7642811,1.0,-0.0,0.0,-2.7071324e-05,-0.23569185,0.2140848,4.155039,1.0745448,16.258053,1.3844607,6.3283086,0.0,8.453752,-7.813874,0.8101852,107.551,1.0,0.0,0.0,0.0,0.0,0,2.1909547,0.0,0.0,0.0,4.6812916,1.2473539,1.6293242,0.0,0.0,1.8811544
1,501,502.0,10.0,1.0,1.0,337.0,1.0,1.0,1.0,0.7207471,1.0,-0.0,0.0,-3.0468284e-05,-0.27922246,0.051359087,3.862905,1.1468014,19.105837,1.353001,6.76029,0.0,13.064802,-7.23254,0.8101852,107.79478,1.0,0.0,0.0,0.0,0.0,0,4.1616573,0.0,0.0,0.40507305,0.0,1.5844713,1.0153222,0.0,0.0,2.0747304
1,502,503.0,10.0,1.0,1.0,338.0,1.0,1.0,1.0,0.7174322,1.0,-0.0,0.0,-3.1930602e-05,-0.28253585,0.06529167,3.6868486,1.157088,18.96436,1.3983723,6.090594,0.0,13.167395,-7.19883,0.8101852,108.07179,1.0,0.0,0.0,0.0,0.0,0,4.3888745,0.0,0.0,0.73720074,0.0,0.7529922,0.99815285,0.0,0.0,1.5447172
1,503,504.0,10.0,1.0,1.0,339.0,1.0,1.0,1.0,0.7191488,1.0,-0.0,0.0,-3.865183e-05,-0.28081256,0.03781393,3.4722188,1.1797537,18.674387,1.4232489,7.0656033,0.0,13.279797,-7.2018495,0.8101852,108.15867,1.0,0.0,0.0,0.0,0.0,0,2.6319313,0.0,0.0,0.81958824,0.0,0.15353075,0.82882214,0.0,0.0,1.129384
1,504,505.0,10.0,1.0,1.0,340.0,1.0,1.0,1.0,0.6893149,1.0,-0.0,0.0,-4.514946e-05,-0.31063998,0.2581099,3.3212333,1.2172884,18.690758,1.5032915,9.94764,0.0,13.494456,-7.5723042,0.8101852,108.282486,1.0,0.0,0.0,0.0,0.0,0,3.4358308,0.0,0.0,1.2221967,0.0,0.0,0.0,0.0,0.0,0.26320642
1,505,506.0,10.0,1.0,1.0,341.0,1.0,1.0,1.0,0.5989404,1.0,-0.0,0.0,-3.9722345e-05,-0.40101993,0.594116,3.2550566,1.2559698,18.901983,1.7990729,15.159209,0.0,13.880881,-10.395248,0.8101852,108.49605,1.0,0.0,0.0,0.0,0.0,0,4.814532,0.0,0.0,1.7412199,1.2514,0.0,0.0,0.0,0.0,0.0
1,506,507.0,10.0,1.0,1.0,342.0,1.0,1.0,1.0,0.5943138,1.0,-0.0,0.0,-3.5050674e-05,-0.40565115,0.6172318,3.0050821,1.2790554,19.15311,1.8514382,15.185957,0.0,14.273612,-9.8635645,0.8101852,108.53861,1.0,0.0,0.0,0.0,0.0,0,5.1197042,0.0,0.0,2.2807245,1.0468038,0.51474696,0.0,0.0,0.0,0.0
1,507,508.0,10.0,1.0,1.0,343.0,1.0,1.0,1.0,0.5875274,1.0,-0.0,0.0,-3.0548705e-05,-0.41244206,0.61697775,2.780381,1.2894316,19.317942,1.9550592,15.42858,0.0,14.559119,-9.674208,0.8101852,108.61077,1.0,0.0,0.0,0.0,0.0,0,5.0230684,0.0,0.0,2.2054994,1.0932765,0.56190634,0.0,0.0,0.0,0.0
1,508,509.0,10.0,1.0,1.0,344.0,1.0,1.0,1.0,0.58482504,1.0,-0.0,0.0,-2.8990878e-05,-0.415146,0.6152006,2.5586848,1.3062781,19.229567,2.3276486,15.679192,0.0,14.822227,-9.685999,0.8101852,108.62259,1.0,0.0,0.0,0.0,0.0,0,5.9956474,0.0,0.0,2.6478465,2.3178022,0.0,0.0,0.0,0.0,0.0
1,509,510.0,10.0,1.0,1.0,345.0,1.0,1.0,1.0,0.5883106,1.0,-0.0,0.0,-3.6418292e-05,-0.41165298,0.6151708,2.3503208,1.3075,19.268663,2.2832353,15.430515,0.0,14.670861,-9.30357,0.8101852,108.695305,1.0,0.0,0.0,0.0,0.0,0,4.7677,0.0,0.0,1.9611117,1.537578,0.5995906,0.0,0.0,0.0,0.0
1,510,511.0,10.0,1.0,1.0,346.0,1.0,1.0,1.0,0.5847343,1.0,-0.0,0.0,-3.0798383e-05,-0.41523483,0.61920655,2.200046,1.3171666,19.374119,2.378603,15.53997,0.0,14.778659,-9.204387,0.8101852,108.87434,1.0,0.0,0.0,0.0,0.0,0,5.3794274,0.0,0.0,2.2013385,1.9557865,0.8109536,0.0,0.0,0.0,0.0
1,511,512.0,10.0,1.0,1.0,347.0,1.0,1.0,1.0,0.5802163,1.0,-0.0,0.0,-3.1311272e-05,-0.41975242,0.6208513,2.0296717,1.3271974,19.570328,2.3756433,15.614814,0.0,15.008404,-8.958334,0.8101852,108.88744,1.0,0.0,0.0,0.0,0.0,0,5.2594566,0.0,0.0,2.2973368,1.5215673,0.67864025,0.0,0.0,0.0,0.0
1,512,513.0,10.0,1.0,1.0,348.0,1.0,1.0,1.0,0.54708844,1.0,-0.0,0.0,-2.9016202e-05,-0.45288253,0.631574,1.9086301,1.3234808,19.590372,2.6776772,15.839022,0.0,15.015078,-9.685871,0.8101852,109.20128,1.0,0.0,0.0,0.0,0.0,0,4.822223,0.0,0.0,1.902264,1.5388623,0.72502023,0.0,0.0,0.0,0.0
1,513,514.0,10.0,1.0,1.0,349.0,1.0,1.0,1.0,0.5626342,1.0,-0.0,0.0,-3.1836033e-05,-0.43733397,0.63086337,1.764281,1.315541,19.616892,2.549753,15.561779,0.0,15.009434,-8.989831,0.8101852,109.24918,1.0,0.0,0.0,0.0,0.0,0,4.819361,0.0,0.0,2.0246763,1.3822393,0.2503535,0.0,0.0,0.0,0.0
1,514,515.0,10.0,1.0,1.0,350.0,1.0,1.0,1.0,0.52396923,1.0,-0.0,0.0,-3.340516e-05,-0.4759974,0.6441807,1.7125137,1.3210832,19.669985,2.8519807,15.751484,0.0,15.025461,-9.25413,0.8101852,109.57707,1.0,0.0,0.0,0.0,0.0,0,6.009524,0.0,0.0,2.4974642,1.9693618,0.9201808,0.0,0.0,0.0,0.0
1,515,516.0,10.0,1.0,1.0,351.0,1.0,1.0,1.0,0.5378693,1.0,-0.0,0.0,-3.5601344e-05,-0.46209514,0.63585114,1.6041229,1.3203739,19.7584,2.7289743,15.5668745,0.0,15.134177,-8.683585,0.8101852,109.59918,1.0,0.0,0.0,0.0,0.0,0,4.980242,0.0,0.16492751,2.1849847,1.680157,0.33532807,0.0,0.0,0.0,0.0
1,516,517.0,10.0,1.0,1.0,352.0,1.0,1.0,1.0,0.50897604,1.0,-0.0,0.0,-3.4293702e-05,-0.49098969,0.6536149,1.6008729,1.3189747,19.767912,2.9588623,15.769417,0.0,15.102409,-9.431971,0.8101852,109.828636,1.0,0.0,0.0,0.0,0.0,0,5.8233857,0.0,0.27957687,2.5154846,1.5613853,0.33159265,0.0,0.0,0.0,0.0
1,517,518.0,10.0,1.0,1.0,353.0,1.0,1.0,1.0,0.5266962,1.0,-0.0,0.0,-4.0847703e-05,-0.47326297,0.6363554,1.5007688,1.3204049,19.79964,2.8128183,15.446177,0.0,15.116101,-8.600376,0.8101852,109.85071,1.0,0.0,0.0,0.0,0.0,0,5.5939403,0.0,0.27447698,2.4252088,1.306121,0.4624556,0.0,0.0,0.0,0.0
1,518,519.0,10.0,1.0,1.0,354.0,1.0,1.0,1.0,0.50367707,1.0,-0.0,0.0,-3.7944163e-05,-0.49628496,0.65817815,1.5070224,1.3172427,19.860964,2.9888175,15.866906,0.0,15.222792,-9.29188,0.8101852,110.01134,1.0,0.0,0.0,0.0,0.0,0,5.765832,0.0,0.50150526,2.5832515,0.0,0.0,0.0,0.0,0.0,0.0
1,519,520.0,10.0,1.0,1.0,355.0,1.0,1.0,1.0,0.518218,1.0,-0.0,0.0,-4.1290605e-05,-0.4817407,0.64020586,1.4339365,1.3329118,19.920721,2.864496,15.507959,0.0,15.261438,-8.708303,0.8101852,110.02755,1.0,0.0,0.0,0.0,0.0,0,6.91974,0.0,0.46028194,3.0124507,0.0,0.7376118,0.0,0.0,0.0,0.0
1,520,521.0,10.0,1.0,1.0,356.0,1.0,1.0,1.0,0.508944,1.0,-0.0,0.0,-3.6429916e-05,-0.4910196,0.656968,1.428738,1.3332483,19.920206,2.938796,15.659299,0.0,15.259193,-9.163437,0.8101852,110.13334,1.0,0.0,0.0,0.0,0.0,0,6.570202,0.0,0.40788937,3.0603971,0.0,0.8425708,0.0,0.0,0.0,0.0
1,521,522.0,10.0,1.0,1.0,357.0,1.0,1.0,1.0,-9.000036,1.0,-0.0,-10.0,-3.6545265e-05,-0.0,0.6644497,1.4154334,1.3283682,19.860212,3.0559459,15.796133,0.0,15.204091,-9.301515,0.8101852,110.18257,1.0,1.0,1.0,0.0,0.0,1,6.005639,0.0,0.6083614,2.8252366,0.0,0.0,0.0,0.0,0.0,0.0
