env,step,row,release_row,released,certified,k,gate_ok,can,contact,reward,r_adv,r_leash,r_bonus,r_act,r_soft,e_n_cm,e_xy_cm,dp_plate_cm,dr_plate_deg,dp_sponge_cm,dr_sponge_deg,within,plate_tilt_deg,gap_mm,coverage,travel_cm,success,died,die_kind,cross_any,dq_re_deg,done,F_L_thumb,F_L_index,F_L_middle,F_L_ring,F_L_pinky,F_R_thumb,F_R_index,F_R_middle,F_R_ring,F_R_pinky
0,0,1.0,10.0,0.0,0.0,0.0,0.0,0.0,1.0,-9.136094e-05,0.0,-0.0,0.0,-9.136094e-05,-0.0,0.3376199,0.54619706,0.0,0.0,0.0,0.0,1.0,0.24866034,-10.998153,0.20833333,0.0,0.0,0.0,0.0,0.0,0.0,0,0.0,0.0,2.4302227,0.0,0.0,0.0,0.0,0.0,0.0,0.0
1,0,1.0,10.0,0.0,0.0,0.0,0.0,0.0,1.0,-9.149751e-05,0.0,-0.0,0.0,-9.149751e-05,-0.0,0.35908464,0.6675315,0.0,0.0,0.0,0.0,1.0,0.06561061,-10.163013,0.21296297,0.0,0.0,0.0,0.0,0.0,0.0,0,2.6939535,0.0,2.1167963,0.0,0.0,0.0,0.0,0.0,0.0,0.0
2,0,1.0,10.0,0.0,0.0,0.0,0.0,0.0,1.0,-9.1082e-05,0.0,-0.0,0.0,-9.1082e-05,-0.0,0.3943881,0.66241634,0.0,0.0,0.0,0.0,1.0,0.06561061,-10.426356,0.20833333,0.0,0.0,0.0,0.0,0.0,0.0,0,3.532631,0.0,1.5077513,0.0,0.0,0.0,0.0,0.0,0.0,0.0
3,0,1.0,10.0,0.0,0.0,0.0,0.0,0.0,1.0,-9.112315e-05,0.0,-0.0,0.0,-9.112315e-05,-0.0,0.37011355,0.6073697,0.0,0.0,0.0,0.0,1.0,0.19583526,-10.82893,0.20833333,0.0,0.0,0.0,0.0,0.0,0.0,0,0.0,0.0,2.4295251,0.0,0.10409371,0.0,0.0,0.0,0.0,0.0
0,1,2.0,10.0,0.0,0.0,0.0,0.0,0.0,1.0,-0.00011537946,0.0,-0.0,0.0,-0.00011537946,-0.0,0.4419081,0.5281703,0.0,0.0,0.0,0.0,1.0,0.5319225,-8.548263,0.2361111,0.17188852,0.0,0.0,0.0,0.0,0.0,0,7.8998585,0.0,1.3099804,0.0,0.042634092,0.0,0.0,0.0,0.0,0.0
1,1,2.0,10.0,0.0,0.0,0.0,0.0,0.0,1.0,-0.000103464954,0.0,-0.0,0.0,-0.000103464954,-0.0,0.45179632,0.6032809,0.0,0.0,0.0,0.0,1.0,0.20747904,-8.957622,0.22685185,0.09235818,0.0,0.0,0.0,0.0,0.0,0,9.728758,0.0,3.0951376,0.0,5.7716837,0.0,0.0,0.0,0.0,0.0
2,1,2.0,10.0,0.0,0.0,0.0,0.0,0.0,1.0,-9.745671e-05,0.0,-0.0,0.0,-9.745671e-05,-0.0,0.43005198,0.35283092,0.0,0.0,0.0,0.0,1.0,0.32565883,-9.237687,0.24537037,0.32279986,0.0,0.0,0.0,0.0,0.0,0,3.607538,0.0,4.4577894,0.0,14.215389,0.0,0.0,0.0,0.0,0.0
3,1,2.0,10.0,0.0,0.0,0.0,0.0,0.0,1.0,-0.00011690324,0.0,-0.0,0.0,-0.00011690324,-0.0,0.4371885,0.43052185,0.0,0.0,0.0,0.0,1.0,0.33630025,-8.522836,0.24074075,0.19438231,0.0,0.0,0.0,0.0,0.0,0,3.7673674,0.024476623,5.5499935,0.0,5.988024,0.0,0.0,0.0,0.0,0.0
0,2,3.0,10.0,0.0,0.0,0.0,0.0,0.0,1.0,-7.378508e-05,0.0,-0.0,0.0,-7.378508e-05,-0.0,0.45016855,0.5425183,0.0,0.0,0.0,0.0,1.0,0.29208308,-8.7902775,0.2361111,0.21800634,0.0,0.0,0.0,0.0,0.0,0,6.751646,1.8717277,0.856967,0.0,2.3749602,0.0,0.0,0.0,0.0,0.0
1,2,3.0,10.0,0.0,0.0,0.0,0.0,0.0,1.0,-0.00011819307,0.0,-0.0,0.0,-0.00011819307,-0.0,0.43868497,0.5436121,0.0,0.0,0.0,0.0,1.0,0.2121421,-8.4456415,0.23148148,0.22520502,0.0,0.0,0.0,0.0,0.0,0,7.704613,1.3051159,2.0913734,0.0,3.3740342,0.0,0.0,0.0,0.0,0.0
2,2,3.0,10.0,0.0,0.0,0.0,0.0,0.0,1.0,-0.00014607134,0.0,-0.0,0.0,-0.00014607134,-0.0,0.42826012,0.3147486,0.0,0.0,0.0,0.0,1.0,0.4316007,-9.650058,0.24537037,0.46720397,0.0,0.0,0.0,0.0,0.0,0,4.5836906,0.0,4.0554786,0.0,10.808918,0.0,0.0,0.0,0.0,0.0
3,2,3.0,10.0,0.0,0.0,0.0,0.0,0.0,1.0,-0.0001268294,0.0,-0.0,0.0,-0.0001268294,-0.0,0.48473552,0.4900374,0.0,0.0,0.0,0.0,1.0,0.2832403,-8.945972,0.24074075,0.28279468,0.0,0.0,0.0,0.0,0.0,0,10.801583,1.1317323,1.523467,0.0,1.8438294,0.0,0.0,0.0,0.0,0.0
0,3,4.0,10.0,0.0,0.0,0.0,0.0,0.0,1.0,-8.635515e-05,0.0,-0.0,0.0,-8.635515e-05,-0.0,0.39439592,0.5349387,0.0,0.0,0.0,0.0,1.0,0.31216043,-8.325419,0.24537037,0.2456622,0.0,0.0,0.0,0.0,0.0,0,4.3401356,2.7030022,2.8951948,0.0,4.075033,0.38171017,0.0,0.0,0.0,7.274544
1,3,4.0,10.0,0.0,0.0,0.0,0.0,0.0,1.0,-8.2649385e-05,0.0,-0.0,0.0,-8.2649385e-05,-0.0,0.43132398,0.6216247,0.0,0.0,0.0,0.0,1.0,0.3861366,-7.575299,0.24074075,0.3032179,0.0,0.0,0.0,0.0,0.0,0,12.894459,1.7931833,2.4539888,0.0,2.5527759,0.0,0.0,0.0,0.0,7.843037
2,3,4.0,10.0,0.0,0.0,0.0,0.0,0.0,1.0,-8.187882e-05,0.0,-0.0,0.0,-8.187882e-05,-0.0,0.44591725,0.52671903,0.0,0.0,0.0,0.0,1.0,0.2748253,-9.347225,0.24537037,0.7269534,0.0,0.0,0.0,0.0,0.0,0,7.387454,2.189298,1.9019696,0.0,2.2166228,0.2979161,0.0,0.0,0.0,6.349655
3,3,4.0,10.0,0.0,0.0,0.0,0.0,0.0,1.0,-7.9099365e-05,0.0,-0.0,0.0,-7.9099365e-05,-0.0,0.43512267,0.44885808,0.0,0.0,0.0,0.0,1.0,0.4833549,-9.060116,0.24537037,0.35054824,0.0,0.0,0.0,0.0,0.0,0,2.7085466,1.8964957,3.758594,0.0,5.0891104,2.5609233,0.0,0.0,0.0,7.909231
0,4,5.0,10.0,0.0,0.0,0.0,0.0,0.0,1.0,-9.215671e-05,0.0,-0.0,0.0,-9.215671e-05,-0.0,0.44164285,0.5618088,0.0,0.0,0.0,0.0,1.0,0.42057925,-7.606783,0.25,0.3095742,0.0,0.0,0.0,0.0,0.0,0,7.1998925,1.990952,2.113313,0.0,4.7302985,0.0,0.0,0.0,0.0,8.55044
1,4,5.0,10.0,0.0,0.0,0.0,0.0,0.0,1.0,-9.287655e-05,0.0,-0.0,0.0,-9.287655e-05,-0.0,0.413971,0.5725233,0.0,0.0,0.0,0.0,1.0,0.4905876,-6.59231,0.24074075,0.3625425,0.0,0.0,0.0,0.0,0.0,0,6.2954116,2.477828,0.8796299,0.0,5.2116065,0.0,0.0,0.0,0.0,9.699971
2,4,5.0,10.0,0.0,0.0,0.0,0.0,0.0,1.0,-8.8843815e-05,0.0,-0.0,0.0,-8.8843815e-05,-0.0,0.43215844,0.5401981,0.0,0.0,0.0,0.0,1.0,0.6255756,-7.4875774,0.25925925,0.76464444,0.0,0.0,0.0,0.0,0.0,0,3.6267457,2.6195314,1.4092221,0.0,4.545382,0.0,0.0,0.0,0.0,10.219754
3,4,5.0,10.0,0.0,0.0,0.0,0.0,0.0,1.0,-8.6004125e-05,0.0,-0.0,0.0,-8.6004125e-05,-0.0,0.41716006,0.4918417,0.0,0.0,0.0,0.0,1.0,0.6230683,-7.540767,0.25462964,0.4300775,0.0,0.0,0.0,0.0,0.0,0,2.7852747,1.373753,1.5486999,0.0,0.74968207,0.0,0.0,0.0,0.0,8.319902
0,5,6.0,10.0,0.0,0.0,0.0,0.0,0.0,1.0,-8.606365e-05,0.0,-0.0,0.0,-8.606365e-05,-0.0,0.38521978,0.509601,0.0,0.0,0.0,0.0,1.0,0.80137444,-5.21581,0.25925925,0.3713849,0.0,0.0,0.0,0.0,0.0,0,3.5322645,2.2508154,2.1115506,0.5739454,6.465456,0.0,0.0,0.0,0.0,10.813576
1,5,6.0,10.0,0.0,0.0,0.0,0.0,0.0,1.0,-9.188223e-05,0.0,-0.0,0.0,-9.188223e-05,-0.0,0.36574975,0.5103562,0.0,0.0,0.0,0.0,1.0,0.65819395,-4.728758,0.25462964,0.43666098,0.0,0.0,0.0,0.0,0.0,0,3.659183,2.6042318,1.0315498,0.0,2.7738347,0.0,0.0,0.0,0.0,11.786298
2,5,6.0,10.0,0.0,0.0,0.0,0.0,0.0,1.0,-9.628197e-05,0.0,-0.0,0.0,-9.628197e-05,-0.0,0.40410906,0.40323627,0.0,0.0,0.0,0.0,1.0,0.8844807,-5.9759607,0.2638889,0.90372294,0.0,0.0,0.0,0.0,0.0,0,2.2052777,2.0802712,2.0083122,2.151126,7.341659,0.0,0.0,0.0,0.0,12.235854
3,5,6.0,10.0,0.0,0.0,0.0,0.0,0.0,1.0,-7.46729e-05,0.0,-0.0,0.0,-7.46729e-05,-0.0,0.40702316,0.46834484,0.0,0.0,0.0,0.0,1.0,0.68328273,-6.033053,0.2685185,0.4567715,0.0,0.0,0.0,0.0,0.0,0,3.5815685,2.4447594,1.8641696,0.0,5.4321866,0.0,0.0,0.0,0.0,10.7293
0,6,7.0,10.0,0.0,0.0,0.0,0.0,0.0,1.0,-9.9419056e-05,0.0,-0.0,0.0,-9.9419056e-05,-0.0,0.33370888,0.35995877,0.0,0.0,0.0,0.0,1.0,1.0466106,-3.771971,0.2777778,0.5373573,0.0,0.0,0.0,0.0,0.0,0,4.012388,2.548178,2.5037103,3.091479,8.105371,0.0,1.5745519,0.0,0.0,10.021054
1,6,7.0,10.0,0.0,0.0,0.0,0.0,0.0,1.0,-7.899414e-05,0.0,-0.0,0.0,-7.899414e-05,-0.0,0.31840932,0.3749743,0.0,0.0,0.0,0.0,1.0,0.9149295,-3.5422323,0.27314815,0.58582115,0.0,0.0,0.0,0.0,0.0,0,2.8152783,1.8790094,1.3783776,0.7555388,3.7181613,0.0,1.1453102,0.0,0.0,9.161496
2,6,7.0,10.0,0.0,0.0,0.0,0.0,0.0,1.0,-0.00012214965,0.0,-0.0,0.0,-0.00012214965,-0.0,0.39825496,0.33789784,0.0,0.0,0.0,0.0,1.0,0.87379694,-5.6364975,0.2685185,0.9784685,0.0,0.0,0.0,0.0,0.0,0,13.089704,3.63991,0.56773394,0.0,0.0,0.0,2.1515815,0.0,0.0,15.136349
3,6,7.0,10.0,0.0,0.0,0.0,0.0,0.0,1.0,-8.762674e-05,0.0,-0.0,0.0,-8.762674e-05,-0.0,0.34064743,0.3191146,0.0,0.0,0.0,0.0,1.0,0.9140737,-3.8140957,0.27314815,0.6397985,0.0,0.0,0.0,0.0,0.0,0,4.5280213,1.8888835,2.0341291,2.7241626,6.4910555,0.0,1.6419113,0.0,0.0,11.10704
0,7,8.0,10.0,0.0,0.0,0.0,0.0,0.0,1.0,-8.7933375e-05,0.0,-0.0,0.0,-8.7933375e-05,-0.0,0.30508134,0.2720266,0.0,0.0,0.0,0.0,1.0,1.2149869,-3.5363045,0.2777778,0.62575233,0.0,0.0,0.0,0.0,0.0,0,2.2916837,2.5631487,1.7436962,0.5461151,5.4511347,0.0,1.1497973,0.0,0.0,9.163674
1,7,8.0,10.0,0.0,0.0,0.0,0.0,0.0,1.0,-9.0356385e-05,0.0,-0.0,0.0,-9.0356385e-05,-0.0,0.30061603,0.3544129,0.0,0.0,0.0,0.0,1.0,1.3041631,-3.360764,0.2777778,0.60813016,0.0,0.0,0.0,0.0,0.0,0,4.014733,4.1299033,1.0181706,0.06983259,3.5627651,0.0,0.60448426,0.0,0.0,10.636563
2,7,8.0,10.0,0.0,0.0,0.0,0.0,0.0,1.0,-3.2755946e-05,0.0,-0.0,0.0,-3.2755946e-05,-0.0,0.3519425,0.21245752,0.0,0.0,0.0,0.0,1.0,1.4022108,-4.4905496,0.2777778,1.1039754,0.0,0.0,0.0,0.0,0.0,0,0.0,0.0,2.4055612,1.1530998,3.9470081,0.0,1.0039585,0.0,0.0,12.192393
3,7,8.0,10.0,0.0,0.0,0.0,0.0,0.0,1.0,-0.00010325242,0.0,-0.0,0.0,-0.00010325242,-0.0,0.32509622,0.25207564,0.0,0.0,0.0,0.0,1.0,1.3402749,-3.565523,0.2777778,0.7173535,0.0,0.0,0.0,0.0,0.0,0,0.0,3.7612052,2.4847496,1.224827,9.678571,0.0,2.0924528,0.0,0.0,8.84876
0,8,9.0,10.0,0.0,0.0,0.0,0.0,0.0,1.0,-5.907194e-05,0.0,-0.0,0.0,-5.907194e-05,-0.0,0.3045937,0.21357322,0.0,0.0,0.0,0.0,1.0,1.3153685,-3.4432578,0.2824074,0.6914934,0.0,0.0,0.0,0.0,0.0,0,1.7955222,0.0,6.2343855,0.40252328,3.4785478,0.0,1.8262794,0.0,0.0,9.745665
1,8,9.0,10.0,0.0,0.0,0.0,0.0,0.0,1.0,-5.2417676e-05,0.0,-0.0,0.0,-5.2417676e-05,-0.0,0.30157623,0.2785149,0.0,0.0,0.0,0.0,1.0,1.2414352,-3.460031,0.2824074,0.6841089,0.0,0.0,0.0,0.0,0.0,0,0.0,3.3222914,3.0269337,0.0,7.8101215,0.0,1.7189822,0.0,0.0,12.080541
2,8,9.0,10.0,0.0,0.0,0.0,0.0,0.0,1.0,-5.6277524e-05,0.0,-0.0,0.0,-5.6277524e-05,-0.0,0.3063418,0.20013821,0.0,0.0,0.0,0.0,1.0,1.7571371,-3.4555821,0.2777778,1.1178439,0.0,0.0,0.0,0.0,0.0,0,0.0,0.0,4.0933223,0.5733486,2.498431,0.0,2.2114227,0.0,0.0,12.331082
3,8,9.0,10.0,0.0,0.0,0.0,0.0,0.0,1.0,-6.7539666e-05,0.0,-0.0,0.0,-6.7539666e-05,-0.0,0.2953792,0.26312312,0.0,0.0,0.0,0.0,1.0,1.716118,-3.337848,0.2824074,0.7284506,0.0,0.0,0.0,0.0,0.0,0,0.0,0.0,2.4772506,0.6796064,3.3048382,0.0,1.4126983,0.0,0.0,8.261851
0,9,10.0,10.0,0.0,0.0,0.0,0.0,0.0,1.0,-7.444389e-05,0.0,-0.0,0.0,-7.444389e-05,-0.0,0.29448363,0.34159976,0.0,0.0,0.0,0.0,1.0,1.6781808,-3.9045773,0.29166666,0.8756441,0.0,0.0,0.0,0.0,0.0,0,4.984275,0.0,7.4350886,2.319135,2.9469264,0.0,1.5558982,0.0,0.0,20.653265
1,9,10.0,10.0,0.0,0.0,0.0,0.0,0.0,1.0,-5.2149502e-05,0.0,-0.0,0.0,-5.2149502e-05,-0.0,0.28982425,0.2550996,0.0,0.0,0.0,0.0,1.0,1.5249543,-3.4919045,0.2824074,0.71466506,0.0,0.0,0.0,0.0,0.0,0,0.0,0.0,5.984433,2.2433043,11.2058735,0.0,3.5429356,0.0,0.0,13.146696
2,9,10.0,10.0,0.0,0.0,0.0,0.0,0.0,1.0,-4.82887e-05,0.0,-0.0,0.0,-4.82887e-05,-0.0,0.33053514,0.29710302,0.0,0.0,0.0,0.0,1.0,1.8239187,-3.9289324,0.28703704,1.2477385,0.0,0.0,0.0,0.0,0.0,0,10.675221,0.0,0.1527578,0.0,1.702613,0.0,2.5108585,0.0,0.0,15.014029
3,9,10.0,10.0,0.0,0.0,0.0,0.0,0.0,1.0,-7.205231e-05,0.0,-0.0,0.0,-7.205231e-05,-0.0,0.3061306,0.25400302,0.0,0.0,0.0,0.0,1.0,1.5480072,-3.406858,0.2824074,0.7396947,0.0,0.0,0.0,0.0,0.0,0,0.0,0.0,2.0693498,1.5069342,9.454796,0.0,2.7038019,0.0,0.0,12.715318
0,10,11.0,10.0,1.0,0.0,0.0,0.0,0.0,1.0,-8.174143e-05,0.0,-0.0,0.0,-8.174143e-05,-0.0,0.28057212,0.40595168,0.0,0.03956468,0.0,0.09691328,1.0,3.8762102,-4.1135206,0.29166666,1.0782235,0.0,0.0,0.0,0.0,0.0,0,5.790943,0.0,4.0648537,3.0696344,14.260369,5.7346706,0.0,0.0,1.4127333,7.247046
1,10,11.0,10.0,1.0,0.0,0.0,0.0,0.0,1.0,-7.096434e-05,0.0,-0.0,0.0,-7.096434e-05,-0.0,0.32616165,0.4535934,0.0,0.0,0.0,0.07912936,1.0,3.6091797,-4.360708,0.2824074,1.0733343,0.0,0.0,0.0,0.0,0.0,0,7.7274623,0.0,3.3961272,3.9840846,15.709726,5.8984017,0.0,0.0,2.2284806,5.603878
2,10,11.0,10.0,1.0,0.0,0.0,0.0,0.0,1.0,-4.398624e-05,0.0,-0.0,0.0,-4.398624e-05,-0.0,0.30243134,0.27325404,0.0,0.055952907,0.0,0.055952907,1.0,3.6617994,-3.8122618,0.28703704,1.3768488,0.0,0.0,0.0,0.0,0.0,0,7.9476256,0.0,2.9843078,3.982307,18.49456,7.0250287,0.0,0.0,0.0,10.482286
3,10,11.0,10.0,1.0,0.0,0.0,0.0,0.0,1.0,-0.00011813498,0.0,-0.0,0.0,-0.00011813498,-0.0,0.34680778,0.48306376,0.0,0.0,0.0,0.09691328,1.0,4.147985,-4.1807265,0.2824074,1.1221577,0.0,0.0,0.0,0.0,0.0,0,7.2415094,0.0,3.3692808,4.1573367,16.52992,3.738142,0.0,0.0,4.3172865,5.227492
0,11,12.0,10.0,1.0,0.0,0.0,0.0,0.0,1.0,-6.93346e-05,0.0,-0.0,0.0,-6.93346e-05,-0.0,0.24358071,0.47726646,0.04668124,0.80599546,0.027641378,0.63303566,1.0,4.1122313,-4.5454006,0.29166666,1.1727166,0.0,0.0,0.0,0.0,0.0,0,8.876282,0.0,2.481626,5.501818,16.65013,3.3105118,0.0,0.0,1.9119939,6.8182693
1,11,12.0,10.0,1.0,0.0,0.0,0.0,0.0,1.0,-9.221027e-05,0.0,-0.0,0.0,-9.221027e-05,-0.0,0.2913553,0.5120842,0.035157766,0.60002875,0.016959388,0.6052239,1.0,3.7690468,-4.609921,0.2824074,1.1319653,0.0,0.0,0.0,0.0,0.0,0,9.582107,0.0,2.5781736,5.0833864,16.577375,3.8366032,0.0,0.0,3.1058161,5.1766787
2,11,12.0,10.0,1.0,0.0,0.0,0.0,0.0,1.0,-5.674671e-05,0.0,-0.0,0.0,-5.674671e-05,-0.0,0.28946754,0.33344066,0.041429613,0.63550365,0.040849984,0.3647685,1.0,3.7738233,-4.077465,0.28703704,1.4459034,0.0,0.0,0.0,0.0,0.0,0,10.903474,0.0,1.6484195,5.471092,19.469555,5.423601,0.0,0.0,0.0,8.303549
3,11,12.0,10.0,1.0,0.0,0.0,0.0,0.0,1.0,-9.252002e-05,0.0,-0.0,0.0,-9.252002e-05,-0.0,0.3093766,0.53799826,0.059044752,0.701089,0.026758714,0.6549129,1.0,4.0149794,-4.603454,0.2824074,1.1777937,0.0,0.0,0.0,0.0,0.0,0,8.367987,0.0,1.7785424,5.9407635,16.995302,3.0091197,0.0,0.0,4.061001,5.990221
0,12,13.0,10.0,1.0,0.0,0.0,0.0,0.0,1.0,-4.2039017e-05,0.0,-0.0,0.0,-4.2039017e-05,-0.0,0.24461466,0.52065265,0.13594206,1.5354066,0.050170116,0.89699554,1.0,4.205052,-4.660065,0.29166666,1.2505134,0.0,0.0,0.0,0.0,0.0,0,10.944842,0.0,2.8898158,4.905329,15.695581,3.151372,0.0,0.0,1.3680575,6.4862127
1,12,13.0,10.0,1.0,0.0,0.0,0.0,0.0,1.0,-4.165746e-05,0.0,-0.0,0.0,-4.165746e-05,-0.0,0.2918996,0.5558471,0.07127572,0.9787791,0.05377647,0.9462521,1.0,3.6517866,-4.708127,0.2824074,1.1766884,0.0,0.0,0.0,0.0,0.0,0,11.793677,0.0,2.7454443,6.091119,17.755215,2.5427282,0.0,0.0,2.3773875,5.7863536
2,12,13.0,10.0,1.0,0.0,0.0,0.0,0.0,1.0,-3.439868e-05,0.0,-0.0,0.0,-3.439868e-05,-0.0,0.26717427,0.35701752,0.072346956,1.0497732,0.072211064,0.72198886,1.0,3.4604566,-4.32993,0.28703704,1.472332,0.0,0.0,0.0,0.0,0.0,0,10.317852,0.0,1.585808,5.902971,18.81507,5.55975,0.0,0.0,0.0,8.885205
3,12,13.0,10.0,1.0,0.0,0.0,0.0,0.0,1.0,-3.8832015e-05,0.0,-0.0,0.0,-3.8832015e-05,-0.0,0.30102617,0.5914329,0.08954717,1.1343454,0.06627524,0.8504125,1.0,4.097203,-4.6772985,0.2824074,1.2325763,0.0,0.0,0.0,0.0,0.0,0,9.428303,0.0,2.4909916,6.7490005,16.912893,2.5720654,0.963162,0.0,4.212512,5.9326215
0,13,14.0,10.0,1.0,0.0,0.0,0.0,0.0,1.0,-4.9478214e-05,0.0,-0.0,0.0,-4.9478214e-05,-0.0,0.2854647,0.58519197,0.18474905,1.6341836,0.085657455,1.3682827,1.0,4.2439938,-4.6340346,0.29166666,1.3246057,0.0,0.0,0.0,0.0,0.0,0,11.143503,0.0,3.7302213,5.6861415,17.97271,2.2660494,0.0,0.0,2.189133,7.16169
1,13,14.0,10.0,1.0,0.0,0.0,0.0,0.0,1.0,-4.7691723e-05,0.0,-0.0,0.0,-4.7691723e-05,-0.0,0.2894206,0.58497006,0.08822375,1.1028587,0.09277245,1.168336,1.0,3.875806,-4.671623,0.2824074,1.2074441,0.0,0.0,0.0,0.0,0.0,0,11.0043745,0.0,2.0746958,5.996343,17.876036,3.0995939,1.689359,0.0,2.6035483,5.307552
2,13,14.0,10.0,1.0,0.0,0.0,0.0,0.0,1.0,-3.964583e-05,0.0,-0.0,0.0,-3.964583e-05,-0.0,0.27015918,0.393905,0.08493076,1.078459,0.10613149,0.913424,1.0,3.5785065,-4.241501,0.28703704,1.5092999,0.0,0.0,0.0,0.0,0.0,0,9.863394,0.0,2.1282895,5.7882686,19.745083,5.281236,0.7903958,0.0,0.0,8.514021
3,13,14.0,10.0,1.0,0.0,0.0,0.0,0.0,1.0,-4.507503e-05,0.0,-0.0,0.0,-4.507503e-05,-0.0,0.3116183,0.63522637,0.114528604,1.3014385,0.09622252,0.82423955,1.0,4.346092,-4.673834,0.2824074,1.2767985,0.0,0.0,0.0,0.0,0.0,0,9.403833,0.0,2.2443924,6.530316,18.185638,2.688606,1.6450183,0.0,2.6056097,6.8798537
0,14,15.0,10.0,1.0,0.0,0.0,0.0,0.0,1.0,-3.6950623e-05,0.0,-0.0,0.0,-3.6950623e-05,-0.0,0.25416762,0.5932946,0.17502464,1.7636439,0.12929331,1.3193574,1.0,4.4240336,-4.71069,0.29166666,1.3373036,0.0,0.0,0.0,0.0,0.0,0,10.826937,0.0,2.204281,5.7527604,18.087175,3.226042,0.0,0.0,2.1751466,6.5888243
1,14,15.0,10.0,1.0,0.0,0.0,0.0,0.0,1.0,-2.7952248e-05,0.0,-0.0,0.0,-2.7952248e-05,-0.0,0.27905032,0.6060423,0.091145925,1.1204605,0.13457483,1.224595,1.0,4.019464,-4.691015,0.2824074,1.2335533,0.0,0.0,0.0,0.0,0.0,0,11.201315,0.0,2.1306925,6.3280444,17.560186,3.2316756,2.4814875,0.0,2.7644987,4.94223
2,14,15.0,10.0,1.0,0.0,0.0,0.0,0.0,1.0,-2.8367827e-05,0.0,-0.0,0.0,-2.8367827e-05,-0.0,0.27798992,0.43568587,0.120251164,1.3282262,0.1401563,0.9487303,1.0,3.278471,-4.6001964,0.28703704,1.551358,0.0,0.0,0.0,0.0,0.0,0,9.787558,0.0,1.6762214,5.871915,19.67738,4.9227242,1.3868353,0.0,0.0,7.7871146
3,14,15.0,10.0,1.0,0.0,0.0,0.0,0.0,1.0,-2.7735674e-05,0.0,-0.0,0.0,-2.7735674e-05,-0.0,0.2920175,0.66624165,0.15021294,1.5963877,0.12404683,0.8166075,1.0,4.680525,-4.676002,0.2824074,1.3097656,0.0,0.0,0.0,0.0,0.0,0,10.427746,0.0,1.4809846,5.568602,18.70374,2.974858,1.7718818,0.0,4.064242,5.180331
0,15,16.0,10.0,1.0,0.0,0.0,0.0,0.0,1.0,-2.5666624e-05,0.0,-0.0,0.0,-2.5666624e-05,-0.0,0.25263634,0.61784256,0.18004288,1.6313072,0.16550373,1.3299929,1.0,4.393112,-4.782363,0.29166666,1.3647906,0.0,0.0,0.0,0.0,0.0,0,11.196749,0.0,2.9170232,5.8577332,16.830233,3.5157142,0.0,0.0,1.7863253,6.6059256
1,15,16.0,10.0,1.0,0.0,0.0,0.0,0.0,1.0,-3.4438377e-05,0.0,-0.0,0.0,-3.4438377e-05,-0.0,0.2737764,0.6234281,0.10291749,1.1197618,0.15776512,1.1384779,1.0,4.150581,-4.6854343,0.2824074,1.2522175,0.0,0.0,0.0,0.0,0.0,0,10.388585,0.0,2.2698045,5.262286,16.246649,4.400757,2.267962,0.0,1.7143682,5.399434
2,15,16.0,10.0,1.0,0.0,0.0,0.0,0.0,1.0,-2.8235341e-05,0.0,-0.0,0.0,-2.8235341e-05,-0.0,0.27584004,0.45849216,0.12431956,1.3847722,0.17611924,0.98356533,1.0,3.2511265,-4.663055,0.28703704,1.5746988,0.0,0.0,0.0,0.0,0.0,0,9.784784,0.0,2.1069715,5.9504237,18.67783,4.9156785,1.4614005,0.0,0.0,7.15354
3,15,16.0,10.0,1.0,0.0,0.0,0.0,0.0,1.0,-3.321754e-05,0.0,-0.0,0.0,-3.321754e-05,-0.0,0.29252544,0.6905201,0.18374328,1.7534065,0.15464717,0.932924,1.0,4.657534,-4.6945634,0.2824074,1.3340952,0.0,0.0,0.0,0.0,0.0,0,10.6845665,0.0,2.2435212,5.651969,17.003956,3.7328243,2.0175564,0.0,2.1453905,6.2382097
0,16,17.0,10.0,1.0,0.0,0.0,0.0,0.0,1.0,-3.3666125e-05,0.0,-0.0,0.0,-3.3666125e-05,-0.0,0.24461299,0.6231839,0.17258091,1.6144269,0.19257374,1.3193574,1.0,4.4560165,-4.7896233,0.29166666,1.3740144,0.0,0.0,0.0,0.0,0.0,0,10.850868,0.0,3.6453235,5.8283825,16.454742,4.040765,0.0,0.0,1.4369674,7.2000895
1,16,17.0,10.0,1.0,0.0,0.0,0.0,0.0,1.0,-2.743003e-05,0.0,-0.0,0.0,-2.743003e-05,-0.0,0.25587156,0.6446223,0.14719918,1.3020397,0.18458672,1.1343454,1.0,4.273793,-4.7431355,0.2824074,1.2766752,0.0,0.0,0.0,0.0,0.0,0,10.080941,0.0,2.6071005,5.437684,14.7587385,5.5106273,2.807309,0.0,1.4570557,5.752866
2,16,17.0,10.0,1.0,0.0,0.0,0.0,0.0,1.0,-2.8309803e-05,0.0,-0.0,0.0,-2.8309803e-05,-0.0,0.26300234,0.47297078,0.124884084,1.4558611,0.21774389,1.063845,1.0,3.2518492,-4.6865706,0.28703704,1.5899605,0.0,0.0,0.0,0.0,0.0,0,8.730159,0.0,1.9874811,5.3298507,18.421427,4.934998,1.1700225,0.0,0.6851299,6.740326
3,16,17.0,10.0,1.0,0.0,0.0,0.0,0.0,1.0,-2.9022494e-05,0.0,-0.0,0.0,-2.9022494e-05,-0.0,0.27595982,0.7015461,0.17813186,1.7667476,0.20201784,1.3370361,1.0,4.3704047,-4.8347664,0.2824074,1.346878,0.0,0.0,0.0,0.0,0.0,0,10.492905,0.0,1.4267203,5.4740076,17.311594,3.8322153,1.9432108,0.0,1.4453512,6.9731045
0,17,18.0,10.0,1.0,0.0,0.0,0.0,0.0,1.0,-2.9964502e-05,0.0,-0.0,0.0,-2.9964502e-05,-0.0,0.22768117,0.62913275,0.1796332,1.6574866,0.22857313,1.3585234,1.0,4.5090637,-4.8230987,0.29166666,1.3809524,0.0,0.0,0.0,0.0,0.0,0,10.25772,0.0,3.340308,5.9981394,17.128225,4.114651,0.003306456,0.0,2.417394,6.3993382
1,17,18.0,10.0,1.0,0.0,0.0,0.0,0.0,1.0,-3.2943182e-05,0.0,-0.0,0.0,-3.2943182e-05,-0.0,0.2560869,0.66511244,0.17755784,1.3056415,0.21922575,1.2335106,1.0,4.2033744,-4.7953696,0.2824074,1.2973609,0.0,0.0,0.0,0.0,0.0,0,9.317659,0.0,2.9247882,5.442057,16.956142,6.0860186,2.3512604,0.0,1.6518036,5.983997
2,17,18.0,10.0,1.0,0.0,0.0,0.0,0.0,1.0,-2.9748433e-05,0.0,-0.0,0.0,-2.9748433e-05,-0.0,0.25202316,0.49244735,0.12227891,1.4309167,0.26370186,1.1895804,1.0,3.1969006,-4.7034483,0.28703704,1.6095235,0.0,0.0,0.0,0.0,0.0,0,8.566341,0.0,2.4332385,5.455687,16.849646,4.915132,1.5521445,0.0,1.6369662,6.235937
3,17,18.0,10.0,1.0,0.0,0.0,0.0,0.0,1.0,-3.033144e-05,0.0,-0.0,0.0,-3.033144e-05,-0.0,0.25702584,0.70528334,0.199099,1.8591394,0.23572461,1.6442109,1.0,4.2420554,-4.8685417,0.2824074,1.3535954,0.0,0.0,0.0,0.0,0.0,0,9.542551,0.0,2.0469742,4.932398,16.981312,4.0984106,2.2468455,0.0,0.9440591,7.305018
0,18,19.0,10.0,1.0,0.0,0.0,0.0,0.0,1.0,-3.1761057e-05,0.0,-0.0,0.0,-3.1761057e-05,-0.0,0.21154228,0.6298339,0.16834979,1.5621908,0.264194,1.3774048,1.0,4.638063,-4.797016,0.29166666,1.3910247,0.0,0.0,0.0,0.0,0.0,0,9.796172,0.0,3.3272846,5.79934,15.891158,4.2056975,0.0,0.0,3.5017002,5.654102
1,18,19.0,10.0,1.0,0.0,0.0,0.0,0.0,1.0,-3.1789754e-05,0.0,-0.0,0.0,-3.1789754e-05,-0.0,0.22925399,0.67235625,0.19516347,1.3745606,0.2659997,1.4385542,1.0,4.2468076,-4.808425,0.2824074,1.3046435,0.0,0.0,0.0,0.0,0.0,0,9.368131,0.0,2.7320375,5.20204,15.3720875,5.2835197,3.1690056,0.0,2.4067788,5.1720123
2,18,19.0,10.0,1.0,0.0,0.0,0.0,0.0,1.0,-2.8337367e-05,0.0,-0.0,0.0,-2.8337367e-05,-0.0,0.23635067,0.5042671,0.12648273,1.4867162,0.30390793,1.3252765,1.0,3.1595726,-4.762464,0.28703704,1.6217663,0.0,0.0,0.0,0.0,0.0,0,7.7072096,0.0,2.1192944,5.5365086,16.018934,5.0562677,1.7479824,0.0,1.0407684,6.2287498
3,18,19.0,10.0,1.0,0.0,0.0,0.0,0.0,1.0,-2.48442e-05,0.0,-0.0,0.0,-2.48442e-05,-0.0,0.24335179,0.71255493,0.20944157,1.913497,0.26784405,1.91595,1.0,4.1300044,-4.8762903,0.2824074,1.3635873,0.0,0.0,0.0,0.0,0.0,0,9.807553,0.0,2.2947237,5.321829,17.497915,3.5643969,2.205034,0.0,1.0046496,6.4292507
0,19,20.0,10.0,1.0,1.0,1.0,1.0,1.0,1.0,5.999973,1.0,-0.0,5.0,-2.7411297e-05,-0.0,0.17880574,0.6213266,0.1926745,1.7113885,0.2937095,1.499298,1.0,4.7807775,-4.8396077,0.29166666,1.4024998,0.0,0.0,0.0,0.0,0.0,0,8.948209,0.0,3.835466,6.044555,15.570598,4.7283335,0.0,0.0,1.8704596,7.2219176
1,19,20.0,10.0,1.0,1.0,1.0,1.0,1.0,1.0,5.9999747,1.0,-0.0,5.0,-2.5328869e-05,-0.0,0.20515695,0.67365974,0.21260795,1.4429003,0.29946378,1.8009722,1.0,4.104414,-4.8236504,0.2824074,1.3079326,0.0,0.0,0.0,0.0,0.0,0,8.690733,0.0,2.7781897,5.163699,14.60129,5.5430813,2.6674104,0.0,1.8431983,5.8843017
2,19,20.0,10.0,1.0,1.0,1.0,1.0,1.0,1.0,5.999974,1.0,-0.0,5.0,-2.6270913e-05,-0.0,0.22081472,0.51846665,0.13766056,1.5008634,0.339175,1.439642,1.0,3.1803849,-4.8529906,0.28703704,1.636422,0.0,0.0,0.0,0.0,0.0,0,8.219443,0.0,2.3887053,5.3296523,16.48421,5.041062,1.9442697,0.0,0.6377773,7.1210265
3,19,20.0,10.0,1.0,1.0,1.0,1.0,1.0,1.0,5.9999704,1.0,-0.0,5.0,-2.93443e-05,-0.0,0.22888929,0.707728,0.1890145,1.750279,0.3055737,2.2707877,1.0,3.9726145,-4.85097,0.2824074,1.3909218,0.0,0.0,0.0,0.0,0.0,0,9.386734,0.0,2.5364106,5.0871296,16.912264,3.6179223,2.4553156,0.0,1.9403572,6.415434
0,20,21.0,10.0,1.0,1.0,2.0,1.0,1.0,1.0,0.9999676,1.0,-0.0,0.0,-3.2442018e-05,-0.0,0.2278192,0.52681684,0.3183608,2.686675,0.3320612,1.5343866,1.0,4.691728,-4.7403545,0.29166666,1.4568515,0.0,0.0,0.0,0.0,0.0,0,2.4475222,0.0,4.260576,4.374861,16.10435,5.344102,1.3502687,0.0,0.41868785,6.407698
1,20,21.0,10.0,1.0,1.0,2.0,1.0,1.0,1.0,0.99996287,1.0,-0.0,0.0,-3.712558e-05,-0.0,0.22121258,0.66235954,0.3605859,2.504841,0.35811397,2.5035906,1.0,3.9354706,-4.787701,0.2824074,1.4062473,0.0,0.0,0.0,0.0,0.0,0,2.2663968,0.0,2.9777482,3.8796177,16.165398,9.071093,1.733177,0.0,0.0,4.143205
2,20,21.0,10.0,1.0,1.0,2.0,1.0,1.0,1.0,0.9999729,1.0,-0.0,0.0,-2.7108626e-05,-0.0,0.20511523,0.42002335,0.26837048,2.3510623,0.36614951,1.6692505,1.0,3.353629,-4.9716783,0.28703704,1.6891423,0.0,0.0,0.0,0.0,0.0,0,0.0,0.0,2.0092685,3.5157251,16.947054,7.0642757,1.3413715,0.0,0.0,5.65848
3,20,21.0,10.0,1.0,1.0,2.0,1.0,1.0,1.0,0.9999653,1.0,-0.0,0.0,-3.469143e-05,-0.0,0.22682622,0.7039087,0.3379947,2.7069926,0.35025632,3.3661427,1.0,3.7030616,-4.933267,0.2824074,1.4873792,0.0,0.0,0.0,0.0,0.0,0,0.6518977,0.0,2.6060808,3.2919543,19.653082,4.8218446,2.1463013,0.0,0.0,4.5962553
0,21,22.0,10.0,1.0,1.0,3.0,1.0,1.0,1.0,0.99995947,1.0,-0.0,0.0,-4.052149e-05,-0.0,0.31798667,0.68178576,0.34916577,3.1284602,0.4383462,3.0800447,1.0,2.5220447,-3.8677108,0.29166666,1.8849363,0.0,0.0,0.0,0.0,0.0,0,6.4608727,0.0,4.4391503,4.498539,9.429777,2.9235914,1.5257031,0.0,0.0,1.8048106
1,21,22.0,10.0,1.0,1.0,3.0,1.0,1.0,1.0,0.99995154,1.0,-0.0,0.0,-4.845745e-05,-0.0,0.27501193,0.6751865,0.3608451,2.5160656,0.45022675,4.8419843,1.0,2.2525537,-3.0553184,0.2824074,1.9451127,0.0,0.0,0.0,0.0,0.0,0,7.7566137,0.0,4.5170774,3.5441122,6.6485686,5.1583214,1.0198671,0.0,0.0,1.1358576
2,21,22.0,10.0,1.0,1.0,3.0,1.0,1.0,1.0,0.99996495,1.0,-0.0,0.0,-3.5031928e-05,-0.0,0.2581302,0.54557675,0.3188799,2.7979949,0.4110356,2.6488247,1.0,1.6258211,-4.355327,0.28703704,2.060125,0.0,0.0,0.0,0.0,0.0,0,6.2121997,0.0,3.281772,4.9865437,9.305352,5.533716,1.1151694,0.0,0.0,1.3817776
3,21,22.0,10.0,1.0,1.0,3.0,1.0,1.0,1.0,0.99995327,1.0,-0.0,0.0,-4.2005646e-05,-4.7170993e-06,0.2917789,0.75202256,0.35065243,3.247306,0.41759956,5.000283,0.0,1.726464,-3.2229853,0.2824074,2.0118644,0.0,0.0,0.0,0.0,0.0,0,8.089886,0.0,4.0501328,4.0178585,6.7369947,3.184771,2.0842602,0.0,0.0,1.155187
0,22,23.0,10.0,1.0,1.0,4.0,1.0,1.0,1.0,0.9984885,1.0,-0.0,0.0,-4.7765923e-05,-0.0014637806,0.31912792,0.51655525,0.37737882,4.502152,0.4878955,5.0878263,0.0,0.62463653,-3.4508724,0.29166666,2.3161488,0.0,0.0,0.0,0.0,0.0,0,7.6019173,0.0,3.9018824,4.278235,6.76808,5.837777,1.6574664,0.0,0.0,1.7953215
1,22,23.0,10.0,1.0,1.0,4.0,1.0,1.0,1.0,0.98288393,1.0,-0.0,0.0,-5.987985e-05,-0.017056141,0.1045784,0.4165042,0.28368714,3.298489,0.46833,6.023368,0.0,0.98754543,-1.5232702,0.2824074,2.581547,0.0,0.0,0.0,0.0,0.0,0,9.203471,0.0,4.565186,3.8236177,4.8229322,5.2932897,2.337977,0.0,0.0,0.5627235
2,22,23.0,10.0,1.0,1.0,4.0,1.0,1.0,1.0,0.9999434,1.0,-0.0,0.0,-5.662812e-05,-0.0,0.17263386,0.36588,0.29486135,4.0257063,0.4052567,3.3190715,1.0,1.0876852,-3.226892,0.28703704,2.6228125,0.0,0.0,0.0,0.0,0.0,0,8.220612,0.0,4.1119027,4.2140703,5.5375876,6.393426,0.71839076,0.0,0.0,1.7349292
3,22,23.0,10.0,1.0,1.0,4.0,1.0,1.0,1.0,0.9668502,1.0,-0.0,0.0,-6.446678e-05,-0.03308527,0.27443802,0.46036834,0.2606317,4.554021,0.48399734,6.985116,0.0,0.5875081,-3.9058728,0.28703704,2.619914,0.0,0.0,0.0,0.0,0.0,0,9.519314,0.0,4.7804856,4.5997124,5.051819,5.5728297,2.3565407,0.0,0.0,1.5267549
0,23,24.0,10.0,1.0,1.0,5.0,1.0,1.0,1.0,0.98173183,1.0,-0.0,0.0,-5.7753557e-05,-0.01821043,0.18884167,0.47013542,0.28879952,5.03943,0.51756763,6.0531945,0.0,0.56232196,-3.4530265,0.29166666,2.9260266,0.0,0.0,0.0,0.0,0.0,0,8.253424,0.0,4.646216,2.9802625,5.2689157,4.827192,2.5745547,0.0,0.0,0.84863514
1,23,24.0,10.0,1.0,1.0,5.0,1.0,1.0,1.0,0.9745293,1.0,-0.0,0.0,-5.636793e-05,-0.025414273,0.18219948,0.40705678,0.26749554,2.1950712,0.4673569,6.524856,0.0,2.979598,0.74853283,0.28703704,3.1858191,0.0,0.0,0.0,0.0,0.0,0,8.645963,0.0,5.503634,2.6247275,4.6730747,5.0226517,2.7490525,0.0,0.0,0.60533875
2,23,24.0,10.0,1.0,1.0,5.0,1.0,1.0,1.0,0.99993914,1.0,-0.0,0.0,-6.0828836e-05,-0.0,0.10024663,0.33356526,0.22169472,3.416463,0.40260026,3.980336,1.0,2.238958,0.5897861,0.28703704,3.2107081,0.0,0.0,0.0,0.0,0.0,0,7.887284,0.0,4.592596,2.218449,5.394848,5.9861665,2.478112,0.0,0.0,0.55180144
3,23,24.0,10.0,1.0,1.0,5.0,1.0,1.0,1.0,0.9608838,1.0,-0.0,0.0,-6.912012e-05,-0.039047066,0.024754368,0.3983472,0.25897312,2.9340086,0.48847142,7.3428235,0.0,2.6221912,-1.7215544,0.28703704,3.3049583,0.0,0.0,0.0,0.0,0.0,0,8.5961075,0.0,4.8251,2.7159781,5.14862,4.774097,2.4405127,0.0,0.0,0.6759915
0,24,25.0,10.0,1.0,1.0,6.0,1.0,1.0,1.0,0.9750336,1.0,-0.0,0.0,-5.738553e-05,-0.024909023,0.12730825,0.13792297,0.19792433,3.735205,0.5167476,6.494541,0.0,1.6490072,-1.1586854,0.2962963,3.283222,0.0,0.0,0.0,0.0,0.0,0,9.183909,0.0,5.837481,2.8849728,5.3857565,4.689739,2.7647245,0.0,0.0,2.3359554
1,24,25.0,10.0,1.0,1.0,6.0,1.0,1.0,1.0,0.9720139,1.0,-0.0,0.0,-5.05899e-05,-0.02793548,0.35838634,0.23721267,0.27237225,2.3453958,0.45057428,6.6761284,0.0,3.9652631,1.8498627,0.29166666,3.4725487,0.0,0.0,0.0,0.0,0.0,0,9.4028015,0.0,5.4658585,3.1834447,5.3714395,5.00434,3.107621,0.0,0.0,1.6960367
2,24,25.0,10.0,1.0,1.0,6.0,1.0,1.0,1.0,0.9999494,1.0,-0.0,0.0,-5.0622803e-05,-0.0,0.3058493,0.16262822,0.2245066,2.930004,0.36820406,4.2489815,1.0,3.5370665,1.8140534,0.29166666,3.5163987,0.0,0.0,0.0,0.0,0.0,0,8.77601,0.0,4.8582416,3.2473786,5.564523,7.588968,1.5271404,0.0,0.0,1.8846956
3,24,25.0,10.0,1.0,1.0,6.0,1.0,1.0,1.0,0.95892704,1.0,-0.0,0.0,-5.4228898e-05,-0.04101873,0.23967549,0.16054082,0.34263638,2.7340386,0.47262973,7.461123,0.0,4.2357717,-0.27481747,0.30092594,3.6144905,0.0,0.0,0.0,0.0,0.0,0,9.556997,0.0,5.805538,2.846624,5.6119857,4.862524,2.9875672,0.0,0.0,1.928906
0,25,26.0,10.0,1.0,1.0,7.0,1.0,1.0,1.0,0.9675006,1.0,-0.0,0.0,-4.369191e-05,-0.0324557,0.15503037,0.20726563,0.24807996,3.6722198,0.5441242,6.9473414,0.0,2.402244,-1.7045839,0.30092594,3.5870388,0.0,0.0,0.0,0.0,0.0,0,7.418066,0.0,5.3782496,2.56531,2.830599,4.330085,3.2192023,0.0,0.0,0.49002668
1,25,26.0,10.0,1.0,1.0,7.0,1.0,1.0,1.0,0.968717,1.0,-0.0,0.0,-3.7985425e-05,-0.03124507,0.4057657,0.29875758,0.27724022,2.4315841,0.44264445,6.874704,0.0,4.312842,2.2727857,0.2962963,3.7659605,0.0,0.0,0.0,0.0,0.0,0,7.956358,0.0,5.7859864,2.1131697,4.032735,4.393981,3.606031,0.0,0.0,0.53987974
2,25,26.0,10.0,1.0,1.0,7.0,1.0,1.0,1.0,0.99996984,1.0,-0.0,0.0,-3.014601e-05,-0.0,0.34102872,0.13044296,0.26681268,3.3256686,0.36895,4.590151,1.0,3.6566625,1.7830441,0.29166666,3.7609472,0.0,0.0,0.0,0.0,0.0,0,7.2546797,0.0,5.2294855,2.012834,3.6950402,4.6895947,3.0177026,0.0,0.13640624,0.3371041
3,25,26.0,10.0,1.0,1.0,7.0,1.0,1.0,1.0,0.9568891,1.0,-0.0,0.0,-3.9341787e-05,-0.043071557,0.30166543,0.2519804,0.33656535,2.7786243,0.4618426,7.584293,0.0,4.4818316,0.28921384,0.30555555,3.9256692,0.0,0.0,0.0,0.0,0.0,0,7.946822,0.0,5.0526433,2.1722586,4.7505975,3.8032386,3.3227792,0.0,0.0,0.5334487
0,26,27.0,10.0,1.0,1.0,8.0,1.0,1.0,1.0,0.96623987,1.0,-0.0,0.0,-3.939678e-05,-0.033720758,0.15248749,0.07752226,0.33515242,4.5248747,0.5532257,7.023245,0.0,2.488213,-2.6211786,0.30092594,3.604318,0.0,0.0,0.0,0.0,0.0,0,7.159551,0.0,4.5618978,2.3220189,3.2000847,4.57763,3.0282063,0.0,0.0,0.4517094
1,26,27.0,10.0,1.0,1.0,8.0,1.0,1.0,1.0,0.9647257,1.0,-0.0,0.0,-3.3866112e-05,-0.035240468,0.4267063,0.25531325,0.2535218,2.3239386,0.43528044,7.1144276,0.0,4.2415013,2.1496034,0.2962963,3.8727992,0.0,0.0,0.0,0.0,0.0,0,7.2225623,0.0,5.047396,1.2060902,5.407147,5.2874765,3.2732475,0.0,0.0,1.4875437
2,26,27.0,10.0,1.0,1.0,8.0,1.0,1.0,1.0,0.9999615,1.0,-0.0,0.0,-3.8519098e-05,-0.0,0.40600038,0.12457316,0.36724913,3.6630418,0.34929526,4.7138457,1.0,4.013028,1.86829,0.29166666,3.8257856,0.0,0.0,0.0,0.0,0.0,0,7.6233544,0.0,5.047104,2.2922566,4.3730135,5.717656,2.943816,0.0,1.109832,1.0666885
3,26,27.0,10.0,1.0,1.0,8.0,1.0,1.0,1.0,0.956474,1.0,-0.0,0.0,-3.5167377e-05,-0.043490846,0.3634665,0.2609713,0.2738553,2.6764586,0.43588057,7.6094503,0.0,4.6641746,0.66414195,0.30555555,4.0674353,0.0,0.0,0.0,0.0,0.0,0,7.3408976,0.0,5.209547,2.1689348,4.471274,4.4759736,3.589376,0.0,0.0,1.5828848
0,27,28.0,10.0,1.0,1.0,9.0,1.0,1.0,1.0,0.967281,1.0,-0.0,0.0,-4.3669268e-05,-0.03267532,0.2606582,0.18884334,0.40186402,3.7631838,0.5729479,6.960519,0.0,3.3299017,-2.0208461,0.30555555,4.0583014,0.0,0.0,0.0,0.0,0.0,0,7.547767,0.0,5.08313,2.1193292,4.3704634,4.1446767,3.466494,0.0,0.0,0.0
1,27,28.0,10.0,1.0,1.0,9.0,1.0,1.0,1.0,0.96410775,1.0,-0.0,0.0,-3.6910744e-05,-0.03585534,0.48293883,0.48951474,0.26778188,2.3903527,0.42723277,7.15132,0.0,5.1851573,2.6468904,0.2962963,4.413954,0.0,0.0,0.0,0.0,0.0,0,7.221338,0.0,5.3701825,0.99182,4.9657784,5.7812157,3.1659014,0.0,0.0,0.51089185
2,27,28.0,10.0,1.0,1.0,9.0,1.0,1.0,1.0,0.99996287,1.0,-0.0,0.0,-3.7144386e-05,-0.0,0.5432222,0.23316953,0.381304,2.9203703,0.33078167,4.602925,1.0,4.99732,3.3020573,0.29166666,4.253566,0.0,0.0,0.0,0.0,0.0,0,7.53551,0.0,5.435965,0.9678838,5.0130057,5.446459,3.3060372,0.0,0.99695104,0.3223316
3,27,28.0,10.0,1.0,1.0,9.0,1.0,1.0,1.0,0.9557438,1.0,-0.0,0.0,-4.004415e-05,-0.044216167,0.42586064,0.46691918,0.33929396,2.723425,0.4271428,7.6529694,0.0,5.594364,1.450819,0.30555555,4.59783,0.0,0.0,0.0,0.0,0.0,0,7.568164,0.0,5.470003,1.0713001,4.6578894,5.546011,2.723821,0.0,0.0,0.3359978
0,28,29.0,10.0,1.0,1.0,10.0,1.0,1.0,1.0,0.9721587,1.0,-0.0,0.0,-4.0817675e-05,-0.027800506,0.38950557,0.16918561,0.5488921,3.2405496,0.5430181,6.66803,0.0,4.605045,-1.0758517,0.30555555,4.3754973,0.0,0.0,0.0,0.0,0.0,0,7.5979095,0.0,6.1971264,0.56165147,4.191142,6.329198,2.7760687,0.0,0.0,0.0
1,28,29.0,10.0,1.0,1.0,10.0,1.0,1.0,1.0,0.964533,1.0,-0.0,0.0,-3.774944e-05,-0.035429295,0.47883838,0.7150653,0.22502363,2.3828092,0.4129516,7.125757,0.0,5.2675257,2.5105486,0.30092594,4.7831798,0.0,0.0,0.0,0.0,0.0,0,8.275855,0.0,5.7853394,1.3332412,4.497705,5.3678575,3.0559182,0.0,0.0,0.0
2,28,29.0,10.0,1.0,1.0,10.0,1.0,1.0,1.0,0.99995893,1.0,-0.0,0.0,-4.107482e-05,-0.0,0.5569991,0.5534814,0.41674593,2.859974,0.33175936,4.922326,1.0,5.8190804,2.7087433,0.29166666,4.640959,0.0,0.0,0.0,0.0,0.0,0,7.5310106,0.0,5.3874207,1.1124734,4.550509,5.713223,3.3213444,0.0,3.2547708,0.0
3,28,29.0,10.0,1.0,1.0,10.0,1.0,1.0,1.0,0.95698184,1.0,-0.0,0.0,-3.9589184e-05,-0.042978596,0.4396569,0.69173104,0.27721262,2.6659093,0.4098638,7.5787153,0.0,5.6220765,1.2032697,0.3101852,4.9463935,0.0,0.0,0.0,0.0,0.0,0,8.090366,0.0,5.33628,1.6571473,4.5455875,5.136672,3.2761595,0.0,0.26059344,0.0
0,29,30.0,10.0,1.0,1.0,11.0,1.0,1.0,1.0,0.9767817,1.0,-0.0,0.0,-4.3395143e-05,-0.023174895,0.51814765,0.60253984,0.5769556,3.4615324,0.4989333,6.3904934,0.0,6.899953,0.6938288,0.3101852,5.173135,0.0,0.0,0.0,0.0,0.0,0,7.6985335,0.0,6.003278,0.30372125,4.81984,6.942861,2.6835089,0.0,0.0,0.0
1,29,30.0,10.0,1.0,1.0,11.0,1.0,1.0,1.0,0.9647757,1.0,-0.0,0.0,-4.9892962e-05,-0.0351744,0.4738897,0.9405138,0.26282513,2.914199,0.42138264,7.1104636,0.0,6.104994,2.253919,0.30555555,5.463851,0.0,0.0,0.0,0.0,0.0,0,7.8651767,0.0,5.899585,0.62942874,4.566154,5.078656,3.2682748,0.0,2.0584126,0.0
2,29,30.0,10.0,1.0,1.0,11.0,1.0,1.0,1.0,0.9930057,1.0,-0.0,0.0,-4.4897293e-05,-0.0069494257,0.53930694,0.78936714,0.4232847,3.1862266,0.33378693,5.416965,0.0,6.8373876,2.676961,0.2962963,5.3647723,0.0,0.0,0.0,0.0,0.0,0,7.7394,0.0,5.7174354,0.537678,4.8949966,5.841997,3.0266988,0.0,2.9751327,0.0
3,29,30.0,10.0,1.0,1.0,11.0,1.0,1.0,1.0,0.960251,1.0,-0.0,0.0,-4.9494105e-05,-0.039699536,0.46163464,0.8952358,0.36597103,3.136956,0.40192834,7.3819714,0.0,6.523868,1.3730834,0.3148148,5.6131825,0.0,0.0,0.0,0.0,0.0,0,8.130855,0.0,5.988143,0.8012276,4.6305947,4.857922,3.145501,0.0,1.491591,0.0
0,30,31.0,10.0,1.0,1.0,12.0,1.0,1.0,1.0,0.97403747,1.0,-0.0,0.0,-4.3727665e-05,-0.025918776,0.6850183,0.87136614,0.75325257,5.3743024,0.48291603,6.1808233,0.0,9.817803,2.1566293,0.31944445,5.5908623,0.0,0.0,0.0,0.0,0.0,0,7.6890855,0.0,5.9448323,0.78400755,3.5996475,6.8783913,3.0838292,0.0,0.7494472,0.0
1,30,31.0,10.0,1.0,1.0,12.0,1.0,1.0,1.0,0.9652378,1.0,-0.0,0.0,-4.5786423e-05,-0.034716412,0.6983664,1.1752278,0.35896742,3.4804766,0.4251338,7.0829844,0.0,7.5500317,3.7826514,0.30555555,5.810379,0.0,0.0,0.0,0.0,0.0,0,8.133134,0.0,6.101257,0.80145097,4.181946,5.211067,3.5598702,0.0,2.348749,0.0
2,30,31.0,10.0,1.0,1.0,12.0,1.0,1.0,1.0,0.99110967,1.0,-0.0,0.0,-4.558337e-05,-0.008844717,0.7054515,1.0652213,0.5657303,4.0091434,0.3321493,5.5306826,0.0,8.758471,3.8777711,0.2962963,5.6940966,0.0,0.0,0.0,0.0,0.0,0,7.6515837,0.0,5.6469073,0.6362758,4.266954,5.5582433,2.798419,0.0,3.4857235,0.0
3,30,31.0,10.0,1.0,1.0,12.0,1.0,1.0,1.0,0.9614209,1.0,-0.0,0.0,-4.692657e-05,-0.038532212,0.69331264,1.1414226,0.48188213,3.8625546,0.4002917,7.311932,0.0,8.346638,2.963648,0.3148148,5.9524717,0.0,0.0,0.0,0.0,0.0,0,8.017708,0.0,6.1205664,0.69143325,4.004604,4.75508,3.3724391,0.0,1.5287423,0.0
0,31,32.0,10.0,1.0,1.0,13.0,1.0,1.0,1.0,0.98260885,1.0,-0.0,0.0,-4.7291225e-05,-0.0173439,0.45687556,0.97228336,0.5572475,3.217276,0.46445072,6.0406337,0.0,7.126235,-0.15219021,0.33333334,6.1787963,0.0,0.0,0.0,0.0,0.0,0,9.730416,0.0,5.5571704,2.0910985,5.24088,6.917917,3.1595974,0.0,0.9113305,0.0
1,31,32.0,10.0,1.0,1.0,13.0,1.0,1.0,1.0,0.96796024,1.0,-0.0,0.0,-4.7138125e-05,-0.0319926,0.43950713,1.2662163,0.2098733,2.922514,0.4102318,6.919555,0.0,6.0016546,1.3855295,0.30555555,6.409906,0.0,0.0,0.0,0.0,0.0,0,7.8835616,0.0,5.629861,0.82860464,4.9756055,5.084098,2.5845363,0.0,1.0888351,0.0
2,31,32.0,10.0,1.0,1.0,13.0,1.0,1.0,1.0,0.9910551,1.0,-0.0,0.0,-4.598422e-05,-0.008898975,0.46536922,1.1187248,0.3899545,3.029048,0.33054882,5.533938,0.0,6.607378,1.4328854,0.30555555,6.2500043,0.0,0.0,0.0,0.0,0.0,0,8.712889,0.0,5.6591444,1.6122417,4.957364,5.596563,3.1697464,0.0,4.484494,0.0
3,31,32.0,10.0,1.0,1.0,13.0,1.0,1.0,1.0,0.96596503,1.0,-0.0,0.0,-4.692682e-05,-0.03398808,0.46225822,1.1240274,0.28129643,3.0179155,0.37873924,7.039284,0.0,6.5127673,0.83968323,0.3148148,6.5084286,0.0,0.0,0.0,0.0,0.0,0,9.209731,0.0,5.705575,2.0379171,5.101463,4.644205,2.1965241,0.0,0.0,0.0
0,32,33.0,10.0,1.0,1.0,14.0,1.0,1.0,1.0,0.9790525,1.0,-0.0,0.0,-4.754347e-05,-0.02089998,0.5089216,0.97774494,0.56847197,3.0583663,0.48322058,6.2539983,0.0,6.5334196,-0.6648665,0.33333334,6.2980165,0.0,0.0,0.0,0.0,0.0,0,8.46467,0.0,6.0805945,1.1704055,4.843295,5.9667797,3.0336242,0.0,0.7491986,0.0
1,32,33.0,10.0,1.0,1.0,14.0,1.0,1.0,1.0,0.9671403,1.0,-0.0,0.0,-4.1978725e-05,-0.03281775,0.5654756,1.2627301,0.20724288,3.1667585,0.41071028,6.969064,0.0,5.5836697,1.5437258,0.3101852,6.5206065,0.0,0.0,0.0,0.0,0.0,0,8.338342,0.0,6.415979,0.7752124,4.7355585,4.9220786,2.798573,0.0,1.8481337,0.0
2,32,33.0,10.0,1.0,1.0,14.0,1.0,1.0,1.0,0.9889695,1.0,-0.0,0.0,-4.6902685e-05,-0.010983606,0.53852797,1.2109495,0.42758057,3.327316,0.33693725,5.659016,0.0,6.553049,1.1641058,0.30555555,6.383174,0.0,0.0,0.0,0.0,0.0,0,8.272654,0.0,6.333857,0.6497128,4.907783,5.755546,3.2162094,0.0,4.3359327,0.0
3,32,33.0,10.0,1.0,1.0,14.0,1.0,1.0,1.0,0.96448785,1.0,-0.0,0.0,-4.4431745e-05,-0.035467755,0.6311789,1.1238418,0.18931209,3.5380282,0.37811583,7.1280646,0.0,5.663512,1.3201805,0.3148148,6.597242,0.0,0.0,0.0,0.0,0.0,0,9.597331,0.0,6.5763416,1.3537815,5.3424487,4.532038,2.608143,0.0,1.285588,0.0
0,33,34.0,10.0,1.0,1.0,15.0,1.0,1.0,1.0,0.9780651,1.0,-0.0,0.0,-5.25196e-05,-0.021882439,0.5726803,1.3994408,0.5985501,3.9540915,0.47868773,6.312946,0.0,8.560087,-0.1217043,0.33796296,6.997747,0.0,0.0,0.0,0.0,0.0,0,7.721489,0.0,6.439914,0.0,4.146536,5.516519,2.5117679,0.0,0.0,0.0
1,33,34.0,10.0,1.0,1.0,15.0,1.0,1.0,1.0,0.9677409,1.0,-0.0,0.0,-5.170495e-05,-0.032207437,0.6805673,1.6038699,0.2594396,3.331078,0.4079946,6.9324455,0.0,7.0540485,2.3965137,0.3101852,7.1121373,0.0,0.0,0.0,0.0,0.0,0,8.251552,0.0,6.6814613,0.0,4.572997,4.8311186,2.606849,0.0,1.9824411,0.0
2,33,34.0,10.0,1.0,1.0,15.0,1.0,1.0,1.0,0.9881508,1.0,-0.0,0.0,-5.2759773e-05,-0.011796448,0.6065089,1.5880283,0.46599662,3.442484,0.33333266,5.7077866,0.0,8.254284,1.7159516,0.30555555,7.063037,0.0,0.0,0.0,0.0,0.0,0,7.786015,0.0,6.144344,0.0,4.64702,5.511004,2.7605896,0.0,3.3497427,0.0
3,33,34.0,10.0,1.0,1.0,15.0,1.0,1.0,1.0,0.9646468,1.0,-0.0,0.0,-5.4017073e-05,-0.035299156,0.76379776,1.4528188,0.2711653,3.283504,0.37493753,7.117949,0.0,7.086234,2.2562993,0.3148148,7.201919,0.0,0.0,0.0,0.0,0.0,0,8.448843,0.0,6.5924826,0.09627005,4.874319,4.3984804,2.4727108,0.0,1.2846313,0.0
0,34,35.0,10.0,1.0,1.0,16.0,1.0,1.0,1.0,0.97762215,1.0,-0.0,0.0,-4.7732818e-05,-0.022330107,0.45221597,1.4022088,0.6691429,4.455481,0.47567812,6.339806,0.0,9.269997,-1.0331078,0.3472222,7.565056,0.0,0.0,0.0,0.0,0.0,0,6.90235,0.0,5.7017717,0.0007364379,4.406002,5.5500674,2.8354094,0.0,2.1838481,0.0
1,34,35.0,10.0,1.0,1.0,16.0,1.0,1.0,1.0,0.9673271,1.0,-0.0,0.0,-4.6332123e-05,-0.032626547,0.41889325,1.6626623,0.48971224,4.8356743,0.40937465,6.9575925,0.0,9.546578,0.33841375,0.3472222,7.7359757,0.0,0.0,0.0,0.0,0.0,0,6.10066,0.0,5.3436446,0.0,3.1682425,4.4581127,2.6618483,0.0,1.9952278,0.0
2,34,35.0,10.0,1.0,1.0,16.0,1.0,1.0,1.0,0.98716307,1.0,-0.0,0.0,-4.883617e-05,-0.012788142,0.46718568,1.5326942,0.51844597,3.5147197,0.33108804,5.767288,0.0,8.599849,0.5554082,0.3287037,7.6284103,0.0,0.0,0.0,0.0,0.0,0,7.06709,0.0,5.4913635,0.0,4.490091,5.2054424,2.7705193,0.0,3.0245016,0.0
3,34,35.0,10.0,1.0,1.0,16.0,1.0,1.0,1.0,0.964792,1.0,-0.0,0.0,-4.4564207e-05,-0.03516338,0.471713,1.520529,0.5484311,4.6605635,0.3726158,7.1098022,0.0,9.803272,-0.021654181,0.3425926,7.8687615,0.0,0.0,0.0,0.0,0.0,0,6.4862604,0.0,5.5523863,0.0,3.289849,4.1362166,2.5452664,0.0,1.4087222,0.0
0,35,36.0,10.0,1.0,1.0,17.0,1.0,1.0,1.0,0.97756624,1.0,-0.0,0.0,-4.1885094e-05,-0.02239185,0.6360915,1.6169878,0.6665823,4.013632,0.46980876,6.3435106,0.0,9.119772,-0.096150674,0.3472222,7.925235,0.0,0.0,0.0,0.0,0.0,0,7.944821,0.0,6.715313,0.0,4.5579424,5.139848,2.5144851,0.0,2.0681736,0.0
1,35,36.0,10.0,1.0,1.0,17.0,1.0,1.0,1.0,0.96538794,1.0,-0.0,0.0,-4.2936408e-05,-0.03456916,0.5438056,1.8636634,0.55976737,5.160708,0.40871426,6.9134407,0.0,10.533491,0.9121029,0.35185185,8.077432,0.0,0.0,0.0,0.0,0.0,0,7.4424,0.0,6.4207573,0.0,3.951418,4.643506,2.6634312,0.0,1.674695,0.0
2,35,36.0,10.0,1.0,1.0,17.0,1.0,1.0,1.0,0.98533624,1.0,-0.0,0.0,-4.214101e-05,-0.014621635,0.68400574,1.7656784,0.5401261,3.2638967,0.326372,5.8772974,0.0,8.736352,1.8526194,0.3287037,7.9684677,0.0,0.0,0.0,0.0,0.0,0,8.08367,0.0,6.44996,0.0,5.17074,5.183764,2.659022,0.0,2.333897,0.0
3,35,36.0,10.0,1.0,1.0,17.0,1.0,1.0,1.0,0.9465891,1.0,-0.0,0.0,-4.1990465e-05,-0.05336895,0.5022004,1.788337,0.7219595,6.1396375,0.37090027,7.0624986,0.0,11.996411,-0.3119698,0.35185185,8.278141,0.0,0.0,0.0,0.0,0.0,0,7.793569,0.0,6.415709,0.0,4.0060954,4.205057,2.577476,0.0,1.3622907,0.0
0,36,37.0,10.0,1.0,1.0,18.0,1.0,1.0,1.0,0.9771642,1.0,-0.0,0.0,-4.7544672e-05,-0.0227882,0.50629115,1.5571841,0.5648116,3.2954025,0.46178725,6.3672915,0.0,8.101302,-1.5520705,0.35185185,8.426777,0.0,0.0,0.0,0.0,0.0,0,7.359212,0.0,6.1175723,0.0,4.1788015,4.795042,2.3777664,0.0,1.9255201,0.0
1,36,37.0,10.0,1.0,1.0,18.0,1.0,1.0,1.0,0.9637214,1.0,-0.0,0.0,-4.7885354e-05,-0.036230765,0.5993836,1.5568548,0.37905696,3.1199412,0.39806893,7.1738453,0.0,8.013737,0.95527154,0.35185185,8.49592,0.0,0.0,0.0,0.0,0.0,0,6.8845267,0.0,6.6567345,0.0,3.6686616,4.3818045,2.5913281,0.0,1.7320222,0.0
2,36,37.0,10.0,1.0,1.0,18.0,1.0,1.0,1.0,0.98205864,1.0,-0.0,0.0,-4.802822e-05,-0.017893324,0.55092686,1.6229652,0.51695794,3.1229508,0.32300687,6.073599,0.0,8.152204,0.38963836,0.33333334,8.416118,0.0,0.0,0.0,0.0,0.0,0,6.537685,0.0,5.920716,0.0,4.085057,4.971477,2.583197,0.0,1.9431558,0.0
3,36,37.0,10.0,1.0,1.0,18.0,1.0,1.0,1.0,0.9629521,1.0,-0.0,0.0,-4.9977272e-05,-0.03699798,0.521132,1.5687975,0.4703771,3.7948778,0.366297,7.219878,0.0,9.535494,-0.42750594,0.3564815,8.676871,0.0,0.0,0.0,0.0,0.0,0,6.7251997,0.0,6.5571194,0.0,3.2690709,3.7573426,2.4384038,0.0,1.4080883,0.0
0,37,38.0,10.0,1.0,1.0,19.0,1.0,1.0,1.0,0.97755146,1.0,-0.0,0.0,-4.8480546e-05,-0.022400081,0.536767,1.7817782,0.70840853,4.384634,0.4504611,6.3440046,0.0,10.110831,-1.1815158,0.35185185,8.824268,0.0,0.0,0.0,0.0,0.0,0,7.694309,0.0,6.7965217,0.0,3.5300543,4.994405,2.1044984,0.0,0.0,0.0
1,37,38.0,10.0,1.0,1.0,19.0,1.0,1.0,1.0,0.9648233,1.0,-0.0,0.0,-5.0035975e-05,-0.03512666,0.718664,1.7249918,0.43897325,3.0522175,0.395591,7.1075993,0.0,8.499116,1.5905602,0.35185185,8.808567,0.0,0.0,0.0,0.0,0.0,0,7.9481816,0.0,6.453328,0.0,5.091681,4.5447736,2.1081147,0.0,0.8543764,0.0
2,37,38.0,10.0,1.0,1.0,19.0,1.0,1.0,1.0,0.9823527,1.0,-0.0,0.0,-4.8837515e-05,-0.017598523,0.5778,1.8799839,0.6657076,3.767342,0.31545395,6.055911,0.0,10.216558,0.52589273,0.33796296,8.828741,0.0,0.0,0.0,0.0,0.0,0,7.313074,0.0,5.6984143,0.0,5.112374,5.2069325,2.1552665,0.0,1.3698924,0.0
3,37,38.0,10.0,1.0,1.0,19.0,1.0,1.0,1.0,0.9631413,1.0,-0.0,0.0,-4.88917e-05,-0.036809795,0.7838018,1.6959094,0.42480296,3.2612576,0.36342558,7.208587,0.0,9.000646,1.2887651,0.3564815,8.938741,0.0,0.0,0.0,0.0,0.0,0,8.460149,0.0,6.789497,0.0,5.0871687,3.8467257,2.2212908,0.0,0.76605725,0.0
0,38,39.0,10.0,1.0,1.0,20.0,1.0,1.0,1.0,0.9710392,1.0,-0.0,0.0,-4.623124e-05,-0.02891456,0.5400505,1.7040269,0.6302196,3.2756274,0.43070474,6.7348733,0.0,8.985484,-0.67786777,0.35185185,9.231706,0.0,0.0,0.0,0.0,0.0,0,6.4580855,0.0,5.9889913,0.0,4.273763,3.7774134,1.9547852,0.0,0.0,0.0
1,38,39.0,10.0,1.0,1.0,20.0,1.0,1.0,1.0,0.9576554,1.0,-0.0,0.0,-4.4818633e-05,-0.04229983,0.6501127,1.4767128,0.4888048,2.535589,0.36219087,7.537989,0.0,8.23969,1.5965263,0.35185185,9.185037,0.0,0.0,0.0,0.0,0.0,0,6.3720036,0.0,4.772749,0.0,5.641628,3.995402,2.007808,0.0,0.8507034,0.0
2,38,39.0,10.0,1.0,1.0,20.0,1.0,1.0,1.0,0.9747596,1.0,-0.0,0.0,-4.642894e-05,-0.025194013,0.56394225,1.6678804,0.6746308,2.9219782,0.2896372,6.5116405,0.0,9.368693,0.9096032,0.3425926,9.191532,0.0,0.0,0.0,0.0,0.0,0,6.5408273,0.0,5.465542,0.0,4.6616883,4.010893,2.0092118,0.0,1.21478,0.0
3,38,39.0,10.0,1.0,1.0,20.0,1.0,1.0,0.0,0.95583737,1.0,-0.0,0.0,-4.3777534e-05,-0.044118896,0.77048874,1.4077884,0.41445103,2.969807,0.33411247,7.6471334,0.0,7.8917513,1.5648017,0.3564815,8.938741,0.0,0.0,0.0,0.0,0.0,0,7.972636,0.0,6.683886,0.0,4.9646173,3.462337,2.4597032,0.0,1.0169258,0.0
0,39,40.0,10.0,1.0,1.0,21.0,1.0,1.0,1.0,0.9717179,1.0,-0.0,0.0,-4.792606e-05,-0.028234202,0.57307,1.9396077,0.6517304,3.6055307,0.4274135,6.6940517,0.0,9.7947645,-0.536683,0.3564815,9.638066,0.0,0.0,0.0,0.0,0.0,0,8.126194,0.0,7.1072392,0.0,3.9971182,4.640052,2.028751,0.0,0.39670172,0.0
1,39,40.0,10.0,1.0,1.0,21.0,1.0,1.0,1.0,0.96085984,1.0,-0.0,0.0,-4.8649967e-05,-0.039091505,0.49953237,1.7170278,0.57773167,3.5382495,0.35798457,7.34549,0.0,10.062414,-0.00011082739,0.3611111,9.627522,0.0,0.0,0.0,0.0,0.0,0,7.333457,0.0,6.0948944,0.0,4.3199854,4.542472,1.8741024,0.0,0.5162532,0.0
2,39,40.0,10.0,1.0,1.0,21.0,1.0,1.0,1.0,0.9760063,1.0,-0.0,0.0,-4.9510654e-05,-0.023944117,0.59948933,1.9187508,0.7020019,3.2182493,0.28283143,6.4366465,0.0,10.158789,0.8282503,0.3425926,9.603737,0.0,0.0,0.0,0.0,0.0,0,7.927926,0.0,6.25663,0.0,5.2817235,5.412055,1.5610489,0.0,0.69050646,0.0
3,39,40.0,10.0,1.0,1.0,21.0,1.0,1.0,1.0,0.9574953,1.0,-0.0,0.0,-5.2571588e-05,-0.042452145,0.5765624,1.639503,0.5435372,3.315532,0.3385256,7.547128,0.0,10.047803,-0.5951216,0.3564815,9.314563,0.0,0.0,0.0,0.0,0.0,0,8.381167,0.0,6.47492,0.0,5.236492,3.8948271,2.055557,0.0,0.40363762,0.0
0,40,41.0,10.0,1.0,1.0,22.0,1.0,1.0,1.0,0.96913785,1.0,-0.0,0.0,-4.5044697e-05,-0.03081708,0.5174026,1.9556942,0.575206,3.0093439,0.40906438,6.8490243,0.0,9.084671,-0.8441014,0.3611111,10.10842,0.0,0.0,0.0,0.0,0.0,0,7.227123,0.0,6.2868795,0.0,4.0726132,4.6644034,2.0810459,0.0,0.28181258,0.0
1,40,41.0,10.0,1.0,1.0,22.0,1.0,1.0,1.0,0.95743436,1.0,-0.0,0.0,-4.6079316e-05,-0.042519562,0.45149028,1.703671,0.5437006,3.273715,0.34239563,7.551173,0.0,9.932204,-0.16194674,0.36574075,10.0965185,0.0,0.0,0.0,0.0,0.0,0,6.714769,0.0,5.4682627,0.0,5.1072874,4.579599,2.514718,0.0,0.38888553,0.1339903
2,40,41.0,10.0,1.0,1.0,22.0,1.0,1.0,1.0,0.9724886,1.0,-0.0,0.0,-4.612718e-05,-0.027465278,0.57409143,1.8985378,0.6662391,2.8621626,0.270526,6.6479163,0.0,9.797795,0.6451206,0.3425926,10.03904,0.0,0.0,0.0,0.0,0.0,0,6.919279,0.0,5.271057,0.0,5.8333426,5.2939515,2.0926683,0.0,0.3575897,0.0
3,40,41.0,10.0,1.0,1.0,22.0,1.0,1.0,1.0,0.95441324,1.0,-0.0,0.0,-4.693814e-05,-0.04553983,0.39768293,1.6444166,0.5722518,3.756938,0.3357209,7.7323895,0.0,10.886182,-1.9497452,0.36574075,9.910463,0.0,0.0,0.0,0.0,0.0,0,6.878212,0.0,4.958542,0.0,5.5705085,3.986519,2.1675546,0.0,0.21291208,0.0
0,41,42.0,10.0,1.0,1.0,23.0,1.0,1.0,1.0,0.9678242,1.0,-0.0,0.0,-4.7446825e-05,-0.032128327,0.4275553,2.1385386,0.67952365,4.1092367,0.4103749,6.927699,0.0,10.904955,-1.7501833,0.37962964,10.484738,0.0,0.0,0.0,0.0,0.0,0,7.6752124,0.0,6.90774,0.0,3.5247498,4.3119144,1.9764352,0.0,0.18042779,0.0
1,41,42.0,10.0,1.0,1.0,23.0,1.0,1.0,1.0,0.9609082,1.0,-0.0,0.0,-5.1871753e-05,-0.03903995,0.3995709,1.847148,0.62178934,3.9208891,0.33658206,7.3423967,0.0,11.028997,-1.0025231,0.375,10.427702,0.0,0.0,0.0,0.0,0.0,0,7.253147,0.0,6.409845,0.0,4.145777,4.273865,2.112885,0.0,0.16958158,0.96540797
2,41,42.0,10.0,1.0,1.0,23.0,1.0,1.0,1.0,0.9726995,1.0,-0.0,0.0,-4.939664e-05,-0.027251067,0.4023019,2.1609194,0.75357366,4.2221813,0.26739806,6.6350636,0.0,11.934195,-0.8893972,0.38425925,10.4788475,0.0,0.0,0.0,0.0,0.0,0,7.38685,0.0,5.8305607,0.0,4.8565803,4.96613,1.7372218,0.0,0.28347725,0.0
3,41,42.0,10.0,1.0,1.0,23.0,1.0,1.0,1.0,0.956845,1.0,-0.0,0.0,-5.0709346e-05,-0.04310427,0.3909979,1.8022634,0.64362,4.2065773,0.33377692,7.5862556,0.0,11.781592,-2.3392878,0.37037036,10.243567,0.0,0.0,0.0,0.0,0.0,0,7.728359,0.0,6.399027,0.0,4.5704837,3.7151124,2.176945,0.0,0.10182489,1.6352412
0,42,43.0,10.0,1.0,1.0,24.0,1.0,1.0,1.0,0.96756035,1.0,-0.0,0.0,-4.408057e-05,-0.032395564,0.46236366,2.1560473,0.57780343,3.163296,0.40341112,6.943733,0.0,9.753526,-1.5360723,0.38425925,10.754232,0.0,0.0,0.0,0.0,0.0,0,7.749974,0.0,6.4868546,0.0,3.7452135,4.2469687,1.9837182,0.0,0.0,0.84270203
1,42,43.0,10.0,1.0,1.0,24.0,1.0,1.0,1.0,0.96405774,1.0,-0.0,0.0,-4.311833e-05,-0.03589914,0.50269103,1.8098464,0.5107112,2.8597002,0.33300772,7.153948,0.0,9.430443,-0.655449,0.375,10.669468,0.0,0.0,0.0,0.0,0.0,0,7.534509,0.0,6.1777854,0.0,4.222378,4.1805468,2.1363592,0.0,0.0,1.0325724
2,42,43.0,10.0,1.0,1.0,24.0,1.0,1.0,1.0,0.9720711,1.0,-0.0,0.0,-4.6174227e-05,-0.027882682,0.36039725,2.1599271,0.677349,3.4773264,0.26306322,6.6729603,0.0,11.253789,-1.5692254,0.3888889,10.775455,0.0,0.0,0.0,0.0,0.0,0,7.2660465,0.0,5.7611737,0.0,4.271104,4.7980576,1.5883583,0.0,0.19669287,0.0
3,42,43.0,10.0,1.0,1.0,24.0,1.0,1.0,1.0,0.9586698,1.0,-0.0,0.0,-4.2364594e-05,-0.041287865,0.51400065,1.7341163,0.49860212,3.1344595,0.33282652,7.4772716,0.0,9.934382,-1.8562069,0.37037036,10.469589,0.0,0.0,0.0,0.0,0.0,0,7.6964607,0.0,6.2610574,0.0,4.324405,3.746185,1.9286487,0.0,0.0,2.2450938
0,43,44.0,10.0,1.0,1.0,25.0,1.0,1.0,1.0,0.96924543,1.0,-0.0,0.0,-4.4312445e-05,-0.03071031,0.5604185,2.165426,0.599417,3.3077316,0.37635976,6.842618,0.0,10.180219,-0.5111238,0.38425925,11.368583,0.0,0.0,0.0,0.0,0.0,0,7.154017,0.0,6.1445003,0.0,3.6909237,4.2544136,1.9435796,0.0,0.0,0.98473436
1,43,44.0,10.0,1.0,1.0,25.0,1.0,1.0,1.0,0.9686244,1.0,-0.0,0.0,-4.5140532e-05,-0.031330477,0.5527295,1.7984742,0.54951435,3.07343,0.31162506,6.879828,0.0,10.116005,-0.2473751,0.375,11.2799425,0.0,0.0,0.0,0.0,0.0,0,6.8802843,0.0,5.513183,0.0,4.1839375,4.0141044,1.8768845,0.0,0.0,1.3889298
2,43,44.0,10.0,1.0,1.0,25.0,1.0,1.0,1.0,0.97306275,1.0,-0.0,0.0,-4.8694234e-05,-0.026888527,0.5214181,2.147189,0.6841424,3.3369477,0.2487825,6.6133113,0.0,11.2336645,-0.17192495,0.3888889,11.367864,0.0,0.0,0.0,0.0,0.0,0,7.0186224,0.0,5.5594726,0.0,4.4050865,4.7020683,1.6678644,0.0,0.0,0.0
3,43,44.0,10.0,1.0,1.0,25.0,1.0,1.0,1.0,0.96201223,1.0,-0.0,0.0,-4.432742e-05,-0.03794345,0.58981216,1.7228737,0.52203363,3.134959,0.3154545,7.2766066,0.0,10.361202,-1.1442182,0.37037036,11.0803175,0.0,0.0,0.0,0.0,0.0,0,7.1237035,0.0,5.643735,0.0,4.38836,3.57624,1.9500067,0.0,0.0,2.7586117
0,44,45.0,10.0,1.0,1.0,26.0,1.0,1.0,1.0,0.97117454,1.0,-0.0,0.0,-3.6927468e-05,-0.028788522,0.46579018,2.3680627,0.5996351,3.8404005,0.35319352,6.7273107,0.0,11.046871,-1.1476306,0.3935185,12.157286,0.0,0.0,0.0,0.0,0.0,0,7.413452,0.0,6.4176707,0.0,3.0391777,4.171372,1.903129,0.0,0.0,1.2906159
1,44,45.0,10.0,1.0,1.0,26.0,1.0,1.0,1.0,0.9738681,1.0,-0.0,0.0,-3.766656e-05,-0.026094262,0.40839538,2.0054557,0.5678428,3.8576877,0.29233158,6.565655,0.0,11.358185,-1.4128228,0.3888889,12.080464,0.0,0.0,0.0,0.0,0.0,0,6.7710195,0.0,5.610995,0.0,3.8136618,3.8970685,1.8335068,0.0,0.0,1.7381622
2,44,45.0,10.0,1.0,1.0,26.0,1.0,1.0,1.0,0.9763223,1.0,-0.0,0.0,-4.020408e-05,-0.023637498,0.600487,2.2587898,0.6698353,3.0841084,0.23159778,6.4182496,0.0,11.086794,0.5379887,0.3888889,12.05785,0.0,0.0,0.0,0.0,0.0,0,7.476566,0.0,5.845183,0.0,4.675313,4.4652786,1.574889,0.0,0.0,0.0
3,44,45.0,10.0,1.0,1.0,26.0,1.0,1.0,1.0,0.96598387,1.0,-0.0,0.0,-3.7323396e-05,-0.033978805,0.422154,1.9508017,0.5609031,3.8477314,0.29911327,7.0387278,0.0,11.754717,-2.4194894,0.3888889,11.91092,0.0,0.0,0.0,0.0,0.0,0,7.2268023,0.0,5.7887335,0.0,4.0600433,3.4333432,2.0251126,0.0,0.0,3.0158143
0,45,46.0,10.0,1.0,1.0,27.0,1.0,1.0,1.0,0.9739364,1.0,-0.0,0.0,-4.0952335e-05,-0.026022673,0.46992078,2.38668,0.5935625,3.567992,0.32459337,6.56136,0.0,10.914266,-1.0145781,0.4074074,12.7515135,0.0,0.0,0.0,0.0,0.0,0,7.1604896,0.0,6.251523,0.0,3.4892192,4.082013,1.9601172,0.0,0.0,1.4345341
1,45,46.0,10.0,1.0,1.0,27.0,1.0,1.0,1.0,0.9790502,1.0,-0.0,0.0,-4.1416068e-05,-0.020908333,0.42806193,2.0195975,0.56473273,3.6576955,0.27420923,6.2544994,0.0,11.297785,-1.4428115,0.4074074,12.673543,0.0,0.0,0.0,0.0,0.0,0,7.1000705,0.0,5.757606,0.0,3.9595852,3.752248,1.8667732,0.0,0.0,2.056901
2,45,46.0,10.0,1.0,1.0,27.0,1.0,1.0,1.0,0.97905403,1.0,-0.0,0.0,-4.182591e-05,-0.02090415,0.58752114,2.327067,0.6539658,3.003616,0.21721038,6.2542486,0.0,11.112871,0.31344685,0.3935185,12.689071,0.0,0.0,0.0,0.0,0.0,0,7.2751265,0.0,5.7433076,0.0,4.468535,4.240596,1.6477199,0.0,0.0,0.5826249
3,45,46.0,10.0,1.0,1.0,27.0,1.0,1.0,1.0,0.97026294,1.0,-0.0,0.0,-4.225547e-05,-0.029694801,0.40924734,2.004112,0.55293053,3.7866178,0.28164846,6.7816877,0.0,11.872319,-2.6046178,0.4074074,12.539458,0.0,0.0,0.0,0.0,0.0,0,7.1563616,0.0,5.779251,0.0,3.9927626,3.4114385,2.0478644,0.0,0.0,3.4202018
0,46,47.0,10.0,1.0,1.0,28.0,1.0,1.0,1.0,0.9772729,1.0,-0.0,0.0,-3.7318725e-05,-0.02268976,0.602806,2.474944,0.5742592,3.256213,0.2955167,6.3613853,0.0,10.536797,0.41447115,0.4074074,13.601959,0.0,0.0,0.0,0.0,0.0,0,7.3481264,0.0,6.2820954,0.0,3.7303488,3.947818,1.8771197,0.0,0.0,0.48409063
1,46,47.0,10.0,1.0,1.0,28.0,1.0,1.0,1.0,0.9835591,1.0,-0.0,0.0,-3.689143e-05,-0.016404023,0.5858742,2.106214,0.54103714,3.3502924,0.25988948,5.984241,0.0,10.914662,0.0072801486,0.4074074,13.52845,0.0,0.0,0.0,0.0,0.0,0,7.2758265,0.0,5.8317804,0.0,4.327304,3.7446923,1.9317418,0.0,0.0,1.246782
2,46,47.0,10.0,1.0,1.0,28.0,1.0,1.0,1.0,0.98258704,1.0,-0.0,0.0,-3.6662284e-05,-0.0173763,0.4613012,2.463025,0.66681576,3.5486324,0.2025072,6.0425777,0.0,12.046962,-0.67749524,0.4027778,13.608141,0.0,0.0,0.0,0.0,0.0,0,7.0046325,0.0,5.5509586,0.0,4.3078256,3.5809388,1.6734388,0.0,0.0,1.0022445
3,46,47.0,10.0,1.0,1.0,28.0,1.0,1.0,1.0,0.9748119,1.0,-0.0,0.0,-3.816094e-05,-0.025149915,0.5647376,2.0778866,0.5220605,3.4777765,0.25995305,6.5089946,0.0,11.514797,-1.0495772,0.4074074,13.388318,0.0,0.0,0.0,0.0,0.0,0,7.25043,0.0,5.904687,0.0,4.2930126,3.2251916,1.9834645,0.0,0.0,3.9952283
0,47,48.0,10.0,1.0,1.0,29.0,1.0,1.0,1.0,0.98186815,1.0,-0.0,0.0,-3.8841674e-05,-0.018092964,0.8060977,2.6174664,0.58319414,3.240308,0.26067448,6.0855775,0.0,10.736049,2.4592056,0.4074074,14.477871,0.0,0.0,0.0,0.0,0.0,0,8.061716,0.0,6.862468,0.0,4.027028,3.5043952,1.9228973,0.16089997,0.0,1.3405666
1,47,48.0,10.0,1.0,1.0,29.0,1.0,1.0,1.0,0.9893938,1.0,-0.0,0.0,-3.6282214e-05,-0.01056991,0.7568106,2.2813878,0.541434,3.4150877,0.24417274,5.634194,0.0,11.214944,1.4537619,0.4074074,14.445825,0.0,0.0,0.0,0.0,0.0,0,7.9082084,0.0,6.1678133,0.0,4.8569255,3.0134876,1.9625512,0.0,0.0,1.3484782
2,47,48.0,10.0,1.0,1.0,29.0,1.0,1.0,1.0,0.9877059,1.0,-0.0,0.0,-3.69842e-05,-0.01225718,0.40475726,2.7144606,0.73526955,4.8791924,0.19860686,5.7354302,0.0,13.656347,-1.1747098,0.44444445,14.576432,0.0,0.0,0.0,0.0,0.0,0,7.3979573,0.0,5.699666,0.0,4.7428193,3.3702621,1.7346805,0.0,0.0,1.136288
3,47,48.0,10.0,1.0,1.0,29.0,1.0,1.0,1.0,0.9789042,1.0,-0.0,0.0,-3.737286e-05,-0.021058463,0.7782407,2.2799065,0.51138914,3.4402092,0.24845861,6.2635074,0.0,11.681335,0.85987616,0.4074074,14.319823,0.0,0.0,0.0,0.0,0.0,0,8.169302,0.0,6.3780103,0.0,4.955836,2.6393282,2.1126752,0.0,0.0,3.959809
0,48,49.0,10.0,1.0,1.0,30.0,1.0,1.0,1.0,0.98527867,1.0,-0.0,0.0,-3.5348767e-05,-0.014686009,0.8889269,2.5927525,0.5415411,2.8695374,0.25120872,5.8811603,0.0,9.636474,2.7998145,0.4074074,15.1959305,0.0,0.0,0.0,0.0,0.0,0,7.9217896,0.0,6.622961,0.0,3.1718845,3.1433218,1.5928841,0.47404656,0.0,0.7709483
1,48,49.0,10.0,1.0,1.0,30.0,1.0,1.0,1.0,0.9952279,1.0,-0.0,0.0,-3.4730743e-05,-0.0047373693,0.8099094,2.2168453,0.5099555,2.9608319,0.22739883,5.2842417,0.0,10.31536,1.4982754,0.4074074,15.142602,0.0,0.0,0.0,0.0,0.0,0,7.5830607,0.0,6.064401,0.0,4.5707645,3.0320327,1.617926,0.6828184,0.0,0.62838095
2,48,49.0,10.0,1.0,1.0,30.0,1.0,1.0,1.0,0.9934352,1.0,-0.0,0.0,-3.7911337e-05,-0.0065268646,0.4992444,2.6775467,0.6699233,3.649768,0.19723116,5.3916116,0.0,12.471629,-0.7158061,0.4537037,15.292482,0.0,0.0,0.0,0.0,0.0,0,7.309769,0.0,5.8154216,0.0,4.2814207,3.144411,1.7198894,0.0,0.0,1.0932668
3,48,49.0,10.0,1.0,1.0,30.0,1.0,1.0,1.0,0.9834557,1.0,-0.0,0.0,-3.5663063e-05,-0.016508652,0.82256794,2.2226741,0.46036145,3.0220625,0.23692073,5.9905186,0.0,10.7935705,1.2090886,0.4074074,15.022079,0.0,0.0,0.0,0.0,0.0,0,7.6445336,0.0,6.1166773,0.0,4.700229,2.71227,1.8873812,0.5185409,0.0,3.5810294
0,49,50.0,10.0,1.0,1.0,31.0,1.0,1.0,1.0,0.98857653,1.0,-0.0,0.0,-3.4876866e-05,-0.011388601,0.5098179,2.5923393,0.5722378,3.27228,0.25305226,5.6833158,0.0,10.870095,-0.33095014,0.43055555,15.9551115,0.0,0.0,0.0,0.0,0.0,0,7.5589647,0.0,6.006885,0.0,3.740187,3.0243688,1.4634043,0.61256546,0.0,0.016382841
1,49,50.0,10.0,1.0,1.0,31.0,1.0,1.0,1.0,0.9979794,1.0,-0.0,0.0,-3.5225352e-05,-0.0019853865,0.41181856,2.241206,0.54542667,3.4759753,0.24857765,5.119123,0.0,11.458479,-1.8908252,0.44444445,15.9298315,0.0,0.0,0.0,0.0,0.0,0,6.9962435,0.0,5.645306,0.0,3.9086928,2.9798298,1.9224734,0.6735174,0.0,1.733739
2,49,50.0,10.0,1.0,1.0,31.0,1.0,1.0,1.0,0.9984006,1.0,-0.0,0.0,-3.5654735e-05,-0.0015637433,0.5489714,2.6403673,0.6703801,3.1845062,0.19347388,5.0938244,0.0,11.984016,-0.32139942,0.4537037,15.994861,0.0,0.0,0.0,0.0,0.0,0,7.1947765,0.0,5.6710243,0.0,4.502854,3.1636033,1.623098,0.0,0.0,0.66296583
3,49,50.0,10.0,1.0,1.0,31.0,1.0,1.0,1.0,0.98685884,1.0,-0.0,0.0,-3.670378e-05,-0.0131044155,0.4542824,2.237579,0.5181424,3.430639,0.23956981,5.7862644,0.0,11.888145,-2.1309676,0.44907406,15.801273,0.0,0.0,0.0,0.0,0.0,0,7.013758,0.0,5.647027,0.0,3.9698777,2.683806,1.9121891,0.86683905,0.0,3.2615032
0,50,51.0,10.0,1.0,1.0,32.0,1.0,1.0,1.0,0.991144,1.0,-0.0,0.0,-3.4845038e-05,-0.008821118,0.06809011,2.7429924,0.61765546,4.4752927,0.29339138,5.529267,0.0,12.492818,-4.2162213,0.5138889,16.860218,0.0,0.0,0.0,0.0,0.0,0,7.2431693,0.0,6.3806834,0.0,3.01118,2.629348,1.6675397,0.9324265,0.0,1.7158387
1,50,51.0,10.0,1.0,1.0,32.0,1.0,1.0,1.0,0.99922633,1.0,-0.0,0.0,-3.368242e-05,-0.0007400012,0.093486905,2.4008875,0.56628823,4.366384,0.28662413,5.0443997,0.0,12.551066,-5.0147653,0.5185185,16.849297,0.0,0.0,0.0,0.0,0.0,0,7.2294974,0.0,5.9842744,0.0,3.7692027,2.8314085,1.7163583,1.1258833,0.0,3.1161907
2,50,51.0,10.0,1.0,1.0,32.0,1.0,1.0,1.0,0.9999674,1.0,-0.0,0.0,-3.2593445e-05,-0.0,0.49295947,2.7208729,0.66539073,3.1697233,0.19961928,4.78293,1.0,12.098167,-0.99048764,0.46296296,16.809502,0.0,0.0,0.0,0.0,0.0,0,7.151195,0.0,5.712941,0.0,4.3882666,3.1767952,1.6511744,0.0,0.0,0.7234468
3,50,51.0,10.0,1.0,1.0,32.0,1.0,1.0,1.0,0.98766744,1.0,-0.0,0.0,-3.4468187e-05,-0.012298126,0.16044751,2.389599,0.5456765,4.121221,0.27746022,5.737887,0.0,12.799171,-5.078667,0.5046296,16.717781,0.0,0.0,0.0,0.0,0.0,0,7.516679,0.0,6.044412,0.0,4.1102166,2.7619827,1.8149176,1.3763494,0.0,3.8551412
0,51,52.0,10.0,1.0,1.0,33.0,1.0,1.0,1.0,0.99506414,1.0,-0.0,0.0,-3.8062193e-05,-0.0048977435,0.11228938,2.8030634,0.63166505,4.681849,0.33665815,5.2938643,0.0,12.782775,-6.2491846,0.5601852,17.652079,0.0,0.0,0.0,0.0,0.0,0,7.333888,0.0,6.337039,0.0,3.243892,2.777011,1.7914139,1.3510034,0.0,3.161848
1,51,52.0,10.0,1.0,1.0,33.0,1.0,1.0,1.0,0.99996233,1.0,-0.0,0.0,-3.7640977e-05,-0.0,0.059914403,2.4527273,0.53631103,4.0307593,0.32530242,4.9641395,1.0,12.222774,-5.70899,0.5324074,17.637444,0.0,0.0,0.0,1.0,0.0,0,7.5797997,0.0,6.1548395,0.0,4.057864,2.915982,1.6890502,1.6929166,0.0,3.4297457
2,51,52.0,10.0,1.0,1.0,33.0,1.0,1.0,1.0,0.9999653,1.0,-0.0,0.0,-3.468696e-05,-0.0,0.23370236,2.7719922,0.6722342,3.38747,0.2357819,4.650474,1.0,12.469605,-3.5148532,0.5138889,17.587858,0.0,0.0,0.0,0.0,0.0,0,7.2196136,0.0,5.7123685,0.0,4.360379,2.7958817,1.6318239,0.6163556,0.0,2.1548433
3,51,52.0,10.0,1.0,1.0,33.0,1.0,1.0,1.0,0.9882725,1.0,-0.0,0.0,-3.8589464e-05,-0.011688929,0.16350895,2.4192464,0.5095449,3.6717935,0.31447768,5.7013354,0.0,12.364273,-5.3918014,0.5138889,17.47992,0.0,0.0,0.0,0.0,0.0,0,7.62089,0.0,6.1525455,0.0,4.3289256,2.6265895,1.8096007,1.8276165,0.0,4.156816
0,52,53.0,10.0,1.0,1.0,34.0,1.0,1.0,1.0,0.99959654,1.0,-0.0,0.0,-3.4215984e-05,-0.00036927132,0.07971879,2.8629189,0.5934305,3.8908255,0.37723672,5.022156,0.0,11.825051,-4.971386,0.5601852,18.459635,0.0,0.0,0.0,0.0,0.0,0,7.61358,0.0,6.6722345,0.0,3.5598197,3.0017476,1.7308146,1.3841338,0.0,3.4224463
1,52,53.0,10.0,1.0,1.0,34.0,1.0,1.0,1.0,0.99996763,1.0,-0.0,0.0,-3.2360767e-05,-0.0,0.21477565,2.5030227,0.5041881,3.482725,0.35761845,4.875661,1.0,11.485593,-4.4641056,0.537037,18.448868,0.0,0.0,0.0,1.0,0.0,0,7.5771728,0.0,6.137659,0.0,4.3642073,3.0592089,1.6967227,1.8533937,0.0,4.1094933
2,52,53.0,10.0,1.0,1.0,34.0,1.0,1.0,1.0,0.99996734,1.0,-0.0,0.0,-3.266046e-05,-0.0,0.018246658,2.8710728,0.68709075,4.062679,0.2766286,4.521759,1.0,13.156701,-6.0343046,0.5601852,18.457832,0.0,0.0,0.0,0.0,0.0,0,7.084205,0.0,5.6426444,0.0,4.310872,2.7450936,1.5502262,0.9833272,0.0,3.2542894
3,52,53.0,10.0,1.0,1.0,34.0,1.0,1.0,1.0,0.98964036,1.0,-0.0,0.0,-3.324382e-05,-0.0103263995,0.29799974,2.4552078,0.47283974,3.1950586,0.3440766,5.6195836,0.0,11.693844,-4.246938,0.5138889,18.280323,0.0,0.0,0.0,1.0,0.0,0,7.6844683,0.0,6.1686563,0.0,4.608967,2.9665008,1.5247476,2.3389442,0.0,4.7230473
0,53,54.0,10.0,1.0,1.0,35.0,1.0,1.0,1.0,0.99996805,1.0,-0.0,0.0,-3.1943833e-05,-0.0,0.21175742,2.85466,0.5775759,3.0719016,0.41566128,4.745792,1.0,10.605822,-4.263158,0.5648148,18.75746,0.0,0.0,0.0,0.0,0.0,0,7.921161,0.0,6.6026754,0.0,4.2575307,3.0763168,1.8268206,1.6420134,0.0,3.7273571
1,53,54.0,10.0,1.0,1.0,35.0,1.0,1.0,1.0,0.9999682,1.0,-0.0,0.0,-3.1813743e-05,-0.0,0.15185066,2.493025,0.49831453,3.0427136,0.38622835,4.708362,1.0,10.940532,-5.2605853,0.5509259,18.743544,0.0,0.0,0.0,1.0,0.0,0,7.5737605,0.0,6.1119175,0.0,4.542647,3.0359607,1.3983293,2.4842417,0.0,4.392552
2,53,54.0,10.0,1.0,1.0,35.0,1.0,1.0,1.0,0.9999653,1.0,-0.0,0.0,-3.4707984e-05,-0.0,0.022856891,2.866422,0.67858064,3.2094808,0.32324967,4.3500376,1.0,12.366219,-6.2050447,0.5740741,18.714422,0.0,0.0,0.0,1.0,0.0,0,7.5199046,0.0,5.9521203,0.0,4.457916,2.9166272,1.4722891,1.6322845,0.0,3.5571394
3,53,54.0,10.0,1.0,1.0,35.0,1.0,1.0,1.0,0.99133044,1.0,-0.0,0.0,-3.2742104e-05,-0.008636845,0.18063262,2.4491546,0.4726815,2.939073,0.36788967,5.5182104,0.0,11.402974,-5.4828777,0.537037,18.557587,0.0,0.0,0.0,1.0,0.0,0,7.699525,0.0,6.0626225,0.0,4.593588,2.8563254,1.543027,2.5607667,0.0,4.717444
0,54,55.0,10.0,1.0,1.0,36.0,1.0,1.0,1.0,0.99996835,1.0,-0.0,0.0,-3.1620973e-05,-0.0,0.3976125,2.9804404,0.58765274,3.4912558,0.4472831,4.4948425,1.0,11.41418,-3.0889463,0.5648148,19.037933,0.0,0.0,0.0,0.0,0.0,0,8.245162,0.0,7.0086913,0.0,4.012856,3.2958055,1.7677485,1.7736245,0.0,4.073623
1,54,55.0,10.0,1.0,1.0,36.0,1.0,1.0,1.0,0.9999679,1.0,-0.0,0.0,-3.2119908e-05,-0.0,0.32984018,2.624674,0.517728,3.6783965,0.4092464,4.6095533,1.0,11.928082,-3.9491127,0.5509259,19.022625,0.0,0.0,0.0,1.0,0.0,0,8.776247,0.0,6.855184,0.0,4.3536644,3.5445113,1.4756229,2.6413221,0.0,4.925167
2,54,55.0,10.0,1.0,1.0,36.0,1.0,1.0,1.0,0.9999678,1.0,-0.0,0.0,-3.218915e-05,-0.0,0.36716312,3.0047286,0.673726,3.4488451,0.36720034,4.230887,1.0,12.692118,-3.598824,0.5740741,19.006351,0.0,0.0,0.0,1.0,0.0,0,8.106677,0.0,6.1718483,0.0,5.334344,2.8904934,1.4652553,1.8931942,0.0,3.8508575
3,54,55.0,10.0,1.0,1.0,36.0,1.0,1.0,1.0,0.9923108,1.0,-0.0,0.0,-3.425431e-05,-0.007654927,0.30809268,2.6208532,0.49563977,3.7036352,0.38528496,5.4592953,0.0,12.547671,-4.5269647,0.537037,18.87819,0.0,0.0,0.0,1.0,0.0,0,8.379779,0.0,6.979813,0.0,4.3516817,2.996926,1.4005995,2.7747703,0.0,4.824043
0,55,56.0,10.0,1.0,1.0,37.0,1.0,1.0,1.0,0.9999689,1.0,-0.0,0.0,-3.1143267e-05,-0.0,0.21058172,2.9556673,0.5744638,2.9454584,0.468913,4.274332,1.0,10.290651,-5.043713,0.5648148,19.210293,0.0,0.0,0.0,1.0,0.0,0,7.678846,0.0,6.3107276,0.0,4.6368947,3.4011025,1.4431978,2.573426,0.0,3.987039
1,55,56.0,10.0,1.0,1.0,37.0,1.0,1.0,1.0,0.99996793,1.0,-0.0,0.0,-3.209038e-05,-0.0,0.28605646,2.6064575,0.492134,2.878797,0.42433903,4.4817605,1.0,10.440463,-4.467753,0.5555556,19.210659,0.0,0.0,0.0,1.0,0.0,0,7.8915544,0.0,6.3715515,0.0,4.755788,3.202103,1.2329214,3.0335739,0.0,4.7904415
2,55,56.0,10.0,1.0,1.0,37.0,1.0,1.0,1.0,0.99996865,1.0,-0.0,0.0,-3.13809e-05,-0.0,0.26832595,2.9352355,0.6703696,2.3759007,0.40585822,4.111903,1.0,11.275205,-5.1253295,0.5740741,19.151545,0.0,0.0,0.0,1.0,0.0,0,7.8356643,0.0,6.404098,0.0,4.4446344,2.9840832,1.4874057,2.1535602,0.0,4.510757
3,55,56.0,10.0,1.0,1.0,37.0,1.0,1.0,1.0,0.9938783,1.0,-0.0,0.0,-3.39579e-05,-0.006087712,0.23247264,2.6010132,0.44020066,2.8738985,0.40105277,5.3652625,0.0,11.193783,-5.2716947,0.5416667,19.06638,0.0,0.0,0.0,1.0,0.0,0,7.7991247,0.0,5.9553566,0.0,4.848431,2.9446187,1.3823762,3.0136223,0.0,5.3289647
0,56,57.0,10.0,1.0,1.0,38.0,1.0,1.0,1.0,0.9999672,1.0,-0.0,0.0,-3.2795575e-05,-0.0,0.3865607,2.9876082,0.599569,3.2138681,0.48483786,4.121791,1.0,11.151766,-3.6247396,0.5648148,19.405672,0.0,0.0,0.0,1.0,0.0,0,8.502473,0.0,6.9698415,0.0,4.430657,3.4386513,1.2162123,2.912324,0.0,4.2797036
1,56,57.0,10.0,1.0,1.0,38.0,1.0,1.0,1.0,0.9999664,1.0,-0.0,0.0,-3.3617685e-05,-0.0,0.28162897,2.6775475,0.5090114,3.6072676,0.439242,4.3527365,1.0,11.786927,-4.5475636,0.5555556,19.43532,0.0,0.0,0.0,1.0,0.0,0,7.978318,0.0,6.4764395,0.0,4.6379714,3.5012867,1.0740004,3.0593677,0.0,4.663055
2,56,57.0,10.0,1.0,1.0,38.0,1.0,1.0,1.0,0.99996674,1.0,-0.0,0.0,-3.328775e-05,-0.0,0.31030142,2.977375,0.69771785,3.1249552,0.43207487,3.9336467,1.0,12.392089,-4.722578,0.5787037,19.363304,0.0,0.0,0.0,1.0,0.0,0,7.788649,0.0,5.845344,0.0,5.421103,3.3640792,1.3270454,2.5608413,0.0,4.442203
3,56,57.0,10.0,1.0,1.0,38.0,1.0,1.0,1.0,0.9960587,1.0,-0.0,0.0,-3.5118253e-05,-0.003906178,0.25167763,2.6905935,0.4831335,3.6798859,0.4167595,5.23437,0.0,12.5227,-5.170287,0.5462963,19.312029,0.0,0.0,0.0,1.0,0.0,0,8.2145405,0.0,6.5254297,0.0,4.912776,3.157,1.3225759,3.3417027,0.0,5.5381556
0,57,58.0,10.0,1.0,1.0,39.0,1.0,1.0,1.0,0.99997115,1.0,-0.0,0.0,-2.8873683e-05,-0.0,0.3437426,3.0080886,0.5892131,2.9792805,0.49058315,4.003672,1.0,10.038069,-4.3093514,0.5694444,19.497742,0.0,0.0,0.0,1.0,0.0,0,7.659026,0.0,6.885596,0.0,3.159404,3.1038914,1.371902,3.085883,0.0,3.8462996
1,57,58.0,10.0,1.0,1.0,39.0,1.0,1.0,1.0,0.9999706,1.0,-0.0,0.0,-2.9364262e-05,-0.0,0.32493994,2.6932366,0.48225707,2.9997041,0.44686174,4.298987,1.0,10.518592,-4.465517,0.5555556,19.546265,0.0,0.0,0.0,1.0,0.0,0,7.949787,0.0,7.4043283,0.0,3.706987,3.4320157,1.2780614,3.3643916,0.0,4.42993
2,57,58.0,10.0,1.0,1.0,39.0,1.0,1.0,1.0,0.9999711,1.0,-0.0,0.0,-2.8918681e-05,-0.0,0.33776724,2.9995785,0.68145823,2.3537242,0.45184442,3.9192917,1.0,11.141167,-4.9891624,0.5833333,19.462214,0.0,0.0,0.0,1.0,0.0,0,8.400927,0.0,7.4309115,0.0,3.5547335,4.0191884,1.6271834,2.8940165,0.0,4.681702
3,57,58.0,10.0,1.0,1.0,39.0,1.0,1.0,1.0,0.9967179,1.0,-0.0,0.0,-3.160767e-05,-0.003250551,0.33174902,2.6908505,0.42967927,2.9692798,0.4272048,5.1950326,0.0,11.128646,-4.7062054,0.5462963,19.426409,0.0,0.0,0.0,1.0,0.0,0,7.722098,0.0,7.495379,0.0,3.9074132,3.1353354,1.5018843,3.6397755,0.0,5.259241
0,58,59.0,10.0,1.0,1.0,40.0,1.0,1.0,1.0,0.9999683,1.0,-0.0,0.0,-3.169582e-05,-0.0,0.5245384,3.0670264,0.65641814,2.9267962,0.5001713,3.8287635,1.0,9.640125,-2.6607568,0.5694444,19.712734,0.0,0.0,0.0,1.0,0.0,0,8.258001,0.0,7.652522,0.0,3.5188348,3.918204,0.9883335,3.3747935,0.0,3.8966095
1,58,59.0,10.0,1.0,1.0,40.0,1.0,1.0,1.0,0.99996626,1.0,-0.0,0.0,-3.3742388e-05,-0.0,0.507069,2.7608013,0.53991604,2.8983083,0.45132726,4.2658987,1.0,10.1116295,-2.735163,0.5555556,19.746891,0.0,0.0,0.0,1.0,0.0,0,7.454943,0.0,8.000776,0.0,6.666998,3.889568,0.92548406,3.746795,0.0,4.7044444
2,58,59.0,10.0,1.0,1.0,40.0,1.0,1.0,1.0,0.99996483,1.0,-0.0,0.0,-3.517198e-05,-0.0,0.55755603,3.0559664,0.75024164,2.180402,0.46643293,3.7779248,1.0,10.431583,-2.8182068,0.5833333,19.672884,0.0,0.0,0.0,1.0,0.0,0,7.913411,0.0,6.450063,0.0,5.246729,3.748971,0.7839142,3.5406318,0.0,4.404518
3,58,59.0,10.0,1.0,1.0,40.0,1.0,1.0,1.0,0.99854696,1.0,-0.0,0.0,-3.5447298e-05,-0.0014176058,0.45762098,2.7443054,0.48760167,2.6182106,0.43351784,5.085056,0.0,10.7498255,-3.297052,0.5462963,19.651838,0.0,0.0,0.0,1.0,0.0,0,8.542767,0.0,6.7959995,0.0,5.45139,3.4662597,1.1074793,3.9960058,0.0,5.7520103
0,59,60.0,10.0,1.0,1.0,41.0,1.0,1.0,1.0,0.9999674,1.0,-0.0,0.0,-3.257747e-05,-0.0,0.40320456,2.9372253,0.6270026,3.029823,0.50441825,3.6803114,1.0,10.352768,-4.149551,0.5694444,19.8438,0.0,0.0,0.0,1.0,0.0,0,7.8861203,0.0,6.2639117,0.0,4.1226597,3.971509,0.8874818,3.388083,0.0,3.906932
1,59,60.0,10.0,1.0,1.0,41.0,1.0,1.0,1.0,0.9999695,1.0,-0.0,0.0,-3.0527033e-05,-0.0,0.47745034,2.6718366,0.50461406,3.1508987,0.45428792,4.2236648,1.0,10.677999,-3.2985542,0.5555556,19.88305,0.0,0.0,0.0,1.0,0.0,0,8.347127,0.0,6.5450106,0.0,4.276514,4.4113503,0.9429953,3.5672803,0.0,4.784647
2,59,60.0,10.0,1.0,1.0,40.0,0.0,0.0,1.0,-0.010010771,0.0,-0.009979121,0.0,-3.165043e-05,-0.0,1.0099791,2.854561,0.7899458,3.3437438,0.48212698,3.7023666,1.0,9.701297,0.804347,0.5833333,19.745275,0.0,0.0,0.0,1.0,0.0,0,7.792313,0.0,6.061024,0.0,4.649583,3.7748928,0.75246525,3.5517776,0.0,4.509907
3,59,60.0,10.0,1.0,1.0,41.0,1.0,1.0,1.0,0.9998339,1.0,-0.0,0.0,-3.1022242e-05,-0.00013510256,0.99451244,2.5373373,0.52916163,3.4431663,0.44295752,5.0081058,0.0,9.633515,1.3235747,0.5462963,19.734674,0.0,0.0,0.0,1.0,0.0,0,8.228678,0.0,6.480204,0.0,4.9629574,3.3221622,1.1869094,3.9651725,0.0,5.780711
0,60,61.0,10.0,1.0,1.0,42.0,1.0,1.0,1.0,0.9999622,1.0,-0.0,0.0,-3.776225e-05,-0.0,0.44044966,2.5365582,0.84793997,2.7457519,0.50095844,3.6598346,1.0,10.831436,-4.140035,0.5694444,20.162424,0.0,0.0,0.0,1.0,0.0,0,8.725189,0.0,7.402599,0.0,4.8883886,3.66501,0.8454661,3.2695198,0.0,3.7674882
1,60,61.0,10.0,1.0,1.0,42.0,1.0,1.0,1.0,0.9999589,1.0,-0.0,0.0,-4.1148476e-05,-0.0,0.37042648,2.5258954,0.5897937,2.9550102,0.44781473,4.1757574,1.0,11.184174,-4.26054,0.5555556,20.38986,0.0,0.0,0.0,1.0,0.0,0,8.890878,0.0,7.153208,0.0,4.5889707,4.0405316,0.929153,4.0339775,0.0,4.77186
2,60,61.0,10.0,1.0,1.0,41.0,1.0,1.0,1.0,0.99995947,1.0,-0.0,0.0,-4.052454e-05,-0.0,0.32841712,2.7691808,0.7800683,2.5201066,0.48602504,3.7864113,1.0,10.460271,-5.677229,0.5833333,19.832493,0.0,0.0,0.0,1.0,0.0,0,7.340227,0.0,6.535794,0.0,3.5974493,4.866738,1.2208947,3.3432071,0.0,4.5938296
3,60,61.0,10.0,1.0,1.0,42.0,1.0,1.0,1.0,0.9996097,1.0,-0.0,0.0,-4.1776864e-05,-0.00034848193,0.37064478,2.6081378,0.50883764,3.0199895,0.44374046,5.0209084,0.0,11.618829,-4.6463017,0.5462963,20.294468,0.0,0.0,0.0,1.0,0.0,0,7.82372,0.0,10.287823,0.0,1.7442333,5.0946255,1.4264187,3.5718982,0.0,5.6860332
0,61,62.0,10.0,1.0,1.0,43.0,1.0,1.0,1.0,0.9999718,1.0,-0.0,0.0,-2.8220495e-05,-0.0,0.6238252,2.5657566,0.80963635,2.8528488,0.5052863,3.5247278,1.0,10.190937,-2.4440265,0.5694444,20.520988,0.0,0.0,0.0,1.0,0.0,0,8.61783,0.0,7.0560327,0.0,4.5874476,3.5802975,0.80616134,3.2584457,0.0,4.0621676
1,61,62.0,10.0,1.0,1.0,43.0,1.0,1.0,1.0,0.9999721,1.0,-0.0,0.0,-2.7918028e-05,-0.0,0.61700714,2.5566406,0.55748385,2.9842684,0.4551643,4.071341,1.0,10.475008,-2.038408,0.5555556,20.751139,0.0,0.0,0.0,1.0,0.0,0,8.355631,0.0,6.7635565,0.0,4.310537,4.1309633,1.076174,3.690215,0.0,4.795332
2,61,62.0,10.0,1.0,1.0,42.0,1.0,1.0,1.0,0.9999764,1.0,-0.0,0.0,-2.3578194e-05,-0.0,0.896908,2.7015452,0.8792501,2.0906022,0.49435413,3.6107378,1.0,10.352388,-0.2892795,0.5833333,20.107513,0.0,0.0,0.0,1.0,0.0,0,9.1303005,0.0,7.239453,0.0,4.850172,3.9912302,0.9204793,3.506361,0.0,5.367872
3,61,62.0,10.0,1.0,1.0,42.0,0.0,0.0,1.0,-0.035280615,0.0,-0.035255216,0.0,-2.5399744e-05,-0.0,1.0352552,2.5513105,0.52345324,3.5693083,0.44222906,4.9274135,1.0,9.764063,1.5009605,0.5462963,20.576868,0.0,0.0,0.0,1.0,0.0,0,7.795449,0.0,7.689806,0.0,5.3989344,3.81497,0.99358195,4.333695,0.0,5.8462996
0,62,63.0,10.0,1.0,1.0,44.0,1.0,1.0,1.0,0.9999642,1.0,-0.0,0.0,-3.5826044e-05,-0.0,0.18493533,2.648462,0.781113,3.5349295,0.5045148,3.5198386,1.0,11.976844,-6.270258,0.5740741,21.110931,0.0,0.0,0.0,1.0,0.0,0,8.494028,0.0,9.219518,0.0,2.436949,4.1525526,1.0708629,3.1031399,0.0,4.1862426
1,62,63.0,10.0,1.0,1.0,44.0,1.0,1.0,1.0,0.9999616,1.0,-0.0,0.0,-3.8406743e-05,-0.0,0.2728138,2.6115534,0.5526732,3.520728,0.458042,4.0840116,1.0,11.800761,-5.193988,0.5648148,21.345871,0.0,0.0,0.0,1.0,0.0,0,7.7733693,0.0,7.987857,0.0,3.6616929,6.6203218,0.9667476,3.6116729,0.0,4.738503
2,62,63.0,10.0,1.0,1.0,43.0,1.0,1.0,1.0,0.999958,1.0,-0.0,0.0,-4.2040476e-05,-0.0,0.7677518,2.6164336,0.900578,3.5296106,0.5007834,3.5397975,1.0,9.774932,-1.8433193,0.5833333,20.648823,0.0,0.0,0.0,1.0,0.0,0,8.244763,0.0,6.5034122,0.0,4.0751734,4.293027,0.81294584,4.040149,0.0,5.137364
3,62,63.0,10.0,1.0,1.0,43.0,1.0,1.0,1.0,0.9986835,1.0,-0.0,0.0,-5.0397208e-05,-0.0012660681,0.62272066,2.4768484,0.55077344,3.9208891,0.43762544,5.0759635,0.0,9.883778,-2.6021507,0.5462963,20.790659,0.0,0.0,0.0,1.0,0.0,0,7.8360963,0.0,8.356511,0.0,5.8763566,4.496522,1.2348909,3.985269,0.0,5.03156
0,63,64.0,10.0,1.0,1.0,45.0,1.0,1.0,1.0,0.9999749,1.0,-0.0,0.0,-2.5093557e-05,-0.0,0.40974542,2.6793916,0.7359531,3.1020768,0.50642014,3.4433935,1.0,11.114855,-3.9596894,0.5740741,21.417217,0.0,0.0,0.0,1.0,0.0,0,8.667803,0.0,7.270552,0.0,4.338089,3.8332381,0.6616856,3.20715,0.0,4.2096763
1,63,64.0,10.0,1.0,1.0,45.0,1.0,1.0,1.0,0.9999743,1.0,-0.0,0.0,-2.5664376e-05,-0.0,0.5863499,2.5920985,0.53903824,3.0813153,0.4569389,3.959433,1.0,10.668613,-2.3000994,0.5648148,21.595718,0.0,0.0,0.0,1.0,0.0,0,8.96358,0.0,7.12359,0.0,4.406071,4.55937,0.9348257,4.1137853,0.0,4.8169017
2,63,64.0,10.0,1.0,1.0,44.0,1.0,1.0,1.0,0.9999771,1.0,-0.0,0.0,-2.2917096e-05,-0.0,0.2001863,2.818038,0.8157448,2.8950655,0.5057125,3.4719193,1.0,12.297652,-6.616023,0.5833333,21.183603,0.0,0.0,0.0,1.0,0.0,0,8.002665,0.0,6.5109453,0.0,3.8434565,4.3151073,0.74626166,3.6735835,0.0,4.9278455
3,63,64.0,10.0,1.0,1.0,44.0,1.0,1.0,1.0,0.9992402,1.0,-0.0,0.0,-2.4992309e-05,-0.00073482876,0.43602288,2.729797,0.49186066,3.6875365,0.44058222,5.0440893,0.0,12.044212,-3.507815,0.5509259,21.354086,0.0,0.0,0.0,1.0,0.0,0,8.0885935,0.0,6.829296,0.0,4.7063313,4.406153,0.9464508,4.312285,0.0,5.8190274
0,64,65.0,10.0,1.0,1.0,46.0,1.0,1.0,1.0,0.9999645,1.0,-0.0,0.0,-3.5550733e-05,-0.0,0.105046295,2.7458534,0.73728997,4.036582,0.5091312,3.4208133,1.0,12.422829,-7.394862,0.5833333,21.982597,0.0,0.0,0.0,1.0,0.0,0,9.043211,0.0,7.3876624,0.0,3.871422,3.6615803,0.7145375,3.0933657,0.0,4.1167073
1,64,65.0,10.0,1.0,1.0,46.0,1.0,1.0,1.0,0.9999563,1.0,-0.0,0.0,-4.3685053e-05,-0.0,0.28832144,2.6089668,0.5588499,3.6196158,0.45869383,3.9224865,1.0,11.83303,-6.0802383,0.5740741,22.189367,0.0,0.0,0.0,1.0,0.0,0,8.450116,0.0,7.051956,0.0,4.1587567,4.967029,0.786106,4.59806,0.0,4.806222
2,64,65.0,10.0,1.0,1.0,45.0,1.0,1.0,1.0,0.99997133,1.0,-0.0,0.0,-2.8695951e-05,-0.0,0.27924514,2.7654042,0.78970474,2.3460631,0.5080933,3.4383883,1.0,11.443669,-5.9743123,0.5833333,21.571518,0.0,0.0,0.0,1.0,0.0,0,8.108322,0.0,7.5052147,0.0,3.7209144,4.451985,0.75780267,4.144359,0.0,4.803802
3,64,65.0,10.0,1.0,1.0,45.0,1.0,1.0,1.0,0.99646074,1.0,-0.0,0.0,-4.7921454e-05,-0.003491358,0.38361326,2.6633947,0.45161605,3.768381,0.43192777,5.2094812,0.0,10.940118,-5.5027733,0.5601852,22.008272,0.0,0.0,0.0,1.0,0.0,0,10.010448,0.0,8.2079525,0.0,3.931459,4.5793567,0.8655813,3.8221471,0.0,4.912448
0,65,66.0,10.0,1.0,1.0,47.0,1.0,1.0,1.0,0.99997526,1.0,-0.0,0.0,-2.4752084e-05,-0.0,0.17436333,2.8084486,0.6839221,4.017141,0.5129576,3.31506,1.0,12.134856,-5.7184415,0.5833333,22.30704,0.0,0.0,0.0,1.0,0.0,0,8.825305,0.0,7.6606917,0.0,3.6807175,3.6266193,0.6468108,3.0035117,0.0,4.499859
1,65,66.0,10.0,1.0,1.0,47.0,1.0,1.0,1.0,0.9999746,1.0,-0.0,0.0,-2.5399633e-05,-0.0,0.18714368,2.6872666,0.5352362,4.1586623,0.46192244,3.7926078,1.0,12.089725,-5.4739656,0.587963,22.558094,0.0,0.0,0.0,1.0,0.0,0,8.674875,0.0,6.7434797,0.0,4.195838,4.8736715,0.8094241,4.317562,0.0,4.7571774
2,65,66.0,10.0,1.0,1.0,46.0,1.0,1.0,1.0,0.99997574,1.0,-0.0,0.0,-2.4232273e-05,-0.0,0.261366,2.8855467,0.7817182,3.1699703,0.51194435,3.3558953,1.0,12.435728,-5.7144203,0.5833333,21.978994,0.0,0.0,0.0,1.0,0.0,0,8.629911,0.0,7.0449033,0.0,4.5163293,4.3674917,0.48078585,4.6015043,0.0,5.1886888
3,65,66.0,10.0,1.0,1.0,46.0,1.0,1.0,1.0,0.9977025,1.0,-0.0,0.0,-2.7145654e-05,-0.0022704117,0.4098218,2.8266084,0.46984842,4.286038,0.44000515,5.1362243,0.0,12.391898,-3.564842,0.5648148,22.482746,0.0,0.0,0.0,1.0,0.0,0,8.875148,0.0,7.107279,0.0,4.713196,3.7219753,0.9198348,4.402722,0.0,5.8164897
0,66,67.0,10.0,1.0,1.0,48.0,1.0,1.0,1.0,0.9999622,1.0,-0.0,0.0,-3.7813945e-05,-0.0,0.15317929,2.7887287,0.71569777,4.539212,0.5052784,3.166264,1.0,12.775797,-7.2291512,0.587963,22.885473,0.0,0.0,0.0,1.0,0.0,0,9.043868,0.0,8.069798,0.0,4.8501263,3.434243,0.44969726,2.9757962,0.0,4.4795384
1,66,67.0,10.0,1.0,1.0,48.0,1.0,1.0,1.0,0.99597573,1.0,-0.0,0.0,-4.58161e-05,-0.00397845,0.05021803,2.6830301,0.5931026,5.2387066,0.45163682,3.6883852,0.0,13.307125,-8.91777,0.6018519,23.21217,0.0,0.0,0.0,1.0,0.0,0,8.5898695,0.0,6.872036,0.0,3.9703102,4.8493686,0.63754535,4.8884425,0.0,4.697318
2,66,67.0,10.0,1.0,1.0,47.0,1.0,1.0,1.0,0.9999813,1.0,-0.0,0.0,-1.8734929e-05,-0.0,0.16052034,2.856474,0.7475654,2.8163981,0.5139311,3.2386165,1.0,11.999369,-6.9843354,0.5925926,22.316433,0.0,0.0,0.0,1.0,0.0,0,8.727952,0.0,6.8793397,0.0,4.1650753,4.250621,0.52962166,4.794924,0.0,5.292442
3,66,67.0,10.0,1.0,1.0,47.0,1.0,1.0,1.0,0.9990067,1.0,-0.0,0.0,-2.8571614e-05,-0.0009647571,0.10747295,2.7379513,0.4388932,3.9671366,0.44152224,5.057885,0.0,11.972283,-7.8202367,0.587963,22.963112,0.0,0.0,0.0,1.0,0.0,0,8.736067,0.0,7.051643,0.0,4.415575,4.2225647,0.9203423,4.7142744,0.0,5.7944155
0,67,68.0,10.0,1.0,1.0,49.0,1.0,1.0,1.0,0.9999783,1.0,-0.0,0.0,-2.1703767e-05,-0.0,0.4520163,2.7784743,0.6924301,3.7496383,0.5029018,3.0189526,1.0,11.669607,-3.615711,0.587963,23.110529,0.0,0.0,0.0,1.0,0.0,0,8.878158,0.0,7.0656557,0.0,4.8297124,3.565645,0.46074715,3.468855,0.0,4.956915
1,67,68.0,10.0,1.0,1.0,49.0,1.0,1.0,1.0,0.99958444,1.0,-0.0,0.0,-3.0704952e-05,-0.0003848598,0.12845993,2.7617464,0.5471448,5.0230913,0.44744372,3.4869928,0.0,12.696251,-6.018866,0.6064815,23.55119,0.0,0.0,0.0,1.0,0.0,0,8.622238,0.0,6.9448166,0.0,3.7611146,4.775547,0.62285644,4.6157985,0.0,4.747468
2,67,68.0,10.0,1.0,1.0,48.0,1.0,1.0,1.0,0.9947519,1.0,-0.0,0.0,-2.5606416e-05,-0.0052225264,0.18695742,2.9875507,0.7983948,5.313351,0.5156813,3.13945,0.0,14.11225,-9.769569,0.6111111,22.739334,0.0,0.0,0.0,1.0,0.0,0,8.144001,0.0,7.4506783,0.0,3.287392,4.691684,0.67382526,4.366481,0.0,4.903719
3,67,68.0,10.0,1.0,1.0,48.0,1.0,1.0,1.0,0.9864093,1.0,-0.0,0.0,-2.726764e-05,-0.013563425,0.07159375,2.8551464,0.57732993,5.813805,0.4374009,4.9624043,0.0,14.075577,-8.556931,0.6018519,23.336658,0.0,0.0,0.0,1.0,0.0,0,8.753973,0.0,6.8035946,0.0,4.8719544,4.033623,0.7125637,4.4367156,0.0,5.3984885
0,68,69.0,10.0,1.0,1.0,50.0,1.0,1.0,1.0,0.9999621,1.0,-0.0,0.0,-3.7935934e-05,-0.0,0.31852835,2.7219613,0.7248113,4.2681003,0.50113004,2.9750738,1.0,12.438218,-6.1590066,0.587963,23.633219,0.0,0.0,0.0,1.0,0.0,0,9.191493,0.0,7.885557,0.0,4.2247715,3.6374211,0.47506887,3.461917,0.0,5.050291
1,68,69.0,10.0,1.0,1.0,50.0,1.0,1.0,1.0,0.99620974,1.0,-0.0,0.0,-4.375689e-05,-0.0037464797,0.11130758,2.7083523,0.5755074,5.224788,0.4425525,3.4013069,0.0,13.037657,-7.58697,0.6064815,24.158741,0.0,0.0,0.0,1.0,0.0,0,8.762457,0.0,7.1573806,0.0,4.2171555,5.2128096,0.4939396,5.0713835,0.0,5.9295774
2,68,69.0,10.0,1.0,1.0,49.0,1.0,1.0,1.0,0.99997926,1.0,-0.0,0.0,-2.0751688e-05,-0.0,0.23076162,2.9190114,0.74104255,3.398544,0.5120009,3.0135028,1.0,12.321184,-5.9233913,0.6157407,22.987524,0.0,0.0,0.0,1.0,0.0,0,8.734903,0.0,6.965542,0.0,4.4644823,4.239446,0.44522187,4.811577,0.0,5.6241994
3,68,69.0,10.0,1.0,1.0,49.0,1.0,1.0,1.0,0.99834514,1.0,-0.0,0.0,-2.2013373e-05,-0.001632892,0.03954321,2.8361828,0.49564275,5.097973,0.43160495,4.792741,0.0,13.282324,-8.570117,0.6111111,23.69109,0.0,0.0,0.0,1.0,0.0,0,8.745828,0.0,6.8703313,0.0,4.157205,3.7560184,0.831738,4.7446165,0.0,5.86418
0,69,70.0,10.0,1.0,1.0,51.0,1.0,1.0,1.0,0.9999776,1.0,-0.0,0.0,-2.2413516e-05,-0.0,0.49469322,2.7676144,0.6963011,3.653412,0.49575618,2.9364085,1.0,11.475984,-3.1614974,0.587963,23.897163,0.0,0.0,0.0,1.0,0.0,0,9.150907,0.0,7.644315,0.0,5.3199897,3.6337729,0.37870848,3.4307969,0.0,5.2060304
1,69,70.0,10.0,1.0,1.0,51.0,1.0,1.0,1.0,0.9999726,1.0,-0.0,0.0,-2.7445005e-05,-0.0,0.44909155,2.7835693,0.49702847,4.2197704,0.44079614,3.2583756,1.0,11.54212,-3.0817864,0.6064815,24.427889,0.0,0.0,0.0,1.0,0.0,0,8.76258,0.0,6.745802,0.0,4.1746244,5.1243243,0.56924284,4.638533,0.0,6.132398
2,69,70.0,10.0,1.0,1.0,50.0,1.0,1.0,1.0,0.9999737,1.0,-0.0,0.0,-2.6260217e-05,-0.0,0.05300697,2.9823058,0.7748617,4.839882,0.5148851,2.9929118,1.0,13.546166,-7.8556223,0.6157407,23.393555,0.0,0.0,0.0,1.0,0.0,0,8.363948,0.0,6.8033204,0.0,4.708135,4.198022,0.42119366,5.146117,0.0,5.628195
3,69,70.0,10.0,1.0,1.0,50.0,1.0,1.0,1.0,0.9628105,1.0,-0.0,0.0,-2.7127087e-05,-0.03716239,0.23511407,2.985283,0.64724445,7.229743,0.43152043,4.677332,0.0,15.229294,-9.678713,0.6203704,24.06321,0.0,0.0,0.0,1.0,0.0,0,8.9503,0.0,7.5168753,0.0,3.7765985,3.6083825,0.8442839,4.748317,0.0,5.932475
0,70,71.0,10.0,1.0,1.0,52.0,1.0,1.0,1.0,0.9999489,1.0,-0.0,0.0,-5.1067473e-05,-0.0,0.27834028,2.7048283,0.73560506,4.567239,0.49374154,2.996571,1.0,12.694044,-6.6816974,0.5925926,24.359211,0.0,0.0,0.0,1.0,0.0,0,9.6775055,0.0,7.858961,0.0,3.9874458,3.814213,0.39708036,4.1175613,0.0,5.160507
1,70,71.0,10.0,1.0,1.0,52.0,1.0,1.0,1.0,0.999954,1.0,-0.0,0.0,-4.6023346e-05,-0.0,0.4306633,2.7155523,0.52779824,4.4710917,0.43611756,3.207285,1.0,11.977139,-4.3953705,0.6064815,24.888206,0.0,0.0,0.0,1.0,0.0,0,8.994804,0.0,7.2866206,0.0,4.4912944,5.4421406,0.4467931,5.1793385,0.0,5.953903
2,70,71.0,10.0,1.0,1.0,51.0,1.0,1.0,1.0,0.9999816,1.0,-0.0,0.0,-1.8396773e-05,-0.0,0.0919234,3.025036,0.72847676,4.246954,0.5145938,2.8738985,1.0,12.855181,-6.4883595,0.6203704,23.617922,0.0,0.0,0.0,1.0,0.0,0,8.532915,0.0,6.9459686,0.0,4.254905,4.298815,0.26095656,5.0217266,0.0,5.488339
3,70,71.0,10.0,1.0,1.0,51.0,1.0,1.0,1.0,0.9963421,1.0,-0.0,0.0,-2.3863078e-05,-0.0036340163,0.13388154,2.9334142,0.47707143,5.2180405,0.43044654,4.577683,0.0,13.156237,-6.22645,0.6203704,24.28955,0.0,0.0,0.0,1.0,0.0,0,8.840819,0.0,7.385008,0.0,3.8473823,3.5496106,0.682431,4.9243793,0.0,5.9958863
0,71,72.0,10.0,1.0,1.0,53.0,1.0,1.0,1.0,0.99996984,1.0,-0.0,0.0,-3.0170233e-05,-0.0,0.41400826,2.8693018,0.6835944,3.9631884,0.488207,2.982957,1.0,11.616539,-2.346782,0.5925926,24.92065,0.0,0.0,0.0,1.0,0.0,0,9.038488,0.0,7.2022753,0.0,4.8092656,3.4903522,0.38496217,3.8926156,0.0,5.4152703
1,71,72.0,10.0,1.0,1.0,53.0,1.0,1.0,1.0,0.9999732,1.0,-0.0,0.0,-2.6836866e-05,-0.0,0.53090936,2.841188,0.48909906,3.9708843,0.43437895,3.0932322,1.0,10.948464,-1.2685786,0.6064815,25.3086,0.0,0.0,0.0,1.0,0.0,0,9.332641,0.0,7.724037,0.0,4.2059846,5.2665663,0.53831995,4.597585,0.0,6.0935497
2,71,72.0,10.0,1.0,1.0,52.0,1.0,1.0,1.0,0.97873133,1.0,-0.0,0.0,-3.325598e-05,-0.021235429,0.1458522,3.1499262,0.7518675,6.274125,0.51336247,2.856962,0.0,14.495199,-9.009366,0.6342593,24.024464,0.0,0.0,0.0,1.0,0.0,0,9.184102,0.0,7.6247663,0.0,3.6667573,4.2830358,0.2574351,5.5026016,0.0,5.528663
3,71,72.0,10.0,1.0,1.0,52.0,1.0,1.0,1.0,0.9804105,1.0,-0.0,0.0,-2.7413133e-05,-0.01956208,0.18026233,3.0295796,0.53768927,6.173724,0.42883036,4.505455,0.0,13.974595,-5.071084,0.6203704,24.56332,0.0,0.0,0.0,1.0,0.0,0,9.50384,0.0,7.90274,0.0,4.399387,3.5204005,0.5842461,5.1726747,0.0,6.0275493
0,72,73.0,10.0,1.0,1.0,54.0,1.0,1.0,1.0,0.9999453,1.0,-0.0,0.0,-5.4739132e-05,-0.0,0.20291358,2.7500145,0.7320243,4.7358837,0.48505926,3.0601575,1.0,12.682399,-5.593897,0.5972222,25.237413,0.0,0.0,0.0,1.0,0.0,0,9.314492,0.0,8.058722,0.0,3.9941475,3.9555826,0.343327,4.12321,0.0,5.1983056
1,72,73.0,10.0,1.0,1.0,54.0,1.0,1.0,1.0,0.99364907,1.0,-0.0,0.0,-4.9489186e-05,-0.0063014897,0.18571615,2.8278506,0.5314609,5.378089,0.4304726,3.068332,0.0,12.618949,-4.494721,0.6064815,25.53693,0.0,0.0,0.0,1.0,0.0,0,9.245052,0.0,7.4711227,0.0,4.525925,5.5093174,0.44598615,5.245826,0.0,5.9001064
2,72,73.0,10.0,1.0,1.0,53.0,1.0,1.0,1.0,0.9999753,1.0,-0.0,0.0,-2.4653684e-05,-0.0,0.24412274,3.2435324,0.6576874,4.527296,0.50087196,2.5775347,1.0,12.552418,-3.8680174,0.6342593,24.359802,0.0,0.0,0.0,1.0,0.0,0,8.615492,0.0,7.3329196,0.0,4.7910132,4.2633905,0.20186935,5.083348,0.0,5.1633854
3,72,73.0,10.0,1.0,1.0,53.0,1.0,1.0,1.0,0.9999801,1.0,-0.0,0.0,-1.9894449e-05,-0.0,0.5821668,2.950378,0.45242423,4.1806293,0.42696196,4.429046,1.0,11.605001,-0.513399,0.6203704,24.641504,0.0,0.0,0.0,1.0,0.0,0,8.910949,0.0,7.134129,0.0,5.3917484,3.424572,0.7002939,5.0196753,0.0,6.2204704
0,73,74.0,10.0,1.0,1.0,55.0,1.0,1.0,1.0,0.99996567,1.0,-0.0,0.0,-3.4331886e-05,-0.0,0.42898357,2.8903055,0.6780757,3.9358354,0.484187,3.0437424,1.0,11.448693,-1.4829352,0.5972222,25.749012,0.0,0.0,0.0,1.0,0.0,0,9.363309,0.0,8.075266,0.0,5.1355166,5.660952,0.38523933,3.7983692,0.0,6.0916553
1,73,74.0,10.0,1.0,1.0,55.0,1.0,1.0,1.0,0.9999705,1.0,-0.0,0.0,-2.9496863e-05,-0.0,0.33337176,2.9492874,0.46800756,4.7767053,0.42711693,2.9868903,1.0,11.601792,-2.0575151,0.6064815,25.949848,0.0,0.0,0.0,1.0,0.0,0,8.575398,0.0,6.915816,0.0,5.2528515,5.230538,0.39922994,4.885441,0.0,6.015153
2,73,74.0,10.0,1.0,1.0,54.0,1.0,1.0,1.0,0.9956441,1.0,-0.0,0.0,-3.6869133e-05,-0.0043190345,0.15827417,3.2041774,0.6847454,5.2591414,0.49326643,2.4664223,0.0,13.259563,-4.446321,0.6388889,24.535591,0.0,0.0,0.0,1.0,0.0,0,9.555966,0.0,7.7629237,0.0,3.9940016,4.2647095,0.1912391,5.3884296,0.0,5.1261244
3,73,74.0,10.0,1.0,1.0,54.0,1.0,1.0,1.0,0.9983605,1.0,-0.0,0.0,-3.473728e-05,-0.0016047244,0.4292287,2.9961207,0.48768562,5.096283,0.42310795,4.368893,0.0,12.759462,-1.0235571,0.6203704,24.854618,0.0,0.0,0.0,1.0,0.0,0,9.5834465,0.0,7.6342506,0.0,4.3727703,3.6331034,0.6403602,5.096829,0.0,6.0630774
0,74,75.0,10.0,1.0,1.0,56.0,1.0,1.0,1.0,0.99994296,1.0,-0.0,0.0,-5.7018708e-05,-0.0,0.1499176,2.9152515,0.721228,4.5393844,0.4830344,3.1615634,1.0,12.398119,-7.164811,0.6296296,26.212484,0.0,0.0,0.0,1.0,0.0,0,9.806111,0.0,7.960069,0.0,4.15394,5.957264,0.28182065,3.6150286,0.0,6.0343046
1,74,75.0,10.0,1.0,1.0,56.0,1.0,1.0,1.0,0.99488854,1.0,-0.0,0.0,-4.3784745e-05,-0.0050676586,0.14280565,3.0369549,0.49591488,5.304059,0.4242512,2.996571,0.0,12.285413,-6.7441874,0.6296296,26.510143,0.0,0.0,0.0,1.0,0.0,0,9.460277,0.0,7.719713,0.0,3.8557954,5.518977,0.43401986,5.114005,0.0,5.925581
2,74,75.0,10.0,1.0,1.0,55.0,1.0,1.0,1.0,0.9999749,1.0,-0.0,0.0,-2.5119758e-05,-0.0,0.57137346,3.2086465,0.6659773,3.5468674,0.488423,2.3276403,1.0,11.317153,-0.76882076,0.6388889,24.813866,0.0,0.0,0.0,1.0,0.0,0,8.7270155,0.0,6.933602,0.0,4.9661818,5.1906915,0.19796558,5.2441835,0.0,5.056882
3,74,75.0,10.0,1.0,1.0,55.0,1.0,1.0,1.0,0.9999793,1.0,-0.0,0.0,-2.0696063e-05,-0.0,0.7181946,2.95621,0.45693403,4.093394,0.41861963,4.2741485,1.0,11.135315,1.4968314,0.6203704,25.013,0.0,0.0,0.0,1.0,0.0,0,9.128909,0.0,7.3153477,0.0,4.539907,3.4776597,0.5573551,5.034695,0.0,6.0973573
0,75,76.0,10.0,1.0,1.0,57.0,1.0,1.0,1.0,0.9999595,1.0,-0.0,0.0,-4.0463892e-05,-0.0,0.07813368,3.2390006,0.6607843,4.4170103,0.48354343,3.144433,1.0,11.771502,-5.6660423,0.6296296,27.177847,0.0,0.0,0.0,1.0,0.0,0,9.453334,0.0,8.410221,0.0,4.1810136,5.772637,0.26071972,3.3917904,0.0,6.325857
1,75,76.0,10.0,1.0,1.0,57.0,1.0,1.0,1.0,0.9999662,1.0,-0.0,0.0,-3.3770535e-05,-0.0,0.1924187,3.2291744,0.4507718,4.67281,0.42254484,2.9045131,1.0,11.162497,-4.1768675,0.6296296,27.361647,0.0,0.0,0.0,1.0,0.0,0,8.885436,0.0,7.330939,0.0,5.0603247,5.358535,0.43865037,4.8618364,0.0,5.997783
2,75,76.0,10.0,1.0,1.0,56.0,1.0,1.0,1.0,0.9999487,1.0,-0.0,0.0,-5.1303374e-05,-0.0,0.015662238,3.2492685,0.70712006,4.1276746,0.48206592,2.3686419,1.0,12.196583,-6.2321577,0.6388889,25.392183,0.0,0.0,0.0,1.0,0.0,0,8.787901,0.0,7.157741,0.0,4.2423987,5.3731885,0.11846461,5.837503,0.0,4.9857893
3,75,76.0,10.0,1.0,1.0,56.0,1.0,1.0,1.0,0.99995863,1.0,-0.0,0.0,-4.1387346e-05,-0.0,0.05157776,3.1206753,0.4762921,4.8347025,0.41670445,4.2605734,1.0,12.366012,-5.0240765,0.625,25.737434,0.0,0.0,0.0,1.0,0.0,0,9.7005825,0.0,7.5992208,0.0,4.2909946,3.5756981,0.5522666,5.2698784,0.0,6.2125535
0,76,77.0,10.0,1.0,1.0,58.0,1.0,1.0,1.0,0.9999385,1.0,-0.0,0.0,-6.153913e-05,-0.0,0.14495534,2.8895314,0.73365647,3.3240206,0.47974074,3.29564,1.0,11.118007,-8.194106,0.6296296,27.713642,0.0,0.0,0.0,1.0,0.0,0,8.065962,0.0,6.804139,0.0,4.2120357,5.857754,0.22168706,3.3749902,0.0,5.664843
1,76,77.0,10.0,1.0,1.0,58.0,1.0,1.0,1.0,0.99994123,1.0,-0.0,0.0,-5.8743044e-05,-0.0,0.078126416,2.912583,0.5138277,3.7864113,0.41584188,2.9695435,1.0,10.2330265,-5.594607,0.6342593,27.853512,0.0,0.0,0.0,1.0,0.0,0,9.435252,0.0,7.0182695,0.0,4.971116,5.451585,0.35105056,5.625301,0.0,6.233888
2,76,77.0,10.0,1.0,1.0,57.0,1.0,1.0,1.0,0.99996614,1.0,-0.0,0.0,-3.383087e-05,-0.0,0.009316951,3.5423007,0.66078305,4.5165625,0.48085266,2.2745764,1.0,12.097939,-6.8999014,0.6388889,26.330353,0.0,0.0,0.0,1.0,0.0,0,9.085872,0.0,7.3749766,0.0,4.3856645,5.36209,0.20820093,5.392109,0.0,4.9991016
3,76,77.0,10.0,1.0,1.0,57.0,1.0,1.0,1.0,0.99997336,1.0,-0.0,0.0,-2.6666694e-05,-0.0,0.24725124,3.2852635,0.43023062,4.6425548,0.41546953,4.2049026,1.0,11.628812,-3.6766202,0.625,26.430788,0.0,0.0,0.0,1.0,0.0,0,9.641901,0.0,7.6315603,0.0,4.430213,3.4430294,0.5916696,5.1620064,0.0,6.468819
0,77,78.0,10.0,1.0,1.0,59.0,1.0,1.0,1.0,0.99995744,1.0,-0.0,0.0,-4.2535776e-05,-0.0,0.06354507,3.3063543,0.6657636,3.7748153,0.48459104,3.2133808,1.0,10.86535,-6.2461467,0.6296296,28.777466,0.0,0.0,0.0,1.0,0.0,0,9.709615,0.0,7.7299967,0.0,6.5886197,5.557762,0.33828777,3.1430879,0.0,6.147643
1,77,78.0,10.0,1.0,1.0,59.0,1.0,1.0,1.0,0.9999657,1.0,-0.0,0.0,-3.4283294e-05,-0.0,0.30692145,3.2602053,0.46575862,4.1447086,0.41373354,2.917957,1.0,9.911116,-3.3217287,0.6342593,28.850212,0.0,0.0,0.0,1.0,0.0,0,9.096707,0.0,7.543,0.0,4.234379,5.1790886,0.51090235,4.695174,0.0,6.166404
2,77,78.0,10.0,1.0,1.0,58.0,1.0,1.0,1.0,0.9999334,1.0,-0.0,0.0,-6.655966e-05,-0.0,0.080153346,3.2424574,0.713929,3.2837424,0.46322477,2.4066699,1.0,11.237923,-7.9786015,0.6388889,26.828197,0.0,0.0,0.0,1.0,0.0,0,8.725333,0.0,7.3883915,0.0,4.364946,5.206184,0.043553438,6.3067393,0.0,5.649269
3,77,78.0,10.0,1.0,1.0,58.0,1.0,1.0,1.0,0.9999474,1.0,-0.0,0.0,-5.257978e-05,-0.0,0.09385459,3.0396929,0.49875942,4.038521,0.40603825,4.2262583,1.0,11.01224,-5.44177,0.625,26.915703,0.0,0.0,0.0,1.0,0.0,0,9.577999,0.0,6.928875,0.0,5.150268,3.4519415,0.52457577,5.5471783,0.0,6.2303977
0,78,79.0,10.0,1.0,1.0,60.0,1.0,1.0,1.0,0.999942,1.0,-0.0,0.0,-5.8006997e-05,-0.0,0.19603744,2.8635013,0.70205426,4.056894,0.48245847,3.318364,1.0,11.688232,-5.5270953,0.6296296,29.532688,0.0,0.0,0.0,1.0,0.0,0,9.576794,0.0,8.178225,0.0,4.4451833,5.368224,0.12219977,3.6501057,0.0,6.026045
1,78,79.0,10.0,1.0,1.0,60.0,1.0,1.0,1.0,0.9999435,1.0,-0.0,0.0,-5.649288e-05,-0.0,0.27304292,2.8838627,0.46859485,4.5347257,0.4112354,2.9364085,1.0,11.025444,-4.1920953,0.6342593,29.541641,0.0,0.0,0.0,1.0,0.0,0,9.221488,0.0,7.412731,0.0,4.4759874,5.096495,0.31848297,5.5989714,0.0,5.898643
2,78,79.0,10.0,1.0,1.0,59.0,1.0,1.0,1.0,0.9999576,1.0,-0.0,0.0,-4.236758e-05,-0.0,0.09133592,3.6150482,0.6708477,3.7853768,0.46574414,2.335027,1.0,11.122806,-6.207994,0.6388889,27.94926,0.0,0.0,0.0,1.0,0.0,0,8.871771,0.0,7.167137,0.0,5.014291,5.271818,0.26123434,5.3779716,0.0,5.453143
3,78,79.0,10.0,1.0,1.0,59.0,1.0,1.0,1.0,0.99996877,1.0,-0.0,0.0,-3.121273e-05,-0.0,0.37407726,3.2881982,0.49752957,4.202295,0.4104224,4.1539536,1.0,10.53407,-2.7182167,0.625,27.85954,0.0,0.0,0.0,1.0,0.0,0,9.320491,0.0,7.5980425,0.0,4.457142,3.4312527,0.7293942,4.8071947,0.0,6.393373
0,79,80.0,10.0,1.0,1.0,61.0,1.0,1.0,1.0,0.9999655,1.0,-0.0,0.0,-3.4488654e-05,-0.0,0.24476312,3.090785,0.6474151,3.9380226,0.48349002,3.2306302,1.0,11.035939,-4.7984595,0.6296296,30.101364,0.0,0.0,0.0,1.0,0.0,0,9.689497,0.0,7.930102,0.0,5.0721936,5.176661,0.14282274,3.4531915,0.0,6.3406553
1,79,80.0,10.0,1.0,1.0,61.0,1.0,1.0,1.0,0.9999716,1.0,-0.0,0.0,-2.839912e-05,-0.0,0.0366237,3.1175919,0.41749072,4.99621,0.41015184,2.868446,1.0,11.0557785,-6.11003,0.6342593,30.119196,0.0,0.0,0.0,1.0,0.0,0,9.38239,0.0,7.777538,0.0,4.4078555,4.9267077,0.47679627,4.9034424,0.0,6.1449256
2,79,80.0,10.0,1.0,1.0,60.0,1.0,1.0,1.0,0.9999484,1.0,-0.0,0.0,-5.163814e-05,-0.0,0.17181486,3.234213,0.671566,4.228296,0.4626994,2.44026,1.0,11.945865,-6.0261374,0.6388889,28.679726,0.0,0.0,0.0,1.0,0.0,0,9.717557,0.0,8.016948,0.0,4.109733,5.0026164,0.017529553,6.405564,0.0,5.4927654
3,79,80.0,10.0,1.0,1.0,60.0,1.0,1.0,1.0,0.99994934,1.0,-0.0,0.0,-5.0689578e-05,-0.0,0.4687574,2.94455,0.49272048,4.341931,0.40809172,4.103517,1.0,11.383388,-2.443249,0.625,28.486145,0.0,0.0,0.0,1.0,0.0,0,10.777313,0.0,8.813446,0.0,4.36767,3.3935597,0.523687,6.0363936,0.0,6.4969893
0,80,81.0,10.0,1.0,1.0,62.0,1.0,1.0,1.0,0.9906103,1.0,-0.0,0.0,-4.1453946e-05,-0.009348281,0.2274938,3.0040894,0.6887014,5.5608964,0.4834197,3.2718017,0.0,12.779765,-9.224512,0.6296296,30.338833,0.0,0.0,0.0,1.0,0.0,0,9.71827,0.0,8.3134165,0.0,3.6280713,5.4763055,0.05278823,3.5223677,0.0,6.206398
1,80,81.0,10.0,1.0,1.0,62.0,1.0,1.0,1.0,0.96716934,1.0,-0.0,0.0,-4.663746e-05,-0.032784034,0.4643379,3.0880258,0.4936629,6.9670415,0.408565,2.8752599,0.0,13.152514,-10.948451,0.6342593,30.428713,0.0,0.0,0.0,1.0,0.0,0,10.374134,0.0,8.069761,0.0,4.717878,5.5186057,0.25180453,5.9217725,0.0,6.098723
2,80,81.0,10.0,1.0,1.0,61.0,1.0,1.0,1.0,0.9999705,1.0,-0.0,0.0,-2.9477756e-05,-0.0,0.20638779,3.4288223,0.6338164,4.1031356,0.4588326,2.344728,1.0,11.352894,-5.3947,0.6388889,29.21629,0.0,0.0,0.0,1.0,0.0,0,9.36436,0.0,7.5969343,0.0,5.04614,5.0268364,0.023378175,5.616218,0.0,5.767247
3,80,81.0,10.0,1.0,1.0,61.0,1.0,1.0,1.0,0.9999754,1.0,-0.0,0.0,-2.4642843e-05,-0.0,0.5704209,3.0916278,0.48750812,4.473368,0.40586218,4.041815,1.0,10.676155,-1.229615,0.625,28.922373,0.0,0.0,0.0,1.0,0.0,0,9.599216,0.0,7.7728,0.0,4.6110272,3.1973398,0.6388602,5.082567,0.0,6.3445086
0,81,82.0,10.0,1.0,1.0,63.0,1.0,1.0,1.0,0.99996954,1.0,-0.0,0.0,-3.0448497e-05,-0.0,0.16714372,3.1421173,0.61298376,4.3144383,0.48042214,3.2014222,1.0,11.200537,-5.2753716,0.6296296,30.672514,0.0,0.0,0.0,1.0,0.0,0,10.147028,0.0,7.8360233,0.0,6.125016,5.123794,0.030376501,3.30021,0.0,6.325578
1,81,82.0,10.0,1.0,1.0,63.0,1.0,1.0,1.0,0.9843669,1.0,-0.0,0.0,-3.4879813e-05,-0.015598231,0.04261695,3.2614021,0.3726437,5.9358935,0.40464815,2.8360624,0.0,11.571544,-6.681531,0.6342593,30.802124,0.0,0.0,0.0,1.0,0.0,0,9.774478,0.0,7.4998035,0.0,4.974284,5.3020954,0.19959563,5.3982186,0.0,6.0898447
2,81,82.0,10.0,1.0,1.0,62.0,1.0,1.0,1.0,0.9880932,1.0,-0.0,0.0,-4.1775067e-05,-0.011865013,0.20713732,3.3405607,0.64405596,5.7119,0.4543032,2.3798509,0.0,12.983366,-9.376075,0.6388889,29.454407,0.0,0.0,0.0,1.0,0.0,0,9.561077,0.0,8.305725,0.0,4.174975,5.1005435,0.0,6.411782,0.0,5.730075
3,81,82.0,10.0,1.0,1.0,62.0,1.0,1.0,1.0,0.9918868,1.0,-0.0,0.0,-4.3256892e-05,-0.008069904,0.030365586,3.0485804,0.47810456,5.484194,0.40438554,4.014802,0.0,12.493639,-6.5850916,0.625,29.13659,0.0,0.0,0.0,1.0,0.0,0,10.401647,0.0,8.28723,0.0,4.3411965,3.4833667,0.4507432,5.686657,0.0,6.2454624
0,82,83.0,10.0,1.0,1.0,64.0,1.0,1.0,1.0,0.99663055,1.0,-0.0,0.0,-4.3574168e-05,-0.0033258752,0.017774478,3.017042,0.63689005,5.199552,0.47896373,3.3018098,0.0,12.195968,-7.126138,0.6296296,30.84452,0.0,0.0,0.0,1.0,0.0,0,9.909796,0.0,8.228231,0.0,4.141571,5.5756383,0.0,3.64212,0.0,6.372504
1,82,83.0,10.0,1.0,1.0,64.0,1.0,1.0,1.0,0.98228085,1.0,-0.0,0.0,-4.0939158e-05,-0.017678224,0.080497935,3.139919,0.37362334,6.060693,0.39975867,2.879341,0.0,11.633065,-5.571815,0.6342593,31.01873,0.0,0.0,0.0,1.0,0.0,0,10.750729,0.0,8.86779,0.0,4.255058,5.616549,0.15685357,5.7890544,0.0,5.979205
2,82,83.0,10.0,1.0,1.0,63.0,1.0,1.0,1.0,0.9999677,1.0,-0.0,0.0,-3.2286025e-05,-0.0,0.16554147,3.48503,0.59578955,4.616681,0.4492046,2.27664,1.0,11.508569,-5.5904045,0.6388889,29.809797,0.0,0.0,0.0,1.0,0.0,0,9.319362,0.0,7.8532043,0.0,4.5557647,5.129089,0.0,5.8145094,0.0,5.63235
3,82,83.0,10.0,1.0,1.0,63.0,1.0,1.0,1.0,0.9974849,1.0,-0.0,0.0,-2.643586e-05,-0.002488622,0.17079599,3.1871576,0.4337653,5.149317,0.40054357,3.9511204,0.0,11.542497,-4.8992624,0.625,29.472574,0.0,0.0,0.0,1.0,0.0,0,10.258604,0.0,8.130206,0.0,4.550273,3.3766885,0.42669636,5.548978,0.0,6.426931
0,83,84.0,10.0,1.0,1.0,65.0,1.0,1.0,1.0,0.9999707,1.0,-0.0,0.0,-2.9320288e-05,-0.0,0.34785196,3.1297293,0.60553974,4.1178,0.4765903,3.224567,1.0,10.7634945,-3.4864535,0.6296296,31.078165,0.0,0.0,0.0,1.0,0.0,0,9.756929,0.0,8.040542,0.0,5.2469325,5.3340907,0.0,3.3326552,0.0,6.453286
1,83,84.0,10.0,1.0,1.0,65.0,1.0,1.0,1.0,0.99997205,1.0,-0.0,0.0,-2.7962007e-05,-0.0,0.70006734,3.1513534,0.44423476,4.9886827,0.3946767,2.8418524,1.0,9.687039,0.47749746,0.6342593,31.14054,0.0,0.0,0.0,1.0,0.0,0,8.991171,0.0,7.064556,0.0,5.8480353,5.1075964,0.18317725,5.238717,0.0,6.018436
2,83,84.0,10.0,1.0,1.0,64.0,1.0,1.0,1.0,0.99235,1.0,-0.0,0.0,-4.768133e-05,-0.0076023205,0.06766338,3.3304617,0.61264014,5.4561386,0.44452497,2.3587072,0.0,12.524039,-7.9112473,0.6388889,30.015924,0.0,0.0,0.0,1.0,0.0,0,9.792323,0.0,8.002248,0.0,4.7821164,5.169967,0.0,6.6106687,0.0,5.59663
3,83,84.0,10.0,1.0,1.0,64.0,1.0,1.0,1.0,0.9812879,1.0,-0.0,0.0,-5.455601e-05,-0.018657558,0.110797025,3.0984192,0.45080468,6.119453,0.3932794,3.9312582,0.0,12.74492,-7.7237034,0.625,29.713322,0.0,0.0,0.0,1.0,0.0,0,9.736451,0.0,8.161941,0.0,4.2971616,3.444952,0.30839375,6.1116285,0.0,6.2612376
0,84,85.0,10.0,1.0,1.0,66.0,1.0,1.0,1.0,0.9999451,1.0,-0.0,0.0,-5.4893582e-05,-0.0,0.22844821,2.9000843,0.6353729,4.57409,0.47441953,3.3334272,1.0,11.581686,-4.8234496,0.6296296,31.257967,0.0,0.0,0.0,1.0,0.0,0,9.332129,0.0,7.681112,0.0,4.5453515,5.768264,0.0,3.711951,0.0,6.470705
1,84,85.0,10.0,1.0,1.0,66.0,1.0,1.0,1.0,0.9995588,1.0,-0.0,0.0,-6.410552e-05,-0.00037706914,0.50202537,2.8791106,0.42797768,5.0226235,0.39105847,2.8901947,0.0,10.415444,-1.6383426,0.6342593,31.366032,0.0,0.0,0.0,1.0,0.0,0,9.407447,0.0,7.4632134,0.0,4.8644805,5.2584043,0.088566735,6.019951,0.0,6.1190815
2,84,85.0,10.0,1.0,1.0,65.0,1.0,1.0,1.0,0.9999675,1.0,-0.0,0.0,-3.2469936e-05,-0.0,0.21806806,3.4897952,0.58907765,4.676662,0.44107124,2.2783585,1.0,11.425754,-5.0016985,0.6388889,30.318361,0.0,0.0,0.0,1.0,0.0,0,9.594959,0.0,7.7450686,0.0,5.167056,5.281588,0.0,6.004745,0.0,5.5386925
3,84,85.0,10.0,1.0,1.0,65.0,1.0,1.0,1.0,0.9882544,1.0,-0.0,0.0,-3.607611e-05,-0.011709527,0.13561174,3.2869086,0.39684406,5.7025714,0.3903551,3.8726752,0.0,11.592143,-4.953916,0.625,30.064186,0.0,0.0,0.0,1.0,0.0,0,10.488432,0.0,8.32571,0.0,4.5644255,3.4066556,0.42596808,5.546976,0.0,6.473973
0,85,86.0,10.0,1.0,1.0,67.0,1.0,1.0,1.0,0.99997073,1.0,-0.0,0.0,-2.9276167e-05,-0.0,0.18440373,3.0393338,0.60448235,4.325493,0.47303987,3.264616,1.0,11.069002,-5.0527616,0.6296296,31.406847,0.0,0.0,0.0,1.0,0.0,0,9.713475,0.0,8.029867,0.0,4.8878393,5.532147,0.0,3.435197,0.0,6.6002955
1,85,86.0,10.0,1.0,1.0,67.0,1.0,1.0,1.0,0.9949221,1.0,-0.0,0.0,-2.9945793e-05,-0.0050479793,0.15033987,3.0619302,0.3940646,5.3028784,0.388515,2.8133392,0.0,10.581597,-4.7915206,0.6342593,31.52006,0.0,0.0,0.0,1.0,0.0,0,9.705495,0.0,7.6576214,0.0,4.747804,5.0979853,0.13289377,5.433895,0.0,6.255382
2,85,86.0,10.0,1.0,1.0,66.0,1.0,1.0,1.0,0.9980337,1.0,-0.0,0.0,-5.9956397e-05,-0.0019063271,0.11627134,3.2381933,0.6108604,5.1143794,0.43406296,2.3818235,0.0,12.185309,-6.1762323,0.6388889,30.534843,0.0,0.0,0.0,1.0,0.0,0,9.700397,0.0,7.8929133,0.0,4.7128468,5.3722925,0.0,6.6170106,0.0,5.4747186
3,85,86.0,10.0,1.0,1.0,66.0,1.0,1.0,1.0,0.9872868,1.0,-0.0,0.0,-6.0886814e-05,-0.012652278,0.18500313,3.042148,0.42201927,5.759136,0.3851,3.8554547,0.0,12.009532,-4.7644963,0.625,30.29499,0.0,0.0,0.0,1.0,0.0,0,9.964295,0.0,8.146608,0.0,4.3568215,3.457587,0.22255592,6.248044,0.0,6.304564
0,86,87.0,10.0,1.0,1.0,68.0,1.0,1.0,1.0,0.999946,1.0,-0.0,0.0,-5.400161e-05,-0.0,0.059398636,2.9817986,0.64196044,3.8418267,0.4731939,3.3460839,1.0,10.858698,-6.522871,0.6296296,31.721125,0.0,0.0,0.0,1.0,0.0,0,9.064984,0.0,7.2084303,0.0,4.5795035,5.903861,0.0,3.824405,0.0,6.601479
1,86,87.0,10.0,1.0,1.0,68.0,1.0,1.0,1.0,0.9972835,1.0,-0.0,0.0,-7.08883e-05,-0.0026455885,0.05673729,3.0224702,0.41055414,5.158735,0.38085878,2.8983083,0.0,10.677668,-7.082743,0.6342593,31.93983,0.0,0.0,0.0,1.0,0.0,0,9.589296,0.0,7.4708247,0.0,4.417477,4.9648924,0.009545206,6.000484,0.0,5.8878603
2,86,87.0,10.0,1.0,1.0,67.0,1.0,1.0,1.0,0.9999662,1.0,-0.0,0.0,-3.377315e-05,-0.0,0.15236735,3.4215398,0.5784859,4.916597,0.4294768,2.2783585,1.0,11.622219,-5.55019,0.6388889,30.689049,0.0,0.0,0.0,1.0,0.0,0,9.572003,0.0,7.8480606,0.0,5.138553,5.2730284,0.0,6.0041685,0.0,5.7537556
3,86,87.0,10.0,1.0,1.0,67.0,1.0,1.0,1.0,0.99282813,1.0,-0.0,0.0,-3.476458e-05,-0.007137135,0.39004833,3.1823099,0.4121773,5.4282274,0.3815308,3.8039434,0.0,10.993057,-2.485185,0.625,30.458784,0.0,0.0,0.0,1.0,0.0,0,10.431844,0.0,8.426191,0.0,4.778851,3.3468115,0.4074988,5.4673805,0.0,6.4757023
0,87,88.0,10.0,1.0,1.0,69.0,1.0,1.0,1.0,0.9682225,1.0,-0.0,0.0,-3.0401507e-05,-0.03174711,0.39548612,3.1806052,0.6491085,6.904826,0.48013335,3.2065527,0.0,13.22696,-10.4880905,0.6296296,32.031326,0.0,0.0,0.0,1.0,0.0,0,9.2090025,0.0,8.041258,0.0,3.7360368,5.1558986,0.0,4.343279,0.0,6.787788
1,87,88.0,10.0,1.0,1.0,69.0,1.0,1.0,1.0,0.9450143,1.0,-0.0,0.0,-4.0271134e-05,-0.054945413,0.47743803,3.3258412,0.4445133,8.296724,0.38383245,2.851477,0.0,13.138399,-10.727939,0.6342593,32.33026,0.0,0.0,0.0,1.0,0.0,0,9.680999,0.0,8.067769,0.0,4.182125,5.0146227,0.04244205,5.6459002,0.0,6.215562
2,87,88.0,10.0,1.0,1.0,68.0,1.0,1.0,1.0,0.99994725,1.0,-0.0,0.0,-5.2726402e-05,-0.0,0.110396184,3.302531,0.6534961,4.0699944,0.4249707,2.345062,1.0,11.221632,-6.349155,0.6388889,31.028873,0.0,0.0,0.0,1.0,0.0,0,8.774444,0.0,7.040734,0.0,4.5785856,5.3347006,0.0,6.4968367,0.0,5.6466756
3,87,88.0,10.0,1.0,1.0,68.0,1.0,1.0,1.0,0.9975873,1.0,-0.0,0.0,-5.338392e-05,-0.0023592825,0.58959055,3.0594711,0.5448344,5.1415567,0.3773942,3.806001,0.0,10.067984,-0.78021127,0.625,30.85245,0.0,0.0,0.0,1.0,0.0,0,9.384452,0.0,8.0604515,0.0,4.266634,3.2676694,0.16014077,6.511093,0.0,6.226064
0,88,89.0,10.0,1.0,1.0,70.0,1.0,1.0,1.0,0.9999571,1.0,-0.0,0.0,-4.2925672e-05,-0.0,0.032898784,2.9639034,0.598668,4.6918716,0.48101538,3.2182493,1.0,11.57619,-7.230677,0.6296296,32.88849,0.0,0.0,0.0,1.0,0.0,0,8.995983,0.0,7.1842923,0.0,4.895502,5.6137443,0.0,4.5673122,0.0,6.7789373
1,88,89.0,10.0,1.0,1.0,70.0,1.0,1.0,1.0,0.97548395,1.0,-0.0,0.0,-4.1932843e-05,-0.02447407,0.22398494,3.1439483,0.32676265,6.468444,0.38001457,2.9107053,0.0,11.604729,-8.428608,0.6342593,33.190613,0.0,0.0,0.0,1.0,0.0,0,9.868155,0.0,7.583414,0.0,4.7478538,5.192673,0.0,6.113898,0.0,5.98104
2,88,89.0,10.0,1.0,1.0,69.0,1.0,1.0,1.0,0.97254586,1.0,-0.0,0.0,-3.2037973e-05,-0.02742207,0.24133436,3.4780874,0.61015946,6.6453238,0.42661315,2.2378023,0.0,13.146405,-9.302734,0.6388889,31.40795,0.0,0.0,0.0,1.0,0.0,0,9.302384,0.0,7.421233,0.0,4.215702,5.0037007,0.0,6.3245254,0.0,5.7944775
3,88,89.0,10.0,1.0,1.0,69.0,1.0,1.0,1.0,0.98172724,1.0,-0.0,0.0,-2.9780384e-05,-0.01824298,0.16117078,3.1919706,0.3939793,6.0945783,0.38068533,3.7364624,0.0,11.683747,-4.732033,0.625,31.104813,0.0,0.0,0.0,1.0,0.0,0,9.593571,0.0,7.954453,0.0,4.4703846,3.0866861,0.30249718,5.8239756,0.0,6.6015906
0,89,90.0,10.0,1.0,1.0,71.0,1.0,1.0,1.0,0.9909874,1.0,-0.0,0.0,-2.8700091e-05,-0.008983826,0.20174012,3.2925339,0.56111157,5.539029,0.4887192,3.017656,0.0,11.944973,-5.030462,0.6296296,33.096344,0.0,0.0,0.0,1.0,0.0,0,9.487191,0.0,8.546333,0.0,4.344662,5.2455883,0.0,4.2864385,0.0,6.927302
1,89,90.0,10.0,1.0,1.0,71.0,1.0,1.0,1.0,0.9650584,1.0,-0.0,0.0,-3.191248e-05,-0.03490975,0.18247142,3.4918387,0.29770195,7.0945845,0.38304564,2.8479056,0.0,11.586617,-4.522574,0.6342593,33.41308,0.0,0.0,0.0,1.0,0.0,0,10.844032,0.0,8.120263,0.0,5.1340075,3.211832,0.0,5.544706,0.0,6.0653415
2,89,90.0,10.0,1.0,1.0,70.0,1.0,1.0,1.0,0.9999513,1.0,-0.0,0.0,-4.8709386e-05,-0.0,0.07901583,3.2018788,0.63111645,4.5452447,0.42042798,2.272166,1.0,11.752169,-6.6724906,0.6388889,32.352497,0.0,0.0,0.0,1.0,0.0,0,9.435426,0.0,7.5719247,0.0,4.624265,5.0064435,0.0,6.7314,0.0,5.9741454
3,89,90.0,10.0,1.0,1.0,70.0,1.0,1.0,1.0,0.99389315,1.0,-0.0,0.0,-5.0778664e-05,-0.0060560866,0.29668286,3.0105224,0.46034032,5.3633647,0.3775478,3.7297523,0.0,10.757331,-3.4914486,0.625,32.01517,0.0,0.0,0.0,1.0,0.0,0,9.931634,0.0,7.9917,0.0,4.4589777,3.0241141,0.051766146,6.2568183,0.0,6.510217
0,90,91.0,10.0,1.0,1.0,72.0,1.0,1.0,1.0,0.99996704,1.0,-0.0,0.0,-3.2954336e-05,-0.0,0.49642956,2.781501,0.66663414,3.7299623,0.4940105,2.9658508,1.0,10.068666,-2.1249125,0.6296296,33.98223,0.0,0.0,0.0,1.0,0.0,0,8.254972,0.0,6.7701955,0.0,3.7760434,5.482402,0.0,4.574875,0.0,7.0543804
1,90,91.0,10.0,1.0,1.0,72.0,1.0,1.0,1.0,0.9887845,1.0,-0.0,0.0,-3.6057765e-05,-0.011179418,0.66006184,2.93761,0.47524863,5.6707644,0.380553,2.8283238,0.0,9.369973,0.2303212,0.6342593,34.407562,0.0,0.0,0.0,1.0,0.0,0,8.276659,0.0,7.6376553,0.0,3.4882302,3.2004554,0.0,6.3945932,0.0,6.00767
2,90,91.0,10.0,1.0,1.0,71.0,1.0,1.0,1.0,0.98060715,1.0,-0.0,0.0,-3.175745e-05,-0.01936106,0.06772634,3.6219933,0.56876826,6.161663,0.42529875,2.1324897,0.0,12.751791,-6.6550426,0.6388889,32.687397,0.0,0.0,0.0,1.0,0.0,0,9.59093,0.0,7.6765976,0.0,4.9705586,4.8063393,0.0,6.086287,0.0,6.0185494
3,90,91.0,10.0,1.0,1.0,71.0,1.0,1.0,1.0,0.98036355,1.0,-0.0,0.0,-2.9979099e-05,-0.019606464,0.2881024,3.3574827,0.3690842,6.1763873,0.38083425,3.6613321,0.0,11.547837,-3.6368444,0.625,32.27176,0.0,0.0,0.0,1.0,0.0,0,10.223586,0.0,8.30422,0.0,4.606975,2.8794422,0.1887299,5.7543507,0.0,6.3497524
0,91,92.0,10.0,1.0,1.0,73.0,1.0,1.0,1.0,0.9999814,1.0,-0.0,0.0,-1.8614717e-05,-0.0,0.3440138,3.1173875,0.614534,4.6244755,0.5032653,2.769595,1.0,11.383544,-3.3873901,0.6296296,34.01633,0.0,0.0,0.0,1.0,0.0,0,8.977987,0.0,7.3126287,0.0,4.6051764,4.6430745,0.0,4.1360574,0.0,6.7682543
1,91,92.0,10.0,1.0,1.0,73.0,1.0,1.0,1.0,0.98383534,1.0,-0.0,0.0,-2.2720093e-05,-0.016141977,0.51958746,3.2386615,0.36604217,5.9685183,0.3872927,2.6793816,0.0,10.446493,-0.9609228,0.6342593,34.450317,0.0,0.0,0.0,1.0,0.0,0,9.602678,0.0,7.521288,0.0,4.964746,2.7596536,0.0,5.7112737,0.0,6.1255336
2,91,92.0,10.0,1.0,1.0,72.0,1.0,1.0,1.0,0.99996066,1.0,-0.0,0.0,-3.9362425e-05,-0.0,0.22712722,3.131689,0.6476139,4.291332,0.4244253,2.1306539,1.0,11.240131,-5.0126343,0.6388889,33.59032,0.0,0.0,0.0,1.0,0.0,0,8.403834,0.0,7.4844403,0.0,3.227644,4.7989464,0.0,6.8830914,0.0,6.2923293
3,91,92.0,10.0,1.0,1.0,72.0,1.0,1.0,1.0,0.98946494,1.0,-0.0,0.0,-4.1600073e-05,-0.010493447,0.2951514,2.976635,0.46727476,5.6296062,0.3834682,3.6111717,0.0,10.301218,-3.046521,0.625,33.146782,0.0,0.0,0.0,1.0,0.0,0,8.7940445,0.0,7.1764493,0.0,4.763867,2.966943,0.0,6.7557387,0.0,6.515001
0,92,93.0,10.0,1.0,1.0,74.0,1.0,1.0,1.0,0.999971,1.0,-0.0,0.0,-2.9038367e-05,-0.0,0.34194142,2.8035789,0.656931,3.739185,0.5078386,2.7488859,1.0,10.325215,-7.105668,0.6296296,34.90669,0.0,0.0,0.0,1.0,0.0,0,8.701246,0.0,6.7457876,0.0,3.9853125,4.9269314,0.0,3.66423,0.0,7.184942
1,92,93.0,10.0,1.0,1.0,74.0,1.0,1.0,1.0,0.99057657,1.0,-0.0,0.0,-2.8235723e-05,-0.009395203,0.46804434,2.9496274,0.46848142,5.5637116,0.39022177,2.6644409,0.0,9.598618,-5.490194,0.6342593,35.34969,0.0,0.0,0.0,1.0,0.0,0,8.557381,0.0,6.6018004,0.0,4.0701823,3.2004488,0.0,6.20372,0.0,6.187731
2,92,93.0,10.0,1.0,1.0,73.0,1.0,1.0,1.0,0.9907779,1.0,-0.0,0.0,-2.1734493e-05,-0.0092003215,0.2299305,3.5164828,0.6025131,5.5520186,0.4318291,1.9731082,0.0,12.417923,-4.8309994,0.6388889,33.660316,0.0,0.0,0.0,1.0,0.0,0,9.149832,0.0,7.597421,0.0,5.200721,4.7114887,0.0,6.1546474,0.0,7.803233
3,92,93.0,10.0,1.0,1.0,73.0,1.0,1.0,1.0,0.9694319,1.0,-0.0,0.0,-2.5797168e-05,-0.030542322,0.04025083,3.3814125,0.38251856,6.8325386,0.3934721,3.4863193,0.0,12.32136,-6.4077597,0.6342593,33.264637,0.0,0.0,0.0,1.0,0.0,0,9.672952,0.0,8.190334,0.0,4.086393,2.5938208,0.050977997,6.0959334,0.0,6.654091
0,93,94.0,10.0,1.0,1.0,75.0,1.0,1.0,1.0,0.9880344,1.0,-0.0,0.0,-1.8350323e-05,-0.011947231,0.061569177,3.1469808,0.63729465,5.7168336,0.51753426,2.5854182,0.0,12.539165,-9.846164,0.6296296,34.987076,0.0,0.0,0.0,1.0,0.0,0,8.5701,0.0,7.6120195,0.0,3.5896811,4.205243,0.0,3.508418,0.0,7.111948
1,93,94.0,10.0,1.0,1.0,75.0,1.0,1.0,1.0,0.96576345,1.0,-0.0,0.0,-2.0650812e-05,-0.03421593,0.058789738,3.3058128,0.35316926,7.0529556,0.39791036,2.5635269,0.0,12.076787,-9.529218,0.6388889,35.41895,0.0,0.0,0.0,1.0,0.0,0,9.530751,0.0,7.7595825,0.0,4.140038,2.6510608,0.0,5.6772556,0.0,6.3084464
2,93,94.0,10.0,1.0,1.0,74.0,1.0,1.0,1.0,0.99997294,1.0,-0.0,0.0,-2.7055457e-05,-0.0,0.4602678,3.128579,0.68654704,3.906888,0.4307691,1.9475545,1.0,10.631841,-5.073005,0.6388889,34.65769,0.0,0.0,0.0,1.0,0.0,0,7.794263,0.0,6.062283,0.0,3.8473182,4.7095866,0.0,6.666555,0.0,7.731438
3,93,94.0,10.0,1.0,1.0,74.0,1.0,1.0,1.0,0.9802496,1.0,-0.0,0.0,-3.2003933e-05,-0.019718394,0.13024938,3.1666894,0.41023782,6.183103,0.39596978,3.4804766,0.0,10.712227,-8.119367,0.6388889,34.226852,0.0,0.0,0.0,1.0,0.0,0,8.744161,0.0,7.018606,0.0,4.768451,2.8090425,0.0,6.6320906,0.0,6.8602223
0,94,95.0,10.0,1.0,1.0,76.0,1.0,1.0,1.0,0.99998885,1.0,-0.0,0.0,-1.1126995e-05,-0.0,0.35451388,2.8896205,0.6631769,3.8408077,0.52109593,2.5219693,1.0,10.443988,-8.919939,0.6342593,35.795723,0.0,0.0,0.0,1.0,0.0,0,8.89306,0.0,6.7237988,0.0,4.433839,4.252722,0.0,3.6134036,0.0,7.007301
1,94,95.0,10.0,1.0,1.0,76.0,1.0,1.0,1.0,0.98249936,1.0,-0.0,0.0,-1.42349245e-05,-0.017486386,0.36756396,3.1487384,0.38982564,6.049183,0.4032297,2.555576,0.0,9.983651,-8.258695,0.6388889,36.190907,0.0,0.0,0.0,1.0,0.0,0,9.1322155,0.0,6.674388,0.0,5.0235267,2.8180056,0.0,6.3363247,0.0,6.431337
2,94,95.0,10.0,1.0,1.0,75.0,1.0,1.0,1.0,0.9971723,1.0,-0.0,0.0,-1.5296979e-05,-0.0028123802,0.34204274,3.4305665,0.6052694,5.168742,0.43404922,1.8494309,0.0,12.028311,-6.415681,0.6388889,34.790005,0.0,0.0,0.0,1.0,0.0,0,8.729735,0.0,7.106604,0.0,4.9277024,4.509975,0.0,6.520033,0.0,7.800518
3,94,95.0,10.0,1.0,1.0,75.0,1.0,1.0,1.0,0.9642277,1.0,-0.0,0.0,-2.1063772e-05,-0.035751253,0.13691746,3.4873333,0.3556464,7.1450744,0.40610844,3.3768232,0.0,12.196567,-8.592421,0.6388889,34.30416,0.0,0.0,0.0,1.0,0.0,0,9.932749,0.0,7.9954076,0.0,4.652994,2.5737875,0.0,6.213863,0.0,6.875165
0,95,96.0,10.0,1.0,1.0,77.0,1.0,1.0,1.0,0.9999803,1.0,-0.0,0.0,-1.97473e-05,-0.0,0.33939928,3.092244,0.6344296,4.932337,0.53036606,2.4202912,1.0,11.769241,-9.611741,0.6388889,36.164413,0.0,0.0,0.0,1.0,0.0,0,8.817025,0.0,7.2808003,0.0,4.4061375,3.9404082,0.0,3.5619612,0.0,7.1926317
1,95,96.0,10.0,1.0,1.0,77.0,1.0,1.0,1.0,0.9800224,1.0,-0.0,0.0,-1.890796e-05,-0.019958738,0.5398553,3.2706213,0.35716993,6.1975236,0.41020155,2.4498641,0.0,10.676579,-7.779575,0.6481481,36.60535,0.0,0.0,0.0,1.0,0.0,0,9.569744,0.0,7.6811705,0.0,5.158278,2.6957886,0.0,6.145872,0.0,6.5811687
2,95,96.0,10.0,1.0,1.0,76.0,1.0,1.0,1.0,0.9999882,1.0,-0.0,0.0,-1.1798851e-05,-0.0,0.5087346,3.1392,0.7125154,3.8475277,0.43822682,1.7983625,1.0,10.244862,-7.4864225,0.6435185,35.66615,0.0,0.0,0.0,1.0,0.0,0,8.305767,0.0,6.6128106,0.0,3.6529257,4.6221476,0.0,6.5911627,0.0,7.8942513
3,95,96.0,10.0,1.0,1.0,76.0,1.0,1.0,1.0,0.9781811,1.0,-0.0,0.0,-1.2919245e-05,-0.02180592,0.43810344,3.2315009,0.47762015,6.308355,0.41597575,3.2989638,0.0,10.1596,-7.708525,0.6388889,35.142986,0.0,0.0,0.0,1.0,0.0,0,9.220962,0.0,6.934624,0.0,5.1800017,2.778956,0.0,6.755495,0.0,7.1292586
0,96,97.0,10.0,1.0,1.0,78.0,1.0,1.0,1.0,0.99999136,1.0,-0.0,0.0,-8.619613e-06,-0.0,0.64674914,2.8903804,0.7050517,3.8829708,0.5396938,2.2817914,1.0,9.674,-7.7219095,0.6481481,36.874622,0.0,0.0,0.0,1.0,0.0,0,8.000987,0.0,6.861446,0.0,3.615375,4.1307898,0.0,3.4813612,0.0,7.2879934
1,96,97.0,10.0,1.0,1.0,78.0,1.0,1.0,1.0,0.979422,1.0,-0.0,0.0,-1.0374809e-05,-0.020567648,0.773428,3.0250988,0.5857281,6.2340584,0.4194441,2.3630173,0.0,8.819399,-5.90709,0.6712963,37.391064,0.0,0.0,0.0,1.0,0.0,0,8.250084,0.0,6.635081,0.0,4.0137515,2.9213936,0.0,5.8896203,0.0,6.640961
2,96,97.0,10.0,1.0,1.0,77.0,1.0,1.0,1.0,0.99973875,1.0,-0.0,0.0,-1.681603e-05,-0.00024445675,0.2978891,3.3744507,0.6172047,5.014667,0.4446825,1.7489369,0.0,11.949099,-9.379486,0.6435185,35.97899,0.0,0.0,0.0,1.0,0.0,0,8.820365,0.0,7.2372665,0.0,5.053025,4.5171404,0.0,6.5200696,0.0,7.9888434
3,96,97.0,10.0,1.0,1.0,77.0,1.0,1.0,1.0,0.9768295,1.0,-0.0,0.0,-2.010255e-05,-0.023150379,0.3894236,3.3696673,0.3945016,6.3890224,0.42509782,3.1948135,0.0,11.230631,-9.06318,0.6527778,35.581886,0.0,0.0,0.0,1.0,0.0,0,8.981999,0.0,7.2534122,0.0,5.114362,2.6529436,0.0,6.4921403,0.0,7.116306
0,97,98.0,10.0,1.0,1.0,79.0,1.0,1.0,1.0,0.99997705,1.0,-0.0,0.0,-2.2952472e-05,-0.0,0.6788012,2.754555,0.7658333,3.8635685,0.5458395,2.4030895,1.0,9.424896,-6.4350767,0.6759259,37.556023,0.0,0.0,0.0,1.0,0.0,0,8.427856,0.0,7.3161945,0.0,4.3676085,4.449844,0.0,3.6991487,0.0,7.178536
1,97,98.0,10.0,1.0,1.0,79.0,1.0,1.0,1.0,0.9837612,1.0,-0.0,0.0,-2.68708e-05,-0.01621193,0.66619146,2.9144049,0.592987,5.9727154,0.42460972,2.44026,0.0,8.95504,-5.267111,0.6851852,38.06892,0.0,0.0,0.0,1.0,0.0,0,8.115782,0.0,7.022662,0.0,4.066934,2.9123297,0.0,6.504577,0.0,6.984879
2,97,98.0,10.0,1.0,1.0,78.0,1.0,1.0,1.0,0.99999166,1.0,-0.0,0.0,-8.365753e-06,-0.0,0.45370385,3.2182016,0.7036979,3.81463,0.45147464,1.6560693,1.0,10.21831,-9.180452,0.6527778,36.648064,0.0,0.0,0.0,1.0,0.0,0,7.9763827,0.0,6.365635,0.0,3.4753695,4.6668105,0.0,6.36233,0.0,7.95363
3,97,98.0,10.0,1.0,1.0,78.0,1.0,1.0,1.0,0.9781622,1.0,-0.0,0.0,-9.120662e-06,-0.021828672,0.56094193,3.2314765,0.53459966,6.30972,0.42934218,3.152389,0.0,9.714481,-7.7053065,0.6712963,36.22059,0.0,0.0,0.0,1.0,0.0,0,8.311316,0.0,6.8737445,0.0,4.2216873,2.9162233,0.0,6.3264995,0.0,7.055536
0,98,99.0,10.0,1.0,1.0,80.0,1.0,1.0,1.0,0.9999901,1.0,-0.0,0.0,-9.869461e-06,-0.0,0.9396598,3.011904,0.7161098,3.653841,0.5588664,2.214243,1.0,9.965038,-3.2192385,0.6759259,37.809307,0.0,0.0,0.0,1.0,0.0,0,8.59834,0.0,7.0285506,0.0,4.6108522,4.8085175,0.0,3.6480482,0.0,7.8282003
1,98,99.0,10.0,1.0,1.0,80.0,1.0,1.0,1.0,0.9900895,1.0,-0.0,0.0,-1.0063671e-05,-0.009900466,0.7223152,3.1967328,0.455665,5.5940275,0.43522558,2.313812,0.0,10.052793,-4.1869564,0.6944444,38.246758,0.0,0.0,0.0,1.0,0.0,0,8.26344,0.0,7.5600348,0.0,4.9079056,2.9682975,0.0,6.095886,0.0,7.0177
2,98,99.0,10.0,1.0,1.0,79.0,1.0,1.0,1.0,0.9999809,1.0,-0.0,0.0,-1.9097335e-05,-0.0,0.69793725,3.0462627,0.81255007,3.6985588,0.45091623,1.7649747,1.0,9.682208,-6.059156,0.6759259,37.369915,0.0,0.0,0.0,1.0,0.0,0,7.976556,0.0,6.5493226,0.0,4.1161356,4.850988,0.0,6.627077,0.0,8.040053
3,98,99.0,10.0,1.0,1.0,79.0,1.0,1.0,1.0,0.97370887,1.0,-0.0,0.0,-2.8030023e-05,-0.026263095,0.7751867,3.0123875,0.67922443,6.575785,0.4339319,3.0942442,0.0,9.502329,-4.073968,0.6898148,37.057034,0.0,0.0,0.0,1.0,0.0,0,8.204559,0.0,7.0446377,0.0,4.726207,2.7907102,0.0,6.8963275,0.0,7.4805202
0,99,100.0,10.0,1.0,1.0,81.0,1.0,1.0,1.0,0.992826,1.0,-0.0,0.0,-2.2457645e-05,-0.0071515567,0.7380996,2.562421,0.90067786,5.429093,0.5586776,2.3219168,0.0,9.123025,-3.721048,0.7175926,38.82174,0.0,0.0,0.0,1.0,0.0,0,8.067148,0.0,8.216454,0.0,2.2184286,5.3109155,0.0,3.9116611,0.0,7.20333
1,99,100.0,10.0,1.0,1.0,81.0,1.0,1.0,1.0,0.971432,1.0,-0.0,0.0,-2.032969e-05,-0.028547678,0.6597057,2.8230095,0.6917507,6.71286,0.4310059,2.480978,0.0,9.011511,-3.799526,0.7314815,39.29057,0.0,0.0,0.0,1.0,0.0,0,9.84716,0.0,7.1462464,0.0,4.837734,3.3581777,0.0,7.2338977,0.0,7.528134
2,99,100.0,10.0,1.0,1.0,80.0,1.0,1.0,1.0,0.99998987,1.0,-0.0,0.0,-1.0150002e-05,-0.0,0.9938247,3.2539592,0.7797374,3.4943933,0.46325108,1.6124865,1.0,10.023737,-2.4054022,0.6805556,37.65907,0.0,0.0,0.0,1.0,0.0,0,8.290406,0.0,6.831032,0.0,4.6471186,4.9844933,0.0,6.256642,0.0,8.017573
3,99,100.0,10.0,1.0,1.0,80.0,1.0,1.0,1.0,0.9868004,1.0,-0.0,0.0,-1.1798428e-05,-0.0131878285,0.8478325,3.3061407,0.53400433,5.7912693,0.44589937,2.9976158,0.0,10.220966,-3.1704557,0.6898148,37.186905,0.0,0.0,0.0,1.0,0.0,0,8.438336,0.0,7.046778,0.0,4.708921,2.8670893,0.0,6.4546704,0.0,7.591672
0,100,101.0,10.0,1.0,1.0,82.0,1.0,1.0,1.0,0.9999892,1.0,-0.0,0.0,-1.0778639e-05,-0.0,0.67507774,2.9424698,0.74212456,3.622426,0.5694869,2.1814787,1.0,10.284723,-4.312019,0.7222222,38.914635,0.0,0.0,0.0,1.0,0.0,0,8.493075,0.0,6.930349,0.0,4.3964076,5.0208797,0.0,3.692776,0.0,7.8399897
1,100,101.0,10.0,1.0,1.0,82.0,1.0,1.0,1.0,0.9931433,1.0,-0.0,0.0,-8.457784e-06,-0.0068481965,0.8139383,3.0704253,0.5161827,5.4108915,0.4430188,2.3606975,0.0,9.775012,-1.9325819,0.7361111,39.39728,0.0,0.0,0.0,1.0,0.0,0,8.750912,0.0,7.2055874,0.0,5.0208697,3.2909782,0.0,6.2279587,0.0,7.2161784
2,100,101.0,10.0,1.0,1.0,81.0,1.0,1.0,1.0,0.9868015,1.0,-0.0,0.0,-2.4185852e-05,-0.013174304,0.8295294,2.7672236,1.0297937,5.7904577,0.4628742,1.7791091,0.0,9.3616,-2.6595964,0.7175926,38.722908,0.0,0.0,0.0,1.0,0.0,0,7.9582067,0.0,7.304402,0.0,2.6668682,4.9325876,0.0,7.254445,0.0,7.677177
3,100,101.0,10.0,1.0,1.0,81.0,1.0,1.0,1.0,0.9596956,1.0,-0.0,0.0,-2.6204056e-05,-0.04027818,0.7347364,2.906421,0.7827524,7.4166903,0.442135,3.0998049,0.0,9.772939,-3.2324,0.7407407,38.29627,0.0,0.0,0.0,1.0,0.0,0,9.003454,0.0,6.8912067,0.0,5.3349543,2.8355765,0.0,7.1798325,0.0,8.075677
0,101,102.0,10.0,1.0,1.0,83.0,1.0,1.0,1.0,0.9969362,1.0,-0.0,0.0,-9.426834e-06,-0.0030544037,0.62414855,2.651652,0.8773605,5.183264,0.5686271,2.330665,0.0,9.111194,-4.568822,0.7592593,39.726612,0.0,0.0,0.0,1.0,0.0,0,9.957064,0.0,7.440145,0.0,4.6504083,5.3609414,0.0,4.0896935,0.0,7.9846587
1,101,102.0,10.0,1.0,1.0,83.0,1.0,1.0,1.0,0.9670917,1.0,-0.0,0.0,-1.1916713e-05,-0.03289639,0.56207407,2.7896593,0.742741,6.973783,0.44426396,2.3706238,0.0,9.175346,-4.814825,0.7685185,40.21235,0.0,0.0,0.0,1.0,0.0,0,9.238794,0.0,8.5269,0.0,3.2217088,3.9975808,0.0,6.9520717,0.0,7.841399
2,101,102.0,10.0,1.0,1.0,82.0,1.0,1.0,1.0,0.99998885,1.0,-0.0,0.0,-1.1128959e-05,-0.0,0.72603935,3.0721054,0.842329,2.9719148,0.47469354,1.6906823,1.0,10.261764,-3.5433125,0.7222222,38.806713,0.0,0.0,0.0,1.0,0.0,0,8.071135,0.0,6.670561,0.0,4.878507,5.05996,0.0,6.6786737,0.0,8.073821
3,101,102.0,10.0,1.0,1.0,82.0,1.0,1.0,1.0,0.99247295,1.0,-0.0,0.0,-1.0821333e-05,-0.007516182,0.7934027,3.1155577,0.6058391,5.4509706,0.45294288,2.9897716,0.0,10.51962,-2.3590474,0.7407407,38.456955,0.0,0.0,0.0,1.0,0.0,0,8.826808,0.0,6.9507604,0.0,5.9293013,3.0371666,0.0,6.409847,0.0,7.770818
0,102,103.0,10.0,1.0,1.0,84.0,1.0,1.0,1.0,0.999988,1.0,-0.0,0.0,-1.198818e-05,-0.0,0.59616303,2.8652127,0.77602726,3.6641102,0.5797665,2.1915023,1.0,10.11614,-4.2857203,0.7685185,39.84077,0.0,0.0,0.0,1.0,0.0,0,8.510666,0.0,6.8033533,0.0,4.680422,5.275555,0.0,3.8373623,0.0,7.8214746
1,102,103.0,10.0,1.0,1.0,84.0,1.0,1.0,1.0,0.99659765,1.0,-0.0,0.0,-1.3768871e-05,-0.003388592,0.44922233,3.0046334,0.52795386,5.2033153,0.45033544,2.2831633,0.0,10.5986,-5.4265857,0.7777778,40.284767,0.0,0.0,0.0,1.0,0.0,0,9.121597,0.0,7.127968,0.0,4.896624,3.4443214,0.0,6.6064095,0.0,7.5152535
2,102,103.0,10.0,1.0,1.0,83.0,1.0,1.0,1.0,0.9999913,1.0,-0.0,0.0,-8.675971e-06,-0.0,0.65544176,2.8178523,0.9951007,4.82173,0.4781189,1.9232894,1.0,9.575856,-4.3103547,0.7546296,39.559277,0.0,0.0,0.0,1.0,0.0,0,9.503206,0.0,6.9039655,0.0,4.1920476,5.1439657,0.0,7.357838,0.0,8.246573
3,102,103.0,10.0,1.0,1.0,83.0,1.0,1.0,1.0,0.9700108,1.0,-0.0,0.0,-1.1804155e-05,-0.029977372,0.5130913,2.7897532,0.78080505,6.7986417,0.44134128,3.000487,0.0,10.474839,-5.7956553,0.7731481,39.3226,0.0,0.0,0.0,1.0,0.0,0,8.917612,0.0,7.544196,0.0,5.099544,3.6291766,0.0,7.1793137,0.0,7.993609
0,103,104.0,10.0,1.0,1.0,85.0,1.0,1.0,1.0,0.99999034,1.0,-0.0,0.0,-9.672592e-06,-0.0,0.42457467,2.7296615,0.8409161,4.586909,0.58184576,2.179325,1.0,9.170804,-6.114784,0.787037,40.350487,0.0,0.0,0.0,1.0,0.0,0,8.171442,0.0,7.506658,0.0,2.7712991,5.740863,0.0,3.9912815,0.0,7.3111415
1,103,104.0,10.0,1.0,1.0,85.0,1.0,1.0,1.0,0.9878666,1.0,-0.0,0.0,-8.2604665e-06,-0.012125122,0.42254552,2.881687,0.6497727,5.727507,0.4422564,2.3547218,0.0,9.807464,-6.0282845,0.8055556,40.748177,0.0,0.0,0.0,1.0,0.0,0,9.558835,0.0,7.3440886,0.0,4.830268,3.9971519,0.0,6.8890867,0.0,7.6562314
2,103,104.0,10.0,1.0,1.0,84.0,1.0,1.0,1.0,0.9999892,1.0,-0.0,0.0,-1.0769282e-05,-0.0,0.53821987,3.0283437,0.8647712,2.8517513,0.48752123,1.846042,1.0,10.654271,-4.7343082,0.7685185,39.67238,0.0,0.0,0.0,1.0,0.0,0,7.9378376,0.0,6.518539,0.0,4.3875537,5.063706,0.0,6.9582973,0.0,7.5894985
3,103,104.0,10.0,1.0,1.0,84.0,1.0,1.0,1.0,0.9920901,1.0,-0.0,0.0,-1.6247073e-05,-0.00789365,0.4085809,3.0044885,0.58960754,5.4736185,0.45427847,2.867354,0.0,11.655483,-6.5314403,0.787037,39.409176,0.0,0.0,0.0,1.0,0.0,0,9.410913,0.0,7.728855,0.0,4.5694323,2.8518138,0.0,6.6848907,0.0,8.075698
0,104,105.0,10.0,1.0,1.0,86.0,1.0,1.0,1.0,0.99998415,1.0,-0.0,0.0,-1.5845606e-05,-0.0,0.37057102,2.9320376,0.731235,3.856267,0.5893995,2.0543451,1.0,10.230622,-5.9288797,0.7962963,40.51603,0.0,0.0,0.0,1.0,0.0,0,8.668632,0.0,7.0379834,0.0,3.9567635,5.4106464,0.0,3.890588,0.0,7.8907065
1,104,105.0,10.0,1.0,1.0,86.0,1.0,1.0,1.0,0.9949665,1.0,-0.0,0.0,-1.2557072e-05,-0.0050209006,0.4521426,2.995341,0.5718372,5.301254,0.44809628,2.265266,0.0,10.71219,-5.399116,0.8194444,40.963024,0.0,0.0,0.0,1.0,0.0,0,9.380696,0.0,7.838424,0.0,4.470928,3.5144215,0.0,6.5768023,0.0,7.53074
2,104,105.0,10.0,1.0,1.0,85.0,1.0,1.0,1.0,0.9999901,1.0,-0.0,0.0,-9.912783e-06,-0.0,0.3830198,2.8889737,0.94655985,3.4547415,0.4844462,1.9106315,1.0,9.941843,-6.5881534,0.7916667,40.163742,0.0,0.0,0.0,1.0,0.0,0,8.087687,0.0,6.485323,0.0,3.9137642,5.6388345,0.0,6.9917493,0.0,7.4953027
3,104,105.0,10.0,1.0,1.0,85.0,1.0,1.0,1.0,0.981657,1.0,-0.0,0.0,-7.916292e-06,-0.018335016,0.45763963,2.8593729,0.72804236,6.1001005,0.44959387,2.880428,0.0,10.87797,-6.3482327,0.8055556,39.89603,0.0,0.0,0.0,1.0,0.0,0,8.978144,0.0,7.2434063,0.0,5.6693845,3.2970822,0.0,6.958017,0.0,8.342463
0,105,106.0,10.0,1.0,1.0,87.0,1.0,1.0,1.0,0.99999,1.0,-0.0,0.0,-9.984928e-06,-0.0,0.49235448,2.793569,0.8397687,4.6696258,0.5792274,2.40732,1.0,8.9892435,-5.118457,0.8148148,40.937138,0.0,0.0,0.0,1.0,0.0,0,9.289979,0.0,6.9503317,0.0,5.1133637,6.199178,0.0,4.1722693,0.0,8.097743
1,105,106.0,10.0,1.0,1.0,87.0,1.0,1.0,1.0,0.9869519,1.0,-0.0,0.0,-9.100216e-06,-0.013038981,0.5057156,2.8678036,0.7249023,5.782338,0.43556648,2.3387115,0.0,9.759491,-5.1510053,0.837963,41.360046,0.0,0.0,0.0,1.0,0.0,0,9.474391,0.0,6.6686907,0.0,4.877875,4.1990542,0.0,6.5121603,0.0,7.463698
2,105,106.0,10.0,1.0,1.0,86.0,1.0,1.0,1.0,0.99998367,1.0,-0.0,0.0,-1.631362e-05,-0.0,0.37128776,3.0433114,0.8362637,2.9929118,0.49538133,1.7747042,1.0,10.733152,-6.125327,0.8055556,40.403122,0.0,0.0,0.0,1.0,0.0,0,9.052212,0.0,7.230641,0.0,4.46218,5.3941965,0.0,6.951623,0.0,7.691382
3,105,106.0,10.0,1.0,1.0,86.0,1.0,1.0,1.0,0.9908605,1.0,-0.0,0.0,-1.439649e-05,-0.009125075,0.46894997,2.985159,0.64234525,5.547504,0.46086204,2.808884,0.0,11.399657,-5.8817835,0.8194444,40.15545,0.0,0.0,0.0,1.0,0.0,0,9.39314,0.0,7.6726933,0.0,4.7756257,3.2569885,0.029770892,6.8184614,0.0,8.2764845
0,106,107.0,10.0,1.0,1.0,88.0,1.0,1.0,1.0,0.9999881,1.0,-0.0,0.0,-1.1946411e-05,-0.0,0.59241766,2.863438,0.80195284,4.255242,0.5856901,2.2227108,1.0,9.065185,-3.7326114,0.8194444,41.171627,0.0,0.0,0.0,1.0,0.0,0,8.676038,0.0,7.294388,0.0,4.452155,5.6559377,0.0,3.8751295,0.0,7.8117266
1,106,107.0,10.0,1.0,1.0,88.0,1.0,1.0,1.0,0.99521106,1.0,-0.0,0.0,-1.4557778e-05,-0.004774409,0.4814498,2.950262,0.64141726,5.286464,0.440691,2.249315,0.0,10.192791,-4.946383,0.837963,41.601517,0.0,0.0,0.0,1.0,0.0,0,9.351283,0.0,7.4710736,0.0,4.635597,3.8933551,0.0,6.4461136,0.0,7.4270687
2,106,107.0,10.0,1.0,1.0,87.0,1.0,1.0,1.0,0.9988439,1.0,-0.0,0.0,-9.441364e-06,-0.0011466909,0.515588,2.8779016,1.0091735,3.8483417,0.48571,1.8825682,0.0,9.817264,-5.2538953,0.8194444,40.83036,0.0,0.0,0.0,1.0,0.0,0,7.7345405,0.0,6.517796,0.0,4.481266,5.929678,0.0,7.079057,0.0,8.247363
3,106,107.0,10.0,1.0,1.0,87.0,1.0,1.0,1.0,0.9750471,1.0,-0.0,0.0,-1.1750068e-05,-0.024941169,0.58145154,2.881767,0.7873823,6.4964695,0.4475813,2.826109,0.0,10.53674,-4.898943,0.8333333,40.542202,0.0,0.0,0.0,1.0,0.0,0,9.763517,0.0,7.123145,0.0,5.176849,3.9032485,0.0,6.8604345,0.0,8.316977
0,107,108.0,10.0,1.0,1.0,89.0,1.0,1.0,1.0,0.9889915,1.0,-0.0,0.0,-1.1095787e-05,-0.010997444,0.63936675,2.696759,0.9660196,5.6598463,0.5765443,2.6053236,0.0,8.877436,-3.860861,0.837963,41.56771,0.0,0.0,0.0,1.0,0.0,0,7.897194,0.0,6.5856557,0.0,3.8126462,6.4867663,0.0,4.0013976,0.0,7.7012925
1,107,108.0,10.0,1.0,1.0,89.0,1.0,1.0,1.0,0.9854613,1.0,-0.0,0.0,-1.0392627e-05,-0.014528331,0.55988616,2.8743517,0.7524812,5.8716993,0.4248524,2.4283628,0.0,9.543262,-4.3714976,0.8518519,41.899403,0.0,0.0,0.0,1.0,0.0,0,8.750079,0.0,6.7825727,0.0,4.8248754,4.4510374,0.0,6.630034,0.0,7.670275
2,107,108.0,10.0,1.0,1.0,88.0,1.0,1.0,1.0,0.99998695,1.0,-0.0,0.0,-1.3035458e-05,-0.0,0.52737445,2.9482574,0.9487781,3.130211,0.49145254,1.6980734,1.0,10.038657,-4.6830297,0.8287037,41.07303,0.0,0.0,0.0,1.0,0.0,0,8.752777,0.0,7.1111856,0.0,4.377472,5.9213834,0.0,7.0729017,0.0,8.161101
3,107,108.0,10.0,1.0,1.0,88.0,1.0,1.0,1.0,0.98518586,1.0,-0.0,0.0,-1.4993415e-05,-0.014799113,0.5457509,2.9616442,0.7121685,5.887946,0.45687607,2.7712903,0.0,10.679953,-4.825938,0.837963,40.789715,0.0,0.0,0.0,1.0,0.0,0,9.527485,0.0,7.700411,0.0,5.017486,3.6241508,0.027144732,6.691063,0.0,8.382235
0,108,109.0,10.0,1.0,1.0,90.0,1.0,1.0,1.0,0.9999843,1.0,-0.0,0.0,-1.5689528e-05,-0.0,0.50878227,2.80585,0.85463095,4.384634,0.58357215,2.410894,1.0,9.118351,-4.6019654,0.8518519,41.71641,0.0,0.0,0.0,1.0,0.0,0,8.32282,0.0,7.6205387,0.0,3.9697084,6.181146,0.0,3.9518185,0.0,7.2782416
1,108,109.0,10.0,1.0,1.0,90.0,1.0,1.0,1.0,0.9943784,1.0,-0.0,0.0,-1.4298746e-05,-0.0056072795,0.44958556,2.9635472,0.66457474,5.3364363,0.42985362,2.3313365,0.0,9.972594,-5.0447474,0.8611111,42.066795,0.0,0.0,0.0,1.0,0.0,0,8.936562,0.0,7.7892895,0.0,4.334543,4.3303223,0.0,6.27579,0.0,7.3649955
2,108,109.0,10.0,1.0,1.0,89.0,1.0,1.0,1.0,0.9896251,1.0,-0.0,0.0,-1.13471115e-05,-0.0103635825,0.6245438,2.8306425,1.0829086,4.573577,0.4808701,1.88838,0.0,9.482056,-4.053327,0.8425926,41.423027,0.0,0.0,0.0,1.0,0.0,0,8.292787,0.0,6.6799326,0.0,4.6125917,6.490003,0.0,7.459943,0.0,8.305864
3,108,109.0,10.0,1.0,1.0,89.0,1.0,1.0,1.0,0.9765236,1.0,-0.0,0.0,-1.1941224e-05,-0.023464518,0.6072268,2.861092,0.83630383,6.407871,0.43394932,2.8440554,0.0,10.506799,-4.4800415,0.8518519,41.10046,0.0,0.0,0.0,1.0,0.0,0,8.97635,0.0,7.280185,0.0,4.6743093,3.9179826,0.0,6.7946887,0.0,8.5033045
0,109,110.0,10.0,1.0,1.0,91.0,1.0,1.0,1.0,0.9999861,1.0,-0.0,0.0,-1.38686155e-05,-0.0,0.4988197,2.7927024,0.8516896,4.645757,0.5779529,2.6644409,1.0,9.026586,-4.7061954,0.8518519,41.791428,0.0,0.0,0.0,1.0,0.0,0,8.679514,0.0,8.333902,0.0,3.6978161,6.769462,0.0,4.0755644,0.0,7.0634894
1,109,110.0,10.0,1.0,1.0,91.0,1.0,1.0,1.0,0.98902416,1.0,-0.0,0.0,-1.2966039e-05,-0.010962852,0.518674,2.9287353,0.7043834,5.6577706,0.41813427,2.4389768,0.0,9.584372,-4.306171,0.8611111,42.146854,0.0,0.0,0.0,1.0,0.0,0,8.771248,0.0,7.780907,0.0,4.1166973,4.7605596,0.0,6.4878607,0.0,7.419008
2,109,110.0,10.0,1.0,1.0,90.0,1.0,1.0,1.0,0.99998474,1.0,-0.0,0.0,-1.52764e-05,-0.0,0.51211417,2.9210877,0.99057156,3.3647473,0.48429504,1.7507262,1.0,9.764465,-4.6973424,0.8564815,41.585373,0.0,0.0,0.0,1.0,0.0,0,7.9302273,0.0,7.718622,0.0,3.645177,6.4002976,0.0,7.238234,0.0,7.6534243
3,109,110.0,10.0,1.0,1.0,90.0,1.0,1.0,1.0,0.9900785,1.0,-0.0,0.0,-1.4011292e-05,-0.00990746,0.4514709,2.9769516,0.721806,5.594447,0.44084007,2.7951956,0.0,11.057524,-5.638527,0.8611111,41.21788,0.0,0.0,0.0,1.0,0.0,0,10.036947,0.0,7.821393,0.0,4.407964,4.0507903,0.054171458,6.723703,0.0,8.545156
0,110,111.0,10.0,1.0,1.0,92.0,1.0,1.0,1.0,0.9999855,1.0,-0.0,0.0,-1.4513266e-05,-0.0,0.30261055,3.0576956,0.7916162,4.0595946,0.57275426,2.954215,1.0,9.900813,-6.2474303,0.8518519,41.961845,0.0,0.0,0.0,1.0,0.0,0,7.766508,0.0,8.64187,0.0,3.670171,7.5310116,0.0,4.2337174,0.0,6.939104
1,110,111.0,10.0,1.0,1.0,92.0,1.0,1.0,1.0,0.99414766,1.0,-0.0,0.0,-1.303746e-05,-0.005839278,0.3304772,3.1413918,0.6479462,5.350356,0.40157926,2.6758738,0.0,10.560861,-5.8221416,0.8611111,42.29638,0.0,0.0,0.0,1.0,0.0,0,8.0154085,0.0,8.660351,0.0,3.870482,5.4219284,0.110399805,6.493931,0.0,7.507036
2,110,111.0,10.0,1.0,1.0,91.0,1.0,1.0,1.0,0.9970664,1.0,-0.0,0.0,-1.394113e-05,-0.0029196846,0.5647164,2.8770854,1.0233575,4.0794086,0.4739901,1.9655567,0.0,9.478489,-4.2024236,0.8611111,41.685966,0.0,0.0,0.0,1.0,0.0,0,8.171575,0.0,8.1624565,0.0,3.9093685,6.8508315,0.0,7.371826,0.0,7.564468
3,110,111.0,10.0,1.0,1.0,91.0,1.0,1.0,1.0,0.9899428,1.0,-0.0,0.0,-1.45709955e-05,-0.010042654,0.43853855,2.9560893,0.7309593,5.6025586,0.4287983,2.8426788,0.0,11.0411825,-5.6715894,0.8657407,41.251,0.0,0.0,0.0,1.0,0.0,0,9.146583,0.0,8.321316,0.0,3.786007,4.321857,0.06650775,6.810483,0.0,8.111491
0,111,112.0,10.0,1.0,1.0,93.0,1.0,1.0,1.0,0.9999857,1.0,-0.0,0.0,-1.4329389e-05,-0.0,0.6906562,2.8922963,0.7847216,4.177257,0.58419377,2.7119038,1.0,9.286814,-2.2705662,0.8611111,42.45789,0.0,0.0,0.0,1.0,0.0,0,9.370842,0.0,7.576785,0.0,3.877868,7.023604,0.0,4.137211,0.0,7.2803264
1,111,112.0,10.0,1.0,1.0,93.0,1.0,1.0,1.0,0.99151814,1.0,-0.0,0.0,-1.3057927e-05,-0.008468787,0.73729193,3.0080345,0.65750384,5.5081267,0.404247,2.5213487,0.0,9.929275,-1.6758112,0.8703704,42.795025,0.0,0.0,0.0,1.0,0.0,0,9.720053,0.0,7.7870955,0.0,4.3971457,4.780069,0.0,6.3992467,0.0,7.5116153
2,111,112.0,10.0,1.0,1.0,92.0,1.0,1.0,1.0,0.9999866,1.0,-0.0,0.0,-1.3411517e-05,-0.0,0.4187029,3.1289659,0.9542658,3.2535675,0.46212488,2.2663023,1.0,10.051247,-5.2753167,0.8611111,41.846172,0.0,0.0,0.0,1.0,0.0,0,7.373745,0.0,8.810871,0.0,4.045023,7.567593,0.0,7.5845494,0.0,7.6687083
3,111,112.0,10.0,1.0,1.0,92.0,1.0,1.0,1.0,0.9862924,1.0,-0.0,0.0,-1.40419215e-05,-0.013693526,0.18378422,3.2380621,0.66413975,5.821611,0.41595018,2.969807,0.0,12.428336,-7.596829,0.8657407,41.485985,0.0,0.0,0.0,1.0,0.0,0,7.2054634,0.0,8.34033,0.0,3.493542,4.2107973,0.08207619,5.8159337,0.0,7.919288
0,112,113.0,10.0,1.0,1.0,94.0,1.0,1.0,1.0,0.99998564,1.0,-0.0,0.0,-1.4349952e-05,-0.0,0.4256692,2.9055882,0.93817997,4.927731,0.5535278,3.6845632,1.0,9.189856,-5.4196725,0.8657407,42.812843,0.0,0.0,0.0,1.0,0.0,0,7.001045,0.0,8.44959,0.0,3.6763034,8.582219,0.0,4.4023037,0.0,6.831606
1,112,113.0,10.0,1.0,1.0,94.0,1.0,1.0,1.0,0.9843665,1.0,-0.0,0.0,-1.3282448e-05,-0.015620216,0.48031473,2.9636865,0.8206927,5.9372125,0.36326152,3.3693972,0.0,9.807965,-4.5696645,0.8796296,43.14279,0.0,0.0,0.0,1.0,0.0,0,6.552547,0.0,8.548353,0.0,3.8271213,5.9928694,0.30761084,7.163436,0.0,8.497438
2,112,113.0,10.0,1.0,1.0,93.0,1.0,1.0,1.0,0.99998707,1.0,-0.0,0.0,-1.2952546e-05,-0.0,0.7595979,2.971868,0.9638789,3.7573547,0.4705847,1.93546,1.0,9.41129,-1.6467781,0.8657407,42.345108,0.0,0.0,0.0,1.0,0.0,0,8.753713,0.0,7.2859282,0.0,4.3763633,6.9976163,0.0,7.2546554,0.0,8.229742
3,112,113.0,10.0,1.0,1.0,93.0,1.0,1.0,1.0,0.98468685,1.0,-0.0,0.0,-1.4361048e-05,-0.01529877,0.49862003,3.1672168,0.63043,5.917926,0.42159054,2.9195664,0.0,12.175323,-4.1144285,0.875,41.924984,0.0,0.0,0.0,1.0,0.0,0,9.412782,0.0,7.6102185,0.0,4.3387084,4.161977,0.084857225,6.5586405,0.0,8.315397
0,113,114.0,10.0,1.0,1.0,95.0,1.0,1.0,1.0,0.9999839,1.0,-0.0,0.0,-1.6087282e-05,-0.0,0.49848294,2.802465,0.8615068,4.258184,0.5773205,3.1294608,1.0,9.183481,-4.147642,0.875,43.15751,0.0,0.0,0.0,1.0,0.0,0,9.490931,0.0,7.552529,0.0,3.9549422,7.4076986,0.0,4.111032,0.0,6.9898195
1,113,114.0,10.0,1.0,1.0,95.0,1.0,1.0,1.0,0.9914184,1.0,-0.0,0.0,-1.56921e-05,-0.008565876,0.5128566,2.9284437,0.7070785,5.5139523,0.38199708,3.0256867,0.0,9.941131,-3.608631,0.8888889,43.455185,0.0,0.0,0.0,1.0,0.0,0,9.410316,0.0,7.526883,0.0,4.3433065,5.2204795,0.061650638,6.4553933,0.0,7.88263
2,113,114.0,10.0,1.0,1.0,94.0,1.0,1.0,1.0,0.990953,1.0,-0.0,0.0,-1.5152821e-05,-0.009031838,0.43896735,2.9986537,1.0722547,4.1227403,0.43336973,3.1229508,0.0,10.027719,-5.528706,0.875,42.728447,0.0,0.0,0.0,1.0,0.0,0,5.989551,0.0,8.338328,0.0,3.2101731,8.610894,0.0,8.103218,0.0,7.7866416
3,113,114.0,10.0,1.0,1.0,94.0,1.0,1.0,1.0,0.9874388,1.0,-0.0,0.0,-1.3239345e-05,-0.012547982,0.20823292,3.1410785,0.7141998,5.7528787,0.37641,3.442029,0.0,12.066858,-7.11185,0.8796296,42.21692,0.0,0.0,0.0,1.0,0.0,0,7.157301,0.0,8.557587,0.0,4.595342,4.757624,0.40060496,7.2629857,0.0,8.656931
0,114,115.0,10.0,1.0,1.0,96.0,1.0,1.0,1.0,0.9999864,1.0,-0.0,0.0,-1.3570691e-05,-0.0,0.34604484,3.1545553,0.8105492,4.1929703,0.5903315,2.8758047,1.0,9.727607,-5.3608165,0.875,43.393368,0.0,0.0,0.0,1.0,0.0,0,8.334418,0.0,8.598809,0.0,3.3296125,8.158241,0.0,4.181118,0.0,6.5742073
1,114,115.0,10.0,1.0,1.0,96.0,1.0,1.0,1.0,0.9903641,1.0,-0.0,0.0,-1.3475143e-05,-0.009622449,0.3784135,3.2338395,0.66382533,5.5773463,0.3885659,2.9732316,0.0,10.399319,-4.572496,0.8888889,43.654087,0.0,0.0,0.0,1.0,0.0,0,8.478191,0.0,8.871666,0.0,3.7932568,5.86352,0.23022333,6.850239,0.0,7.855424
2,114,115.0,10.0,1.0,1.0,95.0,1.0,1.0,1.0,0.99998444,1.0,-0.0,0.0,-1.55284e-05,-0.0,0.4821006,2.9391832,0.96735305,3.4502068,0.45720023,2.5923724,1.0,9.937906,-4.4355335,0.8796296,43.039883,0.0,0.0,0.0,1.0,0.0,0,9.349278,0.0,7.583972,0.0,4.245016,6.138582,0.0,7.322927,0.0,8.42192
3,114,115.0,10.0,1.0,1.0,95.0,1.0,1.0,1.0,0.97714925,1.0,-0.0,0.0,-1.5435886e-05,-0.02283533,0.3269505,3.1516223,0.67081386,6.370119,0.39479727,3.2265086,0.0,12.724454,-5.388136,0.8842593,42.413498,0.0,0.0,0.0,1.0,0.0,0,9.357581,0.0,7.923313,0.0,4.039101,4.4231606,0.14354357,6.4241643,0.0,8.470207
0,115,116.0,10.0,1.0,1.0,97.0,1.0,1.0,1.0,0.99998635,1.0,-0.0,0.0,-1.366454e-05,-0.0,0.3433261,2.9366143,0.8017351,4.2845764,0.5794578,3.4118772,1.0,9.389461,-5.148616,0.875,43.835754,0.0,0.0,0.0,1.0,0.0,0,8.488184,0.0,7.043792,0.0,3.473299,8.244053,0.0,4.2907753,0.0,6.7267365
1,115,116.0,10.0,1.0,1.0,97.0,1.0,1.0,1.0,0.9879764,1.0,-0.0,0.0,-1.2537717e-05,-0.012011129,0.38529634,3.018163,0.6555582,5.7206674,0.37504253,3.3582268,0.0,10.113593,-4.238371,0.8935185,44.08512,0.0,0.0,0.0,1.0,0.0,0,8.975222,0.0,6.9320025,0.0,4.0941734,6.3826714,0.09047358,7.080673,0.0,8.293895
2,115,116.0,10.0,1.0,1.0,96.0,1.0,1.0,1.0,0.99998564,1.0,-0.0,0.0,-1.4391294e-05,-0.0,0.38729048,3.2491713,0.92003334,3.393473,0.46132118,2.506715,1.0,10.260115,-5.049473,0.8796296,43.215794,0.0,0.0,0.0,1.0,0.0,0,8.465389,0.0,8.386897,0.0,3.7206583,6.4422073,0.0,7.661235,0.0,7.884493
3,115,116.0,10.0,1.0,1.0,96.0,1.0,1.0,1.0,0.9690677,1.0,-0.0,0.0,-1.2404893e-05,-0.03091994,0.13860315,3.4748933,0.66684175,6.855196,0.40370598,3.1854894,0.0,13.294493,-6.691754,0.8842593,42.623657,0.0,0.0,0.0,1.0,0.0,0,8.817423,0.0,6.9725213,0.0,3.944166,4.526522,0.15847361,6.298716,0.0,8.33504
0,116,117.0,10.0,1.0,1.0,98.0,1.0,1.0,1.0,0.99998605,1.0,-0.0,0.0,-1.3965255e-05,-0.0,0.22918545,3.2586443,0.78740615,4.3956895,0.5949899,3.1459262,1.0,10.031876,-6.0115576,0.875,43.97933,0.0,0.0,0.0,1.0,0.0,0,7.1952004,0.0,8.163208,0.0,3.3430502,8.287617,0.0,4.2796254,0.0,6.228049
1,116,117.0,10.0,1.0,1.0,98.0,1.0,1.0,1.0,0.98140574,1.0,-0.0,0.0,-1.3503454e-05,-0.018580753,0.20427033,3.3583324,0.6199783,6.114845,0.38473442,3.2342627,0.0,11.224212,-5.684066,0.8935185,44.25505,0.0,0.0,0.0,1.0,0.0,0,7.5754905,0.0,8.242628,0.0,3.226723,6.3684115,0.3837072,6.9148283,0.0,7.9571056
2,116,117.0,10.0,1.0,1.0,97.0,1.0,1.0,1.0,0.9999871,1.0,-0.0,0.0,-1.2874939e-05,-0.0,0.43085143,3.0216448,0.93945944,3.577195,0.45667243,2.99866,1.0,9.573474,-4.4138374,0.8842593,43.66165,0.0,0.0,0.0,1.0,0.0,0,9.105319,0.0,7.300636,0.0,4.218408,7.796498,0.0,8.12636,0.0,8.713817
3,116,117.0,10.0,1.0,1.0,97.0,1.0,1.0,1.0,0.9646231,1.0,-0.0,0.0,-1.5357535e-05,-0.0353615,0.16388036,3.2808435,0.6336726,7.1216893,0.38438308,3.3856208,0.0,12.961519,-5.906192,0.8935185,43.024982,0.0,0.0,0.0,1.0,0.0,0,8.57026,0.0,7.3484354,0.0,3.6067438,4.8472085,0.17941765,6.652088,0.0,8.482936
0,117,118.0,10.0,1.0,1.0,99.0,1.0,1.0,1.0,0.9999846,1.0,-0.0,0.0,-1.5370963e-05,-0.0,0.45364612,3.118134,0.78704506,4.328568,0.60536945,2.99866,1.0,9.528688,-4.698335,0.875,44.32285,0.0,0.0,0.0,1.0,0.0,0,9.421789,0.0,7.874858,0.0,3.5325723,8.483067,0.0,4.188984,0.0,6.7767773
1,117,118.0,10.0,1.0,1.0,99.0,1.0,1.0,1.0,0.97437125,1.0,-0.0,0.0,-1.665603e-05,-0.025612127,0.30413604,3.3163376,0.5858546,6.536727,0.39013895,3.0800447,0.0,11.473426,-4.4261346,0.8935185,44.505043,0.0,0.0,0.0,1.0,0.0,0,9.214097,0.0,7.45995,0.0,3.9492648,6.6653733,0.13904448,6.8596206,0.0,7.875904
2,117,118.0,10.0,1.0,1.0,98.0,1.0,1.0,1.0,0.9999863,1.0,-0.0,0.0,-1.3723436e-05,-0.0,0.30611342,3.3277678,0.90331936,3.484972,0.46272013,2.8738985,1.0,10.264734,-5.350405,0.8842593,43.791824,0.0,0.0,0.0,1.0,0.0,0,8.40104,0.0,8.101817,0.0,3.1777563,7.423366,0.0,7.9261293,0.0,8.065158
3,117,118.0,10.0,1.0,1.0,98.0,1.0,1.0,1.0,0.9558819,1.0,-0.0,0.0,-1.2864996e-05,-0.044105235,0.10456592,3.6010344,0.6566638,7.6463137,0.38736436,3.34468,0.0,13.558322,-6.047637,0.8935185,43.16121,0.0,0.0,0.0,1.0,0.0,0,8.624299,0.0,7.243769,0.0,3.541095,4.45841,0.20461276,6.6716604,0.0,8.369371
0,118,119.0,10.0,1.0,1.0,100.0,1.0,1.0,1.0,0.9999873,1.0,-0.0,0.0,-1.2702733e-05,-0.0,0.44385493,3.1838882,0.8847275,4.412222,0.6022574,3.2349887,1.0,8.210901,-7.454656,0.875,44.742985,0.0,0.0,0.0,1.0,0.0,0,7.275615,0.0,7.6172485,0.0,3.9824572,10.500157,0.0,4.6351414,0.0,6.8546605
1,118,119.0,10.0,1.0,1.0,100.0,1.0,1.0,1.0,0.9814777,1.0,-0.0,0.0,-1.41897635e-05,-0.018508162,0.28545147,3.3733413,0.6401969,6.1104894,0.37731722,3.3707907,0.0,10.180451,-5.9688816,0.8981481,44.902966,0.0,0.0,0.0,1.0,0.0,0,6.908868,0.0,7.359193,0.0,3.7317994,7.163463,0.5356381,7.156204,0.0,7.91252
2,118,119.0,10.0,1.0,1.0,99.0,1.0,1.0,1.0,0.9999837,1.0,-0.0,0.0,-1.6269272e-05,-0.0,0.4605431,3.2095625,0.9061585,3.556565,0.47713104,2.6644409,1.0,9.866552,-3.799229,0.8842593,44.11213,0.0,0.0,0.0,1.0,0.0,0,9.159772,0.0,7.6586413,0.0,4.0319,7.596328,0.0,7.871707,0.0,8.808835
3,118,119.0,10.0,1.0,1.0,99.0,1.0,1.0,1.0,0.95675546,1.0,-0.0,0.0,-1.4711828e-05,-0.04322982,0.26689506,3.4997423,0.63856274,7.5937886,0.3893383,3.3563616,0.0,13.331747,-4.345636,0.8935185,43.4788,0.0,0.0,0.0,1.0,0.0,0,8.903145,0.0,7.2916284,0.0,3.7982552,4.5871663,0.25913736,6.717122,0.0,8.229809
0,119,120.0,10.0,1.0,1.0,101.0,1.0,1.0,1.0,0.99998903,1.0,-0.0,0.0,-1.0943651e-05,-0.0,0.4367944,3.1593685,0.82201475,4.22737,0.61129797,3.1749053,1.0,8.919581,-7.375329,0.875,44.97273,0.0,0.0,0.0,1.0,0.0,0,8.896567,0.0,7.5531363,0.0,3.3760028,9.117395,0.0,4.3061185,0.0,7.062339
1,119,120.0,10.0,1.0,1.0,101.0,1.0,1.0,1.0,0.9792097,1.0,-0.0,0.0,-1.138836e-05,-0.02077888,0.36385953,3.3280473,0.6282436,6.246732,0.3840227,3.3032322,0.0,10.399622,-6.651037,0.8981481,45.1618,0.0,0.0,0.0,1.0,0.0,0,9.143647,0.0,7.5237627,0.0,3.737647,6.7561297,0.19195144,7.072509,0.0,8.328752
2,119,120.0,10.0,1.0,1.0,100.0,1.0,1.0,1.0,0.99998784,1.0,-0.0,0.0,-1.21457115e-05,-0.0,0.39389318,3.2637722,0.99292564,3.4635673,0.46822223,2.9510338,1.0,9.274935,-7.5740013,0.8842593,44.591637,0.0,0.0,0.0,1.0,0.0,0,6.848844,0.0,7.52324,0.0,3.5431752,8.540222,0.0,8.303838,0.0,8.111157
3,119,120.0,10.0,1.0,1.0,100.0,1.0,1.0,1.0,0.978397,1.0,-0.0,0.0,-1.2467866e-05,-0.021590535,0.30999815,3.500467,0.6873578,6.2954316,0.37758178,3.4791267,0.0,11.126186,-4.296731,0.8981481,43.910744,0.0,0.0,0.0,1.0,0.0,0,6.723801,0.0,8.437002,0.0,3.6219065,5.4171395,0.8412585,6.4834213,0.0,7.823224
0,120,121.0,10.0,1.0,1.0,102.0,1.0,1.0,1.0,0.99998564,1.0,-0.0,0.0,-1.439108e-05,-0.0,0.4057359,3.1723433,0.830675,4.333991,0.616467,3.0858846,1.0,8.444129,-7.063129,0.875,45.37852,0.0,0.0,0.0,1.0,0.0,0,8.584159,0.0,6.6586475,0.0,4.374974,10.244094,0.0,4.621455,0.0,7.27725
1,120,121.0,10.0,1.0,1.0,102.0,1.0,1.0,1.0,0.98592436,1.0,-0.0,0.0,-1.2946799e-05,-0.0140627045,0.47509408,3.2243006,0.72701454,5.843762,0.38127086,3.3077316,0.0,9.0883255,-6.031656,0.8981481,45.616596,0.0,0.0,0.0,1.0,0.0,0,7.948572,0.0,6.6299148,0.0,4.1922603,7.229147,0.26461446,7.3390584,0.0,8.387654
2,120,121.0,10.0,1.0,1.0,101.0,1.0,1.0,1.0,0.99998885,1.0,-0.0,0.0,-1.1164953e-05,-0.0,0.378865,3.2343767,0.9363005,3.5382495,0.475955,2.9380076,1.0,9.993023,-7.889933,0.8842593,44.825214,0.0,0.0,0.0,1.0,0.0,0,9.124754,0.0,7.4989605,0.0,3.5876672,8.489592,0.0,7.941768,0.0,8.913568
3,120,121.0,10.0,1.0,1.0,101.0,1.0,1.0,1.0,0.9837266,1.0,-0.0,0.0,-8.9864225e-06,-0.016264353,0.52426684,3.3874273,0.7383461,5.9758606,0.3769015,3.4937212,0.0,10.673888,-4.036829,0.8981481,44.24284,0.0,0.0,0.0,1.0,0.0,0,9.352579,0.0,7.3102245,0.0,4.326502,5.2337775,0.31298688,6.616911,0.0,8.264977
0,121,122.0,10.0,1.0,1.0,103.0,1.0,1.0,1.0,0.99998593,1.0,-0.0,0.0,-1.4068846e-05,-0.0,0.38389638,3.2376065,0.813186,4.3792744,0.62952757,2.8357863,1.0,8.955807,-6.3172255,0.875,45.52628,0.0,0.0,0.0,1.0,0.0,0,8.432349,0.0,7.2089753,0.0,3.3389366,8.919697,0.0,4.299997,0.0,7.029042
1,121,122.0,10.0,1.0,1.0,103.0,1.0,1.0,1.0,0.98833424,1.0,-0.0,0.0,-1.1165045e-05,-0.011654594,0.51524156,3.237076,0.7618456,5.699275,0.38733116,3.205332,0.0,9.032026,-5.229447,0.8981481,45.815144,0.0,0.0,0.0,1.0,0.0,0,8.707034,0.0,7.2042427,0.0,4.2450576,7.2754717,0.2399983,7.0432687,0.0,8.345832
2,121,122.0,10.0,1.0,1.0,102.0,1.0,1.0,1.0,0.9999848,1.0,-0.0,0.0,-1.5214896e-05,-0.0,0.41814482,3.194911,0.9842704,3.5209503,0.4844285,2.8985782,1.0,9.159376,-7.0982676,0.8842593,45.251625,0.0,0.0,0.0,1.0,0.0,0,8.007839,0.0,6.458569,0.0,4.068943,8.879738,0.0,8.525582,0.0,9.148304
3,121,122.0,10.0,1.0,1.0,102.0,1.0,1.0,1.0,0.98827505,1.0,-0.0,0.0,-1.0820786e-05,-0.011714108,0.6429989,3.1917882,0.90887976,5.702846,0.37024033,3.5605247,0.0,9.086077,-4.305267,0.8981481,44.72459,0.0,0.0,0.0,1.0,0.0,0,8.716334,0.0,6.621786,0.0,4.809972,5.769542,0.42318425,7.258742,0.0,9.012379
0,122,123.0,10.0,1.0,1.0,104.0,1.0,1.0,1.0,0.9999875,1.0,-0.0,0.0,-1.2542337e-05,-0.0,0.4594732,3.4094388,0.83766747,4.440521,0.6376607,2.676166,1.0,8.164958,-5.589621,0.875,45.84033,0.0,0.0,0.0,1.0,0.0,0,7.8899508,0.0,6.571397,0.0,3.5724878,8.604012,0.0,4.1170044,0.0,6.780786
1,122,123.0,10.0,1.0,1.0,104.0,1.0,1.0,1.0,0.9869792,1.0,-0.0,0.0,-1.1124336e-05,-0.013009639,0.5118258,3.3914766,0.7709632,5.7805777,0.386859,3.2001994,0.0,8.739701,-4.396299,0.8981481,46.14561,0.0,0.0,0.0,1.0,0.0,0,7.745776,0.0,6.661015,0.0,4.2782445,7.190659,0.3692793,6.772284,0.0,7.8845325
2,122,123.0,10.0,1.0,1.0,103.0,1.0,1.0,1.0,0.9999879,1.0,-0.0,0.0,-1.2075566e-05,-0.0,0.44233128,3.256854,0.9774814,3.5015545,0.50101006,2.6420195,1.0,9.204064,-5.973314,0.8842593,45.40027,0.0,0.0,0.0,1.0,0.0,0,8.7309,0.0,7.2108884,0.0,4.2690163,8.929255,0.0,8.164626,0.0,9.147301
3,122,123.0,10.0,1.0,1.0,103.0,1.0,1.0,1.0,0.99009573,1.0,-0.0,0.0,-1.0773358e-05,-0.009893465,0.6829083,3.2337296,0.9099533,5.5936074,0.37049788,3.5640407,0.0,9.115936,-3.7826905,0.8981481,44.900467,0.0,0.0,0.0,1.0,0.0,0,8.741698,0.0,7.1734123,0.0,4.016945,5.5758443,0.39697963,6.605071,0.0,8.454659
0,123,124.0,10.0,1.0,1.0,105.0,1.0,1.0,1.0,0.99998826,1.0,-0.0,0.0,-1.171668e-05,-0.0,0.5106926,3.252481,0.8454498,4.3503976,0.6317136,3.0075223,1.0,8.42653,-5.1156588,0.875,46.168858,0.0,0.0,0.0,1.0,0.0,0,8.84912,0.0,7.4164705,0.0,3.7441432,9.15506,0.0,4.199935,0.0,7.123632
1,123,124.0,10.0,1.0,1.0,105.0,1.0,1.0,1.0,0.98486465,1.0,-0.0,0.0,-1.3200539e-05,-0.015122188,0.47396237,3.3068523,0.71631914,5.907331,0.38020277,3.3789089,0.0,9.638902,-4.545452,0.8981481,46.42171,0.0,0.0,0.0,1.0,0.0,0,8.697458,0.0,7.3085246,0.0,3.7647634,7.796716,0.3387996,7.113586,0.0,8.4770355
2,123,124.0,10.0,1.0,1.0,104.0,1.0,1.0,1.0,0.9995626,1.0,-0.0,0.0,-1.1513817e-05,-0.00042584725,0.48652515,3.3947582,1.0034068,3.635154,0.502996,2.5962944,0.0,8.672558,-5.4939,0.8842593,45.69098,0.0,0.0,0.0,1.0,0.0,0,7.674094,0.0,6.915639,0.0,4.1989627,8.882279,0.0,8.26465,0.0,8.426345
3,123,124.0,10.0,1.0,1.0,104.0,1.0,1.0,1.0,0.98905015,1.0,-0.0,0.0,-1.0087034e-05,-0.010939779,0.62639415,3.379176,0.90016115,5.6563864,0.3677242,3.6181016,0.0,9.016306,-3.1765049,0.8981481,45.24783,0.0,0.0,0.0,1.0,0.0,0,7.6441865,0.0,6.897475,0.0,3.9670281,5.6414466,0.5861943,6.2514462,0.0,8.133116
0,124,125.0,10.0,1.0,1.0,106.0,1.0,1.0,1.0,0.9999878,1.0,-0.0,0.0,-1.2242295e-05,-0.0,0.5365297,3.3184311,0.8842693,4.362976,0.6265487,3.116929,1.0,7.829876,-3.874207,0.875,46.75424,0.0,0.0,0.0,1.0,0.0,0,7.740844,0.0,6.615655,0.0,4.2023187,8.988251,0.0,4.413815,0.0,7.102775
1,124,125.0,10.0,1.0,1.0,106.0,1.0,1.0,1.0,0.9849921,1.0,-0.0,0.0,-1.3957791e-05,-0.014993966,0.46664104,3.3835025,0.7364562,5.8996377,0.37955368,3.4059067,0.0,9.163366,-3.4955003,0.8981481,47.068512,0.0,0.0,0.0,1.0,0.0,0,7.502945,0.0,6.2356668,0.0,3.8375804,8.195833,0.32925528,7.322483,0.0,8.56959
2,124,125.0,10.0,1.0,1.0,105.0,1.0,1.0,1.0,0.9999877,1.0,-0.0,0.0,-1.2283316e-05,-0.0,0.48973858,3.290223,0.96910435,3.6120381,0.49990067,2.890736,1.0,9.140907,-5.2675304,0.8842593,45.97084,0.0,0.0,0.0,1.0,0.0,0,8.779129,0.0,7.366049,0.0,3.7488997,9.273927,0.0,8.159643,0.0,8.986142
3,124,125.0,10.0,1.0,1.0,105.0,1.0,1.0,1.0,0.98853934,1.0,-0.0,0.0,-1.24058615e-05,-0.0114482865,0.57910496,3.3173814,0.82846934,5.686897,0.35426766,3.7611032,0.0,9.947894,-3.575137,0.8981481,45.50979,0.0,0.0,0.0,1.0,0.0,0,8.466795,0.0,7.094736,0.0,3.690087,6.3662014,0.5025055,6.6088943,0.0,8.641232
0,125,126.0,10.0,1.0,1.0,107.0,1.0,1.0,1.0,0.9999851,1.0,-0.0,0.0,-1.4912093e-05,-0.0,0.5453866,3.361519,0.85782844,4.3851695,0.6279589,3.3282568,1.0,8.28214,-3.6983817,0.875,46.905136,0.0,0.0,0.0,1.0,0.0,0,8.649533,0.0,7.667935,0.0,3.6144562,9.157185,0.0,4.131747,0.0,7.209262
1,125,126.0,10.0,1.0,1.0,107.0,1.0,1.0,1.0,0.986559,1.0,-0.0,0.0,-1.4692356e-05,-0.013426388,0.5212389,3.3797054,0.7608083,5.805583,0.378361,3.5446596,0.0,9.175388,-3.1584716,0.8981481,47.252808,0.0,0.0,0.0,1.0,0.0,0,7.976747,0.0,7.7889647,0.0,5.0193834,8.284604,0.41198665,7.081641,0.0,8.721396
2,125,126.0,10.0,1.0,1.0,106.0,1.0,1.0,1.0,0.9977869,1.0,-0.0,0.0,-1.30251365e-05,-0.002200075,0.53612924,3.3139255,1.0176005,3.6606905,0.49461457,3.0713918,0.0,8.533684,-3.7693279,0.8842593,46.56163,0.0,0.0,0.0,1.0,0.0,0,7.7170916,0.0,6.6833425,0.0,3.9547064,9.303818,0.0,8.71814,0.0,9.029069
3,125,126.0,10.0,1.0,1.0,106.0,1.0,1.0,1.0,0.9869947,1.0,-0.0,0.0,-1.3786872e-05,-0.012991575,0.5133771,3.3765593,0.84187824,5.779494,0.35413393,3.8152454,0.0,9.62159,-3.5729706,0.8981481,46.13667,0.0,0.0,0.0,1.0,0.0,0,7.7237344,0.0,5.9387274,0.0,4.2181263,6.864972,0.709173,6.882741,0.0,9.194912
0,126,127.0,10.0,1.0,1.0,108.0,1.0,1.0,1.0,0.99998677,1.0,-0.0,0.0,-1.3202807e-05,-0.0,0.6213255,3.3000216,0.8715861,4.394443,0.58819,3.947553,1.0,7.662753,-1.9480875,0.8796296,47.336666,0.0,0.0,0.0,1.0,0.0,0,7.680556,0.0,6.853983,0.0,4.7264237,8.629483,0.0,4.0021515,0.0,7.501522
1,126,127.0,10.0,1.0,1.0,108.0,1.0,1.0,1.0,0.9897649,1.0,-0.0,0.0,-1.3234321e-05,-0.010221841,0.6110486,3.305494,0.82032585,5.61331,0.35287723,3.874696,0.0,8.595051,-1.9982159,0.8981481,47.790985,0.0,0.0,0.0,1.0,0.0,0,5.920855,0.0,8.087929,0.0,4.773396,8.942664,0.37035,6.9287415,0.0,8.779362
2,126,127.0,10.0,1.0,1.0,107.0,1.0,1.0,1.0,0.99548656,1.0,-0.0,0.0,-1.4782128e-05,-0.004498684,0.6080929,3.3300195,1.0359894,3.7023666,0.49937746,3.2318418,0.0,8.457909,-3.1560166,0.8888889,46.72822,0.0,0.0,0.0,1.0,0.0,0,8.909295,0.0,7.476885,0.0,4.510932,9.65803,0.0,8.105471,0.0,9.043997
3,126,127.0,10.0,1.0,1.0,107.0,1.0,1.0,1.0,0.988503,1.0,-0.0,0.0,-1.4277229e-05,-0.011482701,0.5495727,3.396139,0.8647046,5.6889615,0.35444102,3.9000697,0.0,9.713834,-2.8719277,0.8981481,46.33623,0.0,0.0,0.0,1.0,0.0,0,8.301119,0.0,6.3527174,0.0,4.478468,7.1037464,0.56539875,6.6232777,0.0,9.109492
0,127,128.0,10.0,1.0,1.0,109.0,1.0,1.0,1.0,0.9999821,1.0,-0.0,0.0,-1.7893368e-05,-0.0,0.7034235,3.3420887,0.8802301,4.2629614,0.581525,4.3235016,1.0,7.8511295,-0.87824,0.8796296,47.566467,0.0,0.0,0.0,1.0,0.0,0,8.0333605,0.0,7.3465967,0.0,3.919623,8.886758,0.0,3.9468164,0.0,7.507797
1,127,128.0,10.0,1.0,1.0,109.0,1.0,1.0,1.0,0.9892048,1.0,-0.0,0.0,-1.7060576e-05,-0.010778138,0.6570257,3.3586938,0.8129116,5.646688,0.34532103,4.1607323,0.0,8.765466,-0.8467827,0.8981481,47.939278,0.0,0.0,0.0,1.0,0.0,0,7.0823674,0.0,8.411897,0.0,5.12351,9.48614,0.4855329,6.803943,0.0,9.035862
2,127,128.0,10.0,1.0,1.0,108.0,1.0,1.0,1.0,0.9918062,1.0,-0.0,0.0,-1.2787899e-05,-0.008180959,0.67652947,3.264527,1.0654477,3.8962543,0.46339923,3.9858396,0.0,7.981484,-1.6879877,0.8888889,47.124954,0.0,0.0,0.0,1.0,0.0,0,7.938598,0.0,6.638133,0.0,4.811169,9.290777,0.0,8.145613,0.0,8.155337
3,127,128.0,10.0,1.0,1.0,108.0,1.0,1.0,1.0,0.98918885,1.0,-0.0,0.0,-1.2244417e-05,-0.010798941,0.6653812,3.315732,0.9658332,5.647936,0.33929953,4.1573443,0.0,8.780893,-1.9471459,0.8981481,46.87732,0.0,0.0,0.0,1.0,0.0,0,8.200068,0.0,6.553823,0.0,4.442568,7.940624,0.59605265,6.909879,0.0,9.705209
0,128,129.0,10.0,1.0,1.0,110.0,1.0,1.0,1.0,0.99739283,1.0,-0.0,0.0,-1.2159355e-05,-0.002594995,0.7554844,3.3010159,0.87748617,4.3726544,0.5307116,5.1556993,0.0,7.4765882,0.006917864,0.8796296,47.971386,0.0,0.0,0.0,1.0,0.0,0,8.055395,0.0,7.1846476,0.0,5.119752,7.7931104,0.06254065,3.7635088,0.0,7.461739
1,128,129.0,10.0,1.0,1.0,110.0,1.0,1.0,1.0,0.98302263,1.0,-0.0,0.0,-1.4417958e-05,-0.016962938,0.69075596,3.3404524,0.7909731,6.017776,0.3092234,4.8039994,0.0,8.287947,-0.1526503,0.8981481,48.383183,0.0,0.0,0.0,1.0,0.0,0,6.450461,0.0,8.105619,0.0,4.7530646,7.697691,0.49254036,6.219562,0.0,8.482184
2,128,129.0,10.0,1.0,1.0,109.0,1.0,1.0,1.0,0.9974186,1.0,-0.0,0.0,-1.9076315e-05,-0.0025623478,0.6948106,3.356913,1.0204988,3.863163,0.45952913,4.439992,0.0,8.322253,-0.75376964,0.8888889,47.32216,0.0,0.0,0.0,1.0,0.0,0,8.058385,0.0,6.7914453,0.0,4.6084642,9.140136,0.0,7.975617,0.0,8.291727
3,128,129.0,10.0,1.0,1.0,109.0,1.0,1.0,1.0,0.9895718,1.0,-0.0,0.0,-1.5898293e-05,-0.010412281,0.7455584,3.3236609,0.9995224,5.6247363,0.33637053,4.326216,0.0,8.673124,-0.56637454,0.8981481,47.05229,0.0,0.0,0.0,1.0,0.0,0,6.563202,0.0,7.962095,0.0,4.598518,8.183491,0.5781362,6.5152736,0.0,9.55694
0,129,130.0,10.0,1.0,1.0,111.0,1.0,1.0,1.0,0.9936081,1.0,-0.0,0.0,-2.249255e-05,-0.0063694073,0.8018721,3.281867,0.91152984,4.077873,0.5298828,5.382164,0.0,7.660576,1.4630686,0.8796296,48.355053,0.0,0.0,0.0,1.0,0.0,0,6.605787,0.0,8.722689,0.0,5.349504,9.2101555,0.0,3.596387,0.0,7.6280117
1,129,130.0,10.0,1.0,1.0,111.0,1.0,1.0,1.0,0.9868336,1.0,-0.0,0.0,-2.1327562e-05,-0.0131451115,0.76701975,3.2780695,0.8547611,5.698725,0.2924315,5.0899806,0.0,8.427555,1.0760399,0.8981481,48.72313,0.0,0.0,0.0,1.0,0.0,0,5.5036974,0.0,8.851606,0.0,5.8399086,8.980743,0.48577797,6.1396008,0.0,9.203861
2,129,130.0,10.0,1.0,1.0,110.0,1.0,1.0,1.0,0.993592,1.0,-0.0,0.0,-1.1943683e-05,-0.0063960664,0.7799428,3.396413,0.98187625,4.583665,0.40983433,5.383764,0.0,7.7718797,0.48974064,0.8888889,47.680115,0.0,0.0,0.0,1.0,0.0,0,8.846036,0.0,6.8919606,0.0,5.93736,8.80354,0.22923824,7.840208,0.0,8.105713
3,129,130.0,10.0,1.0,1.0,110.0,1.0,1.0,1.0,0.9849729,1.0,-0.0,0.0,-1.3240411e-05,-0.015013873,0.73493385,3.2486444,1.0041561,5.9008317,0.29710147,4.977999,0.0,8.309691,-0.2712654,0.8981481,47.47862,0.0,0.0,0.0,1.0,0.0,0,8.005399,0.0,6.736069,0.0,5.1154056,6.30967,0.68208253,6.093568,0.0,9.248696
0,130,131.0,10.0,1.0,1.0,112.0,1.0,1.0,1.0,0.98941404,1.0,-0.0,0.0,-1.3726149e-05,-0.0105722295,0.8018207,3.3878558,0.8844129,4.194837,0.52038336,5.634333,0.0,7.6303115,1.5325751,0.8796296,49.021404,0.0,0.0,0.0,1.0,0.0,0,7.4495535,0.0,7.6143284,0.0,4.708263,10.507647,0.0,3.4812064,0.0,7.4973736
1,130,131.0,10.0,1.0,1.0,112.0,1.0,1.0,1.0,0.97617066,1.0,-0.0,0.0,-1.4244744e-05,-0.023815077,0.85938424,3.2028816,0.91963905,5.738979,0.26241204,5.6899247,0.0,8.0830345,2.2526095,0.8981481,49.363197,0.0,0.0,0.0,1.0,0.0,0,7.268986,0.0,8.388046,0.0,6.198199,8.079892,0.61983764,6.1009536,0.0,8.578796
2,130,131.0,10.0,1.0,1.0,111.0,1.0,1.0,1.0,0.98340696,1.0,-0.0,0.0,-2.0551615e-05,-0.01657249,0.8472804,3.3595812,1.0397463,4.2695675,0.40209764,5.6962514,0.0,7.829725,1.3979366,0.8888889,48.07306,0.0,0.0,0.0,1.0,0.0,0,7.0970626,0.0,7.995979,0.0,5.8845444,9.171978,0.08405673,7.4199147,0.0,8.144522
3,130,131.0,10.0,1.0,1.0,111.0,1.0,1.0,1.0,0.9816422,1.0,-0.0,0.0,-2.0819587e-05,-0.018337023,0.8552298,3.103886,1.141066,5.6380844,0.2873952,5.0422263,0.0,8.394051,1.0484298,0.8981481,47.866997,0.0,0.0,0.0,1.0,0.0,0,4.879731,0.0,7.9983435,0.0,5.6461935,6.2840905,0.6182957,5.9920387,0.0,9.233512
0,131,132.0,10.0,1.0,1.0,113.0,1.0,1.0,1.0,0.9999681,1.0,-0.0,0.0,-3.1898457e-05,-0.0,0.69111437,3.4279108,0.8148754,4.4565353,0.56645614,4.9470773,1.0,8.810507,0.5667349,0.8796296,49.359783,0.0,0.0,0.0,1.0,0.0,0,8.47076,0.0,7.826713,0.0,2.772011,10.900349,0.0,3.5297596,0.0,8.064894
1,131,132.0,10.0,1.0,1.0,113.0,1.0,1.0,1.0,0.9857905,1.0,-0.0,0.0,-3.2948978e-05,-0.0141765345,0.8017469,3.3137388,0.8009439,5.8505917,0.304915,4.971862,0.0,8.934612,1.6874793,0.8981481,49.687065,0.0,0.0,0.0,1.0,0.0,0,7.3202085,0.0,7.0301127,0.0,3.5745478,9.686999,0.5294044,5.3239803,0.0,8.773319
2,131,132.0,10.0,1.0,1.0,112.0,1.0,1.0,1.0,0.97925264,1.0,-0.0,0.0,-1.355195e-05,-0.020733811,0.82836485,3.4220908,1.0108125,4.3225956,0.39222068,6.162934,0.0,7.9010487,2.022474,0.8888889,48.65656,0.0,0.0,0.0,1.0,0.0,0,7.652762,0.0,7.834215,0.0,5.667576,12.331627,0.24279319,7.0699463,0.0,7.982682
3,131,132.0,10.0,1.0,1.0,112.0,1.0,1.0,1.0,0.969734,1.0,-0.0,0.0,-1.5962836e-05,-0.030249987,0.8985389,3.0470743,1.1510012,5.6332216,0.25857055,5.682489,0.0,8.1105795,1.8814504,0.8981481,48.381702,0.0,0.0,0.0,1.0,0.0,0,5.4629087,0.0,7.3707643,0.0,7.4913177,7.184553,0.74251354,5.8147154,0.0,9.159182
0,132,133.0,10.0,1.0,1.0,114.0,1.0,1.0,1.0,0.9924206,1.0,-0.0,0.0,-2.0132391e-05,-0.007559262,0.4191801,3.8755615,0.7639158,5.453555,0.6112235,4.2807374,0.0,9.6872225,-1.0496341,0.8796296,50.182365,0.0,0.0,0.0,1.0,0.0,0,9.032056,0.0,7.7687817,0.0,3.301404,11.679928,0.0,3.6463392,0.0,7.8897076
1,132,133.0,10.0,1.0,1.0,114.0,1.0,1.0,1.0,0.98124194,1.0,-0.0,0.0,-1.9518278e-05,-0.018738568,0.69075596,3.6638684,0.7593415,6.1243134,0.33112904,4.7454624,0.0,9.4960375,1.1555729,0.8981481,50.510468,0.0,0.0,0.0,1.0,0.0,0,8.263865,0.0,9.395492,0.0,3.9352348,10.646895,0.4782473,5.522128,0.0,9.943301
2,132,133.0,10.0,1.0,1.0,113.0,1.0,1.0,1.0,0.9942435,1.0,-0.0,0.0,-2.952856e-05,-0.005727014,0.75261366,3.5500255,0.8847341,4.385884,0.4399234,5.3436203,0.0,8.630079,1.4048805,0.8888889,49.04625,0.0,0.0,0.0,1.0,0.0,0,8.219149,0.0,7.707772,0.0,3.3477597,12.13309,0.06174507,7.0432644,0.0,9.329004
3,132,133.0,10.0,1.0,1.0,113.0,1.0,1.0,1.0,0.989873,1.0,-0.0,0.0,-2.6654914e-05,-0.010100383,0.888044,3.1821523,1.0152326,5.3668675,0.29283842,5.239155,0.0,8.721838,1.8789871,0.8981481,48.674767,0.0,0.0,0.0,1.0,0.0,0,6.258801,0.0,7.194929,0.0,4.846294,8.056715,0.6459847,5.466702,0.0,9.468147
0,133,134.0,10.0,1.0,1.0,115.0,1.0,1.0,1.0,0.9968753,1.0,-0.0,0.0,-2.4995623e-05,-0.0030997107,0.37605911,3.8714483,0.7838253,5.185982,0.61557513,4.437346,0.0,8.792316,-1.5679114,0.8796296,50.883198,0.0,0.0,0.0,1.0,0.0,0,7.1511188,0.0,8.116118,0.0,4.558284,11.528409,0.007899791,3.7922864,0.0,7.8994226
1,133,134.0,10.0,1.0,1.0,115.0,1.0,1.0,1.0,0.97812074,1.0,-0.0,0.0,-1.955512e-05,-0.021859692,0.45248604,3.6868043,0.7749746,6.311581,0.340687,4.7568326,0.0,8.918766,-0.9342134,0.8981481,51.316406,0.0,0.0,0.0,1.0,0.0,0,7.5078907,0.0,8.295859,0.0,4.9221787,11.389403,0.5110683,6.051323,0.0,10.291755
2,133,134.0,10.0,1.0,1.0,114.0,1.0,1.0,1.0,0.9980553,1.0,-0.0,0.0,-1.8001241e-05,-0.0019267395,0.4805792,3.973629,0.8208708,5.115604,0.48574257,4.642892,0.0,9.228564,-1.0378146,0.8888889,49.857147,0.0,0.0,0.0,1.0,0.0,0,8.511374,0.0,8.394359,0.0,3.9064114,12.314416,0.0,6.874573,0.0,9.154242
3,133,134.0,10.0,1.0,1.0,114.0,1.0,1.0,1.0,0.98999393,1.0,-0.0,0.0,-1.5013338e-05,-0.00999108,0.88708514,3.4044054,1.0107857,5.376924,0.29741988,5.22254,0.0,9.075821,1.8446372,0.8981481,49.27281,0.0,0.0,0.0,1.0,0.0,0,6.8303022,0.0,9.600069,0.0,4.837431,10.497132,0.6029874,5.437975,0.0,9.675315
0,134,135.0,10.0,1.0,1.0,116.0,1.0,1.0,1.0,0.99326277,1.0,-0.0,0.0,-1.4513783e-05,-0.006722699,0.40625334,3.775415,0.7697374,5.4033613,0.6296355,4.328568,0.0,9.0550785,-1.1295127,0.8796296,51.196117,0.0,0.0,0.0,1.0,0.0,0,7.013302,0.0,9.691161,0.0,5.4786882,11.564295,0.0,3.864135,0.0,7.9571886
1,134,135.0,10.0,1.0,1.0,116.0,1.0,1.0,1.0,0.9719381,1.0,-0.0,0.0,-1.7047778e-05,-0.028044906,0.46600774,3.6027536,0.7342993,6.682694,0.3526473,4.690703,0.0,9.415089,-0.50893986,0.8981481,51.578938,0.0,0.0,0.0,1.0,0.0,0,6.9055843,0.0,9.798764,0.0,4.377732,10.55666,0.51528394,5.5498133,0.0,10.401205
2,134,135.0,10.0,1.0,1.0,115.0,1.0,1.0,1.0,0.99745286,1.0,-0.0,0.0,-2.0483005e-05,-0.002526622,0.42927712,4.006433,0.83919483,5.151597,0.48583356,4.7474413,0.0,8.594502,-0.87010396,0.8888889,50.606125,0.0,0.0,0.0,1.0,0.0,0,7.46537,0.0,8.110359,0.0,5.749996,12.670214,0.06489467,6.9021153,0.0,8.916746
3,134,135.0,10.0,1.0,1.0,115.0,1.0,1.0,1.0,0.98411417,1.0,-0.0,0.0,-2.2079366e-05,-0.015863769,0.6233439,3.4558985,0.9939121,5.645995,0.30129483,5.3058305,0.0,8.705743,-0.029228628,0.8981481,50.264984,0.0,0.0,0.0,1.0,0.0,0,6.66535,0.0,7.65366,0.0,5.1258044,12.987641,0.90827274,5.1237526,0.0,9.319425
0,135,136.0,10.0,1.0,1.0,117.0,1.0,1.0,1.0,0.9852801,1.0,-0.0,0.0,-1.3948095e-05,-0.01470598,0.30180812,3.886254,0.7202292,5.8823586,0.6471812,3.8849862,0.0,9.778893,-1.5963455,0.8796296,51.63797,0.0,0.0,0.0,1.0,0.0,0,8.517143,0.0,7.6492543,0.0,3.7510889,11.381721,0.034764346,3.579944,0.0,7.8252707
1,135,136.0,10.0,1.0,1.0,117.0,1.0,1.0,1.0,0.964575,1.0,-0.0,0.0,-1.7720971e-05,-0.035407316,0.3434494,3.7212305,0.67762536,7.1244383,0.37973285,4.303901,0.0,10.119601,-0.9535588,0.8981481,52.0664,0.0,0.0,0.0,1.0,0.0,0,8.016447,0.0,7.759963,0.0,3.4348528,10.486757,0.59553427,5.5648513,0.0,10.471979
2,135,136.0,10.0,1.0,1.0,116.0,1.0,1.0,1.0,0.99447495,1.0,-0.0,0.0,-1.317477e-05,-0.0055118557,0.48028117,3.8875227,0.83011526,5.330711,0.49542663,4.620241,0.0,8.700191,-0.39249098,0.8888889,50.878006,0.0,0.0,0.0,1.0,0.0,0,6.958397,0.0,9.65379,0.0,5.9376664,12.540286,0.080496795,6.750243,0.0,8.982021
3,135,136.0,10.0,1.0,1.0,116.0,1.0,1.0,1.0,0.9803607,1.0,-0.0,0.0,-1.8009836e-05,-0.019621298,0.5227469,3.4568145,0.88789874,6.0425777,0.32186428,5.1346993,0.0,9.259582,-0.38314426,0.8981481,50.60412,0.0,0.0,0.0,1.0,0.0,0,8.225882,0.0,9.39477,0.0,5.6602592,10.844205,0.6310585,5.1261806,0.0,10.888736
0,136,137.0,10.0,1.0,1.0,118.0,1.0,1.0,1.0,0.979369,1.0,-0.0,0.0,-1.52296625e-05,-0.02061578,0.30818915,3.9147887,0.7137336,6.236946,0.67820185,3.390011,0.0,10.185705,-1.8958515,0.8796296,52.167175,0.0,0.0,0.0,1.0,0.0,0,7.427093,0.0,8.372479,0.0,4.01356,11.777852,0.0,3.988781,0.0,8.117605
1,136,137.0,10.0,1.0,1.0,118.0,1.0,1.0,1.0,0.9579859,1.0,-0.0,0.0,-1.7724584e-05,-0.0419964,0.29099137,3.73526,0.6596967,7.5197835,0.41414458,3.8045607,0.0,10.531846,-1.3377964,0.8981481,52.59623,0.0,0.0,0.0,1.0,0.0,0,7.402195,0.0,8.471209,0.0,4.107146,10.835451,0.5968372,6.0728083,0.0,11.023546
2,136,137.0,10.0,1.0,1.0,117.0,1.0,1.0,1.0,0.9865602,1.0,-0.0,0.0,-1.5633354e-05,-0.013424146,0.32681376,4.019704,0.75585127,5.8054485,0.5277709,3.9421945,0.0,9.514423,-1.8384354,0.8888889,51.35355,0.0,0.0,0.0,1.0,0.0,0,8.386273,0.0,7.5831013,0.0,3.6552293,12.759965,0.043055702,6.763496,0.0,9.057919
3,136,137.0,10.0,1.0,1.0,117.0,1.0,1.0,1.0,0.9750603,1.0,-0.0,0.0,-2.4681116e-05,-0.02491505,0.4448086,3.5740833,0.8214957,6.4949026,0.3530391,4.746782,0.0,9.905737,-1.1415565,0.8981481,51.01026,0.0,0.0,0.0,1.0,0.0,0,8.317133,0.0,8.107754,0.0,3.4157643,10.564758,0.65317744,5.1732516,0.0,11.228188
0,137,138.0,10.0,1.0,1.0,119.0,1.0,1.0,1.0,0.98049575,1.0,-0.0,0.0,-1.1968864e-05,-0.019492293,0.1503054,3.9936006,0.7130826,6.169537,0.6912264,3.2206807,0.0,9.992216,-3.5888803,0.8796296,52.74994,0.0,0.0,0.0,1.0,0.0,0,6.7641773,0.0,7.220067,0.0,4.6876063,12.248612,0.048330497,4.021494,0.0,7.838005
1,137,138.0,10.0,1.0,1.0,119.0,1.0,1.0,1.0,0.96300834,1.0,-0.0,0.0,-1.3582431e-05,-0.03697809,0.28242284,3.7647147,0.7014925,7.2186847,0.41985708,3.704692,0.0,9.850795,-1.923671,0.8981481,53.143776,0.0,0.0,0.0,1.0,0.0,0,5.987106,0.0,8.841605,0.0,6.0535817,11.587836,0.5777688,6.1052027,0.0,11.134961
2,137,138.0,10.0,1.0,1.0,118.0,1.0,1.0,1.0,0.9795671,1.0,-0.0,0.0,-1.6076589e-05,-0.020416802,0.31866765,4.050548,0.7258017,6.2250075,0.54647857,3.5459845,0.0,10.037305,-0.8819187,0.8888889,51.885437,0.0,0.0,0.0,1.0,0.0,0,7.6489515,0.0,8.246696,0.0,4.0153995,12.639271,0.073021516,7.01828,0.0,9.21797
3,137,138.0,10.0,1.0,1.0,118.0,1.0,1.0,1.0,0.9656038,1.0,-0.0,0.0,-2.1199929e-05,-0.034374982,0.35017356,3.6311562,0.7661318,7.0624986,0.38536996,4.3832054,0.0,10.458107,-0.73514414,0.8981481,51.611,0.0,0.0,0.0,1.0,0.0,0,7.4318275,0.0,7.880663,0.0,4.8295927,10.346246,0.6989595,5.268786,0.0,11.460085
0,138,139.0,10.0,1.0,1.0,120.0,1.0,1.0,1.0,0.9723131,1.0,-0.0,0.0,-1.1760333e-05,-0.02767515,0.16674884,4.049546,0.68769354,6.6605086,0.70143694,3.0483682,0.0,10.5543,-3.4604902,0.8796296,53.15277,0.0,0.0,0.0,1.0,0.0,0,7.2547116,0.0,8.441471,0.0,4.1626163,11.756412,0.0,4.1234593,0.0,8.384324
1,138,139.0,10.0,1.0,1.0,120.0,1.0,1.0,1.0,0.9560526,1.0,-0.0,0.0,-1.4727624e-05,-0.043932687,0.2277635,3.8407347,0.66402537,7.6359606,0.4343493,3.5313842,0.0,10.386939,-2.2246008,0.8981481,53.57589,0.0,0.0,0.0,1.0,0.0,0,6.6795254,0.0,8.825365,0.0,5.189705,11.011091,0.68913746,5.689844,0.0,11.114626
2,138,139.0,10.0,1.0,1.0,119.0,1.0,1.0,1.0,0.9824171,1.0,-0.0,0.0,-1.2420036e-05,-0.01757049,0.27795398,4.1123295,0.75140065,6.054229,0.5503299,3.5022252,0.0,9.493823,-1.6794652,0.8888889,52.444424,0.0,0.0,0.0,1.0,0.0,0,7.0954347,0.0,9.133958,0.0,5.2342196,13.922062,0.20479904,7.239626,0.0,9.461602
3,138,139.0,10.0,1.0,1.0,119.0,1.0,1.0,1.0,0.96866274,1.0,-0.0,0.0,-1.2459231e-05,-0.031324785,0.32875723,3.6494434,0.819924,6.8794866,0.40491953,4.1229305,0.0,9.697162,-1.8496997,0.8981481,52.158485,0.0,0.0,0.0,1.0,0.0,0,6.121255,0.0,8.569306,0.0,6.3304057,11.282389,0.64549494,6.1522474,0.0,11.612976
0,139,140.0,10.0,1.0,1.0,121.0,1.0,1.0,1.0,0.9715173,1.0,-0.0,0.0,-1.27917665e-05,-0.02846988,0.30365214,4.112389,0.6747867,6.7081923,0.71135026,2.9192982,0.0,10.504571,-2.3893147,0.8796296,53.58818,0.0,0.0,0.0,1.0,0.0,0,7.209452,0.0,8.206768,0.0,3.848919,11.90222,0.0,4.0535293,0.0,8.410253
1,139,140.0,10.0,1.0,1.0,121.0,1.0,1.0,1.0,0.9514265,1.0,-0.0,0.0,-1.3162581e-05,-0.04856031,0.2805885,3.9210975,0.64438415,7.913618,0.45095378,3.36498,0.0,10.669186,-0.81744975,0.8981481,54.065163,0.0,0.0,0.0,1.0,0.0,0,7.185737,0.0,7.999951,0.0,4.1961374,11.035895,0.6653349,5.737928,0.0,11.218059
2,139,140.0,10.0,1.0,1.0,120.0,1.0,1.0,1.0,0.97380584,1.0,-0.0,0.0,-1.0485972e-05,-0.02618368,0.21593869,4.195208,0.7002388,6.57102,0.55790144,3.2901723,0.0,10.20579,-2.0520072,0.8888889,52.885426,0.0,0.0,0.0,1.0,0.0,0,8.14849,0.0,8.738991,0.0,4.392113,13.669926,0.284654,6.9079747,0.0,9.446355
3,139,140.0,10.0,1.0,1.0,120.0,1.0,1.0,1.0,0.9640146,1.0,-0.0,0.0,-1.3277625e-05,-0.035972103,0.28454846,3.7153237,0.7812491,7.1583257,0.43113354,3.8201663,0.0,10.105324,-2.3072605,0.8981481,52.573257,0.0,0.0,0.0,1.0,0.0,0,6.657185,0.0,8.870236,0.0,4.946493,10.640278,0.6591183,5.868935,0.0,12.247259
0,140,141.0,10.0,1.0,1.0,122.0,1.0,1.0,1.0,0.9693543,1.0,-0.0,0.0,-1.1743759e-05,-0.030633988,0.29149765,4.080349,0.6629663,6.838039,0.71068287,2.872264,0.0,10.530015,-2.4535255,0.8796296,53.977997,0.0,0.0,0.0,1.0,0.0,0,6.8634224,0.0,7.9779286,0.0,4.0652285,11.775189,0.0,3.9736574,0.0,8.608928
1,140,141.0,10.0,1.0,1.0,122.0,1.0,1.0,1.0,0.9471949,1.0,-0.0,0.0,-1.509194e-05,-0.05279006,0.21545626,3.8947086,0.6276434,8.167403,0.45993072,3.271323,0.0,10.909088,-1.371122,0.8981481,54.465294,0.0,0.0,0.0,1.0,0.0,0,6.919035,0.0,7.8736453,0.0,4.218096,11.082066,0.85563886,5.4914064,0.0,11.223514
2,140,141.0,10.0,1.0,1.0,121.0,1.0,1.0,1.0,0.97027737,1.0,-0.0,0.0,-1.2431982e-05,-0.029710198,0.30717736,4.247145,0.68144757,6.7826114,0.5572777,3.1933432,0.0,10.36331,-1.147571,0.8888889,53.312057,0.0,0.0,0.0,0.0,0.0,0,7.4761796,0.0,8.1796665,0.0,3.89993,12.880066,0.17285453,6.5230856,0.0,9.283777
3,140,141.0,10.0,1.0,1.0,121.0,1.0,1.0,1.0,0.95708615,1.0,-0.0,0.0,-1.2800599e-05,-0.042901043,0.22580326,3.775319,0.7341918,7.574062,0.45185286,3.6202648,0.0,10.712979,-2.7029002,0.8981481,53.06151,0.0,0.0,0.0,1.0,0.0,0,7.6436796,0.0,7.906657,0.0,4.49463,10.657323,0.6744932,5.8393397,0.0,12.503158
0,141,142.0,10.0,1.0,1.0,123.0,1.0,1.0,1.0,0.9723075,1.0,-0.0,0.0,-9.474253e-06,-0.027683,0.24215952,4.145438,0.6878691,6.6609793,0.713727,2.8111126,0.0,10.491975,-3.0536475,0.8796296,54.374016,0.0,0.0,0.0,1.0,0.0,0,6.9257174,0.0,7.919705,0.0,4.429742,11.921497,0.01234292,3.88474,0.0,8.733194
1,141,142.0,10.0,1.0,1.0,123.0,1.0,1.0,1.0,0.9476841,1.0,-0.0,0.0,-1.2638672e-05,-0.05230324,0.18260926,4.0016823,0.6573164,8.138194,0.46867904,3.2386165,0.0,10.9158535,-1.7129434,0.8981481,54.89965,0.0,0.0,0.0,1.0,0.0,0,7.1656914,0.0,7.8873467,0.0,4.774288,10.853064,0.80977064,5.9115663,0.0,11.939316
2,141,142.0,10.0,1.0,1.0,122.0,1.0,1.0,1.0,0.9668053,1.0,-0.0,0.0,-1.2349036e-05,-0.033182405,0.30855164,4.2447643,0.6630831,6.990944,0.55821353,3.0907006,0.0,10.473824,-1.0925522,0.8888889,53.751755,0.0,0.0,0.0,0.0,0.0,0,7.2003455,0.0,8.138666,0.0,4.0669217,12.847648,0.2593245,6.6809864,0.0,9.45654
3,141,142.0,10.0,1.0,1.0,122.0,1.0,1.0,1.0,0.9500788,1.0,-0.0,0.0,-1.4992999e-05,-0.049906213,0.16213804,3.7584999,0.7061785,7.9943724,0.46560043,3.5015545,0.0,11.171613,-2.0219283,0.8981481,53.51604,0.0,0.0,0.0,1.0,0.0,0,7.234117,0.0,7.703803,0.0,4.2044377,10.758195,0.70998234,5.737488,0.0,12.462209
0,142,143.0,10.0,1.0,1.0,124.0,1.0,1.0,1.0,0.9657896,1.0,-0.0,0.0,-1.29066675e-05,-0.034197427,0.15899613,4.1095114,0.66755927,7.051845,0.7165466,2.77242,0.0,10.809061,-3.5917583,0.8796296,54.80516,0.0,0.0,0.0,1.0,0.0,0,6.7263284,0.0,7.9367757,0.0,4.175721,11.74779,0.0,4.077008,0.0,9.097205
1,142,143.0,10.0,1.0,1.0,124.0,1.0,1.0,1.0,0.94232935,1.0,-0.0,0.0,-1.5214941e-05,-0.057655476,0.1074329,3.9666448,0.63716596,8.459328,0.47871405,3.1491592,0.0,11.176372,-2.5688074,0.8981481,55.351395,0.0,0.0,0.0,1.0,0.0,0,6.7518706,0.0,7.7772183,0.0,4.4590955,10.863045,0.8832943,5.5326324,0.0,11.60497
2,142,143.0,10.0,1.0,1.0,123.0,1.0,1.0,1.0,0.96711886,1.0,-0.0,0.0,-9.093406e-06,-0.03287205,0.2207458,4.3273625,0.68397474,6.9723225,0.5619875,2.9978771,0.0,10.517431,-2.115256,0.8888889,54.156284,0.0,0.0,0.0,0.0,0.0,0,7.65992,0.0,7.768824,0.0,5.1514144,12.887453,0.28498316,6.45789,0.0,9.488467
3,142,143.0,10.0,1.0,1.0,123.0,1.0,1.0,1.0,0.94822055,1.0,-0.0,0.0,-1.3111883e-05,-0.05176636,0.13924819,3.907538,0.7309719,8.105981,0.4773232,3.4308672,0.0,11.15076,-2.7263584,0.8981481,53.97522,0.0,0.0,0.0,1.0,0.0,0,7.6742506,0.0,8.296788,0.0,4.9925404,11.109359,1.2240841,5.370394,0.0,12.421538
0,143,144.0,10.0,1.0,1.0,125.0,1.0,1.0,1.0,0.9662913,1.0,-0.0,0.0,-8.38562e-06,-0.03370031,0.25238508,4.103655,0.66477007,7.022018,0.7206888,2.7514477,0.0,10.643477,-2.7185707,0.8796296,55.267452,0.0,0.0,0.0,0.0,0.0,0,6.164467,0.0,7.9967732,0.0,4.316594,11.972637,0.0,3.9832685,0.0,9.148543
1,143,144.0,10.0,1.0,1.0,125.0,1.0,1.0,1.0,0.9430636,1.0,-0.0,0.0,-9.770895e-06,-0.056926623,0.21397248,3.9543376,0.6428903,8.415597,0.4836003,3.1354582,0.0,10.989153,-1.7220248,0.8981481,55.811626,0.0,0.0,0.0,1.0,0.0,0,6.3042474,0.0,7.9217343,0.0,4.660302,11.023482,0.84012604,5.371929,0.0,11.576446
2,143,144.0,10.0,1.0,1.0,124.0,1.0,1.0,1.0,0.9605559,1.0,-0.0,0.0,-1.364707e-05,-0.039430454,0.14032331,4.289285,0.65494096,7.3658266,0.56370014,2.9058604,0.0,10.897009,-2.7123103,0.8888889,54.598133,0.0,0.0,0.0,0.0,0.0,0,6.987182,0.0,7.8685074,0.0,4.5618453,12.694139,0.2517917,6.4549413,0.0,9.568765
3,143,144.0,10.0,1.0,1.0,124.0,1.0,1.0,1.0,0.9436719,1.0,-0.0,0.0,-1.2502359e-05,-0.05631558,0.106411055,3.8692172,0.7114722,8.378934,0.48579732,3.3983135,0.0,11.341404,-2.337942,0.8981481,54.43539,0.0,0.0,0.0,1.0,0.0,0,6.9086237,0.0,7.3312216,0.0,4.2647448,10.184512,0.7525214,5.4691935,0.0,12.283123
0,144,145.0,10.0,1.0,1.0,126.0,1.0,1.0,1.0,0.9710572,1.0,-0.0,0.0,-8.873668e-06,-0.02893394,0.2851516,4.1073537,0.7013417,6.736036,0.7224087,2.746892,0.0,10.772872,-2.8802576,0.8796296,55.748642,0.0,0.0,0.0,0.0,0.0,0,7.0319004,0.0,9.195579,0.0,4.406035,11.988181,0.0,3.8745735,0.0,9.260735
1,144,145.0,10.0,1.0,1.0,126.0,1.0,1.0,1.0,0.9462664,1.0,-0.0,0.0,-9.9650315e-06,-0.053723607,0.24655126,3.9904106,0.67729515,8.223415,0.4877243,3.1494076,0.0,11.173763,-1.3900995,0.8981481,56.306976,0.0,0.0,0.0,1.0,0.0,0,6.912253,0.0,8.765712,0.0,4.880231,10.951089,0.7785626,5.8978724,0.0,12.215304
2,144,145.0,10.0,1.0,1.0,125.0,1.0,1.0,1.0,0.96169597,1.0,-0.0,0.0,-9.489428e-06,-0.038294535,0.2737455,4.2746944,0.6565651,7.297672,0.5583215,2.8749878,0.0,10.680579,-1.39328,0.8888889,55.055946,0.0,0.0,0.0,0.0,0.0,0,6.4938564,0.0,8.116491,0.0,4.9079876,12.871657,0.0,6.277516,0.0,9.611131
3,144,145.0,10.0,1.0,1.0,125.0,1.0,1.0,1.0,0.941637,1.0,-0.0,0.0,-8.4985295e-06,-0.058354475,0.08935258,3.828327,0.7054268,8.501267,0.4946236,3.3698616,0.0,11.392242,-3.2625942,0.8981481,54.86558,0.0,0.0,0.0,1.0,0.0,0,6.9238243,0.0,7.6654873,0.0,4.528808,10.641154,0.9012002,5.497427,0.0,12.96729
0,145,146.0,10.0,1.0,1.0,127.0,1.0,1.0,1.0,0.9666991,1.0,-0.0,0.0,-1.02570275e-05,-0.033290647,0.1909025,4.0307274,0.685094,6.9974384,0.719185,2.76167,0.0,10.883977,-3.38827,0.8796296,56.221085,0.0,0.0,0.0,0.0,0.0,0,6.5204787,0.0,7.352843,0.0,4.1999083,12.032523,0.0,3.6903753,0.0,9.445221
1,145,146.0,10.0,1.0,1.0,127.0,1.0,1.0,1.0,0.9436382,1.0,-0.0,0.0,-1.1925948e-05,-0.05634986,0.17568953,3.9123616,0.66680115,8.380991,0.49343273,3.1406968,0.0,11.15203,-2.1546829,0.8981481,56.79562,0.0,0.0,0.0,1.0,0.0,0,6.487396,0.0,7.3620424,0.0,4.3014355,11.019122,0.8476763,5.3631024,0.0,11.8818245
2,145,146.0,10.0,1.0,1.0,126.0,1.0,1.0,1.0,0.9645395,1.0,-0.0,0.0,-9.208424e-06,-0.035451278,0.27521476,4.2959285,0.68572843,7.127076,0.5618827,2.8577833,0.0,10.986036,-1.9053993,0.8888889,55.531693,0.0,0.0,0.0,0.0,0.0,0,6.9990454,0.0,8.944665,0.0,5.0192,12.746498,0.0,6.568997,0.0,9.864675
3,145,146.0,10.0,1.0,1.0,126.0,1.0,1.0,1.0,0.94148237,1.0,-0.0,0.0,-9.631494e-06,-0.058507983,0.17018728,3.9611301,0.7358182,8.510478,0.5011833,3.3642821,0.0,11.678553,-2.037038,0.8981481,55.409348,0.0,0.0,0.0,1.0,0.0,0,7.8244834,0.0,8.888846,0.0,4.8622966,10.734424,0.9067489,5.4593587,0.0,13.028734
0,146,147.0,10.0,1.0,1.0,128.0,1.0,1.0,1.0,0.96983254,1.0,-0.0,0.0,-7.841207e-06,-0.030159619,0.23830198,3.9307818,0.7230174,6.8095765,0.71886075,2.7729845,0.0,11.021747,-3.1847608,0.8796296,56.60875,0.0,0.0,0.0,0.0,0.0,0,5.9467506,0.0,9.148839,0.0,4.6972804,11.9206,0.0,3.940824,0.0,9.677291
1,146,147.0,10.0,1.0,1.0,128.0,1.0,1.0,1.0,0.94929564,1.0,-0.0,0.0,-8.488629e-06,-0.05069591,0.25664383,3.7965243,0.7104306,8.041754,0.49767885,3.1426897,0.0,11.187923,-1.3707104,0.8981481,57.171066,0.0,0.0,0.0,1.0,0.0,0,5.912447,0.0,8.84162,0.0,4.8615184,11.050712,0.9070801,5.2129927,0.0,11.886834
2,146,147.0,10.0,1.0,1.0,127.0,1.0,1.0,1.0,0.96127707,1.0,-0.0,0.0,-1.0560613e-05,-0.038712386,0.17566085,4.1933327,0.6683283,7.322743,0.5612519,2.8186207,0.0,11.067615,-2.649528,0.8888889,55.98754,0.0,0.0,0.0,0.0,0.0,0,6.508172,0.0,7.3316684,0.0,4.5460873,12.491721,0.0,6.481639,0.0,10.00111
3,146,147.0,10.0,1.0,1.0,127.0,1.0,1.0,1.0,0.939393,1.0,-0.0,0.0,-1.2511986e-05,-0.06059449,0.098031014,3.85587,0.72905815,8.635669,0.5129776,3.2749102,0.0,11.624508,-3.267425,0.8981481,55.88026,0.0,0.0,0.0,1.0,0.0,0,7.0555525,0.0,7.2277584,0.0,4.2417264,11.0912285,0.8016094,5.710462,0.0,13.340161
0,147,148.0,10.0,1.0,1.0,129.0,1.0,1.0,1.0,0.9669199,1.0,-0.0,0.0,-1.3543478e-05,-0.03306659,0.2097752,3.95139,0.70422703,6.983995,0.7217059,2.7199738,0.0,11.002761,-3.1932118,0.8796296,57.143623,0.0,0.0,0.0,0.0,0.0,0,6.832398,0.0,7.72377,0.0,4.115419,12.168627,0.0,3.7673159,0.0,9.764985
1,147,148.0,10.0,1.0,1.0,129.0,1.0,1.0,1.0,0.9470263,1.0,-0.0,0.0,-1.4278583e-05,-0.052959394,0.24184138,3.808723,0.69883823,8.177563,0.50334626,3.1628008,0.0,11.133228,-1.6831067,0.8981481,57.713245,0.0,0.0,0.0,1.0,0.0,0,6.553965,0.0,7.458556,0.0,4.3608747,11.160684,0.8222794,5.2373643,0.0,12.127282
2,147,148.0,10.0,1.0,1.0,128.0,1.0,1.0,1.0,0.9661247,1.0,-0.0,0.0,-7.815576e-06,-0.033867486,0.26242697,4.083695,0.70950437,7.0320487,0.56057584,2.8327484,0.0,11.193678,-2.1838276,0.8888889,56.357426,0.0,0.0,0.0,0.0,0.0,0,6.0989065,0.0,8.845326,0.0,4.978311,12.556754,0.0,6.397299,0.0,10.112122
3,147,148.0,10.0,1.0,1.0,128.0,1.0,1.0,1.0,0.9437645,1.0,-0.0,0.0,-7.2283824e-06,-0.056228295,0.21795332,3.8238044,0.77516353,8.373697,0.52538955,3.264616,0.0,11.583523,-2.1872213,0.8981481,56.29561,0.0,0.0,0.0,1.0,0.0,0,6.575527,0.0,8.720642,0.0,5.35556,10.970066,0.8199992,5.933089,0.0,13.880968
0,148,149.0,10.0,1.0,1.0,130.0,1.0,1.0,1.0,0.9750595,1.0,-0.0,0.0,-2.7453678e-05,-0.024913037,0.14489368,3.6531556,0.7555009,6.4947815,0.7210192,2.842128,0.0,11.092316,-4.3546214,0.8796296,57.73402,0.0,0.0,0.0,0.0,0.0,0,5.9949794,0.0,8.980331,0.0,4.6357946,11.93409,0.0,3.954129,0.0,9.918888
1,148,149.0,10.0,1.0,1.0,130.0,1.0,1.0,1.0,0.95533794,1.0,-0.0,0.0,-3.0348323e-05,-0.0446317,0.16006641,3.514792,0.74943733,7.6779013,0.507038,3.1563594,0.0,11.229596,-2.5128582,0.8981481,58.30987,0.0,0.0,0.0,1.0,0.0,0,5.916638,0.0,8.680666,0.0,4.8269215,11.068901,0.9513826,5.623906,0.0,12.20023
2,148,149.0,10.0,1.0,1.0,129.0,1.0,1.0,1.0,0.9645387,1.0,-0.0,0.0,-1.3694102e-05,-0.035447612,0.24566129,4.093426,0.69569564,7.1268563,0.5642129,2.793795,0.0,11.094427,-2.1148221,0.8888889,56.896812,0.0,0.0,0.0,0.0,0.0,0,6.580107,0.0,7.5161796,0.0,4.59726,12.707992,0.0,6.4158325,0.0,10.307489
3,148,149.0,10.0,1.0,1.0,129.0,1.0,1.0,1.0,0.9430767,1.0,-0.0,0.0,-1.3707932e-05,-0.05690956,0.1909554,3.784348,0.7714985,8.414573,0.53438854,3.2746713,0.0,11.444598,-2.6642735,0.8981481,56.77541,0.0,0.0,0.0,1.0,0.0,0,7.096326,0.0,7.260995,0.0,4.203657,11.118098,0.8596613,5.583364,0.0,13.731445
0,149,150.0,10.0,1.0,1.0,131.0,1.0,1.0,1.0,0.9672744,1.0,-0.0,0.0,-3.1515832e-05,-0.032694068,0.2904907,3.8230987,0.7283214,6.9616437,0.72437644,2.784534,0.0,11.010005,-2.3275716,0.8796296,58.572643,0.0,0.0,0.0,0.0,0.0,0,6.174399,0.0,8.371711,0.0,4.5180492,12.273298,0.0,3.657037,0.0,9.993353
1,149,150.0,10.0,1.0,1.0,131.0,1.0,1.0,1.0,0.9483534,1.0,-0.0,0.0,-3.171287e-05,-0.051614884,0.30578822,3.6657567,0.72275037,8.096892,0.5134163,3.198242,0.0,11.116271,-0.42417926,0.8981481,59.16005,0.0,0.0,0.0,1.0,0.0,0,5.9127326,0.0,7.6500955,0.0,4.821991,11.322,0.9728194,5.3258524,0.0,12.435013
2,149,150.0,10.0,1.0,1.0,130.0,1.0,1.0,1.0,0.9732436,1.0,-0.0,0.0,-2.781161e-05,-0.02672855,0.18977746,3.781496,0.74892235,6.6037126,0.5590152,2.845156,0.0,11.201449,-3.178454,0.8888889,57.478775,0.0,0.0,0.0,0.0,0.0,0,6.0421166,0.0,8.628588,0.0,4.8502812,12.473192,0.0,6.6885777,0.0,10.489692
3,149,150.0,10.0,1.0,1.0,130.0,1.0,1.0,1.0,0.94941,1.0,-0.0,0.0,-2.2430413e-05,-0.05056759,0.16684271,3.5828505,0.8216691,8.034055,0.5422589,3.23281,0.0,11.467363,-2.6133265,0.8981481,57.324165,0.0,0.0,0.0,1.0,0.0,0,6.643555,0.0,8.463081,0.0,4.430255,10.968968,0.8227253,5.9916854,0.0,13.828702
0,150,151.0,10.0,1.0,1.0,132.0,1.0,1.0,1.0,0.9811216,1.0,-0.0,0.0,-5.252032e-05,-0.018825907,0.1396546,3.3868227,0.7978421,6.129554,0.7253948,3.0380793,0.0,11.021943,-4.6324663,0.8796296,59.49251,0.0,0.0,0.0,0.0,0.0,0,6.2166634,0.0,8.544779,0.0,4.3534517,11.977841,0.0,4.1238737,0.0,10.229917
1,150,151.0,10.0,1.0,1.0,132.0,1.0,1.0,1.0,0.9627017,1.0,-0.0,0.0,-5.471423e-05,-0.037243612,0.14823191,3.2393713,0.8047715,7.2346163,0.5176601,3.1672528,0.0,11.072488,-3.0353646,0.8981481,60.090416,0.0,0.0,0.0,1.0,0.0,0,6.0298796,0.0,8.14897,0.0,4.714889,11.228208,1.1166248,5.665814,0.0,12.543334
2,150,151.0,10.0,1.0,1.0,131.0,1.0,1.0,1.0,0.96589786,1.0,-0.0,0.0,-3.061602e-05,-0.034071486,0.32396913,3.9299622,0.71873474,7.0442886,0.56123483,2.7763698,0.0,11.084627,-1.2518754,0.8888889,58.306618,0.0,0.0,0.0,0.0,0.0,0,6.341141,0.0,8.080474,0.0,4.8186917,12.786469,0.0,6.029354,0.0,10.540841
3,150,151.0,10.0,1.0,1.0,131.0,1.0,1.0,1.0,0.9451399,1.0,-0.0,0.0,-2.4896926e-05,-0.05483522,0.3229253,3.6607165,0.8061793,8.2901125,0.55042225,3.2913618,0.0,11.198566,-1.5714095,0.8981481,58.084457,0.0,0.0,0.0,1.0,0.0,0,6.4425306,0.0,7.5037622,0.0,4.684132,11.239302,0.90482724,5.547731,0.0,13.97542
0,151,152.0,10.0,1.0,1.0,133.0,1.0,1.0,1.0,0.96658117,1.0,-0.0,0.0,-5.734402e-05,-0.033361502,0.17960668,3.6655083,0.7450933,7.00169,0.7331281,2.9454584,0.0,11.177552,-3.3577354,0.8796296,60.497856,0.0,0.0,0.0,0.0,0.0,0,7.1605415,0.0,8.053918,0.0,4.3160157,12.182376,0.0,3.7507968,0.0,10.321648
1,151,152.0,10.0,1.0,1.0,133.0,1.0,1.0,1.0,0.94966453,1.0,-0.0,0.0,-5.2597225e-05,-0.050282914,0.21073334,3.5050175,0.7547413,8.016974,0.52651495,3.183523,0.0,11.113738,-1.3748026,0.8981481,61.088764,0.0,0.0,0.0,1.0,0.0,0,6.8442373,0.0,8.000412,0.0,4.2755284,11.29515,1.0777808,5.171853,0.0,12.710711
2,151,152.0,10.0,1.0,1.0,132.0,1.0,1.0,1.0,0.9803145,1.0,-0.0,0.0,-5.791665e-05,-0.019627588,0.1934018,3.484848,0.796202,6.1776547,0.55556184,3.0051792,0.0,11.122133,-3.3517509,0.8888889,59.255165,0.0,0.0,0.0,0.0,0.0,0,5.983048,0.0,8.293644,0.0,5.022224,12.506225,0.0,6.698794,0.0,10.634837
3,151,152.0,10.0,1.0,1.0,132.0,1.0,1.0,1.0,0.95802665,1.0,-0.0,0.0,-4.6451645e-05,-0.041926946,0.19765496,3.3279188,0.8864986,7.515616,0.5573381,3.1923625,0.0,11.139434,-3.456873,0.8981481,58.94007,0.0,0.0,0.0,1.0,0.0,0,6.378648,0.0,8.1390915,0.0,4.8602457,11.234445,1.0356472,6.1105623,0.0,14.337481
0,152,153.0,10.0,1.0,1.0,134.0,1.0,1.0,1.0,0.9827347,1.0,-0.0,0.0,-8.793963e-05,-0.017177407,0.072412565,3.1159499,0.8320039,6.030644,0.7276629,3.2116752,0.0,11.175367,-5.3365893,0.8796296,61.700714,0.0,0.0,0.0,0.0,0.0,0,6.484737,0.0,8.374323,0.0,4.509812,11.621781,0.0,4.18754,0.0,10.405129
1,152,153.0,10.0,1.0,1.0,134.0,1.0,1.0,1.0,0.9638231,1.0,-0.0,0.0,-8.6389584e-05,-0.036090564,0.070395134,3.000366,0.8401727,7.1654334,0.52785754,3.1845062,0.0,11.26306,-3.867114,0.8981481,62.26992,0.0,0.0,0.0,1.0,0.0,0,6.2598386,0.0,8.117342,0.0,4.649387,11.112803,0.9342163,5.909383,0.0,12.589198
2,152,153.0,10.0,1.0,1.0,133.0,1.0,1.0,1.0,0.9669876,1.0,-0.0,0.0,-5.8011025e-05,-0.032954395,0.22831969,3.7312632,0.7398063,6.9772635,0.5670541,2.9144678,0.0,11.201978,-2.2199256,0.8888889,60.274464,0.0,0.0,0.0,0.0,0.0,0,6.648613,0.0,7.9540772,0.0,5.4679356,12.759842,0.0,6.3926964,0.0,10.995558
3,152,153.0,10.0,1.0,1.0,133.0,1.0,1.0,1.0,0.9462127,1.0,-0.0,0.0,-4.6257086e-05,-0.053741053,0.23218654,3.505342,0.8383863,8.2244625,0.5653994,3.2818346,0.0,11.13825,-2.4811308,0.8981481,59.888344,0.0,0.0,0.0,1.0,0.0,0,6.938332,0.0,7.4313784,0.0,5.2645907,11.410017,1.1045983,5.56619,0.0,14.241326
0,153,154.0,10.0,1.0,1.0,135.0,1.0,1.0,1.0,0.9639984,1.0,-0.0,0.0,-7.876196e-05,-0.03592286,0.11957679,3.479207,0.757844,7.155371,0.73887277,3.0713918,0.0,11.457035,-4.036239,0.8796296,62.801373,0.0,0.0,0.0,0.0,0.0,0,8.886443,0.0,7.1098456,0.0,4.139043,12.174607,0.0,3.730396,0.0,10.46872
1,153,154.0,10.0,1.0,1.0,135.0,1.0,1.0,1.0,0.94654673,1.0,-0.0,0.0,-7.622183e-05,-0.05337706,0.15088506,3.3323164,0.766014,8.202623,0.5368006,3.2148423,0.0,11.413662,-2.3405375,0.8981481,63.351215,0.0,0.0,0.0,1.0,0.0,0,8.155262,0.0,7.1565905,0.0,4.58931,10.927576,1.0658119,4.9128666,0.0,12.947057
2,153,154.0,10.0,1.0,1.0,134.0,1.0,1.0,1.0,0.982143,1.0,-0.0,0.0,-8.841924e-05,-0.017768623,0.09564534,3.202815,0.82590777,6.066117,0.5706468,3.126708,0.0,11.3447895,-4.6596594,0.8888889,61.47343,0.0,0.0,0.0,0.0,0.0,0,6.2610765,0.0,8.23885,0.0,4.947187,12.112672,0.0,7.2768354,0.0,10.963628
3,153,154.0,10.0,1.0,1.0,134.0,1.0,1.0,1.0,0.9591811,1.0,-0.0,0.0,-8.4005e-05,-0.04073496,0.08102991,3.0916452,0.91817015,7.444097,0.5628014,3.252605,0.0,11.362761,-4.262767,0.8981481,61.053013,0.0,0.0,0.0,1.0,0.0,0,6.440432,0.0,7.965627,0.0,4.5647826,11.302953,0.99828666,6.0233307,0.0,14.117438
0,154,155.0,10.0,1.0,1.0,136.0,1.0,1.0,1.0,0.9852792,1.0,-0.0,0.0,-9.027837e-05,-0.014630514,0.07233936,2.8643396,0.8683919,5.8778305,0.74363536,3.2758665,0.0,11.181991,-5.588085,0.8796296,64.09466,0.0,0.0,0.0,0.0,0.0,0,6.7134976,0.0,8.065366,0.0,4.648538,11.637685,0.0,4.3970633,0.0,10.57545
1,154,155.0,10.0,1.0,1.0,136.0,1.0,1.0,1.0,0.965675,1.0,-0.0,0.0,-9.247072e-05,-0.034232587,0.07335786,2.7507184,0.8826704,7.0539546,0.53868276,3.203622,0.0,11.341595,-3.8838396,0.8981481,64.65994,0.0,0.0,0.0,1.0,0.0,0,6.2744117,0.0,7.8336363,0.0,4.6718235,10.797358,0.9131675,5.6958203,0.0,12.656098
2,154,155.0,10.0,1.0,1.0,135.0,1.0,1.0,1.0,0.96455944,1.0,-0.0,0.0,-8.0895086e-05,-0.03535967,0.17142072,3.5498514,0.74954844,7.1215796,0.5814971,2.9610963,0.0,11.466591,-3.069776,0.8888889,62.581093,0.0,0.0,0.0,0.0,0.0,0,7.7637925,0.0,7.86428,0.0,4.828558,12.563742,0.0,6.1606145,0.0,11.069846
3,154,155.0,10.0,1.0,1.0,135.0,1.0,1.0,1.0,0.94043195,1.0,-0.0,0.0,-7.242698e-05,-0.059495628,0.14659874,3.3737655,0.8338691,8.569737,0.5676158,3.3289623,0.0,11.587179,-2.926494,0.8981481,62.128006,0.0,0.0,0.0,1.0,0.0,0,8.624456,0.0,6.9946394,0.0,3.6387212,11.536538,1.3962404,4.5961957,0.0,14.275489
0,155,156.0,10.0,1.0,1.0,137.0,1.0,1.0,1.0,0.9660602,1.0,-0.0,0.0,-8.1588056e-05,-0.033858206,0.029181689,3.2718306,0.7846246,7.0314918,0.7618934,3.0575984,0.0,11.599805,-5.336522,0.8796296,65.165,0.0,0.0,0.0,0.0,0.0,0,9.006854,0.0,7.108486,0.0,4.1600943,12.046262,0.0,3.8512444,0.0,10.707266
1,155,156.0,10.0,1.0,1.0,137.0,1.0,1.0,1.0,0.9487304,1.0,-0.0,0.0,-8.103744e-05,-0.051188525,0.06870031,3.1087215,0.79698265,8.071311,0.54650235,3.2001994,0.0,11.6214905,-2.965684,0.8981481,65.71449,0.0,0.0,0.0,1.0,0.0,0,8.745055,0.0,6.7971725,0.0,4.136564,11.051435,1.1944389,4.194321,0.0,12.954615
2,155,156.0,10.0,1.0,1.0,136.0,1.0,1.0,1.0,0.98272747,1.0,-0.0,0.0,-9.514789e-05,-0.017177407,0.09349063,2.9547098,0.8568204,6.030644,0.5789032,3.183523,0.0,11.462346,-4.9233985,0.8888889,63.89926,0.0,0.0,0.0,0.0,0.0,0,6.558516,0.0,8.09598,0.0,5.021196,12.314636,0.0,7.165468,0.0,11.060171
3,155,156.0,10.0,1.0,1.0,136.0,1.0,1.0,1.0,0.95910025,1.0,-0.0,0.0,-9.112421e-05,-0.0408086,0.06744005,2.8839521,0.9507646,7.4485154,0.56514007,3.2820735,0.0,11.511085,-4.9646573,0.8981481,63.44168,0.0,0.0,0.0,1.0,0.0,0,6.4206977,0.0,7.7443004,0.0,4.7638807,11.371084,0.97683144,5.7533236,0.0,13.956238
0,156,157.0,10.0,1.0,1.0,138.0,1.0,1.0,1.0,0.987129,1.0,-0.0,0.0,-9.420939e-05,-0.012776822,0.034527108,2.6410043,0.8912797,5.7666087,0.7672722,3.2099686,0.0,11.273074,-6.2769046,0.8796296,66.50605,0.0,0.0,0.0,0.0,0.0,0,7.1157527,0.0,8.167548,0.0,4.563235,11.404646,0.0,4.638252,0.0,10.741944
1,156,157.0,10.0,1.0,1.0,138.0,1.0,1.0,1.0,0.9687584,1.0,-0.0,0.0,-9.7198004e-05,-0.031144403,0.05016215,2.5078948,0.9186537,6.868664,0.5480344,3.1513956,0.0,11.406412,-4.798127,0.8981481,67.08501,0.0,0.0,0.0,1.0,0.0,0,6.7084546,0.0,7.6870804,0.0,4.537244,10.6685915,0.6588552,5.3370357,0.0,12.653013
2,156,157.0,10.0,1.0,1.0,137.0,1.0,1.0,1.0,0.9662461,1.0,-0.0,0.0,-8.887386e-05,-0.033664986,0.08684546,3.3293753,0.7765172,7.0198984,0.5983587,2.9163473,0.0,11.662733,-4.286426,0.8888889,64.996445,0.0,0.0,0.0,0.0,0.0,0,8.665108,0.0,7.1638613,0.0,4.741103,12.770353,0.0,6.1370215,0.0,10.998226
3,156,157.0,10.0,1.0,1.0,137.0,1.0,1.0,1.0,0.94449896,1.0,-0.0,0.0,-7.9603145e-05,-0.05542141,0.12845173,3.1511855,0.8725958,8.325284,0.5704629,3.3591592,0.0,11.623372,-2.9234262,0.8981481,64.48747,0.0,0.0,0.0,1.0,0.0,0,8.633294,0.0,6.74564,0.0,4.29363,11.206286,1.2067125,4.838887,0.0,14.417126
0,157,158.0,10.0,1.0,1.0,139.0,1.0,1.0,1.0,0.96747667,1.0,-0.0,0.0,-7.892147e-05,-0.032444436,0.0055387616,3.101288,0.80617964,6.946666,0.78466904,2.9876764,0.0,11.742943,-5.9545813,0.8796296,67.50628,0.0,0.0,0.0,0.0,0.0,0,8.7746935,0.0,6.9705997,0.0,4.3720326,12.313506,0.0,4.325628,0.0,10.851952
1,157,158.0,10.0,1.0,1.0,139.0,1.0,1.0,1.0,0.95206285,1.0,-0.0,0.0,-7.81311e-05,-0.047858994,0.04319884,2.8938344,0.8286994,7.871539,0.5559382,3.1224494,0.0,11.726134,-3.8366792,0.8981481,68.03925,0.0,0.0,0.0,1.0,0.0,0,8.609166,0.0,6.784981,0.0,4.4512997,10.974099,0.9226514,3.8789248,0.0,12.971276
2,157,158.0,10.0,1.0,1.0,138.0,1.0,1.0,1.0,0.98357344,1.0,-0.0,0.0,-9.8856566e-05,-0.016327666,0.03460124,2.7146988,0.880356,5.9796596,0.6050143,3.0808072,0.0,11.643678,-5.8011513,0.8888889,66.34974,0.0,0.0,0.0,0.0,0.0,0,7.1842265,0.0,7.914039,0.0,4.7572303,11.74032,0.0,7.336856,0.0,11.072617
3,157,158.0,10.0,1.0,1.0,138.0,1.0,1.0,1.0,0.962169,1.0,-0.0,0.0,-9.584354e-05,-0.037735187,0.040247664,2.6420608,0.985514,7.2641106,0.5729164,3.2583756,0.0,11.606003,-5.1552477,0.8981481,65.84465,0.0,0.0,0.0,1.0,0.0,0,6.83161,0.0,7.4740825,0.0,4.602059,11.14601,0.917226,5.8312974,0.0,14.114886
0,158,159.0,10.0,1.0,1.0,140.0,1.0,1.0,1.0,0.9891114,1.0,-0.0,0.0,-8.501948e-05,-0.010803559,0.038035214,2.461511,0.90414166,5.648213,0.7864727,3.116929,0.0,11.252231,-6.4302115,0.8796296,68.83191,0.0,0.0,0.0,0.0,0.0,0,7.666771,0.0,7.82587,0.0,4.535091,11.555539,0.0,5.1037946,0.0,10.814836
1,158,159.0,10.0,1.0,1.0,140.0,1.0,1.0,1.0,0.9693755,1.0,-0.0,0.0,-8.788826e-05,-0.030536586,0.0036811456,2.3372576,0.9191597,6.832195,0.5599072,3.0739393,0.0,11.481389,-5.8451157,0.8981481,69.35771,0.0,0.0,0.0,1.0,0.0,0,7.532423,0.0,7.3851204,0.0,4.383865,10.747418,0.52231175,5.446082,0.0,12.859051
2,158,159.0,10.0,1.0,1.0,139.0,1.0,1.0,1.0,0.96680737,1.0,-0.0,0.0,-8.49511e-05,-0.033107698,0.044111162,3.1539426,0.79917276,6.986461,0.62279755,2.8468063,0.0,11.864582,-5.0088234,0.8888889,67.3698,0.0,0.0,0.0,0.0,0.0,0,9.069489,0.0,6.9059267,0.0,4.4725227,12.463239,0.0,6.019736,0.0,11.134741
3,158,159.0,10.0,1.0,1.0,139.0,1.0,1.0,1.0,0.95183027,1.0,-0.0,0.0,-7.871294e-05,-0.048090965,0.21949634,2.9134984,0.9257984,7.885457,0.5806633,3.2636569,0.0,11.271502,-2.8399043,0.8981481,66.77613,0.0,0.0,0.0,1.0,0.0,0,7.6594334,0.0,7.742267,0.0,5.21745,11.492111,1.2842584,4.177655,0.0,14.387679
0,159,160.0,10.0,1.0,1.0,141.0,1.0,1.0,1.0,0.96818614,1.0,-0.0,0.0,-7.240898e-05,-0.03174144,0.016233139,2.9922223,0.81290317,6.9044857,0.8088074,2.7548592,0.0,11.852334,-6.614198,0.8796296,69.737236,0.0,0.0,0.0,0.0,0.0,0,9.1218605,0.0,7.385949,0.0,4.6285315,12.407661,0.0,5.1025624,0.0,11.035532
1,159,160.0,10.0,1.0,1.0,141.0,1.0,1.0,1.0,20.965693,1.0,-0.0,20.0,-7.2706636e-05,-0.034234438,0.2429653,2.6907887,0.8892237,7.0540657,0.5703801,2.9821694,0.0,11.038937,-2.306846,0.8981481,70.17356,1.0,0.0,0.0,1.0,0.0,0,7.9474277,0.0,7.521929,0.0,5.747513,10.749356,0.759193,4.1644163,0.0,13.116826
2,159,160.0,10.0,1.0,1.0,140.0,1.0,1.0,1.0,0.98640513,1.0,-0.0,0.0,-8.981603e-05,-0.013505042,0.029018521,2.5105042,0.90593517,5.810302,0.6246889,2.9792805,0.0,11.651882,-6.010323,0.8888889,68.68828,0.0,0.0,0.0,0.0,0.0,0,7.2595673,0.0,7.2248573,0.0,4.814708,11.761831,0.0,6.717396,0.0,11.141752
3,159,160.0,10.0,1.0,1.0,140.0,1.0,1.0,1.0,0.9620747,1.0,-0.0,0.0,-8.5974316e-05,-0.03783936,0.013635121,2.4731572,0.9826084,7.270361,0.5803897,3.1741652,0.0,11.573024,-6.2566566,0.8981481,68.06095,0.0,0.0,0.0,1.0,0.0,0,6.7328267,0.0,6.4860964,0.0,3.7886293,11.099832,0.92416906,5.191889,0.0,13.2289
0,160,161.0,10.0,1.0,1.0,142.0,1.0,1.0,1.0,20.990408,1.0,-0.0,20.0,-8.1090075e-05,-0.009510064,0.080475025,2.3278,0.90142125,5.5706034,0.8134463,2.840475,0.0,11.2254925,-6.3952646,0.8796296,71.062675,1.0,0.0,0.0,0.0,0.0,0,8.0217495,0.0,7.761245,0.0,4.656093,11.708037,0.0,5.799783,0.0,10.917994
1,160,161.0,10.0,1.0,1.0,142.0,1.0,1.0,1.0,0.97512954,1.0,-0.0,0.0,-7.803078e-05,-0.024792405,0.07109046,2.1470287,0.94217825,6.487544,0.57286334,2.904244,0.0,11.272271,-5.6352506,0.8981481,71.418884,1.0,0.0,0.0,1.0,0.0,0,8.246392,0.0,6.9755917,0.0,4.269078,10.864161,0.471272,5.03642,0.0,12.753617
2,160,161.0,10.0,1.0,1.0,141.0,1.0,1.0,1.0,0.9712174,1.0,-0.0,0.0,-7.7546116e-05,-0.028705064,0.033910945,3.0140452,0.8273962,6.7223034,0.63988197,2.7320337,0.0,11.867853,-5.296505,0.8888889,69.59551,0.0,0.0,0.0,0.0,0.0,0,9.269477,0.0,6.9893556,0.0,4.9299974,12.44204,0.0,5.5710025,0.0,11.121312
3,160,161.0,10.0,1.0,1.0,141.0,1.0,1.0,1.0,0.95883214,1.0,-0.0,0.0,-7.3881165e-05,-0.04109392,0.2502665,2.7301319,0.95613587,7.4656343,0.5867146,3.1670055,0.0,11.060727,-2.8815353,0.8981481,68.88767,0.0,0.0,0.0,1.0,0.0,0,7.56376,0.0,7.8121514,0.0,5.6426272,11.71357,1.1831442,4.094225,0.0,14.356264
0,161,162.0,10.0,1.0,1.0,143.0,1.0,1.0,1.0,0.9701567,1.0,-0.0,0.0,-6.7679706e-05,-0.029775612,0.066024624,2.8933196,0.8069065,6.786536,0.82953584,2.5598605,0.0,11.764302,-5.9671097,0.8796296,71.848335,1.0,0.0,0.0,0.0,0.0,0,9.03827,0.0,7.350251,0.0,4.309175,12.259885,0.0,5.4698005,0.0,10.980923
1,161,162.0,10.0,1.0,1.0,143.0,1.0,1.0,1.0,0.967006,1.0,-0.0,0.0,-6.952034e-05,-0.032924466,0.18707179,2.5858386,0.88035667,6.975467,0.5814238,2.829154,0.0,11.113207,-3.6151166,0.8981481,72.142334,1.0,0.0,0.0,1.0,0.0,0,9.137597,0.0,7.127159,0.0,5.384933,10.758693,0.6771286,4.1618805,0.0,13.149415
2,161,162.0,10.0,1.0,1.0,142.0,1.0,1.0,1.0,20.989235,1.0,-0.0,20.0,-8.556503e-05,-0.010678716,0.043285266,2.345685,0.9128246,5.6407228,0.6402033,2.8517513,0.0,11.6430855,-6.0381303,0.8888889,70.94095,1.0,0.0,0.0,0.0,0.0,0,7.9018674,0.0,7.0025167,0.0,4.6066318,11.79371,0.0,6.223857,0.0,11.034557
3,161,162.0,10.0,1.0,1.0,142.0,1.0,1.0,1.0,20.965216,1.0,-0.0,20.0,-9.026066e-05,-0.034694295,0.02624467,2.2721853,0.9940314,7.081657,0.5859657,3.071137,0.0,11.564322,-6.1677117,0.8981481,70.2087,1.0,0.0,0.0,1.0,0.0,0,8.119657,0.0,6.605695,0.0,4.565113,11.450618,0.755578,5.427662,0.0,13.949428
0,162,163.0,10.0,1.0,1.0,144.0,1.0,1.0,1.0,0.9983316,1.0,-0.0,0.0,-6.878352e-05,-0.0015996089,0.07946361,2.1659534,0.9069903,5.095976,0.828163,2.6764586,0.0,10.7985115,-8.482327,0.8842593,72.90478,1.0,0.0,0.0,0.0,0.0,0,6.8616705,0.0,7.9354863,0.0,2.3951466,13.23192,0.0,5.909185,0.0,10.470104
1,162,163.0,10.0,1.0,1.0,144.0,1.0,1.0,1.0,0.9886199,1.0,-0.0,0.0,-8.799185e-05,-0.01129211,0.05726721,1.8705984,1.0086173,5.677526,0.57982296,2.639055,0.0,10.420053,-7.398706,0.8981481,73.28049,1.0,0.0,0.0,1.0,0.0,0,5.603597,0.0,8.021933,0.0,4.841705,12.087654,0.5261234,5.1519604,0.0,12.440707
2,162,163.0,10.0,1.0,1.0,143.0,1.0,1.0,1.0,0.97244394,1.0,-0.0,0.0,-7.31181e-05,-0.027482945,0.024490431,2.8935637,0.8306728,6.6489763,0.65511596,2.5802662,0.0,12.019851,-5.4878883,0.8888889,71.73764,1.0,0.0,0.0,0.0,0.0,0,9.365136,0.0,6.9503016,0.0,4.7754116,12.207703,0.0,5.7737436,0.0,11.165133
3,162,163.0,10.0,1.0,1.0,143.0,1.0,1.0,1.0,0.96494997,1.0,-0.0,0.0,-7.225922e-05,-0.034977812,0.32229608,2.546399,0.98933524,7.098668,0.59029037,3.076485,0.0,10.93497,-2.6911683,0.8981481,70.92142,1.0,0.0,0.0,1.0,0.0,0,7.534938,0.0,8.874079,0.0,5.917031,11.953311,1.0534368,4.750295,0.0,14.809846
0,163,164.0,10.0,1.0,1.0,145.0,1.0,1.0,1.0,0.9769471,1.0,-0.0,0.0,-6.4015396e-05,-0.02298888,0.36848748,2.8587525,0.81000215,6.379332,0.83707386,2.4954486,0.0,11.529415,-3.4327135,0.8842593,73.50549,1.0,0.0,0.0,0.0,0.0,0,10.151509,0.0,7.9681087,0.0,5.0430512,12.230991,0.0,5.7346406,0.0,11.060716
1,163,164.0,10.0,1.0,1.0,145.0,1.0,1.0,1.0,0.9674284,1.0,-0.0,0.0,-7.2696006e-05,-0.032498907,0.40460938,2.5875459,0.8551609,6.949934,0.59914494,2.4063444,0.0,11.276392,-2.6435359,0.8981481,73.93459,1.0,0.0,0.0,1.0,0.0,0,9.783901,0.0,7.856065,0.0,5.18268,11.275765,0.41557628,4.6843357,0.0,13.30487
2,163,164.0,10.0,1.0,1.0,144.0,1.0,1.0,1.0,0.9999249,1.0,-0.0,0.0,-7.507572e-05,-0.0,0.011960231,2.1174662,0.95331174,4.766369,0.6513125,2.8136172,1.0,10.876576,-7.683879,0.8888889,72.86858,1.0,0.0,0.0,0.0,0.0,0,5.9768853,0.0,7.5012226,0.0,5.251025,12.064059,0.0,6.4395785,0.0,11.274774
3,163,164.0,10.0,1.0,1.0,144.0,1.0,1.0,1.0,0.97760355,1.0,-0.0,0.0,-7.045405e-05,-0.022325996,0.078070164,2.0038023,1.0690465,6.339559,0.58588654,3.0033555,0.0,10.546522,-7.089401,0.8981481,71.88811,1.0,0.0,0.0,1.0,0.0,0,5.530703,0.0,8.039126,0.0,4.0663624,12.472638,0.95174164,5.1217065,0.0,13.597082
0,164,165.0,10.0,1.0,1.0,146.0,1.0,1.0,1.0,0.99993956,1.0,-0.0,0.0,-6.0458537e-05,-0.0,0.21433048,2.1879632,0.89147854,4.8325973,0.8281921,2.6200037,1.0,10.483626,-6.711022,0.8935185,74.608635,1.0,0.0,0.0,1.0,0.0,0,8.001012,0.0,5.8357415,0.0,4.215787,11.762045,0.0,6.010706,0.0,10.844256
1,164,165.0,10.0,1.0,1.0,146.0,1.0,1.0,1.0,0.99153197,1.0,-0.0,0.0,-6.560512e-05,-0.008402428,0.1615299,1.8615421,1.0077639,5.504145,0.60378397,2.3219168,0.0,10.738872,-7.1295595,0.8981481,75.01419,1.0,0.0,0.0,1.0,0.0,0,6.7367177,0.0,8.356875,0.0,1.6389472,13.281524,0.6652466,5.403646,0.0,13.82577
2,164,165.0,10.0,1.0,1.0,145.0,1.0,1.0,1.0,0.9793655,1.0,-0.0,0.0,-6.891604e-05,-0.02056555,0.3321752,2.8388224,0.82935786,6.2339325,0.6692106,2.518553,0.0,11.741014,-3.3039153,0.8888889,73.50191,1.0,0.0,0.0,0.0,0.0,0,10.426306,0.0,8.395834,0.0,4.8588643,12.184371,0.0,5.3836846,0.0,11.2818165
3,164,165.0,10.0,1.0,1.0,145.0,1.0,1.0,1.0,0.96489704,1.0,-0.0,0.0,-7.00487e-05,-0.035032958,0.46010017,2.5741959,0.96319115,7.101977,0.5956094,2.9262614,0.0,11.103245,-2.154405,0.8981481,72.42733,1.0,0.0,0.0,1.0,0.0,0,10.736507,0.0,8.370038,0.0,5.969756,12.977691,1.0667347,4.895931,0.0,15.413355
0,165,166.0,10.0,1.0,1.0,147.0,1.0,1.0,1.0,0.97305036,1.0,-0.0,0.0,-5.3199095e-05,-0.026896417,0.018183328,2.8015914,0.7607964,6.6137843,0.8367015,2.4524188,0.0,11.718603,-7.7327743,0.8935185,75.21287,1.0,0.0,0.0,1.0,0.0,0,9.060926,0.0,7.131622,0.0,4.7937293,11.911238,0.0,6.0281305,0.0,11.257683
1,165,166.0,10.0,1.0,1.0,147.0,1.0,1.0,1.0,0.9858076,1.0,-0.0,0.0,-6.498508e-05,-0.014127443,0.26072598,2.4314737,0.94562817,5.847646,0.62088925,2.1036654,0.0,10.502172,-5.5428286,0.8981481,75.693855,1.0,0.0,0.0,1.0,0.0,0,8.245157,0.0,7.4879174,0.0,5.6652822,10.854021,0.45639992,5.089131,0.0,13.535482
2,165,166.0,10.0,1.0,1.0,146.0,1.0,1.0,1.0,0.9999406,1.0,-0.0,0.0,-5.9450034e-05,-0.0,0.13459009,2.1327877,0.9436437,4.625829,0.6660369,2.5817826,1.0,10.949039,-6.9562078,0.8888889,74.566124,1.0,0.0,0.0,0.0,0.0,0,7.032082,0.0,5.6134734,0.0,3.7304108,11.673965,0.0,5.9396877,0.0,11.133048
3,165,166.0,10.0,1.0,1.0,146.0,1.0,1.0,1.0,0.98318166,1.0,-0.0,0.0,-6.796325e-05,-0.016750373,0.2449438,1.8290474,1.1340029,5.450683,0.5937226,3.0012696,0.0,10.759252,-6.33608,0.8981481,73.49762,1.0,0.0,0.0,1.0,0.0,0,4.842851,0.0,5.595948,0.0,4.0409665,11.979446,0.76203567,5.2822227,0.0,14.141517
0,166,167.0,10.0,1.0,1.0,148.0,1.0,1.0,1.0,0.99997056,1.0,-0.0,0.0,-2.9432635e-05,-0.0,0.21193288,2.3391511,0.86675054,4.849094,0.84238684,2.4027638,1.0,10.058836,-6.9433393,0.8935185,76.02558,1.0,0.0,0.0,1.0,0.0,0,6.865617,0.0,6.9282694,0.0,4.6767797,11.684677,0.0,6.340943,0.0,11.119896
1,166,167.0,10.0,1.0,1.0,148.0,1.0,1.0,1.0,0.9949133,1.0,-0.0,0.0,-3.8079965e-05,-0.0050486415,0.09057745,1.9205508,1.0403891,4.940742,0.6283558,1.9758831,0.0,10.587845,-8.464425,0.8981481,76.525536,1.0,0.0,0.0,1.0,0.0,0,6.099273,0.0,6.1804104,0.0,6.009917,11.560586,0.56493545,5.3298583,0.0,13.04958
2,166,167.0,10.0,1.0,1.0,147.0,1.0,1.0,1.0,0.9824222,1.0,-0.0,0.0,-5.9082322e-05,-0.017518751,0.0010102987,2.7778335,0.8407593,6.0511246,0.67703426,2.3903527,0.0,11.89156,-7.0249968,0.8888889,75.245125,1.0,0.0,0.0,0.0,0.0,0,9.6399145,0.0,7.529254,0.0,5.0259843,11.936669,0.0,5.3443522,0.0,11.381744
3,166,167.0,10.0,1.0,1.0,147.0,1.0,1.0,1.0,0.9829007,1.0,-0.0,0.0,-6.698733e-05,-0.017032307,0.23859106,2.3008206,1.0413613,6.021938,0.6091256,2.8010702,0.0,10.803159,-5.599357,0.8981481,74.04977,1.0,0.0,0.0,1.0,0.0,0,8.146989,0.0,7.3556666,0.0,5.8066735,11.1048,0.70878273,4.7423725,0.0,14.435267
0,167,168.0,10.0,1.0,1.0,149.0,1.0,1.0,1.0,0.98415804,1.0,-0.0,0.0,-3.2872988e-05,-0.01580907,0.16334745,2.8542373,0.7534873,5.9485435,0.8610136,2.1129467,0.0,10.801283,-6.8531165,0.8935185,76.38297,1.0,0.0,0.0,1.0,0.0,0,8.525713,0.0,6.9491343,0.0,4.6609945,11.861633,0.0,6.194753,0.0,11.336393
1,167,168.0,10.0,1.0,1.0,149.0,1.0,1.0,1.0,0.9892234,1.0,-0.0,0.0,-4.929755e-05,-0.010727282,0.11106897,2.3637984,0.92319536,5.643636,0.64305353,1.8392454,0.0,10.737296,-7.2892222,0.8981481,76.78039,1.0,0.0,0.0,1.0,0.0,0,8.110631,0.0,7.6843395,0.0,5.801099,10.418569,0.35870838,5.0319514,0.0,13.588073
2,167,168.0,10.0,1.0,1.0,148.0,1.0,1.0,1.0,0.999958,1.0,-0.0,0.0,-4.2014617e-05,-0.0,0.2069287,2.1919177,0.984158,4.228666,0.67622966,2.402112,1.0,10.568441,-7.0468187,0.8935185,76.18681,1.0,0.0,0.0,0.0,0.0,0,7.4474697,0.0,6.2876863,0.0,4.6814127,11.618281,0.0,5.674414,0.0,11.17855
3,167,168.0,10.0,1.0,1.0,148.0,1.0,1.0,1.0,0.9829493,1.0,-0.0,0.0,-3.082544e-05,-0.017019873,0.15998036,1.9105283,1.136159,5.280092,0.6140231,2.684635,0.0,10.698991,-7.811006,0.8981481,74.768456,1.0,0.0,0.0,1.0,0.0,0,6.3888955,0.0,6.922345,0.0,4.57319,11.480367,0.6006404,4.911508,0.0,13.743055
0,168,169.0,10.0,1.0,1.0,150.0,1.0,1.0,1.0,0.9989027,1.0,-0.0,0.0,-2.4240813e-05,-0.0010730369,0.1487827,2.518865,0.8145213,5.0643816,0.8637996,2.0259545,0.0,10.157123,-8.428314,0.8935185,77.040115,1.0,0.0,0.0,1.0,0.0,0,7.8695507,0.0,6.5147433,0.0,4.074562,11.727554,0.0,6.3382077,0.0,11.12023
1,168,169.0,10.0,1.0,1.0,150.0,1.0,1.0,1.0,0.9939163,1.0,-0.0,0.0,-1.790232e-05,-0.00606582,0.16754103,2.1553364,0.9522531,5.363949,0.6436977,1.8405218,0.0,10.478951,-8.250121,0.8981481,77.29549,1.0,0.0,0.0,1.0,0.0,0,7.2400103,0.0,7.6855965,0.0,5.178226,10.829171,0.34205225,5.3954663,0.0,13.43325
2,168,169.0,10.0,1.0,1.0,149.0,1.0,1.0,1.0,0.99079156,1.0,-0.0,0.0,-4.807835e-05,-0.009160351,0.086347386,2.7972872,0.87527984,5.5496206,0.69645005,2.0793397,0.0,11.652694,-7.2210345,0.8935185,76.692345,1.0,0.0,0.0,0.0,0.0,0,9.212811,0.0,6.8970356,0.0,5.0472994,11.7612,0.0,5.4545574,0.0,11.322169
3,168,169.0,10.0,1.0,1.0,149.0,1.0,1.0,1.0,0.9859411,1.0,-0.0,0.0,-3.4174216e-05,-0.014024734,0.15128218,2.2560728,1.0428116,5.8414836,0.6263839,2.5729752,0.0,11.021336,-7.0877504,0.8981481,74.9201,1.0,0.0,0.0,1.0,0.0,0,8.305816,0.0,7.3860865,0.0,5.5018864,10.904663,0.54877836,4.8448715,0.0,14.650843
0,169,170.0,10.0,1.0,1.0,151.0,1.0,1.0,1.0,0.9872732,1.0,-0.0,0.0,-2.015138e-05,-0.012706642,0.2772443,2.9373503,0.73877645,5.7623982,0.87402517,1.7905111,0.0,10.537003,-5.725933,0.8935185,77.30763,1.0,0.0,0.0,1.0,0.0,0,8.248138,0.0,6.758858,0.0,5.033205,11.847986,0.0,6.1884975,0.0,11.364764
1,169,170.0,10.0,1.0,1.0,151.0,1.0,1.0,1.0,0.98475695,1.0,-0.0,0.0,-1.9320334e-05,-0.015223758,0.15489087,2.4527664,0.8616994,5.913425,0.65273416,1.7336539,0.0,10.815287,-8.028405,0.8981481,77.397224,1.0,0.0,0.0,1.0,0.0,0,7.981128,0.0,7.4421463,0.0,5.342255,10.410071,0.3988827,4.9877763,0.0,13.495319
2,169,170.0,10.0,1.0,1.0,150.0,1.0,1.0,1.0,0.99997014,1.0,-0.0,0.0,-2.9874602e-05,-0.0,0.11013113,2.358669,0.9612049,4.38749,0.700682,2.0642276,1.0,10.759252,-8.54307,0.8935185,77.441086,1.0,0.0,0.0,0.0,0.0,0,8.969819,0.0,6.898764,0.0,4.838107,11.622409,0.0,5.7688127,0.0,11.320911
3,169,170.0,10.0,1.0,1.0,150.0,1.0,1.0,1.0,0.9886036,1.0,-0.0,0.0,-1.6656697e-05,-0.011379761,0.24937727,2.0989432,1.0910381,5.5177846,0.6246224,2.6220942,0.0,10.672671,-7.0259113,0.8981481,75.380135,1.0,0.0,0.0,1.0,0.0,0,7.1567926,0.0,7.5939455,0.0,5.0025697,11.571075,0.7090734,5.3028107,0.0,15.17228
0,170,171.0,10.0,1.0,1.0,152.0,1.0,1.0,1.0,0.99786204,1.0,-0.0,0.0,-1.7555949e-05,-0.0021203824,0.33876598,2.7251897,0.7807317,5.1272225,0.870629,1.8079126,0.0,9.797012,-5.5558615,0.8935185,77.81091,1.0,0.0,0.0,1.0,0.0,0,6.3749056,0.0,6.664942,0.0,3.8299024,11.85484,0.0,6.243453,0.0,10.981571
1,170,171.0,10.0,1.0,1.0,152.0,1.0,1.0,1.0,0.9847548,1.0,-0.0,0.0,-1.4859825e-05,-0.015230375,0.14456064,2.4390655,0.85372,5.913822,0.6527142,1.7408627,0.0,10.706089,-7.3374968,0.8981481,77.78771,1.0,0.0,0.0,1.0,0.0,0,7.0548396,0.0,6.6150937,0.0,4.651413,10.472741,0.30404794,5.128417,0.0,13.423346
2,170,171.0,10.0,1.0,1.0,151.0,1.0,1.0,1.0,0.99575746,1.0,-0.0,0.0,-2.7796676e-05,-0.0042147604,0.20492859,2.8509963,0.8803773,5.2528853,0.71367633,1.8319964,0.0,11.419097,-6.236736,0.8935185,77.80046,1.0,0.0,0.0,0.0,0.0,0,9.069673,0.0,7.0827384,0.0,5.2381916,11.679093,0.0,5.382425,0.0,11.465871
3,170,171.0,10.0,1.0,1.0,151.0,1.0,1.0,1.0,0.98306054,1.0,-0.0,0.0,-1.7777009e-05,-0.016921723,0.16589183,2.3482025,1.0045905,6.0153027,0.6360213,2.5197961,0.0,11.028158,-7.6721096,0.8981481,75.44704,1.0,0.0,0.0,1.0,0.0,0,8.360858,0.0,7.4247446,0.0,5.292115,11.180168,0.46851268,5.2689905,0.0,14.982923
0,171,172.0,10.0,1.0,1.0,153.0,1.0,1.0,1.0,0.99408644,1.0,-0.0,0.0,-1.5716216e-05,-0.005897797,0.48552975,2.9702845,0.74530077,5.3538675,0.8757364,1.7008367,0.0,9.970957,-3.7678647,0.8935185,77.91403,1.0,0.0,0.0,1.0,0.0,0,8.705713,0.0,7.2903852,0.0,4.4617515,12.099587,0.0,6.0690455,0.0,11.199881
1,171,172.0,10.0,1.0,1.0,153.0,1.0,1.0,1.0,0.98191315,1.0,-0.0,0.0,-1.1009071e-05,-0.01807581,0.24950057,2.5264628,0.82835823,6.084548,0.6521553,1.7462496,0.0,11.014367,-6.8105617,0.8981481,77.9457,1.0,0.0,0.0,1.0,0.0,0,8.081308,0.0,7.3032827,0.0,5.0772204,10.41743,0.42200306,4.8668156,0.0,13.318061
2,171,172.0,10.0,1.0,1.0,152.0,1.0,1.0,1.0,0.99998033,1.0,-0.0,0.0,-1.9648427e-05,-0.0,0.23316666,2.6284716,0.93754005,4.502152,0.7144305,1.8118047,1.0,10.77983,-5.9300566,0.8935185,78.33475,1.0,0.0,0.0,0.0,0.0,0,8.023813,0.0,6.465954,0.0,4.506899,11.623921,0.0,5.573919,0.0,11.380819
3,171,172.0,10.0,1.0,1.0,152.0,1.0,1.0,1.0,0.9826737,1.0,-0.0,0.0,-1.4775256e-05,-0.017311491,0.2016738,2.3392026,0.99610573,6.038689,0.6365088,2.5769272,0.0,10.938498,-7.0801854,0.8981481,75.83014,1.0,0.0,0.0,1.0,0.0,0,7.3828893,0.0,6.6021314,0.0,4.903724,11.075574,0.3645772,5.132262,0.0,14.412954
0,172,173.0,10.0,1.0,1.0,154.0,1.0,1.0,1.0,0.9999843,1.0,-0.0,0.0,-1.5652447e-05,-0.0,0.31544268,2.8175948,0.7705849,4.9943295,0.871301,1.710931,1.0,9.701115,-5.4396663,0.8935185,78.34152,1.0,0.0,0.0,1.0,0.0,0,7.3337502,0.0,5.7150893,0.0,3.8253498,12.098388,0.0,6.127289,0.0,11.062806
1,172,173.0,10.0,1.0,1.0,154.0,1.0,1.0,1.0,0.9814721,1.0,-0.0,0.0,-1.3328639e-05,-0.018514572,0.1558451,2.545853,0.8136076,6.1108737,0.6481158,1.8083454,0.0,10.819818,-6.8883514,0.8981481,78.252,1.0,0.0,0.0,1.0,0.0,0,7.8193235,0.0,6.1031365,0.0,4.2890687,10.573648,0.3369876,5.0196905,0.0,13.113969
2,172,173.0,10.0,1.0,1.0,153.0,1.0,1.0,1.0,0.99998385,1.0,-0.0,0.0,-1.6169033e-05,-0.0,0.3593579,2.8814373,0.8974662,4.828383,0.72095495,1.6776693,1.0,11.11381,-4.9359994,0.8935185,78.44845,1.0,0.0,0.0,0.0,0.0,0,8.783947,0.0,7.001037,0.0,4.940961,11.794921,0.0,5.2868624,0.0,11.47603
3,172,173.0,10.0,1.0,1.0,153.0,1.0,1.0,1.0,0.9804108,1.0,-0.0,0.0,-1.2271078e-05,-0.01957688,0.2795171,2.4180691,0.97412264,6.1746125,0.6380987,2.5757117,0.0,11.268496,-6.4982643,0.8981481,76.008224,1.0,0.0,0.0,1.0,0.0,0,8.13739,0.0,6.9885473,0.0,4.9512305,10.666754,0.5730321,4.9213033,0.0,14.438663
0,173,174.0,10.0,1.0,1.0,155.0,1.0,1.0,1.0,0.9938797,1.0,-0.0,0.0,-1.3200366e-05,-0.006107171,0.37373304,2.9713354,0.72551656,5.36643,0.87233204,1.6158806,0.0,10.233334,-4.872959,0.8935185,78.48093,1.0,0.0,0.0,1.0,0.0,0,8.925398,0.0,6.988967,0.0,4.5166335,12.19247,0.0,5.976463,0.0,11.143325
1,173,174.0,10.0,1.0,1.0,155.0,1.0,1.0,1.0,0.97834605,1.0,-0.0,0.0,-1.367745e-05,-0.021640273,0.17862692,2.5430071,0.7912874,6.298416,0.64800555,1.8255765,0.0,11.315883,-6.974591,0.8981481,78.47989,1.0,0.0,0.0,1.0,0.0,0,8.018152,0.0,7.398808,0.0,5.3426976,10.325643,0.4039069,4.9638596,0.0,13.135721
2,173,174.0,10.0,1.0,1.0,154.0,1.0,1.0,1.0,0.9999844,1.0,-0.0,0.0,-1.5587842e-05,-0.0,0.2978757,2.718436,0.94175386,4.143764,0.71931386,1.6451628,1.0,10.488787,-5.834602,0.8935185,78.89191,1.0,0.0,0.0,0.0,0.0,0,7.901271,0.0,6.0945415,0.0,4.54561,11.725228,0.0,5.6375694,0.0,11.383568
3,173,174.0,10.0,1.0,1.0,154.0,1.0,1.0,1.0,0.97897243,1.0,-0.0,0.0,-1.2901586e-05,-0.021014692,0.15857853,2.4612722,0.9570059,6.260881,0.63648826,2.659442,0.0,11.144418,-6.962969,0.8981481,76.32751,1.0,0.0,0.0,1.0,0.0,0,7.4869404,0.0,5.8548007,0.0,4.2935476,10.305026,0.46775365,4.9451814,0.0,13.821494
0,174,175.0,10.0,1.0,1.0,156.0,1.0,1.0,1.0,0.99960464,1.0,-0.0,0.0,-1.05043555e-05,-0.0003848598,0.4489597,2.9765198,0.7388263,5.0230913,0.86636496,1.6313072,0.0,9.346703,-4.692664,0.8935185,78.851494,1.0,0.0,0.0,1.0,0.0,0,6.9345374,0.0,6.3800783,0.0,3.7171907,12.366765,0.0,5.9390388,0.0,11.101783
1,174,175.0,10.0,1.0,1.0,156.0,1.0,1.0,1.0,0.97976303,1.0,-0.0,0.0,-1.3248216e-05,-0.020223742,0.27296916,2.7188838,0.79352885,6.213424,0.6442683,1.8991263,0.0,10.7836275,-5.6969085,0.8981481,78.92735,1.0,0.0,0.0,1.0,0.0,0,7.4837976,0.0,6.0986323,0.0,4.101298,10.706137,0.39259705,4.932911,0.0,13.010676
2,174,175.0,10.0,1.0,1.0,155.0,1.0,1.0,1.0,0.9987393,1.0,-0.0,0.0,-1.26542645e-05,-0.0012480676,0.18565618,2.870077,0.870003,5.0748835,0.72818106,1.4133044,0.0,11.683258,-6.705084,0.8935185,78.99704,1.0,0.0,0.0,0.0,0.0,0,8.551355,0.0,6.8595724,0.0,5.1593733,11.909989,0.0,5.7773485,0.0,11.537889
3,174,175.0,10.0,1.0,1.0,155.0,1.0,1.0,1.0,0.97889864,1.0,-0.0,0.0,-1.3693723e-05,-0.021087633,0.22223331,2.4362578,0.95435417,6.2652574,0.6409014,2.5981028,0.0,11.438072,-6.917971,0.8981481,76.59044,1.0,0.0,0.0,1.0,0.0,0,7.8168764,0.0,7.479792,0.0,5.3406405,10.926157,0.55137944,5.0126834,0.0,14.503969
0,175,176.0,10.0,1.0,1.0,157.0,1.0,1.0,1.0,0.99793917,1.0,-0.0,0.0,-1.6804232e-05,-0.002043998,0.38794613,2.9196215,0.7228835,5.1226397,0.8637481,1.6027489,0.0,10.039382,-5.132469,0.8935185,79.07767,1.0,0.0,0.0,1.0,0.0,0,7.0345345,0.0,6.498,0.0,4.524917,12.3734865,0.0,6.0729003,0.0,11.112408
1,175,176.0,10.0,1.0,1.0,157.0,1.0,1.0,1.0,0.97895473,1.0,-0.0,0.0,-2.2234637e-05,-0.021023037,0.20414032,2.522419,0.7898518,6.2613816,0.6451794,1.9003624,0.0,11.438228,-5.913183,0.8981481,79.3255,1.0,0.0,0.0,1.0,0.0,0,7.86779,0.0,7.0028815,0.0,4.770039,10.851467,0.5186311,4.996884,0.0,13.294748
2,175,176.0,10.0,1.0,1.0,156.0,1.0,1.0,1.0,0.9999855,1.0,-0.0,0.0,-1.4502723e-05,-0.0,0.30241758,2.9274454,0.8711164,4.558145,0.7283729,1.2808272,1.0,10.527137,-5.8839626,0.8935185,79.358574,1.0,0.0,0.0,0.0,0.0,0,7.1459374,0.0,6.218485,0.0,4.362237,12.039986,0.0,5.874737,0.0,11.45139
3,175,176.0,10.0,1.0,1.0,156.0,1.0,1.0,1.0,0.978003,1.0,-0.0,0.0,-1.33194435e-05,-0.021983689,0.2671268,2.607182,0.945804,6.3190207,0.6379936,2.6203024,0.0,11.076648,-5.5571747,0.8981481,77.02822,1.0,0.0,0.0,1.0,0.0,0,7.9451942,0.0,5.9414372,0.0,4.406663,12.310719,0.4792985,5.185779,0.0,14.480089
0,176,177.0,10.0,1.0,1.0,158.0,1.0,1.0,1.0,0.9999864,1.0,-0.0,0.0,-1.3562728e-05,-0.0,0.4349783,3.058744,0.7346007,4.940901,0.8591067,1.6303474,1.0,9.424855,-4.38991,0.8935185,79.54366,1.0,0.0,0.0,1.0,0.0,0,6.5796585,0.0,5.7454925,0.0,4.0533643,12.693572,0.0,5.9391823,0.0,11.138695
1,176,177.0,10.0,1.0,1.0,158.0,1.0,1.0,1.0,0.9779014,1.0,-0.0,0.0,-1.9939365e-05,-0.022078658,0.28275475,2.7948775,0.7773573,6.324719,0.6469236,1.9269484,0.0,10.98177,-5.6573415,0.8981481,79.853264,1.0,0.0,0.0,1.0,0.0,0,7.4142303,0.0,6.1039066,0.0,4.1716285,11.295378,0.47013322,4.918046,0.0,13.098616
2,176,177.0,10.0,1.0,1.0,157.0,1.0,1.0,1.0,0.9983212,1.0,-0.0,0.0,-1.5188257e-05,-0.0016635993,0.24975464,2.8883002,0.84096706,5.0998154,0.72199357,1.2505255,0.0,11.495536,-6.1183257,0.8935185,79.54626,1.0,0.0,0.0,0.0,0.0,0,8.658009,0.0,6.5335083,0.0,5.182645,12.10908,0.0,5.816579,0.0,11.451941
3,176,177.0,10.0,1.0,1.0,157.0,1.0,1.0,1.0,0.97658575,1.0,-0.0,0.0,-2.7203363e-05,-0.02338708,0.16738921,2.4505918,0.93178636,6.4032245,0.6496371,2.4613395,0.0,11.683663,-6.5930476,0.8981481,77.39789,1.0,0.0,0.0,1.0,0.0,0,7.949828,0.0,6.8954363,0.0,4.7160087,11.560704,0.58298427,5.2578683,0.0,14.761148
0,177,178.0,10.0,1.0,1.0,159.0,1.0,1.0,1.0,0.99842364,1.0,-0.0,0.0,-2.2900203e-05,-0.0015534981,0.227933,2.9413123,0.7196089,5.0932093,0.8579208,1.7154996,0.0,10.322795,-6.7522817,0.8935185,79.89623,1.0,0.0,0.0,0.0,0.0,0,7.446651,0.0,6.8013697,0.0,4.5477962,12.294558,0.0,6.1315875,0.0,11.371444
1,177,178.0,10.0,1.0,1.0,159.0,1.0,1.0,1.0,0.9780542,1.0,-0.0,0.0,-2.4081395e-05,-0.021921713,0.17840117,2.6649768,0.7822249,6.3153024,0.6550935,1.7145869,0.0,11.434801,-6.738511,0.8981481,80.21737,1.0,0.0,0.0,1.0,0.0,0,7.5950165,0.0,6.8765,0.0,4.8175707,12.006134,0.6081419,5.2377443,0.0,13.519992
2,177,178.0,10.0,1.0,1.0,158.0,1.0,1.0,1.0,0.9999837,1.0,-0.0,0.0,-1.625602e-05,-0.0,0.30455217,3.0278049,0.83018273,4.7947006,0.72074234,1.1548599,1.0,10.655674,-4.8657823,0.8935185,79.94418,1.0,0.0,0.0,0.0,0.0,0,7.409215,0.0,6.139788,0.0,4.166708,12.083728,0.0,6.0289693,0.0,11.496166
3,177,178.0,10.0,1.0,1.0,158.0,1.0,1.0,1.0,0.97486556,1.0,-0.0,0.0,-2.0612435e-05,-0.025113815,0.26612282,2.7356458,0.9183569,6.5068283,0.6559781,2.5104594,0.0,11.188011,-5.6982207,0.8981481,77.977394,1.0,0.0,0.0,1.0,0.0,0,7.1329393,0.0,5.590315,0.0,4.285098,11.479469,0.53673786,4.9641166,0.0,14.112991
0,178,179.0,10.0,1.0,1.0,160.0,1.0,1.0,1.0,0.99414426,1.0,-0.0,0.0,-1.8906137e-05,-0.005836838,0.31470174,3.1716113,0.67655265,5.3502097,0.8611434,1.670188,0.0,9.972121,-4.285545,0.8935185,80.53312,1.0,0.0,0.0,0.0,0.0,0,7.1582174,0.0,5.954563,0.0,3.8010547,12.735753,0.0,5.976633,0.0,11.291892
1,178,179.0,10.0,1.0,1.0,160.0,1.0,1.0,1.0,0.97726446,1.0,-0.0,0.0,-2.1139544e-05,-0.022714376,0.27877802,2.8840733,0.77196413,6.362862,0.6703625,1.609085,0.0,10.987988,-4.509234,0.8981481,80.90902,1.0,0.0,0.0,1.0,0.0,0,7.4343114,0.0,6.3304763,0.0,4.248103,12.2254095,0.48648593,5.356412,0.0,13.671577
2,178,179.0,10.0,1.0,1.0,159.0,1.0,1.0,1.0,0.9938016,1.0,-0.0,0.0,-2.0724561e-05,-0.006177657,0.12838505,2.957474,0.81415874,5.370659,0.7209726,1.2117447,0.0,11.845513,-7.2103925,0.8935185,80.2261,1.0,0.0,0.0,0.0,0.0,0,8.524657,0.0,6.6327825,0.0,4.8134465,11.904096,0.0,6.076853,0.0,11.648435
3,178,179.0,10.0,1.0,1.0,159.0,1.0,1.0,1.0,0.9747892,1.0,-0.0,0.0,-2.4774487e-05,-0.025186002,0.12718551,2.6258337,0.9184635,6.5111594,0.6618356,2.393625,0.0,11.660402,-7.036333,0.8981481,78.353096,1.0,0.0,0.0,1.0,0.0,0,7.6911874,0.0,6.731273,0.0,4.603313,11.865322,0.8291976,5.172121,0.0,15.105176
0,179,180.0,10.0,1.0,1.0,161.0,1.0,1.0,1.0,0.99442136,1.0,-0.0,0.0,-3.0097373e-05,-0.005548561,0.21803044,2.8763702,0.69589573,5.3329134,0.8622769,1.7747042,0.0,10.685148,-6.8711805,0.8935185,81.02055,1.0,0.0,0.0,0.0,0.0,0,7.0085044,0.0,6.6741133,0.0,3.8277113,12.431046,0.0,6.3677244,0.0,11.385587
1,179,180.0,10.0,1.0,1.0,161.0,1.0,1.0,1.0,0.9763436,1.0,-0.0,0.0,-2.9114111e-05,-0.023627331,0.20600557,2.617626,0.77359754,6.4176393,0.6770414,1.5506243,0.0,11.505676,-6.6695895,0.8981481,81.41037,1.0,0.0,0.0,0.0,0.0,0,7.579628,0.0,6.840823,0.0,4.758806,11.723885,0.68625754,5.5736256,0.0,13.744529
2,179,180.0,10.0,1.0,1.0,160.0,1.0,1.0,1.0,0.9989982,1.0,-0.0,0.0,-1.897898e-05,-0.0009828073,0.30810013,3.1358962,0.79511946,5.058968,0.72290826,1.160269,0.0,10.896612,-4.397096,0.8935185,80.82232,1.0,0.0,0.0,0.0,0.0,0,7.8943486,0.0,6.6287427,0.0,4.013857,12.212556,0.0,6.0632267,0.0,11.555905
3,179,180.0,10.0,1.0,1.0,160.0,1.0,1.0,1.0,0.9733854,1.0,-0.0,0.0,-2.2557822e-05,-0.026592089,0.22937208,2.8126369,0.9059085,6.595525,0.6664019,2.4367292,0.0,11.251723,-5.060305,0.8981481,79.02633,1.0,0.0,0.0,1.0,0.0,0,7.0893455,0.0,5.4995503,0.0,4.126074,12.097512,0.79032505,4.7494636,0.0,14.467903
0,180,181.0,10.0,1.0,1.0,162.0,1.0,1.0,1.0,0.9901078,1.0,-0.0,0.0,-2.2104483e-05,-0.009870135,0.2842635,3.264959,0.6468035,5.592208,0.86703646,1.742211,0.0,10.306908,-4.889204,0.8935185,81.80184,1.0,0.0,0.0,0.0,0.0,0,7.233284,0.0,5.925438,0.0,3.69888,13.088845,0.0,6.129281,0.0,11.222326
1,180,181.0,10.0,1.0,1.0,162.0,1.0,1.0,1.0,0.9727872,1.0,-0.0,0.0,-2.2717195e-05,-0.027190072,0.26671553,2.9833567,0.74264926,6.631404,0.68473727,1.5666935,0.0,11.06491,-4.855239,0.8981481,82.22004,1.0,0.0,0.0,0.0,0.0,0,7.079635,0.0,6.3330727,0.0,4.37905,12.48713,0.6295903,5.3103347,0.0,13.574274
2,180,181.0,10.0,1.0,1.0,161.0,1.0,1.0,1.0,0.9968266,1.0,-0.0,0.0,-2.592581e-05,-0.0031475006,0.24586357,2.8673756,0.8068206,5.1888494,0.72114515,1.2978249,0.0,11.508774,-5.6043324,0.8935185,81.272285,1.0,0.0,0.0,0.0,0.0,0,8.260373,0.0,6.628387,0.0,4.4600673,11.862661,0.0,6.23271,0.0,11.639037
3,180,181.0,10.0,1.0,1.0,161.0,1.0,1.0,1.0,0.97225815,1.0,-0.0,0.0,-3.1388397e-05,-0.02771042,0.1636034,2.5941927,0.90238994,6.662625,0.6689522,2.360034,0.0,11.814814,-6.732119,0.8981481,79.50318,1.0,0.0,0.0,1.0,0.0,0,7.545554,0.0,6.8406615,0.0,4.760341,12.117357,0.9896464,5.228935,0.0,15.046658
0,181,182.0,10.0,1.0,1.0,163.0,1.0,1.0,1.0,0.9908601,1.0,-0.0,0.0,-2.8918847e-05,-0.00911096,0.20773411,2.8005552,0.67227334,5.546657,0.86410725,1.906941,0.0,10.868049,-5.5537663,0.8935185,82.41928,1.0,0.0,0.0,0.0,0.0,0,7.011308,0.0,6.757408,0.0,4.1636896,12.655143,0.0,6.346294,0.0,11.330272
1,181,182.0,10.0,1.0,1.0,163.0,1.0,1.0,1.0,0.97355133,1.0,-0.0,0.0,-2.4942598e-05,-0.026423754,0.22814758,2.5875306,0.7597749,6.585425,0.68786,1.552642,0.0,11.486621,-5.392936,0.8981481,82.7862,1.0,0.0,0.0,0.0,0.0,0,7.180278,0.0,6.9712925,0.0,4.699373,12.001491,0.9207971,5.5488396,0.0,13.82395
2,181,182.0,10.0,1.0,1.0,162.0,1.0,1.0,1.0,0.99609596,1.0,-0.0,0.0,-2.0343106e-05,-0.003883738,0.2812639,3.2271118,0.7785565,5.2330236,0.72500527,1.2473922,0.0,11.1770935,-4.623388,0.8935185,82.047775,1.0,0.0,0.0,0.0,0.0,0,7.639349,0.0,6.1141415,0.0,4.1841545,12.259779,0.0,6.0574355,0.0,11.550753
3,181,182.0,10.0,1.0,1.0,162.0,1.0,1.0,1.0,0.9696693,1.0,-0.0,0.0,-2.3631172e-05,-0.030307107,0.22783875,2.9173057,0.880326,6.818426,0.6747556,2.3919892,0.0,11.376568,-5.0377417,0.8981481,80.3016,1.0,0.0,0.0,0.0,0.0,0,7.3194504,0.0,6.315354,0.0,4.957154,12.894387,0.8973468,5.0309377,0.0,14.800635
0,182,183.0,10.0,1.0,1.0,164.0,1.0,1.0,1.0,0.9884073,1.0,-0.0,0.0,-2.0543363e-05,-0.011572119,0.4926976,3.2478583,0.64178556,5.694327,0.86431307,1.8574544,0.0,10.705113,-2.7407148,0.8935185,83.01976,1.0,0.0,0.0,0.0,0.0,0,6.332298,0.0,7.433186,0.0,4.9292727,13.5190735,0.0,6.088811,0.0,11.2294655
1,182,183.0,10.0,1.0,1.0,164.0,1.0,1.0,1.0,0.9719419,1.0,-0.0,0.0,-2.106717e-05,-0.028037094,0.50221384,2.9930248,0.74113506,6.682225,0.69318,1.5963877,0.0,11.242391,-2.6206448,0.8981481,83.34807,1.0,0.0,0.0,0.0,0.0,0,6.6133943,0.0,7.775301,0.0,5.359319,12.780988,0.75379574,5.333222,0.0,13.64232
2,182,183.0,10.0,1.0,1.0,163.0,1.0,1.0,1.0,0.9946139,1.0,-0.0,0.0,-2.614034e-05,-0.005359948,0.2274692,2.770383,0.7958577,5.3215966,0.72269326,1.4188318,0.0,11.692531,-4.972084,0.8935185,82.638535,1.0,0.0,0.0,0.0,0.0,0,7.950606,0.0,6.5716877,0.0,4.7235723,11.757491,0.0,6.4679112,0.0,11.669367
3,182,183.0,10.0,1.0,1.0,163.0,1.0,1.0,1.0,0.96899086,1.0,-0.0,0.0,-2.642807e-05,-0.030982755,0.18803068,2.5701613,0.881653,6.858965,0.67701626,2.3547218,0.0,11.895669,-5.9007425,0.8981481,80.87132,1.0,0.0,0.0,0.0,0.0,0,7.339226,0.0,6.7656384,0.0,4.836479,12.398299,1.1368697,5.318597,0.0,15.144226
0,183,184.0,10.0,1.0,1.0,165.0,1.0,1.0,1.0,0.9911906,1.0,-0.0,0.0,-2.1339882e-05,-0.00878807,0.474244,3.0211303,0.65023154,5.5272837,0.8516385,2.1077542,0.0,10.738962,-2.931272,0.8935185,83.346664,1.0,0.0,0.0,0.0,0.0,0,6.8021665,0.0,6.321567,0.0,3.9807532,13.553233,0.0,6.235578,0.0,11.161338
1,183,184.0,10.0,1.0,1.0,165.0,1.0,1.0,1.0,0.9726073,1.0,-0.0,0.0,-1.974662e-05,-0.027372958,0.51764584,2.8234196,0.746008,6.642377,0.6916014,1.6598461,0.0,11.319119,-2.4415357,0.8981481,83.72082,1.0,0.0,0.0,0.0,0.0,0,7.2470694,0.0,6.565327,0.0,4.261452,12.757071,0.90398073,5.4447527,0.0,13.785803
2,183,184.0,10.0,1.0,1.0,164.0,1.0,1.0,1.0,0.9913809,1.0,-0.0,0.0,-2.0120911e-05,-0.008599002,0.49007908,3.2322652,0.7505642,5.5159397,0.72521925,1.3864669,0.0,11.568597,-2.4556937,0.8935185,83.23425,1.0,0.0,0.0,0.0,0.0,0,7.630073,0.0,6.9608502,0.0,4.8693576,12.203735,0.0,6.045711,0.0,11.521002
3,183,184.0,10.0,1.0,1.0,164.0,1.0,1.0,1.0,0.96664196,1.0,-0.0,0.0,-2.265143e-05,-0.033335406,0.4623279,2.9688,0.86025333,7.000124,0.68240637,2.4040666,0.0,11.65888,-2.7180753,0.8981481,81.45113,1.0,0.0,0.0,0.0,0.0,0,6.6883283,0.0,7.665036,0.0,5.301792,13.160502,1.1581292,5.035833,0.0,15.034668
0,184,185.0,10.0,1.0,1.0,166.0,1.0,1.0,1.0,0.98686624,1.0,-0.0,0.0,-1.5765878e-05,-0.013117948,0.18415377,3.1694484,0.62305766,5.7870765,0.85328406,2.0823488,0.0,10.54794,-5.0509453,0.8935185,84.08346,1.0,0.0,0.0,0.0,0.0,0,6.164052,0.0,5.8541837,0.0,3.9587889,13.764304,0.0,6.0975485,0.0,11.21447
1,184,185.0,10.0,1.0,1.0,166.0,1.0,1.0,1.0,0.9698029,1.0,-0.0,0.0,-1.6370946e-05,-0.030180693,0.1846008,2.9123335,0.7276551,6.810841,0.6925752,1.7291332,0.0,11.216173,-5.566086,0.8981481,84.38235,1.0,0.0,0.0,0.0,0.0,0,6.6563363,0.0,5.9191866,0.0,3.9972131,13.021556,0.9182339,5.216152,0.0,13.76471
2,184,185.0,10.0,1.0,1.0,165.0,1.0,1.0,1.0,0.99148345,1.0,-0.0,0.0,-2.1719297e-05,-0.008494848,0.46470687,3.0109427,0.75514495,5.5096903,0.7167597,1.5958973,0.0,11.73413,-2.7715535,0.8935185,83.6082,1.0,0.0,0.0,0.0,0.0,0,8.486875,0.0,6.66989,0.0,4.2889304,12.010067,0.0,6.2703266,0.0,11.526551
3,184,185.0,10.0,1.0,1.0,165.0,1.0,1.0,1.0,0.9671682,1.0,-0.0,0.0,-1.9676718e-05,-0.03281213,0.46888775,2.8096929,0.8627408,6.968727,0.6816562,2.4121926,0.0,11.750777,-2.1631083,0.8981481,81.830475,1.0,0.0,0.0,0.0,0.0,0,7.290597,0.0,6.34128,0.0,4.6033363,13.231883,1.0796931,5.146237,0.0,15.019504
0,185,186.0,10.0,1.0,1.0,167.0,1.0,1.0,1.0,0.98517406,1.0,-0.0,0.0,-1.7960201e-05,-0.014807985,0.011139736,2.7485619,0.63396496,5.8884788,0.85265124,2.1576676,0.0,11.082673,-6.923225,0.8935185,84.65262,1.0,0.0,0.0,0.0,0.0,0,6.548945,0.0,7.117361,0.0,4.096921,13.460708,0.0,6.407571,0.0,11.217039
1,185,186.0,10.0,1.0,1.0,167.0,1.0,1.0,1.0,0.9673146,1.0,-0.0,0.0,-1.5730242e-05,-0.03266969,0.09330474,2.5931315,0.72198886,6.9601808,0.6936298,1.7702883,0.0,11.614453,-6.1605916,0.8981481,84.85248,1.0,0.0,0.0,0.0,0.0,0,6.823316,0.0,7.356831,0.0,4.7927537,12.840118,0.9463243,5.5323324,0.0,13.754292
2,185,186.0,10.0,1.0,1.0,166.0,1.0,1.0,1.0,0.9893112,1.0,-0.0,0.0,-1.696737e-05,-0.010671772,0.24883822,3.1648862,0.7114024,5.640306,0.71843183,1.5359163,0.0,11.215383,-4.2606826,0.8935185,84.29877,1.0,0.0,0.0,0.0,0.0,0,7.16319,0.0,6.1191573,0.0,4.18364,12.031395,0.0,6.122144,0.0,11.446246
3,185,186.0,10.0,1.0,1.0,166.0,1.0,1.0,1.0,0.9646231,1.0,-0.0,0.0,-1.7228738e-05,-0.03535967,0.15645233,2.8801622,0.84950954,7.1215796,0.6826195,2.485391,0.0,11.625119,-5.5619216,0.8981481,82.49108,1.0,0.0,0.0,0.0,0.0,0,7.3539786,0.0,5.803255,0.0,4.6603637,13.546331,1.128391,4.982046,0.0,15.039811
0,186,187.0,10.0,1.0,1.0,168.0,1.0,1.0,1.0,0.98317605,1.0,-0.0,0.0,-1.5130898e-05,-0.016808832,0.34954622,3.2338333,0.6040354,6.0085297,0.8525854,2.116648,0.0,10.85946,-3.3516948,0.8935185,85.407455,1.0,0.0,0.0,0.0,0.0,0,5.861804,0.0,7.600814,0.0,4.671858,14.210678,0.0,5.995706,0.0,11.123811
1,186,187.0,10.0,1.0,1.0,168.0,1.0,1.0,1.0,0.9672463,1.0,-0.0,0.0,-1.2759987e-05,-0.03274094,0.4013747,3.0072565,0.7142991,6.9644556,0.6924023,1.8633447,0.0,11.325973,-3.4372191,0.8981481,85.523674,1.0,0.0,0.0,0.0,0.0,0,6.3621874,0.0,7.525783,0.0,4.8356614,13.430579,1.0258349,5.249006,0.0,13.845255
2,186,187.0,10.0,1.0,1.0,167.0,1.0,1.0,1.0,0.98818725,1.0,-0.0,0.0,-1.6271115e-05,-0.011796448,0.16670302,2.7853894,0.7210411,5.7077866,0.71796405,1.5596837,0.0,11.516132,-5.260403,0.8935185,84.82228,1.0,0.0,0.0,0.0,0.0,0,7.2491045,0.0,6.9609227,0.0,4.7026997,11.636292,0.0,6.586728,0.0,11.54069
3,186,187.0,10.0,1.0,1.0,167.0,1.0,1.0,1.0,0.9619558,1.0,-0.0,0.0,-1.6515236e-05,-0.038027734,0.07872358,2.5723085,0.8440447,7.2816634,0.68328434,2.5389824,0.0,12.068557,-5.6386514,0.8981481,82.99177,1.0,0.0,0.0,0.0,0.0,0,6.9782743,0.0,7.149176,0.0,4.689132,13.233638,1.1819206,5.263782,0.0,14.987687
0,187,188.0,10.0,1.0,1.0,169.0,1.0,1.0,1.0,0.9850581,1.0,-0.0,0.0,-1.4295848e-05,-0.014927585,0.15085414,2.9896357,0.6087902,5.8956547,0.84256643,2.2848766,0.0,10.874766,-5.646005,0.8935185,85.61028,1.0,0.0,0.0,0.0,0.0,0,6.1240115,0.0,6.4725842,0.0,3.8057551,14.098563,0.0,6.0724077,0.0,11.09842
1,187,188.0,10.0,1.0,1.0,169.0,1.0,1.0,1.0,0.96768665,1.0,-0.0,0.0,-1.1793911e-05,-0.032301538,0.21175742,2.8350818,0.71714544,6.9380918,0.69031787,1.9293842,0.0,11.308831,-5.1794024,0.8981481,85.67569,1.0,0.0,0.0,0.0,0.0,0,6.3602524,0.0,6.59844,0.0,4.383466,13.348738,0.92469037,5.43897,0.0,13.600963
2,187,188.0,10.0,1.0,1.0,168.0,1.0,1.0,1.0,0.9895046,1.0,-0.0,0.0,-1.3559872e-05,-0.010481864,0.48331246,3.2212362,0.6982305,5.6289115,0.7173176,1.4982536,0.0,11.179102,-2.061299,0.8935185,85.51192,1.0,0.0,0.0,0.0,0.0,0,7.0132356,0.0,7.7726865,0.0,4.880143,12.135665,0.0,6.3780527,0.0,11.576335
3,187,188.0,10.0,1.0,1.0,168.0,1.0,1.0,1.0,0.9585324,1.0,-0.0,0.0,-1.3980333e-05,-0.041453615,0.36781132,3.0240226,0.8137158,7.4872165,0.6825878,2.6351964,0.0,11.842752,-3.3923554,0.8981481,83.70347,1.0,0.0,0.0,0.0,0.0,0,7.2252083,0.0,7.3310833,0.0,4.7079687,13.933014,1.28424,4.997595,0.0,15.033673
0,188,189.0,10.0,1.0,1.0,170.0,1.0,1.0,1.0,0.9828132,1.0,-0.0,0.0,-1.3771386e-05,-0.01717308,0.23235753,3.1293864,0.5968482,6.0303845,0.84181625,2.257998,0.0,10.87321,-4.0729446,0.8935185,86.019424,1.0,0.0,0.0,0.0,0.0,0,5.440121,0.0,7.3802705,0.0,4.3182607,14.332151,0.0,5.8304915,0.0,11.220391
1,188,189.0,10.0,1.0,1.0,170.0,1.0,1.0,1.0,0.96584505,1.0,-0.0,0.0,-1.304309e-05,-0.03414188,0.24545267,2.9278467,0.70857596,7.0485125,0.6863951,2.0543451,0.0,11.344616,-4.5234776,0.8981481,86.02283,1.0,0.0,0.0,0.0,0.0,0,5.894379,0.0,7.1536446,0.0,4.876056,14.376851,1.0929346,5.033498,0.0,13.590774
2,188,189.0,10.0,1.0,1.0,169.0,1.0,1.0,1.0,0.9907062,1.0,-0.0,0.0,-1.5943266e-05,-0.009277851,0.24880543,2.9823053,0.7010066,5.5566707,0.7145687,1.6100576,0.0,11.257288,-4.7141128,0.8935185,85.71377,1.0,0.0,0.0,0.0,0.0,0,6.9936147,0.0,6.523039,0.0,4.2242894,11.845638,0.0,6.7084026,0.0,11.560375
3,188,189.0,10.0,1.0,1.0,169.0,1.0,1.0,1.0,0.9602141,1.0,-0.0,0.0,-1.2151104e-05,-0.039773785,0.17135012,2.843002,0.8225239,7.3864264,0.68037546,2.687549,0.0,11.826,-5.2302833,0.8981481,83.85833,1.0,0.0,0.0,0.0,0.0,0,6.94675,0.0,6.638113,0.0,4.4553766,13.808849,1.3106544,5.199482,0.0,15.000187
0,189,190.0,10.0,1.0,1.0,171.0,1.0,1.0,1.0,0.98472494,1.0,-0.0,0.0,-1.155337e-05,-0.01526348,0.15659742,3.000364,0.6025206,5.915808,0.8369515,2.3547218,0.0,10.879073,-5.089403,0.8935185,86.24568,1.0,0.0,0.0,0.0,0.0,0,5.7415757,0.0,6.4723783,0.0,3.7523632,14.3864975,0.0,5.8770046,0.0,11.24635
1,189,190.0,10.0,1.0,1.0,171.0,1.0,1.0,1.0,0.9669167,1.0,-0.0,0.0,-9.236214e-06,-0.03307406,0.21835901,2.864609,0.714481,6.984443,0.67745775,2.1850638,0.0,11.27765,-4.938336,0.8981481,86.249886,1.0,0.0,0.0,0.0,0.0,0,5.9182596,0.0,6.7294874,0.0,4.445331,14.569538,1.0957929,5.0800476,0.0,13.421533
2,189,190.0,10.0,1.0,1.0,170.0,1.0,1.0,1.0,0.98790884,1.0,-0.0,0.0,-1.3894116e-05,-0.012077254,0.31488723,3.1217525,0.6841547,5.7246346,0.7136148,1.5880307,0.0,11.28582,-3.4366577,0.8935185,86.127754,1.0,0.0,0.0,0.0,0.0,0,6.6071205,0.0,7.483172,0.0,4.823286,11.961275,0.0,6.586376,0.0,11.580133
3,189,190.0,10.0,1.0,1.0,170.0,1.0,1.0,1.0,0.95826733,1.0,-0.0,0.0,-1.4334567e-05,-0.04171834,0.21670051,2.942035,0.81267387,7.5031,0.68023354,2.785377,0.0,11.85968,-4.7161283,0.8981481,84.231514,1.0,0.0,0.0,0.0,0.0,0,6.380444,0.0,7.1378026,0.0,5.033134,14.197385,1.1960012,5.0707293,0.0,14.885532
0,190,191.0,10.0,1.0,1.0,172.0,1.0,1.0,1.0,0.9841886,1.0,-0.0,0.0,-8.902395e-06,-0.015802482,0.16683377,3.018223,0.59594977,5.9481483,0.8387094,2.313812,0.0,10.848125,-4.644517,0.8935185,86.52476,1.0,0.0,0.0,0.0,0.0,0,5.369124,0.0,7.0864797,0.0,4.070897,14.54791,0.011318997,5.7760854,0.0,11.360818
1,190,191.0,10.0,1.0,1.0,172.0,1.0,1.0,1.0,0.96634305,1.0,-0.0,0.0,-8.708158e-06,-0.033648252,0.17965361,2.8466766,0.7117626,7.0188947,0.67123985,2.2971761,0.0,11.261974,-5.205866,0.8981481,86.51056,1.0,0.0,0.0,0.0,0.0,0,5.546746,0.0,6.8102336,0.0,4.490748,14.723355,0.9313159,5.1786346,0.0,13.337085
2,190,191.0,10.0,1.0,1.0,171.0,1.0,1.0,1.0,0.9896743,1.0,-0.0,0.0,-1.3237171e-05,-0.010312461,0.21436512,2.9834745,0.6912546,5.618747,0.71043783,1.6664346,0.0,11.356208,-4.6123548,0.8935185,86.353424,1.0,0.0,0.0,0.0,0.0,0,6.7787085,0.0,6.578989,0.0,4.221266,11.855112,0.0,6.7824583,0.0,11.576654
3,190,191.0,10.0,1.0,1.0,171.0,1.0,1.0,1.0,0.9601631,1.0,-0.0,0.0,-1.0063125e-05,-0.03982679,0.19411966,2.8605738,0.82271,7.389607,0.6754332,2.8891113,0.0,11.788297,-4.9001126,0.8981481,84.44871,1.0,0.0,0.0,0.0,0.0,0,6.408918,0.0,6.6864095,0.0,4.5913987,14.3883915,1.3491689,5.0286407,0.0,14.764448
0,191,192.0,10.0,1.0,1.0,173.0,1.0,1.0,1.0,0.9859146,1.0,-0.0,0.0,-7.1103927e-06,-0.014078336,0.15336275,2.910514,0.60048985,5.8447,0.83716494,2.3433924,0.0,10.771849,-5.4665685,0.8935185,86.813,1.0,0.0,0.0,0.0,0.0,0,5.316141,0.0,6.6616364,0.0,3.8345149,14.661354,0.069769755,5.740926,0.0,11.353766
1,191,192.0,10.0,1.0,1.0,173.0,1.0,1.0,1.0,0.9656514,1.0,-0.0,0.0,-6.903335e-06,-0.034341715,0.18316172,2.8167963,0.70770013,7.0605025,0.66561055,2.416731,0.0,11.229456,-5.105348,0.8981481,86.805176,1.0,0.0,0.0,0.0,0.0,0,5.53549,0.0,6.7757463,0.0,4.4412966,14.907723,0.96078247,5.16435,0.0,13.2425
2,191,192.0,10.0,1.0,1.0,172.0,1.0,1.0,1.0,0.98907316,1.0,-0.0,0.0,-1.0155928e-05,-0.010916705,0.21685846,3.0032773,0.6826991,5.655002,0.70939237,1.6570141,0.0,11.331032,-4.2736444,0.8935185,86.63259,1.0,0.0,0.0,0.0,0.0,0,6.3343773,0.0,7.1714582,0.0,4.5706053,11.868453,0.0,6.7754107,0.0,11.62615
3,191,192.0,10.0,1.0,1.0,172.0,1.0,1.0,1.0,0.9592746,1.0,-0.0,0.0,-9.699921e-06,-0.04071567,0.16820356,2.8576753,0.8171115,7.4429398,0.6717666,3.0059605,0.0,11.782763,-5.067096,0.8981481,84.71719,1.0,0.0,0.0,0.0,0.0,0,6.1129975,0.0,6.897365,0.0,4.7659287,14.547996,1.339145,5.0086517,0.0,14.78285
0,192,193.0,10.0,1.0,1.0,174.0,1.0,1.0,1.0,0.98628426,1.0,-0.0,0.0,-6.553116e-06,-0.0137092145,0.14136341,2.891124,0.59784424,5.822552,0.83894163,2.3043206,0.0,10.692457,-5.587096,0.8935185,87.093216,1.0,0.0,0.0,0.0,0.0,0,5.016473,0.0,6.8644824,0.0,3.888382,14.829114,0.0,5.6498427,0.0,11.449288
1,192,193.0,10.0,1.0,1.0,174.0,1.0,1.0,1.0,0.9670987,1.0,-0.0,0.0,-6.8119402e-06,-0.03289452,0.15734565,2.764995,0.71453005,6.9736705,0.66275156,2.475925,0.0,11.077875,-5.374369,0.8981481,87.102036,1.0,0.0,0.0,0.0,0.0,0,4.965567,0.0,7.2221804,0.0,3.4898784,15.210926,1.2698314,4.9136806,0.0,12.999096
2,192,193.0,10.0,1.0,1.0,173.0,1.0,1.0,1.0,0.99063414,1.0,-0.0,0.0,-8.18976e-06,-0.009357672,0.1995869,2.8901913,0.6877157,5.56146,0.7041966,1.6584308,0.0,11.29836,-4.987823,0.8935185,86.92089,1.0,0.0,0.0,0.0,0.0,0,6.307773,0.0,6.7792726,0.0,4.304232,11.915516,0.0,6.857862,0.0,11.628015
3,192,193.0,10.0,1.0,1.0,173.0,1.0,1.0,1.0,0.9592227,1.0,-0.0,0.0,-7.3101346e-06,-0.040770024,0.14771986,2.7990236,0.81742173,7.446201,0.66728026,3.129711,0.0,11.787261,-5.1649876,0.8981481,84.99508,1.0,0.0,0.0,0.0,0.0,0,6.1352534,0.0,6.699163,0.0,4.661042,14.71916,1.3794082,5.001355,0.0,14.695179
0,193,194.0,10.0,1.0,1.0,175.0,1.0,1.0,1.0,0.9888787,1.0,-0.0,0.0,-6.299378e-06,-0.011114959,0.108729675,2.7821274,0.6052393,5.6668973,0.83874536,2.3009212,0.0,10.562705,-5.9167247,0.8935185,87.41586,1.0,0.0,0.0,0.0,0.0,0,4.909633,0.0,6.589828,0.0,3.7295594,14.890795,0.0,5.5811157,0.0,11.454986
1,193,194.0,10.0,1.0,1.0,175.0,1.0,1.0,1.0,0.9689396,1.0,-0.0,0.0,-5.3565486e-06,-0.031055048,0.20322613,2.7181146,0.726774,6.863302,0.6559814,2.5990067,0.0,10.875201,-4.942553,0.8981481,87.402534,1.0,0.0,0.0,0.0,0.0,0,5.399349,0.0,6.5621057,0.0,4.0988426,15.371555,0.85100883,5.1684747,0.0,13.255741
2,193,194.0,10.0,1.0,1.0,174.0,1.0,1.0,1.0,0.99045706,1.0,-0.0,0.0,-7.0920983e-06,-0.009535826,0.17362833,2.8841107,0.6810555,5.5721493,0.7036395,1.499298,0.0,11.2530365,-5.316971,0.8935185,87.21239,1.0,0.0,0.0,0.0,0.0,0,6.1203017,0.0,6.9824915,0.0,4.422686,12.505901,0.0,6.817951,0.0,11.526562
3,193,194.0,10.0,1.0,1.0,174.0,1.0,1.0,1.0,0.9591596,1.0,-0.0,0.0,-7.2449857e-06,-0.040833134,0.09811744,2.769279,0.81607664,7.4499874,0.6665944,3.0673115,0.0,11.716956,-5.6934457,0.8981481,85.29281,1.0,0.0,0.0,0.0,0.0,0,6.0415554,0.0,6.733282,0.0,4.64278,15.213784,1.1322411,5.1512003,0.0,14.704029
0,194,195.0,10.0,1.0,1.0,176.0,1.0,1.0,1.0,0.9923441,1.0,-0.0,0.0,-5.7788834e-06,-0.0076501463,0.17687827,2.7561295,0.6142231,5.459008,0.8518075,1.9790496,0.0,10.246186,-5.591304,0.8935185,87.703445,1.0,0.0,0.0,0.0,0.0,0,4.8831043,0.0,6.9956546,0.0,3.9424045,15.254703,0.0,5.8363147,0.0,11.674291
1,194,195.0,10.0,1.0,1.0,176.0,1.0,1.0,1.0,0.9747994,1.0,-0.0,0.0,-8.582307e-06,-0.025192007,0.20558424,2.595936,0.7620639,6.51152,0.65998065,2.412517,0.0,10.554561,-5.30669,0.8981481,87.715225,1.0,0.0,0.0,0.0,0.0,0,4.332721,0.0,7.595868,0.0,2.629505,15.914743,0.8756763,5.055318,0.0,12.434203
2,194,195.0,10.0,1.0,1.0,175.0,1.0,1.0,1.0,0.99243367,1.0,-0.0,0.0,-7.0903493e-06,-0.007559262,0.11126045,2.767141,0.68791944,5.453555,0.70297855,1.4633683,0.0,11.21115,-5.9090395,0.8935185,87.5408,1.0,0.0,0.0,0.0,0.0,0,5.9808903,0.0,6.550166,0.0,4.1333246,12.090861,0.0,7.1092997,0.0,11.78017
3,194,195.0,10.0,1.0,1.0,175.0,1.0,1.0,1.0,0.96372944,1.0,-0.0,0.0,-7.063023e-06,-0.03626351,0.17694272,2.6873202,0.8429082,7.17581,0.6655086,3.1605728,0.0,11.343159,-5.0396442,0.8981481,85.58385,1.0,0.0,0.0,0.0,0.0,0,5.8728294,0.0,6.559335,0.0,4.271153,15.327412,1.0880139,5.194927,0.0,14.620747
0,195,196.0,10.0,1.0,1.0,177.0,1.0,1.0,1.0,0.9999931,1.0,-0.0,0.0,-6.889965e-06,-0.0,0.6682653,2.3923738,0.7571694,4.06133,0.8593738,1.8345584,1.0,9.633862,-2.5269213,0.8935185,88.287994,1.0,0.0,0.0,0.0,0.0,0,4.3414483,0.0,9.778692,0.0,4.848648,15.356914,0.0,5.878904,0.0,11.677716
1,195,196.0,10.0,1.0,1.0,177.0,1.0,1.0,1.0,0.99219114,1.0,-0.0,0.0,-5.8607066e-06,-0.007803007,0.79532975,2.3623343,0.87130404,5.46818,0.65970665,2.509212,0.0,9.941606,-0.8697575,0.8981481,88.21452,1.0,0.0,0.0,0.0,0.0,0,4.5631733,0.0,9.152746,0.0,5.99365,15.789547,0.66996896,5.180217,0.0,13.204549
2,195,196.0,10.0,1.0,1.0,176.0,1.0,1.0,1.0,0.9954565,1.0,-0.0,0.0,-6.365199e-06,-0.0045371167,0.17208979,2.738725,0.6967654,5.272227,0.70502925,1.4066432,0.0,11.001526,-5.4213443,0.8935185,87.80424,1.0,0.0,0.0,0.0,0.0,0,5.7136216,0.0,6.7360215,0.0,4.2691417,12.292454,0.0,7.1204157,0.0,11.779145
3,195,196.0,10.0,1.0,1.0,176.0,1.0,1.0,1.0,0.9666103,1.0,-0.0,0.0,-7.702304e-06,-0.033382017,0.1595825,2.6162195,0.85939467,7.0029206,0.6640968,3.3131702,0.0,11.166183,-5.3678684,0.8981481,85.85653,1.0,0.0,0.0,0.0,0.0,0,5.1526537,0.0,6.2276626,0.0,3.7267842,14.859277,1.1181232,4.706053,0.0,14.128633
0,196,197.0,10.0,1.0,1.0,178.0,1.0,1.0,1.0,0.9999907,1.0,-0.0,0.0,-9.32503e-06,-0.0,0.4377812,2.4619663,0.69165874,4.4544272,0.8568345,1.8131003,1.0,9.631413,-4.6879864,0.8935185,88.54761,1.0,0.0,0.0,0.0,0.0,0,4.6838083,0.0,6.663106,0.0,3.0061097,15.426769,0.0,5.383451,0.0,10.731259
1,196,197.0,10.0,1.0,1.0,178.0,1.0,1.0,1.0,0.9907819,1.0,-0.0,0.0,-1.3026758e-05,-0.009205017,0.6029323,2.284104,0.8907141,5.5523005,0.6536195,2.6393516,0.0,9.65437,-2.7843807,0.8981481,88.50117,1.0,0.0,0.0,0.0,0.0,0,4.2043214,0.0,10.021015,0.0,4.492942,17.792198,0.7496826,4.976559,0.0,14.00861
2,196,197.0,10.0,1.0,1.0,177.0,1.0,1.0,1.0,0.9999933,1.0,-0.0,0.0,-6.6739326e-06,-0.0,0.48135632,2.5356984,0.7470022,4.7405105,0.7061596,1.3659927,1.0,10.851318,-3.6924593,0.8935185,88.41737,1.0,0.0,0.0,0.0,0.0,0,5.7065277,0.0,8.541744,0.0,5.359497,12.295328,0.0,7.389195,0.0,11.927638
3,196,197.0,10.0,1.0,1.0,177.0,1.0,1.0,1.0,0.98417896,1.0,-0.0,0.0,-7.5432804e-06,-0.015813453,0.71017593,2.372635,0.980101,5.948807,0.6652422,3.3357747,0.0,10.457543,-1.2429897,0.8981481,86.43641,1.0,0.0,0.0,0.0,0.0,0,5.0170984,0.0,9.00315,0.0,5.835479,15.964201,1.0264499,4.9366193,0.0,14.727047
0,197,198.0,10.0,1.0,1.0,179.0,1.0,1.0,1.0,0.99998474,1.0,-0.0,0.0,-1.5241272e-05,-0.0,0.7649589,2.1398923,0.78867835,3.6211295,0.8510371,1.9024206,1.0,9.260218,-2.8562927,0.8935185,89.18361,1.0,0.0,0.0,0.0,0.0,0,4.199606,0.0,9.048304,0.0,5.0377107,15.921164,0.0,5.6147137,0.0,11.660774
1,197,198.0,10.0,1.0,1.0,179.0,1.0,1.0,1.0,0.99755555,1.0,-0.0,0.0,-1.4138559e-05,-0.0024303165,0.8121278,2.1027064,0.919078,5.1458187,0.65780526,2.6869664,0.0,9.744834,-1.8410851,0.8981481,89.001854,1.0,0.0,0.0,0.0,0.0,0,5.075833,0.0,8.986305,0.0,5.2266226,16.403318,0.49778318,4.9580197,0.0,13.639009
2,197,198.0,10.0,1.0,1.0,178.0,1.0,1.0,1.0,0.9999915,1.0,-0.0,0.0,-8.5137835e-06,-0.0,0.32499805,2.5434723,0.7219655,4.7367105,0.703421,1.3636987,1.0,10.721483,-5.223616,0.8935185,88.61012,1.0,0.0,0.0,0.0,0.0,0,5.6135826,0.0,7.23196,0.0,2.667245,12.3443985,0.0,7.3354287,0.0,10.886353
3,197,198.0,10.0,1.0,1.0,178.0,1.0,1.0,1.0,0.982621,1.0,-0.0,0.0,-1.1322996e-05,-0.01736767,0.6055825,2.3055103,1.0008117,6.04206,0.65635335,3.476426,0.0,10.022127,-2.3482022,0.8981481,86.714874,1.0,0.0,0.0,0.0,0.0,0,4.19185,0.0,10.720383,0.0,5.0851903,18.281076,1.5347598,5.2882357,0.0,15.836469
0,198,199.0,10.0,1.0,1.0,180.0,1.0,1.0,1.0,0.99998367,1.0,-0.0,0.0,-1.6316475e-05,-0.0,0.66126025,2.2377098,0.7507054,4.036388,0.8395289,2.0375118,1.0,9.140714,-3.9966238,0.8935185,89.34283,1.0,0.0,0.0,0.0,0.0,0,4.2202187,0.0,10.472969,0.0,3.7541866,16.361855,0.0,5.416677,0.0,10.846201
1,198,199.0,10.0,1.0,1.0,180.0,1.0,1.0,1.0,0.99148905,1.0,-0.0,0.0,-1.3724667e-05,-0.00849721,0.69210196,2.1616583,0.89640915,5.5098324,0.65889454,2.7825654,0.0,9.724939,-3.0715299,0.8981481,89.20341,1.0,0.0,0.0,0.0,0.0,0,4.3928595,0.0,10.12672,0.0,4.22547,17.17667,0.16659898,4.7367153,0.0,12.756293
2,198,199.0,10.0,1.0,1.0,179.0,1.0,1.0,1.0,0.9999882,1.0,-0.0,0.0,-1.17842765e-05,-0.0,0.6147064,2.306066,0.787138,4.1433864,0.7026292,1.415518,1.0,10.503578,-3.86939,0.8935185,89.23076,1.0,0.0,0.0,0.0,0.0,0,5.7280135,0.0,8.248556,0.0,5.3450704,12.520931,0.0,7.5208006,0.0,11.9183
3,198,199.0,10.0,1.0,1.0,179.0,1.0,1.0,1.0,0.98824215,1.0,-0.0,0.0,-1.1668811e-05,-0.011746139,0.77685714,2.1929984,1.0124669,5.7047677,0.6523335,3.5486324,0.0,10.064486,-1.5319288,0.8981481,87.21207,1.0,0.0,0.0,0.0,0.0,0,5.550522,0.0,8.599829,0.0,5.4308352,16.977808,0.96301776,4.8731494,0.0,15.21524
0,199,200.0,10.0,1.0,1.0,181.0,1.0,1.0,1.0,0.99997544,1.0,-0.0,0.0,-2.4584162e-05,-0.0,0.60803664,2.0506089,0.7080418,4.034254,0.8406851,2.0451806,1.0,9.526069,-5.413793,0.8935185,90.13972,1.0,0.0,0.0,0.0,0.0,0,5.103224,0.0,8.164339,0.0,4.313961,16.335001,0.0,5.593433,0.0,11.568476
1,199,200.0,10.0,1.0,1.0,181.0,1.0,1.0,1.0,0.99158084,1.0,-0.0,0.0,-2.1430094e-05,-0.008397682,0.5850576,2.0411701,0.82309616,5.5038605,0.6524536,2.904244,0.0,10.319517,-4.7116623,0.8981481,89.91115,1.0,0.0,0.0,0.0,0.0,0,5.922228,0.0,9.081227,0.0,3.7546823,17.118757,0.7039484,5.3386636,0.0,14.219134
2,199,200.0,10.0,1.0,1.0,180.0,1.0,1.0,1.0,0.99998736,1.0,-0.0,0.0,-1.2622123e-05,-0.0,0.57766366,2.392667,0.7798842,4.0912895,0.7033701,1.3544844,1.0,10.243593,-4.5838513,0.8935185,89.325836,1.0,0.0,0.0,0.0,0.0,0,5.1448565,0.0,9.076742,0.0,4.735172,13.513217,0.0,7.866435,0.0,11.077729
3,199,200.0,10.0,1.0,1.0,180.0,1.0,1.0,1.0,0.9818927,1.0,-0.0,0.0,-1.2177833e-05,-0.018095113,0.6962594,2.2512357,0.99705255,6.085706,0.6452973,3.7013092,0.0,9.915461,-2.2773416,0.8981481,87.41917,1.0,0.0,0.0,0.0,0.0,0,4.4341917,0.0,10.591199,0.0,4.717803,19.10518,1.8743081,4.9498615,0.0,15.773782
0,200,201.0,10.0,1.0,1.0,182.0,1.0,1.0,1.0,0.9999787,1.0,-0.0,0.0,-2.1288975e-05,-0.0,0.64168346,2.2495944,0.67522305,4.5324807,0.83546937,2.0535831,1.0,9.049196,-5.1924706,0.8935185,90.2464,1.0,0.0,0.0,0.0,0.0,0,4.070409,0.0,10.776273,0.0,4.346766,17.30839,0.0,5.1302867,0.0,10.130571
1,200,201.0,10.0,1.0,1.0,182.0,1.0,1.0,1.0,0.98675233,1.0,-0.0,0.0,-1.7067268e-05,-0.013230631,0.61965585,2.1762366,0.8335289,5.7938375,0.6459465,3.0355017,0.0,9.943286,-4.397311,0.8981481,89.944824,1.0,0.0,0.0,0.0,0.0,0,4.546096,0.0,11.000652,0.0,4.4202104,18.245478,1.2675703,5.403857,0.0,14.071052
2,200,201.0,10.0,1.0,1.0,181.0,1.0,1.0,1.0,0.9999773,1.0,-0.0,0.0,-2.2700295e-05,-0.0,0.54291636,2.1774662,0.7614168,4.133171,0.70193315,1.4352859,1.0,10.724346,-5.9464703,0.8935185,90.106255,1.0,0.0,0.0,0.0,0.0,0,6.0468636,0.0,7.705523,0.0,4.9684606,12.780778,0.0,7.700119,0.0,11.872538
3,200,201.0,10.0,1.0,1.0,181.0,1.0,1.0,1.0,0.9804777,1.0,-0.0,0.0,-1.7341345e-05,-0.019504985,0.5710375,2.2006466,0.9193783,6.1702986,0.644941,3.7762666,0.0,10.520817,-3.9049442,0.8981481,88.09394,1.0,0.0,0.0,0.0,0.0,0,5.934949,0.0,8.241343,0.0,5.1973276,17.64904,0.7369226,4.994156,0.0,15.440183
0,201,202.0,10.0,1.0,1.0,183.0,1.0,1.0,1.0,0.99997544,1.0,-0.0,0.0,-2.4542478e-05,-0.0,0.56713223,2.083773,0.6650185,4.3220525,0.83679044,2.0642276,1.0,9.457355,-6.3612537,0.8935185,90.7885,1.0,0.0,0.0,0.0,0.0,0,5.18341,0.0,8.583796,0.0,4.319462,16.981972,0.0,5.2947907,0.0,10.399416
1,201,202.0,10.0,1.0,1.0,183.0,1.0,1.0,1.0,0.9867011,1.0,-0.0,0.0,-2.0955998e-05,-0.013277923,0.4902035,2.1156163,0.7743668,5.7966747,0.64751536,3.0179155,0.0,10.49295,-6.3136034,0.8981481,90.44629,1.0,0.0,0.0,0.0,0.0,0,5.993193,0.0,9.84309,0.0,3.865493,18.541178,0.47579277,5.568576,0.0,12.801665
2,201,202.0,10.0,1.0,1.0,182.0,1.0,1.0,1.0,0.99997973,1.0,-0.0,0.0,-2.0267742e-05,-0.0,0.54725224,2.3911045,0.72700375,4.3093543,0.698317,1.4010677,1.0,10.275672,-5.966926,0.8935185,90.23543,1.0,0.0,0.0,0.0,0.0,0,4.829417,0.0,8.853532,0.0,5.467948,13.481124,0.0,7.4756894,0.0,10.201953
3,201,202.0,10.0,1.0,1.0,182.0,1.0,1.0,1.0,0.9758899,1.0,-0.0,0.0,-1.6038839e-05,-0.024094062,0.5972929,2.2716842,0.94049686,6.4456434,0.6404511,3.7822733,0.0,10.072709,-3.8603945,0.8981481,88.13704,1.0,0.0,0.0,0.0,0.0,0,4.5417976,0.0,10.511911,0.0,4.7127147,18.210945,1.282742,5.0564404,0.0,15.489442
0,202,203.0,10.0,1.0,1.0,184.0,1.0,1.0,1.0,0.9999771,1.0,-0.0,0.0,-2.2868588e-05,-0.0,0.48019254,2.0447624,0.57588637,4.704536,0.8480314,1.8750695,1.0,9.900872,-7.411588,0.8935185,91.47405,1.0,0.0,0.0,0.0,0.0,0,5.0917144,0.0,6.4208236,0.0,3.41485,16.268393,0.0,5.2368264,0.0,11.211603
1,202,203.0,10.0,1.0,1.0,184.0,1.0,1.0,1.0,0.9750055,1.0,-0.0,0.0,-1.920737e-05,-0.024975318,0.40057486,2.0960722,0.66428226,6.4985185,0.65107435,3.1179335,0.0,11.070034,-6.20405,0.8981481,91.1549,1.0,0.0,0.0,0.0,0.0,0,6.62881,0.0,6.734621,0.0,3.7419634,17.107214,0.35512647,5.6244316,0.0,13.588729
2,202,203.0,10.0,1.0,1.0,183.0,1.0,1.0,1.0,0.99997354,1.0,-0.0,0.0,-2.6490075e-05,-0.0,0.44491887,2.2267308,0.70097,4.401741,0.6930394,1.4547853,1.0,10.823455,-7.5018296,0.8935185,90.8279,1.0,0.0,0.0,0.0,0.0,0,6.060912,0.0,7.9179006,0.0,4.3863587,13.662607,0.0,8.043111,0.0,11.095082
3,202,203.0,10.0,1.0,1.0,183.0,1.0,1.0,1.0,0.97517467,1.0,-0.0,0.0,-1.4856937e-05,-0.024810512,0.4700318,2.283696,0.86310655,6.4886303,0.6366713,3.9720674,0.0,10.683085,-5.032055,0.8981481,88.546196,1.0,0.0,0.0,0.0,0.0,0,5.329795,0.0,7.0912523,0.0,4.384408,16.299965,0.5085068,4.5263786,0.0,14.725942
0,203,204.0,10.0,1.0,1.0,185.0,1.0,1.0,1.0,0.9999622,1.0,-0.0,0.0,-3.7772257e-05,-0.0,0.26083365,1.7557843,0.58764666,4.5804186,0.8455079,1.9048878,1.0,10.148772,-7.246864,0.8981481,92.50986,1.0,0.0,0.0,0.0,0.0,0,5.056047,0.0,6.0087953,0.0,3.2111697,16.823635,0.0,5.6102834,0.0,11.482692
1,203,204.0,10.0,1.0,1.0,185.0,1.0,1.0,1.0,0.97098315,1.0,-0.0,0.0,-3.4486853e-05,-0.028982371,0.07990543,1.8895152,0.6415821,6.7389417,0.6576736,3.0749576,0.0,11.599024,-7.669485,0.8981481,92.13133,1.0,0.0,0.0,0.0,0.0,0,6.2283864,0.0,6.0645394,0.0,3.3688698,16.659739,0.2158267,5.861504,0.0,13.51794
2,203,204.0,10.0,1.0,1.0,184.0,1.0,1.0,1.0,0.99997544,1.0,-0.0,0.0,-2.4548943e-05,-0.0,0.48024803,2.229126,0.6333282,4.936938,0.69544476,1.439642,1.0,11.108741,-7.1858373,0.8935185,91.4556,1.0,0.0,0.0,0.0,0.0,0,6.2089744,0.0,6.412789,0.0,4.0189776,13.263234,0.0,7.6481433,0.0,11.993873
3,203,204.0,10.0,1.0,1.0,184.0,1.0,1.0,1.0,0.96605396,1.0,-0.0,0.0,-1.5421196e-05,-0.03393058,0.35720134,2.149784,0.7728905,7.0358343,0.64493626,4.0586305,0.0,11.197195,-4.9135804,0.8981481,89.42449,1.0,0.0,0.0,0.0,0.0,0,6.382507,0.0,6.1870174,0.0,4.6057143,17.419281,0.3781506,5.2099457,0.0,16.231373
0,204,205.0,10.0,1.0,1.0,186.0,1.0,1.0,1.0,0.9931237,1.0,-0.0,0.0,-2.8053784e-05,-0.0068481965,0.23960695,2.15869,0.5011536,5.4108915,0.8590197,1.6813976,0.0,10.672395,-6.090953,0.8981481,92.780594,1.0,0.0,0.0,0.0,0.0,0,5.7690907,0.0,7.6128483,0.0,4.2813373,16.961073,0.0,5.427714,0.0,11.794248
1,204,205.0,10.0,1.0,1.0,186.0,1.0,1.0,1.0,0.9582566,1.0,-0.0,0.0,-2.3313825e-05,-0.04172009,0.25651306,2.258553,0.5915091,7.503205,0.6660586,3.1129084,0.0,11.733778,-4.6274514,0.8981481,92.470535,1.0,0.0,0.0,0.0,0.0,0,6.136302,0.0,8.563925,0.0,3.9762452,16.730042,0.16905922,5.7849526,0.0,13.632278
2,204,205.0,10.0,1.0,1.0,185.0,1.0,1.0,1.0,0.9999611,1.0,-0.0,0.0,-3.893215e-05,-0.0,0.22341646,1.932811,0.64881366,4.872609,0.6969738,1.4066432,1.0,11.487016,-7.917879,0.8981481,92.511154,1.0,0.0,0.0,0.0,0.0,0,6.246882,0.0,5.7286625,0.0,3.4434156,12.923142,0.0,8.264801,0.0,11.869834
3,204,205.0,10.0,1.0,1.0,185.0,1.0,1.0,1.0,0.9630018,1.0,-0.0,0.0,-2.5555395e-05,-0.036972668,0.092870556,2.0124328,0.7415296,7.2183595,0.65243995,4.084395,0.0,11.650952,-6.365611,0.9027778,90.262184,1.0,0.0,0.0,0.0,0.0,0,5.8248243,0.0,5.785122,0.0,3.7779927,17.024847,0.0,4.9768577,0.0,15.907427
0,205,206.0,10.0,1.0,1.0,187.0,1.0,1.0,1.0,0.99308944,1.0,-0.0,0.0,-1.6550654e-05,-0.0068940017,0.23311302,1.9687485,0.49748436,5.4136395,0.8628509,1.6187843,0.0,10.860765,-5.242596,0.8981481,93.767426,1.0,0.0,0.0,0.0,0.0,0,5.305264,0.0,6.0502563,0.0,3.4556675,16.890526,0.0,5.4954996,0.0,11.821941
1,205,206.0,10.0,1.0,1.0,187.0,1.0,1.0,1.0,0.9578847,1.0,-0.0,0.0,-9.512429e-06,-0.042105712,0.24702139,2.1611345,0.5885528,7.526342,0.674647,3.051961,0.0,11.836777,-3.968249,0.8981481,93.34849,1.0,0.0,0.0,0.0,0.0,0,5.8956075,0.0,6.3321095,0.0,3.7708337,17.215893,0.0,5.927468,0.0,13.782685
2,205,206.0,10.0,1.0,1.0,186.0,1.0,1.0,1.0,0.9862919,1.0,-0.0,0.0,-2.799422e-05,-0.013680072,0.28009975,2.3671894,0.5721962,5.8208036,0.7059523,1.3002349,0.0,11.918808,-5.971793,0.8981481,92.7599,1.0,0.0,0.0,0.0,0.0,0,6.5229664,0.0,7.013118,0.0,4.604178,13.213012,0.0,7.8287735,0.0,12.05728
3,205,206.0,10.0,1.0,1.0,186.0,1.0,1.0,1.0,0.9533452,1.0,-0.0,0.0,-1.7239545e-05,-0.046637613,0.22693686,2.303058,0.69411814,7.7982564,0.6666514,4.1073313,0.0,11.826099,-3.8851984,0.9027778,90.62146,1.0,0.0,0.0,0.0,0.0,0,6.1139007,0.0,7.396441,0.0,5.032021,17.386433,0.0,4.956281,0.0,16.005068
0,206,207.0,10.0,1.0,1.0,188.0,1.0,1.0,1.0,0.9636902,1.0,-0.0,0.0,-1.717918e-05,-0.03629261,0.051921606,2.826682,0.47627324,7.177556,0.8749591,1.5029479,0.0,12.101866,-7.493358,0.8981481,94.37325,1.0,0.0,0.0,0.0,0.0,0,8.690219,0.0,7.6991925,0.0,5.778425,17.330088,0.0,5.2721777,0.0,12.004885
1,206,207.0,10.0,1.0,1.0,188.0,1.0,1.0,1.0,0.94129133,1.0,-0.0,0.0,-1.51835575e-05,-0.058693495,0.1086846,2.847926,0.5657948,8.521609,0.6846295,3.0790281,0.0,12.597515,-4.7294974,0.9027778,93.7844,1.0,0.0,0.0,0.0,0.0,0,7.7597365,0.0,8.386186,0.0,5.9631767,17.205988,0.0,5.6376753,0.0,13.826393
2,206,207.0,10.0,1.0,1.0,187.0,1.0,1.0,1.0,0.988667,1.0,-0.0,0.0,-1.5609683e-05,-0.011317388,0.29175097,2.1478972,0.57895625,5.679043,0.7129134,1.1981034,0.0,12.079595,-5.516019,0.8981481,93.78019,1.0,0.0,0.0,0.0,0.0,0,6.789864,0.0,5.734106,0.0,3.5791252,13.470379,0.0,8.306415,0.0,12.067728
3,206,207.0,10.0,1.0,1.0,187.0,1.0,1.0,1.0,0.9547693,1.0,-0.0,0.0,-1.039379e-05,-0.045220334,0.2811905,2.1608818,0.69774824,7.7132196,0.6712491,4.11076,0.0,11.989968,-2.740265,0.9027778,91.57022,1.0,0.0,0.0,0.0,0.0,0,5.851358,0.0,5.9582586,0.0,3.667664,17.789433,0.0,5.0821204,0.0,15.984609
0,207,208.0,10.0,1.0,1.0,189.0,1.0,1.0,1.0,0.9747921,1.0,-0.0,0.0,-1.7857988e-05,-0.025190007,0.08099172,2.7917283,0.44907182,6.5113997,0.87164754,1.5626917,0.0,11.351056,-6.6744957,0.8981481,94.71396,1.0,0.0,0.0,0.0,0.0,0,5.545249,0.0,5.828379,0.0,3.2989576,17.22828,0.0,5.1971865,0.0,12.002926
1,207,208.0,10.0,1.0,1.0,189.0,1.0,1.0,1.0,0.94746685,1.0,-0.0,0.0,-1.3507501e-05,-0.05251964,0.15214291,2.8794832,0.5769418,8.151178,0.680832,3.1342096,0.0,11.996871,-4.2022896,0.9027778,94.09068,1.0,0.0,0.0,0.0,0.0,0,6.1842713,0.0,6.1206336,0.0,4.258664,17.726328,0.0,6.009504,0.0,13.903483
2,207,208.0,10.0,1.0,1.0,188.0,1.0,1.0,1.0,0.96662796,1.0,-0.0,0.0,-1.8002484e-05,-0.033354055,0.18668622,2.9451637,0.53500175,7.0012426,0.7221654,1.1669954,0.0,13.0386715,-6.932146,0.8981481,94.3346,1.0,0.0,0.0,0.0,0.0,0,10.06873,0.0,7.61816,0.0,4.8926425,14.085229,0.0,7.4537807,0.0,12.032885
3,207,208.0,10.0,1.0,1.0,188.0,1.0,1.0,1.0,0.9348127,1.0,-0.0,0.0,-1.4569289e-05,-0.06517271,0.1429336,2.893292,0.6497885,8.910362,0.67959726,4.20453,0.0,12.7546215,-3.5747344,0.9074074,92.05602,1.0,0.0,0.0,0.0,0.0,0,9.11591,0.0,7.517747,0.0,5.1588078,18.591787,0.0,4.911903,0.0,16.302404
0,208,209.0,10.0,1.0,1.0,190.0,1.0,1.0,1.0,0.96359617,1.0,-0.0,0.0,-1.6681603e-05,-0.036387134,0.19330792,3.0001423,0.46722707,7.1832275,0.8814317,1.5034686,0.0,11.923587,-5.926364,0.8981481,94.84829,1.0,0.0,0.0,0.0,0.0,0,6.370239,0.0,8.640732,0.0,4.295423,17.408386,0.0,5.0165887,0.0,12.200031
1,208,209.0,10.0,1.0,1.0,190.0,1.0,1.0,1.0,0.94258857,1.0,-0.0,0.0,-1.5476666e-05,-0.057395928,0.26734883,2.9855545,0.5756671,8.443755,0.6856149,3.1441839,0.0,12.381358,-3.1053004,0.9027778,94.22477,1.0,0.0,0.0,0.0,0.0,0,6.564609,0.0,8.477403,0.0,4.7209754,17.640705,0.0,5.788354,0.0,14.148302
2,208,209.0,10.0,1.0,1.0,189.0,1.0,1.0,1.0,0.9871174,1.0,-0.0,0.0,-1.5255951e-05,-0.012867308,0.30185506,2.8462133,0.53237,5.772038,0.7185822,1.2020167,0.0,11.881047,-5.1101503,0.8981481,94.74129,1.0,0.0,0.0,0.0,0.0,0,6.525309,0.0,5.688463,0.0,3.7949579,13.868351,0.0,7.931397,0.0,12.2239485
3,208,209.0,10.0,1.0,1.0,189.0,1.0,1.0,1.0,0.94363064,1.0,-0.0,0.0,-1.3283926e-05,-0.05635609,0.17675795,2.8839524,0.6795709,8.381365,0.6793083,4.2260733,0.0,12.132842,-3.0259593,0.9074074,92.40319,1.0,0.0,0.0,0.0,0.0,0,6.01683,0.0,5.4660606,0.0,3.652874,18.207958,0.0,5.040035,0.0,16.237179
0,209,210.0,10.0,1.0,1.0,191.0,1.0,1.0,1.0,0.97141784,1.0,-0.0,0.0,-1.1155532e-05,-0.028571008,0.24832599,3.1562097,0.44610196,6.71426,0.8776279,1.5716815,0.0,11.279885,-4.939531,0.8981481,95.14718,1.0,0.0,0.0,0.0,0.0,0,5.418364,0.0,6.445216,0.0,3.5998025,17.511057,0.0,5.129122,0.0,12.546648
1,209,210.0,10.0,1.0,1.0,191.0,1.0,1.0,1.0,0.94533205,1.0,-0.0,0.0,-1.0805993e-05,-0.054657135,0.3188569,3.186467,0.5884586,8.279428,0.68490154,3.2206807,0.0,11.931402,-3.0576763,0.9027778,94.54875,1.0,0.0,0.0,0.0,0.0,0,6.127684,0.0,6.501616,0.0,4.1863837,18.003551,0.0,5.5163655,0.0,14.204005
2,209,210.0,10.0,1.0,1.0,190.0,1.0,1.0,1.0,0.97138554,1.0,-0.0,0.0,-1.4296052e-05,-0.028600164,0.30597746,3.0526302,0.53017414,6.7160096,0.71961963,1.2335106,0.0,12.811761,-5.633859,0.8981481,94.87055,1.0,0.0,0.0,0.0,0.0,0,7.814629,0.0,6.4041514,0.0,4.29886,13.897206,0.0,7.74267,0.0,12.34527
3,209,210.0,10.0,1.0,1.0,190.0,1.0,1.0,1.0,0.9369141,1.0,-0.0,0.0,-1.6335822e-05,-0.06306955,0.2373118,3.0185022,0.6643671,8.784173,0.685573,4.242344,0.0,12.624278,-2.621143,0.9074074,92.530365,1.0,0.0,0.0,0.0,0.0,0,7.895591,0.0,7.0998034,0.0,5.503673,18.393696,0.0,4.740649,0.0,16.282045
0,210,211.0,10.0,1.0,1.0,192.0,1.0,1.0,1.0,0.9723802,1.0,-0.0,0.0,-1.1256993e-05,-0.027608506,0.28094238,3.101038,0.453193,6.65651,0.871681,1.6570141,0.0,11.387574,-4.800306,0.8981481,95.25187,1.0,0.0,0.0,0.0,0.0,0,5.2291713,0.0,6.1078053,0.0,3.5454757,17.517683,0.0,5.0794306,0.0,12.668436
1,210,211.0,10.0,1.0,1.0,192.0,1.0,1.0,1.0,0.9455889,1.0,-0.0,0.0,-1.1240421e-05,-0.05439985,0.29025263,3.1442046,0.5880835,8.26399,0.6850508,3.2554917,0.0,12.151043,-3.5788743,0.9027778,94.65389,1.0,0.0,0.0,0.0,0.0,0,5.8527155,0.0,6.3394914,0.0,3.94157,17.817612,0.0,5.337984,0.0,14.284636
2,210,211.0,10.0,1.0,1.0,191.0,1.0,1.0,1.0,0.986649,1.0,-0.0,0.0,-1.0054148e-05,-0.013340939,0.4042536,3.1295288,0.5260045,5.800456,0.7187824,1.2820488,0.0,11.805202,-4.2039447,0.8981481,95.181915,1.0,0.0,0.0,0.0,0.0,0,6.1319814,0.0,6.1831293,0.0,4.380907,14.046425,0.0,7.8518596,0.0,12.34673
3,210,211.0,10.0,1.0,1.0,191.0,1.0,1.0,1.0,0.941682,1.0,-0.0,0.0,-9.635973e-06,-0.058308385,0.30562395,3.190906,0.68416685,8.498503,0.6889441,4.2452955,0.0,12.108656,-2.590862,0.9074074,92.86307,1.0,0.0,0.0,0.0,0.0,0,6.012004,0.0,6.064485,0.0,3.9429648,18.618084,0.0,4.806171,0.0,16.331226
0,211,212.0,10.0,1.0,1.0,193.0,1.0,1.0,1.0,0.9792265,1.0,-0.0,0.0,-1.1322261e-05,-0.02076216,0.43639576,3.1576943,0.43274382,6.245729,0.84839034,2.1184962,0.0,10.228124,-3.0980353,0.8981481,95.47267,1.0,0.0,0.0,0.0,0.0,0,4.326668,0.0,9.479851,0.0,5.65214,18.30543,0.0,5.2438154,0.0,13.340929
1,211,212.0,10.0,1.0,1.0,193.0,1.0,1.0,1.0,0.9545518,1.0,-0.0,0.0,-1.1356242e-05,-0.045436796,0.41313952,3.1926875,0.6356979,7.7262073,0.6819494,3.3190715,0.0,11.050773,-2.3220406,0.9027778,94.979576,1.0,0.0,0.0,0.0,0.0,0,4.656861,0.0,10.57144,0.0,4.108745,18.085209,0.0,5.412494,0.0,14.592
2,211,212.0,10.0,1.0,1.0,192.0,1.0,1.0,1.0,0.9873493,1.0,-0.0,0.0,-9.775667e-06,-0.012640944,0.39426312,3.1256628,0.53629255,5.758456,0.7192845,1.2832693,0.0,11.865777,-4.4244742,0.8981481,95.27632,1.0,0.0,0.0,0.0,0.0,0,5.930536,0.0,6.022156,0.0,4.098183,14.007176,0.0,7.9499974,0.0,12.51975
3,211,212.0,10.0,1.0,1.0,192.0,1.0,1.0,1.0,0.9419965,1.0,-0.0,0.0,-1.1922164e-05,-0.05799155,0.28470272,3.1505768,0.68153477,8.479492,0.6932312,4.230147,0.0,12.2928095,-3.124673,0.9074074,92.96602,1.0,0.0,0.0,0.0,0.0,0,6.0151086,0.0,5.9332194,0.0,3.862088,18.509493,0.0,4.619512,0.0,16.561348
0,212,213.0,10.0,1.0,1.0,194.0,1.0,1.0,1.0,0.97736955,1.0,-0.0,0.0,-8.401903e-06,-0.022622034,0.45954436,3.0504093,0.4281559,6.3573217,0.8532779,2.1047814,0.0,10.532818,-3.2092695,0.8981481,95.566414,1.0,0.0,0.0,0.0,0.0,0,4.836396,0.0,5.6538925,0.0,3.8145642,17.892204,0.0,4.7688737,0.0,11.96492
1,212,213.0,10.0,1.0,1.0,194.0,1.0,1.0,1.0,0.9501474,1.0,-0.0,0.0,-1.0115263e-05,-0.049842507,0.48606658,3.1195152,0.6151982,7.99055,0.688208,3.264616,0.0,11.521211,-1.8532071,0.9027778,95.00765,1.0,0.0,0.0,0.0,0.0,0,6.2987347,0.0,6.055464,0.0,3.7456405,18.044632,0.0,5.473914,0.0,14.468077
2,212,213.0,10.0,1.0,1.0,193.0,1.0,1.0,1.0,0.9923157,1.0,-0.0,0.0,-1.027015e-05,-0.007674045,0.4899066,3.173017,0.52596045,5.460442,0.69889593,1.4961625,0.0,11.087025,-3.7967749,0.8981481,95.50811,1.0,0.0,0.0,0.0,0.0,0,5.095555,0.0,8.095987,0.0,4.7667713,14.479848,0.0,7.75145,0.0,12.713516
3,212,213.0,10.0,1.0,1.0,193.0,1.0,1.0,1.0,0.9477817,1.0,-0.0,0.0,-1.1315141e-05,-0.052206963,0.3163513,3.2537553,0.7149504,8.132418,0.69856143,4.220698,0.0,11.415525,-2.7095778,0.9074074,93.36111,1.0,0.0,0.0,0.0,0.0,0,3.7101407,0.0,9.672339,0.0,4.311533,18.696829,0.0,5.3871665,0.0,17.44632
0,213,214.0,10.0,1.0,1.0,195.0,1.0,1.0,1.0,0.9748199,1.0,-0.0,0.0,-8.137853e-06,-0.025171965,0.5540192,3.1087663,0.45220912,6.5103173,0.8296467,2.699754,0.0,9.730598,-2.4960217,0.8981481,95.76529,1.0,0.0,0.0,0.0,0.0,0,4.1058116,3.7938087,9.021657,0.0,5.153472,16.4591,0.0,4.583006,0.0,11.584276
1,213,214.0,10.0,1.0,1.0,195.0,1.0,1.0,1.0,0.95172983,1.0,-0.0,0.0,-8.76735e-06,-0.048261378,0.59694123,3.1347961,0.7105612,7.895682,0.6880935,3.3299026,0.0,10.260806,-1.5196502,0.9027778,95.21876,1.0,0.0,0.0,0.0,0.0,0,5.2001014,0.0,12.514238,0.0,6.3797174,17.859304,0.0,5.0992236,0.0,15.01949
2,213,214.0,10.0,1.0,1.0,194.0,1.0,1.0,1.0,0.98889357,1.0,-0.0,0.0,-9.867643e-06,-0.011096539,0.4284289,3.0609715,0.51538754,5.665792,0.7062969,1.4461514,0.0,11.514694,-4.6514077,0.8981481,95.60319,1.0,0.0,0.0,0.0,0.0,0,5.83314,0.0,5.5333414,0.0,3.4004972,14.034902,0.0,7.325095,0.0,12.391002
3,213,214.0,10.0,1.0,1.0,194.0,1.0,1.0,1.0,0.94410217,1.0,-0.0,0.0,-9.896482e-06,-0.055887964,0.468323,3.1871147,0.6953946,8.353277,0.7043325,4.1905417,0.0,11.790521,-1.4680345,0.9074074,93.37514,1.0,0.0,0.0,0.0,0.0,0,5.7792425,0.0,5.986847,0.0,3.7929301,18.852343,0.0,5.0193877,0.0,17.037518
0,214,215.0,10.0,1.0,1.0,196.0,1.0,1.0,1.0,0.97136605,1.0,-0.0,0.0,-1.04802575e-05,-0.02862348,0.61769223,3.0985477,0.44274962,6.717408,0.82797736,2.7628038,0.0,9.728174,-2.8651469,0.8981481,95.99436,1.0,0.0,0.0,0.0,0.0,0,4.9100885,3.9293432,9.6967745,0.0,4.6002703,17.223232,0.0,4.458411,0.0,12.02154
1,214,215.0,10.0,1.0,1.0,196.0,1.0,1.0,1.0,0.9485188,1.0,-0.0,0.0,-1.1519812e-05,-0.051469687,0.6193865,3.2704382,0.66269475,8.088181,0.69179267,3.273715,0.0,10.484902,-2.741089,0.9027778,95.61565,1.0,0.0,0.0,0.0,0.0,0,5.405826,0.0,8.146038,0.0,4.4083347,17.249128,0.0,5.4085307,0.0,13.705181
2,214,215.0,10.0,1.0,1.0,195.0,1.0,1.0,1.0,0.9838832,1.0,-0.0,0.0,-9.747769e-06,-0.016106995,0.5959153,3.089345,0.5085594,5.966419,0.6978104,1.4188318,0.0,10.464032,-3.4666965,0.8981481,95.76699,1.0,0.0,0.0,0.0,0.0,0,4.5266013,2.4820547,10.167186,0.0,6.1334133,14.361102,0.0,7.647929,0.26195896,11.234138
3,214,215.0,10.0,1.0,1.0,195.0,1.0,1.0,1.0,0.95356166,1.0,-0.0,0.0,-8.44489e-06,-0.046429876,0.5414117,3.2004092,0.78050923,7.785792,0.7025254,4.202295,0.0,10.50251,-1.440282,0.9074074,93.66129,1.0,0.0,0.0,0.0,0.0,0,3.8443456,0.0,11.207879,0.0,7.0303307,18.890482,0.0,4.440147,0.0,17.233828
0,215,216.0,10.0,1.0,1.0,197.0,1.0,1.0,1.0,0.9758748,1.0,-0.0,0.0,-6.8789477e-06,-0.024118358,0.6995637,3.1334069,0.46119457,6.447101,0.83218443,2.9642668,0.0,9.461489,-3.8153334,0.8981481,96.37916,1.0,0.0,0.0,0.0,0.0,0,4.374176,5.3501916,10.223637,0.0,5.031198,18.763796,0.0,4.811937,0.0,12.291576
1,215,216.0,10.0,1.0,1.0,197.0,1.0,1.0,1.0,0.9526075,1.0,-0.0,0.0,-7.0130873e-06,-0.047385447,0.6560482,3.2298431,0.68446964,7.8431263,0.6913812,3.2782552,0.0,10.361373,-3.8088784,0.9027778,95.88834,1.0,0.0,0.0,0.0,0.0,0,5.001421,0.0,9.371941,0.0,4.455276,18.50996,0.0,5.1619835,0.0,14.042203
2,215,216.0,10.0,1.0,1.0,196.0,1.0,1.0,1.0,0.98352987,1.0,-0.0,0.0,-9.4433435e-06,-0.016460713,0.6529212,3.1487637,0.5037484,5.9876423,0.6986463,1.3240948,0.0,10.40868,-4.5291595,0.8981481,96.1172,1.0,0.0,0.0,0.0,0.0,0,5.193736,1.3672916,8.527607,0.0,4.842144,14.565016,0.0,8.796418,1.4381261,11.534431
3,215,216.0,10.0,1.0,1.0,196.0,1.0,1.0,1.0,0.9509962,1.0,-0.0,0.0,-1.0299027e-05,-0.048993472,0.59209096,3.3082805,0.7458971,7.9396076,0.7057477,4.169191,0.0,10.733225,-2.6028883,0.9074074,94.03787,1.0,0.0,0.0,0.0,0.0,0,5.1535316,0.0,7.642633,0.0,4.8759184,18.663765,0.0,4.6239476,0.0,15.986781
0,216,217.0,10.0,1.0,1.0,198.0,1.0,1.0,1.0,0.9806576,1.0,-0.0,0.0,-1.0997275e-05,-0.0193314,0.8450959,3.1941426,0.49122983,6.1598835,0.8461436,2.518864,0.0,9.069518,-3.3412938,0.8981481,96.96947,1.0,0.0,0.0,0.0,0.0,0,4.740606,6.007641,10.856414,0.0,5.4003673,15.083134,0.0,5.3681545,0.0,12.255559
1,216,217.0,10.0,1.0,1.0,198.0,1.0,1.0,1.0,0.952978,1.0,-0.0,0.0,-9.884972e-06,-0.04701208,0.79292953,3.3154469,0.6986454,7.820724,0.69821185,3.3411674,0.0,10.076906,-2.4782596,0.9027778,96.45916,1.0,0.0,0.0,0.0,0.0,0,4.7852297,0.0,9.661995,0.0,5.1535897,17.532455,0.0,5.561351,0.0,14.060556
2,216,217.0,10.0,1.0,1.0,197.0,1.0,1.0,1.0,0.98844075,1.0,-0.0,0.0,-7.752937e-06,-0.011551493,0.7258639,3.1056967,0.5398628,5.693089,0.70145845,1.3352789,0.0,10.289524,-5.5885844,0.8981481,96.418785,1.0,0.0,0.0,0.0,0.0,0,4.95792,1.9448198,9.576447,0.0,4.1879997,15.576856,0.0,9.128836,1.7232662,12.458365
3,216,217.0,10.0,1.0,1.0,197.0,1.0,1.0,1.0,0.9503586,1.0,-0.0,0.0,-6.545943e-06,-0.04963484,0.5767092,3.26049,0.75087154,7.97809,0.70505136,4.1573443,0.0,10.769308,-3.7162583,0.9074074,94.2682,1.0,0.0,0.0,0.0,0.0,0,4.866338,0.0,8.266691,0.0,4.1595817,17.931229,0.0,5.214593,0.0,16.372086
0,217,218.0,10.0,1.0,1.0,199.0,1.0,1.0,1.0,0.98760974,1.0,-0.0,0.0,-1.4816034e-05,-0.012375427,0.7934425,3.0280561,0.5109352,5.742525,0.8552084,2.4118679,0.0,9.31766,-4.2630715,0.8981481,97.183205,1.0,0.0,0.0,0.0,0.0,0,4.640656,6.5840445,11.641418,0.0,4.861257,15.877621,0.0,5.443051,0.0,12.316704
1,217,218.0,10.0,1.0,1.0,199.0,1.0,1.0,1.0,0.9576818,1.0,-0.0,0.0,-1.3172753e-05,-0.042305026,0.7125881,3.161215,0.6964202,7.538301,0.7041924,3.3390582,0.0,10.35216,-3.4945383,0.9027778,96.68595,1.0,0.0,0.0,0.0,0.0,0,4.8092046,0.0,10.105157,0.0,4.119284,19.74001,0.0,5.739294,0.0,14.667846
2,217,218.0,10.0,1.0,1.0,198.0,1.0,1.0,1.0,0.994239,1.0,-0.0,0.0,-1.4480745e-05,-0.0057465513,0.82821065,3.2046847,0.5847799,5.344793,0.7068921,1.3199505,0.0,9.980361,-4.0207915,0.8981481,97.09328,1.0,0.0,0.0,0.0,0.0,0,4.33196,2.3670292,10.030894,0.0,4.5065722,15.931484,0.0,9.194465,2.1343105,12.27809
3,217,218.0,10.0,1.0,1.0,198.0,1.0,1.0,1.0,0.952227,1.0,-0.0,0.0,-8.557711e-06,-0.04776441,0.762751,3.3774931,0.7693758,7.865864,0.70937264,4.207508,0.0,10.366518,-1.7656823,0.9074074,94.90561,1.0,0.0,0.0,0.0,0.0,0,4.922497,0.0,10.232825,0.0,5.842203,19.797815,0.0,5.4506946,0.0,17.00297
0,218,219.0,10.0,1.0,1.0,200.0,1.0,1.0,1.0,0.9881921,1.0,-0.0,0.0,-1.6034053e-05,-0.011791874,0.7675845,3.0675101,0.54208016,5.707512,0.8559816,2.5848126,0.0,9.096775,-3.9330842,0.8981481,97.73844,1.0,0.0,0.0,0.0,0.0,0,4.233484,7.0428286,12.731808,0.0,4.1005697,15.648212,0.0,5.8431416,0.978345,11.60602
1,218,219.0,10.0,1.0,1.0,200.0,1.0,1.0,1.0,0.9581038,1.0,-0.0,0.0,-1.267126e-05,-0.041883517,0.77846086,3.13343,0.76347953,7.5130105,0.70151633,3.397853,0.0,9.783677,-2.5912952,0.9027778,97.16722,1.0,0.0,0.0,0.0,0.0,0,3.9890378,0.0,11.456187,0.0,4.913334,19.74211,0.0,6.1728497,1.3794463,13.388193
2,218,219.0,10.0,1.0,1.0,199.0,1.0,1.0,1.0,0.99998003,1.0,-0.0,0.0,-1.9987421e-05,-0.0,0.78964496,2.9229057,0.659349,4.7591357,0.7123712,1.2611208,1.0,10.218752,-4.9598737,0.8981481,97.196915,1.0,0.0,0.0,0.0,0.0,0,4.849007,2.1060169,10.154709,0.0,4.8656898,16.551489,0.0,9.211558,2.4613025,11.544533
3,218,219.0,10.0,1.0,1.0,199.0,1.0,1.0,1.0,0.9562858,1.0,-0.0,0.0,-1.2545997e-05,-0.043701686,0.65881014,3.2335083,0.7686946,7.6221004,0.7148421,4.19409,0.0,10.693157,-2.9895556,0.9074074,95.144135,1.0,0.0,0.0,0.0,0.0,0,4.84512,0.0,9.465651,0.0,4.0838103,20.898369,0.0,5.0092025,0.0,15.857813
0,219,220.0,10.0,1.0,1.0,201.0,1.0,1.0,1.0,0.9930572,1.0,-0.0,0.0,-2.229924e-05,-0.0069205114,0.68512225,2.8823862,0.51573986,5.4152303,0.8651598,2.3795218,0.0,9.510952,-4.7763743,0.8981481,98.063835,1.0,0.0,0.0,0.0,0.0,0,5.478095,6.8343954,12.662436,0.0,4.768064,16.578009,0.0,5.995993,1.6486233,11.848093
1,219,220.0,10.0,1.0,1.0,201.0,1.0,1.0,1.0,0.9649832,1.0,-0.0,0.0,-2.0565349e-05,-0.034996197,0.60473645,2.9732265,0.7005936,7.099771,0.70987856,3.2031333,0.0,10.383452,-4.135688,0.9027778,97.50002,1.0,0.0,0.0,0.0,0.0,0,5.6170607,0.0,9.763195,0.0,4.8476915,20.315742,0.0,5.40947,1.3793914,13.185815
2,219,220.0,10.0,1.0,1.0,200.0,1.0,1.0,1.0,0.9999807,1.0,-0.0,0.0,-1.9313047e-05,-0.0,0.7076793,2.9482512,0.71307164,4.8158817,0.7117587,1.0616356,1.0,10.01563,-5.8291526,0.8981481,97.73368,1.0,0.0,0.0,0.0,0.0,0,5.0274825,5.0023785,11.024503,0.0,5.7419024,18.400793,0.0,9.62021,3.5004227,12.261148
3,219,220.0,10.0,1.0,1.0,200.0,1.0,1.0,1.0,0.9572269,1.0,-0.0,0.0,-1.3476997e-05,-0.04275963,0.73154455,3.206395,0.837819,7.5655775,0.7044,3.998389,0.0,10.009128,-2.3613646,0.9074074,95.622185,1.0,0.0,0.0,0.0,0.0,0,5.0219707,0.0,11.883944,0.0,6.28986,17.436075,0.0,5.629567,2.1521344,15.881758
0,220,221.0,10.0,1.0,1.0,202.0,1.0,1.0,1.0,0.98811567,1.0,-0.0,0.0,-1.9315836e-05,-0.011865013,0.6432783,3.0016534,0.5676424,5.7119,0.8679259,2.2824774,0.0,9.066159,-5.115684,0.8981481,98.68496,1.0,0.0,0.0,0.0,0.0,0,4.454025,8.814855,12.020647,0.0,5.579709,15.667112,0.0,6.069362,1.698467,11.441294
1,220,221.0,10.0,1.0,1.0,202.0,1.0,1.0,1.0,0.95982224,1.0,-0.0,0.0,-1.5770767e-05,-0.040161967,0.62195694,2.98212,0.78483206,7.4097176,0.70141226,3.0259454,0.0,9.733568,-4.8809767,0.9027778,98.00471,1.0,0.0,0.0,0.0,0.0,0,4.8461714,0.0,12.26507,0.0,5.001423,16.500364,0.0,6.2537365,1.2671162,13.485077
2,220,221.0,10.0,1.0,1.0,201.0,1.0,1.0,1.0,0.99998355,1.0,-0.0,0.0,-1.6445425e-05,-0.0,0.6839782,2.6606803,0.81659275,4.202295,0.71020097,1.2091582,1.0,10.416994,-6.141266,0.8981481,97.89682,1.0,0.0,0.0,0.0,0.0,0,6.3515954,0.0,8.901541,0.0,1.9928836,17.96476,0.0,9.209972,2.2969368,11.625498
3,220,221.0,10.0,1.0,1.0,201.0,1.0,1.0,1.0,0.96114695,1.0,-0.0,0.0,-1.9484653e-05,-0.03883355,0.5648576,3.040008,0.7777187,7.330013,0.7162819,3.9455695,0.0,10.706033,-3.9639409,0.9074074,95.96846,1.0,0.0,0.0,0.0,0.0,0,5.893011,0.0,10.040176,0.0,4.0211616,17.390495,0.0,5.8628607,1.9691173,16.187185
0,221,222.0,10.0,1.0,1.0,203.0,1.0,1.0,1.0,0.99531966,1.0,-0.0,0.0,-3.441747e-05,-0.0046459516,0.52324796,2.6001563,0.57524854,5.2787566,0.8788567,2.0528207,0.0,9.566511,-7.0640745,0.8981481,99.03855,1.0,0.0,0.0,0.0,0.0,0,6.531387,5.589293,12.254666,0.0,4.316904,15.670608,0.0,6.090879,1.0939465,11.922718
1,221,222.0,10.0,1.0,1.0,203.0,1.0,1.0,1.0,0.96573126,1.0,-0.0,0.0,-2.691029e-05,-0.034241837,0.4607085,2.692773,0.70967835,7.0545096,0.7057717,2.9131246,0.0,10.436053,-6.2502847,0.9027778,98.439064,1.0,0.0,0.0,0.0,0.0,0,6.290757,0.0,10.993404,0.0,4.5642285,18.448048,0.0,6.685194,1.4208016,13.751806
2,221,222.0,10.0,1.0,1.0,202.0,1.0,1.0,1.0,0.9999794,1.0,-0.0,0.0,-2.0605035e-05,-0.0,0.6284803,2.8301945,0.8569787,4.652157,0.71239007,1.4687072,1.0,10.085257,-5.607767,0.8981481,98.52329,1.0,0.0,0.0,0.0,0.0,0,5.2187366,2.0377238,8.599735,0.0,4.8762865,16.053741,0.0,8.907467,1.9940677,11.386807
3,221,222.0,10.0,1.0,1.0,202.0,1.0,1.0,1.0,0.9580859,1.0,-0.0,0.0,-1.6662663e-05,-0.04189742,0.6066855,3.1409473,0.8447342,7.5138445,0.7204611,3.9070888,0.0,9.942634,-3.6332552,0.9074074,96.59025,1.0,0.0,0.0,0.0,0.0,0,4.124031,0.0,12.565099,0.0,4.5489583,18.296003,0.0,6.5920835,2.3183048,16.22994
0,222,223.0,10.0,1.0,1.0,204.0,1.0,1.0,1.0,0.9813035,1.0,-0.0,0.0,-2.6115571e-05,-0.018670358,0.5992066,2.734276,0.6117603,6.120221,0.8687607,2.579356,0.0,9.230162,-5.303409,0.8981481,99.61074,1.0,0.0,0.0,0.0,0.0,0,6.5547376,5.6180143,13.674307,0.0,4.919422,15.309499,0.0,6.1702385,1.5198958,12.18806
1,222,223.0,10.0,1.0,1.0,204.0,1.0,1.0,1.0,0.95015126,1.0,-0.0,0.0,-2.2597686e-05,-0.04982616,0.55812114,2.7629132,0.7710357,7.9895687,0.7041397,2.9603033,0.0,9.714907,-4.727276,0.9027778,98.95014,1.0,0.0,0.0,0.0,0.0,0,7.051806,1.8418304,14.959987,0.0,6.0313935,16.23126,0.0,7.2004867,1.6172088,13.26634
2,222,223.0,10.0,1.0,1.0,203.0,1.0,1.0,1.0,0.9999646,1.0,-0.0,0.0,-3.5386358e-05,-0.0,0.6432619,2.2845333,0.99387866,4.43205,0.7232203,1.4697727,1.0,10.449976,-6.9696774,0.8981481,98.7994,1.0,0.0,0.0,0.0,0.0,0,6.655856,0.0,10.623744,0.0,4.093193,16.592995,0.0,9.442235,2.9090028,11.923335
3,222,223.0,10.0,1.0,1.0,203.0,1.0,1.0,1.0,0.9635865,1.0,-0.0,0.0,-3.182847e-05,-0.036381684,0.4002806,2.8572354,0.78196454,7.1829004,0.7264479,3.9160943,0.0,10.752408,-5.847128,0.9074074,97.01985,1.0,0.0,0.0,0.0,0.0,0,6.041849,0.0,10.339611,0.0,4.6901207,17.254143,0.0,6.6709733,2.6650662,15.983156
0,223,224.0,10.0,1.0,1.0,205.0,1.0,1.0,1.0,0.9955382,1.0,-0.0,0.0,-4.357745e-05,-0.0044182357,0.44460967,2.2351022,0.6406535,5.265094,0.8735723,2.6685507,0.0,9.697891,-7.424104,0.8981481,100.051056,1.0,0.0,0.0,0.0,0.0,0,7.4315553,2.6096032,9.936835,0.0,4.650751,15.791775,0.0,6.4940524,2.570727,11.71291
1,223,224.0,10.0,1.0,1.0,205.0,1.0,1.0,1.0,0.9617418,1.0,-0.0,0.0,-3.3453107e-05,-0.038224768,0.25706476,2.528509,0.67005295,7.2934856,0.72018903,2.868446,0.0,10.892907,-8.173548,0.9027778,99.36469,1.0,0.0,0.0,0.0,0.0,0,8.052076,0.0,10.241093,0.0,2.1017976,16.150724,0.0,7.3947163,1.9327749,14.048681
2,223,224.0,10.0,1.0,1.0,204.0,1.0,1.0,1.0,0.99181384,1.0,-0.0,0.0,-2.1091564e-05,-0.008165035,0.6878901,2.4955442,1.0013041,5.4899015,0.7127716,1.9912726,0.0,10.242884,-5.173223,0.8981481,99.3883,1.0,0.0,0.0,0.0,0.0,0,5.5283794,5.983133,11.65543,0.0,4.3137326,16.689182,0.0,8.884716,0.857415,12.821066
3,223,224.0,10.0,1.0,1.0,204.0,1.0,1.0,1.0,0.9496702,1.0,-0.0,0.0,-2.7387872e-05,-0.05030245,0.4798535,2.9063752,0.8331936,8.0181465,0.72008824,3.9142954,0.0,9.889247,-4.5395765,0.9074074,97.51348,1.0,0.0,0.0,0.0,0.0,0,6.0143595,0.0,14.081072,0.0,6.0445566,15.205344,0.0,7.0813756,3.432344,15.283118
0,224,225.0,10.0,1.0,1.0,206.0,1.0,1.0,1.0,0.986094,1.0,-0.0,0.0,-3.777408e-05,-0.0138682155,0.4784383,2.61269,0.65411466,5.8320923,0.87617403,2.960039,0.0,9.199302,-6.0711393,0.8981481,100.771965,1.0,0.0,0.0,0.0,0.0,0,7.1938086,6.489909,12.952959,0.0,5.41829,15.740544,0.0,6.6373625,2.327808,12.527253
1,224,225.0,10.0,1.0,1.0,206.0,1.0,1.0,1.0,0.9615578,1.0,-0.0,0.0,-2.9628316e-05,-0.038412556,0.34215674,2.771052,0.7244673,7.304753,0.72685856,2.8531234,0.0,10.01402,-6.526693,0.9027778,100.02016,1.0,0.0,0.0,0.0,0.0,0,6.059343,0.0,11.241536,0.0,5.1910877,16.329977,0.0,7.2313123,1.26408,13.153564
2,224,225.0,10.0,1.0,1.0,205.0,1.0,1.0,1.0,0.99919885,1.0,-0.0,0.0,-4.043439e-05,-0.0007607392,0.59086794,1.9332694,1.0060859,4.6965413,0.7161842,2.3427243,0.0,10.548202,-6.893973,0.8981481,99.957695,1.0,0.0,0.0,0.0,0.0,0,7.7267394,1.742579,11.399981,0.0,5.3903127,18.85695,0.0,9.623621,1.0500994,13.469756
3,224,225.0,10.0,1.0,1.0,205.0,1.0,1.0,1.0,0.9525773,1.0,-0.0,0.0,-3.3895598e-05,-0.047388777,0.1337977,2.7029157,0.7125916,7.843326,0.7323594,3.8799455,0.0,11.1769705,-7.6518226,0.9074074,98.00834,1.0,0.0,0.0,0.0,0.0,0,7.8162236,0.0,8.115734,0.0,3.763884,14.327351,0.0,7.3325286,3.6117342,15.02173
0,225,226.0,10.0,1.0,1.0,207.0,1.0,1.0,1.0,0.9968397,1.0,-0.0,0.0,-5.055544e-05,-0.0031097708,0.3485419,1.9556979,0.6967733,5.186586,0.87914664,3.3540287,0.0,9.496058,-7.7252946,0.8981481,101.46643,1.0,0.0,0.0,0.0,0.0,0,6.880678,6.887191,12.148268,0.0,4.6345506,15.797679,0.0,6.454506,1.1402308,12.772662
1,225,226.0,10.0,1.0,1.0,207.0,1.0,1.0,1.0,0.96872365,1.0,-0.0,0.0,-3.6929057e-05,-0.031239377,0.158252,2.2652419,0.7144071,6.874362,0.7293669,2.8766208,0.0,10.804525,-8.4350195,0.9027778,100.645935,1.0,0.0,0.0,0.0,0.0,0,7.4008894,0.0,9.035051,0.0,4.959015,16.427153,0.0,6.510321,0.8351002,12.969916
2,225,226.0,10.0,1.0,1.0,206.0,1.0,1.0,1.0,0.98791796,1.0,-0.0,0.0,-3.6730973e-05,-0.012045337,0.55638963,2.31718,0.92944586,5.7227197,0.7204651,2.651483,0.0,10.322318,-5.9909987,0.8981481,100.63462,1.0,0.0,0.0,0.0,0.0,0,6.3290606,7.166372,12.326697,0.0,4.8333926,16.633526,0.0,10.216034,1.4210359,13.2535715
3,225,226.0,10.0,1.0,1.0,206.0,1.0,1.0,1.0,0.9540435,1.0,-0.0,0.0,-2.726665e-05,-0.04592924,0.26491284,2.8301427,0.78106815,7.7557535,0.7326252,3.8483417,0.0,10.037227,-6.3138127,0.9074074,98.56481,1.0,0.0,0.0,0.0,0.0,0,4.842029,0.0,13.013888,0.0,4.2830524,16.672737,0.0,8.3818445,4.135809,16.35462
0,226,227.0,10.0,1.0,1.0,208.0,1.0,1.0,1.0,0.9883685,1.0,-0.0,0.0,-5.9343147e-05,-0.011572119,0.3574934,2.4929497,0.67021984,5.694327,0.8738756,4.022205,0.0,9.122982,-6.0604486,0.8981481,102.18858,1.0,0.0,0.0,0.0,0.0,0,6.6378255,7.6764407,13.426677,0.0,5.608332,15.541811,0.0,6.7935386,1.2441144,13.011495
1,226,227.0,10.0,1.0,1.0,208.0,1.0,1.0,1.0,0.9635213,1.0,-0.0,0.0,-3.3433145e-05,-0.03644528,0.17831326,2.4811602,0.7444874,7.186716,0.73619366,2.8640764,0.0,10.224795,-8.115311,0.9027778,101.073364,1.0,0.0,0.0,0.0,0.0,0,6.65952,0.0,11.788902,0.0,5.1223063,16.311789,0.0,7.754608,0.8644751,13.061121
2,226,227.0,10.0,1.0,1.0,207.0,1.0,1.0,1.0,0.99996233,1.0,-0.0,0.0,-3.7664366e-05,-0.0,0.41146612,1.8073732,0.9573726,4.8780694,0.73056054,2.6547284,1.0,10.570044,-8.317853,0.8981481,101.18703,1.0,0.0,0.0,0.0,0.0,0,7.573658,2.7558563,10.319802,0.0,5.365069,17.017382,0.0,9.90866,1.4854645,12.754359
3,226,227.0,10.0,1.0,1.0,207.0,1.0,1.0,1.0,0.9638896,1.0,-0.0,0.0,-3.2518674e-05,-0.036077827,0.07030256,2.4705422,0.7618244,7.164669,0.7383542,3.8410113,0.0,11.072132,-8.125067,0.9074074,98.981186,1.0,0.0,0.0,0.0,0.0,0,6.9817863,0.0,9.652106,0.0,0.7838322,17.151928,0.0,8.6076,5.2686086,15.812151
0,227,228.0,10.0,1.0,1.0,209.0,1.0,1.0,1.0,0.9880708,1.0,-0.0,0.0,-6.41994e-05,-0.011865013,0.3536042,1.7701539,0.79139787,5.7119,0.8753897,4.1080933,0.0,9.361347,-7.7556295,0.8981481,102.87321,1.0,0.0,0.0,0.0,0.0,0,7.728799,3.4995532,11.915475,0.0,5.7787333,15.928001,0.0,6.2729278,1.4847609,12.50967
1,227,228.0,10.0,1.0,1.0,209.0,1.0,1.0,1.0,0.9689026,1.0,-0.0,0.0,-2.9014398e-05,-0.03106836,0.21169,2.084939,0.78760517,6.864101,0.7395605,2.858605,0.0,10.1861105,-7.925782,0.9027778,101.430336,1.0,0.0,0.0,0.0,0.0,0,7.411063,0.0,9.472262,0.0,4.8996105,16.673979,0.0,7.5648966,1.039002,13.002684
2,227,228.0,10.0,1.0,1.0,208.0,1.0,1.0,1.0,0.9886108,1.0,-0.0,0.0,-4.1971893e-05,-0.011347263,0.40456504,2.2516012,0.95715594,5.6808352,0.73780787,2.831643,0.0,10.401495,-7.2840376,0.8981481,101.76483,1.0,0.0,0.0,0.0,0.0,0,7.02498,7.630939,13.077975,0.0,6.0846763,17.00185,0.0,10.906201,1.801121,13.264601
3,227,228.0,10.0,1.0,1.0,208.0,1.0,1.0,1.0,0.96135664,1.0,-0.0,0.0,-3.9756407e-05,-0.038603604,0.12632626,2.6727173,0.801263,7.3162155,0.74350137,3.8572822,0.0,10.250831,-6.9361644,0.9074074,99.41214,1.0,0.0,0.0,0.0,0.0,0,5.9535885,0.0,11.461943,0.0,5.155874,17.34163,0.0,8.455009,2.7445643,16.373236
0,228,229.0,10.0,1.0,1.0,210.0,1.0,1.0,1.0,0.99154216,1.0,-0.0,0.0,-6.728369e-05,-0.008390575,0.16078465,1.9321684,0.6280906,5.503434,0.891261,4.0124617,0.0,10.517376,-9.435783,0.8981481,103.594505,1.0,0.0,0.0,0.0,0.0,0,8.963816,0.0,7.5183125,0.0,3.9099376,15.952004,0.0,7.2232566,1.6462861,13.265447
1,228,229.0,10.0,1.0,1.0,210.0,1.0,1.0,1.0,0.9543043,1.0,-0.0,0.0,-2.9340106e-05,-0.04566639,0.12975913,1.9853914,0.6363986,7.7399826,0.7455257,2.76167,0.0,11.762592,-9.954493,0.9027778,102.48345,1.0,0.0,0.0,0.0,0.0,0,9.112765,0.0,7.0525126,0.0,4.3492866,16.820667,0.0,8.662953,1.1095535,13.858761
2,228,229.0,10.0,1.0,1.0,209.0,1.0,1.0,1.0,0.98430306,1.0,-0.0,0.0,-4.81362e-05,-0.015648782,0.40264353,1.6511232,1.0507709,5.938926,0.73770314,2.851477,0.0,10.757714,-9.17064,0.8981481,102.33118,1.0,0.0,0.0,0.0,0.0,0,8.874367,4.311682,11.986893,0.0,5.5793543,16.738417,0.0,10.778921,1.9532156,12.873709
3,228,229.0,10.0,1.0,1.0,209.0,1.0,1.0,1.0,0.9700111,1.0,-0.0,0.0,-3.4563283e-05,-0.029954335,0.17679669,2.2113223,0.8636224,6.79726,0.7435165,3.867416,0.0,10.26115,-7.621887,0.9074074,99.83799,1.0,0.0,0.0,0.0,0.0,0,7.0519347,0.0,9.347229,0.0,4.969252,17.311611,0.0,8.013379,3.0736175,15.622836
0,229,230.0,10.0,1.0,1.0,211.0,1.0,1.0,1.0,0.9999428,1.0,-0.0,0.0,-5.724266e-05,-0.0,0.045897067,1.4271634,0.75644094,4.7233033,0.90136594,3.7810316,1.0,9.892726,-9.736558,0.9027778,104.78162,1.0,0.0,0.0,0.0,0.0,0,6.5975413,0.0,9.163332,0.0,3.8114176,15.138985,0.0,6.99118,1.9730086,12.490513
1,229,230.0,10.0,1.0,1.0,211.0,1.0,1.0,1.0,0.9658263,1.0,-0.0,0.0,-3.18399e-05,-0.03414188,0.018675998,1.7819898,0.70122004,7.0485125,0.7526443,2.7239995,0.0,11.126664,-9.537271,0.9074074,103.33612,1.0,0.0,0.0,0.0,0.0,0,7.263268,0.0,7.0284925,0.0,4.225719,16.380766,0.0,8.738923,1.2200905,13.559122
2,229,230.0,10.0,1.0,1.0,210.0,1.0,1.0,1.0,0.99995214,1.0,-0.0,0.0,-4.787413e-05,-0.0,0.19794106,1.6868258,0.8157808,4.8945727,0.74767673,2.9160788,1.0,10.929729,-10.345823,0.8981481,103.25136,1.0,0.0,0.0,0.0,0.0,0,11.533757,0.0,6.969815,0.0,8.597363,18.336136,0.0,11.682762,1.974276,14.035721
3,229,230.0,10.0,1.0,1.0,210.0,1.0,1.0,1.0,0.9576646,1.0,-0.0,0.0,-3.382e-05,-0.042301565,0.18166788,2.060401,0.7218854,7.5380936,0.7519884,3.8456964,0.0,11.616421,-8.688919,0.9074074,100.95603,1.0,0.0,0.0,0.0,0.0,0,8.364569,0.0,6.511352,0.0,4.6790795,17.357557,0.0,9.319564,3.285041,15.964128
0,230,231.0,10.0,1.0,1.0,212.0,1.0,1.0,1.0,0.99130374,1.0,-0.0,0.0,-3.1048672e-05,-0.008665219,0.05104728,1.9332858,0.6577008,5.5199127,0.91408974,3.5879016,0.0,10.597004,-7.663089,0.9027778,105.23664,1.0,0.0,0.0,0.0,0.0,0,9.128522,0.0,7.5963016,0.0,4.3623576,14.883046,0.0,7.032675,1.7335787,13.184779
1,230,231.0,10.0,1.0,1.0,212.0,1.0,1.0,1.0,0.96194535,1.0,-0.0,0.0,-2.3335097e-05,-0.038031317,0.17154515,2.0237644,0.67437494,7.2818785,0.76209944,2.671775,0.0,11.215435,-6.29726,0.912037,103.87323,1.0,0.0,0.0,0.0,0.0,0,8.040454,0.0,6.873268,0.0,4.6302276,16.2057,0.0,9.267933,1.2103915,13.686156
2,230,231.0,10.0,1.0,1.0,211.0,1.0,1.0,1.0,0.99995625,1.0,-0.0,0.0,-4.373153e-05,-0.0,0.030566752,1.2635658,0.856331,4.722972,0.75728196,2.777779,1.0,11.032477,-10.454112,0.8981481,104.40166,1.0,0.0,0.0,0.0,0.0,0,8.122556,0.0,9.916155,0.0,2.2920141,16.538645,0.0,11.144927,2.4210508,13.00376
3,230,231.0,10.0,1.0,1.0,211.0,1.0,1.0,1.0,0.95847833,1.0,-0.0,0.0,-2.7969993e-05,-0.0414937,0.071338005,1.9267215,0.73684484,7.489621,0.7602125,3.8452895,0.0,11.472104,-9.572763,0.9259259,101.79763,1.0,0.0,0.0,0.0,0.0,0,6.371859,0.0,7.0022326,0.0,4.0749145,17.321093,0.0,10.126106,3.7469993,15.968258
0,231,232.0,10.0,1.0,1.0,213.0,1.0,1.0,1.0,0.98155,1.0,-0.0,0.0,-1.6645745e-05,-0.018433379,0.22788551,1.731963,0.6590621,6.1060023,0.92057705,3.3837705,0.0,11.507337,-9.777759,0.9444444,106.221344,1.0,0.0,0.0,0.0,0.0,0,8.548061,0.0,7.813672,0.0,3.7258356,15.27152,0.0,7.5293245,1.7744982,12.80531
1,231,232.0,10.0,1.0,1.0,213.0,1.0,1.0,1.0,0.9434811,1.0,-0.0,0.0,-1.1775704e-05,-0.056507107,0.14449713,2.0208666,0.6272034,8.390426,0.77305335,2.6053236,0.0,12.653278,-9.491109,0.9444444,104.74593,1.0,0.0,0.0,0.0,0.0,0,7.536877,0.0,6.2490134,0.0,3.6721168,16.27032,0.0,9.442535,1.2323898,13.950913
2,231,232.0,10.0,1.0,1.0,212.0,1.0,1.0,1.0,0.9920299,1.0,-0.0,0.0,-3.3586708e-05,-0.007936551,0.0152928755,1.8424137,0.7661129,5.4761925,0.77537084,2.4822395,0.0,11.87036,-10.095757,0.8981481,104.749825,1.0,0.0,0.0,0.0,0.0,0,9.124461,0.0,7.5799837,0.0,4.359382,15.6069145,0.0,12.511026,2.2546232,14.237921
3,231,232.0,10.0,1.0,1.0,212.0,1.0,1.0,1.0,0.9598639,1.0,-0.0,0.0,-1.9972053e-05,-0.04011616,0.19338988,2.1065342,0.7371997,7.406969,0.7663619,3.822625,0.0,11.294699,-6.260391,0.9259259,102.32247,1.0,0.0,0.0,0.0,0.0,0,7.09081,0.0,6.711165,0.0,4.2404394,17.206362,0.0,9.034951,1.2705058,16.459225
0,232,233.0,10.0,1.0,1.0,214.0,1.0,1.0,1.0,0.9904537,1.0,-0.0,0.0,-1.5139438e-05,-0.009531145,0.094464794,2.6376948,0.6083714,5.5718684,0.9177505,3.4395266,0.0,9.8813095,-8.942414,0.9444444,107.10263,1.0,0.0,0.0,0.0,0.0,0,6.293833,4.028769,11.145749,0.0,5.968367,14.546499,0.0,6.9758477,1.7141978,12.158286
1,232,233.0,10.0,1.0,1.0,214.0,1.0,1.0,1.0,0.9600831,1.0,-0.0,0.0,-1.945224e-05,-0.039897427,0.032217428,2.749906,0.7088162,7.393845,0.7824056,2.6322243,0.0,10.261955,-9.036442,0.9444444,105.55328,1.0,0.0,0.0,0.0,0.0,0,4.8251953,0.0,10.4852915,0.0,2.8106787,16.107115,0.0,8.485916,1.3865129,13.438365
2,232,233.0,10.0,1.0,1.0,213.0,1.0,1.0,1.0,0.99634343,1.0,-0.0,0.0,-2.502611e-05,-0.0036315192,0.013652444,1.5014863,0.77140397,5.2178907,0.7826378,2.4325495,0.0,11.575935,-8.996134,0.8981481,105.8488,1.0,0.0,0.0,0.0,0.0,0,8.781943,0.0,7.3483133,0.0,3.6825068,15.527673,0.0,12.964684,2.372552,14.186228
3,232,233.0,10.0,1.0,1.0,213.0,1.0,1.0,1.0,0.94715315,1.0,-0.0,0.0,-1.201336e-05,-0.052834813,0.06998591,2.0802686,0.6858569,8.170088,0.7752989,3.7987952,0.0,12.293787,-8.226853,0.9398148,103.21261,1.0,0.0,0.0,0.0,0.0,0,7.511014,0.0,6.3025928,0.0,3.3237069,17.133781,0.0,9.288105,1.3381038,16.525394
0,233,234.0,10.0,1.0,1.0,215.0,1.0,1.0,1.0,0.9830896,1.0,-0.0,0.0,-1.0385181e-05,-0.016900022,0.11365879,2.2361236,0.6025871,6.014001,0.92321473,3.3712552,0.0,10.799405,-6.86476,0.9444444,107.83213,1.0,0.0,0.0,0.0,0.0,0,8.408275,0.0,7.216454,0.0,4.30606,15.224364,0.0,7.4991384,1.9785227,13.257606
1,233,234.0,10.0,1.0,1.0,215.0,1.0,1.0,1.0,0.9519943,1.0,-0.0,0.0,-1.07810565e-05,-0.0479949,0.18618256,2.4488566,0.6407071,7.8796935,0.7894471,2.5506709,0.0,11.324894,-6.2727323,0.9444444,106.23707,1.0,0.0,0.0,0.0,0.0,0,7.3982186,0.0,6.3064117,0.0,3.9936268,18.02405,0.0,9.72225,1.1597742,14.657363
2,233,234.0,10.0,1.0,1.0,214.0,1.0,1.0,1.0,0.99597687,1.0,-0.0,0.0,-2.7229162e-05,-0.003995874,0.06981753,2.48704,0.7518653,5.239752,0.783008,2.4447465,0.0,10.339875,-9.910746,0.9074074,106.7941,1.0,0.0,0.0,0.0,0.0,0,7.008447,4.6580005,11.421158,0.0,4.118957,15.496406,0.0,10.983616,2.7359605,13.042364
3,233,234.0,10.0,1.0,1.0,214.0,1.0,1.0,1.0,0.9562054,1.0,-0.0,0.0,-1.7548258e-05,-0.04377703,0.08885171,2.7860756,0.77031153,7.6266212,0.7790619,3.7880645,0.0,10.508335,-9.11923,0.9398148,104.01796,1.0,0.0,0.0,0.0,0.0,0,4.53324,0.0,10.702542,0.0,2.9206834,14.914866,0.0,8.915992,1.4026232,15.979207
0,234,235.0,10.0,1.0,1.0,216.0,1.0,1.0,1.0,0.97379154,1.0,-0.0,0.0,-1.6868014e-05,-0.02619162,0.19514841,2.3922677,0.59117794,6.5714965,0.93288916,3.2415154,0.0,11.539954,-8.797093,0.9444444,108.00175,1.0,0.0,0.0,0.0,0.0,0,8.787721,0.0,8.031492,0.0,3.938628,15.544918,0.0,7.6636324,2.0271866,13.318339
1,234,235.0,10.0,1.0,1.0,216.0,1.0,1.0,1.0,0.93907917,1.0,-0.0,0.0,-1.8223409e-05,-0.060902618,0.21467954,2.57408,0.6243912,8.654157,0.79805756,2.5432951,0.0,12.373775,-10.177518,0.9444444,106.47013,1.0,0.0,0.0,0.0,0.0,0,7.1639304,0.0,7.9335403,0.0,2.7030625,16.027088,0.0,9.022367,1.3703583,13.928632
2,234,235.0,10.0,1.0,1.0,215.0,1.0,1.0,1.0,0.9870022,1.0,-0.0,0.0,-1.07033875e-05,-0.012987064,0.054264814,2.0917873,0.6877281,5.7792234,0.78558594,2.445387,0.0,11.461797,-8.081489,0.912037,107.515594,1.0,0.0,0.0,0.0,0.0,0,9.187186,0.0,7.278754,0.0,4.804131,16.091463,0.0,12.099461,2.1008084,13.767988
3,234,235.0,10.0,1.0,1.0,215.0,1.0,1.0,1.0,0.94756514,1.0,-0.0,0.0,-1.1356554e-05,-0.052423496,0.17061028,2.528382,0.71190894,8.145409,0.7859989,3.7814457,0.0,11.450156,-5.593539,0.9398148,104.66907,1.0,0.0,0.0,0.0,0.0,0,6.861079,0.0,5.9260836,0.0,4.392243,17.268177,0.0,9.4931135,1.3362837,16.734652
0,235,236.0,10.0,1.0,1.0,217.0,1.0,1.0,1.0,0.9717429,1.0,-0.0,0.0,-1.3110054e-05,-0.02824395,0.00084489584,2.550443,0.58917755,6.6946363,0.94009924,3.127209,0.0,11.49341,-7.462428,0.9444444,108.16436,1.0,0.0,0.0,0.0,0.0,0,8.3608055,0.0,7.1741147,0.0,4.01156,14.840621,0.0,7.7371006,1.9598114,13.488187
1,235,236.0,10.0,1.0,1.0,217.0,1.0,1.0,1.0,0.93824494,1.0,-0.0,0.0,-1.2994578e-05,-0.06174208,0.04021935,2.7574797,0.63099277,8.704524,0.80577266,2.564138,0.0,12.075677,-6.4585676,0.9444444,106.60167,1.0,0.0,0.0,0.0,0.0,0,7.308358,0.0,6.2333574,0.0,4.239148,17.152372,0.0,9.631038,1.2528297,14.642986
2,235,236.0,10.0,1.0,1.0,216.0,1.0,1.0,1.0,0.98797977,1.0,-0.0,0.0,-2.5109115e-05,-0.011995157,0.092999265,2.2011454,0.6566174,5.719709,0.7934815,2.419968,0.0,11.024659,-8.506546,0.9212963,107.7226,1.0,0.0,0.0,0.0,0.0,0,8.986937,0.0,8.447579,0.0,4.3752823,16.010273,0.0,11.385407,2.1846654,13.647334
3,235,236.0,10.0,1.0,1.0,216.0,1.0,1.0,1.0,0.9347483,1.0,-0.0,0.0,-1.7451714e-05,-0.06523424,0.28212592,2.663204,0.6859589,8.914054,0.7937319,3.7851698,0.0,12.652966,-10.045702,0.9398148,104.8697,1.0,0.0,0.0,0.0,0.0,0,5.9327564,0.0,7.7708054,0.0,1.885396,14.681722,0.0,9.309276,1.5453649,16.575943
0,236,237.0,10.0,1.0,1.0,218.0,1.0,1.0,1.0,0.96113235,1.0,-0.0,0.0,-1.098433e-05,-0.03885669,0.12249965,2.656349,0.6159381,7.331401,0.9476306,2.9994433,0.0,12.323169,-8.9767275,0.9490741,108.41134,1.0,0.0,0.0,0.0,0.0,0,7.8416495,0.0,6.92645,0.0,3.5364497,14.975656,0.0,7.88322,1.9403309,13.625971
1,236,237.0,10.0,1.0,1.0,218.0,1.0,1.0,1.0,0.93004036,1.0,-0.0,0.0,-9.9811905e-06,-0.06994967,0.1448473,2.8273757,0.6372055,9.1969795,0.8098809,2.5117066,0.0,12.7644415,-8.503569,0.9444444,106.88313,1.0,0.0,0.0,0.0,0.0,0,6.928625,0.0,5.8108006,0.0,3.5589004,18.062998,0.0,9.019774,1.3700389,14.981138
2,236,237.0,10.0,1.0,1.0,217.0,1.0,1.0,1.0,0.9763227,1.0,-0.0,0.0,-1.333374e-05,-0.023663938,0.09440351,2.3923016,0.6230536,6.4198356,0.80103,2.3623545,0.0,11.6904745,-8.662179,0.9259259,107.849625,1.0,0.0,0.0,0.0,0.0,0,8.427613,0.0,6.6475053,0.0,4.3772593,15.371512,0.0,13.087782,1.9632821,14.789549
3,236,237.0,10.0,1.0,1.0,217.0,1.0,1.0,1.0,0.93681645,1.0,-0.0,0.0,-1.2915233e-05,-0.0631706,0.023906305,2.8341753,0.6960932,8.7902355,0.8026734,3.797146,0.0,12.1379595,-6.651128,0.9398148,105.012955,1.0,0.0,0.0,0.0,0.0,0,6.7849627,0.0,5.867528,0.0,4.2640643,17.16726,0.0,9.868816,1.4870459,17.158672
0,237,238.0,10.0,1.0,1.0,219.0,1.0,1.0,1.0,0.9497124,1.0,-0.0,0.0,-1.451215e-05,-0.05027314,0.17111692,2.858468,0.6263891,8.016388,0.9542646,2.8820581,0.0,12.908305,-9.460104,0.9537037,108.61927,1.0,0.0,0.0,0.0,0.0,0,8.734167,0.0,7.4879274,0.0,3.565894,16.209316,0.0,7.9923506,1.9463906,13.63089
1,237,238.0,10.0,1.0,1.0,219.0,1.0,1.0,1.0,0.92639947,1.0,-0.0,0.0,-1.3556922e-05,-0.07358698,0.08410979,3.0284505,0.65141875,9.415218,0.8248867,2.5848126,0.0,12.811006,-7.917754,0.9490741,107.11441,1.0,0.0,0.0,0.0,0.0,0,7.282853,0.0,6.1709924,0.0,3.9633625,18.01244,0.0,9.5375595,1.3924912,15.453529
2,237,238.0,10.0,1.0,1.0,218.0,1.0,1.0,1.0,0.9676806,1.0,-0.0,0.0,-1.5955771e-05,-0.032303423,0.16613118,2.4483538,0.59984297,6.938205,0.8091723,2.2790456,0.0,12.239797,-9.530875,0.9444444,108.138885,1.0,0.0,0.0,0.0,0.0,0,8.540935,0.0,7.1605735,0.0,4.421171,17.327278,0.0,12.103298,2.0742373,13.894353
3,237,238.0,10.0,1.0,1.0,218.0,1.0,1.0,1.0,0.9297688,1.0,-0.0,0.0,-1.0532425e-05,-0.07022062,0.14380664,2.8786654,0.6931606,9.213237,0.81042993,3.8267188,0.0,12.778438,-7.1899977,0.9444444,105.31671,1.0,0.0,0.0,0.0,0.0,0,6.3299212,0.0,5.510858,0.0,3.7533076,16.104393,0.0,10.094072,1.3804886,17.442307
0,238,239.0,10.0,1.0,1.0,220.0,1.0,1.0,1.0,0.9564342,1.0,-0.0,0.0,-1.3236696e-05,-0.0435526,0.013549253,2.9198797,0.5894134,7.6131554,0.9601457,2.7949157,0.0,12.565861,-6.2351413,0.9537037,108.94222,1.0,0.0,0.0,0.0,0.0,0,8.251456,0.0,7.339267,0.0,4.2095857,15.215328,0.0,7.9185047,1.8916144,13.77628
1,238,239.0,10.0,1.0,1.0,220.0,1.0,1.0,1.0,0.93189216,1.0,-0.0,0.0,-9.561382e-06,-0.06809832,0.041516498,3.110179,0.65323246,9.085898,0.83349663,2.6170144,0.0,12.3986435,-6.5151706,0.9490741,107.43872,1.0,0.0,0.0,0.0,0.0,0,7.838817,0.0,6.47348,0.0,4.849278,17.83648,0.0,9.616843,1.2832325,15.693344
2,238,239.0,10.0,1.0,1.0,219.0,1.0,1.0,1.0,0.9592981,1.0,-0.0,0.0,-1.4312327e-05,-0.040687595,0.13112836,2.6947074,0.5905527,7.441255,0.8142253,2.2762961,0.0,12.6524515,-8.747927,0.9444444,108.34761,1.0,0.0,0.0,0.0,0.0,0,8.330641,0.0,6.701444,0.0,4.5074377,16.817213,0.0,12.549028,1.886884,14.38539
3,238,239.0,10.0,1.0,1.0,219.0,1.0,1.0,1.0,0.9188611,1.0,-0.0,0.0,-1.3674737e-05,-0.08112526,0.19209683,3.1130836,0.7011615,9.867515,0.8171161,3.8020911,0.0,13.363317,-8.235911,0.9490741,105.52031,1.0,0.0,0.0,0.0,0.0,0,6.7911887,0.0,5.786542,0.0,4.0533323,16.275734,0.0,10.07722,1.3849694,17.629457
0,239,240.0,10.0,1.0,1.0,221.0,1.0,1.0,1.0,0.953689,1.0,-0.0,0.0,-1.2007058e-05,-0.04629902,0.04965607,3.1986504,0.60126895,7.7779408,0.9667039,2.625674,0.0,12.727616,-7.126863,0.9537037,109.41825,1.0,0.0,0.0,0.0,0.0,0,7.4274693,0.0,6.50209,0.0,3.798481,15.391047,0.0,7.538265,1.8644114,14.006116
1,239,240.0,10.0,1.0,1.0,221.0,1.0,1.0,1.0,0.9298639,1.0,-0.0,0.0,-1.0433005e-05,-0.07012564,0.037458725,3.3681736,0.65976936,9.207538,0.84492534,2.6623838,0.0,12.619465,-7.0543847,0.9537037,107.95536,1.0,0.0,0.0,0.0,0.0,0,6.5013328,0.0,5.323683,0.0,4.1919093,17.952616,0.0,9.595258,1.3107015,15.976217
2,239,240.0,10.0,1.0,1.0,220.0,1.0,1.0,1.0,0.95664245,1.0,-0.0,0.0,-1.2554852e-05,-0.04334495,0.10614954,2.7648437,0.5868595,7.6006966,0.8201328,2.2262294,0.0,12.80432,-8.045688,0.9444444,108.65841,1.0,0.0,0.0,0.0,0.0,0,8.577763,0.0,6.810871,0.0,5.3932524,16.729475,0.0,12.698921,1.9071497,14.3490715
3,239,240.0,10.0,1.0,1.0,220.0,1.0,1.0,1.0,0.92496896,1.0,-0.0,0.0,-1.0827565e-05,-0.075020194,0.07052701,3.182531,0.7060082,9.501211,0.8227135,3.8250816,0.0,12.927813,-6.824345,0.9537037,105.86239,1.0,0.0,0.0,0.0,0.0,0,6.389322,0.0,5.586627,0.0,3.8460903,16.129166,0.0,10.263399,1.4195824,17.708197
0,240,241.0,10.0,1.0,1.0,222.0,1.0,1.0,1.0,0.9482195,1.0,-0.0,0.0,-1.090178e-05,-0.05176959,0.11438392,3.2425034,0.6235855,8.106174,0.9627948,2.5766232,0.0,13.1858225,-6.312226,0.9537037,109.778305,1.0,0.0,0.0,0.0,0.0,0,8.890554,0.0,7.74514,0.0,4.4428096,16.0364,0.0,7.373455,2.0472507,14.182449
1,240,241.0,10.0,1.0,1.0,222.0,1.0,1.0,1.0,0.9283607,1.0,-0.0,0.0,-9.119161e-06,-0.07163016,0.15343112,3.433932,0.663308,9.297809,0.85038084,2.6735322,0.0,12.864079,-4.5734177,0.9537037,108.325485,1.0,0.0,0.0,0.0,0.0,0,7.569168,0.0,6.4111996,0.0,4.4661293,18.002813,0.0,9.378887,1.4031165,15.925479
2,240,241.0,10.0,1.0,1.0,221.0,1.0,1.0,1.0,0.95346445,1.0,-0.0,0.0,-1.5155753e-05,-0.04652039,0.11880342,3.0234702,0.58696437,7.791223,0.8245473,2.2329,0.0,12.989338,-8.522271,0.9444444,109.1249,1.0,0.0,0.0,0.0,0.0,0,8.077935,0.0,6.5913506,0.0,4.576658,18.192371,0.0,12.69806,1.727491,14.4652
3,240,241.0,10.0,1.0,1.0,221.0,1.0,1.0,1.0,0.9258869,1.0,-0.0,0.0,-1.0987565e-05,-0.0741021,0.086221844,3.4089606,0.71493155,9.446125,0.82812643,3.8532207,0.0,12.863252,-6.8393583,0.9537037,106.36963,1.0,0.0,0.0,0.0,0.0,0,6.1944475,0.0,5.368356,0.0,3.804717,16.17843,0.0,10.305752,1.3073058,17.914816
0,241,242.0,10.0,1.0,1.0,223.0,1.0,1.0,1.0,0.96580356,1.0,-0.0,0.0,-1.1960505e-05,-0.03418447,0.19767582,3.4739559,0.5677213,7.051068,0.9696393,2.4778209,0.0,12.023475,-5.0045185,0.9537037,110.453735,1.0,0.0,0.0,0.0,0.0,0,7.909975,0.0,6.8541846,0.0,4.3148875,15.9352255,0.0,6.9633584,1.9632045,14.421144
1,241,242.0,10.0,1.0,1.0,223.0,1.0,1.0,1.0,0.9379701,1.0,-0.0,0.0,-9.107684e-06,-0.062020805,0.118013285,3.6502237,0.67689025,8.721248,0.8571486,2.6831768,0.0,12.093686,-4.623344,0.9537037,108.98431,1.0,0.0,0.0,0.0,0.0,0,7.336421,0.0,5.662423,0.0,4.691114,17.958605,0.0,9.427648,1.2776449,16.194927
2,241,242.0,10.0,1.0,1.0,222.0,1.0,1.0,1.0,0.9374351,1.0,-0.0,0.0,-1.2113814e-05,-0.06255283,0.054825842,3.1324286,0.61679554,8.75317,0.8309265,2.180761,0.0,13.923409,-8.038557,0.9444444,109.41403,1.0,0.0,0.0,0.0,0.0,0,9.018883,0.0,7.3259077,0.0,4.493882,15.419807,0.0,12.444985,1.8005017,14.589079
3,241,242.0,10.0,1.0,1.0,222.0,1.0,1.0,1.0,0.92904377,1.0,-0.0,0.0,-8.732899e-06,-0.07094747,0.16974472,3.4474444,0.71453804,9.256847,0.8261309,3.6094372,0.0,12.7787,-3.7227924,0.9537037,106.771385,1.0,0.0,0.0,0.0,0.0,0,7.577547,0.0,6.6514487,0.0,4.234944,16.729876,0.0,10.807775,1.5487963,18.15463
0,242,243.0,10.0,1.0,1.0,224.0,1.0,1.0,1.0,0.96202254,1.0,-0.0,0.0,-8.882153e-06,-0.037968565,0.35289377,3.5675223,0.6254438,7.2781134,0.9788003,2.4079704,0.0,12.536899,-3.6119194,0.9537037,110.83866,1.0,0.0,0.0,0.0,0.0,0,8.178233,0.0,7.0763965,0.0,4.473805,16.256924,0.0,6.308274,1.6164689,14.719915
1,242,243.0,10.0,1.0,1.0,224.0,1.0,1.0,1.0,0.9324495,1.0,-0.0,0.0,-7.908938e-06,-0.06754256,0.2274014,3.7142742,0.6723468,9.052553,0.8626877,2.677628,0.0,12.665324,-3.567512,0.9537037,109.370865,1.0,0.0,0.0,0.0,0.0,0,8.3587475,0.0,6.955241,0.0,4.425124,17.867966,0.0,9.409866,1.395877,16.258223
2,242,243.0,10.0,1.0,1.0,223.0,1.0,1.0,1.0,0.9438317,1.0,-0.0,0.0,-1.4915366e-05,-0.05615343,0.0920333,3.4109738,0.5913981,8.369205,0.8339851,2.1569421,0.0,13.497237,-8.122862,0.9444444,110.06092,1.0,0.0,0.0,0.0,0.0,0,7.49471,0.0,6.1439953,0.0,4.471629,16.749533,0.0,12.594355,1.6265621,14.631014
3,242,243.0,10.0,1.0,1.0,223.0,1.0,1.0,1.0,0.94349855,1.0,-0.0,0.0,-8.3390905e-06,-0.056493092,0.23221597,3.6062903,0.7389212,8.389585,0.82878655,3.5433345,0.0,11.600892,-2.7856734,0.9537037,107.46292,1.0,0.0,0.0,0.0,0.0,0,6.7287874,0.0,5.7060738,0.0,3.8743768,16.678925,0.0,10.925896,1.4059674,18.538342
0,243,244.0,10.0,1.0,1.0,225.0,1.0,1.0,1.0,0.98219436,1.0,-0.0,0.0,-9.049379e-06,-0.01779659,0.5549245,3.703805,0.56965977,6.067795,0.9859547,2.404392,0.0,11.087611,-1.3919045,0.9537037,111.22827,1.0,0.0,0.0,0.0,0.0,0,6.7443314,1.3756708,6.613744,0.0,3.8220344,16.131968,0.0,6.273271,1.0123895,14.898657
1,243,244.0,10.0,1.0,1.0,225.0,1.0,1.0,1.0,0.9472649,1.0,-0.0,0.0,-9.014249e-06,-0.0527261,0.4495349,3.8842905,0.68040836,8.163566,0.8561454,2.5448334,0.0,11.578964,-1.0482641,0.9537037,109.777,1.0,0.0,0.0,0.0,0.0,0,6.3737707,0.0,5.643194,0.0,3.6307166,17.948593,0.0,9.871693,1.3972628,16.350868
2,243,244.0,10.0,1.0,1.0,224.0,1.0,1.0,1.0,0.9417321,1.0,-0.0,0.0,-1.1719171e-05,-0.05825615,0.15317798,3.499549,0.61899346,8.495368,0.83917725,2.0950902,0.0,13.726656,-5.5810137,0.9444444,110.41855,1.0,0.0,0.0,0.0,0.0,0,8.860658,0.0,7.583107,0.0,4.763808,15.107396,0.0,11.324666,1.810609,14.458257
3,243,244.0,10.0,1.0,1.0,224.0,1.0,1.0,1.0,0.94635165,1.0,-0.0,0.0,-7.337179e-06,-0.053641018,0.39042905,3.6635172,0.731807,8.21846,0.8265296,3.452248,0.0,11.997693,-1.4864951,0.9537037,107.87415,1.0,0.0,0.0,0.0,0.0,0,6.82868,0.0,5.69357,0.0,4.655133,15.721191,0.0,11.510262,1.5336052,18.690607
0,244,245.0,10.0,1.0,1.0,226.0,1.0,1.0,1.0,0.9834782,1.0,-0.0,0.0,-8.84905e-06,-0.016513007,0.17010105,3.8385558,0.5848107,5.99078,0.9993194,2.4389768,0.0,11.127249,-5.3854976,0.9537037,111.77419,1.0,0.0,0.0,0.0,0.0,0,6.40803,1.1065942,6.065748,0.0,3.4375923,16.466467,0.0,5.8262916,0.0,15.065861
1,244,245.0,10.0,1.0,1.0,226.0,1.0,1.0,1.0,0.9517331,1.0,-0.0,0.0,-8.847546e-06,-0.048258062,0.0871459,3.965121,0.6874869,7.895483,0.8521367,2.446667,0.0,11.5252285,-4.5998564,0.9537037,110.33092,1.0,0.0,0.0,0.0,0.0,0,5.750031,0.0,5.553716,0.0,3.292746,17.860104,0.0,9.670426,1.4662604,16.185287
2,244,245.0,10.0,1.0,1.0,225.0,1.0,1.0,1.0,0.9542612,1.0,-0.0,0.0,-1.1714416e-05,-0.045727093,0.28761327,3.7111526,0.58617187,7.743625,0.8427547,2.065744,0.0,12.968308,-3.9888668,0.9444444,110.81927,1.0,0.0,0.0,0.0,0.0,0,7.623669,0.0,6.6145744,0.0,4.166994,14.475996,0.0,12.21891,1.6171904,15.071142
3,244,245.0,10.0,1.0,1.0,225.0,1.0,1.0,1.0,0.95299554,1.0,-0.0,0.0,-7.3614474e-06,-0.04699705,0.45095608,3.8460135,0.74463516,7.8198223,0.82206696,3.38978,0.0,11.584407,-0.9083003,0.9537037,108.27689,1.0,0.0,0.0,0.0,0.0,0,5.78277,0.0,4.939462,0.0,3.2021916,15.755818,0.0,11.470643,1.3771628,18.533857
0,245,246.0,10.0,1.0,1.0,227.0,1.0,1.0,1.0,0.9715802,1.0,-0.0,0.0,-9.444327e-06,-0.028410355,0.46295786,3.8519163,0.62068653,6.6510963,1.0071366,2.480978,0.0,12.105075,-2.5413969,0.9537037,111.90293,1.0,0.0,0.0,0.0,0.0,0,8.4484415,0.0,7.135181,0.0,4.4463806,16.599743,0.0,5.4720635,0.0,15.402557
1,245,246.0,10.0,1.0,1.0,227.0,1.0,1.0,1.0,0.94027704,1.0,-0.0,0.0,-1.1168023e-05,-0.059711818,0.39748698,3.9509683,0.66945565,8.582708,0.8486084,2.371614,0.0,12.264981,-1.874513,0.9537037,110.509254,1.0,0.0,0.0,0.0,0.0,0,7.140905,0.0,8.536076,0.0,4.833454,17.960018,0.0,9.804033,1.4332166,16.10336
2,245,246.0,10.0,1.0,1.0,226.0,1.0,1.0,1.0,0.9568511,1.0,-0.0,0.0,-1.02007125e-05,-0.04313868,0.0008398667,3.863259,0.6118364,7.5883203,0.84542686,2.0375118,0.0,12.911606,-6.543224,0.9444444,111.373505,1.0,0.0,0.0,0.0,0.0,0,6.6929846,0.0,5.1180573,0.0,4.977587,15.762009,0.0,11.158698,1.6548404,14.395161
3,245,246.0,10.0,1.0,1.0,226.0,1.0,1.0,1.0,0.95549995,1.0,-0.0,0.0,-7.888607e-06,-0.044492207,0.06958544,3.9286907,0.7452169,7.669532,0.8205975,3.3376515,0.0,11.639751,-4.654601,0.9537037,108.82232,1.0,0.0,0.0,0.0,0.0,0,5.6165795,0.0,4.967362,0.0,3.276362,16.144228,0.0,11.563511,1.5965241,18.489183
0,246,247.0,10.0,1.0,1.0,228.0,1.0,1.0,1.0,0.9794407,1.0,-0.0,0.0,-9.819923e-06,-0.02054947,0.44358188,3.9693208,0.5880056,6.1581035,1.0099819,2.4935658,0.0,11.558819,-3.3778837,0.9537037,112.26775,1.0,0.0,0.0,0.0,0.0,0,6.5977535,0.9051934,6.1190963,0.0,3.800592,16.38608,0.0,5.442555,0.0,15.5425205
1,246,247.0,10.0,1.0,1.0,228.0,1.0,1.0,1.0,0.942155,1.0,-0.0,0.0,-1.21441135e-05,-0.057832863,0.31277126,4.0662518,0.66917026,8.469971,0.84556407,2.293766,0.0,12.163448,-2.8584273,0.9537037,110.83964,1.0,0.0,0.0,0.0,0.0,0,6.005175,0.0,4.9468203,0.0,3.503354,18.020834,0.0,9.9079,1.3858644,16.132143
2,246,247.0,10.0,1.0,1.0,227.0,1.0,1.0,1.0,0.95911276,1.0,-0.0,0.0,-1.0334136e-05,-0.040876918,0.45717433,3.7964187,0.6064636,7.4526143,0.84871703,2.0336666,0.0,12.855656,-2.0701914,0.9444444,111.58609,1.0,0.0,0.0,0.0,0.0,0,9.100613,0.0,7.7792063,0.0,4.8349156,14.972251,0.0,11.143352,1.5917199,14.357171
3,246,247.0,10.0,1.0,1.0,227.0,1.0,1.0,1.0,0.9488995,1.0,-0.0,0.0,-9.075929e-06,-0.05109145,0.47297144,3.9521437,0.7273866,8.065487,0.81877893,3.3200147,0.0,12.167532,-1.0185521,0.9537037,108.96778,1.0,0.0,0.0,0.0,0.0,0,7.965786,0.0,7.11571,0.0,4.8489556,16.118004,0.0,11.459949,1.4781944,18.409855
0,247,248.0,10.0,1.0,1.0,229.0,1.0,1.0,1.0,0.9718996,1.0,-0.0,0.0,-9.712586e-06,-0.028090656,0.4701931,3.969645,0.58054984,6.5668473,1.0158122,2.4063444,0.0,11.598293,-4.388476,0.9537037,112.56892,1.0,0.0,0.0,0.0,0.0,0,6.831013,6.3279324,11.47488,0.0,5.356923,17.507223,0.0,5.0815926,0.0,15.872008
1,247,248.0,10.0,1.0,1.0,229.0,1.0,1.0,1.0,0.93993753,1.0,-0.0,0.0,-1.0304016e-05,-0.060052175,0.32602215,4.076587,0.6753969,8.60313,0.8407722,2.2416463,0.0,12.065242,-2.8418376,0.9537037,111.22296,1.0,0.0,0.0,0.0,0.0,0,5.775537,0.0,9.814338,0.0,5.271317,18.186527,0.0,9.639054,1.3852699,16.012627
2,247,248.0,10.0,1.0,1.0,228.0,1.0,1.0,1.0,0.9830868,1.0,-0.0,0.0,-1.09697185e-05,-0.016902192,0.5578559,3.8281329,0.5895238,6.014131,0.85080314,2.0049832,0.0,11.240219,-0.5308827,0.9444444,112.005745,1.0,0.0,0.0,0.0,0.0,0,7.179233,0.0,5.9019017,0.0,4.0451493,14.175893,0.0,11.812873,1.5418979,15.096419
3,247,248.0,10.0,1.0,1.0,228.0,1.0,1.0,1.0,0.9583893,1.0,-0.0,0.0,-1.0749179e-05,-0.041599963,0.4185304,4.0009356,0.73893285,7.4959974,0.81625295,3.285887,0.0,11.731712,-1.6514854,0.9537037,109.348366,1.0,0.0,0.0,0.0,0.0,0,5.6927967,0.0,5.296829,0.0,3.3286414,16.227463,0.0,11.22632,1.3812013,18.435204
0,248,249.0,10.0,1.0,1.0,230.0,1.0,1.0,1.0,0.9667961,1.0,-0.0,0.0,-1.0594224e-05,-0.033193298,0.6114453,4.237459,0.58677256,6.855196,1.0181868,2.499836,0.0,11.829233,-4.5136623,0.9537037,112.87446,1.0,0.0,0.0,0.0,0.0,0,6.3596873,0.2732895,5.7246947,0.0,3.3354793,17.41935,0.0,5.127831,0.0,15.973614
1,248,249.0,10.0,1.0,1.0,230.0,1.0,1.0,1.0,0.9414569,1.0,-0.0,0.0,-1.05425925e-05,-0.05853253,0.5799938,4.24439,0.6767836,8.511951,0.8389213,2.2053878,0.0,12.06632,-1.1398755,0.9537037,111.43322,1.0,0.0,0.0,0.0,0.0,0,5.442418,0.0,4.85689,0.0,3.0079708,18.237423,0.0,9.836003,1.2505468,16.118286
2,248,249.0,10.0,1.0,1.0,229.0,1.0,1.0,1.0,0.98498154,1.0,-0.0,0.0,-8.976998e-06,-0.015009454,0.5963668,3.8041723,0.58880454,5.9005666,0.841258,1.9951993,0.0,11.231578,-2.5736642,0.9444444,112.39285,1.0,0.0,0.0,0.0,0.0,0,8.725681,0.0,7.5399966,0.0,5.1407003,17.900007,0.0,11.455477,1.5575876,15.382195
3,248,249.0,10.0,1.0,1.0,229.0,1.0,1.0,1.0,0.9489825,1.0,-0.0,0.0,-1.0281348e-05,-0.05100724,0.16946289,4.0736923,0.72381645,8.060433,0.8182006,3.208017,0.0,12.475092,-4.219331,0.9537037,109.75153,1.0,0.0,0.0,0.0,0.0,0,7.057449,0.0,6.294392,0.0,5.4096646,16.225065,0.0,10.941617,1.5453678,18.59648
0,249,250.0,10.0,1.0,1.0,231.0,1.0,1.0,1.0,0.9827033,1.0,-0.0,0.0,-8.50996e-06,-0.01728817,0.59936905,4.1693482,0.546798,5.9234805,1.0151746,2.5647483,0.0,10.600773,-7.351325,0.9537037,113.4723,1.0,0.0,0.0,0.0,0.0,0,3.8668585,9.340428,9.50826,0.0,5.504239,17.940603,0.0,4.2909336,0.0,16.29749
1,249,250.0,10.0,1.0,1.0,231.0,1.0,1.0,1.0,0.9622662,1.0,-0.0,0.0,-1.1182954e-05,-0.037722595,0.632488,4.1095953,0.7400426,7.2633553,0.81957877,2.1129467,0.0,10.129586,-4.573304,0.9537037,112.130714,1.0,0.0,0.0,0.0,0.0,0,2.7453918,0.08959792,11.349405,0.0,3.0752888,18.304644,0.0,7.293797,1.3483552,15.350818
2,249,250.0,10.0,1.0,1.0,230.0,1.0,1.0,1.0,0.99488723,1.0,-0.0,0.0,-8.213643e-06,-0.005104563,0.781272,3.8690224,0.60339576,5.3062735,0.8477069,1.9467504,0.0,10.846945,-2.7566385,0.9444444,112.59244,1.0,0.0,0.0,0.0,0.0,0,6.375621,0.0,5.4224677,0.0,3.8345788,15.658452,0.0,11.808162,1.4181125,15.773901
3,249,250.0,10.0,1.0,1.0,230.0,1.0,1.0,1.0,0.95744866,1.0,-0.0,0.0,-9.271551e-06,-0.042542048,0.6039854,4.167801,0.73123944,7.552522,0.81593543,3.2041106,0.0,12.016457,-0.87555313,0.9537037,109.90242,1.0,0.0,0.0,0.0,0.0,0,4.8803415,0.0,5.697142,0.0,3.841469,16.36228,0.0,11.012099,1.3469136,18.547777
0,250,251.0,10.0,1.0,1.0,232.0,1.0,1.0,1.0,0.98256195,1.0,-0.0,0.0,-1.1642147e-05,-0.01742642,0.6835729,4.439603,0.55679554,5.8475122,1.0264096,2.69046,0.0,11.221737,-5.575207,0.9537037,113.799164,1.0,0.0,0.0,0.0,0.0,0,6.1381993,4.224578,9.290898,0.0,5.0803776,17.77117,0.0,4.073884,0.9844234,16.26999
1,250,251.0,10.0,1.0,1.0,232.0,1.0,1.0,1.0,0.9619769,1.0,-0.0,0.0,-1.3278019e-05,-0.038009804,0.6929636,4.4183292,0.6720967,7.2805877,0.8272415,2.076326,0.0,10.934556,-3.3435328,0.9537037,112.46319,1.0,0.0,0.0,0.0,0.0,0,4.870699,0.0,7.232918,0.0,5.0083637,18.258656,0.0,5.997118,1.3403807,15.577464
2,250,251.0,10.0,1.0,1.0,231.0,1.0,1.0,1.0,0.9933916,1.0,-0.0,0.0,-8.97515e-06,-0.0065994426,0.7362269,3.859631,0.6675838,5.395966,0.82327586,2.15549,0.0,10.308663,-4.9199247,0.9444444,113.17298,1.0,0.0,0.0,0.0,0.0,0,5.9005456,7.6023684,11.097573,0.0,6.3747706,18.594343,0.0,9.245105,1.1150483,16.507738
3,250,251.0,10.0,1.0,1.0,231.0,1.0,1.0,1.0,0.982546,1.0,-0.0,0.0,-8.644085e-06,-0.017445391,0.548676,4.0600243,0.84855974,6.046723,0.80355376,3.1761377,0.0,10.366537,-5.2198534,0.9537037,110.72684,1.0,0.0,0.0,0.0,0.0,0,2.5800235,0.0,12.4156275,0.0,5.2063556,16.388147,0.0,9.679776,1.4819307,18.67912
0,251,252.0,10.0,1.0,1.0,233.0,1.0,1.0,1.0,0.9985269,1.0,-0.0,0.0,-1.3136566e-05,-0.0014599878,0.8364562,4.3125677,0.5865491,4.486823,1.0116799,2.7594016,0.0,10.138864,-4.661698,0.9537037,114.69161,1.0,0.0,0.0,0.0,0.0,0,4.598746,6.3449774,9.786461,0.0,3.0974998,18.04791,0.0,3.555337,1.307838,16.499544
1,251,252.0,10.0,1.0,1.0,233.0,1.0,1.0,1.0,0.96963,1.0,-0.0,0.0,-9.288363e-06,-0.030360695,0.6450381,4.105974,0.7127754,6.8216414,0.8159255,2.1379886,0.0,10.355638,-3.633676,0.9537037,113.141975,1.0,0.0,0.0,0.0,0.0,0,2.90968,2.4147656,7.5505877,0.0,2.8052688,18.714504,0.0,5.214485,1.615724,15.867733
2,251,252.0,10.0,1.0,1.0,232.0,1.0,1.0,1.0,0.9957356,1.0,-0.0,0.0,-1.2376842e-05,-0.0042520203,0.7655866,4.216207,0.64892924,5.2551208,0.8411288,2.1645494,0.0,11.118698,-3.1015332,0.9444444,113.58254,1.0,0.0,0.0,0.0,0.0,0,6.852188,0.0,6.323821,0.0,4.3241434,17.708387,0.0,9.175461,1.5908302,16.928406
3,251,252.0,10.0,1.0,1.0,232.0,1.0,1.0,1.0,0.9824655,1.0,-0.0,0.0,-1.36170065e-05,-0.017520908,0.82900155,4.347638,0.79374295,6.051254,0.8087652,3.1454287,0.0,10.939272,-2.274397,0.9537037,111.01228,1.0,0.0,0.0,0.0,0.0,0,5.612702,0.0,8.420745,0.0,5.1188903,16.309456,0.0,9.691133,1.4802282,18.423576
0,252,253.0,10.0,1.0,1.0,234.0,1.0,1.0,1.0,0.9962872,1.0,-0.0,0.0,-1.8600289e-05,-0.0036941608,0.66655207,4.3354626,0.63118905,4.0759525,1.0295533,2.7531538,0.0,10.488298,-4.676522,0.9537037,115.129684,1.0,0.0,0.0,0.0,0.0,0,4.2736797,6.7620535,11.235447,0.0,5.6379137,16.49162,0.0,3.6652963,1.3898371,15.904482
1,252,253.0,10.0,1.0,1.0,234.0,1.0,1.0,1.0,0.97074914,1.0,-0.0,0.0,-1.8895707e-05,-0.029231943,0.75804853,4.222554,0.7020881,6.7539163,0.8259699,2.0158844,0.0,10.548817,-2.8875935,0.9537037,113.50954,1.0,0.0,0.0,0.0,0.0,0,3.475609,2.8765514,10.120355,0.0,3.963501,18.723017,0.0,5.107605,1.7133579,15.477386
2,252,253.0,10.0,1.0,1.0,233.0,1.0,1.0,1.0,0.99998593,1.0,-0.0,0.0,-1.4047781e-05,-0.0,0.9064578,3.912843,0.7959571,4.3835626,0.831764,2.475925,1.0,10.162853,-3.5873446,0.9444444,114.508316,1.0,0.0,0.0,0.0,0.0,0,5.8766465,7.211239,11.431146,0.0,5.566269,20.942661,0.0,8.674879,1.1098464,17.556105
3,252,253.0,10.0,1.0,1.0,233.0,1.0,1.0,1.0,0.9933569,1.0,-0.0,0.0,-1.4641204e-05,-0.0066284565,0.63320625,4.006489,0.8743034,5.397707,0.79901147,3.2545297,0.0,10.49235,-4.0376577,0.9537037,111.839806,1.0,0.0,0.0,0.0,0.0,0,2.77274,0.0,8.60379,0.0,4.0131755,16.605118,0.0,9.113953,1.4380485,18.724789
0,253,254.0,10.0,1.0,1.0,235.0,1.0,1.0,1.0,0.996296,1.0,-0.0,0.0,-1.1039404e-05,-0.0036929618,0.38624257,4.540425,0.5977446,4.5602055,1.0295436,2.8352344,0.0,10.847616,-7.2261553,0.9537037,115.57463,1.0,0.0,0.0,0.0,0.0,0,5.681781,2.1417885,6.012059,0.0,3.3428862,17.882545,0.0,3.6522305,1.5086894,16.83348
1,253,254.0,10.0,1.0,1.0,235.0,1.0,1.0,1.0,0.985215,1.0,-0.0,0.0,-1.023083e-05,-0.01477473,0.7300865,4.4109282,0.74637884,5.886483,0.8335471,1.9155412,0.0,9.981129,-2.7815514,0.9537037,114.22341,1.0,0.0,0.0,0.0,0.0,0,2.7371712,0.0,9.037095,0.0,3.3453853,18.922218,0.0,5.224552,1.6123303,15.871335
2,253,254.0,10.0,1.0,1.0,234.0,1.0,1.0,1.0,0.99998343,1.0,-0.0,0.0,-1.6586979e-05,-0.0,0.78636146,3.977691,0.81048876,3.563382,0.8506497,2.6017156,1.0,10.5449915,-2.9406762,0.9444444,114.92545,1.0,0.0,0.0,0.0,0.0,0,5.6485715,2.9917567,8.180297,0.0,5.1357293,18.990591,0.0,8.088964,0.5772204,16.920467
3,253,254.0,10.0,1.0,1.0,234.0,1.0,1.0,1.0,0.99129105,1.0,-0.0,0.0,-1.2998318e-05,-0.008695948,0.72872376,4.1634545,0.8087897,5.5217566,0.804267,3.2194653,0.0,10.996192,-2.6909542,0.9537037,112.17833,1.0,0.0,0.0,0.0,0.0,0,4.4567747,0.0,8.970888,0.0,5.096355,16.490084,0.0,9.016019,1.5212333,18.658653
0,254,255.0,10.0,1.0,1.0,236.0,1.0,1.0,1.0,0.9971508,1.0,-0.0,0.0,-1.1796373e-05,-0.0028373906,0.39007217,4.4398365,0.61849636,4.2331066,1.0226991,2.840475,0.0,10.574677,-7.2924232,0.9537037,115.85251,1.0,0.0,0.0,0.0,0.0,0,3.4671462,4.7838445,9.158386,0.0,6.1178865,18.049093,0.0,3.745296,0.98881835,16.614899
1,254,255.0,10.0,1.0,1.0,236.0,1.0,1.0,1.0,0.99601734,1.0,-0.0,0.0,-1.4156999e-05,-0.0039684824,0.44565275,4.2882986,0.7782486,5.2381086,0.83356065,1.7186904,0.0,10.155457,-6.2050047,0.9537037,114.663635,1.0,0.0,0.0,0.0,0.0,0,2.4291146,0.0,9.129139,0.0,4.434747,16.872192,0.0,4.8591857,1.8838432,15.795379
2,254,255.0,10.0,1.0,1.0,235.0,1.0,1.0,1.0,0.9999883,1.0,-0.0,0.0,-1.1695891e-05,-0.0,0.54962564,4.133854,0.8223232,3.4669557,0.86008835,2.8988483,1.0,10.668134,-5.54289,0.9444444,115.44562,1.0,0.0,0.0,0.0,0.0,0,4.6391077,3.5582685,6.594893,0.0,4.2839437,18.636513,0.0,7.8473825,0.0,17.709738
3,254,255.0,10.0,1.0,1.0,235.0,1.0,1.0,1.0,0.99644023,1.0,-0.0,0.0,-8.324452e-06,-0.0035514494,0.6572038,4.204042,0.849721,5.2130866,0.80208576,3.3067849,0.0,10.697979,-2.7634902,0.9537037,112.67115,1.0,0.0,0.0,0.0,0.0,0,2.8014922,0.0,9.033793,0.0,5.3269525,16.534657,0.0,9.400789,1.4446582,19.136965
0,255,256.0,10.0,1.0,1.0,237.0,1.0,1.0,1.0,0.9928171,1.0,-0.0,0.0,-1.6359494e-05,-0.0071665724,0.54610634,4.58297,0.6014855,5.243636,1.0248476,2.9053218,0.0,11.422942,-5.0117617,0.9537037,116.21283,1.0,0.0,0.0,0.0,0.0,0,6.261868,2.2083833,8.7299,0.0,4.752142,17.761335,0.0,3.8726163,1.010556,16.631216
1,255,256.0,10.0,1.0,1.0,237.0,1.0,1.0,1.0,0.98603153,1.0,-0.0,0.0,-1.2992207e-05,-0.01395545,0.5993552,4.3042827,0.6818169,5.8373265,0.8375544,1.7538528,0.0,11.080026,-4.109415,0.9537037,114.88396,1.0,0.0,0.0,0.0,0.0,0,5.43378,0.0,8.143483,0.0,4.802807,18.659575,0.0,5.879028,1.3118314,16.61784
2,255,256.0,10.0,1.0,1.0,236.0,1.0,1.0,1.0,0.9999877,1.0,-0.0,0.0,-1.2254855e-05,-0.0,0.39920473,4.1122556,0.84099054,3.3072584,0.8751152,2.9449267,1.0,10.696231,-6.1538143,0.9444444,115.76799,1.0,0.0,0.0,0.0,0.0,0,4.5915103,4.6409736,7.7635098,0.0,4.9363194,16.82228,0.0,7.455712,0.0,16.724747
3,255,256.0,10.0,1.0,1.0,236.0,1.0,1.0,1.0,0.9999908,1.0,-0.0,0.0,-9.208015e-06,-0.0,0.45517498,4.2307754,0.8612065,4.844409,0.8031954,3.351694,1.0,10.708514,-4.801926,0.9537037,113.08636,1.0,0.0,0.0,0.0,0.0,0,2.4161556,0.0,8.040787,0.0,5.311087,14.085209,0.0,8.551309,1.494863,17.726414
0,256,257.0,10.0,1.0,1.0,238.0,1.0,1.0,1.0,0.99476933,1.0,-0.0,0.0,-1.1782321e-05,-0.0052188374,0.3689196,4.542937,0.5918236,5.1357665,1.0236484,2.9332082,0.0,11.472877,-6.5290575,0.9537037,116.39042,1.0,0.0,0.0,0.0,0.0,0,5.305234,0.15812762,6.11629,0.0,2.8766627,17.629332,0.0,3.9361422,0.9997492,16.588974
1,256,257.0,10.0,1.0,1.0,238.0,1.0,1.0,1.0,0.97722644,1.0,-0.0,0.0,-1.4090702e-05,-0.022759492,0.25527105,4.224374,0.6505205,6.365569,0.84160316,1.7395133,0.0,11.916295,-7.231,0.9537037,114.9921,1.0,0.0,0.0,0.0,0.0,0,4.730823,0.0,5.311311,0.0,3.2679052,18.592146,0.0,6.38144,1.2799107,16.841341
2,256,257.0,10.0,1.0,1.0,237.0,1.0,1.0,1.0,0.9981281,1.0,-0.0,0.0,-1.4040046e-05,-0.0018578399,0.39288437,4.2644615,0.72739035,5.1114697,0.88480896,3.1491592,0.0,12.318254,-5.4920306,0.9444444,116.188,1.0,0.0,0.0,0.0,0.0,0,8.259035,0.0,7.0010138,0.0,4.1772714,17.544582,0.0,8.202721,0.0,18.358036
3,256,257.0,10.0,1.0,1.0,237.0,1.0,1.0,1.0,0.9893027,1.0,-0.0,0.0,-9.345072e-06,-0.010687965,0.5811911,4.2436757,0.75221586,5.6412773,0.8094291,3.3060746,0.0,11.678703,-2.706319,0.9537037,113.34372,1.0,0.0,0.0,0.0,0.0,0,5.311024,0.0,7.3850193,0.0,4.444104,17.472054,0.0,8.642189,1.5337733,18.854147
0,257,258.0,10.0,1.0,1.0,239.0,1.0,1.0,1.0,0.9926322,1.0,-0.0,0.0,-1.2451811e-05,-0.0073553445,0.34754986,4.452796,0.61131054,5.2585464,1.0243698,2.9719148,0.0,11.669929,-6.094616,0.9537037,116.50498,1.0,0.0,0.0,0.0,0.0,0,4.4888506,0.59246874,6.5588512,0.0,3.5624807,17.547356,0.0,4.20956,1.0382835,16.747341
1,257,258.0,10.0,1.0,1.0,239.0,1.0,1.0,1.0,0.9667477,1.0,-0.0,0.0,-1.7637636e-05,-0.033234674,0.2371043,4.223977,0.63827544,6.99408,0.84534407,1.7458013,0.0,12.37591,-6.906701,0.9537037,115.00464,1.0,0.0,0.0,0.0,0.0,0,3.83353,0.0,6.272645,0.0,3.6809764,18.51851,0.0,6.194488,1.2851199,17.043308
2,257,258.0,10.0,1.0,1.0,238.0,1.0,1.0,1.0,0.99998784,1.0,-0.0,0.0,-1.2187813e-05,-0.0,0.2914101,4.1435356,0.6883278,4.600033,0.89112085,3.1598299,1.0,11.750156,-6.659168,0.9444444,116.269264,1.0,0.0,0.0,0.0,0.0,0,6.278972,2.4594843,6.4777603,0.0,5.7875814,17.378702,0.0,8.369279,0.0,18.352577
3,257,258.0,10.0,1.0,1.0,238.0,1.0,1.0,1.0,0.98441756,1.0,-0.0,0.0,-1.0593232e-05,-0.015571835,0.29670522,4.17377,0.7240871,5.9343095,0.81609106,3.144433,0.0,12.05859,-5.532764,0.9537037,113.46129,1.0,0.0,0.0,0.0,0.0,0,4.5396347,0.0,6.795527,0.0,2.8949296,15.082164,0.0,9.159729,1.7761962,18.028086
0,258,259.0,10.0,1.0,1.0,240.0,1.0,1.0,1.0,0.9977881,1.0,-0.0,0.0,-9.4514835e-06,-0.0022024382,0.5153313,4.628529,0.6859389,3.5704048,1.0176195,3.1421916,0.0,10.25768,-5.1345935,0.9537037,117.54873,1.0,0.0,0.0,0.0,0.0,0,2.9579792,1.2334456,13.963876,0.0,4.5860925,17.749386,0.0,3.6831572,0.90114546,16.980108
1,258,259.0,10.0,1.0,1.0,240.0,1.0,1.0,1.0,0.9891175,1.0,-0.0,0.0,-9.636997e-06,-0.010872843,0.28616226,4.5221367,0.6898185,5.65237,0.8512728,1.7255081,0.0,10.75206,-6.3760533,0.9537037,116.01387,1.0,0.0,0.0,0.0,0.0,0,2.7092505,1.5468192,8.687537,0.0,5.9436035,18.70114,0.0,5.5969677,0.3587939,17.192991
2,258,259.0,10.0,1.0,1.0,239.0,1.0,1.0,1.0,0.9999893,1.0,-0.0,0.0,-1.0723779e-05,-0.0,0.38480684,4.1459103,0.67516655,4.78031,0.898231,3.0881667,1.0,11.793945,-5.6347923,0.9444444,116.30099,1.0,0.0,0.0,0.0,0.0,0,6.03007,1.5562373,6.4153037,0.0,3.8961744,17.613958,0.0,8.657706,0.0,18.403559
3,258,259.0,10.0,1.0,1.0,239.0,1.0,1.0,1.0,0.9804305,1.0,-0.0,0.0,-9.526279e-06,-0.019559968,0.37981644,4.16279,0.71157014,6.173598,0.816299,3.2163029,0.0,12.30533,-4.3952055,0.9537037,113.5175,1.0,0.0,0.0,0.0,0.0,0,3.8349855,0.0,5.842113,0.0,3.8146954,16.519556,0.0,10.135459,1.5673662,19.295307
0,259,260.0,10.0,1.0,1.0,241.0,1.0,1.0,1.0,0.9969223,1.0,-0.0,0.0,-1.2440711e-05,-0.0030652154,0.23638494,4.6571975,0.6527162,3.762144,1.0245217,3.1879458,0.0,10.655102,-6.300972,0.9537037,118.32061,1.0,0.0,0.0,0.0,0.0,0,4.741915,0.0,6.3135386,0.0,3.4076703,17.725239,0.0,3.235803,0.3268086,16.812157
1,259,260.0,10.0,1.0,1.0,241.0,1.0,1.0,1.0,0.99999046,1.0,-0.0,0.0,-9.507174e-06,-0.0,0.40541106,4.2763104,0.7729378,4.9627194,0.8580326,2.2039676,1.0,10.152939,-4.632483,0.9537037,116.85083,1.0,0.0,0.0,0.0,0.0,0,2.2419806,0.42248607,11.455719,0.0,6.0101695,19.048054,0.0,6.05784,0.0,19.569542
2,259,260.0,10.0,1.0,1.0,240.0,1.0,1.0,1.0,0.999992,1.0,-0.0,0.0,-8.0065965e-06,-0.0,0.3767792,4.3993683,0.72335994,3.571939,0.8907143,3.2294188,1.0,10.531846,-6.016102,0.9444444,117.2757,1.0,0.0,0.0,0.0,0.0,0,4.6900268,7.137261,10.0953865,0.0,6.5339355,18.92183,0.0,7.426939,0.0,18.670536
3,259,260.0,10.0,1.0,1.0,240.0,1.0,1.0,1.0,0.9972708,1.0,-0.0,0.0,-7.7235245e-06,-0.002721446,0.37013814,4.339254,0.8298279,5.163286,0.8213397,3.13945,0.0,10.571588,-5.062272,0.9537037,114.48661,1.0,0.0,0.0,0.0,0.0,0,2.208581,0.0,9.888324,0.0,5.054257,16.442644,0.0,9.887084,1.5107061,19.293066
0,260,261.0,10.0,1.0,1.0,242.0,1.0,1.0,1.0,0.9967587,1.0,-0.0,0.0,-1.3800128e-05,-0.0032274867,0.20685345,4.445371,0.6551453,3.759646,1.0258199,3.2184925,0.0,10.751163,-6.4204063,0.9537037,118.738464,1.0,0.0,0.0,0.0,0.0,0,4.46312,0.0,8.399255,0.0,5.3789134,18.17373,0.0,3.4794793,0.31013653,16.84644
1,260,261.0,10.0,1.0,1.0,242.0,1.0,1.0,1.0,0.9905362,1.0,-0.0,0.0,-1.2304188e-05,-0.009451481,0.13605058,4.2741904,0.68201804,5.5670886,0.87197274,2.1789658,0.0,10.973394,-6.8123293,0.9537037,117.31063,1.0,0.0,0.0,0.0,0.0,0,4.4201803,0.0,5.9117484,0.0,3.8450286,19.414482,0.0,6.6109214,0.0,19.48068
2,260,261.0,10.0,1.0,1.0,241.0,1.0,1.0,1.0,0.9999899,1.0,-0.0,0.0,-1.009898e-05,-0.0,0.25438666,4.3892403,0.7095926,3.6181016,0.8971737,3.3677707,1.0,10.656745,-5.9279494,0.9444444,118.038956,1.0,0.0,0.0,0.0,0.0,0,4.8489175,4.5642557,7.8271594,0.0,5.590134,19.113499,0.0,8.35858,0.0,18.803883
3,260,261.0,10.0,1.0,1.0,241.0,1.0,1.0,1.0,0.9999894,1.0,-0.0,0.0,-1.061939e-05,-0.0,0.26241615,4.245331,0.81169057,4.9699717,0.8163025,3.464245,1.0,10.688058,-4.000942,0.9537037,115.21897,1.0,0.0,0.0,0.0,0.0,0,1.84541,0.0,8.332527,0.0,5.624736,16.583961,0.0,8.924943,1.0123138,19.396353
0,261,262.0,10.0,1.0,1.0,243.0,1.0,1.0,1.0,0.99658173,1.0,-0.0,0.0,-1.4518508e-05,-0.003403728,0.48809612,4.239898,0.63714564,4.0520673,1.0272298,3.2715626,0.0,11.042075,-3.88858,0.9537037,119.04748,1.0,0.0,0.0,0.0,0.0,0,4.6035028,0.0,7.100567,0.0,3.876247,17.918444,0.0,4.5097895,0.0,16.935785
1,261,262.0,10.0,1.0,1.0,243.0,1.0,1.0,1.0,0.9789149,1.0,-0.0,0.0,-1.4106683e-05,-0.021070963,0.25897658,3.9984617,0.6369948,6.2642574,0.87726265,2.2749202,0.0,11.758689,-5.445338,0.9537037,117.688576,1.0,0.0,0.0,0.0,0.0,0,3.437808,0.0,6.1165814,0.0,3.494574,18.91731,0.0,6.920002,0.0,19.726562
2,261,262.0,10.0,1.0,1.0,242.0,1.0,1.0,1.0,0.9999861,1.0,-0.0,0.0,-1.3866777e-05,-0.0,0.14347807,4.2961416,0.67397726,3.9576538,0.9040801,3.5327141,1.0,10.973089,-6.974396,0.9444444,118.47996,1.0,0.0,0.0,0.0,0.0,0,5.4526963,3.1722083,7.3633103,0.0,4.9150343,19.070482,0.0,8.309426,0.0,19.094118
3,261,262.0,10.0,1.0,1.0,242.0,1.0,1.0,1.0,0.99223953,1.0,-0.0,0.0,-9.960134e-06,-0.007750493,0.09314921,4.133032,0.72968096,5.4650292,0.81158715,3.3920884,0.0,11.314473,-5.7185516,0.9537037,115.59325,1.0,0.0,0.0,0.0,0.0,0,3.0732398,0.0,6.9786186,0.0,3.709605,15.990181,0.0,9.037606,1.2652912,19.792086
0,262,263.0,10.0,1.0,1.0,244.0,1.0,1.0,1.0,0.9956388,1.0,-0.0,0.0,-1.03445545e-05,-0.004350813,0.40455645,4.1387167,0.63311696,4.1501822,1.0348065,3.3745043,0.0,11.157556,-4.7292066,0.9537037,119.420586,1.0,0.0,0.0,0.0,0.0,0,4.427536,0.0,6.701956,0.0,3.6018937,17.68221,0.0,4.61624,0.0,17.141682
1,262,263.0,10.0,1.0,1.0,244.0,1.0,1.0,1.0,0.9766554,1.0,-0.0,0.0,-1.049948e-05,-0.023334082,0.25971568,3.9973233,0.633421,6.4000444,0.8824328,2.3111043,0.0,11.904264,-5.8816133,0.9537037,118.060234,1.0,0.0,0.0,0.0,0.0,0,2.5226278,1.6741098,6.3030314,0.0,3.2870584,18.745043,0.0,6.9519963,0.0,19.622978
2,262,263.0,10.0,1.0,1.0,243.0,1.0,1.0,1.0,0.99998575,1.0,-0.0,0.0,-1.4249455e-05,-0.0,0.40801838,4.0857253,0.64662623,4.3088098,0.9082054,3.5815687,1.0,11.226615,-4.7075405,0.9444444,118.78332,1.0,0.0,0.0,0.0,0.0,0,5.5625806,2.49781,6.4435105,0.0,4.018325,17.745346,0.0,8.157998,0.0,19.217731
3,262,263.0,10.0,1.0,1.0,243.0,1.0,1.0,1.0,0.9807506,1.0,-0.0,0.0,-1.3325483e-05,-0.019236011,0.29039457,3.9221466,0.6796105,6.15416,0.80836433,3.4561007,0.0,12.061336,-2.683429,0.9537037,115.94813,1.0,0.0,0.0,0.0,0.0,0,3.462596,0.0,6.3006687,0.0,3.6260898,16.183504,0.0,9.421118,1.1526722,19.836792
0,263,264.0,10.0,1.0,1.0,245.0,1.0,1.0,1.0,0.99507004,1.0,-0.0,0.0,-8.220961e-06,-0.004921737,0.39376354,4.2327347,0.61799127,4.5129204,1.0393739,3.416463,0.0,11.128169,-4.2139287,0.9537037,119.61787,1.0,0.0,0.0,0.0,0.0,0,3.8202088,0.0,5.451471,0.0,3.381761,17.703608,0.0,4.56112,0.0,17.310781
1,263,264.0,10.0,1.0,1.0,245.0,1.0,1.0,1.0,0.9700693,1.0,-0.0,0.0,-7.1206414e-06,-0.029923607,0.27017966,4.120705,0.63576764,6.795416,0.8881177,2.3393807,0.0,11.859763,-5.9804564,0.9537037,118.24966,1.0,0.0,0.0,0.0,0.0,0,2.250356,1.8109438,5.4539332,0.0,2.9305844,18.728174,0.0,6.802033,0.0,19.831896
2,263,264.0,10.0,1.0,1.0,244.0,1.0,1.0,1.0,0.9999886,1.0,-0.0,0.0,-1.1355181e-05,-0.0,0.327944,3.9845672,0.6399015,4.395334,0.91202193,3.522062,1.0,11.346249,-5.4877996,0.9444444,119.17746,1.0,0.0,0.0,0.0,0.0,0,5.3628626,1.6352459,5.8662634,0.0,3.6510484,18.073582,0.0,8.295537,0.0,19.200169
3,263,264.0,10.0,1.0,1.0,244.0,1.0,1.0,1.0,0.978814,1.0,-0.0,0.0,-1.0920101e-05,-0.021175088,0.21872818,3.8584266,0.67264557,6.270505,0.80996037,3.4762006,0.0,12.246995,-4.8961544,0.9537037,116.32883,1.0,0.0,0.0,0.0,0.0,0,2.663602,0.0,6.481451,0.0,3.26756,16.028982,0.0,9.243424,1.1006185,19.760565
0,264,265.0,10.0,1.0,1.0,246.0,1.0,1.0,1.0,0.9952605,1.0,-0.0,0.0,-7.361657e-06,-0.004732143,0.5268756,3.9550385,0.6225574,4.444045,1.0378572,3.4561007,0.0,11.338712,-4.2597747,0.9537037,120.33583,1.0,0.0,0.0,0.0,0.0,0,4.1026616,0.0,7.021745,0.0,3.7119453,17.850485,0.0,4.14483,0.0,17.334354
1,264,265.0,10.0,1.0,1.0,246.0,1.0,1.0,1.0,0.9762599,1.0,-0.0,0.0,-7.1186096e-06,-0.02373303,0.45835042,3.868929,0.6428402,6.423981,0.8909298,2.3656657,0.0,11.699436,-4.726651,0.9537037,118.93151,1.0,0.0,0.0,0.0,0.0,0,1.9044173,2.5596023,7.05726,0.0,3.119449,18.871649,0.0,6.1215267,0.0,18.861639
2,264,265.0,10.0,1.0,1.0,245.0,1.0,1.0,1.0,0.99999154,1.0,-0.0,0.0,-8.454093e-06,-0.0,0.320708,4.092342,0.6192206,4.8036733,0.9143841,3.5570052,1.0,11.315553,-4.973581,0.9444444,119.368866,1.0,0.0,0.0,0.0,0.0,0,4.8764496,2.269986,6.29617,0.0,3.1742115,18.053331,0.0,8.321904,0.0,19.34843
3,264,265.0,10.0,1.0,1.0,245.0,1.0,1.0,1.0,0.97913855,1.0,-0.0,0.0,-7.3821716e-06,-0.020854061,0.34535342,3.9454486,0.66601294,6.251243,0.81255025,3.4993181,0.0,11.838109,-3.664434,0.9537037,116.46849,1.0,0.0,0.0,0.0,0.0,0,2.127564,0.0,6.049741,0.0,3.317533,16.076305,0.0,9.161155,1.0549324,19.93383
0,265,266.0,10.0,1.0,1.0,247.0,1.0,1.0,1.0,0.9951227,1.0,-0.0,0.0,-8.546721e-06,-0.0048688147,0.34366027,4.0066934,0.6145074,4.403697,1.0389504,3.5006602,0.0,11.330667,-5.793297,0.9537037,120.57662,1.0,0.0,0.0,0.0,0.0,0,4.0300584,0.0,7.0859847,0.0,3.7284415,17.83057,0.0,4.181912,0.0,17.464073
1,265,266.0,10.0,1.0,1.0,247.0,1.0,1.0,1.0,0.9789758,1.0,-0.0,0.0,-9.551874e-06,-0.021014692,0.29050225,3.94812,0.648107,6.260881,0.8925369,2.4428248,0.0,11.502696,-7.272615,0.9537037,119.13388,1.0,0.0,0.0,0.0,0.0,0,1.34759,2.768097,6.632123,0.0,2.944547,18.908842,0.0,6.0352325,0.0,18.93084
2,265,266.0,10.0,1.0,1.0,246.0,1.0,1.0,1.0,0.99999297,1.0,-0.0,0.0,-7.046698e-06,-0.0,0.5077228,3.8211808,0.6232556,4.5364523,0.9175498,3.6011863,1.0,11.257708,-4.618156,0.9444444,120.069595,1.0,0.0,0.0,0.0,0.0,0,5.3081036,3.1191728,6.90193,0.0,3.7632833,17.789824,0.0,7.5587993,0.0,19.669027
3,265,266.0,10.0,1.0,1.0,246.0,1.0,1.0,1.0,0.9833889,1.0,-0.0,0.0,-6.593052e-06,-0.016604466,0.4844364,3.6609802,0.67103326,5.996268,0.81421787,3.5846274,0.0,11.891841,-2.8733275,0.9537037,117.18514,1.0,0.0,0.0,0.0,0.0,0,2.3881269,0.0,6.7995305,0.0,3.2334647,16.159521,0.0,8.97915,1.0711107,19.943514
0,266,267.0,10.0,1.0,1.0,248.0,1.0,1.0,1.0,0.9949009,1.0,-0.0,0.0,-7.3226342e-06,-0.005091785,0.2622288,4.0445704,0.6202544,4.4770417,1.0407343,3.5706239,0.0,11.25349,-6.6857514,0.9537037,120.69208,1.0,0.0,0.0,0.0,0.0,0,2.783733,0.0,3.9477684,0.0,2.517878,17.392242,0.0,5.7850404,0.0,18.695194
1,266,267.0,10.0,1.0,1.0,248.0,1.0,1.0,1.0,0.9873831,1.0,-0.0,0.0,-7.716896e-06,-0.012609212,0.2600249,3.9566584,0.6553129,5.756552,0.89377165,2.5610836,0.0,11.040719,-7.46389,0.9537037,119.2937,1.0,0.0,0.0,0.0,0.0,0,1.3667408,2.510536,4.2999887,0.0,3.1493382,19.049578,0.0,5.771286,0.0,19.35689
2,266,267.0,10.0,1.0,1.0,247.0,1.0,1.0,1.0,0.9999905,1.0,-0.0,0.0,-9.456043e-06,-0.0,0.311378,3.8747635,0.6196783,4.475118,0.92035395,3.5855012,1.0,11.167769,-6.6464653,0.9444444,120.29972,1.0,0.0,0.0,0.0,0.0,0,4.800036,2.8650808,6.301068,0.0,3.5727792,18.280882,0.0,8.347682,0.0,19.551748
3,266,267.0,10.0,1.0,1.0,247.0,1.0,1.0,1.0,0.98322994,1.0,-0.0,0.0,-8.998143e-06,-0.016761042,0.2784811,3.7492118,0.66953933,6.005662,0.81573796,3.621994,0.0,11.959486,-5.5587573,0.9537037,117.41438,1.0,0.0,0.0,0.0,0.0,0,2.12643,0.0,6.5911984,0.0,3.431148,16.062084,0.0,8.816519,0.69683844,19.740936
0,267,268.0,10.0,1.0,1.0,249.0,1.0,1.0,1.0,0.99474657,1.0,-0.0,0.0,-9.44061e-06,-0.005244033,0.3645666,3.9387722,0.64854926,4.4675894,1.0419523,3.5446596,0.0,11.474593,-6.864379,0.9537037,121.189514,1.0,0.0,0.0,0.0,0.0,0,3.3391101,0.0,7.6615467,0.0,3.7067962,17.086014,0.0,5.8900495,0.0,18.304466
1,267,268.0,10.0,1.0,1.0,249.0,1.0,1.0,1.0,0.99804884,1.0,-0.0,0.0,-1.1700275e-05,-0.0019394963,0.4379131,3.8021219,0.6922908,5.1163692,0.90530396,2.6197047,0.0,10.586022,-6.795113,0.9537037,119.742775,1.0,0.0,0.0,0.0,0.0,0,1.817786,3.7260516,8.095663,0.0,3.3707316,18.260723,0.0,5.661343,0.0,19.73621
2,267,268.0,10.0,1.0,1.0,248.0,1.0,1.0,1.0,0.9999929,1.0,-0.0,0.0,-7.083334e-06,-0.0,0.24070516,3.9281375,0.61574507,4.4191365,0.91710037,3.5512788,1.0,10.917259,-7.1171055,0.9444444,120.403,1.0,0.0,0.0,0.0,0.0,0,5.989938,1.0783439,4.126098,0.0,7.043577,17.498842,0.0,8.770181,0.0,20.55199
3,267,268.0,10.0,1.0,1.0,248.0,1.0,1.0,1.0,0.98410916,1.0,-0.0,0.0,-7.2165926e-06,-0.015883634,0.23446716,3.752847,0.6734207,5.9530177,0.8168659,3.698347,0.0,11.693273,-5.853706,0.9537037,117.53667,1.0,0.0,0.0,0.0,0.0,0,2.2140365,0.0,4.9649925,0.0,2.0948124,14.729911,0.0,7.6095147,0.06805592,18.214016
0,268,269.0,10.0,1.0,1.0,250.0,1.0,1.0,1.0,0.99481773,1.0,-0.0,0.0,-7.4912696e-06,-0.005174766,0.43721944,3.883648,0.6291433,4.2449265,1.041398,3.556565,0.0,11.296233,-6.3832746,0.9537037,121.5027,1.0,0.0,0.0,0.0,0.0,0,3.0694175,0.0,7.4242396,0.0,3.5797925,16.939854,0.0,5.9511967,0.0,18.201828
1,268,269.0,10.0,1.0,1.0,250.0,1.0,1.0,1.0,0.99819946,1.0,-0.0,0.0,-9.118082e-06,-0.0017914376,0.43576097,3.7917774,0.69533426,5.107486,0.9026002,2.6945302,0.0,10.606026,-6.5851946,0.9537037,120.02066,1.0,0.0,0.0,0.0,0.0,0,1.3024728,3.4959219,6.4457326,0.0,2.6766486,19.467592,0.0,5.548757,0.0,19.321915
2,268,269.0,10.0,1.0,1.0,249.0,1.0,1.0,1.0,0.99999005,1.0,-0.0,0.0,-9.94532e-06,-0.0,0.37997514,3.7588472,0.64931846,3.9558728,0.91826415,3.5011075,1.0,10.768321,-7.1424246,0.9444444,120.898415,1.0,0.0,0.0,0.0,0.0,0,5.013464,2.879807,7.6102123,0.0,3.299272,17.529337,0.0,8.774763,0.0,20.281235
3,268,269.0,10.0,1.0,1.0,249.0,1.0,1.0,1.0,0.9871491,1.0,-0.0,0.0,-8.449116e-06,-0.012842434,0.41883177,3.6134124,0.68277067,5.7705455,0.8161156,3.8450859,0.0,11.623083,-3.680664,0.9537037,118.07912,1.0,0.0,0.0,0.0,0.0,0,2.3174715,0.0,7.5056596,0.0,3.49174,16.052526,0.0,8.297537,0.0,19.70646
0,269,270.0,10.0,1.0,1.0,251.0,1.0,1.0,1.0,0.99504936,1.0,-0.0,0.0,-8.148267e-06,-0.0049424474,0.37777275,3.8508065,0.6347102,4.187552,1.0395396,3.5966182,0.0,11.127532,-7.2633877,0.9537037,121.84499,1.0,0.0,0.0,0.0,0.0,0,2.5397847,0.0,3.9982421,0.0,1.6846284,16.94003,0.0,6.0454707,0.0,18.162367
1,269,270.0,10.0,1.0,1.0,251.0,1.0,1.0,1.0,0.99999005,1.0,-0.0,0.0,-9.964087e-06,-0.0,0.37745798,3.7380013,0.69231325,4.8886504,0.89143103,2.8945248,1.0,10.252615,-7.3892975,0.9537037,120.386246,1.0,0.0,0.0,0.0,0.0,0,2.096619,6.163438,4.094375,0.0,8.886608,19.502462,0.0,4.905605,0.0,19.133858
2,269,270.0,10.0,1.0,1.0,250.0,1.0,1.0,1.0,0.9999929,1.0,-0.0,0.0,-7.0897718e-06,-0.0,0.45105183,3.7507489,0.6481631,3.8267188,0.918294,3.4649227,1.0,10.577301,-6.7485495,0.9444444,121.157646,1.0,0.0,0.0,0.0,0.0,0,4.5581465,2.7791266,6.826584,0.0,3.401172,17.885015,0.0,8.945237,0.0,20.181551
3,269,270.0,10.0,1.0,1.0,250.0,1.0,1.0,1.0,0.98794365,1.0,-0.0,0.0,-8.704437e-06,-0.012047621,0.34841335,3.5882094,0.6816967,5.722857,0.8190392,3.8918314,0.0,11.73915,-5.741791,0.9537037,118.3577,1.0,0.0,0.0,0.0,0.0,0,2.214717,0.0,6.580011,0.0,3.267473,16.086061,0.0,7.791221,0.9063443,19.845663
0,270,271.0,10.0,1.0,1.0,252.0,1.0,1.0,1.0,0.99496424,1.0,-0.0,0.0,-1.4529669e-05,-0.0050211907,0.88647753,3.6095963,0.927863,2.8640764,1.0401695,3.5942233,0.0,10.31782,-4.6110806,0.9537037,122.45648,1.0,0.0,0.0,0.0,0.0,0,1.4638383,0.0,8.720604,0.0,5.4428916,16.549156,0.0,6.0160975,0.0,17.935265
1,270,271.0,10.0,1.0,1.0,252.0,1.0,1.0,1.0,0.99998397,1.0,-0.0,0.0,-1.601789e-05,-0.0,0.77499896,3.5709496,0.82300806,3.5887747,0.89213,3.1149194,1.0,9.714076,-5.101759,0.9537037,120.96812,1.0,0.0,0.0,0.0,0.0,0,1.5566711,5.4586277,10.052228,0.0,5.220588,19.356783,0.0,5.319448,0.0,19.048225
2,270,271.0,10.0,1.0,1.0,251.0,1.0,1.0,1.0,0.99999243,1.0,-0.0,0.0,-7.583376e-06,-0.0,0.36584362,3.71354,0.6291352,3.9364316,0.9078623,3.4411194,1.0,10.293328,-7.430492,0.9444444,121.54312,1.0,0.0,0.0,0.0,0.0,0,4.7277284,4.7179656,3.8519278,0.0,11.077888,17.453817,0.0,8.523765,0.0,19.728958
3,270,271.0,10.0,1.0,1.0,251.0,1.0,1.0,1.0,0.988729,1.0,-0.0,0.0,-1.1061957e-05,-0.011259929,0.30349195,3.534995,0.680907,5.6755953,0.8231966,4.1452746,0.0,11.586193,-6.333448,0.9537037,118.69501,1.0,0.0,0.0,0.0,0.0,0,2.4172196,0.0,3.7953007,0.0,2.3309898,16.429153,0.0,7.24794,0.40385556,20.632038
0,271,272.0,10.0,1.0,1.0,253.0,1.0,1.0,1.0,0.9964309,1.0,-0.0,0.0,-1.0282583e-05,-0.0035588164,0.61320215,3.773988,0.88232857,3.5209503,1.0284705,3.773778,0.0,9.843106,-7.6050806,0.9537037,122.60547,1.0,0.0,0.0,0.0,0.0,0,1.9481093,0.0,10.774983,0.0,2.7233644,19.307362,0.0,5.83825,0.0,17.882744
1,271,272.0,10.0,1.0,1.0,253.0,1.0,1.0,1.0,0.99999046,1.0,-0.0,0.0,-9.520997e-06,-0.0,0.5179193,3.6952524,0.7989264,4.207694,0.87963015,3.5118232,1.0,9.189064,-7.1352487,0.9537037,121.20843,1.0,0.0,0.0,0.0,0.0,0,1.0365741,8.832664,8.761123,0.0,6.8450775,19.076664,0.0,4.9121633,0.0,20.090897
2,271,272.0,10.0,1.0,1.0,252.0,1.0,1.0,1.0,0.9999875,1.0,-0.0,0.0,-1.2523192e-05,-0.0,0.7691201,3.5351012,0.7365258,2.8490052,0.90590173,3.4208133,1.0,9.825592,-5.094952,0.9444444,122.17748,1.0,0.0,0.0,0.0,0.0,0,4.4176908,4.577996,10.092569,0.0,2.6461494,16.664268,0.0,8.815667,0.0,19.681807
3,271,272.0,10.0,1.0,1.0,252.0,1.0,1.0,1.0,0.9914764,1.0,-0.0,0.0,-1.2183069e-05,-0.008511426,0.6356049,3.4459212,0.68874586,5.510685,0.83422136,4.3097177,0.0,11.418182,-4.3328114,0.9537037,119.43434,1.0,0.0,0.0,0.0,0.0,0,1.5057473,0.5098311,7.9265842,0.0,3.8493903,16.740501,0.0,6.8118043,0.0,21.324835
0,272,273.0,10.0,1.0,1.0,254.0,1.0,1.0,1.0,0.99551994,1.0,-0.0,0.0,-1.3836374e-05,-0.004466239,0.83306247,3.4908838,0.8779133,3.2265086,1.0357299,3.719664,0.0,10.13962,-5.384121,0.9537037,123.2059,1.0,0.0,0.0,0.0,0.0,0,2.0678928,0.0,7.104144,0.0,3.360829,16.079165,0.0,6.0636644,0.0,17.874622
1,272,273.0,10.0,1.0,1.0,254.0,1.0,1.0,1.0,0.99998593,1.0,-0.0,0.0,-1.405755e-05,-0.0,0.6611597,3.4806225,0.75721055,4.2666326,0.8898349,3.4019973,1.0,9.600481,-7.2560625,0.9537037,121.74161,1.0,0.0,0.0,0.0,0.0,0,1.3770971,7.6636252,7.0157743,0.0,3.0972836,19.609188,0.0,5.3846264,0.0,18.025114
2,272,273.0,10.0,1.0,1.0,253.0,1.0,1.0,1.0,0.99999154,1.0,-0.0,0.0,-8.493137e-06,-0.0,0.61688685,3.7424166,0.7865945,3.6579094,0.8952078,3.6392434,1.0,9.264928,-7.4018726,0.9444444,122.265076,1.0,0.0,0.0,0.0,0.0,0,3.1538901,5.925634,9.382069,0.0,2.867086,19.302423,0.0,7.707898,0.0,18.630575
3,272,273.0,10.0,1.0,1.0,253.0,1.0,1.0,1.0,0.9961148,1.0,-0.0,0.0,-8.920465e-06,-0.0038762605,0.15521553,3.7050703,0.6974964,5.2325754,0.8321725,4.520374,0.0,11.169762,-8.507871,0.9537037,119.59703,1.0,0.0,0.0,0.0,0.0,0,2.0690196,1.1921524,4.197468,0.0,3.969195,16.646055,0.0,6.5267024,0.0,20.479929
0,273,274.0,10.0,1.0,1.0,255.0,1.0,1.0,1.0,0.9958874,1.0,-0.0,0.0,-1.2695947e-05,-0.004099915,0.4551716,3.73843,0.83841616,3.207285,1.0327992,3.762768,0.0,10.392846,-8.60852,0.9537037,123.37824,1.0,0.0,0.0,0.0,0.0,0,1.8187052,0.0,3.8424428,0.0,2.8648808,16.22369,0.0,5.86374,0.0,18.316078
1,273,274.0,10.0,1.0,1.0,255.0,1.0,1.0,1.0,0.99998474,1.0,-0.0,0.0,-1.5270803e-05,-0.0,0.30026808,3.805801,0.6829591,4.6246443,0.8895818,3.4610798,1.0,9.903732,-10.079102,0.9537037,121.910416,1.0,0.0,0.0,0.0,0.0,0,1.311762,4.598645,5.7388415,0.0,2.3557103,19.908432,0.0,5.4119205,0.0,18.179152
2,273,274.0,10.0,1.0,1.0,254.0,1.0,1.0,1.0,0.99998826,1.0,-0.0,0.0,-1.1733298e-05,-0.0,0.7353481,3.446673,0.76540846,3.3357747,0.8985933,3.6209133,1.0,9.472555,-6.786351,0.9444444,122.87494,1.0,0.0,0.0,0.0,0.0,0,3.9669104,4.1811733,6.553365,0.0,3.6166317,16.787685,0.0,8.315698,0.0,19.19986
3,273,274.0,10.0,1.0,1.0,254.0,1.0,1.0,1.0,0.9915938,1.0,-0.0,0.0,-1.5699628e-05,-0.008390575,0.3617797,3.421589,0.686695,5.503434,0.835998,4.510318,0.0,11.514968,-6.796972,0.9537037,120.23834,1.0,0.0,0.0,0.0,0.0,0,0.9338154,3.0012956,6.592538,0.0,2.9383824,16.237701,0.0,6.3415694,0.0,20.361195
0,274,275.0,10.0,1.0,1.0,256.0,1.0,1.0,1.0,0.99567646,1.0,-0.0,0.0,-1.6305636e-05,-0.004307227,0.34731776,3.669098,0.8389188,3.215816,1.0344578,3.7217681,0.0,10.54973,-10.095198,0.9537037,123.64316,1.0,0.0,0.0,0.0,0.0,0,1.5013961,0.0,7.142541,0.0,3.2932632,16.714167,0.0,6.0743904,0.0,17.569347
1,274,275.0,10.0,1.0,1.0,256.0,1.0,1.0,1.0,0.9999814,1.0,-0.0,0.0,-1.8574576e-05,-0.0,0.1817692,3.7232232,0.6625124,4.7189918,0.8894318,3.471243,1.0,10.275749,-10.599686,0.9537037,122.18957,1.0,0.0,0.0,0.0,0.0,0,1.0351174,7.280858,7.577978,0.0,2.684686,19.700788,0.0,5.6725554,0.0,17.9181
2,274,275.0,10.0,1.0,1.0,255.0,1.0,1.0,1.0,0.9999852,1.0,-0.0,0.0,-1.477599e-05,-0.0,0.33387318,3.6615913,0.682514,3.3996956,0.8901073,3.767342,1.0,9.827473,-10.199582,0.9444444,123.13483,1.0,0.0,0.0,0.0,0.0,0,4.650225,0.0,6.7643456,0.0,3.9524963,16.532417,0.0,7.599313,0.0,18.395578
3,274,275.0,10.0,1.0,1.0,255.0,1.0,1.0,1.0,0.994947,1.0,-0.0,0.0,-7.421299e-06,-0.005045518,0.28516576,3.6319788,0.6998123,5.3027306,0.84015036,4.609044,0.0,11.110851,-7.583711,0.9537037,120.334076,1.0,0.0,0.0,0.0,0.0,0,1.1084777,3.6359785,4.9287443,0.0,2.3248777,16.340958,0.0,6.480999,0.0,20.632822
0,275,276.0,10.0,1.0,1.0,257.0,1.0,1.0,1.0,0.99616444,1.0,-0.0,0.0,-1.2008079e-05,-0.003823603,0.52811503,3.5517757,0.81789625,3.316476,1.0305887,3.7669263,0.0,10.557563,-8.344456,0.9537037,124.16168,1.0,0.0,0.0,0.0,0.0,0,1.2978598,0.0,4.4169016,0.0,2.2192876,16.612495,0.0,6.090886,0.0,17.392555
1,275,276.0,10.0,1.0,1.0,257.0,1.0,1.0,1.0,0.9999857,1.0,-0.0,0.0,-1.43006e-05,-0.0,0.4875876,3.681993,0.668718,4.812792,0.8947379,3.465375,1.0,10.075461,-7.7992334,0.9537037,122.627365,1.0,0.0,0.0,0.0,0.0,0,0.5227983,6.2898927,5.0085,0.0,2.1934354,19.651318,0.0,5.539306,0.0,19.642418
2,275,276.0,10.0,1.0,1.0,256.0,1.0,1.0,1.0,0.9999859,1.0,-0.0,0.0,-1.41452865e-05,-0.0,0.4134875,3.6009307,0.6828119,3.4301827,0.8962903,3.7257621,1.0,9.779616,-9.251032,0.9444444,123.40338,1.0,0.0,0.0,0.0,0.0,0,4.0411415,4.399463,6.925372,0.0,2.952631,17.190863,0.0,8.490464,0.0,18.97585
3,275,276.0,10.0,1.0,1.0,256.0,1.0,1.0,1.0,0.9984172,1.0,-0.0,0.0,-8.829752e-06,-0.0015739957,0.29773936,3.6113698,0.70705444,5.0944395,0.84735405,4.619394,0.0,10.956337,-6.5773873,0.9537037,120.532486,1.0,0.0,0.0,0.0,0.0,0,1.0767757,4.3237376,7.467034,0.0,3.3943732,17.447878,0.0,6.5121765,0.0,21.241468
0,276,277.0,10.0,1.0,1.0,258.0,1.0,1.0,1.0,0.99838716,1.0,-0.0,0.0,-1.0773929e-05,-0.0016020611,0.6268155,3.5242808,0.8263171,3.370326,1.0128164,3.8942444,0.0,10.682642,-5.8187823,0.9537037,124.602875,1.0,0.0,0.0,0.0,0.0,0,0.9849697,0.0,7.706374,0.0,3.3958216,17.685293,0.0,5.6102295,0.0,18.1059
1,276,277.0,10.0,1.0,1.0,258.0,1.0,1.0,1.0,0.9999838,1.0,-0.0,0.0,-1.618725e-05,-0.0,0.49930438,3.5793498,0.66142774,4.9107018,0.8858134,3.332018,1.0,10.186593,-4.9976277,0.9537037,123.13349,1.0,0.0,0.0,0.0,0.0,0,0.85681206,9.088252,8.215826,0.0,3.301775,19.307783,0.0,5.6362143,0.0,19.294018
2,276,277.0,10.0,1.0,1.0,257.0,1.0,1.0,1.0,0.9999889,1.0,-0.0,0.0,-1.109627e-05,-0.0,0.42620337,3.563878,0.65678304,3.5481913,0.8965536,3.717559,1.0,9.964861,-8.29775,0.9444444,123.83495,1.0,0.0,0.0,0.0,0.0,0,4.2042375,1.0834734,4.786492,0.0,2.3214157,17.574701,0.0,8.607433,0.0,18.71766
3,276,277.0,10.0,1.0,1.0,257.0,1.0,1.0,1.0,0.9999929,1.0,-0.0,0.0,-7.101461e-06,-0.0,0.61613435,3.5406322,0.7211607,4.7789993,0.85506076,4.7888193,1.0,10.546727,-2.7082534,0.9537037,120.962105,1.0,0.0,0.0,0.0,0.0,0,0.7625932,4.570548,4.5372,0.0,2.6484416,17.566425,0.0,6.400947,0.0,21.448961
0,277,278.0,10.0,1.0,1.0,259.0,1.0,1.0,1.0,0.9984157,1.0,-0.0,0.0,-8.619365e-06,-0.0015756465,0.5276602,3.9054368,0.8192864,3.3322527,1.0126052,3.9178932,0.0,10.561271,-6.739339,0.9537037,124.87922,1.0,0.0,0.0,0.0,0.0,0,1.1890854,0.0,6.9014363,0.0,3.0731266,17.674042,0.0,5.826016,0.0,17.462078
1,277,278.0,10.0,1.0,1.0,259.0,1.0,1.0,1.0,0.9999889,1.0,-0.0,0.0,-1.1060774e-05,-0.0,0.42325482,4.013529,0.67675954,4.9051185,0.88738483,3.2583756,1.0,9.975216,-5.9610205,0.9537037,123.457504,1.0,0.0,0.0,0.0,0.0,0,0.5625346,9.098367,8.034241,0.0,3.0676131,18.561802,0.0,4.890968,0.0,19.335878
2,277,278.0,10.0,1.0,1.0,258.0,1.0,1.0,1.0,0.99998826,1.0,-0.0,0.0,-1.17579375e-05,-0.0,0.39439386,3.570259,0.64346397,3.959433,0.89675623,3.7406502,1.0,10.576538,-4.9104643,0.9444444,124.2924,1.0,0.0,0.0,0.0,0.0,0,3.8385522,4.555759,6.889848,0.0,3.0381715,17.353218,0.0,9.01488,0.0,18.576443
3,277,278.0,10.0,1.0,1.0,258.0,1.0,1.0,1.0,0.9999863,1.0,-0.0,0.0,-1.3711642e-05,-0.0,0.6288793,3.395224,0.7279585,4.721314,0.86875856,4.7804737,1.0,10.440426,-2.270028,0.9537037,121.48675,1.0,0.0,0.0,0.0,0.0,0,1.5138443,5.4365344,7.417092,0.0,3.5103884,16.68074,0.0,6.0300555,0.0,22.769981
0,278,279.0,10.0,1.0,1.0,260.0,1.0,1.0,1.0,0.99952203,1.0,-0.0,0.0,-9.306276e-06,-0.00046867644,0.35521984,3.6866848,0.66581017,4.084395,1.0037494,3.9507241,0.0,9.868685,-9.556647,0.9537037,125.46146,1.0,0.0,0.0,0.0,0.0,0,1.6842421,0.3919334,6.0250106,0.0,2.2671125,16.716045,0.0,5.5787373,0.0,17.436195
1,278,279.0,10.0,1.0,1.0,260.0,1.0,1.0,1.0,0.99095833,1.0,-0.0,0.0,-8.41203e-06,-0.009033288,0.24433546,3.8752575,0.67734987,5.541997,0.8870158,3.1179335,0.0,9.584763,-10.469855,0.9537037,124.16661,1.0,0.0,0.0,0.0,0.0,0,0.76112884,5.14151,5.2102995,0.0,2.392838,18.105192,0.0,4.614514,0.0,19.547478
2,278,279.0,10.0,1.0,1.0,259.0,1.0,1.0,1.0,0.999992,1.0,-0.0,0.0,-7.999474e-06,-0.0,0.30031502,3.983573,0.63751835,3.8119612,0.898736,3.7360437,1.0,10.299767,-5.909497,0.9444444,124.599266,1.0,0.0,0.0,0.0,0.0,0,3.4828422,5.424177,7.2034187,0.0,3.4985898,17.485252,0.0,8.717461,0.0,18.18271
3,278,279.0,10.0,1.0,1.0,259.0,1.0,1.0,1.0,0.99999076,1.0,-0.0,0.0,-9.226369e-06,-0.0,0.5389128,3.8721335,0.7436756,4.637155,0.8888809,4.762425,1.0,10.29629,-3.473226,0.9537037,121.8558,1.0,0.0,0.0,0.0,0.0,0,0.9812824,5.4917436,6.874896,0.0,2.782016,16.60346,0.0,5.848,0.0,23.927423
0,279,280.0,10.0,1.0,1.0,261.0,1.0,1.0,1.0,0.971287,1.0,-0.0,0.0,-1.1809229e-05,-0.02870118,0.43076092,3.825837,0.57117414,6.72207,0.96307665,4.237358,0.0,10.565481,-8.1989565,0.9537037,125.53461,1.0,0.0,0.0,0.0,0.0,0,2.9069724,7.041064,9.404463,0.0,4.1493783,18.152918,0.0,4.908657,0.0,18.872602
1,279,280.0,10.0,1.0,1.0,261.0,1.0,1.0,1.0,0.89000964,1.0,-0.0,0.0,-1.4567686e-05,-0.10997584,0.3040634,3.913958,1.0372963,11.598549,0.8284175,3.7234504,0.0,9.812996,-10.345156,0.9537037,124.50899,1.0,0.0,0.0,0.0,0.0,0,3.513301,5.7118397,8.534629,0.0,5.0401506,20.822987,0.0,4.26368,0.0,19.893145
2,279,280.0,10.0,1.0,1.0,260.0,1.0,1.0,1.0,0.9999922,1.0,-0.0,0.0,-7.786043e-06,-0.0,0.29074514,3.8840477,0.65786624,3.713556,0.89425546,3.7731555,1.0,9.303687,-9.933391,0.9444444,125.42474,1.0,0.0,0.0,0.0,0.0,0,2.7857525,4.328982,5.356183,0.0,0.97199607,16.441317,0.0,9.040274,0.0,17.470448
3,279,280.0,10.0,1.0,1.0,260.0,1.0,1.0,1.0,0.9999916,1.0,-0.0,0.0,-8.4073845e-06,-0.0,0.36865658,3.648519,0.8173732,4.8772664,0.91101164,4.5331717,1.0,9.579839,-10.183813,0.9537037,122.83696,1.0,0.0,0.0,0.0,0.0,0,0.8615328,7.2873845,7.113268,0.0,1.8125366,16.563894,0.0,5.7047834,0.0,23.804604
0,280,281.0,10.0,1.0,1.0,262.0,1.0,1.0,1.0,0.9619397,1.0,-0.0,0.0,-1.6426837e-05,-0.038043868,0.58574903,4.00791,0.5787997,7.2826314,0.9610368,4.2449265,0.0,10.044004,-4.960566,0.9537037,126.23155,1.0,0.0,0.0,0.0,0.0,0,1.312985,11.267365,9.272356,0.0,2.9804108,16.400969,0.0,4.669971,0.0,17.269495
1,280,281.0,10.0,1.0,1.0,262.0,1.0,1.0,1.0,0.82278585,1.0,-0.0,0.0,-1.8278603e-05,-0.17719583,0.44130757,4.160846,1.572961,15.631749,0.7759767,4.4983253,0.0,8.569466,-8.529735,0.9537037,124.5662,1.0,0.0,0.0,0.0,0.0,0,4.432905,6.642218,11.258201,0.0,4.3337626,20.823292,0.0,3.6412385,0.0,20.46846
2,280,281.0,10.0,1.0,1.0,261.0,1.0,1.0,1.0,0.9386096,1.0,-0.0,0.0,-1.3312598e-05,-0.061377104,0.27017593,3.9989696,0.7368573,8.682626,0.8424666,3.9811227,0.0,10.02146,-10.503582,0.9444444,125.64829,1.0,0.0,0.0,0.0,0.0,0,5.528295,3.167711,7.9912486,0.0,3.5716634,18.450998,0.0,7.1450405,0.0,18.100557
3,280,281.0,10.0,1.0,1.0,261.0,1.0,1.0,1.0,0.9563126,1.0,-0.0,0.0,-1.311548e-05,-0.04367428,0.39792246,3.7284412,0.86296695,7.620456,0.86884236,4.7950273,0.0,9.743401,-9.264579,0.9537037,122.854256,1.0,0.0,0.0,0.0,0.0,0,3.7755685,5.034216,8.12931,0.0,1.8488545,18.413412,0.0,5.4521236,0.0,24.408592
0,281,282.0,10.0,1.0,1.0,263.0,1.0,1.0,1.0,0.97326726,1.0,-0.0,0.0,-1.4061875e-05,-0.026718669,0.52443,4.172696,0.5276553,6.6031194,0.9631751,4.2082524,0.0,10.289294,-4.367373,0.9537037,127.211044,1.0,0.0,0.0,0.0,0.0,0,1.9133708,7.805105,7.529123,0.0,2.6524272,15.979251,0.0,4.3709254,0.0,18.32564
1,281,282.0,10.0,1.0,1.0,263.0,1.0,1.0,1.0,0.82481456,1.0,-0.0,0.0,-1.6489812e-05,-0.17516895,0.7357981,4.515838,1.5562302,15.510137,0.7744523,4.850869,0.0,7.8870745,-4.9455214,0.9537037,125.49565,1.0,0.0,0.0,0.0,0.0,0,3.935954,10.173188,9.61299,0.0,4.6735134,20.354174,0.0,3.9948318,0.0,21.228718
2,281,282.0,10.0,1.0,1.0,262.0,1.0,1.0,1.0,0.85621244,1.0,-0.0,0.0,-1.5446189e-05,-0.14377211,0.57157505,4.219255,1.3527186,13.626326,0.7796724,4.649632,0.0,9.159419,-8.44537,0.9444444,125.71708,1.0,0.0,0.0,0.0,0.0,0,6.1490374,8.50901,13.372571,0.0,5.989095,18.260414,0.0,5.344741,0.0,18.817217
3,281,282.0,10.0,1.0,1.0,262.0,1.0,1.0,1.0,0.89586425,1.0,-0.0,0.0,-1.565171e-05,-0.104120046,0.5217355,3.7524562,1.1537524,11.199233,0.80176455,5.0479684,0.0,8.945315,-8.479734,0.9537037,123.09772,1.0,0.0,0.0,0.0,0.0,0,4.682717,7.7360067,10.7009735,0.0,4.1838107,21.689564,0.0,4.534982,0.0,25.518467
0,282,283.0,10.0,1.0,1.0,264.0,1.0,1.0,1.0,0.98812836,1.0,-0.0,0.0,-1.1182527e-05,-0.011860445,0.70544744,4.1315084,0.51558477,5.711626,0.95841837,4.4749427,0.0,9.989499,-1.8442246,0.9537037,128.10109,1.0,0.0,0.0,0.0,0.0,0,1.9102658,10.711035,9.319861,0.0,2.107104,16.605959,0.0,4.8234015,0.0,17.680008
1,282,283.0,10.0,1.0,1.0,264.0,1.0,1.0,1.0,0.83671963,1.0,-0.0,0.0,-1.685183e-05,-0.1632635,0.8991584,4.5841875,1.4202954,14.588132,0.7660903,5.207677,0.0,7.288254,-2.9680626,0.9537037,126.531494,1.0,0.0,0.0,0.0,0.0,0,4.398916,11.708438,11.187723,0.0,6.038451,22.41791,0.0,3.882113,0.0,21.270452
2,282,283.0,10.0,1.0,1.0,263.0,1.0,1.0,1.0,0.83432925,1.0,-0.0,0.0,-1.7265033e-05,-0.16565344,0.7167723,4.789573,1.5226004,14.939206,0.7597266,4.9076715,0.0,9.11986,-5.0649567,0.9444444,126.48209,1.0,0.0,0.0,0.0,0.0,0,6.4885206,3.6111135,8.625855,0.0,4.7140207,18.741516,0.0,5.7672744,0.0,19.20815
3,282,283.0,10.0,1.0,1.0,263.0,1.0,1.0,1.0,0.88676655,1.0,-0.0,0.0,-1.1993022e-05,-0.11322147,0.7584143,3.987536,1.1926837,11.793287,0.80850136,4.9099045,0.0,7.7833366,-5.731356,0.9537037,124.032104,1.0,0.0,0.0,0.0,0.0,0,4.3599715,9.07319,9.538452,0.0,4.288721,18.429676,0.0,4.633166,0.0,24.936264
0,283,284.0,10.0,1.0,1.0,265.0,1.0,1.0,1.0,0.99998677,1.0,-0.0,0.0,-1.3237251e-05,-0.0,0.6439578,4.168385,0.5373547,4.801228,0.9599742,4.431167,1.0,10.027856,-1.2561046,0.9537037,129.0909,1.0,0.0,0.0,0.0,0.0,0,2.6786323,6.6816115,7.4707522,0.0,1.6555818,16.744404,0.0,4.6686077,0.0,18.04819
1,283,284.0,10.0,1.0,1.0,265.0,1.0,1.0,1.0,0.848487,1.0,-0.0,0.0,-2.2590526e-05,-0.15149039,0.75151175,4.6059446,1.2610286,13.751666,0.76699615,5.337756,0.0,7.740907,-2.956406,0.9537037,127.50013,1.0,0.0,0.0,0.0,0.0,0,4.670724,9.680911,7.562567,0.0,4.622152,26.198906,0.0,4.1913786,0.0,23.215334
2,283,284.0,10.0,1.0,1.0,263.0,0.0,0.0,1.0,-0.1680041,0.0,-0.024183393,0.0,-1.4388087e-05,-0.14380631,0.56246185,5.120917,1.2721723,13.470098,0.76169014,5.15828,0.0,9.340392,-5.1973042,0.9444444,127.63981,1.0,0.0,0.0,0.0,0.0,0,4.395551,6.284455,7.965758,0.0,4.569488,22.406599,0.0,6.135769,0.0,19.787325
3,283,284.0,10.0,1.0,1.0,264.0,1.0,1.0,1.0,0.89146614,1.0,-0.0,0.0,-1.8007402e-05,-0.10851583,0.7600635,4.073435,1.0811802,11.285561,0.81225705,5.225388,0.0,7.9101114,-4.857689,0.9537037,125.08647,1.0,0.0,0.0,0.0,0.0,0,5.2755895,7.48077,8.403897,0.0,4.205495,19.857237,0.0,4.6344657,0.0,27.39058
0,284,285.0,10.0,1.0,1.0,266.0,1.0,1.0,1.0,0.99998796,1.0,-0.0,0.0,-1.2068255e-05,-0.0,0.74965394,4.15392,0.5581854,4.639518,0.9636652,4.3086276,1.0,10.282619,-0.8249553,0.9537037,129.25757,1.0,0.0,0.0,0.0,0.0,0,2.8754473,6.1418858,6.7801266,0.0,1.9826608,15.786231,0.0,4.406104,0.0,17.486822
1,284,285.0,10.0,1.0,1.0,266.0,1.0,1.0,1.0,0.85505867,1.0,-0.0,0.0,-1.5100046e-05,-0.14492626,0.7738918,4.611128,1.2179338,13.546409,0.7804606,5.149165,0.0,8.3246355,-2.7029562,0.9537037,127.60213,1.0,0.0,0.0,0.0,0.0,0,4.9764004,5.667069,5.8479233,0.0,3.350213,17.440765,0.0,3.8665247,0.0,21.443214
2,284,285.0,10.0,1.0,1.0,264.0,1.0,1.0,1.0,0.8696331,1.0,-0.0,0.0,-2.3966342e-05,-0.13034295,0.5034197,4.813729,1.1411618,12.620873,0.76907706,5.1997027,0.0,10.191439,-5.5415163,0.9444444,127.96532,1.0,0.0,0.0,0.0,0.0,0,4.2118025,0.0,5.051782,0.0,3.7847767,18.32524,0.0,5.857715,0.0,18.66567
3,284,285.0,10.0,1.0,1.0,265.0,1.0,1.0,1.0,0.89922345,1.0,-0.0,0.0,-2.1519982e-05,-0.100755036,0.64365566,3.9400141,0.98295283,10.651512,0.8191155,5.393789,0.0,8.47359,-4.1469417,0.9537037,125.95423,1.0,0.0,0.0,0.0,0.0,0,6.772745,3.1925957,6.4862595,0.0,3.8667674,21.41951,0.0,4.783493,0.0,27.786434
0,285,286.0,10.0,1.0,1.0,267.0,1.0,1.0,1.0,0.9999922,1.0,-0.0,0.0,-7.804549e-06,-0.0,0.5219407,4.1844234,0.589825,4.4074287,0.95377797,4.585714,1.0,10.12609,-3.0694222,0.9537037,129.77745,1.0,0.0,0.0,0.0,0.0,0,2.3291073,7.4413166,6.7094374,0.0,2.6855912,18.822987,0.0,4.427969,0.0,18.518639
1,285,286.0,10.0,1.0,1.0,267.0,1.0,1.0,1.0,0.85420036,1.0,-0.0,0.0,-1.634427e-05,-0.14578328,0.6767321,4.651263,1.1578707,13.197233,0.7696885,5.5497622,0.0,7.979048,-2.527413,0.9537037,128.18819,1.0,0.0,0.0,0.0,0.0,0,4.519325,10.054208,7.0839005,0.0,4.9956393,19.68158,0.0,4.0304255,0.0,22.795755
2,285,286.0,10.0,1.0,1.0,264.0,0.0,0.0,1.0,-0.14791745,0.0,-0.024954379,0.0,-1.4411189e-05,-0.12294866,0.584279,5.124772,1.0272129,11.84298,0.7553418,5.533938,0.0,9.946924,-3.1855683,0.9444444,128.89928,1.0,0.0,0.0,0.0,0.0,0,5.221045,2.7839296,7.141144,0.0,4.947254,17.879972,0.0,6.2231946,0.0,19.98567
3,285,286.0,10.0,1.0,1.0,266.0,1.0,1.0,1.0,0.9065363,1.0,-0.0,0.0,-1.8086796e-05,-0.09344564,0.6257657,4.0668483,0.92194176,10.373564,0.83402497,5.2331734,0.0,8.863305,-4.545605,0.9537037,126.131424,1.0,0.0,0.0,0.0,0.0,0,6.445081,3.0186532,5.72357,0.0,3.423166,17.62344,0.0,4.6516175,0.0,27.595327
0,286,287.0,10.0,1.0,1.0,268.0,1.0,1.0,1.0,0.99999094,1.0,-0.0,0.0,-9.039355e-06,-0.0,0.542552,4.236964,0.61827654,4.350937,0.96027285,4.4971066,1.0,10.277164,-3.347541,0.9537037,130.09103,1.0,0.0,0.0,0.0,0.0,0,2.722461,8.049534,7.976979,0.0,3.126535,16.239605,0.0,4.4921436,0.0,17.845089
1,286,287.0,10.0,1.0,1.0,268.0,1.0,1.0,1.0,0.8625451,1.0,-0.0,0.0,-1.2279877e-05,-0.13744266,0.55132174,4.788233,1.084997,12.746398,0.775644,5.5001607,0.0,8.423989,-3.7779646,0.9537037,128.56274,1.0,0.0,0.0,0.0,0.0,0,4.678958,6.2136846,5.830392,0.0,4.8721685,19.553244,0.0,3.9821563,0.0,22.392687
2,286,287.0,10.0,1.0,1.0,265.0,1.0,1.0,1.0,0.8844398,1.0,-0.0,0.0,-2.2324855e-05,-0.115537815,0.50779396,4.837458,0.9834167,11.504617,0.76337385,5.4276505,0.0,10.669462,-4.102193,0.9444444,129.204,1.0,0.0,0.0,0.0,0.0,0,5.443397,0.0,4.728159,0.0,2.8979084,16.511345,0.0,5.879709,0.0,19.435009
3,286,287.0,10.0,1.0,1.0,267.0,1.0,1.0,1.0,0.9051098,1.0,-0.0,0.0,-1.4636018e-05,-0.09487553,0.4713744,4.12104,0.90318024,10.206767,0.8333362,5.485764,0.0,8.969091,-6.2095013,0.9537037,126.58301,1.0,0.0,0.0,0.0,0.0,0,5.8401375,4.3850155,5.718855,0.0,3.9510984,21.583244,0.0,4.5627046,0.0,28.797022
0,287,288.0,10.0,1.0,1.0,269.0,1.0,1.0,1.0,0.99998885,1.0,-0.0,0.0,-1.1130705e-05,-0.0,0.623228,4.2737355,0.6272702,4.4255095,0.9608795,4.4828086,1.0,10.306563,-2.9976285,0.9537037,130.42543,1.0,0.0,0.0,0.0,0.0,0,2.9429505,8.086283,8.113826,0.0,2.8904881,16.127687,0.0,4.397397,0.0,17.814238
1,287,288.0,10.0,1.0,1.0,269.0,1.0,1.0,1.0,0.8652425,1.0,-0.0,0.0,-1.9370278e-05,-0.13473816,0.52134246,4.7594104,1.0525281,12.619259,0.7775797,5.4650292,0.0,8.734103,-4.2952476,0.9537037,128.85489,1.0,0.0,0.0,0.0,0.0,0,6.1216655,4.2775583,7.25878,0.0,5.163189,17.72768,0.0,3.6408923,0.0,21.58806
2,287,288.0,10.0,1.0,1.0,265.0,0.0,0.0,1.0,-0.13005865,0.0,-0.020306483,0.0,-1.9035984e-05,-0.10973313,0.42302644,5.1015325,0.9450224,11.26136,0.77454793,5.3226266,0.0,11.258145,-4.0255523,0.9444444,129.45691,1.0,0.0,0.0,0.0,0.0,0,5.584315,0.0,4.4912663,0.0,3.874782,16.111042,0.0,5.9530544,0.0,20.818226
3,287,288.0,10.0,1.0,1.0,268.0,1.0,1.0,1.0,0.917554,1.0,-0.0,0.0,-1.1785401e-05,-0.08243416,0.5314611,4.207573,0.808046,9.537184,0.84009993,5.408865,0.0,9.211875,-5.7500925,0.9537037,126.989365,1.0,0.0,0.0,0.0,0.0,0,5.883859,4.812527,7.4224944,0.0,4.1438613,19.496298,0.0,4.5827107,0.0,28.54913
0,288,289.0,10.0,1.0,1.0,270.0,1.0,1.0,1.0,0.9999858,1.0,-0.0,0.0,-1.4190167e-05,-0.0,0.5773857,4.3226123,0.6358225,4.500239,0.9615667,4.4493275,1.0,10.468149,-3.5384996,0.9537037,130.87572,1.0,0.0,0.0,0.0,0.0,0,3.2639,6.587425,6.9100013,0.0,3.3186522,15.909267,0.0,4.224878,0.0,17.741339
1,288,289.0,10.0,1.0,1.0,270.0,1.0,1.0,1.0,0.8704709,1.0,-0.0,0.0,-1.3559504e-05,-0.1295156,0.4525654,4.869503,1.014134,12.411659,0.77962744,5.359276,0.0,9.095004,-5.0002737,0.9537037,129.36107,1.0,0.0,0.0,0.0,0.0,0,5.925145,2.7637274,5.1560974,0.0,4.0421433,17.815542,0.0,3.490497,0.0,21.069351
2,288,289.0,10.0,1.0,1.0,266.0,1.0,1.0,1.0,0.8990628,1.0,-0.0,0.0,-1.8830398e-05,-0.10091837,0.4921332,4.8216743,0.8896922,10.789116,0.7797358,5.2659855,0.0,10.542417,-4.111614,0.9444444,129.76108,1.0,0.0,0.0,0.0,0.0,0,5.42033,3.0298343,6.498906,0.0,3.9695277,18.149717,0.0,5.597555,0.0,19.64191
3,288,289.0,10.0,1.0,1.0,269.0,1.0,1.0,1.0,0.9230789,1.0,-0.0,0.0,-1.5879961e-05,-0.07690525,0.544269,4.1874247,0.7524912,9.134405,0.8470378,5.479909,0.0,9.450056,-5.771584,0.9537037,127.33879,1.0,0.0,0.0,0.0,0.0,0,6.9597573,2.4395452,6.966368,0.0,3.928648,18.451496,0.0,4.229428,0.0,28.682907
0,289,290.0,10.0,1.0,1.0,271.0,1.0,1.0,1.0,0.9999868,1.0,-0.0,0.0,-1.3160535e-05,-0.0,0.4707381,4.428224,0.62925243,4.650137,0.9656282,4.3985386,1.0,10.572742,-4.71736,0.9537037,131.41498,1.0,0.0,0.0,0.0,0.0,0,3.4023528,6.6916356,7.2769704,0.0,2.5449908,15.70897,0.0,4.338503,0.0,17.78144
1,289,290.0,10.0,1.0,1.0,271.0,1.0,1.0,1.0,0.87377524,1.0,-0.0,0.0,-1.5553584e-05,-0.1262092,0.36738032,4.893613,0.9843952,12.273661,0.78089195,5.29889,0.0,9.351328,-6.107866,0.9537037,129.84866,1.0,0.0,0.0,0.0,0.0,0,6.2356057,2.6776521,5.9302692,0.0,4.429484,17.608252,0.0,3.353958,0.0,20.656712
2,289,290.0,10.0,1.0,1.0,266.0,0.0,0.0,1.0,-0.10971595,0.0,-0.006309077,0.0,-1.2456246e-05,-0.10339442,0.43612754,5.0315456,0.8546094,10.490393,0.76145977,5.713271,0.0,10.236736,-4.0569587,0.9444444,130.31381,1.0,0.0,0.0,0.0,0.0,0,4.8144155,2.597976,4.804948,0.0,3.9373581,18.40198,0.0,5.855684,0.0,19.736929
3,289,290.0,10.0,1.0,1.0,270.0,1.0,1.0,1.0,0.9258698,1.0,-0.0,0.0,-1.6117896e-05,-0.07411407,0.3883876,4.336593,0.7186301,8.973797,0.8512826,5.4730463,0.0,9.7618475,-7.1581855,0.9537037,127.892395,1.0,0.0,0.0,0.0,0.0,0,6.5523124,0.8343835,5.87162,0.0,3.4502614,18.929037,0.0,3.955376,0.0,28.23812
0,290,291.0,10.0,1.0,1.0,272.0,1.0,1.0,1.0,0.9999854,1.0,-0.0,0.0,-1.4586063e-05,-0.0,0.37445462,4.329334,0.6325133,4.7013726,0.9671534,4.3785586,1.0,10.915564,-6.002392,0.9537037,131.81548,1.0,0.0,0.0,0.0,0.0,0,3.9101343,6.155298,8.128956,0.0,3.4178956,15.696604,0.0,4.2141337,0.0,17.800606
1,290,291.0,10.0,1.0,1.0,272.0,1.0,1.0,1.0,0.8915319,1.0,-0.0,0.0,-1.172757e-05,-0.10845637,0.38358235,4.5855536,0.8141806,11.184314,0.7836733,5.3230677,0.0,9.487754,-6.6248617,0.9537037,130.11055,1.0,0.0,0.0,0.0,0.0,0,5.5485744,4.100634,7.34743,0.0,2.9684856,18.516293,0.0,3.4800327,0.0,20.998829
2,290,291.0,10.0,1.0,1.0,267.0,1.0,1.0,1.0,0.90161633,1.0,-0.0,0.0,-1.9544508e-05,-0.098364115,0.37675202,4.849011,0.82452667,10.265567,0.77139485,5.6362786,0.0,10.637356,-5.0210257,0.9444444,130.49684,1.0,0.0,0.0,0.0,0.0,0,4.8402753,0.0,4.9142523,0.0,5.209599,20.314981,0.0,5.5679727,0.0,18.781397
3,290,291.0,10.0,1.0,1.0,271.0,1.0,1.0,1.0,0.9303047,1.0,-0.0,0.0,-1.6602731e-05,-0.06967868,0.2894882,4.3976026,0.68618083,8.754512,0.85574687,5.426208,0.0,10.143945,-8.149787,0.9537037,128.4185,1.0,0.0,0.0,0.0,0.0,0,6.727725,1.1269779,6.145193,0.0,3.7317586,18.798342,0.0,3.8148196,0.0,28.116644
0,291,292.0,10.0,1.0,1.0,273.0,1.0,1.0,1.0,0.99998385,1.0,-0.0,0.0,-1.6126725e-05,-0.0,0.5742747,4.1780305,0.6248213,4.7426567,0.9687838,4.3660254,1.0,10.8969,-4.0411716,0.9537037,131.92938,1.0,0.0,0.0,0.0,0.0,0,3.8893085,5.957453,7.0793934,0.0,3.4781556,14.857781,0.0,4.167311,0.0,17.74088
1,291,292.0,10.0,1.0,1.0,273.0,1.0,1.0,1.0,0.8933923,1.0,-0.0,0.0,-1.882667e-05,-0.10658881,0.4725095,4.500334,0.7860993,11.092893,0.78572726,5.3024354,0.0,9.780501,-5.680735,0.9537037,130.2843,1.0,0.0,0.0,0.0,0.0,0,6.6718106,0.0,5.1932983,0.0,4.48895,17.670298,0.0,3.2377458,0.0,20.564783
2,291,292.0,10.0,1.0,1.0,268.0,1.0,1.0,1.0,0.90520287,1.0,-0.0,0.0,-1.3046635e-05,-0.09478411,0.5016409,4.999581,0.8074085,10.085185,0.7774612,5.6018605,0.0,10.436298,-4.3791037,0.9444444,130.87907,1.0,0.0,0.0,0.0,0.0,0,5.236384,3.484523,6.8332043,0.0,4.380847,16.622374,0.0,5.585957,0.0,19.883791
3,291,292.0,10.0,1.0,1.0,272.0,1.0,1.0,1.0,0.9364757,1.0,-0.0,0.0,-1.7170956e-05,-0.063507155,0.21750517,4.2934685,0.64167434,8.373697,0.85853153,5.4367313,0.0,10.493287,-9.232848,0.9537037,128.79837,1.0,0.0,0.0,0.0,0.0,0,7.1938996,1.5958805,6.8648796,0.0,1.4501609,19.071747,0.0,3.6335948,0.0,28.188122
0,292,293.0,10.0,1.0,1.0,274.0,1.0,1.0,1.0,0.9999858,1.0,-0.0,0.0,-1.4189772e-05,-0.0,0.3880374,4.316468,0.63242126,4.7668614,0.97207606,4.3249493,1.0,10.851971,-5.8723755,0.9537037,132.43016,1.0,0.0,0.0,0.0,0.0,0,3.9742506,6.153247,8.57043,0.0,3.1476648,15.434541,0.0,4.0038185,0.0,17.842161
1,292,293.0,10.0,1.0,1.0,274.0,1.0,1.0,1.0,0.9101851,1.0,-0.0,0.0,-1.4925537e-05,-0.08980003,0.3862165,4.463227,0.64661705,10.092954,0.7893913,5.2950473,0.0,9.749413,-6.041515,0.9537037,130.73079,1.0,0.0,0.0,0.0,0.0,0,6.5429025,0.9283276,5.6948404,0.0,4.9442945,18.89678,0.0,3.1856098,0.0,20.99641
2,292,293.0,10.0,1.0,1.0,269.0,1.0,1.0,1.0,0.90735054,1.0,-0.0,0.0,-1.6884056e-05,-0.09263256,0.41974187,4.9148903,0.7909894,9.980044,0.7801912,5.577908,0.0,10.754109,-5.4767423,0.9444444,131.16766,1.0,0.0,0.0,0.0,0.0,0,5.7351794,0.0,4.7314305,0.0,3.6629837,16.747478,0.0,5.3295264,0.0,19.479544
3,292,293.0,10.0,1.0,1.0,273.0,1.0,1.0,1.0,0.9383981,1.0,-0.0,0.0,-1.8582805e-05,-0.0615833,0.3595177,4.1187234,0.62371844,8.257257,0.85914004,5.437739,0.0,10.660383,-7.7146955,0.9537037,128.94727,1.0,0.0,0.0,0.0,0.0,0,6.8991146,0.1142927,6.2202563,0.0,1.4455495,18.877998,0.0,3.4654186,0.0,28.327856
0,293,294.0,10.0,1.0,1.0,275.0,1.0,1.0,1.0,0.99998796,1.0,-0.0,0.0,-1.2018315e-05,-0.0,0.60341656,4.141726,0.63510966,4.6649294,0.9749906,4.327483,1.0,11.155227,-3.856766,0.9537037,132.69316,1.0,0.0,0.0,0.0,0.0,0,4.7329545,5.0901723,9.166738,0.0,3.9055212,15.198166,0.0,4.068151,0.0,17.947453
1,293,294.0,10.0,1.0,1.0,275.0,1.0,1.0,1.0,0.9150899,1.0,-0.0,0.0,-1.0379274e-05,-0.0848997,0.46343243,4.3814745,0.59771144,9.837371,0.79413056,5.2566104,0.0,10.36631,-5.2804976,0.9537037,131.02222,1.0,0.0,0.0,0.0,0.0,0,7.5274034,0.0,5.996901,0.0,4.9439697,17.71045,0.0,2.9685943,0.0,20.698597
2,293,294.0,10.0,1.0,1.0,269.0,0.0,0.0,1.0,-0.10325894,0.0,-0.014715642,0.0,-1.4006804e-05,-0.08852929,0.47518873,5.0735784,0.7678193,9.72263,0.7859967,5.5891266,0.0,10.804452,-5.067664,0.9444444,131.71106,1.0,0.0,0.0,0.0,0.0,0,5.923966,0.0,4.9307466,0.0,4.077901,17.220146,0.0,5.3588715,0.0,19.619602
3,293,294.0,10.0,1.0,1.0,274.0,1.0,1.0,1.0,0.94106865,1.0,-0.0,0.0,-1.5693833e-05,-0.05891565,0.18499233,4.2236323,0.6097699,8.06733,0.864216,5.467607,0.0,10.669665,-9.409907,0.9537037,129.43185,1.0,0.0,0.0,0.0,0.0,0,6.561135,0.37019992,5.3258395,0.0,1.5354156,21.256355,0.0,3.2969043,0.0,29.002905
0,294,295.0,10.0,1.0,1.0,276.0,1.0,1.0,1.0,0.99997985,1.0,-0.0,0.0,-2.017593e-05,-0.0,0.5999111,3.9873645,0.6346955,4.7022057,0.97371125,4.342472,1.0,11.211116,-3.9064577,0.9537037,132.7643,1.0,0.0,0.0,0.0,0.0,0,4.858369,2.0112536,5.52449,0.0,3.0429554,14.921915,0.0,3.9329054,0.0,17.81744
1,294,295.0,10.0,1.0,1.0,276.0,1.0,1.0,1.0,0.9147974,1.0,-0.0,0.0,-1.4166756e-05,-0.08518836,0.42816138,4.253288,0.60256183,9.8790245,0.79538727,5.2322755,0.0,10.380117,-6.0118427,0.9537037,131.16042,1.0,0.0,0.0,0.0,0.0,0,6.7324576,0.0,5.3782315,0.0,4.2662816,17.602282,0.0,2.8183632,0.0,20.469666
2,294,295.0,10.0,1.0,1.0,270.0,1.0,1.0,1.0,0.91270363,1.0,-0.0,0.0,-2.005542e-05,-0.08727636,0.57573205,4.5950947,0.7526343,9.645353,0.78752524,5.591227,0.0,10.916989,-4.6098185,0.9444444,132.19766,1.0,0.0,0.0,0.0,0.0,0,5.732054,0.0,5.067558,0.0,3.1678224,16.551252,0.0,5.1016126,0.0,19.547077
3,294,295.0,10.0,1.0,1.0,275.0,1.0,1.0,1.0,0.94609785,1.0,-0.0,0.0,-1.3579564e-05,-0.053888567,0.37093908,4.0340033,0.577469,7.7124076,0.86674166,5.5209055,0.0,11.165565,-7.5737715,0.9537037,129.62639,1.0,0.0,0.0,0.0,0.0,0,7.2863307,0.0,6.164723,0.0,1.3817916,19.64581,0.0,3.0785785,0.0,28.726229
0,295,296.0,10.0,1.0,1.0,277.0,1.0,1.0,1.0,0.99998504,1.0,-0.0,0.0,-1.4963068e-05,-0.0,0.42372718,4.1725698,0.64632607,4.669961,0.9792947,4.3122597,1.0,11.388024,-5.2834554,0.9537037,133.49954,1.0,0.0,0.0,0.0,0.0,0,5.0803847,4.6654754,9.16433,0.0,3.5944319,15.439252,0.0,3.8698125,0.0,18.01022
1,295,296.0,10.0,1.0,1.0,277.0,1.0,1.0,1.0,0.918664,1.0,-0.0,0.0,-1.1534552e-05,-0.081324436,0.22351556,4.455695,0.5711392,9.68775,0.800833,5.1917157,0.0,11.198004,-7.0751486,0.9537037,131.90907,1.0,0.0,0.0,0.0,0.0,0,6.820606,0.0,5.6239505,0.0,4.328812,17.61053,0.0,2.7364035,0.0,20.662384
2,295,296.0,10.0,1.0,1.0,270.0,0.0,0.0,1.0,-0.1008328,0.0,-0.01762174,0.0,-1.2050076e-05,-0.08319901,0.36120862,5.088109,0.73694384,9.398892,0.79458076,5.593047,0.0,10.978883,-6.380132,0.9444444,133.10217,1.0,0.0,0.0,0.0,0.0,0,5.8288817,0.0,4.859536,0.0,4.040123,17.149166,0.0,5.053213,0.0,19.549927
3,295,296.0,10.0,1.0,1.0,276.0,1.0,1.0,1.0,0.9449595,1.0,-0.0,0.0,-1.6353426e-05,-0.055024117,0.3500171,3.9001226,0.59160364,7.7595906,0.8673123,5.5418553,0.0,10.990048,-8.162482,0.9537037,129.7462,1.0,0.0,0.0,0.0,0.0,0,6.663698,0.0,5.7299514,0.0,0.6842474,19.328129,0.0,3.1018493,0.0,28.763712
0,296,297.0,10.0,1.0,1.0,278.0,1.0,1.0,1.0,0.9999871,1.0,-0.0,0.0,-1.2862108e-05,-0.0,0.31582302,4.1840324,0.63931805,4.675155,0.97922266,4.3357964,1.0,11.330962,-6.4182496,0.9537037,134.013,1.0,0.0,0.0,0.0,0.0,0,4.652459,3.358755,6.536577,0.0,3.3717964,15.352514,0.0,3.9216423,0.0,17.951468
1,296,297.0,10.0,1.0,1.0,278.0,1.0,1.0,1.0,0.9206804,1.0,-0.0,0.0,-1.5283904e-05,-0.07930432,0.22352263,4.3981,0.5775326,9.571219,0.80201477,5.187039,0.0,10.695972,-7.832977,0.9537037,132.37134,1.0,0.0,0.0,0.0,0.0,0,6.7459197,1.4049407,6.0117683,0.0,4.3626037,17.563837,0.0,2.6831868,0.0,20.634079
2,296,297.0,10.0,1.0,1.0,271.0,1.0,1.0,1.0,0.9172297,1.0,-0.0,0.0,-1.8767267e-05,-0.08275152,0.57180935,4.4551167,0.7266184,9.350665,0.79486954,5.6144257,0.0,11.038598,-5.085743,0.9444444,133.74794,1.0,0.0,0.0,0.0,0.0,0,5.9241686,0.28773996,4.981122,0.0,3.7796915,16.769165,0.0,4.627246,0.0,19.498066
3,296,297.0,10.0,1.0,1.0,277.0,1.0,1.0,1.0,0.94752115,1.0,-0.0,0.0,-1.38963005e-05,-0.052464936,0.17369725,4.0788283,0.5593316,7.6015205,0.8711533,5.546375,0.0,11.693204,-9.040325,0.9537037,130.47226,1.0,0.0,0.0,0.0,0.0,0,6.573936,0.0,5.82704,0.0,2.1524677,19.707626,0.0,3.008607,0.0,28.764044
0,297,298.0,10.0,1.0,1.0,279.0,1.0,1.0,1.0,0.999986,1.0,-0.0,0.0,-1.3999109e-05,-0.0,0.407584,3.9075587,0.7006083,4.739519,0.9806406,4.3283877,1.0,12.084391,-5.054976,0.9537037,134.41547,1.0,0.0,0.0,0.0,0.0,0,5.351936,4.4535246,9.064758,0.0,4.319319,15.372389,0.0,3.8358152,0.0,17.999247
1,297,298.0,10.0,1.0,1.0,279.0,1.0,1.0,1.0,0.9234812,1.0,-0.0,0.0,-1.6842076e-05,-0.07650191,0.34437627,4.119046,0.55258816,9.425614,0.8036441,5.1644998,0.0,11.499458,-5.8337145,0.9537037,132.7733,1.0,0.0,0.0,0.0,0.0,0,7.154208,0.3863225,6.2301135,0.0,4.9500537,17.710226,0.0,2.5362947,0.0,20.625254
2,297,298.0,10.0,1.0,1.0,272.0,1.0,1.0,1.0,0.92295337,1.0,-0.0,0.0,-1.2347647e-05,-0.07703427,0.28669387,4.931708,0.7000671,9.012652,0.80245614,5.6094027,0.0,11.181515,-7.612544,0.9444444,134.7023,1.0,0.0,0.0,0.0,0.0,0,5.8711777,1.7370157,5.894817,0.0,4.076831,17.219183,0.0,4.4153438,0.0,19.699883
3,297,298.0,10.0,1.0,1.0,278.0,1.0,1.0,1.0,0.94693106,1.0,-0.0,0.0,-1.6013893e-05,-0.053052902,0.088080205,4.038175,0.5876069,7.6035814,0.8720239,5.5795918,0.0,11.260786,-10.418833,0.9537037,130.94067,1.0,0.0,0.0,0.0,0.0,0,6.4573627,0.76180047,5.894589,0.0,1.2915944,19.589401,0.0,3.001372,0.0,29.007494
0,298,299.0,10.0,1.0,1.0,280.0,1.0,1.0,1.0,0.9999851,1.0,-0.0,0.0,-1.4902553e-05,-0.0,0.35853088,3.901649,0.677277,4.5971384,0.980338,4.3559723,1.0,11.778062,-5.7654295,0.9537037,134.71634,1.0,0.0,0.0,0.0,0.0,0,4.5671835,3.5387838,7.2050076,0.0,3.2739754,15.117728,0.0,3.9345207,0.0,17.945486
1,298,299.0,10.0,1.0,1.0,280.0,1.0,1.0,1.0,0.92493874,1.0,-0.0,0.0,-1.4083654e-05,-0.07504719,0.2973579,4.083824,0.5557243,9.335906,0.8052054,5.1669245,0.0,11.092866,-6.9171367,0.9537037,133.0674,1.0,0.0,0.0,0.0,0.0,0,6.268161,1.4122279,5.639005,0.0,3.9979122,17.598183,0.0,2.5840158,0.0,20.610514
2,298,299.0,10.0,1.0,1.0,273.0,1.0,1.0,1.0,0.9233259,1.0,-0.0,0.0,-1.6865702e-05,-0.076657265,0.48641935,4.580667,0.698435,8.978598,0.80296063,5.620837,0.0,11.192727,-5.9636674,0.9444444,134.96326,1.0,0.0,0.0,0.0,0.0,0,5.979423,0.098487526,5.1928196,0.0,3.9044466,16.515202,0.0,4.345751,0.0,19.56882
3,298,299.0,10.0,1.0,1.0,279.0,1.0,1.0,1.0,0.94873357,1.0,-0.0,0.0,-1.6345384e-05,-0.051250122,0.20281337,3.805003,0.5659771,7.477481,0.87484366,5.597526,0.0,12.320608,-8.248545,0.9537037,131.36496,1.0,0.0,0.0,0.0,0.0,0,6.942485,0.0,6.198265,0.0,2.984266,19.905645,0.0,2.9043026,0.0,29.26687
0,299,300.0,10.0,1.0,1.0,281.0,1.0,1.0,1.0,0.99998426,1.0,-0.0,0.0,-1.5736854e-05,-0.0,0.14180616,3.9798393,0.70264125,4.697708,0.98304206,4.3117156,1.0,11.968414,-7.5695133,0.9537037,135.42363,1.0,0.0,0.0,0.0,0.0,0,4.151254,4.1820717,7.365331,0.0,3.6918383,15.1848135,0.0,3.8543394,0.0,17.974297
1,299,300.0,10.0,1.0,1.0,281.0,1.0,1.0,1.0,0.9280582,1.0,-0.0,0.0,-1.6887034e-05,-0.07192492,0.08648783,4.0945334,0.54980356,9.171044,0.80765766,5.144449,0.0,11.289781,-8.584633,0.9537037,133.72499,1.0,0.0,0.0,0.0,0.0,0,6.082927,1.0730286,5.785566,0.0,3.746721,17.798853,0.0,2.4379175,0.0,20.664295
2,299,300.0,10.0,1.0,1.0,274.0,1.0,1.0,1.0,0.923257,1.0,-0.0,0.0,-1.2404529e-05,-0.07673059,0.33862367,4.767596,0.6992323,8.9728365,0.8073249,5.630997,0.0,11.232174,-7.521215,0.9444444,135.51593,1.0,0.0,0.0,0.0,0.0,0,6.3186703,1.4870481,5.548121,0.0,4.224342,17.039213,0.0,4.178765,0.0,19.33952
3,299,300.0,10.0,1.0,1.0,280.0,1.0,1.0,1.0,0.9510307,1.0,-0.0,0.0,-1.6482332e-05,-0.048952833,0.1889661,3.7403545,0.577979,7.3181424,0.8752533,5.619026,0.0,11.589118,-9.13567,0.9537037,131.61708,1.0,0.0,0.0,0.0,0.0,0,5.982123,1.7392426,6.3626213,0.0,1.4393847,19.793068,0.0,2.790245,0.0,29.42755
0,300,301.0,10.0,1.0,1.0,282.0,1.0,1.0,1.0,0.99998605,1.0,-0.0,0.0,-1.3951208e-05,-0.0,0.42473525,3.7769907,0.7123289,4.75749,0.9867284,4.2794576,1.0,12.218788,-4.8829346,0.9537037,136.25241,1.0,0.0,0.0,0.0,0.0,0,4.9756165,5.2801914,9.861808,0.0,4.647656,15.100626,0.0,3.955513,0.0,18.077627
1,300,301.0,10.0,1.0,1.0,282.0,1.0,1.0,1.0,0.9249413,1.0,-0.0,0.0,-1.45958265e-05,-0.07504412,0.31007862,3.9882667,0.55600595,9.369166,0.81085116,5.1334796,0.0,11.926909,-6.133451,0.9537037,134.60323,1.0,0.0,0.0,0.0,0.0,0,7.014984,0.0,5.8954506,0.0,4.6306424,17.80181,0.0,2.4848573,0.0,20.83616
2,300,301.0,10.0,1.0,1.0,275.0,1.0,1.0,1.0,0.92715734,1.0,-0.0,0.0,-1.14372415e-05,-0.07283121,0.5665637,4.5844736,0.6863564,8.723045,0.8097211,5.6468267,0.0,11.428184,-5.366563,0.9444444,135.72612,1.0,0.0,0.0,0.0,0.0,0,6.523403,2.5172646,7.0599856,0.0,4.8241897,16.925657,0.0,4.1730714,0.0,19.436386
3,300,301.0,10.0,1.0,1.0,281.0,1.0,1.0,1.0,0.9517944,1.0,-0.0,0.0,-1.4902322e-05,-0.048190713,0.05439967,3.8149183,0.5759107,7.264757,0.8778421,5.6266847,0.0,11.651561,-10.184555,0.9537037,132.32948,1.0,0.0,0.0,0.0,0.0,0,6.1307993,1.237229,5.8057466,0.0,1.6793402,19.531578,0.0,2.6782022,0.0,29.326033
0,301,302.0,10.0,1.0,1.0,283.0,1.0,1.0,1.0,0.9999781,1.0,-0.0,0.0,-2.1870428e-05,-0.0,0.2894897,3.6375782,0.6781271,4.602074,0.9847467,4.2655315,1.0,11.84242,-6.6158986,0.9537037,136.83118,1.0,0.0,0.0,0.0,0.0,0,4.4323025,3.276419,6.915251,0.0,2.4804852,15.245529,0.0,3.9245162,0.0,17.895508
1,301,302.0,10.0,1.0,1.0,283.0,1.0,1.0,1.0,0.930346,1.0,-0.0,0.0,-1.9491947e-05,-0.0696345,0.28760135,3.6812909,0.56150246,9.055582,0.8099033,5.1224866,0.0,10.94199,-7.762107,0.9537037,134.99858,1.0,0.0,0.0,0.0,0.0,0,6.4401765,2.0703452,6.4596734,0.0,3.942432,17.686365,0.0,2.3957133,0.0,20.62084
2,301,302.0,10.0,1.0,1.0,276.0,1.0,1.0,1.0,0.9250103,1.0,-0.0,0.0,-1.7746926e-05,-0.07497189,0.51816255,4.4663463,0.6901393,8.86134,0.81087595,5.6369734,0.0,11.472653,-5.972835,0.9444444,135.81767,1.0,0.0,0.0,0.0,0.0,0,5.339176,0.20141013,4.415969,0.0,3.5482192,16.613579,0.0,3.913918,0.0,19.349384
3,301,302.0,10.0,1.0,1.0,282.0,1.0,1.0,1.0,0.94642746,1.0,-0.0,0.0,-1.4263572e-05,-0.053558268,0.20464249,3.6268632,0.56968534,7.583054,0.8800646,5.6304407,0.0,12.441674,-8.26301,0.9537037,133.18512,1.0,0.0,0.0,0.0,0.0,0,7.2100368,0.0,6.24076,0.0,4.105776,19.635237,0.0,2.5568883,0.0,29.600098
0,302,303.0,10.0,1.0,1.0,284.0,1.0,1.0,1.0,0.99998444,1.0,-0.0,0.0,-1.5531896e-05,-0.0,0.014426559,3.6904314,0.6964052,4.7322454,0.98711747,4.258184,1.0,11.991662,-8.812929,0.9537037,137.54935,1.0,0.0,0.0,0.0,0.0,0,3.56038,6.146344,7.9196334,0.0,3.8783295,15.077614,0.0,4.080495,0.0,17.995972
1,302,303.0,10.0,1.0,1.0,284.0,1.0,1.0,1.0,0.93062264,1.0,-0.0,0.0,-1.2464439e-05,-0.06936489,0.065222755,3.8083673,0.5499147,9.056706,0.8138528,5.105186,0.0,11.590256,-9.95776,0.9537037,135.80777,1.0,0.0,0.0,0.0,0.0,0,6.0407434,0.0,5.1601934,0.0,3.8367558,17.728601,0.0,2.4796724,0.0,20.839037
2,302,303.0,10.0,1.0,1.0,277.0,1.0,1.0,1.0,0.93143576,1.0,-0.0,0.0,-1.2439836e-05,-0.06855179,0.38207287,4.586221,0.6783319,8.485865,0.81786615,5.6272416,0.0,11.620677,-6.8442216,0.9444444,136.48509,1.0,0.0,0.0,0.0,0.0,0,5.4934435,2.8057966,7.3960047,0.0,4.761894,17.104036,0.0,3.9663734,0.0,19.347282
3,302,303.0,10.0,1.0,1.0,283.0,1.0,1.0,1.0,0.9542208,1.0,-0.0,0.0,-1.4054025e-05,-0.045765154,0.16091242,3.3826492,0.5938461,7.1035204,0.8812697,5.642388,0.0,11.402924,-9.806673,0.9537037,133.62537,1.0,0.0,0.0,0.0,0.0,0,6.5150285,1.8239776,6.6569867,0.0,1.7965828,19.660038,0.0,2.510711,0.0,29.886017
0,303,304.0,10.0,1.0,1.0,285.0,1.0,1.0,1.0,0.999989,1.0,-0.0,0.0,-1.1034379e-05,-0.0,0.39391145,3.1140475,0.7123366,4.6385055,0.9886995,4.2136436,1.0,12.169444,-5.3404,0.9537037,138.34407,1.0,0.0,0.0,0.0,0.0,0,4.8787336,4.8991213,10.384184,0.0,4.1169953,14.5953,0.0,4.107464,0.0,18.044174
1,303,304.0,10.0,1.0,1.0,285.0,1.0,1.0,1.0,0.9365078,1.0,-0.0,0.0,-1.01120195e-05,-0.063482024,0.27708784,3.186004,0.55609274,8.721248,0.8130705,5.0876727,0.0,11.737236,-6.49926,0.9537037,136.58707,1.0,0.0,0.0,0.0,0.0,0,6.4492326,1.8292456,6.8993,0.0,5.266366,17.64422,0.0,2.4223337,0.0,20.678635
2,303,304.0,10.0,1.0,1.0,278.0,1.0,1.0,1.0,0.9298801,1.0,-0.0,0.0,-1.544941e-05,-0.070104465,0.28508082,4.638412,0.6799862,8.549327,0.81803703,5.65694,0.0,11.668914,-7.857318,0.9444444,137.05663,1.0,0.0,0.0,0.0,0.0,0,5.0428104,1.3597684,5.1882668,0.0,3.787311,17.250996,0.0,3.9719372,0.0,19.26746
3,303,304.0,10.0,1.0,1.0,284.0,1.0,1.0,1.0,0.95448416,1.0,-0.0,0.0,-1.0238303e-05,-0.0455056,0.025405735,3.440984,0.58702415,7.0836473,0.884676,5.646688,0.0,11.635452,-10.995026,0.9537037,134.348,1.0,0.0,0.0,0.0,0.0,0,5.828665,0.0,5.291779,0.0,2.3804934,19.401566,0.0,2.3955646,0.0,27.690802
0,304,305.0,10.0,1.0,1.0,286.0,1.0,1.0,1.0,0.9999883,1.0,-0.0,0.0,-1.1691028e-05,-0.0,0.2235163,3.2013013,0.6926097,4.474593,0.98830193,4.176132,1.0,11.892024,-7.233939,0.9537037,138.59544,1.0,0.0,0.0,0.0,0.0,0,3.8206756,3.1180859,5.975168,0.0,2.8700702,14.900214,0.0,4.102662,0.0,17.938038
1,304,305.0,10.0,1.0,1.0,286.0,1.0,1.0,1.0,0.9405973,1.0,-0.0,0.0,-1.0197675e-05,-0.059392508,0.20656809,3.218364,0.5585039,8.524275,0.8131565,5.0392747,0.0,11.179119,-8.109502,0.9537037,136.76433,1.0,0.0,0.0,0.0,0.0,0,5.7854395,2.0778694,6.2442365,0.0,3.616169,17.64804,0.0,2.2624028,0.0,20.544844
2,304,305.0,10.0,1.0,1.0,279.0,1.0,1.0,1.0,0.9389123,1.0,-0.0,0.0,-1.4611447e-05,-0.06107313,0.45828557,4.2768307,0.6579384,8.001913,0.82055897,5.662474,0.0,11.913863,-5.768462,0.9444444,137.39668,1.0,0.0,0.0,0.0,0.0,0,5.3994308,3.526925,8.287654,0.0,5.28522,16.966982,0.0,3.9275994,0.0,19.249752
3,304,305.0,10.0,1.0,1.0,285.0,1.0,1.0,1.0,0.9547604,1.0,-0.0,0.0,-8.871441e-06,-0.04523075,0.26460886,2.8219464,0.5836179,7.0649376,0.88462603,5.648906,0.0,11.9079895,-8.185143,0.9537037,135.18724,1.0,0.0,0.0,0.0,0.0,0,6.906036,1.3810453,7.057409,0.0,4.4124403,19.459677,0.0,2.4492512,0.0,27.873396
0,305,306.0,10.0,1.0,1.0,287.0,1.0,1.0,1.0,0.99640876,1.0,-0.0,0.0,-1.726394e-05,-0.0035739818,0.007478893,3.0285974,0.77525294,5.2144384,0.9919153,4.1236897,0.0,12.905874,-8.069302,0.9537037,139.06801,1.0,0.0,0.0,0.0,0.0,0,3.9363523,4.781696,8.432503,0.0,3.9506168,14.614582,0.0,4.2524652,0.0,17.94634
1,305,306.0,10.0,1.0,1.0,287.0,1.0,1.0,1.0,0.9391938,1.0,-0.0,0.0,-1.0372841e-05,-0.060795825,0.043370016,3.124124,0.5803264,8.626684,0.8148039,5.0210648,0.0,12.34603,-7.7973986,0.9537037,137.19006,1.0,0.0,0.0,0.0,0.0,0,5.970582,0.0,5.2661476,0.0,4.239533,17.818201,0.0,2.370543,0.0,20.72988
2,305,306.0,10.0,1.0,1.0,280.0,1.0,1.0,1.0,0.9358368,1.0,-0.0,0.0,-1.5281166e-05,-0.064147964,0.37650913,4.3196545,0.65603846,8.160878,0.8225088,5.6879983,0.0,11.766278,-6.780523,0.9444444,137.76822,1.0,0.0,0.0,0.0,0.0,0,3.9062364,2.7429135,5.146444,0.0,3.5133586,16.896132,0.0,4.027279,0.0,19.312164
3,305,306.0,10.0,1.0,1.0,286.0,1.0,1.0,1.0,0.96051586,1.0,-0.0,0.0,-8.926936e-06,-0.0394752,0.16751699,2.8386512,0.61592615,6.7130938,0.88595134,5.6554174,0.0,11.187607,-9.868152,0.9537037,135.32372,1.0,0.0,0.0,0.0,0.0,0,5.785473,1.4952949,6.329313,0.0,1.4976015,19.49611,0.0,2.5109706,0.0,27.802967
0,306,307.0,10.0,1.0,1.0,288.0,1.0,1.0,1.0,0.9999867,1.0,-0.0,0.0,-1.3290676e-05,-0.0,0.123946555,3.229323,0.74119407,4.757326,0.99097806,4.0746083,1.0,12.433476,-7.40989,0.9537037,139.31874,1.0,0.0,0.0,0.0,0.0,0,3.706581,4.6365137,7.698949,0.0,3.4109113,14.832271,0.0,4.2447586,0.0,17.925768
1,306,307.0,10.0,1.0,1.0,288.0,1.0,1.0,1.0,0.9501575,1.0,-0.0,0.0,-9.802605e-06,-0.049832705,0.1671847,3.1624541,0.5703929,7.9899616,0.81453454,4.9968367,0.0,11.470574,-7.8444805,0.9537037,137.30215,1.0,0.0,0.0,0.0,0.0,0,5.1934576,3.2078018,7.0017824,0.0,3.8840091,17.776627,0.0,2.3318555,0.0,20.615078
2,306,307.0,10.0,1.0,1.0,281.0,1.0,1.0,1.0,0.93715405,1.0,-0.0,0.0,-1.8506396e-05,-0.06282747,0.20294376,4.2648454,0.65342885,8.084403,0.82596976,5.685244,0.0,11.699993,-8.384346,0.9444444,138.39162,1.0,0.0,0.0,0.0,0.0,0,4.0910926,3.0660806,5.5602937,0.0,3.6598148,16.698666,0.0,3.9071808,0.0,19.216915
3,306,307.0,10.0,1.0,1.0,287.0,1.0,1.0,1.0,0.95377743,1.0,-0.0,0.0,-8.18168e-06,-0.046214376,0.028052554,2.8074362,0.59254915,7.122569,0.8872931,5.6502924,0.0,12.567212,-9.59315,0.9537037,135.78085,1.0,0.0,0.0,0.0,0.0,0,6.380794,0.0,5.8713827,0.0,3.8366835,18.27775,0.0,2.1572468,0.0,29.590101
0,307,308.0,10.0,1.0,1.0,289.0,1.0,1.0,1.0,0.99998283,1.0,-0.0,0.0,-1.7191089e-05,-0.0,0.20620003,3.0506778,0.7607589,4.7025385,0.99264115,4.0313416,1.0,12.529849,-6.7061286,0.9537037,139.6123,1.0,0.0,0.0,0.0,0.0,0,3.9464588,5.199388,9.882663,0.0,3.1198409,14.905638,0.0,4.3459463,0.0,17.902952
1,307,308.0,10.0,1.0,1.0,289.0,1.0,1.0,1.0,0.95201284,1.0,-0.0,0.0,-1.3739217e-05,-0.04797337,0.20204745,3.0889063,0.58438087,7.8784018,0.81423485,4.961931,0.0,11.830099,-6.960719,0.9537037,137.48508,1.0,0.0,0.0,0.0,0.0,0,5.670495,1.6654453,6.731875,0.0,4.928599,17.95464,0.0,2.2511532,0.0,20.657717
2,307,308.0,10.0,1.0,1.0,282.0,1.0,1.0,1.0,0.9432702,1.0,-0.0,0.0,-1.3677032e-05,-0.05671614,0.47505498,4.1656537,0.6459027,7.7113914,0.83363473,5.691576,0.0,11.934062,-4.9806786,0.9444444,139.24367,1.0,0.0,0.0,0.0,0.0,0,5.9440866,3.2239785,7.959412,0.0,5.3358994,17.228056,0.0,4.123638,0.0,19.286325
3,307,308.0,10.0,1.0,1.0,288.0,1.0,1.0,1.0,0.9656176,1.0,-0.0,0.0,-9.802996e-06,-0.034372628,0.18859878,2.7903576,0.6184411,6.4044476,0.8871544,5.657909,0.0,11.332318,-9.216036,0.9537037,135.93936,1.0,0.0,0.0,0.0,0.0,0,5.2434783,3.2800016,7.6975923,0.0,3.4801104,20.059074,0.0,2.5404763,0.0,27.838596
0,308,309.0,10.0,1.0,1.0,290.0,1.0,1.0,1.0,0.99998915,1.0,-0.0,0.0,-1.0840622e-05,-0.0,0.35033786,3.138595,0.74103224,4.3896303,0.9918401,3.9964309,1.0,12.092349,-5.496404,0.9537037,139.81949,1.0,0.0,0.0,0.0,0.0,0,3.3808777,5.467937,7.834795,0.0,3.7694688,14.939532,0.0,4.424783,0.0,17.945292
1,308,309.0,10.0,1.0,1.0,290.0,1.0,1.0,1.0,0.95677906,1.0,-0.0,0.0,-1.0010342e-05,-0.043210905,0.3509663,3.170602,0.5876434,7.5926538,0.8124802,4.945652,0.0,11.347653,-6.18397,0.9537037,137.6332,1.0,0.0,0.0,0.0,0.0,0,4.89382,2.9624877,6.238929,0.0,4.085069,18.049452,0.0,2.2774215,0.0,20.576582
2,308,309.0,10.0,1.0,1.0,283.0,1.0,1.0,1.0,0.94284916,1.0,-0.0,0.0,-2.5021793e-05,-0.05712583,0.15735291,3.9131231,0.6432467,7.6951227,0.83222294,5.7324257,0.0,11.988324,-8.279889,0.9444444,139.73305,1.0,0.0,0.0,0.0,0.0,0,3.3121736,1.1059923,3.8457568,0.0,2.4533951,17.324667,0.0,4.2138963,0.0,19.133461
3,308,309.0,10.0,1.0,1.0,289.0,1.0,1.0,1.0,0.9645611,1.0,-0.0,0.0,-8.606981e-06,-0.03543033,0.25907457,2.7832053,0.60660076,6.447465,0.88785577,5.678354,0.0,11.770565,-7.94902,0.9537037,136.08644,1.0,0.0,0.0,0.0,0.0,0,6.2241287,1.3674936,6.5974364,0.0,4.448623,20.33588,0.0,2.381064,0.0,27.975714
0,309,310.0,10.0,1.0,1.0,291.0,1.0,1.0,1.0,0.99998116,1.0,-0.0,0.0,-1.8852452e-05,-0.0,0.055022165,3.2245238,0.75848615,4.320966,0.992086,3.966545,1.0,12.216433,-9.265795,0.9537037,139.92752,1.0,0.0,0.0,0.0,0.0,0,3.0326133,4.7657356,7.207416,0.0,3.0073755,15.197236,0.0,4.4874616,0.0,17.933365
1,309,310.0,10.0,1.0,1.0,291.0,1.0,1.0,1.0,0.96028197,1.0,-0.0,0.0,-2.1970485e-05,-0.039696008,0.08906275,3.2431695,0.5962533,7.3817596,0.81184685,4.9283667,0.0,11.466229,-10.272361,0.9537037,137.76155,1.0,0.0,0.0,0.0,0.0,0,5.2428,2.219768,5.712946,0.0,3.4708807,18.440031,0.0,2.2799861,0.0,20.702314
2,309,310.0,10.0,1.0,1.0,284.0,1.0,1.0,1.0,0.94668144,1.0,-0.0,0.0,-1.4112235e-05,-0.05330444,0.054272078,4.025108,0.6410082,7.5185328,0.8419146,5.679733,0.0,11.773746,-8.845632,0.9444444,140.51556,1.0,0.0,0.0,0.0,0.0,0,3.6219347,4.0080914,6.38294,0.0,4.044583,17.19807,0.0,4.405811,0.0,19.319498
3,309,310.0,10.0,1.0,1.0,290.0,1.0,1.0,1.0,0.9700123,1.0,-0.0,0.0,-8.853622e-06,-0.029978825,0.3590159,2.7770412,0.6383695,6.078883,0.88773817,5.719846,0.0,11.111187,-7.657757,0.9537037,136.2681,1.0,0.0,0.0,0.0,0.0,0,5.358795,2.6234596,6.995393,0.0,3.5750012,20.062162,0.0,2.4758568,0.0,27.983128
0,310,311.0,10.0,1.0,1.0,292.0,1.0,1.0,1.0,0.9999812,1.0,-0.0,0.0,-1.8801258e-05,-0.0,0.26880985,3.1970613,0.75880253,4.1686273,0.99376684,3.9439816,1.0,11.878061,-6.0322165,0.9537037,140.13991,1.0,0.0,0.0,0.0,0.0,0,2.8134096,7.0430727,8.855067,0.0,3.9602146,15.003475,0.0,4.6693187,0.0,18.107769
1,310,311.0,10.0,1.0,1.0,292.0,1.0,1.0,1.0,0.96322924,1.0,-0.0,0.0,-1.891701e-05,-0.03675184,0.2512496,3.2827756,0.5986507,7.2051096,0.8129551,4.9415345,0.0,11.105,-6.8448663,0.9537037,137.9071,1.0,0.0,0.0,0.0,0.0,0,5.0513988,4.173613,7.492134,0.0,4.27486,18.48247,0.0,2.4748871,0.0,20.813663
2,310,311.0,10.0,1.0,1.0,285.0,1.0,1.0,1.0,0.95396036,1.0,-0.0,0.0,-1.3459503e-05,-0.046026155,0.43526554,3.3433366,0.62400854,7.042955,0.8396652,5.7186136,0.0,11.811644,-5.492757,0.9444444,141.31496,1.0,0.0,0.0,0.0,0.0,0,5.75074,3.9275913,8.885919,0.0,5.4003735,17.306845,0.0,4.5108237,0.0,19.359207
3,310,311.0,10.0,1.0,1.0,291.0,1.0,1.0,1.0,0.97231257,1.0,-0.0,0.0,-1.8166447e-05,-0.027669273,0.15348159,2.917384,0.67750555,5.9420896,0.88812613,5.7180657,0.0,10.713494,-9.958616,0.9537037,136.37993,1.0,0.0,0.0,0.0,0.0,0,5.7634335,4.323328,9.632033,0.0,2.396171,21.059223,0.0,2.5508354,0.0,28.375433
0,311,312.0,10.0,1.0,1.0,293.0,1.0,1.0,1.0,0.99997133,1.0,-0.0,0.0,-2.8693508e-05,-0.0,0.12014229,2.9335947,0.7700326,3.8361175,0.99085623,3.9100926,1.0,11.870295,-8.030075,0.9537037,140.62721,1.0,0.0,0.0,0.0,0.0,0,3.1721005,4.8642716,6.8893547,0.0,3.2541203,15.60682,0.0,4.589621,0.0,18.291883
1,311,312.0,10.0,1.0,1.0,293.0,1.0,1.0,1.0,0.9662402,1.0,-0.0,0.0,-3.156788e-05,-0.033728186,0.049605407,3.0175395,0.6090363,7.0236907,0.8079135,4.9532447,0.0,11.270907,-9.369526,0.9537037,138.39555,1.0,0.0,0.0,0.0,0.0,0,6.1469607,1.6719377,6.6435575,0.0,3.5459273,18.7799,0.0,2.3177083,0.0,20.659254
2,311,312.0,10.0,1.0,1.0,286.0,1.0,1.0,1.0,0.95405,1.0,-0.0,0.0,-9.244739e-06,-0.045940757,0.27203113,3.40399,0.6218796,7.026478,0.84098196,5.7299666,0.0,11.625916,-7.393914,0.9444444,141.51881,1.0,0.0,0.0,0.0,0.0,0,2.7629013,2.936444,5.1331844,0.0,3.103256,17.54633,0.0,4.644517,0.0,19.222927
3,311,312.0,10.0,1.0,1.0,292.0,1.0,1.0,1.0,0.97365797,1.0,-0.0,0.0,-1.3797992e-05,-0.026328266,0.40850306,2.8572128,0.6737442,5.794243,0.8876168,5.785452,0.0,10.609847,-7.3374686,0.9537037,136.6245,1.0,0.0,0.0,0.0,0.0,0,5.7552104,2.859634,7.370029,0.0,3.1746612,20.653004,0.0,2.4903595,0.0,27.970917
0,312,313.0,10.0,1.0,1.0,294.0,1.0,1.0,1.0,0.999966,1.0,-0.0,0.0,-3.3994453e-05,-0.0,0.43806508,3.4414809,0.75436497,3.75256,0.9925619,3.896656,1.0,11.395615,-4.739917,0.9537037,140.94398,1.0,0.0,0.0,0.0,0.0,0,2.1443377,9.386859,9.348955,0.0,3.96484,15.525651,0.0,4.740176,0.0,18.230192
1,312,313.0,10.0,1.0,1.0,294.0,1.0,1.0,1.0,0.96787393,1.0,-0.0,0.0,-3.7144375e-05,-0.032088924,0.3827542,3.543796,0.60027635,6.9211392,0.8088779,5.004195,0.0,10.910874,-5.8705688,0.9537037,138.74174,1.0,0.0,0.0,0.0,0.0,0,5.175908,4.316741,7.210065,0.0,4.2410235,19.2624,0.0,2.5702617,0.0,20.87777
2,312,313.0,10.0,1.0,1.0,287.0,1.0,1.0,1.0,0.96523714,1.0,-0.0,0.0,-1.0433596e-05,-0.034752436,0.22750385,3.1789687,0.6435929,6.3518996,0.84368515,5.7332454,0.0,11.942729,-6.294995,0.9444444,141.94405,1.0,0.0,0.0,0.0,0.0,0,2.7008529,4.5215163,6.675525,0.0,4.6540914,17.333467,0.0,4.740933,0.0,19.255657
3,312,313.0,10.0,1.0,1.0,293.0,1.0,1.0,1.0,0.974288,1.0,-0.0,0.0,-2.4909843e-05,-0.025687097,0.2821006,2.6776137,0.7376027,5.7676954,0.8864466,5.7735295,0.0,10.412857,-9.192071,0.9537037,137.05165,1.0,0.0,0.0,0.0,0.0,0,6.5256457,3.3164625,10.931119,0.0,1.6124674,21.70947,0.0,2.2307293,0.0,28.723883
0,313,314.0,10.0,1.0,1.0,295.0,1.0,1.0,1.0,0.9999624,1.0,-0.0,0.0,-3.7581438e-05,-0.0,0.31454152,2.913988,0.78768563,3.4224148,0.98758566,3.92049,1.0,11.442636,-6.7002707,0.9537037,141.75012,1.0,0.0,0.0,0.0,0.0,0,2.5608351,5.6675415,7.145794,0.0,2.8172793,15.974836,0.0,4.8024154,0.0,18.2224
1,313,314.0,10.0,1.0,1.0,295.0,1.0,1.0,1.0,0.9743463,1.0,-0.0,0.0,-4.0034527e-05,-0.025613671,0.1935672,3.0122344,0.64577717,6.4724374,0.8036953,5.0643816,0.0,11.132008,-8.542833,0.9537037,139.57343,1.0,0.0,0.0,0.0,0.0,0,4.9290433,2.214752,5.38687,0.0,3.239275,18.986425,0.0,2.5666213,0.0,20.639217
2,313,314.0,10.0,1.0,1.0,288.0,1.0,1.0,1.0,0.9659651,1.0,-0.0,0.0,-1.2983816e-05,-0.03402191,0.18634759,3.3915668,0.6273467,6.316542,0.84443223,5.724772,0.0,11.734617,-7.2743883,0.9444444,142.18471,1.0,0.0,0.0,0.0,0.0,0,3.1348927,3.552395,6.0418925,0.0,3.178443,17.51078,0.0,4.7356625,0.0,19.116932
3,313,314.0,10.0,1.0,1.0,294.0,1.0,1.0,1.0,0.9758065,1.0,-0.0,0.0,-2.2334656e-05,-0.024171185,0.4164871,3.0959299,0.68629044,5.5860434,0.8860998,5.864227,0.0,10.553946,-7.3433733,0.9537037,137.29224,1.0,0.0,0.0,0.0,0.0,0,5.8516464,2.7893476,7.213248,0.0,2.794434,20.713892,0.0,2.2206397,0.0,27.834074
0,314,315.0,10.0,1.0,1.0,296.0,1.0,1.0,1.0,0.9999566,1.0,-0.0,0.0,-4.337172e-05,-0.0,0.60834813,3.6545937,0.703548,4.1991267,0.98871195,3.8934402,1.0,11.404166,-2.4322598,0.9537037,142.2683,1.0,0.0,0.0,0.0,0.0,0,1.8747509,5.933689,6.682761,0.0,3.557242,15.531076,0.0,4.8437414,0.0,18.165253
1,314,315.0,10.0,1.0,1.0,296.0,1.0,1.0,1.0,0.9650932,1.0,-0.0,0.0,-4.4794528e-05,-0.03486199,0.5402945,3.7505734,0.57493526,7.0262547,0.80694073,5.065464,0.0,10.905748,-3.9475737,0.9537037,140.12186,1.0,0.0,0.0,0.0,0.0,0,5.2564993,1.8810469,6.0380044,0.0,4.713866,19.116581,0.0,2.652049,0.0,20.87458
2,314,315.0,10.0,1.0,1.0,289.0,1.0,1.0,1.0,0.971726,1.0,-0.0,0.0,-2.5159146e-05,-0.02824885,0.24202354,3.0953672,0.6401201,5.958408,0.84500676,5.736522,0.0,11.761488,-6.6371775,0.9444444,142.569,1.0,0.0,0.0,0.0,0.0,0,2.8867164,5.533413,8.085891,0.0,4.313697,17.694466,0.0,4.9360313,0.0,19.175835
3,314,315.0,10.0,1.0,1.0,295.0,1.0,1.0,1.0,0.9783737,1.0,-0.0,0.0,-2.8758785e-05,-0.021597557,0.29034317,2.6903574,0.73067516,5.4750485,0.8870545,5.8208036,0.0,10.5711975,-8.9174,0.9537037,137.97806,1.0,0.0,0.0,0.0,0.0,0,6.2309465,2.448891,7.767444,0.0,1.5362638,21.517195,0.0,2.2914126,0.0,28.412487
0,315,316.0,10.0,1.0,1.0,297.0,1.0,1.0,1.0,0.99996215,1.0,-0.0,0.0,-3.7864676e-05,-0.0,0.528913,3.0198162,0.7298626,3.4775515,0.9834132,3.9102929,1.0,11.167593,-4.4,0.9537037,143.21906,1.0,0.0,0.0,0.0,0.0,0,2.0965092,7.350544,7.5163064,0.0,3.7707121,16.078302,0.0,4.9399667,0.0,18.286127
1,315,316.0,10.0,1.0,1.0,297.0,1.0,1.0,1.0,0.97410965,1.0,-0.0,0.0,-4.2691456e-05,-0.025847683,0.39612725,3.0981743,0.6272102,6.4384713,0.8018467,5.1123886,0.0,11.0265875,-6.720871,0.9537037,141.11284,1.0,0.0,0.0,0.0,0.0,0,4.7338433,2.7874765,6.3526716,0.0,2.7806551,19.413853,0.0,2.6067245,0.0,20.693775
2,315,316.0,10.0,1.0,1.0,290.0,1.0,1.0,1.0,0.97175694,1.0,-0.0,0.0,-1.9154313e-05,-0.028223906,0.3705457,3.3980176,0.63673687,5.9651065,0.8455811,5.728327,0.0,11.566111,-5.5239525,0.9444444,142.81914,1.0,0.0,0.0,0.0,0.0,0,3.1429772,3.586905,6.5074883,0.0,3.6402264,17.733494,0.0,4.942148,0.0,19.0945
3,315,316.0,10.0,1.0,1.0,296.0,1.0,1.0,1.0,0.97481894,1.0,-0.0,0.0,-2.3617942e-05,-0.025157437,0.5457547,3.2474842,0.65135413,5.6042356,0.8851435,5.9052095,0.0,10.659312,-5.6780834,0.9537037,138.40973,1.0,0.0,0.0,0.0,0.0,0,6.2801604,2.112919,7.034726,0.0,3.5061185,21.037329,0.0,2.2299469,0.0,27.676956
0,316,317.0,10.0,1.0,1.0,298.0,1.0,1.0,1.0,0.99995494,1.0,-0.0,0.0,-4.507669e-05,-0.0,0.4061613,3.8223822,0.6492658,4.1343074,0.9852868,3.8819625,1.0,11.151766,-4.430129,0.9537037,143.85983,1.0,0.0,0.0,0.0,0.0,0,1.267455,8.102956,7.180503,0.0,2.3370697,15.552462,0.0,4.931059,0.0,18.15937
1,316,317.0,10.0,1.0,1.0,298.0,1.0,1.0,1.0,0.9660761,1.0,-0.0,0.0,-5.1214894e-05,-0.03387273,0.35080945,3.9348836,0.55451804,6.917065,0.80474645,5.115298,0.0,10.771282,-6.141822,0.9537037,141.81784,1.0,0.0,0.0,0.0,0.0,0,4.2106028,3.4516997,5.6254053,0.0,3.4770195,19.249718,0.0,2.7010744,0.0,20.871624
2,316,317.0,10.0,1.0,1.0,291.0,1.0,1.0,1.0,0.97480893,1.0,-0.0,0.0,-3.7230067e-05,-0.025153816,0.08917954,3.277156,0.6447192,5.7743435,0.8449617,5.7348843,0.0,11.730989,-10.122353,0.9444444,143.11111,1.0,0.0,0.0,0.0,0.0,0,1.7527585,4.0938025,5.7343335,0.0,2.673104,18.085886,0.0,5.1112313,0.0,19.16498
3,316,317.0,10.0,1.0,1.0,297.0,1.0,1.0,1.0,0.9787982,1.0,-0.0,0.0,-2.3970384e-05,-0.021177854,0.3280051,2.783316,0.67995834,5.3659916,0.8862671,5.904679,0.0,10.964331,-8.265582,0.9537037,139.16351,1.0,0.0,0.0,0.0,0.0,0,5.6718354,0.55426955,5.7581973,0.0,1.7685518,20.936165,0.0,2.3970678,0.0,27.78529
0,317,318.0,10.0,1.0,1.0,299.0,1.0,1.0,1.0,0.99996537,1.0,-0.0,0.0,-3.463589e-05,-0.0,0.4004255,3.2667193,0.6801319,3.72303,0.9822193,3.8692374,1.0,11.155385,-5.2074485,0.9537037,144.69199,1.0,0.0,0.0,0.0,0.0,0,1.6386908,8.068874,8.372806,0.0,2.6762245,15.838185,0.0,4.978541,0.0,18.350262
1,317,318.0,10.0,1.0,1.0,299.0,1.0,1.0,1.0,0.97041464,1.0,-0.0,0.0,-3.533942e-05,-0.029550018,0.30632988,3.3795953,0.5839977,6.62916,0.8007623,5.1438403,0.0,10.887955,-7.2895837,0.9537037,142.64645,1.0,0.0,0.0,0.0,0.0,0,4.4659204,4.7727036,7.019395,0.0,3.6928775,19.365465,0.0,2.679044,0.0,20.767239
2,317,318.0,10.0,1.0,1.0,292.0,1.0,1.0,1.0,0.9757022,1.0,-0.0,0.0,-3.3437922e-05,-0.024264362,0.19810349,3.539969,0.6365698,5.7892404,0.8513143,5.6666203,0.0,11.484923,-6.6221457,0.9444444,143.19771,1.0,0.0,0.0,0.0,0.0,0,4.2619305,2.831017,6.232145,0.0,4.1535025,16.832361,0.0,5.0444226,0.0,19.068392
3,317,318.0,10.0,1.0,1.0,298.0,1.0,1.0,1.0,0.9711561,1.0,-0.0,0.0,-2.2985736e-05,-0.028820887,0.20809844,3.3955615,0.60869956,5.860754,0.8902926,5.8684983,0.0,10.9480505,-8.561994,0.9537037,139.67903,1.0,0.0,0.0,0.0,0.0,0,5.3795114,2.423451,5.7223716,0.0,1.8547567,20.982111,0.0,2.2243986,0.0,27.966385
0,318,319.0,10.0,1.0,1.0,300.0,1.0,1.0,1.0,0.99996346,1.0,-0.0,0.0,-3.6555917e-05,-0.0,0.56994075,3.9503887,0.6058757,3.9463627,0.9833833,3.8254905,1.0,10.376914,-3.908812,0.9537037,145.32408,1.0,0.0,0.0,0.0,0.0,0,0.33439282,7.9720526,8.43743,0.0,2.8738227,15.772741,0.0,4.8891044,0.0,18.15242
1,318,319.0,10.0,1.0,1.0,300.0,1.0,1.0,1.0,0.96317875,1.0,-0.0,0.0,-3.6926045e-05,-0.03678427,0.39047077,4.098142,0.538788,7.087627,0.8010079,5.1194286,0.0,10.574808,-6.6309266,0.9537037,143.29716,1.0,0.0,0.0,0.0,0.0,0,3.8308218,3.1802118,6.548888,0.0,3.060445,18.723103,0.0,2.629747,0.0,20.705233
2,318,319.0,10.0,1.0,1.0,293.0,1.0,1.0,1.0,0.98094624,1.0,-0.0,0.0,-4.857281e-05,-0.019005187,0.015564263,3.074551,0.65239173,5.437739,0.8448802,5.7025714,0.0,11.574914,-9.41867,0.9444444,143.89966,1.0,0.0,0.0,0.0,0.0,0,2.4776003,4.035318,5.937252,0.0,2.674415,18.445286,0.0,5.21667,0.0,19.273273
3,318,319.0,10.0,1.0,1.0,299.0,1.0,1.0,1.0,0.97488344,1.0,-0.0,0.0,-1.31941715e-05,-0.025103379,0.3237847,3.1247988,0.6392965,5.657217,0.8908426,5.8489847,0.0,10.837468,-7.9316096,0.9537037,140.21872,1.0,0.0,0.0,0.0,0.0,0,5.638537,3.122385,7.3093867,0.0,1.4190681,21.100468,0.0,2.2864516,0.0,27.894554
0,319,320.0,10.0,1.0,1.0,301.0,1.0,1.0,1.0,0.99997246,1.0,-0.0,0.0,-2.7511991e-05,-0.0,0.56656784,3.5054035,0.6465218,3.71208,0.9797851,3.8269231,1.0,10.367581,-4.2871003,0.9537037,145.9798,1.0,0.0,0.0,0.0,0.0,0,1.5484482,8.070684,8.26503,0.0,3.0624077,15.908403,0.0,5.0316057,0.0,18.302845
1,319,320.0,10.0,1.0,1.0,301.0,1.0,1.0,1.0,0.9668121,1.0,-0.0,0.0,-2.5285242e-05,-0.033162653,0.3688287,3.630126,0.5705436,6.8642154,0.798258,5.1255426,0.0,10.63247,-7.2348,0.9537037,143.97171,1.0,0.0,0.0,0.0,0.0,0,3.8313787,5.058812,7.4162292,0.0,3.486269,18.951813,0.0,2.664889,0.0,20.750246
2,319,320.0,10.0,1.0,1.0,294.0,1.0,1.0,1.0,0.9815476,1.0,-0.0,0.0,-5.3700587e-05,-0.018398708,0.29763356,3.791578,0.6399788,5.459869,0.8497785,5.6440525,0.0,11.305765,-5.9328628,0.9444444,144.40211,1.0,0.0,0.0,0.0,0.0,0,4.6323986,2.9530761,6.057793,0.0,4.2687454,17.555313,0.0,5.134833,0.0,18.938658
3,319,320.0,10.0,1.0,1.0,300.0,1.0,1.0,1.0,0.9749465,1.0,-0.0,0.0,-1.4682969e-05,-0.025038833,0.29076263,3.5157316,0.63138723,5.6874475,0.89127374,5.814882,0.0,10.658426,-8.297357,0.9537037,140.695,1.0,0.0,0.0,0.0,0.0,0,4.533491,2.1584787,4.6424365,0.0,0.11017691,19.874256,0.0,1.7682116,0.0,29.39463
0,320,321.0,10.0,1.0,1.0,302.0,1.0,1.0,1.0,0.9999752,1.0,-0.0,0.0,-2.4772551e-05,-0.0,0.65131897,4.111378,0.6008618,4.180255,0.980305,3.8248768,1.0,9.961308,-3.96398,0.9537037,146.56876,1.0,0.0,0.0,0.0,0.0,0,0.97417635,7.252188,7.445592,0.0,2.1049922,15.849624,0.0,4.995936,0.0,18.240658
1,320,321.0,10.0,1.0,1.0,302.0,1.0,1.0,1.0,0.95791554,1.0,-0.0,0.0,-2.1784812e-05,-0.04206268,0.5313344,4.3045034,0.5365939,7.4337792,0.80026174,5.0899806,0.0,10.361981,-6.2378225,0.9537037,144.59955,1.0,0.0,0.0,0.0,0.0,0,3.4722462,3.4336722,6.4725566,0.0,3.0031915,18.728859,0.0,2.6343324,0.0,20.749468
2,320,321.0,10.0,1.0,1.0,295.0,1.0,1.0,1.0,0.98741096,1.0,-0.0,0.0,-5.0595292e-05,-0.012538449,0.13671778,3.141554,0.67265457,5.1010437,0.8429365,5.6512623,0.0,11.439933,-8.579144,0.9444444,145.35272,1.0,0.0,0.0,0.0,0.0,0,3.1072032,3.5136733,6.037066,0.0,2.83607,18.465921,0.0,5.2500067,0.0,19.13732
3,320,321.0,10.0,1.0,1.0,301.0,1.0,1.0,1.0,0.97984624,1.0,-0.0,0.0,-2.291563e-05,-0.020130873,0.24287254,3.2039669,0.64419824,5.5226073,0.8935991,5.685244,0.0,10.888768,-8.758473,0.9537037,141.18088,1.0,0.0,0.0,0.0,0.0,0,5.513018,2.6774952,7.4317055,0.0,0.7639477,19.43366,0.0,2.0572894,0.0,29.46116
0,321,322.0,10.0,1.0,1.0,303.0,1.0,1.0,1.0,0.99997145,1.0,-0.0,0.0,-2.8535218e-05,-0.0,0.5800657,3.389226,0.6318146,4.178194,0.9755698,3.8109338,1.0,10.229662,-4.967499,0.9537037,147.4259,1.0,0.0,0.0,0.0,0.0,0,1.1583533,6.8806624,8.709425,0.0,2.9755833,15.862805,0.0,5.0710254,0.0,18.255365
1,321,322.0,10.0,1.0,1.0,303.0,1.0,1.0,1.0,0.9599151,1.0,-0.0,0.0,-2.1687558e-05,-0.040063176,0.43729395,3.6171541,0.5517059,7.307967,0.79721975,5.0958223,0.0,10.49505,-7.2238064,0.9537037,145.41728,1.0,0.0,0.0,0.0,0.0,0,3.8873653,3.9150062,8.133478,0.0,3.4598157,18.874468,0.0,2.6443977,0.0,20.754902
2,321,322.0,10.0,1.0,1.0,296.0,1.0,1.0,1.0,0.98210865,1.0,-0.0,0.0,-5.53317e-05,-0.017836021,0.43841636,4.0141673,0.64123714,5.509264,0.8478572,5.5608964,0.0,11.262745,-4.1206546,0.9444444,146.0205,1.0,0.0,0.0,0.0,0.0,0,6.176826,0.8036325,5.761074,0.0,4.823294,16.824337,0.0,5.232924,0.0,20.022247
3,321,322.0,10.0,1.0,1.0,302.0,1.0,1.0,1.0,0.9793552,1.0,-0.0,0.0,-1.5290603e-05,-0.020629492,0.41230395,3.8128488,0.6387837,5.590387,0.89186347,5.6473813,0.0,10.569317,-7.183402,0.9537037,141.77911,1.0,0.0,0.0,0.0,0.0,0,4.3911743,1.8273342,4.1642933,0.0,0.07903826,19.793999,0.0,1.9152522,0.0,29.235537
0,322,323.0,10.0,1.0,1.0,304.0,1.0,1.0,1.0,0.9999776,1.0,-0.0,0.0,-2.238353e-05,-0.0,0.67643523,4.024332,0.6162077,4.6640897,0.97438496,3.7903368,1.0,9.939963,-4.4623604,0.9537037,148.08762,1.0,0.0,0.0,0.0,0.0,0,0.622191,5.9628987,7.777875,0.0,2.8500555,15.903629,0.0,4.9769826,0.0,18.138079
1,322,323.0,10.0,1.0,1.0,304.0,1.0,1.0,1.0,0.9478764,1.0,-0.0,0.0,-1.7327431e-05,-0.052106276,0.52776784,4.19963,0.528229,8.047791,0.7991465,5.078585,0.0,10.376914,-7.0706487,0.9537037,146.001,1.0,0.0,0.0,0.0,0.0,0,3.7550247,3.8740427,7.0607505,0.0,2.763407,18.864185,0.0,2.6462476,0.0,20.786499
2,322,323.0,10.0,1.0,1.0,297.0,1.0,1.0,1.0,0.9906576,1.0,-0.0,0.0,-3.839429e-05,-0.009303998,0.34180617,3.378488,0.6628066,5.034923,0.8436415,5.523316,0.0,11.337096,-6.4113503,0.9444444,146.98152,1.0,0.0,0.0,0.0,0.0,0,2.9451373,3.34948,5.4024134,0.0,2.3282437,16.699982,0.0,5.304987,0.0,20.129528
3,322,323.0,10.0,1.0,1.0,303.0,1.0,1.0,1.0,0.9836815,1.0,-0.0,0.0,-2.1850155e-05,-0.016296646,0.2135478,3.161924,0.6578186,5.4094443,0.8921893,5.5683537,0.0,10.861563,-9.1523485,0.9537037,142.55869,1.0,0.0,0.0,0.0,0.0,0,5.6211348,2.6222205,7.259425,0.0,0.7558,19.877264,0.0,2.0636837,0.0,29.14522
0,323,324.0,10.0,1.0,1.0,305.0,1.0,1.0,1.0,0.99998116,1.0,-0.0,0.0,-1.881341e-05,-0.0,0.63841677,3.6036186,0.63613164,4.5662103,0.97137904,3.797146,1.0,10.1629305,-4.8958354,0.9537037,148.55818,1.0,0.0,0.0,0.0,0.0,0,1.4911897,5.584604,8.971859,0.0,3.1271744,15.851427,0.0,5.0294943,0.0,18.309353
1,323,324.0,10.0,1.0,1.0,305.0,1.0,1.0,1.0,0.9535761,1.0,-0.0,0.0,-1.8922561e-05,-0.046405025,0.5065434,3.798734,0.5315858,7.692782,0.79725266,5.0915184,0.0,10.545832,-7.081869,0.9537037,146.45432,1.0,0.0,0.0,0.0,0.0,0,4.507664,3.85702,7.445752,0.0,3.6531706,19.134676,0.0,2.6424055,0.0,20.880049
2,323,324.0,10.0,1.0,1.0,298.0,1.0,1.0,1.0,0.9870004,1.0,-0.0,0.0,-4.3162177e-05,-0.012956455,0.3247708,4.1452756,0.6346361,5.308634,0.8455419,5.468753,0.0,11.020889,-5.9438972,0.9444444,147.6505,1.0,0.0,0.0,0.0,0.0,0,4.232859,3.3809583,5.6953683,0.0,3.4116738,16.809185,0.0,5.239648,0.0,20.120184
3,323,324.0,10.0,1.0,1.0,304.0,1.0,1.0,1.0,0.98184377,1.0,-0.0,0.0,-1.6457414e-05,-0.01813978,0.27022213,3.7520144,0.6463662,5.5919275,0.8932299,5.496458,0.0,10.580892,-8.556562,0.9537037,143.15993,1.0,0.0,0.0,0.0,0.0,0,4.3070316,2.2578967,4.2070055,0.0,0.0,19.987396,0.0,1.9795461,0.0,29.176584
0,324,325.0,10.0,1.0,1.0,306.0,1.0,1.0,1.0,0.9999847,1.0,-0.0,0.0,-1.534174e-05,-0.0,0.48694462,4.084265,0.6109786,4.9813013,0.97155964,3.8216007,1.0,10.114215,-6.5565176,0.9537037,149.04819,1.0,0.0,0.0,0.0,0.0,0,1.5648576,4.955348,6.9849367,0.0,2.3697886,16.054426,0.0,5.0849023,0.0,18.072863
1,324,325.0,10.0,1.0,1.0,306.0,1.0,1.0,1.0,0.9416577,1.0,-0.0,0.0,-1.4701871e-05,-0.05832756,0.40984786,4.263413,0.526098,8.417831,0.801047,5.0818214,0.0,10.578305,-8.696868,0.9537037,146.93349,1.0,0.0,0.0,0.0,0.0,0,4.199806,5.1234946,7.408984,0.0,2.7615407,19.00366,0.0,2.6433175,0.0,20.892448
2,324,325.0,10.0,1.0,1.0,299.0,1.0,1.0,1.0,0.99238634,1.0,-0.0,0.0,-2.841439e-05,-0.00758521,0.32041296,3.6654935,0.66742736,5.005291,0.8420824,5.449821,0.0,11.149682,-6.6885343,0.9444444,148.41792,1.0,0.0,0.0,0.0,0.0,0,2.9514573,5.6798453,6.836601,0.0,2.9779112,16.767199,0.0,5.344203,0.0,20.121824
3,324,325.0,10.0,1.0,1.0,305.0,1.0,1.0,1.0,0.98463744,1.0,-0.0,0.0,-1.9261599e-05,-0.015343301,0.2775386,3.4240704,0.65407544,5.462306,0.89271134,5.458291,0.0,10.871869,-8.485406,0.9537037,143.52715,1.0,0.0,0.0,0.0,0.0,0,5.8815174,2.4837403,7.5561595,0.0,1.0867351,20.2758,0.0,2.0449467,0.0,29.23245
0,325,326.0,10.0,1.0,1.0,307.0,1.0,1.0,1.0,0.999979,1.0,-0.0,0.0,-2.0954136e-05,-0.0,0.6717272,3.5529933,0.6402526,4.932654,0.9683927,3.8503754,1.0,10.3822775,-5.0289025,0.9537037,149.62189,1.0,0.0,0.0,0.0,0.0,0,2.0926352,4.2007747,9.629461,0.0,2.9398212,15.826628,0.0,5.0536737,0.0,18.06984
1,325,326.0,10.0,1.0,1.0,307.0,1.0,1.0,1.0,0.94899577,1.0,-0.0,0.0,-1.7475268e-05,-0.050986756,0.5950905,3.7974656,0.53424066,7.956166,0.80073476,5.1030383,0.0,10.658961,-6.75103,0.9537037,147.45915,1.0,0.0,0.0,0.0,0.0,0,4.6459546,4.1781507,7.71796,0.0,3.8307555,19.079742,0.0,2.6291409,0.0,20.824524
2,325,326.0,10.0,1.0,1.0,300.0,1.0,1.0,1.0,0.98681414,1.0,-0.0,0.0,-3.1977324e-05,-0.013153891,0.3174752,4.2882247,0.62929493,5.416387,0.8434684,5.3728456,0.0,11.008699,-6.7103944,0.9444444,148.98083,1.0,0.0,0.0,0.0,0.0,0,4.1644955,2.989711,5.1387887,0.0,3.191247,16.929712,0.0,5.1468806,0.0,20.094685
3,325,326.0,10.0,1.0,1.0,306.0,1.0,1.0,1.0,0.9847715,1.0,-0.0,0.0,-1.5626818e-05,-0.015212909,0.17069392,3.8208132,0.67044723,5.4911847,0.8946988,5.421589,0.0,10.538907,-9.629655,0.9537037,143.95306,1.0,0.0,0.0,0.0,0.0,0,4.4438534,2.2058542,4.4946756,0.0,1.4517108,20.437521,0.0,1.9845212,0.0,29.13072
0,326,327.0,10.0,1.0,1.0,308.0,1.0,1.0,1.0,0.9952734,1.0,-0.0,0.0,-2.132041e-05,-0.0047052675,0.61220527,4.0452104,0.602061,5.2823157,0.96808654,3.8783314,0.0,10.295297,-5.7288065,0.9537037,150.17093,1.0,0.0,0.0,0.0,0.0,0,1.9268056,3.735131,6.796637,0.0,2.1727674,16.124235,0.0,4.9389114,0.0,17.927452
1,326,327.0,10.0,1.0,1.0,308.0,1.0,1.0,1.0,0.94216406,1.0,-0.0,0.0,-1.5628024e-05,-0.057820335,0.44130683,4.1884947,0.5254768,8.381084,0.8047208,5.0881343,0.0,10.760349,-8.601251,0.9537037,147.91432,1.0,0.0,0.0,0.0,0.0,0,4.8266234,3.5567439,6.0407977,0.0,3.3886597,18.948782,0.0,2.5599601,0.0,20.878654
2,326,327.0,10.0,1.0,1.0,301.0,1.0,1.0,1.0,0.9895083,1.0,-0.0,0.0,-2.4632052e-05,-0.010467116,0.35692787,3.8741372,0.6503431,5.310403,0.84147966,5.317623,0.0,11.091429,-6.8811393,0.9444444,149.59828,1.0,0.0,0.0,0.0,0.0,0,2.9694111,7.8671618,7.7063737,0.0,3.071709,16.73935,0.0,5.2340183,0.0,20.317469
3,326,327.0,10.0,1.0,1.0,307.0,1.0,1.0,1.0,0.9861192,1.0,-0.0,0.0,-1.3660127e-05,-0.013867119,0.4034344,3.428828,0.6723443,5.446372,0.89466673,5.3856544,0.0,10.788646,-7.542706,0.9537037,144.37418,1.0,0.0,0.0,0.0,0.0,0,6.2558904,2.9213967,7.889204,0.0,2.4125853,20.537146,0.0,1.9419084,0.0,29.279188
0,327,328.0,10.0,1.0,1.0,309.0,1.0,1.0,1.0,0.99647695,1.0,-0.0,0.0,-1.6717146e-05,-0.003506377,0.6233331,3.671449,0.6285854,5.210382,0.96739185,3.9048843,0.0,10.547231,-5.713037,0.9537037,150.53992,1.0,0.0,0.0,0.0,0.0,0,2.2977211,4.0039034,9.007017,0.0,2.756546,15.580272,0.0,4.9981065,0.0,17.999903
1,327,328.0,10.0,1.0,1.0,309.0,1.0,1.0,1.0,0.9517234,1.0,-0.0,0.0,-1.6130687e-05,-0.048260443,0.4947774,3.8649895,0.54161376,7.792127,0.80440056,5.103499,0.0,10.823201,-7.679905,0.9537037,148.26378,1.0,0.0,0.0,0.0,0.0,0,5.2509923,3.2710083,7.1633277,0.0,3.8252273,18.637981,0.0,2.6389956,0.0,20.703909
2,327,328.0,10.0,1.0,1.0,302.0,1.0,1.0,1.0,0.9846585,1.0,-0.0,0.0,-2.0823534e-05,-0.015320704,0.5111896,4.517687,0.6309732,5.6962514,0.8435092,5.22299,0.0,10.98082,-5.961425,0.9444444,150.21362,1.0,0.0,0.0,0.0,0.0,0,3.10282,5.26122,5.257657,0.0,2.6891975,17.165977,0.0,4.9935946,0.0,20.140009
3,327,328.0,10.0,1.0,1.0,308.0,1.0,1.0,1.0,0.9860038,1.0,-0.0,0.0,-1.2886773e-05,-0.013983283,0.2825573,3.7399716,0.6909295,5.481766,0.8962527,5.35723,0.0,10.603724,-8.919465,0.9537037,144.76807,1.0,0.0,0.0,0.0,0.0,0,4.669638,2.5908196,4.355565,0.0,2.3710442,20.66229,0.0,1.9340678,0.0,29.231504
0,328,329.0,10.0,1.0,1.0,310.0,1.0,1.0,1.0,0.992835,1.0,-0.0,0.0,-1.3480141e-05,-0.0071515567,0.8734271,3.7842176,0.6146361,5.429093,0.96690077,3.9495354,0.0,10.720142,-3.657463,0.9537037,150.69342,1.0,0.0,0.0,0.0,0.0,0,2.6059828,4.1292863,9.318642,0.0,2.22677,15.77397,0.0,4.956368,0.0,17.814415
1,328,329.0,10.0,1.0,1.0,310.0,1.0,1.0,1.0,0.9472987,1.0,-0.0,0.0,-1.4149519e-05,-0.052687153,0.7357165,3.9601688,0.52732027,8.070632,0.80547106,5.090596,0.0,11.029854,-5.7908473,0.9537037,148.40918,1.0,0.0,0.0,0.0,0.0,0,5.5932174,3.6393187,8.017167,0.0,4.0047975,18.570658,0.0,2.518446,0.0,20.647305
2,328,329.0,10.0,1.0,1.0,303.0,1.0,1.0,1.0,0.9853723,1.0,-0.0,0.0,-1.9020763e-05,-0.014608679,0.4302066,3.860838,0.649054,5.6944647,0.8411468,5.1820555,0.0,11.11062,-7.052592,0.9444444,151.00597,1.0,0.0,0.0,0.0,0.0,0,3.0072134,9.408588,7.9626584,0.0,3.30584,16.955095,0.0,5.0119524,0.0,20.280294
3,328,329.0,10.0,1.0,1.0,309.0,1.0,1.0,1.0,0.98859084,1.0,-0.0,0.0,-1.1890232e-05,-0.01139733,0.4069835,3.5061414,0.68747073,5.354891,0.89745903,5.3289485,0.0,10.928325,-7.647238,0.9537037,145.00551,1.0,0.0,0.0,0.0,0.0,0,6.5119085,2.698917,7.6470213,0.0,3.6429436,20.649483,0.0,1.9521477,0.0,29.186434
0,329,330.0,10.0,1.0,1.0,311.0,1.0,1.0,1.0,0.9914596,1.0,-0.0,0.0,-1.4767512e-05,-0.008525627,0.59307814,3.958625,0.6531504,5.511537,0.9671289,3.9846604,0.0,10.861453,-6.323221,0.9537037,151.4147,1.0,0.0,0.0,0.0,0.0,0,2.8326554,3.2856796,8.004975,0.0,3.30809,16.094364,0.0,4.9566693,0.0,17.552446
1,329,330.0,10.0,1.0,1.0,311.0,1.0,1.0,1.0,0.9451345,1.0,-0.0,0.0,-1.3167197e-05,-0.05485231,0.48696026,4.135735,0.5355892,8.200234,0.8084504,5.0909033,0.0,11.185564,-8.27806,0.9537037,149.14069,1.0,0.0,0.0,0.0,0.0,0,6.1227283,3.5561872,7.355367,0.0,3.6732414,18.669933,0.0,2.4286091,0.0,20.834053
2,329,330.0,10.0,1.0,1.0,304.0,1.0,1.0,1.0,0.9831697,1.0,-0.0,0.0,-1.2182831e-05,-0.016818196,0.44979677,4.3697596,0.6557447,5.880494,0.84282935,5.128597,0.0,11.125567,-7.2302322,0.9444444,151.55624,1.0,0.0,0.0,0.0,0.0,0,3.850047,3.8784752,4.7362337,0.0,2.9428463,17.052528,0.0,4.973587,0.0,20.137703
3,329,330.0,10.0,1.0,1.0,310.0,1.0,1.0,1.0,0.9848613,1.0,-0.0,0.0,-1.1780099e-05,-0.015126884,0.6492186,3.524859,0.69116616,5.586604,0.8981221,5.321008,0.0,10.9023905,-5.836985,0.9537037,145.07498,1.0,0.0,0.0,0.0,0.0,0,5.915383,3.2750063,7.598177,0.0,1.893564,20.723022,0.0,1.897501,0.0,29.177544
0,330,331.0,10.0,1.0,1.0,312.0,1.0,1.0,1.0,0.99383426,1.0,-0.0,0.0,-1.23762475e-05,-0.00615336,0.42218304,4.182251,0.66264534,5.369201,0.9673754,4.0383267,0.0,10.809715,-7.6285257,0.9537037,152.18,1.0,0.0,0.0,0.0,0.0,0,2.6190794,3.5724854,7.178677,0.0,3.193141,15.718829,0.0,5.0046625,0.0,17.626299
1,330,331.0,10.0,1.0,1.0,312.0,1.0,1.0,1.0,0.94675756,1.0,-0.0,0.0,-1.2548321e-05,-0.05322986,0.32342076,4.321098,0.51929045,8.09244,0.8132923,5.101351,0.0,10.999235,-9.440257,0.9537037,149.87149,1.0,0.0,0.0,0.0,0.0,0,5.725351,3.3156526,6.1812816,0.0,3.4652674,18.613703,0.0,2.541812,0.0,21.048084
2,330,331.0,10.0,1.0,1.0,305.0,1.0,1.0,1.0,0.9858535,1.0,-0.0,0.0,-1.5923277e-05,-0.014130587,0.49219057,4.0191317,0.6761276,5.7788167,0.8425963,5.069018,0.0,11.247276,-7.0023828,0.9444444,151.96684,1.0,0.0,0.0,0.0,0.0,0,3.7230287,8.993443,7.809922,0.0,3.662885,17.069532,0.0,4.830678,0.0,20.392977
3,330,331.0,10.0,1.0,1.0,311.0,1.0,1.0,1.0,0.98559797,1.0,-0.0,0.0,-1.1193831e-05,-0.014390824,0.38025343,3.7740831,0.6825497,5.588846,0.9008669,5.2746024,0.0,11.015207,-8.121143,0.9537037,145.8801,1.0,0.0,0.0,0.0,0.0,0,6.159526,2.0184393,6.3310623,0.0,2.01956,20.963978,0.0,1.8423706,0.0,29.433218
0,331,332.0,10.0,1.0,1.0,313.0,1.0,1.0,1.0,0.9979048,1.0,-0.0,0.0,-1.5562282e-05,-0.0020796503,0.3761366,3.937679,0.68008924,5.1247787,0.9670821,4.075761,0.0,10.984155,-7.824513,0.9537037,152.56143,1.0,0.0,0.0,0.0,0.0,0,3.5390282,3.664636,9.0007,0.0,3.3104,15.60446,0.0,4.9816566,0.0,17.562227
1,331,332.0,10.0,1.0,1.0,313.0,1.0,1.0,1.0,0.9560293,1.0,-0.0,0.0,-1.5737001e-05,-0.043954965,0.29997563,4.125096,0.53001773,7.5457783,0.817031,5.0915184,0.0,11.015261,-8.976399,0.9537037,150.29222,1.0,0.0,0.0,0.0,0.0,0,6.511991,2.3768537,6.9417214,0.0,4.0678005,18.47977,0.0,2.416616,0.0,20.949286
2,331,332.0,10.0,1.0,1.0,306.0,1.0,1.0,1.0,0.98100543,1.0,-0.0,0.0,-9.8723485e-06,-0.018984646,0.3479056,4.448619,0.67059046,6.1110015,0.84489584,5.028076,0.0,11.281858,-8.706401,0.9444444,152.41458,1.0,0.0,0.0,0.0,0.0,0,2.9267406,3.7359097,5.447483,0.0,3.3024912,17.15815,0.0,4.8034544,0.0,20.179445
3,331,332.0,10.0,1.0,1.0,312.0,1.0,1.0,1.0,0.988186,1.0,-0.0,0.0,-1.2549845e-05,-0.011801435,0.17875284,3.8689132,0.68251646,5.4747624,0.9039333,5.2333226,0.0,10.930504,-9.732986,0.9537037,146.51527,1.0,0.0,0.0,0.0,0.0,0,5.515497,2.0520709,5.128638,0.0,3.302211,21.091848,0.0,1.8973422,0.0,29.56884
0,332,333.0,10.0,1.0,1.0,314.0,1.0,1.0,1.0,0.99639916,1.0,-0.0,0.0,-1.4346856e-05,-0.0035864825,0.67913085,3.9054651,0.6543013,5.2151885,0.96740955,4.1206512,0.0,10.911415,-5.0756326,0.9537037,153.11931,1.0,0.0,0.0,0.0,0.0,0,3.8347425,3.2265863,9.641995,0.0,3.6080642,15.473788,0.0,4.998493,0.0,17.593824
1,332,333.0,10.0,1.0,1.0,314.0,1.0,1.0,1.0,0.95397776,1.0,-0.0,0.0,-1.3052588e-05,-0.04600921,0.52417105,4.030282,0.5238119,7.6838164,0.8219356,5.076735,0.0,11.010327,-7.068335,0.9537037,150.7885,1.0,0.0,0.0,0.0,0.0,0,6.6145606,2.7375522,8.131822,0.0,4.2648644,18.202261,0.0,2.4189208,0.0,21.049744
2,332,333.0,10.0,1.0,1.0,307.0,1.0,1.0,1.0,0.9879673,1.0,-0.0,0.0,-1.4894038e-05,-0.012017782,0.5812958,4.0008745,0.7046508,5.714368,0.84431964,5.006698,0.0,11.352686,-6.4391594,0.9444444,152.91934,1.0,0.0,0.0,0.0,0.0,0,3.5433443,5.3369617,7.699219,0.0,3.5886855,16.816566,0.0,4.7593966,0.0,20.173996
3,332,333.0,10.0,1.0,1.0,313.0,1.0,1.0,1.0,0.99018306,1.0,-0.0,0.0,-1.3394622e-05,-0.009803562,0.20602643,3.6985111,0.68342626,5.4085755,0.9071238,5.1796374,0.0,11.19336,-9.392689,0.9537037,146.96266,1.0,0.0,0.0,0.0,0.0,0,6.8491817,2.5263565,8.039327,0.0,3.8514977,21.06006,0.0,1.8772482,0.0,29.607004
0,333,334.0,10.0,1.0,1.0,315.0,1.0,1.0,1.0,0.9964662,1.0,-0.0,0.0,-1.741118e-05,-0.0035164019,0.61418265,3.2291121,0.66604763,5.2109838,0.96601385,4.1603565,0.0,10.955062,-5.7264967,0.9537037,153.7184,1.0,0.0,0.0,0.0,0.0,0,4.577344,1.7562852,8.106999,0.0,2.9877563,14.933094,0.0,4.9857025,0.0,17.678066
1,333,334.0,10.0,1.0,1.0,315.0,1.0,1.0,1.0,0.954207,1.0,-0.0,0.0,-1.58019e-05,-0.045777194,0.5219806,3.3736572,0.5278964,7.6688166,0.8225631,5.077814,0.0,10.98012,-7.132164,0.9537037,151.37103,1.0,0.0,0.0,0.0,0.0,0,7.104706,2.1706269,7.176095,0.0,3.9839375,18.0271,0.0,2.3399396,0.0,20.799513
2,333,334.0,10.0,1.0,1.0,308.0,1.0,1.0,1.0,0.9801185,1.0,-0.0,0.0,-1.3322691e-05,-0.019868152,0.4492417,4.343263,0.6942001,6.1920886,0.8460697,4.992448,0.0,11.492724,-8.202693,0.9444444,153.32994,1.0,0.0,0.0,0.0,0.0,0,3.970778,5.3073106,5.358552,0.0,3.1733265,17.087505,0.0,4.667817,0.0,20.13993
3,333,334.0,10.0,1.0,1.0,314.0,1.0,1.0,1.0,0.9879781,1.0,-0.0,0.0,-1.4449544e-05,-0.01200748,0.51831377,3.5427372,0.6889669,5.594447,0.91046494,5.126001,0.0,10.981268,-6.834167,0.9537037,147.40353,1.0,0.0,0.0,0.0,0.0,0,6.5097737,2.9531415,8.291912,0.0,2.7947426,21.009726,0.0,1.9314362,0.0,29.544363
0,334,335.0,10.0,1.0,1.0,316.0,1.0,1.0,1.0,0.9999884,1.0,-0.0,0.0,-1.16347455e-05,-0.0,0.5871974,3.7234917,0.6730764,4.97564,0.9708627,4.1706924,1.0,10.9596615,-5.4504714,0.9537037,154.47505,1.0,0.0,0.0,0.0,0.0,0,3.8168359,3.106879,8.831471,0.0,3.508774,15.264313,0.0,5.0997524,0.0,17.61533
1,334,335.0,10.0,1.0,1.0,316.0,1.0,1.0,1.0,0.95833325,1.0,-0.0,0.0,-1.0895848e-05,-0.041655816,0.5079385,3.8382266,0.5276679,7.460073,0.8294875,5.0392747,0.0,10.935403,-6.746217,0.9537037,152.10204,1.0,0.0,0.0,0.0,0.0,0,6.76693,1.9494244,6.971019,0.0,4.0224395,17.999708,0.0,2.255124,0.0,21.066114
2,334,335.0,10.0,1.0,1.0,309.0,1.0,1.0,1.0,0.9827572,1.0,-0.0,0.0,-1.7752764e-05,-0.017225005,0.56264925,4.0131283,0.70723295,6.0334997,0.84798104,4.960984,0.0,11.497317,-7.0674224,0.9444444,153.66731,1.0,0.0,0.0,0.0,0.0,0,3.2712705,6.739759,8.204309,0.0,3.360376,16.707006,0.0,4.53696,0.0,20.147806
3,334,335.0,10.0,1.0,1.0,315.0,1.0,1.0,1.0,0.98878497,1.0,-0.0,0.0,-1.4872983e-05,-0.011200109,0.4828617,2.9450126,0.6784858,5.579872,0.91221976,5.092133,0.0,11.07135,-7.001943,0.9537037,147.91943,1.0,0.0,0.0,0.0,0.0,0,6.7861357,1.0996369,6.8418665,0.0,3.1481373,20.817701,0.0,2.0510695,0.0,29.652311
0,335,336.0,10.0,1.0,1.0,317.0,1.0,1.0,1.0,0.99783,1.0,-0.0,0.0,-1.15100975e-05,-0.0021585461,0.2664376,3.6422913,0.6716559,5.1295123,0.97101563,4.1757574,0.0,10.868266,-8.672013,0.9537037,154.68948,1.0,0.0,0.0,0.0,0.0,0,3.9250913,2.305096,6.7834296,0.0,2.78582,14.974837,0.0,5.010605,0.0,17.50031
1,335,336.0,10.0,1.0,1.0,317.0,1.0,1.0,1.0,0.954533,1.0,-0.0,0.0,-1.0396979e-05,-0.045456633,0.16541034,3.772087,0.5276927,7.7030587,0.8297493,5.0243382,0.0,10.914933,-10.302025,0.9537037,152.32344,1.0,0.0,0.0,0.0,0.0,0,6.398866,1.0905184,5.6975074,0.0,2.8955388,18.183432,0.0,2.1603608,0.0,20.816023
2,335,336.0,10.0,1.0,1.0,310.0,1.0,1.0,1.0,0.9767463,1.0,-0.0,0.0,-1.3443181e-05,-0.023240231,0.8202717,4.091003,0.69540507,6.3944135,0.85011923,4.9451776,0.0,11.736682,-5.1175346,0.9444444,153.7873,1.0,0.0,0.0,0.0,0.0,0,4.012899,6.173042,8.245684,0.0,3.8305292,16.864273,0.0,4.4895062,0.0,20.00813
3,335,336.0,10.0,1.0,1.0,316.0,1.0,1.0,1.0,0.98983824,1.0,-0.0,0.0,-1.1720888e-05,-0.01015003,0.46520978,3.3555613,0.67420787,5.595427,0.91731054,5.013574,0.0,11.030443,-6.9730644,0.9537037,148.59224,1.0,0.0,0.0,0.0,0.0,0,6.709101,2.5220752,7.994172,0.0,3.5170593,20.926811,0.0,1.9203309,0.0,29.61049
0,336,337.0,10.0,1.0,1.0,318.0,1.0,1.0,1.0,0.9999868,1.0,-0.0,0.0,-1.3193916e-05,-0.0,0.26479587,3.616364,0.70612836,4.7780166,0.97468615,4.1580977,1.0,11.226666,-7.866244,0.9537037,155.01314,1.0,0.0,0.0,0.0,0.0,0,3.8102067,3.013719,8.185649,0.0,3.412936,15.109917,0.0,4.955016,0.0,17.577332
1,336,337.0,10.0,1.0,1.0,318.0,1.0,1.0,1.0,0.96987927,1.0,-0.0,0.0,-1.0988948e-05,-0.030109765,0.03289357,3.7582045,0.60524154,6.8065853,0.8347382,4.976426,0.0,11.646656,-9.686294,0.9537037,152.60918,1.0,0.0,0.0,0.0,0.0,0,6.701703,0.0,5.9590197,0.0,3.8625464,18.160152,0.0,2.1951141,0.0,20.936266
2,336,337.0,10.0,1.0,1.0,311.0,1.0,1.0,1.0,0.9741768,1.0,-0.0,0.0,-1.5539581e-05,-0.025807621,0.58031565,4.28955,0.69802946,6.5484567,0.8534345,4.9162784,0.0,11.779266,-7.400959,0.9444444,154.54083,1.0,0.0,0.0,0.0,0.0,0,3.5004568,7.2107263,7.421023,0.0,3.386792,17.170204,0.0,4.470765,0.0,19.939302
3,336,337.0,10.0,1.0,1.0,317.0,1.0,1.0,1.0,0.9911242,1.0,-0.0,0.0,-9.836727e-06,-0.008865955,0.15452486,3.3441582,0.68301564,5.5319567,0.9187227,4.9798865,0.0,10.985443,-9.789241,0.9537037,148.87468,1.0,0.0,0.0,0.0,0.0,0,5.2725873,1.2213264,4.867759,0.0,3.5127387,20.918293,0.0,2.046907,0.0,29.410486
0,337,338.0,10.0,1.0,1.0,319.0,1.0,1.0,1.0,0.99998754,1.0,-0.0,0.0,-1.2459441e-05,-0.0,0.5226713,3.5040963,0.6668106,4.8759828,0.97380054,4.1580977,1.0,11.026516,-5.926619,0.9537037,155.27014,1.0,0.0,0.0,0.0,0.0,0,4.187516,3.3598027,9.362137,0.0,3.2890503,15.246978,0.0,4.875723,0.0,17.479523
1,337,338.0,10.0,1.0,1.0,319.0,1.0,1.0,1.0,0.97011125,1.0,-0.0,0.0,-1.317465e-05,-0.029875575,0.26629752,3.6544151,0.58760333,6.792534,0.83495677,4.944544,0.0,11.41732,-7.6801915,0.9537037,152.88226,1.0,0.0,0.0,0.0,0.0,0,7.358902,0.0,6.1825504,0.0,4.1009407,18.144575,0.0,2.1036267,0.0,20.783707
2,337,338.0,10.0,1.0,1.0,312.0,1.0,1.0,1.0,0.97859263,1.0,-0.0,0.0,-1.1940478e-05,-0.021395475,0.3576007,4.4559884,0.70083797,6.283728,0.8587274,4.8920126,0.0,11.599143,-9.205236,0.9444444,155.2488,1.0,0.0,0.0,0.0,0.0,0,4.292698,4.7446957,5.47064,0.0,3.0221977,17.01011,0.0,4.704537,0.0,20.136501
3,337,338.0,10.0,1.0,1.0,318.0,1.0,1.0,1.0,0.9917006,1.0,-0.0,0.0,-1.0841131e-05,-0.008288556,0.047279336,3.2894325,0.66622305,5.497313,0.9210087,4.957827,0.0,11.873648,-9.942145,0.9537037,149.17262,1.0,0.0,0.0,0.0,0.0,0,6.94029,0.0,6.1683946,0.0,3.8666794,20.681927,0.0,2.1643438,0.0,27.991194
0,338,339.0,10.0,1.0,1.0,320.0,1.0,1.0,1.0,0.9999898,1.0,-0.0,0.0,-1.0201136e-05,-0.0,0.48358625,3.3962727,0.67292625,4.9344,0.9745967,4.1448975,1.0,11.0339775,-6.309702,0.9537037,155.46614,1.0,0.0,0.0,0.0,0.0,0,4.376867,2.9913068,8.754185,0.0,3.3206072,15.239878,0.0,4.8697352,0.0,17.460852
1,338,339.0,10.0,1.0,1.0,320.0,1.0,1.0,1.0,0.96750337,1.0,-0.0,0.0,-1.08728e-05,-0.03248576,0.5313322,3.4664388,0.578462,6.949145,0.83468974,4.8918524,0.0,10.933584,-6.3426223,0.9537037,152.96608,1.0,0.0,0.0,0.0,0.0,0,7.144765,3.377002,9.092742,0.0,4.057484,18.140766,0.0,1.9904832,0.0,20.659481
2,338,339.0,10.0,1.0,1.0,313.0,1.0,1.0,1.0,0.98407704,1.0,-0.0,0.0,-1.7415832e-05,-0.015905546,0.36737657,4.194532,0.725497,5.9543324,0.86247224,4.8544188,0.0,11.607242,-8.966885,0.9444444,155.58833,1.0,0.0,0.0,0.0,0.0,0,4.874931,5.2879224,7.5766144,0.0,3.8814142,16.729393,0.0,4.4764414,0.0,20.06007
3,338,339.0,10.0,1.0,1.0,319.0,1.0,1.0,1.0,0.98912776,1.0,-0.0,0.0,-1.1543411e-05,-0.010860683,0.47686175,3.1294658,0.69011164,5.5248756,0.9088397,5.1267643,0.0,11.074622,-6.6952696,0.9537037,149.3561,1.0,0.0,0.0,0.0,0.0,0,6.687421,3.8397503,10.066257,0.0,4.0929112,25.412235,0.0,1.9379724,0.0,29.74621
0,339,340.0,10.0,1.0,1.0,321.0,1.0,1.0,1.0,0.99999076,1.0,-0.0,0.0,-9.227678e-06,-0.0,0.46074614,3.3478851,0.6883123,4.8129544,0.9763004,4.1407404,1.0,11.07128,-6.275228,0.9537037,155.75443,1.0,0.0,0.0,0.0,0.0,0,4.1938796,2.9977527,8.802718,0.0,3.4153461,15.11931,0.0,4.9953017,0.0,17.485819
1,339,340.0,10.0,1.0,1.0,321.0,1.0,1.0,1.0,0.9687442,1.0,-0.0,0.0,-8.847378e-06,-0.03124697,0.50492656,3.4223824,0.57552874,6.874818,0.83663064,4.849901,0.0,10.971098,-6.310067,0.9537037,153.28873,1.0,0.0,0.0,0.0,0.0,0,7.124468,1.0117533,6.787586,0.0,4.216079,18.226988,0.0,2.1798048,0.0,20.73153
2,339,340.0,10.0,1.0,1.0,314.0,1.0,1.0,1.0,0.98199004,1.0,-0.0,0.0,-1.5683623e-05,-0.017994268,0.66321677,4.1533394,0.706216,6.0796556,0.86674196,4.8267612,0.0,11.632573,-6.335496,0.9444444,156.14114,1.0,0.0,0.0,0.0,0.0,0,4.895212,5.661519,8.506036,0.0,4.051098,16.668234,0.0,4.504231,0.0,20.095545
3,339,340.0,10.0,1.0,1.0,320.0,1.0,1.0,1.0,0.988927,1.0,-0.0,0.0,-1.2725614e-05,-0.01106026,0.4786849,3.0558312,0.6826356,5.575942,0.908701,5.0876727,0.0,11.107181,-6.528477,0.9537037,149.60176,1.0,0.0,0.0,0.0,0.0,0,6.585979,1.209461,7.0891094,0.0,3.5440342,19.775162,0.0,2.3453639,0.0,28.933876
0,340,341.0,10.0,1.0,1.0,322.0,1.0,1.0,1.0,0.99998987,1.0,-0.0,0.0,-1.0148185e-05,-0.0,0.43591186,3.2710094,0.6981419,4.849901,0.9780902,4.093585,1.0,11.176335,-6.493899,0.9537037,156.04335,1.0,0.0,0.0,0.0,0.0,0,4.476388,2.4268675,8.696698,0.0,3.350139,15.038355,0.0,4.870066,0.0,17.439203
1,340,341.0,10.0,1.0,1.0,322.0,1.0,1.0,1.0,0.9681635,1.0,-0.0,0.0,-1.0025161e-05,-0.03182648,0.3946584,3.3023715,0.57543266,6.9095883,0.83761543,4.7950273,0.0,11.040559,-7.2711773,0.9537037,153.56912,1.0,0.0,0.0,0.0,0.0,0,7.187286,0.9893547,6.9724607,0.0,4.0470324,18.10255,0.0,2.0295696,0.0,20.632828
2,340,341.0,10.0,1.0,1.0,315.0,1.0,1.0,1.0,0.985206,1.0,-0.0,0.0,-2.1446634e-05,-0.014772511,0.56628734,3.4351447,0.7324016,5.88635,0.8676332,4.8291936,0.0,11.654029,-7.25958,0.9444444,156.79524,1.0,0.0,0.0,0.0,0.0,0,4.5982337,4.2227206,6.8567314,0.0,3.5694382,16.390188,0.0,4.466157,0.0,20.288486
3,340,341.0,10.0,1.0,1.0,321.0,1.0,1.0,1.0,0.99059165,1.0,-0.0,0.0,-1.0773202e-05,-0.0093975505,0.39511994,3.015803,0.67503256,5.563853,0.9139124,4.959406,0.0,11.167945,-7.0320544,0.9537037,149.90897,1.0,0.0,0.0,0.0,0.0,0,6.5630164,1.9420369,8.034387,0.0,3.9274905,19.797808,0.0,2.592045,0.0,28.895166
0,341,342.0,10.0,1.0,1.0,323.0,1.0,1.0,1.0,0.9999829,1.0,-0.0,0.0,-7.1420986e-06,-9.939348e-06,0.19893646,3.267435,0.64176345,5.000596,0.9810817,4.061715,0.0,11.014207,-8.8890295,0.9537037,156.53032,1.0,0.0,0.0,0.0,0.0,0,4.3173013,1.9952295,8.517919,0.0,2.6483536,14.962285,0.0,4.9979167,0.0,17.492916
1,341,342.0,10.0,1.0,1.0,323.0,1.0,1.0,1.0,0.96286213,1.0,-0.0,0.0,-6.131804e-06,-0.037131697,0.16278066,3.3234193,0.576768,7.2279015,0.8399099,4.7441425,0.0,11.048546,-10.064978,0.9537037,153.93518,1.0,0.0,0.0,0.0,0.0,0,6.8009925,1.6195048,7.9478106,0.0,2.9188921,18.176437,0.0,2.078426,0.0,20.64825
2,341,342.0,10.0,1.0,1.0,316.0,1.0,1.0,1.0,0.98954314,1.0,-0.0,0.0,-1.2115453e-05,-0.010444754,0.53761935,3.8935776,0.7221406,5.6266847,0.87507653,4.7973127,0.0,11.545193,-7.059156,0.9444444,157.52652,1.0,0.0,0.0,0.0,0.0,0,5.074801,5.038495,7.7259107,0.0,3.832512,16.696692,0.0,4.49903,0.0,20.22398
3,341,342.0,10.0,1.0,1.0,322.0,1.0,1.0,1.0,0.98985755,1.0,-0.0,0.0,-9.026164e-06,-0.010133454,0.421004,2.9831135,0.67463124,5.608007,0.91708535,4.9331303,0.0,11.152472,-6.6749444,0.9537037,150.21913,1.0,0.0,0.0,0.0,0.0,0,6.8419037,1.502326,7.7746367,0.0,3.6126919,20.91087,0.0,2.9961894,0.0,27.580795
0,342,343.0,10.0,1.0,1.0,324.0,1.0,1.0,1.0,0.99999213,1.0,-0.0,0.0,-7.897516e-06,-0.0,0.09843521,3.263465,0.69506794,4.8511925,0.9856194,3.98741,1.0,11.441568,-8.91096,0.9537037,156.93663,1.0,0.0,0.0,0.0,0.0,0,4.3757167,1.9918482,7.8124413,0.0,3.2862053,14.711643,0.0,4.926481,0.0,17.474009
1,342,343.0,10.0,1.0,1.0,324.0,1.0,1.0,1.0,0.9726494,1.0,-0.0,0.0,-5.104886e-06,-0.027345452,0.044070184,3.3444505,0.6172264,6.6407266,0.84159195,4.6947074,0.0,11.473203,-9.791794,0.9537037,154.31079,1.0,0.0,0.0,0.0,0.0,0,6.9516735,0.0,5.875499,0.0,4.1977596,18.29661,0.0,2.0586154,0.0,20.607359
2,342,343.0,10.0,1.0,1.0,317.0,1.0,1.0,1.0,0.98744136,1.0,-0.0,0.0,-1.0649678e-05,-0.012547982,0.19234419,3.8569417,0.72195196,5.7528787,0.87547374,4.788165,0.0,11.534985,-10.440132,0.9444444,157.76788,1.0,0.0,0.0,0.0,0.0,0,4.3782783,3.5428636,5.400175,0.0,2.235393,16.496702,0.0,4.2981873,0.0,20.106936
3,342,343.0,10.0,1.0,1.0,323.0,1.0,1.0,1.0,0.9848043,1.0,-0.0,0.0,-7.3012425e-06,-0.015188441,0.053494424,2.933704,0.6597144,5.911306,0.91747856,4.963824,0.0,11.145036,-10.048928,0.9537037,150.66606,1.0,0.0,0.0,0.0,0.0,0,6.064854,2.337241,5.90764,0.0,0.37668926,21.05445,0.0,2.9602613,0.0,27.612694
0,343,344.0,10.0,1.0,1.0,325.0,1.0,1.0,1.0,0.99999344,1.0,-0.0,0.0,-6.5394847e-06,-0.0,0.33025926,3.1995158,0.6642032,4.7441425,0.98844373,3.9208891,1.0,11.126752,-7.1188016,0.9537037,157.31474,1.0,0.0,0.0,0.0,0.0,0,4.3885994,2.6191094,9.520451,0.0,3.4492133,14.975098,0.0,4.8731494,0.0,17.53208
1,343,344.0,10.0,1.0,1.0,325.0,1.0,1.0,1.0,0.97310716,1.0,-0.0,0.0,-6.246771e-06,-0.026886556,0.21173917,3.2528374,0.60389125,6.613193,0.8436132,4.6422176,0.0,11.161738,-8.46061,0.9537037,154.7107,1.0,0.0,0.0,0.0,0.0,0,7.228813,0.40840688,6.5369706,0.0,4.17688,18.335886,0.0,2.0575366,0.0,20.56051
2,343,344.0,10.0,1.0,1.0,318.0,1.0,1.0,1.0,0.99998546,1.0,-0.0,0.0,-1.45232725e-05,-0.0,0.22053085,3.7724066,0.754715,4.9439106,0.88059276,4.746617,1.0,11.511239,-9.115166,0.9444444,158.03885,1.0,0.0,0.0,0.0,0.0,0,5.394298,4.6614375,7.565309,0.0,3.934905,16.694042,0.0,4.313017,0.0,20.209404
3,343,344.0,10.0,1.0,1.0,324.0,1.0,1.0,1.0,0.98502684,1.0,-0.0,0.0,-1.4615561e-05,-0.014958576,0.21558814,2.9480453,0.6406871,5.8975143,0.9202692,4.942485,0.0,12.103836,-11.20594,0.9537037,151.11409,1.0,0.0,0.0,0.0,0.0,0,6.3216386,0.0,5.5842834,0.0,3.498579,20.907646,0.0,2.9868896,0.0,27.42748
0,344,345.0,10.0,1.0,1.0,326.0,1.0,1.0,1.0,0.9999936,1.0,-0.0,0.0,-6.3630014e-06,-0.0,0.40039346,2.913736,0.6583751,4.711354,0.99102974,3.8767157,1.0,11.2053175,-6.7119627,0.9537037,157.98186,1.0,0.0,0.0,0.0,0.0,0,4.877639,2.2978156,10.530769,0.0,4.110473,14.865835,0.0,4.9366574,0.0,17.551311
1,344,345.0,10.0,1.0,1.0,326.0,1.0,1.0,1.0,0.9738363,1.0,-0.0,0.0,-5.83941e-06,-0.026157845,0.43939686,2.9403741,0.6282273,6.5694704,0.8444902,4.5971384,0.0,11.187835,-6.9541326,0.9537037,155.3109,1.0,0.0,0.0,0.0,0.0,0,7.0990605,1.653855,8.79213,0.0,4.4035535,18.421143,0.0,2.077961,0.0,20.492815
2,344,345.0,10.0,1.0,1.0,319.0,1.0,1.0,1.0,0.9967528,1.0,-0.0,0.0,-1.4221534e-05,-0.0032329704,0.45485383,3.7154508,0.7315686,5.193978,0.88152224,4.722972,0.0,11.565991,-7.381267,0.9444444,158.33969,1.0,0.0,0.0,0.0,0.0,0,5.3795624,4.336481,8.534492,0.0,3.7264326,16.53732,0.0,4.060672,0.0,20.082056
3,344,345.0,10.0,1.0,1.0,325.0,1.0,1.0,1.0,0.9872322,1.0,-0.0,0.0,-9.081628e-06,-0.0127587225,0.28626844,2.900835,0.6516553,5.765523,0.92404026,4.8945727,0.0,11.041041,-7.1813827,0.9537037,151.47037,1.0,0.0,0.0,0.0,0.0,0,6.322035,3.897936,9.68834,0.0,2.9187353,20.872404,0.0,2.8222802,0.0,27.180368
0,345,346.0,10.0,1.0,1.0,327.0,1.0,1.0,1.0,0.99999326,1.0,-0.0,0.0,-6.710192e-06,-0.0,0.39343312,3.0450704,0.6534652,4.7025385,0.9930152,3.8532207,1.0,11.05658,-6.572357,0.9537037,158.27534,1.0,0.0,0.0,0.0,0.0,0,4.0618687,1.8981391,8.432293,0.0,3.6780686,14.9130125,0.0,5.060247,0.0,17.555487
1,345,346.0,10.0,1.0,1.0,327.0,1.0,1.0,1.0,0.97065836,1.0,-0.0,0.0,-7.3297388e-06,-0.029334325,0.42492747,3.0852928,0.6124176,6.760059,0.83972466,4.6920385,0.0,11.07855,-7.0260754,0.9537037,155.60315,1.0,0.0,0.0,0.0,0.0,0,7.062375,0.55879045,7.2589097,0.0,3.9911659,20.072042,0.0,2.5356202,0.0,19.498318
2,345,346.0,10.0,1.0,1.0,320.0,1.0,1.0,1.0,0.9965968,1.0,-0.0,0.0,-1.212251e-05,-0.0033910964,0.42897388,3.554027,0.73029685,5.2034655,0.88414454,4.6876984,0.0,11.535053,-7.585297,0.9444444,158.50748,1.0,0.0,0.0,0.0,0.0,0,4.9414935,5.6004033,7.844902,0.0,3.7125053,16.54308,0.0,4.009342,0.0,20.111908
3,345,346.0,10.0,1.0,1.0,326.0,1.0,1.0,1.0,0.9879687,1.0,-0.0,0.0,-8.7744775e-06,-0.012022527,0.44277012,2.595049,0.6775167,5.721351,0.9214244,4.897451,0.0,10.977054,-6.1738744,0.9537037,152.10072,1.0,0.0,0.0,0.0,0.0,0,6.6737695,3.0977283,9.066809,0.0,2.2241428,20.079372,0.0,2.7943912,0.0,26.238636
0,346,347.0,10.0,1.0,1.0,328.0,1.0,1.0,1.0,0.9999908,1.0,-0.0,0.0,-9.164607e-06,-0.0,0.3821455,2.7657237,0.6829622,4.669458,0.99476755,3.808263,1.0,11.364928,-6.7002654,0.9537037,158.905,1.0,0.0,0.0,0.0,0.0,0,4.9230356,1.5483606,10.083095,0.0,3.7581687,15.012816,0.0,4.977724,0.0,17.656551
1,346,347.0,10.0,1.0,1.0,328.0,1.0,1.0,1.0,0.9781009,1.0,-0.0,0.0,-1.049667e-05,-0.021888636,0.2813086,2.8179429,0.64903945,6.313318,0.83683115,4.7563386,0.0,11.416267,-7.6701818,0.9537037,156.2295,1.0,0.0,0.0,0.0,0.0,0,7.8464913,0.0,6.6702037,0.0,4.4140706,20.126198,0.0,2.5491402,0.0,19.482756
2,346,347.0,10.0,1.0,1.0,321.0,1.0,1.0,1.0,0.9997455,1.0,-0.0,0.0,-1.0102416e-05,-0.00024445675,0.43181628,3.5520797,0.73382,5.014667,0.8885393,4.65182,0.0,11.478644,-7.177568,0.9444444,158.85138,1.0,0.0,0.0,0.0,0.0,0,5.0782123,4.5334945,7.593627,0.0,3.8773496,16.642265,0.0,4.2261467,0.0,20.177277
3,346,347.0,10.0,1.0,1.0,327.0,1.0,1.0,1.0,0.989855,1.0,-0.0,0.0,-9.215017e-06,-0.01013578,0.21490753,2.697385,0.66213864,5.608146,0.9268051,4.7627535,0.0,11.066387,-7.726009,0.9537037,152.40314,1.0,0.0,0.0,0.0,0.0,0,6.359428,1.6765285,6.4034123,0.0,3.123831,19.38818,0.0,2.678858,0.0,25.857359
0,347,348.0,10.0,1.0,1.0,329.0,1.0,1.0,1.0,0.9999918,1.0,-0.0,0.0,-8.2489805e-06,-0.0,0.39812922,3.028138,0.6685908,4.673313,0.99682146,3.8049722,1.0,11.1690035,-6.4297643,0.9537037,159.14726,1.0,0.0,0.0,0.0,0.0,0,4.3265996,1.6306291,8.733412,0.0,3.5229337,15.054713,0.0,5.1876717,0.0,17.58083
1,347,348.0,10.0,1.0,1.0,329.0,1.0,1.0,1.0,0.97473747,1.0,-0.0,0.0,-8.39182e-06,-0.025254134,0.25998577,3.0716798,0.6211839,6.5152473,0.84038323,4.762918,0.0,11.295065,-7.9190016,0.9537037,156.49356,1.0,0.0,0.0,0.0,0.0,0,7.150574,1.2728904,7.451382,0.0,3.7195063,20.143301,0.0,2.674214,0.0,19.575127
2,347,348.0,10.0,1.0,1.0,322.0,1.0,1.0,1.0,0.998907,1.0,-0.0,0.0,-1.22262445e-05,-0.0010807707,0.38964003,3.4350727,0.7277284,5.064846,0.891233,4.6071754,0.0,11.5380745,-7.552511,0.9444444,159.15807,1.0,0.0,0.0,0.0,0.0,0,5.373848,3.7014713,7.61728,0.0,3.73785,16.489456,0.0,3.9672503,0.0,20.091047
3,347,348.0,10.0,1.0,1.0,328.0,1.0,1.0,1.0,0.99097335,1.0,-0.0,0.0,-7.528272e-06,-0.009019165,0.34709984,2.5395389,0.6608796,5.5411496,0.9302826,4.6592197,0.0,11.237853,-6.3760977,0.9537037,152.98328,1.0,0.0,0.0,0.0,0.0,0,6.988556,2.2871125,8.706431,0.0,3.9910915,19.622267,0.0,2.4850361,0.0,25.168392
0,348,349.0,10.0,1.0,1.0,330.0,1.0,1.0,1.0,0.99997836,1.0,-0.0,0.0,-2.1607422e-05,-0.0,0.27504638,2.569704,0.7181707,4.6582108,0.99667364,3.8084683,1.0,11.696001,-7.5370026,0.9537037,159.96286,1.0,0.0,0.0,0.0,0.0,0,5.5011625,0.9936347,9.893551,0.0,3.6816754,15.352393,0.0,5.1944504,0.0,17.682444
1,348,349.0,10.0,1.0,1.0,330.0,1.0,1.0,1.0,0.9812974,1.0,-0.0,0.0,-1.734283e-05,-0.018685285,0.14578122,2.699765,0.67742884,6.1211166,0.83911747,4.76489,0.0,11.775251,-8.338173,0.9537037,157.23607,1.0,0.0,0.0,0.0,0.0,0,8.026758,0.0,6.8435674,0.0,4.5597453,20.071152,0.0,2.561731,0.0,19.367073
2,348,349.0,10.0,1.0,1.0,323.0,1.0,1.0,1.0,0.9999921,1.0,-0.0,0.0,-7.912486e-06,-0.0,0.13560075,3.4329605,0.75883025,4.991193,0.8964039,4.562608,1.0,11.548896,-10.256493,0.9444444,159.44997,1.0,0.0,0.0,0.0,0.0,0,4.4303346,4.22126,7.3642125,0.0,2.6253695,16.444326,0.0,4.1667037,0.0,20.191982
3,348,349.0,10.0,1.0,1.0,329.0,1.0,1.0,1.0,0.9898593,1.0,-0.0,0.0,-7.2767166e-06,-0.010133454,0.29458702,2.7060606,0.6667108,5.608007,0.93224066,4.590151,0.0,11.031033,-7.033865,0.9537037,153.19997,1.0,0.0,0.0,0.0,0.0,0,6.527514,1.2469196,6.731302,0.0,3.1234899,18.198427,0.0,2.4969754,0.0,24.467558
0,349,350.0,10.0,1.0,1.0,331.0,1.0,1.0,1.0,0.9999824,1.0,-0.0,0.0,-1.7554208e-05,-0.0,0.4328739,3.1362996,0.6737611,4.700041,0.99888444,3.8213959,1.0,11.269632,-5.7472577,0.9537037,160.32225,1.0,0.0,0.0,0.0,0.0,0,4.7191787,1.8150085,8.927128,0.0,3.633914,15.242123,0.0,5.33336,0.0,17.570246
1,349,350.0,10.0,1.0,1.0,331.0,1.0,1.0,1.0,0.97714984,1.0,-0.0,0.0,-1.4859345e-05,-0.02283533,0.2578281,3.2121315,0.63164216,6.370119,0.8425064,4.7343955,0.0,11.425978,-7.260292,0.9537037,157.55173,1.0,0.0,0.0,0.0,0.0,0,7.1179686,1.3447045,7.9578,0.0,3.6788464,20.10511,0.0,2.6648617,0.0,19.44028
2,349,350.0,10.0,1.0,1.0,324.0,1.0,1.0,1.0,0.99999195,1.0,-0.0,0.0,-8.047498e-06,-0.0,0.14446788,3.3723876,0.7872519,4.581273,0.90150255,4.4871726,1.0,11.532388,-9.382426,0.9444444,159.82477,1.0,0.0,0.0,0.0,0.0,0,4.46295,3.987335,7.9024777,0.0,3.808296,16.37185,0.0,3.9172118,0.0,20.163603
3,349,350.0,10.0,1.0,1.0,330.0,1.0,1.0,1.0,0.9905182,1.0,-0.0,0.0,-1.5089543e-05,-0.009466713,0.1466427,2.3586257,0.6532551,5.486335,0.9053104,5.0816674,0.0,11.685602,-7.6268435,0.9537037,153.94911,1.0,0.0,0.0,0.0,0.0,0,7.783811,0.07989428,7.118518,0.0,3.3246686,20.59249,0.0,2.577855,0.0,24.589449
0,350,351.0,10.0,1.0,1.0,332.0,1.0,1.0,1.0,0.99996334,1.0,-0.0,0.0,-3.6674825e-05,-0.0,0.3020592,2.5070212,0.72609913,4.634453,0.9970639,3.8532207,1.0,11.774666,-7.2116213,0.9537037,161.29407,1.0,0.0,0.0,0.0,0.0,0,5.5717864,1.0509392,10.183584,0.0,3.639964,15.635457,0.0,5.3866396,0.0,17.682661
1,350,351.0,10.0,1.0,1.0,332.0,1.0,1.0,1.0,0.98626155,1.0,-0.0,0.0,-3.1465006e-05,-0.013706973,0.13686977,2.6700006,0.71857774,5.8224177,0.841023,4.725623,0.0,11.885443,-8.181691,0.9537037,158.44037,1.0,0.0,0.0,0.0,0.0,0,7.325766,0.8770163,7.447504,0.0,4.525578,20.20507,0.0,2.5841389,0.0,19.25751
2,350,351.0,10.0,1.0,1.0,325.0,1.0,1.0,1.0,0.9999929,1.0,-0.0,0.0,-7.104961e-06,-0.0,0.37150383,3.3394165,0.7751639,4.7198215,0.9058298,4.4136415,1.0,11.47722,-7.768153,0.9444444,160.19043,1.0,0.0,0.0,0.0,0.0,0,3.9429638,5.2155895,8.634763,0.0,3.5718217,16.487377,0.0,3.7953355,0.0,20.163969
3,350,351.0,10.0,1.0,1.0,331.0,1.0,1.0,1.0,0.98694664,1.0,-0.0,0.0,-1.0063493e-05,-0.013043284,0.29390454,2.7140803,0.644681,5.5994835,0.90839964,5.1831126,0.0,11.171295,-6.2299623,0.9537037,154.1229,1.0,0.0,0.0,0.0,0.0,0,6.9718094,1.9358418,7.7645435,0.0,4.044533,17.340649,0.0,2.5965445,0.0,24.614128
0,351,352.0,10.0,1.0,1.0,333.0,1.0,1.0,1.0,0.9999683,1.0,-0.0,0.0,-3.1706782e-05,-0.0,0.37286317,3.2514431,0.6575333,4.810351,0.9995707,3.8912277,1.0,11.392693,-5.973284,0.9537037,161.77437,1.0,0.0,0.0,0.0,0.0,0,5.0197053,1.1887677,10.083511,0.0,3.320472,15.538483,0.0,5.5619493,0.0,17.51202
1,351,352.0,10.0,1.0,1.0,333.0,1.0,1.0,1.0,0.9800959,1.0,-0.0,0.0,-2.9633593e-05,-0.01987447,0.24463758,3.403008,0.6546232,6.1924677,0.84526306,4.697041,0.0,11.548843,-7.0371118,0.9537037,158.88525,1.0,0.0,0.0,0.0,0.0,0,6.862921,1.7771715,7.831135,0.0,3.42617,20.09534,0.0,2.6677332,0.0,19.439295
2,351,352.0,10.0,1.0,1.0,326.0,1.0,1.0,1.0,0.99999136,1.0,-0.0,0.0,-8.639522e-06,-0.0,0.40589088,2.9976277,0.8181663,4.566553,0.90975857,4.368535,1.0,11.66878,-7.7130637,0.9444444,160.80077,1.0,0.0,0.0,0.0,0.0,0,3.4276478,5.3765626,9.2566595,0.0,3.943481,16.504044,0.0,3.8638675,0.0,20.187048
3,351,352.0,10.0,1.0,1.0,332.0,1.0,1.0,1.0,0.9871826,1.0,-0.0,0.0,-2.5992958e-05,-0.012791372,0.19436702,2.2497215,0.655399,5.4644556,0.9037692,5.3030257,0.0,11.7731085,-7.53838,0.9537037,154.94734,1.0,0.0,0.0,0.0,0.0,0,8.231597,0.70365644,8.565602,0.0,3.7458553,17.57851,0.0,2.5779905,0.0,24.478317
0,352,353.0,10.0,1.0,1.0,334.0,1.0,1.0,1.0,0.9999521,1.0,-0.0,0.0,-4.791679e-05,-0.0,0.2535008,2.5591383,0.7328415,4.739519,0.997618,3.9288676,1.0,12.05007,-7.4303727,0.9537037,162.80144,1.0,0.0,0.0,0.0,0.0,0,5.742994,0.22378497,9.370623,0.0,3.1426904,15.280423,0.0,5.5433526,0.0,17.532263
1,352,353.0,10.0,1.0,1.0,334.0,1.0,1.0,1.0,0.9918548,1.0,-0.0,0.0,-4.6796013e-05,-0.008098449,0.14868267,2.734397,0.77208465,5.4859066,0.8417386,4.7071977,0.0,12.011518,-8.106275,0.9537037,159.90576,1.0,0.0,0.0,0.0,0.0,0,7.6338825,0.6213013,7.0848856,0.0,4.6334586,20.343079,0.0,2.5922868,0.0,19.236835
2,352,353.0,10.0,1.0,1.0,327.0,1.0,1.0,1.0,0.99999243,1.0,-0.0,0.0,-7.5519238e-06,-0.0,0.3930308,3.208759,0.81815916,4.5419707,0.91449904,4.3235016,1.0,11.539765,-7.545176,0.9444444,161.10725,1.0,0.0,0.0,0.0,0.0,0,4.121737,3.9228504,7.565431,0.0,3.5149105,16.536375,0.0,3.928741,0.0,20.163353
3,352,353.0,10.0,1.0,1.0,333.0,1.0,1.0,1.0,0.9815485,1.0,-0.0,0.0,-2.0286869e-05,-0.01843125,0.24844743,2.8757858,0.6178958,5.7385697,0.90534556,5.3673043,0.0,11.394889,-6.3480062,0.9537037,155.28583,1.0,0.0,0.0,0.0,0.0,0,7.6007466,2.7371867,8.068839,0.0,3.5615919,17.5275,0.0,2.5733232,0.0,24.755648
0,353,354.0,10.0,1.0,1.0,335.0,1.0,1.0,1.0,0.9999581,1.0,-0.0,0.0,-4.188801e-05,-0.0,0.38205272,3.3649604,0.6556322,4.849578,0.99929756,3.9572582,1.0,11.543094,-5.976251,0.9537037,163.3147,1.0,0.0,0.0,0.0,0.0,0,4.972286,0.9629893,9.985394,0.0,2.9309487,15.532204,0.0,5.729251,0.0,17.428635
1,353,354.0,10.0,1.0,1.0,335.0,1.0,1.0,1.0,0.98167217,1.0,-0.0,0.0,-4.633907e-05,-0.018281514,0.2650164,3.5316727,0.66482353,6.0968904,0.84572566,4.676662,0.0,11.698426,-6.8504314,0.9537037,160.43022,1.0,0.0,0.0,0.0,0.0,0,7.449028,1.6398902,8.863331,0.0,3.563112,20.11983,0.0,2.6395164,0.0,19.42484
2,353,354.0,10.0,1.0,1.0,328.0,1.0,1.0,1.0,0.9999864,1.0,-0.0,0.0,-1.3595597e-05,-0.0,0.3765583,2.8349543,0.8887124,4.2596545,0.9177837,4.2770786,1.0,11.731359,-7.731895,0.9444444,161.7539,1.0,0.0,0.0,0.0,0.0,0,3.5992315,5.125813,9.669953,0.0,3.4687028,16.560892,0.0,3.8485122,0.0,20.252802
3,353,354.0,10.0,1.0,1.0,334.0,1.0,1.0,1.0,0.9865446,1.0,-0.0,0.0,-3.464128e-05,-0.013420746,0.118681416,2.3070936,0.65670085,5.4152303,0.9059212,5.3900137,0.0,12.1257715,-9.313483,0.9537037,156.19604,1.0,0.0,0.0,0.0,0.0,0,8.939316,0.0,7.713926,0.0,3.6809118,17.730707,0.0,2.5800905,0.0,24.516956
0,354,355.0,10.0,1.0,1.0,336.0,1.0,1.0,1.0,0.9999503,1.0,-0.0,0.0,-4.973996e-05,-0.0,0.33987686,2.6813223,0.7261084,4.6840224,0.9977523,3.9934914,1.0,12.014521,-8.296902,0.9537037,164.31233,1.0,0.0,0.0,0.0,0.0,0,5.2308826,0.4670919,9.402722,0.0,3.2502496,15.135758,0.0,5.7850966,0.0,17.478296
1,354,355.0,10.0,1.0,1.0,336.0,1.0,1.0,1.0,0.9954641,1.0,-0.0,0.0,-4.5854493e-05,-0.0044900808,0.2059903,2.9318237,0.81024766,5.2694044,0.8415062,4.7098584,0.0,12.12491,-9.071263,0.9537037,161.38445,1.0,0.0,0.0,0.0,0.0,0,7.0227,0.8436198,7.122976,0.0,4.146613,20.328465,0.0,2.6620786,0.0,19.251343
2,354,355.0,10.0,1.0,1.0,329.0,1.0,1.0,1.0,0.999988,1.0,-0.0,0.0,-1.1954004e-05,-0.0,0.41057765,3.232212,0.8749699,4.3033547,0.9231539,4.242344,1.0,11.609634,-7.1580887,0.9444444,162.06207,1.0,0.0,0.0,0.0,0.0,0,4.2303324,4.3297024,7.7440867,0.0,3.4224823,16.605381,0.0,3.9446237,0.0,20.12309
3,354,355.0,10.0,1.0,1.0,335.0,1.0,1.0,1.0,0.98038876,1.0,-0.0,0.0,-2.8896715e-05,-0.01958236,0.2977498,2.9988098,0.6062208,5.7681026,0.9104385,5.406838,0.0,11.460319,-6.257736,0.9537037,156.5913,1.0,0.0,0.0,0.0,0.0,0,7.6277394,3.1252267,8.804934,0.0,2.785236,17.435295,0.0,2.6334867,0.0,24.874119
0,355,356.0,10.0,1.0,1.0,337.0,1.0,1.0,1.0,0.9999577,1.0,-0.0,0.0,-4.2299675e-05,-0.0,0.42694175,3.4416456,0.63563436,4.832111,0.99948597,4.0034766,1.0,11.529228,-5.9775476,0.9537037,164.7914,1.0,0.0,0.0,0.0,0.0,0,4.5641456,1.57724,10.834753,0.0,3.4164228,15.5324545,0.0,5.9218597,0.0,17.425829
1,355,356.0,10.0,1.0,1.0,337.0,1.0,1.0,1.0,0.9863083,1.0,-0.0,0.0,-5.2007268e-05,-0.01363971,0.3025502,3.683424,0.7050193,5.8183823,0.8452108,4.666271,0.0,11.871041,-6.97089,0.9537037,161.86845,1.0,0.0,0.0,0.0,0.0,0,6.72948,2.5170906,9.575612,0.0,3.4218652,19.99202,0.0,2.6226244,0.0,19.421041
2,355,356.0,10.0,1.0,1.0,330.0,1.0,1.0,1.0,0.99997234,1.0,-0.0,0.0,-2.7632443e-05,-0.0,0.38418844,2.6856213,0.97326785,3.7360437,0.92543733,4.221996,1.0,11.606631,-7.274217,0.9444444,162.92834,1.0,0.0,0.0,0.0,0.0,0,2.3327303,4.8388743,9.645489,0.0,2.85494,16.729143,0.0,4.1751966,0.0,20.081543
3,355,356.0,10.0,1.0,1.0,336.0,1.0,1.0,1.0,0.9832459,1.0,-0.0,0.0,-4.012931e-05,-0.016714,0.25017262,2.3789077,0.6351913,5.517075,0.9088079,5.485764,0.0,11.893996,-8.302832,0.9537037,157.53177,1.0,0.0,0.0,0.0,0.0,0,8.613489,0.0,7.8558607,0.0,3.5988386,17.761944,0.0,2.5914028,0.0,24.551973
0,356,357.0,10.0,1.0,1.0,338.0,1.0,1.0,1.0,0.9999527,1.0,-0.0,0.0,-4.735081e-05,-0.0,0.19842722,3.2529194,0.64346075,4.5056286,0.9987149,4.0229836,1.0,11.364876,-9.434456,0.9537037,165.11797,1.0,0.0,0.0,0.0,0.0,0,4.059435,3.40735,8.208518,0.0,7.476685,16.79328,0.0,5.79741,0.0,17.095001
1,356,357.0,10.0,1.0,1.0,338.0,1.0,1.0,1.0,0.9918881,1.0,-0.0,0.0,-3.9664214e-05,-0.00807228,0.20795427,3.6001287,0.72718483,5.4843364,0.84187603,4.6927056,0.0,11.489571,-8.667124,0.9537037,162.16548,1.0,0.0,0.0,0.0,0.0,0,6.2380133,5.6525025,9.489383,0.0,4.970768,21.652195,0.0,2.71329,0.0,19.342257
2,356,357.0,10.0,1.0,1.0,331.0,1.0,1.0,1.0,0.9999748,1.0,-0.0,0.0,-2.5196237e-05,-0.0,0.45583397,3.3525455,0.9314355,3.9128947,0.9316611,4.196889,1.0,11.443358,-6.2916865,0.9444444,163.3696,1.0,0.0,0.0,0.0,0.0,0,4.896717,4.122368,8.0678,0.0,3.208314,16.64897,0.0,4.2767463,0.0,20.137589
3,356,357.0,10.0,1.0,1.0,337.0,1.0,1.0,1.0,0.9778288,1.0,-0.0,0.0,-3.3291937e-05,-0.022137903,0.31952113,3.107935,0.5928405,5.801131,0.91110384,5.5271425,0.0,11.434336,-7.5655084,0.9537037,157.97047,1.0,0.0,0.0,0.0,0.0,0,7.3607645,1.9888053,7.9273524,0.0,1.6036654,17.45624,0.0,2.6917589,0.0,24.808144
0,357,358.0,10.0,1.0,1.0,339.0,1.0,1.0,1.0,0.9997572,1.0,-0.0,0.0,-4.0590643e-05,-0.00020225998,0.8205518,3.1664968,0.7150443,4.8907323,1.001618,3.9930995,0.0,11.928924,-4.0406313,0.9537037,165.82515,1.0,0.0,0.0,0.0,0.0,0,4.946079,0.9041389,9.31598,0.0,4.0140295,13.610849,0.0,5.7463713,0.0,16.930277
1,357,358.0,10.0,1.0,1.0,339.0,1.0,1.0,1.0,0.98927134,1.0,-0.0,0.0,-4.068745e-05,-0.010687965,0.82208365,3.3689067,0.73174536,5.6412773,0.8342927,4.816857,0.0,11.965927,-3.460383,0.9537037,162.99867,1.0,0.0,0.0,0.0,0.0,0,7.9558754,1.5501877,8.469944,0.0,5.1195908,19.930376,0.0,2.7035756,0.0,19.1749
2,357,358.0,10.0,1.0,1.0,332.0,1.0,1.0,1.0,0.9999498,1.0,-0.0,0.0,-5.0170835e-05,-0.0,0.36968327,2.5924067,0.9784338,3.810523,0.93227166,4.204344,1.0,11.75465,-7.4884434,0.9444444,164.4846,1.0,0.0,0.0,0.0,0.0,0,5.833169,4.5195055,10.991841,0.0,2.0816338,17.162363,0.0,4.461481,0.0,20.142912
3,357,358.0,10.0,1.0,1.0,338.0,1.0,1.0,1.0,0.9759127,1.0,-0.0,0.0,-4.180414e-05,-0.02404551,0.23849234,2.9909735,0.643772,5.7759705,0.9084317,5.666759,0.0,10.997821,-8.81437,0.9537037,158.28844,1.0,0.0,0.0,0.0,0.0,0,8.216074,4.2745075,11.440062,0.0,0.4992352,18.473303,0.0,3.2343493,0.0,25.098412
0,358,359.0,10.0,1.0,1.0,340.0,1.0,1.0,1.0,0.99995935,1.0,-0.0,0.0,-4.0677627e-05,-0.0,0.71776026,2.841119,0.60231954,4.9083095,0.99910796,4.0054317,1.0,11.514712,-7.3809066,0.9537037,166.8047,1.0,0.0,0.0,0.0,0.0,0,4.6157556,2.4943528,8.981892,0.0,2.2969706,16.174973,0.0,6.14631,0.0,17.95709
1,358,359.0,10.0,1.0,1.0,340.0,1.0,1.0,1.0,0.97504157,1.0,-0.0,0.0,-3.7375547e-05,-0.024921084,0.8065451,3.052804,0.63374966,6.4952645,0.8310088,4.8544188,0.0,11.802364,-7.262879,0.9537037,163.99725,1.0,0.0,0.0,0.0,0.0,0,6.4689674,5.176698,10.94361,0.0,2.4536033,20.075869,0.0,2.802209,0.0,19.11473
2,358,359.0,10.0,1.0,1.0,333.0,1.0,1.0,1.0,0.9999572,1.0,-0.0,0.0,-4.2809672e-05,-0.0,0.388968,3.4461477,0.9053755,4.008167,0.9368284,4.197635,1.0,11.664811,-6.64601,0.9444444,165.09613,1.0,0.0,0.0,0.0,0.0,0,7.0548825,2.5358796,9.057335,0.0,1.6444705,17.016853,0.0,4.512445,0.0,20.123138
3,358,359.0,10.0,1.0,1.0,339.0,1.0,1.0,1.0,0.9735298,1.0,-0.0,0.0,-3.415859e-05,-0.026436055,0.69651973,2.8502245,0.6057262,5.780849,0.90908676,5.8053136,0.0,12.065911,-4.8969293,0.9537037,159.05373,1.0,0.0,0.0,0.0,0.0,0,8.639454,0.0,8.204302,0.0,4.126246,17.813643,0.0,3.1567883,0.0,24.414503
0,359,360.0,10.0,1.0,1.0,341.0,1.0,1.0,1.0,0.9996789,1.0,-0.0,0.0,-3.775414e-05,-0.00028337818,0.49785078,3.5396044,0.66247636,4.971074,1.002267,3.974038,0.0,11.785237,-8.349596,0.9537037,166.8854,1.0,0.0,0.0,0.0,0.0,0,4.241527,1.6095986,9.954103,0.0,3.246979,15.219321,0.0,6.1054683,0.0,17.905603
1,359,360.0,10.0,1.0,1.0,341.0,1.0,1.0,1.0,0.97734267,1.0,-0.0,0.0,-3.3256078e-05,-0.02262409,0.53731537,3.6229756,0.62370014,6.357445,0.83577055,4.806443,0.0,12.073849,-8.3927145,0.9537037,164.07942,1.0,0.0,0.0,0.0,0.0,0,6.7080455,2.8502975,8.183344,0.0,3.8327687,20.073105,0.0,2.7951891,0.0,19.363861
2,359,360.0,10.0,1.0,1.0,334.0,1.0,1.0,1.0,0.99994975,1.0,-0.0,0.0,-5.0265568e-05,-0.0,0.32901466,2.6912427,0.9375914,3.86863,0.9355096,4.228296,1.0,12.016997,-7.44036,0.9444444,166.2006,1.0,0.0,0.0,0.0,0.0,0,6.798061,3.450084,10.384161,0.0,3.5053487,17.255463,0.0,4.7110643,0.0,20.211842
3,359,360.0,10.0,1.0,1.0,340.0,1.0,1.0,1.0,0.9760435,1.0,-0.0,0.0,-3.32266e-05,-0.02392327,0.56446195,2.5871422,0.63762504,5.5559664,0.9089642,5.879429,0.0,11.476739,-8.187431,0.9537037,160.0185,1.0,0.0,0.0,0.0,0.0,0,6.5593014,2.881052,6.7026725,0.0,3.551,17.972792,0.0,3.3202217,0.0,24.253551
0,360,361.0,10.0,1.0,1.0,342.0,1.0,1.0,1.0,0.99989533,1.0,-0.0,0.0,-2.4952335e-05,-7.970957e-05,0.51996183,3.2261078,0.6484583,4.887209,1.0006377,3.994864,0.0,11.889555,-10.225038,0.9537037,167.83261,1.0,0.0,0.0,0.0,0.0,0,4.261086,2.2026863,8.694468,0.0,2.6102228,15.650179,0.0,6.25165,0.0,18.006157
1,360,361.0,10.0,1.0,1.0,342.0,1.0,1.0,1.0,0.9761791,1.0,-0.0,0.0,-2.08302e-05,-0.023800056,0.6356988,3.3987873,0.61333275,6.428003,0.8342324,4.8473177,0.0,12.0863,-10.017885,0.9537037,164.96388,1.0,0.0,0.0,0.0,0.0,0,5.599435,4.297426,9.757137,0.0,2.395061,19.962227,0.0,2.9143643,0.0,19.192816
2,360,361.0,10.0,1.0,1.0,335.0,1.0,1.0,1.0,0.99995184,1.0,-0.0,0.0,-4.8177237e-05,-0.0,0.37188157,3.5302796,0.8719514,4.202295,0.9389433,4.219399,1.0,11.878559,-6.4661336,0.9444444,166.76793,1.0,0.0,0.0,0.0,0.0,0,7.7437563,2.31611,9.491421,0.0,2.3964956,16.97485,0.0,4.6497064,0.0,20.127687
3,360,361.0,10.0,1.0,1.0,341.0,1.0,1.0,1.0,0.97770476,1.0,-0.0,0.0,-3.4841618e-05,-0.022260342,0.4738398,3.2026772,0.61706424,5.3488927,0.91321117,5.9867268,0.0,11.610145,-7.789613,0.9537037,160.08662,1.0,0.0,0.0,0.0,0.0,0,7.1091084,0.92474717,7.4937053,0.0,3.6639044,17.775984,0.0,3.2150977,0.0,23.988132
0,361,362.0,10.0,1.0,1.0,343.0,1.0,1.0,1.0,0.9987379,1.0,-0.0,0.0,-2.7960905e-05,-0.0012341596,0.7201407,4.040952,0.5263053,5.0697904,1.0005678,4.0155816,0.0,11.227544,-7.294092,0.9537037,168.6074,1.0,0.0,0.0,0.0,0.0,0,4.271818,6.5623503,15.948475,0.0,3.5484276,15.252971,0.0,6.1482906,0.0,17.381586
1,361,362.0,10.0,1.0,1.0,343.0,1.0,1.0,1.0,0.96680075,1.0,-0.0,0.0,-2.4316429e-05,-0.033174932,0.7234566,3.9870658,0.51323515,6.9904957,0.8315224,4.886888,0.0,11.810327,-8.153351,0.9537037,165.57542,1.0,0.0,0.0,0.0,0.0,0,6.862542,9.52724,14.798824,0.0,1.8882113,18.70156,0.0,2.7987285,0.0,18.981869
2,361,362.0,10.0,1.0,1.0,336.0,1.0,1.0,1.0,0.99995553,1.0,-0.0,0.0,-4.4447996e-05,-0.0,0.37369803,2.8704338,0.91252375,4.0038676,0.9371491,4.2438197,1.0,12.129315,-8.497613,0.9444444,167.7557,1.0,0.0,0.0,0.0,0.0,0,7.0392957,2.8132393,10.557524,0.0,3.1006436,17.230345,0.0,4.8445606,0.0,20.227825
3,361,362.0,10.0,1.0,1.0,342.0,1.0,1.0,1.0,0.97548074,1.0,-0.0,0.0,-1.2720565e-05,-0.024506561,0.50230587,3.0551908,0.62176514,5.420433,0.9127014,6.0499597,0.0,11.685349,-8.667996,0.9537037,160.87555,1.0,0.0,0.0,0.0,0.0,0,6.66887,1.0490485,7.258615,0.0,3.124999,17.812243,0.0,3.2764993,0.0,23.729544
0,362,363.0,10.0,1.0,1.0,344.0,1.0,1.0,1.0,0.9999641,1.0,-0.0,0.0,-1.9123709e-05,-1.6775448e-05,0.86026305,3.487442,0.5968733,4.829842,1.0001342,4.0478144,0.0,11.576343,-7.015315,0.9537037,169.38216,1.0,0.0,0.0,0.0,0.0,0,4.4712896,3.9494927,10.977537,0.0,3.6202672,15.209265,0.0,6.404191,0.0,17.707777
1,362,363.0,10.0,1.0,1.0,344.0,1.0,1.0,1.0,0.9744759,1.0,-0.0,0.0,-1.7807299e-05,-0.025506245,0.76015663,3.6001906,0.57138044,6.530374,0.8320103,4.889131,0.0,12.127885,-8.182531,0.9537037,166.17479,1.0,0.0,0.0,0.0,0.0,0,7.2547703,3.7689986,9.273198,0.0,4.2096868,18.743464,0.0,2.9662738,0.0,19.029888
2,362,363.0,10.0,1.0,1.0,337.0,1.0,1.0,1.0,0.99995625,1.0,-0.0,0.0,-4.375365e-05,-0.0,0.42547917,3.623765,0.8590642,4.3000793,0.9394116,4.2312565,1.0,11.957261,-6.4340672,0.9444444,168.22844,1.0,0.0,0.0,0.0,0.0,0,7.2880263,2.441311,9.177671,0.0,3.5443,16.976635,0.0,4.7517653,0.0,20.138985
3,362,363.0,10.0,1.0,1.0,343.0,1.0,1.0,1.0,0.9696232,1.0,-0.0,0.0,-1.7959903e-05,-0.030358847,0.33521056,3.7370994,0.58150315,5.5913672,0.90653795,6.2301626,0.0,11.49461,-9.916592,0.9537037,161.54256,1.0,0.0,0.0,0.0,0.0,0,7.6798267,4.697728,10.239254,0.0,5.1441636,17.972713,0.0,3.0946484,0.0,24.237774
0,363,364.0,10.0,1.0,1.0,345.0,1.0,1.0,1.0,0.99711514,1.0,-0.0,0.0,-1.5390933e-05,-0.0028695085,0.67446864,3.8047988,0.54738915,5.1638927,1.0011036,4.056315,0.0,11.56405,-9.361838,0.9537037,169.61488,1.0,0.0,0.0,0.0,0.0,0,4.3236165,4.806177,9.690677,0.0,3.0041707,15.145148,0.0,6.3587375,0.0,17.477446
1,363,364.0,10.0,1.0,1.0,345.0,1.0,1.0,1.0,0.9647276,1.0,-0.0,0.0,-1.6895845e-05,-0.035255536,0.6545402,3.8088028,0.49337387,7.0866323,0.82262605,5.0286994,0.0,11.908403,-9.521496,0.9537037,166.3706,1.0,0.0,0.0,0.0,0.0,0,6.9330153,5.40136,9.021919,0.0,4.880178,16.262629,0.0,2.814222,0.0,18.411503
2,363,364.0,10.0,1.0,1.0,338.0,1.0,1.0,1.0,0.9999615,1.0,-0.0,0.0,-3.848162e-05,-0.0,0.28876925,3.5525289,0.87081504,4.271401,0.9371684,4.237543,1.0,11.663865,-8.530804,0.9444444,168.49953,1.0,0.0,0.0,0.0,0.0,0,5.485599,5.0640316,11.390914,0.0,2.2509422,18.341541,0.0,4.8763294,0.0,19.498337
3,363,364.0,10.0,1.0,1.0,344.0,1.0,1.0,1.0,0.9725034,1.0,-0.0,0.0,-1.51297545e-05,-0.027481407,0.73697305,3.2089431,0.5882236,5.5336547,0.91452086,6.115229,0.0,11.834846,-6.0075607,0.9537037,162.27887,1.0,0.0,0.0,0.0,0.0,0,9.116544,0.0,7.7515326,0.0,4.9688897,17.802492,0.0,3.280506,0.0,23.846525
0,364,365.0,10.0,1.0,1.0,346.0,1.0,1.0,1.0,0.998795,1.0,-0.0,0.0,-1.7662633e-05,-0.0011873762,0.6989822,3.773523,0.6292406,5.0406733,1.0040758,4.068841,0.0,11.861807,-8.282141,0.9537037,169.80072,1.0,0.0,0.0,0.0,0.0,0,4.4317217,3.849749,11.277951,0.0,3.6502292,14.312929,0.0,6.5004196,0.0,17.633944
1,364,365.0,10.0,1.0,1.0,346.0,1.0,1.0,1.0,0.95871466,1.0,-0.0,0.0,-1.315418e-05,-0.041272145,0.67412704,3.7000976,0.46818388,7.476328,0.83493686,4.8779087,0.0,12.262424,-8.800514,0.9537037,166.60785,1.0,0.0,0.0,0.0,0.0,0,7.278111,2.465722,8.387387,0.0,1.7167028,17.96197,0.0,2.9708772,0.0,18.94393
2,364,365.0,10.0,1.0,1.0,339.0,1.0,1.0,1.0,0.9999677,1.0,-0.0,0.0,-3.2298853e-05,-0.0,0.9438496,3.2827287,0.87563294,4.222923,0.93760675,4.248245,1.0,12.041691,-3.3593812,0.9444444,169.37848,1.0,0.0,0.0,0.0,0.0,0,9.20558,1.7713057,10.004118,0.0,4.9644785,17.068602,0.0,4.826909,0.0,20.40574
3,364,365.0,10.0,1.0,1.0,345.0,1.0,1.0,1.0,0.968755,1.0,-0.0,0.0,-1.5607571e-05,-0.031229375,0.56212133,3.4628744,0.5856933,5.8358507,0.9177062,6.037911,0.0,11.691991,-8.485206,0.9537037,162.52322,1.0,0.0,0.0,0.0,0.0,0,6.750875,2.2613149,7.0143824,0.0,3.3983266,17.685083,0.0,3.2039554,0.0,23.669367
0,365,366.0,10.0,1.0,1.0,347.0,1.0,1.0,1.0,0.99606884,1.0,-0.0,0.0,-1.2442513e-05,-0.0039187334,0.84050965,4.0626807,0.5890661,5.2019606,1.0044217,4.0528398,0.0,11.856888,-7.22225,0.9537037,170.0055,1.0,0.0,0.0,0.0,0.0,0,4.525518,4.908652,9.648912,0.0,3.0391445,14.803276,0.0,6.3014207,0.0,17.301437
1,365,366.0,10.0,1.0,1.0,347.0,1.0,1.0,1.0,0.95698285,1.0,-0.0,0.0,-1.1016357e-05,-0.043006144,0.630616,4.0011096,0.44179916,7.580368,0.82706094,4.974538,0.0,12.130664,-9.06042,0.9537037,166.85121,1.0,0.0,0.0,0.0,0.0,0,8.017812,2.82337,8.593881,0.0,2.517851,15.787759,0.0,2.694906,0.0,18.438032
2,365,366.0,10.0,1.0,1.0,340.0,1.0,1.0,1.0,0.9999638,1.0,-0.0,0.0,-3.6152174e-05,-0.0,0.7343393,3.1295795,0.8885369,4.5723786,0.93502086,4.263512,1.0,12.114386,-8.068008,0.9444444,170.24397,1.0,0.0,0.0,0.0,0.0,0,5.345428,2.3480353,6.9021697,0.0,2.7051356,17.322536,0.0,4.949858,0.0,20.312723
3,365,366.0,10.0,1.0,1.0,346.0,1.0,1.0,1.0,0.96760714,1.0,-0.0,0.0,-1.731837e-05,-0.032375522,0.21104775,3.6020622,0.6771243,6.068698,0.92119604,5.8738327,0.0,13.527595,-9.868549,0.9537037,162.56935,1.0,0.0,0.0,0.0,0.0,0,7.402938,0.0,6.7433524,0.0,3.8377838,19.599592,0.0,2.9540293,0.0,24.359283
0,366,367.0,10.0,1.0,1.0,348.0,1.0,1.0,1.0,0.97894937,1.0,-0.0,0.0,-1.2418216e-05,-0.02103823,0.7830415,3.7664149,0.4402908,6.2476096,1.0019578,4.0414276,0.0,11.010881,-8.431548,0.9537037,170.55405,1.0,0.0,0.0,0.0,0.0,0,4.0336285,11.717641,20.581903,0.0,5.440198,14.769118,0.0,6.2239265,0.0,17.418156
1,366,367.0,10.0,1.0,1.0,348.0,1.0,1.0,1.0,0.920404,1.0,-0.0,0.0,-1.1985676e-05,-0.079583995,0.8473042,3.7256339,0.3496401,9.77504,0.828918,4.983972,0.0,11.929916,-8.992278,0.9537037,167.31827,1.0,0.0,0.0,0.0,0.0,0,8.213846,12.733753,18.922348,0.0,0.0,19.78674,0.0,3.0287688,0.0,19.200771
2,366,367.0,10.0,1.0,1.0,341.0,1.0,1.0,1.0,0.9999677,1.0,-0.0,0.0,-3.2295564e-05,-0.0,0.6251581,3.658292,0.89973223,4.353455,0.939833,4.232367,1.0,11.946013,-8.453932,0.9444444,170.39098,1.0,0.0,0.0,0.0,0.0,0,7.7792025,3.3562596,10.982016,0.0,3.7164495,16.651926,0.0,4.843301,0.0,20.366488
3,366,367.0,10.0,1.0,1.0,347.0,1.0,1.0,1.0,0.9810417,1.0,-0.0,0.0,-1.1916822e-05,-0.01894636,0.62867254,3.8058028,0.5994996,5.465602,0.9287058,5.671179,0.0,12.226466,-7.3168902,0.9537037,162.70023,1.0,0.0,0.0,0.0,0.0,0,7.586461,1.7722769,8.394978,0.0,3.672158,18.607126,0.0,3.2297504,0.0,22.793882
0,367,368.0,10.0,1.0,1.0,348.0,0.0,0.0,1.0,-0.23952472,0.0,-0.23462641,0.0,-1.2890746e-05,-0.0048854137,1.2346264,4.0063105,0.54870045,5.293124,0.9996472,4.081519,0.0,11.518783,-2.7404335,0.9537037,170.82242,1.0,0.0,0.0,0.0,0.0,0,6.0109415,1.2156365,8.855237,0.0,3.9540603,14.787174,0.0,6.1432567,0.0,17.221554
1,367,368.0,10.0,1.0,1.0,349.0,1.0,1.0,1.0,0.95896775,1.0,-0.0,0.0,-2.3153842e-05,-0.04100911,0.88579917,4.046865,0.51273966,7.423446,0.82751393,5.0370994,0.0,12.343667,-5.2738504,0.9537037,167.65456,1.0,0.0,0.0,0.0,0.0,0,7.640676,0.0,7.185155,0.0,4.8479466,19.60099,0.0,2.8385565,0.0,19.069721
2,367,368.0,10.0,1.0,1.0,342.0,1.0,1.0,1.0,0.99998444,1.0,-0.0,0.0,-1.5573403e-05,-0.0,0.6920952,3.522629,0.8904995,4.4442215,0.9392282,4.225703,1.0,12.046144,-9.278368,0.9444444,171.15672,1.0,0.0,0.0,0.0,0.0,0,6.9732466,4.123404,9.60151,0.0,4.084155,17.068714,0.0,4.6964116,0.0,20.198477
3,367,368.0,10.0,1.0,1.0,348.0,1.0,1.0,1.0,0.98078024,1.0,-0.0,0.0,-7.313398e-06,-0.019212447,0.46107247,3.6246364,0.6016077,5.6548634,0.9345347,5.4978824,0.0,11.533618,-9.483488,0.9537037,163.1616,1.0,0.0,0.0,0.0,0.0,0,7.9811125,4.2877693,10.870583,0.0,4.42327,18.604969,0.0,3.3819935,0.0,23.286798
0,368,369.0,10.0,1.0,1.0,349.0,1.0,1.0,1.0,0.9882827,1.0,-0.0,0.0,-2.1531287e-05,-0.011695796,0.73240364,3.7856605,0.5412398,5.7017474,0.9992498,4.1077123,0.0,11.861974,-8.402455,0.9537037,171.07094,1.0,0.0,0.0,0.0,0.0,0,5.9085646,2.2537136,8.736429,0.0,2.5087845,14.533927,0.0,6.131949,0.0,17.315632
1,368,369.0,10.0,1.0,1.0,350.0,1.0,1.0,1.0,0.93984365,1.0,-0.0,0.0,-1.425335e-05,-0.060142078,0.7730823,3.9648407,0.4383443,8.406563,0.8207313,5.2019606,0.0,11.692294,-7.4583116,0.9537037,168.05368,1.0,0.0,0.0,0.0,0.0,0,7.969657,11.913676,18.822214,0.0,1.6223652,18.597578,0.0,2.9643521,0.0,18.739689
2,368,369.0,10.0,1.0,1.0,343.0,1.0,1.0,1.0,0.99998015,1.0,-0.0,0.0,-1.9864634e-05,-0.0,0.6682608,4.2160344,0.86499405,4.806443,0.94068646,4.218657,1.0,11.9773855,-8.504142,0.9444444,171.82855,1.0,0.0,0.0,0.0,0.0,0,6.8878736,5.7282844,11.683613,0.0,5.214123,16.766064,0.0,4.643662,0.0,19.985586
3,368,369.0,10.0,1.0,1.0,349.0,1.0,1.0,1.0,0.98483473,1.0,-0.0,0.0,-7.632605e-06,-0.015157627,0.9248085,3.8637352,0.61795086,5.4186997,0.93220836,5.490757,0.0,12.279409,-3.992431,0.9537037,163.43488,1.0,0.0,0.0,0.0,0.0,0,8.559788,0.0,7.7465925,0.0,4.1912856,21.48338,0.0,3.0517251,0.0,23.955923
0,369,370.0,10.0,1.0,1.0,350.0,1.0,1.0,1.0,0.9675806,1.0,-0.0,0.0,-2.383159e-05,-0.032395564,0.77400136,3.7063878,0.3324451,6.943733,0.9943747,4.310807,0.0,11.064679,-7.5370083,0.9537037,171.26385,1.0,0.0,0.0,0.0,0.0,0,6.216411,8.336843,17.899801,0.0,4.9712315,13.984135,0.0,6.163547,0.0,17.026478
1,369,370.0,10.0,1.0,1.0,351.0,1.0,1.0,1.0,0.94966215,1.0,-0.0,0.0,-2.8911867e-05,-0.050308947,0.7630162,3.7792854,0.4776588,7.782371,0.81910926,5.236165,0.0,12.009352,-7.1173806,0.9537037,168.15048,1.0,0.0,0.0,0.0,0.0,0,9.087639,0.31671292,8.091198,0.0,3.493901,17.450035,0.0,2.9605522,0.0,18.466698
2,369,370.0,10.0,1.0,1.0,344.0,1.0,1.0,1.0,0.9999842,1.0,-0.0,0.0,-1.5773683e-05,-0.0,0.87442213,3.6680446,0.871426,4.640362,0.9424747,4.228666,1.0,12.187543,-7.9678893,0.9444444,172.59029,1.0,0.0,0.0,0.0,0.0,0,8.367023,5.133811,12.561973,0.0,4.0994587,16.772226,0.0,5.255101,0.0,20.236465
3,369,370.0,10.0,1.0,1.0,350.0,1.0,1.0,1.0,0.9822643,1.0,-0.0,0.0,-1.0891714e-05,-0.01772483,0.53328687,3.6588933,0.6071603,5.6798706,0.93696725,5.3836184,0.0,11.62954,-7.7411404,0.9537037,163.8271,1.0,0.0,0.0,0.0,0.0,0,8.04118,3.8552754,8.890013,0.0,5.990269,18.798443,0.0,3.4174724,0.0,22.86067
0,370,371.0,10.0,1.0,1.0,351.0,1.0,1.0,1.0,0.9839726,1.0,-0.0,0.0,-1.8882349e-05,-0.016008511,0.81230927,3.912911,0.43497548,5.9605103,0.99367064,4.3381433,0.0,11.325347,-5.9536304,0.9537037,171.57732,1.0,0.0,0.0,0.0,0.0,0,6.509643,3.081243,7.323764,0.0,3.736997,14.25366,0.0,5.973886,0.0,16.912302
1,370,371.0,10.0,1.0,1.0,352.0,1.0,1.0,1.0,0.95072687,1.0,-0.0,0.0,-2.9964403e-05,-0.049243137,0.6612513,4.0870695,0.45799962,7.706921,0.82556254,5.247666,0.0,11.546796,-7.582439,0.9537037,168.62915,1.0,0.0,0.0,0.0,0.0,0,9.314175,6.4875035,13.797438,0.0,5.246494,17.540693,0.0,2.9461918,0.0,18.897593
2,370,371.0,10.0,1.0,1.0,345.0,1.0,1.0,1.0,0.99998367,1.0,-0.0,0.0,-1.630255e-05,-0.0,0.7375065,3.9405715,0.8532466,4.9968367,0.93519276,4.2867684,1.0,12.201947,-8.707912,0.9444444,172.80312,1.0,0.0,0.0,0.0,0.0,0,7.48739,5.6827536,10.470283,0.0,5.590075,16.182476,0.0,4.9414544,0.0,20.141886
3,370,371.0,10.0,1.0,1.0,351.0,1.0,1.0,1.0,0.9873242,1.0,-0.0,0.0,-7.951199e-06,-0.012667923,0.6477464,3.7407022,0.61908257,5.393499,0.9374587,5.3665757,0.0,11.820717,-5.6921935,0.9537037,164.0246,1.0,0.0,0.0,0.0,0.0,0,7.758354,1.2733893,7.2101135,0.0,4.398923,18.681784,0.0,3.415618,0.0,22.79455
0,371,372.0,10.0,1.0,1.0,352.0,1.0,1.0,1.0,0.96898365,1.0,-0.0,0.0,-1.6478878e-05,-0.030999888,0.71259254,3.8121781,0.39852983,6.859993,0.99483097,4.4523177,0.0,10.957991,-7.887314,0.9537037,171.92636,1.0,0.0,0.0,0.0,0.0,0,7.2138014,7.5671873,19.424503,0.0,5.1727223,13.988512,0.0,6.0497804,0.0,17.040026
1,371,372.0,10.0,1.0,1.0,353.0,1.0,1.0,1.0,0.9550987,1.0,-0.0,0.0,-2.795344e-05,-0.044873353,0.6694779,4.132558,0.4913269,7.4299846,0.8292627,5.262416,0.0,11.82265,-5.0132165,0.9537037,168.98021,1.0,0.0,0.0,0.0,0.0,0,9.608476,0.0,8.559928,0.0,4.361358,17.1583,0.0,2.9490492,0.0,18.721004
2,371,372.0,10.0,1.0,1.0,346.0,1.0,1.0,1.0,0.999987,1.0,-0.0,0.0,-1.3009682e-05,-0.0,0.7717181,3.9414096,0.8892702,4.657539,0.94140226,4.24935,1.0,12.415604,-7.6949496,0.9444444,172.9343,1.0,0.0,0.0,0.0,0.0,0,8.226757,2.4422488,9.969201,0.0,3.881786,15.993464,0.0,5.281259,0.0,20.178085
3,371,372.0,10.0,1.0,1.0,352.0,1.0,1.0,1.0,0.9782232,1.0,-0.0,0.0,-6.5614045e-06,-0.021770224,0.57996213,3.8182602,0.6621111,5.609961,0.92221254,5.6962514,0.0,11.338243,-7.188025,0.9537037,164.37329,1.0,0.0,0.0,0.0,0.0,0,8.4030285,7.8560286,12.932339,0.0,5.6738596,18.619877,0.0,3.4594586,0.0,22.583479
0,372,373.0,10.0,1.0,1.0,353.0,1.0,1.0,1.0,0.98778945,1.0,-0.0,0.0,-1.7131902e-05,-0.012193453,0.8877125,4.0943937,0.46394998,5.7316065,0.99714595,4.463031,0.0,11.040897,-3.9957733,0.9537037,172.44499,1.0,0.0,0.0,0.0,0.0,0,7.155523,0.27367178,7.664472,0.0,4.719536,14.067827,0.0,6.085142,0.0,16.85262
1,372,373.0,10.0,1.0,1.0,354.0,1.0,1.0,1.0,0.95226586,1.0,-0.0,0.0,-2.9729981e-05,-0.047704402,0.3592003,4.3593616,0.61549276,7.640473,0.83608925,5.2217903,0.0,12.7976465,-7.1519194,0.9537037,169.46365,1.0,0.0,0.0,0.0,0.0,0,9.7075205,0.0,8.592111,0.0,3.7823343,17.186522,0.0,2.798618,0.0,18.853611
2,372,373.0,10.0,1.0,1.0,347.0,1.0,1.0,1.0,0.99998766,1.0,-0.0,0.0,-1.2316899e-05,-0.0,0.74124706,4.2692685,0.8945844,4.8738947,0.9431145,4.229962,1.0,12.690376,-7.4744997,0.9444444,173.19496,1.0,0.0,0.0,0.0,0.0,0,7.439114,1.1979891,8.052452,0.0,2.9137387,16.16638,0.0,5.0317307,0.0,19.946995
3,372,373.0,10.0,1.0,1.0,353.0,1.0,1.0,1.0,0.9816567,1.0,-0.0,0.0,-7.888236e-06,-0.018335473,0.7080566,3.998108,0.604402,5.4774795,0.9216954,5.6226482,0.0,11.797822,-4.4527564,0.9537037,164.78923,1.0,0.0,0.0,0.0,0.0,0,8.472939,0.0,7.3895125,0.0,4.6454873,21.521965,0.0,3.2290118,0.0,23.364815
0,373,374.0,10.0,1.0,1.0,354.0,1.0,1.0,1.0,0.98801595,1.0,-0.0,0.0,-1.3003238e-05,-0.011971072,0.49658978,3.994043,0.54135466,5.713271,1.0006657,4.4382286,0.0,11.654367,-6.677346,0.9537037,172.62692,1.0,0.0,0.0,0.0,0.0,0,7.742897,0.0,8.313913,0.0,3.4129198,13.991063,0.0,6.2383246,0.0,17.636112
1,373,374.0,10.0,1.0,1.0,355.0,1.0,1.0,1.0,0.9603439,1.0,-0.0,0.0,-2.726859e-05,-0.03962887,0.33083147,4.128774,0.62310845,7.1415663,0.83826536,5.236165,0.0,12.577769,-7.5150805,0.9537037,169.68481,1.0,0.0,0.0,0.0,0.0,0,9.662517,0.0,9.1497,0.0,3.9693305,17.443062,0.0,3.02962,0.0,18.809347
2,373,374.0,10.0,1.0,1.0,348.0,1.0,1.0,1.0,0.970198,1.0,-0.0,0.0,-1.4881332e-05,-0.029787151,0.87206995,4.042415,0.76331156,6.7872286,0.9390291,4.2419744,0.0,12.276502,-7.742873,0.9444444,173.76729,1.0,0.0,0.0,0.0,0.0,0,7.959606,15.386455,21.684471,0.0,3.5247846,16.436886,0.0,5.1642566,0.0,19.700106
3,373,374.0,10.0,1.0,1.0,354.0,1.0,1.0,1.0,0.98210925,1.0,-0.0,0.0,-8.127083e-06,-0.017882645,0.49782693,3.8952925,0.60205156,5.544116,0.92301685,5.528842,0.0,12.183562,-5.714788,0.9537037,164.9623,1.0,0.0,0.0,0.0,0.0,0,8.660707,0.0,7.6971264,0.0,4.0094514,20.093216,0.0,3.0275068,0.0,23.416454
0,374,375.0,10.0,1.0,1.0,355.0,1.0,1.0,1.0,0.9899472,1.0,-0.0,0.0,-2.1457477e-05,-0.010031328,0.33001488,4.0496454,0.63734555,5.5448217,1.0076077,4.4394627,0.0,12.0126505,-7.7801456,0.9537037,172.97249,1.0,0.0,0.0,0.0,0.0,0,7.4323363,0.0,8.522065,0.0,3.682673,14.082908,0.0,6.4690824,0.0,17.689423
1,374,375.0,10.0,1.0,1.0,356.0,1.0,1.0,1.0,0.95398355,1.0,-0.0,0.0,-2.2607019e-05,-0.04599388,0.5026024,4.415957,0.5335409,7.529152,0.83693993,5.23048,0.0,11.996296,-4.567078,0.9537037,170.30824,1.0,0.0,0.0,0.0,0.0,0,8.878134,1.6149105,8.61911,0.0,4.049431,17.032585,0.0,2.7685344,0.0,18.830204
2,374,375.0,10.0,1.0,1.0,348.0,0.0,0.0,1.0,-0.070848584,0.0,-0.07083323,0.0,-1.5356793e-05,-0.0,1.0708332,4.2241893,0.87487215,4.88849,0.93916506,4.210298,1.0,12.474349,-4.183173,0.9444444,174.03114,1.0,0.0,0.0,0.0,0.0,0,9.508789,0.0,8.761236,0.0,3.8785636,15.993118,0.0,4.8125806,0.0,19.764858
3,374,375.0,10.0,1.0,1.0,355.0,1.0,1.0,1.0,0.9843998,1.0,-0.0,0.0,-1.1090954e-05,-0.015589131,0.4921388,3.9360697,0.6228958,5.4273624,0.92253107,5.5079846,0.0,12.401824,-5.412775,0.9537037,165.30298,1.0,0.0,0.0,0.0,0.0,0,8.485426,0.0,7.7439218,0.0,4.2498612,19.908915,0.0,3.0261652,0.0,23.44756
0,375,376.0,10.0,1.0,1.0,356.0,1.0,1.0,1.0,0.9885064,1.0,-0.0,0.0,-1.568622e-05,-0.011477967,0.42288488,4.273497,0.5743806,5.6457176,1.005728,4.4387574,0.0,11.553159,-5.728492,0.9537037,173.56322,1.0,0.0,0.0,0.0,0.0,0,7.005814,0.26981047,9.057239,0.0,3.7297316,14.20283,0.0,6.068429,0.0,17.249815
1,375,376.0,10.0,1.0,1.0,357.0,1.0,1.0,1.0,0.9546674,1.0,-0.0,0.0,-9.754021e-06,-0.045322835,0.34774393,4.244114,0.59689325,7.497879,0.8364156,5.2214904,0.0,12.545392,-5.645263,0.9537037,170.49904,1.0,0.0,0.0,0.0,0.0,0,9.047588,0.0,8.107347,0.0,3.845089,17.018696,0.0,2.8070247,0.0,18.832048
2,375,376.0,10.0,1.0,1.0,349.0,1.0,1.0,1.0,0.9999858,1.0,-0.0,0.0,-1.4161545e-05,-0.0,0.6475955,4.055133,0.8564575,4.985386,0.9389566,4.2362494,1.0,12.52059,-8.088812,0.9444444,174.2154,1.0,0.0,0.0,0.0,0.0,0,10.970764,3.240011,7.27626,0.0,10.857953,16.016508,0.0,4.356645,0.0,19.99896
3,375,376.0,10.0,1.0,1.0,356.0,1.0,1.0,1.0,0.9842852,1.0,-0.0,0.0,-9.761303e-06,-0.01570506,0.54809976,4.0408316,0.5937609,5.591507,0.928328,5.3507957,0.0,11.588913,-4.6995506,0.9537037,165.82607,1.0,0.0,0.0,0.0,0.0,0,8.277361,1.4992759,8.153575,0.0,3.997536,18.773832,0.0,3.293524,0.0,22.568954
0,376,377.0,10.0,1.0,1.0,357.0,1.0,1.0,1.0,0.9905589,1.0,-0.0,0.0,-1.0168461e-05,-0.00943087,0.48856437,4.094087,0.602118,5.513668,1.0069578,4.4297533,0.0,11.755472,-4.7313123,0.9537037,173.7444,1.0,0.0,0.0,0.0,0.0,0,7.634379,0.0,8.982511,0.0,3.6389017,14.008563,0.0,6.3559365,0.0,17.653475
1,376,377.0,10.0,1.0,1.0,358.0,1.0,1.0,1.0,0.9548704,1.0,-0.0,0.0,-1.2702554e-05,-0.04511691,0.2832599,4.287141,0.52423805,7.5180125,0.83585894,5.1890006,0.0,11.980612,-6.043005,0.9537037,170.95409,1.0,0.0,0.0,0.0,0.0,0,8.770724,1.4056793,8.31129,0.0,3.92847,16.737959,0.0,2.8035727,0.0,18.822767
2,376,377.0,10.0,1.0,1.0,350.0,1.0,1.0,1.0,0.96533966,1.0,-0.0,0.0,-1.7624398e-05,-0.03464267,0.8124527,3.8786366,0.6242787,7.07856,0.9215355,4.4800134,0.0,12.326817,-7.9352593,0.9444444,174.47066,1.0,0.0,0.0,0.0,0.0,0,11.226806,8.9877615,20.370888,0.0,4.5995803,16.266724,0.0,5.4717665,0.0,19.420694
3,376,377.0,10.0,1.0,1.0,357.0,1.0,1.0,1.0,0.98828673,1.0,-0.0,0.0,-5.94784e-06,-0.011707336,0.5382422,3.9384708,0.61451083,5.4406185,0.9265829,5.261821,0.0,12.062856,-3.6812732,0.9537037,166.08505,1.0,0.0,0.0,0.0,0.0,0,7.948186,0.0,7.201825,0.0,3.5477755,19.938251,0.0,2.9349666,0.0,23.607838
0,377,378.0,10.0,1.0,1.0,358.0,1.0,1.0,1.0,0.99059445,1.0,-0.0,0.0,-1.0621766e-05,-0.009394968,0.4856091,4.089325,0.5122671,5.530541,1.0044209,4.4429884,0.0,11.14659,-5.542249,0.9537037,174.18695,1.0,0.0,0.0,0.0,0.0,0,6.9418287,2.4077554,8.967372,0.0,3.7387726,14.091327,0.0,6.1180854,0.0,17.391016
1,377,378.0,10.0,1.0,1.0,359.0,1.0,1.0,1.0,0.955569,1.0,-0.0,0.0,-1.048141e-05,-0.044420484,0.34768432,4.241305,0.6277164,7.536326,0.83390224,5.128902,0.0,12.642188,-4.7237306,0.9537037,171.3035,1.0,0.0,0.0,0.0,0.0,0,8.565228,0.0,7.8576674,0.0,3.7873404,16.780813,0.0,2.6635456,0.0,18.719992
2,377,378.0,10.0,1.0,1.0,351.0,1.0,1.0,1.0,0.9948941,1.0,-0.0,0.0,-1.6080345e-05,-0.0050898073,0.70018244,4.218379,0.80362874,5.305388,0.92108846,4.496758,0.0,12.361211,-7.482973,0.9444444,174.92987,1.0,0.0,0.0,0.0,0.0,0,7.123302,0.0,6.3017955,0.0,3.3610387,16.283928,0.0,5.1716394,0.0,19.20249
3,377,378.0,10.0,1.0,1.0,358.0,1.0,1.0,1.0,0.98782516,1.0,-0.0,0.0,-7.2109497e-06,-0.012167662,0.46087205,3.9441242,0.58790094,5.6534786,0.9320188,5.07658,0.0,11.431509,-5.1419744,0.9537037,166.52577,1.0,0.0,0.0,0.0,0.0,0,7.733774,0.0,6.92966,0.0,3.5994933,19.536724,0.0,3.5981119,0.0,23.457188
0,378,379.0,10.0,1.0,1.0,359.0,1.0,1.0,1.0,0.99402773,1.0,-0.0,0.0,-9.378331e-06,-0.0059629083,0.5054388,4.064335,0.6091357,5.323215,1.0046079,4.4040527,0.0,11.531978,-3.969776,0.9537037,174.54962,1.0,0.0,0.0,0.0,0.0,0,7.570372,0.0,8.015406,0.0,3.9781394,13.809023,0.0,6.2392445,0.0,17.589283
1,378,379.0,10.0,1.0,1.0,360.0,1.0,1.0,1.0,0.95730203,1.0,-0.0,0.0,-9.810574e-06,-0.042688128,0.4325442,4.206509,0.4906327,7.5024734,0.83318216,5.0588136,0.0,11.497523,-5.4405622,0.9537037,171.72827,1.0,0.0,0.0,0.0,0.0,0,8.803957,2.1806877,8.572898,0.0,3.2767994,16.588087,0.0,2.6154382,0.0,18.781502
2,378,379.0,10.0,1.0,1.0,352.0,1.0,1.0,1.0,0.96801287,1.0,-0.0,0.0,-1.9076937e-05,-0.031968076,0.7601064,4.007015,0.74561435,6.918084,0.91528577,4.7358837,0.0,12.039907,-7.7936306,0.9444444,175.32309,1.0,0.0,0.0,0.0,0.0,0,11.207278,11.511252,21.077707,0.0,4.321734,16.054981,0.0,5.7561812,0.0,19.28728
3,378,379.0,10.0,1.0,1.0,359.0,1.0,1.0,1.0,0.9916832,1.0,-0.0,0.0,-7.572767e-06,-0.008309253,0.30898377,3.867389,0.6352605,5.4739046,0.9291569,5.0246496,0.0,12.428606,-5.5474286,0.9537037,166.8441,1.0,0.0,0.0,0.0,0.0,0,8.331264,0.0,7.363539,0.0,4.272606,19.748701,0.0,3.269347,0.0,23.739983
0,379,380.0,10.0,1.0,1.0,360.0,1.0,1.0,1.0,0.99204427,1.0,-0.0,0.0,-8.265907e-06,-0.007947465,0.48545673,4.056142,0.50640744,5.448384,1.0037951,4.369789,0.0,10.825418,-5.218069,0.9537037,175.01042,1.0,0.0,0.0,0.0,0.0,0,6.6523366,4.734815,9.473405,0.0,3.6796777,14.074079,0.0,6.0412498,0.0,17.41172
1,379,380.0,10.0,1.0,1.0,361.0,1.0,1.0,1.0,0.9617512,1.0,-0.0,0.0,-9.725624e-06,-0.038239084,0.33250004,4.08179,0.60779834,7.2943444,0.83301467,4.9639816,0.0,12.267376,-5.312781,0.9537037,172.02295,1.0,0.0,0.0,0.0,0.0,0,8.289754,0.0,7.2802243,0.0,3.0798001,16.80844,0.0,2.4627306,0.0,18.710835
2,379,380.0,10.0,1.0,1.0,353.0,1.0,1.0,1.0,0.9998273,1.0,-0.0,0.0,-1.6742262e-05,-0.00015593464,0.8084163,4.342308,0.8615831,5.0093555,0.9160121,4.719323,0.0,12.212866,-4.418767,0.9444444,175.89519,1.0,0.0,0.0,0.0,0.0,0,8.470977,0.0,7.9628916,0.0,3.8044653,15.735301,0.0,5.4933357,0.0,19.125013
3,379,380.0,10.0,1.0,1.0,360.0,1.0,1.0,1.0,0.99306154,1.0,-0.0,0.0,-8.3066e-06,-0.006930159,0.3674727,3.8862011,0.6054176,5.415809,0.9291688,4.997777,0.0,11.340727,-5.324791,0.9537037,167.3134,1.0,0.0,0.0,0.0,0.0,0,8.194486,0.0,7.5039215,0.0,3.9766414,20.319557,0.0,3.3606343,0.0,23.966917
0,380,381.0,10.0,1.0,1.0,361.0,1.0,1.0,1.0,0.99766815,1.0,-0.0,0.0,-9.428599e-06,-0.0023224163,0.40140152,3.930119,0.62676114,5.114532,1.0033083,4.3383236,0.0,11.377867,-5.014996,0.9537037,175.29878,1.0,0.0,0.0,0.0,0.0,0,7.53566,0.0,6.918222,0.0,3.56284,14.017245,0.0,6.172582,0.0,17.783197
1,380,381.0,10.0,1.0,1.0,362.0,1.0,1.0,1.0,0.96104497,1.0,-0.0,0.0,-9.363448e-06,-0.038945697,0.39968902,4.136005,0.5174121,7.3367414,0.8322184,4.902883,0.0,11.133069,-6.032723,0.9537037,172.49742,1.0,0.0,0.0,0.0,0.0,0,8.123992,3.1569238,7.812313,0.0,2.4708245,16.699238,0.0,2.4889865,0.0,18.798777
2,380,381.0,10.0,1.0,1.0,354.0,1.0,1.0,1.0,0.9974757,1.0,-0.0,0.0,-1.2899422e-05,-0.0025114322,0.46771467,4.185923,0.89574575,5.1506853,0.91917664,4.6677814,0.0,12.621762,-7.7170105,0.9444444,176.06209,1.0,0.0,0.0,0.0,0.0,0,10.162149,0.0,9.166929,0.0,3.715992,15.511791,0.0,5.3474503,0.0,19.22492
3,380,381.0,10.0,1.0,1.0,361.0,1.0,1.0,1.0,0.9954312,1.0,-0.0,0.0,-9.428913e-06,-0.004559386,0.48675016,3.76781,0.6220717,5.273563,0.92770576,4.971704,0.0,11.899877,-3.790575,0.9537037,167.62093,1.0,0.0,0.0,0.0,0.0,0,8.715533,0.0,7.7716775,0.0,4.385128,19.770662,0.0,3.2946193,0.0,23.7637
0,381,382.0,10.0,1.0,1.0,362.0,1.0,1.0,1.0,0.993826,1.0,-0.0,0.0,-8.692577e-06,-0.0061653024,0.44904536,3.9926832,0.5267168,5.3521123,1.002374,4.292973,0.0,10.601516,-5.688383,0.9537037,175.78214,1.0,0.0,0.0,0.0,0.0,0,6.6819086,3.7645135,8.614179,0.0,3.2228632,14.245899,0.0,5.936921,0.0,17.547617
1,381,382.0,10.0,1.0,1.0,363.0,1.0,1.0,1.0,0.96686494,1.0,-0.0,0.0,-1.2423795e-05,-0.033122648,0.27479494,3.8820252,0.61942804,6.987358,0.83114105,4.805792,0.0,11.900936,-6.131607,0.9537037,172.68408,1.0,0.0,0.0,0.0,0.0,0,8.361895,0.0,7.7169642,0.0,3.6509726,16.88876,0.0,2.2897944,0.0,18.651815
2,381,382.0,10.0,1.0,1.0,355.0,1.0,1.0,1.0,0.9998085,1.0,-0.0,0.0,-1.9902445e-05,-0.00017157293,0.40917546,4.20052,0.9443912,5.010294,0.92063475,4.6652646,0.0,12.862224,-7.5036745,0.9444444,176.3713,1.0,0.0,0.0,0.0,0.0,0,9.350018,0.0,8.542166,0.0,3.6720738,15.624404,0.0,5.5781198,0.0,19.223005
3,381,382.0,10.0,1.0,1.0,362.0,1.0,1.0,1.0,0.98882526,1.0,-0.0,0.0,-6.7796955e-06,-0.011167915,0.4521303,3.7693381,0.63284385,5.6700745,0.93361765,4.8356743,0.0,10.867469,-5.377411,0.9537037,168.05482,1.0,0.0,0.0,0.0,0.0,0,7.323039,1.4766151,7.3140817,0.0,3.0181208,18.645182,0.0,3.5600007,0.0,23.02351
0,382,383.0,10.0,1.0,1.0,363.0,1.0,1.0,1.0,0.9991403,1.0,-0.0,0.0,-1.0888661e-05,-0.0008487431,0.33058003,3.7754316,0.63752353,5.0327454,1.0024239,4.2271843,0.0,11.209939,-5.950491,0.9537037,175.99416,1.0,0.0,0.0,0.0,0.0,0,8.094131,0.0,7.1931496,0.0,3.4407425,14.027342,0.0,5.988024,0.0,17.899632
1,382,383.0,10.0,1.0,1.0,364.0,1.0,1.0,1.0,0.9634946,1.0,-0.0,0.0,-1.1057624e-05,-0.03649431,0.36480203,4.0101147,0.53634447,7.189658,0.83158326,4.7474413,0.0,10.877263,-6.5458183,0.9537037,173.1699,1.0,0.0,0.0,0.0,0.0,0,8.10362,2.5975873,8.623613,0.0,2.450115,16.828442,0.0,2.370564,0.0,18.806358
2,382,383.0,10.0,1.0,1.0,356.0,1.0,1.0,1.0,0.99939525,1.0,-0.0,0.0,-1.4905982e-05,-0.0005898295,0.3536228,4.4255786,0.92353934,5.0353894,0.92065305,4.6183763,0.0,12.547247,-6.4700656,0.9444444,176.96165,1.0,0.0,0.0,0.0,0.0,0,7.7188687,0.0,7.0981197,0.0,3.370638,15.567341,0.0,5.3155427,0.0,19.170223
3,382,383.0,10.0,1.0,1.0,363.0,1.0,1.0,1.0,0.9942387,1.0,-0.0,0.0,-9.872003e-06,-0.005751432,0.095508434,3.6330993,0.667531,5.3450856,0.93072987,4.7688317,0.0,12.403462,-7.243008,0.9537037,168.36404,1.0,0.0,0.0,0.0,0.0,0,8.241043,0.0,7.4588995,0.0,4.279845,19.218653,0.0,3.2123516,0.0,22.438375
0,383,384.0,10.0,1.0,1.0,364.0,1.0,1.0,1.0,0.9910018,1.0,-0.0,0.0,-8.920987e-06,-0.008989289,0.4763171,3.8543355,0.53226924,5.5237412,1.002082,4.1883,0.0,10.321443,-5.852579,0.9537037,176.4407,1.0,0.0,0.0,0.0,0.0,0,6.836796,4.18937,8.269556,0.0,3.7609584,14.339381,0.0,5.836639,0.0,17.59617
1,383,384.0,10.0,1.0,1.0,365.0,1.0,1.0,1.0,0.9699637,1.0,-0.0,0.0,-1.668852e-05,-0.030019606,0.17161854,3.676143,0.63973635,6.801176,0.8298341,4.664593,0.0,11.797838,-7.2624598,0.9537037,173.37035,1.0,0.0,0.0,0.0,0.0,0,8.283386,0.0,7.9659057,0.0,3.5842817,17.01859,0.0,2.2006438,0.0,18.541159
2,383,384.0,10.0,1.0,1.0,357.0,1.0,1.0,1.0,0.999989,1.0,-0.0,0.0,-1.1022906e-05,-0.0,0.40692165,4.2038465,0.9341775,4.9630356,0.9224766,4.548516,1.0,12.713534,-5.9436474,0.9444444,177.10841,1.0,0.0,0.0,0.0,0.0,0,9.701934,0.0,9.172546,0.0,3.3810227,15.667836,0.0,5.353934,0.0,19.28689
3,383,384.0,10.0,1.0,1.0,364.0,1.0,1.0,1.0,0.9936962,1.0,-0.0,0.0,-1.1951559e-05,-0.0062917853,0.21614209,3.6928382,0.6009731,5.3775067,0.92838585,4.758971,0.0,11.03965,-7.0000134,0.9537037,168.78673,1.0,0.0,0.0,0.0,0.0,0,8.526948,0.0,7.8176394,0.0,3.613286,19.486893,0.0,3.3345435,0.0,23.383081
0,384,385.0,10.0,1.0,1.0,365.0,1.0,1.0,1.0,0.9996501,1.0,-0.0,0.0,-1.46082175e-05,-0.00033525284,0.31387395,3.5478163,0.62966156,4.8923326,1.002682,4.104662,0.0,10.778936,-6.5113,0.9537037,176.63312,1.0,0.0,0.0,0.0,0.0,0,8.131482,0.0,7.176547,0.0,3.9934826,14.087183,0.0,5.85865,0.0,17.9296
1,384,385.0,10.0,1.0,1.0,366.0,1.0,1.0,1.0,0.96332675,1.0,-0.0,0.0,-1.3844888e-05,-0.03665942,0.33685118,3.8441076,0.5264873,7.1995645,0.8299796,4.628875,0.0,10.647563,-6.7573256,0.9537037,173.8498,1.0,0.0,0.0,0.0,0.0,0,8.129636,1.1016686,8.657989,0.0,2.0459738,17.0352,0.0,2.3222768,0.0,18.709986
2,384,385.0,10.0,1.0,1.0,358.0,1.0,1.0,1.0,0.99998736,1.0,-0.0,0.0,-1.2634002e-05,-0.0,0.41307694,4.239678,0.8756147,4.967608,0.92280304,4.4768667,1.0,12.209185,-6.2615447,0.9444444,177.57146,1.0,0.0,0.0,0.0,0.0,0,8.066737,0.8422891,7.8947167,0.0,2.9066927,15.5929575,0.0,5.311207,0.0,19.34302
3,384,385.0,10.0,1.0,1.0,365.0,1.0,1.0,1.0,0.9963742,1.0,-0.0,0.0,-1.4331081e-05,-0.0036115053,0.36482626,3.4418929,0.6297738,5.21669,0.92721653,4.7115197,0.0,11.694014,-5.2875943,0.9537037,169.02338,1.0,0.0,0.0,0.0,0.0,0,8.611907,0.0,7.4982386,0.0,4.4707103,19.027952,0.0,3.3271294,0.0,23.257828
0,385,386.0,10.0,1.0,1.0,366.0,1.0,1.0,1.0,0.9896665,1.0,-0.0,0.0,-9.19161e-06,-0.010324315,0.4158545,3.692401,0.5519111,5.597526,1.0029243,4.075569,0.0,10.168928,-6.631649,0.9537037,177.07298,1.0,0.0,0.0,0.0,0.0,0,6.592521,4.117029,8.798636,0.0,3.3695853,14.352174,0.0,5.7521353,0.0,17.603922
1,385,386.0,10.0,1.0,1.0,367.0,1.0,1.0,1.0,0.97170454,1.0,-0.0,0.0,-2.2293376e-05,-0.028273191,0.10121763,3.407612,0.6201817,6.696391,0.82749975,4.5817857,0.0,11.3864155,-8.190806,0.9537037,174.12865,1.0,0.0,0.0,0.0,0.0,0,8.549016,0.0,8.016742,0.0,3.9289215,17.303085,0.0,2.1338658,0.0,18.43943
2,385,386.0,10.0,1.0,1.0,359.0,1.0,1.0,1.0,0.9999892,1.0,-0.0,0.0,-1.07905935e-05,-0.0,0.489879,4.1536183,0.90950376,4.865695,0.9236553,4.3789163,1.0,12.417827,-5.102199,0.9444444,177.89212,1.0,0.0,0.0,0.0,0.0,0,9.677569,0.0,8.82293,0.0,3.6195588,15.741573,0.0,5.0749564,0.0,19.359219
3,385,386.0,10.0,1.0,1.0,366.0,1.0,1.0,1.0,0.9889588,1.0,-0.0,0.0,-9.172064e-06,-0.011032022,0.51060206,3.4780025,0.6630606,5.661921,0.9322757,4.596287,0.0,10.36479,-5.239333,0.9537037,169.33563,1.0,0.0,0.0,0.0,0.0,0,7.5961447,2.0491734,7.1213756,0.0,4.1260786,18.437706,0.0,3.305682,0.0,22.398191
0,386,387.0,10.0,1.0,1.0,367.0,1.0,1.0,1.0,0.9996,1.0,-0.0,0.0,-1.6759961e-05,-0.00038326252,0.062803924,3.333661,0.6597665,4.867304,1.0030661,4.000151,0.0,10.796743,-8.957735,0.9537037,177.30255,1.0,0.0,0.0,0.0,0.0,0,7.8392153,0.0,6.966317,0.0,3.8153923,14.237598,0.0,5.7160206,0.0,18.003765
1,386,387.0,10.0,1.0,1.0,368.0,1.0,1.0,1.0,0.9686808,1.0,-0.0,0.0,-1.7163147e-05,-0.031302016,0.69596696,3.2511036,0.56895006,6.8781204,0.83018225,4.557114,0.0,11.209481,-2.7188723,0.9537037,174.86073,1.0,0.0,0.0,0.0,0.0,0,9.277771,0.0,8.014288,0.0,3.639508,17.363894,0.0,2.3252451,0.0,18.683886
2,386,387.0,10.0,1.0,1.0,360.0,1.0,1.0,1.0,0.9996344,1.0,-0.0,0.0,-9.334677e-06,-0.00035627975,0.43270737,4.1526923,0.82501155,5.021376,0.9240554,4.3068104,0.0,11.778765,-6.4859605,0.9444444,178.32907,1.0,0.0,0.0,0.0,0.0,0,8.753642,1.4176683,8.619014,0.0,2.7773728,15.657483,0.0,5.120525,0.0,19.398436
3,386,387.0,10.0,1.0,1.0,367.0,1.0,1.0,1.0,0.99998105,1.0,-0.0,0.0,-1.8979106e-05,-0.0,0.008554384,3.2080798,0.6734193,4.9587736,0.9321902,4.515869,1.0,11.642951,-8.868753,0.9537037,169.51187,1.0,0.0,0.0,0.0,0.0,0,8.090351,0.0,7.175702,0.0,3.582301,18.58652,0.0,2.9747705,0.0,23.57675
0,387,388.0,10.0,1.0,1.0,368.0,1.0,1.0,1.0,0.9997725,1.0,-0.0,0.0,-1.2304666e-05,-0.00021520536,0.83001405,3.0940664,0.5953393,4.9916635,1.0017216,3.9702928,0.0,10.406959,-2.2823465,0.9537037,178.02974,1.0,0.0,0.0,0.0,0.0,0,7.4429154,2.8562574,9.996547,0.0,3.7664785,14.296246,0.0,5.6456842,0.0,17.58125
1,387,388.0,10.0,1.0,1.0,369.0,1.0,1.0,1.0,0.9632292,1.0,-0.0,0.0,-3.1644344e-05,-0.03673916,0.47130957,3.1375542,0.58929825,7.204349,0.8292566,4.512747,0.0,10.639761,-6.2294407,0.9537037,175.33812,1.0,0.0,0.0,0.0,0.0,0,8.057006,2.9446692,8.719351,0.0,3.2606058,17.559586,0.0,2.1778572,0.0,18.456043
2,387,388.0,10.0,1.0,1.0,361.0,1.0,1.0,1.0,0.9999883,1.0,-0.0,0.0,-1.1705019e-05,-0.0,0.37244633,4.0034165,0.9084643,4.777361,0.9262891,4.2041574,1.0,12.287531,-6.19547,0.9444444,178.6188,1.0,0.0,0.0,0.0,0.0,0,9.039404,0.0,8.415641,0.0,3.482517,15.755385,0.0,4.991078,0.0,19.455008
3,387,388.0,10.0,1.0,1.0,368.0,1.0,1.0,1.0,0.9995483,1.0,-0.0,0.0,-1.48977215e-05,-0.0004367977,0.4963696,2.9440699,0.63684446,5.0262074,0.93338436,4.4505587,0.0,11.641783,-4.386338,0.9537037,170.30597,1.0,0.0,0.0,0.0,0.0,0,9.040083,0.0,7.976667,0.0,3.612556,19.057642,0.0,3.0375378,0.0,23.508814
0,388,389.0,10.0,1.0,1.0,369.0,1.0,1.0,1.0,0.98565364,1.0,-0.0,0.0,-3.6034624e-05,-0.014310278,0.4762888,3.036833,0.58825254,5.8586164,0.99793303,3.8936412,0.0,10.278256,-6.508122,0.9537037,178.4657,1.0,0.0,0.0,0.0,0.0,0,7.253074,2.8265831,8.007819,0.0,3.0994546,14.511658,0.0,5.361772,0.0,17.579376
1,388,389.0,10.0,1.0,1.0,370.0,1.0,1.0,1.0,0.97260517,1.0,-0.0,0.0,-1.7927598e-05,-0.0273769,0.15229228,3.3820093,0.68525267,6.6426134,0.83300537,4.479315,0.0,11.817382,-7.0442533,0.9537037,176.01265,1.0,0.0,0.0,0.0,0.0,0,8.174122,0.0,7.532043,0.0,3.5450006,17.621136,0.0,2.2087193,0.0,18.620144
2,388,389.0,10.0,1.0,1.0,362.0,1.0,1.0,1.0,0.99998957,1.0,-0.0,0.0,-1.0442746e-05,-0.0,0.42956585,4.0760884,0.8192973,4.8900914,0.9270102,4.125398,1.0,11.430683,-6.607215,0.9444444,179.09474,1.0,0.0,0.0,0.0,0.0,0,9.166044,1.0100739,8.5962305,0.0,2.9371812,15.738036,0.0,4.97844,0.0,19.537333
3,388,389.0,10.0,1.0,1.0,369.0,1.0,1.0,1.0,0.99158466,1.0,-0.0,0.0,-1.7656503e-05,-0.008397682,0.5032558,2.9532418,0.6593055,5.5038605,0.93342876,4.392305,0.0,10.361886,-5.2545805,0.9537037,170.70715,1.0,0.0,0.0,0.0,0.0,0,7.9192367,0.37156245,7.343547,0.0,3.5231812,18.458605,0.0,3.1384332,0.0,22.116077
0,389,390.0,10.0,1.0,1.0,370.0,1.0,1.0,1.0,0.9989612,1.0,-0.0,0.0,-2.0193289e-05,-0.0010185556,0.102218986,3.2079506,0.71966106,5.0473475,1.0018353,3.847121,0.0,11.256781,-8.067743,0.9537037,179.11981,1.0,0.0,0.0,0.0,0.0,0,8.013808,0.0,7.188875,0.0,4.065465,14.00162,0.0,5.58881,0.0,17.785524
1,389,390.0,10.0,1.0,1.0,371.0,1.0,1.0,1.0,0.9753049,1.0,-0.0,0.0,-1.5438996e-05,-0.02467968,0.30220672,2.9718547,0.6635673,6.48078,0.8328168,4.457765,0.0,11.723193,-6.6443357,0.9537037,176.89032,1.0,0.0,0.0,0.0,0.0,0,8.981271,0.0,8.528671,0.0,3.056925,17.431297,0.0,2.2597704,0.0,18.354433
2,389,390.0,10.0,1.0,1.0,363.0,1.0,1.0,1.0,0.9999891,1.0,-0.0,0.0,-1.0902088e-05,-0.0,0.39704478,3.8461316,0.87906665,4.550237,0.92790145,4.0241504,1.0,11.797555,-6.191994,0.9444444,179.33212,1.0,0.0,0.0,0.0,0.0,0,9.273195,0.0,8.237232,0.0,3.6918426,15.773937,0.0,4.7214613,0.0,19.461103
3,389,390.0,10.0,1.0,1.0,370.0,1.0,1.0,1.0,0.9999896,1.0,-0.0,0.0,-1.0354029e-05,-0.0,0.398143,2.9821258,0.63842213,4.967293,0.9346445,4.3343515,1.0,11.231752,-5.1971307,0.9537037,171.40335,1.0,0.0,0.0,0.0,0.0,0,8.692126,0.0,7.759243,0.0,4.225806,19.085493,0.0,2.9928777,0.0,23.467777
0,390,391.0,10.0,1.0,1.0,371.0,1.0,1.0,1.0,0.999987,1.0,-0.0,0.0,-1.2974279e-05,-0.0,0.34161472,2.8488224,0.67766255,4.861188,0.99907357,3.833055,1.0,11.00675,-6.692081,0.9537037,179.97543,1.0,0.0,0.0,0.0,0.0,0,8.506383,0.0,7.4621906,0.0,3.6187685,14.342199,0.0,5.545544,0.0,18.00407
1,390,391.0,10.0,1.0,1.0,372.0,1.0,1.0,1.0,0.9679199,1.0,-0.0,0.0,-1.0182781e-05,-0.032069914,0.577569,3.3186593,0.5710501,6.9241943,0.834221,4.3971148,0.0,10.562518,-4.5061803,0.9537037,177.29326,1.0,0.0,0.0,0.0,0.0,0,8.790301,2.5294495,9.573304,0.0,2.838002,17.72518,0.0,2.1558728,0.0,18.439178
2,390,391.0,10.0,1.0,1.0,364.0,1.0,1.0,1.0,0.9999911,1.0,-0.0,0.0,-8.890014e-06,-0.0,0.40293968,3.9302938,0.8341486,4.9567213,0.92877066,3.9586425,1.0,11.199411,-7.2076797,0.9444444,179.7721,1.0,0.0,0.0,0.0,0.0,0,8.626069,0.0,8.318681,0.0,2.6334286,15.828334,0.0,4.8409963,0.0,19.538504
3,390,391.0,10.0,1.0,1.0,371.0,1.0,1.0,1.0,0.99815285,1.0,-0.0,0.0,-1.2285349e-05,-0.0018348591,0.47171825,2.649989,0.62604904,5.110091,0.93634593,4.2988048,0.0,11.163819,-5.4491425,0.9537037,172.22693,1.0,0.0,0.0,0.0,0.0,0,9.767338,0.0,8.549216,0.0,3.9902303,19.344982,0.0,3.1341743,0.0,23.109411
0,391,392.0,10.0,1.0,1.0,372.0,1.0,1.0,1.0,0.99190104,1.0,-0.0,0.0,-7.639241e-06,-0.008091313,0.5736135,3.1546936,0.58239627,5.4854784,0.99993235,3.7498472,0.0,10.124751,-5.041726,0.9537037,180.30746,1.0,0.0,0.0,0.0,0.0,0,7.4481277,6.698665,9.659964,0.0,3.652972,14.540442,0.0,5.222039,0.0,17.383728
1,391,392.0,10.0,1.0,1.0,373.0,1.0,1.0,1.0,0.97401077,1.0,-0.0,0.0,-1.2312988e-05,-0.02597691,0.5797129,2.9700732,0.61556655,6.5586143,0.83565617,4.3878465,0.0,10.822455,-4.5556183,0.9537037,177.88132,1.0,0.0,0.0,0.0,0.0,0,9.262342,0.0,8.298813,0.0,4.0249243,18.019558,0.0,2.2552736,0.0,18.389162
2,391,392.0,10.0,1.0,1.0,365.0,1.0,1.0,1.0,0.9999867,1.0,-0.0,0.0,-1.3288621e-05,-0.0,0.2541151,3.6176794,0.9110899,4.4754677,0.93035716,3.8593106,1.0,11.754046,-7.567438,0.9444444,180.03645,1.0,0.0,0.0,0.0,0.0,0,8.303553,0.0,7.6326065,0.0,3.412415,15.969076,0.0,4.563135,0.0,19.608158
3,391,392.0,10.0,1.0,1.0,372.0,1.0,1.0,1.0,0.9943475,1.0,-0.0,0.0,-6.074886e-06,-0.0056463894,0.43663904,3.0232646,0.6322652,5.338783,0.9374428,4.2884116,0.0,10.475215,-5.9654408,0.9537037,172.60046,1.0,0.0,0.0,0.0,0.0,0,8.181674,0.0,7.413411,0.0,3.6318123,19.33067,0.0,3.1642995,0.0,23.323032
0,392,393.0,10.0,1.0,1.0,373.0,1.0,1.0,1.0,0.99962217,1.0,-0.0,0.0,-1.1174296e-05,-0.00036666731,0.46145618,2.8212247,0.6334983,5.022,0.999856,3.7188218,0.0,10.42734,-5.936985,0.9537037,180.90709,1.0,0.0,0.0,0.0,0.0,0,8.153257,1.0320224,7.6397257,0.0,3.8961778,14.375412,0.0,5.235103,0.0,17.215723
1,392,393.0,10.0,1.0,1.0,374.0,1.0,1.0,1.0,0.9692782,1.0,-0.0,0.0,-1.1450054e-05,-0.03071031,0.4171204,3.1259804,0.5807396,6.842618,0.8380549,4.3749814,0.0,10.66819,-6.5478606,0.9537037,178.16296,1.0,0.0,0.0,0.0,0.0,0,8.345009,1.3936195,8.06514,0.0,3.4333653,18.079432,0.0,2.3222413,0.0,18.507946
2,392,393.0,10.0,1.0,1.0,366.0,1.0,1.0,1.0,0.99999076,1.0,-0.0,0.0,-9.255048e-06,-0.0,0.3396213,3.764148,0.84084284,4.7685037,0.9309206,3.8111396,1.0,11.036974,-7.6799903,0.9444444,180.46684,1.0,0.0,0.0,0.0,0.0,0,10.026903,0.0,9.432898,0.0,3.1280046,15.962914,0.0,4.6950874,0.0,19.559334
3,392,393.0,10.0,1.0,1.0,373.0,1.0,1.0,1.0,0.99770147,1.0,-0.0,0.0,-7.786716e-06,-0.0022907315,0.19187555,2.8199747,0.6398349,5.1374435,0.9398566,4.269934,0.0,11.678585,-8.587453,0.9537037,173.15158,1.0,0.0,0.0,0.0,0.0,0,9.492772,0.0,7.8247643,0.0,4.182509,19.756,0.0,3.2422292,0.0,23.061949
0,393,394.0,10.0,1.0,1.0,374.0,1.0,1.0,1.0,0.9900335,1.0,-0.0,0.0,-8.746068e-06,-0.009957721,0.47316068,2.9406934,0.569068,5.5795918,1.0023828,3.667954,0.0,10.169547,-6.4442353,0.9537037,181.19244,1.0,0.0,0.0,0.0,0.0,0,7.200671,4.755876,9.1284895,0.0,3.5545068,14.314748,0.0,5.196798,0.0,17.182255
1,393,394.0,10.0,1.0,1.0,375.0,1.0,1.0,1.0,0.97551376,1.0,-0.0,0.0,-2.0256763e-05,-0.024465993,0.19007549,2.8453057,0.6413403,6.467959,0.8407445,4.333991,0.0,11.255976,-9.076831,0.9537037,178.78633,1.0,0.0,0.0,0.0,0.0,0,9.432243,0.0,7.85431,0.0,4.050382,19.212946,0.0,2.2333758,0.0,18.348934
2,393,394.0,10.0,1.0,1.0,367.0,1.0,1.0,1.0,0.9999859,1.0,-0.0,0.0,-1.4130179e-05,-0.0,0.20692647,3.4034219,0.89554715,4.3556128,0.93045074,3.730592,1.0,11.433784,-8.136447,0.9444444,180.74136,1.0,0.0,0.0,0.0,0.0,0,9.74805,0.0,8.659973,0.0,3.9255984,16.016602,0.0,4.362127,0.0,19.644596
3,393,394.0,10.0,1.0,1.0,374.0,1.0,1.0,1.0,0.99645764,1.0,-0.0,0.0,-1.0968887e-05,-0.0035314213,0.3496561,2.8289149,0.6166581,5.211885,0.9423845,4.277811,0.0,10.551074,-8.152513,0.9537037,173.44688,1.0,0.0,0.0,0.0,0.0,0,9.1750765,0.0,8.086166,0.0,4.241808,19.653423,0.0,3.3069003,0.0,23.388664
0,394,395.0,10.0,1.0,1.0,375.0,1.0,1.0,1.0,0.99901414,1.0,-0.0,0.0,-1.44543055e-05,-0.0009713578,0.23681186,2.7008638,0.6511634,4.9706016,1.0077709,3.5876834,0.0,10.54753,-9.227268,0.9537037,181.77095,1.0,0.0,0.0,0.0,0.0,0,7.437557,2.053008,6.603418,0.0,4.5775003,14.426189,0.0,4.734834,0.0,16.565567
1,394,395.0,10.0,1.0,1.0,376.0,1.0,1.0,1.0,0.96990585,1.0,-0.0,0.0,-1.1227433e-05,-0.030082913,0.7790096,2.897653,0.5760388,6.804974,0.8400296,4.360643,0.0,10.714413,-4.7495227,0.9537037,179.16905,1.0,0.0,0.0,0.0,0.0,0,9.431601,1.9810838,10.514474,0.0,3.8831048,18.650873,0.0,2.3237612,0.0,18.431484
2,394,395.0,10.0,1.0,1.0,368.0,1.0,1.0,1.0,0.9999899,1.0,-0.0,0.0,-1.0087812e-05,-0.0,0.8200735,3.1123512,0.85904545,4.4040527,0.93096066,3.6544836,1.0,11.345641,-2.84041,0.9444444,181.5115,1.0,0.0,0.0,0.0,0.0,0,10.175753,0.0,9.173818,0.0,3.8690066,15.66128,0.0,4.4553003,0.0,19.711212
3,394,395.0,10.0,1.0,1.0,375.0,1.0,1.0,1.0,0.9992853,1.0,-0.0,0.0,-8.324035e-06,-0.00070636964,0.37588105,2.734258,0.62214637,5.042382,0.94452184,4.2449265,0.0,11.155614,-7.4377394,0.9537037,173.93944,1.0,0.0,0.0,0.0,0.0,0,9.250018,0.0,8.185216,0.0,4.4979467,19.4841,0.0,3.378528,0.0,23.423912
0,395,396.0,10.0,1.0,1.0,376.0,1.0,1.0,1.0,0.9943944,1.0,-0.0,0.0,-9.180612e-06,-0.0055964026,0.68013406,2.7547202,0.6128545,5.292385,1.0057864,3.591173,0.0,10.3772545,-5.8947706,0.9537037,182.14174,1.0,0.0,0.0,0.0,0.0,0,8.267875,3.0756204,10.414394,0.0,3.7702072,14.965036,0.0,5.0466247,0.0,17.464329
1,395,396.0,10.0,1.0,1.0,377.0,1.0,1.0,1.0,0.9632162,1.0,-0.0,0.0,-2.2924589e-05,-0.03676089,0.41747615,2.784572,0.5574451,7.2056527,0.83872646,4.351297,0.0,10.570601,-9.535148,0.9537037,179.72554,1.0,0.0,0.0,0.0,0.0,0,9.65072,5.1665874,5.9668136,0.0,13.382712,19.063696,0.0,2.0659487,0.0,17.68021
2,395,396.0,10.0,1.0,1.0,369.0,1.0,1.0,1.0,0.99997777,1.0,-0.0,0.0,-2.2260338e-05,-0.0,0.5233515,3.168286,0.8667239,4.8578043,0.9313471,3.5688696,1.0,10.843733,-6.2112503,0.9444444,181.87016,1.0,0.0,0.0,0.0,0.0,0,8.203313,0.20699826,8.0089035,0.0,2.4860659,15.820049,0.0,4.40811,0.0,19.451307
3,395,396.0,10.0,1.0,1.0,376.0,1.0,1.0,1.0,0.99810565,1.0,-0.0,0.0,-8.381056e-06,-0.0018859219,0.5726509,2.5555308,0.6011971,5.113155,0.9474357,4.231997,0.0,10.905225,-7.167057,0.9537037,174.52853,1.0,0.0,0.0,0.0,0.0,0,9.448911,0.0,8.516833,0.0,3.7257948,19.403294,0.0,3.4872756,0.0,23.523775
0,396,397.0,10.0,1.0,1.0,377.0,1.0,1.0,1.0,0.98342717,1.0,-0.0,0.0,-1.6607415e-05,-0.016556177,0.46327263,2.6733334,0.55802226,5.9656315,1.0036985,3.561404,0.0,10.153345,-9.705333,0.9537037,182.64651,1.0,0.0,0.0,0.0,0.0,0,8.543948,7.089682,7.554308,0.0,11.210408,16.007742,0.0,4.5934663,0.0,16.25318
1,396,397.0,10.0,1.0,1.0,378.0,1.0,1.0,1.0,0.9700781,1.0,-0.0,0.0,-1.3656512e-05,-0.029908238,0.6304413,3.0645993,0.6072994,6.7944937,0.84098756,4.390522,0.0,10.590446,-7.1589723,0.9537037,179.88245,1.0,0.0,0.0,0.0,0.0,0,9.711107,1.2976544,9.315228,0.0,4.596224,18.44076,0.0,2.5996268,0.0,18.41062
2,396,397.0,10.0,1.0,1.0,370.0,1.0,1.0,1.0,0.99998796,1.0,-0.0,0.0,-1.2015485e-05,-0.0,0.33604652,3.1659625,0.93638635,4.3518367,0.935703,3.481826,1.0,11.527981,-6.606738,0.9444444,182.56871,1.0,0.0,0.0,0.0,0.0,0,8.93261,0.0,8.27,0.0,3.3701115,15.895853,0.0,4.3536386,0.0,19.616135
3,396,397.0,10.0,1.0,1.0,377.0,1.0,1.0,1.0,0.99194425,1.0,-0.0,0.0,-9.661721e-06,-0.0080461055,0.4603457,2.6802726,0.6112926,5.4827657,0.9536703,4.189234,0.0,10.250217,-8.603895,0.9537037,174.8351,1.0,0.0,0.0,0.0,0.0,0,8.23765,1.000413,7.4545984,0.0,4.0461726,18.185343,0.0,3.4808018,0.0,22.581083
0,397,398.0,10.0,1.0,1.0,378.0,1.0,1.0,1.0,0.9927205,1.0,-0.0,0.0,-1.2819898e-05,-0.0072667147,0.58272743,2.889384,0.62474954,5.40539,1.0040817,3.602925,0.0,10.24369,-7.9961343,0.9537037,182.86797,1.0,0.0,0.0,0.0,0.0,0,8.806406,2.2155602,8.869627,0.0,4.2906365,14.812987,0.0,5.0926237,0.0,17.172224
1,397,398.0,10.0,1.0,1.0,379.0,1.0,1.0,1.0,0.971254,1.0,-0.0,0.0,-1.5747519e-05,-0.028730294,0.39441884,2.8340943,0.61094844,6.7238173,0.8415797,4.410625,0.0,11.036582,-10.6953125,0.9537037,180.55745,1.0,0.0,0.0,0.0,0.0,0,10.364333,0.0,8.372953,0.0,4.4997005,18.87431,0.0,2.347544,0.0,18.392845
2,397,398.0,10.0,1.0,1.0,371.0,1.0,1.0,1.0,0.99999195,1.0,-0.0,0.0,-8.053671e-06,-0.0,0.4714638,2.9389052,0.9146139,4.4313436,0.93626493,3.407745,1.0,11.666618,-5.9037676,0.9444444,183.34981,1.0,0.0,0.0,0.0,0.0,0,10.015508,0.0,9.190269,0.0,3.5077226,15.931285,0.0,4.2185783,0.0,19.603348
3,397,398.0,10.0,1.0,1.0,378.0,1.0,1.0,1.0,0.999989,1.0,-0.0,0.0,-1.10183155e-05,-0.0,0.41727126,2.7770598,0.6296163,4.9032025,0.96165985,4.15056,1.0,10.534219,-9.948298,0.9537037,175.17516,1.0,0.0,0.0,0.0,0.0,0,9.652966,0.0,8.947902,0.0,4.150921,21.427011,0.0,3.3339324,0.0,23.578121
0,398,399.0,10.0,1.0,1.0,379.0,1.0,1.0,1.0,0.98802686,1.0,-0.0,0.0,-1.47192795e-05,-0.011958415,0.53349584,2.6801693,0.60986507,5.6750436,1.0056614,3.6263137,0.0,10.432224,-10.316014,0.9537037,183.52731,1.0,0.0,0.0,0.0,0.0,0,9.086942,2.8832,11.503445,0.0,3.2012727,15.407544,0.0,5.09045,0.0,16.744026
1,398,399.0,10.0,1.0,1.0,380.0,1.0,1.0,1.0,0.9692831,1.0,-0.0,0.0,-1.4168045e-05,-0.030702682,0.39486623,3.018211,0.5725554,6.84216,0.8453479,4.3896303,0.0,10.961655,-10.370842,0.9537037,180.83083,1.0,0.0,0.0,0.0,0.0,0,10.104592,0.0,9.01846,0.0,4.060228,18.135359,0.0,2.5843964,0.0,18.473532
2,398,399.0,10.0,1.0,1.0,372.0,1.0,1.0,1.0,0.9999937,1.0,-0.0,0.0,-6.3323205e-06,-0.0,0.2986826,3.2759845,0.9058719,4.377128,0.9377134,3.34889,1.0,11.183857,-7.2515283,0.9444444,183.68713,1.0,0.0,0.0,0.0,0.0,0,8.004711,0.0,7.7836475,0.0,2.623158,16.099922,0.0,4.1313157,0.0,19.497618
3,398,399.0,10.0,1.0,1.0,379.0,1.0,1.0,1.0,0.9989505,1.0,-0.0,0.0,-7.4098725e-06,-0.0010421161,0.5180769,2.6490238,0.6101632,5.0625267,0.9643821,4.1229305,0.0,10.650076,-9.010947,0.9537037,175.7358,1.0,0.0,0.0,0.0,0.0,0,9.864026,0.0,8.761513,0.0,4.1503844,20.876984,0.0,3.4322183,0.0,24.183016
0,399,400.0,10.0,1.0,1.0,380.0,1.0,1.0,1.0,0.9928661,1.0,-0.0,0.0,-1.0009254e-05,-0.007123888,0.42118356,2.935876,0.64535004,5.3659916,1.0081922,3.6512692,0.0,10.532314,-10.729611,0.9537037,183.77315,1.0,0.0,0.0,0.0,0.0,0,8.54754,1.4079387,8.696573,0.0,3.5927603,15.041976,0.0,5.1156454,0.0,17.045761
1,399,400.0,10.0,1.0,1.0,381.0,1.0,1.0,1.0,0.97258025,1.0,-0.0,0.0,-7.5102207e-06,-0.02741226,0.21542609,3.1846113,0.64346623,6.644735,0.8461912,4.3924828,0.0,11.48398,-10.309504,0.9537037,181.16039,1.0,0.0,0.0,0.0,0.0,0,9.468854,0.0,8.448465,0.0,4.089065,18.221016,0.0,2.5386386,0.0,18.419855
2,399,400.0,10.0,1.0,1.0,373.0,1.0,1.0,1.0,0.9999926,1.0,-0.0,0.0,-7.382712e-06,-0.0,0.2579786,3.0381424,0.9639801,4.498151,0.9397513,3.2889826,1.0,11.809407,-7.353044,0.9444444,184.25095,1.0,0.0,0.0,0.0,0.0,0,9.090296,0.0,8.251645,0.0,3.4432485,16.041294,0.0,4.09445,0.0,19.483883
3,399,400.0,10.0,1.0,1.0,380.0,1.0,1.0,1.0,0.999353,1.0,-0.0,0.0,-7.913738e-06,-0.00063905667,0.4619602,2.7645867,0.5976005,5.038343,0.9675387,4.072494,0.0,10.6911335,-8.251741,0.9537037,176.09625,1.0,0.0,0.0,0.0,0.0,0,9.187527,0.0,8.234871,0.0,4.039214,19.657885,0.0,3.326856,0.0,23.736238
0,400,401.0,10.0,1.0,1.0,381.0,1.0,1.0,1.0,0.9932203,1.0,-0.0,0.0,-7.861095e-06,-0.0067717773,0.3580991,3.011918,0.65280604,5.331592,1.0099618,3.6885977,0.0,10.636968,-9.89281,0.9537037,184.18167,1.0,0.0,0.0,0.0,0.0,0,8.479384,1.6946236,8.68714,0.0,3.5373764,14.775306,0.0,5.1081157,0.0,17.090181
1,400,401.0,10.0,1.0,1.0,382.0,1.0,1.0,1.0,0.9724525,1.0,-0.0,0.0,-1.1573923e-05,-0.027535936,0.34009403,3.0832374,0.66118556,6.652156,0.84934056,4.3620787,0.0,11.896614,-8.257753,0.9537037,181.62903,1.0,0.0,0.0,0.0,0.0,0,10.640741,0.0,9.449227,0.0,4.301831,17.71002,0.0,2.550711,0.0,18.426882
2,400,401.0,10.0,1.0,1.0,374.0,1.0,1.0,1.0,0.99999344,1.0,-0.0,0.0,-6.5282534e-06,-0.0,0.42393208,3.0626972,0.879626,4.255793,0.9424276,3.2250528,1.0,10.968926,-6.696155,0.9444444,184.54593,1.0,0.0,0.0,0.0,0.0,0,10.560569,0.0,9.713218,0.0,3.3381367,16.033548,0.0,4.0561466,0.0,19.450115
3,400,401.0,10.0,1.0,1.0,381.0,1.0,1.0,1.0,0.9999928,1.0,-0.0,0.0,-7.2369653e-06,-0.0,0.49953794,2.92131,0.6027676,4.979572,0.9704583,4.068263,1.0,10.672395,-7.2226005,0.9537037,176.45802,1.0,0.0,0.0,0.0,0.0,0,9.167576,0.0,8.239816,0.0,4.0456004,19.32625,0.0,3.3625362,0.0,23.714731
0,401,402.0,10.0,1.0,1.0,382.0,1.0,1.0,1.0,0.994219,1.0,-0.0,0.0,-9.254923e-06,-0.005771746,0.36095047,2.9502473,0.66537315,5.2322755,1.0152038,3.667954,0.0,11.041879,-8.393927,0.9537037,184.62029,1.0,0.0,0.0,0.0,0.0,0,9.288333,1.2916332,9.685496,0.0,4.0271106,14.333138,0.0,5.0096774,0.0,16.97241
1,401,402.0,10.0,1.0,1.0,383.0,1.0,1.0,1.0,0.9741365,1.0,-0.0,0.0,-1.0052973e-05,-0.02585346,0.51069075,3.279322,0.6056701,6.551207,0.85138905,4.3224144,0.0,11.158333,-6.668048,0.9537037,182.14267,1.0,0.0,0.0,0.0,0.0,0,9.973974,0.0,8.986485,0.0,4.169102,17.703972,0.0,2.4970362,0.0,18.335552
2,401,402.0,10.0,1.0,1.0,375.0,1.0,1.0,1.0,0.9999917,1.0,-0.0,0.0,-8.276076e-06,-0.0,0.3599584,2.9184241,0.94112337,4.282749,0.94488096,3.1618109,1.0,11.450775,-8.1465225,0.9444444,185.06241,1.0,0.0,0.0,0.0,0.0,0,8.95029,0.0,8.207889,0.0,3.436157,16.200216,0.0,3.8263686,0.0,19.270355
3,401,402.0,10.0,1.0,1.0,382.0,1.0,1.0,1.0,0.997697,1.0,-0.0,0.0,-7.2154644e-06,-0.0022958114,0.5663678,2.7634706,0.5944134,5.1377482,0.97932714,3.9326515,0.0,10.855942,-5.9922895,0.9537037,176.99686,1.0,0.0,0.0,0.0,0.0,0,9.139143,0.5266283,8.440207,0.0,3.8698747,18.93329,0.0,3.3597496,0.0,22.063478
0,402,403.0,10.0,1.0,1.0,383.0,1.0,1.0,1.0,0.9942743,1.0,-0.0,0.0,-8.851533e-06,-0.005716799,0.2948627,3.2079403,0.6620628,5.2040677,1.0185252,3.666246,0.0,10.884428,-8.846758,0.9537037,185.06538,1.0,0.0,0.0,0.0,0.0,0,8.38541,2.5325122,7.854485,0.0,3.660256,14.370327,0.0,5.0523276,0.0,17.06351
1,402,403.0,10.0,1.0,1.0,384.0,1.0,1.0,1.0,0.9776454,1.0,-0.0,0.0,-8.036596e-06,-0.022346579,0.5171057,3.2418444,0.67958534,6.340794,0.8546519,4.258919,0.0,11.779469,-5.779421,0.9537037,182.58157,1.0,0.0,0.0,0.0,0.0,0,10.279624,0.0,9.536867,0.0,4.0293636,17.800447,0.0,2.3736963,0.0,18.399742
2,402,403.0,10.0,1.0,1.0,376.0,1.0,1.0,1.0,0.99999315,1.0,-0.0,0.0,-6.8314953e-06,-0.0,0.61645436,2.803557,0.9096298,4.236065,0.9474599,3.1199412,1.0,11.3582535,-6.4610343,0.9444444,185.5964,1.0,0.0,0.0,0.0,0.0,0,9.921166,0.0,9.024893,0.0,3.612662,16.309774,0.0,3.9446783,0.0,19.467966
3,402,403.0,10.0,1.0,1.0,383.0,1.0,1.0,1.0,0.99653244,1.0,-0.0,0.0,-6.266326e-06,-0.0034612908,0.47375524,3.0447092,0.59052813,5.207677,0.9898121,3.8160663,0.0,10.649078,-6.4673767,0.9537037,177.43254,1.0,0.0,0.0,0.0,0.0,0,8.887337,0.19404066,8.126514,0.0,3.8436215,18.269655,0.0,3.6384773,0.0,22.73427
0,403,404.0,10.0,1.0,1.0,384.0,1.0,1.0,1.0,0.995823,1.0,-0.0,0.0,-7.899804e-06,-0.0041690394,0.47367626,3.2079964,0.704892,5.0634546,1.0248916,3.5881197,0.0,11.172247,-6.957395,0.9537037,185.47818,1.0,0.0,0.0,0.0,0.0,0,9.411778,0.129511,7.983524,0.0,4.809568,12.977792,0.0,4.6339455,0.0,16.26773
1,403,404.0,10.0,1.0,1.0,385.0,1.0,1.0,1.0,0.9769629,1.0,-0.0,0.0,-9.354992e-06,-0.023027748,0.51715446,3.450909,0.6298448,6.3816643,0.85857475,4.189234,0.0,11.191408,-7.869997,0.9537037,183.1872,1.0,0.0,0.0,0.0,0.0,0,9.979125,0.12086246,8.869888,0.0,3.837948,17.352934,0.0,2.3843706,0.0,18.36355
2,403,404.0,10.0,1.0,1.0,377.0,1.0,1.0,1.0,0.99998945,1.0,-0.0,0.0,-1.0579426e-05,-0.0,0.5245179,2.8850317,0.8668737,4.3440943,0.949123,3.0851238,1.0,10.644402,-9.014508,0.9444444,185.96068,1.0,0.0,0.0,0.0,0.0,0,10.124733,0.0,8.985248,0.0,3.8514593,16.568764,0.0,3.8122442,0.0,19.283142
3,403,404.0,10.0,1.0,1.0,384.0,1.0,1.0,1.0,0.9991482,1.0,-0.0,0.0,-5.81809e-06,-0.0008459972,0.3794905,3.0466983,0.6213165,5.0507593,0.98794895,3.7886844,0.0,11.777293,-6.9476786,0.9537037,177.81451,1.0,0.0,0.0,0.0,0.0,0,9.713985,0.0,9.047322,0.0,3.4800856,21.10401,0.0,3.3363888,0.0,23.65646
0,404,405.0,10.0,1.0,1.0,385.0,1.0,1.0,1.0,0.9920234,1.0,-0.0,0.0,-7.893362e-06,-0.007968699,0.4756745,3.4284427,0.64350253,5.2694044,1.0278289,3.5367005,0.0,10.800644,-7.878879,0.9537037,186.07475,1.0,0.0,0.0,0.0,0.0,0,8.672198,3.2774258,9.474947,0.0,3.8052757,14.289894,0.0,4.867714,0.0,17.146248
1,404,405.0,10.0,1.0,1.0,386.0,1.0,1.0,1.0,0.9808452,1.0,-0.0,0.0,-7.8420735e-06,-0.019146906,0.5959667,3.4309096,0.7528089,6.1488137,0.861713,4.120271,0.0,12.197875,-7.2078013,0.9537037,183.59196,1.0,0.0,0.0,0.0,0.0,0,9.90204,0.0,9.096652,0.0,4.032493,17.569374,0.0,2.3450978,0.0,18.363863
2,404,405.0,10.0,1.0,1.0,378.0,1.0,1.0,1.0,0.99999094,1.0,-0.0,0.0,-9.073229e-06,-0.0,0.54400563,2.99063,0.9386331,3.8359134,0.9547682,3.0506783,1.0,10.788591,-8.040672,0.9444444,186.2923,1.0,0.0,0.0,0.0,0.0,0,10.439956,0.0,9.605579,0.0,4.0120063,16.351376,0.0,4.1477118,0.0,19.419672
3,404,405.0,10.0,1.0,1.0,385.0,1.0,1.0,1.0,0.99998903,1.0,-0.0,0.0,-1.0950911e-05,-0.0,0.36898887,3.2928734,0.6096591,4.843116,0.9872662,3.8088796,1.0,11.258966,-6.9012203,0.9537037,178.39789,1.0,0.0,0.0,0.0,0.0,0,9.560223,0.0,8.602217,0.0,4.0805154,20.344667,0.0,3.3739917,0.0,23.911774
0,405,406.0,10.0,1.0,1.0,386.0,1.0,1.0,1.0,0.9964336,1.0,-0.0,0.0,-8.676548e-06,-0.0035576522,0.53310806,3.3479717,0.7408769,4.997777,1.0284612,3.5218396,0.0,11.447558,-6.74985,0.9537037,186.51875,1.0,0.0,0.0,0.0,0.0,0,9.9080515,0.0,8.622615,0.0,4.6921644,13.972789,0.0,4.655923,0.0,17.672148
1,405,406.0,10.0,1.0,1.0,387.0,1.0,1.0,1.0,0.9800153,1.0,-0.0,0.0,-9.106233e-06,-0.019975586,0.6356161,3.6679063,0.66869587,6.1985345,0.86547685,4.0369697,0.0,11.221509,-8.66799,0.9537037,184.25508,1.0,0.0,0.0,0.0,0.0,0,10.212677,0.0,9.157666,0.0,4.0539665,17.046251,0.0,2.3749306,0.0,18.419634
2,405,406.0,10.0,1.0,1.0,379.0,1.0,1.0,1.0,0.9999931,1.0,-0.0,0.0,-6.940467e-06,-0.0,0.67949367,2.8741333,0.9088142,3.9925113,0.955981,3.0246515,1.0,10.862505,-8.64646,0.9444444,186.84488,1.0,0.0,0.0,0.0,0.0,0,9.849336,0.23119263,9.214351,0.0,3.6257913,16.413023,0.0,4.082353,0.0,19.298145
3,405,406.0,10.0,1.0,1.0,386.0,1.0,1.0,1.0,0.9999915,1.0,-0.0,0.0,-8.5301535e-06,-0.0,0.5289603,3.2974243,0.67546797,4.974538,0.986592,3.783101,1.0,12.348394,-5.5573864,0.9537037,178.76324,1.0,0.0,0.0,0.0,0.0,0,10.4918585,0.0,8.919697,0.0,4.4616995,20.245516,0.0,3.2737691,0.0,23.754774
0,406,407.0,10.0,1.0,1.0,387.0,1.0,1.0,1.0,0.9927631,1.0,-0.0,0.0,-9.063162e-06,-0.007227813,0.54259485,3.651505,0.66149306,5.1960874,1.0316775,3.4502068,0.0,10.966682,-9.840347,0.9537037,187.14743,1.0,0.0,0.0,0.0,0.0,0,8.619675,3.4857128,10.195975,0.0,3.694882,14.247943,0.0,4.7590437,0.0,17.102016
1,406,407.0,10.0,1.0,1.0,388.0,1.0,1.0,1.0,0.9865187,1.0,-0.0,0.0,-9.934299e-06,-0.013471339,0.7330097,3.5559144,0.7796973,5.80828,0.8680744,3.9570606,0.0,12.153704,-6.3227415,0.9537037,184.6789,1.0,0.0,0.0,0.0,0.0,0,10.152071,0.0,9.031304,0.0,4.6540213,17.214083,0.0,2.233935,0.0,18.405605
2,406,407.0,10.0,1.0,1.0,380.0,1.0,1.0,1.0,0.99999076,1.0,-0.0,0.0,-9.252916e-06,-0.0,0.51725733,2.9751008,0.91189176,4.040846,0.9589291,2.9826941,1.0,11.01444,-9.77697,0.9444444,187.22693,1.0,0.0,0.0,0.0,0.0,0,9.299783,0.0,8.532837,0.0,3.4714928,16.387478,0.0,4.0522614,0.0,19.336252
3,406,407.0,10.0,1.0,1.0,387.0,1.0,1.0,1.0,0.9999918,1.0,-0.0,0.0,-8.241173e-06,-0.0,0.54735094,3.4941554,0.6232993,4.7533746,0.98639774,3.750682,1.0,11.065462,-8.625784,0.9537037,179.42801,1.0,0.0,0.0,0.0,0.0,0,9.55623,0.0,8.615073,0.0,3.8056808,20.034084,0.0,3.3277357,0.0,23.67316
0,407,408.0,10.0,1.0,1.0,388.0,1.0,1.0,1.0,0.9911056,1.0,-0.0,0.0,-9.458337e-06,-0.008884917,0.67930967,3.4336958,0.6154983,5.270741,1.0349804,3.2989638,0.0,11.469544,-7.9416876,0.9537037,187.51654,1.0,0.0,0.0,0.0,0.0,0,10.800984,0.0,9.066276,0.0,4.1951637,13.844299,0.0,4.405154,0.0,17.700891
1,407,408.0,10.0,1.0,1.0,389.0,1.0,1.0,1.0,0.9830793,1.0,-0.0,0.0,-9.849697e-06,-0.016910871,0.8838162,3.8098705,0.70507187,6.014652,0.8705997,3.9238832,0.0,11.35775,-4.9476156,0.9537037,185.01805,1.0,0.0,0.0,0.0,0.0,0,10.061458,0.0,8.866323,0.0,3.898489,16.915289,0.0,2.3255944,0.0,18.387201
2,407,408.0,10.0,1.0,1.0,381.0,1.0,1.0,1.0,0.9999916,1.0,-0.0,0.0,-8.401391e-06,-0.0,0.48501045,3.099721,0.91765046,4.045493,0.96273804,2.9420016,1.0,11.143199,-8.989939,0.9444444,187.60477,1.0,0.0,0.0,0.0,0.0,0,9.27292,0.0,8.504176,0.0,3.351889,16.318382,0.0,4.1297984,0.0,19.305042
3,407,408.0,10.0,1.0,1.0,388.0,1.0,1.0,1.0,0.99999106,1.0,-0.0,0.0,-8.9687555e-06,-0.0,0.72597337,3.399374,0.7083992,4.3681765,0.98433673,3.7373004,1.0,11.894393,-6.5690317,0.9537037,179.88733,1.0,0.0,0.0,0.0,0.0,0,10.380152,0.0,9.560237,0.0,4.8577347,20.234861,0.0,3.310139,0.0,23.633415
0,408,409.0,10.0,1.0,1.0,389.0,1.0,1.0,1.0,0.9897624,1.0,-0.0,0.0,-9.8606315e-06,-0.010227757,0.8100145,3.756715,0.56965375,5.351673,1.0349323,3.311752,0.0,10.924723,-7.31113,0.9537037,187.93863,1.0,0.0,0.0,0.0,0.0,0,9.021081,3.4049783,9.068977,0.0,3.733721,14.220209,0.0,4.696692,0.0,17.225405
1,408,409.0,10.0,1.0,1.0,390.0,1.0,1.0,1.0,0.97747815,1.0,-0.0,0.0,-1.0716112e-05,-0.022511115,0.8401718,3.889836,0.77555,6.3506665,0.86175233,3.991727,0.0,10.775539,-4.5296483,0.9537037,185.86023,1.0,0.0,0.0,0.0,0.0,0,11.988758,3.4766889,13.52322,0.0,5.164285,17.102789,0.0,2.3548682,0.0,18.218422
2,408,409.0,10.0,1.0,1.0,382.0,1.0,1.0,1.0,0.99999267,1.0,-0.0,0.0,-7.327958e-06,-0.0,0.6062604,2.979433,0.93954355,3.9378238,0.9665667,2.889653,1.0,11.3097725,-6.2346525,0.9444444,188.11829,1.0,0.0,0.0,0.0,0.0,0,10.461239,0.0,9.354595,0.0,4.464958,16.37952,0.0,3.9025018,0.0,19.153736
3,408,409.0,10.0,1.0,1.0,389.0,1.0,1.0,1.0,0.99999183,1.0,-0.0,0.0,-8.136883e-06,-0.0,0.8956492,3.6570528,0.6764229,4.578025,0.9859752,3.71208,1.0,10.930576,-5.1700854,0.9537037,180.22829,1.0,0.0,0.0,0.0,0.0,0,10.415592,0.0,9.857604,0.0,4.0143833,20.080084,0.0,3.3030782,0.0,23.462093
0,409,410.0,10.0,1.0,1.0,389.0,0.0,0.0,1.0,-0.17007191,0.0,-0.10848101,0.0,-1.3315079e-05,-0.061577585,1.1084809,3.5546582,0.46369407,8.6091385,1.011402,3.5723774,0.0,11.104646,-5.2840114,0.9537037,188.70705,1.0,0.0,0.0,0.0,0.0,0,10.549507,10.832046,18.233725,0.0,5.9824934,14.116951,0.0,4.6042404,0.0,16.90849
1,409,410.0,10.0,1.0,1.0,391.0,1.0,1.0,1.0,0.98038673,1.0,-0.0,0.0,-1.1008093e-05,-0.019602237,0.7593181,3.9145973,0.77149004,6.1761336,0.8697943,3.883777,0.0,11.112676,-5.037517,0.9537037,186.47305,1.0,0.0,0.0,0.0,0.0,0,10.444998,0.0,9.223552,0.0,4.1103473,17.300518,0.0,2.4030638,0.0,18.35295
2,409,410.0,10.0,1.0,1.0,383.0,1.0,1.0,1.0,0.99999195,1.0,-0.0,0.0,-8.044194e-06,-0.0,0.5170602,3.2317884,0.92911935,3.926675,0.9703077,2.851477,1.0,11.132061,-6.9800897,0.9444444,188.57512,1.0,0.0,0.0,0.0,0.0,0,9.019643,0.0,8.425401,0.0,3.6707816,16.080574,0.0,3.9583843,0.0,19.149864
3,409,410.0,10.0,1.0,1.0,390.0,1.0,1.0,1.0,0.99999,1.0,-0.0,0.0,-1.0012307e-05,-0.0,0.7806886,3.7825723,0.80710185,4.64879,0.9909095,3.6139886,1.0,10.366423,-5.310388,0.9537037,181.12044,1.0,0.0,0.0,0.0,0.0,0,10.1047945,0.19166525,9.53705,0.0,4.358801,19.26875,0.0,3.2858117,0.0,22.108313
0,410,411.0,10.0,1.0,1.0,389.0,0.0,0.0,1.0,-0.047355965,0.0,-0.012241863,0.0,-1.9323288e-05,-0.03509478,1.0122418,3.8126402,0.5290033,6.989263,1.0155231,3.5585454,0.0,10.929262,-5.5262446,0.9537037,188.96747,1.0,0.0,0.0,0.0,0.0,0,8.582127,0.0,7.603655,0.0,3.8808546,13.942236,0.0,4.375961,0.0,17.614843
1,410,411.0,10.0,1.0,1.0,392.0,1.0,1.0,1.0,0.99456346,1.0,-0.0,0.0,-1.2870838e-05,-0.0054236897,0.50558037,4.065019,0.8804611,5.325421,0.86809343,3.951913,0.0,11.686581,-4.7802963,0.9537037,187.19579,1.0,0.0,0.0,0.0,0.0,0,9.983306,0.0,9.87786,0.0,4.066392,18.606302,0.0,2.656307,0.0,18.461508
2,410,411.0,10.0,1.0,1.0,384.0,1.0,1.0,1.0,0.9999929,1.0,-0.0,0.0,-7.0748642e-06,-0.0,0.5838953,3.1659048,0.9716325,3.8342803,0.9739823,2.7893085,1.0,11.496238,-5.639484,0.9444444,189.03316,1.0,0.0,0.0,0.0,0.0,0,10.929554,0.0,9.954538,0.0,4.2261066,16.121561,0.0,3.6464555,0.0,18.976423
3,410,411.0,10.0,1.0,1.0,391.0,1.0,1.0,1.0,0.9999903,1.0,-0.0,0.0,-9.724147e-06,-0.0,0.7241171,3.7804701,0.7911091,4.628875,0.9892043,3.54775,1.0,10.584945,-4.9466333,0.9537037,181.73427,1.0,0.0,0.0,0.0,0.0,0,10.359471,0.0,9.841015,0.0,4.0637093,21.411448,0.0,3.2621973,0.0,23.783554
0,411,412.0,10.0,1.0,1.0,390.0,1.0,1.0,1.0,0.98479515,1.0,-0.0,0.0,-2.4659257e-05,-0.015180176,0.685418,3.779322,0.56448036,5.7846403,1.0168227,3.6803114,0.0,10.531567,-7.296345,0.9537037,189.00723,1.0,0.0,0.0,0.0,0.0,0,11.211596,0.0,10.041064,0.0,4.830486,14.815889,0.0,4.488118,0.0,17.847677
1,411,412.0,10.0,1.0,1.0,393.0,1.0,1.0,1.0,0.99143654,1.0,-0.0,0.0,-1.4134126e-05,-0.008549305,0.68045187,3.8609867,0.8680677,5.512958,0.8753859,3.7849631,0.0,12.288285,-2.4225976,0.9537037,187.6386,1.0,0.0,0.0,0.0,0.0,0,11.278394,0.0,10.436701,0.0,2.6536725,16.67647,0.0,2.4001517,0.0,18.363518
2,411,412.0,10.0,1.0,1.0,385.0,1.0,1.0,1.0,0.9999925,1.0,-0.0,0.0,-7.524711e-06,-0.0,0.60557276,3.4403107,0.93495184,3.8166814,0.9774607,2.737758,1.0,11.087291,-7.676151,0.9444444,189.61183,1.0,0.0,0.0,0.0,0.0,0,9.123754,2.1040218,9.041604,0.0,3.6935644,15.960898,0.0,3.6639485,0.0,18.903824
3,411,412.0,10.0,1.0,1.0,392.0,1.0,1.0,1.0,0.9999849,1.0,-0.0,0.0,-1.506089e-05,-0.0,0.5527273,3.8510404,0.81099504,3.858499,0.9763806,3.7615194,1.0,11.284371,-3.9857485,0.9537037,182.40788,1.0,0.0,0.0,0.0,0.0,0,9.836196,0.0,8.370073,0.0,6.0239825,21.532143,0.0,3.2715836,0.0,23.076454
0,412,413.0,10.0,1.0,1.0,391.0,1.0,1.0,1.0,0.9611915,1.0,-0.0,0.0,-1.2579425e-05,-0.038795933,0.9824306,3.8203597,0.6193247,7.3073254,1.002724,4.0553503,0.0,10.847726,-4.1386747,0.9537037,189.78496,1.0,0.0,0.0,0.0,0.0,0,11.407136,2.0351548,13.186506,0.0,4.478012,14.35089,0.0,4.59149,0.0,16.99814
1,412,413.0,10.0,1.0,1.0,394.0,1.0,1.0,1.0,0.9851608,1.0,-0.0,0.0,-1.1259097e-05,-0.014827928,0.7369045,3.9309974,0.79600036,5.889675,0.8757768,3.6962297,0.0,11.373676,-3.2753003,0.9537037,188.39041,1.0,0.0,0.0,0.0,0.0,0,10.963069,0.0,9.601359,0.0,4.879698,16.593388,0.0,2.3345907,0.0,18.355253
2,412,413.0,10.0,1.0,1.0,386.0,1.0,1.0,1.0,0.99999154,1.0,-0.0,0.0,-8.481474e-06,-0.0,0.71227366,3.3276603,0.97726965,3.7360437,0.9814919,2.6691372,1.0,11.518236,-6.720533,0.9444444,190.08385,1.0,0.0,0.0,0.0,0.0,0,11.368614,0.0,10.323411,0.0,4.510393,15.899922,0.0,3.2900496,0.0,18.870033
3,412,413.0,10.0,1.0,1.0,393.0,1.0,1.0,1.0,0.9999867,1.0,-0.0,0.0,-1.3299953e-05,-0.0,0.68038255,3.7466838,0.8083592,4.2065773,0.9725227,3.678822,1.0,12.407707,-1.2505836,0.9537037,182.82074,1.0,0.0,0.0,0.0,0.0,0,10.499576,0.0,9.833608,0.0,4.924861,21.130503,0.0,3.0123203,0.0,23.10522
0,413,414.0,10.0,1.0,1.0,392.0,1.0,1.0,1.0,0.97558665,1.0,-0.0,0.0,-2.2050033e-05,-0.02439131,0.7239677,3.8978906,0.7142652,6.463478,0.99803257,4.194837,0.0,10.933728,-4.5173492,0.9537037,190.53589,1.0,0.0,0.0,0.0,0.0,0,10.179127,0.0,7.7672915,0.0,7.4684024,16.122803,0.0,4.59528,0.0,18.285316
1,413,414.0,10.0,1.0,1.0,395.0,1.0,1.0,1.0,0.9941222,1.0,-0.0,0.0,-1.41287655e-05,-0.0058636675,0.6505556,3.9188747,0.8898934,5.3518195,0.8591703,3.890423,0.0,11.494902,-3.6262376,0.9537037,189.17331,1.0,0.0,0.0,0.0,0.0,0,9.98092,0.0,9.255702,0.0,4.9036913,17.580233,0.0,2.486729,0.0,18.545656
2,413,414.0,10.0,1.0,1.0,387.0,1.0,1.0,1.0,0.99999136,1.0,-0.0,0.0,-8.663427e-06,-0.0,0.6986987,3.6541398,0.9420754,3.921089,0.98404574,2.6209,1.0,11.118574,-8.767678,0.9444444,190.7277,1.0,0.0,0.0,0.0,0.0,0,9.238479,2.4129066,9.407098,0.0,3.604926,15.903922,0.0,3.348018,0.0,18.725498
3,413,414.0,10.0,1.0,1.0,394.0,1.0,1.0,1.0,0.9999899,1.0,-0.0,0.0,-1.0074683e-05,-0.0,0.611385,3.7908309,0.75134283,4.0332837,0.97291946,3.57413,1.0,11.712364,-2.5835102,0.9537037,183.53041,1.0,0.0,0.0,0.0,0.0,0,9.288274,0.0,8.067685,0.0,4.0559444,20.242392,0.0,2.9589877,0.0,23.07347
0,414,415.0,10.0,1.0,1.0,393.0,1.0,1.0,1.0,0.9967881,1.0,-0.0,0.0,-2.0144373e-05,-0.00319176,0.5749848,3.8093622,0.83102983,5.1766133,1.0019855,4.2918787,0.0,11.698309,-3.6769924,0.9537037,190.99854,1.0,0.0,0.0,0.0,0.0,0,9.891089,0.0,8.332207,0.0,6.159682,14.736507,0.0,4.6171427,0.0,18.204786
1,414,415.0,10.0,1.0,1.0,396.0,1.0,1.0,1.0,0.99434334,1.0,-0.0,0.0,-1.2725373e-05,-0.005643949,0.7294171,3.948542,0.87142473,5.3386364,0.8679199,3.7354145,0.0,12.100595,-2.361658,0.9537037,189.36848,1.0,0.0,0.0,0.0,0.0,0,9.481043,0.0,8.273012,0.0,4.6176596,16.158123,0.0,2.2847376,0.0,18.28697
2,414,415.0,10.0,1.0,1.0,388.0,1.0,1.0,1.0,0.9981273,1.0,-0.0,0.0,-1.0564366e-05,-0.0018621795,0.7661581,3.490749,1.0148975,3.675842,0.98877263,2.561389,0.0,11.610551,-7.553213,0.9444444,191.20154,1.0,0.0,0.0,0.0,0.0,0,11.680333,0.0,10.689046,0.0,4.5052295,16.307552,0.0,3.3763425,0.0,18.994913
3,414,415.0,10.0,1.0,1.0,395.0,1.0,1.0,1.0,0.9999884,1.0,-0.0,0.0,-1.1625693e-05,-0.0,0.53239465,3.8462207,0.8064975,3.8609333,0.9754284,3.4006166,1.0,11.92823,-3.0794413,0.9537037,184.27353,1.0,0.0,0.0,0.0,0.0,0,8.5842085,0.0,7.6988983,0.0,4.9668283,21.269257,0.0,2.8882377,0.0,23.282398
0,415,416.0,10.0,1.0,1.0,394.0,1.0,1.0,1.0,0.99625725,1.0,-0.0,0.0,-1.6301701e-05,-0.0037264943,0.56640357,3.9654334,0.7894491,5.2235894,0.9958194,4.3928394,0.0,11.682129,-3.8390322,0.9537037,191.67519,1.0,0.0,0.0,0.0,0.0,0,10.281541,0.0,8.7851715,0.0,5.2382627,14.170979,0.0,4.583394,0.0,17.918404
1,415,416.0,10.0,1.0,1.0,397.0,1.0,1.0,1.0,0.9936201,1.0,-0.0,0.0,-1.0516317e-05,-0.0063694073,0.60099137,3.9513726,0.90582937,5.382164,0.8586086,3.8008554,0.0,12.34365,-3.3199441,0.9537037,189.70087,1.0,0.0,0.0,0.0,0.0,0,11.506023,0.0,10.707019,0.0,3.5069473,16.686201,0.0,2.4027472,0.0,18.606089
2,415,416.0,10.0,1.0,1.0,389.0,1.0,1.0,1.0,0.99998856,1.0,-0.0,0.0,-1.1415759e-05,-0.0,0.9663112,3.8451862,0.98116344,3.964373,0.9949781,2.4910533,1.0,11.222843,-4.8228893,0.9444444,191.60335,1.0,0.0,0.0,0.0,0.0,0,9.152057,2.4839082,9.415791,0.0,3.8251014,15.314999,0.0,3.2236536,0.0,18.522133
3,415,416.0,10.0,1.0,1.0,396.0,1.0,1.0,1.0,0.9999887,1.0,-0.0,0.0,-1.1334514e-05,-0.0,0.70688874,3.8089242,0.78226364,3.886799,0.9776071,3.3451478,1.0,12.072444,-1.5747501,0.9537037,184.35454,1.0,0.0,0.0,0.0,0.0,0,9.180221,0.0,8.151786,0.0,4.3179903,19.800503,0.0,3.0531332,0.0,23.149601
0,416,417.0,10.0,1.0,1.0,395.0,1.0,1.0,1.0,0.99730766,1.0,-0.0,0.0,-1.38638625e-05,-0.0026784728,0.5629342,4.089893,0.819033,5.160708,0.99168134,4.465836,0.0,11.713305,-3.5419903,0.9537037,192.37527,1.0,0.0,0.0,0.0,0.0,0,9.903521,0.0,8.025621,0.0,6.286764,14.385779,0.0,4.5720944,0.0,17.748453
1,416,417.0,10.0,1.0,1.0,398.0,1.0,1.0,1.0,0.95726794,1.0,-0.0,0.0,-1.7289784e-05,-0.04271478,0.72879267,4.014634,0.88479716,7.562886,0.8632127,3.685413,0.0,11.372117,-5.3662014,0.9537037,190.28381,1.0,0.0,0.0,0.0,0.0,0,11.5483465,0.0,10.382586,0.0,4.5580626,16.368862,0.0,2.308808,0.0,18.309324
2,416,417.0,10.0,1.0,1.0,390.0,1.0,1.0,1.0,0.986736,1.0,-0.0,0.0,-1.3103691e-05,-0.013250909,0.9997692,3.8534641,0.9922309,5.795054,0.97608215,2.672654,0.0,10.806693,-4.8368835,0.9444444,192.45511,1.0,0.0,0.0,0.0,0.0,0,9.916484,10.703287,19.81268,0.0,5.276944,15.767643,0.0,3.317121,0.0,18.662783
3,416,417.0,10.0,1.0,1.0,397.0,1.0,1.0,1.0,0.9999921,1.0,-0.0,0.0,-7.926875e-06,-0.0,0.45728052,3.862765,0.8119075,4.233661,0.9799865,3.2419987,1.0,12.700384,-3.5687377,0.9537037,184.71622,1.0,0.0,0.0,0.0,0.0,0,11.718207,0.0,9.280251,0.0,5.836569,21.095592,0.0,3.0805104,0.0,23.266314
0,417,418.0,10.0,1.0,1.0,396.0,1.0,1.0,1.0,0.99527067,1.0,-0.0,0.0,-1.31179395e-05,-0.0047161924,0.566306,3.9561968,0.78868604,5.2415447,1.0055234,4.189234,0.0,11.911183,-3.8818595,0.9537037,192.41357,1.0,0.0,0.0,0.0,0.0,0,9.542627,0.0,8.250271,0.0,4.175489,13.604593,0.0,4.1134934,0.0,17.7202
1,417,418.0,10.0,1.0,1.0,399.0,1.0,1.0,1.0,0.9921058,1.0,-0.0,0.0,-1.965608e-05,-0.0078745745,0.70260763,3.8285863,0.93627405,5.472474,0.86375326,3.6589792,0.0,12.259,-3.2744696,0.9537037,190.35219,1.0,0.0,0.0,0.0,0.0,0,9.987976,0.0,8.4664,0.0,4.2411346,16.565632,0.0,2.185912,0.0,18.32954
2,417,418.0,10.0,1.0,1.0,391.0,1.0,1.0,1.0,0.999985,1.0,-0.0,0.0,-1.4999463e-05,-0.0,0.8328643,3.9459836,0.9886298,4.7791634,0.9811617,2.6354935,1.0,10.955727,-5.2054358,0.9444444,193.03693,1.0,0.0,0.0,0.0,0.0,0,9.317175,0.0,8.323753,0.0,3.685968,15.5563345,0.0,3.3709056,0.0,18.310207
3,417,418.0,10.0,1.0,1.0,398.0,1.0,1.0,1.0,0.9999843,1.0,-0.0,0.0,-1.5648538e-05,-0.0,0.6470047,3.8986738,0.8179863,4.0089483,0.9758031,3.2780163,1.0,11.116768,-3.4695892,0.9537037,185.25772,1.0,0.0,0.0,0.0,0.0,0,9.7510805,0.0,8.453158,0.0,4.0651174,20.020937,0.0,3.1412406,0.0,22.942778
0,418,419.0,10.0,1.0,1.0,397.0,1.0,1.0,1.0,0.9968809,1.0,-0.0,0.0,-1.1889918e-05,-0.0031072593,0.58535564,3.9790545,0.8287875,5.186435,0.9931652,4.3009896,0.0,12.216595,-3.1773512,0.9537037,192.73358,1.0,0.0,0.0,0.0,0.0,0,11.972046,0.0,10.625824,0.0,4.5939965,14.068831,0.0,4.270972,0.0,18.025032
1,418,419.0,10.0,1.0,1.0,400.0,1.0,1.0,1.0,0.9903453,1.0,-0.0,0.0,-1.8226618e-05,-0.009636479,0.46676844,4.0283127,0.8692276,5.5781884,0.86421156,3.6798859,0.0,12.203273,-5.1817775,0.9537037,190.77802,1.0,0.0,0.0,0.0,0.0,0,11.056873,0.0,9.389,0.0,4.428411,17.438335,0.0,2.3540878,0.0,18.88048
2,418,419.0,10.0,1.0,1.0,392.0,1.0,1.0,1.0,0.99429125,1.0,-0.0,0.0,-2.2706672e-05,-0.0056860503,0.7110972,3.9340966,1.0454884,4.4456306,0.9694583,2.9109743,0.0,10.925352,-4.3070345,0.9444444,193.7842,1.0,0.0,0.0,0.0,0.0,0,8.288844,5.252565,12.397055,0.0,5.1444983,16.299377,0.0,3.7916765,0.0,18.72133
3,418,419.0,10.0,1.0,1.0,399.0,1.0,1.0,1.0,0.99998593,1.0,-0.0,0.0,-1.4046331e-05,-0.0,0.6534826,3.7639189,0.8693741,3.9104931,0.97589976,3.2461004,1.0,12.528715,-2.3641465,0.9537037,185.3742,1.0,0.0,0.0,0.0,0.0,0,10.828985,0.0,9.768473,0.0,4.0167494,20.1085,0.0,3.123298,0.0,23.032202
0,419,420.0,10.0,1.0,1.0,398.0,1.0,1.0,1.0,0.9687686,1.0,-0.0,0.0,-2.0514819e-05,-0.03121089,0.7652216,3.9974976,0.79211724,6.872653,0.9935176,4.2168007,0.0,11.12762,-4.6020846,0.9537037,193.40132,1.0,0.0,0.0,0.0,0.0,0,10.889776,0.0,9.619595,0.0,5.454106,14.16107,0.0,4.234012,0.0,18.259508
1,419,420.0,10.0,1.0,1.0,401.0,1.0,1.0,1.0,0.9869635,1.0,-0.0,0.0,-2.2343436e-05,-0.013014157,0.64946115,3.8218737,0.91884303,5.780849,0.8678348,3.5662365,0.0,12.876744,-3.0842376,0.9537037,190.82507,1.0,0.0,0.0,0.0,0.0,0,11.934974,0.0,10.513773,0.0,4.280075,15.927354,0.0,2.2389297,0.0,18.270926
2,419,420.0,10.0,1.0,1.0,393.0,1.0,1.0,1.0,0.99640024,1.0,-0.0,0.0,-1.4888861e-05,-0.0035848818,0.95277166,3.807819,1.028679,4.430637,0.97470295,2.8346822,0.0,11.269929,-1.6394062,0.9444444,194.25075,1.0,0.0,0.0,0.0,0.0,0,10.388446,1.6982281,11.144856,0.0,4.6219997,15.388673,0.0,3.5580359,0.0,18.204624
3,419,420.0,10.0,1.0,1.0,400.0,1.0,1.0,1.0,0.99998724,1.0,-0.0,0.0,-1.27311005e-05,-0.0,0.56759644,3.8286204,0.83739096,3.6074846,0.97554,3.2255378,1.0,11.534421,-3.9750104,0.9537037,185.73015,1.0,0.0,0.0,0.0,0.0,0,9.400147,0.0,7.881049,0.0,4.5825667,20.175983,0.0,3.1479917,0.0,23.007408
0,420,421.0,10.0,1.0,1.0,399.0,1.0,1.0,1.0,0.99698776,1.0,-0.0,0.0,-2.0806421e-05,-0.002991445,0.76101387,3.8179834,0.8363003,5.1794863,0.99757,4.1048527,0.0,11.446318,-3.1117415,0.9537037,193.46452,1.0,0.0,0.0,0.0,0.0,0,11.555707,0.0,9.746769,0.0,5.911689,13.922028,0.0,3.856935,0.0,17.7289
1,420,421.0,10.0,1.0,1.0,402.0,1.0,1.0,1.0,0.98431224,1.0,-0.0,0.0,-1.6997994e-05,-0.015670752,0.76673925,3.9149358,0.8661626,5.9402447,0.8673375,3.5313842,0.0,11.469666,-3.7202976,0.9537037,191.14468,1.0,0.0,0.0,0.0,0.0,0,12.148411,0.0,10.591462,0.0,5.328051,16.208368,0.0,2.2314763,0.0,18.30863
2,420,421.0,10.0,1.0,1.0,394.0,1.0,1.0,1.0,0.99857473,1.0,-0.0,0.0,-1.2086326e-05,-0.001413154,0.7247012,3.9297917,1.0113052,4.590151,0.9764257,2.8044217,0.0,11.34123,-4.0732837,0.9444444,194.9615,1.0,0.0,0.0,0.0,0.0,0,8.595888,1.6081564,8.674612,0.0,3.8067324,15.985731,0.0,3.4998124,0.0,18.734346
3,420,421.0,10.0,1.0,1.0,401.0,1.0,1.0,1.0,0.9999884,1.0,-0.0,0.0,-1.1623106e-05,-0.0,0.6163109,3.7215452,0.8807378,4.1073313,0.97518814,3.2011778,1.0,12.87049,-2.5914824,0.9537037,185.82637,1.0,0.0,0.0,0.0,0.0,0,10.992604,0.0,9.867074,0.0,4.301542,19.973612,0.0,3.181637,0.0,23.04495
0,421,422.0,10.0,1.0,1.0,400.0,1.0,1.0,1.0,0.99998236,1.0,-0.0,0.0,-1.766295e-05,-0.0,0.5373813,3.9823625,0.8254634,4.8767853,0.994479,4.165246,1.0,11.492724,-4.570271,0.9537037,193.8582,1.0,0.0,0.0,0.0,0.0,0,10.391135,0.0,8.897917,0.0,5.693889,13.974202,0.0,4.09653,0.0,18.183945
1,421,422.0,10.0,1.0,1.0,403.0,1.0,1.0,1.0,0.9947975,1.0,-0.0,0.0,-1.4293952e-05,-0.0051881406,0.774122,3.722244,0.90830475,5.311288,0.865536,3.5171688,0.0,12.168586,-2.26942,0.9537037,191.15535,1.0,0.0,0.0,0.0,0.0,0,10.37775,0.0,9.141184,0.0,4.389628,16.290842,0.0,2.2387977,0.0,18.254683
2,421,422.0,10.0,1.0,1.0,395.0,1.0,1.0,1.0,0.99513644,1.0,-0.0,0.0,-1.681765e-05,-0.0048467773,0.7393576,3.9310567,1.0387743,4.1229305,0.9493914,3.246824,0.0,11.178309,-3.2530828,0.9444444,195.6681,1.0,0.0,0.0,0.0,0.0,0,9.235158,1.9967655,10.035647,0.0,4.941408,15.637019,0.0,4.048377,0.0,19.031971
3,421,422.0,10.0,1.0,1.0,402.0,1.0,1.0,1.0,0.9999884,1.0,-0.0,0.0,-1.1643576e-05,-0.0,0.6256651,3.7435348,0.83972216,3.3530948,0.9734112,3.210944,1.0,11.521605,-3.304734,0.9537037,186.07382,1.0,0.0,0.0,0.0,0.0,0,10.321813,0.0,8.580317,0.0,4.860548,20.240854,0.0,3.233968,0.0,23.081917
0,422,423.0,10.0,1.0,1.0,401.0,1.0,1.0,1.0,0.98771805,1.0,-0.0,0.0,-2.0235062e-05,-0.012261733,0.5090017,3.9002273,0.93407965,5.7357035,0.9978008,4.053226,0.0,12.942214,-3.627724,0.9537037,193.99323,1.0,0.0,0.0,0.0,0.0,0,10.420918,0.0,9.605481,0.0,3.3454208,13.694325,0.0,3.733572,0.0,17.706715
1,422,423.0,10.0,1.0,1.0,404.0,1.0,1.0,1.0,0.9948798,1.0,-0.0,0.0,-1.0714698e-05,-0.0051094797,0.5811289,3.8102734,0.88896716,5.306568,0.8659564,3.5144968,0.0,11.888328,-4.4030614,0.9537037,191.42607,1.0,0.0,0.0,0.0,0.0,0,10.594258,0.0,9.541753,0.0,4.1643376,16.323158,0.0,2.3393881,0.0,18.31889
2,422,423.0,10.0,1.0,1.0,396.0,1.0,1.0,1.0,0.9980445,1.0,-0.0,0.0,-1.4501283e-05,-0.0019410392,0.8555021,4.039235,1.0155283,4.155461,0.9600002,3.1063635,0.0,11.442326,-2.2939136,0.9444444,195.8994,1.0,0.0,0.0,0.0,0.0,0,9.274207,0.20179029,8.597491,0.0,3.8258216,15.231057,0.0,3.544272,0.0,18.34834
3,422,423.0,10.0,1.0,1.0,403.0,1.0,1.0,1.0,0.99998796,1.0,-0.0,0.0,-1.2063504e-05,-0.0,0.66642797,3.6639082,0.8626529,3.8657959,0.97192496,3.2065527,1.0,12.65281,-2.1629882,0.9537037,186.17818,1.0,0.0,0.0,0.0,0.0,0,11.401879,0.0,10.316373,0.0,3.7231152,19.819752,0.0,3.2807689,0.0,23.142225
0,423,424.0,10.0,1.0,1.0,402.0,1.0,1.0,1.0,0.9999841,1.0,-0.0,0.0,-1.5902247e-05,-0.0,0.5834185,3.9107647,0.7951394,4.980987,0.9999992,3.9901578,1.0,11.3242855,-4.6099305,0.9537037,194.27962,1.0,0.0,0.0,0.0,0.0,0,10.870056,0.0,9.449728,0.0,4.9394584,13.713237,0.0,3.7705688,0.0,17.700586
1,423,424.0,10.0,1.0,1.0,405.0,1.0,1.0,1.0,0.9886145,1.0,-0.0,0.0,-1.5241507e-05,-0.0113702305,0.6601479,3.709019,0.9373779,5.6822133,0.86304915,3.495737,0.0,12.97885,-2.5968318,0.9537037,191.51375,1.0,0.0,0.0,0.0,0.0,0,10.570937,0.0,9.651139,0.0,3.9483314,16.217314,0.0,2.2569556,0.0,18.184916
2,423,424.0,10.0,1.0,1.0,397.0,1.0,1.0,1.0,0.9886468,1.0,-0.0,0.0,-9.608248e-06,-0.011343579,0.72281027,3.9364445,1.0907485,3.8090854,0.9418793,3.333662,0.0,11.555086,-3.0387816,0.9444444,196.18489,1.0,0.0,0.0,0.0,0.0,0,12.889668,0.01878609,10.832018,0.0,5.877934,16.361774,0.0,4.0285487,0.0,19.25823
3,423,424.0,10.0,1.0,1.0,404.0,1.0,1.0,1.0,0.999989,1.0,-0.0,0.0,-1.0999941e-05,-0.0,0.61801445,3.664757,0.8349956,3.2820735,0.97022736,3.2265086,1.0,11.573262,-3.3765388,0.9537037,186.38795,1.0,0.0,0.0,0.0,0.0,0,9.441906,0.0,8.103787,0.0,4.163127,20.191368,0.0,3.337248,0.0,23.120674
0,424,425.0,10.0,1.0,1.0,403.0,1.0,1.0,1.0,0.99994516,1.0,-0.0,0.0,-1.5604886e-05,-3.920868e-05,0.72442776,3.7352343,0.84133476,4.819782,1.0003136,3.9232843,0.0,11.818866,-2.5427518,0.9537037,194.29478,1.0,0.0,0.0,0.0,0.0,0,10.387505,0.0,8.906304,0.0,4.917358,13.621179,0.0,3.6169705,0.0,17.75115
1,424,425.0,10.0,1.0,1.0,406.0,1.0,1.0,1.0,0.99433595,1.0,-0.0,0.0,-1.2778987e-05,-0.005651277,0.69449544,3.7301083,0.8811039,5.339076,0.86146593,3.4656007,0.0,11.531124,-3.7597222,0.9537037,191.75711,1.0,0.0,0.0,0.0,0.0,0,11.463527,0.0,9.978993,0.0,4.8260846,16.259058,0.0,2.226289,0.0,18.130774
2,424,425.0,10.0,1.0,1.0,398.0,1.0,1.0,1.0,0.9915287,1.0,-0.0,0.0,-1.8460898e-05,-0.008452859,0.6967109,4.0948496,1.0676229,4.804488,0.94925237,3.218979,0.0,11.350274,-4.622738,0.9444444,196.74054,1.0,0.0,0.0,0.0,0.0,0,10.145429,1.8983918,9.771793,0.0,4.192786,16.223246,0.0,3.9683921,0.0,18.63955
3,424,425.0,10.0,1.0,1.0,405.0,1.0,1.0,1.0,0.999989,1.0,-0.0,0.0,-1.1007318e-05,-0.0,0.62129724,3.6233206,0.8183324,4.1019907,0.96922797,3.2250528,1.0,12.887068,-2.4662194,0.9537037,186.54561,1.0,0.0,0.0,0.0,0.0,0,10.021159,0.0,10.02198,0.0,4.2612734,19.839241,0.0,3.298291,0.0,23.19576
0,425,426.0,10.0,1.0,1.0,404.0,1.0,1.0,1.0,0.99978596,1.0,-0.0,0.0,-1.2012093e-05,-0.00020200387,0.5777579,3.7594757,0.7883286,4.7812924,1.001616,3.908491,0.0,11.277197,-4.561129,0.9537037,194.51564,1.0,0.0,0.0,0.0,0.0,0,10.095667,0.0,8.757427,0.0,4.659826,13.748437,0.0,3.7386968,0.0,17.754873
1,425,426.0,10.0,1.0,1.0,407.0,1.0,1.0,1.0,0.9985728,1.0,-0.0,0.0,-1.2168515e-05,-0.0014150373,0.75597763,3.639731,0.9183761,5.084902,0.8583701,3.4506605,0.0,12.181653,-2.1124883,0.9537037,191.86949,1.0,0.0,0.0,0.0,0.0,0,11.641722,0.0,10.092201,0.0,4.937413,16.341425,0.0,2.2360835,0.0,18.08631
2,425,426.0,10.0,1.0,1.0,399.0,1.0,1.0,1.0,0.9838131,1.0,-0.0,0.0,-1.948369e-05,-0.016167387,0.7071454,3.997763,1.1293391,3.917094,0.963593,3.0311146,0.0,12.1301775,-2.9854393,0.9444444,196.9068,1.0,0.0,0.0,0.0,0.0,0,11.442187,0.0,9.777273,0.0,4.3342996,16.305983,0.0,3.7975762,0.0,17.595236
3,425,426.0,10.0,1.0,1.0,406.0,1.0,1.0,1.0,0.9999895,1.0,-0.0,0.0,-1.048168e-05,-0.0,0.59686935,3.569159,0.7726107,3.399005,0.96828294,3.238133,1.0,11.709555,-3.610286,0.9537037,186.70897,1.0,0.0,0.0,0.0,0.0,0,10.336834,0.0,8.761754,0.0,4.2707953,20.351004,0.0,3.1837285,0.0,23.13269
0,426,427.0,10.0,1.0,1.0,405.0,1.0,1.0,1.0,0.9993777,1.0,-0.0,0.0,-1.527053e-05,-0.0006070059,0.628243,3.6678817,0.8795322,5.021844,1.0019435,3.8517983,0.0,12.320752,-2.8422875,0.9537037,194.60228,1.0,0.0,0.0,0.0,0.0,0,9.512045,0.0,8.49258,0.0,4.0359464,13.61433,0.0,3.6505988,0.0,17.83545
1,426,427.0,10.0,1.0,1.0,408.0,1.0,1.0,1.0,0.999669,1.0,-0.0,0.0,-8.481273e-06,-0.00032249166,0.5937964,3.6109812,0.9108223,5.019349,0.8565108,3.4356554,0.0,11.654165,-4.4723663,0.9537037,192.08864,1.0,0.0,0.0,0.0,0.0,0,10.991105,0.0,9.886118,0.0,4.3717504,16.436129,0.0,2.2342672,0.0,18.052992
2,426,427.0,10.0,1.0,1.0,400.0,1.0,1.0,1.0,0.98791903,1.0,-0.0,0.0,-1.5699474e-05,-0.012065284,0.57009387,4.1239166,1.0965222,3.8587024,0.9705209,2.9203703,0.0,11.812845,-4.7932816,0.9444444,197.29343,1.0,0.0,0.0,0.0,0.0,0,10.022086,0.0,9.03655,0.0,3.9453516,15.711922,0.0,3.600016,0.0,18.620956
3,426,427.0,10.0,1.0,1.0,407.0,1.0,1.0,1.0,0.99998856,1.0,-0.0,0.0,-1.14595905e-05,-0.0,0.6260537,3.59425,0.7963263,4.292973,0.9673688,3.232568,1.0,13.100122,-2.2770977,0.9537037,186.93243,1.0,0.0,0.0,0.0,0.0,0,10.770948,0.0,9.7665,0.0,4.140419,20.037945,0.0,3.228516,0.0,23.197573
0,427,428.0,10.0,1.0,1.0,406.0,1.0,1.0,1.0,0.99975085,1.0,-0.0,0.0,-1.19109745e-05,-0.00023720786,0.6247543,3.677133,0.81745815,4.6545124,1.0018977,3.8127825,0.0,11.214698,-4.280667,0.9537037,194.86287,1.0,0.0,0.0,0.0,0.0,0,10.628497,0.0,9.199772,0.0,4.928107,13.894507,0.0,3.6576314,0.0,17.79201
1,427,428.0,10.0,1.0,1.0,409.0,1.0,1.0,1.0,0.9909294,1.0,-0.0,0.0,-1.3751042e-05,-0.009056831,0.6758683,3.6476712,0.91798204,5.5434093,0.852828,3.416921,0.0,12.883515,-2.26977,0.9537037,192.36272,1.0,0.0,0.0,0.0,0.0,0,11.413217,0.0,9.759959,0.0,4.188924,16.48226,0.0,2.2062504,0.0,17.98212
2,427,428.0,10.0,1.0,1.0,401.0,1.0,1.0,1.0,0.98781395,1.0,-0.0,0.0,-1.6662358e-05,-0.012169348,0.6854478,3.8739734,1.0973548,3.7731555,0.97489965,2.842128,0.0,12.142134,-3.0372655,0.9444444,197.34178,1.0,0.0,0.0,0.0,0.0,0,13.014959,0.0,11.638733,0.0,4.0986295,16.176867,0.0,3.702662,0.0,17.589043
3,427,428.0,10.0,1.0,1.0,408.0,1.0,1.0,1.0,0.9999903,1.0,-0.0,0.0,-9.717816e-06,-0.0,0.58442503,3.5121138,0.78501904,3.1726854,0.96595484,3.2432055,1.0,11.726588,-3.5747764,0.9537037,187.14542,1.0,0.0,0.0,0.0,0.0,0,9.794387,0.0,8.37343,0.0,4.2955565,20.42632,0.0,3.2842875,0.0,23.160778
0,428,429.0,10.0,1.0,1.0,407.0,1.0,1.0,1.0,0.9997207,1.0,-0.0,0.0,-1.3237505e-05,-0.0002660905,0.6958228,3.579365,0.8756932,4.542833,1.0021287,3.764848,0.0,11.813163,-2.6554308,0.9537037,194.96556,1.0,0.0,0.0,0.0,0.0,0,10.392968,0.0,8.974319,0.0,5.1315265,13.807012,0.0,3.679951,0.0,17.963442
1,428,429.0,10.0,1.0,1.0,410.0,1.0,1.0,1.0,0.999989,1.0,-0.0,0.0,-1.0997765e-05,-0.0,0.6287869,3.573976,0.89278316,4.9669776,0.8496074,3.3823824,1.0,11.610127,-4.2046895,0.9537037,192.60182,1.0,0.0,0.0,0.0,0.0,0,11.284631,0.0,10.409075,0.0,4.279124,16.48223,0.0,2.1669135,0.0,17.866709
2,428,429.0,10.0,1.0,1.0,402.0,1.0,1.0,1.0,0.9905307,1.0,-0.0,0.0,-1.3785112e-05,-0.009455474,0.670046,4.0089316,1.0756438,3.6172364,0.97814715,2.769595,0.0,11.596221,-3.8903048,0.9444444,197.68547,1.0,0.0,0.0,0.0,0.0,0,10.306848,0.0,9.567547,0.0,4.138081,14.98031,0.0,3.4076028,0.0,18.428537
3,428,429.0,10.0,1.0,1.0,409.0,1.0,1.0,1.0,0.9999911,1.0,-0.0,0.0,-8.874536e-06,-0.0,0.6158166,3.5603642,0.78703964,4.135065,0.96490157,3.237166,1.0,12.95951,-2.225184,0.9537037,187.4013,1.0,0.0,0.0,0.0,0.0,0,11.001815,0.0,8.839768,0.0,4.9904966,20.109781,0.0,3.2656534,0.0,23.234676
0,429,430.0,10.0,1.0,1.0,408.0,1.0,1.0,1.0,0.9998242,1.0,-0.0,0.0,-1.0025143e-05,-0.00016576378,0.5921099,3.5581305,0.8262154,4.4794893,1.0013261,3.7318504,0.0,11.20971,-4.570956,0.9537037,195.1815,1.0,0.0,0.0,0.0,0.0,0,10.563052,0.0,9.012345,0.0,4.823187,14.106295,0.0,3.6776617,0.0,17.894901
1,429,430.0,10.0,1.0,1.0,411.0,1.0,1.0,0.0,0.9999886,1.0,-0.0,0.0,-1.1404171e-05,-0.0,0.76343864,3.595562,0.90771604,4.974066,0.84649295,3.3689322,1.0,12.279762,-1.838292,0.9537037,192.60182,1.0,0.0,0.0,0.0,0.0,0,11.937526,0.0,10.262777,0.0,4.8657165,16.61886,0.0,2.3280356,0.0,17.848946
2,429,430.0,10.0,1.0,1.0,403.0,1.0,1.0,1.0,0.9903995,1.0,-0.0,0.0,-1.447616e-05,-0.009586021,0.75257605,3.8312972,1.0766882,3.5841906,0.9787874,2.7291672,0.0,11.966569,-2.4396245,0.9444444,197.72484,1.0,0.0,0.0,0.0,0.0,0,12.587847,0.0,10.910881,0.0,4.0073967,16.498566,0.0,3.614527,0.0,17.604788
3,429,430.0,10.0,1.0,1.0,410.0,1.0,1.0,1.0,0.9999922,1.0,-0.0,0.0,-7.813281e-06,-0.0,0.52869916,3.4200583,0.7979368,3.0622032,0.9634255,3.245377,1.0,11.711641,-4.197183,0.9537037,187.63045,1.0,0.0,0.0,0.0,0.0,0,9.935895,0.0,9.142761,0.0,3.5962746,20.385649,0.0,3.312471,0.0,23.220873
0,430,431.0,10.0,1.0,1.0,409.0,1.0,1.0,1.0,0.99985385,1.0,-0.0,0.0,-1.2903447e-05,-0.00013324898,0.6713785,3.5737162,0.87820405,4.6482844,1.001066,3.6871119,0.0,12.064391,-2.6252818,0.9537037,195.40273,1.0,0.0,0.0,0.0,0.0,0,10.112445,0.0,9.102896,0.0,4.2500744,14.089714,0.0,3.7277968,0.0,18.126417
1,430,431.0,10.0,1.0,1.0,412.0,1.0,1.0,1.0,0.9999899,1.0,-0.0,0.0,-1.0078939e-05,-0.0,0.5564034,3.476337,0.9072286,4.861188,0.84489596,3.3221362,1.0,11.566895,-5.0314097,0.9537037,192.7857,1.0,0.0,0.0,0.0,0.0,0,11.287663,0.0,10.3923025,0.0,4.1802344,16.767273,0.0,2.2919905,0.0,17.84987
2,430,431.0,10.0,1.0,1.0,404.0,1.0,1.0,1.0,0.993039,1.0,-0.0,0.0,-1.1741234e-05,-0.006949238,0.6805711,3.8874972,1.0555938,3.4610798,0.9814325,2.6538439,0.0,11.490513,-3.8339822,0.9444444,197.98111,1.0,0.0,0.0,0.0,0.0,0,9.957248,1.000052,9.541344,0.0,4.1136575,14.904833,0.0,3.2671742,0.0,18.394922
3,430,431.0,10.0,1.0,1.0,411.0,1.0,1.0,1.0,0.9999888,1.0,-0.0,0.0,-1.1214845e-05,-0.0,0.6041974,3.54468,0.7832439,4.305174,0.96236384,3.2427227,1.0,13.142846,-2.1400666,0.9537037,187.95877,1.0,0.0,0.0,0.0,0.0,0,10.133444,0.0,8.505012,0.0,4.6166463,20.400747,0.0,3.3497024,0.0,23.294271
0,431,432.0,10.0,1.0,1.0,410.0,1.0,1.0,1.0,0.9999895,1.0,-0.0,0.0,-1.0476803e-05,-0.0,0.6126028,3.4848228,0.832158,4.5009346,0.9996487,3.6289036,1.0,11.102536,-4.730507,0.9537037,195.63437,1.0,0.0,0.0,0.0,0.0,0,10.896435,0.0,9.237637,0.0,4.5769677,14.367922,0.0,3.688536,0.0,18.093584
1,431,432.0,10.0,1.0,1.0,413.0,1.0,1.0,1.0,0.9999841,1.0,-0.0,0.0,-1.5939499e-05,-0.0,0.6269686,3.3333714,0.91216546,4.816369,0.84297967,3.2866018,1.0,12.209653,-3.4862897,0.9537037,192.81165,1.0,0.0,0.0,0.0,0.0,0,10.720284,0.0,9.6776285,0.0,4.252888,16.865091,0.0,2.2697074,0.0,17.81452
2,431,432.0,10.0,1.0,1.0,405.0,1.0,1.0,1.0,0.9924512,1.0,-0.0,0.0,-1.44277265e-05,-0.007534388,0.7213965,3.7800994,1.0602751,3.6016204,0.98096627,2.6304398,0.0,12.071465,-2.5259433,0.9444444,198.08328,1.0,0.0,0.0,0.0,0.0,0,11.673528,0.0,10.046335,0.0,4.122335,16.581358,0.0,3.5945842,0.0,17.638983
3,431,432.0,10.0,1.0,1.0,412.0,1.0,1.0,1.0,0.99999243,1.0,-0.0,0.0,-7.5509092e-06,-0.0,0.5389117,3.397007,0.7753158,2.9676979,0.96023333,3.2451358,1.0,11.823116,-3.8134036,0.9537037,188.12804,1.0,0.0,0.0,0.0,0.0,0,9.772768,0.0,8.798325,0.0,3.7836924,20.512117,0.0,3.315185,0.0,23.176102
0,432,433.0,10.0,1.0,1.0,411.0,1.0,1.0,1.0,0.99998766,1.0,-0.0,0.0,-1.2348379e-05,-0.0,0.72970164,3.5362017,0.8885804,4.325493,0.9984933,3.5944412,1.0,11.754818,-2.4593985,0.9537037,195.86711,1.0,0.0,0.0,0.0,0.0,0,10.094288,0.0,9.025067,0.0,4.812903,14.343019,0.0,3.7818084,0.0,18.188997
1,432,433.0,10.0,1.0,1.0,414.0,1.0,1.0,1.0,0.9783631,1.0,-0.0,0.0,-1.1164855e-05,-0.021625767,0.43174848,3.7132745,0.9031885,6.2975454,0.8424232,3.2308724,0.0,13.665168,-3.8257194,0.9537037,193.47177,1.0,0.0,0.0,0.0,0.0,0,11.873762,0.0,9.786421,0.0,5.2560067,17.158926,0.0,2.2300422,0.0,17.833773
2,432,433.0,10.0,1.0,1.0,406.0,1.0,1.0,1.0,0.9959991,1.0,-0.0,0.0,-1.1618985e-05,-0.003989297,0.6582964,3.8140516,1.0319144,3.3174202,0.98316234,2.5638325,0.0,11.425701,-4.0172253,0.9444444,198.33531,1.0,0.0,0.0,0.0,0.0,0,10.550849,0.9049855,9.860924,0.0,4.2921753,14.994206,0.0,3.2353125,0.0,18.379076
3,432,433.0,10.0,1.0,1.0,413.0,1.0,1.0,1.0,0.99999,1.0,-0.0,0.0,-1.0008438e-05,-0.0,0.62610877,3.2171826,0.78169566,3.1940784,0.9597851,3.2318418,1.0,12.26035,-2.5080023,0.9537037,188.1712,1.0,0.0,0.0,0.0,0.0,0,9.17315,0.0,7.8014097,0.0,4.701523,20.356514,0.0,3.1604557,0.0,23.28242
0,433,434.0,10.0,1.0,1.0,412.0,1.0,1.0,1.0,0.99998987,1.0,-0.0,0.0,-1.011146e-05,-0.0,0.58516264,3.3889081,0.85772127,4.3742657,0.9954472,3.5451012,1.0,11.157362,-5.096442,0.9537037,196.0375,1.0,0.0,0.0,0.0,0.0,0,11.648187,0.0,10.471675,0.0,4.832558,16.2082,0.0,3.7993338,0.0,18.748922
1,433,434.0,10.0,1.0,1.0,415.0,1.0,1.0,0.0,0.9999898,1.0,-0.0,0.0,-1.01632995e-05,-0.0,0.83045924,3.336052,0.83695614,4.8553867,0.83779395,3.2114315,1.0,11.695597,-2.1964228,0.9537037,193.47177,1.0,0.0,0.0,0.0,0.0,0,13.102754,0.0,12.059476,0.0,4.813632,17.072235,0.0,2.365869,0.0,17.58471
2,433,434.0,10.0,1.0,1.0,407.0,1.0,1.0,1.0,0.9933992,1.0,-0.0,0.0,-1.4535654e-05,-0.0065862434,0.67661554,3.7549648,1.0526899,3.5935698,0.98147625,2.5531244,0.0,12.114109,-2.90295,0.9444444,198.47948,1.0,0.0,0.0,0.0,0.0,0,11.342653,0.0,9.952062,0.0,3.8293874,16.898924,0.0,3.6664941,0.0,17.618195
3,433,434.0,10.0,1.0,1.0,414.0,1.0,1.0,1.0,0.9999915,1.0,-0.0,0.0,-8.5212805e-06,-0.0,0.43151155,3.5820982,0.7566146,4.590151,0.9570513,3.2424815,1.0,13.345011,-3.2327464,0.9537037,188.73483,1.0,0.0,0.0,0.0,0.0,0,10.531782,0.0,8.398649,0.0,5.128957,20.746029,0.0,3.1838715,0.0,23.400795
0,434,435.0,10.0,1.0,1.0,413.0,1.0,1.0,0.0,0.9999836,1.0,-0.0,0.0,-1.6375214e-05,-0.0,0.7663704,3.227795,0.8687063,4.0462666,0.9915336,3.556565,1.0,11.329745,-2.7389889,0.9537037,196.0375,1.0,0.0,0.0,0.0,0.0,0,9.8598795,0.0,8.570628,0.0,4.7496943,14.3489685,0.0,3.7262664,0.0,17.882408
1,434,435.0,10.0,1.0,1.0,416.0,1.0,1.0,1.0,0.9999819,1.0,-0.0,0.0,-1.814681e-05,-0.0,0.4925415,3.4236681,0.8714775,4.7448025,0.835126,3.163296,1.0,11.80178,-5.1234245,0.9537037,193.74883,1.0,0.0,0.0,0.0,0.0,0,10.287546,0.0,9.036794,0.0,4.617404,17.312763,0.0,2.358879,0.0,17.596176
2,434,435.0,10.0,1.0,1.0,408.0,1.0,1.0,1.0,0.99543893,1.0,-0.0,0.0,-1.1851272e-05,-0.0045492314,0.6545171,3.765709,1.0363939,3.2523644,0.9821491,2.5023398,0.0,11.334108,-4.193633,0.9444444,198.75218,1.0,0.0,0.0,0.0,0.0,0,9.889618,1.9006239,10.184291,0.0,4.1275134,15.251422,0.0,3.2467515,0.0,18.37744
3,434,435.0,10.0,1.0,1.0,415.0,1.0,1.0,0.0,0.99999064,1.0,-0.0,0.0,-9.379513e-06,-0.0,0.79907626,3.2102122,0.79730165,2.6211984,0.9574089,3.234505,1.0,11.620049,-1.5722132,0.9537037,188.73483,1.0,0.0,0.0,0.0,0.0,0,10.041876,0.0,8.749959,0.0,4.2870455,20.254883,0.0,3.275224,0.0,23.261904
0,435,436.0,10.0,1.0,1.0,414.0,1.0,1.0,1.0,0.9999842,1.0,-0.0,0.0,-1.5778754e-05,-0.0,0.48177987,3.5974278,0.87699294,4.9374137,0.9905353,3.4822755,1.0,12.440231,-4.1492124,0.9537037,196.61713,1.0,0.0,0.0,0.0,0.0,0,11.28098,0.0,9.6956215,0.0,4.593197,14.541262,0.0,3.5295036,0.0,17.645334
1,435,436.0,10.0,1.0,1.0,417.0,1.0,1.0,1.0,0.9963745,1.0,-0.0,0.0,-1.3988405e-05,-0.0036115053,0.5135752,3.445601,0.8533064,5.21669,0.8337211,3.1449308,0.0,12.603416,-3.9915583,0.9537037,194.09122,1.0,0.0,0.0,0.0,0.0,0,10.759102,0.0,9.462444,0.0,4.4100246,17.337154,0.0,2.425151,0.0,17.635744
2,435,436.0,10.0,1.0,1.0,409.0,1.0,1.0,1.0,0.9948885,1.0,-0.0,0.0,-1.4000522e-05,-0.005097536,0.68464506,3.722859,1.0407803,3.453155,0.9793134,2.5073397,0.0,12.002916,-2.9393313,0.9444444,198.92056,1.0,0.0,0.0,0.0,0.0,0,11.03311,0.0,9.788144,0.0,3.6123164,17.14825,0.0,3.7595673,0.0,17.588188
3,435,436.0,10.0,1.0,1.0,416.0,1.0,1.0,1.0,0.9999836,1.0,-0.0,0.0,-1.637771e-05,-0.0,0.2940543,3.3657901,0.7905417,3.1227,0.9566824,3.234747,1.0,12.360556,-5.5097556,0.9537037,189.09377,1.0,0.0,0.0,0.0,0.0,0,9.374862,0.0,7.694939,0.0,4.2783184,20.872602,0.0,3.1679692,0.0,23.255312
0,436,437.0,10.0,1.0,1.0,415.0,1.0,1.0,0.0,0.99998623,1.0,-0.0,0.0,-1.3792067e-05,-0.0,0.8443825,3.1988528,0.8557668,4.6204104,0.99030286,3.4059067,1.0,10.932557,-3.2589166,0.9537037,196.61713,1.0,0.0,0.0,0.0,0.0,0,11.484208,0.0,9.7540865,0.0,4.6474395,14.386126,0.0,3.6310494,0.0,17.661648
1,436,437.0,10.0,1.0,1.0,418.0,1.0,1.0,1.0,0.9999863,1.0,-0.0,0.0,-1.3725473e-05,-0.0,0.5847603,3.2688532,0.8439691,4.776378,0.8321974,3.1121538,1.0,12.094436,-3.8804142,0.9537037,194.39499,1.0,0.0,0.0,0.0,0.0,0,11.240097,0.0,9.938588,0.0,3.9716318,17.604338,0.0,2.5383801,0.0,17.622444
2,436,437.0,10.0,1.0,1.0,410.0,1.0,1.0,1.0,0.9955753,1.0,-0.0,0.0,-1.082065e-05,-0.0044138404,0.6388146,3.7086508,1.0353107,3.0736847,0.9762221,2.499836,0.0,11.3314495,-4.2423224,0.9444444,199.16698,1.0,0.0,0.0,0.0,0.0,0,10.924833,1.3029709,10.535269,0.0,4.4177647,16.267548,0.0,3.5447776,0.0,18.5987
3,436,437.0,10.0,1.0,1.0,417.0,1.0,1.0,1.0,0.99998474,1.0,-0.0,0.0,-1.52395905e-05,-0.0,0.3889434,3.3161898,0.75415915,3.6081357,0.95708007,3.2364404,1.0,12.756725,-4.1478395,0.9537037,189.40211,1.0,0.0,0.0,0.0,0.0,0,9.900651,0.0,8.502474,0.0,4.197155,21.052979,0.0,3.3091414,0.0,23.251755
0,437,438.0,10.0,1.0,1.0,416.0,1.0,1.0,1.0,0.9999824,1.0,-0.0,0.0,-1.7562268e-05,-0.0,0.46531743,3.3240008,0.85550547,4.0538054,0.98827463,3.38747,1.0,10.9835615,-5.9651723,0.9537037,197.00818,1.0,0.0,0.0,0.0,0.0,0,10.370184,0.0,6.7667847,0.0,9.611414,15.481649,0.0,3.7019696,0.0,16.670555
1,437,438.0,10.0,1.0,1.0,419.0,1.0,1.0,1.0,0.99999183,1.0,-0.0,0.0,-8.178735e-06,-0.0,0.78434646,3.3081894,0.84369546,4.7136793,0.8317921,3.0668008,1.0,11.959221,-1.9796146,0.9537037,194.77608,1.0,0.0,0.0,0.0,0.0,0,11.042865,0.0,9.777705,0.0,4.2516756,17.765572,0.0,2.5077538,0.0,17.607647
2,437,438.0,10.0,1.0,1.0,411.0,1.0,1.0,1.0,0.9959388,1.0,-0.0,0.0,-1.5471265e-05,-0.004045712,0.6787259,3.716451,1.0323657,3.4063666,0.9750884,2.4926238,0.0,11.998432,-2.7534132,0.9444444,199.37315,1.0,0.0,0.0,0.0,0.0,0,11.251692,0.0,9.532017,0.0,4.5417924,17.431744,0.0,4.022915,0.0,17.528267
3,437,438.0,10.0,1.0,1.0,418.0,1.0,1.0,1.0,0.99998933,1.0,-0.0,0.0,-1.0696502e-05,-0.0,0.5449865,3.2249477,0.75511086,2.8714461,0.9565143,3.2400663,1.0,12.083167,-3.1865304,0.9537037,189.6908,1.0,0.0,0.0,0.0,0.0,0,9.722695,0.0,8.297297,0.0,4.085559,20.783342,0.0,3.2827895,0.0,23.29901
0,438,439.0,10.0,1.0,1.0,417.0,1.0,1.0,1.0,0.999987,1.0,-0.0,0.0,-1.2970477e-05,-0.0,0.41095465,3.2515903,0.8678524,4.063835,0.98866105,3.3502924,1.0,11.635739,-5.974918,0.9537037,197.24564,1.0,0.0,0.0,0.0,0.0,0,9.955637,0.0,8.729771,0.0,4.1673985,14.401994,0.0,3.4241886,0.0,17.64097
1,438,439.0,10.0,1.0,1.0,420.0,1.0,1.0,1.0,0.9999878,1.0,-0.0,0.0,-1.2190624e-05,-0.0,0.74826705,3.5252843,0.8627392,4.5848603,0.83082354,3.0267212,1.0,11.668611,-2.2056131,0.9537037,194.97815,1.0,0.0,0.0,0.0,0.0,0,10.035155,0.0,8.933788,0.0,4.536289,17.902996,0.0,2.562184,0.0,17.585321
2,438,439.0,10.0,1.0,1.0,412.0,1.0,1.0,1.0,0.9967786,1.0,-0.0,0.0,-1.05358295e-05,-0.0032108277,0.64486676,3.6847188,1.0256866,2.970861,0.9751572,2.445387,0.0,11.330319,-4.2023015,0.9444444,199.57336,1.0,0.0,0.0,0.0,0.0,0,10.286652,0.96162695,10.132102,0.0,4.0179534,15.520906,0.0,3.5305998,0.0,18.266603
3,438,439.0,10.0,1.0,1.0,419.0,1.0,1.0,1.0,0.99999315,1.0,-0.0,0.0,-6.855336e-06,-0.0,0.64233655,3.2314465,0.76135814,2.8561394,0.955688,3.2448947,1.0,12.051296,-2.1638265,0.9537037,190.04695,1.0,0.0,0.0,0.0,0.0,0,9.278974,0.0,7.9157424,0.0,4.1020126,20.769648,0.0,3.2658489,0.0,23.239304
0,439,440.0,10.0,1.0,1.0,418.0,1.0,1.0,1.0,0.9999861,1.0,-0.0,0.0,-1.3873068e-05,-0.0,0.52409357,3.198252,0.8870509,4.0966434,0.9871786,3.313879,1.0,11.680576,-5.1384597,0.9537037,197.51666,1.0,0.0,0.0,0.0,0.0,0,10.0754595,0.0,8.85991,0.0,4.296055,14.409054,0.0,3.2941916,0.0,17.61124
1,439,440.0,10.0,1.0,1.0,421.0,1.0,1.0,1.0,0.999723,1.0,-0.0,0.0,-9.108861e-06,-0.00026787148,0.7043086,3.3860266,0.85440445,5.016072,0.8313416,2.9724417,0.0,12.500125,-2.160835,0.9537037,195.5704,1.0,0.0,0.0,0.0,0.0,0,10.924488,0.0,8.972017,0.0,4.137328,17.867188,0.0,2.64179,0.0,17.66413
2,439,440.0,10.0,1.0,1.0,413.0,1.0,1.0,1.0,0.99428856,1.0,-0.0,0.0,-1.3800598e-05,-0.005697622,0.6391805,3.448708,1.045581,2.9565988,0.97376055,2.446027,0.0,11.657444,-3.670945,0.9444444,199.66927,1.0,0.0,0.0,0.0,0.0,0,8.588458,0.672587,8.135342,0.0,3.397857,15.440759,0.0,3.6353416,0.0,18.509499
3,439,440.0,10.0,1.0,1.0,420.0,1.0,1.0,1.0,0.99999034,1.0,-0.0,0.0,-9.628412e-06,-0.0,0.5765665,3.4706428,0.7414439,3.1396995,0.9556166,3.2395828,1.0,12.12465,-2.391412,0.9537037,190.34221,1.0,0.0,0.0,0.0,0.0,0,8.205289,0.0,7.31063,0.0,4.600746,20.639727,0.0,3.2499921,0.0,23.251438
0,440,441.0,10.0,1.0,1.0,419.0,1.0,1.0,1.0,0.99999064,1.0,-0.0,0.0,-9.362369e-06,-0.0,0.76541674,3.227553,0.87473273,4.045106,0.9870562,3.2588563,1.0,11.345119,-3.2047508,0.9537037,197.87427,1.0,0.0,0.0,0.0,0.0,0,10.549693,0.0,9.199655,0.0,4.7178965,14.549994,0.0,3.2085934,0.0,17.499832
1,440,441.0,10.0,1.0,1.0,422.0,1.0,1.0,1.0,0.999989,1.0,-0.0,0.0,-1.1022211e-05,-0.0,0.6685745,3.3506784,0.79331964,4.634622,0.83181375,2.9251912,1.0,11.628609,-2.8641663,0.9537037,195.9907,1.0,0.0,0.0,0.0,0.0,0,10.957139,0.0,9.592488,0.0,3.9164984,17.685778,0.0,2.71166,0.0,17.565252
2,440,441.0,10.0,1.0,1.0,414.0,1.0,1.0,1.0,0.99593,1.0,-0.0,0.0,-9.819584e-06,-0.0040601706,0.59021974,3.8986967,1.0324813,3.6962297,0.9715506,2.4581573,0.0,12.194351,-3.1207047,0.9444444,200.32721,1.0,0.0,0.0,0.0,0.0,0,10.629244,0.0,9.1926775,0.0,3.8022459,17.518517,0.0,4.156987,0.0,17.288532
3,440,441.0,10.0,1.0,1.0,421.0,1.0,1.0,1.0,0.99999326,1.0,-0.0,0.0,-6.764208e-06,-0.0,0.60912895,3.3405948,0.741701,3.4431663,0.95647043,3.2255378,1.0,12.586313,-2.0158525,0.9537037,190.88725,1.0,0.0,0.0,0.0,0.0,0,9.981634,0.0,8.353695,0.0,5.106593,20.596367,0.0,3.2202969,0.0,23.265759
0,441,442.0,10.0,1.0,1.0,420.0,1.0,1.0,1.0,0.9999867,1.0,-0.0,0.0,-1.327923e-05,-0.0,0.8027691,3.3858135,0.8479317,4.109046,0.98839384,3.2145987,1.0,10.778844,-2.9747849,0.9537037,198.08524,1.0,0.0,0.0,0.0,0.0,0,9.872586,0.0,8.425674,0.0,5.468786,14.390195,0.0,3.2852497,0.0,17.617302
1,441,442.0,10.0,1.0,1.0,423.0,1.0,1.0,1.0,0.9895612,1.0,-0.0,0.0,-1.0228872e-05,-0.010428518,0.63111186,3.3436244,0.8337903,5.6257105,0.8325425,2.8629832,0.0,12.925308,-2.1902611,0.9537037,196.60379,1.0,0.0,0.0,0.0,0.0,0,10.503397,0.0,9.676971,0.0,4.120547,17.811474,0.0,2.7255635,0.0,17.564081
2,441,442.0,10.0,1.0,1.0,415.0,1.0,1.0,0.0,0.9948507,1.0,-0.0,0.0,-1.6620068e-05,-0.0051326584,0.82283545,3.5150886,1.0410613,3.0657794,0.9696462,2.4392974,0.0,11.2325945,-3.093577,0.9444444,200.32721,1.0,0.0,0.0,0.0,0.0,0,10.970238,1.6624912,10.230507,0.0,4.331285,15.861921,0.0,3.9973626,0.0,18.522644
3,441,442.0,10.0,1.0,1.0,422.0,1.0,1.0,1.0,0.999992,1.0,-0.0,0.0,-7.990901e-06,-0.0,0.5620003,3.3452406,0.7119363,2.8194537,0.95613766,3.2299035,1.0,11.917585,-2.8576283,0.9537037,191.28647,1.0,0.0,0.0,0.0,0.0,0,8.1626425,0.0,7.290463,0.0,3.530986,20.681026,0.0,3.2694805,0.0,23.264584
0,442,443.0,10.0,1.0,1.0,421.0,1.0,1.0,1.0,0.99998856,1.0,-0.0,0.0,-1.1442011e-05,-0.0,0.7301819,3.2379713,0.8573567,4.036388,0.9892361,3.1613157,1.0,11.540022,-3.0740452,0.9537037,198.65945,1.0,0.0,0.0,0.0,0.0,0,10.007303,0.0,8.6646,0.0,4.5369267,14.558148,0.0,3.3913636,0.0,17.630129
1,442,443.0,10.0,1.0,1.0,424.0,1.0,1.0,1.0,0.99999213,1.0,-0.0,0.0,-7.86292e-06,-0.0,0.61962456,3.269655,0.7847885,4.59799,0.8339543,2.8091629,1.0,11.437832,-3.0362039,0.9537037,196.99107,1.0,0.0,0.0,0.0,0.0,0,11.169464,0.0,10.176985,0.0,3.733675,17.733873,0.0,2.7666454,0.0,17.480244
2,442,443.0,10.0,1.0,1.0,416.0,1.0,1.0,1.0,0.99361026,1.0,-0.0,0.0,-2.6331987e-05,-0.0063633663,0.36847293,3.6597297,1.0509069,2.901817,0.9632199,2.5650535,0.0,11.666382,-5.3497396,0.9444444,200.79436,1.0,0.0,0.0,0.0,0.0,0,7.857397,0.10565303,4.858561,0.0,9.268717,19.7842,0.0,4.722258,0.0,16.671688
3,442,443.0,10.0,1.0,1.0,423.0,1.0,1.0,1.0,0.99999064,1.0,-0.0,0.0,-9.3640565e-06,-0.0,0.5145237,3.3371065,0.70146453,4.244004,0.9569393,3.2175195,1.0,13.145354,-2.3359628,0.9537037,191.93474,1.0,0.0,0.0,0.0,0.0,0,9.022114,0.0,6.9322634,0.0,4.387615,20.653269,0.0,3.2960947,0.0,23.270876
0,443,444.0,10.0,1.0,1.0,422.0,1.0,1.0,1.0,0.99998885,1.0,-0.0,0.0,-1.11225745e-05,-0.0,0.62926483,3.2492967,0.8235462,3.9791558,0.98797476,3.1469214,1.0,11.166077,-4.1860294,0.9537037,199.05812,1.0,0.0,0.0,0.0,0.0,0,10.233159,0.0,8.956714,0.0,4.085362,14.666273,0.0,3.6823287,0.0,17.52463
1,443,444.0,10.0,1.0,1.0,425.0,1.0,1.0,1.0,0.98939943,1.0,-0.0,0.0,-9.827811e-06,-0.010590756,0.61963314,3.2167659,0.82215273,5.635445,0.83415955,2.734325,0.0,12.813409,-1.68877,0.9537037,197.63736,1.0,0.0,0.0,0.0,0.0,0,10.968572,0.0,9.6591015,0.0,4.725049,17.895329,0.0,2.7252622,0.0,17.492321
2,443,444.0,10.0,1.0,1.0,417.0,1.0,1.0,1.0,0.99252075,1.0,-0.0,0.0,-1.2341731e-05,-0.0074668904,0.54707044,3.6046333,1.0597351,2.689878,0.95334893,2.6089263,0.0,11.411591,-4.48903,0.9444444,200.9141,1.0,0.0,0.0,0.0,0.0,0,9.676914,2.162269,10.244753,0.0,4.3194346,15.654459,0.0,4.2675195,0.0,18.412613
3,443,444.0,10.0,1.0,1.0,424.0,1.0,1.0,1.0,0.9999932,1.0,-0.0,0.0,-6.8034506e-06,-0.0,0.5336441,3.3046544,0.69193476,2.6500068,0.95772624,3.2216527,1.0,11.619269,-2.7860022,0.9537037,192.29962,1.0,0.0,0.0,0.0,0.0,0,8.338688,0.0,7.37423,0.0,3.7389297,20.601276,0.0,3.292809,0.0,23.272266
0,444,445.0,10.0,1.0,1.0,423.0,1.0,1.0,1.0,0.9999898,1.0,-0.0,0.0,-1.0209191e-05,-0.0,0.6574966,3.2352526,0.8680337,4.5345535,0.98827267,3.0818233,1.0,12.116062,-2.8031385,0.9537037,199.6854,1.0,0.0,0.0,0.0,0.0,0,10.289312,0.0,9.150233,0.0,4.2790785,14.569476,0.0,3.7061481,0.0,17.539675
1,444,445.0,10.0,1.0,1.0,426.0,1.0,1.0,1.0,0.9999936,1.0,-0.0,0.0,-6.405877e-06,-0.0,0.624758,3.1508076,0.76299405,4.4660115,0.8347308,2.6650283,1.0,11.129195,-2.562645,0.9537037,197.9773,1.0,0.0,0.0,0.0,0.0,0,11.230507,0.0,10.076537,0.0,3.4075785,17.807508,0.0,2.78943,0.0,17.461258
2,444,445.0,10.0,1.0,1.0,418.0,1.0,1.0,1.0,0.99186575,1.0,-0.0,0.0,-9.944993e-06,-0.008124288,0.53402853,3.5346096,1.0649943,2.8465314,0.95420647,2.5598605,0.0,11.684961,-4.6069946,0.9444444,201.22469,1.0,0.0,0.0,0.0,0.0,0,9.268527,0.4677054,8.493357,0.0,3.723032,16.079006,0.0,4.4069858,0.0,18.07568
3,444,445.0,10.0,1.0,1.0,425.0,1.0,1.0,1.0,0.99998856,1.0,-0.0,0.0,-1.145402e-05,-0.0,0.4275389,3.2152317,0.677902,4.254505,0.95979685,3.204355,1.0,12.97514,-2.606512,0.9537037,192.95131,1.0,0.0,0.0,0.0,0.0,0,9.98057,0.0,7.499843,0.0,4.730794,20.429987,0.0,3.3833864,0.0,23.322971
0,445,446.0,10.0,1.0,1.0,424.0,1.0,1.0,1.0,0.9999925,1.0,-0.0,0.0,-7.528211e-06,-0.0,0.6991524,3.158042,0.7971774,3.901876,0.9884831,3.037564,1.0,10.64919,-3.4861555,0.9537037,200.05379,1.0,0.0,0.0,0.0,0.0,0,10.449383,0.0,8.9991045,0.0,4.0186114,14.715523,0.0,3.8839126,0.0,17.413725
1,445,446.0,10.0,1.0,1.0,427.0,1.0,1.0,1.0,0.9927574,1.0,-0.0,0.0,-9.3604485e-06,-0.0072332486,0.5659562,3.1187818,0.80772454,5.4339943,0.83449334,2.6226912,0.0,12.446713,-1.7963071,0.9537037,198.50185,1.0,0.0,0.0,0.0,0.0,0,11.273303,0.0,9.583177,0.0,5.014758,18.125069,0.0,2.8375835,0.0,17.573421
2,445,446.0,10.0,1.0,1.0,419.0,1.0,1.0,1.0,0.9912608,1.0,-0.0,0.0,-8.708922e-06,-0.008730451,0.618146,3.5493054,1.0698435,2.9510338,0.95411426,2.5432951,0.0,11.793278,-3.7155924,0.9444444,201.59879,1.0,0.0,0.0,0.0,0.0,0,10.351237,0.05113358,9.340791,0.0,3.657825,17.796074,0.0,4.674606,0.0,17.308657
3,445,446.0,10.0,1.0,1.0,426.0,1.0,1.0,1.0,0.9999944,1.0,-0.0,0.0,-5.630832e-06,-0.0,0.4512541,3.1873,0.67277676,2.6656158,0.9602762,3.2094808,1.0,11.548144,-3.0783107,0.9537037,193.26285,1.0,0.0,0.0,0.0,0.0,0,7.9287677,0.0,6.558734,0.0,3.9303067,20.477331,0.0,3.3923955,0.0,23.244446
0,446,447.0,10.0,1.0,1.0,425.0,1.0,1.0,1.0,0.99998766,1.0,-0.0,0.0,-1.2345118e-05,-0.0,0.71981215,3.0588765,0.8322348,3.9435844,0.9894912,2.9637387,1.0,11.344667,-2.2375724,0.9537037,200.65126,1.0,0.0,0.0,0.0,0.0,0,10.321921,0.0,9.238073,0.0,4.6842513,14.801697,0.0,3.932974,0.0,17.447187
1,446,447.0,10.0,1.0,1.0,428.0,1.0,1.0,1.0,0.9999943,1.0,-0.0,0.0,-5.729707e-06,-0.0,0.56484044,3.04049,0.7611837,4.269934,0.8336532,2.5956914,1.0,10.980604,-3.1446135,0.9537037,198.781,1.0,0.0,0.0,0.0,0.0,0,11.285698,0.0,10.090183,0.0,3.9673276,18.301622,0.0,2.8502183,0.0,17.565475
2,446,447.0,10.0,1.0,1.0,420.0,1.0,1.0,1.0,0.9909771,1.0,-0.0,0.0,-9.961242e-06,-0.009012956,0.70244485,3.8270645,1.0721036,2.870901,0.95534956,2.506715,0.0,11.459476,-2.9079382,0.9444444,201.88124,1.0,0.0,0.0,0.0,0.0,0,7.959675,2.5888705,8.160702,0.0,3.1794484,15.936189,0.0,4.5652175,0.0,18.233187
3,446,447.0,10.0,1.0,1.0,427.0,1.0,1.0,1.0,0.99999136,1.0,-0.0,0.0,-8.6392165e-06,-0.0,0.35220832,3.1844406,0.66156447,4.491533,0.9616559,3.1894186,1.0,12.980812,-3.261893,0.9537037,193.83188,1.0,0.0,0.0,0.0,0.0,0,10.106543,0.0,7.385195,0.0,5.3398395,20.43778,0.0,3.3697681,0.0,23.259226
0,447,448.0,10.0,1.0,1.0,426.0,1.0,1.0,1.0,0.9999934,1.0,-0.0,0.0,-6.6325224e-06,-0.0,0.6518293,2.991254,0.77739626,3.7862036,0.99057287,2.9364085,1.0,10.280304,-3.627154,0.9537037,201.0065,1.0,0.0,0.0,0.0,0.0,0,9.953342,0.0,8.602491,0.0,4.2921066,14.744674,0.0,3.381492,0.0,17.405909
1,447,448.0,10.0,1.0,1.0,429.0,1.0,1.0,1.0,0.99004674,1.0,-0.0,0.0,-8.439469e-06,-0.009944777,0.47616288,3.0337722,0.79292226,5.5966864,0.8314843,2.5732794,0.0,12.456328,-3.6202521,0.9537037,199.23283,1.0,0.0,0.0,0.0,0.0,0,10.848641,0.0,9.371854,0.0,4.160812,18.50387,0.0,2.8558311,0.0,17.555843
2,447,448.0,10.0,1.0,1.0,421.0,1.0,1.0,1.0,0.99062365,1.0,-0.0,0.0,-9.055631e-06,-0.0093673,0.6968435,3.656682,1.0749384,3.0236163,0.958544,2.4556084,0.0,11.830782,-2.998351,0.9444444,202.42441,1.0,0.0,0.0,0.0,0.0,0,9.511832,0.0,8.796419,0.0,3.623254,16.767073,0.0,4.7898655,0.0,17.13879
3,447,448.0,10.0,1.0,1.0,428.0,1.0,1.0,1.0,0.9999936,1.0,-0.0,0.0,-6.403806e-06,-0.0,0.42488948,3.0985947,0.67149717,2.5073397,0.9623971,3.184752,1.0,11.271711,-4.416667,0.9537037,194.08606,1.0,0.0,0.0,0.0,0.0,0,7.9627433,0.0,6.8711977,0.0,3.7793968,20.56925,0.0,3.453151,0.0,23.255676
0,448,449.0,10.0,1.0,1.0,427.0,1.0,1.0,1.0,0.999989,1.0,-0.0,0.0,-1.1056644e-05,-0.0,0.5560614,2.96437,0.8318563,4.210856,0.9914906,2.9069378,1.0,11.536129,-3.043954,0.9537037,201.54526,1.0,0.0,0.0,0.0,0.0,0,10.0110445,0.0,8.816274,0.0,4.675946,14.7845125,0.0,3.4780796,0.0,17.500208
1,448,449.0,10.0,1.0,1.0,430.0,1.0,1.0,1.0,0.9965731,1.0,-0.0,0.0,-5.7165116e-06,-0.0034211848,0.62638336,2.9858356,0.74609995,5.205271,0.83038974,2.5738876,0.0,11.964165,-2.3632953,0.9537037,199.50346,1.0,0.0,0.0,0.0,0.0,0,12.022772,0.0,10.879591,0.0,3.8585882,18.548477,0.0,2.948684,0.0,17.671246
2,448,449.0,10.0,1.0,1.0,422.0,1.0,1.0,1.0,0.99153143,1.0,-0.0,0.0,-1.0531069e-05,-0.008458028,0.5464889,3.6965919,1.0676641,2.95448,0.95775986,2.4699109,0.0,11.712987,-4.4432683,0.9444444,202.80621,1.0,0.0,0.0,0.0,0.0,0,7.524725,1.4070904,7.756837,0.0,2.6989205,16.231297,0.0,4.960773,0.0,18.391884
3,448,449.0,10.0,1.0,1.0,429.0,1.0,1.0,1.0,0.99999285,1.0,-0.0,0.0,-7.168493e-06,-0.0,0.37199074,3.1283433,0.6561703,4.0361943,0.963216,3.1751518,1.0,12.400934,-3.9750392,0.9537037,194.52359,1.0,0.0,0.0,0.0,0.0,0,9.29902,0.0,7.5560656,0.0,4.1801276,20.395464,0.0,3.4366612,0.0,23.28585
0,449,450.0,10.0,1.0,1.0,428.0,1.0,1.0,1.0,0.9999934,1.0,-0.0,0.0,-6.6121147e-06,-0.0,0.52563435,2.912304,0.76755303,3.6046624,0.9926758,2.8717186,1.0,10.472434,-4.862717,0.9537037,201.82431,1.0,0.0,0.0,0.0,0.0,0,10.221922,0.0,9.190348,0.0,3.6411269,14.638104,0.0,3.5982566,0.0,17.495731
1,449,450.0,10.0,1.0,1.0,431.0,1.0,1.0,1.0,0.99999094,1.0,-0.0,0.0,-9.069239e-06,-0.0,0.44464952,2.9751024,0.8008063,3.8511887,0.82770324,2.582995,1.0,10.356759,-5.1469812,0.9537037,199.87987,1.0,0.0,0.0,0.0,0.0,0,11.092796,0.0,10.351991,0.0,3.3184469,18.863375,0.0,2.9889529,0.0,17.670395
2,449,450.0,10.0,1.0,1.0,423.0,1.0,1.0,1.0,0.99076,1.0,-0.0,0.0,-1.4462434e-05,-0.009225472,0.55047536,3.6358933,1.0738038,3.822625,0.95740527,2.4418633,0.0,12.467264,-3.6948166,0.9444444,203.44217,1.0,0.0,0.0,0.0,0.0,0,11.203375,0.0,9.967057,0.0,3.520191,17.81541,0.0,5.0039062,0.0,17.390495
3,449,450.0,10.0,1.0,1.0,430.0,1.0,1.0,1.0,0.99999464,1.0,-0.0,0.0,-5.34717e-06,-0.0,0.62626636,3.0567038,0.6456774,3.0173967,0.96288437,3.1923625,1.0,11.445717,-1.5230142,0.9537037,194.76566,1.0,0.0,0.0,0.0,0.0,0,9.564276,0.0,8.601553,0.0,4.620869,20.857904,0.0,3.5175562,0.0,23.23937
0,450,451.0,10.0,1.0,1.0,429.0,1.0,1.0,1.0,0.9999909,1.0,-0.0,0.0,-9.09203e-06,-0.0,0.5870119,2.885225,0.808437,3.9483461,0.9930785,2.8094413,1.0,11.09173,-3.714625,0.9537037,202.21541,1.0,0.0,0.0,0.0,0.0,0,10.360364,0.0,9.052021,0.0,4.7749424,14.918166,0.0,3.8028376,0.0,17.500088
1,450,451.0,10.0,1.0,1.0,432.0,1.0,1.0,1.0,0.9954391,1.0,-0.0,0.0,-8.94136e-06,-0.0045519653,0.34700632,3.1410885,0.83315086,5.2731175,0.8257873,2.5981028,0.0,12.002703,-4.691799,0.9537037,200.15526,1.0,0.0,0.0,0.0,0.0,0,10.652705,0.0,9.142453,0.0,4.451337,18.93527,0.0,2.9931796,0.0,17.754044
2,450,451.0,10.0,1.0,1.0,424.0,1.0,1.0,1.0,0.99577063,1.0,-0.0,0.0,-8.236337e-06,-0.004221138,0.7066883,3.6856043,1.0337691,2.8049796,0.95944816,2.3991776,0.0,11.165637,-3.2292967,0.9444444,203.76955,1.0,0.0,0.0,0.0,0.0,0,11.916968,0.0,10.35188,0.0,4.1861606,16.092665,0.0,4.9751053,0.0,18.161526
3,450,451.0,10.0,1.0,1.0,431.0,1.0,1.0,1.0,0.99998885,1.0,-0.0,0.0,-1.1142777e-05,-0.0,0.21949299,3.0078094,0.70656484,2.068016,0.9623102,3.2016666,1.0,10.781016,-6.2214293,0.9537037,195.09036,1.0,0.0,0.0,0.0,0.0,0,7.607097,0.0,6.22473,0.0,3.846446,21.149958,0.0,3.5342362,0.0,23.266573
0,451,452.0,10.0,1.0,1.0,430.0,1.0,1.0,1.0,0.9999941,1.0,-0.0,0.0,-5.8909445e-06,-0.0,0.685345,2.8387105,0.77434736,3.7375097,0.9941924,2.767333,1.0,10.823965,-2.9735463,0.9537037,202.46806,1.0,0.0,0.0,0.0,0.0,0,10.684475,0.0,9.447362,0.0,4.148012,15.036792,0.0,3.8250566,0.0,17.62037
1,451,452.0,10.0,1.0,1.0,433.0,1.0,1.0,1.0,0.9999916,1.0,-0.0,0.0,-8.394012e-06,-0.0,0.52111375,2.940382,0.7949955,4.5386944,0.82225853,2.6047223,1.0,11.314263,-3.5313544,0.9537037,200.3021,1.0,0.0,0.0,0.0,0.0,0,12.409354,0.0,11.62449,0.0,4.5590167,18.896948,0.0,3.014665,0.0,17.699442
2,451,452.0,10.0,1.0,1.0,425.0,1.0,1.0,1.0,0.99033326,1.0,-0.0,0.0,-1.562206e-05,-0.009651121,0.6095909,3.5242624,1.077209,3.4637933,0.9580563,2.391662,0.0,12.041462,-3.0124514,0.9444444,204.38347,1.0,0.0,0.0,0.0,0.0,0,11.911874,0.0,10.198488,0.0,3.8974266,18.570095,0.0,5.3029904,0.0,17.39453
3,451,452.0,10.0,1.0,1.0,432.0,1.0,1.0,1.0,0.9999867,1.0,-0.0,0.0,-1.3298517e-05,-0.0,0.0669064,3.2310023,0.6605839,4.850062,0.9609597,3.2153292,1.0,12.765631,-6.2302127,0.9537037,195.45695,1.0,0.0,0.0,0.0,0.0,0,8.103662,0.0,6.090432,0.0,4.33471,21.159649,0.0,3.4775789,0.0,23.286644
0,452,453.0,10.0,1.0,1.0,431.0,1.0,1.0,1.0,0.99998873,1.0,-0.0,0.0,-1.1284165e-05,-0.0,0.46617055,2.7790859,0.78334624,3.6809497,0.99324447,2.7525852,1.0,9.603715,-6.1262875,0.9537037,202.795,1.0,0.0,0.0,0.0,0.0,0,10.60603,0.0,9.84407,0.0,3.5249276,15.353188,0.0,3.9770668,0.0,17.84994
1,452,453.0,10.0,1.0,1.0,434.0,1.0,1.0,1.0,0.99998856,1.0,-0.0,0.0,-1.1421172e-05,-0.0,0.699129,3.0092564,0.8192774,3.7650557,0.81903666,2.5905597,1.0,10.542249,-2.3103411,0.9537037,200.56313,1.0,0.0,0.0,0.0,0.0,0,10.518889,0.0,9.145476,0.0,5.1736546,18.669193,0.0,3.0268676,0.0,17.660454
2,452,453.0,10.0,1.0,1.0,426.0,1.0,1.0,1.0,0.9932497,1.0,-0.0,0.0,-6.450846e-06,-0.006743835,0.6578833,3.5627968,1.0539507,2.6617954,0.9595629,2.3745825,0.0,11.051058,-3.242924,0.9444444,204.67908,1.0,0.0,0.0,0.0,0.0,0,11.803555,0.0,10.662495,0.0,3.7029154,16.37348,0.0,5.3865113,0.0,18.29241
3,452,453.0,10.0,1.0,1.0,433.0,1.0,1.0,1.0,0.9999928,1.0,-0.0,0.0,-7.1994527e-06,-0.0,0.39428806,3.0089262,0.6531824,3.0194714,0.9572266,3.2578952,1.0,11.25853,-3.855586,0.9537037,195.63908,1.0,0.0,0.0,0.0,0.0,0,9.560693,0.0,7.928837,0.0,4.6479506,21.067045,0.0,3.4793723,0.0,23.447777
0,453,454.0,10.0,1.0,1.0,432.0,1.0,1.0,1.0,0.99999213,1.0,-0.0,0.0,-7.889092e-06,-0.0,0.39157048,2.9304612,0.7990925,3.9625955,0.99192643,2.7426143,1.0,10.838613,-5.418836,0.9537037,203.0869,1.0,0.0,0.0,0.0,0.0,0,10.046409,0.0,9.191896,0.0,4.3661523,15.480771,0.0,3.9872477,0.0,17.88592
1,453,454.0,10.0,1.0,1.0,435.0,1.0,1.0,1.0,0.9999928,1.0,-0.0,0.0,-7.1963723e-06,-0.0,0.5317498,3.0476773,0.8329186,3.7656794,0.81540036,2.582995,1.0,10.523959,-2.3581927,0.9537037,200.92625,1.0,0.0,0.0,0.0,0.0,0,10.581565,0.0,9.828764,0.0,4.4829283,18.548216,0.0,2.9770205,0.0,17.620148
2,453,454.0,10.0,1.0,1.0,427.0,1.0,1.0,1.0,0.9874505,1.0,-0.0,0.0,-1.2063083e-05,-0.012537453,0.59827864,3.4962416,1.1002996,3.694959,0.9550332,2.3798509,0.0,12.051526,-2.6591597,0.9444444,205.20346,1.0,0.0,0.0,0.0,0.0,0,10.868185,0.0,9.784304,0.0,3.4959657,18.939665,0.0,5.4563417,0.0,17.436136
3,453,454.0,10.0,1.0,1.0,434.0,1.0,1.0,1.0,0.99999195,1.0,-0.0,0.0,-8.048864e-06,-0.0,0.4593216,3.080491,0.7032865,2.353059,0.954098,3.2899344,1.0,10.768121,-3.5839937,0.9537037,195.94052,1.0,0.0,0.0,0.0,0.0,0,8.538057,0.0,7.2680645,0.0,4.410282,21.19139,0.0,3.457241,0.0,23.318079
0,454,455.0,10.0,1.0,1.0,433.0,1.0,1.0,1.0,0.999991,1.0,-0.0,0.0,-9.0250205e-06,-0.0,0.42161122,2.7534595,0.785111,3.8487487,0.98968077,2.7406156,1.0,10.839575,-5.153521,0.9537037,203.21223,1.0,0.0,0.0,0.0,0.0,0,10.4391365,0.0,9.349792,0.0,4.2832336,15.503087,0.0,4.12991,0.0,17.944227
1,454,455.0,10.0,1.0,1.0,436.0,1.0,1.0,1.0,0.9999889,1.0,-0.0,0.0,-1.1060944e-05,-0.0,0.2796393,2.987466,0.85100055,3.7213473,0.8128203,2.5820858,1.0,10.753012,-4.891633,0.9537037,201.35516,1.0,0.0,0.0,0.0,0.0,0,11.046072,0.0,9.522678,0.0,4.5724087,18.51264,0.0,3.097888,0.0,17.69208
2,454,455.0,10.0,1.0,1.0,428.0,1.0,1.0,1.0,0.98991686,1.0,-0.0,0.0,-5.926262e-06,-0.010077247,0.7056311,3.4976442,1.0806179,2.4293296,0.9551209,2.366658,0.0,10.727007,-2.5240285,0.9444444,205.4009,1.0,0.0,0.0,0.0,0.0,0,11.471655,0.08583159,10.265998,0.0,3.6782475,16.801373,0.0,5.561569,0.0,18.387138
3,454,455.0,10.0,1.0,1.0,435.0,1.0,1.0,1.0,0.9999935,1.0,-0.0,0.0,-6.5243935e-06,-0.0,0.24713576,3.046722,0.70773554,2.8426788,0.9491698,3.3385894,1.0,11.144859,-5.189227,0.9537037,196.27678,1.0,0.0,0.0,0.0,0.0,0,8.071101,0.0,6.7712708,0.0,3.9997625,21.129534,0.0,3.3587499,0.0,23.392212
0,455,456.0,10.0,1.0,1.0,434.0,1.0,1.0,1.0,0.9999918,1.0,-0.0,0.0,-8.253258e-06,-0.0,0.48992336,2.9018898,0.7753109,3.6919916,0.9886245,2.7006238,1.0,10.570695,-4.633313,0.9537037,203.49167,1.0,0.0,0.0,0.0,0.0,0,10.466826,0.0,9.193827,0.0,4.809326,15.603605,0.0,4.124573,0.0,17.893908
1,455,456.0,10.0,1.0,1.0,437.0,1.0,1.0,1.0,0.9893541,1.0,-0.0,0.0,-1.3456412e-05,-0.010632427,0.5115353,3.070291,0.855475,5.637945,0.80903834,2.5766232,0.0,12.245497,-1.8289658,0.9537037,201.66231,1.0,0.0,0.0,0.0,0.0,0,11.753688,0.0,10.25188,0.0,4.3210964,18.548216,0.0,3.063549,0.0,17.636673
2,455,456.0,10.0,1.0,1.0,429.0,1.0,1.0,1.0,0.9868695,1.0,-0.0,0.0,-1.19071465e-05,-0.013118563,0.5482864,3.4197628,1.1049485,3.4714684,0.9507045,2.3890424,0.0,11.731359,-3.0281012,0.9444444,205.82047,1.0,0.0,0.0,0.0,0.0,0,10.515462,0.0,10.196962,0.0,3.5755403,19.24221,0.0,5.617015,0.0,17.371092
3,455,456.0,10.0,1.0,1.0,436.0,1.0,1.0,1.0,0.99999183,1.0,-0.0,0.0,-8.143273e-06,-0.0,0.17352924,3.0566912,0.70677775,2.8695374,0.94553167,3.3542619,1.0,11.152648,-4.210563,0.9537037,196.67113,1.0,0.0,0.0,0.0,0.0,0,8.525911,0.0,7.0461674,0.0,4.0974917,21.134346,0.0,3.3438675,0.0,23.289019
0,456,457.0,10.0,1.0,1.0,435.0,1.0,1.0,1.0,0.9999928,1.0,-0.0,0.0,-7.1839895e-06,-0.0,0.52265894,2.8099525,0.778414,3.0932322,0.98597723,2.6878405,1.0,9.868345,-4.5093913,0.9537037,203.88997,1.0,0.0,0.0,0.0,0.0,0,10.700283,0.0,9.49579,0.0,4.7166615,15.5255,0.0,4.2176256,0.0,17.77515
1,456,457.0,10.0,1.0,1.0,438.0,1.0,1.0,1.0,0.99999064,1.0,-0.0,0.0,-9.338854e-06,-0.0,0.56918633,2.9678638,0.83610964,3.316476,0.8043236,2.570236,1.0,9.922677,-2.765975,0.9537037,202.40906,1.0,0.0,0.0,0.0,0.0,0,11.361349,0.0,10.288699,0.0,4.8282,18.730837,0.0,3.0734086,0.0,17.631514
2,456,457.0,10.0,1.0,1.0,430.0,1.0,1.0,1.0,0.9889681,1.0,-0.0,0.0,-6.1024034e-06,-0.011025824,0.85529274,3.3947651,1.0882065,2.6787972,0.9456857,2.4066699,0.0,11.027195,-1.2715552,0.9444444,206.03387,1.0,0.0,0.0,0.0,0.0,0,12.216421,0.0,11.20176,0.0,4.049811,18.410172,0.0,5.995724,0.0,18.54162
3,456,457.0,10.0,1.0,1.0,437.0,1.0,1.0,1.0,0.9999907,1.0,-0.0,0.0,-9.271952e-06,-0.0,0.5047046,3.0166416,0.67360026,3.5466466,0.9409722,3.3777506,1.0,11.502748,-1.3795263,0.9537037,196.9227,1.0,0.0,0.0,0.0,0.0,0,11.676431,0.0,9.840834,0.0,4.822897,21.118868,0.0,3.3303452,0.0,23.216879
0,457,458.0,10.0,1.0,1.0,436.0,1.0,1.0,1.0,0.9999928,1.0,-0.0,0.0,-7.1937993e-06,-0.0,0.4639331,2.8115473,0.7863876,3.033696,0.9825832,2.671482,1.0,9.679304,-4.3115783,0.9537037,204.31009,1.0,0.0,0.0,0.0,0.0,0,10.7124815,0.0,9.513472,0.0,4.7560525,15.6070175,0.0,4.24624,0.0,17.813559
1,457,458.0,10.0,1.0,1.0,439.0,1.0,1.0,1.0,0.99998784,1.0,-0.0,0.0,-1.2180975e-05,-0.0,0.5542349,3.0705843,0.86160433,3.4141707,0.8019097,2.5950885,1.0,10.516346,-2.318482,0.9537037,202.68405,1.0,0.0,0.0,0.0,0.0,0,10.674746,0.0,9.327286,0.0,5.4477363,18.907114,0.0,3.204676,0.0,17.793245
2,457,458.0,10.0,1.0,1.0,431.0,1.0,1.0,1.0,0.9830345,1.0,-0.0,0.0,-1.0574268e-05,-0.01695496,0.4527621,3.4083579,1.1356397,2.2025468,0.9464641,2.3620234,0.0,10.365038,-5.152788,0.9444444,206.34753,1.0,0.0,0.0,0.0,0.0,0,10.907873,0.0,9.763458,0.0,3.6110737,17.244543,0.0,5.749719,0.0,18.279694
3,457,458.0,10.0,1.0,1.0,438.0,1.0,1.0,1.0,0.9999905,1.0,-0.0,0.0,-9.504364e-06,-0.0,0.4911598,2.8917341,0.7634313,1.0422908,0.9368031,3.3775187,1.0,9.73478,-2.5302832,0.9537037,197.69638,1.0,0.0,0.0,0.0,0.0,0,9.354627,0.0,8.077922,0.0,4.407396,21.161512,0.0,3.3112612,0.0,23.210543
0,458,459.0,10.0,1.0,1.0,437.0,1.0,1.0,1.0,0.9999908,1.0,-0.0,0.0,-9.172528e-06,-0.0,0.56537354,2.83214,0.809805,4.013632,0.9785187,2.6670835,1.0,10.896755,-2.3898418,0.9537037,204.59239,1.0,0.0,0.0,0.0,0.0,0,11.942491,0.0,10.997853,0.0,5.368522,15.511537,0.0,4.279317,0.0,17.761435
1,458,459.0,10.0,1.0,1.0,440.0,1.0,1.0,1.0,0.9702057,1.0,-0.0,0.0,-9.084557e-06,-0.02978523,0.3556572,3.0773866,0.88846415,6.787113,0.802359,2.582995,0.0,13.393058,-2.5988436,0.9537037,202.85838,1.0,0.0,0.0,0.0,0.0,0,11.771395,0.0,9.916541,0.0,3.8842237,18.072828,0.0,3.2257903,0.0,17.712769
2,458,459.0,10.0,1.0,1.0,432.0,1.0,1.0,1.0,0.9832197,1.0,-0.0,0.0,-1.4932625e-05,-0.016765354,0.23557544,3.551887,1.1341228,4.1465974,0.9418861,2.3949325,0.0,12.000206,-5.5107503,0.9444444,206.66878,1.0,0.0,0.0,0.0,0.0,0,10.1339445,0.0,9.041251,0.0,3.3445382,19.675484,0.0,5.924763,0.0,17.43491
3,458,459.0,10.0,1.0,1.0,439.0,1.0,1.0,1.0,0.9999887,1.0,-0.0,0.0,-1.130671e-05,-0.0,0.42233354,3.0594337,0.747299,1.9350555,0.9349907,3.3809934,1.0,10.502359,-2.4023716,0.9537037,198.00735,1.0,0.0,0.0,0.0,0.0,0,8.238054,0.0,6.916111,0.0,4.629127,21.24428,0.0,3.2885144,0.0,23.301085
0,459,460.0,10.0,1.0,1.0,438.0,1.0,1.0,1.0,0.9999871,1.0,-0.0,0.0,-1.2884554e-05,-0.0,0.5371675,2.7836757,0.7844195,3.152389,0.97789794,2.6443884,1.0,9.718306,-4.186603,0.9537037,205.29189,1.0,0.0,0.0,0.0,0.0,0,10.978802,0.0,9.944625,0.0,4.4301047,15.07709,0.0,3.5809934,0.0,17.415422
1,459,460.0,10.0,1.0,1.0,441.0,1.0,1.0,1.0,0.99998796,1.0,-0.0,0.0,-1.205859e-05,-0.0,0.47961473,2.9911544,0.7523332,4.0241504,0.80255,2.578142,1.0,10.913634,-3.0830176,0.9537037,203.36862,1.0,0.0,0.0,0.0,0.0,0,13.016139,0.0,11.208753,0.0,5.221913,18.00305,0.0,3.3755615,0.0,17.731796
2,459,460.0,10.0,1.0,1.0,433.0,1.0,1.0,1.0,0.9869119,1.0,-0.0,0.0,-9.682957e-06,-0.0130784465,0.63045585,3.3508117,1.1046276,2.5817826,0.93583816,2.3998299,0.0,10.824856,-3.0824254,0.9444444,206.83115,1.0,0.0,0.0,0.0,0.0,0,12.055861,0.0,10.979415,0.0,4.0944633,19.047642,0.0,5.7680717,0.0,17.393322
3,459,460.0,10.0,1.0,1.0,440.0,1.0,1.0,1.0,0.9999928,1.0,-0.0,0.0,-7.233474e-06,-0.0,0.33566093,3.008131,0.70523477,4.7724423,0.9292104,3.399005,1.0,12.5844965,-1.9952887,0.9537037,198.09943,1.0,0.0,0.0,0.0,0.0,0,10.489256,0.0,9.081589,0.0,3.6733365,21.081158,0.0,3.2711666,0.0,23.165266
0,460,461.0,10.0,1.0,1.0,439.0,1.0,1.0,1.0,0.9999898,1.0,-0.0,0.0,-1.0203233e-05,-0.0,0.69973207,2.9919808,0.819006,2.9721782,0.9782364,2.6325216,1.0,9.763519,-2.4112267,0.9537037,205.63031,1.0,0.0,0.0,0.0,0.0,0,10.520128,0.0,9.156069,0.0,5.4175496,15.120821,0.0,3.8518326,0.0,17.502527
1,460,461.0,10.0,1.0,1.0,442.0,1.0,1.0,1.0,0.999985,1.0,-0.0,0.0,-1.5025756e-05,-0.0,0.5692415,3.112722,0.83438,3.7310116,0.803458,2.5956914,1.0,10.88148,-2.1403573,0.9537037,203.73943,1.0,0.0,0.0,0.0,0.0,0,11.220707,0.0,9.443102,0.0,5.2227545,17.884533,0.0,3.1011858,0.0,17.778547
2,460,461.0,10.0,1.0,1.0,434.0,1.0,1.0,1.0,0.98531944,1.0,-0.0,0.0,-8.864607e-06,-0.01467166,0.75260997,3.4293942,1.1173732,2.0205383,0.9365247,2.3493972,0.0,10.178152,-1.5859208,0.9444444,207.1089,1.0,0.0,0.0,0.0,0.0,0,12.08347,0.36402607,11.3269825,0.0,4.3133526,17.124207,0.0,5.819882,0.0,18.167273
3,460,461.0,10.0,1.0,1.0,441.0,1.0,1.0,1.0,0.99998975,1.0,-0.0,0.0,-1.0258912e-05,-0.0,0.4985325,2.9382546,0.6920269,1.4697727,0.9273597,3.3886251,1.0,10.387506,-2.3341095,0.9537037,198.62674,1.0,0.0,0.0,0.0,0.0,0,9.369487,0.0,7.416969,0.0,5.017115,21.039072,0.0,3.2724106,0.0,23.166954
0,461,462.0,10.0,1.0,1.0,440.0,1.0,1.0,1.0,0.99999344,1.0,-0.0,0.0,-6.580692e-06,-0.0,0.53235406,2.8974316,0.8459974,4.4468637,0.9793108,2.6200037,1.0,11.364079,-2.78877,0.9537037,205.74654,1.0,0.0,0.0,0.0,0.0,0,12.105362,0.0,10.973969,0.0,3.5537848,15.0720625,0.0,3.9346275,0.0,17.460676
1,461,462.0,10.0,1.0,1.0,443.0,1.0,1.0,1.0,0.9859667,1.0,-0.0,0.0,-8.595127e-06,-0.014024734,0.50395316,3.054547,0.8288559,5.8414836,0.8053225,2.575104,0.0,12.616338,-1.7659469,0.9537037,204.04175,1.0,0.0,0.0,0.0,0.0,0,12.006346,0.0,9.837655,0.0,5.772835,18.38213,0.0,3.1186512,0.0,17.867168
2,461,462.0,10.0,1.0,1.0,435.0,1.0,1.0,1.0,0.98352814,1.0,-0.0,0.0,-8.255651e-06,-0.01646356,0.4955232,3.3681955,1.1317085,2.1335907,0.9338442,2.3583753,0.0,10.377178,-3.7670174,0.9444444,207.44312,1.0,0.0,0.0,0.0,0.0,0,10.618792,0.0,9.760579,0.0,3.7826724,17.479124,0.0,5.8687468,0.0,18.345703
3,461,462.0,10.0,1.0,1.0,442.0,1.0,1.0,1.0,0.9999872,1.0,-0.0,0.0,-1.2811282e-05,-0.0,0.34142733,2.999058,0.71651053,2.2486188,0.92456955,3.3893182,1.0,10.885024,-3.2699769,0.9537037,198.96548,1.0,0.0,0.0,0.0,0.0,0,7.0509653,0.0,5.55161,0.0,4.006427,21.151268,0.0,3.2487764,0.0,23.192163
0,462,463.0,10.0,1.0,1.0,441.0,1.0,1.0,1.0,0.999987,1.0,-0.0,0.0,-1.2971285e-05,-0.0,0.60931927,2.832473,0.8164064,3.044771,0.9787084,2.6274621,1.0,9.865775,-3.8260882,0.9537037,206.35927,1.0,0.0,0.0,0.0,0.0,0,11.706402,0.0,10.502424,0.0,3.9209707,15.02102,0.0,4.0960193,0.0,17.44983
1,462,463.0,10.0,1.0,1.0,444.0,1.0,1.0,1.0,0.9999847,1.0,-0.0,0.0,-1.5330921e-05,-0.0,0.71209,2.8657615,0.78708744,3.4597228,0.8041324,2.5836008,1.0,10.707651,-1.5773056,0.9537037,204.78426,1.0,0.0,0.0,0.0,0.0,0,12.740556,0.0,9.796763,0.0,6.6711144,18.327894,0.0,3.2402723,0.0,17.891275
2,462,463.0,10.0,1.0,1.0,436.0,1.0,1.0,1.0,0.985,1.0,-0.0,0.0,-8.306652e-06,-0.014991721,0.3442716,3.4380977,1.1199337,2.553431,0.93100125,2.3613605,0.0,10.718894,-5.03242,0.9444444,207.81601,1.0,0.0,0.0,0.0,0.0,0,11.06903,0.0,10.086556,0.0,3.8460734,17.547821,0.0,5.8486824,0.0,18.273113
3,462,463.0,10.0,1.0,1.0,443.0,1.0,1.0,1.0,0.99999136,1.0,-0.0,0.0,-8.633007e-06,-0.0,0.5767368,2.9204714,0.70646334,2.695111,0.92983663,3.1916265,1.0,11.075919,-0.97200555,0.9537037,199.36084,1.0,0.0,0.0,0.0,0.0,0,12.624415,0.0,10.837417,0.0,5.4165015,21.117994,0.0,3.320014,0.0,23.150204
0,463,464.0,10.0,1.0,1.0,442.0,1.0,1.0,1.0,0.9999881,1.0,-0.0,0.0,-1.1943074e-05,-0.0,0.57502615,3.031365,0.85751283,3.0153208,0.978618,2.632819,1.0,10.114877,-3.344382,0.9537037,206.6992,1.0,0.0,0.0,0.0,0.0,0,9.420819,0.0,8.734218,0.0,5.12092,15.122955,0.0,4.082625,0.0,17.460587
1,463,464.0,10.0,1.0,1.0,445.0,1.0,1.0,1.0,0.999982,1.0,-0.0,0.0,-1.7987351e-05,-0.0,0.7456381,3.0915186,0.855522,3.1660168,0.8047702,2.6041214,1.0,10.60081,-1.5947735,0.9537037,205.25069,1.0,0.0,0.0,0.0,0.0,0,9.882559,0.0,8.25152,0.0,5.4101124,18.441177,0.0,3.2166533,0.0,17.897985
2,463,464.0,10.0,1.0,1.0,437.0,1.0,1.0,1.0,0.98662823,1.0,-0.0,0.0,-1.14681325e-05,-0.013360335,0.67742765,3.3710592,1.1068827,3.0678215,0.92380184,2.4011343,0.0,11.0569,-1.5628496,0.9444444,208.09967,1.0,0.0,0.0,0.0,0.0,0,13.190471,0.0,12.608106,0.0,4.2825456,19.400576,0.0,5.8060975,0.0,17.331877
3,463,464.0,10.0,1.0,1.0,444.0,1.0,1.0,1.0,0.9999749,1.0,-0.0,0.0,-2.5096442e-05,-0.0,0.73366314,2.6660836,0.8424487,1.6403983,0.9265246,3.2031333,1.0,9.68298,-1.635517,0.9537037,200.24104,1.0,0.0,0.0,0.0,0.0,0,11.056654,0.37178755,9.823682,0.0,5.1679835,18.52114,0.0,3.5163474,0.0,22.140661
0,464,465.0,10.0,1.0,1.0,443.0,1.0,1.0,1.0,0.99466395,1.0,-0.0,0.0,-1.04521105e-05,-0.0053256196,0.3656972,2.9450173,0.907839,5.3195367,0.979933,2.6214972,0.0,12.122682,-4.0787935,0.9537037,206.9993,1.0,0.0,0.0,0.0,0.0,0,12.946264,0.0,12.257098,0.0,3.7532775,15.123984,0.0,4.2251925,0.0,17.503292
1,464,465.0,10.0,1.0,1.0,446.0,1.0,1.0,1.0,0.9999897,1.0,-0.0,0.0,-1.02848635e-05,-0.0,0.3920801,3.1296678,0.83509237,4.207322,0.7937355,2.7268715,1.0,11.52962,-3.4395409,0.9537037,205.59035,1.0,0.0,0.0,0.0,0.0,0,11.049863,0.0,9.946545,0.0,4.2993746,21.226017,0.0,3.374489,0.0,17.961914
2,464,465.0,10.0,1.0,1.0,438.0,1.0,1.0,1.0,0.9845429,1.0,-0.0,0.0,-1.4794899e-05,-0.015442329,0.6713733,3.3549075,1.1235386,2.2032573,0.9166661,2.4053686,0.0,9.975118,-3.322619,0.9444444,208.85252,1.0,0.0,0.0,0.0,0.0,0,12.068073,1.7906371,11.592457,0.0,4.534501,17.038164,0.0,5.6381226,0.0,17.991169
3,464,465.0,10.0,1.0,1.0,445.0,1.0,1.0,1.0,0.9999816,1.0,-0.0,0.0,-1.8426941e-05,-0.0,0.57515204,2.9453425,0.80427194,1.4499351,0.92595834,3.244171,1.0,10.213978,-2.6686034,0.9537037,200.67058,1.0,0.0,0.0,0.0,0.0,0,7.8113127,0.0,7.9863625,0.0,4.0986905,20.680584,0.0,3.6568344,0.0,23.239597
0,465,466.0,10.0,1.0,1.0,444.0,1.0,1.0,1.0,0.9999796,1.0,-0.0,0.0,-2.0394546e-05,-0.0,0.63943416,2.8257213,0.83838505,2.9978771,0.9807292,2.61492,1.0,10.463544,-3.0869572,0.9537037,207.73738,1.0,0.0,0.0,0.0,0.0,0,12.332314,0.0,10.710654,0.0,5.3046637,14.928219,0.0,4.3980803,0.0,17.569042
1,465,466.0,10.0,1.0,1.0,447.0,1.0,1.0,1.0,0.99404204,1.0,-0.0,0.0,-1.1414864e-05,-0.0059465333,0.62910914,3.0362346,0.803807,5.3567915,0.798065,2.6694305,0.0,12.471962,-0.76804775,0.9537037,205.71234,1.0,0.0,0.0,0.0,0.0,0,11.190142,0.0,7.4554677,0.0,5.919027,18.07657,0.0,3.3978517,0.0,17.809269
2,465,466.0,10.0,1.0,1.0,439.0,1.0,1.0,1.0,0.97956514,1.0,-0.0,0.0,-1.4908125e-05,-0.02041997,0.42262897,3.5519388,1.1633598,2.8432295,0.915659,2.4170551,0.0,10.990873,-4.5593333,0.9444444,209.15677,1.0,0.0,0.0,0.0,0.0,0,9.816333,0.0,8.991675,0.0,4.583621,18.727245,0.0,5.8416905,0.0,17.241583
3,465,466.0,10.0,1.0,1.0,446.0,1.0,1.0,1.0,0.99998623,1.0,-0.0,0.0,-1.379177e-05,-0.0,0.20061657,2.9366813,0.7628404,3.0465698,0.91720104,3.3907037,1.0,11.519158,-4.5208454,0.9537037,200.98155,1.0,0.0,0.0,0.0,0.0,0,7.713238,0.99980265,6.941168,0.0,4.5787034,19.027231,0.0,3.4786963,0.0,21.698631
0,466,467.0,10.0,1.0,1.0,445.0,1.0,1.0,1.0,0.9999847,1.0,-0.0,0.0,-1.5322994e-05,-0.0,0.8145236,3.0739143,0.9174198,3.1111476,0.9804835,2.6209,1.0,9.86428,-2.403098,0.9537037,208.25018,1.0,0.0,0.0,0.0,0.0,0,10.832643,0.0,10.003174,0.0,5.207675,15.084876,0.0,4.383514,0.0,17.532755
1,466,467.0,10.0,1.0,1.0,448.0,1.0,1.0,1.0,0.99998945,1.0,-0.0,0.0,-1.05786e-05,-0.0,0.71419626,3.0937588,0.85247344,2.7170944,0.7980868,2.6582642,1.0,10.367714,-2.0033224,0.9537037,206.18692,1.0,0.0,0.0,0.0,0.0,0,11.141466,0.0,9.505224,0.0,4.9158764,18.168495,0.0,3.3980737,0.0,17.74403
2,466,467.0,10.0,1.0,1.0,440.0,1.0,1.0,1.0,0.9848297,1.0,-0.0,0.0,-9.9033105e-06,-0.015160395,0.53439474,3.4786203,1.1212832,4.668452,0.91138595,2.4376924,0.0,12.3031025,-2.6486452,0.9444444,209.24432,1.0,0.0,0.0,0.0,0.0,0,13.315844,0.0,11.174142,0.0,4.717563,17.956667,0.0,5.6274805,0.0,17.251337
3,466,467.0,10.0,1.0,1.0,447.0,1.0,1.0,1.0,0.9999873,1.0,-0.0,0.0,-1.2698575e-05,-0.0,0.5160451,2.9470327,0.67060345,4.014217,0.91098714,3.472821,1.0,12.312011,-1.2665418,0.9537037,201.10588,1.0,0.0,0.0,0.0,0.0,0,11.016855,0.0,8.226324,0.0,5.24897,21.648449,0.0,3.27903,0.0,22.984163
0,467,468.0,10.0,1.0,1.0,446.0,1.0,1.0,1.0,0.9999926,1.0,-0.0,0.0,-7.3935853e-06,-0.0,0.53573775,3.045064,0.9132195,2.8958764,0.9727068,2.8484554,1.0,10.191999,-3.2457812,0.9537037,208.55367,1.0,0.0,0.0,0.0,0.0,0,10.6160145,0.0,9.207859,0.0,4.355392,15.03495,0.0,4.776699,0.0,18.032188
1,467,468.0,10.0,1.0,1.0,449.0,1.0,1.0,0.0,0.9999872,1.0,-0.0,0.0,-1.279587e-05,-0.0,0.67259,2.910241,0.877385,3.8213959,0.77756464,2.8923604,1.0,11.250604,-0.45285654,0.9537037,206.18692,1.0,0.0,0.0,0.0,0.0,0,12.643396,0.0,10.0702,0.0,5.9065914,21.81908,0.0,3.6212115,0.0,17.881601
2,467,468.0,10.0,1.0,1.0,441.0,1.0,1.0,1.0,0.9898453,1.0,-0.0,0.0,-1.3305327e-05,-0.010141462,0.8417908,3.401998,1.0811317,2.5290978,0.9103396,2.4222307,0.0,9.952282,-2.405255,0.9444444,209.90932,1.0,0.0,0.0,0.0,0.0,0,13.226337,2.1902537,13.623745,0.0,4.1034446,16.534124,0.0,5.939396,0.0,18.047052
3,467,468.0,10.0,1.0,1.0,448.0,1.0,1.0,1.0,0.99998933,1.0,-0.0,0.0,-1.06817e-05,-0.0,0.5862128,2.8582666,0.7086778,1.1736832,0.90395844,3.5078087,1.0,10.343928,-2.5118263,0.9537037,201.5187,1.0,0.0,0.0,0.0,0.0,0,9.473551,0.0,7.926206,0.0,4.5273595,21.33451,0.0,3.2672687,0.0,22.907358
0,468,469.0,10.0,1.0,1.0,447.0,1.0,1.0,1.0,0.99998695,1.0,-0.0,0.0,-1.3024868e-05,-0.0,0.5796902,2.9694066,0.93228835,4.4995427,0.97860366,2.777779,1.0,11.618387,-2.2977767,0.9537037,208.74069,1.0,0.0,0.0,0.0,0.0,0,12.427486,0.0,10.3847475,0.0,5.7274218,14.705942,0.0,4.8885183,0.0,17.457129
1,468,469.0,10.0,1.0,1.0,450.0,1.0,1.0,0.0,0.99998796,1.0,-0.0,0.0,-1.2016357e-05,-0.0,0.77605546,3.022212,0.87974304,2.4641995,0.78545034,2.7876244,1.0,10.475139,-1.1892868,0.9537037,206.18692,1.0,0.0,0.0,0.0,0.0,0,11.496794,0.0,9.46563,0.0,5.4287434,17.8798,0.0,3.5308793,0.0,17.589392
2,468,469.0,10.0,1.0,1.0,442.0,1.0,1.0,1.0,0.9826349,1.0,-0.0,0.0,-1.3583354e-05,-0.017351482,0.6589282,3.554074,1.1388118,2.1714091,0.908555,2.4293296,0.0,10.4340925,-3.3042123,0.9444444,210.23944,1.0,0.0,0.0,0.0,0.0,0,10.800001,0.0,10.193882,0.0,3.8017693,17.160204,0.0,5.8181376,0.0,18.016254
3,468,469.0,10.0,1.0,1.0,449.0,1.0,1.0,1.0,0.99998474,1.0,-0.0,0.0,-1.5229924e-05,-0.0,0.5139101,2.7398338,0.66276735,2.8465314,0.9027483,3.5198386,1.0,11.446973,-1.6469499,0.9537037,201.90532,1.0,0.0,0.0,0.0,0.0,0,10.447508,0.0,8.676408,0.0,5.887263,20.545359,0.0,3.3980813,0.0,23.408068
0,469,470.0,10.0,1.0,1.0,448.0,1.0,1.0,1.0,0.9999892,1.0,-0.0,0.0,-1.080408e-05,-0.0,0.7662576,3.033834,0.8989806,2.5902576,0.97859615,2.7662015,1.0,9.941723,-2.3140972,0.9537037,209.12883,1.0,0.0,0.0,0.0,0.0,0,11.356747,0.0,10.025687,0.0,4.935906,14.760439,0.0,4.9691634,0.0,17.379408
1,469,470.0,10.0,1.0,1.0,451.0,1.0,1.0,1.0,0.9948431,1.0,-0.0,0.0,-1.9230425e-05,-0.0051375944,0.39032584,2.9872591,1.0411007,3.2987263,0.7679694,2.9950035,0.0,10.806602,-2.5995476,0.9537037,206.9737,1.0,0.0,0.0,0.0,0.0,0,10.133264,0.0,8.077242,0.0,6.415767,21.846254,0.0,3.640691,0.0,17.83525
2,469,470.0,10.0,1.0,1.0,443.0,1.0,1.0,1.0,0.9767168,1.0,-0.0,0.0,-1.0411954e-05,-0.023272727,0.38636363,3.5121613,1.1861818,5.4146523,0.90268135,2.4702277,0.0,12.940812,-3.8831782,0.9444444,210.50429,1.0,0.0,0.0,0.0,0.0,0,12.794404,0.0,10.579586,0.0,4.84845,19.137987,0.0,5.973997,0.0,17.149397
3,469,470.0,10.0,1.0,1.0,450.0,1.0,1.0,0.0,0.9999904,1.0,-0.0,0.0,-9.583048e-06,-0.0,0.73707736,2.9207752,0.7064388,1.6061637,0.90002084,3.5554643,1.0,10.849267,-0.82261765,0.9537037,201.90532,1.0,0.0,0.0,0.0,0.0,0,8.398598,0.0,8.830689,0.0,4.229988,21.556507,0.0,3.2209446,0.0,23.014496
0,470,471.0,10.0,1.0,1.0,449.0,1.0,1.0,0.0,0.9999896,1.0,-0.0,0.0,-1.03446455e-05,-0.0,0.7718876,2.9497986,0.97503775,3.1862266,0.97290945,2.8763487,1.0,10.450806,-0.71684736,0.9537037,209.12883,1.0,0.0,0.0,0.0,0.0,0,11.718004,0.0,10.340126,0.0,6.2657595,14.8033,0.0,4.877219,0.0,17.645914
1,470,471.0,10.0,1.0,1.0,452.0,1.0,1.0,0.0,0.9999851,1.0,-0.0,0.0,-1.4871654e-05,-0.0,0.6140936,2.942495,0.9690486,3.6508405,0.7800796,2.8305368,1.0,11.323746,-0.9095026,0.9537037,206.9737,1.0,0.0,0.0,0.0,0.0,0,12.360345,0.0,8.820189,0.0,5.7710433,18.04163,0.0,3.5712729,0.0,17.652962
2,470,471.0,10.0,1.0,1.0,444.0,1.0,1.0,1.0,0.99361604,1.0,-0.0,0.0,-2.2102973e-05,-0.006361853,0.7015336,3.3182178,1.0508949,2.3643417,0.89669555,2.518864,0.0,10.949795,-2.652551,0.9444444,211.19423,1.0,0.0,0.0,0.0,0.0,0,13.63389,0.0,11.575789,0.0,5.593508,18.156996,0.0,5.873649,0.0,17.242712
3,470,471.0,10.0,1.0,1.0,451.0,1.0,1.0,0.0,0.9999857,1.0,-0.0,0.0,-1.4303526e-05,-0.0,0.5541969,2.6844556,0.8176605,1.7777889,0.87662935,4.021231,1.0,10.334434,-1.4587333,0.9537037,201.90532,1.0,0.0,0.0,0.0,0.0,0,9.22642,0.37687448,7.970638,0.0,5.4264703,20.271324,0.0,3.1207435,0.0,21.15887
0,471,472.0,10.0,1.0,1.0,450.0,1.0,1.0,0.0,0.9999904,1.0,-0.0,0.0,-9.596545e-06,-0.0,0.8119993,2.9769902,0.98729134,2.6971433,0.9773362,2.7893085,1.0,9.907961,-2.3474238,0.9537037,209.12883,1.0,0.0,0.0,0.0,0.0,0,11.582942,0.0,9.939459,0.0,5.1119733,15.001365,0.0,5.051582,0.0,17.325909
1,471,472.0,10.0,1.0,1.0,453.0,1.0,1.0,1.0,0.99998724,1.0,-0.0,0.0,-1.2769114e-05,-0.0,0.21345094,2.943416,0.928175,2.2360525,0.7874308,2.7049677,1.0,10.329538,-6.757374,0.9537037,207.4922,1.0,0.0,0.0,0.0,0.0,0,11.74543,0.0,9.774499,0.0,5.1063914,18.126953,0.0,3.5802767,0.0,17.637394
2,471,472.0,10.0,1.0,1.0,445.0,1.0,1.0,1.0,0.9859994,1.0,-0.0,0.0,-1.846795e-05,-0.013982121,0.9096496,3.606183,1.1118569,2.2398999,0.89658314,2.5045285,0.0,10.219503,-1.7914017,0.9444444,211.71825,1.0,0.0,0.0,0.0,0.0,0,11.479545,0.9933434,10.498276,0.0,4.4080324,17.011562,0.0,5.7184634,0.0,17.999514
3,471,472.0,10.0,1.0,1.0,452.0,1.0,1.0,0.0,0.9999896,1.0,-0.0,0.0,-1.034437e-05,-0.0,0.5216509,2.648744,0.7884547,2.057391,0.88743895,3.7694194,1.0,10.925803,-2.1736686,0.9537037,201.90532,1.0,0.0,0.0,0.0,0.0,0,10.148741,0.6120081,8.8858385,0.0,5.745224,18.829908,0.0,3.2259796,0.0,21.159409
0,472,473.0,10.0,1.0,1.0,451.0,1.0,1.0,1.0,0.9964584,1.0,-0.0,0.0,-1.8655559e-05,-0.003522914,0.42307302,2.9435668,1.0281833,3.183523,0.9594854,3.1501534,0.0,10.3509245,-3.2541518,0.9537037,209.64668,1.0,0.0,0.0,0.0,0.0,0,10.827688,0.0,8.986286,0.0,7.132229,16.177784,0.0,4.962688,0.0,18.0171
1,472,473.0,10.0,1.0,1.0,454.0,1.0,1.0,0.0,0.99997723,1.0,-0.0,0.0,-2.2752869e-05,-0.0,0.43739825,2.926757,0.91179806,4.304083,0.7919303,2.6191075,1.0,12.085973,-2.9673269,0.9537037,207.4922,1.0,0.0,0.0,0.0,0.0,0,10.829137,0.0,7.4240274,0.0,5.8080683,18.269346,0.0,3.5904133,0.0,17.827332
2,472,473.0,10.0,1.0,1.0,446.0,1.0,1.0,1.0,0.98302495,1.0,-0.0,0.0,-9.7682605e-06,-0.01696524,0.4956238,3.5713918,1.1357219,2.2900095,0.88204855,2.6985939,0.0,10.729557,-4.4881616,0.9444444,212.09097,1.0,0.0,0.0,0.0,0.0,0,11.773734,0.0,12.045543,0.0,2.4672859,25.163074,0.0,6.8745165,0.0,19.16018
3,472,473.0,10.0,1.0,1.0,453.0,1.0,1.0,1.0,0.99998474,1.0,-0.0,0.0,-1.5262069e-05,-0.0,0.05484838,2.6330528,0.7958185,1.9671488,0.8906124,3.6353693,1.0,10.957469,-7.1368713,0.9537037,202.49532,1.0,0.0,0.0,1.0,0.0,0,8.53012,0.0,8.381226,0.0,3.4580388,21.270382,0.0,3.2767303,0.0,23.830685
0,473,474.0,10.0,1.0,1.0,452.0,1.0,1.0,0.0,0.9999844,1.0,-0.0,0.0,-1.5644988e-05,-0.0,0.60186017,2.9219317,0.9603325,3.2882686,0.9762135,2.915542,1.0,10.733115,-2.117454,0.9537037,209.64668,1.0,0.0,0.0,0.0,0.0,0,12.905973,0.0,9.975862,0.0,6.483381,14.845133,0.0,5.073616,0.0,17.497599
1,473,474.0,10.0,1.0,1.0,455.0,1.0,1.0,0.0,0.99998516,1.0,-0.0,0.0,-1.4823514e-05,-0.0,0.41000396,3.0612915,0.8039503,3.0293064,0.79521984,2.5580251,1.0,11.095475,-4.392094,0.9537037,207.4922,1.0,0.0,0.0,0.0,0.0,0,11.266266,0.0,8.628396,0.0,5.919092,18.103104,0.0,3.6313713,0.0,17.756113
2,473,474.0,10.0,1.0,1.0,447.0,1.0,1.0,1.0,0.98203284,1.0,-0.0,0.0,-1.7004984e-05,-0.017950196,0.66840124,3.5215292,1.1436015,3.9340448,0.8780821,2.7067034,0.0,12.1174135,-2.1522558,0.9444444,212.24637,1.0,0.0,0.0,0.0,0.0,0,12.95793,0.0,11.307855,0.0,4.876556,18.704182,0.0,6.2230034,0.0,17.1953
3,473,474.0,10.0,1.0,1.0,454.0,1.0,1.0,1.0,0.99997264,1.0,-0.0,0.0,-2.7348236e-05,-0.0,0.31846985,2.7956057,0.7257335,3.994864,0.90032536,3.5037894,1.0,12.480735,-3.3310196,0.9537037,202.66656,1.0,0.0,0.0,0.0,0.0,0,10.345213,0.0,7.633605,0.0,5.4253836,19.9694,0.0,3.5044487,0.0,22.82317
0,474,475.0,10.0,1.0,1.0,453.0,1.0,1.0,1.0,0.99998915,1.0,-0.0,0.0,-1.0868503e-05,-0.0,0.32520592,2.989198,0.9625713,2.677628,0.9779273,2.8602476,1.0,9.905399,-6.6657467,0.9537037,210.2306,1.0,0.0,0.0,0.0,0.0,0,12.207022,0.0,10.535151,0.0,5.296219,14.898801,0.0,5.163533,0.0,17.543076
1,474,475.0,10.0,1.0,1.0,456.0,1.0,1.0,0.0,0.99998355,1.0,-0.0,0.0,-1.6440901e-05,-0.0,0.3084436,3.0587366,0.8726055,3.1003098,0.8002188,2.4784524,1.0,11.325172,-5.401581,0.9537037,207.4922,1.0,0.0,0.0,0.0,0.0,0,9.224132,0.0,7.104449,0.0,5.069705,17.94828,0.0,3.6121924,0.0,17.816141
2,474,475.0,10.0,1.0,1.0,448.0,1.0,1.0,1.0,0.98727834,1.0,-0.0,0.0,-1.37403695e-05,-0.012707908,0.75043666,3.5059795,1.1016632,2.1236625,0.8788667,2.689587,0.0,10.537413,-3.293614,0.9444444,212.64062,1.0,0.0,0.0,0.0,0.0,0,12.0865755,1.152451,11.956438,0.0,3.6682582,16.833923,0.0,6.171815,0.0,18.165613
3,474,475.0,10.0,1.0,1.0,455.0,1.0,1.0,1.0,0.9999865,1.0,-0.0,0.0,-1.34859065e-05,-0.0,0.3356781,2.8130083,0.69321233,1.9249165,0.89959455,3.4912558,1.0,11.161015,-4.6174164,0.9537037,202.92422,1.0,0.0,0.0,1.0,0.0,0,8.672993,0.0,8.108214,0.0,4.4975147,21.262339,0.0,3.1969662,0.0,22.833952
0,475,476.0,10.0,1.0,1.0,454.0,1.0,1.0,0.0,0.9999832,1.0,-0.0,0.0,-1.6818678e-05,-0.0,0.50062764,2.9361107,0.9826826,3.6624005,0.9780402,2.8363383,1.0,11.115599,-3.332014,0.9537037,210.2306,1.0,0.0,0.0,0.0,0.0,0,10.930513,0.0,8.104352,0.0,5.3379464,15.020393,0.0,5.220432,0.0,17.606022
1,475,476.0,10.0,1.0,1.0,457.0,1.0,1.0,0.0,0.99998635,1.0,-0.0,0.0,-1.3642976e-05,-0.0,0.30985177,3.42131,0.8321587,3.52606,0.8073112,2.3903527,1.0,11.633183,-5.1128483,0.9537037,207.4922,1.0,0.0,0.0,0.0,0.0,0,9.897891,0.0,7.6872015,0.0,5.0437465,18.24305,0.0,3.5934715,0.0,17.848497
2,475,476.0,10.0,1.0,1.0,449.0,1.0,1.0,0.0,0.9788627,1.0,-0.0,0.0,-1.1325243e-05,-0.02112597,0.6675515,3.5573852,1.1690078,3.3145874,0.8745026,2.7881858,0.0,11.599669,-2.5486379,0.9444444,212.64062,1.0,0.0,0.0,0.0,0.0,0,12.822663,0.0,10.888209,0.0,5.7903914,19.932497,0.0,5.973466,0.0,17.648708
3,475,476.0,10.0,1.0,1.0,456.0,1.0,1.0,0.0,0.999988,1.0,-0.0,0.0,-1.1954039e-05,-0.0,0.4011087,2.8534155,0.73124677,2.1317558,0.9087787,3.3268454,1.0,11.201522,-4.0384707,0.9537037,202.92422,1.0,0.0,0.0,1.0,0.0,0,7.4235144,0.0,7.612045,0.0,4.361783,19.506773,0.0,3.2778795,0.0,22.344645
0,476,477.0,10.0,1.0,1.0,455.0,1.0,1.0,0.0,0.9999871,1.0,-0.0,0.0,-1.2844842e-05,-0.0,0.41663647,3.027862,0.92688704,2.8760767,0.9782478,2.8072114,1.0,10.628583,-4.8231435,0.9537037,210.2306,1.0,0.0,0.0,0.0,0.0,0,10.87953,0.0,8.899069,0.0,5.133143,14.89069,0.0,5.2433844,0.0,17.452478
1,476,477.0,10.0,1.0,1.0,458.0,1.0,1.0,0.0,0.9999869,1.0,-0.0,0.0,-1.3125716e-05,-0.0,0.4867751,2.7296886,0.880129,2.7113264,0.8095683,2.335027,1.0,11.287687,-4.5943174,0.9537037,207.4922,1.0,0.0,0.0,0.0,0.0,0,10.023506,0.0,7.344496,0.0,5.021376,17.992033,0.0,3.7101958,0.0,17.96347
2,476,477.0,10.0,1.0,1.0,450.0,1.0,1.0,0.0,0.97866845,1.0,-0.0,0.0,-1.2510432e-05,-0.02131902,0.82483107,3.5101302,1.1705521,2.1814787,0.8808209,2.746607,0.0,10.700112,-2.9357922,0.9444444,212.64062,1.0,0.0,0.0,0.0,0.0,0,11.0900755,1.3650568,10.392947,0.0,4.1846313,16.848612,0.0,6.8141575,0.0,18.284636
3,476,477.0,10.0,1.0,1.0,457.0,1.0,1.0,0.0,0.9999894,1.0,-0.0,0.0,-1.0588243e-05,-0.0,0.35359675,3.108402,0.7123024,2.3070364,0.91173697,3.2540486,1.0,11.441448,-4.440212,0.9537037,202.92422,1.0,0.0,0.0,1.0,0.0,0,7.3883214,0.0,7.1358976,0.0,4.1889267,20.870686,0.0,3.2655823,0.0,22.518597
0,477,478.0,10.0,1.0,1.0,456.0,1.0,1.0,0.0,0.9999839,1.0,-0.0,0.0,-1.6070124e-05,-0.0,0.38459712,3.1028368,0.9793578,3.1136625,0.98268783,2.7303143,1.0,10.708643,-5.09078,0.9537037,210.2306,1.0,0.0,0.0,0.0,0.0,0,9.983851,0.0,8.492257,0.0,4.904543,14.822439,0.0,5.20059,0.0,17.512291
1,477,478.0,10.0,1.0,1.0,459.0,1.0,1.0,0.0,0.99998367,1.0,-0.0,0.0,-1.6312892e-05,-0.0,0.66563416,3.1732872,0.7910502,3.2272365,0.8178665,2.2514024,1.0,11.455282,-2.6257586,0.9537037,207.4922,1.0,0.0,0.0,0.0,0.0,0,10.306673,0.0,7.4794645,0.0,5.604215,17.934055,0.0,3.6165807,0.0,17.889177
2,477,478.0,10.0,1.0,1.0,451.0,1.0,1.0,1.0,0.95577615,1.0,-0.0,0.0,-2.0394584e-05,-0.044203456,0.35783762,3.641716,1.3536277,2.7029417,0.87961394,2.8695374,0.0,10.786493,-5.7119045,0.9444444,213.41866,1.0,0.0,0.0,0.0,0.0,0,10.802015,0.3430956,12.24589,0.0,4.853776,22.094917,0.0,6.56379,0.0,17.955753
3,477,478.0,10.0,1.0,1.0,458.0,1.0,1.0,0.0,0.9999876,1.0,-0.0,0.0,-1.2375455e-05,-0.0,0.55083597,2.51686,0.73038054,2.0123866,0.9253424,2.9777038,1.0,11.3471155,-3.3762,0.9537037,202.92422,1.0,0.0,0.0,1.0,0.0,0,7.8725786,0.0,7.558774,0.0,4.1796374,20.94586,0.0,3.348767,0.0,22.945293
0,478,479.0,10.0,1.0,1.0,457.0,1.0,1.0,0.0,0.9999873,1.0,-0.0,0.0,-1.2707779e-05,-0.0,0.34244543,3.3623145,0.98360956,3.283981,0.9871849,2.646164,1.0,10.931153,-5.4681516,0.9537037,210.2306,1.0,0.0,0.0,0.0,0.0,0,9.7633505,0.0,8.003095,0.0,4.727595,15.082881,0.0,5.1087694,0.0,17.356798
1,478,479.0,10.0,1.0,1.0,460.0,1.0,1.0,1.0,0.99998933,1.0,-0.0,0.0,-1.0651196e-05,-0.0,0.3553614,2.9440668,0.8512749,2.6770434,0.8221981,2.1872125,1.0,10.987129,-6.311367,0.9537037,208.00723,1.0,0.0,0.0,0.0,0.0,0,8.232947,0.0,6.8930316,0.0,3.8502223,18.043615,0.0,3.6153617,0.0,18.063538
2,478,479.0,10.0,1.0,1.0,452.0,1.0,1.0,0.0,0.9622853,1.0,-0.0,0.0,-1.51180175e-05,-0.037699576,0.6331295,3.4601257,1.3015966,2.743185,0.87201774,2.880156,0.0,11.234401,-3.4979236,0.9444444,213.41866,1.0,0.0,0.0,0.0,0.0,0,12.583595,0.0,11.139723,0.0,4.717528,17.906242,0.0,6.4367466,0.0,17.454723
3,478,479.0,10.0,1.0,1.0,459.0,1.0,1.0,0.0,0.9999851,1.0,-0.0,0.0,-1.4881523e-05,-0.0,0.70327485,2.8975015,0.68477917,2.030585,0.92985976,2.8695374,1.0,11.211607,-1.5690541,0.9537037,202.92422,1.0,0.0,0.0,1.0,0.0,0,7.003407,0.0,6.4628563,0.0,4.558159,20.394342,0.0,3.2745085,0.0,22.649752
0,479,480.0,10.0,1.0,1.0,458.0,1.0,1.0,0.0,0.99884886,1.0,-0.0,0.0,-1.1540299e-05,-0.0011395663,0.53962135,2.7341695,1.0091165,2.9687526,0.99110293,2.5769272,0.0,10.773858,-4.574514,0.9537037,210.2306,1.0,0.0,0.0,0.0,0.0,0,10.570257,0.0,8.708019,0.0,4.601621,14.868486,0.0,5.2107334,0.0,17.842659
1,479,480.0,10.0,1.0,1.0,461.0,1.0,1.0,0.0,0.99998224,1.0,-0.0,0.0,-1.7782611e-05,-0.0,0.7186942,3.2715673,0.79754275,4.359745,0.8276906,2.124031,1.0,12.364768,-1.0997792,0.9537037,208.00723,1.0,0.0,0.0,0.0,0.0,0,8.720422,0.0,6.568813,0.0,5.1915736,18.087542,0.0,3.6189115,0.0,18.091127
2,479,480.0,10.0,1.0,1.0,453.0,1.0,1.0,1.0,0.97029936,1.0,-0.0,0.0,-1.4808092e-05,-0.02968585,0.38073584,3.5106704,1.2374867,2.4498641,0.8743291,2.8360624,0.0,10.787369,-7.2601914,0.9444444,213.86464,1.0,0.0,0.0,0.0,0.0,0,11.149429,1.7401038,11.536616,0.0,4.3312807,16.92716,0.0,6.817829,0.0,18.506605
3,479,480.0,10.0,1.0,1.0,460.0,1.0,1.0,0.0,0.99999046,1.0,-0.0,0.0,-9.523337e-06,-0.0,0.40759966,2.732917,0.7193965,1.7091001,0.9339399,2.7763698,1.0,10.744588,-5.052029,0.9537037,202.92422,1.0,0.0,0.0,1.0,0.0,0,6.8114085,0.0,6.647858,0.0,3.4390013,20.37547,0.0,3.3329947,0.0,22.6405
0,480,481.0,10.0,1.0,1.0,459.0,1.0,1.0,0.0,0.99998444,1.0,-0.0,0.0,-1.5545293e-05,-0.0,0.7206902,3.103969,0.98086286,2.9369419,0.9975649,2.46896,1.0,10.468901,-2.8727455,0.9537037,210.2306,1.0,0.0,0.0,0.0,0.0,0,9.554238,0.0,7.975603,0.0,4.8266654,14.942956,0.0,5.0604634,0.0,17.423172
1,480,481.0,10.0,1.0,1.0,462.0,1.0,1.0,1.0,0.9999875,1.0,-0.0,0.0,-1.2536563e-05,-0.0,0.382822,2.9740555,0.80504483,2.69046,0.8307177,2.0793397,1.0,10.7199955,-6.334162,0.9537037,208.6133,1.0,0.0,0.0,0.0,0.0,0,9.0977545,0.0,7.587573,0.0,3.6384327,18.201832,0.0,3.6498582,0.0,18.101227
2,480,481.0,10.0,1.0,1.0,454.0,1.0,1.0,0.0,0.9677014,1.0,-0.0,0.0,-2.2713904e-05,-0.032275915,0.51726884,3.542765,1.2582073,3.8109338,0.8777049,2.8531234,0.0,12.193187,-4.4892235,0.9444444,213.86464,1.0,0.0,0.0,0.0,0.0,0,10.492647,0.0,9.080819,0.0,4.4715867,19.448318,0.0,6.544703,0.0,17.616362
3,480,481.0,10.0,1.0,1.0,461.0,1.0,1.0,0.0,0.99998295,1.0,-0.0,0.0,-1.7067443e-05,-0.0,0.62928647,2.939481,0.6616706,2.604422,0.9387415,2.6488247,1.0,11.678282,-1.6734554,0.9537037,202.92422,1.0,0.0,0.0,0.0,0.0,0,7.042236,0.0,6.578423,0.0,4.095129,20.288372,0.0,3.3432252,0.0,22.677008
0,481,482.0,10.0,1.0,1.0,460.0,1.0,1.0,1.0,0.99556917,1.0,-0.0,0.0,-1.0162047e-05,-0.004420674,0.38705206,2.9103506,1.0321536,3.4130242,1.0032117,2.372274,0.0,10.145691,-7.2291856,0.9537037,210.71791,1.0,0.0,0.0,0.0,0.0,0,9.178318,0.0,7.4792314,0.0,4.0087953,15.076606,0.0,4.961267,0.0,17.554985
1,481,482.0,10.0,1.0,1.0,463.0,1.0,1.0,0.0,0.99998516,1.0,-0.0,0.0,-1.482659e-05,-0.0,0.8282207,3.3222382,0.7778117,3.7946715,0.8344941,2.0451806,1.0,11.825833,-0.33918303,0.9537037,208.6133,1.0,0.0,0.0,0.0,0.0,0,8.625843,0.0,6.6938043,0.0,5.020006,18.022913,0.0,3.6198184,0.0,18.068674
2,481,482.0,10.0,1.0,1.0,455.0,1.0,1.0,0.0,0.98057455,1.0,-0.0,0.0,-1.0969544e-05,-0.01941449,0.50844663,3.611426,1.1553159,2.3659966,0.87950695,2.8842301,0.0,11.071866,-5.863591,0.9444444,213.86464,1.0,0.0,0.0,0.0,0.0,0,11.575133,0.8470653,11.643431,0.0,3.9885712,17.433025,0.0,7.0456944,0.0,18.957417
3,481,482.0,10.0,1.0,1.0,462.0,1.0,1.0,1.0,0.999988,1.0,-0.0,0.0,-1.1979726e-05,-0.0,0.3220353,2.7720432,0.67396057,1.670188,0.9439361,2.5235207,1.0,10.833617,-5.905381,0.9537037,203.41597,1.0,0.0,0.0,0.0,0.0,0,7.495531,0.0,6.0176353,0.0,3.2938738,20.174704,0.0,3.341157,0.0,22.670734
0,482,483.0,10.0,1.0,1.0,461.0,1.0,1.0,0.0,0.99600106,1.0,-0.0,0.0,-1.7127697e-05,-0.0039818464,0.7686019,3.1465366,1.0243747,3.6016204,1.00748,2.3016014,0.0,11.038472,-1.7117774,0.9537037,210.71791,1.0,0.0,0.0,0.0,0.0,0,8.418723,0.0,7.408262,0.0,4.2404284,15.264418,0.0,4.9776173,0.0,17.498695
1,482,483.0,10.0,1.0,1.0,464.0,1.0,1.0,1.0,0.9999854,1.0,-0.0,0.0,-1.4573595e-05,-0.0,0.3679201,2.9823327,0.7858647,2.851477,0.8371777,2.023635,1.0,10.559649,-6.6789603,0.9537037,209.25633,1.0,0.0,0.0,0.0,0.0,1,9.261115,0.0,7.8838215,0.0,2.8591812,18.08561,0.0,3.6444392,0.0,18.243874
2,482,483.0,10.0,1.0,1.0,456.0,1.0,1.0,0.0,0.97369236,1.0,-0.0,0.0,-1.8534025e-05,-0.026289105,0.4543014,3.625899,1.2103128,2.6247797,0.8851693,2.845431,0.0,11.2179985,-6.230193,0.9444444,213.86464,1.0,0.0,0.0,0.0,0.0,0,9.734978,0.15924205,9.11868,0.0,3.7599494,17.057047,0.0,6.79968,0.0,18.601315
3,482,483.0,10.0,1.0,1.0,463.0,1.0,1.0,0.0,0.9999843,1.0,-0.0,0.0,-1.5672067e-05,-0.0,0.68384933,3.1095347,0.60308933,2.785377,0.9500383,2.371284,1.0,11.840789,-0.9615095,0.9537037,203.41597,1.0,0.0,0.0,0.0,0.0,0,6.89332,0.0,6.394883,0.0,4.216596,20.157429,0.0,3.4024498,0.0,22.595234
0,483,484.0,10.0,1.0,1.0,462.0,1.0,1.0,1.0,0.9968814,1.0,-0.0,0.0,-1.5200583e-05,-0.0031033647,0.36606193,2.867501,1.0148289,3.4068258,1.009998,2.2538345,0.0,10.318087,-7.3738313,0.9537037,211.31706,1.0,0.0,0.0,0.0,0.0,0,9.762939,0.0,8.818501,0.0,2.850816,15.291107,0.0,4.8976,0.0,17.609928
2,483,484.0,10.0,1.0,1.0,457.0,1.0,1.0,0.0,0.9765702,1.0,-0.0,0.0,-1.3117713e-05,-0.023416674,0.40940344,4.0124216,1.1873333,3.1179335,0.8875935,2.8470812,0.0,11.73015,-6.0845566,0.9444444,213.86464,1.0,0.0,0.0,0.0,0.0,0,10.37765,0.0,8.974185,0.0,4.2352505,18.898293,0.0,6.463663,0.0,17.515104
3,483,484.0,10.0,1.0,1.0,464.0,1.0,1.0,1.0,0.99998903,1.0,-0.0,0.0,-1.0977203e-05,-0.0,0.32223463,2.8367438,0.64012,1.5741696,0.9588328,2.2882998,1.0,10.615687,-5.7911305,0.9537037,203.98839,1.0,0.0,0.0,0.0,0.0,1,6.03745,0.0,5.8887825,0.0,3.4175465,19.645025,0.0,2.7158897,0.0,19.809284
0,484,485.0,10.0,1.0,1.0,463.0,1.0,1.0,0.0,0.99853486,1.0,-0.0,0.0,-1.6138061e-05,-0.0014489633,0.93003213,3.2377687,0.984656,3.7754376,1.0115917,2.2085798,0.0,11.079989,0.066773035,0.9537037,211.31706,1.0,0.0,0.0,0.0,0.0,0,9.225342,0.0,7.412221,0.0,4.9431252,15.347608,0.0,4.900955,0.0,17.523325
2,484,485.0,10.0,1.0,1.0,458.0,1.0,1.0,0.0,0.9734312,1.0,-0.0,0.0,-1.52593e-05,-0.02655352,0.5554199,3.2809987,1.2124281,2.6691372,0.8901649,2.8498292,0.0,11.415422,-6.016574,0.9444444,213.86464,1.0,0.0,0.0,0.0,0.0,0,10.217617,1.4729223,11.06587,0.0,2.6613376,16.94444,0.0,6.939598,0.0,19.383585
0,485,486.0,10.0,1.0,1.0,464.0,1.0,1.0,1.0,0.9982924,1.0,-0.0,0.0,-1.7605453e-05,-0.0016900012,0.39415395,2.8653622,0.9996213,3.9324527,1.01352,2.1757305,0.0,10.081043,-7.573816,0.9537037,212.00969,1.0,0.0,0.0,0.0,0.0,1,9.71191,0.0,8.518764,0.0,3.2479944,15.392025,0.0,4.9056683,0.0,17.656643
2,485,486.0,10.0,1.0,1.0,459.0,1.0,1.0,0.0,0.97620934,1.0,-0.0,0.0,-2.2338902e-05,-0.023768295,0.81476086,3.7840743,1.1901463,2.76705,0.899104,2.771855,0.0,11.375962,-2.895887,0.9444444,213.86464,1.0,0.0,0.0,0.0,0.0,0,8.6737995,0.0,8.192177,0.0,3.7388892,16.83007,0.0,6.3554053,0.0,18.50549
2,486,487.0,10.0,1.0,1.0,460.0,1.0,1.0,0.0,0.97041744,1.0,-0.0,0.0,-1.0591138e-05,-0.02957196,0.43958688,3.5569742,1.2365756,3.127459,0.9101258,2.7497401,0.0,10.963253,-7.7427354,0.9444444,213.86464,1.0,0.0,0.0,0.0,0.0,0,9.270988,0.0,8.8457985,0.0,2.4124773,16.427164,0.0,6.2746925,0.0,18.780153
2,487,488.0,10.0,1.0,1.0,461.0,1.0,1.0,0.0,0.97435427,1.0,-0.0,0.0,-1.8173874e-05,-0.02562754,0.7339746,3.7772171,1.2050203,3.3600912,0.91584736,2.7208369,0.0,11.899629,-3.0899858,0.9444444,213.86464,1.0,0.0,0.0,0.0,0.0,0,9.731193,0.0,8.861406,0.0,3.8310337,18.486069,0.0,6.050647,0.0,17.575079
2,488,489.0,10.0,1.0,1.0,462.0,1.0,1.0,1.0,0.97486717,1.0,-0.0,0.0,-1.5185633e-05,-0.025117619,0.40989444,3.5435226,1.200941,3.3291974,0.91911423,2.7176704,0.0,10.870367,-8.295852,0.9444444,214.41794,1.0,0.0,0.0,0.0,0.0,0,9.459105,2.2133381,9.595884,0.0,2.6227617,16.681765,0.0,6.479123,0.0,19.071081
2,489,490.0,10.0,1.0,1.0,463.0,1.0,1.0,0.0,0.9747867,1.0,-0.0,0.0,-1.4419795e-05,-0.025198853,0.94922256,3.8894448,1.2015908,2.948911,0.92525256,2.7104604,0.0,11.293704,-1.510377,0.9444444,214.41794,1.0,0.0,0.0,0.0,0.0,0,8.789675,0.0,7.8451967,0.0,4.391374,17.348177,0.0,6.611067,0.0,18.999308
2,490,491.0,10.0,1.0,1.0,464.0,1.0,1.0,1.0,0.9760607,1.0,-0.0,0.0,-1.7718728e-05,-0.023921626,0.40966943,3.5381217,1.191373,4.5038905,0.9291452,2.7153654,0.0,10.722639,-9.3119545,0.9444444,215.08824,1.0,0.0,0.0,0.0,0.0,1,9.790956,0.53758574,9.925068,0.0,2.8553627,17.49836,0.0,6.43003,0.0,19.1911
