# https://github.com/mikedh/trimesh

o geometry_0
v -0.04169990 0.00685704 -0.04350853 0.54509804 0.71372549 0.60000000
v -0.04169170 0.00685704 -0.04771547 0.54509804 0.71372549 0.60000000
v -0.04168350 0.00545550 -0.04771547 0.54509804 0.71372549 0.60000000
v -0.04165890 0.00265241 -0.03790087 0.54509804 0.71372549 0.60000000
v -0.04165890 0.00265241 -0.03509944 0.54509804 0.71372549 0.60000000
v -0.04168350 0.00538237 -0.03376588 0.54509804 0.71372549 0.60000000
v -0.04169170 0.00678392 -0.03376588 0.54509804 0.71372549 0.60000000
v -0.04169170 0.00685704 -0.03376588 0.54509804 0.71372549 0.60000000
v -0.04167529 0.00825859 -0.03376588 0.54509804 0.71372549 0.60000000
v -0.04167529 0.00825859 -0.04630996 0.54509804 0.71372549 0.60000000
v -0.04163429 0.00825859 -0.04771547 0.54509804 0.71372549 0.60000000
v -0.04147844 0.00685704 -0.04911618 0.54509804 0.71372549 0.60000000
v -0.04148664 0.00545550 -0.04911618 0.54509804 0.71372549 0.60000000
v -0.04166709 0.00405395 -0.04771547 0.54509804 0.71372549 0.60000000
v -0.04160968 -0.00015068 -0.03790087 0.54509804 0.71372549 0.60000000
v -0.04160968 -0.00015068 -0.03509944 0.54509804 0.71372549 0.60000000
v -0.04163429 0.00257928 -0.03376588 0.54509804 0.71372549 0.60000000
v -0.04115034 0.00944076 -0.03376588 0.54509804 0.71372549 0.60000000
v -0.04115034 0.00944076 -0.04630996 0.54509804 0.71372549 0.60000000
v -0.04110932 0.00937982 -0.04771547 0.54509804 0.71372549 0.60000000
v -0.04092887 0.00919701 -0.04875641 0.54509804 0.71372549 0.60000000
v -0.03234085 0.01341383 -0.07093760 0.54509804 0.71372549 0.60000000
v -0.03359584 0.01025731 -0.07055863 0.54509804 0.71372549 0.60000000
v -0.03373528 0.00931889 -0.07093760 0.54509804 0.71372549 0.60000000
v -0.03446530 0.00685704 -0.07013170 0.54509804 0.71372549 0.60000000
v -0.03471138 0.00545550 -0.07013170 0.54509804 0.71372549 0.60000000
v -0.03499846 0.00298147 -0.07054425 0.54509804 0.71372549 0.60000000
v -0.03504768 0.00204304 -0.07084166 0.54509804 0.71372549 0.60000000
v -0.03506409 0.00125086 -0.07086084 0.54509804 0.71372549 0.60000000
v -0.03507229 -0.00015068 -0.07087523 0.54509804 0.71372549 0.60000000
v -0.03505588 -0.00155223 -0.07085605 0.54509804 0.71372549 0.60000000
v -0.03503948 -0.00228347 -0.07083686 0.54509804 0.71372549 0.60000000
v -0.04142922 0.00405395 -0.04911618 0.54509804 0.71372549 0.60000000
v -0.04146203 -0.00435532 -0.04771547 0.54509804 0.71372549 0.60000000
v -0.04152766 -0.00295377 -0.03790087 0.54509804 0.71372549 0.60000000
v -0.04152766 -0.00295377 -0.03509944 0.54509804 0.71372549 0.60000000
v -0.04151125 -0.00302690 -0.03376588 0.54509804 0.71372549 0.60000000
v -0.04154406 -0.00155223 -0.03376588 0.54509804 0.71372549 0.60000000
v -0.00806967 0.04228567 -0.03376588 0.54509804 0.71372549 0.60000000
v -0.00806967 0.04228567 -0.03509944 0.54509804 0.71372549 0.60000000
v -0.00806967 0.04227348 -0.06312333 0.54509804 0.71372549 0.60000000
v -0.00875868 0.04157880 -0.06312333 0.54509804 0.71372549 0.60000000
v -0.02535233 0.02450432 -0.06873099 0.54509804 0.71372549 0.60000000
v -0.02530311 0.02445557 -0.07013170 0.54509804 0.71372549 0.60000000
v -0.02667293 0.02301747 -0.06973835 0.54509804 0.71372549 0.60000000
v -0.02659911 0.02294434 -0.07067376 0.54509804 0.71372549 0.60000000
v -0.02790330 0.02140874 -0.07013170 0.54509804 0.71372549 0.60000000
v -0.02842006 0.02070187 -0.07013170 0.54509804 0.71372549 0.60000000
v -0.02911727 0.01971469 -0.07013170 0.54509804 0.71372549 0.60000000
v -0.02959302 0.01902001 -0.07013170 0.54509804 0.71372549 0.60000000
v -0.02951099 0.01888595 -0.07091361 0.54509804 0.71372549 0.60000000
v -0.03070036 0.01715535 -0.07013170 0.54509804 0.71372549 0.60000000
v -0.03108587 0.01644849 -0.07013170 0.54509804 0.71372549 0.60000000
v -0.03097104 0.01622912 -0.07096638 0.54509804 0.71372549 0.60000000
v -0.02262090 0.01215854 -0.08221047 0.54509804 0.71372549 0.60000000
v -0.02396611 0.00934326 -0.08218169 0.54509804 0.71372549 0.60000000
v -0.02521288 0.00608924 -0.08198981 0.54509804 0.71372549 0.60000000
v -0.03385832 0.00825859 -0.07104792 0.54509804 0.71372549 0.60000000
v -0.02528671 0.00515081 -0.08210974 0.54509804 0.71372549 0.60000000
v -0.02537694 0.00405395 -0.08219608 0.54509804 0.71372549 0.60000000
v -0.02546716 0.00265241 -0.08227283 0.54509804 0.71372549 0.60000000
v -0.02551638 0.00125086 -0.08231121 0.54509804 0.71372549 0.60000000
v -0.02553278 -0.00015068 -0.08232080 0.54509804 0.71372549 0.60000000
v -0.02550817 -0.00155223 -0.08230641 0.54509804 0.71372549 0.60000000
v -0.03465396 -0.00575686 -0.07013170 0.54509804 0.71372549 0.60000000
v -0.04064999 -0.01206991 -0.04841583 0.54509804 0.71372549 0.60000000
v -0.04070741 -0.01136304 -0.04848298 0.54509804 0.71372549 0.60000000
v -0.04081404 -0.00996150 -0.04860770 0.54509804 0.71372549 0.60000000
v -0.04119135 -0.00855995 -0.04771547 0.54509804 0.71372549 0.60000000
v -0.04129799 -0.00715841 -0.04771547 0.54509804 0.71372549 0.60000000
v -0.04138821 -0.00575686 -0.04771547 0.54509804 0.71372549 0.60000000
v -0.02545076 -0.00295377 -0.08226324 0.54509804 0.71372549 0.60000000
v -0.02535233 -0.00435532 -0.08217210 0.54509804 0.71372549 0.60000000
v -0.02527030 -0.00531812 -0.08209535 0.54509804 0.71372549 0.60000000
v -0.03383371 -0.00855995 -0.07102394 0.54509804 0.71372549 0.60000000
v -0.03371067 -0.00953494 -0.07091841 0.54509804 0.71372549 0.60000000
v -0.04139641 -0.00575686 -0.04630996 0.54509804 0.71372549 0.60000000
v -0.04140462 -0.00575686 -0.04210781 0.54509804 0.71372549 0.60000000
v -0.04147023 -0.00435532 -0.03930638 0.54509804 0.71372549 0.60000000
v -0.04147023 -0.00435532 -0.03376588 0.54509804 0.71372549 0.60000000
v -0.00740526 0.04284628 -0.03376588 0.54509804 0.71372549 0.60000000
v -0.00736425 0.04287066 -0.05471904 0.54509804 0.71372549 0.60000000
v -0.00736425 0.04285847 -0.06312333 0.54509804 0.71372549 0.60000000
v -0.00724942 0.04277316 -0.06421704 0.54509804 0.71372549 0.60000000
v -0.02383487 0.02578399 -0.07084166 0.54509804 0.71372549 0.60000000
v -0.02389228 0.02583274 -0.07013170 0.54509804 0.71372549 0.60000000
v -0.02524570 0.02439464 -0.07085125 0.54509804 0.71372549 0.60000000
v -0.02825601 0.02048250 -0.07100955 0.54509804 0.71372549 0.60000000
v -0.02113624 0.01474225 -0.08214331 0.54509804 0.71372549 0.60000000
v -0.02142333 0.01386477 -0.08230161 0.54509804 0.71372549 0.60000000
v -0.02184166 0.01256072 -0.08243593 0.54509804 0.71372549 0.60000000
v -0.02289158 0.01106168 -0.08234958 0.54509804 0.71372549 0.60000000
v -0.02415476 0.00825859 -0.08231600 0.54509804 0.71372549 0.60000000
v -0.02438443 0.00685704 -0.08239276 0.54509804 0.71372549 0.60000000
v -0.02453208 0.00265241 -0.08263740 0.54509804 0.71372549 0.60000000
v -0.02453208 0.00405395 -0.08255586 0.54509804 0.71372549 0.60000000
v -0.02453208 0.00125086 -0.08267578 0.54509804 0.71372549 0.60000000
v -0.02453208 -0.00015068 -0.08268538 0.54509804 0.71372549 0.60000000
v -0.02453208 -0.00155223 -0.08267098 0.54509804 0.71372549 0.60000000
v -0.02453208 -0.00295377 -0.08262301 0.54509804 0.71372549 0.60000000
v -0.03934579 -0.02079605 -0.04713504 0.54509804 0.71372549 0.60000000
v -0.04069100 -0.01383708 -0.04720699 0.54509804 0.71372549 0.60000000
v -0.04088786 -0.01136304 -0.04771547 0.54509804 0.71372549 0.60000000
v -0.04106011 -0.00996150 -0.04771547 0.54509804 0.71372549 0.60000000
v -0.04113393 -0.00996150 -0.04630996 0.54509804 0.71372549 0.60000000
v -0.04124056 -0.00855995 -0.04630996 0.54509804 0.71372549 0.60000000
v -0.04132259 -0.00715841 -0.04630996 0.54509804 0.71372549 0.60000000
v -0.02453208 -0.00435532 -0.08253667 0.54509804 0.71372549 0.60000000
v -0.02433522 -0.00715841 -0.08238316 0.54509804 0.71372549 0.60000000
v -0.02410555 -0.00855995 -0.08228723 0.54509804 0.71372549 0.60000000
v -0.02394150 -0.00954713 -0.08215771 0.54509804 0.71372549 0.60000000
v -0.03229984 -0.01361770 -0.07089922 0.54509804 0.71372549 0.60000000
v -0.04133079 -0.00715841 -0.03790087 0.54509804 0.71372549 0.60000000
v -0.04140462 -0.00582999 -0.03376588 0.54509804 0.71372549 0.60000000
v -0.00737245 0.04287066 -0.03376588 0.54509804 0.71372549 0.60000000
v -0.00737245 0.04287066 -0.03650016 0.54509804 0.71372549 0.60000000
v -0.00731504 0.04290722 -0.03376588 0.54509804 0.71372549 0.60000000
v -0.00630613 0.04350440 -0.05612455 0.54509804 0.71372549 0.60000000
v -0.00630613 0.04349221 -0.06312333 0.54509804 0.71372549 0.60000000
v -0.00639636 0.04306566 -0.06461999 0.54509804 0.71372549 0.60000000
v -0.00692132 0.04254160 -0.06514765 0.54509804 0.71372549 0.60000000
v -0.01567338 0.02036062 -0.08220088 0.54509804 0.71372549 0.60000000
v -0.01987306 0.02874552 -0.07098077 0.54509804 0.71372549 0.60000000
v -0.02142333 0.02747804 -0.07103833 0.54509804 0.71372549 0.60000000
v -0.01987306 0.01616818 -0.08222006 0.54509804 0.71372549 0.60000000
v -0.02033240 0.01522975 -0.08235438 0.54509804 0.71372549 0.60000000
v -0.02032420 0.01386477 -0.08266139 0.54509804 0.71372549 0.60000000
v -0.02172682 0.01106168 -0.08271415 0.54509804 0.71372549 0.60000000
v -0.02312945 0.00825859 -0.08267578 0.54509804 0.71372549 0.60000000
v -0.02312945 0.00685704 -0.08275733 0.54509804 0.71372549 0.60000000
v -0.02312945 0.00545550 -0.08276692 0.54509804 0.71372549 0.60000000
v -0.02312945 -0.00575686 -0.08276692 0.54509804 0.71372549 0.60000000
v -0.02312945 -0.00715841 -0.08274294 0.54509804 0.71372549 0.60000000
v -0.03916533 -0.02172229 -0.04668892 0.54509804 0.71372549 0.60000000
v -0.03938680 -0.02122261 -0.04625719 0.54509804 0.71372549 0.60000000
v -0.03974771 -0.01976013 -0.04630996 0.54509804 0.71372549 0.60000000
v -0.04004300 -0.01835858 -0.04630996 0.54509804 0.71372549 0.60000000
v -0.03788574 -0.02617067 -0.04570554 0.54509804 0.71372549 0.60000000
v -0.04030548 -0.01696922 -0.04630996 0.54509804 0.71372549 0.60000000
v -0.04051874 -0.01556768 -0.04630996 0.54509804 0.71372549 0.60000000
v -0.04071560 -0.01401989 -0.04630996 0.54509804 0.71372549 0.60000000
v -0.04086325 -0.01276459 -0.04630996 0.54509804 0.71372549 0.60000000
v -0.04100269 -0.01136304 -0.04630996 0.54509804 0.71372549 0.60000000
v -0.04113393 -0.00996150 -0.03376588 0.54509804 0.71372549 0.60000000
v -0.04101090 -0.01136304 -0.04210781 0.54509804 0.71372549 0.60000000
v -0.04124056 -0.00855995 -0.03509944 0.54509804 0.71372549 0.60000000
v -0.02312945 -0.00855995 -0.08264700 0.54509804 0.71372549 0.60000000
v -0.02321968 -0.00999806 -0.08240235 0.54509804 0.71372549 0.60000000
v -0.02282596 -0.01136304 -0.08232560 0.54509804 0.71372549 0.60000000
v -0.02257168 -0.01235022 -0.08218169 0.54509804 0.71372549 0.60000000
v -0.03092182 -0.01643298 -0.07092321 0.54509804 0.71372549 0.60000000
v -0.01879853 -0.07861283 -0.03376588 0.54509804 0.71372549 0.60000000
v -0.03654053 -0.02907126 -0.04573912 0.54509804 0.71372549 0.60000000
v -0.04133079 -0.00715841 -0.03376588 0.54509804 0.71372549 0.60000000
v -0.00626512 0.04352877 -0.03376588 0.54509804 0.71372549 0.60000000
v -0.00538745 0.04393096 -0.06172262 0.54509804 0.71372549 0.60000000
v -0.00537925 0.04391877 -0.06312333 0.54509804 0.71372549 0.60000000
v -0.00451799 0.04407721 -0.06405395 0.54509804 0.71372549 0.60000000
v -0.00495272 0.04372377 -0.06452405 0.54509804 0.71372549 0.60000000
v -0.00599444 0.04278535 -0.06540669 0.54509804 0.71372549 0.60000000
v -0.01144089 0.02307840 -0.08214331 0.54509804 0.71372549 0.60000000
v -0.01409850 0.02162811 -0.08209535 0.54509804 0.71372549 0.60000000
v -0.01824076 0.02998863 -0.07084646 0.54509804 0.71372549 0.60000000
v -0.01331927 0.02187186 -0.08225844 0.54509804 0.71372549 0.60000000
v -0.01463166 0.02084812 -0.08231121 0.54509804 0.71372549 0.60000000
v -0.01472189 0.01947095 -0.08270456 0.54509804 0.71372549 0.60000000
v -0.01892157 0.01526632 -0.08271895 0.54509804 0.71372549 0.60000000
v -0.02172682 0.00966013 -0.08276692 0.54509804 0.71372549 0.60000000
v -0.02032420 0.01246322 -0.08276692 0.54509804 0.71372549 0.60000000
v -0.02172682 -0.00996150 -0.08276692 0.54509804 0.71372549 0.60000000
v -0.02172682 -0.01136304 -0.08269017 0.54509804 0.71372549 0.60000000
v -0.03926377 -0.02192947 -0.04575351 0.54509804 0.71372549 0.60000000
v -0.03977231 -0.01976013 -0.04490924 0.54509804 0.71372549 0.60000000
v -0.03946062 -0.02116167 -0.04490924 0.54509804 0.71372549 0.60000000
v -0.04005120 -0.01835858 -0.04490924 0.54509804 0.71372549 0.60000000
v -0.03790215 -0.02621942 -0.04490924 0.54509804 0.71372549 0.60000000
v -0.03821384 -0.02536631 -0.04490924 0.54509804 0.71372549 0.60000000
v -0.03868138 -0.02396476 -0.04490924 0.54509804 0.71372549 0.60000000
v -0.04029728 -0.01696922 -0.03376588 0.54509804 0.71372549 0.60000000
v -0.04051874 -0.01556768 -0.04490924 0.54509804 0.71372549 0.60000000
v -0.04004300 -0.01843171 -0.03376588 0.54509804 0.71372549 0.60000000
v -0.04063358 -0.01467800 -0.03376588 0.54509804 0.71372549 0.60000000
v -0.04071560 -0.01401989 -0.03376588 0.54509804 0.71372549 0.60000000
v -0.04086325 -0.01276459 -0.03376588 0.54509804 0.71372549 0.60000000
v -0.04123236 -0.00863308 -0.03376588 0.54509804 0.71372549 0.60000000
v -0.04101090 -0.01136304 -0.03376588 0.54509804 0.71372549 0.60000000
v -0.02180065 -0.01280115 -0.08240715 0.54509804 0.71372549 0.60000000
v -0.02133310 -0.01416613 -0.08225364 0.54509804 0.71372549 0.60000000
v -0.02107883 -0.01494612 -0.08209535 0.54509804 0.71372549 0.60000000
v -0.02944538 -0.01908982 -0.07085125 0.54509804 0.71372549 0.60000000
v -0.01751894 -0.07974626 -0.03376588 0.54509804 0.71372549 0.60000000
v -0.03790215 -0.02623161 -0.03376588 0.54509804 0.71372549 0.60000000
v -0.02819039 -0.02067418 -0.07096638 0.54509804 0.71372549 0.60000000
v -0.02689440 -0.02218541 -0.07101915 0.54509804 0.71372549 0.60000000
v -0.01979924 -0.01639642 -0.08217689 0.54509804 0.71372549 0.60000000
v -0.01555855 -0.02056449 -0.08213372 0.54509804 0.71372549 0.60000000
v -0.00538745 0.04393096 -0.03376588 0.54509804 0.71372549 0.60000000
v -0.00469024 0.04412596 -0.06172262 0.54509804 0.71372549 0.60000000
v -0.00468204 0.04412596 -0.06312333 0.54509804 0.71372549 0.60000000
v -0.00350908 0.04439408 -0.06312333 0.54509804 0.71372549 0.60000000
v -0.00350908 0.04418689 -0.06431778 0.54509804 0.71372549 0.60000000
v -0.00350908 0.04388221 -0.06501814 0.54509804 0.71372549 0.60000000
v -0.00491171 0.04299253 -0.06558898 0.54509804 0.71372549 0.60000000
v -0.00850440 0.02439464 -0.08207616 0.54509804 0.71372549 0.60000000
v -0.01051401 0.02329777 -0.08229202 0.54509804 0.71372549 0.60000000
v -0.01331927 0.02087249 -0.08261821 0.54509804 0.71372549 0.60000000
v -0.01190843 0.02233497 -0.08238796 0.54509804 0.71372549 0.60000000
v -0.01191664 0.02087249 -0.08276213 0.54509804 0.71372549 0.60000000
v -0.00350908 0.02367558 -0.08276692 0.54509804 0.71372549 0.60000000
v -0.01331927 -0.01976013 -0.08276692 0.54509804 0.71372549 0.60000000
v -0.02032420 -0.01276459 -0.08275733 0.54509804 0.71372549 0.60000000
v -0.02032420 -0.01416613 -0.08261342 0.54509804 0.71372549 0.60000000
v -0.03906690 -0.02266072 -0.04490924 0.54509804 0.71372549 0.60000000
v -0.03927197 -0.02195385 -0.04490924 0.54509804 0.71372549 0.60000000
v -0.03977231 -0.01976013 -0.04070710 0.54509804 0.71372549 0.60000000
v -0.03927197 -0.02195385 -0.04350853 0.54509804 0.71372549 0.60000000
v -0.03926377 -0.02192947 -0.03376588 0.54509804 0.71372549 0.60000000
v -0.03943601 -0.02119823 -0.03376588 0.54509804 0.71372549 0.60000000
v -0.03974771 -0.01983325 -0.03376588 0.54509804 0.71372549 0.60000000
v -0.03818104 -0.02541506 -0.03376588 0.54509804 0.71372549 0.60000000
v -0.03867319 -0.02396476 -0.03509944 0.54509804 0.71372549 0.60000000
v -0.03868138 -0.02396476 -0.04070710 0.54509804 0.71372549 0.60000000
v -0.03907510 -0.02264853 -0.04350853 0.54509804 0.71372549 0.60000000
v -0.04049414 -0.01564080 -0.03376588 0.54509804 0.71372549 0.60000000
v -0.03976411 -0.01976013 -0.03376588 0.54509804 0.71372549 0.60000000
v -0.02029139 -0.01548237 -0.08230161 0.54509804 0.71372549 0.60000000
v 0.01750572 -0.07977063 -0.03376588 0.54509804 0.71372549 0.60000000
v -0.01303218 -0.02210010 -0.08222966 0.54509804 0.71372549 0.60000000
v -0.01125224 -0.02328227 -0.08206177 0.54509804 0.71372549 0.60000000
v -0.01051401 -0.02344071 -0.08220088 0.54509804 0.71372549 0.60000000
v -0.00728223 -0.02474475 -0.08212892 0.54509804 0.71372549 0.60000000
v -0.00630613 -0.02486663 -0.08223446 0.54509804 0.71372549 0.60000000
v -0.00491171 -0.02501287 -0.08233519 0.54509804 0.71372549 0.60000000
v -0.00350908 -0.02513475 -0.08239276 0.54509804 0.71372549 0.60000000
v -0.00210645 -0.02520787 -0.08240715 0.54509804 0.71372549 0.60000000
v -0.00070382 -0.02525662 -0.08240715 0.54509804 0.71372549 0.60000000
v -0.01472189 -0.01976013 -0.08265659 0.54509804 0.71372549 0.60000000
v -0.01606710 -0.01967482 -0.08227763 0.54509804 0.71372549 0.60000000
v -0.01472189 -0.02085699 -0.08229202 0.54509804 0.71372549 0.60000000
v -0.00468204 0.04412596 -0.03376588 0.54509804 0.71372549 0.60000000
v -0.00469024 0.04412596 -0.05612455 0.54509804 0.71372549 0.60000000
v -0.00350908 0.04440626 -0.06172262 0.54509804 0.71372549 0.60000000
v -0.00210645 0.04460126 -0.06312333 0.54509804 0.71372549 0.60000000
v -0.00213926 0.04424782 -0.06464397 0.54509804 0.71372549 0.60000000
v -0.00262321 0.04396752 -0.06518603 0.54509804 0.71372549 0.60000000
v -0.00350908 0.04318753 -0.06571849 0.54509804 0.71372549 0.60000000
v -0.00630613 0.02471151 -0.08233040 0.54509804 0.71372549 0.60000000
v -0.00770876 0.02452870 -0.08218649 0.54509804 0.71372549 0.60000000
v -0.00902936 0.02372433 -0.08234958 0.54509804 0.71372549 0.60000000
v -0.01051401 0.02227404 -0.08265659 0.54509804 0.71372549 0.60000000
v -0.00911138 0.02227404 -0.08276213 0.54509804 0.71372549 0.60000000
v 0.00349585 0.02367558 -0.08276692 0.54509804 0.71372549 0.60000000
v -0.00491171 0.02367558 -0.08275733 0.54509804 0.71372549 0.60000000
v -0.00070382 0.02507713 -0.08245992 0.54509804 0.71372549 0.60000000
v 0.00069060 0.02507713 -0.08246471 0.54509804 0.71372549 0.60000000
v -0.00770876 -0.02256322 -0.08276692 0.54509804 0.71372549 0.60000000
v -0.01191664 -0.02116167 -0.08272855 0.54509804 0.71372549 0.60000000
v -0.01892157 -0.01556768 -0.08266619 0.54509804 0.71372549 0.60000000
v -0.03908331 -0.02259978 -0.03376588 0.54509804 0.71372549 0.60000000
v -0.03819744 -0.02536631 -0.03376588 0.54509804 0.71372549 0.60000000
v -0.03866498 -0.02396476 -0.03376588 0.54509804 0.71372549 0.60000000
v 0.01837518 -0.07949032 -0.03376588 0.54509804 0.71372549 0.60000000
v 0.00069060 -0.02525662 -0.08240715 0.54509804 0.71372549 0.60000000
v 0.00209323 -0.02520787 -0.08240715 0.54509804 0.71372549 0.60000000
v 0.00349585 -0.02513475 -0.08239276 0.54509804 0.71372549 0.60000000
v 0.00489028 -0.02501287 -0.08233519 0.54509804 0.71372549 0.60000000
v 0.00629291 -0.02486663 -0.08223446 0.54509804 0.71372549 0.60000000
v 0.00727721 -0.02474475 -0.08213372 0.54509804 0.71372549 0.60000000
v -0.01342590 -0.02128355 -0.08244552 0.54509804 0.71372549 0.60000000
v -0.01179360 -0.02256322 -0.08231121 0.54509804 0.71372549 0.60000000
v -0.00911138 -0.02372102 -0.08236877 0.54509804 0.71372549 0.60000000
v -0.00630613 -0.02396476 -0.08259903 0.54509804 0.71372549 0.60000000
v -0.00491171 -0.02396476 -0.08269976 0.54509804 0.71372549 0.60000000
v -0.00350908 -0.02396476 -0.08275253 0.54509804 0.71372549 0.60000000
v -0.00210645 -0.02396476 -0.08276692 0.54509804 0.71372549 0.60000000
v -0.00350908 0.04439408 -0.03376588 0.54509804 0.71372549 0.60000000
v -0.00350908 0.04440626 -0.04911618 0.54509804 0.71372549 0.60000000
v -0.00210645 0.04461345 -0.03509944 0.54509804 0.71372549 0.60000000
v -0.00070382 0.04472313 -0.04210781 0.54509804 0.71372549 0.60000000
v -0.00070382 0.04471095 -0.06312333 0.54509804 0.71372549 0.60000000
v -0.00070382 0.04440626 -0.06452405 0.54509804 0.71372549 0.60000000
v -0.00168812 0.04402846 -0.06526278 0.54509804 0.71372549 0.60000000
v -0.00268063 0.02575962 -0.08200900 0.54509804 0.71372549 0.60000000
v -0.00491171 0.02486994 -0.08239276 0.54509804 0.71372549 0.60000000
v -0.00630613 0.02367558 -0.08269497 0.54509804 0.71372549 0.60000000
v -0.00770876 0.02367558 -0.08255106 0.54509804 0.71372549 0.60000000
v 0.00489028 0.02367558 -0.08275733 0.54509804 0.71372549 0.60000000
v 0.00909816 0.02227404 -0.08276213 0.54509804 0.71372549 0.60000000
v 0.01190341 0.02087249 -0.08276213 0.54509804 0.71372549 0.60000000
v 0.02031097 0.01246322 -0.08276692 0.54509804 0.71372549 0.60000000
v -0.00350908 0.02500400 -0.08240715 0.54509804 0.71372549 0.60000000
v -0.00217207 0.02521119 -0.08234958 0.54509804 0.71372549 0.60000000
v -0.00070382 0.02582056 -0.08210014 0.54509804 0.71372549 0.60000000
v 0.00069060 0.02582056 -0.08210014 0.54509804 0.71372549 0.60000000
v 0.00349585 0.02500400 -0.08240715 0.54509804 0.71372549 0.60000000
v -0.00911138 -0.02256322 -0.08272855 0.54509804 0.71372549 0.60000000
v -0.01051401 -0.02256322 -0.08256065 0.54509804 0.71372549 0.60000000
v 0.01884273 -0.07931970 -0.03376588 0.54509804 0.71372549 0.60000000
v 0.00209323 -0.02396476 -0.08276692 0.54509804 0.71372549 0.60000000
v 0.00349585 -0.02396476 -0.08275253 0.54509804 0.71372549 0.60000000
v 0.00489028 -0.02396476 -0.08269976 0.54509804 0.71372549 0.60000000
v 0.00629291 -0.02396476 -0.08259903 0.54509804 0.71372549 0.60000000
v 0.00909816 -0.02373320 -0.08236877 0.54509804 0.71372549 0.60000000
v 0.01050079 -0.02345289 -0.08220088 0.54509804 0.71372549 0.60000000
v -0.00343526 0.04440626 -0.03376588 0.54509804 0.71372549 0.60000000
v -0.00210645 0.04461345 -0.03376588 0.54509804 0.71372549 0.60000000
v -0.00070382 0.04472313 -0.03376588 0.54509804 0.71372549 0.60000000
v 0.00069060 0.04473532 -0.03376588 0.54509804 0.71372549 0.60000000
v 0.00069060 0.04472313 -0.05191761 0.54509804 0.71372549 0.60000000
v 0.00069060 0.04471095 -0.06312333 0.54509804 0.71372549 0.60000000
v 0.00069060 0.04441845 -0.06452405 0.54509804 0.71372549 0.60000000
v 0.00069060 0.04406502 -0.06531075 0.54509804 0.71372549 0.60000000
v -0.00070382 0.04405283 -0.06529636 0.54509804 0.71372549 0.60000000
v -0.00174554 0.02579618 -0.08206656 0.54509804 0.71372549 0.60000000
v 0.00629291 0.02367558 -0.08269497 0.54509804 0.71372549 0.60000000
v 0.00489028 0.02486994 -0.08239276 0.54509804 0.71372549 0.60000000
v 0.01050079 0.02227404 -0.08265659 0.54509804 0.71372549 0.60000000
v 0.01330604 0.02087249 -0.08262301 0.54509804 0.71372549 0.60000000
v 0.01470047 0.01947095 -0.08270456 0.54509804 0.71372549 0.60000000
v 0.01890835 0.01526632 -0.08272375 0.54509804 0.71372549 0.60000000
v 0.02171360 0.01106168 -0.08271415 0.54509804 0.71372549 0.60000000
v 0.02171360 0.00966013 -0.08276692 0.54509804 0.71372549 0.60000000
v 0.00174052 0.02579618 -0.08206656 0.54509804 0.71372549 0.60000000
v 0.00177333 0.04404064 -0.06527717 0.54509804 0.71372549 0.60000000
v 0.01909700 -0.07899064 -0.03376588 0.54509804 0.71372549 0.60000000
v 0.01123901 -0.02328227 -0.08206656 0.54509804 0.71372549 0.60000000
v 0.01301895 -0.02210010 -0.08223446 0.54509804 0.71372549 0.60000000
v 0.01555352 -0.02056449 -0.08213852 0.54509804 0.71372549 0.60000000
v 0.01978601 -0.01639642 -0.08218169 0.54509804 0.71372549 0.60000000
v 0.02688117 -0.02218541 -0.07101915 0.54509804 0.71372549 0.60000000
v 0.02817717 -0.02067418 -0.07096638 0.54509804 0.71372549 0.60000000
v 0.00769553 -0.02256322 -0.08276692 0.54509804 0.71372549 0.60000000
v 0.00909816 -0.02256322 -0.08272855 0.54509804 0.71372549 0.60000000
v 0.01050079 -0.02256322 -0.08256545 0.54509804 0.71372549 0.60000000
v 0.01178858 -0.02256322 -0.08231600 0.54509804 0.71372549 0.60000000
v 0.00209323 0.04461345 -0.04771547 0.54509804 0.71372549 0.60000000
v 0.00209323 0.04461345 -0.03376588 0.54509804 0.71372549 0.60000000
v 0.00209323 0.04460126 -0.06312333 0.54509804 0.71372549 0.60000000
v 0.00218345 0.04426002 -0.06465357 0.54509804 0.71372549 0.60000000
v 0.00769553 0.02367558 -0.08255106 0.54509804 0.71372549 0.60000000
v 0.00629291 0.02472370 -0.08233040 0.54509804 0.71372549 0.60000000
v 0.00267560 0.02575962 -0.08200900 0.54509804 0.71372549 0.60000000
v 0.00901613 0.02372433 -0.08234958 0.54509804 0.71372549 0.60000000
v 0.01050079 0.02329777 -0.08229202 0.54509804 0.71372549 0.60000000
v 0.01189521 0.02233497 -0.08238796 0.54509804 0.71372549 0.60000000
v 0.01330604 0.02187186 -0.08225844 0.54509804 0.71372549 0.60000000
v 0.01461844 0.02084812 -0.08231600 0.54509804 0.71372549 0.60000000
v 0.01566016 0.02037281 -0.08220088 0.54509804 0.71372549 0.60000000
v 0.02032738 0.01522975 -0.08235918 0.54509804 0.71372549 0.60000000
v 0.02031097 0.01386477 -0.08266139 0.54509804 0.71372549 0.60000000
v 0.02289476 0.01106168 -0.08234958 0.54509804 0.71372549 0.60000000
v 0.02311623 0.00825859 -0.08267578 0.54509804 0.71372549 0.60000000
v 0.02311623 0.00685704 -0.08275733 0.54509804 0.71372549 0.60000000
v 0.02183664 0.01257291 -0.08243593 0.54509804 0.71372549 0.60000000
v 0.02311623 0.00545550 -0.08276692 0.54509804 0.71372549 0.60000000
v 0.00270841 0.04397970 -0.06520522 0.54509804 0.71372549 0.60000000
v 0.01953994 -0.07817409 -0.03376588 0.54509804 0.71372549 0.60000000
v 0.02944035 -0.01908982 -0.07085125 0.54509804 0.71372549 0.60000000
v 0.03090860 -0.01644517 -0.07092321 0.54509804 0.71372549 0.60000000
v 0.01341267 -0.02128355 -0.08244552 0.54509804 0.71372549 0.60000000
v 0.01470047 -0.02086918 -0.08229682 0.54509804 0.71372549 0.60000000
v 0.01605388 -0.01968700 -0.08228243 0.54509804 0.71372549 0.60000000
v 0.01470047 -0.01976013 -0.08265659 0.54509804 0.71372549 0.60000000
v 0.01890835 -0.01556768 -0.08267098 0.54509804 0.71372549 0.60000000
v 0.02027816 -0.01548237 -0.08230161 0.54509804 0.71372549 0.60000000
v 0.02106560 -0.01494612 -0.08209535 0.54509804 0.71372549 0.60000000
v 0.01330604 -0.01976013 -0.08276692 0.54509804 0.71372549 0.60000000
v 0.01190341 -0.02116167 -0.08272855 0.54509804 0.71372549 0.60000000
v 0.00349585 0.04440626 -0.06172262 0.54509804 0.71372549 0.60000000
v 0.00349585 0.04440626 -0.04630996 0.54509804 0.71372549 0.60000000
v 0.00349585 0.04439408 -0.03376588 0.54509804 0.71372549 0.60000000
v 0.00349585 0.04439408 -0.06312333 0.54509804 0.71372549 0.60000000
v 0.00349585 0.04418689 -0.06433697 0.54509804 0.71372549 0.60000000
v 0.00489028 0.04302909 -0.06565613 0.54509804 0.71372549 0.60000000
v 0.00769553 0.02452870 -0.08219129 0.54509804 0.71372549 0.60000000
v 0.00849117 0.02440683 -0.08207616 0.54509804 0.71372549 0.60000000
v 0.01142767 0.02307840 -0.08214331 0.54509804 0.71372549 0.60000000
v 0.01409348 0.02162811 -0.08210014 0.54509804 0.71372549 0.60000000
v 0.01985984 0.02874552 -0.07098077 0.54509804 0.71372549 0.60000000
v 0.02381344 0.02577181 -0.07083206 0.54509804 0.71372549 0.60000000
v 0.02522427 0.02438245 -0.07084166 0.54509804 0.71372549 0.60000000
v 0.01986804 0.01616818 -0.08222486 0.54509804 0.71372549 0.60000000
v 0.02112302 0.01474225 -0.08214331 0.54509804 0.71372549 0.60000000
v 0.02142651 0.01386477 -0.08230161 0.54509804 0.71372549 0.60000000
v 0.02395288 0.00936764 -0.08218169 0.54509804 0.71372549 0.60000000
v 0.02414974 0.00825859 -0.08231600 0.54509804 0.71372549 0.60000000
v 0.02323926 0.00976982 -0.08241675 0.54509804 0.71372549 0.60000000
v 0.02260767 0.01218291 -0.08221047 0.54509804 0.71372549 0.60000000
v 0.02437941 0.00685704 -0.08239756 0.54509804 0.71372549 0.60000000
v 0.02451065 0.00405395 -0.08257025 0.54509804 0.71372549 0.60000000
v 0.02451065 0.00265241 -0.08264220 0.54509804 0.71372549 0.60000000
v 0.02451065 0.00125086 -0.08267578 0.54509804 0.71372549 0.60000000
v 0.02451065 -0.00015068 -0.08268538 0.54509804 0.71372549 0.60000000
v 0.02311623 -0.00575686 -0.08276692 0.54509804 0.71372549 0.60000000
v 0.00349585 0.04390658 -0.06503732 0.54509804 0.71372549 0.60000000
v 0.03228662 -0.01361770 -0.07089922 0.54509804 0.71372549 0.60000000
v 0.03801196 -0.02653629 -0.04593100 0.54509804 0.71372549 0.60000000
v 0.03782331 -0.02746253 -0.04490924 0.54509804 0.71372549 0.60000000
v 0.03809398 -0.02675567 -0.04490924 0.54509804 0.71372549 0.60000000
v 0.03861895 -0.02536631 -0.04490924 0.54509804 0.71372549 0.60000000
v 0.03861074 -0.02536631 -0.03376588 0.54509804 0.71372549 0.60000000
v 0.02255846 -0.01236241 -0.08217689 0.54509804 0.71372549 0.60000000
v 0.02031097 -0.01276459 -0.08276213 0.54509804 0.71372549 0.60000000
v 0.02031097 -0.01416613 -0.08261821 0.54509804 0.71372549 0.60000000
v 0.02132808 -0.01416613 -0.08225364 0.54509804 0.71372549 0.60000000
v 0.02171360 -0.00996150 -0.08276692 0.54509804 0.71372549 0.60000000
v 0.00467701 0.04412596 -0.06172262 0.54509804 0.71372549 0.60000000
v 0.00465241 0.04412596 -0.06312333 0.54509804 0.71372549 0.60000000
v 0.00355327 0.04438189 -0.03376588 0.54509804 0.71372549 0.60000000
v 0.00466881 0.04412596 -0.03376588 0.54509804 0.71372549 0.60000000
v 0.00467701 0.04412596 -0.04911618 0.54509804 0.71372549 0.60000000
v 0.00448836 0.04407721 -0.06405874 0.54509804 0.71372549 0.60000000
v 0.00629291 0.04277316 -0.06542108 0.54509804 0.71372549 0.60000000
v 0.00701473 0.04260254 -0.06524359 0.54509804 0.71372549 0.60000000
v 0.01823574 0.03000082 -0.07085125 0.54509804 0.71372549 0.60000000
v 0.02527348 0.02443120 -0.07013170 0.54509804 0.71372549 0.60000000
v 0.00850758 0.04131068 -0.06536352 0.54509804 0.71372549 0.60000000
v 0.00788419 0.04216379 -0.06452405 0.54509804 0.71372549 0.60000000
v 0.00865522 0.04146911 -0.06452405 0.54509804 0.71372549 0.60000000
v 0.00804824 0.04227348 -0.06312333 0.54509804 0.71372549 0.60000000
v 0.02607733 0.02355371 -0.07012211 0.54509804 0.71372549 0.60000000
v 0.02657768 0.02293216 -0.07058262 0.54509804 0.71372549 0.60000000
v 0.02823458 0.02047031 -0.07100955 0.54509804 0.71372549 0.60000000
v 0.02695499 0.02199373 -0.07104792 0.54509804 0.71372549 0.60000000
v 0.02238620 0.01310915 -0.08191786 0.54509804 0.71372549 0.60000000
v 0.02949777 0.01888595 -0.07090881 0.54509804 0.71372549 0.60000000
v 0.02378883 0.01030606 -0.08195623 0.54509804 0.71372549 0.60000000
v 0.03231943 0.01340165 -0.07093760 0.54509804 0.71372549 0.60000000
v 0.03372205 0.00930670 -0.07093760 0.54509804 0.71372549 0.60000000
v 0.02519146 0.00606487 -0.08196583 0.54509804 0.71372549 0.60000000
v 0.02528169 0.00512644 -0.08211454 0.54509804 0.71372549 0.60000000
v 0.03095781 0.01622912 -0.07096158 0.54509804 0.71372549 0.60000000
v 0.02537191 0.00405395 -0.08220568 0.54509804 0.71372549 0.60000000
v 0.02546214 0.00265241 -0.08228243 0.54509804 0.71372549 0.60000000
v 0.02550315 0.00125086 -0.08231121 0.54509804 0.71372549 0.60000000
v 0.02552776 -0.00015068 -0.08232560 0.54509804 0.71372549 0.60000000
v 0.02451065 -0.00155223 -0.08267098 0.54509804 0.71372549 0.60000000
v 0.02311623 -0.00715841 -0.08274773 0.54509804 0.71372549 0.60000000
v 0.00493129 0.04376033 -0.06452885 0.54509804 0.71372549 0.60000000
v 0.02392007 -0.00955932 -0.08215291 0.54509804 0.71372549 0.60000000
v 0.03369745 -0.00952275 -0.07091841 0.54509804 0.71372549 0.60000000
v 0.03931616 -0.02211229 -0.04710146 0.54509804 0.71372549 0.60000000
v 0.03938998 -0.02257540 -0.04624280 0.54509804 0.71372549 0.60000000
v 0.03925054 -0.02334321 -0.04572952 0.54509804 0.71372549 0.60000000
v 0.03904547 -0.02407445 -0.04490924 0.54509804 0.71372549 0.60000000
v 0.03904547 -0.02407445 -0.04350853 0.54509804 0.71372549 0.60000000
v 0.03904547 -0.02405007 -0.03376588 0.54509804 0.71372549 0.60000000
v 0.02179562 -0.01280115 -0.08240715 0.54509804 0.71372549 0.60000000
v 0.02282094 -0.01136304 -0.08232560 0.54509804 0.71372549 0.60000000
v 0.02171360 -0.01136304 -0.08269017 0.54509804 0.71372549 0.60000000
v 0.00537423 0.04393096 -0.06172262 0.54509804 0.71372549 0.60000000
v 0.00535782 0.04391877 -0.06312333 0.54509804 0.71372549 0.60000000
v 0.00536602 0.04393096 -0.03376588 0.54509804 0.71372549 0.60000000
v 0.00537423 0.04393096 -0.04070710 0.54509804 0.71372549 0.60000000
v 0.00629291 0.04322409 -0.06452405 0.54509804 0.71372549 0.60000000
v 0.00718698 0.04273660 -0.06452405 0.54509804 0.71372549 0.60000000
v 0.04204759 0.00897764 -0.04718780 0.54509804 0.71372549 0.60000000
v 0.00734282 0.04285847 -0.06312333 0.54509804 0.71372549 0.60000000
v 0.00735103 0.04285847 -0.06172262 0.54509804 0.71372549 0.60000000
v 0.00805644 0.04228567 -0.03930638 0.54509804 0.71372549 0.60000000
v 0.04205579 0.00898983 -0.04630996 0.54509804 0.71372549 0.60000000
v 0.02664330 0.02299309 -0.06964721 0.54509804 0.71372549 0.60000000
v 0.02787367 0.02138436 -0.07013170 0.54509804 0.71372549 0.60000000
v 0.02839043 0.02068968 -0.07013170 0.54509804 0.71372549 0.60000000
v 0.02909585 0.01970251 -0.07013170 0.54509804 0.71372549 0.60000000
v 0.04199018 0.00872171 -0.04812321 0.54509804 0.71372549 0.60000000
v 0.03357441 0.01024513 -0.07050107 0.54509804 0.71372549 0.60000000
v 0.04205579 0.00778328 -0.04851177 0.54509804 0.71372549 0.60000000
v 0.03445208 0.00685704 -0.07013170 0.54509804 0.71372549 0.60000000
v 0.03503446 0.00204304 -0.07084166 0.54509804 0.71372549 0.60000000
v 0.03384509 0.00825859 -0.07105272 0.54509804 0.71372549 0.60000000
v 0.03504266 0.00125086 -0.07086084 0.54509804 0.71372549 0.60000000
v 0.03505907 -0.00015068 -0.07087523 0.54509804 0.71372549 0.60000000
v 0.03504266 -0.00155223 -0.07085605 0.54509804 0.71372549 0.60000000
v 0.02549495 -0.00155223 -0.08230641 0.54509804 0.71372549 0.60000000
v 0.02451065 -0.00295377 -0.08262781 0.54509804 0.71372549 0.60000000
v 0.02451065 -0.00435532 -0.08254626 0.54509804 0.71372549 0.60000000
v 0.02311623 -0.00855995 -0.08264700 0.54509804 0.71372549 0.60000000
v 0.02410053 -0.00855995 -0.08228723 0.54509804 0.71372549 0.60000000
v 0.02526528 -0.00534249 -0.08210014 0.54509804 0.71372549 0.60000000
v 0.03381228 -0.00855995 -0.07102394 0.54509804 0.71372549 0.60000000
v 0.03502625 -0.00225909 -0.07083206 0.54509804 0.71372549 0.60000000
v 0.03464894 -0.00575686 -0.07013170 0.54509804 0.71372549 0.60000000
v 0.04069417 -0.01665235 -0.04716382 0.54509804 0.71372549 0.60000000
v 0.04013641 -0.01976013 -0.04630996 0.54509804 0.71372549 0.60000000
v 0.03977550 -0.02116167 -0.04630996 0.54509804 0.71372549 0.60000000
v 0.03985752 -0.02116167 -0.04490924 0.54509804 0.71372549 0.60000000
v 0.03949661 -0.02256322 -0.04490924 0.54509804 0.71372549 0.60000000
v 0.03926694 -0.02337977 -0.04490924 0.54509804 0.71372549 0.60000000
v 0.03925874 -0.02335539 -0.03376588 0.54509804 0.71372549 0.60000000
v 0.02320645 -0.00999806 -0.08240235 0.54509804 0.71372549 0.60000000
v 0.00629291 0.04350440 -0.03930638 0.54509804 0.71372549 0.60000000
v 0.00629291 0.04349221 -0.06312333 0.54509804 0.71372549 0.60000000
v 0.00629291 0.04350440 -0.03376588 0.54509804 0.71372549 0.60000000
v 0.04208040 0.00825859 -0.04630996 0.54509804 0.71372549 0.60000000
v 0.04206400 0.00825859 -0.04767709 0.54509804 0.71372549 0.60000000
v 0.00735923 0.04287066 -0.03650016 0.54509804 0.71372549 0.60000000
v 0.00805644 0.04228567 -0.03376588 0.54509804 0.71372549 0.60000000
v 0.04205579 0.00898983 -0.03376588 0.54509804 0.71372549 0.60000000
v 0.04208040 0.00829515 -0.03376588 0.54509804 0.71372549 0.60000000
v 0.04209681 0.00685704 -0.04771547 0.54509804 0.71372549 0.60000000
v 0.04206400 0.00685704 -0.04858372 0.54509804 0.71372549 0.60000000
v 0.04184253 0.00545550 -0.04927448 0.54509804 0.71372549 0.60000000
v 0.04205579 0.00405395 -0.04851656 0.54509804 0.71372549 0.60000000
v 0.04204759 0.00265241 -0.04846380 0.54509804 0.71372549 0.60000000
v 0.04203939 0.00168961 -0.04843022 0.54509804 0.71372549 0.60000000
v 0.02544574 -0.00295377 -0.08226804 0.54509804 0.71372549 0.60000000
v 0.02433020 -0.00715841 -0.08238316 0.54509804 0.71372549 0.60000000
v 0.02534731 -0.00435532 -0.08218169 0.54509804 0.71372549 0.60000000
v 0.04178511 -0.00575686 -0.04771547 0.54509804 0.71372549 0.60000000
v 0.04168668 -0.00715841 -0.04771547 0.54509804 0.71372549 0.60000000
v 0.04158005 -0.00855995 -0.04771547 0.54509804 0.71372549 0.60000000
v 0.04143240 -0.00996150 -0.04771547 0.54509804 0.71372549 0.60000000
v 0.04126015 -0.01136304 -0.04771547 0.54509804 0.71372549 0.60000000
v 0.04106329 -0.01276459 -0.04771547 0.54509804 0.71372549 0.60000000
v 0.04077621 -0.01556768 -0.04738448 0.54509804 0.71372549 0.60000000
v 0.04110430 -0.01416613 -0.04630996 0.54509804 0.71372549 0.60000000
v 0.04091565 -0.01556768 -0.04630996 0.54509804 0.71372549 0.60000000
v 0.04072699 -0.01683516 -0.04630996 0.54509804 0.71372549 0.60000000
v 0.04060395 -0.01751765 -0.04630996 0.54509804 0.71372549 0.60000000
v 0.04044811 -0.01835858 -0.04630996 0.54509804 0.71372549 0.60000000
v 0.04016922 -0.01976013 -0.04490924 0.54509804 0.71372549 0.60000000
v 0.03985752 -0.02116167 -0.03509944 0.54509804 0.71372549 0.60000000
v 0.03949661 -0.02256322 -0.04210781 0.54509804 0.71372549 0.60000000
v 0.03948841 -0.02256322 -0.03509944 0.54509804 0.71372549 0.60000000
v 0.03950481 -0.02249009 -0.03376588 0.54509804 0.71372549 0.60000000
v 0.00735923 0.04287066 -0.03376588 0.54509804 0.71372549 0.60000000
v 0.04208860 0.00693017 -0.03376588 0.54509804 0.71372549 0.60000000
v 0.04208860 0.00545550 -0.04771547 0.54509804 0.71372549 0.60000000
v 0.04208860 0.00685704 -0.03376588 0.54509804 0.71372549 0.60000000
v 0.04205579 0.00545550 -0.04857412 0.54509804 0.71372549 0.60000000
v 0.04207220 0.00405395 -0.04771547 0.54509804 0.71372549 0.60000000
v 0.04203118 0.00081212 -0.03790087 0.54509804 0.71372549 0.60000000
v 0.04197377 -0.00155223 -0.03790087 0.54509804 0.71372549 0.60000000
v 0.04186714 -0.00435532 -0.04771547 0.54509804 0.71372549 0.60000000
v 0.04162927 -0.00855995 -0.04630996 0.54509804 0.71372549 0.60000000
v 0.04153083 -0.00996150 -0.04630996 0.54509804 0.71372549 0.60000000
v 0.04140779 -0.01136304 -0.04630996 0.54509804 0.71372549 0.60000000
v 0.04126836 -0.01276459 -0.04630996 0.54509804 0.71372549 0.60000000
v 0.04108790 -0.01416613 -0.03376588 0.54509804 0.71372549 0.60000000
v 0.04091565 -0.01556768 -0.03376588 0.54509804 0.71372549 0.60000000
v 0.04126836 -0.01276459 -0.04490924 0.54509804 0.71372549 0.60000000
v 0.04126015 -0.01276459 -0.03790087 0.54509804 0.71372549 0.60000000
v 0.04072699 -0.01682298 -0.03930638 0.54509804 0.71372549 0.60000000
v 0.04060395 -0.01751765 -0.03376588 0.54509804 0.71372549 0.60000000
v 0.04045630 -0.01835858 -0.04350853 0.54509804 0.71372549 0.60000000
v 0.04045630 -0.01835858 -0.04490924 0.54509804 0.71372549 0.60000000
v 0.04016922 -0.01976013 -0.04210781 0.54509804 0.71372549 0.60000000
v 0.04016922 -0.01968700 -0.03376588 0.54509804 0.71372549 0.60000000
v 0.03986572 -0.02108855 -0.03376588 0.54509804 0.71372549 0.60000000
v 0.03984932 -0.02116167 -0.03376588 0.54509804 0.71372549 0.60000000
v 0.04207220 0.00405395 -0.03376588 0.54509804 0.71372549 0.60000000
v 0.04205579 0.00265241 -0.03930638 0.54509804 0.71372549 0.60000000
v 0.04203118 0.00081212 -0.03509944 0.54509804 0.71372549 0.60000000
v 0.04192455 -0.00295377 -0.03930638 0.54509804 0.71372549 0.60000000
v 0.04197377 -0.00155223 -0.03509944 0.54509804 0.71372549 0.60000000
v 0.04192455 -0.00295377 -0.03376588 0.54509804 0.71372549 0.60000000
v 0.04186714 -0.00428219 -0.03376588 0.54509804 0.71372549 0.60000000
v 0.04179331 -0.00575686 -0.03376588 0.54509804 0.71372549 0.60000000
v 0.04179331 -0.00575686 -0.04630996 0.54509804 0.71372549 0.60000000
v 0.04162927 -0.00855995 -0.03650016 0.54509804 0.71372549 0.60000000
v 0.04153083 -0.00996150 -0.04210781 0.54509804 0.71372549 0.60000000
v 0.04140779 -0.01136304 -0.04490924 0.54509804 0.71372549 0.60000000
v 0.04125195 -0.01276459 -0.03376588 0.54509804 0.71372549 0.60000000
v 0.04072699 -0.01681079 -0.03376588 0.54509804 0.71372549 0.60000000
v 0.04140779 -0.01128992 -0.03376588 0.54509804 0.71372549 0.60000000
v 0.04126015 -0.01269147 -0.03376588 0.54509804 0.71372549 0.60000000
v 0.04205579 0.00265241 -0.03376588 0.54509804 0.71372549 0.60000000
v 0.04203939 0.00165305 -0.03376588 0.54509804 0.71372549 0.60000000
v 0.04171129 -0.00715841 -0.03376588 0.54509804 0.71372549 0.60000000
v 0.04162927 -0.00848683 -0.03376588 0.54509804 0.71372549 0.60000000
v 0.04153083 -0.00988837 -0.03376588 0.54509804 0.71372549 0.60000000
f 1 2 3
f 1 3 4
f 1 4 5
f 1 5 6
f 1 6 7
f 1 7 8
f 1 8 9
f 1 9 10
f 1 10 2
f 2 10 11
f 2 11 12
f 2 12 13
f 2 13 3
f 3 13 14
f 3 14 4
f 4 14 15
f 4 15 16
f 4 16 5
f 5 16 17
f 5 17 6
f 6 17 38
f 6 38 37
f 6 37 80
f 6 80 114
f 6 114 154
f 6 154 185
f 6 185 144
f 6 144 186
f 6 186 184
f 6 184 183
f 6 183 182
f 6 182 224
f 6 224 179
f 6 179 181
f 6 181 225
f 6 225 219
f 6 219 218
f 6 218 217
f 6 217 259
f 6 259 261
f 6 261 260
f 6 260 220
f 6 220 192
f 6 192 152
f 6 152 191
f 6 191 227
f 6 227 262
f 6 262 298
f 6 298 325
f 6 325 357
f 6 357 401
f 6 401 447
f 6 447 490
f 6 490 526
f 6 526 551
f 6 551 550
f 6 550 549
f 6 549 545
f 6 545 565
f 6 565 541
f 6 541 540
f 6 540 564
f 6 564 567
f 6 567 566
f 6 566 572
f 6 572 571
f 6 571 570
f 6 570 559
f 6 559 558
f 6 558 557
f 6 557 569
f 6 569 568
f 6 568 552
f 6 552 530
f 6 530 528
f 6 528 500
f 6 500 499
f 6 499 498
f 6 498 527
f 6 527 494
f 6 494 453
f 6 453 410
f 6 410 409
f 6 409 371
f 6 371 337
f 6 337 308
f 6 308 307
f 6 307 306
f 6 306 305
f 6 305 276
f 6 276 240
f 6 240 197
f 6 197 155
f 6 155 117
f 6 117 115
f 6 115 81
f 6 81 39
f 6 39 18
f 6 18 9
f 6 9 8
f 6 8 7
f 9 18 19
f 9 19 10
f 10 19 11
f 11 19 20
f 11 20 21
f 11 21 22
f 11 22 23
f 11 23 24
f 11 24 12
f 12 24 25
f 12 25 26
f 12 26 27
f 12 27 28
f 12 28 29
f 12 29 30
f 12 30 13
f 13 30 31
f 13 31 32
f 13 32 33
f 13 33 34
f 13 34 14
f 14 34 15
f 15 34 35
f 15 35 36
f 15 36 16
f 16 36 37
f 16 37 38
f 16 38 17
f 18 39 40
f 18 40 19
f 19 40 41
f 19 41 42
f 19 42 43
f 19 43 44
f 19 44 20
f 20 44 45
f 20 45 46
f 20 46 47
f 20 47 48
f 20 48 49
f 20 49 50
f 20 50 51
f 20 51 52
f 20 52 21
f 21 52 53
f 21 53 54
f 21 54 22
f 22 54 55
f 22 55 56
f 22 56 24
f 22 24 23
f 24 56 57
f 24 57 58
f 24 58 28
f 24 28 27
f 24 27 25
f 25 27 26
f 28 58 59
f 28 59 60
f 28 60 61
f 28 61 62
f 28 62 29
f 29 62 63
f 29 63 30
f 30 63 31
f 31 64 32
f 31 63 64
f 32 65 66
f 32 66 67
f 32 67 68
f 32 68 69
f 32 69 70
f 32 70 71
f 32 71 34
f 32 34 33
f 32 64 72
f 32 72 73
f 32 73 74
f 32 74 75
f 32 75 76
f 32 76 65
f 34 71 107
f 34 107 77
f 34 77 78
f 34 78 79
f 34 79 35
f 35 79 80
f 35 80 36
f 36 80 37
f 39 81 40
f 40 81 41
f 41 81 82
f 41 82 83
f 41 83 84
f 41 84 85
f 41 85 86
f 41 86 44
f 41 44 43
f 41 43 42
f 44 87 46
f 44 46 45
f 44 86 85
f 44 85 87
f 46 87 88
f 46 88 51
f 46 51 47
f 47 51 48
f 48 51 49
f 49 51 50
f 51 88 89
f 51 89 55
f 51 55 54
f 51 54 52
f 52 54 53
f 55 89 90
f 55 90 91
f 55 91 92
f 55 92 56
f 56 92 93
f 56 93 57
f 57 93 59
f 57 59 58
f 59 93 94
f 59 94 60
f 60 94 61
f 61 95 62
f 61 94 96
f 61 96 95
f 62 95 97
f 62 97 63
f 63 97 98
f 63 98 99
f 63 99 64
f 64 99 100
f 64 100 72
f 65 76 66
f 66 76 101
f 66 101 102
f 66 102 103
f 66 103 104
f 66 104 67
f 67 104 68
f 68 104 69
f 69 104 143
f 69 143 105
f 69 105 106
f 69 106 70
f 70 106 71
f 71 106 107
f 72 100 108
f 72 108 109
f 72 109 73
f 73 109 74
f 74 109 110
f 74 110 111
f 74 111 76
f 74 76 75
f 76 111 112
f 76 112 101
f 77 107 78
f 78 107 113
f 78 113 114
f 78 114 79
f 79 114 80
f 81 115 116
f 81 116 82
f 82 116 117
f 82 117 118
f 82 118 83
f 83 118 119
f 83 119 84
f 84 119 120
f 84 120 121
f 84 121 85
f 85 122 87
f 85 121 123
f 85 123 124
f 85 124 122
f 87 122 125
f 87 125 89
f 87 89 88
f 89 125 126
f 89 126 90
f 90 127 91
f 90 126 127
f 91 127 128
f 91 128 92
f 92 128 129
f 92 129 93
f 93 129 94
f 94 129 96
f 95 96 129
f 95 129 130
f 95 130 97
f 97 130 131
f 97 131 98
f 98 131 132
f 98 132 99
f 99 132 133
f 99 133 100
f 100 133 108
f 101 134 135
f 101 135 136
f 101 136 137
f 101 137 102
f 101 112 138
f 101 138 134
f 102 139 140
f 102 140 141
f 102 141 142
f 102 142 104
f 102 104 103
f 102 137 139
f 104 142 143
f 105 144 146
f 105 146 106
f 105 143 145
f 105 145 186
f 105 186 144
f 106 146 154
f 106 154 113
f 106 113 107
f 108 133 147
f 108 147 109
f 109 147 110
f 110 147 148
f 110 148 149
f 110 149 111
f 111 149 150
f 111 150 112
f 112 150 151
f 112 151 152
f 112 152 153
f 112 153 138
f 113 154 114
f 115 117 116
f 117 155 118
f 118 155 156
f 118 156 119
f 119 156 157
f 119 157 158
f 119 158 120
f 120 159 160
f 120 160 121
f 120 158 159
f 121 160 161
f 121 161 162
f 121 162 163
f 121 163 123
f 122 124 123
f 122 123 162
f 122 162 164
f 122 164 165
f 122 165 166
f 122 166 125
f 123 163 162
f 125 166 126
f 126 167 127
f 126 166 167
f 127 167 128
f 128 168 130
f 128 130 129
f 128 167 169
f 128 169 168
f 130 168 131
f 131 168 169
f 131 169 209
f 131 209 252
f 131 252 290
f 131 290 322
f 131 322 355
f 131 355 394
f 131 394 406
f 131 406 367
f 131 367 332
f 131 332 299
f 131 299 275
f 131 275 256
f 131 256 210
f 131 210 170
f 131 170 132
f 132 170 133
f 133 170 171
f 133 171 147
f 134 172 135
f 134 138 172
f 135 172 136
f 136 173 137
f 136 172 174
f 136 174 173
f 137 173 175
f 137 175 139
f 138 153 152
f 138 152 176
f 138 176 177
f 138 177 178
f 138 178 172
f 139 179 180
f 139 180 140
f 139 175 181
f 139 181 179
f 140 180 182
f 140 182 141
f 141 182 183
f 141 183 184
f 141 184 142
f 142 184 186
f 142 186 145
f 142 145 143
f 144 185 146
f 146 185 154
f 147 171 148
f 148 171 149
f 149 171 187
f 149 187 150
f 150 187 188
f 150 188 189
f 150 189 190
f 150 190 151
f 151 190 152
f 152 192 177
f 152 177 176
f 152 190 193
f 152 193 194
f 152 194 195
f 152 195 196
f 152 196 191
f 155 197 156
f 156 197 241
f 156 241 198
f 156 198 199
f 156 199 157
f 157 199 158
f 158 199 200
f 158 200 201
f 158 201 202
f 158 202 159
f 159 202 160
f 160 202 203
f 160 203 204
f 160 204 161
f 161 204 205
f 161 205 164
f 161 164 162
f 164 206 165
f 164 205 207
f 164 207 206
f 165 206 166
f 166 206 208
f 166 208 167
f 167 208 169
f 169 208 209
f 170 210 211
f 170 211 171
f 171 211 212
f 171 212 187
f 172 178 213
f 172 213 214
f 172 214 174
f 173 215 181
f 173 181 175
f 173 174 215
f 174 214 216
f 174 216 217
f 174 217 218
f 174 218 219
f 174 219 215
f 177 220 221
f 177 221 222
f 177 222 178
f 177 192 220
f 178 222 223
f 178 223 213
f 179 224 180
f 180 224 182
f 181 215 225
f 187 212 188
f 188 212 226
f 188 226 189
f 189 226 195
f 189 195 194
f 189 194 193
f 189 193 190
f 191 196 228
f 191 228 229
f 191 229 230
f 191 230 231
f 191 231 232
f 191 232 233
f 191 233 234
f 191 234 235
f 191 235 236
f 191 236 227
f 195 226 237
f 195 237 238
f 195 238 196
f 196 238 239
f 196 239 228
f 197 240 241
f 198 241 277
f 198 277 242
f 198 242 199
f 199 242 200
f 200 242 243
f 200 243 201
f 201 243 244
f 201 244 245
f 201 245 202
f 202 245 203
f 203 245 246
f 203 246 247
f 203 247 248
f 203 248 204
f 204 248 205
f 205 248 249
f 205 249 250
f 205 250 207
f 206 207 250
f 206 250 208
f 208 250 251
f 208 251 209
f 209 251 253
f 209 253 254
f 209 254 255
f 209 255 252
f 210 256 296
f 210 296 257
f 210 257 237
f 210 237 258
f 210 258 211
f 211 258 212
f 212 258 226
f 213 223 214
f 214 223 216
f 215 219 225
f 216 223 259
f 216 259 217
f 220 260 221
f 221 261 259
f 221 259 222
f 221 260 261
f 222 259 223
f 226 258 237
f 227 236 263
f 227 263 264
f 227 264 265
f 227 265 266
f 227 266 267
f 227 267 268
f 227 268 262
f 228 239 269
f 228 269 270
f 228 270 230
f 228 230 229
f 230 270 271
f 230 271 231
f 231 271 232
f 232 271 272
f 232 272 233
f 233 272 273
f 233 273 234
f 234 273 274
f 234 274 235
f 235 274 275
f 235 275 236
f 236 275 299
f 236 299 263
f 237 257 269
f 237 269 239
f 237 239 238
f 240 276 277
f 240 277 241
f 242 277 306
f 242 306 278
f 242 278 243
f 243 278 279
f 243 279 280
f 243 280 281
f 243 281 244
f 244 281 282
f 244 282 245
f 245 282 283
f 245 283 247
f 245 247 246
f 247 283 284
f 247 284 285
f 247 285 286
f 247 286 249
f 247 249 248
f 249 286 250
f 250 286 285
f 250 285 251
f 251 285 253
f 252 287 288
f 252 288 289
f 252 289 290
f 252 255 287
f 253 285 284
f 253 284 291
f 253 291 254
f 254 291 292
f 254 292 293
f 254 293 255
f 255 293 294
f 255 294 295
f 255 295 287
f 256 275 274
f 256 274 296
f 257 296 297
f 257 297 269
f 262 268 298
f 263 299 264
f 264 299 300
f 264 300 265
f 265 300 301
f 265 301 266
f 266 301 302
f 266 302 267
f 267 302 303
f 267 303 268
f 268 303 304
f 268 304 298
f 269 297 270
f 270 297 271
f 271 297 296
f 271 296 272
f 272 296 273
f 273 296 274
f 276 305 277
f 277 305 306
f 278 306 307
f 278 307 279
f 279 307 308
f 279 308 280
f 280 308 309
f 280 309 310
f 280 310 311
f 280 311 281
f 281 312 313
f 281 313 282
f 281 311 312
f 282 313 314
f 282 314 283
f 283 314 284
f 284 314 291
f 287 315 288
f 287 295 316
f 287 316 315
f 288 315 317
f 288 317 289
f 289 317 318
f 289 318 319
f 289 319 320
f 289 320 290
f 290 320 321
f 290 321 322
f 291 314 293
f 291 293 292
f 293 314 313
f 293 313 312
f 293 312 294
f 294 323 295
f 294 312 324
f 294 324 323
f 295 323 316
f 298 304 326
f 298 326 327
f 298 327 328
f 298 328 329
f 298 329 330
f 298 330 331
f 298 331 325
f 299 332 300
f 300 332 333
f 300 333 301
f 301 333 302
f 302 333 303
f 303 333 334
f 303 334 335
f 303 335 304
f 304 335 327
f 304 327 326
f 308 336 309
f 308 337 336
f 309 336 338
f 309 338 310
f 310 338 311
f 311 338 339
f 311 339 324
f 311 324 312
f 315 340 317
f 315 316 341
f 315 341 340
f 316 323 342
f 316 342 341
f 317 340 343
f 317 343 344
f 317 344 345
f 317 345 318
f 318 345 346
f 318 346 347
f 318 347 319
f 319 347 348
f 319 348 349
f 319 349 320
f 320 349 350
f 320 350 321
f 321 351 352
f 321 352 353
f 321 353 322
f 321 350 354
f 321 354 351
f 322 353 355
f 323 324 342
f 324 339 356
f 324 356 342
f 325 331 358
f 325 358 359
f 325 359 357
f 327 335 360
f 327 360 361
f 327 361 328
f 328 361 362
f 328 362 329
f 329 362 363
f 329 363 364
f 329 364 365
f 329 365 366
f 329 366 331
f 329 331 330
f 331 366 358
f 332 367 368
f 332 368 333
f 333 368 334
f 334 368 360
f 334 360 335
f 336 369 338
f 336 337 370
f 336 370 369
f 337 371 370
f 338 369 372
f 338 372 373
f 338 373 339
f 339 373 356
f 340 341 343
f 341 342 356
f 341 356 374
f 341 374 375
f 341 375 343
f 343 375 344
f 344 375 376
f 344 376 377
f 344 377 346
f 344 346 345
f 346 378 348
f 346 348 347
f 346 377 378
f 348 378 379
f 348 379 380
f 348 380 381
f 348 381 382
f 348 382 349
f 349 383 384
f 349 384 350
f 349 382 383
f 350 384 354
f 351 385 386
f 351 386 387
f 351 387 352
f 351 354 388
f 351 388 385
f 352 386 389
f 352 389 390
f 352 390 353
f 352 387 386
f 353 390 391
f 353 391 392
f 353 392 393
f 353 393 355
f 354 384 388
f 355 393 394
f 356 373 395
f 356 395 374
f 357 359 396
f 357 396 397
f 357 397 398
f 357 398 399
f 357 399 400
f 357 400 401
f 358 366 402
f 358 402 359
f 359 402 396
f 360 368 363
f 360 363 361
f 361 363 362
f 363 368 367
f 363 367 364
f 364 403 404
f 364 404 365
f 364 367 403
f 365 404 405
f 365 405 366
f 366 405 402
f 367 406 403
f 369 407 408
f 369 408 372
f 369 370 411
f 369 411 407
f 370 371 409
f 370 409 410
f 370 410 411
f 372 408 412
f 372 412 373
f 373 412 395
f 374 395 413
f 374 413 376
f 374 376 375
f 376 413 377
f 377 413 414
f 377 414 378
f 378 414 415
f 378 415 379
f 379 415 414
f 379 414 380
f 380 416 381
f 380 414 417
f 380 417 418
f 380 418 419
f 380 419 420
f 380 420 416
f 381 416 421
f 381 421 422
f 381 422 423
f 381 423 424
f 381 424 383
f 381 383 382
f 383 425 388
f 383 388 384
f 383 424 423
f 383 423 426
f 383 426 425
f 385 388 427
f 385 427 428
f 385 428 429
f 385 429 430
f 385 430 386
f 386 430 431
f 386 431 389
f 388 425 432
f 388 432 427
f 389 431 433
f 389 433 434
f 389 434 390
f 390 434 391
f 391 434 435
f 391 435 392
f 392 435 436
f 392 436 393
f 393 436 437
f 393 437 394
f 394 437 438
f 394 438 406
f 395 439 413
f 395 412 439
f 396 402 440
f 396 440 441
f 396 441 442
f 396 442 397
f 397 399 398
f 397 442 443
f 397 443 444
f 397 444 400
f 397 400 399
f 400 444 445
f 400 445 446
f 400 446 401
f 401 446 447
f 402 448 449
f 402 449 440
f 402 405 448
f 403 406 450
f 403 450 404
f 404 450 448
f 404 448 405
f 406 438 450
f 407 451 408
f 407 411 454
f 407 454 451
f 408 451 452
f 408 452 412
f 410 453 454
f 410 454 411
f 412 452 455
f 412 455 439
f 413 439 414
f 414 439 455
f 414 455 456
f 414 456 418
f 414 418 417
f 416 420 457
f 416 457 421
f 418 456 458
f 418 458 420
f 418 420 419
f 420 458 459
f 420 459 460
f 420 460 461
f 420 461 457
f 421 457 462
f 421 462 422
f 422 462 457
f 422 457 463
f 422 463 426
f 422 426 423
f 425 426 432
f 426 463 464
f 426 464 465
f 426 465 457
f 426 457 466
f 426 466 432
f 427 432 428
f 428 432 466
f 428 466 467
f 428 467 429
f 429 467 466
f 429 466 468
f 429 468 469
f 429 469 470
f 429 470 471
f 429 471 431
f 429 431 430
f 431 470 433
f 431 471 470
f 433 470 434
f 434 470 435
f 435 470 472
f 435 472 436
f 436 472 473
f 436 473 474
f 436 474 475
f 436 475 437
f 437 475 476
f 437 476 438
f 438 476 477
f 438 477 478
f 438 478 450
f 440 449 479
f 440 479 480
f 440 480 441
f 441 481 482
f 441 482 483
f 441 483 484
f 441 484 442
f 441 480 481
f 442 484 485
f 442 485 486
f 442 486 443
f 443 486 444
f 444 486 485
f 444 485 487
f 444 487 488
f 444 488 489
f 444 489 445
f 445 489 446
f 446 489 447
f 447 489 490
f 448 450 449
f 449 450 478
f 449 478 491
f 449 491 479
f 451 454 494
f 451 494 492
f 451 492 493
f 451 493 452
f 452 493 455
f 453 494 454
f 455 493 456
f 456 493 458
f 457 461 495
f 457 495 496
f 457 496 468
f 457 468 466
f 457 465 464
f 457 464 463
f 458 493 459
f 459 497 460
f 459 493 497
f 460 497 527
f 460 527 498
f 460 498 499
f 460 499 461
f 461 499 500
f 461 500 495
f 468 496 501
f 468 501 502
f 468 502 470
f 468 470 469
f 470 502 472
f 472 502 473
f 473 502 503
f 473 503 504
f 473 504 474
f 474 504 505
f 474 505 506
f 474 506 482
f 474 482 475
f 475 482 507
f 475 507 476
f 476 507 477
f 477 507 508
f 477 508 478
f 478 479 491
f 478 508 479
f 479 508 480
f 480 508 509
f 480 509 482
f 480 482 481
f 482 509 507
f 482 506 510
f 482 510 511
f 482 511 512
f 482 512 513
f 482 513 514
f 482 514 515
f 482 515 516
f 482 516 484
f 482 484 483
f 484 516 514
f 484 514 513
f 484 513 517
f 484 517 518
f 484 518 519
f 484 519 520
f 484 520 521
f 484 521 485
f 485 521 522
f 485 522 487
f 487 522 548
f 487 548 523
f 487 523 524
f 487 524 488
f 488 524 489
f 489 524 525
f 489 525 490
f 490 525 526
f 492 497 493
f 492 494 527
f 492 527 497
f 495 500 501
f 495 501 496
f 500 528 501
f 501 529 504
f 501 504 502
f 501 528 530
f 501 530 552
f 501 552 529
f 502 504 531
f 502 531 503
f 503 531 504
f 504 529 505
f 505 529 506
f 506 529 532
f 506 532 533
f 506 533 534
f 506 534 535
f 506 535 510
f 507 509 508
f 510 536 537
f 510 537 511
f 510 535 560
f 510 560 536
f 511 537 512
f 512 537 538
f 512 538 539
f 512 539 513
f 513 539 517
f 514 516 515
f 517 540 541
f 517 541 518
f 517 539 542
f 517 542 543
f 517 543 540
f 518 541 519
f 519 544 545
f 519 545 546
f 519 546 547
f 519 547 520
f 519 541 544
f 520 547 521
f 521 547 522
f 522 547 546
f 522 546 548
f 523 548 549
f 523 549 550
f 523 550 551
f 523 551 526
f 523 526 525
f 523 525 524
f 529 552 568
f 529 568 553
f 529 553 532
f 532 553 533
f 533 554 556
f 533 556 534
f 533 553 568
f 533 568 554
f 534 555 535
f 534 556 557
f 534 557 555
f 535 555 557
f 535 557 558
f 535 558 559
f 535 559 560
f 536 560 559
f 536 559 570
f 536 570 561
f 536 561 562
f 536 562 537
f 537 562 563
f 537 563 538
f 538 563 542
f 538 542 539
f 540 543 564
f 541 565 544
f 542 563 566
f 542 566 543
f 543 566 567
f 543 567 564
f 544 565 545
f 545 549 546
f 546 549 548
f 554 569 556
f 554 568 569
f 556 569 557
f 561 570 571
f 561 571 572
f 561 572 562
f 562 572 566
f 562 566 563

o geometry_1
v -0.05233508 0.00545803 0.01963412 0.54117647 0.42352941 0.64313725
v -0.05232484 0.00545803 0.01955856 0.54117647 0.42352941 0.64313725
v -0.05232484 0.00405159 0.01955856 0.54117647 0.42352941 0.64313725
v -0.05232484 0.00405159 0.01963412 0.54117647 0.42352941 0.64313725
v 0.04878380 -0.00423216 0.01963648 0.54117647 0.42352941 0.64313725
v -0.05227361 0.00972894 0.01963412 0.54117647 0.42352941 0.64313725
v -0.05227361 0.00965152 0.01955856 0.54117647 0.42352941 0.64313725
v -0.05206871 0.00825799 0.01824803 0.54117647 0.42352941 0.64313725
v -0.05206871 0.00685156 0.01821733 0.54117647 0.42352941 0.64313725
v -0.05206871 0.00545803 0.01821261 0.54117647 0.42352941 0.64313725
v -0.05206871 0.00405159 0.01820789 0.54117647 0.42352941 0.64313725
v -0.05205846 0.00264516 0.01823150 0.54117647 0.42352941 0.64313725
v -0.05204822 0.00125163 0.01828345 0.54117647 0.42352941 0.64313725
v -0.05230435 0.00264516 0.01955856 0.54117647 0.42352941 0.64313725
v -0.05230435 0.00264516 0.01963412 0.54117647 0.42352941 0.64313725
v 0.05081233 -0.01006435 0.01963412 0.54117647 0.42352941 0.64313725
v 0.05130409 -0.00856759 0.01963412 0.54117647 0.42352941 0.64313725
v 0.05154997 -0.00716116 0.01963412 0.54117647 0.42352941 0.64313725
v 0.05175488 -0.00572892 0.01963412 0.54117647 0.42352941 0.64313725
v 0.05183684 -0.00503215 0.01963412 0.54117647 0.42352941 0.64313725
v 0.05189831 -0.00439991 0.01963412 0.54117647 0.42352941 0.64313725
v 0.05201100 -0.00303218 0.01963412 0.54117647 0.42352941 0.64313725
v 0.05212370 -0.00154833 0.01963412 0.54117647 0.42352941 0.64313725
v 0.05220566 -0.00015480 0.01963412 0.54117647 0.42352941 0.64313725
v 0.05225688 0.00117421 0.01963412 0.54117647 0.42352941 0.64313725
v 0.05228762 0.00256774 0.01963412 0.54117647 0.42352941 0.64313725
v 0.05231836 0.00397418 0.01963412 0.54117647 0.42352941 0.64313725
v 0.05232860 0.00545803 0.01963412 0.54117647 0.42352941 0.64313725
v 0.05226713 0.00965152 0.01963412 0.54117647 0.42352941 0.64313725
v 0.05221591 0.01098054 0.01963412 0.54117647 0.42352941 0.64313725
v 0.05212370 0.01246439 0.01963412 0.54117647 0.42352941 0.64313725
v 0.05202125 0.01378050 0.01963412 0.54117647 0.42352941 0.64313725
v 0.05188806 0.01536757 0.01963412 0.54117647 0.42352941 0.64313725
v 0.05176512 0.01649014 0.01963412 0.54117647 0.42352941 0.64313725
v 0.05153973 0.01806431 0.01963412 0.54117647 0.42352941 0.64313725
v 0.05131434 0.01939333 0.01963412 0.54117647 0.42352941 0.64313725
v 0.05101723 0.02078686 0.01963412 0.54117647 0.42352941 0.64313725
v 0.05059718 0.02238684 0.01963412 0.54117647 0.42352941 0.64313725
v 0.05021812 0.02353521 0.01963412 0.54117647 0.42352941 0.64313725
v 0.04959317 0.02507067 0.01963412 0.54117647 0.42352941 0.64313725
v 0.04916287 0.02599969 0.01963412 0.54117647 0.42352941 0.64313725
v 0.04914238 0.02603840 0.01963412 0.54117647 0.42352941 0.64313725
v 0.04876331 0.02669646 0.01963412 0.54117647 0.42352941 0.64313725
v 0.04806665 0.02779322 0.01963412 0.54117647 0.42352941 0.64313725
v 0.04757488 0.02848998 0.01963412 0.54117647 0.42352941 0.64313725
v 0.04673479 0.02941900 0.01963412 0.54117647 0.42352941 0.64313725
v 0.04566930 0.03045124 0.01963412 0.54117647 0.42352941 0.64313725
v 0.04466528 0.03126413 0.01963412 0.54117647 0.42352941 0.64313725
v 0.04396862 0.03170284 0.01963412 0.54117647 0.42352941 0.64313725
v 0.04268798 0.03239960 0.01963412 0.54117647 0.42352941 0.64313725
v 0.04195034 0.03274799 0.01963412 0.54117647 0.42352941 0.64313725
v 0.04129465 0.03300605 0.01963412 0.54117647 0.42352941 0.64313725
v 0.04118196 0.03304476 0.01963412 0.54117647 0.42352941 0.64313725
v 0.03993206 0.03345765 0.01963412 0.54117647 0.42352941 0.64313725
v 0.03985010 0.03348346 0.01963412 0.54117647 0.42352941 0.64313725
v 0.03852848 0.03381894 0.01963412 0.54117647 0.42352941 0.64313725
v 0.03702246 0.03410281 0.01963412 0.54117647 0.42352941 0.64313725
v 0.03683805 0.03412861 0.01963412 0.54117647 0.42352941 0.64313725
v 0.03584428 0.03425765 0.01963412 0.54117647 0.42352941 0.64313725
v 0.03424604 0.03442538 0.01963412 0.54117647 0.42352941 0.64313725
v 0.03292443 0.03450280 0.01963412 0.54117647 0.42352941 0.64313725
v 0.03152085 0.03455441 0.01963412 0.54117647 0.42352941 0.64313725
v 0.03011728 0.03459312 0.01963412 0.54117647 0.42352941 0.64313725
v 0.02723841 0.03465764 0.01963412 0.54117647 0.42352941 0.64313725
v 0.02591680 0.03467054 0.01963412 0.54117647 0.42352941 0.64313725
v 0.02310965 0.03469635 0.01963412 0.54117647 0.42352941 0.64313725
v 0.02031274 0.03470925 0.01963412 0.54117647 0.42352941 0.64313725
v 0.00489390 0.03473506 0.01963412 0.54117647 0.42352941 0.64313725
v -0.01479713 0.03473506 0.01963412 0.54117647 0.42352941 0.64313725
v -0.01899761 0.03472215 0.01963412 0.54117647 0.42352941 0.64313725
v -0.02312637 0.03470925 0.01963412 0.54117647 0.42352941 0.64313725
v -0.02460167 0.03469635 0.01963412 0.54117647 0.42352941 0.64313725
v -0.02740882 0.03467054 0.01963412 0.54117647 0.42352941 0.64313725
v -0.02881239 0.03464473 0.01963412 0.54117647 0.42352941 0.64313725
v -0.03020572 0.03461893 0.01963412 0.54117647 0.42352941 0.64313725
v -0.03153758 0.03458022 0.01963412 0.54117647 0.42352941 0.64313725
v -0.03301287 0.03451570 0.01963412 0.54117647 0.42352941 0.64313725
v -0.03433449 0.03442538 0.01963412 0.54117647 0.42352941 0.64313725
v -0.03578929 0.03428345 0.01963412 0.54117647 0.42352941 0.64313725
v -0.03651669 0.03419313 0.01963412 0.54117647 0.42352941 0.64313725
v -0.03721335 0.03408990 0.01963412 0.54117647 0.42352941 0.64313725
v -0.03728507 0.03407700 0.01963412 0.54117647 0.42352941 0.64313725
v -0.03861693 0.03381894 0.01963412 0.54117647 0.42352941 0.64313725
v -0.03994879 0.03347056 0.01963412 0.54117647 0.42352941 0.64313725
v -0.04129089 0.03303185 0.01963412 0.54117647 0.42352941 0.64313725
v -0.04195682 0.03277379 0.01963412 0.54117647 0.42352941 0.64313725
v -0.04198756 0.03276089 0.01963412 0.54117647 0.42352941 0.64313725
v -0.04274569 0.03238670 0.01963412 0.54117647 0.42352941 0.64313725
v -0.04281741 0.03234799 0.01963412 0.54117647 0.42352941 0.64313725
v -0.04398535 0.03171574 0.01963412 0.54117647 0.42352941 0.64313725
v -0.04469226 0.03126413 0.01963412 0.54117647 0.42352941 0.64313725
v -0.04567578 0.03047705 0.01963412 0.54117647 0.42352941 0.64313725
v -0.04625975 0.02998674 0.01963412 0.54117647 0.42352941 0.64313725
v -0.04679250 0.02940610 0.01963412 0.54117647 0.42352941 0.64313725
v -0.04760186 0.02850288 0.01963412 0.54117647 0.42352941 0.64313725
v -0.04808338 0.02780612 0.01963412 0.54117647 0.42352941 0.64313725
v -0.04874931 0.02677387 0.01963412 0.54117647 0.42352941 0.64313725
v -0.04879028 0.02670936 0.01963412 0.54117647 0.42352941 0.64313725
v -0.04917960 0.02601259 0.01963412 0.54117647 0.42352941 0.64313725
v -0.04962014 0.02507067 0.01963412 0.54117647 0.42352941 0.64313725
v -0.05023484 0.02354811 0.01963412 0.54117647 0.42352941 0.64313725
v -0.05024509 0.02352230 0.01963412 0.54117647 0.42352941 0.64313725
v -0.05044999 0.02295457 0.01963412 0.54117647 0.42352941 0.64313725
v -0.05061391 0.02241264 0.01963412 0.54117647 0.42352941 0.64313725
v -0.05101347 0.02086427 0.01963412 0.54117647 0.42352941 0.64313725
v -0.05132082 0.01947074 0.01963412 0.54117647 0.42352941 0.64313725
v -0.05156670 0.01806431 0.01963412 0.54117647 0.42352941 0.64313725
v -0.05178185 0.01654175 0.01963412 0.54117647 0.42352941 0.64313725
v -0.05185356 0.01593531 0.01963412 0.54117647 0.42352941 0.64313725
v -0.05191503 0.01536757 0.01963412 0.54117647 0.42352941 0.64313725
v -0.05204822 0.01385791 0.01963412 0.54117647 0.42352941 0.64313725
v -0.05214042 0.01254181 0.01963412 0.54117647 0.42352941 0.64313725
v -0.05221214 0.01113537 0.01963412 0.54117647 0.42352941 0.64313725
v -0.05226337 0.00125163 0.01963412 0.54117647 0.42352941 0.64313725
v -0.05221214 -0.00015480 0.01963412 0.54117647 0.42352941 0.64313725
v -0.05214042 -0.00148381 0.01963412 0.54117647 0.42352941 0.64313725
v -0.05203797 -0.00287734 0.01963412 0.54117647 0.42352941 0.64313725
v -0.05192528 -0.00411604 0.01963412 0.54117647 0.42352941 0.64313725
v -0.05184332 -0.00489022 0.01963412 0.54117647 0.42352941 0.64313725
v -0.05175111 -0.00570311 0.01963412 0.54117647 0.42352941 0.64313725
v -0.05154621 -0.00716116 0.01963412 0.54117647 0.42352941 0.64313725
v -0.05131057 -0.00849017 0.01963412 0.54117647 0.42352941 0.64313725
v -0.05129008 -0.00856759 0.01963412 0.54117647 0.42352941 0.64313725
v -0.05088028 -0.00987080 0.01963412 0.54117647 0.42352941 0.64313725
v -0.05080857 -0.01009015 0.01963412 0.54117647 0.42352941 0.64313725
v -0.04402633 -0.02105775 0.01963412 0.54117647 0.42352941 0.64313725
v -0.04398535 -0.02109646 0.01963412 0.54117647 0.42352941 0.64313725
v -0.04326819 -0.02176742 0.01963412 0.54117647 0.42352941 0.64313725
v -0.04260226 -0.02215451 0.01963412 0.54117647 0.42352941 0.64313725
v -0.04249981 -0.02220612 0.01963412 0.54117647 0.42352941 0.64313725
v -0.04129089 -0.02281256 0.01963412 0.54117647 0.42352941 0.64313725
v -0.04042006 -0.02319965 0.01963412 0.54117647 0.42352941 0.64313725
v -0.03976438 -0.02343191 0.01963412 0.54117647 0.42352941 0.64313725
v -0.03965168 -0.02347062 0.01963412 0.54117647 0.42352941 0.64313725
v -0.03854521 -0.02383190 0.01963412 0.54117647 0.42352941 0.64313725
v -0.03846325 -0.02385771 0.01963412 0.54117647 0.42352941 0.64313725
v -0.03714164 -0.02421900 0.01963412 0.54117647 0.42352941 0.64313725
v -0.03573806 -0.02452867 0.01963412 0.54117647 0.42352941 0.64313725
v -0.03499017 -0.02467060 0.01963412 0.54117647 0.42352941 0.64313725
v -0.03432424 -0.02477383 0.01963412 0.54117647 0.42352941 0.64313725
v -0.03294116 -0.02496737 0.01963412 0.54117647 0.42352941 0.64313725
v -0.03145562 -0.02512221 0.01963412 0.54117647 0.42352941 0.64313725
v -0.03013401 -0.02523834 0.01963412 0.54117647 0.42352941 0.64313725
v -0.02873043 -0.02532866 0.01963412 0.54117647 0.42352941 0.64313725
v -0.02593353 -0.02548350 0.01963412 0.54117647 0.42352941 0.64313725
v -0.02452995 -0.02553511 0.01963412 0.54117647 0.42352941 0.64313725
v -0.02165108 -0.02563833 0.01963412 0.54117647 0.42352941 0.64313725
v -0.02031922 -0.02567704 0.01963412 0.54117647 0.42352941 0.64313725
v -0.01892589 -0.02571575 0.01963412 0.54117647 0.42352941 0.64313725
v -0.01331159 -0.02581897 0.01963412 0.54117647 0.42352941 0.64313725
v -0.00500284 -0.02592220 0.01963412 0.54117647 0.42352941 0.64313725
v 0.00489390 -0.02592220 0.01963412 0.54117647 0.42352941 0.64313725
v 0.01201423 -0.02589639 0.01963412 0.54117647 0.42352941 0.64313725
v 0.01478040 -0.02585768 0.01963412 0.54117647 0.42352941 0.64313725
v 0.01758755 -0.02580607 0.01963412 0.54117647 0.42352941 0.64313725
v 0.02178803 -0.02568994 0.01963412 0.54117647 0.42352941 0.64313725
v 0.02459518 -0.02558672 0.01963412 0.54117647 0.42352941 0.64313725
v 0.02598851 -0.02553511 0.01963412 0.54117647 0.42352941 0.64313725
v 0.02739209 -0.02547059 0.01963412 0.54117647 0.42352941 0.64313725
v 0.02879566 -0.02538027 0.01963412 0.54117647 0.42352941 0.64313725
v 0.03019924 -0.02527705 0.01963412 0.54117647 0.42352941 0.64313725
v 0.03160281 -0.02514802 0.01963412 0.54117647 0.42352941 0.64313725
v 0.03292443 -0.02500608 0.01963412 0.54117647 0.42352941 0.64313725
v 0.03445094 -0.02478673 0.01963412 0.54117647 0.42352941 0.64313725
v 0.03562913 -0.02458028 0.01963412 0.54117647 0.42352941 0.64313725
v 0.03720687 -0.02423190 0.01963412 0.54117647 0.42352941 0.64313725
v 0.03858995 -0.02384481 0.01963412 0.54117647 0.42352941 0.64313725
v 0.03973740 -0.02347062 0.01963412 0.54117647 0.42352941 0.64313725
v 0.04043407 -0.02319965 0.01963412 0.54117647 0.42352941 0.64313725
v 0.04139710 -0.02277385 0.01963412 0.54117647 0.42352941 0.64313725
v 0.04256504 -0.02218031 0.01963412 0.54117647 0.42352941 0.64313725
v 0.04327195 -0.02178032 0.01963412 0.54117647 0.42352941 0.64313725
v 0.04403009 -0.02107065 0.01963412 0.54117647 0.42352941 0.64313725
v -0.05221214 0.01105795 0.01955856 0.54117647 0.42352941 0.64313725
v -0.05198675 0.01246439 0.01847235 0.54117647 0.42352941 0.64313725
v -0.05201748 0.01105795 0.01838026 0.54117647 0.42352941 0.64313725
v -0.05204822 0.00965152 0.01830706 0.54117647 0.42352941 0.64313725
v -0.05182283 0.00825799 0.01754672 0.54117647 0.42352941 0.64313725
v -0.05183307 0.00685156 0.01751839 0.54117647 0.42352941 0.64313725
v -0.05183307 0.00545803 0.01751130 0.54117647 0.42352941 0.64313725
v -0.05183307 0.00405159 0.01750658 0.54117647 0.42352941 0.64313725
v -0.05183307 0.00264516 0.01753019 0.54117647 0.42352941 0.64313725
v -0.05226337 0.00125163 0.01955856 0.54117647 0.42352941 0.64313725
v -0.05181258 0.00125163 0.01758214 0.54117647 0.42352941 0.64313725
v -0.05201748 -0.00015480 0.01836609 0.54117647 0.42352941 0.64313725
v 0.05056645 -0.01089014 0.01922089 0.54117647 0.42352941 0.64313725
v 0.01330511 -0.09123746 0.01961522 0.54117647 0.42352941 0.64313725
v 0.01469844 -0.09123746 0.01959633 0.54117647 0.42352941 0.64313725
v 0.01750559 -0.08983103 0.01945466 0.54117647 0.42352941 0.64313725
v 0.01867353 -0.08983103 0.01912407 0.54117647 0.42352941 0.64313725
v 0.01956485 -0.08897942 0.01872974 0.54117647 0.42352941 0.64313725
v 0.01966730 -0.08926329 0.01779466 0.54117647 0.42352941 0.64313725
v 0.05130409 -0.00856759 0.01955856 0.54117647 0.42352941 0.64313725
v 0.05154997 -0.00716116 0.01955856 0.54117647 0.42352941 0.64313725
v 0.05182659 -0.00490313 0.01912407 0.54117647 0.42352941 0.64313725
v 0.05189831 -0.00441281 0.01957744 0.54117647 0.42352941 0.64313725
v 0.05212370 -0.00154833 0.01955856 0.54117647 0.42352941 0.64313725
v 0.05220566 -0.00015480 0.01955856 0.54117647 0.42352941 0.64313725
v 0.05225688 0.00125163 0.01955856 0.54117647 0.42352941 0.64313725
v 0.05228762 0.00264516 0.01955856 0.54117647 0.42352941 0.64313725
v 0.05231836 0.00405159 0.01955856 0.54117647 0.42352941 0.64313725
v 0.05231836 0.00545803 0.01955856 0.54117647 0.42352941 0.64313725
v 0.05226713 0.00965152 0.01955856 0.54117647 0.42352941 0.64313725
v 0.05220566 0.01105795 0.01955856 0.54117647 0.42352941 0.64313725
v 0.05212370 0.01246439 0.01955856 0.54117647 0.42352941 0.64313725
v 0.05201100 0.01385791 0.01955856 0.54117647 0.42352941 0.64313725
v 0.05187782 0.01491596 0.01874390 0.54117647 0.42352941 0.64313725
v 0.05182659 0.01585789 0.01926339 0.54117647 0.42352941 0.64313725
v 0.05153973 0.01806431 0.01955856 0.54117647 0.42352941 0.64313725
v 0.05129385 0.01947074 0.01955856 0.54117647 0.42352941 0.64313725
v 0.05099674 0.02086427 0.01955856 0.54117647 0.42352941 0.64313725
v 0.05042302 0.02291586 0.01920672 0.54117647 0.42352941 0.64313725
v 0.05021812 0.02353521 0.01962703 0.54117647 0.42352941 0.64313725
v 0.04959317 0.02507067 0.01955856 0.54117647 0.42352941 0.64313725
v 0.04916287 0.02599969 0.01955856 0.54117647 0.42352941 0.64313725
v 0.04876331 0.02669646 0.01955856 0.54117647 0.42352941 0.64313725
v 0.04806665 0.02779322 0.01955856 0.54117647 0.42352941 0.64313725
v 0.04757488 0.02848998 0.01955856 0.54117647 0.42352941 0.64313725
v 0.04674503 0.02941900 0.01962939 0.54117647 0.42352941 0.64313725
v 0.04566930 0.03045124 0.01962939 0.54117647 0.42352941 0.64313725
v 0.04623278 0.02997383 0.01920908 0.54117647 0.42352941 0.64313725
v 0.04466528 0.03126413 0.01955856 0.54117647 0.42352941 0.64313725
v 0.04396862 0.03170284 0.01955856 0.54117647 0.42352941 0.64313725
v 0.04272897 0.03237380 0.01955856 0.54117647 0.42352941 0.64313725
v 0.04195034 0.03274799 0.01955856 0.54117647 0.42352941 0.64313725
v 0.04125367 0.03301895 0.01955856 0.54117647 0.42352941 0.64313725
v 0.03993206 0.03345765 0.01955856 0.54117647 0.42352941 0.64313725
v 0.03852848 0.03381894 0.01955856 0.54117647 0.42352941 0.64313725
v 0.03700197 0.03410281 0.01950188 0.54117647 0.42352941 0.64313725
v 0.03640775 0.03418023 0.01899893 0.54117647 0.42352941 0.64313725
v 0.03585452 0.03425765 0.01950188 0.54117647 0.42352941 0.64313725
v 0.00349033 0.03665761 -0.00448661 0.54117647 0.42352941 0.64313725
v 0.00208675 0.03676083 -0.00448661 0.54117647 0.42352941 0.64313725
v 0.00208675 0.03676083 -0.00426465 0.54117647 0.42352941 0.64313725
v 0.00349033 0.03665761 -0.00146178 0.54117647 0.42352941 0.64313725
v 0.00208675 0.03674793 -0.00005916 0.54117647 0.42352941 0.64313725
v 0.00208675 0.03670922 0.00134109 0.54117647 0.42352941 0.64313725
v 0.00069342 0.03677374 0.00134109 0.54117647 0.42352941 0.64313725
v 0.00069342 0.03668342 0.00274370 0.54117647 0.42352941 0.64313725
v 0.00069342 0.03658019 0.00414396 0.54117647 0.42352941 0.64313725
v -0.00069991 0.03646407 0.00554657 0.54117647 0.42352941 0.64313725
v -0.00069991 0.03632213 0.00694683 0.54117647 0.42352941 0.64313725
v -0.00210348 0.03615439 0.00834708 0.54117647 0.42352941 0.64313725
v -0.00210348 0.03632213 0.00694683 0.54117647 0.42352941 0.64313725
v -0.00210348 0.03646407 0.00554657 0.54117647 0.42352941 0.64313725
v -0.00210348 0.03658019 0.00414396 0.54117647 0.42352941 0.64313725
v -0.00210348 0.03667051 0.00274370 0.54117647 0.42352941 0.64313725
v -0.00210348 0.03672213 0.00134109 0.54117647 0.42352941 0.64313725
v -0.00210348 0.03674793 -0.00005916 0.54117647 0.42352941 0.64313725
v -0.00350706 0.03665761 -0.00005916 0.54117647 0.42352941 0.64313725
v -0.00350706 0.03667051 -0.00426465 0.54117647 0.42352941 0.64313725
v -0.03433449 0.03442538 0.01955856 0.54117647 0.42352941 0.64313725
v -0.00350706 0.03667051 -0.00448661 0.54117647 0.42352941 0.64313725
v -0.03645522 0.03418023 0.01884544 0.54117647 0.42352941 0.64313725
v -0.03651669 0.03419313 0.01955856 0.54117647 0.42352941 0.64313725
v -0.03721335 0.03408990 0.01955856 0.54117647 0.42352941 0.64313725
v -0.03854521 0.03383184 0.01955856 0.54117647 0.42352941 0.64313725
v -0.03994879 0.03347056 0.01955856 0.54117647 0.42352941 0.64313725
v -0.04129089 0.03303185 0.01955856 0.54117647 0.42352941 0.64313725
v -0.04198756 0.03276089 0.01955856 0.54117647 0.42352941 0.64313725
v -0.04274569 0.03238670 0.01955856 0.54117647 0.42352941 0.64313725
v -0.04398535 0.03171574 0.01955856 0.54117647 0.42352941 0.64313725
v -0.04468201 0.03126413 0.01955856 0.54117647 0.42352941 0.64313725
v -0.04624951 0.02997383 0.01896587 0.54117647 0.42352941 0.64313725
v -0.04760186 0.02850288 0.01955856 0.54117647 0.42352941 0.64313725
v -0.04808338 0.02780612 0.01955856 0.54117647 0.42352941 0.64313725
v -0.04879028 0.02670936 0.01955856 0.54117647 0.42352941 0.64313725
v -0.04917960 0.02601259 0.01955856 0.54117647 0.42352941 0.64313725
v -0.04962014 0.02507067 0.01955856 0.54117647 0.42352941 0.64313725
v -0.05023484 0.02354811 0.01961287 0.54117647 0.42352941 0.64313725
v -0.05043974 0.02291586 0.01918311 0.54117647 0.42352941 0.64313725
v -0.05101347 0.02086427 0.01955856 0.54117647 0.42352941 0.64313725
v -0.05132082 0.01947074 0.01955856 0.54117647 0.42352941 0.64313725
v -0.05155646 0.01806431 0.01955856 0.54117647 0.42352941 0.64313725
v -0.05184332 0.01587079 0.01914533 0.54117647 0.42352941 0.64313725
v -0.05204822 0.01385791 0.01955856 0.54117647 0.42352941 0.64313725
v -0.05214042 0.01246439 0.01955856 0.54117647 0.42352941 0.64313725
v -0.05221214 -0.00015480 0.01955856 0.54117647 0.42352941 0.64313725
v -0.05213018 -0.00154833 0.01955856 0.54117647 0.42352941 0.64313725
v -0.05202773 -0.00295476 0.01955856 0.54117647 0.42352941 0.64313725
v -0.05191503 -0.00418055 0.01955856 0.54117647 0.42352941 0.64313725
v -0.05174087 -0.00575473 0.01955856 0.54117647 0.42352941 0.64313725
v -0.05188430 -0.00392249 0.01876279 0.54117647 0.42352941 0.64313725
v -0.05153597 -0.00716116 0.01955856 0.54117647 0.42352941 0.64313725
v -0.05129008 -0.00856759 0.01955856 0.54117647 0.42352941 0.64313725
v -0.05057293 -0.01089014 0.01923978 0.54117647 0.42352941 0.64313725
v -0.01887467 -0.08983103 0.01815594 0.54117647 0.42352941 0.64313725
v -0.01828045 -0.09061811 0.01891864 0.54117647 0.42352941 0.64313725
v -0.01847511 -0.08983103 0.01904379 0.54117647 0.42352941 0.64313725
v -0.01752232 -0.08983103 0.01937437 0.54117647 0.42352941 0.64313725
v -0.01611874 -0.08983103 0.01951605 0.54117647 0.42352941 0.64313725
v -0.01471517 -0.09123746 0.01957744 0.54117647 0.42352941 0.64313725
v -0.01331159 -0.09123746 0.01961050 0.54117647 0.42352941 0.64313725
v -0.01191826 -0.09123746 0.01961522 0.54117647 0.42352941 0.64313725
v -0.05193552 0.01385791 0.01860931 0.54117647 0.42352941 0.64313725
v -0.05168964 0.01385791 0.01790800 0.54117647 0.42352941 0.64313725
v -0.05173062 0.01246439 0.01777105 0.54117647 0.42352941 0.64313725
v -0.05177160 0.01105795 0.01767896 0.54117647 0.42352941 0.64313725
v -0.05117739 0.01105795 0.01675569 0.54117647 0.42352941 0.64313725
v -0.05123886 0.00965152 0.01675569 0.54117647 0.42352941 0.64313725
v -0.05129008 0.00825799 0.01675569 0.54117647 0.42352941 0.64313725
v -0.05132082 0.00685156 0.01675569 0.54117647 0.42352941 0.64313725
v -0.05133106 0.00545803 0.01675569 0.54117647 0.42352941 0.64313725
v -0.05133106 0.00405159 0.01675569 0.54117647 0.42352941 0.64313725
v -0.05132082 0.00264516 0.01675569 0.54117647 0.42352941 0.64313725
v -0.05127984 0.00125163 0.01675569 0.54117647 0.42352941 0.64313725
v -0.05122861 -0.00015480 0.01675569 0.54117647 0.42352941 0.64313725
v -0.05178185 -0.00015480 0.01766479 0.54117647 0.42352941 0.64313725
v -0.05197651 -0.00154833 0.01849125 0.54117647 0.42352941 0.64313725
v 0.05056645 -0.01089014 0.01849125 0.54117647 0.42352941 0.64313725
v 0.01970828 -0.08936652 0.01675569 0.54117647 0.42352941 0.64313725
v 0.01975951 -0.08949554 0.01395282 0.54117647 0.42352941 0.64313725
v 0.01961608 -0.09054069 0.00636122 0.54117647 0.42352941 0.64313725
v 0.01970828 -0.09074714 0.00134109 0.54117647 0.42352941 0.64313725
v 0.01976975 -0.09091488 -0.00286203 0.54117647 0.42352941 0.64313725
v 0.01978000 -0.09097940 -0.00426465 0.54117647 0.42352941 0.64313725
v 0.01978000 -0.09099230 -0.00448661 0.54117647 0.42352941 0.64313725
v 0.01330511 -0.09238583 0.01925631 0.54117647 0.42352941 0.64313725
v 0.01469844 -0.09234712 0.01923742 0.54117647 0.42352941 0.64313725
v 0.01610202 -0.09123746 0.01948771 0.54117647 0.42352941 0.64313725
v 0.01747486 -0.09122455 0.01916658 0.54117647 0.42352941 0.64313725
v 0.01839691 -0.09076005 0.01901545 0.54117647 0.42352941 0.64313725
v 0.01930872 -0.08977941 0.01821969 0.54117647 0.42352941 0.64313725
v 0.01937019 -0.09006328 0.01675569 0.54117647 0.42352941 0.64313725
v 0.05069963 -0.01001273 0.01807565 0.54117647 0.42352941 0.64313725
v 0.05103772 -0.00856759 0.01815594 0.54117647 0.42352941 0.64313725
v 0.05127336 -0.00716116 0.01815594 0.54117647 0.42352941 0.64313725
v 0.05147826 -0.00575473 0.01815594 0.54117647 0.42352941 0.64313725
v 0.05186757 -0.00397410 0.01875807 0.54117647 0.42352941 0.64313725
v 0.05191879 -0.00295476 0.01861403 0.54117647 0.42352941 0.64313725
v 0.05201100 -0.00015480 0.01834248 0.54117647 0.42352941 0.64313725
v 0.05197002 -0.00154833 0.01845110 0.54117647 0.42352941 0.64313725
v 0.05203149 0.00125163 0.01826692 0.54117647 0.42352941 0.64313725
v 0.05205198 0.00264516 0.01821261 0.54117647 0.42352941 0.64313725
v 0.05206223 0.00405159 0.01817719 0.54117647 0.42352941 0.64313725
v 0.05206223 0.00545803 0.01816775 0.54117647 0.42352941 0.64313725
v 0.05206223 0.00685156 0.01817483 0.54117647 0.42352941 0.64313725
v 0.05206223 0.00825799 0.01820316 0.54117647 0.42352941 0.64313725
v 0.05204174 0.00965152 0.01825511 0.54117647 0.42352941 0.64313725
v 0.05201100 0.01105795 0.01833540 0.54117647 0.42352941 0.64313725
v 0.05197002 0.01246439 0.01844402 0.54117647 0.42352941 0.64313725
v 0.05191879 0.01385791 0.01859750 0.54117647 0.42352941 0.64313725
v 0.05166267 0.01534177 0.01822914 0.54117647 0.42352941 0.64313725
v 0.05147826 0.01667078 0.01815594 0.54117647 0.42352941 0.64313725
v 0.05127336 0.01806431 0.01815594 0.54117647 0.42352941 0.64313725
v 0.05169341 0.01385791 0.01789619 0.54117647 0.42352941 0.64313725
v 0.05102748 0.01947074 0.01815594 0.54117647 0.42352941 0.64313725
v 0.05056645 0.02198684 0.01851250 0.54117647 0.42352941 0.64313725
v 0.04986978 0.02367714 0.01815594 0.54117647 0.42352941 0.64313725
v 0.04911164 0.02590937 0.01865181 0.54117647 0.42352941 0.64313725
v 0.04790273 0.02756096 0.01815594 0.54117647 0.42352941 0.64313725
v 0.04739047 0.02825773 0.01815594 0.54117647 0.42352941 0.64313725
v 0.04669381 0.02908352 0.01815594 0.54117647 0.42352941 0.64313725
v 0.04602788 0.02978028 0.01815594 0.54117647 0.42352941 0.64313725
v 0.04533122 0.03038673 0.01815594 0.54117647 0.42352941 0.64313725
v 0.04440915 0.03108349 0.01815594 0.54117647 0.42352941 0.64313725
v 0.04371249 0.03154800 0.01815594 0.54117647 0.42352941 0.64313725
v 0.04272897 0.03207703 0.01815594 0.54117647 0.42352941 0.64313725
v 0.04102828 0.03292863 0.01843930 0.54117647 0.42352941 0.64313725
v 0.03852848 0.03354798 0.01815594 0.54117647 0.42352941 0.64313725
v 0.00789571 0.03596085 -0.00448661 0.54117647 0.42352941 0.64313725
v 0.00770105 0.03599956 -0.00448661 0.54117647 0.42352941 0.64313725
v 0.00651263 0.03623181 -0.00448661 0.54117647 0.42352941 0.64313725
v 0.00629748 0.03627052 -0.00448661 0.54117647 0.42352941 0.64313725
v 0.00511930 0.03646407 -0.00448661 0.54117647 0.42352941 0.64313725
v 0.00371572 0.03663181 -0.00448661 0.54117647 0.42352941 0.64313725
v 0.00069342 0.03683825 -0.00448661 0.54117647 0.42352941 0.64313725
v 0.00069342 0.03682535 -0.00146178 0.54117647 0.42352941 0.64313725
v 0.00069342 0.03681245 -0.00005916 0.54117647 0.42352941 0.64313725
v -0.00069991 0.03677374 0.00134109 0.54117647 0.42352941 0.64313725
v -0.00069991 0.03669632 0.00274370 0.54117647 0.42352941 0.64313725
v -0.00069991 0.03659310 0.00414396 0.54117647 0.42352941 0.64313725
v -0.00069991 0.03681245 -0.00005916 0.54117647 0.42352941 0.64313725
v -0.00328167 0.03668342 -0.00448661 0.54117647 0.42352941 0.64313725
v -0.00069991 0.03682535 -0.00146178 0.54117647 0.42352941 0.64313725
v -0.00187809 0.03676083 -0.00448661 0.54117647 0.42352941 0.64313725
v -0.00491063 0.03650278 -0.00448661 0.54117647 0.42352941 0.64313725
v -0.03700845 0.03397378 0.01829053 0.54117647 0.42352941 0.64313725
v -0.03854521 0.03362539 0.01815594 0.54117647 0.42352941 0.64313725
v -0.00608882 0.03630923 -0.00448661 0.54117647 0.42352941 0.64313725
v -0.00630396 0.03627052 -0.00448661 0.54117647 0.42352941 0.64313725
v -0.00770754 0.03601246 -0.00448661 0.54117647 0.42352941 0.64313725
v -0.03994879 0.03325121 0.01815594 0.54117647 0.42352941 0.64313725
v -0.04098354 0.03291572 0.01815594 0.54117647 0.42352941 0.64313725
v -0.04168021 0.03263186 0.01815594 0.54117647 0.42352941 0.64313725
v -0.04274569 0.03211574 0.01815594 0.54117647 0.42352941 0.64313725
v -0.04375996 0.03157381 0.01815594 0.54117647 0.42352941 0.64313725
v -0.04445662 0.03109640 0.01815594 0.54117647 0.42352941 0.64313725
v -0.04605485 0.02979319 0.01815594 0.54117647 0.42352941 0.64313725
v -0.04672078 0.02909642 0.01815594 0.54117647 0.42352941 0.64313725
v -0.04741745 0.02827063 0.01815594 0.54117647 0.42352941 0.64313725
v -0.04535818 0.03039963 0.01815594 0.54117647 0.42352941 0.64313725
v -0.04791946 0.02756096 0.01815594 0.54117647 0.42352941 0.64313725
v -0.04912837 0.02590937 0.01865890 0.54117647 0.42352941 0.64313725
v -0.04987626 0.02367714 0.01815594 0.54117647 0.42352941 0.64313725
v -0.05057293 0.02198684 0.01851722 0.54117647 0.42352941 0.64313725
v -0.05102371 0.01947074 0.01815594 0.54117647 0.42352941 0.64313725
v -0.05126960 0.01806431 0.01815594 0.54117647 0.42352941 0.64313725
v -0.05189455 0.01492887 0.01874863 0.54117647 0.42352941 0.64313725
v -0.05192528 -0.00295476 0.01864001 0.54117647 0.42352941 0.64313725
v -0.05168964 -0.00295476 0.01793870 0.54117647 0.42352941 0.64313725
v -0.05165891 -0.00437410 0.01824095 0.54117647 0.42352941 0.64313725
v -0.05147450 -0.00575473 0.01815594 0.54117647 0.42352941 0.64313725
v -0.05126960 -0.00716116 0.01815594 0.54117647 0.42352941 0.64313725
v -0.05102371 -0.00856759 0.01815594 0.54117647 0.42352941 0.64313725
v -0.05070611 -0.00999983 0.01808038 0.54117647 0.42352941 0.64313725
v -0.05057293 -0.01089014 0.01849833 0.54117647 0.42352941 0.64313725
v -0.01926398 -0.09123746 -0.00448661 0.54117647 0.42352941 0.64313725
v -0.01916153 -0.09123746 -0.00146178 0.54117647 0.42352941 0.64313725
v -0.01919227 -0.08983103 0.01395282 0.54117647 0.42352941 0.64313725
v -0.01906933 -0.08983103 0.01675569 0.54117647 0.42352941 0.64313725
v -0.01838291 -0.09073424 0.01815594 0.54117647 0.42352941 0.64313725
v -0.01768624 -0.09143101 0.01815594 0.54117647 0.42352941 0.64313725
v -0.01687688 -0.09197293 0.01890683 0.54117647 0.42352941 0.64313725
v -0.01741987 -0.09114713 0.01906740 0.54117647 0.42352941 0.64313725
v -0.01611874 -0.09123746 0.01942160 0.54117647 0.42352941 0.64313725
v -0.01471517 -0.09233422 0.01921852 0.54117647 0.42352941 0.64313725
v -0.01331159 -0.09238583 0.01925158 0.54117647 0.42352941 0.64313725
v -0.01191826 -0.09238583 0.01925631 0.54117647 0.42352941 0.64313725
v -0.05166915 0.01534177 0.01823150 0.54117647 0.42352941 0.64313725
v -0.05147450 0.01667078 0.01815594 0.54117647 0.42352941 0.64313725
v -0.05083930 0.01667078 0.01691389 0.54117647 0.42352941 0.64313725
v -0.05092126 0.01526435 0.01680763 0.54117647 0.42352941 0.64313725
v -0.05110567 0.01246439 0.01675569 0.54117647 0.42352941 0.64313725
v -0.03682404 0.00125163 -0.00448661 0.54117647 0.42352941 0.64313725
v -0.03684453 -0.00015480 -0.00448661 0.54117647 0.42352941 0.64313725
v -0.03680355 -0.00154833 -0.00448661 0.54117647 0.42352941 0.64313725
v -0.03672159 -0.00295476 -0.00448661 0.54117647 0.42352941 0.64313725
v -0.05104420 -0.00295476 0.01675569 0.54117647 0.42352941 0.64313725
v -0.05173062 -0.00154833 0.01778994 0.54117647 0.42352941 0.64313725
v 0.05040253 -0.01050305 0.01755617 0.54117647 0.42352941 0.64313725
v 0.01941117 -0.09014070 0.01535307 0.54117647 0.42352941 0.64313725
v 0.01950338 -0.09168906 -0.00448661 0.54117647 0.42352941 0.64313725
v 0.02003612 -0.08983103 -0.00448661 0.54117647 0.42352941 0.64313725
v 0.05051522 -0.00957403 0.01732948 0.54117647 0.42352941 0.64313725
v 0.01330511 -0.09294066 0.01815594 0.54117647 0.42352941 0.64313725
v 0.01469844 -0.09287615 0.01815594 0.54117647 0.42352941 0.64313725
v 0.01610202 -0.09220519 0.01912644 0.54117647 0.42352941 0.64313725
v 0.01698309 -0.09203745 0.01897531 0.54117647 0.42352941 0.64313725
v 0.01785392 -0.09163745 0.01815594 0.54117647 0.42352941 0.64313725
v 0.01857108 -0.09094069 0.01815594 0.54117647 0.42352941 0.64313725
v 0.01866328 -0.09105681 0.01675569 0.54117647 0.42352941 0.64313725
v 0.05061767 -0.00856759 0.01717127 0.54117647 0.42352941 0.64313725
v 0.05084306 -0.00575473 0.01685958 0.54117647 0.42352941 0.64313725
v 0.05168316 -0.00295476 0.01791272 0.54117647 0.42352941 0.64313725
v 0.05166267 -0.00441281 0.01823858 0.54117647 0.42352941 0.64313725
v 0.05074061 -0.00716116 0.01699890 0.54117647 0.42352941 0.64313725
v 0.05177537 -0.00015480 0.01764118 0.54117647 0.42352941 0.64313725
v 0.05180610 0.00125163 0.01756561 0.54117647 0.42352941 0.64313725
v 0.05173438 -0.00154833 0.01775215 0.54117647 0.42352941 0.64313725
v 0.05182659 0.00264516 0.01751130 0.54117647 0.42352941 0.64313725
v 0.05183684 0.00405159 0.01747825 0.54117647 0.42352941 0.64313725
v 0.05183684 0.00545803 0.01746644 0.54117647 0.42352941 0.64313725
v 0.05183684 0.00685156 0.01747352 0.54117647 0.42352941 0.64313725
v 0.05182659 0.00825799 0.01750186 0.54117647 0.42352941 0.64313725
v 0.05180610 0.00965152 0.01755381 0.54117647 0.42352941 0.64313725
v 0.05177537 0.01105795 0.01763409 0.54117647 0.42352941 0.64313725
v 0.05173438 0.01246439 0.01774271 0.54117647 0.42352941 0.64313725
v 0.05084306 0.01667078 0.01686667 0.54117647 0.42352941 0.64313725
v 0.05074061 0.01806431 0.01700834 0.54117647 0.42352941 0.64313725
v 0.05060743 0.01947074 0.01719489 0.54117647 0.42352941 0.64313725
v 0.05104797 0.01385791 0.01675569 0.54117647 0.42352941 0.64313725
v 0.05050498 0.02043847 0.01735073 0.54117647 0.42352941 0.64313725
v 0.05069963 0.02089008 0.01808982 0.54117647 0.42352941 0.64313725
v 0.05039228 0.02138040 0.01757978 0.54117647 0.42352941 0.64313725
v 0.05027958 0.02237393 0.01808982 0.54117647 0.42352941 0.64313725
v 0.04914238 0.02460616 0.01731059 0.54117647 0.42352941 0.64313725
v 0.04931655 0.02507067 0.01817483 0.54117647 0.42352941 0.64313725
v 0.04892723 0.02553518 0.01771910 0.54117647 0.42352941 0.64313725
v 0.04861988 0.02641259 0.01817483 0.54117647 0.42352941 0.64313725
v 0.04770807 0.02729000 0.01736018 0.54117647 0.42352941 0.64313725
v 0.04642744 0.02878675 0.01724211 0.54117647 0.42352941 0.64313725
v 0.04503410 0.03014157 0.01726573 0.54117647 0.42352941 0.64313725
v 0.04345637 0.03139317 0.01743338 0.54117647 0.42352941 0.64313725
v 0.04142784 0.03263186 0.01804496 0.54117647 0.42352941 0.64313725
v 0.04003451 0.03310927 0.01804496 0.54117647 0.42352941 0.64313725
v 0.04056725 0.03276089 0.01750422 0.54117647 0.42352941 0.64313725
v 0.01209619 0.03476086 -0.00448661 0.54117647 0.42352941 0.64313725
v 0.01190154 0.03482538 -0.00448661 0.54117647 0.42352941 0.64313725
v 0.01072335 0.03521247 -0.00448661 0.54117647 0.42352941 0.64313725
v 0.00977056 0.03550924 -0.00448661 0.54117647 0.42352941 0.64313725
v 0.00963737 0.03554795 -0.00448661 0.54117647 0.42352941 0.64313725
v 0.00894071 0.03571569 -0.00448661 0.54117647 0.42352941 0.64313725
v -0.00069991 0.03682535 -0.00448661 0.54117647 0.42352941 0.64313725
v -0.00876278 0.03578020 -0.00448661 0.54117647 0.42352941 0.64313725
v -0.00907013 0.03570278 -0.00448661 0.54117647 0.42352941 0.64313725
v -0.00966435 0.03554795 -0.00448661 0.54117647 0.42352941 0.64313725
v -0.04068643 0.03279960 0.01742157 0.54117647 0.42352941 0.64313725
v -0.01038150 0.03532860 -0.00448661 0.54117647 0.42352941 0.64313725
v -0.04351407 0.03141897 0.01738615 0.54117647 0.42352941 0.64313725
v -0.04506108 0.03015447 0.01722795 0.54117647 0.42352941 0.64313725
v -0.04645441 0.02879965 0.01722086 0.54117647 0.42352941 0.64313725
v -0.04772480 0.02729000 0.01735309 0.54117647 0.42352941 0.64313725
v -0.04863661 0.02641259 0.01817719 0.54117647 0.42352941 0.64313725
v -0.04893372 0.02553518 0.01772618 0.54117647 0.42352941 0.64313725
v -0.04932303 0.02507067 0.01817719 0.54117647 0.42352941 0.64313725
v -0.05029631 0.02238684 0.01809218 0.54117647 0.42352941 0.64313725
v -0.04914886 0.02459326 0.01732004 0.54117647 0.42352941 0.64313725
v -0.05039876 0.02135459 0.01758214 0.54117647 0.42352941 0.64313725
v -0.05069587 0.02087718 0.01809218 0.54117647 0.42352941 0.64313725
v -0.05051146 0.02041267 0.01737199 0.54117647 0.42352941 0.64313725
v -0.05060366 0.01947074 0.01722558 0.54117647 0.42352941 0.64313725
v -0.05073685 0.01806431 0.01704613 0.54117647 0.42352941 0.64313725
v -0.05084955 -0.00575473 0.01686667 0.54117647 0.42352941 0.64313725
v -0.05074710 -0.00716116 0.01700598 0.54117647 0.42352941 0.64313725
v -0.05062416 -0.00856759 0.01719253 0.54117647 0.42352941 0.64313725
v -0.05052170 -0.00954822 0.01735073 0.54117647 0.42352941 0.64313725
v -0.05040901 -0.01047724 0.01756325 0.54117647 0.42352941 0.64313725
v -0.01958158 -0.09021812 -0.00448661 0.54117647 0.42352941 0.64313725
v -0.01916153 -0.09144391 -0.00448661 0.54117647 0.42352941 0.64313725
v -0.01860830 -0.09248906 -0.00448661 0.54117647 0.42352941 0.64313725
v -0.01911031 -0.09123746 -0.00005916 0.54117647 0.42352941 0.64313725
v -0.01904883 -0.09123746 0.00134109 0.54117647 0.42352941 0.64313725
v -0.01897712 -0.09123746 0.00274370 0.54117647 0.42352941 0.64313725
v -0.01890540 -0.09123746 0.00414396 0.54117647 0.42352941 0.64313725
v -0.01861854 -0.09110843 0.01114995 0.54117647 0.42352941 0.64313725
v -0.01854683 -0.09097940 0.01395282 0.54117647 0.42352941 0.64313725
v -0.01850585 -0.09091488 0.01535307 0.54117647 0.42352941 0.64313725
v -0.01846486 -0.09083746 0.01675569 0.54117647 0.42352941 0.64313725
v -0.01779894 -0.09154713 0.01675569 0.54117647 0.42352941 0.64313725
v -0.01698957 -0.09205035 0.01815594 0.54117647 0.42352941 0.64313725
v -0.01611874 -0.09245035 0.01815594 0.54117647 0.42352941 0.64313725
v -0.01611874 -0.09214067 0.01906032 0.54117647 0.42352941 0.64313725
v -0.01471517 -0.09283744 0.01815594 0.54117647 0.42352941 0.64313725
v -0.01331159 -0.09294066 0.01815594 0.54117647 0.42352941 0.64313725
v -0.05031680 0.01667078 0.01621259 0.54117647 0.42352941 0.64313725
v -0.03663963 0.00405159 -0.00448661 0.54117647 0.42352941 0.64313725
v -0.05090077 0.01397404 0.01661637 0.54117647 0.42352941 0.64313725
v -0.03675232 0.00264516 -0.00448661 0.54117647 0.42352941 0.64313725
v -0.03659865 -0.00436120 -0.00448661 0.54117647 0.42352941 0.64313725
v -0.05048072 -0.00387088 0.01602840 0.54117647 0.42352941 0.64313725
v -0.05084955 -0.00434829 0.01663762 0.54117647 0.42352941 0.64313725
v 0.01898088 -0.09123746 0.00974733 0.54117647 0.42352941 0.64313725
v 0.01885794 -0.09263099 -0.00426465 0.54117647 0.42352941 0.64313725
v 0.01896039 -0.09250196 -0.00448661 0.54117647 0.42352941 0.64313725
v 0.01933946 -0.09144391 0.00134109 0.54117647 0.42352941 0.64313725
v 0.03646923 -0.00516119 -0.00448661 0.54117647 0.42352941 0.64313725
v 0.01330511 -0.09310840 0.01675569 0.54117647 0.42352941 0.64313725
v 0.01610202 -0.09259228 0.01815594 0.54117647 0.42352941 0.64313725
v 0.01469844 -0.09304389 0.01675569 0.54117647 0.42352941 0.64313725
v 0.01714701 -0.09215357 0.01815594 0.54117647 0.42352941 0.64313725
v 0.01797687 -0.09175358 0.01675569 0.54117647 0.42352941 0.64313725
v 0.01820226 -0.09193422 0.01317595 0.54117647 0.42352941 0.64313725
v 0.01829446 -0.09202455 0.01114995 0.54117647 0.42352941 0.64313725
v 0.01835593 -0.09207616 0.00974733 0.54117647 0.42352941 0.64313725
v 0.01868377 -0.09250196 -0.00005916 0.54117647 0.42352941 0.64313725
v 0.03659217 -0.00436120 -0.00448661 0.54117647 0.42352941 0.64313725
v 0.05084306 -0.00434829 0.01663290 0.54117647 0.42352941 0.64313725
v 0.05104797 -0.00295476 0.01675569 0.54117647 0.42352941 0.64313725
v 0.03648972 -0.00503215 -0.00448661 0.54117647 0.42352941 0.64313725
v 0.05115042 -0.00154833 0.01675569 0.54117647 0.42352941 0.64313725
v 0.05123238 -0.00015480 0.01675569 0.54117647 0.42352941 0.64313725
v 0.05128360 0.00125163 0.01675569 0.54117647 0.42352941 0.64313725
v 0.05132458 0.00264516 0.01675569 0.54117647 0.42352941 0.64313725
v 0.05135532 0.00405159 0.01675569 0.54117647 0.42352941 0.64313725
v 0.05136556 0.00545803 0.01675569 0.54117647 0.42352941 0.64313725
v 0.05135532 0.00685156 0.01675569 0.54117647 0.42352941 0.64313725
v 0.05133483 0.00825799 0.01675569 0.54117647 0.42352941 0.64313725
v 0.05129385 0.00965152 0.01675569 0.54117647 0.42352941 0.64313725
v 0.05123238 0.01105795 0.01675569 0.54117647 0.42352941 0.64313725
v 0.05115042 0.01246439 0.01675569 0.54117647 0.42352941 0.64313725
v 0.05084306 0.01525145 0.01663762 0.54117647 0.42352941 0.64313725
v 0.05041277 0.01570305 0.01608980 0.54117647 0.42352941 0.64313725
v 0.05035130 0.01667078 0.01616536 0.54117647 0.42352941 0.64313725
v 0.05023861 0.01806431 0.01630704 0.54117647 0.42352941 0.64313725
v 0.05009517 0.01947074 0.01649358 0.54117647 0.42352941 0.64313725
v 0.05050498 0.01385791 0.01598118 0.54117647 0.42352941 0.64313725
v 0.05046399 0.01477403 0.01602840 0.54117647 0.42352941 0.64313725
v 0.05000297 0.02089008 0.01683125 0.54117647 0.42352941 0.64313725
v 0.04949072 0.02225781 0.01667776 0.54117647 0.42352941 0.64313725
v 0.04931655 0.02367714 0.01707446 0.54117647 0.42352941 0.64313725
v 0.04875307 0.02367714 0.01637315 0.54117647 0.42352941 0.64313725
v 0.04837400 0.02514809 0.01670610 0.54117647 0.42352941 0.64313725
v 0.04796420 0.02647710 0.01706974 0.54117647 0.42352941 0.64313725
v 0.04731876 0.02647710 0.01636843 0.54117647 0.42352941 0.64313725
v 0.04684748 0.02776741 0.01683361 0.54117647 0.42352941 0.64313725
v 0.04548489 0.02922545 0.01678638 0.54117647 0.42352941 0.64313725
v 0.04593567 0.02824482 0.01630704 0.54117647 0.42352941 0.64313725
v 0.02770969 0.02425778 -0.00448661 0.54117647 0.42352941 0.64313725
v 0.02711547 0.02490293 -0.00448661 0.54117647 0.42352941 0.64313725
v 0.02655199 0.02549647 -0.00448661 0.54117647 0.42352941 0.64313725
v 0.02575288 0.02632227 -0.00448661 0.54117647 0.42352941 0.64313725
v 0.02515866 0.02690290 -0.00448661 0.54117647 0.42352941 0.64313725
v 0.02350920 0.02832224 -0.00448661 0.54117647 0.42352941 0.64313725
v 0.02280229 0.02888998 -0.00448661 0.54117647 0.42352941 0.64313725
v 0.02205440 0.02948352 -0.00448661 0.54117647 0.42352941 0.64313725
v 0.02179828 0.02967706 -0.00448661 0.54117647 0.42352941 0.64313725
v 0.02120406 0.03011576 -0.00448661 0.54117647 0.42352941 0.64313725
v 0.02503572 0.02701903 -0.00448661 0.54117647 0.42352941 0.64313725
v 0.02493327 0.02710935 -0.00448661 0.54117647 0.42352941 0.64313725
v 0.02433905 0.02762547 -0.00448661 0.54117647 0.42352941 0.64313725
v 0.02031274 0.03069640 -0.00448661 0.54117647 0.42352941 0.64313725
v 0.01942142 0.03126413 -0.00448661 0.54117647 0.42352941 0.64313725
v 0.01871451 0.03170284 -0.00448661 0.54117647 0.42352941 0.64313725
v 0.01770025 0.03228348 -0.00448661 0.54117647 0.42352941 0.64313725
v 0.01677819 0.03277379 -0.00448661 0.54117647 0.42352941 0.64313725
v 0.01608153 0.03310927 -0.00448661 0.54117647 0.42352941 0.64313725
v 0.01492383 0.03365120 -0.00448661 0.54117647 0.42352941 0.64313725
v 0.01469844 0.03375443 -0.00448661 0.54117647 0.42352941 0.64313725
v 0.01398129 0.03406410 -0.00448661 0.54117647 0.42352941 0.64313725
v 0.01373540 0.03416732 -0.00448661 0.54117647 0.42352941 0.64313725
v 0.01314119 0.03438668 -0.00448661 0.54117647 0.42352941 0.64313725
v -0.01191826 0.03483828 -0.00448661 0.54117647 0.42352941 0.64313725
v -0.01315792 0.03439958 -0.00448661 0.54117647 0.42352941 0.64313725
v -0.01385458 0.03411571 -0.00448661 0.54117647 0.42352941 0.64313725
v -0.01458198 0.03379314 -0.00448661 0.54117647 0.42352941 0.64313725
v -0.01682565 0.03278670 -0.00448661 0.54117647 0.42352941 0.64313725
v -0.01884393 0.03162542 -0.00448661 0.54117647 0.42352941 0.64313725
v -0.01943815 0.03126413 -0.00448661 0.54117647 0.42352941 0.64313725
v -0.02018604 0.03079962 -0.00448661 0.54117647 0.42352941 0.64313725
v -0.02122079 0.03012867 -0.00448661 0.54117647 0.42352941 0.64313725
v -0.04404682 0.03060608 0.01684069 0.54117647 0.42352941 0.64313725
v -0.01750183 0.03239960 -0.00448661 0.54117647 0.42352941 0.64313725
v -0.02192770 0.02958674 -0.00448661 0.54117647 0.42352941 0.64313725
v -0.02281902 0.02888998 -0.00448661 0.54117647 0.42352941 0.64313725
v -0.02351569 0.02833514 -0.00448661 0.54117647 0.42352941 0.64313725
v -0.04456932 0.02972867 0.01629523 0.54117647 0.42352941 0.64313725
v -0.04553235 0.02926416 0.01675805 0.54117647 0.42352941 0.64313725
v -0.04600363 0.02827063 0.01628578 0.54117647 0.42352941 0.64313725
v -0.04687446 0.02778031 0.01681944 0.54117647 0.42352941 0.64313725
v -0.04637245 0.02734161 0.01595284 0.54117647 0.42352941 0.64313725
v -0.04735597 0.02647710 0.01636371 0.54117647 0.42352941 0.64313725
v -0.04797068 0.02647710 0.01706265 0.54117647 0.42352941 0.64313725
v -0.04875955 0.02367714 0.01638496 0.54117647 0.42352941 0.64313725
v -0.04932303 0.02367714 0.01708627 0.54117647 0.42352941 0.64313725
v -0.04838048 0.02513519 0.01671082 0.54117647 0.42352941 0.64313725
v -0.04948695 0.02221910 0.01668249 0.54117647 0.42352941 0.64313725
v -0.04997871 0.02087718 0.01684541 0.54117647 0.42352941 0.64313725
v -0.05007092 0.01947074 0.01652428 0.54117647 0.42352941 0.64313725
v -0.05021435 0.01806431 0.01634482 0.54117647 0.42352941 0.64313725
v -0.03647571 -0.00513538 -0.00448661 0.54117647 0.42352941 0.64313725
v -0.01841364 -0.09216648 0.00274370 0.54117647 0.42352941 0.64313725
v -0.01849560 -0.09228260 -0.00005916 0.54117647 0.42352941 0.64313725
v -0.01815751 -0.09308260 -0.00448661 0.54117647 0.42352941 0.64313725
v -0.01819849 -0.09190842 0.00876975 0.54117647 0.42352941 0.64313725
v -0.01815751 -0.09186971 0.00974733 0.54117647 0.42352941 0.64313725
v -0.01809604 -0.09180519 0.01114995 0.54117647 0.42352941 0.64313725
v -0.01803457 -0.09174068 0.01255020 0.54117647 0.42352941 0.64313725
v -0.01796286 -0.09167616 0.01395282 0.54117647 0.42352941 0.64313725
v -0.01710227 -0.09212777 0.01675569 0.54117647 0.42352941 0.64313725
v -0.01611874 -0.09261809 0.01675569 0.54117647 0.42352941 0.64313725
v -0.01471517 -0.09300518 0.01675569 0.54117647 0.42352941 0.64313725
v -0.01331159 -0.09310840 0.01675569 0.54117647 0.42352941 0.64313725
v -0.03649620 0.00494191 -0.00448661 0.54117647 0.42352941 0.64313725
v 0.01886819 -0.09263099 -0.00448661 0.54117647 0.42352941 0.64313725
v 0.01837642 -0.09327614 -0.00448661 0.54117647 0.42352941 0.64313725
v 0.01330511 -0.09323743 0.01535307 0.54117647 0.42352941 0.64313725
v 0.01430913 -0.09336646 0.01356792 0.54117647 0.42352941 0.64313725
v 0.01610202 -0.09276002 0.01675569 0.54117647 0.42352941 0.64313725
v 0.01469844 -0.09317292 0.01535307 0.54117647 0.42352941 0.64313725
v 0.01524143 -0.09332775 0.01308386 0.54117647 0.42352941 0.64313725
v 0.01728020 -0.09223099 0.01675569 0.54117647 0.42352941 0.64313725
v 0.01737241 -0.09229551 0.01535307 0.54117647 0.42352941 0.64313725
v 0.01705481 -0.09349549 0.00414396 0.54117647 0.42352941 0.64313725
v 0.01724946 -0.09361162 0.00134109 0.54117647 0.42352941 0.64313725
v 0.01818177 -0.09331485 -0.00240158 0.54117647 0.42352941 0.64313725
v 0.01823299 -0.09335356 -0.00333665 0.54117647 0.42352941 0.64313725
v 0.01827397 -0.09340517 -0.00448661 0.54117647 0.42352941 0.64313725
v 0.03672535 -0.00295476 -0.00448661 0.54117647 0.42352941 0.64313725
v 0.03679707 -0.00154833 -0.00448661 0.54117647 0.42352941 0.64313725
v 0.03680731 -0.00132898 -0.00448661 0.54117647 0.42352941 0.64313725
v 0.03683805 -0.00015480 -0.00448661 0.54117647 0.42352941 0.64313725
v 0.03680731 0.00125163 -0.00448661 0.54117647 0.42352941 0.64313725
v 0.03679707 0.00147098 -0.00448661 0.54117647 0.42352941 0.64313725
v 0.03673560 0.00264516 -0.00448661 0.54117647 0.42352941 0.64313725
v 0.03662290 0.00405159 -0.00448661 0.54117647 0.42352941 0.64313725
v 0.03660241 0.00420643 -0.00448661 0.54117647 0.42352941 0.64313725
v 0.03647947 0.00494191 -0.00448661 0.54117647 0.42352941 0.64313725
v 0.04910140 0.02176749 0.01598826 0.54117647 0.42352941 0.64313725
v 0.04894773 0.02270941 0.01615828 0.54117647 0.42352941 0.64313725
v 0.04782077 0.02474809 0.01589145 0.54117647 0.42352941 0.64313725
v 0.04758513 0.02567711 0.01610160 0.54117647 0.42352941 0.64313725
v 0.03372354 0.01478694 -0.00448661 0.54117647 0.42352941 0.64313725
v 0.03345717 0.01538048 -0.00448661 0.54117647 0.42352941 0.64313725
v 0.04633523 0.02730290 0.01597409 0.54117647 0.42352941 0.64313725
v 0.03082419 0.02018041 -0.00448661 0.54117647 0.42352941 0.64313725
v 0.03033242 0.02087718 -0.00448661 0.54117647 0.42352941 0.64313725
v 0.02838586 0.02344489 -0.00448661 0.54117647 0.42352941 0.64313725
v 0.02781214 0.02414165 -0.00448661 0.54117647 0.42352941 0.64313725
v -0.02434554 0.02763838 -0.00448661 0.54117647 0.42352941 0.64313725
v -0.02505245 0.02700613 -0.00448661 0.54117647 0.42352941 0.64313725
v -0.02587205 0.02619324 -0.00448661 0.54117647 0.42352941 0.64313725
v -0.04507132 0.02879965 0.01589145 0.54117647 0.42352941 0.64313725
v -0.02702975 0.02501906 -0.00448661 0.54117647 0.42352941 0.64313725
v -0.02782886 0.02414165 -0.00448661 0.54117647 0.42352941 0.64313725
v -0.02840259 0.02344489 -0.00448661 0.54117647 0.42352941 0.64313725
v -0.02851528 0.02330295 -0.00448661 0.54117647 0.42352941 0.64313725
v -0.02964224 0.02184491 -0.00448661 0.54117647 0.42352941 0.64313725
v -0.02975494 0.02169007 -0.00448661 0.54117647 0.42352941 0.64313725
v -0.03042087 0.02076105 -0.00448661 0.54117647 0.42352941 0.64313725
v -0.03083067 0.02016751 -0.00448661 0.54117647 0.42352941 0.64313725
v -0.04760186 0.02567711 0.01610160 0.54117647 0.42352941 0.64313725
v -0.03096386 0.01996106 -0.00448661 0.54117647 0.42352941 0.64313725
v -0.04895421 0.02264489 0.01616536 0.54117647 0.42352941 0.64313725
v -0.03374027 0.01478694 -0.00448661 0.54117647 0.42352941 0.64313725
v -0.03409885 0.01385791 -0.00448661 0.54117647 0.42352941 0.64313725
v -0.04909764 0.02170297 0.01601424 0.54117647 0.42352941 0.64313725
v -0.01806531 -0.09318582 -0.00426465 0.54117647 0.42352941 0.64313725
v -0.01807555 -0.09318582 -0.00448661 0.54117647 0.42352941 0.64313725
v -0.01800384 -0.09312131 -0.00286203 0.54117647 0.42352941 0.64313725
v -0.01722521 -0.09362452 -0.00146178 0.54117647 0.42352941 0.64313725
v -0.01706129 -0.09350840 0.00134109 0.54117647 0.42352941 0.64313725
v -0.01696908 -0.09344388 0.00274370 0.54117647 0.42352941 0.64313725
v -0.01687688 -0.09337936 0.00414396 0.54117647 0.42352941 0.64313725
v -0.01682565 -0.09334065 0.00491847 0.54117647 0.42352941 0.64313725
v -0.01674369 -0.09330194 0.00585354 0.54117647 0.42352941 0.64313725
v -0.01594458 -0.09356001 0.00694683 0.54117647 0.42352941 0.64313725
v -0.01551428 -0.09337936 0.01114995 0.54117647 0.42352941 0.64313725
v -0.01543232 -0.09334065 0.01190793 0.54117647 0.42352941 0.64313725
v -0.01515571 -0.09330194 0.01284300 0.54117647 0.42352941 0.64313725
v -0.01469468 -0.09326324 0.01399768 0.54117647 0.42352941 0.64313725
v -0.01422341 -0.09336646 0.01356084 0.54117647 0.42352941 0.64313725
v -0.01331159 -0.09323743 0.01535307 0.54117647 0.42352941 0.64313725
v -0.01072983 -0.09497934 -0.00448661 0.54117647 0.42352941 0.64313725
v -0.00630396 -0.09475999 -0.00198835 0.54117647 0.42352941 0.64313725
v 0.01330511 -0.09475999 -0.00199071 0.54117647 0.42352941 0.64313725
v 0.01412472 -0.09474709 -0.00204738 0.54117647 0.42352941 0.64313725
v 0.01469844 -0.09354711 0.01114995 0.54117647 0.42352941 0.64313725
v 0.01474967 -0.09328904 0.01400240 0.54117647 0.42352941 0.64313725
v 0.01469844 -0.09490192 -0.00426465 0.54117647 0.42352941 0.64313725
v 0.01548731 -0.09336646 0.01214878 0.54117647 0.42352941 0.64313725
v 0.01600981 -0.09353420 0.00834708 0.54117647 0.42352941 0.64313725
v 0.01679868 -0.09334065 0.00762688 0.54117647 0.42352941 0.64313725
v 0.01505702 -0.09470838 -0.00248659 0.54117647 0.42352941 0.64313725
v 0.01544633 -0.09474709 -0.00342166 0.54117647 0.42352941 0.64313725
v 0.01696260 -0.09343098 0.00554657 0.54117647 0.42352941 0.64313725
v 0.01629667 -0.09456645 -0.00448661 0.54117647 0.42352941 0.64313725
v 0.01734167 -0.09402452 -0.00448661 0.54117647 0.42352941 0.64313725
v 0.01742363 -0.09374065 -0.00146178 0.54117647 0.42352941 0.64313725
v 0.01750559 -0.09393420 -0.00448661 0.54117647 0.42352941 0.64313725
v 0.01815103 -0.09349549 -0.00448661 0.54117647 0.42352941 0.64313725
v 0.03408212 0.01385791 -0.00448661 0.54117647 0.42352941 0.64313725
v 0.03403090 0.01401275 -0.00448661 0.54117647 0.42352941 0.64313725
v 0.03331374 0.01567725 -0.00448661 0.54117647 0.42352941 0.64313725
v 0.03283222 0.01667078 -0.00448661 0.54117647 0.42352941 0.64313725
v 0.03234046 0.01758690 -0.00448661 0.54117647 0.42352941 0.64313725
v 0.03195115 0.01828366 -0.00448661 0.54117647 0.42352941 0.64313725
v 0.03125448 0.01947074 -0.00448661 0.54117647 0.42352941 0.64313725
v 0.03021973 0.02103201 -0.00448661 0.54117647 0.42352941 0.64313725
v 0.02962551 0.02184491 -0.00448661 0.54117647 0.42352941 0.64313725
v 0.02909277 0.02254167 -0.00448661 0.54117647 0.42352941 0.64313725
v -0.02646627 0.02559970 -0.00448661 0.54117647 0.42352941 0.64313725
v -0.03195763 0.01828366 -0.00448661 0.54117647 0.42352941 0.64313725
v -0.03235719 0.01758690 -0.00448661 0.54117647 0.42352941 0.64313725
v -0.03283870 0.01667078 -0.00448661 0.54117647 0.42352941 0.64313725
v -0.03342267 0.01548370 -0.00448661 0.54117647 0.42352941 0.64313725
v -0.01797310 -0.09327614 -0.00448661 0.54117647 0.42352941 0.64313725
v -0.01737889 -0.09375355 -0.00448661 0.54117647 0.42352941 0.64313725
v -0.01729693 -0.09368904 -0.00286203 0.54117647 0.42352941 0.64313725
v -0.01606752 -0.09450193 -0.00448661 0.54117647 0.42352941 0.64313725
v -0.01545281 -0.09475999 -0.00448661 0.54117647 0.42352941 0.64313725
v -0.01531963 -0.09472128 -0.00372627 0.54117647 0.42352941 0.64313725
v -0.01471517 -0.09448903 -0.00005916 0.54117647 0.42352941 0.64313725
v -0.01434635 -0.09478580 -0.00286203 0.54117647 0.42352941 0.64313725
v -0.01409022 -0.09474709 -0.00205447 0.54117647 0.42352941 0.64313725
v -0.01331159 -0.09475999 -0.00199543 0.54117647 0.42352941 0.64313725
v -0.01191826 -0.09497934 -0.00448661 0.54117647 0.42352941 0.64313725
v 0.01330511 -0.09496644 -0.00448661 0.54117647 0.42352941 0.64313725
v 0.01330511 -0.09495354 -0.00426465 0.54117647 0.42352941 0.64313725
v 0.01448329 -0.09492773 -0.00448661 0.54117647 0.42352941 0.64313725
v 0.01469844 -0.09491483 -0.00448661 0.54117647 0.42352941 0.64313725
v 0.01542584 -0.09482451 -0.00448661 0.54117647 0.42352941 0.64313725
v 0.01560001 -0.09479870 -0.00448661 0.54117647 0.42352941 0.64313725
v -0.01520693 -0.09479870 -0.00448661 0.54117647 0.42352941 0.64313725
v -0.01478688 -0.09486322 -0.00448661 0.54117647 0.42352941 0.64313725
v -0.01462296 -0.09463096 -0.00153734 0.54117647 0.42352941 0.64313725
v -0.01353698 -0.09495354 -0.00448661 0.54117647 0.42352941 0.64313725
v -0.01331159 -0.09495354 -0.00426465 0.54117647 0.42352941 0.64313725
v -0.01331159 -0.09496644 -0.00448661 0.54117647 0.42352941 0.64313725
f 573 574 575
f 573 575 576
f 573 576 577
f 573 577 578
f 573 578 579
f 573 579 574
f 574 580 581
f 574 581 582
f 574 582 583
f 574 583 575
f 574 579 580
f 575 583 584
f 575 584 585
f 575 585 586
f 575 586 587
f 575 587 576
f 576 587 577
f 577 588 589
f 577 589 590
f 577 590 591
f 577 591 592
f 577 592 593
f 577 593 594
f 577 594 595
f 577 595 596
f 577 596 597
f 577 597 598
f 577 598 599
f 577 599 600
f 577 600 601
f 577 601 602
f 577 602 603
f 577 603 604
f 577 604 605
f 577 605 606
f 577 606 607
f 577 607 608
f 577 608 609
f 577 609 610
f 577 610 611
f 577 611 612
f 577 612 613
f 577 613 614
f 577 614 615
f 577 615 616
f 577 616 617
f 577 617 618
f 577 618 619
f 577 619 620
f 577 620 621
f 577 621 622
f 577 622 623
f 577 623 624
f 577 624 625
f 577 625 626
f 577 626 627
f 577 627 628
f 577 628 629
f 577 629 630
f 577 630 631
f 577 631 632
f 577 632 633
f 577 633 634
f 577 634 635
f 577 635 636
f 577 636 637
f 577 637 638
f 577 638 639
f 577 639 640
f 577 640 641
f 577 641 642
f 577 642 643
f 577 643 644
f 577 644 645
f 577 645 646
f 577 646 647
f 577 647 648
f 577 648 649
f 577 649 650
f 577 650 651
f 577 651 652
f 577 652 653
f 577 653 654
f 577 654 655
f 577 655 656
f 577 656 657
f 577 657 658
f 577 658 659
f 577 659 660
f 577 660 661
f 577 661 662
f 577 662 663
f 577 663 664
f 577 664 665
f 577 665 666
f 577 666 667
f 577 667 668
f 577 668 669
f 577 669 670
f 577 670 671
f 577 671 672
f 577 672 673
f 577 673 674
f 577 674 675
f 577 675 676
f 577 676 677
f 577 677 678
f 577 678 679
f 577 679 680
f 577 680 681
f 577 681 682
f 577 682 683
f 577 683 684
f 577 684 685
f 577 685 578
f 577 587 686
f 577 686 687
f 577 687 688
f 577 688 689
f 577 689 690
f 577 690 691
f 577 691 692
f 577 692 693
f 577 693 694
f 577 694 695
f 577 695 696
f 577 696 697
f 577 697 698
f 577 698 699
f 577 699 700
f 577 700 701
f 577 701 702
f 577 702 703
f 577 703 704
f 577 704 705
f 577 705 706
f 577 706 707
f 577 707 708
f 577 708 709
f 577 709 710
f 577 710 711
f 577 711 712
f 577 712 713
f 577 713 714
f 577 714 715
f 577 715 716
f 577 716 717
f 577 717 718
f 577 718 719
f 577 719 720
f 577 720 721
f 577 721 722
f 577 722 723
f 577 723 724
f 577 724 725
f 577 725 726
f 577 726 727
f 577 727 728
f 577 728 729
f 577 729 730
f 577 730 731
f 577 731 732
f 577 732 733
f 577 733 734
f 577 734 735
f 577 735 736
f 577 736 737
f 577 737 738
f 577 738 739
f 577 739 740
f 577 740 741
f 577 741 742
f 577 742 743
f 577 743 744
f 577 744 745
f 577 745 588
f 578 685 746
f 578 746 579
f 579 746 747
f 579 747 748
f 579 748 749
f 579 749 580
f 580 750 751
f 580 751 581
f 580 749 750
f 581 751 752
f 581 752 582
f 582 752 753
f 582 753 583
f 583 753 754
f 583 754 584
f 584 754 585
f 585 755 586
f 585 754 756
f 585 756 880
f 585 880 757
f 585 757 755
f 586 755 686
f 586 686 587
f 588 758 589
f 588 745 759
f 588 759 760
f 588 760 761
f 588 761 762
f 588 762 763
f 588 763 764
f 588 764 758
f 589 765 766
f 589 766 590
f 589 758 882
f 589 882 765
f 590 766 591
f 591 766 767
f 591 767 592
f 592 767 768
f 592 768 593
f 593 768 594
f 594 768 769
f 594 769 595
f 595 769 770
f 595 770 596
f 596 770 597
f 597 770 771
f 597 771 772
f 597 772 598
f 598 772 773
f 598 773 599
f 599 773 600
f 600 773 774
f 600 774 775
f 600 775 601
f 601 775 602
f 602 775 776
f 602 776 777
f 602 777 603
f 603 777 604
f 604 777 778
f 604 778 605
f 605 778 779
f 605 779 780
f 605 780 606
f 606 780 781
f 606 781 607
f 607 781 608
f 608 781 782
f 608 782 783
f 608 783 609
f 609 783 610
f 610 783 784
f 610 784 611
f 611 784 785
f 611 785 786
f 611 786 612
f 612 786 787
f 612 787 613
f 613 787 614
f 614 787 788
f 614 788 615
f 615 788 789
f 615 789 616
f 616 789 790
f 616 790 617
f 617 790 791
f 617 791 618
f 618 791 619
f 619 792 794
f 619 794 620
f 619 791 793
f 619 793 792
f 620 794 795
f 620 795 621
f 621 795 622
f 622 795 796
f 622 796 797
f 622 797 623
f 623 797 624
f 624 797 798
f 624 798 625
f 625 798 799
f 625 799 626
f 626 799 627
f 627 799 800
f 627 800 628
f 628 800 629
f 629 800 801
f 629 801 802
f 629 802 630
f 630 802 803
f 630 803 631
f 631 803 632
f 632 803 804
f 632 804 805
f 632 805 806
f 632 806 807
f 632 807 808
f 632 808 633
f 633 808 809
f 633 809 810
f 633 810 634
f 634 810 811
f 634 811 812
f 634 812 635
f 635 812 636
f 636 812 813
f 636 813 814
f 636 814 637
f 637 814 638
f 638 814 639
f 639 814 815
f 639 815 640
f 640 815 641
f 641 815 642
f 642 815 643
f 643 815 816
f 643 816 644
f 644 816 645
f 645 816 817
f 645 817 646
f 646 817 647
f 647 817 818
f 647 818 648
f 648 818 819
f 648 819 649
f 649 819 820
f 649 820 821
f 649 821 822
f 649 822 650
f 650 822 823
f 650 823 825
f 650 825 824
f 650 824 651
f 651 824 825
f 651 825 826
f 651 826 827
f 651 827 652
f 652 827 828
f 652 828 653
f 653 828 654
f 654 828 829
f 654 829 655
f 655 829 830
f 655 830 656
f 656 830 831
f 656 831 657
f 657 831 658
f 658 832 659
f 658 831 832
f 659 832 833
f 659 833 660
f 660 833 661
f 661 833 834
f 661 834 662
f 662 834 663
f 663 834 835
f 663 835 836
f 663 836 664
f 664 836 665
f 665 836 666
f 666 836 837
f 666 837 667
f 667 837 838
f 667 838 668
f 668 838 669
f 669 839 670
f 669 838 839
f 670 839 840
f 670 840 671
f 671 840 841
f 671 841 672
f 672 841 842
f 672 842 673
f 673 842 674
f 674 842 675
f 675 842 843
f 675 843 676
f 676 843 844
f 676 844 677
f 677 844 845
f 677 845 678
f 678 845 679
f 679 845 846
f 679 846 847
f 679 847 680
f 680 847 681
f 681 847 682
f 682 847 848
f 682 848 683
f 683 848 684
f 684 848 849
f 684 849 746
f 684 746 685
f 686 755 850
f 686 850 687
f 687 850 688
f 688 850 851
f 688 851 852
f 688 852 689
f 689 852 690
f 690 852 853
f 690 853 691
f 691 854 692
f 691 853 855
f 691 855 854
f 692 854 693
f 693 856 857
f 693 857 694
f 693 854 856
f 694 857 695
f 695 857 979
f 695 979 858
f 695 858 696
f 696 858 697
f 697 858 859
f 697 859 860
f 697 860 861
f 697 861 862
f 697 862 863
f 697 863 864
f 697 864 865
f 697 865 866
f 697 866 698
f 698 866 699
f 699 866 700
f 700 866 701
f 701 866 702
f 702 866 703
f 703 866 704
f 704 866 705
f 705 866 706
f 706 866 707
f 707 866 708
f 708 866 709
f 709 866 710
f 710 866 711
f 711 866 712
f 712 866 713
f 713 866 714
f 714 866 715
f 715 866 716
f 716 866 717
f 717 866 718
f 718 866 719
f 719 866 720
f 720 866 721
f 721 866 722
f 722 866 723
f 723 866 759
f 723 759 724
f 724 759 725
f 725 759 726
f 726 759 727
f 727 759 728
f 728 759 729
f 729 759 730
f 730 759 731
f 731 759 732
f 732 759 733
f 733 759 734
f 734 759 735
f 735 759 736
f 736 759 737
f 737 759 738
f 738 759 739
f 739 759 740
f 740 759 741
f 741 759 742
f 742 759 743
f 743 759 744
f 744 759 745
f 746 849 867
f 746 867 747
f 747 867 868
f 747 868 869
f 747 869 870
f 747 870 748
f 748 870 749
f 749 870 750
f 750 870 871
f 750 871 872
f 750 872 873
f 750 873 874
f 750 874 751
f 751 874 875
f 751 875 752
f 752 875 753
f 753 875 876
f 753 876 877
f 753 877 754
f 754 877 878
f 754 878 879
f 754 879 756
f 755 757 850
f 756 879 880
f 757 880 881
f 757 881 850
f 758 764 883
f 758 883 884
f 758 884 885
f 758 885 886
f 758 886 887
f 758 887 888
f 758 888 889
f 758 889 882
f 759 866 991
f 759 991 890
f 759 890 760
f 760 890 891
f 760 891 892
f 760 892 761
f 761 892 893
f 761 893 894
f 761 894 762
f 762 894 763
f 763 894 895
f 763 895 764
f 764 895 896
f 764 896 883
f 765 882 897
f 765 897 898
f 765 898 766
f 766 898 899
f 766 899 767
f 767 899 900
f 767 900 901
f 767 901 769
f 767 769 768
f 769 901 902
f 769 902 770
f 770 903 771
f 770 902 904
f 770 904 903
f 771 903 905
f 771 905 772
f 772 905 773
f 773 905 906
f 773 906 907
f 773 907 908
f 773 908 774
f 774 908 909
f 774 909 910
f 774 910 775
f 775 910 911
f 775 911 912
f 775 912 913
f 775 913 776
f 776 913 914
f 776 914 779
f 776 779 777
f 777 779 778
f 779 915 916
f 779 916 917
f 779 917 781
f 779 781 780
f 779 914 918
f 779 918 915
f 781 917 919
f 781 919 782
f 782 919 920
f 782 920 783
f 783 920 784
f 784 921 922
f 784 922 786
f 784 786 785
f 784 920 921
f 786 922 787
f 787 922 788
f 788 922 789
f 789 922 923
f 789 923 790
f 790 923 924
f 790 924 793
f 790 793 791
f 792 793 794
f 793 924 925
f 793 925 926
f 793 926 927
f 793 927 794
f 794 927 928
f 794 928 929
f 794 929 795
f 795 929 796
f 796 930 797
f 796 929 930
f 797 930 931
f 797 931 798
f 798 931 799
f 799 931 932
f 799 932 800
f 800 932 933
f 800 933 802
f 800 802 801
f 802 933 934
f 802 934 935
f 802 935 936
f 802 936 937
f 802 937 938
f 802 938 804
f 802 804 803
f 804 938 937
f 804 937 936
f 804 936 935
f 804 935 934
f 804 934 933
f 804 933 1055
f 804 1055 1054
f 804 1054 1053
f 804 1053 1052
f 804 1052 1051
f 804 1051 1050
f 804 1050 1174
f 804 1174 1173
f 804 1173 1172
f 804 1172 1171
f 804 1171 1170
f 804 1170 1169
f 804 1169 1168
f 804 1168 1167
f 804 1167 1166
f 804 1166 1165
f 804 1165 1164
f 804 1164 1160
f 804 1160 1159
f 804 1159 1158
f 804 1158 1157
f 804 1157 1156
f 804 1156 1163
f 804 1163 1162
f 804 1162 1161
f 804 1161 1155
f 804 1155 1154
f 804 1154 1153
f 804 1153 1152
f 804 1152 1151
f 804 1151 1251
f 804 1251 1250
f 804 1250 1313
f 804 1313 1312
f 804 1312 1311
f 804 1311 1249
f 804 1249 1248
f 804 1248 1310
f 804 1310 1309
f 804 1309 1308
f 804 1308 1307
f 804 1307 1306
f 804 1306 1246
f 804 1246 1245
f 804 1245 1305
f 804 1305 1304
f 804 1304 1240
f 804 1240 1239
f 804 1239 1238
f 804 1238 1237
f 804 1237 1236
f 804 1236 1235
f 804 1235 1234
f 804 1234 1233
f 804 1233 1232
f 804 1232 1231
f 804 1231 1119
f 804 1119 1122
f 804 1122 1109
f 804 1109 1006
f 804 1006 889
f 804 889 1005
f 804 1005 1107
f 804 1107 1217
f 804 1217 1218
f 804 1218 1230
f 804 1230 1303
f 804 1303 1302
f 804 1302 1300
f 804 1300 1299
f 804 1299 1335
f 804 1335 1334
f 804 1334 1333
f 804 1333 1332
f 804 1332 1330
f 804 1330 1286
f 804 1286 1329
f 804 1329 1341
f 804 1341 1339
f 804 1339 1337
f 804 1337 1336
f 804 1336 1323
f 804 1323 1322
f 804 1322 1320
f 804 1320 1319
f 804 1319 1271
f 804 1271 1206
f 804 1206 1083
f 804 1083 1082
f 804 1082 980
f 804 980 1081
f 804 1081 1203
f 804 1203 1102
f 804 1102 1000
f 804 1000 999
f 804 999 998
f 804 998 997
f 804 997 1101
f 804 1101 1099
f 804 1099 1216
f 804 1216 1268
f 804 1268 1267
f 804 1267 1318
f 804 1318 1317
f 804 1317 1316
f 804 1316 1315
f 804 1315 1265
f 804 1265 1263
f 804 1263 1262
f 804 1262 1261
f 804 1261 1260
f 804 1260 1259
f 804 1259 1258
f 804 1258 1257
f 804 1257 1256
f 804 1256 1314
f 804 1314 1254
f 804 1254 1253
f 804 1253 1252
f 804 1252 1188
f 804 1188 1187
f 804 1187 1186
f 804 1186 1183
f 804 1183 1182
f 804 1182 1181
f 804 1181 1180
f 804 1180 1185
f 804 1185 1179
f 804 1179 1178
f 804 1178 1177
f 804 1177 1176
f 804 1176 1175
f 804 1175 1061
f 804 1061 1059
f 804 1059 1058
f 804 1058 1057
f 804 1057 954
f 804 954 953
f 804 953 952
f 804 952 949
f 804 949 825
f 804 825 946
f 804 946 948
f 804 948 1056
f 804 1056 939
f 804 939 805
f 805 939 806
f 806 808 807
f 806 939 808
f 808 939 940
f 808 940 941
f 808 941 810
f 808 810 809
f 810 941 945
f 810 945 942
f 810 942 943
f 810 943 811
f 811 943 944
f 811 944 812
f 812 944 813
f 813 944 817
f 813 817 816
f 813 816 814
f 814 816 815
f 817 944 818
f 818 944 943
f 818 943 819
f 819 943 942
f 819 942 820
f 820 942 945
f 820 945 821
f 821 946 823
f 821 823 822
f 821 945 947
f 821 947 948
f 821 948 946
f 823 946 825
f 825 949 826
f 826 950 951
f 826 951 829
f 826 829 828
f 826 828 827
f 826 949 952
f 826 952 953
f 826 953 954
f 826 954 950
f 829 951 830
f 830 955 956
f 830 956 831
f 830 951 955
f 831 956 832
f 832 956 957
f 832 957 958
f 832 958 833
f 833 958 959
f 833 959 834
f 834 959 835
f 835 959 960
f 835 960 836
f 836 961 962
f 836 962 963
f 836 963 837
f 836 960 964
f 836 964 961
f 837 963 965
f 837 965 838
f 838 965 966
f 838 966 839
f 839 966 840
f 840 966 841
f 841 843 842
f 841 966 843
f 843 966 967
f 843 967 968
f 843 968 844
f 844 968 845
f 845 968 969
f 845 969 970
f 845 970 847
f 845 847 846
f 847 971 848
f 847 970 971
f 848 971 849
f 849 971 867
f 850 881 972
f 850 972 851
f 851 972 855
f 851 855 852
f 852 855 853
f 854 855 856
f 855 972 973
f 855 973 974
f 855 974 975
f 855 975 976
f 855 976 856
f 856 976 977
f 856 977 857
f 857 977 978
f 857 978 979
f 858 979 980
f 858 980 981
f 858 981 982
f 858 982 983
f 858 983 859
f 859 983 984
f 859 984 860
f 860 984 985
f 860 985 986
f 860 986 987
f 860 987 862
f 860 862 861
f 862 987 988
f 862 988 864
f 862 864 863
f 864 988 989
f 864 989 990
f 864 990 865
f 865 990 991
f 865 991 866
f 867 971 868
f 868 971 992
f 868 992 993
f 868 993 994
f 868 994 995
f 868 995 869
f 869 995 996
f 869 996 870
f 870 996 871
f 871 996 997
f 871 997 872
f 872 997 873
f 873 997 874
f 874 997 998
f 874 998 875
f 875 998 876
f 876 998 877
f 877 998 999
f 877 999 878
f 878 999 879
f 879 999 1000
f 879 1000 1001
f 879 1001 880
f 880 1002 973
f 880 973 881
f 880 1001 1002
f 881 973 972
f 882 889 1003
f 882 1003 897
f 883 896 1004
f 883 1004 885
f 883 885 884
f 885 1004 1005
f 885 1005 886
f 886 1005 887
f 887 1005 888
f 888 1005 889
f 889 1006 1007
f 889 1007 1003
f 890 991 1097
f 890 1097 1008
f 890 1008 891
f 891 1008 1009
f 891 1009 1010
f 891 1010 892
f 892 1010 893
f 893 1010 1011
f 893 1011 894
f 894 1011 1012
f 894 1012 1013
f 894 1013 895
f 895 1013 896
f 896 1013 1014
f 896 1014 1004
f 897 1003 898
f 898 1003 1007
f 898 1007 1015
f 898 1015 899
f 899 1015 900
f 900 1016 1017
f 900 1017 1018
f 900 1018 901
f 900 1015 1019
f 900 1019 1016
f 901 1018 902
f 902 1017 904
f 902 1018 1017
f 903 904 1020
f 903 1020 1021
f 903 1021 905
f 904 1017 1022
f 904 1022 1020
f 905 1021 1023
f 905 1023 906
f 906 1023 907
f 907 1023 1024
f 907 1024 1025
f 907 1025 908
f 908 1025 1026
f 908 1026 909
f 909 1026 910
f 910 1027 1028
f 910 1028 911
f 910 1026 1027
f 911 1028 1029
f 911 1029 912
f 912 1029 1030
f 912 1030 913
f 913 1030 918
f 913 918 914
f 915 918 916
f 916 1031 1032
f 916 1032 917
f 916 918 1031
f 917 1032 1033
f 917 1033 919
f 918 1030 1034
f 918 1034 1031
f 919 1033 1035
f 919 1035 1036
f 919 1036 920
f 920 1036 1037
f 920 1037 1038
f 920 1038 921
f 921 1038 1037
f 921 1037 1039
f 921 1039 1040
f 921 1040 922
f 922 1040 1041
f 922 1041 1042
f 922 1042 923
f 923 1042 1043
f 923 1043 924
f 924 1044 925
f 924 1043 1044
f 925 1044 926
f 926 1044 1045
f 926 1045 927
f 927 1045 928
f 928 1046 929
f 928 1045 1046
f 929 1046 930
f 930 1047 931
f 930 1046 1047
f 931 1048 932
f 931 1047 1049
f 931 1049 1050
f 931 1050 1051
f 931 1051 1052
f 931 1052 1053
f 931 1053 1048
f 932 1048 1054
f 932 1054 1055
f 932 1055 933
f 939 1056 947
f 939 947 940
f 940 947 945
f 940 945 941
f 947 1056 948
f 950 954 951
f 951 954 1057
f 951 1057 1058
f 951 1058 1059
f 951 1059 955
f 955 1060 956
f 955 1059 1061
f 955 1061 1060
f 956 1060 957
f 957 1060 1062
f 957 1062 958
f 958 1062 959
f 959 1062 960
f 960 1062 1063
f 960 1063 964
f 961 1064 962
f 961 964 1063
f 961 1063 1064
f 962 1064 963
f 963 1064 1065
f 963 1065 965
f 965 1065 1066
f 965 1066 966
f 966 1066 1067
f 966 1067 1068
f 966 1068 967
f 967 1069 968
f 967 1068 1070
f 967 1070 1069
f 968 1071 1072
f 968 1072 969
f 968 1069 1071
f 969 1072 1071
f 969 1071 1073
f 969 1073 970
f 970 1073 1074
f 970 1074 1075
f 970 1075 993
f 970 993 971
f 971 993 992
f 973 1002 1001
f 973 1001 1076
f 973 1076 975
f 973 975 974
f 975 1076 1077
f 975 1077 976
f 976 1077 1078
f 976 1078 1079
f 976 1079 977
f 977 1079 978
f 978 1080 979
f 978 1079 1080
f 979 1080 1081
f 979 1081 980
f 980 1082 981
f 981 1082 1083
f 981 1083 1084
f 981 1084 982
f 982 1084 983
f 983 1084 1085
f 983 1085 1086
f 983 1086 1087
f 983 1087 1088
f 983 1088 1089
f 983 1089 1090
f 983 1090 1091
f 983 1091 984
f 984 1091 1092
f 984 1092 985
f 985 1092 1093
f 985 1093 986
f 986 1093 1094
f 986 1094 1095
f 986 1095 988
f 986 988 987
f 988 1095 989
f 989 1096 1097
f 989 1097 990
f 989 1095 1096
f 990 1097 991
f 993 1075 994
f 994 1075 1202
f 994 1202 1098
f 994 1098 1099
f 994 1099 995
f 995 1100 996
f 995 1099 1100
f 996 1100 1101
f 996 1101 997
f 1000 1102 1103
f 1000 1103 1001
f 1001 1103 1104
f 1001 1104 1076
f 1004 1014 1105
f 1004 1105 1106
f 1004 1106 1107
f 1004 1107 1108
f 1004 1108 1005
f 1005 1108 1107
f 1006 1109 1015
f 1006 1015 1007
f 1008 1097 1215
f 1008 1215 1110
f 1008 1110 1112
f 1008 1112 1009
f 1009 1111 1010
f 1009 1112 1221
f 1009 1221 1111
f 1010 1111 1011
f 1011 1111 1113
f 1011 1113 1012
f 1012 1113 1114
f 1012 1114 1013
f 1013 1114 1014
f 1014 1114 1115
f 1014 1115 1116
f 1014 1116 1117
f 1014 1117 1118
f 1014 1118 1105
f 1015 1109 1019
f 1016 1019 1119
f 1016 1119 1120
f 1016 1120 1121
f 1016 1121 1022
f 1016 1022 1017
f 1019 1109 1122
f 1019 1122 1119
f 1020 1022 1121
f 1020 1121 1123
f 1020 1123 1124
f 1020 1124 1021
f 1021 1124 1023
f 1023 1124 1125
f 1023 1125 1126
f 1023 1126 1024
f 1024 1126 1127
f 1024 1127 1128
f 1024 1128 1025
f 1025 1128 1026
f 1026 1128 1129
f 1026 1129 1130
f 1026 1130 1027
f 1027 1130 1131
f 1027 1131 1028
f 1028 1131 1132
f 1028 1132 1029
f 1029 1132 1133
f 1029 1133 1034
f 1029 1034 1030
f 1031 1034 1134
f 1031 1134 1135
f 1031 1135 1136
f 1031 1136 1032
f 1032 1136 1137
f 1032 1137 1033
f 1033 1137 1138
f 1033 1138 1035
f 1034 1133 1139
f 1034 1139 1140
f 1034 1140 1134
f 1035 1138 1141
f 1035 1141 1037
f 1035 1037 1036
f 1037 1141 1142
f 1037 1142 1143
f 1037 1143 1039
f 1039 1143 1144
f 1039 1144 1145
f 1039 1145 1146
f 1039 1146 1041
f 1039 1041 1040
f 1041 1146 1043
f 1041 1043 1042
f 1043 1146 1147
f 1043 1147 1148
f 1043 1148 1044
f 1044 1149 1045
f 1044 1148 1150
f 1044 1150 1151
f 1044 1151 1152
f 1044 1152 1153
f 1044 1153 1154
f 1044 1154 1155
f 1044 1155 1149
f 1045 1156 1157
f 1045 1157 1158
f 1045 1158 1159
f 1045 1159 1160
f 1045 1160 1046
f 1045 1149 1155
f 1045 1155 1161
f 1045 1161 1162
f 1045 1162 1163
f 1045 1163 1156
f 1046 1160 1164
f 1046 1164 1165
f 1046 1165 1166
f 1046 1166 1167
f 1046 1167 1168
f 1046 1168 1169
f 1046 1169 1170
f 1046 1170 1049
f 1046 1049 1047
f 1048 1053 1054
f 1049 1170 1171
f 1049 1171 1172
f 1049 1172 1173
f 1049 1173 1174
f 1049 1174 1050
f 1060 1061 1175
f 1060 1175 1176
f 1060 1176 1177
f 1060 1177 1178
f 1060 1178 1179
f 1060 1179 1062
f 1062 1180 1181
f 1062 1181 1182
f 1062 1182 1183
f 1062 1183 1184
f 1062 1184 1063
f 1062 1179 1185
f 1062 1185 1180
f 1063 1184 1186
f 1063 1186 1187
f 1063 1187 1188
f 1063 1188 1189
f 1063 1189 1190
f 1063 1190 1064
f 1064 1191 1192
f 1064 1192 1065
f 1064 1190 1191
f 1065 1192 1193
f 1065 1193 1194
f 1065 1194 1195
f 1065 1195 1067
f 1065 1067 1066
f 1067 1195 1070
f 1067 1070 1068
f 1069 1070 1071
f 1070 1196 1197
f 1070 1197 1071
f 1070 1195 1198
f 1070 1198 1196
f 1071 1197 1199
f 1071 1199 1073
f 1073 1199 1200
f 1073 1200 1201
f 1073 1201 1074
f 1074 1201 1202
f 1074 1202 1075
f 1076 1104 1102
f 1076 1102 1077
f 1077 1102 1203
f 1077 1203 1078
f 1078 1203 1081
f 1078 1081 1079
f 1079 1081 1080
f 1083 1204 1205
f 1083 1205 1089
f 1083 1089 1088
f 1083 1088 1087
f 1083 1087 1086
f 1083 1086 1085
f 1083 1085 1084
f 1083 1206 1204
f 1089 1205 1204
f 1089 1204 1090
f 1090 1204 1207
f 1090 1207 1091
f 1091 1207 1208
f 1091 1208 1209
f 1091 1209 1210
f 1091 1210 1211
f 1091 1211 1092
f 1092 1211 1212
f 1092 1212 1093
f 1093 1212 1213
f 1093 1213 1094
f 1094 1213 1214
f 1094 1214 1096
f 1094 1096 1095
f 1096 1214 1215
f 1096 1215 1097
f 1098 1202 1099
f 1099 1101 1100
f 1099 1202 1216
f 1102 1104 1103
f 1105 1118 1106
f 1106 1217 1107
f 1106 1118 1218
f 1106 1218 1217
f 1110 1215 1285
f 1110 1285 1219
f 1110 1219 1220
f 1110 1220 1112
f 1111 1221 1113
f 1112 1220 1222
f 1112 1222 1223
f 1112 1223 1221
f 1113 1221 1224
f 1113 1224 1114
f 1114 1224 1115
f 1115 1224 1225
f 1115 1225 1226
f 1115 1226 1227
f 1115 1227 1228
f 1115 1228 1229
f 1115 1229 1116
f 1116 1229 1117
f 1117 1229 1230
f 1117 1230 1218
f 1117 1218 1118
f 1119 1231 1120
f 1120 1231 1121
f 1121 1231 1123
f 1123 1231 1124
f 1124 1232 1233
f 1124 1233 1125
f 1124 1231 1232
f 1125 1233 1126
f 1126 1233 1234
f 1126 1234 1127
f 1127 1234 1128
f 1128 1234 1129
f 1129 1234 1130
f 1130 1234 1235
f 1130 1235 1131
f 1131 1235 1132
f 1132 1235 1236
f 1132 1236 1237
f 1132 1237 1133
f 1133 1237 1139
f 1134 1140 1135
f 1135 1140 1238
f 1135 1238 1136
f 1136 1238 1239
f 1136 1239 1137
f 1137 1239 1240
f 1137 1240 1138
f 1138 1241 1141
f 1138 1240 1241
f 1139 1237 1238
f 1139 1238 1140
f 1141 1241 1142
f 1142 1241 1242
f 1142 1242 1143
f 1143 1242 1144
f 1144 1243 1244
f 1144 1244 1145
f 1144 1242 1245
f 1144 1245 1246
f 1144 1246 1243
f 1145 1244 1146
f 1146 1244 1147
f 1147 1247 1148
f 1147 1244 1248
f 1147 1248 1249
f 1147 1249 1247
f 1148 1247 1150
f 1150 1247 1250
f 1150 1250 1251
f 1150 1251 1151
f 1183 1186 1184
f 1188 1252 1189
f 1189 1252 1253
f 1189 1253 1254
f 1189 1254 1190
f 1190 1254 1255
f 1190 1255 1191
f 1191 1255 1256
f 1191 1256 1257
f 1191 1257 1258
f 1191 1258 1259
f 1191 1259 1260
f 1191 1260 1193
f 1191 1193 1192
f 1193 1260 1261
f 1193 1261 1262
f 1193 1262 1263
f 1193 1263 1194
f 1194 1264 1195
f 1194 1263 1265
f 1194 1265 1264
f 1195 1264 1198
f 1196 1266 1197
f 1196 1198 1264
f 1196 1264 1267
f 1196 1267 1268
f 1196 1268 1266
f 1197 1266 1199
f 1199 1269 1200
f 1199 1266 1269
f 1200 1269 1201
f 1201 1269 1216
f 1201 1216 1202
f 1204 1206 1270
f 1204 1270 1207
f 1206 1271 1270
f 1207 1270 1208
f 1208 1270 1272
f 1208 1272 1209
f 1209 1272 1210
f 1210 1272 1211
f 1211 1272 1212
f 1212 1272 1273
f 1212 1273 1274
f 1212 1274 1275
f 1212 1275 1276
f 1212 1276 1277
f 1212 1277 1278
f 1212 1278 1213
f 1213 1278 1279
f 1213 1279 1280
f 1213 1280 1281
f 1213 1281 1214
f 1214 1281 1282
f 1214 1282 1283
f 1214 1283 1284
f 1214 1284 1215
f 1215 1284 1285
f 1216 1269 1268
f 1219 1285 1329
f 1219 1329 1286
f 1219 1286 1287
f 1219 1287 1288
f 1219 1288 1289
f 1219 1289 1220
f 1220 1290 1223
f 1220 1223 1291
f 1220 1291 1222
f 1220 1289 1292
f 1220 1292 1290
f 1221 1223 1293
f 1221 1293 1294
f 1221 1294 1295
f 1221 1295 1224
f 1222 1291 1223
f 1223 1290 1292
f 1223 1292 1296
f 1223 1296 1297
f 1223 1297 1293
f 1224 1295 1298
f 1224 1298 1226
f 1224 1226 1225
f 1226 1298 1299
f 1226 1299 1300
f 1226 1300 1301
f 1226 1301 1227
f 1227 1301 1228
f 1228 1301 1302
f 1228 1302 1229
f 1229 1302 1303
f 1229 1303 1230
f 1240 1304 1241
f 1241 1304 1242
f 1242 1304 1305
f 1242 1305 1245
f 1243 1246 1244
f 1244 1246 1306
f 1244 1306 1307
f 1244 1307 1308
f 1244 1308 1309
f 1244 1309 1310
f 1244 1310 1248
f 1247 1249 1311
f 1247 1311 1312
f 1247 1312 1313
f 1247 1313 1250
f 1254 1314 1255
f 1255 1314 1256
f 1264 1265 1315
f 1264 1315 1316
f 1264 1316 1317
f 1264 1317 1318
f 1264 1318 1267
f 1266 1268 1269
f 1270 1271 1319
f 1270 1319 1320
f 1270 1320 1321
f 1270 1321 1272
f 1272 1321 1273
f 1273 1321 1274
f 1274 1321 1322
f 1274 1322 1275
f 1275 1322 1276
f 1276 1322 1277
f 1277 1322 1278
f 1278 1322 1279
f 1279 1322 1280
f 1280 1322 1323
f 1280 1323 1281
f 1281 1323 1324
f 1281 1324 1282
f 1282 1284 1283
f 1282 1324 1325
f 1282 1325 1326
f 1282 1326 1284
f 1284 1326 1327
f 1284 1327 1285
f 1285 1327 1328
f 1285 1328 1329
f 1286 1330 1331
f 1286 1331 1288
f 1286 1288 1287
f 1288 1331 1289
f 1289 1331 1332
f 1289 1332 1292
f 1292 1332 1333
f 1292 1333 1334
f 1292 1334 1297
f 1292 1297 1296
f 1293 1297 1335
f 1293 1335 1294
f 1294 1335 1295
f 1295 1335 1299
f 1295 1299 1298
f 1297 1334 1335
f 1300 1302 1301
f 1320 1322 1321
f 1323 1336 1324
f 1324 1336 1337
f 1324 1337 1326
f 1324 1326 1338
f 1324 1338 1325
f 1325 1338 1326
f 1326 1337 1339
f 1326 1339 1340
f 1326 1340 1327
f 1327 1340 1328
f 1328 1340 1329
f 1329 1340 1341
f 1330 1332 1331
f 1339 1341 1340

o geometry_2
v -0.00490762 0.03474510 0.01963648 0.43529412 0.89019608 0.96078431
v -0.00497938 0.03474510 0.01963648 0.43529412 0.89019608 0.96078431
v 0.01750208 0.03472728 0.03497621 0.43529412 0.89019608 0.96078431
v 0.01750208 0.03472728 0.03217325 0.43529412 0.89019608 0.96078431
v 0.00209413 0.03473916 0.01963648 0.43529412 0.89019608 0.96078431
v -0.01199138 0.03473916 0.01963648 0.43529412 0.89019608 0.96078431
v -0.01751692 0.03472728 0.03497621 0.43529412 0.89019608 0.96078431
v 0.01890653 0.03471541 0.03637947 0.43529412 0.89019608 0.96078431
v 0.02171543 0.03470947 0.03637947 0.43529412 0.89019608 0.96078431
v 0.02591853 0.03469760 0.03497621 0.43529412 0.89019608 0.96078431
v 0.02310963 0.03470947 0.03357651 0.43529412 0.89019608 0.96078431
v 0.02171543 0.03471541 0.03217325 0.43529412 0.89019608 0.96078431
v 0.02031098 0.03472135 0.03077354 0.43529412 0.89019608 0.96078431
v 0.02031098 0.03472135 0.02096138 0.43529412 0.89019608 0.96078431
v 0.02031098 0.03470947 0.01963648 0.43529412 0.89019608 0.96078431
v -0.01479003 0.03473322 0.01963648 0.43529412 0.89019608 0.96078431
v -0.01751692 0.03472728 0.01963648 0.43529412 0.89019608 0.96078431
v -0.02312447 0.03470947 0.02096138 0.43529412 0.89019608 0.96078431
v -0.02593337 0.03469760 0.03077354 0.43529412 0.89019608 0.96078431
v -0.02032582 0.03471541 0.03497621 0.43529412 0.89019608 0.96078431
v -0.01892137 0.03471541 0.03637947 0.43529412 0.89019608 0.96078431
v 0.02031098 0.03469760 0.03777918 0.43529412 0.89019608 0.96078431
v 0.02310963 0.03469166 0.03777918 0.43529412 0.89019608 0.96078431
v 0.02591853 0.03467978 0.03777918 0.43529412 0.89019608 0.96078431
v 0.02591853 0.03469166 0.03637947 0.43529412 0.89019608 0.96078431
v 0.02731273 0.03468572 0.03497621 0.43529412 0.89019608 0.96078431
v 0.02591853 0.03469760 0.02376435 0.43529412 0.89019608 0.96078431
v 0.02451408 0.03470947 0.02236465 0.43529412 0.89019608 0.96078431
v 0.02310963 0.03471541 0.02096138 0.43529412 0.89019608 0.96078431
v 0.02171543 0.03470353 0.01963648 0.43529412 0.89019608 0.96078431
v -0.02452892 0.03470353 0.01963648 0.43529412 0.89019608 0.96078431
v -0.02593337 0.03469760 0.02096138 0.43529412 0.89019608 0.96078431
v -0.02732757 0.03468572 0.03497621 0.43529412 0.89019608 0.96078431
v -0.02593337 0.03469166 0.03497621 0.43529412 0.89019608 0.96078431
v -0.02032582 0.03470947 0.03637947 0.43529412 0.89019608 0.96078431
v -0.01892137 0.03469760 0.03777918 0.43529412 0.89019608 0.96078431
v 0.00909588 0.03467384 0.03917888 0.43529412 0.89019608 0.96078431
v 0.01890653 0.03466790 0.03917888 0.43529412 0.89019608 0.96078431
v 0.02310963 0.03465602 0.03917888 0.43529412 0.89019608 0.96078431
v 0.02591853 0.03464415 0.03917888 0.43529412 0.89019608 0.96078431
v 0.02731273 0.03466790 0.03777918 0.43529412 0.89019608 0.96078431
v 0.02731273 0.03467978 0.03637947 0.43529412 0.89019608 0.96078431
v 0.02731273 0.03467978 0.02797058 0.43529412 0.89019608 0.96078431
v 0.02871718 0.03466196 0.03637947 0.43529412 0.89019608 0.96078431
v 0.02871718 0.03466196 0.03357651 0.43529412 0.89019608 0.96078431
v 0.02591853 0.03469166 0.02096138 0.43529412 0.89019608 0.96078431
v 0.02451408 0.03470947 0.02096138 0.43529412 0.89019608 0.96078431
v 0.02731273 0.03466790 0.02096138 0.43529412 0.89019608 0.96078431
v 0.02451408 0.03469166 0.01963648 0.43529412 0.89019608 0.96078431
v -0.02600513 0.03469166 0.01963648 0.43529412 0.89019608 0.96078431
v -0.02732757 0.03467978 0.02096138 0.43529412 0.89019608 0.96078431
v -0.02732757 0.03468572 0.02656732 0.43529412 0.89019608 0.96078431
v -0.02873203 0.03466790 0.03497621 0.43529412 0.89019608 0.96078431
v -0.02732757 0.03467384 0.03637947 0.43529412 0.89019608 0.96078431
v -0.02593337 0.03468572 0.03637947 0.43529412 0.89019608 0.96078431
v -0.02032582 0.03469166 0.03777918 0.43529412 0.89019608 0.96078431
v -0.02593337 0.03463821 0.03917888 0.43529412 0.89019608 0.96078431
v -0.01751692 0.03466790 0.03917888 0.43529412 0.89019608 0.96078431
v -0.00770627 0.03467384 0.03917888 0.43529412 0.89019608 0.96078431
v 0.01610788 0.03460258 0.04057858 0.43529412 0.89019608 0.96078431
v 0.01890653 0.03459664 0.04057858 0.43529412 0.89019608 0.96078431
v 0.02591853 0.03456695 0.04057858 0.43529412 0.89019608 0.96078431
v 0.02731273 0.03463227 0.03917888 0.43529412 0.89019608 0.96078431
v 0.02171543 0.03458477 0.04057858 0.43529412 0.89019608 0.96078431
v 0.02871718 0.03465009 0.03777918 0.43529412 0.89019608 0.96078431
v 0.03012163 0.03463821 0.03497621 0.43529412 0.89019608 0.96078431
v 0.03012163 0.03463821 0.03637947 0.43529412 0.89019608 0.96078431
v 0.02583652 0.03467978 0.01963648 0.43529412 0.89019608 0.96078431
v 0.02731273 0.03465602 0.01963648 0.43529412 0.89019608 0.96078431
v 0.03012163 0.03463227 0.03217325 0.43529412 0.89019608 0.96078431
v 0.03152608 0.03457883 0.02376435 0.43529412 0.89019608 0.96078431
v 0.03012163 0.03460258 0.02096138 0.43529412 0.89019608 0.96078431
v 0.03012163 0.03459664 0.01963648 0.43529412 0.89019608 0.96078431
v -0.02732757 0.03467384 0.01963648 0.43529412 0.89019608 0.96078431
v -0.02873203 0.03466196 0.02376435 0.43529412 0.89019608 0.96078431
v -0.02881404 0.03465009 0.01963648 0.43529412 0.89019608 0.96078431
v -0.03013648 0.03463821 0.02236465 0.43529412 0.89019608 0.96078431
v -0.03013648 0.03463821 0.03497621 0.43529412 0.89019608 0.96078431
v -0.03013648 0.03463227 0.03637947 0.43529412 0.89019608 0.96078431
v -0.02873203 0.03465602 0.03637947 0.43529412 0.89019608 0.96078431
v -0.02732757 0.03465602 0.03777918 0.43529412 0.89019608 0.96078431
v -0.02593337 0.03466790 0.03777918 0.43529412 0.89019608 0.96078431
v -0.02732757 0.03462633 0.03917888 0.43529412 0.89019608 0.96078431
v -0.02593337 0.03456695 0.04057858 0.43529412 0.89019608 0.96078431
v -0.02032582 0.03459070 0.04057858 0.43529412 0.89019608 0.96078431
v -0.01892137 0.03459664 0.04057858 0.43529412 0.89019608 0.96078431
v 0.01750208 0.03445412 0.04198184 0.43529412 0.89019608 0.96078431
v -0.01751692 0.03445412 0.04198184 0.43529412 0.89019608 0.96078431
v 0.02310963 0.03443631 0.04198184 0.43529412 0.89019608 0.96078431
v 0.02591853 0.03442443 0.04198184 0.43529412 0.89019608 0.96078431
v 0.02731273 0.03455507 0.04057858 0.43529412 0.89019608 0.96078431
v 0.02871718 0.03461446 0.03917888 0.43529412 0.89019608 0.96078431
v 0.03012163 0.03462039 0.03777918 0.43529412 0.89019608 0.96078431
v 0.03152608 0.03459664 0.03357651 0.43529412 0.89019608 0.96078431
v 0.03152608 0.03458477 0.02656732 0.43529412 0.89019608 0.96078431
v 0.03152608 0.03459664 0.03637947 0.43529412 0.89019608 0.96078431
v 0.03292028 0.03452538 0.02096138 0.43529412 0.89019608 0.96078431
v 0.03152608 0.03456695 0.02096138 0.43529412 0.89019608 0.96078431
v 0.03152608 0.03456101 0.01963648 0.43529412 0.89019608 0.96078431
v -0.03013648 0.03462633 0.01963648 0.43529412 0.89019608 0.96078431
v -0.03013648 0.03463227 0.02096138 0.43529412 0.89019608 0.96078431
v -0.03153067 0.03459070 0.02096138 0.43529412 0.89019608 0.96078431
v -0.03153067 0.03459664 0.02376435 0.43529412 0.89019608 0.96078431
v -0.03153067 0.03459664 0.03497621 0.43529412 0.89019608 0.96078431
v -0.03153067 0.03459070 0.03637947 0.43529412 0.89019608 0.96078431
v -0.03153067 0.03457883 0.03777918 0.43529412 0.89019608 0.96078431
v -0.03013648 0.03461446 0.03777918 0.43529412 0.89019608 0.96078431
v -0.02873203 0.03463821 0.03777918 0.43529412 0.89019608 0.96078431
v -0.02873203 0.03460852 0.03917888 0.43529412 0.89019608 0.96078431
v -0.02732757 0.03455507 0.04057858 0.43529412 0.89019608 0.96078431
v -0.02593337 0.03442443 0.04198184 0.43529412 0.89019608 0.96078431
v -0.02312447 0.03443631 0.04198184 0.43529412 0.89019608 0.96078431
v 0.01329898 0.03427597 0.04315004 0.43529412 0.89019608 0.96078431
v 0.01610788 0.03427597 0.04314292 0.43529412 0.89019608 0.96078431
v 0.02031098 0.03427003 0.04312511 0.43529412 0.89019608 0.96078431
v 0.02310963 0.03426409 0.04311086 0.43529412 0.89019608 0.96078431
v -0.02032582 0.03427003 0.04310730 0.43529412 0.89019608 0.96078431
v -0.01612272 0.03427597 0.04313936 0.43529412 0.89019608 0.96078431
v -0.01331382 0.03427597 0.04314292 0.43529412 0.89019608 0.96078431
v 0.00909588 0.03427597 0.04315004 0.43529412 0.89019608 0.96078431
v 0.02591853 0.03425815 0.04308237 0.43529412 0.89019608 0.96078431
v 0.02731273 0.03425222 0.04304675 0.43529412 0.89019608 0.96078431
v 0.02731273 0.03441255 0.04198184 0.43529412 0.89019608 0.96078431
v 0.02871718 0.03453726 0.04057858 0.43529412 0.89019608 0.96078431
v 0.03012163 0.03458477 0.03917888 0.43529412 0.89019608 0.96078431
v 0.03152608 0.03457883 0.03777918 0.43529412 0.89019608 0.96078431
v 0.03292028 0.03453132 0.02376435 0.43529412 0.89019608 0.96078431
v 0.03292028 0.03451944 0.03777918 0.43529412 0.89019608 0.96078431
v 0.03292028 0.03453132 0.03637947 0.43529412 0.89019608 0.96078431
v 0.03292028 0.03450756 0.01963648 0.43529412 0.89019608 0.96078431
v 0.03432473 0.03444224 0.02096138 0.43529412 0.89019608 0.96078431
v -0.03161269 0.03457883 0.01963648 0.43529412 0.89019608 0.96078431
v -0.03293512 0.03453132 0.02096138 0.43529412 0.89019608 0.96078431
v -0.03293512 0.03453132 0.03637947 0.43529412 0.89019608 0.96078431
v -0.03293512 0.03451944 0.03777918 0.43529412 0.89019608 0.96078431
v -0.03153067 0.03454320 0.03917888 0.43529412 0.89019608 0.96078431
v -0.03013648 0.03458477 0.03917888 0.43529412 0.89019608 0.96078431
v -0.02873203 0.03453726 0.04057858 0.43529412 0.89019608 0.96078431
v -0.02732757 0.03441255 0.04198184 0.43529412 0.89019608 0.96078431
v -0.02732757 0.03425222 0.04302539 0.43529412 0.89019608 0.96078431
v -0.02593337 0.03425815 0.04305032 0.43529412 0.89019608 0.96078431
v 0.01329898 0.03413939 0.04385167 0.43529412 0.89019608 0.96078431
v 0.01610788 0.03413939 0.04384455 0.43529412 0.89019608 0.96078431
v 0.01750208 0.03413939 0.04384099 0.43529412 0.89019608 0.96078431
v 0.02171543 0.03413939 0.04381962 0.43529412 0.89019608 0.96078431
v 0.02310963 0.03413939 0.04380893 0.43529412 0.89019608 0.96078431
v -0.01892137 0.03413939 0.04382318 0.43529412 0.89019608 0.96078431
v -0.01751692 0.03413939 0.04383387 0.43529412 0.89019608 0.96078431
v -0.01612272 0.03413939 0.04384099 0.43529412 0.89019608 0.96078431
v -0.01331382 0.03413939 0.04384455 0.43529412 0.89019608 0.96078431
v 0.01050033 0.03413939 0.04385167 0.43529412 0.89019608 0.96078431
v 0.02591853 0.03413345 0.04378044 0.43529412 0.89019608 0.96078431
v 0.02731273 0.03412751 0.04374838 0.43529412 0.89019608 0.96078431
v 0.02871718 0.03424034 0.04298265 0.43529412 0.89019608 0.96078431
v 0.02871718 0.03438880 0.04198184 0.43529412 0.89019608 0.96078431
v 0.03012163 0.03450756 0.04057858 0.43529412 0.89019608 0.96078431
v 0.03152608 0.03454320 0.03917888 0.43529412 0.89019608 0.96078431
v 0.03432473 0.03444818 0.02797058 0.43529412 0.89019608 0.96078431
v 0.03292028 0.03447788 0.03917888 0.43529412 0.89019608 0.96078431
v 0.03432473 0.03443037 0.03777918 0.43529412 0.89019608 0.96078431
v 0.03432473 0.03444224 0.03637947 0.43529412 0.89019608 0.96078431
v 0.03432473 0.03444818 0.03077354 0.43529412 0.89019608 0.96078431
v 0.03424272 0.03442443 0.01963648 0.43529412 0.89019608 0.96078431
v 0.03432473 0.03441849 0.01963648 0.43529412 0.89019608 0.96078431
v 0.03572918 0.03430566 0.02937028 0.43529412 0.89019608 0.96078431
v 0.03572918 0.03429972 0.02376435 0.43529412 0.89019608 0.96078431
v 0.03572918 0.03429378 0.02096138 0.43529412 0.89019608 0.96078431
v 0.03584195 0.03426409 0.01963648 0.43529412 0.89019608 0.96078431
v -0.03293512 0.03451944 0.01963648 0.43529412 0.89019608 0.96078431
v -0.03433957 0.03444224 0.02096138 0.43529412 0.89019608 0.96078431
v -0.03433957 0.03444224 0.03637947 0.43529412 0.89019608 0.96078431
v -0.03433957 0.03443037 0.03777918 0.43529412 0.89019608 0.96078431
v -0.03293512 0.03447788 0.03917888 0.43529412 0.89019608 0.96078431
v -0.03153067 0.03446600 0.04057858 0.43529412 0.89019608 0.96078431
v -0.03013648 0.03450756 0.04057858 0.43529412 0.89019608 0.96078431
v -0.02873203 0.03439474 0.04198184 0.43529412 0.89019608 0.96078431
v -0.02873203 0.03424034 0.04298265 0.43529412 0.89019608 0.96078431
v -0.02873203 0.03411563 0.04368428 0.43529412 0.89019608 0.96078431
v -0.02732757 0.03412157 0.04372702 0.43529412 0.89019608 0.96078431
v -0.02452892 0.03412751 0.04376619 0.43529412 0.89019608 0.96078431
v 0.01890653 0.03391967 0.04478481 0.43529412 0.89019608 0.96078431
v 0.02310963 0.03390779 0.04478481 0.43529412 0.89019608 0.96078431
v 0.02591853 0.03389591 0.04478481 0.43529412 0.89019608 0.96078431
v -0.01751692 0.03391967 0.04478481 0.43529412 0.89019608 0.96078431
v -0.02593337 0.03388997 0.04478481 0.43529412 0.89019608 0.96078431
v 0.02731273 0.03388404 0.04478481 0.43529412 0.89019608 0.96078431
v 0.02871718 0.03386028 0.04478481 0.43529412 0.89019608 0.96078431
v 0.02871718 0.03411563 0.04368428 0.43529412 0.89019608 0.96078431
v 0.03012163 0.03422252 0.04289717 0.43529412 0.89019608 0.96078431
v 0.03012163 0.03435911 0.04198184 0.43529412 0.89019608 0.96078431
v 0.03152608 0.03446600 0.04057858 0.43529412 0.89019608 0.96078431
v 0.03292028 0.03440067 0.04057858 0.43529412 0.89019608 0.96078431
v 0.03432473 0.03438880 0.03917888 0.43529412 0.89019608 0.96078431
v 0.03572918 0.03429378 0.03777918 0.43529412 0.89019608 0.96078431
v 0.03572918 0.03430566 0.03637947 0.43529412 0.89019608 0.96078431
v 0.03653905 0.03420471 0.03357651 0.43529412 0.89019608 0.96078431
v 0.03652879 0.03420471 0.03077354 0.43529412 0.89019608 0.96078431
v 0.03649804 0.03419877 0.02516761 0.43529412 0.89019608 0.96078431
v 0.03717464 0.03409782 0.02096138 0.43529412 0.89019608 0.96078431
v 0.03645703 0.03419283 0.01993565 0.43529412 0.89019608 0.96078431
v 0.03603673 0.03424034 0.01963648 0.43529412 0.89019608 0.96078431
v -0.03433957 0.03442443 0.01963648 0.43529412 0.89019608 0.96078431
v -0.03441134 0.03441849 0.01963648 0.43529412 0.89019608 0.96078431
v -0.03574403 0.03430566 0.02096138 0.43529412 0.89019608 0.96078431
v -0.03574403 0.03430566 0.03637947 0.43529412 0.89019608 0.96078431
v -0.03574403 0.03429378 0.03777918 0.43529412 0.89019608 0.96078431
v -0.03580553 0.03425222 0.03909696 0.43529412 0.89019608 0.96078431
v -0.03433957 0.03438880 0.03917888 0.43529412 0.89019608 0.96078431
v -0.03293512 0.03440067 0.04057858 0.43529412 0.89019608 0.96078431
v -0.03153067 0.03431754 0.04198184 0.43529412 0.89019608 0.96078431
v -0.03013648 0.03436505 0.04198184 0.43529412 0.89019608 0.96078431
v -0.03013648 0.03422846 0.04290073 0.43529412 0.89019608 0.96078431
v -0.03013648 0.03409782 0.04360236 0.43529412 0.89019608 0.96078431
v -0.03013648 0.03382465 0.04478481 0.43529412 0.89019608 0.96078431
v -0.02873203 0.03386028 0.04478481 0.43529412 0.89019608 0.96078431
v -0.02732757 0.03387810 0.04478481 0.43529412 0.89019608 0.96078431
v 0.01750208 0.03349804 0.04618451 0.43529412 0.89019608 0.96078431
v 0.02591853 0.03346241 0.04618451 0.43529412 0.89019608 0.96078431
v 0.02171543 0.03348022 0.04618451 0.43529412 0.89019608 0.96078431
v -0.01751692 0.03349804 0.04618451 0.43529412 0.89019608 0.96078431
v -0.02593337 0.03346241 0.04618451 0.43529412 0.89019608 0.96078431
v -0.02032582 0.03348616 0.04618451 0.43529412 0.89019608 0.96078431
v 0.02731273 0.03345054 0.04618451 0.43529412 0.89019608 0.96078431
v 0.02871718 0.03342084 0.04618451 0.43529412 0.89019608 0.96078431
v 0.03012163 0.03382465 0.04478481 0.43529412 0.89019608 0.96078431
v 0.03012163 0.03409782 0.04359880 0.43529412 0.89019608 0.96078431
v 0.03152608 0.03420471 0.04277251 0.43529412 0.89019608 0.96078431
v 0.03152608 0.03431754 0.04198184 0.43529412 0.89019608 0.96078431
v 0.03432473 0.03422252 0.04151527 0.43529412 0.89019608 0.96078431
v 0.03506284 0.03419283 0.04131226 0.43529412 0.89019608 0.96078431
v 0.03432473 0.03430566 0.04057858 0.43529412 0.89019608 0.96078431
v 0.03279726 0.03425222 0.04201034 0.43529412 0.89019608 0.96078431
v 0.03530887 0.03422252 0.04057858 0.43529412 0.89019608 0.96078431
v 0.03579069 0.03424628 0.03910052 0.43529412 0.89019608 0.96078431
v 0.03645703 0.03419283 0.03858053 0.43529412 0.89019608 0.96078431
v 0.03649804 0.03419877 0.03777918 0.43529412 0.89019608 0.96078431
v 0.03653905 0.03420471 0.03637947 0.43529412 0.89019608 0.96078431
v 0.03723615 0.03409188 0.03357651 0.43529412 0.89019608 0.96078431
v 0.03852783 0.03384840 0.03497621 0.43529412 0.89019608 0.96078431
v 0.03852783 0.03383653 0.02096138 0.43529412 0.89019608 0.96078431
v 0.03845607 0.03383653 0.01963648 0.43529412 0.89019608 0.96078431
v 0.03702086 0.03410376 0.01963648 0.43529412 0.89019608 0.96078431
v -0.03574403 0.03428784 0.01963648 0.43529412 0.89019608 0.96078431
v -0.03651288 0.03419877 0.01963648 0.43529412 0.89019608 0.96078431
v -0.03656414 0.03420471 0.02096138 0.43529412 0.89019608 0.96078431
v -0.03657440 0.03421065 0.02656732 0.43529412 0.89019608 0.96078431
v -0.03657440 0.03421065 0.02937028 0.43529412 0.89019608 0.96078431
v -0.03655389 0.03420471 0.03637947 0.43529412 0.89019608 0.96078431
v -0.03651288 0.03419877 0.03777918 0.43529412 0.89019608 0.96078431
v -0.03646163 0.03419283 0.03857341 0.43529412 0.89019608 0.96078431
v -0.03630786 0.03416908 0.03951010 0.43529412 0.89019608 0.96078431
v -0.03532372 0.03422252 0.04057858 0.43529412 0.89019608 0.96078431
v -0.03433957 0.03430566 0.04057858 0.43529412 0.89019608 0.96078431
v -0.03281211 0.03425222 0.04201034 0.43529412 0.89019608 0.96078431
v -0.03507768 0.03419283 0.04131583 0.43529412 0.89019608 0.96078431
v -0.03433957 0.03422252 0.04152240 0.43529412 0.89019608 0.96078431
v -0.03225853 0.03418689 0.04269060 0.43529412 0.89019608 0.96078431
v -0.03153067 0.03420471 0.04276895 0.43529412 0.89019608 0.96078431
v -0.03153067 0.03407406 0.04347058 0.43529412 0.89019608 0.96078431
v -0.03153067 0.03377715 0.04478481 0.43529412 0.89019608 0.96078431
v -0.03013648 0.03338521 0.04618451 0.43529412 0.89019608 0.96078431
v -0.02873203 0.03342678 0.04618451 0.43529412 0.89019608 0.96078431
v -0.02732757 0.03345054 0.04618451 0.43529412 0.89019608 0.96078431
v 0.01750208 0.03301703 0.04739188 0.43529412 0.89019608 0.96078431
v 0.01890653 0.03301703 0.04738476 0.43529412 0.89019608 0.96078431
v 0.02171543 0.03301110 0.04737408 0.43529412 0.89019608 0.96078431
v 0.02451408 0.03300516 0.04735983 0.43529412 0.89019608 0.96078431
v -0.01612272 0.03301703 0.04739545 0.43529412 0.89019608 0.96078431
v 0.02591853 0.03299922 0.04735271 0.43529412 0.89019608 0.96078431
v -0.02452892 0.03300516 0.04736339 0.43529412 0.89019608 0.96078431
v -0.01751692 0.03301703 0.04739188 0.43529412 0.89019608 0.96078431
v -0.02593337 0.03299922 0.04735271 0.43529412 0.89019608 0.96078431
v 0.02731273 0.03299328 0.04733134 0.43529412 0.89019608 0.96078431
v 0.02871718 0.03297546 0.04730285 0.43529412 0.89019608 0.96078431
v 0.03012163 0.03338521 0.04618451 0.43529412 0.89019608 0.96078431
v 0.03152608 0.03377715 0.04478481 0.43529412 0.89019608 0.96078431
v 0.03152608 0.03407406 0.04347058 0.43529412 0.89019608 0.96078431
v 0.03225393 0.03418689 0.04269060 0.43529412 0.89019608 0.96078431
v 0.03432473 0.03411563 0.04221691 0.43529412 0.89019608 0.96078431
v 0.03318682 0.03415720 0.04249471 0.43529412 0.89019608 0.96078431
v 0.03560617 0.03404437 0.04186075 0.43529412 0.89019608 0.96078431
v 0.03712338 0.03380090 0.04198184 0.43529412 0.89019608 0.96078431
v 0.03712338 0.03396717 0.04057858 0.43529412 0.89019608 0.96078431
v 0.03600597 0.03413345 0.04057858 0.43529412 0.89019608 0.96078431
v 0.03630326 0.03416908 0.03951723 0.43529412 0.89019608 0.96078431
v 0.03700036 0.03408000 0.03910052 0.43529412 0.89019608 0.96078431
v 0.03720539 0.03408594 0.03777918 0.43529412 0.89019608 0.96078431
v 0.03723615 0.03409188 0.03637947 0.43529412 0.89019608 0.96078431
v 0.03852783 0.03384840 0.03637947 0.43529412 0.89019608 0.96078431
v 0.03993228 0.03349804 0.03497621 0.43529412 0.89019608 0.96078431
v 0.03852783 0.03381871 0.01963648 0.43529412 0.89019608 0.96078431
v 0.03993228 0.03348616 0.02376435 0.43529412 0.89019608 0.96078431
v 0.03993228 0.03348022 0.02096138 0.43529412 0.89019608 0.96078431
v -0.03722024 0.03409188 0.01963648 0.43529412 0.89019608 0.96078431
v -0.03726124 0.03409782 0.02096138 0.43529412 0.89019608 0.96078431
v -0.03727149 0.03409782 0.02236465 0.43529412 0.89019608 0.96078431
v -0.03728175 0.03409782 0.02656732 0.43529412 0.89019608 0.96078431
v -0.03728175 0.03409782 0.02937028 0.43529412 0.89019608 0.96078431
v -0.03727149 0.03409782 0.03217325 0.43529412 0.89019608 0.96078431
v -0.03726124 0.03409188 0.03637947 0.43529412 0.89019608 0.96078431
v -0.03722024 0.03408594 0.03777918 0.43529412 0.89019608 0.96078431
v -0.03701521 0.03408000 0.03909696 0.43529412 0.89019608 0.96078431
v -0.03602081 0.03413345 0.04057858 0.43529412 0.89019608 0.96078431
v -0.03713823 0.03396717 0.04057858 0.43529412 0.89019608 0.96078431
v -0.03319141 0.03415720 0.04249827 0.43529412 0.89019608 0.96078431
v -0.03713823 0.03380090 0.04198184 0.43529412 0.89019608 0.96078431
v -0.03562101 0.03404437 0.04186431 0.43529412 0.89019608 0.96078431
v -0.03433957 0.03411563 0.04222047 0.43529412 0.89019608 0.96078431
v -0.03281211 0.03405031 0.04324621 0.43529412 0.89019608 0.96078431
v -0.03293512 0.03369994 0.04478481 0.43529412 0.89019608 0.96078431
v -0.03153067 0.03332583 0.04618451 0.43529412 0.89019608 0.96078431
v -0.03153067 0.03292795 0.04719244 0.43529412 0.89019608 0.96078431
v -0.03013648 0.03295765 0.04726011 0.43529412 0.89019608 0.96078431
v -0.02873203 0.03298140 0.04730285 0.43529412 0.89019608 0.96078431
v -0.02732757 0.03299328 0.04733134 0.43529412 0.89019608 0.96078431
v 0.01610788 0.03269042 0.04809351 0.43529412 0.89019608 0.96078431
v 0.01750208 0.03269042 0.04808996 0.43529412 0.89019608 0.96078431
v 0.02451408 0.03267855 0.04806146 0.43529412 0.89019608 0.96078431
v -0.01751692 0.03269042 0.04809351 0.43529412 0.89019608 0.96078431
v 0.02591853 0.03267261 0.04805078 0.43529412 0.89019608 0.96078431
v -0.02452892 0.03267855 0.04806503 0.43529412 0.89019608 0.96078431
v -0.01892137 0.03269042 0.04808639 0.43529412 0.89019608 0.96078431
v -0.02593337 0.03267261 0.04805434 0.43529412 0.89019608 0.96078431
v 0.02731273 0.03266073 0.04803297 0.43529412 0.89019608 0.96078431
v 0.02871718 0.03264885 0.04800448 0.43529412 0.89019608 0.96078431
v 0.03012163 0.03295765 0.04725655 0.43529412 0.89019608 0.96078431
v 0.03152608 0.03292795 0.04718888 0.43529412 0.89019608 0.96078431
v 0.03152608 0.03332583 0.04618451 0.43529412 0.89019608 0.96078431
v 0.03292028 0.03369994 0.04478481 0.43529412 0.89019608 0.96078431
v 0.03279726 0.03405031 0.04324976 0.43529412 0.89019608 0.96078431
v 0.03432473 0.03391373 0.04338154 0.43529412 0.89019608 0.96078431
v 0.03572918 0.03377121 0.04338154 0.43529412 0.89019608 0.96078431
v 0.03712338 0.03355149 0.04338154 0.43529412 0.89019608 0.96078431
v 0.03852783 0.03351586 0.04198184 0.43529412 0.89019608 0.96078431
v 0.03852783 0.03369401 0.04057858 0.43529412 0.89019608 0.96078431
v 0.03852783 0.03378902 0.03917888 0.43529412 0.89019608 0.96078431
v 0.03852783 0.03383653 0.03777918 0.43529412 0.89019608 0.96078431
v 0.03993228 0.03349804 0.03637947 0.43529412 0.89019608 0.96078431
v 0.04131623 0.03304078 0.03217325 0.43529412 0.89019608 0.96078431
v 0.03993228 0.03346241 0.01963648 0.43529412 0.89019608 0.96078431
v 0.04127522 0.03304078 0.02096138 0.43529412 0.89019608 0.96078431
v -0.03854268 0.03383653 0.01963648 0.43529412 0.89019608 0.96078431
v -0.03854268 0.03385434 0.02096138 0.43529412 0.89019608 0.96078431
v -0.03854268 0.03385434 0.03217325 0.43529412 0.89019608 0.96078431
v -0.03854268 0.03384840 0.03637947 0.43529412 0.89019608 0.96078431
v -0.03854268 0.03383653 0.03777918 0.43529412 0.89019608 0.96078431
v -0.03854268 0.03378902 0.03917888 0.43529412 0.89019608 0.96078431
v -0.03854268 0.03369401 0.04057858 0.43529412 0.89019608 0.96078431
v -0.03433957 0.03391373 0.04338154 0.43529412 0.89019608 0.96078431
v -0.03854268 0.03351586 0.04198184 0.43529412 0.89019608 0.96078431
v -0.03713823 0.03355149 0.04338154 0.43529412 0.89019608 0.96078431
v -0.03574403 0.03376527 0.04338154 0.43529412 0.89019608 0.96078431
v -0.03293512 0.03324863 0.04618451 0.43529412 0.89019608 0.96078431
v -0.03433957 0.03358118 0.04478481 0.43529412 0.89019608 0.96078431
v -0.03293512 0.03288639 0.04709627 0.43529412 0.89019608 0.96078431
v -0.03153067 0.03258946 0.04789051 0.43529412 0.89019608 0.96078431
v -0.03013648 0.03262510 0.04795818 0.43529412 0.89019608 0.96078431
v -0.02873203 0.03264885 0.04800448 0.43529412 0.89019608 0.96078431
v -0.02732757 0.03266073 0.04803297 0.43529412 0.89019608 0.96078431
v 0.01610788 0.03217378 0.04898747 0.43529412 0.89019608 0.96078431
v 0.01890653 0.03216784 0.04898747 0.43529412 0.89019608 0.96078431
v 0.02171543 0.03215596 0.04898747 0.43529412 0.89019608 0.96078431
v 0.02451408 0.03214409 0.04898747 0.43529412 0.89019608 0.96078431
v 0.02591853 0.03213221 0.04898747 0.43529412 0.89019608 0.96078431
v -0.01751692 0.03217378 0.04898747 0.43529412 0.89019608 0.96078431
v -0.02593337 0.03213221 0.04898747 0.43529412 0.89019608 0.96078431
v -0.02452892 0.03214409 0.04898747 0.43529412 0.89019608 0.96078431
v -0.02032582 0.03216190 0.04898747 0.43529412 0.89019608 0.96078431
v -0.02732757 0.03210846 0.04898747 0.43529412 0.89019608 0.96078431
v 0.02731273 0.03210846 0.04898747 0.43529412 0.89019608 0.96078431
v 0.02871718 0.03207877 0.04898747 0.43529412 0.89019608 0.96078431
v 0.03012163 0.03203126 0.04898747 0.43529412 0.89019608 0.96078431
v 0.03012163 0.03262510 0.04795818 0.43529412 0.89019608 0.96078431
v 0.03152608 0.03258946 0.04788695 0.43529412 0.89019608 0.96078431
v 0.03292028 0.03288639 0.04709271 0.43529412 0.89019608 0.96078431
v 0.03292028 0.03324269 0.04618451 0.43529412 0.89019608 0.96078431
v 0.03432473 0.03358118 0.04478481 0.43529412 0.89019608 0.96078431
v 0.03572918 0.03342678 0.04478481 0.43529412 0.89019608 0.96078431
v 0.03712338 0.03320112 0.04478481 0.43529412 0.89019608 0.96078431
v 0.03852783 0.03325456 0.04338154 0.43529412 0.89019608 0.96078431
v 0.03993228 0.03314174 0.04198184 0.43529412 0.89019608 0.96078431
v 0.03993228 0.03333177 0.04057858 0.43529412 0.89019608 0.96078431
v 0.03993228 0.03343272 0.03917888 0.43529412 0.89019608 0.96078431
v 0.03993228 0.03348022 0.03777918 0.43529412 0.89019608 0.96078431
v 0.04131623 0.03304078 0.03637947 0.43529412 0.89019608 0.96078431
v 0.04201333 0.03277950 0.03217325 0.43529412 0.89019608 0.96078431
v 0.04129573 0.03301110 0.01963648 0.43529412 0.89019608 0.96078431
v 0.04198257 0.03276762 0.02376435 0.43529412 0.89019608 0.96078431
v 0.04197232 0.03276168 0.02096138 0.43529412 0.89019608 0.96078431
v 0.04195182 0.03275574 0.01963648 0.43529412 0.89019608 0.96078431
v -0.03861444 0.03381871 0.01963648 0.43529412 0.89019608 0.96078431
v -0.03994713 0.03349804 0.02096138 0.43529412 0.89019608 0.96078431
v -0.03994713 0.03349804 0.03637947 0.43529412 0.89019608 0.96078431
v -0.03994713 0.03348022 0.03777918 0.43529412 0.89019608 0.96078431
v -0.03994713 0.03343272 0.03917888 0.43529412 0.89019608 0.96078431
v -0.03994713 0.03333177 0.04057858 0.43529412 0.89019608 0.96078431
v -0.03994713 0.03314174 0.04198184 0.43529412 0.89019608 0.96078431
v -0.03854268 0.03325456 0.04338154 0.43529412 0.89019608 0.96078431
v -0.03713823 0.03319518 0.04478481 0.43529412 0.89019608 0.96078431
v -0.03574403 0.03342678 0.04478481 0.43529412 0.89019608 0.96078431
v -0.03445234 0.03305266 0.04631985 0.43529412 0.89019608 0.96078431
v -0.03406279 0.03283294 0.04698942 0.43529412 0.89019608 0.96078431
v -0.03293512 0.03253602 0.04779434 0.43529412 0.89019608 0.96078431
v -0.03153067 0.03195406 0.04898747 0.43529412 0.89019608 0.96078431
v -0.03013648 0.03203126 0.04898747 0.43529412 0.89019608 0.96078431
v -0.02873203 0.03207877 0.04898747 0.43529412 0.89019608 0.96078431
v 0.00909588 0.03156807 0.04992417 0.43529412 0.89019608 0.96078431
v 0.01610788 0.03156807 0.04992061 0.43529412 0.89019608 0.96078431
v 0.02171543 0.03156213 0.04991705 0.43529412 0.89019608 0.96078431
v 0.02451408 0.03155025 0.04990636 0.43529412 0.89019608 0.96078431
v 0.02591853 0.03154431 0.04989568 0.43529412 0.89019608 0.96078431
v 0.02731273 0.03153244 0.04988143 0.43529412 0.89019608 0.96078431
v 0.02871718 0.03152056 0.04986362 0.43529412 0.89019608 0.96078431
v -0.02172002 0.03156213 0.04991705 0.43529412 0.89019608 0.96078431
v -0.01612272 0.03156807 0.04992061 0.43529412 0.89019608 0.96078431
v -0.00911072 0.03156807 0.04992417 0.43529412 0.89019608 0.96078431
v -0.02873203 0.03152056 0.04986362 0.43529412 0.89019608 0.96078431
v -0.02732757 0.03153244 0.04988143 0.43529412 0.89019608 0.96078431
v -0.02593337 0.03154431 0.04989568 0.43529412 0.89019608 0.96078431
v -0.02452892 0.03155025 0.04990636 0.43529412 0.89019608 0.96078431
v 0.03012163 0.03149087 0.04983157 0.43529412 0.89019608 0.96078431
v 0.03152608 0.03144930 0.04977814 0.43529412 0.89019608 0.96078431
v 0.03152608 0.03195406 0.04898747 0.43529412 0.89019608 0.96078431
v 0.03292028 0.03253602 0.04779434 0.43529412 0.89019608 0.96078431
v 0.03404794 0.03283294 0.04698587 0.43529412 0.89019608 0.96078431
v 0.03443750 0.03305266 0.04631629 0.43529412 0.89019608 0.96078431
v 0.03572918 0.03299922 0.04603492 0.43529412 0.89019608 0.96078431
v 0.03712338 0.03288639 0.04573575 0.43529412 0.89019608 0.96078431
v 0.03791274 0.03280918 0.04553986 0.43529412 0.89019608 0.96078431
v 0.03843557 0.03292795 0.04473495 0.43529412 0.89019608 0.96078431
v 0.03937870 0.03283294 0.04423276 0.43529412 0.89019608 0.96078431
v 0.03988103 0.03290420 0.04325333 0.43529412 0.89019608 0.96078431
v 0.04063963 0.03279138 0.04269772 0.43529412 0.89019608 0.96078431
v 0.04081391 0.03285670 0.04198184 0.43529412 0.89019608 0.96078431
v 0.04108045 0.03295171 0.04057858 0.43529412 0.89019608 0.96078431
v 0.04122397 0.03300516 0.03917888 0.43529412 0.89019608 0.96078431
v 0.04128548 0.03302891 0.03777918 0.43529412 0.89019608 0.96078431
v 0.04199282 0.03276762 0.03777918 0.43529412 0.89019608 0.96078431
v 0.04201333 0.03277950 0.03637947 0.43529412 0.89019608 0.96078431
v 0.04273093 0.03242319 0.03217325 0.43529412 0.89019608 0.96078431
v 0.04273093 0.03241132 0.02656732 0.43529412 0.89019608 0.96078431
v 0.04273093 0.03239944 0.02236465 0.43529412 0.89019608 0.96078431
v 0.04273093 0.03239350 0.02096138 0.43529412 0.89019608 0.96078431
v 0.04268993 0.03239944 0.01963648 0.43529412 0.89019608 0.96078431
v -0.03994713 0.03348022 0.01963648 0.43529412 0.89019608 0.96078431
v -0.04132082 0.03304078 0.02096138 0.43529412 0.89019608 0.96078431
v -0.04133107 0.03304078 0.02656732 0.43529412 0.89019608 0.96078431
v -0.04133107 0.03304078 0.03637947 0.43529412 0.89019608 0.96078431
v -0.04130032 0.03303484 0.03777918 0.43529412 0.89019608 0.96078431
v -0.04123881 0.03300516 0.03917888 0.43529412 0.89019608 0.96078431
v -0.04109529 0.03295765 0.04057858 0.43529412 0.89019608 0.96078431
v -0.04082875 0.03285670 0.04198184 0.43529412 0.89019608 0.96078431
v -0.04065448 0.03279138 0.04269772 0.43529412 0.89019608 0.96078431
v -0.03988562 0.03290420 0.04324976 0.43529412 0.89019608 0.96078431
v -0.03845041 0.03292795 0.04473138 0.43529412 0.89019608 0.96078431
v -0.03938330 0.03283294 0.04423276 0.43529412 0.89019608 0.96078431
v -0.03792759 0.03280918 0.04553986 0.43529412 0.89019608 0.96078431
v -0.03713823 0.03288639 0.04573219 0.43529412 0.89019608 0.96078431
v -0.03574403 0.03299922 0.04603492 0.43529412 0.89019608 0.96078431
v -0.03499567 0.03277950 0.04687545 0.43529412 0.89019608 0.96078431
v -0.03445234 0.03252414 0.04750942 0.43529412 0.89019608 0.96078431
v -0.03433957 0.03175809 0.04886282 0.43529412 0.89019608 0.96078431
v -0.03295563 0.03176403 0.04910857 0.43529412 0.89019608 0.96078431
v -0.03249431 0.03141367 0.04972828 0.43529412 0.89019608 0.96078431
v -0.03153067 0.03144930 0.04977814 0.43529412 0.89019608 0.96078431
v -0.03013648 0.03149087 0.04983157 0.43529412 0.89019608 0.96078431
v 0.00489278 0.03092672 0.05062580 0.43529412 0.89019608 0.96078431
v 0.01750208 0.03092078 0.05062224 0.43529412 0.89019608 0.96078431
v 0.02031098 0.03092078 0.05061868 0.43529412 0.89019608 0.96078431
v 0.02171543 0.03092078 0.05061512 0.43529412 0.89019608 0.96078431
v 0.02310963 0.03091484 0.05061156 0.43529412 0.89019608 0.96078431
v 0.02591853 0.03090296 0.05059731 0.43529412 0.89019608 0.96078431
v 0.02731273 0.03089109 0.05058306 0.43529412 0.89019608 0.96078431
v 0.02871718 0.03087328 0.05056525 0.43529412 0.89019608 0.96078431
v 0.03012163 0.03084952 0.05053320 0.43529412 0.89019608 0.96078431
v -0.02312447 0.03091484 0.05061156 0.43529412 0.89019608 0.96078431
v -0.02032582 0.03092078 0.05061868 0.43529412 0.89019608 0.96078431
v -0.01751692 0.03092078 0.05062224 0.43529412 0.89019608 0.96078431
v -0.00631207 0.03092672 0.05062580 0.43529412 0.89019608 0.96078431
v -0.03013648 0.03084952 0.05052964 0.43529412 0.89019608 0.96078431
v -0.02873203 0.03087328 0.05056525 0.43529412 0.89019608 0.96078431
v -0.02732757 0.03089109 0.05058306 0.43529412 0.89019608 0.96078431
v -0.02593337 0.03089703 0.05059731 0.43529412 0.89019608 0.96078431
v -0.02452892 0.03090890 0.05060443 0.43529412 0.89019608 0.96078431
v 0.03152608 0.03080795 0.05047978 0.43529412 0.89019608 0.96078431
v 0.03247947 0.03141367 0.04972828 0.43529412 0.89019608 0.96078431
v 0.03294078 0.03175809 0.04910857 0.43529412 0.89019608 0.96078431
v 0.03432473 0.03175809 0.04885926 0.43529412 0.89019608 0.96078431
v 0.03443750 0.03252414 0.04750585 0.43529412 0.89019608 0.96078431
v 0.03498083 0.03277950 0.04687189 0.43529412 0.89019608 0.96078431
v 0.03572918 0.03272011 0.04673299 0.43529412 0.89019608 0.96078431
v 0.03712338 0.03258946 0.04643738 0.43529412 0.89019608 0.96078431
v 0.03843557 0.03241725 0.04607766 0.43529412 0.89019608 0.96078431
v 0.03884563 0.03267855 0.04516590 0.43529412 0.89019608 0.96078431
v 0.03988103 0.03249445 0.04473495 0.43529412 0.89019608 0.96078431
v 0.04031159 0.03267855 0.04363441 0.43529412 0.89019608 0.96078431
v 0.04119321 0.03242319 0.04325333 0.43529412 0.89019608 0.96078431
v 0.04151101 0.03257759 0.04198184 0.43529412 0.89019608 0.96078431
v 0.04177754 0.03268448 0.04057858 0.43529412 0.89019608 0.96078431
v 0.04192106 0.03274387 0.03917888 0.43529412 0.89019608 0.96078431
v 0.04273093 0.03234600 0.03917888 0.43529412 0.89019608 0.96078431
v 0.04273093 0.03239944 0.03777918 0.43529412 0.89019608 0.96078431
v 0.04273093 0.03242319 0.03637947 0.43529412 0.89019608 0.96078431
v 0.04400211 0.03172840 0.03497621 0.43529412 0.89019608 0.96078431
v 0.04399186 0.03172840 0.02797058 0.43529412 0.89019608 0.96078431
v 0.04399186 0.03172246 0.02376435 0.43529412 0.89019608 0.96078431
v 0.04398161 0.03171652 0.02096138 0.43529412 0.89019608 0.96078431
v 0.04389960 0.03174622 0.01963648 0.43529412 0.89019608 0.96078431
v -0.04129007 0.03302891 0.01963648 0.43529412 0.89019608 0.96078431
v -0.04195641 0.03277950 0.01963648 0.43529412 0.89019608 0.96078431
v -0.04201792 0.03277356 0.02096138 0.43529412 0.89019608 0.96078431
v -0.04202817 0.03277950 0.02376435 0.43529412 0.89019608 0.96078431
v -0.04202817 0.03277950 0.03637947 0.43529412 0.89019608 0.96078431
v -0.04200767 0.03276762 0.03777918 0.43529412 0.89019608 0.96078431
v -0.04193591 0.03274387 0.03917888 0.43529412 0.89019608 0.96078431
v -0.04179239 0.03268448 0.04057858 0.43529412 0.89019608 0.96078431
v -0.04152585 0.03257759 0.04198184 0.43529412 0.89019608 0.96078431
v -0.04120806 0.03242319 0.04324976 0.43529412 0.89019608 0.96078431
v -0.04032643 0.03267855 0.04363086 0.43529412 0.89019608 0.96078431
v -0.03886047 0.03267855 0.04516590 0.43529412 0.89019608 0.96078431
v -0.03988562 0.03249445 0.04473138 0.43529412 0.89019608 0.96078431
v -0.03845041 0.03241725 0.04607766 0.43529412 0.89019608 0.96078431
v -0.03713823 0.03258946 0.04643382 0.43529412 0.89019608 0.96078431
v -0.03574403 0.03272011 0.04673655 0.43529412 0.89019608 0.96078431
v -0.03574403 0.03228661 0.04758777 0.43529412 0.89019608 0.96078431
v -0.03433957 0.03128896 0.04956089 0.43529412 0.89019608 0.96078431
v -0.03342720 0.03136022 0.04965705 0.43529412 0.89019608 0.96078431
v -0.03574403 0.03165120 0.04868474 0.43529412 0.89019608 0.96078431
v -0.03153067 0.03080795 0.05047978 0.43529412 0.89019608 0.96078431
v -0.03295563 0.03085546 0.05027321 0.43529412 0.89019608 0.96078431
v 0.00769143 0.03022599 0.05128469 0.43529412 0.89019608 0.96078431
v 0.02171543 0.03022006 0.05128113 0.43529412 0.89019608 0.96078431
v 0.02451408 0.03020818 0.05127401 0.43529412 0.89019608 0.96078431
v 0.02591853 0.03020224 0.05126689 0.43529412 0.89019608 0.96078431
v 0.02731273 0.03019036 0.05125976 0.43529412 0.89019608 0.96078431
v 0.02871718 0.03017254 0.05124552 0.43529412 0.89019608 0.96078431
v 0.03012163 0.03014879 0.05122771 0.43529412 0.89019608 0.96078431
v 0.03152608 0.03010723 0.05119565 0.43529412 0.89019608 0.96078431
v -0.02452892 0.03020818 0.05127401 0.43529412 0.89019608 0.96078431
v -0.02312447 0.03021412 0.05127757 0.43529412 0.89019608 0.96078431
v -0.02032582 0.03022006 0.05128113 0.43529412 0.89019608 0.96078431
v -0.00770627 0.03022599 0.05128469 0.43529412 0.89019608 0.96078431
v -0.03153067 0.03010723 0.05119565 0.43529412 0.89019608 0.96078431
v -0.03013648 0.03014879 0.05122415 0.43529412 0.89019608 0.96078431
v -0.02873203 0.03017254 0.05124552 0.43529412 0.89019608 0.96078431
v -0.02732757 0.03019036 0.05125976 0.43529412 0.89019608 0.96078431
v 0.03292028 0.03004190 0.05113867 0.43529412 0.89019608 0.96078431
v 0.03294078 0.03085546 0.05027321 0.43529412 0.89019608 0.96078431
v 0.03341235 0.03136022 0.04965349 0.43529412 0.89019608 0.96078431
v 0.03432473 0.03128896 0.04956089 0.43529412 0.89019608 0.96078431
v 0.03572918 0.03165120 0.04868118 0.43529412 0.89019608 0.96078431
v 0.03572918 0.03228661 0.04758777 0.43529412 0.89019608 0.96078431
v 0.03712338 0.03199563 0.04758777 0.43529412 0.89019608 0.96078431
v 0.03841507 0.03165120 0.04759134 0.43529412 0.89019608 0.96078431
v 0.03960424 0.03152650 0.04712833 0.43529412 0.89019608 0.96078431
v 0.04001429 0.03180560 0.04628779 0.43529412 0.89019608 0.96078431
v 0.04104969 0.03157994 0.04588533 0.43529412 0.89019608 0.96078431
v 0.04144950 0.03181154 0.04489166 0.43529412 0.89019608 0.96078431
v 0.04232087 0.03154431 0.04449632 0.43529412 0.89019608 0.96078431
v 0.04276169 0.03166308 0.04331031 0.43529412 0.89019608 0.96078431
v 0.04273093 0.03199563 0.04198184 0.43529412 0.89019608 0.96078431
v 0.04273093 0.03222723 0.04057858 0.43529412 0.89019608 0.96078431
v 0.04382784 0.03162745 0.04057858 0.43529412 0.89019608 0.96078431
v 0.04393035 0.03168683 0.03917888 0.43529412 0.89019608 0.96078431
v 0.04398161 0.03171652 0.03777918 0.43529412 0.89019608 0.96078431
v 0.04399186 0.03172840 0.03637947 0.43529412 0.89019608 0.96078431
v 0.04469921 0.03128896 0.03637947 0.43529412 0.89019608 0.96078431
v 0.04469921 0.03128896 0.02937028 0.43529412 0.89019608 0.96078431
v 0.04468896 0.03128302 0.02096138 0.43529412 0.89019608 0.96078431
v 0.04400211 0.03168683 0.01963648 0.43529412 0.89019608 0.96078431
v -0.04274577 0.03239350 0.01963648 0.43529412 0.89019608 0.96078431
v -0.04274577 0.03242319 0.02096138 0.43529412 0.89019608 0.96078431
v -0.04274577 0.03242319 0.03637947 0.43529412 0.89019608 0.96078431
v -0.04274577 0.03239944 0.03777918 0.43529412 0.89019608 0.96078431
v -0.04274577 0.03234600 0.03917888 0.43529412 0.89019608 0.96078431
v -0.04274577 0.03222723 0.04057858 0.43529412 0.89019608 0.96078431
v -0.04274577 0.03200157 0.04198184 0.43529412 0.89019608 0.96078431
v -0.04277653 0.03166308 0.04331031 0.43529412 0.89019608 0.96078431
v -0.04233572 0.03154431 0.04449988 0.43529412 0.89019608 0.96078431
v -0.04146434 0.03181154 0.04489521 0.43529412 0.89019608 0.96078431
v -0.04002914 0.03180560 0.04628423 0.43529412 0.89019608 0.96078431
v -0.04107479 0.03157994 0.04588533 0.43529412 0.89019608 0.96078431
v -0.03842991 0.03165120 0.04759134 0.43529412 0.89019608 0.96078431
v -0.03713823 0.03200157 0.04758777 0.43529412 0.89019608 0.96078431
v -0.03961908 0.03152650 0.04712833 0.43529412 0.89019608 0.96078431
v -0.03421656 0.03046946 0.05048690 0.43529412 0.89019608 0.96078431
v -0.03574403 0.03115238 0.04938637 0.43529412 0.89019608 0.96078431
v -0.03574403 0.03045165 0.05019841 0.43529412 0.89019608 0.96078431
v -0.03367323 0.02998846 0.05109593 0.43529412 0.89019608 0.96078431
v -0.03713823 0.03149680 0.04845324 0.43529412 0.89019608 0.96078431
v -0.03293512 0.03003596 0.05113867 0.43529412 0.89019608 0.96078431
v 0.00769143 0.02928179 0.05187592 0.43529412 0.89019608 0.96078431
v 0.01610788 0.02928179 0.05187236 0.43529412 0.89019608 0.96078431
v 0.02171543 0.02928179 0.05186879 0.43529412 0.89019608 0.96078431
v 0.02310963 0.02928179 0.05186523 0.43529412 0.89019608 0.96078431
v 0.02591853 0.02928179 0.05184742 0.43529412 0.89019608 0.96078431
v 0.02731273 0.02928179 0.05183318 0.43529412 0.89019608 0.96078431
v 0.02871718 0.02928179 0.05181181 0.43529412 0.89019608 0.96078431
v 0.03012163 0.02928179 0.05177976 0.43529412 0.89019608 0.96078431
v 0.03152608 0.02928179 0.05172989 0.43529412 0.89019608 0.96078431
v 0.03292028 0.02928179 0.05163729 0.43529412 0.89019608 0.96078431
v -0.02732757 0.02928179 0.05183318 0.43529412 0.89019608 0.96078431
v -0.02593337 0.02928179 0.05184386 0.43529412 0.89019608 0.96078431
v -0.02452892 0.02928179 0.05185455 0.43529412 0.89019608 0.96078431
v -0.02172002 0.02928179 0.05186879 0.43529412 0.89019608 0.96078431
v -0.01612272 0.02928179 0.05187236 0.43529412 0.89019608 0.96078431
v -0.00770627 0.02928179 0.05187592 0.43529412 0.89019608 0.96078431
v -0.03293512 0.02928179 0.05163373 0.43529412 0.89019608 0.96078431
v -0.03153067 0.02928179 0.05172633 0.43529412 0.89019608 0.96078431
v -0.03013648 0.02928179 0.05177619 0.43529412 0.89019608 0.96078431
v -0.02873203 0.02928179 0.05181181 0.43529412 0.89019608 0.96078431
v 0.03367889 0.02999440 0.05109949 0.43529412 0.89019608 0.96078431
v 0.03421196 0.03046946 0.05048690 0.43529412 0.89019608 0.96078431
v 0.03572918 0.03044571 0.05019841 0.43529412 0.89019608 0.96078431
v 0.03572918 0.03114644 0.04938281 0.43529412 0.89019608 0.96078431
v 0.03712338 0.03149680 0.04844968 0.43529412 0.89019608 0.96078431
v 0.03787174 0.03139585 0.04830721 0.43529412 0.89019608 0.96078431
v 0.03880462 0.03123552 0.04806146 0.43529412 0.89019608 0.96078431
v 0.04054737 0.03134834 0.04682203 0.43529412 0.89019608 0.96078431
v 0.04199282 0.03136022 0.04543301 0.43529412 0.89019608 0.96078431
v 0.04276169 0.03112269 0.04489166 0.43529412 0.89019608 0.96078431
v 0.04325375 0.03127708 0.04372702 0.43529412 0.89019608 0.96078431
v 0.04347929 0.03141367 0.04279032 0.43529412 0.89019608 0.96078431
v 0.04363306 0.03150868 0.04198184 0.43529412 0.89019608 0.96078431
v 0.04452494 0.03117019 0.04057858 0.43529412 0.89019608 0.96078431
v 0.04462745 0.03124145 0.03917888 0.43529412 0.89019608 0.96078431
v 0.04467871 0.03127708 0.03777918 0.43529412 0.89019608 0.96078431
v 0.04553983 0.03060605 0.03637947 0.43529412 0.89019608 0.96078431
v 0.04553983 0.03060605 0.03217325 0.43529412 0.89019608 0.96078431
v 0.04553983 0.03058229 0.02096138 0.43529412 0.89019608 0.96078431
v 0.04566285 0.03045758 0.01963648 0.43529412 0.89019608 0.96078431
v 0.04466846 0.03126521 0.01963648 0.43529412 0.89019608 0.96078431
v -0.04281754 0.03235787 0.01963648 0.43529412 0.89019608 0.96078431
v -0.04398620 0.03171652 0.01963648 0.43529412 0.89019608 0.96078431
v -0.04400671 0.03172840 0.02096138 0.43529412 0.89019608 0.96078431
v -0.04400671 0.03173434 0.02236465 0.43529412 0.89019608 0.96078431
v -0.04400671 0.03173434 0.02376435 0.43529412 0.89019608 0.96078431
v -0.04400671 0.03172840 0.03637947 0.43529412 0.89019608 0.96078431
v -0.04398620 0.03171652 0.03777918 0.43529412 0.89019608 0.96078431
v -0.04393495 0.03168683 0.03917888 0.43529412 0.89019608 0.96078431
v -0.04383243 0.03162745 0.04057858 0.43529412 0.89019608 0.96078431
v -0.04364790 0.03150868 0.04198184 0.43529412 0.89019608 0.96078431
v -0.04349413 0.03141367 0.04279745 0.43529412 0.89019608 0.96078431
v -0.04326860 0.03128302 0.04373058 0.43529412 0.89019608 0.96078431
v -0.04277653 0.03112862 0.04489521 0.43529412 0.89019608 0.96078431
v -0.04200767 0.03136616 0.04543658 0.43529412 0.89019608 0.96078431
v -0.04055196 0.03134834 0.04681847 0.43529412 0.89019608 0.96078431
v -0.03788658 0.03139585 0.04830721 0.43529412 0.89019608 0.96078431
v -0.03881946 0.03123552 0.04806146 0.43529412 0.89019608 0.96078431
v -0.04002914 0.03106330 0.04759134 0.43529412 0.89019608 0.96078431
v -0.03460611 0.02989938 0.05102114 0.43529412 0.89019608 0.96078431
v -0.03713823 0.03096235 0.04915131 0.43529412 0.89019608 0.96078431
v -0.03713823 0.03026162 0.04999184 0.43529412 0.89019608 0.96078431
v -0.03574403 0.02976280 0.05089648 0.43529412 0.89019608 0.96078431
v -0.03421656 0.02937086 0.05144140 0.43529412 0.89019608 0.96078431
v 0.01050033 0.02824257 0.05238166 0.43529412 0.89019608 0.96078431
v 0.02171543 0.02823663 0.05238166 0.43529412 0.89019608 0.96078431
v 0.02591853 0.02821881 0.05237098 0.43529412 0.89019608 0.96078431
v 0.02731273 0.02820694 0.05236741 0.43529412 0.89019608 0.96078431
v 0.02871718 0.02819506 0.05235673 0.43529412 0.89019608 0.96078431
v 0.03012163 0.02816537 0.05234248 0.43529412 0.89019608 0.96078431
v 0.03152608 0.02812380 0.05232468 0.43529412 0.89019608 0.96078431
v 0.03292028 0.02805254 0.05228906 0.43529412 0.89019608 0.96078431
v 0.03432473 0.02795159 0.05222851 0.43529412 0.89019608 0.96078431
v 0.03421196 0.02937086 0.05144497 0.43529412 0.89019608 0.96078431
v -0.02873203 0.02819506 0.05235673 0.43529412 0.89019608 0.96078431
v -0.02732757 0.02820694 0.05236741 0.43529412 0.89019608 0.96078431
v -0.02593337 0.02821881 0.05237098 0.43529412 0.89019608 0.96078431
v -0.02312447 0.02823069 0.05237810 0.43529412 0.89019608 0.96078431
v -0.02032582 0.02823663 0.05238166 0.43529412 0.89019608 0.96078431
v -0.01051517 0.02824257 0.05238166 0.43529412 0.89019608 0.96078431
v -0.03433957 0.02795159 0.05222495 0.43529412 0.89019608 0.96078431
v -0.03293512 0.02805254 0.05228906 0.43529412 0.89019608 0.96078431
v -0.03153067 0.02812380 0.05232468 0.43529412 0.89019608 0.96078431
v -0.03013648 0.02816537 0.05234248 0.43529412 0.89019608 0.96078431
v 0.03572918 0.02906207 0.05143072 0.43529412 0.89019608 0.96078431
v 0.03461177 0.02989938 0.05102114 0.43529412 0.89019608 0.96078431
v 0.03572918 0.02976280 0.05090004 0.43529412 0.89019608 0.96078431
v 0.03712338 0.03026162 0.04999540 0.43529412 0.89019608 0.96078431
v 0.03712338 0.03096235 0.04915131 0.43529412 0.89019608 0.96078431
v 0.03812802 0.03010129 0.04981376 0.43529412 0.89019608 0.96078431
v 0.03846632 0.03066543 0.04896254 0.43529412 0.89019608 0.96078431
v 0.03993228 0.03030319 0.04868118 0.43529412 0.89019608 0.96078431
v 0.04001429 0.03105736 0.04759134 0.43529412 0.89019608 0.96078431
v 0.04083441 0.03009535 0.04842118 0.43529412 0.89019608 0.96078431
v 0.04130598 0.03042196 0.04760202 0.43529412 0.89019608 0.96078431
v 0.04232087 0.03016661 0.04714614 0.43529412 0.89019608 0.96078431
v 0.04144950 0.03118207 0.04628779 0.43529412 0.89019608 0.96078431
v 0.04277194 0.03045758 0.04621300 0.43529412 0.89019608 0.96078431
v 0.04365356 0.03014285 0.04576424 0.43529412 0.89019608 0.96078431
v 0.04412513 0.03030913 0.04467440 0.43529412 0.89019608 0.96078431
v 0.04486323 0.03000627 0.04413660 0.43529412 0.89019608 0.96078431
v 0.04402262 0.03087921 0.04331031 0.43529412 0.89019608 0.96078431
v 0.04433016 0.03103361 0.04198184 0.43529412 0.89019608 0.96078431
v 0.04524254 0.03033288 0.04198184 0.43529412 0.89019608 0.96078431
v 0.04540656 0.03046946 0.04057858 0.43529412 0.89019608 0.96078431
v 0.04549883 0.03054073 0.03917888 0.43529412 0.89019608 0.96078431
v 0.04567310 0.03046352 0.03784685 0.43529412 0.89019608 0.96078431
v 0.04624718 0.02999440 0.03743370 0.43529412 0.89019608 0.96078431
v 0.04625744 0.03000033 0.03637947 0.43529412 0.89019608 0.96078431
v 0.04625744 0.03000033 0.03357651 0.43529412 0.89019608 0.96078431
v 0.04623693 0.02998252 0.02014578 0.43529412 0.89019608 0.96078431
v 0.04673925 0.02942431 0.01963648 0.43529412 0.89019608 0.96078431
v -0.04465255 0.03129490 0.01963648 0.43529412 0.89019608 0.96078431
v -0.04471406 0.03128896 0.02096138 0.43529412 0.89019608 0.96078431
v -0.04471406 0.03128896 0.03637947 0.43529412 0.89019608 0.96078431
v -0.04469355 0.03127708 0.03777918 0.43529412 0.89019608 0.96078431
v -0.04464230 0.03124145 0.03917888 0.43529412 0.89019608 0.96078431
v -0.04453978 0.03117019 0.04057858 0.43529412 0.89019608 0.96078431
v -0.04434501 0.03103361 0.04198184 0.43529412 0.89019608 0.96078431
v -0.04403746 0.03087921 0.04331031 0.43529412 0.89019608 0.96078431
v -0.04487808 0.03000627 0.04413660 0.43529412 0.89019608 0.96078431
v -0.04413997 0.03031507 0.04467440 0.43529412 0.89019608 0.96078431
v -0.04366841 0.03014285 0.04576424 0.43529412 0.89019608 0.96078431
v -0.04277653 0.03045758 0.04621300 0.43529412 0.89019608 0.96078431
v -0.04233572 0.03016661 0.04714614 0.43529412 0.89019608 0.96078431
v -0.04146434 0.03118207 0.04628423 0.43529412 0.89019608 0.96078431
v -0.04132082 0.03042196 0.04760202 0.43529412 0.89019608 0.96078431
v -0.04084926 0.03009535 0.04842474 0.43529412 0.89019608 0.96078431
v -0.03848117 0.03066543 0.04896254 0.43529412 0.89019608 0.96078431
v -0.03814287 0.03010129 0.04981376 0.43529412 0.89019608 0.96078431
v -0.03994713 0.03030913 0.04868118 0.43529412 0.89019608 0.96078431
v -0.03574403 0.02906207 0.05142716 0.43529412 0.89019608 0.96078431
v -0.03713823 0.02954308 0.05069347 0.43529412 0.89019608 0.96078431
v -0.03713823 0.02884235 0.05128113 0.43529412 0.89019608 0.96078431
v 0.00909588 0.02754184 0.05260248 0.43529412 0.89019608 0.96078431
v 0.02171543 0.02753590 0.05259892 0.43529412 0.89019608 0.96078431
v 0.02451408 0.02752403 0.05259892 0.43529412 0.89019608 0.96078431
v 0.02731273 0.02750621 0.05259536 0.43529412 0.89019608 0.96078431
v 0.02871718 0.02749433 0.05259180 0.43529412 0.89019608 0.96078431
v 0.03012163 0.02746464 0.05258823 0.43529412 0.89019608 0.96078431
v 0.03152608 0.02742308 0.05257399 0.43529412 0.89019608 0.96078431
v 0.03292028 0.02735181 0.05255262 0.43529412 0.89019608 0.96078431
v 0.03432473 0.02725086 0.05251700 0.43529412 0.89019608 0.96078431
v 0.03505258 0.02718554 0.05249563 0.43529412 0.89019608 0.96078431
v 0.03560617 0.02774375 0.05217153 0.43529412 0.89019608 0.96078431
v -0.03013648 0.02746464 0.05258823 0.43529412 0.89019608 0.96078431
v -0.02873203 0.02749433 0.05259180 0.43529412 0.89019608 0.96078431
v -0.02732757 0.02750621 0.05259536 0.43529412 0.89019608 0.96078431
v -0.02452892 0.02752403 0.05259892 0.43529412 0.89019608 0.96078431
v -0.02172002 0.02753590 0.05259892 0.43529412 0.89019608 0.96078431
v -0.00770627 0.02754184 0.05260248 0.43529412 0.89019608 0.96078431
v -0.03561076 0.02774375 0.05217153 0.43529412 0.89019608 0.96078431
v -0.03505718 0.02718554 0.05249563 0.43529412 0.89019608 0.96078431
v -0.03433957 0.02725086 0.05251700 0.43529412 0.89019608 0.96078431
v -0.03293512 0.02735181 0.05255262 0.43529412 0.89019608 0.96078431
v -0.03153067 0.02742308 0.05257399 0.43529412 0.89019608 0.96078431
v 0.03712338 0.02788033 0.05184742 0.43529412 0.89019608 0.96078431
v 0.03712338 0.02884235 0.05128469 0.43529412 0.89019608 0.96078431
v 0.03712338 0.02954308 0.05069347 0.43529412 0.89019608 0.96078431
v 0.03801526 0.02867013 0.05116004 0.43529412 0.89019608 0.96078431
v 0.03853808 0.02928773 0.05039786 0.43529412 0.89019608 0.96078431
v 0.03906091 0.02991125 0.04961431 0.43529412 0.89019608 0.96078431
v 0.03993228 0.02968560 0.04938281 0.43529412 0.89019608 0.96078431
v 0.04084466 0.02872358 0.04981732 0.43529412 0.89019608 0.96078431
v 0.04130598 0.02926991 0.04896966 0.43529412 0.89019608 0.96078431
v 0.04176729 0.02981030 0.04807927 0.43529412 0.89019608 0.96078431
v 0.04284370 0.02936492 0.04768750 0.43529412 0.89019608 0.96078431
v 0.04325375 0.02985781 0.04669738 0.43529412 0.89019608 0.96078431
v 0.04420714 0.02934711 0.04627711 0.43529412 0.89019608 0.96078431
v 0.04458645 0.02976874 0.04506973 0.43529412 0.89019608 0.96078431
v 0.04544757 0.02919271 0.04461741 0.43529412 0.89019608 0.96078431
v 0.04627794 0.02862263 0.04416153 0.43529412 0.89019608 0.96078431
v 0.04571411 0.02947775 0.04338154 0.43529412 0.89019608 0.96078431
v 0.04500676 0.03013097 0.04338154 0.43529412 0.89019608 0.96078431
v 0.04594989 0.02970935 0.04198184 0.43529412 0.89019608 0.96078431
v 0.04611392 0.02986375 0.04057858 0.43529412 0.89019608 0.96078431
v 0.04619592 0.02994689 0.03917888 0.43529412 0.89019608 0.96078431
v 0.04623693 0.02997658 0.03836327 0.43529412 0.89019608 0.96078431
v 0.04675976 0.02941837 0.03784685 0.43529412 0.89019608 0.96078431
v 0.04690328 0.02928179 0.03637947 0.43529412 0.89019608 0.96078431
v 0.04691353 0.02928179 0.03497621 0.43529412 0.89019608 0.96078431
v 0.04688277 0.02928179 0.02096138 0.43529412 0.89019608 0.96078431
v 0.04756962 0.02849792 0.01963648 0.43529412 0.89019608 0.96078431
v -0.04473456 0.03123552 0.01963648 0.43529412 0.89019608 0.96078431
v -0.04567769 0.03047540 0.01963648 0.43529412 0.89019608 0.96078431
v -0.04555468 0.03060605 0.02096138 0.43529412 0.89019608 0.96078431
v -0.04555468 0.03061199 0.02516761 0.43529412 0.89019608 0.96078431
v -0.04555468 0.03061199 0.03497621 0.43529412 0.89019608 0.96078431
v -0.04555468 0.03060605 0.03637947 0.43529412 0.89019608 0.96078431
v -0.04568794 0.03046352 0.03784328 0.43529412 0.89019608 0.96078431
v -0.04551367 0.03054073 0.03917888 0.43529412 0.89019608 0.96078431
v -0.04542141 0.03046946 0.04057858 0.43529412 0.89019608 0.96078431
v -0.04525738 0.03033288 0.04198184 0.43529412 0.89019608 0.96078431
v -0.04502160 0.03013097 0.04338154 0.43529412 0.89019608 0.96078431
v -0.04572895 0.02947775 0.04338154 0.43529412 0.89019608 0.96078431
v -0.04629278 0.02862263 0.04416153 0.43529412 0.89019608 0.96078431
v -0.04546241 0.02919865 0.04461741 0.43529412 0.89019608 0.96078431
v -0.04460129 0.02976874 0.04506973 0.43529412 0.89019608 0.96078431
v -0.04422199 0.02934711 0.04627711 0.43529412 0.89019608 0.96078431
v -0.04326860 0.02985781 0.04670094 0.43529412 0.89019608 0.96078431
v -0.04285854 0.02936492 0.04768750 0.43529412 0.89019608 0.96078431
v -0.04178214 0.02981030 0.04807927 0.43529412 0.89019608 0.96078431
v -0.04085951 0.02872358 0.04981376 0.43529412 0.89019608 0.96078431
v -0.03994713 0.02968560 0.04938281 0.43529412 0.89019608 0.96078431
v -0.03907575 0.02991125 0.04961431 0.43529412 0.89019608 0.96078431
v -0.04132082 0.02926991 0.04897323 0.43529412 0.89019608 0.96078431
v -0.03803010 0.02867013 0.05116004 0.43529412 0.89019608 0.96078431
v -0.03855293 0.02928773 0.05039430 0.43529412 0.89019608 0.96078431
v -0.03713823 0.02788033 0.05184386 0.43529412 0.89019608 0.96078431
v 0.00068968 0.01246428 0.05601804 0.43529412 0.89019608 0.96078431
v 0.00209413 0.01246428 0.05600379 0.43529412 0.89019608 0.96078431
v 0.03152608 0.02647887 0.05275563 0.43529412 0.89019608 0.96078431
v 0.03292028 0.02647887 0.05272713 0.43529412 0.89019608 0.96078431
v 0.03432473 0.02647887 0.05268084 0.43529412 0.89019608 0.96078431
v 0.03560617 0.02651450 0.05260248 0.43529412 0.89019608 0.96078431
v 0.03712338 0.02606318 0.05257042 0.43529412 0.89019608 0.96078431
v 0.03598547 0.02700738 0.05244221 0.43529412 0.89019608 0.96078431
v -0.00210897 0.01246428 0.05600379 0.43529412 0.89019608 0.96078431
v -0.00070452 0.01246428 0.05601804 0.43529412 0.89019608 0.96078431
v -0.03599006 0.02700738 0.05244221 0.43529412 0.89019608 0.96078431
v -0.03713823 0.02605725 0.05257042 0.43529412 0.89019608 0.96078431
v -0.03561076 0.02651450 0.05260248 0.43529412 0.89019608 0.96078431
v -0.03433957 0.02647887 0.05268084 0.43529412 0.89019608 0.96078431
v -0.03293512 0.02647887 0.05272713 0.43529412 0.89019608 0.96078431
v 0.03712338 0.02676391 0.05235673 0.43529412 0.89019608 0.96078431
v 0.03847657 0.02638979 0.05221070 0.43529412 0.89019608 0.96078431
v 0.03849708 0.02792784 0.05145209 0.43529412 0.89019608 0.96078431
v 0.03894814 0.02842666 0.05097840 0.43529412 0.89019608 0.96078431
v 0.03993228 0.02898487 0.05004883 0.43529412 0.89019608 0.96078431
v 0.04060888 0.02716178 0.05108168 0.43529412 0.89019608 0.96078431
v 0.04131623 0.02789814 0.05015924 0.43529412 0.89019608 0.96078431
v 0.04177754 0.02837915 0.04952171 0.43529412 0.89019608 0.96078431
v 0.04005530 0.02792784 0.05081457 0.43529412 0.89019608 0.96078431
v 0.04243364 0.02887798 0.04858501 0.43529412 0.89019608 0.96078431
v 0.04336652 0.02852168 0.04822529 0.43529412 0.89019608 0.96078431
v 0.04382784 0.02891955 0.04729216 0.43529412 0.89019608 0.96078431
v 0.04476072 0.02850386 0.04678998 0.43529412 0.89019608 0.96078431
v 0.04508877 0.02883641 0.04585328 0.43529412 0.89019608 0.96078431
v 0.04659573 0.02787439 0.04469221 0.43529412 0.89019608 0.96078431
v 0.04755937 0.02706083 0.04385167 0.43529412 0.89019608 0.96078431
v 0.04716981 0.02780313 0.04338511 0.43529412 0.89019608 0.96078431
v 0.04641121 0.02877702 0.04338154 0.43529412 0.89019608 0.96078431
v 0.04602165 0.02833758 0.04509467 0.43529412 0.89019608 0.96078431
v 0.04662649 0.02900862 0.04198184 0.43529412 0.89019608 0.96078431
v 0.04677001 0.02916302 0.04057858 0.43529412 0.89019608 0.96078431
v 0.04684177 0.02924616 0.03917888 0.43529412 0.89019608 0.96078431
v 0.04757988 0.02850386 0.03777918 0.43529412 0.89019608 0.96078431
v 0.04759013 0.02851574 0.03637947 0.43529412 0.89019608 0.96078431
v 0.04759013 0.02851574 0.02797058 0.43529412 0.89019608 0.96078431
v 0.04757988 0.02850980 0.02236465 0.43529412 0.89019608 0.96078431
v 0.04757988 0.02850386 0.02096138 0.43529412 0.89019608 0.96078431
v 0.04804119 0.02783282 0.01963648 0.43529412 0.89019608 0.96078431
v -0.04590323 0.03029131 0.01963648 0.43529412 0.89019608 0.96078431
v -0.04626203 0.02999440 0.01990360 0.43529412 0.89019608 0.96078431
v -0.04627228 0.03000033 0.02096138 0.43529412 0.89019608 0.96078431
v -0.04627228 0.03000627 0.02516761 0.43529412 0.89019608 0.96078431
v -0.04627228 0.03000627 0.03357651 0.43529412 0.89019608 0.96078431
v -0.04627228 0.03000033 0.03637947 0.43529412 0.89019608 0.96078431
v -0.04626203 0.02999440 0.03742658 0.43529412 0.89019608 0.96078431
v -0.04624153 0.02997658 0.03835615 0.43529412 0.89019608 0.96078431
v -0.04621077 0.02994689 0.03917888 0.43529412 0.89019608 0.96078431
v -0.04612876 0.02986375 0.04057858 0.43529412 0.89019608 0.96078431
v -0.04596474 0.02970935 0.04198184 0.43529412 0.89019608 0.96078431
v -0.04642605 0.02877702 0.04338154 0.43529412 0.89019608 0.96078431
v -0.04603650 0.02833758 0.04509823 0.43529412 0.89019608 0.96078431
v -0.04718466 0.02780313 0.04338511 0.43529412 0.89019608 0.96078431
v -0.04757422 0.02706083 0.04385523 0.43529412 0.89019608 0.96078431
v -0.04661058 0.02787439 0.04469221 0.43529412 0.89019608 0.96078431
v -0.04510361 0.02883641 0.04585328 0.43529412 0.89019608 0.96078431
v -0.04477557 0.02849792 0.04678998 0.43529412 0.89019608 0.96078431
v -0.04383243 0.02891955 0.04729216 0.43529412 0.89019608 0.96078431
v -0.04338137 0.02852168 0.04822529 0.43529412 0.89019608 0.96078431
v -0.04244848 0.02887798 0.04858858 0.43529412 0.89019608 0.96078431
v -0.04179239 0.02837915 0.04952171 0.43529412 0.89019608 0.96078431
v -0.04133107 0.02789814 0.05015924 0.43529412 0.89019608 0.96078431
v -0.04063398 0.02716772 0.05108525 0.43529412 0.89019608 0.96078431
v -0.04008039 0.02792784 0.05081457 0.43529412 0.89019608 0.96078431
v -0.03896298 0.02842666 0.05097840 0.43529412 0.89019608 0.96078431
v -0.03994713 0.02898487 0.05004883 0.43529412 0.89019608 0.96078431
v -0.03851192 0.02792784 0.05145209 0.43529412 0.89019608 0.96078431
v -0.03848117 0.02638979 0.05221070 0.43529412 0.89019608 0.96078431
v -0.03713823 0.02675797 0.05235673 0.43529412 0.89019608 0.96078431
v 0.00769143 0.00825991 0.05602160 0.43529412 0.89019608 0.96078431
v 0.00489278 0.01106282 0.05601804 0.43529412 0.89019608 0.96078431
v 0.00629723 0.01106282 0.05598242 0.43529412 0.89019608 0.96078431
v 0.00348833 0.01246428 0.05594324 0.43529412 0.89019608 0.96078431
v 0.03572918 0.02507741 0.05281617 0.43529412 0.89019608 0.96078431
v 0.03712338 0.02507741 0.05274494 0.43529412 0.89019608 0.96078431
v 0.03796400 0.02586128 0.05252056 0.43529412 0.89019608 0.96078431
v -0.00350317 0.01246428 0.05594324 0.43529412 0.89019608 0.96078431
v -0.00631207 0.01106282 0.05597886 0.43529412 0.89019608 0.96078431
v -0.00490762 0.01106282 0.05601804 0.43529412 0.89019608 0.96078431
v -0.03574403 0.02507741 0.05281617 0.43529412 0.89019608 0.96078431
v -0.03797885 0.02586128 0.05251700 0.43529412 0.89019608 0.96078431
v -0.03713823 0.02507741 0.05274138 0.43529412 0.89019608 0.96078431
v 0.03890714 0.02551685 0.05242440 0.43529412 0.89019608 0.96078431
v 0.04005530 0.02660951 0.05159099 0.43529412 0.89019608 0.96078431
v 0.03967600 0.02748839 0.05128826 0.43529412 0.89019608 0.96078431
v 0.04132648 0.02612257 0.05127401 0.43529412 0.89019608 0.96078431
v 0.04204408 0.02579002 0.05109593 0.43529412 0.89019608 0.96078431
v 0.04132648 0.02682330 0.05088224 0.43529412 0.89019608 0.96078431
v 0.04233113 0.02744682 0.04988499 0.43529412 0.89019608 0.96078431
v 0.04284370 0.02798128 0.04907295 0.43529412 0.89019608 0.96078431
v 0.04326401 0.02698957 0.04956089 0.43529412 0.89019608 0.96078431
v 0.04381759 0.02758341 0.04862419 0.43529412 0.89019608 0.96078431
v 0.04475047 0.02707865 0.04820393 0.43529412 0.89019608 0.96078431
v 0.04428915 0.02804067 0.04774804 0.43529412 0.89019608 0.96078431
v 0.04517078 0.02756559 0.04726723 0.43529412 0.89019608 0.96078431
v 0.04610366 0.02698957 0.04669381 0.43529412 0.89019608 0.96078431
v 0.04560134 0.02795159 0.04627355 0.43529412 0.89019608 0.96078431
v 0.04640096 0.02739932 0.04576068 0.43529412 0.89019608 0.96078431
v 0.04741585 0.02655013 0.04492371 0.43529412 0.89019608 0.96078431
v 0.04784641 0.02612850 0.04454974 0.43529412 0.89019608 0.96078431
v 0.04801044 0.02655013 0.04338511 0.43529412 0.89019608 0.96078431
v 0.04771314 0.02728649 0.04291854 0.43529412 0.89019608 0.96078431
v 0.04732359 0.02815943 0.04198184 0.43529412 0.89019608 0.96078431
v 0.04746711 0.02835540 0.04057858 0.43529412 0.89019608 0.96078431
v 0.04753887 0.02845635 0.03917888 0.43529412 0.89019608 0.96078431
v 0.04804119 0.02775563 0.03917888 0.43529412 0.89019608 0.96078431
v 0.04807194 0.02780313 0.03777918 0.43529412 0.89019608 0.96078431
v 0.04808220 0.02781501 0.03637947 0.43529412 0.89019608 0.96078431
v 0.04809245 0.02781501 0.02797058 0.43529412 0.89019608 0.96078431
v 0.04809245 0.02781501 0.02656732 0.43529412 0.89019608 0.96078431
v 0.04807194 0.02780313 0.02096138 0.43529412 0.89019608 0.96078431
v 0.04877929 0.02672234 0.02096138 0.43529412 0.89019608 0.96078431
v 0.04810270 0.02773781 0.01963648 0.43529412 0.89019608 0.96078431
v -0.04626203 0.02998846 0.01963648 0.43529412 0.89019608 0.96078431
v -0.04659007 0.02963215 0.01963648 0.43529412 0.89019608 0.96078431
v -0.04692838 0.02928179 0.02096138 0.43529412 0.89019608 0.96078431
v -0.04693862 0.02928179 0.02236465 0.43529412 0.89019608 0.96078431
v -0.04693862 0.02928179 0.02937028 0.43529412 0.89019608 0.96078431
v -0.04692838 0.02928179 0.03637947 0.43529412 0.89019608 0.96078431
v -0.04677460 0.02941837 0.03784328 0.43529412 0.89019608 0.96078431
v -0.04685661 0.02924616 0.03917888 0.43529412 0.89019608 0.96078431
v -0.04677460 0.02916302 0.04057858 0.43529412 0.89019608 0.96078431
v -0.04664133 0.02900862 0.04198184 0.43529412 0.89019608 0.96078431
v -0.04733843 0.02816537 0.04198184 0.43529412 0.89019608 0.96078431
v -0.04641580 0.02740526 0.04576068 0.43529412 0.89019608 0.96078431
v -0.04561618 0.02795159 0.04627355 0.43529412 0.89019608 0.96078431
v -0.04772799 0.02728649 0.04292210 0.43529412 0.89019608 0.96078431
v -0.04802528 0.02655013 0.04338511 0.43529412 0.89019608 0.96078431
v -0.04781000 0.02603943 0.04478481 0.43529412 0.89019608 0.96078431
v -0.04736919 0.02674016 0.04478481 0.43529412 0.89019608 0.96078431
v -0.04611851 0.02698957 0.04669738 0.43529412 0.89019608 0.96078431
v -0.04518562 0.02756559 0.04726723 0.43529412 0.89019608 0.96078431
v -0.04476531 0.02707865 0.04820393 0.43529412 0.89019608 0.96078431
v -0.04430400 0.02804067 0.04774804 0.43529412 0.89019608 0.96078431
v -0.04327885 0.02698957 0.04956089 0.43529412 0.89019608 0.96078431
v -0.04285854 0.02798128 0.04907295 0.43529412 0.89019608 0.96078431
v -0.04383243 0.02758341 0.04862419 0.43529412 0.89019608 0.96078431
v -0.04233572 0.02744682 0.04988855 0.43529412 0.89019608 0.96078431
v -0.04134132 0.02682330 0.05088224 0.43529412 0.89019608 0.96078431
v -0.04204868 0.02578408 0.05109593 0.43529412 0.89019608 0.96078431
v -0.04134132 0.02612257 0.05127401 0.43529412 0.89019608 0.96078431
v -0.04008039 0.02660951 0.05159099 0.43529412 0.89019608 0.96078431
v -0.03970109 0.02749433 0.05128826 0.43529412 0.89019608 0.96078431
v -0.03992662 0.02505960 0.05227481 0.43529412 0.89019608 0.96078431
v -0.03891173 0.02551685 0.05242440 0.43529412 0.89019608 0.96078431
v 0.00348833 -0.01135458 0.05601804 0.43529412 0.89019608 0.96078431
v 0.00629723 -0.00995312 0.05601804 0.43529412 0.89019608 0.96078431
v 0.01050033 -0.00574875 0.05601804 0.43529412 0.89019608 0.96078431
v 0.01190478 -0.00294583 0.05601804 0.43529412 0.89019608 0.96078431
v 0.01190478 0.00125855 0.05601804 0.43529412 0.89019608 0.96078431
v 0.00909588 0.00825991 0.05601804 0.43529412 0.89019608 0.96078431
v -0.00911072 0.00825991 0.05601804 0.43529412 0.89019608 0.96078431
v -0.01190937 0.00125855 0.05601804 0.43529412 0.89019608 0.96078431
v -0.01190937 -0.00294583 0.05601804 0.43529412 0.89019608 0.96078431
v -0.01051517 -0.00574875 0.05601804 0.43529412 0.89019608 0.96078431
v -0.00631207 -0.00995312 0.05601804 0.43529412 0.89019608 0.96078431
v -0.00350317 -0.01135458 0.05601804 0.43529412 0.89019608 0.96078431
v 0.00769143 0.00966136 0.05601447 0.43529412 0.89019608 0.96078431
v 0.03852783 0.02367595 0.05278412 0.43529412 0.89019608 0.96078431
v 0.03847657 0.02505960 0.05260248 0.43529412 0.89019608 0.96078431
v 0.03942996 0.02457859 0.05254193 0.43529412 0.89019608 0.96078431
v -0.00770627 0.00966136 0.05601447 0.43529412 0.89019608 0.96078431
v -0.03854268 0.02367595 0.05278412 0.43529412 0.89019608 0.96078431
v -0.03944481 0.02457859 0.05254193 0.43529412 0.89019608 0.96078431
v -0.03848117 0.02505960 0.05260248 0.43529412 0.89019608 0.96078431
v 0.04037309 0.02406789 0.05242440 0.43529412 0.89019608 0.96078431
v 0.03991178 0.02505960 0.05227481 0.43529412 0.89019608 0.96078431
v 0.04132648 0.02507741 0.05172633 0.43529412 0.89019608 0.96078431
v 0.04230037 0.02507741 0.05124908 0.43529412 0.89019608 0.96078431
v 0.04332552 0.02418665 0.05101758 0.43529412 0.89019608 0.96078431
v 0.04300772 0.02507741 0.05081457 0.43529412 0.89019608 0.96078431
v 0.04365356 0.02605725 0.04986006 0.43529412 0.89019608 0.96078431
v 0.04264892 0.02638979 0.05034088 0.43529412 0.89019608 0.96078431
v 0.04420714 0.02656794 0.04905158 0.43529412 0.89019608 0.96078431
v 0.04509902 0.02614038 0.04854584 0.43529412 0.89019608 0.96078431
v 0.04560134 0.02656794 0.04765900 0.43529412 0.89019608 0.96078431
v 0.04641121 0.02605725 0.04711764 0.43529412 0.89019608 0.96078431
v 0.04672900 0.02650856 0.04620944 0.43529412 0.89019608 0.96078431
v 0.04764138 0.02577814 0.04548288 0.43529412 0.89019608 0.96078431
v 0.04815396 0.02521399 0.04492371 0.43529412 0.89019608 0.96078431
v 0.04900483 0.02428167 0.04395496 0.43529412 0.89019608 0.96078431
v 0.04878954 0.02506554 0.04344565 0.43529412 0.89019608 0.96078431
v 0.04894332 0.02556436 0.04198184 0.43529412 0.89019608 0.96078431
v 0.04843074 0.02647887 0.04198184 0.43529412 0.89019608 0.96078431
v 0.04783616 0.02745870 0.04198184 0.43529412 0.89019608 0.96078431
v 0.04796943 0.02765467 0.04057858 0.43529412 0.89019608 0.96078431
v 0.04873829 0.02665108 0.03917888 0.43529412 0.89019608 0.96078431
v 0.04876905 0.02671047 0.03777918 0.43529412 0.89019608 0.96078431
v 0.04878954 0.02673422 0.03637947 0.43529412 0.89019608 0.96078431
v 0.04878954 0.02673422 0.02656732 0.43529412 0.89019608 0.96078431
v 0.04917910 0.02602161 0.02096138 0.43529412 0.89019608 0.96078431
v 0.04876905 0.02670453 0.01963648 0.43529412 0.89019608 0.96078431
v -0.04679510 0.02940649 0.01963648 0.43529412 0.89019608 0.96078431
v -0.04761522 0.02852761 0.02096138 0.43529412 0.89019608 0.96078431
v -0.04761522 0.02852761 0.02937028 0.43529412 0.89019608 0.96078431
v -0.04760497 0.02852168 0.03637947 0.43529412 0.89019608 0.96078431
v -0.04759472 0.02850386 0.03777918 0.43529412 0.89019608 0.96078431
v -0.04755371 0.02845635 0.03917888 0.43529412 0.89019608 0.96078431
v -0.04748195 0.02835540 0.04057858 0.43529412 0.89019608 0.96078431
v -0.04785100 0.02746464 0.04198184 0.43529412 0.89019608 0.96078431
v -0.04765623 0.02577814 0.04548644 0.43529412 0.89019608 0.96078431
v -0.04845584 0.02647887 0.04198184 0.43529412 0.89019608 0.96078431
v -0.04895816 0.02557030 0.04198184 0.43529412 0.89019608 0.96078431
v -0.04880439 0.02506554 0.04344565 0.43529412 0.89019608 0.96078431
v -0.04901967 0.02428167 0.04395496 0.43529412 0.89019608 0.96078431
v -0.04830207 0.02507741 0.04478481 0.43529412 0.89019608 0.96078431
v -0.04642605 0.02605725 0.04711764 0.43529412 0.89019608 0.96078431
v -0.04561618 0.02656794 0.04765900 0.43529412 0.89019608 0.96078431
v -0.04511386 0.02614038 0.04854584 0.43529412 0.89019608 0.96078431
v -0.04422199 0.02656794 0.04905158 0.43529412 0.89019608 0.96078431
v -0.04366841 0.02605725 0.04986006 0.43529412 0.89019608 0.96078431
v -0.04266376 0.02638979 0.05034088 0.43529412 0.89019608 0.96078431
v -0.04302256 0.02507741 0.05081457 0.43529412 0.89019608 0.96078431
v -0.04231521 0.02507741 0.05124908 0.43529412 0.89019608 0.96078431
v -0.04134132 0.02507741 0.05172633 0.43529412 0.89019608 0.96078431
v -0.04037769 0.02406789 0.05242440 0.43529412 0.89019608 0.96078431
v 0.00068968 -0.01275604 0.05598598 0.43529412 0.89019608 0.96078431
v 0.00489278 -0.01135458 0.05601447 0.43529412 0.89019608 0.96078431
v 0.00909588 -0.00855166 0.05600379 0.43529412 0.89019608 0.96078431
v 0.01190478 -0.00434729 0.05599667 0.43529412 0.89019608 0.96078431
v 0.04132648 -0.00574875 0.05282330 0.43529412 0.89019608 0.96078431
v 0.04273093 -0.00014291 0.05273070 0.43529412 0.89019608 0.96078431
v 0.04273093 0.00125855 0.05274138 0.43529412 0.89019608 0.96078431
v 0.04273093 0.00266001 0.05274494 0.43529412 0.89019608 0.96078431
v 0.01050033 0.00685845 0.05596817 0.43529412 0.89019608 0.96078431
v 0.04273093 0.00545699 0.05274494 0.43529412 0.89019608 0.96078431
v 0.04273093 0.00825991 0.05274138 0.43529412 0.89019608 0.96078431
v 0.04273093 0.01106282 0.05272001 0.43529412 0.89019608 0.96078431
v 0.03993228 0.02087304 0.05282686 0.43529412 0.89019608 0.96078431
v 0.03993228 0.02227450 0.05275563 0.43529412 0.89019608 0.96078431
v -0.01051517 0.00685845 0.05596105 0.43529412 0.89019608 0.96078431
v -0.03994713 0.02227450 0.05275563 0.43529412 0.89019608 0.96078431
v -0.03994713 0.02087304 0.05282686 0.43529412 0.89019608 0.96078431
v -0.04274577 0.01106282 0.05272713 0.43529412 0.89019608 0.96078431
v -0.04274577 0.00825991 0.05274138 0.43529412 0.89019608 0.96078431
v -0.04274577 0.00545699 0.05274494 0.43529412 0.89019608 0.96078431
v -0.01190937 -0.00434729 0.05599311 0.43529412 0.89019608 0.96078431
v -0.04274577 0.00406147 0.05274494 0.43529412 0.89019608 0.96078431
v -0.04274577 0.00266001 0.05274138 0.43529412 0.89019608 0.96078431
v -0.04274577 -0.00014291 0.05272713 0.43529412 0.89019608 0.96078431
v -0.04134132 -0.00574875 0.05281974 0.43529412 0.89019608 0.96078431
v -0.01051517 -0.00715020 0.05597886 0.43529412 0.89019608 0.96078431
v -0.00911072 -0.00855166 0.05600379 0.43529412 0.89019608 0.96078431
v -0.00490762 -0.01135458 0.05601447 0.43529412 0.89019608 0.96078431
v -0.00070452 -0.01275604 0.05598598 0.43529412 0.89019608 0.96078431
v 0.03991178 0.02363438 0.05260604 0.43529412 0.89019608 0.96078431
v 0.04074215 0.02313556 0.05252413 0.43529412 0.89019608 0.96078431
v -0.03992662 0.02362844 0.05260604 0.43529412 0.89019608 0.96078431
v -0.04074674 0.02313556 0.05252413 0.43529412 0.89019608 0.96078431
v 0.04125472 0.02363438 0.05222139 0.43529412 0.89019608 0.96078431
v 0.04280269 0.02369971 0.05148058 0.43529412 0.89019608 0.96078431
v 0.04358180 0.02325433 0.05118853 0.43529412 0.89019608 0.96078431
v 0.04408412 0.02369971 0.05066142 0.43529412 0.89019608 0.96078431
v 0.04489399 0.02447169 0.04973897 0.43529412 0.89019608 0.96078431
v 0.04412513 0.02499427 0.05005595 0.43529412 0.89019608 0.96078431
v 0.04458645 0.02540402 0.04947897 0.43529412 0.89019608 0.96078431
v 0.04545782 0.02494677 0.04891624 0.43529412 0.89019608 0.96078431
v 0.04603190 0.02542777 0.04805434 0.43529412 0.89019608 0.96078431
v 0.04663674 0.02500615 0.04758777 0.43529412 0.89019608 0.96078431
v 0.04760037 0.02429355 0.04683272 0.43529412 0.89019608 0.96078431
v 0.04744660 0.02521399 0.04629492 0.43529412 0.89019608 0.96078431
v 0.04786692 0.02484582 0.04589602 0.43529412 0.89019608 0.96078431
v 0.04884081 0.02375909 0.04485248 0.43529412 0.89019608 0.96078431
v 0.04917910 0.02334340 0.04443221 0.43529412 0.89019608 0.96078431
v 0.04987620 0.02227450 0.04338154 0.43529412 0.89019608 0.96078431
v 0.04934313 0.02375909 0.04344565 0.43529412 0.89019608 0.96078431
v 0.04913810 0.02459046 0.04302182 0.43529412 0.89019608 0.96078431
v 0.04902533 0.02575439 0.04118761 0.43529412 0.89019608 0.96078431
v 0.04926111 0.02486363 0.04198184 0.43529412 0.89019608 0.96078431
v 0.04873829 0.02638979 0.04066405 0.43529412 0.89019608 0.96078431
v 0.04908684 0.02586721 0.04025091 0.43529412 0.89019608 0.96078431
v 0.04913810 0.02595035 0.03917888 0.43529412 0.89019608 0.96078431
v 0.04916885 0.02600974 0.03777918 0.43529412 0.89019608 0.96078431
v 0.04917910 0.02603349 0.03637947 0.43529412 0.89019608 0.96078431
v 0.04917910 0.02603349 0.02376435 0.43529412 0.89019608 0.96078431
v 0.04961991 0.02507741 0.02096138 0.43529412 0.89019608 0.96078431
v 0.04916885 0.02600380 0.01963648 0.43529412 0.89019608 0.96078431
v -0.04756396 0.02855136 0.01963648 0.43529412 0.89019608 0.96078431
v -0.04762547 0.02847417 0.01963648 0.43529412 0.89019608 0.96078431
v -0.04810729 0.02782688 0.02096138 0.43529412 0.89019608 0.96078431
v -0.04810729 0.02782688 0.03077354 0.43529412 0.89019608 0.96078431
v -0.04809704 0.02782094 0.03637947 0.43529412 0.89019608 0.96078431
v -0.04808679 0.02780313 0.03777918 0.43529412 0.89019608 0.96078431
v -0.04805603 0.02775563 0.03917888 0.43529412 0.89019608 0.96078431
v -0.04798427 0.02765467 0.04057858 0.43529412 0.89019608 0.96078431
v -0.04875313 0.02638979 0.04066405 0.43529412 0.89019608 0.96078431
v -0.04783050 0.02507741 0.04579274 0.43529412 0.89019608 0.96078431
v -0.04761522 0.02429355 0.04682916 0.43529412 0.89019608 0.96078431
v -0.04741019 0.02507741 0.04649437 0.43529412 0.89019608 0.96078431
v -0.04904017 0.02575439 0.04118761 0.43529412 0.89019608 0.96078431
v -0.04927596 0.02486956 0.04198184 0.43529412 0.89019608 0.96078431
v -0.04915294 0.02459046 0.04302182 0.43529412 0.89019608 0.96078431
v -0.04885565 0.02375909 0.04485248 0.43529412 0.89019608 0.96078431
v -0.04935797 0.02375909 0.04344565 0.43529412 0.89019608 0.96078431
v -0.04989105 0.02227450 0.04338154 0.43529412 0.89019608 0.96078431
v -0.04919395 0.02334934 0.04443221 0.43529412 0.89019608 0.96078431
v -0.04604675 0.02542777 0.04805078 0.43529412 0.89019608 0.96078431
v -0.04665158 0.02500615 0.04758421 0.43529412 0.89019608 0.96078431
v -0.04547266 0.02495271 0.04891624 0.43529412 0.89019608 0.96078431
v -0.04460129 0.02540996 0.04947897 0.43529412 0.89019608 0.96078431
v -0.04490884 0.02447763 0.04973897 0.43529412 0.89019608 0.96078431
v -0.04413997 0.02499427 0.05005951 0.43529412 0.89019608 0.96078431
v -0.04334036 0.02418665 0.05101758 0.43529412 0.89019608 0.96078431
v -0.04281754 0.02369971 0.05148058 0.43529412 0.89019608 0.96078431
v -0.04126956 0.02362844 0.05222139 0.43529412 0.89019608 0.96078431
v 0.00068968 -0.01383683 0.05562626 0.43529412 0.89019608 0.96078431
v 0.00209413 -0.01275604 0.05595037 0.43529412 0.89019608 0.96078431
v 0.00629723 -0.01135458 0.05592900 0.43529412 0.89019608 0.96078431
v 0.00769143 -0.00995312 0.05599311 0.43529412 0.89019608 0.96078431
v 0.01050033 -0.00715020 0.05597886 0.43529412 0.89019608 0.96078431
v 0.03852783 -0.01275604 0.05278056 0.43529412 0.89019608 0.96078431
v 0.03993228 -0.01135458 0.05274851 0.43529412 0.89019608 0.96078431
v 0.03993228 -0.00995312 0.05282330 0.43529412 0.89019608 0.96078431
v 0.04132648 -0.00715020 0.05278768 0.43529412 0.89019608 0.96078431
v 0.04260791 -0.00574875 0.05263453 0.43529412 0.89019608 0.96078431
v 0.04273093 -0.00294583 0.05268439 0.43529412 0.89019608 0.96078431
v 0.04273093 -0.00154437 0.05270933 0.43529412 0.89019608 0.96078431
v 0.04357155 -0.00154437 0.05254193 0.43529412 0.89019608 0.96078431
v 0.04360231 -0.00014291 0.05255262 0.43529412 0.89019608 0.96078431
v 0.04362281 0.00125855 0.05255974 0.43529412 0.89019608 0.96078431
v 0.04364331 0.00266001 0.05255974 0.43529412 0.89019608 0.96078431
v 0.04364331 0.00685845 0.05255974 0.43529412 0.89019608 0.96078431
v 0.04363306 0.00825991 0.05255618 0.43529412 0.89019608 0.96078431
v 0.04358180 0.01106282 0.05254549 0.43529412 0.89019608 0.96078431
v 0.04353054 0.01193576 0.05252769 0.43529412 0.89019608 0.96078431
v 0.04212609 0.02043359 0.05252413 0.43529412 0.89019608 0.96078431
v 0.04140849 0.02089085 0.05262741 0.43529412 0.89019608 0.96078431
v 0.04098818 0.02227450 0.05258111 0.43529412 0.89019608 0.96078431
v -0.04099278 0.02227450 0.05258111 0.43529412 0.89019608 0.96078431
v -0.04142334 0.02089085 0.05262741 0.43529412 0.89019608 0.96078431
v -0.04214094 0.02043359 0.05252413 0.43529412 0.89019608 0.96078431
v -0.04360690 0.01106282 0.05254906 0.43529412 0.89019608 0.96078431
v -0.04364790 0.00825991 0.05255618 0.43529412 0.89019608 0.96078431
v -0.04366841 0.00545699 0.05256330 0.43529412 0.89019608 0.96078431
v -0.04134132 -0.00715020 0.05278768 0.43529412 0.89019608 0.96078431
v -0.03994713 -0.00995312 0.05282330 0.43529412 0.89019608 0.96078431
v -0.04366841 0.00406147 0.05256330 0.43529412 0.89019608 0.96078431
v -0.04365816 0.00266001 0.05256330 0.43529412 0.89019608 0.96078431
v -0.04364790 0.00125855 0.05255974 0.43529412 0.89019608 0.96078431
v -0.04361715 -0.00014291 0.05255262 0.43529412 0.89019608 0.96078431
v -0.04274577 -0.00154437 0.05270933 0.43529412 0.89019608 0.96078431
v -0.04274577 -0.00294583 0.05268439 0.43529412 0.89019608 0.96078431
v -0.03994713 -0.01135458 0.05274494 0.43529412 0.89019608 0.96078431
v -0.03854268 -0.01275604 0.05277700 0.43529412 0.89019608 0.96078431
v -0.00770627 -0.00995312 0.05599311 0.43529412 0.89019608 0.96078431
v -0.00631207 -0.01135458 0.05592543 0.43529412 0.89019608 0.96078431
v -0.00210897 -0.01275604 0.05595037 0.43529412 0.89019608 0.96078431
v -0.00070452 -0.01383683 0.05562626 0.43529412 0.89019608 0.96078431
v 0.04193132 0.02136592 0.05246714 0.43529412 0.89019608 0.96078431
v 0.04168528 0.02227450 0.05238166 0.43529412 0.89019608 0.96078431
v -0.04170012 0.02227450 0.05238166 0.43529412 0.89019608 0.96078431
v -0.04194616 0.02136592 0.05246714 0.43529412 0.89019608 0.96078431
v 0.04273093 0.02227450 0.05192934 0.43529412 0.89019608 0.96078431
v 0.04381759 0.02227450 0.05133812 0.43529412 0.89019608 0.96078431
v 0.04451469 0.02227450 0.05086443 0.43529412 0.89019608 0.96078431
v 0.04508877 0.02367595 0.04990636 0.43529412 0.89019608 0.96078431
v 0.04579612 0.02367595 0.04925815 0.43529412 0.89019608 0.96078431
v 0.04629844 0.02448951 0.04835707 0.43529412 0.89019608 0.96078431
v 0.04779516 0.02336122 0.04710696 0.43529412 0.89019608 0.96078431
v 0.04812320 0.02376503 0.04629492 0.43529412 0.89019608 0.96078431
v 0.04726208 0.02376503 0.04758065 0.43529412 0.89019608 0.96078431
v 0.04898433 0.02282083 0.04536535 0.43529412 0.89019608 0.96078431
v 0.04935338 0.02232200 0.04485248 0.43529412 0.89019608 0.96078431
v 0.04974293 0.02367595 0.04198184 0.43529412 0.89019608 0.96078431
v 0.04980444 0.02087304 0.04478481 0.43529412 0.89019608 0.96078431
v 0.05026576 0.02089085 0.04339223 0.43529412 0.89019608 0.96078431
v 0.05038878 0.02136592 0.04243060 0.43529412 0.89019608 0.96078431
v 0.05023500 0.02222699 0.04197116 0.43529412 0.89019608 0.96078431
v 0.04934313 0.02520211 0.04066405 0.43529412 0.89019608 0.96078431
v 0.04998897 0.02367595 0.04057858 0.43529412 0.89019608 0.96078431
v 0.04954815 0.02507741 0.03917888 0.43529412 0.89019608 0.96078431
v 0.04960966 0.02507741 0.03777918 0.43529412 0.89019608 0.96078431
v 0.04963017 0.02507741 0.03637947 0.43529412 0.89019608 0.96078431
v 0.04963017 0.02507741 0.02937028 0.43529412 0.89019608 0.96078431
v 0.04958916 0.02507741 0.01963648 0.43529412 0.89019608 0.96078431
v 0.05018375 0.02368783 0.02236465 0.43529412 0.89019608 0.96078431
v 0.05017350 0.02369377 0.02096138 0.43529412 0.89019608 0.96078431
v 0.05045028 0.02298710 0.02014222 0.43529412 0.89019608 0.96078431
v 0.05021450 0.02354531 0.01963648 0.43529412 0.89019608 0.96078431
v -0.04808679 0.02780907 0.01963648 0.43529412 0.89019608 0.96078431
v -0.04880439 0.02674610 0.02096138 0.43529412 0.89019608 0.96078431
v -0.04880439 0.02674610 0.02937028 0.43529412 0.89019608 0.96078431
v -0.04880439 0.02674016 0.03497621 0.43529412 0.89019608 0.96078431
v -0.04880439 0.02673422 0.03637947 0.43529412 0.89019608 0.96078431
v -0.04879414 0.02671641 0.03777918 0.43529412 0.89019608 0.96078431
v -0.04875313 0.02665108 0.03917888 0.43529412 0.89019608 0.96078431
v -0.04910168 0.02586721 0.04025447 0.43529412 0.89019608 0.96078431
v -0.04899917 0.02282083 0.04536535 0.43529412 0.89019608 0.96078431
v -0.04812779 0.02376503 0.04629136 0.43529412 0.89019608 0.96078431
v -0.04781000 0.02336122 0.04710696 0.43529412 0.89019608 0.96078431
v -0.04726667 0.02376503 0.04758065 0.43529412 0.89019608 0.96078431
v -0.04631329 0.02448951 0.04835707 0.43529412 0.89019608 0.96078431
v -0.04935797 0.02520211 0.04066405 0.43529412 0.89019608 0.96078431
v -0.04999356 0.02367595 0.04057858 0.43529412 0.89019608 0.96078431
v -0.04975778 0.02367595 0.04198184 0.43529412 0.89019608 0.96078431
v -0.04980904 0.02087304 0.04478481 0.43529412 0.89019608 0.96078431
v -0.04936822 0.02232200 0.04485248 0.43529412 0.89019608 0.96078431
v -0.05024985 0.02222699 0.04197116 0.43529412 0.89019608 0.96078431
v -0.05040362 0.02137186 0.04243060 0.43529412 0.89019608 0.96078431
v -0.05028060 0.02089085 0.04339223 0.43529412 0.89019608 0.96078431
v -0.04581096 0.02367595 0.04925815 0.43529412 0.89019608 0.96078431
v -0.04510361 0.02367595 0.04990992 0.43529412 0.89019608 0.96078431
v -0.04409897 0.02369971 0.05066142 0.43529412 0.89019608 0.96078431
v -0.04359665 0.02325433 0.05118853 0.43529412 0.89019608 0.96078431
v -0.04274577 0.02227450 0.05192934 0.43529412 0.89019608 0.96078431
v 0.01610788 -0.01930608 0.05128826 0.43529412 0.89019608 0.96078431
v 0.02031098 -0.01930608 0.05128469 0.43529412 0.89019608 0.96078431
v 0.02451408 -0.01929420 0.05127401 0.43529412 0.89019608 0.96078431
v 0.02591853 -0.01928232 0.05127045 0.43529412 0.89019608 0.96078431
v 0.02871718 -0.01925857 0.05124908 0.43529412 0.89019608 0.96078431
v 0.03012163 -0.01922888 0.05123127 0.43529412 0.89019608 0.96078431
v 0.03012163 -0.01836187 0.05178332 0.43529412 0.89019608 0.96078431
v 0.03152608 -0.01836187 0.05172277 0.43529412 0.89019608 0.96078431
v 0.00209413 -0.01377150 0.05559065 0.43529412 0.89019608 0.96078431
v 0.03503208 -0.01625969 0.05249207 0.43529412 0.89019608 0.96078431
v 0.00348833 -0.01275604 0.05585064 0.43529412 0.89019608 0.96078431
v 0.03558566 -0.01559459 0.05259892 0.43529412 0.89019608 0.96078431
v 0.03712338 -0.01513733 0.05256686 0.43529412 0.89019608 0.96078431
v 0.03712338 -0.01415750 0.05273782 0.43529412 0.89019608 0.96078431
v 0.03845607 -0.01413374 0.05259892 0.43529412 0.89019608 0.96078431
v 0.03942996 -0.01365273 0.05253837 0.43529412 0.89019608 0.96078431
v 0.03991178 -0.01270259 0.05260248 0.43529412 0.89019608 0.96078431
v 0.04073189 -0.01220377 0.05252413 0.43529412 0.89019608 0.96078431
v 0.04095743 -0.01135458 0.05257755 0.43529412 0.89019608 0.96078431
v 0.04138799 -0.00994124 0.05262385 0.43529412 0.89019608 0.96078431
v 0.04132648 -0.00855166 0.05273070 0.43529412 0.89019608 0.96078431
v 0.04242339 -0.00715020 0.05260248 0.43529412 0.89019608 0.96078431
v 0.04340753 -0.00490550 0.05248495 0.43529412 0.89019608 0.96078431
v 0.04346904 -0.00397317 0.05250632 0.43529412 0.89019608 0.96078431
v 0.04285395 -0.00440073 0.05262741 0.43529412 0.89019608 0.96078431
v 0.04352030 -0.00294583 0.05252413 0.43529412 0.89019608 0.96078431
v 0.04430966 -0.00014291 0.05228906 0.43529412 0.89019608 0.96078431
v 0.04433016 0.00125855 0.05230331 0.43529412 0.89019608 0.96078431
v 0.04434041 0.00266001 0.05231399 0.43529412 0.89019608 0.96078431
v 0.04435066 0.00406147 0.05232112 0.43529412 0.89019608 0.96078431
v 0.04435066 0.00545699 0.05232468 0.43529412 0.89019608 0.96078431
v 0.04434041 0.00685845 0.05232112 0.43529412 0.89019608 0.96078431
v 0.04433016 0.00825991 0.05231399 0.43529412 0.89019608 0.96078431
v 0.04430966 0.00966136 0.05230331 0.43529412 0.89019608 0.96078431
v 0.04428915 0.01106282 0.05228550 0.43529412 0.89019608 0.96078431
v 0.04264892 0.02089085 0.05224988 0.43529412 0.89019608 0.96078431
v -0.04266376 0.02089085 0.05224988 0.43529412 0.89019608 0.96078431
v -0.04430400 0.01106282 0.05228194 0.43529412 0.89019608 0.96078431
v -0.04354539 0.01192389 0.05252769 0.43529412 0.89019608 0.96078431
v -0.04433475 0.00966136 0.05229974 0.43529412 0.89019608 0.96078431
v -0.04434501 0.00825991 0.05231043 0.43529412 0.89019608 0.96078431
v -0.04435525 0.00685845 0.05231755 0.43529412 0.89019608 0.96078431
v -0.04436551 0.00545699 0.05232112 0.43529412 0.89019608 0.96078431
v -0.04134132 -0.00855166 0.05273070 0.43529412 0.89019608 0.96078431
v -0.04261251 -0.00574875 0.05263453 0.43529412 0.89019608 0.96078431
v -0.04436551 0.00406147 0.05232112 0.43529412 0.89019608 0.96078431
v -0.04435525 0.00266001 0.05231399 0.43529412 0.89019608 0.96078431
v -0.04434501 0.00125855 0.05230331 0.43529412 0.89019608 0.96078431
v -0.04357614 -0.00154437 0.05253837 0.43529412 0.89019608 0.96078431
v -0.04431425 -0.00014291 0.05228550 0.43529412 0.89019608 0.96078431
v -0.04352489 -0.00294583 0.05252056 0.43529412 0.89019608 0.96078431
v -0.04348388 -0.00393754 0.05250632 0.43529412 0.89019608 0.96078431
v -0.04286879 -0.00438292 0.05262385 0.43529412 0.89019608 0.96078431
v -0.04140283 -0.00993531 0.05262385 0.43529412 0.89019608 0.96078431
v -0.04096202 -0.01135458 0.05257399 0.43529412 0.89019608 0.96078431
v -0.04073649 -0.01219783 0.05252056 0.43529412 0.89019608 0.96078431
v -0.03991637 -0.01270259 0.05259892 0.43529412 0.89019608 0.96078431
v -0.03943455 -0.01364680 0.05253837 0.43529412 0.89019608 0.96078431
v -0.03847092 -0.01413374 0.05259892 0.43529412 0.89019608 0.96078431
v -0.03713823 -0.01415750 0.05273782 0.43529412 0.89019608 0.96078431
v -0.00350317 -0.01275604 0.05584708 0.43529412 0.89019608 0.96078431
v -0.03713823 -0.01513139 0.05256686 0.43529412 0.89019608 0.96078431
v -0.03560051 -0.01559459 0.05259892 0.43529412 0.89019608 0.96078431
v -0.03504693 -0.01625969 0.05249207 0.43529412 0.89019608 0.96078431
v -0.00210897 -0.01377150 0.05559065 0.43529412 0.89019608 0.96078431
v -0.03153067 -0.01836187 0.05172277 0.43529412 0.89019608 0.96078431
v -0.03013648 -0.01836187 0.05178332 0.43529412 0.89019608 0.96078431
v -0.03013648 -0.01922888 0.05123127 0.43529412 0.89019608 0.96078431
v -0.02873203 -0.01925857 0.05124908 0.43529412 0.89019608 0.96078431
v -0.02593337 -0.01928232 0.05127045 0.43529412 0.89019608 0.96078431
v -0.02452892 -0.01929420 0.05127401 0.43529412 0.89019608 0.96078431
v -0.02032582 -0.01930608 0.05128469 0.43529412 0.89019608 0.96078431
v -0.01612272 -0.01930608 0.05128826 0.43529412 0.89019608 0.96078431
v 0.04420714 0.02083740 0.05144853 0.43529412 0.89019608 0.96078431
v 0.04472997 0.02127684 0.05101402 0.43529412 0.89019608 0.96078431
v 0.04557059 0.02213791 0.05007020 0.43529412 0.89019608 0.96078431
v 0.04605240 0.02251203 0.04951459 0.43529412 0.89019608 0.96078431
v 0.04649322 0.02367595 0.04855652 0.43529412 0.89019608 0.96078431
v 0.04747736 0.02227450 0.04807927 0.43529412 0.89019608 0.96078431
v 0.04798993 0.02227450 0.04737764 0.43529412 0.89019608 0.96078431
v 0.04872804 0.02232200 0.04615958 0.43529412 0.89019608 0.96078431
v 0.04913810 0.02188850 0.04567876 0.43529412 0.89019608 0.96078431
v 0.05049129 0.02172816 0.04149747 0.43529412 0.89019608 0.96078431
v 0.04928162 0.02087304 0.04594588 0.43529412 0.89019608 0.96078431
v 0.05055280 0.01213767 0.04570726 0.43529412 0.89019608 0.96078431
v 0.05105512 0.01106282 0.04478481 0.43529412 0.89019608 0.96078431
v 0.05051179 0.02043359 0.04293278 0.43529412 0.89019608 0.96078431
v 0.05060406 0.02089085 0.04197116 0.43529412 0.89019608 0.96078431
v 0.05011198 0.02367595 0.03917888 0.43529412 0.89019608 0.96078431
v 0.05033752 0.02264861 0.04057858 0.43529412 0.89019608 0.96078431
v 0.05040928 0.02285645 0.03917888 0.43529412 0.89019608 0.96078431
v 0.05022475 0.02353343 0.03765096 0.43529412 0.89019608 0.96078431
v 0.05019400 0.02368189 0.03637947 0.43529412 0.89019608 0.96078431
v 0.05019400 0.02368189 0.03497621 0.43529412 0.89019608 0.96078431
v 0.05045028 0.02299304 0.02096138 0.43529412 0.89019608 0.96078431
v 0.05064506 0.02227450 0.02096138 0.43529412 0.89019608 0.96078431
v 0.05100386 0.02087304 0.01963648 0.43529412 0.89019608 0.96078431
v 0.05060406 0.02237545 0.01963648 0.43529412 0.89019608 0.96078431
v -0.04875313 0.02677579 0.01963648 0.43529412 0.89019608 0.96078431
v -0.04881464 0.02667484 0.01963648 0.43529412 0.89019608 0.96078431
v -0.04918369 0.02601568 0.01963648 0.43529412 0.89019608 0.96078431
v -0.04919395 0.02604537 0.02096138 0.43529412 0.89019608 0.96078431
v -0.04919395 0.02604537 0.02937028 0.43529412 0.89019608 0.96078431
v -0.04919395 0.02603943 0.03497621 0.43529412 0.89019608 0.96078431
v -0.04919395 0.02603349 0.03637947 0.43529412 0.89019608 0.96078431
v -0.04918369 0.02601568 0.03777918 0.43529412 0.89019608 0.96078431
v -0.04914269 0.02595035 0.03917888 0.43529412 0.89019608 0.96078431
v -0.04955275 0.02507741 0.03917888 0.43529412 0.89019608 0.96078431
v -0.04874288 0.02232200 0.04615958 0.43529412 0.89019608 0.96078431
v -0.04915294 0.02188256 0.04567876 0.43529412 0.89019608 0.96078431
v -0.04800478 0.02227450 0.04737764 0.43529412 0.89019608 0.96078431
v -0.04749220 0.02227450 0.04807927 0.43529412 0.89019608 0.96078431
v -0.04649781 0.02367595 0.04855652 0.43529412 0.89019608 0.96078431
v -0.05012683 0.02367595 0.03917888 0.43529412 0.89019608 0.96078431
v -0.05041387 0.02285051 0.03917888 0.43529412 0.89019608 0.96078431
v -0.05035236 0.02264267 0.04057858 0.43529412 0.89019608 0.96078431
v -0.04929646 0.02087304 0.04594588 0.43529412 0.89019608 0.96078431
v -0.05052664 0.02043359 0.04293278 0.43529412 0.89019608 0.96078431
v -0.05106997 0.01106282 0.04478481 0.43529412 0.89019608 0.96078431
v -0.05056764 0.01213767 0.04571082 0.43529412 0.89019608 0.96078431
v -0.05049588 0.02172816 0.04149747 0.43529412 0.89019608 0.96078431
v -0.05061890 0.02089085 0.04197116 0.43529412 0.89019608 0.96078431
v -0.04606725 0.02251203 0.04951459 0.43529412 0.89019608 0.96078431
v -0.04452953 0.02227450 0.05086799 0.43529412 0.89019608 0.96078431
v -0.04558543 0.02213791 0.05007020 0.43529412 0.89019608 0.96078431
v -0.04383243 0.02227450 0.05133812 0.43529412 0.89019608 0.96078431
v -0.04422199 0.02083146 0.05144853 0.43529412 0.89019608 0.96078431
v 0.01610788 -0.02000681 0.05063292 0.43529412 0.89019608 0.96078431
v 0.01890653 -0.02000681 0.05062936 0.43529412 0.89019608 0.96078431
v 0.02031098 -0.02000681 0.05062580 0.43529412 0.89019608 0.96078431
v 0.02451408 -0.01999493 0.05061512 0.43529412 0.89019608 0.96078431
v 0.02591853 -0.01998305 0.05060443 0.43529412 0.89019608 0.96078431
v 0.02731273 -0.01997118 0.05059018 0.43529412 0.89019608 0.96078431
v 0.02871718 -0.01995930 0.05056882 0.43529412 0.89019608 0.96078431
v 0.03012163 -0.01992961 0.05053320 0.43529412 0.89019608 0.96078431
v 0.03152608 -0.01918137 0.05119210 0.43529412 0.89019608 0.96078431
v 0.03292028 -0.01836187 0.05162661 0.43529412 0.89019608 0.96078431
v 0.03292028 -0.01712669 0.05228194 0.43529412 0.89019608 0.96078431
v 0.03152608 -0.01719795 0.05232468 0.43529412 0.89019608 0.96078431
v 0.03432473 -0.01701980 0.05222139 0.43529412 0.89019608 0.96078431
v 0.03558566 -0.01682383 0.05216797 0.43529412 0.89019608 0.96078431
v 0.03596497 -0.01608747 0.05244221 0.43529412 0.89019608 0.96078431
v 0.03795375 -0.01493543 0.05251700 0.43529412 0.89019608 0.96078431
v 0.03888663 -0.01458506 0.05242084 0.43529412 0.89019608 0.96078431
v 0.03991178 -0.01413374 0.05226769 0.43529412 0.89019608 0.96078431
v 0.04036284 -0.01313610 0.05242440 0.43529412 0.89019608 0.96078431
v 0.04125472 -0.01270259 0.05221783 0.43529412 0.89019608 0.96078431
v 0.04165453 -0.01135458 0.05237454 0.43529412 0.89019608 0.96078431
v 0.04190056 -0.01040444 0.05246002 0.43529412 0.89019608 0.96078431
v 0.04211585 -0.00947211 0.05252056 0.43529412 0.89019608 0.96078431
v 0.04224911 -0.00855166 0.05255974 0.43529412 0.89019608 0.96078431
v 0.04330501 -0.00574875 0.05245645 0.43529412 0.89019608 0.96078431
v 0.04413538 -0.00574875 0.05208605 0.43529412 0.89019608 0.96078431
v 0.04401236 -0.00440073 0.05224276 0.43529412 0.89019608 0.96078431
v 0.04421739 -0.00294583 0.05223208 0.43529412 0.89019608 0.96078431
v 0.04426865 -0.00154437 0.05226413 0.43529412 0.89019608 0.96078431
v 0.04553983 -0.00014291 0.05163373 0.43529412 0.89019608 0.96078431
v 0.04553983 0.00125855 0.05167291 0.43529412 0.89019608 0.96078431
v 0.04553983 0.00266001 0.05170140 0.43529412 0.89019608 0.96078431
v 0.04553983 0.00406147 0.05171921 0.43529412 0.89019608 0.96078431
v 0.04553983 0.00545699 0.05172277 0.43529412 0.89019608 0.96078431
v 0.04553983 0.00685845 0.05171921 0.43529412 0.89019608 0.96078431
v 0.04553983 0.00825991 0.05170496 0.43529412 0.89019608 0.96078431
v 0.04553983 0.00966136 0.05167647 0.43529412 0.89019608 0.96078431
v 0.04553983 0.01106282 0.05163373 0.43529412 0.89019608 0.96078431
v -0.04555468 0.01106282 0.05163373 0.43529412 0.89019608 0.96078431
v -0.04555468 0.00966136 0.05167291 0.43529412 0.89019608 0.96078431
v -0.04555468 0.00825991 0.05169784 0.43529412 0.89019608 0.96078431
v -0.04555468 0.00685845 0.05171565 0.43529412 0.89019608 0.96078431
v -0.04555468 0.00545699 0.05172277 0.43529412 0.89019608 0.96078431
v -0.04242798 -0.00715020 0.05260248 0.43529412 0.89019608 0.96078431
v -0.04225371 -0.00855166 0.05255618 0.43529412 0.89019608 0.96078431
v -0.04212044 -0.00946024 0.05252056 0.43529412 0.89019608 0.96078431
v -0.04341212 -0.00486986 0.05248495 0.43529412 0.89019608 0.96078431
v -0.04555468 0.00406147 0.05171921 0.43529412 0.89019608 0.96078431
v -0.04555468 0.00266001 0.05170140 0.43529412 0.89019608 0.96078431
v -0.04555468 0.00125855 0.05167647 0.43529412 0.89019608 0.96078431
v -0.04555468 -0.00014291 0.05163017 0.43529412 0.89019608 0.96078431
v -0.04427324 -0.00154437 0.05225701 0.43529412 0.89019608 0.96078431
v -0.04422199 -0.00294583 0.05222495 0.43529412 0.89019608 0.96078431
v -0.04402721 -0.00438292 0.05223920 0.43529412 0.89019608 0.96078431
v -0.04190516 -0.01039256 0.05245645 0.43529412 0.89019608 0.96078431
v -0.04165912 -0.01135458 0.05237098 0.43529412 0.89019608 0.96078431
v -0.04125931 -0.01270259 0.05221427 0.43529412 0.89019608 0.96078431
v -0.04036743 -0.01313016 0.05242084 0.43529412 0.89019608 0.96078431
v -0.03991637 -0.01413374 0.05226769 0.43529412 0.89019608 0.96078431
v -0.03890148 -0.01458506 0.05242084 0.43529412 0.89019608 0.96078431
v -0.03795834 -0.01493543 0.05251700 0.43529412 0.89019608 0.96078431
v -0.03597981 -0.01608747 0.05244221 0.43529412 0.89019608 0.96078431
v -0.03560051 -0.01682383 0.05216797 0.43529412 0.89019608 0.96078431
v -0.03433957 -0.01702574 0.05222139 0.43529412 0.89019608 0.96078431
v -0.03293512 -0.01712669 0.05228550 0.43529412 0.89019608 0.96078431
v -0.03433957 -0.01632501 0.05251344 0.43529412 0.89019608 0.96078431
v -0.03153067 -0.01719795 0.05232468 0.43529412 0.89019608 0.96078431
v -0.03153067 -0.01918731 0.05119210 0.43529412 0.89019608 0.96078431
v -0.03293512 -0.01836187 0.05162661 0.43529412 0.89019608 0.96078431
v -0.03013648 -0.01992961 0.05053320 0.43529412 0.89019608 0.96078431
v -0.02873203 -0.01995930 0.05056882 0.43529412 0.89019608 0.96078431
v -0.02732757 -0.01997118 0.05059018 0.43529412 0.89019608 0.96078431
v -0.02593337 -0.01998305 0.05060443 0.43529412 0.89019608 0.96078431
v -0.02452892 -0.01999493 0.05061512 0.43529412 0.89019608 0.96078431
v -0.02032582 -0.02000681 0.05062580 0.43529412 0.89019608 0.96078431
v -0.01892137 -0.02000681 0.05062936 0.43529412 0.89019608 0.96078431
v -0.01612272 -0.02000681 0.05063292 0.43529412 0.89019608 0.96078431
v 0.04489399 0.02034452 0.05113155 0.43529412 0.89019608 0.96078431
v 0.04542707 0.02083740 0.05056882 0.43529412 0.89019608 0.96078431
v 0.04623693 0.02157970 0.04969267 0.43529412 0.89019608 0.96078431
v 0.04666749 0.02213791 0.04902309 0.43529412 0.89019608 0.96078431
v 0.04761063 0.02147875 0.04825379 0.43529412 0.89019608 0.96078431
v 0.04815396 0.02095617 0.04770886 0.43529412 0.89019608 0.96078431
v 0.04890231 0.02087304 0.04664395 0.43529412 0.89019608 0.96078431
v 0.05082959 0.02087304 0.04057858 0.43529412 0.89019608 0.96078431
v 0.05055280 0.02194788 0.04057858 0.43529412 0.89019608 0.96078431
v 0.05026576 0.01106282 0.04654423 0.43529412 0.89019608 0.96078431
v 0.05061431 0.01106282 0.04584616 0.43529412 0.89019608 0.96078431
v 0.05115763 0.00825991 0.04478481 0.43529412 0.89019608 0.96078431
v 0.05149593 0.01106282 0.04338154 0.43529412 0.89019608 0.96078431
v 0.05064506 0.00966136 0.04589602 0.43529412 0.89019608 0.96078431
v 0.05187524 0.01190013 0.04143692 0.43529412 0.89019608 0.96078431
v 0.05042978 0.02293959 0.03802848 0.43529412 0.89019608 0.96078431
v 0.05061431 0.02215573 0.03917888 0.43529412 0.89019608 0.96078431
v 0.05044003 0.02297522 0.03709891 0.43529412 0.89019608 0.96078431
v 0.05044003 0.02298116 0.03637947 0.43529412 0.89019608 0.96078431
v 0.05065531 0.02227450 0.03637947 0.43529412 0.89019608 0.96078431
v 0.05065531 0.02227450 0.03497621 0.43529412 0.89019608 0.96078431
v 0.05103462 0.02087304 0.03357651 0.43529412 0.89019608 0.96078431
v 0.05101411 0.02087304 0.02096138 0.43529412 0.89019608 0.96078431
v 0.05132166 0.01947158 0.02096138 0.43529412 0.89019608 0.96078431
v 0.05130115 0.01947158 0.01963648 0.43529412 0.89019608 0.96078431
v -0.04959376 0.02513086 0.01963648 0.43529412 0.89019608 0.96078431
v -0.04965526 0.02507741 0.02096138 0.43529412 0.89019608 0.96078431
v -0.04965526 0.02507741 0.02376435 0.43529412 0.89019608 0.96078431
v -0.04964501 0.02507741 0.03637947 0.43529412 0.89019608 0.96078431
v -0.04961426 0.02507741 0.03777918 0.43529412 0.89019608 0.96078431
v -0.04891716 0.02087304 0.04664751 0.43529412 0.89019608 0.96078431
v -0.04762547 0.02148469 0.04825379 0.43529412 0.89019608 0.96078431
v -0.04816880 0.02095617 0.04770531 0.43529412 0.89019608 0.96078431
v -0.04668234 0.02213791 0.04902309 0.43529412 0.89019608 0.96078431
v -0.05023960 0.02353937 0.03767945 0.43529412 0.89019608 0.96078431
v -0.05044462 0.02293959 0.03807479 0.43529412 0.89019608 0.96078431
v -0.05062915 0.02214979 0.03917888 0.43529412 0.89019608 0.96078431
v -0.05056764 0.02194195 0.04057858 0.43529412 0.89019608 0.96078431
v -0.05028060 0.01106282 0.04654779 0.43529412 0.89019608 0.96078431
v -0.05084443 0.02087304 0.04057858 0.43529412 0.89019608 0.96078431
v -0.05189008 0.01190607 0.04143692 0.43529412 0.89019608 0.96078431
v -0.05152103 0.01106282 0.04338154 0.43529412 0.89019608 0.96078431
v -0.05112122 0.00966136 0.04478481 0.43529412 0.89019608 0.96078431
v -0.05065991 0.00966136 0.04589602 0.43529412 0.89019608 0.96078431
v -0.05062915 0.01106282 0.04584616 0.43529412 0.89019608 0.96078431
v -0.04625178 0.02157970 0.04969267 0.43529412 0.89019608 0.96078431
v -0.04474481 0.02127091 0.05101758 0.43529412 0.89019608 0.96078431
v -0.04489858 0.02033858 0.05113155 0.43529412 0.89019608 0.96078431
v 0.01750208 -0.02065409 0.04993129 0.43529412 0.89019608 0.96078431
v 0.01890653 -0.02065409 0.04992773 0.43529412 0.89019608 0.96078431
v 0.02171543 -0.02064815 0.04992417 0.43529412 0.89019608 0.96078431
v 0.02451408 -0.02063628 0.04991349 0.43529412 0.89019608 0.96078431
v 0.02591853 -0.02063034 0.04990280 0.43529412 0.89019608 0.96078431
v 0.02731273 -0.02061846 0.04988855 0.43529412 0.89019608 0.96078431
v 0.02871718 -0.02060065 0.04986718 0.43529412 0.89019608 0.96078431
v 0.03012163 -0.02057095 0.04983157 0.43529412 0.89019608 0.96078431
v 0.03152608 -0.02052938 0.04977458 0.43529412 0.89019608 0.96078431
v 0.03152608 -0.01988210 0.05047621 0.43529412 0.89019608 0.96078431
v 0.03292028 -0.01911605 0.05113511 0.43529412 0.89019608 0.96078431
v 0.03366864 -0.01907448 0.05109949 0.43529412 0.89019608 0.96078431
v 0.03421196 -0.01845095 0.05143784 0.43529412 0.89019608 0.96078431
v 0.03572918 -0.01814215 0.05142359 0.43529412 0.89019608 0.96078431
v 0.03712338 -0.01696042 0.05183318 0.43529412 0.89019608 0.96078431
v 0.03712338 -0.01583806 0.05235317 0.43529412 0.89019608 0.96078431
v 0.03845607 -0.01546394 0.05220358 0.43529412 0.89019608 0.96078431
v 0.04005530 -0.01568366 0.05158387 0.43529412 0.89019608 0.96078431
v 0.04147000 -0.01429408 0.05159099 0.43529412 0.89019608 0.96078431
v 0.04238238 -0.01391402 0.05129538 0.43529412 0.89019608 0.96078431
v 0.04280269 -0.01277385 0.05147702 0.43529412 0.89019608 0.96078431
v 0.04273093 -0.01135458 0.05191866 0.43529412 0.89019608 0.96078431
v 0.04263867 -0.00994124 0.05224276 0.43529412 0.89019608 0.96078431
v 0.04294621 -0.00855166 0.05231755 0.43529412 0.89019608 0.96078431
v 0.04313074 -0.00715020 0.05239591 0.43529412 0.89019608 0.96078431
v 0.04413538 -0.00715020 0.05193647 0.43529412 0.89019608 0.96078431
v 0.04530405 -0.00574875 0.05142004 0.43529412 0.89019608 0.96078431
v 0.04540656 -0.00434729 0.05148414 0.43529412 0.89019608 0.96078431
v 0.04548858 -0.00294583 0.05153044 0.43529412 0.89019608 0.96078431
v 0.04567310 -0.00163344 0.05148058 0.43529412 0.89019608 0.96078431
v 0.04626768 -0.00121776 0.05111374 0.43529412 0.89019608 0.96078431
v 0.04629844 -0.00014291 0.05113867 0.43529412 0.89019608 0.96078431
v 0.04632920 0.00125855 0.05116004 0.43529412 0.89019608 0.96078431
v 0.04634970 0.00266001 0.05118141 0.43529412 0.89019608 0.96078431
v 0.04637020 0.00406147 0.05119210 0.43529412 0.89019608 0.96078431
v 0.04637020 0.00545699 0.05119210 0.43529412 0.89019608 0.96078431
v 0.04635995 0.00685845 0.05118853 0.43529412 0.89019608 0.96078431
v 0.04634970 0.00825991 0.05118141 0.43529412 0.89019608 0.96078431
v 0.04632920 0.00966136 0.05116716 0.43529412 0.89019608 0.96078431
v 0.04629844 0.01106282 0.05113867 0.43529412 0.89019608 0.96078431
v 0.04626768 0.01184669 0.05111374 0.43529412 0.89019608 0.96078431
v -0.04628253 0.01185857 0.05111374 0.43529412 0.89019608 0.96078431
v -0.04631329 0.01106282 0.05114223 0.43529412 0.89019608 0.96078431
v -0.04634404 0.00966136 0.05116360 0.43529412 0.89019608 0.96078431
v -0.04636454 0.00825991 0.05117785 0.43529412 0.89019608 0.96078431
v -0.04637479 0.00685845 0.05118853 0.43529412 0.89019608 0.96078431
v -0.04638505 0.00545699 0.05119210 0.43529412 0.89019608 0.96078431
v -0.04330961 -0.00574875 0.05245290 0.43529412 0.89019608 0.96078431
v -0.04313533 -0.00715020 0.05239235 0.43529412 0.89019608 0.96078431
v -0.04295080 -0.00855166 0.05231399 0.43529412 0.89019608 0.96078431
v -0.04265351 -0.00993531 0.05223564 0.43529412 0.89019608 0.96078431
v -0.04415023 -0.00574875 0.05207537 0.43529412 0.89019608 0.96078431
v -0.04637479 0.00406147 0.05118853 0.43529412 0.89019608 0.96078431
v -0.04636454 0.00266001 0.05117785 0.43529412 0.89019608 0.96078431
v -0.04634404 0.00125855 0.05116360 0.43529412 0.89019608 0.96078431
v -0.04549317 -0.00294583 0.05152332 0.43529412 0.89019608 0.96078431
v -0.04631329 -0.00014291 0.05113511 0.43529412 0.89019608 0.96078431
v -0.04627228 -0.00116431 0.05111018 0.43529412 0.89019608 0.96078431
v -0.04624153 -0.00210258 0.05108168 0.43529412 0.89019608 0.96078431
v -0.04541116 -0.00434729 0.05148058 0.43529412 0.89019608 0.96078431
v -0.04274577 -0.01135458 0.05190797 0.43529412 0.89019608 0.96078431
v -0.04281754 -0.01277385 0.05146990 0.43529412 0.89019608 0.96078431
v -0.04147459 -0.01428814 0.05158743 0.43529412 0.89019608 0.96078431
v -0.04007014 -0.01568366 0.05158387 0.43529412 0.89019608 0.96078431
v -0.03847092 -0.01546394 0.05220002 0.43529412 0.89019608 0.96078431
v -0.03713823 -0.01583212 0.05235317 0.43529412 0.89019608 0.96078431
v -0.03713823 -0.01696042 0.05183674 0.43529412 0.89019608 0.96078431
v -0.03574403 -0.01813622 0.05142359 0.43529412 0.89019608 0.96078431
v -0.03422681 -0.01845095 0.05144140 0.43529412 0.89019608 0.96078431
v -0.03153067 -0.01988804 0.05047621 0.43529412 0.89019608 0.96078431
v -0.03293512 -0.01911605 0.05113511 0.43529412 0.89019608 0.96078431
v -0.03368348 -0.01906854 0.05109593 0.43529412 0.89019608 0.96078431
v -0.03013648 -0.02057095 0.04983157 0.43529412 0.89019608 0.96078431
v -0.02873203 -0.02060065 0.04986718 0.43529412 0.89019608 0.96078431
v -0.02732757 -0.02061846 0.04988855 0.43529412 0.89019608 0.96078431
v -0.02593337 -0.02063034 0.04990280 0.43529412 0.89019608 0.96078431
v -0.02452892 -0.02063628 0.04991349 0.43529412 0.89019608 0.96078431
v -0.02172002 -0.02064815 0.04992061 0.43529412 0.89019608 0.96078431
v -0.02032582 -0.02064815 0.04992773 0.43529412 0.89019608 0.96078431
v -0.01751692 -0.02065409 0.04993129 0.43529412 0.89019608 0.96078431
v 0.04634970 0.02087304 0.04979239 0.43529412 0.89019608 0.96078431
v 0.04714931 0.02095617 0.04892337 0.43529412 0.89019608 0.96078431
v 0.04774390 0.02054642 0.04841050 0.43529412 0.89019608 0.96078431
v 0.04906634 0.01185263 0.04831790 0.43529412 0.89019608 0.96078431
v 0.05095260 0.02087304 0.03917888 0.43529412 0.89019608 0.96078431
v 0.05192649 0.01211392 0.04057858 0.43529412 0.89019608 0.96078431
v 0.05028626 0.00966136 0.04659765 0.43529412 0.89019608 0.96078431
v 0.04960966 0.01106282 0.04758777 0.43529412 0.89019608 0.96078431
v 0.05066556 0.00825991 0.04594232 0.43529412 0.89019608 0.96078431
v 0.05116789 0.00685845 0.04478481 0.43529412 0.89019608 0.96078431
v 0.05161895 0.00685845 0.04338154 0.43529412 0.89019608 0.96078431
v 0.05159845 0.00825991 0.04338154 0.43529412 0.89019608 0.96078431
v 0.05181373 0.00825991 0.04252320 0.43529412 0.89019608 0.96078431
v 0.05176247 0.01106282 0.04227745 0.43529412 0.89019608 0.96078431
v 0.05189574 0.01106282 0.04157582 0.43529412 0.89019608 0.96078431
v 0.05203926 0.01106282 0.04057858 0.43529412 0.89019608 0.96078431
v 0.05060406 0.02239326 0.03765096 0.43529412 0.89019608 0.96078431
v 0.05100386 0.02087304 0.03777918 0.43529412 0.89019608 0.96078431
v 0.05102436 0.02087304 0.03637947 0.43529412 0.89019608 0.96078431
v 0.05103462 0.02087304 0.03497621 0.43529412 0.89019608 0.96078431
v 0.05133191 0.01947158 0.02516761 0.43529412 0.89019608 0.96078431
v 0.05157795 0.01807012 0.02516761 0.43529412 0.89019608 0.96078431
v 0.05156769 0.01807012 0.02236465 0.43529412 0.89019608 0.96078431
v 0.05155744 0.01807012 0.02096138 0.43529412 0.89019608 0.96078431
v 0.05153694 0.01807012 0.01963648 0.43529412 0.89019608 0.96078431
v -0.05023960 0.02355125 0.01963648 0.43529412 0.89019608 0.96078431
v -0.05020884 0.02369971 0.02096138 0.43529412 0.89019608 0.96078431
v -0.05020884 0.02368783 0.03637947 0.43529412 0.89019608 0.96078431
v -0.04908118 0.01185857 0.04831790 0.43529412 0.89019608 0.96078431
v -0.04775874 0.02054642 0.04841406 0.43529412 0.89019608 0.96078431
v -0.04716415 0.02095617 0.04892337 0.43529412 0.89019608 0.96078431
v -0.05045488 0.02298116 0.03714165 0.43529412 0.89019608 0.96078431
v -0.05061890 0.02239326 0.03767945 0.43529412 0.89019608 0.96078431
v -0.05102896 0.02087304 0.03777918 0.43529412 0.89019608 0.96078431
v -0.05096745 0.02087304 0.03917888 0.43529412 0.89019608 0.96078431
v -0.05030110 0.00966136 0.04659765 0.43529412 0.89019608 0.96078431
v -0.04962451 0.01106282 0.04758777 0.43529412 0.89019608 0.96078431
v -0.05194134 0.01211392 0.04057858 0.43529412 0.89019608 0.96078431
v -0.05205410 0.01106282 0.04057858 0.43529412 0.89019608 0.96078431
v -0.05191058 0.01106282 0.04157938 0.43529412 0.89019608 0.96078431
v -0.05177732 0.01106282 0.04228102 0.43529412 0.89019608 0.96078431
v -0.05161329 0.00825991 0.04338154 0.43529412 0.89019608 0.96078431
v -0.05182857 0.00825991 0.04253745 0.43529412 0.89019608 0.96078431
v -0.05116223 0.00825991 0.04478481 0.43529412 0.89019608 0.96078431
v -0.05068041 0.00825991 0.04594232 0.43529412 0.89019608 0.96078431
v -0.04636454 0.02087304 0.04979239 0.43529412 0.89019608 0.96078431
v -0.04544191 0.02083146 0.05056882 0.43529412 0.89019608 0.96078431
v 0.01190478 -0.02128950 0.04898747 0.43529412 0.89019608 0.96078431
v 0.01890653 -0.02128356 0.04898747 0.43529412 0.89019608 0.96078431
v 0.02171543 -0.02127168 0.04898747 0.43529412 0.89019608 0.96078431
v 0.02451408 -0.02125981 0.04898747 0.43529412 0.89019608 0.96078431
v 0.02591853 -0.02124199 0.04898747 0.43529412 0.89019608 0.96078431
v 0.02731273 -0.02122418 0.04898747 0.43529412 0.89019608 0.96078431
v 0.02871718 -0.02118855 0.04898747 0.43529412 0.89019608 0.96078431
v 0.03012163 -0.02112916 0.04898747 0.43529412 0.89019608 0.96078431
v 0.03152608 -0.02105196 0.04898747 0.43529412 0.89019608 0.96078431
v 0.03246922 -0.02049375 0.04972472 0.43529412 0.89019608 0.96078431
v 0.03340210 -0.02044031 0.04965349 0.43529412 0.89019608 0.96078431
v 0.03421196 -0.01955549 0.05048690 0.43529412 0.89019608 0.96078431
v 0.03461177 -0.01897947 0.05102114 0.43529412 0.89019608 0.96078431
v 0.03572918 -0.01884288 0.05089648 0.43529412 0.89019608 0.96078431
v 0.03712338 -0.01791056 0.05127045 0.43529412 0.89019608 0.96078431
v 0.03799475 -0.01773834 0.05114935 0.43529412 0.89019608 0.96078431
v 0.03848683 -0.01700198 0.05144140 0.43529412 0.89019608 0.96078431
v 0.03966575 -0.01656254 0.05128469 0.43529412 0.89019608 0.96078431
v 0.04059863 -0.01623593 0.05107812 0.43529412 0.89019608 0.96078431
v 0.04109070 -0.01530361 0.05132387 0.43529412 0.89019608 0.96078431
v 0.04202358 -0.01485229 0.05108525 0.43529412 0.89019608 0.96078431
v 0.04280269 -0.01429408 0.05086086 0.43529412 0.89019608 0.96078431
v 0.04331526 -0.01325486 0.05101402 0.43529412 0.89019608 0.96078431
v 0.04358180 -0.01232254 0.05118853 0.43529412 0.89019608 0.96078431
v 0.04380734 -0.01135458 0.05133455 0.43529412 0.89019608 0.96078431
v 0.04420714 -0.00989968 0.05144140 0.43529412 0.89019608 0.96078431
v 0.04413538 -0.00855166 0.05173701 0.43529412 0.89019608 0.96078431
v 0.04517078 -0.00715020 0.05133100 0.43529412 0.89019608 0.96078431
v 0.04600115 -0.00574875 0.05090717 0.43529412 0.89019608 0.96078431
v 0.04610366 -0.00434729 0.05099264 0.43529412 0.89019608 0.96078431
v 0.04618568 -0.00294583 0.05105319 0.43529412 0.89019608 0.96078431
v 0.04622668 -0.00215602 0.05108525 0.43529412 0.89019608 0.96078431
v 0.04681101 -0.00163344 0.05061156 0.43529412 0.89019608 0.96078431
v 0.04699554 -0.00014291 0.05053676 0.43529412 0.89019608 0.96078431
v 0.04702629 0.00125855 0.05056525 0.43529412 0.89019608 0.96078431
v 0.04705705 0.00266001 0.05058663 0.43529412 0.89019608 0.96078431
v 0.04706730 0.00406147 0.05059731 0.43529412 0.89019608 0.96078431
v 0.04706730 0.00685845 0.05059731 0.43529412 0.89019608 0.96078431
v 0.04705705 0.00825991 0.05058663 0.43529412 0.89019608 0.96078431
v 0.04703655 0.00966136 0.05056525 0.43529412 0.89019608 0.96078431
v 0.04699554 0.01106282 0.05053676 0.43529412 0.89019608 0.96078431
v 0.04778490 0.01106282 0.04983513 0.43529412 0.89019608 0.96078431
v 0.04772340 0.01203078 0.04977814 0.43529412 0.89019608 0.96078431
v -0.04773824 0.01203672 0.04977814 0.43529412 0.89019608 0.96078431
v -0.04779975 0.01106282 0.04983513 0.43529412 0.89019608 0.96078431
v -0.04702063 0.01106282 0.05053676 0.43529412 0.89019608 0.96078431
v -0.04704114 0.00966136 0.05056525 0.43529412 0.89019608 0.96078431
v -0.04706164 0.00825991 0.05058663 0.43529412 0.89019608 0.96078431
v -0.04708215 0.00685845 0.05059731 0.43529412 0.89019608 0.96078431
v -0.04708215 0.00406147 0.05059731 0.43529412 0.89019608 0.96078431
v -0.04415023 -0.00715020 0.05192578 0.43529412 0.89019608 0.96078431
v -0.04415023 -0.00855166 0.05172633 0.43529412 0.89019608 0.96078431
v -0.04421173 -0.00988780 0.05143784 0.43529412 0.89019608 0.96078431
v -0.04530864 -0.00574875 0.05141647 0.43529412 0.89019608 0.96078431
v -0.04706164 0.00266001 0.05058663 0.43529412 0.89019608 0.96078431
v -0.04704114 0.00125855 0.05056170 0.43529412 0.89019608 0.96078431
v -0.04701038 -0.00014291 0.05052964 0.43529412 0.89019608 0.96078431
v -0.04610826 -0.00434729 0.05098552 0.43529412 0.89019608 0.96078431
v -0.04682586 -0.00159781 0.05060087 0.43529412 0.89019608 0.96078431
v -0.04768698 -0.00294583 0.04973184 0.43529412 0.89019608 0.96078431
v -0.04694887 -0.00294583 0.05038718 0.43529412 0.89019608 0.96078431
v -0.04706164 -0.00424633 0.05016992 0.43529412 0.89019608 0.96078431
v -0.04381193 -0.01135458 0.05132743 0.43529412 0.89019608 0.96078431
v -0.04358640 -0.01231660 0.05118141 0.43529412 0.89019608 0.96078431
v -0.04238697 -0.01390809 0.05129182 0.43529412 0.89019608 0.96078431
v -0.04331986 -0.01324893 0.05101402 0.43529412 0.89019608 0.96078431
v -0.04109529 -0.01529767 0.05132387 0.43529412 0.89019608 0.96078431
v -0.04203843 -0.01484635 0.05108525 0.43529412 0.89019608 0.96078431
v -0.03968059 -0.01656254 0.05128113 0.43529412 0.89019608 0.96078431
v -0.04061347 -0.01623593 0.05107456 0.43529412 0.89019608 0.96078431
v -0.03850167 -0.01700198 0.05144140 0.43529412 0.89019608 0.96078431
v -0.03800960 -0.01774428 0.05115292 0.43529412 0.89019608 0.96078431
v -0.03713823 -0.01791056 0.05127401 0.43529412 0.89019608 0.96078431
v -0.03574403 -0.01883695 0.05089292 0.43529412 0.89019608 0.96078431
v -0.03461637 -0.01897947 0.05102114 0.43529412 0.89019608 0.96078431
v -0.03294538 -0.01992961 0.05026964 0.43529412 0.89019608 0.96078431
v -0.03249431 -0.02048782 0.04972116 0.43529412 0.89019608 0.96078431
v -0.03153067 -0.02052938 0.04977458 0.43529412 0.89019608 0.96078431
v -0.03422681 -0.01955549 0.05048690 0.43529412 0.89019608 0.96078431
v -0.03342720 -0.02044031 0.04965705 0.43529412 0.89019608 0.96078431
v -0.03013648 -0.02112916 0.04898747 0.43529412 0.89019608 0.96078431
v -0.02873203 -0.02118261 0.04898747 0.43529412 0.89019608 0.96078431
v -0.03153067 -0.02105196 0.04898747 0.43529412 0.89019608 0.96078431
v -0.02732757 -0.02121824 0.04898747 0.43529412 0.89019608 0.96078431
v -0.02593337 -0.02124199 0.04898747 0.43529412 0.89019608 0.96078431
v -0.02452892 -0.02125981 0.04898747 0.43529412 0.89019608 0.96078431
v -0.02312447 -0.02126574 0.04898747 0.43529412 0.89019608 0.96078431
v -0.01892137 -0.02127762 0.04898747 0.43529412 0.89019608 0.96078431
v -0.01612272 -0.02128356 0.04898747 0.43529412 0.89019608 0.96078431
v -0.00911072 -0.02128950 0.04898747 0.43529412 0.89019608 0.96078431
v 0.04848200 0.01106282 0.04905158 0.43529412 0.89019608 0.96078431
v 0.04908684 0.01106282 0.04834995 0.43529412 0.89019608 0.96078431
v 0.05215203 0.01106282 0.03917888 0.43529412 0.89019608 0.96078431
v 0.05030676 0.00825991 0.04664395 0.43529412 0.89019608 0.96078431
v 0.04971218 0.00825991 0.04758777 0.43529412 0.89019608 0.96078431
v 0.04911759 0.00966136 0.04838557 0.43529412 0.89019608 0.96078431
v 0.05067582 0.00406147 0.04595301 0.43529412 0.89019608 0.96078431
v 0.05116789 0.00406147 0.04478481 0.43529412 0.89019608 0.96078431
v 0.05161895 0.00406147 0.04338154 0.43529412 0.89019608 0.96078431
v 0.05182398 0.00545699 0.04260156 0.43529412 0.89019608 0.96078431
v 0.05182398 0.00685845 0.04259087 0.43529412 0.89019608 0.96078431
v 0.05195725 0.00685845 0.04189280 0.43529412 0.89019608 0.96078431
v 0.05194700 0.00825991 0.04182157 0.43529412 0.89019608 0.96078431
v 0.05192649 0.00966136 0.04170048 0.43529412 0.89019608 0.96078431
v 0.05209052 0.00966136 0.04057858 0.43529412 0.89019608 0.96078431
v 0.05157795 0.01807012 0.02656732 0.43529412 0.89019608 0.96078431
v 0.05220328 0.01106282 0.03777918 0.43529412 0.89019608 0.96078431
v 0.05184448 0.01599762 0.02727963 0.43529412 0.89019608 0.96078431
v 0.05176247 0.01672210 0.02656732 0.43529412 0.89019608 0.96078431
v 0.05133191 0.01947158 0.02656732 0.43529412 0.89019608 0.96078431
v 0.05176247 0.01672210 0.02516761 0.43529412 0.89019608 0.96078431
v 0.05176247 0.01671616 0.02376435 0.43529412 0.89019608 0.96078431
v 0.05176247 0.01669241 0.02096138 0.43529412 0.89019608 0.96078431
v 0.05176247 0.01653801 0.01966497 0.43529412 0.89019608 0.96078431
v 0.05170096 0.01692401 0.01963648 0.43529412 0.89019608 0.96078431
v -0.05045488 0.02295741 0.01963648 0.43529412 0.89019608 0.96078431
v -0.05046513 0.02299304 0.02012085 0.43529412 0.89019608 0.96078431
v -0.05046513 0.02299898 0.02096138 0.43529412 0.89019608 0.96078431
v -0.05045488 0.02298710 0.03637947 0.43529412 0.89019608 0.96078431
v -0.04910168 0.01106282 0.04835351 0.43529412 0.89019608 0.96078431
v -0.04849685 0.01106282 0.04905158 0.43529412 0.89019608 0.96078431
v -0.05067016 0.02227450 0.03637947 0.43529412 0.89019608 0.96078431
v -0.05104946 0.02087304 0.03637947 0.43529412 0.89019608 0.96078431
v -0.05160304 0.01807012 0.02656732 0.43529412 0.89019608 0.96078431
v -0.05186958 0.01603919 0.02656732 0.43529412 0.89019608 0.96078431
v -0.05185933 0.01600950 0.02728675 0.43529412 0.89019608 0.96078431
v -0.05221813 0.01106282 0.03777918 0.43529412 0.89019608 0.96078431
v -0.05216687 0.01106282 0.03917888 0.43529412 0.89019608 0.96078431
v -0.05032161 0.00825991 0.04664395 0.43529412 0.89019608 0.96078431
v -0.04972702 0.00825991 0.04758777 0.43529412 0.89019608 0.96078431
v -0.04913244 0.00966136 0.04838557 0.43529412 0.89019608 0.96078431
v -0.05214637 0.00825991 0.04057858 0.43529412 0.89019608 0.96078431
v -0.05194134 0.00966136 0.04170760 0.43529412 0.89019608 0.96078431
v -0.05221813 0.00966136 0.03917888 0.43529412 0.89019608 0.96078431
v -0.05163380 0.00545699 0.04338154 0.43529412 0.89019608 0.96078431
v -0.05119298 0.00406147 0.04478481 0.43529412 0.89019608 0.96078431
v -0.05183882 0.00685845 0.04259443 0.43529412 0.89019608 0.96078431
v -0.05196184 0.00825991 0.04183938 0.43529412 0.89019608 0.96078431
v -0.05069066 0.00545699 0.04594588 0.43529412 0.89019608 0.96078431
v 0.01610788 -0.02180020 0.04815763 0.43529412 0.89019608 0.96078431
v 0.02031098 -0.02179426 0.04815406 0.43529412 0.89019608 0.96078431
v 0.02310963 -0.02178832 0.04814338 0.43529412 0.89019608 0.96078431
v 0.02451408 -0.02178238 0.04813625 0.43529412 0.89019608 0.96078431
v 0.02591853 -0.02177645 0.04812201 0.43529412 0.89019608 0.96078431
v 0.02731273 -0.02177051 0.04810420 0.43529412 0.89019608 0.96078431
v 0.02871718 -0.02175269 0.04807927 0.43529412 0.89019608 0.96078431
v 0.03012163 -0.02172300 0.04802941 0.43529412 0.89019608 0.96078431
v 0.03152608 -0.02168737 0.04796174 0.43529412 0.89019608 0.96078431
v 0.03292028 -0.02163392 0.04787270 0.43529412 0.89019608 0.96078431
v 0.03293053 -0.02085600 0.04910857 0.43529412 0.89019608 0.96078431
v 0.03432473 -0.02085600 0.04886638 0.43529412 0.89019608 0.96078431
v 0.03432473 -0.02036905 0.04956445 0.43529412 0.89019608 0.96078431
v 0.03572918 -0.01953174 0.05019841 0.43529412 0.89019608 0.96078431
v 0.03712338 -0.01934171 0.04999184 0.43529412 0.89019608 0.96078431
v 0.03712338 -0.01861129 0.05069347 0.43529412 0.89019608 0.96078431
v 0.03852783 -0.01836781 0.05039074 0.43529412 0.89019608 0.96078431
v 0.03892764 -0.01749487 0.05096771 0.43529412 0.89019608 0.96078431
v 0.04005530 -0.01700198 0.05080032 0.43529412 0.89019608 0.96078431
v 0.04084466 -0.01779773 0.04981020 0.43529412 0.89019608 0.96078431
v 0.04131623 -0.01698417 0.05014855 0.43529412 0.89019608 0.96078431
v 0.04233113 -0.01652691 0.04988499 0.43529412 0.89019608 0.96078431
v 0.04147000 -0.01568366 0.05091785 0.43529412 0.89019608 0.96078431
v 0.04277194 -0.01558865 0.05018417 0.43529412 0.89019608 0.96078431
v 0.04365356 -0.01513733 0.04985650 0.43529412 0.89019608 0.96078431
v 0.04412513 -0.01406842 0.05004883 0.43529412 0.89019608 0.96078431
v 0.04488374 -0.01354584 0.04973184 0.43529412 0.89019608 0.96078431
v 0.04408412 -0.01277385 0.05065429 0.43529412 0.89019608 0.96078431
v 0.04450443 -0.01135458 0.05085374 0.43529412 0.89019608 0.96078431
v 0.04471971 -0.01032724 0.05100333 0.43529412 0.89019608 0.96078431
v 0.04488374 -0.00939491 0.05112798 0.43529412 0.89019608 0.96078431
v 0.04500676 -0.00855166 0.05120990 0.43529412 0.89019608 0.96078431
v 0.04586788 -0.00715020 0.05080032 0.43529412 0.89019608 0.96078431
v 0.04682127 -0.00574875 0.05020553 0.43529412 0.89019608 0.96078431
v 0.04704680 -0.00427009 0.05017704 0.43529412 0.89019608 0.96078431
v 0.04765164 -0.00375345 0.04969979 0.43529412 0.89019608 0.96078431
v 0.04693403 -0.00294583 0.05040498 0.43529412 0.89019608 0.96078431
v 0.04768239 -0.00294583 0.04973897 0.43529412 0.89019608 0.96078431
v 0.04773365 -0.00154437 0.04979595 0.43529412 0.89019608 0.96078431
v 0.04777465 -0.00014291 0.04983513 0.43529412 0.89019608 0.96078431
v 0.04780541 0.00125855 0.04986362 0.43529412 0.89019608 0.96078431
v 0.04782591 0.00266001 0.04988499 0.43529412 0.89019608 0.96078431
v 0.04784641 0.00406147 0.04989568 0.43529412 0.89019608 0.96078431
v 0.04785666 0.00545699 0.04989924 0.43529412 0.89019608 0.96078431
v 0.04784641 0.00685845 0.04989924 0.43529412 0.89019608 0.96078431
v 0.04783616 0.00825991 0.04988499 0.43529412 0.89019608 0.96078431
v 0.04781566 0.00966136 0.04986362 0.43529412 0.89019608 0.96078431
v 0.04854351 0.00825991 0.04911569 0.43529412 0.89019608 0.96078431
v -0.04783050 0.00966136 0.04986362 0.43529412 0.89019608 0.96078431
v -0.04852760 0.00966136 0.04908364 0.43529412 0.89019608 0.96078431
v -0.04785100 0.00825991 0.04988499 0.43529412 0.89019608 0.96078431
v -0.04786126 0.00685845 0.04989568 0.43529412 0.89019608 0.96078431
v -0.04786126 0.00406147 0.04989568 0.43529412 0.89019608 0.96078431
v -0.04517537 -0.00715020 0.05132387 0.43529412 0.89019608 0.96078431
v -0.04501135 -0.00855166 0.05120634 0.43529412 0.89019608 0.96078431
v -0.04488833 -0.00938304 0.05112442 0.43529412 0.89019608 0.96078431
v -0.04472431 -0.01031536 0.05099977 0.43529412 0.89019608 0.96078431
v -0.04601599 -0.00574875 0.05090004 0.43529412 0.89019608 0.96078431
v -0.04784075 0.00266001 0.04988499 0.43529412 0.89019608 0.96078431
v -0.04782025 0.00125855 0.04986362 0.43529412 0.89019608 0.96078431
v -0.04778950 -0.00014291 0.04983157 0.43529412 0.89019608 0.96078431
v -0.04682586 -0.00574875 0.05019841 0.43529412 0.89019608 0.96078431
v -0.04773824 -0.00154437 0.04978527 0.43529412 0.89019608 0.96078431
v -0.04765623 -0.00371188 0.04969623 0.43529412 0.89019608 0.96078431
v -0.04855836 -0.00159781 0.04886282 0.43529412 0.89019608 0.96078431
v -0.04904017 -0.00209664 0.04827516 0.43529412 0.89019608 0.96078431
v -0.04760497 -0.00465014 0.04963924 0.43529412 0.89019608 0.96078431
v -0.04450903 -0.01135458 0.05085018 0.43529412 0.89019608 0.96078431
v -0.04408872 -0.01277385 0.05065073 0.43529412 0.89019608 0.96078431
v -0.04281754 -0.01428814 0.05085731 0.43529412 0.89019608 0.96078431
v -0.04489858 -0.01354584 0.04973541 0.43529412 0.89019608 0.96078431
v -0.04413997 -0.01406842 0.05004883 0.43529412 0.89019608 0.96078431
v -0.04365816 -0.01513139 0.04985294 0.43529412 0.89019608 0.96078431
v -0.04277653 -0.01558271 0.05018060 0.43529412 0.89019608 0.96078431
v -0.04233572 -0.01652691 0.04988143 0.43529412 0.89019608 0.96078431
v -0.04147459 -0.01568366 0.05091429 0.43529412 0.89019608 0.96078431
v -0.04007014 -0.01700198 0.05080032 0.43529412 0.89019608 0.96078431
v -0.03894248 -0.01749487 0.05096771 0.43529412 0.89019608 0.96078431
v -0.04133107 -0.01697823 0.05014855 0.43529412 0.89019608 0.96078431
v -0.03713823 -0.01861129 0.05068635 0.43529412 0.89019608 0.96078431
v -0.03854268 -0.01836781 0.05039074 0.43529412 0.89019608 0.96078431
v -0.03814287 -0.01917543 0.04981020 0.43529412 0.89019608 0.96078431
v -0.03574403 -0.01953174 0.05019485 0.43529412 0.89019608 0.96078431
v -0.03713823 -0.01934171 0.04998828 0.43529412 0.89019608 0.96078431
v -0.03294538 -0.02085600 0.04910857 0.43529412 0.89019608 0.96078431
v -0.03433957 -0.02037499 0.04956801 0.43529412 0.89019608 0.96078431
v -0.03433957 -0.02085600 0.04886638 0.43529412 0.89019608 0.96078431
v -0.03013648 -0.02172300 0.04802941 0.43529412 0.89019608 0.96078431
v -0.02873203 -0.02175269 0.04807571 0.43529412 0.89019608 0.96078431
v -0.03293512 -0.02163392 0.04787270 0.43529412 0.89019608 0.96078431
v -0.03153067 -0.02168737 0.04795818 0.43529412 0.89019608 0.96078431
v -0.02732757 -0.02176457 0.04810420 0.43529412 0.89019608 0.96078431
v -0.02593337 -0.02177645 0.04812557 0.43529412 0.89019608 0.96078431
v -0.02452892 -0.02178832 0.04813982 0.43529412 0.89019608 0.96078431
v -0.01331382 -0.02180020 0.04815763 0.43529412 0.89019608 0.96078431
v 0.05220328 0.00966136 0.03917888 0.43529412 0.89019608 0.96078431
v 0.05031702 0.00406147 0.04665108 0.43529412 0.89019608 0.96078431
v 0.04972243 0.00685845 0.04758777 0.43529412 0.89019608 0.96078431
v 0.04913810 0.00825991 0.04841406 0.43529412 0.89019608 0.96078431
v 0.04915860 0.00685845 0.04843543 0.43529412 0.89019608 0.96078431
v 0.05066556 0.00266001 0.04593164 0.43529412 0.89019608 0.96078431
v 0.05114738 0.00266001 0.04478481 0.43529412 0.89019608 0.96078431
v 0.05159845 0.00266001 0.04338154 0.43529412 0.89019608 0.96078431
v 0.05182398 0.00406147 0.04258731 0.43529412 0.89019608 0.96078431
v 0.05195725 0.00545699 0.04190349 0.43529412 0.89019608 0.96078431
v 0.05213152 0.00825991 0.04057858 0.43529412 0.89019608 0.96078431
v 0.05215203 0.00685845 0.04057858 0.43529412 0.89019608 0.96078431
v 0.05225454 0.00966136 0.03777918 0.43529412 0.89019608 0.96078431
v 0.05222379 0.01106282 0.03637947 0.43529412 0.89019608 0.96078431
v 0.05192649 0.01526720 0.02656732 0.43529412 0.89019608 0.96078431
v 0.05184448 0.01602137 0.02656732 0.43529412 0.89019608 0.96078431
v 0.05184448 0.01602137 0.02516761 0.43529412 0.89019608 0.96078431
v 0.05184448 0.01601543 0.02376435 0.43529412 0.89019608 0.96078431
v 0.05184448 0.01599168 0.02096138 0.43529412 0.89019608 0.96078431
v 0.05184448 0.01597981 0.02019921 0.43529412 0.89019608 0.96078431
v 0.05176247 0.01649051 0.01963648 0.43529412 0.89019608 0.96078431
v 0.05188549 0.01537409 0.01963648 0.43529412 0.89019608 0.96078431
v -0.05061890 0.02238139 0.01963648 0.43529412 0.89019608 0.96078431
v -0.05067016 0.02227450 0.02096138 0.43529412 0.89019608 0.96078431
v -0.05104946 0.02087304 0.02516761 0.43529412 0.89019608 0.96078431
v -0.05135701 0.01947158 0.02656732 0.43529412 0.89019608 0.96078431
v -0.05160304 0.01807012 0.02516761 0.43529412 0.89019608 0.96078431
v -0.05186958 0.01603919 0.02096138 0.43529412 0.89019608 0.96078431
v -0.05195159 0.01526720 0.02656732 0.43529412 0.89019608 0.96078431
v -0.05223863 0.01106282 0.03637947 0.43529412 0.89019608 0.96078431
v -0.05232064 0.00825991 0.03777918 0.43529412 0.89019608 0.96078431
v -0.05033186 0.00406147 0.04665820 0.43529412 0.89019608 0.96078431
v -0.04973728 0.00685845 0.04758777 0.43529412 0.89019608 0.96078431
v -0.04917344 0.00685845 0.04843543 0.43529412 0.89019608 0.96078431
v -0.04915294 0.00825991 0.04841406 0.43529412 0.89019608 0.96078431
v -0.04854811 0.00825991 0.04911569 0.43529412 0.89019608 0.96078431
v -0.05225914 0.00825991 0.03917888 0.43529412 0.89019608 0.96078431
v -0.05216687 0.00685845 0.04057858 0.43529412 0.89019608 0.96078431
v -0.05163380 0.00406147 0.04338154 0.43529412 0.89019608 0.96078431
v -0.05183882 0.00545699 0.04259800 0.43529412 0.89019608 0.96078431
v -0.05161329 0.00266001 0.04338154 0.43529412 0.89019608 0.96078431
v -0.05113147 0.00125855 0.04478481 0.43529412 0.89019608 0.96078431
v -0.05068041 0.00266001 0.04593164 0.43529412 0.89019608 0.96078431
v -0.05069066 0.00406147 0.04595657 0.43529412 0.89019608 0.96078431
v -0.05197209 0.00685845 0.04189637 0.43529412 0.89019608 0.96078431
v 0.01750208 -0.02214463 0.04745599 0.43529412 0.89019608 0.96078431
v 0.02031098 -0.02214463 0.04745243 0.43529412 0.89019608 0.96078431
v 0.02451408 -0.02214463 0.04743819 0.43529412 0.89019608 0.96078431
v -0.00070452 -0.02215056 0.04745599 0.43529412 0.89019608 0.96078431
v 0.02731273 -0.02212087 0.04740257 0.43529412 0.89019608 0.96078431
v 0.02871718 -0.02210899 0.04737764 0.43529412 0.89019608 0.96078431
v 0.02591853 -0.02213275 0.04742038 0.43529412 0.89019608 0.96078431
v 0.03012163 -0.02208524 0.04732778 0.43529412 0.89019608 0.96078431
v 0.03152608 -0.02204961 0.04726011 0.43529412 0.89019608 0.96078431
v 0.03292028 -0.02200804 0.04717107 0.43529412 0.89019608 0.96078431
v 0.03432473 -0.02194866 0.04704285 0.43529412 0.89019608 0.96078431
v 0.03432473 -0.02155673 0.04774092 0.43529412 0.89019608 0.96078431
v 0.03572918 -0.02074911 0.04869543 0.43529412 0.89019608 0.96078431
v 0.03572918 -0.02023247 0.04939706 0.43529412 0.89019608 0.96078431
v 0.03712338 -0.02004244 0.04917268 0.43529412 0.89019608 0.96078431
v 0.03812802 -0.01917543 0.04981376 0.43529412 0.89019608 0.96078431
v 0.03907116 -0.01899134 0.04961431 0.43529412 0.89019608 0.96078431
v 0.03993228 -0.01805902 0.05003814 0.43529412 0.89019608 0.96078431
v 0.04084466 -0.01918137 0.04842474 0.43529412 0.89019608 0.96078431
v 0.04130598 -0.01835000 0.04897679 0.43529412 0.89019608 0.96078431
v 0.04177754 -0.01746518 0.04952883 0.43529412 0.89019608 0.96078431
v 0.03993228 -0.01875975 0.04938637 0.43529412 0.89019608 0.96078431
v 0.04284370 -0.01706731 0.04908008 0.43529412 0.89019608 0.96078431
v 0.04326401 -0.01606966 0.04956445 0.43529412 0.89019608 0.96078431
v 0.04420714 -0.01565397 0.04905515 0.43529412 0.89019608 0.96078431
v 0.04458645 -0.01447817 0.04948253 0.43529412 0.89019608 0.96078431
v 0.04545782 -0.01402685 0.04891980 0.43529412 0.89019608 0.96078431
v 0.04629844 -0.01357554 0.04835707 0.43529412 0.89019608 0.96078431
v 0.04578587 -0.01275604 0.04926528 0.43529412 0.89019608 0.96078431
v 0.04508877 -0.01275604 0.04990280 0.43529412 0.89019608 0.96078431
v 0.04557059 -0.01121800 0.05006307 0.43529412 0.89019608 0.96078431
v 0.04623693 -0.01065979 0.04969267 0.43529412 0.89019608 0.96078431
v 0.04542707 -0.00989968 0.05055813 0.43529412 0.89019608 0.96078431
v 0.04570386 -0.00855166 0.05066142 0.43529412 0.89019608 0.96078431
v 0.04652397 -0.00855166 0.04996335 0.43529412 0.89019608 0.96078431
v 0.04668800 -0.00715020 0.05009869 0.43529412 0.89019608 0.96078431
v 0.04751837 -0.00574875 0.04956445 0.43529412 0.89019608 0.96078431
v 0.04759013 -0.00468578 0.04964280 0.43529412 0.89019608 0.96078431
v 0.04811295 -0.00427009 0.04910144 0.43529412 0.89019608 0.96078431
v 0.04834873 -0.00294583 0.04898747 0.43529412 0.89019608 0.96078431
v 0.04903558 -0.00216790 0.04828228 0.43529412 0.89019608 0.96078431
v 0.04855376 -0.00163938 0.04886638 0.43529412 0.89019608 0.96078431
v 0.04848200 -0.00014291 0.04905158 0.43529412 0.89019608 0.96078431
v 0.04850250 0.00125855 0.04908720 0.43529412 0.89019608 0.96078431
v 0.04853326 0.00266001 0.04910857 0.43529412 0.89019608 0.96078431
v 0.04854351 0.00406147 0.04912637 0.43529412 0.89019608 0.96078431
v 0.04855376 0.00545699 0.04914062 0.43529412 0.89019608 0.96078431
v 0.04855376 0.00685845 0.04913706 0.43529412 0.89019608 0.96078431
v -0.04856861 0.00685845 0.04913706 0.43529412 0.89019608 0.96078431
v -0.04856861 0.00545699 0.04914062 0.43529412 0.89019608 0.96078431
v -0.04855836 0.00406147 0.04912994 0.43529412 0.89019608 0.96078431
v -0.04854811 0.00266001 0.04910857 0.43529412 0.89019608 0.96078431
v -0.04588272 -0.00715020 0.05079319 0.43529412 0.89019608 0.96078431
v -0.04570845 -0.00855166 0.05065786 0.43529412 0.89019608 0.96078431
v -0.04625178 -0.01065385 0.04968910 0.43529412 0.89019608 0.96078431
v -0.04557518 -0.01121800 0.05005595 0.43529412 0.89019608 0.96078431
v -0.04851735 0.00125855 0.04908364 0.43529412 0.89019608 0.96078431
v -0.04848660 -0.00014291 0.04904802 0.43529412 0.89019608 0.96078431
v -0.04752296 -0.00574875 0.04955733 0.43529412 0.89019608 0.96078431
v -0.04669259 -0.00715020 0.05009156 0.43529412 0.89019608 0.96078431
v -0.04834307 -0.00294583 0.04898747 0.43529412 0.89019608 0.96078431
v -0.04900942 -0.00294583 0.04822173 0.43529412 0.89019608 0.96078431
v -0.04811754 -0.00424633 0.04909788 0.43529412 0.89019608 0.96078431
v -0.04907093 -0.00116431 0.04831077 0.43529412 0.89019608 0.96078431
v -0.04945023 -0.00159781 0.04771955 0.43529412 0.89019608 0.96078431
v -0.04813804 -0.00574875 0.04885569 0.43529412 0.89019608 0.96078431
v -0.04509336 -0.01275604 0.04989924 0.43529412 0.89019608 0.96078431
v -0.04580071 -0.01275604 0.04925459 0.43529412 0.89019608 0.96078431
v -0.04631329 -0.01356960 0.04835351 0.43529412 0.89019608 0.96078431
v -0.04547266 -0.01402685 0.04891624 0.43529412 0.89019608 0.96078431
v -0.04459104 -0.01447817 0.04947897 0.43529412 0.89019608 0.96078431
v -0.04421173 -0.01564803 0.04905158 0.43529412 0.89019608 0.96078431
v -0.04326860 -0.01606372 0.04956089 0.43529412 0.89019608 0.96078431
v -0.04285854 -0.01706137 0.04907651 0.43529412 0.89019608 0.96078431
v -0.04178214 -0.01745924 0.04952883 0.43529412 0.89019608 0.96078431
v -0.04084926 -0.01779179 0.04980664 0.43529412 0.89019608 0.96078431
v -0.03994713 -0.01805308 0.05003814 0.43529412 0.89019608 0.96078431
v -0.03907575 -0.01899134 0.04961075 0.43529412 0.89019608 0.96078431
v -0.03849142 -0.01974552 0.04896611 0.43529412 0.89019608 0.96078431
v -0.03791733 -0.02048782 0.04832146 0.43529412 0.89019608 0.96078431
v -0.03713823 -0.02004244 0.04916555 0.43529412 0.89019608 0.96078431
v -0.03574403 -0.02023247 0.04939706 0.43529412 0.89019608 0.96078431
v -0.03574403 -0.02074911 0.04869543 0.43529412 0.89019608 0.96078431
v -0.03433957 -0.02155673 0.04774092 0.43529412 0.89019608 0.96078431
v -0.03013648 -0.02208524 0.04732778 0.43529412 0.89019608 0.96078431
v -0.03153067 -0.02204961 0.04726011 0.43529412 0.89019608 0.96078431
v -0.02873203 -0.02210899 0.04737764 0.43529412 0.89019608 0.96078431
v -0.03433957 -0.02194272 0.04703929 0.43529412 0.89019608 0.96078431
v -0.03293512 -0.02200804 0.04717107 0.43529412 0.89019608 0.96078431
v -0.02732757 -0.02212087 0.04740257 0.43529412 0.89019608 0.96078431
v -0.02593337 -0.02213275 0.04742394 0.43529412 0.89019608 0.96078431
v -0.02452892 -0.02214463 0.04744175 0.43529412 0.89019608 0.96078431
v -0.01751692 -0.02215056 0.04744887 0.43529412 0.89019608 0.96078431
v -0.01612272 -0.02215056 0.04745243 0.43529412 0.89019608 0.96078431
v -0.01331382 -0.02215056 0.04745599 0.43529412 0.89019608 0.96078431
v 0.05224429 0.00825991 0.03917888 0.43529412 0.89019608 0.96078431
v 0.05030676 0.00266001 0.04662971 0.43529412 0.89019608 0.96078431
v 0.04972243 0.00406147 0.04758777 0.43529412 0.89019608 0.96078431
v 0.04970193 0.00266001 0.04758777 0.43529412 0.89019608 0.96078431
v 0.04915860 0.00545699 0.04843899 0.43529412 0.89019608 0.96078431
v 0.05028626 0.00125855 0.04659765 0.43529412 0.89019608 0.96078431
v 0.05064506 0.00125855 0.04589602 0.43529412 0.89019608 0.96078431
v 0.05111663 0.00125855 0.04478481 0.43529412 0.89019608 0.96078431
v 0.05156769 0.00125855 0.04338154 0.43529412 0.89019608 0.96078431
v 0.05181373 0.00266001 0.04251964 0.43529412 0.89019608 0.96078431
v 0.05195725 0.00406147 0.04188924 0.43529412 0.89019608 0.96078431
v 0.05215203 0.00406147 0.04057858 0.43529412 0.89019608 0.96078431
v 0.05226479 0.00685845 0.03917888 0.43529412 0.89019608 0.96078431
v 0.05227504 0.00966136 0.03637947 0.43529412 0.89019608 0.96078431
v 0.05229555 0.00825991 0.03777918 0.43529412 0.89019608 0.96078431
v 0.05216228 0.01246428 0.02656732 0.43529412 0.89019608 0.96078431
v 0.05205976 0.01386574 0.02656732 0.43529412 0.89019608 0.96078431
v 0.05229555 0.00966136 0.02096138 0.43529412 0.89019608 0.96078431
v 0.05223404 0.01106282 0.02656732 0.43529412 0.89019608 0.96078431
v 0.05192649 0.01526720 0.02516761 0.43529412 0.89019608 0.96078431
v 0.05204951 0.01386574 0.02376435 0.43529412 0.89019608 0.96078431
v 0.05202901 0.01386574 0.02096138 0.43529412 0.89019608 0.96078431
v 0.05201876 0.01386574 0.01963648 0.43529412 0.89019608 0.96078431
v -0.05101871 0.02087304 0.01963648 0.43529412 0.89019608 0.96078431
v -0.05103921 0.02087304 0.02096138 0.43529412 0.89019608 0.96078431
v -0.05134675 0.01947158 0.02096138 0.43529412 0.89019608 0.96078431
v -0.05159279 0.01807012 0.02096138 0.43529412 0.89019608 0.96078431
v -0.05177732 0.01673992 0.02096138 0.43529412 0.89019608 0.96078431
v -0.05185933 0.01601543 0.02008167 0.43529412 0.89019608 0.96078431
v -0.05191058 0.01540972 0.01963648 0.43529412 0.89019608 0.96078431
v -0.05207461 0.01386574 0.02096138 0.43529412 0.89019608 0.96078431
v -0.05195159 0.01526720 0.02236465 0.43529412 0.89019608 0.96078431
v -0.05207461 0.01386574 0.02656732 0.43529412 0.89019608 0.96078431
v -0.05217712 0.01246428 0.02656732 0.43529412 0.89019608 0.96078431
v -0.05224888 0.01106282 0.03357651 0.43529412 0.89019608 0.96078431
v -0.05228989 0.00966136 0.03637947 0.43529412 0.89019608 0.96078431
v -0.05233090 0.00825991 0.03637947 0.43529412 0.89019608 0.96078431
v -0.05235140 0.00685845 0.03637947 0.43529412 0.89019608 0.96078431
v -0.05234114 0.00545699 0.03777918 0.43529412 0.89019608 0.96078431
v -0.05227964 0.00685845 0.03917888 0.43529412 0.89019608 0.96078431
v -0.05032161 0.00266001 0.04663327 0.43529412 0.89019608 0.96078431
v -0.04971677 0.00266001 0.04758777 0.43529412 0.89019608 0.96078431
v -0.04973728 0.00406147 0.04758777 0.43529412 0.89019608 0.96078431
v -0.04917344 0.00545699 0.04843899 0.43529412 0.89019608 0.96078431
v -0.05228989 0.00545699 0.03917888 0.43529412 0.89019608 0.96078431
v -0.05216687 0.00406147 0.04057858 0.43529412 0.89019608 0.96078431
v -0.05183882 0.00406147 0.04259443 0.43529412 0.89019608 0.96078431
v -0.05197209 0.00545699 0.04189637 0.43529412 0.89019608 0.96078431
v -0.05158254 0.00125855 0.04338154 0.43529412 0.89019608 0.96078431
v -0.05182857 0.00266001 0.04253745 0.43529412 0.89019608 0.96078431
v -0.05181832 0.00125855 0.04245909 0.43529412 0.89019608 0.96078431
v -0.05153128 -0.00014291 0.04338154 0.43529412 0.89019608 0.96078431
v -0.05106997 -0.00014291 0.04478481 0.43529412 0.89019608 0.96078431
v -0.05062915 -0.00014291 0.04583547 0.43529412 0.89019608 0.96078431
v -0.05065991 0.00125855 0.04589602 0.43529412 0.89019608 0.96078431
v 0.01050033 -0.02272065 0.04618451 0.43529412 0.89019608 0.96078431
v 0.01890653 -0.02271471 0.04618451 0.43529412 0.89019608 0.96078431
v 0.02310963 -0.02270877 0.04618451 0.43529412 0.89019608 0.96078431
v 0.02451408 -0.02269690 0.04618451 0.43529412 0.89019608 0.96078431
v 0.02591853 -0.02267908 0.04618451 0.43529412 0.89019608 0.96078431
v 0.02871718 -0.02263157 0.04618451 0.43529412 0.89019608 0.96078431
v 0.03012163 -0.02259000 0.04618451 0.43529412 0.89019608 0.96078431
v 0.03152608 -0.02251874 0.04618451 0.43529412 0.89019608 0.96078431
v 0.03292028 -0.02243561 0.04618451 0.43529412 0.89019608 0.96078431
v 0.03432473 -0.02231684 0.04618451 0.43529412 0.89019608 0.96078431
v 0.03519610 -0.02189521 0.04693956 0.43529412 0.89019608 0.96078431
v 0.03568817 -0.02150328 0.04747737 0.43529412 0.89019608 0.96078431
v 0.03712338 -0.02114104 0.04758777 0.43529412 0.89019608 0.96078431
v 0.03712338 -0.02059471 0.04847104 0.43529412 0.89019608 0.96078431
v 0.03791274 -0.02049375 0.04832146 0.43529412 0.89019608 0.96078431
v 0.03848683 -0.01975146 0.04896966 0.43529412 0.89019608 0.96078431
v 0.03884563 -0.02032154 0.04808996 0.43529412 0.89019608 0.96078431
v 0.03993228 -0.01939515 0.04868474 0.43529412 0.89019608 0.96078431
v 0.04004505 -0.02016121 0.04760914 0.43529412 0.89019608 0.96078431
v 0.04057812 -0.02044625 0.04685052 0.43529412 0.89019608 0.96078431
v 0.04131623 -0.01952580 0.04761627 0.43529412 0.89019608 0.96078431
v 0.04177754 -0.01890820 0.04810064 0.43529412 0.89019608 0.96078431
v 0.04243364 -0.01796994 0.04859570 0.43529412 0.89019608 0.96078431
v 0.04336652 -0.01760176 0.04821105 0.43529412 0.89019608 0.96078431
v 0.04382784 -0.01666943 0.04862775 0.43529412 0.89019608 0.96078431
v 0.04509902 -0.01523828 0.04854940 0.43529412 0.89019608 0.96078431
v 0.04649322 -0.01275604 0.04856365 0.43529412 0.89019608 0.96078431
v 0.04914835 -0.01370024 0.04302182 0.43529412 0.89019608 0.96078431
v 0.04917910 -0.01241755 0.04438947 0.43529412 0.89019608 0.96078431
v 0.04913810 -0.01092108 0.04567164 0.43529412 0.89019608 0.96078431
v 0.04747736 -0.01135458 0.04799735 0.43529412 0.89019608 0.96078431
v 0.04605240 -0.01159805 0.04951815 0.43529412 0.89019608 0.96078431
v 0.04633945 -0.00995312 0.04978883 0.43529412 0.89019608 0.96078431
v 0.04666749 -0.01121800 0.04902665 0.43529412 0.89019608 0.96078431
v 0.04761063 -0.01057071 0.04825735 0.43529412 0.89019608 0.96078431
v 0.04714931 -0.01004220 0.04891980 0.43529412 0.89019608 0.96078431
v 0.04723132 -0.00855166 0.04926528 0.43529412 0.89019608 0.96078431
v 0.04739535 -0.00715020 0.04943623 0.43529412 0.89019608 0.96078431
v 0.04802069 -0.00715020 0.04873817 0.43529412 0.89019608 0.96078431
v 0.04813345 -0.00574875 0.04886638 0.43529412 0.89019608 0.96078431
v 0.04892282 -0.00434729 0.04813625 0.43529412 0.89019608 0.96078431
v 0.04899458 -0.00294583 0.04823242 0.43529412 0.89019608 0.96078431
v 0.04906634 -0.00122963 0.04831434 0.43529412 0.89019608 0.96078431
v 0.04946614 -0.00294583 0.04753435 0.43529412 0.89019608 0.96078431
v 0.04943539 -0.00163938 0.04772312 0.43529412 0.89019608 0.96078431
v 0.04960966 -0.00014291 0.04758777 0.43529412 0.89019608 0.96078431
v 0.04909709 -0.00014291 0.04835351 0.43529412 0.89019608 0.96078431
v 0.04911759 0.00125855 0.04838557 0.43529412 0.89019608 0.96078431
v 0.04913810 0.00266001 0.04841050 0.43529412 0.89019608 0.96078431
v 0.04914835 0.00406147 0.04842830 0.43529412 0.89019608 0.96078431
v -0.04916319 0.00406147 0.04842830 0.43529412 0.89019608 0.96078431
v -0.04915294 0.00266001 0.04841050 0.43529412 0.89019608 0.96078431
v -0.04913244 0.00125855 0.04838557 0.43529412 0.89019608 0.96078431
v -0.04653882 -0.00855166 0.04995623 0.43529412 0.89019608 0.96078431
v -0.04634404 -0.00995312 0.04978527 0.43529412 0.89019608 0.96078431
v -0.04605700 -0.01159212 0.04951103 0.43529412 0.89019608 0.96078431
v -0.04723592 -0.00855166 0.04925815 0.43529412 0.89019608 0.96078431
v -0.04715391 -0.01003626 0.04891624 0.43529412 0.89019608 0.96078431
v -0.04762547 -0.01055884 0.04825379 0.43529412 0.89019608 0.96078431
v -0.04667209 -0.01121800 0.04902309 0.43529412 0.89019608 0.96078431
v -0.04910168 -0.00014291 0.04834639 0.43529412 0.89019608 0.96078431
v -0.04802528 -0.00715020 0.04872748 0.43529412 0.89019608 0.96078431
v -0.04739994 -0.00715020 0.04942911 0.43529412 0.89019608 0.96078431
v -0.04947073 -0.00294583 0.04752366 0.43529412 0.89019608 0.96078431
v -0.04940923 -0.00434729 0.04742394 0.43529412 0.89019608 0.96078431
v -0.04892741 -0.00434729 0.04812557 0.43529412 0.89019608 0.96078431
v -0.04962451 -0.00014291 0.04758777 0.43529412 0.89019608 0.96078431
v -0.05027035 -0.00014291 0.04653711 0.43529412 0.89019608 0.96078431
v -0.05022934 -0.00154437 0.04645519 0.43529412 0.89019608 0.96078431
v -0.04884540 -0.00574875 0.04799735 0.43529412 0.89019608 0.96078431
v -0.04649781 -0.01275604 0.04855652 0.43529412 0.89019608 0.96078431
v -0.04510361 -0.01523235 0.04854228 0.43529412 0.89019608 0.96078431
v -0.04748195 -0.01135458 0.04799379 0.43529412 0.89019608 0.96078431
v -0.04914269 -0.01091514 0.04566452 0.43529412 0.89019608 0.96078431
v -0.04919395 -0.01241161 0.04438947 0.43529412 0.89019608 0.96078431
v -0.04915294 -0.01368837 0.04301470 0.43529412 0.89019608 0.96078431
v -0.04383243 -0.01666350 0.04862775 0.43529412 0.89019608 0.96078431
v -0.04338137 -0.01760176 0.04820393 0.43529412 0.89019608 0.96078431
v -0.04244848 -0.01796994 0.04859214 0.43529412 0.89019608 0.96078431
v -0.04132082 -0.01835000 0.04897323 0.43529412 0.89019608 0.96078431
v -0.04085951 -0.01918137 0.04842118 0.43529412 0.89019608 0.96078431
v -0.03994713 -0.01875381 0.04937925 0.43529412 0.89019608 0.96078431
v -0.03994713 -0.01939515 0.04868118 0.43529412 0.89019608 0.96078431
v -0.03885022 -0.02032154 0.04808639 0.43529412 0.89019608 0.96078431
v -0.03713823 -0.02113510 0.04758777 0.43529412 0.89019608 0.96078431
v -0.03713823 -0.02059471 0.04846748 0.43529412 0.89019608 0.96078431
v -0.03845041 -0.02076098 0.04760558 0.43529412 0.89019608 0.96078431
v -0.03570302 -0.02150328 0.04747737 0.43529412 0.89019608 0.96078431
v -0.03520070 -0.02189521 0.04693600 0.43529412 0.89019608 0.96078431
v -0.03013648 -0.02259000 0.04618451 0.43529412 0.89019608 0.96078431
v -0.03153067 -0.02251874 0.04618451 0.43529412 0.89019608 0.96078431
v -0.02873203 -0.02263157 0.04618451 0.43529412 0.89019608 0.96078431
v -0.02593337 -0.02267908 0.04618451 0.43529412 0.89019608 0.96078431
v -0.03433957 -0.02231684 0.04618451 0.43529412 0.89019608 0.96078431
v -0.03293512 -0.02243561 0.04618451 0.43529412 0.89019608 0.96078431
v -0.02452892 -0.02269690 0.04618451 0.43529412 0.89019608 0.96078431
v -0.02312447 -0.02270877 0.04618451 0.43529412 0.89019608 0.96078431
v -0.01892137 -0.02271471 0.04618451 0.43529412 0.89019608 0.96078431
v 0.00909588 -0.02272065 0.04618451 0.43529412 0.89019608 0.96078431
v 0.04966092 0.00125855 0.04758777 0.43529412 0.89019608 0.96078431
v 0.05026576 -0.00014291 0.04654423 0.43529412 0.89019608 0.96078431
v 0.05061431 -0.00014291 0.04584260 0.43529412 0.89019608 0.96078431
v 0.05106537 -0.00014291 0.04478481 0.43529412 0.89019608 0.96078431
v 0.05151644 -0.00014291 0.04338154 0.43529412 0.89019608 0.96078431
v 0.05177272 -0.00014291 0.04233088 0.43529412 0.89019608 0.96078431
v 0.05179323 0.00125855 0.04244485 0.43529412 0.89019608 0.96078431
v 0.05194700 0.00266001 0.04181801 0.43529412 0.89019608 0.96078431
v 0.05213152 0.00266001 0.04057858 0.43529412 0.89019608 0.96078431
v 0.05226479 0.00406147 0.03917888 0.43529412 0.89019608 0.96078431
v 0.05231605 0.00685845 0.03777918 0.43529412 0.89019608 0.96078431
v 0.05231605 0.00825991 0.03637947 0.43529412 0.89019608 0.96078431
v 0.05232630 0.00825991 0.03497621 0.43529412 0.89019608 0.96078431
v 0.05223404 0.01106282 0.02096138 0.43529412 0.89019608 0.96078431
v 0.05214178 0.01246428 0.02096138 0.43529412 0.89019608 0.96078431
v 0.05232630 0.00825991 0.02236465 0.43529412 0.89019608 0.96078431
v 0.05234680 0.00685845 0.02236465 0.43529412 0.89019608 0.96078431
v 0.05234680 0.00545699 0.02096138 0.43529412 0.89019608 0.96078431
v 0.05232630 0.00545699 0.01963648 0.43529412 0.89019608 0.96078431
v 0.05226479 0.00966136 0.01963648 0.43529412 0.89019608 0.96078431
v 0.05221354 0.01098562 0.01963648 0.43529412 0.89019608 0.96078431
v 0.05213152 0.01238708 0.01963648 0.43529412 0.89019608 0.96078431
v -0.05130575 0.01954877 0.01963648 0.43529412 0.89019608 0.96078431
v -0.05155178 0.01814731 0.01963648 0.43529412 0.89019608 0.96078431
v -0.05178757 0.01650832 0.01963648 0.43529412 0.89019608 0.96078431
v -0.05185933 0.01594418 0.01963648 0.43529412 0.89019608 0.96078431
v -0.05204385 0.01394294 0.01963648 0.43529412 0.89019608 0.96078431
v -0.05214637 0.01246428 0.01963648 0.43529412 0.89019608 0.96078431
v -0.05216687 0.01246428 0.02096138 0.43529412 0.89019608 0.96078431
v -0.05217712 0.01246428 0.02516761 0.43529412 0.89019608 0.96078431
v -0.05224888 0.01106282 0.02096138 0.43529412 0.89019608 0.96078431
v -0.05230014 0.00966136 0.02656732 0.43529412 0.89019608 0.96078431
v -0.05234114 0.00825991 0.03497621 0.43529412 0.89019608 0.96078431
v -0.05236165 0.00685845 0.02236465 0.43529412 0.89019608 0.96078431
v -0.05236165 0.00545699 0.03357651 0.43529412 0.89019608 0.96078431
v -0.05236165 0.00406147 0.03637947 0.43529412 0.89019608 0.96078431
v -0.05233090 0.00406147 0.03777918 0.43529412 0.89019608 0.96078431
v -0.05228989 0.00406147 0.03917888 0.43529412 0.89019608 0.96078431
v -0.05030110 0.00125855 0.04659409 0.43529412 0.89019608 0.96078431
v -0.04967576 0.00125855 0.04758777 0.43529412 0.89019608 0.96078431
v -0.05214637 0.00266001 0.04057858 0.43529412 0.89019608 0.96078431
v -0.05196184 0.00266001 0.04183938 0.43529412 0.89019608 0.96078431
v -0.05197209 0.00406147 0.04189280 0.43529412 0.89019608 0.96078431
v -0.05178757 -0.00014291 0.04231663 0.43529412 0.89019608 0.96078431
v -0.05194134 0.00125855 0.04175746 0.43529412 0.89019608 0.96078431
v -0.05192084 -0.00014291 0.04161500 0.43529412 0.89019608 0.96078431
v -0.05143902 -0.00154437 0.04338154 0.43529412 0.89019608 0.96078431
v -0.05098795 -0.00154437 0.04478481 0.43529412 0.89019608 0.96078431
v -0.05058815 -0.00154437 0.04575712 0.43529412 0.89019608 0.96078431
v 0.01050033 -0.02314227 0.04508754 0.43529412 0.89019608 0.96078431
v 0.01610788 -0.02313633 0.04508754 0.43529412 0.89019608 0.96078431
v 0.02310963 -0.02313040 0.04505193 0.43529412 0.89019608 0.96078431
v 0.02451408 -0.02312446 0.04503768 0.43529412 0.89019608 0.96078431
v 0.01890653 -0.02313633 0.04507330 0.43529412 0.89019608 0.96078431
v 0.02591853 -0.02311258 0.04500563 0.43529412 0.89019608 0.96078431
v 0.02871718 -0.02308883 0.04493083 0.43529412 0.89019608 0.96078431
v 0.03012163 -0.02307101 0.04486673 0.43529412 0.89019608 0.96078431
v 0.03292028 -0.02294631 0.04478481 0.43529412 0.89019608 0.96078431
v 0.03432473 -0.02283942 0.04478481 0.43529412 0.89019608 0.96078431
v 0.03572918 -0.02266720 0.04478481 0.43529412 0.89019608 0.96078431
v 0.03568817 -0.02210899 0.04625930 0.43529412 0.89019608 0.96078431
v 0.03612899 -0.02181801 0.04677929 0.43529412 0.89019608 0.96078431
v 0.03712338 -0.02171112 0.04655491 0.43529412 0.89019608 0.96078431
v 0.03843557 -0.02076692 0.04760914 0.43529412 0.89019608 0.96078431
v 0.03964524 -0.02063034 0.04715682 0.43529412 0.89019608 0.96078431
v 0.04132648 -0.02063628 0.04581767 0.43529412 0.89019608 0.96078431
v 0.04204408 -0.02047000 0.04550068 0.43529412 0.89019608 0.96078431
v 0.04132648 -0.02025028 0.04651930 0.43529412 0.89019608 0.96078431
v 0.04004505 -0.02093913 0.04630560 0.43529412 0.89019608 0.96078431
v 0.04232087 -0.01926451 0.04716750 0.43529412 0.89019608 0.96078431
v 0.04363306 -0.01795806 0.04727791 0.43529412 0.89019608 0.96078431
v 0.04784641 -0.01656254 0.04173253 0.43529412 0.89019608 0.96078431
v 0.04890231 -0.01463257 0.04222759 0.43529412 0.89019608 0.96078431
v 0.04904583 -0.01486417 0.04129446 0.43529412 0.89019608 0.96078431
v 0.04923036 -0.01416344 0.04185006 0.43529412 0.89019608 0.96078431
v 0.04977369 -0.01275604 0.04198184 0.43529412 0.89019608 0.96078431
v 0.04935338 -0.01283324 0.04344565 0.43529412 0.89019608 0.96078431
v 0.04987620 -0.01135458 0.04338154 0.43529412 0.89019608 0.96078431
v 0.04934313 -0.01137240 0.04482755 0.43529412 0.89019608 0.96078431
v 0.04977369 -0.00995312 0.04478481 0.43529412 0.89019608 0.96078431
v 0.04927137 -0.00995312 0.04592808 0.43529412 0.89019608 0.96078431
v 0.04889206 -0.00995312 0.04662615 0.43529412 0.89019608 0.96078431
v 0.04774390 -0.00963839 0.04840694 0.43529412 0.89019608 0.96078431
v 0.04814370 -0.01004220 0.04770886 0.43529412 0.89019608 0.96078431
v 0.04787717 -0.00855166 0.04856365 0.43529412 0.89019608 0.96078431
v 0.04871778 -0.00715020 0.04784064 0.43529412 0.89019608 0.96078431
v 0.04883055 -0.00574875 0.04800804 0.43529412 0.89019608 0.96078431
v 0.04931237 -0.00574875 0.04730641 0.43529412 0.89019608 0.96078431
v 0.04939438 -0.00434729 0.04743463 0.43529412 0.89019608 0.96078431
v 0.05016324 -0.00294583 0.04636259 0.43529412 0.89019608 0.96078431
v 0.05022475 -0.00154437 0.04646587 0.43529412 0.89019608 0.96078431
v -0.04788176 -0.00855166 0.04855652 0.43529412 0.89019608 0.96078431
v -0.04774849 -0.00962057 0.04840338 0.43529412 0.89019608 0.96078431
v -0.04865062 -0.00858729 0.04750942 0.43529412 0.89019608 0.96078431
v -0.04814830 -0.01003626 0.04770531 0.43529412 0.89019608 0.96078431
v -0.04889665 -0.00995312 0.04661546 0.43529412 0.89019608 0.96078431
v -0.04873263 -0.00715020 0.04782996 0.43529412 0.89019608 0.96078431
v -0.05017809 -0.00294583 0.04634834 0.43529412 0.89019608 0.96078431
v -0.05016784 -0.00439479 0.04608479 0.43529412 0.89019608 0.96078431
v -0.04931696 -0.00574875 0.04729572 0.43529412 0.89019608 0.96078431
v -0.04921445 -0.00715020 0.04712833 0.43529412 0.89019608 0.96078431
v -0.04363765 -0.01794619 0.04727079 0.43529412 0.89019608 0.96078431
v -0.04825081 -0.01569554 0.04211362 0.43529412 0.89019608 0.96078431
v -0.04785100 -0.01655660 0.04173253 0.43529412 0.89019608 0.96078431
v -0.04927596 -0.00995312 0.04591383 0.43529412 0.89019608 0.96078431
v -0.04977828 -0.00995312 0.04478481 0.43529412 0.89019608 0.96078431
v -0.04935797 -0.01137240 0.04482755 0.43529412 0.89019608 0.96078431
v -0.04987054 -0.01135458 0.04338154 0.43529412 0.89019608 0.96078431
v -0.04935797 -0.01283324 0.04344209 0.43529412 0.89019608 0.96078431
v -0.04976803 -0.01275604 0.04198184 0.43529412 0.89019608 0.96078431
v -0.04928621 -0.01397935 0.04198184 0.43529412 0.89019608 0.96078431
v -0.04894791 -0.01468008 0.04198184 0.43529412 0.89019608 0.96078431
v -0.04232547 -0.01926451 0.04716394 0.43529412 0.89019608 0.96078431
v -0.04179239 -0.01890227 0.04809708 0.43529412 0.89019608 0.96078431
v -0.04059297 -0.02044031 0.04684697 0.43529412 0.89019608 0.96078431
v -0.04004964 -0.02015527 0.04760558 0.43529412 0.89019608 0.96078431
v -0.04133107 -0.01951986 0.04761270 0.43529412 0.89019608 0.96078431
v -0.03966009 -0.02063034 0.04715326 0.43529412 0.89019608 0.96078431
v -0.03713823 -0.02170518 0.04655135 0.43529412 0.89019608 0.96078431
v -0.03613358 -0.02181208 0.04677573 0.43529412 0.89019608 0.96078431
v -0.03853242 -0.02154485 0.04612396 0.43529412 0.89019608 0.96078431
v -0.03570302 -0.02210899 0.04625930 0.43529412 0.89019608 0.96078431
v -0.03013648 -0.02307101 0.04486673 0.43529412 0.89019608 0.96078431
v -0.03293512 -0.02294631 0.04478481 0.43529412 0.89019608 0.96078431
v -0.02873203 -0.02308883 0.04493083 0.43529412 0.89019608 0.96078431
v -0.02593337 -0.02311258 0.04500206 0.43529412 0.89019608 0.96078431
v -0.02452892 -0.02312446 0.04503768 0.43529412 0.89019608 0.96078431
v -0.03433957 -0.02283348 0.04478481 0.43529412 0.89019608 0.96078431
v -0.03574403 -0.02266126 0.04478481 0.43529412 0.89019608 0.96078431
v -0.02312447 -0.02313040 0.04505193 0.43529412 0.89019608 0.96078431
v -0.01892137 -0.02313633 0.04507330 0.43529412 0.89019608 0.96078431
v -0.01612272 -0.02313633 0.04508754 0.43529412 0.89019608 0.96078431
v -0.00070452 -0.02313633 0.04510179 0.43529412 0.89019608 0.96078431
v 0.00629723 -0.02314227 0.04508754 0.43529412 0.89019608 0.96078431
v 0.05058355 -0.00154437 0.04576780 0.43529412 0.89019608 0.96078431
v 0.05098336 -0.00154437 0.04478481 0.43529412 0.89019608 0.96078431
v 0.05143443 -0.00154437 0.04338154 0.43529412 0.89019608 0.96078431
v 0.05174197 -0.00154437 0.04212787 0.43529412 0.89019608 0.96078431
v 0.05190599 -0.00014291 0.04162924 0.43529412 0.89019608 0.96078431
v 0.05192649 0.00125855 0.04174322 0.43529412 0.89019608 0.96078431
v 0.05210077 0.00125855 0.04057858 0.43529412 0.89019608 0.96078431
v 0.05224429 0.00266001 0.03917888 0.43529412 0.89019608 0.96078431
v 0.05231605 0.00406147 0.03777918 0.43529412 0.89019608 0.96078431
v 0.05234680 0.00406147 0.03637947 0.43529412 0.89019608 0.96078431
v 0.05233655 0.00685845 0.03637947 0.43529412 0.89019608 0.96078431
v 0.05234680 0.00545699 0.03497621 0.43529412 0.89019608 0.96078431
v 0.05234680 0.00406147 0.02096138 0.43529412 0.89019608 0.96078431
v 0.05232630 0.00537979 0.01963648 0.43529412 0.89019608 0.96078431
v -0.05221813 0.01106282 0.01963648 0.43529412 0.89019608 0.96078431
v -0.05227964 0.00966136 0.01963648 0.43529412 0.89019608 0.96078431
v -0.05230014 0.00966136 0.02096138 0.43529412 0.89019608 0.96078431
v -0.05234114 0.00825991 0.02236465 0.43529412 0.89019608 0.96078431
v -0.05236165 0.00545699 0.02096138 0.43529412 0.89019608 0.96078431
v -0.05234114 0.00266001 0.03637947 0.43529412 0.89019608 0.96078431
v -0.05236165 0.00406147 0.02096138 0.43529412 0.89019608 0.96078431
v -0.05231039 0.00266001 0.03777918 0.43529412 0.89019608 0.96078431
v -0.05222838 0.00125855 0.03917888 0.43529412 0.89019608 0.96078431
v -0.05211561 0.00125855 0.04057858 0.43529412 0.89019608 0.96078431
v -0.05185933 -0.00224510 0.04128021 0.43529412 0.89019608 0.96078431
v -0.05176706 -0.00168095 0.04193554 0.43529412 0.89019608 0.96078431
v -0.05167480 -0.00294583 0.04198184 0.43529412 0.89019608 0.96078431
v -0.05205410 -0.00014291 0.04057858 0.43529412 0.89019608 0.96078431
v -0.05133650 -0.00294583 0.04338154 0.43529412 0.89019608 0.96078431
v -0.05087519 -0.00294583 0.04478481 0.43529412 0.89019608 0.96078431
v -0.05053689 -0.00294583 0.04564671 0.43529412 0.89019608 0.96078431
v 0.00068968 -0.02337387 0.04440016 0.43529412 0.89019608 0.96078431
v 0.00209413 -0.02337387 0.04439659 0.43529412 0.89019608 0.96078431
v 0.01610788 -0.02336199 0.04438591 0.43529412 0.89019608 0.96078431
v 0.02171543 -0.02335605 0.04435742 0.43529412 0.89019608 0.96078431
v 0.02310963 -0.02335012 0.04435386 0.43529412 0.89019608 0.96078431
v 0.02451408 -0.02334418 0.04433605 0.43529412 0.89019608 0.96078431
v 0.02591853 -0.02333824 0.04430399 0.43529412 0.89019608 0.96078431
v 0.01750208 -0.02336199 0.04437878 0.43529412 0.89019608 0.96078431
v 0.02871718 -0.02331449 0.04422920 0.43529412 0.89019608 0.96078431
v 0.03012163 -0.02329667 0.04416865 0.43529412 0.89019608 0.96078431
v 0.03096225 -0.02327886 0.04411167 0.43529412 0.89019608 0.96078431
v 0.03146457 -0.02307101 0.04466015 0.43529412 0.89019608 0.96078431
v 0.03292028 -0.02321947 0.04390154 0.43529412 0.89019608 0.96078431
v 0.03432473 -0.02316603 0.04369852 0.43529412 0.89019608 0.96078431
v 0.03572918 -0.02310071 0.04331744 0.43529412 0.89019608 0.96078431
v 0.03712338 -0.02284536 0.04338154 0.43529412 0.89019608 0.96078431
v 0.03712338 -0.02242373 0.04478481 0.43529412 0.89019608 0.96078431
v 0.03712338 -0.02202586 0.04585328 0.43529412 0.89019608 0.96078431
v 0.03804601 -0.02192491 0.04561822 0.43529412 0.89019608 0.96078431
v 0.03851758 -0.02155079 0.04612753 0.43529412 0.89019608 0.96078431
v 0.03995279 -0.02163986 0.04480974 0.43529412 0.89019608 0.96078431
v 0.04132648 -0.02108759 0.04478481 0.43529412 0.89019608 0.96078431
v 0.04217735 -0.02061846 0.04478481 0.43529412 0.89019608 0.96078431
v 0.04373558 -0.02066003 0.04166130 0.43529412 0.89019608 0.96078431
v 0.04615492 -0.01899134 0.04087775 0.43529412 0.89019608 0.96078431
v 0.04129573 -0.02157454 0.04339223 0.43529412 0.89019608 0.96078431
v 0.04177754 -0.02174081 0.04198184 0.43529412 0.89019608 0.96078431
v 0.03897890 -0.02179426 0.04529055 0.43529412 0.89019608 0.96078431
v 0.04750812 -0.01748893 0.04057858 0.43529412 0.89019608 0.96078431
v 0.04798993 -0.01678820 0.04057858 0.43529412 0.89019608 0.96078431
v 0.04869729 -0.01564803 0.04057858 0.43529412 0.89019608 0.96078431
v 0.04908684 -0.01494730 0.04057858 0.43529412 0.89019608 0.96078431
v 0.04944564 -0.01415750 0.04057858 0.43529412 0.89019608 0.96078431
v 0.05000947 -0.01275604 0.04057858 0.43529412 0.89019608 0.96078431
v 0.05034777 -0.01174058 0.04057858 0.43529412 0.89019608 0.96078431
v 0.05049129 -0.01082012 0.04150103 0.43529412 0.89019608 0.96078431
v 0.05024526 -0.01131301 0.04197472 0.43529412 0.89019608 0.96078431
v 0.05038878 -0.01044601 0.04243772 0.43529412 0.89019608 0.96078431
v 0.05024526 -0.00996500 0.04337086 0.43529412 0.89019608 0.96078431
v 0.05036827 -0.00888421 0.04383387 0.43529412 0.89019608 0.96078431
v 0.05015299 -0.00847446 0.04467796 0.43529412 0.89019608 0.96078431
v 0.04939438 -0.00859917 0.04628779 0.43529412 0.89019608 0.96078431
v 0.04900483 -0.00909206 0.04681847 0.43529412 0.89019608 0.96078431
v 0.04864602 -0.00859917 0.04751298 0.43529412 0.89019608 0.96078431
v 0.04910734 -0.00815973 0.04699655 0.43529412 0.89019608 0.96078431
v 0.04919961 -0.00715020 0.04713901 0.43529412 0.89019608 0.96078431
v 0.04994796 -0.00574875 0.04618451 0.43529412 0.89019608 0.96078431
v 0.05016324 -0.00442448 0.04609191 0.43529412 0.89019608 0.96078431
v 0.05053230 -0.00294583 0.04566096 0.43529412 0.89019608 0.96078431
v -0.04912219 -0.00814191 0.04698942 0.43529412 0.89019608 0.96078431
v -0.04900942 -0.00907424 0.04681135 0.43529412 0.89019608 0.96078431
v -0.05048563 -0.00396129 0.04555055 0.43529412 0.89019608 0.96078431
v -0.04994230 -0.00574875 0.04618451 0.43529412 0.89019608 0.96078431
v -0.05043437 -0.00489956 0.04544726 0.43529412 0.89019608 0.96078431
v -0.04973728 -0.00715020 0.04618451 0.43529412 0.89019608 0.96078431
v -0.04615951 -0.01898541 0.04083857 0.43529412 0.89019608 0.96078431
v -0.04204868 -0.02047000 0.04549713 0.43529412 0.89019608 0.96078431
v -0.04905043 -0.01485823 0.04126597 0.43529412 0.89019608 0.96078431
v -0.04800478 -0.01677633 0.04057858 0.43529412 0.89019608 0.96078431
v -0.04751271 -0.01747705 0.04057858 0.43529412 0.89019608 0.96078431
v -0.04940923 -0.00858729 0.04628067 0.43529412 0.89019608 0.96078431
v -0.05015758 -0.00846259 0.04467440 0.43529412 0.89019608 0.96078431
v -0.05047538 -0.00794001 0.04413304 0.43529412 0.89019608 0.96078431
v -0.05037286 -0.00887234 0.04381606 0.43529412 0.89019608 0.96078431
v -0.05026010 -0.00995906 0.04336373 0.43529412 0.89019608 0.96078431
v -0.05040362 -0.01042225 0.04241635 0.43529412 0.89019608 0.96078431
v -0.05024985 -0.01130113 0.04196047 0.43529412 0.89019608 0.96078431
v -0.05035236 -0.01171682 0.04057858 0.43529412 0.89019608 0.96078431
v -0.05000381 -0.01275604 0.04057858 0.43529412 0.89019608 0.96078431
v -0.04936822 -0.01429408 0.04071392 0.43529412 0.89019608 0.96078431
v -0.04134132 -0.02025028 0.04651573 0.43529412 0.89019608 0.96078431
v -0.04134132 -0.02063628 0.04581410 0.43529412 0.89019608 0.96078431
v -0.04004964 -0.02093319 0.04630204 0.43529412 0.89019608 0.96078431
v -0.03806086 -0.02192491 0.04561465 0.43529412 0.89019608 0.96078431
v -0.03713823 -0.02202586 0.04584972 0.43529412 0.89019608 0.96078431
v -0.03899374 -0.02179426 0.04528699 0.43529412 0.89019608 0.96078431
v -0.03013648 -0.02329667 0.04416865 0.43529412 0.89019608 0.96078431
v -0.03147942 -0.02307101 0.04466015 0.43529412 0.89019608 0.96078431
v -0.03097709 -0.02327886 0.04410811 0.43529412 0.89019608 0.96078431
v -0.03293512 -0.02321947 0.04390154 0.43529412 0.89019608 0.96078431
v -0.02873203 -0.02331449 0.04422920 0.43529412 0.89019608 0.96078431
v -0.02593337 -0.02333824 0.04430399 0.43529412 0.89019608 0.96078431
v -0.02452892 -0.02334418 0.04433605 0.43529412 0.89019608 0.96078431
v -0.02312447 -0.02335012 0.04435386 0.43529412 0.89019608 0.96078431
v -0.03433957 -0.02316603 0.04369496 0.43529412 0.89019608 0.96078431
v -0.03713823 -0.02241779 0.04478481 0.43529412 0.89019608 0.96078431
v -0.03713823 -0.02284536 0.04338154 0.43529412 0.89019608 0.96078431
v -0.03573377 -0.02309477 0.04331387 0.43529412 0.89019608 0.96078431
v -0.02172002 -0.02335605 0.04435742 0.43529412 0.89019608 0.96078431
v -0.01751692 -0.02336199 0.04437878 0.43529412 0.89019608 0.96078431
v -0.01471827 -0.02336793 0.04438591 0.43529412 0.89019608 0.96078431
v -0.00070452 -0.02337387 0.04440016 0.43529412 0.89019608 0.96078431
v 0.05087059 -0.00294583 0.04478481 0.43529412 0.89019608 0.96078431
v 0.05132166 -0.00294583 0.04338154 0.43529412 0.89019608 0.96078431
v 0.05170096 -0.00283894 0.04185363 0.43529412 0.89019608 0.96078431
v 0.05184448 -0.00229854 0.04130158 0.43529412 0.89019608 0.96078431
v 0.05186499 -0.00154437 0.04142980 0.43529412 0.89019608 0.96078431
v 0.05204951 -0.00014291 0.04057858 0.43529412 0.89019608 0.96078431
v 0.05216228 -0.00014291 0.03917888 0.43529412 0.89019608 0.96078431
v 0.05229555 0.00266001 0.03777918 0.43529412 0.89019608 0.96078431
v 0.05231605 0.00266001 0.03637947 0.43529412 0.89019608 0.96078431
v 0.05232630 0.00266001 0.02797058 0.43529412 0.89019608 0.96078431
v 0.05229555 0.00266001 0.01963648 0.43529412 0.89019608 0.96078431
v 0.05231605 0.00398427 0.01963648 0.43529412 0.89019608 0.96078431
v 0.05232630 0.00266001 0.02376435 0.43529412 0.89019608 0.96078431
v 0.05228530 0.00125855 0.02096138 0.43529412 0.89019608 0.96078431
v -0.05233090 0.00553419 0.01963648 0.43529412 0.89019608 0.96078431
v -0.05231039 0.00125855 0.03357651 0.43529412 0.89019608 0.96078431
v -0.05230014 0.00125855 0.03637947 0.43529412 0.89019608 0.96078431
v -0.05227964 0.00125855 0.03777918 0.43529412 0.89019608 0.96078431
v -0.05234114 0.00266001 0.02236465 0.43529412 0.89019608 0.96078431
v -0.05233090 0.00545699 0.01963648 0.43529412 0.89019608 0.96078431
v -0.05232064 0.00406147 0.01963648 0.43529412 0.89019608 0.96078431
v -0.05230014 0.00266001 0.01963648 0.43529412 0.89019608 0.96078431
v -0.05230014 0.00125855 0.02096138 0.43529412 0.89019608 0.96078431
v -0.05216687 -0.00014291 0.03917888 0.43529412 0.89019608 0.96078431
v -0.05195159 -0.00168095 0.04071748 0.43529412 0.89019608 0.96078431
v -0.05191058 -0.00294583 0.04034351 0.43529412 0.89019608 0.96078431
v -0.05182857 -0.00294583 0.04104515 0.43529412 0.89019608 0.96078431
v -0.05155178 -0.00434729 0.04198184 0.43529412 0.89019608 0.96078431
v -0.05122374 -0.00434729 0.04338154 0.43529412 0.89019608 0.96078431
v -0.05070091 -0.00439479 0.04490234 0.43529412 0.89019608 0.96078431
v 0.00068968 -0.02365298 0.04338154 0.43529412 0.89019608 0.96078431
v 0.01470343 -0.02364704 0.04338154 0.43529412 0.89019608 0.96078431
v 0.02171543 -0.02362328 0.04338154 0.43529412 0.89019608 0.96078431
v 0.02310963 -0.02361734 0.04338154 0.43529412 0.89019608 0.96078431
v 0.01890653 -0.02363516 0.04338154 0.43529412 0.89019608 0.96078431
v 0.02451408 -0.02360547 0.04338154 0.43529412 0.89019608 0.96078431
v 0.02591853 -0.02358765 0.04338154 0.43529412 0.89019608 0.96078431
v 0.02871718 -0.02354015 0.04338154 0.43529412 0.89019608 0.96078431
v 0.03012163 -0.02349858 0.04338154 0.43529412 0.89019608 0.96078431
v 0.03146457 -0.02340950 0.04348127 0.43529412 0.89019608 0.96078431
v 0.03292028 -0.02339762 0.04319990 0.43529412 0.89019608 0.96078431
v 0.03432473 -0.02335012 0.04299689 0.43529412 0.89019608 0.96078431
v 0.03525761 -0.02330261 0.04280813 0.43529412 0.89019608 0.96078431
v 0.03619050 -0.02323729 0.04252320 0.43529412 0.89019608 0.96078431
v 0.03719514 -0.02316009 0.04202814 0.43529412 0.89019608 0.96078431
v 0.03852783 -0.02287505 0.04198184 0.43529412 0.89019608 0.96078431
v 0.03852783 -0.02253062 0.04338154 0.43529412 0.89019608 0.96078431
v 0.03851758 -0.02209118 0.04480974 0.43529412 0.89019608 0.96078431
v 0.03951197 -0.02196053 0.04435742 0.43529412 0.89019608 0.96078431
v 0.04044485 -0.02180020 0.04386592 0.43529412 0.89019608 0.96078431
v 0.04198257 -0.02184771 0.04113419 0.43529412 0.89019608 0.96078431
v 0.04396111 -0.02080849 0.04057858 0.43529412 0.89019608 0.96078431
v 0.04465821 -0.02032154 0.04057858 0.43529412 0.89019608 0.96078431
v 0.04624718 -0.01907448 0.03994462 0.43529412 0.89019608 0.96078431
v 0.04669825 -0.01845689 0.04047886 0.43529412 0.89019608 0.96078431
v 0.04080365 -0.02193678 0.04292922 0.43529412 0.89019608 0.96078431
v 0.04107020 -0.02204961 0.04198184 0.43529412 0.89019608 0.96078431
v 0.04759013 -0.01760176 0.03917888 0.43529412 0.89019608 0.96078431
v 0.04807194 -0.01690103 0.03917888 0.43529412 0.89019608 0.96078431
v 0.04876905 -0.01577868 0.03917888 0.43529412 0.89019608 0.96078431
v 0.04915860 -0.01507795 0.03917888 0.43529412 0.89019608 0.96078431
v 0.04957891 -0.01415750 0.03917888 0.43529412 0.89019608 0.96078431
v 0.05013249 -0.01275604 0.03917888 0.43529412 0.89019608 0.96078431
v 0.05040928 -0.01195436 0.03917888 0.43529412 0.89019608 0.96078431
v 0.05055280 -0.01103985 0.04057858 0.43529412 0.89019608 0.96078431
v 0.05082959 -0.00995312 0.04057858 0.43529412 0.89019608 0.96078431
v 0.05060406 -0.00996500 0.04197472 0.43529412 0.89019608 0.96078431
v 0.05050154 -0.00950774 0.04289717 0.43529412 0.89019608 0.96078431
v 0.05058355 -0.00847446 0.04337086 0.43529412 0.89019608 0.96078431
v 0.05046054 -0.00795188 0.04414016 0.43529412 0.89019608 0.96078431
v 0.05026576 -0.00715020 0.04502699 0.43529412 0.89019608 0.96078431
v 0.04973268 -0.00715020 0.04618451 0.43529412 0.89019608 0.96078431
v 0.05037852 -0.00574875 0.04531192 0.43529412 0.89019608 0.96078431
v 0.05042978 -0.00494112 0.04545439 0.43529412 0.89019608 0.96078431
v 0.05048104 -0.00400286 0.04556123 0.43529412 0.89019608 0.96078431
v -0.05038312 -0.00574875 0.04530480 0.43529412 0.89019608 0.96078431
v -0.05065991 -0.00574875 0.04460317 0.43529412 0.89019608 0.96078431
v -0.05028060 -0.00715020 0.04501987 0.43529412 0.89019608 0.96078431
v -0.04625178 -0.01906854 0.03990544 0.43529412 0.89019608 0.96078431
v -0.04563669 -0.01950798 0.04045392 0.43529412 0.89019608 0.96078431
v -0.04466280 -0.02031560 0.04057858 0.43529412 0.89019608 0.96078431
v -0.04374017 -0.02066003 0.04165062 0.43529412 0.89019608 0.96078431
v -0.04670284 -0.01845689 0.04045392 0.43529412 0.89019608 0.96078431
v -0.04178214 -0.02173488 0.04198184 0.43529412 0.89019608 0.96078431
v -0.04131057 -0.02156860 0.04338511 0.43529412 0.89019608 0.96078431
v -0.04134132 -0.02107572 0.04478481 0.43529412 0.89019608 0.96078431
v -0.04911193 -0.01496512 0.04033283 0.43529412 0.89019608 0.96078431
v -0.04877364 -0.01548176 0.04071392 0.43529412 0.89019608 0.96078431
v -0.04807654 -0.01688915 0.03917888 0.43529412 0.89019608 0.96078431
v -0.04759472 -0.01758988 0.03917888 0.43529412 0.89019608 0.96078431
v -0.04877364 -0.01576680 0.03917888 0.43529412 0.89019608 0.96078431
v -0.05054714 -0.00715020 0.04431824 0.43529412 0.89019608 0.96078431
v -0.05083418 -0.00715020 0.04338154 0.43529412 0.89019608 0.96078431
v -0.05058815 -0.00846259 0.04336373 0.43529412 0.89019608 0.96078431
v -0.05051638 -0.00948993 0.04288292 0.43529412 0.89019608 0.96078431
v -0.05060865 -0.00995906 0.04196047 0.43529412 0.89019608 0.96078431
v -0.05049588 -0.01080231 0.04147966 0.43529412 0.89019608 0.96078431
v -0.05055739 -0.01101609 0.04057858 0.43529412 0.89019608 0.96078431
v -0.05041387 -0.01193060 0.03917888 0.43529412 0.89019608 0.96078431
v -0.05012683 -0.01275604 0.03917888 0.43529412 0.89019608 0.96078431
v -0.04957325 -0.01415750 0.03917888 0.43529412 0.89019608 0.96078431
v -0.03996763 -0.02163392 0.04480618 0.43529412 0.89019608 0.96078431
v -0.03853242 -0.02208524 0.04480618 0.43529412 0.89019608 0.96078431
v -0.03951657 -0.02196053 0.04435386 0.43529412 0.89019608 0.96078431
v -0.03013648 -0.02349858 0.04338154 0.43529412 0.89019608 0.96078431
v -0.02873203 -0.02354015 0.04338154 0.43529412 0.89019608 0.96078431
v -0.03147942 -0.02340950 0.04348127 0.43529412 0.89019608 0.96078431
v -0.03293512 -0.02339762 0.04319990 0.43529412 0.89019608 0.96078431
v -0.02593337 -0.02358765 0.04338154 0.43529412 0.89019608 0.96078431
v -0.02452892 -0.02360547 0.04338154 0.43529412 0.89019608 0.96078431
v -0.02312447 -0.02361734 0.04338154 0.43529412 0.89019608 0.96078431
v -0.03433957 -0.02334418 0.04299333 0.43529412 0.89019608 0.96078431
v -0.03526221 -0.02329667 0.04280101 0.43529412 0.89019608 0.96078431
v -0.03854268 -0.02252468 0.04338154 0.43529412 0.89019608 0.96078431
v -0.03854268 -0.02286911 0.04198184 0.43529412 0.89019608 0.96078431
v -0.03719973 -0.02316009 0.04202458 0.43529412 0.89019608 0.96078431
v -0.03619509 -0.02323135 0.04251964 0.43529412 0.89019608 0.96078431
v -0.02032582 -0.02362922 0.04338154 0.43529412 0.89019608 0.96078431
v -0.01892137 -0.02363516 0.04338154 0.43529412 0.89019608 0.96078431
v -0.01471827 -0.02364704 0.04338154 0.43529412 0.89019608 0.96078431
v -0.00350317 -0.02365298 0.04338154 0.43529412 0.89019608 0.96078431
v 0.05118839 -0.00434729 0.04338154 0.43529412 0.89019608 0.96078431
v 0.05068607 -0.00442448 0.04490590 0.43529412 0.89019608 0.96078431
v 0.05152669 -0.00434729 0.04198184 0.43529412 0.89019608 0.96078431
v 0.05181373 -0.00323087 0.04096679 0.43529412 0.89019608 0.96078431
v 0.05188549 -0.00283894 0.04053228 0.43529412 0.89019608 0.96078431
v 0.05196750 -0.00154437 0.04057858 0.43529412 0.89019608 0.96078431
v 0.05209052 -0.00154437 0.03917888 0.43529412 0.89019608 0.96078431
v 0.05221354 -0.00014291 0.03777918 0.43529412 0.89019608 0.96078431
v 0.05227504 0.00125855 0.03637947 0.43529412 0.89019608 0.96078431
v 0.05228530 0.00125855 0.02797058 0.43529412 0.89019608 0.96078431
v 0.05225454 0.00118135 0.01963648 0.43529412 0.89019608 0.96078431
v 0.05223404 -0.00014291 0.02096138 0.43529412 0.89019608 0.96078431
v -0.05224888 -0.00014291 0.02797058 0.43529412 0.89019608 0.96078431
v -0.05223863 -0.00014291 0.03637947 0.43529412 0.89019608 0.96078431
v -0.05231039 0.00125855 0.02516761 0.43529412 0.89019608 0.96078431
v -0.05221813 -0.00014291 0.03777918 0.43529412 0.89019608 0.96078431
v -0.05226938 0.00125855 0.01963648 0.43529412 0.89019608 0.96078431
v -0.05221813 -0.00014291 0.01963648 0.43529412 0.89019608 0.96078431
v -0.05223863 -0.00014291 0.02096138 0.43529412 0.89019608 0.96078431
v -0.05224888 -0.00014291 0.02376435 0.43529412 0.89019608 0.96078431
v -0.05208486 -0.00154437 0.03917888 0.43529412 0.89019608 0.96078431
v -0.05186958 -0.00380095 0.04003365 0.43529412 0.89019608 0.96078431
v -0.05176706 -0.00429978 0.04053228 0.43529412 0.89019608 0.96078431
v -0.05199260 -0.00294583 0.03917888 0.43529412 0.89019608 0.96078431
v -0.05137751 -0.00574875 0.04198184 0.43529412 0.89019608 0.96078431
v -0.05159279 -0.00574875 0.04057858 0.43529412 0.89019608 0.96078431
v -0.05104946 -0.00574875 0.04338154 0.43529412 0.89019608 0.96078431
v 0.01610788 -0.02397365 0.04198184 0.43529412 0.89019608 0.96078431
v 0.02171543 -0.02394989 0.04198184 0.43529412 0.89019608 0.96078431
v 0.02310963 -0.02394395 0.04198184 0.43529412 0.89019608 0.96078431
v 0.02451408 -0.02393208 0.04198184 0.43529412 0.89019608 0.96078431
v 0.02591853 -0.02391426 0.04198184 0.43529412 0.89019608 0.96078431
v 0.02871718 -0.02386082 0.04198184 0.43529412 0.89019608 0.96078431
v 0.03012163 -0.02382519 0.04198184 0.43529412 0.89019608 0.96078431
v 0.03152608 -0.02375987 0.04198184 0.43529412 0.89019608 0.96078431
v 0.03292028 -0.02367079 0.04198184 0.43529412 0.89019608 0.96078431
v 0.03432473 -0.02356984 0.04198184 0.43529412 0.89019608 0.96078431
v 0.03572918 -0.02339762 0.04202814 0.43529412 0.89019608 0.96078431
v 0.03676458 -0.02333230 0.04159007 0.43529412 0.89019608 0.96078431
v 0.03769746 -0.02324323 0.04110926 0.43529412 0.89019608 0.96078431
v 0.03848683 -0.02312446 0.04061776 0.43529412 0.89019608 0.96078431
v 0.03993228 -0.02271471 0.04057858 0.43529412 0.89019608 0.96078431
v 0.03993228 -0.02246530 0.04198184 0.43529412 0.89019608 0.96078431
v 0.03995279 -0.02210306 0.04339223 0.43529412 0.89019608 0.96078431
v 0.04211585 -0.02191303 0.04020105 0.43529412 0.89019608 0.96078431
v 0.04264892 -0.02156860 0.04063200 0.43529412 0.89019608 0.96078431
v 0.04143925 -0.02214463 0.04063200 0.43529412 0.89019608 0.96078431
v 0.04292571 -0.02159235 0.03917888 0.43529412 0.89019608 0.96078431
v 0.04407387 -0.02089163 0.03917888 0.43529412 0.89019608 0.96078431
v 0.04478123 -0.02042249 0.03917888 0.43529412 0.89019608 0.96078431
v 0.04553983 -0.01976927 0.03917888 0.43529412 0.89019608 0.96078431
v 0.04628819 -0.01911011 0.03917888 0.43529412 0.89019608 0.96078431
v 0.04694428 -0.01836187 0.03917888 0.43529412 0.89019608 0.96078431
v 0.04763113 -0.01764927 0.03820300 0.43529412 0.89019608 0.96078431
v 0.04802069 -0.01709106 0.03775781 0.43529412 0.89019608 0.96078431
v 0.04881005 -0.01584400 0.03777918 0.43529412 0.89019608 0.96078431
v 0.04918935 -0.01514327 0.03777918 0.43529412 0.89019608 0.96078431
v 0.04964042 -0.01415750 0.03777918 0.43529412 0.89019608 0.96078431
v 0.05023500 -0.01262539 0.03780054 0.43529412 0.89019608 0.96078431
v 0.05044003 -0.01203749 0.03827423 0.43529412 0.89019608 0.96078431
v 0.05060406 -0.01125363 0.03917888 0.43529412 0.89019608 0.96078431
v 0.05094235 -0.00995312 0.03917888 0.43529412 0.89019608 0.96078431
v 0.05124990 -0.00855166 0.03917888 0.43529412 0.89019608 0.96078431
v 0.05112688 -0.00855166 0.04057858 0.43529412 0.89019608 0.96078431
v 0.05091160 -0.00855166 0.04198184 0.43529412 0.89019608 0.96078431
v 0.05116789 -0.00715020 0.04198184 0.43529412 0.89019608 0.96078431
v 0.05081934 -0.00715020 0.04338154 0.43529412 0.89019608 0.96078431
v 0.05053230 -0.00715020 0.04432892 0.43529412 0.89019608 0.96078431
v 0.05063481 -0.00574875 0.04461385 0.43529412 0.89019608 0.96078431
v -0.04629278 -0.01910417 0.03917888 0.43529412 0.89019608 0.96078431
v -0.04555468 -0.01975739 0.03917888 0.43529412 0.89019608 0.96078431
v -0.04478582 -0.02041655 0.03917888 0.43529412 0.89019608 0.96078431
v -0.04693862 -0.01836187 0.03917888 0.43529412 0.89019608 0.96078431
v -0.04396570 -0.02080849 0.04057858 0.43529412 0.89019608 0.96078431
v -0.04199742 -0.02184177 0.04111638 0.43529412 0.89019608 0.96078431
v -0.04108504 -0.02204961 0.04198184 0.43529412 0.89019608 0.96078431
v -0.04080825 -0.02193678 0.04292210 0.43529412 0.89019608 0.96078431
v -0.04044945 -0.02180020 0.04385523 0.43529412 0.89019608 0.96078431
v -0.04916319 -0.01506607 0.03917888 0.43529412 0.89019608 0.96078431
v -0.04802528 -0.01709106 0.03767589 0.43529412 0.89019608 0.96078431
v -0.04763572 -0.01764333 0.03807122 0.43529412 0.89019608 0.96078431
v -0.04881464 -0.01583212 0.03777918 0.43529412 0.89019608 0.96078431
v -0.05116223 -0.00715020 0.04198184 0.43529412 0.89019608 0.96078431
v -0.05091619 -0.00855166 0.04198184 0.43529412 0.89019608 0.96078431
v -0.05082393 -0.00995312 0.04057858 0.43529412 0.89019608 0.96078431
v -0.05061890 -0.01122987 0.03917888 0.43529412 0.89019608 0.96078431
v -0.05094695 -0.00995312 0.03917888 0.43529412 0.89019608 0.96078431
v -0.05044462 -0.01201968 0.03807835 0.43529412 0.89019608 0.96078431
v -0.05024985 -0.01261946 0.03767945 0.43529412 0.89019608 0.96078431
v -0.04963476 -0.01415750 0.03777918 0.43529412 0.89019608 0.96078431
v -0.03996763 -0.02209712 0.04338511 0.43529412 0.89019608 0.96078431
v -0.03013648 -0.02382519 0.04198184 0.43529412 0.89019608 0.96078431
v -0.03153067 -0.02375987 0.04198184 0.43529412 0.89019608 0.96078431
v -0.02873203 -0.02386082 0.04198184 0.43529412 0.89019608 0.96078431
v -0.02593337 -0.02391426 0.04198184 0.43529412 0.89019608 0.96078431
v -0.03293512 -0.02367079 0.04198184 0.43529412 0.89019608 0.96078431
v -0.02452892 -0.02393208 0.04198184 0.43529412 0.89019608 0.96078431
v -0.02312447 -0.02394395 0.04198184 0.43529412 0.89019608 0.96078431
v -0.03433957 -0.02356390 0.04198184 0.43529412 0.89019608 0.96078431
v -0.03573377 -0.02339762 0.04202458 0.43529412 0.89019608 0.96078431
v -0.03994713 -0.02245936 0.04198184 0.43529412 0.89019608 0.96078431
v -0.03850167 -0.02311852 0.04061063 0.43529412 0.89019608 0.96078431
v -0.03771231 -0.02324323 0.04109857 0.43529412 0.89019608 0.96078431
v -0.03994713 -0.02270877 0.04057858 0.43529412 0.89019608 0.96078431
v -0.03677942 -0.02333230 0.04158295 0.43529412 0.89019608 0.96078431
v -0.02032582 -0.02395583 0.04198184 0.43529412 0.89019608 0.96078431
v -0.01612272 -0.02397365 0.04198184 0.43529412 0.89019608 0.96078431
v 0.05102436 -0.00574875 0.04338154 0.43529412 0.89019608 0.96078431
v 0.05136267 -0.00574875 0.04198184 0.43529412 0.89019608 0.96078431
v 0.05185473 -0.00379502 0.04003365 0.43529412 0.89019608 0.96078431
v 0.05157795 -0.00574875 0.04057858 0.43529412 0.89019608 0.96078431
v 0.05175222 -0.00429978 0.04053228 0.43529412 0.89019608 0.96078431
v 0.05198800 -0.00294583 0.03917888 0.43529412 0.89019608 0.96078431
v 0.05214178 -0.00154437 0.03777918 0.43529412 0.89019608 0.96078431
v 0.05222379 -0.00014291 0.03637947 0.43529412 0.89019608 0.96078431
v 0.05223404 -0.00014291 0.03497621 0.43529412 0.89019608 0.96078431
v 0.05220328 -0.00022011 0.01963648 0.43529412 0.89019608 0.96078431
v 0.05216228 -0.00154437 0.02797058 0.43529412 0.89019608 0.96078431
v 0.05215203 -0.00154437 0.02236465 0.43529412 0.89019608 0.96078431
v 0.05214178 -0.00154437 0.02096138 0.43529412 0.89019608 0.96078431
v 0.05212127 -0.00154437 0.01963648 0.43529412 0.89019608 0.96078431
v -0.05216687 -0.00154437 0.02516761 0.43529412 0.89019608 0.96078431
v -0.05215662 -0.00154437 0.03637947 0.43529412 0.89019608 0.96078431
v -0.05213612 -0.00154437 0.03777918 0.43529412 0.89019608 0.96078431
v -0.05216687 -0.00154437 0.02096138 0.43529412 0.89019608 0.96078431
v -0.05213612 -0.00154437 0.01963648 0.43529412 0.89019608 0.96078431
v -0.05190033 -0.00408600 0.03917888 0.43529412 0.89019608 0.96078431
v -0.05182857 -0.00478673 0.03917888 0.43529412 0.89019608 0.96078431
v -0.05204385 -0.00294583 0.03777918 0.43529412 0.89019608 0.96078431
v -0.05138776 -0.00715020 0.04057858 0.43529412 0.89019608 0.96078431
v -0.05170556 -0.00574875 0.03917888 0.43529412 0.89019608 0.96078431
v 0.01470343 -0.02423494 0.04057858 0.43529412 0.89019608 0.96078431
v 0.01610788 -0.02422900 0.04057858 0.43529412 0.89019608 0.96078431
v 0.01890653 -0.02421712 0.04057858 0.43529412 0.89019608 0.96078431
v 0.02310963 -0.02419337 0.04057858 0.43529412 0.89019608 0.96078431
v 0.02451408 -0.02418149 0.04057858 0.43529412 0.89019608 0.96078431
v 0.02591853 -0.02416368 0.04057858 0.43529412 0.89019608 0.96078431
v 0.02871718 -0.02410429 0.04057858 0.43529412 0.89019608 0.96078431
v 0.03012163 -0.02406866 0.04057858 0.43529412 0.89019608 0.96078431
v 0.03152608 -0.02400334 0.04057858 0.43529412 0.89019608 0.96078431
v 0.03292028 -0.02392020 0.04057858 0.43529412 0.89019608 0.96078431
v 0.03432473 -0.02380737 0.04057858 0.43529412 0.89019608 0.96078431
v 0.03572918 -0.02364704 0.04057858 0.43529412 0.89019608 0.96078431
v 0.03719514 -0.02340950 0.04061776 0.43529412 0.89019608 0.96078431
v 0.03799475 -0.02330855 0.04017256 0.43529412 0.89019608 0.96078431
v 0.03891739 -0.02318978 0.03917888 0.43529412 0.89019608 0.96078431
v 0.03993228 -0.02288098 0.03917888 0.43529412 0.89019608 0.96078431
v 0.04222861 -0.02196647 0.03917888 0.43529412 0.89019608 0.96078431
v 0.04132648 -0.02235841 0.03917888 0.43529412 0.89019608 0.96078431
v 0.04302822 -0.02164580 0.03777918 0.43529412 0.89019608 0.96078431
v 0.04426865 -0.02085600 0.03783972 0.43529412 0.89019608 0.96078431
v 0.04482223 -0.02045812 0.03834903 0.43529412 0.89019608 0.96078431
v 0.04540656 -0.01997711 0.03783972 0.43529412 0.89019608 0.96078431
v 0.04632920 -0.01916356 0.03777918 0.43529412 0.89019608 0.96078431
v 0.04714931 -0.01822529 0.03775781 0.43529412 0.89019608 0.96078431
v 0.04705705 -0.01838563 0.03637947 0.43529412 0.89019608 0.96078431
v 0.04764138 -0.01767302 0.03727343 0.43529412 0.89019608 0.96078431
v 0.04765164 -0.01768490 0.03637947 0.43529412 0.89019608 0.96078431
v 0.04813345 -0.01696042 0.03637947 0.43529412 0.89019608 0.96078431
v 0.04882030 -0.01586775 0.03637947 0.43529412 0.89019608 0.96078431
v 0.04919961 -0.01516702 0.03637947 0.43529412 0.89019608 0.96078431
v 0.04966092 -0.01415750 0.03637947 0.43529412 0.89019608 0.96078431
v 0.05020425 -0.01278573 0.03637947 0.43529412 0.89019608 0.96078431
v 0.05045028 -0.01207312 0.03734466 0.43529412 0.89019608 0.96078431
v 0.05060406 -0.01148522 0.03780054 0.43529412 0.89019608 0.96078431
v 0.05100386 -0.00995312 0.03777918 0.43529412 0.89019608 0.96078431
v 0.05130115 -0.00855166 0.03777918 0.43529412 0.89019608 0.96078431
v 0.05155744 -0.00715020 0.03777918 0.43529412 0.89019608 0.96078431
v 0.05149593 -0.00715020 0.03917888 0.43529412 0.89019608 0.96078431
v 0.05138317 -0.00715020 0.04057858 0.43529412 0.89019608 0.96078431
v -0.04634404 -0.01915168 0.03777918 0.43529412 0.89019608 0.96078431
v -0.04542141 -0.01997118 0.03779342 0.43529412 0.89019608 0.96078431
v -0.04483707 -0.02045219 0.03826355 0.43529412 0.89019608 0.96078431
v -0.04407847 -0.02089163 0.03917888 0.43529412 0.89019608 0.96078431
v -0.04293030 -0.02159235 0.03917888 0.43529412 0.89019608 0.96078431
v -0.04265351 -0.02156266 0.04062132 0.43529412 0.89019608 0.96078431
v -0.04213069 -0.02190709 0.04018324 0.43529412 0.89019608 0.96078431
v -0.04145409 -0.02213869 0.04062132 0.43529412 0.89019608 0.96078431
v -0.04919395 -0.01513139 0.03777918 0.43529412 0.89019608 0.96078431
v -0.04765623 -0.01766708 0.03714165 0.43529412 0.89019608 0.96078431
v -0.04813804 -0.01696042 0.03637947 0.43529412 0.89019608 0.96078431
v -0.04715391 -0.01822529 0.03767589 0.43529412 0.89019608 0.96078431
v -0.04882489 -0.01585588 0.03637947 0.43529412 0.89019608 0.96078431
v -0.05113147 -0.00855166 0.04057858 0.43529412 0.89019608 0.96078431
v -0.05060865 -0.01147335 0.03767945 0.43529412 0.89019608 0.96078431
v -0.05100845 -0.00995312 0.03777918 0.43529412 0.89019608 0.96078431
v -0.05125449 -0.00855166 0.03917888 0.43529412 0.89019608 0.96078431
v -0.05045488 -0.01206125 0.03714878 0.43529412 0.89019608 0.96078431
v -0.05020884 -0.01276792 0.03637947 0.43529412 0.89019608 0.96078431
v -0.04966552 -0.01415750 0.03637947 0.43529412 0.89019608 0.96078431
v -0.03013648 -0.02406866 0.04057858 0.43529412 0.89019608 0.96078431
v -0.03153067 -0.02400928 0.04057858 0.43529412 0.89019608 0.96078431
v -0.02873203 -0.02410429 0.04057858 0.43529412 0.89019608 0.96078431
v -0.02593337 -0.02416368 0.04057858 0.43529412 0.89019608 0.96078431
v -0.03293512 -0.02392020 0.04057858 0.43529412 0.89019608 0.96078431
v -0.02452892 -0.02418149 0.04057858 0.43529412 0.89019608 0.96078431
v -0.02312447 -0.02419337 0.04057858 0.43529412 0.89019608 0.96078431
v -0.01892137 -0.02421712 0.04057858 0.43529412 0.89019608 0.96078431
v -0.03433957 -0.02380737 0.04057858 0.43529412 0.89019608 0.96078431
v -0.03574403 -0.02364704 0.04057858 0.43529412 0.89019608 0.96078431
v -0.03799935 -0.02330855 0.04016543 0.43529412 0.89019608 0.96078431
v -0.03892198 -0.02318384 0.03917888 0.43529412 0.89019608 0.96078431
v -0.03719973 -0.02340356 0.04061063 0.43529412 0.89019608 0.96078431
v -0.03994713 -0.02287505 0.03917888 0.43529412 0.89019608 0.96078431
v -0.04134132 -0.02235247 0.03917888 0.43529412 0.89019608 0.96078431
v -0.01612272 -0.02422900 0.04057858 0.43529412 0.89019608 0.96078431
v -0.01471827 -0.02423494 0.04057858 0.43529412 0.89019608 0.96078431
v 0.05188549 -0.00406224 0.03917888 0.43529412 0.89019608 0.96078431
v 0.05170096 -0.00574875 0.03917888 0.43529412 0.89019608 0.96078431
v 0.05181373 -0.00476297 0.03917888 0.43529412 0.89019608 0.96078431
v 0.05203926 -0.00294583 0.03777918 0.43529412 0.89019608 0.96078431
v 0.05190599 -0.00444824 0.03773287 0.43529412 0.89019608 0.96078431
v 0.05205976 -0.00294583 0.03637947 0.43529412 0.89019608 0.96078431
v 0.05215203 -0.00154437 0.03637947 0.43529412 0.89019608 0.96078431
v 0.05216228 -0.00154437 0.03497621 0.43529412 0.89019608 0.96078431
v 0.05205976 -0.00294583 0.02797058 0.43529412 0.89019608 0.96078431
v 0.05204951 -0.00294583 0.02376435 0.43529412 0.89019608 0.96078431
v 0.05203926 -0.00294583 0.02096138 0.43529412 0.89019608 0.96078431
v 0.05201876 -0.00294583 0.01963648 0.43529412 0.89019608 0.96078431
v -0.05206436 -0.00294583 0.03637947 0.43529412 0.89019608 0.96078431
v -0.05206436 -0.00294583 0.02096138 0.43529412 0.89019608 0.96078431
v -0.05203360 -0.00286863 0.01963648 0.43529412 0.89019608 0.96078431
v -0.05184908 -0.00501239 0.03820300 0.43529412 0.89019608 0.96078431
v -0.05194134 -0.00434729 0.03637947 0.43529412 0.89019608 0.96078431
v -0.05191058 -0.00446605 0.03775781 0.43529412 0.89019608 0.96078431
v -0.05150053 -0.00715020 0.03917888 0.43529412 0.89019608 0.96078431
v -0.05177732 -0.00562404 0.03775781 0.43529412 0.89019608 0.96078431
v 0.00769143 -0.02443684 0.03917888 0.43529412 0.89019608 0.96078431
v 0.01610788 -0.02443090 0.03917888 0.43529412 0.89019608 0.96078431
v 0.02310963 -0.02438933 0.03917888 0.43529412 0.89019608 0.96078431
v 0.02031098 -0.02440715 0.03917888 0.43529412 0.89019608 0.96078431
v 0.02451408 -0.02437746 0.03917888 0.43529412 0.89019608 0.96078431
v 0.02591853 -0.02435370 0.03917888 0.43529412 0.89019608 0.96078431
v 0.02871718 -0.02428838 0.03917888 0.43529412 0.89019608 0.96078431
v 0.03012163 -0.02425275 0.03917888 0.43529412 0.89019608 0.96078431
v 0.03152608 -0.02419337 0.03917888 0.43529412 0.89019608 0.96078431
v 0.03292028 -0.02410429 0.03917888 0.43529412 0.89019608 0.96078431
v 0.03432473 -0.02398552 0.03917888 0.43529412 0.89019608 0.96078431
v 0.03572918 -0.02381925 0.03917888 0.43529412 0.89019608 0.96078431
v 0.03712338 -0.02359359 0.03917888 0.43529412 0.89019608 0.96078431
v 0.03821003 -0.02336199 0.03917888 0.43529412 0.89019608 0.96078431
v 0.03911216 -0.02323729 0.03801424 0.43529412 0.89019608 0.96078431
v 0.03978876 -0.02304726 0.03764383 0.43529412 0.89019608 0.96078431
v 0.04132648 -0.02246530 0.03777918 0.43529412 0.89019608 0.96078431
v 0.04233113 -0.02201992 0.03777918 0.43529412 0.89019608 0.96078431
v 0.04308973 -0.02167549 0.03637947 0.43529412 0.89019608 0.96078431
v 0.04485299 -0.02048188 0.03741589 0.43529412 0.89019608 0.96078431
v 0.04413538 -0.02101039 0.03637947 0.43529412 0.89019608 0.96078431
v 0.04558084 -0.01988804 0.03637947 0.43529412 0.89019608 0.96078431
v 0.04635995 -0.01918731 0.03637947 0.43529412 0.89019608 0.96078431
v 0.04707755 -0.01840344 0.03357651 0.43529412 0.89019608 0.96078431
v 0.04638045 -0.01921106 0.03357651 0.43529412 0.89019608 0.96078431
v 0.04767214 -0.01770271 0.03357651 0.43529412 0.89019608 0.96078431
v 0.04815396 -0.01696042 0.03497621 0.43529412 0.89019608 0.96078431
v 0.04883055 -0.01587369 0.03497621 0.43529412 0.89019608 0.96078431
v 0.04920986 -0.01517890 0.03357651 0.43529412 0.89019608 0.96078431
v 0.04967117 -0.01415750 0.03497621 0.43529412 0.89019608 0.96078431
v 0.05020425 -0.01279761 0.03497621 0.43529412 0.89019608 0.96078431
v 0.05046054 -0.01209688 0.03357651 0.43529412 0.89019608 0.96078431
v 0.05066556 -0.01135458 0.03497621 0.43529412 0.89019608 0.96078431
v 0.05065531 -0.01135458 0.03637947 0.43529412 0.89019608 0.96078431
v 0.05102436 -0.00995312 0.03637947 0.43529412 0.89019608 0.96078431
v 0.05132166 -0.00855166 0.03637947 0.43529412 0.89019608 0.96078431
v 0.05156769 -0.00715020 0.03637947 0.43529412 0.89019608 0.96078431
v 0.05176247 -0.00579625 0.03637947 0.43529412 0.89019608 0.96078431
v 0.05177272 -0.00562404 0.03773287 0.43529412 0.89019608 0.96078431
v -0.04636454 -0.01917543 0.03637947 0.43529412 0.89019608 0.96078431
v -0.04558543 -0.01987616 0.03637947 0.43529412 0.89019608 0.96078431
v -0.04488833 -0.02049375 0.03637947 0.43529412 0.89019608 0.96078431
v -0.04486783 -0.02047594 0.03733398 0.43529412 0.89019608 0.96078431
v -0.04428349 -0.02085006 0.03779342 0.43529412 0.89019608 0.96078431
v -0.04303282 -0.02163986 0.03777918 0.43529412 0.89019608 0.96078431
v -0.04232547 -0.02201398 0.03777918 0.43529412 0.89019608 0.96078431
v -0.04223320 -0.02196053 0.03917888 0.43529412 0.89019608 0.96078431
v -0.04920420 -0.01515515 0.03637947 0.43529412 0.89019608 0.96078431
v -0.04766648 -0.01768490 0.03497621 0.43529412 0.89019608 0.96078431
v -0.04708215 -0.01838563 0.03497621 0.43529412 0.89019608 0.96078431
v -0.04706164 -0.01837375 0.03637947 0.43529412 0.89019608 0.96078431
v -0.04883515 -0.01586181 0.03497621 0.43529412 0.89019608 0.96078431
v -0.04815855 -0.01696042 0.03357651 0.43529412 0.89019608 0.96078431
v -0.04767673 -0.01769084 0.03357651 0.43529412 0.89019608 0.96078431
v -0.05065991 -0.01135458 0.03637947 0.43529412 0.89019608 0.96078431
v -0.05130575 -0.00855166 0.03777918 0.43529412 0.89019608 0.96078431
v -0.05132625 -0.00855166 0.03637947 0.43529412 0.89019608 0.96078431
v -0.05101871 -0.00995312 0.03637947 0.43529412 0.89019608 0.96078431
v -0.05046513 -0.01207312 0.03497621 0.43529412 0.89019608 0.96078431
v -0.05021909 -0.01277979 0.03357651 0.43529412 0.89019608 0.96078431
v -0.04967576 -0.01415750 0.03357651 0.43529412 0.89019608 0.96078431
v -0.04921445 -0.01516108 0.03497621 0.43529412 0.89019608 0.96078431
v -0.03013648 -0.02425275 0.03917888 0.43529412 0.89019608 0.96078431
v -0.03153067 -0.02419337 0.03917888 0.43529412 0.89019608 0.96078431
v -0.02873203 -0.02428838 0.03917888 0.43529412 0.89019608 0.96078431
v -0.02593337 -0.02435370 0.03917888 0.43529412 0.89019608 0.96078431
v -0.02452892 -0.02437746 0.03917888 0.43529412 0.89019608 0.96078431
v -0.03293512 -0.02410429 0.03917888 0.43529412 0.89019608 0.96078431
v -0.02312447 -0.02438933 0.03917888 0.43529412 0.89019608 0.96078431
v -0.02032582 -0.02440715 0.03917888 0.43529412 0.89019608 0.96078431
v -0.01612272 -0.02443090 0.03917888 0.43529412 0.89019608 0.96078431
v -0.03433957 -0.02398552 0.03917888 0.43529412 0.89019608 0.96078431
v -0.03713823 -0.02358765 0.03917888 0.43529412 0.89019608 0.96078431
v -0.03574403 -0.02381331 0.03917888 0.43529412 0.89019608 0.96078431
v -0.03821463 -0.02336199 0.03917888 0.43529412 0.89019608 0.96078431
v -0.03914751 -0.02324323 0.03777918 0.43529412 0.89019608 0.96078431
v -0.03994713 -0.02298788 0.03777918 0.43529412 0.89019608 0.96078431
v -0.04134132 -0.02245936 0.03777918 0.43529412 0.89019608 0.96078431
v -0.01471827 -0.02443684 0.03917888 0.43529412 0.89019608 0.96078431
v 0.05183423 -0.00498863 0.03816383 0.43529412 0.89019608 0.96078431
v 0.05184448 -0.00507771 0.03723425 0.43529412 0.89019608 0.96078431
v 0.05192649 -0.00434729 0.03637947 0.43529412 0.89019608 0.96078431
v 0.05193675 -0.00434729 0.03357651 0.43529412 0.89019608 0.96078431
v 0.05193675 -0.00434729 0.02656732 0.43529412 0.89019608 0.96078431
v 0.05192649 -0.00434729 0.02096138 0.43529412 0.89019608 0.96078431
v 0.05185473 -0.00512522 0.02006030 0.43529412 0.89019608 0.96078431
v 0.05189574 -0.00443042 0.01963648 0.43529412 0.89019608 0.96078431
v -0.05191058 -0.00423446 0.01963648 0.43529412 0.89019608 0.96078431
v -0.05184908 -0.00501832 0.02069783 0.43529412 0.89019608 0.96078431
v -0.05185933 -0.00504802 0.02163453 0.43529412 0.89019608 0.96078431
v -0.05194134 -0.00434729 0.02376435 0.43529412 0.89019608 0.96078431
v -0.05185933 -0.00506583 0.03727343 0.43529412 0.89019608 0.96078431
v -0.05186958 -0.00511928 0.03497621 0.43529412 0.89019608 0.96078431
v -0.05155178 -0.00715020 0.03777918 0.43529412 0.89019608 0.96078431
v -0.05176706 -0.00579625 0.03637947 0.43529412 0.89019608 0.96078431
v -0.05157229 -0.00715020 0.03637947 0.43529412 0.89019608 0.96078431
v 0.00068968 -0.02460312 0.03790383 0.43529412 0.89019608 0.96078431
v 0.01470343 -0.02459718 0.03783972 0.43529412 0.89019608 0.96078431
v 0.01610788 -0.02459718 0.03782192 0.43529412 0.89019608 0.96078431
v 0.00629723 -0.02460312 0.03787178 0.43529412 0.89019608 0.96078431
v 0.02031098 -0.02457342 0.03777918 0.43529412 0.89019608 0.96078431
v 0.02451408 -0.02453779 0.03777918 0.43529412 0.89019608 0.96078431
v 0.02171543 -0.02456155 0.03777918 0.43529412 0.89019608 0.96078431
v 0.02591853 -0.02450810 0.03777918 0.43529412 0.89019608 0.96078431
v 0.02731273 -0.02447841 0.03777918 0.43529412 0.89019608 0.96078431
v 0.03012163 -0.02440121 0.03777918 0.43529412 0.89019608 0.96078431
v 0.02871718 -0.02444278 0.03777918 0.43529412 0.89019608 0.96078431
v 0.03152608 -0.02434183 0.03777918 0.43529412 0.89019608 0.96078431
v 0.03292028 -0.02424681 0.03777918 0.43529412 0.89019608 0.96078431
v 0.03432473 -0.02412211 0.03777918 0.43529412 0.89019608 0.96078431
v 0.03572918 -0.02394395 0.03777918 0.43529412 0.89019608 0.96078431
v 0.03712338 -0.02371236 0.03777918 0.43529412 0.89019608 0.96078431
v 0.03859959 -0.02339169 0.03764383 0.43529412 0.89019608 0.96078431
v 0.03922493 -0.02326698 0.03708467 0.43529412 0.89019608 0.96078431
v 0.03998354 -0.02305320 0.03637947 0.43529412 0.89019608 0.96078431
v 0.04132648 -0.02253656 0.03637947 0.43529412 0.89019608 0.96078431
v 0.04239263 -0.02204961 0.03637947 0.43529412 0.89019608 0.96078431
v 0.04243364 -0.02207930 0.03497621 0.43529412 0.89019608 0.96078431
v 0.04313074 -0.02169925 0.03497621 0.43529412 0.89019608 0.96078431
v 0.04488374 -0.02049969 0.03637947 0.43529412 0.89019608 0.96078431
v 0.04413538 -0.02105196 0.03497621 0.43529412 0.89019608 0.96078431
v 0.04562184 -0.01991179 0.03357651 0.43529412 0.89019608 0.96078431
v 0.04490424 -0.02051751 0.03497621 0.43529412 0.89019608 0.96078431
v 0.04709805 -0.01841532 0.03077354 0.43529412 0.89019608 0.96078431
v 0.04564235 -0.01992961 0.03077354 0.43529412 0.89019608 0.96078431
v 0.04566285 -0.01994148 0.02797058 0.43529412 0.89019608 0.96078431
v 0.04639071 -0.01921700 0.03217325 0.43529412 0.89019608 0.96078431
v 0.04768239 -0.01772053 0.02937028 0.43529412 0.89019608 0.96078431
v 0.04816421 -0.01696042 0.03357651 0.43529412 0.89019608 0.96078431
v 0.04884081 -0.01588557 0.03077354 0.43529412 0.89019608 0.96078431
v 0.04920986 -0.01518484 0.03217325 0.43529412 0.89019608 0.96078431
v 0.04968142 -0.01415750 0.03077354 0.43529412 0.89019608 0.96078431
v 0.05021450 -0.01280355 0.03077354 0.43529412 0.89019608 0.96078431
v 0.05046054 -0.01210282 0.03077354 0.43529412 0.89019608 0.96078431
v 0.05067582 -0.01135458 0.02376435 0.43529412 0.89019608 0.96078431
v 0.05103462 -0.00995312 0.03217325 0.43529412 0.89019608 0.96078431
v 0.05133191 -0.00855166 0.03497621 0.43529412 0.89019608 0.96078431
v 0.05157795 -0.00715020 0.03497621 0.43529412 0.89019608 0.96078431
v 0.05177272 -0.00583188 0.03077354 0.43529412 0.89019608 0.96078431
v 0.05185473 -0.00511334 0.03497621 0.43529412 0.89019608 0.96078431
v -0.04637479 -0.01919325 0.03497621 0.43529412 0.89019608 0.96078431
v -0.04560593 -0.01989398 0.03497621 0.43529412 0.89019608 0.96078431
v -0.04490884 -0.02051157 0.03497621 0.43529412 0.89019608 0.96078431
v -0.04415023 -0.02104009 0.03497621 0.43529412 0.89019608 0.96078431
v -0.04415023 -0.02099852 0.03637947 0.43529412 0.89019608 0.96078431
v -0.04309432 -0.02166956 0.03637947 0.43529412 0.89019608 0.96078431
v -0.04238697 -0.02204961 0.03637947 0.43529412 0.89019608 0.96078431
v -0.04134132 -0.02253062 0.03637947 0.43529412 0.89019608 0.96078431
v -0.04709239 -0.01839157 0.03357651 0.43529412 0.89019608 0.96078431
v -0.04639530 -0.01921106 0.03217325 0.43529412 0.89019608 0.96078431
v -0.04884540 -0.01587369 0.03077354 0.43529412 0.89019608 0.96078431
v -0.04816880 -0.01696042 0.03217325 0.43529412 0.89019608 0.96078431
v -0.04768698 -0.01770271 0.03077354 0.43529412 0.89019608 0.96078431
v -0.04711290 -0.01840938 0.02937028 0.43529412 0.89019608 0.96078431
v -0.05067016 -0.01135458 0.02937028 0.43529412 0.89019608 0.96078431
v -0.05102896 -0.00995312 0.03497621 0.43529412 0.89019608 0.96078431
v -0.05133650 -0.00855166 0.02656732 0.43529412 0.89019608 0.96078431
v -0.05046513 -0.01207906 0.03357651 0.43529412 0.89019608 0.96078431
v -0.05021909 -0.01279167 0.02516761 0.43529412 0.89019608 0.96078431
v -0.04968602 -0.01415750 0.02797058 0.43529412 0.89019608 0.96078431
v -0.04922470 -0.01518484 0.02516761 0.43529412 0.89019608 0.96078431
v -0.03013648 -0.02439527 0.03777918 0.43529412 0.89019608 0.96078431
v -0.02873203 -0.02443684 0.03777918 0.43529412 0.89019608 0.96078431
v -0.02593337 -0.02450810 0.03777918 0.43529412 0.89019608 0.96078431
v -0.03153067 -0.02433589 0.03777918 0.43529412 0.89019608 0.96078431
v -0.02452892 -0.02453779 0.03777918 0.43529412 0.89019608 0.96078431
v -0.03293512 -0.02424088 0.03777918 0.43529412 0.89019608 0.96078431
v -0.02312447 -0.02454967 0.03777918 0.43529412 0.89019608 0.96078431
v -0.01612272 -0.02459718 0.03781123 0.43529412 0.89019608 0.96078431
v -0.03433957 -0.02411617 0.03777918 0.43529412 0.89019608 0.96078431
v -0.03713823 -0.02370642 0.03777918 0.43529412 0.89019608 0.96078431
v -0.03574403 -0.02394395 0.03777918 0.43529412 0.89019608 0.96078431
v -0.03844016 -0.02342138 0.03777918 0.43529412 0.89019608 0.96078431
v -0.03923978 -0.02326698 0.03704905 0.43529412 0.89019608 0.96078431
v -0.04009065 -0.02307695 0.03497621 0.43529412 0.89019608 0.96078431
v -0.03984461 -0.02308883 0.03650057 0.43529412 0.89019608 0.96078431
v -0.01471827 -0.02459718 0.03784328 0.43529412 0.89019608 0.96078431
v -0.00490762 -0.02460312 0.03788602 0.43529412 0.89019608 0.96078431
v -0.00350317 -0.02460312 0.03789315 0.43529412 0.89019608 0.96078431
v -0.00070452 -0.02460312 0.03790383 0.43529412 0.89019608 0.96078431
v 0.05185473 -0.00511928 0.03357651 0.43529412 0.89019608 0.96078431
v 0.05185473 -0.00514303 0.02797058 0.43529412 0.89019608 0.96078431
v 0.05185473 -0.00514897 0.02656732 0.43529412 0.89019608 0.96078431
v 0.05185473 -0.00516084 0.02236465 0.43529412 0.89019608 0.96078431
v 0.05185473 -0.00516084 0.02096138 0.43529412 0.89019608 0.96078431
v 0.05176247 -0.00586158 0.02096138 0.43529412 0.89019608 0.96078431
v 0.05157795 -0.00715020 0.02096138 0.43529412 0.89019608 0.96078431
v 0.05153694 -0.00722740 0.01963648 0.43529412 0.89019608 0.96078431
v 0.05176247 -0.00566561 0.01963648 0.43529412 0.89019608 0.96078431
v 0.05177272 -0.00559435 0.01963648 0.43529412 0.89019608 0.96078431
v 0.05184448 -0.00502426 0.01963648 0.43529412 0.89019608 0.96078431
v -0.05174656 -0.00574281 0.01963648 0.43529412 0.89019608 0.96078431
v -0.05178757 -0.00561216 0.02108604 0.43529412 0.89019608 0.96078431
v -0.05177732 -0.00577250 0.02236465 0.43529412 0.89019608 0.96078431
v -0.05185933 -0.00507177 0.02236465 0.43529412 0.89019608 0.96078431
v -0.05186958 -0.00511334 0.02797058 0.43529412 0.89019608 0.96078431
v -0.05186958 -0.00511928 0.03357651 0.43529412 0.89019608 0.96078431
v -0.05177732 -0.00582000 0.03357651 0.43529412 0.89019608 0.96078431
v -0.05158254 -0.00715020 0.02656732 0.43529412 0.89019608 0.96078431
v 0.00068968 -0.02468625 0.03720576 0.43529412 0.89019608 0.96078431
v 0.01190478 -0.02468032 0.03714878 0.43529412 0.89019608 0.96078431
v 0.01610788 -0.02467438 0.03712028 0.43529412 0.89019608 0.96078431
v 0.02031098 -0.02466250 0.03698850 0.43529412 0.89019608 0.96078431
v 0.01329898 -0.02476345 0.03637947 0.43529412 0.89019608 0.96078431
v 0.02171543 -0.02465656 0.03693864 0.43529412 0.89019608 0.96078431
v 0.02310963 -0.02465062 0.03687453 0.43529412 0.89019608 0.96078431
v 0.02451408 -0.02471001 0.03609098 0.43529412 0.89019608 0.96078431
v 0.02591853 -0.02462687 0.03664659 0.43529412 0.89019608 0.96078431
v 0.02591853 -0.02469813 0.03594496 0.43529412 0.89019608 0.96078431
v 0.03012163 -0.02453185 0.03637947 0.43529412 0.89019608 0.96078431
v 0.02739474 -0.02462093 0.03630824 0.43529412 0.89019608 0.96078431
v 0.02790731 -0.02466844 0.03563866 0.43529412 0.89019608 0.96078431
v 0.03152608 -0.02446060 0.03637947 0.43529412 0.89019608 0.96078431
v 0.03086999 -0.02467438 0.03431375 0.43529412 0.89019608 0.96078431
v 0.03292028 -0.02436558 0.03637947 0.43529412 0.89019608 0.96078431
v 0.03432473 -0.02422900 0.03637947 0.43529412 0.89019608 0.96078431
v 0.03572918 -0.02405085 0.03637947 0.43529412 0.89019608 0.96078431
v 0.03712338 -0.02380737 0.03637947 0.43529412 0.89019608 0.96078431
v 0.03852783 -0.02348670 0.03637947 0.43529412 0.89019608 0.96078431
v 0.03852783 -0.02355796 0.03497621 0.43529412 0.89019608 0.96078431
v 0.03928644 -0.02328480 0.03637947 0.43529412 0.89019608 0.96078431
v 0.03938895 -0.02332043 0.03497621 0.43529412 0.89019608 0.96078431
v 0.04008605 -0.02308289 0.03497621 0.43529412 0.89019608 0.96078431
v 0.04016807 -0.02310664 0.03357651 0.43529412 0.89019608 0.96078431
v 0.04132648 -0.02259000 0.03497621 0.43529412 0.89019608 0.96078431
v 0.04246439 -0.02209712 0.03357651 0.43529412 0.89019608 0.96078431
v 0.04132648 -0.02263751 0.03357651 0.43529412 0.89019608 0.96078431
v 0.04132648 -0.02270877 0.03077354 0.43529412 0.89019608 0.96078431
v 0.04132648 -0.02274440 0.02937028 0.43529412 0.89019608 0.96078431
v 0.04316149 -0.02171706 0.03357651 0.43529412 0.89019608 0.96078431
v 0.04322300 -0.02174081 0.03077354 0.43529412 0.89019608 0.96078431
v 0.04324350 -0.02175863 0.02937028 0.43529412 0.89019608 0.96078431
v 0.04413538 -0.02108166 0.03357651 0.43529412 0.89019608 0.96078431
v 0.04493500 -0.02054126 0.03217325 0.43529412 0.89019608 0.96078431
v 0.04494525 -0.02055314 0.03077354 0.43529412 0.89019608 0.96078431
v 0.04495550 -0.02056501 0.02937028 0.43529412 0.89019608 0.96078431
v 0.04413538 -0.02112916 0.03077354 0.43529412 0.89019608 0.96078431
v 0.04413538 -0.02115291 0.02937028 0.43529412 0.89019608 0.96078431
v 0.04710831 -0.01842126 0.02797058 0.43529412 0.89019608 0.96078431
v 0.04640096 -0.01923482 0.02937028 0.43529412 0.89019608 0.96078431
v 0.04496575 -0.02057095 0.02797058 0.43529412 0.89019608 0.96078431
v 0.04567310 -0.01994742 0.02516761 0.43529412 0.89019608 0.96078431
v 0.04769264 -0.01772647 0.02516761 0.43529412 0.89019608 0.96078431
v 0.04818471 -0.01696042 0.02797058 0.43529412 0.89019608 0.96078431
v 0.04884081 -0.01589151 0.02937028 0.43529412 0.89019608 0.96078431
v 0.04920986 -0.01519078 0.02937028 0.43529412 0.89019608 0.96078431
v 0.05021450 -0.01280948 0.02376435 0.43529412 0.89019608 0.96078431
v 0.04968142 -0.01415750 0.02516761 0.43529412 0.89019608 0.96078431
v 0.05046054 -0.01210875 0.02376435 0.43529412 0.89019608 0.96078431
v 0.05045028 -0.01209094 0.02295943 0.43529412 0.89019608 0.96078431
v 0.05062456 -0.01143178 0.02244300 0.43529412 0.89019608 0.96078431
v 0.05103462 -0.00995312 0.02236465 0.43529412 0.89019608 0.96078431
v 0.05134216 -0.00855166 0.02797058 0.43529412 0.89019608 0.96078431
v 0.05177272 -0.00583782 0.02937028 0.43529412 0.89019608 0.96078431
v -0.04563669 -0.01991179 0.03217325 0.43529412 0.89019608 0.96078431
v -0.04562644 -0.01989992 0.03357651 0.43529412 0.89019608 0.96078431
v -0.04493959 -0.02053532 0.03217325 0.43529412 0.89019608 0.96078431
v -0.04415023 -0.02114104 0.02937028 0.43529412 0.89019608 0.96078431
v -0.04415023 -0.02111728 0.03077354 0.43529412 0.89019608 0.96078431
v -0.04415023 -0.02106978 0.03357651 0.43529412 0.89019608 0.96078431
v -0.04324810 -0.02175269 0.02937028 0.43529412 0.89019608 0.96078431
v -0.04319684 -0.02172300 0.03217325 0.43529412 0.89019608 0.96078431
v -0.04316609 -0.02171112 0.03357651 0.43529412 0.89019608 0.96078431
v -0.04313533 -0.02169331 0.03497621 0.43529412 0.89019608 0.96078431
v -0.04243823 -0.02207336 0.03497621 0.43529412 0.89019608 0.96078431
v -0.04134132 -0.02258407 0.03497621 0.43529412 0.89019608 0.96078431
v -0.04017266 -0.02310071 0.03357651 0.43529412 0.89019608 0.96078431
v -0.04640555 -0.01921700 0.03077354 0.43529412 0.89019608 0.96078431
v -0.04884540 -0.01587963 0.02937028 0.43529412 0.89019608 0.96078431
v -0.04818930 -0.01696042 0.02656732 0.43529412 0.89019608 0.96078431
v -0.04768698 -0.01770865 0.02937028 0.43529412 0.89019608 0.96078431
v -0.04712315 -0.01841532 0.02516761 0.43529412 0.89019608 0.96078431
v -0.04641580 -0.01922888 0.02797058 0.43529412 0.89019608 0.96078431
v -0.05067016 -0.01135458 0.02376435 0.43529412 0.89019608 0.96078431
v -0.05046513 -0.01209094 0.02516761 0.43529412 0.89019608 0.96078431
v -0.05103921 -0.00995312 0.02376435 0.43529412 0.89019608 0.96078431
v -0.05133650 -0.00855166 0.02376435 0.43529412 0.89019608 0.96078431
v -0.05021909 -0.01279167 0.02376435 0.43529412 0.89019608 0.96078431
v -0.04968602 -0.01415750 0.02516761 0.43529412 0.89019608 0.96078431
v -0.04884540 -0.01588557 0.02656732 0.43529412 0.89019608 0.96078431
v -0.04967576 -0.01415750 0.02376435 0.43529412 0.89019608 0.96078431
v -0.04921445 -0.01516108 0.02376435 0.43529412 0.89019608 0.96078431
v -0.04884540 -0.01588557 0.02516761 0.43529412 0.89019608 0.96078431
v -0.03013648 -0.02452592 0.03637947 0.43529412 0.89019608 0.96078431
v -0.02873203 -0.02456749 0.03637947 0.43529412 0.89019608 0.96078431
v -0.02593337 -0.02478127 0.03497621 0.43529412 0.89019608 0.96078431
v -0.02593337 -0.02469219 0.03591291 0.43529412 0.89019608 0.96078431
v -0.02452892 -0.02471001 0.03607318 0.43529412 0.89019608 0.96078431
v -0.03153067 -0.02446060 0.03637947 0.43529412 0.89019608 0.96078431
v -0.01612272 -0.02504850 0.03357651 0.43529412 0.89019608 0.96078431
v -0.03293512 -0.02435964 0.03637947 0.43529412 0.89019608 0.96078431
v -0.01471827 -0.02506037 0.03357651 0.43529412 0.89019608 0.96078431
v -0.01471827 -0.02491191 0.03497621 0.43529412 0.89019608 0.96078431
v -0.01612272 -0.02467438 0.03711316 0.43529412 0.89019608 0.96078431
v -0.01331382 -0.02468032 0.03715590 0.43529412 0.89019608 0.96078431
v -0.03433957 -0.02422306 0.03637947 0.43529412 0.89019608 0.96078431
v -0.03713823 -0.02380143 0.03637947 0.43529412 0.89019608 0.96078431
v -0.03574403 -0.02404491 0.03637947 0.43529412 0.89019608 0.96078431
v -0.03713823 -0.02388457 0.03497621 0.43529412 0.89019608 0.96078431
v -0.03867594 -0.02343919 0.03650057 0.43529412 0.89019608 0.96078431
v -0.03931154 -0.02329073 0.03611236 0.43529412 0.89019608 0.96078431
v -0.03854268 -0.02355202 0.03497621 0.43529412 0.89019608 0.96078431
v -0.03946531 -0.02334418 0.03357651 0.43529412 0.89019608 0.96078431
v -0.03939355 -0.02331449 0.03497621 0.43529412 0.89019608 0.96078431
v -0.00070452 -0.02468625 0.03720576 0.43529412 0.89019608 0.96078431
v 0.05134216 -0.00855166 0.02236465 0.43529412 0.89019608 0.96078431
v 0.05133191 -0.00855166 0.02096138 0.43529412 0.89019608 0.96078431
v 0.05130115 -0.00855166 0.01963648 0.43529412 0.89019608 0.96078431
v -0.05154153 -0.00715020 0.01963648 0.43529412 0.89019608 0.96078431
v -0.05157229 -0.00715020 0.02096138 0.43529412 0.89019608 0.96078431
v -0.05177732 -0.00579625 0.02376435 0.43529412 0.89019608 0.96078431
v -0.05158254 -0.00715020 0.02236465 0.43529412 0.89019608 0.96078431
v -0.05177732 -0.00581407 0.02797058 0.43529412 0.89019608 0.96078431
v 0.00068968 -0.02493567 0.03497621 0.43529412 0.89019608 0.96078431
v 0.00209413 -0.02509006 0.03357651 0.43529412 0.89019608 0.96078431
v 0.01470343 -0.02491191 0.03497621 0.43529412 0.89019608 0.96078431
v 0.01610788 -0.02490597 0.03497621 0.43529412 0.89019608 0.96078431
v 0.01750208 -0.02489410 0.03497621 0.43529412 0.89019608 0.96078431
v 0.01750208 -0.02503662 0.03357651 0.43529412 0.89019608 0.96078431
v 0.02031098 -0.02500693 0.03357651 0.43529412 0.89019608 0.96078431
v 0.02451408 -0.02481690 0.03497621 0.43529412 0.89019608 0.96078431
v 0.02171543 -0.02498911 0.03357651 0.43529412 0.89019608 0.96078431
v 0.02310963 -0.02497130 0.03357651 0.43529412 0.89019608 0.96078431
v 0.02591853 -0.02478721 0.03497621 0.43529412 0.89019608 0.96078431
v 0.02451408 -0.02494754 0.03357651 0.43529412 0.89019608 0.96078431
v 0.02871718 -0.02471595 0.03479457 0.43529412 0.89019608 0.96078431
v 0.02871718 -0.02481690 0.03357651 0.43529412 0.89019608 0.96078431
v 0.02591853 -0.02491191 0.03357651 0.43529412 0.89019608 0.96078431
v 0.03012163 -0.02476345 0.03357651 0.43529412 0.89019608 0.96078431
v 0.03012163 -0.02486441 0.03217325 0.43529412 0.89019608 0.96078431
v 0.03152608 -0.02478127 0.03217325 0.43529412 0.89019608 0.96078431
v 0.03141331 -0.02469813 0.03347679 0.43529412 0.89019608 0.96078431
v 0.03180287 -0.02463875 0.03387924 0.43529412 0.89019608 0.96078431
v 0.03292028 -0.02447247 0.03497621 0.43529412 0.89019608 0.96078431
v 0.03432473 -0.02432995 0.03497621 0.43529412 0.89019608 0.96078431
v 0.03572918 -0.02413992 0.03497621 0.43529412 0.89019608 0.96078431
v 0.03432473 -0.02441903 0.03357651 0.43529412 0.89019608 0.96078431
v 0.03712338 -0.02389051 0.03497621 0.43529412 0.89019608 0.96078431
v 0.03852783 -0.02361734 0.03357651 0.43529412 0.89019608 0.96078431
v 0.03712338 -0.02395583 0.03357651 0.43529412 0.89019608 0.96078431
v 0.03946071 -0.02335012 0.03357651 0.43529412 0.89019608 0.96078431
v 0.03852783 -0.02367079 0.03217325 0.43529412 0.89019608 0.96078431
v 0.03953247 -0.02337387 0.03217325 0.43529412 0.89019608 0.96078431
v 0.03959398 -0.02339762 0.03077354 0.43529412 0.89019608 0.96078431
v 0.04029108 -0.02314821 0.03077354 0.43529412 0.89019608 0.96078431
v 0.04249515 -0.02211493 0.03217325 0.43529412 0.89019608 0.96078431
v 0.04035259 -0.02316603 0.02937028 0.43529412 0.89019608 0.96078431
v 0.04132648 -0.02277409 0.02797058 0.43529412 0.89019608 0.96078431
v 0.04254641 -0.02215056 0.02937028 0.43529412 0.89019608 0.96078431
v 0.04326401 -0.02176457 0.02797058 0.43529412 0.89019608 0.96078431
v 0.04413538 -0.02117073 0.02797058 0.43529412 0.89019608 0.96078431
v 0.04641121 -0.01924075 0.02656732 0.43529412 0.89019608 0.96078431
v 0.04641121 -0.01924669 0.02516761 0.43529412 0.89019608 0.96078431
v 0.04710831 -0.01842720 0.02656732 0.43529412 0.89019608 0.96078431
v 0.04497600 -0.02057689 0.02516761 0.43529412 0.89019608 0.96078431
v 0.04413538 -0.02118855 0.02516761 0.43529412 0.89019608 0.96078431
v 0.04497600 -0.02058283 0.02376435 0.43529412 0.89019608 0.96078431
v 0.04710831 -0.01842720 0.02516761 0.43529412 0.89019608 0.96078431
v 0.04767214 -0.01770865 0.02427010 0.43529412 0.89019608 0.96078431
v 0.04818471 -0.01696042 0.02516761 0.43529412 0.89019608 0.96078431
v 0.04884081 -0.01589151 0.02516761 0.43529412 0.89019608 0.96078431
v 0.04920986 -0.01519078 0.02516761 0.43529412 0.89019608 0.96078431
v 0.04967117 -0.01415750 0.02376435 0.43529412 0.89019608 0.96078431
v 0.04914835 -0.01504825 0.02293450 0.43529412 0.89019608 0.96078431
v 0.05080908 -0.01006001 0.01963648 0.43529412 0.89019608 0.96078431
v -0.04564694 -0.01991773 0.03077354 0.43529412 0.89019608 0.96078431
v -0.04496009 -0.02055908 0.02937028 0.43529412 0.89019608 0.96078431
v -0.04494984 -0.02054720 0.03077354 0.43529412 0.89019608 0.96078431
v -0.04415023 -0.02115885 0.02797058 0.43529412 0.89019608 0.96078431
v -0.04326860 -0.02175863 0.02797058 0.43529412 0.89019608 0.96078431
v -0.04256125 -0.02215650 0.02797058 0.43529412 0.89019608 0.96078431
v -0.04255100 -0.02214463 0.02937028 0.43529412 0.89019608 0.96078431
v -0.04246899 -0.02209118 0.03357651 0.43529412 0.89019608 0.96078431
v -0.04134132 -0.02273846 0.02937028 0.43529412 0.89019608 0.96078431
v -0.04134132 -0.02270283 0.03077354 0.43529412 0.89019608 0.96078431
v -0.04134132 -0.02262563 0.03357651 0.43529412 0.89019608 0.96078431
v -0.04035718 -0.02316009 0.02937028 0.43529412 0.89019608 0.96078431
v -0.04029567 -0.02314227 0.03077354 0.43529412 0.89019608 0.96078431
v -0.04023417 -0.02312446 0.03217325 0.43529412 0.89019608 0.96078431
v -0.03959858 -0.02339169 0.03077354 0.43529412 0.89019608 0.96078431
v -0.03953707 -0.02336793 0.03217325 0.43529412 0.89019608 0.96078431
v -0.04567769 -0.01993555 0.02656732 0.43529412 0.89019608 0.96078431
v -0.04566744 -0.01992961 0.02797058 0.43529412 0.89019608 0.96078431
v -0.04818930 -0.01696042 0.02516761 0.43529412 0.89019608 0.96078431
v -0.04768698 -0.01771459 0.02516761 0.43529412 0.89019608 0.96078431
v -0.04641580 -0.01924075 0.02516761 0.43529412 0.89019608 0.96078431
v -0.04767673 -0.01769678 0.02430927 0.43529412 0.89019608 0.96078431
v -0.04637479 -0.01920513 0.02376435 0.43529412 0.89019608 0.96078431
v -0.04567769 -0.01994148 0.02516761 0.43529412 0.89019608 0.96078431
v -0.05046513 -0.01207906 0.02298792 0.43529412 0.89019608 0.96078431
v -0.05046513 -0.01209094 0.02376435 0.43529412 0.89019608 0.96078431
v -0.05103921 -0.00995312 0.02236465 0.43529412 0.89019608 0.96078431
v -0.05132625 -0.00855166 0.02096138 0.43529412 0.89019608 0.96078431
v -0.04915294 -0.01504232 0.02293450 0.43529412 0.89019608 0.96078431
v -0.05080343 -0.01008970 0.01963648 0.43529412 0.89019608 0.96078431
v -0.04877364 -0.01586181 0.02376435 0.43529412 0.89019608 0.96078431
v -0.03086433 -0.02467438 0.03430307 0.43529412 0.89019608 0.96078431
v -0.02593337 -0.02503068 0.03217325 0.43529412 0.89019608 0.96078431
v -0.02593337 -0.02490597 0.03357651 0.43529412 0.89019608 0.96078431
v -0.02452892 -0.02494754 0.03357651 0.43529412 0.89019608 0.96078431
v -0.02452892 -0.02481690 0.03497621 0.43529412 0.89019608 0.96078431
v -0.03141791 -0.02459124 0.03485512 0.43529412 0.89019608 0.96078431
v -0.01612272 -0.02518508 0.03217325 0.43529412 0.89019608 0.96078431
v -0.03293512 -0.02446653 0.03497621 0.43529412 0.89019608 0.96078431
v -0.03226878 -0.02467438 0.03291405 0.43529412 0.89019608 0.96078431
v -0.01471827 -0.02519696 0.03217325 0.43529412 0.89019608 0.96078431
v -0.00070452 -0.02509006 0.03357651 0.43529412 0.89019608 0.96078431
v -0.00631207 -0.02492973 0.03497621 0.43529412 0.89019608 0.96078431
v -0.00210897 -0.02493567 0.03497621 0.43529412 0.89019608 0.96078431
v -0.00490762 -0.02477533 0.03637947 0.43529412 0.89019608 0.96078431
v -0.03433957 -0.02432401 0.03497621 0.43529412 0.89019608 0.96078431
v -0.03574403 -0.02421712 0.03357651 0.43529412 0.89019608 0.96078431
v -0.03574403 -0.02413399 0.03497621 0.43529412 0.89019608 0.96078431
v -0.03433957 -0.02441903 0.03357651 0.43529412 0.89019608 0.96078431
v -0.03713823 -0.02394989 0.03357651 0.43529412 0.89019608 0.96078431
v -0.03854268 -0.02361141 0.03357651 0.43529412 0.89019608 0.96078431
v -0.03854268 -0.02376580 0.02937028 0.43529412 0.89019608 0.96078431
v -0.05129550 -0.00855166 0.01963648 0.43529412 0.89019608 0.96078431
v 0.00068968 -0.02522665 0.03217325 0.43529412 0.89019608 0.96078431
v 0.00629723 -0.02521477 0.03217325 0.43529412 0.89019608 0.96078431
v 0.01470343 -0.02519696 0.03217325 0.43529412 0.89019608 0.96078431
v 0.01470343 -0.02506037 0.03357651 0.43529412 0.89019608 0.96078431
v 0.01610788 -0.02504850 0.03357651 0.43529412 0.89019608 0.96078431
v 0.01750208 -0.02517320 0.03217325 0.43529412 0.89019608 0.96078431
v 0.01890653 -0.02515539 0.03217325 0.43529412 0.89019608 0.96078431
v 0.02310963 -0.02509600 0.03217325 0.43529412 0.89019608 0.96078431
v 0.02451408 -0.02507225 0.03217325 0.43529412 0.89019608 0.96078431
v 0.02591853 -0.02503068 0.03217325 0.43529412 0.89019608 0.96078431
v 0.02871718 -0.02492379 0.03217325 0.43529412 0.89019608 0.96078431
v 0.02871718 -0.02502474 0.03077354 0.43529412 0.89019608 0.96078431
v 0.03012163 -0.02495942 0.03077354 0.43529412 0.89019608 0.96078431
v 0.03152608 -0.02486441 0.03077354 0.43529412 0.89019608 0.96078431
v 0.03227444 -0.02467438 0.03294611 0.43529412 0.89019608 0.96078431
v 0.03281777 -0.02458530 0.03347679 0.43529412 0.89019608 0.96078431
v 0.03321757 -0.02463281 0.03217325 0.43529412 0.89019608 0.96078431
v 0.03572918 -0.02421712 0.03357651 0.43529412 0.89019608 0.96078431
v 0.03432473 -0.02450216 0.03217325 0.43529412 0.89019608 0.96078431
v 0.03350461 -0.02465656 0.03121874 0.43529412 0.89019608 0.96078431
v 0.03572918 -0.02428838 0.03217325 0.43529412 0.89019608 0.96078431
v 0.03712338 -0.02407460 0.03077354 0.43529412 0.89019608 0.96078431
v 0.03572918 -0.02435370 0.03077354 0.43529412 0.89019608 0.96078431
v 0.03852783 -0.02377174 0.02937028 0.43529412 0.89019608 0.96078431
v 0.03712338 -0.02412805 0.02937028 0.43529412 0.89019608 0.96078431
v 0.03965549 -0.02341544 0.02937028 0.43529412 0.89019608 0.96078431
v 0.03969650 -0.02343326 0.02797058 0.43529412 0.89019608 0.96078431
v 0.04039360 -0.02317790 0.02797058 0.43529412 0.89019608 0.96078431
v 0.04041410 -0.02318978 0.02656732 0.43529412 0.89019608 0.96078431
v 0.04043460 -0.02319572 0.02516761 0.43529412 0.89019608 0.96078431
v 0.04132648 -0.02279785 0.02516761 0.43529412 0.89019608 0.96078431
v 0.04256691 -0.02216838 0.02656732 0.43529412 0.89019608 0.96078431
v 0.04327426 -0.02177051 0.02656732 0.43529412 0.89019608 0.96078431
v 0.04567310 -0.01991179 0.02376435 0.43529412 0.89019608 0.96078431
v 0.04637020 -0.01921106 0.02376435 0.43529412 0.89019608 0.96078431
v 0.04328451 -0.02177645 0.02376435 0.43529412 0.89019608 0.96078431
v 0.04413538 -0.02119448 0.02376435 0.43529412 0.89019608 0.96078431
v 0.04493500 -0.02054720 0.02269231 0.43529412 0.89019608 0.96078431
v 0.04323325 -0.02178832 0.01963648 0.43529412 0.89019608 0.96078431
v 0.04326401 -0.02176457 0.01963648 0.43529412 0.89019608 0.96078431
v 0.04752861 -0.01756019 0.02333696 0.43529412 0.89019608 0.96078431
v 0.04876905 -0.01586775 0.02376435 0.43529412 0.89019608 0.96078431
v 0.04919961 -0.01516702 0.02376435 0.43529412 0.89019608 0.96078431
v 0.04629844 -0.01913980 0.02300217 0.43529412 0.89019608 0.96078431
v 0.04403287 -0.02106384 0.01963648 0.43529412 0.89019608 0.96078431
v -0.04497034 -0.02056501 0.02797058 0.43529412 0.89019608 0.96078431
v -0.04415023 -0.02116479 0.02656732 0.43529412 0.89019608 0.96078431
v -0.04498060 -0.02057095 0.02516761 0.43529412 0.89019608 0.96078431
v -0.04327885 -0.02176457 0.02376435 0.43529412 0.89019608 0.96078431
v -0.04258175 -0.02216838 0.02236465 0.43529412 0.89019608 0.96078431
v -0.04134132 -0.02279191 0.02376435 0.43529412 0.89019608 0.96078431
v -0.04134132 -0.02278597 0.02516761 0.43529412 0.89019608 0.96078431
v -0.04134132 -0.02276222 0.02797058 0.43529412 0.89019608 0.96078431
v -0.04039819 -0.02317790 0.02797058 0.43529412 0.89019608 0.96078431
v -0.03966009 -0.02341544 0.02937028 0.43529412 0.89019608 0.96078431
v -0.04567769 -0.01990585 0.02376435 0.43529412 0.89019608 0.96078431
v -0.04498060 -0.02057689 0.02376435 0.43529412 0.89019608 0.96078431
v -0.04800478 -0.01703761 0.02381065 0.43529412 0.89019608 0.96078431
v -0.04754346 -0.01755425 0.02337614 0.43529412 0.89019608 0.96078431
v -0.04631329 -0.01913386 0.02300930 0.43529412 0.89019608 0.96078431
v -0.04402721 -0.02105196 0.01963648 0.43529412 0.89019608 0.96078431
v -0.04493959 -0.02054126 0.02272793 0.43529412 0.89019608 0.96078431
v -0.05062915 -0.01143178 0.02245725 0.43529412 0.89019608 0.96078431
v -0.05081368 -0.01006595 0.01963648 0.43529412 0.89019608 0.96078431
v -0.03153067 -0.02477533 0.03217325 0.43529412 0.89019608 0.96078431
v -0.03013648 -0.02486441 0.03217325 0.43529412 0.89019608 0.96078431
v -0.02593337 -0.02513163 0.03077354 0.43529412 0.89019608 0.96078431
v -0.02452892 -0.02517320 0.03077354 0.43529412 0.89019608 0.96078431
v -0.02452892 -0.02506631 0.03217325 0.43529412 0.89019608 0.96078431
v -0.02873203 -0.02502474 0.03077354 0.43529412 0.89019608 0.96078431
v -0.02172002 -0.02498317 0.03357651 0.43529412 0.89019608 0.96078431
v -0.02312447 -0.02509006 0.03217325 0.43529412 0.89019608 0.96078431
v -0.01612272 -0.02530385 0.03077354 0.43529412 0.89019608 0.96078431
v -0.03281211 -0.02458530 0.03345898 0.43529412 0.89019608 0.96078431
v -0.03250456 -0.02469813 0.03217325 0.43529412 0.89019608 0.96078431
v -0.03153067 -0.02485847 0.03077354 0.43529412 0.89019608 0.96078431
v -0.01471827 -0.02531572 0.03077354 0.43529412 0.89019608 0.96078431
v -0.00070452 -0.02522665 0.03217325 0.43529412 0.89019608 0.96078431
v -0.03574403 -0.02434777 0.03077354 0.43529412 0.89019608 0.96078431
v -0.03453435 -0.02460312 0.02937028 0.43529412 0.89019608 0.96078431
v -0.03422681 -0.02458530 0.03072724 0.43529412 0.89019608 0.96078431
v -0.03433957 -0.02449623 0.03217325 0.43529412 0.89019608 0.96078431
v -0.03349896 -0.02465656 0.03116532 0.43529412 0.89019608 0.96078431
v -0.03320166 -0.02462687 0.03217325 0.43529412 0.89019608 0.96078431
v -0.03713823 -0.02406866 0.03077354 0.43529412 0.89019608 0.96078431
v -0.03574403 -0.02441309 0.02937028 0.43529412 0.89019608 0.96078431
v -0.03713823 -0.02412805 0.02937028 0.43529412 0.89019608 0.96078431
v -0.03854268 -0.02380143 0.02797058 0.43529412 0.89019608 0.96078431
v -0.03713823 -0.02416961 0.02797058 0.43529412 0.89019608 0.96078431
v 0.00068968 -0.02544637 0.02937028 0.43529412 0.89019608 0.96078431
v 0.00348833 -0.02533354 0.03077354 0.43529412 0.89019608 0.96078431
v 0.00769143 -0.02532760 0.03077354 0.43529412 0.89019608 0.96078431
v 0.01470343 -0.02531572 0.03077354 0.43529412 0.89019608 0.96078431
v 0.01610788 -0.02518508 0.03217325 0.43529412 0.89019608 0.96078431
v 0.01610788 -0.02530385 0.03077354 0.43529412 0.89019608 0.96078431
v 0.01890653 -0.02526822 0.03077354 0.43529412 0.89019608 0.96078431
v 0.02171543 -0.02522665 0.03077354 0.43529412 0.89019608 0.96078431
v 0.02451408 -0.02517320 0.03077354 0.43529412 0.89019608 0.96078431
v 0.02310963 -0.02520289 0.03077354 0.43529412 0.89019608 0.96078431
v 0.02591853 -0.02513163 0.03077354 0.43529412 0.89019608 0.96078431
v 0.02871718 -0.02511382 0.02937028 0.43529412 0.89019608 0.96078431
v 0.02591853 -0.02522665 0.02937028 0.43529412 0.89019608 0.96078431
v 0.02731273 -0.02517320 0.02937028 0.43529412 0.89019608 0.96078431
v 0.03012163 -0.02503662 0.02937028 0.43529412 0.89019608 0.96078431
v 0.03252047 -0.02469813 0.03217325 0.43529412 0.89019608 0.96078431
v 0.03152608 -0.02493567 0.02937028 0.43529412 0.89019608 0.96078431
v 0.03299204 -0.02473376 0.03075930 0.43529412 0.89019608 0.96078431
v 0.03369939 -0.02468032 0.03028561 0.43529412 0.89019608 0.96078431
v 0.03423247 -0.02458530 0.03075930 0.43529412 0.89019608 0.96078431
v 0.03454001 -0.02460312 0.02937028 0.43529412 0.89019608 0.96078431
v 0.03572918 -0.02441309 0.02937028 0.43529412 0.89019608 0.96078431
v 0.03852783 -0.02380143 0.02797058 0.43529412 0.89019608 0.96078431
v 0.03712338 -0.02416961 0.02797058 0.43529412 0.89019608 0.96078431
v 0.03572918 -0.02446060 0.02797058 0.43529412 0.89019608 0.96078431
v 0.03971700 -0.02344513 0.02656732 0.43529412 0.89019608 0.96078431
v 0.03852783 -0.02382519 0.02656732 0.43529412 0.89019608 0.96078431
v 0.04044485 -0.02319572 0.02376435 0.43529412 0.89019608 0.96078431
v 0.04132648 -0.02280379 0.02376435 0.43529412 0.89019608 0.96078431
v 0.03973751 -0.02345107 0.02516761 0.43529412 0.89019608 0.96078431
v 0.03974776 -0.02345701 0.02376435 0.43529412 0.89019608 0.96078431
v 0.04257716 -0.02217432 0.02376435 0.43529412 0.89019608 0.96078431
v 0.04327426 -0.02177645 0.02516761 0.43529412 0.89019608 0.96078431
v 0.04327426 -0.02177645 0.02236465 0.43529412 0.89019608 0.96078431
v 0.04257716 -0.02217432 0.02236465 0.43529412 0.89019608 0.96078431
v 0.04256691 -0.02217432 0.02096138 0.43529412 0.89019608 0.96078431
v 0.04330501 -0.02172894 0.01963648 0.43529412 0.89019608 0.96078431
v 0.04256691 -0.02216838 0.01963648 0.43529412 0.89019608 0.96078431
v -0.04415023 -0.02117073 0.02376435 0.43529412 0.89019608 0.96078431
v -0.04327885 -0.02176457 0.02096138 0.43529412 0.89019608 0.96078431
v -0.04258175 -0.02216838 0.02096138 0.43529412 0.89019608 0.96078431
v -0.04134132 -0.02279191 0.02096138 0.43529412 0.89019608 0.96078431
v -0.04044945 -0.02318978 0.02376435 0.43529412 0.89019608 0.96078431
v -0.04043919 -0.02318978 0.02516761 0.43529412 0.89019608 0.96078431
v -0.03974210 -0.02345107 0.02516761 0.43529412 0.89019608 0.96078431
v -0.03970109 -0.02343326 0.02797058 0.43529412 0.89019608 0.96078431
v -0.04326860 -0.02175269 0.01963648 0.43529412 0.89019608 0.96078431
v -0.04398620 -0.02109353 0.01963648 0.43529412 0.89019608 0.96078431
v -0.03013648 -0.02495348 0.03077354 0.43529412 0.89019608 0.96078431
v -0.02593337 -0.02522665 0.02937028 0.43529412 0.89019608 0.96078431
v -0.02312447 -0.02519696 0.03077354 0.43529412 0.89019608 0.96078431
v -0.02452892 -0.02526822 0.02937028 0.43529412 0.89019608 0.96078431
v -0.01612272 -0.02541074 0.02937028 0.43529412 0.89019608 0.96078431
v -0.02873203 -0.02511382 0.02937028 0.43529412 0.89019608 0.96078431
v -0.02732757 -0.02517320 0.02937028 0.43529412 0.89019608 0.96078431
v -0.03153067 -0.02493567 0.02937028 0.43529412 0.89019608 0.96078431
v -0.03299663 -0.02472782 0.03072724 0.43529412 0.89019608 0.96078431
v -0.03013648 -0.02503662 0.02937028 0.43529412 0.89019608 0.96078431
v -0.01471827 -0.02542261 0.02937028 0.43529412 0.89019608 0.96078431
v -0.01331382 -0.02542855 0.02937028 0.43529412 0.89019608 0.96078431
v -0.01190937 -0.02532166 0.03077354 0.43529412 0.89019608 0.96078431
v -0.00350317 -0.02533354 0.03077354 0.43529412 0.89019608 0.96078431
v -0.00210897 -0.02544637 0.02937028 0.43529412 0.89019608 0.96078431
v -0.03470863 -0.02462687 0.02797058 0.43529412 0.89019608 0.96078431
v -0.03383725 -0.02469813 0.02937028 0.43529412 0.89019608 0.96078431
v -0.03293512 -0.02479908 0.02937028 0.43529412 0.89019608 0.96078431
v -0.03574403 -0.02445466 0.02797058 0.43529412 0.89019608 0.96078431
v -0.03713823 -0.02421712 0.02516761 0.43529412 0.89019608 0.96078431
v -0.03854268 -0.02383706 0.02516761 0.43529412 0.89019608 0.96078431
v -0.03574403 -0.02450810 0.02516761 0.43529412 0.89019608 0.96078431
v -0.03574403 -0.02448435 0.02656732 0.43529412 0.89019608 0.96078431
v 0.00068968 -0.02555326 0.02797058 0.43529412 0.89019608 0.96078431
v 0.01470343 -0.02542261 0.02937028 0.43529412 0.89019608 0.96078431
v 0.01610788 -0.02541074 0.02937028 0.43529412 0.89019608 0.96078431
v 0.02171543 -0.02532166 0.02937028 0.43529412 0.89019608 0.96078431
v 0.01890653 -0.02536917 0.02937028 0.43529412 0.89019608 0.96078431
v 0.02451408 -0.02526822 0.02937028 0.43529412 0.89019608 0.96078431
v 0.02310963 -0.02529791 0.02937028 0.43529412 0.89019608 0.96078431
v 0.02871718 -0.02517914 0.02797058 0.43529412 0.89019608 0.96078431
v 0.02731273 -0.02524446 0.02797058 0.43529412 0.89019608 0.96078431
v 0.02591853 -0.02529791 0.02797058 0.43529412 0.89019608 0.96078431
v 0.03012163 -0.02509600 0.02797058 0.43529412 0.89019608 0.96078431
v 0.03152608 -0.02498911 0.02797058 0.43529412 0.89019608 0.96078431
v 0.03292028 -0.02480502 0.02937028 0.43529412 0.89019608 0.96078431
v 0.03384291 -0.02469813 0.02937028 0.43529412 0.89019608 0.96078431
v 0.03471429 -0.02462687 0.02797058 0.43529412 0.89019608 0.96078431
v 0.03712338 -0.02421712 0.02516761 0.43529412 0.89019608 0.96078431
v 0.03572918 -0.02451404 0.02516761 0.43529412 0.89019608 0.96078431
v 0.03492957 -0.02465656 0.02516761 0.43529412 0.89019608 0.96078431
v 0.03852783 -0.02384300 0.02516761 0.43529412 0.89019608 0.96078431
v 0.03973751 -0.02345701 0.01963648 0.43529412 0.89019608 0.96078431
v 0.04039360 -0.02320760 0.01963648 0.43529412 0.89019608 0.96078431
v 0.04043460 -0.02318978 0.01963648 0.43529412 0.89019608 0.96078431
v 0.04132648 -0.02279785 0.02096138 0.43529412 0.89019608 0.96078431
v 0.03852783 -0.02385488 0.02376435 0.43529412 0.89019608 0.96078431
v 0.03852783 -0.02385488 0.01963648 0.43529412 0.89019608 0.96078431
v 0.04139824 -0.02275628 0.01963648 0.43529412 0.89019608 0.96078431
v -0.04249974 -0.02219807 0.01963648 0.43529412 0.89019608 0.96078431
v -0.04134132 -0.02278003 0.01963648 0.43529412 0.89019608 0.96078431
v -0.04043919 -0.02318978 0.02096138 0.43529412 0.89019608 0.96078431
v -0.04044945 -0.02318978 0.02236465 0.43529412 0.89019608 0.96078431
v -0.03975235 -0.02345107 0.02376435 0.43529412 0.89019608 0.96078431
v -0.03854268 -0.02384894 0.02376435 0.43529412 0.89019608 0.96078431
v -0.02593337 -0.02529791 0.02797058 0.43529412 0.89019608 0.96078431
v -0.02452892 -0.02533948 0.02797058 0.43529412 0.89019608 0.96078431
v -0.02312447 -0.02536917 0.02797058 0.43529412 0.89019608 0.96078431
v -0.02032582 -0.02541668 0.02797058 0.43529412 0.89019608 0.96078431
v -0.01612272 -0.02548794 0.02797058 0.43529412 0.89019608 0.96078431
v -0.01471827 -0.02550575 0.02797058 0.43529412 0.89019608 0.96078431
v -0.02873203 -0.02517914 0.02797058 0.43529412 0.89019608 0.96078431
v -0.02732757 -0.02524446 0.02797058 0.43529412 0.89019608 0.96078431
v -0.03153067 -0.02498911 0.02797058 0.43529412 0.89019608 0.96078431
v -0.03013648 -0.02509600 0.02797058 0.43529412 0.89019608 0.96078431
v -0.00070452 -0.02555326 0.02797058 0.43529412 0.89019608 0.96078431
v -0.03482139 -0.02463875 0.02656732 0.43529412 0.89019608 0.96078431
v -0.03412429 -0.02473970 0.02656732 0.43529412 0.89019608 0.96078431
v -0.03401153 -0.02472189 0.02797058 0.43529412 0.89019608 0.96078431
v -0.03293512 -0.02485253 0.02797058 0.43529412 0.89019608 0.96078431
v -0.03713823 -0.02422900 0.02376435 0.43529412 0.89019608 0.96078431
v -0.03574403 -0.02451998 0.02376435 0.43529412 0.89019608 0.96078431
v -0.03497517 -0.02466250 0.02376435 0.43529412 0.89019608 0.96078431
v -0.03492391 -0.02465062 0.02516761 0.43529412 0.89019608 0.96078431
v 0.00068968 -0.02562452 0.02656732 0.43529412 0.89019608 0.96078431
v 0.01470343 -0.02550575 0.02797058 0.43529412 0.89019608 0.96078431
v 0.01610788 -0.02549387 0.02797058 0.43529412 0.89019608 0.96078431
v 0.02031098 -0.02542261 0.02797058 0.43529412 0.89019608 0.96078431
v 0.02451408 -0.02533948 0.02797058 0.43529412 0.89019608 0.96078431
v 0.02310963 -0.02536917 0.02797058 0.43529412 0.89019608 0.96078431
v 0.02871718 -0.02522665 0.02656732 0.43529412 0.89019608 0.96078431
v 0.02731273 -0.02533948 0.02516761 0.43529412 0.89019608 0.96078431
v 0.02591853 -0.02535135 0.02656732 0.43529412 0.89019608 0.96078431
v 0.03012163 -0.02517914 0.02516761 0.43529412 0.89019608 0.96078431
v 0.02871718 -0.02526822 0.02516761 0.43529412 0.89019608 0.96078431
v 0.03152608 -0.02503068 0.02656732 0.43529412 0.89019608 0.96078431
v 0.03292028 -0.02485253 0.02797058 0.43529412 0.89019608 0.96078431
v 0.03400694 -0.02472189 0.02797058 0.43529412 0.89019608 0.96078431
v 0.03412995 -0.02473970 0.02656732 0.43529412 0.89019608 0.96078431
v 0.03422222 -0.02475751 0.02516761 0.43529412 0.89019608 0.96078431
v 0.03712338 -0.02422900 0.02376435 0.43529412 0.89019608 0.96078431
v 0.03572918 -0.02452592 0.02376435 0.43529412 0.89019608 0.96078431
v 0.03497057 -0.02466250 0.02376435 0.43529412 0.89019608 0.96078431
v 0.03427347 -0.02476345 0.02376435 0.43529412 0.89019608 0.96078431
v 0.03445800 -0.02477533 0.01963648 0.43529412 0.89019608 0.96078431
v 0.04132648 -0.02279191 0.01963648 0.43529412 0.89019608 0.96078431
v 0.03712338 -0.02424088 0.01963648 0.43529412 0.89019608 0.96078431
v -0.04041870 -0.02318384 0.01963648 0.43529412 0.89019608 0.96078431
v -0.03974210 -0.02345107 0.02096138 0.43529412 0.89019608 0.96078431
v -0.03854268 -0.02384894 0.02236465 0.43529412 0.89019608 0.96078431
v -0.02593337 -0.02539292 0.02516761 0.43529412 0.89019608 0.96078431
v -0.02452892 -0.02544043 0.02516761 0.43529412 0.89019608 0.96078431
v -0.02452892 -0.02539292 0.02656732 0.43529412 0.89019608 0.96078431
v -0.01892137 -0.02555326 0.02516761 0.43529412 0.89019608 0.96078431
v -0.01612272 -0.02560670 0.02516761 0.43529412 0.89019608 0.96078431
v -0.01471827 -0.02556513 0.02656732 0.43529412 0.89019608 0.96078431
v -0.00481536 -0.02590956 0.01963648 0.43529412 0.89019608 0.96078431
v -0.02873203 -0.02526228 0.02516761 0.43529412 0.89019608 0.96078431
v -0.02732757 -0.02533354 0.02516761 0.43529412 0.89019608 0.96078431
v -0.02732757 -0.02529197 0.02656732 0.43529412 0.89019608 0.96078431
v -0.03153067 -0.02506037 0.02516761 0.43529412 0.89019608 0.96078431
v -0.03013648 -0.02517320 0.02516761 0.43529412 0.89019608 0.96078431
v -0.03013648 -0.02513757 0.02656732 0.43529412 0.89019608 0.96078431
v -0.03422681 -0.02475158 0.02516761 0.43529412 0.89019608 0.96078431
v -0.03293512 -0.02491785 0.02516761 0.43529412 0.89019608 0.96078431
v -0.03713823 -0.02422900 0.02236465 0.43529412 0.89019608 0.96078431
v -0.03574403 -0.02452592 0.02236465 0.43529412 0.89019608 0.96078431
v -0.03498542 -0.02466250 0.02236465 0.43529412 0.89019608 0.96078431
v -0.03429857 -0.02477533 0.02096138 0.43529412 0.89019608 0.96078431
v -0.03428832 -0.02476939 0.02236465 0.43529412 0.89019608 0.96078431
v -0.03427807 -0.02476345 0.02376435 0.43529412 0.89019608 0.96078431
v 0.00068968 -0.02592144 0.01963648 0.43529412 0.89019608 0.96078431
v 0.00348833 -0.02591550 0.01963648 0.43529412 0.89019608 0.96078431
v 0.01201754 -0.02588581 0.01963648 0.43529412 0.89019608 0.96078431
v 0.01610788 -0.02555326 0.02656732 0.43529412 0.89019608 0.96078431
v 0.01890653 -0.02550575 0.02656732 0.43529412 0.89019608 0.96078431
v 0.02171543 -0.02545231 0.02656732 0.43529412 0.89019608 0.96078431
v 0.02451408 -0.02539292 0.02656732 0.43529412 0.89019608 0.96078431
v 0.02731273 -0.02546418 0.01963648 0.43529412 0.89019608 0.96078431
v 0.02591853 -0.02539292 0.02516761 0.43529412 0.89019608 0.96078431
v 0.02599029 -0.02552951 0.01963648 0.43529412 0.89019608 0.96078431
v 0.02451408 -0.02544043 0.02516761 0.43529412 0.89019608 0.96078431
v 0.03012163 -0.02527415 0.01963648 0.43529412 0.89019608 0.96078431
v 0.03152608 -0.02506631 0.02516761 0.43529412 0.89019608 0.96078431
v 0.02871718 -0.02537511 0.01963648 0.43529412 0.89019608 0.96078431
v 0.03292028 -0.02492379 0.02516761 0.43529412 0.89019608 0.96078431
v 0.03292028 -0.02494161 0.02376435 0.43529412 0.89019608 0.96078431
v 0.03300229 -0.02498317 0.01963648 0.43529412 0.89019608 0.96078431
v 0.03562667 -0.02456749 0.01963648 0.43529412 0.89019608 0.96078431
v -0.03976260 -0.02342732 0.01963648 0.43529412 0.89019608 0.96078431
v -0.03966009 -0.02346295 0.01963648 0.43529412 0.89019608 0.96078431
v -0.03854268 -0.02384300 0.02096138 0.43529412 0.89019608 0.96078431
v -0.02593337 -0.02541668 0.02376435 0.43529412 0.89019608 0.96078431
v -0.02452892 -0.02547012 0.02376435 0.43529412 0.89019608 0.96078431
v -0.02032582 -0.02566609 0.01963648 0.43529412 0.89019608 0.96078431
v -0.01751692 -0.02573735 0.01963648 0.43529412 0.89019608 0.96078431
v -0.02312447 -0.02547012 0.02516761 0.43529412 0.89019608 0.96078431
v -0.01612272 -0.02576110 0.01963648 0.43529412 0.89019608 0.96078431
v -0.01463626 -0.02578486 0.01963648 0.43529412 0.89019608 0.96078431
v -0.01331382 -0.02580267 0.01963648 0.43529412 0.89019608 0.96078431
v -0.01051517 -0.02583830 0.01963648 0.43529412 0.89019608 0.96078431
v -0.01471827 -0.02561858 0.02516761 0.43529412 0.89019608 0.96078431
v -0.02873203 -0.02528603 0.02376435 0.43529412 0.89019608 0.96078431
v -0.02732757 -0.02535729 0.02376435 0.43529412 0.89019608 0.96078431
v -0.03153067 -0.02508413 0.02376435 0.43529412 0.89019608 0.96078431
v -0.03013648 -0.02519696 0.02376435 0.43529412 0.89019608 0.96078431
v -0.03293512 -0.02493567 0.02376435 0.43529412 0.89019608 0.96078431
v -0.03713823 -0.02422306 0.02096138 0.43529412 0.89019608 0.96078431
v -0.03574403 -0.02452592 0.02096138 0.43529412 0.89019608 0.96078431
v -0.03499567 -0.02466250 0.02096138 0.43529412 0.89019608 0.96078431
v -0.03421656 -0.02478127 0.01963648 0.43529412 0.89019608 0.96078431
v -0.03293512 -0.02495348 0.01963648 0.43529412 0.89019608 0.96078431
v -0.03498542 -0.02466250 0.01963648 0.43529412 0.89019608 0.96078431
v 0.01477519 -0.02584424 0.01963648 0.43529412 0.89019608 0.96078431
v 0.01617964 -0.02582048 0.01963648 0.43529412 0.89019608 0.96078431
v 0.01758409 -0.02579079 0.01963648 0.43529412 0.89019608 0.96078431
v 0.02171543 -0.02568390 0.01963648 0.43529412 0.89019608 0.96078431
v 0.02310963 -0.02563640 0.01963648 0.43529412 0.89019608 0.96078431
v 0.01898854 -0.02575516 0.01963648 0.43529412 0.89019608 0.96078431
v 0.02038274 -0.02571953 0.01963648 0.43529412 0.89019608 0.96078431
v 0.03152608 -0.02514351 0.01963648 0.43529412 0.89019608 0.96078431
v -0.03854268 -0.02382519 0.01963648 0.43529412 0.89019608 0.96078431
v -0.02593337 -0.02547012 0.01963648 0.43529412 0.89019608 0.96078431
v -0.02452892 -0.02552357 0.01963648 0.43529412 0.89019608 0.96078431
v -0.02172002 -0.02562452 0.01963648 0.43529412 0.89019608 0.96078431
v -0.02873203 -0.02532166 0.01963648 0.43529412 0.89019608 0.96078431
v -0.02732757 -0.02539886 0.01963648 0.43529412 0.89019608 0.96078431
v -0.03153067 -0.02510788 0.01963648 0.43529412 0.89019608 0.96078431
v -0.03013648 -0.02522071 0.02096138 0.43529412 0.89019608 0.96078431
v -0.03013648 -0.02520883 0.02236465 0.43529412 0.89019608 0.96078431
v -0.03713823 -0.02420524 0.01963648 0.43529412 0.89019608 0.96078431
v -0.03706646 -0.02422306 0.01963648 0.43529412 0.89019608 0.96078431
v -0.03574403 -0.02451404 0.01963648 0.43529412 0.89019608 0.96078431
v -0.03005446 -0.02523258 0.01963648 0.43529412 0.89019608 0.96078431
v -0.03013648 -0.02522665 0.01963648 0.43529412 0.89019608 0.96078431
f 1342 1343 1348
f 1342 1348 1344
f 1342 1344 1345
f 1342 1345 1346
f 1342 1346 1356
f 1342 1356 1371
f 1342 1371 1390
f 1342 1390 1409
f 1342 1409 1410
f 1342 1410 1414
f 1342 1414 1440
f 1342 1440 1471
f 1342 1471 1504
f 1342 1504 1505
f 1342 1505 1509
f 1342 1509 1542
f 1342 1542 1583
f 1342 1583 1582
f 1342 1582 1632
f 1342 1632 1681
f 1342 1681 1728
f 1342 1728 1731
f 1342 1731 1785
f 1342 1785 1849
f 1342 1849 1911
f 1342 1911 1973
f 1342 1973 1972
f 1342 1972 2044
f 1342 2044 2115
f 1342 2115 2184
f 1342 2184 2258
f 1342 2258 2337
f 1342 2337 2422
f 1342 2422 2520
f 1342 2520 2524
f 1342 2524 2648
f 1342 2648 2647
f 1342 2647 2779
f 1342 2779 2907
f 1342 2907 3044
f 1342 3044 3184
f 1342 3184 3185
f 1342 3185 3326
f 1342 3326 3479
f 1342 3479 3478
f 1342 3478 3477
f 1342 3477 3476
f 1342 3476 3605
f 1342 3605 3726
f 1342 3726 3725
f 1342 3725 3846
f 1342 3846 3952
f 1342 3952 3956
f 1342 3956 4054
f 1342 4054 4149
f 1342 4149 4253
f 1342 4253 4252
f 1342 4252 4251
f 1342 4251 4250
f 1342 4250 4370
f 1342 4370 4427
f 1342 4427 4525
f 1342 4525 4606
f 1342 4606 4520
f 1342 4520 4519
f 1342 4519 4607
f 1342 4607 4666
f 1342 4666 4713
f 1342 4713 4662
f 1342 4662 4661
f 1342 4661 4660
f 1342 4660 4665
f 1342 4665 4714
f 1342 4714 4756
f 1342 4756 4712
f 1342 4712 4755
f 1342 4755 4788
f 1342 4788 4750
f 1342 4750 4752
f 1342 4752 4746
f 1342 4746 4748
f 1342 4748 4785
f 1342 4785 4784
f 1342 4784 4787
f 1342 4787 4786
f 1342 4786 4783
f 1342 4783 4782
f 1342 4782 4781
f 1342 4781 4741
f 1342 4741 4740
f 1342 4740 4739
f 1342 4739 4724
f 1342 4724 4768
f 1342 4768 4767
f 1342 4767 4766
f 1342 4766 4765
f 1342 4765 4763
f 1342 4763 4762
f 1342 4762 4792
f 1342 4792 4791
f 1342 4791 4790
f 1342 4790 4794
f 1342 4794 4793
f 1342 4793 4801
f 1342 4801 4802
f 1342 4802 4795
f 1342 4795 4779
f 1342 4779 4778
f 1342 4778 4780
f 1342 4780 4800
f 1342 4800 4799
f 1342 4799 4798
f 1342 4798 4789
f 1342 4789 4758
f 1342 4758 4757
f 1342 4757 4715
f 1342 4715 4668
f 1342 4668 4667
f 1342 4667 4616
f 1342 4616 4617
f 1342 4617 4541
f 1342 4541 4457
f 1342 4457 4544
f 1342 4544 4480
f 1342 4480 4371
f 1342 4371 4254
f 1342 4254 4150
f 1342 4150 4057
f 1342 4057 3961
f 1342 3961 3853
f 1342 3853 3852
f 1342 3852 3736
f 1342 3736 3735
f 1342 3735 3734
f 1342 3734 3729
f 1342 3729 3607
f 1342 3607 3606
f 1342 3606 3485
f 1342 3485 3484
f 1342 3484 3333
f 1342 3333 3483
f 1342 3483 3482
f 1342 3482 3481
f 1342 3481 3480
f 1342 3480 3327
f 1342 3327 3186
f 1342 3186 3045
f 1342 3045 2908
f 1342 2908 2780
f 1342 2780 2651
f 1342 2651 2650
f 1342 2650 2649
f 1342 2649 2525
f 1342 2525 2424
f 1342 2424 2423
f 1342 2423 2338
f 1342 2338 2260
f 1342 2260 2259
f 1342 2259 2185
f 1342 2185 2117
f 1342 2117 2116
f 1342 2116 2045
f 1342 2045 1975
f 1342 1975 1974
f 1342 1974 1912
f 1342 1912 1851
f 1342 1851 1850
f 1342 1850 1786
f 1342 1786 1732
f 1342 1732 1683
f 1342 1683 1635
f 1342 1635 1585
f 1342 1585 1584
f 1342 1584 1544
f 1342 1544 1543
f 1342 1543 1510
f 1342 1510 1473
f 1342 1473 1441
f 1342 1441 1417
f 1342 1417 1415
f 1342 1415 1391
f 1342 1391 1372
f 1342 1372 1358
f 1342 1358 1357
f 1342 1357 1347
f 1342 1347 1343
f 1343 1347 1348
f 1344 1349 1350
f 1344 1350 1351
f 1344 1351 1352
f 1344 1352 1353
f 1344 1353 1354
f 1344 1354 1355
f 1344 1355 1345
f 1344 1348 1362
f 1344 1362 1349
f 1345 1355 1346
f 1346 1355 1356
f 1347 1357 1348
f 1348 1357 1358
f 1348 1358 1359
f 1348 1359 1360
f 1348 1360 1361
f 1348 1361 1376
f 1348 1376 1362
f 1349 1363 1350
f 1349 1362 1377
f 1349 1377 1363
f 1350 1363 1364
f 1350 1364 1365
f 1350 1365 1366
f 1350 1366 1351
f 1351 1366 1383
f 1351 1383 1367
f 1351 1367 1368
f 1351 1368 1388
f 1351 1388 1369
f 1351 1369 1352
f 1352 1369 1353
f 1353 1369 1354
f 1354 1369 1370
f 1354 1370 1355
f 1355 1370 1356
f 1356 1370 1388
f 1356 1388 1371
f 1358 1372 1359
f 1359 1372 1373
f 1359 1373 1360
f 1360 1373 1393
f 1360 1393 1374
f 1360 1374 1375
f 1360 1375 1361
f 1361 1375 1396
f 1361 1396 1376
f 1362 1376 1397
f 1362 1397 1377
f 1363 1378 1379
f 1363 1379 1364
f 1363 1377 1400
f 1363 1400 1378
f 1364 1379 1380
f 1364 1380 1381
f 1364 1381 1365
f 1365 1381 1404
f 1365 1404 1382
f 1365 1382 1383
f 1365 1383 1366
f 1367 1384 1368
f 1367 1383 1385
f 1367 1385 1408
f 1367 1408 1407
f 1367 1407 1386
f 1367 1386 1384
f 1368 1387 1388
f 1368 1384 1389
f 1368 1389 1387
f 1369 1388 1370
f 1371 1388 1390
f 1372 1391 1373
f 1373 1391 1392
f 1373 1392 1393
f 1374 1393 1394
f 1374 1394 1421
f 1374 1421 1395
f 1374 1395 1396
f 1374 1396 1375
f 1376 1396 1423
f 1376 1423 1397
f 1377 1397 1398
f 1377 1398 1399
f 1377 1399 1400
f 1378 1401 1379
f 1378 1400 1401
f 1379 1401 1402
f 1379 1402 1380
f 1380 1402 1405
f 1380 1405 1381
f 1381 1403 1432
f 1381 1432 1404
f 1381 1405 1403
f 1382 1404 1433
f 1382 1433 1406
f 1382 1406 1385
f 1382 1385 1383
f 1384 1386 1407
f 1384 1407 1389
f 1385 1406 1408
f 1387 1409 1388
f 1387 1389 1410
f 1387 1410 1409
f 1388 1409 1390
f 1389 1407 1411
f 1389 1411 1412
f 1389 1412 1413
f 1389 1413 1414
f 1389 1414 1410
f 1391 1415 1392
f 1392 1416 1393
f 1392 1415 1417
f 1392 1417 1418
f 1392 1418 1416
f 1393 1416 1394
f 1394 1416 1418
f 1394 1418 1419
f 1394 1419 1420
f 1394 1420 1421
f 1395 1421 1449
f 1395 1449 1422
f 1395 1422 1423
f 1395 1423 1396
f 1397 1423 1398
f 1398 1423 1422
f 1398 1422 1424
f 1398 1424 1451
f 1398 1451 1425
f 1398 1425 1426
f 1398 1426 1427
f 1398 1427 1399
f 1399 1427 1400
f 1400 1427 1401
f 1401 1428 1402
f 1401 1427 1429
f 1401 1429 1428
f 1402 1428 1430
f 1402 1430 1431
f 1402 1431 1405
f 1403 1431 1464
f 1403 1464 1432
f 1403 1405 1431
f 1404 1432 1465
f 1404 1465 1433
f 1406 1433 1466
f 1406 1466 1434
f 1406 1434 1408
f 1407 1408 1437
f 1407 1437 1435
f 1407 1435 1436
f 1407 1436 1412
f 1407 1412 1411
f 1408 1434 1467
f 1408 1467 1437
f 1412 1436 1468
f 1412 1468 1438
f 1412 1438 1439
f 1412 1439 1413
f 1413 1439 1440
f 1413 1440 1414
f 1417 1441 1442
f 1417 1442 1418
f 1418 1442 1443
f 1418 1443 1444
f 1418 1444 1445
f 1418 1445 1419
f 1419 1445 1446
f 1419 1446 1420
f 1420 1446 1447
f 1420 1447 1448
f 1420 1448 1449
f 1420 1449 1421
f 1422 1449 1450
f 1422 1450 1424
f 1424 1450 1479
f 1424 1479 1451
f 1425 1451 1480
f 1425 1480 1452
f 1425 1452 1426
f 1426 1452 1453
f 1426 1453 1427
f 1427 1453 1429
f 1428 1454 1455
f 1428 1455 1456
f 1428 1456 1457
f 1428 1457 1430
f 1428 1429 1461
f 1428 1461 1454
f 1429 1453 1458
f 1429 1458 1459
f 1429 1459 1460
f 1429 1460 1461
f 1430 1457 1462
f 1430 1462 1431
f 1431 1462 1463
f 1431 1463 1464
f 1432 1464 1465
f 1433 1465 1497
f 1433 1497 1466
f 1434 1466 1498
f 1434 1498 1467
f 1435 1437 1470
f 1435 1470 1468
f 1435 1468 1436
f 1437 1467 1469
f 1437 1469 1470
f 1438 1471 1440
f 1438 1440 1439
f 1438 1468 1472
f 1438 1472 1471
f 1441 1473 1443
f 1441 1443 1442
f 1443 1473 1474
f 1443 1474 1444
f 1444 1474 1475
f 1444 1475 1445
f 1445 1475 1446
f 1446 1475 1476
f 1446 1476 1447
f 1447 1476 1477
f 1447 1477 1478
f 1447 1478 1448
f 1448 1478 1450
f 1448 1450 1449
f 1450 1478 1479
f 1451 1479 1517
f 1451 1517 1480
f 1452 1480 1481
f 1452 1481 1482
f 1452 1482 1453
f 1453 1482 1458
f 1454 1461 1492
f 1454 1492 1483
f 1454 1483 1484
f 1454 1484 1455
f 1455 1484 1485
f 1455 1485 1486
f 1455 1486 1487
f 1455 1487 1456
f 1456 1487 1457
f 1457 1487 1493
f 1457 1493 1462
f 1458 1488 1459
f 1458 1482 1521
f 1458 1521 1488
f 1459 1488 1489
f 1459 1489 1490
f 1459 1490 1491
f 1459 1491 1460
f 1460 1491 1461
f 1461 1491 1492
f 1462 1493 1494
f 1462 1494 1463
f 1463 1494 1529
f 1463 1529 1495
f 1463 1495 1464
f 1464 1495 1496
f 1464 1496 1465
f 1465 1496 1531
f 1465 1531 1497
f 1466 1497 1532
f 1466 1532 1498
f 1467 1498 1469
f 1468 1470 1503
f 1468 1503 1499
f 1468 1499 1472
f 1469 1498 1500
f 1469 1500 1534
f 1469 1534 1501
f 1469 1501 1502
f 1469 1502 1470
f 1470 1502 1503
f 1471 1472 1504
f 1472 1505 1504
f 1472 1499 1506
f 1472 1506 1507
f 1472 1507 1508
f 1472 1508 1509
f 1472 1509 1505
f 1473 1510 1474
f 1474 1510 1511
f 1474 1511 1512
f 1474 1512 1475
f 1475 1512 1513
f 1475 1513 1476
f 1476 1513 1549
f 1476 1549 1514
f 1476 1514 1477
f 1477 1514 1550
f 1477 1550 1515
f 1477 1515 1516
f 1477 1516 1478
f 1478 1516 1479
f 1479 1516 1552
f 1479 1552 1517
f 1480 1517 1481
f 1481 1517 1518
f 1481 1518 1519
f 1481 1519 1520
f 1481 1520 1482
f 1482 1520 1521
f 1483 1492 1525
f 1483 1525 1522
f 1483 1522 1484
f 1484 1522 1485
f 1485 1522 1486
f 1486 1522 1487
f 1487 1523 1524
f 1487 1524 1493
f 1487 1522 1523
f 1488 1525 1489
f 1488 1521 1526
f 1488 1526 1525
f 1489 1525 1490
f 1490 1525 1491
f 1491 1525 1492
f 1493 1524 1527
f 1493 1527 1494
f 1494 1527 1528
f 1494 1528 1529
f 1495 1529 1567
f 1495 1567 1530
f 1495 1530 1531
f 1495 1531 1496
f 1497 1531 1569
f 1497 1569 1532
f 1498 1532 1533
f 1498 1533 1500
f 1499 1503 1536
f 1499 1536 1506
f 1500 1533 1534
f 1501 1534 1535
f 1501 1535 1536
f 1501 1536 1502
f 1502 1536 1503
f 1506 1536 1578
f 1506 1578 1537
f 1506 1537 1538
f 1506 1538 1507
f 1507 1538 1539
f 1507 1539 1508
f 1508 1539 1540
f 1508 1540 1541
f 1508 1541 1509
f 1509 1541 1542
f 1510 1543 1511
f 1511 1543 1544
f 1511 1544 1545
f 1511 1545 1546
f 1511 1546 1512
f 1512 1546 1547
f 1512 1547 1513
f 1513 1547 1548
f 1513 1548 1549
f 1514 1549 1550
f 1515 1550 1551
f 1515 1551 1552
f 1515 1552 1516
f 1517 1552 1553
f 1517 1553 1518
f 1518 1553 1519
f 1519 1553 1554
f 1519 1554 1555
f 1519 1555 1556
f 1519 1556 1557
f 1519 1557 1520
f 1520 1557 1526
f 1520 1526 1521
f 1522 1558 1523
f 1522 1525 1561
f 1522 1561 1558
f 1523 1558 1560
f 1523 1560 1524
f 1524 1559 1564
f 1524 1564 1527
f 1524 1560 1559
f 1525 1526 1561
f 1526 1557 1604
f 1526 1604 1562
f 1526 1562 1563
f 1526 1563 1561
f 1527 1564 1528
f 1528 1564 1565
f 1528 1565 1616
f 1528 1616 1566
f 1528 1566 1529
f 1529 1566 1567
f 1530 1567 1568
f 1530 1568 1531
f 1531 1568 1569
f 1532 1569 1533
f 1533 1570 1571
f 1533 1571 1572
f 1533 1572 1534
f 1533 1569 1573
f 1533 1573 1570
f 1534 1572 1574
f 1534 1574 1575
f 1534 1575 1535
f 1535 1575 1576
f 1535 1576 1577
f 1535 1577 1536
f 1536 1577 1578
f 1537 1578 1629
f 1537 1629 1579
f 1537 1579 1540
f 1537 1540 1538
f 1538 1540 1539
f 1540 1579 1580
f 1540 1580 1581
f 1540 1581 1582
f 1540 1582 1583
f 1540 1583 1541
f 1541 1583 1542
f 1544 1584 1545
f 1545 1584 1585
f 1545 1585 1586
f 1545 1586 1587
f 1545 1587 1588
f 1545 1588 1546
f 1546 1588 1589
f 1546 1589 1590
f 1546 1590 1547
f 1547 1590 1591
f 1547 1591 1548
f 1548 1591 1592
f 1548 1592 1593
f 1548 1593 1549
f 1549 1593 1594
f 1549 1594 1550
f 1550 1595 1551
f 1550 1594 1596
f 1550 1596 1597
f 1550 1597 1595
f 1551 1595 1598
f 1551 1598 1599
f 1551 1599 1552
f 1552 1599 1553
f 1553 1599 1600
f 1553 1600 1554
f 1554 1600 1601
f 1554 1601 1555
f 1555 1601 1602
f 1555 1602 1603
f 1555 1603 1556
f 1556 1603 1604
f 1556 1604 1557
f 1558 1605 1606
f 1558 1606 1607
f 1558 1607 1608
f 1558 1608 1560
f 1558 1561 1609
f 1558 1609 1605
f 1559 1608 1610
f 1559 1610 1564
f 1559 1560 1608
f 1561 1563 1611
f 1561 1611 1612
f 1561 1612 1609
f 1562 1604 1613
f 1562 1613 1611
f 1562 1611 1563
f 1564 1610 1614
f 1564 1614 1615
f 1564 1615 1565
f 1565 1615 1616
f 1566 1616 1617
f 1566 1617 1567
f 1567 1617 1618
f 1567 1618 1568
f 1568 1618 1619
f 1568 1619 1569
f 1569 1619 1573
f 1570 1620 1571
f 1570 1573 1621
f 1570 1621 1620
f 1571 1620 1622
f 1571 1622 1623
f 1571 1623 1624
f 1571 1624 1625
f 1571 1625 1574
f 1571 1574 1572
f 1573 1619 1621
f 1574 1625 1626
f 1574 1626 1575
f 1575 1626 1576
f 1576 1626 1627
f 1576 1627 1628
f 1576 1628 1577
f 1577 1628 1578
f 1578 1628 1629
f 1579 1629 1630
f 1579 1630 1580
f 1580 1630 1679
f 1580 1679 1631
f 1580 1631 1581
f 1581 1632 1582
f 1581 1631 1633
f 1581 1633 1634
f 1581 1634 1681
f 1581 1681 1632
f 1585 1635 1586
f 1586 1635 1636
f 1586 1636 1587
f 1587 1636 1637
f 1587 1637 1638
f 1587 1638 1639
f 1587 1639 1588
f 1588 1639 1640
f 1588 1640 1589
f 1589 1640 1641
f 1589 1641 1642
f 1589 1642 1590
f 1590 1642 1591
f 1591 1642 1643
f 1591 1643 1592
f 1592 1644 1593
f 1592 1643 1645
f 1592 1645 1644
f 1593 1596 1594
f 1593 1644 1596
f 1595 1597 1646
f 1595 1646 1598
f 1596 1644 1645
f 1596 1645 1647
f 1596 1647 1648
f 1596 1648 1649
f 1596 1649 1597
f 1597 1649 1646
f 1598 1646 1650
f 1598 1650 1600
f 1598 1600 1599
f 1600 1650 1651
f 1600 1651 1601
f 1601 1651 1694
f 1601 1694 1652
f 1601 1652 1602
f 1602 1652 1653
f 1602 1653 1654
f 1602 1654 1603
f 1603 1654 1655
f 1603 1655 1604
f 1604 1655 1656
f 1604 1656 1613
f 1605 1657 1658
f 1605 1658 1606
f 1605 1609 1657
f 1606 1658 1659
f 1606 1659 1607
f 1607 1659 1608
f 1608 1659 1610
f 1609 1612 1660
f 1609 1660 1657
f 1610 1659 1661
f 1610 1661 1614
f 1611 1613 1664
f 1611 1664 1662
f 1611 1662 1663
f 1611 1663 1612
f 1612 1663 1660
f 1613 1656 1664
f 1614 1661 1665
f 1614 1665 1666
f 1614 1666 1615
f 1615 1666 1667
f 1615 1667 1616
f 1616 1667 1668
f 1616 1668 1669
f 1616 1669 1617
f 1617 1669 1670
f 1617 1670 1618
f 1618 1670 1671
f 1618 1671 1619
f 1619 1671 1621
f 1620 1621 1672
f 1620 1672 1673
f 1620 1673 1622
f 1621 1671 1672
f 1622 1673 1623
f 1623 1673 1674
f 1623 1674 1675
f 1623 1675 1676
f 1623 1676 1624
f 1624 1676 1677
f 1624 1677 1627
f 1624 1627 1626
f 1624 1626 1625
f 1627 1677 1678
f 1627 1678 1628
f 1628 1678 1630
f 1628 1630 1629
f 1630 1678 1679
f 1631 1679 1726
f 1631 1726 1680
f 1631 1680 1633
f 1633 1680 1682
f 1633 1682 1634
f 1634 1682 1681
f 1635 1683 1684
f 1635 1684 1636
f 1636 1684 1637
f 1637 1684 1638
f 1638 1684 1685
f 1638 1685 1639
f 1639 1685 1640
f 1640 1685 1686
f 1640 1686 1641
f 1641 1686 1687
f 1641 1687 1642
f 1642 1687 1643
f 1643 1687 1688
f 1643 1688 1645
f 1645 1688 1689
f 1645 1689 1647
f 1646 1649 1690
f 1646 1690 1650
f 1647 1689 1691
f 1647 1691 1692
f 1647 1692 1693
f 1647 1693 1648
f 1648 1693 1690
f 1648 1690 1649
f 1650 1690 1651
f 1651 1690 1695
f 1651 1695 1694
f 1652 1694 1653
f 1653 1694 1696
f 1653 1696 1697
f 1653 1697 1698
f 1653 1698 1654
f 1654 1698 1699
f 1654 1699 1655
f 1655 1699 1700
f 1655 1700 1656
f 1656 1700 1664
f 1657 1701 1658
f 1657 1660 1706
f 1657 1706 1701
f 1658 1701 1702
f 1658 1702 1659
f 1659 1703 1704
f 1659 1704 1705
f 1659 1705 1661
f 1659 1702 1703
f 1660 1663 1706
f 1661 1705 1665
f 1662 1664 1707
f 1662 1707 1708
f 1662 1708 1663
f 1663 1709 1706
f 1663 1708 1709
f 1664 1700 1710
f 1664 1710 1707
f 1665 1705 1711
f 1665 1711 1666
f 1666 1711 1712
f 1666 1712 1713
f 1666 1713 1714
f 1666 1714 1667
f 1667 1714 1668
f 1668 1714 1715
f 1668 1715 1716
f 1668 1716 1669
f 1669 1716 1717
f 1669 1717 1670
f 1670 1717 1718
f 1670 1718 1672
f 1670 1672 1671
f 1672 1718 1673
f 1673 1719 1674
f 1673 1718 1719
f 1674 1719 1720
f 1674 1720 1721
f 1674 1721 1675
f 1675 1721 1722
f 1675 1722 1723
f 1675 1723 1676
f 1676 1723 1724
f 1676 1724 1677
f 1677 1724 1725
f 1677 1725 1678
f 1678 1725 1679
f 1679 1725 1726
f 1680 1726 1780
f 1680 1780 1727
f 1680 1727 1682
f 1681 1682 1728
f 1682 1727 1729
f 1682 1729 1730
f 1682 1730 1731
f 1682 1731 1728
f 1683 1732 1684
f 1684 1732 1733
f 1684 1733 1734
f 1684 1734 1685
f 1685 1734 1686
f 1686 1734 1687
f 1687 1734 1735
f 1687 1735 1736
f 1687 1736 1688
f 1688 1736 1689
f 1689 1736 1737
f 1689 1737 1691
f 1690 1693 1695
f 1691 1737 1738
f 1691 1738 1739
f 1691 1739 1692
f 1692 1739 1740
f 1692 1740 1741
f 1692 1741 1693
f 1693 1741 1695
f 1694 1695 1742
f 1694 1742 1743
f 1694 1743 1696
f 1695 1741 1742
f 1696 1743 1744
f 1696 1744 1697
f 1697 1744 1745
f 1697 1745 1746
f 1697 1746 1698
f 1698 1746 1699
f 1699 1746 1747
f 1699 1747 1710
f 1699 1710 1700
f 1701 1748 1749
f 1701 1749 1750
f 1701 1750 1702
f 1701 1706 1757
f 1701 1757 1748
f 1702 1750 1703
f 1703 1750 1704
f 1704 1750 1751
f 1704 1751 1705
f 1705 1751 1752
f 1705 1752 1753
f 1705 1753 1754
f 1705 1754 1711
f 1706 1709 1755
f 1706 1755 1756
f 1706 1756 1757
f 1707 1710 1758
f 1707 1758 1759
f 1707 1759 1760
f 1707 1760 1761
f 1707 1761 1708
f 1708 1761 1755
f 1708 1755 1709
f 1710 1747 1758
f 1711 1754 1712
f 1712 1754 1713
f 1713 1754 1762
f 1713 1762 1763
f 1713 1763 1764
f 1713 1764 1715
f 1713 1715 1714
f 1715 1764 1765
f 1715 1765 1716
f 1716 1765 1766
f 1716 1766 1717
f 1717 1766 1767
f 1717 1767 1718
f 1718 1767 1719
f 1719 1767 1768
f 1719 1768 1769
f 1719 1769 1720
f 1720 1769 1770
f 1720 1770 1771
f 1720 1771 1721
f 1721 1771 1772
f 1721 1772 1773
f 1721 1773 1722
f 1722 1773 1774
f 1722 1774 1775
f 1722 1775 1723
f 1723 1775 1776
f 1723 1776 1777
f 1723 1777 1724
f 1724 1777 1725
f 1725 1777 1778
f 1725 1778 1726
f 1726 1778 1779
f 1726 1779 1780
f 1727 1780 1844
f 1727 1844 1781
f 1727 1781 1782
f 1727 1782 1783
f 1727 1783 1729
f 1729 1783 1730
f 1730 1783 1784
f 1730 1784 1785
f 1730 1785 1731
f 1732 1786 1733
f 1733 1786 1787
f 1733 1787 1788
f 1733 1788 1789
f 1733 1789 1734
f 1734 1789 1790
f 1734 1790 1735
f 1735 1790 1736
f 1736 1790 1791
f 1736 1791 1792
f 1736 1792 1737
f 1737 1792 1793
f 1737 1793 1738
f 1738 1793 1794
f 1738 1794 1795
f 1738 1795 1739
f 1739 1796 1740
f 1739 1795 1797
f 1739 1797 1796
f 1740 1796 1798
f 1740 1798 1799
f 1740 1799 1741
f 1741 1799 1800
f 1741 1800 1742
f 1742 1800 1801
f 1742 1801 1743
f 1743 1801 1802
f 1743 1802 1744
f 1744 1802 1803
f 1744 1803 1804
f 1744 1804 1745
f 1745 1804 1805
f 1745 1805 1806
f 1745 1806 1746
f 1746 1806 1807
f 1746 1807 1758
f 1746 1758 1747
f 1748 1808 1749
f 1748 1757 1820
f 1748 1820 1808
f 1749 1809 1810
f 1749 1810 1750
f 1749 1808 1809
f 1750 1810 1811
f 1750 1811 1812
f 1750 1812 1751
f 1751 1813 1752
f 1751 1812 1813
f 1752 1813 1814
f 1752 1814 1753
f 1753 1814 1754
f 1754 1814 1815
f 1754 1815 1816
f 1754 1816 1762
f 1755 1761 1817
f 1755 1817 1818
f 1755 1818 1756
f 1756 1818 1819
f 1756 1819 1820
f 1756 1820 1757
f 1758 1807 1821
f 1758 1821 1822
f 1758 1822 1823
f 1758 1823 1759
f 1759 1823 1760
f 1760 1823 1824
f 1760 1824 1825
f 1760 1825 1761
f 1761 1825 1817
f 1762 1816 1826
f 1762 1826 1763
f 1763 1826 1827
f 1763 1827 1764
f 1764 1827 1828
f 1764 1828 1765
f 1765 1828 1829
f 1765 1829 1830
f 1765 1830 1766
f 1766 1830 1831
f 1766 1831 1767
f 1767 1831 1768
f 1768 1831 1832
f 1768 1832 1769
f 1769 1832 1833
f 1769 1833 1770
f 1770 1833 1834
f 1770 1834 1835
f 1770 1835 1771
f 1771 1835 1772
f 1772 1835 1836
f 1772 1836 1837
f 1772 1837 1773
f 1773 1837 1774
f 1774 1838 1839
f 1774 1839 1775
f 1774 1837 1838
f 1775 1839 1840
f 1775 1840 1776
f 1776 1840 1841
f 1776 1841 1777
f 1777 1841 1779
f 1777 1779 1778
f 1779 1841 1842
f 1779 1842 1843
f 1779 1843 1844
f 1779 1844 1780
f 1781 1844 1845
f 1781 1845 1846
f 1781 1846 1847
f 1781 1847 1782
f 1782 1847 1783
f 1783 1847 1848
f 1783 1848 1784
f 1784 1848 1849
f 1784 1849 1785
f 1786 1850 1787
f 1787 1850 1851
f 1787 1851 1852
f 1787 1852 1853
f 1787 1853 1788
f 1788 1853 1854
f 1788 1854 1789
f 1789 1854 1790
f 1790 1854 1855
f 1790 1855 1856
f 1790 1856 1791
f 1791 1856 1792
f 1792 1856 1857
f 1792 1857 1793
f 1793 1857 1858
f 1793 1858 1794
f 1794 1858 1859
f 1794 1859 1860
f 1794 1860 1795
f 1795 1860 1797
f 1796 1797 1861
f 1796 1861 1798
f 1797 1860 1862
f 1797 1862 1861
f 1798 1861 1863
f 1798 1863 1864
f 1798 1864 1799
f 1799 1864 1865
f 1799 1865 1800
f 1800 1865 1801
f 1801 1865 1866
f 1801 1866 1802
f 1802 1866 1803
f 1803 1867 1868
f 1803 1868 1804
f 1803 1866 1869
f 1803 1869 1867
f 1804 1868 1805
f 1805 1870 1806
f 1805 1868 1871
f 1805 1871 1870
f 1806 1870 1807
f 1807 1870 1821
f 1808 1872 1873
f 1808 1873 1809
f 1808 1820 1883
f 1808 1883 1872
f 1809 1873 1810
f 1810 1873 1811
f 1811 1873 1874
f 1811 1874 1812
f 1812 1874 1875
f 1812 1875 1813
f 1813 1875 1876
f 1813 1876 1814
f 1814 1876 1877
f 1814 1877 1815
f 1815 1877 1878
f 1815 1878 1816
f 1816 1878 1879
f 1816 1879 1826
f 1817 1825 1880
f 1817 1880 1881
f 1817 1881 1818
f 1818 1882 1819
f 1818 1881 1882
f 1819 1882 1820
f 1820 1882 1883
f 1821 1870 1884
f 1821 1884 1885
f 1821 1885 1822
f 1822 1885 1886
f 1822 1886 1823
f 1823 1886 1887
f 1823 1887 1824
f 1824 1887 1825
f 1825 1887 1880
f 1826 1879 1888
f 1826 1888 1889
f 1826 1889 1827
f 1827 1889 1890
f 1827 1890 1828
f 1828 1890 1829
f 1829 1890 1891
f 1829 1891 1892
f 1829 1892 1893
f 1829 1893 1830
f 1830 1893 1831
f 1831 1893 1832
f 1832 1893 1833
f 1833 1893 1894
f 1833 1894 1895
f 1833 1895 1834
f 1834 1895 1896
f 1834 1896 1897
f 1834 1897 1835
f 1835 1897 1836
f 1836 1897 1898
f 1836 1898 1899
f 1836 1899 1837
f 1837 1899 1838
f 1838 1899 1900
f 1838 1900 1901
f 1838 1901 1839
f 1839 1901 1902
f 1839 1902 1840
f 1840 1902 1903
f 1840 1903 1841
f 1841 1903 1842
f 1842 1903 1904
f 1842 1904 1905
f 1842 1905 1906
f 1842 1906 1843
f 1843 1906 1844
f 1844 1906 1907
f 1844 1907 1845
f 1845 1907 1908
f 1845 1908 1909
f 1845 1909 1846
f 1846 1909 1847
f 1847 1909 1910
f 1847 1910 1848
f 1848 1910 1911
f 1848 1911 1849
f 1851 1912 1913
f 1851 1913 1852
f 1852 1913 1853
f 1853 1913 1914
f 1853 1914 1854
f 1854 1914 1855
f 1855 1914 1915
f 1855 1915 1916
f 1855 1916 1856
f 1856 1916 1917
f 1856 1917 1857
f 1857 1917 1918
f 1857 1918 1858
f 1858 1918 1859
f 1859 1918 1919
f 1859 1919 1920
f 1859 1920 1921
f 1859 1921 1860
f 1860 1921 1862
f 1861 1862 1922
f 1861 1922 1863
f 1862 1921 1923
f 1862 1923 1922
f 1863 1924 1925
f 1863 1925 1864
f 1863 1922 1926
f 1863 1926 1924
f 1864 1925 1866
f 1864 1866 1865
f 1866 1925 1869
f 1867 1927 1868
f 1867 1869 1928
f 1867 1928 1929
f 1867 1929 1927
f 1868 1927 1930
f 1868 1930 1871
f 1869 1925 1931
f 1869 1931 1928
f 1870 1871 1932
f 1870 1932 1884
f 1871 1930 1932
f 1872 1933 1934
f 1872 1934 1873
f 1872 1883 1948
f 1872 1948 1933
f 1873 1934 1935
f 1873 1935 1936
f 1873 1936 1874
f 1874 1937 1875
f 1874 1936 1937
f 1875 1937 1938
f 1875 1938 1876
f 1876 1938 1939
f 1876 1939 1877
f 1877 1939 1940
f 1877 1940 1878
f 1878 1940 1941
f 1878 1941 1879
f 1879 1941 1942
f 1879 1942 1888
f 1880 1887 1943
f 1880 1943 1944
f 1880 1944 1945
f 1880 1945 1881
f 1881 1945 1946
f 1881 1946 1882
f 1882 1946 1947
f 1882 1947 1883
f 1883 1947 1948
f 1884 1932 1949
f 1884 1949 1950
f 1884 1950 1885
f 1885 1950 1951
f 1885 1951 1886
f 1886 1951 1952
f 1886 1952 1887
f 1887 1952 1943
f 1888 1942 1953
f 1888 1953 1889
f 1889 1953 1890
f 1890 1953 1954
f 1890 1954 1891
f 1891 1954 1955
f 1891 1955 1956
f 1891 1956 1892
f 1892 1956 1957
f 1892 1957 1893
f 1893 1957 1894
f 1894 1957 1958
f 1894 1958 1895
f 1895 1958 1959
f 1895 1959 1896
f 1896 1959 1960
f 1896 1960 1897
f 1897 1960 1898
f 1898 1960 1961
f 1898 1961 1899
f 1899 1961 1900
f 1900 1961 1962
f 1900 1962 1963
f 1900 1963 1901
f 1901 1963 1964
f 1901 1964 1902
f 1902 1964 1965
f 1902 1965 1903
f 1903 1965 1904
f 1904 1965 1966
f 1904 1966 1967
f 1904 1967 1905
f 1905 1967 1968
f 1905 1968 1906
f 1906 1968 1908
f 1906 1908 1907
f 1908 1968 1969
f 1908 1969 1970
f 1908 1970 1909
f 1909 1970 1910
f 1910 1970 1971
f 1910 1971 1972
f 1910 1972 1973
f 1910 1973 1911
f 1912 1974 1913
f 1913 1974 1975
f 1913 1975 1976
f 1913 1976 1977
f 1913 1977 1978
f 1913 1978 1914
f 1914 1978 1979
f 1914 1979 1980
f 1914 1980 1915
f 1915 1980 1916
f 1916 1980 1981
f 1916 1981 1982
f 1916 1982 1917
f 1917 1982 1983
f 1917 1983 1918
f 1918 1983 1984
f 1918 1984 1919
f 1919 1984 1985
f 1919 1985 1920
f 1920 1985 1986
f 1920 1986 1987
f 1920 1987 1921
f 1921 1987 1923
f 1922 1923 1988
f 1922 1988 1926
f 1923 1987 1988
f 1924 1989 1925
f 1924 1926 1990
f 1924 1990 1989
f 1925 1989 1931
f 1926 1988 1991
f 1926 1991 1990
f 1927 1929 1992
f 1927 1992 1930
f 1928 1931 1993
f 1928 1993 1994
f 1928 1994 1929
f 1929 1994 1995
f 1929 1995 1992
f 1930 1992 1996
f 1930 1996 1949
f 1930 1949 1932
f 1931 1989 1993
f 1933 1997 1998
f 1933 1998 1934
f 1933 1948 2012
f 1933 2012 1997
f 1934 1998 1935
f 1935 1998 1936
f 1936 1998 1999
f 1936 1999 1937
f 1937 1999 2000
f 1937 2000 1938
f 1938 2000 2001
f 1938 2001 1939
f 1939 2001 2002
f 1939 2002 1940
f 1940 2002 2003
f 1940 2003 1941
f 1941 2003 2004
f 1941 2004 1942
f 1942 2004 2005
f 1942 2005 2006
f 1942 2006 1953
f 1943 1952 2007
f 1943 2007 2008
f 1943 2008 1944
f 1944 2008 1945
f 1945 2008 2009
f 1945 2009 1946
f 1946 2009 2010
f 1946 2010 2011
f 1946 2011 1947
f 1947 2011 1948
f 1948 2011 2012
f 1949 1996 2013
f 1949 2013 2014
f 1949 2014 1950
f 1950 2014 2015
f 1950 2015 1951
f 1951 2015 2016
f 1951 2016 1952
f 1952 2016 2007
f 1953 2006 2017
f 1953 2017 2018
f 1953 2018 1954
f 1954 2018 1955
f 1955 2018 2019
f 1955 2019 2020
f 1955 2020 1956
f 1956 2020 2021
f 1956 2021 1957
f 1957 2021 1958
f 1958 2021 2022
f 1958 2022 2023
f 1958 2023 1959
f 1959 2024 2025
f 1959 2025 1960
f 1959 2023 2024
f 1960 2026 2027
f 1960 2027 2028
f 1960 2028 2029
f 1960 2029 1961
f 1960 2025 2026
f 1961 2030 2031
f 1961 2031 1962
f 1961 2029 2030
f 1962 2031 2032
f 1962 2032 1963
f 1963 2032 2033
f 1963 2033 2034
f 1963 2034 1964
f 1964 2034 2035
f 1964 2035 1965
f 1965 2035 1966
f 1966 2035 2036
f 1966 2036 2037
f 1966 2037 1967
f 1967 2037 2038
f 1967 2038 1968
f 1968 2038 2039
f 1968 2039 1969
f 1969 2039 2040
f 1969 2040 2041
f 1969 2041 2042
f 1969 2042 1970
f 1970 2042 1971
f 1971 2042 2043
f 1971 2043 1972
f 1972 2043 2044
f 1975 2045 2046
f 1975 2046 1976
f 1976 2046 1977
f 1977 2046 2047
f 1977 2047 1978
f 1978 2047 1979
f 1979 2047 2048
f 1979 2048 1980
f 1980 2048 1981
f 1981 2048 2049
f 1981 2049 1982
f 1982 2049 2050
f 1982 2050 1983
f 1983 2050 2051
f 1983 2051 1984
f 1984 2051 2052
f 1984 2052 1985
f 1985 2052 2053
f 1985 2053 2054
f 1985 2054 1986
f 1986 2054 2055
f 1986 2055 1987
f 1987 2055 2056
f 1987 2056 2057
f 1987 2057 2058
f 1987 2058 1988
f 1988 2058 2057
f 1988 2057 2059
f 1988 2059 2060
f 1988 2060 1991
f 1989 1990 2061
f 1989 2061 2062
f 1989 2062 1993
f 1990 1991 2063
f 1990 2063 2061
f 1991 2060 2063
f 1992 1995 2064
f 1992 2064 1996
f 1993 2062 1994
f 1994 2062 2065
f 1994 2065 1995
f 1995 2065 2066
f 1995 2066 2064
f 1996 2064 2013
f 1997 2067 1998
f 1997 2012 2083
f 1997 2083 2067
f 1998 2068 2069
f 1998 2069 2070
f 1998 2070 1999
f 1998 2067 2068
f 1999 2070 2071
f 1999 2071 2000
f 2000 2071 2072
f 2000 2072 2001
f 2001 2072 2002
f 2002 2072 2073
f 2002 2073 2003
f 2003 2073 2074
f 2003 2074 2004
f 2004 2074 2075
f 2004 2075 2076
f 2004 2076 2005
f 2005 2076 2077
f 2005 2077 2017
f 2005 2017 2006
f 2007 2016 2078
f 2007 2078 2008
f 2008 2078 2079
f 2008 2079 2009
f 2009 2079 2080
f 2009 2080 2010
f 2010 2080 2081
f 2010 2081 2011
f 2011 2081 2082
f 2011 2082 2083
f 2011 2083 2012
f 2013 2064 2084
f 2013 2084 2085
f 2013 2085 2014
f 2014 2085 2086
f 2014 2086 2087
f 2014 2087 2015
f 2015 2087 2088
f 2015 2088 2016
f 2016 2088 2078
f 2017 2089 2090
f 2017 2090 2019
f 2017 2019 2018
f 2017 2077 2089
f 2019 2090 2091
f 2019 2091 2020
f 2020 2091 2022
f 2020 2022 2021
f 2022 2091 2092
f 2022 2092 2093
f 2022 2093 2094
f 2022 2094 2023
f 2023 2094 2024
f 2024 2094 2026
f 2024 2026 2025
f 2026 2094 2095
f 2026 2095 2096
f 2026 2096 2097
f 2026 2097 2098
f 2026 2098 2027
f 2027 2098 2028
f 2028 2099 2100
f 2028 2100 2030
f 2028 2030 2029
f 2028 2098 2099
f 2030 2100 2031
f 2031 2100 2101
f 2031 2101 2102
f 2031 2102 2032
f 2032 2102 2033
f 2033 2102 2103
f 2033 2103 2104
f 2033 2104 2105
f 2033 2105 2106
f 2033 2106 2034
f 2034 2106 2035
f 2035 2106 2036
f 2036 2106 2107
f 2036 2107 2108
f 2036 2108 2037
f 2037 2108 2109
f 2037 2109 2038
f 2038 2109 2110
f 2038 2110 2039
f 2039 2110 2040
f 2040 2110 2111
f 2040 2111 2041
f 2041 2111 2112
f 2041 2112 2113
f 2041 2113 2042
f 2042 2113 2114
f 2042 2114 2043
f 2043 2114 2044
f 2044 2114 2115
f 2045 2116 2046
f 2046 2116 2117
f 2046 2117 2118
f 2046 2118 2119
f 2046 2119 2120
f 2046 2120 2047
f 2047 2120 2121
f 2047 2121 2048
f 2048 2121 2122
f 2048 2122 2123
f 2048 2123 2049
f 2049 2123 2124
f 2049 2124 2050
f 2050 2124 2125
f 2050 2125 2051
f 2051 2125 2126
f 2051 2126 2052
f 2052 2126 2053
f 2053 2126 2127
f 2053 2127 2128
f 2053 2128 2129
f 2053 2129 2130
f 2053 2130 2054
f 2054 2130 2055
f 2055 2130 2131
f 2055 2131 2132
f 2055 2132 2056
f 2056 2132 2057
f 2057 2132 2133
f 2057 2133 2134
f 2057 2134 2059
f 2059 2134 2060
f 2060 2135 2136
f 2060 2136 2137
f 2060 2137 2063
f 2060 2134 2138
f 2060 2138 2135
f 2061 2063 2137
f 2061 2137 2062
f 2062 2139 2065
f 2062 2137 2140
f 2062 2140 2139
f 2064 2066 2141
f 2064 2141 2084
f 2065 2139 2066
f 2066 2139 2141
f 2067 2142 2068
f 2067 2083 2151
f 2067 2151 2142
f 2068 2142 2069
f 2069 2142 2070
f 2070 2142 2071
f 2071 2142 2072
f 2072 2142 2143
f 2072 2143 2073
f 2073 2143 2144
f 2073 2144 2145
f 2073 2145 2074
f 2074 2145 2146
f 2074 2146 2075
f 2075 2146 2076
f 2076 2146 2147
f 2076 2147 2148
f 2076 2148 2149
f 2076 2149 2077
f 2077 2149 2089
f 2078 2088 2150
f 2078 2150 2151
f 2078 2151 2079
f 2079 2151 2080
f 2080 2151 2081
f 2081 2151 2082
f 2082 2151 2083
f 2084 2141 2152
f 2084 2152 2085
f 2085 2152 2153
f 2085 2153 2154
f 2085 2154 2155
f 2085 2155 2086
f 2086 2155 2087
f 2087 2155 2156
f 2087 2156 2088
f 2088 2156 2150
f 2089 2092 2090
f 2089 2149 2157
f 2089 2157 2158
f 2089 2158 2159
f 2089 2159 2092
f 2090 2092 2091
f 2092 2159 2160
f 2092 2160 2093
f 2093 2160 2161
f 2093 2161 2094
f 2094 2161 2095
f 2095 2161 2096
f 2096 2162 2163
f 2096 2163 2164
f 2096 2164 2097
f 2096 2161 2160
f 2096 2160 2165
f 2096 2165 2162
f 2097 2164 2166
f 2097 2166 2098
f 2098 2166 2167
f 2098 2167 2099
f 2099 2167 2100
f 2100 2167 2168
f 2100 2168 2169
f 2100 2169 2101
f 2101 2169 2170
f 2101 2170 2102
f 2102 2170 2103
f 2103 2170 2104
f 2104 2171 2172
f 2104 2172 2173
f 2104 2173 2174
f 2104 2174 2105
f 2104 2170 2175
f 2104 2175 2171
f 2105 2174 2107
f 2105 2107 2106
f 2107 2174 2176
f 2107 2176 2108
f 2108 2176 2177
f 2108 2177 2109
f 2109 2177 2178
f 2109 2178 2110
f 2110 2178 2179
f 2110 2179 2111
f 2111 2179 2180
f 2111 2180 2112
f 2112 2180 2113
f 2113 2180 2181
f 2113 2181 2114
f 2114 2181 2182
f 2114 2182 2183
f 2114 2183 2115
f 2115 2183 2184
f 2117 2185 2118
f 2118 2185 2186
f 2118 2186 2187
f 2118 2187 2188
f 2118 2188 2119
f 2119 2188 2189
f 2119 2189 2120
f 2120 2189 2190
f 2120 2190 2121
f 2121 2190 2191
f 2121 2191 2122
f 2122 2191 2192
f 2122 2192 2123
f 2123 2192 2193
f 2123 2193 2124
f 2124 2193 2194
f 2124 2194 2125
f 2125 2194 2195
f 2125 2195 2126
f 2126 2195 2127
f 2127 2195 2196
f 2127 2196 2128
f 2128 2197 2129
f 2128 2196 2198
f 2128 2198 2199
f 2128 2199 2200
f 2128 2200 2197
f 2129 2201 2130
f 2129 2197 2201
f 2130 2201 2131
f 2131 2201 2202
f 2131 2202 2132
f 2132 2202 2203
f 2132 2203 2204
f 2132 2204 2133
f 2133 2204 2134
f 2134 2204 2205
f 2134 2205 2138
f 2135 2138 2206
f 2135 2206 2207
f 2135 2207 2208
f 2135 2208 2209
f 2135 2209 2210
f 2135 2210 2211
f 2135 2211 2136
f 2136 2211 2137
f 2137 2211 2210
f 2137 2210 2140
f 2138 2205 2206
f 2139 2140 2210
f 2139 2210 2212
f 2139 2212 2141
f 2141 2212 2213
f 2141 2213 2214
f 2141 2214 2152
f 2142 2215 2216
f 2142 2216 2143
f 2142 2151 2215
f 2143 2216 2217
f 2143 2217 2218
f 2143 2218 2219
f 2143 2219 2146
f 2143 2146 2145
f 2143 2145 2144
f 2146 2219 2220
f 2146 2220 2147
f 2147 2220 2148
f 2148 2220 2221
f 2148 2221 2149
f 2149 2221 2157
f 2150 2222 2223
f 2150 2223 2224
f 2150 2224 2151
f 2150 2156 2155
f 2150 2155 2225
f 2150 2225 2222
f 2151 2224 2215
f 2152 2214 2226
f 2152 2226 2153
f 2153 2227 2154
f 2153 2226 2227
f 2154 2227 2155
f 2155 2227 2225
f 2157 2221 2158
f 2158 2221 2228
f 2158 2228 2229
f 2158 2229 2230
f 2158 2230 2159
f 2159 2230 2160
f 2160 2230 2165
f 2162 2231 2232
f 2162 2232 2233
f 2162 2233 2234
f 2162 2234 2163
f 2162 2165 2230
f 2162 2230 2229
f 2162 2229 2231
f 2163 2234 2164
f 2164 2234 2235
f 2164 2235 2167
f 2164 2167 2166
f 2167 2235 2236
f 2167 2236 2237
f 2167 2237 2238
f 2167 2238 2239
f 2167 2239 2169
f 2167 2169 2168
f 2169 2239 2238
f 2169 2238 2240
f 2169 2240 2241
f 2169 2241 2242
f 2169 2242 2170
f 2170 2242 2175
f 2171 2175 2243
f 2171 2243 2244
f 2171 2244 2172
f 2172 2244 2245
f 2172 2245 2246
f 2172 2246 2247
f 2172 2247 2173
f 2173 2247 2248
f 2173 2248 2174
f 2174 2248 2176
f 2175 2242 2243
f 2176 2248 2249
f 2176 2249 2177
f 2177 2249 2250
f 2177 2250 2178
f 2178 2250 2179
f 2179 2250 2251
f 2179 2251 2252
f 2179 2252 2253
f 2179 2253 2180
f 2180 2253 2254
f 2180 2254 2255
f 2180 2255 2181
f 2181 2255 2182
f 2182 2255 2183
f 2183 2255 2256
f 2183 2256 2184
f 2184 2256 2257
f 2184 2257 2258
f 2185 2259 2186
f 2186 2259 2260
f 2186 2260 2187
f 2187 2260 2261
f 2187 2261 2262
f 2187 2262 2188
f 2188 2262 2263
f 2188 2263 2189
f 2189 2263 2264
f 2189 2264 2190
f 2190 2264 2191
f 2191 2264 2265
f 2191 2265 2192
f 2192 2265 2266
f 2192 2266 2193
f 2193 2266 2267
f 2193 2267 2194
f 2194 2267 2268
f 2194 2268 2195
f 2195 2268 2196
f 2196 2268 2269
f 2196 2269 2198
f 2197 2200 2270
f 2197 2270 2271
f 2197 2271 2201
f 2198 2269 2272
f 2198 2272 2199
f 2199 2272 2273
f 2199 2273 2274
f 2199 2274 2275
f 2199 2275 2200
f 2200 2275 2270
f 2201 2271 2202
f 2202 2271 2276
f 2202 2276 2277
f 2202 2277 2278
f 2202 2278 2279
f 2202 2279 2204
f 2202 2204 2203
f 2204 2280 2281
f 2204 2281 2206
f 2204 2206 2205
f 2204 2279 2278
f 2204 2278 2282
f 2204 2282 2280
f 2206 2281 2283
f 2206 2283 2207
f 2207 2283 2208
f 2208 2283 2284
f 2208 2284 2285
f 2208 2285 2286
f 2208 2286 2287
f 2208 2287 2288
f 2208 2288 2209
f 2209 2288 2210
f 2210 2288 2212
f 2212 2288 2213
f 2213 2226 2214
f 2213 2288 2287
f 2213 2287 2289
f 2213 2289 2290
f 2213 2290 2226
f 2215 2291 2292
f 2215 2292 2293
f 2215 2293 2294
f 2215 2294 2295
f 2215 2295 2296
f 2215 2296 2216
f 2215 2224 2297
f 2215 2297 2298
f 2215 2298 2299
f 2215 2299 2300
f 2215 2300 2301
f 2215 2301 2302
f 2215 2302 2291
f 2216 2296 2303
f 2216 2303 2217
f 2217 2303 2304
f 2217 2304 2220
f 2217 2220 2219
f 2217 2219 2218
f 2220 2304 2305
f 2220 2305 2221
f 2221 2305 2306
f 2221 2306 2228
f 2222 2225 2223
f 2223 2307 2224
f 2223 2225 2227
f 2223 2227 2308
f 2223 2308 2307
f 2224 2307 2297
f 2226 2290 2309
f 2226 2309 2310
f 2226 2310 2227
f 2227 2310 2308
f 2228 2306 2311
f 2228 2311 2312
f 2228 2312 2229
f 2229 2312 2313
f 2229 2313 2231
f 2231 2313 2232
f 2232 2314 2315
f 2232 2315 2316
f 2232 2316 2317
f 2232 2317 2318
f 2232 2318 2234
f 2232 2234 2233
f 2232 2313 2314
f 2234 2318 2236
f 2234 2236 2235
f 2236 2317 2319
f 2236 2319 2238
f 2236 2238 2237
f 2236 2318 2317
f 2238 2320 2321
f 2238 2321 2241
f 2238 2241 2240
f 2238 2319 2320
f 2241 2322 2323
f 2241 2323 2243
f 2241 2243 2242
f 2241 2321 2322
f 2243 2323 2324
f 2243 2324 2244
f 2244 2324 2245
f 2245 2324 2325
f 2245 2325 2326
f 2245 2326 2327
f 2245 2327 2246
f 2246 2327 2328
f 2246 2328 2329
f 2246 2329 2247
f 2247 2329 2330
f 2247 2330 2248
f 2248 2330 2249
f 2249 2330 2331
f 2249 2331 2251
f 2249 2251 2250
f 2251 2331 2332
f 2251 2332 2333
f 2251 2333 2252
f 2252 2333 2334
f 2252 2334 2253
f 2253 2334 2254
f 2254 2334 2335
f 2254 2335 2255
f 2255 2335 2257
f 2255 2257 2256
f 2257 2335 2336
f 2257 2336 2422
f 2257 2422 2337
f 2257 2337 2258
f 2260 2338 2339
f 2260 2339 2261
f 2261 2339 2262
f 2262 2339 2340
f 2262 2340 2263
f 2263 2340 2264
f 2264 2340 2341
f 2264 2341 2342
f 2264 2342 2265
f 2265 2342 2266
f 2266 2342 2343
f 2266 2343 2267
f 2267 2343 2344
f 2267 2344 2268
f 2268 2344 2269
f 2269 2344 2345
f 2269 2345 2272
f 2270 2276 2271
f 2270 2275 2346
f 2270 2346 2276
f 2272 2345 2347
f 2272 2347 2273
f 2273 2347 2348
f 2273 2348 2349
f 2273 2349 2274
f 2274 2346 2275
f 2274 2349 2350
f 2274 2350 2351
f 2274 2351 2346
f 2276 2346 2352
f 2276 2352 2353
f 2276 2353 2278
f 2276 2278 2277
f 2278 2353 2354
f 2278 2354 2355
f 2278 2355 2280
f 2278 2280 2282
f 2280 2355 2356
f 2280 2356 2357
f 2280 2357 2283
f 2280 2283 2281
f 2283 2357 2285
f 2283 2285 2284
f 2285 2357 2356
f 2285 2356 2358
f 2285 2358 2359
f 2285 2359 2360
f 2285 2360 2286
f 2286 2360 2287
f 2287 2360 2289
f 2289 2309 2290
f 2289 2360 2361
f 2289 2361 2309
f 2291 2362 2363
f 2291 2363 2292
f 2291 2302 2390
f 2291 2390 2362
f 2292 2363 2364
f 2292 2364 2293
f 2293 2364 2365
f 2293 2365 2294
f 2294 2365 2366
f 2294 2366 2367
f 2294 2367 2368
f 2294 2368 2369
f 2294 2369 2371
f 2294 2371 2295
f 2295 2370 2296
f 2295 2371 2372
f 2295 2372 2373
f 2295 2373 2374
f 2295 2374 2370
f 2296 2370 2374
f 2296 2374 2375
f 2296 2375 2304
f 2296 2304 2303
f 2297 2376 2298
f 2297 2307 2308
f 2297 2308 2377
f 2297 2377 2378
f 2297 2378 2376
f 2298 2376 2378
f 2298 2378 2379
f 2298 2379 2380
f 2298 2380 2381
f 2298 2381 2383
f 2298 2383 2299
f 2299 2382 2300
f 2299 2383 2384
f 2299 2384 2385
f 2299 2385 2386
f 2299 2386 2382
f 2300 2382 2387
f 2300 2387 2388
f 2300 2388 2301
f 2301 2389 2302
f 2301 2388 2389
f 2302 2389 2390
f 2304 2375 2391
f 2304 2391 2306
f 2304 2306 2305
f 2306 2391 2392
f 2306 2392 2311
f 2308 2310 2309
f 2308 2309 2393
f 2308 2393 2377
f 2309 2361 2394
f 2309 2394 2393
f 2311 2392 2395
f 2311 2395 2313
f 2311 2313 2312
f 2313 2395 2396
f 2313 2396 2314
f 2314 2396 2315
f 2315 2397 2398
f 2315 2398 2399
f 2315 2399 2400
f 2315 2400 2316
f 2315 2396 2397
f 2316 2400 2317
f 2317 2400 2399
f 2317 2399 2401
f 2317 2401 2319
f 2319 2401 2320
f 2320 2401 2402
f 2320 2402 2403
f 2320 2403 2321
f 2321 2403 2322
f 2322 2403 2404
f 2322 2404 2405
f 2322 2405 2406
f 2322 2406 2324
f 2322 2324 2323
f 2324 2407 2408
f 2324 2408 2325
f 2324 2406 2405
f 2324 2405 2407
f 2325 2408 2326
f 2326 2408 2409
f 2326 2409 2410
f 2326 2410 2411
f 2326 2411 2412
f 2326 2412 2327
f 2327 2412 2328
f 2328 2413 2329
f 2328 2412 2414
f 2328 2414 2413
f 2329 2413 2330
f 2330 2413 2415
f 2330 2415 2331
f 2331 2415 2332
f 2332 2415 2416
f 2332 2416 2417
f 2332 2417 2418
f 2332 2418 2333
f 2333 2418 2334
f 2334 2418 2419
f 2334 2419 2420
f 2334 2420 2335
f 2335 2420 2336
f 2336 2420 2421
f 2336 2421 2422
f 2338 2423 2339
f 2339 2424 2425
f 2339 2425 2426
f 2339 2426 2340
f 2339 2423 2424
f 2340 2426 2341
f 2341 2426 2427
f 2341 2427 2428
f 2341 2428 2342
f 2342 2428 2429
f 2342 2429 2343
f 2343 2429 2430
f 2343 2430 2344
f 2344 2430 2345
f 2345 2430 2431
f 2345 2431 2347
f 2346 2351 2432
f 2346 2432 2433
f 2346 2433 2434
f 2346 2434 2352
f 2347 2431 2435
f 2347 2435 2348
f 2348 2435 2436
f 2348 2436 2437
f 2348 2437 2349
f 2349 2437 2350
f 2350 2438 2351
f 2350 2437 2439
f 2350 2439 2440
f 2350 2440 2441
f 2350 2441 2438
f 2351 2438 2432
f 2352 2442 2353
f 2352 2434 2433
f 2352 2433 2443
f 2352 2443 2442
f 2353 2442 2354
f 2354 2444 2445
f 2354 2445 2355
f 2354 2442 2444
f 2355 2445 2356
f 2356 2445 2446
f 2356 2446 2447
f 2356 2447 2358
f 2358 2447 2448
f 2358 2448 2359
f 2359 2448 2449
f 2359 2449 2360
f 2360 2450 2361
f 2360 2449 2450
f 2361 2450 2394
f 2362 2451 2452
f 2362 2452 2363
f 2362 2390 2493
f 2362 2493 2451
f 2363 2453 2454
f 2363 2454 2364
f 2363 2452 2453
f 2364 2455 2365
f 2364 2454 2456
f 2364 2456 2455
f 2365 2455 2457
f 2365 2457 2458
f 2365 2458 2459
f 2365 2459 2366
f 2366 2459 2460
f 2366 2460 2461
f 2366 2461 2462
f 2366 2462 2367
f 2367 2462 2463
f 2367 2463 2464
f 2367 2464 2465
f 2367 2465 2368
f 2368 2465 2466
f 2368 2466 2369
f 2369 2466 2467
f 2369 2467 2371
f 2371 2467 2372
f 2372 2467 2468
f 2372 2468 2469
f 2372 2469 2373
f 2373 2469 2470
f 2373 2470 2471
f 2373 2471 2472
f 2373 2472 2374
f 2374 2472 2375
f 2375 2472 2473
f 2375 2473 2391
f 2377 2393 2474
f 2377 2474 2475
f 2377 2475 2378
f 2378 2475 2379
f 2379 2475 2476
f 2379 2476 2477
f 2379 2477 2478
f 2379 2478 2380
f 2380 2478 2479
f 2380 2479 2381
f 2381 2479 2482
f 2381 2482 2383
f 2382 2386 2480
f 2382 2480 2481
f 2382 2481 2387
f 2383 2482 2483
f 2383 2483 2384
f 2384 2483 2484
f 2384 2484 2385
f 2385 2484 2485
f 2385 2485 2486
f 2385 2486 2386
f 2386 2486 2487
f 2386 2487 2480
f 2387 2481 2488
f 2387 2488 2489
f 2387 2489 2388
f 2388 2490 2389
f 2388 2489 2490
f 2389 2490 2491
f 2389 2491 2492
f 2389 2492 2390
f 2390 2492 2493
f 2391 2473 2392
f 2392 2473 2494
f 2392 2494 2495
f 2392 2495 2395
f 2393 2394 2474
f 2394 2450 2496
f 2394 2496 2497
f 2394 2497 2474
f 2395 2495 2498
f 2395 2498 2396
f 2396 2498 2397
f 2397 2499 2500
f 2397 2500 2398
f 2397 2498 2499
f 2398 2500 2501
f 2398 2501 2399
f 2399 2501 2502
f 2399 2502 2503
f 2399 2503 2402
f 2399 2402 2401
f 2402 2503 2403
f 2403 2503 2404
f 2404 2503 2405
f 2405 2504 2505
f 2405 2505 2407
f 2405 2503 2506
f 2405 2506 2504
f 2407 2505 2507
f 2407 2507 2408
f 2408 2507 2409
f 2409 2508 2410
f 2409 2507 2508
f 2410 2509 2411
f 2410 2508 2510
f 2410 2510 2511
f 2410 2511 2512
f 2410 2512 2513
f 2410 2513 2509
f 2411 2509 2412
f 2412 2509 2414
f 2413 2416 2415
f 2413 2414 2514
f 2413 2514 2416
f 2414 2509 2515
f 2414 2515 2514
f 2416 2514 2516
f 2416 2516 2417
f 2417 2516 2517
f 2417 2517 2418
f 2418 2517 2419
f 2419 2517 2518
f 2419 2518 2519
f 2419 2519 2420
f 2420 2519 2421
f 2421 2520 2422
f 2421 2519 2521
f 2421 2521 2522
f 2421 2522 2523
f 2421 2523 2524
f 2421 2524 2520
f 2424 2525 2425
f 2425 2525 2526
f 2425 2526 2527
f 2425 2527 2426
f 2426 2527 2528
f 2426 2528 2427
f 2427 2528 2529
f 2427 2529 2530
f 2427 2530 2428
f 2428 2530 2429
f 2429 2530 2531
f 2429 2531 2430
f 2430 2531 2431
f 2431 2531 2532
f 2431 2532 2435
f 2432 2438 2533
f 2432 2533 2534
f 2432 2534 2433
f 2433 2534 2535
f 2433 2535 2536
f 2433 2536 2537
f 2433 2537 2443
f 2435 2532 2538
f 2435 2538 2436
f 2436 2538 2539
f 2436 2539 2540
f 2436 2540 2437
f 2437 2540 2439
f 2438 2441 2533
f 2439 2540 2440
f 2440 2541 2542
f 2440 2542 2441
f 2440 2540 2543
f 2440 2543 2544
f 2440 2544 2545
f 2440 2545 2541
f 2441 2542 2533
f 2442 2443 2537
f 2442 2537 2444
f 2444 2446 2445
f 2444 2537 2446
f 2446 2537 2546
f 2446 2546 2547
f 2446 2547 2548
f 2446 2548 2448
f 2446 2448 2447
f 2448 2548 2549
f 2448 2549 2449
f 2449 2550 2450
f 2449 2549 2550
f 2450 2550 2496
f 2451 2551 2552
f 2451 2552 2553
f 2451 2553 2554
f 2451 2554 2555
f 2451 2555 2556
f 2451 2556 2557
f 2451 2557 2558
f 2451 2558 2559
f 2451 2559 2452
f 2451 2493 2623
f 2451 2623 2551
f 2452 2559 2560
f 2452 2560 2561
f 2452 2561 2453
f 2453 2561 2562
f 2453 2562 2563
f 2453 2563 2564
f 2453 2564 2454
f 2454 2564 2456
f 2455 2456 2457
f 2456 2564 2565
f 2456 2565 2566
f 2456 2566 2567
f 2456 2567 2457
f 2457 2567 2568
f 2457 2568 2569
f 2457 2569 2570
f 2457 2570 2571
f 2457 2571 2458
f 2458 2571 2459
f 2459 2571 2460
f 2460 2572 2573
f 2460 2573 2574
f 2460 2574 2575
f 2460 2575 2461
f 2460 2571 2572
f 2461 2575 2576
f 2461 2576 2463
f 2461 2463 2462
f 2463 2576 2577
f 2463 2577 2464
f 2464 2577 2578
f 2464 2578 2465
f 2465 2578 2579
f 2465 2579 2580
f 2465 2580 2466
f 2466 2580 2581
f 2466 2581 2467
f 2467 2581 2582
f 2467 2582 2468
f 2468 2582 2583
f 2468 2583 2469
f 2469 2583 2584
f 2469 2584 2585
f 2469 2585 2470
f 2470 2585 2471
f 2471 2585 2586
f 2471 2586 2494
f 2471 2494 2473
f 2471 2473 2472
f 2474 2497 2476
f 2474 2476 2475
f 2476 2497 2587
f 2476 2587 2588
f 2476 2588 2589
f 2476 2589 2477
f 2477 2589 2588
f 2477 2588 2590
f 2477 2590 2591
f 2477 2591 2478
f 2478 2591 2592
f 2478 2592 2593
f 2478 2593 2479
f 2479 2593 2596
f 2479 2596 2482
f 2480 2594 2481
f 2480 2487 2595
f 2480 2595 2594
f 2481 2594 2488
f 2482 2596 2483
f 2483 2596 2484
f 2484 2596 2597
f 2484 2597 2598
f 2484 2598 2485
f 2485 2599 2486
f 2485 2598 2600
f 2485 2600 2599
f 2486 2599 2487
f 2487 2599 2601
f 2487 2601 2602
f 2487 2602 2603
f 2487 2603 2595
f 2488 2594 2604
f 2488 2604 2605
f 2488 2605 2606
f 2488 2606 2607
f 2488 2607 2489
f 2489 2607 2608
f 2489 2608 2609
f 2489 2609 2610
f 2489 2610 2490
f 2490 2610 2491
f 2491 2611 2492
f 2491 2610 2612
f 2491 2612 2613
f 2491 2613 2611
f 2492 2611 2614
f 2492 2614 2615
f 2492 2615 2493
f 2493 2615 2616
f 2493 2616 2617
f 2493 2617 2618
f 2493 2618 2619
f 2493 2619 2620
f 2493 2620 2621
f 2493 2621 2622
f 2493 2622 2623
f 2494 2586 2498
f 2494 2498 2495
f 2496 2550 2497
f 2497 2550 2587
f 2498 2586 2624
f 2498 2624 2499
f 2499 2624 2625
f 2499 2625 2500
f 2500 2625 2626
f 2500 2626 2501
f 2501 2626 2627
f 2501 2627 2502
f 2502 2627 2628
f 2502 2628 2503
f 2503 2628 2506
f 2504 2506 2629
f 2504 2629 2630
f 2504 2630 2631
f 2504 2631 2505
f 2505 2631 2507
f 2506 2628 2629
f 2507 2631 2632
f 2507 2632 2508
f 2508 2632 2510
f 2509 2513 2633
f 2509 2633 2515
f 2510 2632 2634
f 2510 2634 2635
f 2510 2635 2636
f 2510 2636 2637
f 2510 2637 2511
f 2511 2637 2512
f 2512 2637 2638
f 2512 2638 2633
f 2512 2633 2513
f 2514 2515 2516
f 2515 2639 2516
f 2515 2633 2640
f 2515 2640 2641
f 2515 2641 2639
f 2516 2639 2517
f 2517 2639 2642
f 2517 2642 2643
f 2517 2643 2518
f 2518 2643 2644
f 2518 2644 2519
f 2519 2644 2521
f 2521 2644 2645
f 2521 2645 2523
f 2521 2523 2522
f 2523 2645 2646
f 2523 2646 2647
f 2523 2647 2648
f 2523 2648 2524
f 2525 2649 2526
f 2526 2649 2650
f 2526 2650 2651
f 2526 2651 2652
f 2526 2652 2653
f 2526 2653 2527
f 2527 2653 2654
f 2527 2654 2528
f 2528 2654 2655
f 2528 2655 2529
f 2529 2655 2656
f 2529 2656 2530
f 2530 2656 2657
f 2530 2657 2531
f 2531 2657 2532
f 2532 2657 2658
f 2532 2658 2538
f 2533 2659 2534
f 2533 2542 2660
f 2533 2660 2659
f 2534 2659 2535
f 2535 2661 2662
f 2535 2662 2536
f 2535 2659 2661
f 2536 2662 2663
f 2536 2663 2537
f 2537 2663 2546
f 2538 2658 2539
f 2539 2658 2664
f 2539 2664 2665
f 2539 2665 2666
f 2539 2666 2540
f 2540 2666 2543
f 2541 2667 2660
f 2541 2660 2542
f 2541 2545 2668
f 2541 2668 2669
f 2541 2669 2670
f 2541 2670 2667
f 2543 2666 2671
f 2543 2671 2544
f 2544 2671 2672
f 2544 2672 2668
f 2544 2668 2545
f 2546 2663 2673
f 2546 2673 2547
f 2547 2674 2548
f 2547 2673 2675
f 2547 2675 2674
f 2548 2674 2549
f 2549 2674 2676
f 2549 2676 2550
f 2550 2676 2677
f 2550 2677 2587
f 2551 2678 2552
f 2551 2623 2754
f 2551 2754 2678
f 2552 2678 2679
f 2552 2679 2680
f 2552 2680 2681
f 2552 2681 2553
f 2553 2681 2554
f 2554 2681 2682
f 2554 2682 2555
f 2555 2682 2683
f 2555 2683 2684
f 2555 2684 2556
f 2556 2685 2686
f 2556 2686 2558
f 2556 2558 2557
f 2556 2684 2685
f 2558 2686 2687
f 2558 2687 2688
f 2558 2688 2689
f 2558 2689 2559
f 2559 2689 2688
f 2559 2688 2560
f 2560 2688 2690
f 2560 2690 2691
f 2560 2691 2692
f 2560 2692 2563
f 2560 2563 2562
f 2560 2562 2561
f 2563 2692 2693
f 2563 2693 2564
f 2564 2693 2565
f 2565 2693 2566
f 2566 2694 2695
f 2566 2695 2696
f 2566 2696 2568
f 2566 2568 2567
f 2566 2693 2694
f 2568 2697 2698
f 2568 2698 2699
f 2568 2699 2569
f 2568 2696 2697
f 2569 2699 2700
f 2569 2700 2570
f 2570 2700 2701
f 2570 2701 2571
f 2571 2701 2572
f 2572 2701 2573
f 2573 2702 2703
f 2573 2703 2704
f 2573 2704 2705
f 2573 2705 2574
f 2573 2701 2702
f 2574 2576 2575
f 2574 2705 2576
f 2576 2705 2706
f 2576 2706 2577
f 2577 2706 2707
f 2577 2707 2708
f 2577 2708 2709
f 2577 2709 2578
f 2578 2709 2710
f 2578 2710 2579
f 2579 2710 2580
f 2580 2710 2711
f 2580 2711 2581
f 2581 2711 2712
f 2581 2712 2582
f 2582 2712 2583
f 2583 2712 2713
f 2583 2713 2584
f 2584 2713 2585
f 2585 2713 2714
f 2585 2714 2715
f 2585 2715 2624
f 2585 2624 2586
f 2587 2677 2588
f 2588 2716 2717
f 2588 2717 2590
f 2588 2677 2716
f 2590 2717 2718
f 2590 2718 2719
f 2590 2719 2591
f 2591 2719 2592
f 2592 2719 2593
f 2593 2719 2720
f 2593 2720 2596
f 2594 2595 2721
f 2594 2721 2722
f 2594 2722 2723
f 2594 2723 2604
f 2595 2603 2602
f 2595 2602 2724
f 2595 2724 2721
f 2596 2720 2725
f 2596 2725 2597
f 2597 2725 2598
f 2598 2725 2726
f 2598 2726 2727
f 2598 2727 2600
f 2599 2600 2601
f 2600 2727 2728
f 2600 2728 2729
f 2600 2729 2602
f 2600 2602 2601
f 2602 2729 2730
f 2602 2730 2731
f 2602 2731 2724
f 2604 2723 2605
f 2605 2723 2732
f 2605 2732 2606
f 2606 2732 2733
f 2606 2733 2734
f 2606 2734 2735
f 2606 2735 2608
f 2606 2608 2607
f 2608 2735 2736
f 2608 2736 2737
f 2608 2737 2738
f 2608 2738 2609
f 2609 2738 2610
f 2610 2738 2612
f 2611 2613 2614
f 2612 2738 2739
f 2612 2739 2614
f 2612 2614 2613
f 2614 2739 2740
f 2614 2740 2741
f 2614 2741 2742
f 2614 2742 2743
f 2614 2743 2615
f 2615 2743 2742
f 2615 2742 2744
f 2615 2744 2616
f 2616 2745 2618
f 2616 2618 2617
f 2616 2744 2742
f 2616 2742 2746
f 2616 2746 2745
f 2618 2747 2748
f 2618 2748 2619
f 2618 2745 2747
f 2619 2748 2749
f 2619 2749 2750
f 2619 2750 2620
f 2620 2750 2751
f 2620 2751 2621
f 2621 2751 2752
f 2621 2752 2622
f 2622 2752 2753
f 2622 2753 2754
f 2622 2754 2623
f 2624 2715 2755
f 2624 2755 2625
f 2625 2755 2756
f 2625 2756 2757
f 2625 2757 2626
f 2626 2757 2627
f 2627 2757 2758
f 2627 2758 2628
f 2628 2758 2629
f 2629 2759 2630
f 2629 2758 2759
f 2630 2759 2760
f 2630 2760 2761
f 2630 2761 2631
f 2631 2761 2632
f 2632 2761 2634
f 2633 2638 2762
f 2633 2762 2763
f 2633 2763 2640
f 2634 2761 2764
f 2634 2764 2635
f 2635 2764 2765
f 2635 2765 2636
f 2636 2766 2894
f 2636 2894 2767
f 2636 2767 2637
f 2636 2765 2768
f 2636 2768 2766
f 2637 2767 2769
f 2637 2769 2762
f 2637 2762 2638
f 2639 2641 2770
f 2639 2770 2642
f 2640 2763 2641
f 2641 2763 2771
f 2641 2771 2770
f 2642 2770 2772
f 2642 2772 2643
f 2643 2772 2773
f 2643 2773 2645
f 2643 2645 2644
f 2645 2773 2774
f 2645 2774 2775
f 2645 2775 2776
f 2645 2776 2646
f 2646 2776 2777
f 2646 2777 2647
f 2647 2777 2778
f 2647 2778 2779
f 2651 2780 2781
f 2651 2781 2652
f 2652 2781 2782
f 2652 2782 2653
f 2653 2782 2654
f 2654 2782 2783
f 2654 2783 2655
f 2655 2783 2656
f 2656 2783 2784
f 2656 2784 2658
f 2656 2658 2657
f 2658 2784 2664
f 2659 2660 2785
f 2659 2785 2661
f 2660 2667 2785
f 2661 2786 2662
f 2661 2785 2787
f 2661 2787 2786
f 2662 2786 2788
f 2662 2788 2663
f 2663 2788 2673
f 2664 2784 2789
f 2664 2789 2790
f 2664 2790 2665
f 2665 2790 2791
f 2665 2791 2792
f 2665 2792 2666
f 2666 2792 2671
f 2667 2670 2793
f 2667 2793 2785
f 2668 2672 2794
f 2668 2794 2795
f 2668 2795 2796
f 2668 2796 2669
f 2669 2796 2797
f 2669 2797 2798
f 2669 2798 2799
f 2669 2799 2670
f 2670 2799 2793
f 2671 2792 2794
f 2671 2794 2672
f 2673 2788 2800
f 2673 2800 2675
f 2674 2675 2801
f 2674 2801 2676
f 2675 2800 2801
f 2676 2801 2677
f 2677 2801 2802
f 2677 2802 2716
f 2678 2803 2679
f 2678 2754 2882
f 2678 2882 2803
f 2679 2803 2804
f 2679 2804 2680
f 2680 2804 2805
f 2680 2805 2681
f 2681 2805 2806
f 2681 2806 2807
f 2681 2807 2682
f 2682 2807 2808
f 2682 2808 2683
f 2683 2808 2684
f 2684 2809 2810
f 2684 2810 2685
f 2684 2808 2809
f 2685 2810 2811
f 2685 2811 2812
f 2685 2812 2686
f 2686 2812 2813
f 2686 2813 2687
f 2687 2813 2814
f 2687 2814 2815
f 2687 2815 2690
f 2687 2690 2688
f 2690 2815 2816
f 2690 2816 2691
f 2691 2816 2817
f 2691 2817 2692
f 2692 2817 2818
f 2692 2818 2693
f 2693 2819 2694
f 2693 2818 2819
f 2694 2819 2695
f 2695 2819 2820
f 2695 2820 2821
f 2695 2821 2697
f 2695 2697 2696
f 2697 2821 2822
f 2697 2822 2823
f 2697 2823 2824
f 2697 2824 2698
f 2698 2824 2825
f 2698 2825 2699
f 2699 2825 2700
f 2700 2825 2826
f 2700 2826 2827
f 2700 2827 2701
f 2701 2827 2702
f 2702 2827 2703
f 2703 2828 2829
f 2703 2829 2830
f 2703 2830 2705
f 2703 2705 2704
f 2703 2827 2828
f 2705 2830 2831
f 2705 2831 2707
f 2705 2707 2706
f 2707 2831 2832
f 2707 2832 2833
f 2707 2833 2834
f 2707 2834 2835
f 2707 2835 2708
f 2708 2835 2836
f 2708 2836 2709
f 2709 2836 2837
f 2709 2837 2710
f 2710 2837 2711
f 2711 2837 2838
f 2711 2838 2712
f 2712 2838 2839
f 2712 2839 2840
f 2712 2840 2713
f 2713 2840 2841
f 2713 2841 2714
f 2714 2841 2715
f 2715 2841 2842
f 2715 2842 2843
f 2715 2843 2755
f 2716 2802 2844
f 2716 2844 2845
f 2716 2845 2846
f 2716 2846 2717
f 2717 2846 2847
f 2717 2847 2718
f 2718 2847 2719
f 2719 2847 2848
f 2719 2848 2849
f 2719 2849 2720
f 2720 2849 2725
f 2721 2724 2722
f 2722 2724 2850
f 2722 2850 2851
f 2722 2851 2723
f 2723 2851 2852
f 2723 2852 2853
f 2723 2853 2732
f 2724 2731 2854
f 2724 2854 2850
f 2725 2849 2855
f 2725 2855 2856
f 2725 2856 2726
f 2726 2856 2727
f 2727 2856 2857
f 2727 2857 2728
f 2728 2858 2730
f 2728 2730 2729
f 2728 2857 2859
f 2728 2859 2860
f 2728 2860 2861
f 2728 2861 2858
f 2730 2858 2862
f 2730 2862 2731
f 2731 2862 2854
f 2732 2853 2733
f 2733 2853 2863
f 2733 2863 2734
f 2734 2863 2864
f 2734 2864 2865
f 2734 2865 2736
f 2734 2736 2735
f 2736 2865 2866
f 2736 2866 2737
f 2737 2866 2867
f 2737 2867 2738
f 2738 2868 2739
f 2738 2867 2868
f 2739 2868 2869
f 2739 2869 2740
f 2740 2869 2870
f 2740 2870 2741
f 2741 2870 2871
f 2741 2871 2746
f 2741 2746 2742
f 2745 2872 2747
f 2745 2746 2873
f 2745 2873 2872
f 2746 2871 2874
f 2746 2874 2873
f 2747 2875 2876
f 2747 2876 2748
f 2747 2872 3007
f 2747 3007 2875
f 2748 2876 2877
f 2748 2877 2749
f 2749 2877 2878
f 2749 2878 2750
f 2750 2878 2751
f 2751 2879 2880
f 2751 2880 2752
f 2751 2878 2879
f 2752 2880 2881
f 2752 2881 2882
f 2752 2882 2753
f 2753 2882 2754
f 2755 2843 2883
f 2755 2883 2756
f 2756 2883 2757
f 2757 2883 2884
f 2757 2884 2759
f 2757 2759 2758
f 2759 2885 2760
f 2759 2884 2885
f 2760 2885 2761
f 2761 2885 2886
f 2761 2886 2764
f 2762 2887 2763
f 2762 2769 2888
f 2762 2888 2887
f 2763 2887 2771
f 2764 2889 2768
f 2764 2768 2765
f 2764 2886 2890
f 2764 2890 2889
f 2766 2768 2891
f 2766 2891 2892
f 2766 2892 2893
f 2766 2893 2894
f 2767 2894 2895
f 2767 2895 2896
f 2767 2896 2769
f 2768 2889 3023
f 2768 3023 2891
f 2769 2896 2897
f 2769 2897 2898
f 2769 2898 2888
f 2770 2771 2899
f 2770 2899 2772
f 2771 2887 2900
f 2771 2900 2899
f 2772 2899 2774
f 2772 2774 2773
f 2774 2899 2900
f 2774 2900 2901
f 2774 2901 2902
f 2774 2902 2776
f 2774 2776 2775
f 2776 2902 3039
f 2776 3039 2903
f 2776 2903 2777
f 2777 2903 2778
f 2778 2903 2904
f 2778 2904 2905
f 2778 2905 2906
f 2778 2906 2907
f 2778 2907 2779
f 2780 2908 2781
f 2781 2908 2909
f 2781 2909 2782
f 2782 2909 2910
f 2782 2910 2783
f 2783 2910 2784
f 2784 2910 2789
f 2785 2911 2912
f 2785 2912 2787
f 2785 2793 2911
f 2786 2787 2912
f 2786 2912 2913
f 2786 2913 2800
f 2786 2800 2788
f 2789 2910 2914
f 2789 2914 2790
f 2790 2914 2915
f 2790 2915 2791
f 2791 2915 2916
f 2791 2916 2917
f 2791 2917 2792
f 2792 2917 2794
f 2793 2799 2798
f 2793 2798 2918
f 2793 2918 2919
f 2793 2919 2911
f 2794 2917 2920
f 2794 2920 2795
f 2795 2920 2921
f 2795 2921 2922
f 2795 2922 2923
f 2795 2923 2796
f 2796 2924 2797
f 2796 2923 2925
f 2796 2925 2924
f 2797 2924 2926
f 2797 2926 2798
f 2798 2927 3058
f 2798 3058 2918
f 2798 2926 2927
f 2800 2928 2929
f 2800 2929 2801
f 2800 2913 2928
f 2801 2929 2802
f 2802 2929 2928
f 2802 2928 2844
f 2803 2930 2931
f 2803 2931 2804
f 2803 2882 3019
f 2803 3019 2930
f 2804 2931 2805
f 2805 2932 2933
f 2805 2933 2806
f 2805 2931 2932
f 2806 2933 2807
f 2807 2934 2935
f 2807 2935 2808
f 2807 2933 2934
f 2808 2935 2809
f 2809 2936 2810
f 2809 2935 2936
f 2810 2937 2938
f 2810 2938 2811
f 2810 2936 2937
f 2811 2938 2939
f 2811 2939 2812
f 2812 2939 2814
f 2812 2814 2813
f 2814 2940 2941
f 2814 2941 2942
f 2814 2942 2816
f 2814 2816 2815
f 2814 2939 2940
f 2816 2942 2943
f 2816 2943 2944
f 2816 2944 2817
f 2817 2944 2945
f 2817 2945 2946
f 2817 2946 2819
f 2817 2819 2818
f 2819 2946 2947
f 2819 2947 2820
f 2820 2947 2948
f 2820 2948 2949
f 2820 2949 2821
f 2821 2949 2950
f 2821 2950 2822
f 2822 2950 2951
f 2822 2951 2952
f 2822 2952 2823
f 2823 2952 2953
f 2823 2953 2824
f 2824 2953 2954
f 2824 2954 2955
f 2824 2955 2825
f 2825 2955 2956
f 2825 2956 2826
f 2826 2956 2828
f 2826 2828 2827
f 2828 2956 2957
f 2828 2957 2829
f 2829 2957 2958
f 2829 2958 2959
f 2829 2959 2830
f 2830 2959 2960
f 2830 2960 2961
f 2830 2961 2831
f 2831 2961 2833
f 2831 2833 2832
f 2833 2961 2962
f 2833 2962 2963
f 2833 2963 2834
f 2834 2963 2964
f 2834 2964 2965
f 2834 2965 2835
f 2835 2965 2836
f 2836 2965 2837
f 2837 2965 2966
f 2837 2966 2967
f 2837 2967 2838
f 2838 2967 2839
f 2839 2967 2840
f 2840 2967 2968
f 2840 2968 2841
f 2841 2968 2969
f 2841 2969 2842
f 2842 2969 2970
f 2842 2970 2843
f 2843 2970 2971
f 2843 2971 2972
f 2843 2972 2883
f 2844 2928 2973
f 2844 2973 2974
f 2844 2974 2975
f 2844 2975 2845
f 2845 2975 2846
f 2846 2975 2976
f 2846 2976 2977
f 2846 2977 2847
f 2847 2977 2978
f 2847 2978 2848
f 2848 2978 2849
f 2849 2978 2979
f 2849 2979 2855
f 2850 2854 2851
f 2851 2854 2980
f 2851 2980 2852
f 2852 2980 2981
f 2852 2981 2853
f 2853 2981 2982
f 2853 2982 2863
f 2854 2862 2983
f 2854 2983 2980
f 2855 2979 2856
f 2856 2979 2984
f 2856 2984 2857
f 2857 2984 2985
f 2857 2985 2859
f 2858 2861 2862
f 2859 2861 2860
f 2859 2985 2986
f 2859 2986 2861
f 2861 2987 2862
f 2861 2986 2988
f 2861 2988 2989
f 2861 2989 2990
f 2861 2990 2991
f 2861 2991 2987
f 2862 2987 2983
f 2863 2982 2992
f 2863 2992 2993
f 2863 2993 2864
f 2864 2994 2865
f 2864 2993 2995
f 2864 2995 2994
f 2865 2996 2866
f 2865 2994 2997
f 2865 2997 2996
f 2866 2998 2867
f 2866 2996 2999
f 2866 2999 2998
f 2867 3000 2869
f 2867 2869 2868
f 2867 2998 3000
f 2869 3001 3002
f 2869 3002 2870
f 2869 3000 3001
f 2870 3002 3003
f 2870 3003 3004
f 2870 3004 2871
f 2871 3004 2874
f 2872 2873 3005
f 2872 3005 3006
f 2872 3006 3007
f 2873 2874 3005
f 2874 3004 3008
f 2874 3008 3009
f 2874 3009 3005
f 2875 3010 3011
f 2875 3011 2876
f 2875 3007 3012
f 2875 3012 3010
f 2876 3011 3013
f 2876 3013 2877
f 2877 3013 3014
f 2877 3014 2878
f 2878 3014 3015
f 2878 3015 2879
f 2879 3015 2880
f 2880 3016 2881
f 2880 3015 3016
f 2881 3016 2882
f 2882 3016 3017
f 2882 3017 3018
f 2882 3018 3019
f 2883 2972 2885
f 2883 2885 2884
f 2885 2972 2886
f 2886 3020 3021
f 2886 3021 2890
f 2886 2972 2971
f 2886 2971 3020
f 2887 2888 3022
f 2887 3022 3036
f 2887 3036 2900
f 2888 2898 3022
f 2889 2890 3024
f 2889 3024 3023
f 2890 3021 3025
f 2890 3025 3024
f 2891 3023 3026
f 2891 3026 2892
f 2892 3026 3027
f 2892 3027 3028
f 2892 3028 2893
f 2893 3028 3029
f 2893 3029 3030
f 2893 3030 2894
f 2894 3030 2895
f 2895 3030 3031
f 2895 3031 3032
f 2895 3032 3033
f 2895 3033 2896
f 2896 3033 2897
f 2897 3033 3034
f 2897 3034 2898
f 2898 3034 3164
f 2898 3164 3022
f 2900 3035 2901
f 2900 3036 3037
f 2900 3037 3038
f 2900 3038 3035
f 2901 3035 2902
f 2902 3035 3039
f 2903 3039 3035
f 2903 3035 2904
f 2904 3035 3038
f 2904 3038 3040
f 2904 3040 3041
f 2904 3041 3042
f 2904 3042 2905
f 2905 3042 2906
f 2906 3042 2907
f 2907 3042 3043
f 2907 3043 3044
f 2908 3045 3046
f 2908 3046 2909
f 2909 3046 3047
f 2909 3047 2910
f 2910 3047 3048
f 2910 3048 2914
f 2911 2919 3049
f 2911 3049 3050
f 2911 3050 2974
f 2911 2974 2973
f 2911 2973 2912
f 2912 2973 2928
f 2912 2928 2913
f 2914 3048 3051
f 2914 3051 2915
f 2915 3051 2916
f 2916 3051 3052
f 2916 3052 3053
f 2916 3053 3054
f 2916 3054 3055
f 2916 3055 3056
f 2916 3056 3057
f 2916 3057 2917
f 2917 3057 2920
f 2918 3058 3059
f 2918 3059 2919
f 2919 3059 3060
f 2919 3060 3049
f 2920 3057 2921
f 2921 3061 3062
f 2921 3062 2922
f 2921 3057 3063
f 2921 3063 3061
f 2922 3062 2923
f 2923 3062 2925
f 2924 3064 3065
f 2924 3065 2926
f 2924 2925 3066
f 2924 3066 3064
f 2925 3062 3067
f 2925 3067 3208
f 2925 3208 3066
f 2926 3065 2927
f 2927 3068 3058
f 2927 3065 3068
f 2930 3069 2931
f 2930 3019 3163
f 2930 3163 3069
f 2931 3069 3070
f 2931 3070 2932
f 2932 3070 2933
f 2933 3071 3072
f 2933 3072 3073
f 2933 3073 3074
f 2933 3074 2934
f 2933 3070 3071
f 2934 3074 2935
f 2935 3074 3075
f 2935 3075 2936
f 2936 3075 2937
f 2937 3076 2938
f 2937 3075 3076
f 2938 3077 3078
f 2938 3078 3079
f 2938 3079 2939
f 2938 3076 3077
f 2939 3079 2940
f 2940 3079 3080
f 2940 3080 3081
f 2940 3081 2941
f 2941 3081 3082
f 2941 3082 2942
f 2942 3082 2943
f 2943 3082 3083
f 2943 3083 3084
f 2943 3084 2944
f 2944 3084 2945
f 2945 3085 3086
f 2945 3086 2946
f 2945 3084 3085
f 2946 3086 2947
f 2947 3086 3087
f 2947 3087 2948
f 2948 3088 3089
f 2948 3089 3090
f 2948 3090 3091
f 2948 3091 2950
f 2948 2950 2949
f 2948 3087 3088
f 2950 3090 3092
f 2950 3092 3093
f 2950 3093 2951
f 2950 3091 3090
f 2951 3093 2952
f 2952 3093 3094
f 2952 3094 3095
f 2952 3095 3096
f 2952 3096 2953
f 2953 3096 3097
f 2953 3097 2954
f 2954 3097 3098
f 2954 3098 2955
f 2955 3098 3099
f 2955 3099 2956
f 2956 3099 3100
f 2956 3100 2957
f 2957 3100 3101
f 2957 3101 2958
f 2958 3101 3244
f 2958 3244 3102
f 2958 3102 2959
f 2959 3102 3103
f 2959 3103 3104
f 2959 3104 3105
f 2959 3105 2960
f 2960 3105 2961
f 2961 3105 2962
f 2962 3105 3106
f 2962 3106 3107
f 2962 3107 2963
f 2963 3107 3108
f 2963 3108 3109
f 2963 3109 2964
f 2964 3109 2965
f 2965 3109 3110
f 2965 3110 3111
f 2965 3111 2966
f 2966 3111 3112
f 2966 3112 2967
f 2967 3112 3113
f 2967 3113 2968
f 2968 3113 3114
f 2968 3114 3115
f 2968 3115 2969
f 2969 3115 2971
f 2969 2971 2970
f 2971 3115 3116
f 2971 3116 3020
f 2974 3117 2975
f 2974 3050 3118
f 2974 3118 3117
f 2975 3117 2976
f 2976 3117 3119
f 2976 3119 2977
f 2977 3119 2978
f 2978 3119 3120
f 2978 3120 3121
f 2978 3121 2979
f 2979 3121 3127
f 2979 3127 2984
f 2980 2983 3122
f 2980 3122 2981
f 2981 3122 3123
f 2981 3123 3124
f 2981 3124 2982
f 2982 3124 3125
f 2982 3125 2992
f 2983 2987 3126
f 2983 3126 3122
f 2984 3127 3128
f 2984 3128 2985
f 2985 3128 3129
f 2985 3129 2986
f 2986 3129 2988
f 2987 2991 3130
f 2987 3130 3126
f 2988 3129 3131
f 2988 3131 2989
f 2989 3132 2990
f 2989 3131 3133
f 2989 3133 3134
f 2989 3134 3132
f 2990 3132 2991
f 2991 3132 3135
f 2991 3135 3130
f 2992 3125 3136
f 2992 3136 2993
f 2993 3136 3137
f 2993 3137 2995
f 2994 2995 3138
f 2994 3138 2997
f 2995 3137 3139
f 2995 3139 3140
f 2995 3140 3138
f 2996 2997 2999
f 2997 3138 3141
f 2997 3141 3142
f 2997 3142 3143
f 2997 3143 3144
f 2997 3144 2999
f 2998 2999 3145
f 2998 3145 3146
f 2998 3146 3000
f 2999 3144 3143
f 2999 3143 3147
f 2999 3147 3145
f 3000 3146 3001
f 3001 3148 3002
f 3001 3146 3149
f 3001 3149 3150
f 3001 3150 3148
f 3002 3148 3003
f 3003 3151 3004
f 3003 3148 3152
f 3003 3152 3151
f 3004 3151 3008
f 3005 3009 3006
f 3006 3012 3007
f 3006 3009 3153
f 3006 3153 3012
f 3008 3151 3154
f 3008 3154 3009
f 3009 3154 3155
f 3009 3155 3153
f 3010 3156 3157
f 3010 3157 3011
f 3010 3012 3156
f 3011 3157 3013
f 3012 3153 3158
f 3012 3158 3159
f 3012 3159 3156
f 3013 3160 3161
f 3013 3161 3014
f 3013 3157 3160
f 3014 3161 3162
f 3014 3162 3015
f 3015 3162 3016
f 3016 3162 3017
f 3017 3162 3018
f 3018 3162 3163
f 3018 3163 3019
f 3020 3116 3025
f 3020 3025 3021
f 3022 3164 3176
f 3022 3176 3036
f 3023 3165 3026
f 3023 3024 3166
f 3023 3166 3165
f 3024 3025 3167
f 3024 3167 3168
f 3024 3168 3166
f 3025 3116 3167
f 3026 3165 3305
f 3026 3305 3169
f 3026 3169 3027
f 3027 3169 3170
f 3027 3170 3171
f 3027 3171 3028
f 3028 3171 3172
f 3028 3172 3029
f 3029 3172 3314
f 3029 3314 3173
f 3029 3173 3031
f 3029 3031 3030
f 3031 3174 3032
f 3031 3173 3175
f 3031 3175 3174
f 3032 3174 3033
f 3033 3174 3034
f 3034 3174 3304
f 3034 3304 3164
f 3036 3176 3317
f 3036 3317 3177
f 3036 3177 3037
f 3037 3177 3178
f 3037 3178 3179
f 3037 3179 3038
f 3038 3179 3180
f 3038 3180 3040
f 3040 3180 3181
f 3040 3181 3041
f 3041 3181 3182
f 3041 3182 3042
f 3042 3182 3183
f 3042 3183 3043
f 3043 3184 3044
f 3043 3183 3185
f 3043 3185 3184
f 3045 3186 3046
f 3046 3186 3187
f 3046 3187 3047
f 3047 3187 3051
f 3047 3051 3048
f 3049 3060 3118
f 3049 3118 3050
f 3051 3187 3188
f 3051 3188 3052
f 3052 3188 3189
f 3052 3189 3053
f 3053 3189 3190
f 3053 3190 3191
f 3053 3191 3054
f 3054 3191 3335
f 3054 3335 3192
f 3054 3192 3056
f 3054 3056 3055
f 3056 3192 3193
f 3056 3193 3339
f 3056 3339 3194
f 3056 3194 3063
f 3056 3063 3057
f 3058 3068 3195
f 3058 3195 3196
f 3058 3196 3059
f 3059 3196 3197
f 3059 3197 3198
f 3059 3198 3060
f 3060 3198 3199
f 3060 3199 3118
f 3061 3067 3062
f 3061 3063 3200
f 3061 3200 3343
f 3061 3343 3201
f 3061 3201 3067
f 3063 3194 3200
f 3064 3202 3065
f 3064 3066 3203
f 3064 3203 3202
f 3065 3202 3204
f 3065 3204 3352
f 3065 3352 3205
f 3065 3205 3206
f 3065 3206 3207
f 3065 3207 3068
f 3066 3208 3203
f 3067 3201 3208
f 3068 3207 3195
f 3069 3209 3210
f 3069 3210 3211
f 3069 3211 3070
f 3069 3163 3303
f 3069 3303 3212
f 3069 3212 3209
f 3070 3211 3071
f 3071 3211 3072
f 3072 3211 3073
f 3073 3211 3074
f 3074 3213 3214
f 3074 3214 3075
f 3074 3211 3215
f 3074 3215 3213
f 3075 3214 3216
f 3075 3216 3076
f 3076 3216 3217
f 3076 3217 3077
f 3077 3217 3218
f 3077 3218 3078
f 3078 3218 3219
f 3078 3219 3220
f 3078 3220 3080
f 3078 3080 3079
f 3080 3220 3221
f 3080 3221 3081
f 3081 3221 3222
f 3081 3222 3082
f 3082 3222 3083
f 3083 3223 3224
f 3083 3224 3084
f 3083 3222 3223
f 3084 3224 3085
f 3085 3224 3225
f 3085 3225 3086
f 3086 3225 3226
f 3086 3226 3088
f 3086 3088 3087
f 3088 3227 3228
f 3088 3228 3229
f 3088 3229 3089
f 3088 3226 3230
f 3088 3230 3227
f 3089 3229 3090
f 3090 3231 3232
f 3090 3232 3092
f 3090 3229 3231
f 3092 3232 3093
f 3093 3232 3233
f 3093 3233 3234
f 3093 3234 3094
f 3094 3234 3095
f 3095 3234 3235
f 3095 3235 3236
f 3095 3236 3237
f 3095 3237 3238
f 3095 3238 3096
f 3096 3238 3097
f 3097 3238 3239
f 3097 3239 3098
f 3098 3239 3240
f 3098 3240 3241
f 3098 3241 3099
f 3099 3241 3242
f 3099 3242 3100
f 3100 3242 3101
f 3101 3242 3243
f 3101 3243 3244
f 3102 3244 3245
f 3102 3245 3246
f 3102 3246 3104
f 3102 3104 3103
f 3104 3106 3105
f 3104 3246 3247
f 3104 3247 3248
f 3104 3248 3106
f 3106 3248 3249
f 3106 3249 3107
f 3107 3249 3250
f 3107 3250 3251
f 3107 3251 3108
f 3108 3251 3109
f 3109 3251 3252
f 3109 3252 3253
f 3109 3253 3110
f 3110 3253 3111
f 3111 3253 3254
f 3111 3254 3255
f 3111 3255 3112
f 3112 3255 3256
f 3112 3256 3113
f 3113 3256 3114
f 3114 3256 3116
f 3114 3116 3115
f 3116 3256 3168
f 3116 3168 3167
f 3117 3118 3199
f 3117 3199 3257
f 3117 3257 3119
f 3119 3257 3120
f 3120 3257 3258
f 3120 3258 3121
f 3121 3258 3259
f 3121 3259 3260
f 3121 3260 3127
f 3122 3126 3261
f 3122 3261 3123
f 3123 3261 3262
f 3123 3262 3124
f 3124 3262 3263
f 3124 3263 3125
f 3125 3263 3264
f 3125 3264 3136
f 3126 3130 3268
f 3126 3268 3261
f 3127 3260 3128
f 3128 3260 3265
f 3128 3265 3129
f 3129 3265 3266
f 3129 3266 3133
f 3129 3133 3131
f 3130 3135 3267
f 3130 3267 3268
f 3132 3134 3269
f 3132 3269 3270
f 3132 3270 3271
f 3132 3271 3135
f 3133 3266 3272
f 3133 3272 3134
f 3134 3270 3269
f 3134 3272 3273
f 3134 3273 3270
f 3135 3271 3274
f 3135 3274 3267
f 3136 3264 3275
f 3136 3275 3137
f 3137 3275 3139
f 3138 3140 3141
f 3139 3275 3276
f 3139 3276 3277
f 3139 3277 3278
f 3139 3278 3279
f 3139 3279 3140
f 3140 3279 3141
f 3141 3279 3280
f 3141 3280 3281
f 3141 3281 3142
f 3142 3281 3143
f 3143 3281 3282
f 3143 3282 3283
f 3143 3283 3147
f 3145 3147 3284
f 3145 3284 3146
f 3146 3284 3285
f 3146 3285 3149
f 3147 3283 3284
f 3148 3150 3152
f 3149 3285 3286
f 3149 3286 3150
f 3150 3286 3287
f 3150 3287 3288
f 3150 3288 3289
f 3150 3289 3152
f 3151 3290 3154
f 3151 3152 3290
f 3152 3289 3290
f 3153 3155 3158
f 3154 3290 3291
f 3154 3291 3155
f 3155 3292 3158
f 3155 3291 3292
f 3156 3293 3157
f 3156 3159 3294
f 3156 3294 3293
f 3157 3295 3160
f 3157 3293 3295
f 3158 3292 3296
f 3158 3296 3297
f 3158 3297 3159
f 3159 3297 3294
f 3160 3298 3299
f 3160 3299 3161
f 3160 3295 3298
f 3161 3299 3300
f 3161 3300 3162
f 3162 3300 3163
f 3163 3300 3301
f 3163 3301 3302
f 3163 3302 3303
f 3164 3304 3318
f 3164 3318 3176
f 3165 3166 3306
f 3165 3306 3307
f 3165 3307 3305
f 3166 3168 3308
f 3166 3308 3306
f 3168 3256 3255
f 3168 3255 3308
f 3169 3305 3309
f 3169 3309 3310
f 3169 3310 3311
f 3169 3311 3170
f 3170 3311 3312
f 3170 3312 3171
f 3171 3312 3313
f 3171 3313 3172
f 3172 3313 3314
f 3173 3314 3315
f 3173 3315 3175
f 3174 3175 3316
f 3174 3316 3304
f 3175 3315 3467
f 3175 3467 3316
f 3176 3318 3469
f 3176 3469 3317
f 3177 3319 3320
f 3177 3320 3178
f 3177 3317 3321
f 3177 3321 3322
f 3177 3322 3319
f 3178 3320 3323
f 3178 3323 3180
f 3178 3180 3179
f 3180 3323 3181
f 3181 3323 3182
f 3182 3323 3183
f 3183 3323 3320
f 3183 3320 3324
f 3183 3324 3325
f 3183 3325 3326
f 3183 3326 3185
f 3186 3327 3187
f 3187 3327 3328
f 3187 3328 3188
f 3188 3328 3329
f 3188 3329 3189
f 3189 3329 3190
f 3190 3329 3330
f 3190 3330 3331
f 3190 3331 3191
f 3191 3331 3332
f 3191 3332 3333
f 3191 3333 3334
f 3191 3334 3335
f 3192 3335 3334
f 3192 3334 3336
f 3192 3336 3193
f 3193 3336 3337
f 3193 3337 3338
f 3193 3338 3339
f 3194 3340 3341
f 3194 3341 3342
f 3194 3342 3348
f 3194 3348 3343
f 3194 3343 3200
f 3194 3339 3340
f 3195 3207 3206
f 3195 3206 3344
f 3195 3344 3345
f 3195 3345 3346
f 3195 3346 3196
f 3196 3346 3347
f 3196 3347 3197
f 3197 3347 3258
f 3197 3258 3257
f 3197 3257 3199
f 3197 3199 3198
f 3201 3343 3348
f 3201 3348 3495
f 3201 3495 3349
f 3201 3349 3351
f 3201 3351 3208
f 3202 3203 3350
f 3202 3350 3204
f 3203 3208 3351
f 3203 3351 3500
f 3203 3500 3350
f 3204 3350 3353
f 3204 3353 3354
f 3204 3354 3352
f 3205 3352 3355
f 3205 3355 3356
f 3205 3356 3357
f 3205 3357 3358
f 3205 3358 3206
f 3206 3358 3344
f 3209 3359 3210
f 3209 3212 3359
f 3210 3359 3360
f 3210 3360 3361
f 3210 3361 3211
f 3211 3361 3362
f 3211 3362 3363
f 3211 3363 3215
f 3212 3303 3457
f 3212 3457 3359
f 3213 3215 3363
f 3213 3363 3214
f 3214 3364 3365
f 3214 3365 3216
f 3214 3363 3364
f 3216 3365 3217
f 3217 3366 3218
f 3217 3365 3366
f 3218 3367 3219
f 3218 3366 3367
f 3219 3368 3369
f 3219 3369 3220
f 3219 3367 3368
f 3220 3369 3370
f 3220 3370 3221
f 3221 3370 3371
f 3221 3371 3372
f 3221 3372 3222
f 3222 3372 3223
f 3223 3372 3373
f 3223 3373 3224
f 3224 3373 3374
f 3224 3374 3225
f 3225 3374 3375
f 3225 3375 3376
f 3225 3376 3227
f 3225 3227 3230
f 3225 3230 3226
f 3227 3376 3377
f 3227 3377 3378
f 3227 3378 3379
f 3227 3379 3380
f 3227 3380 3228
f 3228 3380 3381
f 3228 3381 3229
f 3229 3381 3231
f 3231 3381 3382
f 3231 3382 3383
f 3231 3383 3232
f 3232 3383 3233
f 3233 3383 3384
f 3233 3384 3234
f 3234 3384 3235
f 3235 3384 3236
f 3236 3385 3237
f 3236 3384 3386
f 3236 3386 3387
f 3236 3387 3388
f 3236 3388 3389
f 3236 3389 3385
f 3237 3385 3390
f 3237 3390 3238
f 3238 3390 3239
f 3239 3390 3240
f 3240 3391 3241
f 3240 3390 3392
f 3240 3392 3393
f 3240 3393 3394
f 3240 3394 3395
f 3240 3395 3391
f 3241 3391 3242
f 3242 3391 3243
f 3243 3391 3395
f 3243 3395 3396
f 3243 3396 3244
f 3244 3396 3245
f 3245 3396 3397
f 3245 3397 3398
f 3245 3398 3246
f 3246 3398 3247
f 3247 3398 3399
f 3247 3399 3400
f 3247 3400 3249
f 3247 3249 3248
f 3249 3401 3250
f 3249 3400 3402
f 3249 3402 3403
f 3249 3403 3404
f 3249 3404 3401
f 3250 3401 3251
f 3251 3401 3405
f 3251 3405 3252
f 3252 3405 3253
f 3253 3405 3406
f 3253 3406 3407
f 3253 3407 3408
f 3253 3408 3254
f 3254 3408 3255
f 3255 3408 3308
f 3258 3347 3409
f 3258 3409 3259
f 3259 3409 3410
f 3259 3410 3260
f 3260 3410 3411
f 3260 3411 3265
f 3261 3268 3412
f 3261 3412 3262
f 3262 3412 3413
f 3262 3413 3263
f 3263 3414 3264
f 3263 3413 3415
f 3263 3415 3416
f 3263 3416 3417
f 3263 3417 3418
f 3263 3418 3414
f 3264 3414 3275
f 3265 3411 3266
f 3266 3411 3419
f 3266 3419 3272
f 3267 3420 3421
f 3267 3421 3268
f 3267 3274 3420
f 3268 3421 3412
f 3270 3273 3422
f 3270 3422 3423
f 3270 3423 3424
f 3270 3424 3271
f 3271 3424 3274
f 3272 3419 3425
f 3272 3425 3273
f 3273 3425 3426
f 3273 3426 3427
f 3273 3427 3422
f 3274 3424 3428
f 3274 3428 3420
f 3275 3414 3276
f 3276 3414 3429
f 3276 3429 3277
f 3277 3430 3278
f 3277 3429 3417
f 3277 3417 3431
f 3277 3431 3432
f 3277 3432 3433
f 3277 3433 3434
f 3277 3434 3430
f 3278 3430 3279
f 3279 3430 3280
f 3280 3435 3281
f 3280 3430 3435
f 3281 3435 3282
f 3282 3435 3436
f 3282 3436 3437
f 3282 3437 3283
f 3283 3438 3284
f 3283 3437 3438
f 3284 3438 3439
f 3284 3439 3440
f 3284 3440 3285
f 3285 3440 3286
f 3286 3440 3439
f 3286 3439 3441
f 3286 3441 3442
f 3286 3442 3287
f 3287 3442 3288
f 3288 3443 3444
f 3288 3444 3289
f 3288 3442 3445
f 3288 3445 3443
f 3289 3444 3290
f 3290 3444 3291
f 3291 3444 3443
f 3291 3443 3446
f 3291 3446 3292
f 3292 3446 3447
f 3292 3447 3296
f 3293 3448 3295
f 3293 3294 3448
f 3294 3449 3448
f 3294 3297 3449
f 3295 3450 3451
f 3295 3451 3298
f 3295 3448 3450
f 3296 3452 3297
f 3296 3447 3452
f 3297 3453 3449
f 3297 3452 3453
f 3298 3451 3299
f 3299 3451 3300
f 3300 3451 3454
f 3300 3454 3455
f 3300 3455 3456
f 3300 3456 3301
f 3301 3456 3302
f 3302 3456 3303
f 3303 3456 3457
f 3304 3316 3468
f 3304 3468 3318
f 3305 3307 3309
f 3306 3308 3408
f 3306 3408 3307
f 3307 3408 3407
f 3307 3407 3406
f 3307 3406 3458
f 3307 3458 3309
f 3309 3459 3310
f 3309 3458 3404
f 3309 3404 3459
f 3310 3459 3460
f 3310 3460 3461
f 3310 3461 3311
f 3311 3461 3462
f 3311 3462 3312
f 3312 3462 3463
f 3312 3463 3464
f 3312 3464 3313
f 3313 3464 3597
f 3313 3597 3465
f 3313 3465 3314
f 3314 3465 3466
f 3314 3466 3315
f 3315 3466 3599
f 3315 3599 3467
f 3316 3467 3600
f 3316 3600 3468
f 3317 3469 3470
f 3317 3470 3321
f 3318 3468 3602
f 3318 3602 3469
f 3319 3322 3471
f 3319 3471 3472
f 3319 3472 3324
f 3319 3324 3320
f 3321 3470 3473
f 3321 3473 3474
f 3321 3474 3475
f 3321 3475 3476
f 3321 3476 3477
f 3321 3477 3478
f 3321 3478 3471
f 3321 3471 3322
f 3324 3472 3325
f 3325 3472 3326
f 3326 3472 3479
f 3327 3480 3329
f 3327 3329 3328
f 3329 3480 3481
f 3329 3481 3330
f 3330 3481 3482
f 3330 3482 3331
f 3331 3482 3332
f 3332 3483 3333
f 3332 3482 3483
f 3333 3484 3334
f 3334 3484 3485
f 3334 3485 3486
f 3334 3486 3487
f 3334 3487 3337
f 3334 3337 3336
f 3337 3487 3488
f 3337 3488 3338
f 3338 3488 3608
f 3338 3608 3489
f 3338 3489 3490
f 3338 3490 3339
f 3339 3490 3340
f 3340 3490 3341
f 3341 3491 3492
f 3341 3492 3493
f 3341 3493 3342
f 3341 3490 3491
f 3342 3494 3495
f 3342 3495 3348
f 3342 3493 3494
f 3344 3496 3497
f 3344 3497 3345
f 3344 3358 3496
f 3345 3497 3411
f 3345 3411 3410
f 3345 3410 3409
f 3345 3409 3346
f 3346 3409 3347
f 3349 3495 3498
f 3349 3498 3499
f 3349 3499 3500
f 3349 3500 3351
f 3350 3500 3499
f 3350 3499 3353
f 3352 3354 3355
f 3353 3499 3354
f 3354 3501 3355
f 3354 3499 3502
f 3354 3502 3503
f 3354 3503 3501
f 3355 3504 3505
f 3355 3505 3356
f 3355 3501 3504
f 3356 3505 3506
f 3356 3506 3357
f 3357 3506 3426
f 3357 3426 3358
f 3358 3426 3496
f 3359 3457 3591
f 3359 3591 3507
f 3359 3507 3360
f 3360 3508 3361
f 3360 3507 3508
f 3361 3509 3510
f 3361 3510 3362
f 3361 3508 3511
f 3361 3511 3509
f 3362 3510 3363
f 3363 3512 3364
f 3363 3510 3512
f 3364 3513 3514
f 3364 3514 3365
f 3364 3512 3513
f 3365 3514 3366
f 3366 3515 3367
f 3366 3514 3515
f 3367 3515 3516
f 3367 3516 3368
f 3368 3516 3517
f 3368 3517 3518
f 3368 3518 3369
f 3369 3518 3519
f 3369 3519 3370
f 3370 3519 3371
f 3371 3520 3521
f 3371 3521 3373
f 3371 3373 3372
f 3371 3519 3520
f 3373 3521 3375
f 3373 3375 3374
f 3375 3522 3377
f 3375 3377 3376
f 3375 3521 3522
f 3377 3522 3378
f 3378 3523 3524
f 3378 3524 3525
f 3378 3525 3379
f 3378 3522 3526
f 3378 3526 3523
f 3379 3525 3527
f 3379 3527 3380
f 3380 3527 3382
f 3380 3382 3381
f 3382 3528 3384
f 3382 3384 3383
f 3382 3527 3528
f 3384 3528 3529
f 3384 3529 3386
f 3385 3389 3393
f 3385 3393 3392
f 3385 3392 3390
f 3386 3529 3530
f 3386 3530 3531
f 3386 3531 3532
f 3386 3532 3533
f 3386 3533 3534
f 3386 3534 3387
f 3387 3534 3535
f 3387 3535 3536
f 3387 3536 3388
f 3388 3536 3537
f 3388 3537 3538
f 3388 3538 3539
f 3388 3539 3393
f 3388 3393 3389
f 3393 3540 3394
f 3393 3539 3541
f 3393 3541 3540
f 3394 3540 3395
f 3395 3540 3542
f 3395 3542 3396
f 3396 3542 3397
f 3397 3542 3543
f 3397 3543 3544
f 3397 3544 3398
f 3398 3544 3399
f 3399 3544 3545
f 3399 3545 3546
f 3399 3546 3402
f 3399 3402 3400
f 3401 3404 3405
f 3402 3546 3547
f 3402 3547 3548
f 3402 3548 3403
f 3403 3548 3459
f 3403 3459 3404
f 3404 3458 3405
f 3405 3458 3406
f 3411 3497 3425
f 3411 3425 3419
f 3412 3421 3415
f 3412 3415 3413
f 3414 3418 3429
f 3415 3421 3549
f 3415 3549 3550
f 3415 3550 3416
f 3416 3550 3417
f 3417 3429 3418
f 3417 3550 3551
f 3417 3551 3552
f 3417 3552 3553
f 3417 3553 3432
f 3417 3432 3431
f 3420 3549 3421
f 3420 3428 3554
f 3420 3554 3549
f 3422 3427 3555
f 3422 3555 3423
f 3423 3555 3556
f 3423 3556 3557
f 3423 3557 3428
f 3423 3428 3424
f 3425 3497 3496
f 3425 3496 3426
f 3426 3506 3427
f 3427 3506 3555
f 3428 3557 3558
f 3428 3558 3554
f 3430 3559 3436
f 3430 3436 3435
f 3430 3434 3560
f 3430 3560 3561
f 3430 3561 3559
f 3432 3553 3562
f 3432 3562 3563
f 3432 3563 3564
f 3432 3564 3433
f 3433 3564 3565
f 3433 3565 3566
f 3433 3566 3434
f 3434 3566 3567
f 3434 3567 3568
f 3434 3568 3569
f 3434 3569 3560
f 3436 3559 3570
f 3436 3570 3571
f 3436 3571 3437
f 3437 3571 3438
f 3438 3571 3439
f 3439 3572 3573
f 3439 3573 3441
f 3439 3571 3574
f 3439 3574 3572
f 3441 3573 3442
f 3442 3573 3575
f 3442 3575 3445
f 3443 3576 3577
f 3443 3577 3446
f 3443 3445 3576
f 3445 3578 3576
f 3445 3575 3578
f 3446 3577 3447
f 3447 3577 3579
f 3447 3579 3452
f 3448 3580 3450
f 3448 3449 3580
f 3449 3453 3581
f 3449 3581 3580
f 3450 3582 3583
f 3450 3583 3584
f 3450 3584 3451
f 3450 3580 3582
f 3451 3584 3454
f 3452 3585 3453
f 3452 3579 3586
f 3452 3586 3585
f 3453 3585 3581
f 3454 3584 3455
f 3455 3584 3587
f 3455 3587 3588
f 3455 3588 3589
f 3455 3589 3456
f 3456 3589 3590
f 3456 3590 3457
f 3457 3590 3591
f 3459 3548 3592
f 3459 3592 3460
f 3460 3592 3461
f 3461 3592 3593
f 3461 3593 3594
f 3461 3594 3462
f 3462 3594 3595
f 3462 3595 3463
f 3463 3596 3597
f 3463 3597 3464
f 3463 3595 3596
f 3465 3597 3598
f 3465 3598 3466
f 3466 3598 3599
f 3467 3599 3722
f 3467 3722 3600
f 3468 3600 3601
f 3468 3601 3602
f 3469 3602 3470
f 3470 3602 3474
f 3470 3474 3473
f 3471 3478 3479
f 3471 3479 3472
f 3474 3602 3603
f 3474 3603 3601
f 3474 3601 3604
f 3474 3604 3475
f 3475 3604 3605
f 3475 3605 3476
f 3485 3606 3488
f 3485 3488 3486
f 3486 3488 3487
f 3488 3607 3608
f 3488 3606 3607
f 3489 3608 3609
f 3489 3609 3490
f 3490 3609 3491
f 3491 3610 3612
f 3491 3612 3493
f 3491 3493 3492
f 3491 3609 3608
f 3491 3608 3610
f 3493 3611 3613
f 3493 3613 3494
f 3493 3612 3733
f 3493 3733 3611
f 3494 3613 3495
f 3495 3614 3615
f 3495 3615 3498
f 3495 3613 3732
f 3495 3732 3614
f 3498 3615 3499
f 3499 3615 3502
f 3501 3503 3616
f 3501 3616 3617
f 3501 3617 3618
f 3501 3618 3504
f 3502 3615 3503
f 3503 3615 3619
f 3503 3619 3616
f 3504 3620 3505
f 3504 3618 3620
f 3505 3620 3743
f 3505 3743 3621
f 3505 3621 3622
f 3505 3622 3506
f 3506 3622 3555
f 3507 3591 3714
f 3507 3714 3623
f 3507 3623 3624
f 3507 3624 3508
f 3508 3625 3511
f 3508 3624 3625
f 3509 3626 3627
f 3509 3627 3510
f 3509 3511 3626
f 3510 3628 3629
f 3510 3629 3512
f 3510 3627 3628
f 3511 3625 3630
f 3511 3630 3626
f 3512 3629 3631
f 3512 3631 3513
f 3513 3631 3632
f 3513 3632 3514
f 3514 3632 3633
f 3514 3633 3634
f 3514 3634 3515
f 3515 3635 3516
f 3515 3634 3633
f 3515 3633 3635
f 3516 3636 3517
f 3516 3635 3636
f 3517 3636 3637
f 3517 3637 3638
f 3517 3638 3639
f 3517 3639 3640
f 3517 3640 3518
f 3518 3640 3519
f 3519 3640 3520
f 3520 3640 3641
f 3520 3641 3642
f 3520 3642 3521
f 3521 3642 3522
f 3522 3642 3526
f 3523 3526 3643
f 3523 3643 3644
f 3523 3644 3524
f 3524 3645 3646
f 3524 3646 3647
f 3524 3647 3528
f 3524 3528 3527
f 3524 3527 3525
f 3524 3644 3648
f 3524 3648 3649
f 3524 3649 3645
f 3526 3642 3650
f 3526 3650 3643
f 3528 3647 3529
f 3529 3651 3652
f 3529 3652 3531
f 3529 3531 3530
f 3529 3647 3651
f 3531 3653 3654
f 3531 3654 3655
f 3531 3655 3656
f 3531 3656 3533
f 3531 3533 3532
f 3531 3652 3653
f 3533 3656 3657
f 3533 3657 3658
f 3533 3658 3659
f 3533 3659 3535
f 3533 3535 3534
f 3535 3537 3536
f 3535 3659 3660
f 3535 3660 3661
f 3535 3661 3537
f 3537 3661 3662
f 3537 3662 3663
f 3537 3663 3538
f 3538 3663 3664
f 3538 3664 3665
f 3538 3665 3539
f 3539 3665 3541
f 3540 3541 3666
f 3540 3666 3542
f 3541 3665 3666
f 3542 3666 3543
f 3543 3666 3667
f 3543 3667 3668
f 3543 3668 3545
f 3543 3545 3544
f 3545 3668 3669
f 3545 3669 3670
f 3545 3670 3546
f 3546 3670 3547
f 3547 3670 3671
f 3547 3671 3548
f 3548 3671 3592
f 3549 3554 3551
f 3549 3551 3550
f 3551 3554 3672
f 3551 3672 3673
f 3551 3673 3552
f 3552 3673 3553
f 3553 3673 3562
f 3554 3558 3672
f 3555 3622 3674
f 3555 3674 3556
f 3556 3675 3557
f 3556 3674 3676
f 3556 3676 3675
f 3557 3675 3558
f 3558 3675 3677
f 3558 3677 3672
f 3559 3678 3679
f 3559 3679 3570
f 3559 3561 3678
f 3560 3569 3561
f 3561 3569 3680
f 3561 3680 3681
f 3561 3681 3682
f 3561 3682 3678
f 3562 3683 3684
f 3562 3684 3563
f 3562 3673 3683
f 3563 3684 3685
f 3563 3685 3686
f 3563 3686 3687
f 3563 3687 3565
f 3563 3565 3564
f 3565 3567 3566
f 3565 3687 3688
f 3565 3688 3689
f 3565 3689 3567
f 3567 3689 3690
f 3567 3690 3691
f 3567 3691 3568
f 3568 3691 3692
f 3568 3692 3680
f 3568 3680 3569
f 3570 3679 3693
f 3570 3693 3574
f 3570 3574 3571
f 3572 3574 3693
f 3572 3693 3679
f 3572 3679 3694
f 3572 3694 3695
f 3572 3695 3575
f 3572 3575 3573
f 3575 3695 3578
f 3576 3696 3697
f 3576 3697 3577
f 3576 3578 3696
f 3577 3697 3579
f 3578 3695 3698
f 3578 3698 3696
f 3579 3697 3586
f 3580 3699 3582
f 3580 3581 3700
f 3580 3700 3701
f 3580 3701 3699
f 3581 3702 3701
f 3581 3701 3700
f 3581 3585 3702
f 3582 3703 3704
f 3582 3704 3583
f 3582 3699 3703
f 3583 3704 3584
f 3584 3704 3705
f 3584 3705 3706
f 3584 3706 3587
f 3585 3707 3702
f 3585 3586 3707
f 3586 3697 3708
f 3586 3708 3709
f 3586 3709 3710
f 3586 3710 3707
f 3587 3706 3711
f 3587 3711 3712
f 3587 3712 3588
f 3588 3712 3713
f 3588 3713 3589
f 3589 3713 3714
f 3589 3714 3590
f 3590 3714 3591
f 3592 3671 3593
f 3593 3671 3715
f 3593 3715 3716
f 3593 3716 3594
f 3594 3716 3595
f 3595 3716 3717
f 3595 3717 3718
f 3595 3718 3719
f 3595 3719 3596
f 3596 3719 3720
f 3596 3720 3598
f 3596 3598 3597
f 3598 3720 3721
f 3598 3721 3599
f 3599 3721 3843
f 3599 3843 3722
f 3600 3722 3601
f 3601 3603 3602
f 3601 3722 3723
f 3601 3723 3724
f 3601 3724 3727
f 3601 3727 3604
f 3604 3725 3726
f 3604 3726 3605
f 3604 3727 3728
f 3604 3728 3725
f 3607 3729 3610
f 3607 3610 3608
f 3610 3729 3734
f 3610 3734 3612
f 3611 3730 3731
f 3611 3731 3732
f 3611 3732 3613
f 3611 3733 3850
f 3611 3850 3730
f 3612 3734 3735
f 3612 3735 3736
f 3612 3736 3852
f 3612 3852 3737
f 3612 3737 3733
f 3614 3732 3851
f 3614 3851 3738
f 3614 3738 3619
f 3614 3619 3615
f 3616 3619 3739
f 3616 3739 3740
f 3616 3740 3741
f 3616 3741 3742
f 3616 3742 3618
f 3616 3618 3617
f 3618 3742 3743
f 3618 3743 3620
f 3619 3740 3739
f 3619 3738 3740
f 3621 3744 3674
f 3621 3674 3622
f 3621 3743 3744
f 3623 3745 3746
f 3623 3746 3624
f 3623 3714 3835
f 3623 3835 3745
f 3624 3746 3625
f 3625 3746 3630
f 3626 3747 3748
f 3626 3748 3627
f 3626 3630 3746
f 3626 3746 3749
f 3626 3749 3747
f 3627 3748 3628
f 3628 3750 3629
f 3628 3748 3750
f 3629 3751 3631
f 3629 3750 3751
f 3631 3752 3632
f 3631 3751 3752
f 3632 3753 3633
f 3632 3752 3753
f 3633 3753 3754
f 3633 3754 3755
f 3633 3755 3635
f 3635 3755 3756
f 3635 3756 3636
f 3636 3756 3757
f 3636 3757 3637
f 3637 3757 3758
f 3637 3758 3638
f 3638 3758 3759
f 3638 3759 3760
f 3638 3760 3761
f 3638 3761 3639
f 3639 3761 3762
f 3639 3762 3641
f 3639 3641 3640
f 3641 3762 3650
f 3641 3650 3642
f 3643 3650 3763
f 3643 3763 3764
f 3643 3764 3644
f 3644 3764 3648
f 3645 3649 3646
f 3646 3649 3765
f 3646 3765 3766
f 3646 3766 3767
f 3646 3767 3647
f 3647 3767 3768
f 3647 3768 3769
f 3647 3769 3651
f 3648 3764 3770
f 3648 3770 3649
f 3649 3770 3771
f 3649 3771 3765
f 3650 3762 3763
f 3651 3772 3773
f 3651 3773 3652
f 3651 3769 3768
f 3651 3768 3772
f 3652 3773 3774
f 3652 3774 3653
f 3653 3774 3775
f 3653 3775 3654
f 3654 3775 3776
f 3654 3776 3655
f 3655 3776 3656
f 3656 3776 3777
f 3656 3777 3778
f 3656 3778 3657
f 3657 3778 3779
f 3657 3779 3658
f 3658 3779 3780
f 3658 3780 3781
f 3658 3781 3660
f 3658 3660 3659
f 3660 3781 3782
f 3660 3782 3661
f 3661 3782 3662
f 3662 3782 3783
f 3662 3783 3784
f 3662 3784 3663
f 3663 3784 3785
f 3663 3785 3664
f 3664 3785 3786
f 3664 3786 3667
f 3664 3667 3665
f 3665 3667 3666
f 3667 3786 3668
f 3668 3786 3669
f 3669 3786 3787
f 3669 3787 3788
f 3669 3788 3670
f 3670 3788 3789
f 3670 3789 3671
f 3671 3789 3715
f 3672 3677 3683
f 3672 3683 3673
f 3674 3744 3676
f 3675 3676 3790
f 3675 3790 3677
f 3676 3744 3791
f 3676 3791 3790
f 3677 3790 3792
f 3677 3792 3683
f 3678 3793 3794
f 3678 3794 3795
f 3678 3795 3796
f 3678 3796 3679
f 3678 3682 3797
f 3678 3797 3793
f 3679 3796 3798
f 3679 3798 3799
f 3679 3799 3800
f 3679 3800 3694
f 3680 3692 3801
f 3680 3801 3802
f 3680 3802 3681
f 3681 3803 3804
f 3681 3804 3682
f 3681 3802 3805
f 3681 3805 3803
f 3682 3804 3797
f 3683 3792 3684
f 3684 3792 3685
f 3685 3806 3807
f 3685 3807 3808
f 3685 3808 3809
f 3685 3809 3686
f 3685 3792 3806
f 3686 3809 3687
f 3687 3809 3688
f 3688 3809 3810
f 3688 3810 3811
f 3688 3811 3689
f 3689 3811 3690
f 3690 3811 3812
f 3690 3812 3921
f 3690 3921 3813
f 3690 3813 3691
f 3691 3814 3815
f 3691 3815 3692
f 3691 3813 3814
f 3692 3815 3801
f 3694 3800 3816
f 3694 3816 3695
f 3695 3816 3698
f 3696 3708 3697
f 3696 3698 3817
f 3696 3817 3708
f 3698 3816 3818
f 3698 3818 3817
f 3699 3819 3820
f 3699 3820 3703
f 3699 3701 3819
f 3701 3821 3819
f 3701 3702 3821
f 3702 3822 3821
f 3702 3707 3826
f 3702 3826 3822
f 3703 3820 3823
f 3703 3823 3704
f 3704 3823 3824
f 3704 3824 3705
f 3705 3824 3825
f 3705 3825 3706
f 3706 3825 3711
f 3707 3710 3827
f 3707 3827 3826
f 3708 3817 3828
f 3708 3828 3709
f 3709 3828 3829
f 3709 3829 3830
f 3709 3830 3831
f 3709 3831 3710
f 3710 3831 3827
f 3711 3825 3832
f 3711 3832 3833
f 3711 3833 3713
f 3711 3713 3712
f 3713 3833 3834
f 3713 3834 3714
f 3714 3834 3835
f 3715 3836 3716
f 3715 3789 3837
f 3715 3837 3836
f 3716 3838 3717
f 3716 3836 3838
f 3717 3838 3839
f 3717 3839 3718
f 3718 3839 3840
f 3718 3840 3841
f 3718 3841 3720
f 3718 3720 3719
f 3720 3841 3842
f 3720 3842 3721
f 3721 3842 3949
f 3721 3949 3843
f 3722 3843 3844
f 3722 3844 3723
f 3723 3844 3845
f 3723 3845 3724
f 3724 3845 3728
f 3724 3728 3727
f 3725 3728 3846
f 3728 3845 3951
f 3728 3951 3847
f 3728 3847 3952
f 3728 3952 3846
f 3730 3848 3849
f 3730 3849 3731
f 3730 3850 3855
f 3730 3855 3848
f 3731 3849 3851
f 3731 3851 3732
f 3733 3737 3850
f 3737 3852 3853
f 3737 3853 3854
f 3737 3854 3855
f 3737 3855 3850
f 3738 3851 3959
f 3738 3959 3856
f 3738 3856 3740
f 3740 3857 3858
f 3740 3858 3741
f 3740 3856 3859
f 3740 3859 3857
f 3741 3858 3742
f 3742 3860 3862
f 3742 3862 3743
f 3742 3858 3861
f 3742 3861 3860
f 3743 3862 3791
f 3743 3791 3744
f 3745 3863 3746
f 3745 3835 3942
f 3745 3942 3863
f 3746 3863 3749
f 3747 3864 3865
f 3747 3865 3748
f 3747 3749 3863
f 3747 3863 3864
f 3748 3865 3866
f 3748 3866 3750
f 3750 3866 3867
f 3750 3867 3751
f 3751 3867 3752
f 3752 3868 3869
f 3752 3869 3753
f 3752 3867 3868
f 3753 3869 3870
f 3753 3870 3754
f 3754 3870 3755
f 3755 3871 3756
f 3755 3870 3871
f 3756 3872 3757
f 3756 3871 3872
f 3757 3873 3758
f 3757 3872 3873
f 3758 3874 3759
f 3758 3873 3874
f 3759 3875 3760
f 3759 3874 3875
f 3760 3875 3876
f 3760 3876 3877
f 3760 3877 3878
f 3760 3878 3761
f 3761 3878 3879
f 3761 3879 3763
f 3761 3763 3762
f 3763 3879 3764
f 3764 3879 3770
f 3765 3880 3881
f 3765 3881 3766
f 3765 3771 3882
f 3765 3882 3880
f 3766 3881 3883
f 3766 3883 3884
f 3766 3884 3885
f 3766 3885 3767
f 3767 3885 3768
f 3768 3885 3886
f 3768 3886 3887
f 3768 3887 3888
f 3768 3888 3772
f 3770 3879 3878
f 3770 3878 3771
f 3771 3878 3877
f 3771 3877 3882
f 3772 3889 3773
f 3772 3888 3889
f 3773 3889 3890
f 3773 3890 3891
f 3773 3891 3774
f 3774 3891 3775
f 3775 3892 3893
f 3775 3893 3776
f 3775 3891 3892
f 3776 3893 3777
f 3777 3893 3894
f 3777 3894 3895
f 3777 3895 3778
f 3778 3895 3896
f 3778 3896 3779
f 3779 3896 3897
f 3779 3897 3780
f 3780 3897 3898
f 3780 3898 3899
f 3780 3899 3900
f 3780 3900 3781
f 3781 3900 3782
f 3782 3900 3783
f 3783 3900 3901
f 3783 3901 3902
f 3783 3902 3784
f 3784 3902 3903
f 3784 3903 3785
f 3785 3903 3787
f 3785 3787 3786
f 3787 3903 3904
f 3787 3904 3788
f 3788 3904 3837
f 3788 3837 3789
f 3790 3791 3792
f 3791 3806 3792
f 3791 3862 3806
f 3793 3905 3906
f 3793 3906 3907
f 3793 3907 3795
f 3793 3795 3794
f 3793 3797 3804
f 3793 3804 3908
f 3793 3908 3905
f 3795 3907 3909
f 3795 3909 3796
f 3796 3909 3910
f 3796 3910 3798
f 3798 3911 3912
f 3798 3912 3799
f 3798 3910 3911
f 3799 3912 3913
f 3799 3913 3800
f 3800 3913 3816
f 3801 3805 3802
f 3801 3815 3914
f 3801 3914 3805
f 3803 3915 3916
f 3803 3916 3804
f 3803 3805 3917
f 3803 3917 3915
f 3804 3916 3908
f 3805 3914 3917
f 3806 3862 3807
f 3807 3862 3860
f 3807 3860 3918
f 3807 3918 3919
f 3807 3919 3809
f 3807 3809 3808
f 3809 3919 3810
f 3810 3919 3920
f 3810 3920 3811
f 3811 3920 3812
f 3812 3920 3922
f 3812 3922 3921
f 3813 3921 3923
f 3813 3923 3814
f 3814 3923 3924
f 3814 3924 3815
f 3815 3925 3914
f 3815 3924 3925
f 3816 3913 3818
f 3817 3818 3828
f 3818 3913 3926
f 3818 3926 3828
f 3819 3927 3820
f 3819 3821 3928
f 3819 3928 3927
f 3820 3929 3930
f 3820 3930 3823
f 3820 3927 3929
f 3821 3822 3928
f 3822 3931 3928
f 3822 3826 3931
f 3823 3930 3932
f 3823 3932 3824
f 3824 3932 3933
f 3824 3933 3825
f 3825 3933 3941
f 3825 3941 3832
f 3826 3934 3931
f 3826 3827 3934
f 3827 3831 3935
f 3827 3935 3934
f 3828 3926 3936
f 3828 3936 3829
f 3829 3937 3938
f 3829 3938 3830
f 3829 3936 3939
f 3829 3939 3937
f 3830 3938 3940
f 3830 3940 3831
f 3831 3940 3935
f 3832 3941 3942
f 3832 3942 3833
f 3833 3942 3834
f 3834 3942 3835
f 3836 3837 3904
f 3836 3904 3943
f 3836 3943 3944
f 3836 3944 3838
f 3838 3944 3839
f 3839 3945 3840
f 3839 3944 3946
f 3839 3946 3947
f 3839 3947 3945
f 3840 3945 3948
f 3840 3948 3842
f 3840 3842 3841
f 3842 3948 4046
f 3842 4046 3949
f 3843 3950 3844
f 3843 3949 4049
f 3843 4049 3950
f 3844 3950 3951
f 3844 3951 3845
f 3847 3953 3954
f 3847 3954 3955
f 3847 3955 3956
f 3847 3956 3952
f 3847 3951 4050
f 3847 4050 3953
f 3848 3855 3960
f 3848 3960 3957
f 3848 3957 3958
f 3848 3958 3849
f 3849 3958 3959
f 3849 3959 3851
f 3853 3960 3854
f 3853 3961 3960
f 3854 3960 3855
f 3856 3959 3964
f 3856 3964 3859
f 3857 3859 3962
f 3857 3962 3963
f 3857 3963 3861
f 3857 3861 3858
f 3859 3964 3962
f 3860 3861 3965
f 3860 3965 3918
f 3861 3966 4061
f 3861 4061 3965
f 3861 3963 3966
f 3863 3967 3968
f 3863 3968 3864
f 3863 3942 4042
f 3863 4042 3967
f 3864 3968 3969
f 3864 3969 3865
f 3865 3970 3971
f 3865 3971 3866
f 3865 3969 3970
f 3866 3971 3972
f 3866 3972 3867
f 3867 3972 3868
f 3868 3973 3974
f 3868 3974 3869
f 3868 3972 3973
f 3869 3974 3975
f 3869 3975 3870
f 3870 3975 3976
f 3870 3976 3871
f 3871 3976 3872
f 3872 3977 3978
f 3872 3978 3873
f 3872 3976 3977
f 3873 3978 3874
f 3874 3979 3875
f 3874 3978 3979
f 3875 3979 3980
f 3875 3980 3876
f 3876 3980 3981
f 3876 3981 3877
f 3877 3981 3982
f 3877 3982 3882
f 3880 3983 3883
f 3880 3883 3881
f 3880 3882 3984
f 3880 3984 3983
f 3882 3982 3984
f 3883 3985 3884
f 3883 3983 4080
f 3883 4080 3985
f 3884 3985 3986
f 3884 3986 3987
f 3884 3987 3885
f 3885 3987 3886
f 3886 3987 3887
f 3887 3987 3988
f 3887 3988 3989
f 3887 3989 3889
f 3887 3889 3888
f 3889 3989 3990
f 3889 3990 3991
f 3889 3991 3992
f 3889 3992 3890
f 3890 3992 3993
f 3890 3993 3994
f 3890 3994 3891
f 3891 3994 3995
f 3891 3995 3996
f 3891 3996 3892
f 3892 3996 3893
f 3893 3997 3998
f 3893 3998 3894
f 3893 3996 3997
f 3894 3998 3999
f 3894 3999 3895
f 3895 3999 4000
f 3895 4000 4001
f 3895 4001 3897
f 3895 3897 3896
f 3897 4001 3898
f 3898 4001 4002
f 3898 4002 4003
f 3898 4003 4004
f 3898 4004 4005
f 3898 4005 3899
f 3899 4005 3901
f 3899 3901 3900
f 3901 3943 3902
f 3901 4005 3946
f 3901 3946 3944
f 3901 3944 3943
f 3902 3943 3903
f 3903 3943 3904
f 3905 4006 4007
f 3905 4007 3906
f 3905 3908 4006
f 3906 4007 4008
f 3906 4008 3907
f 3907 4008 4009
f 3907 4009 3909
f 3908 3916 4006
f 3909 4009 4010
f 3909 4010 4011
f 3909 4011 3910
f 3910 4011 4012
f 3910 4012 4013
f 3910 4013 3911
f 3911 4013 3939
f 3911 3939 3936
f 3911 3936 3912
f 3912 3936 3926
f 3912 3926 3913
f 3914 3925 4014
f 3914 4014 3917
f 3915 4015 3916
f 3915 3917 4016
f 3915 4016 4015
f 3916 4015 4017
f 3916 4017 4006
f 3917 4018 4016
f 3917 4014 4110
f 3917 4110 4018
f 3918 3965 3919
f 3919 3965 4019
f 3919 4019 3920
f 3920 4019 4022
f 3920 4022 3922
f 3921 4020 3923
f 3921 3922 4021
f 3921 4021 4020
f 3922 4022 4021
f 3923 4023 3924
f 3923 4020 4023
f 3924 4023 4024
f 3924 4024 4025
f 3924 4025 3925
f 3925 4025 4014
f 3927 4026 4028
f 3927 4028 3929
f 3927 3928 4027
f 3927 4027 4026
f 3928 3931 4030
f 3928 4030 4027
f 3929 4028 4029
f 3929 4029 3930
f 3930 4029 4031
f 3930 4031 3932
f 3931 3934 4030
f 3932 4031 4032
f 3932 4032 3933
f 3933 4032 4033
f 3933 4033 4041
f 3933 4041 3941
f 3934 4034 4030
f 3934 3935 4034
f 3935 3940 4035
f 3935 4035 4034
f 3937 4036 3938
f 3937 3939 4037
f 3937 4037 4036
f 3938 4036 4038
f 3938 4038 3940
f 3939 4039 4037
f 3939 4013 4040
f 3939 4040 4039
f 3940 4038 4035
f 3941 4041 3942
f 3942 4041 4042
f 3945 4043 3948
f 3945 3947 4044
f 3945 4044 4045
f 3945 4045 4043
f 3946 4005 4044
f 3946 4044 3947
f 3948 4043 4047
f 3948 4047 4046
f 3949 4046 4048
f 3949 4048 4049
f 3950 4049 4050
f 3950 4050 3951
f 3953 4050 4048
f 3953 4048 4051
f 3953 4051 3954
f 3954 4051 4052
f 3954 4052 4053
f 3954 4053 3955
f 3955 4053 4054
f 3955 4054 3956
f 3957 4055 3958
f 3957 3960 4056
f 3957 4056 4055
f 3958 4055 3964
f 3958 3964 3959
f 3960 3961 4056
f 3961 4057 4056
f 3962 4058 3963
f 3962 3964 4058
f 3963 4058 3966
f 3964 4055 4059
f 3964 4059 4060
f 3964 4060 4058
f 3965 4061 4022
f 3965 4022 4019
f 3966 4058 4062
f 3966 4062 4061
f 3967 4063 4064
f 3967 4064 3968
f 3967 4042 4141
f 3967 4141 4063
f 3968 4064 3969
f 3969 4064 4066
f 3969 4066 3970
f 3970 4065 4067
f 3970 4067 3971
f 3970 4066 4065
f 3971 4067 3972
f 3972 4068 3973
f 3972 4067 4068
f 3973 4069 4070
f 3973 4070 3974
f 3973 4068 4069
f 3974 4070 4071
f 3974 4071 3975
f 3975 4071 3976
f 3976 4072 3977
f 3976 4071 4072
f 3977 4073 3978
f 3977 4072 4073
f 3978 4074 3979
f 3978 4073 4074
f 3979 4074 4075
f 3979 4075 3980
f 3980 4075 4076
f 3980 4076 3981
f 3981 4077 3982
f 3981 4076 4077
f 3982 4077 4078
f 3982 4078 4079
f 3982 4079 3984
f 3983 3984 4079
f 3983 4079 4080
f 3985 4080 4179
f 3985 4179 4081
f 3985 4081 3986
f 3986 4082 3987
f 3986 4081 4083
f 3986 4083 4082
f 3987 4082 3988
f 3988 4082 4084
f 3988 4084 3989
f 3989 4084 4085
f 3989 4085 3990
f 3990 4085 3991
f 3991 4086 4088
f 3991 4088 3993
f 3991 3993 3992
f 3991 4085 4087
f 3991 4087 4086
f 3993 4088 4089
f 3993 4089 3994
f 3994 4089 3995
f 3995 4089 4090
f 3995 4090 3996
f 3996 4091 4092
f 3996 4092 3997
f 3996 4090 4091
f 3997 4092 3998
f 3998 4093 4094
f 3998 4094 3999
f 3998 4092 4093
f 3999 4094 4095
f 3999 4095 4096
f 3999 4096 4000
f 4000 4096 4097
f 4000 4097 4001
f 4001 4097 4098
f 4001 4098 4002
f 4002 4098 4003
f 4003 4098 4099
f 4003 4099 4100
f 4003 4100 4101
f 4003 4101 4044
f 4003 4044 4004
f 4004 4044 4005
f 4006 4102 4103
f 4006 4103 4007
f 4006 4017 4015
f 4006 4015 4102
f 4007 4104 4105
f 4007 4105 4008
f 4007 4103 4104
f 4008 4105 4106
f 4008 4106 4009
f 4009 4106 4107
f 4009 4107 4010
f 4010 4107 4108
f 4010 4108 4109
f 4010 4109 4012
f 4010 4012 4011
f 4012 4109 4040
f 4012 4040 4013
f 4014 4025 4110
f 4015 4016 4111
f 4015 4111 4112
f 4015 4112 4113
f 4015 4113 4102
f 4016 4018 4114
f 4016 4114 4115
f 4016 4115 4116
f 4016 4116 4111
f 4018 4110 4124
f 4018 4124 4114
f 4020 4021 4117
f 4020 4117 4023
f 4021 4022 4118
f 4021 4118 4119
f 4021 4119 4120
f 4021 4120 4117
f 4022 4061 4156
f 4022 4156 4118
f 4023 4121 4024
f 4023 4117 4121
f 4024 4121 4122
f 4024 4122 4025
f 4025 4123 4124
f 4025 4124 4110
f 4025 4122 4123
f 4026 4125 4127
f 4026 4127 4028
f 4026 4027 4126
f 4026 4126 4125
f 4027 4030 4130
f 4027 4130 4126
f 4028 4127 4128
f 4028 4128 4029
f 4029 4128 4129
f 4029 4129 4031
f 4030 4034 4130
f 4031 4129 4131
f 4031 4131 4032
f 4032 4131 4132
f 4032 4132 4133
f 4032 4133 4033
f 4033 4133 4041
f 4034 4134 4130
f 4034 4035 4134
f 4035 4038 4135
f 4035 4135 4136
f 4035 4136 4134
f 4036 4135 4038
f 4036 4037 4137
f 4036 4137 4135
f 4037 4039 4138
f 4037 4138 4235
f 4037 4235 4137
f 4039 4139 4138
f 4039 4040 4139
f 4040 4140 4139
f 4040 4109 4140
f 4041 4133 4141
f 4041 4141 4042
f 4043 4045 4142
f 4043 4142 4047
f 4044 4101 4142
f 4044 4142 4045
f 4046 4047 4048
f 4047 4142 4101
f 4047 4101 4143
f 4047 4143 4144
f 4047 4144 4048
f 4048 4144 4145
f 4048 4145 4146
f 4048 4146 4051
f 4048 4050 4049
f 4051 4146 4147
f 4051 4147 4052
f 4052 4147 4053
f 4053 4147 4148
f 4053 4148 4054
f 4054 4148 4149
f 4055 4056 4153
f 4055 4153 4059
f 4056 4057 4150
f 4056 4150 4151
f 4056 4151 4152
f 4056 4152 4153
f 4058 4060 4154
f 4058 4154 4062
f 4059 4155 4154
f 4059 4154 4060
f 4059 4153 4259
f 4059 4259 4155
f 4061 4062 4156
f 4062 4154 4157
f 4062 4157 4158
f 4062 4158 4156
f 4063 4159 4064
f 4063 4141 4242
f 4063 4242 4159
f 4064 4160 4161
f 4064 4161 4066
f 4064 4159 4162
f 4064 4162 4160
f 4065 4066 4161
f 4065 4161 4163
f 4065 4163 4165
f 4065 4165 4067
f 4067 4164 4068
f 4067 4165 4164
f 4068 4166 4167
f 4068 4167 4069
f 4068 4164 4166
f 4069 4167 4169
f 4069 4169 4070
f 4070 4168 4170
f 4070 4170 4071
f 4070 4169 4168
f 4071 4170 4072
f 4072 4171 4073
f 4072 4170 4171
f 4073 4172 4074
f 4073 4171 4172
f 4074 4173 4075
f 4074 4172 4173
f 4075 4174 4076
f 4075 4173 4174
f 4076 4174 4175
f 4076 4175 4077
f 4077 4175 4176
f 4077 4176 4078
f 4078 4176 4177
f 4078 4177 4079
f 4079 4177 4178
f 4079 4178 4080
f 4080 4178 4179
f 4081 4179 4180
f 4081 4180 4181
f 4081 4181 4083
f 4082 4083 4182
f 4082 4182 4084
f 4083 4181 4183
f 4083 4183 4182
f 4084 4184 4085
f 4084 4182 4185
f 4084 4185 4184
f 4085 4184 4087
f 4086 4186 4088
f 4086 4087 4186
f 4087 4184 4187
f 4087 4187 4188
f 4087 4188 4189
f 4087 4189 4186
f 4088 4186 4190
f 4088 4190 4191
f 4088 4191 4089
f 4089 4191 4090
f 4090 4191 4192
f 4090 4192 4091
f 4091 4192 4307
f 4091 4307 4193
f 4091 4193 4194
f 4091 4194 4092
f 4092 4194 4195
f 4092 4195 4093
f 4093 4195 4094
f 4094 4196 4197
f 4094 4197 4095
f 4094 4195 4196
f 4095 4197 4198
f 4095 4198 4097
f 4095 4097 4096
f 4097 4198 4199
f 4097 4199 4098
f 4098 4199 4200
f 4098 4200 4099
f 4099 4200 4100
f 4100 4201 4202
f 4100 4202 4143
f 4100 4143 4101
f 4100 4200 4201
f 4102 4203 4204
f 4102 4204 4103
f 4102 4113 4112
f 4102 4112 4203
f 4103 4204 4205
f 4103 4205 4104
f 4104 4205 4206
f 4104 4206 4207
f 4104 4207 4105
f 4105 4207 4106
f 4106 4207 4208
f 4106 4208 4107
f 4107 4208 4209
f 4107 4209 4108
f 4108 4209 4210
f 4108 4210 4140
f 4108 4140 4109
f 4111 4116 4211
f 4111 4211 4112
f 4112 4211 4330
f 4112 4330 4212
f 4112 4212 4203
f 4114 4213 4214
f 4114 4214 4115
f 4114 4124 4213
f 4115 4214 4116
f 4116 4215 4216
f 4116 4216 4211
f 4116 4214 4215
f 4117 4217 4121
f 4117 4120 4218
f 4117 4218 4217
f 4118 4156 4158
f 4118 4158 4119
f 4119 4219 4218
f 4119 4218 4120
f 4119 4158 4261
f 4119 4261 4219
f 4121 4220 4122
f 4121 4217 4220
f 4122 4220 4337
f 4122 4337 4221
f 4122 4221 4222
f 4122 4222 4123
f 4123 4222 4223
f 4123 4223 4124
f 4124 4223 4213
f 4125 4224 4225
f 4125 4225 4226
f 4125 4226 4127
f 4125 4126 4227
f 4125 4227 4224
f 4126 4130 4227
f 4127 4226 4128
f 4128 4226 4228
f 4128 4228 4129
f 4129 4228 4230
f 4129 4230 4131
f 4130 4229 4227
f 4130 4134 4229
f 4131 4230 4231
f 4131 4231 4132
f 4132 4231 4133
f 4133 4231 4141
f 4134 4232 4229
f 4134 4136 4234
f 4134 4234 4232
f 4135 4137 4233
f 4135 4233 4234
f 4135 4234 4136
f 4137 4235 4233
f 4138 4139 4236
f 4138 4236 4235
f 4139 4140 4237
f 4139 4237 4238
f 4139 4238 4236
f 4140 4210 4237
f 4141 4231 4239
f 4141 4239 4240
f 4141 4240 4241
f 4141 4241 4242
f 4143 4202 4144
f 4144 4202 4145
f 4145 4202 4243
f 4145 4243 4244
f 4145 4244 4245
f 4145 4245 4246
f 4145 4246 4247
f 4145 4247 4146
f 4146 4247 4147
f 4147 4247 4148
f 4148 4247 4248
f 4148 4248 4249
f 4148 4249 4250
f 4148 4250 4251
f 4148 4251 4252
f 4148 4252 4253
f 4148 4253 4149
f 4150 4254 4151
f 4151 4255 4152
f 4151 4254 4255
f 4152 4255 4256
f 4152 4256 4257
f 4152 4257 4153
f 4153 4257 4258
f 4153 4258 4259
f 4154 4155 4157
f 4155 4259 4260
f 4155 4260 4157
f 4157 4260 4158
f 4158 4260 4261
f 4159 4262 4162
f 4159 4242 4367
f 4159 4367 4262
f 4160 4162 4263
f 4160 4263 4161
f 4161 4264 4265
f 4161 4265 4163
f 4161 4263 4266
f 4161 4266 4264
f 4162 4262 4263
f 4163 4265 4267
f 4163 4267 4165
f 4164 4268 4269
f 4164 4269 4270
f 4164 4270 4166
f 4164 4165 4267
f 4164 4267 4268
f 4166 4270 4167
f 4167 4270 4271
f 4167 4271 4169
f 4168 4272 4170
f 4168 4169 4273
f 4168 4273 4274
f 4168 4274 4272
f 4169 4271 4273
f 4170 4275 4277
f 4170 4277 4171
f 4170 4272 4276
f 4170 4276 4275
f 4171 4277 4172
f 4172 4278 4279
f 4172 4279 4173
f 4172 4277 4278
f 4173 4279 4174
f 4174 4280 4175
f 4174 4279 4280
f 4175 4280 4281
f 4175 4281 4176
f 4176 4281 4282
f 4176 4282 4283
f 4176 4283 4177
f 4177 4283 4284
f 4177 4284 4285
f 4177 4285 4178
f 4178 4285 4286
f 4178 4286 4287
f 4178 4287 4179
f 4179 4287 4180
f 4180 4288 4292
f 4180 4292 4181
f 4180 4287 4289
f 4180 4289 4290
f 4180 4290 4291
f 4180 4291 4288
f 4181 4292 4183
f 4182 4183 4185
f 4183 4292 4293
f 4183 4293 4294
f 4183 4294 4295
f 4183 4295 4185
f 4184 4185 4296
f 4184 4296 4297
f 4184 4297 4298
f 4184 4298 4187
f 4185 4295 4299
f 4185 4299 4300
f 4185 4300 4296
f 4186 4301 4190
f 4186 4189 4302
f 4186 4302 4414
f 4186 4414 4301
f 4187 4298 4303
f 4187 4303 4188
f 4188 4303 4417
f 4188 4417 4304
f 4188 4304 4414
f 4188 4414 4302
f 4188 4302 4189
f 4190 4301 4305
f 4190 4305 4306
f 4190 4306 4191
f 4191 4306 4192
f 4192 4306 4307
f 4193 4308 4194
f 4193 4307 4308
f 4194 4309 4195
f 4194 4308 4424
f 4194 4424 4310
f 4194 4310 4309
f 4195 4309 4311
f 4195 4311 4196
f 4196 4311 4197
f 4197 4311 4312
f 4197 4312 4313
f 4197 4313 4314
f 4197 4314 4198
f 4198 4314 4368
f 4198 4368 4315
f 4198 4315 4199
f 4199 4315 4200
f 4200 4316 4201
f 4200 4315 4368
f 4200 4368 4249
f 4200 4249 4316
f 4201 4316 4245
f 4201 4245 4244
f 4201 4244 4243
f 4201 4243 4202
f 4203 4212 4317
f 4203 4317 4318
f 4203 4318 4204
f 4204 4318 4319
f 4204 4319 4205
f 4205 4319 4320
f 4205 4320 4321
f 4205 4321 4322
f 4205 4322 4206
f 4206 4322 4323
f 4206 4323 4324
f 4206 4324 4325
f 4206 4325 4326
f 4206 4326 4207
f 4207 4326 4208
f 4208 4326 4327
f 4208 4327 4209
f 4209 4327 4328
f 4209 4328 4210
f 4210 4328 4329
f 4210 4329 4237
f 4211 4216 4330
f 4212 4330 4428
f 4212 4428 4317
f 4213 4331 4332
f 4213 4332 4214
f 4213 4223 4331
f 4214 4332 4215
f 4215 4333 4334
f 4215 4334 4216
f 4215 4332 4333
f 4216 4334 4335
f 4216 4335 4330
f 4217 4336 4453
f 4217 4453 4337
f 4217 4337 4220
f 4217 4218 4338
f 4217 4338 4454
f 4217 4454 4336
f 4218 4219 4338
f 4219 4339 4454
f 4219 4454 4338
f 4219 4261 4374
f 4219 4374 4339
f 4221 4337 4453
f 4221 4453 4340
f 4221 4340 4341
f 4221 4341 4222
f 4222 4341 4223
f 4223 4342 4331
f 4223 4341 4343
f 4223 4343 4344
f 4223 4344 4345
f 4223 4345 4342
f 4224 4346 4347
f 4224 4347 4225
f 4224 4227 4346
f 4225 4347 4348
f 4225 4348 4349
f 4225 4349 4226
f 4226 4349 4350
f 4226 4350 4228
f 4227 4351 4346
f 4227 4229 4351
f 4228 4350 4352
f 4228 4352 4354
f 4228 4354 4230
f 4229 4353 4351
f 4229 4232 4353
f 4230 4354 4355
f 4230 4355 4356
f 4230 4356 4231
f 4231 4356 4357
f 4231 4357 4239
f 4232 4358 4353
f 4232 4234 4358
f 4233 4359 4360
f 4233 4360 4234
f 4233 4235 4359
f 4234 4360 4358
f 4235 4361 4359
f 4235 4236 4362
f 4235 4362 4361
f 4236 4363 4364
f 4236 4364 4362
f 4236 4238 4363
f 4237 4329 4365
f 4237 4365 4366
f 4237 4366 4363
f 4237 4363 4238
f 4239 4357 4240
f 4240 4357 4367
f 4240 4367 4241
f 4241 4367 4242
f 4245 4316 4246
f 4246 4316 4247
f 4247 4316 4248
f 4248 4316 4249
f 4249 4368 4369
f 4249 4369 4250
f 4250 4369 4370
f 4254 4371 4372
f 4254 4372 4255
f 4255 4372 4256
f 4256 4373 4258
f 4256 4258 4257
f 4256 4372 4374
f 4256 4374 4373
f 4258 4373 4375
f 4258 4375 4260
f 4258 4260 4259
f 4260 4375 4374
f 4260 4374 4261
f 4262 4376 4263
f 4262 4367 4471
f 4262 4471 4376
f 4263 4376 4377
f 4263 4377 4266
f 4264 4378 4379
f 4264 4379 4265
f 4264 4266 4378
f 4265 4379 4267
f 4266 4377 4378
f 4267 4379 4380
f 4267 4380 4268
f 4268 4380 4381
f 4268 4381 4382
f 4268 4382 4269
f 4269 4383 4271
f 4269 4271 4270
f 4269 4382 4384
f 4269 4384 4385
f 4269 4385 4383
f 4271 4386 4274
f 4271 4274 4273
f 4271 4383 4387
f 4271 4387 4386
f 4272 4274 4388
f 4272 4388 4389
f 4272 4389 4276
f 4274 4386 4390
f 4274 4390 4388
f 4275 4276 4277
f 4276 4389 4391
f 4276 4391 4392
f 4276 4392 4393
f 4276 4393 4394
f 4276 4394 4395
f 4276 4395 4277
f 4277 4395 4396
f 4277 4396 4278
f 4278 4397 4279
f 4278 4396 4397
f 4279 4398 4280
f 4279 4397 4399
f 4279 4399 4398
f 4280 4400 4281
f 4280 4398 4400
f 4281 4400 4282
f 4282 4401 4284
f 4282 4284 4283
f 4282 4400 4402
f 4282 4402 4401
f 4284 4403 4285
f 4284 4401 4404
f 4284 4404 4403
f 4285 4403 4286
f 4286 4403 4405
f 4286 4405 4406
f 4286 4406 4407
f 4286 4407 4289
f 4286 4289 4287
f 4288 4408 4292
f 4288 4291 4408
f 4289 4407 4409
f 4289 4409 4290
f 4290 4409 4291
f 4291 4409 4410
f 4291 4410 4411
f 4291 4411 4408
f 4292 4294 4293
f 4292 4408 4411
f 4292 4411 4294
f 4294 4412 4300
f 4294 4300 4299
f 4294 4299 4295
f 4294 4411 4412
f 4296 4300 4297
f 4297 4300 4298
f 4298 4300 4413
f 4298 4413 4303
f 4300 4412 4413
f 4301 4414 4415
f 4301 4415 4416
f 4301 4416 4305
f 4303 4413 4418
f 4303 4418 4417
f 4304 4415 4414
f 4304 4417 4419
f 4304 4419 4415
f 4305 4416 4420
f 4305 4420 4421
f 4305 4421 4422
f 4305 4422 4306
f 4306 4422 4423
f 4306 4423 4307
f 4307 4423 4424
f 4307 4424 4308
f 4309 4312 4311
f 4309 4310 4425
f 4309 4425 4312
f 4310 4424 4425
f 4312 4425 4426
f 4312 4426 4427
f 4312 4427 4313
f 4313 4427 4370
f 4313 4370 4314
f 4314 4370 4369
f 4314 4369 4368
f 4317 4428 4526
f 4317 4526 4429
f 4317 4429 4430
f 4317 4430 4318
f 4318 4430 4319
f 4319 4430 4320
f 4320 4431 4432
f 4320 4432 4323
f 4320 4323 4321
f 4320 4430 4429
f 4320 4429 4431
f 4321 4323 4322
f 4323 4325 4324
f 4323 4432 4433
f 4323 4433 4434
f 4323 4434 4325
f 4325 4434 4435
f 4325 4435 4327
f 4325 4327 4326
f 4327 4435 4436
f 4327 4436 4437
f 4327 4437 4438
f 4327 4438 4328
f 4328 4438 4439
f 4328 4439 4440
f 4328 4440 4441
f 4328 4441 4329
f 4329 4441 4535
f 4329 4535 4442
f 4329 4442 4443
f 4329 4443 4365
f 4330 4335 4444
f 4330 4444 4445
f 4330 4445 4428
f 4331 4342 4332
f 4332 4446 4447
f 4332 4447 4333
f 4332 4342 4345
f 4332 4345 4446
f 4333 4447 4334
f 4334 4448 4335
f 4334 4447 4449
f 4334 4449 4450
f 4334 4450 4448
f 4335 4448 4451
f 4335 4451 4444
f 4336 4452 4453
f 4336 4454 4452
f 4339 4455 4454
f 4339 4374 4455
f 4340 4453 4452
f 4340 4452 4343
f 4340 4343 4341
f 4343 4456 4344
f 4343 4452 4457
f 4343 4457 4456
f 4344 4456 4458
f 4344 4458 4449
f 4344 4449 4446
f 4344 4446 4345
f 4346 4351 4459
f 4346 4459 4460
f 4346 4460 4461
f 4346 4461 4348
f 4346 4348 4347
f 4348 4461 4462
f 4348 4462 4463
f 4348 4463 4349
f 4349 4463 4350
f 4350 4463 4352
f 4351 4464 4459
f 4351 4353 4464
f 4352 4465 4468
f 4352 4468 4354
f 4352 4463 4465
f 4353 4466 4467
f 4353 4467 4464
f 4353 4358 4466
f 4354 4468 4558
f 4354 4558 4469
f 4354 4469 4470
f 4354 4470 4355
f 4355 4470 4357
f 4355 4357 4356
f 4357 4470 4471
f 4357 4471 4472
f 4357 4472 4367
f 4358 4473 4466
f 4358 4360 4473
f 4359 4361 4474
f 4359 4474 4475
f 4359 4475 4360
f 4360 4475 4476
f 4360 4476 4473
f 4361 4477 4474
f 4361 4362 4364
f 4361 4364 4477
f 4363 4366 4478
f 4363 4478 4364
f 4364 4478 4477
f 4365 4443 4479
f 4365 4479 4366
f 4366 4479 4478
f 4367 4472 4471
f 4371 4480 4455
f 4371 4455 4372
f 4372 4455 4374
f 4373 4374 4375
f 4376 4471 4469
f 4376 4469 4377
f 4377 4481 4482
f 4377 4482 4483
f 4377 4483 4484
f 4377 4484 4378
f 4377 4469 4558
f 4377 4558 4481
f 4378 4484 4379
f 4379 4484 4485
f 4379 4485 4381
f 4379 4381 4380
f 4381 4485 4574
f 4381 4574 4486
f 4381 4486 4382
f 4382 4486 4487
f 4382 4487 4384
f 4383 4385 4387
f 4384 4487 4385
f 4385 4488 4489
f 4385 4489 4387
f 4385 4487 4488
f 4386 4387 4390
f 4387 4489 4390
f 4388 4390 4490
f 4388 4490 4389
f 4389 4490 4391
f 4390 4489 4490
f 4391 4490 4491
f 4391 4491 4492
f 4391 4492 4392
f 4392 4493 4393
f 4392 4492 4493
f 4393 4493 4494
f 4393 4494 4495
f 4393 4495 4394
f 4394 4495 4395
f 4395 4495 4396
f 4396 4495 4496
f 4396 4496 4397
f 4397 4496 4497
f 4397 4497 4399
f 4398 4498 4400
f 4398 4399 4499
f 4398 4499 4498
f 4399 4497 4500
f 4399 4500 4499
f 4400 4498 4501
f 4400 4501 4503
f 4400 4503 4402
f 4401 4402 4502
f 4401 4502 4505
f 4401 4505 4404
f 4402 4503 4502
f 4403 4404 4504
f 4403 4504 4405
f 4404 4505 4504
f 4405 4504 4406
f 4406 4506 4409
f 4406 4409 4407
f 4406 4504 4506
f 4409 4506 4507
f 4409 4507 4508
f 4409 4508 4410
f 4410 4508 4509
f 4410 4509 4510
f 4410 4510 4511
f 4410 4511 4512
f 4410 4512 4411
f 4411 4512 4412
f 4412 4513 4413
f 4412 4512 4513
f 4413 4513 4418
f 4415 4419 4514
f 4415 4514 4515
f 4415 4515 4420
f 4415 4420 4416
f 4417 4418 4517
f 4417 4517 4419
f 4418 4513 4516
f 4418 4516 4517
f 4419 4518 4514
f 4419 4517 4519
f 4419 4519 4520
f 4419 4520 4518
f 4420 4515 4421
f 4421 4521 4426
f 4421 4426 4522
f 4421 4522 4523
f 4421 4523 4423
f 4421 4423 4422
f 4421 4515 4524
f 4421 4524 4525
f 4421 4525 4521
f 4423 4523 4424
f 4424 4523 4425
f 4425 4523 4426
f 4426 4523 4522
f 4426 4521 4525
f 4426 4525 4427
f 4428 4445 4526
f 4429 4526 4431
f 4431 4527 4432
f 4431 4526 4528
f 4431 4528 4537
f 4431 4537 4527
f 4432 4527 4529
f 4432 4529 4530
f 4432 4530 4433
f 4433 4530 4531
f 4433 4531 4532
f 4433 4532 4533
f 4433 4533 4434
f 4434 4533 4436
f 4434 4436 4435
f 4436 4533 4534
f 4436 4534 4439
f 4436 4439 4437
f 4437 4439 4438
f 4439 4534 4615
f 4439 4615 4535
f 4439 4535 4440
f 4440 4535 4441
f 4442 4535 4479
f 4442 4479 4443
f 4444 4451 4528
f 4444 4528 4526
f 4444 4526 4445
f 4446 4449 4447
f 4448 4450 4536
f 4448 4536 4537
f 4448 4537 4451
f 4449 4458 4456
f 4449 4456 4538
f 4449 4538 4539
f 4449 4539 4540
f 4449 4540 4450
f 4450 4540 4541
f 4450 4541 4542
f 4450 4542 4536
f 4451 4537 4528
f 4452 4454 4543
f 4452 4543 4544
f 4452 4544 4457
f 4454 4455 4480
f 4454 4480 4543
f 4456 4539 4538
f 4456 4457 4541
f 4456 4541 4539
f 4459 4464 4467
f 4459 4467 4545
f 4459 4545 4546
f 4459 4546 4460
f 4460 4547 4548
f 4460 4548 4549
f 4460 4549 4462
f 4460 4462 4461
f 4460 4546 4550
f 4460 4550 4547
f 4462 4551 4463
f 4462 4549 4552
f 4462 4552 4465
f 4462 4465 4551
f 4463 4551 4465
f 4465 4553 4557
f 4465 4557 4468
f 4465 4552 4553
f 4466 4473 4554
f 4466 4554 4467
f 4467 4554 4555
f 4467 4555 4556
f 4467 4556 4545
f 4468 4557 4558
f 4469 4471 4470
f 4473 4476 4554
f 4474 4559 4560
f 4474 4560 4561
f 4474 4561 4562
f 4474 4562 4476
f 4474 4476 4475
f 4474 4477 4559
f 4476 4562 4563
f 4476 4563 4564
f 4476 4564 4554
f 4477 4565 4566
f 4477 4566 4559
f 4477 4478 4565
f 4478 4479 4567
f 4478 4567 4565
f 4479 4535 4568
f 4479 4568 4569
f 4479 4569 4567
f 4480 4544 4543
f 4481 4570 4571
f 4481 4571 4572
f 4481 4572 4573
f 4481 4573 4482
f 4481 4558 4632
f 4481 4632 4570
f 4482 4573 4483
f 4483 4573 4575
f 4483 4575 4574
f 4483 4574 4485
f 4483 4485 4484
f 4486 4574 4575
f 4486 4575 4487
f 4487 4575 4576
f 4487 4576 4488
f 4488 4577 4489
f 4488 4576 4577
f 4489 4578 4580
f 4489 4580 4490
f 4489 4577 4579
f 4489 4579 4578
f 4490 4580 4492
f 4490 4492 4491
f 4492 4581 4493
f 4492 4580 4582
f 4492 4582 4583
f 4492 4583 4581
f 4493 4584 4494
f 4493 4581 4584
f 4494 4585 4495
f 4494 4584 4586
f 4494 4586 4587
f 4494 4587 4585
f 4495 4585 4497
f 4495 4497 4496
f 4497 4587 4500
f 4497 4585 4587
f 4498 4499 4501
f 4499 4500 4588
f 4499 4588 4589
f 4499 4589 4501
f 4500 4587 4588
f 4501 4589 4590
f 4501 4590 4503
f 4502 4503 4591
f 4502 4591 4505
f 4503 4590 4591
f 4504 4592 4507
f 4504 4507 4506
f 4504 4505 4593
f 4504 4593 4592
f 4505 4591 4594
f 4505 4594 4593
f 4507 4595 4509
f 4507 4509 4508
f 4507 4592 4596
f 4507 4596 4595
f 4509 4595 4599
f 4509 4599 4510
f 4510 4597 4598
f 4510 4598 4511
f 4510 4599 4600
f 4510 4600 4597
f 4511 4598 4512
f 4512 4601 4602
f 4512 4602 4513
f 4512 4598 4601
f 4513 4602 4516
f 4514 4518 4515
f 4515 4518 4525
f 4515 4525 4524
f 4516 4603 4517
f 4516 4602 4601
f 4516 4601 4604
f 4516 4604 4605
f 4516 4605 4603
f 4517 4603 4519
f 4518 4520 4606
f 4518 4606 4525
f 4519 4603 4605
f 4519 4605 4607
f 4527 4608 4529
f 4527 4537 4608
f 4529 4608 4609
f 4529 4609 4610
f 4529 4610 4530
f 4530 4610 4611
f 4530 4611 4531
f 4531 4611 4670
f 4531 4670 4612
f 4531 4612 4613
f 4531 4613 4532
f 4532 4613 4533
f 4533 4613 4534
f 4534 4613 4614
f 4534 4614 4615
f 4535 4615 4568
f 4536 4542 4537
f 4537 4542 4616
f 4537 4616 4609
f 4537 4609 4608
f 4539 4541 4540
f 4541 4617 4542
f 4542 4617 4616
f 4545 4556 4618
f 4545 4618 4546
f 4546 4618 4550
f 4547 4619 4621
f 4547 4621 4548
f 4547 4550 4619
f 4548 4620 4552
f 4548 4552 4549
f 4548 4621 4622
f 4548 4622 4620
f 4550 4618 4623
f 4550 4623 4624
f 4550 4624 4619
f 4552 4620 4553
f 4553 4622 4628
f 4553 4628 4557
f 4553 4620 4622
f 4554 4564 4555
f 4555 4625 4556
f 4555 4564 4563
f 4555 4563 4626
f 4555 4626 4625
f 4556 4625 4627
f 4556 4627 4618
f 4557 4628 4629
f 4557 4629 4630
f 4557 4630 4558
f 4558 4630 4631
f 4558 4631 4632
f 4559 4566 4560
f 4560 4633 4686
f 4560 4686 4634
f 4560 4634 4561
f 4560 4566 4633
f 4561 4634 4563
f 4561 4563 4562
f 4563 4634 4635
f 4563 4635 4626
f 4565 4567 4566
f 4566 4636 4633
f 4566 4567 4569
f 4566 4569 4636
f 4568 4637 4569
f 4568 4615 4638
f 4568 4638 4637
f 4569 4637 4639
f 4569 4639 4640
f 4569 4640 4636
f 4570 4641 4572
f 4570 4572 4571
f 4570 4632 4683
f 4570 4683 4641
f 4572 4641 4573
f 4573 4642 4643
f 4573 4643 4575
f 4573 4641 4642
f 4575 4643 4576
f 4576 4643 4577
f 4577 4644 4647
f 4577 4647 4579
f 4577 4643 4645
f 4577 4645 4644
f 4578 4646 4582
f 4578 4582 4580
f 4578 4579 4647
f 4578 4647 4646
f 4581 4648 4584
f 4581 4583 4649
f 4581 4649 4648
f 4582 4650 4649
f 4582 4649 4583
f 4582 4646 4696
f 4582 4696 4650
f 4584 4651 4586
f 4584 4648 4651
f 4586 4652 4653
f 4586 4653 4587
f 4586 4651 4652
f 4587 4653 4588
f 4588 4654 4590
f 4588 4590 4589
f 4588 4653 4654
f 4590 4655 4591
f 4590 4654 4655
f 4591 4655 4594
f 4592 4593 4656
f 4592 4656 4596
f 4593 4594 4657
f 4593 4657 4656
f 4594 4655 4658
f 4594 4658 4657
f 4595 4596 4659
f 4595 4659 4599
f 4596 4656 4659
f 4597 4600 4660
f 4597 4660 4661
f 4597 4661 4662
f 4597 4662 4663
f 4597 4663 4598
f 4598 4663 4604
f 4598 4604 4601
f 4599 4659 4664
f 4599 4664 4600
f 4600 4664 4665
f 4600 4665 4660
f 4604 4663 4605
f 4605 4663 4666
f 4605 4666 4607
f 4609 4616 4667
f 4609 4667 4610
f 4610 4667 4611
f 4611 4668 4669
f 4611 4669 4670
f 4611 4667 4668
f 4612 4671 4614
f 4612 4614 4613
f 4612 4670 4671
f 4614 4671 4672
f 4614 4672 4638
f 4614 4638 4615
f 4618 4627 4623
f 4619 4673 4674
f 4619 4674 4621
f 4619 4624 4680
f 4619 4680 4673
f 4621 4674 4675
f 4621 4675 4676
f 4621 4676 4677
f 4621 4677 4622
f 4622 4677 4678
f 4622 4678 4628
f 4623 4679 4680
f 4623 4680 4624
f 4623 4627 4679
f 4625 4626 4635
f 4625 4635 4687
f 4625 4687 4681
f 4625 4681 4682
f 4625 4682 4627
f 4627 4682 4679
f 4628 4678 4629
f 4629 4683 4632
f 4629 4632 4630
f 4629 4678 4683
f 4630 4632 4631
f 4633 4684 4685
f 4633 4685 4686
f 4633 4636 4684
f 4634 4686 4687
f 4634 4687 4635
f 4636 4640 4684
f 4637 4688 4689
f 4637 4689 4639
f 4637 4638 4672
f 4637 4672 4688
f 4639 4689 4690
f 4639 4690 4691
f 4639 4691 4640
f 4640 4691 4684
f 4641 4692 4693
f 4641 4693 4642
f 4641 4683 4692
f 4642 4693 4694
f 4642 4694 4643
f 4643 4694 4645
f 4644 4645 4694
f 4644 4694 4695
f 4644 4695 4647
f 4646 4647 4697
f 4646 4697 4696
f 4647 4695 4697
f 4648 4698 4651
f 4648 4649 4699
f 4648 4699 4698
f 4649 4650 4700
f 4649 4700 4699
f 4650 4696 4745
f 4650 4745 4700
f 4651 4701 4652
f 4651 4698 4702
f 4651 4702 4701
f 4652 4703 4704
f 4652 4704 4653
f 4652 4701 4703
f 4653 4704 4654
f 4654 4705 4655
f 4654 4704 4705
f 4655 4705 4706
f 4655 4706 4707
f 4655 4707 4658
f 4656 4708 4664
f 4656 4664 4659
f 4656 4657 4709
f 4656 4709 4708
f 4657 4658 4710
f 4657 4710 4709
f 4658 4707 4711
f 4658 4711 4712
f 4658 4712 4710
f 4662 4713 4663
f 4663 4713 4666
f 4664 4708 4714
f 4664 4714 4665
f 4668 4715 4669
f 4669 4715 4716
f 4669 4716 4670
f 4670 4716 4671
f 4671 4716 4717
f 4671 4717 4672
f 4672 4717 4733
f 4672 4733 4688
f 4673 4718 4719
f 4673 4719 4720
f 4673 4720 4674
f 4673 4680 4718
f 4674 4720 4675
f 4675 4720 4721
f 4675 4721 4722
f 4675 4722 4676
f 4676 4722 4677
f 4677 4722 4678
f 4678 4722 4723
f 4678 4723 4724
f 4678 4724 4692
f 4678 4692 4683
f 4679 4725 4726
f 4679 4726 4727
f 4679 4727 4680
f 4679 4682 4725
f 4680 4727 4718
f 4681 4728 4729
f 4681 4729 4730
f 4681 4730 4682
f 4681 4687 4728
f 4682 4730 4725
f 4684 4691 4731
f 4684 4731 4685
f 4685 4731 4732
f 4685 4732 4686
f 4686 4732 4687
f 4687 4732 4728
f 4688 4733 4776
f 4688 4776 4734
f 4688 4734 4689
f 4689 4734 4690
f 4690 4735 4736
f 4690 4736 4737
f 4690 4737 4738
f 4690 4738 4731
f 4690 4731 4691
f 4690 4734 4735
f 4692 4739 4740
f 4692 4740 4741
f 4692 4741 4693
f 4692 4724 4739
f 4693 4741 4694
f 4694 4741 4742
f 4694 4742 4695
f 4695 4742 4743
f 4695 4743 4744
f 4695 4744 4697
f 4696 4697 4744
f 4696 4744 4745
f 4698 4699 4702
f 4699 4746 4702
f 4699 4700 4747
f 4699 4747 4748
f 4699 4748 4746
f 4700 4745 4749
f 4700 4749 4747
f 4701 4750 4751
f 4701 4751 4703
f 4701 4702 4746
f 4701 4746 4752
f 4701 4752 4750
f 4703 4751 4704
f 4704 4753 4705
f 4704 4751 4753
f 4705 4753 4706
f 4706 4753 4707
f 4707 4753 4754
f 4707 4754 4755
f 4707 4755 4711
f 4708 4709 4756
f 4708 4756 4714
f 4709 4710 4756
f 4710 4712 4756
f 4711 4755 4712
f 4715 4757 4716
f 4716 4757 4758
f 4716 4758 4759
f 4716 4759 4717
f 4717 4759 4775
f 4717 4775 4733
f 4718 4760 4761
f 4718 4761 4719
f 4718 4727 4726
f 4718 4726 4771
f 4718 4771 4760
f 4719 4761 4762
f 4719 4762 4763
f 4719 4763 4764
f 4719 4764 4720
f 4720 4764 4721
f 4721 4763 4722
f 4721 4764 4763
f 4722 4763 4765
f 4722 4765 4766
f 4722 4766 4767
f 4722 4767 4768
f 4722 4768 4724
f 4722 4724 4769
f 4722 4769 4723
f 4723 4769 4724
f 4725 4770 4771
f 4725 4771 4726
f 4725 4730 4729
f 4725 4729 4773
f 4725 4773 4770
f 4728 4772 4773
f 4728 4773 4729
f 4728 4732 4772
f 4731 4738 4732
f 4732 4774 4772
f 4732 4738 4774
f 4733 4775 4776
f 4734 4776 4777
f 4734 4777 4735
f 4735 4777 4736
f 4736 4778 4779
f 4736 4779 4774
f 4736 4774 4737
f 4736 4777 4780
f 4736 4780 4778
f 4737 4774 4738
f 4741 4781 4742
f 4742 4781 4782
f 4742 4782 4743
f 4743 4782 4744
f 4744 4782 4783
f 4744 4783 4745
f 4745 4783 4749
f 4747 4749 4784
f 4747 4784 4785
f 4747 4785 4748
f 4749 4783 4786
f 4749 4786 4787
f 4749 4787 4784
f 4750 4788 4751
f 4751 4788 4753
f 4753 4788 4754
f 4754 4788 4755
f 4758 4789 4759
f 4759 4789 4798
f 4759 4798 4775
f 4760 4790 4791
f 4760 4791 4761
f 4760 4771 4790
f 4761 4791 4792
f 4761 4792 4762
f 4770 4793 4794
f 4770 4794 4790
f 4770 4790 4771
f 4770 4773 4793
f 4772 4795 4796
f 4772 4796 4797
f 4772 4797 4773
f 4772 4774 4795
f 4773 4797 4793
f 4774 4779 4795
f 4775 4798 4799
f 4775 4799 4800
f 4775 4800 4776
f 4776 4800 4780
f 4776 4780 4777
f 4793 4797 4796
f 4793 4796 4801
f 4795 4802 4796
f 4796 4802 4801

o geometry_3
v 0.04084948 -0.01604453 -0.02248236 0.38039216 0.78823529 0.52549020
v 0.04084152 -0.01604453 -0.03376588 0.38039216 0.78823529 0.52549020
v 0.04081765 -0.01604453 -0.02210404 0.38039216 0.78823529 0.52549020
v 0.04069828 -0.01664534 -0.02161968 0.38039216 0.78823529 0.52549020
v 0.04073011 -0.01682717 -0.02248236 0.38039216 0.78823529 0.52549020
v 0.04073011 -0.01681136 -0.03376588 0.38039216 0.78823529 0.52549020
v -0.04043052 -0.01604453 -0.03376588 0.38039216 0.78823529 0.52549020
v 0.04073807 -0.01604453 -0.02154517 0.38039216 0.78823529 0.52549020
v 0.03932160 -0.02257447 -0.02026692 0.38039216 0.78823529 0.52549020
v 0.03924202 -0.02331759 -0.02036150 0.38039216 0.78823529 0.52549020
v 0.03975927 -0.02117519 -0.02108087 0.38039216 0.78823529 0.52549020
v 0.04045955 -0.01836874 -0.02248236 0.38039216 0.78823529 0.52549020
v 0.03313846 -0.01604453 -0.00448661 0.38039216 0.78823529 0.52549020
v 0.04060279 -0.01751495 -0.03376588 0.38039216 0.78823529 0.52549020
v -0.04029523 -0.01696947 -0.03376588 0.38039216 0.78823529 0.52549020
v -0.04043847 -0.01604453 -0.03276851 0.38039216 0.78823529 0.52549020
v 0.03925794 -0.02335711 -0.02108087 0.38039216 0.78823529 0.52549020
v 0.03945688 -0.02257447 -0.02108087 0.38039216 0.78823529 0.52549020
v 0.04018103 -0.01976802 -0.02248236 0.38039216 0.78823529 0.52549020
v 0.02004008 -0.08983446 -0.00448661 0.38039216 0.78823529 0.52549020
v 0.01982522 -0.09079893 -0.00448661 0.38039216 0.78823529 0.52549020
v 0.01977748 -0.09098866 -0.00448661 0.38039216 0.78823529 0.52549020
v 0.04044364 -0.01832922 -0.03376588 0.38039216 0.78823529 0.52549020
v 0.04017307 -0.01970477 -0.03376588 0.38039216 0.78823529 0.52549020
v -0.03313330 -0.01604453 -0.00448661 0.38039216 0.78823529 0.52549020
v -0.04030319 -0.01696947 -0.02528532 0.38039216 0.78823529 0.52549020
v -0.04005650 -0.01836874 -0.03376588 0.38039216 0.78823529 0.52549020
v -0.04044643 -0.01604453 -0.02248236 0.38039216 0.78823529 0.52549020
v 0.03948871 -0.02257447 -0.02248236 0.38039216 0.78823529 0.52549020
v 0.03985476 -0.02117519 -0.02248236 0.38039216 0.78823529 0.52549020
v 0.01974565 -0.09224563 -0.01687928 0.38039216 0.78823529 0.52549020
v 0.01976156 -0.09230888 -0.01828077 0.38039216 0.78823529 0.52549020
v 0.01986501 -0.09264090 -0.02668681 0.38039216 0.78823529 0.52549020
v 0.03985476 -0.02117519 -0.03376588 0.38039216 0.78823529 0.52549020
v 0.03987068 -0.02110405 -0.03376588 0.38039216 0.78823529 0.52549020
v 0.04016512 -0.01976802 -0.03089126 0.38039216 0.78823529 0.52549020
v 0.01973769 -0.09109933 -0.00448661 0.38039216 0.78823529 0.52549020
v 0.01961036 -0.09193732 -0.00918402 0.38039216 0.78823529 0.52549020
v 0.01965015 -0.09201637 -0.01127335 0.38039216 0.78823529 0.52549020
v -0.03986551 -0.01696947 -0.02108087 0.38039216 0.78823529 0.52549020
v -0.03978594 -0.01836874 -0.02108087 0.38039216 0.78823529 0.52549020
v -0.03935622 -0.01976802 -0.02027265 0.38039216 0.78823529 0.52549020
v -0.03930052 -0.02081945 -0.02032138 0.38039216 0.78823529 0.52549020
v -0.01958133 -0.09022973 -0.00448661 0.38039216 0.78823529 0.52549020
v -0.04030319 -0.01696947 -0.02248236 0.38039216 0.78823529 0.52549020
v -0.03976207 -0.01976802 -0.03376588 0.38039216 0.78823529 0.52549020
v -0.03977798 -0.01976802 -0.02248236 0.38039216 0.78823529 0.52549020
v -0.04005650 -0.01836874 -0.02248236 0.38039216 0.78823529 0.52549020
v -0.03961883 -0.01976802 -0.02108087 0.38039216 0.78823529 0.52549020
v 0.03948871 -0.02257447 -0.02528532 0.38039216 0.78823529 0.52549020
v 0.01964220 -0.09339983 -0.02668681 0.38039216 0.78823529 0.52549020
v 0.01964220 -0.09339983 -0.02750362 0.38039216 0.78823529 0.52549020
v 0.03950463 -0.02250332 -0.03376588 0.38039216 0.78823529 0.52549020
v 0.01949896 -0.09169225 -0.00448661 0.38039216 0.78823529 0.52549020
v 0.01957058 -0.09182664 -0.00706889 0.38039216 0.78823529 0.52549020
v 0.01956262 -0.09321010 -0.02248236 0.38039216 0.78823529 0.52549020
v 0.01960241 -0.09332868 -0.02472072 0.38039216 0.78823529 0.52549020
v -0.03922095 -0.02176020 -0.02063950 0.38039216 0.78823529 0.52549020
v -0.01962112 -0.09050642 -0.00796309 0.38039216 0.78823529 0.52549020
v -0.01931077 -0.09124163 -0.00566741 0.38039216 0.78823529 0.52549020
v -0.01926302 -0.09124163 -0.00448661 0.38039216 0.78823529 0.52549020
v -0.03907770 -0.02246379 -0.02109807 0.38039216 0.78823529 0.52549020
v -0.03926073 -0.02192622 -0.02157383 0.38039216 0.78823529 0.52549020
v -0.03974615 -0.01983917 -0.03376588 0.38039216 0.78823529 0.52549020
v -0.03945967 -0.02117519 -0.02248236 0.38039216 0.78823529 0.52549020
v -0.03936418 -0.02124634 -0.02109807 0.38039216 0.78823529 0.52549020
v -0.03945967 -0.02117519 -0.02388384 0.38039216 0.78823529 0.52549020
v 0.01922044 -0.09410342 -0.02668681 0.38039216 0.78823529 0.52549020
v 0.01933185 -0.09312314 -0.02843795 0.38039216 0.78823529 0.52549020
v 0.01971382 -0.09218238 -0.02891371 0.38039216 0.78823529 0.52549020
v 0.01977748 -0.09264881 -0.02801664 0.38039216 0.78823529 0.52549020
v 0.03925794 -0.02335711 -0.03376588 0.38039216 0.78823529 0.52549020
v 0.01852016 -0.09505999 -0.02668681 0.38039216 0.78823529 0.52549020
v 0.01843262 -0.09496512 -0.02765552 0.38039216 0.78823529 0.52549020
v 0.01894988 -0.09264090 -0.00566741 0.38039216 0.78823529 0.52549020
v 0.01887030 -0.09264090 -0.00448661 0.38039216 0.78823529 0.52549020
v 0.01945121 -0.09301246 -0.01828077 0.38039216 0.78823529 0.52549020
v 0.01949100 -0.09307571 -0.01967939 0.38039216 0.78823529 0.52549020
v 0.01953079 -0.09313895 -0.02108087 0.38039216 0.78823529 0.52549020
v 0.01911699 -0.09264090 -0.00847038 0.38039216 0.78823529 0.52549020
v 0.01923635 -0.09271205 -0.01127335 0.38039216 0.78823529 0.52549020
v -0.01962112 -0.09191360 -0.02329917 0.38039216 0.78823529 0.52549020
v -0.01944605 -0.09110724 -0.00844745 0.38039216 0.78823529 0.52549020
v -0.01935851 -0.09124163 -0.00706889 0.38039216 0.78823529 0.52549020
v -0.01930281 -0.09264090 -0.02108087 0.38039216 0.78823529 0.52549020
v -0.01924711 -0.09264090 -0.01967939 0.38039216 0.78823529 0.52549020
v -0.01902429 -0.09264090 -0.01407632 0.38039216 0.78823529 0.52549020
v -0.01915957 -0.09144718 -0.00448661 0.38039216 0.78823529 0.52549020
v -0.01896063 -0.09264090 -0.01267483 0.38039216 0.78823529 0.52549020
v -0.03926073 -0.02194993 -0.02248236 0.38039216 0.78823529 0.52549020
v -0.03906975 -0.02264562 -0.02248236 0.38039216 0.78823529 0.52549020
v -0.01945401 -0.09271205 -0.02668681 0.38039216 0.78823529 0.52549020
v -0.01962907 -0.09196103 -0.02423349 0.38039216 0.78823529 0.52549020
v -0.03944376 -0.02117519 -0.03376588 0.38039216 0.78823529 0.52549020
v -0.03926073 -0.02194203 -0.03376588 0.38039216 0.78823529 0.52549020
v -0.03926073 -0.02194993 -0.02388384 0.38039216 0.78823529 0.52549020
v 0.01901354 -0.09404018 -0.02248236 0.38039216 0.78823529 0.52549020
v 0.01840079 -0.09347889 -0.02885065 0.38039216 0.78823529 0.52549020
v 0.01888621 -0.09264881 -0.02904268 0.38039216 0.78823529 0.52549020
v 0.01963424 -0.08920992 -0.03021775 0.38039216 0.78823529 0.52549020
v 0.03862928 -0.02530977 -0.03376588 0.38039216 0.78823529 0.52549020
v 0.03904308 -0.02406070 -0.03376588 0.38039216 0.78823529 0.52549020
v 0.01892600 -0.09404018 -0.02108087 0.38039216 0.78823529 0.52549020
v 0.01841671 -0.09494931 -0.02388384 0.38039216 0.78823529 0.52549020
v 0.01758115 -0.09570824 -0.02528532 0.38039216 0.78823529 0.52549020
v 0.01762094 -0.09575567 -0.02668681 0.38039216 0.78823529 0.52549020
v 0.01687292 -0.09617466 -0.02742911 0.38039216 0.78823529 0.52549020
v 0.01740608 -0.09543945 -0.02777876 0.38039216 0.78823529 0.52549020
v 0.01853608 -0.09368443 -0.01127335 0.38039216 0.78823529 0.52549020
v 0.01837692 -0.09328125 -0.00448661 0.38039216 0.78823529 0.52549020
v -0.01943809 -0.09251442 -0.02381506 0.38039216 0.78823529 0.52549020
v -0.01935055 -0.09264090 -0.02248236 0.38039216 0.78823529 0.52549020
v -0.01886514 -0.09404018 -0.02668681 0.38039216 0.78823529 0.52549020
v -0.01888901 -0.09264090 -0.01127335 0.38039216 0.78823529 0.52549020
v -0.01861049 -0.09249070 -0.00448661 0.38039216 0.78823529 0.52549020
v -0.03907770 -0.02263771 -0.03089126 0.38039216 0.78823529 0.52549020
v -0.01963703 -0.09200056 -0.02758387 0.38039216 0.78823529 0.52549020
v -0.03907770 -0.02263771 -0.03229274 0.38039216 0.78823529 0.52549020
v -0.03908566 -0.02260609 -0.03376588 0.38039216 0.78823529 0.52549020
v 0.01750953 -0.09426153 -0.02854686 0.38039216 0.78823529 0.52549020
v 0.01750953 -0.09356585 -0.02887931 0.38039216 0.78823529 0.52549020
v 0.01750953 -0.09264090 -0.02923757 0.38039216 0.78823529 0.52549020
v 0.01750953 -0.09124163 -0.02976778 0.38039216 0.78823529 0.52549020
v 0.01750953 -0.09031669 -0.03011170 0.38039216 0.78823529 0.52549020
v 0.01891009 -0.08943127 -0.03029800 0.38039216 0.78823529 0.52549020
v 0.01891009 -0.08534413 -0.03173387 0.38039216 0.78823529 0.52549020
v 0.01966607 -0.08510696 -0.03164789 0.38039216 0.78823529 0.52549020
v 0.01967403 -0.08094076 -0.03305797 0.38039216 0.78823529 0.52549020
v 0.01953875 -0.07817384 -0.03376588 0.38039216 0.78823529 0.52549020
v 0.01836101 -0.09489397 -0.02248236 0.38039216 0.78823529 0.52549020
v 0.01830530 -0.09483073 -0.02108087 0.38039216 0.78823529 0.52549020
v 0.01820981 -0.09474377 -0.01898868 0.38039216 0.78823529 0.52549020
v 0.01817002 -0.09471215 -0.01828077 0.38039216 0.78823529 0.52549020
v 0.01809044 -0.09464890 -0.01687928 0.38039216 0.78823529 0.52549020
v 0.01688087 -0.09618257 -0.02528532 0.38039216 0.78823529 0.52549020
v 0.01692066 -0.09620628 -0.02668681 0.38039216 0.78823529 0.52549020
v 0.01610897 -0.09646716 -0.02668681 0.38039216 0.78823529 0.52549020
v 0.01470842 -0.09671224 -0.02668681 0.38039216 0.78823529 0.52549020
v 0.01610897 -0.09627743 -0.02752655 0.38039216 0.78823529 0.52549020
v 0.01827347 -0.09340774 -0.00448661 0.38039216 0.78823529 0.52549020
v -0.01833993 -0.09487026 -0.02668681 0.38039216 0.78823529 0.52549020
v -0.01879352 -0.09404018 -0.02528532 0.38039216 0.78823529 0.52549020
v -0.01932668 -0.09253813 -0.02806536 0.38039216 0.78823529 0.52549020
v -0.01831605 -0.09483863 -0.02753228 0.38039216 0.78823529 0.52549020
v -0.01864232 -0.09254604 -0.00566741 0.38039216 0.78823529 0.52549020
v -0.01839563 -0.09354213 -0.01267483 0.38039216 0.78823529 0.52549020
v -0.01830014 -0.09343146 -0.00987186 0.38039216 0.78823529 0.52549020
v -0.01822056 -0.09333659 -0.00780546 0.38039216 0.78823529 0.52549020
v -0.01813303 -0.09324172 -0.00566741 0.38039216 0.78823529 0.52549020
v -0.01807732 -0.09319429 -0.00448661 0.38039216 0.78823529 0.52549020
v -0.01958929 -0.09177130 -0.02851820 0.38039216 0.78823529 0.52549020
v -0.03866391 -0.02397374 -0.03376588 0.38039216 0.78823529 0.52549020
v 0.01610897 -0.09543945 -0.02804530 0.38039216 0.78823529 0.52549020
v 0.01470842 -0.09543945 -0.02812842 0.38039216 0.78823529 0.52549020
v 0.01610897 -0.09426944 -0.02860418 0.38039216 0.78823529 0.52549020
v -0.01471917 -0.09357375 -0.02887931 0.38039216 0.78823529 0.52549020
v -0.01752028 -0.09264090 -0.02923757 0.38039216 0.78823529 0.52549020
v -0.01752028 -0.09124163 -0.02976778 0.38039216 0.78823529 0.52549020
v 0.01750953 -0.08961310 -0.03036391 0.38039216 0.78823529 0.52549020
v -0.01752028 -0.09031669 -0.03011170 0.38039216 0.78823529 0.52549020
v 0.01750953 -0.08843518 -0.03077949 0.38039216 0.78823529 0.52549020
v 0.01891009 -0.08120165 -0.03315255 0.38039216 0.78823529 0.52549020
v 0.01750953 -0.08283018 -0.03271118 0.38039216 0.78823529 0.52549020
v 0.01750953 -0.07976285 -0.03376588 0.38039216 0.78823529 0.52549020
v 0.01884643 -0.07932014 -0.03376588 0.38039216 0.78823529 0.52549020
v 0.01910107 -0.07898811 -0.03376588 0.38039216 0.78823529 0.52549020
v 0.01721510 -0.09499674 -0.01407632 0.38039216 0.78823529 0.52549020
v 0.01682517 -0.09615095 -0.02448857 0.38039216 0.78823529 0.52549020
v 0.01610897 -0.09645926 -0.02528532 0.38039216 0.78823529 0.52549020
v 0.01470842 -0.09674386 -0.02528532 0.38039216 0.78823529 0.52549020
v 0.01329991 -0.09679129 -0.02528532 0.38039216 0.78823529 0.52549020
v 0.01329991 -0.09675177 -0.02668681 0.38039216 0.78823529 0.52549020
v 0.01470842 -0.09638021 -0.02761253 0.38039216 0.78823529 0.52549020
v 0.01750953 -0.09392950 -0.00448661 0.38039216 0.78823529 0.52549020
v -0.01752028 -0.09552641 -0.02668681 0.38039216 0.78823529 0.52549020
v -0.01752028 -0.09545526 -0.02528532 0.38039216 0.78823529 0.52549020
v -0.01829218 -0.09481492 -0.02528532 0.38039216 0.78823529 0.52549020
v -0.01856274 -0.09396903 -0.02803670 0.38039216 0.78823529 0.52549020
v -0.01833197 -0.09345517 -0.02884779 0.38039216 0.78823529 0.52549020
v -0.01752028 -0.09514695 -0.02775583 0.38039216 0.78823529 0.52549020
v -0.01580142 -0.09626953 -0.02751796 0.38039216 0.78823529 0.52549020
v -0.01672451 -0.09610351 -0.02668681 0.38039216 0.78823529 0.52549020
v -0.01825239 -0.09477539 -0.02424209 0.38039216 0.78823529 0.52549020
v -0.01821260 -0.09472795 -0.02330777 0.38039216 0.78823529 0.52549020
v -0.01817281 -0.09468843 -0.02248236 0.38039216 0.78823529 0.52549020
v -0.01803753 -0.09455404 -0.01967939 0.38039216 0.78823529 0.52549020
v -0.01725768 -0.09505999 -0.01828077 0.38039216 0.78823529 0.52549020
v -0.01737705 -0.09375558 -0.00448661 0.38039216 0.78823529 0.52549020
v -0.03818644 -0.02542045 -0.03376588 0.38039216 0.78823529 0.52549020
v -0.01966091 -0.09083054 -0.02885925 0.38039216 0.78823529 0.52549020
v -0.01862640 -0.09264090 -0.02901402 0.38039216 0.78823529 0.52549020
v 0.01329991 -0.09639602 -0.02761827 0.38039216 0.78823529 0.52549020
v 0.01329991 -0.09543945 -0.02813701 0.38039216 0.78823529 0.52549020
v -0.01611973 -0.09426944 -0.02860704 0.38039216 0.78823529 0.52549020
v -0.01611973 -0.09357375 -0.02887931 0.38039216 0.78823529 0.52549020
v -0.01752028 -0.09354213 -0.02887931 0.38039216 0.78823529 0.52549020
v -0.01752028 -0.08961310 -0.03036391 0.38039216 0.78823529 0.52549020
v -0.01849112 -0.08945499 -0.03030659 0.38039216 0.78823529 0.52549020
v -0.01752028 -0.08843518 -0.03077949 0.38039216 0.78823529 0.52549020
v -0.01752028 -0.08703591 -0.03126384 0.38039216 0.78823529 0.52549020
v 0.01837692 -0.07949406 -0.03376588 0.38039216 0.78823529 0.52549020
v -0.01752028 -0.08136767 -0.03321560 0.38039216 0.78823529 0.52549020
v -0.01752028 -0.07975494 -0.03376588 0.38039216 0.78823529 0.52549020
v 0.01702411 -0.09487026 -0.01127335 0.38039216 0.78823529 0.52549020
v 0.01684904 -0.09476748 -0.00888595 0.38039216 0.78823529 0.52549020
v 0.01676151 -0.09472795 -0.00795163 0.38039216 0.78823529 0.52549020
v 0.01671376 -0.09611142 -0.02355425 0.38039216 0.78823529 0.52549020
v 0.01569518 -0.09623790 -0.02108087 0.38039216 0.78823529 0.52549020
v 0.01539278 -0.09614304 -0.01899154 0.38039216 0.78823529 0.52549020
v 0.01470842 -0.09662527 -0.02388384 0.38039216 0.78823529 0.52549020
v 0.01329991 -0.09667271 -0.02388384 0.38039216 0.78823529 0.52549020
v -0.01331862 -0.09679129 -0.02528532 0.38039216 0.78823529 0.52549020
v -0.01331862 -0.09675177 -0.02668681 0.38039216 0.78823529 0.52549020
v 0.01734242 -0.09402437 -0.00448661 0.38039216 0.78823529 0.52549020
v -0.01667677 -0.09607980 -0.02528532 0.38039216 0.78823529 0.52549020
v -0.01471917 -0.09543945 -0.02811695 0.38039216 0.78823529 0.52549020
v -0.01471917 -0.09636439 -0.02760107 0.38039216 0.78823529 0.52549020
v -0.01621522 -0.09556594 -0.02787907 0.38039216 0.78823529 0.52549020
v -0.01602424 -0.09636439 -0.02668681 0.38039216 0.78823529 0.52549020
v -0.01471917 -0.09666480 -0.02668681 0.38039216 0.78823529 0.52549020
v -0.01597649 -0.09636439 -0.02528532 0.38039216 0.78823529 0.52549020
v -0.01709853 -0.09493350 -0.01547780 0.38039216 0.78823529 0.52549020
v -0.01692346 -0.09481492 -0.01267483 0.38039216 0.78823529 0.52549020
v -0.01685979 -0.09476748 -0.01167746 0.38039216 0.78823529 0.52549020
v -0.01678817 -0.09472795 -0.01074313 0.38039216 0.78823529 0.52549020
v -0.01658127 -0.09462519 -0.00847038 0.38039216 0.78823529 0.52549020
v -0.01643804 -0.09456985 -0.00706889 0.38039216 0.78823529 0.52549020
v -0.01629480 -0.09450660 -0.00566741 0.38039216 0.78823529 0.52549020
v -0.01607198 -0.09449870 -0.00448661 0.38039216 0.78823529 0.52549020
v -0.03789997 -0.02623471 -0.03376588 0.38039216 0.78823529 0.52549020
v -0.01962907 -0.08774740 -0.03019482 0.38039216 0.78823529 0.52549020
v -0.01331862 -0.09639602 -0.02761827 0.38039216 0.78823529 0.52549020
v -0.01331862 -0.09543945 -0.02813701 0.38039216 0.78823529 0.52549020
v -0.01853091 -0.08531251 -0.03172527 0.38039216 0.78823529 0.52549020
v -0.01894471 -0.08830079 -0.03042983 0.38039216 0.78823529 0.52549020
v -0.01856274 -0.08115422 -0.03314109 0.38039216 0.78823529 0.52549020
v -0.01880147 -0.07861655 -0.03376588 0.38039216 0.78823529 0.52549020
v 0.01657848 -0.09606399 -0.02248236 0.38039216 0.78823529 0.52549020
v 0.01629996 -0.09456985 -0.00448661 0.38039216 0.78823529 0.52549020
v 0.01570313 -0.09476748 -0.00448661 0.38039216 0.78823529 0.52549020
v 0.01575884 -0.09485444 -0.00566741 0.38039216 0.78823529 0.52549020
v 0.01559968 -0.09479911 -0.00448661 0.38039216 0.78823529 0.52549020
v 0.01470842 -0.09491769 -0.00448661 0.38039216 0.78823529 0.52549020
v 0.01470842 -0.09514695 -0.00706889 0.38039216 0.78823529 0.52549020
v 0.01470842 -0.09638021 -0.02108087 0.38039216 0.78823529 0.52549020
v 0.01543257 -0.09483073 -0.00448661 0.38039216 0.78823529 0.52549020
v 0.01446173 -0.09617466 -0.01860176 0.38039216 0.78823529 0.52549020
v 0.01329991 -0.09613514 -0.01771043 0.38039216 0.78823529 0.52549020
v -0.01331862 -0.09667271 -0.02388384 0.38039216 0.78823529 0.52549020
v -0.01424967 -0.09617466 -0.01860750 0.38039216 0.78823529 0.52549020
v -0.01471917 -0.09669642 -0.02528532 0.38039216 0.78823529 0.52549020
v -0.01583325 -0.09630906 -0.02388384 0.38039216 0.78823529 0.52549020
v -0.01559452 -0.09481492 -0.00566741 0.38039216 0.78823529 0.52549020
v -0.01594466 -0.09455404 -0.00448661 0.38039216 0.78823529 0.52549020
v -0.01963703 -0.07943872 -0.03302072 0.38039216 0.78823529 0.52549020
v -0.01963703 -0.08361283 -0.03161350 0.38039216 0.78823529 0.52549020
v -0.01896859 -0.08414249 -0.03185998 0.38039216 0.78823529 0.52549020
v -0.01899246 -0.07995258 -0.03328439 0.38039216 0.78823529 0.52549020
v 0.01329991 -0.09497303 -0.00448661 0.38039216 0.78823529 0.52549020
v 0.01329991 -0.09520229 -0.00706889 0.38039216 0.78823529 0.52549020
v -0.01191806 -0.09613514 -0.01771043 0.38039216 0.78823529 0.52549020
v -0.01331862 -0.09613514 -0.01771616 0.38039216 0.78823529 0.52549020
v -0.01331862 -0.09520229 -0.00706889 0.38039216 0.78823529 0.52549020
v -0.01331862 -0.09497303 -0.00448661 0.38039216 0.78823529 0.52549020
v -0.01471917 -0.09498093 -0.00566741 0.38039216 0.78823529 0.52549020
v -0.01478283 -0.09487026 -0.00448661 0.38039216 0.78823529 0.52549020
v -0.01518868 -0.09611142 -0.01936126 0.38039216 0.78823529 0.52549020
v -0.01544332 -0.09615095 -0.02029558 0.38039216 0.78823529 0.52549020
v -0.01569001 -0.09624581 -0.02248236 0.38039216 0.78823529 0.52549020
v -0.01548311 -0.09476748 -0.00466144 0.38039216 0.78823529 0.52549020
v -0.01545128 -0.09475958 -0.00448661 0.38039216 0.78823529 0.52549020
f 4803 4804 4809
f 4803 4809 4818
f 4803 4818 4830
f 4803 4830 4827
f 4803 4827 4815
f 4803 4815 4810
f 4803 4810 4805
f 4803 4805 4806
f 4803 4806 4807
f 4803 4807 4808
f 4803 4808 4804
f 4804 4808 4816
f 4804 4816 4825
f 4804 4825 4826
f 4804 4826 4837
f 4804 4837 4836
f 4804 4836 4855
f 4804 4855 4874
f 4804 4874 4904
f 4804 4904 4903
f 4804 4903 4931
f 4804 4931 4968
f 4804 4968 4967
f 4804 4967 5003
f 4804 5003 4966
f 4804 4966 5005
f 4804 5005 5039
f 4804 5039 5032
f 4804 5032 4991
f 4804 4991 4954
f 4804 4954 4921
f 4804 4921 4897
f 4804 4897 4896
f 4804 4896 4866
f 4804 4866 4848
f 4804 4848 4829
f 4804 4829 4817
f 4804 4817 4809
f 4805 4810 4806
f 4806 4811 4812
f 4806 4812 4813
f 4806 4813 4814
f 4806 4814 4807
f 4806 4810 4815
f 4806 4815 4811
f 4807 4814 4808
f 4808 4814 4816
f 4809 4817 4818
f 4811 4815 4812
f 4812 4819 4820
f 4812 4820 4821
f 4812 4821 4813
f 4812 4815 4822
f 4812 4822 4823
f 4812 4823 4824
f 4812 4824 4819
f 4813 4821 4814
f 4814 4825 4816
f 4814 4821 4826
f 4814 4826 4825
f 4815 4827 4846
f 4815 4846 4863
f 4815 4863 4890
f 4815 4890 4917
f 4815 4917 4952
f 4815 4952 4990
f 4815 4990 5031
f 4815 5031 5056
f 4815 5056 5073
f 4815 5073 5068
f 4815 5068 5066
f 4815 5066 5061
f 4815 5061 5045
f 4815 5045 5048
f 4815 5048 5044
f 4815 5044 5042
f 4815 5042 5041
f 4815 5041 5016
f 4815 5016 4976
f 4815 4976 4942
f 4815 4942 4912
f 4815 4912 4878
f 4815 4878 4856
f 4815 4856 4839
f 4815 4839 4824
f 4815 4824 4823
f 4815 4823 4822
f 4817 4828 4818
f 4817 4829 4828
f 4818 4828 4830
f 4819 4831 4832
f 4819 4832 4820
f 4819 4824 4833
f 4819 4833 4834
f 4819 4834 4835
f 4819 4835 4831
f 4820 4832 4821
f 4821 4832 4836
f 4821 4836 4837
f 4821 4837 4838
f 4821 4838 4826
f 4824 4839 4840
f 4824 4840 4841
f 4824 4841 4833
f 4826 4838 4837
f 4827 4830 4842
f 4827 4842 4843
f 4827 4843 4844
f 4827 4844 4845
f 4827 4845 4846
f 4828 4829 4850
f 4828 4850 4847
f 4828 4847 4830
f 4829 4848 4849
f 4829 4849 4850
f 4830 4847 4851
f 4830 4851 4845
f 4830 4845 4843
f 4830 4843 4842
f 4831 4852 4836
f 4831 4836 4832
f 4831 4835 4852
f 4833 4841 4853
f 4833 4853 4834
f 4834 4853 4835
f 4835 4853 4854
f 4835 4854 4855
f 4835 4855 4852
f 4836 4852 4855
f 4839 4856 4857
f 4839 4857 4840
f 4840 4857 4858
f 4840 4858 4859
f 4840 4859 4853
f 4840 4853 4841
f 4843 4845 4844
f 4845 4851 4860
f 4845 4860 4846
f 4846 4861 4862
f 4846 4862 4863
f 4846 4860 4864
f 4846 4864 4865
f 4846 4865 4861
f 4847 4850 4860
f 4847 4860 4851
f 4848 4866 4849
f 4849 4867 4865
f 4849 4865 4868
f 4849 4868 4850
f 4849 4866 4869
f 4849 4869 4867
f 4850 4868 4860
f 4853 4859 4870
f 4853 4870 4854
f 4854 4871 4872
f 4854 4872 4873
f 4854 4873 4874
f 4854 4874 4855
f 4854 4870 4875
f 4854 4875 4876
f 4854 4876 4871
f 4856 4877 4857
f 4856 4878 4877
f 4857 4879 4880
f 4857 4880 4881
f 4857 4881 4858
f 4857 4877 4882
f 4857 4882 4883
f 4857 4883 4879
f 4858 4881 4870
f 4858 4870 4859
f 4860 4868 4865
f 4860 4865 4864
f 4861 4884 4885
f 4861 4885 4886
f 4861 4886 4862
f 4861 4865 4884
f 4862 4886 4914
f 4862 4914 4887
f 4862 4887 4888
f 4862 4888 4889
f 4862 4889 4863
f 4863 4889 4891
f 4863 4891 4890
f 4865 4867 4892
f 4865 4892 4893
f 4865 4893 4894
f 4865 4894 4895
f 4865 4895 4884
f 4866 4896 4869
f 4867 4869 4898
f 4867 4898 4892
f 4869 4896 4897
f 4869 4897 4898
f 4870 4881 4880
f 4870 4880 4879
f 4870 4879 4899
f 4870 4899 4875
f 4871 4876 4872
f 4872 4876 4900
f 4872 4900 4901
f 4872 4901 4902
f 4872 4902 4903
f 4872 4903 4904
f 4872 4904 4874
f 4872 4874 4873
f 4875 4899 4905
f 4875 4905 4906
f 4875 4906 4907
f 4875 4907 4908
f 4875 4908 4876
f 4876 4908 4909
f 4876 4909 4910
f 4876 4910 4900
f 4877 4905 4899
f 4877 4899 4882
f 4877 4878 4911
f 4877 4911 4905
f 4878 4912 4911
f 4879 4883 4899
f 4882 4899 4883
f 4884 4895 4894
f 4884 4894 4913
f 4884 4913 4885
f 4885 4913 4886
f 4886 4913 4914
f 4887 4914 4915
f 4887 4915 4888
f 4888 4915 4889
f 4889 4915 4891
f 4890 4891 4916
f 4890 4916 4917
f 4891 4915 4944
f 4891 4944 4916
f 4892 4918 4893
f 4892 4898 4920
f 4892 4920 4918
f 4893 4918 4894
f 4894 4919 4915
f 4894 4915 4914
f 4894 4914 4913
f 4894 4918 4920
f 4894 4920 4921
f 4894 4921 4919
f 4897 4921 4920
f 4897 4920 4898
f 4900 4910 4909
f 4900 4909 4922
f 4900 4922 4923
f 4900 4923 4924
f 4900 4924 4925
f 4900 4925 4926
f 4900 4926 4927
f 4900 4927 4902
f 4900 4902 4901
f 4902 4927 4928
f 4902 4928 4929
f 4902 4929 4903
f 4903 4929 4930
f 4903 4930 4931
f 4905 4911 4906
f 4906 4912 4932
f 4906 4932 4907
f 4906 4911 4912
f 4907 4932 4933
f 4907 4933 4934
f 4907 4934 4935
f 4907 4935 4936
f 4907 4936 4937
f 4907 4937 4908
f 4908 4937 4938
f 4908 4938 4909
f 4909 4938 4939
f 4909 4939 4940
f 4909 4940 4941
f 4909 4941 4922
f 4912 4942 4932
f 4915 4943 4944
f 4915 4919 4945
f 4915 4945 4946
f 4915 4946 4943
f 4916 4944 4947
f 4916 4947 4917
f 4917 4947 4943
f 4917 4943 4948
f 4917 4948 4949
f 4917 4949 4950
f 4917 4950 4951
f 4917 4951 4952
f 4919 4953 4945
f 4919 4921 4953
f 4921 4954 4953
f 4922 4941 4955
f 4922 4955 4956
f 4922 4956 4923
f 4923 4956 4957
f 4923 4957 4958
f 4923 4958 4924
f 4924 4958 4997
f 4924 4997 4959
f 4924 4959 4960
f 4924 4960 4925
f 4925 4960 4962
f 4925 4962 4926
f 4926 4961 4927
f 4926 4962 4999
f 4926 4999 4961
f 4927 4961 4963
f 4927 4963 4928
f 4928 4964 4929
f 4928 4963 4965
f 4928 4965 4966
f 4928 4966 4964
f 4929 4964 4930
f 4930 4964 4967
f 4930 4967 4968
f 4930 4968 4931
f 4932 4942 4933
f 4933 4942 4934
f 4934 4942 4935
f 4935 4942 4936
f 4936 4942 4969
f 4936 4969 4937
f 4937 4969 4970
f 4937 4970 4971
f 4937 4971 4938
f 4938 4971 4939
f 4939 4971 4972
f 4939 4972 4940
f 4940 4972 4973
f 4940 4973 4974
f 4940 4974 4975
f 4940 4975 4941
f 4941 4975 4955
f 4942 4976 4969
f 4943 4977 4978
f 4943 4978 4979
f 4943 4979 4949
f 4943 4949 4948
f 4943 4947 4944
f 4943 4946 4977
f 4945 4953 4946
f 4946 4980 4981
f 4946 4981 4982
f 4946 4982 4983
f 4946 4983 4984
f 4946 4984 4977
f 4946 4953 4980
f 4949 4979 4985
f 4949 4985 4950
f 4950 4985 4951
f 4951 4985 4952
f 4952 4985 4986
f 4952 4986 4987
f 4952 4987 4988
f 4952 4988 4989
f 4952 4989 4990
f 4953 4954 4991
f 4953 4991 4992
f 4953 4992 4993
f 4953 4993 4981
f 4953 4981 4980
f 4955 4975 4956
f 4956 4975 4994
f 4956 4994 4995
f 4956 4995 4957
f 4957 4995 4996
f 4957 4996 4958
f 4958 4996 4997
f 4959 4997 4996
f 4959 4996 4998
f 4959 4998 4981
f 4959 4981 4960
f 4960 4981 4962
f 4961 4999 5001
f 4961 5001 4963
f 4962 4981 5000
f 4962 5000 4999
f 4963 5001 5002
f 4963 5002 4965
f 4964 4966 5003
f 4964 5003 4967
f 4965 5002 5004
f 4965 5004 4966
f 4966 5004 5005
f 4969 5006 4970
f 4969 4976 5006
f 4970 5006 5007
f 4970 5007 5008
f 4970 5008 5009
f 4970 5009 4971
f 4971 5009 5010
f 4971 5010 4972
f 4972 5010 5011
f 4972 5011 5012
f 4972 5012 5013
f 4972 5013 4973
f 4973 5013 5051
f 4973 5051 5014
f 4973 5014 5015
f 4973 5015 4974
f 4974 4994 4975
f 4974 5015 5034
f 4974 5034 4994
f 4976 5016 5008
f 4976 5008 5007
f 4976 5007 5006
f 4977 4984 5017
f 4977 5017 4978
f 4978 4986 4985
f 4978 4985 4979
f 4978 5017 4989
f 4978 4989 4986
f 4981 4993 5000
f 4981 4998 5018
f 4981 5018 5019
f 4981 5019 5020
f 4981 5020 4983
f 4981 4983 4982
f 4983 5021 4984
f 4983 5020 5019
f 4983 5019 5022
f 4983 5022 5021
f 4984 5021 5023
f 4984 5023 5017
f 4986 4989 4987
f 4987 4989 4988
f 4989 5017 5024
f 4989 5024 4990
f 4990 5024 5025
f 4990 5025 5026
f 4990 5026 5027
f 4990 5027 5028
f 4990 5028 5029
f 4990 5029 5030
f 4990 5030 5031
f 4991 5032 5033
f 4991 5033 4992
f 4992 5033 4993
f 4993 5033 5000
f 4994 5034 5035
f 4994 5035 4995
f 4995 5035 4996
f 4996 5035 5018
f 4996 5018 4998
f 4999 5000 5001
f 5000 5036 5004
f 5000 5004 5002
f 5000 5002 5001
f 5000 5033 5037
f 5000 5037 5036
f 5004 5036 5038
f 5004 5038 5005
f 5005 5038 5039
f 5008 5040 5009
f 5008 5016 5041
f 5008 5041 5042
f 5008 5042 5043
f 5008 5043 5010
f 5008 5010 5040
f 5009 5040 5010
f 5010 5043 5042
f 5010 5042 5044
f 5010 5044 5011
f 5011 5045 5046
f 5011 5046 5047
f 5011 5047 5012
f 5011 5044 5048
f 5011 5048 5045
f 5012 5047 5049
f 5012 5049 5013
f 5013 5049 5050
f 5013 5050 5063
f 5013 5063 5051
f 5014 5051 5052
f 5014 5052 5053
f 5014 5053 5022
f 5014 5022 5015
f 5015 5022 5019
f 5015 5019 5034
f 5017 5029 5027
f 5017 5027 5026
f 5017 5026 5025
f 5017 5025 5024
f 5017 5023 5054
f 5017 5054 5055
f 5017 5055 5029
f 5018 5035 5034
f 5018 5034 5019
f 5021 5022 5053
f 5021 5053 5023
f 5023 5053 5054
f 5027 5029 5028
f 5029 5055 5031
f 5029 5031 5030
f 5031 5055 5056
f 5032 5057 5058
f 5032 5058 5033
f 5032 5039 5057
f 5033 5058 5059
f 5033 5059 5037
f 5036 5037 5059
f 5036 5059 5038
f 5038 5059 5060
f 5038 5060 5039
f 5039 5060 5057
f 5045 5061 5062
f 5045 5062 5046
f 5046 5049 5047
f 5046 5062 5049
f 5049 5062 5050
f 5050 5062 5065
f 5050 5065 5063
f 5051 5063 5064
f 5051 5064 5052
f 5052 5064 5065
f 5052 5065 5066
f 5052 5066 5067
f 5052 5067 5068
f 5052 5068 5053
f 5053 5068 5069
f 5053 5069 5070
f 5053 5070 5071
f 5053 5071 5054
f 5054 5071 5055
f 5055 5071 5070
f 5055 5070 5072
f 5055 5072 5056
f 5056 5072 5073
f 5057 5060 5058
f 5058 5060 5059
f 5061 5066 5065
f 5061 5065 5062
f 5063 5065 5064
f 5066 5068 5067
f 5068 5073 5069
f 5069 5073 5070
f 5070 5073 5072

o geometry_4
v 0.00011800 0.03144352 -0.01547780 0.56470588 0.92549020 0.07058824
v 0.00011800 0.03144352 -0.01267483 0.56470588 0.92549020 0.07058824
v 0.00011800 0.04066469 -0.03376588 0.56470588 0.92549020 0.07058824
v 0.02613956 -0.01603662 -0.03376588 0.56470588 0.92549020 0.07058824
v 0.02612723 -0.01603662 -0.02006343 0.56470588 0.92549020 0.07058824
v 0.00011800 0.03148516 -0.01185515 0.56470588 0.92549020 0.07058824
v 0.02612723 -0.01603662 -0.01967939 0.56470588 0.92549020 0.07058824
v 0.00011800 0.04472796 -0.03376588 0.56470588 0.92549020 0.07058824
v 0.04084758 -0.01603662 -0.03376588 0.56470588 0.92549020 0.07058824
v 0.00011800 0.03151490 -0.01127335 0.56470588 0.92549020 0.07058824
v 0.02758201 -0.01603662 -0.00448661 0.56470588 0.92549020 0.07058824
v 0.00011800 0.04473391 -0.03229274 0.56470588 0.92549020 0.07058824
v 0.00069745 0.04473391 -0.03376588 0.56470588 0.92549020 0.07058824
v 0.04091744 -0.01556069 -0.03376588 0.56470588 0.92549020 0.07058824
v 0.04084758 -0.01603662 -0.02248236 0.56470588 0.92549020 0.07058824
v 0.00011800 0.03321636 -0.00448661 0.56470588 0.92549020 0.07058824
v 0.03313809 -0.01603662 -0.00448661 0.56470588 0.92549020 0.07058824
v 0.00011800 0.04473391 -0.02668681 0.56470588 0.92549020 0.07058824
v 0.00069745 0.04473986 -0.02668681 0.56470588 0.92549020 0.07058824
v 0.00209880 0.04462087 -0.03376588 0.56470588 0.92549020 0.07058824
v 0.04091744 -0.01556069 -0.02248236 0.56470588 0.92549020 0.07058824
v 0.04109826 -0.01409125 -0.03376588 0.56470588 0.92549020 0.07058824
v 0.04109826 -0.01415669 -0.02948978 0.56470588 0.92549020 0.07058824
v 0.04110236 -0.01415669 -0.02668681 0.56470588 0.92549020 0.07058824
v 0.04082292 -0.01603662 -0.02210404 0.56470588 0.92549020 0.07058824
v 0.00011800 0.03683344 -0.00448661 0.56470588 0.92549020 0.07058824
v 0.04074073 -0.01603662 -0.02154517 0.56470588 0.92549020 0.07058824
v 0.03333535 -0.01563208 -0.00448661 0.56470588 0.92549020 0.07058824
v 0.00011800 0.04468631 -0.02330490 0.56470588 0.92549020 0.07058824
v 0.00011800 0.04467442 -0.02248236 0.56470588 0.92549020 0.07058824
v 0.00069745 0.04467442 -0.02248236 0.56470588 0.92549020 0.07058824
v 0.00209880 0.04457328 -0.02248236 0.56470588 0.92549020 0.07058824
v 0.00209880 0.04462087 -0.02668681 0.56470588 0.92549020 0.07058824
v 0.00350015 0.04440076 -0.03376588 0.56470588 0.92549020 0.07058824
v 0.04110236 -0.01415669 -0.02388384 0.56470588 0.92549020 0.07058824
v 0.04109415 -0.01415669 -0.02248236 0.56470588 0.92549020 0.07058824
v 0.04125442 -0.01275864 -0.03376588 0.56470588 0.92549020 0.07058824
v 0.04126675 -0.01275864 -0.02808829 0.56470588 0.92549020 0.07058824
v 0.00069745 0.03683344 -0.00448661 0.56470588 0.92549020 0.07058824
v 0.00011800 0.04299676 -0.01554372 0.56470588 0.92549020 0.07058824
v 0.04124620 -0.01275864 -0.02248236 0.56470588 0.92549020 0.07058824
v 0.04077772 -0.01556069 -0.02148785 0.56470588 0.92549020 0.07058824
v 0.03659832 -0.00434655 -0.00448661 0.56470588 0.92549020 0.07058824
v 0.03647093 -0.00514968 -0.00448661 0.56470588 0.92549020 0.07058824
v 0.03399699 -0.01415669 -0.00448661 0.56470588 0.92549020 0.07058824
v 0.03366001 -0.01493008 -0.00448661 0.56470588 0.92549020 0.07058824
v 0.00011800 0.04459113 -0.02108087 0.56470588 0.92549020 0.07058824
v 0.00069745 0.04459113 -0.02108087 0.56470588 0.92549020 0.07058824
v 0.00209880 0.04448999 -0.02108087 0.56470588 0.92549020 0.07058824
v 0.00350015 0.04427583 -0.02108087 0.56470588 0.92549020 0.07058824
v 0.00350015 0.04435316 -0.02248236 0.56470588 0.92549020 0.07058824
v 0.00350015 0.04440076 -0.02668681 0.56470588 0.92549020 0.07058824
v 0.00355768 0.04438886 -0.03376588 0.56470588 0.92549020 0.07058824
v 0.04126675 -0.01275864 -0.02388384 0.56470588 0.92549020 0.07058824
v 0.04126264 -0.01268725 -0.03376588 0.56470588 0.92549020 0.07058824
v 0.04141058 -0.01128325 -0.03376588 0.56470588 0.92549020 0.07058824
v 0.00209880 0.03676205 -0.00448661 0.56470588 0.92549020 0.07058824
v 0.00069745 0.04299676 -0.01554372 0.56470588 0.92549020 0.07058824
v 0.00011800 0.04368686 -0.01687928 0.56470588 0.92549020 0.07058824
v 0.04140236 -0.01135464 -0.02388384 0.56470588 0.92549020 0.07058824
v 0.04152565 -0.00995659 -0.02388384 0.56470588 0.92549020 0.07058824
v 0.04135305 -0.01135464 -0.02248236 0.56470588 0.92549020 0.07058824
v 0.04085991 -0.01415669 -0.02142193 0.56470588 0.92549020 0.07058824
v 0.03672572 -0.00294850 -0.00448661 0.56470588 0.92549020 0.07058824
v 0.03661887 -0.00412643 -0.00448661 0.56470588 0.92549020 0.07058824
v 0.00011800 0.04443645 -0.01967939 0.56470588 0.92549020 0.07058824
v 0.00069745 0.04443645 -0.01967939 0.56470588 0.92549020 0.07058824
v 0.00209880 0.04433532 -0.01967939 0.56470588 0.92549020 0.07058824
v 0.00353303 0.04411520 -0.01969372 0.56470588 0.92549020 0.07058824
v 0.00429740 0.04402596 -0.02017234 0.56470588 0.92549020 0.07058824
v 0.00445356 0.04406761 -0.02108087 0.56470588 0.92549020 0.07058824
v 0.00459739 0.04410925 -0.02248236 0.56470588 0.92549020 0.07058824
v 0.00467137 0.04412710 -0.02668681 0.56470588 0.92549020 0.07058824
v 0.00467137 0.04412710 -0.03376588 0.56470588 0.92549020 0.07058824
v 0.04152565 -0.00995659 -0.03376588 0.56470588 0.92549020 0.07058824
v 0.00350015 0.03665497 -0.00448661 0.56470588 0.92549020 0.07058824
v 0.00209880 0.04294917 -0.01561537 0.56470588 0.92549020 0.07058824
v 0.00069745 0.04368686 -0.01687928 0.56470588 0.92549020 0.07058824
v 0.00011800 0.04398432 -0.01761872 0.56470588 0.92549020 0.07058824
v 0.04162839 -0.00855259 -0.02388384 0.56470588 0.92549020 0.07058824
v 0.04171469 -0.00714859 -0.02388384 0.56470588 0.92549020 0.07058824
v 0.04179277 -0.00575055 -0.02388384 0.56470588 0.92549020 0.07058824
v 0.04187085 -0.00434655 -0.02388384 0.56470588 0.92549020 0.07058824
v 0.04142291 -0.00995659 -0.02248236 0.56470588 0.92549020 0.07058824
v 0.03680380 -0.00154450 -0.00448661 0.56470588 0.92549020 0.07058824
v 0.00011800 0.04416279 -0.01832089 0.56470588 0.92549020 0.07058824
v 0.00069745 0.04416279 -0.01831803 0.56470588 0.92549020 0.07058824
v 0.00209880 0.04412114 -0.01848999 0.56470588 0.92549020 0.07058824
v 0.00308920 0.04404976 -0.01875653 0.56470588 0.92549020 0.07058824
v 0.00402617 0.04396052 -0.01923802 0.56470588 0.92549020 0.07058824
v 0.00481931 0.04381179 -0.01969372 0.56470588 0.92549020 0.07058824
v 0.00515218 0.04386533 -0.02108087 0.56470588 0.92549020 0.07058824
v 0.00529601 0.04390698 -0.02248236 0.56470588 0.92549020 0.07058824
v 0.00536999 0.04393077 -0.02668681 0.56470588 0.92549020 0.07058824
v 0.00533711 0.04394267 -0.03376588 0.56470588 0.92549020 0.07058824
v 0.04162839 -0.00855259 -0.03376588 0.56470588 0.92549020 0.07058824
v 0.00371795 0.03663117 -0.00448661 0.56470588 0.92549020 0.07058824
v 0.00350015 0.04284803 -0.01576440 0.56470588 0.92549020 0.07058824
v 0.00209880 0.04359762 -0.01687928 0.56470588 0.92549020 0.07058824
v 0.00490150 0.03650029 -0.00448661 0.56470588 0.92549020 0.07058824
v 0.00069745 0.04398432 -0.01761872 0.56470588 0.92549020 0.07058824
v 0.00011800 0.04409140 -0.01803142 0.56470588 0.92549020 0.07058824
v 0.04179688 -0.00575055 -0.03229274 0.56470588 0.92549020 0.07058824
v 0.04179688 -0.00575055 -0.02808829 0.56470588 0.92549020 0.07058824
v 0.04187085 -0.00434655 -0.03229274 0.56470588 0.92549020 0.07058824
v 0.04192839 -0.00294850 -0.02388384 0.56470588 0.92549020 0.07058824
v 0.04145990 -0.00855259 -0.02248236 0.56470588 0.92549020 0.07058824
v 0.04196948 -0.00154450 -0.02388384 0.56470588 0.92549020 0.07058824
v 0.03684078 -0.00014050 -0.00448661 0.56470588 0.92549020 0.07058824
v 0.00209880 0.04394267 -0.01779068 0.56470588 0.92549020 0.07058824
v 0.00353303 0.04384749 -0.01828650 0.56470588 0.92549020 0.07058824
v 0.00490150 0.04352028 -0.01828077 0.56470588 0.92549020 0.07058824
v 0.00630285 0.04322877 -0.01967939 0.56470588 0.92549020 0.07058824
v 0.00630285 0.04337751 -0.02108087 0.56470588 0.92549020 0.07058824
v 0.00630285 0.04346674 -0.02248236 0.56470588 0.92549020 0.07058824
v 0.00630285 0.04348459 -0.02388384 0.56470588 0.92549020 0.07058824
v 0.00630285 0.04350244 -0.02668681 0.56470588 0.92549020 0.07058824
v 0.00537410 0.04393077 -0.03089126 0.56470588 0.92549020 0.07058824
v 0.00537410 0.04393077 -0.03376588 0.56470588 0.92549020 0.07058824
v 0.04171469 -0.00708315 -0.03376588 0.56470588 0.92549020 0.07058824
v 0.00490150 0.04269335 -0.01601661 0.56470588 0.92549020 0.07058824
v 0.00350015 0.04338940 -0.01687928 0.56470588 0.92549020 0.07058824
v 0.00512341 0.03646460 -0.00448661 0.56470588 0.92549020 0.07058824
v 0.00630285 0.03627422 -0.00448661 0.56470588 0.92549020 0.07058824
v 0.00652476 0.03623258 -0.00448661 0.56470588 0.92549020 0.07058824
v 0.00770420 0.03600651 -0.00448661 0.56470588 0.92549020 0.07058824
v 0.04179277 -0.00575055 -0.03376588 0.56470588 0.92549020 0.07058824
v 0.04179688 -0.00567916 -0.03376588 0.56470588 0.92549020 0.07058824
v 0.04186674 -0.00434655 -0.03369423 0.56470588 0.92549020 0.07058824
v 0.04192839 -0.00287711 -0.03376588 0.56470588 0.92549020 0.07058824
v 0.04204345 0.00165614 -0.03376588 0.56470588 0.92549020 0.07058824
v 0.04203934 0.00170968 -0.02452010 0.56470588 0.92549020 0.07058824
v 0.04199003 -0.00014050 -0.02388384 0.56470588 0.92549020 0.07058824
v 0.04196537 0.00266155 -0.02374627 0.56470588 0.92549020 0.07058824
v 0.04194482 0.00405960 -0.02370041 0.56470588 0.92549020 0.07058824
v 0.03683668 0.00007962 -0.00448661 0.56470588 0.92549020 0.07058824
v 0.00490150 0.04306815 -0.01687928 0.56470588 0.92549020 0.07058824
v 0.00589601 0.04273499 -0.01687928 0.56470588 0.92549020 0.07058824
v 0.00639326 0.04292537 -0.01825211 0.56470588 0.92549020 0.07058824
v 0.00709188 0.04265766 -0.01869921 0.56470588 0.92549020 0.07058824
v 0.00719462 0.04273499 -0.01967939 0.56470588 0.92549020 0.07058824
v 0.00728914 0.04281234 -0.02108087 0.56470588 0.92549020 0.07058824
v 0.00734256 0.04285398 -0.02248236 0.56470588 0.92549020 0.07058824
v 0.00736311 0.04287183 -0.02388384 0.56470588 0.92549020 0.07058824
v 0.00736722 0.04287183 -0.02528532 0.56470588 0.92549020 0.07058824
v 0.00635627 0.04347269 -0.03376588 0.56470588 0.92549020 0.07058824
v 0.00630285 0.04350244 -0.03376588 0.56470588 0.92549020 0.07058824
v 0.00560423 0.04259816 -0.01617711 0.56470588 0.92549020 0.07058824
v 0.00894528 0.03572095 -0.00448661 0.56470588 0.92549020 0.07058824
v 0.00964801 0.03554843 -0.00448661 0.56470588 0.92549020 0.07058824
v 0.04186674 -0.00428111 -0.03376588 0.56470588 0.92549020 0.07058824
v 0.04205989 0.00266155 -0.03376588 0.56470588 0.92549020 0.07058824
v 0.04205989 0.00266155 -0.03369423 0.56470588 0.92549020 0.07058824
v 0.04204345 0.00266155 -0.02444845 0.56470588 0.92549020 0.07058824
v 0.04207222 0.00405960 -0.02528532 0.56470588 0.92549020 0.07058824
v 0.04208454 0.00546360 -0.02528532 0.56470588 0.92549020 0.07058824
v 0.04205167 0.00405960 -0.02440259 0.56470588 0.92549020 0.07058824
v 0.04205989 0.00546360 -0.02439972 0.56470588 0.92549020 0.07058824
v 0.04206400 0.00686164 -0.02443698 0.56470588 0.92549020 0.07058824
v 0.03680791 0.00125755 -0.00448661 0.56470588 0.92549020 0.07058824
v 0.01608354 0.03311523 -0.00448661 0.56470588 0.92549020 0.07058824
v 0.01667531 0.03282967 -0.00448661 0.56470588 0.92549020 0.07058824
v 0.00659463 0.04239589 -0.01687928 0.56470588 0.92549020 0.07058824
v 0.00692339 0.04255057 -0.01776488 0.56470588 0.92549020 0.07058824
v 0.02046019 0.03061658 -0.00448661 0.56470588 0.92549020 0.07058824
v 0.02121223 0.03012280 -0.00448661 0.56470588 0.92549020 0.07058824
v 0.02205469 0.02948625 -0.00448661 0.56470588 0.92549020 0.07058824
v 0.00799187 0.04224122 -0.02108087 0.56470588 0.92549020 0.07058824
v 0.02280673 0.02889728 -0.00448661 0.56470588 0.92549020 0.07058824
v 0.00804529 0.04225906 -0.02248236 0.56470588 0.92549020 0.07058824
v 0.00806584 0.04227096 -0.02388384 0.56470588 0.92549020 0.07058824
v 0.00806584 0.04228881 -0.02528532 0.56470588 0.92549020 0.07058824
v 0.00806584 0.04228881 -0.02948978 0.56470588 0.92549020 0.07058824
v 0.00736311 0.04287183 -0.03089126 0.56470588 0.92549020 0.07058824
v 0.00736311 0.04286587 -0.03376588 0.56470588 0.92549020 0.07058824
v 0.01050690 0.03528666 -0.00448661 0.56470588 0.92549020 0.07058824
v 0.01072882 0.03521527 -0.00448661 0.56470588 0.92549020 0.07058824
v 0.01190825 0.03483453 -0.00448661 0.56470588 0.92549020 0.07058824
v 0.01314933 0.03439429 -0.00448661 0.56470588 0.92549020 0.07058824
v 0.01374110 0.03416823 -0.00448661 0.56470588 0.92549020 0.07058824
v 0.01384795 0.03412658 -0.00448661 0.56470588 0.92549020 0.07058824
v 0.01471095 0.03375179 -0.00448661 0.56470588 0.92549020 0.07058824
v 0.04207222 0.00405960 -0.03376588 0.56470588 0.92549020 0.07058824
v 0.04208454 0.00546360 -0.03376588 0.56470588 0.92549020 0.07058824
v 0.04209276 0.00686164 -0.02528532 0.56470588 0.92549020 0.07058824
v 0.04205578 0.00768857 -0.02450863 0.56470588 0.92549020 0.07058824
v 0.03679969 0.00147767 -0.00448661 0.56470588 0.92549020 0.07058824
v 0.01751365 0.03238943 -0.00448661 0.56470588 0.92549020 0.07058824
v 0.01770680 0.03228235 -0.00448661 0.56470588 0.92549020 0.07058824
v 0.01872597 0.03170528 -0.00448661 0.56470588 0.92549020 0.07058824
v 0.02350946 0.02832616 -0.00448661 0.56470588 0.92549020 0.07058824
v 0.02363686 0.02821908 -0.00448661 0.56470588 0.92549020 0.07058824
v 0.02434370 0.02762416 -0.00448661 0.56470588 0.92549020 0.07058824
v 0.02493136 0.02711849 -0.00448661 0.56470588 0.92549020 0.07058824
v 0.02504232 0.02701735 -0.00566741 0.56470588 0.92549020 0.07058824
v 0.00802885 0.04231261 -0.03376588 0.56470588 0.92549020 0.07058824
v 0.04209276 0.00686164 -0.03376588 0.56470588 0.92549020 0.07058824
v 0.04209276 0.00693303 -0.03376588 0.56470588 0.92549020 0.07058824
v 0.04208865 0.00826564 -0.02808829 0.56470588 0.92549020 0.07058824
v 0.04208043 0.00826564 -0.02668681 0.56470588 0.92549020 0.07058824
v 0.04206400 0.00820020 -0.02539997 0.56470588 0.92549020 0.07058824
v 0.03648736 0.00495792 -0.00448661 0.56470588 0.92549020 0.07058824
v 0.03660243 0.00420833 -0.00448661 0.56470588 0.92549020 0.07058824
v 0.03662298 0.00405960 -0.00448661 0.56470588 0.92549020 0.07058824
v 0.03674215 0.00266155 -0.00448661 0.56470588 0.92549020 0.07058824
v 0.04204345 0.00897359 -0.02594164 0.56470588 0.92549020 0.07058824
v 0.04190784 0.00862259 -0.02500732 0.56470588 0.92549020 0.07058824
v 0.03408740 0.01386974 -0.00448661 0.56470588 0.92549020 0.07058824
v 0.02504232 0.02701735 -0.00448661 0.56470588 0.92549020 0.07058824
v 0.02515738 0.02691027 -0.00448661 0.56470588 0.92549020 0.07058824
v 0.02576970 0.02631535 -0.00847038 0.56470588 0.92549020 0.07058824
v 0.02503410 0.02701735 -0.00847038 0.56470588 0.92549020 0.07058824
v 0.00806173 0.04228286 -0.03376588 0.56470588 0.92549020 0.07058824
v 0.04208454 0.00830134 -0.03376588 0.56470588 0.92549020 0.07058824
v 0.04208865 0.00826564 -0.02948978 0.56470588 0.92549020 0.07058824
v 0.04205578 0.00900334 -0.02808829 0.56470588 0.92549020 0.07058824
v 0.04205167 0.00899144 -0.02668681 0.56470588 0.92549020 0.07058824
v 0.02782036 0.02414391 -0.00448661 0.56470588 0.92549020 0.07058824
v 0.02839158 0.02344191 -0.00448661 0.56470588 0.92549020 0.07058824
v 0.02898336 0.02268637 -0.00448661 0.56470588 0.92549020 0.07058824
v 0.02909432 0.02254359 -0.00448661 0.56470588 0.92549020 0.07058824
v 0.02962855 0.02184754 -0.00448661 0.56470588 0.92549020 0.07058824
v 0.03022033 0.02103251 -0.00448661 0.56470588 0.92549020 0.07058824
v 0.03040937 0.02077075 -0.00448661 0.56470588 0.92549020 0.07058824
v 0.03082854 0.02018178 -0.00448661 0.56470588 0.92549020 0.07058824
v 0.03125593 0.01947384 -0.00448661 0.56470588 0.92549020 0.07058824
v 0.03195044 0.01828995 -0.00448661 0.56470588 0.92549020 0.07058824
v 0.03234496 0.01758796 -0.00448661 0.56470588 0.92549020 0.07058824
v 0.03275591 0.01681457 -0.00448661 0.56470588 0.92549020 0.07058824
v 0.03282988 0.01666584 -0.00448661 0.56470588 0.92549020 0.07058824
v 0.03331891 0.01567828 -0.00448661 0.56470588 0.92549020 0.07058824
v 0.03340933 0.01548791 -0.00448661 0.56470588 0.92549020 0.07058824
v 0.03345864 0.01538082 -0.00448661 0.56470588 0.92549020 0.07058824
v 0.03372576 0.01478591 -0.00448661 0.56470588 0.92549020 0.07058824
v 0.03402986 0.01401847 -0.00448661 0.56470588 0.92549020 0.07058824
v 0.02575327 0.02632130 -0.00448661 0.56470588 0.92549020 0.07058824
v 0.02647243 0.02561930 -0.00847038 0.56470588 0.92549020 0.07058824
v 0.04205578 0.00899739 -0.03376588 0.56470588 0.92549020 0.07058824
v 0.00809872 0.04224717 -0.03376588 0.56470588 0.92549020 0.07058824
v 0.02646832 0.02561930 -0.00706889 0.56470588 0.92549020 0.07058824
v 0.02711763 0.02490540 -0.00448661 0.56470588 0.92549020 0.07058824
v 0.02634504 0.02572044 -0.00448661 0.56470588 0.92549020 0.07058824
v 0.02645599 0.02560741 -0.00448661 0.56470588 0.92549020 0.07058824
f 5074 5075 5079
f 5074 5079 5083
f 5074 5083 5089
f 5074 5089 5099
f 5074 5099 5113
f 5074 5113 5132
f 5074 5132 5152
f 5074 5152 5175
f 5074 5175 5159
f 5074 5159 5139
f 5074 5139 5120
f 5074 5120 5103
f 5074 5103 5102
f 5074 5102 5091
f 5074 5091 5085
f 5074 5085 5081
f 5074 5081 5076
f 5074 5076 5077
f 5074 5077 5078
f 5074 5078 5080
f 5074 5080 5075
f 5075 5080 5079
f 5076 5081 5086
f 5076 5086 5093
f 5076 5093 5107
f 5076 5107 5126
f 5076 5126 5147
f 5076 5147 5168
f 5076 5168 5192
f 5076 5192 5220
f 5076 5220 5219
f 5076 5219 5248
f 5076 5248 5269
f 5076 5269 5286
f 5076 5286 5312
f 5076 5312 5311
f 5076 5311 5287
f 5076 5287 5271
f 5076 5271 5270
f 5076 5270 5257
f 5076 5257 5256
f 5076 5256 5225
f 5076 5225 5204
f 5076 5204 5203
f 5076 5203 5224
f 5076 5224 5201
f 5076 5201 5200
f 5076 5200 5193
f 5076 5193 5169
f 5076 5169 5148
f 5076 5148 5129
f 5076 5129 5128
f 5076 5128 5110
f 5076 5110 5095
f 5076 5095 5087
f 5076 5087 5082
f 5076 5082 5077
f 5077 5082 5088
f 5077 5088 5098
f 5077 5098 5100
f 5077 5100 5090
f 5077 5090 5084
f 5077 5084 5080
f 5077 5080 5078
f 5079 5080 5083
f 5080 5084 5083
f 5081 5085 5086
f 5082 5087 5094
f 5082 5094 5088
f 5083 5084 5089
f 5084 5090 5101
f 5084 5101 5119
f 5084 5119 5118
f 5084 5118 5117
f 5084 5117 5116
f 5084 5116 5138
f 5084 5138 5137
f 5084 5137 5158
f 5084 5158 5182
f 5084 5182 5209
f 5084 5209 5233
f 5084 5233 5260
f 5084 5260 5278
f 5084 5278 5277
f 5084 5277 5276
f 5084 5276 5275
f 5084 5275 5281
f 5084 5281 5308
f 5084 5308 5307
f 5084 5307 5306
f 5084 5306 5305
f 5084 5305 5304
f 5084 5304 5303
f 5084 5303 5302
f 5084 5302 5301
f 5084 5301 5300
f 5084 5300 5299
f 5084 5299 5298
f 5084 5298 5297
f 5084 5297 5296
f 5084 5296 5295
f 5084 5295 5294
f 5084 5294 5293
f 5084 5293 5292
f 5084 5292 5291
f 5084 5291 5314
f 5084 5314 5316
f 5084 5316 5315
f 5084 5315 5309
f 5084 5309 5283
f 5084 5283 5282
f 5084 5282 5267
f 5084 5267 5266
f 5084 5266 5265
f 5084 5265 5264
f 5084 5264 5242
f 5084 5242 5240
f 5084 5240 5239
f 5084 5239 5238
f 5084 5238 5263
f 5084 5263 5262
f 5084 5262 5261
f 5084 5261 5235
f 5084 5235 5234
f 5084 5234 5255
f 5084 5255 5254
f 5084 5254 5253
f 5084 5253 5252
f 5084 5252 5251
f 5084 5251 5250
f 5084 5250 5249
f 5084 5249 5223
f 5084 5223 5222
f 5084 5222 5199
f 5084 5199 5198
f 5084 5198 5197
f 5084 5197 5196
f 5084 5196 5173
f 5084 5173 5170
f 5084 5170 5149
f 5084 5149 5130
f 5084 5130 5112
f 5084 5112 5099
f 5084 5099 5089
f 5085 5091 5092
f 5085 5092 5086
f 5086 5092 5093
f 5087 5095 5096
f 5087 5096 5097
f 5087 5097 5108
f 5087 5108 5094
f 5088 5094 5098
f 5090 5100 5101
f 5091 5102 5092
f 5092 5102 5103
f 5092 5103 5104
f 5092 5104 5105
f 5092 5105 5106
f 5092 5106 5093
f 5093 5106 5125
f 5093 5125 5107
f 5094 5108 5109
f 5094 5109 5098
f 5095 5110 5111
f 5095 5111 5096
f 5096 5111 5097
f 5097 5111 5127
f 5097 5127 5108
f 5098 5109 5100
f 5099 5112 5131
f 5099 5131 5113
f 5100 5109 5114
f 5100 5114 5115
f 5100 5115 5116
f 5100 5116 5117
f 5100 5117 5118
f 5100 5118 5119
f 5100 5119 5101
f 5103 5120 5121
f 5103 5121 5104
f 5104 5121 5122
f 5104 5122 5105
f 5105 5122 5123
f 5105 5123 5124
f 5105 5124 5125
f 5105 5125 5106
f 5107 5125 5126
f 5108 5127 5109
f 5109 5127 5114
f 5110 5128 5111
f 5111 5128 5129
f 5111 5129 5127
f 5112 5130 5131
f 5113 5131 5151
f 5113 5151 5132
f 5114 5127 5133
f 5114 5133 5134
f 5114 5134 5135
f 5114 5135 5115
f 5115 5135 5136
f 5115 5136 5137
f 5115 5137 5138
f 5115 5138 5116
f 5120 5139 5140
f 5120 5140 5121
f 5121 5140 5141
f 5121 5141 5122
f 5122 5141 5123
f 5123 5141 5142
f 5123 5142 5143
f 5123 5143 5144
f 5123 5144 5124
f 5124 5144 5145
f 5124 5145 5125
f 5125 5145 5146
f 5125 5146 5126
f 5126 5146 5147
f 5127 5129 5133
f 5129 5148 5134
f 5129 5134 5133
f 5130 5149 5150
f 5130 5150 5131
f 5131 5150 5151
f 5132 5151 5174
f 5132 5174 5152
f 5134 5148 5169
f 5134 5169 5153
f 5134 5153 5135
f 5135 5153 5154
f 5135 5154 5155
f 5135 5155 5156
f 5135 5156 5157
f 5135 5157 5158
f 5135 5158 5137
f 5135 5137 5136
f 5139 5159 5160
f 5139 5160 5140
f 5140 5160 5161
f 5140 5161 5141
f 5141 5161 5162
f 5141 5162 5142
f 5142 5162 5163
f 5142 5163 5143
f 5143 5163 5164
f 5143 5164 5165
f 5143 5165 5144
f 5144 5165 5166
f 5144 5166 5145
f 5145 5166 5167
f 5145 5167 5146
f 5146 5167 5168
f 5146 5168 5147
f 5149 5170 5150
f 5150 5171 5172
f 5150 5172 5151
f 5150 5170 5173
f 5150 5173 5171
f 5151 5172 5174
f 5152 5174 5175
f 5153 5169 5154
f 5154 5169 5176
f 5154 5176 5177
f 5154 5177 5155
f 5155 5177 5156
f 5156 5177 5176
f 5156 5176 5178
f 5156 5178 5179
f 5156 5179 5157
f 5157 5180 5182
f 5157 5182 5158
f 5157 5179 5181
f 5157 5181 5180
f 5159 5175 5160
f 5160 5175 5174
f 5160 5174 5183
f 5160 5183 5161
f 5161 5183 5162
f 5162 5183 5184
f 5162 5184 5163
f 5163 5184 5185
f 5163 5185 5164
f 5164 5185 5186
f 5164 5186 5165
f 5165 5186 5187
f 5165 5187 5166
f 5166 5187 5188
f 5166 5188 5167
f 5167 5188 5189
f 5167 5189 5190
f 5167 5190 5191
f 5167 5191 5168
f 5168 5191 5192
f 5169 5193 5176
f 5171 5194 5195
f 5171 5195 5172
f 5171 5173 5196
f 5171 5196 5197
f 5171 5197 5198
f 5171 5198 5199
f 5171 5199 5194
f 5172 5195 5183
f 5172 5183 5174
f 5176 5200 5201
f 5176 5201 5178
f 5176 5193 5200
f 5178 5201 5202
f 5178 5202 5203
f 5178 5203 5179
f 5179 5203 5181
f 5180 5181 5182
f 5181 5203 5204
f 5181 5204 5205
f 5181 5205 5206
f 5181 5206 5182
f 5182 5206 5207
f 5182 5207 5208
f 5182 5208 5209
f 5183 5195 5184
f 5184 5195 5210
f 5184 5210 5185
f 5185 5210 5211
f 5185 5211 5212
f 5185 5212 5186
f 5186 5212 5213
f 5186 5213 5214
f 5186 5214 5187
f 5187 5214 5215
f 5187 5215 5188
f 5188 5215 5216
f 5188 5216 5217
f 5188 5217 5189
f 5189 5217 5190
f 5190 5217 5218
f 5190 5218 5219
f 5190 5219 5220
f 5190 5220 5192
f 5190 5192 5191
f 5194 5221 5210
f 5194 5210 5195
f 5194 5199 5222
f 5194 5222 5223
f 5194 5223 5221
f 5201 5224 5202
f 5202 5224 5203
f 5204 5225 5226
f 5204 5226 5205
f 5205 5227 5206
f 5205 5226 5228
f 5205 5228 5229
f 5205 5229 5230
f 5205 5230 5227
f 5206 5227 5230
f 5206 5230 5231
f 5206 5231 5232
f 5206 5232 5207
f 5207 5232 5208
f 5208 5232 5233
f 5208 5233 5209
f 5210 5221 5211
f 5211 5221 5234
f 5211 5234 5235
f 5211 5235 5236
f 5211 5236 5237
f 5211 5237 5212
f 5212 5237 5213
f 5213 5237 5238
f 5213 5238 5239
f 5213 5239 5214
f 5214 5239 5240
f 5214 5240 5215
f 5215 5241 5216
f 5215 5240 5242
f 5215 5242 5264
f 5215 5264 5241
f 5216 5241 5243
f 5216 5243 5217
f 5217 5243 5244
f 5217 5244 5245
f 5217 5245 5218
f 5218 5245 5246
f 5218 5246 5247
f 5218 5247 5219
f 5219 5247 5248
f 5221 5223 5249
f 5221 5249 5250
f 5221 5250 5251
f 5221 5251 5252
f 5221 5252 5253
f 5221 5253 5254
f 5221 5254 5255
f 5221 5255 5234
f 5225 5256 5228
f 5225 5228 5226
f 5228 5256 5257
f 5228 5257 5229
f 5229 5231 5230
f 5229 5257 5270
f 5229 5270 5258
f 5229 5258 5231
f 5231 5258 5232
f 5232 5258 5259
f 5232 5259 5233
f 5233 5259 5260
f 5235 5261 5237
f 5235 5237 5236
f 5237 5261 5262
f 5237 5262 5263
f 5237 5263 5238
f 5241 5264 5265
f 5241 5265 5266
f 5241 5266 5243
f 5243 5266 5267
f 5243 5267 5244
f 5244 5267 5245
f 5245 5267 5246
f 5246 5267 5268
f 5246 5268 5269
f 5246 5269 5247
f 5247 5269 5248
f 5258 5270 5271
f 5258 5271 5272
f 5258 5272 5273
f 5258 5273 5274
f 5258 5274 5259
f 5259 5275 5276
f 5259 5276 5277
f 5259 5277 5278
f 5259 5278 5260
f 5259 5274 5279
f 5259 5279 5280
f 5259 5280 5281
f 5259 5281 5275
f 5267 5282 5268
f 5268 5282 5283
f 5268 5283 5284
f 5268 5284 5285
f 5268 5285 5269
f 5269 5285 5286
f 5271 5287 5288
f 5271 5288 5272
f 5272 5288 5289
f 5272 5289 5290
f 5272 5290 5273
f 5273 5290 5279
f 5273 5279 5274
f 5279 5290 5291
f 5279 5291 5292
f 5279 5292 5293
f 5279 5293 5294
f 5279 5294 5295
f 5279 5295 5296
f 5279 5296 5297
f 5279 5297 5298
f 5279 5298 5299
f 5279 5299 5300
f 5279 5300 5301
f 5279 5301 5302
f 5279 5302 5303
f 5279 5303 5304
f 5279 5304 5305
f 5279 5305 5306
f 5279 5306 5307
f 5279 5307 5308
f 5279 5308 5281
f 5279 5281 5280
f 5283 5309 5284
f 5284 5309 5310
f 5284 5310 5311
f 5284 5311 5312
f 5284 5312 5286
f 5284 5286 5285
f 5287 5311 5288
f 5288 5311 5289
f 5289 5311 5310
f 5289 5310 5313
f 5289 5313 5314
f 5289 5314 5290
f 5290 5314 5291
f 5309 5315 5313
f 5309 5313 5310
f 5313 5315 5316
f 5313 5316 5314

o geometry_5
v -0.04169994 0.00686113 -0.02528532 0.08627451 0.01960784 0.83137255
v -0.04142162 0.00686113 -0.02388384 0.08627451 0.01960784 0.83137255
v -0.04158124 0.00826510 -0.02528532 0.08627451 0.01960784 0.83137255
v -0.04167539 0.00826510 -0.02668681 0.08627451 0.01960784 0.83137255
v -0.04167948 0.00826510 -0.02808829 0.08627451 0.01960784 0.83137255
v -0.04167948 0.00826510 -0.03376588 0.08627451 0.01960784 0.83137255
v -0.04169585 0.00686113 -0.03376588 0.08627451 0.01960784 0.83137255
v -0.04169585 0.00679569 -0.03376588 0.08627451 0.01960784 0.83137255
v -0.04168767 0.00539173 -0.03376588 0.08627451 0.01960784 0.83137255
v -0.04168767 0.00546312 -0.02528532 0.08627451 0.01960784 0.83137255
v -0.04157306 -0.00014086 -0.02388384 0.08627451 0.01960784 0.83137255
v -0.04157306 0.00125716 -0.02388384 0.08627451 0.01960784 0.83137255
v -0.04156896 0.00266113 -0.02388384 0.08627451 0.01960784 0.83137255
v -0.04156078 0.00405915 -0.02388384 0.08627451 0.01960784 0.83137255
v -0.04152395 0.00546312 -0.02388384 0.08627451 0.01960784 0.83137255
v -0.03675563 0.00266113 -0.00448661 0.08627451 0.01960784 0.83137255
v -0.03665739 0.00383904 -0.00448661 0.08627451 0.01960784 0.83137255
v -0.03663693 0.00405915 -0.00448661 0.08627451 0.01960784 0.83137255
v -0.03652233 0.00480872 -0.00448661 0.08627451 0.01960784 0.83137255
v -0.03649777 0.00495745 -0.00448661 0.08627451 0.01960784 0.83137255
v -0.03410338 0.01386907 -0.00448661 0.08627451 0.01960784 0.83137255
v -0.03379641 0.01464244 -0.00448661 0.08627451 0.01960784 0.83137255
v -0.03373910 0.01478522 -0.00448661 0.08627451 0.01960784 0.83137255
v -0.03368999 0.01489825 -0.00448661 0.08627451 0.01960784 0.83137255
v -0.03342394 0.01548721 -0.00448661 0.08627451 0.01960784 0.83137255
v -0.03293688 0.01648069 -0.00448661 0.08627451 0.01960784 0.83137255
v -0.03284274 0.01667106 -0.00448661 0.08627451 0.01960784 0.83137255
v -0.04105325 0.00932403 -0.02528532 0.08627451 0.01960784 0.83137255
v -0.04114739 0.00944300 -0.02668681 0.08627451 0.01960784 0.83137255
v -0.04115148 0.00945490 -0.02808829 0.08627451 0.01960784 0.83137255
v -0.04118014 0.00939541 -0.03376588 0.08627451 0.01960784 0.83137255
v -0.04166720 0.00405915 -0.02528532 0.08627451 0.01960784 0.83137255
v -0.04163855 0.00258974 -0.03376588 0.08627451 0.01960784 0.83137255
v -0.03684567 -0.00014086 -0.00448661 0.08627451 0.01960784 0.83137255
v -0.04155259 -0.00154482 -0.02388384 0.08627451 0.01960784 0.83137255
v -0.03682521 0.00125716 -0.00448661 0.08627451 0.01960784 0.83137255
v -0.03676791 0.00244102 -0.00448661 0.08627451 0.01960784 0.83137255
v -0.03235977 0.01758720 -0.00448661 0.08627451 0.01960784 0.83137255
v -0.03196275 0.01828919 -0.00448661 0.08627451 0.01960784 0.83137255
v -0.03132425 0.01936596 -0.00448661 0.08627451 0.01960784 0.83137255
v -0.03119327 0.01958608 -0.00448661 0.08627451 0.01960784 0.83137255
v -0.03083718 0.02016908 -0.00448661 0.08627451 0.01960784 0.83137255
v -0.03068984 0.02038324 -0.00448661 0.08627451 0.01960784 0.83137255
v -0.03042379 0.02075803 -0.00448661 0.08627451 0.01960784 0.83137255
v -0.02964204 0.02184670 -0.00448661 0.08627451 0.01960784 0.83137255
v -0.02956018 0.02195378 -0.00448661 0.08627451 0.01960784 0.83137255
v -0.02910586 0.02254273 -0.00448661 0.08627451 0.01960784 0.83137255
v -0.02851647 0.02330421 -0.00448661 0.08627451 0.01960784 0.83137255
v -0.02831591 0.02355407 -0.00448661 0.08627451 0.01960784 0.83137255
v -0.02783294 0.02414302 -0.00448661 0.08627451 0.01960784 0.83137255
v -0.04115148 0.00945490 -0.03376588 0.08627451 0.01960784 0.83137255
v -0.04151576 -0.00301423 -0.03376588 0.08627451 0.01960784 0.83137255
v -0.04111874 -0.00714879 -0.02248236 0.08627451 0.01960784 0.83137255
v -0.04109418 -0.00855276 -0.02248236 0.08627451 0.01960784 0.83137255
v -0.03684158 -0.00036692 -0.00448661 0.08627451 0.01960784 0.83137255
v -0.04151576 -0.00294879 -0.02388384 0.08627451 0.01960784 0.83137255
v -0.02724355 0.02478551 -0.00448661 0.08627451 0.01960784 0.83137255
v -0.02713304 0.02491044 -0.00566741 0.08627451 0.01960784 0.83137255
v -0.02712895 0.02491639 -0.00706889 0.08627451 0.01960784 0.83137255
v -0.02783294 0.02414302 -0.00847038 0.08627451 0.01960784 0.83137255
v -0.02712895 0.02491639 -0.00847038 0.08627451 0.01960784 0.83137255
v -0.02648226 0.02561837 -0.00847038 0.08627451 0.01960784 0.83137255
v -0.00807615 0.04228156 -0.03376588 0.08627451 0.01960784 0.83137255
v -0.04147073 -0.00434681 -0.03376588 0.08627451 0.01960784 0.83137255
v -0.04147073 -0.00434681 -0.03369423 0.08627451 0.01960784 0.83137255
v -0.04105325 -0.00995078 -0.02248236 0.08627451 0.01960784 0.83137255
v -0.04078721 -0.01135475 -0.02160249 0.08627451 0.01960784 0.83137255
v -0.03680065 -0.00154482 -0.00448661 0.08627451 0.01960784 0.83137255
v -0.04146664 -0.00434681 -0.02388384 0.08627451 0.01960784 0.83137255
v -0.02713304 0.02490449 -0.00448661 0.08627451 0.01960784 0.83137255
v -0.02647816 0.02561837 -0.00706889 0.08627451 0.01960784 0.83137255
v -0.02578236 0.02630846 -0.00847038 0.08627451 0.01960784 0.83137255
v -0.02504562 0.02700449 -0.00847038 0.08627451 0.01960784 0.83137255
v -0.02434163 0.02764699 -0.00847038 0.08627451 0.01960784 0.83137255
v -0.00808024 0.04228751 -0.03229274 0.08627451 0.01960784 0.83137255
v -0.00741309 0.04284077 -0.03376588 0.08627451 0.01960784 0.83137255
v -0.04140934 -0.00575078 -0.03376588 0.08627451 0.01960784 0.83137255
v -0.04140934 -0.00575078 -0.02388384 0.08627451 0.01960784 0.83137255
v -0.04133158 -0.00714879 -0.02388384 0.08627451 0.01960784 0.83137255
v -0.04096730 -0.01135475 -0.02248236 0.08627451 0.01960784 0.83137255
v -0.04068898 -0.01384143 -0.02170853 0.08627451 0.01960784 0.83137255
v -0.04073809 -0.01275871 -0.02164261 0.08627451 0.01960784 0.83137255
v -0.03672288 -0.00294879 -0.00448661 0.08627451 0.01960784 0.83137255
v -0.02702662 0.02501752 -0.00448661 0.08627451 0.01960784 0.83137255
v -0.02587650 0.02619543 -0.00448661 0.08627451 0.01960784 0.83137255
v -0.02647407 0.02561243 -0.00566741 0.08627451 0.01960784 0.83137255
v -0.02504972 0.02700449 -0.00448661 0.08627451 0.01960784 0.83137255
v -0.02504972 0.02700449 -0.00566741 0.08627451 0.01960784 0.83137255
v -0.02434573 0.02764104 -0.00566741 0.08627451 0.01960784 0.83137255
v -0.00808433 0.04228751 -0.02528532 0.08627451 0.01960784 0.83137255
v -0.00808433 0.04228751 -0.02668681 0.08627451 0.01960784 0.83137255
v -0.00738034 0.04287646 -0.03089126 0.08627451 0.01960784 0.83137255
v -0.00737625 0.04287051 -0.03376588 0.08627451 0.01960784 0.83137255
v -0.04133158 -0.00714879 -0.03376588 0.08627451 0.01960784 0.83137255
v -0.04132748 -0.00722018 -0.03376588 0.08627451 0.01960784 0.83137255
v -0.04123334 -0.00862415 -0.03376588 0.08627451 0.01960784 0.83137255
v -0.04123743 -0.00855276 -0.02808829 0.08627451 0.01960784 0.83137255
v -0.04123334 -0.00855276 -0.02388384 0.08627451 0.01960784 0.83137255
v -0.04113511 -0.00995078 -0.02388384 0.08627451 0.01960784 0.83137255
v -0.04084860 -0.01275871 -0.02248236 0.08627451 0.01960784 0.83137255
v -0.04071353 -0.01403180 -0.02248236 0.08627451 0.01960784 0.83137255
v -0.04063167 -0.01473379 -0.02248236 0.08627451 0.01960784 0.83137255
v -0.04051707 -0.01556070 -0.02248236 0.08627451 0.01960784 0.83137255
v -0.04044340 -0.01603662 -0.02248236 0.08627451 0.01960784 0.83137255
v -0.03647730 -0.00513208 -0.00448661 0.08627451 0.01960784 0.83137255
v -0.03657963 -0.00447768 -0.00448661 0.08627451 0.01960784 0.83137255
v -0.03659600 -0.00434681 -0.00448661 0.08627451 0.01960784 0.83137255
v -0.02646589 0.02560647 -0.00448661 0.08627451 0.01960784 0.83137255
v -0.02434982 0.02763509 -0.00448661 0.08627451 0.01960784 0.83137255
v -0.00807206 0.04226966 -0.02388384 0.08627451 0.01960784 0.83137255
v -0.00737216 0.04286456 -0.02388384 0.08627451 0.01960784 0.83137255
v -0.00738444 0.04287646 -0.02528532 0.08627451 0.01960784 0.83137255
v -0.00631617 0.04351301 -0.03089126 0.08627451 0.01960784 0.83137255
v -0.00732304 0.04290621 -0.03376588 0.08627451 0.01960784 0.83137255
v -0.04113511 -0.00995078 -0.03376588 0.08627451 0.01960784 0.83137255
v -0.04101232 -0.01135475 -0.02388384 0.08627451 0.01960784 0.83137255
v -0.04086498 -0.01275871 -0.02388384 0.08627451 0.01960784 0.83137255
v -0.04071763 -0.01403180 -0.02388384 0.08627451 0.01960784 0.83137255
v -0.04063577 -0.01473974 -0.02948978 0.08627451 0.01960784 0.83137255
v -0.04051298 -0.01556070 -0.02948978 0.08627451 0.01960784 0.83137255
v -0.04044340 -0.01603662 -0.02435960 0.08627451 0.01960784 0.83137255
v -0.03313744 -0.01603662 -0.00448661 0.08627451 0.01960784 0.83137255
v -0.03323976 -0.01582840 -0.00448661 0.08627451 0.01960784 0.83137255
v -0.03334208 -0.01561424 -0.00448661 0.08627451 0.01960784 0.83137255
v -0.03339529 -0.01550121 -0.00448661 0.08627451 0.01960784 0.83137255
v -0.03366543 -0.01491226 -0.00448661 0.08627451 0.01960784 0.83137255
v -0.03399696 -0.01415673 -0.00448661 0.08627451 0.01960784 0.83137255
v -0.02421884 0.02774812 -0.00448661 0.08627451 0.01960784 0.83137255
v -0.00804340 0.04224587 -0.02248236 0.08627451 0.01960784 0.83137255
v -0.00733941 0.04284077 -0.02248236 0.08627451 0.01960784 0.83137255
v -0.00631617 0.04344757 -0.02248236 0.08627451 0.01960784 0.83137255
v -0.00631617 0.04347731 -0.02388384 0.08627451 0.01960784 0.83137255
v -0.00631617 0.04351301 -0.02668681 0.08627451 0.01960784 0.83137255
v -0.00631617 0.04350706 -0.03376588 0.08627451 0.01960784 0.83137255
v -0.00539116 0.04393539 -0.03376588 0.08627451 0.01960784 0.83137255
v -0.00627115 0.04353086 -0.03376588 0.08627451 0.01960784 0.83137255
v -0.04101232 -0.01135475 -0.03376588 0.08627451 0.01960784 0.83137255
v -0.04086498 -0.01275871 -0.03376588 0.08627451 0.01960784 0.83137255
v -0.04071763 -0.01402585 -0.03229274 0.08627451 0.01960784 0.83137255
v -0.04071763 -0.01400801 -0.03376588 0.08627451 0.01960784 0.83137255
v -0.04063167 -0.01472189 -0.03229274 0.08627451 0.01960784 0.83137255
v -0.04050889 -0.01556070 -0.03376588 0.08627451 0.01960784 0.83137255
v -0.04043930 -0.01603662 -0.03136702 0.08627451 0.01960784 0.83137255
v -0.02758327 -0.01603662 -0.00448661 0.08627451 0.01960784 0.83137255
v -0.02352304 0.02833707 -0.00448661 0.08627451 0.01960784 0.83137255
v -0.00799020 0.04222207 -0.02108087 0.08627451 0.01960784 0.83137255
v -0.00729030 0.04279913 -0.02108087 0.08627451 0.01960784 0.83137255
v -0.00631617 0.04336428 -0.02108087 0.08627451 0.01960784 0.83137255
v -0.00529293 0.04389970 -0.02248236 0.08627451 0.01960784 0.83137255
v -0.00539116 0.04393539 -0.02668681 0.08627451 0.01960784 0.83137255
v -0.00472809 0.04411981 -0.03376588 0.08627451 0.01960784 0.83137255
v -0.04062349 -0.01475163 -0.03376588 0.08627451 0.01960784 0.83137255
v -0.04043521 -0.01603662 -0.03376588 0.08627451 0.01960784 0.83137255
v -0.02612617 -0.01603662 -0.01967939 0.08627451 0.01960784 0.83137255
v 0.00011389 0.03151385 -0.01127335 0.08627451 0.01960784 0.83137255
v 0.00011389 0.03321526 -0.00448661 0.08627451 0.01960784 0.83137255
v -0.02267988 0.02899741 -0.00448661 0.08627451 0.01960784 0.83137255
v -0.00720025 0.04272774 -0.01967939 0.08627451 0.01960784 0.83137255
v -0.00631617 0.04322151 -0.01967939 0.08627451 0.01960784 0.83137255
v -0.00514967 0.04385805 -0.02108087 0.08627451 0.01960784 0.83137255
v -0.00444977 0.04406627 -0.02108087 0.08627451 0.01960784 0.83137255
v -0.00459303 0.04410196 -0.02248236 0.08627451 0.01960784 0.83137255
v -0.00469126 0.04412576 -0.02668681 0.08627451 0.01960784 0.83137255
v -0.00463396 0.04414361 -0.03376588 0.08627451 0.01960784 0.83137255
v -0.02614254 -0.01603662 -0.03376588 0.08627451 0.01960784 0.83137255
v -0.02613845 -0.01603662 -0.03191156 0.08627451 0.01960784 0.83137255
v 0.00011389 0.03144246 -0.01547780 0.08627451 0.01960784 0.83137255
v 0.00011389 0.03144246 -0.01267483 0.08627451 0.01960784 0.83137255
v 0.00011389 0.03148410 -0.01185515 0.08627451 0.01960784 0.83137255
v 0.00011389 0.03683227 -0.00448661 0.08627451 0.01960784 0.83137255
v -0.02192678 0.02958637 -0.00448661 0.08627451 0.01960784 0.83137255
v -0.00710202 0.04265635 -0.01871927 0.08627451 0.01960784 0.83137255
v -0.02133739 0.03004444 -0.00448661 0.08627451 0.01960784 0.83137255
v -0.02122688 0.03012772 -0.00448661 0.08627451 0.01960784 0.83137255
v -0.00640212 0.04291811 -0.01826357 0.08627451 0.01960784 0.83137255
v -0.00491228 0.04351301 -0.01828077 0.08627451 0.01960784 0.83137255
v -0.00482633 0.04380451 -0.01970518 0.08627451 0.01960784 0.83137255
v -0.00430243 0.04402462 -0.02018954 0.08627451 0.01960784 0.83137255
v -0.00351248 0.04426853 -0.02108087 0.08627451 0.01960784 0.83137255
v -0.00351248 0.04435182 -0.02248236 0.08627451 0.01960784 0.83137255
v -0.00351248 0.04439346 -0.02668681 0.08627451 0.01960784 0.83137255
v -0.00351248 0.04439941 -0.03229274 0.08627451 0.01960784 0.83137255
v -0.00351248 0.04439941 -0.03376588 0.08627451 0.01960784 0.83137255
v 0.00011389 0.04066938 -0.03376588 0.08627451 0.01960784 0.83137255
v 0.00011389 0.04299544 -0.01554372 0.08627451 0.01960784 0.83137255
v -0.00070879 0.04299544 -0.01554372 0.08627451 0.01960784 0.83137255
v -0.00070879 0.03682632 -0.00448661 0.08627451 0.01960784 0.83137255
v -0.00692602 0.04254927 -0.01778495 0.08627451 0.01960784 0.83137255
v -0.02108362 0.03022291 -0.00448661 0.08627451 0.01960784 0.83137255
v -0.02033052 0.03071668 -0.00448661 0.08627451 0.01960784 0.83137255
v -0.00598873 0.04277533 -0.01711716 0.08627451 0.01960784 0.83137255
v -0.00354113 0.04384615 -0.01828937 0.08627451 0.01960784 0.83137255
v -0.00402820 0.04395918 -0.01925522 0.08627451 0.01960784 0.83137255
v -0.00505144 0.04297165 -0.01674172 0.08627451 0.01960784 0.83137255
v -0.00351248 0.04338808 -0.01687928 0.08627451 0.01960784 0.83137255
v -0.00354113 0.04411386 -0.01970518 0.08627451 0.01960784 0.83137255
v -0.00211268 0.04448865 -0.02108087 0.08627451 0.01960784 0.83137255
v -0.00211268 0.04457193 -0.02248236 0.08627451 0.01960784 0.83137255
v -0.00211268 0.04461357 -0.02668681 0.08627451 0.01960784 0.83137255
v -0.00211268 0.04461357 -0.03376588 0.08627451 0.01960784 0.83137255
v 0.00011389 0.04473256 -0.03376588 0.08627451 0.01960784 0.83137255
v 0.00011389 0.04368553 -0.01687928 0.08627451 0.01960784 0.83137255
v -0.00070879 0.04368553 -0.01687928 0.08627451 0.01960784 0.83137255
v -0.00211268 0.04294785 -0.01561824 0.08627451 0.01960784 0.83137255
v -0.00329146 0.03668354 -0.00448661 0.08627451 0.01960784 0.83137255
v -0.00211268 0.03675493 -0.00448661 0.08627451 0.01960784 0.83137255
v -0.00189166 0.03676682 -0.00448661 0.08627451 0.01960784 0.83137255
v -0.02019136 0.03080591 -0.00448661 0.08627451 0.01960784 0.83137255
v -0.01944234 0.03126994 -0.00448661 0.08627451 0.01960784 0.83137255
v -0.01874244 0.03169232 -0.00448661 0.08627451 0.01960784 0.83137255
v -0.01751046 0.03240025 -0.00448661 0.08627451 0.01960784 0.83137255
v -0.01691698 0.03273934 -0.00448661 0.08627451 0.01960784 0.83137255
v -0.01683102 0.03278694 -0.00448661 0.08627451 0.01960784 0.83137255
v -0.00560808 0.04259091 -0.01618284 0.08627451 0.01960784 0.83137255
v -0.00211268 0.04394134 -0.01779928 0.08627451 0.01960784 0.83137255
v -0.00309500 0.04404842 -0.01876226 0.08627451 0.01960784 0.83137255
v -0.00467489 0.04272179 -0.01596789 0.08627451 0.01960784 0.83137255
v -0.00211268 0.04359034 -0.01687928 0.08627451 0.01960784 0.83137255
v -0.00351248 0.04284672 -0.01576727 0.08627451 0.01960784 0.83137255
v -0.00211268 0.04433397 -0.01967939 0.08627451 0.01960784 0.83137255
v -0.00070879 0.04458978 -0.02108087 0.08627451 0.01960784 0.83137255
v -0.00070879 0.04467306 -0.02248236 0.08627451 0.01960784 0.83137255
v -0.00070879 0.04473256 -0.02668681 0.08627451 0.01960784 0.83137255
v -0.00204310 0.04461953 -0.03376588 0.08627451 0.01960784 0.83137255
v -0.00070879 0.04472661 -0.03376588 0.08627451 0.01960784 0.83137255
v -0.00070879 0.04473256 -0.03089126 0.08627451 0.01960784 0.83137255
v 0.00011389 0.04473851 -0.02668681 0.08627451 0.01960784 0.83137255
v 0.00011389 0.04386400 -0.01731205 0.08627451 0.01960784 0.83137255
v -0.00070879 0.04398893 -0.01762158 0.08627451 0.01960784 0.83137255
v -0.00491228 0.03651102 -0.00448661 0.08627451 0.01960784 0.83137255
v -0.00351248 0.03666569 -0.00448661 0.08627451 0.01960784 0.83137255
v -0.01386362 0.03411951 -0.00448661 0.08627451 0.01960784 0.83137255
v -0.01316372 0.03440507 -0.00448661 0.08627451 0.01960784 0.83137255
v -0.01192355 0.03483934 -0.00448661 0.08627451 0.01960784 0.83137255
v -0.01051965 0.03528552 -0.00448661 0.08627451 0.01960784 0.83137255
v -0.01038459 0.03532716 -0.00448661 0.08627451 0.01960784 0.83137255
v -0.00966832 0.03554728 -0.00448661 0.08627451 0.01960784 0.83137255
v -0.00896842 0.03573170 -0.00448661 0.08627451 0.01960784 0.83137255
v -0.00211268 0.04411981 -0.01849859 0.08627451 0.01960784 0.83137255
v -0.00876786 0.03577929 -0.00448661 0.08627451 0.01960784 0.83137255
v -0.00771597 0.03601725 -0.00448661 0.08627451 0.01960784 0.83137255
v -0.00749495 0.03605890 -0.00448661 0.08627451 0.01960784 0.83137255
v -0.00631617 0.03627901 -0.00448661 0.08627451 0.01960784 0.83137255
v -0.00070879 0.04443511 -0.01967939 0.08627451 0.01960784 0.83137255
v 0.00011389 0.04453029 -0.02050194 0.08627451 0.01960784 0.83137255
v 0.00011389 0.04458978 -0.02108087 0.08627451 0.01960784 0.83137255
v 0.00011389 0.04464332 -0.02190342 0.08627451 0.01960784 0.83137255
v 0.00011389 0.04467306 -0.02248236 0.08627451 0.01960784 0.83137255
v 0.00011389 0.04398893 -0.01761872 0.08627451 0.01960784 0.83137255
v 0.00011389 0.04416740 -0.01832089 0.08627451 0.01960784 0.83137255
v -0.00070879 0.04416145 -0.01832089 0.08627451 0.01960784 0.83137255
v 0.00011389 0.04443511 -0.01967939 0.08627451 0.01960784 0.83137255
f 5317 5318 5319
f 5317 5319 5320
f 5317 5320 5321
f 5317 5321 5322
f 5317 5322 5323
f 5317 5323 5324
f 5317 5324 5325
f 5317 5325 5326
f 5317 5326 5327
f 5317 5327 5328
f 5317 5328 5329
f 5317 5329 5330
f 5317 5330 5331
f 5317 5331 5318
f 5318 5331 5332
f 5318 5332 5333
f 5318 5333 5334
f 5318 5334 5335
f 5318 5335 5319
f 5319 5335 5336
f 5319 5336 5337
f 5319 5337 5338
f 5319 5338 5339
f 5319 5339 5340
f 5319 5340 5341
f 5319 5341 5342
f 5319 5342 5343
f 5319 5343 5344
f 5319 5344 5345
f 5319 5345 5320
f 5320 5345 5346
f 5320 5346 5321
f 5321 5346 5347
f 5321 5347 5322
f 5322 5347 5367
f 5322 5367 5379
f 5322 5379 5392
f 5322 5392 5409
f 5322 5409 5430
f 5322 5430 5450
f 5322 5450 5452
f 5322 5452 5451
f 5322 5451 5467
f 5322 5467 5480
f 5322 5480 5499
f 5322 5499 5516
f 5322 5516 5540
f 5322 5540 5541
f 5322 5541 5517
f 5322 5517 5500
f 5322 5500 5481
f 5322 5481 5469
f 5322 5469 5458
f 5322 5458 5468
f 5322 5468 5456
f 5322 5456 5454
f 5322 5454 5453
f 5322 5453 5431
f 5322 5431 5412
f 5322 5412 5411
f 5322 5411 5410
f 5322 5410 5393
f 5322 5393 5380
f 5322 5380 5368
f 5322 5368 5349
f 5322 5349 5325
f 5322 5325 5324
f 5322 5324 5323
f 5325 5348 5326
f 5325 5349 5348
f 5326 5348 5351
f 5326 5351 5327
f 5327 5350 5328
f 5327 5351 5350
f 5328 5350 5329
f 5329 5350 5330
f 5330 5350 5352
f 5330 5352 5331
f 5331 5352 5353
f 5331 5353 5332
f 5332 5353 5352
f 5332 5352 5350
f 5332 5350 5371
f 5332 5371 5384
f 5332 5384 5399
f 5332 5399 5423
f 5332 5423 5422
f 5332 5422 5421
f 5332 5421 5443
f 5332 5443 5442
f 5332 5442 5441
f 5332 5441 5440
f 5332 5440 5439
f 5332 5439 5438
f 5332 5438 5460
f 5332 5460 5472
f 5332 5472 5486
f 5332 5486 5503
f 5332 5503 5523
f 5332 5523 5522
f 5332 5522 5521
f 5332 5521 5547
f 5332 5547 5546
f 5332 5546 5559
f 5332 5559 5558
f 5332 5558 5557
f 5332 5557 5556
f 5332 5556 5554
f 5332 5554 5553
f 5332 5553 5552
f 5332 5552 5551
f 5332 5551 5550
f 5332 5550 5549
f 5332 5549 5548
f 5332 5548 5529
f 5332 5529 5528
f 5332 5528 5527
f 5332 5527 5526
f 5332 5526 5525
f 5332 5525 5524
f 5332 5524 5506
f 5332 5506 5505
f 5332 5505 5490
f 5332 5490 5489
f 5332 5489 5487
f 5332 5487 5473
f 5332 5473 5461
f 5332 5461 5444
f 5332 5444 5425
f 5332 5425 5403
f 5332 5403 5401
f 5332 5401 5424
f 5332 5424 5400
f 5332 5400 5386
f 5332 5386 5373
f 5332 5373 5366
f 5332 5366 5365
f 5332 5365 5364
f 5332 5364 5363
f 5332 5363 5362
f 5332 5362 5361
f 5332 5361 5360
f 5332 5360 5359
f 5332 5359 5358
f 5332 5358 5357
f 5332 5357 5356
f 5332 5356 5355
f 5332 5355 5354
f 5332 5354 5343
f 5332 5343 5342
f 5332 5342 5341
f 5332 5341 5340
f 5332 5340 5339
f 5332 5339 5338
f 5332 5338 5337
f 5332 5337 5336
f 5332 5336 5335
f 5332 5335 5334
f 5332 5334 5333
f 5343 5354 5344
f 5344 5354 5355
f 5344 5355 5356
f 5344 5356 5357
f 5344 5357 5358
f 5344 5358 5359
f 5344 5359 5345
f 5345 5359 5360
f 5345 5360 5361
f 5345 5361 5362
f 5345 5362 5363
f 5345 5363 5364
f 5345 5364 5365
f 5345 5365 5366
f 5345 5366 5346
f 5346 5367 5347
f 5346 5366 5376
f 5346 5376 5367
f 5348 5349 5351
f 5349 5368 5351
f 5350 5351 5369
f 5350 5369 5370
f 5350 5370 5371
f 5351 5368 5372
f 5351 5372 5370
f 5351 5370 5369
f 5366 5373 5374
f 5366 5374 5375
f 5366 5375 5377
f 5366 5377 5376
f 5367 5376 5377
f 5367 5377 5378
f 5367 5378 5379
f 5368 5380 5381
f 5368 5381 5372
f 5370 5372 5382
f 5370 5382 5371
f 5371 5382 5383
f 5371 5383 5384
f 5372 5381 5385
f 5372 5385 5382
f 5373 5386 5374
f 5374 5386 5387
f 5374 5387 5378
f 5374 5378 5375
f 5375 5378 5377
f 5378 5387 5388
f 5378 5388 5379
f 5379 5388 5389
f 5379 5389 5390
f 5379 5390 5391
f 5379 5391 5392
f 5380 5393 5394
f 5380 5394 5381
f 5381 5394 5385
f 5382 5385 5394
f 5382 5394 5395
f 5382 5395 5396
f 5382 5396 5397
f 5382 5397 5398
f 5382 5398 5383
f 5383 5398 5384
f 5384 5398 5399
f 5386 5400 5387
f 5387 5401 5388
f 5387 5400 5402
f 5387 5402 5401
f 5388 5401 5403
f 5388 5403 5404
f 5388 5404 5389
f 5389 5404 5390
f 5390 5404 5403
f 5390 5403 5405
f 5390 5405 5406
f 5390 5406 5407
f 5390 5407 5391
f 5391 5407 5428
f 5391 5428 5408
f 5391 5408 5392
f 5392 5408 5409
f 5393 5410 5395
f 5393 5395 5394
f 5395 5410 5411
f 5395 5411 5412
f 5395 5412 5413
f 5395 5413 5414
f 5395 5414 5396
f 5396 5414 5415
f 5396 5415 5416
f 5396 5416 5397
f 5397 5416 5417
f 5397 5417 5418
f 5397 5418 5419
f 5397 5419 5420
f 5397 5420 5421
f 5397 5421 5422
f 5397 5422 5423
f 5397 5423 5399
f 5397 5399 5398
f 5400 5424 5402
f 5401 5402 5424
f 5403 5425 5405
f 5405 5425 5406
f 5406 5426 5427
f 5406 5427 5428
f 5406 5428 5407
f 5406 5425 5426
f 5408 5428 5429
f 5408 5429 5430
f 5408 5430 5409
f 5412 5431 5415
f 5412 5415 5413
f 5413 5415 5414
f 5415 5431 5453
f 5415 5453 5432
f 5415 5432 5416
f 5416 5433 5417
f 5416 5432 5433
f 5417 5434 5418
f 5417 5433 5434
f 5418 5434 5435
f 5418 5435 5419
f 5419 5436 5459
f 5419 5459 5437
f 5419 5437 5420
f 5419 5435 5436
f 5420 5437 5459
f 5420 5459 5469
f 5420 5469 5481
f 5420 5481 5482
f 5420 5482 5470
f 5420 5470 5460
f 5420 5460 5438
f 5420 5438 5439
f 5420 5439 5440
f 5420 5440 5441
f 5420 5441 5442
f 5420 5442 5443
f 5420 5443 5421
f 5425 5444 5426
f 5426 5445 5427
f 5426 5444 5445
f 5427 5445 5446
f 5427 5446 5447
f 5427 5447 5448
f 5427 5448 5428
f 5428 5448 5449
f 5428 5449 5429
f 5429 5450 5430
f 5429 5449 5466
f 5429 5466 5451
f 5429 5451 5452
f 5429 5452 5450
f 5432 5453 5454
f 5432 5454 5433
f 5433 5454 5435
f 5433 5435 5434
f 5435 5454 5455
f 5435 5455 5456
f 5435 5456 5457
f 5435 5457 5458
f 5435 5458 5436
f 5436 5458 5459
f 5444 5461 5445
f 5445 5461 5446
f 5446 5461 5462
f 5446 5462 5463
f 5446 5463 5447
f 5447 5464 5465
f 5447 5465 5448
f 5447 5463 5464
f 5448 5465 5466
f 5448 5466 5449
f 5451 5466 5467
f 5454 5456 5455
f 5456 5468 5457
f 5457 5468 5458
f 5458 5469 5459
f 5460 5470 5471
f 5460 5471 5472
f 5461 5473 5474
f 5461 5474 5463
f 5461 5463 5462
f 5463 5474 5464
f 5464 5475 5476
f 5464 5476 5465
f 5464 5474 5475
f 5465 5476 5477
f 5465 5477 5478
f 5465 5478 5466
f 5466 5478 5479
f 5466 5479 5467
f 5467 5479 5480
f 5470 5482 5483
f 5470 5483 5484
f 5470 5484 5485
f 5470 5485 5471
f 5471 5485 5484
f 5471 5484 5483
f 5471 5483 5500
f 5471 5500 5517
f 5471 5517 5543
f 5471 5543 5564
f 5471 5564 5563
f 5471 5563 5562
f 5471 5562 5561
f 5471 5561 5568
f 5471 5568 5566
f 5471 5566 5565
f 5471 5565 5544
f 5471 5544 5518
f 5471 5518 5501
f 5471 5501 5486
f 5471 5486 5472
f 5473 5487 5474
f 5474 5488 5475
f 5474 5487 5489
f 5474 5489 5490
f 5474 5490 5488
f 5475 5491 5492
f 5475 5492 5493
f 5475 5493 5476
f 5475 5488 5491
f 5476 5494 5477
f 5476 5493 5494
f 5477 5494 5495
f 5477 5495 5496
f 5477 5496 5478
f 5478 5496 5479
f 5479 5496 5497
f 5479 5497 5498
f 5479 5498 5480
f 5480 5498 5499
f 5481 5500 5483
f 5481 5483 5482
f 5486 5501 5502
f 5486 5502 5503
f 5488 5504 5491
f 5488 5490 5505
f 5488 5505 5506
f 5488 5506 5504
f 5491 5504 5507
f 5491 5507 5492
f 5492 5508 5509
f 5492 5509 5493
f 5492 5507 5510
f 5492 5510 5511
f 5492 5511 5508
f 5493 5509 5494
f 5494 5512 5495
f 5494 5509 5512
f 5495 5513 5514
f 5495 5514 5496
f 5495 5512 5513
f 5496 5514 5515
f 5496 5515 5497
f 5497 5515 5498
f 5498 5515 5516
f 5498 5516 5499
f 5501 5518 5519
f 5501 5519 5502
f 5502 5519 5520
f 5502 5520 5521
f 5502 5521 5522
f 5502 5522 5523
f 5502 5523 5503
f 5504 5506 5524
f 5504 5524 5525
f 5504 5525 5526
f 5504 5526 5527
f 5504 5527 5528
f 5504 5528 5529
f 5504 5529 5507
f 5507 5530 5510
f 5507 5529 5530
f 5508 5511 5531
f 5508 5531 5532
f 5508 5532 5509
f 5509 5532 5512
f 5510 5530 5533
f 5510 5533 5511
f 5511 5534 5531
f 5511 5533 5535
f 5511 5535 5534
f 5512 5532 5536
f 5512 5536 5513
f 5513 5537 5538
f 5513 5538 5514
f 5513 5536 5560
f 5513 5560 5537
f 5514 5538 5539
f 5514 5539 5515
f 5515 5539 5540
f 5515 5540 5516
f 5517 5541 5542
f 5517 5542 5543
f 5518 5544 5519
f 5519 5534 5520
f 5519 5544 5545
f 5519 5545 5534
f 5520 5534 5535
f 5520 5535 5546
f 5520 5546 5547
f 5520 5547 5521
f 5529 5548 5530
f 5530 5548 5549
f 5530 5549 5550
f 5530 5550 5551
f 5530 5551 5552
f 5530 5552 5553
f 5530 5553 5554
f 5530 5554 5533
f 5531 5545 5555
f 5531 5555 5532
f 5531 5534 5545
f 5532 5555 5536
f 5533 5554 5556
f 5533 5556 5557
f 5533 5557 5535
f 5535 5557 5558
f 5535 5558 5559
f 5535 5559 5546
f 5536 5555 5560
f 5537 5560 5561
f 5537 5561 5562
f 5537 5562 5563
f 5537 5563 5538
f 5538 5563 5564
f 5538 5564 5543
f 5538 5543 5539
f 5539 5543 5542
f 5539 5542 5540
f 5540 5542 5541
f 5544 5565 5545
f 5545 5565 5566
f 5545 5566 5567
f 5545 5567 5555
f 5555 5567 5560
f 5560 5568 5561
f 5560 5567 5566
f 5560 5566 5568

